open_time,open,high,low,close,volume,close_time,quote_volume,trades,date
1483228800000,1010.14,1013.34,1000.03,1005.96,22564669.11,1483315199999,22699167393.35,470187,2017-01-01
1483315200000,989.54,1027.72,978.79,1001.28,46962753.63,1483401599999,47022730935.69,233486,2017-01-02
1483401600000,1018.75,1027.19,1004.44,1013.7,20405950.33,1483487999999,20685518679.47,237950,2017-01-03
1483488000000,1029.96,1037.47,1005.78,1027.26,57297318.3,1483574399999,58859309069.45,84561,2017-01-04
1483574400000,1011.26,1020.87,989.99,1008.92,50578170.94,1483660799999,51029419688.61,218056,2017-01-05
1483660800000,1011.17,1039.33,991.36,1011.85,51410892.76,1483747199999,52020364808.62,354120,2017-01-06
1483747200000,1035.0,1046.38,1030.26,1036.93,61679261.94,1483833599999,63957202544.13,68861,2017-01-07
1483833600000,1031.93,1033.55,1027.61,1029.99,43377006.5,1483919999999,44677755116.75,154121,2017-01-08
1483920000000,1049.77,1069.66,995.51,1017.76,83528481.71,1484006399999,85012211635.13,462389,2017-01-09
1484006400000,1033.11,1033.57,1032.74,1033.15,50709940.75,1484092799999,52391160442.13,289082,2017-01-10
1484092800000,1014.94,1041.67,1004.14,1023.69,63570531.22,1484179199999,65076338676.04,293133,2017-01-11
1484179200000,1029.34,1076.05,994.47,1026.58,83883546.29,1484265599999,86113453750.8,163026,2017-01-12
1484265600000,1038.52,1039.42,1037.45,1038.3,31204809.58,1484351999999,32399958251.55,67671,2017-01-13
1484352000000,1025.64,1031.24,1004.95,1014.4,77371654.25,1484438399999,78485656991.4,227819,2017-01-14
1484438400000,1029.68,1039.53,997.06,1019.63,40926376.67,1484524799999,41729562720.2,402484,2017-01-15
1484524800000,1009.92,1054.96,997.55,1037.07,57706833.62,1484611199999,59846171084.02,346777,2017-01-16
1484611200000,1043.0,1055.93,1025.6,1034.33,30599874.37,1484697599999,31650456750.44,188247,2017-01-17
1484697600000,1051.66,1061.5,1047.53,1053.96,26077562.8,1484783999999,27484695476.9,238165,2017-01-18
1484784000000,1037.56,1045.27,1034.85,1041.47,17994422.82,1484870399999,18740615997.54,347773,2017-01-19
1484870400000,1037.93,1043.48,1035.07,1037.99,17725658.81,1484956799999,18399014659.11,425726,2017-01-20
1484956800000,1074.0,1092.45,1068.48,1077.45,20290831.57,1485043199999,21862273087.39,308277,2017-01-21
1485043200000,1060.91,1065.08,1055.8,1058.89,17891765.63,1485129599999,18945376819.29,404317,2017-01-22
1485129600000,1066.78,1067.54,1064.0,1065.57,43016879.08,1485215999999,45837437966.01,173857,2017-01-23
1485216000000,1049.94,1050.32,1048.86,1049.39,33750344.89,1485302399999,35417393236.5,297440,2017-01-24
1485302400000,1062.72,1066.36,1060.89,1063.59,27437757.56,1485388799999,29182648541.52,417787,2017-01-25
1485388800000,1080.31,1093.38,1068.71,1074.96,37338188.97,1485475199999,40136998224.37,441809,2017-01-26
1485475200000,1061.25,1107.97,1011.06,1061.6,40808033.9,1485561599999,43321909156.22,307398,2017-01-27
1485561600000,1080.25,1094.69,1074.28,1084.28,25752860.0,1485647999999,27923263630.73,170678,2017-01-28
1485648000000,1072.31,1102.82,1063.67,1074.55,45189641.41,1485734399999,48558606208.38,363723,2017-01-29
1485734400000,1062.72,1103.95,1039.94,1081.5,85336769.76,1485820799999,92291309906.9,453060,2017-01-30
1485820800000,1085.78,1098.52,1066.4,1080.38,70489303.98,1485907199999,76155073074.97,352891,2017-01-31
1485907200000,1112.11,1137.29,1101.64,1115.43,63887507.69,1485993599999,71262069473.71,212213,2017-02-01
1485993600000,1069.94,1106.15,1054.88,1093.94,84534111.76,1486079999999,92475283111.69,489775,2017-02-02
1486080000000,1086.75,1107.68,1061.51,1083.13,71523485.49,1486166399999,77469545410.02,180247,2017-02-03
1486166400000,1101.65,1153.32,1067.47,1110.86,70461316.59,1486252799999,78272488530.69,432758,2017-02-04
1486252800000,1084.34,1094.86,1067.64,1086.78,65298200.73,1486339199999,70964971333.29,300285,2017-02-05
1486339200000,1123.52,1134.75,1094.72,1108.65,26941307.04,1486425599999,29868590394.06,106679,2017-02-06
1486425600000,1093.23,1104.4,1066.14,1082.75,37467110.87,1486511999999,40567453943.31,354417,2017-02-07
1486512000000,1092.88,1135.74,1056.75,1094.05,42496971.94,1486598399999,46493605671.9,395861,2017-02-08
1486598400000,1098.7,1138.77,1078.06,1117.34,66557584.91,1486684799999,74367398075.69,386185,2017-02-09
1486684800000,1132.03,1136.07,1124.83,1127.55,36660029.79,1486771199999,41336060540.09,265337,2017-02-10
1486771200000,1129.34,1154.4,1106.29,1122.89,21865295.78,1486857599999,24552379583.4,86719,2017-02-11
1486857600000,1122.42,1145.8,1108.24,1121.97,63823219.83,1486943999999,71607750765.94,484386,2017-02-12
1486944000000,1105.71,1140.92,1063.33,1122.4,66974109.17,1487030399999,75171765233.22,275125,2017-02-13
1487030400000,1102.26,1161.46,1078.56,1109.37,74146207.73,1487116799999,82255833766.84,182009,2017-02-14
1487116800000,1132.4,1145.54,1095.0,1122.57,71905628.01,1487203199999,80719210758.16,354362,2017-02-15
1487203200000,1129.16,1134.89,1125.9,1129.02,30579270.89,1487289599999,34524565356.87,347825,2017-02-16
1487289600000,1150.64,1156.39,1149.11,1152.67,57131723.14,1487375999999,65854271265.26,195588,2017-02-17
1487376000000,1142.89,1157.48,1137.85,1145.88,70057317.45,1487462399999,80277420424.93,463278,2017-02-18
1487462400000,1129.19,1168.0,1098.55,1119.91,79514782.49,1487548799999,89049570447.1,400919,2017-02-19
1487548800000,1154.92,1165.47,1143.3,1151.52,75437836.3,1487635199999,86868157952.68,480934,2017-02-20
1487635200000,1130.4,1176.07,1115.09,1144.69,60842114.77,1487721599999,69645108749.87,220990,2017-02-21
1487721600000,1142.03,1166.62,1126.37,1143.58,30764883.94,1487807999999,35181975582.74,129603,2017-02-22
1487808000000,1176.65,1216.38,1133.75,1164.37,87009140.46,1487894399999,101310542512.71,498006,2017-02-23
1487894400000,1170.96,1195.42,1151.62,1173.16,70052454.25,1487980799999,82182771371.42,356986,2017-02-24
1487980800000,1176.35,1180.54,1170.58,1174.75,26467356.61,1488067199999,31092470172.85,310321,2017-02-25
1488067200000,1151.27,1184.01,1118.53,1152.98,70369476.3,1488153599999,81134358354.1,328627,2017-02-26
1488153600000,1162.39,1177.76,1153.34,1163.31,51426255.48,1488239999999,59824905990.19,327697,2017-02-27
1488240000000,1167.29,1179.63,1162.85,1175.24,46813802.34,1488326399999,55017523859.59,313503,2017-02-28
1488326400000,1185.97,1197.0,1182.6,1187.27,25885537.95,1488412799999,30733054888.71,313514,2017-03-01
1488412800000,1142.17,1209.29,1122.69,1169.71,60713303.56,1488499199999,71016701821.66,360189,2017-03-02
1488499200000,1177.17,1180.78,1172.41,1176.78,69407332.15,1488585599999,81677447958.24,414465,2017-03-03
1488585600000,1159.48,1195.79,1126.0,1166.66,38390170.04,1488671999999,44788122224.66,365782,2017-03-04
1488672000000,1175.66,1181.71,1157.84,1168.28,21297742.86,1488758399999,24881723572.43,192097,2017-03-05
1488758400000,1211.1,1227.78,1179.61,1199.82,53429767.85,1488844799999,64106155168.82,235525,2017-03-06
1488844800000,1207.89,1253.05,1190.99,1210.56,65377119.51,1488931199999,79143103951.14,486194,2017-03-07
1488931200000,1186.87,1203.81,1179.71,1193.09,61131048.32,1489017599999,72934584739.84,498987,2017-03-08
1489017600000,1211.3,1215.02,1208.37,1211.47,25461862.43,1489103999999,30846391409.92,447473,2017-03-09
1489104000000,1218.15,1253.51,1167.49,1205.21,31012696.61,1489190399999,37376736374.58,416175,2017-03-10
1489190400000,1238.39,1257.31,1174.04,1210.29,35348510.86,1489276799999,42782102124.82,264837,2017-03-11
1489276800000,1233.34,1274.71,1217.56,1244.85,55350684.57,1489363199999,68903242581.74,123197,2017-03-12
1489363200000,1273.92,1338.13,1254.18,1282.45,74207233.98,1489449599999,95167146493.41,317853,2017-03-13
1489449600000,1277.27,1282.55,1271.45,1278.4,24998246.71,1489535999999,31957696924.38,304632,2017-03-14
1489536000000,1323.53,1361.02,1300.76,1323.07,35676410.91,1489622399999,47202315728.81,118150,2017-03-15
1489622400000,1267.27,1300.43,1204.83,1276.97,78933511.76,1489708799999,100796036522.98,422797,2017-03-16
1489708800000,1347.02,1368.78,1317.21,1351.36,95145583.18,1489795199999,128575546966.46,402561,2017-03-17
1489795200000,1359.88,1362.05,1352.09,1359.31,32752046.25,1489881599999,44520287027.74,374929,2017-03-18
1489881600000,1372.16,1373.83,1370.43,1372.69,57852488.85,1489967999999,79413447032.39,471171,2017-03-19
1489968000000,1393.54,1406.91,1389.92,1398.91,87441254.43,1490054399999,122322192044.32,88759,2017-03-20
1490054400000,1375.55,1456.42,1344.21,1383.31,72758970.8,1490140799999,100647930376.79,339780,2017-03-21
1490140800000,1427.67,1449.6,1411.14,1433.05,40321491.8,1490227199999,57782895241.7,249159,2017-03-22
1490227200000,1462.41,1464.67,1457.24,1462.82,62877805.96,1490313599999,91978968654.04,208896,2017-03-23
1490313600000,1506.42,1512.4,1494.26,1502.5,66986198.87,1490399999999,100646619736.89,236363,2017-03-24
1490400000000,1502.73,1546.55,1446.25,1486.75,49877806.07,1490486399999,74155744246.04,331542,2017-03-25
1490486400000,1498.39,1518.18,1460.28,1501.08,76510389.73,1490572799999,114848475996.81,152047,2017-03-26
1490572800000,1528.73,1536.33,1522.12,1526.28,36611144.31,1490659199999,55878885965.75,133006,2017-03-27
1490659200000,1569.55,1578.84,1559.99,1572.35,64680716.54,1490745599999,101700559855.54,222252,2017-03-28
1490745600000,1596.96,1633.57,1559.84,1581.21,36960330.5,1490831999999,58442169701.36,82020,2017-03-29
1490832000000,1629.35,1657.84,1530.72,1584.6,38789673.68,1490918399999,61466074427.97,94103,2017-03-30
1490918400000,1621.06,1650.59,1588.45,1624.42,105497790.31,1491004799999,171372463694.47,70513,2017-03-31
1491004800000,1632.83,1644.53,1628.41,1636.11,69848301.62,1491091199999,114279802881.93,160631,2017-04-01
1491091200000,1672.41,1678.86,1662.28,1673.17,101826645.58,1491177599999,170373535258.46,114150,2017-04-02
1491177600000,1663.7,1674.56,1647.26,1659.58,90628181.03,1491263999999,150405081757.69,234854,2017-04-03
1491264000000,1653.86,1752.53,1626.93,1686.76,77476984.24,1491350399999,130685280383.97,129687,2017-04-04
1491350400000,1690.07,1743.18,1662.45,1705.1,45647017.71,1491436799999,77832591893.06,130564,2017-04-05
1491436800000,1705.53,1731.26,1676.71,1702.46,72229301.82,1491523199999,122967593144.57,465095,2017-04-06
1491523200000,1761.15,1763.81,1750.77,1758.86,47511851.08,1491609599999,83566668545.11,443438,2017-04-07
1491609600000,1780.76,1794.53,1769.96,1777.92,64745906.32,1491695999999,115113084142.58,490199,2017-04-08
1491696000000,1786.54,1805.68,1770.75,1792.22,82723151.8,1491782399999,148257692481.9,424675,2017-04-09
1491782400000,1792.67,1831.42,1780.72,1806.74,94488358.65,1491868799999,170716056522.55,112994,2017-04-10
1491868800000,1821.98,1838.62,1756.26,1800.47,50105964.43,1491955199999,90214315247.62,353955,2017-04-11
1491955200000,1831.56,1908.98,1799.13,1841.97,165233041.38,1492041599999,304354440982.75,445820,2017-04-12
1492041600000,1863.45,1887.81,1843.43,1863.36,66382271.42,1492127999999,123693922484.6,317201,2017-04-13
1492128000000,1881.65,1917.54,1848.11,1872.59,96658239.81,1492214399999,181000888374.63,306629,2017-04-14
1492214400000,1907.15,1917.27,1886.78,1906.83,90056338.22,1492300799999,171722003900.74,167523,2017-04-15
1492300800000,1954.04,1976.08,1907.69,1939.62,112188574.02,1492387199999,217603454552.03,324548,2017-04-16
1492387200000,1994.21,2023.8,1956.61,1994.14,97133082.7,1492473599999,193696649853.84,179683,2017-04-17
1492473600000,1973.23,1974.4,1972.54,1973.86,95708278.24,1492559999999,188915058906.57,60775,2017-04-18
1492560000000,1982.09,2010.23,1972.47,1995.62,99913734.14,1492646399999,199390082019.06,297739,2017-04-19
1492646400000,2009.21,2011.53,2002.66,2007.42,49315339.44,1492732799999,98996381513.95,60154,2017-04-20
1492732800000,1987.83,1994.74,1972.73,1982.23,71958209.11,1492819199999,142637745215.29,387436,2017-04-21
1492819200000,2036.07,2109.73,2003.21,2048.03,70397619.53,1492905599999,144176604825.42,139390,2017-04-22
1492905600000,2066.26,2103.66,2034.93,2069.92,106387129.81,1492991999999,220212425369.23,86708,2017-04-23
1492992000000,2148.23,2171.6,2123.83,2149.88,67065637.5,1493078399999,144183177122.28,177477,2017-04-24
1493078400000,2092.29,2123.39,2045.39,2103.03,140325579.86,1493164799999,295108766248.31,469738,2017-04-25
1493164800000,2137.77,2142.06,2126.06,2135.33,83626124.79,1493251199999,178569419773.5,304065,2017-04-26
1493251200000,2165.34,2223.41,2065.57,2146.47,78809856.37,1493337599999,169163303976.38,445888,2017-04-27
1493337600000,2144.15,2157.8,2105.61,2136.71,72930285.74,1493423999999,155831124884.93,149292,2017-04-28
1493424000000,2216.84,2275.36,2105.25,2216.83,97457124.83,1493510399999,216046090672.78,234807,2017-04-29
1493510400000,2226.48,2226.51,2226.44,2226.49,127052864.54,1493596799999,282881848837.81,186523,2017-04-30
1493596800000,2237.45,2283.36,2201.94,2247.45,55061106.25,1493683199999,123747018965.31,352268,2017-05-01
1493683200000,2211.64,2260.56,2188.19,2221.54,99135370.29,1493769599999,220233413231.49,190485,2017-05-02
1493769600000,2319.98,2410.04,2248.29,2303.93,92100699.18,1493855999999,212193629496.32,139384,2017-05-03
1493856000000,2235.26,2300.6,2187.53,2247.08,135664303.48,1493942399999,304848367486.19,453647,2017-05-04
1493942400000,2323.21,2344.34,2308.92,2321.5,44849710.02,1494028799999,104118488722.17,268778,2017-05-05
1494028800000,2382.49,2394.9,2374.55,2386.11,133985556.85,1494115199999,319704774395.8,443969,2017-05-06
1494115200000,2298.96,2365.45,2272.06,2316.87,127613470.48,1494201599999,295663346363.72,475260,2017-05-07
1494201600000,2352.42,2371.55,2333.26,2348.41,114616805.19,1494287999999,269166762215.83,279756,2017-05-08
1494288000000,2376.68,2409.02,2363.96,2387.06,150540369.97,1494374399999,359349137064.06,197970,2017-05-09
1494374400000,2402.92,2428.4,2346.95,2389.42,162565703.34,1494460799999,388438298969.82,190813,2017-05-10
1494460800000,2409.99,2434.29,2346.32,2378.58,67586793.36,1494547199999,160760891569.13,74135,2017-05-11
1494547200000,2469.93,2495.87,2406.61,2445.43,96072538.85,1494633599999,234938802342.19,125725,2017-05-12
1494633600000,2429.26,2436.87,2421.46,2431.76,107189599.59,1494719999999,260659212763.84,257404,2017-05-13
1494720000000,2517.15,2577.26,2416.7,2497.01,64448150.98,1494806399999,160927374490.47,427484,2017-05-14
1494806400000,2475.02,2522.26,2392.76,2475.02,64790619.96,1494892799999,160358068395.86,233500,2017-05-15
1494892800000,2622.01,2643.84,2546.02,2569.28,148006993.14,1494979199999,380271775615.19,334119,2017-05-16
1494979200000,2551.29,2584.43,2485.42,2518.21,101179800.12,1495065599999,254792178260.01,112664,2017-05-17
1495065600000,2555.88,2568.47,2509.77,2551.94,97548288.17,1495151999999,248937501068.16,210736,2017-05-18
1495152000000,2603.27,2619.54,2586.78,2606.78,105595712.71,1495238399999,275264882212.04,112267,2017-05-19
1495238400000,2548.16,2724.74,2491.16,2562.89,176195899.27,1495324799999,451571305244.82,317914,2017-05-20
1495324800000,2687.41,2736.54,2576.96,2628.21,163714233.41,1495411199999,430274868886.39,238536,2017-05-21
1495411200000,2715.59,2767.53,2618.61,2682.21,147750657.61,1495497599999,396298607466.92,194384,2017-05-22
1495497600000,2607.15,2640.79,2591.13,2609.21,105807976.31,1495583999999,276074732414.8,148835,2017-05-23
1495584000000,2685.24,2688.66,2676.99,2686.2,133988104.39,1495670399999,359919055822.65,125516,2017-05-24
1495670400000,2711.65,2723.39,2699.55,2708.42,89827768.95,1495756799999,243291344170.23,218671,2017-05-25
1495756800000,2721.48,2736.66,2715.97,2726.82,47171382.57,1495843199999,128627654610.53,497448,2017-05-26
1495843200000,2670.44,2713.46,2604.46,2662.82,132531203.71,1495929599999,352906781792.29,437650,2017-05-27
1495929600000,2679.96,2693.75,2652.35,2661.56,105762681.02,1496015999999,281493622306.07,494978,2017-05-28
1496016000000,2728.58,2744.3,2711.35,2722.83,175483248.46,1496102399999,477811071417.78,435888,2017-05-29
1496102400000,2716.7,2717.29,2716.3,2717.0,41724089.43,1496188799999,113364411445.81,231566,2017-05-30
1496188800000,2684.71,2744.22,2669.8,2716.97,91415961.63,1496275199999,248374061469.83,158524,2017-05-31
1496275200000,2718.21,2740.76,2707.97,2721.56,123909721.54,1496361599999,337227969281.67,181112,2017-06-01
1496361600000,2686.86,2823.64,2552.38,2689.64,117066803.51,1496447999999,314867077588.11,98060,2017-06-02
1496448000000,2739.04,2817.56,2691.2,2720.8,101047459.43,1496534399999,274929644807.62,194180,2017-06-03
1496534400000,2707.81,2737.23,2696.69,2724.25,55258696.95,1496620799999,150538679183.62,459243,2017-06-04
1496620800000,2683.87,2710.35,2654.38,2692.89,56686292.59,1496707199999,152650110116.64,479951,2017-06-05
1496707200000,2747.86,2796.89,2734.99,2778.49,121150945.94,1496793599999,336617086520.84,396249,2017-06-06
1496793600000,2747.12,2766.76,2703.05,2734.58,165814080.23,1496879999999,453431624856.42,139648,2017-06-07
1496880000000,2683.51,2724.27,2638.14,2681.7,74300096.86,1496966399999,199250248781.03,361060,2017-06-08
1496966400000,2739.17,2774.92,2703.14,2743.5,174902832.58,1497052799999,479846787653.07,382761,2017-06-09
1497052800000,2699.74,2744.67,2666.35,2691.67,112939267.77,1497139199999,303995749526.46,67915,2017-06-10
1497139200000,2755.3,2766.53,2717.22,2750.74,93788987.19,1497225599999,257988899758.36,69395,2017-06-11
1497225600000,2781.22,2796.07,2752.64,2764.38,60452082.98,1497311999999,167112354416.83,491565,2017-06-12
1497312000000,2674.52,2752.52,2621.3,2701.08,151384443.92,1497398399999,408900873007.46,136407,2017-06-13
1497398400000,2742.42,2790.51,2711.91,2760.97,155960975.02,1497484799999,430602819347.37,210180,2017-06-14
1497484800000,2745.67,2758.72,2716.8,2744.41,98980784.98,1497571199999,271643799372.45,109520,2017-06-15
1497571200000,2756.49,2783.46,2722.08,2759.31,147451860.37,1497657599999,406864927340.78,213125,2017-06-16
1497657600000,2808.48,2847.73,2772.05,2796.05,168041310.75,1497743999999,469851822375.93,131071,2017-06-17
1497744000000,2688.68,2755.77,2645.85,2727.24,63221003.52,1497830399999,172418825207.13,324415,2017-06-18
1497830400000,2685.07,2750.8,2663.36,2712.01,74870974.7,1497916799999,203050916224.59,184089,2017-06-19
1497916800000,2709.09,2709.2,2708.73,2709.01,60452813.25,1498003199999,163767087997.24,484624,2017-06-20
1498003200000,2709.95,2719.98,2698.74,2712.88,156683962.91,1498089599999,425065560118.15,299296,2017-06-21
1498089600000,2691.02,2781.44,2631.57,2738.64,117149169.02,1498175999999,320829432789.59,391920,2017-06-22
1498176000000,2753.61,2760.45,2741.31,2753.87,119893384.88,1498262399999,330171391961.49,446402,2017-06-23
1498262400000,2734.79,2855.51,2634.3,2753.23,115753854.26,1498348799999,318696858253.76,482697,2017-06-24
1498348800000,2770.83,2782.37,2762.77,2772.84,162694144.86,1498435199999,451125075126.57,306029,2017-06-25
1498435200000,2758.44,2776.41,2714.63,2747.49,101042021.56,1498521599999,277611683846.44,407270,2017-06-26
1498521600000,2814.15,2843.18,2761.41,2796.47,164126443.08,1498607999999,458974737576.66,430267,2017-06-27
1498608000000,2734.82,2766.48,2706.72,2741.27,152070521.64,1498694399999,416865799931.79,210642,2017-06-28
1498694400000,2845.0,2849.33,2836.96,2841.28,116045135.22,1498780799999,329717206146.95,141828,2017-06-29
1498780800000,2806.12,2825.01,2739.0,2773.61,163885707.46,1498867199999,454555083184.3,480710,2017-06-30
1498867200000,2744.25,2765.49,2684.18,2726.08,127544173.42,1498953599999,347695644046.47,368275,2017-07-01
1498953600000,2713.27,2730.15,2709.03,2720.47,49564341.71,1499039999999,134838171260.88,489777,2017-07-02
1499040000000,2784.32,2831.21,2673.09,2773.32,154769524.4,1499126399999,429224968877.01,118915,2017-07-03
1499126400000,2776.33,2795.68,2705.57,2751.43,131137628.89,1499212799999,360815428834.65,203738,2017-07-04
1499212800000,2843.28,2877.92,2745.49,2783.94,78380462.78,1499299199999,218206845264.65,197529,2017-07-05
1499299200000,2784.23,2794.67,2758.33,2777.45,92134352.8,1499385599999,255898406866.25,441342,2017-07-06
1499385600000,2758.91,2793.03,2675.98,2760.82,83684561.89,1499471999999,231038043382.0,243655,2017-07-07
1499472000000,2724.41,2764.17,2705.88,2736.61,75772472.8,1499558399999,207359877683.32,68673,2017-07-08
1499558400000,2726.79,2749.31,2670.36,2715.89,147744150.51,1499644799999,401257223443.42,245928,2017-07-09
1499644800000,2753.54,2754.63,2751.64,2752.82,57013136.0,1499731199999,156946759046.97,186248,2017-07-10
1499731200000,2801.95,2839.48,2754.13,2797.58,74982445.53,1499817599999,209769035692.82,220881,2017-07-11
1499817600000,2783.51,2800.75,2750.42,2777.71,125675299.56,1499903999999,349089061622.42,136410,2017-07-12
1499904000000,2731.38,2735.95,2725.52,2730.62,103335366.95,1499990399999,282169587618.47,287895,2017-07-13
1499990400000,2769.9,2787.36,2762.0,2779.29,55492632.57,1500076799999,154230300827.98,246310,2017-07-14
1500076800000,2771.4,2917.34,2687.13,2787.83,170057577.45,1500163199999,474091797897.14,206151,2017-07-15
1500163200000,2788.94,2883.66,2699.79,2747.02,125517341.79,1500249599999,344798966822.31,464241,2017-07-16
1500249600000,2782.9,2783.68,2781.49,2783.07,103217789.95,1500335999999,287261885473.35,88431,2017-07-17
1500336000000,2781.55,2782.42,2780.71,2781.35,95862883.14,1500422399999,266628536463.91,83703,2017-07-18
1500422400000,2724.74,2755.56,2708.59,2742.74,72907800.87,1500508799999,199967197294.14,277210,2017-07-19
1500508800000,2803.18,2817.2,2770.39,2794.3,70723031.2,1500595199999,197621283321.24,70318,2017-07-20
1500595200000,2796.53,2812.22,2787.81,2802.56,99952380.49,1500681599999,280122246747.72,67965,2017-07-21
1500681600000,2813.98,2946.06,2729.78,2821.49,86163327.8,1500767999999,243109270435.61,215059,2017-07-22
1500768000000,2830.62,2861.13,2722.57,2822.01,224432060.16,1500854399999,633348415301.74,439281,2017-07-23
1500854400000,2720.95,2803.14,2647.05,2742.14,140818993.2,1500940799999,386145407794.54,390999,2017-07-24
1500940800000,2773.48,2788.94,2725.88,2758.31,58049864.49,1501027199999,160119568745.23,268535,2017-07-25
1501027200000,2808.57,2819.81,2800.88,2808.43,157476231.75,1501113599999,442260520377.67,301648,2017-07-26
1501113600000,2801.9,2850.93,2788.9,2809.86,195401139.08,1501199999999,549050808527.69,219643,2017-07-27
1501200000000,2810.4,2858.84,2752.29,2811.39,68851025.33,1501286399999,193566870179.25,311774,2017-07-28
1501286400000,2931.98,2937.95,2916.01,2924.84,135107356.03,1501372799999,395166864892.87,454662,2017-07-29
1501372800000,2836.88,2854.97,2783.98,2816.22,171559891.61,1501459199999,483150500124.36,354379,2017-07-30
1501459200000,2841.46,2849.56,2826.15,2836.66,111284160.62,1501545599999,315675814253.51,151605,2017-07-31
1501545600000,2821.26,2850.79,2809.27,2832.05,186693620.03,1501631999999,528726499116.16,144093,2017-08-01
1501632000000,2831.75,2834.19,2826.98,2830.85,99401241.81,1501718399999,281389519979.41,304437,2017-08-02
1501718400000,2843.31,2908.03,2772.33,2807.12,209082337.61,1501804799999,586918683344.46,224587,2017-08-03
1501804800000,2863.55,2869.15,2845.69,2852.41,147046142.27,1501891199999,419436019388.51,473600,2017-08-04
1501891200000,2819.12,2897.56,2766.98,2809.26,166639149.33,1501977599999,468132511596.73,394392,2017-08-05
1501977600000,2898.4,2950.83,2787.58,2836.36,185395694.64,1502063999999,525849124525.79,78707,2017-08-06
1502064000000,2820.26,2897.79,2710.68,2836.71,184482423.27,1502150399999,523323962397.5,489477,2017-08-07
1502150400000,2850.73,2900.71,2808.04,2865.03,185277288.29,1502236799999,530825790778.11,131295,2017-08-08
1502236800000,2938.48,3006.18,2879.22,2950.86,183766256.41,1502323199999,542268277503.99,152749,2017-08-09
1502323200000,2808.74,2834.76,2784.28,2815.47,75864041.89,1502409599999,213592730329.8,209658,2017-08-10
1502409600000,2888.93,2949.18,2864.19,2912.68,140585306.72,1502495999999,409479904622.67,349132,2017-08-11
1502496000000,2839.62,2848.31,2832.62,2841.7,110835131.94,1502582399999,314960002829.04,53308,2017-08-12
1502582400000,2900.2,2916.08,2841.37,2890.21,124317455.92,1502668799999,359303017632.99,275875,2017-08-13
1502668800000,2971.34,3058.74,2864.85,2953.65,198150113.13,1502755199999,585266935107.47,438964,2017-08-14
1502755200000,2921.56,2998.65,2796.67,2926.7,75693389.65,1502841599999,221531862014.36,438331,2017-08-15
1502841600000,2936.9,3034.88,2826.49,2895.4,162095615.55,1502927999999,469331113117.76,444987,2017-08-16
1502928000000,2938.17,2947.76,2903.56,2916.97,125659139.6,1503014399999,366543592697.01,180894,2017-08-17
1503014400000,2961.51,3000.83,2937.11,2975.18,78829029.09,1503100799999,234530387806.89,108082,2017-08-18
1503100800000,2924.19,2986.47,2897.54,2934.06,109627971.37,1503187199999,321654758159.55,472965,2017-08-19
1503187200000,2960.38,3008.85,2913.59,2976.6,80866275.38,1503273599999,240706602769.97,451013,2017-08-20
1503273600000,2986.12,3139.51,2932.79,2979.41,205336959.29,1503359999999,611782211971.44,176821,2017-08-21
1503360000000,2959.13,2975.15,2954.79,2963.31,160389743.98,1503446399999,475285063152.25,110495,2017-08-22
1503446400000,3136.2,3196.32,3014.09,3072.62,75463513.21,1503532799999,231870941384.73,392850,2017-08-23
1503532800000,3040.6,3087.13,2989.93,3027.3,130148895.91,1503619199999,393999666468.47,225143,2017-08-24
1503619200000,2939.83,3031.58,2846.07,2940.1,132545615.73,1503705599999,389697918493.76,175412,2017-08-25
1503705600000,3081.56,3166.87,2978.18,3028.98,116805669.53,1503791999999,353802539016.37,175553,2017-08-26
1503792000000,3006.53,3010.15,3003.39,3007.04,117334635.95,1503878399999,352829912172.98,166456,2017-08-27
1503878400000,3070.59,3099.22,3052.91,3071.1,207772681.3,1503964799999,638090010027.78,475118,2017-08-28
1503964800000,3060.37,3087.27,3001.49,3019.89,208918823.48,1504051199999,630912533718.58,91096,2017-08-29
1504051200000,3007.66,3116.77,2888.25,3053.57,69952106.66,1504137599999,213603494499.53,165934,2017-08-30
1504137600000,3028.99,3222.71,2913.99,3085.25,177168297.22,1504223999999,546608524175.17,289995,2017-08-31
1504224000000,3123.47,3132.4,3090.58,3107.51,185924552.01,1504310399999,577761975857.7,274249,2017-09-01
1504310400000,3034.55,3122.42,2943.42,3040.02,243243271.97,1504396799999,739463797085.22,325103,2017-09-02
1504396800000,3060.79,3106.3,3041.08,3080.92,112459122.9,1504483199999,346477183898.37,206131,2017-09-03
1504483200000,3078.0,3165.96,2972.26,3084.54,127383307.57,1504569599999,392919110249.6,414490,2017-09-04
1504569600000,3086.96,3100.51,3073.27,3086.72,89699399.25,1504655999999,276876943372.5,54089,2017-09-05
1504656000000,3184.07,3195.27,3170.78,3186.1,178633145.41,1504742399999,569142815702.96,112752,2017-09-06
1504742400000,3137.18,3284.32,2957.45,3144.09,230420687.43,1504828799999,724464439571.41,217419,2017-09-07
1504828800000,3086.91,3094.94,3082.65,3090.3,184936950.31,1504915199999,571510896843.84,481162,2017-09-08
1504915200000,3197.17,3218.24,3138.03,3181.33,227404890.91,1505001599999,723448894985.7,249547,2017-09-09
1505001600000,3245.19,3257.54,3223.06,3235.91,60137848.81,1505087999999,194600939170.12,72182,2017-09-10
1505088000000,3183.63,3307.16,3104.86,3203.65,178130648.33,1505174399999,570668356971.91,194330,2017-09-11
1505174400000,3124.44,3170.36,3084.25,3115.48,146646096.94,1505260799999,456872355181.69,492503,2017-09-12
1505260800000,3162.78,3203.29,3093.92,3163.73,166280693.51,1505347199999,526067374311.36,89860,2017-09-13
1505347200000,3225.65,3270.63,3203.84,3239.63,190885529.33,1505433599999,618397602052.13,63659,2017-09-14
1505433600000,3170.94,3188.43,3162.3,3172.83,69788869.18,1505519999999,221427903220.84,478988,2017-09-15
1505520000000,3289.14,3363.82,3244.55,3285.49,110095167.6,1505606399999,361716614305.66,146094,2017-09-16
1505606400000,3315.29,3453.32,3247.16,3367.18,146564023.14,1505692799999,493507732558.09,225912,2017-09-17
1505692800000,3353.43,3385.54,3335.36,3366.39,147162196.27,1505779199999,495405231585.68,399977,2017-09-18
1505779200000,3458.84,3537.96,3402.53,3469.86,188515450.84,1505865599999,654122244492.51,190775,2017-09-19
1505865600000,3399.04,3406.78,3393.94,3402.72,163284511.38,1505951999999,555611463443.28,394810,2017-09-20
1505952000000,3551.36,3581.36,3533.25,3564.15,135568408.44,1506038399999,483186478309.34,377158,2017-09-21
1506038400000,3631.48,3718.44,3595.3,3665.45,209476236.06,1506124799999,767825225154.59,305720,2017-09-22
1506124800000,3665.53,3746.83,3611.27,3688.61,195180524.43,1506211199999,719944883710.02,450050,2017-09-23
1506211200000,3893.52,4032.66,3821.93,3887.45,214705938.61,1506297599999,834659456521.69,189605,2017-09-24
1506297600000,3787.42,3859.56,3740.57,3814.25,127531797.83,1506383999999,486438041978.27,258793,2017-09-25
1506384000000,3926.35,3943.79,3888.46,3928.08,214302634.02,1506470399999,841798679102.43,101284,2017-09-26
1506470400000,4023.6,4086.65,3947.65,4023.32,209127290.35,1506556799999,841386747771.08,256263,2017-09-27
1506556800000,4166.8,4203.55,4135.37,4155.76,132448902.43,1506643199999,550425776521.04,295442,2017-09-28
1506643200000,4081.59,4083.02,4078.58,4081.63,91967430.98,1506729599999,375377077164.98,96940,2017-09-29
1506729600000,4289.96,4380.7,4055.7,4280.2,356365150.59,1506815999999,1525313058034.72,331724,2017-09-30
1506816000000,4240.69,4370.43,4202.03,4289.89,172279641.09,1506902399999,739060437613.03,111047,2017-10-01
1506902400000,4346.85,4390.99,4243.38,4306.12,236939035.07,1506988799999,1020288947827.51,100626,2017-10-02
1506988800000,4503.21,4603.46,4362.79,4450.07,183393179.55,1507075199999,816112955800.94,498952,2017-10-03
1507075200000,4563.18,4619.73,4471.67,4504.35,262903713.31,1507161599999,1184210603363.92,426370,2017-10-04
1507161600000,4461.73,4657.34,4400.24,4528.85,292170424.99,1507247999999,1323194860650.52,340839,2017-10-05
1507248000000,4670.52,4723.83,4513.04,4633.67,196476862.0,1507334399999,910408009786.94,67976,2017-10-06
1507334400000,4675.87,4701.66,4633.62,4676.15,181336916.7,1507420799999,847958712139.97,74795,2017-10-07
1507420800000,4760.06,4915.87,4661.7,4772.45,233199448.81,1507507199999,1112932633164.77,79724,2017-10-08
1507507200000,4949.05,5230.09,4682.56,4872.45,245279803.87,1507593599999,1195114013894.59,357130,2017-10-09
1507593600000,4952.4,5080.3,4903.85,4995.43,292050934.29,1507679999999,1458918813646.27,67908,2017-10-10
1507680000000,4934.36,4993.4,4771.02,4896.39,213149175.69,1507766399999,1043660701397.77,256686,2017-10-11
1507766400000,5172.7,5197.69,5152.03,5167.26,288007798.32,1507852799999,1488211222764.81,444704,2017-10-12
1507852800000,4960.1,5023.09,4931.07,4986.77,111374462.37,1507939199999,555398347013.6,460004,2017-10-13
1507939200000,5135.83,5189.55,5089.55,5165.04,178726957.91,1508025599999,923132458516.9,295914,2017-10-14
1508025600000,5258.74,5313.88,5191.49,5279.56,144529744.7,1508111999999,763054124100.97,134704,2017-10-15
1508112000000,5330.79,5376.9,5275.85,5328.55,355881695.1,1508198399999,1896331716693.08,197032,2017-10-16
1508198400000,5326.35,5362.86,5305.41,5338.53,92881471.0,1508284799999,495850655221.09,380852,2017-10-17
1508284800000,5384.61,5589.41,5286.66,5433.21,217502948.98,1508371199999,1181738172144.88,106749,2017-10-18
1508371200000,5492.24,5587.93,5251.97,5482.27,467571832.62,1508457599999,2563353835954.85,332756,2017-10-19
1508457600000,5550.36,5581.85,5498.56,5543.49,314851160.83,1508543999999,1745375455644.98,75296,2017-10-20
1508544000000,5652.23,5886.91,5513.41,5708.68,330443279.99,1508630399999,1886394182924.98,191372,2017-10-21
1508630400000,5746.94,5905.05,5665.04,5743.65,277818620.94,1508716799999,1595693153605.91,461675,2017-10-22
1508716800000,5746.22,5759.23,5721.49,5739.11,230765610.32,1508803199999,1324390071667.41,460303,2017-10-23
1508803200000,5926.65,5948.34,5892.72,5918.53,271303181.55,1508889599999,1605715607121.88,389672,2017-10-24
1508889600000,5926.03,6027.58,5845.17,5945.25,436833956.01,1508975999999,2597085926708.53,181512,2017-10-25
1508976000000,6118.56,6167.12,5973.5,6049.93,202170728.25,1509062399999,1223119242904.47,453117,2017-10-26
1509062400000,6118.71,6186.51,5921.44,6105.36,184584975.33,1509148799999,1126957330426.84,485747,2017-10-27
1509148800000,6055.92,6157.4,6009.7,6066.7,202520334.83,1509235199999,1228630517091.91,91857,2017-10-28
1509235200000,6153.88,6158.69,6149.88,6154.1,318068933.24,1509321599999,1957426691382.45,113622,2017-10-29
1509321600000,6312.95,6346.28,6298.65,6320.0,388643104.73,1509407999999,2456224743126.56,419662,2017-10-30
1509408000000,6363.68,6466.86,6250.84,6378.29,355122974.83,1509494399999,2265078258259.85,357202,2017-10-31
1509494400000,6411.21,6472.79,6240.77,6398.39,350144098.89,1509580799999,2240360166735.68,424575,2017-11-01
1509580800000,6772.17,6852.93,6643.13,6700.36,361833791.47,1509667199999,2424414904861.98,490979,2017-11-02
1509667200000,7094.33,7141.06,6956.99,7088.92,270863219.38,1509753599999,1920126458301.4,333785,2017-11-03
1509753600000,7202.69,7300.27,7141.3,7221.18,412715000.11,1509839999999,2980287551359.57,471279,2017-11-04
1509840000000,7610.57,7650.57,7587.99,7613.4,466220840.72,1509926399999,3549524048407.26,334930,2017-11-05
1509926400000,7881.82,7944.23,7774.79,7835.62,146067664.29,1510012799999,1144530131047.04,218894,2017-11-06
1510012800000,8207.34,8336.89,8019.85,8124.33,337881809.47,1510099199999,2745063640361.99,318219,2017-11-07
1510099200000,8564.38,8578.31,8523.52,8547.78,252813181.33,1510185599999,2160991966419.02,418854,2017-11-08
1510185600000,8818.86,9033.49,8602.75,8813.92,542955729.61,1510271999999,4785570481742.92,111085,2017-11-09
1510272000000,8975.55,9436.57,8779.62,9106.45,338978531.56,1510358399999,3086891670559.73,95069,2017-11-10
1510358400000,9461.67,9577.65,9382.61,9455.19,672515410.46,1510444799999,6358758093078.66,333357,2017-11-11
1510444800000,9664.48,9697.35,9539.58,9602.7,571620975.02,1510531199999,5489106064418.03,176664,2017-11-12
1510531200000,10002.55,10031.48,9933.15,9972.16,367984324.94,1510617599999,3669599129642.4,368862,2017-11-13
1510617600000,10177.5,10383.61,10030.24,10144.24,552144634.45,1510703999999,5601088776493.28,81813,2017-11-14
1510704000000,10599.84,10685.49,10409.52,10513.83,411539212.41,1510790399999,4326852175733.51,408375,2017-11-15
1510790400000,10610.47,11234.91,10106.61,10747.21,699647291.45,1510876799999,7519257337698.7,333508,2017-11-16
1510876800000,11125.63,11183.93,10972.63,11067.82,361280037.98,1510963199999,3998583859079.2,145178,2017-11-17
1510963200000,11440.9,11496.67,11384.31,11426.92,271138772.06,1511049599999,3098281693694.32,481885,2017-11-18
1511049600000,11459.65,11700.97,11394.73,11522.57,648952834.48,1511135999999,7477603284461.64,254927,2017-11-19
1511136000000,12255.44,12347.26,12179.21,12227.25,652611984.01,1511222399999,7979650410388.3,249212,2017-11-20
1511222400000,12011.77,12347.49,11849.04,12071.19,378346778.79,1511308799999,4567095477950.19,332613,2017-11-21
1511308800000,12312.34,12576.38,12167.03,12327.36,794347653.2,1511395199999,9792210935781.74,351170,2017-11-22
1511395200000,12911.38,13085.09,12788.02,12978.46,907962810.25,1511481599999,11783958017898.96,266082,2017-11-23
1511481600000,13553.58,13925.78,12436.66,13215.87,1165909217.56,1511567999999,15408503049020.79,253008,2017-11-24
1511568000000,13506.01,13642.3,13381.03,13482.66,407369176.16,1511654399999,5492420787345.05,461678,2017-11-25
1511654400000,13641.36,14111.51,13132.38,13776.47,839871821.27,1511740799999,11570467916231.91,294323,2017-11-26
1511740800000,13931.93,14005.09,13867.53,13962.25,753281190.76,1511827199999,10517501914552.51,149211,2017-11-27
1511827200000,14160.24,14250.41,13880.91,14101.75,818165348.22,1511913599999,11537565017926.32,238515,2017-11-28
1511913600000,14520.33,14929.04,14279.01,14559.41,731092833.55,1511999999999,10644277320407.42,99267,2017-11-29
1512000000000,14723.09,14731.84,14710.56,14716.54,386707113.1,1512086399999,5690991948303.42,372902,2017-11-30
1512086400000,15140.8,15531.18,15012.63,15305.06,536719226.74,1512172799999,8214521751849.27,161729,2017-12-01
1512172800000,15615.65,15897.8,15114.99,15391.77,900078507.86,1512259199999,13853800084315.38,145436,2017-12-02
1512259200000,15473.56,15761.72,15396.13,15554.29,1017787558.35,1512345599999,15830964035139.18,484524,2017-12-03
1512345600000,15803.95,16169.09,15710.23,15939.14,899679638.53,1512431999999,14340118341410.34,421447,2017-12-04
1512432000000,16338.82,16451.5,16305.74,16372.51,737863049.08,1512518399999,12080671095937.22,189012,2017-12-05
1512518400000,16480.55,16522.11,16389.52,16470.54,570736468.42,1512604799999,9400338044825.04,476218,2017-12-06
1512604800000,16862.79,17139.37,16056.18,16707.17,427593116.04,1512691199999,7143869102758.63,471421,2017-12-07
1512691200000,17141.15,17432.09,17003.89,17214.78,988657857.07,1512777599999,17019527940169.33,432559,2017-12-08
1512777600000,17505.86,17519.1,17491.36,17506.83,730769382.97,1512863999999,12793458258629.88,340317,2017-12-09
1512864000000,17624.65,17643.77,17619.04,17638.5,381712535.42,1512950399999,6732836243501.66,56306,2017-12-10
1512950400000,17728.99,18226.92,17598.24,17935.44,834156499.88,1513036799999,14960960248565.38,256803,2017-12-11
1513036800000,18395.56,18417.84,18360.61,18379.36,711227799.77,1513123199999,13071914000069.86,394316,2017-12-12
1513123200000,18574.82,18776.14,18048.19,18295.71,1010834294.16,1513209599999,18493934892725.6,120741,2017-12-13
1513209600000,18583.96,18617.84,18573.04,18590.81,813278802.36,1513295999999,15119512235044.34,163939,2017-12-14
1513296000000,19075.7,19327.22,18849.98,19035.59,1051724651.22,1513382399999,20020200452913.43,109611,2017-12-15
1513382400000,19348.2,19633.06,19251.37,19442.14,738801026.14,1513468799999,14363872175379.12,433978,2017-12-16
1513468800000,19919.36,19984.14,19808.09,19856.81,411147914.22,1513555199999,8164085279703.66,330412,2017-12-17
1513555200000,19784.11,20001.61,19671.95,19876.16,958345568.46,1513641599999,19048233287494.87,156057,2017-12-18
1513641600000,19394.72,19611.68,19122.86,19476.19,471336263.19,1513727999999,9179834446378.02,242393,2017-12-19
1513728000000,18983.34,19069.78,18818.99,18988.66,411273205.68,1513814399999,7809527960349.34,277762,2017-12-20
1513814400000,18878.51,19005.2,18569.95,18768.28,810520414.04,1513900799999,15212077991775.13,262356,2017-12-21
1513900800000,18298.92,18303.73,18287.74,18297.16,609644186.18,1513987199999,11154756687265.67,199984,2017-12-22
1513987200000,17933.16,18910.53,16987.0,18263.29,926282506.11,1514073599999,16916970393085.8,98069,2017-12-23
1514073600000,17881.72,18022.98,17794.01,17952.34,436695541.23,1514159999999,7839708473139.42,257302,2017-12-24
1514160000000,17840.24,18003.56,17696.36,17830.92,1168861167.55,1514246399999,20841873840115.24,219806,2017-12-25
1514246400000,17318.82,17785.51,16897.14,17335.72,1268023673.3,1514332799999,21982098684068.89,142694,2017-12-26
1514332800000,17146.84,17739.25,16864.22,17364.47,1140091072.92,1514419199999,19797076586911.87,73525,2017-12-27
1514419200000,17433.59,17510.87,17230.21,17317.07,590514834.47,1514505599999,10225987790690.14,375207,2017-12-28
1514505600000,16722.75,16838.51,16608.92,16729.84,361687249.74,1514591999999,6050970854782.6,138191,2017-12-29
1514592000000,16556.9,16711.79,16442.07,16578.63,1002994987.22,1514678399999,16628285405035.52,295171,2017-12-30
1514678400000,16213.77,16718.78,15930.9,16381.04,912230231.6,1514764799999,14943279189772.31,73410,2017-12-31
1514764800000,16025.95,16085.06,15789.98,15916.88,1027030752.76,1514851199999,16347122656396.95,404025,2018-01-01
1514851200000,15682.63,16112.53,15364.12,15783.6,1143740130.06,1514937599999,18052341892374.77,292847,2018-01-02
1514937600000,15486.08,15504.32,15479.62,15491.01,530574782.33,1515023999999,8219137741783.32,469936,2018-01-03
1515024000000,15134.29,15574.05,14975.7,15253.92,1072115140.15,1515110399999,16353955586343.9,402422,2018-01-04
1515110400000,14812.14,14933.39,14694.5,14844.46,725215065.33,1515196799999,10765428008507.89,475784,2018-01-05
1515196800000,14675.4,14885.47,14579.95,14735.18,314208259.6,1515283199999,4629913944171.11,384508,2018-01-06
1515283200000,15026.62,15376.31,14204.25,14564.76,507365923.42,1515369599999,7389661349904.67,185529,2018-01-07
1515369600000,14429.61,14604.9,14289.38,14473.35,1007302154.28,1515455999999,14579035215453.0,75166,2018-01-08
1515456000000,14181.0,14338.1,13968.01,14133.87,329965049.29,1515542399999,4663681965754.34,426397,2018-01-09
1515542400000,14018.04,14946.94,13583.68,14074.92,730780740.11,1515628799999,10285682182026.83,317073,2018-01-10
1515628800000,13477.33,13565.71,13160.17,13343.79,285903602.25,1515715199999,3815037652484.96,411213,2018-01-11
1515715200000,13375.5,13449.54,13255.48,13353.53,686490649.15,1515801599999,9167073984397.77,402235,2018-01-12
1515801600000,12891.72,13350.61,12701.07,12991.11,418766770.78,1515887999999,5440244043835.57,428987,2018-01-13
1515888000000,12950.01,13327.87,12821.18,13043.97,897130155.38,1515974399999,11702137595126.26,166350,2018-01-14
1515974400000,12152.86,12636.11,12007.91,12336.54,646056704.76,1516060799999,7970105204037.69,105493,2018-01-15
1516060800000,11860.76,12589.52,11560.12,12081.78,541138014.1,1516147199999,6537911202148.09,218008,2018-01-16
1516147200000,11829.55,12011.15,11527.74,11866.19,357958647.95,1516233599999,4247604771676.23,215024,2018-01-17
1516233600000,11392.19,11432.61,11310.72,11401.37,396095195.77,1516319999999,4516026121113.0,310353,2018-01-18
1516320000000,11324.6,11637.06,11187.68,11374.72,439502254.34,1516406399999,4999215844946.02,429415,2018-01-19
1516406400000,11293.95,11497.06,10678.5,11092.36,285923290.14,1516492799999,3171563358909.56,294856,2018-01-20
1516492800000,11003.03,11303.85,10613.86,10961.47,326420338.29,1516579199999,3578047496446.32,408839,2018-01-21
1516579200000,10734.87,10819.3,10678.0,10732.95,188759653.86,1516665599999,2025948773534.08,230148,2018-01-22
1516665600000,10679.8,10722.07,10616.9,10671.48,595170533.66,1516751999999,6351349201562.34,146958,2018-01-23
1516752000000,10300.22,10301.01,10299.74,10300.05,450673583.3,1516838399999,4641960549440.85,207503,2018-01-24
1516838400000,9993.72,10206.92,9753.65,9862.54,536300280.08,1516924799999,5289283671734.99,343727,2018-01-25
1516924800000,9679.33,9761.91,9490.15,9574.34,457426508.83,1517011199999,4379557190241.56,392984,2018-01-26
1517011200000,9572.44,9779.81,9327.73,9481.72,683448579.1,1517097599999,6480268646198.3,244452,2018-01-27
1517097600000,9030.25,9033.12,9020.57,9028.14,268731258.79,1517183999999,2426142658801.16,440644,2018-01-28
1517184000000,9095.34,9242.27,9046.38,9116.92,488598805.59,1517270399999,4454516736837.13,190180,2018-01-29
1517270400000,8774.48,8838.62,8726.22,8790.94,329773228.93,1517356799999,2899016389934.46,219285,2018-01-30
1517356800000,8425.63,8559.92,8133.22,8368.27,356822594.39,1517443199999,2985986405520.91,285914,2018-01-31
1517443200000,7978.82,8126.87,7722.24,7995.23,425702562.32,1517529599999,3403588451446.39,341474,2018-02-01
1517529600000,7992.91,8097.13,7886.29,8038.95,388535812.83,1517615999999,3123419174741.24,211740,2018-02-02
1517616000000,7644.89,7663.1,7639.67,7647.3,371887579.04,1517702399999,2843935146244.5,292142,2018-02-03
1517702400000,7547.9,7595.91,7459.97,7515.21,193657577.79,1517788799999,1455377606791.35,135470,2018-02-04
1517788800000,6999.42,7180.38,6738.38,7015.76,529640384.55,1517875199999,3715827734260.72,237968,2018-02-05
1517875200000,6860.12,6871.05,6819.49,6850.37,310210104.2,1517961599999,2125054533816.36,369381,2018-02-06
1517961600000,6927.89,6928.32,6926.58,6927.82,406714773.28,1518047999999,2817645460930.09,293248,2018-02-07
1518048000000,6957.65,6988.14,6911.11,6958.68,132112795.69,1518134399999,919331035149.85,259576,2018-02-08
1518134400000,6938.34,6967.35,6917.84,6944.43,162728801.84,1518220799999,1130059391733.42,276673,2018-02-09
1518220800000,7029.78,7357.61,6808.46,7061.91,564453950.46,1518307199999,3986125473388.92,460493,2018-02-10
1518307200000,6968.61,7095.42,6807.0,6946.75,319221512.1,1518393599999,2217552627341.36,62528,2018-02-11
1518393600000,7052.16,7101.77,6984.47,7052.22,320671011.23,1518479999999,2261441236788.75,384186,2018-02-12
1518480000000,7102.91,7135.52,7042.33,7101.9,369071554.7,1518566399999,2621110686030.26,495789,2018-02-13
1518566400000,7092.71,7329.7,6936.21,7163.0,355007925.77,1518652799999,2542920137035.55,435627,2018-02-14
1518652800000,7113.41,7270.93,7064.79,7207.45,468550984.81,1518739199999,3377059964939.29,198083,2018-02-15
1518739200000,7093.55,7113.22,7029.72,7076.99,132026965.39,1518825599999,934354029468.59,208503,2018-02-16
1518825600000,7058.84,7094.47,7031.82,7068.62,427518360.29,1518911999999,3021965300469.6,392870,2018-02-17
1518912000000,7289.85,7484.35,7110.9,7339.4,163173467.37,1518998399999,1197595471470.8,168023,2018-02-18
1518998400000,7238.38,7532.4,7072.29,7284.89,392239773.28,1519084799999,2857422596574.19,374652,2018-02-19
1519084800000,7219.79,7263.39,7174.57,7217.92,379644409.41,1519171199999,2740241308969.09,302965,2018-02-20
1519171200000,7382.69,7523.29,7303.15,7446.79,148249069.63,1519257599999,1103980376039.93,375277,2018-02-21
1519257600000,7342.64,7356.5,7327.41,7348.28,445216505.14,1519343999999,3271576081726.07,267895,2018-02-22
1519344000000,7467.12,7486.39,7450.81,7469.71,224352255.1,1519430399999,1675846107233.41,457993,2018-02-23
1519430400000,7363.75,7461.16,7286.14,7398.85,146900045.71,1519516799999,1086890962043.62,206279,2018-02-24
1519516800000,7709.05,7798.77,7512.25,7603.73,162562349.89,1519603199999,1236080700920.33,292154,2018-02-25
1519603200000,7572.89,7682.01,7361.25,7604.5,434349388.3,1519689599999,3303008345086.27,420753,2018-02-26
1519689600000,7449.27,7496.28,7400.28,7452.67,160427290.57,1519775999999,1195611321287.25,287679,2018-02-27
1519776000000,7586.55,7595.99,7577.5,7589.85,332860230.09,1519862399999,2526359249653.27,54521,2018-02-28
1519862400000,7589.39,7596.82,7583.19,7588.08,361432909.9,1519948799999,2742580472931.48,321706,2018-03-01
1519948800000,7611.1,7834.7,7500.66,7681.26,606802317.73,1520035199999,4661005271301.13,108785,2018-03-02
1520035200000,7471.56,7520.82,7448.3,7496.7,148441987.14,1520121599999,1112825340428.01,263503,2018-03-03
1520121600000,7675.81,7678.7,7669.54,7674.57,388193444.39,1520207999999,2979218019652.99,461812,2018-03-04
1520208000000,7732.22,7765.58,7651.6,7736.31,437204330.3,1520294399999,3382349543763.83,278815,2018-03-05
1520294400000,7495.12,7585.55,7336.91,7504.86,537417266.2,1520380799999,4033242759953.18,120061,2018-03-06
1520380800000,7570.01,7717.83,7523.33,7584.8,533281821.73,1520467199999,4044835455323.05,61167,2018-03-07
1520467200000,7601.47,7663.0,7454.44,7532.48,350571990.06,1520553599999,2640676203699.75,455734,2018-03-08
1520553600000,7720.24,7745.41,7697.37,7723.76,336976314.52,1520639999999,2602723685993.13,134824,2018-03-09
1520640000000,7827.49,7885.61,7794.63,7843.15,307738365.2,1520726399999,2413637364812.99,88752,2018-03-10
1520726400000,7937.54,7955.99,7925.22,7944.26,316211612.48,1520812799999,2512066137361.44,313544,2018-03-11
1520812800000,7738.75,8013.83,7274.74,7837.92,426782473.71,1520899199999,3345084826427.41,73821,2018-03-12
1520899200000,7943.94,8083.33,7886.2,8011.91,296213726.87,1520985599999,2373238247529.21,363655,2018-03-13
1520985600000,7757.01,7930.98,7613.44,7755.12,400620105.45,1521071999999,3106855892989.21,52639,2018-03-14
1521072000000,7758.22,7799.14,7728.31,7751.35,331919923.8,1521158399999,2572826475211.42,446769,2018-03-15
1521158400000,7896.84,8036.8,7849.69,7935.18,397913993.38,1521244799999,3157520470482.7,234636,2018-03-16
1521244800000,7965.07,8064.59,7875.97,8004.58,265063466.98,1521331199999,2121721537382.75,222808,2018-03-17
1521331200000,7990.19,8000.92,7984.06,7992.1,163814219.66,1521417599999,1309219832578.38,163399,2018-03-18
1521417600000,7818.96,7846.39,7799.12,7823.58,416506698.76,1521503999999,3258574912392.01,285478,2018-03-19
1521504000000,8043.35,8104.16,7976.91,8041.39,548076420.31,1521590399999,4407296795863.99,188758,2018-03-20
1521590400000,7943.11,7988.41,7927.11,7950.94,414143240.56,1521676799999,3292828300270.45,139851,2018-03-21
1521676800000,8183.15,8235.21,8092.49,8169.89,184875449.85,1521763199999,1510412522254.39,232864,2018-03-22
1521763200000,8507.45,8789.27,7895.46,8167.92,654016224.23,1521849599999,5341950634330.39,300141,2018-03-23
1521849600000,8020.34,8268.73,7922.28,8067.5,460036798.26,1521935999999,3711345099567.45,286102,2018-03-24
1521936000000,8039.75,8453.78,7900.82,8136.42,386937737.07,1522022399999,3148288332614.43,390360,2018-03-25
1522022400000,8244.37,8357.29,7928.2,8109.88,285273246.62,1522108799999,2313531091027.02,234769,2018-03-26
1522108800000,8150.06,8299.56,8053.53,8235.47,228463557.35,1522195199999,1881504248046.58,157716,2018-03-27
1522195200000,8359.0,8423.76,8317.2,8363.83,194938153.87,1522281599999,1630428610060.85,183279,2018-03-28
1522281600000,8263.01,8402.39,7874.23,8198.29,565755197.64,1522367999999,4638226595149.99,199400,2018-03-29
1522368000000,8354.92,8784.89,8189.21,8374.16,385231099.66,1522454399999,3225985544165.32,413466,2018-03-30
1522454400000,8342.2,8519.69,8083.33,8298.05,282194909.75,1522540799999,2341667777815.08,438981,2018-03-31
1522540800000,8207.28,8385.76,8159.93,8298.85,311380857.35,1522627199999,2584104189081.31,208269,2018-04-01
1522627200000,8463.17,8559.81,8314.39,8395.16,512650095.4,1522713599999,4303777563035.14,302844,2018-04-02
1522713600000,8326.5,8344.46,8313.84,8328.57,436527631.51,1522799999999,3635649543541.0,182615,2018-04-03
1522800000000,8406.05,8616.48,8215.2,8404.5,606733711.18,1522886399999,5099295333838.96,468464,2018-04-04
1522886400000,8400.04,8441.6,8280.56,8366.08,181154944.74,1522972799999,1515557270708.38,154435,2018-04-05
1522972800000,8673.05,8916.52,8590.32,8716.24,367324049.63,1523059199999,3201685687954.25,153830,2018-04-06
1523059200000,8473.96,8612.95,8428.78,8546.47,508266670.49,1523145599999,4343886949525.78,242451,2018-04-07
1523145600000,8563.97,8601.52,8433.15,8498.28,523982547.83,1523231999999,4452948480856.93,256834,2018-04-08
1523232000000,8600.51,8640.05,8573.39,8619.7,200773634.02,1523318399999,1730607621955.86,303423,2018-04-09
1523318400000,8607.31,8783.66,8334.36,8613.37,200714207.64,1523404799999,1728826546925.15,496774,2018-04-10
1523404800000,8633.83,8659.7,8604.09,8629.44,260630101.94,1523491199999,2249091304228.3,88905,2018-04-11
1523491200000,8748.72,8810.89,8712.48,8743.73,206437325.46,1523577599999,1805032597725.17,123828,2018-04-12
1523577600000,8826.61,8932.21,8520.62,8786.29,671660497.78,1523663999999,5901404983859.68,154530,2018-04-13
1523664000000,8662.38,8709.17,8597.34,8678.92,211403326.7,1523750399999,1834752499028.74,243424,2018-04-14
1523750400000,8660.31,8795.01,8539.87,8701.36,617680697.49,1523836799999,5374663094122.24,74635,2018-04-15
1523836800000,8776.41,8805.58,8725.11,8760.28,508958261.65,1523923199999,4458614650532.03,472423,2018-04-16
1523923200000,8593.37,9056.51,8070.42,8573.12,693324952.35,1524009599999,5943960377923.49,186576,2018-04-17
1524009600000,8837.6,8938.55,8485.9,8683.24,355508829.06,1524095999999,3086969393584.94,94120,2018-04-18
1524096000000,9006.41,9174.86,8945.26,9016.94,275013184.56,1524182399999,2479777962052.11,258957,2018-04-19
1524182400000,9067.16,9373.07,8863.03,9074.47,355779716.41,1524268799999,3228511856526.73,398297,2018-04-20
1524268800000,8908.6,8922.95,8878.47,8899.52,349217135.88,1524355199999,3107863194431.68,108896,2018-04-21
1524355200000,9055.52,9086.93,8940.78,9015.52,583916467.47,1524441599999,5264309630845.19,146871,2018-04-22
1524441600000,9017.35,9186.19,8934.9,9014.5,485196026.89,1524527999999,4373797767232.58,232250,2018-04-23
1524528000000,9382.86,9560.23,9254.44,9341.16,484673356.77,1524614399999,4527411542370.7,121727,2018-04-24
1524614400000,9154.8,9163.33,9151.14,9157.11,188367180.24,1524700799999,1724898649668.56,88433,2018-04-25
1524700800000,9061.21,9301.79,8939.43,9049.18,686398884.35,1524787199999,6211349312030.69,458784,2018-04-26
1524787200000,9086.92,9477.08,8830.91,8986.24,600387371.6,1524873599999,5395225241698.08,173835,2018-04-27
1524873600000,8943.73,8961.63,8882.19,8942.09,175311084.05,1524959999999,1567647310326.58,289562,2018-04-28
1524960000000,9121.19,9263.84,9057.76,9167.57,444897232.24,1525046399999,4078625085041.86,481090,2018-04-29
1525046400000,9174.23,9255.39,8972.07,9089.37,381007445.21,1525132799999,3463116286134.18,136777,2018-04-30
1525132800000,9042.32,9043.65,9041.58,9042.98,448560660.0,1525219199999,4056326508279.49,142649,2018-05-01
1525219200000,9048.58,9182.85,8984.19,9083.07,309690301.37,1525305599999,2812939571124.85,117229,2018-05-02
1525305600000,9157.21,9327.05,8672.67,8989.99,763553073.38,1525391999999,6864330903614.34,222605,2018-05-03
1525392000000,9294.31,9474.37,9178.19,9245.77,389877302.29,1525478399999,3604714924066.43,153372,2018-05-04
1525478400000,9112.44,9113.98,9110.25,9111.78,245541528.45,1525564799999,2237321363798.02,73556,2018-05-05
1525564800000,8981.22,9134.13,8856.29,8969.63,620259266.99,1525651199999,5563498350210.64,140254,2018-05-06
1525651200000,9049.42,9151.82,9004.76,9083.08,335949410.64,1525737599999,3051457019878.27,459875,2018-05-07
1525737600000,8929.1,9229.09,8783.89,8886.93,480957407.22,1525823999999,4274235616001.84,326998,2018-05-08
1525824000000,8712.82,8871.18,8485.41,8741.5,585066275.08,1525910399999,5114354741850.28,337162,2018-05-09
1525910400000,9007.92,9043.73,8889.01,8947.49,376695685.8,1525996799999,3370479918747.44,192766,2018-05-10
1525996800000,8792.79,8857.92,8751.85,8797.51,484867866.58,1526083199999,4265630318439.1,440218,2018-05-11
1526083200000,8553.16,8643.64,8517.64,8586.85,234898479.81,1526169599999,2017039111419.99,447122,2018-05-12
1526169600000,8620.0,8637.99,8603.12,8629.43,312381690.66,1526255999999,2695674385027.96,53193,2018-05-13
1526256000000,8527.74,8593.63,8419.52,8512.88,553464519.56,1526342399999,4711577279571.39,289102,2018-05-14
1526342400000,8393.58,8567.92,8147.56,8415.38,304840001.07,1526428799999,2565344260692.22,106908,2018-05-15
1526428800000,8587.77,8685.17,8542.07,8606.07,399317126.74,1526515199999,3436552366389.66,77307,2018-05-16
1526515200000,8633.86,8808.17,8484.39,8659.55,529323522.73,1526601599999,4583701107943.68,422566,2018-05-17
1526601600000,8295.33,8317.44,8242.37,8278.37,246934062.3,1526687999999,2044210635946.57,243251,2018-05-18
1526688000000,8375.91,8641.12,8301.7,8430.34,653480855.22,1526774399999,5509066181141.76,158320,2018-05-19
1526774400000,8279.41,8316.12,8224.3,8262.85,489174059.88,1526860799999,4041970540622.03,205529,2018-05-20
1526860800000,8234.66,8258.63,8223.78,8233.55,446779861.48,1526947199999,3678586533640.98,395045,2018-05-21
1526947200000,8195.83,8375.23,8101.44,8177.52,261047610.42,1527033599999,2134721436823.46,162717,2018-05-22
1527033600000,8088.48,8417.49,7937.24,8105.25,420284335.11,1527119999999,3406509280103.69,439540,2018-05-23
1527120000000,8144.34,8171.67,8113.48,8149.0,440657552.07,1527206399999,3590920317259.3,481816,2018-05-24
1527206400000,8019.32,8039.95,7999.01,8017.61,138425757.02,1527292799999,1109843546998.19,492944,2018-05-25
1527292800000,8131.26,8270.48,7960.08,8078.59,422765921.43,1527379199999,3415353866942.57,250578,2018-05-26
1527379200000,8016.45,8076.2,7963.63,8001.73,341369232.73,1527465599999,2731544623641.23,348631,2018-05-27
1527465600000,7992.97,8023.88,7895.31,7937.83,287369507.78,1527551999999,2281090167755.46,378284,2018-05-28
1527552000000,7805.32,7911.29,7702.58,7828.56,568535037.48,1527638399999,4450808594809.0,287264,2018-05-29
1527638400000,7816.53,7818.62,7812.06,7814.39,205551114.87,1527724799999,1606256600562.43,454825,2018-05-30
1527724800000,7895.84,8065.15,7718.11,7893.86,428480412.51,1527811199999,3382365880450.19,400332,2018-05-31
1527811200000,7800.73,7841.47,7783.85,7823.8,194169208.43,1527897599999,1519140484317.75,214271,2018-06-01
1527897600000,7548.62,7771.86,7476.32,7640.46,359604384.75,1527983999999,2747541498917.01,132181,2018-06-02
1527984000000,7600.88,7987.21,7341.86,7694.41,561016630.34,1528070399999,4316690074380.32,244745,2018-06-03
1528070400000,7601.44,7853.28,7534.09,7708.23,430067139.66,1528156799999,3315054501797.3,328363,2018-06-04
1528156800000,7420.46,7480.62,7324.94,7441.32,175503802.01,1528243199999,1305980693371.12,210525,2018-06-05
1528243200000,7566.58,7636.94,7546.01,7596.75,207215581.72,1528329599999,1574165671553.94,450387,2018-06-06
1528329600000,7438.49,7453.29,7434.39,7441.99,199080497.83,1528415999999,1481555108026.37,446668,2018-06-07
1528416000000,7530.07,7564.87,7425.1,7506.79,279177762.65,1528502399999,2095728421715.28,136074,2018-06-08
1528502400000,7423.15,7510.87,7282.71,7341.97,366270972.56,1528588799999,2689149966019.43,458358,2018-06-09
1528588800000,7205.03,7207.23,7199.14,7204.44,243267481.03,1528675199999,1752606463660.71,266897,2018-06-10
1528675200000,7159.81,7192.99,7140.35,7175.11,267226662.66,1528761599999,1917380132921.27,352086,2018-06-11
1528761600000,7277.72,7302.77,7232.57,7276.33,425012786.94,1528847999999,3092532147848.1,331816,2018-06-12
1528848000000,7340.56,7417.92,7187.13,7248.75,234666642.62,1528934399999,1701040126289.19,470116,2018-06-13
1528934400000,7080.27,7164.15,7038.68,7102.41,270890302.61,1529020799999,1923973558155.39,328015,2018-06-14
1529020800000,7172.0,7260.31,7121.85,7189.1,405775232.11,1529107199999,2917157957892.62,283245,2018-06-15
1529107200000,6952.4,6975.98,6923.74,6947.19,351634380.37,1529193599999,2442871512168.05,234919,2018-06-16
1529193600000,7183.33,7276.46,6948.71,7037.04,341398631.95,1529279999999,2402435299660.37,168087,2018-06-17
1529280000000,6924.51,6978.79,6776.17,6895.04,272635390.35,1529366399999,1879832902643.8,387376,2018-06-18
1529366400000,6893.8,6907.71,6887.07,6896.45,262612005.56,1529452799999,1811090599677.99,155131,2018-06-19
1529452800000,6925.6,7015.37,6749.19,6908.85,214800126.83,1529539199999,1484020876794.06,465000,2018-06-20
1529539200000,6791.41,7008.93,6540.2,6788.2,358720980.82,1529625599999,2435068800972.18,277219,2018-06-21
1529625600000,6725.36,6885.43,6548.41,6781.67,188989520.37,1529711999999,1281665411336.12,394770,2018-06-22
1529712000000,6928.2,6973.78,6783.57,6848.93,197197685.74,1529798399999,1350593281773.21,163744,2018-06-23
1529798400000,6688.6,6712.77,6638.0,6674.78,257452029.14,1529884799999,1718436127800.28,126845,2018-06-24
1529884800000,6740.53,6747.34,6732.55,6742.35,323415379.04,1529971199999,2180580613649.17,471967,2018-06-25
1529971200000,6435.9,6859.72,6210.86,6539.64,196546461.57,1530057599999,1285342195139.89,186024,2018-06-26
1530057600000,6617.31,6630.82,6613.32,6625.46,268400106.57,1530143999999,1778274928157.46,202349,2018-06-27
1530144000000,6679.97,6724.78,6564.01,6650.8,343491293.94,1530230399999,2284491733267.62,245321,2018-06-28
1530230400000,6301.97,6306.88,6294.57,6299.26,346431439.86,1530316799999,2182261060645.7,123306,2018-06-29
1530316800000,6467.52,6554.79,6207.63,6384.26,216526644.63,1530403199999,1382362642703.41,456778,2018-06-30
1530403200000,6452.7,6475.26,6413.91,6444.32,256911217.78,1530489599999,1655617877862.99,165331,2018-07-01
1530489600000,6202.9,6537.6,6119.1,6394.06,483898594.31,1530575999999,3094076623780.27,85662,2018-07-02
1530576000000,6441.63,6501.12,6403.21,6447.95,418560569.92,1530662399999,2698855552194.46,338710,2018-07-03
1530662400000,6390.93,6444.67,6249.24,6382.44,237687800.39,1530748799999,1517027120529.78,92550,2018-07-04
1530748800000,6443.72,6521.32,6412.89,6445.4,317402645.77,1530835199999,2045787011590.01,143520,2018-07-05
1530835200000,6386.6,6607.58,6256.76,6436.34,502293657.13,1530921599999,3232933104664.54,429108,2018-07-06
1530921600000,6523.06,6573.42,6501.84,6548.56,423601740.36,1531007999999,2773983047462.63,121334,2018-07-07
1531008000000,6493.06,6511.72,6466.89,6487.49,141808917.78,1531094399999,919983691476.69,243642,2018-07-08
1531094400000,6494.25,6534.87,6399.57,6503.66,210974491.4,1531180799999,1372106547045.56,405180,2018-07-09
1531180800000,6433.79,6472.58,6392.45,6455.03,200243733.65,1531267199999,1292580138081.34,213162,2018-07-10
1531267200000,6449.93,6470.85,6438.78,6458.76,258270827.83,1531353599999,1668109235981.18,267060,2018-07-11
1531353600000,6475.15,6520.79,6454.04,6472.68,172307489.6,1531439999999,1115290998090.42,382167,2018-07-12
1531440000000,6553.3,6571.86,6492.76,6546.97,270284281.96,1531526399999,1769543800341.98,208538,2018-07-13
1531526400000,6485.25,6600.83,6419.92,6492.84,382528315.85,1531612799999,2483694879719.58,290127,2018-07-14
1531612800000,6560.58,6579.14,6541.45,6558.21,183522451.77,1531699199999,1203578722982.07,254727,2018-07-15
1531699200000,6741.15,6779.91,6615.38,6708.17,229595726.33,1531785599999,1540166540369.78,68990,2018-07-16
1531785600000,6701.04,6855.04,6118.32,6623.36,676538336.38,1531871999999,4480956747832.51,138697,2018-07-17
1531872000000,6539.72,6584.74,6499.41,6538.83,273753773.94,1531958399999,1790030454083.25,432320,2018-07-18
1531958400000,6541.94,6954.75,6353.47,6668.96,583769339.9,1532044799999,3893133035627.54,353384,2018-07-19
1532044800000,6570.49,6603.07,6528.6,6551.63,146024562.08,1532131199999,956698957239.55,85413,2018-07-20
1532131200000,6500.7,6757.3,6283.36,6432.29,236621322.61,1532217599999,1522016189723.98,494195,2018-07-21
1532217600000,6496.86,6613.17,6420.84,6523.35,147153993.28,1532303999999,959936464665.23,489141,2018-07-22
1532304000000,6513.26,6549.81,6433.36,6464.45,290819509.68,1532390399999,1879987258800.05,175197,2018-07-23
1532390400000,6634.57,6692.77,6471.45,6594.65,429136830.26,1532476799999,2830005278776.2,162455,2018-07-24
1532476800000,6632.33,6658.64,6613.43,6633.72,171795942.16,1532563199999,1139646852553.88,351325,2018-07-25
1532563200000,6807.77,6859.05,6742.96,6775.55,255220432.01,1532649599999,1729259549849.68,251009,2018-07-26
1532649600000,6653.04,6766.38,6582.73,6677.71,182700804.47,1532735999999,1220022630069.21,88659,2018-07-27
1532736000000,6679.54,6729.14,6600.62,6643.78,245857610.28,1532822399999,1633422992809.83,237098,2018-07-28
1532822400000,6737.8,6883.64,6520.64,6737.36,471301700.66,1532908799999,3175330638190.81,178800,2018-07-29
1532908800000,6496.1,6563.53,6463.45,6503.38,117803605.18,1532995199999,766122014693.94,453535,2018-07-30
1532995200000,6725.69,6770.04,6663.53,6709.24,143585780.87,1533081599999,963351267675.99,110391,2018-07-31
1533081600000,6800.04,6865.81,6690.54,6761.98,318326682.89,1533167999999,2152517886967.29,165209,2018-08-01
1533168000000,6568.95,6696.05,6497.24,6590.63,334802813.91,1533254399999,2206560591728.83,442100,2018-08-02
1533254400000,6814.81,6877.18,6765.24,6811.58,184956012.82,1533340799999,1259842365200.78,165693,2018-08-03
1533340800000,6799.35,7185.98,6514.67,6756.37,341427695.89,1533427199999,2306810235943.36,426479,2018-08-04
1533427200000,6695.92,6757.21,6654.99,6705.13,377825657.42,1533513599999,2533369251589.64,67263,2018-08-05
1533513600000,6800.25,6803.83,6794.86,6799.63,106894385.36,1533599999999,726842288823.32,442198,2018-08-06
1533600000000,6897.15,7075.24,6826.87,6942.21,307318335.61,1533686399999,2133468540110.04,273345,2018-08-07
1533686400000,6744.71,6974.88,6452.27,6782.51,493677289.26,1533772799999,3348372050716.51,99210,2018-08-08
1533772800000,6809.82,6898.33,6705.21,6797.61,447706490.43,1533859199999,3043332726240.57,85252,2018-08-09
1533859200000,6690.39,6835.63,6635.29,6749.68,163378534.0,1533945599999,1102753485348.01,300568,2018-08-10
1533945600000,6736.63,6940.35,6602.97,6727.46,362769509.51,1534031999999,2440517288365.74,468701,2018-08-11
1534032000000,6915.94,6987.26,6769.69,6874.27,156149021.5,1534118399999,1073410736968.2,216222,2018-08-12
1534118400000,6758.99,6797.47,6691.4,6746.11,229976234.74,1534204799999,1551444263664.46,325707,2018-08-13
1534204800000,6793.43,7017.96,6718.27,6831.67,182434991.14,1534291199999,1246335367464.3,151062,2018-08-14
1534291200000,6820.98,7080.73,6395.77,6796.3,534755663.33,1534377599999,3634361857846.38,207939,2018-08-15
1534377600000,6914.33,7020.11,6782.64,6884.51,580460227.07,1534463999999,3996181695586.03,125073,2018-08-16
1534464000000,6746.17,6970.25,6624.7,6882.29,494771623.29,1534550399999,3405159375129.66,366771,2018-08-17
1534550400000,6954.59,6969.15,6934.61,6949.98,252399287.83,1534636799999,1754170670065.98,134884,2018-08-18
1534636800000,6860.57,6910.05,6752.28,6832.12,378118492.4,1534723199999,2583351720100.2,348706,2018-08-19
1534723200000,6878.4,6905.07,6797.54,6861.58,130089233.93,1534809599999,892617367951.41,419288,2018-08-20
1534809600000,6800.1,6846.26,6748.99,6812.58,169443858.61,1534895999999,1154350270412.82,385841,2018-08-21
1534896000000,6953.64,7185.7,6601.08,6866.42,317777303.14,1534982399999,2181992787693.53,50577,2018-08-22
1534982400000,6937.55,6988.35,6859.71,6944.2,271156865.8,1535068799999,1882968084324.72,378805,2018-08-23
1535068800000,6973.59,7051.28,6838.46,6985.46,462977498.45,1535155199999,3234112843682.34,102900,2018-08-24
1535155200000,6854.56,6863.9,6852.12,6855.55,414738014.66,1535241599999,2843255458001.16,176483,2018-08-25
1535241600000,6952.3,7158.31,6819.42,7014.38,395839985.42,1535327999999,2776570676510.05,134556,2018-08-26
1535328000000,7053.33,7143.71,7009.47,7064.7,232192142.41,1535414399999,1640367674930.65,130478,2018-08-27
1535414400000,6987.47,7015.33,6969.48,6995.83,357454416.89,1535500799999,2500689192045.84,487048,2018-08-28
1535500800000,7110.0,7231.53,6967.61,7127.96,190286563.23,1535587199999,1356355912941.49,360780,2018-08-29
1535587200000,7154.91,7330.43,6653.52,6915.83,521091826.77,1535673599999,3603780709998.09,269872,2018-08-30
1535673600000,6904.03,6914.11,6866.08,6885.92,325142976.83,1535759999999,2238907267459.37,69731,2018-08-31
1535760000000,6849.57,6914.95,6791.59,6850.59,260320096.28,1535846399999,1783345597347.79,247234,2018-09-01
1535846400000,7148.38,7250.25,6986.69,7106.67,373287687.66,1535932799999,2652830896332.91,140069,2018-09-02
1535932800000,6981.31,7072.57,6951.86,7017.34,439785357.65,1536019199999,3086123481008.71,388584,2018-09-03
1536019200000,7001.72,7226.94,6661.58,6939.37,360266209.86,1536105599999,2500019894816.5,339025,2018-09-04
1536105600000,6948.13,6967.64,6934.32,6948.6,196208134.69,1536191999999,1363371814485.15,339260,2018-09-05
1536192000000,6794.23,6878.9,6736.5,6813.39,373426221.92,1536278399999,2544297042673.59,302610,2018-09-06
1536278400000,7092.93,7100.27,7079.33,7090.16,421858031.93,1536364799999,2991039288124.12,83103,2018-09-07
1536364800000,6814.52,6941.39,6678.21,6879.99,368847908.59,1536451199999,2537668186759.8,267090,2018-09-08
1536451200000,6860.14,6889.69,6841.73,6859.66,377798691.61,1536537599999,2591570495011.01,82560,2018-09-09
1536537600000,6908.98,6942.9,6866.53,6891.5,420500165.22,1536623999999,2897877414616.84,355155,2018-09-10
1536624000000,6962.48,7030.96,6691.93,6852.66,477005627.0,1536710399999,3268757689058.16,340123,2018-09-11
1536710400000,6795.4,6894.29,6767.73,6812.92,324529601.03,1536796799999,2210994623028.63,392914,2018-09-12
1536796800000,6649.95,6779.37,6582.61,6711.72,307749213.73,1536883199999,2065528073412.04,82569,2018-09-13
1536883200000,6812.62,6821.93,6784.16,6795.56,239947078.02,1536969599999,1630575667607.41,493485,2018-09-14
1536969600000,6887.62,6929.99,6765.86,6890.85,174022528.15,1537055999999,1199163955229.15,93256,2018-09-15
1537056000000,6825.58,6839.39,6810.29,6828.49,270689802.72,1537142399999,1848403875745.68,113506,2018-09-16
1537142400000,6848.45,6874.14,6810.04,6829.45,134005259.59,1537228799999,915182357992.0,321689,2018-09-17
1537228800000,6590.93,6695.03,6526.93,6641.67,280867755.85,1537315199999,1865431301671.81,319743,2018-09-18
1537315200000,6544.15,6635.2,6506.06,6584.86,343098046.44,1537401599999,2259253728018.13,107684,2018-09-19
1537401600000,6666.62,6717.62,6572.31,6635.3,210068473.01,1537487999999,1393867881206.5,446772,2018-09-20
1537488000000,6634.07,6647.28,6623.91,6631.1,321259287.6,1537574399999,2130301791115.84,346740,2018-09-21
1537574400000,6696.01,6716.09,6681.06,6694.77,136290578.68,1537660799999,912433397453.36,373560,2018-09-22
1537660800000,6411.78,6613.54,6276.98,6455.51,153039549.56,1537747199999,987947848304.61,203471,2018-09-23
1537747200000,6691.16,6697.23,6684.82,6691.27,239590724.35,1537833599999,1603165902704.63,63871,2018-09-24
1537833600000,6537.52,6541.22,6536.51,6539.58,270310962.47,1537919999999,1767719295448.16,297019,2018-09-25
1537920000000,6501.4,6555.09,6423.69,6499.87,363167783.02,1538006399999,2360541873368.21,50322,2018-09-26
1538006400000,6457.8,6477.09,6384.46,6435.54,224117341.25,1538092799999,1442317099281.93,101885,2018-09-27
1538092800000,6368.42,6421.93,6235.68,6367.0,205941316.29,1538179199999,1311228487016.8,59409,2018-09-28
1538179200000,6533.1,6554.46,6521.5,6541.32,389837550.47,1538265599999,2550050893431.53,457674,2018-09-29
1538265600000,6463.41,6584.54,6372.52,6464.35,266521344.75,1538351999999,1722887015699.89,377410,2018-09-30
1538352000000,6401.08,6547.32,6231.85,6340.31,156936129.55,1538438399999,995023997432.87,140211,2018-10-01
1538438400000,6330.18,6337.9,6309.72,6321.54,145234844.13,1538524799999,918107839330.04,255047,2018-10-02
1538524800000,6339.34,6540.45,6102.31,6376.87,310006453.47,1538611199999,1976870126493.86,80258,2018-10-03
1538611200000,6506.23,6614.37,6363.62,6511.86,416385517.27,1538697599999,2711444361486.43,272305,2018-10-04
1538697600000,6383.03,6519.24,6248.23,6345.5,273760350.71,1538783999999,1737147594162.37,234735,2018-10-05
1538784000000,6210.94,6317.42,6161.29,6232.19,138332263.68,1538870399999,862112576826.57,139158,2018-10-06
1538870400000,6339.52,6363.53,6282.54,6309.34,118044646.09,1538956799999,744783719398.55,473080,2018-10-07
1538956800000,6324.86,6478.92,6153.8,6288.68,355963389.59,1539043199999,2238541588259.72,224172,2018-10-08
1539043200000,6077.97,6108.28,6043.83,6087.08,367901110.85,1539129599999,2239444997717.49,97097,2018-10-09
1539129600000,6271.53,6288.97,6258.01,6267.91,189238963.14,1539215999999,1186133461496.57,230069,2018-10-10
1539216000000,6236.29,6237.95,6234.68,6236.0,332735075.95,1539302399999,2074937266650.14,367726,2018-10-11
1539302400000,6361.76,6426.2,6186.71,6286.75,334590758.32,1539388799999,2103489802278.06,149516,2018-10-12
1539388800000,6252.94,6398.67,6196.77,6353.92,389878156.23,1539475199999,2477253574668.13,227648,2018-10-13
1539475200000,6254.26,6354.81,6172.74,6281.11,285007956.84,1539561599999,1790167388443.44,72184,2018-10-14
1539561600000,6154.23,6205.56,6080.76,6158.73,344481380.75,1539647999999,2121567877328.26,130302,2018-10-15
1539648000000,6045.05,6098.56,6015.42,6078.21,353827799.98,1539734399999,2150638116964.5,438571,2018-10-16
1539734400000,6344.53,6430.51,6235.97,6330.98,219920630.68,1539820799999,1392313039077.43,168128,2018-10-17
1539820800000,6118.27,6158.26,6069.16,6127.02,214747686.83,1539907199999,1315762848907.6,263911,2018-10-18
1539907200000,6151.88,6340.71,6010.09,6105.02,175538635.54,1539993599999,1071666932142.85,331224,2018-10-19
1539993600000,6008.02,6279.16,5850.6,6083.57,469555397.11,1540079999999,2856573889284.43,78468,2018-10-20
1540080000000,6113.48,6181.89,6010.18,6081.09,366622700.38,1540166399999,2229464624144.47,117639,2018-10-21
1540166400000,6026.22,6044.58,6014.53,6037.52,129990231.53,1540252799999,784818999472.55,260807,2018-10-22
1540252800000,5991.87,6020.87,5967.93,5987.83,364376612.69,1540339199999,2181824389196.38,492193,2018-10-23
1540339200000,5977.97,5982.24,5965.6,5971.22,233110824.84,1540425599999,1391956678041.4,119187,2018-10-24
1540425600000,5984.02,6005.93,5973.7,5989.64,150879670.92,1540511999999,903715652790.8,359731,2018-10-25
1540512000000,5937.23,5948.1,5915.22,5934.38,312229978.4,1540598399999,1852891540835.0,253967,2018-10-26
1540598400000,5903.93,5970.09,5866.0,5903.73,193963263.06,1540684799999,1145106649371.15,102561,2018-10-27
1540684800000,5943.64,5978.96,5911.91,5943.58,368346722.68,1540771199999,2189298670002.46,97016,2018-10-28
1540771200000,5855.42,5953.84,5739.39,5899.23,229400925.87,1540857599999,1353288344732.19,390442,2018-10-29
1540857600000,5903.83,6095.13,5848.67,6005.13,406254598.89,1540943999999,2439609772642.99,251676,2018-10-30
1540944000000,5679.99,5853.38,5517.4,5692.95,319150023.22,1541030399999,1816904349246.35,255346,2018-10-31
1541030400000,5988.48,6037.79,5870.6,5938.11,349279681.29,1541116799999,2074059617193.22,234727,2018-11-01
1541116800000,5951.32,6006.08,5893.24,5930.03,341424472.59,1541203199999,2024658113498.8,209064,2018-11-02
1541203200000,5649.1,5855.2,5574.58,5679.09,389985100.31,1541289599999,2214762395600.35,94535,2018-11-03
1541289600000,5804.69,5842.56,5664.05,5781.46,183553150.4,1541375999999,1061205260214.09,68440,2018-11-04
1541376000000,5743.02,5820.74,5715.65,5760.87,299836493.8,1541462399999,1727320205265.6,64028,2018-11-05
1541462400000,5680.72,5694.29,5651.76,5670.58,193224612.12,1541548799999,1095695170891.64,201340,2018-11-06
1541548800000,5693.98,5707.68,5678.45,5695.67,257570878.08,1541635199999,1467038775835.61,165703,2018-11-07
1541635200000,5621.01,5861.06,5415.41,5654.29,289224418.58,1541721599999,1635360064368.58,379725,2018-11-08
1541721600000,5819.71,5863.57,5796.09,5832.11,262003815.39,1541807999999,1528034449569.44,313337,2018-11-09
1541808000000,5753.85,5777.91,5742.1,5757.26,120696777.99,1541894399999,694882597005.73,357381,2018-11-10
1541894400000,5811.67,6057.82,5378.21,5761.25,157398218.41,1541980799999,906811191332.29,447910,2018-11-11
1541980800000,5701.63,5725.24,5676.13,5704.98,331640447.95,1542067199999,1892002562605.58,87367,2018-11-12
1542067200000,5552.87,5633.03,5454.56,5560.96,366669805.92,1542153599999,2039034378257.83,494717,2018-11-13
1542153600000,5565.41,5656.72,5522.61,5583.3,234872936.79,1542239999999,1311366399659.43,384039,2018-11-14
1542240000000,5631.43,5650.58,5619.53,5632.89,341796910.36,1542326399999,1925303021154.95,348513,2018-11-15
1542326400000,5423.76,5646.18,5327.05,5439.05,295252131.44,1542412799999,1605889999492.02,180494,2018-11-16
1542412800000,5518.29,5565.5,5449.52,5486.54,177539564.03,1542499199999,974078725207.16,50109,2018-11-17
1542499200000,5373.79,5393.43,5303.12,5344.54,185565221.58,1542585599999,991761170654.1,356657,2018-11-18
1542585600000,5265.03,5279.92,5212.74,5256.25,232341121.44,1542671999999,1221243334077.53,179545,2018-11-19
1542672000000,5269.81,5286.44,5213.94,5244.36,91552396.66,1542758399999,480134084195.37,186675,2018-11-20
1542758400000,5148.58,5246.11,5095.76,5147.3,235120212.7,1542844799999,1210233221698.32,420710,2018-11-21
1542844800000,5021.91,5083.15,4973.52,5018.17,286861290.85,1542931199999,1439518370015.15,483253,2018-11-22
1542931200000,5019.73,5055.53,4985.52,5029.0,181059909.16,1543017599999,910550882451.86,213435,2018-11-23
1543017600000,4822.07,4827.97,4808.96,4816.69,254527565.97,1543103999999,1225981127897.82,268876,2018-11-24
1543104000000,4822.22,4857.9,4801.0,4835.48,133990670.93,1543190399999,647908926882.99,378731,2018-11-25
1543190400000,4726.94,4800.65,4649.58,4753.59,177943582.29,1543276799999,845871412604.83,443026,2018-11-26
1543276800000,4612.43,4657.71,4590.7,4622.76,164991512.89,1543363199999,762716901033.35,192507,2018-11-27
1543363200000,4579.44,4688.7,4529.24,4577.85,197685392.9,1543449599999,904973284956.23,471627,2018-11-28
1543449600000,4373.74,4483.01,4314.11,4412.74,114178705.84,1543535999999,503840957708.61,76341,2018-11-29
1543536000000,4384.27,4491.94,4355.73,4448.79,216301068.95,1543622399999,962277735489.24,220757,2018-11-30
1543622400000,4299.99,4349.76,4268.44,4310.41,136616794.91,1543708799999,588875037412.2,380030,2018-12-01
1543708800000,4200.69,4223.37,4184.92,4213.4,177965461.15,1543795199999,749840359667.27,211794,2018-12-02
1543795200000,4206.47,4225.19,4186.59,4212.37,109154848.18,1543881599999,459800230228.01,253341,2018-12-03
1543881600000,4043.1,4061.27,4013.24,4045.52,225608480.19,1543967999999,912702565834.51,333102,2018-12-04
1543968000000,3918.83,3989.2,3810.43,3932.39,84215976.98,1544054399999,331170390599.99,235286,2018-12-05
1544054400000,3865.68,3905.14,3748.6,3846.78,255881802.2,1544140799999,984320017403.48,464655,2018-12-06
1544140800000,3931.73,4006.09,3831.7,3867.92,169169098.88,1544227199999,654333376382.43,436934,2018-12-07
1544227200000,3712.39,3746.5,3647.62,3702.23,77970243.72,1544313599999,288663543652.33,417595,2018-12-08
1544313600000,3739.63,3771.92,3716.34,3757.49,179385098.1,1544399999999,674038019188.17,363214,2018-12-09
1544400000000,3495.43,3534.3,3454.59,3510.06,202228903.93,1544486399999,709835717893.38,279380,2018-12-10
1544486400000,3581.51,3610.35,3573.57,3591.66,116379910.92,1544572799999,417996875001.72,489209,2018-12-11
1544572800000,3442.88,3475.06,3414.94,3448.71,59541637.36,1544659199999,205341887889.66,83529,2018-12-12
1544659200000,3357.28,3407.52,3276.71,3356.1,73369459.07,1544745599999,246235280287.65,135212,2018-12-13
1544745600000,3234.82,3298.92,3217.05,3258.55,195027653.58,1544831999999,635507747660.34,404723,2018-12-14
1544832000000,3198.54,3235.04,3180.65,3215.33,60283338.74,1544918399999,193830636266.16,140511,2018-12-15
1544918400000,3200.22,3230.71,3171.38,3202.72,98294017.12,1545004799999,314808176418.34,63126,2018-12-16
1545004800000,3243.57,3321.05,3196.24,3250.81,220500600.59,1545091199999,716805657909.44,386034,2018-12-17
1545091200000,3216.26,3217.45,3215.69,3216.9,112581007.99,1545177599999,362162235931.56,79250,2018-12-18
1545177600000,3284.62,3319.65,3183.95,3222.47,223883980.73,1545263999999,721459034059.69,259062,2018-12-19
1545264000000,3232.08,3262.97,3168.95,3206.78,134510657.48,1545350399999,431346048703.91,473434,2018-12-20
1545350400000,3252.1,3306.13,3141.88,3222.8,226198240.7,1545436799999,728990831569.61,299520,2018-12-21
1545436800000,3246.46,3253.72,3230.56,3241.09,55179708.18,1545523199999,178842620274.68,260536,2018-12-22
1545523200000,3103.79,3259.21,3057.48,3166.98,224793327.93,1545609599999,711915703868.17,296780,2018-12-23
1545609600000,3162.34,3211.95,3147.44,3185.12,81224609.81,1545695999999,258710372580.83,415711,2018-12-24
1545696000000,3264.7,3305.14,3228.55,3270.58,156704352.03,1545782399999,512514063249.5,393624,2018-12-25
1545782400000,3248.75,3352.16,3205.73,3252.49,153093928.85,1545868799999,497936249462.53,228600,2018-12-26
1545868800000,3241.83,3263.26,3225.48,3242.82,78343051.01,1545955199999,254052776974.33,152076,2018-12-27
1545955200000,3294.23,3364.56,3189.72,3254.89,250354109.06,1546041599999,814874212746.47,166072,2018-12-28
1546041600000,3213.55,3377.64,3104.17,3271.92,196184388.96,1546127999999,641900367124.92,90588,2018-12-29
1546128000000,3271.6,3315.57,3181.15,3241.37,181101547.14,1546214399999,587016833626.0,315378,2018-12-30
1546214400000,3241.15,3247.75,3218.51,3236.16,127378114.06,1546300799999,412215590921.53,469190,2018-12-31
1546300800000,3256.53,3341.84,3234.91,3278.52,107908407.42,1546387199999,353779899902.3,279375,2019-01-01
1546387200000,3304.92,3359.42,3101.88,3236.55,158440696.99,1546473599999,512801229883.61,253482,2019-01-02
1546473600000,3305.57,3325.53,3281.85,3295.23,95168038.71,1546559999999,313600710645.39,152627,2019-01-03
1546560000000,3200.25,3252.57,3167.42,3216.25,88868741.75,1546646399999,285824227446.33,493636,2019-01-04
1546646400000,3295.39,3358.41,3275.66,3328.1,213125677.07,1546732799999,709303606343.24,482674,2019-01-05
1546732800000,3295.89,3327.34,3287.37,3310.33,159376546.15,1546819199999,527589642102.42,236266,2019-01-06
1546819200000,3292.31,3368.64,3258.37,3305.96,184562520.77,1546905599999,610156183706.92,304282,2019-01-07
1546905600000,3371.71,3398.86,3316.24,3338.91,176598563.78,1546991999999,589647516403.29,101754,2019-01-08
1546992000000,3393.02,3423.04,3350.57,3370.2,123267082.99,1547078399999,415435059402.88,480566,2019-01-09
1547078400000,3369.92,3439.4,3171.27,3348.6,132290971.33,1547164799999,442990052600.6,411593,2019-01-10
1547164800000,3237.8,3278.9,3217.37,3239.33,109065831.69,1547251199999,353299702413.67,249619,2019-01-11
1547251200000,3237.75,3366.1,3025.69,3265.74,103140238.37,1547337599999,336829150845.59,342541,2019-01-12
1547337600000,3299.03,3305.14,3280.03,3295.93,205005568.89,1547423999999,675684888872.53,374263,2019-01-13
1547424000000,3329.29,3336.26,3322.09,3326.04,87179222.59,1547510399999,289961671543.7,131548,2019-01-14
1547510400000,3334.97,3368.9,3319.62,3349.85,213253437.69,1547596799999,714366419322.47,497429,2019-01-15
1547596800000,3305.08,3322.02,3294.27,3304.3,120235192.18,1547683199999,397293576064.41,189195,2019-01-16
1547683200000,3345.6,3356.86,3311.88,3344.98,104577355.13,1547769599999,349809162286.39,133486,2019-01-17
1547769600000,3321.78,3362.96,3256.6,3311.38,114342656.87,1547855999999,378631508143.56,163491,2019-01-18
1547856000000,3294.23,3391.21,3253.84,3321.28,147360602.61,1547942399999,489425953895.41,291837,2019-01-19
1547942400000,3293.24,3297.32,3284.99,3293.45,155702165.45,1548028799999,512797643067.57,335820,2019-01-20
1548028800000,3292.86,3410.64,3246.65,3317.01,247583698.55,1548115199999,821236744459.73,261843,2019-01-21
1548115200000,3311.67,3329.5,3284.4,3303.86,181170569.18,1548201599999,598562277079.58,346619,2019-01-22
1548201600000,3325.39,3351.45,3305.5,3323.12,69503358.97,1548287999999,230968246496.72,461562,2019-01-23
1548288000000,3341.96,3490.38,3221.55,3409.23,184017314.8,1548374399999,627358048543.2,355798,2019-01-24
1548374400000,3327.17,3344.64,3319.6,3332.43,191359269.8,1548460799999,637691399829.81,345265,2019-01-25
1548460800000,3494.92,3546.39,3437.97,3481.61,229592522.07,1548547199999,799351959097.51,454959,2019-01-26
1548547200000,3375.31,3494.22,3304.83,3399.17,131444122.77,1548633599999,446801011789.21,437478,2019-01-27
1548633600000,3373.4,3402.93,3360.52,3390.84,113594248.14,1548719999999,385179656835.1,77694,2019-01-28
1548720000000,3372.37,3434.79,3315.18,3352.61,148351119.07,1548806399999,497363112446.63,443108,2019-01-29
1548806400000,3439.27,3484.81,3370.26,3420.17,216530382.18,1548892799999,740570561058.72,54292,2019-01-30
1548892800000,3380.67,3439.16,3317.88,3372.38,124544679.0,1548979199999,420011497831.34,284234,2019-01-31
1548979200000,3410.1,3419.78,3393.72,3404.98,191980764.25,1549065599999,653690278787.82,119608,2019-02-01
1549065600000,3594.28,3711.83,3429.16,3531.94,299135653.04,1549151999999,1056528383552.58,238159,2019-02-02
1549152000000,3390.54,3562.17,3329.09,3449.35,113590097.71,1549238399999,391812300126.79,477670,2019-02-03
1549238400000,3483.64,3561.74,3438.52,3527.99,246862804.15,1549324799999,870930406461.65,177557,2019-02-04
1549324800000,3476.85,3477.78,3476.38,3477.08,57727688.49,1549411199999,200723618078.9,234162,2019-02-05
1549411200000,3552.69,3612.04,3475.95,3531.85,182172586.27,1549497599999,643406216253.69,422221,2019-02-06
1549497600000,3629.79,3673.32,3605.41,3635.65,163854984.33,1549583999999,595719144886.01,252116,2019-02-07
1549584000000,3557.03,3632.47,3521.83,3559.68,145327457.01,1549670399999,517319533492.24,152500,2019-02-08
1549670400000,3692.51,3701.56,3684.51,3691.92,149197076.14,1549756799999,550823833890.3,141590,2019-02-09
1549756800000,3639.73,3730.78,3536.02,3670.91,219762270.48,1549843199999,806728528220.41,368164,2019-02-10
1549843200000,3662.19,3703.92,3570.85,3641.92,287564302.0,1549929599999,1047285644569.39,111169,2019-02-11
1549929600000,3676.57,3770.63,3638.86,3721.36,240027011.31,1550015999999,893227313474.22,290176,2019-02-12
1550016000000,3763.64,3763.91,3763.06,3763.41,86555700.82,1550102399999,325745008125.82,322797,2019-02-13
1550102400000,3769.63,3825.78,3741.5,3774.62,109111140.79,1550188799999,411853448059.3,242608,2019-02-14
1550188800000,3662.73,3848.48,3614.17,3702.23,204835826.35,1550275199999,758350070190.86,322591,2019-02-15
1550275200000,3769.87,3773.12,3759.77,3766.84,201451148.13,1550361599999,758834755487.05,195340,2019-02-16
1550361600000,3814.91,3838.63,3790.94,3815.3,206997316.02,1550447999999,789756986267.17,276448,2019-02-17
1550448000000,3855.55,3864.83,3841.72,3849.89,136636659.68,1550534399999,526036319007.05,450103,2019-02-18
1550534400000,3919.04,3939.24,3886.79,3908.9,229674846.43,1550620799999,897775661058.83,273072,2019-02-19
1550620800000,3933.86,3968.37,3845.38,3915.0,237353895.65,1550707199999,929239858153.23,231714,2019-02-20
1550707200000,3854.1,3908.77,3821.92,3870.31,106600432.78,1550793599999,412576196469.94,384499,2019-02-21
1550793600000,3966.46,3997.43,3942.65,3978.07,79553356.61,1550879999999,316468582804.65,90421,2019-02-22
1550880000000,4001.94,4151.75,3878.73,4015.88,194534140.43,1550966399999,781225197513.51,74269,2019-02-23
1550966400000,4023.3,4084.67,4000.12,4040.29,98929834.63,1551052799999,399705502664.84,324368,2019-02-24
1551052800000,4012.53,4264.56,3902.38,4092.4,447562457.19,1551139199999,1831602921250.63,434577,2019-02-25
1551139200000,4071.73,4143.52,4052.44,4107.36,219136135.98,1551225599999,900071452618.35,285421,2019-02-26
1551225600000,4187.06,4244.31,4064.0,4115.89,267073995.75,1551311999999,1099246723327.24,107231,2019-02-27
1551312000000,4120.38,4179.93,4052.21,4116.53,178107239.64,1551398399999,733183974581.77,476479,2019-02-28
1551398400000,4040.8,4079.07,4021.23,4064.02,220409772.38,1551484799999,895749117144.44,202536,2019-03-01
1551484800000,4199.19,4285.62,4113.63,4194.85,254891765.71,1551571199999,1069232370035.78,89497,2019-03-02
1551571200000,4124.5,4332.48,4060.72,4210.47,118679607.92,1551657599999,499696627227.28,372484,2019-03-03
1551657600000,4147.65,4331.64,4077.54,4240.44,233083003.97,1551743999999,988374760290.68,393626,2019-03-04
1551744000000,4225.99,4261.84,4086.78,4188.17,255745794.28,1551830399999,1071106373728.59,428610,2019-03-05
1551830400000,4198.48,4275.88,4161.74,4224.48,190328523.8,1551916799999,804038459085.9,430585,2019-03-06
1551916800000,4363.59,4391.76,4316.51,4361.09,201200116.53,1552003199999,877452541738.71,210758,2019-03-07
1552003200000,4179.98,4406.03,4093.67,4331.28,115413479.32,1552089599999,499887686778.53,445338,2019-03-08
1552089600000,4365.43,4452.08,4308.28,4395.66,175556200.17,1552175999999,771684685054.14,167950,2019-03-09
1552176000000,4448.24,4492.0,4304.9,4388.16,92580155.74,1552262399999,406256290489.02,276380,2019-03-10
1552262400000,4283.29,4574.81,4196.47,4414.91,259174896.56,1552348799999,1144233640007.45,434133,2019-03-11
1552348800000,4490.59,4507.75,4436.28,4489.99,225097594.49,1552435199999,1010686344700.27,247563,2019-03-12
1552435200000,4423.06,4451.93,4396.17,4439.01,78568306.87,1552521599999,348765238167.26,360419,2019-03-13
1552521600000,4511.14,4557.6,4455.59,4498.52,244939080.83,1552607999999,1101862414709.12,277584,2019-03-14
1552608000000,4495.66,4500.92,4488.7,4494.93,70906209.74,1552694399999,318718179061.4,362853,2019-03-15
1552694400000,4612.89,4678.95,4414.42,4522.96,132212791.53,1552780799999,597993240642.52,352180,2019-03-16
1552780800000,4390.08,4623.93,4304.67,4556.37,130638006.78,1552867199999,595234568099.25,199853,2019-03-17
1552867200000,4559.87,4731.8,4511.23,4612.26,178021852.14,1552953599999,821083385354.12,414694,2019-03-18
1552953600000,4613.29,4658.86,4539.3,4600.09,151880113.57,1553039999999,698661666623.96,94848,2019-03-19
1553040000000,4691.86,4830.83,4655.85,4723.45,119963931.8,1553126399999,566644204121.53,194936,2019-03-20
1553126400000,4662.89,4679.86,4607.32,4629.76,164692384.14,1553212799999,762486023652.46,460662,2019-03-21
1553212800000,4707.12,4766.38,4624.34,4696.11,239263904.18,1553299199999,1123610128951.15,299177,2019-03-22
1553299200000,4751.44,4816.98,4620.65,4708.36,305101817.4,1553385599999,1436528158437.29,147037,2019-03-23
1553385600000,4841.79,4845.89,4838.21,4842.65,198768518.26,1553471999999,962566638588.46,287181,2019-03-24
1553472000000,4795.31,4832.21,4710.51,4797.96,128598871.11,1553558399999,617011824642.17,317449,2019-03-25
1553558400000,4804.29,4930.88,4706.33,4872.93,158528858.49,1553644799999,772500454283.77,127096,2019-03-26
1553644800000,4760.5,4788.25,4721.2,4753.72,97398776.05,1553731199999,463006378526.11,452090,2019-03-27
1553731200000,4945.71,5019.62,4757.39,4882.26,386369971.42,1553817599999,1886359584810.27,186553,2019-03-28
1553817600000,5011.85,5069.79,4829.91,4945.57,158915459.51,1553903999999,785927919008.99,309631,2019-03-29
1553904000000,4889.57,4954.8,4845.44,4924.86,174389111.01,1553990399999,858841616639.77,340207,2019-03-30
1553990400000,5045.7,5084.05,4950.94,5009.91,153508426.38,1554076799999,769063950233.39,283775,2019-03-31
1554076800000,4944.01,4969.22,4912.55,4942.46,253973122.83,1554163199999,1255252396523.54,307102,2019-04-01
1554163200000,5084.64,5085.81,5083.15,5084.56,140137964.48,1554249599999,712540007265.52,85840,2019-04-02
1554249600000,5225.6,5359.85,5035.37,5234.65,219905847.77,1554335999999,1151129692351.92,389692,2019-04-03
1554336000000,5182.14,5403.14,4930.87,5165.65,121815863.01,1554422399999,629257551456.9,363428,2019-04-04
1554422400000,5241.37,5330.16,5193.28,5254.11,144714000.82,1554508799999,760343759690.02,203173,2019-04-05
1554508800000,5472.23,5485.84,5458.12,5470.24,127563647.56,1554595199999,697803708108.19,489970,2019-04-06
1554595200000,5576.19,5581.32,5569.16,5574.28,171287585.41,1554681599999,954805389986.6,185521,2019-04-07
1554681600000,5543.06,5627.93,5440.28,5529.79,187653810.37,1554767999999,1037686377083.14,215131,2019-04-08
1554768000000,5608.2,5642.47,5598.34,5630.29,265234592.51,1554854399999,1493347772751.1,172650,2019-04-09
1554854400000,5732.79,5753.29,5720.04,5733.49,226550032.14,1554940799999,1298921911774.48,221881,2019-04-10
1554940800000,5764.83,5921.35,5656.53,5752.73,336283019.44,1555027199999,1934544018484.3,213754,2019-04-11
1555027200000,5885.33,5900.88,5858.67,5875.68,121306239.89,1555113599999,712756889094.96,430753,2019-04-12
1555113600000,5989.27,6016.54,5889.32,5962.57,191623620.45,1555199999999,1142569384587.49,255257,2019-04-13
1555200000000,6060.09,6107.06,6004.33,6072.94,411968500.59,1555286399999,2501859160197.46,282531,2019-04-14
1555286400000,6218.48,6231.07,6203.38,6220.94,376808095.08,1555372799999,2344100197826.61,436608,2019-04-15
1555372800000,6298.84,6440.28,6232.07,6335.4,475271646.66,1555459199999,3011037554387.23,433699,2019-04-16
1555459200000,6513.84,6596.06,6469.17,6531.06,278916007.5,1555545599999,1821617748352.73,63723,2019-04-17
1555545600000,6403.88,6518.97,6189.21,6427.94,292728416.05,1555631999999,1881640772435.66,282717,2019-04-18
1555632000000,6740.82,6907.39,6452.82,6677.96,216835122.64,1555718399999,1448015914336.7,202086,2019-04-19
1555718400000,6709.51,6765.95,6603.32,6676.93,235835129.96,1555804799999,1574654194202.69,112204,2019-04-20
1555804800000,6773.67,6807.44,6744.92,6784.21,131847771.6,1555891199999,894482448230.89,269544,2019-04-21
1555891200000,6942.69,6947.34,6930.52,6938.09,197063052.76,1555977599999,1367240228567.74,88812,2019-04-22
1555977600000,6874.07,6906.21,6853.13,6882.48,338727468.83,1556063999999,2331284671393.62,110938,2019-04-23
1556064000000,7129.97,7163.29,7056.92,7103.03,204531179.63,1556150399999,1452792041075.82,372831,2019-04-24
1556150400000,7178.08,7185.09,7173.5,7179.02,264159868.1,1556236799999,1896408145734.59,321263,2019-04-25
1556236800000,7367.96,7450.6,7158.28,7301.72,470647171.88,1556323199999,3436533364857.35,260532,2019-04-26
1556323200000,7330.49,7468.58,7217.75,7378.46,368229198.54,1556409599999,2716962960293.99,369412,2019-04-27
1556409600000,7698.74,7732.45,7636.78,7666.48,316618144.35,1556495999999,2427345404347.67,170850,2019-04-28
1556496000000,7490.59,7530.55,7452.39,7483.46,342658628.35,1556582399999,2564273767747.46,232209,2019-04-29
1556582400000,7492.8,7721.84,7257.36,7586.64,500046573.08,1556668799999,3793674484525.23,234971,2019-04-30
1556668800000,7666.76,7814.46,7502.8,7671.61,366587868.85,1556755199999,2812320497881.38,110653,2019-05-01
1556755200000,7730.24,8023.61,7618.58,7771.38,635226973.54,1556841599999,4936590142208.09,322227,2019-05-02
1556841600000,7947.66,8085.3,7678.67,7857.09,312637243.12,1556927999999,2456418263481.09,482005,2019-05-03
1556928000000,7978.84,8482.08,7759.75,8126.08,314201826.25,1557014399999,2553228596247.42,178531,2019-05-04
1557014400000,8227.82,8290.68,8191.79,8244.06,231843720.34,1557100799999,1911332529479.56,154336,2019-05-05
1557100800000,8104.51,8235.79,8070.97,8143.84,310488880.79,1557187199999,2528571321269.27,233548,2019-05-06
1557187200000,8228.49,8275.6,8145.78,8211.27,133545029.58,1557273599999,1096574800706.19,479264,2019-05-07
1557273600000,8332.45,8596.22,8262.6,8435.69,569667633.47,1557359999999,4805538094648.66,414404,2019-05-08
1557360000000,8477.11,8600.52,8320.3,8426.14,362206112.23,1557446399999,3052000544931.92,469780,2019-05-09
1557446400000,8615.78,8786.47,8346.36,8641.61,636646380.8,1557532799999,5501650011975.65,312358,2019-05-10
1557532800000,8687.95,8701.97,8672.63,8691.7,504511581.65,1557619199999,4385064211666.59,430949,2019-05-11
1557619200000,8613.52,8663.87,8551.08,8605.29,390149999.36,1557705599999,3357352041025.15,169869,2019-05-12
1557705600000,8986.18,9155.12,8826.71,9023.33,227007617.86,1557791999999,2048365201306.75,467570,2019-05-13
1557792000000,9132.5,9182.47,9096.26,9145.88,153142106.31,1557878399999,1400619606400.2,95238,2019-05-14
1557878400000,8989.22,9246.05,8571.64,8980.53,625310989.67,1557964799999,5615625102270.98,271634,2019-05-15
1557964800000,9099.86,9108.65,9092.06,9098.65,220248497.81,1558051199999,2003963529907.56,188444,2019-05-16
1558051200000,9271.32,9281.81,9250.73,9266.97,283878666.97,1558137599999,2630696432919.36,158988,2019-05-17
1558137600000,9308.51,9411.22,9269.0,9366.86,366513122.41,1558223999999,3433075341375.41,278118,2019-05-18
1558224000000,9541.03,9747.78,9415.45,9498.0,329170824.85,1558310399999,3126464213804.2,115707,2019-05-19
1558310400000,9749.23,9943.34,9544.65,9747.24,594366722.35,1558396799999,5793432752878.14,221495,2019-05-20
1558396800000,9480.47,9716.28,9416.18,9591.36,219685500.46,1558483199999,2107081712134.06,238086,2019-05-21
1558483200000,9487.75,9956.14,9329.21,9612.9,668923011.63,1558569599999,6430292830154.57,379535,2019-05-22
1558569600000,9663.5,9826.21,9496.03,9637.79,495299759.29,1558655999999,4773596086771.01,292246,2019-05-23
1558656000000,9837.45,9888.25,9691.87,9807.33,588034615.69,1558742399999,5767052322683.02,410637,2019-05-24
1558742400000,9988.14,9993.96,9977.37,9984.26,214138081.23,1558828799999,2138011292638.36,163586,2019-05-25
1558828800000,10357.51,10728.41,10098.89,10299.47,397703494.68,1558915199999,4096136536764.08,207437,2019-05-26
1558915200000,10209.48,10295.33,10024.49,10113.26,392077565.22,1559001599999,3965182794171.73,341840,2019-05-27
1559001600000,10504.57,10646.38,10119.58,10298.17,596196650.78,1559087999999,6139734130557.64,242926,2019-05-28
1559088000000,10358.59,10481.52,10160.21,10362.66,609881133.96,1559174399999,6319992820183.22,248540,2019-05-29
1559174400000,10585.55,10774.26,10493.95,10607.97,537640976.64,1559260799999,5703281434777.75,489206,2019-05-30
1559260800000,10916.65,10969.9,10788.74,10872.94,588502460.21,1559347199999,6398751944091.6,76233,2019-05-31
1559347200000,10875.01,11184.45,10085.82,10579.23,692412027.64,1559433599999,7325187847638.89,435328,2019-06-01
1559433600000,10670.27,10768.97,10637.9,10678.09,580996972.62,1559519999999,6203938315136.46,425968,2019-06-02
1559520000000,10940.18,11068.52,10737.69,10971.06,505172913.35,1559606399999,5542282140701.72,423612,2019-06-03
1559606400000,10992.01,11219.28,10746.98,11018.84,749362878.95,1559692799999,8257112541955.03,406108,2019-06-04
1559692800000,11226.26,11347.85,11170.34,11267.82,211174827.0,1559779199999,2379479137133.84,443135,2019-06-05
1559779200000,11210.57,11224.02,11174.99,11195.55,326791113.85,1559865599999,3658606237815.82,55342,2019-06-06
1559865600000,11151.69,11192.74,11121.28,11163.43,456219144.89,1559951999999,5092968264708.93,444469,2019-06-07
1559952000000,11409.78,11432.27,11334.71,11386.02,721171932.29,1560038399999,8211275766538.1,155933,2019-06-08
1560038400000,11515.45,11661.91,11477.71,11551.67,195893229.52,1560124799999,2262894069934.59,257254,2019-06-09
1560124800000,11635.89,11721.41,11537.11,11607.29,366761860.65,1560211199999,4257109910094.92,125210,2019-06-10
1560211200000,11659.09,11660.81,11657.22,11658.78,279926479.34,1560297599999,3263600181788.34,278782,2019-06-11
1560297600000,11867.77,11965.4,11777.4,11831.89,240030819.54,1560383999999,2840017817397.0,319182,2019-06-12
1560384000000,11912.82,12090.17,11727.88,11941.71,832034830.19,1560470399999,9935920889975.66,297087,2019-06-13
1560470400000,11960.06,12687.48,11530.57,12067.47,924103128.9,1560556799999,11151589296989.83,244578,2019-06-14
1560556800000,11882.59,12531.59,11586.46,12057.85,772183562.46,1560643199999,9310869984468.03,180789,2019-06-15
1560643200000,11966.63,12337.42,11873.61,12034.64,717776675.93,1560729599999,8638184297288.08,127033,2019-06-16
1560729600000,12134.3,12300.27,12010.14,12174.34,559720352.08,1560815999999,6814224309560.8,70056,2019-06-17
1560816000000,12273.06,12682.5,12107.58,12424.37,378205354.22,1560902399999,4698964413684.6,436745,2019-06-18
1560902400000,12292.49,12406.89,11994.25,12220.19,705746375.82,1560988799999,8624356994461.24,203770,2019-06-19
1560988800000,12505.08,12521.03,12455.8,12490.31,715066711.4,1561075199999,8931404073730.84,280476,2019-06-20
1561075200000,12527.33,12806.95,12082.67,12470.27,978624730.66,1561161599999,12203716692119.32,143143,2019-06-21
1561161600000,12625.32,12698.63,12528.72,12627.88,736789294.39,1561247999999,9304089554298.78,454662,2019-06-22
1561248000000,12918.66,12999.53,12882.02,12912.75,271272018.72,1561334399999,3502868805152.94,213496,2019-06-23
1561334400000,12874.23,12959.86,12751.91,12841.14,530334685.75,1561420799999,6810104333888.38,272892,2019-06-24
1561420800000,12912.76,12913.47,12912.41,12913.07,494143853.8,1561507199999,6380916155005.72,381207,2019-06-25
1561507200000,12697.85,12942.06,12615.09,12787.86,644407491.72,1561593599999,8240594360754.63,179695,2019-06-26
1561593600000,13060.36,13079.7,13039.45,13065.21,246589989.26,1561679999999,3221751190147.88,364196,2019-06-27
1561680000000,12966.52,13274.81,12635.65,12998.42,551774796.34,1561766399999,7172198811832.8,195052,2019-06-28
1561766400000,13190.17,13312.42,13004.46,13181.28,270408395.78,1561852799999,3564327955773.7,257308,2019-06-29
1561852800000,12782.3,12968.83,12524.12,12749.75,797024922.14,1561939199999,10161869468208.22,65205,2019-06-30
1561939200000,12787.85,12887.25,12719.47,12779.79,431322391.61,1562025599999,5512209088495.06,261077,2019-07-01
1562025600000,12742.16,12834.52,12656.17,12733.52,873696070.06,1562111999999,11125222067468.56,102053,2019-07-02
1562112000000,12911.18,12999.48,12787.98,12884.13,611490392.12,1562198399999,7878524544396.48,422027,2019-07-03
1562198400000,12581.12,12583.09,12576.54,12579.63,230287160.77,1562284799999,2896926814105.34,360815,2019-07-04
1562284800000,12564.74,12826.17,12387.4,12585.28,672879727.54,1562371199999,8468380945304.5,450947,2019-07-05
1562371200000,12524.8,12857.25,12421.59,12583.67,289367149.02,1562457599999,3641299945669.23,221067,2019-07-06
1562457600000,12469.91,12472.56,12465.09,12469.65,216414536.11,1562543999999,2698613967204.2,149505,2019-07-07
1562544000000,12350.53,12372.77,12277.63,12324.66,688142643.89,1562630399999,8481126477281.06,131294,2019-07-08
1562630400000,12500.74,12723.44,12039.04,12369.04,671545200.65,1562716799999,8306369481498.52,107532,2019-07-09
1562716800000,12437.48,12554.79,12320.8,12447.89,439557316.56,1562803199999,5471559226528.44,158857,2019-07-10
1562803200000,12236.13,12383.38,11945.79,12088.05,376059022.39,1562889599999,4545818803143.03,69757,2019-07-11
1562889600000,12145.84,12582.22,11937.42,12207.51,762945587.3,1562975999999,9313663909917.43,364870,2019-07-12
1562976000000,11898.07,12140.07,11811.88,12035.34,831638514.9,1563062399999,10009054282849.22,437111,2019-07-13
1563062400000,12282.98,12375.32,12202.63,12259.9,245478085.54,1563148799999,3009535627236.94,225345,2019-07-14
1563148800000,11815.59,11864.34,11783.34,11815.83,514750488.44,1563235199999,6082202842213.72,442492,2019-07-15
1563235200000,11883.0,11921.66,11869.18,11904.69,551943385.49,1563321599999,6570714894227.58,178781,2019-07-16
1563321600000,11866.23,12061.44,11813.99,11988.35,468940636.02,1563407999999,5621824287483.46,59732,2019-07-17
1563408000000,12107.58,12148.84,12076.97,12106.83,580105245.95,1563494399999,7023235878695.04,402078,2019-07-18
1563494400000,11479.5,12671.35,10917.68,11823.5,634729814.42,1563580799999,7504727755348.93,122853,2019-07-19
1563580800000,11797.76,11883.94,11514.1,11703.59,334480776.54,1563667199999,3914626749781.04,338754,2019-07-20
1563667200000,11962.19,12223.45,11819.65,11996.17,380529218.3,1563753599999,4564891394974.08,67663,2019-07-21
1563753600000,11485.84,11583.16,11324.51,11477.63,731007799.0,1563839999999,8390239246474.8,254893,2019-07-22
1563840000000,11278.94,11547.24,11166.17,11322.99,452234607.22,1563926399999,5120647630058.69,310985,2019-07-23
1563926400000,11698.57,12096.18,11446.68,11640.24,916415160.9,1564012799999,10667296222099.46,299273,2019-07-24
1564012800000,11456.89,11476.97,11444.64,11458.9,377686396.85,1564099199999,4327872117449.35,426006,2019-07-25
1564099200000,11331.94,11348.71,11317.88,11336.96,458831485.49,1564185599999,5201752441634.14,153923,2019-07-26
1564185600000,11582.32,11658.8,11415.67,11524.0,647463093.53,1564271999999,7461362876520.81,146752,2019-07-27
1564272000000,11348.18,11565.19,11293.39,11409.4,492554893.88,1564358399999,5619756532942.64,208594,2019-07-28
1564358400000,11327.93,11393.02,11164.01,11248.71,347218701.76,1564444799999,3905763289174.52,151893,2019-07-29
1564444800000,11087.64,11130.8,11068.98,11101.41,553619005.01,1564531199999,6145950126338.44,396540,2019-07-30
1564531200000,11465.47,12072.55,10378.88,11341.39,457379100.4,1564617599999,5187314242966.52,484780,2019-07-31
1564617600000,11237.26,11326.1,11202.18,11260.31,616492372.71,1564703999999,6941896307905.38,261344,2019-08-01
1564704000000,11130.35,11260.67,10962.61,11109.15,578964074.63,1564790399999,6431799438830.26,58260,2019-08-02
1564790400000,11353.2,11407.0,11220.76,11316.99,651730306.58,1564876799999,7375622384562.91,169416,2019-08-03
1564876800000,10775.52,11231.6,10491.11,10879.38,244528481.43,1564963199999,2660317295495.94,469750,2019-08-04
1564963200000,10684.39,10921.64,10565.95,10769.33,347775263.54,1565049599999,3745305322676.93,159221,2019-08-05
1565049600000,10863.88,10925.49,10789.99,10828.74,659257753.84,1565135999999,7138931012745.23,116103,2019-08-06
1565136000000,10895.22,10921.19,10796.56,10862.71,266664531.49,1565222399999,2896699795831.03,394711,2019-08-07
1565222400000,10851.6,10904.18,10808.1,10849.5,596160439.9,1565308799999,6468042418581.52,259182,2019-08-08
1565308800000,10726.25,10765.23,10698.13,10736.0,365294092.55,1565395199999,3921795565874.51,363038,2019-08-09
1565395200000,10763.34,10765.55,10759.04,10761.69,205266547.11,1565481599999,2209015190287.92,145021,2019-08-10
1565481600000,10452.9,10561.49,10424.22,10505.49,311204146.34,1565567999999,3269351903917.39,281313,2019-08-11
1565568000000,10798.84,10799.23,10798.28,10798.83,363685360.69,1565654399999,3927376680201.73,468658,2019-08-12
1565654400000,10520.86,10623.34,10402.5,10553.76,617503993.02,1565740799999,6516991897582.55,382462,2019-08-13
1565740800000,10635.04,10792.14,10464.75,10654.39,246121403.78,1565827199999,2622273967637.84,422723,2019-08-14
1565827200000,10556.24,10752.8,10308.47,10505.72,451224622.59,1565913599999,4740437963484.71,213984,2019-08-15
1565913600000,10487.45,10586.2,10303.44,10469.01,563071349.58,1565999999999,5894798770424.97,139284,2019-08-16
1566000000000,10515.65,10710.78,10132.31,10432.04,638243019.67,1566086399999,6658173942192.41,234205,2019-08-17
1566086400000,10372.05,10374.51,10362.34,10365.84,212523751.12,1566172799999,2202987342693.1,56727,2019-08-18
1566172800000,10368.21,10410.65,10261.51,10338.83,661177533.12,1566259199999,6835802919034.03,182317,2019-08-19
1566259200000,10393.96,10479.95,10325.28,10371.79,612570915.06,1566345599999,6353454641651.06,215446,2019-08-20
1566345600000,10163.05,10206.39,10149.85,10182.16,426942920.6,1566431999999,4347203089147.15,438362,2019-08-21
1566432000000,10340.53,10680.57,9947.21,10193.46,504146314.81,1566518399999,5138994000952.16,119723,2019-08-22
1566518400000,10051.6,10067.03,10026.87,10045.89,155784700.36,1566604799999,1564995505580.3,242520,2019-08-23
1566604800000,9986.66,10323.99,9838.79,10178.89,368372131.63,1566691199999,3749618444589.71,282576,2019-08-24
1566691200000,9855.15,10047.11,9796.22,9874.42,378861173.46,1566777599999,3741034438973.88,374299,2019-08-25
1566777600000,10138.78,10256.0,10001.47,10118.53,372262036.84,1566863999999,3766743136627.76,471265,2019-08-26
1566864000000,9835.09,9891.09,9809.88,9848.98,289708392.42,1566950399999,2853332995755.75,372671,2019-08-27
1566950400000,9620.99,9670.73,9535.8,9634.67,506735690.46,1567036799999,4882233521777.28,95108,2019-08-28
1567036800000,9757.55,10013.5,9687.92,9767.23,385157865.95,1567123199999,3761925641794.04,116954,2019-08-29
1567123200000,9541.71,9847.23,9306.6,9622.21,658866440.87,1567209599999,6339748572060.54,50108,2019-08-30
1567209600000,9706.62,9808.68,9615.78,9748.1,647428853.7,1567295999999,6311201415742.9,105133,2019-08-31
1567296000000,9528.02,9556.41,9503.8,9524.82,279655676.16,1567382399999,2663669339099.53,441457,2019-09-01
1567382400000,9581.53,9816.23,9375.88,9520.97,798460277.65,1567468799999,7602116843602.01,425853,2019-09-02
1567468800000,9164.26,9705.29,8972.36,9328.03,321620003.38,1567555199999,3000080733314.35,51404,2019-09-03
1567555200000,9507.42,9576.71,9325.0,9465.01,536088127.77,1567641599999,5074081251316.06,472363,2019-09-04
1567641600000,9219.11,9239.11,9189.49,9212.89,279234350.71,1567727999999,2572555309689.8,164075,2019-09-05
1567728000000,9293.3,9494.04,9086.48,9281.29,546871037.83,1567814399999,5075666148400.69,224208,2019-09-06
1567814400000,9508.91,9630.36,9424.62,9519.41,562572452.43,1567900799999,5355359107772.09,390517,2019-09-07
1567900800000,9492.14,9721.68,9271.11,9494.25,486400519.24,1567987199999,4618006281528.83,271305,2019-09-08
1567987200000,9343.97,9563.87,9264.37,9425.66,542607030.03,1568073599999,5114427173158.35,111148,2019-09-09
1568073600000,9341.28,9466.22,8922.13,9241.51,535183532.35,1568159999999,4945901438282.15,209257,2019-09-10
1568160000000,9343.64,9363.76,9284.59,9316.88,534800465.7,1568246399999,4982674389740.96,301204,2019-09-11
1568246400000,9185.08,9385.63,9007.07,9294.04,357608853.74,1568332799999,3323631935520.38,261999,2019-09-12
1568332800000,9282.05,9377.72,9042.51,9137.86,634258248.05,1568419199999,5795760863000.98,476018,2019-09-13
1568419200000,9335.67,9606.07,9216.62,9405.57,531488450.97,1568505599999,4998949516387.93,264480,2019-09-14
1568505600000,9364.22,9430.05,9270.92,9308.09,514948240.86,1568591999999,4793183999527.66,391768,2019-09-15
1568592000000,9179.79,9246.06,9113.0,9158.98,155181657.9,1568678399999,1421306179291.32,53130,2019-09-16
1568678400000,9149.74,9225.25,9107.98,9158.51,240042872.16,1568764799999,2198434904214.48,62834,2019-09-17
1568764800000,9184.36,9327.32,8976.64,9150.6,485404756.59,1568851199999,4441746047797.9,52402,2019-09-18
1568851200000,8938.05,9000.18,8763.9,8877.04,442862037.32,1568937599999,3931305150148.06,205154,2019-09-19
1568937600000,9082.09,9103.33,9017.27,9045.31,208328229.09,1569023999999,1884394006430.2,151203,2019-09-20
1569024000000,8975.21,9078.52,8837.36,8970.43,262542790.13,1569110399999,2355120781141.63,50424,2019-09-21
1569110400000,8917.97,8951.6,8882.28,8908.29,339078333.37,1569196799999,3020608594852.71,251430,2019-09-22
1569196800000,8933.27,9262.49,8722.76,8958.57,319534691.28,1569283199999,2862573112353.96,66986,2019-09-23
1569283200000,9126.71,9297.62,8860.83,9154.42,608584323.23,1569369599999,5571237921673.02,276609,2019-09-24
1569369600000,9041.62,9112.62,8887.63,9002.03,436155637.42,1569455999999,3926286868990.73,186674,2019-09-25
1569456000000,8824.58,8865.51,8773.93,8844.52,378287058.6,1569542399999,3345765776215.67,345108,2019-09-26
1569542400000,9026.28,9170.88,8836.64,8938.78,568836032.39,1569628799999,5084698403292.99,237537,2019-09-27
1569628800000,8990.61,9086.21,8920.46,8998.61,571186713.08,1569715199999,5139887352027.75,422560,2019-09-28
1569715200000,8936.93,9025.79,8783.98,8920.11,273015794.86,1569801599999,2435330951420.16,125663,2019-09-29
1569801600000,8809.66,8821.54,8790.12,8800.74,224568214.32,1569887999999,1976365890726.94,167540,2019-09-30
1569888000000,8685.88,8751.7,8657.6,8698.61,252105174.98,1569974399999,2192964323293.42,66086,2019-10-01
1569974400000,8808.34,8818.29,8804.81,8812.11,381934472.08,1570060799999,3365648290601.19,92394,2019-10-02
1570060800000,8808.1,9156.89,8620.6,8752.24,709766417.63,1570147199999,6212048479813.38,373339,2019-10-03
1570147200000,8904.75,8999.66,8534.2,8776.61,290947961.13,1570233599999,2553537502894.77,330775,2019-10-04
1570233600000,8720.91,8725.31,8719.75,8721.53,178694847.17,1570319999999,1558492244133.01,342091,2019-10-05
1570320000000,8762.05,8855.1,8475.65,8736.44,406099389.34,1570406399999,3547863545506.61,331215,2019-10-06
1570406400000,8554.25,8989.43,8098.46,8544.76,696006281.29,1570492799999,5947209225584.79,226120,2019-10-07
1570492800000,8724.16,8742.37,8685.93,8707.74,315213805.89,1570579199999,2744799285590.41,153102,2019-10-08
1570579200000,8566.85,8611.64,8462.15,8564.7,378639627.57,1570665599999,3242936707909.25,327249,2019-10-09
1570665600000,8874.61,9313.74,8513.77,8728.76,425046272.76,1570751999999,3710126193060.02,274167,2019-10-10
1570752000000,8377.39,8503.37,8327.43,8418.68,365995848.49,1570838399999,3081203255820.26,159088,2019-10-11
1570838400000,8650.83,8714.78,8551.82,8637.37,344844166.43,1570924799999,2978546417338.85,224554,2019-10-12
1570924800000,8414.14,8655.99,8175.29,8453.36,618710329.25,1571011199999,5230182327234.6,443615,2019-10-13
1571011200000,8328.57,8376.44,8315.76,8339.85,481797421.41,1571097599999,4018117836118.79,152105,2019-10-14
1571097600000,8345.29,8372.49,8293.05,8329.13,209629668.16,1571183999999,1746032993133.96,155387,2019-10-15
1571184000000,8252.03,8472.49,8159.43,8317.9,266733123.26,1571270399999,2218659765984.19,404848,2019-10-16
1571270400000,8366.73,8372.48,8358.87,8364.58,503168655.47,1571356799999,4208795610068.06,199046,2019-10-17
1571356800000,8354.54,8389.09,8308.08,8346.48,254672170.06,1571443199999,2125617193466.26,293846,2019-10-18
1571443200000,8191.48,8287.52,8024.35,8209.76,598567270.04,1571529599999,4914091012904.15,167178,2019-10-19
1571529600000,8233.69,8243.1,8229.33,8236.48,222456904.87,1571615999999,1832262077276.73,280665,2019-10-20
1571616000000,8401.99,8467.8,8340.19,8422.2,468284068.87,1571702399999,3943980282129.92,311278,2019-10-21
1571702400000,8395.9,8505.63,8273.3,8352.98,241604846.65,1571788799999,2018119986318.87,263986,2019-10-22
1571788800000,8277.28,8335.04,8072.28,8198.26,233822637.83,1571875199999,1916938100394.67,404296,2019-10-23
1571875200000,8152.37,8203.33,7989.99,8131.48,159438921.3,1571961599999,1296475098662.6,314548,2019-10-24
1571961600000,8004.26,8240.57,7925.32,8111.67,448810003.46,1572047999999,3640597314513.92,356049,2019-10-25
1572048000000,8160.66,8223.81,8101.74,8131.65,296733034.75,1572134399999,2412929675560.47,189566,2019-10-26
1572134400000,7944.89,7969.07,7924.35,7945.71,488861620.06,1572220799999,3884353087849.18,89884,2019-10-27
1572220800000,7989.97,7998.5,7983.89,7991.91,277305378.04,1572307199999,2216198803999.15,234283,2019-10-28
1572307200000,7845.19,7931.05,7647.37,7828.93,187732850.9,1572393599999,1469746840708.89,98655,2019-10-29
1572393600000,8040.35,8151.62,7922.94,7999.25,149828505.16,1572479999999,1198515703899.28,192468,2019-10-30
1572480000000,8012.8,8023.99,7971.46,7994.95,451751578.09,1572566399999,3611729646961.12,211581,2019-10-31
1572566400000,7980.91,8052.69,7771.26,7859.72,277317622.01,1572652799999,2179638102032.58,489385,2019-11-01
1572652800000,7882.06,8131.63,7806.62,8026.57,465693075.33,1572739199999,3737918995823.44,289450,2019-11-02
1572739200000,7816.28,8011.21,7594.95,7734.53,282266898.07,1572825599999,2183202602546.36,480029,2019-11-03
1572825600000,7680.03,7692.43,7673.48,7684.77,266373410.65,1572911999999,2047017391687.32,154728,2019-11-04
1572912000000,7735.92,8014.8,7641.27,7815.44,459263778.59,1572998399999,3589347665864.74,124886,2019-11-05
1572998400000,7865.07,7869.25,7861.66,7864.26,243516146.38,1573084799999,1915073370905.24,436466,2019-11-06
1573084800000,7898.07,7910.65,7861.69,7895.27,285260453.25,1573171199999,2252208196200.98,269641,2019-11-07
1573171200000,7702.16,7894.01,7515.94,7668.65,396084532.09,1573257599999,3037433259135.85,360153,2019-11-08
1573257600000,7751.91,7930.45,7689.1,7782.79,402486279.52,1573343999999,3132465268134.82,446059,2019-11-09
1573344000000,7662.17,7675.9,7626.77,7652.02,118797944.47,1573430399999,909043998835.23,221108,2019-11-10
1573430400000,7599.54,7687.35,7536.22,7611.98,473896907.7,1573516799999,3607292184340.67,276452,2019-11-11
1573516800000,7627.37,7835.23,7422.73,7680.59,226443598.4,1573603199999,1739220389055.48,280881,2019-11-12
1573603200000,7604.82,7738.88,7531.83,7631.5,467734906.97,1573689599999,3569517365211.84,452049,2019-11-13
1573689600000,7434.87,7457.27,7352.9,7401.73,463505751.66,1573775999999,3430743689232.53,451956,2019-11-14
1573776000000,7641.51,7668.01,7633.56,7649.85,381381598.58,1573862399999,2917512253129.38,277399,2019-11-15
1573862400000,7623.79,7780.66,7469.97,7612.91,216229639.34,1573948799999,1646137453623.37,175421,2019-11-16
1573948800000,7415.84,7491.82,7372.81,7405.1,338546679.02,1574035199999,2506972824423.41,324580,2019-11-17
1574035200000,7465.37,7505.21,7384.05,7468.64,213204747.12,1574121599999,1592349291109.21,179899,2019-11-18
1574121600000,7417.28,7513.28,7373.66,7449.46,295183356.34,1574207999999,2198956124975.63,320461,2019-11-19
1574208000000,7406.28,7427.25,7356.35,7400.86,231907537.22,1574294399999,1716314310364.01,427395,2019-11-20
1574294400000,7303.23,7389.68,7251.96,7301.46,303687011.73,1574380799999,2217359505687.43,255175,2019-11-21
1574380800000,7295.66,7505.3,6896.34,7263.21,599615604.07,1574467199999,4355133401447.88,487785,2019-11-22
1574467200000,7267.24,7401.33,7140.67,7292.21,535006765.87,1574553599999,3901380410210.94,378005,2019-11-23
1574553600000,7475.63,7579.36,7177.73,7368.93,474513444.42,1574639999999,3496655709275.59,256621,2019-11-24
1574640000000,7257.42,7326.98,7187.01,7286.11,331131686.94,1574726399999,2412661770479.4,488314,2019-11-25
1574726400000,7230.92,7450.4,7071.12,7179.04,327191951.77,1574812799999,2348924311532.42,212239,2019-11-26
1574812800000,7254.42,7266.83,7227.61,7249.85,156245311.96,1574899199999,1132755662719.7,371261,2019-11-27
1574899200000,6842.89,7081.59,6771.58,6910.96,346257768.42,1574985599999,2392973828174.32,209946,2019-11-28
1574985600000,7199.91,7376.02,7147.41,7226.04,464762917.8,1575071999999,3358393360492.64,54481,2019-11-29
1575072000000,6937.79,7163.95,6791.29,6951.78,229798812.96,1575158399999,1597509961449.64,54052,2019-11-30
1575158400000,7062.34,7121.18,6999.32,7041.46,331537294.18,1575244799999,2334507612492.39,184118,2019-12-01
1575244800000,6936.97,6972.18,6927.28,6949.8,367982923.13,1575331199999,2557405885169.87,193104,2019-12-02
1575331200000,6916.45,6946.36,6866.0,6907.65,203565613.28,1575417599999,1406160921830.41,104714,2019-12-03
1575417600000,7099.63,7281.15,6941.54,7086.24,420006113.65,1575503999999,2976265618921.3,272356,2019-12-04
1575504000000,6929.6,7056.58,6791.75,6922.04,378753002.61,1575590399999,2621744369982.86,443101,2019-12-05
1575590400000,7047.75,7224.86,6706.16,6962.16,444077281.84,1575676799999,3091738179314.35,81953,2019-12-06
1575676800000,6972.27,7067.77,6851.64,6901.67,285543528.27,1575763199999,1970726461396.85,198784,2019-12-07
1575763200000,6885.75,6969.77,6805.86,6917.15,163497459.77,1575849599999,1130936379873.21,325620,2019-12-08
1575849600000,6961.15,7021.4,6757.32,6856.31,449741790.66,1575935999999,3083571277266.97,183425,2019-12-09
1575936000000,6692.51,6774.45,6627.83,6717.19,327618743.23,1576022399999,2200676666200.55,312523,2019-12-10
1576022400000,6869.95,6880.13,6863.55,6875.67,410298742.27,1576108799999,2821080147927.41,103037,2019-12-11
1576108800000,6766.01,7051.64,6619.77,6726.57,162806671.24,1576195199999,1095131061924.91,367300,2019-12-12
1576195200000,6623.89,6653.42,6583.44,6613.01,369651408.27,1576281599999,2444509679012.31,183560,2019-12-13
1576281600000,6708.88,6794.74,6463.77,6676.63,506023320.89,1576367999999,3378532291509.16,455827,2019-12-14
1576368000000,6796.3,6820.62,6773.54,6803.69,281724324.47,1576454399999,1916766171713.01,288398,2019-12-15
1576454400000,6733.2,6740.43,6712.88,6723.46,358421495.4,1576540799999,2409832563080.17,112787,2019-12-16
1576540800000,6631.66,6664.43,6549.12,6600.05,351765074.43,1576627199999,2321666485462.35,296482,2019-12-17
1576627200000,6617.51,6751.39,6491.75,6572.34,205912259.29,1576713599999,1353325129020.81,143772,2019-12-18
1576713600000,6658.83,6710.21,6585.12,6638.07,418745551.04,1576799999999,2779663699642.86,386743,2019-12-19
1576800000000,6914.35,6943.17,6860.56,6895.24,156326241.09,1576886399999,1077907610303.37,206723,2019-12-20
1576886400000,6802.8,6870.88,6776.23,6822.51,165082680.71,1576972799999,1126277535501.7,210938,2019-12-21
1576972800000,6973.01,7126.7,6531.79,6890.55,646872870.1,1577059199999,4457308903784.12,344121,2019-12-22
1577059200000,7002.87,7012.41,6991.98,7004.51,346944668.22,1577145599999,2430176518698.63,148947,2019-12-23
1577145600000,7078.71,7140.17,6866.2,7002.77,321045985.17,1577231999999,2248210392653.64,389792,2019-12-24
1577232000000,6999.11,7144.45,6862.17,7024.65,488732664.1,1577318399999,3433174676109.25,146506,2019-12-25
1577318400000,7083.85,7151.85,6918.48,7093.59,518036546.38,1577404799999,3674739614113.38,355727,2019-12-26
1577404800000,7154.51,7194.97,7120.15,7167.97,297768311.49,1577491199999,2134395456245.11,250751,2019-12-27
1577491200000,7156.1,7405.02,7082.26,7234.7,510922610.41,1577577599999,3696370834025.4,249977,2019-12-28
1577577600000,7363.97,7424.51,7264.04,7365.48,181272713.69,1577663999999,1335160463872.94,458999,2019-12-29
1577664000000,7361.36,7393.82,7346.85,7370.11,122698081.25,1577750399999,904298176595.61,397312,2019-12-30
1577750400000,7491.48,7519.89,7464.66,7494.63,465469591.08,1577836799999,3488520718707.41,161308,2019-12-31
1577836800000,7473.64,7655.13,7363.01,7485.85,328595074.69,1577923199999,2459812005879.86,82043,2020-01-01
1577923200000,7642.86,7678.78,7520.49,7564.03,207683242.15,1578009599999,1570921735757.24,447233,2020-01-02
1578009600000,7424.12,7579.68,7276.59,7437.96,420806888.42,1578095999999,3129943813917.9,216819,2020-01-03
1578096000000,7733.93,7789.62,7714.59,7768.98,341597906.36,1578182399999,2653867578953.07,331908,2020-01-04
1578182400000,7667.53,7980.57,7551.92,7780.49,413014984.12,1578268799999,3213459830045.71,179245,2020-01-05
1578268800000,7902.97,7959.9,7814.93,7905.63,245256772.49,1578355199999,1938908624110.02,279051,2020-01-06
1578355200000,7597.31,7732.65,7492.36,7602.14,279169144.14,1578441599999,2122281793620.08,255081,2020-01-07
1578441600000,8142.47,8197.17,8039.1,8138.63,385285787.12,1578527999999,3135697260707.45,213891,2020-01-08
1578528000000,7931.14,8097.94,7769.68,7990.04,256080930.1,1578614399999,2046097360121.53,137828,2020-01-09
1578614400000,8157.8,8223.97,8098.89,8174.52,375973135.74,1578700799999,3073400338147.89,444719,2020-01-10
1578700800000,7991.09,8154.82,7947.77,8029.57,314147464.28,1578787199999,2522468536826.59,322787,2020-01-11
1578787200000,8061.42,8434.67,7894.05,8255.09,602304870.82,1578873599999,4972078810565.7,202589,2020-01-12
1578873600000,8189.27,8299.15,8101.27,8154.22,453143408.29,1578959999999,3695032662678.67,152091,2020-01-13
1578960000000,8270.08,8351.76,8191.76,8260.12,392248813.67,1579046399999,3240021734266.09,262607,2020-01-14
1579046400000,8534.72,8819.58,8399.82,8578.82,275128046.45,1579132799999,2360275212256.05,52611,2020-01-15
1579132800000,8580.58,8654.85,8324.13,8430.66,400147782.8,1579219199999,3373511829040.22,462640,2020-01-16
1579219200000,8450.74,8703.44,8366.05,8536.01,257080344.15,1579305599999,2194439680304.88,53966,2020-01-17
1579305600000,8769.73,8869.69,8545.56,8667.14,222941786.95,1579391999999,1932268387952.53,128017,2020-01-18
1579392000000,8651.87,8862.68,8505.84,8692.78,567331782.38,1579478399999,4931690265064.18,93628,2020-01-19
1579478400000,8731.04,8800.21,8467.97,8720.89,207393331.75,1579564799999,1808653496315.29,181072,2020-01-20
1579564800000,8798.76,8869.71,8709.34,8807.37,430675027.76,1579651199999,3793114096444.59,390879,2020-01-21
1579651200000,9047.14,9247.19,8952.55,9087.5,361866265.21,1579737599999,3288461167822.48,272319,2020-01-22
1579737600000,8610.81,9022.35,8453.03,8890.4,587407852.98,1579823999999,5222291023317.57,277803,2020-01-23
1579824000000,8981.48,8991.2,8974.49,8981.97,242806100.78,1579910399999,2180876585981.43,278011,2020-01-24
1579910400000,9310.56,9452.94,8917.77,9137.91,523987651.05,1579996799999,4788153533382.15,263860,2020-01-25
1579996800000,9206.19,9231.88,9196.34,9208.49,504117701.49,1580083199999,4642165008786.18,314336,2020-01-26
1580083200000,9113.96,9579.0,8973.33,9282.08,449804574.57,1580169599999,4175124125772.65,218734,2020-01-27
1580169600000,9299.07,9443.99,9057.31,9286.15,255596781.27,1580255999999,2373510559989.22,416330,2020-01-28
1580256000000,9110.14,9254.08,9012.69,9152.03,205796093.21,1580342399999,1883453002017.31,277925,2020-01-29
1580342400000,9425.24,9719.24,9064.25,9526.24,411791916.09,1580428799999,3922828328534.42,459599,2020-01-30
1580428800000,9274.3,9334.85,9207.04,9277.49,200511981.51,1580515199999,1860248689668.34,469472,2020-01-31
1580515200000,9491.18,9612.9,9365.41,9505.08,516547030.08,1580601599999,4909822732098.05,74967,2020-02-01
1580601600000,9416.42,9475.68,9396.88,9448.18,531905341.18,1580687999999,5025539107273.14,91353,2020-02-02
1580688000000,9577.42,9679.91,9545.11,9590.89,262915230.63,1580774399999,2521590649204.62,107534,2020-02-03
1580774400000,9695.28,9847.9,9506.27,9700.19,618756371.72,1580860799999,6002052677976.86,345307,2020-02-04
1580860800000,9872.3,10015.39,9529.86,9763.37,335448158.54,1580947199999,3275103743077.31,52574,2020-02-05
1580947200000,10064.34,10221.19,9631.37,9839.22,759221854.07,1581033599999,7470151364780.13,84527,2020-02-06
1581033600000,10045.26,10046.81,10042.61,10044.26,420819228.91,1581119999999,4226815947985.25,196170,2020-02-07
1581120000000,9837.54,10049.92,9733.48,9971.22,652121637.75,1581206399999,6502445114251.12,239130,2020-02-08
1581206400000,9932.08,10225.69,9790.5,9951.79,623239399.56,1581292799999,6202348405196.74,244886,2020-02-09
1581292800000,10128.42,10186.41,10101.27,10161.04,172886770.72,1581379199999,1756708815093.24,59125,2020-02-10
1581379200000,10207.65,10478.18,10024.5,10252.91,644759783.08,1581465599999,6610662455312.2,76160,2020-02-11
1581465600000,10254.84,10348.96,9878.85,10022.56,292960904.93,1581551999999,2936218533586.76,397195,2020-02-12
1581552000000,10167.66,10643.58,9864.61,10309.59,558322932.79,1581638399999,5756079533754.6,268417,2020-02-13
1581638400000,10269.26,10510.4,10166.14,10386.66,269147725.94,1581724799999,2795547251677.22,309609,2020-02-14
1581724800000,9930.84,10253.3,9758.75,10074.61,577726377.13,1581811199999,5820368705203.93,383067,2020-02-15
1581811200000,10091.17,10184.78,9923.3,10085.22,409506574.77,1581897599999,4129962380351.43,306200,2020-02-16
1581897600000,9720.28,9925.61,9594.46,9714.62,286827283.14,1581983999999,2786417633412.0,67002,2020-02-17
1581984000000,9469.77,9691.9,9126.64,9557.24,605250023.3,1582070399999,5784518183657.18,326589,2020-02-18
1582070400000,9344.64,9351.2,9324.33,9334.15,440782717.79,1582156799999,4114329956698.29,165729,2020-02-19
1582156800000,9075.49,9386.91,8952.73,9166.0,495158838.59,1582243199999,4538625401741.94,191653,2020-02-20
1582243200000,8886.89,9032.25,8737.03,8856.93,489811669.06,1582329599999,4338228240662.82,482113,2020-02-21
1582329600000,8643.18,8671.2,8557.1,8633.89,421879279.83,1582415999999,3642460045581.88,469069,2020-02-22
1582416000000,8831.48,8869.24,8721.67,8760.91,365162238.75,1582502399999,3199154662304.92,257147,2020-02-23
1582502400000,8325.79,8341.84,8310.89,8321.7,449096716.18,1582588799999,3737246596623.98,56967,2020-02-24
1582588800000,8144.45,8449.38,7748.21,8120.09,300351967.56,1582675199999,2438885517194.71,465866,2020-02-25
1582675200000,7855.98,7935.77,7727.22,7821.11,507667170.71,1582761599999,3970519603920.05,370577,2020-02-26
1582761600000,7721.1,7871.7,7600.94,7779.18,237023220.77,1582847999999,1843845746238.77,60388,2020-02-27
1582848000000,7529.02,7597.65,7382.24,7528.54,545564188.89,1582934399999,4107302013335.89,205863,2020-02-28
1582934400000,7603.53,7662.91,7491.81,7607.72,167864391.75,1583020799999,1277065551847.39,437562,2020-02-29
1583020800000,7359.99,7387.35,7350.65,7359.54,131301208.63,1583107199999,966316802329.95,200634,2020-03-01
1583107200000,6790.18,7323.58,6402.4,7023.66,214288810.57,1583193599999,1505091727648.53,185102,2020-03-02
1583193600000,7056.56,7204.02,6972.06,7079.17,181578292.86,1583279999999,1285422833886.73,418624,2020-03-03
1583280000000,6916.76,7019.8,6618.93,6782.55,373415619.85,1583366399999,2532709159997.38,252675,2020-03-04
1583366400000,6542.45,6701.0,6210.53,6488.89,149418940.97,1583452799999,969563547184.13,199539,2020-03-05
1583452800000,6200.42,6414.16,5822.41,6135.3,543613778.45,1583539199999,3335230954603.67,172646,2020-03-06
1583539200000,6298.37,6357.59,6255.96,6304.39,326335113.98,1583625599999,2057344845599.72,96834,2020-03-07
1583625600000,5846.32,5860.72,5826.02,5847.27,148662926.22,1583711999999,869272662631.26,63678,2020-03-08
1583712000000,5700.89,5785.82,5475.9,5643.47,437454005.03,1583798399999,2468758251653.75,287962,2020-03-09
1583798400000,5643.1,5687.53,5610.58,5636.18,268413722.84,1583884799999,1512827910362.82,58171,2020-03-10
1583884800000,5498.69,5742.32,5307.67,5536.04,270954141.06,1583971199999,1500012968382.19,433076,2020-03-11
1583971200000,5265.53,5332.81,5187.22,5275.49,139252702.25,1584057599999,734625731325.89,189468,2020-03-12
1584057600000,5116.49,5167.37,4923.24,5033.83,308820661.07,1584143999999,1554552112600.2,473888,2020-03-13
1584144000000,5071.55,5126.4,5020.59,5098.84,182546363.92,1584230399999,930775560690.89,438081,2020-03-14
1584230400000,5220.72,5276.17,5148.49,5177.91,192380637.61,1584316799999,996130228482.62,237047,2020-03-15
1584316800000,5269.08,5312.68,5204.32,5235.38,267317067.01,1584403199999,1399507679053.19,163487,2020-03-16
1584403200000,5271.95,5338.59,5144.26,5268.57,192297053.91,1584489599999,1013129600301.43,290280,2020-03-17
1584489600000,5388.25,5442.31,5211.11,5320.2,299100936.53,1584575999999,1591277839485.15,473180,2020-03-18
1584576000000,5374.02,5375.42,5368.88,5372.23,237568818.28,1584662399999,1276275039366.02,63853,2020-03-19
1584662400000,5408.35,5456.12,5335.87,5389.77,359896894.88,1584748799999,1939762726401.65,90797,2020-03-20
1584748800000,5493.98,5516.18,5462.81,5483.16,247699180.9,1584835199999,1358175392920.68,119055,2020-03-21
1584835200000,5460.53,5480.6,5413.45,5451.36,182925022.06,1584921599999,997190729079.83,269627,2020-03-22
1584921600000,5657.55,5821.14,5532.23,5620.48,311678508.86,1585007999999,1751782270423.26,389902,2020-03-23
1585008000000,5585.61,5654.35,5558.23,5622.33,310718458.07,1585094399999,1746962180145.31,347508,2020-03-24
1585094400000,5618.5,5711.04,5568.84,5676.36,230731635.78,1585180799999,1309716068326.32,350570,2020-03-25
1585180800000,5830.48,5914.92,5667.38,5827.81,463723572.6,1585267199999,2702491853420.66,236073,2020-03-26
1585267200000,6066.8,6179.88,5697.31,5976.15,242263437.15,1585353599999,1447803078135.89,248064,2020-03-27
1585353600000,5972.85,6034.42,5944.92,6006.14,254859789.59,1585439999999,1530724352650.14,288096,2020-03-28
1585440000000,5880.38,6094.14,5756.1,5890.25,197134744.66,1585526399999,1161172910463.4,443413,2020-03-29
1585526400000,5982.23,6013.43,5952.89,5994.06,197360319.73,1585612799999,1182990284069.98,212494,2020-03-30
1585612800000,6269.75,6400.43,6046.53,6198.0,448205638.25,1585699199999,2777980022233.76,455783,2020-03-31
1585699200000,6122.15,6135.23,6085.41,6118.53,181571315.27,1585785599999,1110949226504.6,172886,2020-04-01
1585785600000,6233.53,6248.84,6220.34,6237.38,307093054.59,1585871999999,1915455579305.72,452709,2020-04-02
1585872000000,6349.96,6550.19,6268.19,6358.64,153145114.58,1585958399999,973795411952.98,303522,2020-04-03
1585958400000,6294.67,6345.07,6263.78,6305.53,201695187.5,1586044799999,1271794753996.07,321907,2020-04-04
1586044800000,6478.13,6499.36,6403.09,6450.52,113147738.18,1586131199999,729861669009.35,445874,2020-04-05
1586131200000,6347.19,6453.5,6274.71,6400.95,260989544.02,1586217599999,1670580854526.41,368204,2020-04-06
1586217600000,6363.32,6743.64,6252.65,6520.4,144439869.68,1586303999999,941805825283.19,256130,2020-04-07
1586304000000,6591.98,6713.49,6532.55,6655.95,276870376.01,1586390399999,1842836009493.03,138951,2020-04-08
1586390400000,6593.15,6618.15,6508.23,6565.27,175797076.11,1586476799999,1154155839891.4,368815,2020-04-09
1586476800000,6791.34,6799.42,6783.09,6791.64,251685022.25,1586563199999,1709354571132.27,478211,2020-04-10
1586563200000,6790.68,6921.58,6622.89,6817.04,349066970.31,1586649599999,2379602532299.18,154355,2020-04-11
1586649600000,6705.33,7059.71,6480.44,6926.98,377366808.43,1586735999999,2614011765777.03,101587,2020-04-12
1586736000000,6950.85,7000.77,6929.57,6962.73,295744706.14,1586822399999,2059189442262.66,190695,2020-04-13
1586822400000,7108.47,7136.63,7086.16,7121.48,245379527.69,1586908799999,1747465015613.4,126449,2020-04-14
1586908800000,7116.0,7185.85,6885.04,7080.11,188669026.87,1586995199999,1335798370969.53,129790,2020-04-15
1586995200000,7079.34,7152.71,7060.69,7095.45,208412673.11,1587081599999,1478782138643.24,318933,2020-04-16
1587081600000,7196.66,7231.62,7131.53,7205.47,326502267.04,1587167999999,2352603692847.8,396134,2020-04-17
1587168000000,7289.96,7342.1,7251.72,7304.94,203886903.79,1587254399999,1489382368164.15,378056,2020-04-18
1587254400000,7335.63,7359.18,7261.12,7324.63,204138830.72,1587340799999,1495241618099.48,409199,2020-04-19
1587340800000,7384.07,7393.17,7376.0,7386.65,362793849.33,1587427199999,2679830147259.63,260135,2020-04-20
1587427200000,7377.57,7468.54,7260.35,7383.04,397112958.72,1587513599999,2931900997537.59,177046,2020-04-21
1587513600000,7494.62,7532.61,7409.87,7448.75,511635478.66,1587599999999,3811042766045.19,233095,2020-04-22
1587600000000,7548.78,7662.94,7328.96,7443.75,441938662.76,1587686399999,3289682604007.77,195266,2020-04-23
1587686400000,7838.86,8038.98,7660.29,7794.17,595144071.62,1587772799999,4638654899688.38,239536,2020-04-24
1587772800000,7571.87,7609.07,7534.13,7581.73,268785065.72,1587859199999,2037855206193.13,103833,2020-04-25
1587859200000,7673.66,7843.89,7614.08,7694.8,333905045.52,1587945599999,2569333993126.22,187421,2020-04-26
1587945600000,7766.59,7791.63,7725.3,7754.6,217157549.24,1588031999999,1683970154215.8,473857,2020-04-27
1588032000000,7931.83,8072.51,7830.36,7969.42,181362087.75,1588118399999,1445350790259.95,353170,2020-04-28
1588118400000,7919.78,7920.46,7917.27,7919.33,285143662.62,1588204799999,2258146312985.54,417874,2020-04-29
1588204800000,8149.27,8166.96,8093.77,8130.1,474353086.79,1588291199999,3856540401443.19,403610,2020-04-30
1588291200000,7998.73,8048.13,7951.16,8007.64,462116152.07,1588377599999,3700458507163.56,453212,2020-05-01
1588377600000,8309.36,8413.62,8045.13,8162.83,271562740.48,1588463999999,2216720652313.05,329846,2020-05-02
1588464000000,8120.82,8133.21,8110.5,8116.12,238067437.68,1588550399999,1932184826645.82,457289,2020-05-03
1588550400000,8465.37,8550.52,8437.18,8473.67,396930526.18,1588636799999,3363458414330.86,201365,2020-05-04
1588636800000,8195.06,8213.9,8185.88,8205.11,450947760.25,1588723199999,3700074104469.62,76365,2020-05-05
1588723200000,8414.3,8421.52,8408.15,8417.62,396228007.98,1588809599999,3335296881393.55,132198,2020-05-06
1588809600000,8472.01,8698.51,8181.32,8513.41,379990266.38,1588895999999,3235013341428.56,300939,2020-05-07
1588896000000,8571.34,8681.09,8484.54,8554.13,307717176.14,1588982399999,2632252982844.25,230406,2020-05-08
1588982400000,8560.21,8581.84,8542.55,8555.51,442887818.51,1589068799999,3789131653142.52,295711,2020-05-09
1589068800000,8676.72,8898.12,8503.36,8623.83,328523272.4,1589155199999,2833129690000.18,499700,2020-05-10
1589155200000,8733.47,8842.44,8612.5,8704.57,539960912.48,1589241599999,4700129675354.76,447515,2020-05-11
1589241600000,8708.41,8756.06,8676.5,8722.39,160139744.22,1589327999999,1396801492578.8,319206,2020-05-12
1589328000000,8870.6,8950.24,8811.64,8877.11,205665649.37,1589414399999,1825717267262.14,369195,2020-05-13
1589414400000,8931.93,9294.32,8835.18,9047.2,280905571.88,1589500799999,2541409368383.24,81265,2020-05-14
1589500800000,8698.01,8926.57,8436.83,8792.01,559959332.23,1589587199999,4923165655418.4,487130,2020-05-15
1589587200000,8678.44,8777.41,8640.78,8742.91,315787451.07,1589673599999,2760901214919.54,433147,2020-05-16
1589673600000,8918.34,8920.03,8914.39,8917.37,183172728.49,1589759999999,1633419419361.3,414531,2020-05-17
1589760000000,9231.22,9396.46,9093.64,9242.15,430212990.78,1589846399999,3976092111380.62,475272,2020-05-18
1589846400000,8918.34,8978.01,8787.17,8915.62,467693014.29,1589932799999,4169772560148.56,323115,2020-05-19
1589932800000,9221.48,9230.06,9202.11,9218.06,192041036.75,1590019199999,1770245816704.42,431864,2020-05-20
1590019200000,9445.87,9642.65,9017.9,9260.81,343378509.56,1590105599999,3179963745801.37,51768,2020-05-21
1590105600000,9097.55,9145.03,9008.35,9055.3,281317776.72,1590191999999,2547415880547.47,249640,2020-05-22
1590192000000,9239.61,9273.48,9191.22,9216.16,550878667.71,1590278399999,5076984762486.02,355926,2020-05-23
1590278400000,9382.58,9486.88,9326.31,9371.07,579922375.6,1590364799999,5434494098625.73,371797,2020-05-24
1590364800000,9296.18,9403.28,9078.09,9187.28,564625254.22,1590451199999,5187369985475.8,262762,2020-05-25
1590451200000,9256.08,9549.95,9078.56,9244.43,651166955.47,1590537599999,6019669969904.69,408644,2020-05-26
1590537600000,9165.31,9365.19,9013.9,9239.93,620001686.41,1590623999999,5728771195973.77,477479,2020-05-27
1590624000000,9233.86,9239.46,9222.34,9228.92,287556670.26,1590710399999,2653836447687.56,125195,2020-05-28
1590710400000,9307.67,9332.05,9296.0,9307.4,558787083.75,1590796799999,5200855642961.07,61251,2020-05-29
1590796800000,9258.87,9370.74,9226.86,9279.96,573214785.17,1590883199999,5319412313303.12,112839,2020-05-30
1590883200000,9397.14,9604.95,9320.53,9459.97,245896812.91,1590969599999,2326175273336.31,392251,2020-05-31
1590969600000,9406.02,9474.07,9350.12,9406.18,586616246.11,1591055999999,5517819075421.53,459838,2020-06-01
1591056000000,9566.76,9645.25,9463.48,9558.45,475218924.02,1591142399999,4542355309131.32,266764,2020-06-02
1591142400000,9398.38,9444.58,9294.23,9390.84,352807600.85,1591228799999,3313160523027.15,377281,2020-06-03
1591228800000,9598.85,9718.48,9567.07,9645.46,559461855.31,1591315199999,5396268921196.4,211637,2020-06-04
1591315200000,9741.32,9798.23,9716.35,9741.6,574040275.32,1591401599999,5592068342582.54,323909,2020-06-05
1591401600000,9490.2,9819.03,9040.22,9451.26,654076022.65,1591487999999,6181845475618.21,401785,2020-06-06
1591488000000,9806.91,9904.21,9580.07,9764.36,552527843.79,1591574399999,5395083511789.55,59523,2020-06-07
1591574400000,9734.26,10015.88,9653.84,9902.3,301945983.08,1591660799999,2989959593124.92,189306,2020-06-08
1591660800000,9630.26,9739.48,9576.24,9654.14,238507621.79,1591747199999,2302586159233.74,156559,2020-06-09
1591747200000,9908.51,10542.71,9713.39,10031.53,691701570.14,1591833599999,6938822424032.26,197980,2020-06-10
1591833600000,9922.7,9925.9,9918.92,9921.59,495979758.53,1591919999999,4920907634968.03,467603,2020-06-11
1591920000000,9874.89,9973.75,9592.29,9825.92,226350568.29,1592006399999,2224102157520.47,109368,2020-06-12
1592006400000,9961.76,10165.72,9821.57,9940.9,280821961.47,1592092799999,2791624098313.51,336218,2020-06-13
1592092800000,10219.49,10410.06,9916.68,10052.27,447336650.27,1592179199999,4496747463255.61,142765,2020-06-14
1592179200000,10144.9,10310.72,9877.51,10032.31,375420338.97,1592265599999,3766334163834.37,190132,2020-06-15
1592265600000,9984.55,10695.43,9656.86,10126.02,831538076.57,1592351999999,8420171643586.48,107175,2020-06-16
1592352000000,9955.45,10011.92,9928.22,9987.21,305770843.88,1592438399999,3053797116503.75,263852,2020-06-17
1592438400000,10254.39,10547.98,9757.83,10157.19,413937087.63,1592524799999,4204436095365.75,195049,2020-06-18
1592524800000,10048.29,10077.12,9939.2,10001.79,572445444.3,1592611199999,5725476858120.69,124094,2020-06-19
1592611200000,10212.37,10290.59,10072.07,10198.56,281073314.0,1592697599999,2866544399418.83,229684,2020-06-20
1592697600000,10156.52,10197.74,10058.72,10138.82,610673151.92,1592783999999,6191504775371.43,279160,2020-06-21
1592784000000,10212.06,10335.63,10107.21,10197.0,518517278.55,1592870399999,5287321216055.76,165643,2020-06-22
1592870400000,10463.85,10509.36,10451.51,10478.77,174672949.04,1592956799999,1830357788368.11,99659,2020-06-23
1592956800000,10481.61,10736.08,10384.38,10499.13,494119740.47,1593043199999,5187827897453.47,436080,2020-06-24
1593043200000,10519.37,10646.53,10371.9,10477.25,581918063.47,1593129599999,6096900369397.28,377647,2020-06-25
1593129600000,10313.07,10533.77,10126.64,10302.19,545764771.84,1593215999999,5622573594650.47,418195,2020-06-26
1593216000000,10366.14,10466.73,10321.01,10437.05,412595474.54,1593302399999,4306279506984.02,442413,2020-06-27
1593302400000,10656.41,10682.2,10645.03,10667.7,345419945.89,1593388799999,3684835489141.51,218058,2020-06-28
1593388800000,10345.86,11055.14,10085.03,10570.38,697430376.45,1593475199999,7372107264445.44,73285,2020-06-29
1593475200000,10876.42,10948.08,10791.66,10884.99,302321987.57,1593561599999,3290772140605.46,390480,2020-06-30
1593561600000,10665.74,10740.94,10555.71,10678.21,407398246.48,1593647999999,4350284516297.66,405460,2020-07-01
1593648000000,10595.25,10783.44,10515.04,10690.43,206576720.57,1593734399999,2208394812070.12,254324,2020-07-02
1593734400000,10784.95,10901.25,10432.84,10663.95,506450700.1,1593820799999,5400767177603.45,95029,2020-07-03
1593820800000,10652.99,10902.94,10587.59,10758.68,605504849.05,1593907199999,6514430797108.76,449030,2020-07-04
1593907200000,10677.27,10867.7,10617.85,10759.55,665198258.92,1593993599999,7157231354676.51,416330,2020-07-05
1593993600000,10931.32,11090.54,10745.84,10908.99,256440450.56,1594079999999,2797506087981.69,289387,2020-07-06
1594080000000,10984.7,11036.08,10887.22,10979.5,665596955.48,1594166399999,7307919571194.73,56673,2020-07-07
1594166400000,10798.54,10829.71,10755.98,10789.94,513764662.42,1594252799999,5543492203376.89,494111,2020-07-08
1594252800000,10766.15,10810.58,10706.12,10755.88,604284156.19,1594339199999,6499605149473.43,471548,2020-07-09
1594339200000,10717.03,10802.11,10633.85,10726.61,286936906.4,1594425599999,3077860928702.63,126375,2020-07-10
1594425600000,10846.17,11184.16,10723.28,11073.19,383629236.3,1594511999999,4247999264372.93,184044,2020-07-11
1594512000000,10894.79,11408.03,10700.74,10897.68,619035042.52,1594598399999,6746043797226.91,201634,2020-07-12
1594598400000,10901.91,10982.13,10676.6,10795.41,650130756.85,1594684799999,7018431243783.55,104728,2020-07-13
1594684800000,11237.29,11378.38,10953.42,11171.36,488929100.27,1594771199999,5462003897883.52,243447,2020-07-14
1594771200000,11329.3,11646.6,10922.19,11491.1,398543953.86,1594857599999,4579708151716.33,463821,2020-07-15
1594857600000,11175.29,11379.81,11103.79,11194.31,766587083.92,1594943999999,8581410681358.03,183211,2020-07-16
1594944000000,11344.78,11492.01,11305.02,11345.95,456516661.66,1595030399999,5179615808797.8,157421,2020-07-17
1595030400000,11265.42,11346.82,11203.3,11281.8,304522324.4,1595116799999,3435559663461.98,406500,2020-07-18
1595116800000,11364.07,11638.97,11099.3,11295.12,312909079.96,1595203199999,3534344674191.6,108021,2020-07-19
1595203200000,11443.86,11652.88,11304.26,11471.48,356391454.6,1595289599999,4088337205123.19,297120,2020-07-20
1595289600000,11276.09,11453.48,11207.46,11344.49,215090667.96,1595375999999,2440094363432.47,362460,2020-07-21
1595376000000,11449.37,11534.81,11361.64,11458.6,690044233.59,1595462399999,7906941492063.84,485515,2020-07-22
1595462400000,11499.38,11589.62,11457.35,11504.0,488279256.49,1595548799999,5617162143952.25,253856,2020-07-23
1595548800000,11364.16,11500.21,11260.57,11405.38,596443865.34,1595635199999,6802671346658.82,121159,2020-07-24
1595635200000,11825.44,11932.97,11502.45,11672.69,508182372.32,1595721599999,5931854640491.27,173768,2020-07-25
1595721600000,11467.9,11732.03,11315.81,11548.87,328531922.65,1595807999999,3794173340090.7,398624,2020-07-26
1595808000000,11507.1,11532.05,11496.74,11505.68,682959267.27,1595894399999,7857908286959.38,67002,2020-07-27
1595894400000,11772.98,11851.82,11658.31,11723.78,238885902.59,1595980799999,2800644981781.92,159048,2020-07-28
1595980800000,11681.51,11773.7,11394.63,11560.59,469813464.09,1596067199999,5431318529241.85,441415,2020-07-29
1596067200000,11805.64,11858.46,11661.71,11728.36,682679245.41,1596153599999,8006704627714.95,144806,2020-07-30
1596153600000,11766.83,11771.2,11756.55,11760.91,271519075.36,1596239999999,3193310867922.31,81866,2020-07-31
1596240000000,11895.82,12411.94,11449.58,11953.76,287740798.54,1596326399999,3439585257166.5,387102,2020-08-01
1596326400000,11813.23,12326.26,11491.31,11879.63,654478159.94,1596412799999,7774960526189.71,202405,2020-08-02
1596412800000,11809.5,11908.59,11757.78,11821.14,672850544.65,1596499199999,7953860571621.8,300748,2020-08-03
1596499200000,11809.38,12184.3,11543.82,11953.2,885440194.28,1596585599999,10583840362694.89,253984,2020-08-04
1596585600000,12058.13,12142.0,11875.69,12047.06,299516490.61,1596671999999,3608293112859.6,174993,2020-08-05
1596672000000,11947.89,11989.03,11870.07,11941.13,620985017.33,1596758399999,7415261284415.95,279443,2020-08-06
1596758400000,11886.1,11908.26,11811.32,11875.55,642201425.66,1596844799999,7626494631468.78,310415,2020-08-07
1596844800000,11616.31,12040.57,11259.24,11699.3,465680875.63,1596931199999,5448141814183.58,489758,2020-08-08
1596931200000,11714.56,11831.73,11666.83,11746.68,751386569.03,1597017599999,8826299822147.68,231940,2020-08-09
1597017600000,11954.43,12135.08,11751.76,11867.48,230360702.56,1597103999999,2733802027068.04,393899,2020-08-10
1597104000000,11680.23,12025.74,11568.35,11836.25,484537382.09,1597190399999,5735104077585.22,332347,2020-08-11
1597190400000,11919.08,12195.97,11607.41,11909.02,421669693.37,1597276799999,5021673924391.7,160028,2020-08-12
1597276800000,11924.97,12119.56,11570.42,11956.27,692881871.47,1597363199999,8284283071850.88,233088,2020-08-13
1597363200000,12034.31,12107.74,11879.46,12036.52,381996391.47,1597449599999,4597906621484.42,431404,2020-08-14
1597449600000,11924.42,12125.97,11851.14,11962.71,681968247.82,1597535999999,8158188827663.58,170380,2020-08-15
1597536000000,11856.69,12373.8,11688.01,12055.15,548827694.04,1597622399999,6616202883010.0,410928,2020-08-16
1597622400000,12012.49,12130.55,11864.06,12006.81,824863065.93,1597708799999,9903976805620.24,197396,2020-08-17
1597708800000,11896.89,11972.47,11606.56,11725.18,628291454.96,1597795199999,7366827403781.14,258580,2020-08-18
1597795200000,11822.18,12125.93,11710.73,11886.71,498354785.39,1597881599999,5923797533270.33,393284,2020-08-19
1597881600000,12121.64,12200.51,11927.28,12013.76,598036727.53,1597967999999,7184669430804.19,482385,2020-08-20
1597968000000,11715.6,12084.71,11613.33,11872.04,231927116.35,1598054399999,2753447196163.64,108231,2020-08-21
1598054400000,12132.08,12228.7,12038.32,12146.08,290921210.72,1598140799999,3533551022674.06,353026,2020-08-22
1598140800000,12257.16,12447.9,12110.3,12293.35,378102197.29,1598227199999,4648142030782.89,219568,2020-08-23
1598227200000,12207.35,12460.46,12077.72,12260.68,443956963.88,1598313599999,5443214318357.18,326314,2020-08-24
1598313600000,12061.71,12163.45,11988.33,12065.31,725560576.31,1598399999999,8754116090499.05,67659,2020-08-25
1598400000000,12391.93,12538.14,12164.5,12325.25,235868483.38,1598486399999,2907138025711.26,322488,2020-08-26
1598486400000,12075.86,12305.07,11817.38,12142.61,507274735.78,1598572799999,6159640096788.12,82706,2020-08-27
1598572800000,12085.77,12094.95,12073.67,12084.25,463048222.9,1598659199999,5595592161918.46,245202,2020-08-28
1598659200000,12028.17,12549.55,11699.41,12056.28,576323797.94,1598745599999,6948319182507.39,412558,2020-08-29
1598745600000,12121.4,12181.23,12028.71,12113.9,397822125.91,1598831999999,4819175654686.91,406625,2020-08-30
1598832000000,12134.08,12153.36,12079.51,12113.68,543781828.71,1598918399999,6587198683578.06,208322,2020-08-31
1598918400000,12181.87,12286.89,12074.55,12207.63,820622640.15,1599004799999,10017857264170.42,492447,2020-09-01
1599004800000,12091.46,12414.21,11977.5,12218.56,442328910.17,1599091199999,5404622436487.56,83872,2020-09-02
1599091200000,12168.9,12435.76,11911.32,12207.85,927517305.61,1599177599999,11322995492720.62,268473,2020-09-03
1599177600000,12324.72,12433.07,12181.71,12283.82,835089964.25,1599263999999,10258098483240.32,100091,2020-09-04
1599264000000,12423.64,12443.52,12352.68,12406.87,654143821.25,1599350399999,8115876042881.3,454203,2020-09-05
1599350400000,12532.21,12731.26,12112.13,12383.97,663215088.51,1599436799999,8213232840697.8,191545,2020-09-06
1599436800000,12103.6,12202.41,11879.43,12038.39,832977885.55,1599523199999,10027711923268.84,234969,2020-09-07
1599523200000,11865.53,11995.61,11828.06,11893.12,404955428.46,1599609599999,4816184695783.17,324789,2020-09-08
1599609600000,12366.16,12447.89,12339.41,12419.18,746106638.31,1599695999999,9266032247756.17,368211,2020-09-09
1599696000000,12169.47,12392.39,11830.91,12092.18,494110732.31,1599782399999,5974874489409.96,269516,2020-09-10
1599782400000,12403.76,12858.04,12031.01,12272.98,483471597.65,1599868799999,5933637643479.77,394300,2020-09-11
1599868800000,12145.96,12233.93,12072.08,12145.55,485691873.84,1599955199999,5898994846399.12,494775,2020-09-12
1599955200000,12180.99,12280.47,11905.43,12064.22,558545756.8,1600041599999,6738421395117.6,319629,2020-09-13
1600041600000,12421.61,12505.83,12363.88,12423.41,567065562.06,1600127999999,7044888277031.16,459684,2020-09-14
1600128000000,12531.24,12603.9,12280.65,12468.11,340282825.04,1600214399999,4242684701206.91,373848,2020-09-15
1600214400000,12353.75,12577.06,12003.69,12282.34,421521246.88,1600300799999,5177266660235.51,238844,2020-09-16
1600300800000,12084.63,12135.03,11903.79,11995.31,515436784.82,1600387199999,6182826077673.12,486207,2020-09-17
1600387200000,12310.47,12349.68,12230.8,12311.36,263045951.14,1600473599999,3238453394079.19,460429,2020-09-18
1600473600000,12529.13,12621.06,12180.43,12463.26,863514437.85,1600559999999,10762206615513.82,480453,2020-09-19
1600560000000,12213.89,12304.38,12025.15,12196.92,315165175.26,1600646399999,3844042907770.84,346879,2020-09-20
1600646400000,12467.1,12512.13,12400.35,12456.98,482235060.0,1600732799999,6007191909557.8,415414,2020-09-21
1600732800000,12442.24,12486.26,12377.91,12439.69,734766692.96,1600819199999,9140269509026.99,163705,2020-09-22
1600819200000,12489.06,12633.46,12418.91,12540.9,726076139.32,1600905599999,9105646204472.23,398136,2020-09-23
1600905600000,12496.51,12521.28,12462.33,12484.56,221833913.87,1600991999999,2769497895959.08,323909,2020-09-24
1600992000000,12178.52,12489.33,11959.6,12333.3,439970945.33,1601078399999,5426292372636.15,428400,2020-09-25
1601078400000,12684.05,12696.12,12648.4,12670.72,637803715.52,1601164799999,8081432078157.1,78765,2020-09-26
1601164800000,12565.46,12642.1,12346.73,12479.92,412954465.09,1601251199999,5153637540809.72,308372,2020-09-27
1601251200000,12875.29,13383.67,11916.81,12511.95,875025977.24,1601337599999,10948279913680.41,481332,2020-09-28
1601337600000,12405.08,12435.08,12307.71,12388.09,595098877.72,1601423999999,7372136590714.98,442072,2020-09-29
1601424000000,12506.44,12593.94,12411.14,12474.03,352661948.82,1601510399999,4399116324472.48,384681,2020-09-30
1601510400000,12370.59,12677.72,12196.87,12419.8,943878674.27,1601596799999,11722786586829.5,82269,2020-10-01
1601596800000,12359.21,12666.39,12236.37,12539.35,295572948.43,1601683199999,3706293949983.19,100495,2020-10-02
1601683200000,12810.41,12923.92,12728.22,12836.13,820892374.72,1601769599999,10537082587797.16,245489,2020-10-03
1601769600000,12378.67,12415.34,12345.45,12382.85,531391629.75,1601855999999,6580145286711.79,170305,2020-10-04
1601856000000,12097.92,12680.6,11924.43,12358.45,879055605.11,1601942399999,10863765484246.95,303027,2020-10-05
1601942400000,12949.28,13145.66,12491.7,12837.52,831123828.73,1602028799999,10669566537811.79,460960,2020-10-06
1602028800000,12581.11,12628.27,12569.05,12595.44,501212453.44,1602115199999,6312992652570.11,499238,2020-10-07
1602115200000,12344.88,12909.93,12195.36,12538.03,825684968.39,1602201599999,10352458928355.05,185237,2020-10-08
1602201600000,12791.21,12964.04,12630.93,12809.73,558169077.49,1602287999999,7149996568178.61,179999,2020-10-09
1602288000000,12543.79,12767.78,12407.93,12572.16,369809275.28,1602374399999,4649302085718.59,147949,2020-10-10
1602374400000,12931.16,13043.79,12785.9,12954.31,704465577.21,1602460799999,9125867656925.58,356096,2020-10-11
1602460800000,12755.7,13083.87,12595.83,12792.11,509088048.72,1602547199999,6512312559732.24,172437,2020-10-12
1602547200000,12614.69,12773.3,12222.82,12626.87,410304440.11,1602633599999,5180860678423.72,79147,2020-10-13
1602633600000,13037.85,13219.34,12946.11,13042.71,797871536.79,1602719999999,10406403544931.42,411978,2020-10-14
1602720000000,12569.13,12738.75,12502.99,12633.43,271380156.15,1602806399999,3428461263550.34,496477,2020-10-15
1602806400000,12912.91,13028.29,12663.14,12851.71,230453156.44,1602892799999,2961716617543.6,134063,2020-10-16
1602892800000,13169.55,13380.87,12377.04,12796.41,870445108.26,1602979199999,11138573589500.48,480447,2020-10-17
1602979200000,12880.35,13034.83,12815.83,12962.33,542665092.35,1603065599999,7034205023151.61,406780,2020-10-18
1603065600000,13054.79,13084.56,12941.6,13014.69,478903664.11,1603151999999,6232784687867.92,321832,2020-10-19
1603152000000,12581.67,12904.17,12497.18,12792.57,245996475.17,1603238399999,3146926000987.66,327244,2020-10-20
1603238400000,12730.66,12939.6,12427.55,12684.28,315504583.15,1603324799999,4001946901165.26,191032,2020-10-21
1603324800000,13075.13,13175.16,13020.52,13100.08,265056141.67,1603411199999,3472256700603.83,85407,2020-10-22
1603411200000,12948.16,13400.01,12724.97,13148.53,446830944.66,1603497599999,5875169964494.38,95399,2020-10-23
1603497600000,13746.76,14299.58,13211.67,13810.3,407935799.39,1603583999999,5633716364436.26,180232,2020-10-24
1603584000000,13752.92,14026.45,13458.26,13735.14,776810488.3,1603670399999,10669603322114.39,336825,2020-10-25
1603670400000,13910.14,13955.55,13840.04,13879.73,813818211.0,1603756799999,11295577344291.26,223579,2020-10-26
1603756800000,14031.41,14544.45,13873.18,14200.41,726064362.16,1603843199999,10310415214874.41,108585,2020-10-27
1603843200000,13979.81,14366.18,13685.11,14164.45,395882717.97,1603929599999,5607459069280.84,410864,2020-10-28
1603929600000,14635.84,14879.92,14083.7,14454.83,451251345.7,1604015999999,6522761373589.46,168607,2020-10-29
1604016000000,15212.05,15352.82,14833.61,15067.49,767309990.93,1604102399999,11561432244294.52,224446,2020-10-30
1604102400000,14925.58,15147.41,14863.43,14962.81,817820903.44,1604188799999,12236894890584.18,247293,2020-10-31
1604188800000,15032.11,15537.59,14560.91,15117.52,739230018.86,1604275199999,11175326397454.41,419303,2020-11-01
1604275200000,15852.19,16143.55,15034.38,15638.09,1230600174.17,1604361599999,19244236863544.01,450689,2020-11-02
1604361600000,15853.36,16388.38,15675.95,15990.53,412302857.36,1604447999999,6592939448801.76,120054,2020-11-03
1604448000000,16267.0,16468.46,15759.64,16132.36,1146989459.76,1604534399999,18503643012943.92,140767,2020-11-04
1604534400000,16341.09,16690.14,15922.89,16416.44,1003457187.14,1604620799999,16473190927389.18,270553,2020-11-05
1604620800000,16301.2,16405.5,16186.95,16301.31,923127091.82,1604707199999,15048177643201.18,146898,2020-11-06
1604707200000,16309.39,16626.66,16057.64,16394.3,904083659.26,1604793599999,14821821303439.66,393798,2020-11-07
1604793600000,17262.22,17521.51,17052.94,17211.64,444784297.31,1604879999999,7655467021256.35,141832,2020-11-08
1604880000000,17058.23,17215.89,16965.21,17068.86,685178883.04,1604966399999,11695223129216.96,180792,2020-11-09
1604966400000,17241.35,17364.97,17209.54,17311.12,721172304.61,1605052799999,12484297834392.53,407195,2020-11-10
1605052800000,17856.56,18138.79,17608.76,17871.93,637329791.94,1605139199999,11390312923994.21,426165,2020-11-11
1605139200000,17819.28,18599.06,17542.71,17938.66,449576429.66,1605225599999,8064799010165.9,92424,2020-11-12
1605225600000,18042.98,18310.1,17881.6,18146.62,1029256068.97,1605311999999,18677519854930.46,385460,2020-11-13
1605312000000,18750.99,18777.85,18701.39,18750.87,633652099.43,1605398399999,11881527378634.57,144689,2020-11-14
1605398400000,18495.82,18692.14,18189.2,18361.33,757692371.84,1605484799999,13912240947602.94,316187,2020-11-15
1605484800000,18949.29,18959.86,18925.94,18940.96,908982074.1,1605571199999,17216995262737.29,326783,2020-11-16
1605571200000,19014.12,19106.56,18924.25,18973.54,536678363.0,1605657599999,10182685914413.45,389535,2020-11-17
1605657600000,19320.91,19367.19,19198.16,19250.58,473954804.26,1605743999999,9123904751918.93,408766,2020-11-18
1605744000000,19853.7,20205.36,19332.47,19773.04,1174985217.11,1605830399999,23233028354825.19,104938,2020-11-19
1605830400000,19796.67,19863.02,19675.45,19764.79,1044722551.12,1605916799999,20648719796994.11,76293,2020-11-20
1605916800000,20110.83,20462.75,19539.22,20001.61,1368412538.04,1606003199999,27370456202676.7,415153,2020-11-21
1606003200000,20354.01,20424.09,20310.39,20360.12,520123987.87,1606089599999,10589784388048.33,197240,2020-11-22
1606089600000,20075.63,20538.3,19837.46,20240.55,1071627703.58,1606175999999,21690329237027.79,465429,2020-11-23
1606176000000,20379.33,20565.4,20152.25,20350.72,833633158.41,1606262399999,16965034459248.18,133953,2020-11-24
1606262400000,20445.82,20579.5,20387.05,20525.31,696376835.93,1606348799999,14293348836544.05,62728,2020-11-25
1606348800000,20462.31,20612.43,20416.8,20518.23,1013198477.05,1606435199999,20789039696310.39,426653,2020-11-26
1606435200000,21627.68,22012.11,21470.32,21766.4,1148699769.56,1606521599999,25003053149084.54,238941,2020-11-27
1606521600000,21183.49,21326.25,21024.17,21186.19,987255296.36,1606607999999,20916174672037.52,470862,2020-11-28
1606608000000,21484.55,22136.62,21195.51,21640.98,858210609.21,1606694399999,18572519355027.62,260527,2020-11-29
1606694400000,22154.59,22365.35,21506.32,21853.93,1449705260.76,1606780799999,31681750238032.38,266610,2020-11-30
1606780800000,22226.51,22394.78,22040.07,22236.66,1323757655.87,1606867199999,29435944232977.88,66314,2020-12-01
1606867200000,22615.66,22806.59,22479.91,22602.2,685329587.36,1606953599999,15489958667183.52,128460,2020-12-02
1606953600000,22953.89,23179.55,22609.11,22844.74,900993219.93,1607039999999,20582959780602.96,301425,2020-12-03
1607040000000,22641.23,22701.09,22623.18,22679.63,1205635477.71,1607126399999,27343367390122.44,421226,2020-12-04
1607126400000,22912.01,23339.14,22658.55,23021.34,1139693774.52,1607212799999,26237282962519.16,184004,2020-12-05
1607212800000,23287.99,23604.4,23176.42,23374.77,1516334126.69,1607299199999,35443960960373.4,482644,2020-12-06
1607299200000,23330.73,23573.55,23233.08,23453.74,1114729448.02,1607385599999,26144576104027.78,469966,2020-12-07
1607385600000,23098.63,24994.8,22582.06,24210.25,1297842618.94,1607471999999,31421090261138.89,99836,2020-12-08
1607472000000,24009.34,24525.15,23692.73,24121.57,1357266932.87,1607558399999,32739404310477.98,463483,2020-12-09
1607558400000,24403.86,24613.71,24284.57,24421.93,1459991867.63,1607644799999,35655824646568.04,307237,2020-12-10
1607644800000,24926.84,25138.45,24234.52,24631.0,1743822024.77,1607731199999,42952084909977.06,87756,2020-12-11
1607731200000,25018.06,25083.93,24964.93,25012.11,1413243114.14,1607817599999,35348193004632.06,287381,2020-12-12
1607817600000,24976.49,25645.18,24357.15,24947.03,787963626.84,1607903999999,19657353569920.31,200410,2020-12-13
1607904000000,24762.06,25178.24,24434.5,24730.19,1099296669.94,1607990399999,27185817936344.2,400544,2020-12-14
1607990400000,25591.73,26013.5,24880.82,25470.88,1752067672.26,1608076799999,44626701002646.99,217028,2020-12-15
1608076800000,25228.76,25497.29,24999.09,25377.54,1232553874.52,1608163199999,31279190296944.01,349837,2020-12-16
1608163200000,25679.96,26533.3,24710.77,25641.94,1284900204.7,1608249599999,32947331822898.14,101272,2020-12-17
1608249600000,26183.75,26272.12,26128.08,26216.99,1603370099.75,1608335999999,42035531842591.71,402630,2020-12-18
1608336000000,26576.36,26722.35,26468.45,26652.21,558860259.81,1608422399999,14894860386344.32,272209,2020-12-19
1608422400000,25589.45,28020.55,24956.48,26496.9,2223821378.54,1608508799999,58924378666817.61,172167,2020-12-20
1608508800000,26855.73,26966.6,26628.81,26817.33,1577009012.43,1608595199999,42291167649874.98,298736,2020-12-21
1608595200000,27102.0,28326.29,26649.34,27496.9,1840694854.29,1608681599999,50613408342899.42,274920,2020-12-22
1608681600000,27298.03,27615.08,26472.42,27253.16,924755987.87,1608767999999,25202519644880.65,241875,2020-12-23
1608768000000,28337.46,29478.36,27528.04,28258.34,1354957967.9,1608854399999,38288860576160.78,283753,2020-12-24
1608854400000,27711.83,28402.25,26963.17,27818.49,1090654213.14,1608940799999,30340356576310.49,346077,2020-12-25
1608940800000,27130.78,27606.66,26985.43,27270.51,698002657.81,1609027199999,19034891656420.31,178383,2020-12-26
1609027200000,27993.06,28555.49,27677.78,28341.24,1016482316.65,1609113599999,28808365373919.98,287559,2020-12-27
1609113600000,27851.88,28865.98,27511.64,28445.01,1293530286.87,1609199999999,36794475747455.01,432240,2020-12-28
1609200000000,29345.32,29725.96,27964.12,28985.43,2201944090.51,1609286399999,63824303282816.13,204094,2020-12-29
1609286400000,29017.68,29734.13,28819.62,29004.25,1827482518.26,1609372799999,53004768797151.2,139758,2020-12-30
1609372800000,29159.27,29963.61,28348.6,28951.82,2306343390.06,1609459199999,66772832500739.87,416753,2020-12-31
1609459200000,29985.93,30245.44,29553.1,30014.96,604045360.3,1609545599999,18130395986558.2,65822,2021-01-01
1609545600000,31657.18,32040.55,31525.29,31844.92,2034586437.9,1609631999999,64791248838522.54,204782,2021-01-02
1609632000000,32609.63,33756.08,32316.41,33046.74,1413743415.89,1609718399999,46719609649753.1,61095,2021-01-03
1609718400000,34604.8,34620.04,34593.3,34607.23,2003344868.95,1609804799999,69330206819292.42,361809,2021-01-04
1609804800000,36369.89,37453.29,36053.68,36568.97,2633319882.48,1609891199999,96297803787530.73,57727,2021-01-05
1609891200000,38538.94,38576.1,38400.57,38531.97,2335776344.1,1609977599999,90002058672789.0,122421,2021-01-06
1609977600000,39389.4,39653.96,39020.48,39423.33,2143506755.9,1610063999999,84504176530960.6,131472,2021-01-07
1610064000000,40121.04,40242.02,40022.63,40115.93,2435763182.09,1610150399999,97712907044840.4,311954,2021-01-08
1610150400000,40455.14,40804.38,39919.76,40377.44,1759996191.95,1610236799999,71064136523645.75,51579,2021-01-09
1610236800000,40147.02,40534.0,39827.41,40195.33,896421798.16,1610323199999,36031972645797.92,69062,2021-01-10
1610323200000,38806.96,39464.04,38232.43,38803.44,2007227959.31,1610409599999,77887350830846.67,422455,2021-01-11
1610409600000,38404.33,40616.55,36552.95,38490.63,2501910278.48,1610495999999,96300105337980.66,129681,2021-01-12
1610496000000,37866.86,38769.88,36923.25,38022.49,2684712635.4,1610582399999,102079459529622.36,233300,2021-01-13
1610582400000,37151.46,37176.22,37095.68,37125.94,1042729458.01,1610668799999,38712312772365.44,408446,2021-01-14
1610668800000,37393.04,37501.49,36998.58,37229.49,1316380627.86,1610755199999,49008181252852.55,320619,2021-01-15
1610755200000,36343.0,37508.92,35418.57,36352.43,2510025662.01,1610841599999,91245520549383.1,131478,2021-01-16
1610841600000,35981.26,37515.6,33903.35,36049.0,2827225266.05,1610927999999,101918634141141.45,344102,2021-01-17
1610928000000,34704.14,35453.36,34324.48,34955.3,633593626.93,1611014399999,22147455908002.62,204320,2021-01-18
1611014400000,34611.65,35152.2,34185.56,34612.08,928195044.59,1611100799999,32126762888452.97,210240,2021-01-19
1611100800000,34464.16,34743.45,34332.41,34554.86,1916348503.67,1611187199999,66219157917893.13,370660,2021-01-20
1611187200000,34384.14,35034.18,32480.75,33570.18,2953117177.14,1611273599999,99136689122909.77,128137,2021-01-21
1611273600000,33859.65,33917.57,33789.12,33871.91,1349839535.07,1611359999999,45721637456038.8,198908,2021-01-22
1611360000000,31832.41,33467.15,31050.29,32490.8,1995599588.59,1611446399999,64838634264266.65,69528,2021-01-23
1611446400000,32189.81,32224.84,32174.59,32197.1,1329769999.98,1611532799999,42814741992714.66,366503,2021-01-24
1611532800000,31651.0,32208.32,31401.21,31927.03,1608795421.36,1611619199999,51364056708054.27,235381,2021-01-25
1611619200000,30558.64,30745.42,29945.16,30508.58,1547003037.99,1611705599999,47196870563669.5,372132,2021-01-26
1611705600000,29823.7,30020.11,29765.97,29855.54,475531204.97,1611791999999,14197242801313.07,207792,2021-01-27
1611792000000,31033.25,31131.7,30925.48,30982.2,1347120227.31,1611878399999,41736752941357.94,294570,2021-01-28
1611878400000,33070.32,33161.46,33042.98,33114.23,1126139168.45,1611964799999,37291226843042.29,134869,2021-01-29
1611964800000,33373.16,34637.18,32410.22,33456.96,2570268933.89,1612051199999,85993387510965.03,148715,2021-01-30
1612051200000,35752.22,36304.51,35297.56,35806.46,1163239524.44,1612137599999,41651491966087.79,261743,2021-01-31
1612137600000,35532.64,35600.02,35497.71,35557.6,2061830991.79,1612223999999,73313760089266.95,479708,2021-02-01
1612224000000,36932.45,37026.04,36865.15,36941.63,688213113.36,1612310399999,25423714698907.88,305968,2021-02-02
1612310400000,38664.17,39955.94,37777.13,38621.72,1162991695.32,1612396799999,44916741611041.36,52159,2021-02-03
1612396800000,39973.05,40064.91,39763.76,39918.37,1578033619.4,1612483199999,62992529906613.74,462410,2021-02-04
1612483200000,40856.94,41500.18,39871.38,41030.51,1175298035.25,1612569599999,48223079243737.53,135393,2021-02-05
1612569600000,41849.1,42165.81,41559.64,41695.97,1334230779.85,1612655999999,55632041532909.11,349284,2021-02-06
1612656000000,42708.95,42986.52,42144.49,42678.09,2612882103.12,1612742399999,111512827258188.02,247442,2021-02-07
1612742400000,43609.13,44098.41,42777.26,43527.31,1090077444.29,1612828799999,47448136854274.79,171711,2021-02-08
1612828800000,44742.69,44795.16,44662.26,44693.59,2601232253.34,1612915199999,116258407673271.19,156617,2021-02-09
1612915200000,45339.73,45646.99,44266.91,45040.11,1319661321.62,1613001599999,59437692243790.08,95148,2021-02-10
1613001600000,45860.82,46443.29,45469.84,45944.43,1158668802.71,1613087999999,53234374062875.6,311342,2021-02-11
1613088000000,47298.25,48150.09,46558.41,47458.08,1719657596.82,1613174399999,81611644671171.98,182065,2021-02-12
1613174400000,48096.11,48741.19,47912.11,48420.91,1326893098.02,1613260799999,64249373541905.41,386046,2021-02-13
1613260800000,49352.27,49928.49,48370.6,49310.35,2458321781.95,1613347199999,121220701186584.77,481413,2021-02-14
1613347200000,51045.45,51352.01,50529.45,51063.18,1680240748.04,1613433599999,85798436977103.95,292777,2021-02-15
1613433600000,52867.59,53441.34,51446.33,52292.67,3219525623.79,1613519999999,168357595352247.7,79099,2021-02-16
1613520000000,53287.1,54232.1,50764.99,52815.97,2340118165.03,1613606399999,123595615873792.98,181181,2021-02-17
1613606400000,54411.46,55202.58,54121.01,54774.25,2508432581.41,1613692799999,137397508374488.81,50600,2021-02-18
1613692800000,54007.08,55856.56,52722.94,54128.13,1320398325.54,1613779199999,71470691182786.05,282560,2021-02-19
1613779200000,55916.15,56279.81,55062.68,55810.0,2791436196.29,1613865599999,155790054891189.53,335204,2021-02-20
1613865600000,56473.63,57760.84,55673.06,56509.69,2408391548.47,1613951999999,136097468311058.55,133951,2021-02-21
1613952000000,55894.65,56019.72,55850.26,55928.59,1361317919.88,1614038399999,76136585377593.1,265834,2021-02-22
1614038400000,57415.05,57579.8,57219.42,57363.03,2098661331.7,1614124799999,120385572301220.34,346608,2021-02-23
1614124800000,57083.53,58026.05,56511.74,57545.8,2120371843.97,1614211199999,122018503161425.95,482412,2021-02-24
1614211200000,58682.63,59519.59,57997.85,58890.46,3256502419.13,1614297599999,191776909815428.75,435368,2021-02-25
1614297600000,58291.07,59290.84,57584.95,58489.42,3795793118.58,1614383999999,222013750925450.1,69956,2021-02-26
1614384000000,57692.56,58821.09,56450.37,57543.97,1752006385.84,1614470399999,100817403795672.88,243822,2021-02-27
1614470400000,58988.04,61086.98,57825.21,59770.91,4177311396.59,1614556799999,249681684764202.16,339908,2021-02-28
1614556800000,59449.13,59846.46,59168.76,59539.8,2073855772.25,1614643199999,123476964310393.36,193224,2021-03-01
1614643200000,59805.09,60208.75,58828.3,59301.36,3602080506.54,1614729599999,213608261359249.2,264417,2021-03-02
1614729600000,58745.34,59143.4,58385.56,58939.38,2650146477.62,1614815999999,156197983614281.2,454702,2021-03-03
1614816000000,59052.76,59678.58,57846.37,58627.15,1268781224.88,1614902399999,74385024532216.36,122322,2021-03-04
1614902400000,59356.59,59752.37,58843.75,59254.16,1548284260.38,1614988799999,91742275598625.36,332112,2021-03-05
1614988800000,60428.17,61635.34,59629.36,60510.37,2163126197.53,1615075199999,130891569728884.34,450046,2021-03-06
1615075200000,61640.98,61864.85,60784.19,61295.55,3481512452.36,1615161599999,213401204020649.8,214432,2021-03-07
1615161600000,61153.07,64367.67,58947.45,61263.91,4605029198.64,1615247999999,282122109010691.44,447265,2021-03-08
1615248000000,59830.8,60250.79,59710.74,60005.92,1407938087.97,1615334399999,84484615466171.5,462786,2021-03-09
1615334400000,60016.38,60150.62,59551.74,59756.22,3561546184.47,1615420799999,212824527597643.1,389607,2021-03-10
1615420800000,60760.62,61706.07,60109.3,60882.76,3413904943.91,1615507199999,207847944414794.25,168105,2021-03-11
1615507200000,60168.9,60482.04,59171.55,59695.71,2047998036.54,1615593599999,122256706284509.6,284280,2021-03-12
1615593600000,61538.2,61864.33,60727.01,61437.33,2371492790.59,1615679999999,145698195530093.72,220177,2021-03-13
1615680000000,61245.01,61366.46,61016.51,61203.9,1585742142.22,1615766399999,97053605713603.05,449738,2021-03-14
1615766400000,62154.69,63132.7,60162.7,61081.48,3373318811.95,1615852799999,206047320707248.8,452003,2021-03-15
1615852800000,60686.18,61656.7,58424.78,60359.89,1410047184.75,1615939199999,85110295109423.81,100490,2021-03-16
1615939200000,62161.51,63828.03,60370.96,62029.96,4352234968.61,1616025599999,269968966927168.9,155726,2021-03-17
1616025600000,61580.95,62132.58,60885.78,61367.69,1900236452.93,1616111999999,116613119237739.84,200228,2021-03-18
1616112000000,60779.74,61275.09,60362.21,61006.34,3667770366.04,1616198399999,223757234070373.1,362602,2021-03-19
1616198400000,59827.65,59863.83,59815.18,59850.97,3022031192.06,1616284799999,180871491423427.16,496178,2021-03-20
1616284800000,62590.99,63644.59,59965.09,62079.5,2085605582.95,1616371199999,129473343220839.84,169491,2021-03-21
1616371200000,63406.56,63908.7,63034.61,63535.57,3907620274.59,1616457599999,248272898798640.1,92505,2021-03-22
1616457600000,62485.95,64714.62,61537.48,63567.46,1512887594.99,1616543999999,96170415274101.34,104457,2021-03-23
1616544000000,62802.5,63659.97,60998.62,62095.02,2273452400.76,1616630399999,141170073725749.4,316696,2021-03-24
1616630400000,61553.32,63121.38,61090.7,62097.98,2885484188.02,1616716799999,179182738323133.8,260146,2021-03-25
1616716800000,63015.86,63028.72,63008.57,63014.99,2115720370.89,1616803199999,133322108173996.66,159516,2021-03-26
1616803200000,62523.84,63814.83,61075.96,62022.92,1483106310.48,1616889599999,91986578482629.52,461863,2021-03-27
1616889600000,63072.81,63301.52,62931.65,63115.25,2355355458.06,1616975999999,148658842114111.7,163291,2021-03-28
1616976000000,63980.3,65602.57,62474.35,63579.16,4499728843.73,1617062399999,286088965220203.25,73702,2021-03-29
1617062400000,64424.18,64932.07,63639.31,64041.72,2972996250.0,1617148799999,190395787092423.9,298823,2021-03-30
1617148800000,63597.35,63996.69,62741.86,63149.01,2354298909.7,1617235199999,148671652695117.12,135011,2021-03-31
1617235200000,64212.32,66419.36,61925.65,63182.7,1717840245.25,1617321599999,108537781026040.66,210388,2021-04-01
1617321600000,62353.09,64006.16,61516.37,62781.5,2884499314.51,1617407999999,181093205420321.38,478964,2021-04-02
1617408000000,62583.06,66478.66,61497.92,62931.8,5485532663.73,1617494399999,345214428085228.2,287037,2021-04-03
1617494400000,64201.86,64885.36,61761.55,63501.95,3946514908.28,1617580799999,250611382429578.6,119185,2021-04-04
1617580800000,64105.04,64204.15,63912.62,64068.7,1903892852.9,1617667199999,121979939885986.34,59624,2021-04-05
1617667200000,64573.23,65393.33,63833.8,64600.54,2398813507.85,1617753599999,154964640029408.4,299754,2021-04-06
1617753600000,64131.8,64611.53,62582.78,63395.54,2031719533.02,1617839999999,128801953041654.45,139280,2021-04-07
1617840000000,65091.95,65782.2,64577.79,65273.62,3722653073.54,1617926399999,242991056460617.72,152788,2021-04-08
1617926400000,65504.05,67550.79,59880.64,64028.5,3435339952.62,1618012799999,219959679176361.25,110101,2021-04-09
1618012800000,63106.87,65410.09,62492.15,64333.5,1507779049.42,1618099199999,97000703740412.88,267329,2021-04-10
1618099200000,63867.45,63950.73,63760.89,63884.49,2304521656.55,1618185599999,147223200875421.44,233570,2021-04-11
1618185600000,62252.79,63700.94,61605.53,62696.46,1465938132.53,1618271999999,91909125950941.3,114609,2021-04-12
1618272000000,65375.87,65378.83,65368.65,65373.74,3195120754.98,1618358399999,208876994268064.44,252360,2021-04-13
1618358400000,65745.28,67309.89,63520.95,65372.97,3640236035.79,1618444799999,237973040484759.38,339774,2021-04-14
1618444800000,63939.18,65047.83,62371.99,63781.09,3019492909.6,1618531199999,192586557895216.16,356808,2021-04-15
1618531200000,62769.71,63994.03,61246.51,63245.09,5175426098.43,1618617599999,327320273238949.9,212665,2021-04-16
1618617600000,62678.18,63093.64,62545.31,62777.71,3365027248.71,1618703999999,211248707418942.9,162356,2021-04-17
1618704000000,59852.51,62162.68,57834.28,60433.75,2345585113.08,1618790399999,141752508603874.66,453206,2021-04-18
1618790400000,60234.69,61888.19,59780.27,60399.81,1414222511.37,1618876799999,85418768364033.1,178946,2021-04-19
1618876800000,60531.32,60607.22,60463.5,60554.56,1791495630.34,1618963199999,108483237377355.77,473548,2021-04-20
1618963200000,58301.02,58974.04,57607.86,58289.25,3270049363.22,1619049599999,190608737347194.88,130709,2021-04-21
1619049600000,58482.72,58821.5,58151.6,58582.79,1055016883.81,1619135999999,61805830163253.2,393358,2021-04-22
1619136000000,56603.69,56665.11,56583.06,56637.03,3298614528.08,1619222399999,186823746390447.3,181275,2021-04-23
1619222400000,57357.35,57844.69,56471.93,57089.19,2385197731.69,1619308799999,136169000120425.9,263627,2021-04-24
1619308800000,55762.01,56133.87,55563.4,55944.63,3578816249.68,1619395199999,200215564505632.53,408461,2021-04-25
1619395200000,54148.42,55615.04,53478.35,54096.52,1696166217.42,1619481599999,91756682041031.55,300600,2021-04-26
1619481600000,55052.19,55509.41,54899.13,55122.68,2116840983.62,1619567999999,116685947838592.98,386649,2021-04-27
1619568000000,53707.22,54142.18,52027.84,53087.86,3195483478.99,1619654399999,169641390115538.75,134682,2021-04-28
1619654400000,52085.46,52683.28,51701.83,52244.18,3551752111.97,1619740799999,185558389490151.47,405083,2021-04-29
1619740800000,51647.52,53287.12,50950.89,52079.33,3408097895.97,1619827199999,177491457950744.66,172511,2021-04-30
1619827200000,51747.16,52142.38,51173.05,51856.48,1147175355.48,1619913599999,59488478020416.07,193483,2021-05-01
1619913600000,49490.01,50133.48,49144.53,49734.83,1545609404.73,1619999999999,76870619908246.58,136739,2021-05-02
1620000000000,49910.85,50284.21,49071.19,49582.39,1354054251.82,1620086399999,67137240514349.55,259082,2021-05-03
1620086400000,48991.44,48998.98,48975.81,48993.68,1821074016.98,1620172799999,89221114074889.0,88964,2021-05-04
1620172800000,48175.32,48669.32,47948.75,48338.73,2122037330.1,1620259199999,102576589112010.86,416394,2021-05-05
1620259200000,47112.53,48124.59,46306.58,47236.95,2247728324.21,1620345599999,106175822072716.22,405796,2021-05-06
1620345600000,45600.11,46782.36,45289.23,46130.21,1647013094.62,1620431999999,75977066583457.08,176462,2021-05-07
1620432000000,45531.35,45978.82,44718.47,45079.25,2525862134.19,1620518399999,113863976147563.14,162861,2021-05-08
1620518400000,44815.59,45205.18,44068.36,44774.81,2881752558.49,1620604799999,129029919073038.05,433462,2021-05-09
1620604800000,43410.26,43460.99,43268.27,43360.58,687038811.87,1620691199999,29790401792958.51,484656,2021-05-10
1620691200000,41347.05,41968.7,41109.69,41611.13,1527160347.45,1620777599999,63546872922684.27,172157,2021-05-11
1620777600000,42691.77,43279.87,42319.7,42541.7,1136528919.89,1620863999999,48349875227662.34,315067,2021-05-12
1620864000000,41963.73,42175.21,41758.08,41967.49,2036431347.15,1620950399999,85463908858151.22,104587,2021-05-13
1620950400000,39757.66,40191.59,39206.75,39559.82,1162320777.36,1621036799999,45981205893699.4,270706,2021-05-14
1621036800000,39431.01,39679.75,39200.26,39427.83,1525026040.79,1621123199999,60128469056799.19,111596,2021-05-15
1621123200000,39416.28,41266.9,37720.77,39399.14,2669961108.04,1621209599999,105194177610491.12,107660,2021-05-16
1621209600000,39035.19,40268.18,38515.03,39251.48,1798465651.31,1621295999999,70592439062673.73,108956,2021-05-17
1621296000000,37478.5,37809.19,37347.42,37512.22,1704983511.84,1621382399999,63957708108894.24,493254,2021-05-18
1621382400000,36588.02,37030.18,35441.55,36379.39,971237468.52,1621468799999,35333024226280.34,444148,2021-05-19
1621468800000,36118.02,37721.01,35120.95,36408.15,3239303695.86,1621555199999,117937062867172.28,375707,2021-05-20
1621555200000,36669.31,37424.12,36255.2,36874.98,1839113183.4,1621641599999,67817259199966.28,257029,2021-05-21
1621641600000,35646.66,36329.99,35106.94,35785.15,755637495.93,1621727999999,27040599463755.44,282222,2021-05-22
1621728000000,35749.16,36065.99,34684.75,35509.1,1644277803.46,1621814399999,58386825885588.88,259785,2021-05-23
1621814400000,35348.1,35784.72,34687.78,35434.71,656373734.72,1621900799999,23258412879758.72,142081,2021-05-24
1621900800000,35113.8,35257.66,34771.8,35024.1,1057740358.33,1621987199999,37046405462338.26,468962,2021-05-25
1621987200000,36173.38,36620.71,34606.9,35269.49,1055454259.05,1622073599999,37225332356014.9,164696,2021-05-26
1622073600000,35895.63,36142.59,35311.37,35688.36,1531714144.83,1622159999999,54664368863810.58,219646,2021-05-27
1622160000000,35067.63,35306.21,34778.23,34929.01,2114748780.45,1622246399999,73866087106776.27,263092,2021-05-28
1622246400000,34596.67,34927.64,34003.4,34477.63,2215059509.35,1622332799999,76370000434074.06,251075,2021-05-29
1622332800000,34157.0,34658.68,34012.72,34250.23,653848582.74,1622419199999,22394465348114.42,424206,2021-05-30
1622419200000,33677.08,33812.77,33297.72,33518.06,672948386.49,1622505599999,22555926024960.58,491144,2021-05-31
1622505600000,34187.15,35227.53,33309.41,34306.81,2388171217.3,1622591999999,81930528027532.0,117829,2021-06-01
1622592000000,33675.04,33904.73,33563.68,33703.78,961518109.22,1622678399999,32406798462356.02,462934,2021-06-02
1622678400000,33495.51,33538.0,33327.02,33450.93,1690480873.72,1622764799999,56548149812515.92,486855,2021-06-03
1622764800000,34716.64,35265.43,33804.49,34588.18,767820073.75,1622851199999,26557499902400.12,230864,2021-06-04
1622851200000,33460.25,33822.65,32312.03,33218.66,733900876.78,1622937599999,24379207115987.78,396154,2021-06-05
1622937600000,33059.17,33604.45,31347.25,32591.53,2132179765.83,1623023999999,69491010020153.62,284183,2021-06-06
1623024000000,32563.1,32683.45,32314.46,32509.29,815196094.01,1623110399999,26501444800996.92,319858,2021-06-07
1623110400000,32891.31,33610.36,32552.72,32912.11,895626524.03,1623196799999,29476961640827.01,429223,2021-06-08
1623196800000,32105.51,33122.03,31842.18,32296.78,1093895584.58,1623283199999,35329305938662.76,103684,2021-06-09
1623283200000,31530.07,31792.51,31201.49,31488.17,922990291.42,1623369599999,29063272480288.16,212559,2021-06-10
1623369600000,32193.95,32383.71,32045.28,32180.51,1657514366.13,1623455999999,53339664198041.57,82928,2021-06-11
1623456000000,31142.41,31684.91,30616.66,31364.15,2012301261.33,1623542399999,63114109212601.73,462321,2021-06-12
1623542400000,32306.43,32982.24,30739.65,32111.87,2448825314.47,1623628799999,78636367957486.11,164453,2021-06-13
1623628800000,31545.65,32913.3,30886.42,31598.41,2576200720.15,1623715199999,81403850215080.33,58686,2021-06-14
1623715200000,30867.71,31087.3,30597.9,30816.04,1080063718.24,1623801599999,33283290980956.16,345826,2021-06-15
1623801600000,31126.84,31443.62,31015.65,31243.6,1273344088.24,1623887999999,39783853048578.46,416658,2021-06-16
1623888000000,30511.62,30769.81,30357.83,30583.71,1097760054.63,1623974399999,33573571366930.28,285788,2021-06-17
1623974400000,30620.74,30803.99,30545.28,30657.61,1474758607.5,1624060799999,45212572607975.77,83128,2021-06-18
1624060800000,30376.24,30465.64,30112.6,30310.58,547469003.85,1624147199999,16594105726659.92,344044,2021-06-19
1624147200000,29582.67,30125.76,28910.21,29619.62,938528839.64,1624233599999,27798865404774.85,431244,2021-06-20
1624233600000,29521.43,30131.34,28325.3,29482.31,2294046871.91,1624319999999,67633807206634.44,281446,2021-06-21
1624320000000,29871.09,29882.54,29840.41,29864.61,1758106741.36,1624406399999,52505165364140.64,196048,2021-06-22
1624406400000,29660.02,29988.02,29433.56,29637.96,1938591398.25,1624492799999,57455884773262.16,115740,2021-06-23
1624492800000,29699.38,30269.8,29485.78,29869.61,1022806936.89,1624579199999,30550848295645.76,303341,2021-06-24
1624579200000,29936.25,30384.4,29732.88,29925.53,1200054779.23,1624665599999,35912278442484.8,386494,2021-06-25
1624665600000,30743.25,30915.81,30552.72,30685.19,2023069448.07,1624751999999,62078269898854.95,226074,2021-06-26
1624752000000,31570.13,31870.93,31220.39,31549.5,2061412967.43,1624838399999,65036548068323.86,359989,2021-06-27
1624838400000,30668.86,30710.85,30593.87,30647.3,876358513.1,1624924799999,26858023387534.38,186565,2021-06-28
1624924800000,31527.97,31754.31,31023.73,31311.6,735008381.39,1625011199999,23014286637427.8,423250,2021-06-29
1625011200000,32267.28,32754.67,31728.12,32094.84,1106477364.13,1625097599999,35512209726110.94,195560,2021-06-30
1625097600000,32033.87,32294.68,31646.71,31787.09,1143354854.5,1625183999999,36343926086436.56,340704,2021-07-01
1625184000000,32259.02,32340.64,32115.46,32249.12,1553816042.21,1625270399999,50109196746990.02,101282,2021-07-02
1625270400000,31702.61,32252.53,31233.92,31920.3,1517059231.28,1625356799999,48424988715897.3,367170,2021-07-03
1625356800000,32526.84,33188.65,32322.04,32757.5,1846252033.5,1625443199999,60478605306702.33,305521,2021-07-04
1625443200000,32818.12,33624.46,31989.56,32773.73,1903827174.85,1625529599999,62395524163530.48,347001,2021-07-05
1625529600000,33385.37,33952.62,33149.18,33496.59,1822649850.61,1625615999999,61052556760793.46,442792,2021-07-06
1625616000000,34268.66,34821.89,32785.34,33837.87,1855993803.26,1625702399999,62802877046099.73,437327,2021-07-07
1625702400000,34604.23,34753.07,34553.14,34664.73,1764032309.51,1625788799999,61149709992833.16,81311,2021-07-08
1625788800000,32441.4,35781.78,30994.36,34113.14,1941177926.99,1625875199999,66219671037707.7,398377,2021-07-09
1625875200000,34247.24,34394.57,33919.58,34268.45,2171049656.03,1625961599999,74398512419205.22,444333,2021-07-10
1625961600000,34258.76,34735.62,34094.22,34472.72,1213630701.41,1626047999999,41837156626537.39,443834,2021-07-11
1626048000000,34274.87,35415.09,33303.46,34503.15,1760925787.96,1626134399999,60757492685788.32,486307,2021-07-12
1626134400000,35172.37,35588.07,34767.18,35049.29,2218574764.56,1626220799999,77759464757233.62,94438,2021-07-13
1626220800000,35153.84,35501.55,34482.95,35040.35,2272341634.38,1626307199999,79623638264387.27,304257,2021-07-14
1626307200000,35811.65,36368.68,34583.56,35494.11,1946983863.15,1626393599999,69106454942744.4,256106,2021-07-15
1626393600000,36195.47,36323.72,36160.49,36244.14,640530883.22,1626479999999,23215492646230.71,481434,2021-07-16
1626480000000,35420.96,35873.7,35271.44,35503.43,908180090.97,1626566399999,32243506941724.0,162451,2021-07-17
1626566400000,36827.78,36950.01,36362.82,36690.09,1401826637.87,1626652799999,51433152312554.02,283183,2021-07-18
1626652800000,36797.4,38953.63,36254.85,37028.65,1205595022.87,1626739199999,44641550891768.58,95700,2021-07-19
1626739200000,37430.16,37944.1,35991.23,36657.99,2863325945.22,1626825599999,104963769435447.1,489152,2021-07-20
1626825600000,36057.98,36090.65,35987.34,36026.22,2027382659.6,1626911999999,73038941723437.4,433079,2021-07-21
1626912000000,36861.23,37069.16,36788.73,36953.49,649407658.42,1626998399999,23997876760587.86,388956,2021-07-22
1626998400000,37687.54,39344.17,36677.73,38065.88,2910812804.73,1627084799999,110802636888769.08,118250,2021-07-23
1627084800000,37733.53,37757.63,37678.1,37729.64,1396916196.48,1627171199999,52705150109399.3,423179,2021-07-24
1627171200000,38155.04,38472.71,37255.73,37541.85,1308955442.88,1627257599999,49140606486191.2,275066,2021-07-25
1627257600000,38033.71,38462.5,37729.66,38023.28,1053407804.01,1627343999999,40054017805301.8,141748,2021-07-26
1627344000000,38925.95,38948.51,38863.1,38900.99,1718182190.33,1627430399999,66838992577268.42,360203,2021-07-27
1627430400000,39398.6,40226.07,38084.56,39024.36,949720172.92,1627516799999,37062224135642.75,436933,2021-07-28
1627516800000,38998.74,39608.48,38697.95,38915.6,823142455.86,1627603199999,32033083320726.68,401102,2021-07-29
1627603200000,38633.77,39863.04,38321.27,39112.07,1756575093.34,1627689599999,68703290884401.68,367176,2021-07-30
1627689600000,39333.16,39514.14,39162.39,39356.61,1934057693.28,1627775999999,76117948241821.33,115641,2021-07-31
1627776000000,39207.32,39809.68,38892.55,39359.46,1234711077.06,1627862399999,48597557416378.7,227817,2021-08-01
1627862400000,40597.08,41729.12,40165.71,40926.91,842043455.7,1627948799999,34462237115511.78,445073,2021-08-02
1627948800000,39826.19,41071.55,39488.58,40340.66,2596346967.48,1628035199999,104738350264505.4,312066,2021-08-03
1628035200000,41161.57,42483.46,40640.2,41442.54,1252883252.87,1628121599999,51922661615647.91,101351,2021-08-04
1628121600000,42298.45,42612.73,41203.74,41946.63,2250320371.79,1628207999999,94393366302520.84,494418,2021-08-05
1628208000000,41917.48,42490.76,41687.96,42040.92,2855607461.98,1628294399999,120052365182835.31,494064,2021-08-06
1628294400000,41486.69,42446.52,40688.22,41674.92,1504623302.17,1628380799999,62705048516919.73,213746,2021-08-07
1628380800000,42402.63,42517.89,42362.85,42445.19,1500165088.86,1628467199999,63674786028750.38,492465,2021-08-08
1628467200000,42691.62,43257.53,41333.19,42576.82,3123445766.11,1628553599999,132986399201905.55,405549,2021-08-09
1628553600000,42611.01,42826.6,41782.29,42472.2,2585851520.97,1628639999999,109826807598723.08,482933,2021-08-10
1628640000000,43550.21,43896.61,42975.53,43454.97,2355991231.72,1628726399999,102379530580951.77,285430,2021-08-11
1628726400000,43194.68,43301.56,42853.62,43017.76,1984402459.05,1628812799999,85364557473466.78,184164,2021-08-12
1628812800000,44603.33,45053.08,43544.28,44610.65,2830566305.55,1628899199999,126273395356405.55,340287,2021-08-13
1628899200000,42974.25,44568.5,42435.84,44085.26,2593941637.81,1628985599999,114354594259551.9,276833,2021-08-14
1628985600000,44007.44,45633.48,43551.57,44788.94,2774013139.27,1629071999999,124245100985480.36,73423,2021-08-15
1629072000000,45156.04,45214.37,45093.42,45182.81,751212748.78,1629158399999,33941900077223.96,68225,2021-08-16
1629158400000,45145.81,45733.73,44639.57,45237.39,2040440332.82,1629244799999,92304203522451.31,409923,2021-08-17
1629244800000,46410.82,47364.13,44712.62,46048.96,2640334086.59,1629331199999,121584639233146.1,486158,2021-08-18
1629331200000,45627.06,46107.64,45100.13,45813.1,2351505270.57,1629417599999,107729740451990.56,94757,2021-08-19
1629417600000,47433.01,48369.47,46385.63,46909.72,1185815349.47,1629503999999,55626262439234.55,498135,2021-08-20
1629504000000,46493.04,46768.54,45801.21,46017.51,2976477709.05,1629590399999,136970084759663.8,209096,2021-08-21
1629590400000,47183.69,47668.87,46868.86,47193.08,1791615057.54,1629676799999,84551840175503.25,115505,2021-08-22
1629676800000,48820.05,50761.81,47293.82,48574.77,3835505867.54,1629763199999,186308807961153.38,273480,2021-08-23
1629763200000,47450.69,48003.55,46932.25,47244.9,3179286180.62,1629849599999,150205063298458.16,217564,2021-08-24
1629849600000,47763.81,47818.79,47743.62,47775.82,2340950517.86,1629935999999,111840839109192.19,396513,2021-08-25
1629936000000,49166.02,49425.84,48451.05,48815.41,3355231378.14,1630022399999,163786997342979.88,89005,2021-08-26
1630022400000,49051.57,49339.39,48746.63,48970.17,2943222601.72,1630108799999,144130104499044.53,488020,2021-08-27
1630108800000,48842.92,49804.53,48590.12,49420.58,2003035699.28,1630195199999,98991190792716.45,83022,2021-08-28
1630195200000,50168.02,50425.6,49563.77,49853.1,1428804696.35,1630281599999,71230349443908.47,197738,2021-08-29
1630281600000,50375.9,50528.52,50116.69,50290.96,1794251733.05,1630367999999,90234649974686.66,394735,2021-08-30
1630368000000,50933.29,51438.29,50484.16,50928.73,2833481726.18,1630454399999,144305638345127.78,455999,2021-08-31
1630454400000,50859.04,50871.4,50825.44,50856.99,1604052290.96,1630540799999,81577271113762.83,469602,2021-09-01
1630540800000,50950.59,51516.96,49878.64,50809.23,1158973084.2,1630627199999,58886532624397.05,154018,2021-09-02
1630627200000,52335.33,52831.23,50639.34,51719.49,2300051447.87,1630713599999,118957477282570.34,403532,2021-09-03
1630713600000,52654.86,53392.63,52299.31,52831.69,2154154775.75,1630799999999,113807644441783.36,206482,2021-09-04
1630800000000,52341.3,54195.24,50378.84,51919.93,4364962210.46,1630886399999,226628553997225.56,76990,2021-09-05
1630886400000,50970.09,52894.38,50181.45,51739.14,2864426681.23,1630972799999,148202962306783.7,157759,2021-09-06
1630972800000,53196.04,53709.32,52965.29,53400.12,1629881296.11,1631059199999,87035853237097.8,237484,2021-09-07
1631059200000,51724.53,52377.99,50893.59,51718.04,2526881720.45,1631145599999,130685366178093.28,344375,2021-09-08
1631145600000,49247.04,50464.11,48579.51,49559.02,1957508529.59,1631231999999,97012204729703.72,274356,2021-09-09
1631232000000,50237.66,50862.65,50056.24,50486.81,2625152450.49,1631318399999,132535563870165.45,77886,2021-09-10
1631318400000,49490.02,49863.82,48075.11,48756.2,3545507362.35,1631404799999,172865454521052.0,397091,2021-09-11
1631404800000,48172.37,48212.38,48042.23,48111.96,1932598360.58,1631491199999,92981095143671.1,433559,2021-09-12
1631491200000,47122.11,49245.77,46278.04,47445.4,1558145560.13,1631577599999,73926845840313.16,266874,2021-09-13
1631577600000,46113.81,46937.5,45436.15,46455.96,3038929307.75,1631663999999,141176365970792.75,209723,2021-09-14
1631664000000,46105.16,46725.3,44715.23,45829.73,2206525148.43,1631750399999,101124454777917.55,268133,2021-09-15
1631750400000,44422.61,44513.16,44074.64,44302.98,1520748500.23,1631836799999,67373687237738.65,495912,2021-09-16
1631836800000,43931.87,44095.55,43613.04,43897.2,2621854015.89,1631923199999,115092061391326.28,400501,2021-09-17
1631923200000,42769.93,43201.83,42049.39,42588.37,1618173939.42,1632009599999,68915390639448.46,428588,2021-09-18
1632009600000,41639.15,43162.72,40814.4,42185.0,1758128421.27,1632095999999,74166646932239.2,399939,2021-09-19
1632096000000,40828.28,42022.28,40005.94,41209.22,1648824067.8,1632182399999,67946750394546.09,449931,2021-09-20
1632182400000,39723.71,40331.26,38836.42,39550.99,1071983246.85,1632268799999,42397998057889.52,445672,2021-09-21
1632268800000,42743.83,44445.98,40008.54,41429.51,3013813289.29,1632355199999,124860798191279.31,133040,2021-09-22
1632355200000,41564.96,42132.31,40951.94,41524.31,2383078432.24,1632441599999,98955684094754.73,391071,2021-09-23
1632441600000,42661.05,44552.36,41397.24,43103.6,3280843277.4,1632527999999,141416168357402.03,326709,2021-09-24
1632528000000,43728.38,43879.45,43617.78,43778.31,2125242269.3,1632614399999,93039516647134.84,264107,2021-09-25
1632614400000,45888.95,47014.64,44122.85,45463.97,1491204731.88,1632700799999,67796084793590.99,492912,2021-09-26
1632700800000,45066.47,45548.26,44877.0,45257.62,1966452652.06,1632787199999,88996969940175.5,115650,2021-09-27
1632787200000,45991.75,46549.24,45564.07,46081.88,1944365754.84,1632873599999,89600034909783.9,444044,2021-09-28
1632873600000,47142.23,47260.25,47088.87,47161.42,2438720895.87,1632959999999,115013542766512.86,232306,2021-09-29
1632960000000,47782.49,48216.24,47664.85,47894.08,2403361075.91,1633046399999,115106774980808.62,99604,2021-09-30
1633046400000,49600.16,49841.26,48781.3,49435.55,1778447840.21,1633132799999,87918550807443.77,423230,2021-10-01
1633132800000,48817.18,49165.11,48307.09,48894.96,1293093230.87,1633219199999,63225739049574.2,186126,2021-10-02
1633219200000,50196.29,50303.06,49777.85,50116.82,838724122.39,1633305599999,42034185112138.61,293413,2021-10-03
1633305600000,50812.84,52000.37,49608.07,50993.28,2499437178.55,1633391999999,127454504601320.28,262243,2021-10-04
1633392000000,53258.53,53774.84,52698.83,53151.01,1283511186.83,1633478399999,68219913060047.19,469683,2021-10-05
1633478400000,54573.2,54727.01,54468.04,54545.43,2394036374.98,1633564799999,130583738451114.95,93058,2021-10-06
1633564800000,54508.52,56231.15,52420.88,54276.71,2753071791.61,1633651199999,149427685543943.4,468826,2021-10-07
1633651200000,54576.1,56305.15,53919.51,55129.47,1454629896.89,1633737599999,80192972312175.11,354531,2021-10-08
1633737600000,56159.49,56368.58,55618.27,56185.12,1906328088.13,1633823999999,107107276273072.16,450972,2021-10-09
1633824000000,57821.63,57867.79,57782.86,57829.69,1171726788.15,1633910399999,67760594925321.52,245177,2021-10-10
1633910400000,55283.51,58518.16,53568.57,57286.36,2117494312.33,1633996799999,121303550295747.72,287061,2021-10-11
1633996800000,59763.4,61104.73,57122.9,58995.86,3286101511.81,1634083199999,193866379049833.25,324362,2021-10-12
1634083200000,60535.53,60889.02,59441.85,60423.05,2322622265.17,1634169599999,140339925867646.19,256427,2021-10-13
1634169600000,60962.82,61309.42,60853.87,60985.21,3420371332.84,1634255999999,208592063139554.6,440809,2021-10-14
1634256000000,61097.72,64105.54,59412.5,61657.19,1338442072.47,1634342399999,82524579624128.48,265865,2021-10-15
1634342400000,65880.38,68190.39,57981.01,63163.54,6004449337.15,1634428799999,379262288542115.75,311019,2021-10-16
1634428800000,60474.29,63462.22,59465.54,61256.63,4765835056.45,1634515199999,291939013777165.3,255021,2021-10-17
1634515200000,64746.69,65034.12,64307.72,64729.19,1703692181.68,1634601599999,110278611178004.94,426622,2021-10-18
1634601600000,65030.28,65540.48,63229.0,64592.46,4053365120.85,1634687999999,261816813437382.1,473156,2021-10-19
1634688000000,64606.06,64957.1,64202.8,64550.14,2079241617.11,1634774399999,134215334870150.94,422624,2021-10-20
1634774400000,66578.87,66670.56,66464.94,66548.61,2382476295.73,1634860799999,158550476187513.28,251024,2021-10-21
1634860800000,67855.02,69154.75,66484.48,67378.36,2880275075.63,1634947199999,194068215380155.88,50593,2021-10-22
1634947200000,66543.56,67516.44,65552.57,66319.01,3906295763.23,1635033599999,259061649530148.1,333583,2021-10-23
1635033600000,67619.83,68982.83,66192.92,67332.64,4295402614.12,1635119999999,289220794476655.1,242465,2021-10-24
1635120000000,67540.4,68662.08,67048.38,68005.03,2350129546.37,1635206399999,159820629417956.8,150877,2021-10-25
1635206400000,68246.6,69776.9,66393.96,67912.08,4981551401.96,1635292799999,338307517028641.3,403975,2021-10-26
1635292800000,69305.92,71303.3,65603.58,68318.53,2303792921.33,1635379199999,157391749223076.75,260745,2021-10-27
1635379200000,68691.86,70563.99,65762.77,67740.8,3896432683.88,1635465599999,263947466623110.1,429060,2021-10-28
1635465600000,67277.87,67751.71,66438.49,67346.62,1306898882.52,1635551999999,88015224459801.39,354105,2021-10-29
1635552000000,66349.63,67992.62,64994.77,66132.35,2226017632.87,1635638399999,147211782177271.34,237001,2021-10-30
1635638400000,66278.81,69779.25,65327.96,67371.91,5207280883.82,1635724799999,350824443663916.5,358804,2021-10-31
1635724800000,66330.72,67414.7,65820.24,67029.09,3231269744.96,1635811199999,216589062871041.38,259985,2021-11-01
1635811200000,70354.05,70755.44,69025.42,69624.91,4848169361.87,1635897599999,337553357902206.56,357994,2021-11-02
1635897600000,67974.59,68092.09,67731.15,67856.48,1308430818.15,1635983999999,88785505949709.88,80870,2021-11-03
1635984000000,67403.22,68885.41,66820.13,68243.6,1981249494.62,1636070399999,135207604893060.78,84609,2021-11-04
1636070400000,68745.75,68849.87,68518.96,68737.62,2512758161.65,1636156799999,172721008530037.34,277949,2021-11-05
1636156800000,68435.33,68959.85,68031.03,68464.38,1495801780.79,1636243199999,102409134443304.69,401347,2021-11-06
1636243200000,69516.93,71783.17,67178.99,69966.21,4772165730.74,1636329599999,333890366028930.56,458280,2021-11-07
1636329600000,68253.25,68289.29,68138.17,68200.87,2469792867.52,1636415999999,168442014481784.62,107416,2021-11-08
1636416000000,69214.44,69991.01,68433.13,69017.94,3346677118.21,1636502399999,230980774657966.8,201990,2021-11-09
1636502400000,68195.7,69009.1,67410.35,68385.23,1882658135.12,1636588799999,128746017780354.45,105990,2021-11-10
1636588800000,67402.28,67565.18,66754.89,67086.89,1289649665.76,1636675199999,86518583011838.83,248514,2021-11-11
1636675200000,68073.6,69336.97,65504.54,66839.02,2921660362.49,1636761599999,195280926818899.2,316104,2021-11-12
1636761600000,66715.18,67162.57,65663.9,66470.44,3127268323.78,1636847999999,207870915977779.0,224776,2021-11-13
1636848000000,65960.75,68132.93,64315.96,65328.38,4546352308.23,1636934399999,297005815356356.75,244243,2021-11-14
1636934400000,64295.92,64312.72,64274.39,64294.63,3875233306.45,1637020799999,249156690869609.38,271846,2021-11-15
1637020800000,62757.04,63192.78,62272.05,62919.95,1720456445.11,1637107199999,108251030385869.4,362898,2021-11-16
1637107200000,63157.25,63780.28,62730.6,63103.67,4175980605.21,1637193599999,263519713072948.3,218419,2021-11-17
1637193600000,61300.37,61648.76,60776.37,61207.8,3504976283.77,1637279999999,214531896121705.9,472648,2021-11-18
1637280000000,62238.22,64060.37,60811.31,62060.92,4243583644.25,1637366399999,263360710580633.2,342897,2021-11-19
1637366400000,60647.83,61999.43,59076.43,60726.68,1456829574.98,1637452799999,88468427503645.61,133511,2021-11-20
1637452800000,58814.66,59387.64,58144.09,58786.81,2670134832.63,1637539199999,156968712702535.44,141422,2021-11-21
1637539200000,58781.84,58816.51,58746.2,58781.08,2766352955.96,1637625599999,162609214339115.5,136738,2021-11-22
1637625600000,57878.82,58096.91,57371.77,57641.66,1174708730.78,1637711999999,67712163015722.27,397912,2021-11-23
1637712000000,57811.47,58650.91,56617.06,57552.93,4173928897.25,1637798399999,240221818433586.53,68571,2021-11-24
1637798400000,58355.63,59527.64,55814.17,57408.83,2459626061.13,1637884799999,141204243098363.44,262329,2021-11-25
1637884800000,54416.09,54666.24,54311.34,54414.05,2529108760.49,1637971199999,137619054233386.14,372639,2021-11-26
1637971200000,55130.04,56072.25,54303.69,54909.02,2138191188.46,1638057599999,117405983785896.38,273047,2021-11-27
1638057600000,53720.17,54066.73,53396.31,53896.23,2832599660.85,1638143999999,152666454003351.9,113017,2021-11-28
1638144000000,53681.71,54142.58,53284.29,53594.98,940091233.51,1638230399999,50384172395349.23,118224,2021-11-29
1638230400000,52304.39,52566.87,52231.46,52467.22,2354859502.44,1638316799999,123552933504735.36,113318,2021-11-30
1638316800000,50890.45,51483.5,50591.29,51035.28,2342735763.25,1638403199999,119562182561754.16,62602,2021-12-01
1638403200000,50453.5,50490.01,50441.58,50472.68,1666284805.9,1638489599999,84101862919106.86,351466,2021-12-02
1638489600000,49100.07,50036.29,48751.17,49357.31,1528799420.62,1638575999999,75457426734235.06,95064,2021-12-03
1638576000000,49581.82,49976.23,49382.61,49632.69,2352647649.63,1638662399999,116768236643299.7,255651,2021-12-04
1638662400000,48883.79,49141.5,48631.43,48916.08,1499635885.15,1638748799999,73356305955406.05,301577,2021-12-05
1638748800000,50016.33,50323.25,49228.25,49920.64,3202999386.42,1638835199999,159895789160977.03,81474,2021-12-06
1638835200000,48649.89,48719.11,48621.85,48675.26,2438738140.19,1638921599999,118706204038896.34,384905,2021-12-07
1638921600000,47761.96,48826.39,47436.23,48201.02,2307615069.25,1639007999999,111229403443515.05,306070,2021-12-08
1639008000000,47551.78,47833.27,47185.1,47636.55,1264449928.22,1639094399999,60234033491125.77,172998,2021-12-09
1639094400000,47371.82,47998.18,47019.51,47373.7,3155644642.47,1639180799999,149494566963092.5,460011,2021-12-10
1639180800000,45748.85,48247.82,44842.29,47406.36,1188710754.69,1639267199999,56352449457472.66,173162,2021-12-11
1639267200000,48524.43,49283.0,47249.81,48383.17,1960292626.68,1639353599999,94845169582820.45,364517,2021-12-12
1639353600000,48748.61,49256.49,47775.75,48425.98,3167466264.11,1639439999999,153387642635550.22,101143,2021-12-13
1639440000000,47438.15,48199.18,46669.92,47124.27,2573212893.87,1639526399999,121260781206547.6,161360,2021-12-14
1639526400000,48463.74,48922.05,48158.11,48454.18,1883631857.12,1639612799999,91269828928545.31,288135,2021-12-15
1639612800000,47464.12,47837.61,47353.56,47565.52,1246916079.35,1639699199999,59310217810965.29,311874,2021-12-16
1639699200000,47596.87,51437.16,46211.33,47830.53,4074203286.68,1639785599999,194871321581432.25,187321,2021-12-17
1639785600000,48572.59,48584.73,48559.73,48571.87,905586456.58,1639871999999,43986025610058.62,102954,2021-12-18
1639872000000,48053.73,48086.03,48020.33,48065.35,750822152.28,1639958399999,36088526817608.12,353082,2021-12-19
1639958400000,47403.81,47528.58,46941.47,47304.22,949259470.35,1640044799999,44903977388539.3,177762,2021-12-20
1640044800000,46605.71,48499.29,45193.32,46854.22,4071071198.91,1640131199999,190746883019209.38,460786,2021-12-21
1640131200000,46040.75,46248.37,45863.57,46043.84,1143794321.05,1640217599999,52664679850716.94,269698,2021-12-22
1640217600000,46905.61,47851.12,45085.15,46760.81,1330214598.6,1640303999999,62201906904138.8,89833,2021-12-23
1640304000000,46986.91,47049.52,46920.17,46952.17,1879673445.46,1640390399999,88254747434006.47,437315,2021-12-24
1640390400000,46299.87,46818.77,45885.62,46418.53,3061750588.07,1640476799999,142121952035133.88,472497,2021-12-25
1640476800000,46599.3,47302.28,46280.35,46804.73,2211024086.04,1640563199999,103486393682602.42,462812,2021-12-26
1640563200000,46973.81,47620.53,46389.41,46825.29,1847983717.74,1640649599999,86532366857238.23,309946,2021-12-27
1640649600000,46625.11,47015.54,46258.63,46559.74,2919638147.68,1640735999999,135937603386177.92,120137,2021-12-28
1640736000000,46202.14,46248.53,46176.43,46225.89,2380449376.39,1640822399999,110038385888537.58,172190,2021-12-29
1640822400000,46584.1,46597.51,46565.22,46586.95,2647572686.94,1640908799999,123342341666433.69,402344,2021-12-30
1640908800000,46549.72,46923.72,46022.42,46642.48,2377849591.67,1640995199999,110908807217805.4,424518,2021-12-31
1640995200000,45536.97,46818.66,44962.32,45694.17,2503884523.22,1641081599999,114412935762557.5,155231,2022-01-01
1641081600000,46721.89,47554.44,45640.57,46495.86,2345942487.32,1641167999999,109076619362799.52,388539,2022-01-02
1641168000000,45018.16,45286.84,44828.6,45090.07,2804239297.14,1641254399999,126443348802505.38,471266,2022-01-03
1641254400000,44316.54,47343.17,41638.1,44575.3,2763554342.61,1641340799999,123186257924045.28,383941,2022-01-04
1641340800000,44127.24,45047.1,43490.37,44360.78,2709571000.49,1641427199999,120198690867760.88,363935,2022-01-05
1641427200000,43682.01,43860.27,43317.84,43530.18,2615366385.19,1641513599999,113847366764316.1,148346,2022-01-06
1641513600000,43196.49,45087.91,42235.12,43320.31,1872011500.52,1641599999999,81096125751794.14,344227,2022-01-07
1641600000000,42526.46,43020.68,40972.23,42397.75,3158853524.03,1641686399999,133928292596432.78,80453,2022-01-08
1641686400000,41379.42,41482.2,41184.83,41367.64,1859946993.01,1641772799999,76941619673108.73,402231,2022-01-09
1641772800000,41490.64,41611.79,41153.76,41273.93,1128473870.24,1641859199999,46576547973936.62,299026,2022-01-10
1641859200000,39659.25,41191.36,39189.68,39961.3,2881587974.8,1641945599999,115152006369556.73,313820,2022-01-11
1641945600000,40182.22,40413.77,39639.77,39991.16,734491464.4,1642031999999,29373165523007.02,170770,2022-01-12
1642032000000,39284.58,40087.82,38825.66,39345.17,716467388.09,1642118399999,28189534070799.81,373923,2022-01-13
1642118400000,38700.48,38744.54,38649.07,38685.75,990785420.0,1642204799999,38329279954686.72,329988,2022-01-14
1642204800000,38143.58,38151.51,38137.63,38145.42,1889084303.84,1642291199999,72059913287277.03,318959,2022-01-15
1642291200000,36788.81,37101.49,36587.68,36776.41,2177209059.39,1642377599999,80069927725975.92,72159,2022-01-16
1642377600000,36754.19,36845.75,36712.66,36803.88,1645607483.2,1642463999999,60564735908001.11,355711,2022-01-17
1642464000000,36816.68,37260.24,36168.6,36510.2,2468071726.1,1642550399999,90109785856941.1,374145,2022-01-18
1642550400000,35862.39,36411.26,35718.21,35960.15,2121341681.13,1642636799999,76283773117380.89,473819,2022-01-19
1642636800000,34869.92,35267.57,34654.82,34877.56,1413219004.21,1642723199999,49289629814255.09,454023,2022-01-20
1642723200000,35304.6,35403.61,35004.11,35262.35,1293314585.68,1642809599999,45605313713106.52,214272,2022-01-21
1642809600000,33884.81,34066.11,33600.44,33801.5,1565792045.46,1642895999999,52926112776478.06,118799,2022-01-22
1642896000000,34144.64,34339.37,33797.97,33968.89,1035108473.09,1642982399999,35161489080671.09,193003,2022-01-23
1642982400000,33117.29,33377.58,32818.91,33169.17,2012450201.66,1643068799999,66751300777001.85,188317,2022-01-24
1643068800000,32861.71,33356.93,32386.51,32970.89,1296610394.21,1643155199999,42750402446731.26,194950,2022-01-25
1643155200000,34440.73,34808.63,33825.91,34169.9,2347538151.71,1643241599999,80215155202820.92,304338,2022-01-26
1643241600000,33407.64,33793.36,32898.34,33203.21,2284298176.1,1643327999999,75846037010573.2,317976,2022-01-27
1643328000000,34243.01,34427.52,34185.94,34288.36,1819375995.07,1643414399999,62383410363889.55,65749,2022-01-28
1643414400000,34547.69,34602.82,34497.91,34552.81,1068025361.43,1643500799999,36903277402208.06,260516,2022-01-29
1643500800000,34083.54,34134.55,34047.29,34094.83,1407844782.19,1643587199999,48000223554131.01,157065,2022-01-30
1643587200000,35178.22,35178.38,35177.81,35178.15,562268600.68,1643673599999,19779570070373.32,355799,2022-01-31
1643673600000,34831.26,34932.67,34605.03,34724.07,1180381980.15,1643759999999,40987662107242.38,182210,2022-02-01
1643760000000,35340.43,35620.23,34833.19,35178.59,2061538481.48,1643846399999,72522021426774.39,74632,2022-02-02
1643846400000,35011.36,36344.07,34586.56,35395.94,1700776627.19,1643932799999,60200590833905.15,87106,2022-02-03
1643932800000,35589.01,35796.74,35320.72,35457.05,941366463.64,1644019199999,33378075101696.18,326329,2022-02-04
1644019200000,36635.05,37530.18,34651.54,36090.62,2736593986.31,1644105599999,98765385679229.81,84772,2022-02-05
1644105600000,36522.75,37196.46,35758.06,36313.94,1603422972.14,1644191999999,58226611449912.98,225517,2022-02-06
1644192000000,35150.61,36431.68,34797.93,35440.44,793910026.64,1644278399999,28136518847190.4,435309,2022-02-07
1644278400000,36994.65,37028.97,36943.67,36998.75,1986249215.58,1644364799999,73488747001960.77,394633,2022-02-08
1644364800000,35891.21,35999.08,35842.36,35925.84,1043118271.1,1644451199999,37474896334237.9,400156,2022-02-09
1644451200000,37307.76,37550.43,37233.55,37342.75,1281195101.62,1644537599999,47843346762999.3,258719,2022-02-10
1644537600000,37927.92,38049.49,37459.82,37616.09,1340613877.67,1644623999999,50428649584052.84,431642,2022-02-11
1644624000000,36925.76,37872.98,35914.04,36853.98,1788155451.4,1644710399999,65900644349265.95,89365,2022-02-12
1644710400000,37328.02,37471.76,37278.57,37386.21,1029928843.86,1644796799999,38505136057206.42,456038,2022-02-13
1644796800000,37203.96,37973.08,36576.03,37298.45,1309065125.23,1644883199999,48826103212512.01,71840,2022-02-14
1644883200000,38174.1,39123.46,36735.52,37930.49,2208332225.66,1644969599999,83763131686784.42,159672,2022-02-15
1644969600000,38022.58,38842.64,37454.3,38115.73,2902342322.08,1645055999999,110624892594589.36,463425,2022-02-16
1645056000000,38892.31,38941.83,38747.92,38845.78,1537904549.84,1645142399999,59741107641373.55,148737,2022-02-17
1645142400000,39337.71,39644.33,39019.87,39323.02,1334597828.0,1645228799999,52480414039813.91,119370,2022-02-18
1645228800000,39524.43,40036.21,38917.98,39595.08,2498718241.74,1645315199999,98936948993991.6,138142,2022-02-19
1645315200000,38959.34,39097.79,38669.47,38907.18,2028769200.11,1645401599999,78933683324421.58,474017,2022-02-20
1645401600000,39444.6,40080.19,38726.3,39301.08,1021832154.52,1645487999999,40159107147409.11,179983,2022-02-21
1645488000000,38874.76,39007.35,38680.71,38828.02,1839002659.15,1645574399999,71404840159316.95,368761,2022-02-22
1645574400000,39578.68,40622.54,38953.31,39471.71,1090163911.24,1645660799999,43030630177614.24,429337,2022-02-23
1645660800000,40406.98,41029.07,39626.4,40549.84,2473098325.29,1645747199999,100283730237189.86,169065,2022-02-24
1645747200000,41035.27,41419.47,40430.49,41095.86,2177810614.94,1645833599999,89498996925449.69,298685,2022-02-25
1645833600000,40304.0,40828.86,38934.18,39942.33,1626109126.86,1645919999999,64950585382303.22,295839,2022-02-26
1645920000000,40384.9,40897.72,39945.98,40481.56,1540004093.04,1646006399999,62341769941663.34,429164,2022-02-27
1646006400000,41081.48,41444.49,40609.52,40987.01,2578262618.51,1646092799999,105675271518834.69,447699,2022-02-28
1646092800000,41225.1,41705.78,40783.46,41367.18,2942683263.4,1646179199999,121730505770289.28,355099,2022-03-01
1646179200000,41223.71,41358.04,40909.29,41054.38,2189497932.19,1646265599999,89888472830083.16,257229,2022-03-02
1646265600000,41864.97,41949.3,41814.79,41897.84,1117620325.48,1646351999999,46825879518295.05,472638,2022-03-03
1646352000000,41556.73,41918.42,41457.3,41675.96,1200523653.45,1646438399999,50032973432460.6,398385,2022-03-04
1646438400000,41917.22,42392.05,41660.26,42135.55,1544524856.72,1646524799999,65079401890799.43,492423,2022-03-05
1646524800000,42705.4,43048.99,42370.05,42649.19,1590879104.16,1646611199999,67849706292740.64,362699,2022-03-06
1646611200000,42041.05,44098.78,41462.96,42603.28,2444289176.04,1646697599999,104134743657863.44,74925,2022-03-07
1646697600000,42758.6,43388.38,40902.54,42604.29,3044163535.63,1646783999999,129694438308494.14,187299,2022-03-08
1646784000000,42628.15,43862.56,41830.95,43000.51,2772149382.11,1646870399999,119203834558316.22,54263,2022-03-09
1646870400000,43333.7,44149.88,42914.76,43239.82,2852616857.33,1646956799999,123346628143638.48,129756,2022-03-10
1646956800000,43063.74,43984.19,42757.06,43321.08,1407880219.8,1647043199999,60990886741897.72,284167,2022-03-11
1647043200000,43538.85,44033.58,43236.64,43607.01,989155334.49,1647129599999,43134107939839.4,234084,2022-03-12
1647129600000,44715.25,45096.91,44390.79,44814.97,1809358591.14,1647215999999,81086344051196.83,69932,2022-03-13
1647216000000,43466.42,45003.6,42927.37,44497.51,3109918523.09,1647302399999,138383635790007.81,50139,2022-03-14
1647302400000,45749.41,46937.67,43496.56,44271.04,2146944995.24,1647388799999,95047483913917.12,382197,2022-03-15
1647388800000,45544.85,45806.71,44745.4,45030.63,914217952.62,1647475199999,41167811064180.84,265696,2022-03-16
1647475200000,44683.86,44875.21,44589.46,44705.91,2285241160.48,1647561599999,102163784667850.73,402932,2022-03-17
1647561600000,45717.99,45922.42,45605.84,45749.38,2344150316.67,1647647999999,107243428010119.14,202843,2022-03-18
1647648000000,45686.46,46077.27,45027.84,45543.98,3002259562.01,1647734399999,136734863678380.9,350040,2022-03-19
1647734400000,45448.09,47021.38,44902.76,45512.75,1047772379.79,1647820799999,47687001988159.68,255567,2022-03-20
1647820800000,46066.93,46230.89,45943.0,46046.07,2674273031.01,1647907199999,123139750408398.3,426606,2022-03-21
1647907200000,44989.54,45719.82,44727.32,45160.91,1660424914.69,1647993599999,74986298816638.88,298305,2022-03-22
1647993600000,45452.42,45984.32,45214.96,45631.69,2410553897.37,1648079999999,109997648972957.06,327105,2022-03-23
1648080000000,45738.41,46988.99,45105.94,45819.71,3559926593.87,1648166399999,163114799898127.3,490861,2022-03-24
1648166400000,46813.9,47132.77,46363.22,46794.42,835030320.44,1648252799999,39074755793950.06,498543,2022-03-25
1648252800000,47933.18,48104.98,47688.44,47918.81,1782249385.9,1648339199999,85403265404601.97,162745,2022-03-26
1648339200000,48692.81,48905.19,47958.74,48434.47,2866093199.09,1648425599999,138817710677802.16,256346,2022-03-27
1648425600000,47698.13,48052.39,47442.01,47762.92,2966717521.51,1648511999999,141699101926778.6,109304,2022-03-28
1648512000000,47027.21,47485.4,46762.89,47228.82,2171166868.53,1648598399999,102541654456455.28,253236,2022-03-29
1648598400000,45525.15,45957.34,44347.52,45488.49,1443420669.15,1648684799999,65659022636339.45,101057,2022-03-30
1648684800000,45722.56,45804.61,45583.32,45740.18,1512276650.4,1648771199999,69171811611734.53,355854,2022-03-31
1648771200000,45058.06,45284.12,44986.23,45155.72,2634784695.28,1648857599999,118975593223063.14,406664,2022-04-01
1648857600000,44807.3,44939.16,44731.83,44797.08,1321493273.7,1648943999999,59199042906764.52,302334,2022-04-02
1648944000000,44629.62,44842.71,44439.57,44589.85,979789336.91,1649030399999,43688657614645.52,411146,2022-04-03
1649030400000,43953.04,44095.47,43812.14,43976.12,2607286450.37,1649116799999,114658338570695.58,451340,2022-04-04
1649116800000,42470.32,43175.83,42262.8,42733.65,2084768531.57,1649203199999,89089761939780.48,374865,2022-04-05
1649203200000,43740.19,43843.18,43650.13,43708.79,1034475918.34,1649289599999,45215694468831.7,347957,2022-04-06
1649289600000,42049.0,43170.01,41743.07,42314.85,1875427332.2,1649375999999,79358421848728.39,88044,2022-04-07
1649376000000,42414.54,43771.15,41671.39,42535.1,2137447780.65,1649462399999,90916555986761.14,84590,2022-04-08
1649462400000,43086.15,43230.24,42878.07,43004.34,1829000857.76,1649548799999,78654978598928.0,256705,2022-04-09
1649548800000,40938.29,42009.42,40660.73,41048.74,908562209.19,1649635199999,37295333525633.74,150517,2022-04-10
1649635200000,39807.5,39808.67,39805.34,39806.81,964107375.43,1649721599999,38378041512074.15,359422,2022-04-11
1649721600000,40611.85,40786.81,40056.83,40460.66,763476267.4,1649807999999,30890752713778.82,275119,2022-04-12
1649808000000,40697.99,40827.9,40496.37,40677.06,2392057063.76,1649894399999,97301860619330.4,68479,2022-04-13
1649894400000,40330.5,41028.82,39971.3,40626.13,1391252754.68,1649980799999,56521219994589.79,149571,2022-04-14
1649980800000,38685.08,39017.85,38526.58,38661.03,1089952144.33,1650067199999,42138672209481.57,469856,2022-04-15
1650067200000,38891.12,39272.69,38755.06,39017.85,2190512973.62,1650153599999,85469107401146.12,233686,2022-04-16
1650153600000,38360.0,38622.84,37634.71,38119.29,2438737593.66,1650239999999,92962946842770.06,157154,2022-04-17
1650240000000,38449.52,38857.19,37360.65,37831.84,1160975906.44,1650326399999,43921854871071.61,437663,2022-04-18
1650326400000,38708.59,38977.27,37970.91,38614.29,798473202.75,1650412799999,30832479122494.08,232847,2022-04-19
1650412800000,35856.33,36738.88,35471.6,36306.5,1303754335.08,1650499199999,47334750845131.6,444919,2022-04-20
1650499200000,36661.21,37902.68,35976.02,36631.2,2055955722.94,1650585599999,75312122953478.05,156885,2022-04-21
1650585600000,36420.93,36659.63,35950.91,36269.08,2338854104.85,1650671999999,84828096627392.86,102112,2022-04-22
1650672000000,36000.78,36567.56,34920.28,36077.35,1741298803.94,1650758399999,62821455070964.03,291996,2022-04-23
1650758400000,35179.7,35556.69,34397.4,35201.34,1847255438.1,1650844799999,65025868686838.86,169387,2022-04-24
1650844800000,34750.66,35635.49,34086.68,34834.96,2128988009.82,1650931199999,74163219731819.55,447744,2022-04-25
1650931200000,33603.39,34457.69,32725.15,34092.35,2144362977.85,1651017599999,73106373395472.14,435031,2022-04-26
1651017600000,34008.55,34397.29,33438.65,33909.16,2411265049.87,1651103999999,81763967284200.6,451591,2022-04-27
1651104000000,33197.7,33299.11,33130.42,33209.33,2023009247.11,1651190399999,67182791483314.62,193863,2022-04-28
1651190400000,33232.04,33292.17,33020.23,33138.68,1423341032.86,1651276799999,47167643288704.45,472004,2022-04-29
1651276800000,32150.54,32709.54,31197.44,32296.12,2221160382.55,1651363199999,71734858007970.4,457239,2022-04-30
1651363200000,32252.24,32588.56,31937.28,32131.41,639311390.18,1651449599999,20541978238010.62,284921,2022-05-01
1651449600000,31523.47,31536.67,31514.62,31522.26,1035408890.98,1651535999999,32638428562542.98,495464,2022-05-02
1651536000000,31627.96,31705.67,31324.69,31499.97,1946427982.2,1651622399999,61312426358372.66,270292,2022-05-03
1651622400000,30845.65,31624.37,30169.66,30607.78,2137317350.15,1651708799999,65418535920773.03,277400,2022-05-04
1651708800000,29287.41,29935.26,28699.15,29531.35,909344939.42,1651795199999,26854187075134.7,439437,2022-05-05
1651795200000,30104.3,30605.73,29541.52,30170.05,1178414579.42,1651881599999,35552828766177.98,414444,2022-05-06
1651881600000,27944.36,29466.47,27511.83,28948.57,2258203220.02,1651967999999,65371761853359.85,211982,2022-05-07
1651968000000,28046.25,29454.15,27468.33,28587.29,1559326294.51,1652054399999,44576908438980.42,393994,2022-05-08
1652054400000,28193.21,28254.82,28046.23,28157.28,1443378969.4,1652140799999,40641632352542.92,209302,2022-05-09
1652140800000,28039.75,29737.76,27575.57,28366.94,1247027992.77,1652227199999,35374366372973.82,107502,2022-05-10
1652227200000,26600.23,26835.09,26524.27,26749.76,705161078.75,1652313599999,18862887375643.78,91804,2022-05-11
1652313600000,27992.9,28175.42,27775.91,28016.63,1896390575.34,1652399999999,53130474080290.17,444000,2022-05-12
1652400000000,27103.03,27126.21,27056.59,27084.89,505291533.05,1652486399999,13685764987169.86,300513,2022-05-13
1652486400000,26589.84,26608.56,26517.51,26562.86,1345897908.43,1652572799999,35750897912354.49,426622,2022-05-14
1652572800000,25946.86,26820.39,25436.46,26220.55,1380284570.47,1652659199999,36191826445498.26,360559,2022-05-15
1652659200000,26110.05,26158.68,25929.41,26072.82,1019312802.84,1652745599999,26576360341130.07,225788,2022-05-16
1652745600000,26119.18,26559.05,25632.42,25890.63,528238552.1,1652831999999,13676428798804.39,400340,2022-05-17
1652832000000,25683.22,25708.57,25629.54,25672.92,448984964.35,1652918399999,11526756557789.52,121343,2022-05-18
1652918400000,25438.01,25921.44,24335.15,25389.78,1872801573.18,1653004799999,47550020992362.88,471674,2022-05-19
1653004800000,24939.54,25193.04,24808.69,24994.41,1479962510.41,1653091199999,36990785193968.85,355798,2022-05-20
1653091200000,24788.14,24944.66,24357.94,24654.99,915137206.12,1653177599999,22562699035972.78,458835,2022-05-21
1653177600000,24653.98,24982.44,23624.3,24415.06,1817772387.06,1653263999999,44381019545158.84,75628,2022-05-22
1653264000000,24170.97,24196.0,24088.67,24148.79,498135818.72,1653350399999,12029377974132.76,253336,2022-05-23
1653350400000,24386.2,24692.88,23306.78,24277.22,1208130716.9,1653436799999,29330049479720.12,96804,2022-05-24
1653436800000,23968.97,24120.18,23415.24,23866.09,1121678442.14,1653523199999,26770073691760.96,304577,2022-05-25
1653523200000,22514.97,22935.56,22151.2,22616.06,807724820.96,1653609599999,18267550018786.89,80233,2022-05-26
1653609600000,23407.37,23726.02,22993.25,23371.71,904856326.92,1653695999999,21148036837356.49,239553,2022-05-27
1653696000000,23235.61,23369.18,22724.93,22988.73,925544733.92,1653782399999,21277098681943.3,342311,2022-05-28
1653782400000,22727.29,22764.25,22580.95,22675.99,651007032.33,1653868799999,14762228345271.18,308916,2022-05-29
1653868800000,22236.0,22491.07,22129.55,22322.47,1322740917.64,1653955199999,29526840828555.18,459306,2022-05-30
1653955200000,22085.28,22889.4,21576.89,22472.07,1803793878.36,1654041599999,40534985951757.83,351955,2022-05-31
1654041600000,22075.19,22363.02,21990.45,22168.14,1388101131.45,1654127999999,30771625750791.35,332571,2022-06-01
1654128000000,21466.99,21471.18,21461.23,21463.93,1064329561.29,1654214399999,22844698800229.28,400331,2022-06-02
1654214400000,21584.11,21617.0,21463.86,21515.39,1347424184.39,1654300799999,28990363081337.09,84018,2022-06-03
1654300800000,20957.18,20984.07,20861.48,20910.07,424894610.27,1654387199999,8884576678376.92,273986,2022-06-04
1654387200000,20582.47,20668.93,20459.42,20556.65,463823411.81,1654473599999,9534655409678.9,372498,2022-06-05
1654473600000,20407.09,20605.29,20348.75,20493.36,1287934897.04,1654559999999,26394111290786.95,114703,2022-06-06
1654560000000,20925.69,21147.87,20422.81,20605.65,556409336.99,1654646399999,11465177488882.56,67159,2022-06-07
1654646400000,20203.18,20839.84,19973.3,20370.9,1443210891.77,1654732799999,29399501845461.1,253541,2022-06-08
1654732800000,20112.48,20477.79,19642.57,20008.93,712408121.68,1654819199999,14254522871542.84,140162,2022-06-09
1654819200000,19860.01,20530.71,18791.79,19803.26,528646905.93,1654905599999,10468930625484.86,202435,2022-06-10
1654905600000,19478.1,20023.72,19195.09,19498.41,473496137.72,1654991999999,9232422184700.48,498308,2022-06-11
1654992000000,18910.63,19035.75,18802.54,18977.11,1049441779.96,1655078399999,19915371571596.47,465564,2022-06-12
1655078400000,19011.05,19056.72,18918.61,18968.08,1161634449.26,1655164799999,22033970764181.19,311104,2022-06-13
1655164800000,18929.12,19136.13,18285.42,18795.02,1043502398.41,1655251199999,19612651972695.6,405431,2022-06-14
1655251200000,18528.38,18794.36,18241.13,18528.37,559425043.91,1655337599999,10365232633832.53,335747,2022-06-15
1655337600000,18289.18,18809.47,18057.08,18366.46,1000250569.13,1655423999999,18371057837275.36,496754,2022-06-16
1655424000000,17981.24,18265.75,17905.44,18005.81,618543111.72,1655510399999,11137368012079.2,138102,2022-06-17
1655510400000,17637.9,17767.13,17570.81,17674.23,1085022805.34,1655596799999,19176938126392.23,276192,2022-06-18
1655596800000,17981.94,18087.91,17836.43,17944.76,632776301.91,1655683199999,11355020580165.62,202855,2022-06-19
1655683200000,17821.46,18127.83,17598.56,17828.81,779074716.14,1655769599999,13889972630627.56,332907,2022-06-20
1655769600000,17895.38,18637.51,17502.42,17761.75,606202814.9,1655855999999,10767222903464.91,276032,2022-06-21
1655856000000,18146.9,18416.72,17416.21,18033.61,1423426885.53,1655942399999,25669522614204.83,481453,2022-06-22
1655942400000,17933.82,18249.53,17770.66,18023.64,484792470.7,1656028799999,8737726640628.07,52919,2022-06-23
1656028800000,18154.54,18224.66,18025.52,18155.15,1114407087.57,1656115199999,20232229160090.53,341087,2022-06-24
1656115200000,18397.34,18472.16,18345.36,18388.74,753207112.99,1656201599999,13850532819059.85,222575,2022-06-25
1656201600000,18287.28,18593.61,18069.08,18361.65,348406325.96,1656287999999,6397316103619.2,303102,2022-06-26
1656288000000,18641.02,18747.48,18440.41,18586.23,347215078.18,1656374399999,6453419826291.25,481553,2022-06-27
1656374400000,18287.82,18405.43,18206.22,18345.84,1061139464.21,1656460799999,19467496075956.72,212550,2022-06-28
1656460800000,18935.86,18940.95,18932.09,18938.0,299284844.72,1656547199999,5667857498881.51,225630,2022-06-29
1656547200000,19139.98,19415.86,18798.88,19007.17,1222917323.51,1656633599999,23244199298096.72,235990,2022-06-30
1656633600000,18921.84,19188.82,18795.52,18936.62,497517474.7,1656719999999,9421301621927.02,266759,2022-07-01
1656720000000,19325.11,19508.65,19129.5,19393.6,861639168.02,1656806399999,16710282665042.79,442921,2022-07-02
1656806400000,19579.71,19586.45,19569.46,19576.42,604024234.91,1656892799999,11824632998060.82,57915,2022-07-03
1656892800000,19152.43,19439.93,18919.25,19100.16,847054065.28,1656979199999,16178867073208.14,256656,2022-07-04
1656979200000,19850.0,20033.32,19234.23,19413.77,1016483178.2,1657065599999,19733774393919.52,408077,2022-07-05
1657065600000,19274.28,20316.31,18729.75,19528.42,641026666.66,1657151999999,12518240603647.54,273305,2022-07-06
1657152000000,20057.62,20817.19,18959.09,19603.95,1430917951.22,1657238399999,28051649821798.94,400403,2022-07-07
1657238400000,20587.65,21332.8,19279.25,20143.35,925093280.46,1657324799999,18634479931562.2,351477,2022-07-08
1657324800000,20108.94,20367.51,19670.87,20015.41,1024401452.04,1657411199999,20503811302714.83,357474,2022-07-09
1657411200000,20029.21,20345.29,19839.94,20115.26,1104537983.69,1657497599999,22218066092982.29,412668,2022-07-10
1657497600000,19875.41,20212.27,19377.01,19808.49,1267313061.79,1657583999999,25103562889789.18,366844,2022-07-11
1657584000000,20482.19,20885.55,20314.13,20569.45,1172280997.54,1657670399999,24113173735209.76,91934,2022-07-12
1657670400000,20645.52,21150.47,19381.79,20225.72,1579654043.65,1657756799999,31949633118452.91,233872,2022-07-13
1657756800000,20582.71,20700.81,20544.4,20663.13,1299287876.32,1657843199999,26847349004959.08,353658,2022-07-14
1657843200000,20881.05,20952.6,20771.78,20834.64,373476619.22,1657929599999,7781249321997.82,427021,2022-07-15
1657929600000,21240.61,21363.52,21123.04,21223.73,543015575.68,1658015999999,11524816116517.29,378249,2022-07-16
1658016000000,20669.36,20903.43,20394.06,20670.18,701428330.81,1658102399999,14498647932678.05,220094,2022-07-17
1658102400000,20315.65,20440.11,20211.9,20352.08,895060717.71,1658188799999,18216343907853.23,217590,2022-07-18
1658188800000,21349.78,21526.14,21200.11,21281.33,763273055.53,1658275199999,16243465895745.64,341410,2022-07-19
1658275200000,21811.85,21820.66,21809.39,21813.05,491245799.73,1658361599999,10715570348503.41,227806,2022-07-20
1658361600000,21805.22,21956.14,21676.87,21788.15,745141235.88,1658447999999,16235250714276.93,105178,2022-07-21
1658448000000,21611.15,21841.48,21309.27,21640.52,860877739.27,1658534399999,18629838417268.72,157561,2022-07-22
1658534400000,21532.6,21692.26,21421.44,21575.41,577877407.39,1658620799999,12467939607276.66,102408,2022-07-23
1658620800000,22068.79,22107.68,21967.02,22032.03,907469612.76,1658707199999,19993400741099.23,266351,2022-07-24
1658707200000,21466.11,22303.25,21161.29,21681.64,624871083.16,1658793599999,13548229847613.93,404205,2022-07-25
1658793600000,22172.41,22254.95,22101.11,22181.25,1053733328.53,1658879999999,23373118438395.86,98816,2022-07-26
1658880000000,22488.53,23110.16,21634.64,22306.9,853672911.34,1658966399999,19042799437808.92,122429,2022-07-27
1658966400000,22785.02,23426.82,21941.26,22573.24,1671452346.47,1659052799999,37730087830601.99,61828,2022-07-28
1659052800000,23097.1,23547.08,22594.37,23148.92,1275960396.86,1659139199999,29537107135229.28,282504,2022-07-29
1659139200000,22464.88,22855.66,22302.67,22630.2,1617340517.03,1659225599999,36600745688197.8,476055,2022-07-30
1659225600000,22501.91,22509.77,22493.4,22503.1,1169166220.56,1659311999999,26309859289940.86,332350,2022-07-31
1659312000000,22752.75,22793.46,22709.62,22751.64,979671799.9,1659398399999,22289136442294.16,498434,2022-08-01
1659398400000,22171.75,22924.64,21834.02,22390.23,1758058868.07,1659484799999,39363346685664.53,385019,2022-08-02
1659484800000,22771.66,22938.11,22501.05,22801.42,1056111055.79,1659571199999,24080831873907.74,349991,2022-08-03
1659571200000,23142.25,23270.97,22828.33,22996.84,572630978.76,1659657599999,13168703529123.22,171898,2022-08-04
1659657600000,23078.74,23127.91,23007.42,23081.51,824884323.55,1659743999999,19039572880401.13,343451,2022-08-05
1659744000000,23388.57,23473.25,23273.45,23387.51,1134035949.88,1659830399999,26522274810196.41,398360,2022-08-06
1659830400000,22794.55,24059.17,22174.28,23230.52,1285611111.97,1659916799999,29865415789866.88,320793,2022-08-07
1659916800000,24051.62,24382.95,23701.3,23896.51,854795018.06,1660003199999,20426615906201.06,286651,2022-08-08
1660003200000,23313.48,24205.3,23047.74,23696.61,2002633674.57,1660089599999,47455630370518.79,311516,2022-08-09
1660089600000,24099.13,24314.62,23479.4,23811.14,1054109371.33,1660175999999,25099540959107.4,308275,2022-08-10
1660176000000,23675.45,24678.92,23270.88,23836.87,1447207910.64,1660262399999,34496909962808.52,270130,2022-08-11
1660262400000,24088.42,24107.34,24068.81,24093.06,1277201546.72,1660348799999,30771694369120.7,84245,2022-08-12
1660348800000,24700.75,24972.51,24044.35,24404.78,1146824005.08,1660435199999,27987992540055.75,274258,2022-08-13
1660435200000,23975.24,24380.31,23687.74,24030.08,575820482.02,1660521599999,13837013893155.8,196550,2022-08-14
1660521600000,24293.73,24607.5,23926.67,24207.3,425924578.73,1660607999999,10310485542062.98,146975,2022-08-15
1660608000000,24099.4,24180.31,24066.77,24152.19,1354009848.93,1660694399999,32702304139501.1,339495,2022-08-16
1660694400000,23738.77,23988.83,23311.15,23692.16,832238876.17,1660780799999,19717537244288.83,314322,2022-08-17
1660780800000,23674.47,23843.6,23361.33,23686.45,1125777069.51,1660867199999,26665657655983.68,240466,2022-08-18
1660867200000,23707.32,23923.77,23028.26,23626.37,1414247884.4,1660953599999,33413543379491.82,87780,2022-08-19
1660953600000,23867.78,24603.69,23477.99,23850.36,871519994.84,1661039999999,20786063948324.88,309741,2022-08-20
1661040000000,23668.07,23841.97,23316.21,23517.11,616916027.28,1661126399999,14508080046131.28,402179,2022-08-21
1661126400000,23286.8,24929.98,21714.79,23337.87,1849158982.8,1661212799999,43155439071952.42,85908,2022-08-22
1661212800000,23451.43,23498.74,23307.64,23360.44,1458127743.46,1661299199999,34062508010401.46,322677,2022-08-23
1661299200000,22739.11,23398.47,22304.98,22927.01,1092021042.88,1661385599999,25036775372198.3,462267,2022-08-24
1661385600000,22810.32,23193.71,22566.74,22912.26,887312813.7,1661471999999,20330343588631.26,329286,2022-08-25
1661472000000,22782.83,23046.34,22199.99,22617.9,443478601.63,1661558399999,10030552577283.64,71480,2022-08-26
1661558400000,22564.22,22635.33,22525.39,22558.09,1027546953.67,1661644799999,23179497984673.92,436631,2022-08-27
1661644800000,22364.09,23081.94,21563.38,22170.89,1588633098.78,1661731199999,35221412554774.89,291931,2022-08-28
1661731200000,21315.26,22016.42,20968.43,21518.82,1020540731.0,1661817599999,21960828045383.68,429112,2022-08-29
1661817600000,21960.58,21981.01,21951.41,21972.65,1139376508.56,1661903999999,25035115936213.1,325400,2022-08-30
1661904000000,22217.9,22282.84,22163.4,22221.67,1269803724.22,1661990399999,28217159500086.13,283668,2022-08-31
1661990400000,22296.17,22504.71,21659.47,21930.26,678452445.94,1662076799999,14878635499108.12,287755,2022-09-01
1662076800000,21884.56,22026.43,21614.23,21779.15,1008726233.22,1662163199999,21969196606117.64,435189,2022-09-02
1662163200000,21816.0,22062.03,21387.53,21687.27,995989596.82,1662249599999,21600292954609.95,222992,2022-09-03
1662249600000,21219.08,21486.18,21015.05,21233.38,864078057.34,1662335999999,18347294979047.73,83102,2022-09-04
1662336000000,21112.15,21202.27,21000.62,21101.2,703332155.85,1662422399999,14841150024550.63,325898,2022-09-05
1662422400000,20712.61,21059.21,20480.02,20737.04,507798565.03,1662508799999,10530241639316.96,114538,2022-09-06
1662508800000,20666.11,20676.36,20636.73,20653.8,832088388.69,1662595199999,17185784601891.82,364981,2022-09-07
1662595200000,20694.96,20996.88,20434.18,20724.99,1340696397.56,1662681599999,27785921968634.06,375480,2022-09-08
1662681600000,20671.56,20810.0,20453.17,20708.42,1310574075.85,1662767999999,27139917942792.93,217819,2022-09-09
1662768000000,20233.34,20279.07,20185.14,20220.16,1098041591.96,1662854399999,22202578680210.24,142899,2022-09-10
1662854400000,19983.65,19999.15,19977.85,19986.04,765796675.37,1662940799999,15305241565548.4,85616,2022-09-11
1662940800000,19906.57,20019.97,19765.21,19935.26,359907283.87,1663027199999,7174845796082.36,308019,2022-09-12
1663027200000,19902.76,19960.36,19880.5,19918.35,846421052.4,1663113599999,16859308155277.26,352513,2022-09-13
1663113600000,19357.36,19505.92,19036.03,19276.34,982060723.23,1663199999999,18930536988054.57,197477,2022-09-14
1663200000000,18666.57,19139.74,18540.58,18920.64,1038218847.39,1663286399999,19643767072589.08,479649,2022-09-15
1663286400000,19139.11,19352.66,19018.39,19169.81,749399389.89,1663372799999,14365844531485.13,220438,2022-09-16
1663372800000,18735.84,19196.22,18455.76,18857.5,560068562.91,1663459199999,10561490841806.33,350102,2022-09-17
1663459200000,18747.03,18963.82,18519.02,18862.65,948570593.91,1663545599999,17892559149559.14,91117,2022-09-18
1663545600000,18774.16,18879.36,18716.88,18785.55,759205824.62,1663631999999,14262096039697.12,415605,2022-09-19
1663632000000,18680.54,18763.96,18378.44,18557.97,851636851.43,1663718399999,15804652004693.59,164284,2022-09-20
1663718400000,18713.44,19183.77,18216.63,18822.45,398207026.09,1663804799999,7495230959156.96,423529,2022-09-21
1663804800000,18569.6,18679.11,18220.48,18511.07,1246076984.78,1663891199999,23066221767982.55,178494,2022-09-22
1663891200000,18309.31,18701.36,18032.91,18443.81,1109558605.45,1663977599999,20464493445272.75,484895,2022-09-23
1663977600000,18654.35,18739.47,18366.7,18453.09,944740557.49,1664063999999,17433377924798.64,473760,2022-09-24
1664064000000,18010.82,18043.49,17979.06,18005.63,663050537.66,1664150399999,11938641235897.38,199171,2022-09-25
1664150400000,18383.66,18851.06,17993.37,18420.74,1296438610.33,1664236799999,23881362744539.3,125140,2022-09-26
1664236800000,18169.14,18230.28,18040.83,18116.17,869339856.09,1664323199999,15749106335204.24,191723,2022-09-27
1664323200000,18235.33,18258.4,18174.41,18216.83,725919871.68,1664409599999,13223956778067.44,378163,2022-09-28
1664409600000,17689.77,17962.54,17430.31,17778.55,545381011.59,1664495999999,9696084495115.69,104086,2022-09-29
1664496000000,17666.45,17729.46,17577.19,17614.32,1093029710.02,1664582399999,19252973966095.87,490200,2022-09-30
1664582400000,18043.36,18268.49,17936.81,18063.32,1149995396.71,1664668799999,20772732113348.37,460257,2022-10-01
1664668800000,18154.62,18503.85,17353.68,17907.05,1104160416.11,1664755199999,19772257461452.42,290301,2022-10-02
1664755200000,17511.14,17699.13,17334.76,17573.0,566171567.21,1664841599999,9949334908699.66,410875,2022-10-03
1664841600000,17450.38,17592.62,17374.94,17519.32,1066029408.17,1664927999999,18676113101202.95,94774,2022-10-04
1664928000000,17864.16,17947.88,17805.27,17881.13,1079392828.39,1665014399999,19300761072380.85,432828,2022-10-05
1665014400000,17048.16,17832.29,16797.45,17330.69,792479573.12,1665100799999,13734218619300.24,296749,2022-10-06
1665100800000,17760.8,18033.3,17586.39,17865.77,869805708.6,1665187199999,15539750274648.02,347535,2022-10-07
1665187200000,17436.15,17603.04,16976.95,17270.49,721796756.2,1665273599999,12465786864481.06,452250,2022-10-08
1665273600000,17543.3,17729.05,17403.93,17531.24,1103304957.31,1665359999999,19342303761119.61,371824,2022-10-09
1665360000000,17074.42,17489.72,16807.06,17268.37,407053772.09,1665446399999,7029154591990.55,368399,2022-10-10
1665446400000,17402.54,17508.96,17337.71,17400.55,668902755.63,1665532799999,11639278955885.72,59805,2022-10-11
1665532800000,17165.31,17402.41,16814.31,17101.89,589861255.79,1665619199999,10087740723565.6,282342,2022-10-12
1665619200000,17262.23,17431.48,16850.1,17119.55,792990592.45,1665705599999,13575644051188.65,424725,2022-10-13
1665705600000,17093.09,17120.48,17079.66,17100.23,822188998.24,1665791999999,14059620431686.92,88151,2022-10-14
1665792000000,16883.8,16942.34,16709.59,16825.8,706032675.98,1665878399999,11879563083911.81,111678,2022-10-15
1665878400000,17150.85,17295.99,17001.0,17120.24,390291436.18,1665964799999,6681884533415.25,261227,2022-10-16
1665964800000,16776.5,16876.43,16743.82,16804.03,437542144.57,1666051199999,7352472758699.9,353148,2022-10-17
1666051200000,16812.22,16887.38,16673.5,16800.72,953032553.89,1666137599999,16011637158373.18,209298,2022-10-18
1666137600000,16473.76,17021.88,16118.96,16585.42,896514341.97,1666223999999,14869070404519.69,156494,2022-10-19
1666224000000,16191.32,16347.97,16049.8,16210.25,774739374.96,1666310399999,12558715170946.53,96366,2022-10-20
1666310400000,16821.76,17086.32,16288.97,16625.07,1053845887.34,1666396799999,17520259065033.28,165416,2022-10-21
1666396800000,17104.98,17174.67,16861.68,17082.69,556221530.05,1666483199999,9501761578197.47,437651,2022-10-22
1666483200000,16692.71,16713.61,16682.0,16696.55,505890943.93,1666569599999,8446634589045.17,66114,2022-10-23
1666569600000,16446.81,16575.99,16404.64,16475.78,861807735.57,1666655999999,14198957237646.36,376936,2022-10-24
1666656000000,16419.97,16488.29,16262.64,16366.57,847609831.6,1666742399999,13872467750773.8,333809,2022-10-25
1666742400000,16263.13,16681.74,16123.54,16361.55,560958161.78,1666828799999,9178146465248.68,294677,2022-10-26
1666828800000,16405.65,16438.98,16370.06,16402.91,386294134.63,1666915199999,6336347177836.12,410184,2022-10-27
1666915200000,15859.31,16470.37,15367.27,16004.65,1375114338.51,1667001599999,22008226809048.12,396571,2022-10-28
1667001600000,16299.79,16506.54,16190.38,16389.74,1113457541.32,1667087999999,18249278224286.27,478455,2022-10-29
1667088000000,16447.71,16989.69,15563.83,16250.56,1365458604.74,1667174399999,22189469285096.23,318405,2022-10-30
1667174400000,16212.65,16389.48,15945.27,16189.35,886831768.88,1667260799999,14357231469867.85,155375,2022-10-31
1667260800000,16259.66,16379.09,15786.97,16073.93,854964678.86,1667347199999,13742642032248.96,403900,2022-11-01
1667347200000,15916.24,16020.12,15779.06,15932.32,806476115.91,1667433599999,12849036367678.45,182493,2022-11-02
1667433600000,16265.07,16694.57,15049.21,15995.47,1433109138.13,1667519999999,22923247362371.51,350342,2022-11-03
1667520000000,15844.46,16275.61,15599.3,15918.37,649068026.83,1667606399999,10332107530446.3,157276,2022-11-04
1667606400000,16058.71,16362.14,14949.66,15678.01,992790955.56,1667692799999,15564982499163.47,257688,2022-11-05
1667692800000,15535.22,15733.2,15438.7,15575.72,611992303.81,1667779199999,9532220322277.02,496303,2022-11-06
1667779200000,15564.81,15786.26,15474.72,15641.54,597586698.71,1667865599999,9347178592103.16,96439,2022-11-07
1667865600000,15986.66,16116.36,15718.13,15850.48,779987635.49,1667951999999,12363178645632.7,375785,2022-11-08
1667952000000,15142.1,15542.28,14727.75,15269.53,803956418.33,1668038399999,12276033500042.58,383233,2022-11-09
1668038400000,15054.7,15751.42,14775.19,15245.58,862715395.72,1668124799999,13152593093144.22,86145,2022-11-10
1668124800000,15487.47,15718.67,15182.98,15568.46,592979781.88,1668211199999,9231779627727.06,63827,2022-11-11
1668211200000,15528.96,16028.47,14898.79,15566.1,1260621090.87,1668297599999,19622958313452.46,111403,2022-11-12
1668297600000,15742.77,16020.1,15404.17,15607.87,890577699.0,1668383999999,13900021161390.02,377919,2022-11-13
1668384000000,15663.22,15760.6,15518.32,15639.99,416744173.98,1668470399999,6517875168210.3,231906,2022-11-14
1668470400000,15572.54,15587.0,15557.88,15571.39,669620853.65,1668556799999,10426926600312.5,54397,2022-11-15
1668556800000,16091.06,16237.49,15574.0,15911.55,443238898.76,1668643199999,7052618504327.8,317548,2022-11-16
1668643200000,14914.12,15922.74,14639.79,15350.28,1314668049.4,1668729599999,20180516756708.66,414446,2022-11-17
1668729600000,15471.25,15824.08,15201.32,15514.02,912535759.52,1668815999999,14157100411144.3,224046,2022-11-18
1668816000000,15660.05,15771.0,15551.11,15669.24,931625038.18,1668902399999,14597856383671.44,285436,2022-11-19
1668902400000,15390.01,15829.09,15037.67,15397.82,851455492.33,1668988799999,13110559754797.93,385751,2022-11-20
1668988800000,15684.76,15767.1,15621.35,15693.23,854156061.13,1669075199999,13404466141256.85,195869,2022-11-21
1669075200000,16008.83,16179.75,15921.05,16059.21,836180637.98,1669161599999,13428397816550.76,296200,2022-11-22
1669161600000,15647.01,16042.94,15188.49,15768.1,893302834.33,1669247999999,14085690241202.1,443776,2022-11-23
1669248000000,15861.62,15921.27,15749.91,15826.71,577504455.1,1669334399999,9139997122070.94,296319,2022-11-24
1669334400000,15547.96,15616.95,15463.49,15562.93,725458780.09,1669420799999,11290264953059.49,399718,2022-11-25
1669420800000,15744.83,15856.59,15550.26,15703.74,663676547.83,1669507199999,10422203344001.03,323820,2022-11-26
1669507200000,15788.29,15822.99,15742.67,15768.31,271467800.29,1669593599999,4280587618967.45,276866,2022-11-27
1669593600000,15751.2,16148.15,15526.18,15798.03,968146176.74,1669679999999,15294801166884.18,171372,2022-11-28
1669680000000,15949.72,16248.65,15808.79,16121.55,1126778650.65,1669766399999,18165415996419.92,53289,2022-11-29
1669766400000,15844.89,16318.8,15720.13,16002.61,1049729176.32,1669852799999,16798405161048.3,362041,2022-11-30
1669852800000,15662.32,15886.67,15468.21,15702.83,850116179.68,1669939199999,13349227164049.78,335288,2022-12-01
1669939200000,15944.57,16110.6,15658.94,15981.1,854340101.74,1670025599999,13653291044340.02,119792,2022-12-02
1670025600000,16107.92,16200.02,15909.3,16048.21,821887081.06,1670111999999,13189813803670.54,304462,2022-12-03
1670112000000,15820.55,16493.57,15511.47,16190.22,1128004600.74,1670198399999,18262642092166.16,485002,2022-12-04
1670198400000,16115.35,16525.57,16010.04,16293.85,963182883.29,1670284799999,15693958309364.87,170900,2022-12-05
1670284800000,15860.5,16071.51,15659.41,15814.42,1069836968.78,1670371199999,16918852184058.35,158977,2022-12-06
1670371200000,15782.83,16059.73,15590.31,15872.34,976230746.99,1670457599999,15495068149586.57,330117,2022-12-07
1670457600000,15671.56,16041.26,15480.18,15805.0,931724780.96,1670543999999,14725912982429.44,439418,2022-12-08
1670544000000,15976.65,16096.28,15887.23,16020.92,750126539.4,1670630399999,12017717632595.28,122483,2022-12-09
1670630400000,16242.82,16354.89,16032.83,16174.92,317836105.96,1670716799999,5140974103821.94,393538,2022-12-10
1670716800000,16182.57,16454.67,16083.83,16294.57,693263448.03,1670803199999,11296430699534.66,159720,2022-12-11
1670803200000,16068.43,16384.21,15907.18,16107.95,380089961.82,1670889599999,6122469011936.76,463955,2022-12-12
1670889600000,16437.9,16826.5,15252.38,16079.56,590709618.68,1670975999999,9498348140594.26,182998,2022-12-13
1670976000000,16119.78,16523.73,16010.1,16189.81,411752938.84,1671062399999,6666200593134.72,61852,2022-12-14
1671062400000,15976.25,16080.05,15893.46,16017.1,748440498.37,1671148799999,11987847429668.74,247481,2022-12-15
1671148800000,16619.34,16646.91,16575.07,16604.27,939595980.35,1671235199999,15601307439073.58,116092,2022-12-16
1671235200000,15861.88,15965.04,15795.18,15904.12,590135631.91,1671321599999,9385590402113.38,492120,2022-12-17
1671321600000,16224.65,16316.28,16192.57,16271.84,506848219.65,1671407999999,8247354198073.5,287386,2022-12-18
1671408000000,16628.89,16669.9,16612.35,16649.43,436533123.28,1671494399999,7268029746942.22,328140,2022-12-19
1671494400000,16250.17,16357.59,16110.26,16274.91,630983351.87,1671580799999,10269199029774.28,58606,2022-12-20
1671580800000,16229.84,16458.51,16073.84,16255.3,304459496.96,1671667199999,4949079975714.0,212009,2022-12-21
1671667200000,16089.49,16732.11,15830.5,16241.36,861184412.74,1671753599999,13986802518149.54,451503,2022-12-22
1671753600000,16363.15,16647.69,16108.34,16294.84,756463588.76,1671839999999,12326452173957.49,432727,2022-12-23
1671840000000,16491.25,16834.17,16402.95,16618.39,1045748016.58,1671926399999,17378652493939.14,74474,2022-12-24
1671926400000,15930.14,15965.86,15896.13,15933.48,934194668.94,1672012799999,14884973439766.08,158246,2022-12-25
1672012800000,16169.49,17084.17,15870.99,16688.33,1015353619.0,1672099199999,16944555418328.13,356781,2022-12-26
1672099200000,15627.9,16482.21,15289.02,16125.33,791574545.52,1672185599999,12764399886014.53,83865,2022-12-27
1672185600000,16380.88,16389.92,16351.48,16371.97,801233105.16,1672271999999,13117766473592.6,293496,2022-12-28
1672272000000,16357.09,16371.12,16345.79,16358.7,870756353.95,1672358399999,14244439697731.66,133329,2022-12-29
1672358400000,16687.89,16829.24,16280.57,16578.53,1079909099.24,1672444799999,17903306677265.64,278933,2022-12-30
1672444800000,16300.55,16517.16,15620.53,16165.07,1163710068.96,1672531199999,18811449247105.15,112266,2022-12-31
1672531200000,16436.27,17313.76,15809.28,16591.51,896088694.77,1672617599999,14867464708552.68,400592,2023-01-01
1672617600000,17274.07,17307.4,17204.67,17263.25,665934360.42,1672703999999,11496194670033.66,435642,2023-01-02
1672704000000,16924.03,16932.28,16921.07,16926.21,556055462.39,1672790399999,9411910061053.11,380271,2023-01-03
1672790400000,17615.61,17642.78,17572.32,17601.52,1063311172.57,1672876799999,18715889518043.57,338428,2023-01-04
1672876800000,17729.77,17870.63,17682.04,17773.07,904592967.51,1672963199999,16077392895179.24,320922,2023-01-05
1672963200000,18532.84,18694.27,18031.83,18362.6,1289845305.61,1673049599999,23684911279401.47,311577,2023-01-06
1673049600000,18631.98,18681.27,18530.73,18627.36,324661843.92,1673135999999,6047591749446.1,75599,2023-01-07
1673136000000,18814.52,18876.61,18792.33,18830.84,932175231.74,1673222399999,17553644229535.03,194458,2023-01-08
1673222400000,19429.36,19507.46,19339.36,19443.94,645668794.1,1673308799999,12554345672889.56,338669,2023-01-09
1673308800000,20193.58,20328.42,19920.5,20110.83,1143623720.14,1673395199999,22999222411183.86,132187,2023-01-10
1673395200000,19965.11,20126.67,19643.01,19992.56,692841435.83,1673481599999,13851671564611.29,346188,2023-01-11
1673481600000,20564.16,20571.7,20561.72,20568.44,752059839.6,1673567999999,15468696181108.84,239756,2023-01-12
1673568000000,20474.99,20805.9,20238.34,20424.19,1269081986.91,1673654399999,25919969810341.2,216011,2023-01-13
1673654400000,21009.84,21162.98,20495.95,20857.83,504220320.23,1673740799999,10516941877934.52,64811,2023-01-14
1673740800000,21608.54,21919.56,20410.96,21280.98,1060171380.47,1673827199999,22561481826778.64,260636,2023-01-15
1673827200000,21675.85,21964.33,21145.28,21599.99,963300719.73,1673913599999,20807281507375.11,257839,2023-01-16
1673913600000,21419.82,22318.65,20607.67,21373.87,506051404.3,1673999999999,10816278594274.22,128328,2023-01-17
1674000000000,21100.39,21650.97,20722.53,21263.88,557789761.51,1674086399999,11860777128008.4,481234,2023-01-18
1674086400000,21418.48,21431.83,21395.57,21404.9,663585740.52,1674172799999,14203988232463.31,497682,2023-01-19
1674172800000,20889.63,21588.76,20567.37,21144.01,1249436715.26,1674259199999,26418096329601.86,77632,2023-01-20
1674259200000,22002.19,22162.61,21524.66,21683.28,961881223.58,1674345599999,20856740207350.76,251641,2023-01-21
1674345600000,21818.1,22173.82,21449.82,21816.71,1078371691.24,1674431999999,23526523217729.22,58426,2023-01-22
1674432000000,21450.06,21708.32,21354.89,21531.7,951885464.13,1674518399999,20495716123495.73,305762,2023-01-23
1674518400000,21637.87,21855.94,21416.1,21587.71,1229688962.1,1674604799999,26546172583843.44,367540,2023-01-24
1674604800000,21859.48,21896.91,21725.62,21840.65,512176142.73,1674691199999,11186258977784.99,433808,2023-01-25
1674691200000,21862.95,22017.23,21415.46,21717.79,846103502.88,1674777599999,18375497128222.53,78356,2023-01-26
1674777600000,22051.82,22214.28,21709.82,21875.85,1136554013.97,1674863999999,24863080657687.62,443626,2023-01-27
1674864000000,22461.57,22621.47,22330.52,22507.41,1426690826.02,1674950399999,32111116467224.91,381083,2023-01-28
1674950400000,21857.79,21989.88,21811.26,21949.99,495142902.42,1675036799999,10868383853229.98,380521,2023-01-29
1675036800000,21972.92,22015.3,21943.98,21981.34,670865472.36,1675123199999,14746522990774.45,159309,2023-01-30
1675123200000,21747.56,22481.13,21289.79,21965.27,656373981.77,1675209599999,14417431928190.7,427359,2023-01-31
1675209600000,22399.9,22444.54,22350.59,22396.54,1000794338.4,1675295999999,22414333123696.94,266078,2023-02-01
1675296000000,22221.17,22260.84,22183.41,22210.91,1017464578.63,1675382399999,22598819176977.16,244717,2023-02-02
1675382400000,22132.18,22319.9,21980.72,22146.41,401564528.52,1675468799999,8893211994146.81,350836,2023-02-03
1675468800000,22477.88,23893.26,22060.76,22736.23,1998709443.83,1675555199999,45443111306679.77,168664,2023-02-04
1675555200000,22873.59,23000.32,22721.91,22824.68,830551923.18,1675641599999,18957085192946.57,102993,2023-02-05
1675641600000,22303.74,22646.37,21854.71,22341.25,559703760.73,1675727999999,12504482228490.28,123495,2023-02-06
1675728000000,21814.17,22437.76,21543.87,22059.0,818788221.18,1675814399999,18061648043592.76,59121,2023-02-07
1675814400000,23036.49,23183.81,22709.09,22898.97,1208105799.52,1675900799999,27664377032812.86,422934,2023-02-08
1675900800000,22761.75,23069.85,22041.4,22500.06,426422445.54,1675987199999,9594530145446.84,209507,2023-02-09
1675987200000,23082.31,23289.63,22838.54,22963.27,903436187.16,1676073599999,20745852973628.27,57927,2023-02-10
1676073600000,22081.84,22443.89,21890.77,22269.25,732072563.3,1676159999999,16302709728362.77,454207,2023-02-11
1676160000000,23235.56,23514.28,22752.08,23114.45,1603280688.09,1676246399999,37058952090493.2,61266,2023-02-12
1676246400000,22892.74,23309.95,21388.33,22597.24,1996247537.4,1676332799999,45109674753301.75,169692,2023-02-13
1676332800000,22977.39,23486.58,22516.36,23193.14,707284497.19,1676419199999,16404149781737.94,368148,2023-02-14
1676419200000,23011.25,23679.04,22801.94,23056.49,779808428.98,1676505599999,17979645820907.89,323125,2023-02-15
1676505600000,22812.27,23064.06,22469.65,22848.97,1493931895.67,1676591999999,34134808200047.2,153441,2023-02-16
1676592000000,22978.13,23354.27,22839.85,23061.38,1239036490.19,1676678399999,28573893245053.6,147993,2023-02-17
1676678400000,23433.89,23606.78,23183.07,23426.96,698111168.96,1676764799999,16354620628312.78,132647,2023-02-18
1676764800000,23324.08,23332.49,23321.54,23326.21,803613809.71,1676851199999,18745267659315.95,404692,2023-02-19
1676851200000,23416.31,23671.89,23350.1,23521.43,1468986276.24,1676937599999,34552662457264.88,203635,2023-02-20
1676937600000,24011.89,24777.35,22603.64,23974.07,2202542022.3,1677023999999,52803898317944.77,326081,2023-02-21
1677024000000,23159.0,23212.81,22946.5,23038.93,1013962503.75,1677110399999,23360607763434.36,365214,2023-02-22
1677110400000,24100.14,24782.14,23690.2,23997.52,673416163.0,1677196799999,16160318736508.36,406497,2023-02-23
1677196800000,23503.7,24099.2,23140.12,23631.25,1402796171.2,1677283199999,33149827917502.31,232823,2023-02-24
1677283200000,23402.19,23570.94,23236.99,23407.5,900450568.91,1677369599999,21077296555602.98,181053,2023-02-25
1677369600000,23635.06,24304.94,22659.42,23345.01,768877066.29,1677455999999,17949441891998.12,290078,2023-02-26
1677456000000,23701.95,23901.63,23561.73,23730.77,1176166013.46,1677542399999,27911322321701.1,473580,2023-02-27
1677542400000,24532.51,25139.18,23592.24,24109.49,710725865.15,1677628799999,17135239638501.06,442449,2023-02-28
1677628800000,24005.47,24371.65,22952.77,23870.19,608184110.83,1677715199999,14517469183577.09,263591,2023-03-01
1677715200000,24437.15,24643.31,24263.71,24402.43,1088216368.85,1677801599999,26555118605890.12,258321,2023-03-02
1677801600000,23560.88,23779.2,23401.39,23610.37,1432674832.58,1677887999999,33825987468704.54,171167,2023-03-03
1677888000000,24171.98,24210.57,24046.65,24086.34,1014775581.38,1677974399999,24442225475695.28,346449,2023-03-04
1677974400000,23790.24,24121.15,23533.06,23787.89,1666331506.43,1678060799999,39638512413555.58,389717,2023-03-05
1678060800000,24184.04,24589.46,24027.98,24317.51,1472409903.42,1678147199999,35805349731123.5,404131,2023-03-06
1678147200000,24595.96,24854.11,24229.56,24531.21,866123660.98,1678233599999,21247060638119.58,328110,2023-03-07
1678233600000,24098.28,25243.84,23384.15,24211.03,1227298690.21,1678319999999,29714169100118.03,308260,2023-03-08
1678320000000,23296.49,24567.32,22893.84,23632.56,1045857151.81,1678406399999,24716282245267.86,448211,2023-03-09
1678406400000,24696.07,24807.51,24337.48,24514.32,507424321.65,1678492799999,12439161056127.19,482555,2023-03-10
1678492800000,24951.81,25591.27,23420.25,24645.44,1212847995.92,1678579199999,29891171439143.47,243430,2023-03-11
1678579200000,24760.12,24942.73,24502.99,24697.21,543485609.12,1678665599999,13422576598179.63,380223,2023-03-12
1678665600000,25104.5,25691.54,24597.87,25004.36,1720673219.65,1678751999999,43024339592864.9,257863,2023-03-13
1678752000000,24325.11,24430.53,24277.29,24382.54,1229443947.91,1678838399999,29976965855632.86,265708,2023-03-14
1678838400000,25195.72,25770.98,24846.56,25086.99,1754770754.96,1678924799999,44021912671076.12,58246,2023-03-15
1678924800000,25430.89,25503.41,25333.53,25426.46,1299489492.51,1679011199999,33041422257073.94,376561,2023-03-16
1679011200000,24760.26,25215.14,24335.05,24712.67,1437203450.72,1679097599999,35517129485504.75,444337,2023-03-17
1679097600000,25626.83,25724.82,25319.15,25533.05,1192085906.98,1679183999999,30437588897097.02,130532,2023-03-18
1679184000000,25367.37,25635.4,25082.23,25464.35,1594139634.9,1679270399999,40593735502074.81,198422,2023-03-19
1679270400000,25620.82,25944.43,25437.28,25777.98,1437054085.09,1679356799999,37044356107600.9,480697,2023-03-20
1679356800000,26188.48,26413.38,25648.87,26095.52,1437255239.55,1679443199999,37505919978993.2,278499,2023-03-21
1679443200000,25951.8,26208.75,25812.31,26017.95,1451799622.83,1679529599999,37772854099014.96,477646,2023-03-22
1679529600000,26246.26,27315.73,25048.61,26141.14,2095890152.64,1679615999999,54788959121170.45,252017,2023-03-23
1679616000000,26505.73,26625.59,26322.63,26549.59,1526810345.16,1679702399999,40536182580498.03,112346,2023-03-24
1679702400000,26288.89,26603.12,26167.43,26373.93,1286851938.7,1679788799999,33939346088643.4,450088,2023-03-25
1679788800000,26545.51,26728.12,26386.33,26555.86,543824698.73,1679875199999,14441734302910.92,451411,2023-03-26
1679875200000,27223.73,27807.9,26383.66,27311.18,2089292664.28,1679961599999,57061039413258.54,423856,2023-03-27
1679961600000,27078.37,27291.84,26526.12,26898.2,542052186.21,1680047999999,14580230488276.02,430682,2023-03-28
1680048000000,27228.72,28062.25,26680.12,27677.61,1392977064.92,1680134399999,38554279195432.18,356777,2023-03-29
1680134400000,27770.36,28904.45,26763.21,27795.38,1223130836.06,1680220799999,33997384553071.91,157900,2023-03-30
1680220800000,27095.64,27929.35,26776.73,27249.54,1020155895.27,1680307199999,27798781816092.9,296167,2023-03-31
1680307200000,27883.5,27932.9,27717.66,27781.94,814040956.53,1680393599999,22615634578940.28,57283,2023-04-01
1680393600000,28596.34,28640.98,28562.96,28597.54,1274462472.83,1680479999999,36446494810309.64,100327,2023-04-02
1680480000000,27882.0,28352.09,27684.65,28043.3,1259701099.25,1680566399999,35326180882866.26,88346,2023-04-03
1680566400000,28402.65,28412.22,28394.68,28402.12,1606510551.89,1680652799999,45628309497247.66,375886,2023-04-04
1680652800000,29162.94,29368.82,28417.52,28904.55,1647881940.99,1680739199999,47631278491162.8,323783,2023-04-05
1680739200000,29053.79,29951.15,28224.08,29200.99,1777659262.9,1680825599999,51909401488579.62,272791,2023-04-06
1680825600000,29029.66,29261.51,28795.23,29025.03,1022779275.87,1680911999999,29686195993806.62,386947,2023-04-07
1680912000000,29128.72,29231.83,28948.53,29086.71,903715634.99,1680998399999,26286117072330.08,73834,2023-04-08
1680998400000,29929.43,30091.61,29823.02,29983.83,1372603284.21,1681084799999,41155908658352.46,347053,2023-04-09
1681084800000,30282.03,30540.51,30115.83,30283.52,1171619056.33,1681171199999,35480748579529.29,371251,2023-04-10
1681171200000,30202.11,30267.22,30071.16,30199.0,1463529365.83,1681257599999,44197116154720.76,379282,2023-04-11
1681257600000,30304.09,30445.42,29771.92,30063.01,1390718716.37,1681343999999,41809184589196.8,141246,2023-04-12
1681344000000,30014.21,30181.43,29499.32,29923.06,795144997.91,1681430399999,23793169172216.8,87055,2023-04-13
1681430400000,30385.73,30628.13,29742.52,30097.05,714998701.46,1681516799999,21519354442204.3,67091,2023-04-14
1681516800000,30279.41,31121.11,29971.64,30584.78,746672092.53,1681603199999,22836801454560.08,390023,2023-04-15
1681603200000,30584.13,31097.83,29969.25,30540.98,1674114204.91,1681689599999,51129087204582.8,395928,2023-04-16
1681689600000,30877.72,31744.73,30110.47,30893.62,2178942384.24,1681775999999,67315416614878.96,330160,2023-04-17
1681776000000,30612.78,30679.71,30537.24,30613.91,1582887769.25,1681862399999,48458391294848.09,177195,2023-04-18
1681862400000,29842.06,29916.24,29753.56,29823.21,1463379779.41,1681948799999,43642687752740.4,196767,2023-04-19
1681948800000,30591.18,30911.61,30358.34,30748.53,1579503639.01,1682035199999,48567413147141.52,424274,2023-04-20
1682035200000,30026.25,30106.42,29948.67,29995.81,1490370145.85,1682121599999,44704865365889.03,398291,2023-04-21
1682121600000,30218.77,30455.27,29789.71,30213.76,1036941433.87,1682207999999,31329903927460.2,97117,2023-04-22
1682208000000,30376.73,30947.75,30132.21,30438.94,775474719.84,1682294399999,23604630388060.83,191709,2023-04-23
1682294400000,30902.22,31499.67,30544.81,31068.66,1992903092.61,1682380799999,61916828986536.2,94331,2023-04-24
1682380800000,31458.08,32189.95,31102.52,31468.35,919878953.83,1682467199999,28947073253410.26,80252,2023-04-25
1682467200000,30558.83,30893.7,30424.15,30551.26,973668642.16,1682553599999,29746804690240.24,394639,2023-04-26
1682553600000,29963.84,31129.45,29246.51,30257.97,845070428.08,1682639999999,25570118388853.56,472745,2023-04-27
1682640000000,30135.09,31498.37,29671.39,30513.31,1825007428.16,1682726399999,55687013170680.34,119916,2023-04-28
1682726400000,30666.58,30761.69,30474.07,30635.93,1489590295.51,1682812799999,45634989873704.31,352190,2023-04-29
1682812800000,30204.63,30296.49,29894.4,30190.62,895724964.04,1682899199999,27042495367551.69,89463,2023-04-30
1682899200000,30869.85,31486.47,30171.19,30954.22,654525868.31,1682985599999,20260337294849.18,488422,2023-05-01
1682985600000,30388.35,30523.55,30289.19,30379.29,1131629872.3,1683071999999,34378116474707.56,425557,2023-05-02
1683072000000,30540.75,30572.87,30430.4,30470.77,684438945.55,1683158399999,20855384334267.67,385505,2023-05-03
1683158400000,30189.22,30919.01,29587.73,30526.06,1742136061.8,1683244799999,53180551056547.87,276831,2023-05-04
1683244800000,30392.53,30790.57,30156.31,30431.44,1072043461.22,1683331199999,32623826033924.44,436584,2023-05-05
1683331200000,29998.61,31863.71,29430.76,30577.23,2509062346.49,1683417599999,76720164708011.03,362717,2023-05-06
1683417600000,30051.87,30097.37,29979.04,30042.48,1566695813.37,1683503999999,47067428123955.12,157566,2023-05-07
1683504000000,29983.78,30599.1,29764.72,30058.13,1663078445.07,1683590399999,49989033434881.2,400594,2023-05-08
1683590400000,29860.09,30462.11,29348.85,29855.65,1231994299.02,1683676799999,36781989991475.8,481993,2023-05-09
1683676800000,30422.51,30757.38,29982.6,30408.81,1291481047.03,1683763199999,39272402407115.92,414556,2023-05-10
1683763200000,30769.66,31019.25,30150.63,30526.17,1732489938.01,1683849599999,52886284539159.38,400361,2023-05-11
1683849600000,30146.69,30811.46,29939.2,30403.79,1492136565.1,1683935999999,45366599374187.15,115082,2023-05-12
1683936000000,30812.12,31026.43,30730.08,30839.36,518076648.46,1684022399999,15977152679199.15,333607,2023-05-13
1684022400000,30430.49,30576.85,29954.0,30224.06,1064229846.22,1684108799999,32165343754198.97,200279,2023-05-14
1684108800000,30533.96,30689.82,30272.96,30462.8,1422573367.41,1684195199999,43335574598873.86,475788,2023-05-15
1684195200000,29707.92,30031.86,29608.39,29818.67,798846616.22,1684281599999,23820544025088.86,482661,2023-05-16
1684281600000,30330.43,30765.21,29496.82,30068.37,1505204303.83,1684367999999,45259040425281.26,55923,2023-05-17
1684368000000,30028.39,30762.27,29659.78,30454.99,1327985469.01,1684454399999,40443778371195.56,101631,2023-05-18
1684454400000,30485.29,31093.11,30059.57,30504.79,1957191674.97,1684540799999,59703714223993.66,54302,2023-05-19
1684540800000,29996.47,30376.3,29880.93,30084.8,562252665.83,1684627199999,16915259788481.98,447418,2023-05-20
1684627200000,30509.56,31244.37,29532.25,30159.57,1496878756.48,1684713599999,45145222825290.91,485223,2023-05-21
1684713600000,29619.82,30023.3,29140.88,29630.0,636973787.42,1684799999999,18873534766177.58,318829,2023-05-22
1684800000000,30088.16,30377.98,29863.68,30044.64,1412130841.39,1684886399999,42426959128737.16,218347,2023-05-23
1684886400000,30090.45,31325.25,29780.3,30490.45,1867857867.73,1684972799999,56951827169964.23,382907,2023-05-24
1684972800000,30345.39,30446.82,30214.15,30370.51,1161746205.09,1685059199999,35282828277470.48,400093,2023-05-25
1685059200000,30818.63,31364.57,29886.6,30337.7,837290979.43,1685145599999,25401484036840.3,198055,2023-05-26
1685145600000,30183.15,30298.92,30080.49,30168.73,707071528.75,1685231999999,21331452297507.47,301552,2023-05-27
1685232000000,30167.04,30546.19,29975.85,30147.48,1514057725.12,1685318399999,45645028858491.74,260937,2023-05-28
1685318400000,29952.28,30002.6,29843.62,29900.31,1337131335.8,1685404799999,39980644627376.04,110921,2023-05-29
1685404800000,30488.08,31108.96,30031.67,30386.03,1018560805.91,1685491199999,30950018889521.68,282859,2023-05-30
1685491200000,30320.5,30661.34,30030.14,30279.73,1888673740.44,1685577599999,57188532360649.23,309283,2023-05-31
1685577600000,30190.84,31337.38,29296.87,30299.58,2535357078.1,1685663999999,76820266509874.25,446850,2023-06-01
1685664000000,29944.51,30253.75,29662.19,29925.84,776343570.42,1685750399999,23232731618737.12,187581,2023-06-02
1685750400000,29395.37,29536.84,29251.04,29332.1,1376495451.94,1685836799999,40375495802093.33,282581,2023-06-03
1685836800000,29839.98,31768.99,29128.31,30500.7,876187455.79,1685923199999,26724327778626.32,108645,2023-06-04
1685923200000,30136.74,30670.95,29409.34,29925.6,1871056092.84,1686009599999,55992481755946.09,296697,2023-06-05
1686009600000,29935.9,30644.89,29364.04,29781.19,1613097077.47,1686095999999,48039957071568.26,257891,2023-06-06
1686096000000,30299.98,30652.65,30118.66,30337.33,1024660635.15,1686182399999,31085470450039.1,81934,2023-06-07
1686182400000,30195.26,30448.2,29332.5,29939.65,1118601006.31,1686268799999,33490526067948.61,456104,2023-06-08
1686268800000,30191.35,30846.39,29999.43,30457.9,886210083.86,1686355199999,26992096312504.6,255057,2023-06-09
1686355200000,30220.87,30556.44,29876.18,30292.2,771157028.71,1686441599999,23360044815229.94,452509,2023-06-10
1686441600000,30244.59,31091.38,29400.82,30310.38,1627582237.07,1686527999999,49332629823108.12,200694,2023-06-11
1686528000000,29589.65,30185.48,29076.77,29565.28,1946078228.66,1686614399999,57536341365435.88,72575,2023-06-12
1686614400000,28732.04,32039.23,27529.22,30489.23,2296765928.14,1686700799999,70026630450172.7,356756,2023-06-13
1686700800000,30545.32,31956.3,28545.61,30140.57,932925080.53,1686787199999,28118895928166.0,218180,2023-06-14
1686787200000,29734.29,30456.46,29439.35,29907.46,1076988606.38,1686873599999,32209993793011.39,111612,2023-06-15
1686873600000,30342.02,30661.23,29818.39,30086.46,1667051954.53,1686959999999,50155695792111.2,256687,2023-06-16
1686960000000,29233.06,29564.17,29111.68,29388.92,1693153573.32,1687046399999,49759959997628.96,392453,2023-06-17
1687046400000,30112.14,30452.21,29599.66,30170.42,1761486247.91,1687132799999,53144774868236.55,135017,2023-06-18
1687132800000,29661.15,29864.0,29296.2,29646.6,1875030040.91,1687219199999,55588270740982.45,76383,2023-06-19
1687219200000,29312.74,29663.21,29109.04,29524.44,1020986225.62,1687305599999,30144051360123.2,296060,2023-06-20
1687305600000,29489.23,29578.72,29280.01,29457.64,715065860.61,1687391999999,21064154050483.02,468892,2023-06-21
1687392000000,30100.29,30857.4,29736.35,30400.57,1531009613.16,1687478399999,46543561570154.85,231749,2023-06-22
1687478400000,29711.94,30131.51,29400.2,29839.63,840523184.11,1687564799999,25080899504337.54,323645,2023-06-23
1687564800000,30761.7,31586.75,29962.73,30687.93,2392338052.21,1687651199999,73415900943942.61,379708,2023-06-24
1687651200000,30108.41,30193.78,29853.65,30005.83,906128516.13,1687737599999,27189134180720.2,383840,2023-06-25
1687737600000,29696.59,29847.55,29526.03,29646.55,1373918969.85,1687823999999,40731963283625.38,266509,2023-06-26
1687824000000,29928.68,30225.25,29640.48,29926.92,1052645474.56,1687910399999,31502435260560.24,424119,2023-06-27
1687910400000,30883.53,31061.09,30702.81,30850.82,720352418.09,1687996799999,22223465725344.28,361233,2023-06-28
1687996800000,30828.61,31483.52,29485.37,30409.67,1708064472.75,1688083199999,51941677455121.38,427627,2023-06-29
1688083200000,30696.99,30954.4,29801.8,30332.44,865926020.34,1688169599999,26265649807845.28,474520,2023-06-30
1688169600000,30601.08,30878.02,30238.84,30658.76,2156307388.38,1688255999999,66109707887285.56,488836,2023-07-01
1688256000000,32350.77,33033.58,29706.71,30851.32,1757323514.62,1688342399999,54215754861707.2,433326,2023-07-02
1688342400000,31151.8,31173.61,31117.66,31145.43,1597619522.81,1688428799999,49758547040933.81,129392,2023-07-03
1688428800000,30868.57,32454.86,30325.81,31335.37,866491467.71,1688515199999,27151826683412.68,98799,2023-07-04
1688515200000,30781.71,31118.12,30401.89,30733.41,1687743173.9,1688601599999,51870100170823.16,358125,2023-07-05
1688601600000,30418.66,30693.95,30203.5,30441.1,1815316608.92,1688687999999,55260242469876.39,198883,2023-07-06
1688688000000,30580.56,31267.41,30128.86,30846.19,1751637384.75,1688774399999,54031341262701.42,70299,2023-07-07
1688774400000,31337.56,31600.23,30752.87,31163.7,2218438682.3,1688860799999,69134755876571.22,257396,2023-07-08
1688860800000,30568.75,31264.34,30341.2,30773.27,1646917240.52,1688947199999,50681033848550.35,290974,2023-07-09
1688947200000,30914.9,31056.92,30481.8,30841.64,2135452987.36,1689033599999,65860878033385.19,409482,2023-07-10
1689033600000,31397.81,31411.67,31379.44,31395.66,1790822396.29,1689119999999,56224043695825.34,275028,2023-07-11
1689120000000,31260.36,32621.8,30473.28,31315.04,2429127462.36,1689206399999,76068223768339.75,224570,2023-07-12
1689206400000,30200.99,32869.98,29468.66,31412.36,2645381219.2,1689292799999,83097661660243.23,51766,2023-07-13
1689292800000,30973.68,30985.58,30951.16,30965.56,540514993.69,1689379199999,16737351765068.05,299068,2023-07-14
1689379200000,31015.37,31576.66,30733.62,31014.01,1003988787.27,1689465599999,31137722759632.58,314045,2023-07-15
1689465600000,30638.49,30886.03,30508.04,30606.74,1160162371.9,1689551999999,35508787854262.33,199389,2023-07-16
1689552000000,31186.8,31291.91,31015.0,31129.02,1748645940.93,1689638399999,54433629803914.24,317673,2023-07-17
1689638400000,31056.17,31283.43,30786.09,31030.76,974346582.32,1689724799999,30234719537252.66,385601,2023-07-18
1689724800000,29804.72,30307.78,29333.33,29824.3,817401700.41,1689811199999,24378429644813.5,94875,2023-07-19
1689811200000,30072.64,30494.43,29464.42,30011.47,751952959.09,1689897599999,22567215285946.14,470703,2023-07-20
1689897600000,29661.7,29676.61,29634.99,29657.66,1749749400.69,1689983999999,51893468957868.12,101697,2023-07-21
1689984000000,29875.62,29953.33,29661.12,29815.6,1710993110.26,1690070399999,51014288521160.01,490099,2023-07-22
1690070400000,29678.61,30526.3,29218.11,29870.06,2044657744.46,1690156799999,61074054529088.95,493616,2023-07-23
1690156800000,29241.28,29250.66,29220.47,29232.48,1269076702.24,1690243199999,37098255073546.35,481864,2023-07-24
1690243200000,29275.37,29363.3,29226.54,29272.56,630270497.94,1690329599999,18449628064252.92,150859,2023-07-25
1690329600000,29053.99,29122.92,29014.0,29095.2,1042130756.11,1690415999999,30321004301540.42,454375,2023-07-26
1690416000000,29668.62,30075.75,28586.61,29372.88,1620170372.61,1690502399999,47589062146120.58,450503,2023-07-27
1690502400000,29645.09,30051.22,28557.84,29174.26,1590031509.95,1690588799999,46387987351553.24,457761,2023-07-28
1690588800000,28806.7,28836.79,28708.81,28748.84,1709479089.71,1690675199999,49145532852478.88,446964,2023-07-29
1690675200000,29027.28,29189.08,28607.56,28911.22,1614916391.68,1690761599999,46689195630045.54,333542,2023-07-30
1690761600000,28456.65,28580.82,28404.35,28511.72,1743019933.13,1690847999999,49696502177231.09,191779,2023-07-31
1690848000000,28558.59,29001.32,28022.65,28456.93,641897793.02,1690934399999,18266441178951.6,117354,2023-08-01
1690934400000,28631.71,29248.5,28419.5,28970.31,1193352402.5,1691020799999,34571791989963.2,60378,2023-08-02
1691020800000,28477.52,28962.81,28312.23,28704.42,1810090336.3,1691107199999,51957586547640.26,459274,2023-08-03
1691107200000,27625.07,27767.44,27430.16,27661.78,932309997.18,1691193599999,25789355159065.62,426522,2023-08-04
1691193600000,28294.51,28391.15,28122.28,28228.29,1716891837.46,1691279999999,48464924554478.09,91893,2023-08-05
1691280000000,28019.46,28258.86,27872.5,28070.68,1377176085.2,1691366399999,38658271794862.3,340288,2023-08-06
1691366400000,27516.94,28328.3,26749.22,27269.01,1246997666.19,1691452799999,34004387141506.74,270967,2023-08-07
1691452800000,27770.27,27778.42,27751.92,27770.2,1404541522.37,1691539199999,39004394240593.88,281025,2023-08-08
1691539200000,27826.52,28154.77,27443.94,27854.75,2014108240.88,1691625599999,56102480023303.73,339880,2023-08-09
1691625600000,26821.49,26869.07,26774.48,26833.6,1637848853.38,1691711999999,43949383244600.94,255704,2023-08-10
1691712000000,25942.44,27221.25,25564.8,26752.18,1044036888.21,1691798399999,27930261282015.94,209182,2023-08-11
1691798400000,27219.3,27237.66,27204.47,27228.5,1553807045.51,1691884799999,42307836881141.86,274803,2023-08-12
1691884800000,27349.52,27916.62,26265.26,26837.15,1819171580.67,1691971199999,48821380576733.51,456836,2023-08-13
1691971200000,26783.34,26810.5,26761.44,26776.03,1558563480.19,1692057599999,41732144414794.19,246170,2023-08-14
1692057600000,26764.28,26953.5,26441.12,26558.1,1229826821.43,1692143999999,32661867416919.84,275242,2023-08-15
1692144000000,26349.41,26533.05,26194.49,26423.3,1470812147.09,1692230399999,38863715949131.89,224976,2023-08-16
1692230400000,25600.44,26176.23,25371.34,25733.75,1321968490.4,1692316799999,34019210666786.35,136105,2023-08-17
1692316800000,26273.51,26578.12,25941.1,26326.76,1253621639.13,1692403199999,33003799941018.94,275673,2023-08-18
1692403200000,26481.67,26596.45,26292.37,26485.99,889651764.22,1692489599999,23563308525102.5,446526,2023-08-19
1692489600000,26441.37,26652.34,25900.94,26166.58,1820574421.04,1692575999999,47638203866397.41,105436,2023-08-20
1692576000000,26350.81,26727.47,25805.93,26344.46,1738250504.95,1692662399999,45793266136289.62,113120,2023-08-21
1692662400000,26220.31,26364.9,25810.98,25991.13,1228717436.16,1692748799999,31935755964063.38,432411,2023-08-22
1692748800000,26740.64,26797.56,26709.22,26761.15,900427484.76,1692835199999,24096471942531.44,411289,2023-08-23
1692835200000,26991.03,27204.32,26584.23,26899.82,1239349619.25,1692921599999,33338278971420.86,376781,2023-08-24
1692921600000,26802.75,27113.07,26678.6,26815.79,1473046968.14,1693007999999,39500923359928.14,374570,2023-08-25
1693008000000,27140.11,27465.01,27056.05,27318.91,811769140.12,1693094399999,22176648273861.43,238775,2023-08-26
1693094400000,26992.7,27020.88,26913.35,26966.09,1170301464.94,1693180799999,31558450732752.87,470505,2023-08-27
1693180800000,26943.71,27812.94,26609.43,27378.28,548725824.57,1693267199999,15023167499080.56,469189,2023-08-28
1693267200000,26701.92,27594.66,26106.01,26979.23,1031679131.33,1693353599999,27833904892055.74,230294,2023-08-29
1693353600000,27649.19,27857.72,27301.76,27425.08,933100947.13,1693439999999,25590370543016.72,131105,2023-08-30
1693440000000,27102.21,28404.89,26590.05,27494.59,950944057.82,1693526399999,26145819459170.81,233674,2023-08-31
1693526400000,28067.25,28256.08,27389.31,27746.46,2269417888.03,1693612799999,62968306917239.77,267642,2023-09-01
1693612800000,27434.08,28368.01,27137.02,27667.81,680458032.46,1693699199999,18826783761382.18,462249,2023-09-02
1693699200000,27657.68,28669.53,27356.95,27866.41,824167386.56,1693785599999,22966589807804.86,79957,2023-09-03
1693785600000,28207.06,28438.75,28120.97,28307.7,699773468.27,1693871999999,19808976353349.82,250619,2023-09-04
1693872000000,28094.0,28203.43,27743.05,28001.72,614299734.19,1693958399999,17201448343975.01,94667,2023-09-05
1693958400000,28366.98,29258.92,26636.79,27723.67,1039741264.25,1694044799999,28825440989802.78,422988,2023-09-06
1694044800000,28970.23,29043.62,28817.47,28984.07,1487627433.06,1694131199999,43117493502387.56,66527,2023-09-07
1694131200000,29006.94,29460.31,28780.15,28980.04,1380431961.88,1694217599999,40004978571628.15,169241,2023-09-08
1694217600000,28244.74,28485.96,27503.9,28182.94,796750516.03,1694303999999,22454775577402.42,318677,2023-09-09
1694304000000,28724.41,29695.75,28148.54,28984.19,1258894304.99,1694390399999,36488027907733.07,63010,2023-09-10
1694390400000,28693.65,28710.72,28674.87,28691.45,929377044.18,1694476799999,26665172379723.76,211958,2023-09-11
1694476800000,29060.81,29148.78,29021.65,29076.72,1204659407.19,1694563199999,35027545465958.42,429244,2023-09-12
1694563200000,29395.99,29493.03,29030.99,29207.24,898806925.3,1694649599999,26251666423185.89,158137,2023-09-13
1694649600000,29341.15,29894.02,28590.62,29141.68,1084285640.54,1694735999999,31597901836604.06,328063,2023-09-14
1694736000000,29006.09,29247.9,28861.82,29067.3,1840908410.81,1694822399999,53510245304018.85,127836,2023-09-15
1694822400000,29797.84,30756.21,28170.61,29218.54,854713230.11,1694908799999,24973476319683.33,171065,2023-09-16
1694908800000,29278.83,29540.84,28908.89,29256.86,1280557754.21,1694995199999,37465092657951.67,299190,2023-09-17
1694995200000,29376.5,29594.28,28933.43,29405.02,543348842.08,1695081599999,15977181505787.37,222581,2023-09-18
1695081600000,29685.67,29969.33,29557.81,29796.86,1051373559.96,1695167999999,31327626275084.7,285009,2023-09-19
1695168000000,29630.89,29751.96,29496.56,29683.14,1655966940.98,1695254399999,49154294726774.79,172301,2023-09-20
1695254400000,30295.79,30414.94,30094.94,30305.73,1935973194.3,1695340799999,58671078727026.36,293585,2023-09-21
1695340800000,30950.86,31259.36,29806.75,30717.71,934383308.57,1695427199999,28702115093205.98,196699,2023-09-22
1695427200000,30145.54,30392.72,29512.4,30087.61,671837223.66,1695513599999,20213976700192.12,243018,2023-09-23
1695513600000,30571.41,30626.34,30363.15,30505.3,1078559178.26,1695599999999,32901767701987.65,477672,2023-09-24
1695600000000,31147.78,31469.64,30307.88,30720.42,1263595611.65,1695686399999,38818190329641.34,331720,2023-09-25
1695686400000,30973.49,31081.2,30555.36,30830.36,1784150135.17,1695772799999,55005985421882.14,482887,2023-09-26
1695772800000,30617.67,31291.01,30322.23,30804.17,1788840539.6,1695859199999,55103749343664.57,212799,2023-09-27
1695859200000,31160.99,31357.16,30932.38,31170.87,1676525075.64,1695945599999,52258743714873.67,266850,2023-09-28
1695945600000,31408.69,32187.7,30189.95,31194.41,632330441.41,1696031999999,19725174005519.64,291683,2023-09-29
1696032000000,30699.61,30725.32,30598.25,30671.92,1676819133.66,1696118399999,51431267183550.74,78723,2023-09-30
1696118400000,31579.17,31681.19,31513.45,31579.7,1167642255.68,1696204799999,36873796561052.65,116093,2023-10-01
1696204800000,31428.2,31956.72,31276.72,31707.18,778390722.24,1696291199999,24680574323117.8,106302,2023-10-02
1696291200000,31070.83,31450.55,30964.14,31204.08,1630700969.52,1696377599999,50884529249114.05,344959,2023-10-03
1696377600000,31756.37,31829.33,31473.71,31626.33,571566304.49,1696463999999,18076545569675.08,155467,2023-10-04
1696464000000,31682.41,32947.84,31310.66,31991.54,1349501529.96,1696550399999,43172630348268.75,237420,2023-10-05
1696550400000,32339.47,33795.87,30316.75,31770.74,2312203450.13,1696636799999,73460425398374.73,396517,2023-10-06
1696636800000,32758.54,33516.73,31380.26,32381.79,2562940442.31,1696723199999,82992595273665.48,411136,2023-10-07
1696723200000,32717.56,33572.08,32367.38,32999.82,1438671588.61,1696809599999,47475902826982.45,311255,2023-10-08
1696809600000,32350.19,32641.69,31196.56,31905.17,1050180779.45,1696895999999,33506191842881.83,380955,2023-10-09
1696896000000,31727.71,32090.68,31574.84,31792.6,1965670876.3,1696982399999,62493778768226.8,317954,2023-10-10
1696982400000,32546.89,32638.81,32477.86,32566.06,2000170803.07,1697068799999,65137682368854.75,52534,2023-10-11
1697068800000,33596.44,34102.62,31600.64,32849.16,1582074831.74,1697155199999,51969821549595.63,483714,2023-10-12
1697155200000,32372.52,32735.08,32277.16,32596.01,1399456317.24,1697241599999,45616695488589.8,84020,2023-10-13
1697241600000,33396.3,33412.96,33354.36,33378.08,1414479439.99,1697327999999,47212604597146.05,455947,2023-10-14
1697328000000,33061.98,33892.84,31051.55,32396.48,2229848597.5,1697414399999,72239254387175.89,410590,2023-10-15
1697414400000,33373.25,33454.44,33256.37,33319.54,831247719.52,1697500799999,27696795138899.5,312494,2023-10-16
1697500800000,32964.45,33072.24,32770.99,32923.06,1902053729.21,1697587199999,62621437767665.34,195286,2023-10-17
1697587200000,34073.89,34204.07,33753.18,33970.31,1921136129.69,1697673599999,65261583648863.77,364376,2023-10-18
1697673600000,34841.01,35341.35,33851.19,34201.66,1273280191.03,1697759999999,43548291851625.86,67574,2023-10-19
1697760000000,33714.83,34444.91,32454.03,33213.99,2151379884.54,1697846399999,71455901675439.02,290654,2023-10-20
1697846400000,33378.25,33613.55,33086.58,33419.93,574475658.91,1697932799999,19198938610306.72,455739,2023-10-21
1697932800000,34454.6,35068.36,32798.16,34109.44,1619175392.33,1698019199999,55229170089680.95,278446,2023-10-22
1698019200000,33251.94,34946.95,32606.05,33723.2,1902019416.11,1698105599999,64142185746700.76,498157,2023-10-23
1698105600000,34375.29,35534.97,32109.68,33981.47,1617096474.31,1698191999999,54951318923967.84,217332,2023-10-24
1698192000000,34232.67,34232.74,34232.54,34232.65,931783320.07,1698278399999,31897410781128.37,116057,2023-10-25
1698278400000,33316.26,34499.05,32510.22,33650.98,1977072739.07,1698364799999,66530434291467.41,74059,2023-10-26
1698364800000,34384.46,36217.41,33305.49,34660.91,3039578331.79,1698451199999,105354551495540.42,133144,2023-10-27
1698451200000,34591.01,34734.28,34433.8,34600.12,1963545011.24,1698537599999,67938898631748.19,106183,2023-10-28
1698537600000,34161.15,35733.08,33016.21,34903.34,2794386910.0,1698623999999,97533442080082.48,472248,2023-10-29
1698624000000,35888.61,36097.03,35706.42,35945.43,1418068757.9,1698710399999,50973095955769.73,398664,2023-10-30
1698710400000,34995.79,35379.89,34598.65,35019.45,1598987976.93,1698796799999,55995673028428.84,123321,2023-10-31
1698796800000,36124.61,36150.55,36102.66,36126.91,2077707586.09,1698883199999,75061163012318.05,284803,2023-11-01
1698883200000,35790.43,36234.69,35405.82,35879.49,1351513381.93,1698969599999,48491608187953.72,304127,2023-11-02
1698969600000,35969.27,36477.82,35830.27,36100.62,1141376364.72,1699055999999,41204394194022.6,91216,2023-11-03
1699056000000,37242.85,37791.84,35888.92,36790.1,1312490771.59,1699142399999,48286667287484.17,448274,2023-11-04
1699142400000,36768.11,37235.82,36395.81,36816.29,838295228.88,1699228799999,30862919611706.09,488970,2023-11-05
1699228800000,37109.11,37354.88,37008.07,37141.48,693926709.2,1699315199999,25773465159522.44,181582,2023-11-06
1699315200000,37422.71,38443.32,37037.11,37542.28,2021534871.45,1699401599999,75893020114600.77,498470,2023-11-07
1699401600000,37447.95,38024.81,36855.36,37184.91,1143150426.72,1699487999999,42507942507795.14,469558,2023-11-08
1699488000000,37130.56,38309.75,36380.23,37279.64,1524704753.0,1699574399999,56840445620237.8,159037,2023-11-09
1699574400000,37233.05,38044.6,36117.38,37285.84,1752506147.73,1699660799999,65343668857088.38,210919,2023-11-10
1699660800000,37577.64,37889.54,36718.73,37623.61,2723844692.87,1699747199999,102480878047385.8,373672,2023-11-11
1699747200000,40254.51,41587.76,38180.59,39574.87,2576015602.65,1699833599999,101945491691356.56,430363,2023-11-12
1699833600000,39013.54,39126.69,38844.31,39018.66,2350464517.3,1699919999999,91711967908100.16,358402,2023-11-13
1699920000000,38248.94,39685.1,36389.38,38039.77,1549328079.94,1700006399999,58936080965675.44,466319,2023-11-14
1700006400000,37824.03,39126.46,37186.63,38271.74,1493612152.09,1700092799999,57163138697472.77,443560,2023-11-15
1700092800000,39331.24,39350.07,39320.23,39337.27,982185870.03,1700179199999,38636507730666.4,466759,2023-11-16
1700179200000,39583.64,40114.5,39338.59,39591.64,2758208465.43,1700265599999,109202003000947.1,138024,2023-11-17
1700265600000,40054.77,41274.81,38513.46,39816.09,822361207.54,1700351999999,32743209838628.16,445907,2023-11-18
1700352000000,39245.71,40938.69,37570.75,39656.08,2680715192.92,1700438399999,106306653142501.48,81181,2023-11-19
1700438400000,39849.84,40434.43,39613.25,39939.78,1120465970.81,1700524799999,44751166562269.52,197692,2023-11-20
1700524800000,40956.61,41734.79,39605.01,40380.48,986014411.91,1700611199999,39815733996742.29,315994,2023-11-21
1700611200000,40685.74,40938.46,40183.89,40486.13,1059911202.66,1700697599999,42911703993867.52,303051,2023-11-22
1700697600000,39579.16,39589.44,39573.97,39583.65,1881796747.4,1700783999999,74488380216256.4,270540,2023-11-23
1700784000000,40773.65,40814.96,40677.3,40776.13,2326749949.37,1700870399999,94875867417881.45,307396,2023-11-24
1700870400000,40012.52,42337.69,39046.81,40691.08,1287950455.94,1700956799999,52408100109077.24,81898,2023-11-25
1700956800000,41575.1,41783.25,41211.82,41420.24,2053720832.65,1701043199999,85065606078793.48,142016,2023-11-26
1701043200000,42868.95,43799.03,41350.27,43044.2,3861828097.42,1701129599999,166229319185854.47,211374,2023-11-27
1701129600000,41849.62,42202.18,41743.24,41962.01,825792763.39,1701215999999,34651923027813.1,59343,2023-11-28
1701216000000,41419.35,42395.52,40993.68,41841.98,2137529116.31,1701302399999,89438452753215.81,179972,2023-11-29
1701302400000,42616.46,43315.29,42204.73,42689.27,2517912708.15,1701388799999,107487851195758.9,133745,2023-11-30
1701388800000,42787.01,43040.46,42399.59,42690.29,2245145175.81,1701475199999,95845906449243.9,343629,2023-12-01
1701475200000,42954.11,43937.23,42168.44,42881.76,2170514969.08,1701561599999,93075491227495.8,136755,2023-12-02
1701561600000,43141.04,43285.24,43067.96,43201.21,1175021497.71,1701647999999,50762355953596.74,451630,2023-12-03
1701648000000,43149.49,45745.31,42202.41,44175.03,3215310684.98,1701734399999,142036444838584.34,312808,2023-12-04
1701734400000,42504.12,44070.7,41002.49,42745.27,3386661243.18,1701820799999,144763753800051.0,159173,2023-12-05
1701820800000,44246.51,45301.53,41510.92,43803.11,2355086386.53,1701907199999,103160101582552.36,487816,2023-12-06
1701907200000,43284.94,43437.36,43170.7,43291.12,1987457866.84,1701993599999,86039274803927.64,333140,2023-12-07
1701993600000,44327.41,44828.75,43033.46,44293.31,2542824775.61,1702079999999,112630127784137.55,348898,2023-12-08
1702080000000,43583.68,43635.99,43539.67,43574.87,2051965268.65,1702166399999,89414122794983.89,291763,2023-12-09
1702166400000,43576.0,44347.72,43308.22,43900.24,1849263675.28,1702252799999,81183110595847.84,255309,2023-12-10
1702252800000,43787.48,44531.25,43230.07,44025.37,921558991.13,1702339199999,40571972681258.16,79626,2023-12-11
1702339200000,44801.72,44869.73,44704.71,44760.49,2108347522.13,1702425599999,94370677056728.12,164840,2023-12-12
1702425600000,44748.81,45279.81,44258.72,44791.31,1525802443.09,1702511999999,68342696458374.7,328618,2023-12-13
1702512000000,43677.32,43740.09,43656.86,43700.46,1767541943.48,1702598399999,77242399059477.64,197913,2023-12-14
1702598400000,44255.17,44618.68,44163.14,44453.53,1604025097.22,1702684799999,71304573447995.66,97580,2023-12-15
1702684800000,43769.8,45548.23,42763.21,44106.06,2953145155.06,1702771199999,130251602881401.88,106920,2023-12-16
1702771200000,43808.49,43991.37,43534.67,43872.73,1770023627.66,1702857599999,77655762454410.1,260505,2023-12-17
1702857600000,44412.97,46580.49,42091.86,44489.9,3528248626.13,1702943999999,156971419017161.34,370043,2023-12-18
1702944000000,44486.12,44585.47,44412.92,44501.32,1793443283.19,1703030399999,79810593253411.97,254009,2023-12-19
1703030400000,46283.61,46453.81,45670.94,46029.76,2174050265.65,1703116799999,100071006843760.0,483597,2023-12-20
1703116800000,45083.69,45348.87,44762.87,45020.58,3107579822.43,1703203199999,139905030507840.6,237922,2023-12-21
1703203200000,44148.43,44214.83,44035.93,44107.08,2668806267.7,1703289599999,117713241298076.77,453633,2023-12-22
1703289600000,44431.79,45531.55,43625.8,44604.73,2000786836.73,1703375999999,89244554766835.7,95143,2023-12-23
1703376000000,45024.02,46347.33,44662.31,45520.87,3157951950.61,1703462399999,143752728222189.6,369510,2023-12-24
1703462400000,46270.29,47306.1,45187.41,46158.82,1808772424.06,1703548799999,83490803567529.73,330209,2023-12-25
1703548800000,44269.27,44372.4,44152.22,44232.75,1919473757.93,1703635199999,84903598909634.03,241956,2023-12-26
1703635200000,43901.09,44444.96,43189.31,44132.94,1064514167.18,1703721599999,46980137675605.34,279918,2023-12-27
1703721600000,46384.16,46928.91,45375.14,46227.2,1315762443.69,1703807999999,60824020036318.15,438031,2023-12-28
1703808000000,45480.7,45487.49,45478.52,45484.39,1679316233.54,1703894399999,76382681266531.1,318705,2023-12-29
1703894400000,45176.28,45637.92,44576.62,44860.98,1998768457.45,1703980799999,89666715965897.53,138213,2023-12-30
1703980800000,45478.78,46703.51,44742.36,45685.17,2132613781.7,1704067199999,97428815564753.86,192425,2023-12-31
1704067200000,44539.09,44957.62,43191.29,44016.86,2148403902.24,1704153599999,94566004250267.81,260334,2024-01-01
1704153600000,45537.19,46060.44,45195.73,45517.0,2933692453.59,1704239999999,133532865197563.12,355338,2024-01-02
1704240000000,45501.62,46247.77,45022.12,45755.05,1155440909.77,1704326399999,52867251925456.91,279898,2024-01-03
1704326400000,46463.6,46725.53,45744.04,46142.53,3284496953.87,1704412799999,151554991262859.12,305861,2024-01-04
1704412800000,45160.66,45670.79,44947.63,45140.99,924869891.39,1704499199999,41749538842673.21,54445,2024-01-05
1704499200000,45703.12,46058.84,45516.07,45804.63,899348895.11,1704585599999,41194339603096.18,288438,2024-01-06
1704585600000,45306.51,45608.72,44278.27,45309.37,2599917827.72,1704671999999,117800629811425.31,380139,2024-01-07
1704672000000,46632.57,46883.37,45649.48,46019.39,2669479751.94,1704758399999,122847825115947.31,376956,2024-01-08
1704758400000,45627.14,46146.44,44769.02,45445.81,997673143.95,1704844799999,45340068063243.07,210041,2024-01-09
1704844800000,45382.77,47439.11,44486.4,45774.73,1484969212.66,1704931199999,67974062297934.93,214872,2024-01-10
1704931200000,45267.9,45905.73,44141.28,44956.28,1211812207.82,1705017599999,54478574732322.2,321710,2024-01-11
1705017600000,45352.71,45361.31,45336.84,45351.61,1860407087.05,1705103999999,84372463295828.12,432865,2024-01-12
1705104000000,44629.12,45239.99,44282.03,44958.41,2247964149.92,1705190399999,101064900428313.19,462833,2024-01-13
1705190400000,43808.36,44064.56,43716.49,43876.12,982978323.32,1705276799999,43129275204853.94,78000,2024-01-14
1705276800000,43544.72,43608.22,43379.66,43519.96,2265125190.85,1705363199999,98578158229366.98,288786,2024-01-15
1705363200000,41914.61,42598.7,41423.9,42252.53,963058890.68,1705449599999,40691671617423.62,429109,2024-01-16
1705449600000,42074.7,43654.41,41006.63,42347.16,1684653650.67,1705535999999,71340305960289.62,310832,2024-01-17
1705536000000,42232.28,42633.49,41729.84,41974.7,2826504202.32,1705622399999,118641657102689.23,167942,2024-01-18
1705622400000,42843.43,43305.26,41869.0,42805.15,1371987729.52,1705708799999,58728147364491.2,372141,2024-01-19
1705708800000,40348.21,41312.22,39933.84,40452.91,933733365.57,1705795199999,37772233877541.88,308921,2024-01-20
1705795200000,41270.45,41990.68,40580.55,41211.59,1984231694.98,1705881599999,81773343352298.6,284868,2024-01-21
1705881600000,41168.81,43292.06,38428.2,40478.49,1345014809.96,1705967999999,54444171508820.3,498419,2024-01-22
1705968000000,39624.16,39921.73,39310.39,39633.02,1042497588.11,1706054399999,41317329485748.88,360270,2024-01-23
1706054400000,40954.28,41328.78,40828.25,40971.78,2130365426.95,1706140799999,87284854566471.03,172940,2024-01-24
1706140800000,40669.12,41826.55,39363.96,40931.96,3035386088.14,1706227199999,124244300657456.28,393482,2024-01-25
1706227200000,41730.37,42622.64,41258.1,41568.22,977585402.12,1706313599999,40636482659951.19,248937,2024-01-26
1706313600000,41979.73,42065.0,41921.99,41973.23,2368793618.14,1706399999999,99425912702303.4,241617,2024-01-27
1706400000000,43954.22,44329.32,42703.53,43250.86,2202974082.96,1706486399999,95280513695770.69,391695,2024-01-28
1706486400000,43808.86,43838.38,43800.13,43819.07,1261118719.7,1706572799999,55261046345057.02,249494,2024-01-29
1706572800000,43044.68,43985.37,42620.65,43545.58,1628177866.63,1706659199999,70899951024161.28,348476,2024-01-30
1706659200000,44878.22,45979.81,43036.44,43795.52,1586443157.96,1706745599999,69479106223230.57,236514,2024-01-31
1706745600000,44996.62,45062.77,44953.99,45015.09,1411943510.81,1706831999999,63558758544806.56,454813,2024-02-01
1706832000000,45116.13,46278.9,44354.11,45310.78,2788765288.89,1706918399999,126361127208361.36,288863,2024-02-02
1706918400000,46209.67,46752.62,46062.47,46339.65,1310053627.97,1707004799999,60707424733601.76,98362,2024-02-03
1707004800000,47601.56,48054.87,47455.24,47697.92,2653328784.76,1707091199999,126558251129005.69,310833,2024-02-04
1707091200000,47161.26,47504.15,47060.47,47363.65,1206666923.27,1707177599999,57152152359411.48,388421,2024-02-05
1707177600000,47586.04,48664.38,46901.76,48225.21,1441940470.35,1707263999999,69537875158425.36,282227,2024-02-06
1707264000000,49683.37,50301.01,48487.17,48909.03,2500553891.44,1707350399999,122299666128138.36,241452,2024-02-07
1707350400000,50026.81,50747.1,49406.3,50003.97,2310300857.35,1707436799999,115524210012104.9,385526,2024-02-08
1707436800000,48695.26,49262.5,48219.59,48773.5,1514089360.6,1707523199999,73847431472302.28,337848,2024-02-09
1707523200000,50600.2,51874.7,49415.9,50380.52,3337888576.14,1707609599999,168164560567276.9,409677,2024-02-10
1707609600000,51679.05,52998.53,50604.64,51505.26,3606248421.28,1707695999999,185740749566868.9,235786,2024-02-11
1707696000000,52689.76,52797.17,52653.85,52748.85,2073254770.24,1707782399999,109361803371494.64,144000,2024-02-12
1707782400000,51818.36,53224.28,50413.92,52314.36,3630843343.23,1707868799999,189945258848588.62,385137,2024-02-13
1707868800000,52006.45,52755.19,51386.53,52050.88,2519180663.3,1707955199999,131125577509980.81,476261,2024-02-14
1707955200000,52685.83,55284.3,51900.55,54275.64,2182365888.51,1708041599999,118449312841862.9,179665,2024-02-15
1708041600000,54364.55,55480.9,52749.84,54084.47,2381688116.59,1708127999999,128812346630403.77,469830,2024-02-16
1708128000000,54499.21,54798.38,54008.76,54338.04,2379340916.78,1708214399999,129288711214776.81,314574,2024-02-17
1708214400000,55326.64,55563.19,54944.76,55332.31,3564402691.31,1708300799999,197226645139530.12,483378,2024-02-18
1708300800000,55308.42,58510.97,53859.94,56250.17,3911633306.93,1708387199999,220030032998759.3,81796,2024-02-19
1708387200000,56994.34,57370.94,56119.27,56586.35,2031317637.05,1708473599999,114944860215778.44,78397,2024-02-20
1708473600000,55666.55,56730.6,55195.59,56099.85,3652133933.62,1708559999999,204884169769364.84,194757,2024-02-21
1708560000000,58923.31,59416.04,58210.75,58877.05,2780630184.22,1708646399999,163715300362228.3,466169,2024-02-22
1708646400000,59891.65,60123.34,59263.97,59775.7,1233383663.98,1708732799999,73726370916679.52,75149,2024-02-23
1708732800000,59971.44,60479.11,59511.59,59965.19,2965414789.31,1708819199999,177821651489037.22,161850,2024-02-24
1708819200000,59761.73,60393.29,57677.58,59304.16,3556075383.36,1708905599999,210890062755959.53,402306,2024-02-25
1708905600000,60175.86,62085.58,58456.46,60603.11,4328773121.53,1708991999999,262337125214794.44,494947,2024-02-26
1708992000000,61201.27,61822.06,60948.01,61370.2,2382067282.52,1709078399999,146187938517535.97,108968,2024-02-27
1709078400000,63386.23,64165.9,61081.54,62445.5,4556909568.52,1709164799999,284558510249555.56,273694,2024-02-28
1709164800000,63106.34,63693.24,62812.34,63236.46,3384157612.73,1709251199999,214002147691105.75,68200,2024-02-29
1709251200000,62876.84,63090.7,62719.98,62907.52,3332093241.27,1709337599999,209613721889053.97,290131,2024-03-01
1709337600000,64327.45,64612.41,63363.45,64263.17,1294106545.43,1709423999999,83163388120429.7,226108,2024-03-02
1709424000000,66326.94,67364.06,64223.15,65289.65,3818073762.45,1709510399999,249280685209571.53,319120,2024-03-03
1709510400000,66794.66,66846.65,66779.27,66813.85,1743853833.58,1709596799999,116513596579106.5,205449,2024-03-04
1709596800000,67268.49,67663.89,66462.33,66961.35,4369016714.38,1709683199999,292555260910329.2,157928,2024-03-05
1709683200000,68632.22,69717.43,66212.51,67769.0,3806108956.67,1709769599999,257936187990972.44,240777,2024-03-06
1709769600000,68151.25,68359.87,67672.89,67934.94,3588465598.09,1709855999999,243782177416156.72,176736,2024-03-07
1709856000000,69764.9,69771.35,69747.77,69761.09,3689853767.35,1709942399999,257408220633825.62,182844,2024-03-08
1709942400000,70003.44,71491.15,68084.06,69674.26,2217648717.88,1710028799999,154513024442548.6,286586,2024-03-09
1710028800000,68922.05,69934.13,68151.75,69342.66,4250485270.45,1710115199999,294739971740613.1,221724,2024-03-10
1710115200000,71549.41,72636.55,71202.0,71992.3,4685463887.23,1710201599999,337317336458037.94,308122,2024-03-11
1710201600000,72580.63,73497.58,70229.12,72132.41,3471521077.3,1710287999999,250409193830732.62,467268,2024-03-12
1710288000000,71840.13,74084.67,70056.17,71882.46,5335200159.59,1710374399999,383507306150242.5,317064,2024-03-13
1710374400000,72159.12,75040.5,70508.6,72579.96,2504654554.41,1710460799999,181787737793819.88,201154,2024-03-14
1710460800000,72992.3,73454.6,72763.06,73015.69,4199223695.46,1710547199999,306609220855872.94,452190,2024-03-15
1710547200000,72972.83,73093.46,72690.32,72916.56,3789323629.74,1710633599999,276304441519944.6,416262,2024-03-16
1710633600000,72768.97,73386.26,71739.09,72441.37,3470213789.1,1710719999999,251387043347101.53,434563,2024-03-17
1710720000000,72259.1,72322.6,72220.84,72296.1,3246493207.66,1710806399999,234708793323829.4,68057,2024-03-18
1710806400000,73510.15,75001.59,71877.65,73248.14,5301754208.4,1710892799999,388343614648321.7,195596,2024-03-19
1710892800000,72846.26,73190.4,71697.51,72460.45,2689929281.38,1710979199999,194913475051145.8,51621,2024-03-20
1710979200000,71106.64,71982.86,69969.32,71460.4,3154011753.91,1711065599999,225386938152671.8,221998,2024-03-21
1711065600000,72009.06,73837.4,70928.52,71856.66,1840029838.95,1711151999999,132218400824859.45,391603,2024-03-22
1711152000000,70008.1,71386.7,67340.62,69933.44,3085493435.66,1711238399999,215779184102228.56,410606,2024-03-23
1711238400000,69265.03,72500.22,68351.27,70904.54,3856716968.5,1711324799999,273458729045291.1,486286,2024-03-24
1711324800000,71859.16,73222.25,70826.41,71851.18,1695828770.32,1711411199999,121847303792284.22,476045,2024-03-25
1711411200000,69896.33,70025.7,69806.37,69897.71,1944679588.08,1711497599999,135928650621763.36,320814,2024-03-26
1711497600000,70076.15,70639.31,67957.0,69127.47,2619006354.57,1711583999999,181045295744415.25,195675,2024-03-27
1711584000000,69221.46,69370.52,68936.82,69050.01,4097280674.75,1711670399999,282917280793097.6,280307,2024-03-28
1711670400000,68475.13,68794.33,68204.15,68444.54,2880162478.26,1711756799999,197131399025861.47,311760,2024-03-29
1711756800000,69362.89,70174.35,67531.13,68457.31,3419237211.89,1711843199999,234071772131371.84,185238,2024-03-30
1711843200000,69399.59,69946.38,67739.82,68558.68,3461236787.62,1711929599999,237297842574528.8,464007,2024-03-31
1711929600000,66515.12,68264.43,66039.74,67464.19,2476579268.35,1712015999999,167080424621751.78,437902,2024-04-01
1712016000000,68401.45,68440.09,68309.84,68391.19,2995292212.22,1712102399999,204851610336921.2,381540,2024-04-02
1712102400000,68832.01,69413.72,67860.2,68872.86,2639602483.2,1712188799999,181796962939976.4,241909,2024-04-03
1712188800000,67119.22,67378.74,66988.95,67152.34,3308845471.07,1712275199999,222196717663893.53,323520,2024-04-04
1712275200000,68423.0,69903.59,67710.21,68881.98,4184061862.55,1712361599999,288206460098766.56,476673,2024-04-05
1712361600000,67772.35,68182.68,67256.28,67818.57,2906422448.12,1712447999999,197109406048901.97,466988,2024-04-06
1712448000000,67493.73,68932.91,67075.4,67992.75,1450058924.89,1712534399999,98593500355718.6,53339,2024-04-07
1712534400000,66375.2,66602.29,66079.58,66390.66,2941208853.38,1712620799999,195268796952749.25,183440,2024-04-08
1712620800000,67223.22,68769.21,66756.49,67359.39,1908189506.84,1712707199999,128534477823591.56,170481,2024-04-09
1712707200000,64704.5,66333.66,64147.81,65561.95,1754131650.6,1712793599999,115004299518998.8,278969,2024-04-10
1712793600000,68208.97,69185.71,64720.54,66896.29,3858796848.97,1712879999999,258139178829691.62,354116,2024-04-11
1712880000000,65460.79,67107.08,64210.51,66081.93,3134940420.23,1712966399999,207162917290252.25,285620,2024-04-12
1712966400000,65230.31,67142.65,64632.79,66138.9,5334976190.4,1713052799999,352849477607524.6,103337,2024-04-13
1713052800000,64596.31,65119.85,64200.49,64536.01,1465225950.53,1713139199999,94559842471530.31,140097,2024-04-14
1713139200000,64524.46,64685.83,64175.19,64515.74,2871808626.42,1713225599999,185276856936979.3,322855,2024-04-15
1713225600000,66054.67,66443.88,65079.36,65438.62,2754360044.66,1713311999999,180241512834585.0,426716,2024-04-16
1713312000000,64296.08,65035.14,62917.72,63993.09,4115018691.23,1713398399999,263332777959819.0,153340,2024-04-17
1713398400000,64788.86,65078.9,64558.2,64844.93,1086201044.83,1713484799999,70434634022413.58,321303,2024-04-18
1713484800000,63110.05,63797.0,62441.85,63189.29,1325314425.86,1713571199999,83745678714468.1,268691,2024-04-19
1713571200000,64568.32,67056.46,63377.5,64651.4,2417787093.18,1713657599999,156313315145377.75,130527,2024-04-20
1713657600000,63279.91,64069.32,62137.97,63244.11,3066823707.29,1713743999999,193958529290454.72,234467,2024-04-21
1713744000000,64786.52,65914.42,64112.31,64813.83,3684622353.7,1713830399999,238814481867409.7,109605,2024-04-22
1713830400000,64859.2,65490.55,64619.79,65065.49,4089569600.19,1713916799999,266089845644769.53,493480,2024-04-23
1713916800000,64230.29,64238.19,64223.76,64232.6,1561379351.6,1714003199999,100291454647465.05,240654,2024-04-24
1714003200000,65590.85,66501.23,64983.8,65421.5,1223800757.36,1714089599999,80062878013123.42,387272,2024-04-25
1714089600000,65821.52,66422.66,65074.89,65364.94,3716212512.93,1714175999999,242910005592974.47,404553,2024-04-26
1714176000000,64923.78,65027.98,64609.41,64932.25,2730833734.06,1714262399999,177319172279502.22,266937,2024-04-27
1714262400000,64722.07,64840.1,64628.45,64755.08,3021474344.05,1714348799999,195655805321418.9,95633,2024-04-28
1714348800000,63977.25,64582.36,63799.23,64193.61,2891256215.0,1714435199999,185600184702445.12,407285,2024-04-29
1714435200000,66271.31,68162.36,64917.75,66212.14,2552356364.0,1714521599999,168996966723114.6,370449,2024-04-30
1714521600000,65228.43,66261.58,63925.62,64887.29,5496011754.3,1714607999999,356621284047674.4,324233,2024-05-01
1714608000000,66653.63,67227.85,65348.48,66398.46,1946028714.16,1714694399999,129213314261684.58,201258,2024-05-02
1714694400000,66625.73,67215.17,65023.61,66305.85,2578417510.84,1714780799999,170964155341037.78,218510,2024-05-03
1714780800000,67240.49,67317.39,67165.31,67253.34,3108874033.78,1714867199999,209082169141711.25,88540,2024-05-04
1714867200000,66460.79,67537.57,65397.26,66660.73,5009305245.76,1714953599999,333923954430251.56,486793,2024-05-05
1714953600000,66823.65,67704.26,66143.56,66831.52,3460829610.13,1715039999999,231292488039279.9,57435,2024-05-06
1715040000000,67623.24,68505.26,66367.85,67881.3,2584559027.71,1715126399999,175443217345904.25,275299,2024-05-07
1715126400000,67752.28,68030.97,67584.18,67755.2,4246516887.24,1715212799999,287723614253290.44,246813,2024-05-08
1715212800000,68357.72,68871.29,66965.93,67934.18,3410665636.28,1715299199999,231700769115741.84,362154,2024-05-09
1715299200000,68621.56,68940.89,67555.56,68253.16,4269553863.03,1715385599999,291410557831351.56,416858,2024-05-10
1715385600000,66816.87,66937.58,66663.02,66810.3,1435372592.92,1715471999999,95897674185735.8,226048,2024-05-11
1715472000000,68900.58,68998.59,68835.11,68877.95,2155316053.11,1715558399999,148453746345975.78,73221,2024-05-12
1715558400000,69006.08,69098.73,68787.1,68954.71,1294203000.52,1715644799999,89241388213918.12,184415,2024-05-13
1715644800000,68383.5,69449.54,66551.19,67807.68,4819644664.41,1715731199999,326808907512863.9,112370,2024-05-14
1715731200000,68324.97,70235.24,67502.91,68637.08,4337853653.94,1715817599999,297737623278407.1,292143,2024-05-15
1715817600000,69665.97,70385.97,67739.23,68999.7,2886329332.78,1715903999999,199155847714702.3,330713,2024-05-16
1715904000000,69246.48,70247.08,68458.23,69114.08,3623860176.86,1715990399999,250459757356781.47,179214,2024-05-17
1715990400000,69712.22,69885.5,69574.47,69697.47,1219916613.39,1716076799999,85025102735964.17,172647,2024-05-18
1716076800000,70809.09,71008.24,70587.9,70808.6,2021079278.11,1716163199999,143109799008619.03,285368,2024-05-19
1716163200000,70511.58,74409.6,67919.8,70712.62,6109769368.47,1716249599999,432037819030928.75,430300,2024-05-20
1716249600000,68893.81,69097.3,68742.21,68897.74,1950817344.05,1716335999999,134406898115784.77,348493,2024-05-21
1716336000000,70275.04,70337.67,70224.99,70264.75,3956735228.09,1716422399999,278018997049448.62,390590,2024-05-22
1716422400000,70602.89,70897.21,70342.83,70596.38,2844956310.28,1716508799999,200843611269002.3,455231,2024-05-23
1716508800000,68452.27,71514.27,67387.41,69553.71,4744326928.76,1716595199999,329985534174386.5,99209,2024-05-24
1716595200000,69751.66,70278.79,69264.01,69879.49,4013829228.99,1716681599999,280484356883902.47,203846,2024-05-25
1716681600000,71432.27,72063.01,69313.03,70380.0,3190414623.99,1716767999999,224541384873449.44,262343,2024-05-26
1716768000000,69408.07,70231.57,68515.14,69305.76,2915922468.42,1716854399999,202090227318618.1,66536,2024-05-27
1716854400000,69014.23,69943.56,67224.56,68412.88,4794172430.62,1716940799999,327983162762800.5,339817,2024-05-28
1716940800000,68769.04,70214.01,68114.49,68805.14,2675149312.42,1717027199999,184064031532455.62,261859,2024-05-29
1717027200000,67767.35,67950.01,67582.11,67814.76,1565560498.47,1717113599999,106168110385751.27,309568,2024-05-30
1717113600000,67688.19,69226.51,65792.11,67460.52,2660587675.75,1717199999999,179484630939939.03,89140,2024-05-31
1717200000000,67859.51,68608.64,65502.46,66901.98,4897734500.49,1717286399999,327668114498654.7,337224,2024-06-01
1717286400000,68115.67,68327.02,68040.67,68185.07,3057142447.05,1717372799999,208451477261618.8,102003,2024-06-02
1717372800000,66494.08,67161.29,64629.61,66018.72,1375089339.99,1717459199999,90781636845345.45,126082,2024-06-03
1717459200000,66244.47,71154.63,64335.62,67638.96,3892547784.42,1717545599999,263287892308775.9,401366,2024-06-04
1717545600000,66393.15,66804.26,65849.32,66558.63,2148628327.6,1717631999999,143009752313291.56,374419,2024-06-05
1717632000000,64675.05,65322.33,64205.05,64799.21,3211359564.89,1717718399999,208093570073587.47,321177,2024-06-06
1717718400000,65767.15,66433.15,65037.01,65939.63,1893321715.98,1717804799999,124844941209627.38,458539,2024-06-07
1717804800000,63784.91,63835.96,63671.91,63746.17,2285487396.0,1717891199999,145691056835696.88,301393,2024-06-08
1717891200000,65664.75,66130.19,65233.92,65627.17,1771594019.69,1717977599999,116264700403578.72,466288,2024-06-09
1717977600000,65106.33,66027.87,64159.33,65571.58,3370855424.36,1718063999999,221032328799248.75,186172,2024-06-10
1718064000000,64129.18,64354.53,64020.57,64167.09,2185990974.66,1718150399999,140268675437497.3,200522,2024-06-11
1718150400000,64288.92,65476.85,62833.73,64466.02,1354641445.86,1718236799999,87328345643496.4,444851,2024-06-12
1718236800000,65575.56,66340.49,65153.06,65618.19,3182116449.73,1718323199999,208804717446216.62,68375,2024-06-13
1718323200000,63329.87,64641.79,62346.38,63471.27,2805513152.11,1718409599999,178069473942602.88,259753,2024-06-14
1718409600000,62722.95,63100.29,62404.89,62794.75,3975753375.46,1718495999999,249656421513047.75,128889,2024-06-15
1718496000000,64467.2,64913.08,63211.19,64473.37,4122748300.29,1718582399999,265807464411699.03,279939,2024-06-16
1718582400000,63855.21,65023.03,63548.2,64577.04,2277526351.59,1718668799999,147075909597015.5,469531,2024-06-17
1718668800000,61196.54,64569.43,59379.73,62838.08,2712020214.13,1718755199999,170418145187510.97,332783,2024-06-18
1718755200000,63348.99,63353.76,63334.43,63338.97,1512833763.26,1718841599999,95821336742190.31,447907,2024-06-19
1718841600000,63280.43,65010.57,60652.53,63326.8,2035259267.2,1718927999999,128886447557706.16,463121,2024-06-20
1718928000000,61614.97,62800.74,61022.39,61514.64,2786028493.3,1719014399999,171381528838616.72,423714,2024-06-21
1719014400000,61421.18,61987.23,60470.71,61451.79,3966387305.85,1719100799999,243741613202410.84,471004,2024-06-22
1719100800000,62740.42,63139.04,62073.67,62465.09,4310123988.73,1719187199999,269232296459967.72,381542,2024-06-23
1719187200000,62279.57,63113.07,61180.14,62539.5,3717166254.97,1719273599999,232469706005558.9,373876,2024-06-24
1719273600000,61375.8,64496.95,59752.81,61872.26,2500086462.89,1719359999999,154685998280056.75,464867,2024-06-25
1719360000000,60835.34,61483.7,60649.27,60963.78,1128809848.12,1719446399999,68816510861357.31,177763,2024-06-26
1719446400000,62192.11,64875.21,61472.77,63244.35,1617376105.45,1719532799999,102289903428052.12,211767,2024-06-27
1719532800000,61824.91,62762.32,60505.77,61533.98,4625780639.34,1719619199999,284642712767083.06,388681,2024-06-28
1719619200000,62378.4,62633.42,61384.53,61836.03,1629912883.23,1719705599999,100787337158441.8,146522,2024-06-29
1719705600000,62819.31,63395.57,60612.03,62498.55,3986270017.09,1719791999999,249136112567510.2,333075,2024-06-30
1719792000000,63299.59,64281.91,62671.73,63563.76,2140979226.94,1719878399999,136088679733057.1,434626,2024-07-01
1719878400000,63186.67,63212.5,63160.37,63198.21,3601252847.98,1719964799999,227592735273646.1,201556,2024-07-02
1719964800000,63142.37,63223.37,62854.74,63026.5,3013468645.69,1720051199999,189928386528992.56,163093,2024-07-03
1720051200000,63645.64,66444.93,61593.78,63220.96,1803567817.41,1720137599999,114023288683538.64,454984,2024-07-04
1720137600000,62417.4,64824.97,61459.4,63061.48,3904662733.88,1720223999999,246233824321388.88,460864,2024-07-05
1720224000000,63195.15,64127.38,62150.42,63608.91,3500684629.6,1720310399999,222674739187610.72,271784,2024-07-06
1720310400000,61753.65,63299.98,60368.79,61420.1,2725488490.39,1720396799999,167399782145652.44,397625,2024-07-07
1720396800000,63134.74,63448.59,63033.39,63273.99,1550907983.65,1720483199999,98132128674327.55,298190,2024-07-08
1720483200000,63999.52,65834.36,63144.57,63841.49,2364136757.82,1720569599999,150930001919508.94,332028,2024-07-09
1720569600000,64528.42,65345.65,61849.0,62932.87,2708601540.89,1720655999999,170460074113169.8,370925,2024-07-10
1720656000000,63978.28,66869.34,61728.38,64267.99,3682908536.32,1720742399999,236693137916857.0,166021,2024-07-11
1720742400000,64073.63,64167.34,63848.1,63971.22,1638134986.37,1720828799999,104793496979231.05,56661,2024-07-12
1720828800000,66084.74,66651.69,64994.34,65639.94,2043000283.77,1720915199999,134102412769678.34,368135,2024-07-13
1720915200000,66078.63,66480.86,64470.31,65659.3,4095956869.52,1721001599999,268937643548771.2,391992,2024-07-14
1721001600000,65259.06,66849.46,63517.04,64238.91,2151619001.05,1721087999999,138217654032967.31,301044,2024-07-15
1721088000000,64637.73,65370.03,63810.04,64639.93,4352727730.43,1721174399999,281360011565929.1,298483,2024-07-16
1721174400000,64705.63,65373.93,64317.77,64856.68,2320362485.94,1721260799999,150491013437965.28,319330,2024-07-17
1721260800000,64467.31,65893.25,63471.92,64718.75,2307903477.21,1721347199999,149364621342171.12,325228,2024-07-18
1721347200000,65303.4,65596.78,65148.17,65381.23,1139468211.21,1721433599999,74499828456788.14,160434,2024-07-19
1721433600000,64997.49,65626.62,64457.14,64790.74,4161200211.1,1721519999999,269607259729201.1,406078,2024-07-20
1721520000000,64960.3,65110.12,64374.16,64653.61,3915357441.36,1721606399999,253142000973431.88,259669,2024-07-21
1721606400000,66071.54,66513.72,65866.61,66190.95,1674833419.44,1721692799999,110858807636205.6,261311,2024-07-22
1721692800000,67171.51,69753.17,65049.3,66354.65,4266447032.78,1721779199999,283098604272446.1,79720,2024-07-23
1721779200000,65249.97,65620.01,64860.2,65377.13,1585120763.9,1721865599999,103630645850893.23,290857,2024-07-24
1721865600000,66779.83,67198.59,66431.99,66882.39,3946485623.87,1721951999999,263950398307520.12,176803,2024-07-25
1721952000000,65775.53,66119.72,65597.75,65825.87,2640526047.42,1722038399999,173814928676304.4,408859,2024-07-26
1722038400000,66453.72,66979.87,66197.71,66687.7,3449318747.26,1722124799999,230027122597166.75,476772,2024-07-27
1722124800000,67250.92,67445.04,66973.11,67298.9,3352705939.89,1722211199999,225633414968824.28,129239,2024-07-28
1722211200000,66799.02,66832.71,66730.64,66773.06,1265847838.49,1722297599999,84524528819794.38,113472,2024-07-29
1722297600000,64699.27,65039.29,64162.66,64607.79,2285876056.55,1722383999999,147685393548569.16,398254,2024-07-30
1722384000000,61139.55,61917.9,60748.74,61331.83,2646492100.46,1722470399999,162314210681327.88,303135,2024-07-31
1722470400000,58819.66,59302.85,58683.23,59031.93,1111007045.74,1722556799999,65584885787988.27,85077,2024-08-01
1722556800000,56571.86,57227.81,55979.83,56488.68,1607819111.2,1722643199999,90823581075419.86,439747,2024-08-02
1722643200000,53561.52,54051.99,52974.61,53601.16,1214982938.14,1722729599999,65124499248271.62,126891,2024-08-03
1722729600000,51410.25,51507.26,51370.16,51433.52,2773495222.17,1722815999999,142650621418037.1,78728,2024-08-04
1722816000000,48035.16,48216.89,47958.55,48089.41,1907136949.1,1722902399999,91713095325354.38,55266,2024-08-05
1722902400000,48830.89,49129.39,48551.02,48851.0,2161028831.77,1722988799999,105568414651855.45,413918,2024-08-06
1722988800000,49098.1,49217.26,48872.35,49112.78,2439145509.95,1723075199999,119793221098933.45,89062,2024-08-07
1723075200000,49254.68,49351.31,49207.53,49269.94,954156983.62,1723161599999,47011261527659.02,364818,2024-08-08
1723161600000,49360.82,49785.06,49243.3,49418.87,1777939167.84,1723247999999,87863743526208.39,312223,2024-08-09
1723248000000,50072.79,50620.98,49216.98,49666.29,3610918518.99,1723334399999,179340913746751.84,457513,2024-08-10
1723334400000,50511.65,50948.16,49699.3,50130.52,3073785536.62,1723420799999,154090454895230.94,355246,2024-08-11
1723420800000,50116.89,51048.26,49315.07,50508.92,1232747559.25,1723507199999,62264749419222.04,383164,2024-08-12
1723507200000,49677.72,49914.51,49565.59,49734.17,2371205689.32,1723593599999,117929937884961.77,54825,2024-08-13
1723593600000,49230.08,50628.73,48865.52,49539.87,1848032409.22,1723679999999,91551283985587.12,274515,2024-08-14
1723680000000,48900.32,52088.41,47477.85,49775.94,1628845648.35,1723766399999,81077328777101.03,123521,2024-08-15
1723766400000,50250.49,50322.81,50199.0,50251.36,1411202255.57,1723852799999,70914826901552.31,279996,2024-08-16
1723852800000,50828.09,52066.08,49918.16,50473.44,3641575861.34,1723939199999,183802874793837.84,444592,2024-08-17
1723939200000,50544.09,51111.01,48489.84,50358.48,2751333162.44,1724025599999,138552943720107.06,274320,2024-08-18
1724025600000,50041.2,50668.57,49261.07,50176.01,2690706551.05,1724111999999,135008925929903.78,61737,2024-08-19
1724112000000,50461.02,52197.49,49459.74,50829.63,3711875538.67,1724198399999,188673261702601.2,322819,2024-08-20
1724198400000,52308.63,52908.03,50536.62,51361.58,3195630434.52,1724284799999,164132619813093.0,227755,2024-08-21
1724284800000,51793.73,52128.27,51572.61,51757.57,1293060803.65,1724371199999,66925687947697.13,413082,2024-08-22
1724371200000,51142.68,51474.77,50872.49,51186.55,1948360544.02,1724457599999,99729861261732.69,235103,2024-08-23
1724457600000,50571.23,53231.28,49633.33,51415.79,3513767381.11,1724543999999,180663127666263.97,104113,2024-08-24
1724544000000,51234.86,51244.88,51212.39,51236.33,2050475873.44,1724630399999,105058848925411.5,443736,2024-08-25
1724630400000,52258.08,52857.99,51115.35,51933.52,2139457630.71,1724716799999,111109575585478.69,110781,2024-08-26
1724716800000,51817.07,52030.26,51064.97,51563.38,2764368538.77,1724803199999,142540174505706.97,288885,2024-08-27
1724803200000,52462.02,53390.63,51984.49,52593.62,2894308357.56,1724889599999,152222150092492.1,275481,2024-08-28
1724889600000,51234.2,51283.49,51220.83,51252.58,899456802.82,1724975999999,46099484360432.64,289704,2024-08-29
1724976000000,52154.18,52806.5,51751.86,52288.99,2574258221.97,1725062399999,134605364680470.86,423271,2024-08-30
1725062400000,53075.32,54679.75,51233.07,52846.51,1615345933.2,1725148799999,85365398566050.14,356650,2024-08-31
1725148800000,52673.56,53741.54,52340.69,52913.35,3344631194.68,1725235199999,176975626494873.94,300952,2024-09-01
1725235200000,54550.84,55017.47,54271.87,54648.25,2158997017.08,1725321599999,117985407950953.0,201668,2024-09-02
1725321600000,53696.27,55126.82,52163.51,53300.93,3877614588.16,1725407999999,206680447262666.47,80692,2024-09-03
1725408000000,52536.7,52706.49,52298.87,52577.54,1374194529.38,1725494399999,72251761835233.62,385349,2024-09-04
1725494400000,52780.86,53676.16,52482.13,53298.25,2493338320.91,1725580799999,132890564298912.31,298352,2024-09-05
1725580800000,52157.12,52543.98,52058.81,52359.65,2120026875.66,1725667199999,111003864890485.95,147719,2024-09-06
1725667200000,54213.9,54495.94,53827.21,54023.89,915656996.38,1725753599999,49467351153599.29,431583,2024-09-07
1725753600000,54249.82,54525.98,53762.36,54106.04,1126256521.78,1725839999999,60937279278521.41,287895,2024-09-08
1725840000000,56252.47,56529.19,55462.72,55835.24,1835059566.61,1725926399999,102460990940370.52,379758,2024-09-09
1725926400000,55636.99,56327.27,55144.0,55436.76,1026858321.22,1726012799999,56925696597336.91,498691,2024-09-10
1726012800000,56343.72,56469.73,56222.14,56301.95,2453723985.99,1726099199999,138149449831293.6,122092,2024-09-11
1726099200000,56439.59,57993.32,55685.98,56522.75,2857487888.9,1726185599999,161513068291458.0,234641,2024-09-12
1726185600000,58918.47,60675.56,56962.91,58733.84,4685967886.63,1726271999999,275224870791474.9,189840,2024-09-13
1726272000000,57718.11,58065.37,57607.59,57885.52,2872762947.78,1726358399999,166291367415057.12,283261,2024-09-14
1726358400000,61982.57,63177.72,58880.26,59976.25,2834418789.72,1726444799999,169997819331398.66,446280,2024-09-15
1726444800000,59869.5,59890.67,59820.38,59840.88,2758405620.13,1726531199999,165065427903700.84,64535,2024-09-16
1726531200000,60292.8,60649.64,59679.57,60184.25,2920914368.2,1726617599999,175793030910441.78,394807,2024-09-17
1726617600000,61354.64,61837.55,59925.59,60681.61,1183629352.14,1726703999999,71824530838194.81,214952,2024-09-18
1726704000000,61312.33,61535.18,60992.73,61278.69,4044667834.13,1726790399999,247851949626193.53,298338,2024-09-19
1726790400000,59869.65,61997.66,58703.46,60142.5,1350148977.75,1726876799999,81201337817537.16,172829,2024-09-20
1726876800000,61998.91,62744.23,59912.78,61934.89,4761634138.44,1726963199999,294911285688569.7,328099,2024-09-21
1726963200000,63127.79,63483.16,62998.97,63355.14,3026061222.39,1727049599999,191716525298506.75,400714,2024-09-22
1727049600000,62395.59,64004.3,61680.5,63258.1,4301104100.85,1727135999999,272079667251939.28,190698,2024-09-23
1727136000000,61516.55,63505.54,61014.64,62794.41,4187221961.24,1727222399999,262934135845851.2,168040,2024-09-24
1727222400000,64257.09,64909.39,64055.99,64407.09,3664254097.05,1727308799999,236003946866247.47,126906,2024-09-25
1727308800000,66216.71,67087.47,65382.25,66353.5,1865182059.51,1727395199999,123761355386892.77,113277,2024-09-26
1727395200000,66676.48,66843.53,66462.6,66581.55,3717710646.12,1727481599999,247530949012178.88,71554,2024-09-27
1727481600000,65721.37,66009.6,65600.36,65760.41,1563525926.29,1727567999999,102818105425074.36,463444,2024-09-28
1727568000000,66845.41,67433.58,65818.97,66772.51,2810867454.9,1727654399999,187688680591245.88,437022,2024-09-29
1727654400000,65933.55,65972.48,65839.2,65936.85,3131526061.21,1727740799999,206482958303367.53,418049,2024-09-30
1727740800000,65560.72,67642.21,63104.23,65079.09,2577173052.86,1727827199999,167720072870860.7,248125,2024-10-01
1727827200000,65881.77,66353.58,65576.15,65907.52,3945948409.97,1727913599999,260067680734293.7,221486,2024-10-02
1727913600000,67993.37,68939.19,67619.75,68110.12,3434193208.18,1727999999999,233903299790509.38,323366,2024-10-03
1728000000000,66980.18,67293.36,66182.84,66845.12,1734744153.84,1728086399999,115959179038421.31,58644,2024-10-04
1728086400000,67178.65,67984.95,66427.68,67078.52,2567550979.53,1728172799999,172227509752671.8,307881,2024-10-05
1728172800000,67172.67,67341.42,66944.01,67241.56,1626238897.79,1728259199999,109350844129050.84,303161,2024-10-06
1728259200000,69892.22,71307.79,68075.47,69240.53,1654100128.28,1728345599999,114530765841873.9,324157,2024-10-07
1728345600000,70009.62,70986.02,67269.45,69228.02,4860059587.04,1728431999999,336452289159309.1,491294,2024-10-08
1728432000000,69710.07,70130.46,69299.98,69926.02,3919064059.65,1728518399999,274044551909798.1,190813,2024-10-09
1728518400000,68272.08,68395.75,67902.66,68191.48,1351016205.29,1728604799999,92127794267162.98,437665,2024-10-10
1728604800000,68618.41,69462.57,68394.76,68774.36,2912840576.04,1728691199999,200328758600554.53,92992,2024-10-11
1728691200000,67094.43,68311.16,65650.95,67489.57,3689979559.71,1728777599999,249035117259085.84,134365,2024-10-12
1728777600000,70237.36,70404.87,69833.36,70172.02,3506607939.76,1728863999999,246065746856141.38,380334,2024-10-13
1728864000000,68106.76,68293.72,68047.69,68190.22,1089835594.46,1728950399999,74316129117018.6,121239,2024-10-14
1728950400000,69465.66,70206.13,69080.18,69549.2,2808383881.8,1729036799999,195320850583442.2,148592,2024-10-15
1729036800000,68194.94,69620.64,67802.74,68661.95,4424531750.71,1729123199999,303796960013414.56,374479,2024-10-16
1729123200000,69465.2,69665.12,69085.52,69294.35,1390409480.64,1729209599999,96347526028101.16,270250,2024-10-17
1729209600000,69079.71,69611.35,68088.3,69293.61,1762543357.21,1729295999999,122132984873441.81,203753,2024-10-18
1729296000000,69712.5,69985.5,68822.2,69694.13,3542610282.72,1729382399999,246899142609651.7,145834,2024-10-19
1729382400000,69994.1,70618.39,69190.54,69960.07,3630122268.94,1729468799999,253963619133118.62,299396,2024-10-20
1729468800000,70170.74,70677.49,69163.29,70160.34,1490371711.47,1729555199999,104564989276494.81,367400,2024-10-21
1729555200000,71277.67,72100.36,71061.92,71542.72,1777241809.28,1729641599999,127148711785767.16,203950,2024-10-22
1729641600000,69669.47,72733.95,67863.79,70101.83,2988857784.59,1729727999999,209524390886810.88,139742,2024-10-23
1729728000000,72613.57,73510.17,70092.8,71441.7,2724605514.48,1729814399999,194650439403820.1,437378,2024-10-24
1729814400000,72715.34,72935.05,72087.55,72506.96,2213864462.8,1729900799999,160520583977787.38,259484,2024-10-25
1729900800000,71111.08,72600.42,69959.36,71230.49,4453267388.02,1729987199999,317208436193410.6,71129,2024-10-26
1729987200000,71107.57,71912.01,70394.67,71261.99,3186304006.09,1730073599999,227062367764653.12,295149,2024-10-27
1730073600000,72163.24,72568.17,71373.38,71891.2,2745664357.64,1730159999999,197389108291475.44,277628,2024-10-28
1730160000000,74046.01,74537.57,72881.72,73323.53,5135649159.39,1730246399999,376563923106114.6,262618,2024-10-29
1730246400000,71916.57,72378.72,71497.14,71852.69,2283531512.62,1730332799999,164077884657825.1,345899,2024-10-30
1730332800000,70511.85,70816.11,70275.24,70618.38,3056456358.49,1730419199999,215841992499938.47,181737,2024-10-31
1730419200000,70970.64,71362.06,70631.0,70866.25,1474499513.36,1730505599999,104492256525461.66,167281,2024-11-01
1730505600000,68937.52,69053.02,68853.63,68919.01,1106941331.82,1730591999999,76289301099401.02,427784,2024-11-02
1730592000000,70018.72,70852.11,69417.89,69794.61,4659260804.49,1730678399999,325191271984173.1,226412,2024-11-03
1730678400000,70564.66,72089.56,64521.77,68950.72,5308992900.57,1730764799999,366058889854771.6,231939,2024-11-04
1730764800000,68055.86,68246.12,67334.26,67748.83,3486705119.6,1730851199999,236220186437054.2,252019,2024-11-05
1730851200000,69117.21,69147.32,69103.71,69120.89,1109100383.95,1730937599999,76662009153877.25,209616,2024-11-06
1730937600000,71203.61,71498.11,70232.95,70884.72,3650410724.23,1731023999999,258758348865777.9,301164,2024-11-07
1731024000000,74487.99,75683.81,72682.84,73942.11,1894594530.89,1731110399999,140090314114133.0,169562,2024-11-08
1731110400000,76494.86,81109.03,71427.49,76404.54,1989012057.08,1731196799999,151969546656351.88,467138,2024-11-09
1731196800000,76587.87,77667.36,75594.59,76527.87,4947990590.59,1731283199999,378659205279515.94,122487,2024-11-10
1731283200000,79268.66,80678.3,78373.46,79375.4,2433834111.83,1731369599999,193186564675083.38,148993,2024-11-11
1731369600000,78639.49,78968.46,78524.97,78742.01,3401156376.73,1731455999999,267813883994795.1,499394,2024-11-12
1731456000000,82076.58,82123.19,81978.78,82008.84,2565812064.17,1731542399999,210419283186311.8,78643,2024-11-13
1731542400000,84786.47,86055.55,82435.48,84380.3,2765845791.3,1731628799999,233382908227296.75,194796,2024-11-14
1731628800000,86139.85,86745.83,83719.06,85293.93,5522476042.35,1731715199999,471033697758835.25,488745,2024-11-15
1731715200000,86870.23,88206.76,85776.17,87069.21,5465280213.48,1731801599999,475857640094647.06,259250,2024-11-16
1731801600000,89592.87,91249.7,85483.78,89162.09,4275258855.69,1731887999999,381191030972803.94,350513,2024-11-17
1731888000000,92033.05,92064.03,91992.36,92027.43,2667389910.3,1731974399999,245473043204732.56,384141,2024-11-18
1731974400000,94211.72,95125.02,92624.79,93319.16,4183137519.37,1732060799999,390366889887793.06,100453,2024-11-19
1732060800000,92358.53,94850.13,89737.61,92791.88,7132674506.96,1732147199999,661854262684303.0,279152,2024-11-20
1732147200000,93277.59,96242.63,91949.22,94703.48,5559469485.56,1732233599999,526501133455144.8,361909,2024-11-21
1732233600000,98945.63,99916.09,97432.35,98279.04,6116525340.31,1732319999999,601126264079002.0,483071,2024-11-22
1732320000000,99366.82,99467.13,99248.81,99389.04,5718319809.0,1732406399999,568338319377737.8,332274,2024-11-23
1732406400000,95619.98,95867.96,94989.08,95438.42,2318493535.72,1732492799999,221273351882472.4,478193,2024-11-24
1732492800000,97710.66,98922.77,94674.81,97947.55,5613922124.21,1732579199999,549869916977996.4,380747,2024-11-25
1732579200000,99174.98,101604.54,95255.96,97763.32,5925643744.44,1732665599999,579310600077640.1,193933,2024-11-26
1732665600000,99962.14,100182.89,99497.36,99867.3,4384459752.39,1732751999999,437864153420866.5,164092,2024-11-27
1732752000000,97925.21,98903.44,96108.33,97623.78,3871890064.96,1732838399999,377988551713397.6,117939,2024-11-28
1732838400000,97105.77,102887.99,95227.52,98373.12,6743230728.8,1732924799999,663352635158022.1,181333,2024-11-29
1732924800000,94886.52,102117.83,93076.61,97934.96,6535022621.92,1733011199999,640007165956625.5,395155,2024-11-30
1733011200000,94977.39,95281.88,94873.95,95119.67,4784421592.23,1733097599999,455092611695800.2,431355,2024-12-01
1733097600000,99400.79,99889.21,97861.94,98359.99,4571610474.04,1733183999999,449663543814095.44,329152,2024-12-02
1733184000000,98759.93,100182.53,95207.4,97559.21,5379510024.21,1733270399999,524820743577669.06,458491,2024-12-03
1733270400000,98773.99,101062.73,95046.96,97746.41,7554724806.15,1733356799999,738447222239131.6,83838,2024-12-04
1733356800000,101707.94,102097.29,101174.1,101570.14,5605626489.15,1733443199999,569364271160302.9,484839,2024-12-05
1733443200000,94737.46,99386.02,92282.05,95467.83,5518034866.67,1733529599999,526794836452319.8,486478,2024-12-06
1733529600000,101249.58,101572.64,100366.32,100878.82,2562840564.24,1733615999999,258536341092111.56,160735,2024-12-07
1733616000000,99227.15,100095.49,98705.73,99405.93,6077686321.22,1733702399999,604158032561237.5,461794,2024-12-08
1733702400000,101486.9,103154.99,98747.89,101013.76,5999411885.61,1733788799999,606023152253321.4,222033,2024-12-09
1733788800000,101694.32,103849.65,98296.67,101527.85,7107735741.42,1733875199999,721633155959926.1,400493,2024-12-10
1733875200000,100289.6,103616.71,99437.4,101978.19,4656511026.45,1733961599999,474862562978826.94,407256,2024-12-11
1733961600000,102664.93,103728.04,101417.78,102709.5,5827255946.69,1734047999999,598514567981880.8,491334,2024-12-12
1734048000000,102222.77,110278.43,99917.57,104745.88,5220999328.43,1734134399999,546878160104953.1,304449,2024-12-13
1734134400000,103750.83,104199.96,102928.57,103333.81,3750431979.88,1734220799999,387546424205940.94,268694,2024-12-14
1734220800000,106543.12,110909.25,105024.28,107122.9,5537485993.81,1734307199999,593191583429025.6,287957,2024-12-15
1734307200000,106689.05,106853.52,106151.99,106548.52,5171387793.16,1734393599999,551003733925903.75,284805,2024-12-16
1734393600000,106463.41,107256.82,105489.46,106535.43,5846261396.18,1734479999999,622833972533077.2,335929,2024-12-17
1734480000000,107106.36,108566.2,106487.98,107132.61,2727210634.05,1734566399999,292173198568086.8,450889,2024-12-18
1734566400000,106515.24,110750.89,104331.86,109049.22,5600826227.09,1734652799999,610765711043619.0,462180,2024-12-19
1734652800000,105151.68,108465.78,102370.46,106454.57,5907685194.23,1734739199999,628900082166170.5,256969,2024-12-20
1734739200000,107530.25,108009.7,106774.92,107316.78,5590183166.32,1734825599999,599920472734218.5,173698,2024-12-21
1734825600000,105827.96,107015.29,105092.94,105636.64,6330533950.06,1734911999999,668736335365268.4,139343,2024-12-22
1734912000000,106711.77,107558.85,106156.71,107252.39,3949530491.7,1734998399999,423596582511249.06,250850,2024-12-23
1734998400000,107052.52,108148.91,105881.89,106871.97,3512310726.3,1735084799999,375367551974195.44,159670,2024-12-24
1735084800000,109228.52,110226.21,106293.52,108059.38,4945133986.31,1735171199999,534368102997615.94,280307,2024-12-25
1735171200000,106416.45,107663.61,103253.25,105206.46,5910931983.56,1735257599999,621868217214291.2,316179,2024-12-26
1735257600000,105725.28,106873.97,104997.52,105986.51,1923778594.21,1735343999999,203894576254952.9,414766,2024-12-27
1735344000000,104572.7,105364.7,104325.59,104980.54,4437075550.45,1735430399999,465806586602084.75,343911,2024-12-28
1735430400000,106529.45,106987.09,105094.91,106197.56,4313760992.88,1735516799999,458110902793892.8,411144,2024-12-29
1735516800000,103786.93,104298.87,102579.2,103386.15,1744110987.97,1735603199999,180316914808678.2,479407,2024-12-30
1735603200000,104071.31,106662.88,103212.44,104929.77,3113320615.7,1735689599999,326680005651129.44,483017,2024-12-31
1735689600000,105213.95,110356.6,101003.51,103471.97,5381696135.63,1735775999999,556854706596464.5,207433,2025-01-01
1735776000000,103341.77,103373.81,103327.79,103348.9,4547485898.95,1735862399999,469977686936186.9,463727,2025-01-02
1735862400000,103843.73,105431.62,98117.68,103256.42,4678387254.01,1735948799999,483073521579247.06,180927,2025-01-03
1735948800000,103141.1,103349.23,102954.12,103168.48,4565831033.38,1736035199999,471049845710505.25,372447,2025-01-04
1736035200000,102154.32,103442.86,101152.32,102428.37,2401909865.65,1736121599999,246023705756408.28,270002,2025-01-05
1736121600000,104547.67,105814.46,100505.82,102549.26,3658512704.33,1736207999999,375177768266994.06,234152,2025-01-06
1736208000000,103834.57,104118.62,103691.62,103931.62,1866946872.71,1736294399999,194034806404736.38,400651,2025-01-07
1736294400000,102916.06,106486.76,101858.52,103751.02,7280461878.87,1736380799999,755355342179448.6,126407,2025-01-08
1736380800000,104169.42,104212.26,104055.84,104152.0,3331242745.9,1736467199999,346955595969109.2,233304,2025-01-09
1736467200000,103029.48,104414.06,100812.7,103048.97,3211469961.9,1736553599999,330938683890014.06,133249,2025-01-10
1736553600000,102033.28,104035.61,101294.34,103042.43,3976882105.4,1736639999999,409787603618808.94,331274,2025-01-11
1736640000000,105595.37,107181.74,105069.13,105892.46,2662985370.93,1736726399999,281990069560955.06,426129,2025-01-12
1736726400000,106484.79,107237.97,105575.96,106337.01,4629169147.95,1736812799999,492252025258572.5,266505,2025-01-13
1736812800000,107752.98,107934.05,107423.38,107638.39,6153197851.47,1736899199999,662320308261192.6,474867,2025-01-14
1736899200000,104711.43,106319.82,103591.39,105537.2,6346499909.59,1736985599999,669791823081200.9,438486,2025-01-15
1736985600000,105642.08,108002.55,104767.07,106551.84,4376746004.66,1737071999999,466350327556595.8,212360,2025-01-16
1737072000000,105655.23,106379.35,104144.8,105271.95,2644070319.53,1737158399999,278346440774249.3,417844,2025-01-17
1737158400000,107202.01,108875.11,104408.14,107414.8,6746104168.65,1737244799999,724631407460095.5,88264,2025-01-18
1737244800000,112292.2,113420.64,108649.32,109758.61,2437619176.98,1737331199999,267549700644829.0,326533,2025-01-19
1737331200000,108307.98,109190.64,108046.11,108389.82,5890391311.69,1737417599999,638458477824553.9,223101,2025-01-20
1737417600000,108853.97,109811.55,108449.92,109045.99,1823215942.18,1737503999999,198814395560777.2,365361,2025-01-21
1737504000000,107469.12,108023.89,106246.27,107182.99,4067415731.52,1737590399999,435957762228948.2,106031,2025-01-22
1737590400000,107129.13,107221.31,106838.89,107057.56,4440130069.17,1737676799999,475349480415769.1,183925,2025-01-23
1737676800000,104447.26,106576.36,102739.72,104399.25,4926863935.02,1737763199999,514360884297088.3,237125,2025-01-24
1737763200000,105226.47,105302.57,105053.38,105178.87,5052271919.46,1737849599999,531392228760485.25,434694,2025-01-25
1737849600000,101396.19,102176.79,99526.45,100542.52,4704998481.21,1737935999999,473052409875885.8,107319,2025-01-26
1737936000000,102205.55,104311.24,100975.35,103267.87,6327945530.03,1738022399999,653473487821709.8,269962,2025-01-27
1738022400000,100731.36,103105.46,99093.23,100704.61,6647575145.33,1738108799999,669441468964202.1,65886,2025-01-28
1738108800000,103354.05,103481.44,103306.06,103403.68,3986048212.22,1738195199999,412172033899954.94,493292,2025-01-29
1738195200000,101987.85,102269.03,101747.38,102086.41,4686919733.9,1738281599999,478470798122215.8,142199,2025-01-30
1738281600000,100782.99,101390.77,100053.94,100919.15,4480645615.06,1738367999999,452182938203695.8,326805,2025-01-31
1738368000000,101417.89,101434.89,101369.5,101388.81,5325910710.41,1738454399999,539987768940574.4,128375,2025-02-01
1738454400000,99664.94,101793.29,93619.4,97660.84,2934475386.14,1738540799999,286583335659733.9,461513,2025-02-02
1738540800000,100188.31,101307.06,99320.94,100054.9,3981389147.0,1738627199999,398357489463750.6,345279,2025-02-03
1738627200000,98264.18,98783.37,98077.94,98529.99,5803369980.71,1738713599999,571806003298591.2,452897,2025-02-04
1738713600000,95489.21,99609.26,94009.84,96604.99,4286742419.81,1738799999999,414120709821757.44,109132,2025-02-05
1738800000000,98642.42,101495.11,94278.54,97632.6,4742821841.6,1738886399999,463054004923944.2,322430,2025-02-06
1738886400000,94168.54,94877.96,93380.46,94488.74,1758000387.98,1738972799999,166111234546231.12,463955,2025-02-07
1738972800000,92865.91,97042.74,91569.65,94258.08,3140789625.75,1739059199999,296044784172074.0,443996,2025-02-08
1739059200000,93958.83,94032.24,93895.27,93948.84,2166881699.36,1739145599999,203576015188050.8,485784,2025-02-09
1739145600000,94274.82,94747.92,92749.52,93482.81,1667176760.85,1739231999999,155852360580050.94,52588,2025-02-10
1739232000000,91953.0,93312.26,91375.94,92334.29,3922706156.93,1739318399999,362200282978942.8,235247,2025-02-11
1739318400000,94334.07,94389.43,94273.41,94324.37,2449977505.56,1739404799999,231092593602577.75,185524,2025-02-12
1739404800000,92036.6,92403.01,91619.87,92112.98,1808015818.42,1739491199999,166541728973576.94,286936,2025-02-13
1739491200000,92590.27,92731.18,92039.98,92228.49,4248716507.21,1739577599999,391852702270282.5,305372,2025-02-14
1739577600000,91735.21,92280.67,89971.49,90655.26,4922972106.61,1739663999999,446293315939562.2,91231,2025-02-15
1739664000000,89123.07,91314.14,86758.46,88738.02,4706553779.77,1739750399999,417650256017699.7,58737,2025-02-16
1739750400000,91526.79,92314.73,89283.12,90452.18,5909544585.0,1739836799999,534531193222396.9,498251,2025-02-17
1739836800000,87250.31,88842.05,86453.68,87543.94,4964901758.83,1739923199999,434647078812355.2,456863,2025-02-18
1739923200000,89082.13,89385.4,88592.06,88966.67,5728247432.6,1740009599999,509623075496637.25,387479,2025-02-19
1740009600000,87118.55,87890.26,85601.52,87027.18,4166575664.38,1740095999999,362605321262462.5,173731,2025-02-20
1740096000000,92627.05,94272.8,86713.54,90016.66,5229188636.73,1740182399999,470714072946873.8,419536,2025-02-21
1740182400000,89113.2,89718.85,87931.07,88315.4,5864596320.64,1740268799999,517934168540539.8,202508,2025-02-22
1740268800000,87601.61,88921.18,85075.12,86910.15,5920163825.91,1740355199999,514522344777094.8,321370,2025-02-23
1740355200000,87592.86,88175.36,86694.51,87547.78,2341607848.49,1740441599999,205002579927443.38,356158,2025-02-24
1740441600000,83505.07,86134.32,82754.38,84809.85,4733042389.72,1740527999999,401408623468035.5,342420,2025-02-25
1740528000000,85721.92,85946.85,85377.37,85675.13,2478764818.16,1740614399999,212368501942841.75,441398,2025-02-26
1740614400000,84956.43,85294.33,84390.09,84762.75,4876409297.01,1740700799999,413337870153518.3,489043,2025-02-27
1740700800000,84260.06,84446.71,84160.21,84266.13,4755493652.48,1740787199999,400727056996098.25,212382,2025-02-28
1740787200000,84827.79,85229.85,84014.8,84636.45,2126306039.08,1740873599999,179963000156953.4,187165,2025-03-01
1740873600000,83625.14,88595.93,78890.93,83454.44,6922197547.1,1740959999999,577688103351139.1,206443,2025-03-02
1740960000000,83193.22,84024.76,81554.4,82375.33,3509651374.12,1741046399999,289108683622962.1,98374,2025-03-03
1741046400000,80411.15,81130.17,79351.62,79836.97,4396673378.29,1741132799999,351017072722813.7,344264,2025-03-04
1741132800000,80927.48,82920.96,78468.63,79887.11,6348814283.64,1741219199999,507188434351685.2,324852,2025-03-05
1741219200000,80696.51,81813.73,77349.51,80063.75,1692093927.09,1741305599999,135475384946836.31,441550,2025-03-06
1741305600000,79837.34,80313.3,78664.05,79634.58,4858573111.93,1741391999999,386910442387912.94,451367,2025-03-07
1741392000000,77835.93,77981.8,77734.38,77838.89,2734579703.26,1741478399999,212856650708120.38,384384,2025-03-08
1741478400000,80706.46,81577.38,79109.25,80537.95,1502565283.61,1741564799999,121013526783145.1,333607,2025-03-09
1741564800000,80713.38,82213.73,76628.46,79049.09,5158616221.61,1741651199999,407783925611381.1,298778,2025-03-10
1741651200000,77335.36,81845.47,76090.94,77556.36,2275658584.13,1741737599999,176491790307280.0,246904,2025-03-11
1741737600000,77393.75,80083.56,75590.98,77913.45,5447908103.25,1741823999999,424465301209128.4,263167,2025-03-12
1741824000000,78723.79,79283.29,77631.43,78491.92,1693581850.46,1741910399999,132932486258564.92,399593,2025-03-13
1741910400000,77735.7,80840.57,76145.47,78629.89,6839946983.96,1741996799999,537824292502040.6,273651,2025-03-14
1741996800000,80320.09,82161.02,79405.75,80459.35,3582317101.97,1742083199999,288230920867696.56,67818,2025-03-15
1742083200000,80806.94,82697.32,79711.88,81482.02,4821732014.13,1742169599999,392884457062198.2,311632,2025-03-16
1742169600000,83061.37,84408.89,77700.96,80853.88,4604708288.09,1742255999999,372308551759744.8,142044,2025-03-17
1742256000000,84616.46,87108.18,82094.5,83255.61,3118884516.27,1742342399999,259664627195688.12,443710,2025-03-18
1742342400000,83584.77,83642.82,83552.17,83613.16,2616762671.35,1742428799999,218795794864920.38,473251,2025-03-19
1742428800000,82609.12,82926.26,82162.01,82678.23,2661366172.6,1742515199999,220037034345014.97,360616,2025-03-20
1742515200000,84539.97,84738.46,84098.28,84579.18,5285878830.42,1742601599999,447075299917210.06,471427,2025-03-21
1742601600000,86181.76,88327.34,84819.15,85879.32,2258759027.96,1742687999999,193980698938776.9,254698,2025-03-22
1742688000000,88336.03,92103.43,87298.2,89128.08,5990973090.48,1742774399999,533963911092708.25,59002,2025-03-23
1742774400000,88295.46,89179.18,87375.46,88587.72,5629919189.12,1742860799999,498741705308230.56,379557,2025-03-24
1742860800000,85408.84,87558.18,84051.16,86043.08,2567041762.21,1742947199999,220876177444904.62,255604,2025-03-25
1742947200000,87405.52,87418.27,87374.29,87395.66,2165105930.7,1743033599999,189220867686988.8,389221,2025-03-26
1743033600000,84863.34,85551.03,84389.23,84730.33,5410156015.64,1743119999999,458404285084391.2,401354,2025-03-27
1743120000000,86717.07,87616.2,86084.2,86892.23,2696259813.12,1743206399999,234284021806481.2,353643,2025-03-28
1743206400000,83024.32,88358.91,80811.41,84740.42,6290270492.22,1743292799999,533040155529539.44,164660,2025-03-29
1743292800000,84334.56,85902.21,83675.68,84571.53,3749559836.65,1743379199999,317106020831854.1,393202,2025-03-30
1743379200000,85652.97,85860.28,85103.09,85449.28,4324301140.95,1743465599999,369508427043272.8,452945,2025-03-31
1743465600000,82111.46,82817.57,80848.43,82264.96,5822982981.5,1743551999999,479027459437727.8,395984,2025-04-01
1743552000000,81537.36,81844.2,81315.22,81608.47,2031134860.02,1743638399999,165757808874075.6,161826,2025-04-02
1743638400000,81724.14,82644.89,81444.66,82046.36,1625462495.94,1743724799999,133363283169391.23,160303,2025-04-03
1743724800000,83308.52,84917.12,82079.69,83274.88,4736912037.6,1743811199999,394465781151164.9,310172,2025-04-04
1743811200000,79420.84,84184.73,76140.82,80382.24,2281029098.99,1743897599999,183354234140981.9,183348,2025-04-05
1743897600000,78317.98,79184.02,77958.1,78730.15,3204593874.76,1743983999999,252298162297506.16,149451,2025-04-06
1743984000000,80060.33,81443.62,77960.0,80685.8,2059457604.49,1744070399999,166168977900004.12,348832,2025-04-07
1744070400000,81278.69,81642.07,80979.51,81284.64,4694808123.24,1744156799999,381615773308078.25,160316,2025-04-08
1744156800000,82808.67,84876.69,77748.82,81532.65,5861877030.78,1744243199999,477934382699819.06,494055,2025-04-09
1744243200000,80584.96,81366.88,77649.08,79555.37,1517492322.95,1744329599999,120724655777086.45,335321,2025-04-10
