entry_time,direction,entry,exit,exit_type,pnl_pct,win,prob,fold
2022-04-01 01:15:00,SHORT,123.68,123.06,tp,0.004025,1,0.7171,2
2022-04-01 01:40:00,SHORT,122.97,122.35,tp,0.004025,1,0.6863,2
2022-04-01 02:15:00,SHORT,122.59,121.98,tp,0.004025,1,0.7365,2
2022-04-01 02:25:00,LONG,121.02,120.66,sl,-0.004,0,0.8071,2
2022-04-01 02:55:00,LONG,118.81,118.45,sl,-0.004,0,0.7578,2
2022-04-01 04:00:00,SHORT,123.04,122.42,tp,0.004025,1,0.9054,2
2022-04-01 04:15:00,LONG,122.49,122.12,sl,-0.004,0,0.7863,2
2022-04-01 04:30:00,LONG,122.36,122.97,tp,0.004,1,0.8033,2
2022-04-01 05:00:00,LONG,121.37,121.98,tp,0.004,1,0.6993,2
2022-04-01 05:15:00,SHORT,121.63,121.02,tp,0.004025,1,0.6571,2
2022-04-01 05:30:00,SHORT,121.36,120.75,tp,0.004025,1,0.7653,2
2022-04-01 06:10:00,LONG,120.24,120.84,tp,0.004,1,0.6731,2
2022-04-01 07:00:00,SHORT,123.21,123.58,sl,-0.003991,0,0.7766,2
2022-04-01 08:00:00,SHORT,127.06,126.42,tp,0.004025,1,0.9183,2
2022-04-01 08:15:00,LONG,125.53,126.16,tp,0.004,1,0.6899,2
2022-04-01 09:10:00,SHORT,125.92,125.29,tp,0.004025,1,0.8252,2
2022-04-01 10:00:00,LONG,124.63,124.26,sl,-0.004,0,0.7721,2
2022-04-01 10:15:00,LONG,124.39,124.02,sl,-0.004,0,0.8105,2
2022-04-01 10:40:00,LONG,124.42,125.04,tp,0.004,1,0.6987,2
2022-04-01 11:10:00,LONG,124.75,125.38,tp,0.004,1,0.75,2
2022-04-01 13:00:00,LONG,126.6,127.24,tp,0.004,1,0.6587,2
2022-04-01 13:30:00,SHORT,128.98,128.33,tp,0.004025,1,0.7933,2
2022-04-01 13:50:00,LONG,128.14,128.78,tp,0.004,1,0.8436,2
2022-04-01 14:05:00,SHORT,130.57,130.97,sl,-0.003991,0,0.727,2
2022-04-01 14:20:00,LONG,130.55,131.2,tp,0.004,1,0.7571,2
2022-04-01 14:50:00,LONG,132.09,132.75,tp,0.004,1,0.6535,2
2022-04-01 15:10:00,LONG,132.82,132.42,sl,-0.004,0,0.8033,2
2022-04-01 15:20:00,SHORT,133.09,132.43,tp,0.004025,1,0.7951,2
2022-04-01 15:40:00,SHORT,133.31,132.65,tp,0.004025,1,0.8794,2
2022-04-01 16:30:00,SHORT,134.11,134.52,sl,-0.003991,0,0.6748,2
2022-04-01 16:40:00,SHORT,134.29,133.62,tp,0.004025,1,0.6822,2
2022-04-01 16:55:00,SHORT,132.97,133.37,sl,-0.003991,0,0.6516,2
2022-04-01 17:20:00,SHORT,134.66,135.07,sl,-0.003991,0,0.9098,2
2022-04-01 17:35:00,SHORT,134.88,135.29,sl,-0.003991,0,0.8957,2
2022-04-01 18:00:00,SHORT,135.28,134.61,tp,0.004025,1,0.8102,2
2022-04-01 18:25:00,SHORT,133.86,134.26,sl,-0.003991,0,0.6519,2
2022-04-01 19:10:00,SHORT,135.15,135.56,sl,-0.003991,0,0.7405,2
2022-04-01 19:20:00,LONG,135.38,134.97,sl,-0.004,0,0.6731,2
2022-04-01 19:35:00,LONG,135.95,136.63,tp,0.004,1,0.7767,2
2022-04-01 19:50:00,SHORT,137.19,136.51,tp,0.004025,1,0.8596,2
2022-04-01 20:00:00,LONG,136.34,137.02,tp,0.004,1,0.735,2
2022-04-01 20:15:00,SHORT,136.73,137.14,sl,-0.003991,0,0.7181,2
2022-04-01 20:45:00,LONG,135.25,134.84,sl,-0.004,0,0.7477,2
2022-04-01 21:10:00,SHORT,135.95,136.36,sl,-0.003991,0,0.7218,2
2022-04-01 21:50:00,LONG,136.32,137.0,tp,0.004,1,0.7194,2
2022-04-01 22:10:00,SHORT,136.84,136.16,tp,0.004025,1,0.6569,2
2022-04-01 22:40:00,LONG,135.55,136.23,tp,0.004,1,0.8045,2
2022-04-01 23:10:00,LONG,135.52,135.11,sl,-0.004,0,0.785,2
2022-04-01 23:30:00,LONG,133.83,134.5,tp,0.004,1,0.8758,2
2022-04-01 23:55:00,SHORT,134.45,133.78,tp,0.004025,1,0.7946,2
2022-04-02 00:00:00,LONG,133.92,134.59,tp,0.004,1,0.7805,2
2022-04-02 00:10:00,SHORT,135.33,135.74,sl,-0.003991,0,0.8165,2
2022-04-02 00:55:00,SHORT,136.82,136.14,tp,0.004025,1,0.7527,2
2022-04-02 01:45:00,SHORT,136.79,136.11,tp,0.004025,1,0.8416,2
2022-04-02 03:25:00,LONG,134.77,135.44,tp,0.004,1,0.7045,2
2022-04-02 03:40:00,SHORT,135.1,134.43,tp,0.004025,1,0.7464,2
2022-04-02 04:20:00,SHORT,135.0,135.41,sl,-0.003991,0,0.7487,2
2022-04-02 04:30:00,LONG,134.67,135.34,tp,0.004,1,0.6818,2
2022-04-02 05:15:00,LONG,134.56,134.15,sl,-0.004,0,0.7537,2
2022-04-02 05:25:00,SHORT,135.05,134.38,tp,0.004025,1,0.6695,2
2022-04-02 06:00:00,LONG,135.12,135.79,tp,0.004,1,0.697,2
2022-04-02 06:15:00,LONG,135.37,136.04,tp,0.004,1,0.715,2
2022-04-02 06:35:00,LONG,135.54,136.22,tp,0.004,1,0.7708,2
2022-04-02 06:40:00,SHORT,136.06,135.38,tp,0.004025,1,0.6876,2
2022-04-02 07:30:00,LONG,134.99,135.66,tp,0.004,1,0.8215,2
2022-04-02 07:45:00,SHORT,135.92,135.24,tp,0.004025,1,0.7104,2
2022-04-02 08:20:00,LONG,135.18,135.85,tp,0.004,1,0.6648,2
2022-04-02 09:30:00,LONG,135.2,135.87,tp,0.004,1,0.6505,2
2022-04-02 10:05:00,LONG,135.85,136.53,tp,0.004,1,0.6803,2
2022-04-02 10:45:00,LONG,136.75,137.43,tp,0.004,1,0.7375,2
2022-04-02 10:55:00,SHORT,137.28,137.69,sl,-0.003991,0,0.7421,2
2022-04-02 11:10:00,LONG,136.84,137.52,tp,0.004,1,0.7313,2
2022-04-02 11:20:00,SHORT,137.98,137.29,tp,0.004025,1,0.7478,2
2022-04-02 11:35:00,SHORT,138.17,137.48,tp,0.004025,1,0.8174,2
2022-04-02 11:50:00,SHORT,137.92,137.23,tp,0.004025,1,0.6901,2
2022-04-02 12:05:00,SHORT,137.22,136.54,tp,0.004025,1,0.7567,2
2022-04-02 13:00:00,LONG,139.74,140.44,tp,0.004,1,0.6966,2
2022-04-02 13:35:00,SHORT,142.58,141.87,tp,0.004025,1,0.6539,2
2022-04-02 14:20:00,SHORT,140.66,141.08,sl,-0.003991,0,0.6547,2
2022-04-02 15:05:00,SHORT,139.57,138.87,tp,0.004025,1,0.7305,2
2022-04-02 15:10:00,SHORT,138.95,138.26,tp,0.004025,1,0.6856,2
2022-04-02 15:35:00,LONG,137.77,138.46,tp,0.004,1,0.7863,2
2022-04-02 15:50:00,LONG,137.34,138.03,tp,0.004,1,0.7628,2
2022-04-02 17:15:00,SHORT,139.43,138.73,tp,0.004025,1,0.7976,2
2022-04-02 17:55:00,SHORT,137.38,137.79,sl,-0.003991,0,0.7347,2
2022-04-02 18:10:00,LONG,135.23,135.9,tp,0.004,1,0.7857,2
2022-04-02 18:30:00,SHORT,136.41,135.73,tp,0.004025,1,0.7828,2
2022-04-02 18:50:00,LONG,135.74,135.33,sl,-0.004,0,0.6968,2
2022-04-02 19:35:00,SHORT,136.79,136.11,tp,0.004025,1,0.8142,2
2022-04-02 20:00:00,LONG,135.66,136.34,tp,0.004,1,0.82,2
2022-04-02 20:35:00,SHORT,137.2,136.52,tp,0.004025,1,0.7658,2
2022-04-02 20:50:00,SHORT,137.3,136.61,tp,0.004025,1,0.8431,2
2022-04-02 21:05:00,LONG,136.59,136.18,sl,-0.004,0,0.712,2
2022-04-02 21:30:00,LONG,136.18,136.86,tp,0.004,1,0.6661,2
2022-04-02 22:30:00,LONG,133.88,134.55,tp,0.004,1,0.8982,2
2022-04-02 23:00:00,LONG,133.85,134.52,tp,0.004,1,0.8838,2
2022-04-02 23:35:00,SHORT,133.61,132.95,tp,0.004025,1,0.7043,2
2022-04-03 00:30:00,LONG,133.73,133.33,sl,-0.004,0,0.7048,2
2022-04-03 00:45:00,SHORT,133.88,133.21,tp,0.004025,1,0.7315,2
2022-04-03 01:10:00,SHORT,131.57,130.92,tp,0.004025,1,0.7314,2
2022-04-03 02:05:00,SHORT,133.9,134.3,sl,-0.003991,0,0.8781,2
2022-04-03 02:30:00,SHORT,135.63,134.95,tp,0.004025,1,0.8541,2
2022-04-03 03:00:00,SHORT,134.83,134.16,tp,0.004025,1,0.8379,2
2022-04-03 03:30:00,SHORT,135.93,135.25,tp,0.004025,1,0.8948,2
2022-04-03 04:10:00,SHORT,136.5,135.82,tp,0.004025,1,0.9086,2
2022-04-03 04:30:00,SHORT,136.62,137.03,sl,-0.003991,0,0.8577,2
2022-04-03 04:45:00,LONG,136.42,137.1,tp,0.004,1,0.7004,2
2022-04-03 05:00:00,SHORT,137.03,137.44,sl,-0.003991,0,0.8894,2
2022-04-03 05:30:00,SHORT,138.78,138.09,tp,0.004025,1,0.8842,2
2022-04-03 06:10:00,SHORT,138.48,137.79,tp,0.004025,1,0.6865,2
2022-04-03 06:15:00,LONG,137.96,138.65,tp,0.004,1,0.7409,2
2022-04-03 06:25:00,SHORT,138.48,137.79,tp,0.004025,1,0.8497,2
2022-04-03 06:40:00,LONG,137.73,138.42,tp,0.004,1,0.6747,2
2022-04-03 07:20:00,LONG,136.78,137.46,tp,0.004,1,0.8515,2
2022-04-03 08:25:00,SHORT,138.0,137.31,tp,0.004025,1,0.7412,2
2022-04-03 09:30:00,LONG,138.35,139.04,tp,0.004,1,0.6975,2
2022-04-03 09:45:00,SHORT,140.21,139.51,tp,0.004025,1,0.782,2
2022-04-03 10:10:00,LONG,139.07,139.76,tp,0.004,1,0.8249,2
2022-04-03 10:30:00,SHORT,140.0,139.3,tp,0.004025,1,0.7849,2
2022-04-03 10:40:00,LONG,138.97,139.66,tp,0.004,1,0.6987,2
2022-04-03 11:40:00,SHORT,139.53,138.83,tp,0.004025,1,0.8181,2
2022-04-03 11:50:00,LONG,138.9,139.59,tp,0.004,1,0.7261,2
2022-04-03 12:30:00,LONG,139.11,138.69,sl,-0.004,0,0.6712,2
2022-04-03 12:40:00,SHORT,139.3,138.6,tp,0.004025,1,0.73,2
2022-04-03 13:10:00,LONG,137.65,138.34,tp,0.004,1,0.7924,2
2022-04-03 14:00:00,LONG,136.32,137.0,tp,0.004,1,0.8732,2
2022-04-03 14:20:00,SHORT,137.52,136.83,tp,0.004025,1,0.8078,2
2022-04-03 14:35:00,LONG,136.12,135.71,sl,-0.004,0,0.8193,2
2022-04-03 14:50:00,LONG,136.07,136.75,tp,0.004,1,0.7261,2
2022-04-03 15:05:00,SHORT,137.14,136.46,tp,0.004025,1,0.7351,2
2022-04-03 15:30:00,LONG,136.3,136.98,tp,0.004,1,0.7912,2
2022-04-03 15:45:00,SHORT,136.65,135.97,tp,0.004025,1,0.735,2
2022-04-03 16:10:00,SHORT,136.28,135.6,tp,0.004025,1,0.8172,2
2022-04-03 16:20:00,LONG,134.74,135.41,tp,0.004,1,0.9091,2
2022-04-03 16:40:00,SHORT,135.45,134.77,tp,0.004025,1,0.8333,2
2022-04-03 17:20:00,LONG,134.25,134.92,tp,0.004,1,0.8624,2
2022-04-03 17:55:00,SHORT,135.7,136.11,sl,-0.003991,0,0.7544,2
2022-04-03 18:35:00,SHORT,135.68,136.09,sl,-0.003991,0,0.7443,2
2022-04-03 19:45:00,SHORT,135.67,136.08,sl,-0.003991,0,0.6969,2
2022-04-03 20:00:00,LONG,135.4,136.07,tp,0.004,1,0.6881,2
2022-04-03 22:00:00,LONG,137.6,138.29,tp,0.004,1,0.6863,2
2022-04-03 22:55:00,SHORT,137.49,136.8,tp,0.004025,1,0.6663,2
2022-04-03 23:00:00,SHORT,136.55,135.87,tp,0.004025,1,0.6571,2
2022-04-03 23:05:00,SHORT,136.47,135.79,tp,0.004025,1,0.7084,2
2022-04-03 23:20:00,LONG,135.92,136.6,tp,0.004,1,0.7977,2
2022-04-03 23:55:00,SHORT,136.83,136.15,tp,0.004025,1,0.7429,2
2022-04-04 00:00:00,LONG,136.21,135.8,sl,-0.004,0,0.6923,2
2022-04-04 00:15:00,SHORT,135.32,134.65,tp,0.004025,1,0.6721,2
2022-04-04 00:35:00,SHORT,135.38,134.71,tp,0.004025,1,0.801,2
2022-04-04 01:00:00,LONG,134.87,134.46,sl,-0.004,0,0.7435,2
2022-04-04 02:25:00,LONG,135.27,135.94,tp,0.004,1,0.6689,2
2022-04-04 04:50:00,SHORT,136.08,135.4,tp,0.004025,1,0.7316,2
2022-04-04 05:00:00,LONG,135.28,135.95,tp,0.004,1,0.7127,2
2022-04-04 05:40:00,SHORT,136.49,135.81,tp,0.004025,1,0.6932,2
2022-04-04 07:00:00,SHORT,136.4,136.81,sl,-0.003991,0,0.7069,2
2022-04-04 07:15:00,LONG,135.99,136.67,tp,0.004,1,0.6911,2
2022-04-04 07:35:00,LONG,136.91,137.59,tp,0.004,1,0.7868,2
2022-04-04 07:40:00,SHORT,137.74,137.05,tp,0.004025,1,0.6642,2
2022-04-04 08:20:00,LONG,136.4,137.08,tp,0.004,1,0.7253,2
2022-04-04 09:05:00,LONG,136.25,136.93,tp,0.004,1,0.6636,2
2022-04-04 10:05:00,LONG,134.65,135.32,tp,0.004,1,0.7957,2
2022-04-04 10:20:00,SHORT,135.31,134.64,tp,0.004025,1,0.6828,2
2022-04-04 10:40:00,LONG,133.53,134.19,tp,0.004,1,0.8139,2
2022-04-04 11:15:00,SHORT,134.94,134.27,tp,0.004025,1,0.7472,2
2022-04-04 11:20:00,LONG,134.4,135.07,tp,0.004,1,0.7635,2
2022-04-04 11:40:00,LONG,134.48,135.15,tp,0.004,1,0.7315,2
2022-04-04 12:15:00,LONG,135.0,134.59,sl,-0.004,0,0.7379,2
2022-04-04 12:20:00,SHORT,135.33,134.66,tp,0.004025,1,0.8081,2
2022-04-04 12:50:00,LONG,132.6,132.2,sl,-0.004,0,0.8877,2
2022-04-04 13:15:00,SHORT,131.85,132.25,sl,-0.003991,0,0.659,2
2022-04-04 13:30:00,LONG,131.32,131.97,tp,0.004,1,0.8548,2
2022-04-04 14:25:00,LONG,132.52,132.12,sl,-0.004,0,0.7317,2
2022-04-04 15:05:00,SHORT,129.55,128.9,tp,0.004025,1,0.7636,2
2022-04-04 16:00:00,LONG,129.08,129.73,tp,0.004,1,0.8274,2
2022-04-04 16:15:00,SHORT,130.34,129.69,tp,0.004025,1,0.8199,2
2022-04-04 16:40:00,LONG,129.19,129.84,tp,0.004,1,0.7628,2
2022-04-04 16:45:00,SHORT,130.0,129.35,tp,0.004025,1,0.8027,2
2022-04-04 17:15:00,SHORT,129.99,129.34,tp,0.004025,1,0.7998,2
2022-04-04 17:55:00,SHORT,127.43,126.79,tp,0.004025,1,0.7029,2
2022-04-04 18:05:00,LONG,126.64,127.28,tp,0.004,1,0.8136,2
2022-04-04 19:35:00,SHORT,130.41,130.81,sl,-0.003991,0,0.7221,2
2022-04-04 20:55:00,LONG,130.78,131.43,tp,0.004,1,0.7005,2
2022-04-04 22:25:00,LONG,130.4,131.05,tp,0.004,1,0.7705,2
2022-04-04 22:45:00,LONG,132.37,131.97,sl,-0.004,0,0.6833,2
2022-04-04 23:20:00,LONG,132.44,132.04,sl,-0.004,0,0.6601,2
2022-04-04 23:30:00,SHORT,132.78,132.12,tp,0.004025,1,0.8493,2
2022-04-05 00:20:00,SHORT,131.94,131.28,tp,0.004025,1,0.6555,2
2022-04-05 00:35:00,LONG,130.89,130.49,sl,-0.004,0,0.6731,2
2022-04-05 01:25:00,LONG,130.85,131.5,tp,0.004,1,0.7499,2
2022-04-05 01:45:00,SHORT,131.82,132.22,sl,-0.003991,0,0.7671,2
2022-04-05 02:00:00,SHORT,131.92,132.32,sl,-0.003991,0,0.6831,2
2022-04-05 02:25:00,SHORT,132.31,132.71,sl,-0.003991,0,0.6806,2
2022-04-05 02:30:00,LONG,131.93,132.59,tp,0.004,1,0.7218,2
2022-04-05 03:10:00,SHORT,132.9,133.3,sl,-0.003991,0,0.6884,2
2022-04-05 04:10:00,SHORT,133.61,132.95,tp,0.004025,1,0.7823,2
2022-04-05 05:05:00,SHORT,133.93,133.26,tp,0.004025,1,0.7187,2
2022-04-05 05:45:00,LONG,132.9,132.76,timeout,-0.002,0,0.6799,2
2022-04-05 06:45:00,SHORT,132.76,132.1,tp,0.004025,1,0.6879,2
2022-04-05 06:50:00,LONG,132.02,132.68,tp,0.004,1,0.6836,2
2022-04-05 07:05:00,SHORT,132.62,133.02,sl,-0.003991,0,0.6804,2
2022-04-05 08:45:00,LONG,132.35,133.01,tp,0.004,1,0.6821,2
2022-04-05 08:55:00,SHORT,132.73,133.13,sl,-0.003991,0,0.7213,2
2022-04-05 10:25:00,LONG,131.99,132.65,tp,0.004,1,0.6783,2
2022-04-05 10:40:00,SHORT,133.44,132.78,tp,0.004025,1,0.7583,2
2022-04-05 12:10:00,LONG,134.42,135.09,tp,0.004,1,0.6756,2
2022-04-05 12:25:00,SHORT,136.27,135.59,tp,0.004025,1,0.8676,2
2022-04-05 12:40:00,LONG,135.78,135.37,sl,-0.004,0,0.7217,2
2022-04-05 13:25:00,LONG,132.52,133.18,tp,0.004,1,0.8897,2
2022-04-05 14:05:00,SHORT,130.96,130.31,tp,0.004025,1,0.6763,2
2022-04-05 14:15:00,SHORT,130.88,130.23,tp,0.004025,1,0.7147,2
2022-04-05 14:20:00,LONG,130.55,130.15,sl,-0.004,0,0.7984,2
2022-04-05 14:40:00,LONG,129.61,130.26,tp,0.004,1,0.9264,2
2022-04-05 15:10:00,SHORT,130.75,130.1,tp,0.004025,1,0.8417,2
2022-04-05 15:55:00,LONG,131.58,131.18,sl,-0.004,0,0.7213,2
2022-04-05 16:00:00,LONG,130.65,131.3,tp,0.004,1,0.7776,2
2022-04-05 16:05:00,LONG,132.92,132.52,sl,-0.004,0,0.6725,2
2022-04-05 17:00:00,SHORT,133.12,133.52,sl,-0.003991,0,0.8131,2
2022-04-05 17:50:00,LONG,131.85,132.51,tp,0.004,1,0.8415,2
2022-04-05 18:10:00,LONG,131.73,132.38,tp,0.004,1,0.7142,2
2022-04-05 18:40:00,LONG,131.13,130.73,sl,-0.004,0,0.7905,2
2022-04-05 19:10:00,SHORT,129.97,129.33,tp,0.004025,1,0.6758,2
2022-04-05 19:25:00,SHORT,131.66,131.01,tp,0.004025,1,0.8415,2
2022-04-05 19:45:00,LONG,130.51,131.16,tp,0.004,1,0.8168,2
2022-04-05 20:40:00,LONG,129.28,129.93,tp,0.004,1,0.699,2
2022-04-05 21:30:00,LONG,129.24,129.89,tp,0.004,1,0.779,2
2022-04-05 21:55:00,SHORT,129.81,129.16,tp,0.004025,1,0.6784,2
2022-04-05 22:05:00,LONG,129.48,130.13,tp,0.004,1,0.7326,2
2022-04-05 22:10:00,SHORT,130.01,129.36,tp,0.004025,1,0.6772,2
2022-04-05 22:55:00,SHORT,128.58,127.93,tp,0.004025,1,0.6647,2
2022-04-05 23:25:00,LONG,127.08,127.72,tp,0.004,1,0.8816,2
2022-04-05 23:35:00,SHORT,127.84,127.2,tp,0.004025,1,0.7443,2
2022-04-05 23:50:00,LONG,126.62,126.24,sl,-0.004,0,0.773,2
2022-04-06 00:10:00,LONG,122.77,123.39,tp,0.004,1,0.6831,2
2022-04-06 00:15:00,LONG,122.03,122.64,tp,0.004,1,0.7298,2
2022-04-06 00:20:00,LONG,123.5,124.12,tp,0.004,1,0.7112,2
2022-04-06 00:25:00,LONG,123.94,124.56,tp,0.004,1,0.6591,2
2022-04-06 00:30:00,SHORT,124.3,124.67,sl,-0.003991,0,0.8376,2
2022-04-06 01:00:00,LONG,124.54,125.16,tp,0.004,1,0.8661,2
2022-04-06 01:05:00,SHORT,125.05,124.42,tp,0.004025,1,0.838,2
2022-04-06 01:20:00,SHORT,125.27,124.64,tp,0.004025,1,0.8235,2
2022-04-06 02:30:00,LONG,125.71,125.34,sl,-0.004,0,0.6735,2
2022-04-06 03:10:00,LONG,124.13,123.76,sl,-0.004,0,0.7609,2
2022-04-06 03:25:00,LONG,123.87,124.49,tp,0.004,1,0.8634,2
2022-04-06 03:40:00,SHORT,124.59,123.96,tp,0.004025,1,0.6589,2
2022-04-06 04:00:00,LONG,123.38,124.0,tp,0.004,1,0.8853,2
2022-04-06 04:40:00,SHORT,125.28,125.65,sl,-0.003991,0,0.8028,2
2022-04-06 05:05:00,LONG,125.74,126.37,tp,0.004,1,0.6522,2
2022-04-06 05:50:00,SHORT,126.74,126.1,tp,0.004025,1,0.8264,2
2022-04-06 06:20:00,LONG,125.72,126.35,tp,0.004,1,0.6852,2
2022-04-06 07:00:00,SHORT,127.04,126.4,tp,0.004025,1,0.7267,2
2022-04-06 07:35:00,LONG,125.93,125.56,sl,-0.004,0,0.7536,2
2022-04-06 07:45:00,SHORT,126.28,125.65,tp,0.004025,1,0.6786,2
2022-04-06 08:10:00,LONG,124.69,125.32,tp,0.004,1,0.8709,2
2022-04-06 08:35:00,LONG,125.07,124.7,sl,-0.004,0,0.7242,2
2022-04-06 09:20:00,LONG,124.06,123.69,sl,-0.004,0,0.782,2
2022-04-06 09:50:00,LONG,123.95,124.57,tp,0.004,1,0.6595,2
2022-04-06 10:25:00,SHORT,123.85,123.23,tp,0.004025,1,0.7999,2
2022-04-06 11:00:00,SHORT,121.75,121.14,tp,0.004025,1,0.6524,2
2022-04-06 11:10:00,LONG,120.27,120.87,tp,0.004,1,0.9136,2
2022-04-06 11:25:00,LONG,119.95,120.55,tp,0.004,1,0.8302,2
2022-04-06 11:45:00,SHORT,122.5,121.89,tp,0.004025,1,0.8833,2
2022-04-06 12:05:00,LONG,120.79,121.39,tp,0.004,1,0.8726,2
2022-04-06 12:30:00,LONG,122.04,122.65,tp,0.004,1,0.8203,2
2022-04-06 12:40:00,SHORT,122.92,122.3,tp,0.004025,1,0.8661,2
2022-04-06 13:00:00,LONG,122.64,122.27,sl,-0.004,0,0.6931,2
2022-04-06 13:05:00,SHORT,122.7,123.07,sl,-0.003991,0,0.7711,2
2022-04-06 13:15:00,LONG,122.54,122.17,sl,-0.004,0,0.6665,2
2022-04-06 13:50:00,SHORT,119.46,119.82,sl,-0.003991,0,0.6574,2
2022-04-06 14:05:00,LONG,118.33,117.97,sl,-0.004,0,0.7217,2
2022-04-06 14:15:00,SHORT,118.64,118.05,tp,0.004025,1,0.7814,2
2022-04-06 14:30:00,SHORT,118.33,118.69,sl,-0.003991,0,0.7182,2
2022-04-06 15:10:00,SHORT,116.66,116.08,tp,0.004025,1,0.6557,2
2022-04-06 16:05:00,SHORT,118.01,117.42,tp,0.004025,1,0.8767,2
2022-04-06 16:20:00,LONG,116.6,116.25,sl,-0.004,0,0.7875,2
2022-04-06 16:35:00,LONG,115.05,115.62,tp,0.004,1,0.8995,2
2022-04-06 16:55:00,SHORT,116.13,115.55,tp,0.004025,1,0.7299,2
2022-04-06 17:00:00,LONG,115.45,115.1,sl,-0.004,0,0.7896,2
2022-04-06 17:25:00,SHORT,116.33,116.68,sl,-0.003991,0,0.7147,2
2022-04-06 18:00:00,SHORT,119.52,118.92,tp,0.004025,1,0.9096,2
2022-04-06 18:20:00,LONG,115.55,116.13,tp,0.004,1,0.8577,2
2022-04-06 19:00:00,SHORT,118.99,118.4,tp,0.004025,1,0.7647,2
2022-04-06 19:30:00,LONG,117.63,118.22,tp,0.004,1,0.859,2
2022-04-06 19:45:00,SHORT,119.04,119.4,sl,-0.003991,0,0.8524,2
2022-04-06 20:05:00,SHORT,119.04,118.45,tp,0.004025,1,0.7161,2
2022-04-06 20:15:00,LONG,118.17,118.76,tp,0.004,1,0.7464,2
2022-04-06 20:30:00,SHORT,118.77,118.18,tp,0.004025,1,0.8782,2
2022-04-06 20:50:00,SHORT,118.73,119.09,sl,-0.003991,0,0.7764,2
2022-04-06 21:25:00,SHORT,118.73,118.14,tp,0.004025,1,0.6604,2
2022-04-06 22:00:00,LONG,117.55,117.2,sl,-0.004,0,0.6768,2
2022-04-06 22:10:00,SHORT,117.74,117.15,tp,0.004025,1,0.7649,2
2022-04-06 22:40:00,LONG,115.64,115.29,sl,-0.004,0,0.845,2
2022-04-06 23:40:00,SHORT,113.93,113.36,tp,0.004025,1,0.74,2
2022-04-06 23:45:00,SHORT,112.98,112.42,tp,0.004025,1,0.7413,2
2022-04-06 23:50:00,LONG,112.39,112.95,tp,0.004,1,0.9291,2
2022-04-07 00:35:00,SHORT,114.47,113.9,tp,0.004025,1,0.6901,2
2022-04-07 00:55:00,LONG,111.99,112.55,tp,0.004,1,0.715,2
2022-04-07 01:10:00,SHORT,113.39,112.83,tp,0.004025,1,0.7902,2
2022-04-07 01:20:00,LONG,113.0,113.56,tp,0.004,1,0.698,2
2022-04-07 01:45:00,LONG,114.23,113.88,sl,-0.004,0,0.6843,2
2022-04-07 02:00:00,SHORT,114.15,113.58,tp,0.004025,1,0.6686,2
2022-04-07 02:25:00,LONG,112.89,113.45,tp,0.004,1,0.8666,2
2022-04-07 02:35:00,SHORT,114.25,113.68,tp,0.004025,1,0.804,2
2022-04-07 03:00:00,SHORT,114.57,114.0,tp,0.004025,1,0.8469,2
2022-04-07 03:30:00,LONG,113.55,114.11,tp,0.004,1,0.6698,2
2022-04-07 03:45:00,LONG,113.59,114.15,tp,0.004,1,0.8212,2
2022-04-07 04:15:00,LONG,113.83,114.4,tp,0.004,1,0.7565,2
2022-04-07 06:00:00,SHORT,114.18,113.61,tp,0.004025,1,0.7094,2
2022-04-07 06:10:00,LONG,113.78,114.35,tp,0.004,1,0.7583,2
2022-04-07 06:25:00,SHORT,114.38,114.73,sl,-0.003991,0,0.7466,2
2022-04-07 06:45:00,SHORT,115.04,114.47,tp,0.004025,1,0.8157,2
2022-04-07 06:55:00,LONG,114.29,114.86,tp,0.004,1,0.7641,2
2022-04-07 07:35:00,SHORT,116.1,116.45,sl,-0.003991,0,0.8837,2
2022-04-07 07:45:00,LONG,115.97,116.55,tp,0.004,1,0.6508,2
2022-04-07 08:10:00,SHORT,116.62,116.04,tp,0.004025,1,0.8505,2
2022-04-07 08:20:00,LONG,116.19,115.84,sl,-0.004,0,0.7103,2
2022-04-07 08:55:00,SHORT,116.45,115.87,tp,0.004025,1,0.8187,2
2022-04-07 09:25:00,LONG,114.31,114.88,tp,0.004,1,0.7847,2
2022-04-07 10:15:00,LONG,114.51,115.08,tp,0.004,1,0.8089,2
2022-04-07 10:35:00,LONG,114.75,115.32,tp,0.004,1,0.6509,2
2022-04-07 10:50:00,SHORT,115.25,115.6,sl,-0.003991,0,0.7074,2
2022-04-07 11:15:00,SHORT,115.66,116.01,sl,-0.003991,0,0.71,2
2022-04-07 11:45:00,SHORT,117.25,117.6,sl,-0.003991,0,0.7877,2
2022-04-07 12:00:00,LONG,117.67,118.26,tp,0.004,1,0.7004,2
2022-04-07 12:05:00,SHORT,118.17,117.58,tp,0.004025,1,0.852,2
2022-04-07 12:45:00,SHORT,117.04,116.46,tp,0.004025,1,0.7248,2
2022-04-07 14:00:00,SHORT,117.1,116.52,tp,0.004025,1,0.7794,2
2022-04-07 14:25:00,LONG,116.14,115.79,sl,-0.004,0,0.6756,2
2022-04-07 14:55:00,LONG,114.97,115.54,tp,0.004,1,0.6546,2
2022-04-07 15:00:00,SHORT,115.05,114.48,tp,0.004025,1,0.7755,2
2022-04-07 15:10:00,SHORT,113.82,114.16,sl,-0.003991,0,0.7153,2
2022-04-07 15:30:00,LONG,112.26,112.82,tp,0.004,1,0.7998,2
2022-04-07 16:10:00,SHORT,114.0,113.43,tp,0.004025,1,0.8704,2
2022-04-07 16:20:00,LONG,113.2,113.76,tp,0.004,1,0.7872,2
2022-04-07 16:35:00,SHORT,114.44,113.87,tp,0.004025,1,0.7525,2
2022-04-07 16:50:00,LONG,113.62,114.18,tp,0.004,1,0.72,2
2022-04-07 17:15:00,LONG,115.34,115.91,tp,0.004,1,0.8694,2
2022-04-07 17:25:00,SHORT,115.81,115.23,tp,0.004025,1,0.8254,2
2022-04-07 17:45:00,LONG,115.28,115.85,tp,0.004,1,0.7027,2
2022-04-07 18:30:00,LONG,116.75,117.33,tp,0.004,1,0.7104,2
2022-04-07 18:35:00,SHORT,117.54,116.95,tp,0.004025,1,0.8925,2
2022-04-07 19:35:00,SHORT,118.0,118.35,sl,-0.003991,0,0.8423,2
2022-04-07 19:50:00,SHORT,117.99,117.4,tp,0.004025,1,0.6943,2
2022-04-07 20:15:00,SHORT,117.61,117.96,sl,-0.003991,0,0.7132,2
2022-04-07 20:45:00,SHORT,118.32,117.73,tp,0.004025,1,0.6599,2
2022-04-07 20:50:00,SHORT,118.46,117.87,tp,0.004025,1,0.6505,2
2022-04-07 21:20:00,LONG,116.84,117.42,tp,0.004,1,0.8336,2
2022-04-07 22:30:00,SHORT,118.26,118.62,sl,-0.003991,0,0.6976,2
2022-04-07 22:55:00,LONG,118.6,118.24,sl,-0.004,0,0.672,2
2022-04-07 23:30:00,LONG,118.85,119.44,tp,0.004,1,0.6884,2
2022-04-08 00:15:00,SHORT,121.14,120.53,tp,0.004025,1,0.895,2
2022-04-08 00:35:00,SHORT,120.82,120.22,tp,0.004025,1,0.8786,2
2022-04-08 01:10:00,SHORT,120.69,121.05,sl,-0.003991,0,0.9013,2
2022-04-08 01:35:00,SHORT,121.05,121.41,sl,-0.003991,0,0.7633,2
2022-04-08 01:50:00,SHORT,121.06,121.42,sl,-0.003991,0,0.7171,2
2022-04-08 02:00:00,LONG,121.03,121.64,tp,0.004,1,0.6549,2
2022-04-08 02:25:00,SHORT,121.54,121.9,sl,-0.003991,0,0.6872,2
2022-04-08 02:30:00,LONG,121.28,121.89,tp,0.004,1,0.6564,2
2022-04-08 02:40:00,SHORT,121.54,121.9,sl,-0.003991,0,0.8194,2
2022-04-08 03:10:00,SHORT,121.89,122.25,sl,-0.003991,0,0.7392,2
2022-04-08 03:25:00,SHORT,122.21,121.6,tp,0.004025,1,0.747,2
2022-04-08 03:35:00,SHORT,121.88,122.24,sl,-0.003991,0,0.6988,2
2022-04-08 03:55:00,SHORT,122.02,121.41,tp,0.004025,1,0.7351,2
2022-04-08 04:45:00,LONG,121.51,121.15,sl,-0.004,0,0.6941,2
2022-04-08 05:00:00,LONG,120.96,121.57,tp,0.004,1,0.703,2
2022-04-08 05:10:00,SHORT,121.5,121.86,sl,-0.003991,0,0.6755,2
2022-04-08 05:30:00,LONG,121.35,120.99,sl,-0.004,0,0.7068,2
2022-04-08 05:40:00,SHORT,121.7,121.09,tp,0.004025,1,0.6712,2
2022-04-08 07:40:00,LONG,117.21,117.79,tp,0.004,1,0.7407,2
2022-04-08 08:00:00,SHORT,118.84,118.25,tp,0.004025,1,0.7421,2
2022-04-08 08:05:00,LONG,118.35,118.94,tp,0.004,1,0.7478,2
2022-04-08 08:15:00,SHORT,119.56,118.96,tp,0.004025,1,0.8713,2
2022-04-08 08:45:00,SHORT,120.0,119.4,tp,0.004025,1,0.8841,2
2022-04-08 09:05:00,LONG,119.0,119.59,tp,0.004,1,0.7286,2
2022-04-08 09:15:00,SHORT,119.55,118.95,tp,0.004025,1,0.7536,2
2022-04-08 09:55:00,SHORT,118.88,118.29,tp,0.004025,1,0.7331,2
2022-04-08 10:10:00,SHORT,117.41,116.82,tp,0.004025,1,0.6581,2
2022-04-08 10:40:00,LONG,116.8,116.45,sl,-0.004,0,0.8132,2
2022-04-08 10:55:00,SHORT,117.07,116.49,tp,0.004025,1,0.8322,2
2022-04-08 11:00:00,LONG,116.04,116.62,tp,0.004,1,0.8338,2
2022-04-08 11:55:00,LONG,115.34,115.91,tp,0.004,1,0.7182,2
2022-04-08 12:50:00,LONG,115.17,114.82,sl,-0.004,0,0.7656,2
2022-04-08 13:30:00,SHORT,113.95,114.29,sl,-0.003991,0,0.7177,2
2022-04-08 13:40:00,LONG,113.38,113.94,tp,0.004,1,0.7513,2
2022-04-08 14:05:00,SHORT,115.83,115.25,tp,0.004025,1,0.8882,2
2022-04-08 14:30:00,SHORT,117.05,116.47,tp,0.004025,1,0.8344,2
2022-04-08 14:45:00,LONG,116.12,116.7,tp,0.004,1,0.8511,2
2022-04-08 14:55:00,LONG,117.3,117.89,tp,0.004,1,0.7437,2
2022-04-08 15:00:00,LONG,117.79,118.38,tp,0.004,1,0.7258,2
2022-04-08 15:05:00,SHORT,117.84,118.19,sl,-0.003991,0,0.758,2
2022-04-08 15:15:00,LONG,117.91,117.56,sl,-0.004,0,0.68,2
2022-04-08 15:30:00,SHORT,118.34,117.75,tp,0.004025,1,0.8972,2
2022-04-08 16:30:00,LONG,115.4,115.97,tp,0.004,1,0.8751,2
2022-04-08 16:40:00,SHORT,115.57,114.99,tp,0.004025,1,0.7105,2
2022-04-08 17:15:00,LONG,114.02,114.59,tp,0.004,1,0.7538,2
2022-04-08 17:30:00,LONG,113.69,114.26,tp,0.004,1,0.8509,2
2022-04-08 17:55:00,SHORT,114.35,114.7,sl,-0.003991,0,0.7258,2
2022-04-08 18:10:00,LONG,113.39,113.05,sl,-0.004,0,0.7966,2
2022-04-08 18:50:00,SHORT,114.91,114.34,tp,0.004025,1,0.8252,2
2022-04-08 19:50:00,LONG,113.26,113.82,tp,0.004,1,0.7729,2
2022-04-08 20:10:00,SHORT,113.77,113.2,tp,0.004025,1,0.6774,2
2022-04-08 20:20:00,LONG,113.05,113.61,tp,0.004,1,0.7553,2
2022-04-08 21:00:00,SHORT,113.24,112.68,tp,0.004025,1,0.6689,2
2022-04-08 21:05:00,LONG,113.1,112.76,sl,-0.004,0,0.6842,2
2022-04-08 21:20:00,SHORT,113.33,112.77,tp,0.004025,1,0.6885,2
2022-04-08 22:40:00,LONG,111.1,110.76,sl,-0.004,0,0.7167,2
2022-04-08 23:05:00,SHORT,109.56,109.01,tp,0.004025,1,0.6663,2
2022-04-08 23:10:00,SHORT,109.37,108.82,tp,0.004025,1,0.7167,2
2022-04-08 23:25:00,LONG,108.22,108.77,tp,0.004,1,0.911,2
2022-04-09 00:00:00,SHORT,110.46,109.91,tp,0.004025,1,0.8645,2
2022-04-09 00:15:00,LONG,110.45,110.11,sl,-0.004,0,0.6571,2
2022-04-09 00:25:00,SHORT,110.83,111.17,sl,-0.003991,0,0.8293,2
2022-04-09 00:55:00,SHORT,111.67,111.12,tp,0.004025,1,0.9077,2
2022-04-09 01:00:00,SHORT,111.57,111.02,tp,0.004025,1,0.6696,2
2022-04-09 01:10:00,LONG,111.28,110.94,sl,-0.004,0,0.7241,2
2022-04-09 03:10:00,SHORT,109.67,109.12,tp,0.004025,1,0.8565,2
2022-04-09 03:25:00,LONG,109.1,109.65,tp,0.004,1,0.7762,2
2022-04-09 03:50:00,SHORT,109.73,109.18,tp,0.004025,1,0.8316,2
2022-04-09 04:15:00,SHORT,109.94,110.27,sl,-0.003991,0,0.8424,2
2022-04-09 04:55:00,LONG,109.5,110.05,tp,0.004,1,0.7313,2
2022-04-09 05:25:00,LONG,109.97,110.52,tp,0.004,1,0.7195,2
2022-04-09 05:55:00,SHORT,110.96,110.41,tp,0.004025,1,0.8143,2
2022-04-09 06:40:00,LONG,110.06,110.61,tp,0.004,1,0.6507,2
2022-04-09 07:30:00,LONG,110.13,110.68,tp,0.004,1,0.6993,2
2022-04-09 08:05:00,LONG,110.41,110.96,tp,0.004,1,0.6714,2
2022-04-09 08:15:00,SHORT,110.65,110.99,sl,-0.003991,0,0.7354,2
2022-04-09 08:25:00,LONG,110.46,111.01,tp,0.004,1,0.6683,2
2022-04-09 09:25:00,LONG,110.61,110.27,sl,-0.004,0,0.6801,2
2022-04-09 10:10:00,LONG,109.95,109.63,sl,-0.004,0,0.7073,2
2022-04-09 10:45:00,LONG,109.88,110.43,tp,0.004,1,0.7462,2
2022-04-09 11:50:00,LONG,110.34,110.89,tp,0.004,1,0.6824,2
2022-04-09 12:00:00,SHORT,110.43,110.77,sl,-0.003991,0,0.6502,2
2022-04-09 12:15:00,LONG,110.23,110.78,tp,0.004,1,0.6969,2
2022-04-09 12:40:00,SHORT,111.2,111.54,sl,-0.003991,0,0.728,2
2022-04-09 13:45:00,SHORT,111.52,110.97,tp,0.004025,1,0.7787,2
2022-04-09 14:05:00,SHORT,111.65,111.1,tp,0.004025,1,0.7484,2
2022-04-09 14:45:00,LONG,110.56,110.22,sl,-0.004,0,0.6542,2
2022-04-09 15:00:00,SHORT,110.76,110.21,tp,0.004025,1,0.6921,2
2022-04-09 16:50:00,SHORT,110.46,110.8,sl,-0.003991,0,0.6576,2
2022-04-09 17:30:00,SHORT,110.82,110.27,tp,0.004025,1,0.651,2
2022-04-09 18:00:00,SHORT,110.82,110.27,tp,0.004025,1,0.6595,2
2022-04-09 18:35:00,SHORT,110.27,109.72,tp,0.004025,1,0.6692,2
2022-04-09 19:10:00,SHORT,110.42,109.87,tp,0.004025,1,0.7067,2
2022-04-09 19:45:00,SHORT,110.06,110.4,sl,-0.003991,0,0.6974,2
2022-04-09 20:15:00,SHORT,110.68,110.13,tp,0.004025,1,0.7094,2
2022-04-09 21:10:00,SHORT,109.89,110.21,sl,-0.003991,0,0.6509,2
2022-04-09 21:40:00,SHORT,110.58,110.92,sl,-0.003991,0,0.6969,2
2022-04-09 23:30:00,SHORT,113.31,112.75,tp,0.004025,1,0.8684,2
2022-04-09 23:50:00,SHORT,113.16,112.6,tp,0.004025,1,0.825,2
2022-04-10 00:20:00,LONG,111.88,111.54,sl,-0.004,0,0.6706,2
2022-04-10 00:35:00,LONG,111.81,111.47,sl,-0.004,0,0.6882,2
2022-04-10 00:45:00,SHORT,112.05,111.49,tp,0.004025,1,0.757,2
2022-04-10 02:00:00,SHORT,112.56,112.9,sl,-0.003991,0,0.7217,2
2022-04-10 02:25:00,SHORT,112.84,113.18,sl,-0.003991,0,0.7345,2
2022-04-10 02:50:00,SHORT,113.17,113.51,sl,-0.003991,0,0.7581,2
2022-04-10 03:15:00,SHORT,113.6,113.04,tp,0.004025,1,0.6684,2
2022-04-10 04:55:00,SHORT,113.14,113.48,sl,-0.003991,0,0.6641,2
2022-04-10 05:25:00,LONG,112.12,111.78,sl,-0.004,0,0.7196,2
2022-04-10 06:05:00,LONG,111.79,112.34,tp,0.004,1,0.7958,2
2022-04-10 06:25:00,LONG,111.87,112.43,tp,0.004,1,0.6627,2
2022-04-10 08:35:00,SHORT,111.89,111.33,tp,0.004025,1,0.683,2
2022-04-10 08:55:00,SHORT,111.87,111.31,tp,0.004025,1,0.6868,2
2022-04-10 10:00:00,LONG,110.02,110.32,timeout,0.001725,1,0.6533,2
2022-04-10 10:15:00,SHORT,110.42,110.76,sl,-0.003991,0,0.7062,2
2022-04-10 10:35:00,LONG,110.07,110.62,tp,0.004,1,0.7009,2
2022-04-10 10:50:00,LONG,110.23,110.78,tp,0.004,1,0.6694,2
2022-04-10 11:20:00,SHORT,110.85,111.19,sl,-0.003991,0,0.6942,2
2022-04-10 12:05:00,SHORT,111.63,111.08,tp,0.004025,1,0.8005,2
2022-04-10 12:40:00,SHORT,111.39,110.84,tp,0.004025,1,0.6723,2
2022-04-10 13:10:00,SHORT,111.2,110.65,tp,0.004025,1,0.7265,2
2022-04-10 13:50:00,SHORT,110.93,111.27,sl,-0.003991,0,0.6655,2
2022-04-10 14:20:00,SHORT,111.61,111.95,sl,-0.003991,0,0.7023,2
2022-04-10 15:05:00,SHORT,112.45,111.89,tp,0.004025,1,0.7977,2
2022-04-10 15:20:00,LONG,111.9,112.46,tp,0.004,1,0.6819,2
2022-04-10 15:45:00,SHORT,112.44,112.78,sl,-0.003991,0,0.7654,2
2022-04-10 16:00:00,SHORT,112.48,111.92,tp,0.004025,1,0.6581,2
2022-04-10 18:00:00,LONG,115.03,115.6,tp,0.004,1,0.6755,2
2022-04-10 18:05:00,LONG,115.27,115.84,tp,0.004,1,0.6724,2
2022-04-10 18:10:00,SHORT,115.84,115.26,tp,0.004025,1,0.8385,2
2022-04-10 18:30:00,SHORT,115.71,115.13,tp,0.004025,1,0.8222,2
2022-04-10 19:05:00,LONG,114.38,114.95,tp,0.004,1,0.7004,2
2022-04-10 19:20:00,SHORT,114.78,115.13,sl,-0.003991,0,0.6959,2
2022-04-10 20:35:00,SHORT,115.1,114.53,tp,0.004025,1,0.6607,2
2022-04-10 20:50:00,SHORT,114.65,114.08,tp,0.004025,1,0.6793,2
2022-04-10 21:20:00,SHORT,114.65,114.08,tp,0.004025,1,0.7056,2
2022-04-10 22:15:00,LONG,112.21,111.87,sl,-0.004,0,0.7625,2
2022-04-10 22:35:00,SHORT,111.38,111.72,sl,-0.003991,0,0.6754,2
2022-04-10 22:45:00,LONG,110.87,111.42,tp,0.004,1,0.7435,2
2022-04-10 22:55:00,SHORT,111.39,110.84,tp,0.004025,1,0.76,2
2022-04-10 23:35:00,SHORT,112.3,111.74,tp,0.004025,1,0.696,2
2022-04-11 00:20:00,LONG,109.81,110.36,tp,0.004,1,0.7404,2
2022-04-11 02:00:00,LONG,110.65,111.2,tp,0.004,1,0.7665,2
2022-04-11 02:10:00,SHORT,110.96,110.41,tp,0.004025,1,0.6692,2
2022-04-11 02:50:00,SHORT,108.81,109.13,sl,-0.003991,0,0.7429,2
2022-04-11 03:20:00,SHORT,109.32,108.77,tp,0.004025,1,0.845,2
2022-04-11 03:30:00,LONG,109.01,109.56,tp,0.004,1,0.7136,2
2022-04-11 04:10:00,LONG,109.66,110.21,tp,0.004,1,0.7256,2
2022-04-11 04:20:00,SHORT,110.08,110.42,sl,-0.003991,0,0.6961,2
2022-04-11 04:35:00,LONG,109.98,110.53,tp,0.004,1,0.6636,2
2022-04-11 04:45:00,SHORT,110.9,111.24,sl,-0.003991,0,0.8224,2
2022-04-11 05:10:00,LONG,110.75,111.3,tp,0.004,1,0.6906,2
2022-04-11 05:25:00,LONG,111.08,110.74,sl,-0.004,0,0.6795,2
2022-04-11 05:35:00,SHORT,111.22,110.67,tp,0.004025,1,0.7534,2
2022-04-11 06:25:00,LONG,109.93,110.48,tp,0.004,1,0.7245,2
2022-04-11 07:30:00,SHORT,110.73,111.07,sl,-0.003991,0,0.6918,2
2022-04-11 08:00:00,SHORT,111.45,110.9,tp,0.004025,1,0.6549,2
2022-04-11 08:35:00,LONG,109.46,110.01,tp,0.004,1,0.8794,2
2022-04-11 09:15:00,SHORT,107.93,107.39,tp,0.004025,1,0.7534,2
2022-04-11 09:30:00,LONG,106.44,106.98,tp,0.004,1,0.797,2
2022-04-11 09:35:00,SHORT,106.93,106.39,tp,0.004025,1,0.8044,2
2022-04-11 09:45:00,SHORT,106.07,105.54,tp,0.004025,1,0.6686,2
2022-04-11 10:00:00,LONG,105.32,105.85,tp,0.004,1,0.707,2
2022-04-11 10:30:00,LONG,105.12,104.81,sl,-0.004,0,0.7615,2
2022-04-11 10:55:00,SHORT,105.68,105.15,tp,0.004025,1,0.7522,2
2022-04-11 11:40:00,SHORT,104.76,104.23,tp,0.004025,1,0.7725,2
2022-04-11 12:05:00,SHORT,103.52,103.0,tp,0.004025,1,0.6712,2
2022-04-11 12:35:00,LONG,103.91,103.6,sl,-0.004,0,0.7381,2
2022-04-11 13:30:00,LONG,101.86,102.37,tp,0.004,1,0.7982,2
2022-04-11 14:00:00,SHORT,103.15,102.63,tp,0.004025,1,0.7137,2
2022-04-11 14:45:00,LONG,101.72,102.23,tp,0.004,1,0.7493,2
2022-04-11 15:15:00,SHORT,102.65,102.14,tp,0.004025,1,0.7836,2
2022-04-11 15:30:00,LONG,102.17,101.86,sl,-0.004,0,0.6939,2
2022-04-11 16:15:00,SHORT,102.78,102.26,tp,0.004025,1,0.8719,2
2022-04-11 16:30:00,LONG,101.88,102.39,tp,0.004,1,0.7217,2
2022-04-11 17:05:00,SHORT,103.68,103.16,tp,0.004025,1,0.8666,2
2022-04-11 17:15:00,LONG,102.59,102.28,sl,-0.004,0,0.8093,2
2022-04-11 17:40:00,LONG,102.21,102.72,tp,0.004,1,0.8475,2
2022-04-11 17:50:00,SHORT,102.74,103.05,sl,-0.003991,0,0.8579,2
2022-04-11 18:05:00,SHORT,102.75,102.23,tp,0.004025,1,0.7916,2
2022-04-11 18:15:00,LONG,102.08,102.59,tp,0.004,1,0.8461,2
2022-04-11 18:30:00,SHORT,102.89,102.37,tp,0.004025,1,0.8816,2
2022-04-11 18:40:00,LONG,102.49,103.0,tp,0.004,1,0.754,2
2022-04-11 19:30:00,SHORT,100.82,101.12,sl,-0.003991,0,0.7132,2
2022-04-11 20:05:00,LONG,100.85,101.35,tp,0.004,1,0.7724,2
2022-04-11 20:40:00,LONG,101.54,102.05,tp,0.004,1,0.7977,2
2022-04-11 21:05:00,LONG,100.55,101.05,tp,0.004,1,0.87,2
2022-04-11 21:35:00,SHORT,98.81,99.11,sl,-0.003991,0,0.6571,2
2022-04-11 21:40:00,SHORT,99.41,98.91,tp,0.004025,1,0.6737,2
2022-04-11 21:50:00,LONG,98.72,98.42,sl,-0.004,0,0.7561,2
2022-04-11 22:00:00,SHORT,98.87,98.38,tp,0.004025,1,0.7574,2
2022-04-11 22:35:00,SHORT,101.24,100.73,tp,0.004025,1,0.8893,2
2022-04-11 23:00:00,SHORT,100.21,99.71,tp,0.004025,1,0.7863,2
2022-04-11 23:50:00,LONG,99.26,99.76,tp,0.004,1,0.7531,2
2022-04-12 00:00:00,SHORT,100.37,99.87,tp,0.004025,1,0.8541,2
2022-04-12 00:10:00,LONG,99.74,100.24,tp,0.004,1,0.7325,2
2022-04-12 00:30:00,LONG,100.22,100.72,tp,0.004,1,0.6899,2
2022-04-12 00:45:00,SHORT,100.74,100.24,tp,0.004025,1,0.7663,2
2022-04-12 01:00:00,LONG,99.93,100.43,tp,0.004,1,0.765,2
2022-04-12 01:50:00,LONG,99.87,100.37,tp,0.004,1,0.7847,2
2022-04-12 02:10:00,SHORT,100.38,99.88,tp,0.004025,1,0.7059,2
2022-04-12 02:30:00,LONG,98.69,99.18,tp,0.004,1,0.8111,2
2022-04-12 03:30:00,LONG,98.84,99.33,tp,0.004,1,0.7986,2
2022-04-12 04:10:00,LONG,99.48,99.98,tp,0.004,1,0.6808,2
2022-04-12 04:40:00,SHORT,100.96,101.26,sl,-0.003991,0,0.8135,2
2022-04-12 05:00:00,SHORT,101.51,101.0,tp,0.004025,1,0.883,2
2022-04-12 05:05:00,LONG,101.27,101.78,tp,0.004,1,0.7001,2
2022-04-12 05:25:00,SHORT,102.26,102.57,sl,-0.003991,0,0.781,2
2022-04-12 05:35:00,LONG,101.98,102.49,tp,0.004,1,0.6709,2
2022-04-12 06:00:00,LONG,102.72,103.23,tp,0.004,1,0.7931,2
2022-04-12 06:15:00,SHORT,103.0,102.48,tp,0.004025,1,0.8248,2
2022-04-12 07:25:00,SHORT,102.68,102.99,sl,-0.003991,0,0.7988,2
2022-04-12 08:10:00,SHORT,103.43,102.91,tp,0.004025,1,0.8641,2
2022-04-12 08:30:00,LONG,103.14,102.83,sl,-0.004,0,0.6799,2
2022-04-12 08:45:00,SHORT,103.05,102.53,tp,0.004025,1,0.7293,2
2022-04-12 09:05:00,LONG,102.31,102.82,tp,0.004,1,0.7617,2
2022-04-12 09:55:00,SHORT,103.12,102.6,tp,0.004025,1,0.6927,2
2022-04-12 10:45:00,LONG,102.85,103.37,tp,0.004,1,0.6787,2
2022-04-12 11:15:00,LONG,104.41,104.1,sl,-0.004,0,0.7146,2
2022-04-12 11:35:00,SHORT,104.96,104.43,tp,0.004025,1,0.7869,2
2022-04-12 11:45:00,LONG,104.66,105.19,tp,0.004,1,0.7894,2
2022-04-12 12:05:00,SHORT,106.22,105.69,tp,0.004025,1,0.8727,2
2022-04-12 12:20:00,LONG,105.44,105.97,tp,0.004,1,0.7273,2
2022-04-12 12:50:00,LONG,107.92,107.6,sl,-0.004,0,0.6675,2
2022-04-12 12:55:00,LONG,107.89,107.57,sl,-0.004,0,0.7294,2
2022-04-12 13:05:00,SHORT,108.31,107.76,tp,0.004025,1,0.8026,2
2022-04-12 13:30:00,SHORT,108.43,107.88,tp,0.004025,1,0.6523,2
2022-04-12 13:35:00,LONG,108.1,107.78,sl,-0.004,0,0.7944,2
2022-04-12 14:25:00,LONG,105.14,105.67,tp,0.004,1,0.8996,2
2022-04-12 14:35:00,SHORT,106.37,105.83,tp,0.004025,1,0.7873,2
2022-04-12 14:50:00,LONG,105.76,106.29,tp,0.004,1,0.7949,2
2022-04-12 15:20:00,SHORT,107.08,106.54,tp,0.004025,1,0.8796,2
2022-04-12 15:35:00,LONG,106.47,106.15,sl,-0.004,0,0.7396,2
2022-04-12 16:05:00,LONG,105.91,106.44,tp,0.004,1,0.7209,2
2022-04-12 16:15:00,SHORT,106.77,106.23,tp,0.004025,1,0.8517,2
2022-04-12 17:00:00,LONG,105.1,105.63,tp,0.004,1,0.7664,2
2022-04-12 17:15:00,SHORT,105.56,105.03,tp,0.004025,1,0.7733,2
2022-04-12 17:50:00,SHORT,103.73,104.04,sl,-0.003991,0,0.7136,2
2022-04-12 18:00:00,SHORT,103.56,103.87,sl,-0.003991,0,0.7128,2
2022-04-12 18:05:00,SHORT,103.75,103.23,tp,0.004025,1,0.6936,2
2022-04-12 18:15:00,LONG,102.96,102.65,sl,-0.004,0,0.8125,2
2022-04-12 19:05:00,SHORT,100.79,101.09,sl,-0.003991,0,0.6816,2
2022-04-12 19:55:00,LONG,101.05,101.56,tp,0.004,1,0.7625,2
2022-04-12 20:30:00,SHORT,102.4,101.89,tp,0.004025,1,0.8394,2
2022-04-12 20:40:00,LONG,101.61,101.31,sl,-0.004,0,0.7806,2
2022-04-12 22:45:00,LONG,101.64,102.15,tp,0.004,1,0.7379,2
2022-04-12 23:05:00,SHORT,102.38,102.69,sl,-0.003991,0,0.8133,2
2022-04-12 23:25:00,LONG,103.1,102.79,sl,-0.004,0,0.7752,2
2022-04-12 23:40:00,LONG,103.12,103.64,tp,0.004,1,0.7174,2
2022-04-12 23:50:00,SHORT,103.46,103.77,sl,-0.003991,0,0.8318,2
2022-04-13 00:10:00,SHORT,104.08,103.56,tp,0.004025,1,0.9178,2
2022-04-13 00:45:00,SHORT,103.71,103.19,tp,0.004025,1,0.7194,2
2022-04-13 01:20:00,LONG,102.03,102.54,tp,0.004,1,0.9074,2
2022-04-13 01:45:00,LONG,102.57,103.08,tp,0.004,1,0.8094,2
2022-04-13 02:15:00,LONG,102.2,102.71,tp,0.004,1,0.8109,2
2022-04-13 03:20:00,SHORT,104.8,104.27,tp,0.004025,1,0.8621,2
2022-04-13 04:25:00,LONG,103.21,103.73,tp,0.004,1,0.7079,2
2022-04-13 04:40:00,LONG,103.25,103.77,tp,0.004,1,0.7198,2
2022-04-13 05:15:00,SHORT,103.95,104.26,sl,-0.003991,0,0.6745,2
2022-04-13 07:25:00,SHORT,104.06,103.75,timeout,0.00195,1,0.7446,2
2022-04-13 08:30:00,LONG,103.81,103.5,sl,-0.004,0,0.7193,2
2022-04-13 09:20:00,SHORT,103.87,103.35,tp,0.004025,1,0.6572,2
2022-04-13 09:40:00,LONG,102.74,103.26,tp,0.004,1,0.8479,2
2022-04-13 10:00:00,LONG,103.06,102.75,sl,-0.004,0,0.73,2
2022-04-13 10:25:00,LONG,102.05,101.74,sl,-0.004,0,0.6882,2
2022-04-13 12:30:00,LONG,101.24,100.94,sl,-0.004,0,0.8322,2
2022-04-13 12:40:00,SHORT,101.36,100.85,tp,0.004025,1,0.7157,2
2022-04-13 13:55:00,SHORT,103.93,103.41,tp,0.004025,1,0.7926,2
2022-04-13 14:15:00,SHORT,104.64,104.11,tp,0.004025,1,0.892,2
2022-04-13 14:30:00,LONG,103.0,103.52,tp,0.004,1,0.7702,2
2022-04-13 15:05:00,SHORT,104.51,104.82,sl,-0.003991,0,0.8868,2
2022-04-13 15:30:00,SHORT,105.66,105.13,tp,0.004025,1,0.8553,2
2022-04-13 15:35:00,LONG,105.18,104.87,sl,-0.004,0,0.7725,2
2022-04-13 15:50:00,SHORT,105.12,105.43,sl,-0.003991,0,0.6622,2
2022-04-13 16:15:00,SHORT,105.7,105.17,tp,0.004025,1,0.8416,2
2022-04-13 16:35:00,LONG,104.48,105.0,tp,0.004,1,0.7789,2
2022-04-13 17:00:00,LONG,104.17,104.69,tp,0.004,1,0.82,2
2022-04-13 17:20:00,SHORT,104.56,104.03,tp,0.004025,1,0.7886,2
2022-04-13 17:35:00,LONG,103.95,104.47,tp,0.004,1,0.6997,2
2022-04-13 17:50:00,SHORT,104.2,104.51,sl,-0.003991,0,0.7785,2
2022-04-13 18:25:00,SHORT,105.08,105.39,sl,-0.003991,0,0.7229,2
2022-04-13 19:40:00,SHORT,104.28,103.76,tp,0.004025,1,0.6882,2
2022-04-13 20:20:00,SHORT,104.77,105.08,sl,-0.003991,0,0.7537,2
2022-04-13 20:45:00,SHORT,105.2,104.67,tp,0.004025,1,0.8268,2
2022-04-13 21:45:00,LONG,104.29,104.81,tp,0.004,1,0.6654,2
2022-04-13 22:05:00,LONG,104.2,104.72,tp,0.004,1,0.7057,2
2022-04-13 22:45:00,SHORT,105.33,104.8,tp,0.004025,1,0.7657,2
2022-04-13 23:30:00,SHORT,105.03,105.34,sl,-0.003991,0,0.7711,2
2022-04-14 00:05:00,SHORT,105.03,105.34,sl,-0.003991,0,0.7352,2
2022-04-14 00:15:00,SHORT,104.77,105.08,sl,-0.003991,0,0.6609,2
2022-04-14 00:35:00,SHORT,105.12,105.43,sl,-0.003991,0,0.6726,2
2022-04-14 01:25:00,SHORT,106.63,106.09,tp,0.004025,1,0.8588,2
2022-04-14 01:55:00,SHORT,107.08,106.54,tp,0.004025,1,0.8076,2
2022-04-14 03:00:00,SHORT,106.27,105.74,tp,0.004025,1,0.6742,2
2022-04-14 03:20:00,SHORT,105.81,106.12,sl,-0.003991,0,0.7385,2
2022-04-14 04:15:00,SHORT,106.74,107.06,sl,-0.003991,0,0.7004,2
2022-04-14 07:45:00,SHORT,107.0,106.46,tp,0.004025,1,0.7495,2
2022-04-14 08:10:00,SHORT,107.01,106.47,tp,0.004025,1,0.6797,2
2022-04-14 08:30:00,SHORT,106.74,106.2,tp,0.004025,1,0.7332,2
2022-04-14 09:40:00,SHORT,105.96,105.43,tp,0.004025,1,0.7307,2
2022-04-14 10:10:00,LONG,105.57,105.26,sl,-0.004,0,0.6678,2
2022-04-14 11:50:00,LONG,103.61,104.13,tp,0.004,1,0.7547,2
2022-04-14 12:20:00,SHORT,104.34,104.65,sl,-0.003991,0,0.6878,2
2022-04-14 12:50:00,SHORT,105.23,105.54,sl,-0.003991,0,0.8334,2
2022-04-14 13:05:00,SHORT,105.58,105.05,tp,0.004025,1,0.8272,2
2022-04-14 13:20:00,LONG,104.87,105.4,tp,0.004,1,0.7881,2
2022-04-14 13:50:00,SHORT,103.16,102.64,tp,0.004025,1,0.6648,2
2022-04-14 14:05:00,LONG,102.64,103.15,tp,0.004,1,0.7495,2
2022-04-14 14:30:00,SHORT,103.16,102.64,tp,0.004025,1,0.6914,2
2022-04-14 15:00:00,SHORT,102.81,102.29,tp,0.004025,1,0.6953,2
2022-04-14 15:50:00,SHORT,101.25,101.55,sl,-0.003991,0,0.6771,2
2022-04-14 16:00:00,LONG,101.41,101.92,tp,0.004,1,0.7051,2
2022-04-14 16:30:00,SHORT,100.52,100.02,tp,0.004025,1,0.6583,2
2022-04-14 17:35:00,SHORT,100.45,100.75,sl,-0.003991,0,0.7154,2
2022-04-14 18:10:00,SHORT,100.72,100.22,tp,0.004025,1,0.7602,2
2022-04-14 18:35:00,LONG,99.64,99.34,sl,-0.004,0,0.7653,2
2022-04-14 18:55:00,SHORT,98.98,99.28,sl,-0.003991,0,0.6502,2
2022-04-14 20:40:00,SHORT,99.64,99.94,sl,-0.003991,0,0.6639,2
2022-04-14 22:10:00,SHORT,101.18,100.67,tp,0.004025,1,0.8151,2
2022-04-14 23:15:00,SHORT,100.66,100.96,sl,-0.003991,0,0.7212,2
2022-04-14 23:40:00,SHORT,100.88,101.18,sl,-0.003991,0,0.7588,2
2022-04-15 00:05:00,LONG,101.13,101.64,tp,0.004,1,0.694,2
2022-04-15 00:10:00,LONG,101.26,100.96,sl,-0.004,0,0.6759,2
2022-04-15 00:40:00,SHORT,99.98,100.28,sl,-0.003991,0,0.6754,2
2022-04-15 01:35:00,LONG,100.16,100.66,tp,0.004,1,0.6986,2
2022-04-15 01:50:00,SHORT,100.79,100.64,timeout,0.000483,1,0.7738,2
2022-04-15 03:30:00,SHORT,101.29,101.59,sl,-0.003991,0,0.6948,2
2022-04-15 04:15:00,SHORT,102.4,101.89,tp,0.004025,1,0.8361,2
2022-04-15 07:20:00,LONG,100.72,101.22,tp,0.004,1,0.7469,2
2022-04-15 07:50:00,SHORT,102.04,101.53,tp,0.004025,1,0.7777,2
2022-04-15 10:10:00,SHORT,101.62,101.92,sl,-0.003991,0,0.6772,2
2022-04-15 10:25:00,SHORT,101.65,101.95,sl,-0.003991,0,0.702,2
2022-04-15 12:20:00,SHORT,101.84,101.33,tp,0.004025,1,0.7058,2
2022-04-15 13:50:00,LONG,100.4,100.1,sl,-0.004,0,0.8775,2
2022-04-15 15:05:00,SHORT,101.91,102.21,sl,-0.003991,0,0.6713,2
2022-04-15 15:40:00,SHORT,102.81,102.29,tp,0.004025,1,0.818,2
2022-04-15 16:40:00,LONG,102.3,101.99,sl,-0.004,0,0.6702,2
2022-04-15 17:05:00,SHORT,102.63,102.12,tp,0.004025,1,0.7577,2
2022-04-15 18:30:00,SHORT,101.96,101.45,tp,0.004025,1,0.7006,2
2022-04-15 19:55:00,LONG,100.44,100.94,tp,0.004,1,0.7493,2
2022-04-15 20:20:00,LONG,100.55,101.05,tp,0.004,1,0.7279,2
2022-04-16 01:00:00,SHORT,101.7,102.0,sl,-0.003991,0,0.7788,2
2022-04-16 02:25:00,SHORT,101.85,101.34,tp,0.004025,1,0.7408,2
2022-04-16 03:15:00,LONG,101.09,101.28,timeout,0.000868,1,0.6593,2
2022-04-16 11:15:00,LONG,102.22,101.91,sl,-0.004,0,0.6614,2
2022-04-16 15:35:00,LONG,101.0,101.51,tp,0.004,1,0.7794,2
2022-04-16 16:00:00,LONG,100.88,101.38,tp,0.004,1,0.8081,2
2022-04-16 19:35:00,SHORT,102.59,102.08,tp,0.004025,1,0.7372,2
2022-04-16 20:30:00,SHORT,102.0,102.3,sl,-0.003991,0,0.6799,2
2022-04-16 20:50:00,SHORT,102.37,101.86,tp,0.004025,1,0.6901,2
2022-04-16 23:40:00,SHORT,102.55,102.04,tp,0.004025,1,0.7054,2
2022-04-17 00:50:00,SHORT,101.96,102.26,sl,-0.003991,0,0.7035,2
2022-04-17 02:50:00,LONG,101.15,101.66,tp,0.004,1,0.6879,2
2022-04-17 09:05:00,SHORT,102.31,102.09,timeout,0.001133,1,0.6559,2
2022-04-17 10:35:00,SHORT,102.17,102.2,timeout,-0.001315,0,0.7062,2
2022-04-17 12:00:00,SHORT,102.57,102.56,timeout,-0.000928,0,0.6561,2
2022-04-17 13:15:00,SHORT,103.57,103.05,tp,0.004025,1,0.6908,2
2022-04-17 15:15:00,SHORT,104.9,105.21,sl,-0.003991,0,0.8121,2
2022-04-17 15:35:00,SHORT,104.79,105.1,sl,-0.003991,0,0.7499,2
2022-04-17 17:15:00,SHORT,104.78,104.25,tp,0.004025,1,0.6968,2
2022-04-17 17:25:00,LONG,104.2,104.72,tp,0.004,1,0.6831,2
2022-04-17 17:40:00,SHORT,104.57,104.04,tp,0.004025,1,0.6987,2
2022-04-17 18:05:00,LONG,103.02,102.99,timeout,-0.00132,0,0.7788,2
2022-04-17 18:20:00,SHORT,103.15,103.22,timeout,-0.001709,0,0.74,2
2022-04-17 18:40:00,SHORT,103.08,103.39,sl,-0.003991,0,0.6546,2
2022-04-17 19:15:00,SHORT,103.15,103.46,sl,-0.003991,0,0.7251,2
2022-04-17 19:45:00,SHORT,104.34,103.82,tp,0.004025,1,0.7792,2
2022-04-17 20:05:00,LONG,103.56,104.08,tp,0.004,1,0.7429,2
2022-04-17 20:35:00,SHORT,103.96,103.44,tp,0.004025,1,0.6547,2
2022-04-17 22:45:00,LONG,102.13,101.82,sl,-0.004,0,0.666,2
2022-04-17 23:05:00,LONG,101.19,100.89,sl,-0.004,0,0.6633,2
2022-04-17 23:25:00,SHORT,100.05,100.35,sl,-0.003991,0,0.687,2
2022-04-18 00:25:00,SHORT,100.84,100.34,tp,0.004025,1,0.7258,2
2022-04-18 01:10:00,SHORT,100.8,100.3,tp,0.004025,1,0.7024,2
2022-04-18 02:30:00,SHORT,101.32,101.62,sl,-0.003991,0,0.735,2
2022-04-18 04:20:00,LONG,96.23,95.94,sl,-0.004,0,0.7627,2
2022-04-18 05:05:00,LONG,95.38,95.85,tp,0.004,1,0.8797,2
2022-04-18 05:55:00,LONG,96.96,97.44,tp,0.004,1,0.6829,2
2022-04-18 07:20:00,LONG,96.4,96.11,sl,-0.004,0,0.7897,2
2022-04-18 07:45:00,LONG,95.85,96.33,tp,0.004,1,0.8527,2
2022-04-18 08:00:00,SHORT,96.48,96.0,tp,0.004025,1,0.743,2
2022-04-18 08:15:00,LONG,96.2,95.91,sl,-0.004,0,0.728,2
2022-04-18 09:20:00,LONG,95.42,95.89,tp,0.004,1,0.8113,2
2022-04-18 10:10:00,SHORT,96.8,97.09,sl,-0.003991,0,0.7641,2
2022-04-18 10:30:00,SHORT,96.77,97.06,sl,-0.003991,0,0.6984,2
2022-04-18 10:40:00,LONG,96.81,96.52,sl,-0.004,0,0.6551,2
2022-04-18 10:45:00,SHORT,96.9,96.42,tp,0.004025,1,0.735,2
2022-04-18 10:55:00,LONG,96.45,96.93,tp,0.004,1,0.7621,2
2022-04-18 11:15:00,SHORT,97.1,96.62,tp,0.004025,1,0.693,2
2022-04-18 11:55:00,LONG,96.84,97.32,tp,0.004,1,0.6569,2
2022-04-18 12:35:00,SHORT,98.36,98.66,sl,-0.003991,0,0.8215,2
2022-04-18 12:55:00,SHORT,98.38,98.68,sl,-0.003991,0,0.662,2
2022-04-18 13:00:00,LONG,98.48,98.18,sl,-0.004,0,0.6974,2
2022-04-18 13:30:00,LONG,98.63,98.33,sl,-0.004,0,0.7328,2
2022-04-18 13:50:00,LONG,98.22,97.92,sl,-0.004,0,0.6701,2
2022-04-18 14:35:00,LONG,98.55,99.04,tp,0.004,1,0.6916,2
2022-04-18 14:50:00,SHORT,98.96,98.47,tp,0.004025,1,0.7571,2
2022-04-18 15:10:00,SHORT,98.88,98.39,tp,0.004025,1,0.6818,2
2022-04-18 16:10:00,LONG,97.45,97.16,sl,-0.004,0,0.7448,2
2022-04-18 16:45:00,SHORT,99.01,99.31,sl,-0.003991,0,0.7882,2
2022-04-18 16:55:00,LONG,98.79,99.28,tp,0.004,1,0.7233,2
2022-04-18 17:05:00,LONG,99.61,100.11,tp,0.004,1,0.6579,2
2022-04-18 17:25:00,LONG,99.69,100.19,tp,0.004,1,0.7074,2
2022-04-18 18:00:00,SHORT,101.28,101.58,sl,-0.003991,0,0.787,2
2022-04-18 18:15:00,SHORT,101.94,101.43,tp,0.004025,1,0.7604,2
2022-04-18 18:45:00,LONG,101.49,101.19,sl,-0.004,0,0.6654,2
2022-04-18 19:20:00,SHORT,101.28,100.77,tp,0.004025,1,0.759,2
2022-04-18 20:05:00,SHORT,101.56,101.05,tp,0.004025,1,0.7436,2
2022-04-18 20:35:00,LONG,101.1,101.61,tp,0.004,1,0.6765,2
2022-04-18 20:45:00,SHORT,101.35,101.65,sl,-0.003991,0,0.7396,2
2022-04-18 21:05:00,SHORT,101.59,101.89,sl,-0.003991,0,0.7927,2
2022-04-18 21:20:00,SHORT,102.03,102.34,sl,-0.003991,0,0.7436,2
2022-04-18 21:35:00,SHORT,102.14,101.63,tp,0.004025,1,0.7204,2
2022-04-18 22:20:00,SHORT,101.88,101.37,tp,0.004025,1,0.7352,2
2022-04-18 22:55:00,SHORT,102.39,101.88,tp,0.004025,1,0.7053,2
2022-04-18 23:20:00,SHORT,102.41,101.9,tp,0.004025,1,0.6956,2
2022-04-18 23:35:00,LONG,101.86,102.37,tp,0.004,1,0.6614,2
2022-04-19 00:35:00,SHORT,103.45,103.76,sl,-0.003991,0,0.8034,2
2022-04-19 00:50:00,LONG,103.4,103.09,sl,-0.004,0,0.6944,2
2022-04-19 01:35:00,LONG,102.38,102.07,sl,-0.004,0,0.6689,2
2022-04-19 02:10:00,LONG,101.95,101.65,sl,-0.004,0,0.7701,2
2022-04-19 02:55:00,LONG,101.52,101.22,sl,-0.004,0,0.761,2
2022-04-19 03:25:00,SHORT,101.94,101.43,tp,0.004025,1,0.7169,2
2022-04-19 03:35:00,LONG,101.48,101.18,sl,-0.004,0,0.6562,2
2022-04-19 03:50:00,LONG,101.38,101.08,sl,-0.004,0,0.7278,2
2022-04-19 04:05:00,LONG,101.38,101.89,tp,0.004,1,0.667,2
2022-04-19 05:20:00,LONG,101.87,101.57,sl,-0.004,0,0.7134,2
2022-04-19 06:25:00,SHORT,102.05,101.54,tp,0.004025,1,0.7164,2
2022-04-19 08:10:00,LONG,102.25,101.94,sl,-0.004,0,0.7004,2
2022-04-19 08:15:00,LONG,102.33,102.02,sl,-0.004,0,0.6508,2
2022-04-19 12:00:00,LONG,102.55,103.06,tp,0.004,1,0.6534,2
2022-04-19 12:10:00,SHORT,103.21,103.52,sl,-0.003991,0,0.6793,2
2022-04-19 13:35:00,LONG,104.03,104.55,tp,0.004,1,0.7135,2
2022-04-19 14:00:00,SHORT,106.85,107.17,sl,-0.003991,0,0.8054,2
2022-04-19 14:40:00,LONG,106.46,107.0,tp,0.004,1,0.7209,2
2022-04-19 15:10:00,SHORT,107.93,107.39,tp,0.004025,1,0.734,2
2022-04-19 16:00:00,LONG,106.32,106.85,tp,0.004,1,0.6832,2
2022-04-19 16:05:00,SHORT,106.46,105.92,tp,0.004025,1,0.6766,2
2022-04-19 16:40:00,LONG,105.73,105.42,sl,-0.004,0,0.6678,2
2022-04-19 17:10:00,LONG,105.64,105.33,sl,-0.004,0,0.6789,2
2022-04-19 17:50:00,SHORT,106.34,105.81,tp,0.004025,1,0.7273,2
2022-04-19 19:20:00,SHORT,107.03,106.49,tp,0.004025,1,0.7551,2
2022-04-19 20:10:00,LONG,105.94,106.47,tp,0.004,1,0.6602,2
2022-04-19 20:20:00,SHORT,106.16,106.48,sl,-0.003991,0,0.7163,2
2022-04-19 20:45:00,LONG,107.38,107.92,tp,0.004,1,0.7515,2
2022-04-19 21:40:00,LONG,107.49,107.17,sl,-0.004,0,0.7474,2
2022-04-19 22:10:00,SHORT,107.75,108.07,sl,-0.003991,0,0.7546,2
2022-04-19 22:45:00,LONG,108.07,108.61,tp,0.004,1,0.6978,2
2022-04-19 23:00:00,LONG,107.85,108.39,tp,0.004,1,0.7158,2
2022-04-20 00:10:00,SHORT,109.2,108.65,tp,0.004025,1,0.7679,2
2022-04-20 00:25:00,LONG,107.73,108.27,tp,0.004,1,0.6589,2
2022-04-20 02:10:00,LONG,108.56,108.24,sl,-0.004,0,0.769,2
2022-04-20 02:45:00,LONG,108.11,108.65,tp,0.004,1,0.6516,2
2022-04-20 03:05:00,SHORT,108.71,108.16,tp,0.004025,1,0.7252,2
2022-04-20 04:45:00,SHORT,107.83,108.15,sl,-0.003991,0,0.6817,2
2022-04-20 05:40:00,SHORT,108.2,107.65,tp,0.004025,1,0.6501,2
2022-04-20 08:15:00,LONG,106.85,107.39,tp,0.004,1,0.7349,2
2022-04-20 10:05:00,LONG,108.27,108.82,tp,0.004,1,0.6634,2
2022-04-20 10:40:00,SHORT,109.8,110.12,sl,-0.003991,0,0.85,2
2022-04-20 11:10:00,LONG,109.46,110.01,tp,0.004,1,0.6779,2
2022-04-20 11:30:00,LONG,110.22,110.77,tp,0.004,1,0.7062,2
2022-04-20 12:55:00,SHORT,109.92,109.37,tp,0.004025,1,0.7019,2
2022-04-20 13:40:00,LONG,108.14,107.82,sl,-0.004,0,0.6532,2
2022-04-20 14:05:00,LONG,107.51,108.05,tp,0.004,1,0.7914,2
2022-04-20 14:15:00,SHORT,108.07,107.53,tp,0.004025,1,0.7836,2
2022-04-20 14:35:00,SHORT,108.02,107.48,tp,0.004025,1,0.7542,2
2022-04-20 15:10:00,SHORT,105.78,105.25,tp,0.004025,1,0.6907,2
2022-04-20 15:20:00,LONG,105.01,105.54,tp,0.004,1,0.8091,2
2022-04-20 16:05:00,SHORT,105.86,105.33,tp,0.004025,1,0.7278,2
2022-04-20 16:35:00,SHORT,106.24,106.56,sl,-0.003991,0,0.802,2
2022-04-20 17:30:00,SHORT,106.2,106.52,sl,-0.003991,0,0.6876,2
2022-04-20 17:40:00,LONG,106.27,105.95,sl,-0.004,0,0.6625,2
2022-04-20 17:45:00,SHORT,106.42,105.88,tp,0.004025,1,0.6697,2
2022-04-20 18:15:00,LONG,105.63,105.32,sl,-0.004,0,0.7843,2
2022-04-20 18:40:00,LONG,104.46,104.98,tp,0.004,1,0.8805,2
2022-04-20 19:15:00,SHORT,105.59,105.9,sl,-0.003991,0,0.788,2
2022-04-20 19:30:00,LONG,105.42,105.95,tp,0.004,1,0.7513,2
2022-04-20 20:15:00,LONG,105.81,106.34,tp,0.004,1,0.6707,2
2022-04-20 20:40:00,SHORT,107.14,107.46,sl,-0.003991,0,0.7967,2
2022-04-20 21:50:00,SHORT,107.18,107.5,sl,-0.003991,0,0.6972,2
2022-04-20 23:25:00,SHORT,106.27,105.74,tp,0.004025,1,0.677,2
2022-04-20 23:40:00,LONG,105.21,105.74,tp,0.004,1,0.8249,2
2022-04-21 00:10:00,SHORT,106.2,106.52,sl,-0.003991,0,0.783,2
2022-04-21 00:25:00,SHORT,106.4,106.72,sl,-0.003991,0,0.8222,2
2022-04-21 00:45:00,SHORT,106.67,106.13,tp,0.004025,1,0.6884,2
2022-04-21 01:35:00,SHORT,106.81,107.13,sl,-0.003991,0,0.7323,2
2022-04-21 03:00:00,LONG,106.25,106.78,tp,0.004,1,0.6853,2
2022-04-21 07:20:00,SHORT,106.33,106.65,sl,-0.003991,0,0.6841,2
2022-04-21 08:30:00,SHORT,106.97,107.29,sl,-0.003991,0,0.662,2
2022-04-21 09:40:00,LONG,105.93,106.46,tp,0.004,1,0.7557,2
2022-04-21 10:40:00,SHORT,108.31,108.63,sl,-0.003991,0,0.8186,2
2022-04-21 10:55:00,LONG,108.16,108.7,tp,0.004,1,0.7518,2
2022-04-21 11:50:00,LONG,108.35,108.03,sl,-0.004,0,0.6748,2
2022-04-21 12:00:00,SHORT,108.52,107.97,tp,0.004025,1,0.6615,2
2022-04-21 12:45:00,SHORT,108.85,109.17,sl,-0.003991,0,0.6814,2
2022-04-21 13:30:00,SHORT,109.82,109.27,tp,0.004025,1,0.8567,2
2022-04-21 14:05:00,LONG,107.97,108.51,tp,0.004,1,0.8153,2
2022-04-21 14:45:00,SHORT,109.36,108.81,tp,0.004025,1,0.6614,2
2022-04-21 16:00:00,SHORT,106.98,107.3,sl,-0.003991,0,0.6503,2
2022-04-21 16:45:00,SHORT,107.13,106.59,tp,0.004025,1,0.6705,2
2022-04-21 17:00:00,SHORT,106.51,105.97,tp,0.004025,1,0.6794,2
2022-04-21 17:35:00,LONG,106.0,106.53,tp,0.004,1,0.7385,2
2022-04-21 17:45:00,SHORT,106.31,105.78,tp,0.004025,1,0.7979,2
2022-04-21 18:00:00,LONG,105.71,106.24,tp,0.004,1,0.699,2
2022-04-21 18:35:00,SHORT,106.48,105.94,tp,0.004025,1,0.7436,2
2022-04-21 19:00:00,SHORT,105.0,105.31,sl,-0.003991,0,0.6694,2
2022-04-21 19:45:00,LONG,104.51,104.2,sl,-0.004,0,0.792,2
2022-04-21 21:05:00,SHORT,102.87,102.35,tp,0.004025,1,0.8309,2
2022-04-21 21:20:00,LONG,102.0,101.69,sl,-0.004,0,0.7301,2
2022-04-21 21:40:00,SHORT,102.42,101.91,tp,0.004025,1,0.7432,2
2022-04-21 22:15:00,SHORT,101.88,101.37,tp,0.004025,1,0.6983,2
2022-04-21 22:30:00,LONG,100.41,100.91,tp,0.004,1,0.6776,2
2022-04-21 23:10:00,SHORT,101.5,101.8,sl,-0.003991,0,0.7034,2
2022-04-22 00:30:00,SHORT,102.96,102.44,tp,0.004025,1,0.8816,2
2022-04-22 01:10:00,SHORT,102.72,102.21,tp,0.004025,1,0.8022,2
2022-04-22 01:35:00,SHORT,102.18,102.49,sl,-0.003991,0,0.6781,2
2022-04-22 02:35:00,SHORT,102.79,102.27,tp,0.004025,1,0.7829,2
2022-04-22 03:15:00,SHORT,102.61,102.92,sl,-0.003991,0,0.7675,2
2022-04-22 03:30:00,LONG,102.29,102.8,tp,0.004,1,0.702,2
2022-04-22 03:40:00,SHORT,102.6,102.91,sl,-0.003991,0,0.6672,2
2022-04-22 04:20:00,SHORT,103.1,103.41,sl,-0.003991,0,0.7019,2
2022-04-22 06:20:00,SHORT,103.47,102.95,tp,0.004025,1,0.7225,2
2022-04-22 07:30:00,LONG,101.65,102.16,tp,0.004,1,0.7431,2
2022-04-22 08:15:00,LONG,101.89,101.59,sl,-0.004,0,0.7629,2
2022-04-22 08:35:00,SHORT,102.13,101.62,tp,0.004025,1,0.6622,2
2022-04-22 09:35:00,LONG,101.05,100.75,sl,-0.004,0,0.7303,2
2022-04-22 10:05:00,LONG,100.18,100.68,tp,0.004,1,0.852,2
2022-04-22 11:15:00,SHORT,102.13,101.62,tp,0.004025,1,0.7827,2
2022-04-22 11:30:00,LONG,101.79,102.3,tp,0.004,1,0.7011,2
2022-04-22 12:05:00,SHORT,102.25,101.74,tp,0.004025,1,0.6686,2
2022-04-22 13:00:00,SHORT,102.05,101.54,tp,0.004025,1,0.7063,2
2022-04-22 13:15:00,LONG,101.77,102.28,tp,0.004,1,0.671,2
2022-04-22 13:50:00,SHORT,101.37,100.86,tp,0.004025,1,0.7197,2
2022-04-22 14:05:00,SHORT,101.39,100.88,tp,0.004025,1,0.7653,2
2022-04-22 14:20:00,LONG,100.04,100.54,tp,0.004,1,0.7969,2
2022-04-22 14:35:00,SHORT,100.56,100.06,tp,0.004025,1,0.691,2
2022-04-22 15:00:00,LONG,99.99,100.49,tp,0.004,1,0.7987,2
2022-04-22 16:45:00,SHORT,100.76,100.26,tp,0.004025,1,0.7249,2
2022-04-22 17:15:00,SHORT,100.93,100.42,tp,0.004025,1,0.8292,2
2022-04-22 18:00:00,LONG,99.99,100.49,tp,0.004,1,0.8316,2
2022-04-22 18:20:00,SHORT,101.24,100.73,tp,0.004025,1,0.73,2
2022-04-22 18:30:00,LONG,100.66,101.16,tp,0.004,1,0.7026,2
2022-04-22 19:15:00,SHORT,101.4,101.7,sl,-0.003991,0,0.6699,2
2022-04-22 19:30:00,SHORT,101.81,101.3,tp,0.004025,1,0.8161,2
2022-04-22 23:15:00,SHORT,100.9,100.4,tp,0.004025,1,0.679,2
2022-04-23 00:50:00,LONG,99.91,100.41,tp,0.004,1,0.8212,2
2022-04-23 01:30:00,SHORT,100.59,100.09,tp,0.004025,1,0.6615,2
2022-04-23 02:50:00,LONG,99.49,99.99,tp,0.004,1,0.8053,2
2022-04-23 03:20:00,SHORT,99.78,100.08,sl,-0.003991,0,0.6812,2
2022-04-23 07:30:00,SHORT,101.09,101.39,sl,-0.003991,0,0.7398,2
2022-04-23 08:00:00,SHORT,101.16,101.46,sl,-0.003991,0,0.6846,2
2022-04-23 10:40:00,LONG,101.34,101.85,tp,0.004,1,0.6792,2
2022-04-23 12:15:00,LONG,100.96,101.47,tp,0.004,1,0.7333,2
2022-04-23 13:05:00,LONG,102.17,101.86,sl,-0.004,0,0.6672,2
2022-04-23 13:20:00,SHORT,102.4,101.89,tp,0.004025,1,0.6576,2
2022-04-23 14:45:00,LONG,101.72,102.23,tp,0.004,1,0.6763,2
2022-04-23 14:55:00,SHORT,101.78,102.08,sl,-0.003991,0,0.6983,2
2022-04-23 20:00:00,SHORT,102.11,102.42,sl,-0.003991,0,0.6872,2
2022-04-23 23:55:00,LONG,100.68,100.76,timeout,-0.000213,0,0.7807,2
2022-04-24 02:15:00,SHORT,100.9,101.2,sl,-0.003991,0,0.6592,2
2022-04-24 06:00:00,SHORT,101.73,101.71,timeout,-0.00082,0,0.6964,2
2022-04-24 08:10:00,SHORT,101.83,102.05,timeout,-0.003175,0,0.7474,2
2022-04-24 08:45:00,SHORT,101.74,102.04,sl,-0.003991,0,0.7129,2
2022-04-24 09:30:00,SHORT,102.21,101.7,tp,0.004025,1,0.6771,2
2022-04-24 15:45:00,LONG,99.96,99.66,sl,-0.004,0,0.7801,2
2022-04-24 16:00:00,SHORT,100.07,99.57,tp,0.004025,1,0.6545,2
2022-04-24 16:35:00,LONG,99.24,98.94,sl,-0.004,0,0.6991,2
2022-04-24 17:20:00,LONG,98.91,99.4,tp,0.004,1,0.6658,2
2022-04-24 19:00:00,SHORT,100.89,100.39,tp,0.004025,1,0.6684,2
2022-04-24 22:00:00,LONG,99.67,100.17,tp,0.004,1,0.7279,2
2022-04-24 23:05:00,LONG,99.29,98.99,sl,-0.004,0,0.6945,2
2022-04-25 00:20:00,LONG,96.73,97.21,tp,0.004,1,0.7283,2
2022-04-25 01:00:00,LONG,96.63,96.34,sl,-0.004,0,0.8258,2
2022-04-25 01:40:00,SHORT,97.54,97.05,tp,0.004025,1,0.8262,2
2022-04-25 01:45:00,LONG,97.23,96.94,sl,-0.004,0,0.77,2
2022-04-25 02:00:00,SHORT,97.44,96.95,tp,0.004025,1,0.7397,2
2022-04-25 04:30:00,LONG,97.79,97.5,sl,-0.004,0,0.7515,2
2022-04-25 05:05:00,LONG,97.55,98.04,tp,0.004,1,0.7791,2
2022-04-25 06:10:00,LONG,96.7,97.18,tp,0.004,1,0.8291,2
2022-04-25 09:40:00,SHORT,95.49,95.5,timeout,-0.001058,0,0.7102,2
2022-04-25 10:15:00,LONG,95.27,94.98,sl,-0.004,0,0.7151,2
2022-04-25 10:35:00,LONG,95.35,95.06,sl,-0.004,0,0.7764,2
2022-04-25 11:15:00,LONG,95.05,95.52,tp,0.004,1,0.8231,2
2022-04-25 11:20:00,LONG,96.51,96.22,sl,-0.004,0,0.7425,2
2022-04-25 11:25:00,LONG,96.03,96.51,tp,0.004,1,0.6727,2
2022-04-25 11:30:00,LONG,96.02,96.5,tp,0.004,1,0.6868,2
2022-04-25 11:50:00,SHORT,96.75,97.04,sl,-0.003991,0,0.733,2
2022-04-25 12:10:00,LONG,96.6,97.08,tp,0.004,1,0.8505,2
2022-04-25 12:25:00,SHORT,97.29,96.8,tp,0.004025,1,0.6654,2
2022-04-25 12:30:00,LONG,96.95,96.66,sl,-0.004,0,0.8447,2
2022-04-25 13:05:00,LONG,96.39,96.87,tp,0.004,1,0.7194,2
2022-04-25 13:30:00,LONG,96.16,96.64,tp,0.004,1,0.7981,2
2022-04-25 13:35:00,SHORT,97.24,97.53,sl,-0.003991,0,0.6817,2
2022-04-25 14:05:00,LONG,96.92,96.63,sl,-0.004,0,0.6956,2
2022-04-25 14:20:00,LONG,97.01,97.49,tp,0.004,1,0.6853,2
2022-04-25 14:25:00,LONG,97.24,97.72,tp,0.004,1,0.658,2
2022-04-25 14:35:00,SHORT,97.82,97.33,tp,0.004025,1,0.6883,2
2022-04-25 15:25:00,LONG,97.77,97.48,sl,-0.004,0,0.6811,2
2022-04-25 16:15:00,LONG,98.07,98.56,tp,0.004,1,0.7876,2
2022-04-25 16:25:00,LONG,98.27,98.76,tp,0.004,1,0.6985,2
2022-04-25 16:40:00,LONG,98.74,98.44,sl,-0.004,0,0.6728,2
2022-04-25 16:50:00,SHORT,98.88,99.18,sl,-0.003991,0,0.7046,2
2022-04-25 17:35:00,LONG,98.53,99.02,tp,0.004,1,0.679,2
2022-04-25 17:50:00,SHORT,98.65,98.95,sl,-0.003991,0,0.7154,2
2022-04-25 18:00:00,LONG,98.64,99.13,tp,0.004,1,0.6572,2
2022-04-25 18:45:00,LONG,100.03,99.73,sl,-0.004,0,0.7085,2
2022-04-25 19:10:00,LONG,99.56,100.06,tp,0.004,1,0.6636,2
2022-04-25 20:00:00,SHORT,100.73,100.23,tp,0.004025,1,0.7906,2
2022-04-25 20:30:00,LONG,99.94,99.92,timeout,-0.001199,0,0.7405,2
2022-04-25 20:50:00,LONG,100.07,100.19,timeout,0.000198,1,0.6564,2
2022-04-25 23:15:00,SHORT,101.28,101.58,sl,-0.003991,0,0.731,2
2022-04-26 00:35:00,SHORT,101.64,101.13,tp,0.004025,1,0.7356,2
2022-04-26 00:40:00,SHORT,101.32,101.05,timeout,0.00166,1,0.6602,2
2022-04-26 01:20:00,SHORT,101.24,100.73,tp,0.004025,1,0.7039,2
2022-04-26 01:35:00,LONG,100.93,100.63,sl,-0.004,0,0.6693,2
2022-04-26 01:45:00,SHORT,100.94,100.43,tp,0.004025,1,0.6591,2
2022-04-26 02:05:00,SHORT,100.84,100.34,tp,0.004025,1,0.6823,2
2022-04-26 02:30:00,SHORT,100.68,100.98,sl,-0.003991,0,0.7071,2
2022-04-26 02:45:00,SHORT,100.69,100.99,sl,-0.003991,0,0.6826,2
2022-04-26 03:25:00,SHORT,101.1,101.4,sl,-0.003991,0,0.6957,2
2022-04-26 08:50:00,LONG,100.82,100.52,sl,-0.004,0,0.6711,2
2022-04-26 11:05:00,LONG,99.9,100.4,tp,0.004,1,0.7313,2
2022-04-26 12:50:00,LONG,100.27,99.97,sl,-0.004,0,0.7503,2
2022-04-26 14:20:00,LONG,98.07,97.77,sl,-0.004,0,0.7066,2
2022-04-26 15:00:00,SHORT,97.05,97.34,sl,-0.003991,0,0.6549,2
2022-04-26 15:10:00,SHORT,97.79,97.3,tp,0.004025,1,0.7746,2
2022-04-26 16:25:00,SHORT,97.42,96.93,tp,0.004025,1,0.7017,2
2022-04-26 16:35:00,LONG,96.85,97.33,tp,0.004,1,0.7044,2
2022-04-26 16:55:00,SHORT,97.57,97.08,tp,0.004025,1,0.8387,2
2022-04-26 17:20:00,LONG,96.39,96.87,tp,0.004,1,0.6956,2
2022-04-26 17:40:00,SHORT,97.42,96.93,tp,0.004025,1,0.7892,2
2022-04-26 17:55:00,SHORT,97.47,96.98,tp,0.004025,1,0.8418,2
2022-04-26 20:10:00,LONG,95.7,96.18,tp,0.004,1,0.8754,2
2022-04-26 20:40:00,SHORT,96.49,96.78,sl,-0.003991,0,0.7203,2
2022-04-26 20:50:00,LONG,96.3,96.78,tp,0.004,1,0.7673,2
2022-04-26 21:45:00,SHORT,97.37,96.88,tp,0.004025,1,0.6824,2
2022-04-26 22:40:00,LONG,96.56,96.27,sl,-0.004,0,0.7619,2
2022-04-26 23:15:00,LONG,94.73,95.2,tp,0.004,1,0.9112,2
2022-04-27 00:10:00,SHORT,96.01,95.53,tp,0.004025,1,0.6746,2
2022-04-27 00:20:00,LONG,95.99,95.7,sl,-0.004,0,0.7466,2
2022-04-27 01:35:00,SHORT,96.39,96.68,sl,-0.003991,0,0.7929,2
2022-04-27 02:05:00,LONG,96.24,96.72,tp,0.004,1,0.7076,2
2022-04-27 02:40:00,SHORT,97.09,96.61,tp,0.004025,1,0.7991,2
2022-04-27 02:55:00,SHORT,97.07,96.59,tp,0.004025,1,0.7773,2
2022-04-27 07:00:00,SHORT,98.63,98.14,tp,0.004025,1,0.7391,2
2022-04-27 08:00:00,SHORT,99.48,99.78,sl,-0.003991,0,0.8468,2
2022-04-27 08:15:00,SHORT,99.79,99.29,tp,0.004025,1,0.8468,2
2022-04-27 08:30:00,LONG,98.78,98.48,sl,-0.004,0,0.6822,2
2022-04-27 09:30:00,SHORT,99.27,99.57,sl,-0.003991,0,0.6573,2
2022-04-27 09:55:00,SHORT,99.7,100.0,sl,-0.003991,0,0.6824,2
2022-04-27 11:20:00,LONG,98.26,98.75,tp,0.004,1,0.7336,2
2022-04-27 12:05:00,SHORT,99.37,98.87,tp,0.004025,1,0.7123,2
2022-04-27 13:00:00,SHORT,98.55,98.06,tp,0.004025,1,0.7606,2
2022-04-27 13:05:00,LONG,98.26,98.75,tp,0.004,1,0.7353,2
2022-04-27 13:35:00,LONG,99.55,100.05,tp,0.004,1,0.7563,2
2022-04-27 14:45:00,SHORT,98.16,97.67,tp,0.004025,1,0.8181,2
2022-04-27 14:55:00,LONG,97.65,98.14,tp,0.004,1,0.8283,2
2022-04-27 15:20:00,LONG,97.67,98.16,tp,0.004,1,0.668,2
2022-04-27 15:40:00,SHORT,98.19,98.49,sl,-0.003991,0,0.7069,2
2022-04-27 16:15:00,LONG,98.39,98.88,tp,0.004,1,0.7823,2
2022-04-27 16:30:00,SHORT,98.9,98.41,tp,0.004025,1,0.8609,2
2022-04-27 17:05:00,SHORT,98.11,97.62,tp,0.004025,1,0.6956,2
2022-04-27 18:10:00,SHORT,98.41,97.92,tp,0.004025,1,0.7855,2
2022-04-27 19:40:00,SHORT,97.53,97.82,sl,-0.003991,0,0.6917,2
2022-04-27 20:00:00,LONG,97.37,97.86,tp,0.004,1,0.6563,2
2022-04-27 20:20:00,SHORT,98.27,98.35,timeout,-0.001796,0,0.796,2
2022-04-27 20:45:00,SHORT,98.15,98.45,sl,-0.003991,0,0.6736,2
2022-04-27 21:40:00,SHORT,98.7,98.21,tp,0.004025,1,0.6952,2
2022-04-27 22:05:00,SHORT,98.63,98.14,tp,0.004025,1,0.7412,2
2022-04-27 23:15:00,SHORT,98.15,98.45,sl,-0.003991,0,0.6696,2
2022-04-28 00:35:00,SHORT,99.09,99.39,sl,-0.003991,0,0.7375,2
2022-04-28 01:05:00,SHORT,99.67,99.17,tp,0.004025,1,0.7273,2
2022-04-28 01:15:00,LONG,99.23,98.93,sl,-0.004,0,0.6842,2
2022-04-28 02:40:00,SHORT,99.52,99.5,timeout,-0.000794,0,0.6891,2
2022-04-28 04:15:00,SHORT,99.36,99.66,sl,-0.003991,0,0.6562,2
2022-04-28 09:45:00,SHORT,100.44,99.94,tp,0.004025,1,0.6718,2
2022-04-28 11:40:00,LONG,99.79,99.49,sl,-0.004,0,0.7287,2
2022-04-28 12:05:00,SHORT,100.0,99.5,tp,0.004025,1,0.6543,2
2022-04-28 13:15:00,LONG,97.74,98.23,tp,0.004,1,0.8306,2
2022-04-28 13:50:00,SHORT,97.16,97.45,sl,-0.003991,0,0.6519,2
2022-04-28 14:00:00,LONG,96.58,97.06,tp,0.004,1,0.8265,2
2022-04-28 14:30:00,LONG,96.68,97.16,tp,0.004,1,0.7495,2
2022-04-28 15:20:00,LONG,97.44,97.93,tp,0.004,1,0.7454,2
2022-04-28 15:45:00,LONG,97.08,97.56,tp,0.004,1,0.7173,2
2022-04-28 15:50:00,SHORT,97.51,97.02,tp,0.004025,1,0.812,2
2022-04-28 16:45:00,SHORT,98.78,99.08,sl,-0.003991,0,0.8514,2
2022-04-28 17:10:00,SHORT,98.86,98.37,tp,0.004025,1,0.6978,2
2022-04-28 17:25:00,SHORT,99.11,99.41,sl,-0.003991,0,0.857,2
2022-04-28 18:00:00,SHORT,99.99,99.49,tp,0.004025,1,0.8461,2
2022-04-28 18:25:00,SHORT,99.48,98.98,tp,0.004025,1,0.7344,2
2022-04-28 19:00:00,LONG,98.98,99.47,tp,0.004,1,0.7153,2
2022-04-28 19:10:00,SHORT,99.41,98.91,tp,0.004025,1,0.6753,2
2022-04-28 22:10:00,LONG,97.71,97.42,sl,-0.004,0,0.7623,2
2022-04-28 23:15:00,SHORT,98.19,98.49,sl,-0.003991,0,0.6696,2
2022-04-29 00:15:00,SHORT,98.44,97.95,tp,0.004025,1,0.6681,2
2022-04-29 01:55:00,SHORT,98.41,97.92,tp,0.004025,1,0.6557,2
2022-04-29 03:10:00,LONG,97.41,97.12,sl,-0.004,0,0.6915,2
2022-04-29 05:45:00,LONG,97.51,97.22,sl,-0.004,0,0.7856,2
2022-04-29 09:30:00,LONG,96.79,96.5,sl,-0.004,0,0.7111,2
2022-04-29 10:45:00,LONG,95.51,95.99,tp,0.004,1,0.8588,2
2022-04-29 12:40:00,SHORT,96.33,95.85,tp,0.004025,1,0.7338,2
2022-04-29 13:10:00,LONG,95.61,96.09,tp,0.004,1,0.6965,2
2022-04-29 13:55:00,SHORT,96.73,96.25,tp,0.004025,1,0.6934,2
2022-04-29 15:30:00,SHORT,96.35,95.87,tp,0.004025,1,0.714,2
2022-04-29 16:25:00,SHORT,96.17,95.69,tp,0.004025,1,0.7117,2
2022-04-29 17:10:00,LONG,94.72,95.19,tp,0.004,1,0.8096,2
2022-04-29 18:20:00,LONG,94.29,94.76,tp,0.004,1,0.7122,2
2022-04-29 18:30:00,SHORT,94.67,94.2,tp,0.004025,1,0.7768,2
2022-04-29 18:45:00,LONG,93.35,93.81,tp,0.004,1,0.8121,2
2022-04-29 19:00:00,SHORT,93.91,93.44,tp,0.004025,1,0.8225,2
2022-04-29 19:10:00,LONG,93.54,94.0,tp,0.004,1,0.7405,2
2022-04-29 19:40:00,SHORT,93.57,93.11,tp,0.004025,1,0.6585,2
2022-04-29 19:50:00,LONG,92.61,93.07,tp,0.004,1,0.8335,2
2022-04-29 20:20:00,SHORT,93.38,93.66,sl,-0.003991,0,0.7682,2
2022-04-29 21:10:00,SHORT,94.12,94.41,sl,-0.003991,0,0.6684,2
2022-04-29 21:30:00,SHORT,94.38,93.91,tp,0.004025,1,0.761,2
2022-04-29 21:50:00,LONG,93.58,93.3,sl,-0.004,0,0.7243,2
2022-04-29 22:30:00,SHORT,93.92,94.2,sl,-0.003991,0,0.6513,2
2022-04-29 23:10:00,SHORT,94.26,93.79,tp,0.004025,1,0.7838,2
2022-04-30 00:20:00,LONG,94.44,94.15,sl,-0.004,0,0.7322,2
2022-04-30 00:25:00,SHORT,94.58,94.11,tp,0.004025,1,0.6576,2
2022-04-30 00:35:00,LONG,94.2,94.67,tp,0.004,1,0.6951,2
2022-04-30 02:05:00,SHORT,94.86,94.39,tp,0.004025,1,0.6573,2
2022-04-30 04:30:00,LONG,93.79,94.26,tp,0.004,1,0.71,2
2022-04-30 09:00:00,LONG,93.95,93.94,timeout,-0.001042,0,0.6569,2
2022-04-30 10:55:00,LONG,93.9,93.83,timeout,-0.00168,0,0.684,2
2022-04-30 12:40:00,LONG,93.64,93.36,sl,-0.004,0,0.698,2
2022-04-30 13:00:00,LONG,93.54,94.0,tp,0.004,1,0.6707,2
2022-04-30 13:45:00,LONG,93.03,93.49,tp,0.004,1,0.7467,2
2022-04-30 14:20:00,LONG,92.81,92.53,sl,-0.004,0,0.8321,2
2022-04-30 14:55:00,LONG,91.9,91.62,sl,-0.004,0,0.7618,2
2022-04-30 15:20:00,LONG,92.08,92.54,tp,0.004,1,0.7304,2
2022-04-30 16:00:00,LONG,92.14,91.86,sl,-0.004,0,0.7251,2
2022-04-30 16:15:00,LONG,92.22,91.94,sl,-0.004,0,0.6759,2
2022-04-30 17:00:00,LONG,91.24,90.96,sl,-0.004,0,0.6676,2
2022-04-30 17:50:00,LONG,90.52,90.97,tp,0.004,1,0.7899,2
2022-04-30 19:50:00,SHORT,91.72,91.27,tp,0.004025,1,0.7627,2
2022-04-30 22:05:00,LONG,88.59,89.04,tp,0.004,1,0.6747,2
2022-04-30 22:35:00,SHORT,87.75,87.31,tp,0.004025,1,0.6531,2
2022-04-30 22:40:00,SHORT,87.7,87.26,tp,0.004025,1,0.6583,2
2022-04-30 23:00:00,LONG,84.67,84.42,sl,-0.004,0,0.6737,2
2022-04-30 23:05:00,LONG,82.08,82.49,tp,0.004,1,0.6781,2
2022-04-30 23:10:00,LONG,83.9,84.32,tp,0.004,1,0.6867,2
2022-04-30 23:15:00,SHORT,84.41,83.99,tp,0.004025,1,0.8693,2
2022-04-30 23:50:00,SHORT,84.85,85.1,sl,-0.003991,0,0.7797,2
2022-05-01 00:05:00,SHORT,85.21,84.78,tp,0.004025,1,0.84,2
2022-05-01 00:20:00,SHORT,84.89,84.46,tp,0.004025,1,0.6785,2
2022-05-01 00:35:00,SHORT,85.96,85.53,tp,0.004025,1,0.9187,2
2022-05-01 00:45:00,SHORT,85.68,85.25,tp,0.004025,1,0.6591,2
2022-05-01 00:50:00,SHORT,85.4,84.97,tp,0.004025,1,0.6757,2
2022-05-01 01:10:00,SHORT,85.39,84.96,tp,0.004025,1,0.7831,2
2022-05-01 01:25:00,SHORT,85.05,84.62,tp,0.004025,1,0.6817,2
2022-05-01 01:50:00,SHORT,86.67,86.23,tp,0.004025,1,0.8812,2
2022-05-01 01:55:00,SHORT,86.49,86.05,tp,0.004025,1,0.6802,2
2022-05-01 02:20:00,SHORT,86.7,86.26,tp,0.004025,1,0.873,2
2022-05-01 02:50:00,LONG,85.82,86.25,tp,0.004,1,0.7129,2
2022-05-01 03:05:00,SHORT,86.98,87.24,sl,-0.003991,0,0.8196,2
2022-05-01 03:20:00,SHORT,87.66,87.92,sl,-0.003991,0,0.9215,2
2022-05-01 03:25:00,SHORT,87.63,87.89,sl,-0.003991,0,0.6759,2
2022-05-01 04:15:00,LONG,87.32,87.76,tp,0.004,1,0.7602,2
2022-05-01 05:45:00,SHORT,89.41,89.67,sl,-0.003991,0,0.6885,2
2022-05-01 06:05:00,SHORT,89.62,89.17,tp,0.004025,1,0.7684,2
2022-05-01 06:30:00,LONG,88.91,88.65,sl,-0.004,0,0.654,2
2022-05-01 06:50:00,SHORT,88.98,88.9,timeout,-0.000201,0,0.6566,2
2022-05-01 07:20:00,LONG,88.76,89.21,tp,0.004,1,0.7382,2
2022-05-01 08:20:00,LONG,89.41,89.86,tp,0.004,1,0.6643,2
2022-05-01 08:50:00,SHORT,89.71,89.26,tp,0.004025,1,0.6911,2
2022-05-01 09:50:00,SHORT,89.03,89.29,sl,-0.003991,0,0.6667,2
2022-05-01 10:00:00,LONG,88.99,88.73,sl,-0.004,0,0.7383,2
2022-05-01 10:20:00,SHORT,89.28,88.83,tp,0.004025,1,0.7013,2
2022-05-01 11:40:00,LONG,88.1,87.84,sl,-0.004,0,0.6953,2
2022-05-01 12:25:00,SHORT,88.63,88.18,tp,0.004025,1,0.7065,2
2022-05-01 12:50:00,LONG,88.32,88.77,tp,0.004,1,0.7067,2
2022-05-01 14:35:00,LONG,87.31,87.75,tp,0.004,1,0.6858,2
2022-05-01 14:50:00,SHORT,87.73,87.99,sl,-0.003991,0,0.7375,2
2022-05-01 15:50:00,LONG,90.09,89.81,sl,-0.004,0,0.7454,2
2022-05-01 16:00:00,LONG,89.92,90.37,tp,0.004,1,0.7625,2
2022-05-01 16:15:00,LONG,91.35,91.8,tp,0.004,1,0.7403,2
2022-05-01 16:35:00,LONG,91.39,91.11,sl,-0.004,0,0.8191,2
2022-05-01 16:45:00,SHORT,91.4,90.95,tp,0.004025,1,0.6613,2
2022-05-01 17:00:00,LONG,90.82,91.27,tp,0.004,1,0.6999,2
2022-05-01 17:10:00,SHORT,91.13,90.68,tp,0.004025,1,0.7191,2
2022-05-01 18:00:00,LONG,89.6,89.34,sl,-0.004,0,0.8536,2
2022-05-01 19:30:00,LONG,87.51,87.95,tp,0.004,1,0.6928,2
2022-05-01 20:15:00,SHORT,88.43,87.98,tp,0.004025,1,0.7052,2
2022-05-01 20:20:00,LONG,88.18,87.92,sl,-0.004,0,0.773,2
2022-05-01 20:45:00,LONG,87.86,88.3,tp,0.004,1,0.7401,2
2022-05-01 21:00:00,SHORT,89.26,88.81,tp,0.004025,1,0.8671,2
2022-05-01 21:10:00,LONG,88.44,88.89,tp,0.004,1,0.74,2
2022-05-01 21:20:00,SHORT,88.76,88.31,tp,0.004025,1,0.7644,2
2022-05-01 21:35:00,LONG,88.7,89.15,tp,0.004,1,0.6597,2
2022-05-01 21:55:00,LONG,88.89,89.34,tp,0.004,1,0.7167,2
2022-05-01 22:10:00,SHORT,89.51,89.06,tp,0.004025,1,0.8282,2
2022-05-01 22:20:00,LONG,88.69,89.14,tp,0.004,1,0.7785,2
2022-05-01 22:40:00,LONG,88.61,89.06,tp,0.004,1,0.6654,2
2022-05-01 23:45:00,LONG,89.42,89.87,tp,0.004,1,0.7946,2
2022-05-02 00:15:00,LONG,90.1,90.55,tp,0.004,1,0.7226,2
2022-05-02 00:35:00,SHORT,90.62,90.17,tp,0.004025,1,0.8567,2
2022-05-02 00:50:00,LONG,90.15,90.6,tp,0.004,1,0.6922,2
2022-05-02 01:20:00,SHORT,90.38,89.93,tp,0.004025,1,0.7005,2
2022-05-02 01:30:00,LONG,89.84,89.58,sl,-0.004,0,0.7248,2
2022-05-02 02:20:00,LONG,88.88,89.33,tp,0.004,1,0.7641,2
2022-05-02 03:00:00,SHORT,89.72,89.98,sl,-0.003991,0,0.7173,2
2022-05-02 04:20:00,LONG,89.14,89.59,tp,0.004,1,0.7785,2
2022-05-02 04:50:00,SHORT,90.12,89.67,tp,0.004025,1,0.787,2
2022-05-02 05:20:00,LONG,89.74,90.19,tp,0.004,1,0.7335,2
2022-05-02 08:30:00,LONG,88.47,88.92,tp,0.004,1,0.7315,2
2022-05-02 08:45:00,SHORT,88.84,89.1,sl,-0.003991,0,0.7314,2
2022-05-02 09:35:00,SHORT,89.25,88.8,tp,0.004025,1,0.7754,2
2022-05-02 10:15:00,LONG,87.44,87.88,tp,0.004,1,0.7117,2
2022-05-02 11:15:00,LONG,86.83,87.27,tp,0.004,1,0.6928,2
2022-05-02 11:40:00,LONG,86.89,86.63,sl,-0.004,0,0.7901,2
2022-05-02 11:55:00,LONG,86.82,87.26,tp,0.004,1,0.6768,2
2022-05-02 12:10:00,LONG,87.03,87.47,tp,0.004,1,0.6556,2
2022-05-02 12:20:00,SHORT,87.57,87.13,tp,0.004025,1,0.8342,2
2022-05-02 12:35:00,LONG,87.28,87.02,sl,-0.004,0,0.65,2
2022-05-02 13:10:00,SHORT,88.06,87.62,tp,0.004025,1,0.834,2
2022-05-02 13:35:00,LONG,87.17,87.61,tp,0.004,1,0.6732,2
2022-05-02 14:15:00,LONG,87.44,87.88,tp,0.004,1,0.7148,2
2022-05-02 15:10:00,SHORT,88.38,87.93,tp,0.004025,1,0.8335,2
2022-05-02 15:40:00,LONG,87.35,87.79,tp,0.004,1,0.8217,2
2022-05-02 16:05:00,LONG,87.27,87.71,tp,0.004,1,0.7943,2
2022-05-02 16:20:00,SHORT,87.72,87.28,tp,0.004025,1,0.7375,2
2022-05-02 17:00:00,LONG,86.17,85.91,sl,-0.004,0,0.8082,2
2022-05-02 17:25:00,SHORT,85.95,85.52,tp,0.004025,1,0.6701,2
2022-05-02 17:45:00,LONG,85.41,85.84,tp,0.004,1,0.6837,2
2022-05-02 18:10:00,LONG,85.36,85.79,tp,0.004,1,0.7647,2
2022-05-02 18:30:00,SHORT,85.62,85.19,tp,0.004025,1,0.6729,2
2022-05-02 18:40:00,LONG,85.28,85.71,tp,0.004,1,0.7185,2
2022-05-02 20:45:00,LONG,86.58,87.02,tp,0.004,1,0.6615,2
2022-05-02 21:30:00,SHORT,87.88,88.14,sl,-0.003991,0,0.8535,2
2022-05-03 00:00:00,LONG,87.47,87.21,sl,-0.004,0,0.7327,2
2022-05-03 00:20:00,LONG,87.12,86.86,sl,-0.004,0,0.7721,2
2022-05-03 00:45:00,SHORT,87.27,86.83,tp,0.004025,1,0.6703,2
2022-05-03 01:35:00,LONG,87.76,88.2,tp,0.004,1,0.7435,2
2022-05-03 01:40:00,LONG,87.82,87.56,sl,-0.004,0,0.7019,2
2022-05-03 01:45:00,LONG,87.76,88.2,tp,0.004,1,0.6874,2
2022-05-03 02:00:00,SHORT,88.29,87.84,tp,0.004025,1,0.6859,2
2022-05-03 03:05:00,SHORT,88.18,88.44,sl,-0.003991,0,0.6747,2
2022-05-03 04:35:00,SHORT,88.41,87.96,tp,0.004025,1,0.674,2
2022-05-03 05:05:00,LONG,88.01,88.45,tp,0.004,1,0.6976,2
2022-05-03 05:55:00,LONG,88.72,88.46,sl,-0.004,0,0.6763,2
2022-05-03 07:45:00,LONG,87.96,88.4,tp,0.004,1,0.8227,2
2022-05-03 09:00:00,LONG,88.19,87.93,sl,-0.004,0,0.6614,2
2022-05-03 09:40:00,LONG,88.09,87.83,sl,-0.004,0,0.653,2
2022-05-03 11:20:00,LONG,87.52,87.96,tp,0.004,1,0.6848,2
2022-05-03 11:45:00,LONG,87.91,88.35,tp,0.004,1,0.6869,2
2022-05-03 12:25:00,LONG,88.1,87.84,sl,-0.004,0,0.7265,2
2022-05-03 13:45:00,LONG,87.14,87.58,tp,0.004,1,0.7565,2
2022-05-03 14:15:00,LONG,87.03,86.77,sl,-0.004,0,0.8308,2
2022-05-03 14:45:00,LONG,87.04,86.78,sl,-0.004,0,0.7507,2
2022-05-03 15:05:00,SHORT,87.35,86.91,tp,0.004025,1,0.6842,2
2022-05-03 15:15:00,LONG,87.07,86.81,sl,-0.004,0,0.6829,2
2022-05-03 15:30:00,SHORT,87.25,86.81,tp,0.004025,1,0.699,2
2022-05-03 16:05:00,LONG,86.77,86.51,sl,-0.004,0,0.7578,2
2022-05-03 19:35:00,LONG,85.01,85.44,tp,0.004,1,0.7873,2
2022-05-03 19:50:00,SHORT,85.62,85.19,tp,0.004025,1,0.7973,2
2022-05-03 20:40:00,LONG,84.94,85.37,tp,0.004,1,0.6808,2
2022-05-03 21:35:00,LONG,86.22,85.96,sl,-0.004,0,0.658,2
2022-05-03 21:45:00,SHORT,86.46,86.02,tp,0.004025,1,0.8015,2
2022-05-03 22:05:00,LONG,86.01,85.75,sl,-0.004,0,0.6867,2
2022-05-04 00:00:00,LONG,85.59,86.02,tp,0.004,1,0.7984,2
2022-05-04 00:25:00,LONG,85.68,86.11,tp,0.004,1,0.7929,2
2022-05-04 00:35:00,LONG,85.84,86.27,tp,0.004,1,0.671,2
2022-05-04 01:00:00,LONG,86.16,86.03,timeout,-0.00258,0,0.7356,2
2022-05-04 01:35:00,LONG,86.2,86.63,tp,0.004,1,0.6846,2
2022-05-04 02:45:00,LONG,86.12,86.17,timeout,-0.000491,0,0.7058,2
2022-05-04 05:15:00,LONG,85.65,86.08,tp,0.004,1,0.7671,2
2022-05-04 05:40:00,LONG,85.69,86.12,tp,0.004,1,0.7293,2
2022-05-04 05:55:00,LONG,86.0,86.43,tp,0.004,1,0.6787,2
2022-05-04 10:25:00,SHORT,88.39,88.65,sl,-0.003991,0,0.7287,2
2022-05-04 10:40:00,SHORT,88.58,88.13,tp,0.004025,1,0.6732,2
2022-05-04 11:00:00,SHORT,88.63,88.18,tp,0.004025,1,0.7327,2
2022-05-04 11:10:00,LONG,88.24,88.69,tp,0.004,1,0.6984,2
2022-05-04 11:50:00,LONG,88.44,88.18,sl,-0.004,0,0.7403,2
2022-05-04 12:10:00,LONG,87.9,87.64,sl,-0.004,0,0.7586,2
2022-05-04 13:10:00,LONG,87.92,88.36,tp,0.004,1,0.651,2
2022-05-04 13:30:00,LONG,87.76,87.5,sl,-0.004,0,0.7135,2
2022-05-04 14:00:00,LONG,87.4,87.84,tp,0.004,1,0.6653,2
2022-05-04 14:25:00,SHORT,87.82,87.38,tp,0.004025,1,0.7255,2
2022-05-04 15:05:00,SHORT,86.91,86.47,tp,0.004025,1,0.685,2
2022-05-04 15:10:00,LONG,86.75,86.49,sl,-0.004,0,0.8681,2
2022-05-04 16:20:00,SHORT,87.85,88.11,sl,-0.003991,0,0.6851,2
2022-05-04 17:10:00,LONG,87.01,86.75,sl,-0.004,0,0.6792,2
2022-05-04 17:45:00,LONG,86.65,87.09,tp,0.004,1,0.8015,2
2022-05-04 18:05:00,SHORT,87.53,87.79,sl,-0.003991,0,0.7753,2
2022-05-04 18:20:00,SHORT,87.19,87.45,sl,-0.003991,0,0.6721,2
2022-05-04 18:45:00,LONG,90.14,90.59,tp,0.004,1,0.7309,2
2022-05-04 18:55:00,LONG,90.81,90.53,sl,-0.004,0,0.733,2
2022-05-04 19:10:00,SHORT,91.82,91.36,tp,0.004025,1,0.8652,2
2022-05-04 19:20:00,LONG,91.18,91.63,tp,0.004,1,0.8411,2
2022-05-04 21:30:00,SHORT,92.34,91.88,tp,0.004025,1,0.8311,2
2022-05-04 22:35:00,SHORT,92.22,92.28,timeout,-0.001566,0,0.6515,2
2022-05-04 23:50:00,LONG,92.73,93.19,tp,0.004,1,0.7181,2
2022-05-05 00:20:00,LONG,93.01,93.47,tp,0.004,1,0.7246,2
2022-05-05 00:35:00,LONG,93.83,94.3,tp,0.004,1,0.6555,2
2022-05-05 00:55:00,LONG,93.8,93.52,sl,-0.004,0,0.6615,2
2022-05-05 01:30:00,SHORT,94.04,93.57,tp,0.004025,1,0.8419,2
2022-05-05 01:50:00,LONG,93.37,93.83,tp,0.004,1,0.6987,2
2022-05-05 02:50:00,LONG,94.05,94.52,tp,0.004,1,0.6824,2
2022-05-05 03:25:00,SHORT,95.07,94.6,tp,0.004025,1,0.7975,2
2022-05-05 04:10:00,LONG,93.87,94.34,tp,0.004,1,0.8179,2
2022-05-05 04:35:00,LONG,94.08,94.55,tp,0.004,1,0.6938,2
2022-05-05 04:45:00,SHORT,94.11,94.4,sl,-0.003991,0,0.7114,2
2022-05-05 05:35:00,LONG,93.73,93.45,sl,-0.004,0,0.6962,2
2022-05-05 05:55:00,LONG,93.36,93.82,tp,0.004,1,0.7317,2
2022-05-05 07:15:00,LONG,93.03,93.49,tp,0.004,1,0.658,2
2022-05-05 08:00:00,LONG,92.82,93.28,tp,0.004,1,0.7111,2
2022-05-05 08:15:00,SHORT,93.29,92.83,tp,0.004025,1,0.6762,2
2022-05-05 08:40:00,LONG,92.57,92.29,sl,-0.004,0,0.7974,2
2022-05-05 08:55:00,LONG,92.4,92.12,sl,-0.004,0,0.7618,2
2022-05-05 09:30:00,LONG,92.27,92.73,tp,0.004,1,0.7663,2
2022-05-05 13:00:00,LONG,92.3,92.02,sl,-0.004,0,0.7304,2
2022-05-05 14:20:00,LONG,88.31,88.76,tp,0.004,1,0.7522,2
2022-05-05 14:40:00,SHORT,88.03,87.59,tp,0.004025,1,0.7269,2
2022-05-05 14:45:00,SHORT,87.72,87.98,sl,-0.003991,0,0.6669,2
2022-05-05 14:55:00,SHORT,87.87,87.43,tp,0.004025,1,0.6934,2
2022-05-05 15:05:00,LONG,86.04,86.47,tp,0.004,1,0.7373,2
2022-05-05 15:30:00,LONG,85.8,86.23,tp,0.004,1,0.7953,2
2022-05-05 15:35:00,SHORT,86.05,85.62,tp,0.004025,1,0.7599,2
2022-05-05 15:50:00,LONG,84.45,84.87,tp,0.004,1,0.9219,2
2022-05-05 16:00:00,SHORT,85.48,85.05,tp,0.004025,1,0.8689,2
2022-05-05 16:20:00,SHORT,85.55,85.8,sl,-0.003991,0,0.7198,2
2022-05-05 16:35:00,SHORT,85.26,84.83,tp,0.004025,1,0.7163,2
2022-05-05 16:45:00,LONG,85.05,85.48,tp,0.004,1,0.7486,2
2022-05-05 17:05:00,SHORT,85.64,85.21,tp,0.004025,1,0.8656,2
2022-05-05 17:25:00,SHORT,84.99,85.24,sl,-0.003991,0,0.6509,2
2022-05-05 17:35:00,SHORT,84.81,84.38,tp,0.004025,1,0.6679,2
2022-05-05 17:50:00,SHORT,83.38,82.96,tp,0.004025,1,0.6586,2
2022-05-05 18:05:00,SHORT,83.02,82.6,tp,0.004025,1,0.7611,2
2022-05-05 18:10:00,SHORT,82.57,82.82,sl,-0.003991,0,0.7329,2
2022-05-05 18:20:00,LONG,81.82,82.23,tp,0.004,1,0.8724,2
2022-05-05 18:50:00,SHORT,82.58,82.17,tp,0.004025,1,0.7111,2
2022-05-05 19:15:00,LONG,82.29,82.04,sl,-0.004,0,0.6728,2
2022-05-05 19:50:00,SHORT,83.52,83.77,sl,-0.003991,0,0.8291,2
2022-05-05 20:30:00,SHORT,84.8,84.37,tp,0.004025,1,0.937,2
2022-05-05 21:00:00,SHORT,84.84,84.41,tp,0.004025,1,0.7874,2
2022-05-05 21:10:00,LONG,84.54,84.96,tp,0.004,1,0.6551,2
2022-05-05 21:40:00,SHORT,85.08,84.65,tp,0.004025,1,0.7412,2
2022-05-05 22:05:00,SHORT,84.6,84.17,tp,0.004025,1,0.8132,2
2022-05-05 22:25:00,LONG,84.11,83.86,sl,-0.004,0,0.6797,2
2022-05-05 23:30:00,SHORT,84.48,84.73,sl,-0.003991,0,0.7204,2
2022-05-05 23:50:00,SHORT,84.63,84.2,tp,0.004025,1,0.7916,2
2022-05-06 00:10:00,LONG,84.13,83.88,sl,-0.004,0,0.7294,2
2022-05-06 00:25:00,SHORT,84.15,83.73,tp,0.004025,1,0.6778,2
2022-05-06 00:30:00,LONG,83.72,83.47,sl,-0.004,0,0.7902,2
2022-05-06 00:50:00,LONG,83.24,83.66,tp,0.004,1,0.8758,2
2022-05-06 01:00:00,SHORT,83.77,83.35,tp,0.004025,1,0.7186,2
2022-05-06 01:45:00,SHORT,83.59,83.84,sl,-0.003991,0,0.6713,2
2022-05-06 01:50:00,LONG,83.53,83.95,tp,0.004,1,0.656,2
2022-05-06 03:40:00,LONG,82.87,82.62,sl,-0.004,0,0.8732,2
2022-05-06 05:35:00,SHORT,83.3,82.88,tp,0.004025,1,0.7822,2
2022-05-06 05:55:00,LONG,83.22,82.97,sl,-0.004,0,0.6589,2
2022-05-06 06:20:00,SHORT,83.27,82.85,tp,0.004025,1,0.7624,2
2022-05-06 07:40:00,LONG,81.3,81.71,tp,0.004,1,0.7782,2
2022-05-06 07:55:00,LONG,82.45,82.2,sl,-0.004,0,0.6705,2
2022-05-06 08:05:00,SHORT,82.57,82.16,tp,0.004025,1,0.7558,2
2022-05-06 08:30:00,SHORT,82.81,82.39,tp,0.004025,1,0.7288,2
2022-05-06 09:05:00,LONG,82.45,82.86,tp,0.004,1,0.7386,2
2022-05-06 09:35:00,SHORT,83.51,83.09,tp,0.004025,1,0.8803,2
2022-05-06 10:55:00,LONG,81.96,82.37,tp,0.004,1,0.6991,2
2022-05-06 11:00:00,SHORT,82.17,81.76,tp,0.004025,1,0.7253,2
2022-05-06 11:10:00,LONG,81.49,81.25,sl,-0.004,0,0.7864,2
2022-05-06 11:25:00,SHORT,80.82,80.42,tp,0.004025,1,0.6653,2
2022-05-06 12:00:00,SHORT,81.92,81.51,tp,0.004025,1,0.877,2
2022-05-06 12:15:00,LONG,80.99,81.4,tp,0.004,1,0.838,2
2022-05-06 12:30:00,LONG,82.41,82.82,tp,0.004,1,0.7159,2
2022-05-06 12:35:00,SHORT,82.4,81.99,tp,0.004025,1,0.754,2
2022-05-06 12:50:00,LONG,81.48,81.24,sl,-0.004,0,0.7616,2
2022-05-06 13:05:00,LONG,81.56,81.97,tp,0.004,1,0.7382,2
2022-05-06 13:10:00,SHORT,81.8,81.39,tp,0.004025,1,0.7751,2
2022-05-06 13:35:00,LONG,80.25,80.65,tp,0.004,1,0.8787,2
2022-05-06 14:05:00,LONG,81.2,81.61,tp,0.004,1,0.6513,2
2022-05-06 14:15:00,SHORT,81.84,81.43,tp,0.004025,1,0.764,2
2022-05-06 14:35:00,LONG,81.44,81.85,tp,0.004,1,0.7256,2
2022-05-06 14:55:00,SHORT,82.25,82.5,sl,-0.003991,0,0.7962,2
2022-05-06 16:15:00,LONG,81.37,81.78,tp,0.004,1,0.8156,2
2022-05-06 16:35:00,SHORT,82.08,81.67,tp,0.004025,1,0.8812,2
2022-05-06 16:55:00,SHORT,82.38,81.97,tp,0.004025,1,0.8641,2
2022-05-06 18:05:00,LONG,81.44,81.2,sl,-0.004,0,0.7334,2
2022-05-06 18:15:00,SHORT,81.66,81.25,tp,0.004025,1,0.7567,2
2022-05-06 18:30:00,LONG,81.25,81.66,tp,0.004,1,0.7103,2
2022-05-06 19:35:00,LONG,82.09,81.84,sl,-0.004,0,0.687,2
2022-05-06 20:00:00,LONG,81.73,81.49,sl,-0.004,0,0.7439,2
2022-05-06 20:25:00,SHORT,81.69,81.93,sl,-0.003991,0,0.6641,2
2022-05-06 21:50:00,LONG,81.59,82.0,tp,0.004,1,0.7331,2
2022-05-06 22:05:00,SHORT,82.01,81.6,tp,0.004025,1,0.6738,2
2022-05-06 22:10:00,LONG,81.68,82.09,tp,0.004,1,0.6733,2
2022-05-06 22:20:00,SHORT,82.02,81.61,tp,0.004025,1,0.7492,2
2022-05-06 22:50:00,SHORT,82.23,81.82,tp,0.004025,1,0.7037,2
2022-05-06 23:15:00,LONG,82.02,81.77,sl,-0.004,0,0.683,2
2022-05-07 00:50:00,SHORT,81.75,81.34,tp,0.004025,1,0.7133,2
2022-05-07 01:00:00,LONG,81.64,81.4,sl,-0.004,0,0.6609,2
2022-05-07 01:30:00,LONG,81.33,81.74,tp,0.004,1,0.6952,2
2022-05-07 01:55:00,SHORT,81.61,81.2,tp,0.004025,1,0.6675,2
2022-05-07 02:30:00,SHORT,81.36,80.95,tp,0.004025,1,0.6963,2
2022-05-07 02:35:00,LONG,81.18,80.94,sl,-0.004,0,0.7572,2
2022-05-07 04:25:00,SHORT,80.31,79.91,tp,0.004025,1,0.6513,2
2022-05-07 06:00:00,SHORT,80.83,80.43,tp,0.004025,1,0.6651,2
2022-05-07 06:25:00,LONG,80.21,80.61,tp,0.004,1,0.7079,2
2022-05-07 06:30:00,SHORT,80.43,80.03,tp,0.004025,1,0.6623,2
2022-05-07 08:00:00,LONG,80.59,80.35,sl,-0.004,0,0.6707,2
2022-05-07 08:05:00,LONG,80.37,80.77,tp,0.004,1,0.7033,2
2022-05-07 08:15:00,SHORT,81.16,80.75,tp,0.004025,1,0.6997,2
2022-05-07 08:25:00,LONG,80.97,81.38,tp,0.004,1,0.7044,2
2022-05-07 08:45:00,SHORT,81.35,80.94,tp,0.004025,1,0.7621,2
2022-05-07 09:05:00,LONG,81.06,81.47,tp,0.004,1,0.6747,2
2022-05-07 10:15:00,LONG,81.13,81.54,tp,0.004,1,0.6707,2
2022-05-07 10:35:00,SHORT,81.37,81.61,sl,-0.003991,0,0.6656,2
2022-05-07 11:15:00,SHORT,81.87,81.46,tp,0.004025,1,0.7548,2
2022-05-07 12:10:00,SHORT,82.17,81.76,tp,0.004025,1,0.7549,2
2022-05-07 12:35:00,SHORT,81.94,81.53,tp,0.004025,1,0.703,2
2022-05-07 13:00:00,SHORT,81.66,81.25,tp,0.004025,1,0.6726,2
2022-05-07 13:50:00,SHORT,81.36,81.6,sl,-0.003991,0,0.6799,2
2022-05-07 15:20:00,SHORT,81.98,82.0,timeout,-0.001268,0,0.6768,2
2022-05-07 16:00:00,SHORT,82.16,81.75,tp,0.004025,1,0.7848,2
2022-05-07 20:30:00,LONG,80.71,80.47,sl,-0.004,0,0.6755,2
2022-05-07 21:00:00,SHORT,80.98,80.57,tp,0.004025,1,0.709,2
2022-05-07 21:10:00,SHORT,80.21,80.45,sl,-0.003991,0,0.6701,2
2022-05-07 21:55:00,LONG,78.45,78.84,tp,0.004,1,0.8637,2
2022-05-07 22:20:00,LONG,78.96,79.35,tp,0.004,1,0.7679,2
2022-05-07 22:50:00,LONG,77.36,77.75,tp,0.004,1,0.8472,2
2022-05-07 23:30:00,SHORT,79.5,79.1,tp,0.004025,1,0.6695,2
2022-05-07 23:55:00,LONG,78.9,79.29,tp,0.004,1,0.7456,2
2022-05-08 00:20:00,LONG,78.81,78.57,sl,-0.004,0,0.7499,2
2022-05-08 00:55:00,LONG,78.48,78.24,sl,-0.004,0,0.6959,2
2022-05-08 01:30:00,SHORT,78.24,77.85,tp,0.004025,1,0.6707,2
2022-05-08 02:05:00,SHORT,77.07,76.69,tp,0.004025,1,0.7437,2
2022-05-08 03:20:00,SHORT,77.08,76.7,tp,0.004025,1,0.876,2
2022-05-08 03:35:00,LONG,76.29,76.67,tp,0.004,1,0.8837,2
2022-05-08 04:05:00,LONG,77.46,77.85,tp,0.004,1,0.6884,2
2022-05-08 05:00:00,LONG,77.29,77.68,tp,0.004,1,0.8092,2
2022-05-08 05:20:00,SHORT,77.75,77.36,tp,0.004025,1,0.745,2
2022-05-08 06:25:00,SHORT,78.01,78.25,sl,-0.003991,0,0.6686,2
2022-05-08 06:30:00,LONG,77.88,78.27,tp,0.004,1,0.7503,2
2022-05-08 06:50:00,SHORT,78.35,77.96,tp,0.004025,1,0.7173,2
2022-05-08 07:10:00,LONG,78.21,77.97,sl,-0.004,0,0.7272,2
2022-05-08 07:30:00,LONG,78.1,77.86,sl,-0.004,0,0.6617,2
2022-05-08 08:15:00,SHORT,78.32,77.93,tp,0.004025,1,0.6729,2
2022-05-08 08:25:00,LONG,78.05,78.44,tp,0.004,1,0.7056,2
2022-05-08 09:25:00,LONG,78.14,77.9,sl,-0.004,0,0.6842,2
2022-05-08 10:20:00,SHORT,78.34,78.58,sl,-0.003991,0,0.6581,2
2022-05-08 10:40:00,LONG,78.37,78.76,tp,0.004,1,0.6753,2
2022-05-08 10:45:00,LONG,78.76,79.15,tp,0.004,1,0.723,2
2022-05-08 11:00:00,LONG,79.1,78.86,sl,-0.004,0,0.7027,2
2022-05-08 11:05:00,SHORT,79.28,78.88,tp,0.004025,1,0.7844,2
2022-05-08 11:20:00,LONG,78.92,79.31,tp,0.004,1,0.7759,2
2022-05-08 11:25:00,SHORT,79.1,79.34,sl,-0.003991,0,0.7012,2
2022-05-08 12:15:00,SHORT,78.97,78.58,tp,0.004025,1,0.6715,2
2022-05-08 13:15:00,LONG,77.51,77.9,tp,0.004,1,0.6905,2
2022-05-08 13:45:00,SHORT,77.85,77.46,tp,0.004025,1,0.6687,2
2022-05-08 14:20:00,LONG,77.0,77.38,tp,0.004,1,0.7493,2
2022-05-08 14:35:00,SHORT,77.71,77.32,tp,0.004025,1,0.7471,2
2022-05-08 15:10:00,LONG,77.74,78.13,tp,0.004,1,0.72,2
2022-05-08 15:25:00,SHORT,78.01,77.62,tp,0.004025,1,0.7282,2
2022-05-08 15:55:00,LONG,77.18,77.56,tp,0.004,1,0.8288,2
2022-05-08 16:20:00,LONG,77.26,77.64,tp,0.004,1,0.755,2
2022-05-08 17:00:00,SHORT,76.12,75.74,tp,0.004025,1,0.7163,2
2022-05-08 18:10:00,LONG,74.92,75.29,tp,0.004,1,0.6776,2
2022-05-08 18:45:00,SHORT,76.28,76.51,sl,-0.003991,0,0.7736,2
2022-05-08 19:05:00,LONG,76.31,76.69,tp,0.004,1,0.7296,2
2022-05-08 19:45:00,LONG,76.36,76.13,sl,-0.004,0,0.6755,2
2022-05-08 20:55:00,LONG,75.86,76.24,tp,0.004,1,0.7761,2
2022-05-08 21:15:00,SHORT,76.15,76.38,sl,-0.003991,0,0.6743,2
2022-05-08 22:00:00,LONG,75.9,75.67,sl,-0.004,0,0.6721,2
2022-05-08 22:30:00,LONG,75.5,75.88,tp,0.004,1,0.7973,2
2022-05-08 23:30:00,LONG,75.02,74.79,sl,-0.004,0,0.7206,2
2022-05-09 00:45:00,SHORT,76.8,76.42,tp,0.004025,1,0.7769,2
2022-05-09 01:00:00,LONG,76.47,76.85,tp,0.004,1,0.7857,2
2022-05-09 01:05:00,SHORT,77.04,76.66,tp,0.004025,1,0.865,2
2022-05-09 02:10:00,SHORT,75.45,75.07,tp,0.004025,1,0.6617,2
2022-05-09 02:25:00,SHORT,74.35,74.58,sl,-0.003991,0,0.6629,2
2022-05-09 02:35:00,LONG,74.1,73.87,sl,-0.004,0,0.8444,2
2022-05-09 03:20:00,SHORT,76.06,75.68,tp,0.004025,1,0.8298,2
2022-05-09 04:15:00,SHORT,75.88,75.5,tp,0.004025,1,0.7815,2
2022-05-09 04:50:00,LONG,75.11,74.88,sl,-0.004,0,0.8647,2
2022-05-09 05:20:00,LONG,74.91,74.68,sl,-0.004,0,0.8652,2
2022-05-09 06:00:00,SHORT,74.44,74.07,tp,0.004025,1,0.6966,2
2022-05-09 06:10:00,LONG,73.6,73.96,tp,0.004,1,0.8406,2
2022-05-09 06:40:00,LONG,74.15,74.52,tp,0.004,1,0.7414,2
2022-05-09 07:00:00,LONG,74.57,74.34,sl,-0.004,0,0.659,2
2022-05-09 08:55:00,SHORT,74.77,75.0,sl,-0.003991,0,0.8247,2
2022-05-09 09:10:00,SHORT,75.05,74.68,tp,0.004025,1,0.7966,2
2022-05-09 09:50:00,SHORT,74.09,73.72,tp,0.004025,1,0.6624,2
2022-05-09 10:40:00,SHORT,71.43,71.08,tp,0.004025,1,0.657,2
2022-05-09 10:45:00,LONG,71.64,71.99,tp,0.004,1,0.6619,2
2022-05-09 11:15:00,SHORT,71.36,71.01,tp,0.004025,1,0.6636,2
2022-05-09 11:20:00,LONG,71.27,71.62,tp,0.004,1,0.8054,2
2022-05-09 11:55:00,SHORT,72.19,71.83,tp,0.004025,1,0.878,2
2022-05-09 12:40:00,SHORT,72.0,71.64,tp,0.004025,1,0.748,2
2022-05-09 13:20:00,SHORT,71.03,70.68,tp,0.004025,1,0.719,2
2022-05-09 13:35:00,SHORT,72.66,72.3,tp,0.004025,1,0.8856,2
2022-05-09 13:45:00,LONG,71.12,71.47,tp,0.004,1,0.8807,2
2022-05-09 14:30:00,LONG,71.08,70.86,sl,-0.004,0,0.6684,2
2022-05-09 14:55:00,LONG,70.9,71.25,tp,0.004,1,0.8737,2
2022-05-09 15:30:00,LONG,69.76,70.11,tp,0.004,1,0.803,2
2022-05-09 16:00:00,LONG,69.54,69.89,tp,0.004,1,0.8546,2
2022-05-09 16:40:00,LONG,66.98,67.32,tp,0.004,1,0.7227,2
2022-05-09 16:50:00,LONG,66.21,66.54,tp,0.004,1,0.8387,2
2022-05-09 16:55:00,LONG,66.81,66.61,sl,-0.004,0,0.6933,2
2022-05-09 17:00:00,LONG,65.93,66.26,tp,0.004,1,0.7489,2
2022-05-09 17:05:00,LONG,66.46,66.8,tp,0.004,1,0.7725,2
2022-05-09 17:10:00,LONG,66.44,66.78,tp,0.004,1,0.6778,2
2022-05-09 17:15:00,SHORT,68.17,67.83,tp,0.004025,1,0.8697,2
2022-05-09 17:20:00,LONG,67.51,67.85,tp,0.004,1,0.6919,2
2022-05-09 17:25:00,LONG,67.89,68.23,tp,0.004,1,0.6865,2
2022-05-09 17:30:00,LONG,68.02,67.82,sl,-0.004,0,0.7185,2
2022-05-09 17:50:00,SHORT,67.23,67.43,sl,-0.003991,0,0.7005,2
2022-05-09 17:55:00,LONG,67.11,67.45,tp,0.004,1,0.6907,2
2022-05-09 18:20:00,SHORT,65.74,65.93,sl,-0.003991,0,0.7146,2
2022-05-09 18:25:00,LONG,65.71,65.52,sl,-0.004,0,0.6749,2
2022-05-09 18:30:00,SHORT,65.37,65.04,tp,0.004025,1,0.7352,2
2022-05-09 18:35:00,LONG,64.38,64.19,sl,-0.004,0,0.7882,2
2022-05-09 18:40:00,LONG,63.43,63.75,tp,0.004,1,0.9448,2
2022-05-09 18:45:00,LONG,65.27,65.6,tp,0.004,1,0.7976,2
2022-05-09 18:50:00,LONG,65.39,65.72,tp,0.004,1,0.7727,2
2022-05-09 18:55:00,SHORT,65.89,65.56,tp,0.004025,1,0.8047,2
2022-05-09 19:00:00,LONG,65.49,65.82,tp,0.004,1,0.7634,2
2022-05-09 19:05:00,LONG,65.34,65.67,tp,0.004,1,0.7891,2
2022-05-09 19:10:00,LONG,66.1,66.43,tp,0.004,1,0.8517,2
2022-05-09 19:20:00,SHORT,65.43,65.1,tp,0.004025,1,0.6633,2
2022-05-09 19:30:00,SHORT,64.64,64.83,sl,-0.003991,0,0.6619,2
2022-05-09 19:40:00,SHORT,64.51,64.19,tp,0.004025,1,0.6825,2
2022-05-09 19:45:00,LONG,63.55,63.36,sl,-0.004,0,0.7194,2
2022-05-09 19:50:00,LONG,63.57,63.89,tp,0.004,1,0.9143,2
2022-05-09 19:55:00,LONG,65.12,65.45,tp,0.004,1,0.8435,2
2022-05-09 20:00:00,LONG,66.68,67.02,tp,0.004,1,0.8211,2
2022-05-09 20:05:00,LONG,67.44,67.78,tp,0.004,1,0.8402,2
2022-05-09 20:10:00,SHORT,68.27,67.92,tp,0.004025,1,0.9411,2
2022-05-09 20:15:00,SHORT,67.36,67.56,sl,-0.003991,0,0.7215,2
2022-05-09 20:20:00,LONG,67.78,68.12,tp,0.004,1,0.6788,2
2022-05-09 20:25:00,SHORT,67.47,67.13,tp,0.004025,1,0.7001,2
2022-05-09 20:30:00,SHORT,67.05,66.71,tp,0.004025,1,0.72,2
2022-05-09 20:35:00,LONG,66.1,65.9,sl,-0.004,0,0.7089,2
2022-05-09 20:45:00,LONG,66.47,66.81,tp,0.004,1,0.723,2
2022-05-09 20:50:00,SHORT,67.25,66.91,tp,0.004025,1,0.8677,2
2022-05-09 21:00:00,LONG,66.18,66.51,tp,0.004,1,0.8972,2
2022-05-09 21:25:00,SHORT,67.67,67.33,tp,0.004025,1,0.9015,2
2022-05-09 21:40:00,SHORT,67.89,67.55,tp,0.004025,1,0.8813,2
2022-05-09 21:55:00,SHORT,66.0,65.67,tp,0.004025,1,0.6521,2
2022-05-09 22:00:00,LONG,66.32,66.65,tp,0.004,1,0.6586,2
2022-05-09 22:05:00,LONG,66.17,66.5,tp,0.004,1,0.7202,2
2022-05-09 22:10:00,SHORT,66.58,66.78,sl,-0.003991,0,0.8003,2
2022-05-09 22:25:00,LONG,66.42,66.76,tp,0.004,1,0.7719,2
2022-05-09 22:55:00,LONG,65.62,65.95,tp,0.004,1,0.8425,2
2022-05-09 23:15:00,LONG,64.66,64.47,sl,-0.004,0,0.7112,2
2022-05-09 23:20:00,LONG,64.28,64.6,tp,0.004,1,0.93,2
2022-05-09 23:25:00,LONG,64.65,64.98,tp,0.004,1,0.6905,2
2022-05-09 23:35:00,LONG,64.03,63.84,sl,-0.004,0,0.6679,2
2022-05-09 23:40:00,LONG,63.5,63.82,tp,0.004,1,0.9344,2
2022-05-09 23:45:00,LONG,63.62,63.94,tp,0.004,1,0.6993,2
2022-05-09 23:55:00,LONG,62.19,62.5,tp,0.004,1,0.9366,2
2022-05-10 00:00:00,LONG,62.97,62.78,sl,-0.004,0,0.8201,2
2022-05-10 00:05:00,LONG,61.99,62.3,tp,0.004,1,0.8272,2
2022-05-10 00:10:00,LONG,62.95,62.76,sl,-0.004,0,0.7037,2
2022-05-10 00:15:00,LONG,61.65,61.96,tp,0.004,1,0.8036,2
2022-05-10 00:20:00,LONG,61.47,61.29,sl,-0.004,0,0.7378,2
2022-05-10 00:25:00,LONG,60.81,61.11,tp,0.004,1,0.736,2
2022-05-10 00:30:00,LONG,61.02,61.33,tp,0.004,1,0.8756,2
2022-05-10 00:35:00,LONG,62.23,62.54,tp,0.004,1,0.8348,2
2022-05-10 00:40:00,LONG,65.17,65.5,tp,0.004,1,0.842,2
2022-05-10 00:50:00,LONG,63.56,63.88,tp,0.004,1,0.6567,2
2022-05-10 00:55:00,LONG,65.01,65.34,tp,0.004,1,0.7268,2
2022-05-10 01:00:00,LONG,65.69,66.02,tp,0.004,1,0.7221,2
2022-05-10 01:05:00,SHORT,66.18,65.85,tp,0.004025,1,0.9059,2
2022-05-10 01:10:00,SHORT,64.9,64.57,tp,0.004025,1,0.7462,2
2022-05-10 01:15:00,LONG,64.54,64.86,tp,0.004,1,0.9201,2
2022-05-10 01:20:00,LONG,64.86,65.19,tp,0.004,1,0.6628,2
2022-05-10 01:25:00,SHORT,65.39,65.06,tp,0.004025,1,0.8125,2
2022-05-10 01:30:00,SHORT,64.48,64.16,tp,0.004025,1,0.6514,2
2022-05-10 01:35:00,SHORT,64.42,64.1,tp,0.004025,1,0.6932,2
2022-05-10 01:40:00,SHORT,64.45,64.13,tp,0.004025,1,0.662,2
2022-05-10 01:45:00,LONG,63.96,64.28,tp,0.004,1,0.9156,2
2022-05-10 01:50:00,SHORT,64.74,64.41,tp,0.004025,1,0.8333,2
2022-05-10 02:10:00,LONG,64.32,64.64,tp,0.004,1,0.7244,2
2022-05-10 02:55:00,SHORT,65.3,64.97,tp,0.004025,1,0.6755,2
2022-05-10 03:05:00,SHORT,65.54,65.21,tp,0.004025,1,0.8687,2
2022-05-10 03:20:00,LONG,64.83,65.16,tp,0.004,1,0.7892,2
2022-05-10 03:25:00,SHORT,64.92,65.11,sl,-0.003991,0,0.6917,2
2022-05-10 03:40:00,SHORT,64.92,65.11,sl,-0.003991,0,0.6922,2
2022-05-10 04:20:00,LONG,65.81,66.14,tp,0.004,1,0.7417,2
2022-05-10 04:30:00,LONG,67.12,67.46,tp,0.004,1,0.7157,2
2022-05-10 04:40:00,LONG,67.38,67.18,sl,-0.004,0,0.7591,2
2022-05-10 04:50:00,LONG,67.7,68.04,tp,0.004,1,0.764,2
2022-05-10 04:55:00,LONG,67.9,68.24,tp,0.004,1,0.7484,2
2022-05-10 05:00:00,LONG,68.47,68.82,tp,0.004,1,0.6841,2
2022-05-10 05:05:00,SHORT,69.0,68.65,tp,0.004025,1,0.7657,2
2022-05-10 05:10:00,SHORT,69.08,68.73,tp,0.004025,1,0.7195,2
2022-05-10 05:15:00,SHORT,69.1,68.75,tp,0.004025,1,0.6654,2
2022-05-10 05:45:00,SHORT,71.43,71.08,tp,0.004025,1,0.8364,2
2022-05-10 06:00:00,LONG,70.67,71.02,tp,0.004,1,0.7901,2
2022-05-10 06:25:00,LONG,71.58,71.93,tp,0.004,1,0.6512,2
2022-05-10 06:35:00,SHORT,72.71,72.35,tp,0.004025,1,0.8823,2
2022-05-10 06:40:00,SHORT,72.66,72.3,tp,0.004025,1,0.7233,2
2022-05-10 06:45:00,SHORT,71.83,71.47,tp,0.004025,1,0.6908,2
2022-05-10 07:10:00,SHORT,70.46,70.11,tp,0.004025,1,0.7744,2
2022-05-10 07:30:00,SHORT,69.91,70.11,sl,-0.003991,0,0.6702,2
2022-05-10 07:35:00,SHORT,70.15,69.8,tp,0.004025,1,0.8876,2
2022-05-10 08:00:00,LONG,69.17,69.52,tp,0.004,1,0.7689,2
2022-05-10 08:45:00,LONG,69.8,70.15,tp,0.004,1,0.852,2
2022-05-10 09:05:00,LONG,69.77,70.12,tp,0.004,1,0.783,2
2022-05-10 09:30:00,LONG,69.26,69.61,tp,0.004,1,0.7208,2
2022-05-10 10:00:00,LONG,68.66,69.01,tp,0.004,1,0.8311,2
2022-05-10 10:20:00,SHORT,69.55,69.2,tp,0.004025,1,0.8283,2
2022-05-10 11:00:00,LONG,69.21,69.56,tp,0.004,1,0.6904,2
2022-05-10 11:30:00,LONG,71.4,71.75,tp,0.004,1,0.7683,2
2022-05-10 11:35:00,SHORT,71.54,71.76,sl,-0.003991,0,0.8058,2
2022-05-10 11:50:00,LONG,71.34,71.69,tp,0.004,1,0.8207,2
2022-05-10 12:00:00,SHORT,71.59,71.24,tp,0.004025,1,0.7205,2
2022-05-10 12:05:00,LONG,71.52,71.3,sl,-0.004,0,0.7789,2
2022-05-10 12:15:00,LONG,72.14,71.92,sl,-0.004,0,0.6997,2
2022-05-10 12:25:00,LONG,72.54,72.9,tp,0.004,1,0.7293,2
2022-05-10 12:30:00,LONG,72.6,72.96,tp,0.004,1,0.7018,2
2022-05-10 13:00:00,SHORT,73.94,73.57,tp,0.004025,1,0.8923,2
2022-05-10 13:15:00,LONG,72.94,73.3,tp,0.004,1,0.8431,2
2022-05-10 13:35:00,SHORT,72.48,72.12,tp,0.004025,1,0.6847,2
2022-05-10 13:45:00,LONG,71.48,71.83,tp,0.004,1,0.8037,2
2022-05-10 14:05:00,SHORT,72.58,72.22,tp,0.004025,1,0.7335,2
2022-05-10 14:35:00,SHORT,70.51,70.16,tp,0.004025,1,0.6755,2
2022-05-10 14:40:00,SHORT,70.31,69.96,tp,0.004025,1,0.6603,2
2022-05-10 14:45:00,LONG,69.19,69.54,tp,0.004,1,0.6682,2
2022-05-10 14:50:00,SHORT,69.61,69.26,tp,0.004025,1,0.696,2
2022-05-10 15:05:00,LONG,67.9,68.24,tp,0.004,1,0.7265,2
2022-05-10 15:10:00,LONG,67.73,68.07,tp,0.004,1,0.9075,2
2022-05-10 15:20:00,LONG,68.06,68.4,tp,0.004,1,0.6954,2
2022-05-10 15:30:00,LONG,69.06,69.41,tp,0.004,1,0.6521,2
2022-05-10 15:35:00,SHORT,70.43,70.08,tp,0.004025,1,0.9166,2
2022-05-10 15:40:00,SHORT,70.14,69.79,tp,0.004025,1,0.6993,2
2022-05-10 15:50:00,SHORT,69.62,69.27,tp,0.004025,1,0.6874,2
2022-05-10 15:55:00,LONG,69.49,69.84,tp,0.004,1,0.8427,2
2022-05-10 16:00:00,SHORT,69.99,69.65,tp,0.004025,1,0.8677,2
2022-05-10 16:10:00,LONG,69.67,70.02,tp,0.004,1,0.7549,2
2022-05-10 16:30:00,LONG,68.61,68.96,tp,0.004,1,0.8722,2
2022-05-10 16:45:00,SHORT,69.25,68.9,tp,0.004025,1,0.7812,2
2022-05-10 17:05:00,SHORT,69.68,69.88,sl,-0.003991,0,0.7967,2
2022-05-10 17:30:00,LONG,70.44,70.79,tp,0.004,1,0.6515,2
2022-05-10 17:35:00,LONG,70.76,70.54,sl,-0.004,0,0.6573,2
2022-05-10 17:40:00,LONG,70.63,70.98,tp,0.004,1,0.6816,2
2022-05-10 17:50:00,LONG,70.77,70.55,sl,-0.004,0,0.7774,2
2022-05-10 18:15:00,LONG,69.99,69.78,sl,-0.004,0,0.7611,2
2022-05-10 18:30:00,LONG,69.81,70.16,tp,0.004,1,0.7372,2
2022-05-10 18:40:00,SHORT,70.05,69.7,tp,0.004025,1,0.8664,2
2022-05-10 19:10:00,SHORT,69.16,69.36,sl,-0.003991,0,0.7072,2
2022-05-10 19:25:00,SHORT,68.47,68.12,tp,0.004025,1,0.6529,2
2022-05-10 19:30:00,SHORT,68.16,67.82,tp,0.004025,1,0.6536,2
2022-05-10 19:35:00,LONG,67.52,67.86,tp,0.004,1,0.9216,2
2022-05-10 19:50:00,SHORT,67.87,67.53,tp,0.004025,1,0.8902,2
2022-05-10 20:00:00,LONG,67.14,67.48,tp,0.004,1,0.8641,2
2022-05-10 20:35:00,SHORT,66.24,66.44,sl,-0.003991,0,0.7189,2
2022-05-10 20:50:00,LONG,65.59,65.4,sl,-0.004,0,0.8938,2
2022-05-10 21:00:00,SHORT,65.57,65.76,sl,-0.003991,0,0.6679,2
2022-05-10 21:10:00,LONG,65.66,65.99,tp,0.004,1,0.8164,2
2022-05-10 22:00:00,LONG,64.28,64.6,tp,0.004,1,0.7702,2
2022-05-10 22:05:00,LONG,65.55,65.88,tp,0.004,1,0.6862,2
2022-05-10 22:30:00,SHORT,64.29,63.97,tp,0.004025,1,0.6751,2
2022-05-10 22:45:00,LONG,63.92,64.24,tp,0.004,1,0.8924,2
2022-05-10 22:50:00,LONG,65.22,65.55,tp,0.004,1,0.7217,2
2022-05-10 22:55:00,LONG,65.17,65.5,tp,0.004,1,0.6777,2
2022-05-10 23:00:00,LONG,66.26,66.59,tp,0.004,1,0.6907,2
2022-05-10 23:05:00,LONG,66.91,67.25,tp,0.004,1,0.7241,2
2022-05-10 23:10:00,SHORT,66.67,66.87,sl,-0.003991,0,0.7187,2
2022-05-10 23:15:00,LONG,66.49,66.83,tp,0.004,1,0.7167,2
2022-05-10 23:20:00,LONG,66.82,67.16,tp,0.004,1,0.7891,2
2022-05-10 23:25:00,LONG,66.9,66.7,sl,-0.004,0,0.6731,2
2022-05-10 23:40:00,LONG,66.4,66.74,tp,0.004,1,0.7664,2
2022-05-11 00:00:00,SHORT,66.78,66.98,sl,-0.003991,0,0.7882,2
2022-05-11 00:35:00,SHORT,67.83,67.49,tp,0.004025,1,0.6747,2
2022-05-11 00:40:00,SHORT,67.83,67.49,tp,0.004025,1,0.6831,2
2022-05-11 01:00:00,SHORT,67.12,66.78,tp,0.004025,1,0.6854,2
2022-05-11 02:00:00,LONG,65.29,65.62,tp,0.004,1,0.8834,2
2022-05-11 02:25:00,SHORT,67.65,67.85,sl,-0.003991,0,0.8459,2
2022-05-11 02:45:00,LONG,67.67,68.01,tp,0.004,1,0.748,2
2022-05-11 02:50:00,LONG,68.01,67.81,sl,-0.004,0,0.6864,2
2022-05-11 04:05:00,SHORT,66.61,66.27,tp,0.004025,1,0.7664,2
2022-05-11 04:15:00,LONG,66.02,66.35,tp,0.004,1,0.7727,2
2022-05-11 04:25:00,SHORT,66.6,66.26,tp,0.004025,1,0.7938,2
2022-05-11 04:45:00,LONG,65.22,65.55,tp,0.004,1,0.9047,2
2022-05-11 05:10:00,LONG,67.41,67.75,tp,0.004,1,0.8263,2
2022-05-11 05:15:00,SHORT,68.16,67.82,tp,0.004025,1,0.916,2
2022-05-11 05:55:00,LONG,65.92,66.25,tp,0.004,1,0.9001,2
2022-05-11 06:30:00,SHORT,65.52,65.19,tp,0.004025,1,0.6709,2
2022-05-11 06:55:00,SHORT,62.29,61.98,tp,0.004025,1,0.7086,2
2022-05-11 07:05:00,LONG,62.06,62.37,tp,0.004,1,0.9253,2
2022-05-11 07:10:00,LONG,62.48,62.79,tp,0.004,1,0.7106,2
2022-05-11 07:15:00,SHORT,63.39,63.07,tp,0.004025,1,0.7719,2
2022-05-11 07:20:00,LONG,62.64,62.95,tp,0.004,1,0.6705,2
2022-05-11 07:25:00,LONG,62.21,62.02,sl,-0.004,0,0.7721,2
2022-05-11 07:30:00,LONG,61.75,62.06,tp,0.004,1,0.6587,2
2022-05-11 07:35:00,LONG,61.19,61.5,tp,0.004,1,0.9427,2
2022-05-11 07:40:00,LONG,62.06,62.37,tp,0.004,1,0.8214,2
2022-05-11 07:45:00,LONG,61.48,61.79,tp,0.004,1,0.7658,2
2022-05-11 07:50:00,LONG,61.82,62.13,tp,0.004,1,0.8273,2
2022-05-11 07:55:00,LONG,62.65,62.96,tp,0.004,1,0.6939,2
2022-05-11 08:00:00,LONG,62.38,62.69,tp,0.004,1,0.7334,2
2022-05-11 08:10:00,LONG,64.33,64.65,tp,0.004,1,0.7995,2
2022-05-11 08:15:00,SHORT,63.37,63.56,sl,-0.003991,0,0.6988,2
2022-05-11 08:20:00,SHORT,63.72,63.4,tp,0.004025,1,0.6543,2
2022-05-11 08:25:00,LONG,62.6,62.41,sl,-0.004,0,0.7106,2
2022-05-11 08:30:00,SHORT,62.4,62.09,tp,0.004025,1,0.7021,2
2022-05-11 08:35:00,LONG,62.11,62.42,tp,0.004,1,0.9127,2
2022-05-11 08:45:00,LONG,63.6,63.92,tp,0.004,1,0.656,2
2022-05-11 09:00:00,SHORT,64.03,63.71,tp,0.004025,1,0.8047,2
2022-05-11 09:05:00,SHORT,63.66,63.34,tp,0.004025,1,0.6973,2
2022-05-11 09:10:00,LONG,63.24,63.56,tp,0.004,1,0.887,2
2022-05-11 09:25:00,LONG,64.49,64.81,tp,0.004,1,0.6872,2
2022-05-11 10:05:00,LONG,65.1,65.43,tp,0.004,1,0.8514,2
2022-05-11 10:25:00,LONG,64.97,65.3,tp,0.004,1,0.8216,2
2022-05-11 10:45:00,SHORT,65.16,65.35,sl,-0.003991,0,0.6645,2
2022-05-11 11:40:00,LONG,62.15,61.96,sl,-0.004,0,0.7055,2
2022-05-11 11:45:00,LONG,61.92,61.74,sl,-0.004,0,0.7312,2
2022-05-11 11:55:00,SHORT,61.36,61.05,tp,0.004025,1,0.6707,2
2022-05-11 12:05:00,SHORT,62.96,62.64,tp,0.004025,1,0.8105,2
2022-05-11 12:10:00,LONG,62.52,62.33,sl,-0.004,0,0.6803,2
2022-05-11 12:20:00,SHORT,61.8,61.98,sl,-0.003991,0,0.6714,2
2022-05-11 12:25:00,SHORT,62.0,61.69,tp,0.004025,1,0.7349,2
2022-05-11 12:30:00,SHORT,56.29,56.01,tp,0.004025,1,0.8056,2
2022-05-11 12:35:00,LONG,56.27,56.55,tp,0.004,1,0.7858,2
2022-05-11 12:40:00,SHORT,54.52,54.25,tp,0.004025,1,0.7906,2
2022-05-11 12:45:00,LONG,50.04,50.29,tp,0.004,1,0.8424,2
2022-05-11 12:50:00,LONG,50.5,50.75,tp,0.004,1,0.8803,2
2022-05-11 12:55:00,LONG,49.59,49.84,tp,0.004,1,0.7145,2
2022-05-11 13:00:00,LONG,51.36,51.61,tp,0.004,1,0.7802,2
2022-05-11 13:05:00,LONG,54.07,54.34,tp,0.004,1,0.857,2
2022-05-11 13:10:00,LONG,52.91,53.17,tp,0.004,1,0.8673,2
2022-05-11 13:15:00,LONG,54.25,54.52,tp,0.004,1,0.8008,2
2022-05-11 13:20:00,SHORT,54.66,54.39,tp,0.004025,1,0.7852,2
2022-05-11 13:25:00,LONG,54.73,54.56,sl,-0.004,0,0.724,2
2022-05-11 13:30:00,LONG,53.03,53.29,tp,0.004,1,0.9493,2
2022-05-11 13:35:00,LONG,53.83,54.1,tp,0.004,1,0.7415,2
2022-05-11 13:40:00,LONG,57.73,58.02,tp,0.004,1,0.8216,2
2022-05-11 13:45:00,SHORT,59.3,59.0,tp,0.004025,1,0.9524,2
2022-05-11 13:50:00,SHORT,56.45,56.17,tp,0.004025,1,0.7652,2
2022-05-11 13:55:00,SHORT,56.72,56.44,tp,0.004025,1,0.8246,2
2022-05-11 14:00:00,LONG,55.63,55.91,tp,0.004,1,0.9232,2
2022-05-11 14:05:00,SHORT,56.57,56.29,tp,0.004025,1,0.7832,2
2022-05-11 14:10:00,SHORT,56.36,56.53,sl,-0.003991,0,0.6808,2
2022-05-11 14:15:00,SHORT,57.32,57.03,tp,0.004025,1,0.7018,2
2022-05-11 14:20:00,SHORT,58.48,58.19,tp,0.004025,1,0.6844,2
2022-05-11 14:30:00,LONG,58.17,58.46,tp,0.004,1,0.7508,2
2022-05-11 14:40:00,SHORT,58.67,58.85,sl,-0.003991,0,0.6974,2
2022-05-11 14:45:00,SHORT,58.76,58.47,tp,0.004025,1,0.7943,2
2022-05-11 14:50:00,SHORT,57.74,57.45,tp,0.004025,1,0.6987,2
2022-05-11 14:55:00,SHORT,58.16,57.87,tp,0.004025,1,0.7114,2
2022-05-11 15:00:00,SHORT,57.37,57.08,tp,0.004025,1,0.6705,2
2022-05-11 15:10:00,LONG,56.53,56.81,tp,0.004,1,0.6669,2
2022-05-11 15:15:00,LONG,56.23,56.51,tp,0.004,1,0.9109,2
2022-05-11 15:20:00,LONG,56.39,56.67,tp,0.004,1,0.7481,2
2022-05-11 15:30:00,SHORT,56.09,55.81,tp,0.004025,1,0.6822,2
2022-05-11 15:40:00,LONG,56.65,56.48,sl,-0.004,0,0.7608,2
2022-05-11 15:45:00,LONG,55.79,56.07,tp,0.004,1,0.7248,2
2022-05-11 15:50:00,LONG,55.28,55.55,tp,0.004,1,0.7243,2
2022-05-11 15:55:00,SHORT,55.5,55.22,tp,0.004025,1,0.7095,2
2022-05-11 16:00:00,SHORT,55.86,55.58,tp,0.004025,1,0.8098,2
2022-05-11 16:05:00,LONG,54.57,54.84,tp,0.004,1,0.7934,2
2022-05-11 16:10:00,LONG,55.06,55.33,tp,0.004,1,0.8426,2
2022-05-11 16:15:00,LONG,54.52,54.79,tp,0.004,1,0.8133,2
2022-05-11 16:20:00,SHORT,55.55,55.27,tp,0.004025,1,0.87,2
2022-05-11 16:25:00,LONG,54.72,54.99,tp,0.004,1,0.7298,2
2022-05-11 16:30:00,LONG,54.49,54.76,tp,0.004,1,0.6687,2
2022-05-11 16:35:00,LONG,54.27,54.54,tp,0.004,1,0.6551,2
2022-05-11 16:45:00,LONG,53.63,53.47,sl,-0.004,0,0.7402,2
2022-05-11 16:50:00,SHORT,52.85,53.01,sl,-0.003991,0,0.6877,2
2022-05-11 16:55:00,LONG,52.89,53.15,tp,0.004,1,0.6654,2
2022-05-11 17:00:00,LONG,52.53,52.79,tp,0.004,1,0.6868,2
2022-05-11 17:05:00,LONG,52.81,53.07,tp,0.004,1,0.8171,2
2022-05-11 17:15:00,LONG,53.38,53.22,sl,-0.004,0,0.688,2
2022-05-11 17:25:00,SHORT,51.56,51.31,tp,0.004025,1,0.7584,2
2022-05-11 17:30:00,LONG,51.98,51.82,sl,-0.004,0,0.6667,2
2022-05-11 17:35:00,LONG,51.03,50.87,sl,-0.004,0,0.7041,2
2022-05-11 17:40:00,LONG,50.42,50.67,tp,0.004,1,0.7672,2
2022-05-11 17:45:00,LONG,51.98,52.24,tp,0.004,1,0.7562,2
2022-05-11 17:50:00,SHORT,51.96,51.7,tp,0.004025,1,0.7034,2
2022-05-11 17:55:00,LONG,52.12,52.38,tp,0.004,1,0.6843,2
2022-05-11 18:00:00,LONG,52.56,52.4,sl,-0.004,0,0.7351,2
2022-05-11 18:05:00,LONG,51.77,52.02,tp,0.004,1,0.7784,2
2022-05-11 18:10:00,LONG,52.36,52.2,sl,-0.004,0,0.6863,2
2022-05-11 18:15:00,SHORT,52.14,51.88,tp,0.004025,1,0.6771,2
2022-05-11 18:20:00,LONG,52.4,52.66,tp,0.004,1,0.8008,2
2022-05-11 18:25:00,SHORT,52.17,51.91,tp,0.004025,1,0.6979,2
2022-05-11 18:30:00,SHORT,51.96,51.7,tp,0.004025,1,0.7225,2
2022-05-11 18:35:00,LONG,51.74,51.58,sl,-0.004,0,0.6576,2
2022-05-11 18:40:00,SHORT,51.86,51.6,tp,0.004025,1,0.7576,2
2022-05-11 18:45:00,LONG,50.72,50.56,sl,-0.004,0,0.6948,2
2022-05-11 18:50:00,LONG,50.38,50.22,sl,-0.004,0,0.7816,2
2022-05-11 19:00:00,LONG,49.86,50.11,tp,0.004,1,0.7519,2
2022-05-11 19:05:00,SHORT,49.84,49.59,tp,0.004025,1,0.7174,2
2022-05-11 19:10:00,LONG,49.33,49.58,tp,0.004,1,0.7253,2
2022-05-11 19:15:00,SHORT,49.55,49.3,tp,0.004025,1,0.6561,2
2022-05-11 19:20:00,SHORT,49.04,48.79,tp,0.004025,1,0.7034,2
2022-05-11 19:25:00,SHORT,49.48,49.23,tp,0.004025,1,0.6544,2
2022-05-11 19:35:00,LONG,47.59,47.83,tp,0.004,1,0.7607,2
2022-05-11 19:40:00,LONG,47.6,47.84,tp,0.004,1,0.896,2
2022-05-11 19:45:00,LONG,47.26,47.5,tp,0.004,1,0.8065,2
2022-05-11 19:50:00,LONG,48.44,48.3,sl,-0.004,0,0.71,2
2022-05-11 19:55:00,LONG,47.92,48.16,tp,0.004,1,0.7349,2
2022-05-11 20:00:00,SHORT,48.45,48.2,tp,0.004025,1,0.7316,2
2022-05-11 20:05:00,LONG,48.0,48.24,tp,0.004,1,0.7546,2
2022-05-11 20:10:00,LONG,47.81,48.05,tp,0.004,1,0.8137,2
2022-05-11 20:15:00,SHORT,48.05,47.81,tp,0.004025,1,0.7604,2
2022-05-11 20:20:00,LONG,47.6,47.46,sl,-0.004,0,0.6839,2
2022-05-11 20:25:00,SHORT,47.43,47.19,tp,0.004025,1,0.6509,2
2022-05-11 20:30:00,LONG,44.84,45.07,tp,0.004,1,0.819,2
2022-05-11 20:35:00,LONG,45.28,45.51,tp,0.004,1,0.8703,2
2022-05-11 20:40:00,LONG,45.98,46.21,tp,0.004,1,0.7867,2
2022-05-11 20:45:00,SHORT,45.47,45.24,tp,0.004025,1,0.7108,2
2022-05-11 20:50:00,LONG,43.42,43.64,tp,0.004,1,0.8489,2
2022-05-11 20:55:00,LONG,44.24,44.46,tp,0.004,1,0.8999,2
2022-05-11 21:00:00,SHORT,46.2,45.97,tp,0.004025,1,0.8372,2
2022-05-11 21:05:00,LONG,45.05,44.92,sl,-0.004,0,0.7055,2
2022-05-11 21:10:00,LONG,44.93,45.16,tp,0.004,1,0.8711,2
2022-05-11 21:15:00,LONG,45.34,45.21,sl,-0.004,0,0.7402,2
2022-05-11 21:20:00,LONG,44.72,44.59,sl,-0.004,0,0.7919,2
2022-05-11 21:25:00,LONG,43.66,43.88,tp,0.004,1,0.9489,2
2022-05-11 21:30:00,LONG,43.91,44.13,tp,0.004,1,0.7782,2
2022-05-11 21:35:00,LONG,44.89,44.76,sl,-0.004,0,0.7688,2
2022-05-11 21:40:00,LONG,44.39,44.61,tp,0.004,1,0.6566,2
2022-05-11 21:45:00,LONG,46.29,46.52,tp,0.004,1,0.8259,2
2022-05-11 21:50:00,SHORT,46.66,46.42,tp,0.004025,1,0.8262,2
2022-05-11 21:55:00,SHORT,47.14,46.9,tp,0.004025,1,0.7573,2
2022-05-11 22:00:00,LONG,46.6,46.84,tp,0.004,1,0.73,2
2022-05-11 22:05:00,LONG,48.51,48.76,tp,0.004,1,0.8418,2
2022-05-11 22:10:00,SHORT,48.35,48.1,tp,0.004025,1,0.7541,2
2022-05-11 22:15:00,SHORT,47.91,48.05,sl,-0.003991,0,0.7644,2
2022-05-11 22:20:00,LONG,49.06,48.92,sl,-0.004,0,0.7305,2
2022-05-11 22:25:00,LONG,48.1,47.96,sl,-0.004,0,0.7021,2
2022-05-11 22:30:00,SHORT,47.18,46.94,tp,0.004025,1,0.741,2
2022-05-11 22:35:00,SHORT,46.85,46.99,sl,-0.003991,0,0.7219,2
2022-05-11 22:40:00,LONG,47.0,47.24,tp,0.004,1,0.7108,2
2022-05-11 22:45:00,LONG,46.72,46.96,tp,0.004,1,0.9313,2
2022-05-11 22:50:00,LONG,47.88,48.12,tp,0.004,1,0.6798,2
2022-05-11 22:55:00,LONG,47.8,48.04,tp,0.004,1,0.7194,2
2022-05-11 23:00:00,LONG,48.52,48.77,tp,0.004,1,0.6568,2
2022-05-11 23:10:00,SHORT,49.28,49.03,tp,0.004025,1,0.9027,2
2022-05-11 23:15:00,SHORT,48.92,48.67,tp,0.004025,1,0.7464,2
2022-05-11 23:20:00,SHORT,48.68,48.82,sl,-0.003991,0,0.6972,2
2022-05-11 23:35:00,LONG,50.25,50.5,tp,0.004,1,0.8149,2
2022-05-11 23:40:00,SHORT,50.83,50.58,tp,0.004025,1,0.9386,2
2022-05-11 23:45:00,SHORT,50.49,50.24,tp,0.004025,1,0.7825,2
2022-05-11 23:50:00,LONG,49.99,50.24,tp,0.004,1,0.6539,2
2022-05-11 23:55:00,SHORT,50.87,50.62,tp,0.004025,1,0.7055,2
2022-05-12 00:00:00,LONG,51.55,51.39,sl,-0.004,0,0.7242,2
2022-05-12 00:05:00,SHORT,51.18,51.34,sl,-0.003991,0,0.7123,2
2022-05-12 00:10:00,LONG,53.24,53.5,tp,0.004,1,0.7275,2
2022-05-12 00:15:00,SHORT,52.61,52.35,tp,0.004025,1,0.6993,2
2022-05-12 00:20:00,LONG,53.29,53.55,tp,0.004,1,0.7252,2
2022-05-12 00:25:00,SHORT,53.75,53.48,tp,0.004025,1,0.8848,2
2022-05-12 00:30:00,SHORT,53.38,53.12,tp,0.004025,1,0.745,2
2022-05-12 00:35:00,LONG,52.49,52.75,tp,0.004,1,0.8774,2
2022-05-12 00:40:00,SHORT,53.72,53.45,tp,0.004025,1,0.8643,2
2022-05-12 00:45:00,SHORT,53.75,53.48,tp,0.004025,1,0.8003,2
2022-05-12 01:00:00,SHORT,52.49,52.23,tp,0.004025,1,0.7128,2
2022-05-12 01:10:00,SHORT,51.68,51.43,tp,0.004025,1,0.6829,2
2022-05-12 01:25:00,SHORT,50.82,50.57,tp,0.004025,1,0.6587,2
2022-05-12 01:45:00,SHORT,50.24,49.99,tp,0.004025,1,0.7815,2
2022-05-12 01:55:00,SHORT,49.08,48.83,tp,0.004025,1,0.6995,2
2022-05-12 02:00:00,SHORT,49.39,49.14,tp,0.004025,1,0.7356,2
2022-05-12 02:05:00,LONG,48.47,48.72,tp,0.004,1,0.6993,2
2022-05-12 02:10:00,LONG,48.96,49.21,tp,0.004,1,0.7899,2
2022-05-12 02:15:00,SHORT,49.1,48.85,tp,0.004025,1,0.7297,2
2022-05-12 02:25:00,SHORT,48.8,48.55,tp,0.004025,1,0.6508,2
2022-05-12 02:30:00,SHORT,49.0,48.75,tp,0.004025,1,0.6734,2
2022-05-12 02:35:00,LONG,48.6,48.85,tp,0.004,1,0.9242,2
2022-05-12 02:40:00,LONG,49.62,49.87,tp,0.004,1,0.7264,2
2022-05-12 02:45:00,LONG,51.46,51.71,tp,0.004,1,0.819,2
2022-05-12 02:50:00,SHORT,51.24,50.99,tp,0.004025,1,0.7629,2
2022-05-12 02:55:00,LONG,48.81,49.06,tp,0.004,1,0.7545,2
2022-05-12 03:00:00,LONG,48.27,48.13,sl,-0.004,0,0.7438,2
2022-05-12 03:05:00,LONG,46.62,46.86,tp,0.004,1,0.7942,2
2022-05-12 03:10:00,LONG,47.14,47.38,tp,0.004,1,0.7444,2
2022-05-12 03:15:00,LONG,47.1,47.34,tp,0.004,1,0.7327,2
2022-05-12 03:20:00,LONG,46.21,46.07,sl,-0.004,0,0.9298,2
2022-05-12 03:25:00,LONG,45.83,46.06,tp,0.004,1,0.7258,2
2022-05-12 03:30:00,SHORT,47.46,47.22,tp,0.004025,1,0.8751,2
2022-05-12 03:35:00,LONG,46.81,46.67,sl,-0.004,0,0.6911,2
2022-05-12 03:45:00,LONG,46.28,46.14,sl,-0.004,0,0.7188,2
2022-05-12 03:50:00,SHORT,45.71,45.48,tp,0.004025,1,0.697,2
2022-05-12 03:55:00,LONG,45.2,45.43,tp,0.004,1,0.7209,2
2022-05-12 04:00:00,LONG,44.99,45.22,tp,0.004,1,0.7724,2
2022-05-12 04:05:00,SHORT,44.93,44.7,tp,0.004025,1,0.7136,2
2022-05-12 04:10:00,LONG,44.15,44.37,tp,0.004,1,0.7515,2
2022-05-12 04:15:00,LONG,44.55,44.42,sl,-0.004,0,0.8085,2
2022-05-12 04:20:00,LONG,42.85,43.07,tp,0.004,1,0.9556,2
2022-05-12 04:25:00,LONG,46.02,46.25,tp,0.004,1,0.8522,2
2022-05-12 04:30:00,SHORT,44.37,44.5,sl,-0.003991,0,0.6707,2
2022-05-12 04:35:00,LONG,44.71,44.94,tp,0.004,1,0.8065,2
2022-05-12 04:40:00,LONG,44.99,44.86,sl,-0.004,0,0.7999,2
2022-05-12 04:45:00,LONG,44.26,44.48,tp,0.004,1,0.6898,2
2022-05-12 04:50:00,SHORT,43.86,43.64,tp,0.004025,1,0.6776,2
2022-05-12 05:00:00,LONG,42.89,42.76,sl,-0.004,0,0.8041,2
2022-05-12 05:05:00,LONG,42.0,42.21,tp,0.004,1,0.7837,2
2022-05-12 05:10:00,LONG,41.13,41.34,tp,0.004,1,0.8446,2
2022-05-12 05:15:00,SHORT,43.01,42.79,tp,0.004025,1,0.7739,2
2022-05-12 05:20:00,LONG,41.98,42.19,tp,0.004,1,0.7982,2
2022-05-12 05:25:00,LONG,42.51,42.72,tp,0.004,1,0.8407,2
2022-05-12 05:30:00,SHORT,44.72,44.49,tp,0.004025,1,0.9067,2
2022-05-12 05:35:00,LONG,43.37,43.24,sl,-0.004,0,0.7619,2
2022-05-12 05:40:00,SHORT,43.13,42.91,tp,0.004025,1,0.6633,2
2022-05-12 05:45:00,LONG,41.72,41.93,tp,0.004,1,0.8076,2
2022-05-12 05:50:00,LONG,40.97,41.18,tp,0.004,1,0.9544,2
2022-05-12 05:55:00,LONG,42.16,42.37,tp,0.004,1,0.8332,2
2022-05-12 06:00:00,LONG,41.83,42.04,tp,0.004,1,0.7639,2
2022-05-12 06:05:00,SHORT,42.57,42.36,tp,0.004025,1,0.8465,2
2022-05-12 06:10:00,LONG,42.24,42.11,sl,-0.004,0,0.6836,2
2022-05-12 06:15:00,SHORT,42.29,42.08,tp,0.004025,1,0.6596,2
2022-05-12 06:20:00,LONG,42.5,42.71,tp,0.004,1,0.7224,2
2022-05-12 06:25:00,LONG,43.46,43.68,tp,0.004,1,0.8129,2
2022-05-12 06:30:00,SHORT,43.83,43.61,tp,0.004025,1,0.822,2
2022-05-12 06:35:00,LONG,42.99,42.86,sl,-0.004,0,0.7351,2
2022-05-12 06:40:00,SHORT,42.53,42.32,tp,0.004025,1,0.7313,2
2022-05-12 06:45:00,SHORT,42.31,42.1,tp,0.004025,1,0.677,2
2022-05-12 06:50:00,LONG,41.29,41.17,sl,-0.004,0,0.7002,2
2022-05-12 06:55:00,LONG,40.71,40.91,tp,0.004,1,0.6933,2
2022-05-12 07:00:00,SHORT,40.44,40.24,tp,0.004025,1,0.6992,2
2022-05-12 07:05:00,LONG,40.02,39.9,sl,-0.004,0,0.8145,2
2022-05-12 07:10:00,LONG,39.26,39.46,tp,0.004,1,0.8179,2
2022-05-12 07:15:00,LONG,39.85,40.05,tp,0.004,1,0.7982,2
2022-05-12 07:20:00,LONG,42.83,43.05,tp,0.004,1,0.8582,2
2022-05-12 07:25:00,SHORT,44.18,43.96,tp,0.004025,1,0.8918,2
2022-05-12 07:30:00,LONG,43.21,43.43,tp,0.004,1,0.7756,2
2022-05-12 07:35:00,LONG,43.64,43.86,tp,0.004,1,0.8455,2
2022-05-12 07:40:00,LONG,45.35,45.58,tp,0.004,1,0.7933,2
2022-05-12 07:45:00,SHORT,45.46,45.23,tp,0.004025,1,0.7643,2
2022-05-12 07:50:00,SHORT,46.09,45.86,tp,0.004025,1,0.9368,2
2022-05-12 07:55:00,LONG,44.72,44.59,sl,-0.004,0,0.7126,2
2022-05-12 08:00:00,SHORT,44.47,44.25,tp,0.004025,1,0.7399,2
2022-05-12 08:05:00,LONG,44.22,44.44,tp,0.004,1,0.8946,2
2022-05-12 08:10:00,LONG,44.92,45.15,tp,0.004,1,0.7354,2
2022-05-12 08:15:00,SHORT,44.71,44.48,tp,0.004025,1,0.7537,2
2022-05-12 08:20:00,SHORT,43.82,43.6,tp,0.004025,1,0.6776,2
2022-05-12 08:30:00,LONG,43.33,43.55,tp,0.004,1,0.6814,2
2022-05-12 08:35:00,LONG,43.4,43.27,sl,-0.004,0,0.7944,2
2022-05-12 08:50:00,LONG,44.11,44.33,tp,0.004,1,0.6909,2
2022-05-12 08:55:00,LONG,44.09,44.31,tp,0.004,1,0.7665,2
2022-05-12 09:00:00,SHORT,44.38,44.16,tp,0.004025,1,0.7624,2
2022-05-12 09:05:00,LONG,44.16,44.38,tp,0.004,1,0.6586,2
2022-05-12 09:10:00,LONG,43.74,43.96,tp,0.004,1,0.6832,2
2022-05-12 09:15:00,LONG,44.07,44.29,tp,0.004,1,0.7793,2
2022-05-12 09:20:00,LONG,44.88,45.11,tp,0.004,1,0.7065,2
2022-05-12 09:25:00,SHORT,44.83,44.6,tp,0.004025,1,0.7928,2
2022-05-12 09:30:00,SHORT,44.22,44.35,sl,-0.003991,0,0.6508,2
2022-05-12 09:40:00,LONG,43.71,43.93,tp,0.004,1,0.6903,2
2022-05-12 09:50:00,SHORT,43.36,43.14,tp,0.004025,1,0.6781,2
2022-05-12 10:00:00,LONG,42.4,42.61,tp,0.004,1,0.6679,2
2022-05-12 10:10:00,LONG,41.77,41.98,tp,0.004,1,0.9182,2
2022-05-12 10:15:00,LONG,42.58,42.79,tp,0.004,1,0.6763,2
2022-05-12 10:20:00,LONG,43.27,43.49,tp,0.004,1,0.7034,2
2022-05-12 10:25:00,LONG,44.33,44.55,tp,0.004,1,0.7508,2
2022-05-12 10:30:00,LONG,44.27,44.49,tp,0.004,1,0.7517,2
2022-05-12 10:35:00,LONG,44.61,44.84,tp,0.004,1,0.6958,2
2022-05-12 10:40:00,LONG,45.39,45.62,tp,0.004,1,0.7248,2
2022-05-12 10:45:00,SHORT,46.11,46.25,sl,-0.003991,0,0.8473,2
2022-05-12 10:50:00,SHORT,46.2,45.97,tp,0.004025,1,0.703,2
2022-05-12 10:55:00,SHORT,45.02,44.79,tp,0.004025,1,0.7098,2
2022-05-12 11:00:00,LONG,45.38,45.61,tp,0.004,1,0.7482,2
2022-05-12 11:05:00,LONG,45.05,45.28,tp,0.004,1,0.6901,2
2022-05-12 11:10:00,SHORT,45.63,45.4,tp,0.004025,1,0.6681,2
2022-05-12 11:15:00,SHORT,45.7,45.83,sl,-0.003991,0,0.6722,2
2022-05-12 11:20:00,SHORT,46.58,46.34,tp,0.004025,1,0.8752,2
2022-05-12 11:30:00,LONG,44.73,44.6,sl,-0.004,0,0.7017,2
2022-05-12 11:35:00,SHORT,44.18,43.96,tp,0.004025,1,0.6974,2
2022-05-12 11:40:00,LONG,43.98,44.2,tp,0.004,1,0.6574,2
2022-05-12 11:45:00,LONG,43.9,44.12,tp,0.004,1,0.7735,2
2022-05-12 12:00:00,LONG,43.32,43.54,tp,0.004,1,0.6622,2
2022-05-12 12:05:00,SHORT,43.34,43.12,tp,0.004025,1,0.7596,2
2022-05-12 12:10:00,LONG,43.41,43.63,tp,0.004,1,0.8199,2
2022-05-12 12:15:00,SHORT,43.57,43.35,tp,0.004025,1,0.8113,2
2022-05-12 12:25:00,LONG,42.98,43.2,tp,0.004,1,0.9354,2
2022-05-12 12:30:00,LONG,43.44,43.66,tp,0.004,1,0.7037,2
2022-05-12 12:35:00,LONG,44.46,44.68,tp,0.004,1,0.7988,2
2022-05-12 12:40:00,LONG,44.3,44.52,tp,0.004,1,0.7545,2
2022-05-12 12:45:00,LONG,44.97,45.2,tp,0.004,1,0.6791,2
2022-05-12 12:50:00,SHORT,45.31,45.08,tp,0.004025,1,0.7095,2
2022-05-12 12:55:00,SHORT,44.92,44.69,tp,0.004025,1,0.6817,2
2022-05-12 13:00:00,SHORT,45.39,45.16,tp,0.004025,1,0.9124,2
2022-05-12 13:05:00,SHORT,45.12,44.89,tp,0.004025,1,0.6911,2
2022-05-12 13:10:00,LONG,44.96,45.19,tp,0.004,1,0.663,2
2022-05-12 13:15:00,LONG,44.83,45.06,tp,0.004,1,0.8886,2
2022-05-12 13:25:00,LONG,45.45,45.68,tp,0.004,1,0.724,2
2022-05-12 13:30:00,SHORT,43.91,43.69,tp,0.004025,1,0.6552,2
2022-05-12 13:35:00,LONG,42.91,43.13,tp,0.004,1,0.9379,2
2022-05-12 13:45:00,SHORT,44.13,43.91,tp,0.004025,1,0.8002,2
2022-05-12 13:55:00,LONG,43.52,43.74,tp,0.004,1,0.7338,2
2022-05-12 14:00:00,LONG,43.34,43.56,tp,0.004,1,0.9143,2
2022-05-12 14:05:00,LONG,44.32,44.54,tp,0.004,1,0.6532,2
2022-05-12 14:10:00,LONG,44.7,44.93,tp,0.004,1,0.7417,2
2022-05-12 14:15:00,LONG,45.17,45.4,tp,0.004,1,0.6555,2
2022-05-12 14:20:00,SHORT,45.34,45.11,tp,0.004025,1,0.6642,2
2022-05-12 14:25:00,SHORT,45.07,44.84,tp,0.004025,1,0.6522,2
2022-05-12 14:40:00,SHORT,44.67,44.44,tp,0.004025,1,0.6841,2
2022-05-12 14:45:00,LONG,44.88,45.11,tp,0.004,1,0.8015,2
2022-05-12 14:50:00,LONG,45.8,46.03,tp,0.004,1,0.7519,2
2022-05-12 14:55:00,LONG,47.72,47.96,tp,0.004,1,0.7776,2
2022-05-12 15:00:00,SHORT,48.01,47.77,tp,0.004025,1,0.7486,2
2022-05-12 15:05:00,SHORT,49.01,48.76,tp,0.004025,1,0.7212,2
2022-05-12 15:10:00,SHORT,47.33,47.09,tp,0.004025,1,0.654,2
2022-05-12 15:15:00,SHORT,46.65,46.41,tp,0.004025,1,0.8039,2
2022-05-12 15:20:00,SHORT,46.5,46.26,tp,0.004025,1,0.701,2
2022-05-12 15:25:00,LONG,46.07,45.93,sl,-0.004,0,0.7408,2
2022-05-12 15:30:00,LONG,45.32,45.55,tp,0.004,1,0.8954,2
2022-05-12 15:35:00,LONG,45.98,46.21,tp,0.004,1,0.7002,2
2022-05-12 15:40:00,SHORT,45.66,45.43,tp,0.004025,1,0.6747,2
2022-05-12 15:50:00,SHORT,45.51,45.28,tp,0.004025,1,0.6884,2
2022-05-12 15:55:00,LONG,44.69,44.92,tp,0.004,1,0.6544,2
2022-05-12 16:20:00,LONG,47.14,47.38,tp,0.004,1,0.6988,2
2022-05-12 16:25:00,LONG,46.84,47.08,tp,0.004,1,0.7334,2
2022-05-12 16:30:00,SHORT,47.48,47.24,tp,0.004025,1,0.9238,2
2022-05-12 16:35:00,SHORT,47.03,46.79,tp,0.004025,1,0.6603,2
2022-05-12 16:40:00,LONG,47.13,47.37,tp,0.004,1,0.6936,2
2022-05-12 16:50:00,SHORT,47.86,47.62,tp,0.004025,1,0.652,2
2022-05-12 16:55:00,SHORT,47.4,47.54,sl,-0.003991,0,0.7587,2
2022-05-12 17:05:00,LONG,46.65,46.89,tp,0.004,1,0.8898,2
2022-05-12 17:25:00,SHORT,46.57,46.33,tp,0.004025,1,0.743,2
2022-05-12 17:35:00,LONG,45.77,45.64,sl,-0.004,0,0.6537,2
2022-05-12 17:45:00,SHORT,45.09,45.22,sl,-0.003991,0,0.7044,2
2022-05-12 17:50:00,SHORT,45.08,44.85,tp,0.004025,1,0.6799,2
2022-05-12 17:55:00,LONG,45.09,45.32,tp,0.004,1,0.8294,2
2022-05-12 18:00:00,SHORT,45.35,45.12,tp,0.004025,1,0.8031,2
2022-05-12 18:15:00,SHORT,44.98,44.75,tp,0.004025,1,0.6831,2
2022-05-12 18:25:00,SHORT,44.36,44.14,tp,0.004025,1,0.7358,2
2022-05-12 18:30:00,SHORT,44.01,43.79,tp,0.004025,1,0.7225,2
2022-05-12 18:35:00,SHORT,43.89,43.67,tp,0.004025,1,0.7162,2
2022-05-12 18:40:00,SHORT,44.01,43.79,tp,0.004025,1,0.7097,2
2022-05-12 18:50:00,LONG,43.72,43.94,tp,0.004,1,0.8174,2
2022-05-12 19:00:00,SHORT,44.53,44.31,tp,0.004025,1,0.8795,2
2022-05-12 19:10:00,LONG,43.86,44.08,tp,0.004,1,0.9018,2
2022-05-12 19:20:00,LONG,45.31,45.54,tp,0.004,1,0.6915,2
2022-05-12 19:30:00,LONG,44.98,44.85,sl,-0.004,0,0.6574,2
2022-05-12 19:35:00,SHORT,44.59,44.36,tp,0.004025,1,0.7141,2
2022-05-12 19:40:00,SHORT,44.53,44.31,tp,0.004025,1,0.6649,2
2022-05-12 19:45:00,LONG,44.53,44.75,tp,0.004,1,0.7779,2
2022-05-12 19:50:00,LONG,44.84,45.07,tp,0.004,1,0.6667,2
2022-05-12 20:10:00,LONG,44.11,44.33,tp,0.004,1,0.8075,2
2022-05-12 20:20:00,SHORT,44.81,44.58,tp,0.004025,1,0.8899,2
2022-05-12 20:45:00,SHORT,44.85,44.62,tp,0.004025,1,0.6547,2
2022-05-12 21:30:00,LONG,41.55,41.76,tp,0.004,1,0.9532,2
2022-05-12 21:35:00,LONG,41.86,42.07,tp,0.004,1,0.7101,2
2022-05-12 21:40:00,LONG,42.82,43.04,tp,0.004,1,0.7722,2
2022-05-12 21:45:00,LONG,42.48,42.69,tp,0.004,1,0.7491,2
2022-05-12 21:55:00,LONG,42.64,42.85,tp,0.004,1,0.7819,2
2022-05-12 22:00:00,SHORT,43.05,42.83,tp,0.004025,1,0.7953,2
2022-05-12 22:05:00,LONG,42.97,43.19,tp,0.004,1,0.6588,2
2022-05-12 22:10:00,LONG,43.24,43.46,tp,0.004,1,0.7524,2
2022-05-12 22:20:00,LONG,42.52,42.73,tp,0.004,1,0.6934,2
2022-05-12 22:25:00,LONG,42.5,42.71,tp,0.004,1,0.6548,2
2022-05-12 22:30:00,LONG,42.61,42.82,tp,0.004,1,0.8273,2
2022-05-12 22:40:00,LONG,42.98,43.2,tp,0.004,1,0.6754,2
2022-05-12 22:45:00,SHORT,43.08,42.86,tp,0.004025,1,0.7725,2
2022-05-12 23:00:00,LONG,43.51,43.73,tp,0.004,1,0.8082,2
2022-05-12 23:05:00,LONG,44.07,44.29,tp,0.004,1,0.8312,2
2022-05-12 23:10:00,LONG,43.87,44.09,tp,0.004,1,0.7159,2
2022-05-12 23:15:00,SHORT,44.06,44.19,sl,-0.003991,0,0.6704,2
2022-05-12 23:20:00,LONG,44.32,44.19,sl,-0.004,0,0.7722,2
2022-05-12 23:25:00,LONG,44.08,44.3,tp,0.004,1,0.6884,2
2022-05-12 23:30:00,SHORT,44.92,45.05,sl,-0.003991,0,0.6881,2
2022-05-12 23:35:00,LONG,44.96,45.19,tp,0.004,1,0.7634,2
2022-05-12 23:40:00,LONG,44.78,45.01,tp,0.004,1,0.7569,2
2022-05-12 23:55:00,SHORT,44.62,44.39,tp,0.004025,1,0.6608,2
2022-05-13 00:05:00,SHORT,44.59,44.36,tp,0.004025,1,0.7158,2
2022-05-13 00:15:00,LONG,43.95,44.17,tp,0.004,1,0.9331,2
2022-05-13 00:20:00,LONG,44.17,44.39,tp,0.004,1,0.6784,2
2022-05-13 00:30:00,LONG,45.16,45.03,sl,-0.004,0,0.7084,2
2022-05-13 00:40:00,LONG,45.3,45.53,tp,0.004,1,0.6609,2
2022-05-13 00:45:00,LONG,46.59,46.83,tp,0.004,1,0.7337,2
2022-05-13 00:50:00,LONG,46.82,46.68,sl,-0.004,0,0.6738,2
2022-05-13 00:55:00,SHORT,46.61,46.37,tp,0.004025,1,0.6873,2
2022-05-13 01:00:00,SHORT,47.38,47.14,tp,0.004025,1,0.9306,2
2022-05-13 01:05:00,SHORT,47.15,46.91,tp,0.004025,1,0.7322,2
2022-05-13 01:10:00,SHORT,46.38,46.14,tp,0.004025,1,0.7346,2
2022-05-13 01:20:00,LONG,45.86,46.09,tp,0.004,1,0.7143,2
2022-05-13 01:30:00,LONG,45.6,45.47,sl,-0.004,0,0.7474,2
2022-05-13 01:45:00,LONG,44.86,45.09,tp,0.004,1,0.8871,2
2022-05-13 02:25:00,LONG,47.36,47.6,tp,0.004,1,0.7969,2
2022-05-13 02:30:00,LONG,46.88,47.12,tp,0.004,1,0.8364,2
2022-05-13 02:40:00,SHORT,47.77,47.53,tp,0.004025,1,0.8877,2
2022-05-13 02:45:00,SHORT,47.26,47.02,tp,0.004025,1,0.682,2
2022-05-13 02:50:00,SHORT,47.39,47.53,sl,-0.003991,0,0.7014,2
2022-05-13 03:00:00,LONG,48.1,48.34,tp,0.004,1,0.7743,2
2022-05-13 03:05:00,LONG,49.67,49.92,tp,0.004,1,0.801,2
2022-05-13 03:10:00,SHORT,49.61,49.36,tp,0.004025,1,0.7671,2
2022-05-13 03:15:00,SHORT,49.1,48.85,tp,0.004025,1,0.7275,2
2022-05-13 03:20:00,SHORT,49.75,49.5,tp,0.004025,1,0.689,2
2022-05-13 03:30:00,LONG,49.0,49.25,tp,0.004,1,0.6696,2
2022-05-13 03:35:00,LONG,49.06,49.31,tp,0.004,1,0.7645,2
2022-05-13 03:40:00,LONG,49.67,49.92,tp,0.004,1,0.6538,2
2022-05-13 03:45:00,LONG,51.28,51.53,tp,0.004,1,0.6961,2
2022-05-13 04:00:00,LONG,49.92,50.17,tp,0.004,1,0.9012,2
2022-05-13 04:05:00,LONG,50.24,50.49,tp,0.004,1,0.661,2
2022-05-13 04:15:00,LONG,51.71,51.96,tp,0.004,1,0.6724,2
2022-05-13 04:20:00,SHORT,50.79,50.54,tp,0.004025,1,0.6575,2
2022-05-13 04:30:00,SHORT,50.54,50.29,tp,0.004025,1,0.6842,2
2022-05-13 04:35:00,LONG,50.21,50.46,tp,0.004,1,0.8847,2
2022-05-13 04:45:00,SHORT,50.76,50.51,tp,0.004025,1,0.8801,2
2022-05-13 04:55:00,LONG,50.25,50.09,sl,-0.004,0,0.6896,2
2022-05-13 05:05:00,LONG,51.84,52.1,tp,0.004,1,0.768,2
2022-05-13 05:10:00,LONG,52.26,52.52,tp,0.004,1,0.8108,2
2022-05-13 05:15:00,LONG,52.91,53.17,tp,0.004,1,0.8449,2
2022-05-13 05:20:00,SHORT,52.83,52.57,tp,0.004025,1,0.7175,2
2022-05-13 05:25:00,SHORT,52.65,52.39,tp,0.004025,1,0.7529,2
2022-05-13 05:30:00,LONG,52.38,52.64,tp,0.004,1,0.8785,2
2022-05-13 05:35:00,LONG,52.53,52.79,tp,0.004,1,0.7009,2
2022-05-13 05:40:00,LONG,53.05,53.31,tp,0.004,1,0.6503,2
2022-05-13 05:45:00,SHORT,53.63,53.37,tp,0.004025,1,0.8948,2
2022-05-13 05:50:00,SHORT,52.6,52.34,tp,0.004025,1,0.6889,2
2022-05-13 05:55:00,SHORT,52.29,52.45,sl,-0.003991,0,0.6917,2
2022-05-13 06:10:00,SHORT,52.25,51.99,tp,0.004025,1,0.7146,2
2022-05-13 06:15:00,SHORT,52.43,52.17,tp,0.004025,1,0.7478,2
2022-05-13 06:20:00,LONG,51.73,51.98,tp,0.004,1,0.8606,2
2022-05-13 06:35:00,SHORT,52.01,51.75,tp,0.004025,1,0.7015,2
2022-05-13 06:40:00,SHORT,52.06,52.22,sl,-0.003991,0,0.6956,2
2022-05-13 06:55:00,SHORT,51.59,51.34,tp,0.004025,1,0.6888,2
2022-05-13 07:00:00,SHORT,51.24,50.99,tp,0.004025,1,0.7049,2
2022-05-13 07:05:00,LONG,51.32,51.57,tp,0.004,1,0.6606,2
2022-05-13 07:15:00,SHORT,51.39,51.55,sl,-0.003991,0,0.6608,2
2022-05-13 07:25:00,SHORT,51.22,50.97,tp,0.004025,1,0.666,2
2022-05-13 07:30:00,LONG,50.21,50.46,tp,0.004,1,0.9203,2
2022-05-13 07:40:00,LONG,50.17,50.01,sl,-0.004,0,0.691,2
2022-05-13 07:45:00,LONG,49.52,49.77,tp,0.004,1,0.6675,2
2022-05-13 07:50:00,LONG,49.5,49.36,sl,-0.004,0,0.7084,2
2022-05-13 07:55:00,LONG,49.09,49.34,tp,0.004,1,0.9174,2
2022-05-13 08:00:00,LONG,50.11,50.36,tp,0.004,1,0.7137,2
2022-05-13 08:05:00,SHORT,50.12,50.28,sl,-0.003991,0,0.6603,2
2022-05-13 08:40:00,LONG,50.92,51.17,tp,0.004,1,0.6701,2
2022-05-13 09:10:00,LONG,51.89,52.15,tp,0.004,1,0.723,2
2022-05-13 09:15:00,SHORT,52.57,52.31,tp,0.004025,1,0.9151,2
2022-05-13 09:20:00,SHORT,52.14,51.88,tp,0.004025,1,0.6933,2
2022-05-13 09:30:00,SHORT,51.53,51.28,tp,0.004025,1,0.656,2
2022-05-13 09:35:00,SHORT,50.97,51.13,sl,-0.003991,0,0.6567,2
2022-05-13 09:50:00,LONG,51.1,51.35,tp,0.004,1,0.6662,2
2022-05-13 09:55:00,SHORT,51.0,51.16,sl,-0.003991,0,0.7043,2
2022-05-13 10:10:00,LONG,51.05,50.89,sl,-0.004,0,0.6793,2
2022-05-13 10:20:00,SHORT,51.14,50.89,tp,0.004025,1,0.8641,2
2022-05-13 10:30:00,LONG,50.8,51.05,tp,0.004,1,0.774,2
2022-05-13 10:35:00,LONG,51.94,52.2,tp,0.004,1,0.6795,2
2022-05-13 10:45:00,SHORT,52.53,52.27,tp,0.004025,1,0.8689,2
2022-05-13 10:50:00,SHORT,52.36,52.52,sl,-0.003991,0,0.661,2
2022-05-13 11:00:00,SHORT,52.45,52.19,tp,0.004025,1,0.679,2
2022-05-13 11:05:00,SHORT,52.4,52.14,tp,0.004025,1,0.6637,2
2022-05-13 11:10:00,SHORT,51.43,51.59,sl,-0.003991,0,0.6603,2
2022-05-13 11:15:00,SHORT,51.35,51.51,sl,-0.003991,0,0.6623,2
2022-05-13 11:20:00,LONG,51.43,51.68,tp,0.004,1,0.7739,2
2022-05-13 11:35:00,LONG,51.97,52.23,tp,0.004,1,0.6699,2
2022-05-13 12:00:00,LONG,52.84,52.68,sl,-0.004,0,0.7321,2
2022-05-13 12:05:00,SHORT,52.62,52.78,sl,-0.003991,0,0.6855,2
2022-05-13 12:10:00,LONG,53.24,53.08,sl,-0.004,0,0.6726,2
2022-05-13 12:15:00,LONG,53.03,52.87,sl,-0.004,0,0.674,2
2022-05-13 12:25:00,LONG,53.2,53.46,tp,0.004,1,0.7442,2
2022-05-13 12:30:00,SHORT,53.62,53.36,tp,0.004025,1,0.7813,2
2022-05-13 12:40:00,SHORT,52.61,52.35,tp,0.004025,1,0.6852,2
2022-05-13 12:45:00,SHORT,52.51,52.67,sl,-0.003991,0,0.6755,2
2022-05-13 13:00:00,SHORT,53.68,53.41,tp,0.004025,1,0.8955,2
2022-05-13 13:05:00,SHORT,52.79,52.53,tp,0.004025,1,0.6866,2
2022-05-13 13:15:00,LONG,52.26,52.52,tp,0.004,1,0.8044,2
2022-05-13 13:45:00,LONG,53.45,53.71,tp,0.004,1,0.6642,2
2022-05-13 13:50:00,LONG,54.8,54.63,sl,-0.004,0,0.8404,2
2022-05-13 13:55:00,SHORT,54.74,54.91,sl,-0.003991,0,0.6986,2
2022-05-13 14:00:00,LONG,55.25,55.52,tp,0.004,1,0.8303,2
2022-05-13 14:05:00,SHORT,55.34,55.07,tp,0.004025,1,0.7849,2
2022-05-13 14:10:00,SHORT,54.9,54.63,tp,0.004025,1,0.6876,2
2022-05-13 14:15:00,LONG,54.61,54.88,tp,0.004,1,0.8871,2
2022-05-13 14:20:00,LONG,55.59,55.87,tp,0.004,1,0.6655,2
2022-05-13 14:25:00,SHORT,55.57,55.74,sl,-0.003991,0,0.7833,2
2022-05-13 14:30:00,SHORT,55.78,55.95,sl,-0.003991,0,0.6784,2
2022-05-13 14:35:00,LONG,55.74,55.57,sl,-0.004,0,0.6898,2
2022-05-13 14:40:00,LONG,55.24,55.07,sl,-0.004,0,0.6882,2
2022-05-13 14:45:00,LONG,55.15,54.98,sl,-0.004,0,0.8688,2
2022-05-13 14:50:00,SHORT,55.33,55.06,tp,0.004025,1,0.6575,2
2022-05-13 15:00:00,LONG,54.48,54.75,tp,0.004,1,0.8706,2
2022-05-13 15:10:00,SHORT,54.71,54.44,tp,0.004025,1,0.7236,2
2022-05-13 16:00:00,LONG,53.28,53.54,tp,0.004,1,0.7989,2
2022-05-13 16:10:00,SHORT,53.98,53.71,tp,0.004025,1,0.7845,2
2022-05-13 16:20:00,SHORT,52.9,52.64,tp,0.004025,1,0.6688,2
2022-05-13 16:30:00,LONG,51.65,51.9,tp,0.004,1,0.7184,2
2022-05-13 16:35:00,LONG,52.13,51.97,sl,-0.004,0,0.707,2
2022-05-13 16:40:00,LONG,51.71,51.96,tp,0.004,1,0.751,2
2022-05-13 16:50:00,LONG,51.57,51.82,tp,0.004,1,0.8677,2
2022-05-13 16:55:00,LONG,51.63,51.88,tp,0.004,1,0.6501,2
2022-05-13 17:10:00,SHORT,53.32,53.06,tp,0.004025,1,0.9156,2
2022-05-13 17:30:00,SHORT,53.0,52.74,tp,0.004025,1,0.8074,2
2022-05-13 17:45:00,SHORT,50.66,50.82,sl,-0.003991,0,0.7496,2
2022-05-13 17:50:00,LONG,50.96,50.8,sl,-0.004,0,0.6785,2
2022-05-13 17:55:00,LONG,50.08,49.92,sl,-0.004,0,0.7759,2
2022-05-13 18:00:00,LONG,49.79,50.04,tp,0.004,1,0.9588,2
2022-05-13 18:05:00,LONG,50.83,51.08,tp,0.004,1,0.7152,2
2022-05-13 18:10:00,SHORT,50.91,51.07,sl,-0.003991,0,0.7021,2
2022-05-13 18:25:00,LONG,50.74,50.99,tp,0.004,1,0.904,2
2022-05-13 18:30:00,SHORT,51.22,50.97,tp,0.004025,1,0.7958,2
2022-05-13 18:45:00,LONG,50.77,51.02,tp,0.004,1,0.8901,2
2022-05-13 18:50:00,LONG,51.76,52.01,tp,0.004,1,0.7245,2
2022-05-13 18:55:00,LONG,51.86,51.7,sl,-0.004,0,0.6749,2
2022-05-13 19:35:00,LONG,51.49,51.33,sl,-0.004,0,0.7644,2
2022-05-13 19:50:00,LONG,51.32,51.57,tp,0.004,1,0.693,2
2022-05-13 20:05:00,LONG,50.92,51.17,tp,0.004,1,0.8207,2
2022-05-13 20:10:00,LONG,51.04,51.29,tp,0.004,1,0.6631,2
2022-05-13 20:15:00,LONG,51.24,51.49,tp,0.004,1,0.6782,2
2022-05-13 20:20:00,SHORT,51.77,51.52,tp,0.004025,1,0.8782,2
2022-05-13 21:45:00,LONG,50.98,51.23,tp,0.004,1,0.6929,2
2022-05-13 21:50:00,SHORT,51.12,51.28,sl,-0.003991,0,0.7364,2
2022-05-13 22:10:00,SHORT,51.44,51.19,tp,0.004025,1,0.7776,2
2022-05-13 22:25:00,LONG,50.63,50.88,tp,0.004,1,0.8571,2
2022-05-13 22:45:00,LONG,50.35,50.19,sl,-0.004,0,0.6778,2
2022-05-13 23:05:00,LONG,49.4,49.65,tp,0.004,1,0.8998,2
2022-05-13 23:15:00,SHORT,49.61,49.75,sl,-0.003991,0,0.6981,2
2022-05-13 23:35:00,SHORT,49.02,48.77,tp,0.004025,1,0.6599,2
2022-05-13 23:45:00,SHORT,48.72,48.47,tp,0.004025,1,0.6919,2
2022-05-13 23:50:00,LONG,48.6,48.85,tp,0.004,1,0.8131,2
2022-05-14 00:10:00,LONG,50.1,50.35,tp,0.004,1,0.6606,2
2022-05-14 00:25:00,LONG,50.49,50.74,tp,0.004,1,0.6882,2
2022-05-14 00:30:00,LONG,50.08,50.33,tp,0.004,1,0.7588,2
2022-05-14 00:40:00,LONG,50.61,50.86,tp,0.004,1,0.7265,2
2022-05-14 01:05:00,LONG,50.61,50.86,tp,0.004,1,0.7411,2
2022-05-14 01:15:00,LONG,50.9,51.15,tp,0.004,1,0.7485,2
2022-05-14 01:20:00,LONG,51.01,51.26,tp,0.004,1,0.7023,2
2022-05-14 01:30:00,SHORT,51.31,51.47,sl,-0.003991,0,0.7034,2
2022-05-14 01:40:00,LONG,51.14,51.39,tp,0.004,1,0.7904,2
2022-05-14 02:20:00,LONG,51.71,51.55,sl,-0.004,0,0.7222,2
2022-05-14 02:30:00,LONG,52.15,52.41,tp,0.004,1,0.6785,2
2022-05-14 02:35:00,LONG,52.52,52.78,tp,0.004,1,0.728,2
2022-05-14 03:35:00,LONG,51.56,51.81,tp,0.004,1,0.8775,2
2022-05-14 03:50:00,SHORT,51.71,51.87,sl,-0.003991,0,0.6522,2
2022-05-14 04:05:00,LONG,51.44,51.69,tp,0.004,1,0.8826,2
2022-05-14 04:35:00,SHORT,52.39,52.13,tp,0.004025,1,0.658,2
2022-05-14 04:55:00,LONG,51.6,51.44,sl,-0.004,0,0.7202,2
2022-05-14 05:20:00,SHORT,52.01,51.75,tp,0.004025,1,0.7691,2
2022-05-14 05:30:00,LONG,51.42,51.67,tp,0.004,1,0.8229,2
2022-05-14 06:15:00,LONG,51.37,51.62,tp,0.004,1,0.652,2
2022-05-14 06:30:00,SHORT,52.23,51.97,tp,0.004025,1,0.9034,2
2022-05-14 06:55:00,LONG,51.85,51.69,sl,-0.004,0,0.7753,2
2022-05-14 07:05:00,SHORT,52.19,51.93,tp,0.004025,1,0.8529,2
2022-05-14 07:55:00,LONG,50.77,51.02,tp,0.004,1,0.8705,2
2022-05-14 09:00:00,LONG,50.72,50.97,tp,0.004,1,0.8637,2
2022-05-14 10:55:00,LONG,48.8,48.66,sl,-0.004,0,0.7375,2
2022-05-14 11:05:00,SHORT,48.96,48.71,tp,0.004025,1,0.6655,2
2022-05-14 11:25:00,LONG,47.49,47.73,tp,0.004,1,0.9404,2
2022-05-14 11:30:00,LONG,47.98,48.22,tp,0.004,1,0.7213,2
2022-05-14 11:35:00,SHORT,48.32,48.07,tp,0.004025,1,0.7325,2
2022-05-14 11:40:00,LONG,47.89,48.13,tp,0.004,1,0.701,2
2022-05-14 11:55:00,SHORT,48.02,47.78,tp,0.004025,1,0.7128,2
2022-05-14 12:00:00,LONG,48.07,47.93,sl,-0.004,0,0.7305,2
2022-05-14 12:25:00,LONG,48.76,49.01,tp,0.004,1,0.6603,2
2022-05-14 12:30:00,SHORT,48.69,48.44,tp,0.004025,1,0.6609,2
2022-05-14 13:15:00,LONG,47.13,47.37,tp,0.004,1,0.826,2
2022-05-14 13:30:00,SHORT,47.66,47.42,tp,0.004025,1,0.8272,2
2022-05-14 14:05:00,LONG,46.82,46.68,sl,-0.004,0,0.7196,2
2022-05-14 14:20:00,LONG,46.72,46.58,sl,-0.004,0,0.6687,2
2022-05-14 14:35:00,LONG,46.6,46.84,tp,0.004,1,0.7886,2
2022-05-14 14:40:00,SHORT,46.8,46.56,tp,0.004025,1,0.8015,2
2022-05-14 14:55:00,LONG,46.87,46.73,sl,-0.004,0,0.6539,2
2022-05-14 15:10:00,SHORT,47.15,46.91,tp,0.004025,1,0.6689,2
2022-05-14 15:35:00,SHORT,46.79,46.55,tp,0.004025,1,0.6946,2
2022-05-14 15:50:00,LONG,46.29,46.52,tp,0.004,1,0.8202,2
2022-05-14 16:15:00,LONG,47.38,47.62,tp,0.004,1,0.7395,2
2022-05-14 16:20:00,LONG,47.73,47.59,sl,-0.004,0,0.7281,2
2022-05-14 16:30:00,SHORT,48.37,48.12,tp,0.004025,1,0.9056,2
2022-05-14 16:50:00,SHORT,48.17,47.93,tp,0.004025,1,0.7785,2
2022-05-14 17:00:00,LONG,47.67,47.91,tp,0.004,1,0.8488,2
2022-05-14 17:20:00,SHORT,48.36,48.11,tp,0.004025,1,0.822,2
2022-05-14 17:35:00,LONG,47.91,47.77,sl,-0.004,0,0.7973,2
2022-05-14 17:55:00,LONG,48.8,48.66,sl,-0.004,0,0.6959,2
2022-05-14 18:00:00,LONG,48.86,49.11,tp,0.004,1,0.6572,2
2022-05-14 18:10:00,SHORT,50.05,49.8,tp,0.004025,1,0.7809,2
2022-05-14 18:30:00,LONG,49.47,49.33,sl,-0.004,0,0.8342,2
2022-05-14 19:00:00,LONG,49.03,49.28,tp,0.004,1,0.7974,2
2022-05-14 19:15:00,SHORT,49.2,49.34,sl,-0.003991,0,0.6798,2
2022-05-14 19:35:00,LONG,48.88,49.13,tp,0.004,1,0.8337,2
2022-05-14 20:10:00,LONG,50.19,50.44,tp,0.004,1,0.6774,2
2022-05-14 20:20:00,SHORT,50.37,50.12,tp,0.004025,1,0.8291,2
2022-05-14 20:35:00,SHORT,49.93,49.68,tp,0.004025,1,0.6509,2
2022-05-14 21:10:00,LONG,49.99,50.24,tp,0.004,1,0.6558,2
2022-05-14 21:45:00,SHORT,51.79,51.54,tp,0.004025,1,0.8498,2
2022-05-14 21:55:00,SHORT,50.97,51.13,sl,-0.003991,0,0.6703,2
2022-05-14 22:15:00,SHORT,51.43,51.18,tp,0.004025,1,0.7679,2
2022-05-14 22:35:00,LONG,50.91,51.16,tp,0.004,1,0.8333,2
2022-05-14 22:50:00,LONG,52.1,52.36,tp,0.004,1,0.7324,2
2022-05-14 23:00:00,SHORT,52.19,51.93,tp,0.004025,1,0.8167,2
2022-05-14 23:10:00,LONG,51.8,52.05,tp,0.004,1,0.7751,2
2022-05-14 23:35:00,LONG,52.49,52.33,sl,-0.004,0,0.7378,2
2022-05-15 00:10:00,LONG,51.56,51.81,tp,0.004,1,0.791,2
2022-05-15 00:25:00,SHORT,52.41,52.15,tp,0.004025,1,0.7326,2
2022-05-15 01:10:00,LONG,50.91,51.16,tp,0.004,1,0.8279,2
2022-05-15 01:15:00,SHORT,51.01,50.76,tp,0.004025,1,0.7266,2
2022-05-15 01:30:00,LONG,50.78,51.03,tp,0.004,1,0.8789,2
2022-05-15 02:15:00,LONG,50.58,50.42,sl,-0.004,0,0.7325,2
2022-05-15 02:45:00,LONG,50.07,50.32,tp,0.004,1,0.7585,2
2022-05-15 03:25:00,LONG,49.86,49.72,sl,-0.004,0,0.7703,2
2022-05-15 04:15:00,SHORT,50.68,50.43,tp,0.004025,1,0.8797,2
2022-05-15 04:40:00,LONG,50.21,50.05,sl,-0.004,0,0.6786,2
2022-05-15 05:05:00,LONG,49.91,50.16,tp,0.004,1,0.8841,2
2022-05-15 05:50:00,SHORT,51.22,50.97,tp,0.004025,1,0.8258,2
2022-05-15 06:35:00,SHORT,51.3,51.05,tp,0.004025,1,0.8568,2
2022-05-15 06:55:00,LONG,51.84,52.1,tp,0.004,1,0.7104,2
2022-05-15 07:00:00,LONG,52.03,52.29,tp,0.004,1,0.7526,2
2022-05-15 07:05:00,SHORT,52.14,52.3,sl,-0.003991,0,0.8642,2
2022-05-15 08:00:00,LONG,51.4,51.24,sl,-0.004,0,0.6707,2
2022-05-15 08:25:00,SHORT,51.83,51.57,tp,0.004025,1,0.8589,2
2022-05-15 08:50:00,LONG,51.09,50.93,sl,-0.004,0,0.8697,2
2022-05-15 09:10:00,LONG,50.96,51.21,tp,0.004,1,0.812,2
2022-05-15 09:40:00,LONG,51.43,51.68,tp,0.004,1,0.77,2
2022-05-15 09:45:00,SHORT,51.5,51.66,sl,-0.003991,0,0.794,2
2022-05-15 10:00:00,SHORT,51.68,51.43,tp,0.004025,1,0.8627,2
2022-05-15 10:10:00,LONG,51.57,51.41,sl,-0.004,0,0.7113,2
2022-05-15 10:45:00,LONG,52.0,52.26,tp,0.004,1,0.6914,2
2022-05-15 11:00:00,SHORT,52.74,52.9,sl,-0.003991,0,0.7843,2
2022-05-15 11:20:00,LONG,52.43,52.69,tp,0.004,1,0.732,2
2022-05-15 11:45:00,LONG,53.44,53.28,sl,-0.004,0,0.6902,2
2022-05-15 11:50:00,LONG,53.44,53.28,sl,-0.004,0,0.7217,2
2022-05-15 12:00:00,SHORT,53.57,53.73,sl,-0.003991,0,0.7625,2
2022-05-15 12:20:00,SHORT,53.9,53.63,tp,0.004025,1,0.8585,2
2022-05-15 12:30:00,LONG,52.96,53.22,tp,0.004,1,0.7765,2
2022-05-15 13:00:00,LONG,52.88,53.14,tp,0.004,1,0.8506,2
2022-05-15 13:15:00,SHORT,53.22,52.96,tp,0.004025,1,0.7187,2
2022-05-15 13:30:00,SHORT,52.7,52.86,sl,-0.003991,0,0.6632,2
2022-05-15 13:45:00,LONG,52.74,52.58,sl,-0.004,0,0.695,2
2022-05-15 14:05:00,LONG,52.6,52.44,sl,-0.004,0,0.7038,2
2022-05-15 14:25:00,LONG,52.91,52.75,sl,-0.004,0,0.653,2
2022-05-15 14:45:00,LONG,53.28,53.54,tp,0.004,1,0.6835,2
2022-05-15 15:05:00,LONG,54.24,54.51,tp,0.004,1,0.6856,2
2022-05-15 15:10:00,SHORT,54.45,54.18,tp,0.004025,1,0.8485,2
2022-05-15 15:35:00,LONG,52.94,53.2,tp,0.004,1,0.8199,2
2022-05-15 15:45:00,SHORT,53.13,52.87,tp,0.004025,1,0.8039,2
2022-05-15 15:55:00,LONG,52.91,53.17,tp,0.004,1,0.6871,2
2022-05-15 16:00:00,SHORT,53.1,53.26,sl,-0.003991,0,0.818,2
2022-05-15 16:55:00,SHORT,54.45,54.18,tp,0.004025,1,0.8627,2
2022-05-15 17:15:00,SHORT,54.51,54.68,sl,-0.003991,0,0.8058,2
2022-05-15 17:30:00,SHORT,54.64,54.37,tp,0.004025,1,0.8875,2
2022-05-15 17:40:00,LONG,54.47,54.3,sl,-0.004,0,0.7053,2
2022-05-15 17:50:00,SHORT,54.38,54.55,sl,-0.003991,0,0.7222,2
2022-05-15 18:00:00,LONG,54.34,54.61,tp,0.004,1,0.6555,2
2022-05-15 18:15:00,SHORT,55.45,55.17,tp,0.004025,1,0.9003,2
2022-05-15 18:45:00,SHORT,55.15,55.32,sl,-0.003991,0,0.6697,2
2022-05-15 19:00:00,LONG,54.62,54.89,tp,0.004,1,0.8177,2
2022-05-15 19:20:00,SHORT,54.8,54.53,tp,0.004025,1,0.7329,2
2022-05-15 19:25:00,LONG,54.39,54.66,tp,0.004,1,0.8367,2
2022-05-15 20:50:00,LONG,56.38,56.66,tp,0.004,1,0.7275,2
2022-05-15 20:55:00,LONG,56.83,56.66,sl,-0.004,0,0.682,2
2022-05-15 21:30:00,LONG,56.61,56.44,sl,-0.004,0,0.7096,2
2022-05-15 21:55:00,LONG,57.5,57.79,tp,0.004,1,0.788,2
2022-05-15 22:00:00,SHORT,58.1,57.81,tp,0.004025,1,0.8417,2
2022-05-15 22:45:00,SHORT,58.4,58.11,tp,0.004025,1,0.9039,2
2022-05-15 23:00:00,LONG,57.65,57.94,tp,0.004,1,0.8339,2
2022-05-15 23:45:00,LONG,58.76,59.05,tp,0.004,1,0.7627,2
2022-05-15 23:50:00,SHORT,58.96,58.67,tp,0.004025,1,0.7772,2
2022-05-16 00:00:00,SHORT,58.26,57.97,tp,0.004025,1,0.7534,2
2022-05-16 00:05:00,SHORT,58.08,58.26,sl,-0.003991,0,0.7011,2
2022-05-16 00:20:00,LONG,57.17,57.45,tp,0.004,1,0.8186,2
2022-05-16 00:50:00,LONG,56.92,57.2,tp,0.004,1,0.8794,2
2022-05-16 01:00:00,SHORT,57.3,57.01,tp,0.004025,1,0.8368,2
2022-05-16 01:10:00,LONG,56.75,57.03,tp,0.004,1,0.7945,2
2022-05-16 02:10:00,LONG,56.24,56.52,tp,0.004,1,0.9006,2
2022-05-16 02:15:00,SHORT,56.91,56.63,tp,0.004025,1,0.8246,2
2022-05-16 02:30:00,SHORT,57.06,57.23,sl,-0.003991,0,0.7664,2
2022-05-16 02:50:00,LONG,55.92,56.2,tp,0.004,1,0.7085,2
2022-05-16 03:00:00,SHORT,56.43,56.15,tp,0.004025,1,0.8494,2
2022-05-16 03:10:00,LONG,55.98,55.81,sl,-0.004,0,0.8781,2
2022-05-16 03:45:00,LONG,55.47,55.75,tp,0.004,1,0.853,2
2022-05-16 03:55:00,SHORT,56.06,55.78,tp,0.004025,1,0.8134,2
2022-05-16 04:15:00,LONG,55.45,55.72,tp,0.004,1,0.6881,2
2022-05-16 04:20:00,SHORT,55.67,55.39,tp,0.004025,1,0.7566,2
2022-05-16 04:30:00,LONG,54.95,55.22,tp,0.004,1,0.9093,2
2022-05-16 04:50:00,SHORT,55.66,55.38,tp,0.004025,1,0.7872,2
2022-05-16 05:05:00,LONG,55.64,55.92,tp,0.004,1,0.6962,2
2022-05-16 05:30:00,LONG,56.07,55.9,sl,-0.004,0,0.71,2
2022-05-16 06:40:00,SHORT,54.1,53.83,tp,0.004025,1,0.8447,2
2022-05-16 06:50:00,LONG,53.59,53.85,tp,0.004,1,0.9005,2
2022-05-16 07:05:00,LONG,53.59,53.43,sl,-0.004,0,0.6762,2
2022-05-16 07:40:00,SHORT,54.18,53.91,tp,0.004025,1,0.6568,2
2022-05-16 07:55:00,LONG,53.82,53.66,sl,-0.004,0,0.7825,2
2022-05-16 08:30:00,LONG,53.79,54.06,tp,0.004,1,0.7573,2
2022-05-16 08:55:00,SHORT,54.4,54.13,tp,0.004025,1,0.7303,2
2022-05-16 09:20:00,LONG,52.8,53.06,tp,0.004,1,0.9142,2
2022-05-16 09:50:00,SHORT,53.39,53.13,tp,0.004025,1,0.6767,2
2022-05-16 10:20:00,SHORT,54.11,54.28,sl,-0.003991,0,0.6547,2
2022-05-16 10:30:00,LONG,54.17,54.44,tp,0.004,1,0.7774,2
2022-05-16 10:40:00,LONG,54.52,54.79,tp,0.004,1,0.7657,2
2022-05-16 10:50:00,LONG,55.01,54.84,sl,-0.004,0,0.7132,2
2022-05-16 10:55:00,SHORT,55.02,54.75,tp,0.004025,1,0.8308,2
2022-05-16 11:15:00,LONG,54.28,54.55,tp,0.004,1,0.8254,2
2022-05-16 11:35:00,LONG,54.41,54.24,sl,-0.004,0,0.7462,2
2022-05-16 12:05:00,LONG,53.53,53.37,sl,-0.004,0,0.6651,2
2022-05-16 12:30:00,SHORT,54.86,54.59,tp,0.004025,1,0.8067,2
2022-05-16 12:40:00,LONG,54.47,54.74,tp,0.004,1,0.8214,2
2022-05-16 13:00:00,SHORT,55.28,55.01,tp,0.004025,1,0.8846,2
2022-05-16 13:30:00,LONG,54.03,54.3,tp,0.004,1,0.8228,2
2022-05-16 14:15:00,SHORT,53.72,53.88,sl,-0.003991,0,0.7806,2
2022-05-16 15:00:00,LONG,52.31,52.57,tp,0.004,1,0.8118,2
2022-05-16 15:15:00,SHORT,52.86,53.02,sl,-0.003991,0,0.755,2
2022-05-16 15:35:00,LONG,52.37,52.21,sl,-0.004,0,0.8169,2
2022-05-16 16:00:00,SHORT,53.5,53.24,tp,0.004025,1,0.8775,2
2022-05-16 16:15:00,SHORT,52.85,53.01,sl,-0.003991,0,0.697,2
2022-05-16 16:45:00,LONG,52.84,52.68,sl,-0.004,0,0.743,2
2022-05-16 17:05:00,LONG,53.76,53.6,sl,-0.004,0,0.6867,2
2022-05-16 17:10:00,LONG,53.75,53.59,sl,-0.004,0,0.7138,2
2022-05-16 17:20:00,LONG,54.27,54.1,sl,-0.004,0,0.6888,2
2022-05-16 17:25:00,LONG,54.38,54.65,tp,0.004,1,0.6781,2
2022-05-16 17:30:00,SHORT,54.42,54.15,tp,0.004025,1,0.8182,2
2022-05-16 18:20:00,LONG,54.99,55.26,tp,0.004,1,0.6665,2
2022-05-16 18:30:00,SHORT,55.18,55.35,sl,-0.003991,0,0.7535,2
2022-05-16 18:50:00,LONG,54.81,55.08,tp,0.004,1,0.7693,2
2022-05-16 19:05:00,SHORT,55.18,54.91,tp,0.004025,1,0.7456,2
2022-05-16 19:25:00,SHORT,54.83,54.56,tp,0.004025,1,0.7109,2
2022-05-16 19:35:00,LONG,54.54,54.37,sl,-0.004,0,0.7043,2
2022-05-16 19:55:00,SHORT,53.97,54.13,sl,-0.003991,0,0.6842,2
2022-05-16 20:00:00,LONG,53.83,54.1,tp,0.004,1,0.9136,2
2022-05-16 20:15:00,SHORT,54.46,54.19,tp,0.004025,1,0.8245,2
2022-05-16 21:05:00,LONG,55.36,55.63,tp,0.004,1,0.706,2
2022-05-16 22:30:00,LONG,54.62,54.45,sl,-0.004,0,0.8236,2
2022-05-16 22:55:00,SHORT,54.32,54.49,sl,-0.003991,0,0.6856,2
2022-05-16 23:05:00,LONG,54.14,54.41,tp,0.004,1,0.8863,2
2022-05-16 23:45:00,LONG,53.62,53.88,tp,0.004,1,0.6973,2
2022-05-17 00:15:00,SHORT,54.46,54.19,tp,0.004025,1,0.872,2
2022-05-17 00:30:00,LONG,54.21,54.48,tp,0.004,1,0.7441,2
2022-05-17 00:50:00,SHORT,55.01,54.74,tp,0.004025,1,0.8503,2
2022-05-17 01:30:00,LONG,53.91,54.18,tp,0.004,1,0.9044,2
2022-05-17 02:30:00,LONG,54.56,54.83,tp,0.004,1,0.7559,2
2022-05-17 03:10:00,LONG,55.14,55.41,tp,0.004,1,0.6884,2
2022-05-17 04:00:00,LONG,55.53,55.36,sl,-0.004,0,0.8007,2
2022-05-17 04:25:00,LONG,55.23,55.5,tp,0.004,1,0.7513,2
2022-05-17 04:55:00,LONG,56.6,56.88,tp,0.004,1,0.7108,2
2022-05-17 05:00:00,SHORT,56.83,56.55,tp,0.004025,1,0.8887,2
2022-05-17 05:15:00,LONG,56.44,56.27,sl,-0.004,0,0.6903,2
2022-05-17 05:25:00,SHORT,56.3,56.47,sl,-0.003991,0,0.6708,2
2022-05-17 05:30:00,LONG,56.22,56.5,tp,0.004,1,0.8115,2
2022-05-17 05:55:00,SHORT,56.81,56.53,tp,0.004025,1,0.8421,2
2022-05-17 06:25:00,LONG,56.53,56.81,tp,0.004,1,0.6838,2
2022-05-17 07:25:00,LONG,55.8,56.08,tp,0.004,1,0.843,2
2022-05-17 08:00:00,LONG,56.05,56.33,tp,0.004,1,0.7711,2
2022-05-17 08:05:00,SHORT,56.21,55.93,tp,0.004025,1,0.7464,2
2022-05-17 08:25:00,LONG,55.99,56.27,tp,0.004,1,0.7816,2
2022-05-17 08:40:00,SHORT,56.76,56.48,tp,0.004025,1,0.8139,2
2022-05-17 09:00:00,LONG,56.51,56.79,tp,0.004,1,0.709,2
2022-05-17 09:25:00,LONG,56.76,57.04,tp,0.004,1,0.7114,2
2022-05-17 09:30:00,SHORT,57.0,56.72,tp,0.004025,1,0.825,2
2022-05-17 10:15:00,LONG,56.25,56.08,sl,-0.004,0,0.8287,2
2022-05-17 10:25:00,SHORT,56.43,56.15,tp,0.004025,1,0.7472,2
2022-05-17 10:40:00,LONG,55.96,56.24,tp,0.004,1,0.8236,2
2022-05-17 11:00:00,LONG,56.05,56.33,tp,0.004,1,0.8281,2
2022-05-17 11:10:00,LONG,56.33,56.16,sl,-0.004,0,0.6543,2
2022-05-17 11:20:00,LONG,56.05,55.88,sl,-0.004,0,0.8181,2
2022-05-17 11:35:00,LONG,55.56,55.84,tp,0.004,1,0.8826,2
2022-05-17 12:35:00,SHORT,57.08,57.25,sl,-0.003991,0,0.8373,2
2022-05-17 12:55:00,SHORT,57.4,57.11,tp,0.004025,1,0.6868,2
2022-05-17 14:10:00,LONG,56.95,56.78,sl,-0.004,0,0.6967,2
2022-05-17 14:40:00,LONG,55.25,55.52,tp,0.004,1,0.6552,2
2022-05-17 14:55:00,LONG,54.78,55.05,tp,0.004,1,0.8942,2
2022-05-17 15:15:00,LONG,54.91,54.74,sl,-0.004,0,0.6976,2
2022-05-17 15:35:00,SHORT,55.19,54.92,tp,0.004025,1,0.7565,2
2022-05-17 16:00:00,SHORT,55.08,54.81,tp,0.004025,1,0.6943,2
2022-05-17 16:20:00,LONG,54.23,54.06,sl,-0.004,0,0.8688,2
2022-05-17 17:20:00,SHORT,55.49,55.21,tp,0.004025,1,0.8426,2
2022-05-17 17:50:00,SHORT,55.14,54.87,tp,0.004025,1,0.7031,2
2022-05-17 18:05:00,SHORT,55.42,55.15,tp,0.004025,1,0.8512,2
2022-05-17 18:15:00,SHORT,53.68,53.41,tp,0.004025,1,0.6609,2
2022-05-17 19:05:00,SHORT,55.13,55.3,sl,-0.003991,0,0.8301,2
2022-05-17 19:25:00,LONG,55.82,55.65,sl,-0.004,0,0.6979,2
2022-05-17 19:30:00,LONG,55.79,56.07,tp,0.004,1,0.7143,2
2022-05-17 19:35:00,SHORT,55.68,55.4,tp,0.004025,1,0.6605,2
2022-05-17 19:45:00,LONG,55.01,55.28,tp,0.004,1,0.8608,2
2022-05-17 20:40:00,SHORT,55.88,55.6,tp,0.004025,1,0.7674,2
2022-05-17 21:30:00,SHORT,56.12,56.29,sl,-0.003991,0,0.8877,2
2022-05-17 21:50:00,SHORT,56.62,56.79,sl,-0.003991,0,0.9041,2
2022-05-17 22:10:00,SHORT,56.85,56.57,tp,0.004025,1,0.7875,2
2022-05-17 22:45:00,SHORT,56.5,56.67,sl,-0.003991,0,0.6756,2
2022-05-17 23:05:00,SHORT,56.83,57.0,sl,-0.003991,0,0.6953,2
2022-05-17 23:25:00,SHORT,57.12,57.29,sl,-0.003991,0,0.8851,2
2022-05-17 23:35:00,LONG,56.94,57.22,tp,0.004,1,0.7347,2
2022-05-17 23:45:00,SHORT,57.25,57.42,sl,-0.003991,0,0.7832,2
2022-05-18 00:45:00,SHORT,57.31,57.48,sl,-0.003991,0,0.7002,2
2022-05-18 01:30:00,SHORT,56.63,56.8,sl,-0.003991,0,0.65,2
2022-05-18 01:55:00,LONG,56.19,56.47,tp,0.004,1,0.6755,2
2022-05-18 02:05:00,SHORT,56.46,56.18,tp,0.004025,1,0.7663,2
2022-05-18 02:55:00,SHORT,56.65,56.37,tp,0.004025,1,0.7793,2
2022-05-18 03:55:00,LONG,55.12,54.95,sl,-0.004,0,0.7967,2
2022-05-18 04:05:00,SHORT,55.34,55.51,sl,-0.003991,0,0.7777,2
2022-05-18 04:15:00,LONG,55.14,55.41,tp,0.004,1,0.8655,2
2022-05-18 04:25:00,SHORT,55.56,55.28,tp,0.004025,1,0.7288,2
2022-05-18 04:45:00,SHORT,55.47,55.19,tp,0.004025,1,0.8254,2
2022-05-18 05:20:00,SHORT,55.72,55.89,sl,-0.003991,0,0.7032,2
2022-05-18 05:40:00,LONG,55.67,55.95,tp,0.004,1,0.6919,2
2022-05-18 05:55:00,LONG,55.98,55.81,sl,-0.004,0,0.6631,2
2022-05-18 07:00:00,LONG,55.17,55.0,sl,-0.004,0,0.6544,2
2022-05-18 07:30:00,LONG,55.03,55.3,tp,0.004,1,0.8543,2
2022-05-18 07:50:00,LONG,55.29,55.12,sl,-0.004,0,0.7281,2
2022-05-18 08:00:00,SHORT,55.41,55.14,tp,0.004025,1,0.7734,2
2022-05-18 08:40:00,LONG,54.6,54.87,tp,0.004,1,0.7365,2
2022-05-18 09:20:00,LONG,54.04,54.31,tp,0.004,1,0.8927,2
2022-05-18 09:45:00,SHORT,54.4,54.13,tp,0.004025,1,0.7927,2
2022-05-18 10:05:00,SHORT,54.42,54.15,tp,0.004025,1,0.6889,2
2022-05-18 10:15:00,LONG,54.45,54.28,sl,-0.004,0,0.6507,2
2022-05-18 10:50:00,LONG,54.29,54.12,sl,-0.004,0,0.653,2
2022-05-18 11:15:00,SHORT,54.3,54.03,tp,0.004025,1,0.6521,2
2022-05-18 11:40:00,LONG,53.98,54.25,tp,0.004,1,0.6686,2
2022-05-18 12:15:00,LONG,53.72,53.99,tp,0.004,1,0.73,2
2022-05-18 13:05:00,LONG,52.76,53.02,tp,0.004,1,0.921,2
2022-05-18 13:25:00,SHORT,52.39,52.13,tp,0.004025,1,0.6918,2
2022-05-18 13:40:00,SHORT,51.62,51.78,sl,-0.003991,0,0.7172,2
2022-05-18 13:50:00,LONG,51.78,51.62,sl,-0.004,0,0.7865,2
2022-05-18 14:05:00,LONG,51.88,51.72,sl,-0.004,0,0.6723,2
2022-05-18 14:40:00,SHORT,50.74,50.49,tp,0.004025,1,0.6932,2
2022-05-18 14:45:00,LONG,51.12,50.96,sl,-0.004,0,0.7176,2
2022-05-18 15:10:00,SHORT,50.55,50.3,tp,0.004025,1,0.715,2
2022-05-18 15:15:00,LONG,50.17,50.01,sl,-0.004,0,0.6705,2
2022-05-18 15:20:00,LONG,50.09,50.34,tp,0.004,1,0.7628,2
2022-05-18 16:15:00,SHORT,50.97,50.72,tp,0.004025,1,0.8024,2
2022-05-18 16:35:00,SHORT,50.82,50.57,tp,0.004025,1,0.6534,2
2022-05-18 16:40:00,LONG,50.52,50.77,tp,0.004,1,0.8384,2
2022-05-18 17:10:00,LONG,50.65,50.9,tp,0.004,1,0.7925,2
2022-05-18 17:35:00,SHORT,51.2,50.95,tp,0.004025,1,0.9006,2
2022-05-18 17:55:00,SHORT,50.61,50.36,tp,0.004025,1,0.6578,2
2022-05-18 18:05:00,LONG,50.24,50.49,tp,0.004,1,0.886,2
2022-05-18 18:35:00,LONG,50.88,51.13,tp,0.004,1,0.7213,2
2022-05-18 19:05:00,SHORT,51.7,51.45,tp,0.004025,1,0.8025,2
2022-05-18 19:20:00,LONG,51.22,51.47,tp,0.004,1,0.8268,2
2022-05-18 19:55:00,SHORT,51.69,51.44,tp,0.004025,1,0.7147,2
2022-05-18 20:30:00,LONG,50.52,50.36,sl,-0.004,0,0.8583,2
2022-05-18 20:50:00,SHORT,51.03,51.19,sl,-0.003991,0,0.6802,2
2022-05-18 21:05:00,LONG,51.01,51.26,tp,0.004,1,0.7402,2
2022-05-18 21:50:00,LONG,50.72,50.97,tp,0.004,1,0.8546,2
2022-05-18 22:05:00,LONG,50.84,51.09,tp,0.004,1,0.6714,2
2022-05-18 22:55:00,LONG,50.92,51.17,tp,0.004,1,0.7166,2
2022-05-18 23:25:00,SHORT,50.01,50.17,sl,-0.003991,0,0.7057,2
2022-05-18 23:35:00,LONG,49.71,49.96,tp,0.004,1,0.876,2
2022-05-19 00:35:00,SHORT,50.81,50.56,tp,0.004025,1,0.8489,2
2022-05-19 00:55:00,LONG,50.49,50.74,tp,0.004,1,0.7531,2
2022-05-19 01:55:00,LONG,48.65,48.9,tp,0.004,1,0.8477,2
2022-05-19 02:10:00,LONG,48.55,48.8,tp,0.004,1,0.879,2
2022-05-19 02:20:00,SHORT,49.1,48.85,tp,0.004025,1,0.8514,2
2022-05-19 02:30:00,LONG,48.9,49.15,tp,0.004,1,0.8437,2
2022-05-19 02:45:00,SHORT,49.6,49.74,sl,-0.003991,0,0.7496,2
2022-05-19 03:10:00,SHORT,50.44,50.6,sl,-0.003991,0,0.6526,2
2022-05-19 03:15:00,LONG,50.34,50.59,tp,0.004,1,0.8443,2
2022-05-19 03:45:00,SHORT,50.84,50.59,tp,0.004025,1,0.846,2
2022-05-19 03:55:00,LONG,50.66,50.91,tp,0.004,1,0.7679,2
2022-05-19 04:10:00,SHORT,51.15,51.31,sl,-0.003991,0,0.6902,2
2022-05-19 04:30:00,LONG,50.69,50.94,tp,0.004,1,0.822,2
2022-05-19 04:40:00,SHORT,50.79,50.54,tp,0.004025,1,0.6953,2
2022-05-19 05:00:00,LONG,50.5,50.75,tp,0.004,1,0.8925,2
2022-05-19 05:25:00,SHORT,50.46,50.21,tp,0.004025,1,0.6727,2
2022-05-19 05:35:00,LONG,50.24,50.49,tp,0.004,1,0.8845,2
2022-05-19 06:15:00,SHORT,51.3,51.46,sl,-0.003991,0,0.8744,2
2022-05-19 06:45:00,LONG,51.35,51.6,tp,0.004,1,0.7303,2
2022-05-19 07:50:00,LONG,50.83,51.08,tp,0.004,1,0.8725,2
2022-05-19 08:05:00,LONG,50.73,50.98,tp,0.004,1,0.7746,2
2022-05-19 09:00:00,LONG,49.63,49.88,tp,0.004,1,0.7946,2
2022-05-19 09:05:00,SHORT,49.86,49.61,tp,0.004025,1,0.7738,2
2022-05-19 09:30:00,SHORT,49.24,48.99,tp,0.004025,1,0.7062,2
2022-05-19 09:45:00,LONG,48.74,48.99,tp,0.004,1,0.734,2
2022-05-19 10:00:00,SHORT,49.25,49.39,sl,-0.003991,0,0.8219,2
2022-05-19 10:15:00,SHORT,49.26,49.01,tp,0.004025,1,0.7999,2
2022-05-19 10:30:00,LONG,48.41,48.66,tp,0.004,1,0.9121,2
2022-05-19 10:40:00,SHORT,49.23,49.37,sl,-0.003991,0,0.7086,2
2022-05-19 11:10:00,LONG,49.11,48.97,sl,-0.004,0,0.668,2
2022-05-19 11:25:00,LONG,49.51,49.37,sl,-0.004,0,0.6956,2
2022-05-19 11:40:00,LONG,50.09,50.34,tp,0.004,1,0.7468,2
2022-05-19 11:45:00,LONG,50.51,50.76,tp,0.004,1,0.6809,2
2022-05-19 11:55:00,SHORT,51.19,50.94,tp,0.004025,1,0.8557,2
2022-05-19 12:05:00,LONG,50.69,50.94,tp,0.004,1,0.8266,2
2022-05-19 12:25:00,SHORT,51.0,50.75,tp,0.004025,1,0.7454,2
2022-05-19 12:35:00,LONG,50.38,50.63,tp,0.004,1,0.8677,2
2022-05-19 12:55:00,SHORT,50.69,50.85,sl,-0.003991,0,0.662,2
2022-05-19 13:00:00,LONG,50.76,51.01,tp,0.004,1,0.7601,2
2022-05-19 13:10:00,SHORT,51.64,51.39,tp,0.004025,1,0.861,2
2022-05-19 13:25:00,LONG,51.34,51.59,tp,0.004,1,0.7011,2
2022-05-19 13:35:00,SHORT,51.8,51.55,tp,0.004025,1,0.6948,2
2022-05-19 13:45:00,LONG,50.68,50.93,tp,0.004,1,0.7754,2
2022-05-19 14:00:00,SHORT,51.26,51.42,sl,-0.003991,0,0.7484,2
2022-05-19 14:15:00,LONG,52.0,52.26,tp,0.004,1,0.6906,2
2022-05-19 14:20:00,SHORT,52.61,52.35,tp,0.004025,1,0.8967,2
2022-05-19 15:05:00,LONG,52.13,52.39,tp,0.004,1,0.7245,2
2022-05-19 15:35:00,SHORT,53.58,53.32,tp,0.004025,1,0.6836,2
2022-05-19 15:55:00,LONG,53.25,53.51,tp,0.004,1,0.75,2
2022-05-19 16:10:00,LONG,53.16,53.0,sl,-0.004,0,0.786,2
2022-05-19 16:35:00,LONG,52.72,52.98,tp,0.004,1,0.8506,2
2022-05-19 17:05:00,SHORT,53.13,52.87,tp,0.004025,1,0.6776,2
2022-05-19 17:15:00,SHORT,52.79,52.95,sl,-0.003991,0,0.6545,2
2022-05-19 17:25:00,LONG,52.76,53.02,tp,0.004,1,0.7744,2
2022-05-19 17:35:00,SHORT,52.97,52.71,tp,0.004025,1,0.7996,2
2022-05-19 18:05:00,SHORT,53.33,53.07,tp,0.004025,1,0.8779,2
2022-05-19 18:40:00,LONG,52.73,52.57,sl,-0.004,0,0.7353,2
2022-05-19 19:00:00,SHORT,52.86,52.6,tp,0.004025,1,0.8168,2
2022-05-19 19:15:00,SHORT,52.2,51.94,tp,0.004025,1,0.7269,2
2022-05-19 19:40:00,SHORT,52.01,51.75,tp,0.004025,1,0.8227,2
2022-05-19 20:00:00,LONG,51.68,51.93,tp,0.004,1,0.7652,2
2022-05-19 20:30:00,LONG,51.9,52.16,tp,0.004,1,0.6917,2
2022-05-19 20:55:00,SHORT,52.09,52.25,sl,-0.003991,0,0.7008,2
2022-05-19 21:15:00,SHORT,52.42,52.16,tp,0.004025,1,0.7615,2
2022-05-19 22:00:00,LONG,51.29,51.13,sl,-0.004,0,0.913,2
2022-05-19 22:25:00,LONG,50.91,50.75,sl,-0.004,0,0.7454,2
2022-05-19 23:00:00,SHORT,51.59,51.34,tp,0.004025,1,0.8097,2
2022-05-20 00:05:00,SHORT,52.17,51.91,tp,0.004025,1,0.7353,2
2022-05-20 00:45:00,SHORT,52.28,52.02,tp,0.004025,1,0.8617,2
2022-05-20 01:30:00,LONG,52.92,53.18,tp,0.004,1,0.6622,2
2022-05-20 01:35:00,LONG,53.35,53.19,sl,-0.004,0,0.6818,2
2022-05-20 03:05:00,SHORT,52.16,51.9,tp,0.004025,1,0.6724,2
2022-05-20 03:15:00,LONG,51.87,51.71,sl,-0.004,0,0.8657,2
2022-05-20 03:55:00,LONG,51.53,51.78,tp,0.004,1,0.8599,2
2022-05-20 04:25:00,LONG,51.27,51.11,sl,-0.004,0,0.7003,2
2022-05-20 04:45:00,LONG,50.97,50.81,sl,-0.004,0,0.8152,2
2022-05-20 05:00:00,LONG,50.63,50.88,tp,0.004,1,0.9258,2
2022-05-20 05:25:00,SHORT,51.19,51.35,sl,-0.003991,0,0.7591,2
2022-05-20 05:35:00,LONG,51.19,51.44,tp,0.004,1,0.6584,2
2022-05-20 06:00:00,SHORT,52.21,51.95,tp,0.004025,1,0.8894,2
2022-05-20 06:30:00,LONG,51.17,51.01,sl,-0.004,0,0.7299,2
2022-05-20 06:45:00,LONG,50.83,51.08,tp,0.004,1,0.876,2
2022-05-20 07:50:00,SHORT,52.22,51.96,tp,0.004025,1,0.8793,2
2022-05-20 08:00:00,LONG,51.87,52.13,tp,0.004,1,0.8294,2
2022-05-20 08:35:00,SHORT,52.62,52.36,tp,0.004025,1,0.8282,2
2022-05-20 08:50:00,LONG,52.42,52.68,tp,0.004,1,0.7132,2
2022-05-20 09:00:00,SHORT,52.62,52.36,tp,0.004025,1,0.8889,2
2022-05-20 09:10:00,LONG,52.51,52.77,tp,0.004,1,0.659,2
2022-05-20 09:15:00,SHORT,52.9,52.64,tp,0.004025,1,0.8517,2
2022-05-20 09:35:00,SHORT,52.99,53.15,sl,-0.003991,0,0.8798,2
2022-05-20 09:45:00,LONG,52.87,53.13,tp,0.004,1,0.7194,2
2022-05-20 10:00:00,LONG,52.9,53.16,tp,0.004,1,0.7392,2
2022-05-20 10:05:00,LONG,53.2,53.04,sl,-0.004,0,0.7163,2
2022-05-20 10:20:00,SHORT,53.21,52.95,tp,0.004025,1,0.795,2
2022-05-20 10:55:00,LONG,53.4,53.24,sl,-0.004,0,0.6749,2
2022-05-20 11:05:00,SHORT,53.42,53.16,tp,0.004025,1,0.7304,2
2022-05-20 11:50:00,SHORT,53.18,53.34,sl,-0.003991,0,0.7929,2
2022-05-20 12:45:00,LONG,51.85,51.69,sl,-0.004,0,0.8429,2
2022-05-20 13:05:00,LONG,51.96,52.22,tp,0.004,1,0.7099,2
2022-05-20 13:35:00,LONG,51.92,52.18,tp,0.004,1,0.7291,2
2022-05-20 14:20:00,SHORT,51.03,50.78,tp,0.004025,1,0.7163,2
2022-05-20 14:25:00,SHORT,50.95,51.11,sl,-0.003991,0,0.7119,2
2022-05-20 14:30:00,SHORT,51.11,50.86,tp,0.004025,1,0.7986,2
2022-05-20 14:35:00,LONG,50.57,50.82,tp,0.004,1,0.8725,2
2022-05-20 14:55:00,SHORT,50.34,50.09,tp,0.004025,1,0.6738,2
2022-05-20 15:00:00,SHORT,49.7,49.84,sl,-0.003991,0,0.6521,2
2022-05-20 15:05:00,SHORT,50.05,49.8,tp,0.004025,1,0.6602,2
2022-05-20 15:20:00,LONG,49.81,50.06,tp,0.004,1,0.7405,2
2022-05-20 15:25:00,SHORT,49.95,49.7,tp,0.004025,1,0.7701,2
2022-05-20 15:45:00,LONG,49.47,49.33,sl,-0.004,0,0.8508,2
2022-05-20 16:10:00,LONG,49.04,48.9,sl,-0.004,0,0.691,2
2022-05-20 17:00:00,LONG,48.33,48.19,sl,-0.004,0,0.8369,2
2022-05-20 17:15:00,SHORT,48.47,48.22,tp,0.004025,1,0.8012,2
2022-05-20 17:25:00,LONG,48.02,48.26,tp,0.004,1,0.8475,2
2022-05-20 17:55:00,SHORT,49.0,48.75,tp,0.004025,1,0.8632,2
2022-05-20 18:05:00,LONG,48.75,48.61,sl,-0.004,0,0.7038,2
2022-05-20 18:15:00,SHORT,48.69,48.44,tp,0.004025,1,0.7433,2
2022-05-20 18:30:00,LONG,48.46,48.71,tp,0.004,1,0.8212,2
2022-05-20 18:50:00,SHORT,49.21,48.96,tp,0.004025,1,0.843,2
2022-05-20 19:00:00,LONG,48.95,49.2,tp,0.004,1,0.7979,2
2022-05-20 19:55:00,SHORT,50.13,49.88,tp,0.004025,1,0.8926,2
2022-05-20 20:00:00,LONG,49.92,50.17,tp,0.004,1,0.7297,2
2022-05-20 20:45:00,LONG,49.98,50.23,tp,0.004,1,0.7279,2
2022-05-20 21:10:00,SHORT,50.1,50.26,sl,-0.003991,0,0.659,2
2022-05-20 21:25:00,SHORT,50.36,50.11,tp,0.004025,1,0.8975,2
2022-05-20 21:50:00,SHORT,49.92,49.67,tp,0.004025,1,0.7029,2
2022-05-20 22:00:00,LONG,49.96,50.21,tp,0.004,1,0.6564,2
2022-05-20 22:05:00,SHORT,49.98,50.13,sl,-0.003991,0,0.7973,2
2022-05-20 22:15:00,LONG,49.93,50.18,tp,0.004,1,0.7464,2
2022-05-20 22:25:00,SHORT,50.21,49.96,tp,0.004025,1,0.8036,2
2022-05-20 22:55:00,LONG,49.75,50.0,tp,0.004,1,0.7764,2
2022-05-20 23:15:00,SHORT,50.17,49.92,tp,0.004025,1,0.7097,2
2022-05-20 23:45:00,LONG,49.54,49.4,sl,-0.004,0,0.7752,2
2022-05-21 00:00:00,LONG,49.47,49.72,tp,0.004,1,0.797,2
2022-05-21 01:10:00,LONG,49.13,48.99,sl,-0.004,0,0.7446,2
2022-05-21 01:25:00,LONG,48.62,48.87,tp,0.004,1,0.8786,2
2022-05-21 02:50:00,LONG,49.54,49.79,tp,0.004,1,0.8609,2
2022-05-21 03:20:00,SHORT,49.51,49.26,tp,0.004025,1,0.8175,2
2022-05-21 03:30:00,LONG,49.35,49.6,tp,0.004,1,0.7645,2
2022-05-21 04:15:00,LONG,49.98,49.84,sl,-0.004,0,0.8034,2
2022-05-21 04:50:00,LONG,49.84,49.7,sl,-0.004,0,0.6894,2
2022-05-21 05:10:00,SHORT,49.96,49.71,tp,0.004025,1,0.7372,2
2022-05-21 05:20:00,LONG,49.58,49.83,tp,0.004,1,0.7738,2
2022-05-21 05:35:00,SHORT,49.82,49.57,tp,0.004025,1,0.6863,2
2022-05-21 05:55:00,LONG,49.73,49.59,sl,-0.004,0,0.6723,2
2022-05-21 06:00:00,SHORT,49.74,49.49,tp,0.004025,1,0.6741,2
2022-05-21 06:35:00,SHORT,49.89,49.64,tp,0.004025,1,0.6887,2
2022-05-21 06:45:00,LONG,49.7,49.95,tp,0.004,1,0.7111,2
2022-05-21 08:00:00,LONG,50.08,49.92,sl,-0.004,0,0.673,2
2022-05-21 08:10:00,SHORT,50.1,49.85,tp,0.004025,1,0.7521,2
2022-05-21 08:20:00,LONG,49.96,49.82,sl,-0.004,0,0.6803,2
2022-05-21 08:35:00,SHORT,50.04,49.79,tp,0.004025,1,0.7214,2
2022-05-21 09:55:00,LONG,49.65,49.9,tp,0.004,1,0.7556,2
2022-05-21 11:00:00,SHORT,49.66,49.41,tp,0.004025,1,0.685,2
2022-05-21 11:45:00,SHORT,49.4,49.54,sl,-0.003991,0,0.6721,2
2022-05-21 12:00:00,SHORT,49.6,49.35,tp,0.004025,1,0.7789,2
2022-05-21 13:35:00,SHORT,49.92,50.06,sl,-0.003991,0,0.6861,2
2022-05-21 14:05:00,SHORT,49.99,49.75,tp,0.004025,1,0.7335,2
2022-05-21 14:25:00,LONG,49.8,50.05,tp,0.004,1,0.7035,2
2022-05-21 14:40:00,LONG,50.44,50.28,sl,-0.004,0,0.6846,2
2022-05-21 15:10:00,LONG,50.29,50.54,tp,0.004,1,0.8044,2
2022-05-21 15:30:00,LONG,50.5,50.75,tp,0.004,1,0.6598,2
2022-05-21 16:05:00,LONG,50.84,51.09,tp,0.004,1,0.7092,2
2022-05-21 16:10:00,SHORT,51.05,50.8,tp,0.004025,1,0.8376,2
2022-05-21 16:15:00,LONG,50.72,50.97,tp,0.004,1,0.738,2
2022-05-21 17:00:00,LONG,50.31,50.56,tp,0.004,1,0.8629,2
2022-05-21 17:10:00,SHORT,50.6,50.35,tp,0.004025,1,0.7864,2
2022-05-21 17:20:00,LONG,50.22,50.06,sl,-0.004,0,0.8267,2
2022-05-21 17:30:00,SHORT,50.17,50.33,sl,-0.003991,0,0.6506,2
2022-05-21 17:35:00,LONG,50.22,50.06,sl,-0.004,0,0.6851,2
2022-05-21 18:05:00,SHORT,50.32,50.48,sl,-0.003991,0,0.7464,2
2022-05-21 18:20:00,SHORT,50.37,50.53,sl,-0.003991,0,0.835,2
2022-05-21 20:10:00,SHORT,50.31,50.06,tp,0.004025,1,0.6896,2
2022-05-21 20:40:00,LONG,49.89,49.75,sl,-0.004,0,0.7058,2
2022-05-21 21:35:00,SHORT,50.12,49.87,tp,0.004025,1,0.662,2
2022-05-22 00:30:00,SHORT,50.67,50.42,tp,0.004025,1,0.8158,2
2022-05-22 00:40:00,LONG,50.49,50.39,timeout,-0.002791,0,0.6651,2
2022-05-22 01:15:00,SHORT,50.66,50.41,tp,0.004025,1,0.712,2
2022-05-22 01:25:00,LONG,50.45,50.29,sl,-0.004,0,0.6715,2
2022-05-22 03:55:00,SHORT,50.11,49.86,tp,0.004025,1,0.6695,2
2022-05-22 04:15:00,LONG,49.74,49.99,tp,0.004,1,0.8448,2
2022-05-22 08:30:00,SHORT,50.61,50.77,sl,-0.003991,0,0.7502,2
2022-05-22 09:35:00,LONG,51.21,51.46,tp,0.004,1,0.689,2
2022-05-22 09:40:00,SHORT,51.36,51.52,sl,-0.003991,0,0.8533,2
2022-05-22 10:20:00,LONG,51.46,51.71,tp,0.004,1,0.6668,2
2022-05-22 10:25:00,SHORT,51.69,51.44,tp,0.004025,1,0.7941,2
2022-05-22 10:35:00,LONG,51.49,51.74,tp,0.004,1,0.7148,2
2022-05-22 10:45:00,SHORT,51.84,51.58,tp,0.004025,1,0.8149,2
2022-05-22 11:30:00,LONG,51.36,51.61,tp,0.004,1,0.6702,2
2022-05-22 12:00:00,SHORT,51.63,51.79,sl,-0.003991,0,0.8031,2
2022-05-22 12:40:00,LONG,51.71,51.96,tp,0.004,1,0.6997,2
2022-05-22 13:40:00,SHORT,51.58,51.74,sl,-0.003991,0,0.7641,2
2022-05-22 14:10:00,LONG,51.95,52.21,tp,0.004,1,0.7144,2
2022-05-22 14:15:00,LONG,52.1,52.36,tp,0.004,1,0.7539,2
2022-05-22 14:20:00,LONG,52.46,52.72,tp,0.004,1,0.8185,2
2022-05-22 14:25:00,LONG,52.69,52.53,sl,-0.004,0,0.7099,2
2022-05-22 15:15:00,SHORT,52.0,51.74,tp,0.004025,1,0.8341,2
2022-05-22 15:20:00,LONG,51.58,51.83,tp,0.004,1,0.7611,2
2022-05-22 15:50:00,SHORT,51.95,51.69,tp,0.004025,1,0.8476,2
2022-05-22 16:10:00,LONG,51.33,51.58,tp,0.004,1,0.7826,2
2022-05-22 17:05:00,SHORT,51.94,52.1,sl,-0.003991,0,0.8067,2
2022-05-22 17:20:00,SHORT,52.14,51.88,tp,0.004025,1,0.8552,2
2022-05-22 18:15:00,LONG,51.3,51.55,tp,0.004,1,0.8277,2
2022-05-22 18:35:00,SHORT,51.62,51.78,sl,-0.003991,0,0.7894,2
2022-05-22 19:45:00,SHORT,51.54,51.7,sl,-0.003991,0,0.7216,2
2022-05-22 19:50:00,LONG,51.36,51.61,tp,0.004,1,0.7117,2
2022-05-22 21:20:00,SHORT,52.08,51.82,tp,0.004025,1,0.7701,2
2022-05-22 22:20:00,SHORT,52.71,52.87,sl,-0.003991,0,0.765,2
2022-05-22 22:55:00,LONG,52.54,52.8,tp,0.004,1,0.773,2
2022-05-22 23:10:00,SHORT,52.98,53.14,sl,-0.003991,0,0.7216,2
2022-05-22 23:25:00,SHORT,52.91,52.65,tp,0.004025,1,0.6774,2
2022-05-22 23:30:00,LONG,52.79,52.63,sl,-0.004,0,0.6732,2
2022-05-23 00:00:00,LONG,52.58,52.84,tp,0.004,1,0.6928,2
2022-05-23 00:15:00,SHORT,53.03,52.77,tp,0.004025,1,0.8693,2
2022-05-23 00:25:00,LONG,52.66,52.5,sl,-0.004,0,0.8132,2
2022-05-23 01:40:00,LONG,52.28,52.12,sl,-0.004,0,0.7169,2
2022-05-23 02:20:00,SHORT,52.06,52.22,sl,-0.003991,0,0.6676,2
2022-05-23 02:30:00,LONG,51.88,52.14,tp,0.004,1,0.8904,2
2022-05-23 03:05:00,SHORT,52.28,52.02,tp,0.004025,1,0.7127,2
2022-05-23 03:35:00,LONG,52.1,52.36,tp,0.004,1,0.6736,2
2022-05-23 05:00:00,LONG,52.17,52.01,sl,-0.004,0,0.6618,2
2022-05-23 05:30:00,LONG,52.01,52.27,tp,0.004,1,0.8184,2
2022-05-23 05:45:00,LONG,52.41,52.67,tp,0.004,1,0.6658,2
2022-05-23 05:50:00,LONG,52.41,52.67,tp,0.004,1,0.7208,2
2022-05-23 06:15:00,LONG,52.73,52.99,tp,0.004,1,0.7525,2
2022-05-23 06:20:00,SHORT,52.84,53.0,sl,-0.003991,0,0.7417,2
2022-05-23 06:30:00,LONG,52.78,53.04,tp,0.004,1,0.7325,2
2022-05-23 06:50:00,LONG,52.85,53.11,tp,0.004,1,0.7749,2
2022-05-23 07:15:00,LONG,53.67,53.94,tp,0.004,1,0.725,2
2022-05-23 07:25:00,LONG,53.94,54.21,tp,0.004,1,0.7081,2
2022-05-23 07:30:00,SHORT,54.06,53.79,tp,0.004025,1,0.7843,2
2022-05-23 07:50:00,LONG,53.67,53.94,tp,0.004,1,0.7181,2
2022-05-23 08:05:00,SHORT,53.84,53.57,tp,0.004025,1,0.7065,2
2022-05-23 08:15:00,LONG,53.33,53.17,sl,-0.004,0,0.7955,2
2022-05-23 10:10:00,SHORT,53.95,53.68,tp,0.004025,1,0.8001,2
2022-05-23 10:30:00,LONG,53.72,53.99,tp,0.004,1,0.8216,2
2022-05-23 11:15:00,SHORT,54.6,54.33,tp,0.004025,1,0.873,2
2022-05-23 12:40:00,LONG,53.92,53.76,sl,-0.004,0,0.6903,2
2022-05-23 13:00:00,LONG,53.44,53.7,tp,0.004,1,0.8358,2
2022-05-23 13:15:00,SHORT,53.81,53.54,tp,0.004025,1,0.8246,2
2022-05-23 13:30:00,SHORT,53.64,53.37,tp,0.004025,1,0.698,2
2022-05-23 14:00:00,SHORT,52.41,52.57,sl,-0.003991,0,0.74,2
2022-05-23 14:05:00,LONG,52.48,52.74,tp,0.004,1,0.8618,2
2022-05-23 14:30:00,SHORT,53.06,53.22,sl,-0.003991,0,0.7839,2
2022-05-23 14:45:00,SHORT,53.07,53.23,sl,-0.003991,0,0.7105,2
2022-05-23 14:55:00,LONG,53.05,53.31,tp,0.004,1,0.7082,2
2022-05-23 15:05:00,LONG,53.48,53.74,tp,0.004,1,0.6502,2
2022-05-23 15:45:00,LONG,53.89,54.16,tp,0.004,1,0.7549,2
2022-05-23 16:05:00,SHORT,54.3,54.03,tp,0.004025,1,0.8533,2
2022-05-23 16:15:00,LONG,54.07,54.34,tp,0.004,1,0.7373,2
2022-05-23 16:20:00,SHORT,54.36,54.09,tp,0.004025,1,0.8751,2
2022-05-23 16:55:00,SHORT,53.61,53.35,tp,0.004025,1,0.6653,2
2022-05-23 17:20:00,SHORT,53.08,52.82,tp,0.004025,1,0.681,2
2022-05-23 17:30:00,LONG,53.08,52.92,sl,-0.004,0,0.7427,2
2022-05-23 17:35:00,SHORT,53.15,52.89,tp,0.004025,1,0.7906,2
2022-05-23 17:55:00,SHORT,52.95,53.11,sl,-0.003991,0,0.6621,2
2022-05-23 18:00:00,LONG,52.89,53.15,tp,0.004,1,0.6722,2
2022-05-23 18:10:00,SHORT,53.07,52.81,tp,0.004025,1,0.6918,2
2022-05-23 18:35:00,LONG,52.68,52.52,sl,-0.004,0,0.6916,2
2022-05-23 18:55:00,SHORT,51.99,51.73,tp,0.004025,1,0.6866,2
2022-05-23 19:15:00,SHORT,51.17,50.92,tp,0.004025,1,0.7122,2
2022-05-23 19:20:00,SHORT,50.9,50.65,tp,0.004025,1,0.6935,2
2022-05-23 19:25:00,LONG,50.79,51.04,tp,0.004,1,0.8156,2
2022-05-23 19:50:00,SHORT,50.23,50.39,sl,-0.003991,0,0.6509,2
2022-05-23 20:05:00,SHORT,50.45,50.61,sl,-0.003991,0,0.8328,2
2022-05-23 20:50:00,SHORT,50.65,50.81,sl,-0.003991,0,0.6707,2
2022-05-23 21:30:00,SHORT,50.98,50.73,tp,0.004025,1,0.8411,2
2022-05-23 22:00:00,SHORT,49.84,49.59,tp,0.004025,1,0.7608,2
2022-05-23 22:05:00,LONG,49.86,50.11,tp,0.004,1,0.669,2
2022-05-23 22:30:00,LONG,49.16,49.41,tp,0.004,1,0.7642,2
2022-05-23 22:55:00,SHORT,49.26,49.01,tp,0.004025,1,0.7371,2
2022-05-23 23:15:00,LONG,48.92,49.17,tp,0.004,1,0.8134,2
2022-05-23 23:30:00,SHORT,49.24,48.99,tp,0.004025,1,0.8205,2
2022-05-23 23:45:00,LONG,49.16,49.02,sl,-0.004,0,0.7096,2
2022-05-24 00:40:00,SHORT,49.55,49.3,tp,0.004025,1,0.689,2
2022-05-24 00:45:00,SHORT,49.6,49.35,tp,0.004025,1,0.7099,2
2022-05-24 00:50:00,SHORT,49.54,49.29,tp,0.004025,1,0.7064,2
2022-05-24 01:10:00,SHORT,49.54,49.29,tp,0.004025,1,0.8185,2
2022-05-24 02:20:00,LONG,49.74,49.6,sl,-0.004,0,0.7098,2
2022-05-24 04:15:00,LONG,49.74,49.99,tp,0.004,1,0.7391,2
2022-05-24 04:25:00,LONG,49.99,50.24,tp,0.004,1,0.6501,2
2022-05-24 05:40:00,LONG,49.72,49.97,tp,0.004,1,0.7683,2
2022-05-24 07:05:00,LONG,49.66,49.91,tp,0.004,1,0.6989,2
2022-05-24 08:10:00,SHORT,49.95,49.7,tp,0.004025,1,0.7338,2
2022-05-24 09:05:00,LONG,48.85,49.1,tp,0.004,1,0.7962,2
2022-05-24 09:15:00,SHORT,49.27,49.41,sl,-0.003991,0,0.6531,2
2022-05-24 09:30:00,LONG,49.19,49.05,sl,-0.004,0,0.794,2
2022-05-24 09:35:00,SHORT,49.25,49.0,tp,0.004025,1,0.6887,2
2022-05-24 09:50:00,LONG,49.02,49.27,tp,0.004,1,0.7339,2
2022-05-24 10:20:00,SHORT,49.47,49.61,sl,-0.003991,0,0.7662,2
2022-05-24 10:30:00,LONG,49.46,49.71,tp,0.004,1,0.714,2
2022-05-24 10:40:00,SHORT,49.53,49.67,sl,-0.003991,0,0.7193,2
2022-05-24 10:50:00,LONG,49.5,49.75,tp,0.004,1,0.7082,2
2022-05-24 11:00:00,LONG,49.59,49.84,tp,0.004,1,0.6849,2
2022-05-24 11:15:00,SHORT,49.85,49.6,tp,0.004025,1,0.7768,2
2022-05-24 11:45:00,LONG,49.3,49.55,tp,0.004,1,0.8004,2
2022-05-24 12:25:00,LONG,49.22,49.47,tp,0.004,1,0.7723,2
2022-05-24 12:50:00,SHORT,49.45,49.2,tp,0.004025,1,0.7186,2
2022-05-24 13:55:00,SHORT,47.88,47.64,tp,0.004025,1,0.6577,2
2022-05-24 14:10:00,LONG,47.6,47.84,tp,0.004,1,0.7444,2
2022-05-24 14:30:00,SHORT,48.06,48.2,sl,-0.003991,0,0.6899,2
2022-05-24 14:40:00,LONG,48.18,48.04,sl,-0.004,0,0.722,2
2022-05-24 15:30:00,LONG,49.15,49.4,tp,0.004,1,0.6507,2
2022-05-24 15:45:00,SHORT,50.39,50.55,sl,-0.003991,0,0.88,2
2022-05-24 16:10:00,SHORT,50.5,50.25,tp,0.004025,1,0.7433,2
2022-05-24 16:35:00,LONG,49.59,49.84,tp,0.004,1,0.8164,2
2022-05-24 16:45:00,SHORT,49.67,49.42,tp,0.004025,1,0.6585,2
2022-05-24 16:50:00,LONG,49.48,49.34,sl,-0.004,0,0.7003,2
2022-05-24 17:20:00,LONG,48.76,49.01,tp,0.004,1,0.7909,2
2022-05-24 18:05:00,SHORT,49.66,49.8,sl,-0.003991,0,0.8434,2
2022-05-24 18:20:00,LONG,49.52,49.38,sl,-0.004,0,0.6938,2
2022-05-24 18:35:00,SHORT,49.48,49.23,tp,0.004025,1,0.6896,2
2022-05-24 18:50:00,LONG,48.96,48.82,sl,-0.004,0,0.7873,2
2022-05-24 19:35:00,SHORT,49.54,49.29,tp,0.004025,1,0.8492,2
2022-05-24 20:20:00,LONG,48.87,49.12,tp,0.004,1,0.7963,2
2022-05-24 21:10:00,SHORT,49.66,49.41,tp,0.004025,1,0.8389,2
2022-05-24 21:20:00,LONG,49.48,49.73,tp,0.004,1,0.661,2
2022-05-24 21:55:00,SHORT,49.68,49.82,sl,-0.003991,0,0.7275,2
2022-05-24 22:20:00,SHORT,49.74,49.49,tp,0.004025,1,0.6563,2
2022-05-24 22:45:00,SHORT,49.59,49.73,sl,-0.003991,0,0.7298,2
2022-05-24 23:10:00,LONG,49.97,49.83,sl,-0.004,0,0.6985,2
2022-05-24 23:15:00,SHORT,50.04,49.79,tp,0.004025,1,0.8471,2
2022-05-24 23:40:00,LONG,49.58,49.83,tp,0.004,1,0.7156,2
2022-05-25 00:00:00,SHORT,49.74,49.49,tp,0.004025,1,0.7606,2
2022-05-25 01:25:00,LONG,49.14,49.39,tp,0.004,1,0.703,2
2022-05-25 01:45:00,LONG,49.39,49.64,tp,0.004,1,0.6827,2
2022-05-25 02:10:00,LONG,49.73,49.98,tp,0.004,1,0.6735,2
2022-05-25 02:50:00,SHORT,50.4,50.15,tp,0.004025,1,0.8224,2
2022-05-25 03:15:00,LONG,50.01,49.86,sl,-0.004,0,0.7428,2
2022-05-25 03:25:00,SHORT,50.1,49.85,tp,0.004025,1,0.7093,2
2022-05-25 03:30:00,LONG,49.9,50.15,tp,0.004,1,0.7485,2
2022-05-25 03:45:00,SHORT,50.22,50.38,sl,-0.003991,0,0.7307,2
2022-05-25 04:50:00,LONG,49.68,49.93,tp,0.004,1,0.7099,2
2022-05-25 05:05:00,LONG,49.62,49.87,tp,0.004,1,0.7728,2
2022-05-25 05:15:00,SHORT,49.85,49.6,tp,0.004025,1,0.6826,2
2022-05-25 05:50:00,LONG,49.17,49.03,sl,-0.004,0,0.8659,2
2022-05-25 06:25:00,LONG,48.87,49.12,tp,0.004,1,0.6558,2
2022-05-25 07:00:00,LONG,49.05,49.3,tp,0.004,1,0.7917,2
2022-05-25 07:10:00,SHORT,49.32,49.07,tp,0.004025,1,0.673,2
2022-05-25 07:30:00,LONG,48.87,49.12,tp,0.004,1,0.794,2
2022-05-25 08:30:00,LONG,48.95,49.2,tp,0.004,1,0.7527,2
2022-05-25 09:15:00,LONG,48.95,48.81,sl,-0.004,0,0.7374,2
2022-05-25 09:30:00,LONG,49.06,48.92,sl,-0.004,0,0.6683,2
2022-05-25 10:20:00,LONG,48.97,48.83,sl,-0.004,0,0.6923,2
2022-05-25 10:25:00,SHORT,49.1,48.85,tp,0.004025,1,0.73,2
2022-05-25 11:00:00,SHORT,48.65,48.4,tp,0.004025,1,0.7833,2
2022-05-25 11:10:00,LONG,48.0,48.24,tp,0.004,1,0.8997,2
2022-05-25 12:05:00,SHORT,47.96,47.72,tp,0.004025,1,0.754,2
2022-05-25 13:25:00,LONG,47.87,48.11,tp,0.004,1,0.7674,2
2022-05-25 13:35:00,SHORT,48.45,48.2,tp,0.004025,1,0.7645,2
2022-05-25 13:45:00,LONG,48.13,48.37,tp,0.004,1,0.8504,2
2022-05-25 14:45:00,LONG,48.36,48.61,tp,0.004,1,0.8382,2
2022-05-25 15:05:00,LONG,48.5,48.36,sl,-0.004,0,0.679,2
2022-05-25 15:10:00,SHORT,48.53,48.28,tp,0.004025,1,0.8028,2
2022-05-25 15:35:00,LONG,48.12,48.36,tp,0.004,1,0.665,2
2022-05-25 15:55:00,SHORT,48.23,47.98,tp,0.004025,1,0.7056,2
2022-05-25 16:20:00,LONG,47.93,48.17,tp,0.004,1,0.8082,2
2022-05-25 16:35:00,LONG,47.97,48.21,tp,0.004,1,0.7201,2
2022-05-25 16:45:00,SHORT,48.07,48.21,sl,-0.003991,0,0.774,2
2022-05-25 16:55:00,LONG,48.11,48.35,tp,0.004,1,0.6549,2
2022-05-25 18:00:00,SHORT,48.64,48.39,tp,0.004025,1,0.7454,2
2022-05-25 18:05:00,LONG,48.23,48.48,tp,0.004,1,0.7425,2
2022-05-25 18:45:00,LONG,48.44,48.69,tp,0.004,1,0.7659,2
2022-05-25 19:10:00,SHORT,48.96,48.71,tp,0.004025,1,0.6703,2
2022-05-25 19:40:00,SHORT,48.72,48.47,tp,0.004025,1,0.7688,2
2022-05-25 20:25:00,LONG,48.27,48.52,tp,0.004,1,0.747,2
2022-05-25 20:55:00,SHORT,48.64,48.78,sl,-0.003991,0,0.7337,2
2022-05-25 21:30:00,SHORT,48.63,48.77,sl,-0.003991,0,0.7164,2
2022-05-25 22:40:00,SHORT,48.65,48.4,tp,0.004025,1,0.7143,2
2022-05-25 23:25:00,SHORT,48.48,48.23,tp,0.004025,1,0.7025,2
2022-05-26 00:10:00,SHORT,48.49,48.63,sl,-0.003991,0,0.8222,2
2022-05-26 00:30:00,SHORT,48.61,48.36,tp,0.004025,1,0.8091,2
2022-05-26 01:25:00,SHORT,48.39,48.14,tp,0.004025,1,0.6668,2
2022-05-26 01:45:00,LONG,48.05,48.29,tp,0.004,1,0.8246,2
2022-05-26 03:30:00,SHORT,48.14,48.28,sl,-0.003991,0,0.6821,2
2022-05-26 04:30:00,LONG,48.01,47.87,sl,-0.004,0,0.6897,2
2022-05-26 05:25:00,SHORT,47.06,46.82,tp,0.004025,1,0.67,2
2022-05-26 05:35:00,LONG,46.66,46.52,sl,-0.004,0,0.8344,2
2022-05-26 05:50:00,LONG,46.65,46.89,tp,0.004,1,0.6965,2
2022-05-26 06:05:00,LONG,46.08,46.31,tp,0.004,1,0.8716,2
2022-05-26 06:20:00,SHORT,46.38,46.14,tp,0.004025,1,0.7248,2
2022-05-26 06:45:00,LONG,46.16,46.39,tp,0.004,1,0.8406,2
2022-05-26 06:55:00,SHORT,46.42,46.18,tp,0.004025,1,0.8112,2
2022-05-26 07:15:00,LONG,45.83,46.06,tp,0.004,1,0.6861,2
2022-05-26 07:35:00,SHORT,46.38,46.14,tp,0.004025,1,0.8306,2
2022-05-26 08:20:00,LONG,44.59,44.46,sl,-0.004,0,0.8239,2
2022-05-26 08:35:00,SHORT,44.61,44.38,tp,0.004025,1,0.8122,2
2022-05-26 08:45:00,LONG,44.39,44.26,sl,-0.004,0,0.7589,2
2022-05-26 09:05:00,LONG,44.08,43.95,sl,-0.004,0,0.7977,2
2022-05-26 09:15:00,SHORT,44.15,43.93,tp,0.004025,1,0.7139,2
2022-05-26 09:35:00,LONG,43.86,44.08,tp,0.004,1,0.8244,2
2022-05-26 09:40:00,SHORT,44.46,44.24,tp,0.004025,1,0.8593,2
2022-05-26 10:15:00,LONG,44.1,44.32,tp,0.004,1,0.8043,2
2022-05-26 10:30:00,SHORT,44.39,44.17,tp,0.004025,1,0.854,2
2022-05-26 10:45:00,LONG,44.23,44.1,sl,-0.004,0,0.6664,2
2022-05-26 10:50:00,SHORT,44.15,44.28,sl,-0.003991,0,0.6559,2
2022-05-26 11:35:00,LONG,43.61,43.83,tp,0.004,1,0.7549,2
2022-05-26 11:40:00,LONG,43.58,43.8,tp,0.004,1,0.6509,2
2022-05-26 11:45:00,SHORT,43.72,43.85,sl,-0.003991,0,0.8043,2
2022-05-26 12:50:00,LONG,43.72,43.59,sl,-0.004,0,0.6678,2
2022-05-26 13:10:00,SHORT,42.72,42.51,tp,0.004025,1,0.6958,2
2022-05-26 13:15:00,LONG,42.27,42.48,tp,0.004,1,0.7752,2
2022-05-26 13:30:00,SHORT,43.47,43.25,tp,0.004025,1,0.8831,2
2022-05-26 13:45:00,LONG,44.26,44.13,sl,-0.004,0,0.6774,2
2022-05-26 14:00:00,LONG,44.22,44.44,tp,0.004,1,0.6944,2
2022-05-26 14:05:00,LONG,44.6,44.83,tp,0.004,1,0.7808,2
2022-05-26 14:10:00,SHORT,44.78,44.91,sl,-0.003991,0,0.8653,2
2022-05-26 14:15:00,SHORT,44.76,44.89,sl,-0.003991,0,0.663,2
2022-05-26 14:25:00,SHORT,44.76,44.89,sl,-0.003991,0,0.6614,2
2022-05-26 15:05:00,SHORT,45.35,45.48,sl,-0.003991,0,0.6549,2
2022-05-26 15:20:00,SHORT,45.24,45.01,tp,0.004025,1,0.6611,2
2022-05-26 15:30:00,LONG,44.86,45.09,tp,0.004,1,0.8252,2
2022-05-26 16:20:00,SHORT,46.34,46.11,tp,0.004025,1,0.8257,2
2022-05-26 16:40:00,SHORT,45.72,45.85,sl,-0.003991,0,0.6645,2
2022-05-26 17:45:00,SHORT,45.85,45.62,tp,0.004025,1,0.7276,2
2022-05-26 18:15:00,SHORT,45.18,45.31,sl,-0.003991,0,0.7561,2
2022-05-26 18:30:00,LONG,44.59,44.82,tp,0.004,1,0.8627,2
2022-05-26 18:45:00,SHORT,45.02,44.79,tp,0.004025,1,0.8404,2
2022-05-26 19:15:00,LONG,44.43,44.3,sl,-0.004,0,0.7194,2
2022-05-26 19:35:00,LONG,44.1,44.32,tp,0.004,1,0.8582,2
2022-05-26 19:45:00,SHORT,44.52,44.3,tp,0.004025,1,0.8209,2
2022-05-26 20:20:00,LONG,43.92,44.14,tp,0.004,1,0.8793,2
2022-05-26 20:30:00,SHORT,44.37,44.5,sl,-0.003991,0,0.6598,2
2022-05-26 20:55:00,LONG,44.14,44.36,tp,0.004,1,0.8228,2
2022-05-26 21:05:00,SHORT,44.59,44.36,tp,0.004025,1,0.8397,2
2022-05-26 21:20:00,SHORT,44.6,44.37,tp,0.004025,1,0.8312,2
2022-05-26 21:25:00,LONG,44.37,44.59,tp,0.004,1,0.7999,2
2022-05-26 22:00:00,LONG,44.33,44.55,tp,0.004,1,0.669,2
2022-05-26 22:15:00,SHORT,44.7,44.47,tp,0.004025,1,0.6873,2
2022-05-26 23:15:00,LONG,44.03,43.9,sl,-0.004,0,0.7532,2
2022-05-26 23:30:00,LONG,43.96,43.83,sl,-0.004,0,0.7503,2
2022-05-26 23:45:00,SHORT,43.56,43.34,tp,0.004025,1,0.6706,2
2022-05-27 00:00:00,SHORT,43.67,43.45,tp,0.004025,1,0.7528,2
2022-05-27 00:25:00,SHORT,43.74,43.87,sl,-0.003991,0,0.7387,2
2022-05-27 01:55:00,SHORT,41.67,41.46,tp,0.004025,1,0.6956,2
2022-05-27 02:00:00,LONG,41.25,41.46,tp,0.004,1,0.9353,2
2022-05-27 02:20:00,SHORT,42.87,42.65,tp,0.004025,1,0.8919,2
2022-05-27 02:30:00,LONG,42.12,42.33,tp,0.004,1,0.6881,2
2022-05-27 02:35:00,LONG,42.2,42.07,sl,-0.004,0,0.7152,2
2022-05-27 02:50:00,LONG,41.98,42.19,tp,0.004,1,0.8224,2
2022-05-27 03:30:00,SHORT,43.01,42.79,tp,0.004025,1,0.8002,2
2022-05-27 03:45:00,LONG,42.83,42.7,sl,-0.004,0,0.695,2
2022-05-27 04:15:00,SHORT,42.79,42.57,tp,0.004025,1,0.8175,2
2022-05-27 04:40:00,SHORT,41.76,41.55,tp,0.004025,1,0.6779,2
2022-05-27 04:50:00,SHORT,41.6,41.39,tp,0.004025,1,0.6695,2
2022-05-27 05:00:00,LONG,41.23,41.44,tp,0.004,1,0.8458,2
2022-05-27 05:25:00,SHORT,40.65,40.77,sl,-0.003991,0,0.6809,2
2022-05-27 05:35:00,LONG,40.0,40.2,tp,0.004,1,0.9431,2
2022-05-27 05:40:00,LONG,40.57,40.77,tp,0.004,1,0.7028,2
2022-05-27 05:45:00,SHORT,40.63,40.43,tp,0.004025,1,0.773,2
2022-05-27 06:05:00,LONG,40.39,40.59,tp,0.004,1,0.834,2
2022-05-27 06:10:00,SHORT,40.72,40.52,tp,0.004025,1,0.7484,2
2022-05-27 06:20:00,LONG,40.63,40.51,sl,-0.004,0,0.6645,2
2022-05-27 06:35:00,LONG,41.18,41.06,sl,-0.004,0,0.7139,2
2022-05-27 06:50:00,LONG,41.15,41.36,tp,0.004,1,0.7445,2
2022-05-27 06:55:00,SHORT,41.28,41.4,sl,-0.003991,0,0.8426,2
2022-05-27 07:25:00,SHORT,41.79,41.58,tp,0.004025,1,0.9008,2
2022-05-27 07:50:00,SHORT,41.22,41.01,tp,0.004025,1,0.6728,2
2022-05-27 08:00:00,LONG,40.72,40.92,tp,0.004,1,0.8651,2
2022-05-27 08:15:00,SHORT,41.45,41.24,tp,0.004025,1,0.8635,2
2022-05-27 09:05:00,LONG,40.82,41.02,tp,0.004,1,0.7281,2
2022-05-27 09:20:00,LONG,40.87,41.07,tp,0.004,1,0.6835,2
2022-05-27 09:45:00,LONG,40.91,41.11,tp,0.004,1,0.7621,2
2022-05-27 10:05:00,LONG,41.34,41.55,tp,0.004,1,0.6925,2
2022-05-27 10:15:00,SHORT,41.65,41.44,tp,0.004025,1,0.8951,2
2022-05-27 10:30:00,LONG,41.12,41.33,tp,0.004,1,0.8037,2
2022-05-27 10:40:00,SHORT,41.2,40.99,tp,0.004025,1,0.7025,2
2022-05-27 10:55:00,LONG,40.71,40.91,tp,0.004,1,0.8785,2
2022-05-27 11:30:00,SHORT,41.9,42.02,sl,-0.003991,0,0.6777,2
2022-05-27 12:00:00,LONG,41.38,41.59,tp,0.004,1,0.8349,2
2022-05-27 12:25:00,LONG,42.2,42.41,tp,0.004,1,0.7599,2
2022-05-27 12:30:00,LONG,42.34,42.55,tp,0.004,1,0.7579,2
2022-05-27 13:25:00,LONG,42.64,42.85,tp,0.004,1,0.7621,2
2022-05-27 13:55:00,SHORT,43.39,43.52,sl,-0.003991,0,0.825,2
2022-05-27 14:25:00,SHORT,42.86,42.64,tp,0.004025,1,0.6533,2
2022-05-27 14:35:00,SHORT,42.45,42.24,tp,0.004025,1,0.7111,2
2022-05-27 14:55:00,SHORT,42.25,42.04,tp,0.004025,1,0.6541,2
2022-05-27 15:00:00,LONG,42.11,42.32,tp,0.004,1,0.8246,2
2022-05-27 15:15:00,SHORT,42.38,42.17,tp,0.004025,1,0.7784,2
2022-05-27 15:45:00,SHORT,42.75,42.53,tp,0.004025,1,0.8929,2
2022-05-27 16:05:00,LONG,41.86,42.07,tp,0.004,1,0.782,2
2022-05-27 16:10:00,SHORT,42.29,42.08,tp,0.004025,1,0.8183,2
2022-05-27 16:30:00,SHORT,41.79,41.58,tp,0.004025,1,0.6857,2
2022-05-27 16:35:00,LONG,41.83,42.04,tp,0.004,1,0.714,2
2022-05-27 16:45:00,SHORT,42.06,41.85,tp,0.004025,1,0.8408,2
2022-05-27 16:50:00,LONG,41.65,41.86,tp,0.004,1,0.8663,2
2022-05-27 17:20:00,LONG,41.27,41.48,tp,0.004,1,0.7784,2
2022-05-27 17:55:00,SHORT,41.04,41.16,sl,-0.003991,0,0.6766,2
2022-05-27 18:15:00,LONG,41.04,40.92,sl,-0.004,0,0.838,2
2022-05-27 18:45:00,LONG,40.95,40.83,sl,-0.004,0,0.7034,2
2022-05-27 19:20:00,LONG,40.95,41.16,tp,0.004,1,0.7153,2
2022-05-27 19:50:00,LONG,42.32,42.19,sl,-0.004,0,0.6608,2
2022-05-27 19:55:00,LONG,41.88,42.09,tp,0.004,1,0.7116,2
2022-05-27 20:05:00,SHORT,42.44,42.23,tp,0.004025,1,0.8919,2
2022-05-27 20:55:00,LONG,41.93,42.14,tp,0.004,1,0.8391,2
2022-05-27 21:05:00,SHORT,42.07,41.86,tp,0.004025,1,0.7676,2
2022-05-27 22:25:00,SHORT,41.83,41.62,tp,0.004025,1,0.8043,2
2022-05-27 23:40:00,LONG,41.0,40.88,sl,-0.004,0,0.6696,2
2022-05-28 00:15:00,SHORT,41.49,41.28,tp,0.004025,1,0.8425,2
2022-05-28 00:20:00,LONG,41.24,41.45,tp,0.004,1,0.7962,2
2022-05-28 01:00:00,SHORT,42.38,42.17,tp,0.004025,1,0.8631,2
2022-05-28 02:20:00,SHORT,41.37,41.16,tp,0.004025,1,0.7247,2
2022-05-28 02:35:00,LONG,40.36,40.56,tp,0.004,1,0.9227,2
2022-05-28 02:55:00,SHORT,40.76,40.56,tp,0.004025,1,0.655,2
2022-05-28 03:00:00,LONG,40.51,40.71,tp,0.004,1,0.8791,2
2022-05-28 03:15:00,SHORT,40.84,40.96,sl,-0.003991,0,0.7099,2
2022-05-28 03:25:00,LONG,40.77,40.97,tp,0.004,1,0.8759,2
2022-05-28 04:05:00,LONG,41.2,41.41,tp,0.004,1,0.7883,2
2022-05-28 04:25:00,SHORT,41.39,41.51,sl,-0.003991,0,0.729,2
2022-05-28 04:40:00,LONG,41.34,41.55,tp,0.004,1,0.735,2
2022-05-28 04:50:00,SHORT,41.62,41.41,tp,0.004025,1,0.8835,2
2022-05-28 05:10:00,LONG,41.75,41.63,sl,-0.004,0,0.6567,2
2022-05-28 06:50:00,LONG,41.86,41.74,sl,-0.004,0,0.6865,2
2022-05-28 07:00:00,SHORT,41.88,41.67,tp,0.004025,1,0.7758,2
2022-05-28 07:30:00,LONG,41.57,41.78,tp,0.004,1,0.7683,2
2022-05-28 07:50:00,SHORT,41.78,41.57,tp,0.004025,1,0.7239,2
2022-05-28 08:00:00,LONG,41.71,41.59,sl,-0.004,0,0.6627,2
2022-05-28 08:10:00,SHORT,41.74,41.53,tp,0.004025,1,0.7381,2
2022-05-28 08:30:00,LONG,41.4,41.61,tp,0.004,1,0.7985,2
2022-05-28 09:05:00,LONG,41.35,41.56,tp,0.004,1,0.732,2
2022-05-28 09:15:00,SHORT,41.49,41.28,tp,0.004025,1,0.7357,2
2022-05-28 09:30:00,LONG,41.34,41.22,sl,-0.004,0,0.6673,2
2022-05-28 09:45:00,LONG,41.38,41.26,sl,-0.004,0,0.6844,2
2022-05-28 10:05:00,LONG,41.26,41.47,tp,0.004,1,0.7908,2
2022-05-28 10:25:00,SHORT,41.59,41.38,tp,0.004025,1,0.7141,2
2022-05-28 11:00:00,LONG,41.34,41.55,tp,0.004,1,0.7997,2
2022-05-28 11:20:00,SHORT,41.92,41.71,tp,0.004025,1,0.824,2
2022-05-28 11:30:00,LONG,41.65,41.53,sl,-0.004,0,0.7927,2
2022-05-28 11:55:00,LONG,41.61,41.49,sl,-0.004,0,0.7132,2
2022-05-28 12:00:00,SHORT,41.65,41.77,sl,-0.003991,0,0.7269,2
2022-05-28 12:50:00,LONG,42.13,42.0,sl,-0.004,0,0.678,2
2022-05-28 13:05:00,LONG,42.13,42.34,tp,0.004,1,0.6731,2
2022-05-28 13:15:00,SHORT,42.4,42.19,tp,0.004025,1,0.8739,2
2022-05-28 13:30:00,LONG,42.1,42.31,tp,0.004,1,0.7567,2
2022-05-28 14:00:00,SHORT,42.49,42.28,tp,0.004025,1,0.7521,2
2022-05-28 14:45:00,LONG,41.91,42.12,tp,0.004,1,0.7716,2
2022-05-28 15:30:00,LONG,43.44,43.31,sl,-0.004,0,0.6743,2
2022-05-28 15:45:00,LONG,42.94,42.81,sl,-0.004,0,0.8387,2
2022-05-28 16:00:00,SHORT,43.11,42.89,tp,0.004025,1,0.651,2
2022-05-28 16:15:00,LONG,43.04,43.26,tp,0.004,1,0.6858,2
2022-05-28 17:35:00,LONG,42.67,42.88,tp,0.004,1,0.845,2
2022-05-28 18:00:00,SHORT,43.08,43.21,sl,-0.003991,0,0.8194,2
2022-05-28 19:10:00,SHORT,43.82,43.6,tp,0.004025,1,0.866,2
2022-05-28 19:15:00,LONG,43.61,43.83,tp,0.004,1,0.7872,2
2022-05-28 20:10:00,LONG,44.13,44.35,tp,0.004,1,0.8014,2
2022-05-28 20:15:00,SHORT,44.25,44.03,tp,0.004025,1,0.7764,2
2022-05-28 21:05:00,SHORT,44.24,44.02,tp,0.004025,1,0.6659,2
2022-05-28 22:00:00,LONG,43.77,43.99,tp,0.004,1,0.8616,2
2022-05-28 22:10:00,SHORT,44.01,44.14,sl,-0.003991,0,0.6959,2
2022-05-28 22:35:00,SHORT,44.28,44.06,tp,0.004025,1,0.6554,2
2022-05-28 23:00:00,LONG,44.12,44.34,tp,0.004,1,0.6563,2
2022-05-28 23:20:00,LONG,44.32,44.54,tp,0.004,1,0.659,2
2022-05-29 01:00:00,LONG,43.89,44.11,tp,0.004,1,0.7721,2
2022-05-29 01:20:00,SHORT,44.13,43.91,tp,0.004025,1,0.6931,2
2022-05-29 01:30:00,LONG,43.27,43.49,tp,0.004,1,0.8983,2
2022-05-29 01:50:00,LONG,43.16,43.03,sl,-0.004,0,0.7511,2
2022-05-29 02:15:00,SHORT,42.39,42.18,tp,0.004025,1,0.6972,2
2022-05-29 02:20:00,LONG,42.4,42.61,tp,0.004,1,0.8125,2
2022-05-29 02:45:00,LONG,42.24,42.45,tp,0.004,1,0.9068,2
2022-05-29 03:00:00,LONG,42.27,42.48,tp,0.004,1,0.8395,2
2022-05-29 03:10:00,SHORT,42.48,42.27,tp,0.004025,1,0.8435,2
2022-05-29 03:45:00,LONG,42.35,42.22,sl,-0.004,0,0.7395,2
2022-05-29 04:15:00,SHORT,42.05,41.84,tp,0.004025,1,0.6812,2
2022-05-29 04:45:00,SHORT,42.14,41.93,tp,0.004025,1,0.66,2
2022-05-29 05:00:00,LONG,42.07,42.28,tp,0.004,1,0.6651,2
2022-05-29 05:25:00,SHORT,42.28,42.41,sl,-0.003991,0,0.7414,2
2022-05-29 05:40:00,LONG,42.27,42.48,tp,0.004,1,0.7257,2
2022-05-29 07:00:00,LONG,42.6,42.47,sl,-0.004,0,0.6568,2
2022-05-29 07:20:00,LONG,42.45,42.32,sl,-0.004,0,0.6726,2
2022-05-29 08:10:00,LONG,42.81,43.03,tp,0.004,1,0.6555,2
2022-05-29 08:50:00,LONG,42.92,42.79,sl,-0.004,0,0.7638,2
2022-05-29 09:20:00,LONG,42.73,42.6,sl,-0.004,0,0.6566,2
2022-05-29 09:50:00,LONG,42.53,42.4,sl,-0.004,0,0.6759,2
2022-05-29 10:15:00,SHORT,43.09,43.22,sl,-0.003991,0,0.7836,2
2022-05-29 10:50:00,LONG,43.18,43.4,tp,0.004,1,0.6692,2
2022-05-29 11:00:00,SHORT,43.52,43.65,sl,-0.003991,0,0.7925,2
2022-05-29 11:10:00,LONG,43.42,43.64,tp,0.004,1,0.782,2
2022-05-29 11:25:00,LONG,43.66,43.88,tp,0.004,1,0.6712,2
2022-05-29 11:30:00,SHORT,43.73,43.86,sl,-0.003991,0,0.7994,2
2022-05-29 12:05:00,LONG,44.39,44.61,tp,0.004,1,0.6717,2
2022-05-29 12:35:00,LONG,44.59,44.82,tp,0.004,1,0.7785,2
2022-05-29 12:45:00,LONG,44.96,45.19,tp,0.004,1,0.6527,2
2022-05-29 12:55:00,LONG,44.98,45.21,tp,0.004,1,0.6684,2
2022-05-29 13:10:00,LONG,45.01,45.24,tp,0.004,1,0.7039,2
2022-05-29 13:20:00,LONG,45.25,45.48,tp,0.004,1,0.6793,2
2022-05-29 14:15:00,SHORT,45.11,44.88,tp,0.004025,1,0.7745,2
2022-05-29 14:45:00,SHORT,44.9,44.67,tp,0.004025,1,0.7656,2
2022-05-29 15:00:00,LONG,44.4,44.62,tp,0.004,1,0.8715,2
2022-05-29 15:10:00,SHORT,44.79,44.56,tp,0.004025,1,0.8057,2
2022-05-29 15:35:00,LONG,44.6,44.83,tp,0.004,1,0.6779,2
2022-05-29 16:20:00,SHORT,45.24,45.01,tp,0.004025,1,0.862,2
2022-05-29 17:00:00,LONG,44.83,44.7,sl,-0.004,0,0.6558,2
2022-05-29 17:20:00,LONG,44.46,44.68,tp,0.004,1,0.8899,2
2022-05-29 17:30:00,SHORT,44.83,44.6,tp,0.004025,1,0.7702,2
2022-05-29 17:50:00,LONG,44.55,44.78,tp,0.004,1,0.6786,2
2022-05-29 18:10:00,LONG,44.6,44.83,tp,0.004,1,0.7116,2
2022-05-29 18:30:00,SHORT,44.8,44.57,tp,0.004025,1,0.7078,2
2022-05-29 19:25:00,LONG,44.17,44.39,tp,0.004,1,0.8761,2
2022-05-29 19:30:00,SHORT,44.28,44.41,sl,-0.003991,0,0.723,2
2022-05-29 20:00:00,SHORT,44.43,44.21,tp,0.004025,1,0.7406,2
2022-05-29 20:30:00,LONG,44.25,44.47,tp,0.004,1,0.7017,2
2022-05-29 21:40:00,LONG,44.53,44.75,tp,0.004,1,0.6563,2
2022-05-29 22:55:00,SHORT,44.83,44.96,sl,-0.003991,0,0.662,2
2022-05-29 23:50:00,SHORT,44.82,44.95,sl,-0.003991,0,0.6542,2
2022-05-30 00:05:00,LONG,44.48,44.7,tp,0.004,1,0.851,2
2022-05-30 01:35:00,SHORT,45.56,45.69,sl,-0.003991,0,0.8062,2
2022-05-30 01:50:00,LONG,45.73,45.6,sl,-0.004,0,0.7154,2
2022-05-30 02:05:00,SHORT,46.18,46.32,sl,-0.003991,0,0.8508,2
2022-05-30 02:25:00,SHORT,46.42,46.56,sl,-0.003991,0,0.7706,2
2022-05-30 02:40:00,SHORT,46.52,46.28,tp,0.004025,1,0.6888,2
2022-05-30 03:00:00,SHORT,46.25,46.02,tp,0.004025,1,0.6851,2
2022-05-30 04:15:00,LONG,45.64,45.87,tp,0.004,1,0.8679,2
2022-05-30 04:25:00,SHORT,45.77,45.9,sl,-0.003991,0,0.6893,2
2022-05-30 04:30:00,LONG,45.65,45.88,tp,0.004,1,0.7676,2
2022-05-30 04:50:00,LONG,45.62,45.85,tp,0.004,1,0.7052,2
2022-05-30 05:30:00,LONG,45.98,46.21,tp,0.004,1,0.7635,2
2022-05-30 05:40:00,LONG,46.11,45.97,sl,-0.004,0,0.7397,2
2022-05-30 05:45:00,LONG,46.02,46.25,tp,0.004,1,0.8009,2
2022-05-30 05:55:00,LONG,46.43,46.29,sl,-0.004,0,0.6572,2
2022-05-30 06:15:00,SHORT,46.92,46.68,tp,0.004025,1,0.7957,2
2022-05-30 06:25:00,LONG,46.51,46.75,tp,0.004,1,0.8054,2
2022-05-30 06:35:00,SHORT,46.75,46.89,sl,-0.003991,0,0.708,2
2022-05-30 07:10:00,SHORT,46.71,46.85,sl,-0.003991,0,0.8142,2
2022-05-30 07:30:00,LONG,46.57,46.81,tp,0.004,1,0.6791,2
2022-05-30 07:50:00,SHORT,47.09,47.23,sl,-0.003991,0,0.7386,2
2022-05-30 08:10:00,LONG,46.82,47.06,tp,0.004,1,0.8065,2
2022-05-30 08:45:00,LONG,46.68,46.54,sl,-0.004,0,0.81,2
2022-05-30 09:35:00,LONG,46.6,46.46,sl,-0.004,0,0.7121,2
2022-05-30 09:45:00,SHORT,46.61,46.37,tp,0.004025,1,0.7431,2
2022-05-30 10:00:00,SHORT,46.57,46.33,tp,0.004025,1,0.6837,2
2022-05-30 10:10:00,LONG,46.25,46.11,sl,-0.004,0,0.762,2
2022-05-30 10:30:00,LONG,46.19,46.05,sl,-0.004,0,0.7847,2
2022-05-30 11:00:00,LONG,45.95,46.18,tp,0.004,1,0.8522,2
2022-05-30 11:25:00,SHORT,46.21,45.98,tp,0.004025,1,0.6788,2
2022-05-30 11:40:00,SHORT,46.21,45.98,tp,0.004025,1,0.7362,2
2022-05-30 12:15:00,SHORT,46.6,46.36,tp,0.004025,1,0.8336,2
2022-05-30 12:30:00,LONG,45.44,45.31,sl,-0.004,0,0.7208,2
2022-05-30 12:45:00,LONG,45.44,45.67,tp,0.004,1,0.7934,2
2022-05-30 12:50:00,SHORT,45.6,45.73,sl,-0.003991,0,0.7526,2
2022-05-30 13:25:00,LONG,45.13,45.36,tp,0.004,1,0.807,2
2022-05-30 14:10:00,LONG,45.89,46.12,tp,0.004,1,0.7377,2
2022-05-30 14:50:00,LONG,45.5,45.37,sl,-0.004,0,0.6661,2
2022-05-30 15:05:00,SHORT,45.57,45.7,sl,-0.003991,0,0.7421,2
2022-05-30 15:15:00,LONG,45.52,45.75,tp,0.004,1,0.8105,2
2022-05-30 15:25:00,SHORT,45.89,45.66,tp,0.004025,1,0.8397,2
2022-05-30 15:35:00,LONG,45.67,45.9,tp,0.004,1,0.8147,2
2022-05-30 16:00:00,LONG,45.67,45.9,tp,0.004,1,0.814,2
2022-05-30 16:35:00,LONG,45.96,46.19,tp,0.004,1,0.6898,2
2022-05-30 16:45:00,SHORT,46.11,45.88,tp,0.004025,1,0.7492,2
2022-05-30 16:55:00,LONG,46.02,45.88,sl,-0.004,0,0.676,2
2022-05-30 17:25:00,SHORT,46.23,46.0,tp,0.004025,1,0.8533,2
2022-05-30 18:25:00,SHORT,45.97,45.74,tp,0.004025,1,0.6979,2
2022-05-30 18:30:00,LONG,45.83,46.06,tp,0.004,1,0.7204,2
2022-05-30 19:00:00,LONG,45.89,46.12,tp,0.004,1,0.701,2
2022-05-30 19:10:00,SHORT,46.12,45.89,tp,0.004025,1,0.7273,2
2022-05-30 19:30:00,LONG,45.88,46.11,tp,0.004,1,0.7078,2
2022-05-30 20:15:00,LONG,46.17,46.4,tp,0.004,1,0.7466,2
2022-05-30 20:25:00,SHORT,46.82,46.58,tp,0.004025,1,0.8651,2
2022-05-30 21:00:00,LONG,47.14,47.0,sl,-0.004,0,0.6555,2
2022-05-30 21:20:00,SHORT,47.87,47.63,tp,0.004025,1,0.7146,2
2022-05-30 21:35:00,LONG,47.16,47.02,sl,-0.004,0,0.7883,2
2022-05-30 22:10:00,LONG,47.17,47.03,sl,-0.004,0,0.7336,2
2022-05-30 23:00:00,LONG,47.46,47.7,tp,0.004,1,0.68,2
2022-05-30 23:05:00,SHORT,47.51,47.65,sl,-0.003991,0,0.7894,2
2022-05-30 23:50:00,LONG,47.15,47.39,tp,0.004,1,0.7355,2
2022-05-31 00:20:00,SHORT,47.17,46.93,tp,0.004025,1,0.7902,2
2022-05-31 00:50:00,LONG,46.83,46.69,sl,-0.004,0,0.6713,2
2022-05-31 01:25:00,SHORT,46.88,46.64,tp,0.004025,1,0.7383,2
2022-05-31 01:35:00,LONG,46.43,46.67,tp,0.004,1,0.803,2
2022-05-31 02:45:00,SHORT,47.95,48.09,sl,-0.003991,0,0.7917,2
2022-05-31 03:10:00,SHORT,48.14,47.9,tp,0.004025,1,0.887,2
2022-05-31 03:45:00,SHORT,47.62,47.38,tp,0.004025,1,0.7851,2
2022-05-31 03:50:00,LONG,47.57,47.43,sl,-0.004,0,0.749,2
2022-05-31 04:05:00,LONG,47.43,47.67,tp,0.004,1,0.7208,2
2022-05-31 04:40:00,LONG,47.35,47.21,sl,-0.004,0,0.7395,2
2022-05-31 04:55:00,LONG,47.3,47.16,sl,-0.004,0,0.7791,2
2022-05-31 05:30:00,SHORT,47.67,47.43,tp,0.004025,1,0.748,2
2022-05-31 06:00:00,LONG,47.37,47.23,sl,-0.004,0,0.674,2
2022-05-31 07:00:00,SHORT,46.37,46.13,tp,0.004025,1,0.7861,2
2022-05-31 07:15:00,LONG,46.08,46.31,tp,0.004,1,0.8039,2
2022-05-31 08:00:00,SHORT,46.58,46.34,tp,0.004025,1,0.8568,2
2022-05-31 08:10:00,LONG,46.41,46.65,tp,0.004,1,0.6881,2
2022-05-31 08:15:00,SHORT,46.58,46.72,sl,-0.003991,0,0.8281,2
2022-05-31 08:50:00,SHORT,46.76,46.52,tp,0.004025,1,0.7267,2
2022-05-31 09:20:00,LONG,46.31,46.17,sl,-0.004,0,0.779,2
2022-05-31 09:35:00,LONG,46.03,46.26,tp,0.004,1,0.8641,2
2022-05-31 10:40:00,SHORT,46.52,46.66,sl,-0.003991,0,0.6663,2
2022-05-31 12:15:00,SHORT,46.72,46.48,tp,0.004025,1,0.8417,2
2022-05-31 12:40:00,LONG,46.13,46.36,tp,0.004,1,0.8463,2
2022-05-31 13:25:00,SHORT,46.43,46.19,tp,0.004025,1,0.7744,2
2022-05-31 13:40:00,LONG,45.02,45.25,tp,0.004,1,0.7186,2
2022-05-31 13:55:00,SHORT,45.2,44.97,tp,0.004025,1,0.7345,2
2022-05-31 14:05:00,LONG,44.93,45.16,tp,0.004,1,0.7802,2
2022-05-31 14:20:00,LONG,45.49,45.36,sl,-0.004,0,0.6548,2
2022-05-31 15:00:00,SHORT,45.71,45.48,tp,0.004025,1,0.7343,2
2022-05-31 15:25:00,LONG,45.54,45.41,sl,-0.004,0,0.737,2
2022-05-31 16:00:00,SHORT,46.67,46.43,tp,0.004025,1,0.8902,2
2022-05-31 16:15:00,LONG,45.79,46.02,tp,0.004,1,0.8386,2
2022-05-31 16:40:00,SHORT,46.38,46.14,tp,0.004025,1,0.7811,2
2022-05-31 17:00:00,LONG,46.15,46.38,tp,0.004,1,0.836,2
2022-05-31 18:10:00,SHORT,46.26,46.03,tp,0.004025,1,0.7677,2
2022-05-31 19:10:00,LONG,45.49,45.36,sl,-0.004,0,0.6573,2
2022-05-31 19:25:00,LONG,45.44,45.31,sl,-0.004,0,0.8262,2
2022-05-31 19:30:00,SHORT,45.59,45.36,tp,0.004025,1,0.7687,2
2022-05-31 20:10:00,SHORT,45.67,45.8,sl,-0.003991,0,0.7981,2
2022-05-31 21:50:00,LONG,45.48,45.71,tp,0.004,1,0.7225,2
2022-05-31 22:05:00,SHORT,45.72,45.85,sl,-0.003991,0,0.6699,2
2022-05-31 22:15:00,LONG,45.67,45.9,tp,0.004,1,0.7129,2
2022-05-31 23:45:00,SHORT,45.95,45.72,tp,0.004025,1,0.6951,2
2022-06-01 00:15:00,SHORT,46.02,45.79,tp,0.004025,1,0.8326,2
2022-06-01 00:20:00,LONG,45.35,45.58,tp,0.004,1,0.8364,2
2022-06-01 00:50:00,LONG,45.73,45.96,tp,0.004,1,0.7021,2
2022-06-01 00:55:00,SHORT,45.97,45.74,tp,0.004025,1,0.8162,2
2022-06-01 01:05:00,LONG,45.75,45.62,sl,-0.004,0,0.6885,2
2022-06-01 01:20:00,LONG,45.59,45.82,tp,0.004,1,0.7621,2
2022-06-01 01:30:00,SHORT,45.9,45.67,tp,0.004025,1,0.8435,2
2022-06-01 01:55:00,SHORT,45.92,45.69,tp,0.004025,1,0.8085,2
2022-06-01 02:25:00,LONG,45.51,45.38,sl,-0.004,0,0.6711,2
2022-06-01 03:15:00,LONG,44.99,44.86,sl,-0.004,0,0.7594,2
2022-06-01 03:35:00,LONG,44.87,44.74,sl,-0.004,0,0.7144,2
2022-06-01 04:00:00,SHORT,44.86,44.63,tp,0.004025,1,0.721,2
2022-06-01 04:10:00,LONG,44.58,44.45,sl,-0.004,0,0.6731,2
2022-06-01 04:25:00,LONG,44.61,44.84,tp,0.004,1,0.6969,2
2022-06-01 04:30:00,SHORT,44.75,44.88,sl,-0.003991,0,0.8179,2
2022-06-01 04:45:00,SHORT,44.76,44.89,sl,-0.003991,0,0.7203,2
2022-06-01 05:35:00,LONG,44.51,44.73,tp,0.004,1,0.7855,2
2022-06-01 06:15:00,LONG,44.83,45.06,tp,0.004,1,0.6882,2
2022-06-01 06:25:00,SHORT,45.01,45.14,sl,-0.003991,0,0.6505,2
2022-06-01 07:20:00,LONG,44.83,45.06,tp,0.004,1,0.8063,2
2022-06-01 08:05:00,LONG,44.69,44.92,tp,0.004,1,0.6537,2
2022-06-01 08:40:00,LONG,44.87,44.74,sl,-0.004,0,0.7166,2
2022-06-01 08:50:00,SHORT,44.89,45.02,sl,-0.003991,0,0.7071,2
2022-06-01 09:10:00,LONG,44.8,45.03,tp,0.004,1,0.7437,2
2022-06-01 10:05:00,LONG,45.04,44.91,sl,-0.004,0,0.7193,2
2022-06-01 10:35:00,LONG,44.9,44.77,sl,-0.004,0,0.7499,2
2022-06-01 10:55:00,LONG,44.87,45.1,tp,0.004,1,0.6811,2
2022-06-01 11:20:00,LONG,44.63,44.5,sl,-0.004,0,0.7115,2
2022-06-01 11:40:00,LONG,44.36,44.58,tp,0.004,1,0.8243,2
2022-06-01 11:55:00,SHORT,44.58,44.71,sl,-0.003991,0,0.6756,2
2022-06-01 13:00:00,LONG,44.92,45.15,tp,0.004,1,0.7602,2
2022-06-01 13:45:00,LONG,45.29,45.52,tp,0.004,1,0.6677,2
2022-06-01 14:00:00,SHORT,45.43,45.2,tp,0.004025,1,0.7146,2
2022-06-01 14:35:00,LONG,43.74,43.61,sl,-0.004,0,0.6591,2
2022-06-01 15:20:00,LONG,43.41,43.28,sl,-0.004,0,0.7084,2
2022-06-01 15:50:00,SHORT,43.11,43.24,sl,-0.003991,0,0.7357,2
2022-06-01 16:00:00,LONG,42.95,42.82,sl,-0.004,0,0.7927,2
2022-06-01 16:25:00,LONG,42.7,42.57,sl,-0.004,0,0.9145,2
2022-06-01 17:05:00,SHORT,42.21,42.34,sl,-0.003991,0,0.6804,2
2022-06-01 17:20:00,LONG,41.64,41.85,tp,0.004,1,0.7493,2
2022-06-01 17:35:00,SHORT,41.96,41.75,tp,0.004025,1,0.8214,2
2022-06-01 17:50:00,LONG,41.57,41.78,tp,0.004,1,0.8934,2
2022-06-01 18:05:00,SHORT,41.76,41.55,tp,0.004025,1,0.7899,2
2022-06-01 18:15:00,LONG,41.66,41.87,tp,0.004,1,0.6806,2
2022-06-01 18:25:00,SHORT,41.77,41.56,tp,0.004025,1,0.665,2
2022-06-01 18:30:00,LONG,41.61,41.82,tp,0.004,1,0.7811,2
2022-06-01 18:50:00,SHORT,41.48,41.27,tp,0.004025,1,0.6602,2
2022-06-01 19:00:00,LONG,40.92,41.13,tp,0.004,1,0.8908,2
2022-06-01 19:15:00,SHORT,41.04,40.83,tp,0.004025,1,0.688,2
2022-06-01 19:25:00,LONG,40.85,41.05,tp,0.004,1,0.8894,2
2022-06-01 20:05:00,LONG,40.9,41.1,tp,0.004,1,0.8652,2
2022-06-01 20:25:00,SHORT,40.2,40.0,tp,0.004025,1,0.7454,2
2022-06-01 20:30:00,LONG,40.05,39.93,sl,-0.004,0,0.8019,2
2022-06-01 20:50:00,SHORT,40.5,40.62,sl,-0.003991,0,0.7035,2
2022-06-01 21:10:00,SHORT,40.65,40.45,tp,0.004025,1,0.6918,2
2022-06-01 21:15:00,LONG,40.51,40.39,sl,-0.004,0,0.8346,2
2022-06-01 21:30:00,LONG,40.48,40.36,sl,-0.004,0,0.7078,2
2022-06-01 21:40:00,SHORT,40.76,40.56,tp,0.004025,1,0.8323,2
2022-06-01 22:15:00,SHORT,40.67,40.47,tp,0.004025,1,0.8374,2
2022-06-01 22:50:00,LONG,40.13,40.33,tp,0.004,1,0.8955,2
2022-06-01 23:05:00,SHORT,40.73,40.53,tp,0.004025,1,0.8616,2
2022-06-01 23:20:00,LONG,40.43,40.31,sl,-0.004,0,0.8039,2
2022-06-02 00:50:00,SHORT,39.63,39.75,sl,-0.003991,0,0.6775,2
2022-06-02 01:05:00,SHORT,40.01,40.13,sl,-0.003991,0,0.8314,2
2022-06-02 01:30:00,LONG,39.92,39.8,sl,-0.004,0,0.7781,2
2022-06-02 01:50:00,SHORT,40.04,39.84,tp,0.004025,1,0.761,2
2022-06-02 02:00:00,LONG,39.74,39.94,tp,0.004,1,0.7405,2
2022-06-02 02:30:00,LONG,39.7,39.9,tp,0.004,1,0.716,2
2022-06-02 02:35:00,SHORT,39.95,39.75,tp,0.004025,1,0.8073,2
2022-06-02 02:50:00,SHORT,39.62,39.42,tp,0.004025,1,0.7247,2
2022-06-02 03:10:00,LONG,39.26,39.46,tp,0.004,1,0.8427,2
2022-06-02 03:20:00,SHORT,39.5,39.3,tp,0.004025,1,0.8173,2
2022-06-02 03:35:00,LONG,38.98,39.17,tp,0.004,1,0.8868,2
2022-06-02 03:50:00,LONG,38.77,38.96,tp,0.004,1,0.9082,2
2022-06-02 04:25:00,LONG,38.74,38.93,tp,0.004,1,0.8961,2
2022-06-02 04:40:00,SHORT,39.06,38.87,tp,0.004025,1,0.7314,2
2022-06-02 05:05:00,SHORT,38.43,38.24,tp,0.004025,1,0.6577,2
2022-06-02 05:10:00,LONG,38.2,38.39,tp,0.004,1,0.9108,2
2022-06-02 05:40:00,SHORT,39.11,39.23,sl,-0.003991,0,0.8091,2
2022-06-02 06:00:00,SHORT,39.29,39.41,sl,-0.003991,0,0.7917,2
2022-06-02 06:15:00,LONG,39.16,39.36,tp,0.004,1,0.824,2
2022-06-02 07:00:00,SHORT,39.79,39.59,tp,0.004025,1,0.9115,2
2022-06-02 07:10:00,LONG,39.45,39.65,tp,0.004,1,0.776,2
2022-06-02 07:25:00,SHORT,39.86,39.66,tp,0.004025,1,0.7928,2
2022-06-02 08:20:00,SHORT,39.85,39.97,sl,-0.003991,0,0.7683,2
2022-06-02 08:50:00,SHORT,39.73,39.85,sl,-0.003991,0,0.7546,2
2022-06-02 09:05:00,LONG,39.64,39.84,tp,0.004,1,0.6896,2
2022-06-02 09:30:00,SHORT,39.9,39.7,tp,0.004025,1,0.6653,2
2022-06-02 10:10:00,SHORT,40.0,39.8,tp,0.004025,1,0.8437,2
2022-06-02 10:25:00,LONG,39.77,39.97,tp,0.004,1,0.7376,2
2022-06-02 10:40:00,LONG,40.43,40.63,tp,0.004,1,0.6622,2
2022-06-02 10:50:00,LONG,40.03,40.23,tp,0.004,1,0.7639,2
2022-06-02 11:55:00,SHORT,41.02,40.81,tp,0.004025,1,0.8272,2
2022-06-02 12:55:00,SHORT,41.04,41.16,sl,-0.003991,0,0.6962,2
2022-06-02 13:10:00,SHORT,40.12,39.92,tp,0.004025,1,0.6789,2
2022-06-02 13:20:00,LONG,39.96,40.16,tp,0.004,1,0.6683,2
2022-06-02 13:25:00,SHORT,40.22,40.02,tp,0.004025,1,0.8366,2
2022-06-02 13:40:00,SHORT,41.06,40.85,tp,0.004025,1,0.8662,2
2022-06-02 13:55:00,LONG,40.29,40.49,tp,0.004,1,0.8175,2
2022-06-02 14:25:00,LONG,40.14,40.34,tp,0.004,1,0.8419,2
2022-06-02 15:15:00,LONG,40.74,40.94,tp,0.004,1,0.661,2
2022-06-02 15:20:00,SHORT,41.12,40.91,tp,0.004025,1,0.8797,2
2022-06-02 15:40:00,SHORT,40.95,40.74,tp,0.004025,1,0.7726,2
2022-06-02 16:40:00,SHORT,40.78,40.58,tp,0.004025,1,0.8102,2
2022-06-02 17:35:00,SHORT,40.7,40.5,tp,0.004025,1,0.8703,2
2022-06-02 17:40:00,LONG,40.52,40.4,sl,-0.004,0,0.6993,2
2022-06-02 18:45:00,LONG,40.22,40.42,tp,0.004,1,0.8798,2
2022-06-02 19:00:00,LONG,40.24,40.12,sl,-0.004,0,0.7471,2
2022-06-02 19:15:00,LONG,40.07,40.27,tp,0.004,1,0.8284,2
2022-06-02 20:05:00,SHORT,40.68,40.8,sl,-0.003991,0,0.8126,2
2022-06-02 20:25:00,SHORT,40.79,40.59,tp,0.004025,1,0.815,2
2022-06-02 20:30:00,LONG,40.65,40.53,sl,-0.004,0,0.7696,2
2022-06-02 21:05:00,SHORT,40.53,40.65,sl,-0.003991,0,0.7466,2
2022-06-02 22:05:00,SHORT,40.93,41.05,sl,-0.003991,0,0.721,2
2022-06-02 22:20:00,SHORT,41.08,40.87,tp,0.004025,1,0.7946,2
2022-06-02 22:30:00,LONG,40.93,41.14,tp,0.004,1,0.7021,2
2022-06-02 22:40:00,SHORT,41.28,41.07,tp,0.004025,1,0.7073,2
2022-06-03 00:20:00,SHORT,40.82,40.62,tp,0.004025,1,0.7097,2
2022-06-03 01:10:00,SHORT,40.67,40.79,sl,-0.003991,0,0.7456,2
2022-06-03 01:40:00,LONG,41.26,41.14,sl,-0.004,0,0.6734,2
2022-06-03 02:30:00,LONG,41.26,41.14,sl,-0.004,0,0.6973,2
2022-06-03 03:40:00,SHORT,41.26,41.38,sl,-0.003991,0,0.7265,2
2022-06-03 04:30:00,SHORT,40.79,40.59,tp,0.004025,1,0.7196,2
2022-06-03 04:55:00,LONG,40.68,40.88,tp,0.004,1,0.6606,2
2022-06-03 06:30:00,LONG,40.76,40.96,tp,0.004,1,0.654,2
2022-06-03 06:45:00,SHORT,40.91,40.7,tp,0.004025,1,0.7111,2
2022-06-03 07:35:00,LONG,40.32,40.52,tp,0.004,1,0.8863,2
2022-06-03 08:00:00,LONG,40.24,40.44,tp,0.004,1,0.6589,2
2022-06-03 09:00:00,SHORT,39.7,39.82,sl,-0.003991,0,0.6905,2
2022-06-03 09:15:00,LONG,39.27,39.47,tp,0.004,1,0.8255,2
2022-06-03 09:35:00,SHORT,39.16,38.96,tp,0.004025,1,0.662,2
2022-06-03 09:40:00,SHORT,38.96,39.08,sl,-0.003991,0,0.6511,2
2022-06-03 09:50:00,SHORT,39.1,38.9,tp,0.004025,1,0.7417,2
2022-06-03 10:10:00,LONG,38.75,38.94,tp,0.004,1,0.8808,2
2022-06-03 10:20:00,SHORT,38.83,38.64,tp,0.004025,1,0.6854,2
2022-06-03 10:35:00,SHORT,38.45,38.57,sl,-0.003991,0,0.6506,2
2022-06-03 10:40:00,LONG,38.38,38.26,sl,-0.004,0,0.8613,2
2022-06-03 11:10:00,SHORT,38.14,37.95,tp,0.004025,1,0.7097,2
2022-06-03 11:35:00,SHORT,38.58,38.39,tp,0.004025,1,0.7293,2
2022-06-03 12:05:00,LONG,38.23,38.42,tp,0.004,1,0.7554,2
2022-06-03 12:30:00,SHORT,38.52,38.33,tp,0.004025,1,0.8256,2
2022-06-03 12:35:00,LONG,38.15,38.03,sl,-0.004,0,0.7947,2
2022-06-03 12:55:00,LONG,37.89,37.78,sl,-0.004,0,0.8162,2
2022-06-03 13:15:00,SHORT,38.02,37.83,tp,0.004025,1,0.7483,2
2022-06-03 13:45:00,LONG,38.06,38.25,tp,0.004,1,0.6907,2
2022-06-03 14:00:00,SHORT,38.19,38.31,sl,-0.003991,0,0.665,2
2022-06-03 14:30:00,SHORT,38.08,37.89,tp,0.004025,1,0.8529,2
2022-06-03 14:40:00,SHORT,37.83,37.94,sl,-0.003991,0,0.6567,2
2022-06-03 14:55:00,SHORT,38.02,37.83,tp,0.004025,1,0.7669,2
2022-06-03 15:10:00,LONG,37.87,38.06,tp,0.004,1,0.7725,2
2022-06-03 15:15:00,SHORT,37.96,38.07,sl,-0.003991,0,0.7789,2
2022-06-03 15:30:00,SHORT,38.09,37.9,tp,0.004025,1,0.7967,2
2022-06-03 15:50:00,LONG,38.01,37.89,sl,-0.004,0,0.6813,2
2022-06-03 16:20:00,LONG,38.05,38.24,tp,0.004,1,0.6922,2
2022-06-03 16:35:00,SHORT,38.17,38.29,sl,-0.003991,0,0.7547,2
2022-06-03 17:00:00,SHORT,38.36,38.17,tp,0.004025,1,0.8228,2
2022-06-03 17:40:00,LONG,37.88,38.07,tp,0.004,1,0.8075,2
2022-06-03 18:10:00,LONG,37.94,38.13,tp,0.004,1,0.7008,2
2022-06-03 18:30:00,SHORT,38.16,38.28,sl,-0.003991,0,0.8079,2
2022-06-03 19:05:00,SHORT,38.45,38.26,tp,0.004025,1,0.7553,2
2022-06-03 19:40:00,SHORT,38.35,38.16,tp,0.004025,1,0.6547,2
2022-06-03 20:50:00,SHORT,38.33,38.45,sl,-0.003991,0,0.6868,2
2022-06-03 21:20:00,SHORT,38.71,38.83,sl,-0.003991,0,0.7146,2
2022-06-03 21:50:00,SHORT,38.92,38.73,tp,0.004025,1,0.8442,2
2022-06-04 01:00:00,LONG,36.99,37.17,tp,0.004,1,0.8453,2
2022-06-04 02:00:00,LONG,37.13,37.02,sl,-0.004,0,0.7541,2
2022-06-04 02:15:00,SHORT,36.62,36.44,tp,0.004025,1,0.6882,2
2022-06-04 02:20:00,SHORT,36.24,36.06,tp,0.004025,1,0.6936,2
2022-06-04 02:25:00,LONG,36.1,35.99,sl,-0.004,0,0.797,2
2022-06-04 02:45:00,SHORT,36.21,36.32,sl,-0.003991,0,0.7448,2
2022-06-04 03:00:00,LONG,36.35,36.53,tp,0.004,1,0.7323,2
2022-06-04 03:10:00,SHORT,36.46,36.28,tp,0.004025,1,0.8476,2
2022-06-04 03:30:00,SHORT,36.31,36.42,sl,-0.003991,0,0.6525,2
2022-06-04 04:05:00,SHORT,36.79,36.9,sl,-0.003991,0,0.7745,2
2022-06-04 05:10:00,LONG,37.22,37.11,sl,-0.004,0,0.7409,2
2022-06-04 05:40:00,LONG,37.01,37.19,tp,0.004,1,0.7839,2
2022-06-04 05:45:00,SHORT,37.33,37.14,tp,0.004025,1,0.8304,2
2022-06-04 06:35:00,LONG,37.28,37.17,sl,-0.004,0,0.7156,2
2022-06-04 07:45:00,LONG,37.26,37.44,tp,0.004,1,0.7446,2
2022-06-04 08:00:00,SHORT,37.33,37.44,sl,-0.003991,0,0.6893,2
2022-06-04 08:10:00,LONG,37.29,37.48,tp,0.004,1,0.6636,2
2022-06-04 08:15:00,SHORT,37.58,37.69,sl,-0.003991,0,0.7869,2
2022-06-04 08:30:00,SHORT,37.77,37.58,tp,0.004025,1,0.7748,2
2022-06-04 08:50:00,LONG,37.6,37.79,tp,0.004,1,0.6655,2
2022-06-04 08:55:00,SHORT,37.76,37.57,tp,0.004025,1,0.779,2
2022-06-04 09:40:00,LONG,37.27,37.16,sl,-0.004,0,0.7077,2
2022-06-04 10:10:00,LONG,37.31,37.2,sl,-0.004,0,0.7048,2
2022-06-04 10:30:00,LONG,37.08,37.26,tp,0.004,1,0.8387,2
2022-06-04 11:05:00,SHORT,37.28,37.09,tp,0.004025,1,0.7638,2
2022-06-04 11:15:00,LONG,37.18,37.07,sl,-0.004,0,0.7105,2
2022-06-04 11:35:00,SHORT,37.23,37.05,tp,0.004025,1,0.6756,2
2022-06-04 12:05:00,LONG,36.68,36.86,tp,0.004,1,0.8497,2
2022-06-04 12:40:00,LONG,36.76,36.65,sl,-0.004,0,0.6794,2
2022-06-04 12:45:00,SHORT,36.78,36.89,sl,-0.003991,0,0.7041,2
2022-06-04 13:05:00,SHORT,37.07,37.18,sl,-0.003991,0,0.7617,2
2022-06-04 13:50:00,LONG,36.98,37.16,tp,0.004,1,0.7299,2
2022-06-04 14:10:00,LONG,36.95,37.13,tp,0.004,1,0.6734,2
2022-06-04 14:20:00,LONG,37.5,37.69,tp,0.004,1,0.7776,2
2022-06-04 14:25:00,LONG,37.66,37.85,tp,0.004,1,0.7689,2
2022-06-04 14:30:00,SHORT,37.85,37.66,tp,0.004025,1,0.7866,2
2022-06-04 15:05:00,LONG,37.66,37.55,sl,-0.004,0,0.7106,2
2022-06-04 15:10:00,SHORT,37.63,37.74,sl,-0.003991,0,0.8097,2
2022-06-04 15:20:00,LONG,37.52,37.71,tp,0.004,1,0.7967,2
2022-06-04 15:30:00,SHORT,37.61,37.72,sl,-0.003991,0,0.6895,2
2022-06-04 15:55:00,SHORT,37.75,37.56,tp,0.004025,1,0.8178,2
2022-06-04 16:45:00,LONG,37.5,37.39,sl,-0.004,0,0.8055,2
2022-06-04 17:05:00,SHORT,37.45,37.56,sl,-0.003991,0,0.6505,2
2022-06-04 18:00:00,SHORT,38.06,37.87,tp,0.004025,1,0.8064,2
2022-06-04 18:30:00,LONG,37.9,37.79,sl,-0.004,0,0.685,2
2022-06-04 18:35:00,SHORT,37.91,38.02,sl,-0.003991,0,0.6663,2
2022-06-04 18:50:00,LONG,37.94,37.83,sl,-0.004,0,0.6904,2
2022-06-04 19:35:00,LONG,37.6,37.49,sl,-0.004,0,0.7517,2
2022-06-04 21:00:00,SHORT,37.78,37.89,sl,-0.003991,0,0.6799,2
2022-06-04 21:15:00,LONG,37.68,37.87,tp,0.004,1,0.6841,2
2022-06-04 21:25:00,LONG,38.22,38.41,tp,0.004,1,0.7071,2
2022-06-04 21:30:00,LONG,38.73,38.61,sl,-0.004,0,0.7612,2
2022-06-04 21:40:00,SHORT,39.03,38.84,tp,0.004025,1,0.6932,2
2022-06-04 22:15:00,SHORT,38.94,38.75,tp,0.004025,1,0.6771,2
2022-06-04 23:00:00,LONG,38.36,38.55,tp,0.004,1,0.6564,2
2022-06-04 23:50:00,LONG,38.99,38.87,sl,-0.004,0,0.6733,2
2022-06-05 00:05:00,LONG,38.78,38.97,tp,0.004,1,0.8302,2
2022-06-05 01:15:00,LONG,38.28,38.47,tp,0.004,1,0.832,2
2022-06-05 01:30:00,SHORT,38.43,38.24,tp,0.004025,1,0.7185,2
2022-06-05 01:55:00,LONG,37.95,38.14,tp,0.004,1,0.9094,2
2022-06-05 02:15:00,SHORT,38.26,38.07,tp,0.004025,1,0.7589,2
2022-06-05 03:00:00,LONG,38.18,38.37,tp,0.004,1,0.6846,2
2022-06-05 04:15:00,LONG,38.04,38.23,tp,0.004,1,0.7104,2
2022-06-05 04:55:00,LONG,38.08,38.27,tp,0.004,1,0.7342,2
2022-06-05 05:30:00,LONG,38.37,38.56,tp,0.004,1,0.6627,2
2022-06-05 05:35:00,LONG,38.43,38.62,tp,0.004,1,0.7531,2
2022-06-05 05:55:00,SHORT,38.67,38.79,sl,-0.003991,0,0.7473,2
2022-06-05 06:10:00,SHORT,38.73,38.54,tp,0.004025,1,0.8253,2
2022-06-05 06:45:00,SHORT,39.0,39.12,sl,-0.003991,0,0.6764,2
2022-06-05 07:00:00,LONG,38.98,39.17,tp,0.004,1,0.7147,2
2022-06-05 07:10:00,SHORT,39.17,39.29,sl,-0.003991,0,0.6962,2
2022-06-05 07:20:00,LONG,39.16,39.04,sl,-0.004,0,0.6715,2
2022-06-05 07:30:00,SHORT,39.28,39.08,tp,0.004025,1,0.868,2
2022-06-05 08:15:00,SHORT,39.22,39.34,sl,-0.003991,0,0.8191,2
2022-06-05 09:40:00,SHORT,39.6,39.4,tp,0.004025,1,0.7813,2
2022-06-05 10:30:00,SHORT,39.9,39.7,tp,0.004025,1,0.8703,2
2022-06-05 11:30:00,SHORT,39.68,39.48,tp,0.004025,1,0.6835,2
2022-06-05 12:05:00,LONG,39.55,39.43,sl,-0.004,0,0.6667,2
2022-06-05 12:15:00,LONG,39.34,39.54,tp,0.004,1,0.7458,2
2022-06-05 12:25:00,SHORT,39.43,39.23,tp,0.004025,1,0.6872,2
2022-06-05 12:45:00,LONG,39.2,39.08,sl,-0.004,0,0.6507,2
2022-06-05 13:45:00,SHORT,39.19,38.99,tp,0.004025,1,0.7156,2
2022-06-05 14:00:00,LONG,38.92,39.11,tp,0.004,1,0.6535,2
2022-06-05 14:20:00,SHORT,39.17,39.29,sl,-0.003991,0,0.7267,2
2022-06-05 14:40:00,LONG,39.28,39.16,sl,-0.004,0,0.7145,2
2022-06-05 14:50:00,LONG,39.38,39.58,tp,0.004,1,0.6947,2
2022-06-05 15:20:00,SHORT,39.47,39.59,sl,-0.003991,0,0.65,2
2022-06-05 16:30:00,LONG,39.38,39.26,sl,-0.004,0,0.7049,2
2022-06-05 17:50:00,LONG,39.62,39.82,tp,0.004,1,0.7196,2
2022-06-05 18:00:00,SHORT,39.8,39.6,tp,0.004025,1,0.7984,2
2022-06-05 18:25:00,SHORT,39.63,39.43,tp,0.004025,1,0.6703,2
2022-06-05 18:30:00,SHORT,39.55,39.67,sl,-0.003991,0,0.6669,2
2022-06-05 19:05:00,SHORT,39.45,39.57,sl,-0.003991,0,0.6853,2
2022-06-05 19:35:00,LONG,39.34,39.54,tp,0.004,1,0.7188,2
2022-06-05 20:00:00,SHORT,39.9,40.02,sl,-0.003991,0,0.7441,2
2022-06-05 20:25:00,LONG,39.91,39.79,sl,-0.004,0,0.6706,2
2022-06-05 20:30:00,SHORT,39.9,39.7,tp,0.004025,1,0.704,2
2022-06-05 21:00:00,SHORT,39.68,39.48,tp,0.004025,1,0.6849,2
2022-06-05 21:45:00,SHORT,39.6,39.72,sl,-0.003991,0,0.7414,2
2022-06-05 22:05:00,SHORT,39.84,39.64,tp,0.004025,1,0.7114,2
2022-06-05 22:30:00,LONG,39.32,39.2,sl,-0.004,0,0.7197,2
2022-06-05 23:35:00,LONG,38.6,38.48,sl,-0.004,0,0.6729,2
2022-06-06 00:30:00,SHORT,39.21,39.33,sl,-0.003991,0,0.8693,2
2022-06-06 00:45:00,LONG,39.75,39.63,sl,-0.004,0,0.6732,2
2022-06-06 01:15:00,LONG,40.0,40.2,tp,0.004,1,0.6541,2
2022-06-06 01:20:00,LONG,40.24,40.44,tp,0.004,1,0.6501,2
2022-06-06 01:25:00,SHORT,40.53,40.65,sl,-0.003991,0,0.8029,2
2022-06-06 02:05:00,LONG,40.78,40.66,sl,-0.004,0,0.7011,2
2022-06-06 02:35:00,SHORT,40.88,40.68,tp,0.004025,1,0.7818,2
2022-06-06 03:05:00,LONG,41.4,41.61,tp,0.004,1,0.7717,2
2022-06-06 03:15:00,SHORT,41.7,41.49,tp,0.004025,1,0.8877,2
2022-06-06 03:35:00,SHORT,41.74,41.86,sl,-0.003991,0,0.7814,2
2022-06-06 03:55:00,LONG,41.79,41.67,sl,-0.004,0,0.7176,2
2022-06-06 04:00:00,SHORT,41.9,41.69,tp,0.004025,1,0.8429,2
2022-06-06 04:05:00,LONG,41.78,41.99,tp,0.004,1,0.726,2
2022-06-06 04:45:00,LONG,41.59,41.8,tp,0.004,1,0.6696,2
2022-06-06 05:05:00,SHORT,41.82,41.61,tp,0.004025,1,0.849,2
2022-06-06 05:35:00,SHORT,41.75,41.54,tp,0.004025,1,0.7326,2
2022-06-06 06:00:00,LONG,41.56,41.77,tp,0.004,1,0.8031,2
2022-06-06 06:45:00,LONG,43.51,43.73,tp,0.004,1,0.7973,2
2022-06-06 06:50:00,LONG,43.46,43.33,sl,-0.004,0,0.6843,2
2022-06-06 07:00:00,LONG,43.31,43.18,sl,-0.004,0,0.6807,2
2022-06-06 07:40:00,LONG,42.76,42.98,tp,0.004,1,0.7955,2
2022-06-06 08:10:00,LONG,43.41,43.28,sl,-0.004,0,0.6879,2
2022-06-06 08:45:00,LONG,44.07,43.94,sl,-0.004,0,0.6848,2
2022-06-06 09:00:00,LONG,43.81,44.03,tp,0.004,1,0.6938,2
2022-06-06 09:30:00,SHORT,44.11,44.24,sl,-0.003991,0,0.7503,2
2022-06-06 09:40:00,LONG,44.13,44.35,tp,0.004,1,0.6972,2
2022-06-06 10:00:00,SHORT,44.44,44.22,tp,0.004025,1,0.6952,2
2022-06-06 10:05:00,LONG,44.14,44.36,tp,0.004,1,0.7634,2
2022-06-06 10:45:00,SHORT,44.39,44.52,sl,-0.003991,0,0.7843,2
2022-06-06 10:55:00,LONG,44.33,44.55,tp,0.004,1,0.7411,2
2022-06-06 11:05:00,SHORT,44.32,44.1,tp,0.004025,1,0.6532,2
2022-06-06 11:10:00,LONG,44.0,43.87,sl,-0.004,0,0.7774,2
2022-06-06 11:40:00,LONG,43.84,44.06,tp,0.004,1,0.8291,2
2022-06-06 12:20:00,LONG,43.72,43.94,tp,0.004,1,0.7611,2
2022-06-06 12:30:00,LONG,43.96,43.83,sl,-0.004,0,0.6515,2
2022-06-06 12:40:00,LONG,44.03,43.9,sl,-0.004,0,0.6738,2
2022-06-06 12:45:00,LONG,44.02,43.89,sl,-0.004,0,0.7362,2
2022-06-06 12:50:00,LONG,43.81,44.03,tp,0.004,1,0.7936,2
2022-06-06 13:20:00,LONG,43.72,43.94,tp,0.004,1,0.6831,2
2022-06-06 13:30:00,SHORT,43.82,43.6,tp,0.004025,1,0.6626,2
2022-06-06 14:25:00,SHORT,43.87,43.65,tp,0.004025,1,0.7227,2
2022-06-06 15:10:00,LONG,42.61,42.82,tp,0.004,1,0.7337,2
2022-06-06 16:15:00,SHORT,42.24,42.03,tp,0.004025,1,0.7012,2
2022-06-06 16:30:00,LONG,42.19,42.06,sl,-0.004,0,0.6566,2
2022-06-06 16:50:00,LONG,42.03,42.24,tp,0.004,1,0.7149,2
2022-06-06 17:10:00,SHORT,41.83,41.95,sl,-0.003991,0,0.6681,2
2022-06-06 17:20:00,LONG,41.9,42.11,tp,0.004,1,0.6946,2
2022-06-06 17:45:00,LONG,41.94,42.15,tp,0.004,1,0.8029,2
2022-06-06 17:50:00,SHORT,42.36,42.15,tp,0.004025,1,0.8193,2
2022-06-06 18:35:00,LONG,41.58,41.79,tp,0.004,1,0.9069,2
2022-06-06 18:45:00,SHORT,41.89,41.68,tp,0.004025,1,0.6708,2
2022-06-06 19:20:00,LONG,41.67,41.88,tp,0.004,1,0.7395,2
2022-06-06 20:05:00,SHORT,41.3,41.42,sl,-0.003991,0,0.6931,2
2022-06-06 20:10:00,LONG,41.44,41.65,tp,0.004,1,0.694,2
2022-06-06 20:20:00,SHORT,41.79,41.91,sl,-0.003991,0,0.6562,2
2022-06-06 21:00:00,SHORT,42.59,42.38,tp,0.004025,1,0.727,2
2022-06-06 21:35:00,SHORT,42.98,42.76,tp,0.004025,1,0.8561,2
2022-06-06 22:00:00,LONG,42.9,43.12,tp,0.004,1,0.7911,2
2022-06-06 22:20:00,LONG,42.59,42.8,tp,0.004,1,0.6639,2
2022-06-06 22:35:00,SHORT,42.79,42.57,tp,0.004025,1,0.8197,2
2022-06-06 22:50:00,LONG,42.64,42.51,sl,-0.004,0,0.6942,2
2022-06-06 23:05:00,SHORT,42.58,42.37,tp,0.004025,1,0.7059,2
2022-06-06 23:45:00,SHORT,42.46,42.25,tp,0.004025,1,0.7734,2
2022-06-07 00:35:00,SHORT,40.44,40.24,tp,0.004025,1,0.7128,2
2022-06-07 00:40:00,LONG,40.01,40.21,tp,0.004,1,0.9405,2
2022-06-07 00:45:00,LONG,40.05,40.25,tp,0.004,1,0.7048,2
2022-06-07 01:00:00,LONG,40.26,40.46,tp,0.004,1,0.6862,2
2022-06-07 01:05:00,SHORT,40.52,40.32,tp,0.004025,1,0.7575,2
2022-06-07 01:30:00,SHORT,39.62,39.42,tp,0.004025,1,0.695,2
2022-06-07 01:35:00,SHORT,39.42,39.22,tp,0.004025,1,0.6908,2
2022-06-07 01:45:00,LONG,38.93,38.81,sl,-0.004,0,0.6778,2
2022-06-07 02:15:00,SHORT,39.1,38.9,tp,0.004025,1,0.8114,2
2022-06-07 02:30:00,LONG,38.96,39.15,tp,0.004,1,0.8273,2
2022-06-07 02:45:00,SHORT,39.24,39.04,tp,0.004025,1,0.8649,2
2022-06-07 02:55:00,LONG,39.07,38.95,sl,-0.004,0,0.7254,2
2022-06-07 03:45:00,SHORT,39.64,39.76,sl,-0.003991,0,0.6603,2
2022-06-07 03:50:00,SHORT,39.74,39.54,tp,0.004025,1,0.6766,2
2022-06-07 04:00:00,LONG,39.42,39.62,tp,0.004,1,0.8128,2
2022-06-07 05:20:00,LONG,39.0,39.19,tp,0.004,1,0.8778,2
2022-06-07 05:50:00,SHORT,39.29,39.09,tp,0.004025,1,0.7134,2
2022-06-07 06:30:00,LONG,38.92,39.11,tp,0.004,1,0.8017,2
2022-06-07 08:15:00,SHORT,39.5,39.62,sl,-0.003991,0,0.8048,2
2022-06-07 09:10:00,LONG,39.29,39.17,sl,-0.004,0,0.693,2
2022-06-07 09:30:00,LONG,39.16,39.36,tp,0.004,1,0.8577,2
2022-06-07 10:05:00,LONG,39.23,39.43,tp,0.004,1,0.7,2
2022-06-07 10:20:00,LONG,39.2,39.4,tp,0.004,1,0.677,2
2022-06-07 10:45:00,SHORT,39.38,39.18,tp,0.004025,1,0.6755,2
2022-06-07 11:00:00,LONG,37.68,37.87,tp,0.004,1,0.8054,2
2022-06-07 11:15:00,SHORT,37.99,37.8,tp,0.004025,1,0.802,2
2022-06-07 11:25:00,LONG,37.98,37.87,sl,-0.004,0,0.7862,2
2022-06-07 11:35:00,SHORT,38.08,37.89,tp,0.004025,1,0.7542,2
2022-06-07 11:50:00,LONG,38.02,37.9,sl,-0.004,0,0.8387,2
2022-06-07 12:25:00,LONG,37.73,37.92,tp,0.004,1,0.7945,2
2022-06-07 12:40:00,SHORT,38.25,38.06,tp,0.004025,1,0.8387,2
2022-06-07 13:10:00,SHORT,38.29,38.41,sl,-0.003991,0,0.6548,2
2022-06-07 13:45:00,LONG,38.75,38.94,tp,0.004,1,0.6576,2
2022-06-07 13:50:00,SHORT,38.83,38.64,tp,0.004025,1,0.7692,2
2022-06-07 14:10:00,LONG,38.62,38.81,tp,0.004,1,0.7207,2
2022-06-07 14:45:00,SHORT,39.57,39.37,tp,0.004025,1,0.9109,2
2022-06-07 15:50:00,LONG,39.02,38.9,sl,-0.004,0,0.7015,2
2022-06-07 16:15:00,LONG,38.8,38.68,sl,-0.004,0,0.6979,2
2022-06-07 16:30:00,LONG,38.88,39.07,tp,0.004,1,0.6537,2
2022-06-07 16:50:00,SHORT,39.13,39.25,sl,-0.003991,0,0.7989,2
2022-06-07 17:15:00,SHORT,39.15,39.27,sl,-0.003991,0,0.6996,2
2022-06-07 17:50:00,SHORT,39.11,39.23,sl,-0.003991,0,0.827,2
2022-06-07 18:10:00,SHORT,39.72,39.84,sl,-0.003991,0,0.8714,2
2022-06-07 18:55:00,LONG,39.55,39.75,tp,0.004,1,0.7144,2
2022-06-07 19:10:00,SHORT,39.89,40.01,sl,-0.003991,0,0.7287,2
2022-06-07 19:45:00,SHORT,41.04,40.83,tp,0.004025,1,0.8831,2
2022-06-07 19:55:00,LONG,40.46,40.66,tp,0.004,1,0.782,2
2022-06-07 20:15:00,LONG,40.95,41.16,tp,0.004,1,0.7146,2
2022-06-07 20:20:00,LONG,40.99,41.2,tp,0.004,1,0.7246,2
2022-06-07 20:35:00,LONG,40.67,40.55,sl,-0.004,0,0.7298,2
2022-06-07 21:00:00,LONG,40.52,40.72,tp,0.004,1,0.7308,2
2022-06-07 21:15:00,SHORT,40.9,40.7,tp,0.004025,1,0.8568,2
2022-06-07 21:30:00,LONG,40.21,40.41,tp,0.004,1,0.8236,2
2022-06-07 21:40:00,SHORT,40.46,40.26,tp,0.004025,1,0.8369,2
2022-06-07 21:45:00,LONG,40.28,40.48,tp,0.004,1,0.7605,2
2022-06-07 22:15:00,SHORT,40.6,40.4,tp,0.004025,1,0.7609,2
2022-06-07 22:45:00,LONG,38.47,38.66,tp,0.004,1,0.7297,2
2022-06-07 22:55:00,SHORT,39.48,39.28,tp,0.004025,1,0.7374,2
2022-06-07 23:10:00,SHORT,39.56,39.36,tp,0.004025,1,0.6995,2
2022-06-07 23:15:00,LONG,39.32,39.52,tp,0.004,1,0.8745,2
2022-06-07 23:40:00,SHORT,39.71,39.51,tp,0.004025,1,0.7864,2
2022-06-08 00:05:00,LONG,39.21,39.41,tp,0.004,1,0.8203,2
2022-06-08 00:30:00,SHORT,39.72,39.84,sl,-0.003991,0,0.7388,2
2022-06-08 01:05:00,SHORT,38.87,38.68,tp,0.004025,1,0.7056,2
2022-06-08 01:10:00,LONG,38.83,39.02,tp,0.004,1,0.8052,2
2022-06-08 02:05:00,SHORT,40.57,40.37,tp,0.004025,1,0.8041,2
2022-06-08 02:20:00,LONG,39.92,40.12,tp,0.004,1,0.8453,2
2022-06-08 03:40:00,LONG,38.37,38.56,tp,0.004,1,0.9254,2
2022-06-08 04:00:00,LONG,38.47,38.35,sl,-0.004,0,0.8899,2
2022-06-08 04:15:00,LONG,38.76,38.95,tp,0.004,1,0.6684,2
2022-06-08 05:25:00,LONG,38.9,39.09,tp,0.004,1,0.7985,2
2022-06-08 05:35:00,LONG,39.18,39.38,tp,0.004,1,0.6603,2
2022-06-08 05:40:00,LONG,39.45,39.33,sl,-0.004,0,0.717,2
2022-06-08 06:25:00,LONG,39.0,38.88,sl,-0.004,0,0.7884,2
2022-06-08 06:45:00,SHORT,39.05,38.86,tp,0.004025,1,0.6678,2
2022-06-08 07:05:00,LONG,38.81,39.0,tp,0.004,1,0.8596,2
2022-06-08 07:35:00,LONG,38.98,39.17,tp,0.004,1,0.658,2
2022-06-08 07:45:00,SHORT,39.23,39.35,sl,-0.003991,0,0.7039,2
2022-06-08 08:00:00,SHORT,39.31,39.11,tp,0.004025,1,0.7804,2
2022-06-08 08:15:00,LONG,39.26,39.46,tp,0.004,1,0.6525,2
2022-06-08 08:30:00,LONG,39.35,39.55,tp,0.004,1,0.6956,2
2022-06-08 08:35:00,LONG,39.45,39.65,tp,0.004,1,0.6646,2
2022-06-08 09:25:00,LONG,39.34,39.54,tp,0.004,1,0.6661,2
2022-06-08 09:30:00,SHORT,39.52,39.64,sl,-0.003991,0,0.8409,2
2022-06-08 09:50:00,LONG,39.5,39.7,tp,0.004,1,0.7114,2
2022-06-08 10:15:00,LONG,39.34,39.54,tp,0.004,1,0.7029,2
2022-06-08 10:20:00,SHORT,39.47,39.27,tp,0.004025,1,0.7502,2
2022-06-08 11:00:00,LONG,39.32,39.52,tp,0.004,1,0.6847,2
2022-06-08 11:30:00,SHORT,39.54,39.34,tp,0.004025,1,0.7825,2
2022-06-08 12:25:00,LONG,38.97,38.85,sl,-0.004,0,0.7473,2
2022-06-08 13:05:00,SHORT,39.15,39.27,sl,-0.003991,0,0.7259,2
2022-06-08 13:45:00,LONG,39.95,40.15,tp,0.004,1,0.7069,2
2022-06-08 13:50:00,SHORT,40.07,39.87,tp,0.004025,1,0.8996,2
2022-06-08 14:55:00,LONG,39.48,39.68,tp,0.004,1,0.7239,2
2022-06-08 15:15:00,SHORT,39.9,40.02,sl,-0.003991,0,0.8403,2
2022-06-08 16:10:00,SHORT,39.78,39.58,tp,0.004025,1,0.7659,2
2022-06-08 16:15:00,SHORT,39.77,39.57,tp,0.004025,1,0.6588,2
2022-06-08 16:30:00,LONG,39.37,39.25,sl,-0.004,0,0.6708,2
2022-06-08 16:40:00,SHORT,39.3,39.42,sl,-0.003991,0,0.6633,2
2022-06-08 17:00:00,LONG,39.31,39.19,sl,-0.004,0,0.7291,2
2022-06-08 17:15:00,SHORT,39.41,39.21,tp,0.004025,1,0.7376,2
2022-06-08 18:25:00,SHORT,38.87,38.68,tp,0.004025,1,0.6763,2
2022-06-08 18:55:00,SHORT,38.94,38.75,tp,0.004025,1,0.7427,2
2022-06-08 19:15:00,LONG,38.82,39.01,tp,0.004,1,0.6713,2
2022-06-08 20:00:00,LONG,38.81,39.0,tp,0.004,1,0.688,2
2022-06-08 20:30:00,SHORT,39.05,38.86,tp,0.004025,1,0.7201,2
2022-06-08 20:50:00,LONG,38.89,39.08,tp,0.004,1,0.6747,2
2022-06-08 21:00:00,SHORT,38.95,39.07,sl,-0.003991,0,0.7189,2
2022-06-08 21:45:00,LONG,38.96,39.15,tp,0.004,1,0.6936,2
2022-06-08 23:20:00,SHORT,39.22,39.02,tp,0.004025,1,0.6974,2
2022-06-09 00:05:00,LONG,38.65,38.53,sl,-0.004,0,0.8529,2
2022-06-09 00:30:00,LONG,38.53,38.72,tp,0.004,1,0.8491,2
2022-06-09 00:45:00,SHORT,38.83,38.95,sl,-0.003991,0,0.8117,2
2022-06-09 01:20:00,SHORT,39.07,38.88,tp,0.004025,1,0.7956,2
2022-06-09 02:10:00,LONG,38.62,38.81,tp,0.004,1,0.7714,2
2022-06-09 02:40:00,SHORT,38.98,39.1,sl,-0.003991,0,0.781,2
2022-06-09 03:40:00,SHORT,39.15,39.21,timeout,-0.002509,0,0.7812,2
2022-06-09 04:15:00,LONG,39.06,38.94,sl,-0.004,0,0.6625,2
2022-06-09 04:25:00,SHORT,39.12,38.92,tp,0.004025,1,0.7474,2
2022-06-09 04:40:00,SHORT,39.17,38.97,tp,0.004025,1,0.7787,2
2022-06-09 06:05:00,LONG,39.1,38.98,sl,-0.004,0,0.6501,2
2022-06-09 06:40:00,LONG,38.98,39.17,tp,0.004,1,0.7054,2
2022-06-09 07:45:00,LONG,39.23,39.43,tp,0.004,1,0.6637,2
2022-06-09 08:20:00,LONG,40.02,39.9,sl,-0.004,0,0.7079,2
2022-06-09 08:45:00,LONG,40.17,40.37,tp,0.004,1,0.7087,2
2022-06-09 08:55:00,LONG,40.54,40.74,tp,0.004,1,0.7225,2
2022-06-09 09:05:00,LONG,40.69,40.89,tp,0.004,1,0.7237,2
2022-06-09 09:20:00,LONG,41.28,41.49,tp,0.004,1,0.6894,2
2022-06-09 09:25:00,SHORT,41.59,41.71,sl,-0.003991,0,0.8383,2
2022-06-09 09:40:00,LONG,41.25,41.46,tp,0.004,1,0.8001,2
2022-06-09 09:55:00,LONG,41.24,41.45,tp,0.004,1,0.7041,2
2022-06-09 12:20:00,LONG,40.54,40.74,tp,0.004,1,0.8427,2
2022-06-09 12:40:00,LONG,40.38,40.26,sl,-0.004,0,0.7431,2
2022-06-09 13:05:00,LONG,40.28,40.48,tp,0.004,1,0.8473,2
2022-06-09 13:15:00,SHORT,40.43,40.23,tp,0.004025,1,0.6603,2
2022-06-09 13:40:00,LONG,39.88,40.08,tp,0.004,1,0.9122,2
2022-06-09 14:00:00,SHORT,40.49,40.29,tp,0.004025,1,0.8079,2
2022-06-09 14:10:00,LONG,40.36,40.56,tp,0.004,1,0.6535,2
2022-06-09 14:15:00,SHORT,40.31,40.43,sl,-0.003991,0,0.6794,2
2022-06-09 14:30:00,SHORT,40.45,40.57,sl,-0.003991,0,0.6888,2
2022-06-09 15:05:00,LONG,40.05,40.25,tp,0.004,1,0.6778,2
2022-06-09 15:40:00,SHORT,40.32,40.44,sl,-0.003991,0,0.7279,2
2022-06-09 15:50:00,LONG,40.33,40.21,sl,-0.004,0,0.6521,2
2022-06-09 16:05:00,SHORT,40.3,40.42,sl,-0.003991,0,0.712,2
2022-06-09 17:30:00,SHORT,40.8,40.92,sl,-0.003991,0,0.7135,2
2022-06-09 17:40:00,LONG,40.68,40.88,tp,0.004,1,0.7915,2
2022-06-09 18:00:00,SHORT,40.88,40.68,tp,0.004025,1,0.7474,2
2022-06-09 18:45:00,LONG,40.22,40.1,sl,-0.004,0,0.8034,2
2022-06-09 19:20:00,SHORT,40.09,40.21,sl,-0.003991,0,0.7575,2
2022-06-09 19:35:00,SHORT,40.19,39.99,tp,0.004025,1,0.8358,2
2022-06-09 20:00:00,SHORT,39.67,39.47,tp,0.004025,1,0.7232,2
2022-06-09 20:50:00,SHORT,40.09,39.89,tp,0.004025,1,0.8571,2
2022-06-09 21:30:00,LONG,39.92,40.12,tp,0.004,1,0.7199,2
2022-06-09 23:05:00,SHORT,39.85,39.65,tp,0.004025,1,0.6953,2
2022-06-09 23:45:00,SHORT,40.01,39.81,tp,0.004025,1,0.716,2
2022-06-10 00:00:00,SHORT,40.01,39.81,tp,0.004025,1,0.65,2
2022-06-10 00:05:00,SHORT,39.87,39.67,tp,0.004025,1,0.659,2
2022-06-10 00:15:00,LONG,39.2,39.4,tp,0.004,1,0.7716,2
2022-06-10 00:45:00,SHORT,39.72,39.52,tp,0.004025,1,0.8227,2
2022-06-10 02:05:00,SHORT,39.69,39.81,sl,-0.003991,0,0.6526,2
2022-06-10 02:20:00,SHORT,40.1,40.22,sl,-0.003991,0,0.7826,2
2022-06-10 02:45:00,SHORT,40.32,40.44,sl,-0.003991,0,0.8506,2
2022-06-10 02:55:00,LONG,40.27,40.47,tp,0.004,1,0.7161,2
2022-06-10 03:05:00,SHORT,40.56,40.68,sl,-0.003991,0,0.7235,2
2022-06-10 03:20:00,SHORT,40.79,40.59,tp,0.004025,1,0.8886,2
2022-06-10 04:00:00,LONG,40.27,40.15,sl,-0.004,0,0.8152,2
2022-06-10 04:20:00,SHORT,40.28,40.08,tp,0.004025,1,0.6803,2
2022-06-10 04:25:00,LONG,40.15,40.35,tp,0.004,1,0.8166,2
2022-06-10 04:45:00,LONG,40.25,40.45,tp,0.004,1,0.6656,2
2022-06-10 05:00:00,SHORT,40.5,40.62,sl,-0.003991,0,0.7924,2
2022-06-10 05:25:00,LONG,40.4,40.6,tp,0.004,1,0.6872,2
2022-06-10 05:40:00,SHORT,40.68,40.48,tp,0.004025,1,0.666,2
2022-06-10 06:55:00,LONG,40.34,40.22,sl,-0.004,0,0.7902,2
2022-06-10 07:45:00,SHORT,40.38,40.5,sl,-0.003991,0,0.6501,2
2022-06-10 08:35:00,LONG,40.08,39.96,sl,-0.004,0,0.6963,2
2022-06-10 09:15:00,LONG,39.02,39.21,tp,0.004,1,0.8664,2
2022-06-10 09:35:00,LONG,39.28,39.16,sl,-0.004,0,0.6875,2
2022-06-10 09:40:00,SHORT,39.34,39.14,tp,0.004025,1,0.7667,2
2022-06-10 09:50:00,LONG,39.02,39.21,tp,0.004,1,0.8685,2
2022-06-10 10:35:00,LONG,39.25,39.45,tp,0.004,1,0.7001,2
2022-06-10 10:45:00,SHORT,39.31,39.43,sl,-0.003991,0,0.7331,2
2022-06-10 11:25:00,LONG,39.27,39.47,tp,0.004,1,0.6823,2
2022-06-10 11:35:00,SHORT,39.48,39.28,tp,0.004025,1,0.7034,2
2022-06-10 12:00:00,LONG,39.34,39.54,tp,0.004,1,0.6578,2
2022-06-10 12:30:00,LONG,38.17,38.36,tp,0.004,1,0.841,2
2022-06-10 12:50:00,LONG,38.42,38.3,sl,-0.004,0,0.8027,2
2022-06-10 13:05:00,LONG,38.27,38.15,sl,-0.004,0,0.7155,2
2022-06-10 13:25:00,SHORT,37.9,37.71,tp,0.004025,1,0.6606,2
2022-06-10 13:30:00,LONG,37.69,37.88,tp,0.004,1,0.8897,2
2022-06-10 14:00:00,LONG,37.9,38.09,tp,0.004,1,0.7377,2
2022-06-10 14:35:00,SHORT,38.35,38.47,sl,-0.003991,0,0.7801,2
2022-06-10 14:50:00,SHORT,38.41,38.22,tp,0.004025,1,0.7107,2
2022-06-10 15:25:00,LONG,38.03,37.91,sl,-0.004,0,0.6923,2
2022-06-10 16:10:00,LONG,37.75,37.94,tp,0.004,1,0.7935,2
2022-06-10 16:25:00,LONG,37.32,37.51,tp,0.004,1,0.787,2
2022-06-10 17:05:00,LONG,37.08,37.26,tp,0.004,1,0.9143,2
2022-06-10 17:25:00,SHORT,37.43,37.24,tp,0.004025,1,0.8643,2
2022-06-10 17:50:00,SHORT,37.44,37.25,tp,0.004025,1,0.7069,2
2022-06-10 18:25:00,LONG,37.21,37.1,sl,-0.004,0,0.7539,2
2022-06-10 18:40:00,LONG,37.2,37.38,tp,0.004,1,0.6697,2
2022-06-10 18:55:00,SHORT,37.31,37.12,tp,0.004025,1,0.7682,2
2022-06-10 19:25:00,SHORT,37.44,37.55,sl,-0.003991,0,0.73,2
2022-06-10 20:20:00,SHORT,37.63,37.74,sl,-0.003991,0,0.7915,2
2022-06-10 20:35:00,SHORT,37.77,37.67,timeout,0.001715,1,0.8621,2
2022-06-10 21:05:00,LONG,37.72,37.91,tp,0.004,1,0.6678,2
2022-06-10 21:25:00,SHORT,37.7,37.81,sl,-0.003991,0,0.731,2
2022-06-10 21:50:00,SHORT,37.89,38.0,sl,-0.003991,0,0.6531,2
2022-06-10 23:05:00,SHORT,37.65,37.46,tp,0.004025,1,0.6607,2
2022-06-10 23:25:00,LONG,37.17,37.06,sl,-0.004,0,0.6835,2
2022-06-10 23:45:00,LONG,37.1,37.28,tp,0.004,1,0.6585,2
2022-06-10 23:50:00,SHORT,37.11,37.22,sl,-0.003991,0,0.7317,2
2022-06-11 00:30:00,LONG,37.3,37.49,tp,0.004,1,0.7045,2
2022-06-11 01:35:00,LONG,37.32,37.21,sl,-0.004,0,0.7249,2
2022-06-11 01:45:00,SHORT,37.44,37.25,tp,0.004025,1,0.6958,2
2022-06-11 01:50:00,LONG,37.34,37.23,sl,-0.004,0,0.7753,2
2022-06-11 02:05:00,LONG,37.25,37.43,tp,0.004,1,0.7461,2
2022-06-11 02:20:00,LONG,37.29,37.48,tp,0.004,1,0.6855,2
2022-06-11 02:50:00,SHORT,37.58,37.69,sl,-0.003991,0,0.754,2
2022-06-11 03:15:00,LONG,37.6,37.79,tp,0.004,1,0.7319,2
2022-06-11 03:45:00,LONG,37.58,37.77,tp,0.004,1,0.7442,2
2022-06-11 04:00:00,LONG,37.59,37.78,tp,0.004,1,0.6821,2
2022-06-11 04:05:00,LONG,37.73,37.92,tp,0.004,1,0.6648,2
2022-06-11 04:55:00,LONG,37.85,37.74,sl,-0.004,0,0.7091,2
2022-06-11 05:20:00,LONG,37.63,37.52,sl,-0.004,0,0.7068,2
2022-06-11 06:30:00,LONG,37.33,37.52,tp,0.004,1,0.691,2
2022-06-11 08:40:00,LONG,37.02,36.91,sl,-0.004,0,0.6696,2
2022-06-11 11:20:00,LONG,35.71,35.89,tp,0.004,1,0.7845,2
2022-06-11 11:35:00,LONG,35.36,35.53,tp,0.004,1,0.8753,2
2022-06-11 11:55:00,LONG,35.49,35.67,tp,0.004,1,0.7338,2
2022-06-11 12:00:00,SHORT,35.62,35.73,sl,-0.003991,0,0.8065,2
2022-06-11 12:45:00,SHORT,35.23,35.34,sl,-0.003991,0,0.6715,2
2022-06-11 13:05:00,LONG,34.84,35.01,tp,0.004,1,0.6675,2
2022-06-11 13:15:00,SHORT,35.09,35.2,sl,-0.003991,0,0.8326,2
2022-06-11 13:30:00,SHORT,35.24,35.35,sl,-0.003991,0,0.8031,2
2022-06-11 13:45:00,LONG,35.18,35.07,sl,-0.004,0,0.7995,2
2022-06-11 13:50:00,SHORT,35.28,35.11,tp,0.004025,1,0.8315,2
2022-06-11 14:25:00,LONG,34.81,34.7,sl,-0.004,0,0.7803,2
2022-06-11 14:40:00,SHORT,34.43,34.54,sl,-0.003991,0,0.6517,2
2022-06-11 15:00:00,LONG,34.14,34.31,tp,0.004,1,0.6546,2
2022-06-11 15:05:00,SHORT,34.22,34.33,sl,-0.003991,0,0.7509,2
2022-06-11 15:25:00,LONG,33.98,33.88,sl,-0.004,0,0.6517,2
2022-06-11 15:30:00,SHORT,33.6,33.44,tp,0.004025,1,0.6511,2
2022-06-11 15:35:00,SHORT,33.49,33.33,tp,0.004025,1,0.6609,2
2022-06-11 15:40:00,LONG,33.39,33.55,tp,0.004,1,0.8804,2
2022-06-11 15:45:00,LONG,33.51,33.41,sl,-0.004,0,0.6616,2
2022-06-11 16:05:00,SHORT,33.95,33.78,tp,0.004025,1,0.8474,2
2022-06-11 16:15:00,LONG,33.41,33.57,tp,0.004,1,0.9081,2
2022-06-11 16:35:00,LONG,33.83,34.0,tp,0.004,1,0.652,2
2022-06-11 16:45:00,SHORT,34.19,34.02,tp,0.004025,1,0.908,2
2022-06-11 17:00:00,LONG,33.99,34.16,tp,0.004,1,0.6924,2
2022-06-11 17:05:00,SHORT,34.02,34.13,sl,-0.003991,0,0.7648,2
2022-06-11 17:30:00,LONG,33.99,34.16,tp,0.004,1,0.6657,2
2022-06-11 17:55:00,SHORT,33.89,33.99,sl,-0.003991,0,0.6633,2
2022-06-11 18:10:00,LONG,33.96,33.86,sl,-0.004,0,0.7557,2
2022-06-11 18:35:00,SHORT,34.56,34.39,tp,0.004025,1,0.8678,2
2022-06-11 20:55:00,LONG,33.85,34.02,tp,0.004,1,0.6704,2
2022-06-11 21:25:00,SHORT,34.34,34.17,tp,0.004025,1,0.8265,2
2022-06-11 21:45:00,SHORT,34.46,34.29,tp,0.004025,1,0.719,2
2022-06-11 22:10:00,SHORT,34.4,34.51,sl,-0.003991,0,0.7118,2
2022-06-11 23:10:00,SHORT,34.03,34.14,sl,-0.003991,0,0.7501,2
2022-06-12 00:15:00,SHORT,34.16,33.99,tp,0.004025,1,0.6765,2
2022-06-12 00:30:00,SHORT,34.13,33.96,tp,0.004025,1,0.6685,2
2022-06-12 00:45:00,LONG,34.02,33.91,sl,-0.004,0,0.6708,2
2022-06-12 01:15:00,LONG,33.44,33.6,tp,0.004,1,0.8326,2
2022-06-12 01:55:00,LONG,33.03,33.19,tp,0.004,1,0.7993,2
2022-06-12 02:10:00,SHORT,33.23,33.07,tp,0.004025,1,0.8015,2
2022-06-12 02:25:00,LONG,32.19,32.35,tp,0.004,1,0.856,2
2022-06-12 02:40:00,LONG,31.88,32.04,tp,0.004,1,0.8245,2
2022-06-12 02:45:00,LONG,32.12,32.02,sl,-0.004,0,0.6607,2
2022-06-12 02:50:00,LONG,31.84,31.74,sl,-0.004,0,0.6738,2
2022-06-12 02:55:00,LONG,31.79,31.94,tp,0.004,1,0.8637,2
2022-06-12 03:15:00,SHORT,32.0,32.1,sl,-0.003991,0,0.6586,2
2022-06-12 03:25:00,LONG,32.02,32.18,tp,0.004,1,0.7003,2
2022-06-12 03:35:00,SHORT,32.39,32.49,sl,-0.003991,0,0.7325,2
2022-06-12 04:00:00,SHORT,32.48,32.32,tp,0.004025,1,0.8691,2
2022-06-12 04:45:00,SHORT,31.91,31.75,tp,0.004025,1,0.6918,2
2022-06-12 05:00:00,LONG,31.54,31.44,sl,-0.004,0,0.8478,2
2022-06-12 05:20:00,SHORT,31.24,31.09,tp,0.004025,1,0.6886,2
2022-06-12 05:25:00,LONG,31.15,31.3,tp,0.004,1,0.9294,2
2022-06-12 05:45:00,SHORT,32.14,31.98,tp,0.004025,1,0.8259,2
2022-06-12 06:20:00,LONG,32.2,32.36,tp,0.004,1,0.7435,2
2022-06-12 06:25:00,LONG,32.52,32.68,tp,0.004,1,0.6547,2
2022-06-12 06:30:00,SHORT,32.59,32.43,tp,0.004025,1,0.8245,2
2022-06-12 06:45:00,LONG,32.26,32.16,sl,-0.004,0,0.8088,2
2022-06-12 07:30:00,LONG,32.04,32.2,tp,0.004,1,0.7815,2
2022-06-12 07:55:00,SHORT,33.14,32.98,tp,0.004025,1,0.9265,2
2022-06-12 08:10:00,LONG,32.79,32.95,tp,0.004,1,0.8244,2
2022-06-12 08:25:00,SHORT,33.48,33.32,tp,0.004025,1,0.8111,2
2022-06-12 09:00:00,LONG,33.02,33.18,tp,0.004,1,0.6981,2
2022-06-12 10:10:00,LONG,32.55,32.71,tp,0.004,1,0.6904,2
2022-06-12 11:20:00,LONG,32.38,32.54,tp,0.004,1,0.8837,2
2022-06-12 12:00:00,SHORT,32.86,32.7,tp,0.004025,1,0.8521,2
2022-06-12 12:20:00,LONG,32.83,32.99,tp,0.004,1,0.7334,2
2022-06-12 12:25:00,SHORT,32.92,33.02,sl,-0.003991,0,0.7189,2
2022-06-12 13:50:00,LONG,31.91,31.81,sl,-0.004,0,0.847,2
2022-06-12 14:15:00,LONG,31.47,31.62,tp,0.004,1,0.9364,2
2022-06-12 14:20:00,LONG,32.29,32.45,tp,0.004,1,0.6605,2
2022-06-12 14:25:00,LONG,32.58,32.74,tp,0.004,1,0.7101,2
2022-06-12 14:30:00,SHORT,33.01,32.85,tp,0.004025,1,0.8094,2
2022-06-12 14:40:00,LONG,32.76,32.92,tp,0.004,1,0.6977,2
2022-06-12 14:45:00,LONG,32.97,33.13,tp,0.004,1,0.7589,2
2022-06-12 14:50:00,SHORT,33.79,33.62,tp,0.004025,1,0.8879,2
2022-06-12 14:55:00,SHORT,33.5,33.6,sl,-0.003991,0,0.7355,2
2022-06-12 15:00:00,LONG,33.76,33.93,tp,0.004,1,0.6953,2
2022-06-12 15:05:00,SHORT,33.92,33.75,tp,0.004025,1,0.7508,2
2022-06-12 15:10:00,LONG,33.73,33.9,tp,0.004,1,0.6516,2
2022-06-12 15:40:00,SHORT,34.13,33.96,tp,0.004025,1,0.7933,2
2022-06-12 15:45:00,LONG,33.98,33.88,sl,-0.004,0,0.8159,2
2022-06-12 16:15:00,SHORT,34.11,33.94,tp,0.004025,1,0.713,2
2022-06-12 16:45:00,SHORT,33.87,33.7,tp,0.004025,1,0.8438,2
2022-06-12 16:55:00,LONG,33.62,33.78,tp,0.004,1,0.8281,2
2022-06-12 17:25:00,SHORT,33.81,33.64,tp,0.004025,1,0.8082,2
2022-06-12 17:40:00,LONG,33.67,33.57,sl,-0.004,0,0.7021,2
2022-06-12 17:55:00,SHORT,33.36,33.2,tp,0.004025,1,0.7403,2
2022-06-12 18:10:00,SHORT,33.15,33.25,sl,-0.003991,0,0.6551,2
2022-06-12 18:35:00,SHORT,32.83,32.93,sl,-0.003991,0,0.675,2
2022-06-12 18:40:00,LONG,32.73,32.89,tp,0.004,1,0.8954,2
2022-06-12 18:45:00,SHORT,32.78,32.88,sl,-0.003991,0,0.6725,2
2022-06-12 19:15:00,LONG,32.46,32.62,tp,0.004,1,0.8807,2
2022-06-12 19:45:00,LONG,32.69,32.59,sl,-0.004,0,0.6642,2
2022-06-12 20:00:00,SHORT,32.75,32.59,tp,0.004025,1,0.8392,2
2022-06-12 20:10:00,LONG,32.45,32.61,tp,0.004,1,0.7706,2
2022-06-12 20:30:00,SHORT,32.23,32.07,tp,0.004025,1,0.6967,2
2022-06-12 21:00:00,LONG,32.01,32.17,tp,0.004,1,0.8023,2
2022-06-12 21:20:00,SHORT,32.37,32.21,tp,0.004025,1,0.8454,2
2022-06-12 22:00:00,LONG,31.83,31.99,tp,0.004,1,0.7564,2
2022-06-12 22:10:00,SHORT,32.04,32.14,sl,-0.003991,0,0.7263,2
2022-06-12 22:40:00,SHORT,31.56,31.66,sl,-0.003991,0,0.6583,2
2022-06-12 23:40:00,SHORT,30.91,30.76,tp,0.004025,1,0.7157,2
2022-06-12 23:45:00,SHORT,30.83,30.68,tp,0.004025,1,0.6742,2
2022-06-13 00:15:00,LONG,30.67,30.82,tp,0.004,1,0.7823,2
2022-06-13 00:20:00,LONG,30.88,31.03,tp,0.004,1,0.6816,2
2022-06-13 00:30:00,SHORT,30.96,30.81,tp,0.004025,1,0.8603,2
2022-06-13 01:00:00,SHORT,29.72,29.57,tp,0.004025,1,0.6914,2
2022-06-13 01:10:00,LONG,29.19,29.34,tp,0.004,1,0.7363,2
2022-06-13 01:15:00,SHORT,29.41,29.26,tp,0.004025,1,0.7097,2
2022-06-13 01:20:00,LONG,29.1,29.02,sl,-0.004,0,0.7191,2
2022-06-13 01:25:00,LONG,29.02,29.17,tp,0.004,1,0.8904,2
2022-06-13 01:40:00,SHORT,29.32,29.17,tp,0.004025,1,0.7882,2
2022-06-13 01:50:00,SHORT,28.9,28.75,tp,0.004025,1,0.6847,2
2022-06-13 01:55:00,LONG,29.36,29.28,sl,-0.004,0,0.7238,2
2022-06-13 02:10:00,SHORT,28.95,29.03,sl,-0.003991,0,0.6651,2
2022-06-13 02:20:00,LONG,28.82,28.97,tp,0.004,1,0.9238,2
2022-06-13 02:25:00,LONG,29.29,29.21,sl,-0.004,0,0.6799,2
2022-06-13 02:30:00,SHORT,29.14,28.99,tp,0.004025,1,0.6938,2
2022-06-13 02:35:00,SHORT,29.15,29.0,tp,0.004025,1,0.6815,2
2022-06-13 02:45:00,SHORT,28.6,28.45,tp,0.004025,1,0.7063,2
2022-06-13 02:50:00,SHORT,28.57,28.42,tp,0.004025,1,0.7558,2
2022-06-13 03:00:00,LONG,27.9,28.04,tp,0.004,1,0.7674,2
2022-06-13 03:05:00,LONG,28.01,28.15,tp,0.004,1,0.7928,2
2022-06-13 03:10:00,SHORT,28.32,28.17,tp,0.004025,1,0.7827,2
2022-06-13 03:15:00,SHORT,28.19,28.04,tp,0.004025,1,0.6598,2
2022-06-13 03:20:00,LONG,27.97,28.11,tp,0.004,1,0.7915,2
2022-06-13 03:25:00,LONG,28.38,28.53,tp,0.004,1,0.7885,2
2022-06-13 03:30:00,LONG,28.68,28.83,tp,0.004,1,0.7129,2
2022-06-13 03:40:00,SHORT,28.83,28.91,sl,-0.003991,0,0.6814,2
2022-06-13 03:45:00,LONG,28.96,28.88,sl,-0.004,0,0.6546,2
2022-06-13 04:00:00,LONG,28.86,29.01,tp,0.004,1,0.6942,2
2022-06-13 04:10:00,LONG,29.22,29.37,tp,0.004,1,0.7911,2
2022-06-13 04:15:00,LONG,29.47,29.62,tp,0.004,1,0.7487,2
2022-06-13 04:20:00,SHORT,29.64,29.49,tp,0.004025,1,0.6991,2
2022-06-13 04:25:00,SHORT,29.36,29.21,tp,0.004025,1,0.655,2
2022-06-13 04:30:00,SHORT,29.18,29.03,tp,0.004025,1,0.7287,2
2022-06-13 04:40:00,SHORT,28.95,28.8,tp,0.004025,1,0.6618,2
2022-06-13 04:45:00,SHORT,28.77,28.62,tp,0.004025,1,0.6503,2
2022-06-13 05:55:00,LONG,27.85,27.99,tp,0.004,1,0.8987,2
2022-06-13 06:00:00,LONG,27.79,27.93,tp,0.004,1,0.6733,2
2022-06-13 06:15:00,SHORT,28.42,28.27,tp,0.004025,1,0.778,2
2022-06-13 06:45:00,LONG,27.8,27.94,tp,0.004,1,0.9129,2
2022-06-13 07:15:00,SHORT,28.35,28.2,tp,0.004025,1,0.7487,2
2022-06-13 07:50:00,LONG,27.4,27.54,tp,0.004,1,0.6727,2
2022-06-13 08:00:00,LONG,27.62,27.54,sl,-0.004,0,0.6925,2
2022-06-13 08:25:00,LONG,27.3,27.44,tp,0.004,1,0.7239,2
2022-06-13 08:30:00,SHORT,27.57,27.43,tp,0.004025,1,0.8329,2
2022-06-13 08:40:00,SHORT,27.01,26.87,tp,0.004025,1,0.6824,2
2022-06-13 08:45:00,SHORT,26.77,26.85,sl,-0.003991,0,0.6688,2
2022-06-13 08:50:00,LONG,26.71,26.63,sl,-0.004,0,0.6593,2
2022-06-13 08:55:00,LONG,26.27,26.4,tp,0.004,1,0.7776,2
2022-06-13 09:00:00,LONG,26.35,26.48,tp,0.004,1,0.672,2
2022-06-13 09:05:00,LONG,26.49,26.63,tp,0.004,1,0.7493,2
2022-06-13 09:10:00,LONG,27.07,27.21,tp,0.004,1,0.7743,2
2022-06-13 09:15:00,SHORT,27.48,27.34,tp,0.004025,1,0.9124,2
2022-06-13 09:20:00,SHORT,27.31,27.39,sl,-0.003991,0,0.6775,2
2022-06-13 09:30:00,SHORT,27.1,26.96,tp,0.004025,1,0.7209,2
2022-06-13 09:40:00,SHORT,27.31,27.17,tp,0.004025,1,0.6622,2
2022-06-13 09:45:00,LONG,27.14,27.28,tp,0.004,1,0.7631,2
2022-06-13 09:55:00,LONG,27.73,27.87,tp,0.004,1,0.7868,2
2022-06-13 10:00:00,SHORT,27.85,27.93,sl,-0.003991,0,0.8399,2
2022-06-13 10:05:00,LONG,28.14,28.06,sl,-0.004,0,0.6755,2
2022-06-13 10:10:00,SHORT,27.66,27.52,tp,0.004025,1,0.7014,2
2022-06-13 10:15:00,SHORT,27.47,27.33,tp,0.004025,1,0.716,2
2022-06-13 10:20:00,LONG,27.43,27.57,tp,0.004,1,0.8532,2
2022-06-13 10:25:00,LONG,27.9,28.04,tp,0.004,1,0.6605,2
2022-06-13 10:30:00,LONG,27.73,27.87,tp,0.004,1,0.7382,2
2022-06-13 10:35:00,SHORT,27.81,27.67,tp,0.004025,1,0.7586,2
2022-06-13 10:45:00,SHORT,27.42,27.5,sl,-0.003991,0,0.6815,2
2022-06-13 10:55:00,SHORT,27.39,27.47,sl,-0.003991,0,0.6578,2
2022-06-13 11:10:00,SHORT,26.98,26.84,tp,0.004025,1,0.6542,2
2022-06-13 11:15:00,LONG,26.69,26.61,sl,-0.004,0,0.7027,2
2022-06-13 11:20:00,SHORT,26.53,26.61,sl,-0.003991,0,0.6808,2
2022-06-13 11:25:00,LONG,26.48,26.62,tp,0.004,1,0.7107,2
2022-06-13 11:30:00,SHORT,26.74,26.6,tp,0.004025,1,0.8644,2
2022-06-13 11:45:00,LONG,26.45,26.37,sl,-0.004,0,0.7727,2
2022-06-13 11:50:00,LONG,26.4,26.54,tp,0.004,1,0.9289,2
2022-06-13 11:55:00,LONG,26.85,26.99,tp,0.004,1,0.6835,2
2022-06-13 12:00:00,LONG,27.0,27.14,tp,0.004,1,0.8013,2
2022-06-13 12:10:00,LONG,28.0,27.92,sl,-0.004,0,0.7994,2
2022-06-13 12:15:00,SHORT,27.42,27.5,sl,-0.003991,0,0.7062,2
2022-06-13 12:20:00,SHORT,27.6,27.46,tp,0.004025,1,0.72,2
2022-06-13 12:25:00,SHORT,27.61,27.47,tp,0.004025,1,0.7045,2
2022-06-13 12:30:00,SHORT,27.64,27.5,tp,0.004025,1,0.8667,2
2022-06-13 12:40:00,SHORT,27.05,26.91,tp,0.004025,1,0.6523,2
2022-06-13 12:50:00,LONG,26.85,26.77,sl,-0.004,0,0.6898,2
2022-06-13 12:55:00,LONG,26.51,26.65,tp,0.004,1,0.6797,2
2022-06-13 13:00:00,LONG,26.58,26.72,tp,0.004,1,0.893,2
2022-06-13 13:10:00,SHORT,26.67,26.53,tp,0.004025,1,0.7169,2
2022-06-13 13:15:00,LONG,26.25,26.38,tp,0.004,1,0.7757,2
2022-06-13 13:20:00,LONG,26.4,26.54,tp,0.004,1,0.8637,2
2022-06-13 13:25:00,LONG,26.34,26.47,tp,0.004,1,0.7231,2
2022-06-13 13:30:00,SHORT,27.17,27.03,tp,0.004025,1,0.8793,2
2022-06-13 13:35:00,LONG,26.79,26.93,tp,0.004,1,0.743,2
2022-06-13 13:40:00,LONG,27.01,27.15,tp,0.004,1,0.6843,2
2022-06-13 13:45:00,LONG,26.95,27.09,tp,0.004,1,0.7971,2
2022-06-13 13:50:00,LONG,26.93,27.07,tp,0.004,1,0.6548,2
2022-06-13 13:55:00,LONG,27.09,27.23,tp,0.004,1,0.7141,2
2022-06-13 14:00:00,LONG,27.07,27.21,tp,0.004,1,0.6963,2
2022-06-13 14:10:00,SHORT,26.77,26.63,tp,0.004025,1,0.6542,2
2022-06-13 14:20:00,LONG,26.62,26.76,tp,0.004,1,0.9231,2
2022-06-13 14:25:00,LONG,27.13,27.05,sl,-0.004,0,0.7138,2
2022-06-13 14:30:00,SHORT,27.07,27.15,sl,-0.003991,0,0.7957,2
2022-06-13 14:45:00,LONG,26.39,26.53,tp,0.004,1,0.6635,2
2022-06-13 14:50:00,LONG,27.01,27.15,tp,0.004,1,0.7522,2
2022-06-13 14:55:00,LONG,26.99,27.13,tp,0.004,1,0.7736,2
2022-06-13 15:00:00,SHORT,26.95,26.81,tp,0.004025,1,0.6562,2
2022-06-13 15:05:00,LONG,26.89,27.03,tp,0.004,1,0.8998,2
2022-06-13 15:10:00,LONG,27.15,27.29,tp,0.004,1,0.69,2
2022-06-13 15:15:00,LONG,27.53,27.67,tp,0.004,1,0.8464,2
2022-06-13 15:20:00,SHORT,27.73,27.59,tp,0.004025,1,0.9256,2
2022-06-13 15:25:00,SHORT,27.38,27.46,sl,-0.003991,0,0.7158,2
2022-06-13 15:35:00,LONG,27.77,27.91,tp,0.004,1,0.7762,2
2022-06-13 15:40:00,LONG,28.21,28.13,sl,-0.004,0,0.6986,2
2022-06-13 15:50:00,SHORT,27.8,27.88,sl,-0.003991,0,0.6581,2
2022-06-13 16:05:00,LONG,28.28,28.43,tp,0.004,1,0.7412,2
2022-06-13 16:10:00,SHORT,28.83,28.68,tp,0.004025,1,0.7692,2
2022-06-13 16:15:00,SHORT,28.71,28.79,sl,-0.003991,0,0.7918,2
2022-06-13 16:25:00,LONG,28.72,28.87,tp,0.004,1,0.7003,2
2022-06-13 16:30:00,SHORT,28.92,28.77,tp,0.004025,1,0.8193,2
2022-06-13 16:35:00,LONG,28.73,28.65,sl,-0.004,0,0.6634,2
2022-06-13 16:40:00,LONG,28.21,28.36,tp,0.004,1,0.6543,2
2022-06-13 16:45:00,LONG,28.49,28.41,sl,-0.004,0,0.7345,2
2022-06-13 17:05:00,SHORT,27.96,27.82,tp,0.004025,1,0.6794,2
2022-06-13 17:10:00,SHORT,27.94,27.8,tp,0.004025,1,0.6651,2
2022-06-13 17:35:00,LONG,27.61,27.75,tp,0.004,1,0.7479,2
2022-06-13 18:20:00,LONG,28.74,28.66,sl,-0.004,0,0.6561,2
2022-06-13 18:25:00,SHORT,28.66,28.51,tp,0.004025,1,0.7015,2
2022-06-13 18:30:00,LONG,28.63,28.78,tp,0.004,1,0.7486,2
2022-06-13 18:35:00,LONG,28.59,28.74,tp,0.004,1,0.6526,2
2022-06-13 18:55:00,LONG,28.22,28.14,sl,-0.004,0,0.8604,2
2022-06-13 19:10:00,LONG,28.22,28.37,tp,0.004,1,0.7639,2
2022-06-13 19:15:00,SHORT,28.4,28.25,tp,0.004025,1,0.8323,2
2022-06-13 19:30:00,LONG,28.3,28.45,tp,0.004,1,0.743,2
2022-06-13 19:45:00,SHORT,28.51,28.36,tp,0.004025,1,0.8533,2
2022-06-13 19:55:00,LONG,28.32,28.47,tp,0.004,1,0.7678,2
2022-06-13 20:00:00,LONG,28.9,29.05,tp,0.004,1,0.7295,2
2022-06-13 20:05:00,LONG,29.09,29.01,sl,-0.004,0,0.8036,2
2022-06-13 20:15:00,SHORT,29.66,29.51,tp,0.004025,1,0.879,2
2022-06-13 21:10:00,LONG,28.66,28.58,sl,-0.004,0,0.7216,2
2022-06-13 21:40:00,SHORT,28.41,28.49,sl,-0.003991,0,0.6718,2
2022-06-13 22:45:00,SHORT,27.45,27.31,tp,0.004025,1,0.6595,2
2022-06-13 23:00:00,LONG,27.09,27.23,tp,0.004,1,0.9404,2
2022-06-13 23:20:00,SHORT,27.62,27.48,tp,0.004025,1,0.7298,2
2022-06-13 23:30:00,LONG,27.3,27.44,tp,0.004,1,0.819,2
2022-06-13 23:50:00,LONG,28.0,28.14,tp,0.004,1,0.7928,2
2022-06-13 23:55:00,SHORT,28.59,28.44,tp,0.004025,1,0.911,2
2022-06-14 00:00:00,SHORT,28.35,28.2,tp,0.004025,1,0.6651,2
2022-06-14 00:10:00,LONG,28.5,28.42,sl,-0.004,0,0.6553,2
2022-06-14 00:20:00,LONG,27.81,27.73,sl,-0.004,0,0.6544,2
2022-06-14 00:25:00,LONG,27.82,27.96,tp,0.004,1,0.875,2
2022-06-14 00:35:00,LONG,27.98,28.12,tp,0.004,1,0.6582,2
2022-06-14 00:40:00,SHORT,28.21,28.06,tp,0.004025,1,0.8498,2
2022-06-14 01:05:00,LONG,27.29,27.43,tp,0.004,1,0.8833,2
2022-06-14 01:10:00,SHORT,27.46,27.32,tp,0.004025,1,0.7253,2
2022-06-14 01:15:00,LONG,27.26,27.18,sl,-0.004,0,0.6809,2
2022-06-14 01:40:00,LONG,26.48,26.62,tp,0.004,1,0.7209,2
2022-06-14 01:55:00,LONG,26.22,26.35,tp,0.004,1,0.6866,2
2022-06-14 02:00:00,LONG,26.05,26.18,tp,0.004,1,0.662,2
2022-06-14 02:05:00,LONG,26.54,26.46,sl,-0.004,0,0.6679,2
2022-06-14 02:10:00,LONG,26.42,26.56,tp,0.004,1,0.6732,2
2022-06-14 02:15:00,SHORT,26.61,26.47,tp,0.004025,1,0.766,2
2022-06-14 02:40:00,LONG,26.77,26.69,sl,-0.004,0,0.6913,2
2022-06-14 02:50:00,LONG,26.86,27.0,tp,0.004,1,0.6831,2
2022-06-14 03:00:00,LONG,26.76,26.9,tp,0.004,1,0.9067,2
2022-06-14 03:05:00,LONG,27.12,27.26,tp,0.004,1,0.7379,2
2022-06-14 03:15:00,LONG,27.6,27.52,sl,-0.004,0,0.733,2
2022-06-14 03:30:00,SHORT,28.66,28.51,tp,0.004025,1,0.9405,2
2022-06-14 03:35:00,SHORT,28.1,28.18,sl,-0.003991,0,0.702,2
2022-06-14 03:55:00,LONG,28.95,29.1,tp,0.004,1,0.8154,2
2022-06-14 04:00:00,SHORT,29.24,29.09,tp,0.004025,1,0.9027,2
2022-06-14 04:05:00,SHORT,28.96,28.81,tp,0.004025,1,0.654,2
2022-06-14 04:15:00,LONG,28.34,28.49,tp,0.004,1,0.6712,2
2022-06-14 04:45:00,SHORT,28.46,28.31,tp,0.004025,1,0.6784,2
2022-06-14 04:50:00,LONG,28.14,28.28,tp,0.004,1,0.8466,2
2022-06-14 05:15:00,LONG,30.11,30.26,tp,0.004,1,0.8598,2
2022-06-14 05:20:00,SHORT,30.18,30.03,tp,0.004025,1,0.7815,2
2022-06-14 05:25:00,LONG,30.03,30.18,tp,0.004,1,0.7119,2
2022-06-14 05:30:00,LONG,29.85,30.0,tp,0.004,1,0.7869,2
2022-06-14 05:35:00,LONG,30.25,30.4,tp,0.004,1,0.701,2
2022-06-14 05:40:00,LONG,30.26,30.41,tp,0.004,1,0.7573,2
2022-06-14 05:45:00,LONG,30.63,30.78,tp,0.004,1,0.6648,2
2022-06-14 06:05:00,LONG,30.39,30.29,sl,-0.004,0,0.7607,2
2022-06-14 06:15:00,LONG,30.29,30.44,tp,0.004,1,0.7171,2
2022-06-14 06:20:00,LONG,30.6,30.75,tp,0.004,1,0.6638,2
2022-06-14 06:25:00,LONG,30.78,30.93,tp,0.004,1,0.7042,2
2022-06-14 06:30:00,SHORT,31.97,31.81,tp,0.004025,1,0.8898,2
2022-06-14 06:35:00,SHORT,30.85,30.7,tp,0.004025,1,0.6555,2
2022-06-14 06:40:00,LONG,30.62,30.52,sl,-0.004,0,0.7266,2
2022-06-14 06:45:00,LONG,30.72,30.62,sl,-0.004,0,0.705,2
2022-06-14 07:20:00,SHORT,30.34,30.19,tp,0.004025,1,0.6517,2
2022-06-14 07:45:00,LONG,31.13,31.28,tp,0.004,1,0.6712,2
2022-06-14 07:50:00,SHORT,31.18,31.03,tp,0.004025,1,0.8073,2
2022-06-14 08:00:00,SHORT,30.75,30.6,tp,0.004025,1,0.6949,2
2022-06-14 08:05:00,SHORT,30.53,30.63,sl,-0.003991,0,0.6974,2
2022-06-14 08:15:00,SHORT,30.56,30.41,tp,0.004025,1,0.683,2
2022-06-14 08:25:00,SHORT,30.44,30.29,tp,0.004025,1,0.6942,2
2022-06-14 09:20:00,SHORT,30.23,30.08,tp,0.004025,1,0.7928,2
2022-06-14 10:00:00,LONG,29.36,29.51,tp,0.004,1,0.9245,2
2022-06-14 10:15:00,LONG,29.29,29.44,tp,0.004,1,0.865,2
2022-06-14 11:25:00,LONG,28.86,28.78,sl,-0.004,0,0.9145,2
2022-06-14 11:50:00,LONG,28.92,29.07,tp,0.004,1,0.6583,2
2022-06-14 12:00:00,SHORT,29.09,28.94,tp,0.004025,1,0.6759,2
2022-06-14 12:25:00,LONG,28.44,28.59,tp,0.004,1,0.9095,2
2022-06-14 12:30:00,LONG,29.08,29.23,tp,0.004,1,0.6785,2
2022-06-14 12:35:00,LONG,29.26,29.41,tp,0.004,1,0.6989,2
2022-06-14 12:40:00,SHORT,29.37,29.22,tp,0.004025,1,0.7556,2
2022-06-14 12:50:00,LONG,29.27,29.19,sl,-0.004,0,0.8102,2
2022-06-14 12:55:00,LONG,29.18,29.33,tp,0.004,1,0.6505,2
2022-06-14 13:10:00,LONG,29.66,29.81,tp,0.004,1,0.8398,2
2022-06-14 13:15:00,SHORT,30.25,30.1,tp,0.004025,1,0.8603,2
2022-06-14 13:20:00,SHORT,30.11,30.21,sl,-0.003991,0,0.6969,2
2022-06-14 13:40:00,SHORT,29.37,29.45,sl,-0.003991,0,0.691,2
2022-06-14 14:25:00,LONG,29.4,29.32,sl,-0.004,0,0.6567,2
2022-06-14 14:30:00,LONG,29.33,29.48,tp,0.004,1,0.775,2
2022-06-14 14:35:00,LONG,29.43,29.35,sl,-0.004,0,0.7314,2
2022-06-14 14:50:00,LONG,29.65,29.8,tp,0.004,1,0.7076,2
2022-06-14 15:00:00,LONG,30.4,30.3,sl,-0.004,0,0.6897,2
2022-06-14 15:10:00,SHORT,30.38,30.23,tp,0.004025,1,0.8805,2
2022-06-14 15:15:00,LONG,30.16,30.31,tp,0.004,1,0.8679,2
2022-06-14 15:30:00,LONG,30.16,30.31,tp,0.004,1,0.793,2
2022-06-14 15:35:00,LONG,30.45,30.6,tp,0.004,1,0.8091,2
2022-06-14 15:40:00,LONG,31.1,31.25,tp,0.004,1,0.7892,2
2022-06-14 16:05:00,SHORT,30.66,30.51,tp,0.004025,1,0.7057,2
2022-06-14 16:45:00,SHORT,29.86,29.71,tp,0.004025,1,0.7142,2
2022-06-14 16:55:00,LONG,29.77,29.92,tp,0.004,1,0.8707,2
2022-06-14 17:40:00,SHORT,29.55,29.63,sl,-0.003991,0,0.6682,2
2022-06-14 18:05:00,SHORT,29.72,29.57,tp,0.004025,1,0.7947,2
2022-06-14 18:25:00,LONG,29.59,29.74,tp,0.004,1,0.8216,2
2022-06-14 18:35:00,SHORT,29.99,29.84,tp,0.004025,1,0.7964,2
2022-06-14 18:55:00,SHORT,29.43,29.28,tp,0.004025,1,0.6956,2
2022-06-14 19:40:00,LONG,29.4,29.55,tp,0.004,1,0.6631,2
2022-06-14 19:45:00,SHORT,29.48,29.33,tp,0.004025,1,0.8392,2
2022-06-14 19:50:00,LONG,29.38,29.53,tp,0.004,1,0.8298,2
2022-06-14 20:00:00,SHORT,29.55,29.4,tp,0.004025,1,0.7971,2
2022-06-14 20:15:00,SHORT,29.48,29.33,tp,0.004025,1,0.7004,2
2022-06-14 20:20:00,SHORT,28.95,28.8,tp,0.004025,1,0.6576,2
2022-06-14 20:30:00,LONG,29.0,28.92,sl,-0.004,0,0.7703,2
2022-06-14 20:50:00,LONG,29.06,28.98,sl,-0.004,0,0.6611,2
2022-06-14 21:20:00,LONG,28.53,28.68,tp,0.004,1,0.9305,2
2022-06-14 21:55:00,LONG,28.26,28.41,tp,0.004,1,0.7535,2
2022-06-14 22:10:00,SHORT,28.52,28.37,tp,0.004025,1,0.726,2
2022-06-14 22:15:00,LONG,28.32,28.24,sl,-0.004,0,0.8767,2
2022-06-14 22:30:00,LONG,28.15,28.29,tp,0.004,1,0.9129,2
2022-06-14 22:45:00,SHORT,28.57,28.65,sl,-0.003991,0,0.8467,2
2022-06-14 23:05:00,SHORT,29.14,28.99,tp,0.004025,1,0.8563,2
2022-06-14 23:20:00,LONG,29.48,29.4,sl,-0.004,0,0.6987,2
2022-06-14 23:25:00,LONG,29.37,29.52,tp,0.004,1,0.7561,2
2022-06-14 23:30:00,LONG,29.65,29.8,tp,0.004,1,0.6766,2
2022-06-14 23:35:00,SHORT,29.86,29.71,tp,0.004025,1,0.8412,2
2022-06-15 00:05:00,SHORT,29.57,29.42,tp,0.004025,1,0.6506,2
2022-06-15 00:10:00,LONG,29.55,29.7,tp,0.004,1,0.7566,2
2022-06-15 00:30:00,SHORT,30.04,30.14,sl,-0.003991,0,0.7004,2
2022-06-15 00:50:00,SHORT,29.57,29.42,tp,0.004025,1,0.6689,2
2022-06-15 01:20:00,SHORT,29.63,29.71,sl,-0.003991,0,0.7149,2
2022-06-15 01:35:00,LONG,29.66,29.81,tp,0.004,1,0.7223,2
2022-06-15 01:50:00,SHORT,30.19,30.04,tp,0.004025,1,0.7906,2
2022-06-15 02:25:00,LONG,29.52,29.44,sl,-0.004,0,0.6984,2
2022-06-15 04:30:00,SHORT,28.2,28.05,tp,0.004025,1,0.7074,2
2022-06-15 04:45:00,SHORT,28.53,28.61,sl,-0.003991,0,0.7694,2
2022-06-15 05:35:00,LONG,28.03,27.95,sl,-0.004,0,0.6912,2
2022-06-15 05:50:00,SHORT,28.19,28.04,tp,0.004025,1,0.7803,2
2022-06-15 06:55:00,SHORT,28.4,28.25,tp,0.004025,1,0.806,2
2022-06-15 07:30:00,LONG,28.04,27.96,sl,-0.004,0,0.8098,2
2022-06-15 08:10:00,LONG,27.01,27.15,tp,0.004,1,0.945,2
2022-06-15 08:20:00,LONG,27.03,27.17,tp,0.004,1,0.6597,2
2022-06-15 08:25:00,LONG,27.09,27.23,tp,0.004,1,0.6947,2
2022-06-15 08:30:00,LONG,27.44,27.58,tp,0.004,1,0.6523,2
2022-06-15 08:45:00,LONG,27.03,27.17,tp,0.004,1,0.8916,2
2022-06-15 08:50:00,LONG,27.02,26.94,sl,-0.004,0,0.6622,2
2022-06-15 10:15:00,SHORT,27.96,27.82,tp,0.004025,1,0.9133,2
2022-06-15 10:35:00,LONG,27.88,28.02,tp,0.004,1,0.6693,2
2022-06-15 10:40:00,SHORT,28.07,27.93,tp,0.004025,1,0.9105,2
2022-06-15 10:45:00,SHORT,28.01,27.87,tp,0.004025,1,0.6626,2
2022-06-15 10:50:00,LONG,27.91,28.05,tp,0.004,1,0.7924,2
2022-06-15 11:00:00,SHORT,27.92,27.78,tp,0.004025,1,0.6981,2
2022-06-15 11:05:00,LONG,27.81,27.95,tp,0.004,1,0.8695,2
2022-06-15 11:20:00,LONG,28.65,28.8,tp,0.004,1,0.6939,2
2022-06-15 11:25:00,LONG,28.91,29.06,tp,0.004,1,0.6979,2
2022-06-15 11:30:00,SHORT,28.76,28.84,sl,-0.003991,0,0.6679,2
2022-06-15 11:50:00,LONG,28.74,28.89,tp,0.004,1,0.7683,2
2022-06-15 12:30:00,SHORT,28.96,28.81,tp,0.004025,1,0.6643,2
2022-06-15 12:35:00,LONG,28.68,28.83,tp,0.004,1,0.8462,2
2022-06-15 12:50:00,SHORT,29.07,28.92,tp,0.004025,1,0.8279,2
2022-06-15 13:00:00,LONG,28.93,29.08,tp,0.004,1,0.6613,2
2022-06-15 13:15:00,LONG,29.87,29.79,sl,-0.004,0,0.6845,2
2022-06-15 13:35:00,LONG,29.32,29.47,tp,0.004,1,0.8628,2
2022-06-15 13:55:00,LONG,29.57,29.72,tp,0.004,1,0.858,2
2022-06-15 14:05:00,SHORT,29.71,29.56,tp,0.004025,1,0.7134,2
2022-06-15 14:20:00,SHORT,29.2,29.28,sl,-0.003991,0,0.6671,2
2022-06-15 14:45:00,SHORT,29.12,28.97,tp,0.004025,1,0.8281,2
2022-06-15 14:55:00,LONG,28.98,29.13,tp,0.004,1,0.7452,2
2022-06-15 15:10:00,SHORT,29.3,29.38,sl,-0.003991,0,0.6502,2
2022-06-15 15:30:00,LONG,29.17,29.32,tp,0.004,1,0.7633,2
2022-06-15 15:45:00,SHORT,29.41,29.49,sl,-0.003991,0,0.6765,2
2022-06-15 16:45:00,SHORT,28.76,28.61,tp,0.004025,1,0.697,2
2022-06-15 17:15:00,LONG,29.45,29.37,sl,-0.004,0,0.6758,2
2022-06-15 17:20:00,SHORT,29.36,29.21,tp,0.004025,1,0.8161,2
2022-06-15 17:30:00,LONG,29.09,29.01,sl,-0.004,0,0.7331,2
2022-06-15 17:55:00,LONG,29.67,29.82,tp,0.004,1,0.8157,2
2022-06-15 18:05:00,SHORT,28.7,28.55,tp,0.004025,1,0.7795,2
2022-06-15 18:10:00,LONG,28.58,28.73,tp,0.004,1,0.8658,2
2022-06-15 18:15:00,LONG,28.8,28.95,tp,0.004,1,0.6693,2
2022-06-15 18:20:00,LONG,28.72,28.87,tp,0.004,1,0.678,2
2022-06-15 18:25:00,LONG,29.09,29.01,sl,-0.004,0,0.6665,2
2022-06-15 18:30:00,LONG,28.82,28.97,tp,0.004,1,0.6824,2
2022-06-15 18:35:00,LONG,29.64,29.79,tp,0.004,1,0.7436,2
2022-06-15 18:40:00,LONG,31.2,31.35,tp,0.004,1,0.8237,2
2022-06-15 18:45:00,SHORT,30.97,30.82,tp,0.004025,1,0.7703,2
2022-06-15 18:50:00,SHORT,30.54,30.39,tp,0.004025,1,0.7297,2
2022-06-15 18:55:00,LONG,30.54,30.69,tp,0.004,1,0.8776,2
2022-06-15 19:00:00,LONG,30.78,30.93,tp,0.004,1,0.6596,2
2022-06-15 19:05:00,LONG,31.03,31.18,tp,0.004,1,0.6898,2
2022-06-15 19:10:00,LONG,31.06,31.21,tp,0.004,1,0.6907,2
2022-06-15 19:15:00,LONG,31.12,31.27,tp,0.004,1,0.6866,2
2022-06-15 19:20:00,SHORT,31.74,31.84,sl,-0.003991,0,0.6791,2
2022-06-15 19:25:00,SHORT,32.14,31.98,tp,0.004025,1,0.6787,2
2022-06-15 19:30:00,SHORT,32.91,32.75,tp,0.004025,1,0.9251,2
2022-06-15 19:35:00,SHORT,31.96,31.8,tp,0.004025,1,0.6941,2
2022-06-15 19:50:00,SHORT,31.41,31.51,sl,-0.003991,0,0.6744,2
2022-06-15 19:55:00,LONG,31.5,31.65,tp,0.004,1,0.7152,2
2022-06-15 20:00:00,LONG,31.59,31.74,tp,0.004,1,0.7286,2
2022-06-15 20:15:00,LONG,31.12,31.27,tp,0.004,1,0.8722,2
2022-06-15 21:00:00,LONG,31.73,31.88,tp,0.004,1,0.7597,2
2022-06-15 21:40:00,LONG,32.62,32.78,tp,0.004,1,0.7427,2
2022-06-15 21:45:00,LONG,33.14,33.3,tp,0.004,1,0.7541,2
2022-06-15 21:50:00,LONG,33.19,33.35,tp,0.004,1,0.7281,2
2022-06-15 21:55:00,LONG,33.12,33.28,tp,0.004,1,0.7754,2
2022-06-15 22:00:00,LONG,33.75,33.92,tp,0.004,1,0.6611,2
2022-06-15 22:05:00,SHORT,34.08,34.19,sl,-0.003991,0,0.7895,2
2022-06-15 22:10:00,SHORT,34.27,34.1,tp,0.004025,1,0.7104,2
2022-06-15 22:15:00,LONG,34.14,34.03,sl,-0.004,0,0.6947,2
2022-06-15 22:20:00,LONG,34.04,34.21,tp,0.004,1,0.7805,2
2022-06-15 22:25:00,LONG,34.28,34.45,tp,0.004,1,0.7038,2
2022-06-15 22:45:00,SHORT,34.21,34.32,sl,-0.003991,0,0.6587,2
2022-06-15 22:55:00,SHORT,34.11,33.94,tp,0.004025,1,0.6723,2
2022-06-15 23:20:00,SHORT,34.57,34.4,tp,0.004025,1,0.7503,2
2022-06-15 23:25:00,SHORT,34.46,34.29,tp,0.004025,1,0.6846,2
2022-06-15 23:30:00,SHORT,34.17,34.0,tp,0.004025,1,0.7236,2
2022-06-15 23:35:00,SHORT,34.08,34.19,sl,-0.003991,0,0.6614,2
2022-06-15 23:40:00,LONG,34.08,34.25,tp,0.004,1,0.7722,2
2022-06-16 00:00:00,LONG,35.74,35.92,tp,0.004,1,0.6943,2
2022-06-16 00:05:00,SHORT,35.54,35.36,tp,0.004025,1,0.7374,2
2022-06-16 00:15:00,SHORT,34.83,34.94,sl,-0.003991,0,0.6778,2
2022-06-16 00:20:00,LONG,34.82,34.99,tp,0.004,1,0.8643,2
2022-06-16 00:35:00,SHORT,35.2,35.03,tp,0.004025,1,0.6634,2
2022-06-16 00:50:00,LONG,35.03,35.2,tp,0.004,1,0.7089,2
2022-06-16 01:00:00,LONG,35.33,35.22,sl,-0.004,0,0.6582,2
2022-06-16 01:15:00,SHORT,35.37,35.2,tp,0.004025,1,0.651,2
2022-06-16 01:25:00,SHORT,35.07,34.9,tp,0.004025,1,0.7181,2
2022-06-16 01:40:00,LONG,34.7,34.59,sl,-0.004,0,0.8064,2
2022-06-16 01:55:00,LONG,34.29,34.46,tp,0.004,1,0.8608,2
2022-06-16 02:20:00,LONG,34.45,34.62,tp,0.004,1,0.786,2
2022-06-16 02:30:00,SHORT,34.56,34.39,tp,0.004025,1,0.7958,2
2022-06-16 03:00:00,SHORT,34.61,34.44,tp,0.004025,1,0.8207,2
2022-06-16 03:15:00,LONG,34.17,34.06,sl,-0.004,0,0.8727,2
2022-06-16 03:40:00,LONG,33.86,33.76,sl,-0.004,0,0.8877,2
2022-06-16 03:55:00,LONG,33.81,33.98,tp,0.004,1,0.8783,2
2022-06-16 04:10:00,SHORT,34.14,33.97,tp,0.004025,1,0.8161,2
2022-06-16 04:50:00,LONG,33.63,33.79,tp,0.004,1,0.8117,2
2022-06-16 05:00:00,SHORT,33.76,33.59,tp,0.004025,1,0.7048,2
2022-06-16 05:10:00,LONG,33.73,33.9,tp,0.004,1,0.8245,2
2022-06-16 05:50:00,LONG,33.64,33.8,tp,0.004,1,0.8783,2
2022-06-16 06:30:00,LONG,33.32,33.22,sl,-0.004,0,0.8692,2
2022-06-16 06:55:00,LONG,33.16,33.32,tp,0.004,1,0.8953,2
2022-06-16 07:10:00,SHORT,33.34,33.18,tp,0.004025,1,0.6624,2
2022-06-16 07:45:00,LONG,32.57,32.47,sl,-0.004,0,0.8673,2
2022-06-16 08:15:00,LONG,32.3,32.46,tp,0.004,1,0.9021,2
2022-06-16 08:35:00,SHORT,32.86,32.7,tp,0.004025,1,0.7621,2
2022-06-16 09:10:00,SHORT,31.97,31.81,tp,0.004025,1,0.6864,2
2022-06-16 09:50:00,LONG,31.36,31.51,tp,0.004,1,0.7085,2
2022-06-16 10:00:00,SHORT,31.56,31.41,tp,0.004025,1,0.8035,2
2022-06-16 10:40:00,LONG,30.95,31.1,tp,0.004,1,0.7099,2
2022-06-16 10:50:00,SHORT,31.37,31.47,sl,-0.003991,0,0.7774,2
2022-06-16 11:20:00,LONG,31.1,31.25,tp,0.004,1,0.8874,2
2022-06-16 11:55:00,LONG,31.3,31.45,tp,0.004,1,0.703,2
2022-06-16 12:05:00,SHORT,31.5,31.35,tp,0.004025,1,0.7887,2
2022-06-16 12:15:00,LONG,31.06,31.21,tp,0.004,1,0.8848,2
2022-06-16 12:20:00,LONG,31.97,32.13,tp,0.004,1,0.6757,2
2022-06-16 12:25:00,LONG,32.22,32.38,tp,0.004,1,0.8041,2
2022-06-16 12:30:00,SHORT,32.23,32.07,tp,0.004025,1,0.8436,2
2022-06-16 12:55:00,LONG,31.48,31.63,tp,0.004,1,0.6743,2
2022-06-16 13:00:00,LONG,32.02,31.92,sl,-0.004,0,0.6634,2
2022-06-16 13:10:00,SHORT,31.88,31.72,tp,0.004025,1,0.6931,2
2022-06-16 13:15:00,LONG,31.62,31.77,tp,0.004,1,0.8958,2
2022-06-16 13:35:00,LONG,31.28,31.43,tp,0.004,1,0.9246,2
2022-06-16 13:45:00,LONG,31.5,31.4,sl,-0.004,0,0.7442,2
2022-06-16 13:50:00,SHORT,30.55,30.4,tp,0.004025,1,0.7413,2
2022-06-16 13:55:00,LONG,30.56,30.46,sl,-0.004,0,0.6533,2
2022-06-16 14:00:00,LONG,30.21,30.36,tp,0.004,1,0.7538,2
2022-06-16 14:05:00,LONG,30.3,30.2,sl,-0.004,0,0.8748,2
2022-06-16 14:10:00,LONG,30.22,30.37,tp,0.004,1,0.6801,2
2022-06-16 14:15:00,LONG,30.45,30.6,tp,0.004,1,0.73,2
2022-06-16 14:20:00,LONG,30.59,30.74,tp,0.004,1,0.7418,2
2022-06-16 14:25:00,LONG,30.83,30.98,tp,0.004,1,0.7413,2
2022-06-16 14:30:00,SHORT,31.03,30.88,tp,0.004025,1,0.8227,2
2022-06-16 14:35:00,LONG,30.81,30.71,sl,-0.004,0,0.7067,2
2022-06-16 14:40:00,LONG,30.52,30.67,tp,0.004,1,0.7059,2
2022-06-16 14:45:00,SHORT,30.61,30.46,tp,0.004025,1,0.656,2
2022-06-16 14:50:00,LONG,30.51,30.66,tp,0.004,1,0.8542,2
2022-06-16 14:55:00,LONG,30.58,30.73,tp,0.004,1,0.7389,2
2022-06-16 15:00:00,LONG,30.89,31.04,tp,0.004,1,0.6519,2
2022-06-16 15:10:00,LONG,31.25,31.4,tp,0.004,1,0.6686,2
2022-06-16 15:20:00,LONG,31.29,31.44,tp,0.004,1,0.7751,2
2022-06-16 15:25:00,LONG,31.56,31.46,sl,-0.004,0,0.752,2
2022-06-16 16:20:00,LONG,31.97,31.87,sl,-0.004,0,0.763,2
2022-06-16 16:30:00,LONG,32.04,31.94,sl,-0.004,0,0.7416,2
2022-06-16 16:40:00,LONG,32.18,32.34,tp,0.004,1,0.6987,2
2022-06-16 16:45:00,SHORT,32.22,32.06,tp,0.004025,1,0.8609,2
2022-06-16 17:10:00,LONG,32.38,32.54,tp,0.004,1,0.6873,2
2022-06-16 17:15:00,SHORT,32.33,32.17,tp,0.004025,1,0.6941,2
2022-06-16 17:25:00,LONG,32.31,32.47,tp,0.004,1,0.6886,2
2022-06-16 17:30:00,SHORT,32.45,32.29,tp,0.004025,1,0.8257,2
2022-06-16 18:15:00,LONG,31.6,31.75,tp,0.004,1,0.8854,2
2022-06-16 19:05:00,SHORT,32.5,32.34,tp,0.004025,1,0.9154,2
2022-06-16 19:15:00,LONG,32.19,32.09,sl,-0.004,0,0.71,2
2022-06-16 19:35:00,LONG,30.88,31.03,tp,0.004,1,0.8858,2
2022-06-16 19:40:00,LONG,30.99,31.14,tp,0.004,1,0.7275,2
2022-06-16 20:00:00,SHORT,31.32,31.17,tp,0.004025,1,0.8747,2
2022-06-16 20:35:00,LONG,30.88,30.78,sl,-0.004,0,0.8533,2
2022-06-16 21:00:00,SHORT,31.25,31.1,tp,0.004025,1,0.8796,2
2022-06-16 21:30:00,SHORT,31.52,31.37,tp,0.004025,1,0.8993,2
2022-06-16 21:40:00,SHORT,31.29,31.39,sl,-0.003991,0,0.6669,2
2022-06-16 22:15:00,SHORT,31.07,31.17,sl,-0.003991,0,0.7897,2
2022-06-16 23:05:00,SHORT,30.0,29.85,tp,0.004025,1,0.7409,2
2022-06-16 23:15:00,LONG,29.57,29.72,tp,0.004,1,0.6518,2
2022-06-16 23:20:00,LONG,29.74,29.89,tp,0.004,1,0.7883,2
2022-06-16 23:45:00,LONG,30.04,29.94,sl,-0.004,0,0.6824,2
2022-06-17 00:00:00,LONG,30.03,30.18,tp,0.004,1,0.833,2
2022-06-17 00:15:00,SHORT,30.6,30.7,sl,-0.003991,0,0.858,2
2022-06-17 00:30:00,SHORT,29.74,29.59,tp,0.004025,1,0.7381,2
2022-06-17 00:35:00,LONG,29.39,29.54,tp,0.004,1,0.9017,2
2022-06-17 01:30:00,LONG,29.85,30.0,tp,0.004,1,0.8762,2
2022-06-17 01:45:00,LONG,30.6,30.75,tp,0.004,1,0.7196,2
2022-06-17 01:55:00,LONG,31.0,31.15,tp,0.004,1,0.7448,2
2022-06-17 02:00:00,SHORT,31.01,30.86,tp,0.004025,1,0.8357,2
2022-06-17 02:10:00,SHORT,30.89,30.74,tp,0.004025,1,0.6676,2
2022-06-17 02:30:00,SHORT,30.71,30.56,tp,0.004025,1,0.7929,2
2022-06-17 03:00:00,LONG,30.54,30.44,sl,-0.004,0,0.6679,2
2022-06-17 03:20:00,SHORT,30.68,30.53,tp,0.004025,1,0.7837,2
2022-06-17 03:25:00,LONG,30.64,30.54,sl,-0.004,0,0.7409,2
2022-06-17 04:45:00,SHORT,30.71,30.56,tp,0.004025,1,0.844,2
2022-06-17 05:10:00,SHORT,30.83,30.93,sl,-0.003991,0,0.7629,2
2022-06-17 05:35:00,SHORT,31.18,31.03,tp,0.004025,1,0.6909,2
2022-06-17 06:45:00,SHORT,31.44,31.29,tp,0.004025,1,0.8536,2
2022-06-17 07:10:00,LONG,31.2,31.35,tp,0.004,1,0.798,2
2022-06-17 07:45:00,SHORT,31.76,31.86,sl,-0.003991,0,0.6593,2
2022-06-17 08:00:00,LONG,31.53,31.68,tp,0.004,1,0.7613,2
2022-06-17 08:30:00,SHORT,31.77,31.62,tp,0.004025,1,0.6558,2
2022-06-17 08:40:00,SHORT,31.65,31.5,tp,0.004025,1,0.6708,2
2022-06-17 09:00:00,LONG,31.25,31.4,tp,0.004,1,0.8493,2
2022-06-17 09:10:00,SHORT,31.35,31.45,sl,-0.003991,0,0.7026,2
2022-06-17 09:40:00,LONG,31.18,31.08,sl,-0.004,0,0.7043,2
2022-06-17 10:00:00,LONG,31.13,31.28,tp,0.004,1,0.8078,2
2022-06-17 10:20:00,LONG,31.49,31.39,sl,-0.004,0,0.6968,2
2022-06-17 10:35:00,LONG,31.53,31.68,tp,0.004,1,0.672,2
2022-06-17 10:40:00,LONG,31.63,31.53,sl,-0.004,0,0.736,2
2022-06-17 10:50:00,LONG,31.89,32.05,tp,0.004,1,0.7029,2
2022-06-17 10:55:00,SHORT,31.99,32.09,sl,-0.003991,0,0.7907,2
2022-06-17 11:10:00,SHORT,32.07,31.91,tp,0.004025,1,0.9014,2
2022-06-17 11:25:00,LONG,31.81,31.96,tp,0.004,1,0.7813,2
2022-06-17 11:30:00,SHORT,31.9,31.74,tp,0.004025,1,0.7552,2
2022-06-17 12:25:00,LONG,31.51,31.66,tp,0.004,1,0.8457,2
2022-06-17 12:40:00,LONG,31.29,31.44,tp,0.004,1,0.7271,2
2022-06-17 13:25:00,LONG,31.15,31.3,tp,0.004,1,0.6549,2
2022-06-17 13:45:00,LONG,31.83,31.99,tp,0.004,1,0.752,2
2022-06-17 13:50:00,LONG,31.95,31.85,sl,-0.004,0,0.6819,2
2022-06-17 16:10:00,SHORT,31.49,31.34,tp,0.004025,1,0.8732,2
2022-06-17 16:45:00,SHORT,31.42,31.27,tp,0.004025,1,0.8696,2
2022-06-17 17:15:00,LONG,31.6,31.5,sl,-0.004,0,0.6974,2
2022-06-17 17:25:00,SHORT,31.58,31.43,tp,0.004025,1,0.6518,2
2022-06-17 17:50:00,SHORT,31.64,31.74,sl,-0.003991,0,0.7322,2
2022-06-17 18:20:00,SHORT,32.02,31.86,tp,0.004025,1,0.8275,2
2022-06-17 19:10:00,LONG,31.44,31.59,tp,0.004,1,0.6672,2
2022-06-17 19:20:00,SHORT,31.51,31.36,tp,0.004025,1,0.719,2
2022-06-17 19:30:00,LONG,31.29,31.44,tp,0.004,1,0.8823,2
2022-06-17 19:45:00,SHORT,31.38,31.23,tp,0.004025,1,0.724,2
2022-06-17 20:00:00,LONG,31.35,31.5,tp,0.004,1,0.656,2
2022-06-17 20:05:00,SHORT,31.38,31.48,sl,-0.003991,0,0.7576,2
2022-06-17 20:30:00,SHORT,31.63,31.73,sl,-0.003991,0,0.7369,2
2022-06-17 20:45:00,SHORT,31.62,31.72,sl,-0.003991,0,0.7224,2
2022-06-17 21:35:00,LONG,31.36,31.26,sl,-0.004,0,0.707,2
2022-06-17 22:25:00,SHORT,31.07,30.92,tp,0.004025,1,0.6587,2
2022-06-17 22:50:00,SHORT,31.04,30.89,tp,0.004025,1,0.7294,2
2022-06-17 23:00:00,LONG,30.97,30.87,sl,-0.004,0,0.6664,2
2022-06-17 23:55:00,LONG,30.73,30.63,sl,-0.004,0,0.7248,2
2022-06-18 00:30:00,SHORT,31.25,31.1,tp,0.004025,1,0.8023,2
2022-06-18 00:55:00,LONG,31.0,30.9,sl,-0.004,0,0.8178,2
2022-06-18 01:05:00,SHORT,31.02,30.87,tp,0.004025,1,0.6999,2
2022-06-18 01:40:00,LONG,30.22,30.37,tp,0.004,1,0.65,2
2022-06-18 01:50:00,SHORT,30.4,30.25,tp,0.004025,1,0.7469,2
2022-06-18 02:00:00,LONG,29.99,30.14,tp,0.004,1,0.915,2
2022-06-18 02:30:00,LONG,30.11,30.01,sl,-0.004,0,0.8115,2
2022-06-18 02:45:00,LONG,30.01,30.17,tp,0.004,1,0.8013,2
2022-06-18 03:15:00,LONG,29.9,30.05,tp,0.004,1,0.7857,2
2022-06-18 03:45:00,LONG,30.06,30.21,tp,0.004,1,0.6676,2
2022-06-18 04:10:00,SHORT,30.15,30.0,tp,0.004025,1,0.8008,2
2022-06-18 04:20:00,LONG,30.12,30.27,tp,0.004,1,0.6509,2
2022-06-18 04:25:00,SHORT,30.25,30.1,tp,0.004025,1,0.7832,2
2022-06-18 05:35:00,LONG,30.1,30.0,sl,-0.004,0,0.7561,2
2022-06-18 05:50:00,LONG,30.01,30.17,tp,0.004,1,0.8096,2
2022-06-18 06:50:00,SHORT,28.94,28.79,tp,0.004025,1,0.7445,2
2022-06-18 06:55:00,LONG,28.91,28.83,sl,-0.004,0,0.7224,2
2022-06-18 07:15:00,SHORT,28.44,28.29,tp,0.004025,1,0.6656,2
2022-06-18 07:20:00,LONG,28.33,28.48,tp,0.004,1,0.8885,2
2022-06-18 07:30:00,LONG,28.41,28.56,tp,0.004,1,0.6586,2
2022-06-18 07:45:00,LONG,28.77,28.69,sl,-0.004,0,0.6567,2
2022-06-18 08:15:00,LONG,27.99,27.91,sl,-0.004,0,0.9004,2
2022-06-18 08:25:00,LONG,28.62,28.77,tp,0.004,1,0.7313,2
2022-06-18 08:30:00,SHORT,28.73,28.58,tp,0.004025,1,0.8182,2
2022-06-18 08:45:00,LONG,28.48,28.63,tp,0.004,1,0.7613,2
2022-06-18 09:00:00,LONG,28.64,28.79,tp,0.004,1,0.6587,2
2022-06-18 09:30:00,SHORT,28.87,28.72,tp,0.004025,1,0.6608,2
2022-06-18 09:35:00,LONG,28.7,28.85,tp,0.004,1,0.8188,2
2022-06-18 10:20:00,SHORT,29.64,29.72,sl,-0.003991,0,0.8039,2
2022-06-18 10:40:00,SHORT,29.77,29.62,tp,0.004025,1,0.7959,2
2022-06-18 11:05:00,LONG,29.5,29.65,tp,0.004,1,0.8463,2
2022-06-18 11:10:00,LONG,30.01,30.17,tp,0.004,1,0.7767,2
2022-06-18 11:15:00,SHORT,30.33,30.43,sl,-0.003991,0,0.7899,2
2022-06-18 12:00:00,LONG,29.91,30.06,tp,0.004,1,0.8351,2
2022-06-18 12:30:00,SHORT,30.22,30.07,tp,0.004025,1,0.8856,2
2022-06-18 12:55:00,SHORT,30.29,30.14,tp,0.004025,1,0.8147,2
2022-06-18 13:15:00,SHORT,30.34,30.19,tp,0.004025,1,0.7887,2
2022-06-18 13:40:00,LONG,29.9,30.05,tp,0.004,1,0.859,2
2022-06-18 14:15:00,SHORT,30.13,29.98,tp,0.004025,1,0.6514,2
2022-06-18 15:25:00,SHORT,30.01,29.86,tp,0.004025,1,0.7892,2
2022-06-18 16:20:00,SHORT,30.37,30.22,tp,0.004025,1,0.6664,2
2022-06-18 16:55:00,LONG,29.72,29.87,tp,0.004,1,0.8856,2
2022-06-18 17:15:00,LONG,30.09,29.99,sl,-0.004,0,0.6706,2
2022-06-18 17:40:00,LONG,29.72,29.64,sl,-0.004,0,0.7236,2
2022-06-18 19:40:00,SHORT,28.39,28.24,tp,0.004025,1,0.6511,2
2022-06-18 20:05:00,LONG,27.43,27.57,tp,0.004,1,0.6938,2
2022-06-18 20:10:00,LONG,27.94,28.08,tp,0.004,1,0.7067,2
2022-06-18 20:15:00,SHORT,28.13,27.99,tp,0.004025,1,0.7307,2
2022-06-18 20:20:00,LONG,28.17,28.09,sl,-0.004,0,0.6635,2
2022-06-18 20:25:00,LONG,27.68,27.82,tp,0.004,1,0.7001,2
2022-06-18 20:30:00,LONG,27.71,27.85,tp,0.004,1,0.8996,2
2022-06-18 20:35:00,LONG,27.88,27.8,sl,-0.004,0,0.6804,2
2022-06-18 20:40:00,LONG,27.58,27.72,tp,0.004,1,0.7608,2
2022-06-18 20:45:00,LONG,27.38,27.52,tp,0.004,1,0.7136,2
2022-06-18 20:50:00,LONG,27.45,27.59,tp,0.004,1,0.9108,2
2022-06-18 20:55:00,LONG,27.81,27.95,tp,0.004,1,0.6513,2
2022-06-18 21:00:00,LONG,28.25,28.17,sl,-0.004,0,0.7223,2
2022-06-18 21:20:00,LONG,28.87,29.02,tp,0.004,1,0.7062,2
2022-06-18 21:25:00,SHORT,29.59,29.44,tp,0.004025,1,0.9298,2
2022-06-18 21:30:00,SHORT,28.92,29.0,sl,-0.003991,0,0.7551,2
2022-06-18 21:35:00,SHORT,29.45,29.53,sl,-0.003991,0,0.7281,2
2022-06-18 21:40:00,SHORT,29.8,29.65,tp,0.004025,1,0.9069,2
2022-06-18 21:45:00,SHORT,29.53,29.38,tp,0.004025,1,0.7376,2
2022-06-18 21:50:00,SHORT,29.47,29.32,tp,0.004025,1,0.7119,2
2022-06-18 21:55:00,SHORT,29.27,29.12,tp,0.004025,1,0.6767,2
2022-06-18 22:15:00,LONG,30.14,30.29,tp,0.004,1,0.7709,2
2022-06-18 22:20:00,LONG,30.93,31.08,tp,0.004,1,0.8362,2
2022-06-18 22:25:00,SHORT,31.33,31.18,tp,0.004025,1,0.8689,2
2022-06-18 22:30:00,SHORT,31.05,30.9,tp,0.004025,1,0.723,2
2022-06-18 22:35:00,SHORT,31.36,31.21,tp,0.004025,1,0.7544,2
2022-06-18 22:40:00,SHORT,31.45,31.3,tp,0.004025,1,0.7572,2
2022-06-18 22:45:00,SHORT,31.05,30.9,tp,0.004025,1,0.7331,2
2022-06-18 22:50:00,LONG,31.45,31.6,tp,0.004,1,0.7272,2
2022-06-18 23:00:00,SHORT,31.76,31.61,tp,0.004025,1,0.8467,2
2022-06-18 23:15:00,LONG,31.27,31.42,tp,0.004,1,0.813,2
2022-06-18 23:40:00,LONG,31.48,31.63,tp,0.004,1,0.8307,2
2022-06-19 00:05:00,SHORT,32.14,31.98,tp,0.004025,1,0.6592,2
2022-06-19 00:30:00,SHORT,31.41,31.51,sl,-0.003991,0,0.694,2
2022-06-19 00:40:00,SHORT,31.37,31.22,tp,0.004025,1,0.7029,2
2022-06-19 00:45:00,SHORT,31.17,31.02,tp,0.004025,1,0.725,2
2022-06-19 00:50:00,SHORT,31.09,30.94,tp,0.004025,1,0.6887,2
2022-06-19 00:55:00,SHORT,30.93,31.03,sl,-0.003991,0,0.684,2
2022-06-19 02:30:00,LONG,29.91,30.06,tp,0.004,1,0.7253,2
2022-06-19 02:50:00,SHORT,30.44,30.29,tp,0.004025,1,0.8038,2
2022-06-19 03:05:00,LONG,30.73,30.88,tp,0.004,1,0.663,2
2022-06-19 03:25:00,LONG,30.56,30.71,tp,0.004,1,0.8031,2
2022-06-19 03:55:00,LONG,30.21,30.11,sl,-0.004,0,0.7704,2
2022-06-19 04:30:00,SHORT,30.57,30.42,tp,0.004025,1,0.9035,2
2022-06-19 04:35:00,LONG,30.18,30.08,sl,-0.004,0,0.8592,2
2022-06-19 04:50:00,LONG,30.15,30.3,tp,0.004,1,0.8611,2
2022-06-19 05:25:00,SHORT,29.43,29.51,sl,-0.003991,0,0.655,2
2022-06-19 05:40:00,LONG,29.15,29.07,sl,-0.004,0,0.874,2
2022-06-19 06:00:00,LONG,29.16,29.31,tp,0.004,1,0.7864,2
2022-06-19 06:10:00,LONG,29.46,29.61,tp,0.004,1,0.65,2
2022-06-19 06:15:00,SHORT,29.7,29.55,tp,0.004025,1,0.8854,2
2022-06-19 06:55:00,LONG,29.23,29.15,sl,-0.004,0,0.6579,2
2022-06-19 07:50:00,LONG,29.14,29.29,tp,0.004,1,0.807,2
2022-06-19 08:10:00,SHORT,28.94,28.79,tp,0.004025,1,0.6665,2
2022-06-19 08:15:00,LONG,28.94,29.09,tp,0.004,1,0.7083,2
2022-06-19 08:30:00,SHORT,29.52,29.37,tp,0.004025,1,0.8661,2
2022-06-19 08:50:00,LONG,29.36,29.51,tp,0.004,1,0.7224,2
2022-06-19 08:55:00,SHORT,29.47,29.55,sl,-0.003991,0,0.8228,2
2022-06-19 09:05:00,LONG,29.49,29.64,tp,0.004,1,0.6502,2
2022-06-19 09:15:00,SHORT,30.16,30.01,tp,0.004025,1,0.8843,2
2022-06-19 09:30:00,SHORT,30.51,30.36,tp,0.004025,1,0.923,2
2022-06-19 09:35:00,SHORT,30.38,30.48,sl,-0.003991,0,0.6727,2
2022-06-19 10:00:00,LONG,30.23,30.38,tp,0.004,1,0.6926,2
2022-06-19 10:15:00,LONG,31.2,31.35,tp,0.004,1,0.7051,2
2022-06-19 10:20:00,LONG,31.71,31.86,tp,0.004,1,0.7713,2
2022-06-19 10:25:00,LONG,31.87,32.03,tp,0.004,1,0.7202,2
2022-06-19 10:30:00,SHORT,31.99,31.83,tp,0.004025,1,0.8305,2
2022-06-19 10:45:00,SHORT,32.01,32.11,sl,-0.003991,0,0.6784,2
2022-06-19 10:50:00,LONG,32.19,32.35,tp,0.004,1,0.6716,2
2022-06-19 10:55:00,SHORT,32.49,32.33,tp,0.004025,1,0.7941,2
2022-06-19 11:30:00,SHORT,32.78,32.62,tp,0.004025,1,0.7933,2
2022-06-19 11:40:00,LONG,32.42,32.32,sl,-0.004,0,0.7245,2
2022-06-19 12:15:00,SHORT,32.76,32.6,tp,0.004025,1,0.8437,2
2022-06-19 12:30:00,SHORT,32.16,32.0,tp,0.004025,1,0.7276,2
2022-06-19 12:55:00,LONG,31.7,31.85,tp,0.004,1,0.8563,2
2022-06-19 13:10:00,LONG,31.66,31.81,tp,0.004,1,0.8839,2
2022-06-19 13:55:00,LONG,31.7,31.85,tp,0.004,1,0.8782,2
2022-06-19 14:05:00,SHORT,31.87,31.71,tp,0.004025,1,0.7845,2
2022-06-19 14:15:00,LONG,31.89,31.79,sl,-0.004,0,0.6781,2
2022-06-19 15:15:00,LONG,31.79,31.94,tp,0.004,1,0.8408,2
2022-06-19 15:35:00,SHORT,32.68,32.52,tp,0.004025,1,0.8114,2
2022-06-19 15:50:00,LONG,33.27,33.43,tp,0.004,1,0.7509,2
2022-06-19 15:55:00,SHORT,33.45,33.29,tp,0.004025,1,0.8963,2
2022-06-19 16:00:00,SHORT,33.27,33.11,tp,0.004025,1,0.6514,2
2022-06-19 16:15:00,LONG,32.9,32.8,sl,-0.004,0,0.6507,2
2022-06-19 16:45:00,LONG,32.31,32.47,tp,0.004,1,0.7498,2
2022-06-19 17:00:00,SHORT,32.45,32.29,tp,0.004025,1,0.6969,2
2022-06-19 17:15:00,LONG,32.08,32.24,tp,0.004,1,0.8814,2
2022-06-19 17:50:00,LONG,32.19,32.35,tp,0.004,1,0.6711,2
2022-06-19 18:15:00,SHORT,32.61,32.71,sl,-0.003991,0,0.6793,2
2022-06-19 18:45:00,LONG,32.48,32.64,tp,0.004,1,0.6734,2
2022-06-19 18:55:00,LONG,33.91,34.08,tp,0.004,1,0.7774,2
2022-06-19 19:00:00,SHORT,33.65,33.48,tp,0.004025,1,0.7365,2
2022-06-19 19:20:00,LONG,33.33,33.49,tp,0.004,1,0.7029,2
2022-06-19 19:25:00,LONG,33.56,33.46,sl,-0.004,0,0.6632,2
2022-06-19 19:35:00,LONG,33.4,33.56,tp,0.004,1,0.7316,2
2022-06-19 19:40:00,LONG,33.61,33.77,tp,0.004,1,0.7049,2
2022-06-19 19:45:00,SHORT,33.58,33.42,tp,0.004025,1,0.6816,2
2022-06-19 20:00:00,LONG,33.1,33.26,tp,0.004,1,0.8729,2
2022-06-19 20:30:00,LONG,34.75,34.64,sl,-0.004,0,0.7782,2
2022-06-19 20:35:00,LONG,34.39,34.56,tp,0.004,1,0.7136,2
2022-06-19 20:40:00,LONG,34.56,34.73,tp,0.004,1,0.7168,2
2022-06-19 20:45:00,LONG,34.72,34.89,tp,0.004,1,0.7211,2
2022-06-19 20:50:00,LONG,34.55,34.72,tp,0.004,1,0.8105,2
2022-06-19 21:30:00,LONG,34.38,34.55,tp,0.004,1,0.823,2
2022-06-19 21:40:00,SHORT,34.51,34.62,sl,-0.003991,0,0.7007,2
2022-06-19 21:50:00,LONG,34.27,34.44,tp,0.004,1,0.8273,2
2022-06-19 22:05:00,LONG,34.22,34.39,tp,0.004,1,0.8146,2
2022-06-19 22:20:00,SHORT,35.02,35.13,sl,-0.003991,0,0.7834,2
2022-06-19 22:35:00,SHORT,34.75,34.58,tp,0.004025,1,0.6934,2
2022-06-19 22:40:00,SHORT,34.71,34.54,tp,0.004025,1,0.6866,2
2022-06-19 22:50:00,SHORT,34.66,34.49,tp,0.004025,1,0.7317,2
2022-06-19 22:55:00,SHORT,34.67,34.5,tp,0.004025,1,0.689,2
2022-06-19 23:15:00,LONG,34.01,33.9,sl,-0.004,0,0.741,2
2022-06-19 23:40:00,LONG,33.91,34.08,tp,0.004,1,0.8883,2
2022-06-20 00:00:00,SHORT,34.2,34.03,tp,0.004025,1,0.6956,2
2022-06-20 00:10:00,LONG,33.39,33.55,tp,0.004,1,0.913,2
2022-06-20 00:45:00,SHORT,33.49,33.33,tp,0.004025,1,0.6531,2
2022-06-20 00:50:00,LONG,33.32,33.22,sl,-0.004,0,0.8273,2
2022-06-20 00:55:00,LONG,33.16,33.32,tp,0.004,1,0.692,2
2022-06-20 01:45:00,LONG,32.32,32.22,sl,-0.004,0,0.668,2
2022-06-20 01:50:00,LONG,32.43,32.59,tp,0.004,1,0.6763,2
2022-06-20 02:00:00,LONG,32.84,33.0,tp,0.004,1,0.6651,2
2022-06-20 02:05:00,SHORT,33.02,32.86,tp,0.004025,1,0.7501,2
2022-06-20 02:30:00,LONG,32.11,32.27,tp,0.004,1,0.8125,2
2022-06-20 03:00:00,LONG,32.12,32.28,tp,0.004,1,0.8398,2
2022-06-20 03:25:00,SHORT,32.58,32.42,tp,0.004025,1,0.8461,2
2022-06-20 04:05:00,LONG,32.3,32.46,tp,0.004,1,0.7556,2
2022-06-20 05:40:00,LONG,32.09,31.99,sl,-0.004,0,0.6554,2
2022-06-20 05:55:00,SHORT,32.34,32.44,sl,-0.003991,0,0.7659,2
2022-06-20 06:05:00,LONG,32.34,32.5,tp,0.004,1,0.7217,2
2022-06-20 06:30:00,LONG,32.06,32.22,tp,0.004,1,0.6947,2
2022-06-20 06:45:00,LONG,32.33,32.49,tp,0.004,1,0.6564,2
2022-06-20 07:20:00,LONG,32.13,32.03,sl,-0.004,0,0.8025,2
2022-06-20 07:35:00,LONG,32.03,31.93,sl,-0.004,0,0.8213,2
2022-06-20 08:05:00,LONG,32.67,32.83,tp,0.004,1,0.666,2
2022-06-20 08:10:00,LONG,33.03,33.19,tp,0.004,1,0.7893,2
2022-06-20 08:20:00,LONG,33.12,33.28,tp,0.004,1,0.7555,2
2022-06-20 08:30:00,LONG,33.43,33.59,tp,0.004,1,0.7202,2
2022-06-20 08:40:00,SHORT,33.59,33.43,tp,0.004025,1,0.8273,2
2022-06-20 08:45:00,LONG,33.39,33.55,tp,0.004,1,0.8496,2
2022-06-20 09:00:00,LONG,33.63,33.53,sl,-0.004,0,0.7238,2
2022-06-20 09:10:00,SHORT,33.88,33.71,tp,0.004025,1,0.7674,2
2022-06-20 09:20:00,LONG,33.76,33.93,tp,0.004,1,0.7115,2
2022-06-20 09:35:00,SHORT,34.73,34.56,tp,0.004025,1,0.9002,2
2022-06-20 10:00:00,SHORT,34.68,34.51,tp,0.004025,1,0.8101,2
2022-06-20 10:25:00,SHORT,35.21,35.32,sl,-0.003991,0,0.8107,2
2022-06-20 10:40:00,LONG,35.68,35.86,tp,0.004,1,0.7412,2
2022-06-20 10:45:00,LONG,35.67,35.85,tp,0.004,1,0.73,2
2022-06-20 10:55:00,SHORT,36.27,36.09,tp,0.004025,1,0.848,2
2022-06-20 11:40:00,LONG,36.68,36.57,sl,-0.004,0,0.681,2
2022-06-20 12:00:00,LONG,35.71,35.6,sl,-0.004,0,0.8035,2
2022-06-20 12:20:00,SHORT,36.05,35.87,tp,0.004025,1,0.8809,2
2022-06-20 12:35:00,LONG,35.39,35.56,tp,0.004,1,0.8479,2
2022-06-20 12:55:00,SHORT,35.74,35.56,tp,0.004025,1,0.7784,2
2022-06-20 13:10:00,LONG,35.44,35.61,tp,0.004,1,0.8016,2
2022-06-20 13:35:00,SHORT,35.73,35.84,sl,-0.003991,0,0.6705,2
2022-06-20 13:45:00,LONG,35.08,35.25,tp,0.004,1,0.898,2
2022-06-20 14:10:00,LONG,35.6,35.78,tp,0.004,1,0.6588,2
2022-06-20 14:15:00,LONG,35.67,35.85,tp,0.004,1,0.757,2
2022-06-20 14:25:00,LONG,35.91,36.09,tp,0.004,1,0.6589,2
2022-06-20 14:30:00,LONG,36.15,36.33,tp,0.004,1,0.6999,2
2022-06-20 14:55:00,LONG,36.32,36.5,tp,0.004,1,0.7665,2
2022-06-20 15:05:00,SHORT,36.18,36.0,tp,0.004025,1,0.6592,2
2022-06-20 15:15:00,SHORT,35.57,35.39,tp,0.004025,1,0.7071,2
2022-06-20 15:30:00,LONG,34.87,35.04,tp,0.004,1,0.7282,2
2022-06-20 15:40:00,SHORT,34.93,35.04,sl,-0.003991,0,0.6594,2
2022-06-20 15:55:00,SHORT,35.27,35.1,tp,0.004025,1,0.8724,2
2022-06-20 16:20:00,LONG,34.64,34.53,sl,-0.004,0,0.7625,2
2022-06-20 17:20:00,SHORT,34.93,35.04,sl,-0.003991,0,0.8194,2
2022-06-20 17:45:00,SHORT,35.14,34.97,tp,0.004025,1,0.8358,2
2022-06-20 19:05:00,LONG,34.0,34.17,tp,0.004,1,0.9193,2
2022-06-20 19:20:00,SHORT,34.44,34.55,sl,-0.003991,0,0.6536,2
2022-06-20 19:45:00,SHORT,34.78,34.61,tp,0.004025,1,0.7009,2
2022-06-20 20:00:00,LONG,34.23,34.4,tp,0.004,1,0.8698,2
2022-06-20 20:15:00,SHORT,34.61,34.72,sl,-0.003991,0,0.7762,2
2022-06-20 20:25:00,LONG,34.58,34.75,tp,0.004,1,0.7949,2
2022-06-20 20:55:00,LONG,35.07,34.96,sl,-0.004,0,0.6854,2
2022-06-20 21:00:00,SHORT,35.13,34.96,tp,0.004025,1,0.8801,2
2022-06-20 21:15:00,LONG,34.9,34.79,sl,-0.004,0,0.786,2
2022-06-20 21:50:00,LONG,34.42,34.31,sl,-0.004,0,0.7031,2
2022-06-20 22:15:00,LONG,33.93,34.1,tp,0.004,1,0.8778,2
2022-06-20 22:55:00,SHORT,34.84,34.95,sl,-0.003991,0,0.8186,2
2022-06-20 23:10:00,LONG,34.71,34.6,sl,-0.004,0,0.7835,2
2022-06-20 23:35:00,SHORT,35.64,35.46,tp,0.004025,1,0.8991,2
2022-06-21 00:30:00,LONG,34.38,34.55,tp,0.004,1,0.8885,2
2022-06-21 01:00:00,LONG,35.52,35.41,sl,-0.004,0,0.7762,2
2022-06-21 01:10:00,LONG,35.69,35.87,tp,0.004,1,0.7582,2
2022-06-21 01:40:00,LONG,34.86,35.03,tp,0.004,1,0.8759,2
2022-06-21 01:55:00,SHORT,35.32,35.43,sl,-0.003991,0,0.7449,2
2022-06-21 02:20:00,LONG,35.06,35.23,tp,0.004,1,0.7864,2
2022-06-21 02:40:00,LONG,34.76,34.93,tp,0.004,1,0.7681,2
2022-06-21 03:00:00,SHORT,35.04,34.87,tp,0.004025,1,0.8308,2
2022-06-21 03:05:00,LONG,34.89,34.78,sl,-0.004,0,0.7845,2
2022-06-21 03:30:00,LONG,34.77,34.94,tp,0.004,1,0.7557,2
2022-06-21 03:55:00,LONG,35.24,35.13,sl,-0.004,0,0.7067,2
2022-06-21 04:05:00,SHORT,35.33,35.16,tp,0.004025,1,0.6833,2
2022-06-21 05:20:00,LONG,36.38,36.27,sl,-0.004,0,0.6924,2
2022-06-21 05:30:00,LONG,36.65,36.83,tp,0.004,1,0.6825,2
2022-06-21 05:40:00,LONG,36.84,37.02,tp,0.004,1,0.6913,2
2022-06-21 05:50:00,LONG,37.02,37.2,tp,0.004,1,0.6822,2
2022-06-21 06:00:00,LONG,37.4,37.59,tp,0.004,1,0.7121,2
2022-06-21 06:05:00,SHORT,37.38,37.49,sl,-0.003991,0,0.8193,2
2022-06-21 06:10:00,SHORT,37.55,37.36,tp,0.004025,1,0.6531,2
2022-06-21 06:35:00,LONG,37.1,37.28,tp,0.004,1,0.6852,2
2022-06-21 06:40:00,SHORT,37.26,37.37,sl,-0.003991,0,0.8383,2
2022-06-21 07:05:00,LONG,36.93,36.82,sl,-0.004,0,0.6898,2
2022-06-21 07:40:00,SHORT,37.07,36.89,tp,0.004025,1,0.7828,2
2022-06-21 07:55:00,LONG,36.85,37.03,tp,0.004,1,0.7505,2
2022-06-21 08:05:00,SHORT,37.5,37.31,tp,0.004025,1,0.784,2
2022-06-21 08:30:00,LONG,37.63,37.82,tp,0.004,1,0.7322,2
2022-06-21 08:35:00,SHORT,37.88,37.69,tp,0.004025,1,0.8576,2
2022-06-21 08:55:00,LONG,38.24,38.12,sl,-0.004,0,0.7631,2
2022-06-21 09:05:00,SHORT,38.37,38.18,tp,0.004025,1,0.8121,2
2022-06-21 09:25:00,LONG,37.91,38.1,tp,0.004,1,0.8317,2
2022-06-21 09:40:00,LONG,37.84,38.03,tp,0.004,1,0.8011,2
2022-06-21 09:50:00,SHORT,37.95,38.06,sl,-0.003991,0,0.709,2
2022-06-21 10:20:00,LONG,37.53,37.72,tp,0.004,1,0.8369,2
2022-06-21 10:50:00,LONG,37.9,37.79,sl,-0.004,0,0.6785,2
2022-06-21 11:00:00,SHORT,37.86,37.67,tp,0.004025,1,0.7328,2
2022-06-21 11:05:00,LONG,37.66,37.85,tp,0.004,1,0.803,2
2022-06-21 11:50:00,LONG,37.1,37.28,tp,0.004,1,0.8962,2
2022-06-21 12:00:00,SHORT,37.2,37.31,sl,-0.003991,0,0.7057,2
2022-06-21 12:15:00,SHORT,37.38,37.19,tp,0.004025,1,0.7422,2
2022-06-21 12:25:00,LONG,37.08,37.26,tp,0.004,1,0.7979,2
2022-06-21 12:50:00,SHORT,37.42,37.23,tp,0.004025,1,0.7588,2
2022-06-21 13:35:00,LONG,38.06,38.25,tp,0.004,1,0.776,2
2022-06-21 13:45:00,LONG,38.17,38.05,sl,-0.004,0,0.6915,2
2022-06-21 13:50:00,LONG,38.32,38.2,sl,-0.004,0,0.6782,2
2022-06-21 14:15:00,LONG,38.12,38.31,tp,0.004,1,0.7258,2
2022-06-21 14:30:00,LONG,38.42,38.3,sl,-0.004,0,0.7056,2
2022-06-21 14:40:00,SHORT,38.69,38.81,sl,-0.003991,0,0.7251,2
2022-06-21 15:20:00,LONG,38.15,38.34,tp,0.004,1,0.8164,2
2022-06-21 15:40:00,LONG,38.02,37.9,sl,-0.004,0,0.7143,2
2022-06-21 16:05:00,LONG,37.8,37.99,tp,0.004,1,0.89,2
2022-06-21 16:20:00,LONG,38.15,38.03,sl,-0.004,0,0.698,2
2022-06-21 17:10:00,LONG,38.0,37.88,sl,-0.004,0,0.7197,2
2022-06-21 17:20:00,SHORT,38.01,37.82,tp,0.004025,1,0.7433,2
2022-06-21 17:45:00,SHORT,37.45,37.56,sl,-0.003991,0,0.6605,2
2022-06-21 18:00:00,LONG,37.32,37.51,tp,0.004,1,0.7233,2
2022-06-21 18:15:00,LONG,37.35,37.54,tp,0.004,1,0.6554,2
2022-06-21 18:35:00,LONG,37.39,37.28,sl,-0.004,0,0.8346,2
2022-06-21 18:55:00,LONG,37.39,37.58,tp,0.004,1,0.7117,2
2022-06-21 19:00:00,SHORT,37.44,37.55,sl,-0.003991,0,0.6543,2
2022-06-21 19:35:00,SHORT,37.8,37.61,tp,0.004025,1,0.781,2
2022-06-21 20:20:00,LONG,36.24,36.13,sl,-0.004,0,0.7843,2
2022-06-21 20:40:00,SHORT,36.39,36.21,tp,0.004025,1,0.7638,2
2022-06-21 20:50:00,LONG,36.16,36.34,tp,0.004,1,0.8183,2
2022-06-21 21:45:00,LONG,36.05,36.23,tp,0.004,1,0.7797,2
2022-06-21 22:15:00,LONG,36.12,36.3,tp,0.004,1,0.8256,2
2022-06-21 23:00:00,SHORT,36.59,36.7,sl,-0.003991,0,0.777,2
2022-06-21 23:15:00,SHORT,36.65,36.47,tp,0.004025,1,0.6883,2
2022-06-21 23:25:00,LONG,35.78,35.96,tp,0.004,1,0.8761,2
2022-06-22 00:15:00,LONG,35.91,36.09,tp,0.004,1,0.7236,2
2022-06-22 00:40:00,SHORT,36.47,36.29,tp,0.004025,1,0.7339,2
2022-06-22 00:50:00,LONG,36.07,36.25,tp,0.004,1,0.843,2
2022-06-22 01:25:00,SHORT,36.35,36.46,sl,-0.003991,0,0.6684,2
2022-06-22 02:00:00,SHORT,35.41,35.24,tp,0.004025,1,0.6519,2
2022-06-22 02:20:00,LONG,35.21,35.38,tp,0.004,1,0.8062,2
2022-06-22 02:50:00,LONG,35.39,35.28,sl,-0.004,0,0.7162,2
2022-06-22 03:30:00,SHORT,35.23,35.06,tp,0.004025,1,0.6736,2
2022-06-22 03:45:00,LONG,34.59,34.76,tp,0.004,1,0.9147,2
2022-06-22 04:15:00,SHORT,34.97,34.8,tp,0.004025,1,0.6811,2
2022-06-22 04:40:00,LONG,34.55,34.72,tp,0.004,1,0.7387,2
2022-06-22 05:05:00,SHORT,35.04,35.15,sl,-0.003991,0,0.7081,2
2022-06-22 05:15:00,LONG,35.08,34.97,sl,-0.004,0,0.6753,2
2022-06-22 05:20:00,SHORT,35.16,34.99,tp,0.004025,1,0.8012,2
2022-06-22 06:20:00,SHORT,34.09,33.92,tp,0.004025,1,0.7042,2
2022-06-22 06:30:00,LONG,33.93,34.1,tp,0.004,1,0.912,2
2022-06-22 07:05:00,LONG,33.81,33.98,tp,0.004,1,0.9193,2
2022-06-22 08:20:00,SHORT,34.17,34.28,sl,-0.003991,0,0.6891,2
2022-06-22 08:45:00,LONG,34.12,34.29,tp,0.004,1,0.6952,2
2022-06-22 09:00:00,SHORT,34.65,34.48,tp,0.004025,1,0.8816,2
2022-06-22 09:25:00,LONG,34.46,34.63,tp,0.004,1,0.7695,2
2022-06-22 09:35:00,SHORT,35.12,35.23,sl,-0.003991,0,0.6985,2
2022-06-22 09:50:00,SHORT,35.46,35.57,sl,-0.003991,0,0.8387,2
2022-06-22 10:00:00,LONG,35.31,35.48,tp,0.004,1,0.8305,2
2022-06-22 10:30:00,SHORT,35.45,35.28,tp,0.004025,1,0.7558,2
2022-06-22 10:45:00,LONG,35.21,35.38,tp,0.004,1,0.7035,2
2022-06-22 11:15:00,LONG,35.65,35.83,tp,0.004,1,0.7909,2
2022-06-22 11:25:00,SHORT,35.92,36.03,sl,-0.003991,0,0.8104,2
2022-06-22 12:35:00,SHORT,35.34,35.17,tp,0.004025,1,0.8309,2
2022-06-22 12:50:00,LONG,34.95,35.12,tp,0.004,1,0.7045,2
2022-06-22 13:30:00,LONG,35.54,35.72,tp,0.004,1,0.7516,2
2022-06-22 13:45:00,LONG,35.77,35.95,tp,0.004,1,0.7589,2
2022-06-22 13:55:00,LONG,36.01,36.19,tp,0.004,1,0.737,2
2022-06-22 14:00:00,LONG,36.08,36.26,tp,0.004,1,0.6904,2
2022-06-22 14:10:00,LONG,36.36,36.54,tp,0.004,1,0.7077,2
2022-06-22 14:25:00,LONG,36.63,36.81,tp,0.004,1,0.6983,2
2022-06-22 14:30:00,SHORT,36.69,36.51,tp,0.004025,1,0.7897,2
2022-06-22 14:45:00,LONG,35.94,36.12,tp,0.004,1,0.8274,2
2022-06-22 15:05:00,LONG,35.77,35.66,sl,-0.004,0,0.7311,2
2022-06-22 15:25:00,LONG,35.44,35.61,tp,0.004,1,0.8773,2
2022-06-22 15:30:00,SHORT,35.6,35.42,tp,0.004025,1,0.756,2
2022-06-22 15:45:00,SHORT,35.27,35.1,tp,0.004025,1,0.6584,2
2022-06-22 16:00:00,SHORT,34.36,34.19,tp,0.004025,1,0.655,2
2022-06-22 16:05:00,LONG,34.41,34.58,tp,0.004,1,0.7527,2
2022-06-22 16:30:00,LONG,34.91,34.8,sl,-0.004,0,0.7286,2
2022-06-22 16:55:00,SHORT,35.1,34.93,tp,0.004025,1,0.8741,2
2022-06-22 17:20:00,SHORT,35.21,35.04,tp,0.004025,1,0.8184,2
2022-06-22 17:40:00,LONG,34.83,35.0,tp,0.004,1,0.8302,2
2022-06-22 18:05:00,LONG,35.03,34.92,sl,-0.004,0,0.6775,2
2022-06-22 18:15:00,SHORT,35.03,34.86,tp,0.004025,1,0.7714,2
2022-06-22 18:30:00,LONG,34.86,34.75,sl,-0.004,0,0.7853,2
2022-06-22 18:40:00,SHORT,34.9,34.73,tp,0.004025,1,0.7853,2
2022-06-22 19:05:00,LONG,34.44,34.33,sl,-0.004,0,0.8497,2
2022-06-22 19:45:00,LONG,34.01,34.18,tp,0.004,1,0.9144,2
2022-06-22 19:55:00,SHORT,34.38,34.21,tp,0.004025,1,0.7263,2
2022-06-22 21:00:00,LONG,34.43,34.32,sl,-0.004,0,0.6768,2
2022-06-22 21:05:00,SHORT,34.39,34.5,sl,-0.003991,0,0.7893,2
2022-06-22 21:40:00,LONG,34.33,34.5,tp,0.004,1,0.7712,2
2022-06-22 21:50:00,LONG,34.67,34.84,tp,0.004,1,0.7444,2
2022-06-22 21:55:00,LONG,34.84,35.01,tp,0.004,1,0.7123,2
2022-06-22 22:25:00,LONG,34.61,34.78,tp,0.004,1,0.7619,2
2022-06-22 22:45:00,LONG,34.78,34.95,tp,0.004,1,0.7805,2
2022-06-22 23:00:00,SHORT,34.92,34.75,tp,0.004025,1,0.8174,2
2022-06-22 23:15:00,LONG,34.63,34.52,sl,-0.004,0,0.7826,2
2022-06-22 23:45:00,LONG,34.1,34.27,tp,0.004,1,0.9024,2
2022-06-23 00:20:00,LONG,34.89,35.06,tp,0.004,1,0.7158,2
2022-06-23 00:25:00,SHORT,35.2,35.31,sl,-0.003991,0,0.8378,2
2022-06-23 00:50:00,SHORT,35.39,35.5,sl,-0.003991,0,0.8342,2
2022-06-23 01:15:00,LONG,35.23,35.4,tp,0.004,1,0.7676,2
2022-06-23 01:30:00,SHORT,35.65,35.47,tp,0.004025,1,0.6554,2
2022-06-23 02:10:00,LONG,35.08,35.25,tp,0.004,1,0.8084,2
2022-06-23 02:30:00,SHORT,35.25,35.36,sl,-0.003991,0,0.7561,2
2022-06-23 02:45:00,SHORT,35.38,35.21,tp,0.004025,1,0.8541,2
2022-06-23 04:10:00,LONG,35.21,35.1,sl,-0.004,0,0.6711,2
2022-06-23 04:25:00,LONG,35.55,35.73,tp,0.004,1,0.7383,2
2022-06-23 04:30:00,LONG,35.66,35.84,tp,0.004,1,0.7766,2
2022-06-23 04:40:00,SHORT,35.89,36.0,sl,-0.003991,0,0.7817,2
2022-06-23 05:00:00,SHORT,35.91,35.73,tp,0.004025,1,0.7131,2
2022-06-23 05:05:00,LONG,35.62,35.8,tp,0.004,1,0.8649,2
2022-06-23 05:20:00,LONG,35.6,35.78,tp,0.004,1,0.8474,2
2022-06-23 05:35:00,SHORT,36.08,36.19,sl,-0.003991,0,0.7455,2
2022-06-23 05:50:00,LONG,35.69,35.87,tp,0.004,1,0.8298,2
2022-06-23 06:05:00,SHORT,35.98,36.09,sl,-0.003991,0,0.7171,2
2022-06-23 06:15:00,LONG,36.05,36.23,tp,0.004,1,0.6672,2
2022-06-23 06:25:00,LONG,36.37,36.55,tp,0.004,1,0.7131,2
2022-06-23 06:30:00,SHORT,36.51,36.33,tp,0.004025,1,0.8623,2
2022-06-23 06:55:00,LONG,36.28,36.46,tp,0.004,1,0.8612,2
2022-06-23 07:10:00,SHORT,36.56,36.38,tp,0.004025,1,0.8092,2
2022-06-23 08:10:00,LONG,36.62,36.51,sl,-0.004,0,0.6955,2
2022-06-23 08:30:00,LONG,36.12,36.01,sl,-0.004,0,0.8306,2
2022-06-23 09:40:00,LONG,35.84,36.02,tp,0.004,1,0.853,2
2022-06-23 10:05:00,SHORT,36.4,36.22,tp,0.004025,1,0.7135,2
2022-06-23 10:15:00,LONG,36.18,36.36,tp,0.004,1,0.8377,2
2022-06-23 10:45:00,SHORT,37.06,37.17,sl,-0.003991,0,0.7354,2
2022-06-23 11:15:00,LONG,37.1,36.99,sl,-0.004,0,0.7751,2
2022-06-23 11:45:00,LONG,36.88,37.06,tp,0.004,1,0.6978,2
2022-06-23 12:30:00,SHORT,37.15,36.97,tp,0.004025,1,0.6759,2
2022-06-23 12:50:00,LONG,36.51,36.69,tp,0.004,1,0.8814,2
2022-06-23 13:30:00,SHORT,37.01,36.83,tp,0.004025,1,0.8558,2
2022-06-23 13:55:00,SHORT,36.32,36.43,sl,-0.003991,0,0.6506,2
2022-06-23 14:35:00,LONG,36.19,36.37,tp,0.004,1,0.9033,2
2022-06-23 15:00:00,LONG,37.21,37.1,sl,-0.004,0,0.7556,2
2022-06-23 15:10:00,SHORT,37.55,37.36,tp,0.004025,1,0.859,2
2022-06-23 15:30:00,LONG,36.77,36.95,tp,0.004,1,0.8773,2
2022-06-23 16:00:00,LONG,36.89,37.07,tp,0.004,1,0.8266,2
2022-06-23 16:15:00,SHORT,37.47,37.28,tp,0.004025,1,0.8869,2
2022-06-23 17:00:00,LONG,36.41,36.59,tp,0.004,1,0.8707,2
2022-06-23 17:15:00,SHORT,37.0,36.82,tp,0.004025,1,0.8563,2
2022-06-23 17:25:00,LONG,36.67,36.85,tp,0.004,1,0.835,2
2022-06-23 17:50:00,SHORT,37.71,37.52,tp,0.004025,1,0.7235,2
2022-06-23 18:20:00,LONG,36.86,37.04,tp,0.004,1,0.8521,2
2022-06-23 18:45:00,LONG,36.63,36.52,sl,-0.004,0,0.8967,2
2022-06-23 19:00:00,LONG,36.59,36.77,tp,0.004,1,0.8233,2
2022-06-23 20:00:00,LONG,37.36,37.55,tp,0.004,1,0.8369,2
2022-06-23 20:10:00,SHORT,37.82,37.63,tp,0.004025,1,0.8838,2
2022-06-23 20:30:00,LONG,37.58,37.77,tp,0.004,1,0.8181,2
2022-06-23 21:05:00,LONG,37.7,37.89,tp,0.004,1,0.6558,2
2022-06-23 21:10:00,SHORT,37.73,37.84,sl,-0.003991,0,0.7651,2
2022-06-23 21:25:00,SHORT,37.94,37.75,tp,0.004025,1,0.8354,2
2022-06-23 22:05:00,SHORT,37.56,37.67,sl,-0.003991,0,0.7893,2
2022-06-23 22:30:00,SHORT,37.9,38.01,sl,-0.003991,0,0.7787,2
2022-06-23 22:45:00,SHORT,37.89,37.7,tp,0.004025,1,0.6595,2
2022-06-23 22:55:00,LONG,37.76,37.95,tp,0.004,1,0.7937,2
2022-06-23 23:15:00,LONG,37.76,37.95,tp,0.004,1,0.7675,2
2022-06-23 23:30:00,LONG,38.22,38.1,sl,-0.004,0,0.7288,2
2022-06-23 23:45:00,SHORT,38.32,38.13,tp,0.004025,1,0.7277,2
2022-06-24 00:15:00,SHORT,38.72,38.53,tp,0.004025,1,0.6626,2
2022-06-24 00:45:00,SHORT,38.2,38.01,tp,0.004025,1,0.6625,2
2022-06-24 01:05:00,LONG,37.97,38.16,tp,0.004,1,0.664,2
2022-06-24 01:30:00,SHORT,38.6,38.41,tp,0.004025,1,0.8309,2
2022-06-24 02:05:00,LONG,38.04,38.23,tp,0.004,1,0.8064,2
2022-06-24 02:30:00,LONG,39.11,39.31,tp,0.004,1,0.6767,2
2022-06-24 02:35:00,LONG,39.13,39.33,tp,0.004,1,0.7216,2
2022-06-24 02:45:00,SHORT,39.3,39.1,tp,0.004025,1,0.8315,2
2022-06-24 02:55:00,LONG,38.95,39.14,tp,0.004,1,0.8346,2
2022-06-24 03:15:00,SHORT,39.46,39.26,tp,0.004025,1,0.7814,2
2022-06-24 03:45:00,SHORT,39.12,38.92,tp,0.004025,1,0.7037,2
2022-06-24 04:05:00,SHORT,39.14,39.26,sl,-0.003991,0,0.7859,2
2022-06-24 05:15:00,SHORT,38.59,38.4,tp,0.004025,1,0.7586,2
2022-06-24 05:25:00,LONG,38.48,38.67,tp,0.004,1,0.7948,2
2022-06-24 05:55:00,LONG,38.2,38.08,sl,-0.004,0,0.8152,2
2022-06-24 06:30:00,SHORT,38.22,38.03,tp,0.004025,1,0.6881,2
2022-06-24 06:50:00,LONG,37.88,38.07,tp,0.004,1,0.8966,2
2022-06-24 08:00:00,SHORT,38.36,38.17,tp,0.004025,1,0.7525,2
2022-06-24 08:45:00,SHORT,38.69,38.5,tp,0.004025,1,0.7338,2
2022-06-24 09:25:00,LONG,38.38,38.26,sl,-0.004,0,0.6818,2
2022-06-24 09:55:00,LONG,38.3,38.49,tp,0.004,1,0.65,2
2022-06-24 10:15:00,SHORT,38.88,39.0,sl,-0.003991,0,0.779,2
2022-06-24 11:15:00,SHORT,40.05,39.85,tp,0.004025,1,0.9082,2
2022-06-24 11:30:00,LONG,40.2,40.08,sl,-0.004,0,0.7012,2
2022-06-24 11:40:00,SHORT,40.28,40.08,tp,0.004025,1,0.7689,2
2022-06-24 12:05:00,LONG,40.17,40.37,tp,0.004,1,0.816,2
2022-06-24 12:10:00,LONG,40.71,40.91,tp,0.004,1,0.7071,2
2022-06-24 12:15:00,LONG,40.76,40.96,tp,0.004,1,0.7269,2
2022-06-24 12:20:00,LONG,40.91,41.11,tp,0.004,1,0.7019,2
2022-06-24 12:25:00,SHORT,41.11,40.9,tp,0.004025,1,0.7808,2
2022-06-24 12:45:00,SHORT,41.06,40.85,tp,0.004025,1,0.8745,2
2022-06-24 12:50:00,LONG,40.63,40.83,tp,0.004,1,0.8287,2
2022-06-24 13:05:00,SHORT,40.92,40.71,tp,0.004025,1,0.8555,2
2022-06-24 13:30:00,SHORT,41.04,41.16,sl,-0.003991,0,0.8722,2
2022-06-24 13:50:00,SHORT,41.2,40.99,tp,0.004025,1,0.8242,2
2022-06-24 13:55:00,LONG,40.71,40.91,tp,0.004,1,0.8134,2
2022-06-24 16:25:00,SHORT,40.08,39.88,tp,0.004025,1,0.7846,2
2022-06-24 16:35:00,LONG,39.67,39.87,tp,0.004,1,0.7511,2
2022-06-24 17:00:00,SHORT,40.26,40.06,tp,0.004025,1,0.8022,2
2022-06-24 17:50:00,LONG,39.77,39.97,tp,0.004,1,0.829,2
2022-06-24 18:05:00,LONG,39.81,40.01,tp,0.004,1,0.6806,2
2022-06-24 18:15:00,SHORT,40.14,39.94,tp,0.004025,1,0.8675,2
2022-06-24 19:00:00,SHORT,40.59,40.39,tp,0.004025,1,0.9028,2
2022-06-24 19:10:00,LONG,40.34,40.54,tp,0.004,1,0.8059,2
2022-06-24 19:20:00,SHORT,40.82,40.62,tp,0.004025,1,0.8512,2
2022-06-24 19:40:00,SHORT,40.9,41.02,sl,-0.003991,0,0.7632,2
2022-06-24 20:00:00,SHORT,41.71,41.83,sl,-0.003991,0,0.7189,2
2022-06-24 20:55:00,SHORT,41.09,41.21,sl,-0.003991,0,0.7583,2
2022-06-24 21:20:00,SHORT,41.51,41.63,sl,-0.003991,0,0.906,2
2022-06-24 22:05:00,LONG,42.43,42.3,sl,-0.004,0,0.69,2
2022-06-24 22:15:00,SHORT,42.6,42.39,tp,0.004025,1,0.8104,2
2022-06-24 23:25:00,LONG,42.65,42.86,tp,0.004,1,0.6877,2
2022-06-24 23:30:00,SHORT,42.8,42.58,tp,0.004025,1,0.7931,2
2022-06-25 00:35:00,LONG,41.58,41.79,tp,0.004,1,0.791,2
2022-06-25 03:00:00,LONG,40.9,41.1,tp,0.004,1,0.9029,2
2022-06-25 03:30:00,LONG,40.83,41.03,tp,0.004,1,0.8784,2
2022-06-25 03:50:00,SHORT,41.39,41.18,tp,0.004025,1,0.6687,2
2022-06-25 04:20:00,LONG,41.11,40.99,sl,-0.004,0,0.7741,2
2022-06-25 04:35:00,LONG,41.07,41.28,tp,0.004,1,0.7743,2
2022-06-25 05:05:00,LONG,41.2,41.41,tp,0.004,1,0.7756,2
2022-06-25 05:20:00,LONG,41.63,41.51,sl,-0.004,0,0.6575,2
2022-06-25 05:25:00,LONG,41.67,41.55,sl,-0.004,0,0.7204,2
2022-06-25 05:40:00,LONG,41.42,41.63,tp,0.004,1,0.8436,2
2022-06-25 06:30:00,LONG,41.27,41.15,sl,-0.004,0,0.6947,2
2022-06-25 07:10:00,LONG,42.13,42.34,tp,0.004,1,0.6769,2
2022-06-25 07:15:00,SHORT,42.16,42.29,sl,-0.003991,0,0.8031,2
2022-06-25 07:35:00,SHORT,42.1,42.23,sl,-0.003991,0,0.6503,2
2022-06-25 07:45:00,LONG,42.15,42.36,tp,0.004,1,0.7211,2
2022-06-25 08:05:00,SHORT,42.24,42.03,tp,0.004025,1,0.6774,2
2022-06-25 08:40:00,LONG,41.81,42.02,tp,0.004,1,0.8195,2
2022-06-25 09:30:00,LONG,42.42,42.29,sl,-0.004,0,0.6822,2
2022-06-25 09:40:00,SHORT,42.5,42.29,tp,0.004025,1,0.861,2
2022-06-25 09:55:00,LONG,42.26,42.47,tp,0.004,1,0.7815,2
2022-06-25 10:50:00,SHORT,42.33,42.46,sl,-0.003991,0,0.7314,2
2022-06-25 11:05:00,LONG,42.3,42.17,sl,-0.004,0,0.6743,2
2022-06-25 11:10:00,SHORT,42.41,42.2,tp,0.004025,1,0.8244,2
2022-06-25 11:55:00,LONG,41.88,41.76,sl,-0.004,0,0.8079,2
2022-06-25 12:00:00,SHORT,42.02,41.81,tp,0.004025,1,0.725,2
2022-06-25 12:20:00,SHORT,41.13,40.92,tp,0.004025,1,0.6659,2
2022-06-25 12:35:00,LONG,40.59,40.79,tp,0.004,1,0.723,2
2022-06-25 13:05:00,LONG,40.61,40.81,tp,0.004,1,0.671,2
2022-06-25 13:15:00,SHORT,40.76,40.56,tp,0.004025,1,0.8189,2
2022-06-25 13:30:00,LONG,40.65,40.85,tp,0.004,1,0.8218,2
2022-06-25 14:15:00,SHORT,40.7,40.5,tp,0.004025,1,0.8326,2
2022-06-25 15:05:00,LONG,40.19,40.07,sl,-0.004,0,0.8107,2
2022-06-25 15:55:00,LONG,39.88,40.08,tp,0.004,1,0.8273,2
2022-06-25 16:25:00,LONG,39.97,39.85,sl,-0.004,0,0.8067,2
2022-06-25 16:35:00,SHORT,40.1,39.9,tp,0.004025,1,0.845,2
2022-06-25 17:05:00,LONG,39.99,40.19,tp,0.004,1,0.6539,2
2022-06-25 17:20:00,LONG,39.91,40.11,tp,0.004,1,0.7775,2
2022-06-25 18:00:00,LONG,40.37,40.25,sl,-0.004,0,0.6553,2
2022-06-25 18:15:00,LONG,40.3,40.18,sl,-0.004,0,0.7216,2
2022-06-25 18:30:00,LONG,40.11,40.31,tp,0.004,1,0.7904,2
2022-06-25 18:40:00,SHORT,40.31,40.43,sl,-0.003991,0,0.7426,2
2022-06-25 19:00:00,LONG,40.62,40.82,tp,0.004,1,0.7219,2
2022-06-25 19:10:00,SHORT,40.86,40.66,tp,0.004025,1,0.8601,2
2022-06-25 19:25:00,LONG,40.5,40.38,sl,-0.004,0,0.7294,2
2022-06-25 19:50:00,LONG,40.28,40.16,sl,-0.004,0,0.7175,2
2022-06-25 20:10:00,LONG,40.3,40.18,sl,-0.004,0,0.6869,2
2022-06-25 20:40:00,LONG,40.24,40.44,tp,0.004,1,0.6777,2
2022-06-25 21:15:00,LONG,41.48,41.69,tp,0.004,1,0.6817,2
2022-06-25 21:25:00,LONG,41.87,42.08,tp,0.004,1,0.7279,2
2022-06-25 21:35:00,SHORT,42.14,41.93,tp,0.004025,1,0.9122,2
2022-06-25 22:00:00,SHORT,42.28,42.07,tp,0.004025,1,0.7969,2
2022-06-25 22:30:00,SHORT,42.29,42.08,tp,0.004025,1,0.7721,2
2022-06-26 00:10:00,LONG,41.9,41.78,sl,-0.004,0,0.8584,2
2022-06-26 00:30:00,LONG,41.74,41.95,tp,0.004,1,0.863,2
2022-06-26 00:40:00,SHORT,41.85,41.97,sl,-0.003991,0,0.6977,2
2022-06-26 01:00:00,SHORT,42.06,41.85,tp,0.004025,1,0.8493,2
2022-06-26 01:15:00,SHORT,42.05,41.84,tp,0.004025,1,0.8218,2
2022-06-26 02:10:00,LONG,41.05,41.26,tp,0.004,1,0.7826,2
2022-06-26 02:35:00,SHORT,41.23,41.35,sl,-0.003991,0,0.7609,2
2022-06-26 02:45:00,LONG,41.01,41.22,tp,0.004,1,0.7896,2
2022-06-26 02:50:00,SHORT,41.32,41.44,sl,-0.003991,0,0.7756,2
2022-06-26 03:40:00,SHORT,41.47,41.26,tp,0.004025,1,0.7313,2
2022-06-26 04:25:00,LONG,41.1,41.31,tp,0.004,1,0.82,2
2022-06-26 05:45:00,LONG,40.92,41.13,tp,0.004,1,0.7089,2
2022-06-26 06:20:00,LONG,41.01,41.22,tp,0.004,1,0.6844,2
2022-06-26 07:05:00,LONG,41.39,41.6,tp,0.004,1,0.7527,2
2022-06-26 07:20:00,LONG,41.35,41.56,tp,0.004,1,0.7121,2
2022-06-26 07:35:00,SHORT,41.61,41.4,tp,0.004025,1,0.7371,2
2022-06-26 08:05:00,LONG,41.2,41.41,tp,0.004,1,0.8109,2
2022-06-26 08:30:00,SHORT,41.4,41.52,sl,-0.003991,0,0.8236,2
2022-06-26 08:40:00,LONG,41.23,41.44,tp,0.004,1,0.7484,2
2022-06-26 08:50:00,SHORT,41.43,41.22,tp,0.004025,1,0.8353,2
2022-06-26 09:05:00,SHORT,41.42,41.21,tp,0.004025,1,0.7806,2
2022-06-26 09:15:00,LONG,41.14,41.02,sl,-0.004,0,0.7302,2
2022-06-26 09:50:00,LONG,40.79,40.67,sl,-0.004,0,0.6842,2
2022-06-26 10:45:00,LONG,40.87,41.07,tp,0.004,1,0.6867,2
2022-06-26 10:55:00,SHORT,40.97,41.09,sl,-0.003991,0,0.7405,2
2022-06-26 11:40:00,LONG,41.53,41.41,sl,-0.004,0,0.6708,2
2022-06-26 11:55:00,SHORT,42.06,42.19,sl,-0.003991,0,0.8943,2
2022-06-26 12:10:00,SHORT,42.2,41.99,tp,0.004025,1,0.7967,2
2022-06-26 13:05:00,LONG,40.94,41.15,tp,0.004,1,0.7402,2
2022-06-26 13:35:00,LONG,41.08,40.96,sl,-0.004,0,0.8415,2
2022-06-26 14:05:00,SHORT,41.22,41.01,tp,0.004025,1,0.7691,2
2022-06-26 14:35:00,LONG,40.83,40.71,sl,-0.004,0,0.7958,2
2022-06-26 15:05:00,LONG,40.15,40.03,sl,-0.004,0,0.8991,2
2022-06-26 16:00:00,SHORT,40.62,40.42,tp,0.004025,1,0.835,2
2022-06-26 16:10:00,LONG,40.48,40.68,tp,0.004,1,0.7291,2
2022-06-26 16:45:00,SHORT,40.82,40.62,tp,0.004025,1,0.7155,2
2022-06-26 17:25:00,LONG,40.07,39.95,sl,-0.004,0,0.7624,2
2022-06-26 17:55:00,SHORT,40.24,40.04,tp,0.004025,1,0.6851,2
2022-06-26 18:20:00,LONG,39.84,40.04,tp,0.004,1,0.6815,2
2022-06-26 18:40:00,SHORT,40.14,40.26,sl,-0.003991,0,0.8374,2
2022-06-26 19:00:00,LONG,40.19,40.39,tp,0.004,1,0.659,2
2022-06-26 19:25:00,SHORT,40.52,40.64,sl,-0.003991,0,0.7415,2
2022-06-26 20:20:00,LONG,40.85,41.05,tp,0.004,1,0.7323,2
2022-06-26 21:25:00,LONG,40.62,40.82,tp,0.004,1,0.7551,2
2022-06-26 22:00:00,SHORT,40.71,40.51,tp,0.004025,1,0.6524,2
2022-06-26 23:45:00,LONG,39.53,39.41,sl,-0.004,0,0.6521,2
2022-06-27 00:05:00,SHORT,39.57,39.37,tp,0.004025,1,0.7757,2
2022-06-27 01:10:00,LONG,39.02,39.21,tp,0.004,1,0.8802,2
2022-06-27 01:20:00,SHORT,39.54,39.66,sl,-0.003991,0,0.8392,2
2022-06-27 02:00:00,SHORT,39.67,39.79,sl,-0.003991,0,0.7219,2
2022-06-27 02:10:00,LONG,39.58,39.78,tp,0.004,1,0.8206,2
2022-06-27 02:25:00,LONG,39.59,39.79,tp,0.004,1,0.7589,2
2022-06-27 02:30:00,SHORT,39.83,39.95,sl,-0.003991,0,0.7492,2
2022-06-27 02:45:00,LONG,40.04,39.92,sl,-0.004,0,0.7403,2
2022-06-27 02:55:00,SHORT,40.12,39.92,tp,0.004025,1,0.898,2
2022-06-27 03:00:00,LONG,40.03,39.91,sl,-0.004,0,0.7652,2
2022-06-27 03:15:00,SHORT,40.18,39.98,tp,0.004025,1,0.8268,2
2022-06-27 03:45:00,LONG,39.97,40.17,tp,0.004,1,0.6906,2
2022-06-27 03:55:00,SHORT,40.13,39.93,tp,0.004025,1,0.7353,2
2022-06-27 04:20:00,LONG,40.03,40.23,tp,0.004,1,0.7456,2
2022-06-27 04:40:00,SHORT,40.62,40.42,tp,0.004025,1,0.9,2
2022-06-27 05:25:00,LONG,40.21,40.09,sl,-0.004,0,0.7419,2
2022-06-27 05:45:00,SHORT,40.33,40.13,tp,0.004025,1,0.688,2
2022-06-27 06:10:00,LONG,39.83,40.03,tp,0.004,1,0.6676,2
2022-06-27 07:25:00,SHORT,40.75,40.55,tp,0.004025,1,0.8602,2
2022-06-27 07:35:00,LONG,40.58,40.46,sl,-0.004,0,0.6814,2
2022-06-27 07:55:00,LONG,40.63,40.83,tp,0.004,1,0.6515,2
2022-06-27 08:15:00,SHORT,40.96,40.75,tp,0.004025,1,0.7978,2
2022-06-27 08:30:00,LONG,40.87,41.07,tp,0.004,1,0.7101,2
2022-06-27 08:35:00,SHORT,41.0,41.12,sl,-0.003991,0,0.7879,2
2022-06-27 08:55:00,SHORT,41.11,40.9,tp,0.004025,1,0.7837,2
2022-06-27 10:15:00,SHORT,40.93,41.05,sl,-0.003991,0,0.7325,2
2022-06-27 10:45:00,LONG,40.83,40.71,sl,-0.004,0,0.7758,2
2022-06-27 11:15:00,SHORT,40.79,40.59,tp,0.004025,1,0.6822,2
2022-06-27 11:30:00,LONG,40.45,40.33,sl,-0.004,0,0.834,2
2022-06-27 12:50:00,LONG,39.89,40.09,tp,0.004,1,0.8775,2
2022-06-27 13:45:00,SHORT,38.74,38.86,sl,-0.003991,0,0.6575,2
2022-06-27 14:40:00,LONG,38.46,38.65,tp,0.004,1,0.6954,2
2022-06-27 15:20:00,LONG,38.62,38.81,tp,0.004,1,0.6565,2
2022-06-27 16:50:00,SHORT,38.65,38.77,sl,-0.003991,0,0.7836,2
2022-06-27 17:40:00,LONG,38.48,38.36,sl,-0.004,0,0.6783,2
2022-06-27 18:05:00,LONG,38.17,38.36,tp,0.004,1,0.8157,2
2022-06-27 18:15:00,LONG,38.95,38.83,sl,-0.004,0,0.6823,2
2022-06-27 18:30:00,SHORT,39.14,38.94,tp,0.004025,1,0.8987,2
2022-06-27 19:15:00,LONG,38.09,38.28,tp,0.004,1,0.8571,2
2022-06-27 19:25:00,SHORT,38.33,38.45,sl,-0.003991,0,0.773,2
2022-06-27 20:40:00,SHORT,38.86,38.67,tp,0.004025,1,0.7314,2
2022-06-27 21:00:00,LONG,38.73,38.61,sl,-0.004,0,0.6671,2
2022-06-27 21:15:00,SHORT,38.76,38.57,tp,0.004025,1,0.6907,2
2022-06-27 21:20:00,LONG,38.67,38.55,sl,-0.004,0,0.7492,2
2022-06-27 22:00:00,LONG,38.52,38.71,tp,0.004,1,0.7278,2
2022-06-27 22:10:00,LONG,38.96,38.84,sl,-0.004,0,0.7538,2
2022-06-27 22:25:00,LONG,38.81,38.69,sl,-0.004,0,0.7,2
2022-06-27 23:25:00,SHORT,38.92,38.73,tp,0.004025,1,0.6739,2
2022-06-28 00:20:00,SHORT,38.83,38.64,tp,0.004025,1,0.6552,2
2022-06-28 00:40:00,LONG,38.18,38.37,tp,0.004,1,0.8339,2
2022-06-28 01:55:00,SHORT,37.3,37.41,sl,-0.003991,0,0.6824,2
2022-06-28 02:00:00,SHORT,37.32,37.13,tp,0.004025,1,0.6738,2
2022-06-28 02:10:00,LONG,37.15,37.33,tp,0.004,1,0.7624,2
2022-06-28 03:20:00,LONG,37.33,37.52,tp,0.004,1,0.6659,2
2022-06-28 04:05:00,SHORT,37.7,37.81,sl,-0.003991,0,0.6906,2
2022-06-28 04:25:00,SHORT,37.72,37.83,sl,-0.003991,0,0.6619,2
2022-06-28 05:10:00,LONG,37.7,37.89,tp,0.004,1,0.7448,2
2022-06-28 05:25:00,SHORT,38.0,37.81,tp,0.004025,1,0.7539,2
2022-06-28 05:55:00,LONG,37.72,37.91,tp,0.004,1,0.7803,2
2022-06-28 06:15:00,LONG,38.17,38.36,tp,0.004,1,0.7692,2
2022-06-28 06:25:00,SHORT,38.29,38.41,sl,-0.003991,0,0.8441,2
2022-06-28 06:35:00,LONG,38.24,38.43,tp,0.004,1,0.6653,2
2022-06-28 07:05:00,LONG,38.59,38.47,sl,-0.004,0,0.6848,2
2022-06-28 07:10:00,SHORT,38.68,38.49,tp,0.004025,1,0.8697,2
2022-06-28 07:30:00,LONG,38.59,38.47,sl,-0.004,0,0.6735,2
2022-06-28 08:10:00,SHORT,38.74,38.55,tp,0.004025,1,0.7635,2
2022-06-28 08:45:00,LONG,38.97,39.16,tp,0.004,1,0.784,2
2022-06-28 08:50:00,LONG,39.15,39.35,tp,0.004,1,0.7108,2
2022-06-28 10:05:00,LONG,38.83,39.02,tp,0.004,1,0.7473,2
2022-06-28 10:45:00,LONG,38.62,38.81,tp,0.004,1,0.7478,2
2022-06-28 11:10:00,SHORT,39.12,39.24,sl,-0.003991,0,0.7751,2
2022-06-28 11:30:00,SHORT,39.59,39.39,tp,0.004025,1,0.8774,2
2022-06-28 12:15:00,SHORT,39.61,39.41,tp,0.004025,1,0.7596,2
2022-06-28 12:30:00,LONG,39.39,39.27,sl,-0.004,0,0.6573,2
2022-06-28 13:30:00,LONG,39.45,39.65,tp,0.004,1,0.6516,2
2022-06-28 13:50:00,SHORT,39.74,39.54,tp,0.004025,1,0.8172,2
2022-06-28 14:50:00,LONG,38.31,38.19,sl,-0.004,0,0.6698,2
2022-06-28 16:00:00,SHORT,36.72,36.54,tp,0.004025,1,0.6909,2
2022-06-28 17:10:00,LONG,36.44,36.62,tp,0.004,1,0.9197,2
2022-06-28 17:30:00,SHORT,36.62,36.44,tp,0.004025,1,0.7704,2
2022-06-28 17:40:00,LONG,36.63,36.52,sl,-0.004,0,0.7445,2
2022-06-28 18:05:00,SHORT,36.03,35.85,tp,0.004025,1,0.6725,2
2022-06-28 18:55:00,SHORT,36.3,36.12,tp,0.004025,1,0.8307,2
2022-06-28 19:05:00,SHORT,36.1,36.21,sl,-0.003991,0,0.6627,2
2022-06-28 19:20:00,LONG,36.16,36.05,sl,-0.004,0,0.6911,2
2022-06-28 19:25:00,SHORT,36.11,35.93,tp,0.004025,1,0.7107,2
2022-06-28 19:45:00,SHORT,35.98,35.8,tp,0.004025,1,0.7179,2
2022-06-28 20:00:00,SHORT,35.98,36.09,sl,-0.003991,0,0.7419,2
2022-06-28 20:30:00,LONG,36.06,36.24,tp,0.004,1,0.7436,2
2022-06-28 20:50:00,SHORT,36.46,36.57,sl,-0.003991,0,0.8326,2
2022-06-28 22:05:00,LONG,35.93,36.11,tp,0.004,1,0.7067,2
2022-06-28 22:20:00,SHORT,36.06,35.88,tp,0.004025,1,0.7959,2
2022-06-28 22:30:00,LONG,35.5,35.39,sl,-0.004,0,0.8679,2
2022-06-28 23:20:00,SHORT,35.49,35.31,tp,0.004025,1,0.7865,2
2022-06-28 23:35:00,LONG,35.28,35.17,sl,-0.004,0,0.8011,2
2022-06-29 00:15:00,SHORT,35.63,35.45,tp,0.004025,1,0.863,2
2022-06-29 00:55:00,LONG,35.67,35.56,sl,-0.004,0,0.6833,2
2022-06-29 01:15:00,SHORT,36.02,35.84,tp,0.004025,1,0.8635,2
2022-06-29 01:25:00,SHORT,35.94,35.76,tp,0.004025,1,0.6504,2
2022-06-29 01:40:00,SHORT,35.66,35.77,sl,-0.003991,0,0.6717,2
2022-06-29 01:55:00,SHORT,35.66,35.77,sl,-0.003991,0,0.6514,2
2022-06-29 02:10:00,SHORT,35.86,35.68,tp,0.004025,1,0.8459,2
2022-06-29 02:25:00,LONG,35.42,35.59,tp,0.004,1,0.7368,2
2022-06-29 03:15:00,LONG,35.7,35.59,sl,-0.004,0,0.6887,2
2022-06-29 03:50:00,LONG,35.46,35.64,tp,0.004,1,0.7399,2
2022-06-29 04:10:00,SHORT,35.65,35.47,tp,0.004025,1,0.749,2
2022-06-29 04:45:00,LONG,35.48,35.66,tp,0.004,1,0.6618,2
2022-06-29 05:20:00,SHORT,35.59,35.41,tp,0.004025,1,0.6893,2
2022-06-29 05:40:00,SHORT,35.01,34.84,tp,0.004025,1,0.6766,2
2022-06-29 05:55:00,SHORT,35.11,34.94,tp,0.004025,1,0.7087,2
2022-06-29 06:05:00,LONG,34.96,35.13,tp,0.004,1,0.8125,2
2022-06-29 06:50:00,LONG,34.61,34.78,tp,0.004,1,0.8648,2
2022-06-29 07:30:00,SHORT,35.22,35.33,sl,-0.003991,0,0.7164,2
2022-06-29 08:20:00,SHORT,35.44,35.27,tp,0.004025,1,0.6748,2
2022-06-29 08:55:00,LONG,35.09,35.26,tp,0.004,1,0.6988,2
2022-06-29 09:45:00,LONG,35.37,35.26,sl,-0.004,0,0.6858,2
2022-06-29 10:30:00,LONG,35.16,35.33,tp,0.004,1,0.7681,2
2022-06-29 11:30:00,SHORT,34.88,34.71,tp,0.004025,1,0.7442,2
2022-06-29 11:50:00,LONG,34.65,34.82,tp,0.004,1,0.8719,2
2022-06-29 12:00:00,SHORT,35.05,34.88,tp,0.004025,1,0.7862,2
2022-06-29 12:35:00,LONG,34.4,34.57,tp,0.004,1,0.9043,2
2022-06-29 12:55:00,LONG,34.15,34.32,tp,0.004,1,0.9113,2
2022-06-29 13:45:00,LONG,34.03,34.2,tp,0.004,1,0.6753,2
2022-06-29 13:50:00,LONG,34.51,34.4,sl,-0.004,0,0.6815,2
2022-06-29 14:10:00,SHORT,34.75,34.58,tp,0.004025,1,0.6728,2
2022-06-29 14:20:00,LONG,34.59,34.48,sl,-0.004,0,0.8195,2
2022-06-29 14:35:00,LONG,34.55,34.72,tp,0.004,1,0.7657,2
2022-06-29 14:50:00,SHORT,34.9,34.73,tp,0.004025,1,0.7197,2
2022-06-29 15:20:00,LONG,34.48,34.65,tp,0.004,1,0.7926,2
2022-06-29 15:40:00,LONG,34.52,34.69,tp,0.004,1,0.743,2
2022-06-29 15:50:00,SHORT,34.78,34.61,tp,0.004025,1,0.8672,2
2022-06-29 16:20:00,LONG,34.01,33.9,sl,-0.004,0,0.8566,2
2022-06-29 16:50:00,LONG,33.75,33.92,tp,0.004,1,0.8685,2
2022-06-29 17:15:00,LONG,33.28,33.44,tp,0.004,1,0.8689,2
2022-06-29 18:20:00,LONG,34.27,34.16,sl,-0.004,0,0.6911,2
2022-06-29 19:00:00,LONG,33.86,34.03,tp,0.004,1,0.7357,2
2022-06-29 19:45:00,LONG,33.98,34.15,tp,0.004,1,0.758,2
2022-06-29 19:55:00,LONG,34.51,34.68,tp,0.004,1,0.7367,2
2022-06-29 20:00:00,LONG,34.62,34.79,tp,0.004,1,0.6623,2
2022-06-29 20:10:00,LONG,34.72,34.89,tp,0.004,1,0.7416,2
2022-06-29 20:40:00,LONG,34.16,34.33,tp,0.004,1,0.787,2
2022-06-29 21:20:00,SHORT,34.44,34.55,sl,-0.003991,0,0.6966,2
2022-06-29 21:30:00,LONG,34.35,34.52,tp,0.004,1,0.7924,2
2022-06-29 21:40:00,SHORT,34.53,34.36,tp,0.004025,1,0.8612,2
2022-06-29 21:50:00,LONG,34.2,34.09,sl,-0.004,0,0.8015,2
2022-06-29 22:55:00,SHORT,34.12,33.95,tp,0.004025,1,0.7792,2
2022-06-29 23:15:00,LONG,33.68,33.58,sl,-0.004,0,0.749,2
2022-06-29 23:20:00,SHORT,33.71,33.54,tp,0.004025,1,0.7351,2
2022-06-29 23:30:00,LONG,33.69,33.86,tp,0.004,1,0.7164,2
2022-06-29 23:35:00,SHORT,33.73,33.83,sl,-0.003991,0,0.6899,2
2022-06-30 00:10:00,SHORT,34.06,33.89,tp,0.004025,1,0.7738,2
2022-06-30 00:15:00,LONG,33.94,33.84,sl,-0.004,0,0.7311,2
2022-06-30 01:00:00,SHORT,33.5,33.34,tp,0.004025,1,0.6822,2
2022-06-30 01:15:00,SHORT,32.99,32.83,tp,0.004025,1,0.6624,2
2022-06-30 01:30:00,LONG,32.65,32.81,tp,0.004,1,0.8974,2
2022-06-30 02:00:00,LONG,32.64,32.8,tp,0.004,1,0.849,2
2022-06-30 02:55:00,SHORT,33.04,32.88,tp,0.004025,1,0.7893,2
2022-06-30 03:20:00,LONG,32.7,32.86,tp,0.004,1,0.6657,2
2022-06-30 04:35:00,LONG,32.8,32.7,sl,-0.004,0,0.6729,2
2022-06-30 05:20:00,LONG,32.44,32.6,tp,0.004,1,0.7039,2
2022-06-30 05:30:00,SHORT,32.6,32.44,tp,0.004025,1,0.7394,2
2022-06-30 05:45:00,SHORT,32.55,32.39,tp,0.004025,1,0.6602,2
2022-06-30 06:10:00,LONG,32.45,32.35,sl,-0.004,0,0.6634,2
2022-06-30 06:20:00,SHORT,32.51,32.35,tp,0.004025,1,0.7719,2
2022-06-30 06:30:00,LONG,31.97,31.87,sl,-0.004,0,0.8012,2
2022-06-30 06:55:00,LONG,31.86,31.76,sl,-0.004,0,0.734,2
2022-06-30 07:15:00,LONG,31.76,31.91,tp,0.004,1,0.7141,2
2022-06-30 07:50:00,LONG,31.71,31.86,tp,0.004,1,0.7898,2
2022-06-30 07:55:00,SHORT,31.89,31.73,tp,0.004025,1,0.7785,2
2022-06-30 08:30:00,SHORT,31.81,31.66,tp,0.004025,1,0.8434,2
2022-06-30 08:55:00,SHORT,31.59,31.69,sl,-0.003991,0,0.6649,2
2022-06-30 09:10:00,LONG,31.47,31.37,sl,-0.004,0,0.6661,2
2022-06-30 10:50:00,LONG,31.4,31.55,tp,0.004,1,0.7709,2
2022-06-30 11:20:00,LONG,31.43,31.58,tp,0.004,1,0.8229,2
2022-06-30 11:50:00,LONG,31.5,31.65,tp,0.004,1,0.7638,2
2022-06-30 12:00:00,SHORT,31.59,31.69,sl,-0.003991,0,0.6516,2
2022-06-30 12:30:00,SHORT,31.95,32.05,sl,-0.003991,0,0.7937,2
2022-06-30 12:45:00,SHORT,32.16,32.0,tp,0.004025,1,0.8691,2
2022-06-30 12:55:00,LONG,32.04,32.2,tp,0.004,1,0.7469,2
2022-06-30 13:40:00,LONG,31.02,31.17,tp,0.004,1,0.8973,2
2022-06-30 14:15:00,SHORT,31.31,31.41,sl,-0.003991,0,0.7218,2
2022-06-30 14:30:00,SHORT,31.54,31.64,sl,-0.003991,0,0.8746,2
2022-06-30 15:20:00,LONG,32.06,32.22,tp,0.004,1,0.6837,2
2022-06-30 15:25:00,SHORT,32.12,31.96,tp,0.004025,1,0.7731,2
2022-06-30 15:45:00,SHORT,32.09,31.93,tp,0.004025,1,0.8117,2
2022-06-30 16:00:00,SHORT,32.27,32.11,tp,0.004025,1,0.767,2
2022-06-30 16:30:00,SHORT,32.78,32.62,tp,0.004025,1,0.9026,2
2022-06-30 17:05:00,LONG,32.18,32.34,tp,0.004,1,0.6979,2
2022-06-30 18:30:00,SHORT,31.87,31.97,sl,-0.003991,0,0.6602,2
2022-06-30 18:50:00,LONG,31.68,31.58,sl,-0.004,0,0.8805,2
2022-06-30 19:00:00,SHORT,31.71,31.56,tp,0.004025,1,0.7373,2
2022-06-30 19:35:00,SHORT,31.93,31.77,tp,0.004025,1,0.6996,2
2022-06-30 19:40:00,LONG,31.79,31.94,tp,0.004,1,0.7776,2
2022-06-30 20:15:00,LONG,32.13,32.03,sl,-0.004,0,0.668,2
2022-06-30 20:45:00,LONG,31.52,31.67,tp,0.004,1,0.8517,2
2022-06-30 22:05:00,LONG,31.77,31.92,tp,0.004,1,0.7938,2
2022-06-30 22:25:00,LONG,32.25,32.41,tp,0.004,1,0.7333,2
2022-06-30 22:45:00,SHORT,32.73,32.57,tp,0.004025,1,0.8701,2
2022-07-01 00:10:00,LONG,33.65,33.82,tp,0.004,1,0.6727,3
2022-07-01 00:20:00,LONG,33.8,33.97,tp,0.004,1,0.675,3
2022-07-01 00:25:00,LONG,34.66,34.83,tp,0.004,1,0.7821,3
2022-07-01 00:30:00,SHORT,34.77,34.6,tp,0.004025,1,0.7583,3
2022-07-01 00:50:00,LONG,34.65,34.54,sl,-0.004,0,0.6593,3
2022-07-01 00:55:00,LONG,34.51,34.68,tp,0.004,1,0.8477,3
2022-07-01 01:50:00,SHORT,34.98,35.09,sl,-0.003991,0,0.7862,3
2022-07-01 02:05:00,LONG,35.31,35.2,sl,-0.004,0,0.6562,3
2022-07-01 02:30:00,LONG,34.9,34.79,sl,-0.004,0,0.8102,3
2022-07-01 02:50:00,SHORT,34.95,34.78,tp,0.004025,1,0.8409,3
2022-07-01 03:30:00,LONG,34.36,34.25,sl,-0.004,0,0.7524,3
2022-07-01 04:30:00,SHORT,33.44,33.28,tp,0.004025,1,0.746,3
2022-07-01 04:45:00,LONG,32.59,32.49,sl,-0.004,0,0.8884,3
2022-07-01 05:20:00,LONG,32.75,32.65,sl,-0.004,0,0.6881,3
2022-07-01 05:25:00,LONG,32.7,32.6,sl,-0.004,0,0.653,3
2022-07-01 05:55:00,LONG,32.64,32.8,tp,0.004,1,0.7021,3
2022-07-01 06:10:00,SHORT,32.67,32.51,tp,0.004025,1,0.6831,3
2022-07-01 06:20:00,LONG,32.48,32.64,tp,0.004,1,0.7747,3
2022-07-01 07:00:00,LONG,32.49,32.65,tp,0.004,1,0.6686,3
2022-07-01 07:20:00,LONG,33.01,33.17,tp,0.004,1,0.6986,3
2022-07-01 07:35:00,SHORT,33.26,33.1,tp,0.004025,1,0.8083,3
2022-07-01 08:05:00,LONG,32.99,33.15,tp,0.004,1,0.7443,3
2022-07-01 08:55:00,LONG,32.94,32.84,sl,-0.004,0,0.8311,3
2022-07-01 09:10:00,LONG,32.89,33.05,tp,0.004,1,0.8341,3
2022-07-01 09:40:00,LONG,32.93,32.83,sl,-0.004,0,0.8017,3
2022-07-01 09:45:00,SHORT,33.01,32.85,tp,0.004025,1,0.8231,3
2022-07-01 10:05:00,LONG,32.86,33.02,tp,0.004,1,0.6662,3
2022-07-01 10:20:00,SHORT,33.04,32.88,tp,0.004025,1,0.7346,3
2022-07-01 11:50:00,LONG,32.27,32.43,tp,0.004,1,0.7283,3
2022-07-01 12:00:00,SHORT,32.43,32.27,tp,0.004025,1,0.8253,3
2022-07-01 12:30:00,SHORT,32.44,32.28,tp,0.004025,1,0.7375,3
2022-07-01 13:05:00,LONG,32.14,32.3,tp,0.004,1,0.8542,3
2022-07-01 13:20:00,SHORT,32.33,32.17,tp,0.004025,1,0.7032,3
2022-07-01 13:35:00,LONG,32.21,32.37,tp,0.004,1,0.6987,3
2022-07-01 14:35:00,LONG,32.13,32.29,tp,0.004,1,0.8236,3
2022-07-01 15:00:00,LONG,32.27,32.43,tp,0.004,1,0.8586,3
2022-07-01 16:35:00,LONG,32.67,32.83,tp,0.004,1,0.7687,3
2022-07-01 16:45:00,LONG,32.85,32.75,sl,-0.004,0,0.6698,3
2022-07-01 16:50:00,SHORT,32.86,32.7,tp,0.004025,1,0.7121,3
2022-07-01 17:15:00,SHORT,32.81,32.91,sl,-0.003991,0,0.7744,3
2022-07-01 17:35:00,LONG,33.12,33.02,sl,-0.004,0,0.6701,3
2022-07-01 18:05:00,LONG,33.03,33.19,tp,0.004,1,0.8759,3
2022-07-01 18:20:00,SHORT,33.4,33.24,tp,0.004025,1,0.847,3
2022-07-01 19:05:00,SHORT,33.1,32.94,tp,0.004025,1,0.7492,3
2022-07-01 19:20:00,LONG,32.94,33.1,tp,0.004,1,0.8053,3
2022-07-01 19:30:00,SHORT,33.0,33.1,sl,-0.003991,0,0.6562,3
2022-07-01 20:00:00,LONG,33.11,33.27,tp,0.004,1,0.7554,3
2022-07-01 20:15:00,LONG,33.83,33.73,sl,-0.004,0,0.65,3
2022-07-01 20:20:00,LONG,33.79,33.96,tp,0.004,1,0.7187,3
2022-07-01 20:55:00,LONG,33.29,33.45,tp,0.004,1,0.8524,3
2022-07-01 21:10:00,SHORT,33.44,33.28,tp,0.004025,1,0.8229,3
2022-07-01 21:30:00,LONG,33.2,33.1,sl,-0.004,0,0.8435,3
2022-07-01 22:10:00,LONG,32.82,32.98,tp,0.004,1,0.7864,3
2022-07-01 22:55:00,LONG,32.95,33.11,tp,0.004,1,0.7583,3
2022-07-01 23:55:00,SHORT,32.82,32.92,sl,-0.003991,0,0.7157,3
2022-07-02 00:15:00,SHORT,33.4,33.24,tp,0.004025,1,0.8563,3
2022-07-02 00:20:00,LONG,33.08,32.98,sl,-0.004,0,0.7953,3
2022-07-02 00:40:00,SHORT,33.32,33.16,tp,0.004025,1,0.842,3
2022-07-02 01:00:00,LONG,32.59,32.49,sl,-0.004,0,0.7836,3
2022-07-02 01:40:00,LONG,32.74,32.9,tp,0.004,1,0.7664,3
2022-07-02 01:45:00,SHORT,32.81,32.91,sl,-0.003991,0,0.7466,3
2022-07-02 02:15:00,SHORT,32.91,32.75,tp,0.004025,1,0.8222,3
2022-07-02 02:45:00,LONG,32.29,32.19,sl,-0.004,0,0.6852,3
2022-07-02 03:10:00,LONG,32.36,32.26,sl,-0.004,0,0.6699,3
2022-07-02 03:20:00,SHORT,32.33,32.17,tp,0.004025,1,0.7381,3
2022-07-02 03:40:00,LONG,32.19,32.35,tp,0.004,1,0.7295,3
2022-07-02 08:05:00,LONG,32.44,32.34,sl,-0.004,0,0.7064,3
2022-07-02 08:35:00,LONG,32.26,32.16,sl,-0.004,0,0.8022,3
2022-07-02 09:10:00,SHORT,32.37,32.21,tp,0.004025,1,0.7045,3
2022-07-02 09:25:00,LONG,31.98,32.14,tp,0.004,1,0.7394,3
2022-07-02 10:20:00,LONG,32.33,32.49,tp,0.004,1,0.7561,3
2022-07-02 10:50:00,SHORT,32.66,32.75,timeout,-0.003526,0,0.6665,3
2022-07-02 11:00:00,LONG,32.63,32.53,sl,-0.004,0,0.7513,3
2022-07-02 11:20:00,SHORT,32.67,32.51,tp,0.004025,1,0.6863,3
2022-07-02 12:00:00,LONG,32.68,32.84,tp,0.004,1,0.6691,3
2022-07-02 12:05:00,LONG,33.01,32.91,sl,-0.004,0,0.7221,3
2022-07-02 12:20:00,LONG,32.99,33.15,tp,0.004,1,0.7043,3
2022-07-02 12:40:00,SHORT,33.24,33.34,sl,-0.003991,0,0.7431,3
2022-07-02 13:30:00,LONG,32.92,33.08,tp,0.004,1,0.7584,3
2022-07-02 14:10:00,LONG,33.08,33.24,tp,0.004,1,0.6798,3
2022-07-02 15:50:00,SHORT,32.88,32.98,sl,-0.003991,0,0.6745,3
2022-07-02 16:25:00,SHORT,33.1,33.2,sl,-0.003991,0,0.7357,3
2022-07-02 16:45:00,SHORT,33.2,33.04,tp,0.004025,1,0.7544,3
2022-07-02 17:05:00,LONG,33.16,33.32,tp,0.004,1,0.6644,3
2022-07-02 17:10:00,SHORT,33.2,33.3,sl,-0.003991,0,0.6669,3
2022-07-02 18:05:00,SHORT,33.28,33.12,tp,0.004025,1,0.6714,3
2022-07-02 18:50:00,SHORT,33.4,33.24,tp,0.004025,1,0.6953,3
2022-07-02 19:30:00,LONG,33.05,33.21,tp,0.004,1,0.7349,3
2022-07-02 19:40:00,SHORT,33.11,33.21,sl,-0.003991,0,0.7237,3
2022-07-02 19:55:00,SHORT,33.11,32.95,tp,0.004025,1,0.6587,3
2022-07-02 20:15:00,LONG,32.96,33.12,tp,0.004,1,0.7299,3
2022-07-02 21:55:00,SHORT,33.93,33.76,tp,0.004025,1,0.7309,3
2022-07-02 22:20:00,LONG,33.71,33.61,sl,-0.004,0,0.7576,3
2022-07-02 23:40:00,SHORT,33.38,33.48,sl,-0.003991,0,0.6709,3
2022-07-03 00:20:00,SHORT,33.19,33.03,tp,0.004025,1,0.6644,3
2022-07-03 00:30:00,LONG,33.03,32.93,sl,-0.004,0,0.7453,3
2022-07-03 01:10:00,LONG,32.95,32.85,sl,-0.004,0,0.8216,3
2022-07-03 04:30:00,LONG,33.19,33.09,sl,-0.004,0,0.674,3
2022-07-03 05:40:00,LONG,32.8,32.7,sl,-0.004,0,0.7637,3
2022-07-03 06:05:00,LONG,32.66,32.82,tp,0.004,1,0.7218,3
2022-07-03 06:25:00,SHORT,32.85,32.95,sl,-0.003991,0,0.7398,3
2022-07-03 06:50:00,LONG,32.92,32.82,sl,-0.004,0,0.6578,3
2022-07-03 07:15:00,LONG,32.87,32.77,sl,-0.004,0,0.7083,3
2022-07-03 07:30:00,LONG,32.84,32.74,sl,-0.004,0,0.7428,3
2022-07-03 07:50:00,LONG,32.88,32.78,sl,-0.004,0,0.6809,3
2022-07-03 07:55:00,LONG,32.89,32.79,sl,-0.004,0,0.6655,3
2022-07-03 08:05:00,LONG,32.89,32.79,sl,-0.004,0,0.6957,3
2022-07-03 08:15:00,LONG,32.74,32.64,sl,-0.004,0,0.7835,3
2022-07-03 08:30:00,SHORT,32.69,32.53,tp,0.004025,1,0.6591,3
2022-07-03 11:15:00,SHORT,33.06,32.9,tp,0.004025,1,0.7197,3
2022-07-03 12:15:00,LONG,32.92,32.82,sl,-0.004,0,0.6948,3
2022-07-03 19:10:00,LONG,32.8,32.96,tp,0.004,1,0.7024,3
2022-07-03 19:30:00,LONG,33.1,33.26,tp,0.004,1,0.692,3
2022-07-03 19:50:00,LONG,33.4,33.56,tp,0.004,1,0.6925,3
2022-07-03 20:05:00,SHORT,33.53,33.37,tp,0.004025,1,0.6715,3
2022-07-03 20:15:00,LONG,33.42,33.58,tp,0.004,1,0.7322,3
2022-07-03 21:05:00,SHORT,33.5,33.34,tp,0.004025,1,0.7443,3
2022-07-03 21:20:00,LONG,33.31,33.47,tp,0.004,1,0.6715,3
2022-07-03 23:25:00,LONG,33.27,33.43,tp,0.004,1,0.6572,3
2022-07-04 00:15:00,SHORT,33.72,33.55,tp,0.004025,1,0.6813,3
2022-07-04 00:45:00,SHORT,33.52,33.62,sl,-0.003991,0,0.6811,3
2022-07-04 01:10:00,SHORT,33.4,33.24,tp,0.004025,1,0.6509,3
2022-07-04 01:45:00,SHORT,33.34,33.44,sl,-0.003991,0,0.6854,3
2022-07-04 02:10:00,SHORT,33.46,33.3,tp,0.004025,1,0.6597,3
2022-07-04 03:15:00,SHORT,32.72,32.56,tp,0.004025,1,0.6669,3
2022-07-04 09:40:00,LONG,33.26,33.42,tp,0.004,1,0.6524,3
2022-07-04 10:00:00,SHORT,33.53,33.63,sl,-0.003991,0,0.6808,3
2022-07-04 10:10:00,LONG,33.44,33.6,tp,0.004,1,0.7643,3
2022-07-04 11:20:00,LONG,33.29,33.45,tp,0.004,1,0.6885,3
2022-07-04 11:35:00,LONG,33.75,33.92,tp,0.004,1,0.6777,3
2022-07-04 11:45:00,LONG,33.87,34.04,tp,0.004,1,0.6583,3
2022-07-04 12:20:00,SHORT,34.5,34.33,tp,0.004025,1,0.7928,3
2022-07-04 12:30:00,LONG,34.28,34.17,sl,-0.004,0,0.7513,3
2022-07-04 13:00:00,LONG,34.32,34.21,sl,-0.004,0,0.6787,3
2022-07-04 13:10:00,SHORT,34.33,34.16,tp,0.004025,1,0.7426,3
2022-07-04 14:00:00,LONG,33.86,34.03,tp,0.004,1,0.709,3
2022-07-04 15:30:00,LONG,34.2,34.37,tp,0.004,1,0.7535,3
2022-07-04 15:40:00,SHORT,34.27,34.38,sl,-0.003991,0,0.6946,3
2022-07-04 16:15:00,SHORT,34.29,34.4,sl,-0.003991,0,0.6608,3
2022-07-04 16:30:00,LONG,34.2,34.37,tp,0.004,1,0.6887,3
2022-07-04 17:15:00,LONG,34.62,34.79,tp,0.004,1,0.7238,3
2022-07-04 18:50:00,SHORT,34.95,34.78,tp,0.004025,1,0.7334,3
2022-07-04 19:15:00,LONG,34.57,34.74,tp,0.004,1,0.8024,3
2022-07-04 20:50:00,SHORT,35.16,35.27,sl,-0.003991,0,0.6677,3
2022-07-04 21:15:00,SHORT,35.25,35.08,tp,0.004025,1,0.7781,3
2022-07-04 21:50:00,SHORT,35.92,36.03,sl,-0.003991,0,0.7309,3
2022-07-04 22:30:00,SHORT,36.47,36.58,sl,-0.003991,0,0.7152,3
2022-07-04 22:40:00,LONG,36.4,36.58,tp,0.004,1,0.7182,3
2022-07-04 22:50:00,SHORT,36.56,36.38,tp,0.004025,1,0.7419,3
2022-07-04 23:10:00,LONG,36.39,36.57,tp,0.004,1,0.7348,3
2022-07-04 23:20:00,LONG,36.61,36.79,tp,0.004,1,0.7564,3
2022-07-04 23:45:00,SHORT,36.77,36.88,sl,-0.003991,0,0.6999,3
2022-07-05 00:00:00,LONG,36.5,36.68,tp,0.004,1,0.7698,3
2022-07-05 00:10:00,SHORT,36.95,36.77,tp,0.004025,1,0.8624,3
2022-07-05 00:30:00,LONG,36.71,36.6,sl,-0.004,0,0.7159,3
2022-07-05 00:45:00,SHORT,36.65,36.76,sl,-0.003991,0,0.6813,3
2022-07-05 01:25:00,LONG,36.23,36.41,tp,0.004,1,0.8642,3
2022-07-05 01:50:00,SHORT,36.53,36.35,tp,0.004025,1,0.6786,3
2022-07-05 02:30:00,LONG,35.9,36.08,tp,0.004,1,0.7126,3
2022-07-05 02:50:00,SHORT,36.03,35.85,tp,0.004025,1,0.7342,3
2022-07-05 02:55:00,LONG,35.43,35.6,tp,0.004,1,0.8383,3
2022-07-05 03:25:00,LONG,35.56,35.74,tp,0.004,1,0.8079,3
2022-07-05 04:15:00,LONG,35.65,35.83,tp,0.004,1,0.7743,3
2022-07-05 04:25:00,SHORT,35.74,35.85,sl,-0.003991,0,0.7003,3
2022-07-05 04:40:00,LONG,35.72,35.9,tp,0.004,1,0.7407,3
2022-07-05 05:20:00,SHORT,36.17,35.99,tp,0.004025,1,0.7183,3
2022-07-05 05:50:00,LONG,35.87,36.05,tp,0.004,1,0.7418,3
2022-07-05 06:40:00,LONG,35.99,36.17,tp,0.004,1,0.7826,3
2022-07-05 06:50:00,SHORT,36.13,35.95,tp,0.004025,1,0.7436,3
2022-07-05 07:50:00,SHORT,36.0,35.82,tp,0.004025,1,0.7352,3
2022-07-05 08:25:00,SHORT,35.21,35.04,tp,0.004025,1,0.7037,3
2022-07-05 08:45:00,LONG,34.83,35.0,tp,0.004,1,0.8713,3
2022-07-05 09:00:00,LONG,34.82,34.99,tp,0.004,1,0.8764,3
2022-07-05 09:10:00,SHORT,35.02,34.85,tp,0.004025,1,0.7983,3
2022-07-05 09:40:00,SHORT,34.5,34.33,tp,0.004025,1,0.6648,3
2022-07-05 10:05:00,SHORT,34.61,34.44,tp,0.004025,1,0.8012,3
2022-07-05 10:30:00,SHORT,34.66,34.49,tp,0.004025,1,0.7168,3
2022-07-05 10:40:00,LONG,34.44,34.61,tp,0.004,1,0.725,3
2022-07-05 11:15:00,SHORT,34.7,34.53,tp,0.004025,1,0.7318,3
2022-07-05 11:35:00,SHORT,34.36,34.19,tp,0.004025,1,0.702,3
2022-07-05 12:15:00,LONG,33.87,33.77,sl,-0.004,0,0.7063,3
2022-07-05 12:35:00,LONG,33.57,33.47,sl,-0.004,0,0.7347,3
2022-07-05 13:05:00,SHORT,33.51,33.35,tp,0.004025,1,0.7079,3
2022-07-05 13:55:00,LONG,33.49,33.65,tp,0.004,1,0.69,3
2022-07-05 14:10:00,SHORT,33.72,33.82,sl,-0.003991,0,0.8397,3
2022-07-05 14:35:00,SHORT,33.83,33.66,tp,0.004025,1,0.6913,3
2022-07-05 14:45:00,LONG,33.62,33.52,sl,-0.004,0,0.6562,3
2022-07-05 15:10:00,LONG,33.31,33.47,tp,0.004,1,0.6681,3
2022-07-05 16:45:00,LONG,33.74,33.91,tp,0.004,1,0.6591,3
2022-07-05 17:20:00,LONG,34.06,33.95,sl,-0.004,0,0.6971,3
2022-07-05 17:25:00,LONG,34.0,34.17,tp,0.004,1,0.6723,3
2022-07-05 17:45:00,LONG,34.05,33.94,sl,-0.004,0,0.7665,3
2022-07-05 17:50:00,SHORT,34.09,33.92,tp,0.004025,1,0.7445,3
2022-07-05 18:05:00,LONG,33.9,34.07,tp,0.004,1,0.6855,3
2022-07-05 19:10:00,SHORT,35.19,35.02,tp,0.004025,1,0.8455,3
2022-07-05 19:40:00,LONG,35.86,35.75,sl,-0.004,0,0.6744,3
2022-07-05 19:55:00,LONG,35.73,35.91,tp,0.004,1,0.7832,3
2022-07-05 20:10:00,SHORT,36.3,36.12,tp,0.004025,1,0.7309,3
2022-07-05 20:45:00,LONG,35.76,35.94,tp,0.004,1,0.7947,3
2022-07-05 21:05:00,SHORT,35.91,35.73,tp,0.004025,1,0.6948,3
2022-07-05 21:15:00,SHORT,35.62,35.44,tp,0.004025,1,0.7067,3
2022-07-05 22:05:00,SHORT,36.08,35.9,tp,0.004025,1,0.6576,3
2022-07-05 22:35:00,LONG,35.77,35.66,sl,-0.004,0,0.6892,3
2022-07-05 23:30:00,LONG,35.3,35.47,tp,0.004,1,0.7784,3
2022-07-06 00:00:00,SHORT,35.44,35.55,sl,-0.003991,0,0.7106,3
2022-07-06 00:15:00,SHORT,35.4,35.23,tp,0.004025,1,0.7517,3
2022-07-06 00:25:00,LONG,35.17,35.34,tp,0.004,1,0.7382,3
2022-07-06 01:15:00,LONG,35.52,35.41,sl,-0.004,0,0.7223,3
2022-07-06 01:45:00,LONG,34.9,35.07,tp,0.004,1,0.8885,3
2022-07-06 02:05:00,LONG,35.07,34.96,sl,-0.004,0,0.657,3
2022-07-06 02:20:00,SHORT,35.3,35.13,tp,0.004025,1,0.671,3
2022-07-06 02:35:00,LONG,34.98,34.87,sl,-0.004,0,0.7516,3
2022-07-06 03:05:00,SHORT,35.04,34.87,tp,0.004025,1,0.694,3
2022-07-06 03:10:00,LONG,35.0,34.89,sl,-0.004,0,0.7385,3
2022-07-06 03:55:00,LONG,35.58,35.47,sl,-0.004,0,0.7014,3
2022-07-06 04:10:00,LONG,36.0,36.18,tp,0.004,1,0.6882,3
2022-07-06 04:20:00,SHORT,36.32,36.14,tp,0.004025,1,0.7762,3
2022-07-06 04:55:00,LONG,35.8,35.98,tp,0.004,1,0.7352,3
2022-07-06 05:15:00,SHORT,36.05,35.87,tp,0.004025,1,0.7105,3
2022-07-06 05:45:00,SHORT,36.06,35.88,tp,0.004025,1,0.827,3
2022-07-06 06:05:00,LONG,35.75,35.93,tp,0.004,1,0.7561,3
2022-07-06 06:35:00,LONG,35.41,35.58,tp,0.004,1,0.7748,3
2022-07-06 07:00:00,LONG,35.8,35.98,tp,0.004,1,0.6662,3
2022-07-06 07:15:00,LONG,35.84,36.02,tp,0.004,1,0.7592,3
2022-07-06 07:40:00,SHORT,36.09,35.91,tp,0.004025,1,0.6943,3
2022-07-06 08:00:00,LONG,35.87,36.05,tp,0.004,1,0.6783,3
2022-07-06 08:10:00,SHORT,36.44,36.55,sl,-0.003991,0,0.7087,3
2022-07-06 08:40:00,SHORT,36.38,36.2,tp,0.004025,1,0.6844,3
2022-07-06 09:00:00,LONG,36.18,36.36,tp,0.004,1,0.8816,3
2022-07-06 09:20:00,SHORT,36.52,36.63,sl,-0.003991,0,0.6791,3
2022-07-06 09:50:00,SHORT,36.45,36.27,tp,0.004025,1,0.8267,3
2022-07-06 10:30:00,SHORT,36.49,36.31,tp,0.004025,1,0.6695,3
2022-07-06 11:15:00,LONG,35.97,35.86,sl,-0.004,0,0.8269,3
2022-07-06 11:40:00,SHORT,36.07,35.89,tp,0.004025,1,0.7778,3
2022-07-06 12:10:00,LONG,35.47,35.65,tp,0.004,1,0.6824,3
2022-07-06 12:20:00,SHORT,35.86,35.68,tp,0.004025,1,0.8015,3
2022-07-06 12:40:00,SHORT,35.9,35.72,tp,0.004025,1,0.8542,3
2022-07-06 13:25:00,LONG,36.28,36.46,tp,0.004,1,0.7104,3
2022-07-06 13:30:00,SHORT,36.36,36.18,tp,0.004025,1,0.7591,3
2022-07-06 13:45:00,LONG,35.93,36.11,tp,0.004,1,0.7337,3
2022-07-06 14:30:00,LONG,36.01,35.9,sl,-0.004,0,0.6743,3
2022-07-06 14:40:00,SHORT,36.26,36.08,tp,0.004025,1,0.8106,3
2022-07-06 15:00:00,LONG,35.99,35.88,sl,-0.004,0,0.8249,3
2022-07-06 15:15:00,SHORT,36.03,35.85,tp,0.004025,1,0.8194,3
2022-07-06 15:30:00,LONG,35.7,35.88,tp,0.004,1,0.8352,3
2022-07-06 15:45:00,SHORT,35.83,35.94,sl,-0.003991,0,0.8101,3
2022-07-06 16:00:00,LONG,35.82,35.71,sl,-0.004,0,0.6702,3
2022-07-06 16:50:00,LONG,36.1,35.99,sl,-0.004,0,0.735,3
2022-07-06 17:15:00,LONG,36.1,36.28,tp,0.004,1,0.6687,3
2022-07-06 17:25:00,SHORT,36.13,36.24,sl,-0.003991,0,0.7571,3
2022-07-06 17:55:00,LONG,36.19,36.37,tp,0.004,1,0.7453,3
2022-07-06 18:00:00,LONG,35.85,36.03,tp,0.004,1,0.8356,3
2022-07-06 18:05:00,SHORT,36.18,36.0,tp,0.004025,1,0.7256,3
2022-07-06 18:35:00,LONG,36.48,36.66,tp,0.004,1,0.6904,3
2022-07-06 18:40:00,SHORT,36.66,36.77,sl,-0.003991,0,0.7924,3
2022-07-06 19:00:00,LONG,36.46,36.64,tp,0.004,1,0.7437,3
2022-07-06 19:20:00,SHORT,36.69,36.51,tp,0.004025,1,0.8258,3
2022-07-06 19:50:00,LONG,36.12,36.3,tp,0.004,1,0.7686,3
2022-07-06 20:15:00,LONG,36.2,36.09,sl,-0.004,0,0.7163,3
2022-07-06 20:40:00,LONG,36.05,36.23,tp,0.004,1,0.7849,3
2022-07-06 20:55:00,SHORT,36.3,36.41,sl,-0.003991,0,0.6785,3
2022-07-06 21:05:00,LONG,36.31,36.2,sl,-0.004,0,0.7801,3
2022-07-06 22:40:00,SHORT,36.72,36.83,sl,-0.003991,0,0.7902,3
2022-07-06 23:05:00,SHORT,37.42,37.53,sl,-0.003991,0,0.7187,3
2022-07-06 23:20:00,LONG,37.22,37.11,sl,-0.004,0,0.7958,3
2022-07-06 23:40:00,LONG,37.05,36.94,sl,-0.004,0,0.8538,3
2022-07-07 00:05:00,LONG,37.01,37.19,tp,0.004,1,0.6537,3
2022-07-07 01:35:00,LONG,37.25,37.14,sl,-0.004,0,0.6761,3
2022-07-07 01:40:00,LONG,37.25,37.14,sl,-0.004,0,0.6839,3
2022-07-07 02:20:00,SHORT,36.9,37.01,sl,-0.003991,0,0.6832,3
2022-07-07 02:30:00,LONG,36.79,36.97,tp,0.004,1,0.8787,3
2022-07-07 02:50:00,SHORT,36.97,37.08,sl,-0.003991,0,0.6829,3
2022-07-07 03:05:00,LONG,36.95,37.13,tp,0.004,1,0.671,3
2022-07-07 03:30:00,LONG,36.94,37.12,tp,0.004,1,0.7489,3
2022-07-07 05:25:00,LONG,36.76,36.65,sl,-0.004,0,0.7537,3
2022-07-07 05:30:00,SHORT,36.84,36.66,tp,0.004025,1,0.6632,3
2022-07-07 05:50:00,LONG,36.56,36.74,tp,0.004,1,0.723,3
2022-07-07 06:45:00,LONG,36.52,36.7,tp,0.004,1,0.7626,3
2022-07-07 07:15:00,LONG,36.44,36.62,tp,0.004,1,0.7557,3
2022-07-07 07:30:00,SHORT,36.79,36.9,sl,-0.003991,0,0.6906,3
2022-07-07 08:15:00,LONG,36.8,36.69,sl,-0.004,0,0.7116,3
2022-07-07 09:00:00,LONG,37.11,37.29,tp,0.004,1,0.6545,3
2022-07-07 09:10:00,SHORT,37.19,37.3,sl,-0.003991,0,0.7537,3
2022-07-07 09:45:00,SHORT,37.27,37.08,tp,0.004025,1,0.6517,3
2022-07-07 10:05:00,SHORT,37.27,37.08,tp,0.004025,1,0.717,3
2022-07-07 10:50:00,LONG,36.98,37.16,tp,0.004,1,0.7289,3
2022-07-07 11:10:00,SHORT,37.15,37.26,sl,-0.003991,0,0.698,3
2022-07-07 13:00:00,SHORT,37.01,36.83,tp,0.004025,1,0.6559,3
2022-07-07 13:05:00,LONG,36.93,36.82,sl,-0.004,0,0.7271,3
2022-07-07 13:45:00,LONG,37.41,37.3,sl,-0.004,0,0.6551,3
2022-07-07 14:05:00,LONG,37.88,38.07,tp,0.004,1,0.6607,3
2022-07-07 14:15:00,SHORT,38.18,37.99,tp,0.004025,1,0.8436,3
2022-07-07 14:35:00,LONG,38.2,38.39,tp,0.004,1,0.7021,3
2022-07-07 15:00:00,SHORT,38.47,38.28,tp,0.004025,1,0.8146,3
2022-07-07 15:15:00,LONG,38.32,38.2,sl,-0.004,0,0.683,3
2022-07-07 15:20:00,SHORT,38.29,38.1,tp,0.004025,1,0.7482,3
2022-07-07 15:35:00,LONG,38.1,38.29,tp,0.004,1,0.7109,3
2022-07-07 16:30:00,LONG,38.64,38.83,tp,0.004,1,0.7647,3
2022-07-07 16:35:00,LONG,38.71,38.9,tp,0.004,1,0.7597,3
2022-07-07 16:40:00,SHORT,38.89,39.01,sl,-0.003991,0,0.7505,3
2022-07-07 17:15:00,LONG,38.32,38.2,sl,-0.004,0,0.7179,3
2022-07-07 17:50:00,SHORT,38.34,38.46,sl,-0.003991,0,0.6768,3
2022-07-07 18:35:00,LONG,38.5,38.38,sl,-0.004,0,0.6592,3
2022-07-07 18:55:00,LONG,38.61,38.8,tp,0.004,1,0.6519,3
2022-07-07 19:45:00,SHORT,39.14,38.94,tp,0.004025,1,0.6959,3
2022-07-07 20:05:00,LONG,38.55,38.43,sl,-0.004,0,0.8205,3
2022-07-07 20:20:00,LONG,38.42,38.61,tp,0.004,1,0.8597,3
2022-07-07 20:30:00,SHORT,38.52,38.43,timeout,0.001382,1,0.6554,3
2022-07-07 21:10:00,SHORT,38.58,38.39,tp,0.004025,1,0.7647,3
2022-07-07 21:30:00,LONG,38.43,38.31,sl,-0.004,0,0.6801,3
2022-07-07 21:45:00,LONG,38.45,38.33,sl,-0.004,0,0.6816,3
2022-07-07 22:25:00,LONG,38.21,38.4,tp,0.004,1,0.7195,3
2022-07-07 22:50:00,LONG,38.2,38.39,tp,0.004,1,0.7722,3
2022-07-07 23:10:00,LONG,38.26,38.45,tp,0.004,1,0.6846,3
2022-07-08 00:30:00,LONG,38.25,38.44,tp,0.004,1,0.7586,3
2022-07-08 00:35:00,SHORT,38.44,38.56,sl,-0.003991,0,0.7469,3
2022-07-08 02:25:00,LONG,38.22,38.41,tp,0.004,1,0.7993,3
2022-07-08 02:40:00,SHORT,38.46,38.58,sl,-0.003991,0,0.6752,3
2022-07-08 03:15:00,SHORT,38.43,38.55,sl,-0.003991,0,0.7022,3
2022-07-08 04:05:00,LONG,38.52,38.71,tp,0.004,1,0.707,3
2022-07-08 05:30:00,LONG,38.34,38.22,sl,-0.004,0,0.726,3
2022-07-08 05:50:00,LONG,37.81,38.0,tp,0.004,1,0.8094,3
2022-07-08 06:40:00,LONG,37.83,37.72,sl,-0.004,0,0.6545,3
2022-07-08 06:50:00,SHORT,37.91,37.72,tp,0.004025,1,0.7264,3
2022-07-08 07:15:00,LONG,37.33,37.52,tp,0.004,1,0.7252,3
2022-07-08 07:40:00,LONG,37.45,37.64,tp,0.004,1,0.803,3
2022-07-08 08:10:00,SHORT,37.61,37.42,tp,0.004025,1,0.7819,3
2022-07-08 08:40:00,SHORT,37.28,37.09,tp,0.004025,1,0.6911,3
2022-07-08 09:10:00,LONG,36.65,36.83,tp,0.004,1,0.8564,3
2022-07-08 10:20:00,SHORT,37.29,37.1,tp,0.004025,1,0.6656,3
2022-07-08 11:05:00,LONG,36.94,37.12,tp,0.004,1,0.6825,3
2022-07-08 11:20:00,SHORT,37.2,37.31,sl,-0.003991,0,0.6955,3
2022-07-08 12:10:00,LONG,37.42,37.31,sl,-0.004,0,0.7106,3
2022-07-08 12:45:00,LONG,36.59,36.77,tp,0.004,1,0.8169,3
2022-07-08 13:00:00,SHORT,36.89,36.71,tp,0.004025,1,0.8042,3
2022-07-08 13:10:00,LONG,36.72,36.9,tp,0.004,1,0.8308,3
2022-07-08 13:30:00,LONG,36.82,37.0,tp,0.004,1,0.6945,3
2022-07-08 13:50:00,LONG,36.59,36.48,sl,-0.004,0,0.8414,3
2022-07-08 14:10:00,SHORT,36.78,36.89,sl,-0.003991,0,0.7416,3
2022-07-08 15:00:00,LONG,37.87,37.76,sl,-0.004,0,0.7135,3
2022-07-08 15:10:00,LONG,38.27,38.15,sl,-0.004,0,0.6642,3
2022-07-08 15:15:00,LONG,38.14,38.33,tp,0.004,1,0.7075,3
2022-07-08 15:45:00,LONG,38.31,38.5,tp,0.004,1,0.8501,3
2022-07-08 16:05:00,LONG,38.48,38.67,tp,0.004,1,0.8213,3
2022-07-08 16:15:00,SHORT,38.67,38.48,tp,0.004025,1,0.7504,3
2022-07-08 16:40:00,LONG,38.11,38.3,tp,0.004,1,0.6934,3
2022-07-08 17:00:00,LONG,38.35,38.54,tp,0.004,1,0.7992,3
2022-07-08 17:10:00,SHORT,38.58,38.39,tp,0.004025,1,0.8509,3
2022-07-08 17:20:00,LONG,38.46,38.65,tp,0.004,1,0.662,3
2022-07-08 17:30:00,SHORT,38.87,38.68,tp,0.004025,1,0.7388,3
2022-07-08 18:05:00,SHORT,38.86,38.67,tp,0.004025,1,0.7773,3
2022-07-08 18:20:00,SHORT,39.08,39.2,sl,-0.003991,0,0.7814,3
2022-07-08 18:40:00,SHORT,39.02,38.83,tp,0.004025,1,0.6763,3
2022-07-08 19:35:00,LONG,39.01,39.2,tp,0.004,1,0.6637,3
2022-07-08 19:40:00,SHORT,39.3,39.1,tp,0.004025,1,0.8448,3
2022-07-08 20:55:00,LONG,38.83,39.02,tp,0.004,1,0.7302,3
2022-07-08 21:45:00,SHORT,38.62,38.43,tp,0.004025,1,0.7298,3
2022-07-08 21:55:00,LONG,38.38,38.57,tp,0.004,1,0.857,3
2022-07-08 23:00:00,LONG,38.52,38.71,tp,0.004,1,0.684,3
2022-07-08 23:55:00,LONG,38.14,38.33,tp,0.004,1,0.7633,3
2022-07-09 00:05:00,SHORT,38.48,38.6,sl,-0.003991,0,0.772,3
2022-07-09 00:50:00,LONG,38.22,38.1,sl,-0.004,0,0.7657,3
2022-07-09 01:05:00,LONG,38.13,38.32,tp,0.004,1,0.8204,3
2022-07-09 01:25:00,LONG,38.14,38.33,tp,0.004,1,0.8342,3
2022-07-09 01:45:00,SHORT,38.31,38.12,tp,0.004025,1,0.8153,3
2022-07-09 01:55:00,LONG,38.19,38.38,tp,0.004,1,0.7296,3
2022-07-09 02:30:00,SHORT,38.41,38.22,tp,0.004025,1,0.7077,3
2022-07-09 03:25:00,LONG,37.88,38.07,tp,0.004,1,0.8076,3
2022-07-09 04:05:00,SHORT,38.44,38.25,tp,0.004025,1,0.7507,3
2022-07-09 06:05:00,LONG,38.32,38.51,tp,0.004,1,0.6769,3
2022-07-09 07:05:00,LONG,38.51,38.39,sl,-0.004,0,0.6602,3
2022-07-09 07:10:00,LONG,38.56,38.44,sl,-0.004,0,0.6764,3
2022-07-09 08:50:00,SHORT,38.79,38.6,tp,0.004025,1,0.696,3
2022-07-09 09:45:00,LONG,38.5,38.69,tp,0.004,1,0.6612,3
2022-07-09 10:00:00,LONG,38.45,38.64,tp,0.004,1,0.7287,3
2022-07-09 10:35:00,LONG,38.55,38.74,tp,0.004,1,0.7008,3
2022-07-09 11:00:00,SHORT,38.75,38.56,tp,0.004025,1,0.6603,3
2022-07-09 11:15:00,LONG,38.67,38.55,sl,-0.004,0,0.7,3
2022-07-09 12:15:00,SHORT,38.29,38.1,tp,0.004025,1,0.6828,3
2022-07-09 13:45:00,LONG,37.93,37.82,sl,-0.004,0,0.6611,3
2022-07-09 14:00:00,LONG,37.88,38.07,tp,0.004,1,0.6985,3
2022-07-09 14:40:00,LONG,38.11,37.99,sl,-0.004,0,0.697,3
2022-07-09 15:15:00,LONG,38.11,37.99,sl,-0.004,0,0.6552,3
2022-07-09 15:25:00,SHORT,38.15,38.18,timeout,-0.001738,0,0.6759,3
2022-07-09 16:00:00,LONG,38.0,38.19,tp,0.004,1,0.7506,3
2022-07-09 17:20:00,LONG,38.34,38.53,tp,0.004,1,0.6725,3
2022-07-09 17:30:00,SHORT,38.61,38.73,sl,-0.003991,0,0.7024,3
2022-07-09 18:00:00,SHORT,38.65,38.46,tp,0.004025,1,0.7475,3
2022-07-09 19:10:00,LONG,38.3,38.33,timeout,-0.000173,0,0.7346,3
2022-07-10 00:10:00,LONG,37.85,38.04,tp,0.004,1,0.6671,3
2022-07-10 00:15:00,SHORT,38.02,37.83,tp,0.004025,1,0.6535,3
2022-07-10 00:45:00,LONG,37.63,37.52,sl,-0.004,0,0.7583,3
2022-07-10 02:30:00,LONG,37.18,37.36,tp,0.004,1,0.7673,3
2022-07-10 03:05:00,LONG,37.35,37.24,sl,-0.004,0,0.7924,3
2022-07-10 03:30:00,LONG,37.28,37.17,sl,-0.004,0,0.7214,3
2022-07-10 07:20:00,LONG,37.31,37.2,sl,-0.004,0,0.6592,3
2022-07-10 14:10:00,LONG,36.38,36.56,tp,0.004,1,0.6994,3
2022-07-10 15:45:00,SHORT,36.66,36.77,sl,-0.003991,0,0.6521,3
2022-07-10 17:40:00,SHORT,37.1,36.92,tp,0.004025,1,0.6526,3
2022-07-10 21:05:00,SHORT,37.39,37.2,tp,0.004025,1,0.7275,3
2022-07-10 22:05:00,SHORT,36.89,36.71,tp,0.004025,1,0.6958,3
2022-07-10 22:25:00,LONG,36.68,36.57,sl,-0.004,0,0.7783,3
2022-07-10 23:25:00,SHORT,36.73,36.55,tp,0.004025,1,0.6685,3
2022-07-11 00:15:00,LONG,36.1,36.28,tp,0.004,1,0.8174,3
2022-07-11 01:20:00,LONG,35.66,35.55,sl,-0.004,0,0.7744,3
2022-07-11 02:05:00,SHORT,35.51,35.62,sl,-0.003991,0,0.6513,3
2022-07-11 03:00:00,LONG,35.46,35.64,tp,0.004,1,0.751,3
2022-07-11 05:10:00,LONG,35.48,35.66,tp,0.004,1,0.7335,3
2022-07-11 06:15:00,LONG,35.15,35.04,sl,-0.004,0,0.6795,3
2022-07-11 08:00:00,LONG,35.09,35.26,tp,0.004,1,0.7443,3
2022-07-11 10:45:00,SHORT,35.6,35.42,tp,0.004025,1,0.7236,3
2022-07-11 10:55:00,LONG,35.49,35.38,sl,-0.004,0,0.6936,3
2022-07-11 12:05:00,SHORT,35.1,35.21,sl,-0.003991,0,0.7124,3
2022-07-11 13:45:00,SHORT,34.91,34.74,tp,0.004025,1,0.6905,3
2022-07-11 14:20:00,LONG,34.9,35.07,tp,0.004,1,0.7404,3
2022-07-11 15:00:00,LONG,34.96,34.85,sl,-0.004,0,0.7448,3
2022-07-11 15:20:00,LONG,34.87,35.04,tp,0.004,1,0.7417,3
2022-07-11 15:55:00,SHORT,35.17,35.28,sl,-0.003991,0,0.6686,3
2022-07-11 18:40:00,SHORT,35.59,35.41,tp,0.004025,1,0.6645,3
2022-07-11 21:10:00,LONG,34.98,34.87,sl,-0.004,0,0.7995,3
2022-07-11 22:00:00,LONG,34.21,34.38,tp,0.004,1,0.8699,3
2022-07-11 22:25:00,SHORT,33.94,33.77,tp,0.004025,1,0.7044,3
2022-07-11 23:35:00,SHORT,33.68,33.51,tp,0.004025,1,0.7364,3
2022-07-11 23:50:00,SHORT,33.5,33.34,tp,0.004025,1,0.6533,3
2022-07-12 00:00:00,LONG,33.41,33.31,sl,-0.004,0,0.7702,3
2022-07-12 00:15:00,SHORT,33.61,33.45,tp,0.004025,1,0.6697,3
2022-07-12 00:45:00,SHORT,33.65,33.75,sl,-0.003991,0,0.6578,3
2022-07-12 00:55:00,LONG,33.6,33.76,tp,0.004,1,0.7344,3
2022-07-12 01:00:00,SHORT,33.72,33.82,sl,-0.003991,0,0.7783,3
2022-07-12 01:20:00,LONG,33.69,33.86,tp,0.004,1,0.7109,3
2022-07-12 01:40:00,SHORT,33.83,33.66,tp,0.004025,1,0.6718,3
2022-07-12 02:40:00,LONG,33.86,33.76,sl,-0.004,0,0.6933,3
2022-07-12 03:30:00,LONG,33.49,33.65,tp,0.004,1,0.8199,3
2022-07-12 04:30:00,LONG,33.75,33.92,tp,0.004,1,0.6866,3
2022-07-12 08:05:00,SHORT,33.67,33.5,tp,0.004025,1,0.6725,3
2022-07-12 09:35:00,LONG,33.19,33.35,tp,0.004,1,0.8415,3
2022-07-12 09:50:00,SHORT,33.38,33.48,sl,-0.003991,0,0.6872,3
2022-07-12 10:45:00,SHORT,33.74,33.57,tp,0.004025,1,0.689,3
2022-07-12 10:55:00,LONG,33.66,33.83,tp,0.004,1,0.6776,3
2022-07-12 13:25:00,LONG,33.97,34.14,tp,0.004,1,0.6509,3
2022-07-12 14:25:00,LONG,33.9,34.07,tp,0.004,1,0.7291,3
2022-07-12 15:30:00,SHORT,34.48,34.31,tp,0.004025,1,0.661,3
2022-07-12 15:55:00,LONG,34.23,34.4,tp,0.004,1,0.701,3
2022-07-12 16:40:00,SHORT,34.39,34.22,tp,0.004025,1,0.6829,3
2022-07-12 17:40:00,SHORT,34.12,33.95,tp,0.004025,1,0.6776,3
2022-07-12 17:55:00,SHORT,34.13,33.96,tp,0.004025,1,0.6625,3
2022-07-12 18:00:00,LONG,33.94,33.84,sl,-0.004,0,0.6918,3
2022-07-12 18:30:00,LONG,33.82,33.72,sl,-0.004,0,0.7769,3
2022-07-12 19:10:00,SHORT,33.46,33.3,tp,0.004025,1,0.6843,3
2022-07-12 19:35:00,SHORT,32.83,32.93,sl,-0.003991,0,0.6653,3
2022-07-12 20:00:00,LONG,32.94,33.1,tp,0.004,1,0.8077,3
2022-07-12 20:45:00,LONG,32.99,33.15,tp,0.004,1,0.7319,3
2022-07-12 21:10:00,SHORT,33.23,33.07,tp,0.004025,1,0.6753,3
2022-07-12 21:40:00,LONG,32.98,33.14,tp,0.004,1,0.7524,3
2022-07-12 22:50:00,LONG,32.99,33.15,tp,0.004,1,0.7126,3
2022-07-12 23:25:00,LONG,32.98,32.88,sl,-0.004,0,0.6876,3
2022-07-12 23:50:00,SHORT,32.71,32.81,sl,-0.003991,0,0.6521,3
2022-07-13 00:20:00,SHORT,32.74,32.84,sl,-0.003991,0,0.7141,3
2022-07-13 00:40:00,SHORT,32.85,32.69,tp,0.004025,1,0.8303,3
2022-07-13 01:15:00,LONG,32.71,32.87,tp,0.004,1,0.6752,3
2022-07-13 02:05:00,SHORT,33.11,33.21,sl,-0.003991,0,0.7305,3
2022-07-13 02:30:00,LONG,33.11,33.01,sl,-0.004,0,0.6547,3
2022-07-13 02:55:00,SHORT,33.12,33.22,sl,-0.003991,0,0.6585,3
2022-07-13 04:20:00,SHORT,33.2,33.04,tp,0.004025,1,0.6574,3
2022-07-13 05:55:00,LONG,33.26,33.16,sl,-0.004,0,0.7128,3
2022-07-13 06:15:00,LONG,33.17,33.33,tp,0.004,1,0.7008,3
2022-07-13 07:40:00,LONG,33.58,33.74,tp,0.004,1,0.6727,3
2022-07-13 08:00:00,SHORT,33.82,33.65,tp,0.004025,1,0.7648,3
2022-07-13 08:10:00,LONG,33.67,33.84,tp,0.004,1,0.7245,3
2022-07-13 08:40:00,SHORT,34.01,33.84,tp,0.004025,1,0.6643,3
2022-07-13 09:50:00,SHORT,33.86,33.82,timeout,0.000365,1,0.681,3
2022-07-13 10:40:00,SHORT,33.85,33.95,sl,-0.003991,0,0.6801,3
2022-07-13 12:00:00,SHORT,34.05,33.88,tp,0.004025,1,0.7076,3
2022-07-13 12:35:00,LONG,32.5,32.4,sl,-0.004,0,0.6914,3
2022-07-13 12:55:00,SHORT,32.38,32.48,sl,-0.003991,0,0.6618,3
2022-07-13 13:30:00,LONG,32.11,32.27,tp,0.004,1,0.715,3
2022-07-13 13:40:00,LONG,32.32,32.48,tp,0.004,1,0.6797,3
2022-07-13 14:20:00,LONG,32.43,32.59,tp,0.004,1,0.8322,3
2022-07-13 14:35:00,LONG,33.01,33.17,tp,0.004,1,0.7846,3
2022-07-13 14:45:00,SHORT,33.62,33.46,tp,0.004025,1,0.8369,3
2022-07-13 15:50:00,SHORT,33.28,33.12,tp,0.004025,1,0.7268,3
2022-07-13 17:00:00,SHORT,33.87,33.7,tp,0.004025,1,0.7601,3
2022-07-13 17:25:00,SHORT,33.84,33.67,tp,0.004025,1,0.7064,3
2022-07-13 17:30:00,LONG,33.72,33.89,tp,0.004,1,0.8132,3
2022-07-13 18:00:00,LONG,33.69,33.86,tp,0.004,1,0.8263,3
2022-07-13 18:15:00,LONG,33.74,33.91,tp,0.004,1,0.6629,3
2022-07-13 18:30:00,LONG,33.75,33.92,tp,0.004,1,0.7698,3
2022-07-13 19:00:00,SHORT,33.87,33.7,tp,0.004025,1,0.7416,3
2022-07-13 19:05:00,LONG,33.83,33.73,sl,-0.004,0,0.6517,3
2022-07-13 19:50:00,LONG,33.63,33.79,tp,0.004,1,0.7122,3
2022-07-13 22:00:00,SHORT,34.21,34.04,tp,0.004025,1,0.6694,3
2022-07-13 22:10:00,LONG,34.1,34.27,tp,0.004,1,0.7529,3
2022-07-13 22:25:00,LONG,34.26,34.15,sl,-0.004,0,0.7172,3
2022-07-13 22:30:00,SHORT,34.35,34.18,tp,0.004025,1,0.8394,3
2022-07-13 22:40:00,LONG,34.08,34.25,tp,0.004,1,0.7862,3
2022-07-13 23:15:00,SHORT,34.78,34.89,sl,-0.003991,0,0.7075,3
2022-07-13 23:40:00,LONG,34.93,34.82,sl,-0.004,0,0.6534,3
2022-07-14 00:00:00,SHORT,35.23,35.06,tp,0.004025,1,0.8527,3
2022-07-14 00:50:00,SHORT,34.83,34.66,tp,0.004025,1,0.8305,3
2022-07-14 02:00:00,SHORT,35.1,34.93,tp,0.004025,1,0.7595,3
2022-07-14 02:35:00,SHORT,34.9,34.73,tp,0.004025,1,0.7091,3
2022-07-14 02:55:00,LONG,34.62,34.79,tp,0.004,1,0.6991,3
2022-07-14 03:50:00,LONG,34.58,34.47,sl,-0.004,0,0.7234,3
2022-07-14 04:30:00,SHORT,34.53,34.64,sl,-0.003991,0,0.6839,3
2022-07-14 04:55:00,LONG,34.39,34.56,tp,0.004,1,0.6723,3
2022-07-14 05:50:00,LONG,34.42,34.31,sl,-0.004,0,0.6865,3
2022-07-14 06:30:00,LONG,34.32,34.49,tp,0.004,1,0.7393,3
2022-07-14 06:45:00,SHORT,34.46,34.29,tp,0.004025,1,0.654,3
2022-07-14 06:50:00,LONG,34.38,34.27,sl,-0.004,0,0.7086,3
2022-07-14 07:05:00,LONG,34.21,34.38,tp,0.004,1,0.7961,3
2022-07-14 08:00:00,SHORT,34.4,34.23,tp,0.004025,1,0.6887,3
2022-07-14 08:05:00,LONG,34.31,34.2,sl,-0.004,0,0.6662,3
2022-07-14 08:20:00,LONG,34.26,34.15,sl,-0.004,0,0.6846,3
2022-07-14 09:15:00,SHORT,33.83,33.93,sl,-0.003991,0,0.7169,3
2022-07-14 11:30:00,LONG,33.7,33.87,tp,0.004,1,0.669,3
2022-07-14 12:35:00,SHORT,34.07,33.9,tp,0.004025,1,0.701,3
2022-07-14 13:00:00,SHORT,34.04,33.87,tp,0.004025,1,0.6974,3
2022-07-14 13:10:00,LONG,33.89,33.79,sl,-0.004,0,0.7418,3
2022-07-14 13:50:00,SHORT,33.95,33.78,tp,0.004025,1,0.7885,3
2022-07-14 14:05:00,LONG,33.8,33.97,tp,0.004,1,0.7029,3
2022-07-14 15:10:00,LONG,34.31,34.48,tp,0.004,1,0.6828,3
2022-07-14 16:00:00,SHORT,35.24,35.07,tp,0.004025,1,0.8582,3
2022-07-14 16:05:00,LONG,35.02,35.19,tp,0.004,1,0.7701,3
2022-07-14 16:15:00,LONG,35.33,35.22,sl,-0.004,0,0.6779,3
2022-07-14 16:20:00,SHORT,35.32,35.15,tp,0.004025,1,0.7327,3
2022-07-14 17:20:00,LONG,35.53,35.71,tp,0.004,1,0.734,3
2022-07-14 17:30:00,SHORT,35.86,35.97,sl,-0.003991,0,0.6714,3
2022-07-14 17:55:00,LONG,36.56,36.74,tp,0.004,1,0.6894,3
2022-07-14 18:00:00,LONG,36.56,36.74,tp,0.004,1,0.6847,3
2022-07-14 18:10:00,SHORT,36.61,36.72,sl,-0.003991,0,0.6951,3
2022-07-14 18:25:00,SHORT,36.75,36.57,tp,0.004025,1,0.8481,3
2022-07-14 18:40:00,LONG,36.56,36.74,tp,0.004,1,0.763,3
2022-07-14 19:10:00,LONG,36.63,36.81,tp,0.004,1,0.7162,3
2022-07-14 19:50:00,SHORT,36.47,36.58,sl,-0.003991,0,0.678,3
2022-07-14 20:25:00,SHORT,36.72,36.83,sl,-0.003991,0,0.8324,3
2022-07-14 20:40:00,SHORT,36.83,36.65,tp,0.004025,1,0.8201,3
2022-07-14 22:20:00,LONG,36.51,36.69,tp,0.004,1,0.8557,3
2022-07-14 22:35:00,SHORT,36.71,36.82,sl,-0.003991,0,0.6637,3
2022-07-14 22:55:00,SHORT,36.73,36.84,sl,-0.003991,0,0.6732,3
2022-07-15 00:20:00,LONG,36.71,36.6,sl,-0.004,0,0.8094,3
2022-07-15 00:45:00,SHORT,36.87,36.98,sl,-0.003991,0,0.7393,3
2022-07-15 01:20:00,LONG,36.88,37.06,tp,0.004,1,0.7266,3
2022-07-15 02:10:00,LONG,37.52,37.41,sl,-0.004,0,0.7229,3
2022-07-15 03:20:00,LONG,37.07,37.25,tp,0.004,1,0.7925,3
2022-07-15 03:35:00,SHORT,37.09,37.2,sl,-0.003991,0,0.6639,3
2022-07-15 03:45:00,LONG,37.15,37.33,tp,0.004,1,0.6919,3
2022-07-15 04:45:00,SHORT,37.16,36.98,tp,0.004025,1,0.7305,3
2022-07-15 04:55:00,LONG,37.1,36.99,sl,-0.004,0,0.7315,3
2022-07-15 05:05:00,SHORT,37.15,36.97,tp,0.004025,1,0.7054,3
2022-07-15 05:15:00,LONG,37.1,36.99,sl,-0.004,0,0.754,3
2022-07-15 05:30:00,LONG,36.9,37.08,tp,0.004,1,0.8286,3
2022-07-15 06:05:00,LONG,37.08,36.97,sl,-0.004,0,0.6808,3
2022-07-15 06:20:00,LONG,37.09,36.98,sl,-0.004,0,0.6608,3
2022-07-15 06:50:00,LONG,36.8,36.98,tp,0.004,1,0.8132,3
2022-07-15 07:35:00,SHORT,37.26,37.37,sl,-0.003991,0,0.6786,3
2022-07-15 08:05:00,SHORT,37.72,37.83,sl,-0.003991,0,0.7198,3
2022-07-15 08:20:00,SHORT,37.96,38.07,sl,-0.003991,0,0.6692,3
2022-07-15 08:55:00,LONG,37.88,38.07,tp,0.004,1,0.7787,3
2022-07-15 09:10:00,LONG,38.18,38.37,tp,0.004,1,0.6681,3
2022-07-15 09:45:00,LONG,38.07,38.26,tp,0.004,1,0.696,3
2022-07-15 10:10:00,LONG,38.12,38.0,sl,-0.004,0,0.6572,3
2022-07-15 10:25:00,SHORT,38.14,37.95,tp,0.004025,1,0.7155,3
2022-07-15 10:40:00,LONG,38.05,37.93,sl,-0.004,0,0.6681,3
2022-07-15 11:05:00,LONG,37.94,38.13,tp,0.004,1,0.6864,3
2022-07-15 12:00:00,LONG,37.74,37.63,sl,-0.004,0,0.6789,3
2022-07-15 12:30:00,LONG,37.44,37.63,tp,0.004,1,0.8247,3
2022-07-15 13:05:00,SHORT,38.32,38.13,tp,0.004025,1,0.7334,3
2022-07-15 13:20:00,LONG,37.9,38.09,tp,0.004,1,0.8651,3
2022-07-15 13:45:00,LONG,37.87,37.76,sl,-0.004,0,0.7104,3
2022-07-15 14:00:00,SHORT,38.03,38.15,sl,-0.003991,0,0.7615,3
2022-07-15 14:20:00,LONG,38.03,38.22,tp,0.004,1,0.6593,3
2022-07-15 14:25:00,SHORT,38.24,38.05,tp,0.004025,1,0.8267,3
2022-07-15 14:45:00,LONG,37.9,38.09,tp,0.004,1,0.7492,3
2022-07-15 15:10:00,LONG,38.04,37.92,sl,-0.004,0,0.7751,3
2022-07-15 15:15:00,SHORT,38.07,37.88,tp,0.004025,1,0.7272,3
2022-07-15 15:35:00,LONG,37.83,37.72,sl,-0.004,0,0.7632,3
2022-07-15 16:00:00,SHORT,37.73,37.54,tp,0.004025,1,0.6697,3
2022-07-15 16:55:00,LONG,37.32,37.51,tp,0.004,1,0.7538,3
2022-07-15 17:45:00,SHORT,37.4,37.21,tp,0.004025,1,0.7973,3
2022-07-15 18:00:00,LONG,37.12,37.3,tp,0.004,1,0.7629,3
2022-07-15 19:00:00,SHORT,38.07,37.88,tp,0.004025,1,0.7371,3
2022-07-15 19:55:00,SHORT,38.8,38.61,tp,0.004025,1,0.8507,3
2022-07-15 20:25:00,SHORT,38.76,38.57,tp,0.004025,1,0.7028,3
2022-07-15 20:55:00,LONG,37.8,37.99,tp,0.004,1,0.886,3
2022-07-15 22:00:00,SHORT,37.87,37.68,tp,0.004025,1,0.6779,3
2022-07-15 22:15:00,LONG,37.67,37.86,tp,0.004,1,0.6778,3
2022-07-15 22:50:00,SHORT,37.82,37.63,tp,0.004025,1,0.6638,3
2022-07-15 23:00:00,LONG,37.71,37.6,sl,-0.004,0,0.709,3
2022-07-16 00:00:00,LONG,37.37,37.26,sl,-0.004,0,0.6644,3
2022-07-16 00:40:00,LONG,36.95,36.84,sl,-0.004,0,0.7933,3
2022-07-16 01:05:00,LONG,36.83,37.01,tp,0.004,1,0.8472,3
2022-07-16 01:25:00,SHORT,37.09,36.91,tp,0.004025,1,0.7063,3
2022-07-16 01:45:00,LONG,36.95,36.84,sl,-0.004,0,0.772,3
2022-07-16 02:15:00,LONG,36.82,37.0,tp,0.004,1,0.7091,3
2022-07-16 03:15:00,SHORT,37.13,37.24,sl,-0.003991,0,0.6508,3
2022-07-16 03:35:00,LONG,37.13,37.02,sl,-0.004,0,0.6873,3
2022-07-16 04:00:00,LONG,37.13,37.02,sl,-0.004,0,0.6562,3
2022-07-16 06:15:00,LONG,36.71,36.6,sl,-0.004,0,0.6602,3
2022-07-16 08:35:00,SHORT,36.69,36.51,tp,0.004025,1,0.65,3
2022-07-16 12:55:00,LONG,37.08,37.26,tp,0.004,1,0.7462,3
2022-07-16 13:50:00,LONG,37.32,37.51,tp,0.004,1,0.6848,3
2022-07-16 14:40:00,LONG,37.24,37.42,tp,0.004,1,0.6927,3
2022-07-16 15:10:00,SHORT,37.73,37.84,sl,-0.003991,0,0.6883,3
2022-07-16 16:10:00,SHORT,38.86,38.67,tp,0.004025,1,0.7449,3
2022-07-16 16:30:00,LONG,39.54,39.42,sl,-0.004,0,0.6716,3
2022-07-16 16:35:00,LONG,39.29,39.49,tp,0.004,1,0.7486,3
2022-07-16 16:50:00,LONG,39.79,39.99,tp,0.004,1,0.7229,3
2022-07-16 17:00:00,SHORT,40.2,40.0,tp,0.004025,1,0.768,3
2022-07-16 17:10:00,LONG,39.85,40.05,tp,0.004,1,0.7073,3
2022-07-16 17:20:00,SHORT,40.0,40.12,sl,-0.003991,0,0.812,3
2022-07-16 17:45:00,SHORT,40.01,39.81,tp,0.004025,1,0.7628,3
2022-07-16 18:20:00,SHORT,39.97,39.77,tp,0.004025,1,0.7806,3
2022-07-16 18:35:00,SHORT,40.06,39.86,tp,0.004025,1,0.6762,3
2022-07-16 18:50:00,LONG,39.94,39.82,sl,-0.004,0,0.7364,3
2022-07-16 19:55:00,LONG,39.44,39.32,sl,-0.004,0,0.697,3
2022-07-16 20:00:00,SHORT,39.43,39.23,tp,0.004025,1,0.6585,3
2022-07-16 20:15:00,SHORT,39.17,38.97,tp,0.004025,1,0.6554,3
2022-07-16 20:55:00,SHORT,39.34,39.14,tp,0.004025,1,0.7777,3
2022-07-16 21:10:00,LONG,39.21,39.41,tp,0.004,1,0.6713,3
2022-07-16 22:55:00,LONG,39.83,39.71,sl,-0.004,0,0.6692,3
2022-07-16 23:30:00,SHORT,39.57,39.69,sl,-0.003991,0,0.6978,3
2022-07-16 23:40:00,LONG,39.47,39.67,tp,0.004,1,0.6913,3
2022-07-17 00:30:00,LONG,40.15,40.35,tp,0.004,1,0.6864,3
2022-07-17 00:35:00,SHORT,40.22,40.34,sl,-0.003991,0,0.6968,3
2022-07-17 00:50:00,SHORT,40.19,39.99,tp,0.004025,1,0.6528,3
2022-07-17 01:45:00,SHORT,39.5,39.62,sl,-0.003991,0,0.8209,3
2022-07-17 02:00:00,LONG,39.45,39.65,tp,0.004,1,0.681,3
2022-07-17 02:30:00,SHORT,39.67,39.47,tp,0.004025,1,0.6841,3
2022-07-17 03:40:00,LONG,39.79,39.99,tp,0.004,1,0.793,3
2022-07-17 04:30:00,LONG,39.92,40.12,tp,0.004,1,0.7253,3
2022-07-17 05:10:00,SHORT,40.41,40.21,tp,0.004025,1,0.7499,3
2022-07-17 05:30:00,LONG,40.03,40.23,tp,0.004,1,0.7173,3
2022-07-17 05:50:00,SHORT,40.17,39.97,tp,0.004025,1,0.6686,3
2022-07-17 05:55:00,LONG,40.0,40.2,tp,0.004,1,0.7113,3
2022-07-17 06:25:00,LONG,40.67,40.87,tp,0.004,1,0.6832,3
2022-07-17 06:30:00,LONG,40.75,40.95,tp,0.004,1,0.7663,3
2022-07-17 06:35:00,LONG,40.8,41.0,tp,0.004,1,0.7225,3
2022-07-17 06:40:00,LONG,40.84,41.04,tp,0.004,1,0.7002,3
2022-07-17 06:55:00,SHORT,40.97,40.76,tp,0.004025,1,0.7734,3
2022-07-17 07:35:00,SHORT,40.65,40.45,tp,0.004025,1,0.687,3
2022-07-17 07:40:00,LONG,40.48,40.36,sl,-0.004,0,0.7481,3
2022-07-17 07:55:00,LONG,40.37,40.57,tp,0.004,1,0.8367,3
2022-07-17 08:40:00,LONG,40.09,39.97,sl,-0.004,0,0.6691,3
2022-07-17 09:05:00,SHORT,40.19,39.99,tp,0.004025,1,0.7021,3
2022-07-17 09:30:00,LONG,39.74,39.62,sl,-0.004,0,0.6817,3
2022-07-17 09:45:00,SHORT,39.8,39.6,tp,0.004025,1,0.7083,3
2022-07-17 10:15:00,LONG,39.4,39.6,tp,0.004,1,0.7163,3
2022-07-17 10:35:00,SHORT,39.59,39.71,sl,-0.003991,0,0.6727,3
2022-07-17 11:15:00,LONG,39.83,39.71,sl,-0.004,0,0.6876,3
2022-07-17 11:35:00,LONG,39.58,39.46,sl,-0.004,0,0.688,3
2022-07-17 13:05:00,LONG,39.18,39.06,sl,-0.004,0,0.7367,3
2022-07-17 14:30:00,SHORT,39.49,39.61,sl,-0.003991,0,0.8174,3
2022-07-17 14:45:00,SHORT,39.55,39.35,tp,0.004025,1,0.7102,3
2022-07-17 14:55:00,LONG,39.41,39.29,sl,-0.004,0,0.7459,3
2022-07-17 15:20:00,SHORT,39.5,39.3,tp,0.004025,1,0.7349,3
2022-07-17 16:40:00,SHORT,39.0,39.12,sl,-0.003991,0,0.7049,3
2022-07-17 17:20:00,SHORT,39.66,39.46,tp,0.004025,1,0.7529,3
2022-07-17 17:55:00,LONG,38.48,38.67,tp,0.004,1,0.8079,3
2022-07-17 18:20:00,SHORT,38.76,38.57,tp,0.004025,1,0.7959,3
2022-07-17 18:40:00,SHORT,38.8,38.61,tp,0.004025,1,0.8339,3
2022-07-17 18:55:00,LONG,38.64,38.83,tp,0.004,1,0.7682,3
2022-07-17 19:10:00,LONG,38.66,38.85,tp,0.004,1,0.7714,3
2022-07-17 19:35:00,LONG,39.1,38.98,sl,-0.004,0,0.711,3
2022-07-17 19:40:00,SHORT,39.15,38.95,tp,0.004025,1,0.6573,3
2022-07-17 20:40:00,LONG,38.94,39.13,tp,0.004,1,0.6984,3
2022-07-17 20:50:00,SHORT,39.15,38.95,tp,0.004025,1,0.6956,3
2022-07-17 21:30:00,SHORT,39.46,39.26,tp,0.004025,1,0.6942,3
2022-07-17 23:50:00,LONG,38.57,38.76,tp,0.004,1,0.8155,3
2022-07-18 00:30:00,SHORT,39.2,39.0,tp,0.004025,1,0.8318,3
2022-07-18 00:50:00,LONG,38.79,38.98,tp,0.004,1,0.6953,3
2022-07-18 01:35:00,LONG,39.36,39.56,tp,0.004,1,0.71,3
2022-07-18 02:45:00,LONG,40.4,40.6,tp,0.004,1,0.6979,3
2022-07-18 02:55:00,LONG,40.61,40.81,tp,0.004,1,0.6937,3
2022-07-18 03:05:00,SHORT,40.75,40.55,tp,0.004025,1,0.7332,3
2022-07-18 03:15:00,LONG,40.63,40.51,sl,-0.004,0,0.7004,3
2022-07-18 03:25:00,SHORT,40.72,40.52,tp,0.004025,1,0.6886,3
2022-07-18 04:20:00,LONG,40.32,40.52,tp,0.004,1,0.7521,3
2022-07-18 04:40:00,SHORT,40.85,40.97,sl,-0.003991,0,0.6561,3
2022-07-18 05:10:00,LONG,41.45,41.66,tp,0.004,1,0.7318,3
2022-07-18 05:15:00,LONG,41.81,41.69,sl,-0.004,0,0.6938,3
2022-07-18 06:35:00,SHORT,42.25,42.38,sl,-0.003991,0,0.7899,3
2022-07-18 06:45:00,LONG,42.29,42.16,sl,-0.004,0,0.6618,3
2022-07-18 06:50:00,SHORT,42.28,42.41,sl,-0.003991,0,0.8101,3
2022-07-18 07:20:00,LONG,41.97,42.18,tp,0.004,1,0.7076,3
2022-07-18 07:30:00,SHORT,42.01,42.14,sl,-0.003991,0,0.76,3
2022-07-18 08:05:00,SHORT,42.39,42.52,sl,-0.003991,0,0.7836,3
2022-07-18 08:35:00,LONG,41.87,42.08,tp,0.004,1,0.7625,3
2022-07-18 09:00:00,SHORT,42.12,42.25,sl,-0.003991,0,0.7314,3
2022-07-18 09:20:00,LONG,42.22,42.09,sl,-0.004,0,0.6501,3
2022-07-18 09:45:00,LONG,42.07,41.94,sl,-0.004,0,0.736,3
2022-07-18 09:55:00,SHORT,42.14,42.27,sl,-0.003991,0,0.6948,3
2022-07-18 10:35:00,LONG,42.05,41.92,sl,-0.004,0,0.7015,3
2022-07-18 11:20:00,LONG,41.91,41.79,sl,-0.004,0,0.7049,3
2022-07-18 11:30:00,SHORT,42.04,41.83,tp,0.004025,1,0.7123,3
2022-07-18 11:40:00,SHORT,41.66,41.45,tp,0.004025,1,0.6626,3
2022-07-18 11:45:00,LONG,41.38,41.59,tp,0.004,1,0.8669,3
2022-07-18 11:55:00,SHORT,41.61,41.4,tp,0.004025,1,0.7009,3
2022-07-18 12:20:00,LONG,41.26,41.47,tp,0.004,1,0.8739,3
2022-07-18 12:55:00,SHORT,42.09,42.22,sl,-0.003991,0,0.8315,3
2022-07-18 13:30:00,SHORT,42.15,41.94,tp,0.004025,1,0.7416,3
2022-07-18 13:40:00,LONG,41.99,41.87,sl,-0.004,0,0.7031,3
2022-07-18 14:25:00,LONG,41.64,41.85,tp,0.004,1,0.6666,3
2022-07-18 14:30:00,SHORT,41.78,41.9,sl,-0.003991,0,0.763,3
2022-07-18 15:00:00,SHORT,41.94,42.06,sl,-0.003991,0,0.8147,3
2022-07-18 15:15:00,LONG,41.9,41.78,sl,-0.004,0,0.6603,3
2022-07-18 15:20:00,SHORT,41.94,42.06,sl,-0.003991,0,0.7781,3
2022-07-18 15:30:00,LONG,41.86,42.07,tp,0.004,1,0.6976,3
2022-07-18 15:55:00,SHORT,42.29,42.42,sl,-0.003991,0,0.6998,3
2022-07-18 16:10:00,LONG,41.91,41.79,sl,-0.004,0,0.6524,3
2022-07-18 16:40:00,LONG,41.95,41.83,sl,-0.004,0,0.7988,3
2022-07-18 17:00:00,SHORT,41.94,41.73,tp,0.004025,1,0.7934,3
2022-07-18 17:20:00,LONG,41.3,41.51,tp,0.004,1,0.7571,3
2022-07-18 17:50:00,SHORT,41.01,40.8,tp,0.004025,1,0.7704,3
2022-07-18 18:10:00,LONG,40.62,40.5,sl,-0.004,0,0.7369,3
2022-07-18 18:25:00,LONG,40.49,40.37,sl,-0.004,0,0.8088,3
2022-07-18 19:10:00,LONG,39.87,40.07,tp,0.004,1,0.7017,3
2022-07-18 19:45:00,LONG,39.8,40.0,tp,0.004,1,0.8504,3
2022-07-18 20:20:00,SHORT,40.2,40.0,tp,0.004025,1,0.8216,3
2022-07-18 20:40:00,LONG,40.06,40.26,tp,0.004,1,0.6688,3
2022-07-18 21:10:00,SHORT,40.32,40.44,sl,-0.003991,0,0.821,3
2022-07-18 21:45:00,LONG,40.42,40.3,sl,-0.004,0,0.655,3
2022-07-18 22:05:00,LONG,40.25,40.45,tp,0.004,1,0.7779,3
2022-07-18 22:10:00,SHORT,40.55,40.35,tp,0.004025,1,0.7658,3
2022-07-18 23:10:00,LONG,41.64,41.85,tp,0.004,1,0.7059,3
2022-07-18 23:25:00,LONG,41.93,42.14,tp,0.004,1,0.7075,3
2022-07-18 23:45:00,LONG,43.06,43.28,tp,0.004,1,0.7489,3
2022-07-18 23:50:00,LONG,43.7,43.92,tp,0.004,1,0.6709,3
2022-07-18 23:55:00,LONG,43.54,43.41,sl,-0.004,0,0.7756,3
2022-07-19 00:05:00,LONG,44.83,45.06,tp,0.004,1,0.7808,3
2022-07-19 00:10:00,SHORT,44.86,44.63,tp,0.004025,1,0.7457,3
2022-07-19 00:25:00,SHORT,44.01,43.79,tp,0.004025,1,0.6503,3
2022-07-19 00:35:00,LONG,43.64,43.86,tp,0.004,1,0.8468,3
2022-07-19 00:45:00,LONG,44.38,44.6,tp,0.004,1,0.6818,3
2022-07-19 00:50:00,SHORT,44.53,44.31,tp,0.004025,1,0.7247,3
2022-07-19 01:45:00,LONG,43.3,43.17,sl,-0.004,0,0.6663,3
2022-07-19 02:05:00,LONG,43.17,43.04,sl,-0.004,0,0.7013,3
2022-07-19 03:00:00,LONG,43.23,43.45,tp,0.004,1,0.7742,3
2022-07-19 03:20:00,SHORT,43.85,43.98,sl,-0.003991,0,0.721,3
2022-07-19 03:50:00,SHORT,43.12,42.9,tp,0.004025,1,0.7029,3
2022-07-19 04:40:00,SHORT,43.29,43.42,sl,-0.003991,0,0.7449,3
2022-07-19 05:05:00,LONG,43.18,43.4,tp,0.004,1,0.8064,3
2022-07-19 05:35:00,SHORT,43.89,43.67,tp,0.004025,1,0.8474,3
2022-07-19 06:10:00,LONG,43.4,43.62,tp,0.004,1,0.7462,3
2022-07-19 06:30:00,SHORT,43.97,43.75,tp,0.004025,1,0.7188,3
2022-07-19 06:45:00,LONG,42.89,43.11,tp,0.004,1,0.875,3
2022-07-19 07:10:00,SHORT,43.37,43.15,tp,0.004025,1,0.81,3
2022-07-19 07:30:00,LONG,43.08,43.3,tp,0.004,1,0.8451,3
2022-07-19 08:15:00,SHORT,44.02,43.8,tp,0.004025,1,0.7981,3
2022-07-19 08:25:00,LONG,43.57,43.79,tp,0.004,1,0.8489,3
2022-07-19 08:50:00,LONG,44.11,44.33,tp,0.004,1,0.6556,3
2022-07-19 09:15:00,LONG,44.4,44.62,tp,0.004,1,0.6551,3
2022-07-19 09:35:00,SHORT,44.61,44.38,tp,0.004025,1,0.7055,3
2022-07-19 10:10:00,SHORT,44.91,44.68,tp,0.004025,1,0.7806,3
2022-07-19 10:15:00,LONG,44.54,44.76,tp,0.004,1,0.815,3
2022-07-19 10:25:00,SHORT,44.99,45.12,sl,-0.003991,0,0.698,3
2022-07-19 11:00:00,LONG,45.25,45.48,tp,0.004,1,0.7887,3
2022-07-19 11:20:00,LONG,45.39,45.62,tp,0.004,1,0.7378,3
2022-07-19 11:35:00,SHORT,45.7,45.47,tp,0.004025,1,0.7441,3
2022-07-19 11:45:00,LONG,45.55,45.78,tp,0.004,1,0.6543,3
2022-07-19 11:50:00,SHORT,45.69,45.46,tp,0.004025,1,0.7314,3
2022-07-19 12:35:00,LONG,46.02,46.25,tp,0.004,1,0.68,3
2022-07-19 12:40:00,LONG,45.99,46.22,tp,0.004,1,0.7767,3
2022-07-19 12:45:00,LONG,46.49,46.73,tp,0.004,1,0.6714,3
2022-07-19 13:25:00,LONG,47.16,47.02,sl,-0.004,0,0.7245,3
2022-07-19 13:45:00,LONG,46.45,46.69,tp,0.004,1,0.7699,3
2022-07-19 13:55:00,SHORT,46.98,46.74,tp,0.004025,1,0.8241,3
2022-07-19 14:15:00,LONG,46.08,46.31,tp,0.004,1,0.8458,3
2022-07-19 14:35:00,LONG,46.12,46.35,tp,0.004,1,0.7219,3
2022-07-19 15:40:00,LONG,45.92,46.15,tp,0.004,1,0.751,3
2022-07-19 16:15:00,LONG,46.36,46.59,tp,0.004,1,0.7899,3
2022-07-19 16:30:00,SHORT,47.1,46.86,tp,0.004025,1,0.8288,3
2022-07-19 17:20:00,LONG,46.15,46.38,tp,0.004,1,0.7408,3
2022-07-19 17:30:00,SHORT,46.4,46.54,sl,-0.003991,0,0.7631,3
2022-07-19 18:00:00,SHORT,46.59,46.35,tp,0.004025,1,0.6517,3
2022-07-19 18:30:00,SHORT,46.11,45.88,tp,0.004025,1,0.827,3
2022-07-19 18:45:00,LONG,45.81,46.04,tp,0.004,1,0.7121,3
2022-07-19 19:10:00,SHORT,46.28,46.05,tp,0.004025,1,0.8448,3
2022-07-19 19:30:00,LONG,45.49,45.72,tp,0.004,1,0.8814,3
2022-07-19 20:05:00,SHORT,45.56,45.33,tp,0.004025,1,0.6901,3
2022-07-19 20:10:00,LONG,45.44,45.67,tp,0.004,1,0.8293,3
2022-07-19 20:25:00,SHORT,45.49,45.62,sl,-0.003991,0,0.6599,3
2022-07-19 20:40:00,LONG,45.18,45.41,tp,0.004,1,0.7615,3
2022-07-19 21:00:00,SHORT,45.47,45.6,sl,-0.003991,0,0.7279,3
2022-07-19 21:05:00,LONG,45.43,45.66,tp,0.004,1,0.731,3
2022-07-19 21:20:00,SHORT,45.87,46.0,sl,-0.003991,0,0.6655,3
2022-07-19 21:55:00,SHORT,45.97,45.74,tp,0.004025,1,0.6807,3
2022-07-19 22:40:00,LONG,45.12,45.35,tp,0.004,1,0.8674,3
2022-07-19 23:20:00,LONG,45.12,45.35,tp,0.004,1,0.8438,3
2022-07-19 23:40:00,LONG,44.74,44.97,tp,0.004,1,0.8259,3
2022-07-20 00:05:00,SHORT,44.9,44.67,tp,0.004025,1,0.7316,3
2022-07-20 00:15:00,LONG,44.53,44.75,tp,0.004,1,0.7612,3
2022-07-20 00:40:00,LONG,44.25,44.12,sl,-0.004,0,0.8254,3
2022-07-20 00:55:00,LONG,44.33,44.2,sl,-0.004,0,0.6961,3
2022-07-20 01:25:00,SHORT,44.74,44.87,sl,-0.003991,0,0.8239,3
2022-07-20 01:35:00,LONG,44.69,44.92,tp,0.004,1,0.7578,3
2022-07-20 02:05:00,LONG,44.73,44.96,tp,0.004,1,0.7504,3
2022-07-20 03:05:00,LONG,45.11,45.34,tp,0.004,1,0.6652,3
2022-07-20 03:30:00,LONG,45.53,45.76,tp,0.004,1,0.7389,3
2022-07-20 04:00:00,LONG,45.47,45.7,tp,0.004,1,0.7301,3
2022-07-20 05:50:00,LONG,45.45,45.68,tp,0.004,1,0.7393,3
2022-07-20 06:10:00,LONG,45.59,45.82,tp,0.004,1,0.6665,3
2022-07-20 06:15:00,LONG,45.68,45.55,sl,-0.004,0,0.8102,3
2022-07-20 06:25:00,SHORT,45.79,45.56,tp,0.004025,1,0.6903,3
2022-07-20 07:20:00,LONG,45.27,45.14,sl,-0.004,0,0.8391,3
2022-07-20 08:15:00,SHORT,44.62,44.39,tp,0.004025,1,0.8147,3
2022-07-20 08:45:00,SHORT,44.4,44.18,tp,0.004025,1,0.6632,3
2022-07-20 08:55:00,LONG,43.95,43.82,sl,-0.004,0,0.6896,3
2022-07-20 09:45:00,SHORT,44.67,44.8,sl,-0.003991,0,0.6757,3
2022-07-20 10:25:00,SHORT,45.37,45.14,tp,0.004025,1,0.6936,3
2022-07-20 10:45:00,LONG,44.95,45.18,tp,0.004,1,0.8094,3
2022-07-20 11:35:00,SHORT,45.05,44.82,tp,0.004025,1,0.6852,3
2022-07-20 11:45:00,LONG,44.89,45.12,tp,0.004,1,0.7701,3
2022-07-20 12:30:00,SHORT,45.64,45.41,tp,0.004025,1,0.8303,3
2022-07-20 12:40:00,LONG,45.02,45.25,tp,0.004,1,0.8035,3
2022-07-20 13:35:00,SHORT,45.86,45.99,sl,-0.003991,0,0.6543,3
2022-07-20 14:50:00,SHORT,46.01,45.78,tp,0.004025,1,0.8284,3
2022-07-20 15:20:00,LONG,45.47,45.7,tp,0.004,1,0.7612,3
2022-07-20 15:30:00,SHORT,45.64,45.41,tp,0.004025,1,0.7051,3
2022-07-20 15:50:00,SHORT,45.41,45.18,tp,0.004025,1,0.6638,3
2022-07-20 16:15:00,SHORT,44.91,44.68,tp,0.004025,1,0.697,3
2022-07-20 16:40:00,LONG,43.7,43.92,tp,0.004,1,0.8525,3
2022-07-20 17:10:00,LONG,43.32,43.54,tp,0.004,1,0.8256,3
2022-07-20 17:35:00,SHORT,43.6,43.73,sl,-0.003991,0,0.7301,3
2022-07-20 17:55:00,LONG,43.27,43.49,tp,0.004,1,0.8686,3
2022-07-20 18:20:00,SHORT,44.0,43.78,tp,0.004025,1,0.8443,3
2022-07-20 18:40:00,SHORT,43.7,43.83,sl,-0.003991,0,0.6531,3
2022-07-20 18:55:00,LONG,43.74,43.96,tp,0.004,1,0.6535,3
2022-07-20 20:00:00,SHORT,43.47,43.25,tp,0.004025,1,0.8109,3
2022-07-20 20:10:00,LONG,41.93,41.81,sl,-0.004,0,0.6546,3
2022-07-20 20:20:00,LONG,41.82,42.03,tp,0.004,1,0.7117,3
2022-07-20 20:25:00,LONG,41.64,41.85,tp,0.004,1,0.6729,3
2022-07-20 20:50:00,SHORT,42.25,42.04,tp,0.004025,1,0.7684,3
2022-07-20 21:30:00,LONG,42.62,42.83,tp,0.004,1,0.8083,3
2022-07-20 22:15:00,LONG,43.12,42.99,sl,-0.004,0,0.6873,3
2022-07-20 23:15:00,LONG,41.9,42.11,tp,0.004,1,0.8412,3
2022-07-20 23:55:00,LONG,42.06,42.27,tp,0.004,1,0.7745,3
2022-07-21 00:15:00,SHORT,42.39,42.18,tp,0.004025,1,0.7962,3
2022-07-21 00:45:00,LONG,41.31,41.52,tp,0.004,1,0.7108,3
2022-07-21 01:10:00,SHORT,42.17,41.96,tp,0.004025,1,0.6893,3
2022-07-21 01:50:00,LONG,41.39,41.6,tp,0.004,1,0.7958,3
2022-07-21 02:30:00,SHORT,40.88,40.68,tp,0.004025,1,0.6976,3
2022-07-21 03:00:00,LONG,40.22,40.1,sl,-0.004,0,0.7131,3
2022-07-21 03:15:00,LONG,40.37,40.25,sl,-0.004,0,0.6656,3
2022-07-21 03:35:00,SHORT,40.33,40.13,tp,0.004025,1,0.7353,3
2022-07-21 04:00:00,SHORT,40.02,39.82,tp,0.004025,1,0.653,3
2022-07-21 04:05:00,LONG,39.78,39.98,tp,0.004,1,0.8069,3
2022-07-21 04:50:00,SHORT,40.71,40.51,tp,0.004025,1,0.7514,3
2022-07-21 05:00:00,LONG,40.62,40.82,tp,0.004,1,0.7721,3
2022-07-21 05:20:00,SHORT,40.84,40.96,sl,-0.003991,0,0.6537,3
2022-07-21 05:55:00,LONG,40.93,40.81,sl,-0.004,0,0.6818,3
2022-07-21 06:30:00,LONG,40.73,40.93,tp,0.004,1,0.6899,3
2022-07-21 06:35:00,SHORT,40.88,40.68,tp,0.004025,1,0.8054,3
2022-07-21 06:45:00,LONG,40.57,40.77,tp,0.004,1,0.8035,3
2022-07-21 07:25:00,SHORT,41.42,41.21,tp,0.004025,1,0.8412,3
2022-07-21 08:00:00,SHORT,41.15,40.94,tp,0.004025,1,0.8294,3
2022-07-21 08:20:00,LONG,40.9,41.1,tp,0.004,1,0.8111,3
2022-07-21 08:35:00,SHORT,41.22,41.01,tp,0.004025,1,0.7122,3
2022-07-21 08:45:00,LONG,40.98,41.19,tp,0.004,1,0.6761,3
2022-07-21 08:50:00,SHORT,41.0,41.12,sl,-0.003991,0,0.6619,3
2022-07-21 09:25:00,SHORT,41.32,41.44,sl,-0.003991,0,0.6656,3
2022-07-21 10:55:00,LONG,40.91,41.11,tp,0.004,1,0.7954,3
2022-07-21 11:15:00,SHORT,41.16,41.28,sl,-0.003991,0,0.6501,3
2022-07-21 11:35:00,LONG,41.27,41.48,tp,0.004,1,0.76,3
2022-07-21 11:55:00,SHORT,41.74,41.53,tp,0.004025,1,0.7586,3
2022-07-21 12:20:00,LONG,42.14,42.35,tp,0.004,1,0.6896,3
2022-07-21 12:35:00,SHORT,42.4,42.19,tp,0.004025,1,0.8701,3
2022-07-21 14:10:00,LONG,41.65,41.86,tp,0.004,1,0.7519,3
2022-07-21 14:15:00,SHORT,41.93,41.72,tp,0.004025,1,0.8314,3
2022-07-21 14:30:00,LONG,40.88,41.08,tp,0.004,1,0.8992,3
2022-07-21 15:15:00,SHORT,41.77,41.89,sl,-0.003991,0,0.8522,3
2022-07-21 15:25:00,LONG,41.78,41.99,tp,0.004,1,0.6784,3
2022-07-21 15:45:00,LONG,41.77,41.98,tp,0.004,1,0.7759,3
2022-07-21 16:40:00,LONG,42.79,43.01,tp,0.004,1,0.8031,3
2022-07-21 17:15:00,SHORT,43.52,43.3,tp,0.004025,1,0.8491,3
2022-07-21 17:30:00,LONG,43.01,42.88,sl,-0.004,0,0.7911,3
2022-07-21 17:50:00,LONG,42.93,43.15,tp,0.004,1,0.6814,3
2022-07-21 18:05:00,SHORT,43.24,43.02,tp,0.004025,1,0.8197,3
2022-07-21 18:30:00,LONG,42.76,42.98,tp,0.004,1,0.7462,3
2022-07-21 19:10:00,SHORT,43.79,43.57,tp,0.004025,1,0.8509,3
2022-07-21 20:20:00,LONG,43.38,43.6,tp,0.004,1,0.711,3
2022-07-21 20:40:00,SHORT,43.47,43.6,sl,-0.003991,0,0.7001,3
2022-07-21 21:05:00,SHORT,43.3,43.43,sl,-0.003991,0,0.6769,3
2022-07-21 21:10:00,LONG,43.16,43.38,tp,0.004,1,0.8486,3
2022-07-21 21:25:00,SHORT,43.41,43.19,tp,0.004025,1,0.8087,3
2022-07-21 21:35:00,LONG,43.15,43.02,sl,-0.004,0,0.751,3
2022-07-21 21:55:00,SHORT,43.27,43.05,tp,0.004025,1,0.7352,3
2022-07-21 22:05:00,SHORT,42.97,42.75,tp,0.004025,1,0.7002,3
2022-07-21 22:25:00,LONG,42.74,42.61,sl,-0.004,0,0.6899,3
2022-07-21 23:15:00,LONG,43.37,43.24,sl,-0.004,0,0.6512,3
2022-07-21 23:25:00,SHORT,43.39,43.52,sl,-0.003991,0,0.6613,3
2022-07-22 00:30:00,SHORT,43.39,43.17,tp,0.004025,1,0.7695,3
2022-07-22 01:10:00,SHORT,43.16,42.94,tp,0.004025,1,0.6876,3
2022-07-22 02:00:00,SHORT,42.91,42.69,tp,0.004025,1,0.7684,3
2022-07-22 02:10:00,LONG,42.61,42.82,tp,0.004,1,0.8476,3
2022-07-22 02:50:00,SHORT,42.91,42.69,tp,0.004025,1,0.6973,3
2022-07-22 02:55:00,LONG,42.72,42.93,tp,0.004,1,0.7076,3
2022-07-22 04:45:00,SHORT,42.5,42.63,sl,-0.003991,0,0.6894,3
2022-07-22 05:10:00,LONG,42.36,42.57,tp,0.004,1,0.6972,3
2022-07-22 05:45:00,LONG,42.8,43.02,tp,0.004,1,0.7214,3
2022-07-22 05:55:00,SHORT,43.11,42.89,tp,0.004025,1,0.8079,3
2022-07-22 06:25:00,LONG,42.97,43.19,tp,0.004,1,0.6982,3
2022-07-22 06:45:00,SHORT,43.18,42.96,tp,0.004025,1,0.6999,3
2022-07-22 07:25:00,SHORT,43.22,43.35,sl,-0.003991,0,0.6776,3
2022-07-22 07:55:00,SHORT,43.03,43.16,sl,-0.003991,0,0.6945,3
2022-07-22 08:10:00,SHORT,43.25,43.38,sl,-0.003991,0,0.8033,3
2022-07-22 09:00:00,LONG,43.73,43.95,tp,0.004,1,0.7075,3
2022-07-22 09:10:00,LONG,43.95,44.17,tp,0.004,1,0.6794,3
2022-07-22 09:40:00,LONG,43.97,43.84,sl,-0.004,0,0.7568,3
2022-07-22 09:55:00,LONG,43.93,43.8,sl,-0.004,0,0.6539,3
2022-07-22 10:40:00,SHORT,44.07,43.85,tp,0.004025,1,0.772,3
2022-07-22 10:55:00,LONG,43.6,43.82,tp,0.004,1,0.7924,3
2022-07-22 12:00:00,SHORT,44.13,43.91,tp,0.004025,1,0.6966,3
2022-07-22 13:00:00,LONG,43.62,43.84,tp,0.004,1,0.8072,3
2022-07-22 13:15:00,SHORT,43.81,43.59,tp,0.004025,1,0.7454,3
2022-07-22 13:25:00,SHORT,43.38,43.51,sl,-0.003991,0,0.6643,3
2022-07-22 14:00:00,SHORT,42.88,42.66,tp,0.004025,1,0.7466,3
2022-07-22 14:05:00,LONG,42.55,42.76,tp,0.004,1,0.8441,3
2022-07-22 14:30:00,SHORT,42.81,42.94,sl,-0.003991,0,0.7556,3
2022-07-22 14:55:00,SHORT,43.04,42.82,tp,0.004025,1,0.6679,3
2022-07-22 15:30:00,SHORT,41.67,41.79,sl,-0.003991,0,0.6671,3
2022-07-22 15:35:00,LONG,41.71,41.59,sl,-0.004,0,0.7806,3
2022-07-22 16:00:00,LONG,41.75,41.63,sl,-0.004,0,0.6548,3
2022-07-22 16:05:00,SHORT,41.74,41.53,tp,0.004025,1,0.7565,3
2022-07-22 16:30:00,SHORT,41.69,41.48,tp,0.004025,1,0.8326,3
2022-07-22 16:40:00,LONG,41.54,41.75,tp,0.004,1,0.667,3
2022-07-22 17:00:00,LONG,41.6,41.81,tp,0.004,1,0.7248,3
2022-07-22 17:05:00,SHORT,41.76,41.55,tp,0.004025,1,0.8194,3
2022-07-22 17:25:00,SHORT,41.34,41.13,tp,0.004025,1,0.7223,3
2022-07-22 17:45:00,SHORT,41.22,41.01,tp,0.004025,1,0.7578,3
2022-07-22 18:05:00,LONG,41.15,41.36,tp,0.004,1,0.8002,3
2022-07-22 18:35:00,SHORT,41.43,41.55,sl,-0.003991,0,0.744,3
2022-07-22 19:45:00,SHORT,40.48,40.28,tp,0.004025,1,0.7098,3
2022-07-22 19:55:00,LONG,40.22,40.42,tp,0.004,1,0.7749,3
2022-07-22 20:40:00,LONG,40.45,40.33,sl,-0.004,0,0.6873,3
2022-07-22 21:05:00,SHORT,40.66,40.78,sl,-0.003991,0,0.6612,3
2022-07-22 21:25:00,SHORT,40.77,40.89,sl,-0.003991,0,0.7389,3
2022-07-22 23:45:00,LONG,40.53,40.41,sl,-0.004,0,0.6745,3
2022-07-23 00:05:00,LONG,40.31,40.51,tp,0.004,1,0.6587,3
2022-07-23 00:30:00,SHORT,40.94,40.73,tp,0.004025,1,0.7399,3
2022-07-23 00:45:00,LONG,40.69,40.89,tp,0.004,1,0.7917,3
2022-07-23 01:15:00,SHORT,41.14,41.26,sl,-0.003991,0,0.7506,3
2022-07-23 01:55:00,LONG,41.12,41.33,tp,0.004,1,0.7123,3
2022-07-23 02:10:00,SHORT,41.38,41.17,tp,0.004025,1,0.7018,3
2022-07-23 02:15:00,LONG,41.22,41.43,tp,0.004,1,0.6821,3
2022-07-23 02:50:00,LONG,41.24,41.15,timeout,-0.003211,0,0.6595,3
2022-07-23 03:35:00,LONG,41.19,41.07,sl,-0.004,0,0.6821,3
2022-07-23 04:35:00,LONG,41.51,41.72,tp,0.004,1,0.7699,3
2022-07-23 04:55:00,LONG,41.65,41.86,tp,0.004,1,0.8356,3
2022-07-23 05:05:00,SHORT,41.88,41.67,tp,0.004025,1,0.7738,3
2022-07-23 06:50:00,SHORT,41.77,41.56,tp,0.004025,1,0.6506,3
2022-07-23 07:50:00,LONG,41.22,41.43,tp,0.004,1,0.7835,3
2022-07-23 08:10:00,SHORT,41.4,41.19,tp,0.004025,1,0.6535,3
2022-07-23 08:25:00,SHORT,41.47,41.26,tp,0.004025,1,0.6898,3
2022-07-23 09:00:00,LONG,40.67,40.87,tp,0.004,1,0.7344,3
2022-07-23 10:10:00,SHORT,41.07,40.86,tp,0.004025,1,0.673,3
2022-07-23 10:35:00,LONG,40.34,40.54,tp,0.004,1,0.7873,3
2022-07-23 11:25:00,SHORT,40.21,40.01,tp,0.004025,1,0.7974,3
2022-07-23 11:50:00,SHORT,39.63,39.43,tp,0.004025,1,0.6554,3
2022-07-23 12:10:00,SHORT,40.02,40.14,sl,-0.003991,0,0.778,3
2022-07-23 12:30:00,LONG,39.92,40.12,tp,0.004,1,0.8265,3
2022-07-23 12:45:00,SHORT,40.04,40.16,sl,-0.003991,0,0.716,3
2022-07-23 13:15:00,SHORT,40.2,40.32,sl,-0.003991,0,0.6918,3
2022-07-23 13:25:00,LONG,40.1,40.3,tp,0.004,1,0.671,3
2022-07-23 13:50:00,SHORT,40.35,40.15,tp,0.004025,1,0.7634,3
2022-07-23 14:20:00,SHORT,40.09,40.21,sl,-0.003991,0,0.69,3
2022-07-23 14:25:00,LONG,40.02,40.22,tp,0.004,1,0.8027,3
2022-07-23 14:35:00,SHORT,40.11,39.91,tp,0.004025,1,0.6603,3
2022-07-23 15:10:00,SHORT,40.41,40.21,tp,0.004025,1,0.7541,3
2022-07-23 15:55:00,SHORT,40.18,40.3,sl,-0.003991,0,0.7277,3
2022-07-23 16:05:00,LONG,40.16,40.36,tp,0.004,1,0.7047,3
2022-07-23 16:40:00,SHORT,40.2,40.0,tp,0.004025,1,0.6894,3
2022-07-23 17:00:00,SHORT,39.99,39.79,tp,0.004025,1,0.6888,3
2022-07-23 17:20:00,SHORT,39.52,39.64,sl,-0.003991,0,0.6785,3
2022-07-23 17:25:00,SHORT,39.68,39.48,tp,0.004025,1,0.7633,3
2022-07-23 17:45:00,LONG,39.28,39.16,sl,-0.004,0,0.7242,3
2022-07-23 18:15:00,SHORT,39.4,39.2,tp,0.004025,1,0.7249,3
2022-07-23 18:50:00,SHORT,39.0,39.12,sl,-0.003991,0,0.6892,3
2022-07-23 19:00:00,SHORT,38.82,38.94,sl,-0.003991,0,0.7005,3
2022-07-23 19:10:00,LONG,38.78,38.66,sl,-0.004,0,0.8021,3
2022-07-23 20:05:00,SHORT,39.46,39.58,sl,-0.003991,0,0.6715,3
2022-07-23 20:30:00,SHORT,39.46,39.58,sl,-0.003991,0,0.7517,3
2022-07-23 21:10:00,LONG,39.52,39.4,sl,-0.004,0,0.7119,3
2022-07-23 21:25:00,SHORT,39.59,39.39,tp,0.004025,1,0.7261,3
2022-07-23 21:35:00,LONG,39.36,39.24,sl,-0.004,0,0.6682,3
2022-07-23 22:35:00,SHORT,40.11,40.08,timeout,-0.000254,0,0.7891,3
2022-07-23 23:00:00,LONG,40.05,40.25,tp,0.004,1,0.7915,3
2022-07-24 00:10:00,SHORT,40.24,40.04,tp,0.004025,1,0.6975,3
2022-07-24 00:20:00,LONG,40.08,39.96,sl,-0.004,0,0.6871,3
2022-07-24 00:30:00,SHORT,40.2,40.0,tp,0.004025,1,0.7779,3
2022-07-24 01:00:00,SHORT,40.06,39.86,tp,0.004025,1,0.6743,3
2022-07-24 01:10:00,LONG,39.89,40.09,tp,0.004,1,0.6577,3
2022-07-24 01:20:00,SHORT,40.2,40.0,tp,0.004025,1,0.7064,3
2022-07-24 01:45:00,LONG,39.79,39.99,tp,0.004,1,0.7611,3
2022-07-24 02:20:00,LONG,39.86,40.06,tp,0.004,1,0.6833,3
2022-07-24 02:50:00,LONG,39.85,40.05,tp,0.004,1,0.6584,3
2022-07-24 03:20:00,LONG,39.63,39.51,sl,-0.004,0,0.6783,3
2022-07-24 03:35:00,LONG,39.57,39.77,tp,0.004,1,0.7385,3
2022-07-24 05:20:00,LONG,40.82,41.02,tp,0.004,1,0.6599,3
2022-07-24 05:25:00,SHORT,40.82,40.94,sl,-0.003991,0,0.6638,3
2022-07-24 05:40:00,SHORT,41.04,40.83,tp,0.004025,1,0.7567,3
2022-07-24 06:05:00,LONG,40.78,40.98,tp,0.004,1,0.7695,3
2022-07-24 06:35:00,LONG,40.76,40.96,tp,0.004,1,0.6517,3
2022-07-24 07:30:00,LONG,40.76,40.64,sl,-0.004,0,0.6679,3
2022-07-24 09:20:00,SHORT,41.07,40.86,tp,0.004025,1,0.672,3
2022-07-24 10:00:00,LONG,40.63,40.51,sl,-0.004,0,0.7208,3
2022-07-24 10:20:00,SHORT,40.74,40.54,tp,0.004025,1,0.7141,3
2022-07-24 11:15:00,LONG,41.22,41.43,tp,0.004,1,0.7294,3
2022-07-24 11:30:00,LONG,41.0,40.88,sl,-0.004,0,0.8311,3
2022-07-24 12:00:00,LONG,40.78,40.98,tp,0.004,1,0.8039,3
2022-07-24 12:15:00,SHORT,40.98,40.77,tp,0.004025,1,0.6951,3
2022-07-24 12:55:00,SHORT,40.25,40.37,sl,-0.003991,0,0.6807,3
2022-07-24 13:05:00,SHORT,40.4,40.2,tp,0.004025,1,0.7932,3
2022-07-24 13:40:00,LONG,40.2,40.4,tp,0.004,1,0.8135,3
2022-07-24 14:05:00,LONG,40.52,40.4,sl,-0.004,0,0.6643,3
2022-07-24 14:20:00,LONG,40.97,40.85,sl,-0.004,0,0.7332,3
2022-07-24 14:50:00,SHORT,41.14,40.93,tp,0.004025,1,0.7959,3
2022-07-24 15:05:00,LONG,40.95,41.16,tp,0.004,1,0.7779,3
2022-07-24 16:45:00,LONG,40.78,40.98,tp,0.004,1,0.7389,3
2022-07-24 17:20:00,SHORT,41.06,40.85,tp,0.004025,1,0.653,3
2022-07-24 17:30:00,LONG,40.68,40.88,tp,0.004,1,0.673,3
2022-07-24 17:40:00,SHORT,41.06,40.85,tp,0.004025,1,0.7842,3
2022-07-24 18:00:00,LONG,40.96,40.84,sl,-0.004,0,0.6898,3
2022-07-24 18:05:00,SHORT,40.95,40.74,tp,0.004025,1,0.6838,3
2022-07-24 19:10:00,SHORT,40.99,40.78,tp,0.004025,1,0.6908,3
2022-07-24 19:15:00,LONG,40.72,40.92,tp,0.004,1,0.7425,3
2022-07-24 19:30:00,SHORT,40.99,40.78,tp,0.004025,1,0.6763,3
2022-07-24 20:40:00,SHORT,41.25,41.04,tp,0.004025,1,0.6899,3
2022-07-24 21:30:00,SHORT,41.27,41.39,sl,-0.003991,0,0.7327,3
2022-07-24 22:10:00,SHORT,41.67,41.79,sl,-0.003991,0,0.7278,3
2022-07-24 22:30:00,LONG,41.59,41.8,tp,0.004,1,0.7457,3
2022-07-24 22:40:00,SHORT,42.03,41.82,tp,0.004025,1,0.8298,3
2022-07-24 22:50:00,SHORT,40.99,41.11,sl,-0.003991,0,0.6811,3
2022-07-25 00:00:00,LONG,41.01,40.89,sl,-0.004,0,0.694,3
2022-07-25 01:40:00,SHORT,39.11,38.91,tp,0.004025,1,0.7396,3
2022-07-25 02:45:00,SHORT,38.73,38.54,tp,0.004025,1,0.673,3
2022-07-25 03:00:00,SHORT,38.47,38.28,tp,0.004025,1,0.7023,3
2022-07-25 03:20:00,SHORT,38.15,37.96,tp,0.004025,1,0.6599,3
2022-07-25 03:50:00,SHORT,37.87,37.98,sl,-0.003991,0,0.7027,3
2022-07-25 04:20:00,SHORT,38.24,38.36,sl,-0.003991,0,0.8262,3
2022-07-25 04:45:00,LONG,38.19,38.38,tp,0.004,1,0.7588,3
2022-07-25 06:20:00,LONG,38.48,38.36,sl,-0.004,0,0.7156,3
2022-07-25 06:40:00,LONG,38.25,38.44,tp,0.004,1,0.7325,3
2022-07-25 08:10:00,LONG,38.4,38.59,tp,0.004,1,0.6767,3
2022-07-25 08:50:00,SHORT,39.15,38.95,tp,0.004025,1,0.7626,3
2022-07-25 09:05:00,SHORT,39.15,38.95,tp,0.004025,1,0.6921,3
2022-07-25 10:15:00,SHORT,39.13,39.25,sl,-0.003991,0,0.7157,3
2022-07-25 12:05:00,LONG,38.55,38.74,tp,0.004,1,0.8172,3
2022-07-25 12:20:00,SHORT,38.74,38.86,sl,-0.003991,0,0.7374,3
2022-07-25 12:55:00,SHORT,38.91,38.72,tp,0.004025,1,0.6709,3
2022-07-25 13:35:00,LONG,38.77,38.96,tp,0.004,1,0.663,3
2022-07-25 13:40:00,SHORT,39.09,38.89,tp,0.004025,1,0.7848,3
2022-07-25 13:55:00,SHORT,39.17,38.97,tp,0.004025,1,0.6624,3
2022-07-25 14:15:00,SHORT,38.52,38.64,sl,-0.003991,0,0.6921,3
2022-07-25 15:00:00,SHORT,38.81,38.62,tp,0.004025,1,0.6961,3
2022-07-25 15:30:00,SHORT,38.76,38.57,tp,0.004025,1,0.7227,3
2022-07-25 16:00:00,SHORT,38.71,38.52,tp,0.004025,1,0.7912,3
2022-07-25 16:35:00,LONG,38.23,38.42,tp,0.004,1,0.8564,3
2022-07-25 17:10:00,SHORT,38.89,38.7,tp,0.004025,1,0.7335,3
2022-07-25 18:00:00,LONG,38.36,38.55,tp,0.004,1,0.8399,3
2022-07-25 18:20:00,SHORT,38.55,38.67,sl,-0.003991,0,0.6747,3
2022-07-25 19:15:00,SHORT,37.87,37.68,tp,0.004025,1,0.6872,3
2022-07-25 19:30:00,LONG,37.42,37.61,tp,0.004,1,0.8732,3
2022-07-25 20:50:00,SHORT,38.84,38.65,tp,0.004025,1,0.7309,3
2022-07-25 21:00:00,LONG,38.76,38.95,tp,0.004,1,0.6863,3
2022-07-25 21:10:00,SHORT,38.92,38.73,tp,0.004025,1,0.854,3
2022-07-25 21:30:00,SHORT,38.81,38.62,tp,0.004025,1,0.7765,3
2022-07-25 22:20:00,SHORT,37.78,37.59,tp,0.004025,1,0.6646,3
2022-07-25 22:30:00,LONG,37.64,37.83,tp,0.004,1,0.8752,3
2022-07-25 22:45:00,SHORT,37.87,37.68,tp,0.004025,1,0.7543,3
2022-07-25 23:20:00,SHORT,37.81,37.62,tp,0.004025,1,0.7373,3
2022-07-25 23:40:00,SHORT,37.48,37.29,tp,0.004025,1,0.7062,3
2022-07-26 00:00:00,SHORT,36.69,36.51,tp,0.004025,1,0.6983,3
2022-07-26 00:15:00,SHORT,36.71,36.53,tp,0.004025,1,0.8327,3
2022-07-26 00:20:00,LONG,36.47,36.65,tp,0.004,1,0.873,3
2022-07-26 00:40:00,SHORT,36.54,36.36,tp,0.004025,1,0.7236,3
2022-07-26 00:45:00,SHORT,36.29,36.11,tp,0.004025,1,0.6575,3
2022-07-26 00:50:00,LONG,36.09,36.27,tp,0.004,1,0.8921,3
2022-07-26 01:40:00,LONG,36.35,36.53,tp,0.004,1,0.6566,3
2022-07-26 02:25:00,LONG,36.34,36.23,sl,-0.004,0,0.6808,3
2022-07-26 02:50:00,SHORT,36.18,36.0,tp,0.004025,1,0.6852,3
2022-07-26 03:00:00,SHORT,35.86,35.68,tp,0.004025,1,0.6718,3
2022-07-26 03:30:00,SHORT,36.31,36.13,tp,0.004025,1,0.7365,3
2022-07-26 04:05:00,LONG,36.24,36.42,tp,0.004,1,0.6647,3
2022-07-26 05:25:00,LONG,35.87,35.88,timeout,-0.000606,0,0.7836,3
2022-07-26 06:15:00,LONG,35.87,35.76,sl,-0.004,0,0.7477,3
2022-07-26 06:55:00,LONG,35.57,35.75,tp,0.004,1,0.6866,3
2022-07-26 07:50:00,LONG,35.66,35.55,sl,-0.004,0,0.7094,3
2022-07-26 08:55:00,LONG,35.93,36.11,tp,0.004,1,0.6551,3
2022-07-26 09:05:00,SHORT,35.98,36.09,sl,-0.003991,0,0.6822,3
2022-07-26 09:50:00,SHORT,36.14,35.96,tp,0.004025,1,0.6819,3
2022-07-26 10:30:00,LONG,35.7,35.59,sl,-0.004,0,0.676,3
2022-07-26 10:50:00,LONG,35.6,35.78,tp,0.004,1,0.8424,3
2022-07-26 12:45:00,LONG,35.33,35.5,tp,0.004,1,0.8541,3
2022-07-26 12:55:00,SHORT,35.42,35.53,sl,-0.003991,0,0.6978,3
2022-07-26 13:10:00,LONG,35.24,35.41,tp,0.004,1,0.6902,3
2022-07-26 13:30:00,LONG,35.44,35.33,sl,-0.004,0,0.7041,3
2022-07-26 13:45:00,LONG,35.39,35.56,tp,0.004,1,0.6986,3
2022-07-26 13:50:00,SHORT,35.51,35.33,tp,0.004025,1,0.7277,3
2022-07-26 14:05:00,SHORT,35.61,35.43,tp,0.004025,1,0.7054,3
2022-07-26 14:15:00,LONG,35.38,35.27,sl,-0.004,0,0.6819,3
2022-07-26 15:25:00,SHORT,35.17,35.28,sl,-0.003991,0,0.6508,3
2022-07-26 15:50:00,LONG,35.0,35.17,tp,0.004,1,0.7955,3
2022-07-26 16:05:00,SHORT,35.04,35.15,sl,-0.003991,0,0.7164,3
2022-07-26 17:15:00,LONG,35.31,35.48,tp,0.004,1,0.7158,3
2022-07-26 18:15:00,LONG,35.29,35.18,sl,-0.004,0,0.6634,3
2022-07-26 18:40:00,LONG,34.84,35.01,tp,0.004,1,0.727,3
2022-07-26 18:50:00,SHORT,35.14,34.97,tp,0.004025,1,0.7752,3
2022-07-26 19:25:00,LONG,34.85,35.02,tp,0.004,1,0.7969,3
2022-07-26 19:40:00,LONG,34.76,34.93,tp,0.004,1,0.6677,3
2022-07-26 20:00:00,LONG,34.91,35.08,tp,0.004,1,0.7814,3
2022-07-26 20:30:00,LONG,35.25,35.42,tp,0.004,1,0.7745,3
2022-07-26 20:45:00,LONG,35.28,35.45,tp,0.004,1,0.7535,3
2022-07-26 21:05:00,SHORT,35.73,35.55,tp,0.004025,1,0.7085,3
2022-07-26 22:50:00,LONG,35.85,35.74,sl,-0.004,0,0.7119,3
2022-07-26 23:40:00,LONG,36.16,36.05,sl,-0.004,0,0.6675,3
2022-07-27 00:00:00,SHORT,36.22,36.04,tp,0.004025,1,0.7349,3
2022-07-27 00:35:00,LONG,35.96,35.85,sl,-0.004,0,0.6579,3
2022-07-27 00:50:00,LONG,35.91,36.09,tp,0.004,1,0.6929,3
2022-07-27 01:05:00,SHORT,36.2,36.02,tp,0.004025,1,0.768,3
2022-07-27 01:20:00,LONG,36.05,35.94,sl,-0.004,0,0.7517,3
2022-07-27 02:30:00,LONG,35.79,35.97,tp,0.004,1,0.7778,3
2022-07-27 03:40:00,LONG,35.73,35.91,tp,0.004,1,0.7473,3
2022-07-27 05:55:00,SHORT,37.0,36.82,tp,0.004025,1,0.7198,3
2022-07-27 06:35:00,LONG,36.62,36.8,tp,0.004,1,0.7296,3
2022-07-27 07:00:00,SHORT,36.93,37.04,sl,-0.003991,0,0.6926,3
2022-07-27 07:45:00,SHORT,36.97,36.79,tp,0.004025,1,0.747,3
2022-07-27 08:05:00,SHORT,36.92,36.74,tp,0.004025,1,0.6642,3
2022-07-27 09:10:00,LONG,36.62,36.53,timeout,-0.003364,0,0.7738,3
2022-07-27 09:25:00,SHORT,36.68,36.5,tp,0.004025,1,0.6578,3
2022-07-27 09:35:00,LONG,36.66,36.55,sl,-0.004,0,0.6704,3
2022-07-27 09:40:00,SHORT,36.68,36.5,tp,0.004025,1,0.7067,3
2022-07-27 10:30:00,SHORT,36.64,36.46,tp,0.004025,1,0.6586,3
2022-07-27 10:45:00,LONG,36.59,36.48,sl,-0.004,0,0.6526,3
2022-07-27 12:45:00,LONG,36.94,36.83,sl,-0.004,0,0.6948,3
2022-07-27 12:50:00,SHORT,36.98,36.8,tp,0.004025,1,0.7348,3
2022-07-27 13:30:00,LONG,36.85,37.03,tp,0.004,1,0.6522,3
2022-07-27 13:45:00,LONG,37.24,37.42,tp,0.004,1,0.665,3
2022-07-27 13:55:00,SHORT,37.33,37.14,tp,0.004025,1,0.6843,3
2022-07-27 14:50:00,SHORT,37.11,37.22,sl,-0.003991,0,0.6749,3
2022-07-27 15:15:00,SHORT,37.17,36.99,tp,0.004025,1,0.6861,3
2022-07-27 15:35:00,SHORT,37.1,37.21,sl,-0.003991,0,0.6646,3
2022-07-27 16:55:00,LONG,36.56,36.74,tp,0.004,1,0.6523,3
2022-07-27 17:40:00,SHORT,36.88,36.7,tp,0.004025,1,0.6986,3
2022-07-27 17:55:00,LONG,36.85,37.03,tp,0.004,1,0.7161,3
2022-07-27 18:00:00,SHORT,37.83,37.64,tp,0.004025,1,0.7282,3
2022-07-27 18:30:00,LONG,38.03,38.22,tp,0.004,1,0.7843,3
2022-07-27 18:35:00,LONG,38.76,38.95,tp,0.004,1,0.6985,3
2022-07-27 18:40:00,SHORT,38.94,38.75,tp,0.004025,1,0.874,3
2022-07-27 19:05:00,LONG,38.98,38.86,sl,-0.004,0,0.689,3
2022-07-27 19:25:00,SHORT,39.91,39.71,tp,0.004025,1,0.6545,3
2022-07-27 19:30:00,SHORT,39.67,39.47,tp,0.004025,1,0.6514,3
2022-07-27 19:35:00,LONG,39.46,39.66,tp,0.004,1,0.8177,3
2022-07-27 19:55:00,LONG,39.4,39.6,tp,0.004,1,0.8084,3
2022-07-27 20:00:00,SHORT,39.51,39.31,tp,0.004025,1,0.6998,3
2022-07-27 20:35:00,SHORT,39.51,39.63,sl,-0.003991,0,0.6975,3
2022-07-27 20:50:00,LONG,39.53,39.41,sl,-0.004,0,0.7626,3
2022-07-27 21:05:00,LONG,39.47,39.51,timeout,2.6e-05,1,0.6782,3
2022-07-27 21:25:00,SHORT,39.51,39.63,sl,-0.003991,0,0.6607,3
2022-07-27 21:30:00,LONG,39.42,39.62,tp,0.004,1,0.6601,3
2022-07-27 22:30:00,LONG,39.78,39.66,sl,-0.004,0,0.7541,3
2022-07-28 00:40:00,LONG,39.51,39.39,sl,-0.004,0,0.858,3
2022-07-28 01:50:00,LONG,39.26,39.14,sl,-0.004,0,0.6849,3
2022-07-28 02:05:00,LONG,39.09,39.28,tp,0.004,1,0.8034,3
2022-07-28 02:15:00,SHORT,39.16,39.28,sl,-0.003991,0,0.6621,3
2022-07-28 02:45:00,SHORT,40.43,40.23,tp,0.004025,1,0.8192,3
2022-07-28 03:40:00,LONG,39.74,39.94,tp,0.004,1,0.787,3
2022-07-28 03:55:00,LONG,39.75,39.95,tp,0.004,1,0.7811,3
2022-07-28 05:10:00,LONG,39.47,39.67,tp,0.004,1,0.8335,3
2022-07-28 06:15:00,LONG,39.74,39.94,tp,0.004,1,0.7292,3
2022-07-28 06:35:00,LONG,39.75,39.95,tp,0.004,1,0.7877,3
2022-07-28 07:15:00,LONG,39.58,39.46,sl,-0.004,0,0.6814,3
2022-07-28 07:35:00,LONG,39.43,39.31,sl,-0.004,0,0.7385,3
2022-07-28 07:55:00,LONG,39.35,39.55,tp,0.004,1,0.7187,3
2022-07-28 08:15:00,SHORT,39.4,39.52,sl,-0.003991,0,0.6662,3
2022-07-28 08:30:00,LONG,39.45,39.65,tp,0.004,1,0.6791,3
2022-07-28 09:00:00,SHORT,39.7,39.5,tp,0.004025,1,0.6839,3
2022-07-28 10:15:00,LONG,39.55,39.75,tp,0.004,1,0.7217,3
2022-07-28 10:20:00,LONG,39.59,39.79,tp,0.004,1,0.675,3
2022-07-28 10:45:00,SHORT,40.15,39.95,tp,0.004025,1,0.7614,3
2022-07-28 10:55:00,LONG,39.88,40.08,tp,0.004,1,0.7787,3
2022-07-28 11:10:00,SHORT,40.1,40.22,sl,-0.003991,0,0.708,3
2022-07-28 11:20:00,LONG,40.02,40.22,tp,0.004,1,0.8133,3
2022-07-28 11:40:00,LONG,40.53,40.73,tp,0.004,1,0.7477,3
2022-07-28 11:45:00,SHORT,40.54,40.34,tp,0.004025,1,0.6687,3
2022-07-28 12:45:00,SHORT,40.17,40.29,sl,-0.003991,0,0.7552,3
2022-07-28 13:00:00,LONG,39.93,40.13,tp,0.004,1,0.8579,3
2022-07-28 13:30:00,SHORT,40.72,40.84,sl,-0.003991,0,0.7135,3
2022-07-28 13:50:00,LONG,39.54,39.74,tp,0.004,1,0.8227,3
2022-07-28 14:15:00,SHORT,40.08,39.88,tp,0.004025,1,0.7433,3
2022-07-28 14:55:00,SHORT,40.57,40.37,tp,0.004025,1,0.8592,3
2022-07-28 16:00:00,SHORT,41.92,42.04,sl,-0.003991,0,0.7299,3
2022-07-28 16:35:00,LONG,42.01,42.22,tp,0.004,1,0.7642,3
2022-07-28 16:50:00,SHORT,42.2,41.99,tp,0.004025,1,0.8444,3
2022-07-28 17:40:00,LONG,42.47,42.34,sl,-0.004,0,0.7272,3
2022-07-28 17:55:00,SHORT,42.81,42.59,tp,0.004025,1,0.7792,3
2022-07-28 18:25:00,LONG,41.8,42.01,tp,0.004,1,0.8496,3
2022-07-28 18:40:00,SHORT,42.01,41.8,tp,0.004025,1,0.7724,3
2022-07-28 18:55:00,LONG,42.03,42.24,tp,0.004,1,0.6889,3
2022-07-28 20:00:00,LONG,42.36,42.57,tp,0.004,1,0.7557,3
2022-07-28 20:35:00,LONG,43.97,43.84,sl,-0.004,0,0.6898,3
2022-07-28 20:45:00,LONG,43.67,43.89,tp,0.004,1,0.8125,3
2022-07-28 21:35:00,LONG,43.37,43.24,sl,-0.004,0,0.6524,3
2022-07-28 21:50:00,LONG,43.31,43.53,tp,0.004,1,0.6611,3
2022-07-28 22:20:00,SHORT,43.74,43.52,tp,0.004025,1,0.733,3
2022-07-28 23:15:00,SHORT,43.03,42.81,tp,0.004025,1,0.6667,3
2022-07-28 23:30:00,LONG,42.79,43.01,tp,0.004,1,0.868,3
2022-07-29 00:10:00,SHORT,43.35,43.13,tp,0.004025,1,0.7701,3
2022-07-29 00:20:00,LONG,42.7,42.57,sl,-0.004,0,0.761,3
2022-07-29 00:45:00,SHORT,42.91,43.04,sl,-0.003991,0,0.7049,3
2022-07-29 00:55:00,LONG,42.96,42.83,sl,-0.004,0,0.6974,3
2022-07-29 01:00:00,SHORT,43.04,42.82,tp,0.004025,1,0.8415,3
2022-07-29 01:20:00,SHORT,43.04,42.82,tp,0.004025,1,0.816,3
2022-07-29 01:40:00,LONG,42.79,43.01,tp,0.004,1,0.7917,3
2022-07-29 02:15:00,SHORT,43.36,43.14,tp,0.004025,1,0.8195,3
2022-07-29 02:25:00,LONG,43.17,43.04,sl,-0.004,0,0.6522,3
2022-07-29 04:05:00,SHORT,43.67,43.45,tp,0.004025,1,0.7524,3
2022-07-29 04:15:00,LONG,43.54,43.41,sl,-0.004,0,0.704,3
2022-07-29 04:50:00,SHORT,43.58,43.36,tp,0.004025,1,0.7629,3
2022-07-29 05:10:00,LONG,43.29,43.51,tp,0.004,1,0.6584,3
2022-07-29 05:40:00,LONG,43.99,43.86,sl,-0.004,0,0.6882,3
2022-07-29 05:45:00,LONG,43.96,43.83,sl,-0.004,0,0.6528,3
2022-07-29 06:15:00,LONG,43.7,43.92,tp,0.004,1,0.7033,3
2022-07-29 06:35:00,SHORT,44.22,44.0,tp,0.004025,1,0.7979,3
2022-07-29 07:00:00,LONG,43.38,43.6,tp,0.004,1,0.7148,3
2022-07-29 07:25:00,LONG,42.8,43.02,tp,0.004,1,0.8874,3
2022-07-29 08:35:00,LONG,42.71,42.92,tp,0.004,1,0.7857,3
2022-07-29 09:05:00,LONG,42.66,42.87,tp,0.004,1,0.6686,3
2022-07-29 09:20:00,LONG,42.67,42.88,tp,0.004,1,0.783,3
2022-07-29 09:35:00,SHORT,42.98,43.11,sl,-0.003991,0,0.7318,3
2022-07-29 10:30:00,LONG,42.85,43.07,tp,0.004,1,0.7518,3
2022-07-29 11:15:00,SHORT,42.51,42.3,tp,0.004025,1,0.6865,3
2022-07-29 11:40:00,LONG,41.56,41.77,tp,0.004,1,0.8078,3
2022-07-29 12:05:00,SHORT,41.88,41.67,tp,0.004025,1,0.728,3
2022-07-29 12:30:00,SHORT,41.52,41.31,tp,0.004025,1,0.7205,3
2022-07-29 12:45:00,LONG,41.27,41.48,tp,0.004,1,0.7668,3
2022-07-29 13:00:00,SHORT,41.55,41.67,sl,-0.003991,0,0.7243,3
2022-07-29 13:25:00,SHORT,41.81,41.6,tp,0.004025,1,0.7884,3
2022-07-29 13:50:00,SHORT,42.33,42.46,sl,-0.003991,0,0.753,3
2022-07-29 14:00:00,LONG,42.35,42.56,tp,0.004,1,0.7054,3
2022-07-29 14:05:00,LONG,42.5,42.71,tp,0.004,1,0.7107,3
2022-07-29 14:25:00,LONG,43.31,43.18,sl,-0.004,0,0.6917,3
2022-07-29 15:00:00,LONG,42.63,42.84,tp,0.004,1,0.8606,3
2022-07-29 15:30:00,LONG,42.36,42.57,tp,0.004,1,0.8285,3
2022-07-29 15:40:00,SHORT,42.71,42.5,tp,0.004025,1,0.8099,3
2022-07-29 15:55:00,SHORT,42.61,42.4,tp,0.004025,1,0.6999,3
2022-07-29 16:10:00,LONG,41.61,41.82,tp,0.004,1,0.8884,3
2022-07-29 16:40:00,LONG,41.79,41.67,sl,-0.004,0,0.7314,3
2022-07-29 16:50:00,SHORT,42.19,41.98,tp,0.004025,1,0.8405,3
2022-07-29 17:25:00,LONG,41.35,41.56,tp,0.004,1,0.8617,3
2022-07-29 17:45:00,SHORT,41.98,42.1,sl,-0.003991,0,0.8256,3
2022-07-29 18:15:00,SHORT,42.48,42.27,tp,0.004025,1,0.7482,3
2022-07-29 18:35:00,SHORT,42.34,42.13,tp,0.004025,1,0.8131,3
2022-07-29 19:00:00,SHORT,42.54,42.33,tp,0.004025,1,0.8521,3
2022-07-29 19:15:00,LONG,42.09,41.96,sl,-0.004,0,0.7342,3
2022-07-29 19:45:00,SHORT,42.2,41.99,tp,0.004025,1,0.7901,3
2022-07-29 19:55:00,LONG,41.86,42.07,tp,0.004,1,0.6812,3
2022-07-29 20:05:00,SHORT,42.33,42.12,tp,0.004025,1,0.8341,3
2022-07-29 20:45:00,SHORT,42.3,42.09,tp,0.004025,1,0.7657,3
2022-07-29 21:00:00,SHORT,42.32,42.11,tp,0.004025,1,0.7801,3
2022-07-29 22:15:00,LONG,41.84,42.05,tp,0.004,1,0.7275,3
2022-07-29 22:50:00,SHORT,42.76,42.89,sl,-0.003991,0,0.746,3
2022-07-29 23:10:00,SHORT,43.05,42.83,tp,0.004025,1,0.865,3
2022-07-29 23:55:00,LONG,41.93,42.14,tp,0.004,1,0.7471,3
2022-07-30 00:35:00,LONG,41.82,42.03,tp,0.004,1,0.8111,3
2022-07-30 01:15:00,LONG,42.04,42.25,tp,0.004,1,0.6768,3
2022-07-30 01:50:00,LONG,41.64,41.85,tp,0.004,1,0.6991,3
2022-07-30 02:30:00,LONG,41.74,41.95,tp,0.004,1,0.8231,3
2022-07-30 02:35:00,SHORT,41.97,41.76,tp,0.004025,1,0.7913,3
2022-07-30 03:05:00,LONG,41.88,41.76,sl,-0.004,0,0.6777,3
2022-07-30 03:50:00,SHORT,41.94,41.73,tp,0.004025,1,0.8248,3
2022-07-30 04:10:00,SHORT,41.91,41.7,tp,0.004025,1,0.6788,3
2022-07-30 05:05:00,LONG,41.69,41.9,tp,0.004,1,0.7436,3
2022-07-30 06:25:00,SHORT,42.12,42.25,sl,-0.003991,0,0.6744,3
2022-07-30 06:40:00,LONG,41.99,42.2,tp,0.004,1,0.7195,3
2022-07-30 08:00:00,LONG,42.31,42.52,tp,0.004,1,0.6796,3
2022-07-30 09:10:00,SHORT,43.03,42.81,tp,0.004025,1,0.7726,3
2022-07-30 09:30:00,LONG,42.85,42.72,sl,-0.004,0,0.7511,3
2022-07-30 09:35:00,SHORT,42.9,42.68,tp,0.004025,1,0.7082,3
2022-07-30 10:10:00,LONG,41.91,42.12,tp,0.004,1,0.8696,3
2022-07-30 10:25:00,SHORT,42.17,41.96,tp,0.004025,1,0.7891,3
2022-07-30 10:40:00,LONG,41.96,42.17,tp,0.004,1,0.8524,3
2022-07-30 11:15:00,LONG,42.08,42.29,tp,0.004,1,0.7,3
2022-07-30 13:15:00,SHORT,44.06,43.84,tp,0.004025,1,0.8248,3
2022-07-30 13:25:00,LONG,43.88,44.1,tp,0.004,1,0.6675,3
2022-07-30 13:45:00,LONG,44.78,45.01,tp,0.004,1,0.6671,3
2022-07-30 13:50:00,SHORT,44.76,44.89,sl,-0.003991,0,0.6838,3
2022-07-30 14:00:00,LONG,44.55,44.78,tp,0.004,1,0.8232,3
2022-07-30 14:05:00,SHORT,44.82,44.59,tp,0.004025,1,0.8034,3
2022-07-30 14:35:00,LONG,44.46,44.33,sl,-0.004,0,0.7177,3
2022-07-30 15:30:00,LONG,45.71,45.94,tp,0.004,1,0.6779,3
2022-07-30 15:40:00,LONG,45.85,46.08,tp,0.004,1,0.7,3
2022-07-30 15:45:00,LONG,46.03,45.89,sl,-0.004,0,0.7324,3
2022-07-30 15:55:00,SHORT,46.26,46.03,tp,0.004025,1,0.8548,3
2022-07-30 17:00:00,SHORT,46.31,46.08,tp,0.004025,1,0.7955,3
2022-07-30 17:20:00,LONG,45.89,45.76,sl,-0.004,0,0.6607,3
2022-07-30 17:30:00,SHORT,45.92,46.05,sl,-0.003991,0,0.7126,3
2022-07-30 17:35:00,LONG,45.79,46.02,tp,0.004,1,0.7406,3
2022-07-30 17:45:00,LONG,46.13,46.36,tp,0.004,1,0.6601,3
2022-07-30 17:50:00,SHORT,46.4,46.54,sl,-0.003991,0,0.7501,3
2022-07-30 18:00:00,LONG,46.21,46.07,sl,-0.004,0,0.7694,3
2022-07-30 18:20:00,LONG,45.93,46.16,tp,0.004,1,0.7075,3
2022-07-30 18:50:00,LONG,45.92,45.79,sl,-0.004,0,0.7015,3
2022-07-30 19:05:00,LONG,45.68,45.55,sl,-0.004,0,0.8088,3
2022-07-30 20:00:00,SHORT,45.25,45.02,tp,0.004025,1,0.7309,3
2022-07-30 20:15:00,LONG,45.15,45.38,tp,0.004,1,0.6548,3
2022-07-30 20:20:00,SHORT,45.34,45.11,tp,0.004025,1,0.7899,3
2022-07-30 20:40:00,SHORT,45.37,45.14,tp,0.004025,1,0.7921,3
2022-07-30 20:45:00,LONG,45.26,45.13,sl,-0.004,0,0.6879,3
2022-07-30 21:20:00,SHORT,44.6,44.73,sl,-0.003991,0,0.6782,3
2022-07-30 21:25:00,LONG,44.51,44.73,tp,0.004,1,0.8684,3
2022-07-30 21:45:00,SHORT,44.83,44.6,tp,0.004025,1,0.6952,3
2022-07-30 22:25:00,SHORT,44.25,44.38,sl,-0.003991,0,0.749,3
2022-07-30 23:35:00,SHORT,43.69,43.47,tp,0.004025,1,0.8762,3
2022-07-30 23:40:00,LONG,43.62,43.84,tp,0.004,1,0.7125,3
2022-07-31 00:00:00,LONG,43.36,43.58,tp,0.004,1,0.9033,3
2022-07-31 00:30:00,SHORT,43.97,43.75,tp,0.004025,1,0.7723,3
2022-07-31 00:55:00,SHORT,43.8,43.58,tp,0.004025,1,0.6716,3
2022-07-31 01:55:00,LONG,43.32,43.54,tp,0.004,1,0.7826,3
2022-07-31 02:05:00,SHORT,43.63,43.41,tp,0.004025,1,0.7879,3
2022-07-31 02:30:00,LONG,43.33,43.2,sl,-0.004,0,0.6848,3
2022-07-31 03:15:00,SHORT,43.26,43.04,tp,0.004025,1,0.6505,3
2022-07-31 03:30:00,LONG,43.15,43.02,sl,-0.004,0,0.6573,3
2022-07-31 05:30:00,SHORT,44.06,43.84,tp,0.004025,1,0.7156,3
2022-07-31 05:35:00,LONG,43.9,44.12,tp,0.004,1,0.7606,3
2022-07-31 05:55:00,LONG,43.75,43.97,tp,0.004,1,0.8139,3
2022-07-31 06:40:00,LONG,43.99,44.21,tp,0.004,1,0.7783,3
2022-07-31 07:50:00,SHORT,43.98,43.76,tp,0.004025,1,0.6658,3
2022-07-31 08:00:00,SHORT,43.92,44.05,sl,-0.003991,0,0.6761,3
2022-07-31 08:05:00,SHORT,44.04,43.82,tp,0.004025,1,0.6691,3
2022-07-31 08:25:00,SHORT,43.8,43.58,tp,0.004025,1,0.7781,3
2022-07-31 09:15:00,SHORT,43.79,43.92,sl,-0.003991,0,0.7515,3
2022-07-31 10:30:00,LONG,44.21,44.43,tp,0.004,1,0.6999,3
2022-07-31 10:40:00,SHORT,44.39,44.52,sl,-0.003991,0,0.6831,3
2022-07-31 10:50:00,LONG,44.3,44.52,tp,0.004,1,0.7565,3
2022-07-31 10:55:00,SHORT,44.58,44.71,sl,-0.003991,0,0.8117,3
2022-07-31 11:25:00,LONG,44.19,44.41,tp,0.004,1,0.7562,3
2022-07-31 11:55:00,SHORT,44.39,44.17,tp,0.004025,1,0.7186,3
2022-07-31 12:30:00,LONG,44.13,44.35,tp,0.004,1,0.7184,3
2022-07-31 12:50:00,SHORT,44.52,44.3,tp,0.004025,1,0.7229,3
2022-07-31 14:40:00,LONG,43.72,43.94,tp,0.004,1,0.7816,3
2022-07-31 15:00:00,SHORT,43.95,44.08,sl,-0.003991,0,0.7027,3
2022-07-31 15:40:00,LONG,44.02,44.24,tp,0.004,1,0.6693,3
2022-07-31 16:05:00,SHORT,44.18,43.96,tp,0.004025,1,0.698,3
2022-07-31 16:15:00,LONG,44.0,44.22,tp,0.004,1,0.6774,3
2022-07-31 16:35:00,LONG,44.34,44.21,sl,-0.004,0,0.6845,3
2022-07-31 16:45:00,SHORT,44.32,44.1,tp,0.004025,1,0.6516,3
2022-07-31 16:50:00,LONG,44.19,44.06,sl,-0.004,0,0.7052,3
2022-07-31 18:10:00,SHORT,45.03,44.8,tp,0.004025,1,0.7655,3
2022-07-31 18:30:00,LONG,43.18,43.4,tp,0.004,1,0.8434,3
2022-07-31 19:15:00,SHORT,44.05,43.83,tp,0.004025,1,0.6798,3
2022-07-31 20:35:00,LONG,43.54,43.76,tp,0.004,1,0.7511,3
2022-07-31 21:05:00,LONG,43.69,43.56,sl,-0.004,0,0.6907,3
2022-07-31 21:45:00,LONG,43.23,43.1,sl,-0.004,0,0.6878,3
2022-07-31 22:15:00,SHORT,42.88,42.66,tp,0.004025,1,0.6638,3
2022-07-31 22:25:00,SHORT,42.65,42.44,tp,0.004025,1,0.6529,3
2022-07-31 22:35:00,LONG,42.29,42.5,tp,0.004,1,0.8812,3
2022-07-31 23:25:00,LONG,42.46,42.67,tp,0.004,1,0.7002,3
2022-08-01 00:55:00,SHORT,42.83,42.96,sl,-0.003991,0,0.7293,3
2022-08-01 01:05:00,LONG,42.8,43.02,tp,0.004,1,0.6953,3
2022-08-01 01:50:00,LONG,42.81,43.03,tp,0.004,1,0.7405,3
2022-08-01 02:00:00,SHORT,43.13,42.91,tp,0.004025,1,0.6599,3
2022-08-01 02:20:00,LONG,42.8,42.67,sl,-0.004,0,0.7621,3
2022-08-01 02:35:00,LONG,42.78,42.65,sl,-0.004,0,0.6764,3
2022-08-01 03:25:00,LONG,42.63,42.84,tp,0.004,1,0.6772,3
2022-08-01 04:15:00,LONG,42.88,43.1,tp,0.004,1,0.6944,3
2022-08-01 04:45:00,LONG,42.93,42.8,sl,-0.004,0,0.6584,3
2022-08-01 07:15:00,LONG,42.38,42.59,tp,0.004,1,0.6738,3
2022-08-01 09:55:00,LONG,42.95,42.82,sl,-0.004,0,0.6593,3
2022-08-01 10:45:00,SHORT,42.04,41.83,tp,0.004025,1,0.6641,3
2022-08-01 10:50:00,LONG,41.86,41.74,sl,-0.004,0,0.8495,3
2022-08-01 11:10:00,LONG,41.73,41.94,tp,0.004,1,0.7799,3
2022-08-01 11:20:00,SHORT,41.96,42.08,sl,-0.003991,0,0.6976,3
2022-08-01 11:35:00,LONG,41.94,42.15,tp,0.004,1,0.6813,3
2022-08-01 13:15:00,LONG,41.65,41.86,tp,0.004,1,0.6744,3
2022-08-01 13:20:00,SHORT,41.74,41.53,tp,0.004025,1,0.6999,3
2022-08-01 13:55:00,LONG,42.28,42.49,tp,0.004,1,0.7027,3
2022-08-01 14:50:00,SHORT,42.9,42.68,tp,0.004025,1,0.8616,3
2022-08-01 15:15:00,LONG,42.35,42.56,tp,0.004,1,0.8301,3
2022-08-01 15:35:00,LONG,42.4,42.61,tp,0.004,1,0.6881,3
2022-08-01 15:45:00,SHORT,42.62,42.41,tp,0.004025,1,0.8361,3
2022-08-01 16:10:00,LONG,41.98,42.19,tp,0.004,1,0.7835,3
2022-08-01 16:35:00,SHORT,41.92,42.04,sl,-0.003991,0,0.6656,3
2022-08-01 16:40:00,LONG,41.96,41.84,sl,-0.004,0,0.6968,3
2022-08-01 16:45:00,SHORT,41.97,41.76,tp,0.004025,1,0.675,3
2022-08-01 17:05:00,SHORT,41.83,41.62,tp,0.004025,1,0.7183,3
2022-08-01 17:30:00,LONG,41.12,41.0,sl,-0.004,0,0.8861,3
2022-08-01 18:05:00,LONG,41.15,41.03,sl,-0.004,0,0.7068,3
2022-08-01 18:35:00,SHORT,41.15,40.94,tp,0.004025,1,0.7013,3
2022-08-01 18:45:00,LONG,40.71,40.91,tp,0.004,1,0.7815,3
2022-08-01 18:55:00,SHORT,41.17,41.29,sl,-0.003991,0,0.795,3
2022-08-01 19:25:00,LONG,40.94,41.15,tp,0.004,1,0.7635,3
2022-08-01 19:35:00,SHORT,41.09,41.21,sl,-0.003991,0,0.7252,3
2022-08-01 20:50:00,LONG,41.23,41.44,tp,0.004,1,0.6702,3
2022-08-01 22:15:00,SHORT,41.0,41.12,sl,-0.003991,0,0.6632,3
2022-08-01 23:00:00,LONG,41.53,41.41,sl,-0.004,0,0.6703,3
2022-08-01 23:35:00,SHORT,41.83,41.62,tp,0.004025,1,0.7762,3
2022-08-01 23:45:00,LONG,41.57,41.78,tp,0.004,1,0.7419,3
2022-08-02 00:40:00,SHORT,41.38,41.17,tp,0.004025,1,0.6562,3
2022-08-02 01:10:00,SHORT,41.34,41.13,tp,0.004025,1,0.8154,3
2022-08-02 01:15:00,LONG,41.16,41.37,tp,0.004,1,0.7939,3
2022-08-02 02:00:00,LONG,40.61,40.81,tp,0.004,1,0.75,3
2022-08-02 02:15:00,SHORT,40.75,40.55,tp,0.004025,1,0.7054,3
2022-08-02 02:30:00,LONG,40.37,40.25,sl,-0.004,0,0.8141,3
2022-08-02 02:55:00,SHORT,40.23,40.03,tp,0.004025,1,0.6951,3
2022-08-02 03:00:00,SHORT,40.17,40.29,sl,-0.003991,0,0.6522,3
2022-08-02 03:05:00,LONG,40.15,40.03,sl,-0.004,0,0.6522,3
2022-08-02 04:00:00,LONG,40.19,40.39,tp,0.004,1,0.6537,3
2022-08-02 04:40:00,LONG,39.97,40.17,tp,0.004,1,0.815,3
2022-08-02 05:55:00,LONG,40.34,40.54,tp,0.004,1,0.7145,3
2022-08-02 06:55:00,SHORT,40.5,40.3,tp,0.004025,1,0.6542,3
2022-08-02 07:05:00,LONG,40.26,40.46,tp,0.004,1,0.6582,3
2022-08-02 10:10:00,SHORT,40.37,40.17,tp,0.004025,1,0.7577,3
2022-08-02 10:50:00,LONG,40.4,40.6,tp,0.004,1,0.6671,3
2022-08-02 11:15:00,SHORT,40.58,40.7,sl,-0.003991,0,0.723,3
2022-08-02 11:40:00,LONG,40.54,40.74,tp,0.004,1,0.6517,3
2022-08-02 13:10:00,SHORT,40.35,40.15,tp,0.004025,1,0.7104,3
2022-08-02 13:45:00,SHORT,40.42,40.22,tp,0.004025,1,0.7099,3
2022-08-02 15:00:00,SHORT,41.57,41.36,tp,0.004025,1,0.7065,3
2022-08-02 15:45:00,SHORT,41.35,41.47,sl,-0.003991,0,0.6904,3
2022-08-02 16:40:00,SHORT,42.24,42.03,tp,0.004025,1,0.6752,3
2022-08-02 16:50:00,LONG,42.18,42.05,sl,-0.004,0,0.6953,3
2022-08-02 17:00:00,SHORT,42.27,42.06,tp,0.004025,1,0.847,3
2022-08-02 17:10:00,LONG,42.09,41.96,sl,-0.004,0,0.7268,3
2022-08-02 18:10:00,SHORT,41.98,41.77,tp,0.004025,1,0.7961,3
2022-08-02 18:15:00,LONG,41.81,41.69,sl,-0.004,0,0.7488,3
2022-08-02 19:15:00,LONG,41.05,41.26,tp,0.004,1,0.7541,3
2022-08-02 19:25:00,SHORT,41.43,41.22,tp,0.004025,1,0.8015,3
2022-08-02 20:00:00,LONG,41.21,41.42,tp,0.004,1,0.6962,3
2022-08-02 20:25:00,SHORT,41.43,41.22,tp,0.004025,1,0.7367,3
2022-08-02 20:45:00,LONG,41.2,41.41,tp,0.004,1,0.6822,3
2022-08-02 21:30:00,SHORT,41.16,41.28,sl,-0.003991,0,0.6606,3
2022-08-02 23:20:00,LONG,40.97,40.85,sl,-0.004,0,0.6723,3
2022-08-02 23:55:00,SHORT,39.77,39.89,sl,-0.003991,0,0.7426,3
2022-08-03 00:30:00,SHORT,38.64,38.45,tp,0.004025,1,0.6703,3
2022-08-03 00:35:00,LONG,38.28,38.16,sl,-0.004,0,0.6568,3
2022-08-03 00:40:00,LONG,37.79,37.98,tp,0.004,1,0.8554,3
2022-08-03 01:25:00,LONG,38.74,38.93,tp,0.004,1,0.7046,3
2022-08-03 01:35:00,LONG,38.98,39.17,tp,0.004,1,0.6923,3
2022-08-03 02:00:00,LONG,39.08,39.27,tp,0.004,1,0.8197,3
2022-08-03 02:05:00,SHORT,39.46,39.26,tp,0.004025,1,0.8378,3
2022-08-03 02:25:00,LONG,38.85,39.04,tp,0.004,1,0.8786,3
2022-08-03 02:35:00,SHORT,39.04,38.85,tp,0.004025,1,0.7874,3
2022-08-03 02:50:00,LONG,38.59,38.78,tp,0.004,1,0.753,3
2022-08-03 03:10:00,SHORT,39.11,39.23,sl,-0.003991,0,0.7651,3
2022-08-03 03:45:00,SHORT,38.59,38.4,tp,0.004025,1,0.7631,3
2022-08-03 04:10:00,LONG,38.28,38.47,tp,0.004,1,0.8319,3
2022-08-03 04:45:00,SHORT,38.56,38.68,sl,-0.003991,0,0.7549,3
2022-08-03 05:05:00,LONG,38.46,38.65,tp,0.004,1,0.7999,3
2022-08-03 05:30:00,SHORT,39.09,38.89,tp,0.004025,1,0.8355,3
2022-08-03 05:55:00,LONG,38.8,38.99,tp,0.004,1,0.8441,3
2022-08-03 06:05:00,SHORT,39.34,39.14,tp,0.004025,1,0.8541,3
2022-08-03 06:45:00,LONG,38.54,38.73,tp,0.004,1,0.7095,3
2022-08-03 07:10:00,LONG,38.41,38.6,tp,0.004,1,0.8285,3
2022-08-03 07:20:00,SHORT,38.61,38.42,tp,0.004025,1,0.6534,3
2022-08-03 07:55:00,LONG,38.35,38.54,tp,0.004,1,0.7584,3
2022-08-03 08:00:00,SHORT,38.86,38.67,tp,0.004025,1,0.7991,3
2022-08-03 08:25:00,LONG,38.65,38.84,tp,0.004,1,0.7284,3
2022-08-03 09:15:00,SHORT,39.31,39.11,tp,0.004025,1,0.8005,3
2022-08-03 09:25:00,LONG,39.16,39.36,tp,0.004,1,0.7918,3
2022-08-03 10:05:00,LONG,39.24,39.44,tp,0.004,1,0.6659,3
2022-08-03 10:10:00,SHORT,39.42,39.22,tp,0.004025,1,0.7692,3
2022-08-03 10:45:00,SHORT,39.34,39.46,sl,-0.003991,0,0.719,3
2022-08-03 11:05:00,SHORT,39.9,39.7,tp,0.004025,1,0.8419,3
2022-08-03 11:20:00,LONG,39.5,39.7,tp,0.004,1,0.7657,3
2022-08-03 11:30:00,SHORT,39.74,39.54,tp,0.004025,1,0.6858,3
2022-08-03 11:50:00,LONG,39.56,39.76,tp,0.004,1,0.7115,3
2022-08-03 12:15:00,SHORT,40.38,40.18,tp,0.004025,1,0.7238,3
2022-08-03 12:30:00,LONG,39.73,39.93,tp,0.004,1,0.7603,3
2022-08-03 13:15:00,SHORT,40.67,40.47,tp,0.004025,1,0.7936,3
2022-08-03 13:30:00,SHORT,40.68,40.8,sl,-0.003991,0,0.7767,3
2022-08-03 13:45:00,LONG,40.45,40.65,tp,0.004,1,0.8029,3
2022-08-03 14:40:00,LONG,40.04,40.24,tp,0.004,1,0.7593,3
2022-08-03 15:00:00,LONG,40.05,40.25,tp,0.004,1,0.8624,3
2022-08-03 15:05:00,SHORT,40.27,40.07,tp,0.004025,1,0.8024,3
2022-08-03 15:35:00,SHORT,40.27,40.07,tp,0.004025,1,0.73,3
2022-08-03 16:30:00,SHORT,40.22,40.34,sl,-0.003991,0,0.7548,3
2022-08-03 16:55:00,SHORT,40.44,40.24,tp,0.004025,1,0.6622,3
2022-08-03 17:10:00,LONG,40.18,40.38,tp,0.004,1,0.7056,3
2022-08-03 17:20:00,SHORT,40.29,40.09,tp,0.004025,1,0.758,3
2022-08-03 17:55:00,SHORT,40.13,40.25,sl,-0.003991,0,0.756,3
2022-08-03 18:45:00,SHORT,40.28,40.08,tp,0.004025,1,0.6665,3
2022-08-03 19:35:00,LONG,40.16,40.04,sl,-0.004,0,0.7299,3
2022-08-03 19:40:00,SHORT,40.25,40.05,tp,0.004025,1,0.6617,3
2022-08-03 20:10:00,SHORT,40.18,39.98,tp,0.004025,1,0.6832,3
2022-08-03 20:30:00,LONG,39.81,40.01,tp,0.004,1,0.808,3
2022-08-03 20:55:00,LONG,39.6,39.48,sl,-0.004,0,0.7614,3
2022-08-03 21:10:00,LONG,39.34,39.54,tp,0.004,1,0.8762,3
2022-08-03 22:00:00,LONG,39.54,39.42,sl,-0.004,0,0.674,3
2022-08-03 22:55:00,SHORT,38.77,38.58,tp,0.004025,1,0.7223,3
2022-08-04 00:25:00,SHORT,38.97,38.78,tp,0.004025,1,0.6885,3
2022-08-04 00:35:00,LONG,38.88,39.07,tp,0.004,1,0.6805,3
2022-08-04 01:05:00,SHORT,39.19,39.31,sl,-0.003991,0,0.8182,3
2022-08-04 01:35:00,SHORT,39.42,39.22,tp,0.004025,1,0.8187,3
2022-08-04 02:25:00,SHORT,39.33,39.45,sl,-0.003991,0,0.6845,3
2022-08-04 02:35:00,LONG,39.32,39.2,sl,-0.004,0,0.6831,3
2022-08-04 03:05:00,LONG,39.26,39.46,tp,0.004,1,0.6828,3
2022-08-04 03:35:00,SHORT,39.62,39.42,tp,0.004025,1,0.6965,3
2022-08-04 04:10:00,SHORT,39.42,39.54,sl,-0.003991,0,0.6859,3
2022-08-04 04:20:00,LONG,39.33,39.53,tp,0.004,1,0.6641,3
2022-08-04 07:20:00,SHORT,39.33,39.13,tp,0.004025,1,0.6801,3
2022-08-04 08:55:00,LONG,38.76,38.95,tp,0.004,1,0.6753,3
2022-08-04 09:35:00,LONG,38.74,38.93,tp,0.004,1,0.6785,3
2022-08-04 11:35:00,LONG,38.62,38.81,tp,0.004,1,0.7376,3
2022-08-04 12:00:00,SHORT,38.8,38.61,tp,0.004025,1,0.6644,3
2022-08-04 13:10:00,SHORT,38.91,39.03,sl,-0.003991,0,0.7008,3
2022-08-04 13:30:00,LONG,38.97,39.16,tp,0.004,1,0.6955,3
2022-08-04 13:45:00,SHORT,39.76,39.56,tp,0.004025,1,0.8429,3
2022-08-04 14:40:00,LONG,38.64,38.83,tp,0.004,1,0.6648,3
2022-08-04 14:55:00,SHORT,38.85,38.66,tp,0.004025,1,0.8081,3
2022-08-04 15:10:00,LONG,38.7,38.89,tp,0.004,1,0.7811,3
2022-08-04 15:40:00,LONG,38.68,38.87,tp,0.004,1,0.7447,3
2022-08-04 16:05:00,SHORT,38.93,38.74,tp,0.004025,1,0.8012,3
2022-08-04 16:20:00,SHORT,38.97,38.78,tp,0.004025,1,0.7346,3
2022-08-04 17:20:00,SHORT,38.33,38.45,sl,-0.003991,0,0.7375,3
2022-08-04 17:35:00,SHORT,38.31,38.43,sl,-0.003991,0,0.656,3
2022-08-04 17:40:00,LONG,38.29,38.17,sl,-0.004,0,0.7692,3
2022-08-04 18:10:00,LONG,38.12,38.31,tp,0.004,1,0.7264,3
2022-08-04 18:25:00,LONG,38.67,38.86,tp,0.004,1,0.7186,3
2022-08-04 18:30:00,SHORT,38.77,38.58,tp,0.004025,1,0.687,3
2022-08-04 19:15:00,SHORT,38.7,38.51,tp,0.004025,1,0.8068,3
2022-08-04 19:35:00,LONG,38.31,38.5,tp,0.004,1,0.7748,3
2022-08-04 20:35:00,SHORT,38.5,38.47,timeout,-0.000181,0,0.6635,3
2022-08-04 21:15:00,LONG,38.48,38.36,sl,-0.004,0,0.7067,3
2022-08-05 01:05:00,SHORT,38.92,39.04,sl,-0.003991,0,0.6977,3
2022-08-05 02:00:00,SHORT,39.54,39.66,sl,-0.003991,0,0.7277,3
2022-08-05 02:10:00,LONG,39.49,39.69,tp,0.004,1,0.6823,3
2022-08-05 03:25:00,SHORT,40.02,40.14,sl,-0.003991,0,0.7455,3
2022-08-05 04:45:00,SHORT,40.06,39.86,tp,0.004025,1,0.7274,3
2022-08-05 08:05:00,SHORT,40.27,40.07,tp,0.004025,1,0.6915,3
2022-08-05 08:15:00,LONG,39.9,40.1,tp,0.004,1,0.6819,3
2022-08-05 09:40:00,SHORT,40.45,40.25,tp,0.004025,1,0.6777,3
2022-08-05 11:15:00,SHORT,40.83,40.63,tp,0.004025,1,0.77,3
2022-08-05 11:45:00,SHORT,40.9,41.02,sl,-0.003991,0,0.6565,3
2022-08-05 12:40:00,SHORT,40.31,40.11,tp,0.004025,1,0.676,3
2022-08-05 12:50:00,LONG,40.01,40.21,tp,0.004,1,0.6912,3
2022-08-05 13:10:00,LONG,39.73,39.93,tp,0.004,1,0.8706,3
2022-08-05 13:25:00,LONG,39.81,40.01,tp,0.004,1,0.6669,3
2022-08-05 13:35:00,SHORT,40.0,40.12,sl,-0.003991,0,0.7684,3
2022-08-05 14:40:00,LONG,40.39,40.59,tp,0.004,1,0.8331,3
2022-08-05 14:45:00,SHORT,40.68,40.48,tp,0.004025,1,0.7994,3
2022-08-05 15:25:00,LONG,40.06,40.26,tp,0.004,1,0.8806,3
2022-08-05 15:30:00,SHORT,40.22,40.02,tp,0.004025,1,0.7689,3
2022-08-05 15:50:00,SHORT,40.16,39.96,tp,0.004025,1,0.7332,3
2022-08-05 17:20:00,LONG,39.85,39.73,sl,-0.004,0,0.6669,3
2022-08-05 17:50:00,LONG,39.74,39.62,sl,-0.004,0,0.6569,3
2022-08-05 18:10:00,LONG,39.64,39.52,sl,-0.004,0,0.7505,3
2022-08-05 20:05:00,LONG,39.79,39.99,tp,0.004,1,0.7188,3
2022-08-05 20:45:00,LONG,40.2,40.4,tp,0.004,1,0.6825,3
2022-08-05 22:05:00,LONG,40.26,40.46,tp,0.004,1,0.6846,3
2022-08-05 23:55:00,LONG,40.57,40.45,sl,-0.004,0,0.7448,3
2022-08-06 00:00:00,SHORT,40.61,40.41,tp,0.004025,1,0.7145,3
2022-08-06 00:05:00,LONG,40.53,40.41,sl,-0.004,0,0.6958,3
2022-08-06 00:25:00,LONG,40.53,40.41,sl,-0.004,0,0.6702,3
2022-08-06 00:40:00,SHORT,40.63,40.43,tp,0.004025,1,0.6932,3
2022-08-06 01:15:00,SHORT,40.59,40.39,tp,0.004025,1,0.6996,3
2022-08-06 01:45:00,SHORT,40.44,40.24,tp,0.004025,1,0.6616,3
2022-08-06 02:25:00,SHORT,40.41,40.42,timeout,-0.001258,0,0.6629,3
2022-08-06 02:30:00,LONG,40.39,40.43,timeout,-2e-05,0,0.6909,3
2022-08-06 05:15:00,LONG,40.34,40.39,timeout,0.00023,1,0.7265,3
2022-08-06 05:30:00,LONG,40.32,40.39,timeout,0.000727,1,0.6539,3
2022-08-06 07:25:00,LONG,40.34,40.54,tp,0.004,1,0.6711,3
2022-08-07 00:00:00,LONG,40.0,40.2,tp,0.004,1,0.6635,3
2022-08-07 00:35:00,SHORT,40.19,39.99,tp,0.004025,1,0.6542,3
2022-08-07 00:55:00,SHORT,39.37,39.49,sl,-0.003991,0,0.6851,3
2022-08-07 01:00:00,LONG,39.33,39.53,tp,0.004,1,0.6883,3
2022-08-07 18:55:00,SHORT,40.66,40.58,timeout,0.000956,1,0.6745,3
2022-08-07 20:40:00,SHORT,41.21,41.0,tp,0.004025,1,0.6595,3
2022-08-07 21:10:00,SHORT,41.5,41.29,tp,0.004025,1,0.6979,3
2022-08-07 22:40:00,LONG,40.73,40.61,sl,-0.004,0,0.7426,3
2022-08-07 23:10:00,LONG,40.51,40.71,tp,0.004,1,0.7954,3
2022-08-08 00:15:00,SHORT,41.12,40.91,tp,0.004025,1,0.7189,3
2022-08-08 00:45:00,SHORT,40.9,40.7,tp,0.004025,1,0.6586,3
2022-08-08 01:05:00,SHORT,40.92,40.71,tp,0.004025,1,0.7381,3
2022-08-08 06:25:00,LONG,42.48,42.69,tp,0.004,1,0.6586,3
2022-08-08 07:10:00,SHORT,42.66,42.79,sl,-0.003991,0,0.6752,3
2022-08-08 07:25:00,SHORT,42.7,42.49,tp,0.004025,1,0.6962,3
2022-08-08 08:30:00,SHORT,42.8,42.93,sl,-0.003991,0,0.6737,3
2022-08-08 09:10:00,LONG,42.54,42.75,tp,0.004,1,0.6843,3
2022-08-08 09:20:00,SHORT,42.7,42.53,timeout,0.002936,1,0.6996,3
2022-08-08 09:45:00,SHORT,42.68,42.6,timeout,0.000816,1,0.7217,3
2022-08-08 10:25:00,LONG,42.52,42.73,tp,0.004,1,0.7094,3
2022-08-08 12:05:00,SHORT,43.66,43.44,tp,0.004025,1,0.7568,3
2022-08-08 12:15:00,LONG,43.08,43.3,tp,0.004,1,0.7411,3
2022-08-08 12:35:00,LONG,43.0,43.22,tp,0.004,1,0.8145,3
2022-08-08 12:50:00,SHORT,43.28,43.06,tp,0.004025,1,0.7635,3
2022-08-08 13:05:00,LONG,42.7,42.91,tp,0.004,1,0.8419,3
2022-08-08 13:15:00,SHORT,42.94,43.07,sl,-0.003991,0,0.7983,3
2022-08-08 14:40:00,SHORT,43.11,42.89,tp,0.004025,1,0.7791,3
2022-08-08 15:05:00,SHORT,43.02,42.8,tp,0.004025,1,0.7255,3
2022-08-08 16:55:00,SHORT,42.14,42.27,sl,-0.003991,0,0.6512,3
2022-08-08 17:15:00,SHORT,42.3,42.09,tp,0.004025,1,0.6716,3
2022-08-08 17:30:00,SHORT,42.27,42.06,tp,0.004025,1,0.6841,3
2022-08-08 17:40:00,LONG,42.23,42.1,sl,-0.004,0,0.6624,3
2022-08-08 18:05:00,LONG,42.13,42.34,tp,0.004,1,0.6516,3
2022-08-08 19:15:00,LONG,42.17,42.38,tp,0.004,1,0.6668,3
2022-08-08 20:00:00,SHORT,42.52,42.65,sl,-0.003991,0,0.6825,3
2022-08-08 20:10:00,LONG,42.43,42.64,tp,0.004,1,0.6779,3
2022-08-08 21:30:00,LONG,42.29,42.5,tp,0.004,1,0.8198,3
2022-08-08 21:40:00,SHORT,42.47,42.26,tp,0.004025,1,0.6578,3
2022-08-08 23:40:00,LONG,42.04,42.25,tp,0.004,1,0.7217,3
2022-08-09 00:30:00,SHORT,42.4,42.19,tp,0.004025,1,0.747,3
2022-08-09 01:45:00,LONG,41.6,41.81,tp,0.004,1,0.7738,3
2022-08-09 05:00:00,SHORT,42.7,42.49,tp,0.004025,1,0.6709,3
2022-08-09 06:00:00,LONG,42.31,42.39,timeout,0.000835,1,0.6845,3
2022-08-09 08:00:00,SHORT,42.53,42.32,tp,0.004025,1,0.6652,3
2022-08-09 09:10:00,SHORT,42.27,42.06,tp,0.004025,1,0.6564,3
2022-08-09 09:30:00,SHORT,42.02,41.81,tp,0.004025,1,0.6973,3
2022-08-09 09:40:00,LONG,41.77,41.98,tp,0.004,1,0.8152,3
2022-08-09 13:35:00,LONG,41.31,41.19,sl,-0.004,0,0.6952,3
2022-08-09 14:05:00,LONG,39.88,40.08,tp,0.004,1,0.7942,3
2022-08-09 14:50:00,SHORT,40.26,40.06,tp,0.004025,1,0.6873,3
2022-08-09 15:25:00,SHORT,40.4,40.2,tp,0.004025,1,0.6867,3
2022-08-09 16:20:00,LONG,40.08,40.28,tp,0.004,1,0.7297,3
2022-08-09 16:45:00,SHORT,40.33,40.45,sl,-0.003991,0,0.6903,3
2022-08-09 16:55:00,LONG,40.27,40.47,tp,0.004,1,0.6652,3
2022-08-09 17:15:00,LONG,40.34,40.22,sl,-0.004,0,0.6589,3
2022-08-09 18:20:00,LONG,40.0,40.2,tp,0.004,1,0.7596,3
2022-08-09 19:10:00,LONG,40.0,40.2,tp,0.004,1,0.7195,3
2022-08-09 21:15:00,LONG,40.37,40.57,tp,0.004,1,0.7081,3
2022-08-09 22:00:00,LONG,40.48,40.68,tp,0.004,1,0.6691,3
2022-08-09 23:45:00,LONG,40.32,40.2,sl,-0.004,0,0.7026,3
2022-08-10 00:00:00,LONG,40.19,40.07,sl,-0.004,0,0.752,3
2022-08-10 00:35:00,SHORT,39.83,39.63,tp,0.004025,1,0.6515,3
2022-08-10 01:45:00,SHORT,39.85,39.65,tp,0.004025,1,0.7381,3
2022-08-10 01:55:00,LONG,39.64,39.52,sl,-0.004,0,0.7124,3
2022-08-10 03:00:00,SHORT,39.46,39.26,tp,0.004025,1,0.6615,3
2022-08-10 03:35:00,LONG,39.41,39.29,sl,-0.004,0,0.6915,3
2022-08-10 03:55:00,LONG,39.3,39.5,tp,0.004,1,0.6843,3
2022-08-10 07:05:00,LONG,39.51,39.71,tp,0.004,1,0.7041,3
2022-08-10 07:35:00,LONG,39.74,39.62,sl,-0.004,0,0.7184,3
2022-08-10 07:55:00,LONG,39.7,39.9,tp,0.004,1,0.6696,3
2022-08-10 10:35:00,LONG,39.73,39.93,tp,0.004,1,0.6527,3
2022-08-10 11:25:00,SHORT,40.14,39.94,tp,0.004025,1,0.6594,3
2022-08-10 12:30:00,LONG,41.26,41.47,tp,0.004,1,0.7548,3
2022-08-10 12:35:00,LONG,41.63,41.51,sl,-0.004,0,0.7579,3
2022-08-10 12:45:00,LONG,41.9,41.78,sl,-0.004,0,0.6996,3
2022-08-10 12:50:00,LONG,41.83,42.04,tp,0.004,1,0.7285,3
2022-08-10 12:55:00,LONG,42.16,42.03,sl,-0.004,0,0.6794,3
2022-08-10 13:00:00,SHORT,42.16,41.95,tp,0.004025,1,0.7155,3
2022-08-10 13:10:00,LONG,41.92,42.13,tp,0.004,1,0.7363,3
2022-08-10 14:25:00,SHORT,41.99,42.11,sl,-0.003991,0,0.7002,3
2022-08-10 14:45:00,SHORT,42.22,42.35,sl,-0.003991,0,0.7605,3
2022-08-10 15:35:00,LONG,42.13,42.34,tp,0.004,1,0.6545,3
2022-08-10 15:55:00,LONG,42.1,42.31,tp,0.004,1,0.738,3
2022-08-10 16:40:00,LONG,41.87,41.75,sl,-0.004,0,0.7708,3
2022-08-10 17:15:00,SHORT,41.99,41.78,tp,0.004025,1,0.6628,3
2022-08-10 22:00:00,SHORT,42.3,42.43,sl,-0.003991,0,0.6663,3
2022-08-10 22:15:00,LONG,42.12,41.99,sl,-0.004,0,0.6719,3
2022-08-10 23:05:00,SHORT,42.14,42.27,sl,-0.003991,0,0.6502,3
2022-08-10 23:20:00,LONG,42.0,42.21,tp,0.004,1,0.6845,3
2022-08-11 00:15:00,SHORT,42.59,42.38,tp,0.004025,1,0.7545,3
2022-08-11 00:30:00,LONG,42.4,42.61,tp,0.004,1,0.7155,3
2022-08-11 00:35:00,SHORT,42.48,42.61,sl,-0.003991,0,0.6951,3
2022-08-11 01:55:00,SHORT,43.2,42.98,tp,0.004025,1,0.7546,3
2022-08-11 02:15:00,LONG,42.55,42.76,tp,0.004,1,0.717,3
2022-08-11 02:30:00,SHORT,42.89,42.67,tp,0.004025,1,0.8077,3
2022-08-11 02:40:00,LONG,42.61,42.82,tp,0.004,1,0.783,3
2022-08-11 03:45:00,SHORT,43.99,43.77,tp,0.004025,1,0.7733,3
2022-08-11 04:05:00,LONG,44.04,43.91,sl,-0.004,0,0.6851,3
2022-08-11 04:40:00,SHORT,44.18,44.31,sl,-0.003991,0,0.7126,3
2022-08-11 05:05:00,SHORT,44.31,44.09,tp,0.004025,1,0.7461,3
2022-08-11 06:00:00,SHORT,44.66,44.79,sl,-0.003991,0,0.8097,3
2022-08-11 06:35:00,LONG,44.72,44.59,sl,-0.004,0,0.6637,3
2022-08-11 06:55:00,SHORT,44.8,44.93,sl,-0.003991,0,0.6923,3
2022-08-11 07:40:00,SHORT,44.46,44.24,tp,0.004025,1,0.6726,3
2022-08-11 08:20:00,LONG,44.39,44.26,sl,-0.004,0,0.742,3
2022-08-11 08:55:00,SHORT,44.33,44.11,tp,0.004025,1,0.706,3
2022-08-11 09:55:00,LONG,43.94,44.16,tp,0.004,1,0.6877,3
2022-08-11 10:50:00,LONG,43.91,43.78,sl,-0.004,0,0.7515,3
2022-08-11 11:30:00,LONG,44.0,44.22,tp,0.004,1,0.7023,3
2022-08-11 11:55:00,LONG,44.1,44.32,tp,0.004,1,0.6911,3
2022-08-11 12:55:00,SHORT,44.76,44.53,tp,0.004025,1,0.8237,3
2022-08-11 13:40:00,SHORT,44.31,44.44,sl,-0.003991,0,0.6886,3
2022-08-11 14:50:00,SHORT,44.3,44.08,tp,0.004025,1,0.7562,3
2022-08-11 15:15:00,LONG,43.8,44.02,tp,0.004,1,0.8461,3
2022-08-11 15:45:00,SHORT,43.68,43.46,tp,0.004025,1,0.7238,3
2022-08-11 15:50:00,LONG,43.49,43.71,tp,0.004,1,0.8112,3
2022-08-11 16:30:00,SHORT,43.86,43.64,tp,0.004025,1,0.8116,3
2022-08-11 17:00:00,LONG,43.73,43.95,tp,0.004,1,0.6978,3
2022-08-11 17:25:00,SHORT,43.96,43.74,tp,0.004025,1,0.7017,3
2022-08-11 18:05:00,SHORT,43.58,43.36,tp,0.004025,1,0.733,3
2022-08-11 18:40:00,SHORT,43.42,43.2,tp,0.004025,1,0.6575,3
2022-08-11 20:20:00,LONG,43.03,43.25,tp,0.004,1,0.6747,3
2022-08-11 20:30:00,SHORT,43.37,43.5,sl,-0.003991,0,0.6605,3
2022-08-11 20:45:00,LONG,43.29,43.16,sl,-0.004,0,0.6931,3
2022-08-11 23:00:00,SHORT,42.71,42.5,tp,0.004025,1,0.6608,3
2022-08-12 00:40:00,SHORT,42.88,43.01,sl,-0.003991,0,0.7398,3
2022-08-12 01:00:00,SHORT,43.07,42.85,tp,0.004025,1,0.6709,3
2022-08-12 01:10:00,LONG,42.93,42.8,sl,-0.004,0,0.7334,3
2022-08-12 01:35:00,LONG,42.81,43.03,tp,0.004,1,0.6614,3
2022-08-12 02:10:00,LONG,42.66,42.87,tp,0.004,1,0.7896,3
2022-08-12 06:05:00,LONG,43.06,42.93,sl,-0.004,0,0.7653,3
2022-08-12 07:40:00,LONG,42.96,43.18,tp,0.004,1,0.7102,3
2022-08-12 08:45:00,SHORT,43.51,43.29,tp,0.004025,1,0.7305,3
2022-08-12 10:25:00,LONG,42.89,42.76,sl,-0.004,0,0.8462,3
2022-08-12 11:00:00,LONG,42.5,42.71,tp,0.004,1,0.8391,3
2022-08-12 11:55:00,LONG,42.33,42.54,tp,0.004,1,0.7007,3
2022-08-12 13:40:00,SHORT,42.96,42.74,tp,0.004025,1,0.7093,3
2022-08-12 15:05:00,LONG,42.66,42.87,tp,0.004,1,0.6506,3
2022-08-12 15:20:00,SHORT,43.1,43.23,sl,-0.003991,0,0.6688,3
2022-08-12 16:00:00,SHORT,43.41,43.19,tp,0.004025,1,0.7889,3
2022-08-12 17:10:00,LONG,43.02,43.06,timeout,-0.000141,0,0.692,3
2022-08-12 18:05:00,LONG,43.03,43.25,tp,0.004,1,0.6868,3
2022-08-12 19:05:00,LONG,43.79,44.01,tp,0.004,1,0.6833,3
2022-08-12 19:35:00,SHORT,44.5,44.28,tp,0.004025,1,0.6686,3
2022-08-12 19:45:00,LONG,44.37,44.59,tp,0.004,1,0.6893,3
2022-08-12 20:00:00,LONG,44.8,45.03,tp,0.004,1,0.6633,3
2022-08-12 20:15:00,SHORT,44.83,44.6,tp,0.004025,1,0.669,3
2022-08-12 20:20:00,LONG,44.65,44.52,sl,-0.004,0,0.6631,3
2022-08-12 20:55:00,SHORT,44.79,44.56,tp,0.004025,1,0.7194,3
2022-08-12 21:30:00,SHORT,44.64,44.41,tp,0.004025,1,0.7405,3
2022-08-12 21:50:00,LONG,44.38,44.6,tp,0.004,1,0.7087,3
2022-08-12 22:40:00,SHORT,44.75,44.88,sl,-0.003991,0,0.6546,3
2022-08-13 00:55:00,LONG,47.07,47.31,tp,0.004,1,0.6761,3
2022-08-13 01:05:00,SHORT,47.58,47.34,tp,0.004025,1,0.835,3
2022-08-13 01:20:00,LONG,47.14,47.0,sl,-0.004,0,0.6876,3
2022-08-13 01:35:00,LONG,47.0,47.24,tp,0.004,1,0.6754,3
2022-08-13 02:20:00,SHORT,47.46,47.6,sl,-0.003991,0,0.7364,3
2022-08-13 02:35:00,SHORT,47.59,47.35,tp,0.004025,1,0.7495,3
2022-08-13 03:50:00,LONG,47.17,47.41,tp,0.004,1,0.7262,3
2022-08-13 03:55:00,SHORT,47.4,47.54,sl,-0.003991,0,0.7971,3
2022-08-13 04:20:00,SHORT,47.56,47.32,tp,0.004025,1,0.7511,3
2022-08-13 05:20:00,SHORT,47.86,47.62,tp,0.004025,1,0.7575,3
2022-08-13 05:35:00,LONG,47.7,47.94,tp,0.004,1,0.7015,3
2022-08-13 06:05:00,SHORT,48.25,48.0,tp,0.004025,1,0.7429,3
2022-08-13 06:50:00,LONG,47.53,47.77,tp,0.004,1,0.7447,3
2022-08-13 07:10:00,SHORT,47.81,47.57,tp,0.004025,1,0.8339,3
2022-08-13 07:20:00,LONG,47.66,47.52,sl,-0.004,0,0.7801,3
2022-08-13 07:55:00,LONG,47.18,47.42,tp,0.004,1,0.7305,3
2022-08-13 08:20:00,LONG,47.27,47.13,sl,-0.004,0,0.7565,3
2022-08-13 08:30:00,SHORT,47.34,47.1,tp,0.004025,1,0.6685,3
2022-08-13 10:50:00,LONG,46.79,47.03,tp,0.004,1,0.794,3
2022-08-13 12:50:00,SHORT,46.68,46.82,sl,-0.003991,0,0.6779,3
2022-08-13 13:05:00,SHORT,46.8,46.94,sl,-0.003991,0,0.7046,3
2022-08-13 13:20:00,SHORT,46.82,46.96,sl,-0.003991,0,0.6939,3
2022-08-13 14:35:00,SHORT,46.57,46.33,tp,0.004025,1,0.6809,3
2022-08-13 15:30:00,LONG,46.14,46.37,tp,0.004,1,0.7025,3
2022-08-13 16:00:00,SHORT,46.34,46.48,sl,-0.003991,0,0.6725,3
2022-08-13 17:35:00,SHORT,46.67,46.43,tp,0.004025,1,0.6815,3
2022-08-13 19:25:00,LONG,46.27,46.5,tp,0.004,1,0.6543,3
2022-08-13 21:50:00,SHORT,46.47,46.61,sl,-0.003991,0,0.6697,3
2022-08-13 22:00:00,LONG,46.48,46.72,tp,0.004,1,0.6672,3
2022-08-13 22:15:00,SHORT,46.82,46.58,tp,0.004025,1,0.7518,3
2022-08-14 00:55:00,LONG,46.52,46.76,tp,0.004,1,0.6995,3
2022-08-14 01:05:00,SHORT,46.69,46.45,tp,0.004025,1,0.7103,3
2022-08-14 02:00:00,LONG,46.62,46.86,tp,0.004,1,0.7559,3
2022-08-14 02:05:00,SHORT,46.76,46.52,tp,0.004025,1,0.8045,3
2022-08-14 03:45:00,SHORT,46.8,46.94,sl,-0.003991,0,0.6852,3
2022-08-14 04:25:00,LONG,46.61,46.85,tp,0.004,1,0.6522,3
2022-08-14 06:35:00,SHORT,47.56,47.32,tp,0.004025,1,0.7271,3
2022-08-14 07:00:00,SHORT,47.62,47.38,tp,0.004025,1,0.7658,3
2022-08-14 07:10:00,LONG,47.38,47.62,tp,0.004,1,0.6737,3
2022-08-14 08:25:00,SHORT,47.44,47.2,tp,0.004025,1,0.6641,3
2022-08-14 09:10:00,LONG,47.06,47.3,tp,0.004,1,0.7126,3
2022-08-14 09:35:00,SHORT,47.35,47.11,tp,0.004025,1,0.727,3
2022-08-14 10:55:00,LONG,46.83,47.07,tp,0.004,1,0.7657,3
2022-08-14 11:15:00,SHORT,47.02,46.78,tp,0.004025,1,0.6709,3
2022-08-14 11:40:00,LONG,46.64,46.5,sl,-0.004,0,0.7607,3
2022-08-14 12:10:00,LONG,46.5,46.36,sl,-0.004,0,0.7732,3
2022-08-14 12:25:00,LONG,46.44,46.3,sl,-0.004,0,0.798,3
2022-08-14 12:50:00,LONG,46.36,46.22,sl,-0.004,0,0.653,3
2022-08-14 13:00:00,SHORT,46.37,46.13,tp,0.004025,1,0.6767,3
2022-08-14 13:30:00,LONG,45.93,46.16,tp,0.004,1,0.69,3
2022-08-14 15:10:00,LONG,45.91,45.89,timeout,-0.001564,0,0.7129,3
2022-08-14 15:30:00,LONG,45.9,45.77,sl,-0.004,0,0.716,3
2022-08-14 17:20:00,SHORT,45.02,44.79,tp,0.004025,1,0.7262,3
2022-08-14 17:40:00,SHORT,44.96,44.73,tp,0.004025,1,0.6936,3
2022-08-14 18:00:00,LONG,44.59,44.82,tp,0.004,1,0.7215,3
2022-08-14 18:40:00,SHORT,45.0,45.13,sl,-0.003991,0,0.6523,3
2022-08-14 20:15:00,SHORT,45.22,45.35,sl,-0.003991,0,0.6623,3
2022-08-14 21:35:00,LONG,45.46,45.33,sl,-0.004,0,0.6924,3
2022-08-14 22:05:00,SHORT,45.04,44.81,tp,0.004025,1,0.7093,3
2022-08-14 22:40:00,SHORT,45.47,45.24,tp,0.004025,1,0.7133,3
2022-08-15 00:45:00,SHORT,45.45,45.58,sl,-0.003991,0,0.6813,3
2022-08-15 01:00:00,SHORT,45.53,45.3,tp,0.004025,1,0.7757,3
2022-08-15 03:05:00,LONG,46.77,47.01,tp,0.004,1,0.6941,3
2022-08-15 03:10:00,SHORT,47.14,46.9,tp,0.004025,1,0.8313,3
2022-08-15 03:20:00,LONG,46.92,46.78,sl,-0.004,0,0.7393,3
2022-08-15 03:40:00,LONG,46.37,46.61,tp,0.004,1,0.7027,3
2022-08-15 04:05:00,LONG,46.28,46.14,sl,-0.004,0,0.7598,3
2022-08-15 04:25:00,LONG,46.16,46.39,tp,0.004,1,0.8455,3
2022-08-15 04:45:00,LONG,46.28,46.51,tp,0.004,1,0.7351,3
2022-08-15 05:00:00,SHORT,46.54,46.3,tp,0.004025,1,0.6686,3
2022-08-15 05:45:00,LONG,45.84,45.71,sl,-0.004,0,0.7246,3
2022-08-15 06:50:00,SHORT,43.94,44.07,sl,-0.003991,0,0.6739,3
2022-08-15 07:40:00,LONG,43.92,43.79,sl,-0.004,0,0.6661,3
2022-08-15 08:40:00,SHORT,44.13,44.26,sl,-0.003991,0,0.7373,3
2022-08-15 08:55:00,SHORT,44.18,43.96,tp,0.004025,1,0.713,3
2022-08-15 10:20:00,LONG,44.18,44.05,sl,-0.004,0,0.7029,3
2022-08-15 11:40:00,SHORT,43.93,44.06,sl,-0.003991,0,0.6774,3
2022-08-15 12:10:00,LONG,43.88,44.1,tp,0.004,1,0.6996,3
2022-08-15 13:20:00,LONG,43.98,44.2,tp,0.004,1,0.6744,3
2022-08-15 13:40:00,LONG,43.81,44.03,tp,0.004,1,0.7787,3
2022-08-15 13:55:00,SHORT,44.31,44.09,tp,0.004025,1,0.7111,3
2022-08-15 14:20:00,LONG,43.98,44.2,tp,0.004,1,0.7705,3
2022-08-15 14:30:00,SHORT,44.17,43.95,tp,0.004025,1,0.7719,3
2022-08-15 16:30:00,SHORT,44.45,44.58,sl,-0.003991,0,0.7109,3
2022-08-15 16:35:00,LONG,44.3,44.52,tp,0.004,1,0.743,3
2022-08-15 17:30:00,LONG,44.06,43.93,sl,-0.004,0,0.7627,3
2022-08-15 18:05:00,LONG,43.79,44.01,tp,0.004,1,0.8418,3
2022-08-15 18:20:00,SHORT,43.96,43.74,tp,0.004025,1,0.6667,3
2022-08-15 19:30:00,LONG,43.79,44.01,tp,0.004,1,0.6921,3
2022-08-15 19:55:00,LONG,43.83,44.05,tp,0.004,1,0.7514,3
2022-08-15 22:15:00,SHORT,44.09,43.87,tp,0.004025,1,0.6628,3
2022-08-16 00:00:00,LONG,43.77,43.64,sl,-0.004,0,0.6628,3
2022-08-16 00:35:00,LONG,43.22,43.44,tp,0.004,1,0.8117,3
2022-08-16 01:00:00,LONG,43.93,44.15,tp,0.004,1,0.6718,3
2022-08-16 01:15:00,SHORT,44.02,44.15,sl,-0.003991,0,0.6744,3
2022-08-16 01:30:00,SHORT,44.16,43.94,tp,0.004025,1,0.8541,3
2022-08-16 02:05:00,SHORT,43.7,43.48,tp,0.004025,1,0.7409,3
2022-08-16 05:25:00,SHORT,43.14,42.92,tp,0.004025,1,0.741,3
2022-08-16 06:00:00,SHORT,43.19,43.32,sl,-0.003991,0,0.7059,3
2022-08-16 06:55:00,LONG,43.16,43.29,timeout,0.001937,1,0.7153,3
2022-08-16 10:25:00,LONG,43.81,43.68,sl,-0.004,0,0.6796,3
2022-08-16 11:10:00,LONG,44.09,43.96,sl,-0.004,0,0.7516,3
2022-08-16 12:00:00,SHORT,44.17,43.95,tp,0.004025,1,0.7076,3
2022-08-16 12:15:00,SHORT,44.17,43.95,tp,0.004025,1,0.7308,3
2022-08-16 12:50:00,SHORT,43.65,43.43,tp,0.004025,1,0.6554,3
2022-08-16 13:30:00,SHORT,43.53,43.31,tp,0.004025,1,0.7298,3
2022-08-16 13:50:00,SHORT,43.12,43.25,sl,-0.003991,0,0.7016,3
2022-08-16 14:00:00,SHORT,43.05,43.18,sl,-0.003991,0,0.7161,3
2022-08-16 14:20:00,SHORT,43.1,42.88,tp,0.004025,1,0.7588,3
2022-08-16 15:05:00,LONG,42.91,43.13,tp,0.004,1,0.6846,3
2022-08-16 15:30:00,SHORT,43.25,43.38,sl,-0.003991,0,0.6563,3
2022-08-16 16:45:00,LONG,42.84,43.06,tp,0.004,1,0.6864,3
2022-08-16 17:05:00,SHORT,43.27,43.05,tp,0.004025,1,0.8069,3
2022-08-16 17:35:00,SHORT,43.25,43.38,sl,-0.003991,0,0.8057,3
2022-08-16 18:10:00,LONG,43.43,43.3,sl,-0.004,0,0.6802,3
2022-08-16 18:15:00,SHORT,43.53,43.31,tp,0.004025,1,0.8189,3
2022-08-16 18:40:00,SHORT,42.81,42.59,tp,0.004025,1,0.6717,3
2022-08-16 19:05:00,SHORT,43.14,43.26,timeout,-0.003848,0,0.6876,3
2022-08-16 19:20:00,LONG,43.06,43.18,timeout,0.001714,1,0.7061,3
2022-08-16 19:25:00,SHORT,43.07,43.2,sl,-0.003991,0,0.7163,3
2022-08-16 19:40:00,LONG,43.01,43.23,tp,0.004,1,0.7599,3
2022-08-16 19:45:00,SHORT,43.17,43.3,sl,-0.003991,0,0.6976,3
2022-08-16 20:00:00,LONG,43.11,43.33,tp,0.004,1,0.7277,3
2022-08-16 21:00:00,SHORT,43.46,43.24,tp,0.004025,1,0.7099,3
2022-08-16 21:55:00,SHORT,43.24,43.02,tp,0.004025,1,0.6769,3
2022-08-16 22:05:00,SHORT,43.11,42.89,tp,0.004025,1,0.6693,3
2022-08-16 22:15:00,LONG,43.0,42.87,sl,-0.004,0,0.6919,3
2022-08-16 22:30:00,LONG,42.96,43.18,tp,0.004,1,0.668,3
2022-08-16 22:50:00,SHORT,43.14,43.27,sl,-0.003991,0,0.6501,3
2022-08-16 23:50:00,SHORT,43.19,42.97,tp,0.004025,1,0.6745,3
2022-08-17 00:00:00,LONG,43.05,43.27,tp,0.004,1,0.7018,3
2022-08-17 00:35:00,SHORT,43.65,43.78,sl,-0.003991,0,0.8152,3
2022-08-17 00:55:00,LONG,43.7,43.57,sl,-0.004,0,0.6856,3
2022-08-17 01:15:00,LONG,43.61,43.83,tp,0.004,1,0.7441,3
2022-08-17 02:45:00,LONG,43.81,44.03,tp,0.004,1,0.7097,3
2022-08-17 04:50:00,LONG,44.04,44.26,tp,0.004,1,0.6599,3
2022-08-17 06:20:00,LONG,44.46,44.33,sl,-0.004,0,0.7146,3
2022-08-17 07:35:00,LONG,43.11,43.33,tp,0.004,1,0.8494,3
2022-08-17 08:05:00,LONG,43.16,43.38,tp,0.004,1,0.6937,3
2022-08-17 08:25:00,LONG,43.12,42.99,sl,-0.004,0,0.7827,3
2022-08-17 10:30:00,SHORT,42.87,42.88,timeout,-0.0013,0,0.6689,3
2022-08-17 12:05:00,SHORT,42.4,42.19,tp,0.004025,1,0.6648,3
2022-08-17 12:40:00,SHORT,42.26,42.05,tp,0.004025,1,0.6785,3
2022-08-17 13:15:00,LONG,41.89,41.77,sl,-0.004,0,0.7147,3
2022-08-17 13:30:00,SHORT,41.76,41.88,sl,-0.003991,0,0.7342,3
2022-08-17 14:10:00,LONG,41.37,41.25,sl,-0.004,0,0.7314,3
2022-08-17 15:40:00,LONG,40.94,41.15,tp,0.004,1,0.6717,3
2022-08-17 17:15:00,LONG,41.26,41.47,tp,0.004,1,0.726,3
2022-08-17 18:05:00,LONG,41.32,41.53,tp,0.004,1,0.6802,3
2022-08-17 19:45:00,LONG,40.83,40.71,sl,-0.004,0,0.7018,3
2022-08-17 20:00:00,LONG,40.57,40.77,tp,0.004,1,0.7324,3
2022-08-17 21:55:00,SHORT,40.55,40.35,tp,0.004025,1,0.7563,3
2022-08-17 22:25:00,LONG,40.36,40.56,tp,0.004,1,0.6841,3
2022-08-17 22:45:00,SHORT,40.57,40.37,tp,0.004025,1,0.7065,3
2022-08-17 23:40:00,SHORT,40.56,40.36,tp,0.004025,1,0.7293,3
2022-08-18 00:15:00,SHORT,40.58,40.38,tp,0.004025,1,0.6645,3
2022-08-18 00:25:00,LONG,40.33,40.53,tp,0.004,1,0.6841,3
2022-08-18 01:10:00,LONG,40.66,40.86,tp,0.004,1,0.7414,3
2022-08-18 01:25:00,SHORT,40.91,40.7,tp,0.004025,1,0.8214,3
2022-08-18 01:50:00,LONG,40.74,40.94,tp,0.004,1,0.6843,3
2022-08-18 01:55:00,SHORT,40.85,40.65,tp,0.004025,1,0.6906,3
2022-08-18 02:35:00,LONG,40.67,40.87,tp,0.004,1,0.6721,3
2022-08-18 04:55:00,LONG,40.66,40.86,tp,0.004,1,0.6634,3
2022-08-18 10:15:00,LONG,41.17,41.05,sl,-0.004,0,0.6914,3
2022-08-18 12:35:00,LONG,41.32,41.53,tp,0.004,1,0.6513,3
2022-08-18 14:30:00,LONG,40.8,41.0,tp,0.004,1,0.74,3
2022-08-18 14:45:00,SHORT,41.02,40.81,tp,0.004025,1,0.7053,3
2022-08-18 15:05:00,LONG,40.79,40.99,tp,0.004,1,0.6526,3
2022-08-18 16:05:00,SHORT,41.21,41.0,tp,0.004025,1,0.7077,3
2022-08-18 16:30:00,SHORT,40.75,40.55,tp,0.004025,1,0.7027,3
2022-08-18 16:35:00,LONG,40.62,40.82,tp,0.004,1,0.736,3
2022-08-18 16:50:00,SHORT,40.85,40.97,sl,-0.003991,0,0.7478,3
2022-08-18 17:35:00,SHORT,40.86,40.66,tp,0.004025,1,0.6592,3
2022-08-18 18:10:00,SHORT,40.67,40.47,tp,0.004025,1,0.6733,3
2022-08-18 18:45:00,LONG,40.44,40.64,tp,0.004,1,0.6534,3
2022-08-18 19:30:00,SHORT,41.01,40.8,tp,0.004025,1,0.7022,3
2022-08-18 20:05:00,LONG,40.7,40.9,tp,0.004,1,0.7019,3
2022-08-18 23:25:00,LONG,39.54,39.74,tp,0.004,1,0.6847,3
2022-08-19 01:25:00,LONG,37.91,38.1,tp,0.004,1,0.8701,3
2022-08-19 01:50:00,LONG,38.01,38.2,tp,0.004,1,0.7521,3
2022-08-19 02:15:00,SHORT,38.29,38.1,tp,0.004025,1,0.7724,3
2022-08-19 02:40:00,LONG,38.13,38.32,tp,0.004,1,0.7702,3
2022-08-19 03:25:00,LONG,38.25,38.44,tp,0.004,1,0.7197,3
2022-08-19 04:10:00,LONG,38.23,38.24,timeout,-0.000692,0,0.6574,3
2022-08-19 05:05:00,LONG,38.35,38.23,sl,-0.004,0,0.6663,3
2022-08-19 06:35:00,LONG,36.15,36.33,tp,0.004,1,0.7936,3
2022-08-19 06:55:00,LONG,35.97,36.15,tp,0.004,1,0.8723,3
2022-08-19 07:05:00,LONG,36.23,36.41,tp,0.004,1,0.703,3
2022-08-19 07:10:00,SHORT,36.34,36.16,tp,0.004025,1,0.7484,3
2022-08-19 07:25:00,LONG,36.21,36.39,tp,0.004,1,0.8083,3
2022-08-19 08:30:00,LONG,36.13,36.31,tp,0.004,1,0.8526,3
2022-08-19 08:40:00,SHORT,36.36,36.18,tp,0.004025,1,0.8213,3
2022-08-19 10:45:00,LONG,36.09,36.27,tp,0.004,1,0.801,3
2022-08-19 11:35:00,LONG,35.67,35.85,tp,0.004,1,0.8576,3
2022-08-19 12:30:00,LONG,36.38,36.56,tp,0.004,1,0.6767,3
2022-08-19 12:45:00,LONG,36.8,36.69,sl,-0.004,0,0.6519,3
2022-08-19 12:50:00,SHORT,36.82,36.64,tp,0.004025,1,0.683,3
2022-08-19 13:10:00,LONG,36.56,36.45,sl,-0.004,0,0.8077,3
2022-08-19 13:20:00,SHORT,36.65,36.47,tp,0.004025,1,0.6756,3
2022-08-19 13:50:00,LONG,36.42,36.6,tp,0.004,1,0.6766,3
2022-08-19 14:00:00,SHORT,36.58,36.69,sl,-0.003991,0,0.7022,3
2022-08-19 14:30:00,SHORT,37.09,36.91,tp,0.004025,1,0.7905,3
2022-08-19 15:05:00,LONG,36.56,36.74,tp,0.004,1,0.6942,3
2022-08-19 15:15:00,SHORT,36.57,36.68,sl,-0.003991,0,0.6703,3
2022-08-19 16:05:00,LONG,36.85,37.03,tp,0.004,1,0.7897,3
2022-08-19 16:25:00,LONG,37.27,37.45,tp,0.004,1,0.7269,3
2022-08-19 16:30:00,SHORT,37.49,37.6,sl,-0.003991,0,0.7042,3
2022-08-19 16:50:00,SHORT,37.74,37.55,tp,0.004025,1,0.737,3
2022-08-19 17:55:00,SHORT,37.52,37.33,tp,0.004025,1,0.8488,3
2022-08-19 18:25:00,LONG,37.07,37.25,tp,0.004,1,0.6729,3
2022-08-19 19:05:00,LONG,36.8,36.98,tp,0.004,1,0.8549,3
2022-08-19 20:30:00,SHORT,36.74,36.85,sl,-0.003991,0,0.6654,3
2022-08-19 20:35:00,LONG,36.74,36.92,tp,0.004,1,0.6991,3
2022-08-19 20:45:00,SHORT,36.95,36.77,tp,0.004025,1,0.7977,3
2022-08-19 21:25:00,LONG,36.78,36.67,sl,-0.004,0,0.6654,3
2022-08-19 22:35:00,LONG,36.16,36.34,tp,0.004,1,0.8115,3
2022-08-19 23:10:00,LONG,35.97,36.15,tp,0.004,1,0.7157,3
2022-08-19 23:20:00,SHORT,36.31,36.13,tp,0.004025,1,0.7457,3
2022-08-19 23:45:00,LONG,35.78,35.96,tp,0.004,1,0.8104,3
2022-08-20 00:05:00,LONG,36.13,36.31,tp,0.004,1,0.6735,3
2022-08-20 00:40:00,SHORT,36.79,36.61,tp,0.004025,1,0.8345,3
2022-08-20 00:55:00,LONG,36.4,36.58,tp,0.004,1,0.762,3
2022-08-20 01:00:00,SHORT,36.58,36.69,sl,-0.003991,0,0.8227,3
2022-08-20 01:30:00,SHORT,36.64,36.46,tp,0.004025,1,0.7983,3
2022-08-20 02:15:00,SHORT,36.69,36.8,sl,-0.003991,0,0.7574,3
2022-08-20 02:55:00,LONG,36.65,36.54,sl,-0.004,0,0.6876,3
2022-08-20 03:05:00,SHORT,36.72,36.54,tp,0.004025,1,0.6999,3
2022-08-20 03:45:00,SHORT,36.62,36.44,tp,0.004025,1,0.6998,3
2022-08-20 03:50:00,LONG,36.52,36.7,tp,0.004,1,0.7049,3
2022-08-20 04:30:00,LONG,36.52,36.7,tp,0.004,1,0.7341,3
2022-08-20 04:55:00,SHORT,36.89,36.71,tp,0.004025,1,0.6975,3
2022-08-20 05:10:00,LONG,36.52,36.7,tp,0.004,1,0.7313,3
2022-08-20 05:25:00,SHORT,36.88,36.7,tp,0.004025,1,0.7758,3
2022-08-20 07:15:00,LONG,37.08,37.26,tp,0.004,1,0.7476,3
2022-08-20 09:50:00,SHORT,36.85,36.67,tp,0.004025,1,0.6821,3
2022-08-20 10:05:00,LONG,36.64,36.53,sl,-0.004,0,0.6759,3
2022-08-20 10:50:00,SHORT,36.68,36.79,sl,-0.003991,0,0.6747,3
2022-08-20 12:15:00,LONG,36.53,36.71,tp,0.004,1,0.7011,3
2022-08-20 13:00:00,LONG,36.63,36.81,tp,0.004,1,0.6713,3
2022-08-20 13:40:00,LONG,36.63,36.81,tp,0.004,1,0.6814,3
2022-08-20 16:35:00,LONG,36.22,36.11,sl,-0.004,0,0.6562,3
2022-08-20 17:30:00,SHORT,35.97,35.79,tp,0.004025,1,0.7708,3
2022-08-20 17:40:00,LONG,35.84,36.02,tp,0.004,1,0.8019,3
2022-08-20 19:40:00,LONG,34.54,34.43,sl,-0.004,0,0.7755,3
2022-08-20 19:55:00,LONG,34.46,34.63,tp,0.004,1,0.7187,3
2022-08-20 20:15:00,SHORT,35.07,35.18,sl,-0.003991,0,0.717,3
2022-08-20 20:30:00,LONG,35.07,34.96,sl,-0.004,0,0.7439,3
2022-08-20 20:50:00,LONG,34.28,34.45,tp,0.004,1,0.8972,3
2022-08-20 21:10:00,SHORT,34.74,34.57,tp,0.004025,1,0.6937,3
2022-08-20 21:25:00,LONG,34.53,34.7,tp,0.004,1,0.8102,3
2022-08-20 22:20:00,LONG,35.16,35.05,sl,-0.004,0,0.7221,3
2022-08-20 22:40:00,LONG,35.08,35.25,tp,0.004,1,0.7625,3
2022-08-20 22:45:00,SHORT,35.12,35.23,sl,-0.003991,0,0.7155,3
2022-08-20 23:05:00,LONG,34.95,35.12,tp,0.004,1,0.7067,3
2022-08-20 23:25:00,SHORT,35.31,35.14,tp,0.004025,1,0.7714,3
2022-08-21 00:10:00,LONG,35.36,35.53,tp,0.004,1,0.676,3
2022-08-21 00:30:00,SHORT,35.62,35.44,tp,0.004025,1,0.7887,3
2022-08-21 00:50:00,LONG,35.22,35.39,tp,0.004,1,0.7141,3
2022-08-21 01:25:00,LONG,35.29,35.46,tp,0.004,1,0.6709,3
2022-08-21 02:45:00,SHORT,35.63,35.45,tp,0.004025,1,0.6903,3
2022-08-21 03:30:00,LONG,35.2,35.09,sl,-0.004,0,0.7522,3
2022-08-21 03:55:00,LONG,35.13,35.02,sl,-0.004,0,0.6526,3
2022-08-21 05:05:00,LONG,34.9,35.07,tp,0.004,1,0.8234,3
2022-08-21 05:25:00,LONG,34.96,35.13,tp,0.004,1,0.7651,3
2022-08-21 06:10:00,LONG,35.14,35.03,sl,-0.004,0,0.73,3
2022-08-21 06:50:00,LONG,34.74,34.63,sl,-0.004,0,0.8458,3
2022-08-21 07:15:00,LONG,34.62,34.79,tp,0.004,1,0.7871,3
2022-08-21 07:50:00,LONG,35.25,35.42,tp,0.004,1,0.7449,3
2022-08-21 08:10:00,SHORT,35.9,36.01,sl,-0.003991,0,0.658,3
2022-08-21 08:30:00,LONG,35.51,35.69,tp,0.004,1,0.7765,3
2022-08-21 08:45:00,LONG,35.46,35.64,tp,0.004,1,0.8005,3
2022-08-21 09:25:00,LONG,35.73,35.91,tp,0.004,1,0.7117,3
2022-08-21 09:50:00,SHORT,36.03,35.85,tp,0.004025,1,0.7163,3
2022-08-21 10:20:00,SHORT,36.09,35.91,tp,0.004025,1,0.7536,3
2022-08-21 12:10:00,SHORT,36.25,36.07,tp,0.004025,1,0.7139,3
2022-08-21 12:50:00,SHORT,35.97,35.79,tp,0.004025,1,0.6717,3
2022-08-21 13:20:00,LONG,35.79,35.68,sl,-0.004,0,0.6547,3
2022-08-21 13:35:00,SHORT,35.81,35.63,tp,0.004025,1,0.6857,3
2022-08-21 14:15:00,SHORT,35.82,35.93,sl,-0.003991,0,0.6855,3
2022-08-21 16:05:00,SHORT,36.12,35.94,tp,0.004025,1,0.7493,3
2022-08-21 16:20:00,LONG,35.88,36.06,tp,0.004,1,0.6743,3
2022-08-21 16:45:00,LONG,36.25,36.43,tp,0.004,1,0.7257,3
2022-08-21 16:50:00,SHORT,36.49,36.31,tp,0.004025,1,0.7533,3
2022-08-21 17:20:00,SHORT,36.49,36.31,tp,0.004025,1,0.7539,3
2022-08-21 19:20:00,SHORT,36.43,36.25,tp,0.004025,1,0.7203,3
2022-08-21 19:40:00,SHORT,36.4,36.22,tp,0.004025,1,0.6553,3
2022-08-21 21:05:00,LONG,36.39,36.57,tp,0.004,1,0.6988,3
2022-08-21 21:25:00,SHORT,36.95,36.77,tp,0.004025,1,0.6895,3
2022-08-21 21:40:00,LONG,36.86,36.75,sl,-0.004,0,0.7044,3
2022-08-21 22:30:00,SHORT,36.56,36.67,sl,-0.003991,0,0.7111,3
2022-08-21 23:05:00,SHORT,36.82,36.64,tp,0.004025,1,0.7494,3
2022-08-22 00:35:00,SHORT,36.32,36.14,tp,0.004025,1,0.7176,3
2022-08-22 02:35:00,SHORT,36.3,36.41,sl,-0.003991,0,0.6806,3
2022-08-22 04:10:00,LONG,35.87,36.05,tp,0.004,1,0.6808,3
2022-08-22 04:20:00,SHORT,35.98,36.09,sl,-0.003991,0,0.6702,3
2022-08-22 04:50:00,SHORT,36.3,36.12,tp,0.004025,1,0.6519,3
2022-08-22 07:30:00,LONG,35.45,35.34,sl,-0.004,0,0.7262,3
2022-08-22 07:40:00,SHORT,35.44,35.27,tp,0.004025,1,0.6558,3
2022-08-22 08:05:00,SHORT,34.64,34.47,tp,0.004025,1,0.6727,3
2022-08-22 08:30:00,LONG,33.94,34.11,tp,0.004,1,0.7768,3
2022-08-22 08:55:00,SHORT,34.38,34.21,tp,0.004025,1,0.8018,3
2022-08-22 09:10:00,SHORT,34.38,34.21,tp,0.004025,1,0.667,3
2022-08-22 09:40:00,LONG,34.28,34.45,tp,0.004,1,0.7176,3
2022-08-22 09:55:00,SHORT,34.47,34.58,sl,-0.003991,0,0.7408,3
2022-08-22 10:05:00,LONG,34.46,34.63,tp,0.004,1,0.6809,3
2022-08-22 11:00:00,SHORT,34.79,34.9,sl,-0.003991,0,0.7129,3
2022-08-22 11:05:00,LONG,34.74,34.91,tp,0.004,1,0.6524,3
2022-08-22 11:20:00,SHORT,34.84,34.67,tp,0.004025,1,0.7223,3
2022-08-22 11:45:00,LONG,34.56,34.73,tp,0.004,1,0.8275,3
2022-08-22 12:10:00,LONG,34.63,34.52,sl,-0.004,0,0.6968,3
2022-08-22 12:25:00,SHORT,34.53,34.64,sl,-0.003991,0,0.6584,3
2022-08-22 12:35:00,SHORT,34.5,34.33,tp,0.004025,1,0.6841,3
2022-08-22 12:50:00,LONG,34.28,34.45,tp,0.004,1,0.7841,3
2022-08-22 13:00:00,SHORT,34.28,34.39,sl,-0.003991,0,0.7086,3
2022-08-22 13:15:00,SHORT,34.37,34.2,tp,0.004025,1,0.692,3
2022-08-22 15:20:00,SHORT,34.45,34.56,sl,-0.003991,0,0.7007,3
2022-08-22 15:30:00,LONG,34.48,34.65,tp,0.004,1,0.6611,3
2022-08-22 15:40:00,LONG,34.62,34.79,tp,0.004,1,0.6599,3
2022-08-22 15:45:00,LONG,34.67,34.84,tp,0.004,1,0.6842,3
2022-08-22 16:00:00,SHORT,34.89,34.72,tp,0.004025,1,0.7073,3
2022-08-22 16:10:00,LONG,34.65,34.82,tp,0.004,1,0.7884,3
2022-08-22 16:20:00,SHORT,34.73,34.56,tp,0.004025,1,0.7615,3
2022-08-22 16:30:00,LONG,34.61,34.5,sl,-0.004,0,0.8305,3
2022-08-22 17:30:00,LONG,34.45,34.34,sl,-0.004,0,0.7601,3
2022-08-22 17:50:00,SHORT,34.51,34.34,tp,0.004025,1,0.7714,3
2022-08-22 18:15:00,LONG,34.38,34.27,sl,-0.004,0,0.6645,3
2022-08-22 18:45:00,LONG,34.08,34.25,tp,0.004,1,0.6971,3
2022-08-22 19:00:00,SHORT,34.38,34.49,sl,-0.003991,0,0.678,3
2022-08-22 20:05:00,SHORT,35.02,34.85,tp,0.004025,1,0.7667,3
2022-08-22 21:10:00,LONG,34.6,34.49,sl,-0.004,0,0.8037,3
2022-08-22 23:05:00,LONG,34.94,35.11,tp,0.004,1,0.6857,3
2022-08-22 23:10:00,SHORT,34.99,35.1,sl,-0.003991,0,0.6753,3
2022-08-23 00:20:00,LONG,35.37,35.54,tp,0.004,1,0.6555,3
2022-08-23 00:25:00,SHORT,35.51,35.33,tp,0.004025,1,0.8027,3
2022-08-23 01:10:00,SHORT,35.53,35.35,tp,0.004025,1,0.7542,3
2022-08-23 06:00:00,SHORT,34.48,34.31,tp,0.004025,1,0.6614,3
2022-08-23 07:20:00,SHORT,34.9,35.01,sl,-0.003991,0,0.7099,3
2022-08-23 07:30:00,LONG,34.8,34.97,tp,0.004,1,0.7261,3
2022-08-23 07:45:00,SHORT,34.93,35.04,sl,-0.003991,0,0.6525,3
2022-08-23 08:10:00,SHORT,35.21,35.32,sl,-0.003991,0,0.69,3
2022-08-23 09:50:00,LONG,35.4,35.29,sl,-0.004,0,0.6535,3
2022-08-23 10:50:00,LONG,35.33,35.22,sl,-0.004,0,0.6815,3
2022-08-23 11:10:00,LONG,35.18,35.35,tp,0.004,1,0.7251,3
2022-08-23 11:50:00,LONG,35.68,35.57,sl,-0.004,0,0.6589,3
2022-08-23 14:10:00,SHORT,36.01,35.83,tp,0.004025,1,0.7598,3
2022-08-23 15:05:00,LONG,35.5,35.68,tp,0.004,1,0.7874,3
2022-08-23 15:50:00,SHORT,35.69,35.51,tp,0.004025,1,0.6698,3
2022-08-23 17:30:00,SHORT,35.53,35.35,tp,0.004025,1,0.6812,3
2022-08-23 18:20:00,SHORT,35.67,35.49,tp,0.004025,1,0.7067,3
2022-08-23 19:15:00,SHORT,35.44,35.55,sl,-0.003991,0,0.6649,3
2022-08-23 19:25:00,LONG,35.33,35.5,tp,0.004,1,0.6813,3
2022-08-23 22:15:00,SHORT,35.61,35.43,tp,0.004025,1,0.6706,3
2022-08-24 00:10:00,SHORT,35.68,35.5,tp,0.004025,1,0.7356,3
2022-08-24 00:50:00,SHORT,35.11,34.94,tp,0.004025,1,0.7038,3
2022-08-24 08:15:00,LONG,35.02,35.19,tp,0.004,1,0.6769,3
2022-08-24 09:55:00,LONG,35.12,35.01,sl,-0.004,0,0.6688,3
2022-08-24 14:05:00,LONG,35.21,35.38,tp,0.004,1,0.7467,3
2022-08-24 16:40:00,LONG,35.91,35.8,sl,-0.004,0,0.7102,3
2022-08-24 17:05:00,SHORT,35.93,35.75,tp,0.004025,1,0.7404,3
2022-08-24 20:15:00,SHORT,35.87,35.98,sl,-0.003991,0,0.6518,3
2022-08-24 20:50:00,SHORT,36.01,35.83,tp,0.004025,1,0.6645,3
2022-08-24 23:25:00,SHORT,35.25,35.08,tp,0.004025,1,0.6944,3
2022-08-24 23:30:00,LONG,34.96,35.13,tp,0.004,1,0.8256,3
2022-08-25 00:45:00,SHORT,35.34,35.45,sl,-0.003991,0,0.7005,3
2022-08-25 01:40:00,SHORT,35.57,35.39,tp,0.004025,1,0.7307,3
2022-08-25 07:00:00,LONG,36.12,36.01,sl,-0.004,0,0.6507,3
2022-08-25 07:15:00,SHORT,36.18,36.0,tp,0.004025,1,0.7279,3
2022-08-25 08:45:00,SHORT,36.23,36.05,tp,0.004025,1,0.6848,3
2022-08-25 12:00:00,SHORT,36.44,36.26,tp,0.004025,1,0.6795,3
2022-08-25 13:05:00,LONG,35.84,36.02,tp,0.004,1,0.7496,3
2022-08-25 13:25:00,SHORT,35.99,36.1,sl,-0.003991,0,0.6551,3
2022-08-25 15:55:00,SHORT,35.72,35.54,tp,0.004025,1,0.7427,3
2022-08-25 16:10:00,LONG,35.45,35.62,tp,0.004,1,0.8141,3
2022-08-25 16:35:00,SHORT,35.67,35.49,tp,0.004025,1,0.6815,3
2022-08-25 17:00:00,SHORT,35.65,35.76,sl,-0.003991,0,0.7087,3
2022-08-25 17:15:00,SHORT,35.69,35.8,sl,-0.003991,0,0.7344,3
2022-08-25 18:10:00,SHORT,35.71,35.53,tp,0.004025,1,0.6753,3
2022-08-25 22:50:00,SHORT,35.25,35.08,tp,0.004025,1,0.674,3
2022-08-25 23:45:00,SHORT,35.31,35.14,tp,0.004025,1,0.6886,3
2022-08-26 00:50:00,LONG,34.8,34.97,tp,0.004,1,0.7853,3
2022-08-26 04:40:00,LONG,35.03,34.92,sl,-0.004,0,0.6887,3
2022-08-26 06:00:00,LONG,34.68,34.85,tp,0.004,1,0.6543,3
2022-08-26 11:25:00,SHORT,34.27,34.1,tp,0.004025,1,0.6819,3
2022-08-26 12:00:00,LONG,34.11,34.28,tp,0.004,1,0.738,3
2022-08-26 12:35:00,LONG,34.76,34.93,tp,0.004,1,0.7326,3
2022-08-26 13:00:00,SHORT,35.63,35.45,tp,0.004025,1,0.7959,3
2022-08-26 13:30:00,LONG,35.21,35.1,sl,-0.004,0,0.7905,3
2022-08-26 14:00:00,LONG,34.84,35.01,tp,0.004,1,0.7318,3
2022-08-26 14:35:00,LONG,34.33,34.5,tp,0.004,1,0.8909,3
2022-08-26 15:00:00,LONG,33.29,33.45,tp,0.004,1,0.6783,3
2022-08-26 15:05:00,SHORT,33.67,33.5,tp,0.004025,1,0.6776,3
2022-08-26 15:20:00,LONG,33.33,33.23,sl,-0.004,0,0.7315,3
2022-08-26 15:40:00,LONG,33.15,33.31,tp,0.004,1,0.8372,3
2022-08-26 15:55:00,SHORT,33.26,33.36,sl,-0.003991,0,0.7223,3
2022-08-26 16:05:00,LONG,33.27,33.17,sl,-0.004,0,0.7072,3
2022-08-26 16:10:00,SHORT,33.36,33.2,tp,0.004025,1,0.8524,3
2022-08-26 16:20:00,SHORT,33.12,32.96,tp,0.004025,1,0.75,3
2022-08-26 16:25:00,SHORT,32.9,33.0,sl,-0.003991,0,0.7259,3
2022-08-26 16:30:00,LONG,32.9,33.06,tp,0.004,1,0.7533,3
2022-08-26 17:15:00,LONG,33.04,33.2,tp,0.004,1,0.8209,3
2022-08-26 18:15:00,SHORT,32.77,32.87,sl,-0.003991,0,0.6911,3
2022-08-26 18:25:00,LONG,32.66,32.82,tp,0.004,1,0.8063,3
2022-08-26 19:00:00,SHORT,32.96,33.0,timeout,-0.002,0,0.7484,3
2022-08-26 19:05:00,LONG,32.86,33.02,tp,0.004,1,0.7596,3
2022-08-26 19:15:00,SHORT,32.99,32.83,tp,0.004025,1,0.727,3
2022-08-26 20:50:00,LONG,32.98,32.88,sl,-0.004,0,0.676,3
2022-08-26 22:40:00,LONG,32.07,32.23,tp,0.004,1,0.8265,3
2022-08-26 23:30:00,LONG,31.67,31.57,sl,-0.004,0,0.7833,3
2022-08-26 23:45:00,LONG,31.59,31.74,tp,0.004,1,0.7287,3
2022-08-26 23:55:00,SHORT,31.7,31.55,tp,0.004025,1,0.7111,3
2022-08-27 00:05:00,LONG,31.56,31.71,tp,0.004,1,0.8635,3
2022-08-27 01:30:00,SHORT,31.9,31.74,tp,0.004025,1,0.7703,3
2022-08-27 01:50:00,SHORT,31.94,31.78,tp,0.004025,1,0.7308,3
2022-08-27 03:50:00,LONG,31.93,31.83,sl,-0.004,0,0.7325,3
2022-08-27 05:10:00,LONG,31.31,31.46,tp,0.004,1,0.8804,3
2022-08-27 05:25:00,SHORT,31.57,31.42,tp,0.004025,1,0.6863,3
2022-08-27 05:40:00,LONG,31.2,31.35,tp,0.004,1,0.8863,3
2022-08-27 08:20:00,SHORT,32.05,31.89,tp,0.004025,1,0.7338,3
2022-08-27 10:20:00,SHORT,32.04,31.88,tp,0.004025,1,0.6818,3
2022-08-27 10:30:00,LONG,31.98,31.88,sl,-0.004,0,0.6683,3
2022-08-27 15:40:00,SHORT,31.38,31.23,tp,0.004025,1,0.7099,3
2022-08-27 15:45:00,LONG,31.17,31.32,tp,0.004,1,0.7594,3
2022-08-27 16:20:00,LONG,31.0,30.9,sl,-0.004,0,0.7488,3
2022-08-27 17:05:00,LONG,31.15,31.3,tp,0.004,1,0.7591,3
2022-08-27 17:35:00,SHORT,31.41,31.26,tp,0.004025,1,0.7652,3
2022-08-27 21:10:00,SHORT,31.44,31.29,tp,0.004025,1,0.6816,3
2022-08-27 22:20:00,LONG,31.08,31.23,tp,0.004,1,0.7472,3
2022-08-28 00:00:00,LONG,31.45,31.35,sl,-0.004,0,0.6604,3
2022-08-28 00:25:00,SHORT,31.38,31.23,tp,0.004025,1,0.6778,3
2022-08-28 01:55:00,LONG,31.54,31.69,tp,0.004,1,0.6919,3
2022-08-28 14:35:00,SHORT,31.63,31.73,sl,-0.003991,0,0.707,3
2022-08-28 14:55:00,LONG,31.55,31.7,tp,0.004,1,0.7148,3
2022-08-28 16:30:00,LONG,31.95,31.85,sl,-0.004,0,0.6718,3
2022-08-28 17:50:00,SHORT,31.82,31.92,sl,-0.003991,0,0.6904,3
2022-08-28 22:05:00,LONG,31.34,31.49,tp,0.004,1,0.6978,3
2022-08-28 23:00:00,LONG,31.09,30.99,sl,-0.004,0,0.7656,3
2022-08-28 23:55:00,SHORT,30.42,30.52,sl,-0.003991,0,0.7028,3
2022-08-29 00:05:00,LONG,30.15,30.05,sl,-0.004,0,0.799,3
2022-08-29 00:55:00,LONG,30.21,30.11,sl,-0.004,0,0.6586,3
2022-08-29 01:10:00,SHORT,30.19,30.29,sl,-0.003991,0,0.6502,3
2022-08-29 01:30:00,LONG,30.17,30.32,tp,0.004,1,0.6521,3
2022-08-29 03:50:00,LONG,30.68,30.58,sl,-0.004,0,0.6909,3
2022-08-29 04:30:00,LONG,30.51,30.41,sl,-0.004,0,0.7821,3
2022-08-29 05:55:00,LONG,30.18,30.33,tp,0.004,1,0.7276,3
2022-08-29 07:20:00,LONG,30.46,30.61,tp,0.004,1,0.6958,3
2022-08-29 09:05:00,LONG,30.39,30.54,tp,0.004,1,0.662,3
2022-08-29 10:45:00,SHORT,30.71,30.56,tp,0.004025,1,0.6855,3
2022-08-29 12:35:00,SHORT,31.39,31.24,tp,0.004025,1,0.6687,3
2022-08-29 12:55:00,LONG,31.06,31.21,tp,0.004,1,0.8155,3
2022-08-29 13:40:00,SHORT,31.7,31.55,tp,0.004025,1,0.8481,3
2022-08-29 14:00:00,LONG,31.64,31.79,tp,0.004,1,0.7102,3
2022-08-29 14:05:00,LONG,31.8,31.95,tp,0.004,1,0.723,3
2022-08-29 14:10:00,LONG,31.86,32.02,tp,0.004,1,0.7222,3
2022-08-29 14:20:00,SHORT,32.17,32.01,tp,0.004025,1,0.7592,3
2022-08-29 14:55:00,LONG,31.74,31.89,tp,0.004,1,0.6755,3
2022-08-29 15:35:00,SHORT,31.95,31.79,tp,0.004025,1,0.6785,3
2022-08-29 15:55:00,LONG,31.81,31.71,sl,-0.004,0,0.6529,3
2022-08-29 17:15:00,LONG,31.6,31.75,tp,0.004,1,0.7469,3
2022-08-29 20:55:00,SHORT,31.91,32.0,timeout,-0.003561,0,0.6718,3
2022-08-29 22:20:00,SHORT,32.03,32.13,sl,-0.003991,0,0.7365,3
2022-08-29 22:45:00,SHORT,32.08,32.18,sl,-0.003991,0,0.7104,3
2022-08-29 23:25:00,LONG,32.29,32.45,tp,0.004,1,0.7452,3
2022-08-30 00:00:00,LONG,32.34,32.5,tp,0.004,1,0.705,3
2022-08-30 00:40:00,LONG,32.13,32.29,tp,0.004,1,0.6819,3
2022-08-30 04:25:00,LONG,32.81,32.97,tp,0.004,1,0.6699,3
2022-08-30 04:35:00,SHORT,32.91,32.75,tp,0.004025,1,0.6979,3
2022-08-30 05:50:00,LONG,32.62,32.64,timeout,-0.000161,0,0.7121,3
2022-08-30 06:10:00,LONG,32.63,32.79,tp,0.004,1,0.6915,3
2022-08-30 07:30:00,SHORT,33.01,32.85,tp,0.004025,1,0.6946,3
2022-08-30 07:35:00,LONG,32.89,32.79,sl,-0.004,0,0.7071,3
2022-08-30 07:50:00,LONG,32.77,32.93,tp,0.004,1,0.705,3
2022-08-30 10:25:00,SHORT,33.1,32.94,tp,0.004025,1,0.6845,3
2022-08-30 11:05:00,LONG,32.73,32.63,sl,-0.004,0,0.7359,3
2022-08-30 11:15:00,SHORT,32.78,32.62,tp,0.004025,1,0.7091,3
2022-08-30 11:35:00,LONG,32.64,32.8,tp,0.004,1,0.7623,3
2022-08-30 12:30:00,LONG,32.3,32.46,tp,0.004,1,0.7641,3
2022-08-30 13:25:00,LONG,32.47,32.63,tp,0.004,1,0.6826,3
2022-08-30 13:35:00,SHORT,32.56,32.4,tp,0.004025,1,0.6953,3
2022-08-30 14:15:00,SHORT,31.95,31.79,tp,0.004025,1,0.6955,3
2022-08-30 14:35:00,SHORT,31.45,31.3,tp,0.004025,1,0.6829,3
2022-08-30 14:55:00,SHORT,31.3,31.15,tp,0.004025,1,0.7307,3
2022-08-30 15:10:00,LONG,31.03,31.18,tp,0.004,1,0.7713,3
2022-08-30 15:15:00,SHORT,31.26,31.11,tp,0.004025,1,0.8225,3
2022-08-30 16:45:00,LONG,30.8,30.95,tp,0.004,1,0.728,3
2022-08-30 17:20:00,LONG,30.84,30.74,sl,-0.004,0,0.7244,3
2022-08-30 17:30:00,SHORT,30.85,30.95,sl,-0.003991,0,0.6782,3
2022-08-30 18:20:00,LONG,31.04,31.19,tp,0.004,1,0.6592,3
2022-08-30 19:20:00,SHORT,31.97,31.81,tp,0.004025,1,0.8199,3
2022-08-30 19:30:00,LONG,31.59,31.74,tp,0.004,1,0.7346,3
2022-08-30 19:40:00,SHORT,31.59,31.44,tp,0.004025,1,0.667,3
2022-08-30 19:50:00,LONG,31.5,31.65,tp,0.004,1,0.7038,3
2022-08-30 20:15:00,SHORT,31.85,31.69,tp,0.004025,1,0.8396,3
2022-08-30 20:30:00,LONG,31.65,31.8,tp,0.004,1,0.7847,3
2022-08-30 20:45:00,SHORT,32.04,31.88,tp,0.004025,1,0.8291,3
2022-08-30 22:10:00,SHORT,31.58,31.68,sl,-0.003991,0,0.7115,3
2022-08-30 23:50:00,LONG,31.37,31.52,tp,0.004,1,0.8579,3
2022-08-31 00:05:00,SHORT,31.64,31.74,sl,-0.003991,0,0.6523,3
2022-08-31 00:15:00,LONG,31.61,31.76,tp,0.004,1,0.7223,3
2022-08-31 01:25:00,LONG,31.9,32.06,tp,0.004,1,0.6748,3
2022-08-31 01:35:00,SHORT,32.1,31.94,tp,0.004025,1,0.7062,3
2022-08-31 02:20:00,SHORT,32.19,32.29,sl,-0.003991,0,0.6953,3
2022-08-31 02:45:00,SHORT,32.36,32.46,sl,-0.003991,0,0.6565,3
2022-08-31 03:40:00,SHORT,32.51,32.35,tp,0.004025,1,0.6963,3
2022-08-31 04:00:00,SHORT,32.5,32.34,tp,0.004025,1,0.7295,3
2022-08-31 05:30:00,SHORT,32.59,32.69,sl,-0.003991,0,0.6556,3
2022-08-31 06:30:00,LONG,32.27,32.43,tp,0.004,1,0.7017,3
2022-08-31 07:45:00,LONG,32.28,32.44,tp,0.004,1,0.6851,3
2022-08-31 08:25:00,SHORT,32.03,32.13,sl,-0.003991,0,0.6691,3
2022-08-31 08:45:00,SHORT,32.4,32.24,tp,0.004025,1,0.8123,3
2022-08-31 09:05:00,LONG,32.15,32.31,tp,0.004,1,0.7332,3
2022-08-31 09:15:00,SHORT,32.16,32.26,sl,-0.003991,0,0.7249,3
2022-08-31 09:25:00,LONG,32.15,32.31,tp,0.004,1,0.7226,3
2022-08-31 09:50:00,SHORT,32.27,32.37,sl,-0.003991,0,0.7079,3
2022-08-31 09:55:00,LONG,32.22,32.38,tp,0.004,1,0.6683,3
2022-08-31 10:50:00,SHORT,32.69,32.79,sl,-0.003991,0,0.6751,3
2022-08-31 11:35:00,LONG,32.47,32.63,tp,0.004,1,0.7619,3
2022-08-31 12:15:00,SHORT,32.71,32.55,tp,0.004025,1,0.7044,3
2022-08-31 13:15:00,LONG,32.68,32.58,sl,-0.004,0,0.6974,3
2022-08-31 13:35:00,LONG,32.56,32.72,tp,0.004,1,0.6515,3
2022-08-31 13:45:00,SHORT,32.84,32.68,tp,0.004025,1,0.6663,3
2022-08-31 14:10:00,SHORT,32.6,32.44,tp,0.004025,1,0.7214,3
2022-08-31 15:35:00,SHORT,31.96,31.8,tp,0.004025,1,0.6751,3
2022-08-31 15:50:00,LONG,31.93,31.83,sl,-0.004,0,0.7605,3
2022-08-31 16:00:00,SHORT,31.93,31.77,tp,0.004025,1,0.7323,3
2022-08-31 16:15:00,SHORT,31.86,31.7,tp,0.004025,1,0.6559,3
2022-08-31 16:20:00,LONG,31.81,31.71,sl,-0.004,0,0.7156,3
2022-08-31 16:35:00,SHORT,31.88,31.72,tp,0.004025,1,0.7032,3
2022-08-31 16:50:00,LONG,31.75,31.9,tp,0.004,1,0.7385,3
2022-08-31 17:40:00,SHORT,31.63,31.48,tp,0.004025,1,0.7093,3
2022-08-31 18:35:00,LONG,31.64,31.79,tp,0.004,1,0.7468,3
2022-08-31 19:45:00,SHORT,32.31,32.15,tp,0.004025,1,0.7298,3
2022-08-31 20:10:00,LONG,32.04,32.2,tp,0.004,1,0.6985,3
2022-08-31 21:10:00,SHORT,32.3,32.14,tp,0.004025,1,0.7108,3
2022-08-31 22:40:00,LONG,31.89,31.79,sl,-0.004,0,0.727,3
2022-08-31 23:20:00,SHORT,31.43,31.28,tp,0.004025,1,0.6757,3
2022-08-31 23:30:00,LONG,31.26,31.41,tp,0.004,1,0.7609,3
2022-09-01 01:05:00,SHORT,31.54,31.39,tp,0.004025,1,0.7826,3
2022-09-01 01:55:00,LONG,31.53,31.43,sl,-0.004,0,0.7134,3
2022-09-01 04:55:00,LONG,31.36,31.51,tp,0.004,1,0.6655,3
2022-09-01 07:05:00,LONG,31.05,30.95,sl,-0.004,0,0.6831,3
2022-09-01 07:30:00,LONG,30.93,31.08,tp,0.004,1,0.6932,3
2022-09-01 09:50:00,SHORT,31.21,31.31,sl,-0.003991,0,0.6927,3
2022-09-01 10:20:00,LONG,31.22,31.37,tp,0.004,1,0.7137,3
2022-09-01 14:25:00,SHORT,30.92,30.77,tp,0.004025,1,0.7927,3
2022-09-01 14:50:00,LONG,30.54,30.69,tp,0.004,1,0.7515,3
2022-09-01 15:05:00,SHORT,30.72,30.82,sl,-0.003991,0,0.755,3
2022-09-01 15:35:00,SHORT,30.89,30.74,tp,0.004025,1,0.6854,3
2022-09-01 16:35:00,LONG,30.56,30.71,tp,0.004,1,0.6817,3
2022-09-01 20:05:00,SHORT,31.25,31.35,sl,-0.003991,0,0.7142,3
2022-09-01 20:30:00,SHORT,31.26,31.36,sl,-0.003991,0,0.6766,3
2022-09-01 21:15:00,SHORT,31.41,31.51,sl,-0.003991,0,0.659,3
2022-09-01 21:30:00,SHORT,31.43,31.53,sl,-0.003991,0,0.7748,3
2022-09-01 22:00:00,SHORT,31.65,31.75,sl,-0.003991,0,0.7021,3
2022-09-01 22:50:00,SHORT,31.46,31.56,sl,-0.003991,0,0.6667,3
2022-09-01 23:05:00,SHORT,31.48,31.58,sl,-0.003991,0,0.6693,3
2022-09-02 00:20:00,SHORT,31.5,31.35,tp,0.004025,1,0.6537,3
2022-09-02 01:00:00,SHORT,31.5,31.35,tp,0.004025,1,0.7281,3
2022-09-02 01:25:00,SHORT,31.47,31.32,tp,0.004025,1,0.7106,3
2022-09-02 01:45:00,LONG,31.35,31.25,sl,-0.004,0,0.6573,3
2022-09-02 02:00:00,SHORT,31.39,31.24,tp,0.004025,1,0.6577,3
2022-09-02 03:00:00,SHORT,31.61,31.71,sl,-0.003991,0,0.689,3
2022-09-02 03:25:00,LONG,31.62,31.77,tp,0.004,1,0.6782,3
2022-09-02 04:00:00,SHORT,31.61,31.71,sl,-0.003991,0,0.6783,3
2022-09-02 08:00:00,SHORT,31.64,31.49,tp,0.004025,1,0.6841,3
2022-09-02 08:55:00,SHORT,31.54,31.59,timeout,-0.002316,0,0.6589,3
2022-09-02 12:25:00,LONG,31.58,31.73,tp,0.004,1,0.7436,3
2022-09-02 12:30:00,LONG,31.81,31.96,tp,0.004,1,0.6925,3
2022-09-02 12:35:00,SHORT,32.08,31.92,tp,0.004025,1,0.7329,3
2022-09-02 12:45:00,LONG,31.97,32.13,tp,0.004,1,0.6851,3
2022-09-02 13:15:00,SHORT,32.27,32.11,tp,0.004025,1,0.8417,3
2022-09-02 14:00:00,LONG,31.91,32.07,tp,0.004,1,0.7582,3
2022-09-02 14:55:00,LONG,32.27,32.26,timeout,-0.00107,0,0.6728,3
2022-09-02 16:30:00,SHORT,31.93,31.77,tp,0.004025,1,0.6871,3
2022-09-02 16:35:00,SHORT,31.89,31.73,tp,0.004025,1,0.6868,3
2022-09-02 16:50:00,SHORT,31.82,31.66,tp,0.004025,1,0.6907,3
2022-09-02 17:00:00,SHORT,31.74,31.59,tp,0.004025,1,0.6992,3
2022-09-02 17:10:00,SHORT,31.7,31.55,tp,0.004025,1,0.6859,3
2022-09-02 17:15:00,SHORT,31.76,31.61,tp,0.004025,1,0.7286,3
2022-09-02 18:00:00,SHORT,31.15,31.25,sl,-0.003991,0,0.6675,3
2022-09-02 18:05:00,SHORT,31.23,31.08,tp,0.004025,1,0.7298,3
2022-09-02 19:55:00,SHORT,31.04,31.14,sl,-0.003991,0,0.6625,3
2022-09-02 20:05:00,LONG,30.98,31.13,tp,0.004,1,0.6509,3
2022-09-03 01:10:00,LONG,31.09,31.0,timeout,-0.003607,0,0.6795,3
2022-09-04 09:50:00,SHORT,31.57,31.67,sl,-0.003991,0,0.6519,3
2022-09-04 10:35:00,SHORT,31.67,31.77,sl,-0.003991,0,0.6519,3
2022-09-04 12:40:00,SHORT,31.78,31.63,tp,0.004025,1,0.6505,3
2022-09-04 14:15:00,SHORT,31.64,31.74,sl,-0.003991,0,0.6735,3
2022-09-05 01:10:00,SHORT,32.37,32.21,tp,0.004025,1,0.7197,3
2022-09-05 01:30:00,SHORT,32.29,32.13,tp,0.004025,1,0.7248,3
2022-09-05 18:55:00,SHORT,31.83,31.74,timeout,0.002095,1,0.6679,3
2022-09-05 21:40:00,SHORT,32.21,32.05,tp,0.004025,1,0.6985,3
2022-09-05 22:35:00,SHORT,32.15,32.24,timeout,-0.00355,0,0.6791,3
2022-09-06 02:00:00,SHORT,32.5,32.34,tp,0.004025,1,0.7133,3
2022-09-06 02:05:00,LONG,32.37,32.53,tp,0.004,1,0.6726,3
2022-09-06 02:15:00,SHORT,32.6,32.44,tp,0.004025,1,0.8001,3
2022-09-06 04:55:00,LONG,32.55,32.71,tp,0.004,1,0.725,3
2022-09-06 10:15:00,SHORT,33.15,33.2,timeout,-0.002301,0,0.7128,3
2022-09-06 13:05:00,LONG,32.91,33.07,tp,0.004,1,0.8171,3
2022-09-06 13:55:00,SHORT,32.73,32.57,tp,0.004025,1,0.7104,3
2022-09-06 14:00:00,SHORT,32.58,32.42,tp,0.004025,1,0.72,3
2022-09-06 16:05:00,LONG,33.53,33.69,tp,0.004,1,0.7608,3
2022-09-06 16:40:00,SHORT,33.6,33.44,tp,0.004025,1,0.8366,3
2022-09-06 17:05:00,SHORT,32.85,32.69,tp,0.004025,1,0.7435,3
2022-09-06 17:20:00,SHORT,31.97,31.81,tp,0.004025,1,0.7315,3
2022-09-06 17:25:00,LONG,31.87,31.77,sl,-0.004,0,0.8997,3
2022-09-06 17:45:00,LONG,31.48,31.38,sl,-0.004,0,0.8786,3
2022-09-06 18:00:00,LONG,31.11,31.26,tp,0.004,1,0.8875,3
2022-09-06 18:25:00,SHORT,30.85,30.95,sl,-0.003991,0,0.6759,3
2022-09-06 18:30:00,LONG,30.99,30.89,sl,-0.004,0,0.6744,3
2022-09-06 18:35:00,SHORT,30.97,30.82,tp,0.004025,1,0.8191,3
2022-09-06 19:00:00,LONG,30.88,31.03,tp,0.004,1,0.7987,3
2022-09-06 19:15:00,SHORT,31.07,30.92,tp,0.004025,1,0.7541,3
2022-09-06 19:30:00,LONG,30.97,31.12,tp,0.004,1,0.7388,3
2022-09-06 19:45:00,SHORT,31.14,30.99,tp,0.004025,1,0.7812,3
2022-09-06 20:05:00,LONG,30.58,30.73,tp,0.004,1,0.8162,3
2022-09-06 20:50:00,SHORT,31.19,31.29,sl,-0.003991,0,0.6507,3
2022-09-06 21:30:00,SHORT,31.28,31.13,tp,0.004025,1,0.6839,3
2022-09-06 23:35:00,LONG,30.93,30.83,sl,-0.004,0,0.7002,3
2022-09-07 00:05:00,SHORT,31.04,30.89,tp,0.004025,1,0.6584,3
2022-09-07 00:20:00,LONG,30.71,30.86,tp,0.004,1,0.7094,3
2022-09-07 00:50:00,SHORT,31.16,31.01,tp,0.004025,1,0.8203,3
2022-09-07 01:15:00,LONG,30.92,30.82,sl,-0.004,0,0.7677,3
2022-09-07 01:40:00,LONG,30.78,30.93,tp,0.004,1,0.7533,3
2022-09-07 03:00:00,LONG,30.63,30.78,tp,0.004,1,0.6912,3
2022-09-07 03:40:00,LONG,30.82,30.72,sl,-0.004,0,0.6671,3
2022-09-07 06:00:00,LONG,31.0,31.15,tp,0.004,1,0.6598,3
2022-09-07 06:10:00,SHORT,31.11,31.12,timeout,-0.001036,0,0.6522,3
2022-09-07 06:35:00,LONG,31.05,30.95,sl,-0.004,0,0.6836,3
2022-09-07 07:00:00,LONG,31.12,31.02,sl,-0.004,0,0.6675,3
2022-09-07 07:20:00,LONG,30.92,31.07,tp,0.004,1,0.755,3
2022-09-07 09:35:00,LONG,31.18,31.08,sl,-0.004,0,0.6913,3
2022-09-07 12:35:00,SHORT,31.0,31.1,sl,-0.003991,0,0.6613,3
2022-09-07 13:00:00,LONG,31.3,31.45,tp,0.004,1,0.674,3
2022-09-07 13:05:00,SHORT,31.4,31.25,tp,0.004025,1,0.691,3
2022-09-07 13:15:00,LONG,31.29,31.44,tp,0.004,1,0.7399,3
2022-09-07 15:25:00,LONG,31.25,31.4,tp,0.004,1,0.6974,3
2022-09-07 16:35:00,SHORT,31.71,31.81,sl,-0.003991,0,0.763,3
2022-09-07 17:05:00,LONG,31.79,31.94,tp,0.004,1,0.6841,3
2022-09-07 17:50:00,SHORT,32.19,32.03,tp,0.004025,1,0.6613,3
2022-09-07 18:45:00,SHORT,32.26,32.1,tp,0.004025,1,0.8085,3
2022-09-07 19:55:00,LONG,31.97,32.13,tp,0.004,1,0.7253,3
2022-09-07 20:20:00,LONG,32.58,32.48,sl,-0.004,0,0.6689,3
2022-09-07 21:00:00,SHORT,32.77,32.61,tp,0.004025,1,0.8292,3
2022-09-07 21:15:00,LONG,32.61,32.51,sl,-0.004,0,0.6853,3
2022-09-07 22:00:00,SHORT,32.63,32.73,sl,-0.003991,0,0.6639,3
2022-09-07 22:20:00,SHORT,32.73,32.83,sl,-0.003991,0,0.678,3
2022-09-07 23:25:00,SHORT,32.88,32.72,tp,0.004025,1,0.6924,3
2022-09-07 23:50:00,LONG,32.64,32.8,tp,0.004,1,0.6691,3
2022-09-08 00:20:00,SHORT,32.79,32.63,tp,0.004025,1,0.6832,3
2022-09-08 00:55:00,SHORT,32.56,32.4,tp,0.004025,1,0.6569,3
2022-09-08 01:40:00,LONG,32.4,32.56,tp,0.004,1,0.6776,3
2022-09-08 04:20:00,SHORT,32.71,32.55,tp,0.004025,1,0.6537,3
2022-09-08 08:20:00,SHORT,32.67,32.77,sl,-0.003991,0,0.6654,3
2022-09-08 08:35:00,LONG,32.65,32.81,tp,0.004,1,0.6555,3
2022-09-08 10:20:00,SHORT,33.08,33.18,sl,-0.003991,0,0.6503,3
2022-09-08 10:35:00,LONG,33.0,33.16,tp,0.004,1,0.6865,3
2022-09-08 11:00:00,LONG,33.05,32.95,sl,-0.004,0,0.6574,3
2022-09-08 11:30:00,LONG,32.92,32.82,sl,-0.004,0,0.7035,3
2022-09-08 12:50:00,SHORT,32.49,32.33,tp,0.004025,1,0.6565,3
2022-09-08 13:10:00,LONG,32.32,32.48,tp,0.004,1,0.6712,3
2022-09-08 13:45:00,LONG,33.15,33.05,sl,-0.004,0,0.7188,3
2022-09-08 14:05:00,LONG,33.05,33.21,tp,0.004,1,0.7031,3
2022-09-08 14:35:00,SHORT,33.28,33.38,sl,-0.003991,0,0.7763,3
2022-09-08 16:05:00,SHORT,33.14,33.24,sl,-0.003991,0,0.6743,3
2022-09-08 16:30:00,SHORT,33.34,33.44,sl,-0.003991,0,0.817,3
2022-09-08 16:50:00,SHORT,33.27,33.37,sl,-0.003991,0,0.6801,3
2022-09-08 17:35:00,SHORT,33.28,33.38,sl,-0.003991,0,0.6624,3
2022-09-08 20:25:00,LONG,33.4,33.56,tp,0.004,1,0.7391,3
2022-09-08 20:45:00,SHORT,33.67,33.5,tp,0.004025,1,0.7291,3
2022-09-08 21:05:00,LONG,33.37,33.53,tp,0.004,1,0.7067,3
2022-09-08 21:35:00,SHORT,33.73,33.56,tp,0.004025,1,0.6815,3
2022-09-08 21:40:00,LONG,33.59,33.49,sl,-0.004,0,0.6983,3
2022-09-08 23:00:00,SHORT,33.55,33.39,tp,0.004025,1,0.6847,3
2022-09-08 23:20:00,SHORT,33.58,33.42,tp,0.004025,1,0.6966,3
2022-09-09 00:30:00,SHORT,34.31,34.14,tp,0.004025,1,0.7463,3
2022-09-09 03:05:00,LONG,34.05,34.22,tp,0.004,1,0.7088,3
2022-09-09 03:25:00,LONG,34.31,34.48,tp,0.004,1,0.6948,3
2022-09-09 04:10:00,SHORT,34.9,35.01,sl,-0.003991,0,0.6572,3
2022-09-09 04:20:00,LONG,34.88,35.05,tp,0.004,1,0.6739,3
2022-09-09 04:55:00,LONG,35.13,35.3,tp,0.004,1,0.6514,3
2022-09-09 05:00:00,LONG,35.11,35.28,tp,0.004,1,0.6943,3
2022-09-09 05:30:00,SHORT,35.48,35.3,tp,0.004025,1,0.7908,3
2022-09-09 06:30:00,LONG,35.12,35.29,tp,0.004,1,0.7154,3
2022-09-09 06:40:00,SHORT,35.28,35.11,tp,0.004025,1,0.7166,3
2022-09-09 07:20:00,LONG,35.08,35.25,tp,0.004,1,0.7371,3
2022-09-09 09:30:00,LONG,35.24,35.41,tp,0.004,1,0.8004,3
2022-09-09 09:55:00,SHORT,35.42,35.53,sl,-0.003991,0,0.6752,3
2022-09-09 10:45:00,SHORT,35.75,35.57,tp,0.004025,1,0.6912,3
2022-09-09 13:00:00,LONG,35.16,35.05,sl,-0.004,0,0.7143,3
2022-09-09 13:25:00,LONG,34.91,35.08,tp,0.004,1,0.8735,3
2022-09-09 13:45:00,LONG,35.08,35.25,tp,0.004,1,0.6888,3
2022-09-09 14:05:00,SHORT,35.27,35.1,tp,0.004025,1,0.8442,3
2022-09-09 15:20:00,LONG,34.96,35.13,tp,0.004,1,0.6839,3
2022-09-09 16:25:00,SHORT,34.9,34.73,tp,0.004025,1,0.714,3
2022-09-09 17:10:00,LONG,34.92,34.81,sl,-0.004,0,0.7196,3
2022-09-09 17:55:00,SHORT,34.69,34.52,tp,0.004025,1,0.7883,3
2022-09-09 18:50:00,LONG,34.48,34.65,tp,0.004,1,0.7113,3
2022-09-09 19:50:00,SHORT,34.8,34.63,tp,0.004025,1,0.6696,3
2022-09-09 20:00:00,LONG,34.7,34.76,timeout,0.000881,1,0.6642,3
2022-09-09 22:55:00,LONG,34.72,34.89,tp,0.004,1,0.6535,3
2022-09-09 23:20:00,LONG,34.34,34.51,tp,0.004,1,0.8098,3
2022-09-10 00:10:00,LONG,34.46,34.63,tp,0.004,1,0.7724,3
2022-09-10 00:20:00,SHORT,34.64,34.47,tp,0.004025,1,0.6652,3
2022-09-10 01:50:00,LONG,34.75,34.64,sl,-0.004,0,0.6557,3
2022-09-10 02:15:00,LONG,34.67,34.84,tp,0.004,1,0.6913,3
2022-09-10 03:50:00,LONG,34.7,34.87,tp,0.004,1,0.7291,3
2022-09-10 05:55:00,LONG,34.96,35.05,timeout,0.001717,1,0.6852,3
2022-09-10 07:55:00,LONG,34.38,34.55,tp,0.004,1,0.6875,3
2022-09-10 08:15:00,LONG,34.59,34.48,sl,-0.004,0,0.6891,3
2022-09-10 10:30:00,LONG,34.59,34.76,tp,0.004,1,0.6564,3
2022-09-10 12:20:00,LONG,34.65,34.82,tp,0.004,1,0.6621,3
2022-09-10 13:50:00,LONG,34.37,34.54,tp,0.004,1,0.7144,3
2022-09-10 15:35:00,LONG,34.45,34.34,sl,-0.004,0,0.6711,3
2022-09-10 19:25:00,SHORT,34.96,34.79,tp,0.004025,1,0.6872,3
2022-09-10 22:05:00,SHORT,35.07,35.18,sl,-0.003991,0,0.6726,3
2022-09-10 22:40:00,SHORT,35.28,35.39,sl,-0.003991,0,0.706,3
2022-09-10 23:05:00,SHORT,35.29,35.4,sl,-0.003991,0,0.7442,3
2022-09-11 00:05:00,SHORT,35.13,34.96,tp,0.004025,1,0.7012,3
2022-09-11 06:30:00,LONG,34.12,34.29,tp,0.004,1,0.7255,3
2022-09-11 16:55:00,LONG,35.77,35.66,sl,-0.004,0,0.6771,3
2022-09-11 19:10:00,SHORT,35.44,35.27,tp,0.004025,1,0.6819,3
2022-09-11 21:05:00,SHORT,35.15,34.98,tp,0.004025,1,0.7064,3
2022-09-11 21:30:00,LONG,34.93,34.82,sl,-0.004,0,0.6981,3
2022-09-11 21:50:00,SHORT,34.45,34.56,sl,-0.003991,0,0.6866,3
2022-09-11 23:05:00,LONG,34.58,34.75,tp,0.004,1,0.7167,3
2022-09-11 23:55:00,SHORT,34.97,34.8,tp,0.004025,1,0.6682,3
2022-09-12 00:35:00,LONG,34.62,34.51,sl,-0.004,0,0.7066,3
2022-09-12 02:50:00,LONG,34.95,35.12,tp,0.004,1,0.8703,3
2022-09-12 04:20:00,LONG,34.88,34.77,sl,-0.004,0,0.7598,3
2022-09-12 07:15:00,LONG,35.03,35.2,tp,0.004,1,0.6717,3
2022-09-12 08:10:00,SHORT,35.49,35.6,sl,-0.003991,0,0.6626,3
2022-09-12 09:00:00,LONG,36.17,36.06,sl,-0.004,0,0.7026,3
2022-09-12 09:20:00,LONG,36.35,36.53,tp,0.004,1,0.7295,3
2022-09-12 09:40:00,LONG,36.99,36.88,sl,-0.004,0,0.7364,3
2022-09-12 10:30:00,SHORT,37.93,37.74,tp,0.004025,1,0.6653,3
2022-09-12 11:40:00,SHORT,37.8,37.61,tp,0.004025,1,0.7582,3
2022-09-12 11:50:00,LONG,37.65,37.54,sl,-0.004,0,0.6575,3
2022-09-12 12:00:00,SHORT,37.73,37.54,tp,0.004025,1,0.8229,3
2022-09-12 12:45:00,SHORT,38.03,37.84,tp,0.004025,1,0.7293,3
2022-09-12 13:20:00,SHORT,38.0,38.11,sl,-0.003991,0,0.6536,3
2022-09-12 14:40:00,LONG,37.6,37.79,tp,0.004,1,0.7824,3
2022-09-12 14:45:00,SHORT,37.73,37.54,tp,0.004025,1,0.8007,3
2022-09-12 15:20:00,LONG,37.53,37.42,sl,-0.004,0,0.7383,3
2022-09-12 15:35:00,SHORT,37.41,37.22,tp,0.004025,1,0.6862,3
2022-09-12 15:55:00,SHORT,37.12,37.23,sl,-0.003991,0,0.6564,3
2022-09-12 16:05:00,LONG,36.94,37.12,tp,0.004,1,0.7929,3
2022-09-12 16:30:00,SHORT,37.4,37.21,tp,0.004025,1,0.8262,3
2022-09-12 16:45:00,LONG,37.25,37.43,tp,0.004,1,0.7598,3
2022-09-12 17:15:00,SHORT,37.44,37.25,tp,0.004025,1,0.8263,3
2022-09-12 17:40:00,LONG,37.14,37.32,tp,0.004,1,0.6902,3
2022-09-12 18:35:00,LONG,37.4,37.59,tp,0.004,1,0.6826,3
2022-09-12 18:55:00,SHORT,37.67,37.78,sl,-0.003991,0,0.723,3
2022-09-12 19:15:00,LONG,37.65,37.54,sl,-0.004,0,0.6614,3
2022-09-12 20:50:00,SHORT,37.77,37.58,tp,0.004025,1,0.7502,3
2022-09-12 21:40:00,SHORT,37.66,37.47,tp,0.004025,1,0.6858,3
2022-09-12 23:40:00,LONG,37.37,37.26,sl,-0.004,0,0.6607,3
2022-09-13 00:50:00,SHORT,37.05,36.87,tp,0.004025,1,0.7483,3
2022-09-13 01:10:00,SHORT,37.12,36.94,tp,0.004025,1,0.8203,3
2022-09-13 01:35:00,LONG,36.91,37.09,tp,0.004,1,0.6973,3
2022-09-13 02:25:00,LONG,37.9,38.09,tp,0.004,1,0.7902,3
2022-09-13 02:50:00,LONG,37.93,37.82,sl,-0.004,0,0.6693,3
2022-09-13 03:05:00,LONG,37.93,38.12,tp,0.004,1,0.6723,3
2022-09-13 03:10:00,SHORT,37.88,37.99,sl,-0.003991,0,0.7042,3
2022-09-13 03:45:00,LONG,38.52,38.71,tp,0.004,1,0.7239,3
2022-09-13 04:15:00,LONG,38.48,38.67,tp,0.004,1,0.7147,3
2022-09-13 04:20:00,SHORT,38.65,38.46,tp,0.004025,1,0.7988,3
2022-09-13 05:00:00,LONG,38.19,38.38,tp,0.004,1,0.8416,3
2022-09-13 05:15:00,SHORT,38.55,38.36,tp,0.004025,1,0.7818,3
2022-09-13 06:00:00,LONG,38.32,38.51,tp,0.004,1,0.7057,3
2022-09-13 06:10:00,SHORT,38.68,38.8,sl,-0.003991,0,0.6621,3
2022-09-13 07:00:00,SHORT,38.45,38.26,tp,0.004025,1,0.7727,3
2022-09-13 07:10:00,LONG,38.3,38.49,tp,0.004,1,0.7987,3
2022-09-13 07:30:00,SHORT,38.51,38.63,sl,-0.003991,0,0.6859,3
2022-09-13 07:45:00,SHORT,38.58,38.39,tp,0.004025,1,0.6902,3
2022-09-13 08:20:00,SHORT,38.4,38.21,tp,0.004025,1,0.6799,3
2022-09-13 09:20:00,LONG,38.57,38.45,sl,-0.004,0,0.6509,3
2022-09-13 09:35:00,LONG,38.42,38.3,sl,-0.004,0,0.6984,3
2022-09-13 10:05:00,LONG,38.3,38.49,tp,0.004,1,0.6809,3
2022-09-13 11:50:00,LONG,38.39,38.58,tp,0.004,1,0.6612,3
2022-09-13 12:00:00,SHORT,38.49,38.61,sl,-0.003991,0,0.6653,3
2022-09-13 12:10:00,LONG,38.43,38.62,tp,0.004,1,0.7323,3
2022-09-13 12:25:00,SHORT,38.76,38.57,tp,0.004025,1,0.7186,3
2022-09-13 12:30:00,LONG,37.39,37.28,sl,-0.004,0,0.807,3
2022-09-13 12:35:00,LONG,36.45,36.34,sl,-0.004,0,0.6671,3
2022-09-13 12:50:00,LONG,35.73,35.91,tp,0.004,1,0.9248,3
2022-09-13 12:55:00,LONG,35.91,36.09,tp,0.004,1,0.672,3
2022-09-13 13:15:00,SHORT,35.57,35.68,sl,-0.003991,0,0.7478,3
2022-09-13 13:25:00,LONG,35.37,35.54,tp,0.004,1,0.9132,3
2022-09-13 13:30:00,SHORT,35.74,35.56,tp,0.004025,1,0.7664,3
2022-09-13 13:55:00,SHORT,35.39,35.22,tp,0.004025,1,0.6595,3
2022-09-13 14:00:00,LONG,35.28,35.45,tp,0.004,1,0.783,3
2022-09-13 14:05:00,SHORT,35.61,35.43,tp,0.004025,1,0.736,3
2022-09-13 14:50:00,LONG,34.71,34.88,tp,0.004,1,0.8771,3
2022-09-13 15:05:00,SHORT,35.02,34.85,tp,0.004025,1,0.7855,3
2022-09-13 15:20:00,LONG,34.53,34.7,tp,0.004,1,0.8788,3
2022-09-13 15:40:00,SHORT,34.71,34.82,sl,-0.003991,0,0.7026,3
2022-09-13 16:45:00,SHORT,35.04,35.15,sl,-0.003991,0,0.7722,3
2022-09-13 17:00:00,LONG,35.04,35.21,tp,0.004,1,0.7936,3
2022-09-13 17:25:00,SHORT,35.27,35.1,tp,0.004025,1,0.8319,3
2022-09-13 18:55:00,SHORT,34.22,34.33,sl,-0.003991,0,0.6805,3
2022-09-13 19:05:00,LONG,33.67,33.57,sl,-0.004,0,0.7926,3
2022-09-13 19:20:00,SHORT,33.92,34.02,sl,-0.003991,0,0.8154,3
2022-09-13 20:05:00,LONG,34.09,34.26,tp,0.004,1,0.7272,3
2022-09-13 21:10:00,SHORT,34.04,33.87,tp,0.004025,1,0.6905,3
2022-09-13 21:55:00,SHORT,33.89,33.72,tp,0.004025,1,0.8043,3
2022-09-13 22:05:00,LONG,33.67,33.57,sl,-0.004,0,0.6737,3
2022-09-13 23:00:00,SHORT,33.36,33.2,tp,0.004025,1,0.7114,3
2022-09-13 23:20:00,LONG,33.06,32.96,sl,-0.004,0,0.7451,3
2022-09-14 00:00:00,LONG,32.83,32.99,tp,0.004,1,0.8501,3
2022-09-14 00:10:00,SHORT,33.11,32.95,tp,0.004025,1,0.7583,3
2022-09-14 00:20:00,LONG,33.07,32.97,sl,-0.004,0,0.679,3
2022-09-14 00:35:00,LONG,33.05,33.21,tp,0.004,1,0.7473,3
2022-09-14 01:05:00,SHORT,33.42,33.52,timeout,-0.003789,0,0.8335,3
2022-09-14 01:15:00,LONG,33.35,33.51,tp,0.004,1,0.7257,3
2022-09-14 01:25:00,SHORT,33.4,33.5,sl,-0.003991,0,0.776,3
2022-09-14 01:35:00,LONG,33.34,33.5,tp,0.004,1,0.7645,3
2022-09-14 02:25:00,LONG,33.53,33.69,tp,0.004,1,0.6752,3
2022-09-14 02:55:00,SHORT,33.71,33.81,sl,-0.003991,0,0.7388,3
2022-09-14 03:25:00,SHORT,33.74,33.57,tp,0.004025,1,0.7112,3
2022-09-14 04:25:00,LONG,33.59,33.75,tp,0.004,1,0.662,3
2022-09-14 04:55:00,SHORT,33.87,33.7,tp,0.004025,1,0.6811,3
2022-09-14 05:05:00,LONG,33.81,33.71,sl,-0.004,0,0.7625,3
2022-09-14 06:55:00,LONG,33.35,33.51,tp,0.004,1,0.6942,3
2022-09-14 08:10:00,LONG,33.06,33.22,tp,0.004,1,0.7925,3
2022-09-14 08:25:00,LONG,33.07,33.23,tp,0.004,1,0.758,3
2022-09-14 09:15:00,LONG,33.45,33.47,timeout,-0.000206,0,0.6794,3
2022-09-14 10:00:00,SHORT,33.5,33.6,sl,-0.003991,0,0.7457,3
2022-09-14 10:45:00,SHORT,33.6,33.44,tp,0.004025,1,0.6624,3
2022-09-14 11:25:00,LONG,33.34,33.24,sl,-0.004,0,0.6528,3
2022-09-14 11:55:00,SHORT,33.21,33.05,tp,0.004025,1,0.6518,3
2022-09-14 12:10:00,SHORT,33.03,33.13,sl,-0.003991,0,0.6523,3
2022-09-14 14:15:00,SHORT,33.53,33.37,tp,0.004025,1,0.6617,3
2022-09-14 14:30:00,LONG,33.3,33.46,tp,0.004,1,0.6753,3
2022-09-14 15:30:00,LONG,33.55,33.45,sl,-0.004,0,0.6649,3
2022-09-14 16:25:00,LONG,33.24,33.4,tp,0.004,1,0.8369,3
2022-09-14 17:00:00,LONG,33.39,33.55,tp,0.004,1,0.7119,3
2022-09-14 17:25:00,SHORT,33.57,33.41,tp,0.004025,1,0.6722,3
2022-09-14 18:30:00,SHORT,33.4,33.24,tp,0.004025,1,0.8144,3
2022-09-14 19:00:00,LONG,33.16,33.06,sl,-0.004,0,0.7015,3
2022-09-14 19:05:00,SHORT,33.26,33.1,tp,0.004025,1,0.7859,3
2022-09-14 19:15:00,LONG,33.13,33.29,tp,0.004,1,0.6825,3
2022-09-14 21:55:00,SHORT,34.01,34.12,sl,-0.003991,0,0.6769,3
2022-09-14 22:15:00,SHORT,34.08,34.19,sl,-0.003991,0,0.6556,3
2022-09-14 22:25:00,LONG,34.0,34.17,tp,0.004,1,0.7155,3
2022-09-14 22:45:00,SHORT,34.29,34.12,tp,0.004025,1,0.8004,3
2022-09-14 23:30:00,LONG,33.94,34.11,tp,0.004,1,0.7814,3
2022-09-14 23:50:00,SHORT,34.13,33.96,tp,0.004025,1,0.7259,3
2022-09-15 00:40:00,LONG,33.84,33.74,sl,-0.004,0,0.6633,3
2022-09-15 00:55:00,SHORT,33.92,33.75,tp,0.004025,1,0.704,3
2022-09-15 01:10:00,LONG,33.51,33.67,tp,0.004,1,0.7441,3
2022-09-15 01:35:00,LONG,33.7,33.87,tp,0.004,1,0.7399,3
2022-09-15 01:55:00,SHORT,33.88,33.71,tp,0.004025,1,0.701,3
2022-09-15 02:20:00,LONG,33.4,33.3,sl,-0.004,0,0.7295,3
2022-09-15 02:45:00,LONG,33.4,33.3,sl,-0.004,0,0.7295,3
2022-09-15 02:55:00,SHORT,33.44,33.28,tp,0.004025,1,0.6952,3
2022-09-15 03:10:00,LONG,32.94,33.1,tp,0.004,1,0.8423,3
2022-09-15 03:35:00,LONG,33.06,32.96,sl,-0.004,0,0.699,3
2022-09-15 03:45:00,SHORT,33.05,33.15,sl,-0.003991,0,0.7088,3
2022-09-15 04:40:00,LONG,33.03,33.19,tp,0.004,1,0.6765,3
2022-09-15 05:10:00,LONG,33.09,33.25,tp,0.004,1,0.7442,3
2022-09-15 06:45:00,SHORT,34.08,33.91,tp,0.004025,1,0.6798,3
2022-09-15 06:55:00,LONG,33.88,34.05,tp,0.004,1,0.7729,3
2022-09-15 08:00:00,LONG,34.6,34.77,tp,0.004,1,0.7744,3
2022-09-15 08:45:00,LONG,33.92,33.82,sl,-0.004,0,0.73,3
2022-09-15 09:00:00,SHORT,34.01,33.84,tp,0.004025,1,0.7733,3
2022-09-15 09:25:00,LONG,33.81,33.71,sl,-0.004,0,0.851,3
2022-09-15 09:50:00,LONG,33.79,33.96,tp,0.004,1,0.7413,3
2022-09-15 11:30:00,SHORT,33.97,33.8,tp,0.004025,1,0.7166,3
2022-09-15 12:00:00,LONG,33.86,33.76,sl,-0.004,0,0.7058,3
2022-09-15 13:35:00,LONG,33.56,33.72,tp,0.004,1,0.71,3
2022-09-15 15:00:00,SHORT,33.07,32.91,tp,0.004025,1,0.7203,3
2022-09-15 15:30:00,SHORT,33.22,33.06,tp,0.004025,1,0.8442,3
2022-09-15 16:10:00,LONG,32.85,33.01,tp,0.004,1,0.8117,3
2022-09-15 16:30:00,SHORT,33.24,33.34,sl,-0.003991,0,0.7798,3
2022-09-15 17:00:00,SHORT,33.33,33.43,sl,-0.003991,0,0.7403,3
2022-09-15 17:25:00,SHORT,33.5,33.34,tp,0.004025,1,0.7021,3
2022-09-15 17:55:00,SHORT,33.4,33.5,sl,-0.003991,0,0.6843,3
2022-09-15 18:00:00,LONG,33.31,33.47,tp,0.004,1,0.6652,3
2022-09-15 20:00:00,LONG,33.67,33.57,sl,-0.004,0,0.6511,3
2022-09-15 20:10:00,SHORT,33.71,33.54,tp,0.004025,1,0.6538,3
2022-09-15 20:55:00,SHORT,33.65,33.48,tp,0.004025,1,0.6904,3
2022-09-15 21:50:00,SHORT,33.31,33.15,tp,0.004025,1,0.6953,3
2022-09-15 22:00:00,LONG,33.22,33.12,sl,-0.004,0,0.694,3
2022-09-15 22:15:00,LONG,33.19,33.09,sl,-0.004,0,0.7289,3
2022-09-15 22:30:00,SHORT,33.26,33.1,tp,0.004025,1,0.695,3
2022-09-15 23:00:00,SHORT,33.05,32.89,tp,0.004025,1,0.6589,3
2022-09-15 23:40:00,SHORT,33.18,33.02,tp,0.004025,1,0.7353,3
2022-09-15 23:50:00,LONG,33.02,32.92,sl,-0.004,0,0.7155,3
2022-09-16 00:15:00,LONG,32.7,32.86,tp,0.004,1,0.7292,3
2022-09-16 00:25:00,SHORT,33.12,32.96,tp,0.004025,1,0.8233,3
2022-09-16 00:35:00,LONG,32.88,33.04,tp,0.004,1,0.7534,3
2022-09-16 01:00:00,SHORT,33.15,32.99,tp,0.004025,1,0.6898,3
2022-09-16 02:15:00,LONG,32.74,32.64,sl,-0.004,0,0.6727,3
2022-09-16 02:30:00,SHORT,32.74,32.58,tp,0.004025,1,0.6875,3
2022-09-16 02:45:00,LONG,32.59,32.75,tp,0.004,1,0.6601,3
2022-09-16 03:05:00,LONG,32.67,32.83,tp,0.004,1,0.7046,3
2022-09-16 04:40:00,SHORT,33.05,32.99,timeout,0.001031,1,0.6983,3
2022-09-16 06:10:00,LONG,32.88,33.04,tp,0.004,1,0.6926,3
2022-09-16 06:30:00,LONG,32.94,33.1,tp,0.004,1,0.6752,3
2022-09-16 09:20:00,SHORT,32.58,32.68,sl,-0.003991,0,0.6612,3
2022-09-16 11:50:00,SHORT,33.09,32.93,tp,0.004025,1,0.696,3
2022-09-16 12:30:00,LONG,32.74,32.64,sl,-0.004,0,0.7552,3
2022-09-16 13:50:00,SHORT,32.25,32.09,tp,0.004025,1,0.6962,3
2022-09-16 13:55:00,LONG,32.05,31.95,sl,-0.004,0,0.7169,3
2022-09-16 14:25:00,LONG,32.16,32.32,tp,0.004,1,0.7843,3
2022-09-16 14:40:00,SHORT,32.39,32.23,tp,0.004025,1,0.7895,3
2022-09-16 15:00:00,LONG,32.3,32.46,tp,0.004,1,0.6773,3
2022-09-16 15:35:00,LONG,32.17,32.07,sl,-0.004,0,0.6874,3
2022-09-16 15:55:00,SHORT,32.25,32.09,tp,0.004025,1,0.8126,3
2022-09-16 16:15:00,SHORT,32.05,31.89,tp,0.004025,1,0.7241,3
2022-09-16 17:05:00,LONG,31.81,31.71,sl,-0.004,0,0.6869,3
2022-09-16 17:40:00,SHORT,31.88,31.72,tp,0.004025,1,0.794,3
2022-09-16 19:05:00,SHORT,32.05,32.15,sl,-0.003991,0,0.8086,3
2022-09-16 19:15:00,LONG,31.98,32.14,tp,0.004,1,0.7699,3
2022-09-16 20:10:00,SHORT,32.23,32.33,sl,-0.003991,0,0.7317,3
2022-09-16 20:30:00,LONG,32.16,32.32,tp,0.004,1,0.6749,3
2022-09-16 20:50:00,SHORT,32.3,32.25,timeout,0.00079,1,0.6746,3
2022-09-16 21:35:00,SHORT,32.35,32.19,tp,0.004025,1,0.6764,3
2022-09-17 00:30:00,SHORT,32.9,32.74,tp,0.004025,1,0.7408,3
2022-09-17 00:50:00,LONG,32.72,32.8,timeout,0.001667,1,0.6935,3
2022-09-17 02:00:00,SHORT,32.87,32.71,tp,0.004025,1,0.6954,3
2022-09-17 04:15:00,SHORT,33.03,32.87,tp,0.004025,1,0.6592,3
2022-09-17 10:05:00,SHORT,32.97,32.81,tp,0.004025,1,0.6902,3
2022-09-17 21:00:00,SHORT,33.39,33.23,tp,0.004025,1,0.6703,3
2022-09-17 21:35:00,SHORT,33.37,33.21,tp,0.004025,1,0.6669,3
2022-09-17 22:10:00,SHORT,33.57,33.64,timeout,-0.002891,0,0.6775,3
2022-09-18 00:45:00,SHORT,33.75,33.85,sl,-0.003991,0,0.6624,3
2022-09-18 09:45:00,LONG,33.13,33.03,sl,-0.004,0,0.7561,3
2022-09-18 10:20:00,SHORT,33.45,33.29,tp,0.004025,1,0.6628,3
2022-09-18 14:20:00,LONG,33.01,33.17,tp,0.004,1,0.6802,3
2022-09-18 14:45:00,LONG,32.79,32.95,tp,0.004,1,0.8517,3
2022-09-18 16:10:00,LONG,32.52,32.68,tp,0.004,1,0.7588,3
2022-09-18 16:50:00,SHORT,32.57,32.41,tp,0.004025,1,0.7475,3
2022-09-18 17:05:00,LONG,32.35,32.51,tp,0.004,1,0.7566,3
2022-09-18 18:15:00,LONG,32.14,32.3,tp,0.004,1,0.7941,3
2022-09-18 18:40:00,LONG,32.29,32.45,tp,0.004,1,0.7502,3
2022-09-18 22:05:00,LONG,31.03,31.18,tp,0.004,1,0.8874,3
2022-09-18 23:05:00,SHORT,31.35,31.2,tp,0.004025,1,0.6673,3
2022-09-19 00:45:00,SHORT,31.66,31.51,tp,0.004025,1,0.664,3
2022-09-19 00:55:00,LONG,31.61,31.51,sl,-0.004,0,0.7593,3
2022-09-19 01:35:00,LONG,31.45,31.35,sl,-0.004,0,0.698,3
2022-09-19 02:15:00,LONG,30.8,30.95,tp,0.004,1,0.7102,3
2022-09-19 02:50:00,SHORT,30.74,30.84,sl,-0.003991,0,0.7061,3
2022-09-19 03:15:00,SHORT,30.89,30.74,tp,0.004025,1,0.7787,3
2022-09-19 03:20:00,LONG,30.75,30.65,sl,-0.004,0,0.7824,3
2022-09-19 03:40:00,LONG,30.69,30.84,tp,0.004,1,0.781,3
2022-09-19 04:20:00,SHORT,31.31,31.41,sl,-0.003991,0,0.8085,3
2022-09-19 05:55:00,LONG,31.09,31.24,tp,0.004,1,0.687,3
2022-09-19 06:15:00,LONG,31.21,31.11,sl,-0.004,0,0.6886,3
2022-09-19 06:40:00,LONG,30.94,31.09,tp,0.004,1,0.8204,3
2022-09-19 07:05:00,LONG,31.0,30.9,sl,-0.004,0,0.7541,3
2022-09-19 07:15:00,SHORT,31.09,30.94,tp,0.004025,1,0.7863,3
2022-09-19 07:25:00,LONG,30.97,31.12,tp,0.004,1,0.7333,3
2022-09-19 07:50:00,SHORT,31.18,31.03,tp,0.004025,1,0.6903,3
2022-09-19 09:15:00,LONG,30.71,30.86,tp,0.004,1,0.7193,3
2022-09-19 10:45:00,SHORT,31.37,31.22,tp,0.004025,1,0.6887,3
2022-09-19 11:25:00,LONG,31.08,31.23,tp,0.004,1,0.8074,3
2022-09-19 11:50:00,SHORT,31.3,31.4,sl,-0.003991,0,0.7286,3
2022-09-19 12:10:00,SHORT,31.34,31.19,tp,0.004025,1,0.7135,3
2022-09-19 12:15:00,LONG,31.24,31.39,tp,0.004,1,0.6756,3
2022-09-19 13:25:00,LONG,31.37,31.52,tp,0.004,1,0.7352,3
2022-09-19 13:40:00,LONG,31.68,31.83,tp,0.004,1,0.7339,3
2022-09-19 14:05:00,LONG,31.97,32.13,tp,0.004,1,0.6553,3
2022-09-19 14:10:00,SHORT,32.08,32.18,sl,-0.003991,0,0.6866,3
2022-09-19 14:55:00,LONG,32.09,32.25,tp,0.004,1,0.7137,3
2022-09-19 15:35:00,LONG,31.88,32.04,tp,0.004,1,0.8225,3
2022-09-19 15:50:00,SHORT,31.97,32.07,sl,-0.003991,0,0.7235,3
2022-09-19 16:25:00,LONG,31.9,32.06,tp,0.004,1,0.6893,3
2022-09-19 17:35:00,LONG,31.73,31.88,tp,0.004,1,0.807,3
2022-09-19 19:10:00,SHORT,32.61,32.71,sl,-0.003991,0,0.7469,3
2022-09-19 19:45:00,LONG,32.72,32.88,tp,0.004,1,0.7227,3
2022-09-19 20:15:00,LONG,32.75,32.91,tp,0.004,1,0.6713,3
2022-09-19 20:25:00,SHORT,32.83,32.93,sl,-0.003991,0,0.7242,3
2022-09-19 20:45:00,SHORT,32.76,32.86,sl,-0.003991,0,0.6695,3
2022-09-19 20:55:00,LONG,32.74,32.9,tp,0.004,1,0.6885,3
2022-09-19 22:00:00,LONG,32.71,32.87,tp,0.004,1,0.7239,3
2022-09-19 22:10:00,SHORT,32.8,32.64,tp,0.004025,1,0.6642,3
2022-09-19 22:25:00,LONG,32.65,32.81,tp,0.004,1,0.7193,3
2022-09-20 00:10:00,LONG,32.62,32.78,tp,0.004,1,0.663,3
2022-09-20 00:45:00,LONG,32.55,32.45,sl,-0.004,0,0.6906,3
2022-09-20 02:45:00,LONG,32.42,32.32,sl,-0.004,0,0.7373,3
2022-09-20 03:20:00,LONG,32.03,32.19,tp,0.004,1,0.7484,3
2022-09-20 04:25:00,LONG,32.17,32.33,tp,0.004,1,0.7394,3
2022-09-20 06:20:00,LONG,32.14,32.3,tp,0.004,1,0.8162,3
2022-09-20 08:30:00,SHORT,32.5,32.34,tp,0.004025,1,0.73,3
2022-09-20 09:35:00,SHORT,32.06,31.9,tp,0.004025,1,0.6743,3
2022-09-20 12:15:00,SHORT,32.17,32.01,tp,0.004025,1,0.6737,3
2022-09-20 13:15:00,LONG,31.73,31.88,tp,0.004,1,0.7657,3
2022-09-20 13:30:00,SHORT,31.85,31.69,tp,0.004025,1,0.6706,3
2022-09-20 14:25:00,SHORT,31.9,32.0,sl,-0.003991,0,0.8034,3
2022-09-20 14:35:00,LONG,31.85,32.01,tp,0.004,1,0.7034,3
2022-09-20 15:05:00,SHORT,32.37,32.21,tp,0.004025,1,0.7028,3
2022-09-20 15:50:00,LONG,32.42,32.32,sl,-0.004,0,0.7059,3
2022-09-20 16:30:00,LONG,32.14,32.3,tp,0.004,1,0.7343,3
2022-09-20 17:15:00,LONG,31.77,31.92,tp,0.004,1,0.8541,3
2022-09-20 17:35:00,LONG,31.72,31.62,sl,-0.004,0,0.8312,3
2022-09-20 17:55:00,LONG,31.55,31.7,tp,0.004,1,0.7632,3
2022-09-20 18:05:00,SHORT,31.75,31.6,tp,0.004025,1,0.7812,3
2022-09-20 18:20:00,SHORT,31.76,31.61,tp,0.004025,1,0.8228,3
2022-09-20 18:45:00,SHORT,31.83,31.93,sl,-0.003991,0,0.7856,3
2022-09-20 19:00:00,SHORT,31.82,31.92,sl,-0.003991,0,0.7108,3
2022-09-20 20:35:00,LONG,31.71,31.76,timeout,0.000838,1,0.6787,3
2022-09-20 21:50:00,SHORT,31.65,31.75,sl,-0.003991,0,0.6834,3
2022-09-20 22:35:00,LONG,31.63,31.53,sl,-0.004,0,0.6896,3
2022-09-21 01:05:00,SHORT,31.74,31.84,sl,-0.003991,0,0.7141,3
2022-09-21 06:45:00,SHORT,31.71,31.56,tp,0.004025,1,0.6672,3
2022-09-21 10:05:00,LONG,31.6,31.75,tp,0.004,1,0.6562,3
2022-09-21 11:00:00,SHORT,31.94,32.04,sl,-0.003991,0,0.6707,3
2022-09-21 11:25:00,LONG,31.88,32.04,tp,0.004,1,0.6818,3
2022-09-21 11:50:00,SHORT,32.02,32.12,sl,-0.003991,0,0.6594,3
2022-09-21 12:30:00,SHORT,32.28,32.12,tp,0.004025,1,0.7282,3
2022-09-21 13:45:00,SHORT,32.14,32.24,sl,-0.003991,0,0.6991,3
2022-09-21 14:25:00,SHORT,32.2,32.04,tp,0.004025,1,0.6912,3
2022-09-21 15:40:00,SHORT,31.57,31.67,sl,-0.003991,0,0.6734,3
2022-09-21 16:40:00,SHORT,31.89,31.73,tp,0.004025,1,0.6874,3
2022-09-21 18:00:00,LONG,31.31,31.46,tp,0.004,1,0.7534,3
2022-09-21 18:35:00,LONG,32.71,32.87,tp,0.004,1,0.7537,3
2022-09-21 18:45:00,SHORT,33.07,33.17,sl,-0.003991,0,0.7488,3
2022-09-21 19:10:00,LONG,32.7,32.6,sl,-0.004,0,0.7293,3
2022-09-21 20:15:00,LONG,31.26,31.41,tp,0.004,1,0.9076,3
2022-09-21 20:55:00,SHORT,31.52,31.37,tp,0.004025,1,0.8418,3
2022-09-21 21:05:00,SHORT,31.06,30.91,tp,0.004025,1,0.7445,3
2022-09-21 21:15:00,SHORT,30.9,30.75,tp,0.004025,1,0.7504,3
2022-09-21 21:30:00,LONG,30.55,30.7,tp,0.004,1,0.8635,3
2022-09-21 21:45:00,SHORT,30.69,30.79,sl,-0.003991,0,0.7168,3
2022-09-21 22:10:00,SHORT,30.28,30.13,tp,0.004025,1,0.6542,3
2022-09-21 22:15:00,LONG,30.23,30.38,tp,0.004,1,0.7711,3
2022-09-21 22:55:00,SHORT,30.62,30.72,sl,-0.003991,0,0.8483,3
2022-09-21 23:10:00,LONG,30.55,30.7,tp,0.004,1,0.756,3
2022-09-22 00:05:00,SHORT,30.8,30.65,tp,0.004025,1,0.7489,3
2022-09-22 00:30:00,SHORT,30.82,30.67,tp,0.004025,1,0.7519,3
2022-09-22 00:40:00,LONG,30.67,30.82,tp,0.004,1,0.6832,3
2022-09-22 01:30:00,SHORT,30.95,30.8,tp,0.004025,1,0.6542,3
2022-09-22 01:40:00,LONG,30.84,30.99,tp,0.004,1,0.6679,3
2022-09-22 03:35:00,LONG,30.95,31.1,tp,0.004,1,0.7243,3
2022-09-22 04:25:00,LONG,31.13,31.08,timeout,-0.002321,0,0.6912,3
2022-09-22 06:50:00,SHORT,31.3,31.4,sl,-0.003991,0,0.6541,3
2022-09-22 09:00:00,SHORT,32.21,32.31,sl,-0.003991,0,0.6867,3
2022-09-22 09:20:00,SHORT,32.23,32.07,tp,0.004025,1,0.7316,3
2022-09-22 09:35:00,LONG,32.06,32.22,tp,0.004,1,0.6512,3
2022-09-22 09:55:00,SHORT,32.14,32.24,sl,-0.003991,0,0.7153,3
2022-09-22 10:50:00,SHORT,32.22,32.32,sl,-0.003991,0,0.6874,3
2022-09-22 11:50:00,SHORT,32.35,32.45,sl,-0.003991,0,0.6671,3
2022-09-22 12:50:00,SHORT,32.29,32.13,tp,0.004025,1,0.6803,3
2022-09-22 13:45:00,SHORT,31.83,31.93,sl,-0.003991,0,0.6693,3
2022-09-22 14:10:00,SHORT,32.09,31.93,tp,0.004025,1,0.8384,3
2022-09-22 15:20:00,LONG,31.73,31.88,tp,0.004,1,0.6791,3
2022-09-22 15:30:00,SHORT,31.83,31.93,sl,-0.003991,0,0.7528,3
2022-09-22 16:20:00,SHORT,31.89,31.99,sl,-0.003991,0,0.8002,3
2022-09-22 17:45:00,LONG,32.0,32.16,tp,0.004,1,0.6996,3
2022-09-22 17:50:00,SHORT,32.08,31.92,tp,0.004025,1,0.673,3
2022-09-22 18:35:00,SHORT,32.32,32.16,tp,0.004025,1,0.779,3
2022-09-22 18:45:00,LONG,32.08,32.24,tp,0.004,1,0.6924,3
2022-09-22 19:10:00,SHORT,32.55,32.39,tp,0.004025,1,0.8473,3
2022-09-22 19:45:00,SHORT,32.77,32.61,tp,0.004025,1,0.7722,3
2022-09-22 19:55:00,LONG,32.48,32.64,tp,0.004,1,0.7528,3
2022-09-22 20:20:00,SHORT,32.57,32.41,tp,0.004025,1,0.677,3
2022-09-22 22:35:00,SHORT,32.5,32.34,tp,0.004025,1,0.7539,3
2022-09-22 23:05:00,SHORT,32.69,32.53,tp,0.004025,1,0.7454,3
2022-09-22 23:45:00,LONG,32.37,32.53,tp,0.004,1,0.7717,3
2022-09-23 00:00:00,SHORT,32.47,32.57,sl,-0.003991,0,0.6681,3
2022-09-23 00:20:00,SHORT,32.61,32.45,tp,0.004025,1,0.6527,3
2022-09-23 03:30:00,SHORT,33.16,33.0,tp,0.004025,1,0.7428,3
2022-09-23 04:05:00,LONG,32.83,32.99,tp,0.004,1,0.6911,3
2022-09-23 04:30:00,SHORT,33.19,33.29,sl,-0.003991,0,0.7192,3
2022-09-23 05:10:00,LONG,32.95,33.11,tp,0.004,1,0.6844,3
2022-09-23 06:05:00,SHORT,33.11,32.95,tp,0.004025,1,0.678,3
2022-09-23 06:45:00,SHORT,32.97,32.81,tp,0.004025,1,0.6877,3
2022-09-23 07:40:00,LONG,32.67,32.57,sl,-0.004,0,0.7598,3
2022-09-23 07:55:00,LONG,32.6,32.5,sl,-0.004,0,0.7236,3
2022-09-23 08:30:00,SHORT,32.17,32.01,tp,0.004025,1,0.6622,3
2022-09-23 09:00:00,SHORT,32.02,32.12,sl,-0.003991,0,0.7013,3
2022-09-23 09:55:00,SHORT,32.05,31.89,tp,0.004025,1,0.658,3
2022-09-23 11:25:00,SHORT,31.79,31.64,tp,0.004025,1,0.6785,3
2022-09-23 14:00:00,LONG,31.38,31.53,tp,0.004,1,0.6512,3
2022-09-23 15:00:00,LONG,31.4,31.55,tp,0.004,1,0.6822,3
2022-09-23 15:30:00,SHORT,31.77,31.62,tp,0.004025,1,0.758,3
2022-09-23 15:45:00,LONG,31.47,31.62,tp,0.004,1,0.7342,3
2022-09-23 17:15:00,SHORT,31.73,31.58,tp,0.004025,1,0.7418,3
2022-09-23 18:15:00,LONG,31.59,31.74,tp,0.004,1,0.6643,3
2022-09-23 18:25:00,SHORT,31.72,31.57,tp,0.004025,1,0.6642,3
2022-09-23 18:45:00,SHORT,31.7,31.55,tp,0.004025,1,0.6516,3
2022-09-23 19:05:00,SHORT,31.73,31.58,tp,0.004025,1,0.7868,3
2022-09-23 19:40:00,SHORT,31.87,31.97,sl,-0.003991,0,0.7802,3
2022-09-23 20:30:00,SHORT,32.71,32.81,sl,-0.003991,0,0.6694,3
2022-09-23 20:50:00,LONG,32.64,32.54,sl,-0.004,0,0.8621,3
2022-09-23 21:05:00,LONG,33.05,32.95,sl,-0.004,0,0.6613,3
2022-09-23 21:35:00,LONG,33.23,33.39,tp,0.004,1,0.7192,3
2022-09-23 22:00:00,LONG,33.65,33.55,sl,-0.004,0,0.6933,3
2022-09-23 22:30:00,SHORT,33.86,33.69,tp,0.004025,1,0.6852,3
2022-09-23 22:50:00,LONG,33.67,33.84,tp,0.004,1,0.7959,3
2022-09-23 23:05:00,SHORT,33.87,33.7,tp,0.004025,1,0.7814,3
2022-09-23 23:50:00,LONG,33.62,33.78,tp,0.004,1,0.7128,3
2022-09-24 00:05:00,SHORT,33.74,33.57,tp,0.004025,1,0.6508,3
2022-09-24 00:30:00,SHORT,33.57,33.67,sl,-0.003991,0,0.6791,3
2022-09-24 00:35:00,LONG,33.48,33.64,tp,0.004,1,0.744,3
2022-09-24 01:35:00,LONG,33.64,33.8,tp,0.004,1,0.759,3
2022-09-24 01:50:00,SHORT,34.16,33.99,tp,0.004025,1,0.7148,3
2022-09-24 03:00:00,SHORT,34.09,33.92,tp,0.004025,1,0.6744,3
2022-09-24 03:05:00,LONG,34.06,33.95,sl,-0.004,0,0.7189,3
2022-09-24 03:20:00,SHORT,34.1,33.93,tp,0.004025,1,0.7306,3
2022-09-24 03:40:00,LONG,33.91,34.08,tp,0.004,1,0.758,3
2022-09-24 04:10:00,LONG,33.82,33.99,tp,0.004,1,0.6779,3
2022-09-24 04:45:00,LONG,33.81,33.98,tp,0.004,1,0.7459,3
2022-09-24 06:05:00,LONG,33.84,33.74,sl,-0.004,0,0.6532,3
2022-09-24 06:35:00,LONG,33.67,33.57,sl,-0.004,0,0.759,3
2022-09-24 07:10:00,LONG,33.57,33.73,tp,0.004,1,0.6503,3
2022-09-24 08:05:00,LONG,33.64,33.8,tp,0.004,1,0.6928,3
2022-09-24 08:15:00,SHORT,33.7,33.8,sl,-0.003991,0,0.6897,3
2022-09-24 08:25:00,LONG,33.65,33.82,tp,0.004,1,0.6642,3
2022-09-24 08:55:00,SHORT,33.88,33.71,tp,0.004025,1,0.711,3
2022-09-24 10:35:00,LONG,34.25,34.42,tp,0.004,1,0.6514,3
2022-09-24 10:45:00,SHORT,34.36,34.47,sl,-0.003991,0,0.7168,3
2022-09-24 11:10:00,SHORT,34.59,34.7,sl,-0.003991,0,0.6509,3
2022-09-24 11:35:00,LONG,34.53,34.42,sl,-0.004,0,0.7873,3
2022-09-24 12:40:00,SHORT,34.5,34.33,tp,0.004025,1,0.7305,3
2022-09-24 14:05:00,LONG,33.89,34.06,tp,0.004,1,0.8387,3
2022-09-24 15:20:00,LONG,33.65,33.82,tp,0.004,1,0.8439,3
2022-09-24 15:40:00,LONG,33.62,33.78,tp,0.004,1,0.7448,3
2022-09-24 16:05:00,SHORT,33.81,33.64,tp,0.004025,1,0.6578,3
2022-09-24 16:25:00,SHORT,33.84,33.67,tp,0.004025,1,0.722,3
2022-09-24 16:50:00,LONG,33.63,33.53,timeout,-0.003783,0,0.6795,3
2022-09-24 17:45:00,SHORT,33.71,33.54,tp,0.004025,1,0.6677,3
2022-09-24 20:35:00,LONG,33.66,33.83,tp,0.004,1,0.6891,3
2022-09-24 22:40:00,SHORT,33.53,33.37,tp,0.004025,1,0.727,3
2022-09-24 22:45:00,LONG,33.26,33.42,tp,0.004,1,0.7565,3
2022-09-24 23:00:00,SHORT,33.46,33.3,tp,0.004025,1,0.6861,3
2022-09-25 04:55:00,SHORT,33.98,33.81,tp,0.004025,1,0.6857,3
2022-09-25 10:15:00,LONG,33.5,33.66,tp,0.004,1,0.674,3
2022-09-25 14:45:00,SHORT,33.1,33.2,sl,-0.003991,0,0.6632,3
2022-09-25 17:40:00,LONG,32.89,33.05,tp,0.004,1,0.7097,3
2022-09-25 18:45:00,LONG,32.83,32.99,tp,0.004,1,0.6856,3
2022-09-25 21:05:00,LONG,32.51,32.41,sl,-0.004,0,0.6525,3
2022-09-25 21:35:00,LONG,32.21,32.37,tp,0.004,1,0.6549,3
2022-09-25 22:00:00,LONG,32.04,32.2,tp,0.004,1,0.6645,3
2022-09-25 22:20:00,SHORT,32.51,32.35,tp,0.004025,1,0.7625,3
2022-09-25 23:25:00,SHORT,32.51,32.35,tp,0.004025,1,0.6997,3
2022-09-26 01:05:00,SHORT,32.36,32.2,tp,0.004025,1,0.7704,3
2022-09-26 01:50:00,SHORT,32.57,32.67,sl,-0.003991,0,0.7495,3
2022-09-26 03:20:00,SHORT,32.57,32.41,tp,0.004025,1,0.6706,3
2022-09-26 03:55:00,SHORT,32.5,32.6,sl,-0.003991,0,0.6684,3
2022-09-26 06:45:00,LONG,32.0,32.16,tp,0.004,1,0.7163,3
2022-09-26 07:25:00,LONG,32.37,32.53,tp,0.004,1,0.7027,3
2022-09-26 07:50:00,LONG,32.44,32.6,tp,0.004,1,0.6869,3
2022-09-26 10:05:00,SHORT,32.88,32.72,tp,0.004025,1,0.7287,3
2022-09-26 11:10:00,SHORT,32.54,32.38,tp,0.004025,1,0.6925,3
2022-09-26 11:55:00,SHORT,32.52,32.36,tp,0.004025,1,0.6506,3
2022-09-26 12:05:00,LONG,32.39,32.55,tp,0.004,1,0.658,3
2022-09-26 13:05:00,LONG,32.72,32.88,tp,0.004,1,0.7418,3
2022-09-26 13:20:00,LONG,32.91,32.81,sl,-0.004,0,0.6984,3
2022-09-26 13:40:00,LONG,33.11,33.01,sl,-0.004,0,0.6687,3
2022-09-26 13:50:00,LONG,33.12,33.02,sl,-0.004,0,0.6607,3
2022-09-26 14:00:00,SHORT,33.15,32.99,tp,0.004025,1,0.6661,3
2022-09-26 14:15:00,LONG,33.21,33.37,tp,0.004,1,0.6577,3
2022-09-26 14:45:00,LONG,33.09,32.99,sl,-0.004,0,0.6511,3
2022-09-26 15:20:00,SHORT,33.06,32.9,tp,0.004025,1,0.7233,3
2022-09-26 16:00:00,SHORT,33.09,32.93,tp,0.004025,1,0.725,3
2022-09-26 16:30:00,LONG,32.74,32.9,tp,0.004,1,0.785,3
2022-09-26 16:45:00,SHORT,32.91,33.01,sl,-0.003991,0,0.7162,3
2022-09-26 17:10:00,LONG,32.88,33.04,tp,0.004,1,0.6547,3
2022-09-26 18:35:00,LONG,33.41,33.57,tp,0.004,1,0.6994,3
2022-09-26 18:55:00,LONG,33.67,33.84,tp,0.004,1,0.6614,3
2022-09-26 19:50:00,SHORT,33.88,33.71,tp,0.004025,1,0.7842,3
2022-09-26 20:25:00,SHORT,33.69,33.52,tp,0.004025,1,0.7186,3
2022-09-26 20:50:00,LONG,33.38,33.54,tp,0.004,1,0.7381,3
2022-09-26 23:15:00,SHORT,33.71,33.81,sl,-0.003991,0,0.7193,3
2022-09-27 00:15:00,SHORT,34.35,34.18,tp,0.004025,1,0.7458,3
2022-09-27 00:45:00,SHORT,34.24,34.35,sl,-0.003991,0,0.7976,3
2022-09-27 01:40:00,LONG,34.61,34.78,tp,0.004,1,0.651,3
2022-09-27 01:50:00,LONG,34.67,34.84,tp,0.004,1,0.6747,3
2022-09-27 01:55:00,SHORT,34.68,34.79,sl,-0.003991,0,0.6552,3
2022-09-27 02:20:00,SHORT,34.87,34.7,tp,0.004025,1,0.8067,3
2022-09-27 03:10:00,LONG,34.78,34.95,tp,0.004,1,0.715,3
2022-09-27 03:25:00,SHORT,34.87,34.7,tp,0.004025,1,0.6635,3
2022-09-27 08:15:00,LONG,34.5,34.67,tp,0.004,1,0.6944,3
2022-09-27 08:30:00,SHORT,34.65,34.48,tp,0.004025,1,0.7085,3
2022-09-27 11:05:00,SHORT,34.75,34.58,tp,0.004025,1,0.6902,3
2022-09-27 12:05:00,LONG,34.69,34.86,tp,0.004,1,0.6524,3
2022-09-27 13:25:00,LONG,34.9,35.07,tp,0.004,1,0.7341,3
2022-09-27 14:40:00,SHORT,35.05,34.88,tp,0.004025,1,0.8476,3
2022-09-27 15:30:00,SHORT,34.6,34.43,tp,0.004025,1,0.6554,3
2022-09-27 15:55:00,LONG,34.39,34.56,tp,0.004,1,0.7064,3
2022-09-27 16:20:00,SHORT,33.57,33.41,tp,0.004025,1,0.6635,3
2022-09-27 16:30:00,SHORT,33.33,33.17,tp,0.004025,1,0.7355,3
2022-09-27 16:40:00,SHORT,32.97,32.81,tp,0.004025,1,0.7295,3
2022-09-27 16:50:00,LONG,32.91,33.07,tp,0.004,1,0.6842,3
2022-09-27 16:55:00,SHORT,32.92,32.76,tp,0.004025,1,0.7403,3
2022-09-27 17:05:00,LONG,32.76,32.66,sl,-0.004,0,0.806,3
2022-09-27 17:25:00,LONG,32.79,32.69,sl,-0.004,0,0.665,3
2022-09-27 17:30:00,SHORT,32.86,32.7,tp,0.004025,1,0.8195,3
2022-09-27 17:40:00,LONG,32.69,32.59,sl,-0.004,0,0.6951,3
2022-09-27 17:55:00,LONG,32.65,32.55,sl,-0.004,0,0.7341,3
2022-09-27 18:20:00,LONG,32.23,32.39,tp,0.004,1,0.6942,3
2022-09-27 18:50:00,SHORT,32.76,32.6,tp,0.004025,1,0.7945,3
2022-09-27 19:00:00,LONG,32.7,32.6,sl,-0.004,0,0.7405,3
2022-09-27 23:20:00,LONG,32.83,32.73,sl,-0.004,0,0.6755,3
2022-09-28 01:25:00,LONG,32.41,32.57,tp,0.004,1,0.8519,3
2022-09-28 02:05:00,SHORT,32.23,32.07,tp,0.004025,1,0.6545,3
2022-09-28 02:20:00,LONG,31.83,31.73,sl,-0.004,0,0.6885,3
2022-09-28 03:10:00,SHORT,32.38,32.22,tp,0.004025,1,0.7318,3
2022-09-28 04:15:00,LONG,32.28,32.44,tp,0.004,1,0.6596,3
2022-09-28 04:30:00,SHORT,32.44,32.28,tp,0.004025,1,0.7358,3
2022-09-28 05:50:00,SHORT,32.57,32.41,tp,0.004025,1,0.6653,3
2022-09-28 07:10:00,LONG,31.93,32.09,tp,0.004,1,0.8055,3
2022-09-28 07:30:00,SHORT,32.31,32.15,tp,0.004025,1,0.6571,3
2022-09-28 07:35:00,LONG,32.23,32.13,sl,-0.004,0,0.7846,3
2022-09-28 08:30:00,LONG,32.09,32.25,tp,0.004,1,0.7434,3
2022-09-28 10:30:00,LONG,32.49,32.65,tp,0.004,1,0.7168,3
2022-09-28 10:40:00,SHORT,32.77,32.61,tp,0.004025,1,0.7596,3
2022-09-28 11:10:00,LONG,32.32,32.48,tp,0.004,1,0.8165,3
2022-09-28 11:30:00,SHORT,32.44,32.54,sl,-0.003991,0,0.7765,3
2022-09-28 13:45:00,SHORT,32.64,32.74,sl,-0.003991,0,0.69,3
2022-09-28 14:15:00,LONG,32.56,32.72,tp,0.004,1,0.6853,3
2022-09-28 14:45:00,SHORT,33.07,32.91,tp,0.004025,1,0.7371,3
2022-09-28 14:50:00,LONG,32.96,32.86,sl,-0.004,0,0.7624,3
2022-09-28 15:20:00,SHORT,32.92,32.76,tp,0.004025,1,0.6791,3
2022-09-28 16:25:00,LONG,33.05,33.21,tp,0.004,1,0.7694,3
2022-09-28 18:35:00,SHORT,33.42,33.52,sl,-0.003991,0,0.6819,3
2022-09-28 19:05:00,SHORT,33.46,33.56,sl,-0.003991,0,0.6657,3
2022-09-28 19:45:00,SHORT,33.71,33.54,tp,0.004025,1,0.7801,3
2022-09-28 20:10:00,SHORT,33.78,33.61,tp,0.004025,1,0.7807,3
2022-09-28 22:10:00,SHORT,33.33,33.17,tp,0.004025,1,0.6859,3
2022-09-28 22:35:00,SHORT,33.29,33.13,tp,0.004025,1,0.6691,3
2022-09-29 00:50:00,LONG,33.04,33.2,tp,0.004,1,0.6895,3
2022-09-29 02:05:00,LONG,33.48,33.64,tp,0.004,1,0.6956,3
2022-09-29 02:25:00,LONG,33.45,33.61,tp,0.004,1,0.6805,3
2022-09-29 02:50:00,SHORT,33.66,33.49,tp,0.004025,1,0.7114,3
2022-09-29 10:20:00,SHORT,33.66,33.76,sl,-0.003991,0,0.6889,3
2022-09-29 13:45:00,LONG,33.06,32.96,sl,-0.004,0,0.6622,3
2022-09-29 13:55:00,SHORT,33.13,32.97,tp,0.004025,1,0.7941,3
2022-09-29 14:00:00,LONG,32.8,32.96,tp,0.004,1,0.7903,3
2022-09-29 14:55:00,SHORT,33.91,33.74,tp,0.004025,1,0.7741,3
2022-09-29 15:05:00,LONG,33.83,33.73,sl,-0.004,0,0.7004,3
2022-09-29 15:15:00,SHORT,33.83,33.66,tp,0.004025,1,0.8139,3
2022-09-29 16:25:00,LONG,33.81,33.98,tp,0.004,1,0.7232,3
2022-09-29 17:05:00,LONG,34.02,34.19,tp,0.004,1,0.7631,3
2022-09-29 17:15:00,SHORT,34.24,34.07,tp,0.004025,1,0.7431,3
2022-09-29 18:15:00,LONG,33.46,33.62,tp,0.004,1,0.7948,3
2022-09-29 18:35:00,SHORT,33.82,33.65,tp,0.004025,1,0.7576,3
2022-09-29 19:00:00,SHORT,33.73,33.83,sl,-0.003991,0,0.807,3
2022-09-29 19:15:00,SHORT,33.82,33.92,sl,-0.003991,0,0.797,3
2022-09-29 19:25:00,LONG,33.76,33.93,tp,0.004,1,0.7413,3
2022-09-29 19:35:00,SHORT,33.88,33.98,sl,-0.003991,0,0.6945,3
2022-09-29 19:50:00,SHORT,33.85,33.95,sl,-0.003991,0,0.6711,3
2022-09-29 20:20:00,SHORT,34.04,33.87,tp,0.004025,1,0.7219,3
2022-09-29 20:30:00,LONG,33.9,34.07,tp,0.004,1,0.6678,3
2022-09-29 20:50:00,SHORT,34.03,33.86,tp,0.004025,1,0.6725,3
2022-09-29 22:45:00,LONG,33.66,33.83,tp,0.004,1,0.7857,3
2022-09-29 23:40:00,SHORT,34.06,33.89,tp,0.004025,1,0.6979,3
2022-09-30 00:05:00,SHORT,33.9,34.0,sl,-0.003991,0,0.676,3
2022-09-30 00:55:00,SHORT,34.02,33.85,tp,0.004025,1,0.7476,3
2022-09-30 02:45:00,SHORT,34.17,34.0,tp,0.004025,1,0.6785,3
2022-09-30 04:15:00,SHORT,34.08,34.14,timeout,-0.002585,0,0.6906,3
2022-09-30 05:00:00,LONG,34.07,33.96,sl,-0.004,0,0.6689,3
2022-09-30 07:30:00,SHORT,34.32,34.15,tp,0.004025,1,0.6607,3
2022-09-30 09:05:00,SHORT,34.51,34.62,sl,-0.003991,0,0.6998,3
2022-09-30 11:25:00,SHORT,34.34,34.17,tp,0.004025,1,0.6944,3
2022-09-30 12:00:00,SHORT,34.01,34.12,sl,-0.003991,0,0.7087,3
2022-09-30 13:15:00,SHORT,33.98,33.81,tp,0.004025,1,0.8163,3
2022-09-30 13:30:00,SHORT,33.98,33.81,tp,0.004025,1,0.8162,3
2022-09-30 14:10:00,SHORT,34.16,34.27,sl,-0.003991,0,0.6757,3
2022-09-30 15:00:00,LONG,35.11,35.0,sl,-0.004,0,0.659,3
2022-09-30 16:25:00,SHORT,34.75,34.72,timeout,1.6e-05,1,0.8304,3
2022-09-30 17:05:00,SHORT,34.82,34.65,tp,0.004025,1,0.7442,3
2022-09-30 18:15:00,SHORT,34.15,33.98,tp,0.004025,1,0.7347,3
2022-09-30 18:25:00,LONG,34.14,34.03,sl,-0.004,0,0.6751,3
2022-09-30 18:35:00,SHORT,34.15,33.98,tp,0.004025,1,0.6922,3
2022-09-30 19:45:00,SHORT,34.19,34.02,tp,0.004025,1,0.7199,3
2022-09-30 20:05:00,SHORT,33.85,33.68,tp,0.004025,1,0.823,3
2022-09-30 21:10:00,SHORT,33.32,33.16,tp,0.004025,1,0.7159,3
2022-09-30 22:05:00,SHORT,33.01,32.85,tp,0.004025,1,0.658,3
2022-09-30 22:50:00,SHORT,32.83,32.93,sl,-0.003991,0,0.6958,3
2022-10-01 00:00:00,LONG,33.1,33.0,sl,-0.004,0,0.728,4
2022-10-01 05:25:00,SHORT,32.84,32.94,sl,-0.003991,0,0.6683,4
2022-10-01 07:15:00,SHORT,32.9,33.0,sl,-0.003991,0,0.6719,4
2022-10-01 23:00:00,SHORT,32.59,32.43,tp,0.004025,1,0.6734,4
2022-10-01 23:45:00,SHORT,32.45,32.55,sl,-0.003991,0,0.6902,4
2022-10-02 02:40:00,SHORT,32.93,32.9,timeout,0.000127,1,0.6519,4
2022-10-02 08:00:00,SHORT,32.83,32.88,timeout,-0.002304,0,0.6797,4
2022-10-02 14:00:00,SHORT,32.54,32.38,tp,0.004025,1,0.67,4
2022-10-02 15:20:00,SHORT,32.3,32.4,sl,-0.003991,0,0.6588,4
2022-10-02 21:20:00,LONG,32.4,32.56,tp,0.004,1,0.656,4
2022-10-02 23:20:00,SHORT,32.09,31.93,tp,0.004025,1,0.6665,4
2022-10-02 23:30:00,LONG,31.96,32.12,tp,0.004,1,0.7299,4
2022-10-02 23:40:00,SHORT,32.12,31.96,tp,0.004025,1,0.7567,4
2022-10-03 00:20:00,SHORT,32.14,32.24,sl,-0.003991,0,0.8056,4
2022-10-03 00:45:00,SHORT,32.18,32.28,sl,-0.003991,0,0.7446,4
2022-10-03 01:25:00,SHORT,32.35,32.45,sl,-0.003991,0,0.7434,4
2022-10-03 03:40:00,SHORT,32.37,32.21,tp,0.004025,1,0.6711,4
2022-10-03 05:00:00,SHORT,32.11,32.21,sl,-0.003991,0,0.6503,4
2022-10-03 12:50:00,LONG,32.68,32.84,tp,0.004,1,0.6522,4
2022-10-03 13:05:00,SHORT,32.86,32.7,tp,0.004025,1,0.7839,4
2022-10-03 13:45:00,SHORT,32.7,32.8,sl,-0.003991,0,0.6959,4
2022-10-03 15:40:00,LONG,32.86,33.02,tp,0.004,1,0.6783,4
2022-10-03 16:35:00,SHORT,32.99,33.09,sl,-0.003991,0,0.7501,4
2022-10-03 17:30:00,SHORT,33.07,33.17,sl,-0.003991,0,0.7844,4
2022-10-03 21:00:00,SHORT,33.2,33.04,tp,0.004025,1,0.6901,4
2022-10-03 22:05:00,SHORT,33.02,32.86,tp,0.004025,1,0.6607,4
2022-10-03 22:40:00,LONG,32.77,32.93,tp,0.004,1,0.6691,4
2022-10-03 23:30:00,SHORT,33.07,32.91,tp,0.004025,1,0.7441,4
2022-10-04 09:50:00,SHORT,33.58,33.68,sl,-0.003991,0,0.666,4
2022-10-04 13:15:00,SHORT,33.8,33.9,sl,-0.003991,0,0.6909,4
2022-10-04 14:10:00,LONG,34.28,34.17,sl,-0.004,0,0.6843,4
2022-10-04 14:15:00,SHORT,34.31,34.14,tp,0.004025,1,0.7193,4
2022-10-04 14:50:00,SHORT,34.26,34.2,timeout,0.000923,1,0.6996,4
2022-10-04 15:10:00,SHORT,34.31,34.14,tp,0.004025,1,0.8029,4
2022-10-04 20:45:00,SHORT,34.35,34.18,tp,0.004025,1,0.7101,4
2022-10-05 12:35:00,SHORT,33.56,33.4,tp,0.004025,1,0.6756,4
2022-10-05 13:30:00,SHORT,33.47,33.31,tp,0.004025,1,0.6758,4
2022-10-05 13:40:00,LONG,33.28,33.44,tp,0.004,1,0.6864,4
2022-10-05 14:55:00,LONG,33.4,33.56,tp,0.004,1,0.6565,4
2022-10-05 16:15:00,SHORT,33.87,33.7,tp,0.004025,1,0.8173,4
2022-10-05 17:30:00,LONG,33.91,33.81,sl,-0.004,0,0.6794,4
2022-10-05 19:15:00,SHORT,34.22,34.05,tp,0.004025,1,0.7289,4
2022-10-06 01:05:00,SHORT,34.31,34.14,tp,0.004025,1,0.6603,4
2022-10-06 03:15:00,SHORT,34.34,34.37,timeout,-0.001709,0,0.6586,4
2022-10-06 04:30:00,SHORT,34.41,34.41,timeout,-0.000838,0,0.6785,4
2022-10-06 11:00:00,SHORT,34.01,34.12,sl,-0.003991,0,0.6616,4
2022-10-06 12:00:00,SHORT,34.19,34.3,sl,-0.003991,0,0.6911,4
2022-10-06 16:25:00,SHORT,33.92,34.02,sl,-0.003991,0,0.7228,4
2022-10-06 17:55:00,SHORT,33.74,33.69,timeout,0.000671,1,0.6898,4
2022-10-06 18:30:00,SHORT,33.69,33.7,timeout,-0.00111,0,0.6799,4
2022-10-06 18:55:00,SHORT,33.65,33.75,sl,-0.003991,0,0.6964,4
2022-10-06 21:15:00,SHORT,33.64,33.47,tp,0.004025,1,0.7032,4
2022-10-06 23:30:00,SHORT,33.36,33.46,sl,-0.003991,0,0.7333,4
2022-10-07 00:20:00,SHORT,33.46,33.55,timeout,-0.003489,0,0.6537,4
2022-10-07 12:25:00,SHORT,33.15,32.99,tp,0.004025,1,0.7724,4
2022-10-07 13:15:00,SHORT,33.0,32.84,tp,0.004025,1,0.8737,4
2022-10-07 14:35:00,LONG,32.92,33.08,tp,0.004,1,0.6649,4
2022-10-07 14:55:00,SHORT,33.03,32.87,tp,0.004025,1,0.6843,4
2022-10-07 16:50:00,SHORT,32.89,32.99,sl,-0.003991,0,0.694,4
2022-10-07 22:40:00,SHORT,33.12,33.01,timeout,0.002543,1,0.7014,4
2022-10-08 21:40:00,SHORT,32.52,32.36,tp,0.004025,1,0.6612,4
2022-10-09 11:20:00,SHORT,32.91,32.95,timeout,-0.002,0,0.6755,4
2022-10-09 14:50:00,SHORT,33.08,33.11,timeout,-0.001698,0,0.7748,4
2022-10-09 20:50:00,SHORT,32.94,32.97,timeout,-0.001696,0,0.6515,4
2022-10-09 22:05:00,SHORT,32.83,32.67,tp,0.004025,1,0.6695,4
2022-10-10 05:25:00,SHORT,33.03,32.87,tp,0.004025,1,0.6913,4
2022-10-10 17:10:00,SHORT,32.37,32.47,sl,-0.003991,0,0.6864,4
2022-10-10 17:50:00,SHORT,32.6,32.44,tp,0.004025,1,0.719,4
2022-10-10 21:00:00,SHORT,32.55,32.39,tp,0.004025,1,0.7429,4
2022-10-10 21:45:00,SHORT,32.37,32.21,tp,0.004025,1,0.6739,4
2022-10-10 21:55:00,SHORT,32.41,32.25,tp,0.004025,1,0.7618,4
2022-10-10 22:00:00,SHORT,32.3,32.14,tp,0.004025,1,0.7221,4
2022-10-10 22:40:00,SHORT,32.15,32.08,timeout,0.001428,1,0.6978,4
2022-10-11 00:10:00,LONG,31.21,31.36,tp,0.004,1,0.7487,4
2022-10-11 00:35:00,SHORT,31.55,31.65,sl,-0.003991,0,0.7831,4
2022-10-11 00:50:00,SHORT,31.52,31.62,sl,-0.003991,0,0.6981,4
2022-10-11 06:45:00,SHORT,31.58,31.59,timeout,-0.00105,0,0.7095,4
2022-10-11 12:55:00,LONG,31.57,31.47,sl,-0.004,0,0.6502,4
2022-10-11 13:10:00,LONG,31.52,31.42,sl,-0.004,0,0.6748,4
2022-10-11 19:35:00,SHORT,31.35,31.2,tp,0.004025,1,0.6977,4
2022-10-11 20:40:00,SHORT,31.33,31.18,tp,0.004025,1,0.6886,4
2022-10-11 22:00:00,SHORT,31.14,31.24,sl,-0.003991,0,0.7045,4
2022-10-11 23:10:00,SHORT,30.99,30.84,tp,0.004025,1,0.6766,4
2022-10-11 23:25:00,LONG,30.53,30.68,tp,0.004,1,0.7125,4
2022-10-11 23:45:00,SHORT,30.77,30.87,sl,-0.003991,0,0.7512,4
2022-10-12 00:00:00,SHORT,30.8,30.9,sl,-0.003991,0,0.6824,4
2022-10-12 00:45:00,SHORT,31.09,30.94,tp,0.004025,1,0.7189,4
2022-10-12 09:25:00,SHORT,31.52,31.37,tp,0.004025,1,0.6654,4
2022-10-12 13:50:00,LONG,31.17,31.07,sl,-0.004,0,0.6694,4
2022-10-13 07:40:00,LONG,29.54,29.69,tp,0.004,1,0.6684,4
2022-10-13 08:30:00,SHORT,29.87,29.72,tp,0.004025,1,0.7481,4
2022-10-13 10:00:00,SHORT,29.47,29.32,tp,0.004025,1,0.6552,4
2022-10-13 10:10:00,SHORT,29.34,29.19,tp,0.004025,1,0.6751,4
2022-10-13 10:20:00,SHORT,28.87,28.72,tp,0.004025,1,0.6887,4
2022-10-13 10:45:00,SHORT,29.06,28.91,tp,0.004025,1,0.8506,4
2022-10-13 11:40:00,SHORT,29.05,28.9,tp,0.004025,1,0.8596,4
2022-10-13 12:05:00,LONG,28.8,28.95,tp,0.004,1,0.6763,4
2022-10-13 12:25:00,SHORT,29.66,29.51,tp,0.004025,1,0.8271,4
2022-10-13 12:30:00,LONG,28.25,28.4,tp,0.004,1,0.8481,4
2022-10-13 12:35:00,SHORT,28.44,28.29,tp,0.004025,1,0.7097,4
2022-10-13 12:40:00,SHORT,28.24,28.32,sl,-0.003991,0,0.6563,4
2022-10-13 12:45:00,SHORT,28.41,28.49,sl,-0.003991,0,0.676,4
2022-10-13 12:50:00,LONG,28.49,28.41,sl,-0.004,0,0.6509,4
2022-10-13 12:55:00,SHORT,28.56,28.41,tp,0.004025,1,0.8952,4
2022-10-13 13:50:00,SHORT,28.93,29.01,sl,-0.003991,0,0.8531,4
2022-10-13 14:10:00,SHORT,29.14,28.99,tp,0.004025,1,0.924,4
2022-10-13 14:25:00,LONG,28.9,29.05,tp,0.004,1,0.7281,4
2022-10-13 15:40:00,SHORT,29.77,29.85,sl,-0.003991,0,0.7662,4
2022-10-13 15:55:00,LONG,29.68,29.83,tp,0.004,1,0.6826,4
2022-10-13 16:05:00,SHORT,29.73,29.81,sl,-0.003991,0,0.8166,4
2022-10-13 16:50:00,SHORT,30.08,30.18,sl,-0.003991,0,0.6887,4
2022-10-13 17:40:00,SHORT,30.15,30.25,sl,-0.003991,0,0.6713,4
2022-10-13 18:15:00,SHORT,30.35,30.45,sl,-0.003991,0,0.8591,4
2022-10-13 18:25:00,LONG,30.23,30.38,tp,0.004,1,0.6679,4
2022-10-13 19:50:00,LONG,30.58,30.73,tp,0.004,1,0.6506,4
2022-10-13 20:20:00,SHORT,30.79,30.64,tp,0.004025,1,0.6962,4
2022-10-13 21:55:00,SHORT,30.73,30.58,tp,0.004025,1,0.7704,4
2022-10-13 22:40:00,SHORT,30.66,30.51,tp,0.004025,1,0.7256,4
2022-10-13 23:45:00,SHORT,30.58,30.43,tp,0.004025,1,0.7511,4
2022-10-14 00:05:00,SHORT,30.44,30.54,sl,-0.003991,0,0.7075,4
2022-10-14 01:00:00,SHORT,30.74,30.84,sl,-0.003991,0,0.6947,4
2022-10-14 01:45:00,SHORT,31.84,31.68,tp,0.004025,1,0.8889,4
2022-10-14 02:25:00,LONG,31.49,31.64,tp,0.004,1,0.7548,4
2022-10-14 05:00:00,SHORT,31.79,31.89,sl,-0.003991,0,0.6807,4
2022-10-14 05:20:00,SHORT,31.81,31.66,tp,0.004025,1,0.6642,4
2022-10-14 05:30:00,LONG,31.66,31.62,timeout,-0.002,0,0.6837,4
2022-10-14 10:05:00,SHORT,31.43,31.36,timeout,0.001507,1,0.6975,4
2022-10-14 11:20:00,SHORT,31.45,31.3,tp,0.004025,1,0.6796,4
2022-10-14 12:55:00,SHORT,31.69,31.79,sl,-0.003991,0,0.6899,4
2022-10-14 13:25:00,LONG,31.63,31.78,tp,0.004,1,0.6747,4
2022-10-14 14:15:00,SHORT,31.0,31.1,sl,-0.003991,0,0.7243,4
2022-10-14 14:30:00,SHORT,31.13,30.98,tp,0.004025,1,0.7729,4
2022-10-14 15:15:00,LONG,30.93,30.83,sl,-0.004,0,0.7346,4
2022-10-14 15:45:00,SHORT,30.92,30.77,tp,0.004025,1,0.6607,4
2022-10-14 16:00:00,SHORT,30.88,30.73,tp,0.004025,1,0.6595,4
2022-10-14 16:40:00,SHORT,30.83,30.68,tp,0.004025,1,0.7675,4
2022-10-14 17:00:00,SHORT,30.67,30.52,tp,0.004025,1,0.6727,4
2022-10-14 17:30:00,SHORT,30.56,30.41,tp,0.004025,1,0.7408,4
2022-10-14 18:15:00,SHORT,30.37,30.22,tp,0.004025,1,0.657,4
2022-10-14 18:25:00,SHORT,30.25,30.1,tp,0.004025,1,0.695,4
2022-10-14 19:35:00,SHORT,30.24,30.09,tp,0.004025,1,0.6936,4
2022-10-14 20:40:00,SHORT,30.27,30.12,tp,0.004025,1,0.7165,4
2022-10-14 21:25:00,SHORT,30.02,30.12,sl,-0.003991,0,0.7089,4
2022-10-14 21:30:00,SHORT,29.99,30.07,sl,-0.003991,0,0.6818,4
2022-10-14 21:55:00,LONG,29.68,29.83,tp,0.004,1,0.7579,4
2022-10-14 22:15:00,SHORT,29.84,29.92,sl,-0.003991,0,0.6608,4
2022-10-15 00:05:00,SHORT,30.08,30.18,sl,-0.003991,0,0.7626,4
2022-10-15 00:50:00,SHORT,30.01,30.05,timeout,-0.002,0,0.6555,4
2022-10-15 01:30:00,SHORT,30.04,30.14,sl,-0.003991,0,0.6551,4
2022-10-15 03:35:00,SHORT,30.05,30.15,sl,-0.003991,0,0.6748,4
2022-10-15 18:40:00,SHORT,29.91,29.84,timeout,0.001015,1,0.6773,4
2022-10-15 20:55:00,SHORT,29.79,29.64,tp,0.004025,1,0.677,4
2022-10-16 02:10:00,SHORT,29.93,29.78,tp,0.004025,1,0.6834,4
2022-10-16 17:35:00,SHORT,29.95,29.89,timeout,0.000675,1,0.6992,4
2022-10-16 18:35:00,SHORT,29.87,29.95,sl,-0.003991,0,0.6798,4
2022-10-16 18:50:00,SHORT,29.89,29.97,sl,-0.003991,0,0.6876,4
2022-10-16 19:05:00,SHORT,29.88,29.96,sl,-0.003991,0,0.6726,4
2022-10-16 20:00:00,SHORT,30.48,30.33,tp,0.004025,1,0.83,4
2022-10-16 20:15:00,LONG,30.33,30.23,sl,-0.004,0,0.6575,4
2022-10-16 21:10:00,SHORT,30.38,30.23,tp,0.004025,1,0.7511,4
2022-10-16 22:10:00,SHORT,30.17,30.27,sl,-0.003991,0,0.6994,4
2022-10-16 22:45:00,SHORT,30.29,30.14,tp,0.004025,1,0.6855,4
2022-10-17 00:05:00,SHORT,30.22,30.07,tp,0.004025,1,0.6783,4
2022-10-17 00:15:00,LONG,30.03,29.95,timeout,-0.003664,0,0.6616,4
2022-10-17 00:45:00,SHORT,30.05,30.01,timeout,0.000332,1,0.6504,4
2022-10-17 01:35:00,SHORT,30.01,29.86,tp,0.004025,1,0.6609,4
2022-10-17 10:05:00,SHORT,30.59,30.69,sl,-0.003991,0,0.7565,4
2022-10-17 11:30:00,LONG,30.56,30.46,sl,-0.004,0,0.6526,4
2022-10-17 12:15:00,LONG,30.45,30.6,tp,0.004,1,0.6933,4
2022-10-17 13:55:00,LONG,31.02,31.17,tp,0.004,1,0.6817,4
2022-10-17 14:10:00,SHORT,31.15,31.0,tp,0.004025,1,0.8208,4
2022-10-17 16:15:00,LONG,30.83,30.98,tp,0.004,1,0.6673,4
2022-10-17 22:15:00,SHORT,31.13,30.98,tp,0.004025,1,0.6553,4
2022-10-18 00:30:00,SHORT,31.45,31.3,tp,0.004025,1,0.8174,4
2022-10-18 01:05:00,SHORT,31.33,31.18,tp,0.004025,1,0.7188,4
2022-10-18 03:45:00,SHORT,31.14,31.24,sl,-0.003991,0,0.6513,4
2022-10-18 10:35:00,SHORT,30.83,30.93,timeout,-0.003939,0,0.6755,4
2022-10-18 13:40:00,SHORT,30.72,30.57,tp,0.004025,1,0.6703,4
2022-10-18 13:55:00,LONG,30.57,30.47,sl,-0.004,0,0.6581,4
2022-10-18 14:30:00,SHORT,30.31,30.41,sl,-0.003991,0,0.6688,4
2022-10-18 14:35:00,LONG,30.28,30.43,tp,0.004,1,0.6968,4
2022-10-18 14:45:00,SHORT,30.41,30.26,tp,0.004025,1,0.7418,4
2022-10-18 15:30:00,SHORT,30.31,30.16,tp,0.004025,1,0.7022,4
2022-10-18 17:30:00,SHORT,30.39,30.24,tp,0.004025,1,0.7436,4
2022-10-18 18:25:00,SHORT,30.33,30.18,tp,0.004025,1,0.7181,4
2022-10-18 21:35:00,SHORT,30.18,30.16,timeout,-1.1e-05,0,0.6882,4
2022-10-18 22:00:00,SHORT,30.13,30.15,timeout,-0.001336,0,0.7031,4
2022-10-19 00:30:00,SHORT,30.08,29.93,tp,0.004025,1,0.6959,4
2022-10-19 00:45:00,SHORT,29.99,30.08,sl,-0.003991,0,0.6782,4
2022-10-19 01:15:00,SHORT,30.07,30.17,sl,-0.003991,0,0.6766,4
2022-10-19 01:40:00,SHORT,30.16,30.01,tp,0.004025,1,0.6754,4
2022-10-19 02:50:00,SHORT,29.98,30.06,sl,-0.003991,0,0.7263,4
2022-10-19 11:45:00,SHORT,29.93,29.88,timeout,0.000342,1,0.6635,4
2022-10-19 13:40:00,SHORT,29.72,29.57,tp,0.004025,1,0.6749,4
2022-10-19 15:10:00,SHORT,29.92,30.0,sl,-0.003991,0,0.7056,4
2022-10-19 15:55:00,SHORT,29.98,29.83,tp,0.004025,1,0.6527,4
2022-10-19 16:45:00,LONG,29.66,29.58,sl,-0.004,0,0.6523,4
2022-10-19 18:45:00,SHORT,29.68,29.7,timeout,-0.002,0,0.6752,4
2022-10-19 21:30:00,SHORT,29.55,29.63,sl,-0.003991,0,0.6782,4
2022-10-19 22:25:00,SHORT,29.54,29.39,tp,0.004025,1,0.6737,4
2022-10-19 22:30:00,SHORT,29.35,29.2,tp,0.004025,1,0.7351,4
2022-10-19 22:50:00,SHORT,29.22,29.07,tp,0.004025,1,0.7608,4
2022-10-20 01:15:00,SHORT,28.85,28.93,sl,-0.003991,0,0.7347,4
2022-10-20 02:50:00,SHORT,28.96,28.95,timeout,-0.000964,0,0.6902,4
2022-10-20 05:10:00,SHORT,29.31,29.24,timeout,0.001076,1,0.6802,4
2022-10-20 13:30:00,SHORT,29.09,29.17,sl,-0.003991,0,0.6604,4
2022-10-20 17:55:00,SHORT,28.63,28.48,tp,0.004025,1,0.7172,4
2022-10-20 19:10:00,SHORT,28.53,28.38,tp,0.004025,1,0.7429,4
2022-10-20 20:10:00,SHORT,28.37,28.22,tp,0.004025,1,0.6881,4
2022-10-20 20:35:00,SHORT,28.33,28.18,tp,0.004025,1,0.7193,4
2022-10-20 21:00:00,LONG,28.02,28.16,tp,0.004,1,0.7762,4
2022-10-20 23:00:00,SHORT,28.26,28.11,tp,0.004025,1,0.7046,4
2022-10-21 00:05:00,SHORT,27.93,28.01,sl,-0.003991,0,0.6884,4
2022-10-21 00:15:00,SHORT,27.81,27.67,tp,0.004025,1,0.6549,4
2022-10-21 00:20:00,SHORT,27.66,27.74,sl,-0.003991,0,0.6916,4
2022-10-21 00:30:00,LONG,27.65,27.79,tp,0.004,1,0.6551,4
2022-10-21 08:15:00,SHORT,27.88,27.74,tp,0.004025,1,0.6532,4
2022-10-21 08:35:00,LONG,27.49,27.63,tp,0.004,1,0.6997,4
2022-10-21 09:40:00,LONG,27.49,27.57,timeout,0.001636,1,0.6936,4
2022-10-21 09:50:00,SHORT,27.59,27.61,timeout,-0.002,0,0.6769,4
2022-10-21 12:40:00,SHORT,27.31,27.39,sl,-0.003991,0,0.8549,4
2022-10-21 12:50:00,LONG,27.23,27.37,tp,0.004,1,0.6759,4
2022-10-21 13:05:00,SHORT,27.51,27.37,tp,0.004025,1,0.8317,4
2022-10-21 14:05:00,SHORT,27.59,27.67,sl,-0.003991,0,0.6978,4
2022-10-21 14:35:00,LONG,27.24,27.38,tp,0.004,1,0.6583,4
2022-10-21 14:50:00,SHORT,27.4,27.26,tp,0.004025,1,0.7113,4
2022-10-21 15:00:00,LONG,27.23,27.37,tp,0.004,1,0.7664,4
2022-10-21 15:20:00,LONG,27.3,27.22,sl,-0.004,0,0.6862,4
2022-10-21 17:00:00,LONG,27.71,27.85,tp,0.004,1,0.6668,4
2022-10-21 17:20:00,LONG,27.84,27.98,tp,0.004,1,0.6558,4
2022-10-21 17:30:00,SHORT,27.93,28.01,sl,-0.003991,0,0.7117,4
2022-10-21 17:35:00,LONG,27.87,28.01,tp,0.004,1,0.6785,4
2022-10-21 18:05:00,SHORT,28.04,27.9,tp,0.004025,1,0.7733,4
2022-10-21 18:30:00,SHORT,27.91,27.99,sl,-0.003991,0,0.7181,4
2022-10-21 19:25:00,SHORT,28.14,28.22,sl,-0.003991,0,0.8114,4
2022-10-21 20:05:00,SHORT,28.24,28.21,timeout,-0.000228,0,0.7954,4
2022-10-21 20:15:00,LONG,28.18,28.12,timeout,-0.003418,0,0.6818,4
2022-10-21 21:05:00,SHORT,28.19,28.04,tp,0.004025,1,0.6531,4
2022-10-21 23:30:00,SHORT,28.13,28.14,timeout,-0.001644,0,0.6593,4
2022-10-23 02:25:00,SHORT,28.47,28.32,tp,0.004025,1,0.7361,4
2022-10-23 02:50:00,LONG,28.33,28.48,tp,0.004,1,0.6776,4
2022-10-23 03:10:00,LONG,28.42,28.57,tp,0.004,1,0.6694,4
2022-10-23 10:55:00,SHORT,28.35,28.2,tp,0.004025,1,0.722,4
2022-10-23 12:50:00,SHORT,28.04,27.9,tp,0.004025,1,0.6885,4
2022-10-23 18:00:00,LONG,28.81,28.96,tp,0.004,1,0.7021,4
2022-10-23 18:45:00,LONG,28.59,28.74,tp,0.004,1,0.7542,4
2022-10-23 19:50:00,SHORT,28.86,28.84,timeout,-0.000613,0,0.7384,4
2022-10-23 22:00:00,SHORT,29.07,29.15,sl,-0.003991,0,0.6662,4
2022-10-23 23:00:00,LONG,29.18,29.33,tp,0.004,1,0.735,4
2022-10-23 23:25:00,LONG,29.16,29.31,tp,0.004,1,0.694,4
2022-10-24 00:50:00,LONG,29.15,29.07,sl,-0.004,0,0.7186,4
2022-10-24 01:25:00,LONG,28.98,28.9,sl,-0.004,0,0.7112,4
2022-10-24 01:45:00,LONG,28.9,28.82,sl,-0.004,0,0.6516,4
2022-10-24 02:55:00,LONG,28.8,28.72,sl,-0.004,0,0.6749,4
2022-10-24 04:05:00,SHORT,28.62,28.56,timeout,0.0008,1,0.6784,4
2022-10-24 04:25:00,LONG,28.51,28.66,tp,0.004,1,0.6798,4
2022-10-24 07:30:00,LONG,28.39,28.54,tp,0.004,1,0.7101,4
2022-10-24 10:45:00,LONG,28.96,29.11,tp,0.004,1,0.7002,4
2022-10-24 11:00:00,SHORT,29.04,29.12,sl,-0.003991,0,0.6858,4
2022-10-24 12:00:00,LONG,29.07,28.99,sl,-0.004,0,0.6694,4
2022-10-24 12:10:00,SHORT,29.15,29.0,tp,0.004025,1,0.6795,4
2022-10-24 13:35:00,SHORT,28.88,28.73,tp,0.004025,1,0.7394,4
2022-10-24 14:15:00,SHORT,28.58,28.43,tp,0.004025,1,0.6908,4
2022-10-24 14:30:00,LONG,28.22,28.37,tp,0.004,1,0.8186,4
2022-10-24 15:00:00,SHORT,28.46,28.4,timeout,0.000816,1,0.7947,4
2022-10-24 15:50:00,SHORT,28.5,28.35,tp,0.004025,1,0.781,4
2022-10-24 16:25:00,SHORT,28.48,28.33,tp,0.004025,1,0.6628,4
2022-10-24 17:10:00,SHORT,28.34,28.19,tp,0.004025,1,0.6684,4
2022-10-24 17:20:00,SHORT,28.26,28.34,sl,-0.003991,0,0.6742,4
2022-10-24 17:45:00,SHORT,28.29,28.37,sl,-0.003991,0,0.703,4
2022-10-24 22:40:00,SHORT,28.41,28.28,timeout,0.003301,1,0.686,4
2022-10-25 09:00:00,LONG,28.16,28.08,sl,-0.004,0,0.6886,4
2022-10-25 11:20:00,LONG,28.18,28.17,timeout,-0.001645,0,0.6599,4
2022-10-25 13:55:00,SHORT,28.91,28.99,sl,-0.003991,0,0.7243,4
2022-10-25 14:05:00,LONG,28.91,29.06,tp,0.004,1,0.6979,4
2022-10-25 14:35:00,LONG,28.92,29.07,tp,0.004,1,0.6857,4
2022-10-25 15:10:00,LONG,29.2,29.35,tp,0.004,1,0.6675,4
2022-10-25 16:00:00,SHORT,30.22,30.07,tp,0.004025,1,0.7869,4
2022-10-25 16:15:00,SHORT,30.51,30.36,tp,0.004025,1,0.8626,4
2022-10-25 16:35:00,LONG,30.91,31.06,tp,0.004,1,0.6583,4
2022-10-25 16:45:00,LONG,30.77,30.92,tp,0.004,1,0.8048,4
2022-10-25 17:00:00,SHORT,31.7,31.8,sl,-0.003991,0,0.8729,4
2022-10-25 17:15:00,LONG,31.22,31.37,tp,0.004,1,0.7936,4
2022-10-25 18:20:00,LONG,31.59,31.74,tp,0.004,1,0.7838,4
2022-10-25 18:30:00,SHORT,32.04,31.88,tp,0.004025,1,0.8834,4
2022-10-25 19:30:00,LONG,31.44,31.34,sl,-0.004,0,0.7706,4
2022-10-25 20:45:00,SHORT,30.92,31.02,sl,-0.003991,0,0.7349,4
2022-10-25 21:30:00,LONG,30.83,30.98,tp,0.004,1,0.7068,4
2022-10-25 21:50:00,SHORT,31.21,31.06,tp,0.004025,1,0.7929,4
2022-10-25 22:20:00,SHORT,30.98,31.08,sl,-0.003991,0,0.687,4
2022-10-25 22:35:00,LONG,30.98,30.88,sl,-0.004,0,0.6737,4
2022-10-25 23:15:00,LONG,30.89,31.04,tp,0.004,1,0.6692,4
2022-10-25 23:30:00,LONG,30.86,31.01,tp,0.004,1,0.7107,4
2022-10-26 00:00:00,SHORT,30.99,30.84,tp,0.004025,1,0.7595,4
2022-10-26 00:10:00,LONG,30.91,31.06,tp,0.004,1,0.698,4
2022-10-26 00:45:00,LONG,31.04,31.19,tp,0.004,1,0.7032,4
2022-10-26 01:10:00,LONG,30.93,31.08,tp,0.004,1,0.7554,4
2022-10-26 01:40:00,SHORT,31.23,31.08,tp,0.004025,1,0.6839,4
2022-10-26 02:05:00,LONG,31.1,31.25,tp,0.004,1,0.7344,4
2022-10-26 02:15:00,SHORT,31.22,31.07,tp,0.004025,1,0.7495,4
2022-10-26 04:45:00,SHORT,31.26,31.11,tp,0.004025,1,0.6691,4
2022-10-26 05:55:00,SHORT,31.11,31.21,timeout,-0.003921,0,0.6667,4
2022-10-26 07:05:00,SHORT,31.25,31.35,sl,-0.003991,0,0.6527,4
2022-10-26 07:15:00,LONG,31.19,31.34,tp,0.004,1,0.695,4
2022-10-26 07:25:00,SHORT,31.43,31.28,tp,0.004025,1,0.7036,4
2022-10-26 07:35:00,LONG,31.35,31.25,sl,-0.004,0,0.6783,4
2022-10-26 07:50:00,LONG,31.33,31.23,sl,-0.004,0,0.6714,4
2022-10-26 08:10:00,LONG,31.16,31.31,tp,0.004,1,0.7368,4
2022-10-26 08:35:00,SHORT,31.72,31.57,tp,0.004025,1,0.8043,4
2022-10-26 08:55:00,LONG,31.54,31.44,sl,-0.004,0,0.7666,4
2022-10-26 09:20:00,LONG,31.55,31.45,sl,-0.004,0,0.6738,4
2022-10-26 10:10:00,LONG,31.29,31.44,tp,0.004,1,0.7779,4
2022-10-26 11:00:00,SHORT,31.6,31.45,tp,0.004025,1,0.6836,4
2022-10-26 12:20:00,LONG,31.02,30.92,sl,-0.004,0,0.6977,4
2022-10-26 12:50:00,SHORT,30.94,30.79,tp,0.004025,1,0.6803,4
2022-10-26 13:05:00,LONG,30.85,30.75,sl,-0.004,0,0.7478,4
2022-10-26 13:30:00,LONG,30.76,30.91,tp,0.004,1,0.6819,4
2022-10-26 14:00:00,LONG,31.18,31.33,tp,0.004,1,0.6665,4
2022-10-26 14:15:00,SHORT,31.82,31.66,tp,0.004025,1,0.6536,4
2022-10-26 14:40:00,SHORT,31.83,31.67,tp,0.004025,1,0.7601,4
2022-10-26 15:50:00,LONG,31.38,31.53,tp,0.004,1,0.8013,4
2022-10-26 17:30:00,LONG,31.02,31.17,tp,0.004,1,0.677,4
2022-10-26 19:35:00,SHORT,31.25,31.35,sl,-0.003991,0,0.6543,4
2022-10-26 20:30:00,LONG,31.14,31.29,tp,0.004,1,0.6749,4
2022-10-26 20:45:00,SHORT,31.27,31.24,timeout,0.00024,1,0.6919,4
2022-10-26 21:20:00,SHORT,31.24,31.09,tp,0.004025,1,0.6501,4
2022-10-26 22:05:00,SHORT,31.27,31.37,sl,-0.003991,0,0.7411,4
2022-10-26 23:30:00,SHORT,31.32,31.42,sl,-0.003991,0,0.7296,4
2022-10-26 23:50:00,LONG,31.26,31.41,tp,0.004,1,0.7211,4
2022-10-27 03:05:00,SHORT,31.4,31.5,sl,-0.003991,0,0.7629,4
2022-10-27 04:50:00,SHORT,31.8,31.9,sl,-0.003991,0,0.6812,4
2022-10-27 05:30:00,LONG,31.88,32.04,tp,0.004,1,0.6705,4
2022-10-27 05:45:00,SHORT,32.1,31.94,tp,0.004025,1,0.8457,4
2022-10-27 06:10:00,LONG,31.95,32.11,tp,0.004,1,0.6501,4
2022-10-27 06:25:00,LONG,32.12,32.28,tp,0.004,1,0.662,4
2022-10-27 06:30:00,SHORT,32.13,31.97,tp,0.004025,1,0.6936,4
2022-10-27 07:00:00,LONG,31.75,31.9,tp,0.004,1,0.6566,4
2022-10-27 07:20:00,SHORT,31.86,31.7,tp,0.004025,1,0.7201,4
2022-10-27 07:40:00,LONG,31.51,31.66,tp,0.004,1,0.7043,4
2022-10-27 08:30:00,SHORT,31.78,31.63,tp,0.004025,1,0.6515,4
2022-10-27 10:30:00,SHORT,31.46,31.31,tp,0.004025,1,0.7508,4
2022-10-27 11:15:00,SHORT,31.45,31.3,tp,0.004025,1,0.6702,4
2022-10-27 11:50:00,LONG,31.3,31.45,tp,0.004,1,0.6664,4
2022-10-27 12:05:00,SHORT,31.35,31.45,sl,-0.003991,0,0.6652,4
2022-10-27 12:30:00,SHORT,31.44,31.54,sl,-0.003991,0,0.7169,4
2022-10-27 14:40:00,LONG,31.45,31.6,tp,0.004,1,0.6567,4
2022-10-27 14:50:00,SHORT,31.56,31.41,tp,0.004025,1,0.7831,4
2022-10-27 15:10:00,SHORT,31.47,31.57,sl,-0.003991,0,0.6807,4
2022-10-27 15:30:00,SHORT,31.49,31.34,tp,0.004025,1,0.7638,4
2022-10-27 16:50:00,SHORT,31.24,31.34,sl,-0.003991,0,0.7016,4
2022-10-27 17:00:00,LONG,31.23,31.38,tp,0.004,1,0.6584,4
2022-10-27 20:10:00,SHORT,30.99,30.84,tp,0.004025,1,0.6759,4
2022-10-27 20:30:00,SHORT,31.11,30.96,tp,0.004025,1,0.8261,4
2022-10-27 20:50:00,SHORT,31.07,30.92,tp,0.004025,1,0.8608,4
2022-10-28 00:45:00,SHORT,30.79,30.64,tp,0.004025,1,0.7053,4
2022-10-28 01:30:00,LONG,30.68,30.83,tp,0.004,1,0.7047,4
2022-10-28 02:10:00,SHORT,30.59,30.44,tp,0.004025,1,0.6568,4
2022-10-28 07:50:00,LONG,30.18,30.33,tp,0.004,1,0.6951,4
2022-10-28 12:30:00,SHORT,30.58,30.68,sl,-0.003991,0,0.7418,4
2022-10-28 13:35:00,SHORT,31.13,31.23,sl,-0.003991,0,0.6644,4
2022-10-28 14:45:00,SHORT,31.14,30.99,tp,0.004025,1,0.832,4
2022-10-28 15:20:00,LONG,30.98,31.13,tp,0.004,1,0.6508,4
2022-10-28 16:25:00,LONG,31.49,31.64,tp,0.004,1,0.6513,4
2022-10-28 16:55:00,SHORT,31.81,31.66,tp,0.004025,1,0.846,4
2022-10-28 17:40:00,LONG,31.98,31.88,sl,-0.004,0,0.6841,4
2022-10-28 18:55:00,SHORT,31.74,31.59,tp,0.004025,1,0.6893,4
2022-10-28 20:45:00,SHORT,32.38,32.48,sl,-0.003991,0,0.6988,4
2022-10-28 21:05:00,LONG,32.32,32.22,sl,-0.004,0,0.6635,4
2022-10-28 21:30:00,LONG,32.22,32.12,sl,-0.004,0,0.657,4
2022-10-28 21:50:00,LONG,32.1,32.26,tp,0.004,1,0.6867,4
2022-10-28 22:05:00,SHORT,32.18,32.02,tp,0.004025,1,0.664,4
2022-10-28 23:30:00,SHORT,32.26,32.1,tp,0.004025,1,0.7203,4
2022-10-29 00:10:00,SHORT,32.14,31.98,tp,0.004025,1,0.6968,4
2022-10-29 01:00:00,SHORT,32.08,31.92,tp,0.004025,1,0.7416,4
2022-10-29 03:15:00,SHORT,32.78,32.88,sl,-0.003991,0,0.7358,4
2022-10-29 03:25:00,LONG,32.61,32.77,tp,0.004,1,0.7047,4
2022-10-29 03:40:00,SHORT,32.85,32.95,sl,-0.003991,0,0.8786,4
2022-10-29 05:25:00,SHORT,32.96,32.8,tp,0.004025,1,0.7873,4
2022-10-29 05:50:00,LONG,32.78,32.8,timeout,-0.00017,0,0.7308,4
2022-10-29 06:15:00,LONG,32.77,32.69,timeout,-0.00322,0,0.6601,4
2022-10-29 07:15:00,LONG,32.73,32.89,tp,0.004,1,0.6788,4
2022-10-29 08:30:00,SHORT,33.72,33.55,tp,0.004025,1,0.7272,4
2022-10-29 09:05:00,SHORT,33.65,33.48,tp,0.004025,1,0.7137,4
2022-10-29 09:20:00,LONG,33.56,33.46,sl,-0.004,0,0.6799,4
2022-10-29 09:45:00,LONG,33.46,33.62,tp,0.004,1,0.7211,4
2022-10-29 10:00:00,SHORT,33.59,33.69,sl,-0.003991,0,0.725,4
2022-10-29 12:15:00,SHORT,33.12,32.96,tp,0.004025,1,0.7368,4
2022-10-29 12:50:00,SHORT,33.17,33.01,tp,0.004025,1,0.8022,4
2022-10-29 14:30:00,LONG,32.91,33.07,tp,0.004,1,0.6765,4
2022-10-29 14:55:00,LONG,32.95,33.11,tp,0.004,1,0.6885,4
2022-10-29 15:35:00,LONG,32.91,33.07,tp,0.004,1,0.6616,4
2022-10-29 16:00:00,SHORT,33.14,33.24,sl,-0.003991,0,0.6679,4
2022-10-29 18:20:00,LONG,33.0,33.16,tp,0.004,1,0.7995,4
2022-10-29 19:25:00,SHORT,33.08,32.92,tp,0.004025,1,0.8455,4
2022-10-29 19:55:00,SHORT,32.91,33.01,sl,-0.003991,0,0.6658,4
2022-10-29 20:45:00,SHORT,33.1,33.03,timeout,0.001329,1,0.7596,4
2022-10-29 20:55:00,LONG,33.01,33.0,timeout,-0.001091,0,0.6725,4
2022-10-29 21:10:00,SHORT,33.05,32.89,tp,0.004025,1,0.7183,4
2022-10-29 21:20:00,LONG,33.01,32.91,sl,-0.004,0,0.6638,4
2022-10-29 22:10:00,SHORT,32.88,32.72,tp,0.004025,1,0.6679,4
2022-10-29 22:15:00,SHORT,32.88,32.72,tp,0.004025,1,0.6552,4
2022-10-29 22:50:00,LONG,32.65,32.81,tp,0.004,1,0.6948,4
2022-10-30 02:00:00,SHORT,33.14,32.98,tp,0.004025,1,0.6549,4
2022-10-30 04:20:00,LONG,32.78,32.88,timeout,0.00227,1,0.6976,4
2022-10-30 07:50:00,SHORT,33.44,33.28,tp,0.004025,1,0.6902,4
2022-10-30 08:10:00,SHORT,33.51,33.35,tp,0.004025,1,0.8444,4
2022-10-30 08:45:00,SHORT,32.87,32.97,sl,-0.003991,0,0.694,4
2022-10-30 09:15:00,SHORT,32.92,32.76,tp,0.004025,1,0.6983,4
2022-10-30 10:05:00,SHORT,32.66,32.5,tp,0.004025,1,0.7136,4
2022-10-30 11:35:00,LONG,32.47,32.63,tp,0.004,1,0.6703,4
2022-10-30 13:10:00,SHORT,32.58,32.42,tp,0.004025,1,0.7281,4
2022-10-30 13:30:00,SHORT,32.36,32.2,tp,0.004025,1,0.7461,4
2022-10-30 14:05:00,LONG,32.25,32.41,tp,0.004,1,0.6978,4
2022-10-30 14:45:00,SHORT,32.45,32.29,tp,0.004025,1,0.706,4
2022-10-30 16:15:00,SHORT,32.34,32.18,tp,0.004025,1,0.764,4
2022-10-30 16:30:00,SHORT,32.34,32.18,tp,0.004025,1,0.7733,4
2022-10-30 21:30:00,SHORT,32.76,32.6,tp,0.004025,1,0.804,4
2022-10-30 23:30:00,SHORT,32.79,32.89,sl,-0.003991,0,0.7171,4
2022-10-31 00:10:00,SHORT,33.28,33.12,tp,0.004025,1,0.8384,4
2022-10-31 00:55:00,LONG,32.63,32.79,tp,0.004,1,0.7639,4
2022-10-31 03:20:00,SHORT,32.58,32.68,sl,-0.003991,0,0.6796,4
2022-10-31 04:15:00,SHORT,33.0,33.1,sl,-0.003991,0,0.7234,4
2022-10-31 04:20:00,LONG,32.93,33.09,tp,0.004,1,0.6724,4
2022-10-31 05:45:00,LONG,33.2,33.36,tp,0.004,1,0.6721,4
2022-10-31 06:00:00,SHORT,33.4,33.24,tp,0.004025,1,0.6566,4
2022-10-31 06:30:00,LONG,32.95,33.11,tp,0.004,1,0.7086,4
2022-10-31 08:05:00,LONG,33.25,33.15,sl,-0.004,0,0.6523,4
2022-10-31 09:30:00,LONG,33.69,33.59,sl,-0.004,0,0.69,4
2022-10-31 09:55:00,LONG,33.98,34.15,tp,0.004,1,0.7227,4
2022-10-31 10:00:00,SHORT,34.05,33.88,tp,0.004025,1,0.8216,4
2022-10-31 11:30:00,LONG,34.18,34.07,sl,-0.004,0,0.6699,4
2022-10-31 12:10:00,LONG,33.89,34.06,tp,0.004,1,0.7397,4
2022-10-31 14:20:00,SHORT,33.08,32.92,tp,0.004025,1,0.7931,4
2022-10-31 14:35:00,LONG,32.89,33.05,tp,0.004,1,0.6511,4
2022-10-31 15:50:00,SHORT,33.09,32.93,tp,0.004025,1,0.8307,4
2022-11-01 00:40:00,SHORT,32.73,32.83,sl,-0.003991,0,0.6891,4
2022-11-01 01:30:00,SHORT,32.84,32.9,timeout,-0.002607,0,0.6597,4
2022-11-01 06:15:00,SHORT,33.03,33.13,sl,-0.003991,0,0.7219,4
2022-11-01 06:45:00,SHORT,33.19,33.03,tp,0.004025,1,0.7696,4
2022-11-01 09:15:00,SHORT,32.93,33.03,sl,-0.003991,0,0.6825,4
2022-11-01 10:50:00,SHORT,33.32,33.16,tp,0.004025,1,0.6838,4
2022-11-01 12:05:00,LONG,32.82,32.98,tp,0.004,1,0.6973,4
2022-11-01 13:10:00,LONG,32.9,32.8,sl,-0.004,0,0.6762,4
2022-11-01 16:05:00,SHORT,32.52,32.36,tp,0.004025,1,0.686,4
2022-11-01 16:45:00,SHORT,32.34,32.44,sl,-0.003991,0,0.663,4
2022-11-02 00:05:00,LONG,31.97,32.13,tp,0.004,1,0.6601,4
2022-11-02 12:20:00,SHORT,31.37,31.22,tp,0.004025,1,0.6728,4
2022-11-02 13:20:00,SHORT,31.39,31.24,tp,0.004025,1,0.7043,4
2022-11-02 16:55:00,SHORT,31.54,31.39,tp,0.004025,1,0.7098,4
2022-11-02 17:25:00,SHORT,31.58,31.43,tp,0.004025,1,0.6545,4
2022-11-02 18:05:00,LONG,32.37,32.27,sl,-0.004,0,0.6827,4
2022-11-02 18:15:00,LONG,32.45,32.61,tp,0.004,1,0.6627,4
2022-11-02 18:35:00,LONG,32.09,32.25,tp,0.004,1,0.8019,4
2022-11-02 18:50:00,LONG,31.81,31.71,sl,-0.004,0,0.7892,4
2022-11-02 19:05:00,SHORT,32.24,32.08,tp,0.004025,1,0.884,4
2022-11-02 19:25:00,SHORT,31.21,31.06,tp,0.004025,1,0.7564,4
2022-11-02 19:30:00,LONG,31.05,31.2,tp,0.004,1,0.7648,4
2022-11-02 20:30:00,SHORT,30.36,30.46,sl,-0.003991,0,0.7094,4
2022-11-02 21:00:00,LONG,30.36,30.26,sl,-0.004,0,0.6602,4
2022-11-02 21:15:00,SHORT,30.37,30.47,sl,-0.003991,0,0.7698,4
2022-11-02 22:50:00,LONG,30.53,30.68,tp,0.004,1,0.6758,4
2022-11-02 23:40:00,SHORT,30.84,30.69,tp,0.004025,1,0.7914,4
2022-11-03 02:05:00,SHORT,31.48,31.33,tp,0.004025,1,0.8452,4
2022-11-03 02:15:00,LONG,31.3,31.45,tp,0.004,1,0.7205,4
2022-11-03 02:35:00,SHORT,31.57,31.67,sl,-0.003991,0,0.8526,4
2022-11-03 03:30:00,SHORT,31.73,31.83,sl,-0.003991,0,0.748,4
2022-11-03 03:50:00,SHORT,31.67,31.77,sl,-0.003991,0,0.717,4
2022-11-03 05:10:00,SHORT,32.13,31.97,tp,0.004025,1,0.6574,4
2022-11-03 05:40:00,SHORT,32.06,31.9,tp,0.004025,1,0.7029,4
2022-11-03 08:45:00,SHORT,31.7,31.8,sl,-0.003991,0,0.6751,4
2022-11-03 09:00:00,SHORT,31.76,31.86,sl,-0.003991,0,0.7612,4
2022-11-03 09:35:00,SHORT,32.02,31.86,tp,0.004025,1,0.7488,4
2022-11-03 09:50:00,LONG,31.86,32.02,tp,0.004,1,0.6672,4
2022-11-03 10:25:00,LONG,31.8,31.7,sl,-0.004,0,0.677,4
2022-11-03 10:45:00,SHORT,31.72,31.57,tp,0.004025,1,0.6515,4
2022-11-03 10:55:00,LONG,31.68,31.58,sl,-0.004,0,0.6611,4
2022-11-03 11:45:00,LONG,31.18,31.33,tp,0.004,1,0.7853,4
2022-11-03 12:05:00,SHORT,31.42,31.27,tp,0.004025,1,0.7955,4
2022-11-03 13:10:00,SHORT,31.21,31.06,tp,0.004025,1,0.767,4
2022-11-03 14:25:00,SHORT,31.42,31.52,sl,-0.003991,0,0.8647,4
2022-11-03 15:30:00,LONG,31.16,31.31,tp,0.004,1,0.7888,4
2022-11-03 16:15:00,SHORT,31.31,31.41,sl,-0.003991,0,0.7718,4
2022-11-03 16:55:00,SHORT,31.37,31.22,tp,0.004025,1,0.6672,4
2022-11-03 17:50:00,SHORT,31.3,31.35,timeout,-0.002318,0,0.7152,4
2022-11-03 19:30:00,SHORT,31.39,31.24,tp,0.004025,1,0.6938,4
2022-11-03 23:00:00,SHORT,30.95,30.8,tp,0.004025,1,0.7414,4
2022-11-03 23:55:00,SHORT,30.83,30.68,tp,0.004025,1,0.6551,4
2022-11-04 00:35:00,SHORT,31.04,31.14,sl,-0.003991,0,0.6845,4
2022-11-04 01:05:00,SHORT,31.23,31.08,tp,0.004025,1,0.7229,4
2022-11-04 02:10:00,SHORT,31.25,31.25,timeout,-0.00072,0,0.6896,4
2022-11-04 05:20:00,SHORT,31.95,31.79,tp,0.004025,1,0.8356,4
2022-11-04 06:10:00,LONG,32.25,32.41,tp,0.004,1,0.6681,4
2022-11-04 06:30:00,SHORT,32.44,32.54,sl,-0.003991,0,0.6746,4
2022-11-04 09:10:00,LONG,32.2,32.31,timeout,0.002657,1,0.6766,4
2022-11-04 10:55:00,SHORT,32.65,32.49,tp,0.004025,1,0.6542,4
2022-11-04 12:10:00,LONG,32.06,32.22,tp,0.004,1,0.6696,4
2022-11-04 13:15:00,LONG,33.26,33.42,tp,0.004,1,0.6712,4
2022-11-04 13:25:00,SHORT,33.39,33.23,tp,0.004025,1,0.8696,4
2022-11-04 13:50:00,LONG,32.94,33.1,tp,0.004,1,0.727,4
2022-11-04 14:15:00,LONG,33.52,33.68,tp,0.004,1,0.697,4
2022-11-04 14:20:00,SHORT,33.77,33.87,sl,-0.003991,0,0.713,4
2022-11-04 14:40:00,SHORT,33.87,33.7,tp,0.004025,1,0.8568,4
2022-11-04 14:50:00,LONG,33.66,33.56,sl,-0.004,0,0.7819,4
2022-11-04 15:05:00,LONG,33.6,33.5,sl,-0.004,0,0.7702,4
2022-11-04 15:50:00,LONG,33.02,33.18,tp,0.004,1,0.7719,4
2022-11-04 16:45:00,LONG,32.97,32.87,sl,-0.004,0,0.7528,4
2022-11-04 16:55:00,SHORT,33.02,32.86,tp,0.004025,1,0.7941,4
2022-11-04 17:35:00,LONG,32.78,32.94,tp,0.004,1,0.6936,4
2022-11-04 17:50:00,SHORT,32.92,32.76,tp,0.004025,1,0.8349,4
2022-11-04 18:35:00,SHORT,33.21,33.31,sl,-0.003991,0,0.6576,4
2022-11-04 19:10:00,SHORT,33.33,33.17,tp,0.004025,1,0.6977,4
2022-11-04 19:20:00,LONG,33.17,33.33,tp,0.004,1,0.6883,4
2022-11-04 20:10:00,LONG,33.41,33.57,tp,0.004,1,0.6632,4
2022-11-04 20:20:00,SHORT,33.46,33.56,sl,-0.003991,0,0.7031,4
2022-11-04 20:50:00,SHORT,33.62,33.46,tp,0.004025,1,0.8398,4
2022-11-04 22:25:00,LONG,33.81,33.98,tp,0.004,1,0.688,4
2022-11-05 00:00:00,SHORT,33.79,33.89,sl,-0.003991,0,0.6632,4
2022-11-05 00:40:00,LONG,34.36,34.53,tp,0.004,1,0.6788,4
2022-11-05 00:45:00,LONG,34.37,34.54,tp,0.004,1,0.666,4
2022-11-05 01:00:00,SHORT,34.89,34.72,tp,0.004025,1,0.8602,4
2022-11-05 01:20:00,LONG,34.55,34.72,tp,0.004,1,0.69,4
2022-11-05 02:10:00,SHORT,34.81,34.8,timeout,-0.000563,0,0.7657,4
2022-11-05 02:20:00,LONG,34.79,34.68,sl,-0.004,0,0.6752,4
2022-11-05 02:25:00,SHORT,34.87,34.7,tp,0.004025,1,0.8085,4
2022-11-05 03:05:00,SHORT,34.82,34.65,tp,0.004025,1,0.7842,4
2022-11-05 03:25:00,LONG,34.53,34.7,tp,0.004,1,0.7604,4
2022-11-05 03:45:00,LONG,34.55,34.72,tp,0.004,1,0.7136,4
2022-11-05 03:55:00,SHORT,34.68,34.79,sl,-0.003991,0,0.753,4
2022-11-05 04:15:00,SHORT,34.79,34.62,tp,0.004025,1,0.6664,4
2022-11-05 04:45:00,SHORT,34.74,34.57,tp,0.004025,1,0.6632,4
2022-11-05 06:15:00,LONG,34.78,34.95,tp,0.004,1,0.6955,4
2022-11-05 06:20:00,LONG,34.88,35.05,tp,0.004,1,0.6663,4
2022-11-05 06:30:00,LONG,34.91,35.08,tp,0.004,1,0.6925,4
2022-11-05 06:40:00,LONG,35.02,34.91,sl,-0.004,0,0.6515,4
2022-11-05 06:50:00,LONG,35.19,35.36,tp,0.004,1,0.6533,4
2022-11-05 06:55:00,SHORT,35.18,35.29,sl,-0.003991,0,0.6657,4
2022-11-05 07:55:00,SHORT,35.22,35.05,tp,0.004025,1,0.7586,4
2022-11-05 08:20:00,SHORT,35.09,34.92,tp,0.004025,1,0.7057,4
2022-11-05 10:00:00,SHORT,35.08,35.19,sl,-0.003991,0,0.778,4
2022-11-05 11:10:00,LONG,35.25,35.42,tp,0.004,1,0.6669,4
2022-11-05 11:30:00,LONG,35.26,35.43,tp,0.004,1,0.6863,4
2022-11-05 12:15:00,LONG,35.16,35.05,sl,-0.004,0,0.7674,4
2022-11-05 12:30:00,LONG,35.17,35.06,sl,-0.004,0,0.7498,4
2022-11-05 13:15:00,SHORT,34.9,34.73,tp,0.004025,1,0.692,4
2022-11-05 15:20:00,LONG,37.27,37.45,tp,0.004,1,0.716,4
2022-11-05 15:30:00,SHORT,37.89,37.7,tp,0.004025,1,0.744,4
2022-11-05 15:35:00,SHORT,38.0,37.81,tp,0.004025,1,0.7257,4
2022-11-05 15:40:00,SHORT,37.68,37.49,tp,0.004025,1,0.7182,4
2022-11-05 15:45:00,SHORT,37.18,37.0,tp,0.004025,1,0.713,4
2022-11-05 15:50:00,LONG,37.23,37.41,tp,0.004,1,0.8101,4
2022-11-05 15:55:00,LONG,37.26,37.44,tp,0.004,1,0.6736,4
2022-11-05 16:00:00,LONG,37.65,37.84,tp,0.004,1,0.7099,4
2022-11-05 16:05:00,LONG,37.73,37.92,tp,0.004,1,0.6947,4
2022-11-05 16:15:00,LONG,38.24,38.43,tp,0.004,1,0.7213,4
2022-11-05 16:30:00,SHORT,38.54,38.35,tp,0.004025,1,0.8608,4
2022-11-05 16:35:00,SHORT,38.18,38.3,sl,-0.003991,0,0.746,4
2022-11-05 17:10:00,LONG,37.39,37.28,sl,-0.004,0,0.7159,4
2022-11-05 17:40:00,LONG,36.82,36.71,sl,-0.004,0,0.8199,4
2022-11-05 18:10:00,SHORT,36.61,36.72,sl,-0.003991,0,0.6641,4
2022-11-05 18:25:00,SHORT,36.21,36.03,tp,0.004025,1,0.6658,4
2022-11-05 18:30:00,SHORT,36.27,36.09,tp,0.004025,1,0.7408,4
2022-11-05 19:35:00,SHORT,36.58,36.4,tp,0.004025,1,0.8496,4
2022-11-05 19:50:00,LONG,36.81,36.99,tp,0.004,1,0.6821,4
2022-11-05 19:55:00,SHORT,37.07,36.89,tp,0.004025,1,0.9168,4
2022-11-05 20:05:00,LONG,36.63,36.81,tp,0.004,1,0.8074,4
2022-11-05 20:15:00,SHORT,36.89,36.71,tp,0.004025,1,0.7966,4
2022-11-05 20:30:00,LONG,36.75,36.93,tp,0.004,1,0.6988,4
2022-11-05 20:40:00,SHORT,36.66,36.77,sl,-0.003991,0,0.6597,4
2022-11-05 21:05:00,SHORT,36.87,36.98,sl,-0.003991,0,0.8138,4
2022-11-05 21:45:00,SHORT,37.13,36.95,tp,0.004025,1,0.6968,4
2022-11-05 22:05:00,LONG,36.92,37.1,tp,0.004,1,0.6807,4
2022-11-05 22:15:00,SHORT,37.14,37.25,sl,-0.003991,0,0.8425,4
2022-11-05 22:30:00,SHORT,37.24,37.06,tp,0.004025,1,0.906,4
2022-11-05 22:40:00,LONG,37.01,37.19,tp,0.004,1,0.7005,4
2022-11-05 23:00:00,SHORT,37.22,37.04,tp,0.004025,1,0.8527,4
2022-11-05 23:05:00,LONG,36.58,36.76,tp,0.004,1,0.8271,4
2022-11-05 23:25:00,LONG,36.65,36.83,tp,0.004,1,0.7979,4
2022-11-05 23:50:00,LONG,36.75,36.93,tp,0.004,1,0.7056,4
2022-11-06 00:00:00,SHORT,36.83,36.94,sl,-0.003991,0,0.6813,4
2022-11-06 00:15:00,LONG,36.36,36.54,tp,0.004,1,0.8325,4
2022-11-06 00:40:00,SHORT,36.72,36.83,sl,-0.003991,0,0.6736,4
2022-11-06 01:00:00,LONG,36.45,36.34,sl,-0.004,0,0.6514,4
2022-11-06 01:25:00,LONG,36.11,36.29,tp,0.004,1,0.684,4
2022-11-06 03:00:00,SHORT,35.91,36.02,sl,-0.003991,0,0.7616,4
2022-11-06 05:55:00,LONG,35.63,35.81,tp,0.004,1,0.6803,4
2022-11-06 06:00:00,SHORT,35.7,35.81,sl,-0.003991,0,0.6894,4
2022-11-06 06:30:00,SHORT,35.87,35.69,tp,0.004025,1,0.7214,4
2022-11-06 07:20:00,LONG,35.75,35.93,tp,0.004,1,0.6505,4
2022-11-06 08:05:00,SHORT,36.17,35.99,tp,0.004025,1,0.8015,4
2022-11-06 08:45:00,SHORT,36.3,36.28,timeout,-0.000346,0,0.8031,4
2022-11-06 09:20:00,SHORT,36.34,36.16,tp,0.004025,1,0.7565,4
2022-11-06 09:55:00,LONG,36.15,36.04,sl,-0.004,0,0.7062,4
2022-11-06 10:05:00,SHORT,36.19,36.14,timeout,0.00049,1,0.6674,4
2022-11-06 11:25:00,SHORT,35.84,35.66,tp,0.004025,1,0.7237,4
2022-11-06 11:30:00,LONG,35.69,35.87,tp,0.004,1,0.6965,4
2022-11-06 12:00:00,LONG,35.69,35.87,tp,0.004,1,0.7274,4
2022-11-06 12:10:00,SHORT,35.89,35.71,tp,0.004025,1,0.7925,4
2022-11-06 12:25:00,SHORT,35.85,35.67,tp,0.004025,1,0.6824,4
2022-11-06 12:50:00,LONG,35.66,35.6,timeout,-0.00256,0,0.6785,4
2022-11-06 13:25:00,SHORT,35.73,35.55,tp,0.004025,1,0.772,4
2022-11-06 14:00:00,SHORT,35.35,35.46,sl,-0.003991,0,0.6607,4
2022-11-06 14:45:00,SHORT,35.84,35.95,sl,-0.003991,0,0.7209,4
2022-11-06 15:10:00,SHORT,35.95,35.77,tp,0.004025,1,0.8068,4
2022-11-06 15:30:00,LONG,35.8,35.69,sl,-0.004,0,0.7007,4
2022-11-06 15:40:00,SHORT,35.87,35.69,tp,0.004025,1,0.6929,4
2022-11-06 16:30:00,SHORT,35.23,35.06,tp,0.004025,1,0.8758,4
2022-11-06 17:00:00,LONG,34.84,34.73,sl,-0.004,0,0.7768,4
2022-11-06 17:25:00,LONG,34.68,34.85,tp,0.004,1,0.7509,4
2022-11-06 17:30:00,SHORT,34.76,34.59,tp,0.004025,1,0.8052,4
2022-11-06 17:45:00,LONG,34.7,34.59,sl,-0.004,0,0.6978,4
2022-11-06 18:15:00,SHORT,34.57,34.4,tp,0.004025,1,0.7508,4
2022-11-06 18:35:00,SHORT,34.49,34.32,tp,0.004025,1,0.6792,4
2022-11-06 19:15:00,LONG,34.15,34.32,tp,0.004,1,0.7786,4
2022-11-06 19:40:00,LONG,33.88,34.05,tp,0.004,1,0.6891,4
2022-11-06 19:55:00,SHORT,34.17,34.0,tp,0.004025,1,0.8415,4
2022-11-06 20:35:00,SHORT,34.01,34.12,sl,-0.003991,0,0.6571,4
2022-11-06 20:45:00,LONG,33.95,34.12,tp,0.004,1,0.6758,4
2022-11-06 21:00:00,SHORT,34.06,33.89,tp,0.004025,1,0.6584,4
2022-11-06 22:05:00,SHORT,33.78,33.61,tp,0.004025,1,0.7915,4
2022-11-06 23:10:00,LONG,32.38,32.54,tp,0.004,1,0.8607,4
2022-11-06 23:30:00,SHORT,32.69,32.79,sl,-0.003991,0,0.6727,4
2022-11-06 23:50:00,LONG,32.71,32.61,sl,-0.004,0,0.7416,4
2022-11-07 00:15:00,SHORT,32.92,32.76,tp,0.004025,1,0.8951,4
2022-11-07 01:05:00,SHORT,32.45,32.55,sl,-0.003991,0,0.7842,4
2022-11-07 01:40:00,SHORT,32.78,32.88,sl,-0.003991,0,0.8719,4
2022-11-07 02:20:00,SHORT,33.04,32.88,tp,0.004025,1,0.779,4
2022-11-07 02:30:00,LONG,32.97,32.87,sl,-0.004,0,0.6922,4
2022-11-07 02:40:00,SHORT,32.97,32.81,tp,0.004025,1,0.7052,4
2022-11-07 03:25:00,LONG,32.55,32.45,sl,-0.004,0,0.7118,4
2022-11-07 03:30:00,SHORT,32.59,32.43,tp,0.004025,1,0.6756,4
2022-11-07 04:20:00,SHORT,32.19,32.03,tp,0.004025,1,0.6949,4
2022-11-07 04:30:00,LONG,32.14,32.3,tp,0.004,1,0.6706,4
2022-11-07 04:55:00,SHORT,32.47,32.31,tp,0.004025,1,0.7858,4
2022-11-07 06:30:00,LONG,32.18,32.08,sl,-0.004,0,0.7205,4
2022-11-07 06:35:00,SHORT,32.24,32.08,tp,0.004025,1,0.7876,4
2022-11-07 06:55:00,SHORT,31.99,31.83,tp,0.004025,1,0.7444,4
2022-11-07 07:05:00,LONG,31.47,31.62,tp,0.004,1,0.7873,4
2022-11-07 07:50:00,SHORT,30.93,30.78,tp,0.004025,1,0.7795,4
2022-11-07 08:10:00,SHORT,31.29,31.39,sl,-0.003991,0,0.7315,4
2022-11-07 08:25:00,LONG,31.26,31.41,tp,0.004,1,0.6989,4
2022-11-07 08:35:00,SHORT,31.37,31.47,sl,-0.003991,0,0.8251,4
2022-11-07 09:15:00,LONG,31.51,31.41,sl,-0.004,0,0.6806,4
2022-11-07 09:25:00,SHORT,31.55,31.4,tp,0.004025,1,0.8749,4
2022-11-07 09:40:00,SHORT,31.29,31.39,sl,-0.003991,0,0.6573,4
2022-11-07 10:05:00,LONG,31.62,31.77,tp,0.004,1,0.6667,4
2022-11-07 10:15:00,SHORT,31.86,31.7,tp,0.004025,1,0.9121,4
2022-11-07 10:45:00,LONG,31.62,31.77,tp,0.004,1,0.7542,4
2022-11-07 10:55:00,SHORT,31.68,31.78,sl,-0.003991,0,0.7395,4
2022-11-07 11:35:00,SHORT,31.74,31.59,tp,0.004025,1,0.6592,4
2022-11-07 12:00:00,LONG,31.57,31.72,tp,0.004,1,0.6554,4
2022-11-07 12:25:00,LONG,31.29,31.44,tp,0.004,1,0.8381,4
2022-11-07 12:40:00,SHORT,31.48,31.33,tp,0.004025,1,0.726,4
2022-11-07 13:05:00,SHORT,31.63,31.48,tp,0.004025,1,0.6731,4
2022-11-07 13:20:00,LONG,31.45,31.35,sl,-0.004,0,0.6745,4
2022-11-07 13:50:00,LONG,31.15,31.3,tp,0.004,1,0.7392,4
2022-11-07 13:55:00,SHORT,31.24,31.09,tp,0.004025,1,0.7416,4
2022-11-07 14:10:00,LONG,30.99,31.14,tp,0.004,1,0.7789,4
2022-11-07 14:30:00,SHORT,31.17,31.02,tp,0.004025,1,0.7142,4
2022-11-07 14:35:00,LONG,31.03,31.18,tp,0.004,1,0.798,4
2022-11-07 14:50:00,LONG,31.08,31.23,tp,0.004,1,0.751,4
2022-11-07 15:10:00,LONG,31.61,31.76,tp,0.004,1,0.7251,4
2022-11-07 15:20:00,SHORT,31.73,31.58,tp,0.004025,1,0.8327,4
2022-11-07 17:20:00,SHORT,32.21,32.05,tp,0.004025,1,0.8062,4
2022-11-07 17:45:00,SHORT,32.11,32.21,sl,-0.003991,0,0.6726,4
2022-11-07 17:50:00,LONG,32.09,32.25,tp,0.004,1,0.6993,4
2022-11-07 18:30:00,SHORT,32.56,32.4,tp,0.004025,1,0.8952,4
2022-11-07 18:45:00,LONG,32.3,32.46,tp,0.004,1,0.6856,4
2022-11-07 19:35:00,SHORT,32.72,32.56,tp,0.004025,1,0.758,4
2022-11-07 20:05:00,LONG,32.21,32.37,tp,0.004,1,0.7149,4
2022-11-07 20:30:00,LONG,32.28,32.18,sl,-0.004,0,0.701,4
2022-11-07 20:55:00,SHORT,32.03,32.13,sl,-0.003991,0,0.7017,4
2022-11-07 22:05:00,SHORT,30.88,30.73,tp,0.004025,1,0.7581,4
2022-11-07 22:20:00,SHORT,29.04,28.89,tp,0.004025,1,0.8509,4
2022-11-07 22:25:00,LONG,28.87,29.02,tp,0.004,1,0.7597,4
2022-11-07 22:30:00,LONG,29.39,29.31,sl,-0.004,0,0.6864,4
2022-11-07 22:50:00,SHORT,29.56,29.41,tp,0.004025,1,0.8301,4
2022-11-07 22:55:00,LONG,29.43,29.35,sl,-0.004,0,0.7574,4
2022-11-07 23:10:00,LONG,29.38,29.53,tp,0.004,1,0.7011,4
2022-11-07 23:20:00,SHORT,29.53,29.38,tp,0.004025,1,0.7213,4
2022-11-07 23:30:00,LONG,29.4,29.55,tp,0.004,1,0.7247,4
2022-11-08 00:05:00,SHORT,29.66,29.51,tp,0.004025,1,0.8645,4
2022-11-08 00:10:00,SHORT,29.6,29.45,tp,0.004025,1,0.6631,4
2022-11-08 00:20:00,LONG,29.35,29.5,tp,0.004,1,0.8064,4
2022-11-08 00:30:00,SHORT,29.47,29.32,tp,0.004025,1,0.8303,4
2022-11-08 00:45:00,SHORT,29.38,29.23,tp,0.004025,1,0.6966,4
2022-11-08 00:50:00,SHORT,29.19,29.04,tp,0.004025,1,0.7221,4
2022-11-08 02:05:00,LONG,29.06,29.21,tp,0.004,1,0.7147,4
2022-11-08 02:15:00,SHORT,29.35,29.2,tp,0.004025,1,0.8597,4
2022-11-08 02:55:00,LONG,27.8,27.94,tp,0.004,1,0.8492,4
2022-11-08 03:15:00,SHORT,26.75,26.61,tp,0.004025,1,0.783,4
2022-11-08 03:20:00,LONG,27.19,27.11,sl,-0.004,0,0.7531,4
2022-11-08 03:25:00,LONG,26.7,26.84,tp,0.004,1,0.7167,4
2022-11-08 03:30:00,LONG,27.23,27.37,tp,0.004,1,0.6895,4
2022-11-08 03:40:00,LONG,26.68,26.82,tp,0.004,1,0.6849,4
2022-11-08 03:50:00,LONG,26.76,26.68,sl,-0.004,0,0.7105,4
2022-11-08 03:55:00,LONG,26.51,26.65,tp,0.004,1,0.8542,4
2022-11-08 04:00:00,SHORT,27.12,26.98,tp,0.004025,1,0.9114,4
2022-11-08 04:05:00,SHORT,26.54,26.4,tp,0.004025,1,0.7052,4
2022-11-08 04:10:00,LONG,26.63,26.77,tp,0.004,1,0.8317,4
2022-11-08 04:15:00,LONG,26.75,26.89,tp,0.004,1,0.7021,4
2022-11-08 04:20:00,LONG,27.01,27.15,tp,0.004,1,0.7453,4
2022-11-08 04:25:00,SHORT,27.62,27.48,tp,0.004025,1,0.9445,4
2022-11-08 04:30:00,SHORT,27.05,26.91,tp,0.004025,1,0.7098,4
2022-11-08 04:35:00,LONG,27.06,26.98,sl,-0.004,0,0.8456,4
2022-11-08 04:45:00,SHORT,27.28,27.14,tp,0.004025,1,0.9063,4
2022-11-08 04:50:00,SHORT,27.02,26.88,tp,0.004025,1,0.6738,4
2022-11-08 04:55:00,SHORT,26.91,26.99,sl,-0.003991,0,0.6872,4
2022-11-08 05:00:00,SHORT,27.07,26.93,tp,0.004025,1,0.6761,4
2022-11-08 05:10:00,SHORT,26.65,26.51,tp,0.004025,1,0.7221,4
2022-11-08 05:20:00,LONG,25.27,25.4,tp,0.004,1,0.7616,4
2022-11-08 05:25:00,LONG,25.64,25.77,tp,0.004,1,0.7867,4
2022-11-08 05:30:00,LONG,25.48,25.61,tp,0.004,1,0.784,4
2022-11-08 05:35:00,LONG,26.16,26.29,tp,0.004,1,0.7538,4
2022-11-08 05:40:00,SHORT,26.37,26.23,tp,0.004025,1,0.9246,4
2022-11-08 05:45:00,SHORT,26.17,26.04,tp,0.004025,1,0.7257,4
2022-11-08 05:50:00,LONG,26.12,26.25,tp,0.004,1,0.8099,4
2022-11-08 05:55:00,LONG,26.19,26.11,sl,-0.004,0,0.6507,4
2022-11-08 06:00:00,SHORT,26.17,26.04,tp,0.004025,1,0.6893,4
2022-11-08 06:15:00,LONG,26.49,26.63,tp,0.004,1,0.7082,4
2022-11-08 06:20:00,SHORT,26.67,26.53,tp,0.004025,1,0.6829,4
2022-11-08 06:25:00,LONG,26.69,26.83,tp,0.004,1,0.7395,4
2022-11-08 06:30:00,LONG,27.08,27.0,sl,-0.004,0,0.7861,4
2022-11-08 06:35:00,SHORT,26.94,27.02,sl,-0.003991,0,0.6709,4
2022-11-08 06:40:00,SHORT,28.16,28.02,tp,0.004025,1,0.7774,4
2022-11-08 06:45:00,LONG,28.24,28.39,tp,0.004,1,0.7881,4
2022-11-08 06:50:00,SHORT,28.13,27.99,tp,0.004025,1,0.8279,4
2022-11-08 06:55:00,SHORT,27.82,27.68,tp,0.004025,1,0.6949,4
2022-11-08 07:00:00,LONG,27.88,27.8,sl,-0.004,0,0.7718,4
2022-11-08 07:05:00,SHORT,27.8,27.66,tp,0.004025,1,0.6542,4
2022-11-08 07:10:00,SHORT,27.8,27.66,tp,0.004025,1,0.6572,4
2022-11-08 07:15:00,SHORT,27.72,27.8,sl,-0.003991,0,0.787,4
2022-11-08 07:20:00,SHORT,27.66,27.52,tp,0.004025,1,0.6508,4
2022-11-08 07:25:00,SHORT,27.65,27.51,tp,0.004025,1,0.7508,4
2022-11-08 07:30:00,LONG,27.54,27.68,tp,0.004,1,0.7868,4
2022-11-08 07:35:00,LONG,28.09,28.01,sl,-0.004,0,0.7037,4
2022-11-08 07:45:00,SHORT,28.11,28.19,sl,-0.003991,0,0.8153,4
2022-11-08 08:00:00,SHORT,27.9,27.98,sl,-0.003991,0,0.6933,4
2022-11-08 08:15:00,SHORT,27.83,27.91,sl,-0.003991,0,0.6553,4
2022-11-08 08:40:00,SHORT,28.38,28.23,tp,0.004025,1,0.7973,4
2022-11-08 08:45:00,SHORT,28.3,28.15,tp,0.004025,1,0.7212,4
2022-11-08 09:10:00,SHORT,28.36,28.44,sl,-0.003991,0,0.6616,4
2022-11-08 09:45:00,SHORT,28.78,28.63,tp,0.004025,1,0.6802,4
2022-11-08 10:05:00,LONG,28.46,28.61,tp,0.004,1,0.8109,4
2022-11-08 10:20:00,LONG,28.24,28.39,tp,0.004,1,0.8517,4
2022-11-08 10:45:00,SHORT,28.47,28.32,tp,0.004025,1,0.8746,4
2022-11-08 11:00:00,LONG,28.06,28.2,tp,0.004,1,0.7472,4
2022-11-08 11:40:00,SHORT,28.21,28.06,tp,0.004025,1,0.6704,4
2022-11-08 11:55:00,LONG,28.01,28.15,tp,0.004,1,0.8395,4
2022-11-08 12:10:00,SHORT,28.27,28.12,tp,0.004025,1,0.8887,4
2022-11-08 13:00:00,SHORT,28.42,28.27,tp,0.004025,1,0.8198,4
2022-11-08 13:20:00,LONG,28.13,28.27,tp,0.004,1,0.7634,4
2022-11-08 13:40:00,SHORT,28.2,28.05,tp,0.004025,1,0.6665,4
2022-11-08 13:50:00,SHORT,28.01,27.87,tp,0.004025,1,0.67,4
2022-11-08 14:20:00,SHORT,27.43,27.51,sl,-0.003991,0,0.7421,4
2022-11-08 14:25:00,SHORT,27.46,27.32,tp,0.004025,1,0.7207,4
2022-11-08 14:30:00,SHORT,27.26,27.12,tp,0.004025,1,0.6569,4
2022-11-08 14:40:00,LONG,26.91,27.05,tp,0.004,1,0.768,4
2022-11-08 14:50:00,SHORT,27.58,27.44,tp,0.004025,1,0.9122,4
2022-11-08 15:00:00,LONG,27.27,27.41,tp,0.004,1,0.6716,4
2022-11-08 15:25:00,LONG,26.8,26.94,tp,0.004,1,0.8588,4
2022-11-08 15:40:00,LONG,27.14,27.28,tp,0.004,1,0.6518,4
2022-11-08 16:00:00,SHORT,29.35,29.2,tp,0.004025,1,0.7581,4
2022-11-08 16:05:00,SHORT,31.56,31.41,tp,0.004025,1,0.7987,4
2022-11-08 16:10:00,SHORT,31.26,31.11,tp,0.004025,1,0.9408,4
2022-11-08 16:15:00,SHORT,29.96,30.04,sl,-0.003991,0,0.814,4
2022-11-08 16:20:00,SHORT,30.44,30.29,tp,0.004025,1,0.7563,4
2022-11-08 16:25:00,LONG,30.34,30.49,tp,0.004,1,0.6899,4
2022-11-08 16:30:00,SHORT,30.71,30.56,tp,0.004025,1,0.8907,4
2022-11-08 16:35:00,LONG,30.68,30.58,sl,-0.004,0,0.6713,4
2022-11-08 16:40:00,LONG,30.49,30.39,sl,-0.004,0,0.6693,4
2022-11-08 16:45:00,SHORT,30.06,29.91,tp,0.004025,1,0.7367,4
2022-11-08 16:55:00,SHORT,29.14,28.99,tp,0.004025,1,0.6775,4
2022-11-08 17:00:00,SHORT,28.66,28.51,tp,0.004025,1,0.727,4
2022-11-08 17:05:00,SHORT,28.63,28.48,tp,0.004025,1,0.6867,4
2022-11-08 17:10:00,LONG,27.51,27.65,tp,0.004,1,0.7329,4
2022-11-08 17:15:00,LONG,27.6,27.52,sl,-0.004,0,0.7044,4
2022-11-08 17:20:00,SHORT,26.74,26.6,tp,0.004025,1,0.829,4
2022-11-08 17:25:00,SHORT,26.93,26.79,tp,0.004025,1,0.7535,4
2022-11-08 17:30:00,SHORT,27.34,27.2,tp,0.004025,1,0.6689,4
2022-11-08 17:35:00,SHORT,27.06,26.92,tp,0.004025,1,0.6722,4
2022-11-08 17:40:00,LONG,26.5,26.64,tp,0.004,1,0.7253,4
2022-11-08 17:45:00,SHORT,26.62,26.48,tp,0.004025,1,0.782,4
2022-11-08 17:50:00,SHORT,25.63,25.5,tp,0.004025,1,0.8225,4
2022-11-08 17:55:00,SHORT,25.49,25.36,tp,0.004025,1,0.8084,4
2022-11-08 18:00:00,LONG,25.03,25.16,tp,0.004,1,0.7846,4
2022-11-08 18:05:00,LONG,23.64,23.76,tp,0.004,1,0.8829,4
2022-11-08 18:10:00,LONG,24.43,24.55,tp,0.004,1,0.764,4
2022-11-08 18:15:00,SHORT,23.53,23.41,tp,0.004025,1,0.745,4
2022-11-08 18:20:00,LONG,23.88,24.0,tp,0.004,1,0.8284,4
2022-11-08 18:25:00,LONG,24.26,24.38,tp,0.004,1,0.7144,4
2022-11-08 18:30:00,LONG,25.03,25.16,tp,0.004,1,0.7265,4
2022-11-08 18:35:00,SHORT,24.77,24.64,tp,0.004025,1,0.8541,4
2022-11-08 18:40:00,SHORT,24.54,24.61,sl,-0.003991,0,0.8123,4
2022-11-08 18:45:00,SHORT,24.7,24.57,tp,0.004025,1,0.7428,4
2022-11-08 18:50:00,SHORT,24.6,24.47,tp,0.004025,1,0.7342,4
2022-11-08 18:55:00,LONG,24.36,24.48,tp,0.004,1,0.8732,4
2022-11-08 19:00:00,SHORT,24.68,24.55,tp,0.004025,1,0.83,4
2022-11-08 19:05:00,SHORT,24.5,24.38,tp,0.004025,1,0.7725,4
2022-11-08 19:10:00,SHORT,23.96,23.84,tp,0.004025,1,0.8304,4
2022-11-08 19:15:00,SHORT,24.29,24.17,tp,0.004025,1,0.7831,4
2022-11-08 19:20:00,SHORT,22.8,22.68,tp,0.004025,1,0.8405,4
2022-11-08 19:25:00,SHORT,21.17,21.06,tp,0.004025,1,0.8156,4
2022-11-08 19:30:00,LONG,23.2,23.32,tp,0.004,1,0.7826,4
2022-11-08 19:35:00,LONG,23.36,23.29,sl,-0.004,0,0.7487,4
2022-11-08 19:40:00,SHORT,22.96,23.03,sl,-0.003991,0,0.7167,4
2022-11-08 19:45:00,SHORT,24.31,24.19,tp,0.004025,1,0.7426,4
2022-11-08 19:50:00,SHORT,23.59,23.47,tp,0.004025,1,0.7263,4
2022-11-08 19:55:00,SHORT,23.76,23.83,sl,-0.003991,0,0.7465,4
2022-11-08 20:00:00,SHORT,23.97,23.85,tp,0.004025,1,0.7297,4
2022-11-08 20:05:00,SHORT,23.45,23.33,tp,0.004025,1,0.8551,4
2022-11-08 20:10:00,LONG,23.77,23.89,tp,0.004,1,0.7912,4
2022-11-08 20:15:00,SHORT,24.19,24.07,tp,0.004025,1,0.9571,4
2022-11-08 20:20:00,SHORT,23.67,23.55,tp,0.004025,1,0.772,4
2022-11-08 20:25:00,LONG,23.8,23.92,tp,0.004,1,0.8308,4
2022-11-08 20:30:00,LONG,23.94,24.06,tp,0.004,1,0.7383,4
2022-11-08 20:35:00,LONG,23.92,24.04,tp,0.004,1,0.7188,4
2022-11-08 20:40:00,LONG,23.9,24.02,tp,0.004,1,0.691,4
2022-11-08 20:45:00,SHORT,23.91,23.98,sl,-0.003991,0,0.6861,4
2022-11-08 20:50:00,SHORT,23.97,23.85,tp,0.004025,1,0.7348,4
2022-11-08 20:55:00,LONG,23.71,23.83,tp,0.004,1,0.8862,4
2022-11-08 21:00:00,SHORT,23.89,23.77,tp,0.004025,1,0.7182,4
2022-11-08 21:05:00,SHORT,23.86,23.74,tp,0.004025,1,0.6821,4
2022-11-08 21:10:00,SHORT,23.94,23.82,tp,0.004025,1,0.6943,4
2022-11-08 21:15:00,SHORT,23.46,23.53,sl,-0.003991,0,0.768,4
2022-11-08 21:20:00,SHORT,23.62,23.5,tp,0.004025,1,0.7499,4
2022-11-08 21:25:00,SHORT,23.4,23.28,tp,0.004025,1,0.8209,4
2022-11-08 21:30:00,SHORT,23.31,23.38,sl,-0.003991,0,0.7407,4
2022-11-08 21:35:00,LONG,23.62,23.74,tp,0.004,1,0.7634,4
2022-11-08 21:40:00,SHORT,23.79,23.67,tp,0.004025,1,0.7031,4
2022-11-08 21:45:00,LONG,23.74,23.86,tp,0.004,1,0.7559,4
2022-11-08 21:50:00,SHORT,23.91,23.79,tp,0.004025,1,0.7371,4
2022-11-08 21:55:00,SHORT,23.81,23.69,tp,0.004025,1,0.816,4
2022-11-08 22:00:00,SHORT,23.66,23.54,tp,0.004025,1,0.7662,4
2022-11-08 22:05:00,SHORT,23.62,23.5,tp,0.004025,1,0.8319,4
2022-11-08 22:10:00,SHORT,23.57,23.64,sl,-0.003991,0,0.7122,4
2022-11-08 22:15:00,SHORT,23.81,23.88,sl,-0.003991,0,0.6869,4
2022-11-08 22:25:00,SHORT,23.7,23.77,sl,-0.003991,0,0.6852,4
2022-11-08 22:30:00,SHORT,23.72,23.6,tp,0.004025,1,0.6853,4
2022-11-08 22:55:00,SHORT,23.5,23.38,tp,0.004025,1,0.7154,4
2022-11-08 23:00:00,LONG,23.73,23.85,tp,0.004,1,0.687,4
2022-11-08 23:10:00,SHORT,23.78,23.85,sl,-0.003991,0,0.7811,4
2022-11-08 23:20:00,LONG,23.79,23.91,tp,0.004,1,0.7301,4
2022-11-08 23:30:00,SHORT,23.98,24.05,sl,-0.003991,0,0.6813,4
2022-11-08 23:35:00,SHORT,24.65,24.52,tp,0.004025,1,0.7375,4
2022-11-08 23:40:00,SHORT,24.71,24.58,tp,0.004025,1,0.9683,4
2022-11-08 23:45:00,SHORT,24.36,24.24,tp,0.004025,1,0.7471,4
2022-11-08 23:50:00,SHORT,24.19,24.26,sl,-0.003991,0,0.747,4
2022-11-08 23:55:00,LONG,24.39,24.32,sl,-0.004,0,0.6614,4
2022-11-09 00:00:00,SHORT,23.86,23.74,tp,0.004025,1,0.7338,4
2022-11-09 00:05:00,LONG,23.84,23.96,tp,0.004,1,0.8705,4
2022-11-09 00:10:00,SHORT,23.93,24.0,sl,-0.003991,0,0.6962,4
2022-11-09 00:15:00,SHORT,24.11,24.18,sl,-0.003991,0,0.8855,4
2022-11-09 00:25:00,LONG,23.88,24.0,tp,0.004,1,0.8518,4
2022-11-09 00:35:00,SHORT,23.86,23.93,sl,-0.003991,0,0.7079,4
2022-11-09 00:40:00,SHORT,23.85,23.73,tp,0.004025,1,0.6622,4
2022-11-09 00:45:00,SHORT,23.47,23.35,tp,0.004025,1,0.7226,4
2022-11-09 00:50:00,SHORT,23.32,23.2,tp,0.004025,1,0.8305,4
2022-11-09 00:55:00,SHORT,23.19,23.07,tp,0.004025,1,0.6813,4
2022-11-09 01:00:00,LONG,23.3,23.42,tp,0.004,1,0.6964,4
2022-11-09 01:05:00,SHORT,23.53,23.41,tp,0.004025,1,0.8712,4
2022-11-09 01:15:00,SHORT,23.35,23.23,tp,0.004025,1,0.711,4
2022-11-09 01:20:00,SHORT,23.32,23.2,tp,0.004025,1,0.6726,4
2022-11-09 01:25:00,LONG,23.2,23.32,tp,0.004,1,0.84,4
2022-11-09 01:30:00,SHORT,23.48,23.36,tp,0.004025,1,0.91,4
2022-11-09 01:40:00,SHORT,23.09,23.16,sl,-0.003991,0,0.7229,4
2022-11-09 01:50:00,SHORT,22.93,22.81,tp,0.004025,1,0.6557,4
2022-11-09 01:55:00,LONG,22.7,22.81,tp,0.004,1,0.8669,4
2022-11-09 02:00:00,SHORT,22.83,22.9,sl,-0.003991,0,0.8215,4
2022-11-09 02:10:00,LONG,22.77,22.89,tp,0.004,1,0.683,4
2022-11-09 02:20:00,LONG,23.09,23.21,tp,0.004,1,0.7162,4
2022-11-09 02:25:00,SHORT,23.09,22.97,tp,0.004025,1,0.8248,4
2022-11-09 02:30:00,SHORT,22.73,22.61,tp,0.004025,1,0.681,4
2022-11-09 02:35:00,SHORT,22.64,22.53,tp,0.004025,1,0.7528,4
2022-11-09 02:40:00,SHORT,22.53,22.6,sl,-0.003991,0,0.6692,4
2022-11-09 02:45:00,SHORT,22.63,22.52,tp,0.004025,1,0.7484,4
2022-11-09 02:50:00,SHORT,22.39,22.28,tp,0.004025,1,0.696,4
2022-11-09 02:55:00,LONG,22.02,22.13,tp,0.004,1,0.7007,4
2022-11-09 03:00:00,SHORT,22.06,22.13,sl,-0.003991,0,0.7777,4
2022-11-09 03:05:00,LONG,22.06,21.99,sl,-0.004,0,0.6955,4
2022-11-09 03:10:00,LONG,21.43,21.54,tp,0.004,1,0.7703,4
2022-11-09 03:15:00,LONG,22.06,21.99,sl,-0.004,0,0.7461,4
2022-11-09 03:20:00,LONG,21.77,21.88,tp,0.004,1,0.7333,4
2022-11-09 03:25:00,LONG,21.87,21.81,sl,-0.004,0,0.7115,4
2022-11-09 03:30:00,SHORT,21.6,21.66,sl,-0.003991,0,0.7371,4
2022-11-09 03:35:00,LONG,21.57,21.68,tp,0.004,1,0.7465,4
2022-11-09 03:40:00,LONG,21.84,21.95,tp,0.004,1,0.7321,4
2022-11-09 03:45:00,LONG,21.88,21.99,tp,0.004,1,0.7636,4
2022-11-09 03:50:00,SHORT,22.18,22.07,tp,0.004025,1,0.9482,4
2022-11-09 03:55:00,SHORT,22.09,21.98,tp,0.004025,1,0.7084,4
2022-11-09 04:00:00,LONG,21.81,21.92,tp,0.004,1,0.6942,4
2022-11-09 04:05:00,SHORT,21.8,21.69,tp,0.004025,1,0.6936,4
2022-11-09 04:10:00,LONG,21.93,21.87,sl,-0.004,0,0.7326,4
2022-11-09 04:15:00,LONG,21.85,21.96,tp,0.004,1,0.6858,4
2022-11-09 04:20:00,LONG,21.86,21.97,tp,0.004,1,0.6513,4
2022-11-09 04:25:00,LONG,22.1,22.03,sl,-0.004,0,0.6974,4
2022-11-09 04:30:00,SHORT,22.06,21.95,tp,0.004025,1,0.8125,4
2022-11-09 04:35:00,SHORT,21.79,21.68,tp,0.004025,1,0.7034,4
2022-11-09 04:40:00,SHORT,21.71,21.77,sl,-0.003991,0,0.671,4
2022-11-09 05:00:00,SHORT,21.61,21.5,tp,0.004025,1,0.7571,4
2022-11-09 05:05:00,LONG,21.06,21.17,tp,0.004,1,0.7309,4
2022-11-09 05:10:00,SHORT,21.2,21.09,tp,0.004025,1,0.7733,4
2022-11-09 05:15:00,LONG,21.07,21.18,tp,0.004,1,0.6815,4
2022-11-09 05:20:00,LONG,20.59,20.69,tp,0.004,1,0.7321,4
2022-11-09 05:25:00,LONG,21.08,21.02,sl,-0.004,0,0.7693,4
2022-11-09 05:30:00,LONG,20.94,20.88,sl,-0.004,0,0.7147,4
2022-11-09 05:35:00,LONG,20.93,21.04,tp,0.004,1,0.7376,4
2022-11-09 05:40:00,LONG,21.3,21.41,tp,0.004,1,0.7515,4
2022-11-09 05:45:00,SHORT,21.35,21.24,tp,0.004025,1,0.7785,4
2022-11-09 05:50:00,SHORT,20.57,20.47,tp,0.004025,1,0.736,4
2022-11-09 05:55:00,LONG,20.5,20.6,tp,0.004,1,0.8521,4
2022-11-09 06:00:00,SHORT,20.51,20.41,tp,0.004025,1,0.7384,4
2022-11-09 06:05:00,SHORT,20.39,20.29,tp,0.004025,1,0.7148,4
2022-11-09 06:10:00,LONG,20.38,20.48,tp,0.004,1,0.8527,4
2022-11-09 06:15:00,LONG,20.43,20.53,tp,0.004,1,0.6973,4
2022-11-09 06:20:00,LONG,20.31,20.41,tp,0.004,1,0.6852,4
2022-11-09 06:25:00,SHORT,20.34,20.24,tp,0.004025,1,0.6952,4
2022-11-09 06:30:00,SHORT,20.3,20.2,tp,0.004025,1,0.6817,4
2022-11-09 06:35:00,LONG,20.2,20.3,tp,0.004,1,0.842,4
2022-11-09 06:40:00,SHORT,20.27,20.33,sl,-0.003991,0,0.6744,4
2022-11-09 06:45:00,LONG,20.54,20.64,tp,0.004,1,0.7433,4
2022-11-09 06:50:00,LONG,20.32,20.42,tp,0.004,1,0.6654,4
2022-11-09 06:55:00,SHORT,20.13,20.19,sl,-0.003991,0,0.6615,4
2022-11-09 07:00:00,LONG,20.42,20.36,sl,-0.004,0,0.7133,4
2022-11-09 07:05:00,SHORT,20.42,20.32,tp,0.004025,1,0.6991,4
2022-11-09 07:10:00,SHORT,20.2,20.1,tp,0.004025,1,0.6677,4
2022-11-09 07:15:00,SHORT,20.33,20.23,tp,0.004025,1,0.8772,4
2022-11-09 07:20:00,SHORT,20.1,20.16,sl,-0.003991,0,0.7358,4
2022-11-09 07:25:00,SHORT,20.12,20.02,tp,0.004025,1,0.7214,4
2022-11-09 07:30:00,SHORT,20.12,20.02,tp,0.004025,1,0.6594,4
2022-11-09 07:40:00,LONG,19.74,19.84,tp,0.004,1,0.7119,4
2022-11-09 07:45:00,LONG,19.3,19.4,tp,0.004,1,0.8894,4
2022-11-09 07:50:00,LONG,19.41,19.35,sl,-0.004,0,0.7797,4
2022-11-09 07:55:00,LONG,19.3,19.24,sl,-0.004,0,0.6888,4
2022-11-09 08:00:00,SHORT,18.05,17.96,tp,0.004025,1,0.7743,4
2022-11-09 08:05:00,LONG,18.02,18.11,tp,0.004,1,0.8525,4
2022-11-09 08:10:00,LONG,18.24,18.33,tp,0.004,1,0.7201,4
2022-11-09 08:15:00,SHORT,18.47,18.38,tp,0.004025,1,0.8601,4
2022-11-09 08:20:00,LONG,18.46,18.55,tp,0.004,1,0.7401,4
2022-11-09 08:25:00,LONG,18.35,18.44,tp,0.004,1,0.7332,4
2022-11-09 08:30:00,LONG,18.22,18.31,tp,0.004,1,0.7013,4
2022-11-09 08:35:00,LONG,18.36,18.45,tp,0.004,1,0.7587,4
2022-11-09 08:40:00,SHORT,18.74,18.65,tp,0.004025,1,0.9119,4
2022-11-09 08:45:00,SHORT,18.41,18.32,tp,0.004025,1,0.6964,4
2022-11-09 08:50:00,LONG,18.37,18.46,tp,0.004,1,0.6726,4
2022-11-09 08:55:00,SHORT,18.49,18.4,tp,0.004025,1,0.6932,4
2022-11-09 09:00:00,SHORT,18.37,18.28,tp,0.004025,1,0.8108,4
2022-11-09 09:05:00,SHORT,17.69,17.6,tp,0.004025,1,0.7588,4
2022-11-09 09:10:00,SHORT,17.64,17.55,tp,0.004025,1,0.8083,4
2022-11-09 09:15:00,LONG,17.28,17.37,tp,0.004,1,0.8935,4
2022-11-09 09:20:00,SHORT,18.1,18.01,tp,0.004025,1,0.912,4
2022-11-09 09:25:00,SHORT,17.8,17.71,tp,0.004025,1,0.7107,4
2022-11-09 09:30:00,LONG,17.66,17.75,tp,0.004,1,0.6993,4
2022-11-09 09:35:00,SHORT,17.61,17.52,tp,0.004025,1,0.7336,4
2022-11-09 09:40:00,SHORT,17.49,17.4,tp,0.004025,1,0.768,4
2022-11-09 09:45:00,SHORT,17.23,17.15,tp,0.004025,1,0.7987,4
2022-11-09 09:50:00,LONG,17.03,17.11,tp,0.004,1,0.8963,4
2022-11-09 09:55:00,SHORT,17.32,17.23,tp,0.004025,1,0.7253,4
2022-11-09 10:00:00,SHORT,17.36,17.27,tp,0.004025,1,0.8551,4
2022-11-09 10:05:00,SHORT,17.12,17.04,tp,0.004025,1,0.7587,4
2022-11-09 10:10:00,LONG,16.46,16.54,tp,0.004,1,0.7698,4
2022-11-09 10:15:00,SHORT,16.33,16.25,tp,0.004025,1,0.7833,4
2022-11-09 10:20:00,LONG,16.84,16.92,tp,0.004,1,0.7613,4
2022-11-09 10:25:00,LONG,16.91,16.99,tp,0.004,1,0.7115,4
2022-11-09 10:30:00,LONG,17.4,17.49,tp,0.004,1,0.7935,4
2022-11-09 10:35:00,SHORT,17.88,17.79,tp,0.004025,1,0.7463,4
2022-11-09 10:40:00,SHORT,18.08,18.14,sl,-0.003991,0,0.7479,4
2022-11-09 10:45:00,SHORT,18.38,18.29,tp,0.004025,1,0.7988,4
2022-11-09 10:50:00,SHORT,18.25,18.16,tp,0.004025,1,0.8954,4
2022-11-09 10:55:00,SHORT,17.66,17.71,sl,-0.003991,0,0.8322,4
2022-11-09 11:00:00,LONG,17.83,17.92,tp,0.004,1,0.8378,4
2022-11-09 11:05:00,SHORT,17.73,17.78,sl,-0.003991,0,0.7193,4
2022-11-09 11:10:00,SHORT,18.33,18.24,tp,0.004025,1,0.7802,4
2022-11-09 11:15:00,SHORT,18.55,18.61,sl,-0.003991,0,0.7826,4
2022-11-09 11:20:00,SHORT,18.69,18.6,tp,0.004025,1,0.8828,4
2022-11-09 11:25:00,SHORT,18.72,18.63,tp,0.004025,1,0.7498,4
2022-11-09 11:30:00,LONG,18.82,18.91,tp,0.004,1,0.7101,4
2022-11-09 11:35:00,LONG,19.03,19.12,tp,0.004,1,0.6916,4
2022-11-09 11:40:00,LONG,19.34,19.44,tp,0.004,1,0.7459,4
2022-11-09 11:45:00,LONG,19.44,19.54,tp,0.004,1,0.7977,4
2022-11-09 11:50:00,SHORT,20.36,20.26,tp,0.004025,1,0.8117,4
2022-11-09 11:55:00,SHORT,20.04,19.94,tp,0.004025,1,0.7894,4
2022-11-09 12:00:00,SHORT,20.7,20.6,tp,0.004025,1,0.9762,4
2022-11-09 12:05:00,SHORT,20.26,20.32,sl,-0.003991,0,0.8459,4
2022-11-09 12:10:00,SHORT,20.34,20.24,tp,0.004025,1,0.7775,4
2022-11-09 12:15:00,SHORT,19.95,19.85,tp,0.004025,1,0.8635,4
2022-11-09 12:20:00,SHORT,19.32,19.38,sl,-0.003991,0,0.8198,4
2022-11-09 12:25:00,SHORT,19.38,19.44,sl,-0.003991,0,0.7737,4
2022-11-09 12:30:00,SHORT,19.78,19.84,sl,-0.003991,0,0.7989,4
2022-11-09 12:35:00,LONG,19.94,19.88,sl,-0.004,0,0.742,4
2022-11-09 12:40:00,SHORT,19.82,19.88,sl,-0.003991,0,0.8095,4
2022-11-09 12:45:00,SHORT,19.89,19.79,tp,0.004025,1,0.872,4
2022-11-09 12:50:00,SHORT,19.77,19.67,tp,0.004025,1,0.7203,4
2022-11-09 12:55:00,SHORT,19.59,19.49,tp,0.004025,1,0.8799,4
2022-11-09 13:00:00,SHORT,19.39,19.29,tp,0.004025,1,0.7637,4
2022-11-09 13:05:00,SHORT,18.36,18.27,tp,0.004025,1,0.7464,4
2022-11-09 13:10:00,LONG,18.84,18.93,tp,0.004,1,0.775,4
2022-11-09 13:15:00,SHORT,18.92,18.98,sl,-0.003991,0,0.8091,4
2022-11-09 13:20:00,SHORT,19.03,18.94,tp,0.004025,1,0.9052,4
2022-11-09 13:25:00,SHORT,18.98,18.89,tp,0.004025,1,0.7401,4
2022-11-09 13:30:00,SHORT,18.65,18.56,tp,0.004025,1,0.7929,4
2022-11-09 13:35:00,LONG,18.67,18.76,tp,0.004,1,0.8488,4
2022-11-09 13:40:00,SHORT,18.97,18.88,tp,0.004025,1,0.902,4
2022-11-09 13:45:00,SHORT,18.93,18.84,tp,0.004025,1,0.6849,4
2022-11-09 13:50:00,SHORT,18.88,18.79,tp,0.004025,1,0.713,4
2022-11-09 13:55:00,SHORT,18.86,18.77,tp,0.004025,1,0.8135,4
2022-11-09 14:00:00,SHORT,18.62,18.68,sl,-0.003991,0,0.7509,4
2022-11-09 14:05:00,SHORT,18.82,18.88,sl,-0.003991,0,0.8496,4
2022-11-09 14:10:00,SHORT,18.82,18.73,tp,0.004025,1,0.7323,4
2022-11-09 14:15:00,SHORT,18.47,18.38,tp,0.004025,1,0.7806,4
2022-11-09 14:20:00,SHORT,18.52,18.43,tp,0.004025,1,0.8646,4
2022-11-09 14:25:00,SHORT,18.36,18.27,tp,0.004025,1,0.7953,4
2022-11-09 14:30:00,SHORT,18.0,17.91,tp,0.004025,1,0.8617,4
2022-11-09 14:35:00,LONG,17.99,18.08,tp,0.004,1,0.8825,4
2022-11-09 14:40:00,LONG,18.77,18.86,tp,0.004,1,0.754,4
2022-11-09 14:45:00,SHORT,18.76,18.67,tp,0.004025,1,0.8985,4
2022-11-09 14:50:00,SHORT,18.62,18.53,tp,0.004025,1,0.8281,4
2022-11-09 14:55:00,LONG,18.49,18.58,tp,0.004,1,0.8612,4
2022-11-09 15:00:00,SHORT,18.61,18.67,sl,-0.003991,0,0.8751,4
2022-11-09 15:05:00,SHORT,18.77,18.68,tp,0.004025,1,0.7058,4
2022-11-09 15:10:00,LONG,18.69,18.78,tp,0.004,1,0.7072,4
2022-11-09 15:15:00,SHORT,18.63,18.54,tp,0.004025,1,0.7414,4
2022-11-09 15:20:00,SHORT,18.67,18.58,tp,0.004025,1,0.755,4
2022-11-09 15:25:00,SHORT,18.46,18.37,tp,0.004025,1,0.7628,4
2022-11-09 15:30:00,SHORT,17.83,17.74,tp,0.004025,1,0.8116,4
2022-11-09 15:35:00,SHORT,17.38,17.29,tp,0.004025,1,0.894,4
2022-11-09 15:40:00,SHORT,16.96,17.01,sl,-0.003991,0,0.8927,4
2022-11-09 15:45:00,SHORT,17.26,17.18,tp,0.004025,1,0.7737,4
2022-11-09 15:50:00,LONG,16.53,16.61,tp,0.004,1,0.7792,4
2022-11-09 15:55:00,LONG,16.08,16.16,tp,0.004,1,0.8916,4
2022-11-09 16:00:00,LONG,16.78,16.86,tp,0.004,1,0.7792,4
2022-11-09 16:05:00,LONG,16.82,16.9,tp,0.004,1,0.7322,4
2022-11-09 16:10:00,SHORT,16.55,16.47,tp,0.004025,1,0.7139,4
2022-11-09 16:15:00,SHORT,16.47,16.39,tp,0.004025,1,0.7644,4
2022-11-09 16:20:00,LONG,16.17,16.25,tp,0.004,1,0.8887,4
2022-11-09 16:25:00,SHORT,16.39,16.31,tp,0.004025,1,0.7308,4
2022-11-09 16:30:00,LONG,16.72,16.8,tp,0.004,1,0.7757,4
2022-11-09 16:35:00,LONG,16.84,16.92,tp,0.004,1,0.7591,4
2022-11-09 16:40:00,SHORT,17.28,17.19,tp,0.004025,1,0.8999,4
2022-11-09 16:45:00,SHORT,16.74,16.79,sl,-0.003991,0,0.8137,4
2022-11-09 16:50:00,SHORT,16.96,16.88,tp,0.004025,1,0.7621,4
2022-11-09 16:55:00,SHORT,16.63,16.55,tp,0.004025,1,0.8492,4
2022-11-09 17:00:00,LONG,16.78,16.86,tp,0.004,1,0.7781,4
2022-11-09 17:05:00,SHORT,16.72,16.64,tp,0.004025,1,0.7287,4
2022-11-09 17:10:00,SHORT,16.9,16.82,tp,0.004025,1,0.7654,4
2022-11-09 17:15:00,SHORT,16.68,16.6,tp,0.004025,1,0.7935,4
2022-11-09 17:20:00,SHORT,16.26,16.18,tp,0.004025,1,0.8434,4
2022-11-09 17:25:00,SHORT,16.07,16.12,sl,-0.003991,0,0.8069,4
2022-11-09 17:30:00,SHORT,16.34,16.26,tp,0.004025,1,0.7664,4
2022-11-09 17:35:00,SHORT,16.05,15.97,tp,0.004025,1,0.7904,4
2022-11-09 17:40:00,SHORT,16.06,15.98,tp,0.004025,1,0.7556,4
2022-11-09 17:45:00,SHORT,15.81,15.73,tp,0.004025,1,0.7741,4
2022-11-09 17:50:00,SHORT,15.72,15.64,tp,0.004025,1,0.8396,4
2022-11-09 17:55:00,LONG,14.58,14.65,tp,0.004,1,0.7861,4
2022-11-09 18:00:00,LONG,14.3,14.37,tp,0.004,1,0.8489,4
2022-11-09 18:05:00,LONG,14.11,14.18,tp,0.004,1,0.7701,4
2022-11-09 18:10:00,LONG,13.97,14.04,tp,0.004,1,0.7854,4
2022-11-09 18:15:00,SHORT,14.24,14.17,tp,0.004025,1,0.7494,4
2022-11-09 18:20:00,SHORT,14.03,13.96,tp,0.004025,1,0.731,4
2022-11-09 18:25:00,SHORT,13.66,13.59,tp,0.004025,1,0.7591,4
2022-11-09 18:30:00,SHORT,13.57,13.51,tp,0.004025,1,0.8582,4
2022-11-09 18:35:00,LONG,13.15,13.21,tp,0.004,1,0.7569,4
2022-11-09 18:40:00,LONG,12.71,12.77,tp,0.004,1,0.8905,4
2022-11-09 18:45:00,LONG,14.53,14.6,tp,0.004,1,0.7874,4
2022-11-09 18:50:00,LONG,14.54,14.61,tp,0.004,1,0.7829,4
2022-11-09 18:55:00,SHORT,14.26,14.31,sl,-0.003991,0,0.7603,4
2022-11-09 19:00:00,SHORT,14.98,14.91,tp,0.004025,1,0.7615,4
2022-11-09 19:05:00,SHORT,14.79,14.72,tp,0.004025,1,0.847,4
2022-11-09 19:10:00,SHORT,14.32,14.25,tp,0.004025,1,0.8189,4
2022-11-09 19:15:00,LONG,14.27,14.34,tp,0.004,1,0.8517,4
2022-11-09 19:20:00,SHORT,14.65,14.58,tp,0.004025,1,0.7684,4
2022-11-09 19:25:00,SHORT,14.62,14.55,tp,0.004025,1,0.7801,4
2022-11-09 19:30:00,SHORT,14.33,14.26,tp,0.004025,1,0.7442,4
2022-11-09 19:35:00,SHORT,14.53,14.46,tp,0.004025,1,0.8359,4
2022-11-09 19:40:00,SHORT,14.44,14.37,tp,0.004025,1,0.7546,4
2022-11-09 19:45:00,SHORT,14.26,14.19,tp,0.004025,1,0.8009,4
2022-11-09 19:50:00,SHORT,13.73,13.77,sl,-0.003991,0,0.8158,4
2022-11-09 19:55:00,SHORT,13.83,13.76,tp,0.004025,1,0.7756,4
2022-11-09 20:00:00,SHORT,13.54,13.48,tp,0.004025,1,0.7681,4
2022-11-09 20:05:00,SHORT,13.46,13.4,tp,0.004025,1,0.741,4
2022-11-09 20:10:00,SHORT,13.32,13.36,sl,-0.003991,0,0.7317,4
2022-11-09 20:15:00,LONG,13.55,13.61,tp,0.004,1,0.7016,4
2022-11-09 20:20:00,LONG,13.53,13.59,tp,0.004,1,0.7952,4
2022-11-09 20:25:00,LONG,13.78,13.85,tp,0.004,1,0.7684,4
2022-11-09 20:30:00,SHORT,14.45,14.38,tp,0.004025,1,0.7343,4
2022-11-09 20:35:00,SHORT,14.26,14.19,tp,0.004025,1,0.7983,4
2022-11-09 20:40:00,LONG,13.06,13.12,tp,0.004,1,0.8892,4
2022-11-09 20:45:00,SHORT,13.16,13.1,tp,0.004025,1,0.7226,4
2022-11-09 20:50:00,SHORT,13.6,13.54,tp,0.004025,1,0.7884,4
2022-11-09 20:55:00,SHORT,13.46,13.4,tp,0.004025,1,0.7433,4
2022-11-09 21:00:00,SHORT,13.02,13.06,sl,-0.003991,0,0.7756,4
2022-11-09 21:05:00,SHORT,13.18,13.12,tp,0.004025,1,0.7779,4
2022-11-09 21:10:00,SHORT,13.14,13.08,tp,0.004025,1,0.792,4
2022-11-09 21:15:00,SHORT,12.81,12.75,tp,0.004025,1,0.8282,4
2022-11-09 21:20:00,SHORT,12.87,12.81,tp,0.004025,1,0.8715,4
2022-11-09 21:25:00,SHORT,12.44,12.38,tp,0.004025,1,0.785,4
2022-11-09 21:30:00,SHORT,13.5,13.44,tp,0.004025,1,0.9023,4
2022-11-09 21:35:00,SHORT,13.13,13.07,tp,0.004025,1,0.729,4
2022-11-09 21:40:00,SHORT,12.59,12.63,sl,-0.003991,0,0.7536,4
2022-11-09 21:45:00,SHORT,12.76,12.7,tp,0.004025,1,0.7399,4
2022-11-09 21:50:00,SHORT,12.77,12.71,tp,0.004025,1,0.7285,4
2022-11-09 21:55:00,LONG,12.5,12.56,tp,0.004,1,0.8933,4
2022-11-09 22:00:00,LONG,13.26,13.32,tp,0.004,1,0.777,4
2022-11-09 22:05:00,LONG,12.95,13.01,tp,0.004,1,0.7627,4
2022-11-09 22:10:00,SHORT,13.44,13.38,tp,0.004025,1,0.7865,4
2022-11-09 22:15:00,LONG,13.35,13.41,tp,0.004,1,0.7717,4
2022-11-09 22:20:00,SHORT,13.51,13.45,tp,0.004025,1,0.8281,4
2022-11-09 22:25:00,SHORT,13.47,13.41,tp,0.004025,1,0.7135,4
2022-11-09 22:30:00,SHORT,13.16,13.2,sl,-0.003991,0,0.7523,4
2022-11-09 22:35:00,LONG,13.45,13.51,tp,0.004,1,0.744,4
2022-11-09 22:40:00,LONG,13.56,13.62,tp,0.004,1,0.7393,4
2022-11-09 22:45:00,SHORT,14.36,14.29,tp,0.004025,1,0.8031,4
2022-11-09 22:50:00,SHORT,14.56,14.49,tp,0.004025,1,0.7922,4
2022-11-09 22:55:00,SHORT,14.21,14.14,tp,0.004025,1,0.8143,4
2022-11-09 23:00:00,SHORT,13.83,13.76,tp,0.004025,1,0.7935,4
2022-11-09 23:05:00,LONG,14.23,14.3,tp,0.004,1,0.7614,4
2022-11-09 23:10:00,SHORT,14.08,14.01,tp,0.004025,1,0.7407,4
2022-11-09 23:15:00,SHORT,13.92,13.85,tp,0.004025,1,0.7832,4
2022-11-09 23:20:00,LONG,13.8,13.87,tp,0.004,1,0.8769,4
2022-11-09 23:25:00,SHORT,13.93,13.86,tp,0.004025,1,0.7875,4
2022-11-09 23:30:00,SHORT,13.88,13.81,tp,0.004025,1,0.7493,4
2022-11-09 23:35:00,LONG,13.96,14.03,tp,0.004,1,0.7864,4
2022-11-09 23:40:00,SHORT,14.19,14.12,tp,0.004025,1,0.9049,4
2022-11-09 23:45:00,SHORT,14.04,13.97,tp,0.004025,1,0.7444,4
2022-11-09 23:50:00,SHORT,13.85,13.89,sl,-0.003991,0,0.7751,4
2022-11-09 23:55:00,SHORT,14.07,14.0,tp,0.004025,1,0.9042,4
2022-11-10 00:00:00,LONG,13.87,13.94,tp,0.004,1,0.8324,4
2022-11-10 00:05:00,LONG,14.18,14.25,tp,0.004,1,0.705,4
2022-11-10 00:10:00,LONG,14.84,14.91,tp,0.004,1,0.7819,4
2022-11-10 00:15:00,SHORT,14.53,14.46,tp,0.004025,1,0.7873,4
2022-11-10 00:20:00,SHORT,15.05,14.98,tp,0.004025,1,0.8438,4
2022-11-10 00:25:00,SHORT,15.09,15.02,tp,0.004025,1,0.9469,4
2022-11-10 00:30:00,SHORT,14.9,14.83,tp,0.004025,1,0.8553,4
2022-11-10 00:35:00,SHORT,14.87,14.8,tp,0.004025,1,0.8386,4
2022-11-10 00:40:00,SHORT,14.81,14.74,tp,0.004025,1,0.8477,4
2022-11-10 00:45:00,SHORT,14.95,14.88,tp,0.004025,1,0.8202,4
2022-11-10 00:50:00,LONG,14.87,14.82,sl,-0.004,0,0.7818,4
2022-11-10 00:55:00,SHORT,14.84,14.77,tp,0.004025,1,0.7967,4
2022-11-10 01:00:00,SHORT,15.17,15.1,tp,0.004025,1,0.969,4
2022-11-10 01:05:00,SHORT,14.54,14.47,tp,0.004025,1,0.8754,4
2022-11-10 01:10:00,SHORT,14.26,14.19,tp,0.004025,1,0.8724,4
2022-11-10 01:15:00,SHORT,14.1,14.03,tp,0.004025,1,0.8444,4
2022-11-10 01:20:00,SHORT,13.68,13.61,tp,0.004025,1,0.7786,4
2022-11-10 01:25:00,SHORT,13.68,13.61,tp,0.004025,1,0.8057,4
2022-11-10 01:30:00,SHORT,13.71,13.75,sl,-0.003991,0,0.7997,4
2022-11-10 01:35:00,LONG,13.83,13.79,sl,-0.004,0,0.6611,4
2022-11-10 01:40:00,SHORT,13.45,13.39,tp,0.004025,1,0.8435,4
2022-11-10 01:45:00,SHORT,13.33,13.27,tp,0.004025,1,0.7608,4
2022-11-10 01:50:00,LONG,13.62,13.68,tp,0.004,1,0.7232,4
2022-11-10 01:55:00,SHORT,13.58,13.52,tp,0.004025,1,0.8225,4
2022-11-10 02:00:00,LONG,13.48,13.54,tp,0.004,1,0.6786,4
2022-11-10 02:05:00,SHORT,13.55,13.49,tp,0.004025,1,0.7245,4
2022-11-10 02:10:00,SHORT,13.49,13.53,sl,-0.003991,0,0.7001,4
2022-11-10 02:15:00,LONG,13.56,13.62,tp,0.004,1,0.7024,4
2022-11-10 02:20:00,LONG,13.76,13.83,tp,0.004,1,0.7601,4
2022-11-10 02:25:00,SHORT,13.67,13.6,tp,0.004025,1,0.7748,4
2022-11-10 02:30:00,SHORT,13.82,13.75,tp,0.004025,1,0.7387,4
2022-11-10 02:35:00,SHORT,13.75,13.79,sl,-0.003991,0,0.7866,4
2022-11-10 02:40:00,SHORT,13.82,13.75,tp,0.004025,1,0.7343,4
2022-11-10 02:45:00,SHORT,13.68,13.72,sl,-0.003991,0,0.7919,4
2022-11-10 02:50:00,LONG,13.81,13.88,tp,0.004,1,0.7415,4
2022-11-10 02:55:00,SHORT,13.87,13.8,tp,0.004025,1,0.7916,4
2022-11-10 03:00:00,SHORT,14.29,14.34,sl,-0.003991,0,0.7971,4
2022-11-10 03:05:00,LONG,14.69,14.64,sl,-0.004,0,0.7551,4
2022-11-10 03:10:00,SHORT,14.39,14.44,sl,-0.003991,0,0.7876,4
2022-11-10 03:15:00,SHORT,14.86,14.79,tp,0.004025,1,0.8052,4
2022-11-10 03:20:00,SHORT,14.83,14.76,tp,0.004025,1,0.9377,4
2022-11-10 03:25:00,SHORT,14.64,14.57,tp,0.004025,1,0.8106,4
2022-11-10 03:30:00,LONG,14.71,14.78,tp,0.004,1,0.7311,4
2022-11-10 03:35:00,SHORT,14.81,14.86,sl,-0.003991,0,0.7764,4
2022-11-10 03:40:00,SHORT,15.75,15.67,tp,0.004025,1,0.814,4
2022-11-10 03:45:00,SHORT,15.46,15.38,tp,0.004025,1,0.8091,4
2022-11-10 03:50:00,SHORT,15.32,15.25,tp,0.004025,1,0.7701,4
2022-11-10 03:55:00,SHORT,15.27,15.2,tp,0.004025,1,0.8687,4
2022-11-10 04:00:00,SHORT,14.93,14.86,tp,0.004025,1,0.8362,4
2022-11-10 04:05:00,LONG,14.97,15.04,tp,0.004,1,0.8301,4
2022-11-10 04:10:00,SHORT,15.16,15.09,tp,0.004025,1,0.7574,4
2022-11-10 04:15:00,SHORT,15.35,15.28,tp,0.004025,1,0.9563,4
2022-11-10 04:20:00,SHORT,15.2,15.13,tp,0.004025,1,0.7497,4
2022-11-10 04:25:00,SHORT,14.7,14.63,tp,0.004025,1,0.7887,4
2022-11-10 04:30:00,LONG,14.69,14.76,tp,0.004,1,0.8726,4
2022-11-10 04:35:00,SHORT,14.72,14.77,sl,-0.003991,0,0.7281,4
2022-11-10 04:40:00,LONG,14.81,14.88,tp,0.004,1,0.7586,4
2022-11-10 04:45:00,LONG,15.08,15.03,sl,-0.004,0,0.7379,4
2022-11-10 04:50:00,LONG,15.04,15.11,tp,0.004,1,0.7082,4
2022-11-10 04:55:00,LONG,15.18,15.25,tp,0.004,1,0.7456,4
2022-11-10 05:00:00,SHORT,15.43,15.36,tp,0.004025,1,0.9572,4
2022-11-10 05:05:00,SHORT,15.22,15.15,tp,0.004025,1,0.7699,4
2022-11-10 05:10:00,SHORT,15.14,15.07,tp,0.004025,1,0.789,4
2022-11-10 05:15:00,SHORT,15.01,14.94,tp,0.004025,1,0.8189,4
2022-11-10 05:20:00,LONG,15.08,15.03,sl,-0.004,0,0.7675,4
2022-11-10 05:25:00,SHORT,15.1,15.15,sl,-0.003991,0,0.7632,4
2022-11-10 05:30:00,SHORT,15.31,15.24,tp,0.004025,1,0.9401,4
2022-11-10 05:35:00,SHORT,15.06,14.99,tp,0.004025,1,0.7514,4
2022-11-10 05:40:00,LONG,14.99,15.06,tp,0.004,1,0.8436,4
2022-11-10 05:45:00,SHORT,15.13,15.18,sl,-0.003991,0,0.7242,4
2022-11-10 05:50:00,SHORT,15.1,15.15,sl,-0.003991,0,0.7958,4
2022-11-10 06:00:00,LONG,15.2,15.15,sl,-0.004,0,0.6632,4
2022-11-10 06:05:00,SHORT,15.04,14.97,tp,0.004025,1,0.697,4
2022-11-10 06:10:00,SHORT,15.0,14.93,tp,0.004025,1,0.7652,4
2022-11-10 06:15:00,SHORT,14.89,14.82,tp,0.004025,1,0.6762,4
2022-11-10 06:20:00,LONG,14.9,14.97,tp,0.004,1,0.7445,4
2022-11-10 06:25:00,LONG,15.04,15.11,tp,0.004,1,0.73,4
2022-11-10 06:30:00,LONG,15.07,15.14,tp,0.004,1,0.6519,4
2022-11-10 06:35:00,LONG,15.43,15.5,tp,0.004,1,0.7154,4
2022-11-10 06:40:00,SHORT,15.31,15.24,tp,0.004025,1,0.752,4
2022-11-10 06:45:00,SHORT,15.21,15.26,sl,-0.003991,0,0.6719,4
2022-11-10 06:50:00,SHORT,15.36,15.29,tp,0.004025,1,0.7385,4
2022-11-10 07:00:00,LONG,15.65,15.73,tp,0.004,1,0.7675,4
2022-11-10 07:05:00,LONG,15.37,15.44,tp,0.004,1,0.7626,4
2022-11-10 07:10:00,SHORT,15.8,15.85,sl,-0.003991,0,0.7463,4
2022-11-10 07:15:00,LONG,15.98,16.06,tp,0.004,1,0.7785,4
2022-11-10 07:20:00,LONG,15.76,15.84,tp,0.004,1,0.6733,4
2022-11-10 07:25:00,SHORT,15.78,15.7,tp,0.004025,1,0.6804,4
2022-11-10 07:30:00,SHORT,15.89,15.81,tp,0.004025,1,0.7443,4
2022-11-10 07:35:00,SHORT,15.78,15.7,tp,0.004025,1,0.7357,4
2022-11-10 07:40:00,SHORT,15.64,15.56,tp,0.004025,1,0.7649,4
2022-11-10 07:45:00,SHORT,15.54,15.46,tp,0.004025,1,0.8042,4
2022-11-10 07:50:00,SHORT,15.51,15.43,tp,0.004025,1,0.829,4
2022-11-10 07:55:00,SHORT,15.33,15.26,tp,0.004025,1,0.8066,4
2022-11-10 08:00:00,SHORT,14.47,14.4,tp,0.004025,1,0.7669,4
2022-11-10 08:05:00,SHORT,14.25,14.18,tp,0.004025,1,0.7711,4
2022-11-10 08:10:00,SHORT,14.2,14.13,tp,0.004025,1,0.8782,4
2022-11-10 08:15:00,LONG,13.97,14.04,tp,0.004,1,0.7399,4
2022-11-10 08:20:00,LONG,14.0,14.07,tp,0.004,1,0.853,4
2022-11-10 08:25:00,SHORT,14.43,14.36,tp,0.004025,1,0.7062,4
2022-11-10 08:30:00,LONG,14.29,14.36,tp,0.004,1,0.7716,4
2022-11-10 08:35:00,SHORT,14.1,14.03,tp,0.004025,1,0.7293,4
2022-11-10 08:40:00,LONG,13.52,13.58,tp,0.004,1,0.7629,4
2022-11-10 08:45:00,LONG,13.54,13.6,tp,0.004,1,0.8422,4
2022-11-10 08:50:00,LONG,14.33,14.28,sl,-0.004,0,0.7681,4
2022-11-10 08:55:00,LONG,14.17,14.24,tp,0.004,1,0.7489,4
2022-11-10 09:00:00,SHORT,14.23,14.16,tp,0.004025,1,0.7811,4
2022-11-10 09:05:00,SHORT,14.17,14.22,sl,-0.003991,0,0.7585,4
2022-11-10 09:10:00,LONG,14.2,14.27,tp,0.004,1,0.7138,4
2022-11-10 09:15:00,SHORT,14.37,14.3,tp,0.004025,1,0.773,4
2022-11-10 09:20:00,SHORT,14.19,14.24,sl,-0.003991,0,0.7482,4
2022-11-10 09:25:00,SHORT,14.16,14.09,tp,0.004025,1,0.75,4
2022-11-10 09:30:00,LONG,13.98,14.05,tp,0.004,1,0.8823,4
2022-11-10 09:35:00,SHORT,14.03,14.08,sl,-0.003991,0,0.7043,4
2022-11-10 09:40:00,SHORT,14.09,14.14,sl,-0.003991,0,0.7621,4
2022-11-10 09:45:00,LONG,14.14,14.09,sl,-0.004,0,0.7067,4
2022-11-10 09:50:00,SHORT,14.11,14.04,tp,0.004025,1,0.67,4
2022-11-10 09:55:00,LONG,14.23,14.3,tp,0.004,1,0.7436,4
2022-11-10 10:00:00,LONG,14.23,14.3,tp,0.004,1,0.7072,4
2022-11-10 10:05:00,SHORT,14.33,14.26,tp,0.004025,1,0.667,4
2022-11-10 10:10:00,SHORT,14.06,13.99,tp,0.004025,1,0.7646,4
2022-11-10 10:15:00,LONG,14.1,14.17,tp,0.004,1,0.7881,4
2022-11-10 10:20:00,LONG,14.05,14.0,sl,-0.004,0,0.6706,4
2022-11-10 10:25:00,SHORT,14.03,13.96,tp,0.004025,1,0.7095,4
2022-11-10 10:30:00,SHORT,13.87,13.8,tp,0.004025,1,0.732,4
2022-11-10 10:35:00,SHORT,13.95,13.88,tp,0.004025,1,0.8852,4
2022-11-10 10:40:00,SHORT,13.9,13.83,tp,0.004025,1,0.6708,4
2022-11-10 10:50:00,SHORT,13.62,13.56,tp,0.004025,1,0.7707,4
2022-11-10 10:55:00,LONG,13.49,13.55,tp,0.004,1,0.8857,4
2022-11-10 11:00:00,LONG,13.69,13.76,tp,0.004,1,0.6819,4
2022-11-10 11:05:00,LONG,13.68,13.64,sl,-0.004,0,0.7478,4
2022-11-10 11:10:00,LONG,13.66,13.73,tp,0.004,1,0.6946,4
2022-11-10 11:15:00,LONG,13.69,13.76,tp,0.004,1,0.6688,4
2022-11-10 11:20:00,LONG,13.84,13.91,tp,0.004,1,0.7099,4
2022-11-10 11:30:00,LONG,14.11,14.18,tp,0.004,1,0.6885,4
2022-11-10 11:35:00,SHORT,14.2,14.13,tp,0.004025,1,0.7155,4
2022-11-10 11:45:00,SHORT,14.07,14.12,sl,-0.003991,0,0.7534,4
2022-11-10 11:50:00,LONG,14.12,14.19,tp,0.004,1,0.6535,4
2022-11-10 11:55:00,LONG,14.16,14.23,tp,0.004,1,0.7109,4
2022-11-10 12:00:00,LONG,14.61,14.68,tp,0.004,1,0.6848,4
2022-11-10 12:05:00,LONG,14.64,14.71,tp,0.004,1,0.8077,4
2022-11-10 12:10:00,SHORT,15.81,15.86,sl,-0.003991,0,0.8097,4
2022-11-10 12:15:00,SHORT,16.01,15.93,tp,0.004025,1,0.8379,4
2022-11-10 12:20:00,SHORT,15.36,15.29,tp,0.004025,1,0.844,4
2022-11-10 12:25:00,SHORT,15.46,15.38,tp,0.004025,1,0.7815,4
2022-11-10 12:30:00,SHORT,15.44,15.37,tp,0.004025,1,0.7888,4
2022-11-10 12:35:00,LONG,15.35,15.3,sl,-0.004,0,0.831,4
2022-11-10 12:40:00,SHORT,15.21,15.26,sl,-0.003991,0,0.744,4
2022-11-10 12:45:00,SHORT,15.77,15.69,tp,0.004025,1,0.937,4
2022-11-10 12:50:00,SHORT,15.45,15.38,tp,0.004025,1,0.8079,4
2022-11-10 12:55:00,SHORT,15.45,15.38,tp,0.004025,1,0.7614,4
2022-11-10 13:00:00,SHORT,15.43,15.36,tp,0.004025,1,0.7606,4
2022-11-10 13:05:00,SHORT,15.33,15.26,tp,0.004025,1,0.8541,4
2022-11-10 13:10:00,SHORT,15.19,15.12,tp,0.004025,1,0.8579,4
2022-11-10 13:15:00,SHORT,15.19,15.12,tp,0.004025,1,0.7915,4
2022-11-10 13:20:00,LONG,15.0,15.07,tp,0.004,1,0.859,4
2022-11-10 13:25:00,SHORT,15.11,15.16,sl,-0.003991,0,0.7482,4
2022-11-10 13:30:00,SHORT,16.85,16.77,tp,0.004025,1,0.9367,4
2022-11-10 13:35:00,SHORT,16.05,16.1,sl,-0.003991,0,0.769,4
2022-11-10 13:40:00,LONG,16.17,16.25,tp,0.004,1,0.7604,4
2022-11-10 13:45:00,SHORT,16.31,16.36,sl,-0.003991,0,0.7724,4
2022-11-10 13:50:00,LONG,16.96,17.04,tp,0.004,1,0.7567,4
2022-11-10 13:55:00,SHORT,17.48,17.39,tp,0.004025,1,0.9719,4
2022-11-10 14:00:00,SHORT,16.71,16.76,sl,-0.003991,0,0.8053,4
2022-11-10 14:05:00,SHORT,16.89,16.81,tp,0.004025,1,0.7355,4
2022-11-10 14:10:00,SHORT,16.88,16.8,tp,0.004025,1,0.7728,4
2022-11-10 14:15:00,LONG,16.63,16.71,tp,0.004,1,0.8178,4
2022-11-10 14:20:00,SHORT,16.62,16.67,sl,-0.003991,0,0.7265,4
2022-11-10 14:25:00,SHORT,16.86,16.78,tp,0.004025,1,0.7515,4
2022-11-10 14:30:00,SHORT,16.54,16.46,tp,0.004025,1,0.7476,4
2022-11-10 14:35:00,SHORT,16.25,16.3,sl,-0.003991,0,0.7219,4
2022-11-10 14:40:00,LONG,16.34,16.42,tp,0.004,1,0.7987,4
2022-11-10 14:45:00,SHORT,16.54,16.59,sl,-0.003991,0,0.7841,4
2022-11-10 14:50:00,LONG,16.59,16.67,tp,0.004,1,0.7442,4
2022-11-10 14:55:00,LONG,16.78,16.86,tp,0.004,1,0.7511,4
2022-11-10 15:00:00,LONG,17.23,17.31,tp,0.004,1,0.7572,4
2022-11-10 15:05:00,SHORT,17.32,17.23,tp,0.004025,1,0.7312,4
2022-11-10 15:10:00,SHORT,17.02,17.07,sl,-0.003991,0,0.6735,4
2022-11-10 15:15:00,LONG,17.4,17.49,tp,0.004,1,0.7802,4
2022-11-10 15:20:00,SHORT,18.03,17.94,tp,0.004025,1,0.7529,4
2022-11-10 15:25:00,SHORT,18.0,17.91,tp,0.004025,1,0.844,4
2022-11-10 15:30:00,SHORT,17.68,17.59,tp,0.004025,1,0.7861,4
2022-11-10 15:35:00,LONG,17.45,17.54,tp,0.004,1,0.8311,4
2022-11-10 15:40:00,SHORT,17.46,17.37,tp,0.004025,1,0.7397,4
2022-11-10 15:45:00,SHORT,17.34,17.39,sl,-0.003991,0,0.7163,4
2022-11-10 15:50:00,LONG,17.58,17.67,tp,0.004,1,0.7759,4
2022-11-10 15:55:00,LONG,17.68,17.63,sl,-0.004,0,0.7318,4
2022-11-10 16:00:00,SHORT,17.47,17.52,sl,-0.003991,0,0.782,4
2022-11-10 16:05:00,LONG,17.73,17.82,tp,0.004,1,0.7618,4
2022-11-10 16:10:00,LONG,17.87,17.96,tp,0.004,1,0.7051,4
2022-11-10 16:15:00,LONG,18.16,18.25,tp,0.004,1,0.8093,4
2022-11-10 16:20:00,SHORT,18.66,18.57,tp,0.004025,1,0.769,4
2022-11-10 16:25:00,LONG,18.67,18.76,tp,0.004,1,0.7643,4
2022-11-10 16:30:00,SHORT,18.55,18.46,tp,0.004025,1,0.7408,4
2022-11-10 16:35:00,SHORT,18.59,18.5,tp,0.004025,1,0.883,4
2022-11-10 16:40:00,SHORT,18.55,18.46,tp,0.004025,1,0.7779,4
2022-11-10 16:45:00,SHORT,18.18,18.24,sl,-0.003991,0,0.8182,4
2022-11-10 16:50:00,SHORT,18.21,18.12,tp,0.004025,1,0.7404,4
2022-11-10 16:55:00,SHORT,17.97,17.88,tp,0.004025,1,0.7889,4
2022-11-10 17:00:00,SHORT,17.77,17.68,tp,0.004025,1,0.8002,4
2022-11-10 17:05:00,SHORT,17.43,17.48,sl,-0.003991,0,0.7379,4
2022-11-10 17:10:00,SHORT,17.59,17.5,tp,0.004025,1,0.7475,4
2022-11-10 17:15:00,SHORT,17.5,17.55,sl,-0.003991,0,0.6749,4
2022-11-10 17:20:00,SHORT,17.67,17.58,tp,0.004025,1,0.8786,4
2022-11-10 17:25:00,SHORT,17.49,17.4,tp,0.004025,1,0.7803,4
2022-11-10 17:30:00,LONG,16.81,16.89,tp,0.004,1,0.7063,4
2022-11-10 17:35:00,SHORT,16.48,16.4,tp,0.004025,1,0.7868,4
2022-11-10 17:40:00,SHORT,16.29,16.34,sl,-0.003991,0,0.7145,4
2022-11-10 17:45:00,LONG,16.49,16.57,tp,0.004,1,0.7956,4
2022-11-10 17:50:00,LONG,16.62,16.7,tp,0.004,1,0.7349,4
2022-11-10 17:55:00,LONG,16.66,16.74,tp,0.004,1,0.7617,4
2022-11-10 18:00:00,SHORT,16.96,17.01,sl,-0.003991,0,0.7204,4
2022-11-10 18:05:00,LONG,17.22,17.3,tp,0.004,1,0.7154,4
2022-11-10 18:10:00,SHORT,17.1,17.02,tp,0.004025,1,0.7573,4
2022-11-10 18:15:00,SHORT,17.13,17.05,tp,0.004025,1,0.7405,4
2022-11-10 18:20:00,SHORT,16.81,16.73,tp,0.004025,1,0.786,4
2022-11-10 18:25:00,LONG,16.62,16.7,tp,0.004,1,0.8738,4
2022-11-10 18:30:00,SHORT,16.83,16.88,sl,-0.003991,0,0.722,4
2022-11-10 18:35:00,LONG,16.93,17.01,tp,0.004,1,0.7321,4
2022-11-10 18:40:00,SHORT,16.94,16.86,tp,0.004025,1,0.8145,4
2022-11-10 18:45:00,SHORT,16.98,16.9,tp,0.004025,1,0.7328,4
2022-11-10 18:50:00,SHORT,16.87,16.92,sl,-0.003991,0,0.7506,4
2022-11-10 18:55:00,SHORT,16.99,17.04,sl,-0.003991,0,0.6611,4
2022-11-10 19:00:00,SHORT,17.14,17.06,tp,0.004025,1,0.861,4
2022-11-10 19:10:00,SHORT,16.94,16.86,tp,0.004025,1,0.8066,4
2022-11-10 19:15:00,SHORT,16.7,16.75,sl,-0.003991,0,0.6925,4
2022-11-10 19:20:00,LONG,16.82,16.9,tp,0.004,1,0.7206,4
2022-11-10 19:25:00,SHORT,16.95,16.87,tp,0.004025,1,0.6896,4
2022-11-10 19:30:00,SHORT,17.04,16.96,tp,0.004025,1,0.7232,4
2022-11-10 19:45:00,SHORT,17.28,17.19,tp,0.004025,1,0.8426,4
2022-11-10 19:50:00,SHORT,17.32,17.23,tp,0.004025,1,0.7586,4
2022-11-10 19:55:00,SHORT,17.27,17.19,tp,0.004025,1,0.6816,4
2022-11-10 20:00:00,SHORT,16.99,16.91,tp,0.004025,1,0.7823,4
2022-11-10 20:05:00,SHORT,17.09,17.01,tp,0.004025,1,0.8023,4
2022-11-10 20:10:00,SHORT,17.09,17.14,sl,-0.003991,0,0.7435,4
2022-11-10 20:20:00,LONG,17.21,17.29,tp,0.004,1,0.7008,4
2022-11-10 20:35:00,LONG,17.27,17.35,tp,0.004,1,0.6974,4
2022-11-10 20:40:00,LONG,17.44,17.53,tp,0.004,1,0.6758,4
2022-11-10 20:45:00,LONG,17.42,17.51,tp,0.004,1,0.7489,4
2022-11-10 20:50:00,SHORT,17.83,17.88,sl,-0.003991,0,0.7531,4
2022-11-10 20:55:00,SHORT,18.07,17.98,tp,0.004025,1,0.8448,4
2022-11-10 21:00:00,SHORT,17.98,17.89,tp,0.004025,1,0.7475,4
2022-11-10 21:05:00,LONG,17.85,17.94,tp,0.004,1,0.7051,4
2022-11-10 21:10:00,LONG,18.21,18.3,tp,0.004,1,0.7709,4
2022-11-10 21:15:00,SHORT,18.21,18.27,sl,-0.003991,0,0.8471,4
2022-11-10 21:20:00,SHORT,18.44,18.35,tp,0.004025,1,0.8271,4
2022-11-10 21:25:00,SHORT,18.24,18.15,tp,0.004025,1,0.6931,4
2022-11-10 21:30:00,SHORT,18.13,18.19,sl,-0.003991,0,0.7903,4
2022-11-10 21:40:00,SHORT,18.08,17.99,tp,0.004025,1,0.8299,4
2022-11-10 21:45:00,SHORT,17.84,17.75,tp,0.004025,1,0.6825,4
2022-11-10 21:50:00,LONG,17.93,18.02,tp,0.004,1,0.6985,4
2022-11-10 21:55:00,SHORT,18.07,17.98,tp,0.004025,1,0.8395,4
2022-11-10 22:00:00,SHORT,17.96,17.87,tp,0.004025,1,0.7187,4
2022-11-10 22:05:00,SHORT,17.94,17.85,tp,0.004025,1,0.7083,4
2022-11-10 22:10:00,LONG,17.8,17.89,tp,0.004,1,0.8426,4
2022-11-10 22:20:00,SHORT,17.92,17.83,tp,0.004025,1,0.6596,4
2022-11-10 22:25:00,SHORT,17.68,17.59,tp,0.004025,1,0.6985,4
2022-11-10 22:30:00,LONG,17.64,17.73,tp,0.004,1,0.7823,4
2022-11-10 22:35:00,SHORT,17.86,17.91,sl,-0.003991,0,0.6841,4
2022-11-10 22:40:00,LONG,17.84,17.79,sl,-0.004,0,0.7161,4
2022-11-10 23:10:00,SHORT,17.81,17.72,tp,0.004025,1,0.6629,4
2022-11-10 23:15:00,LONG,17.55,17.64,tp,0.004,1,0.7591,4
2022-11-10 23:30:00,SHORT,17.63,17.54,tp,0.004025,1,0.8769,4
2022-11-10 23:40:00,LONG,17.41,17.5,tp,0.004,1,0.7787,4
2022-11-11 00:00:00,SHORT,17.63,17.54,tp,0.004025,1,0.708,4
2022-11-11 00:15:00,LONG,17.01,17.09,tp,0.004,1,0.8838,4
2022-11-11 00:20:00,LONG,17.37,17.46,tp,0.004,1,0.7121,4
2022-11-11 00:25:00,LONG,17.23,17.31,tp,0.004,1,0.7131,4
2022-11-11 00:30:00,SHORT,17.46,17.37,tp,0.004025,1,0.9108,4
2022-11-11 00:35:00,SHORT,17.45,17.36,tp,0.004025,1,0.6913,4
2022-11-11 00:40:00,SHORT,17.37,17.42,sl,-0.003991,0,0.6983,4
2022-11-11 01:00:00,LONG,17.81,17.9,tp,0.004,1,0.6968,4
2022-11-11 01:05:00,SHORT,18.0,17.91,tp,0.004025,1,0.945,4
2022-11-11 01:10:00,SHORT,17.91,17.96,sl,-0.003991,0,0.7439,4
2022-11-11 01:20:00,SHORT,17.97,17.88,tp,0.004025,1,0.7848,4
2022-11-11 01:25:00,SHORT,17.83,17.74,tp,0.004025,1,0.6813,4
2022-11-11 01:30:00,SHORT,17.58,17.63,sl,-0.003991,0,0.7062,4
2022-11-11 01:35:00,SHORT,17.62,17.67,sl,-0.003991,0,0.7549,4
2022-11-11 01:45:00,SHORT,17.54,17.45,tp,0.004025,1,0.6688,4
2022-11-11 01:55:00,SHORT,17.32,17.23,tp,0.004025,1,0.6589,4
2022-11-11 02:00:00,SHORT,17.24,17.16,tp,0.004025,1,0.7806,4
2022-11-11 02:05:00,SHORT,17.08,17.0,tp,0.004025,1,0.8249,4
2022-11-11 02:10:00,LONG,16.57,16.65,tp,0.004,1,0.8894,4
2022-11-11 02:15:00,LONG,16.72,16.8,tp,0.004,1,0.7116,4
2022-11-11 02:25:00,LONG,16.76,16.84,tp,0.004,1,0.664,4
2022-11-11 02:30:00,LONG,16.8,16.75,sl,-0.004,0,0.6686,4
2022-11-11 02:35:00,SHORT,16.71,16.76,sl,-0.003991,0,0.6947,4
2022-11-11 02:50:00,SHORT,16.7,16.62,tp,0.004025,1,0.6982,4
2022-11-11 02:55:00,SHORT,16.73,16.65,tp,0.004025,1,0.6779,4
2022-11-11 03:05:00,LONG,16.2,16.28,tp,0.004,1,0.8705,4
2022-11-11 03:10:00,LONG,16.17,16.25,tp,0.004,1,0.6655,4
2022-11-11 03:15:00,LONG,16.19,16.14,sl,-0.004,0,0.6611,4
2022-11-11 03:20:00,LONG,15.94,16.02,tp,0.004,1,0.8709,4
2022-11-11 03:25:00,LONG,15.99,15.94,sl,-0.004,0,0.6957,4
2022-11-11 03:30:00,SHORT,15.86,15.91,sl,-0.003991,0,0.6891,4
2022-11-11 03:35:00,LONG,16.15,16.23,tp,0.004,1,0.6786,4
2022-11-11 03:40:00,LONG,16.26,16.21,sl,-0.004,0,0.7535,4
2022-11-11 03:50:00,SHORT,16.38,16.43,sl,-0.003991,0,0.8666,4
2022-11-11 04:00:00,SHORT,16.23,16.28,sl,-0.003991,0,0.6733,4
2022-11-11 04:10:00,SHORT,16.51,16.43,tp,0.004025,1,0.9358,4
2022-11-11 04:15:00,SHORT,16.43,16.35,tp,0.004025,1,0.6578,4
2022-11-11 04:20:00,LONG,16.35,16.43,tp,0.004,1,0.813,4
2022-11-11 04:30:00,SHORT,16.28,16.33,sl,-0.003991,0,0.6625,4
2022-11-11 04:35:00,SHORT,16.35,16.27,tp,0.004025,1,0.7548,4
2022-11-11 04:40:00,SHORT,16.37,16.29,tp,0.004025,1,0.6979,4
2022-11-11 04:55:00,LONG,16.31,16.39,tp,0.004,1,0.6797,4
2022-11-11 05:05:00,SHORT,17.02,16.94,tp,0.004025,1,0.8873,4
2022-11-11 05:10:00,SHORT,16.99,16.91,tp,0.004025,1,0.74,4
2022-11-11 05:15:00,SHORT,16.85,16.9,sl,-0.003991,0,0.688,4
2022-11-11 05:30:00,SHORT,17.21,17.13,tp,0.004025,1,0.9477,4
2022-11-11 05:35:00,SHORT,17.01,16.93,tp,0.004025,1,0.6886,4
2022-11-11 05:40:00,LONG,16.95,17.03,tp,0.004,1,0.8401,4
2022-11-11 05:45:00,LONG,17.18,17.26,tp,0.004,1,0.6908,4
2022-11-11 05:50:00,SHORT,17.09,17.14,sl,-0.003991,0,0.7444,4
2022-11-11 05:55:00,SHORT,17.14,17.06,tp,0.004025,1,0.6685,4
2022-11-11 06:05:00,SHORT,17.01,17.06,sl,-0.003991,0,0.6742,4
2022-11-11 06:15:00,SHORT,16.97,16.89,tp,0.004025,1,0.7352,4
2022-11-11 06:20:00,LONG,16.85,16.93,tp,0.004,1,0.839,4
2022-11-11 07:00:00,LONG,17.04,17.12,tp,0.004,1,0.715,4
2022-11-11 07:10:00,LONG,17.31,17.4,tp,0.004,1,0.7585,4
2022-11-11 07:15:00,SHORT,17.46,17.37,tp,0.004025,1,0.7676,4
2022-11-11 07:40:00,SHORT,17.35,17.4,sl,-0.003991,0,0.7002,4
2022-11-11 08:00:00,SHORT,17.35,17.26,tp,0.004025,1,0.6865,4
2022-11-11 08:10:00,LONG,17.16,17.24,tp,0.004,1,0.7572,4
2022-11-11 08:30:00,LONG,17.29,17.38,tp,0.004,1,0.6782,4
2022-11-11 09:00:00,LONG,17.28,17.23,sl,-0.004,0,0.6501,4
2022-11-11 09:15:00,LONG,17.18,17.26,tp,0.004,1,0.8268,4
2022-11-11 09:35:00,SHORT,17.48,17.39,tp,0.004025,1,0.7056,4
2022-11-11 10:15:00,LONG,17.4,17.49,tp,0.004,1,0.7923,4
2022-11-11 10:40:00,LONG,17.75,17.84,tp,0.004,1,0.7,4
2022-11-11 10:45:00,LONG,17.68,17.77,tp,0.004,1,0.769,4
2022-11-11 10:55:00,SHORT,17.89,17.8,tp,0.004025,1,0.8059,4
2022-11-11 11:00:00,LONG,17.71,17.8,tp,0.004,1,0.8127,4
2022-11-11 11:20:00,SHORT,18.14,18.05,tp,0.004025,1,0.9452,4
2022-11-11 11:30:00,LONG,18.14,18.23,tp,0.004,1,0.6572,4
2022-11-11 11:40:00,SHORT,18.07,17.98,tp,0.004025,1,0.6639,4
2022-11-11 11:55:00,SHORT,18.12,18.03,tp,0.004025,1,0.8402,4
2022-11-11 12:15:00,LONG,17.77,17.72,sl,-0.004,0,0.7181,4
2022-11-11 13:25:00,SHORT,18.02,17.93,tp,0.004025,1,0.756,4
2022-11-11 13:55:00,SHORT,17.4,17.31,tp,0.004025,1,0.7754,4
2022-11-11 14:00:00,SHORT,17.21,17.13,tp,0.004025,1,0.8107,4
2022-11-11 14:05:00,SHORT,17.24,17.16,tp,0.004025,1,0.6556,4
2022-11-11 14:10:00,LONG,16.93,17.01,tp,0.004,1,0.7043,4
2022-11-11 14:15:00,LONG,16.01,16.09,tp,0.004,1,0.76,4
2022-11-11 14:20:00,SHORT,15.36,15.29,tp,0.004025,1,0.7969,4
2022-11-11 14:25:00,LONG,15.27,15.34,tp,0.004,1,0.7815,4
2022-11-11 14:30:00,SHORT,16.02,15.94,tp,0.004025,1,0.7408,4
2022-11-11 14:35:00,LONG,15.74,15.82,tp,0.004,1,0.7228,4
2022-11-11 14:40:00,SHORT,15.91,15.96,sl,-0.003991,0,0.7067,4
2022-11-11 14:45:00,SHORT,16.41,16.33,tp,0.004025,1,0.8509,4
2022-11-11 14:50:00,LONG,16.21,16.29,tp,0.004,1,0.7124,4
2022-11-11 14:55:00,SHORT,16.27,16.32,sl,-0.003991,0,0.7119,4
2022-11-11 15:00:00,LONG,16.33,16.41,tp,0.004,1,0.7089,4
2022-11-11 15:05:00,LONG,16.19,16.27,tp,0.004,1,0.7357,4
2022-11-11 15:10:00,SHORT,16.48,16.53,sl,-0.003991,0,0.7229,4
2022-11-11 15:15:00,LONG,16.58,16.66,tp,0.004,1,0.6989,4
2022-11-11 15:20:00,SHORT,16.58,16.5,tp,0.004025,1,0.8498,4
2022-11-11 15:30:00,SHORT,16.66,16.58,tp,0.004025,1,0.7748,4
2022-11-11 15:35:00,SHORT,16.5,16.42,tp,0.004025,1,0.8195,4
2022-11-11 15:40:00,SHORT,16.44,16.36,tp,0.004025,1,0.8217,4
2022-11-11 15:45:00,SHORT,16.55,16.47,tp,0.004025,1,0.7183,4
2022-11-11 15:50:00,SHORT,16.5,16.55,sl,-0.003991,0,0.7891,4
2022-11-11 16:00:00,SHORT,16.48,16.4,tp,0.004025,1,0.7552,4
2022-11-11 16:05:00,SHORT,16.26,16.18,tp,0.004025,1,0.7035,4
2022-11-11 16:10:00,SHORT,16.19,16.24,sl,-0.003991,0,0.6681,4
2022-11-11 16:15:00,LONG,16.39,16.47,tp,0.004,1,0.6607,4
2022-11-11 16:20:00,SHORT,16.22,16.14,tp,0.004025,1,0.7524,4
2022-11-11 16:25:00,LONG,15.85,15.93,tp,0.004,1,0.8926,4
2022-11-11 16:30:00,SHORT,16.12,16.04,tp,0.004025,1,0.6637,4
2022-11-11 16:40:00,LONG,16.24,16.32,tp,0.004,1,0.7429,4
2022-11-11 16:45:00,SHORT,16.32,16.24,tp,0.004025,1,0.6549,4
2022-11-11 16:50:00,SHORT,16.25,16.3,sl,-0.003991,0,0.7442,4
2022-11-11 17:00:00,SHORT,16.29,16.21,tp,0.004025,1,0.7137,4
2022-11-11 17:05:00,LONG,16.19,16.27,tp,0.004,1,0.8512,4
2022-11-11 17:10:00,LONG,16.24,16.32,tp,0.004,1,0.6572,4
2022-11-11 17:15:00,SHORT,16.25,16.17,tp,0.004025,1,0.7724,4
2022-11-11 17:20:00,SHORT,16.18,16.1,tp,0.004025,1,0.6592,4
2022-11-11 17:35:00,LONG,16.06,16.14,tp,0.004,1,0.7417,4
2022-11-11 17:50:00,LONG,16.41,16.49,tp,0.004,1,0.6989,4
2022-11-11 17:55:00,LONG,16.39,16.47,tp,0.004,1,0.6813,4
2022-11-11 18:05:00,SHORT,16.58,16.5,tp,0.004025,1,0.939,4
2022-11-11 18:45:00,SHORT,16.41,16.33,tp,0.004025,1,0.6531,4
2022-11-11 19:10:00,LONG,16.12,16.2,tp,0.004,1,0.7572,4
2022-11-11 19:35:00,SHORT,16.15,16.07,tp,0.004025,1,0.7609,4
2022-11-11 19:55:00,SHORT,16.21,16.13,tp,0.004025,1,0.8572,4
2022-11-11 20:25:00,SHORT,15.67,15.72,sl,-0.003991,0,0.6936,4
2022-11-11 20:30:00,SHORT,15.7,15.62,tp,0.004025,1,0.7372,4
2022-11-11 20:40:00,LONG,15.41,15.48,tp,0.004,1,0.659,4
2022-11-11 21:00:00,LONG,15.63,15.58,sl,-0.004,0,0.6831,4
2022-11-11 21:20:00,SHORT,15.79,15.84,sl,-0.003991,0,0.7947,4
2022-11-11 22:00:00,SHORT,15.97,16.02,sl,-0.003991,0,0.8733,4
2022-11-11 22:15:00,SHORT,16.09,16.14,sl,-0.003991,0,0.7999,4
2022-11-11 22:30:00,SHORT,16.13,16.05,tp,0.004025,1,0.9393,4
2022-11-11 23:15:00,LONG,15.74,15.82,tp,0.004,1,0.8211,4
2022-11-11 23:40:00,LONG,16.16,16.24,tp,0.004,1,0.6998,4
2022-11-11 23:50:00,LONG,16.4,16.48,tp,0.004,1,0.7009,4
2022-11-12 00:00:00,SHORT,16.36,16.28,tp,0.004025,1,0.7209,4
2022-11-12 00:05:00,SHORT,16.27,16.19,tp,0.004025,1,0.6797,4
2022-11-12 00:10:00,SHORT,16.23,16.15,tp,0.004025,1,0.6704,4
2022-11-12 00:25:00,LONG,16.18,16.13,sl,-0.004,0,0.6614,4
2022-11-12 00:35:00,SHORT,16.18,16.1,tp,0.004025,1,0.7794,4
2022-11-12 01:10:00,LONG,15.92,16.0,tp,0.004,1,0.7381,4
2022-11-12 01:15:00,SHORT,16.06,16.11,sl,-0.003991,0,0.8411,4
2022-11-12 01:35:00,LONG,15.87,15.95,tp,0.004,1,0.7159,4
2022-11-12 02:00:00,LONG,15.85,15.93,tp,0.004,1,0.8032,4
2022-11-12 02:30:00,SHORT,16.12,16.17,sl,-0.003991,0,0.6785,4
2022-11-12 03:20:00,LONG,15.75,15.83,tp,0.004,1,0.8021,4
2022-11-12 03:35:00,SHORT,15.93,15.85,tp,0.004025,1,0.887,4
2022-11-12 03:50:00,LONG,15.83,15.78,sl,-0.004,0,0.7015,4
2022-11-12 04:05:00,SHORT,15.84,15.76,tp,0.004025,1,0.6595,4
2022-11-12 04:15:00,SHORT,15.57,15.49,tp,0.004025,1,0.6846,4
2022-11-12 04:20:00,LONG,15.59,15.54,sl,-0.004,0,0.689,4
2022-11-12 04:35:00,SHORT,15.65,15.7,sl,-0.003991,0,0.77,4
2022-11-12 04:55:00,SHORT,15.3,15.23,tp,0.004025,1,0.6734,4
2022-11-12 05:00:00,SHORT,15.31,15.24,tp,0.004025,1,0.7966,4
2022-11-12 05:10:00,LONG,14.93,15.0,tp,0.004,1,0.6608,4
2022-11-12 05:15:00,SHORT,14.91,14.96,sl,-0.003991,0,0.7756,4
2022-11-12 05:25:00,SHORT,14.89,14.94,sl,-0.003991,0,0.6736,4
2022-11-12 05:55:00,LONG,14.99,15.06,tp,0.004,1,0.701,4
2022-11-12 06:05:00,SHORT,15.17,15.1,tp,0.004025,1,0.9179,4
2022-11-12 06:30:00,LONG,15.05,15.12,tp,0.004,1,0.7467,4
2022-11-12 07:10:00,SHORT,15.55,15.6,sl,-0.003991,0,0.7276,4
2022-11-12 07:15:00,SHORT,15.64,15.69,sl,-0.003991,0,0.6511,4
2022-11-12 07:20:00,LONG,15.62,15.57,sl,-0.004,0,0.6541,4
2022-11-12 07:45:00,LONG,15.4,15.47,tp,0.004,1,0.7804,4
2022-11-12 08:10:00,SHORT,15.52,15.57,sl,-0.003991,0,0.7573,4
2022-11-12 08:40:00,LONG,15.64,15.59,sl,-0.004,0,0.6597,4
2022-11-12 09:05:00,LONG,15.44,15.51,tp,0.004,1,0.7981,4
2022-11-12 09:50:00,LONG,15.38,15.45,tp,0.004,1,0.7139,4
2022-11-12 09:55:00,SHORT,15.46,15.38,tp,0.004025,1,0.7318,4
2022-11-12 10:55:00,LONG,15.41,15.36,sl,-0.004,0,0.7235,4
2022-11-12 11:20:00,LONG,15.12,15.19,tp,0.004,1,0.8273,4
2022-11-12 12:15:00,LONG,15.26,15.21,sl,-0.004,0,0.8157,4
2022-11-12 12:30:00,LONG,15.22,15.29,tp,0.004,1,0.8318,4
2022-11-12 13:10:00,LONG,15.16,15.23,tp,0.004,1,0.7918,4
2022-11-12 13:35:00,LONG,15.13,15.2,tp,0.004,1,0.7415,4
2022-11-12 14:10:00,LONG,14.98,15.05,tp,0.004,1,0.832,4
2022-11-12 14:20:00,SHORT,15.07,15.0,tp,0.004025,1,0.6814,4
2022-11-12 14:40:00,LONG,15.05,15.12,tp,0.004,1,0.7284,4
2022-11-12 14:45:00,SHORT,15.14,15.07,tp,0.004025,1,0.8639,4
2022-11-12 15:00:00,LONG,15.04,15.11,tp,0.004,1,0.8238,4
2022-11-12 15:05:00,SHORT,15.19,15.12,tp,0.004025,1,0.8248,4
2022-11-12 17:00:00,LONG,14.92,14.87,sl,-0.004,0,0.6875,4
2022-11-12 17:10:00,SHORT,14.99,15.04,sl,-0.003991,0,0.7679,4
2022-11-12 17:25:00,LONG,15.05,15.12,tp,0.004,1,0.6536,4
2022-11-12 17:45:00,SHORT,15.2,15.25,sl,-0.003991,0,0.7936,4
2022-11-12 18:10:00,LONG,15.08,15.03,sl,-0.004,0,0.6686,4
2022-11-12 20:10:00,SHORT,15.04,14.97,tp,0.004025,1,0.7543,4
2022-11-12 20:15:00,LONG,14.99,15.06,tp,0.004,1,0.6896,4
2022-11-12 20:30:00,SHORT,15.0,15.05,sl,-0.003991,0,0.6849,4
2022-11-12 21:10:00,SHORT,15.0,14.93,tp,0.004025,1,0.7755,4
2022-11-12 21:25:00,LONG,14.91,14.98,tp,0.004,1,0.6992,4
2022-11-12 23:25:00,SHORT,14.68,14.61,tp,0.004025,1,0.6763,4
2022-11-12 23:45:00,LONG,14.52,14.59,tp,0.004,1,0.8004,4
2022-11-13 00:05:00,LONG,14.46,14.41,sl,-0.004,0,0.6757,4
2022-11-13 00:20:00,SHORT,14.69,14.62,tp,0.004025,1,0.8643,4
2022-11-13 00:35:00,LONG,14.53,14.6,tp,0.004,1,0.817,4
2022-11-13 00:55:00,LONG,14.44,14.51,tp,0.004,1,0.7439,4
2022-11-13 01:30:00,SHORT,14.16,14.09,tp,0.004025,1,0.7395,4
2022-11-13 01:35:00,LONG,14.13,14.2,tp,0.004,1,0.764,4
2022-11-13 01:45:00,SHORT,14.16,14.21,sl,-0.003991,0,0.6547,4
2022-11-13 02:05:00,SHORT,14.25,14.18,tp,0.004025,1,0.8125,4
2022-11-13 02:15:00,LONG,14.2,14.27,tp,0.004,1,0.7573,4
2022-11-13 02:40:00,SHORT,14.37,14.3,tp,0.004025,1,0.8872,4
2022-11-13 02:50:00,LONG,14.29,14.36,tp,0.004,1,0.8036,4
2022-11-13 03:00:00,SHORT,14.55,14.48,tp,0.004025,1,0.772,4
2022-11-13 03:25:00,LONG,14.32,14.39,tp,0.004,1,0.7652,4
2022-11-13 03:45:00,SHORT,14.55,14.6,sl,-0.003991,0,0.7472,4
2022-11-13 04:05:00,SHORT,14.58,14.51,tp,0.004025,1,0.7429,4
2022-11-13 05:35:00,SHORT,14.55,14.48,tp,0.004025,1,0.8016,4
2022-11-13 06:00:00,LONG,14.44,14.51,tp,0.004,1,0.7423,4
2022-11-13 06:40:00,SHORT,14.13,14.06,tp,0.004025,1,0.7179,4
2022-11-13 07:00:00,LONG,13.76,13.83,tp,0.004,1,0.6833,4
2022-11-13 07:20:00,LONG,13.74,13.81,tp,0.004,1,0.8028,4
2022-11-13 07:30:00,LONG,13.91,13.87,sl,-0.004,0,0.6807,4
2022-11-13 08:35:00,SHORT,13.93,13.86,tp,0.004025,1,0.7378,4
2022-11-13 09:05:00,SHORT,13.55,13.59,sl,-0.003991,0,0.7041,4
2022-11-13 09:25:00,LONG,13.39,13.45,tp,0.004,1,0.855,4
2022-11-13 09:40:00,SHORT,13.58,13.52,tp,0.004025,1,0.8679,4
2022-11-13 09:55:00,LONG,13.47,13.53,tp,0.004,1,0.7607,4
2022-11-13 10:00:00,SHORT,13.57,13.51,tp,0.004025,1,0.855,4
2022-11-13 10:25:00,SHORT,13.67,13.6,tp,0.004025,1,0.8279,4
2022-11-13 10:55:00,SHORT,13.63,13.57,tp,0.004025,1,0.7804,4
2022-11-13 11:30:00,SHORT,13.93,13.86,tp,0.004025,1,0.9434,4
2022-11-13 12:05:00,SHORT,13.8,13.73,tp,0.004025,1,0.7498,4
2022-11-13 12:25:00,LONG,13.74,13.7,sl,-0.004,0,0.7171,4
2022-11-13 12:50:00,SHORT,13.74,13.67,tp,0.004025,1,0.7719,4
2022-11-13 13:20:00,SHORT,13.73,13.77,sl,-0.003991,0,0.7029,4
2022-11-13 13:40:00,SHORT,14.2,14.13,tp,0.004025,1,0.7095,4
2022-11-13 14:00:00,LONG,14.14,14.21,tp,0.004,1,0.7663,4
2022-11-13 14:30:00,LONG,14.02,13.97,sl,-0.004,0,0.6964,4
2022-11-13 15:05:00,SHORT,13.98,13.91,tp,0.004025,1,0.7805,4
2022-11-13 15:20:00,LONG,13.84,13.91,tp,0.004,1,0.7148,4
2022-11-13 15:40:00,SHORT,13.99,14.03,sl,-0.003991,0,0.7286,4
2022-11-13 16:30:00,SHORT,13.97,14.01,sl,-0.003991,0,0.7809,4
2022-11-13 16:50:00,SHORT,14.07,14.0,tp,0.004025,1,0.7274,4
2022-11-13 17:15:00,SHORT,13.94,13.87,tp,0.004025,1,0.8096,4
2022-11-13 17:25:00,SHORT,13.91,13.84,tp,0.004025,1,0.7262,4
2022-11-13 17:30:00,LONG,13.84,13.91,tp,0.004,1,0.837,4
2022-11-13 17:40:00,SHORT,13.91,13.84,tp,0.004025,1,0.728,4
2022-11-13 18:05:00,SHORT,13.88,13.81,tp,0.004025,1,0.6871,4
2022-11-13 18:30:00,LONG,13.72,13.68,sl,-0.004,0,0.6986,4
2022-11-13 19:00:00,SHORT,13.8,13.73,tp,0.004025,1,0.8423,4
2022-11-13 19:45:00,LONG,13.96,13.92,sl,-0.004,0,0.6507,4
2022-11-13 20:20:00,SHORT,13.95,13.88,tp,0.004025,1,0.6863,4
2022-11-13 20:30:00,LONG,13.91,13.87,sl,-0.004,0,0.7649,4
2022-11-13 21:20:00,SHORT,13.58,13.62,sl,-0.003991,0,0.8135,4
2022-11-13 21:35:00,SHORT,13.79,13.72,tp,0.004025,1,0.8094,4
2022-11-13 22:10:00,SHORT,13.66,13.59,tp,0.004025,1,0.7818,4
2022-11-13 22:45:00,SHORT,13.74,13.67,tp,0.004025,1,0.8015,4
2022-11-13 23:05:00,SHORT,13.5,13.44,tp,0.004025,1,0.6701,4
2022-11-13 23:40:00,SHORT,13.06,13.1,sl,-0.003991,0,0.6799,4
2022-11-14 00:15:00,SHORT,13.2,13.14,tp,0.004025,1,0.7259,4
2022-11-14 00:20:00,SHORT,12.87,12.91,sl,-0.003991,0,0.6809,4
2022-11-14 00:25:00,LONG,12.91,12.97,tp,0.004,1,0.6502,4
2022-11-14 00:30:00,SHORT,12.98,12.92,tp,0.004025,1,0.7311,4
2022-11-14 00:45:00,LONG,12.68,12.74,tp,0.004,1,0.8603,4
2022-11-14 00:55:00,SHORT,12.8,12.74,tp,0.004025,1,0.6502,4
2022-11-14 01:05:00,SHORT,12.8,12.74,tp,0.004025,1,0.7584,4
2022-11-14 01:15:00,LONG,12.66,12.72,tp,0.004,1,0.8747,4
2022-11-14 01:40:00,SHORT,12.43,12.37,tp,0.004025,1,0.6566,4
2022-11-14 01:50:00,SHORT,12.51,12.55,sl,-0.003991,0,0.7122,4
2022-11-14 02:05:00,LONG,12.26,12.32,tp,0.004,1,0.6598,4
2022-11-14 02:10:00,LONG,12.12,12.18,tp,0.004,1,0.8863,4
2022-11-14 02:30:00,LONG,12.34,12.3,sl,-0.004,0,0.6942,4
2022-11-14 02:40:00,SHORT,12.43,12.37,tp,0.004025,1,0.9009,4
2022-11-14 03:00:00,SHORT,12.57,12.61,sl,-0.003991,0,0.7903,4
2022-11-14 03:20:00,LONG,12.6,12.66,tp,0.004,1,0.8299,4
2022-11-14 03:30:00,SHORT,12.84,12.78,tp,0.004025,1,0.9328,4
2022-11-14 03:45:00,SHORT,13.14,13.08,tp,0.004025,1,0.7001,4
2022-11-14 03:50:00,SHORT,13.12,13.06,tp,0.004025,1,0.8774,4
2022-11-14 03:55:00,SHORT,12.99,12.93,tp,0.004025,1,0.6823,4
2022-11-14 04:00:00,SHORT,12.87,12.81,tp,0.004025,1,0.7537,4
2022-11-14 04:05:00,SHORT,12.81,12.85,sl,-0.003991,0,0.7255,4
2022-11-14 04:15:00,SHORT,12.55,12.49,tp,0.004025,1,0.735,4
2022-11-14 04:20:00,LONG,12.64,12.6,sl,-0.004,0,0.7678,4
2022-11-14 04:25:00,LONG,12.51,12.57,tp,0.004,1,0.6556,4
2022-11-14 04:40:00,LONG,12.53,12.59,tp,0.004,1,0.8213,4
2022-11-14 05:20:00,SHORT,12.81,12.75,tp,0.004025,1,0.7314,4
2022-11-14 05:35:00,SHORT,12.59,12.53,tp,0.004025,1,0.6676,4
2022-11-14 05:50:00,SHORT,12.57,12.51,tp,0.004025,1,0.7954,4
2022-11-14 06:40:00,SHORT,14.01,13.94,tp,0.004025,1,0.8138,4
2022-11-14 06:45:00,SHORT,14.29,14.22,tp,0.004025,1,0.7664,4
2022-11-14 06:50:00,LONG,14.07,14.14,tp,0.004,1,0.7105,4
2022-11-14 06:55:00,SHORT,14.56,14.49,tp,0.004025,1,0.9066,4
2022-11-14 07:00:00,SHORT,14.27,14.2,tp,0.004025,1,0.7166,4
2022-11-14 07:05:00,SHORT,14.2,14.13,tp,0.004025,1,0.7436,4
2022-11-14 07:20:00,LONG,14.31,14.38,tp,0.004,1,0.7321,4
2022-11-14 07:25:00,LONG,14.61,14.68,tp,0.004,1,0.7671,4
2022-11-14 07:30:00,LONG,14.44,14.51,tp,0.004,1,0.7461,4
2022-11-14 07:35:00,LONG,14.33,14.4,tp,0.004,1,0.7241,4
2022-11-14 07:40:00,LONG,14.54,14.61,tp,0.004,1,0.7009,4
2022-11-14 07:45:00,SHORT,14.51,14.44,tp,0.004025,1,0.7376,4
2022-11-14 08:00:00,SHORT,14.91,14.84,tp,0.004025,1,0.9551,4
2022-11-14 08:10:00,LONG,14.84,14.79,sl,-0.004,0,0.7163,4
2022-11-14 08:15:00,LONG,14.67,14.74,tp,0.004,1,0.6827,4
2022-11-14 08:20:00,SHORT,14.65,14.58,tp,0.004025,1,0.7568,4
2022-11-14 08:25:00,SHORT,14.62,14.67,sl,-0.003991,0,0.7609,4
2022-11-14 08:30:00,LONG,14.7,14.65,sl,-0.004,0,0.6845,4
2022-11-14 08:35:00,SHORT,14.49,14.54,sl,-0.003991,0,0.6545,4
2022-11-14 08:45:00,LONG,14.55,14.62,tp,0.004,1,0.72,4
2022-11-14 08:50:00,LONG,14.55,14.62,tp,0.004,1,0.6676,4
2022-11-14 08:55:00,SHORT,14.55,14.48,tp,0.004025,1,0.7182,4
2022-11-14 09:15:00,LONG,14.23,14.3,tp,0.004,1,0.8648,4
2022-11-14 10:10:00,LONG,14.32,14.27,sl,-0.004,0,0.7032,4
2022-11-14 10:35:00,SHORT,14.41,14.46,sl,-0.003991,0,0.8061,4
2022-11-14 11:00:00,SHORT,14.46,14.51,sl,-0.003991,0,0.699,4
2022-11-14 11:30:00,LONG,14.25,14.32,tp,0.004,1,0.8049,4
2022-11-14 12:05:00,LONG,14.01,14.08,tp,0.004,1,0.8434,4
2022-11-14 12:50:00,SHORT,14.42,14.47,sl,-0.003991,0,0.6511,4
2022-11-14 13:05:00,LONG,14.54,14.61,tp,0.004,1,0.7109,4
2022-11-14 13:10:00,SHORT,14.79,14.72,tp,0.004025,1,0.8038,4
2022-11-14 13:50:00,LONG,14.2,14.27,tp,0.004,1,0.8418,4
2022-11-14 13:55:00,LONG,14.29,14.24,sl,-0.004,0,0.6703,4
2022-11-14 14:05:00,LONG,14.36,14.31,sl,-0.004,0,0.6607,4
2022-11-14 14:20:00,SHORT,14.16,14.09,tp,0.004025,1,0.6567,4
2022-11-14 14:30:00,SHORT,14.07,14.0,tp,0.004025,1,0.7139,4
2022-11-14 14:35:00,SHORT,13.96,14.0,sl,-0.003991,0,0.6545,4
2022-11-14 14:45:00,LONG,14.09,14.16,tp,0.004,1,0.7056,4
2022-11-14 14:55:00,LONG,14.14,14.21,tp,0.004,1,0.6642,4
2022-11-14 15:25:00,SHORT,13.66,13.59,tp,0.004025,1,0.6718,4
2022-11-14 15:30:00,LONG,13.65,13.61,sl,-0.004,0,0.7582,4
2022-11-14 16:05:00,SHORT,13.77,13.7,tp,0.004025,1,0.7716,4
2022-11-14 16:15:00,SHORT,13.33,13.27,tp,0.004025,1,0.6641,4
2022-11-14 16:20:00,LONG,13.45,13.41,sl,-0.004,0,0.6895,4
2022-11-14 17:00:00,SHORT,13.5,13.44,tp,0.004025,1,0.7669,4
2022-11-14 17:20:00,LONG,13.57,13.63,tp,0.004,1,0.6818,4
2022-11-14 17:30:00,SHORT,13.7,13.63,tp,0.004025,1,0.8978,4
2022-11-14 18:20:00,LONG,13.63,13.69,tp,0.004,1,0.7779,4
2022-11-14 18:45:00,SHORT,14.0,14.05,sl,-0.003991,0,0.7049,4
2022-11-14 19:00:00,LONG,13.94,14.01,tp,0.004,1,0.7224,4
2022-11-14 19:05:00,SHORT,14.04,13.97,tp,0.004025,1,0.8733,4
2022-11-14 19:15:00,LONG,13.91,13.98,tp,0.004,1,0.7473,4
2022-11-14 19:25:00,SHORT,14.04,13.97,tp,0.004025,1,0.8441,4
2022-11-14 19:45:00,SHORT,13.88,13.81,tp,0.004025,1,0.6902,4
2022-11-14 20:10:00,SHORT,14.0,14.05,sl,-0.003991,0,0.7793,4
2022-11-14 20:45:00,LONG,13.97,14.04,tp,0.004,1,0.7313,4
2022-11-14 21:40:00,SHORT,13.91,13.84,tp,0.004025,1,0.6533,4
2022-11-14 21:45:00,LONG,13.85,13.92,tp,0.004,1,0.8295,4
2022-11-14 22:10:00,LONG,13.87,13.83,sl,-0.004,0,0.6817,4
2022-11-14 22:30:00,SHORT,13.72,13.65,tp,0.004025,1,0.6814,4
2022-11-14 22:45:00,SHORT,13.75,13.68,tp,0.004025,1,0.7644,4
2022-11-14 23:15:00,SHORT,13.93,13.97,sl,-0.003991,0,0.7385,4
2022-11-15 00:20:00,SHORT,14.37,14.3,tp,0.004025,1,0.8872,4
2022-11-15 00:55:00,LONG,13.94,13.9,sl,-0.004,0,0.7689,4
2022-11-15 01:45:00,SHORT,14.12,14.05,tp,0.004025,1,0.825,4
2022-11-15 02:30:00,LONG,14.12,14.19,tp,0.004,1,0.7383,4
2022-11-15 02:35:00,SHORT,14.18,14.23,sl,-0.003991,0,0.8323,4
2022-11-15 03:00:00,SHORT,14.27,14.2,tp,0.004025,1,0.8174,4
2022-11-15 03:20:00,LONG,14.2,14.27,tp,0.004,1,0.748,4
2022-11-15 04:00:00,LONG,14.12,14.19,tp,0.004,1,0.8052,4
2022-11-15 04:20:00,LONG,14.11,14.06,sl,-0.004,0,0.7789,4
2022-11-15 04:35:00,LONG,14.05,14.12,tp,0.004,1,0.8206,4
2022-11-15 04:55:00,LONG,14.03,14.1,tp,0.004,1,0.7957,4
2022-11-15 05:05:00,SHORT,14.09,14.02,tp,0.004025,1,0.8051,4
2022-11-15 05:50:00,LONG,13.98,14.05,tp,0.004,1,0.6644,4
2022-11-15 06:15:00,SHORT,14.22,14.15,tp,0.004025,1,0.8696,4
2022-11-15 06:45:00,LONG,14.14,14.21,tp,0.004,1,0.7704,4
2022-11-15 06:50:00,SHORT,14.22,14.27,sl,-0.003991,0,0.8556,4
2022-11-15 07:15:00,SHORT,14.58,14.51,tp,0.004025,1,0.7857,4
2022-11-15 07:50:00,LONG,14.46,14.53,tp,0.004,1,0.8039,4
2022-11-15 08:05:00,SHORT,14.5,14.55,sl,-0.003991,0,0.7638,4
2022-11-15 08:40:00,LONG,14.65,14.72,tp,0.004,1,0.7743,4
2022-11-15 08:50:00,LONG,14.81,14.88,tp,0.004,1,0.6713,4
2022-11-15 09:10:00,SHORT,14.79,14.72,tp,0.004025,1,0.6581,4
2022-11-15 10:35:00,LONG,14.62,14.69,tp,0.004,1,0.6663,4
2022-11-15 10:40:00,SHORT,14.64,14.69,sl,-0.003991,0,0.7921,4
2022-11-15 11:45:00,SHORT,14.56,14.61,sl,-0.003991,0,0.7284,4
2022-11-15 12:00:00,LONG,14.54,14.61,tp,0.004,1,0.7796,4
2022-11-15 12:30:00,SHORT,14.71,14.76,sl,-0.003991,0,0.6869,4
2022-11-15 12:55:00,SHORT,15.03,14.96,tp,0.004025,1,0.8936,4
2022-11-15 13:30:00,SHORT,14.9,14.83,tp,0.004025,1,0.6984,4
2022-11-15 13:35:00,LONG,14.83,14.9,tp,0.004,1,0.7377,4
2022-11-15 14:15:00,LONG,14.72,14.79,tp,0.004,1,0.8078,4
2022-11-15 14:45:00,LONG,14.5,14.57,tp,0.004,1,0.8493,4
2022-11-15 15:10:00,LONG,14.49,14.56,tp,0.004,1,0.8464,4
2022-11-15 15:30:00,LONG,14.33,14.28,sl,-0.004,0,0.6739,4
2022-11-15 15:45:00,SHORT,14.31,14.36,sl,-0.003991,0,0.6513,4
2022-11-15 16:00:00,LONG,14.3,14.37,tp,0.004,1,0.8088,4
2022-11-15 16:30:00,SHORT,14.52,14.45,tp,0.004025,1,0.909,4
2022-11-15 16:40:00,LONG,14.35,14.42,tp,0.004,1,0.8087,4
2022-11-15 17:10:00,SHORT,14.5,14.55,sl,-0.003991,0,0.8628,4
2022-11-15 17:30:00,SHORT,14.56,14.49,tp,0.004025,1,0.775,4
2022-11-15 18:40:00,LONG,14.12,14.19,tp,0.004,1,0.7232,4
2022-11-15 18:55:00,SHORT,14.19,14.12,tp,0.004025,1,0.772,4
2022-11-15 19:00:00,LONG,14.08,14.15,tp,0.004,1,0.8536,4
2022-11-15 19:30:00,LONG,14.15,14.22,tp,0.004,1,0.816,4
2022-11-15 19:55:00,SHORT,14.33,14.38,sl,-0.003991,0,0.7261,4
2022-11-15 20:30:00,LONG,14.3,14.37,tp,0.004,1,0.7293,4
2022-11-15 20:45:00,SHORT,14.35,14.4,sl,-0.003991,0,0.7555,4
2022-11-15 21:00:00,SHORT,14.38,14.31,tp,0.004025,1,0.7007,4
2022-11-15 22:10:00,SHORT,14.35,14.28,tp,0.004025,1,0.6607,4
2022-11-15 22:35:00,SHORT,14.26,14.19,tp,0.004025,1,0.6525,4
2022-11-15 23:10:00,SHORT,14.25,14.18,tp,0.004025,1,0.7873,4
2022-11-16 00:30:00,LONG,14.14,14.21,tp,0.004,1,0.7487,4
2022-11-16 00:45:00,SHORT,14.2,14.13,tp,0.004025,1,0.8493,4
2022-11-16 00:55:00,LONG,14.13,14.2,tp,0.004,1,0.7898,4
2022-11-16 01:10:00,SHORT,14.21,14.14,tp,0.004025,1,0.6704,4
2022-11-16 01:30:00,LONG,14.17,14.24,tp,0.004,1,0.6905,4
2022-11-16 02:30:00,LONG,14.47,14.54,tp,0.004,1,0.6706,4
2022-11-16 02:35:00,SHORT,14.48,14.53,sl,-0.003991,0,0.6751,4
2022-11-16 02:50:00,SHORT,14.55,14.48,tp,0.004025,1,0.8789,4
2022-11-16 03:10:00,SHORT,14.52,14.57,sl,-0.003991,0,0.7231,4
2022-11-16 03:40:00,SHORT,14.56,14.49,tp,0.004025,1,0.7038,4
2022-11-16 04:20:00,LONG,14.44,14.51,tp,0.004,1,0.6631,4
2022-11-16 05:05:00,LONG,14.42,14.49,tp,0.004,1,0.7019,4
2022-11-16 07:05:00,SHORT,14.4,14.33,tp,0.004025,1,0.6732,4
2022-11-16 07:35:00,LONG,14.36,14.31,sl,-0.004,0,0.6826,4
2022-11-16 08:35:00,LONG,14.19,14.26,tp,0.004,1,0.8404,4
2022-11-16 08:45:00,SHORT,14.28,14.33,sl,-0.003991,0,0.8542,4
2022-11-16 09:00:00,SHORT,14.25,14.18,tp,0.004025,1,0.713,4
2022-11-16 10:05:00,SHORT,14.22,14.15,tp,0.004025,1,0.8062,4
2022-11-16 10:35:00,LONG,14.12,14.19,tp,0.004,1,0.7331,4
2022-11-16 10:40:00,SHORT,14.18,14.23,sl,-0.003991,0,0.7497,4
2022-11-16 11:15:00,SHORT,14.24,14.29,sl,-0.003991,0,0.7066,4
2022-11-16 12:10:00,LONG,14.03,14.1,tp,0.004,1,0.8063,4
2022-11-16 12:45:00,SHORT,14.14,14.07,tp,0.004025,1,0.7715,4
2022-11-16 13:30:00,SHORT,14.0,13.93,tp,0.004025,1,0.6545,4
2022-11-16 13:55:00,SHORT,13.89,13.82,tp,0.004025,1,0.7262,4
2022-11-16 14:05:00,LONG,13.73,13.8,tp,0.004,1,0.8125,4
2022-11-16 14:35:00,SHORT,13.9,13.83,tp,0.004025,1,0.7892,4
2022-11-16 15:10:00,SHORT,13.87,13.8,tp,0.004025,1,0.8243,4
2022-11-16 15:20:00,LONG,13.83,13.9,tp,0.004,1,0.7272,4
2022-11-16 15:35:00,SHORT,13.89,13.82,tp,0.004025,1,0.8023,4
2022-11-16 15:45:00,LONG,13.73,13.8,tp,0.004,1,0.8141,4
2022-11-16 16:45:00,SHORT,13.99,13.92,tp,0.004025,1,0.7817,4
2022-11-16 17:35:00,LONG,14.1,14.17,tp,0.004,1,0.6539,4
2022-11-16 17:45:00,SHORT,14.13,14.18,sl,-0.003991,0,0.7896,4
2022-11-16 18:00:00,SHORT,14.17,14.1,tp,0.004025,1,0.8582,4
2022-11-16 18:30:00,LONG,14.09,14.16,tp,0.004,1,0.728,4
2022-11-16 18:55:00,SHORT,14.17,14.1,tp,0.004025,1,0.7806,4
2022-11-16 19:45:00,LONG,14.11,14.18,tp,0.004,1,0.6544,4
2022-11-16 20:00:00,SHORT,14.14,14.19,sl,-0.003991,0,0.6574,4
2022-11-16 21:05:00,SHORT,14.27,14.32,sl,-0.003991,0,0.6752,4
2022-11-16 22:00:00,LONG,14.15,14.22,tp,0.004,1,0.7378,4
2022-11-16 23:40:00,LONG,14.27,14.34,tp,0.004,1,0.6622,4
2022-11-17 00:50:00,LONG,14.41,14.48,tp,0.004,1,0.7548,4
2022-11-17 01:40:00,SHORT,14.45,14.38,tp,0.004025,1,0.6775,4
2022-11-17 03:55:00,SHORT,14.24,14.17,tp,0.004025,1,0.7162,4
2022-11-17 04:30:00,SHORT,14.2,14.13,tp,0.004025,1,0.7159,4
2022-11-17 06:20:00,SHORT,14.4,14.33,tp,0.004025,1,0.8298,4
2022-11-17 07:05:00,SHORT,14.29,14.22,tp,0.004025,1,0.7083,4
2022-11-17 07:20:00,LONG,14.19,14.26,tp,0.004,1,0.7052,4
2022-11-17 07:25:00,SHORT,14.21,14.26,sl,-0.003991,0,0.6989,4
2022-11-17 09:05:00,SHORT,14.21,14.14,tp,0.004025,1,0.6523,4
2022-11-17 09:30:00,LONG,14.11,14.18,tp,0.004,1,0.7054,4
2022-11-17 10:00:00,LONG,14.1,14.17,tp,0.004,1,0.6802,4
2022-11-17 10:25:00,SHORT,14.18,14.11,tp,0.004025,1,0.7005,4
2022-11-17 11:35:00,SHORT,14.18,14.23,sl,-0.003991,0,0.6864,4
2022-11-17 12:05:00,SHORT,13.94,13.98,sl,-0.003991,0,0.6968,4
2022-11-17 12:15:00,SHORT,13.83,13.87,sl,-0.003991,0,0.6679,4
2022-11-17 12:40:00,SHORT,13.8,13.73,tp,0.004025,1,0.665,4
2022-11-17 12:55:00,SHORT,13.67,13.6,tp,0.004025,1,0.7499,4
2022-11-17 13:10:00,SHORT,13.37,13.31,tp,0.004025,1,0.7814,4
2022-11-17 13:15:00,SHORT,13.18,13.22,sl,-0.003991,0,0.7472,4
2022-11-17 13:20:00,SHORT,13.23,13.27,sl,-0.003991,0,0.6573,4
2022-11-17 13:30:00,LONG,13.27,13.23,sl,-0.004,0,0.6749,4
2022-11-17 13:40:00,LONG,13.02,13.08,tp,0.004,1,0.8511,4
2022-11-17 14:00:00,SHORT,13.23,13.17,tp,0.004025,1,0.8869,4
2022-11-17 14:25:00,LONG,13.12,13.18,tp,0.004,1,0.7198,4
2022-11-17 14:35:00,LONG,13.26,13.32,tp,0.004,1,0.6505,4
2022-11-17 14:40:00,SHORT,13.4,13.34,tp,0.004025,1,0.9061,4
2022-11-17 15:00:00,LONG,13.3,13.36,tp,0.004,1,0.6675,4
2022-11-17 15:05:00,SHORT,13.62,13.56,tp,0.004025,1,0.8037,4
2022-11-17 15:20:00,SHORT,13.8,13.73,tp,0.004025,1,0.9325,4
2022-11-17 15:50:00,LONG,13.52,13.48,sl,-0.004,0,0.7879,4
2022-11-17 16:05:00,SHORT,13.56,13.6,sl,-0.003991,0,0.7994,4
2022-11-17 16:20:00,LONG,13.54,13.6,tp,0.004,1,0.7102,4
2022-11-17 16:25:00,SHORT,13.59,13.53,tp,0.004025,1,0.8658,4
2022-11-17 16:50:00,LONG,13.43,13.39,sl,-0.004,0,0.7919,4
2022-11-17 17:10:00,LONG,13.4,13.36,sl,-0.004,0,0.7127,4
2022-11-17 17:40:00,LONG,13.61,13.67,tp,0.004,1,0.657,4
2022-11-17 17:45:00,SHORT,13.65,13.69,sl,-0.003991,0,0.7023,4
2022-11-17 18:10:00,LONG,13.56,13.52,sl,-0.004,0,0.7852,4
2022-11-17 19:25:00,LONG,13.45,13.51,tp,0.004,1,0.7576,4
2022-11-17 20:45:00,SHORT,13.6,13.61,timeout,-0.001265,0,0.8016,4
2022-11-17 22:15:00,SHORT,13.73,13.77,sl,-0.003991,0,0.7021,4
2022-11-17 23:15:00,LONG,13.61,13.67,tp,0.004,1,0.6884,4
2022-11-17 23:35:00,LONG,13.62,13.68,tp,0.004,1,0.7126,4
2022-11-18 00:10:00,SHORT,13.78,13.82,sl,-0.003991,0,0.7476,4
2022-11-18 01:40:00,LONG,13.58,13.64,tp,0.004,1,0.8053,4
2022-11-18 06:45:00,SHORT,13.72,13.65,tp,0.004025,1,0.7912,4
2022-11-18 08:20:00,LONG,13.52,13.58,tp,0.004,1,0.6536,4
2022-11-18 08:35:00,SHORT,13.55,13.59,sl,-0.003991,0,0.7636,4
2022-11-18 08:50:00,LONG,13.54,13.6,tp,0.004,1,0.6513,4
2022-11-18 10:40:00,LONG,13.66,13.62,sl,-0.004,0,0.6595,4
2022-11-18 15:50:00,SHORT,13.36,13.4,sl,-0.003991,0,0.6826,4
2022-11-18 16:15:00,SHORT,13.36,13.3,tp,0.004025,1,0.7358,4
2022-11-18 17:15:00,SHORT,13.26,13.2,tp,0.004025,1,0.8268,4
2022-11-18 17:30:00,SHORT,13.2,13.14,tp,0.004025,1,0.7494,4
2022-11-18 17:35:00,SHORT,13.16,13.1,tp,0.004025,1,0.6873,4
2022-11-18 17:40:00,SHORT,13.09,13.13,sl,-0.003991,0,0.6539,4
2022-11-18 19:15:00,LONG,13.02,13.08,tp,0.004,1,0.7596,4
2022-11-18 21:30:00,SHORT,13.26,13.2,tp,0.004025,1,0.7793,4
2022-11-18 21:45:00,SHORT,13.28,13.22,tp,0.004025,1,0.842,4
2022-11-19 00:20:00,LONG,13.08,13.14,tp,0.004,1,0.6669,4
2022-11-19 03:25:00,LONG,12.92,12.88,sl,-0.004,0,0.6929,4
2022-11-19 06:55:00,SHORT,12.91,12.85,tp,0.004025,1,0.6596,4
2022-11-19 13:45:00,SHORT,12.78,12.82,sl,-0.003991,0,0.7298,4
2022-11-19 14:05:00,SHORT,12.8,12.74,tp,0.004025,1,0.6527,4
2022-11-19 14:35:00,SHORT,12.64,12.58,tp,0.004025,1,0.6923,4
2022-11-19 15:35:00,SHORT,12.67,12.71,sl,-0.003991,0,0.6534,4
2022-11-19 16:45:00,LONG,12.79,12.75,sl,-0.004,0,0.7005,4
2022-11-20 00:15:00,LONG,12.72,12.78,tp,0.004,1,0.7552,4
2022-11-20 00:30:00,SHORT,12.79,12.73,tp,0.004025,1,0.727,4
2022-11-20 00:45:00,LONG,12.73,12.79,tp,0.004,1,0.696,4
2022-11-20 01:00:00,SHORT,12.84,12.78,tp,0.004025,1,0.764,4
2022-11-20 01:20:00,LONG,12.72,12.78,tp,0.004,1,0.6693,4
2022-11-20 04:00:00,SHORT,13.1,13.14,sl,-0.003991,0,0.7657,4
2022-11-20 05:05:00,LONG,13.22,13.18,sl,-0.004,0,0.667,4
2022-11-20 08:40:00,LONG,12.81,12.77,sl,-0.004,0,0.7604,4
2022-11-20 09:35:00,LONG,12.8,12.76,sl,-0.004,0,0.6968,4
2022-11-20 10:40:00,LONG,12.72,12.68,sl,-0.004,0,0.7129,4
2022-11-20 11:15:00,LONG,12.67,12.73,tp,0.004,1,0.7539,4
2022-11-20 11:35:00,LONG,12.6,12.66,tp,0.004,1,0.7586,4
2022-11-20 11:45:00,SHORT,12.61,12.55,tp,0.004025,1,0.7027,4
2022-11-20 12:00:00,SHORT,12.55,12.59,sl,-0.003991,0,0.7724,4
2022-11-20 12:10:00,LONG,12.52,12.58,tp,0.004,1,0.7437,4
2022-11-20 12:20:00,SHORT,12.57,12.61,sl,-0.003991,0,0.7835,4
2022-11-20 12:35:00,SHORT,12.61,12.65,sl,-0.003991,0,0.8479,4
2022-11-20 13:15:00,SHORT,12.67,12.71,sl,-0.003991,0,0.6821,4
2022-11-20 13:50:00,SHORT,13.05,12.99,tp,0.004025,1,0.7711,4
2022-11-20 14:00:00,SHORT,12.91,12.85,tp,0.004025,1,0.6518,4
2022-11-20 14:30:00,LONG,12.8,12.86,tp,0.004,1,0.6501,4
2022-11-20 15:55:00,SHORT,12.99,12.93,tp,0.004025,1,0.7094,4
2022-11-20 16:20:00,LONG,12.87,12.83,sl,-0.004,0,0.6858,4
2022-11-20 17:30:00,SHORT,12.8,12.74,tp,0.004025,1,0.7598,4
2022-11-20 17:35:00,SHORT,12.8,12.74,tp,0.004025,1,0.7322,4
2022-11-20 17:40:00,SHORT,12.77,12.71,tp,0.004025,1,0.6819,4
2022-11-20 17:50:00,LONG,12.7,12.76,tp,0.004,1,0.7435,4
2022-11-20 18:55:00,SHORT,12.78,12.72,tp,0.004025,1,0.722,4
2022-11-20 20:20:00,SHORT,12.67,12.61,tp,0.004025,1,0.6752,4
2022-11-20 21:55:00,SHORT,12.23,12.17,tp,0.004025,1,0.7605,4
2022-11-20 23:05:00,LONG,12.21,12.27,tp,0.004,1,0.78,4
2022-11-20 23:30:00,SHORT,12.19,12.23,sl,-0.003991,0,0.6539,4
2022-11-21 00:05:00,LONG,12.1,12.16,tp,0.004,1,0.7568,4
2022-11-21 00:15:00,SHORT,12.2,12.14,tp,0.004025,1,0.8227,4
2022-11-21 00:55:00,SHORT,12.26,12.2,tp,0.004025,1,0.8305,4
2022-11-21 01:35:00,LONG,12.04,12.1,tp,0.004,1,0.8285,4
2022-11-21 02:15:00,SHORT,11.68,11.63,tp,0.004025,1,0.6916,4
2022-11-21 02:20:00,LONG,11.67,11.63,sl,-0.004,0,0.7663,4
2022-11-21 02:40:00,SHORT,11.76,11.71,tp,0.004025,1,0.7381,4
2022-11-21 02:55:00,LONG,11.77,11.73,sl,-0.004,0,0.6749,4
2022-11-21 03:00:00,SHORT,11.76,11.71,tp,0.004025,1,0.8004,4
2022-11-21 03:25:00,LONG,11.61,11.66,tp,0.004,1,0.7771,4
2022-11-21 03:30:00,SHORT,11.68,11.72,sl,-0.003991,0,0.7849,4
2022-11-21 03:50:00,SHORT,11.78,11.73,tp,0.004025,1,0.7559,4
2022-11-21 04:45:00,LONG,11.78,11.74,sl,-0.004,0,0.6584,4
2022-11-21 05:00:00,LONG,11.78,11.83,tp,0.004,1,0.6697,4
2022-11-21 06:05:00,SHORT,11.96,11.9,tp,0.004025,1,0.6603,4
2022-11-21 06:15:00,SHORT,11.93,11.87,tp,0.004025,1,0.6626,4
2022-11-21 07:05:00,SHORT,11.8,11.84,sl,-0.003991,0,0.7656,4
2022-11-21 08:00:00,SHORT,11.77,11.72,tp,0.004025,1,0.8483,4
2022-11-21 08:20:00,LONG,11.68,11.73,tp,0.004,1,0.7472,4
2022-11-21 08:45:00,SHORT,11.69,11.64,tp,0.004025,1,0.6536,4
2022-11-21 09:05:00,LONG,11.6,11.65,tp,0.004,1,0.6618,4
2022-11-21 10:20:00,LONG,11.65,11.7,tp,0.004,1,0.6626,4
2022-11-21 12:10:00,LONG,11.77,11.82,tp,0.004,1,0.6966,4
2022-11-21 12:40:00,LONG,11.91,11.87,sl,-0.004,0,0.6895,4
2022-11-21 13:10:00,LONG,12.06,12.02,sl,-0.004,0,0.6783,4
2022-11-21 13:20:00,SHORT,12.12,12.06,tp,0.004025,1,0.8684,4
2022-11-21 14:10:00,LONG,12.0,12.06,tp,0.004,1,0.7399,4
2022-11-21 15:25:00,LONG,11.91,11.87,sl,-0.004,0,0.6761,4
2022-11-21 15:45:00,LONG,11.91,11.97,tp,0.004,1,0.6969,4
2022-11-21 16:20:00,SHORT,11.84,11.78,tp,0.004025,1,0.7467,4
2022-11-21 16:25:00,SHORT,11.81,11.76,tp,0.004025,1,0.6685,4
2022-11-21 16:30:00,LONG,11.75,11.8,tp,0.004,1,0.7208,4
2022-11-21 16:45:00,SHORT,11.88,11.82,tp,0.004025,1,0.8514,4
2022-11-21 17:10:00,LONG,11.74,11.79,tp,0.004,1,0.7985,4
2022-11-21 17:20:00,SHORT,11.77,11.72,tp,0.004025,1,0.8301,4
2022-11-21 18:20:00,SHORT,11.63,11.58,tp,0.004025,1,0.6546,4
2022-11-21 18:30:00,LONG,11.62,11.67,tp,0.004,1,0.7195,4
2022-11-21 18:50:00,SHORT,11.65,11.69,sl,-0.003991,0,0.6808,4
2022-11-21 19:00:00,LONG,11.65,11.7,tp,0.004,1,0.7277,4
2022-11-21 19:15:00,SHORT,11.69,11.64,tp,0.004025,1,0.763,4
2022-11-21 19:30:00,LONG,11.3,11.35,tp,0.004,1,0.8715,4
2022-11-21 20:25:00,LONG,11.52,11.48,sl,-0.004,0,0.6694,4
2022-11-21 20:35:00,SHORT,11.54,11.58,sl,-0.003991,0,0.6865,4
2022-11-21 21:20:00,SHORT,11.7,11.65,tp,0.004025,1,0.8371,4
2022-11-21 21:35:00,SHORT,11.65,11.6,tp,0.004025,1,0.6603,4
2022-11-21 22:20:00,LONG,11.78,11.83,tp,0.004,1,0.7296,4
2022-11-21 22:35:00,SHORT,11.93,11.87,tp,0.004025,1,0.8242,4
2022-11-22 00:00:00,SHORT,12.01,11.95,tp,0.004025,1,0.7844,4
2022-11-22 01:10:00,SHORT,11.77,11.72,tp,0.004025,1,0.6541,4
2022-11-22 01:35:00,LONG,11.72,11.68,sl,-0.004,0,0.6891,4
2022-11-22 02:10:00,LONG,11.63,11.59,sl,-0.004,0,0.7184,4
2022-11-22 03:10:00,SHORT,11.75,11.7,tp,0.004025,1,0.7254,4
2022-11-22 03:55:00,LONG,11.62,11.67,tp,0.004,1,0.7099,4
2022-11-22 06:55:00,SHORT,11.43,11.38,tp,0.004025,1,0.7008,4
2022-11-22 07:00:00,LONG,11.36,11.41,tp,0.004,1,0.8083,4
2022-11-22 07:30:00,SHORT,11.5,11.45,tp,0.004025,1,0.8556,4
2022-11-22 07:45:00,LONG,11.46,11.51,tp,0.004,1,0.7344,4
2022-11-22 07:55:00,SHORT,11.5,11.45,tp,0.004025,1,0.7693,4
2022-11-22 08:20:00,LONG,11.42,11.38,sl,-0.004,0,0.7322,4
2022-11-22 08:50:00,SHORT,11.48,11.43,tp,0.004025,1,0.8483,4
2022-11-22 09:25:00,SHORT,11.35,11.39,sl,-0.003991,0,0.7101,4
2022-11-22 09:30:00,LONG,11.35,11.31,sl,-0.004,0,0.702,4
2022-11-22 09:40:00,SHORT,11.36,11.31,tp,0.004025,1,0.7514,4
2022-11-22 13:15:00,LONG,11.33,11.38,tp,0.004,1,0.7112,4
2022-11-22 13:25:00,LONG,11.43,11.48,tp,0.004,1,0.6796,4
2022-11-22 13:30:00,SHORT,11.45,11.4,tp,0.004025,1,0.8278,4
2022-11-22 13:35:00,LONG,11.38,11.43,tp,0.004,1,0.7756,4
2022-11-22 14:00:00,SHORT,11.72,11.76,sl,-0.003991,0,0.7055,4
2022-11-22 14:15:00,LONG,11.71,11.76,tp,0.004,1,0.7182,4
2022-11-22 14:25:00,SHORT,11.75,11.7,tp,0.004025,1,0.7467,4
2022-11-22 14:35:00,LONG,11.63,11.68,tp,0.004,1,0.8293,4
2022-11-22 15:20:00,SHORT,12.03,11.97,tp,0.004025,1,0.925,4
2022-11-22 15:50:00,LONG,12.02,12.08,tp,0.004,1,0.6769,4
2022-11-22 16:00:00,SHORT,12.07,12.01,tp,0.004025,1,0.7775,4
2022-11-22 17:30:00,LONG,11.78,11.74,sl,-0.004,0,0.6819,4
2022-11-22 18:10:00,SHORT,11.78,11.82,sl,-0.003991,0,0.7235,4
2022-11-22 19:00:00,SHORT,11.8,11.84,sl,-0.003991,0,0.8737,4
2022-11-22 20:35:00,SHORT,11.98,11.92,tp,0.004025,1,0.7843,4
2022-11-22 21:55:00,LONG,12.0,12.06,tp,0.004,1,0.6542,4
2022-11-22 22:05:00,SHORT,12.09,12.03,tp,0.004025,1,0.7302,4
2022-11-22 22:20:00,LONG,12.06,12.12,tp,0.004,1,0.7239,4
2022-11-22 23:10:00,LONG,12.39,12.45,tp,0.004,1,0.6903,4
2022-11-23 00:00:00,SHORT,12.44,12.48,sl,-0.003991,0,0.734,4
2022-11-23 00:20:00,SHORT,12.81,12.75,tp,0.004025,1,0.9106,4
2022-11-23 01:35:00,SHORT,12.67,12.61,tp,0.004025,1,0.7148,4
2022-11-23 01:45:00,LONG,12.57,12.63,tp,0.004,1,0.7496,4
2022-11-23 02:35:00,SHORT,13.31,13.25,tp,0.004025,1,0.8393,4
2022-11-23 02:45:00,SHORT,13.23,13.27,sl,-0.003991,0,0.7371,4
2022-11-23 02:55:00,SHORT,13.18,13.12,tp,0.004025,1,0.7515,4
2022-11-23 03:25:00,SHORT,13.05,13.09,sl,-0.003991,0,0.7948,4
2022-11-23 03:45:00,SHORT,13.08,13.02,tp,0.004025,1,0.8796,4
2022-11-23 04:45:00,LONG,12.92,12.88,sl,-0.004,0,0.7373,4
2022-11-23 05:00:00,LONG,12.87,12.93,tp,0.004,1,0.7665,4
2022-11-23 05:55:00,LONG,12.85,12.91,tp,0.004,1,0.7142,4
2022-11-23 06:10:00,SHORT,13.02,13.06,sl,-0.003991,0,0.6674,4
2022-11-23 06:20:00,LONG,13.02,13.08,tp,0.004,1,0.6702,4
2022-11-23 06:25:00,LONG,13.11,13.17,tp,0.004,1,0.6795,4
2022-11-23 06:35:00,LONG,13.2,13.26,tp,0.004,1,0.6801,4
2022-11-23 06:40:00,SHORT,13.21,13.15,tp,0.004025,1,0.8389,4
2022-11-23 07:05:00,LONG,13.08,13.14,tp,0.004,1,0.7379,4
2022-11-23 07:30:00,SHORT,13.2,13.14,tp,0.004025,1,0.8145,4
2022-11-23 08:05:00,SHORT,13.19,13.13,tp,0.004025,1,0.7612,4
2022-11-23 08:25:00,LONG,13.04,13.0,sl,-0.004,0,0.7478,4
2022-11-23 08:40:00,LONG,13.01,13.07,tp,0.004,1,0.7785,4
2022-11-23 08:50:00,SHORT,13.06,13.1,sl,-0.003991,0,0.7692,4
2022-11-23 09:05:00,LONG,13.06,13.12,tp,0.004,1,0.7263,4
2022-11-23 09:45:00,SHORT,13.1,13.04,tp,0.004025,1,0.7813,4
2022-11-23 10:05:00,SHORT,13.06,13.0,tp,0.004025,1,0.6644,4
2022-11-23 10:25:00,LONG,12.98,13.04,tp,0.004,1,0.6814,4
2022-11-23 10:50:00,LONG,13.21,13.27,tp,0.004,1,0.6901,4
2022-11-23 10:55:00,LONG,13.23,13.29,tp,0.004,1,0.6593,4
2022-11-23 11:00:00,SHORT,13.31,13.25,tp,0.004025,1,0.8593,4
2022-11-23 11:05:00,LONG,13.16,13.12,sl,-0.004,0,0.7879,4
2022-11-23 11:20:00,LONG,13.12,13.18,tp,0.004,1,0.7648,4
2022-11-23 11:40:00,LONG,13.37,13.43,tp,0.004,1,0.7033,4
2022-11-23 11:45:00,SHORT,13.38,13.42,sl,-0.003991,0,0.7417,4
2022-11-23 12:05:00,LONG,13.3,13.26,sl,-0.004,0,0.7111,4
2022-11-23 13:05:00,LONG,13.05,13.01,sl,-0.004,0,0.8184,4
2022-11-23 13:20:00,LONG,13.03,13.09,tp,0.004,1,0.8192,4
2022-11-23 13:30:00,SHORT,13.05,13.09,sl,-0.003991,0,0.7735,4
2022-11-23 13:45:00,SHORT,12.92,12.86,tp,0.004025,1,0.6868,4
2022-11-23 14:05:00,SHORT,12.87,12.81,tp,0.004025,1,0.8357,4
2022-11-23 14:25:00,LONG,12.78,12.84,tp,0.004,1,0.7356,4
2022-11-23 15:40:00,SHORT,13.02,13.06,sl,-0.003991,0,0.6642,4
2022-11-23 15:45:00,LONG,12.99,13.05,tp,0.004,1,0.7933,4
2022-11-23 16:05:00,SHORT,13.14,13.18,sl,-0.003991,0,0.7967,4
2022-11-23 16:30:00,LONG,13.04,13.1,tp,0.004,1,0.7234,4
2022-11-23 16:50:00,SHORT,13.27,13.21,tp,0.004025,1,0.8849,4
2022-11-23 16:55:00,LONG,13.16,13.12,sl,-0.004,0,0.7762,4
2022-11-23 18:05:00,SHORT,13.35,13.29,tp,0.004025,1,0.9141,4
2022-11-23 18:25:00,SHORT,13.28,13.22,tp,0.004025,1,0.6872,4
2022-11-23 18:50:00,LONG,13.27,13.33,tp,0.004,1,0.6699,4
2022-11-23 19:05:00,SHORT,13.95,13.88,tp,0.004025,1,0.752,4
2022-11-23 19:15:00,LONG,13.58,13.64,tp,0.004,1,0.8471,4
2022-11-23 20:10:00,LONG,13.9,13.97,tp,0.004,1,0.7966,4
2022-11-23 20:45:00,SHORT,14.23,14.16,tp,0.004025,1,0.8815,4
2022-11-23 21:05:00,LONG,14.09,14.16,tp,0.004,1,0.781,4
2022-11-23 21:20:00,SHORT,14.34,14.39,sl,-0.003991,0,0.8214,4
2022-11-23 22:10:00,SHORT,14.31,14.24,tp,0.004025,1,0.8483,4
2022-11-23 23:45:00,SHORT,14.41,14.34,tp,0.004025,1,0.8136,4
2022-11-24 00:00:00,LONG,14.21,14.28,tp,0.004,1,0.8037,4
2022-11-24 01:10:00,LONG,14.03,14.1,tp,0.004,1,0.77,4
2022-11-24 02:05:00,SHORT,14.77,14.7,tp,0.004025,1,0.923,4
2022-11-24 02:20:00,SHORT,14.83,14.76,tp,0.004025,1,0.8175,4
2022-11-24 03:25:00,LONG,14.44,14.51,tp,0.004,1,0.7774,4
2022-11-24 03:55:00,SHORT,14.6,14.53,tp,0.004025,1,0.8327,4
2022-11-24 04:50:00,SHORT,14.35,14.28,tp,0.004025,1,0.8018,4
2022-11-24 05:45:00,SHORT,14.34,14.27,tp,0.004025,1,0.8878,4
2022-11-24 06:15:00,SHORT,14.5,14.43,tp,0.004025,1,0.8861,4
2022-11-24 07:15:00,SHORT,14.57,14.5,tp,0.004025,1,0.9225,4
2022-11-24 07:45:00,SHORT,14.56,14.49,tp,0.004025,1,0.8203,4
2022-11-24 08:45:00,SHORT,14.27,14.2,tp,0.004025,1,0.7082,4
2022-11-24 09:00:00,LONG,14.21,14.28,tp,0.004,1,0.7835,4
2022-11-24 09:25:00,SHORT,14.28,14.21,tp,0.004025,1,0.8701,4
2022-11-24 10:25:00,SHORT,14.15,14.08,tp,0.004025,1,0.7363,4
2022-11-24 11:45:00,SHORT,13.99,14.03,sl,-0.003991,0,0.7039,4
2022-11-24 12:00:00,SHORT,14.07,14.0,tp,0.004025,1,0.6885,4
2022-11-24 12:15:00,LONG,14.05,14.12,tp,0.004,1,0.6712,4
2022-11-24 12:35:00,SHORT,14.13,14.06,tp,0.004025,1,0.6648,4
2022-11-24 12:45:00,LONG,14.08,14.15,tp,0.004,1,0.766,4
2022-11-24 13:20:00,LONG,14.29,14.36,tp,0.004,1,0.7076,4
2022-11-24 13:35:00,SHORT,14.47,14.4,tp,0.004025,1,0.7911,4
2022-11-24 14:35:00,LONG,14.24,14.31,tp,0.004,1,0.7072,4
2022-11-24 14:50:00,SHORT,14.32,14.37,sl,-0.003991,0,0.7623,4
2022-11-24 16:05:00,LONG,14.63,14.7,tp,0.004,1,0.7034,4
2022-11-24 16:10:00,SHORT,14.64,14.57,tp,0.004025,1,0.7439,4
2022-11-24 16:30:00,LONG,14.45,14.52,tp,0.004,1,0.7315,4
2022-11-24 17:05:00,SHORT,14.71,14.64,tp,0.004025,1,0.7229,4
2022-11-24 17:50:00,LONG,14.53,14.48,sl,-0.004,0,0.8034,4
2022-11-24 19:10:00,SHORT,14.38,14.43,sl,-0.003991,0,0.6815,4
2022-11-24 19:35:00,LONG,14.36,14.43,tp,0.004,1,0.7535,4
2022-11-24 20:05:00,SHORT,14.48,14.41,tp,0.004025,1,0.8582,4
2022-11-24 20:55:00,SHORT,14.35,14.4,sl,-0.003991,0,0.6694,4
2022-11-24 21:45:00,SHORT,14.47,14.4,tp,0.004025,1,0.6562,4
2022-11-24 22:25:00,LONG,14.55,14.62,tp,0.004,1,0.691,4
2022-11-24 23:05:00,LONG,14.56,14.63,tp,0.004,1,0.7417,4
2022-11-24 23:25:00,SHORT,14.6,14.53,tp,0.004025,1,0.7935,4
2022-11-25 00:00:00,SHORT,14.43,14.36,tp,0.004025,1,0.6695,4
2022-11-25 00:20:00,LONG,14.13,14.2,tp,0.004,1,0.816,4
2022-11-25 00:40:00,SHORT,14.29,14.22,tp,0.004025,1,0.6907,4
2022-11-25 01:10:00,SHORT,14.25,14.18,tp,0.004025,1,0.7225,4
2022-11-25 01:35:00,SHORT,14.22,14.15,tp,0.004025,1,0.7232,4
2022-11-25 02:10:00,LONG,14.04,14.11,tp,0.004,1,0.7979,4
2022-11-25 02:35:00,SHORT,14.06,14.11,sl,-0.003991,0,0.6764,4
2022-11-25 02:55:00,SHORT,14.12,14.05,tp,0.004025,1,0.8137,4
2022-11-25 03:20:00,LONG,14.0,14.07,tp,0.004,1,0.7636,4
2022-11-25 05:00:00,SHORT,13.97,14.01,sl,-0.003991,0,0.7601,4
2022-11-25 06:00:00,LONG,14.01,14.08,tp,0.004,1,0.6963,4
2022-11-25 08:00:00,SHORT,14.24,14.17,tp,0.004025,1,0.7519,4
2022-11-25 09:55:00,SHORT,14.04,14.09,sl,-0.003991,0,0.7219,4
2022-11-25 10:00:00,LONG,14.0,14.07,tp,0.004,1,0.7442,4
2022-11-25 10:45:00,SHORT,14.2,14.25,sl,-0.003991,0,0.6525,4
2022-11-25 11:50:00,LONG,14.29,14.36,tp,0.004,1,0.7277,4
2022-11-25 12:30:00,SHORT,14.38,14.31,tp,0.004025,1,0.7392,4
2022-11-25 13:00:00,SHORT,14.24,14.17,tp,0.004025,1,0.7933,4
2022-11-25 13:20:00,SHORT,14.19,14.12,tp,0.004025,1,0.7133,4
2022-11-25 13:40:00,LONG,14.18,14.13,sl,-0.004,0,0.6757,4
2022-11-25 15:55:00,SHORT,14.14,14.07,tp,0.004025,1,0.6993,4
2022-11-25 16:25:00,SHORT,14.03,13.96,tp,0.004025,1,0.7192,4
2022-11-25 17:35:00,SHORT,14.07,14.0,tp,0.004025,1,0.7718,4
2022-11-26 00:35:00,SHORT,14.38,14.31,tp,0.004025,1,0.8686,4
2022-11-26 00:55:00,LONG,14.27,14.34,tp,0.004,1,0.7035,4
2022-11-26 01:20:00,SHORT,14.49,14.54,sl,-0.003991,0,0.6516,4
2022-11-26 03:25:00,LONG,14.35,14.3,sl,-0.004,0,0.6753,4
2022-11-26 06:25:00,LONG,14.25,14.32,tp,0.004,1,0.7305,4
2022-11-26 10:15:00,LONG,14.53,14.6,tp,0.004,1,0.6852,4
2022-11-26 10:30:00,LONG,14.79,14.86,tp,0.004,1,0.7201,4
2022-11-26 10:50:00,SHORT,14.87,14.92,sl,-0.003991,0,0.6644,4
2022-11-26 11:40:00,SHORT,14.73,14.66,tp,0.004025,1,0.6922,4
2022-11-26 11:50:00,LONG,14.71,14.66,sl,-0.004,0,0.7399,4
2022-11-26 12:15:00,LONG,14.66,14.61,sl,-0.004,0,0.6964,4
2022-11-26 13:25:00,SHORT,14.66,14.59,tp,0.004025,1,0.6801,4
2022-11-26 13:45:00,SHORT,14.57,14.5,tp,0.004025,1,0.6689,4
2022-11-26 14:50:00,SHORT,14.49,14.42,tp,0.004025,1,0.7164,4
2022-11-26 14:55:00,LONG,14.47,14.42,sl,-0.004,0,0.6557,4
2022-11-26 15:25:00,SHORT,14.47,14.4,tp,0.004025,1,0.8061,4
2022-11-26 16:15:00,SHORT,14.4,14.33,tp,0.004025,1,0.6639,4
2022-11-26 16:35:00,LONG,14.32,14.27,sl,-0.004,0,0.7259,4
2022-11-26 17:15:00,SHORT,14.22,14.21,timeout,0.000111,1,0.6819,4
2022-11-26 18:20:00,SHORT,14.25,14.18,tp,0.004025,1,0.6837,4
2022-11-26 18:40:00,SHORT,14.2,14.13,tp,0.004025,1,0.7265,4
2022-11-26 22:25:00,LONG,14.09,14.04,sl,-0.004,0,0.7027,4
2022-11-26 22:45:00,LONG,14.01,14.08,tp,0.004,1,0.7124,4
2022-11-27 04:40:00,SHORT,14.4,14.45,sl,-0.003991,0,0.7075,4
2022-11-27 18:30:00,SHORT,14.34,14.34,timeout,-0.000605,0,0.6973,4
2022-11-27 23:20:00,SHORT,14.12,14.05,tp,0.004025,1,0.6606,4
2022-11-27 23:50:00,LONG,14.08,14.15,tp,0.004,1,0.7481,4
2022-11-28 00:05:00,SHORT,14.11,14.16,sl,-0.003991,0,0.7042,4
2022-11-28 00:10:00,LONG,14.09,14.16,tp,0.004,1,0.6922,4
2022-11-28 00:20:00,SHORT,14.15,14.08,tp,0.004025,1,0.8598,4
2022-11-28 01:10:00,SHORT,13.8,13.73,tp,0.004025,1,0.7344,4
2022-11-28 01:25:00,SHORT,13.3,13.24,tp,0.004025,1,0.8459,4
2022-11-28 01:35:00,SHORT,13.2,13.14,tp,0.004025,1,0.8054,4
2022-11-28 01:45:00,LONG,13.11,13.07,sl,-0.004,0,0.7606,4
2022-11-28 02:00:00,LONG,12.95,13.01,tp,0.004,1,0.8017,4
2022-11-28 02:50:00,LONG,12.82,12.88,tp,0.004,1,0.8291,4
2022-11-28 03:40:00,SHORT,13.1,13.14,sl,-0.003991,0,0.8548,4
2022-11-28 04:00:00,LONG,13.08,13.14,tp,0.004,1,0.7181,4
2022-11-28 04:30:00,SHORT,13.2,13.24,sl,-0.003991,0,0.6688,4
2022-11-28 05:35:00,SHORT,13.46,13.5,sl,-0.003991,0,0.7201,4
2022-11-28 06:15:00,LONG,13.3,13.26,sl,-0.004,0,0.6621,4
2022-11-28 07:00:00,SHORT,13.41,13.35,tp,0.004025,1,0.735,4
2022-11-28 07:30:00,LONG,13.32,13.38,tp,0.004,1,0.717,4
2022-11-28 09:00:00,SHORT,13.5,13.44,tp,0.004025,1,0.7687,4
2022-11-28 12:40:00,SHORT,13.33,13.37,sl,-0.003991,0,0.701,4
2022-11-28 12:50:00,LONG,13.3,13.36,tp,0.004,1,0.7902,4
2022-11-28 14:35:00,SHORT,13.47,13.41,tp,0.004025,1,0.6891,4
2022-11-28 14:55:00,SHORT,13.27,13.31,sl,-0.003991,0,0.6529,4
2022-11-28 15:05:00,LONG,13.22,13.18,sl,-0.004,0,0.7757,4
2022-11-28 16:05:00,SHORT,13.13,13.07,tp,0.004025,1,0.6502,4
2022-11-28 16:45:00,LONG,13.34,13.4,tp,0.004,1,0.6816,4
2022-11-28 16:55:00,LONG,13.54,13.6,tp,0.004,1,0.6832,4
2022-11-28 17:00:00,LONG,13.66,13.73,tp,0.004,1,0.7223,4
2022-11-28 17:30:00,LONG,13.47,13.43,sl,-0.004,0,0.8084,4
2022-11-28 18:00:00,SHORT,13.4,13.34,tp,0.004025,1,0.6518,4
2022-11-28 18:40:00,LONG,13.36,13.32,sl,-0.004,0,0.6953,4
2022-11-28 19:40:00,SHORT,13.4,13.34,tp,0.004025,1,0.8484,4
2022-11-28 20:00:00,LONG,13.37,13.36,timeout,-0.001252,0,0.6767,4
2022-11-28 20:55:00,SHORT,13.4,13.34,tp,0.004025,1,0.7276,4
2022-11-28 21:10:00,LONG,13.34,13.4,tp,0.004,1,0.6727,4
2022-11-28 22:35:00,SHORT,13.37,13.31,tp,0.004025,1,0.6603,4
2022-11-29 00:10:00,LONG,13.19,13.25,tp,0.004,1,0.7396,4
2022-11-29 00:40:00,SHORT,13.27,13.31,sl,-0.003991,0,0.7212,4
2022-11-29 01:20:00,LONG,13.24,13.3,tp,0.004,1,0.6853,4
2022-11-29 01:45:00,LONG,13.41,13.47,tp,0.004,1,0.679,4
2022-11-29 02:15:00,SHORT,13.54,13.48,tp,0.004025,1,0.858,4
2022-11-29 04:25:00,LONG,13.68,13.75,tp,0.004,1,0.6867,4
2022-11-29 04:45:00,SHORT,13.76,13.8,sl,-0.003991,0,0.7698,4
2022-11-29 05:15:00,SHORT,13.85,13.78,tp,0.004025,1,0.6908,4
2022-11-29 06:15:00,LONG,13.7,13.66,sl,-0.004,0,0.7009,4
2022-11-29 09:40:00,LONG,13.69,13.65,sl,-0.004,0,0.701,4
2022-11-29 10:20:00,LONG,13.64,13.7,tp,0.004,1,0.737,4
2022-11-29 11:20:00,SHORT,13.7,13.63,tp,0.004025,1,0.7815,4
2022-11-29 11:45:00,LONG,13.64,13.6,sl,-0.004,0,0.6537,4
2022-11-29 13:40:00,SHORT,13.52,13.56,sl,-0.003991,0,0.7388,4
2022-11-29 14:00:00,SHORT,13.58,13.62,sl,-0.003991,0,0.6605,4
2022-11-29 15:30:00,SHORT,13.54,13.48,tp,0.004025,1,0.8168,4
2022-11-29 16:10:00,SHORT,13.35,13.29,tp,0.004025,1,0.7622,4
2022-11-29 16:35:00,SHORT,13.39,13.43,sl,-0.003991,0,0.7197,4
2022-11-29 18:45:00,SHORT,13.45,13.39,tp,0.004025,1,0.7638,4
2022-11-29 23:50:00,SHORT,13.36,13.4,sl,-0.003991,0,0.6951,4
2022-11-30 00:05:00,SHORT,13.37,13.41,sl,-0.003991,0,0.6723,4
2022-11-30 00:40:00,LONG,13.74,13.81,tp,0.004,1,0.665,4
2022-11-30 00:45:00,SHORT,13.82,13.86,sl,-0.003991,0,0.9277,4
2022-11-30 01:00:00,SHORT,13.87,13.8,tp,0.004025,1,0.9119,4
2022-11-30 01:25:00,LONG,13.72,13.79,tp,0.004,1,0.7184,4
2022-11-30 01:35:00,SHORT,13.72,13.76,sl,-0.003991,0,0.7014,4
2022-11-30 02:05:00,SHORT,13.82,13.86,sl,-0.003991,0,0.6535,4
2022-11-30 02:25:00,SHORT,13.88,13.92,sl,-0.003991,0,0.6567,4
2022-11-30 03:55:00,LONG,13.51,13.57,tp,0.004,1,0.7422,4
2022-11-30 04:05:00,SHORT,13.59,13.53,tp,0.004025,1,0.666,4
2022-11-30 05:25:00,SHORT,13.62,13.66,sl,-0.003991,0,0.6995,4
2022-11-30 05:50:00,SHORT,13.61,13.65,sl,-0.003991,0,0.6601,4
2022-11-30 13:30:00,LONG,13.52,13.58,tp,0.004,1,0.7208,4
2022-11-30 14:15:00,SHORT,13.55,13.59,sl,-0.003991,0,0.6793,4
2022-11-30 14:30:00,SHORT,13.56,13.6,sl,-0.003991,0,0.6631,4
2022-11-30 14:35:00,LONG,13.54,13.6,tp,0.004,1,0.6527,4
2022-11-30 16:00:00,LONG,13.42,13.48,tp,0.004,1,0.7898,4
2022-11-30 17:55:00,SHORT,13.37,13.31,tp,0.004025,1,0.7567,4
2022-11-30 18:35:00,SHORT,13.57,13.51,tp,0.004025,1,0.8575,4
2022-11-30 19:05:00,LONG,13.7,13.77,tp,0.004,1,0.6562,4
2022-11-30 19:20:00,SHORT,13.77,13.7,tp,0.004025,1,0.67,4
2022-11-30 19:45:00,LONG,13.63,13.69,tp,0.004,1,0.754,4
2022-11-30 19:50:00,SHORT,13.64,13.68,sl,-0.003991,0,0.7388,4
2022-11-30 20:00:00,LONG,13.64,13.7,tp,0.004,1,0.7505,4
2022-11-30 21:10:00,LONG,13.7,13.77,tp,0.004,1,0.6533,4
2022-11-30 22:10:00,SHORT,13.86,13.79,tp,0.004025,1,0.7413,4
2022-11-30 22:35:00,LONG,13.81,13.88,tp,0.004,1,0.6725,4
2022-12-01 00:15:00,LONG,14.08,14.03,sl,-0.004,0,0.748,4
2022-12-01 01:25:00,LONG,13.83,13.9,tp,0.004,1,0.7402,4
2022-12-01 04:30:00,SHORT,13.96,13.89,tp,0.004025,1,0.7163,4
2022-12-01 06:15:00,LONG,13.83,13.9,tp,0.004,1,0.7495,4
2022-12-01 13:30:00,SHORT,13.91,13.84,tp,0.004025,1,0.668,4
2022-12-01 14:10:00,SHORT,13.74,13.67,tp,0.004025,1,0.6841,4
2022-12-01 15:15:00,LONG,13.5,13.56,tp,0.004,1,0.8224,4
2022-12-01 15:30:00,SHORT,13.56,13.6,sl,-0.003991,0,0.7362,4
2022-12-01 17:05:00,LONG,13.55,13.61,tp,0.004,1,0.6816,4
2022-12-01 20:00:00,SHORT,13.49,13.43,tp,0.004025,1,0.6714,4
2022-12-01 21:00:00,SHORT,13.42,13.46,sl,-0.003991,0,0.6819,4
2022-12-01 21:15:00,SHORT,13.45,13.49,sl,-0.003991,0,0.7125,4
2022-12-01 21:30:00,SHORT,13.45,13.49,sl,-0.003991,0,0.6778,4
2022-12-02 02:00:00,SHORT,13.53,13.47,tp,0.004025,1,0.684,4
2022-12-02 02:35:00,SHORT,13.45,13.43,timeout,0.000978,1,0.7313,4
2022-12-02 13:45:00,LONG,13.46,13.42,sl,-0.004,0,0.6648,4
2022-12-02 14:05:00,LONG,13.43,13.49,tp,0.004,1,0.7489,4
2022-12-02 14:15:00,SHORT,13.5,13.44,tp,0.004025,1,0.8353,4
2022-12-02 14:25:00,LONG,13.44,13.5,tp,0.004,1,0.7415,4
2022-12-02 14:35:00,SHORT,13.53,13.47,tp,0.004025,1,0.7683,4
2022-12-02 14:50:00,LONG,13.48,13.44,sl,-0.004,0,0.6703,4
2022-12-02 15:10:00,SHORT,13.54,13.5,timeout,0.002444,1,0.7923,4
2022-12-02 16:45:00,SHORT,13.52,13.56,sl,-0.003991,0,0.6679,4
2022-12-02 17:10:00,SHORT,13.64,13.63,timeout,0.000201,1,0.7102,4
2022-12-02 18:40:00,SHORT,13.63,13.64,timeout,-0.001267,0,0.7132,4
2022-12-02 21:20:00,SHORT,13.77,13.73,timeout,0.002369,1,0.7756,4
2022-12-03 22:35:00,SHORT,13.3,13.24,tp,0.004025,1,0.6583,4
2022-12-04 00:40:00,SHORT,13.46,13.5,sl,-0.003991,0,0.6879,4
2022-12-04 17:05:00,LONG,13.45,13.51,tp,0.004,1,0.6757,4
2022-12-05 00:50:00,LONG,13.95,14.02,tp,0.004,1,0.6885,4
2022-12-05 01:15:00,SHORT,14.03,14.08,sl,-0.003991,0,0.8802,4
2022-12-05 01:30:00,SHORT,14.02,14.07,sl,-0.003991,0,0.6501,4
2022-12-05 03:20:00,LONG,14.02,13.97,sl,-0.004,0,0.6691,4
2022-12-05 16:10:00,SHORT,13.77,13.7,tp,0.004025,1,0.6882,4
2022-12-05 17:45:00,SHORT,13.96,13.89,tp,0.004025,1,0.6877,4
2022-12-05 18:30:00,LONG,13.9,13.86,sl,-0.004,0,0.7347,4
2022-12-05 19:35:00,SHORT,13.64,13.68,sl,-0.003991,0,0.6708,4
2022-12-05 20:05:00,SHORT,13.72,13.75,timeout,-0.002727,0,0.7562,4
2022-12-05 21:55:00,SHORT,13.96,13.89,tp,0.004025,1,0.8407,4
2022-12-05 23:00:00,SHORT,13.83,13.76,tp,0.004025,1,0.6854,4
2022-12-06 03:40:00,SHORT,14.26,14.19,tp,0.004025,1,0.8586,4
2022-12-06 04:05:00,SHORT,14.34,14.27,tp,0.004025,1,0.8748,4
2022-12-06 04:15:00,LONG,14.21,14.16,sl,-0.004,0,0.6545,4
2022-12-06 05:10:00,LONG,14.11,14.06,sl,-0.004,0,0.6913,4
2022-12-06 06:45:00,SHORT,14.11,14.16,sl,-0.003991,0,0.7526,4
2022-12-06 18:45:00,SHORT,14.08,14.01,tp,0.004025,1,0.7491,4
2022-12-06 23:30:00,SHORT,14.28,14.33,sl,-0.003991,0,0.7856,4
2022-12-06 23:40:00,LONG,14.26,14.33,tp,0.004,1,0.6748,4
2022-12-07 09:00:00,SHORT,13.6,13.64,sl,-0.003991,0,0.6748,4
2022-12-07 11:30:00,SHORT,13.71,13.64,tp,0.004025,1,0.6806,4
2022-12-08 06:05:00,LONG,13.29,13.35,tp,0.004,1,0.6647,4
2022-12-08 07:35:00,SHORT,13.53,13.57,sl,-0.003991,0,0.6586,4
2022-12-08 19:05:00,LONG,13.71,13.75,timeout,0.002376,1,0.662,4
2022-12-09 01:05:00,SHORT,13.68,13.72,sl,-0.003991,0,0.7252,4
2022-12-09 09:05:00,LONG,13.75,13.82,tp,0.004,1,0.728,4
2022-12-09 09:40:00,LONG,13.98,13.94,sl,-0.004,0,0.7106,4
2022-12-09 10:05:00,SHORT,13.99,13.92,tp,0.004025,1,0.8443,4
2022-12-09 11:15:00,LONG,13.85,13.87,timeout,0.000888,1,0.6574,4
2022-12-09 18:40:00,SHORT,13.65,13.58,tp,0.004025,1,0.6717,4
2022-12-12 00:55:00,SHORT,13.41,13.42,timeout,-0.001255,0,0.6789,4
2022-12-12 02:50:00,LONG,12.89,12.95,tp,0.004,1,0.8279,4
2022-12-12 03:05:00,SHORT,13.05,12.99,tp,0.004025,1,0.8228,4
2022-12-12 07:00:00,SHORT,13.01,12.99,timeout,0.001079,1,0.6712,4
2022-12-12 09:05:00,SHORT,13.12,13.16,sl,-0.003991,0,0.7189,4
2022-12-12 10:25:00,SHORT,13.2,13.2,timeout,-0.000485,0,0.7052,4
2022-12-12 13:00:00,SHORT,13.14,13.11,timeout,0.001813,1,0.6897,4
2022-12-12 13:15:00,LONG,13.12,13.14,timeout,0.001049,1,0.6794,4
2022-12-12 15:00:00,SHORT,13.18,13.12,tp,0.004025,1,0.7333,4
2022-12-13 00:35:00,SHORT,13.28,13.24,timeout,0.002531,1,0.6584,4
2022-12-13 04:00:00,LONG,13.01,13.07,tp,0.004,1,0.6664,4
2022-12-13 07:50:00,SHORT,12.98,13.02,sl,-0.003991,0,0.6577,4
2022-12-13 08:05:00,LONG,12.94,13.0,tp,0.004,1,0.7158,4
2022-12-13 11:40:00,SHORT,13.32,13.36,sl,-0.003991,0,0.6666,4
2022-12-13 12:10:00,LONG,13.3,13.26,sl,-0.004,0,0.6743,4
2022-12-13 13:20:00,LONG,13.34,13.4,tp,0.004,1,0.6862,4
2022-12-13 13:35:00,LONG,13.77,13.73,sl,-0.004,0,0.7064,4
2022-12-13 13:55:00,SHORT,14.07,14.0,tp,0.004025,1,0.8606,4
2022-12-13 14:05:00,LONG,13.91,13.98,tp,0.004,1,0.77,4
2022-12-13 14:20:00,SHORT,14.01,13.94,tp,0.004025,1,0.7454,4
2022-12-13 14:35:00,LONG,13.91,13.87,sl,-0.004,0,0.7239,4
2022-12-13 15:50:00,LONG,13.71,13.78,tp,0.004,1,0.7345,4
2022-12-13 16:00:00,SHORT,13.78,13.71,tp,0.004025,1,0.7762,4
2022-12-13 16:35:00,SHORT,13.79,13.72,tp,0.004025,1,0.7859,4
2022-12-13 20:40:00,SHORT,13.82,13.75,tp,0.004025,1,0.6972,4
2022-12-14 00:00:00,SHORT,13.93,13.86,tp,0.004025,1,0.7076,4
2022-12-14 04:00:00,SHORT,14.01,13.94,tp,0.004025,1,0.6616,4
2022-12-14 13:45:00,LONG,14.07,14.02,sl,-0.004,0,0.7038,4
2022-12-14 15:05:00,SHORT,14.35,14.28,tp,0.004025,1,0.8357,4
2022-12-14 15:30:00,SHORT,14.4,14.45,sl,-0.003991,0,0.6671,4
2022-12-14 15:45:00,LONG,14.46,14.53,tp,0.004,1,0.661,4
2022-12-14 15:50:00,LONG,14.5,14.57,tp,0.004,1,0.6876,4
2022-12-14 17:05:00,SHORT,14.64,14.69,sl,-0.003991,0,0.6834,4
2022-12-14 17:45:00,SHORT,14.72,14.65,tp,0.004025,1,0.886,4
2022-12-14 18:55:00,SHORT,14.63,14.56,tp,0.004025,1,0.759,4
2022-12-14 19:00:00,LONG,14.48,14.55,tp,0.004,1,0.6916,4
2022-12-14 19:35:00,LONG,14.25,14.32,tp,0.004,1,0.7419,4
2022-12-14 19:40:00,SHORT,14.38,14.31,tp,0.004025,1,0.8038,4
2022-12-14 20:10:00,SHORT,14.39,14.32,tp,0.004025,1,0.7313,4
2022-12-14 20:50:00,SHORT,14.35,14.34,timeout,9.2e-05,1,0.8101,4
2022-12-14 21:05:00,SHORT,14.34,14.27,tp,0.004025,1,0.7776,4
2022-12-14 22:20:00,SHORT,14.29,14.22,tp,0.004025,1,0.7794,4
2022-12-15 00:55:00,LONG,14.15,14.22,tp,0.004,1,0.6591,4
2022-12-15 02:00:00,LONG,13.89,13.96,tp,0.004,1,0.8559,4
2022-12-15 03:40:00,LONG,14.44,14.51,tp,0.004,1,0.664,4
2022-12-15 05:05:00,LONG,14.29,14.24,sl,-0.004,0,0.652,4
2022-12-15 06:00:00,LONG,14.27,14.22,sl,-0.004,0,0.6523,4
2022-12-15 06:10:00,SHORT,14.29,14.22,tp,0.004025,1,0.7106,4
2022-12-15 07:55:00,LONG,14.15,14.1,sl,-0.004,0,0.6825,4
2022-12-15 08:05:00,SHORT,14.17,14.1,tp,0.004025,1,0.6681,4
2022-12-15 14:00:00,SHORT,14.01,14.06,sl,-0.003991,0,0.7039,4
2022-12-15 14:15:00,LONG,14.02,13.97,sl,-0.004,0,0.6795,4
2022-12-15 15:10:00,SHORT,14.11,14.04,tp,0.004025,1,0.769,4
2022-12-15 16:15:00,SHORT,13.96,13.89,tp,0.004025,1,0.6895,4
2022-12-15 17:20:00,SHORT,13.95,13.99,sl,-0.003991,0,0.6736,4
2022-12-15 19:45:00,LONG,14.08,14.15,tp,0.004,1,0.7008,4
2022-12-15 21:50:00,SHORT,14.05,13.98,tp,0.004025,1,0.6655,4
2022-12-16 01:00:00,SHORT,14.11,14.13,timeout,-0.002,0,0.6587,4
2022-12-16 09:00:00,SHORT,13.54,13.48,tp,0.004025,1,0.668,4
2022-12-16 09:05:00,SHORT,13.5,13.44,tp,0.004025,1,0.6961,4
2022-12-16 09:35:00,LONG,13.41,13.47,tp,0.004,1,0.6834,4
2022-12-16 09:50:00,SHORT,13.46,13.4,tp,0.004025,1,0.7558,4
2022-12-16 11:35:00,SHORT,13.51,13.45,tp,0.004025,1,0.6723,4
2022-12-16 13:30:00,LONG,13.28,13.24,sl,-0.004,0,0.6586,4
2022-12-16 13:45:00,SHORT,13.31,13.25,tp,0.004025,1,0.6506,4
2022-12-16 14:00:00,SHORT,13.27,13.21,tp,0.004025,1,0.6796,4
2022-12-16 14:15:00,LONG,13.08,13.14,tp,0.004,1,0.7304,4
2022-12-16 14:30:00,SHORT,13.25,13.29,sl,-0.003991,0,0.7497,4
2022-12-16 14:45:00,SHORT,13.28,13.22,tp,0.004025,1,0.8694,4
2022-12-16 16:05:00,SHORT,12.84,12.88,sl,-0.003991,0,0.682,4
2022-12-16 16:10:00,SHORT,12.9,12.94,sl,-0.003991,0,0.7617,4
2022-12-16 16:20:00,LONG,12.74,12.8,tp,0.004,1,0.8017,4
2022-12-16 16:50:00,LONG,12.81,12.87,tp,0.004,1,0.7924,4
2022-12-16 17:05:00,SHORT,12.99,13.03,sl,-0.003991,0,0.7086,4
2022-12-16 17:35:00,SHORT,12.95,12.89,tp,0.004025,1,0.6746,4
2022-12-16 18:05:00,SHORT,12.94,12.88,tp,0.004025,1,0.7848,4
2022-12-16 20:25:00,SHORT,13.08,13.02,tp,0.004025,1,0.8015,4
2022-12-16 22:35:00,LONG,12.25,12.31,tp,0.004,1,0.8195,4
2022-12-16 22:40:00,SHORT,12.34,12.38,sl,-0.003991,0,0.6505,4
2022-12-16 22:45:00,SHORT,12.48,12.42,tp,0.004025,1,0.6587,4
2022-12-16 22:55:00,SHORT,12.47,12.41,tp,0.004025,1,0.8196,4
2022-12-16 23:10:00,SHORT,12.26,12.3,sl,-0.003991,0,0.7103,4
2022-12-16 23:20:00,SHORT,12.3,12.24,tp,0.004025,1,0.8579,4
2022-12-16 23:30:00,LONG,12.09,12.15,tp,0.004,1,0.833,4
2022-12-17 00:00:00,LONG,12.23,12.29,tp,0.004,1,0.7338,4
2022-12-17 00:10:00,SHORT,12.31,12.35,sl,-0.003991,0,0.7492,4
2022-12-17 00:30:00,SHORT,12.29,12.23,tp,0.004025,1,0.6685,4
2022-12-17 00:40:00,LONG,12.29,12.25,sl,-0.004,0,0.684,4
2022-12-17 01:30:00,SHORT,12.18,12.12,tp,0.004025,1,0.7591,4
2022-12-17 02:00:00,SHORT,12.05,11.99,tp,0.004025,1,0.6925,4
2022-12-17 02:05:00,SHORT,12.05,11.99,tp,0.004025,1,0.7639,4
2022-12-17 03:05:00,SHORT,12.2,12.24,sl,-0.003991,0,0.7201,4
2022-12-17 06:05:00,SHORT,12.23,12.27,sl,-0.003991,0,0.6981,4
2022-12-17 06:10:00,LONG,12.2,12.26,tp,0.004,1,0.7478,4
2022-12-17 06:35:00,SHORT,12.43,12.37,tp,0.004025,1,0.689,4
2022-12-17 07:30:00,LONG,12.35,12.41,tp,0.004,1,0.6762,4
2022-12-17 07:40:00,SHORT,12.42,12.46,sl,-0.003991,0,0.658,4
2022-12-17 07:55:00,SHORT,12.45,12.39,tp,0.004025,1,0.8071,4
2022-12-17 09:15:00,SHORT,12.39,12.33,tp,0.004025,1,0.6928,4
2022-12-17 10:25:00,SHORT,12.4,12.34,tp,0.004025,1,0.6611,4
2022-12-17 10:55:00,SHORT,12.44,12.38,tp,0.004025,1,0.6532,4
2022-12-17 11:30:00,LONG,12.31,12.27,sl,-0.004,0,0.66,4
2022-12-17 11:50:00,LONG,12.28,12.34,tp,0.004,1,0.7458,4
2022-12-17 12:20:00,SHORT,12.32,12.26,tp,0.004025,1,0.7594,4
2022-12-17 12:45:00,LONG,12.25,12.23,timeout,-0.002,0,0.6598,4
2022-12-17 13:20:00,LONG,12.24,12.3,tp,0.004,1,0.6576,4
2022-12-17 13:45:00,SHORT,12.23,12.27,sl,-0.003991,0,0.6645,4
2022-12-17 14:25:00,SHORT,12.33,12.27,tp,0.004025,1,0.756,4
2022-12-17 15:10:00,LONG,12.25,12.31,tp,0.004,1,0.6727,4
2022-12-17 15:30:00,SHORT,12.33,12.27,tp,0.004025,1,0.6888,4
2022-12-17 17:25:00,SHORT,12.21,12.15,tp,0.004025,1,0.7582,4
2022-12-17 17:50:00,SHORT,12.23,12.17,tp,0.004025,1,0.7419,4
2022-12-17 18:25:00,LONG,12.27,12.33,tp,0.004,1,0.6506,4
2022-12-17 19:05:00,SHORT,12.3,12.3,timeout,-0.000374,0,0.6663,4
2022-12-17 23:05:00,SHORT,12.46,12.5,sl,-0.003991,0,0.8135,4
2022-12-18 23:55:00,SHORT,12.37,12.41,sl,-0.003991,0,0.6692,4
2022-12-19 04:20:00,SHORT,12.29,12.33,sl,-0.003991,0,0.6725,4
2022-12-19 05:15:00,LONG,12.28,12.24,sl,-0.004,0,0.6581,4
2022-12-19 13:50:00,SHORT,12.25,12.19,tp,0.004025,1,0.6775,4
2022-12-19 14:05:00,LONG,12.18,12.24,tp,0.004,1,0.6702,4
2022-12-19 16:15:00,SHORT,12.21,12.15,tp,0.004025,1,0.7684,4
2022-12-19 17:00:00,LONG,12.08,12.04,sl,-0.004,0,0.6538,4
2022-12-19 17:20:00,SHORT,12.02,12.06,sl,-0.003991,0,0.7427,4
2022-12-19 17:25:00,SHORT,12.05,11.99,tp,0.004025,1,0.7433,4
2022-12-19 17:30:00,SHORT,11.96,12.0,sl,-0.003991,0,0.6848,4
2022-12-19 18:50:00,LONG,11.93,11.99,tp,0.004,1,0.8174,4
2022-12-19 19:05:00,SHORT,11.97,12.01,sl,-0.003991,0,0.7781,4
2022-12-19 19:45:00,SHORT,12.03,12.07,sl,-0.003991,0,0.6815,4
2022-12-19 22:30:00,SHORT,11.74,11.69,tp,0.004025,1,0.7114,4
2022-12-19 22:35:00,LONG,11.74,11.7,sl,-0.004,0,0.6733,4
2022-12-19 23:00:00,SHORT,11.83,11.87,sl,-0.003991,0,0.7427,4
2022-12-20 00:00:00,SHORT,11.91,11.85,tp,0.004025,1,0.6736,4
2022-12-20 00:40:00,SHORT,12.11,12.05,tp,0.004025,1,0.862,4
2022-12-20 02:40:00,SHORT,12.28,12.22,tp,0.004025,1,0.8298,4
2022-12-20 05:00:00,SHORT,12.37,12.31,tp,0.004025,1,0.6696,4
2022-12-20 15:30:00,SHORT,12.44,12.38,tp,0.004025,1,0.7456,4
2022-12-20 16:30:00,LONG,12.25,12.21,sl,-0.004,0,0.6793,4
2022-12-20 17:15:00,LONG,12.19,12.15,sl,-0.004,0,0.6906,4
2022-12-21 00:50:00,SHORT,12.19,12.23,sl,-0.003991,0,0.6632,4
2022-12-21 09:35:00,LONG,12.09,12.1,timeout,0.000481,1,0.6987,4
2022-12-21 14:55:00,LONG,11.99,12.05,tp,0.004,1,0.6748,4
2022-12-21 15:50:00,LONG,12.06,12.02,sl,-0.004,0,0.6839,4
2022-12-21 19:55:00,SHORT,11.95,11.97,timeout,-0.002,0,0.6789,4
2022-12-21 22:20:00,SHORT,12.1,12.04,tp,0.004025,1,0.7721,4
2022-12-21 23:10:00,SHORT,12.16,12.1,tp,0.004025,1,0.7489,4
2022-12-22 00:00:00,SHORT,12.13,12.17,sl,-0.003991,0,0.656,4
2022-12-22 00:40:00,LONG,12.11,12.17,tp,0.004,1,0.6829,4
2022-12-22 18:15:00,SHORT,11.78,11.82,sl,-0.003991,0,0.6726,4
2022-12-22 18:40:00,SHORT,11.79,11.83,sl,-0.003991,0,0.7088,4
2022-12-22 20:50:00,LONG,11.93,11.89,sl,-0.004,0,0.6982,4
2022-12-22 22:50:00,SHORT,11.79,11.83,sl,-0.003991,0,0.6707,4
2022-12-23 00:00:00,SHORT,11.8,11.75,tp,0.004025,1,0.696,4
2022-12-23 00:15:00,LONG,11.75,11.8,tp,0.004,1,0.6836,4
2022-12-23 01:20:00,LONG,11.87,11.93,tp,0.004,1,0.6679,4
2022-12-23 01:50:00,SHORT,11.98,12.02,sl,-0.003991,0,0.7345,4
2022-12-23 02:10:00,LONG,11.97,12.03,tp,0.004,1,0.6589,4
2022-12-24 05:45:00,LONG,11.34,11.3,sl,-0.004,0,0.6609,4
2022-12-24 05:55:00,SHORT,11.36,11.31,tp,0.004025,1,0.8123,4
2022-12-24 06:00:00,LONG,11.24,11.2,sl,-0.004,0,0.7609,4
2022-12-24 08:10:00,LONG,11.31,11.27,sl,-0.004,0,0.6795,4
2022-12-24 09:05:00,SHORT,11.28,11.23,tp,0.004025,1,0.6625,4
2022-12-27 16:15:00,LONG,10.78,10.83,tp,0.004,1,0.7572,4
2022-12-27 16:25:00,SHORT,10.89,10.93,sl,-0.003991,0,0.7498,4
2022-12-27 17:50:00,SHORT,10.83,10.78,tp,0.004025,1,0.8197,4
2022-12-27 18:25:00,SHORT,10.83,10.87,sl,-0.003991,0,0.6884,4
2022-12-27 19:00:00,SHORT,10.92,10.96,sl,-0.003991,0,0.8606,4
2022-12-27 19:25:00,SHORT,10.95,10.99,sl,-0.003991,0,0.6767,4
2022-12-27 19:55:00,SHORT,11.01,11.0,timeout,0.000728,1,0.8263,4
2022-12-27 22:15:00,SHORT,11.04,11.08,sl,-0.003991,0,0.689,4
2022-12-28 01:10:00,LONG,10.92,10.97,tp,0.004,1,0.6535,4
2022-12-28 01:30:00,SHORT,10.97,10.92,tp,0.004025,1,0.7121,4
2022-12-28 03:20:00,SHORT,10.78,10.73,tp,0.004025,1,0.6904,4
2022-12-28 04:00:00,LONG,10.77,10.73,sl,-0.004,0,0.7066,4
2022-12-28 04:20:00,LONG,10.76,10.72,sl,-0.004,0,0.6774,4
2022-12-28 04:35:00,LONG,10.75,10.71,sl,-0.004,0,0.6699,4
2022-12-28 05:00:00,SHORT,10.59,10.63,sl,-0.003991,0,0.7297,4
2022-12-28 05:15:00,SHORT,10.5,10.54,sl,-0.003991,0,0.6814,4
2022-12-28 05:30:00,SHORT,10.15,10.19,sl,-0.003991,0,0.8455,4
2022-12-28 05:40:00,LONG,9.79,9.84,tp,0.004,1,0.8622,4
2022-12-28 05:45:00,LONG,9.93,9.98,tp,0.004,1,0.6535,4
2022-12-28 05:50:00,LONG,9.94,9.92,sl,-0.004,0,0.672,4
2022-12-28 07:35:00,SHORT,10.12,10.16,sl,-0.003991,0,0.654,4
2022-12-28 08:00:00,SHORT,10.16,10.11,tp,0.004025,1,0.7912,4
2022-12-28 08:10:00,SHORT,10.09,10.04,tp,0.004025,1,0.6594,4
2022-12-28 08:40:00,SHORT,10.05,10.0,tp,0.004025,1,0.8042,4
2022-12-28 08:45:00,LONG,10.04,10.0,sl,-0.004,0,0.7392,4
2022-12-28 08:55:00,SHORT,10.04,9.99,tp,0.004025,1,0.6791,4
2022-12-28 11:40:00,SHORT,10.03,10.07,sl,-0.003991,0,0.7714,4
2022-12-28 11:50:00,LONG,10.03,10.08,tp,0.004,1,0.6723,4
2022-12-28 12:05:00,SHORT,10.08,10.12,sl,-0.003991,0,0.6521,4
2022-12-28 14:40:00,SHORT,10.18,10.13,tp,0.004025,1,0.6995,4
2022-12-28 15:00:00,SHORT,10.27,10.22,tp,0.004025,1,0.8113,4
2022-12-28 15:35:00,LONG,9.93,9.98,tp,0.004,1,0.8172,4
2022-12-28 16:25:00,SHORT,10.07,10.02,tp,0.004025,1,0.8744,4
2022-12-28 17:00:00,LONG,9.96,10.01,tp,0.004,1,0.7957,4
2022-12-28 18:00:00,SHORT,10.06,10.01,tp,0.004025,1,0.676,4
2022-12-28 18:50:00,SHORT,9.92,9.94,sl,-0.003991,0,0.7032,4
2022-12-28 19:40:00,SHORT,9.87,9.89,sl,-0.003991,0,0.6631,4
2022-12-28 20:25:00,SHORT,9.89,9.84,tp,0.004025,1,0.8278,4
2022-12-28 21:25:00,SHORT,9.66,9.61,tp,0.004025,1,0.7672,4
2022-12-28 21:30:00,LONG,9.55,9.53,sl,-0.004,0,0.7142,4
2022-12-28 21:45:00,SHORT,9.59,9.61,sl,-0.003991,0,0.7893,4
2022-12-28 22:30:00,SHORT,9.73,9.75,sl,-0.003991,0,0.7364,4
2022-12-28 23:15:00,SHORT,9.8,9.75,tp,0.004025,1,0.8707,4
2022-12-28 23:30:00,SHORT,9.81,9.76,tp,0.004025,1,0.9017,4
2022-12-28 23:45:00,SHORT,9.77,9.79,sl,-0.003991,0,0.6804,4
2022-12-29 00:00:00,SHORT,9.86,9.81,tp,0.004025,1,0.8926,4
2022-12-29 00:30:00,LONG,9.71,9.76,tp,0.004,1,0.6965,4
2022-12-29 00:50:00,SHORT,9.81,9.83,sl,-0.003991,0,0.7873,4
2022-12-29 02:20:00,LONG,9.53,9.58,tp,0.004,1,0.8422,4
2022-12-29 02:45:00,SHORT,9.67,9.69,sl,-0.003991,0,0.8335,4
2022-12-29 03:10:00,LONG,9.65,9.7,tp,0.004,1,0.7866,4
2022-12-29 04:25:00,SHORT,9.72,9.74,sl,-0.003991,0,0.7108,4
2022-12-29 04:50:00,SHORT,9.76,9.71,tp,0.004025,1,0.731,4
2022-12-29 05:40:00,LONG,9.68,9.73,tp,0.004,1,0.6913,4
2022-12-29 06:35:00,SHORT,9.69,9.64,tp,0.004025,1,0.6846,4
2022-12-29 07:35:00,SHORT,9.62,9.64,sl,-0.003991,0,0.7252,4
2022-12-29 08:15:00,SHORT,9.57,9.52,tp,0.004025,1,0.7125,4
2022-12-29 08:20:00,SHORT,9.53,9.48,tp,0.004025,1,0.7498,4
2022-12-29 08:45:00,SHORT,9.39,9.34,tp,0.004025,1,0.7473,4
2022-12-29 08:50:00,SHORT,9.31,9.33,sl,-0.003991,0,0.6736,4
2022-12-29 08:55:00,LONG,9.29,9.34,tp,0.004,1,0.8095,4
2022-12-29 09:40:00,LONG,9.4,9.45,tp,0.004,1,0.7344,4
2022-12-29 09:50:00,SHORT,9.47,9.42,tp,0.004025,1,0.742,4
2022-12-29 10:15:00,LONG,9.45,9.43,sl,-0.004,0,0.6518,4
2022-12-29 10:20:00,SHORT,9.45,9.47,sl,-0.003991,0,0.714,4
2022-12-29 10:30:00,LONG,9.41,9.46,tp,0.004,1,0.7732,4
2022-12-29 10:50:00,SHORT,9.53,9.55,sl,-0.003991,0,0.6663,4
2022-12-29 13:05:00,SHORT,9.4,9.42,sl,-0.003991,0,0.6714,4
2022-12-29 14:40:00,SHORT,9.48,9.43,tp,0.004025,1,0.7443,4
2022-12-29 14:50:00,LONG,9.43,9.48,tp,0.004,1,0.6983,4
2022-12-29 15:30:00,LONG,9.39,9.37,sl,-0.004,0,0.7402,4
2022-12-29 16:50:00,SHORT,9.43,9.38,tp,0.004025,1,0.6636,4
2022-12-29 19:15:00,SHORT,9.01,8.96,tp,0.004025,1,0.745,4
2022-12-29 19:20:00,SHORT,8.79,8.74,tp,0.004025,1,0.7258,4
2022-12-29 19:25:00,LONG,8.77,8.82,tp,0.004,1,0.8549,4
2022-12-29 19:35:00,LONG,8.85,8.83,sl,-0.004,0,0.6711,4
2022-12-29 19:50:00,LONG,8.75,8.8,tp,0.004,1,0.8111,4
2022-12-29 20:00:00,SHORT,8.8,8.75,tp,0.004025,1,0.7662,4
2022-12-29 20:10:00,SHORT,8.67,8.62,tp,0.004025,1,0.6642,4
2022-12-29 20:20:00,SHORT,8.58,8.53,tp,0.004025,1,0.7747,4
2022-12-29 20:30:00,LONG,8.45,8.43,sl,-0.004,0,0.6615,4
2022-12-29 20:35:00,LONG,8.18,8.23,tp,0.004,1,0.8449,4
2022-12-29 20:40:00,LONG,8.16,8.2,tp,0.004,1,0.6995,4
2022-12-29 20:45:00,LONG,8.23,8.28,tp,0.004,1,0.7055,4
2022-12-29 20:50:00,LONG,8.26,8.31,tp,0.004,1,0.774,4
2022-12-29 20:55:00,LONG,8.28,8.33,tp,0.004,1,0.7008,4
2022-12-29 21:00:00,LONG,8.33,8.38,tp,0.004,1,0.6774,4
2022-12-29 21:05:00,SHORT,8.41,8.36,tp,0.004025,1,0.8651,4
2022-12-29 21:10:00,SHORT,8.36,8.31,tp,0.004025,1,0.6644,4
2022-12-29 21:15:00,SHORT,8.34,8.29,tp,0.004025,1,0.6871,4
2022-12-29 21:20:00,LONG,8.32,8.37,tp,0.004,1,0.7659,4
2022-12-29 21:50:00,SHORT,8.4,8.35,tp,0.004025,1,0.7541,4
2022-12-29 22:00:00,SHORT,8.37,8.39,sl,-0.003991,0,0.6757,4
2022-12-29 22:05:00,LONG,8.36,8.41,tp,0.004,1,0.7506,4
2022-12-29 22:20:00,SHORT,8.55,8.57,sl,-0.003991,0,0.7496,4
2022-12-29 22:35:00,SHORT,9.98,9.93,tp,0.004025,1,0.8626,4
2022-12-29 22:40:00,SHORT,9.01,9.03,sl,-0.003991,0,0.8332,4
2022-12-29 22:45:00,SHORT,9.17,9.19,sl,-0.003991,0,0.7501,4
2022-12-29 22:50:00,LONG,9.34,9.39,tp,0.004,1,0.7328,4
2022-12-29 22:55:00,SHORT,9.16,9.11,tp,0.004025,1,0.7337,4
2022-12-29 23:00:00,LONG,9.12,9.17,tp,0.004,1,0.7929,4
2022-12-29 23:05:00,SHORT,9.2,9.22,sl,-0.003991,0,0.716,4
2022-12-29 23:10:00,LONG,9.29,9.34,tp,0.004,1,0.7451,4
2022-12-29 23:15:00,LONG,9.23,9.28,tp,0.004,1,0.7259,4
2022-12-29 23:20:00,SHORT,9.27,9.29,sl,-0.003991,0,0.685,4
2022-12-29 23:25:00,LONG,9.42,9.47,tp,0.004,1,0.7493,4
2022-12-29 23:30:00,SHORT,9.64,9.59,tp,0.004025,1,0.9466,4
2022-12-29 23:35:00,SHORT,9.67,9.69,sl,-0.003991,0,0.7805,4
2022-12-29 23:40:00,SHORT,9.72,9.67,tp,0.004025,1,0.726,4
2022-12-29 23:45:00,SHORT,9.6,9.55,tp,0.004025,1,0.8117,4
2022-12-29 23:50:00,SHORT,9.64,9.66,sl,-0.003991,0,0.8277,4
2022-12-29 23:55:00,SHORT,9.64,9.59,tp,0.004025,1,0.8463,4
2022-12-30 00:00:00,LONG,9.47,9.52,tp,0.004,1,0.8385,4
2022-12-30 00:05:00,SHORT,9.5,9.45,tp,0.004025,1,0.7377,4
2022-12-30 00:10:00,SHORT,9.43,9.45,sl,-0.003991,0,0.7415,4
2022-12-30 00:15:00,SHORT,9.45,9.47,sl,-0.003991,0,0.7153,4
2022-12-30 00:20:00,LONG,9.58,9.63,tp,0.004,1,0.7067,4
2022-12-30 00:25:00,SHORT,9.9,9.85,tp,0.004025,1,0.933,4
2022-12-30 00:30:00,SHORT,9.81,9.83,sl,-0.003991,0,0.7624,4
2022-12-30 00:35:00,LONG,9.81,9.86,tp,0.004,1,0.6608,4
2022-12-30 00:40:00,SHORT,10.0,9.95,tp,0.004025,1,0.8259,4
2022-12-30 00:45:00,SHORT,10.0,10.02,sl,-0.003991,0,0.7186,4
2022-12-30 00:50:00,SHORT,9.98,9.93,tp,0.004025,1,0.6726,4
2022-12-30 00:55:00,SHORT,9.9,9.85,tp,0.004025,1,0.7373,4
2022-12-30 01:00:00,LONG,9.91,9.96,tp,0.004,1,0.7856,4
2022-12-30 01:05:00,LONG,9.86,9.84,sl,-0.004,0,0.6866,4
2022-12-30 01:30:00,SHORT,9.69,9.64,tp,0.004025,1,0.7072,4
2022-12-30 01:35:00,LONG,9.61,9.66,tp,0.004,1,0.8339,4
2022-12-30 01:45:00,SHORT,9.71,9.73,sl,-0.003991,0,0.8359,4
2022-12-30 02:05:00,SHORT,9.65,9.6,tp,0.004025,1,0.6958,4
2022-12-30 02:20:00,LONG,9.48,9.53,tp,0.004,1,0.8548,4
2022-12-30 02:40:00,SHORT,9.75,9.7,tp,0.004025,1,0.8232,4
2022-12-30 02:50:00,SHORT,9.55,9.57,sl,-0.003991,0,0.7631,4
2022-12-30 02:55:00,SHORT,9.57,9.59,sl,-0.003991,0,0.7489,4
2022-12-30 03:05:00,SHORT,9.69,9.71,sl,-0.003991,0,0.7892,4
2022-12-30 03:15:00,SHORT,9.64,9.59,tp,0.004025,1,0.6637,4
2022-12-30 03:20:00,SHORT,9.63,9.58,tp,0.004025,1,0.7311,4
2022-12-30 03:25:00,LONG,9.58,9.63,tp,0.004,1,0.7735,4
2022-12-30 04:00:00,SHORT,9.59,9.54,tp,0.004025,1,0.8392,4
2022-12-30 04:15:00,LONG,9.56,9.61,tp,0.004,1,0.6965,4
2022-12-30 04:25:00,SHORT,9.62,9.57,tp,0.004025,1,0.7401,4
2022-12-30 04:55:00,SHORT,9.65,9.6,tp,0.004025,1,0.8957,4
2022-12-30 05:10:00,LONG,9.51,9.56,tp,0.004,1,0.7865,4
2022-12-30 05:25:00,SHORT,9.56,9.51,tp,0.004025,1,0.7462,4
2022-12-30 05:35:00,SHORT,9.52,9.47,tp,0.004025,1,0.6691,4
2022-12-30 05:45:00,SHORT,9.49,9.44,tp,0.004025,1,0.656,4
2022-12-30 05:50:00,SHORT,9.4,9.35,tp,0.004025,1,0.8281,4
2022-12-30 06:00:00,LONG,9.3,9.35,tp,0.004,1,0.8629,4
2022-12-30 06:15:00,SHORT,9.39,9.41,sl,-0.003991,0,0.6598,4
2022-12-30 06:20:00,LONG,9.36,9.41,tp,0.004,1,0.795,4
2022-12-30 06:30:00,SHORT,9.4,9.42,sl,-0.003991,0,0.7798,4
2022-12-30 06:40:00,LONG,9.36,9.41,tp,0.004,1,0.8206,4
2022-12-30 06:50:00,SHORT,9.41,9.36,tp,0.004025,1,0.8164,4
2022-12-30 08:00:00,SHORT,9.22,9.17,tp,0.004025,1,0.8718,4
2022-12-30 08:15:00,SHORT,9.1,9.12,sl,-0.003991,0,0.7413,4
2022-12-30 08:25:00,SHORT,9.12,9.07,tp,0.004025,1,0.8049,4
2022-12-30 08:35:00,LONG,9.02,9.07,tp,0.004,1,0.8509,4
2022-12-30 09:05:00,SHORT,9.21,9.16,tp,0.004025,1,0.883,4
2022-12-30 09:35:00,LONG,9.11,9.09,sl,-0.004,0,0.7543,4
2022-12-30 09:50:00,LONG,9.12,9.17,tp,0.004,1,0.6567,4
2022-12-30 10:05:00,SHORT,9.17,9.12,tp,0.004025,1,0.7055,4
2022-12-30 10:40:00,SHORT,9.16,9.11,tp,0.004025,1,0.7744,4
2022-12-30 10:55:00,LONG,9.09,9.14,tp,0.004,1,0.7242,4
2022-12-30 11:35:00,SHORT,9.18,9.13,tp,0.004025,1,0.8188,4
2022-12-30 12:10:00,SHORT,9.18,9.2,sl,-0.003991,0,0.8399,4
2022-12-30 12:30:00,SHORT,9.6,9.55,tp,0.004025,1,0.8134,4
2022-12-30 12:35:00,SHORT,9.49,9.51,sl,-0.003991,0,0.7155,4
2022-12-30 12:45:00,SHORT,9.51,9.53,sl,-0.003991,0,0.7886,4
2022-12-30 13:00:00,LONG,9.53,9.58,tp,0.004,1,0.7397,4
2022-12-30 13:10:00,SHORT,9.61,9.63,sl,-0.003991,0,0.6894,4
2022-12-30 13:25:00,SHORT,9.61,9.56,tp,0.004025,1,0.6654,4
2022-12-30 14:05:00,SHORT,9.63,9.65,sl,-0.003991,0,0.7484,4
2022-12-30 14:30:00,SHORT,9.65,9.6,tp,0.004025,1,0.6793,4
2022-12-30 14:45:00,SHORT,9.45,9.4,tp,0.004025,1,0.7828,4
2022-12-30 15:15:00,SHORT,9.62,9.64,sl,-0.003991,0,0.7949,4
2022-12-30 16:00:00,SHORT,9.57,9.52,tp,0.004025,1,0.6935,4
2022-12-30 16:10:00,LONG,9.52,9.57,tp,0.004,1,0.7879,4
2022-12-30 16:55:00,SHORT,9.61,9.63,sl,-0.003991,0,0.6845,4
2022-12-30 17:25:00,SHORT,9.73,9.75,sl,-0.003991,0,0.6846,4
2022-12-30 17:40:00,SHORT,9.94,9.89,tp,0.004025,1,0.9399,4
2022-12-30 18:15:00,LONG,9.78,9.83,tp,0.004,1,0.8077,4
2022-12-30 18:35:00,SHORT,9.86,9.88,sl,-0.003991,0,0.7523,4
2022-12-30 19:25:00,SHORT,9.83,9.85,sl,-0.003991,0,0.8013,4
2022-12-30 19:50:00,SHORT,9.92,9.87,tp,0.004025,1,0.8352,4
2022-12-30 20:15:00,SHORT,10.01,10.05,sl,-0.003991,0,0.7398,4
2022-12-30 20:45:00,LONG,9.84,9.89,tp,0.004,1,0.8138,4
2022-12-30 21:00:00,SHORT,9.92,9.94,sl,-0.003991,0,0.7448,4
2022-12-30 21:30:00,LONG,9.87,9.85,sl,-0.004,0,0.724,4
2022-12-30 21:45:00,SHORT,9.89,9.84,tp,0.004025,1,0.8056,4
2022-12-30 21:55:00,SHORT,9.83,9.78,tp,0.004025,1,0.6605,4
2022-12-30 23:00:00,SHORT,9.85,9.87,sl,-0.003991,0,0.7648,4
2022-12-30 23:25:00,SHORT,9.88,9.9,sl,-0.003991,0,0.7798,4
2022-12-31 00:05:00,SHORT,9.89,9.84,tp,0.004025,1,0.6808,4
2022-12-31 00:15:00,LONG,9.81,9.86,tp,0.004,1,0.7453,4
2022-12-31 00:35:00,SHORT,9.92,9.94,sl,-0.003991,0,0.7911,4
2022-12-31 00:50:00,SHORT,9.96,9.91,tp,0.004025,1,0.8046,4
2022-12-31 01:15:00,SHORT,10.0,9.95,tp,0.004025,1,0.7736,4
2022-12-31 02:55:00,SHORT,9.84,9.86,sl,-0.003991,0,0.6598,4
2022-12-31 04:35:00,SHORT,9.73,9.68,tp,0.004025,1,0.6505,4
2022-12-31 05:30:00,LONG,9.72,9.77,tp,0.004,1,0.6957,4
2022-12-31 07:05:00,SHORT,9.84,9.86,sl,-0.003991,0,0.7244,4
2022-12-31 07:35:00,SHORT,9.85,9.8,tp,0.004025,1,0.709,4
2022-12-31 08:45:00,SHORT,9.82,9.77,tp,0.004025,1,0.673,4
2022-12-31 14:15:00,LONG,9.98,10.03,tp,0.004,1,0.7168,4
2022-12-31 14:20:00,LONG,10.06,10.11,tp,0.004,1,0.6788,4
2022-12-31 14:25:00,SHORT,10.1,10.14,sl,-0.003991,0,0.7002,4
2022-12-31 15:15:00,SHORT,10.1,10.14,sl,-0.003991,0,0.7466,4
2022-12-31 17:25:00,SHORT,10.0,9.95,tp,0.004025,1,0.6923,4
2022-12-31 19:45:00,SHORT,10.12,10.07,tp,0.004025,1,0.6887,4
2022-12-31 21:10:00,SHORT,10.1,10.05,tp,0.004025,1,0.7215,4
2022-12-31 22:20:00,LONG,9.97,10.02,tp,0.004,1,0.6968,4
2022-12-31 22:40:00,SHORT,9.97,9.92,tp,0.004025,1,0.7585,4
2022-12-31 22:45:00,SHORT,9.9,9.92,sl,-0.003991,0,0.6504,4
