entry_time,direction,entry,exit,exit_type,pnl_pct,win,prob,fold
2022-04-01 02:40:00,SHORT,3244.07,3227.85,tp,0.004025,1,0.7071,2
2022-04-01 03:05:00,SHORT,3230.21,3239.9,sl,-0.003991,0,0.6854,2
2022-04-01 14:10:00,SHORT,3384.31,3394.46,sl,-0.003991,0,0.658,2
2022-04-01 15:15:00,SHORT,3442.57,3425.36,tp,0.004025,1,0.6793,2
2022-04-01 15:40:00,SHORT,3438.54,3421.35,tp,0.004025,1,0.6754,2
2022-04-01 16:45:00,SHORT,3426.02,3408.89,tp,0.004025,1,0.6722,2
2022-04-02 01:50:00,SHORT,3483.05,3493.5,sl,-0.003991,0,0.6709,2
2022-04-04 21:00:00,SHORT,3517.89,3500.3,tp,0.004025,1,0.6797,2
2022-04-04 23:30:00,SHORT,3536.53,3518.85,tp,0.004025,1,0.6549,2
2022-04-06 00:30:00,SHORT,3310.17,3320.1,sl,-0.003991,0,0.7197,2
2022-04-06 11:45:00,SHORT,3315.66,3299.08,tp,0.004025,1,0.6624,2
2022-04-06 14:30:00,SHORT,3267.35,3251.01,tp,0.004025,1,0.7237,2
2022-04-06 15:45:00,SHORT,3260.16,3243.86,tp,0.004025,1,0.7168,2
2022-04-06 18:00:00,SHORT,3245.57,3229.34,tp,0.004025,1,0.666,2
2022-04-07 01:10:00,SHORT,3172.61,3182.13,sl,-0.003991,0,0.6645,2
2022-04-07 01:35:00,SHORT,3187.2,3196.76,sl,-0.003991,0,0.6679,2
2022-04-07 02:00:00,SHORT,3191.62,3175.67,tp,0.004025,1,0.6583,2
2022-04-07 15:00:00,SHORT,3191.72,3175.76,tp,0.004025,1,0.7298,2
2022-04-07 16:10:00,SHORT,3214.04,3197.97,tp,0.004025,1,0.7152,2
2022-04-07 16:30:00,SHORT,3213.44,3197.38,tp,0.004025,1,0.6703,2
2022-04-08 00:10:00,SHORT,3242.68,3226.46,tp,0.004025,1,0.6758,2
2022-04-08 15:30:00,SHORT,3290.02,3273.57,tp,0.004025,1,0.6608,2
2022-04-11 10:15:00,SHORT,3077.53,3062.14,tp,0.004025,1,0.6942,2
2022-04-11 14:30:00,SHORT,3030.54,3039.64,sl,-0.003991,0,0.6525,2
2022-04-11 21:50:00,SHORT,2977.22,2962.33,tp,0.004025,1,0.6581,2
2022-04-12 00:00:00,SHORT,2988.15,2973.2,tp,0.004025,1,0.7444,2
2022-04-13 00:10:00,SHORT,3039.29,3024.09,tp,0.004025,1,0.7213,2
2022-04-13 15:30:00,SHORT,3111.73,3096.17,tp,0.004025,1,0.6713,2
2022-04-18 17:10:00,SHORT,2958.51,2967.39,sl,-0.003991,0,0.6585,2
2022-04-21 16:15:00,SHORT,3101.12,3085.61,tp,0.004025,1,0.6579,2
2022-04-21 20:20:00,SHORT,3022.79,3007.67,tp,0.004025,1,0.6616,2
2022-04-22 14:45:00,SHORT,2976.89,2985.82,sl,-0.003991,0,0.7088,2
2022-04-22 15:05:00,SHORT,2982.37,2967.46,tp,0.004025,1,0.6881,2
2022-04-22 16:20:00,SHORT,2961.77,2946.96,tp,0.004025,1,0.6695,2
2022-04-26 15:10:00,SHORT,2902.63,2888.11,tp,0.004025,1,0.6805,2
2022-04-26 20:10:00,LONG,2803.52,2817.54,tp,0.004,1,0.6533,2
2022-04-26 20:35:00,SHORT,2829.52,2838.01,sl,-0.003991,0,0.6557,2
2022-04-27 14:45:00,SHORT,2859.09,2844.79,tp,0.004025,1,0.6988,2
2022-04-27 14:55:00,LONG,2844.13,2835.6,sl,-0.004,0,0.6731,2
2022-04-28 14:20:00,SHORT,2868.59,2877.2,sl,-0.003991,0,0.6776,2
2022-04-28 15:50:00,SHORT,2890.54,2876.09,tp,0.004025,1,0.6639,2
2022-04-28 17:25:00,SHORT,2950.11,2958.96,sl,-0.003991,0,0.6611,2
2022-04-29 17:00:00,SHORT,2824.95,2833.42,sl,-0.003991,0,0.7026,2
2022-04-29 19:40:00,SHORT,2790.76,2776.81,tp,0.004025,1,0.6622,2
2022-05-01 22:10:00,SHORT,2822.01,2807.9,tp,0.004025,1,0.6522,2
2022-05-02 14:30:00,SHORT,2845.27,2831.04,tp,0.004025,1,0.696,2
2022-05-05 15:35:00,SHORT,2767.63,2753.79,tp,0.004025,1,0.6783,2
2022-05-05 16:00:00,SHORT,2751.62,2737.87,tp,0.004025,1,0.7591,2
2022-05-05 17:05:00,SHORT,2768.22,2754.37,tp,0.004025,1,0.7534,2
2022-05-05 17:35:00,SHORT,2753.21,2739.45,tp,0.004025,1,0.6509,2
2022-05-05 21:00:00,SHORT,2753.37,2739.61,tp,0.004025,1,0.6589,2
2022-05-06 11:35:00,SHORT,2677.55,2685.58,sl,-0.003991,0,0.7044,2
2022-05-06 12:35:00,SHORT,2713.86,2700.29,tp,0.004025,1,0.7021,2
2022-05-06 14:15:00,SHORT,2693.79,2680.32,tp,0.004025,1,0.7041,2
2022-05-06 15:20:00,SHORT,2724.15,2710.53,tp,0.004025,1,0.7472,2
2022-05-06 16:05:00,SHORT,2702.11,2688.6,tp,0.004025,1,0.6797,2
2022-05-06 16:55:00,SHORT,2709.45,2695.91,tp,0.004025,1,0.6865,2
2022-05-07 22:30:00,SHORT,2622.56,2609.45,tp,0.004025,1,0.651,2
2022-05-08 03:15:00,SHORT,2537.66,2524.97,tp,0.004025,1,0.6921,2
2022-05-08 04:05:00,SHORT,2552.93,2540.17,tp,0.004025,1,0.6562,2
2022-05-08 17:10:00,SHORT,2520.04,2527.6,sl,-0.003991,0,0.6733,2
2022-05-09 04:15:00,SHORT,2476.55,2464.17,tp,0.004025,1,0.6966,2
2022-05-09 11:55:00,SHORT,2404.83,2392.8,tp,0.004025,1,0.668,2
2022-05-09 12:40:00,SHORT,2410.59,2398.54,tp,0.004025,1,0.6712,2
2022-05-09 13:35:00,SHORT,2434.11,2421.94,tp,0.004025,1,0.6798,2
2022-05-09 13:45:00,LONG,2408.2,2420.24,tp,0.004,1,0.6979,2
2022-05-09 14:35:00,LONG,2376.64,2388.52,tp,0.004,1,0.7108,2
2022-05-09 14:45:00,SHORT,2401.48,2389.47,tp,0.004025,1,0.7124,2
2022-05-09 14:55:00,LONG,2385.77,2397.7,tp,0.004,1,0.6971,2
2022-05-09 16:15:00,SHORT,2394.08,2382.11,tp,0.004025,1,0.6916,2
2022-05-09 17:40:00,SHORT,2345.63,2333.9,tp,0.004025,1,0.7298,2
2022-05-09 19:05:00,LONG,2272.19,2283.55,tp,0.004,1,0.6944,2
2022-05-09 20:10:00,SHORT,2330.06,2318.41,tp,0.004025,1,0.7628,2
2022-05-09 20:50:00,SHORT,2309.31,2297.77,tp,0.004025,1,0.728,2
2022-05-09 21:05:00,SHORT,2318.26,2306.67,tp,0.004025,1,0.7428,2
2022-05-09 22:25:00,LONG,2290.9,2302.36,tp,0.004,1,0.665,2
2022-05-09 22:45:00,SHORT,2309.43,2297.89,tp,0.004025,1,0.7526,2
2022-05-09 22:55:00,LONG,2294.52,2305.99,tp,0.004,1,0.6658,2
2022-05-09 23:05:00,SHORT,2306.13,2294.6,tp,0.004025,1,0.7571,2
2022-05-10 00:00:00,SHORT,2235.42,2224.24,tp,0.004025,1,0.7365,2
2022-05-10 01:05:00,SHORT,2327.21,2315.57,tp,0.004025,1,0.7773,2
2022-05-10 01:15:00,LONG,2305.02,2316.55,tp,0.004,1,0.6897,2
2022-05-10 01:25:00,SHORT,2332.56,2320.9,tp,0.004025,1,0.7297,2
2022-05-10 01:50:00,SHORT,2321.1,2309.49,tp,0.004025,1,0.7343,2
2022-05-10 02:25:00,SHORT,2343.03,2331.31,tp,0.004025,1,0.7621,2
2022-05-10 03:05:00,SHORT,2333.09,2321.43,tp,0.004025,1,0.7517,2
2022-05-10 05:05:00,SHORT,2372.49,2360.63,tp,0.004025,1,0.7265,2
2022-05-10 05:45:00,SHORT,2407.16,2395.12,tp,0.004025,1,0.6893,2
2022-05-10 06:05:00,LONG,2396.22,2408.2,tp,0.004,1,0.6637,2
2022-05-10 07:30:00,LONG,2388.67,2381.51,sl,-0.004,0,0.6771,2
2022-05-10 08:50:00,LONG,2383.24,2395.16,tp,0.004,1,0.6502,2
2022-05-10 10:00:00,LONG,2372.72,2384.58,tp,0.004,1,0.6663,2
2022-05-10 11:40:00,SHORT,2404.69,2392.66,tp,0.004025,1,0.7127,2
2022-05-10 13:00:00,SHORT,2453.22,2440.96,tp,0.004025,1,0.6999,2
2022-05-10 15:35:00,SHORT,2372.14,2360.28,tp,0.004025,1,0.7088,2
2022-05-10 16:30:00,LONG,2332.72,2344.38,tp,0.004,1,0.709,2
2022-05-10 16:45:00,SHORT,2354.45,2342.68,tp,0.004025,1,0.6998,2
2022-05-10 17:05:00,SHORT,2361.39,2368.47,sl,-0.003991,0,0.704,2
2022-05-10 17:40:00,SHORT,2403.8,2391.78,tp,0.004025,1,0.7525,2
2022-05-10 18:40:00,SHORT,2389.84,2377.9,tp,0.004025,1,0.6861,2
2022-05-10 19:40:00,LONG,2341.28,2352.99,tp,0.004,1,0.6794,2
2022-05-10 21:00:00,SHORT,2327.93,2334.91,sl,-0.003991,0,0.6839,2
2022-05-10 22:35:00,LONG,2289.03,2300.48,tp,0.004,1,0.6812,2
2022-05-11 00:00:00,SHORT,2341.18,2348.2,sl,-0.003991,0,0.7439,2
2022-05-11 00:25:00,SHORT,2376.03,2364.15,tp,0.004025,1,0.7077,2
2022-05-11 01:30:00,SHORT,2351.47,2339.72,tp,0.004025,1,0.7737,2
2022-05-11 02:25:00,SHORT,2379.64,2367.74,tp,0.004025,1,0.7385,2
2022-05-11 03:00:00,SHORT,2382.81,2389.96,sl,-0.003991,0,0.7216,2
2022-05-11 04:05:00,SHORT,2368.63,2356.78,tp,0.004025,1,0.6669,2
2022-05-11 05:10:00,SHORT,2385.1,2392.25,sl,-0.003991,0,0.6834,2
2022-05-11 07:05:00,LONG,2285.51,2296.94,tp,0.004,1,0.6858,2
2022-05-11 07:15:00,SHORT,2324.67,2313.04,tp,0.004025,1,0.7173,2
2022-05-11 07:35:00,LONG,2276.51,2287.89,tp,0.004,1,0.7052,2
2022-05-11 08:20:00,SHORT,2345.36,2333.63,tp,0.004025,1,0.736,2
2022-05-11 09:35:00,SHORT,2426.83,2434.11,sl,-0.003991,0,0.7538,2
2022-05-11 10:10:00,SHORT,2438.29,2426.1,tp,0.004025,1,0.7142,2
2022-05-11 10:30:00,SHORT,2431.04,2438.34,sl,-0.003991,0,0.7282,2
2022-05-11 10:50:00,SHORT,2448.53,2436.28,tp,0.004025,1,0.7705,2
2022-05-11 11:10:00,SHORT,2439.05,2426.85,tp,0.004025,1,0.7715,2
2022-05-11 11:35:00,SHORT,2425.72,2413.59,tp,0.004025,1,0.7337,2
2022-05-11 12:05:00,SHORT,2419.11,2407.01,tp,0.004025,1,0.7361,2
2022-05-11 12:25:00,SHORT,2409.29,2397.25,tp,0.004025,1,0.6854,2
2022-05-11 12:40:00,SHORT,2272.81,2261.45,tp,0.004025,1,0.6517,2
2022-05-11 13:05:00,SHORT,2190.64,2179.69,tp,0.004025,1,0.6802,2
2022-05-11 13:20:00,SHORT,2229.5,2236.19,sl,-0.003991,0,0.726,2
2022-05-11 13:50:00,SHORT,2347.85,2336.11,tp,0.004025,1,0.6516,2
2022-05-11 14:10:00,LONG,2312.62,2324.18,tp,0.004,1,0.6743,2
2022-05-11 15:15:00,LONG,2290.35,2301.81,tp,0.004,1,0.7068,2
2022-05-11 15:35:00,SHORT,2306.18,2313.09,sl,-0.003991,0,0.7552,2
2022-05-11 16:30:00,LONG,2234.07,2245.24,tp,0.004,1,0.6748,2
2022-05-11 17:10:00,SHORT,2207.62,2214.24,sl,-0.003991,0,0.6684,2
2022-05-11 17:50:00,SHORT,2185.59,2174.66,tp,0.004025,1,0.7006,2
2022-05-11 18:25:00,SHORT,2202.67,2191.65,tp,0.004025,1,0.7261,2
2022-05-11 18:40:00,SHORT,2208.05,2197.01,tp,0.004025,1,0.7665,2
2022-05-11 19:00:00,LONG,2173.3,2184.16,tp,0.004,1,0.6836,2
2022-05-11 20:00:00,SHORT,2123.77,2113.15,tp,0.004025,1,0.7035,2
2022-05-11 20:55:00,LONG,2043.86,2054.08,tp,0.004,1,0.7143,2
2022-05-11 21:15:00,SHORT,2073.01,2062.65,tp,0.004025,1,0.6869,2
2022-05-11 21:25:00,LONG,2032.02,2042.18,tp,0.004,1,0.71,2
2022-05-11 21:50:00,SHORT,2087.34,2076.9,tp,0.004025,1,0.73,2
2022-05-11 22:45:00,LONG,2051.12,2061.37,tp,0.004,1,0.7105,2
2022-05-11 23:05:00,SHORT,2096.95,2086.47,tp,0.004025,1,0.7645,2
2022-05-11 23:15:00,LONG,2066.59,2060.39,sl,-0.004,0,0.6921,2
2022-05-12 00:40:00,SHORT,2177.9,2167.01,tp,0.004025,1,0.7661,2
2022-05-12 01:45:00,SHORT,2138.8,2128.11,tp,0.004025,1,0.7782,2
2022-05-12 04:30:00,SHORT,1919.87,1925.63,sl,-0.003991,0,0.6773,2
2022-05-12 05:30:00,SHORT,1890.63,1881.18,tp,0.004025,1,0.7465,2
2022-05-12 06:05:00,SHORT,1856.02,1846.74,tp,0.004025,1,0.7664,2
2022-05-12 06:30:00,SHORT,1906.23,1896.7,tp,0.004025,1,0.7669,2
2022-05-12 07:25:00,SHORT,1914.47,1904.9,tp,0.004025,1,0.7501,2
2022-05-12 07:50:00,SHORT,1942.08,1932.37,tp,0.004025,1,0.7739,2
2022-05-12 08:05:00,LONG,1907.93,1917.47,tp,0.004,1,0.6988,2
2022-05-12 09:00:00,SHORT,1917.87,1908.28,tp,0.004025,1,0.7443,2
2022-05-12 09:20:00,SHORT,1932.62,1938.42,sl,-0.003991,0,0.7343,2
2022-05-12 10:05:00,SHORT,1921.81,1912.2,tp,0.004025,1,0.7291,2
2022-05-12 10:10:00,LONG,1907.02,1916.56,tp,0.004,1,0.6779,2
2022-05-12 10:50:00,SHORT,1983.31,1973.39,tp,0.004025,1,0.7451,2
2022-05-12 11:20:00,SHORT,2016.15,2006.07,tp,0.004025,1,0.7745,2
2022-05-12 11:45:00,LONG,1941.86,1951.57,tp,0.004,1,0.6955,2
2022-05-12 12:15:00,SHORT,1945.2,1935.47,tp,0.004025,1,0.725,2
2022-05-12 12:25:00,LONG,1924.72,1934.35,tp,0.004,1,0.7101,2
2022-05-12 13:45:00,SHORT,1930.07,1920.42,tp,0.004025,1,0.731,2
2022-05-12 14:00:00,LONG,1907.83,1917.37,tp,0.004,1,0.6954,2
2022-05-12 16:05:00,SHORT,2002.35,1992.34,tp,0.004025,1,0.7776,2
2022-05-12 16:30:00,SHORT,2027.65,2017.51,tp,0.004025,1,0.7186,2
2022-05-12 16:55:00,SHORT,2025.3,2031.37,sl,-0.003991,0,0.7322,2
2022-05-12 17:55:00,LONG,1935.79,1945.47,tp,0.004,1,0.7205,2
2022-05-12 20:10:00,LONG,1930.63,1940.29,tp,0.004,1,0.6723,2
2022-05-12 21:35:00,LONG,1875.97,1885.35,tp,0.004,1,0.6671,2
2022-05-12 21:55:00,SHORT,1913.48,1919.22,sl,-0.003991,0,0.7064,2
2022-05-12 22:10:00,SHORT,1924.01,1929.78,sl,-0.003991,0,0.7143,2
2022-05-12 23:10:00,SHORT,1947.68,1953.52,sl,-0.003991,0,0.7045,2
2022-05-12 23:45:00,SHORT,1975.63,1965.75,tp,0.004025,1,0.7574,2
2022-05-13 01:05:00,SHORT,2036.67,2026.49,tp,0.004025,1,0.7512,2
2022-05-13 05:20:00,SHORT,2126.55,2115.91,tp,0.004025,1,0.7006,2
2022-05-13 05:30:00,LONG,2116.71,2127.29,tp,0.004,1,0.681,2
2022-05-13 05:45:00,SHORT,2142.02,2131.31,tp,0.004025,1,0.7375,2
2022-05-13 06:05:00,SHORT,2118.87,2108.28,tp,0.004025,1,0.7193,2
2022-05-13 06:20:00,LONG,2099.14,2109.63,tp,0.004,1,0.6605,2
2022-05-13 06:35:00,SHORT,2107.94,2097.4,tp,0.004025,1,0.7394,2
2022-05-13 07:05:00,LONG,2085.65,2096.08,tp,0.004,1,0.6505,2
2022-05-13 07:35:00,SHORT,2086.58,2076.14,tp,0.004025,1,0.7182,2
2022-05-13 07:55:00,LONG,2049.18,2059.43,tp,0.004,1,0.6609,2
2022-05-13 10:20:00,SHORT,2067.31,2073.51,sl,-0.003991,0,0.7064,2
2022-05-13 11:00:00,SHORT,2100.27,2106.57,sl,-0.003991,0,0.6786,2
2022-05-13 11:55:00,SHORT,2113.93,2103.36,tp,0.004025,1,0.7292,2
2022-05-13 12:30:00,SHORT,2127.91,2117.27,tp,0.004025,1,0.7023,2
2022-05-13 13:00:00,SHORT,2123.7,2113.08,tp,0.004025,1,0.7254,2
2022-05-13 14:00:00,SHORT,2131.15,2137.55,sl,-0.003991,0,0.7094,2
2022-05-13 14:15:00,LONG,2114.06,2124.63,tp,0.004,1,0.6808,2
2022-05-13 14:35:00,SHORT,2139.23,2145.65,sl,-0.003991,0,0.658,2
2022-05-13 16:05:00,SHORT,2103.66,2093.14,tp,0.004025,1,0.674,2
2022-05-13 17:10:00,SHORT,2089.51,2079.07,tp,0.004025,1,0.728,2
2022-05-13 18:10:00,SHORT,2054.82,2060.99,sl,-0.003991,0,0.6999,2
2022-05-13 18:25:00,LONG,2044.03,2054.25,tp,0.004,1,0.6908,2
2022-05-13 18:30:00,SHORT,2061.4,2067.58,sl,-0.003991,0,0.719,2
2022-05-13 18:50:00,SHORT,2072.49,2078.71,sl,-0.003991,0,0.7173,2
2022-05-13 19:20:00,SHORT,2073.17,2062.81,tp,0.004025,1,0.6784,2
2022-05-13 19:35:00,LONG,2066.58,2060.38,sl,-0.004,0,0.6632,2
2022-05-13 20:30:00,SHORT,2069.01,2058.67,tp,0.004025,1,0.6814,2
2022-05-14 09:55:00,SHORT,2027.74,2017.6,tp,0.004025,1,0.6786,2
2022-05-14 11:40:00,LONG,1974.43,1984.3,tp,0.004,1,0.6657,2
2022-05-14 11:55:00,SHORT,1984.63,1974.7,tp,0.004025,1,0.693,2
2022-05-14 12:15:00,LONG,1975.71,1985.59,tp,0.004,1,0.6515,2
2022-05-14 15:10:00,SHORT,1980.83,1970.92,tp,0.004025,1,0.6851,2
2022-05-14 17:25:00,SHORT,2013.67,2003.6,tp,0.004025,1,0.6865,2
2022-05-14 19:05:00,SHORT,2015.03,2004.96,tp,0.004025,1,0.6639,2
2022-05-14 21:05:00,SHORT,2000.9,2006.9,sl,-0.003991,0,0.6779,2
2022-05-14 22:55:00,SHORT,2054.81,2060.98,sl,-0.003991,0,0.662,2
2022-05-15 00:20:00,SHORT,2072.7,2062.34,tp,0.004025,1,0.7131,2
2022-05-15 16:00:00,SHORT,2065.66,2071.85,sl,-0.003991,0,0.6679,2
2022-05-16 06:40:00,SHORT,2023.5,2013.38,tp,0.004025,1,0.7133,2
2022-05-16 06:50:00,LONG,2006.43,2000.41,sl,-0.004,0,0.6536,2
2022-05-16 08:15:00,SHORT,2024.68,2014.55,tp,0.004025,1,0.6926,2
2022-05-16 08:40:00,SHORT,2028.15,2018.0,tp,0.004025,1,0.727,2
2022-05-16 09:30:00,SHORT,2011.37,2017.41,sl,-0.003991,0,0.6532,2
2022-05-16 12:30:00,SHORT,2052.79,2042.53,tp,0.004025,1,0.7084,2
2022-05-16 13:00:00,SHORT,2042.47,2032.26,tp,0.004025,1,0.7183,2
2022-05-16 15:15:00,SHORT,2017.67,2007.58,tp,0.004025,1,0.6824,2
2022-05-16 21:40:00,SHORT,2048.2,2037.95,tp,0.004025,1,0.6512,2
2022-05-17 15:05:00,SHORT,2057.8,2047.51,tp,0.004025,1,0.662,2
2022-05-17 19:05:00,SHORT,2047.39,2053.53,sl,-0.003991,0,0.6713,2
2022-05-18 00:30:00,SHORT,2106.12,2095.59,tp,0.004025,1,0.6737,2
2022-05-18 13:15:00,SHORT,1999.78,1989.78,tp,0.004025,1,0.7004,2
2022-05-18 13:50:00,SHORT,1992.0,1997.98,sl,-0.003991,0,0.6806,2
2022-05-18 14:15:00,SHORT,1996.03,1986.05,tp,0.004025,1,0.6725,2
2022-05-18 15:35:00,SHORT,1956.2,1946.42,tp,0.004025,1,0.6564,2
2022-05-18 16:15:00,SHORT,1959.03,1949.23,tp,0.004025,1,0.6549,2
2022-05-18 17:35:00,SHORT,1974.19,1964.32,tp,0.004025,1,0.688,2
2022-05-19 00:15:00,SHORT,1931.73,1937.53,sl,-0.003991,0,0.6819,2
2022-05-19 01:15:00,SHORT,1943.05,1933.33,tp,0.004025,1,0.6625,2
2022-05-19 03:05:00,SHORT,1960.67,1950.87,tp,0.004025,1,0.6657,2
2022-05-19 03:45:00,SHORT,1959.64,1965.52,sl,-0.003991,0,0.6539,2
2022-05-19 11:20:00,SHORT,1948.83,1954.67,sl,-0.003991,0,0.6695,2
2022-05-19 11:55:00,SHORT,1964.56,1954.73,tp,0.004025,1,0.6552,2
2022-05-19 14:00:00,SHORT,1969.7,1975.61,sl,-0.003991,0,0.6885,2
2022-05-19 14:20:00,SHORT,1984.13,1974.21,tp,0.004025,1,0.6933,2
2022-05-19 14:45:00,LONG,1970.29,1980.15,tp,0.004,1,0.651,2
2022-05-19 15:45:00,SHORT,2038.5,2028.31,tp,0.004025,1,0.6948,2
2022-05-20 15:30:00,SHORT,1965.35,1955.52,tp,0.004025,1,0.6743,2
2022-05-20 16:15:00,LONG,1935.09,1929.28,sl,-0.004,0,0.6677,2
2022-05-20 18:50:00,SHORT,1945.34,1951.17,sl,-0.003991,0,0.6825,2
2022-05-20 20:15:00,SHORT,1973.4,1963.54,tp,0.004025,1,0.6921,2
2022-05-23 00:15:00,SHORT,2052.36,2042.1,tp,0.004025,1,0.6909,2
2022-05-23 14:30:00,SHORT,2061.82,2068.0,sl,-0.003991,0,0.6611,2
2022-05-23 20:15:00,SHORT,1995.56,2001.55,sl,-0.003991,0,0.7061,2
2022-05-24 00:35:00,SHORT,1985.87,1975.94,tp,0.004025,1,0.6534,2
2022-05-24 14:30:00,SHORT,1932.66,1938.46,sl,-0.003991,0,0.6842,2
2022-05-24 15:45:00,SHORT,1968.62,1958.77,tp,0.004025,1,0.6623,2
2022-05-24 16:45:00,SHORT,1957.4,1947.61,tp,0.004025,1,0.6579,2
2022-05-25 13:35:00,SHORT,1977.02,1967.14,tp,0.004025,1,0.6562,2
2022-05-25 19:00:00,SHORT,1978.13,1968.24,tp,0.004025,1,0.6654,2
2022-05-26 08:30:00,LONG,1827.49,1836.63,tp,0.004,1,0.6565,2
2022-05-26 09:00:00,LONG,1826.48,1835.62,tp,0.004,1,0.6567,2
2022-05-26 09:15:00,SHORT,1831.09,1836.59,sl,-0.003991,0,0.6792,2
2022-05-26 10:10:00,SHORT,1842.77,1833.55,tp,0.004025,1,0.6895,2
2022-05-26 11:45:00,SHORT,1816.75,1822.2,sl,-0.003991,0,0.6813,2
2022-05-26 12:10:00,SHORT,1829.16,1820.02,tp,0.004025,1,0.6584,2
2022-05-26 13:45:00,SHORT,1817.0,1807.92,tp,0.004025,1,0.7551,2
2022-05-26 19:35:00,LONG,1830.76,1825.27,sl,-0.004,0,0.6835,2
2022-05-26 21:05:00,SHORT,1845.82,1836.59,tp,0.004025,1,0.6657,2
2022-05-27 02:20:00,SHORT,1765.25,1756.42,tp,0.004025,1,0.7143,2
2022-05-27 02:45:00,LONG,1742.76,1751.47,tp,0.004,1,0.6607,2
2022-05-27 03:30:00,SHORT,1774.11,1765.24,tp,0.004025,1,0.7613,2
2022-05-27 05:00:00,LONG,1742.02,1750.73,tp,0.004,1,0.6577,2
2022-05-27 06:05:00,LONG,1730.01,1738.66,tp,0.004,1,0.6528,2
2022-05-27 06:10:00,SHORT,1744.62,1735.89,tp,0.004025,1,0.706,2
2022-05-27 06:35:00,SHORT,1761.13,1766.41,sl,-0.003991,0,0.7022,2
2022-05-27 06:55:00,SHORT,1769.82,1775.13,sl,-0.003991,0,0.7226,2
2022-05-27 07:25:00,SHORT,1791.49,1782.54,tp,0.004025,1,0.7221,2
2022-05-27 08:15:00,SHORT,1783.18,1774.26,tp,0.004025,1,0.6625,2
2022-05-27 09:55:00,SHORT,1784.12,1775.2,tp,0.004025,1,0.651,2
2022-05-27 10:15:00,SHORT,1784.31,1775.39,tp,0.004025,1,0.6837,2
2022-05-27 12:45:00,SHORT,1820.27,1811.17,tp,0.004025,1,0.7272,2
2022-05-27 15:05:00,LONG,1761.99,1770.8,tp,0.004,1,0.6516,2
2022-05-27 15:15:00,SHORT,1771.25,1776.57,sl,-0.003991,0,0.6904,2
2022-05-27 16:10:00,SHORT,1767.14,1758.3,tp,0.004025,1,0.6817,2
2022-05-27 16:50:00,LONG,1744.05,1752.77,tp,0.004,1,0.6694,2
2022-05-27 17:20:00,LONG,1732.62,1741.28,tp,0.004,1,0.6578,2
2022-05-27 18:35:00,SHORT,1729.14,1720.49,tp,0.004025,1,0.6648,2
2022-05-27 20:05:00,SHORT,1768.84,1759.99,tp,0.004025,1,0.6985,2
2022-05-27 21:05:00,SHORT,1748.71,1739.96,tp,0.004025,1,0.6861,2
2022-05-27 21:40:00,SHORT,1751.39,1742.64,tp,0.004025,1,0.6638,2
2022-05-28 00:15:00,SHORT,1741.68,1732.97,tp,0.004025,1,0.6591,2
2022-05-28 03:55:00,SHORT,1764.2,1755.38,tp,0.004025,1,0.6584,2
2022-05-28 04:50:00,SHORT,1765.89,1757.06,tp,0.004025,1,0.6679,2
2022-05-30 21:20:00,SHORT,1984.02,1974.1,tp,0.004025,1,0.6736,2
2022-05-30 23:10:00,SHORT,2008.37,1998.32,tp,0.004025,1,0.6607,2
2022-06-01 19:15:00,SHORT,1821.75,1827.21,sl,-0.003991,0,0.6537,2
2022-06-01 19:40:00,SHORT,1825.83,1816.7,tp,0.004025,1,0.6847,2
2022-06-01 21:40:00,SHORT,1805.33,1796.3,tp,0.004025,1,0.6541,2
2022-06-01 23:05:00,SHORT,1842.71,1833.49,tp,0.004025,1,0.6892,2
2022-06-02 13:40:00,SHORT,1825.61,1816.48,tp,0.004025,1,0.6882,2
2022-06-02 14:10:00,SHORT,1813.01,1803.95,tp,0.004025,1,0.6731,2
2022-06-02 14:25:00,LONG,1792.37,1801.33,tp,0.004,1,0.6532,2
2022-06-02 14:45:00,SHORT,1801.68,1807.08,sl,-0.003991,0,0.6969,2
2022-06-02 15:20:00,SHORT,1826.16,1817.03,tp,0.004025,1,0.7355,2
2022-06-02 16:40:00,SHORT,1825.59,1831.06,sl,-0.003991,0,0.6752,2
2022-06-02 17:35:00,SHORT,1822.95,1828.42,sl,-0.003991,0,0.6796,2
2022-06-03 11:00:00,SHORT,1761.13,1766.41,sl,-0.003991,0,0.7106,2
2022-06-03 12:30:00,SHORT,1777.82,1768.93,tp,0.004025,1,0.7197,2
2022-06-03 13:15:00,SHORT,1755.4,1760.67,sl,-0.003991,0,0.6867,2
2022-06-03 14:30:00,SHORT,1762.28,1753.47,tp,0.004025,1,0.6967,2
2022-06-03 16:00:00,SHORT,1763.5,1754.68,tp,0.004025,1,0.65,2
2022-06-05 16:40:00,SHORT,1801.46,1806.86,sl,-0.003991,0,0.6742,2
2022-06-07 00:05:00,SHORT,1858.0,1848.71,tp,0.004025,1,0.6592,2
2022-06-07 00:35:00,LONG,1757.96,1766.75,tp,0.004,1,0.6845,2
2022-06-07 01:10:00,SHORT,1769.97,1761.12,tp,0.004025,1,0.7606,2
2022-06-07 01:50:00,LONG,1732.7,1741.36,tp,0.004,1,0.6729,2
2022-06-07 02:05:00,LONG,1730.02,1738.67,tp,0.004,1,0.6847,2
2022-06-07 02:45:00,SHORT,1741.66,1746.88,sl,-0.003991,0,0.6666,2
2022-06-07 14:45:00,SHORT,1792.46,1783.5,tp,0.004025,1,0.7005,2
2022-06-07 19:45:00,SHORT,1868.4,1859.05,tp,0.004025,1,0.6649,2
2022-06-07 23:15:00,LONG,1800.09,1809.09,tp,0.004,1,0.6728,2
2022-06-07 23:20:00,SHORT,1815.72,1806.64,tp,0.004025,1,0.6854,2
2022-06-07 23:50:00,LONG,1816.53,1825.61,tp,0.004,1,0.6777,2
2022-06-08 01:30:00,SHORT,1820.95,1826.41,sl,-0.003991,0,0.7239,2
2022-06-08 02:05:00,SHORT,1831.16,1822.01,tp,0.004025,1,0.7177,2
2022-06-08 02:35:00,SHORT,1833.92,1824.75,tp,0.004025,1,0.7289,2
2022-06-08 03:45:00,SHORT,1791.49,1782.54,tp,0.004025,1,0.7197,2
2022-06-08 05:40:00,SHORT,1811.71,1817.15,sl,-0.003991,0,0.7014,2
2022-06-08 06:00:00,SHORT,1815.06,1805.99,tp,0.004025,1,0.695,2
2022-06-08 14:25:00,LONG,1807.21,1801.79,sl,-0.004,0,0.6558,2
2022-06-08 16:10:00,SHORT,1820.53,1811.43,tp,0.004025,1,0.6647,2
2022-06-08 18:45:00,SHORT,1789.67,1795.04,sl,-0.003991,0,0.6517,2
2022-06-08 20:35:00,SHORT,1804.74,1802.65,timeout,0.000157,1,0.6516,2
2022-06-10 00:45:00,SHORT,1780.72,1771.82,tp,0.004025,1,0.6715,2
2022-06-10 13:10:00,SHORT,1732.16,1723.5,tp,0.004025,1,0.7118,2
2022-06-10 13:30:00,LONG,1713.28,1721.84,tp,0.004,1,0.6724,2
2022-06-10 16:55:00,SHORT,1681.27,1686.31,sl,-0.003991,0,0.7138,2
2022-06-10 17:25:00,SHORT,1690.76,1682.31,tp,0.004025,1,0.6778,2
2022-06-11 09:35:00,SHORT,1611.57,1603.52,tp,0.004025,1,0.7189,2
2022-06-11 11:20:00,LONG,1570.74,1578.6,tp,0.004,1,0.6627,2
2022-06-11 12:00:00,SHORT,1583.85,1575.93,tp,0.004025,1,0.6644,2
2022-06-11 13:15:00,SHORT,1565.96,1558.13,tp,0.004025,1,0.7223,2
2022-06-11 13:30:00,SHORT,1570.85,1575.57,sl,-0.003991,0,0.6704,2
2022-06-11 13:55:00,SHORT,1571.63,1563.78,tp,0.004025,1,0.6902,2
2022-06-11 14:45:00,SHORT,1559.48,1551.68,tp,0.004025,1,0.6683,2
2022-06-11 15:25:00,SHORT,1519.65,1512.05,tp,0.004025,1,0.7009,2
2022-06-11 15:45:00,LONG,1506.76,1514.3,tp,0.004,1,0.6738,2
2022-06-11 16:15:00,LONG,1511.74,1519.29,tp,0.004,1,0.6665,2
2022-06-11 16:45:00,SHORT,1543.69,1535.97,tp,0.004025,1,0.747,2
2022-06-11 17:05:00,SHORT,1537.38,1541.99,sl,-0.003991,0,0.6651,2
2022-06-11 17:35:00,SHORT,1541.57,1533.86,tp,0.004025,1,0.7412,2
2022-06-11 18:35:00,SHORT,1561.25,1553.44,tp,0.004025,1,0.7149,2
2022-06-11 19:10:00,SHORT,1560.98,1553.17,tp,0.004025,1,0.7253,2
2022-06-11 20:30:00,LONG,1533.29,1528.69,sl,-0.004,0,0.6632,2
2022-06-11 22:10:00,SHORT,1544.49,1549.12,sl,-0.003991,0,0.6518,2
2022-06-12 02:00:00,SHORT,1520.39,1512.79,tp,0.004025,1,0.6857,2
2022-06-12 02:40:00,LONG,1462.28,1469.59,tp,0.004,1,0.6652,2
2022-06-12 02:55:00,LONG,1454.02,1461.29,tp,0.004,1,0.6542,2
2022-06-12 03:25:00,LONG,1456.84,1464.12,tp,0.004,1,0.6799,2
2022-06-12 04:00:00,SHORT,1474.21,1466.84,tp,0.004025,1,0.7018,2
2022-06-12 05:55:00,LONG,1431.75,1438.9,tp,0.004,1,0.6806,2
2022-06-12 06:30:00,SHORT,1461.55,1454.24,tp,0.004025,1,0.7098,2
2022-06-12 07:55:00,SHORT,1470.52,1474.94,sl,-0.003991,0,0.6997,2
2022-06-12 11:10:00,SHORT,1460.07,1464.45,sl,-0.003991,0,0.6568,2
2022-06-12 14:00:00,SHORT,1451.24,1443.99,tp,0.004025,1,0.6999,2
2022-06-12 14:15:00,LONG,1432.94,1440.1,tp,0.004,1,0.6691,2
2022-06-12 14:50:00,SHORT,1518.5,1510.91,tp,0.004025,1,0.6999,2
2022-06-12 15:15:00,SHORT,1536.91,1529.23,tp,0.004025,1,0.7291,2
2022-06-12 15:30:00,SHORT,1543.55,1535.83,tp,0.004025,1,0.7235,2
2022-06-12 15:45:00,LONG,1525.85,1521.27,sl,-0.004,0,0.6707,2
2022-06-12 16:15:00,SHORT,1529.94,1522.29,tp,0.004025,1,0.7411,2
2022-06-12 16:35:00,LONG,1510.05,1505.52,sl,-0.004,0,0.6579,2
2022-06-12 17:35:00,SHORT,1522.04,1526.6,sl,-0.003991,0,0.6744,2
2022-06-12 18:15:00,SHORT,1516.2,1508.62,tp,0.004025,1,0.7112,2
2022-06-12 18:30:00,SHORT,1518.0,1510.41,tp,0.004025,1,0.7353,2
2022-06-12 20:00:00,SHORT,1483.44,1487.89,sl,-0.003991,0,0.6851,2
2022-06-12 20:05:00,LONG,1480.29,1487.69,tp,0.004,1,0.6546,2
2022-06-12 22:10:00,SHORT,1469.37,1473.78,sl,-0.003991,0,0.6693,2
2022-06-12 22:40:00,LONG,1461.31,1456.93,sl,-0.004,0,0.6513,2
2022-06-12 23:00:00,LONG,1457.0,1464.28,tp,0.004,1,0.6747,2
2022-06-12 23:10:00,SHORT,1464.51,1457.18,tp,0.004025,1,0.7073,2
2022-06-12 23:20:00,LONG,1458.44,1454.06,sl,-0.004,0,0.6535,2
2022-06-13 01:25:00,LONG,1351.99,1358.75,tp,0.004,1,0.6785,2
2022-06-13 01:40:00,SHORT,1370.03,1363.18,tp,0.004025,1,0.7475,2
2022-06-13 02:25:00,SHORT,1364.63,1357.8,tp,0.004025,1,0.7513,2
2022-06-13 03:10:00,SHORT,1333.67,1327.0,tp,0.004025,1,0.7099,2
2022-06-13 03:40:00,SHORT,1355.86,1359.93,sl,-0.003991,0,0.7414,2
2022-06-13 04:15:00,SHORT,1379.84,1383.98,sl,-0.003991,0,0.7723,2
2022-06-13 04:55:00,LONG,1350.36,1357.12,tp,0.004,1,0.6795,2
2022-06-13 06:15:00,SHORT,1334.65,1327.98,tp,0.004025,1,0.6826,2
2022-06-13 06:30:00,SHORT,1332.83,1326.17,tp,0.004025,1,0.7264,2
2022-06-13 06:45:00,LONG,1311.32,1317.87,tp,0.004,1,0.6932,2
2022-06-13 07:15:00,SHORT,1329.92,1333.91,sl,-0.003991,0,0.6834,2
2022-06-13 08:30:00,SHORT,1270.94,1264.59,tp,0.004025,1,0.7639,2
2022-06-13 09:15:00,SHORT,1253.65,1247.38,tp,0.004025,1,0.733,2
2022-06-13 09:40:00,LONG,1219.58,1225.68,tp,0.004,1,0.666,2
2022-06-13 10:05:00,SHORT,1253.86,1247.59,tp,0.004025,1,0.7608,2
2022-06-13 10:20:00,LONG,1223.92,1230.04,tp,0.004,1,0.6841,2
2022-06-13 10:35:00,SHORT,1240.43,1234.23,tp,0.004025,1,0.743,2
2022-06-13 11:25:00,LONG,1187.28,1193.22,tp,0.004,1,0.6883,2
2022-06-13 11:30:00,SHORT,1200.9,1204.5,sl,-0.003991,0,0.7496,2
2022-06-13 12:30:00,SHORT,1251.13,1244.88,tp,0.004025,1,0.7879,2
2022-06-13 13:00:00,LONG,1214.81,1220.88,tp,0.004,1,0.7046,2
2022-06-13 13:10:00,SHORT,1222.73,1216.61,tp,0.004025,1,0.7376,2
2022-06-13 13:20:00,LONG,1211.75,1217.8,tp,0.004,1,0.6542,2
2022-06-13 13:30:00,SHORT,1240.32,1234.12,tp,0.004025,1,0.7584,2
2022-06-13 14:15:00,LONG,1214.48,1220.55,tp,0.004,1,0.6642,2
2022-06-13 15:00:00,SHORT,1191.56,1185.61,tp,0.004025,1,0.6537,2
2022-06-13 15:05:00,LONG,1192.34,1198.3,tp,0.004,1,0.6682,2
2022-06-13 15:15:00,SHORT,1215.67,1219.32,sl,-0.003991,0,0.7406,2
2022-06-13 16:10:00,SHORT,1259.12,1252.82,tp,0.004025,1,0.7271,2
2022-06-13 16:30:00,SHORT,1262.38,1256.07,tp,0.004025,1,0.7545,2
2022-06-13 17:35:00,LONG,1216.44,1222.52,tp,0.004,1,0.6606,2
2022-06-13 18:30:00,LONG,1242.94,1249.16,tp,0.004,1,0.6604,2
2022-06-13 19:45:00,SHORT,1234.15,1227.98,tp,0.004025,1,0.7262,2
2022-06-13 19:55:00,LONG,1229.3,1235.45,tp,0.004,1,0.6868,2
2022-06-13 21:40:00,LONG,1225.8,1231.93,tp,0.004,1,0.6978,2
2022-06-13 22:00:00,SHORT,1233.62,1227.45,tp,0.004025,1,0.6918,2
2022-06-13 23:20:00,SHORT,1196.32,1190.34,tp,0.004025,1,0.7271,2
2022-06-13 23:30:00,LONG,1178.68,1184.57,tp,0.004,1,0.7021,2
2022-06-14 00:10:00,SHORT,1219.39,1213.29,tp,0.004025,1,0.6739,2
2022-06-14 00:25:00,LONG,1198.87,1204.86,tp,0.004,1,0.6647,2
2022-06-14 00:40:00,SHORT,1202.67,1196.66,tp,0.004025,1,0.7264,2
2022-06-14 01:05:00,LONG,1163.71,1169.53,tp,0.004,1,0.6885,2
2022-06-14 01:10:00,SHORT,1177.41,1171.52,tp,0.004025,1,0.7496,2
2022-06-14 02:15:00,SHORT,1123.33,1117.71,tp,0.004025,1,0.7445,2
2022-06-14 02:25:00,SHORT,1092.74,1096.02,sl,-0.003991,0,0.6674,2
2022-06-14 02:50:00,SHORT,1116.77,1111.19,tp,0.004025,1,0.7243,2
2022-06-14 03:00:00,LONG,1109.24,1114.79,tp,0.004,1,0.6813,2
2022-06-14 03:30:00,SHORT,1173.22,1167.36,tp,0.004025,1,0.7951,2
2022-06-14 04:00:00,SHORT,1190.06,1184.11,tp,0.004025,1,0.78,2
2022-06-14 04:50:00,LONG,1141.13,1146.84,tp,0.004,1,0.678,2
2022-06-14 05:20:00,SHORT,1221.57,1225.23,sl,-0.003991,0,0.7406,2
2022-06-14 05:45:00,SHORT,1230.87,1224.72,tp,0.004025,1,0.7418,2
2022-06-14 07:50:00,SHORT,1243.62,1237.4,tp,0.004025,1,0.7438,2
2022-06-14 08:50:00,LONG,1216.12,1222.2,tp,0.004,1,0.6864,2
2022-06-14 09:20:00,SHORT,1225.04,1218.91,tp,0.004025,1,0.706,2
2022-06-14 09:30:00,LONG,1212.06,1208.42,sl,-0.004,0,0.6858,2
2022-06-14 12:00:00,SHORT,1181.24,1175.33,tp,0.004025,1,0.7255,2
2022-06-14 12:25:00,LONG,1160.84,1166.64,tp,0.004,1,0.7177,2
2022-06-14 12:40:00,SHORT,1205.71,1199.68,tp,0.004025,1,0.7229,2
2022-06-14 13:40:00,LONG,1196.66,1202.64,tp,0.004,1,0.6867,2
2022-06-14 15:00:00,SHORT,1229.44,1223.3,tp,0.004025,1,0.7223,2
2022-06-14 15:15:00,LONG,1222.1,1228.21,tp,0.004,1,0.6959,2
2022-06-14 15:30:00,LONG,1223.41,1229.53,tp,0.004,1,0.6609,2
2022-06-14 15:45:00,SHORT,1244.78,1248.51,sl,-0.003991,0,0.7329,2
2022-06-14 18:35:00,SHORT,1229.38,1223.24,tp,0.004025,1,0.7091,2
2022-06-14 19:20:00,LONG,1195.97,1201.95,tp,0.004,1,0.6951,2
2022-06-14 19:45:00,SHORT,1207.15,1201.11,tp,0.004025,1,0.7043,2
2022-06-14 19:50:00,LONG,1205.89,1202.27,sl,-0.004,0,0.6774,2
2022-06-14 21:00:00,SHORT,1192.6,1186.64,tp,0.004025,1,0.7524,2
2022-06-14 21:20:00,LONG,1163.71,1169.53,tp,0.004,1,0.7079,2
2022-06-14 21:50:00,LONG,1160.5,1166.3,tp,0.004,1,0.7183,2
2022-06-14 22:10:00,SHORT,1176.47,1170.59,tp,0.004025,1,0.7134,2
2022-06-14 22:35:00,LONG,1170.83,1176.68,tp,0.004,1,0.6676,2
2022-06-14 23:05:00,SHORT,1188.34,1182.39,tp,0.004025,1,0.7581,2
2022-06-14 23:35:00,SHORT,1214.43,1208.36,tp,0.004025,1,0.7344,2
2022-06-14 23:50:00,SHORT,1215.65,1209.57,tp,0.004025,1,0.732,2
2022-06-15 00:35:00,SHORT,1213.49,1207.43,tp,0.004025,1,0.769,2
2022-06-15 04:30:00,SHORT,1131.07,1125.42,tp,0.004025,1,0.6912,2
2022-06-15 04:45:00,SHORT,1142.27,1145.7,sl,-0.003991,0,0.704,2
2022-06-15 05:30:00,SHORT,1123.64,1118.02,tp,0.004025,1,0.7,2
2022-06-15 05:50:00,SHORT,1130.49,1124.84,tp,0.004025,1,0.7386,2
2022-06-15 06:20:00,LONG,1109.14,1114.69,tp,0.004,1,0.7101,2
2022-06-15 06:55:00,SHORT,1135.65,1129.97,tp,0.004025,1,0.7255,2
2022-06-15 09:20:00,LONG,1024.5,1021.43,sl,-0.004,0,0.6554,2
2022-06-15 09:30:00,SHORT,1023.25,1018.13,tp,0.004025,1,0.6795,2
2022-06-15 10:40:00,SHORT,1071.48,1066.13,tp,0.004025,1,0.7878,2
2022-06-15 11:05:00,LONG,1054.16,1059.43,tp,0.004,1,0.7013,2
2022-06-15 11:30:00,SHORT,1113.44,1116.78,sl,-0.003991,0,0.7391,2
2022-06-15 11:50:00,LONG,1111.86,1117.41,tp,0.004,1,0.6631,2
2022-06-15 11:55:00,SHORT,1119.49,1113.89,tp,0.004025,1,0.7492,2
2022-06-15 12:35:00,LONG,1109.08,1114.63,tp,0.004,1,0.6719,2
2022-06-15 12:45:00,SHORT,1119.58,1122.94,sl,-0.003991,0,0.7501,2
2022-06-15 13:50:00,SHORT,1143.43,1137.71,tp,0.004025,1,0.6927,2
2022-06-15 14:50:00,LONG,1098.51,1104.0,tp,0.004,1,0.7213,2
2022-06-15 15:00:00,SHORT,1115.24,1109.67,tp,0.004025,1,0.7578,2
2022-06-15 15:30:00,LONG,1100.51,1106.01,tp,0.004,1,0.7045,2
2022-06-15 15:45:00,SHORT,1116.48,1119.83,sl,-0.003991,0,0.7403,2
2022-06-15 16:35:00,LONG,1077.68,1083.07,tp,0.004,1,0.7137,2
2022-06-15 16:50:00,SHORT,1083.31,1077.89,tp,0.004025,1,0.7199,2
2022-06-15 17:30:00,LONG,1081.23,1077.99,sl,-0.004,0,0.6521,2
2022-06-15 18:45:00,SHORT,1188.26,1182.31,tp,0.004025,1,0.7608,2
2022-06-15 19:15:00,LONG,1170.54,1176.4,tp,0.004,1,0.666,2
2022-06-15 19:50:00,LONG,1169.69,1175.54,tp,0.004,1,0.6552,2
2022-06-15 20:15:00,LONG,1157.02,1162.8,tp,0.004,1,0.6689,2
2022-06-15 20:45:00,SHORT,1186.39,1180.45,tp,0.004025,1,0.7065,2
2022-06-15 22:30:00,SHORT,1233.76,1227.59,tp,0.004025,1,0.7077,2
2022-06-15 23:20:00,SHORT,1233.3,1227.14,tp,0.004025,1,0.748,2
2022-06-16 00:05:00,SHORT,1251.99,1245.73,tp,0.004025,1,0.8016,2
2022-06-16 00:35:00,SHORT,1234.79,1228.62,tp,0.004025,1,0.7175,2
2022-06-16 02:05:00,SHORT,1224.71,1218.58,tp,0.004025,1,0.6939,2
2022-06-16 02:30:00,SHORT,1223.02,1216.9,tp,0.004025,1,0.7029,2
2022-06-16 03:00:00,SHORT,1220.51,1214.41,tp,0.004025,1,0.6799,2
2022-06-16 05:00:00,SHORT,1193.57,1187.61,tp,0.004025,1,0.6925,2
2022-06-16 05:55:00,LONG,1183.45,1179.9,sl,-0.004,0,0.6535,2
2022-06-16 08:35:00,SHORT,1175.66,1169.78,tp,0.004025,1,0.7023,2
2022-06-16 10:00:00,SHORT,1127.64,1122.0,tp,0.004025,1,0.6762,2
2022-06-16 10:55:00,SHORT,1121.15,1115.54,tp,0.004025,1,0.7184,2
2022-06-16 11:10:00,SHORT,1125.97,1120.34,tp,0.004025,1,0.7121,2
2022-06-16 11:30:00,SHORT,1121.16,1115.55,tp,0.004025,1,0.731,2
2022-06-16 12:05:00,SHORT,1117.73,1112.14,tp,0.004025,1,0.7112,2
2022-06-16 12:15:00,LONG,1106.27,1111.8,tp,0.004,1,0.7154,2
2022-06-16 12:30:00,SHORT,1140.17,1134.47,tp,0.004025,1,0.7494,2
2022-06-16 13:15:00,LONG,1113.06,1118.62,tp,0.004,1,0.7149,2
2022-06-16 13:35:00,LONG,1106.64,1103.32,sl,-0.004,0,0.6983,2
2022-06-16 14:30:00,SHORT,1110.34,1104.79,tp,0.004025,1,0.7438,2
2022-06-16 14:50:00,LONG,1098.23,1103.72,tp,0.004,1,0.6562,2
2022-06-16 15:25:00,SHORT,1124.07,1118.45,tp,0.004025,1,0.7687,2
2022-06-16 16:45:00,SHORT,1130.61,1124.96,tp,0.004025,1,0.7492,2
2022-06-16 17:15:00,SHORT,1124.21,1118.59,tp,0.004025,1,0.676,2
2022-06-16 17:30:00,SHORT,1128.05,1122.41,tp,0.004025,1,0.7633,2
2022-06-16 19:45:00,LONG,1094.27,1099.74,tp,0.004,1,0.6996,2
2022-06-16 21:30:00,SHORT,1116.85,1111.27,tp,0.004025,1,0.7363,2
2022-06-16 22:10:00,LONG,1090.54,1096.0,tp,0.004,1,0.693,2
2022-06-16 22:35:00,SHORT,1101.11,1095.6,tp,0.004025,1,0.7444,2
2022-06-16 23:20:00,LONG,1053.71,1058.98,tp,0.004,1,0.6764,2
2022-06-16 23:30:00,SHORT,1065.2,1068.39,sl,-0.003991,0,0.7302,2
2022-06-17 00:00:00,LONG,1065.54,1070.87,tp,0.004,1,0.6835,2
2022-06-17 01:15:00,SHORT,1077.3,1071.91,tp,0.004025,1,0.718,2
2022-06-17 02:00:00,SHORT,1109.36,1103.81,tp,0.004025,1,0.739,2
2022-06-17 02:30:00,SHORT,1098.71,1093.22,tp,0.004025,1,0.7576,2
2022-06-17 03:15:00,SHORT,1093.43,1087.97,tp,0.004025,1,0.7345,2
2022-06-17 04:00:00,LONG,1070.31,1075.67,tp,0.004,1,0.6538,2
2022-06-17 04:20:00,SHORT,1084.05,1087.3,sl,-0.003991,0,0.7161,2
2022-06-17 04:45:00,SHORT,1090.46,1085.01,tp,0.004025,1,0.6625,2
2022-06-17 05:10:00,SHORT,1094.07,1097.35,sl,-0.003991,0,0.7096,2
2022-06-17 05:30:00,SHORT,1108.14,1102.59,tp,0.004025,1,0.7508,2
2022-06-17 06:30:00,SHORT,1101.74,1096.23,tp,0.004025,1,0.7123,2
2022-06-17 06:45:00,SHORT,1105.85,1100.32,tp,0.004025,1,0.6795,2
2022-06-17 07:20:00,SHORT,1115.96,1110.38,tp,0.004025,1,0.7328,2
2022-06-17 08:30:00,SHORT,1107.65,1102.11,tp,0.004025,1,0.6796,2
2022-06-17 09:00:00,LONG,1093.26,1098.72,tp,0.004,1,0.6774,2
2022-06-17 09:10:00,SHORT,1097.88,1101.17,sl,-0.003991,0,0.6729,2
2022-06-17 09:20:00,LONG,1094.96,1100.43,tp,0.004,1,0.6536,2
2022-06-17 09:45:00,LONG,1089.74,1095.19,tp,0.004,1,0.666,2
2022-06-17 11:10:00,SHORT,1108.23,1102.68,tp,0.004025,1,0.7147,2
2022-06-17 12:25:00,LONG,1090.21,1086.94,sl,-0.004,0,0.6681,2
2022-06-17 13:50:00,SHORT,1098.23,1092.74,tp,0.004025,1,0.7392,2
2022-06-17 14:20:00,LONG,1069.4,1074.75,tp,0.004,1,0.7005,2
2022-06-17 15:05:00,SHORT,1084.19,1078.77,tp,0.004025,1,0.7176,2
2022-06-17 16:10:00,SHORT,1090.9,1085.45,tp,0.004025,1,0.7464,2
2022-06-17 16:45:00,SHORT,1081.94,1076.53,tp,0.004025,1,0.7577,2
2022-06-17 16:50:00,LONG,1074.44,1079.81,tp,0.004,1,0.6736,2
2022-06-17 17:15:00,SHORT,1083.77,1078.35,tp,0.004025,1,0.6755,2
2022-06-17 20:30:00,SHORT,1097.45,1091.96,tp,0.004025,1,0.6802,2
2022-06-18 01:50:00,SHORT,1078.42,1073.03,tp,0.004025,1,0.6531,2
2022-06-18 07:20:00,LONG,998.22,1003.21,tp,0.004,1,0.6787,2
2022-06-18 07:40:00,LONG,999.58,1004.58,tp,0.004,1,0.6759,2
2022-06-18 07:45:00,SHORT,1012.29,1007.23,tp,0.004025,1,0.7494,2
2022-06-18 08:15:00,LONG,978.58,983.47,tp,0.004,1,0.7252,2
2022-06-18 09:10:00,LONG,987.96,992.9,tp,0.004,1,0.6686,2
2022-06-18 09:35:00,LONG,989.36,994.31,tp,0.004,1,0.6806,2
2022-06-18 10:00:00,SHORT,1000.02,1003.02,sl,-0.003991,0,0.7591,2
2022-06-18 10:25:00,SHORT,1008.59,1011.61,sl,-0.003991,0,0.7374,2
2022-06-18 11:05:00,LONG,1001.4,1006.41,tp,0.004,1,0.6514,2
2022-06-18 12:30:00,SHORT,1005.25,1000.22,tp,0.004025,1,0.6768,2
2022-06-18 13:00:00,LONG,996.15,1001.13,tp,0.004,1,0.6781,2
2022-06-18 17:00:00,SHORT,985.3,980.37,tp,0.004025,1,0.6958,2
2022-06-18 18:40:00,SHORT,950.4,945.65,tp,0.004025,1,0.7493,2
2022-06-18 19:15:00,SHORT,937.0,939.81,sl,-0.003991,0,0.7403,2
2022-06-18 19:45:00,LONG,914.52,919.09,tp,0.004,1,0.7378,2
2022-06-18 20:10:00,SHORT,914.16,909.59,tp,0.004025,1,0.6687,2
2022-06-18 20:30:00,LONG,903.76,908.28,tp,0.004,1,0.6952,2
2022-06-18 21:00:00,SHORT,912.06,907.5,tp,0.004025,1,0.7581,2
2022-06-18 21:25:00,SHORT,949.09,944.34,tp,0.004025,1,0.7484,2
2022-06-18 21:40:00,SHORT,948.72,943.97,tp,0.004025,1,0.6961,2
2022-06-18 22:30:00,SHORT,990.28,985.33,tp,0.004025,1,0.7068,2
2022-06-18 23:00:00,SHORT,993.7,988.73,tp,0.004025,1,0.761,2
2022-06-18 23:15:00,LONG,983.18,988.1,tp,0.004,1,0.6524,2
2022-06-18 23:40:00,LONG,991.23,996.18,tp,0.004,1,0.6545,2
2022-06-19 00:20:00,SHORT,1004.5,1007.51,sl,-0.003991,0,0.7008,2
2022-06-19 01:00:00,SHORT,990.95,986.0,tp,0.004025,1,0.6961,2
2022-06-19 01:05:00,LONG,987.43,992.37,tp,0.004,1,0.6605,2
2022-06-19 02:30:00,LONG,942.76,947.47,tp,0.004,1,0.7354,2
2022-06-19 02:50:00,SHORT,953.99,956.85,sl,-0.003991,0,0.6811,2
2022-06-19 03:10:00,SHORT,976.37,971.49,tp,0.004025,1,0.7426,2
2022-06-19 03:25:00,LONG,968.88,973.73,tp,0.004,1,0.6796,2
2022-06-19 04:10:00,SHORT,961.0,956.19,tp,0.004025,1,0.7095,2
2022-06-19 05:35:00,LONG,939.08,943.77,tp,0.004,1,0.7303,2
2022-06-19 06:15:00,SHORT,962.13,957.32,tp,0.004025,1,0.736,2
2022-06-19 06:35:00,LONG,954.22,958.99,tp,0.004,1,0.6681,2
2022-06-19 07:15:00,SHORT,968.72,963.87,tp,0.004025,1,0.7277,2
2022-06-19 08:05:00,SHORT,958.17,953.38,tp,0.004025,1,0.7249,2
2022-06-19 08:30:00,SHORT,967.23,970.13,sl,-0.003991,0,0.6996,2
2022-06-19 08:55:00,SHORT,967.7,970.6,sl,-0.003991,0,0.6702,2
2022-06-19 09:15:00,SHORT,990.25,985.3,tp,0.004025,1,0.7508,2
2022-06-19 09:30:00,SHORT,998.52,993.53,tp,0.004025,1,0.7507,2
2022-06-19 10:20:00,SHORT,1066.79,1061.45,tp,0.004025,1,0.7602,2
2022-06-19 10:35:00,LONG,1050.13,1055.39,tp,0.004,1,0.6943,2
2022-06-19 10:55:00,SHORT,1063.04,1057.72,tp,0.004025,1,0.7492,2
2022-06-19 11:30:00,SHORT,1060.22,1054.92,tp,0.004025,1,0.7465,2
2022-06-19 12:15:00,SHORT,1062.26,1056.95,tp,0.004025,1,0.7447,2
2022-06-19 13:15:00,SHORT,1038.72,1041.84,sl,-0.003991,0,0.7207,2
2022-06-19 13:55:00,LONG,1021.88,1026.99,tp,0.004,1,0.7217,2
2022-06-19 14:45:00,SHORT,1035.01,1038.12,sl,-0.003991,0,0.6818,2
2022-06-19 15:30:00,SHORT,1058.14,1052.85,tp,0.004025,1,0.7383,2
2022-06-19 15:50:00,SHORT,1068.95,1072.15,sl,-0.003991,0,0.7314,2
2022-06-19 16:20:00,LONG,1058.64,1055.46,sl,-0.004,0,0.6729,2
2022-06-19 17:00:00,SHORT,1054.21,1048.94,tp,0.004025,1,0.7323,2
2022-06-19 17:20:00,SHORT,1048.35,1051.49,sl,-0.003991,0,0.6548,2
2022-06-19 18:15:00,SHORT,1060.36,1063.54,sl,-0.003991,0,0.7491,2
2022-06-19 19:00:00,SHORT,1111.2,1105.65,tp,0.004025,1,0.7316,2
2022-06-19 19:45:00,SHORT,1105.44,1099.91,tp,0.004025,1,0.7602,2
2022-06-19 20:30:00,SHORT,1142.98,1137.26,tp,0.004025,1,0.763,2
2022-06-19 20:45:00,SHORT,1148.9,1143.15,tp,0.004025,1,0.7281,2
2022-06-19 21:45:00,SHORT,1136.54,1130.86,tp,0.004025,1,0.756,2
2022-06-19 21:50:00,LONG,1127.06,1132.7,tp,0.004,1,0.6581,2
2022-06-19 23:25:00,LONG,1122.72,1119.35,sl,-0.004,0,0.6761,2
2022-06-19 23:40:00,LONG,1120.29,1125.89,tp,0.004,1,0.6775,2
2022-06-20 01:00:00,SHORT,1091.03,1085.58,tp,0.004025,1,0.7002,2
2022-06-20 02:05:00,SHORT,1089.98,1084.53,tp,0.004025,1,0.6927,2
2022-06-20 03:25:00,SHORT,1080.01,1083.25,sl,-0.003991,0,0.7372,2
2022-06-20 04:25:00,SHORT,1090.19,1084.74,tp,0.004025,1,0.7654,2
2022-06-20 05:55:00,SHORT,1080.71,1083.95,sl,-0.003991,0,0.6826,2
2022-06-20 07:30:00,SHORT,1075.84,1070.46,tp,0.004025,1,0.7042,2
2022-06-20 07:35:00,LONG,1071.88,1068.66,sl,-0.004,0,0.6639,2
2022-06-20 08:15:00,SHORT,1112.81,1116.15,sl,-0.003991,0,0.7487,2
2022-06-20 08:50:00,LONG,1121.11,1126.72,tp,0.004,1,0.6614,2
2022-06-20 09:10:00,SHORT,1131.99,1126.33,tp,0.004025,1,0.7376,2
2022-06-20 10:50:00,SHORT,1165.12,1168.61,sl,-0.003991,0,0.775,2
2022-06-20 12:35:00,LONG,1125.71,1131.34,tp,0.004,1,0.6522,2
2022-06-20 13:10:00,LONG,1125.6,1131.23,tp,0.004,1,0.6824,2
2022-06-20 13:25:00,SHORT,1132.47,1135.87,sl,-0.003991,0,0.6804,2
2022-06-20 13:50:00,LONG,1111.77,1117.32,tp,0.004,1,0.6557,2
2022-06-20 14:00:00,SHORT,1122.37,1125.74,sl,-0.003991,0,0.7431,2
2022-06-20 15:20:00,LONG,1124.35,1129.97,tp,0.004,1,0.663,2
2022-06-20 15:55:00,SHORT,1133.98,1128.31,tp,0.004025,1,0.6849,2
2022-06-20 17:45:00,SHORT,1115.82,1110.24,tp,0.004025,1,0.6584,2
2022-06-20 18:55:00,SHORT,1101.72,1096.21,tp,0.004025,1,0.6874,2
2022-06-20 19:05:00,LONG,1091.84,1097.29,tp,0.004,1,0.6964,2
2022-06-20 19:45:00,SHORT,1107.47,1110.79,sl,-0.003991,0,0.6951,2
2022-06-20 20:00:00,LONG,1105.21,1110.74,tp,0.004,1,0.6896,2
2022-06-20 20:15:00,SHORT,1119.78,1123.14,sl,-0.003991,0,0.7156,2
2022-06-20 20:35:00,SHORT,1122.56,1125.93,sl,-0.003991,0,0.7475,2
2022-06-20 20:45:00,LONG,1119.41,1125.01,tp,0.004,1,0.6627,2
2022-06-20 20:50:00,SHORT,1122.76,1126.13,sl,-0.003991,0,0.6928,2
2022-06-20 21:25:00,SHORT,1120.61,1115.01,tp,0.004025,1,0.6767,2
2022-06-20 22:45:00,SHORT,1107.02,1110.34,sl,-0.003991,0,0.6772,2
2022-06-20 23:00:00,SHORT,1111.64,1106.09,tp,0.004025,1,0.6779,2
2022-06-20 23:45:00,SHORT,1136.03,1130.35,tp,0.004025,1,0.757,2
2022-06-21 01:10:00,SHORT,1138.34,1141.76,sl,-0.003991,0,0.7307,2
2022-06-21 01:40:00,LONG,1121.69,1127.3,tp,0.004,1,0.6717,2
2022-06-21 02:05:00,LONG,1119.82,1125.42,tp,0.004,1,0.6707,2
2022-06-21 03:05:00,LONG,1119.89,1125.49,tp,0.004,1,0.6965,2
2022-06-21 05:00:00,SHORT,1136.86,1140.27,sl,-0.003991,0,0.6642,2
2022-06-21 06:05:00,SHORT,1157.96,1161.43,sl,-0.003991,0,0.6545,2
2022-06-21 06:40:00,SHORT,1158.66,1152.87,tp,0.004025,1,0.6771,2
2022-06-21 08:20:00,SHORT,1164.27,1158.45,tp,0.004025,1,0.7418,2
2022-06-21 08:35:00,SHORT,1172.95,1167.09,tp,0.004025,1,0.742,2
2022-06-21 11:50:00,LONG,1138.68,1144.37,tp,0.004,1,0.7057,2
2022-06-21 12:25:00,LONG,1141.19,1146.9,tp,0.004,1,0.6575,2
2022-06-21 12:50:00,SHORT,1149.09,1143.34,tp,0.004025,1,0.6579,2
2022-06-21 13:05:00,LONG,1145.07,1150.8,tp,0.004,1,0.651,2
2022-06-21 18:55:00,LONG,1144.33,1150.05,tp,0.004,1,0.6569,2
2022-06-21 20:10:00,LONG,1115.2,1120.77,tp,0.004,1,0.7017,2
2022-06-21 20:40:00,SHORT,1126.4,1120.76,tp,0.004025,1,0.7066,2
2022-06-21 21:55:00,SHORT,1129.29,1132.67,sl,-0.003991,0,0.6607,2
2022-06-22 01:00:00,LONG,1113.98,1119.55,tp,0.004,1,0.6568,2
2022-06-22 03:15:00,SHORT,1105.58,1100.05,tp,0.004025,1,0.7134,2
2022-06-22 04:10:00,SHORT,1095.32,1089.85,tp,0.004025,1,0.684,2
2022-06-22 04:45:00,SHORT,1097.77,1101.06,sl,-0.003991,0,0.6626,2
2022-06-22 05:05:00,SHORT,1101.86,1105.16,sl,-0.003991,0,0.6818,2
2022-06-22 05:20:00,SHORT,1104.36,1098.84,tp,0.004025,1,0.6597,2
2022-06-22 06:45:00,SHORT,1081.67,1076.26,tp,0.004025,1,0.6741,2
2022-06-22 07:05:00,LONG,1068.85,1074.2,tp,0.004,1,0.7066,2
2022-06-22 09:00:00,SHORT,1085.79,1080.36,tp,0.004025,1,0.6724,2
2022-06-22 11:25:00,SHORT,1101.18,1104.48,sl,-0.003991,0,0.686,2
2022-06-22 11:40:00,SHORT,1103.9,1098.38,tp,0.004025,1,0.6942,2
2022-06-22 12:35:00,SHORT,1094.7,1089.23,tp,0.004025,1,0.6909,2
2022-06-22 14:00:00,SHORT,1111.68,1115.02,sl,-0.003991,0,0.6615,2
2022-06-22 14:25:00,SHORT,1117.19,1120.54,sl,-0.003991,0,0.7259,2
2022-06-22 15:20:00,SHORT,1103.0,1097.48,tp,0.004025,1,0.6731,2
2022-06-22 16:45:00,LONG,1069.24,1074.59,tp,0.004,1,0.6703,2
2022-06-22 16:55:00,SHORT,1078.53,1073.14,tp,0.004025,1,0.7058,2
2022-06-22 17:20:00,SHORT,1083.06,1077.64,tp,0.004025,1,0.7278,2
2022-06-22 17:45:00,SHORT,1084.82,1079.39,tp,0.004025,1,0.7263,2
2022-06-22 18:15:00,SHORT,1086.82,1081.38,tp,0.004025,1,0.6812,2
2022-06-22 18:40:00,SHORT,1084.59,1079.16,tp,0.004025,1,0.6821,2
2022-06-22 20:10:00,SHORT,1072.13,1066.77,tp,0.004025,1,0.7025,2
2022-06-22 20:50:00,SHORT,1053.99,1048.72,tp,0.004025,1,0.6938,2
2022-06-22 21:35:00,LONG,1047.46,1052.7,tp,0.004,1,0.6894,2
2022-06-22 21:55:00,SHORT,1058.85,1062.03,sl,-0.003991,0,0.7017,2
2022-06-22 22:35:00,SHORT,1059.95,1063.13,sl,-0.003991,0,0.6571,2
2022-06-22 22:50:00,SHORT,1062.97,1057.65,tp,0.004025,1,0.7098,2
2022-06-23 00:50:00,SHORT,1080.57,1075.17,tp,0.004025,1,0.6849,2
2022-06-23 01:30:00,SHORT,1093.37,1087.91,tp,0.004025,1,0.6708,2
2022-06-23 02:45:00,SHORT,1090.12,1084.67,tp,0.004025,1,0.7047,2
2022-06-23 12:30:00,SHORT,1126.61,1120.97,tp,0.004025,1,0.6712,2
2022-06-23 13:30:00,SHORT,1120.66,1115.06,tp,0.004025,1,0.6809,2
2022-06-23 13:50:00,LONG,1103.67,1109.19,tp,0.004,1,0.671,2
2022-06-23 14:20:00,SHORT,1104.66,1107.97,sl,-0.003991,0,0.685,2
2022-06-23 14:45:00,SHORT,1110.02,1104.47,tp,0.004025,1,0.6541,2
2022-06-23 15:35:00,LONG,1089.12,1094.57,tp,0.004,1,0.6552,2
2022-06-23 15:50:00,SHORT,1095.24,1089.77,tp,0.004025,1,0.6914,2
2022-06-23 16:15:00,SHORT,1092.94,1096.22,sl,-0.003991,0,0.6944,2
2022-06-23 16:45:00,SHORT,1095.7,1090.22,tp,0.004025,1,0.6544,2
2022-06-23 19:05:00,SHORT,1109.44,1112.76,sl,-0.003991,0,0.6742,2
2022-06-23 22:30:00,SHORT,1148.57,1142.82,tp,0.004025,1,0.6645,2
2022-06-24 07:10:00,LONG,1132.81,1138.47,tp,0.004,1,0.6593,2
2022-06-24 11:15:00,SHORT,1175.78,1179.31,sl,-0.003991,0,0.6776,2
2022-06-24 11:40:00,SHORT,1196.71,1200.3,sl,-0.003991,0,0.6515,2
2022-06-24 12:25:00,SHORT,1221.89,1215.78,tp,0.004025,1,0.6762,2
2022-06-24 13:05:00,SHORT,1214.39,1218.04,sl,-0.003991,0,0.6871,2
2022-06-24 13:50:00,SHORT,1214.66,1208.59,tp,0.004025,1,0.6873,2
2022-06-24 15:15:00,LONG,1191.76,1197.71,tp,0.004,1,0.6621,2
2022-06-24 17:00:00,SHORT,1207.88,1211.5,sl,-0.003991,0,0.6515,2
2022-06-24 17:30:00,SHORT,1215.33,1209.26,tp,0.004025,1,0.6529,2
2022-06-24 18:45:00,SHORT,1219.08,1222.74,sl,-0.003991,0,0.6816,2
2022-06-24 22:15:00,SHORT,1240.14,1233.94,tp,0.004025,1,0.7107,2
2022-06-25 06:25:00,LONG,1211.49,1217.54,tp,0.004,1,0.6661,2
2022-06-25 12:45:00,SHORT,1197.66,1191.67,tp,0.004025,1,0.6544,2
2022-06-25 17:50:00,SHORT,1198.33,1192.34,tp,0.004025,1,0.6543,2
2022-06-26 13:35:00,LONG,1226.64,1232.78,tp,0.004,1,0.6583,2
2022-06-26 14:05:00,SHORT,1231.31,1225.16,tp,0.004025,1,0.6501,2
2022-06-26 15:35:00,SHORT,1222.29,1225.96,sl,-0.003991,0,0.6641,2
2022-06-26 21:35:00,SHORT,1242.63,1236.42,tp,0.004025,1,0.6535,2
2022-06-26 23:25:00,SHORT,1212.95,1206.89,tp,0.004025,1,0.6559,2
2022-06-27 00:05:00,SHORT,1203.84,1197.82,tp,0.004025,1,0.6722,2
2022-06-27 01:20:00,SHORT,1216.47,1216.66,timeout,-0.001153,0,0.718,2
2022-06-27 15:30:00,SHORT,1186.99,1190.55,sl,-0.003991,0,0.6672,2
2022-06-27 21:15:00,SHORT,1203.64,1197.62,tp,0.004025,1,0.6552,2
2022-06-28 01:00:00,SHORT,1189.61,1183.67,tp,0.004025,1,0.6795,2
2022-06-28 03:05:00,SHORT,1177.7,1181.23,sl,-0.003991,0,0.6555,2
2022-06-28 14:55:00,SHORT,1203.45,1197.43,tp,0.004025,1,0.6949,2
2022-06-28 17:30:00,SHORT,1181.06,1175.15,tp,0.004025,1,0.6803,2
2022-06-28 18:45:00,SHORT,1165.96,1160.13,tp,0.004025,1,0.6642,2
2022-06-28 20:50:00,SHORT,1162.74,1166.23,sl,-0.003991,0,0.6805,2
2022-06-29 11:50:00,LONG,1110.66,1116.21,tp,0.004,1,0.6856,2
2022-06-29 12:35:00,LONG,1107.26,1112.8,tp,0.004,1,0.6707,2
2022-06-29 12:45:00,SHORT,1111.22,1105.67,tp,0.004025,1,0.6525,2
2022-06-29 12:55:00,LONG,1107.17,1112.71,tp,0.004,1,0.6592,2
2022-06-29 14:15:00,LONG,1109.27,1114.82,tp,0.004,1,0.6817,2
2022-06-29 16:50:00,LONG,1096.97,1102.45,tp,0.004,1,0.6698,2
2022-06-29 20:05:00,SHORT,1118.96,1113.37,tp,0.004025,1,0.6867,2
2022-06-30 01:05:00,SHORT,1097.3,1091.81,tp,0.004025,1,0.6529,2
2022-06-30 08:25:00,SHORT,1052.15,1046.89,tp,0.004025,1,0.652,2
2022-06-30 09:25:00,LONG,1019.0,1024.09,tp,0.004,1,0.7178,2
2022-06-30 09:50:00,SHORT,1031.38,1026.23,tp,0.004025,1,0.7284,2
2022-06-30 10:50:00,LONG,1013.36,1018.42,tp,0.004,1,0.6504,2
2022-06-30 10:55:00,SHORT,1021.47,1016.36,tp,0.004025,1,0.6843,2
2022-06-30 11:50:00,LONG,1013.5,1018.56,tp,0.004,1,0.6787,2
2022-06-30 12:00:00,SHORT,1018.26,1021.32,sl,-0.003991,0,0.6639,2
2022-06-30 12:30:00,SHORT,1031.88,1034.98,sl,-0.003991,0,0.7312,2
2022-06-30 12:45:00,SHORT,1038.0,1032.81,tp,0.004025,1,0.719,2
2022-06-30 13:40:00,LONG,1002.03,1007.04,tp,0.004,1,0.7032,2
2022-06-30 14:10:00,SHORT,1017.66,1012.57,tp,0.004025,1,0.6976,2
2022-06-30 14:30:00,SHORT,1020.51,1023.57,sl,-0.003991,0,0.7249,2
2022-06-30 15:25:00,SHORT,1037.17,1031.99,tp,0.004025,1,0.7398,2
2022-06-30 15:45:00,SHORT,1034.29,1029.12,tp,0.004025,1,0.6843,2
2022-06-30 16:30:00,SHORT,1042.68,1037.47,tp,0.004025,1,0.7365,2
2022-06-30 20:50:00,LONG,1007.43,1012.47,tp,0.004,1,0.6796,2
2022-06-30 21:30:00,SHORT,1033.57,1028.41,tp,0.004025,1,0.7037,2
2022-06-30 21:40:00,LONG,1026.11,1023.03,sl,-0.004,0,0.6699,2
2022-06-30 22:05:00,LONG,1016.5,1021.58,tp,0.004,1,0.6793,2
2022-06-30 22:45:00,SHORT,1031.07,1025.92,tp,0.004025,1,0.6916,2
2022-07-01 00:25:00,LONG,1094.07,1099.54,tp,0.004,1,0.6528,3
2022-07-01 00:30:00,SHORT,1097.1,1091.62,tp,0.004025,1,0.7144,3
2022-07-01 00:45:00,SHORT,1098.92,1093.43,tp,0.004025,1,0.7161,3
2022-07-01 00:55:00,LONG,1096.3,1093.01,sl,-0.004,0,0.668,3
2022-07-01 01:10:00,LONG,1088.62,1094.07,tp,0.004,1,0.6785,3
2022-07-01 01:25:00,SHORT,1093.51,1088.05,tp,0.004025,1,0.6888,3
2022-07-01 01:30:00,LONG,1087.4,1092.84,tp,0.004,1,0.6719,3
2022-07-01 02:45:00,LONG,1091.94,1088.66,sl,-0.004,0,0.653,3
2022-07-01 04:10:00,LONG,1048.56,1053.81,tp,0.004,1,0.6947,3
2022-07-01 04:25:00,LONG,1047.92,1053.16,tp,0.004,1,0.6661,3
2022-07-01 05:05:00,SHORT,1053.47,1048.21,tp,0.004025,1,0.6863,3
2022-07-01 07:00:00,LONG,1051.97,1057.23,tp,0.004,1,0.6973,3
2022-07-01 07:20:00,LONG,1065.04,1070.37,tp,0.004,1,0.6696,3
2022-07-01 07:30:00,SHORT,1072.11,1075.33,sl,-0.003991,0,0.7096,3
2022-07-01 07:50:00,SHORT,1070.7,1065.35,tp,0.004025,1,0.6954,3
2022-07-01 08:10:00,SHORT,1079.38,1082.62,sl,-0.003991,0,0.6918,3
2022-07-01 09:20:00,SHORT,1072.02,1066.66,tp,0.004025,1,0.6605,3
2022-07-01 09:45:00,SHORT,1069.04,1063.69,tp,0.004025,1,0.6867,3
2022-07-01 11:05:00,SHORT,1043.21,1046.34,sl,-0.003991,0,0.659,3
2022-07-01 11:55:00,SHORT,1049.69,1044.45,tp,0.004025,1,0.6715,3
2022-07-01 12:15:00,LONG,1043.95,1049.17,tp,0.004,1,0.6644,3
2022-07-01 13:45:00,SHORT,1069.02,1063.67,tp,0.004025,1,0.6948,3
2022-07-01 14:10:00,LONG,1053.07,1058.33,tp,0.004,1,0.7019,3
2022-07-01 14:30:00,LONG,1048.19,1053.43,tp,0.004,1,0.6741,3
2022-07-01 15:15:00,SHORT,1061.47,1056.16,tp,0.004025,1,0.6583,3
2022-07-01 16:20:00,SHORT,1068.66,1063.31,tp,0.004025,1,0.721,3
2022-07-01 18:30:00,SHORT,1075.27,1069.9,tp,0.004025,1,0.6829,3
2022-07-01 19:10:00,SHORT,1071.8,1066.44,tp,0.004025,1,0.6607,3
2022-07-01 20:55:00,LONG,1070.03,1075.38,tp,0.004,1,0.678,3
2022-07-01 21:10:00,SHORT,1075.29,1069.92,tp,0.004025,1,0.6783,3
2022-07-02 00:15:00,SHORT,1065.67,1060.34,tp,0.004025,1,0.6674,3
2022-07-02 00:20:00,LONG,1061.23,1058.05,sl,-0.004,0,0.6838,3
2022-07-02 00:35:00,LONG,1060.92,1057.74,sl,-0.004,0,0.6526,3
2022-07-02 03:20:00,SHORT,1041.58,1036.37,tp,0.004025,1,0.6551,3
2022-07-03 05:35:00,LONG,1062.68,1067.99,tp,0.004,1,0.6522,3
2022-07-03 05:55:00,LONG,1059.17,1064.47,tp,0.004,1,0.7114,3
2022-07-04 16:00:00,LONG,1109.56,1115.11,tp,0.004,1,0.6615,3
2022-07-04 20:20:00,LONG,1118.68,1124.27,tp,0.004,1,0.6501,3
2022-07-04 23:15:00,SHORT,1150.48,1153.94,sl,-0.003991,0,0.6629,3
2022-07-04 23:30:00,LONG,1147.43,1153.17,tp,0.004,1,0.6801,3
2022-07-05 00:10:00,SHORT,1159.7,1153.9,tp,0.004025,1,0.7044,3
2022-07-05 00:30:00,SHORT,1157.54,1151.75,tp,0.004025,1,0.6812,3
2022-07-05 06:10:00,SHORT,1170.66,1164.81,tp,0.004025,1,0.6533,3
2022-07-05 10:40:00,LONG,1128.14,1133.78,tp,0.004,1,0.6574,3
2022-07-05 12:25:00,SHORT,1105.8,1100.27,tp,0.004025,1,0.6753,3
2022-07-05 14:00:00,LONG,1095.81,1101.29,tp,0.004,1,0.6546,3
2022-07-05 14:10:00,SHORT,1103.73,1098.21,tp,0.004025,1,0.665,3
2022-07-05 14:35:00,SHORT,1104.48,1098.96,tp,0.004025,1,0.678,3
2022-07-05 14:50:00,LONG,1091.46,1088.18,sl,-0.004,0,0.6554,3
2022-07-05 15:10:00,LONG,1082.57,1087.98,tp,0.004,1,0.6572,3
2022-07-05 15:35:00,LONG,1085.98,1091.41,tp,0.004,1,0.6745,3
2022-07-05 19:10:00,SHORT,1132.74,1136.14,sl,-0.003991,0,0.6845,3
2022-07-05 19:45:00,SHORT,1149.46,1152.91,sl,-0.003991,0,0.6558,3
2022-07-05 20:10:00,SHORT,1164.46,1167.95,sl,-0.003991,0,0.698,3
2022-07-05 20:30:00,SHORT,1167.68,1161.84,tp,0.004025,1,0.6939,3
2022-07-05 22:15:00,LONG,1142.58,1139.15,sl,-0.004,0,0.669,3
2022-07-05 22:55:00,SHORT,1151.08,1145.33,tp,0.004025,1,0.6748,3
2022-07-05 23:30:00,LONG,1131.15,1136.8,tp,0.004,1,0.6756,3
2022-07-06 00:20:00,LONG,1128.64,1134.29,tp,0.004,1,0.6953,3
2022-07-06 00:45:00,SHORT,1151.75,1146.0,tp,0.004025,1,0.6563,3
2022-07-06 08:05:00,SHORT,1144.91,1139.18,tp,0.004025,1,0.6625,3
2022-07-06 09:50:00,SHORT,1147.32,1141.58,tp,0.004025,1,0.6775,3
2022-07-06 11:15:00,LONG,1130.75,1136.4,tp,0.004,1,0.6835,3
2022-07-06 14:05:00,SHORT,1144.22,1138.5,tp,0.004025,1,0.6526,3
2022-07-06 18:15:00,LONG,1135.49,1141.16,tp,0.004,1,0.6876,3
2022-07-06 18:30:00,LONG,1152.37,1158.13,tp,0.004,1,0.6677,3
2022-07-06 19:20:00,SHORT,1166.41,1160.57,tp,0.004025,1,0.6825,3
2022-07-06 20:05:00,SHORT,1158.12,1161.6,sl,-0.003991,0,0.6728,3
2022-07-06 20:40:00,LONG,1154.86,1160.63,tp,0.004,1,0.6656,3
2022-07-06 21:35:00,SHORT,1162.02,1156.21,tp,0.004025,1,0.6511,3
2022-07-06 22:25:00,LONG,1184.77,1190.7,tp,0.004,1,0.6556,3
2022-07-07 06:45:00,LONG,1166.07,1171.9,tp,0.004,1,0.6508,3
2022-07-07 13:45:00,SHORT,1199.35,1193.35,tp,0.004025,1,0.6589,3
2022-07-07 14:15:00,SHORT,1214.32,1208.25,tp,0.004025,1,0.6751,3
2022-07-07 14:40:00,SHORT,1224.59,1218.46,tp,0.004025,1,0.657,3
2022-07-07 19:45:00,SHORT,1252.64,1246.38,tp,0.004025,1,0.6766,3
2022-07-07 22:50:00,LONG,1226.2,1232.33,tp,0.004,1,0.6743,3
2022-07-08 01:25:00,SHORT,1274.35,1267.98,tp,0.004025,1,0.6938,3
2022-07-08 01:45:00,LONG,1260.47,1256.69,sl,-0.004,0,0.6821,3
2022-07-08 05:50:00,LONG,1243.5,1244.7,timeout,-3.8e-05,0,0.6518,3
2022-07-08 06:25:00,LONG,1242.35,1238.62,sl,-0.004,0,0.6583,3
2022-07-08 06:45:00,LONG,1242.26,1238.53,sl,-0.004,0,0.6809,3
2022-07-08 08:00:00,LONG,1241.18,1237.46,sl,-0.004,0,0.6735,3
2022-07-08 09:10:00,LONG,1205.53,1211.56,tp,0.004,1,0.703,3
2022-07-08 12:45:00,LONG,1203.59,1209.61,tp,0.004,1,0.692,3
2022-07-08 13:10:00,LONG,1210.75,1216.8,tp,0.004,1,0.6872,3
2022-07-08 13:30:00,LONG,1208.82,1214.87,tp,0.004,1,0.6557,3
2022-07-08 14:45:00,SHORT,1229.04,1222.89,tp,0.004025,1,0.6947,3
2022-07-08 15:35:00,SHORT,1239.6,1233.4,tp,0.004025,1,0.6944,3
2022-07-08 16:45:00,SHORT,1223.45,1217.33,tp,0.004025,1,0.6693,3
2022-07-08 17:00:00,LONG,1219.66,1225.76,tp,0.004,1,0.6509,3
2022-07-08 21:55:00,LONG,1229.95,1236.1,tp,0.004,1,0.6606,3
2022-07-12 00:50:00,LONG,1085.56,1090.99,tp,0.004,1,0.6908,3
2022-07-12 13:35:00,SHORT,1079.11,1073.71,tp,0.004025,1,0.6513,3
2022-07-12 14:00:00,LONG,1063.49,1068.81,tp,0.004,1,0.6539,3
2022-07-12 20:55:00,SHORT,1046.88,1050.02,sl,-0.003991,0,0.6686,3
2022-07-12 21:20:00,SHORT,1049.85,1044.61,tp,0.004025,1,0.6549,3
2022-07-13 12:40:00,LONG,1023.97,1029.09,tp,0.004,1,0.6534,3
2022-07-13 13:00:00,SHORT,1037.7,1032.51,tp,0.004025,1,0.7602,3
2022-07-13 13:40:00,LONG,1037.52,1042.71,tp,0.004,1,0.6523,3
2022-07-13 13:50:00,SHORT,1042.44,1045.57,sl,-0.003991,0,0.6674,3
2022-07-13 14:20:00,LONG,1034.61,1039.78,tp,0.004,1,0.6893,3
2022-07-13 15:05:00,SHORT,1068.17,1062.82,tp,0.004025,1,0.7148,3
2022-07-13 15:50:00,SHORT,1062.05,1056.74,tp,0.004025,1,0.711,3
2022-07-13 17:00:00,SHORT,1088.08,1091.34,sl,-0.003991,0,0.6529,3
2022-07-13 17:30:00,LONG,1087.41,1092.85,tp,0.004,1,0.6626,3
2022-07-13 17:40:00,SHORT,1095.74,1090.26,tp,0.004025,1,0.7332,3
2022-07-13 18:40:00,SHORT,1088.81,1092.07,sl,-0.003991,0,0.7056,3
2022-07-13 19:00:00,SHORT,1090.12,1084.67,tp,0.004025,1,0.6614,3
2022-07-13 23:15:00,SHORT,1110.36,1113.7,sl,-0.003991,0,0.6807,3
2022-07-14 00:00:00,SHORT,1119.43,1113.83,tp,0.004025,1,0.7105,3
2022-07-14 00:50:00,SHORT,1116.23,1119.58,sl,-0.003991,0,0.7113,3
2022-07-14 13:00:00,SHORT,1088.08,1082.64,tp,0.004025,1,0.6605,3
2022-07-14 15:20:00,SHORT,1114.91,1118.26,sl,-0.003991,0,0.6824,3
2022-07-14 16:00:00,SHORT,1146.93,1141.19,tp,0.004025,1,0.6852,3
2022-07-14 16:25:00,LONG,1135.17,1140.84,tp,0.004,1,0.6955,3
2022-07-14 18:15:00,SHORT,1196.86,1190.88,tp,0.004025,1,0.6646,3
2022-07-14 20:25:00,SHORT,1196.35,1199.94,sl,-0.003991,0,0.6706,3
2022-07-14 20:40:00,SHORT,1198.95,1192.96,tp,0.004025,1,0.6698,3
2022-07-14 21:00:00,SHORT,1194.86,1188.89,tp,0.004025,1,0.6951,3
2022-07-15 05:30:00,LONG,1192.37,1198.33,tp,0.004,1,0.6791,3
2022-07-15 12:30:00,LONG,1210.02,1216.07,tp,0.004,1,0.6929,3
2022-07-15 12:45:00,SHORT,1232.51,1226.35,tp,0.004025,1,0.7156,3
2022-07-15 13:05:00,SHORT,1229.72,1223.58,tp,0.004025,1,0.6866,3
2022-07-15 13:20:00,LONG,1221.07,1227.18,tp,0.004,1,0.6749,3
2022-07-15 14:00:00,SHORT,1228.19,1231.87,sl,-0.003991,0,0.6514,3
2022-07-15 14:25:00,SHORT,1234.17,1228.0,tp,0.004025,1,0.7118,3
2022-07-15 16:20:00,LONG,1206.82,1212.86,tp,0.004,1,0.6573,3
2022-07-15 21:05:00,SHORT,1261.54,1255.23,tp,0.004025,1,0.7002,3
2022-07-15 23:00:00,LONG,1246.63,1242.89,sl,-0.004,0,0.66,3
2022-07-16 01:05:00,LONG,1210.9,1216.95,tp,0.004,1,0.7179,3
2022-07-16 01:45:00,LONG,1216.79,1213.14,sl,-0.004,0,0.6866,3
2022-07-16 16:10:00,SHORT,1384.2,1377.28,tp,0.004025,1,0.6757,3
2022-07-16 16:30:00,LONG,1352.18,1358.94,tp,0.004,1,0.6632,3
2022-07-16 16:40:00,LONG,1349.89,1356.64,tp,0.004,1,0.6816,3
2022-07-16 17:00:00,SHORT,1361.12,1354.31,tp,0.004025,1,0.7238,3
2022-07-16 17:10:00,LONG,1355.32,1351.25,sl,-0.004,0,0.6813,3
2022-07-16 17:20:00,SHORT,1360.76,1353.96,tp,0.004025,1,0.7055,3
2022-07-16 18:20:00,SHORT,1338.17,1331.48,tp,0.004025,1,0.722,3
2022-07-16 20:00:00,SHORT,1338.57,1331.88,tp,0.004025,1,0.7038,3
2022-07-16 20:20:00,LONG,1319.51,1315.55,sl,-0.004,0,0.6612,3
2022-07-16 21:25:00,SHORT,1360.28,1353.48,tp,0.004025,1,0.7215,3
2022-07-16 22:25:00,SHORT,1350.22,1343.47,tp,0.004025,1,0.7245,3
2022-07-16 22:55:00,SHORT,1357.4,1350.61,tp,0.004025,1,0.6864,3
2022-07-16 23:30:00,SHORT,1352.35,1356.41,sl,-0.003991,0,0.6685,3
2022-07-17 00:05:00,SHORT,1375.38,1379.51,sl,-0.003991,0,0.6867,3
2022-07-17 00:35:00,SHORT,1364.81,1368.9,sl,-0.003991,0,0.7271,3
2022-07-17 00:50:00,SHORT,1363.43,1367.52,sl,-0.003991,0,0.6764,3
2022-07-17 03:30:00,SHORT,1360.81,1354.01,tp,0.004025,1,0.6527,3
2022-07-17 06:40:00,SHORT,1371.44,1375.56,sl,-0.003991,0,0.7003,3
2022-07-17 06:55:00,SHORT,1373.99,1367.12,tp,0.004025,1,0.6867,3
2022-07-17 08:00:00,LONG,1361.77,1368.58,tp,0.004,1,0.6543,3
2022-07-17 12:00:00,SHORT,1363.9,1357.08,tp,0.004025,1,0.655,3
2022-07-17 12:20:00,LONG,1357.95,1353.87,sl,-0.004,0,0.6522,3
2022-07-17 13:15:00,LONG,1334.57,1341.24,tp,0.004,1,0.6701,3
2022-07-17 14:15:00,SHORT,1353.41,1357.47,sl,-0.003991,0,0.6638,3
2022-07-17 15:20:00,SHORT,1355.31,1348.54,tp,0.004025,1,0.6907,3
2022-07-17 17:20:00,SHORT,1377.64,1370.75,tp,0.004025,1,0.7151,3
2022-07-17 17:55:00,LONG,1328.14,1334.78,tp,0.004,1,0.7192,3
2022-07-17 18:20:00,SHORT,1337.89,1341.9,sl,-0.003991,0,0.6571,3
2022-07-17 18:40:00,SHORT,1341.23,1334.52,tp,0.004025,1,0.6699,3
2022-07-17 18:50:00,LONG,1336.45,1343.13,tp,0.004,1,0.6877,3
2022-07-17 19:10:00,LONG,1335.14,1341.81,tp,0.004,1,0.6881,3
2022-07-17 20:30:00,SHORT,1344.04,1348.07,sl,-0.003991,0,0.6646,3
2022-07-17 22:30:00,SHORT,1360.03,1353.23,tp,0.004025,1,0.6788,3
2022-07-17 23:50:00,LONG,1337.83,1344.52,tp,0.004,1,0.6824,3
2022-07-18 01:15:00,SHORT,1361.15,1365.23,sl,-0.003991,0,0.6529,3
2022-07-18 03:10:00,LONG,1397.08,1404.06,tp,0.004,1,0.6928,3
2022-07-18 03:25:00,SHORT,1414.66,1407.59,tp,0.004025,1,0.6912,3
2022-07-18 04:25:00,SHORT,1403.68,1407.89,sl,-0.003991,0,0.7066,3
2022-07-18 05:15:00,SHORT,1434.34,1427.17,tp,0.004025,1,0.662,3
2022-07-18 06:35:00,SHORT,1457.03,1449.75,tp,0.004025,1,0.7047,3
2022-07-18 07:25:00,SHORT,1459.4,1463.78,sl,-0.003991,0,0.704,3
2022-07-18 07:35:00,LONG,1456.18,1463.46,tp,0.004,1,0.6626,3
2022-07-18 07:50:00,SHORT,1467.2,1471.6,sl,-0.003991,0,0.6967,3
2022-07-18 09:00:00,SHORT,1476.96,1481.39,sl,-0.003991,0,0.6884,3
2022-07-18 10:00:00,LONG,1473.11,1480.47,tp,0.004,1,0.6562,3
2022-07-18 11:10:00,SHORT,1487.91,1492.37,sl,-0.003991,0,0.6653,3
2022-07-18 11:25:00,SHORT,1494.05,1486.58,tp,0.004025,1,0.6946,3
2022-07-18 11:45:00,LONG,1468.65,1476.0,tp,0.004,1,0.6654,3
2022-07-18 12:20:00,LONG,1458.31,1465.6,tp,0.004,1,0.6892,3
2022-07-18 12:50:00,LONG,1474.5,1481.87,tp,0.004,1,0.6831,3
2022-07-18 14:45:00,LONG,1477.24,1484.62,tp,0.004,1,0.6837,3
2022-07-18 15:20:00,SHORT,1483.78,1488.23,sl,-0.003991,0,0.6896,3
2022-07-18 15:40:00,LONG,1490.19,1485.72,sl,-0.004,0,0.6609,3
2022-07-18 16:30:00,SHORT,1510.67,1503.12,tp,0.004025,1,0.7151,3
2022-07-18 16:40:00,LONG,1494.01,1489.52,sl,-0.004,0,0.6966,3
2022-07-18 18:00:00,LONG,1469.27,1476.62,tp,0.004,1,0.7039,3
2022-07-18 19:45:00,LONG,1457.03,1464.31,tp,0.004,1,0.7216,3
2022-07-18 19:55:00,SHORT,1471.56,1464.21,tp,0.004025,1,0.6648,3
2022-07-18 20:50:00,SHORT,1475.39,1479.82,sl,-0.003991,0,0.6643,3
2022-07-18 22:10:00,SHORT,1501.55,1494.04,tp,0.004025,1,0.7265,3
2022-07-19 00:10:00,SHORT,1608.25,1600.2,tp,0.004025,1,0.7455,3
2022-07-19 00:35:00,LONG,1551.7,1559.45,tp,0.004,1,0.6928,3
2022-07-19 00:50:00,SHORT,1565.22,1557.39,tp,0.004025,1,0.7045,3
2022-07-19 03:00:00,LONG,1520.04,1527.64,tp,0.004,1,0.6682,3
2022-07-19 03:30:00,SHORT,1545.37,1537.64,tp,0.004025,1,0.7252,3
2022-07-19 04:25:00,SHORT,1514.81,1519.36,sl,-0.003991,0,0.6526,3
2022-07-19 06:45:00,LONG,1505.77,1513.3,tp,0.004,1,0.6739,3
2022-07-19 07:30:00,LONG,1508.85,1516.4,tp,0.004,1,0.7151,3
2022-07-19 08:00:00,LONG,1508.94,1516.49,tp,0.004,1,0.7159,3
2022-07-19 11:25:00,SHORT,1558.07,1550.28,tp,0.004025,1,0.7371,3
2022-07-19 12:50:00,SHORT,1561.62,1553.81,tp,0.004025,1,0.7544,3
2022-07-19 13:30:00,SHORT,1570.6,1562.75,tp,0.004025,1,0.7276,3
2022-07-19 13:45:00,LONG,1542.87,1550.59,tp,0.004,1,0.6678,3
2022-07-19 13:55:00,SHORT,1558.83,1551.04,tp,0.004025,1,0.7281,3
2022-07-19 14:15:00,LONG,1531.63,1539.28,tp,0.004,1,0.7489,3
2022-07-19 16:30:00,SHORT,1579.96,1584.7,sl,-0.003991,0,0.7315,3
2022-07-19 17:05:00,LONG,1554.91,1550.24,sl,-0.004,0,0.6864,3
2022-07-19 17:30:00,SHORT,1564.93,1569.62,sl,-0.003991,0,0.7011,3
2022-07-19 19:40:00,SHORT,1575.78,1567.9,tp,0.004025,1,0.7314,3
2022-07-19 20:20:00,SHORT,1559.25,1551.45,tp,0.004025,1,0.6586,3
2022-07-19 21:20:00,SHORT,1580.5,1572.6,tp,0.004025,1,0.6645,3
2022-07-19 23:10:00,SHORT,1574.78,1566.91,tp,0.004025,1,0.676,3
2022-07-19 23:50:00,SHORT,1540.18,1544.8,sl,-0.003991,0,0.6572,3
2022-07-20 00:40:00,LONG,1515.95,1523.53,tp,0.004,1,0.691,3
2022-07-20 01:45:00,SHORT,1545.05,1537.32,tp,0.004025,1,0.6922,3
2022-07-20 02:10:00,SHORT,1542.75,1547.38,sl,-0.003991,0,0.6753,3
2022-07-20 02:35:00,SHORT,1549.01,1553.65,sl,-0.003991,0,0.6738,3
2022-07-20 10:45:00,LONG,1582.79,1590.7,tp,0.004,1,0.7052,3
2022-07-20 11:30:00,SHORT,1596.81,1588.83,tp,0.004025,1,0.6711,3
2022-07-20 12:05:00,SHORT,1609.75,1601.71,tp,0.004025,1,0.7276,3
2022-07-20 13:05:00,SHORT,1605.9,1610.71,sl,-0.003991,0,0.681,3
2022-07-20 14:30:00,SHORT,1605.25,1597.22,tp,0.004025,1,0.6946,3
2022-07-20 14:50:00,SHORT,1604.4,1596.38,tp,0.004025,1,0.6629,3
2022-07-20 16:40:00,LONG,1547.53,1555.27,tp,0.004,1,0.7284,3
2022-07-20 17:55:00,LONG,1546.15,1553.88,tp,0.004,1,0.6885,3
2022-07-20 18:20:00,SHORT,1569.98,1562.13,tp,0.004025,1,0.681,3
2022-07-20 19:00:00,SHORT,1572.93,1565.07,tp,0.004025,1,0.6966,3
2022-07-20 19:30:00,LONG,1550.23,1557.99,tp,0.004,1,0.7119,3
2022-07-20 21:45:00,SHORT,1553.08,1545.32,tp,0.004025,1,0.6831,3
2022-07-20 22:20:00,SHORT,1546.23,1538.5,tp,0.004025,1,0.713,3
2022-07-21 00:15:00,SHORT,1536.32,1528.64,tp,0.004025,1,0.7342,3
2022-07-21 00:30:00,LONG,1517.59,1525.18,tp,0.004,1,0.6535,3
2022-07-21 01:10:00,SHORT,1545.59,1537.86,tp,0.004025,1,0.6746,3
2022-07-21 01:35:00,SHORT,1539.46,1531.76,tp,0.004025,1,0.7156,3
2022-07-21 01:50:00,LONG,1528.21,1535.85,tp,0.004,1,0.6547,3
2022-07-21 03:35:00,SHORT,1492.07,1484.61,tp,0.004025,1,0.6813,3
2022-07-21 04:15:00,SHORT,1480.12,1484.56,sl,-0.003991,0,0.7015,3
2022-07-21 05:15:00,SHORT,1490.38,1482.93,tp,0.004025,1,0.7211,3
2022-07-21 06:10:00,SHORT,1491.18,1483.73,tp,0.004025,1,0.6625,3
2022-07-21 06:45:00,LONG,1473.67,1481.03,tp,0.004,1,0.6829,3
2022-07-21 07:15:00,SHORT,1496.25,1488.77,tp,0.004025,1,0.6997,3
2022-07-21 08:00:00,SHORT,1490.19,1482.74,tp,0.004025,1,0.6726,3
2022-07-21 08:20:00,LONG,1482.79,1490.2,tp,0.004,1,0.656,3
2022-07-21 09:15:00,SHORT,1512.4,1516.94,sl,-0.003991,0,0.7096,3
2022-07-21 09:30:00,SHORT,1510.4,1514.94,sl,-0.003991,0,0.6515,3
2022-07-21 10:00:00,SHORT,1516.25,1520.8,sl,-0.003991,0,0.7255,3
2022-07-21 12:40:00,SHORT,1512.85,1505.29,tp,0.004025,1,0.7194,3
2022-07-21 14:10:00,LONG,1491.79,1499.24,tp,0.004,1,0.6658,3
2022-07-21 14:15:00,SHORT,1498.07,1490.58,tp,0.004025,1,0.6741,3
2022-07-21 14:30:00,LONG,1481.91,1489.32,tp,0.004,1,0.7389,3
2022-07-21 15:05:00,SHORT,1507.75,1512.27,sl,-0.003991,0,0.6676,3
2022-07-21 18:05:00,SHORT,1545.23,1537.5,tp,0.004025,1,0.7124,3
2022-07-21 18:45:00,SHORT,1543.43,1548.06,sl,-0.003991,0,0.7263,3
2022-07-21 20:00:00,SHORT,1592.04,1584.08,tp,0.004025,1,0.745,3
2022-07-21 20:40:00,SHORT,1596.15,1588.17,tp,0.004025,1,0.6618,3
2022-07-21 21:25:00,SHORT,1592.53,1584.57,tp,0.004025,1,0.7144,3
2022-07-22 00:30:00,SHORT,1590.49,1595.27,sl,-0.003991,0,0.7113,3
2022-07-22 08:10:00,SHORT,1612.53,1604.47,tp,0.004025,1,0.7031,3
2022-07-22 08:25:00,SHORT,1613.83,1605.76,tp,0.004025,1,0.7144,3
2022-07-22 09:05:00,SHORT,1639.56,1644.48,sl,-0.003991,0,0.6778,3
2022-07-22 14:05:00,LONG,1590.2,1598.16,tp,0.004,1,0.6904,3
2022-07-22 14:15:00,SHORT,1599.72,1604.52,sl,-0.003991,0,0.6523,3
2022-07-22 15:40:00,LONG,1573.45,1568.73,sl,-0.004,0,0.6519,3
2022-07-22 15:50:00,SHORT,1575.81,1567.93,tp,0.004025,1,0.6783,3
2022-07-22 17:05:00,SHORT,1589.55,1581.61,tp,0.004025,1,0.6518,3
2022-07-22 20:00:00,LONG,1524.67,1532.3,tp,0.004,1,0.651,3
2022-07-22 20:15:00,SHORT,1533.3,1525.64,tp,0.004025,1,0.6536,3
2022-07-22 22:45:00,SHORT,1543.2,1535.48,tp,0.004025,1,0.6518,3
2022-07-22 23:05:00,SHORT,1541.64,1533.93,tp,0.004025,1,0.6919,3
2022-07-23 12:20:00,SHORT,1524.1,1528.67,sl,-0.003991,0,0.664,3
2022-07-23 13:15:00,SHORT,1527.89,1532.47,sl,-0.003991,0,0.6674,3
2022-07-23 13:50:00,SHORT,1535.72,1528.04,tp,0.004025,1,0.703,3
2022-07-23 18:55:00,LONG,1499.77,1495.27,sl,-0.004,0,0.6888,3
2022-07-23 23:15:00,SHORT,1551.09,1555.75,sl,-0.003991,0,0.6689,3
2022-07-24 00:00:00,SHORT,1567.33,1572.03,sl,-0.003991,0,0.6643,3
2022-07-24 06:25:00,SHORT,1617.69,1609.6,tp,0.004025,1,0.6686,3
2022-07-24 11:45:00,LONG,1616.33,1611.48,sl,-0.004,0,0.6607,3
2022-07-24 12:00:00,LONG,1607.21,1615.25,tp,0.004,1,0.6663,3
2022-07-24 14:20:00,SHORT,1610.43,1615.27,sl,-0.003991,0,0.6679,3
2022-07-24 18:15:00,SHORT,1604.78,1596.75,tp,0.004025,1,0.6559,3
2022-07-24 23:55:00,LONG,1598.5,1606.49,tp,0.004,1,0.6605,3
2022-07-25 01:05:00,LONG,1553.51,1548.85,sl,-0.004,0,0.7399,3
2022-07-25 01:25:00,LONG,1551.23,1546.57,sl,-0.004,0,0.6795,3
2022-07-25 02:35:00,LONG,1521.56,1517.0,sl,-0.004,0,0.6521,3
2022-07-25 02:45:00,SHORT,1521.84,1514.23,tp,0.004025,1,0.656,3
2022-07-25 05:40:00,SHORT,1526.5,1518.86,tp,0.004025,1,0.6756,3
2022-07-25 05:55:00,SHORT,1527.25,1519.61,tp,0.004025,1,0.6647,3
2022-07-25 12:05:00,LONG,1519.74,1527.34,tp,0.004,1,0.6766,3
2022-07-25 16:00:00,SHORT,1531.83,1524.17,tp,0.004025,1,0.6999,3
2022-07-25 16:35:00,LONG,1516.22,1523.8,tp,0.004,1,0.6575,3
2022-07-25 20:00:00,SHORT,1514.22,1518.77,sl,-0.003991,0,0.7211,3
2022-07-25 20:40:00,SHORT,1530.24,1522.59,tp,0.004025,1,0.6928,3
2022-07-25 21:30:00,SHORT,1522.25,1514.64,tp,0.004025,1,0.7047,3
2022-07-25 22:30:00,LONG,1470.71,1478.07,tp,0.004,1,0.7332,3
2022-07-25 23:50:00,SHORT,1446.83,1439.59,tp,0.004025,1,0.6687,3
2022-07-26 00:55:00,LONG,1416.09,1423.17,tp,0.004,1,0.7359,3
2022-07-26 01:35:00,LONG,1414.07,1421.14,tp,0.004,1,0.7038,3
2022-07-26 02:05:00,SHORT,1424.41,1417.29,tp,0.004025,1,0.6857,3
2022-07-26 02:35:00,SHORT,1421.36,1414.25,tp,0.004025,1,0.6645,3
2022-07-26 03:30:00,SHORT,1435.84,1428.66,tp,0.004025,1,0.72,3
2022-07-26 13:00:00,SHORT,1390.58,1383.63,tp,0.004025,1,0.6728,3
2022-07-26 17:05:00,SHORT,1393.53,1386.57,tp,0.004025,1,0.6816,3
2022-07-26 18:40:00,LONG,1369.08,1364.98,sl,-0.004,0,0.6905,3
2022-07-26 20:00:00,LONG,1361.53,1368.34,tp,0.004,1,0.6827,3
2022-07-26 22:35:00,SHORT,1409.75,1413.98,sl,-0.003991,0,0.6523,3
2022-07-27 00:10:00,SHORT,1453.27,1446.01,tp,0.004025,1,0.6932,3
2022-07-27 18:30:00,LONG,1540.32,1548.02,tp,0.004,1,0.7445,3
2022-07-27 18:40:00,LONG,1581.32,1576.58,sl,-0.004,0,0.6715,3
2022-07-27 20:00:00,SHORT,1594.42,1586.45,tp,0.004025,1,0.7204,3
2022-07-27 20:35:00,SHORT,1603.02,1607.83,sl,-0.003991,0,0.6598,3
2022-07-27 21:05:00,SHORT,1600.38,1605.18,sl,-0.003991,0,0.7107,3
2022-07-27 21:25:00,SHORT,1604.12,1596.1,tp,0.004025,1,0.7092,3
2022-07-27 21:40:00,SHORT,1607.41,1612.23,sl,-0.003991,0,0.688,3
2022-07-27 22:10:00,SHORT,1625.11,1629.98,sl,-0.003991,0,0.708,3
2022-07-27 23:50:00,SHORT,1639.31,1631.11,tp,0.004025,1,0.7208,3
2022-07-28 00:40:00,LONG,1613.62,1608.78,sl,-0.004,0,0.6502,3
2022-07-28 02:45:00,SHORT,1671.03,1676.05,sl,-0.003991,0,0.7154,3
2022-07-28 11:00:00,SHORT,1625.69,1630.56,sl,-0.003991,0,0.6502,3
2022-07-28 11:55:00,SHORT,1640.7,1632.5,tp,0.004025,1,0.6713,3
2022-07-28 12:45:00,SHORT,1641.32,1646.24,sl,-0.003991,0,0.6928,3
2022-07-28 13:00:00,LONG,1629.92,1638.07,tp,0.004,1,0.7086,3
2022-07-28 13:50:00,LONG,1618.67,1613.81,sl,-0.004,0,0.7188,3
2022-07-28 14:05:00,LONG,1620.64,1628.74,tp,0.004,1,0.6523,3
2022-07-28 14:15:00,SHORT,1628.1,1632.98,sl,-0.003991,0,0.657,3
2022-07-28 15:50:00,SHORT,1745.78,1737.05,tp,0.004025,1,0.7721,3
2022-07-28 16:25:00,SHORT,1737.26,1728.57,tp,0.004025,1,0.7171,3
2022-07-28 16:50:00,SHORT,1727.27,1732.45,sl,-0.003991,0,0.735,3
2022-07-28 17:40:00,SHORT,1742.67,1747.9,sl,-0.003991,0,0.7113,3
2022-07-28 17:55:00,SHORT,1747.14,1738.4,tp,0.004025,1,0.7646,3
2022-07-28 18:35:00,SHORT,1724.14,1715.52,tp,0.004025,1,0.7282,3
2022-07-28 19:45:00,SHORT,1728.09,1719.45,tp,0.004025,1,0.6883,3
2022-07-28 20:10:00,SHORT,1734.58,1739.79,sl,-0.003991,0,0.687,3
2022-07-28 20:35:00,SHORT,1774.22,1765.35,tp,0.004025,1,0.6955,3
2022-07-28 21:00:00,SHORT,1763.14,1768.43,sl,-0.003991,0,0.6728,3
2022-07-28 21:55:00,SHORT,1744.11,1735.39,tp,0.004025,1,0.6885,3
2022-07-28 22:20:00,SHORT,1748.11,1739.36,tp,0.004025,1,0.6989,3
2022-07-29 00:15:00,LONG,1699.58,1708.08,tp,0.004,1,0.6679,3
2022-07-29 01:40:00,LONG,1704.92,1713.45,tp,0.004,1,0.6765,3
2022-07-29 02:15:00,SHORT,1723.9,1715.28,tp,0.004025,1,0.6509,3
2022-07-29 02:20:00,LONG,1704.59,1713.11,tp,0.004,1,0.713,3
2022-07-29 02:40:00,SHORT,1715.34,1706.77,tp,0.004025,1,0.6521,3
2022-07-29 02:50:00,LONG,1708.55,1717.1,tp,0.004,1,0.6999,3
2022-07-29 04:30:00,SHORT,1735.38,1740.59,sl,-0.003991,0,0.6621,3
2022-07-29 12:00:00,LONG,1674.83,1683.2,tp,0.004,1,0.7094,3
2022-07-29 12:45:00,LONG,1658.76,1667.05,tp,0.004,1,0.7265,3
2022-07-29 12:50:00,SHORT,1667.86,1672.86,sl,-0.003991,0,0.688,3
2022-07-29 14:30:00,LONG,1728.96,1737.61,tp,0.004,1,0.671,3
2022-07-29 15:00:00,LONG,1717.61,1726.2,tp,0.004,1,0.6901,3
2022-07-29 15:40:00,SHORT,1722.46,1713.85,tp,0.004025,1,0.7284,3
2022-07-29 16:25:00,LONG,1670.33,1678.69,tp,0.004,1,0.6875,3
2022-07-29 16:50:00,SHORT,1692.68,1684.22,tp,0.004025,1,0.6957,3
2022-07-29 17:45:00,SHORT,1700.97,1692.46,tp,0.004025,1,0.7102,3
2022-07-29 18:15:00,SHORT,1732.65,1723.99,tp,0.004025,1,0.7127,3
2022-07-29 18:45:00,SHORT,1725.38,1730.55,sl,-0.003991,0,0.7044,3
2022-07-29 20:05:00,SHORT,1737.73,1729.04,tp,0.004025,1,0.7473,3
2022-07-29 20:45:00,SHORT,1732.98,1738.18,sl,-0.003991,0,0.7052,3
2022-07-29 21:00:00,SHORT,1733.28,1724.62,tp,0.004025,1,0.6889,3
2022-07-29 21:20:00,SHORT,1728.41,1719.76,tp,0.004025,1,0.705,3
2022-07-29 23:25:00,SHORT,1760.26,1751.46,tp,0.004025,1,0.7056,3
2022-07-30 00:15:00,SHORT,1733.84,1725.17,tp,0.004025,1,0.7182,3
2022-07-30 01:30:00,SHORT,1728.13,1719.48,tp,0.004025,1,0.6787,3
2022-07-30 01:55:00,SHORT,1722.19,1713.58,tp,0.004025,1,0.6895,3
2022-07-30 02:30:00,LONG,1704.39,1712.91,tp,0.004,1,0.6668,3
2022-07-30 02:50:00,LONG,1706.89,1701.77,sl,-0.004,0,0.671,3
2022-07-30 03:40:00,LONG,1700.01,1708.51,tp,0.004,1,0.6621,3
2022-07-30 10:40:00,LONG,1682.4,1690.81,tp,0.004,1,0.6822,3
2022-07-30 11:40:00,SHORT,1710.64,1702.09,tp,0.004025,1,0.6535,3
2022-07-30 13:45:00,SHORT,1728.66,1720.01,tp,0.004025,1,0.6626,3
2022-07-30 14:10:00,SHORT,1725.73,1717.1,tp,0.004025,1,0.6578,3
2022-07-30 23:50:00,SHORT,1696.57,1688.09,tp,0.004025,1,0.6571,3
2022-07-31 00:00:00,LONG,1688.33,1696.78,tp,0.004,1,0.6635,3
2022-07-31 00:30:00,SHORT,1708.63,1700.08,tp,0.004025,1,0.6815,3
2022-07-31 00:55:00,SHORT,1708.63,1700.08,tp,0.004025,1,0.6698,3
2022-07-31 22:35:00,LONG,1670.29,1678.65,tp,0.004,1,0.6574,3
2022-07-31 22:55:00,SHORT,1683.85,1688.9,sl,-0.003991,0,0.654,3
2022-08-01 14:55:00,SHORT,1684.85,1676.42,tp,0.004025,1,0.6559,3
2022-08-01 15:45:00,SHORT,1677.67,1669.28,tp,0.004025,1,0.6988,3
2022-08-01 16:35:00,LONG,1655.92,1650.95,sl,-0.004,0,0.6612,3
2022-08-01 17:00:00,LONG,1647.85,1642.91,sl,-0.004,0,0.6954,3
2022-08-01 23:10:00,SHORT,1640.96,1632.75,tp,0.004025,1,0.6802,3
2022-08-01 23:35:00,SHORT,1638.72,1630.53,tp,0.004025,1,0.6596,3
2022-08-02 02:15:00,SHORT,1610.38,1602.33,tp,0.004025,1,0.6517,3
2022-08-02 14:50:00,LONG,1627.42,1622.54,sl,-0.004,0,0.6877,3
2022-08-02 15:45:00,SHORT,1627.35,1632.23,sl,-0.003991,0,0.6949,3
2022-08-02 16:25:00,SHORT,1670.01,1675.02,sl,-0.003991,0,0.7513,3
2022-08-02 17:00:00,SHORT,1675.19,1666.82,tp,0.004025,1,0.743,3
2022-08-02 18:10:00,SHORT,1663.12,1654.8,tp,0.004025,1,0.721,3
2022-08-02 20:40:00,SHORT,1653.02,1644.76,tp,0.004025,1,0.7011,3
2022-08-02 23:00:00,SHORT,1648.23,1639.98,tp,0.004025,1,0.6843,3
2022-08-03 00:05:00,SHORT,1635.68,1627.5,tp,0.004025,1,0.6628,3
2022-08-03 00:25:00,LONG,1606.18,1601.36,sl,-0.004,0,0.6803,3
2022-08-03 02:35:00,SHORT,1615.72,1607.64,tp,0.004025,1,0.6864,3
2022-08-03 03:45:00,SHORT,1619.01,1623.87,sl,-0.003991,0,0.6505,3
2022-08-03 12:45:00,LONG,1652.38,1660.64,tp,0.004,1,0.6533,3
2022-08-03 13:35:00,SHORT,1664.42,1656.1,tp,0.004025,1,0.6513,3
2022-08-03 20:30:00,LONG,1633.7,1641.86,tp,0.004,1,0.6528,3
2022-08-04 01:35:00,SHORT,1655.29,1647.02,tp,0.004025,1,0.7012,3
2022-08-04 02:25:00,SHORT,1656.84,1648.56,tp,0.004025,1,0.687,3
2022-08-04 14:30:00,LONG,1599.91,1607.91,tp,0.004,1,0.6897,3
2022-08-04 17:25:00,SHORT,1594.82,1586.85,tp,0.004025,1,0.6505,3
2022-08-04 19:45:00,LONG,1587.11,1595.05,tp,0.004,1,0.6742,3
2022-08-05 12:45:00,LONG,1675.65,1684.03,tp,0.004,1,0.6838,3
2022-08-05 16:30:00,LONG,1660.32,1668.62,tp,0.004,1,0.6709,3
2022-08-05 23:35:00,SHORT,1725.54,1716.91,tp,0.004025,1,0.6965,3
2022-08-06 00:00:00,SHORT,1743.97,1735.25,tp,0.004025,1,0.7224,3
2022-08-08 09:10:00,LONG,1769.68,1767.78,timeout,-0.002079,0,0.6664,3
2022-08-09 11:45:00,LONG,1696.1,1704.58,tp,0.004,1,0.6808,3
2022-08-09 11:55:00,SHORT,1703.19,1708.3,sl,-0.003991,0,0.6849,3
2022-08-09 12:35:00,SHORT,1713.72,1705.15,tp,0.004025,1,0.6667,3
2022-08-09 13:05:00,SHORT,1707.64,1712.76,sl,-0.003991,0,0.6687,3
2022-08-09 14:05:00,LONG,1672.3,1680.66,tp,0.004,1,0.6792,3
2022-08-10 12:45:00,LONG,1796.14,1805.12,tp,0.004,1,0.6697,3
2022-08-10 12:55:00,SHORT,1822.09,1827.55,sl,-0.003991,0,0.7081,3
2022-08-10 13:10:00,LONG,1820.16,1829.26,tp,0.004,1,0.6515,3
2022-08-10 13:20:00,SHORT,1837.89,1843.4,sl,-0.003991,0,0.6737,3
2022-08-10 13:55:00,LONG,1829.9,1839.05,tp,0.004,1,0.6873,3
2022-08-10 14:45:00,SHORT,1842.86,1848.39,sl,-0.003991,0,0.7094,3
2022-08-10 15:30:00,SHORT,1843.96,1834.74,tp,0.004025,1,0.6821,3
2022-08-11 01:25:00,SHORT,1889.6,1880.16,tp,0.004025,1,0.6946,3
2022-08-11 02:30:00,SHORT,1880.32,1870.92,tp,0.004025,1,0.6954,3
2022-08-11 03:00:00,SHORT,1878.35,1883.99,sl,-0.003991,0,0.6644,3
2022-08-11 03:15:00,SHORT,1880.05,1885.69,sl,-0.003991,0,0.7134,3
2022-08-11 04:05:00,SHORT,1884.42,1890.07,sl,-0.003991,0,0.6614,3
2022-08-11 06:05:00,SHORT,1895.61,1886.13,tp,0.004025,1,0.6761,3
2022-08-11 13:25:00,SHORT,1912.55,1902.99,tp,0.004025,1,0.6991,3
2022-08-11 14:10:00,SHORT,1920.29,1910.69,tp,0.004025,1,0.6621,3
2022-08-11 15:15:00,LONG,1891.16,1900.61,tp,0.004,1,0.7064,3
2022-08-11 18:50:00,LONG,1883.88,1878.23,sl,-0.004,0,0.6644,3
2022-08-15 06:50:00,LONG,1904.3,1898.59,sl,-0.004,0,0.653,3
2022-08-15 07:15:00,SHORT,1912.35,1902.79,tp,0.004025,1,0.6762,3
2022-08-15 07:30:00,SHORT,1913.78,1904.21,tp,0.004025,1,0.6576,3
2022-08-15 07:35:00,LONG,1888.76,1898.21,tp,0.004,1,0.6893,3
2022-08-15 13:55:00,SHORT,1915.44,1905.86,tp,0.004025,1,0.6628,3
2022-08-15 14:10:00,LONG,1903.71,1898.0,sl,-0.004,0,0.6702,3
2022-08-15 14:30:00,SHORT,1908.45,1898.9,tp,0.004025,1,0.6502,3
2022-08-15 18:05:00,LONG,1893.18,1887.84,timeout,-0.003821,0,0.6808,3
2022-08-15 19:55:00,LONG,1890.51,1899.97,tp,0.004,1,0.6543,3
2022-08-16 03:10:00,LONG,1863.6,1872.92,tp,0.004,1,0.6808,3
2022-08-16 18:15:00,SHORT,1893.91,1884.44,tp,0.004025,1,0.6522,3
2022-08-17 00:35:00,SHORT,1896.55,1887.07,tp,0.004025,1,0.6704,3
2022-08-17 14:20:00,SHORT,1832.05,1822.89,tp,0.004025,1,0.6657,3
2022-08-17 15:20:00,SHORT,1837.23,1828.04,tp,0.004025,1,0.6507,3
2022-08-18 01:25:00,SHORT,1853.59,1859.15,sl,-0.003991,0,0.6541,3
2022-08-19 01:25:00,LONG,1809.08,1818.13,tp,0.004,1,0.6862,3
2022-08-19 08:35:00,SHORT,1737.1,1742.31,sl,-0.003991,0,0.6729,3
2022-08-19 11:35:00,LONG,1688.92,1697.37,tp,0.004,1,0.6744,3
2022-08-19 12:10:00,LONG,1697.77,1706.26,tp,0.004,1,0.6761,3
2022-08-19 12:15:00,SHORT,1703.47,1694.95,tp,0.004025,1,0.6681,3
2022-08-19 15:15:00,SHORT,1694.38,1699.47,sl,-0.003991,0,0.6575,3
2022-08-19 17:10:00,SHORT,1722.96,1714.34,tp,0.004025,1,0.6726,3
2022-08-19 19:50:00,SHORT,1704.63,1696.1,tp,0.004025,1,0.6508,3
2022-08-19 22:10:00,SHORT,1664.32,1656.0,tp,0.004025,1,0.6534,3
2022-08-19 22:35:00,LONG,1625.03,1620.16,sl,-0.004,0,0.7274,3
2022-08-19 23:00:00,SHORT,1624.75,1616.62,tp,0.004025,1,0.6859,3
2022-08-20 00:40:00,SHORT,1634.69,1626.52,tp,0.004025,1,0.68,3
2022-08-20 01:00:00,SHORT,1628.69,1620.54,tp,0.004025,1,0.6866,3
2022-08-20 19:15:00,SHORT,1575.62,1567.74,tp,0.004025,1,0.6564,3
2022-08-20 19:35:00,LONG,1559.12,1566.91,tp,0.004,1,0.7394,3
2022-08-20 21:25:00,LONG,1549.62,1557.37,tp,0.004,1,0.6757,3
2022-08-20 22:05:00,SHORT,1585.95,1578.02,tp,0.004025,1,0.7243,3
2022-08-20 22:45:00,SHORT,1572.73,1577.45,sl,-0.003991,0,0.6577,3
2022-08-21 00:20:00,SHORT,1592.07,1584.11,tp,0.004025,1,0.6999,3
2022-08-21 01:50:00,SHORT,1596.18,1588.2,tp,0.004025,1,0.6507,3
2022-08-21 05:05:00,LONG,1578.32,1586.21,tp,0.004,1,0.6612,3
2022-08-21 08:30:00,LONG,1592.79,1600.75,tp,0.004,1,0.6511,3
2022-08-21 09:15:00,SHORT,1614.59,1606.52,tp,0.004025,1,0.684,3
2022-08-21 10:20:00,SHORT,1626.04,1617.91,tp,0.004025,1,0.6914,3
2022-08-21 13:10:00,SHORT,1625.4,1617.27,tp,0.004025,1,0.6624,3
2022-08-21 21:20:00,SHORT,1644.01,1635.79,tp,0.004025,1,0.6654,3
2022-08-21 21:40:00,LONG,1620.69,1628.79,tp,0.004,1,0.6658,3
2022-08-21 23:05:00,SHORT,1627.85,1619.71,tp,0.004025,1,0.6649,3
2022-08-22 00:40:00,SHORT,1614.44,1606.37,tp,0.004025,1,0.6525,3
2022-08-22 01:00:00,SHORT,1611.26,1603.21,tp,0.004025,1,0.6518,3
2022-08-22 07:30:00,LONG,1573.4,1568.68,sl,-0.004,0,0.6549,3
2022-08-22 08:30:00,LONG,1535.16,1530.55,sl,-0.004,0,0.6925,3
2022-08-22 08:55:00,SHORT,1563.03,1555.21,tp,0.004025,1,0.6844,3
2022-08-22 09:10:00,SHORT,1564.6,1556.77,tp,0.004025,1,0.6543,3
2022-08-22 10:05:00,LONG,1558.34,1566.13,tp,0.004,1,0.6546,3
2022-08-22 11:20:00,SHORT,1576.52,1568.64,tp,0.004025,1,0.6887,3
2022-08-22 16:10:00,LONG,1581.79,1577.05,sl,-0.004,0,0.66,3
2022-08-22 16:20:00,SHORT,1582.62,1579.21,timeout,0.001159,1,0.6868,3
2022-08-22 16:50:00,SHORT,1580.71,1572.81,tp,0.004025,1,0.6766,3
2022-08-22 23:50:00,SHORT,1626.18,1618.05,tp,0.004025,1,0.6796,3
2022-08-23 00:25:00,SHORT,1632.18,1624.02,tp,0.004025,1,0.7047,3
2022-08-23 01:10:00,SHORT,1636.93,1628.75,tp,0.004025,1,0.7005,3
2022-08-23 07:15:00,SHORT,1592.04,1596.82,sl,-0.003991,0,0.6549,3
2022-08-23 13:40:00,LONG,1616.34,1624.42,tp,0.004,1,0.6503,3
2022-08-23 14:30:00,SHORT,1647.68,1639.44,tp,0.004025,1,0.7015,3
2022-08-23 15:15:00,SHORT,1644.15,1635.93,tp,0.004025,1,0.6561,3
2022-08-24 00:40:00,LONG,1635.53,1643.7,tp,0.004,1,0.6534,3
2022-08-24 01:00:00,LONG,1638.63,1633.71,sl,-0.004,0,0.6673,3
2022-08-24 01:20:00,LONG,1628.61,1623.73,sl,-0.004,0,0.6845,3
2022-08-25 06:20:00,LONG,1696.0,1690.91,sl,-0.004,0,0.6617,3
2022-08-26 12:30:00,SHORT,1664.17,1669.16,sl,-0.003991,0,0.6718,3
2022-08-26 13:00:00,SHORT,1701.17,1692.66,tp,0.004025,1,0.7151,3
2022-08-26 14:35:00,LONG,1646.0,1654.23,tp,0.004,1,0.7028,3
2022-08-26 15:00:00,LONG,1603.39,1611.41,tp,0.004,1,0.7683,3
2022-08-26 15:40:00,LONG,1591.67,1599.62,tp,0.004,1,0.7145,3
2022-08-26 15:50:00,SHORT,1598.94,1590.95,tp,0.004025,1,0.7102,3
2022-08-26 16:00:00,LONG,1590.61,1598.57,tp,0.004,1,0.7003,3
2022-08-26 16:10:00,SHORT,1598.1,1590.11,tp,0.004025,1,0.6943,3
2022-08-26 16:25:00,LONG,1570.15,1578.01,tp,0.004,1,0.6622,3
2022-08-26 17:00:00,SHORT,1580.86,1572.95,tp,0.004025,1,0.6605,3
2022-08-26 17:15:00,LONG,1574.66,1582.53,tp,0.004,1,0.6801,3
2022-08-26 17:25:00,SHORT,1577.48,1569.59,tp,0.004025,1,0.6564,3
2022-08-26 18:05:00,LONG,1548.52,1543.88,sl,-0.004,0,0.6883,3
2022-08-26 18:25:00,LONG,1543.19,1550.91,tp,0.004,1,0.7104,3
2022-08-26 19:05:00,LONG,1556.17,1563.95,tp,0.004,1,0.6596,3
2022-08-26 21:00:00,SHORT,1559.23,1551.43,tp,0.004025,1,0.654,3
2022-08-26 23:15:00,LONG,1512.8,1520.36,tp,0.004,1,0.7107,3
2022-08-26 23:30:00,LONG,1508.6,1504.08,sl,-0.004,0,0.6572,3
2022-08-26 23:45:00,LONG,1497.04,1504.52,tp,0.004,1,0.6796,3
2022-08-26 23:55:00,SHORT,1507.43,1499.89,tp,0.004025,1,0.6655,3
2022-08-27 00:45:00,SHORT,1516.78,1509.2,tp,0.004025,1,0.6942,3
2022-08-27 01:05:00,SHORT,1516.05,1508.47,tp,0.004025,1,0.7068,3
2022-08-27 01:50:00,SHORT,1514.01,1506.44,tp,0.004025,1,0.705,3
2022-08-27 03:50:00,SHORT,1504.25,1496.73,tp,0.004025,1,0.6614,3
2022-08-27 05:40:00,LONG,1475.83,1483.21,tp,0.004,1,0.6541,3
2022-08-27 06:55:00,SHORT,1498.83,1491.34,tp,0.004025,1,0.6803,3
2022-08-27 07:30:00,SHORT,1502.39,1506.9,sl,-0.003991,0,0.6881,3
2022-08-27 16:30:00,SHORT,1458.65,1463.03,sl,-0.003991,0,0.6547,3
2022-08-27 17:15:00,SHORT,1472.93,1477.35,sl,-0.003991,0,0.6599,3
2022-08-27 17:35:00,SHORT,1482.35,1474.94,tp,0.004025,1,0.7166,3
2022-08-29 00:00:00,SHORT,1430.05,1422.9,tp,0.004025,1,0.6891,3
2022-08-29 00:15:00,LONG,1425.0,1432.13,tp,0.004,1,0.6671,3
2022-08-29 12:45:00,LONG,1477.06,1484.44,tp,0.004,1,0.6946,3
2022-08-30 05:25:00,SHORT,1586.53,1578.59,tp,0.004025,1,0.6573,3
2022-08-30 11:35:00,LONG,1580.02,1587.92,tp,0.004,1,0.6521,3
2022-08-30 12:30:00,LONG,1564.69,1572.52,tp,0.004,1,0.6523,3
2022-08-30 16:45:00,LONG,1491.66,1487.18,sl,-0.004,0,0.6567,3
2022-08-30 17:15:00,LONG,1479.03,1486.42,tp,0.004,1,0.7003,3
2022-08-30 17:30:00,SHORT,1483.3,1487.75,sl,-0.003991,0,0.6571,3
2022-08-30 19:20:00,SHORT,1567.16,1559.32,tp,0.004025,1,0.743,3
2022-08-30 20:15:00,SHORT,1542.42,1547.05,sl,-0.003991,0,0.7115,3
2022-08-30 20:45:00,SHORT,1563.93,1556.11,tp,0.004025,1,0.7313,3
2022-08-30 22:10:00,SHORT,1542.39,1534.68,tp,0.004025,1,0.7057,3
2022-08-30 23:50:00,LONG,1519.69,1527.29,tp,0.004,1,0.6897,3
2022-08-31 00:40:00,SHORT,1554.17,1546.4,tp,0.004025,1,0.6923,3
2022-08-31 03:20:00,SHORT,1610.08,1603.63,timeout,0.003024,1,0.7023,3
2022-08-31 04:00:00,SHORT,1610.09,1614.92,sl,-0.003991,0,0.6787,3
2022-08-31 09:05:00,LONG,1570.05,1577.9,tp,0.004,1,0.6841,3
2022-08-31 10:50:00,SHORT,1603.3,1595.28,tp,0.004025,1,0.7013,3
2022-08-31 11:20:00,SHORT,1597.18,1589.2,tp,0.004025,1,0.665,3
2022-08-31 11:35:00,LONG,1587.36,1595.3,tp,0.004,1,0.6583,3
2022-08-31 12:15:00,SHORT,1602.56,1594.55,tp,0.004025,1,0.6678,3
2022-08-31 12:20:00,LONG,1580.98,1588.88,tp,0.004,1,0.6718,3
2022-08-31 13:35:00,LONG,1584.88,1592.81,tp,0.004,1,0.6582,3
2022-08-31 14:05:00,LONG,1585.9,1593.83,tp,0.004,1,0.6729,3
2022-08-31 14:10:00,SHORT,1591.16,1583.21,tp,0.004025,1,0.6559,3
2022-08-31 16:20:00,LONG,1551.7,1559.45,tp,0.004,1,0.6923,3
2022-08-31 17:10:00,SHORT,1558.44,1550.65,tp,0.004025,1,0.6529,3
2022-08-31 18:05:00,SHORT,1550.82,1543.07,tp,0.004025,1,0.6637,3
2022-08-31 18:30:00,LONG,1541.35,1549.06,tp,0.004,1,0.6973,3
2022-08-31 18:45:00,SHORT,1547.43,1552.07,sl,-0.003991,0,0.6653,3
2022-08-31 19:15:00,SHORT,1575.8,1580.53,sl,-0.003991,0,0.7051,3
2022-08-31 19:45:00,SHORT,1584.36,1576.44,tp,0.004025,1,0.6822,3
2022-08-31 23:15:00,LONG,1553.22,1548.56,sl,-0.004,0,0.694,3
2022-09-01 10:20:00,LONG,1553.08,1560.84,tp,0.004,1,0.6585,3
2022-09-01 13:30:00,LONG,1557.8,1565.59,tp,0.004,1,0.6669,3
2022-09-01 22:10:00,SHORT,1595.44,1587.46,tp,0.004025,1,0.6649,3
2022-09-02 12:30:00,LONG,1606.1,1614.13,tp,0.004,1,0.6647,3
2022-09-02 13:40:00,LONG,1632.12,1627.22,sl,-0.004,0,0.6724,3
2022-09-02 15:00:00,SHORT,1642.95,1634.73,tp,0.004025,1,0.668,3
2022-09-06 02:05:00,LONG,1626.45,1634.59,tp,0.004,1,0.6503,3
2022-09-06 17:45:00,LONG,1582.9,1590.82,tp,0.004,1,0.6585,3
2022-09-06 18:00:00,LONG,1584.69,1592.62,tp,0.004,1,0.6749,3
2022-09-06 18:40:00,LONG,1571.37,1566.65,sl,-0.004,0,0.6961,3
2022-09-06 20:05:00,LONG,1560.36,1555.68,sl,-0.004,0,0.6815,3
2022-09-06 20:20:00,SHORT,1568.84,1573.54,sl,-0.003991,0,0.6608,3
2022-09-06 21:00:00,SHORT,1585.72,1585.92,timeout,-0.00113,0,0.6738,3
2022-09-06 23:15:00,LONG,1569.96,1565.25,sl,-0.004,0,0.6701,3
2022-09-07 00:40:00,LONG,1526.4,1534.03,tp,0.004,1,0.7054,3
2022-09-07 20:20:00,LONG,1630.05,1638.2,tp,0.004,1,0.6713,3
2022-09-08 00:35:00,LONG,1615.37,1623.44,tp,0.004,1,0.6583,3
2022-09-08 10:10:00,LONG,1629.81,1637.96,tp,0.004,1,0.6887,3
2022-09-08 13:40:00,SHORT,1644.55,1636.32,tp,0.004025,1,0.667,3
2022-09-08 14:00:00,LONG,1621.14,1629.25,tp,0.004,1,0.6977,3
2022-09-08 15:30:00,SHORT,1642.36,1634.15,tp,0.004025,1,0.6769,3
2022-09-09 00:15:00,SHORT,1643.03,1644.99,timeout,-0.002194,0,0.6716,3
2022-09-09 05:30:00,SHORT,1712.27,1703.71,tp,0.004025,1,0.6724,3
2022-09-09 13:00:00,LONG,1716.4,1724.98,tp,0.004,1,0.6555,3
2022-09-09 19:35:00,LONG,1712.14,1720.7,tp,0.004,1,0.6502,3
2022-09-12 15:55:00,SHORT,1705.55,1710.66,sl,-0.003991,0,0.6509,3
2022-09-12 17:15:00,SHORT,1716.79,1708.21,tp,0.004025,1,0.6612,3
2022-09-12 17:55:00,SHORT,1728.22,1719.57,tp,0.004025,1,0.6712,3
2022-09-13 00:45:00,SHORT,1688.72,1693.78,sl,-0.003991,0,0.6893,3
2022-09-13 01:10:00,SHORT,1693.93,1685.46,tp,0.004025,1,0.6997,3
2022-09-13 12:50:00,LONG,1625.83,1633.96,tp,0.004,1,0.7765,3
2022-09-13 13:30:00,SHORT,1613.01,1604.95,tp,0.004025,1,0.6841,3
2022-09-13 13:35:00,LONG,1610.89,1606.05,sl,-0.004,0,0.6542,3
2022-09-13 13:45:00,SHORT,1611.52,1603.47,tp,0.004025,1,0.7167,3
2022-09-13 14:00:00,LONG,1600.89,1608.89,tp,0.004,1,0.6788,3
2022-09-13 14:15:00,SHORT,1612.45,1604.39,tp,0.004025,1,0.7131,3
2022-09-13 14:50:00,LONG,1579.31,1587.21,tp,0.004,1,0.6922,3
2022-09-13 15:55:00,SHORT,1593.65,1598.43,sl,-0.003991,0,0.7043,3
2022-09-13 16:45:00,SHORT,1611.85,1616.69,sl,-0.003991,0,0.6673,3
2022-09-13 18:15:00,SHORT,1619.37,1611.27,tp,0.004025,1,0.6542,3
2022-09-14 01:05:00,SHORT,1577.46,1582.19,sl,-0.003991,0,0.6768,3
2022-09-14 01:25:00,SHORT,1579.67,1584.41,sl,-0.003991,0,0.7278,3
2022-09-14 02:55:00,SHORT,1600.31,1605.11,sl,-0.003991,0,0.6828,3
2022-09-14 09:05:00,SHORT,1605.5,1597.47,tp,0.004025,1,0.6761,3
2022-09-14 12:45:00,LONG,1601.49,1609.5,tp,0.004,1,0.6643,3
2022-09-14 13:10:00,SHORT,1609.56,1601.52,tp,0.004025,1,0.6575,3
2022-09-14 22:40:00,SHORT,1641.07,1645.99,sl,-0.003991,0,0.6786,3
2022-09-14 23:00:00,SHORT,1642.27,1634.06,tp,0.004025,1,0.655,3
2022-09-15 00:20:00,SHORT,1651.96,1643.7,tp,0.004025,1,0.703,3
2022-09-15 01:05:00,LONG,1602.58,1610.59,tp,0.004,1,0.6896,3
2022-09-15 05:55:00,SHORT,1619.18,1611.08,tp,0.004025,1,0.6776,3
2022-09-15 06:40:00,LONG,1597.69,1605.68,tp,0.004,1,0.6583,3
2022-09-15 07:35:00,LONG,1625.8,1633.93,tp,0.004,1,0.7043,3
2022-09-15 07:55:00,SHORT,1635.83,1627.65,tp,0.004025,1,0.7278,3
2022-09-15 08:05:00,LONG,1621.77,1616.91,sl,-0.004,0,0.6735,3
2022-09-15 09:25:00,LONG,1589.3,1584.54,sl,-0.004,0,0.6853,3
2022-09-15 13:35:00,LONG,1575.81,1583.69,tp,0.004,1,0.6545,3
2022-09-15 14:40:00,SHORT,1518.26,1510.67,tp,0.004025,1,0.6935,3
2022-09-15 14:50:00,LONG,1491.6,1499.05,tp,0.004,1,0.763,3
2022-09-15 15:30:00,SHORT,1499.82,1492.32,tp,0.004025,1,0.7312,3
2022-09-15 16:10:00,LONG,1485.34,1492.77,tp,0.004,1,0.6888,3
2022-09-15 16:30:00,SHORT,1504.2,1508.71,sl,-0.003991,0,0.7281,3
2022-09-15 17:00:00,SHORT,1512.73,1517.27,sl,-0.003991,0,0.7136,3
2022-09-15 17:20:00,SHORT,1516.25,1508.67,tp,0.004025,1,0.7181,3
2022-09-15 18:00:00,LONG,1498.2,1505.69,tp,0.004,1,0.6555,3
2022-09-15 23:45:00,SHORT,1476.21,1468.83,tp,0.004025,1,0.6769,3
2022-09-15 23:50:00,LONG,1468.53,1475.88,tp,0.004,1,0.6887,3
2022-09-16 00:15:00,LONG,1454.83,1462.1,tp,0.004,1,0.6768,3
2022-09-16 00:25:00,SHORT,1474.36,1466.99,tp,0.004025,1,0.6913,3
2022-09-16 00:35:00,LONG,1464.31,1471.63,tp,0.004,1,0.6822,3
2022-09-16 02:30:00,SHORT,1469.1,1461.75,tp,0.004025,1,0.6799,3
2022-09-16 04:10:00,SHORT,1478.85,1471.46,tp,0.004025,1,0.6653,3
2022-09-16 14:25:00,LONG,1439.34,1446.54,tp,0.004,1,0.7198,3
2022-09-16 15:15:00,SHORT,1454.66,1447.39,tp,0.004025,1,0.6867,3
2022-09-16 15:55:00,SHORT,1451.58,1444.33,tp,0.004025,1,0.6916,3
2022-09-16 16:45:00,SHORT,1433.87,1426.7,tp,0.004025,1,0.6736,3
2022-09-16 19:05:00,SHORT,1435.83,1428.65,tp,0.004025,1,0.6764,3
2022-09-18 14:45:00,LONG,1411.56,1418.61,tp,0.004,1,0.6549,3
2022-09-18 16:50:00,SHORT,1396.38,1389.4,tp,0.004025,1,0.6589,3
2022-09-18 17:05:00,LONG,1384.29,1391.21,tp,0.004,1,0.6902,3
2022-09-18 17:55:00,LONG,1378.31,1385.2,tp,0.004,1,0.6642,3
2022-09-18 18:15:00,LONG,1369.73,1376.58,tp,0.004,1,0.7196,3
2022-09-18 18:40:00,LONG,1370.79,1377.64,tp,0.004,1,0.7189,3
2022-09-18 19:30:00,SHORT,1385.3,1378.37,tp,0.004025,1,0.6905,3
2022-09-18 21:10:00,LONG,1334.11,1340.78,tp,0.004,1,0.6834,3
2022-09-18 21:35:00,SHORT,1340.87,1334.16,tp,0.004025,1,0.6697,3
2022-09-18 22:05:00,LONG,1329.67,1336.32,tp,0.004,1,0.7112,3
2022-09-18 22:35:00,LONG,1332.4,1339.06,tp,0.004,1,0.6672,3
2022-09-19 02:15:00,LONG,1304.85,1300.94,sl,-0.004,0,0.6745,3
2022-09-19 03:20:00,LONG,1299.71,1295.81,sl,-0.004,0,0.7009,3
2022-09-19 03:40:00,LONG,1291.29,1297.74,tp,0.004,1,0.6876,3
2022-09-19 06:10:00,LONG,1293.72,1289.84,sl,-0.004,0,0.6838,3
2022-09-19 06:40:00,LONG,1285.27,1291.7,tp,0.004,1,0.7097,3
2022-09-19 07:25:00,LONG,1292.38,1298.84,tp,0.004,1,0.6542,3
2022-09-19 09:30:00,LONG,1290.75,1297.2,tp,0.004,1,0.6795,3
2022-09-19 14:40:00,SHORT,1367.17,1371.27,sl,-0.003991,0,0.6584,3
2022-09-19 14:55:00,LONG,1355.51,1351.44,sl,-0.004,0,0.696,3
2022-09-19 15:35:00,LONG,1340.66,1347.36,tp,0.004,1,0.6508,3
2022-09-19 17:50:00,SHORT,1329.77,1333.76,sl,-0.003991,0,0.6715,3
2022-09-19 18:20:00,LONG,1324.87,1331.5,tp,0.004,1,0.6677,3
2022-09-19 19:10:00,SHORT,1357.96,1351.17,tp,0.004025,1,0.6698,3
2022-09-19 20:25:00,SHORT,1365.05,1358.22,tp,0.004025,1,0.6809,3
2022-09-19 21:20:00,SHORT,1386.05,1379.12,tp,0.004025,1,0.6563,3
2022-09-19 22:00:00,LONG,1376.28,1383.16,tp,0.004,1,0.6831,3
2022-09-19 22:25:00,LONG,1376.75,1383.63,tp,0.004,1,0.6557,3
2022-09-20 00:30:00,LONG,1366.99,1362.89,sl,-0.004,0,0.6695,3
2022-09-20 00:45:00,LONG,1366.45,1362.35,sl,-0.004,0,0.6608,3
2022-09-20 14:15:00,LONG,1340.36,1336.34,sl,-0.004,0,0.6689,3
2022-09-20 14:25:00,SHORT,1343.43,1336.71,tp,0.004025,1,0.6539,3
2022-09-20 15:05:00,SHORT,1363.5,1356.68,tp,0.004025,1,0.6767,3
2022-09-20 16:00:00,SHORT,1378.78,1371.89,tp,0.004025,1,0.6522,3
2022-09-20 16:50:00,SHORT,1370.06,1363.21,tp,0.004025,1,0.6809,3
2022-09-20 17:15:00,LONG,1341.57,1348.28,tp,0.004,1,0.6919,3
2022-09-20 17:35:00,LONG,1340.5,1336.48,sl,-0.004,0,0.6637,3
2022-09-20 17:55:00,LONG,1336.1,1342.78,tp,0.004,1,0.6622,3
2022-09-21 06:35:00,LONG,1320.8,1327.4,tp,0.004,1,0.6753,3
2022-09-21 19:10:00,LONG,1363.3,1359.21,sl,-0.004,0,0.6522,3
2022-09-21 20:00:00,LONG,1321.17,1317.21,sl,-0.004,0,0.7265,3
2022-09-21 20:15:00,LONG,1309.5,1316.05,tp,0.004,1,0.7568,3
2022-09-21 20:55:00,SHORT,1314.36,1307.79,tp,0.004025,1,0.6859,3
2022-09-21 21:15:00,SHORT,1274.37,1278.2,sl,-0.003991,0,0.6782,3
2022-09-21 21:25:00,LONG,1253.01,1259.27,tp,0.004,1,0.6585,3
2022-09-21 21:30:00,LONG,1260.53,1256.75,sl,-0.004,0,0.6748,3
2022-09-21 22:15:00,LONG,1227.84,1233.98,tp,0.004,1,0.7226,3
2022-09-21 23:05:00,SHORT,1245.19,1248.92,sl,-0.003991,0,0.6579,3
2022-09-21 23:35:00,SHORT,1250.5,1254.26,sl,-0.003991,0,0.7412,3
2022-09-22 00:15:00,LONG,1240.11,1246.31,tp,0.004,1,0.6571,3
2022-09-22 00:30:00,SHORT,1245.38,1239.15,tp,0.004025,1,0.7128,3
2022-09-22 00:50:00,LONG,1240.14,1246.34,tp,0.004,1,0.6608,3
2022-09-22 01:30:00,SHORT,1255.14,1248.87,tp,0.004025,1,0.7062,3
2022-09-22 11:50:00,SHORT,1310.42,1303.87,tp,0.004025,1,0.6916,3
2022-09-22 12:45:00,SHORT,1308.53,1301.98,tp,0.004025,1,0.66,3
2022-09-22 15:10:00,SHORT,1265.16,1268.95,sl,-0.003991,0,0.6567,3
2022-09-22 15:20:00,LONG,1263.31,1269.63,tp,0.004,1,0.6641,3
2022-09-22 15:45:00,SHORT,1272.59,1266.23,tp,0.004025,1,0.6839,3
2022-09-22 16:20:00,SHORT,1273.47,1277.29,sl,-0.003991,0,0.6889,3
2022-09-22 16:50:00,SHORT,1281.93,1275.52,tp,0.004025,1,0.6822,3
2022-09-22 17:30:00,SHORT,1289.57,1283.13,tp,0.004025,1,0.6586,3
2022-09-22 17:50:00,SHORT,1290.15,1283.7,tp,0.004025,1,0.7194,3
2022-09-22 19:45:00,SHORT,1333.38,1326.72,tp,0.004025,1,0.6944,3
2022-09-22 20:15:00,SHORT,1330.89,1334.89,sl,-0.003991,0,0.6565,3
2022-09-22 20:25:00,LONG,1325.8,1321.83,sl,-0.004,0,0.6619,3
2022-09-22 21:55:00,LONG,1308.35,1314.9,tp,0.004,1,0.6772,3
2022-09-22 22:35:00,SHORT,1329.58,1322.94,tp,0.004025,1,0.6556,3
2022-09-22 23:05:00,SHORT,1345.64,1338.91,tp,0.004025,1,0.6725,3
2022-09-23 01:05:00,LONG,1320.34,1326.94,tp,0.004,1,0.6546,3
2022-09-23 11:25:00,SHORT,1292.59,1286.13,tp,0.004025,1,0.6705,3
2022-09-23 12:20:00,SHORT,1302.32,1306.23,sl,-0.003991,0,0.6795,3
2022-09-23 13:20:00,SHORT,1317.78,1311.19,tp,0.004025,1,0.7108,3
2022-09-23 14:45:00,SHORT,1286.43,1279.99,tp,0.004025,1,0.66,3
2022-09-23 15:00:00,LONG,1278.8,1285.19,tp,0.004,1,0.7158,3
2022-09-23 16:00:00,SHORT,1293.62,1287.15,tp,0.004025,1,0.7051,3
2022-09-23 17:00:00,SHORT,1299.79,1293.29,tp,0.004025,1,0.6781,3
2022-09-23 17:15:00,SHORT,1299.43,1292.93,tp,0.004025,1,0.6919,3
2022-09-23 18:45:00,SHORT,1293.38,1286.92,tp,0.004025,1,0.6501,3
2022-09-23 19:05:00,SHORT,1290.74,1284.29,tp,0.004025,1,0.6508,3
2022-09-23 20:15:00,SHORT,1304.52,1308.43,sl,-0.003991,0,0.7192,3
2022-09-23 21:40:00,SHORT,1323.21,1327.18,sl,-0.003991,0,0.7069,3
2022-09-23 22:00:00,SHORT,1328.47,1332.45,sl,-0.003991,0,0.6719,3
2022-09-23 23:05:00,SHORT,1338.59,1331.9,tp,0.004025,1,0.7175,3
2022-09-24 00:20:00,LONG,1315.65,1311.7,sl,-0.004,0,0.6816,3
2022-09-24 00:30:00,SHORT,1319.71,1313.11,tp,0.004025,1,0.6722,3
2022-09-24 00:35:00,LONG,1314.34,1320.91,tp,0.004,1,0.6599,3
2022-09-25 23:25:00,SHORT,1298.73,1292.24,tp,0.004025,1,0.6573,3
2022-09-26 00:10:00,SHORT,1307.57,1301.03,tp,0.004025,1,0.6564,3
2022-09-26 00:35:00,SHORT,1308.48,1301.93,tp,0.004025,1,0.6676,3
2022-09-26 15:30:00,LONG,1317.0,1323.58,tp,0.004,1,0.6717,3
2022-09-26 16:15:00,SHORT,1321.75,1315.14,tp,0.004025,1,0.6605,3
2022-09-27 15:05:00,SHORT,1389.3,1382.36,tp,0.004025,1,0.667,3
2022-09-27 16:55:00,SHORT,1331.16,1324.51,tp,0.004025,1,0.6641,3
2022-09-27 17:00:00,LONG,1322.24,1328.85,tp,0.004,1,0.71,3
2022-09-27 17:15:00,SHORT,1325.97,1319.34,tp,0.004025,1,0.6691,3
2022-09-27 17:30:00,SHORT,1326.94,1320.3,tp,0.004025,1,0.6877,3
2022-09-27 18:00:00,SHORT,1316.03,1309.45,tp,0.004025,1,0.6902,3
2022-09-27 18:50:00,SHORT,1323.76,1317.14,tp,0.004025,1,0.689,3
2022-09-27 19:10:00,SHORT,1324.06,1317.44,tp,0.004025,1,0.6748,3
2022-09-28 01:40:00,LONG,1306.95,1303.03,sl,-0.004,0,0.6638,3
2022-09-28 02:45:00,SHORT,1278.15,1281.99,sl,-0.003991,0,0.6702,3
2022-09-28 10:20:00,SHORT,1299.13,1292.63,tp,0.004025,1,0.6801,3
2022-09-28 10:40:00,SHORT,1309.04,1302.49,tp,0.004025,1,0.651,3
2022-09-28 11:30:00,SHORT,1296.23,1289.75,tp,0.004025,1,0.6694,3
2022-09-28 13:20:00,SHORT,1311.22,1304.67,tp,0.004025,1,0.702,3
2022-09-28 15:00:00,SHORT,1329.49,1322.85,tp,0.004025,1,0.6683,3
2022-09-28 16:00:00,SHORT,1337.94,1331.25,tp,0.004025,1,0.6833,3
2022-09-28 19:45:00,SHORT,1342.39,1335.68,tp,0.004025,1,0.6763,3
2022-09-28 20:45:00,SHORT,1354.08,1347.31,tp,0.004025,1,0.6799,3
2022-09-28 22:45:00,LONG,1335.17,1341.84,tp,0.004,1,0.6766,3
2022-09-29 14:20:00,SHORT,1296.13,1300.02,sl,-0.003991,0,0.656,3
2022-09-29 15:15:00,SHORT,1331.95,1325.29,tp,0.004025,1,0.7097,3
2022-09-29 15:50:00,SHORT,1329.08,1322.43,tp,0.004025,1,0.6731,3
2022-09-29 16:45:00,SHORT,1344.85,1338.12,tp,0.004025,1,0.6651,3
2022-09-29 17:35:00,SHORT,1336.42,1329.74,tp,0.004025,1,0.6625,3
2022-09-30 16:35:00,SHORT,1360.56,1353.76,tp,0.004025,1,0.6634,3
2022-10-02 23:20:00,SHORT,1277.74,1271.35,tp,0.004025,1,0.7299,4
2022-10-02 23:45:00,SHORT,1280.39,1273.99,tp,0.004025,1,0.7801,4
2022-10-03 00:20:00,SHORT,1282.25,1286.1,sl,-0.003991,0,0.8201,4
2022-10-03 00:45:00,SHORT,1283.29,1287.14,sl,-0.003991,0,0.6779,4
2022-10-03 14:05:00,SHORT,1307.13,1311.05,sl,-0.003991,0,0.6687,4
2022-10-03 16:35:00,SHORT,1318.28,1322.24,sl,-0.003991,0,0.6839,4
2022-10-03 17:30:00,SHORT,1328.18,1321.53,tp,0.004025,1,0.6942,4
2022-10-04 20:45:00,SHORT,1367.39,1360.55,tp,0.004025,1,0.6582,4
2022-10-05 13:30:00,SHORT,1326.2,1319.57,tp,0.004025,1,0.6815,4
2022-10-05 17:15:00,SHORT,1357.68,1350.89,tp,0.004025,1,0.7277,4
2022-10-05 17:45:00,SHORT,1352.29,1345.53,tp,0.004025,1,0.6693,4
2022-10-06 00:15:00,SHORT,1364.18,1368.27,sl,-0.003991,0,0.6695,4
2022-10-06 12:00:00,SHORT,1372.77,1365.91,tp,0.004025,1,0.6607,4
2022-10-06 12:30:00,SHORT,1374.98,1368.11,tp,0.004025,1,0.6905,4
2022-10-06 14:00:00,SHORT,1355.26,1359.33,sl,-0.003991,0,0.6542,4
2022-10-06 14:05:00,SHORT,1351.63,1355.69,sl,-0.003991,0,0.6582,4
2022-10-06 14:15:00,SHORT,1353.64,1357.7,sl,-0.003991,0,0.7312,4
2022-10-06 14:50:00,SHORT,1367.62,1368.26,timeout,-0.001474,0,0.6621,4
2022-10-06 15:20:00,SHORT,1367.23,1360.39,tp,0.004025,1,0.7362,4
2022-10-06 15:50:00,SHORT,1366.9,1360.06,tp,0.004025,1,0.6968,4
2022-10-06 16:25:00,SHORT,1363.28,1367.37,sl,-0.003991,0,0.7295,4
2022-10-06 16:45:00,SHORT,1364.95,1369.04,sl,-0.003991,0,0.6625,4
2022-10-07 13:15:00,SHORT,1336.77,1330.09,tp,0.004025,1,0.7981,4
2022-10-11 00:30:00,SHORT,1280.61,1274.21,tp,0.004025,1,0.668,4
2022-10-11 15:00:00,SHORT,1287.73,1291.59,sl,-0.003991,0,0.6908,4
2022-10-11 15:45:00,SHORT,1295.63,1289.15,tp,0.004025,1,0.6986,4
2022-10-13 10:45:00,SHORT,1244.51,1248.24,sl,-0.003991,0,0.7943,4
2022-10-13 11:40:00,SHORT,1251.48,1245.23,tp,0.004025,1,0.6817,4
2022-10-13 12:25:00,SHORT,1250.39,1244.14,tp,0.004025,1,0.6589,4
2022-10-13 12:50:00,SHORT,1215.14,1218.79,sl,-0.003991,0,0.7445,4
2022-10-13 13:15:00,LONG,1207.44,1213.48,tp,0.004,1,0.6607,4
2022-10-13 13:50:00,SHORT,1223.17,1226.84,sl,-0.003991,0,0.7187,4
2022-10-13 14:10:00,SHORT,1227.8,1221.66,tp,0.004025,1,0.8564,4
2022-10-13 14:40:00,SHORT,1221.21,1224.87,sl,-0.003991,0,0.7438,4
2022-10-13 15:20:00,SHORT,1246.18,1249.92,sl,-0.003991,0,0.6889,4
2022-10-13 16:05:00,SHORT,1259.19,1252.89,tp,0.004025,1,0.6972,4
2022-10-13 16:40:00,SHORT,1269.43,1273.24,sl,-0.003991,0,0.8676,4
2022-10-13 17:00:00,SHORT,1268.7,1272.5,sl,-0.003991,0,0.8464,4
2022-10-13 17:15:00,SHORT,1272.76,1276.58,sl,-0.003991,0,0.8413,4
2022-10-13 17:30:00,SHORT,1278.99,1272.6,tp,0.004025,1,0.8533,4
2022-10-13 18:20:00,SHORT,1275.31,1279.14,sl,-0.003991,0,0.7393,4
2022-10-14 13:35:00,SHORT,1336.88,1330.2,tp,0.004025,1,0.7348,4
2022-10-14 13:55:00,SHORT,1330.16,1323.51,tp,0.004025,1,0.6681,4
2022-10-14 14:15:00,SHORT,1317.11,1321.06,sl,-0.003991,0,0.7103,4
2022-10-14 15:00:00,SHORT,1323.18,1316.56,tp,0.004025,1,0.7767,4
2022-10-14 16:40:00,SHORT,1308.74,1302.19,tp,0.004025,1,0.6836,4
2022-10-14 17:00:00,SHORT,1304.6,1308.51,sl,-0.003991,0,0.6585,4
2022-10-16 22:10:00,SHORT,1307.95,1311.87,sl,-0.003991,0,0.6703,4
2022-10-16 22:45:00,SHORT,1312.05,1305.49,tp,0.004025,1,0.7273,4
2022-10-16 23:50:00,SHORT,1305.82,1299.29,tp,0.004025,1,0.6586,4
2022-10-17 00:05:00,SHORT,1306.62,1300.08,tp,0.004025,1,0.6513,4
2022-10-21 13:05:00,SHORT,1278.53,1272.14,tp,0.004025,1,0.6917,4
2022-10-24 14:15:00,SHORT,1333.01,1326.35,tp,0.004025,1,0.6711,4
2022-10-24 14:35:00,SHORT,1331.04,1335.04,sl,-0.003991,0,0.7506,4
2022-10-24 15:00:00,SHORT,1336.59,1340.6,sl,-0.003991,0,0.7538,4
2022-10-24 15:35:00,SHORT,1336.23,1340.24,sl,-0.003991,0,0.6708,4
2022-10-25 15:50:00,SHORT,1414.91,1407.84,tp,0.004025,1,0.7662,4
2022-10-25 17:00:00,SHORT,1479.89,1472.49,tp,0.004025,1,0.692,4
2022-10-25 17:15:00,LONG,1453.77,1461.04,tp,0.004,1,0.6944,4
2022-10-25 17:30:00,SHORT,1463.02,1467.41,sl,-0.003991,0,0.6794,4
2022-10-25 17:55:00,SHORT,1481.31,1485.75,sl,-0.003991,0,0.7205,4
2022-10-25 18:30:00,SHORT,1513.99,1506.42,tp,0.004025,1,0.7952,4
2022-10-25 18:40:00,LONG,1495.3,1502.77,tp,0.004,1,0.6678,4
2022-10-25 20:20:00,LONG,1456.73,1464.01,tp,0.004,1,0.6693,4
2022-10-25 20:40:00,SHORT,1471.69,1476.11,sl,-0.003991,0,0.7871,4
2022-10-25 23:40:00,LONG,1458.15,1465.44,tp,0.004,1,0.652,4
2022-10-26 00:00:00,SHORT,1462.84,1467.23,sl,-0.003991,0,0.6597,4
2022-10-26 00:15:00,SHORT,1470.55,1469.82,timeout,-0.000503,0,0.8029,4
2022-10-26 02:15:00,SHORT,1490.0,1482.55,tp,0.004025,1,0.7447,4
2022-10-26 07:25:00,SHORT,1516.0,1520.55,sl,-0.003991,0,0.8427,4
2022-10-26 08:35:00,SHORT,1542.98,1535.26,tp,0.004025,1,0.7776,4
2022-10-26 09:45:00,SHORT,1536.25,1528.57,tp,0.004025,1,0.8205,4
2022-10-26 10:05:00,SHORT,1532.32,1524.66,tp,0.004025,1,0.7477,4
2022-10-26 11:00:00,SHORT,1542.59,1534.88,tp,0.004025,1,0.6919,4
2022-10-26 12:55:00,SHORT,1523.63,1516.01,tp,0.004025,1,0.6654,4
2022-10-26 13:45:00,SHORT,1534.23,1538.84,sl,-0.003991,0,0.735,4
2022-10-26 14:15:00,SHORT,1583.71,1575.79,tp,0.004025,1,0.7931,4
2022-10-26 14:40:00,SHORT,1584.7,1589.45,sl,-0.003991,0,0.7348,4
2022-10-26 15:15:00,SHORT,1575.35,1580.08,sl,-0.003991,0,0.7483,4
2022-10-26 15:30:00,SHORT,1579.07,1571.17,tp,0.004025,1,0.8367,4
2022-10-26 16:00:00,SHORT,1567.05,1559.21,tp,0.004025,1,0.7685,4
2022-10-26 17:10:00,SHORT,1554.94,1547.17,tp,0.004025,1,0.7748,4
2022-10-26 18:00:00,SHORT,1568.21,1560.36,tp,0.004025,1,0.8155,4
2022-10-26 20:45:00,SHORT,1555.45,1554.57,timeout,-0.000431,0,0.7236,4
2022-10-26 21:45:00,SHORT,1553.01,1545.25,tp,0.004025,1,0.6546,4
2022-10-26 22:05:00,SHORT,1565.65,1557.82,tp,0.004025,1,0.6683,4
2022-10-26 23:10:00,SHORT,1580.78,1572.88,tp,0.004025,1,0.7741,4
2022-10-26 23:30:00,SHORT,1575.94,1568.06,tp,0.004025,1,0.7432,4
2022-10-27 09:05:00,SHORT,1549.43,1541.69,tp,0.004025,1,0.6579,4
2022-10-27 13:30:00,SHORT,1569.08,1561.23,tp,0.004025,1,0.7667,4
2022-10-27 14:10:00,SHORT,1560.38,1565.06,sl,-0.003991,0,0.7891,4
2022-10-27 14:50:00,SHORT,1554.83,1547.06,tp,0.004025,1,0.7955,4
2022-10-27 15:30:00,SHORT,1555.31,1547.54,tp,0.004025,1,0.7737,4
2022-10-27 16:15:00,SHORT,1546.75,1551.39,sl,-0.003991,0,0.7286,4
2022-10-27 16:50:00,SHORT,1548.51,1553.15,sl,-0.003991,0,0.6825,4
2022-10-27 20:10:00,SHORT,1531.16,1523.51,tp,0.004025,1,0.662,4
2022-10-27 20:30:00,SHORT,1533.93,1526.26,tp,0.004025,1,0.7836,4
2022-10-27 21:25:00,SHORT,1517.2,1521.75,sl,-0.003991,0,0.6686,4
2022-10-27 22:00:00,SHORT,1524.49,1516.86,tp,0.004025,1,0.6523,4
2022-10-27 23:25:00,SHORT,1515.98,1508.4,tp,0.004025,1,0.7315,4
2022-10-27 23:45:00,SHORT,1517.02,1509.44,tp,0.004025,1,0.7026,4
2022-10-28 00:05:00,SHORT,1517.06,1509.48,tp,0.004025,1,0.6567,4
2022-10-28 00:35:00,SHORT,1521.37,1513.76,tp,0.004025,1,0.7371,4
2022-10-28 01:15:00,SHORT,1519.92,1524.48,sl,-0.003991,0,0.6694,4
2022-10-28 12:30:00,SHORT,1506.2,1510.72,sl,-0.003991,0,0.6992,4
2022-10-28 13:40:00,SHORT,1546.23,1538.5,tp,0.004025,1,0.7529,4
2022-10-28 14:45:00,SHORT,1535.86,1528.18,tp,0.004025,1,0.713,4
2022-10-28 15:10:00,SHORT,1533.89,1538.49,sl,-0.003991,0,0.6964,4
2022-10-28 16:30:00,SHORT,1556.6,1561.27,sl,-0.003991,0,0.7726,4
2022-10-28 16:55:00,SHORT,1566.35,1558.51,tp,0.004025,1,0.7011,4
2022-10-28 22:10:00,SHORT,1558.49,1555.55,timeout,0.000892,1,0.6563,4
2022-10-29 14:15:00,SHORT,1634.99,1626.82,tp,0.004025,1,0.6607,4
2022-10-29 16:45:00,SHORT,1635.55,1640.46,sl,-0.003991,0,0.7022,4
2022-10-29 18:40:00,SHORT,1631.45,1623.3,tp,0.004025,1,0.7174,4
2022-10-29 19:25:00,SHORT,1624.96,1629.83,sl,-0.003991,0,0.6715,4
2022-10-30 10:35:00,SHORT,1597.22,1595.36,timeout,0.000168,1,0.6969,4
2022-10-30 12:35:00,SHORT,1598.37,1590.38,tp,0.004025,1,0.6521,4
2022-10-30 16:15:00,SHORT,1595.11,1587.14,tp,0.004025,1,0.6585,4
2022-10-31 12:30:00,SHORT,1622.83,1614.71,tp,0.004025,1,0.6854,4
2022-10-31 13:45:00,SHORT,1607.78,1599.74,tp,0.004025,1,0.6668,4
2022-10-31 14:45:00,SHORT,1559.22,1551.42,tp,0.004025,1,0.7395,4
2022-10-31 15:10:00,SHORT,1563.52,1568.21,sl,-0.003991,0,0.7704,4
2022-10-31 15:25:00,SHORT,1567.8,1572.5,sl,-0.003991,0,0.7962,4
2022-10-31 16:20:00,SHORT,1576.11,1568.23,tp,0.004025,1,0.7382,4
2022-10-31 17:35:00,SHORT,1566.96,1571.66,sl,-0.003991,0,0.7136,4
2022-10-31 23:00:00,SHORT,1565.55,1570.24,sl,-0.003991,0,0.6799,4
2022-10-31 23:15:00,SHORT,1568.74,1573.44,sl,-0.003991,0,0.6763,4
2022-11-01 00:10:00,SHORT,1573.24,1574.54,timeout,-0.001822,0,0.6697,4
2022-11-01 12:20:00,SHORT,1594.34,1593.25,timeout,-0.000312,0,0.678,4
2022-11-01 13:30:00,SHORT,1594.14,1586.17,tp,0.004025,1,0.6684,4
2022-11-01 14:15:00,SHORT,1571.92,1576.64,sl,-0.003991,0,0.6766,4
2022-11-01 15:10:00,SHORT,1573.31,1578.03,sl,-0.003991,0,0.6811,4
2022-11-01 16:40:00,SHORT,1575.58,1574.8,timeout,-0.000502,0,0.6587,4
2022-11-01 17:10:00,SHORT,1573.02,1577.74,sl,-0.003991,0,0.6749,4
2022-11-02 13:05:00,SHORT,1556.76,1548.98,tp,0.004025,1,0.6942,4
2022-11-02 13:25:00,SHORT,1555.22,1559.89,sl,-0.003991,0,0.6552,4
2022-11-02 13:40:00,SHORT,1553.2,1557.86,sl,-0.003991,0,0.718,4
2022-11-02 17:55:00,SHORT,1559.7,1551.9,tp,0.004025,1,0.6685,4
2022-11-02 18:15:00,SHORT,1611.6,1616.44,sl,-0.003991,0,0.6953,4
2022-11-02 19:05:00,SHORT,1585.16,1577.23,tp,0.004025,1,0.8687,4
2022-11-02 20:20:00,LONG,1504.2,1511.72,tp,0.004,1,0.708,4
2022-11-02 20:50:00,SHORT,1515.31,1507.74,tp,0.004025,1,0.8549,4
2022-11-02 22:00:00,SHORT,1510.4,1514.94,sl,-0.003991,0,0.682,4
2022-11-02 22:35:00,SHORT,1513.31,1517.85,sl,-0.003991,0,0.6506,4
2022-11-02 23:45:00,SHORT,1521.47,1526.03,sl,-0.003991,0,0.7225,4
2022-11-03 02:25:00,SHORT,1547.85,1552.49,sl,-0.003991,0,0.6799,4
2022-11-03 03:20:00,SHORT,1554.47,1553.48,timeout,-0.000359,0,0.6626,4
2022-11-03 12:30:00,SHORT,1530.53,1522.88,tp,0.004025,1,0.7062,4
2022-11-03 14:25:00,SHORT,1550.33,1554.99,sl,-0.003991,0,0.8165,4
2022-11-03 14:45:00,SHORT,1554.14,1546.37,tp,0.004025,1,0.7783,4
2022-11-04 12:35:00,SHORT,1600.28,1592.28,tp,0.004025,1,0.7994,4
2022-11-04 13:00:00,SHORT,1611.82,1616.66,sl,-0.003991,0,0.7087,4
2022-11-04 13:25:00,SHORT,1621.65,1613.54,tp,0.004025,1,0.8004,4
2022-11-04 14:20:00,SHORT,1663.95,1655.63,tp,0.004025,1,0.7028,4
2022-11-04 14:40:00,SHORT,1659.57,1651.27,tp,0.004025,1,0.6961,4
2022-11-04 16:15:00,SHORT,1624.68,1629.55,sl,-0.003991,0,0.7498,4
2022-11-04 17:50:00,SHORT,1626.73,1618.59,tp,0.004025,1,0.7225,4
2022-11-06 23:35:00,LONG,1566.37,1574.2,tp,0.004,1,0.6679,4
2022-11-07 00:15:00,SHORT,1577.03,1569.15,tp,0.004025,1,0.6694,4
2022-11-07 07:50:00,SHORT,1551.56,1556.22,sl,-0.003991,0,0.6635,4
2022-11-07 13:35:00,SHORT,1579.93,1572.03,tp,0.004025,1,0.6708,4
2022-11-07 14:30:00,SHORT,1575.58,1567.7,tp,0.004025,1,0.7215,4
2022-11-07 15:15:00,SHORT,1581.65,1586.39,sl,-0.003991,0,0.6617,4
2022-11-08 03:45:00,SHORT,1521.78,1514.17,tp,0.004025,1,0.6652,4
2022-11-08 04:00:00,SHORT,1510.19,1502.64,tp,0.004025,1,0.7078,4
2022-11-08 04:10:00,LONG,1470.43,1477.79,tp,0.004,1,0.6743,4
2022-11-08 04:25:00,SHORT,1482.24,1474.83,tp,0.004025,1,0.8134,4
2022-11-08 05:10:00,LONG,1452.37,1459.63,tp,0.004,1,0.6738,4
2022-11-08 05:55:00,SHORT,1469.65,1474.06,sl,-0.003991,0,0.6766,4
2022-11-08 06:55:00,SHORT,1484.42,1488.87,sl,-0.003991,0,0.6508,4
2022-11-08 07:00:00,SHORT,1484.95,1477.52,tp,0.004025,1,0.6839,4
2022-11-08 09:30:00,SHORT,1493.04,1485.58,tp,0.004025,1,0.7133,4
2022-11-08 10:45:00,SHORT,1482.97,1475.55,tp,0.004025,1,0.6844,4
2022-11-08 13:00:00,SHORT,1478.83,1471.44,tp,0.004025,1,0.7593,4
2022-11-08 13:35:00,SHORT,1473.29,1465.93,tp,0.004025,1,0.7156,4
2022-11-08 13:50:00,SHORT,1464.49,1457.16,tp,0.004025,1,0.6586,4
2022-11-08 14:40:00,SHORT,1438.47,1431.28,tp,0.004025,1,0.711,4
2022-11-08 15:10:00,SHORT,1447.56,1451.9,sl,-0.003991,0,0.7139,4
2022-11-08 15:25:00,LONG,1430.0,1437.15,tp,0.004,1,0.6663,4
2022-11-08 16:10:00,SHORT,1546.07,1538.34,tp,0.004025,1,0.855,4
2022-11-08 16:30:00,SHORT,1571.89,1564.03,tp,0.004025,1,0.9179,4
2022-11-08 17:50:00,SHORT,1459.7,1452.4,tp,0.004025,1,0.7088,4
2022-11-08 17:55:00,SHORT,1446.7,1451.04,sl,-0.003991,0,0.6587,4
2022-11-08 18:05:00,SHORT,1403.35,1407.56,sl,-0.003991,0,0.723,4
2022-11-08 18:10:00,SHORT,1411.36,1404.31,tp,0.004025,1,0.7327,4
2022-11-08 18:15:00,SHORT,1370.71,1363.86,tp,0.004025,1,0.7169,4
2022-11-08 18:20:00,SHORT,1379.58,1372.68,tp,0.004025,1,0.6515,4
2022-11-08 18:25:00,SHORT,1377.21,1370.32,tp,0.004025,1,0.7452,4
2022-11-08 18:35:00,SHORT,1380.44,1373.54,tp,0.004025,1,0.8146,4
2022-11-08 18:40:00,LONG,1373.53,1380.39,tp,0.004,1,0.6736,4
2022-11-08 18:45:00,SHORT,1376.19,1369.31,tp,0.004025,1,0.701,4
2022-11-08 18:50:00,SHORT,1367.18,1360.34,tp,0.004025,1,0.7408,4
2022-11-08 18:55:00,SHORT,1345.47,1338.74,tp,0.004025,1,0.6642,4
2022-11-08 19:00:00,SHORT,1353.09,1346.33,tp,0.004025,1,0.8003,4
2022-11-08 19:10:00,SHORT,1333.06,1337.06,sl,-0.003991,0,0.7431,4
2022-11-08 19:15:00,SHORT,1340.86,1334.15,tp,0.004025,1,0.6816,4
2022-11-08 19:25:00,SHORT,1281.05,1274.64,tp,0.004025,1,0.6559,4
2022-11-08 19:30:00,SHORT,1304.62,1298.09,tp,0.004025,1,0.6868,4
2022-11-08 19:45:00,SHORT,1348.64,1341.89,tp,0.004025,1,0.9073,4
2022-11-08 19:50:00,SHORT,1320.13,1324.09,sl,-0.003991,0,0.6628,4
2022-11-08 20:05:00,SHORT,1306.26,1299.73,tp,0.004025,1,0.7473,4
2022-11-08 20:10:00,LONG,1304.3,1310.82,tp,0.004,1,0.7026,4
2022-11-08 20:15:00,SHORT,1305.65,1299.12,tp,0.004025,1,0.6834,4
2022-11-08 20:20:00,SHORT,1288.32,1281.87,tp,0.004025,1,0.6548,4
2022-11-08 20:45:00,SHORT,1329.35,1322.71,tp,0.004025,1,0.8603,4
2022-11-08 21:10:00,SHORT,1315.99,1309.41,tp,0.004025,1,0.8053,4
2022-11-08 21:15:00,LONG,1301.87,1308.38,tp,0.004,1,0.7008,4
2022-11-08 21:50:00,SHORT,1334.05,1327.38,tp,0.004025,1,0.8019,4
2022-11-08 22:10:00,SHORT,1324.78,1328.75,sl,-0.003991,0,0.6796,4
2022-11-08 22:20:00,SHORT,1336.32,1329.64,tp,0.004025,1,0.8998,4
2022-11-08 22:30:00,SHORT,1322.8,1326.77,sl,-0.003991,0,0.6796,4
2022-11-08 23:10:00,SHORT,1331.29,1324.64,tp,0.004025,1,0.7866,4
2022-11-08 23:40:00,SHORT,1343.65,1336.93,tp,0.004025,1,0.9029,4
2022-11-09 00:30:00,SHORT,1331.01,1324.36,tp,0.004025,1,0.7963,4
2022-11-09 01:20:00,SHORT,1325.28,1318.65,tp,0.004025,1,0.7403,4
2022-11-09 01:25:00,LONG,1318.38,1324.97,tp,0.004,1,0.6886,4
2022-11-09 01:45:00,SHORT,1328.87,1322.22,tp,0.004025,1,0.8504,4
2022-11-09 02:20:00,SHORT,1325.28,1318.65,tp,0.004025,1,0.7341,4
2022-11-09 03:20:00,SHORT,1296.59,1300.48,sl,-0.003991,0,0.6762,4
2022-11-09 03:30:00,LONG,1291.5,1297.95,tp,0.004,1,0.6971,4
2022-11-09 03:50:00,SHORT,1312.33,1305.77,tp,0.004025,1,0.8588,4
2022-11-09 05:25:00,SHORT,1304.52,1308.43,sl,-0.003991,0,0.8181,4
2022-11-09 05:45:00,SHORT,1309.6,1303.06,tp,0.004025,1,0.6827,4
2022-11-09 06:30:00,SHORT,1302.82,1296.3,tp,0.004025,1,0.824,4
2022-11-09 06:55:00,LONG,1294.97,1291.08,sl,-0.004,0,0.6503,4
2022-11-09 07:35:00,SHORT,1282.54,1276.13,tp,0.004025,1,0.6742,4
2022-11-09 07:45:00,LONG,1270.43,1276.79,tp,0.004,1,0.6723,4
2022-11-09 08:15:00,SHORT,1266.58,1260.24,tp,0.004025,1,0.7766,4
2022-11-09 08:30:00,LONG,1253.78,1260.05,tp,0.004,1,0.7214,4
2022-11-09 08:40:00,SHORT,1268.4,1262.05,tp,0.004025,1,0.8508,4
2022-11-09 09:15:00,LONG,1228.12,1234.26,tp,0.004,1,0.6951,4
2022-11-09 09:20:00,SHORT,1251.05,1244.8,tp,0.004025,1,0.8762,4
2022-11-09 09:40:00,SHORT,1218.17,1212.08,tp,0.004025,1,0.772,4
2022-11-09 09:45:00,SHORT,1209.88,1203.84,tp,0.004025,1,0.7866,4
2022-11-09 09:50:00,SHORT,1203.66,1207.27,sl,-0.003991,0,0.7024,4
2022-11-09 10:00:00,SHORT,1211.88,1205.82,tp,0.004025,1,0.769,4
2022-11-09 10:05:00,SHORT,1203.29,1197.27,tp,0.004025,1,0.6824,4
2022-11-09 10:10:00,SHORT,1168.38,1162.53,tp,0.004025,1,0.76,4
2022-11-09 10:15:00,SHORT,1142.14,1136.43,tp,0.004025,1,0.7358,4
2022-11-09 10:20:00,SHORT,1168.61,1162.76,tp,0.004025,1,0.6534,4
2022-11-09 10:25:00,SHORT,1169.36,1163.51,tp,0.004025,1,0.6523,4
2022-11-09 10:35:00,SHORT,1199.52,1193.52,tp,0.004025,1,0.8932,4
2022-11-09 10:40:00,SHORT,1193.87,1197.45,sl,-0.003991,0,0.6867,4
2022-11-09 10:50:00,SHORT,1200.86,1194.85,tp,0.004025,1,0.6751,4
2022-11-09 11:05:00,LONG,1184.99,1190.92,tp,0.004,1,0.6629,4
2022-11-09 11:20:00,SHORT,1212.43,1206.37,tp,0.004025,1,0.8171,4
2022-11-09 11:30:00,SHORT,1214.26,1208.19,tp,0.004025,1,0.6509,4
2022-11-09 12:10:00,SHORT,1239.9,1233.7,tp,0.004025,1,0.9108,4
2022-11-09 12:15:00,SHORT,1229.89,1223.75,tp,0.004025,1,0.7014,4
2022-11-09 12:20:00,SHORT,1220.84,1224.5,sl,-0.003991,0,0.6679,4
2022-11-09 12:45:00,SHORT,1230.34,1224.19,tp,0.004025,1,0.6956,4
2022-11-09 12:55:00,SHORT,1226.42,1230.1,sl,-0.003991,0,0.7787,4
2022-11-09 13:00:00,SHORT,1226.57,1220.43,tp,0.004025,1,0.822,4
2022-11-09 13:15:00,SHORT,1209.67,1213.3,sl,-0.003991,0,0.6535,4
2022-11-09 13:35:00,LONG,1207.72,1213.76,tp,0.004,1,0.6664,4
2022-11-09 13:40:00,SHORT,1222.67,1226.34,sl,-0.003991,0,0.8791,4
2022-11-09 14:30:00,LONG,1195.71,1201.69,tp,0.004,1,0.6833,4
2022-11-09 14:45:00,SHORT,1232.64,1226.48,tp,0.004025,1,0.8084,4
2022-11-09 14:55:00,LONG,1226.5,1232.64,tp,0.004,1,0.6529,4
2022-11-09 15:05:00,SHORT,1232.32,1236.02,sl,-0.003991,0,0.8309,4
2022-11-09 15:35:00,SHORT,1185.91,1179.98,tp,0.004025,1,0.7966,4
2022-11-09 15:40:00,LONG,1170.25,1176.11,tp,0.004,1,0.7126,4
2022-11-09 15:45:00,SHORT,1177.39,1171.5,tp,0.004025,1,0.7042,4
2022-11-09 15:50:00,SHORT,1167.74,1161.9,tp,0.004025,1,0.6893,4
2022-11-09 15:55:00,LONG,1163.6,1169.42,tp,0.004,1,0.6911,4
2022-11-09 16:00:00,SHORT,1183.76,1177.84,tp,0.004025,1,0.9009,4
2022-11-09 16:20:00,SHORT,1161.04,1155.23,tp,0.004025,1,0.6841,4
2022-11-09 16:30:00,SHORT,1165.67,1159.84,tp,0.004025,1,0.6561,4
2022-11-09 16:40:00,SHORT,1191.89,1185.93,tp,0.004025,1,0.8823,4
2022-11-09 16:55:00,SHORT,1173.7,1167.83,tp,0.004025,1,0.6754,4
2022-11-09 17:15:00,SHORT,1176.49,1170.61,tp,0.004025,1,0.6833,4
2022-11-09 17:55:00,SHORT,1167.95,1171.45,sl,-0.003991,0,0.6611,4
2022-11-09 19:00:00,SHORT,1190.79,1184.84,tp,0.004025,1,0.8834,4
2022-11-09 19:20:00,SHORT,1196.46,1190.48,tp,0.004025,1,0.8985,4
2022-11-09 19:40:00,SHORT,1197.3,1191.31,tp,0.004025,1,0.8279,4
2022-11-09 20:00:00,SHORT,1190.95,1185.0,tp,0.004025,1,0.7603,4
2022-11-09 20:05:00,LONG,1186.61,1192.55,tp,0.004,1,0.6542,4
2022-11-09 20:35:00,SHORT,1192.41,1186.45,tp,0.004025,1,0.7712,4
2022-11-09 20:40:00,SHORT,1161.1,1155.29,tp,0.004025,1,0.696,4
2022-11-09 20:50:00,SHORT,1164.69,1158.86,tp,0.004025,1,0.7305,4
2022-11-09 20:55:00,SHORT,1164.41,1158.59,tp,0.004025,1,0.7932,4
2022-11-09 21:00:00,SHORT,1147.19,1141.45,tp,0.004025,1,0.6559,4
2022-11-09 21:05:00,SHORT,1152.57,1146.81,tp,0.004025,1,0.7593,4
2022-11-09 21:15:00,SHORT,1136.05,1130.37,tp,0.004025,1,0.6752,4
2022-11-09 21:25:00,LONG,1114.21,1119.78,tp,0.004,1,0.7166,4
2022-11-09 21:35:00,SHORT,1128.08,1122.44,tp,0.004025,1,0.8072,4
2022-11-09 21:40:00,SHORT,1109.29,1112.61,sl,-0.003991,0,0.6778,4
2022-11-09 21:45:00,SHORT,1117.24,1111.65,tp,0.004025,1,0.7251,4
2022-11-09 21:50:00,LONG,1109.22,1105.9,sl,-0.004,0,0.7028,4
2022-11-09 22:05:00,LONG,1102.62,1108.13,tp,0.004,1,0.7282,4
2022-11-09 22:20:00,SHORT,1122.26,1125.63,sl,-0.003991,0,0.7943,4
2022-11-09 22:45:00,LONG,1117.49,1123.08,tp,0.004,1,0.6611,4
2022-11-09 23:05:00,SHORT,1117.58,1111.99,tp,0.004025,1,0.873,4
2022-11-09 23:10:00,SHORT,1109.36,1103.81,tp,0.004025,1,0.6668,4
2022-11-09 23:15:00,SHORT,1097.92,1092.43,tp,0.004025,1,0.6576,4
2022-11-09 23:20:00,SHORT,1086.22,1080.79,tp,0.004025,1,0.7364,4
2022-11-09 23:25:00,SHORT,1086.86,1090.12,sl,-0.003991,0,0.749,4
2022-11-09 23:55:00,SHORT,1102.18,1096.67,tp,0.004025,1,0.8375,4
2022-11-10 00:10:00,SHORT,1117.61,1112.02,tp,0.004025,1,0.8157,4
2022-11-10 00:20:00,SHORT,1128.25,1131.63,sl,-0.003991,0,0.6607,4
2022-11-10 00:25:00,SHORT,1139.38,1133.68,tp,0.004025,1,0.9314,4
2022-11-10 01:00:00,SHORT,1158.56,1152.77,tp,0.004025,1,0.8889,4
2022-11-10 01:35:00,SHORT,1141.46,1135.75,tp,0.004025,1,0.742,4
2022-11-10 01:50:00,SHORT,1137.59,1131.9,tp,0.004025,1,0.6978,4
2022-11-10 02:40:00,SHORT,1145.19,1139.46,tp,0.004025,1,0.8596,4
2022-11-10 03:05:00,SHORT,1170.9,1165.05,tp,0.004025,1,0.8137,4
2022-11-10 03:20:00,SHORT,1173.58,1167.72,tp,0.004025,1,0.8349,4
2022-11-10 03:40:00,SHORT,1182.58,1176.67,tp,0.004025,1,0.895,4
2022-11-10 04:00:00,LONG,1167.58,1173.42,tp,0.004,1,0.6593,4
2022-11-10 04:20:00,SHORT,1180.28,1174.38,tp,0.004025,1,0.839,4
2022-11-10 05:30:00,SHORT,1188.9,1182.95,tp,0.004025,1,0.8711,4
2022-11-10 06:00:00,SHORT,1193.61,1187.64,tp,0.004025,1,0.8764,4
2022-11-10 06:25:00,SHORT,1184.53,1178.6,tp,0.004025,1,0.7843,4
2022-11-10 06:40:00,SHORT,1182.77,1186.32,sl,-0.003991,0,0.6904,4
2022-11-10 07:35:00,SHORT,1200.15,1194.15,tp,0.004025,1,0.6892,4
2022-11-10 08:20:00,LONG,1177.02,1182.9,tp,0.004,1,0.6528,4
2022-11-10 08:55:00,SHORT,1215.19,1209.12,tp,0.004025,1,0.7692,4
2022-11-10 09:30:00,LONG,1189.26,1195.21,tp,0.004,1,0.6586,4
2022-11-10 10:25:00,SHORT,1192.59,1186.63,tp,0.004025,1,0.6849,4
2022-11-10 11:05:00,SHORT,1185.17,1179.24,tp,0.004025,1,0.652,4
2022-11-10 11:15:00,LONG,1179.49,1185.39,tp,0.004,1,0.6791,4
2022-11-10 12:15:00,SHORT,1218.49,1212.4,tp,0.004025,1,0.7192,4
2022-11-10 12:45:00,SHORT,1216.67,1220.32,sl,-0.003991,0,0.831,4
2022-11-10 13:00:00,SHORT,1221.28,1215.17,tp,0.004025,1,0.8904,4
2022-11-10 13:30:00,SHORT,1299.93,1293.43,tp,0.004025,1,0.8352,4
2022-11-10 13:50:00,SHORT,1309.7,1303.16,tp,0.004025,1,0.8862,4
2022-11-10 14:00:00,LONG,1279.63,1286.03,tp,0.004,1,0.7201,4
2022-11-10 14:25:00,SHORT,1301.04,1294.53,tp,0.004025,1,0.7704,4
2022-11-10 14:35:00,LONG,1290.63,1297.09,tp,0.004,1,0.679,4
2022-11-10 15:00:00,LONG,1333.36,1340.02,tp,0.004,1,0.6582,4
2022-11-10 15:05:00,SHORT,1343.08,1336.36,tp,0.004025,1,0.8697,4
2022-11-10 16:25:00,SHORT,1345.2,1338.47,tp,0.004025,1,0.8342,4
2022-11-10 17:20:00,SHORT,1317.41,1310.82,tp,0.004025,1,0.7581,4
2022-11-10 18:10:00,SHORT,1274.66,1278.49,sl,-0.003991,0,0.6938,4
2022-11-10 18:25:00,LONG,1254.12,1260.39,tp,0.004,1,0.7179,4
2022-11-10 18:40:00,SHORT,1265.44,1269.23,sl,-0.003991,0,0.6782,4
2022-11-10 19:30:00,SHORT,1277.8,1271.41,tp,0.004025,1,0.7263,4
2022-11-10 19:45:00,SHORT,1289.47,1293.34,sl,-0.003991,0,0.736,4
2022-11-10 20:20:00,SHORT,1296.54,1300.43,sl,-0.003991,0,0.6586,4
2022-11-10 21:15:00,LONG,1326.27,1332.9,tp,0.004,1,0.6602,4
2022-11-10 21:35:00,SHORT,1327.77,1321.13,tp,0.004025,1,0.6564,4
2022-11-10 22:45:00,SHORT,1328.2,1321.55,tp,0.004025,1,0.8508,4
2022-11-10 23:15:00,SHORT,1297.35,1290.86,tp,0.004025,1,0.6599,4
2022-11-10 23:30:00,SHORT,1304.68,1298.15,tp,0.004025,1,0.8139,4
2022-11-10 23:40:00,LONG,1296.47,1302.95,tp,0.004,1,0.6787,4
2022-11-11 00:05:00,SHORT,1302.42,1295.91,tp,0.004025,1,0.7557,4
2022-11-11 01:05:00,SHORT,1305.35,1298.82,tp,0.004025,1,0.7863,4
2022-11-11 01:30:00,LONG,1267.9,1264.1,sl,-0.004,0,0.7015,4
2022-11-11 02:10:00,LONG,1248.8,1245.06,sl,-0.004,0,0.7072,4
2022-11-11 02:55:00,SHORT,1251.69,1245.44,tp,0.004025,1,0.7007,4
2022-11-11 03:20:00,LONG,1225.54,1231.67,tp,0.004,1,0.6979,4
2022-11-11 03:40:00,SHORT,1237.38,1241.09,sl,-0.003991,0,0.6695,4
2022-11-11 04:00:00,LONG,1233.65,1239.81,tp,0.004,1,0.6756,4
2022-11-11 04:10:00,SHORT,1244.78,1238.55,tp,0.004025,1,0.7701,4
2022-11-11 04:35:00,SHORT,1240.49,1234.29,tp,0.004025,1,0.6934,4
2022-11-11 05:45:00,SHORT,1267.46,1271.26,sl,-0.003991,0,0.7136,4
2022-11-11 06:05:00,SHORT,1271.23,1264.88,tp,0.004025,1,0.7266,4
2022-11-11 06:35:00,SHORT,1267.77,1261.43,tp,0.004025,1,0.8422,4
2022-11-11 07:15:00,SHORT,1278.62,1282.46,sl,-0.003991,0,0.7578,4
2022-11-11 07:50:00,SHORT,1280.27,1273.87,tp,0.004025,1,0.6958,4
2022-11-11 09:35:00,SHORT,1282.41,1276.0,tp,0.004025,1,0.6911,4
2022-11-11 10:00:00,SHORT,1282.72,1276.3,tp,0.004025,1,0.8268,4
2022-11-11 11:10:00,SHORT,1286.59,1280.15,tp,0.004025,1,0.7747,4
2022-11-11 11:45:00,LONG,1270.91,1277.26,tp,0.004,1,0.6728,4
2022-11-11 12:00:00,SHORT,1277.97,1271.58,tp,0.004025,1,0.8477,4
2022-11-11 13:00:00,SHORT,1301.26,1294.75,tp,0.004025,1,0.8739,4
2022-11-11 13:20:00,SHORT,1303.67,1307.58,sl,-0.003991,0,0.7782,4
2022-11-11 14:20:00,SHORT,1212.84,1206.78,tp,0.004025,1,0.7417,4
2022-11-11 14:45:00,SHORT,1271.21,1264.86,tp,0.004025,1,0.8368,4
2022-11-11 15:05:00,LONG,1244.05,1250.27,tp,0.004,1,0.712,4
2022-11-11 15:25:00,SHORT,1274.53,1268.16,tp,0.004025,1,0.8618,4
2022-11-11 15:35:00,SHORT,1258.87,1262.65,sl,-0.003991,0,0.6542,4
2022-11-11 15:50:00,SHORT,1256.19,1259.96,sl,-0.003991,0,0.6564,4
2022-11-11 16:20:00,SHORT,1243.22,1237.0,tp,0.004025,1,0.7159,4
2022-11-11 17:10:00,SHORT,1259.1,1262.88,sl,-0.003991,0,0.7664,4
2022-11-11 18:00:00,SHORT,1283.88,1277.46,tp,0.004025,1,0.8847,4
2022-11-11 18:30:00,SHORT,1278.19,1271.8,tp,0.004025,1,0.7731,4
2022-11-11 19:10:00,SHORT,1265.01,1268.8,sl,-0.003991,0,0.6744,4
2022-11-11 19:55:00,SHORT,1273.4,1267.04,tp,0.004025,1,0.7425,4
2022-11-11 20:30:00,SHORT,1259.94,1253.64,tp,0.004025,1,0.7735,4
2022-11-11 20:35:00,LONG,1243.15,1249.37,tp,0.004,1,0.6635,4
2022-11-11 21:20:00,SHORT,1270.44,1274.26,sl,-0.003991,0,0.7766,4
2022-11-11 21:50:00,SHORT,1271.26,1275.08,sl,-0.003991,0,0.8315,4
2022-11-11 22:55:00,SHORT,1279.75,1283.59,sl,-0.003991,0,0.7736,4
2022-11-11 23:50:00,SHORT,1291.58,1285.13,tp,0.004025,1,0.8754,4
2022-11-12 00:35:00,SHORT,1276.34,1269.96,tp,0.004025,1,0.749,4
2022-11-12 01:20:00,SHORT,1276.36,1269.98,tp,0.004025,1,0.7887,4
2022-11-12 01:45:00,SHORT,1278.55,1272.16,tp,0.004025,1,0.7661,4
2022-11-12 03:20:00,LONG,1256.75,1263.03,tp,0.004,1,0.6661,4
2022-11-12 03:35:00,SHORT,1267.03,1260.69,tp,0.004025,1,0.7312,4
2022-11-12 04:35:00,SHORT,1266.38,1260.04,tp,0.004025,1,0.6823,4
2022-11-12 05:45:00,LONG,1242.92,1249.14,tp,0.004,1,0.6593,4
2022-11-12 07:20:00,SHORT,1271.88,1275.7,sl,-0.003991,0,0.6903,4
2022-11-12 09:20:00,SHORT,1263.69,1267.48,sl,-0.003991,0,0.668,4
2022-11-12 10:15:00,SHORT,1263.41,1267.2,sl,-0.003991,0,0.6955,4
2022-11-12 11:05:00,SHORT,1262.28,1255.97,tp,0.004025,1,0.7193,4
2022-11-12 11:35:00,SHORT,1261.47,1255.16,tp,0.004025,1,0.7217,4
2022-11-12 13:35:00,SHORT,1263.19,1266.98,sl,-0.003991,0,0.7162,4
2022-11-12 13:55:00,SHORT,1265.51,1269.3,sl,-0.003991,0,0.7028,4
2022-11-12 14:45:00,SHORT,1280.1,1273.7,tp,0.004025,1,0.7625,4
2022-11-12 15:05:00,SHORT,1279.17,1272.77,tp,0.004025,1,0.7526,4
2022-11-12 15:50:00,SHORT,1274.86,1278.69,sl,-0.003991,0,0.7022,4
2022-11-12 20:25:00,SHORT,1267.4,1261.06,tp,0.004025,1,0.6896,4
2022-11-13 07:10:00,SHORT,1251.08,1244.83,tp,0.004025,1,0.65,4
2022-11-13 07:50:00,SHORT,1252.79,1246.53,tp,0.004025,1,0.7534,4
2022-11-13 08:55:00,SHORT,1230.44,1224.29,tp,0.004025,1,0.6542,4
2022-11-13 10:00:00,SHORT,1227.93,1231.61,sl,-0.003991,0,0.7254,4
2022-11-13 10:25:00,SHORT,1231.81,1235.51,sl,-0.003991,0,0.6596,4
2022-11-13 11:30:00,SHORT,1243.67,1247.4,sl,-0.003991,0,0.7918,4
2022-11-13 13:20:00,SHORT,1237.53,1241.24,sl,-0.003991,0,0.6635,4
2022-11-13 16:30:00,SHORT,1230.92,1234.62,sl,-0.003991,0,0.654,4
2022-11-13 21:20:00,SHORT,1214.14,1217.79,sl,-0.003991,0,0.7293,4
2022-11-13 21:35:00,SHORT,1230.99,1224.84,tp,0.004025,1,0.7907,4
2022-11-13 22:30:00,SHORT,1227.04,1220.9,tp,0.004025,1,0.8261,4
2022-11-13 22:50:00,SHORT,1229.65,1223.51,tp,0.004025,1,0.7859,4
2022-11-13 23:20:00,SHORT,1223.96,1217.84,tp,0.004025,1,0.677,4
2022-11-14 00:00:00,SHORT,1227.52,1221.38,tp,0.004025,1,0.7521,4
2022-11-14 00:20:00,LONG,1194.76,1200.73,tp,0.004,1,0.6767,4
2022-11-14 00:40:00,SHORT,1210.75,1204.7,tp,0.004025,1,0.7394,4
2022-11-14 01:45:00,LONG,1183.6,1189.52,tp,0.004,1,0.659,4
2022-11-14 02:30:00,SHORT,1185.69,1189.24,sl,-0.003991,0,0.71,4
2022-11-14 02:55:00,SHORT,1193.26,1196.84,sl,-0.003991,0,0.8008,4
2022-11-14 03:30:00,SHORT,1196.03,1190.05,tp,0.004025,1,0.8269,4
2022-11-14 03:45:00,SHORT,1197.38,1191.39,tp,0.004025,1,0.8552,4
2022-11-14 04:30:00,SHORT,1185.61,1179.68,tp,0.004025,1,0.7644,4
2022-11-14 05:15:00,SHORT,1187.54,1181.6,tp,0.004025,1,0.7029,4
2022-11-14 06:05:00,SHORT,1184.4,1178.48,tp,0.004025,1,0.7337,4
2022-11-14 06:55:00,SHORT,1236.22,1230.04,tp,0.004025,1,0.8494,4
2022-11-14 07:15:00,LONG,1227.5,1233.64,tp,0.004,1,0.6755,4
2022-11-14 08:10:00,SHORT,1269.01,1262.66,tp,0.004025,1,0.7307,4
2022-11-14 08:35:00,LONG,1258.42,1264.71,tp,0.004,1,0.6616,4
2022-11-14 08:55:00,SHORT,1261.1,1254.79,tp,0.004025,1,0.6819,4
2022-11-14 09:20:00,SHORT,1257.89,1261.66,sl,-0.003991,0,0.7861,4
2022-11-14 09:35:00,SHORT,1260.48,1264.26,sl,-0.003991,0,0.6981,4
2022-11-14 10:35:00,SHORT,1259.49,1263.27,sl,-0.003991,0,0.709,4
2022-11-14 12:30:00,SHORT,1265.18,1268.97,sl,-0.003991,0,0.798,4
2022-11-14 13:25:00,SHORT,1287.82,1281.38,tp,0.004025,1,0.8364,4
2022-11-14 15:00:00,SHORT,1249.33,1253.07,sl,-0.003991,0,0.6501,4
2022-11-14 15:50:00,SHORT,1244.92,1248.65,sl,-0.003991,0,0.7769,4
2022-11-14 16:05:00,SHORT,1245.29,1239.06,tp,0.004025,1,0.7294,4
2022-11-14 18:25:00,SHORT,1242.63,1236.42,tp,0.004025,1,0.6728,4
2022-11-14 20:15:00,SHORT,1218.29,1221.95,sl,-0.003991,0,0.7654,4
2022-11-14 20:35:00,SHORT,1219.23,1213.13,tp,0.004025,1,0.7236,4
2022-11-14 21:00:00,SHORT,1217.44,1221.09,sl,-0.003991,0,0.7206,4
2022-11-14 21:30:00,SHORT,1223.91,1227.58,sl,-0.003991,0,0.6821,4
2022-11-14 22:00:00,SHORT,1226.84,1220.7,tp,0.004025,1,0.6679,4
2022-11-14 22:20:00,SHORT,1225.45,1219.32,tp,0.004025,1,0.6991,4
2022-11-14 22:45:00,SHORT,1223.59,1227.26,sl,-0.003991,0,0.7169,4
2022-11-14 23:15:00,SHORT,1239.86,1243.58,sl,-0.003991,0,0.6984,4
2022-11-14 23:40:00,SHORT,1246.56,1240.32,tp,0.004025,1,0.789,4
2022-11-15 00:00:00,SHORT,1245.6,1249.33,sl,-0.003991,0,0.86,4
2022-11-15 00:30:00,SHORT,1246.84,1240.6,tp,0.004025,1,0.6716,4
2022-11-15 01:45:00,SHORT,1258.73,1262.51,sl,-0.003991,0,0.815,4
2022-11-15 02:35:00,SHORT,1264.15,1259.32,timeout,0.002834,1,0.8195,4
2022-11-15 03:00:00,SHORT,1262.61,1256.3,tp,0.004025,1,0.7346,4
2022-11-15 07:15:00,SHORT,1271.19,1264.84,tp,0.004025,1,0.701,4
2022-11-15 07:45:00,SHORT,1270.79,1264.44,tp,0.004025,1,0.6951,4
2022-11-15 08:25:00,SHORT,1275.58,1269.2,tp,0.004025,1,0.6889,4
2022-11-15 11:30:00,SHORT,1260.16,1263.94,sl,-0.003991,0,0.7631,4
2022-11-15 12:45:00,SHORT,1266.18,1269.98,sl,-0.003991,0,0.6893,4
2022-11-15 13:30:00,SHORT,1283.01,1276.59,tp,0.004025,1,0.6525,4
2022-11-15 14:00:00,SHORT,1274.33,1267.96,tp,0.004025,1,0.6901,4
2022-11-15 15:00:00,SHORT,1267.4,1271.2,sl,-0.003991,0,0.7279,4
2022-11-15 15:40:00,SHORT,1274.73,1268.36,tp,0.004025,1,0.7477,4
2022-11-15 16:30:00,SHORT,1268.52,1262.17,tp,0.004025,1,0.7152,4
2022-11-15 17:05:00,SHORT,1268.89,1272.69,sl,-0.003991,0,0.7361,4
2022-11-15 18:55:00,SHORT,1242.94,1236.72,tp,0.004025,1,0.7103,4
2022-11-15 19:20:00,SHORT,1248.93,1252.67,sl,-0.003991,0,0.6883,4
2022-11-15 19:40:00,SHORT,1250.92,1254.68,sl,-0.003991,0,0.69,4
2022-11-15 20:00:00,SHORT,1261.06,1254.75,tp,0.004025,1,0.6786,4
2022-11-15 20:45:00,SHORT,1251.93,1245.67,tp,0.004025,1,0.6895,4
2022-11-15 21:00:00,SHORT,1253.8,1247.53,tp,0.004025,1,0.6872,4
2022-11-15 21:20:00,SHORT,1248.62,1242.37,tp,0.004025,1,0.6664,4
2022-11-16 00:45:00,SHORT,1255.79,1259.56,sl,-0.003991,0,0.7068,4
2022-11-16 01:05:00,SHORT,1256.88,1260.65,sl,-0.003991,0,0.6737,4
2022-11-16 12:20:00,SHORT,1220.4,1224.06,sl,-0.003991,0,0.6559,4
2022-11-16 14:15:00,SHORT,1209.35,1212.97,sl,-0.003991,0,0.7878,4
2022-11-16 14:30:00,SHORT,1214.02,1207.95,tp,0.004025,1,0.7926,4
2022-11-16 15:10:00,SHORT,1211.63,1205.58,tp,0.004025,1,0.7245,4
2022-11-16 15:35:00,SHORT,1208.49,1202.44,tp,0.004025,1,0.7281,4
2022-11-16 16:15:00,SHORT,1199.85,1203.45,sl,-0.003991,0,0.7761,4
2022-11-16 16:45:00,SHORT,1213.0,1206.94,tp,0.004025,1,0.7959,4
2022-11-16 17:15:00,SHORT,1210.97,1214.61,sl,-0.003991,0,0.7532,4
2022-11-16 17:35:00,SHORT,1211.14,1214.78,sl,-0.003991,0,0.6642,4
2022-11-17 00:45:00,SHORT,1225.07,1220.7,timeout,0.002578,1,0.7185,4
2022-11-17 07:45:00,SHORT,1204.7,1208.31,sl,-0.003991,0,0.6752,4
2022-11-17 12:55:00,SHORT,1203.09,1197.07,tp,0.004025,1,0.6753,4
2022-11-17 14:00:00,SHORT,1191.42,1195.0,sl,-0.003991,0,0.7817,4
2022-11-17 15:20:00,SHORT,1214.38,1208.31,tp,0.004025,1,0.7663,4
2022-11-17 16:30:00,SHORT,1208.05,1211.67,sl,-0.003991,0,0.6762,4
2022-11-17 17:00:00,SHORT,1213.91,1207.84,tp,0.004025,1,0.7867,4
2022-11-17 18:15:00,SHORT,1211.22,1205.17,tp,0.004025,1,0.7091,4
2022-11-20 11:30:00,LONG,1165.45,1161.96,sl,-0.004,0,0.658,4
2022-11-20 11:45:00,SHORT,1170.61,1164.76,tp,0.004025,1,0.7726,4
2022-11-20 12:35:00,SHORT,1171.48,1165.63,tp,0.004025,1,0.7737,4
2022-11-20 13:15:00,SHORT,1173.17,1176.69,sl,-0.003991,0,0.7021,4
2022-11-20 13:55:00,SHORT,1175.97,1179.5,sl,-0.003991,0,0.7595,4
2022-11-20 21:50:00,SHORT,1142.36,1136.65,tp,0.004025,1,0.6506,4
2022-11-20 22:20:00,SHORT,1152.24,1146.48,tp,0.004025,1,0.7772,4
2022-11-21 01:05:00,SHORT,1140.86,1135.15,tp,0.004025,1,0.6879,4
2022-11-21 02:10:00,SHORT,1119.46,1113.86,tp,0.004025,1,0.651,4
2022-11-21 02:40:00,SHORT,1122.46,1125.83,sl,-0.003991,0,0.6655,4
2022-11-21 04:15:00,SHORT,1135.02,1129.35,tp,0.004025,1,0.6668,4
2022-11-21 09:50:00,SHORT,1123.68,1118.06,tp,0.004025,1,0.7552,4
2022-11-21 11:00:00,SHORT,1128.99,1123.34,tp,0.004025,1,0.7074,4
2022-11-21 13:20:00,SHORT,1141.69,1135.98,tp,0.004025,1,0.7062,4
2022-11-21 14:00:00,SHORT,1134.17,1137.58,sl,-0.003991,0,0.6868,4
2022-11-21 15:30:00,SHORT,1133.82,1128.15,tp,0.004025,1,0.7241,4
2022-11-21 16:05:00,SHORT,1131.25,1125.6,tp,0.004025,1,0.7012,4
2022-11-21 16:20:00,SHORT,1114.92,1109.35,tp,0.004025,1,0.6633,4
2022-11-21 16:45:00,SHORT,1118.66,1113.07,tp,0.004025,1,0.7349,4
2022-11-21 17:35:00,SHORT,1113.44,1107.88,tp,0.004025,1,0.7712,4
2022-11-21 19:15:00,SHORT,1104.5,1098.97,tp,0.004025,1,0.7434,4
2022-11-21 20:15:00,SHORT,1103.9,1107.21,sl,-0.003991,0,0.7047,4
2022-11-21 20:35:00,SHORT,1105.62,1108.93,sl,-0.003991,0,0.6573,4
2022-11-21 22:00:00,SHORT,1095.55,1098.84,sl,-0.003991,0,0.6906,4
2022-11-21 22:30:00,SHORT,1113.82,1117.16,sl,-0.003991,0,0.6513,4
2022-11-21 23:15:00,SHORT,1111.69,1106.14,tp,0.004025,1,0.7258,4
2022-11-22 00:20:00,SHORT,1112.78,1107.22,tp,0.004025,1,0.7576,4
2022-11-22 01:15:00,SHORT,1107.39,1101.85,tp,0.004025,1,0.6667,4
2022-11-22 08:45:00,SHORT,1087.7,1090.96,sl,-0.003991,0,0.6756,4
2022-11-22 09:35:00,SHORT,1087.71,1082.27,tp,0.004025,1,0.6762,4
2022-11-22 14:05:00,SHORT,1133.51,1127.85,tp,0.004025,1,0.6637,4
2022-11-22 15:00:00,SHORT,1128.0,1131.38,sl,-0.003991,0,0.8391,4
2022-11-22 15:15:00,SHORT,1127.39,1130.77,sl,-0.003991,0,0.7121,4
2022-11-22 16:00:00,SHORT,1135.23,1129.56,tp,0.004025,1,0.7419,4
2022-11-22 16:40:00,SHORT,1129.51,1123.87,tp,0.004025,1,0.6923,4
2022-11-22 22:50:00,SHORT,1138.22,1141.64,sl,-0.003991,0,0.6862,4
2022-11-23 00:00:00,SHORT,1135.72,1139.13,sl,-0.003991,0,0.6837,4
2022-11-23 00:20:00,SHORT,1142.54,1145.97,sl,-0.003991,0,0.79,4
2022-11-23 02:30:00,SHORT,1162.26,1164.07,timeout,-0.002558,0,0.6709,4
2022-11-23 19:45:00,SHORT,1168.57,1162.72,tp,0.004025,1,0.6732,4
2022-11-24 02:00:00,SHORT,1206.77,1200.73,tp,0.004025,1,0.7149,4
2022-11-28 02:20:00,SHORT,1169.81,1163.97,tp,0.004025,1,0.7416,4
2022-11-28 14:55:00,SHORT,1166.27,1160.44,tp,0.004025,1,0.7281,4
2022-11-28 15:00:00,SHORT,1167.81,1161.97,tp,0.004025,1,0.6542,4
2022-11-28 15:55:00,SHORT,1162.91,1157.09,tp,0.004025,1,0.7276,4
2022-11-28 16:05:00,SHORT,1159.99,1154.19,tp,0.004025,1,0.6833,4
2022-11-28 17:20:00,SHORT,1176.99,1171.11,tp,0.004025,1,0.7078,4
2022-11-28 18:00:00,SHORT,1171.89,1168.08,timeout,0.002262,1,0.6555,4
2022-11-30 01:35:00,SHORT,1268.44,1272.24,sl,-0.003991,0,0.6874,4
2022-12-01 14:30:00,SHORT,1275.67,1279.5,sl,-0.003991,0,0.7187,4
2022-12-05 15:00:00,SHORT,1279.03,1272.64,tp,0.004025,1,0.6505,4
2022-12-05 15:45:00,SHORT,1265.7,1269.49,sl,-0.003991,0,0.6656,4
2022-12-07 08:10:00,SHORT,1227.02,1230.7,sl,-0.003991,0,0.6836,4
2022-12-09 13:50:00,SHORT,1276.47,1270.09,tp,0.004025,1,0.7535,4
2022-12-13 13:30:00,SHORT,1343.64,1336.92,tp,0.004025,1,0.8481,4
2022-12-13 14:00:00,SHORT,1339.53,1343.55,sl,-0.003991,0,0.6995,4
2022-12-13 14:20:00,SHORT,1340.25,1333.55,tp,0.004025,1,0.7052,4
2022-12-13 15:10:00,SHORT,1334.62,1327.95,tp,0.004025,1,0.6849,4
2022-12-14 18:55:00,SHORT,1332.06,1325.4,tp,0.004025,1,0.6859,4
2022-12-14 19:30:00,LONG,1302.66,1309.17,tp,0.004,1,0.6762,4
2022-12-14 20:10:00,SHORT,1315.34,1308.77,tp,0.004025,1,0.7156,4
2022-12-14 20:50:00,SHORT,1308.71,1312.63,sl,-0.003991,0,0.6631,4
2022-12-15 13:30:00,SHORT,1275.09,1275.03,timeout,-0.000949,0,0.6546,4
2022-12-15 13:40:00,SHORT,1273.43,1277.25,sl,-0.003991,0,0.6613,4
2022-12-16 09:50:00,SHORT,1213.31,1207.25,tp,0.004025,1,0.8137,4
2022-12-16 10:15:00,SHORT,1211.26,1212.4,timeout,-0.001934,0,0.6719,4
2022-12-16 10:40:00,SHORT,1210.95,1214.05,timeout,-0.003547,0,0.7828,4
2022-12-16 11:25:00,SHORT,1213.15,1213.11,timeout,-0.000961,0,0.6696,4
2022-12-16 12:15:00,SHORT,1211.7,1211.92,timeout,-0.001175,0,0.7507,4
2022-12-16 14:45:00,SHORT,1216.98,1210.9,tp,0.004025,1,0.7087,4
2022-12-16 15:40:00,SHORT,1204.68,1198.65,tp,0.004025,1,0.6887,4
2022-12-16 17:15:00,SHORT,1194.43,1198.02,sl,-0.003991,0,0.7675,4
2022-12-16 17:35:00,SHORT,1194.26,1197.85,sl,-0.003991,0,0.6695,4
2022-12-16 18:05:00,SHORT,1196.64,1198.02,timeout,-0.00215,0,0.6588,4
2022-12-16 22:55:00,SHORT,1178.13,1172.24,tp,0.004025,1,0.673,4
2022-12-16 23:00:00,SHORT,1171.5,1175.02,sl,-0.003991,0,0.6786,4
2022-12-16 23:40:00,SHORT,1164.32,1167.81,sl,-0.003991,0,0.8012,4
2022-12-17 01:05:00,SHORT,1173.17,1167.31,tp,0.004025,1,0.6741,4
2022-12-20 00:20:00,SHORT,1173.97,1177.49,sl,-0.003991,0,0.7154,4
2022-12-22 15:15:00,SHORT,1190.39,1188.82,timeout,0.000321,1,0.6639,4
