entry_time,direction,entry,exit,exit_type,pnl_pct,win,prob,fold
2022-01-01 00:00:00,LONG,518.36,520.95,tp,0.004,1,0.6995,1
2022-01-01 04:00:00,SHORT,515.54,512.96,tp,0.004025,1,0.7127,1
2022-01-01 08:00:00,LONG,514.06,516.63,tp,0.004,1,0.6858,1
2022-01-01 20:00:00,SHORT,527.04,524.4,tp,0.004025,1,0.8953,1
2022-01-02 04:00:00,LONG,522.36,520.79,sl,-0.004,0,0.864,1
2022-01-02 16:00:00,SHORT,528.74,530.32,sl,-0.003991,0,0.7976,1
2022-01-02 20:00:00,LONG,531.27,529.67,sl,-0.004,0,0.6851,1
2022-01-03 04:00:00,LONG,525.76,528.39,tp,0.004,1,0.816,1
2022-01-03 08:00:00,SHORT,530.73,528.08,tp,0.004025,1,0.7368,1
2022-01-03 12:00:00,SHORT,526.94,524.3,tp,0.004025,1,0.7975,1
2022-01-03 16:00:00,SHORT,513.84,511.27,tp,0.004025,1,0.7065,1
2022-01-03 20:00:00,SHORT,511.64,509.09,tp,0.004025,1,0.723,1
2022-01-04 00:00:00,LONG,509.55,512.1,tp,0.004,1,0.7645,1
2022-01-04 12:00:00,SHORT,515.34,512.77,tp,0.004025,1,0.8001,1
2022-01-04 16:00:00,SHORT,509.55,507.0,tp,0.004025,1,0.6816,1
2022-01-04 20:00:00,LONG,507.15,509.69,tp,0.004,1,0.6997,1
2022-01-05 00:00:00,LONG,512.36,514.92,tp,0.004,1,0.6549,1
2022-01-05 08:00:00,SHORT,511.44,508.89,tp,0.004025,1,0.8739,1
2022-01-05 12:00:00,SHORT,512.14,509.58,tp,0.004025,1,0.7946,1
2022-01-05 16:00:00,LONG,493.05,491.57,sl,-0.004,0,0.8369,1
2022-01-05 20:00:00,LONG,474.34,472.91,sl,-0.004,0,0.9477,1
2022-01-06 00:00:00,LONG,465.43,467.76,tp,0.004,1,0.9174,1
2022-01-06 04:00:00,SHORT,471.86,469.5,tp,0.004025,1,0.8981,1
2022-01-06 08:00:00,LONG,462.93,465.25,tp,0.004,1,0.9384,1
2022-01-06 12:00:00,LONG,472.44,474.8,tp,0.004,1,0.8839,1
2022-01-06 16:00:00,SHORT,477.36,474.97,tp,0.004025,1,0.9313,1
2022-01-06 20:00:00,LONG,472.84,471.42,sl,-0.004,0,0.8288,1
2022-01-07 00:00:00,LONG,454.03,452.66,sl,-0.004,0,0.8999,1
2022-01-07 04:00:00,LONG,447.52,449.76,tp,0.004,1,0.9413,1
2022-01-07 08:00:00,LONG,453.53,455.79,tp,0.004,1,0.865,1
2022-01-07 12:00:00,LONG,445.32,447.55,tp,0.004,1,0.9015,1
2022-01-07 16:00:00,LONG,451.23,449.87,sl,-0.004,0,0.903,1
2022-01-07 20:00:00,LONG,448.32,450.57,tp,0.004,1,0.8662,1
2022-01-08 00:00:00,LONG,451.73,453.98,tp,0.004,1,0.8332,1
2022-01-08 04:00:00,LONG,456.63,458.91,tp,0.004,1,0.7406,1
2022-01-08 08:00:00,SHORT,455.97,453.69,tp,0.004025,1,0.8513,1
2022-01-08 12:00:00,LONG,448.22,446.88,sl,-0.004,0,0.7123,1
2022-01-08 16:00:00,LONG,421.81,423.92,tp,0.004,1,0.9587,1
2022-01-08 20:00:00,LONG,430.11,432.27,tp,0.004,1,0.8493,1
2022-01-09 00:00:00,LONG,433.02,435.18,tp,0.004,1,0.8203,1
2022-01-09 04:00:00,SHORT,433.58,431.42,tp,0.004025,1,0.8686,1
2022-01-09 08:00:00,SHORT,434.98,432.81,tp,0.004025,1,0.7156,1
2022-01-09 12:00:00,LONG,430.11,432.27,tp,0.004,1,0.9541,1
2022-01-09 16:00:00,LONG,443.82,442.49,sl,-0.004,0,0.79,1
2022-01-09 20:00:00,LONG,438.92,437.6,sl,-0.004,0,0.7546,1
2022-01-10 04:00:00,SHORT,441.68,439.47,tp,0.004025,1,0.9045,1
2022-01-10 08:00:00,LONG,434.12,432.81,sl,-0.004,0,0.7566,1
2022-01-10 12:00:00,LONG,416.31,418.39,tp,0.004,1,0.946,1
2022-01-10 16:00:00,LONG,419.61,421.71,tp,0.004,1,0.8896,1
2022-01-10 20:00:00,LONG,424.91,427.04,tp,0.004,1,0.759,1
2022-01-11 00:00:00,LONG,433.92,436.09,tp,0.004,1,0.8439,1
2022-01-11 04:00:00,LONG,442.32,444.53,tp,0.004,1,0.8456,1
2022-01-11 08:00:00,LONG,448.62,450.87,tp,0.004,1,0.9133,1
2022-01-11 12:00:00,LONG,452.73,454.99,tp,0.004,1,0.8549,1
2022-01-11 16:00:00,SHORT,459.77,461.15,sl,-0.003991,0,0.9522,1
2022-01-11 20:00:00,SHORT,463.37,461.05,tp,0.004025,1,0.8169,1
2022-01-12 00:00:00,LONG,459.73,462.03,tp,0.004,1,0.8125,1
2022-01-12 04:00:00,LONG,459.23,461.53,tp,0.004,1,0.8181,1
2022-01-12 08:00:00,LONG,468.23,470.58,tp,0.004,1,0.8451,1
2022-01-12 12:00:00,LONG,482.44,484.85,tp,0.004,1,0.8763,1
2022-01-12 16:00:00,SHORT,486.96,488.42,sl,-0.003991,0,0.8557,1
2022-01-12 20:00:00,SHORT,487.56,485.12,tp,0.004025,1,0.9579,1
2022-01-13 00:00:00,LONG,478.84,481.23,tp,0.004,1,0.8639,1
2022-01-13 04:00:00,SHORT,482.76,480.34,tp,0.004025,1,0.7102,1
2022-01-13 08:00:00,SHORT,477.86,475.47,tp,0.004025,1,0.7953,1
2022-01-13 12:00:00,SHORT,473.76,471.39,tp,0.004025,1,0.9214,1
2022-01-13 16:00:00,LONG,475.34,477.71,tp,0.004,1,0.7682,1
2022-01-13 20:00:00,LONG,475.44,477.81,tp,0.004,1,0.7238,1
2022-01-14 00:00:00,LONG,480.34,482.74,tp,0.004,1,0.8275,1
2022-01-14 04:00:00,SHORT,484.06,481.64,tp,0.004025,1,0.9292,1
2022-01-14 08:00:00,SHORT,471.66,469.31,tp,0.004025,1,0.8915,1
2022-01-14 12:00:00,LONG,481.64,484.05,tp,0.004,1,0.9144,1
2022-01-14 16:00:00,LONG,485.94,488.37,tp,0.004,1,0.7649,1
2022-01-14 20:00:00,LONG,490.24,492.7,tp,0.004,1,0.8283,1
2022-01-15 00:00:00,LONG,488.24,490.69,tp,0.004,1,0.7546,1
2022-01-15 04:00:00,LONG,494.45,492.96,sl,-0.004,0,0.7448,1
2022-01-15 08:00:00,LONG,492.45,494.91,tp,0.004,1,0.7276,1
2022-01-15 12:00:00,SHORT,499.75,497.25,tp,0.004025,1,0.814,1
2022-01-15 16:00:00,SHORT,497.95,495.46,tp,0.004025,1,0.7497,1
2022-01-15 20:00:00,SHORT,494.25,491.78,tp,0.004025,1,0.7345,1
2022-01-16 00:00:00,LONG,492.05,494.51,tp,0.004,1,0.88,1
2022-01-16 08:00:00,LONG,494.25,496.72,tp,0.004,1,0.7052,1
2022-01-16 12:00:00,LONG,501.55,504.06,tp,0.004,1,0.8704,1
2022-01-16 16:00:00,SHORT,498.25,499.75,sl,-0.003991,0,0.8164,1
2022-01-16 20:00:00,LONG,498.85,497.35,sl,-0.004,0,0.6947,1
2022-01-17 00:00:00,SHORT,483.86,481.44,tp,0.004025,1,0.7712,1
2022-01-17 04:00:00,SHORT,485.36,482.93,tp,0.004025,1,0.7681,1
2022-01-17 08:00:00,SHORT,480.96,478.55,tp,0.004025,1,0.7497,1
2022-01-17 12:00:00,SHORT,471.16,468.81,tp,0.004025,1,0.825,1
2022-01-17 16:00:00,SHORT,477.26,474.87,tp,0.004025,1,0.8391,1
2022-01-17 20:00:00,LONG,475.44,477.81,tp,0.004,1,0.9123,1
2022-01-18 00:00:00,SHORT,472.26,469.9,tp,0.004025,1,0.8712,1
2022-01-18 04:00:00,SHORT,473.96,471.59,tp,0.004025,1,0.8472,1
2022-01-18 08:00:00,SHORT,466.47,464.13,tp,0.004025,1,0.8881,1
2022-01-18 12:00:00,SHORT,460.87,458.57,tp,0.004025,1,0.8683,1
2022-01-18 16:00:00,LONG,462.83,465.15,tp,0.004,1,0.9152,1
2022-01-18 20:00:00,SHORT,471.16,468.81,tp,0.004025,1,0.9464,1
2022-01-19 00:00:00,LONG,463.73,462.34,sl,-0.004,0,0.844,1
2022-01-19 04:00:00,LONG,456.33,458.61,tp,0.004,1,0.9328,1
2022-01-19 08:00:00,SHORT,462.37,463.76,sl,-0.003991,0,0.8154,1
2022-01-19 12:00:00,LONG,466.53,468.87,tp,0.004,1,0.7551,1
2022-01-19 16:00:00,SHORT,470.96,468.61,tp,0.004025,1,0.9164,1
2022-01-19 20:00:00,LONG,462.13,464.44,tp,0.004,1,0.8189,1
2022-01-20 00:00:00,LONG,468.83,471.18,tp,0.004,1,0.7221,1
2022-01-20 04:00:00,SHORT,476.96,474.58,tp,0.004025,1,0.9527,1
2022-01-20 08:00:00,SHORT,464.27,461.95,tp,0.004025,1,0.8618,1
2022-01-20 12:00:00,SHORT,472.66,470.3,tp,0.004025,1,0.8147,1
2022-01-20 16:00:00,LONG,465.03,463.64,sl,-0.004,0,0.8102,1
2022-01-20 20:00:00,SHORT,439.98,437.78,tp,0.004025,1,0.9421,1
2022-01-21 00:00:00,LONG,422.61,424.72,tp,0.004,1,0.9489,1
2022-01-21 04:00:00,SHORT,430.98,428.83,tp,0.004025,1,0.894,1
2022-01-21 08:00:00,LONG,426.81,425.53,sl,-0.004,0,0.8497,1
2022-01-21 12:00:00,SHORT,422.59,420.48,tp,0.004025,1,0.9409,1
2022-01-21 16:00:00,LONG,414.01,416.08,tp,0.004,1,0.8885,1
2022-01-21 20:00:00,SHORT,383.71,381.79,tp,0.004025,1,0.9639,1
2022-01-22 00:00:00,LONG,382.99,381.84,sl,-0.004,0,0.8789,1
2022-01-22 04:00:00,SHORT,349.92,348.18,tp,0.004025,1,0.9491,1
2022-01-22 08:00:00,SHORT,361.22,359.41,tp,0.004025,1,0.9492,1
2022-01-22 12:00:00,LONG,356.78,358.56,tp,0.004,1,0.941,1
2022-01-22 16:00:00,LONG,349.37,351.12,tp,0.004,1,0.9496,1
2022-01-22 20:00:00,LONG,358.48,360.27,tp,0.004,1,0.928,1
2022-01-23 00:00:00,LONG,366.58,368.42,tp,0.004,1,0.9098,1
2022-01-23 04:00:00,SHORT,379.61,380.75,sl,-0.003991,0,0.9114,1
2022-01-23 08:00:00,LONG,382.69,384.6,tp,0.004,1,0.8917,1
2022-01-23 12:00:00,SHORT,370.81,368.96,tp,0.004025,1,0.9224,1
2022-01-23 16:00:00,LONG,365.28,367.11,tp,0.004,1,0.9443,1
2022-01-23 20:00:00,SHORT,383.71,381.79,tp,0.004025,1,0.9089,1
2022-01-24 00:00:00,LONG,372.69,371.57,sl,-0.004,0,0.8553,1
2022-01-24 04:00:00,LONG,362.08,363.89,tp,0.004,1,0.9059,1
2022-01-24 08:00:00,LONG,344.77,346.5,tp,0.004,1,0.9363,1
2022-01-24 12:00:00,LONG,351.98,353.74,tp,0.004,1,0.948,1
2022-01-24 16:00:00,LONG,364.88,366.71,tp,0.004,1,0.9124,1
2022-01-24 20:00:00,SHORT,371.11,369.26,tp,0.004025,1,0.9186,1
2022-01-25 00:00:00,LONG,365.18,364.09,sl,-0.004,0,0.8709,1
2022-01-25 04:00:00,LONG,362.88,364.7,tp,0.004,1,0.9422,1
2022-01-25 08:00:00,LONG,371.69,373.54,tp,0.004,1,0.8898,1
2022-01-25 12:00:00,LONG,371.69,373.54,tp,0.004,1,0.8482,1
2022-01-25 16:00:00,SHORT,383.91,381.99,tp,0.004025,1,0.9586,1
2022-01-25 20:00:00,SHORT,384.91,382.98,tp,0.004025,1,0.8776,1
2022-01-26 00:00:00,LONG,379.79,381.69,tp,0.004,1,0.8327,1
2022-01-26 04:00:00,LONG,380.69,382.59,tp,0.004,1,0.9097,1
2022-01-26 08:00:00,SHORT,388.81,386.86,tp,0.004025,1,0.8688,1
2022-01-26 12:00:00,LONG,392.2,394.16,tp,0.004,1,0.8929,1
2022-01-26 16:00:00,SHORT,388.31,386.36,tp,0.004025,1,0.8317,1
2022-01-26 20:00:00,SHORT,374.91,373.04,tp,0.004025,1,0.941,1
2022-01-27 00:00:00,LONG,362.48,364.29,tp,0.004,1,0.963,1
2022-01-27 04:00:00,LONG,367.08,368.92,tp,0.004,1,0.8692,1
2022-01-27 08:00:00,SHORT,371.21,369.36,tp,0.004025,1,0.9123,1
2022-01-27 12:00:00,LONG,374.19,373.06,sl,-0.004,0,0.8719,1
2022-01-27 16:00:00,LONG,366.88,368.72,tp,0.004,1,0.8797,1
2022-01-27 20:00:00,LONG,390.09,392.05,tp,0.004,1,0.9215,1
2022-01-28 00:00:00,LONG,389.79,391.74,tp,0.004,1,0.8969,1
2022-01-28 04:00:00,LONG,385.19,387.12,tp,0.004,1,0.894,1
2022-01-28 08:00:00,LONG,381.39,383.3,tp,0.004,1,0.8627,1
2022-01-28 12:00:00,LONG,384.39,386.31,tp,0.004,1,0.9051,1
2022-01-28 16:00:00,LONG,389.19,391.14,tp,0.004,1,0.8373,1
2022-01-28 20:00:00,LONG,386.09,388.02,tp,0.004,1,0.851,1
2022-01-29 00:00:00,LONG,388.19,390.13,tp,0.004,1,0.7887,1
2022-01-29 04:00:00,LONG,392.1,390.92,sl,-0.004,0,0.748,1
2022-01-29 08:00:00,LONG,390.9,392.85,tp,0.004,1,0.765,1
2022-01-29 12:00:00,LONG,383.69,385.61,tp,0.004,1,0.9126,1
2022-01-29 16:00:00,LONG,386.29,388.22,tp,0.004,1,0.6938,1
2022-01-29 20:00:00,LONG,389.49,388.33,sl,-0.004,0,0.7828,1
2022-01-30 00:00:00,LONG,382.79,384.71,tp,0.004,1,0.8052,1
2022-01-30 04:00:00,LONG,386.59,385.43,sl,-0.004,0,0.6737,1
2022-01-30 08:00:00,LONG,385.29,384.14,sl,-0.004,0,0.6708,1
2022-01-30 12:00:00,SHORT,380.71,378.81,tp,0.004025,1,0.6815,1
2022-01-30 16:00:00,LONG,373.99,375.86,tp,0.004,1,0.7522,1
2022-01-30 20:00:00,SHORT,377.01,375.13,tp,0.004025,1,0.7674,1
2022-01-31 00:00:00,LONG,370.08,368.97,sl,-0.004,0,0.9387,1
2022-01-31 04:00:00,SHORT,371.31,369.46,tp,0.004025,1,0.6735,1
2022-01-31 08:00:00,SHORT,372.01,370.15,tp,0.004025,1,0.7488,1
2022-01-31 12:00:00,LONG,378.89,380.78,tp,0.004,1,0.8099,1
2022-01-31 16:00:00,SHORT,383.01,381.09,tp,0.004025,1,0.8528,1
2022-01-31 20:00:00,LONG,374.49,376.36,tp,0.004,1,0.7571,1
2022-02-01 00:00:00,LONG,383.79,382.64,sl,-0.004,0,0.7589,1
2022-02-01 04:00:00,LONG,382.29,384.2,tp,0.004,1,0.7176,1
2022-02-01 08:00:00,LONG,383.19,385.11,tp,0.004,1,0.8106,1
2022-02-01 12:00:00,LONG,383.09,385.01,tp,0.004,1,0.7494,1
2022-02-01 16:00:00,SHORT,382.61,383.76,sl,-0.003991,0,0.786,1
2022-02-01 20:00:00,LONG,384.39,383.24,sl,-0.004,0,0.7092,1
2022-02-02 04:00:00,LONG,380.09,381.99,tp,0.004,1,0.7604,1
2022-02-02 08:00:00,SHORT,382.51,380.6,tp,0.004025,1,0.6858,1
2022-02-02 12:00:00,LONG,371.29,373.14,tp,0.004,1,0.7473,1
2022-02-02 16:00:00,SHORT,376.01,374.13,tp,0.004025,1,0.7644,1
2022-02-02 20:00:00,LONG,367.08,368.92,tp,0.004,1,0.8438,1
2022-02-03 00:00:00,LONG,365.88,367.71,tp,0.004,1,0.701,1
2022-02-03 04:00:00,SHORT,368.82,366.97,tp,0.004025,1,0.7989,1
2022-02-03 08:00:00,LONG,364.58,366.41,tp,0.004,1,0.8376,1
2022-02-03 12:00:00,SHORT,367.92,366.08,tp,0.004025,1,0.8489,1
2022-02-03 16:00:00,LONG,363.48,365.3,tp,0.004,1,0.8164,1
2022-02-03 20:00:00,SHORT,372.11,370.25,tp,0.004025,1,0.7723,1
2022-02-04 04:00:00,LONG,377.69,379.58,tp,0.004,1,0.7089,1
2022-02-04 08:00:00,LONG,377.49,379.38,tp,0.004,1,0.7237,1
2022-02-04 12:00:00,LONG,382.39,384.3,tp,0.004,1,0.7735,1
2022-02-04 16:00:00,SHORT,396.0,394.02,tp,0.004025,1,0.8843,1
2022-02-04 20:00:00,SHORT,399.3,397.3,tp,0.004025,1,0.8771,1
2022-02-05 00:00:00,SHORT,406.6,407.82,sl,-0.003991,0,0.8303,1
2022-02-05 04:00:00,SHORT,423.09,420.97,tp,0.004025,1,0.9658,1
2022-02-05 08:00:00,LONG,422.61,421.34,sl,-0.004,0,0.8358,1
2022-02-05 12:00:00,SHORT,421.39,419.28,tp,0.004025,1,0.855,1
2022-02-05 16:00:00,LONG,412.41,414.47,tp,0.004,1,0.9219,1
2022-02-05 20:00:00,LONG,413.91,415.98,tp,0.004,1,0.7163,1
2022-02-06 00:00:00,LONG,417.31,416.06,sl,-0.004,0,0.7498,1
2022-02-06 04:00:00,SHORT,416.19,417.44,sl,-0.003991,0,0.8126,1
2022-02-06 08:00:00,LONG,416.71,418.79,tp,0.004,1,0.7636,1
2022-02-06 12:00:00,LONG,411.31,413.36,tp,0.004,1,0.894,1
2022-02-06 16:00:00,LONG,414.21,416.28,tp,0.004,1,0.7935,1
2022-02-06 20:00:00,SHORT,419.69,417.59,tp,0.004025,1,0.8263,1
2022-02-07 00:00:00,LONG,427.21,429.35,tp,0.004,1,0.8489,1
2022-02-07 04:00:00,LONG,426.71,425.43,sl,-0.004,0,0.8226,1
2022-02-07 08:00:00,SHORT,426.29,427.57,sl,-0.003991,0,0.8244,1
2022-02-07 12:00:00,SHORT,437.78,435.59,tp,0.004025,1,0.9224,1
2022-02-07 16:00:00,SHORT,435.58,433.4,tp,0.004025,1,0.9663,1
2022-02-07 20:00:00,SHORT,433.28,431.12,tp,0.004025,1,0.7632,1
2022-02-08 00:00:00,SHORT,434.28,435.59,sl,-0.003991,0,0.822,1
2022-02-08 04:00:00,SHORT,438.68,436.49,tp,0.004025,1,0.9517,1
2022-02-08 08:00:00,SHORT,426.49,424.35,tp,0.004025,1,0.9211,1
2022-02-08 12:00:00,SHORT,417.89,415.8,tp,0.004025,1,0.903,1
2022-02-08 16:00:00,LONG,407.8,409.84,tp,0.004,1,0.9599,1
2022-02-08 20:00:00,LONG,408.0,410.04,tp,0.004,1,0.8698,1
2022-02-09 00:00:00,LONG,409.9,411.95,tp,0.004,1,0.8265,1
2022-02-09 04:00:00,SHORT,415.39,413.32,tp,0.004025,1,0.8089,1
2022-02-09 08:00:00,SHORT,418.89,420.15,sl,-0.003991,0,0.7902,1
2022-02-09 12:00:00,LONG,421.31,423.42,tp,0.004,1,0.8111,1
2022-02-09 16:00:00,LONG,426.41,425.13,sl,-0.004,0,0.7635,1
2022-02-09 20:00:00,SHORT,422.69,420.58,tp,0.004025,1,0.9075,1
2022-02-10 00:00:00,LONG,416.51,418.59,tp,0.004,1,0.8937,1
2022-02-10 04:00:00,SHORT,420.89,422.15,sl,-0.003991,0,0.8449,1
2022-02-10 08:00:00,LONG,427.11,429.25,tp,0.004,1,0.751,1
2022-02-10 12:00:00,SHORT,424.69,422.56,tp,0.004025,1,0.9007,1
2022-02-10 16:00:00,LONG,420.71,419.45,sl,-0.004,0,0.8091,1
2022-02-10 20:00:00,SHORT,414.49,412.42,tp,0.004025,1,0.8552,1
2022-02-11 00:00:00,LONG,415.71,417.79,tp,0.004,1,0.8453,1
2022-02-11 04:00:00,SHORT,417.59,415.5,tp,0.004025,1,0.8523,1
2022-02-11 08:00:00,SHORT,414.19,415.44,sl,-0.003991,0,0.9209,1
2022-02-11 12:00:00,SHORT,414.99,412.92,tp,0.004025,1,0.7806,1
2022-02-11 16:00:00,SHORT,404.4,402.38,tp,0.004025,1,0.9163,1
2022-02-11 20:00:00,LONG,400.2,402.2,tp,0.004,1,0.9394,1
2022-02-12 00:00:00,LONG,400.0,398.8,sl,-0.004,0,0.7848,1
2022-02-12 04:00:00,LONG,397.8,399.79,tp,0.004,1,0.7868,1
2022-02-12 08:00:00,LONG,402.4,401.19,sl,-0.004,0,0.7665,1
2022-02-12 12:00:00,LONG,397.9,399.89,tp,0.004,1,0.7577,1
2022-02-12 16:00:00,LONG,403.7,405.72,tp,0.004,1,0.7766,1
2022-02-12 20:00:00,SHORT,403.4,404.61,sl,-0.003991,0,0.7159,1
2022-02-13 00:00:00,LONG,403.5,402.29,sl,-0.004,0,0.696,1
2022-02-13 04:00:00,SHORT,403.5,401.48,tp,0.004025,1,0.6547,1
2022-02-13 08:00:00,SHORT,403.3,404.51,sl,-0.003991,0,0.6564,1
2022-02-13 12:00:00,SHORT,403.6,401.58,tp,0.004025,1,0.8955,1
2022-02-13 16:00:00,LONG,396.5,398.48,tp,0.004,1,0.8144,1
2022-02-13 20:00:00,LONG,398.1,396.9,sl,-0.004,0,0.7613,1
2022-02-14 00:00:00,LONG,394.2,393.01,sl,-0.004,0,0.8675,1
2022-02-14 04:00:00,LONG,395.9,394.71,sl,-0.004,0,0.6574,1
2022-02-14 12:00:00,SHORT,401.2,399.19,tp,0.004025,1,0.7437,1
2022-02-14 16:00:00,LONG,398.1,400.09,tp,0.004,1,0.6573,1
2022-02-15 00:00:00,LONG,413.11,415.17,tp,0.004,1,0.8672,1
2022-02-15 04:00:00,LONG,427.81,429.95,tp,0.004,1,0.9056,1
2022-02-15 08:00:00,LONG,428.61,430.76,tp,0.004,1,0.8506,1
2022-02-15 12:00:00,LONG,432.42,431.12,sl,-0.004,0,0.8657,1
2022-02-15 16:00:00,LONG,429.71,431.86,tp,0.004,1,0.8926,1
2022-02-15 20:00:00,SHORT,432.18,430.02,tp,0.004025,1,0.8729,1
2022-02-16 00:00:00,LONG,431.22,429.92,sl,-0.004,0,0.6887,1
2022-02-16 04:00:00,SHORT,430.58,428.43,tp,0.004025,1,0.7794,1
2022-02-16 08:00:00,SHORT,430.48,428.33,tp,0.004025,1,0.7171,1
2022-02-16 12:00:00,LONG,425.41,427.54,tp,0.004,1,0.7043,1
2022-02-16 16:00:00,LONG,431.12,429.82,sl,-0.004,0,0.7121,1
2022-02-16 20:00:00,SHORT,427.09,428.37,sl,-0.003991,0,0.8504,1
2022-02-17 00:00:00,LONG,425.21,427.34,tp,0.004,1,0.7439,1
2022-02-17 04:00:00,SHORT,427.19,425.05,tp,0.004025,1,0.7333,1
2022-02-17 08:00:00,SHORT,423.99,421.87,tp,0.004025,1,0.7368,1
2022-02-17 12:00:00,SHORT,413.39,411.33,tp,0.004025,1,0.9027,1
2022-02-17 16:00:00,SHORT,408.1,406.06,tp,0.004025,1,0.9166,1
2022-02-17 20:00:00,SHORT,402.2,400.19,tp,0.004025,1,0.89,1
2022-02-18 00:00:00,LONG,404.9,406.93,tp,0.004,1,0.9108,1
2022-02-18 04:00:00,SHORT,407.0,404.96,tp,0.004025,1,0.7305,1
2022-02-18 08:00:00,LONG,403.3,405.32,tp,0.004,1,0.7793,1
2022-02-18 12:00:00,LONG,395.4,397.37,tp,0.004,1,0.8708,1
2022-02-18 16:00:00,LONG,399.5,398.3,sl,-0.004,0,0.9197,1
2022-02-18 20:00:00,SHORT,399.0,400.2,sl,-0.003991,0,0.7967,1
2022-02-19 00:00:00,LONG,402.0,404.01,tp,0.004,1,0.7435,1
2022-02-19 04:00:00,SHORT,404.8,402.77,tp,0.004025,1,0.9134,1
2022-02-19 08:00:00,LONG,396.9,398.88,tp,0.004,1,0.793,1
2022-02-19 12:00:00,LONG,399.8,401.8,tp,0.004,1,0.8449,1
2022-02-19 16:00:00,LONG,396.7,398.68,tp,0.004,1,0.8118,1
2022-02-19 20:00:00,LONG,400.0,398.8,sl,-0.004,0,0.697,1
2022-02-20 00:00:00,LONG,389.69,388.53,sl,-0.004,0,0.8575,1
2022-02-20 04:00:00,SHORT,381.41,379.5,tp,0.004025,1,0.8601,1
2022-02-20 08:00:00,SHORT,381.61,379.7,tp,0.004025,1,0.8133,1
2022-02-20 12:00:00,LONG,380.29,382.19,tp,0.004,1,0.9425,1
2022-02-20 16:00:00,LONG,381.89,383.8,tp,0.004,1,0.8917,1
2022-02-20 20:00:00,LONG,380.79,382.69,tp,0.004,1,0.8573,1
2022-02-21 00:00:00,LONG,388.19,390.13,tp,0.004,1,0.8372,1
2022-02-21 04:00:00,SHORT,392.4,390.44,tp,0.004025,1,0.9025,1
2022-02-21 08:00:00,LONG,370.29,372.14,tp,0.004,1,0.9127,1
2022-02-21 12:00:00,SHORT,378.91,377.02,tp,0.004025,1,0.8059,1
2022-02-21 16:00:00,LONG,371.69,370.57,sl,-0.004,0,0.9102,1
2022-02-21 20:00:00,SHORT,356.42,354.64,tp,0.004025,1,0.9378,1
2022-02-22 00:00:00,LONG,352.58,354.34,tp,0.004,1,0.9486,1
2022-02-22 04:00:00,LONG,356.18,357.96,tp,0.004,1,0.8757,1
2022-02-22 08:00:00,LONG,364.78,366.61,tp,0.004,1,0.8815,1
2022-02-22 12:00:00,LONG,367.08,368.92,tp,0.004,1,0.8665,1
2022-02-22 16:00:00,LONG,371.69,373.54,tp,0.004,1,0.8555,1
2022-02-22 20:00:00,SHORT,374.11,372.24,tp,0.004025,1,0.8602,1
2022-02-23 00:00:00,LONG,372.89,374.75,tp,0.004,1,0.7487,1
2022-02-23 04:00:00,SHORT,377.71,375.82,tp,0.004025,1,0.8157,1
2022-02-23 08:00:00,LONG,379.89,381.79,tp,0.004,1,0.8448,1
2022-02-23 12:00:00,SHORT,378.71,376.82,tp,0.004025,1,0.9364,1
2022-02-23 16:00:00,SHORT,370.71,368.86,tp,0.004025,1,0.7897,1
2022-02-23 20:00:00,LONG,365.78,367.61,tp,0.004,1,0.8521,1
2022-02-24 00:00:00,LONG,342.07,343.78,tp,0.004,1,0.9332,1
2022-02-24 04:00:00,LONG,336.27,337.95,tp,0.004,1,0.9523,1
2022-02-24 08:00:00,LONG,335.87,337.55,tp,0.004,1,0.9019,1
2022-02-24 12:00:00,SHORT,344.93,343.2,tp,0.004025,1,0.9105,1
2022-02-24 16:00:00,LONG,358.78,360.57,tp,0.004,1,0.9009,1
2022-02-24 20:00:00,SHORT,361.02,362.1,sl,-0.003991,0,0.9342,1
2022-02-25 00:00:00,LONG,366.38,365.28,sl,-0.004,0,0.8876,1
2022-02-25 04:00:00,SHORT,363.52,361.7,tp,0.004025,1,0.8696,1
2022-02-25 08:00:00,LONG,361.88,363.69,tp,0.004,1,0.8855,1
2022-02-25 12:00:00,SHORT,369.52,367.67,tp,0.004025,1,0.8408,1
2022-02-25 16:00:00,SHORT,364.72,365.81,sl,-0.003991,0,0.8031,1
2022-02-25 20:00:00,SHORT,374.81,375.94,sl,-0.003991,0,0.8299,1
2022-02-26 00:00:00,SHORT,379.31,377.41,tp,0.004025,1,0.9439,1
2022-02-26 04:00:00,LONG,376.59,378.47,tp,0.004,1,0.7106,1
2022-02-26 08:00:00,SHORT,373.41,371.55,tp,0.004025,1,0.7517,1
2022-02-26 12:00:00,SHORT,375.01,373.14,tp,0.004025,1,0.6985,1
2022-02-26 16:00:00,SHORT,374.61,372.74,tp,0.004025,1,0.7303,1
2022-02-26 20:00:00,SHORT,373.51,371.65,tp,0.004025,1,0.8742,1
2022-02-27 00:00:00,LONG,366.38,368.22,tp,0.004,1,0.9426,1
2022-02-27 04:00:00,LONG,371.89,373.75,tp,0.004,1,0.7356,1
2022-02-27 08:00:00,SHORT,378.61,376.72,tp,0.004025,1,0.829,1
2022-02-27 12:00:00,SHORT,375.41,373.54,tp,0.004025,1,0.8939,1
2022-02-27 16:00:00,LONG,361.08,362.89,tp,0.004,1,0.8193,1
2022-02-27 20:00:00,LONG,360.28,362.08,tp,0.004,1,0.8355,1
2022-02-28 00:00:00,LONG,363.68,365.5,tp,0.004,1,0.8904,1
2022-02-28 04:00:00,SHORT,366.32,367.42,sl,-0.003991,0,0.7698,1
2022-02-28 08:00:00,LONG,367.48,369.32,tp,0.004,1,0.7987,1
2022-02-28 12:00:00,SHORT,382.61,380.7,tp,0.004025,1,0.8808,1
2022-02-28 16:00:00,LONG,384.59,386.52,tp,0.004,1,0.8242,1
2022-02-28 20:00:00,SHORT,395.4,393.43,tp,0.004025,1,0.8393,1
2022-03-01 00:00:00,LONG,393.7,395.67,tp,0.004,1,0.8665,1
2022-03-01 04:00:00,LONG,413.41,415.47,tp,0.004,1,0.8899,1
2022-03-01 08:00:00,SHORT,405.9,403.87,tp,0.004025,1,0.9193,1
2022-03-01 12:00:00,LONG,404.8,406.83,tp,0.004,1,0.8684,1
2022-03-01 16:00:00,LONG,407.0,409.04,tp,0.004,1,0.9266,1
2022-03-01 20:00:00,SHORT,408.5,406.45,tp,0.004025,1,0.8455,1
2022-03-02 00:00:00,LONG,413.71,412.47,sl,-0.004,0,0.8699,1
2022-03-02 04:00:00,SHORT,409.8,411.02,sl,-0.003991,0,0.8808,1
2022-03-02 08:00:00,LONG,413.21,411.97,sl,-0.004,0,0.7392,1
2022-03-02 12:00:00,LONG,409.0,411.05,tp,0.004,1,0.9223,1
2022-03-02 16:00:00,LONG,407.4,409.44,tp,0.004,1,0.8112,1
2022-03-02 20:00:00,LONG,409.5,408.28,sl,-0.004,0,0.7145,1
2022-03-03 00:00:00,LONG,405.1,407.13,tp,0.004,1,0.9322,1
2022-03-03 08:00:00,SHORT,407.3,405.26,tp,0.004025,1,0.67,1
2022-03-03 12:00:00,SHORT,401.9,399.89,tp,0.004025,1,0.757,1
2022-03-03 16:00:00,SHORT,400.9,398.89,tp,0.004025,1,0.7447,1
2022-03-03 20:00:00,SHORT,402.4,400.39,tp,0.004025,1,0.8475,1
2022-03-04 00:00:00,LONG,394.3,393.11,sl,-0.004,0,0.9444,1
2022-03-04 04:00:00,SHORT,394.1,392.13,tp,0.004025,1,0.7405,1
2022-03-04 08:00:00,SHORT,396.6,394.62,tp,0.004025,1,0.7686,1
2022-03-04 12:00:00,LONG,387.49,389.43,tp,0.004,1,0.8343,1
2022-03-04 16:00:00,LONG,380.99,379.85,sl,-0.004,0,0.8583,1
2022-03-04 20:00:00,LONG,374.39,373.26,sl,-0.004,0,0.8877,1
2022-03-05 00:00:00,LONG,374.09,375.96,tp,0.004,1,0.9064,1
2022-03-05 04:00:00,LONG,378.39,380.28,tp,0.004,1,0.8103,1
2022-03-05 08:00:00,LONG,380.59,382.49,tp,0.004,1,0.7888,1
2022-03-05 12:00:00,LONG,380.39,382.29,tp,0.004,1,0.7124,1
2022-03-05 16:00:00,LONG,383.59,385.51,tp,0.004,1,0.6812,1
2022-03-05 20:00:00,LONG,384.89,386.82,tp,0.004,1,0.7275,1
2022-03-06 00:00:00,LONG,382.59,384.5,tp,0.004,1,0.724,1
2022-03-06 04:00:00,SHORT,382.41,380.5,tp,0.004025,1,0.6598,1
2022-03-06 08:00:00,LONG,375.99,377.87,tp,0.004,1,0.9308,1
2022-03-06 12:00:00,LONG,381.19,383.1,tp,0.004,1,0.6776,1
2022-03-06 16:00:00,SHORT,377.11,375.23,tp,0.004025,1,0.7844,1
2022-03-06 20:00:00,LONG,375.19,374.06,sl,-0.004,0,0.8399,1
2022-03-07 00:00:00,LONG,368.08,369.92,tp,0.004,1,0.9397,1
2022-03-07 04:00:00,LONG,370.59,372.44,tp,0.004,1,0.824,1
2022-03-07 08:00:00,LONG,375.69,377.57,tp,0.004,1,0.8106,1
2022-03-07 12:00:00,LONG,382.19,384.1,tp,0.004,1,0.8254,1
2022-03-07 16:00:00,LONG,365.78,367.61,tp,0.004,1,0.9426,1
2022-03-07 20:00:00,SHORT,380.41,381.55,sl,-0.003991,0,0.9031,1
2022-03-08 00:00:00,LONG,382.89,381.74,sl,-0.004,0,0.8254,1
2022-03-08 04:00:00,LONG,381.59,383.5,tp,0.004,1,0.7964,1
2022-03-08 08:00:00,SHORT,385.81,383.88,tp,0.004025,1,0.9443,1
2022-03-08 12:00:00,SHORT,383.01,381.09,tp,0.004025,1,0.7516,1
2022-03-08 16:00:00,LONG,384.39,383.24,sl,-0.004,0,0.7497,1
2022-03-08 20:00:00,SHORT,381.21,382.35,sl,-0.003991,0,0.762,1
2022-03-09 00:00:00,LONG,399.0,400.99,tp,0.004,1,0.9006,1
2022-03-09 04:00:00,SHORT,395.8,393.82,tp,0.004025,1,0.9393,1
2022-03-09 08:00:00,LONG,395.5,397.48,tp,0.004,1,0.77,1
2022-03-09 12:00:00,SHORT,397.0,395.02,tp,0.004025,1,0.7873,1
2022-03-09 16:00:00,LONG,394.3,393.11,sl,-0.004,0,0.8077,1
2022-03-09 20:00:00,SHORT,393.0,391.04,tp,0.004025,1,0.8453,1
2022-03-10 00:00:00,LONG,386.59,385.43,sl,-0.004,0,0.8142,1
2022-03-10 04:00:00,SHORT,377.51,375.62,tp,0.004025,1,0.8206,1
2022-03-10 08:00:00,LONG,376.19,375.06,sl,-0.004,0,0.8233,1
2022-03-10 12:00:00,LONG,365.58,367.41,tp,0.004,1,0.8483,1
2022-03-10 16:00:00,LONG,370.59,372.44,tp,0.004,1,0.9301,1
2022-03-10 20:00:00,LONG,372.19,371.07,sl,-0.004,0,0.7616,1
2022-03-11 00:00:00,LONG,369.08,370.93,tp,0.004,1,0.7448,1
2022-03-11 04:00:00,SHORT,372.81,370.95,tp,0.004025,1,0.8233,1
2022-03-11 08:00:00,SHORT,377.31,375.42,tp,0.004025,1,0.8321,1
2022-03-11 12:00:00,SHORT,372.71,370.85,tp,0.004025,1,0.9377,1
2022-03-11 16:00:00,SHORT,370.51,368.66,tp,0.004025,1,0.8257,1
2022-03-11 20:00:00,LONG,372.09,373.95,tp,0.004,1,0.8246,1
2022-03-12 04:00:00,SHORT,375.21,376.34,sl,-0.003991,0,0.7108,1
2022-03-12 08:00:00,LONG,376.39,378.27,tp,0.004,1,0.6926,1
2022-03-12 16:00:00,SHORT,376.21,374.33,tp,0.004025,1,0.7766,1
2022-03-12 20:00:00,SHORT,372.21,373.33,sl,-0.003991,0,0.6757,1
2022-03-13 00:00:00,SHORT,376.01,377.14,sl,-0.003991,0,0.6601,1
2022-03-13 04:00:00,SHORT,374.61,372.74,tp,0.004025,1,0.8536,1
2022-03-13 08:00:00,SHORT,370.71,368.86,tp,0.004025,1,0.7107,1
2022-03-13 12:00:00,SHORT,370.81,371.93,sl,-0.003991,0,0.6933,1
2022-03-13 20:00:00,SHORT,361.22,362.3,sl,-0.003991,0,0.8315,1
2022-03-14 00:00:00,LONG,365.28,367.11,tp,0.004,1,0.8526,1
2022-03-14 04:00:00,SHORT,369.42,370.52,sl,-0.003991,0,0.8853,1
2022-03-14 08:00:00,LONG,368.68,367.58,sl,-0.004,0,0.7117,1
2022-03-14 16:00:00,LONG,365.98,367.81,tp,0.004,1,0.8785,1
2022-03-14 20:00:00,SHORT,373.21,371.35,tp,0.004025,1,0.7017,1
2022-03-15 00:00:00,SHORT,367.02,365.18,tp,0.004025,1,0.8121,1
2022-03-15 04:00:00,LONG,364.38,366.2,tp,0.004,1,0.8768,1
2022-03-15 16:00:00,LONG,373.59,372.47,sl,-0.004,0,0.6991,1
2022-03-15 20:00:00,LONG,371.89,373.75,tp,0.004,1,0.7037,1
2022-03-16 00:00:00,SHORT,370.41,368.56,tp,0.004025,1,0.7362,1
2022-03-16 04:00:00,LONG,372.69,374.55,tp,0.004,1,0.7871,1
2022-03-16 08:00:00,LONG,377.69,379.58,tp,0.004,1,0.8176,1
2022-03-16 12:00:00,LONG,378.69,380.58,tp,0.004,1,0.7696,1
2022-03-16 16:00:00,LONG,383.49,385.41,tp,0.004,1,0.8706,1
2022-03-16 20:00:00,LONG,385.59,384.44,sl,-0.004,0,0.7897,1
2022-03-17 00:00:00,SHORT,383.21,384.36,sl,-0.003991,0,0.6881,1
2022-03-17 04:00:00,LONG,384.79,383.64,sl,-0.004,0,0.704,1
2022-03-17 08:00:00,SHORT,384.81,385.96,sl,-0.003991,0,0.6981,1
2022-03-17 12:00:00,SHORT,387.41,388.57,sl,-0.003991,0,0.916,1
2022-03-17 16:00:00,SHORT,389.41,387.46,tp,0.004025,1,0.7328,1
2022-03-17 20:00:00,SHORT,391.6,389.65,tp,0.004025,1,0.8068,1
2022-03-18 00:00:00,LONG,385.39,387.32,tp,0.004,1,0.8679,1
2022-03-18 04:00:00,LONG,387.09,389.03,tp,0.004,1,0.6867,1
2022-03-18 08:00:00,LONG,385.99,387.92,tp,0.004,1,0.7545,1
2022-03-18 12:00:00,SHORT,393.1,394.28,sl,-0.003991,0,0.747,1
2022-03-18 16:00:00,SHORT,398.8,396.81,tp,0.004025,1,0.8051,1
2022-03-18 20:00:00,LONG,397.4,399.39,tp,0.004,1,0.7581,1
2022-03-19 00:00:00,LONG,398.4,397.2,sl,-0.004,0,0.7358,1
2022-03-19 08:00:00,LONG,401.2,403.21,tp,0.004,1,0.8347,1
2022-03-19 12:00:00,LONG,403.4,405.42,tp,0.004,1,0.8354,1
2022-03-20 00:00:00,LONG,396.6,398.58,tp,0.004,1,0.6616,1
2022-03-20 08:00:00,LONG,393.3,392.12,sl,-0.004,0,0.6989,1
2022-03-20 16:00:00,SHORT,391.3,392.48,sl,-0.003991,0,0.735,1
2022-03-20 20:00:00,SHORT,390.6,388.65,tp,0.004025,1,0.8501,1
2022-03-21 00:00:00,LONG,389.09,391.04,tp,0.004,1,0.8571,1
2022-03-21 04:00:00,LONG,392.6,394.56,tp,0.004,1,0.6786,1
2022-03-21 08:00:00,LONG,394.5,396.47,tp,0.004,1,0.6736,1
2022-03-21 12:00:00,SHORT,398.6,396.61,tp,0.004025,1,0.8832,1
2022-03-22 00:00:00,LONG,405.1,407.13,tp,0.004,1,0.8265,1
2022-03-22 04:00:00,LONG,405.1,407.13,tp,0.004,1,0.8466,1
2022-03-22 08:00:00,LONG,407.6,409.64,tp,0.004,1,0.7147,1
2022-03-22 12:00:00,SHORT,405.9,403.87,tp,0.004025,1,0.8931,1
2022-03-22 16:00:00,SHORT,402.3,403.51,sl,-0.003991,0,0.6987,1
2022-03-23 00:00:00,LONG,402.0,404.01,tp,0.004,1,0.652,1
2022-03-23 04:00:00,LONG,401.8,400.6,sl,-0.004,0,0.7758,1
2022-03-23 08:00:00,LONG,401.3,403.31,tp,0.004,1,0.6596,1
2022-03-23 12:00:00,SHORT,409.3,407.25,tp,0.004025,1,0.9519,1
2022-03-23 16:00:00,LONG,403.7,405.72,tp,0.004,1,0.7032,1
2022-03-23 20:00:00,SHORT,408.2,409.42,sl,-0.003991,0,0.7043,1
2022-03-24 00:00:00,LONG,406.7,408.74,tp,0.004,1,0.7006,1
2022-03-24 04:00:00,LONG,410.61,412.66,tp,0.004,1,0.7408,1
2022-03-24 12:00:00,LONG,414.51,416.58,tp,0.004,1,0.8671,1
2022-03-24 16:00:00,SHORT,414.09,412.02,tp,0.004025,1,0.8703,1
2022-03-24 20:00:00,SHORT,413.99,411.92,tp,0.004025,1,0.6927,1
2022-03-25 08:00:00,SHORT,418.79,416.7,tp,0.004025,1,0.7653,1
2022-03-25 12:00:00,SHORT,412.79,410.73,tp,0.004025,1,0.691,1
2022-03-25 16:00:00,LONG,410.91,409.67,sl,-0.004,0,0.8626,1
2022-03-25 20:00:00,LONG,410.51,409.27,sl,-0.004,0,0.7278,1
2022-03-26 08:00:00,SHORT,413.89,411.82,tp,0.004025,1,0.7408,1
2022-03-27 00:00:00,SHORT,415.89,417.14,sl,-0.003991,0,0.8464,1
2022-03-27 04:00:00,SHORT,417.09,415.01,tp,0.004025,1,0.7173,1
2022-03-27 12:00:00,LONG,417.31,419.4,tp,0.004,1,0.7697,1
2022-03-27 20:00:00,SHORT,430.28,428.13,tp,0.004025,1,0.7555,1
2022-03-28 00:00:00,LONG,432.02,434.18,tp,0.004,1,0.7977,1
2022-03-28 04:00:00,LONG,431.22,433.37,tp,0.004,1,0.7032,1
2022-03-28 08:00:00,LONG,435.72,437.9,tp,0.004,1,0.7624,1
2022-03-28 12:00:00,SHORT,436.18,434.0,tp,0.004025,1,0.9397,1
2022-03-28 16:00:00,SHORT,438.18,435.99,tp,0.004025,1,0.6807,1
2022-03-28 20:00:00,LONG,430.42,432.57,tp,0.004,1,0.9035,1
2022-03-29 00:00:00,LONG,432.62,434.78,tp,0.004,1,0.7362,1
2022-03-29 04:00:00,LONG,434.72,436.89,tp,0.004,1,0.666,1
2022-03-29 08:00:00,SHORT,440.08,437.88,tp,0.004025,1,0.8565,1
2022-03-29 12:00:00,SHORT,434.18,432.01,tp,0.004025,1,0.7922,1
2022-03-29 16:00:00,SHORT,436.38,434.2,tp,0.004025,1,0.7714,1
2022-03-29 20:00:00,SHORT,433.98,431.81,tp,0.004025,1,0.8203,1
2022-04-01 00:00:00,LONG,419.11,421.2,tp,0.004,1,0.9228,2
2022-04-01 04:00:00,SHORT,427.49,428.77,sl,-0.003991,0,0.6989,2
2022-04-01 08:00:00,LONG,431.02,433.17,tp,0.004,1,0.8568,2
2022-04-01 12:00:00,SHORT,441.08,442.4,sl,-0.003991,0,0.8101,2
2022-04-01 16:00:00,SHORT,446.08,443.85,tp,0.004025,1,0.7834,2
2022-04-01 20:00:00,SHORT,447.48,445.24,tp,0.004025,1,0.7387,2
2022-04-02 00:00:00,SHORT,449.28,450.62,sl,-0.003991,0,0.7942,2
2022-04-02 04:00:00,SHORT,450.27,448.02,tp,0.004025,1,0.6771,2
2022-04-02 08:00:00,SHORT,448.08,445.84,tp,0.004025,1,0.6946,2
2022-04-02 12:00:00,SHORT,442.18,439.97,tp,0.004025,1,0.8976,2
2022-04-02 20:00:00,LONG,437.42,439.61,tp,0.004,1,0.7263,2
2022-04-03 00:00:00,LONG,437.62,439.81,tp,0.004,1,0.8806,2
2022-04-03 04:00:00,LONG,444.42,443.09,sl,-0.004,0,0.7373,2
2022-04-03 08:00:00,LONG,444.52,446.74,tp,0.004,1,0.7251,2
2022-04-03 12:00:00,LONG,447.62,446.28,sl,-0.004,0,0.7264,2
2022-04-03 16:00:00,LONG,448.22,450.47,tp,0.004,1,0.6596,2
2022-04-03 20:00:00,SHORT,450.17,447.92,tp,0.004025,1,0.8378,2
2022-04-04 00:00:00,LONG,443.72,445.94,tp,0.004,1,0.7385,2
2022-04-04 08:00:00,SHORT,446.38,444.14,tp,0.004025,1,0.6517,2
2022-04-04 12:00:00,LONG,438.32,440.51,tp,0.004,1,0.7315,2
2022-04-04 16:00:00,LONG,443.22,445.44,tp,0.004,1,0.8902,2
2022-04-04 20:00:00,LONG,447.82,450.06,tp,0.004,1,0.8188,2
2022-04-05 00:00:00,LONG,455.43,457.7,tp,0.004,1,0.8751,2
2022-04-05 04:00:00,LONG,455.13,457.4,tp,0.004,1,0.7998,2
2022-04-05 08:00:00,SHORT,457.57,455.28,tp,0.004025,1,0.8316,2
2022-04-05 12:00:00,SHORT,449.18,446.93,tp,0.004025,1,0.8806,2
2022-04-05 16:00:00,SHORT,450.37,448.12,tp,0.004025,1,0.7301,2
2022-04-05 20:00:00,LONG,444.92,447.15,tp,0.004,1,0.7689,2
2022-04-06 00:00:00,SHORT,439.98,441.3,sl,-0.003991,0,0.7892,2
2022-04-06 04:00:00,LONG,441.32,440.0,sl,-0.004,0,0.7053,2
2022-04-06 08:00:00,SHORT,435.28,433.11,tp,0.004025,1,0.8609,2
2022-04-06 12:00:00,SHORT,426.69,424.55,tp,0.004025,1,0.9192,2
2022-04-06 16:00:00,SHORT,426.49,424.35,tp,0.004025,1,0.8814,2
2022-04-06 20:00:00,LONG,420.31,422.41,tp,0.004,1,0.8915,2
2022-04-07 00:00:00,LONG,424.91,427.04,tp,0.004,1,0.9233,2
2022-04-07 04:00:00,LONG,431.12,433.27,tp,0.004,1,0.8692,2
2022-04-07 08:00:00,LONG,435.42,434.11,sl,-0.004,0,0.8177,2
2022-04-07 12:00:00,SHORT,431.48,432.78,sl,-0.003991,0,0.6686,2
2022-04-07 16:00:00,SHORT,434.58,435.89,sl,-0.003991,0,0.9179,2
2022-04-07 20:00:00,LONG,436.22,438.4,tp,0.004,1,0.6827,2
2022-04-08 00:00:00,LONG,438.52,437.2,sl,-0.004,0,0.7426,2
2022-04-08 04:00:00,SHORT,433.18,431.02,tp,0.004025,1,0.7528,2
2022-04-08 08:00:00,LONG,428.01,430.15,tp,0.004,1,0.8083,2
2022-04-08 12:00:00,SHORT,430.58,428.43,tp,0.004025,1,0.6837,2
2022-04-08 16:00:00,LONG,427.21,425.93,sl,-0.004,0,0.7417,2
2022-04-08 20:00:00,LONG,421.71,423.82,tp,0.004,1,0.9266,2
2022-04-09 00:00:00,LONG,423.01,425.13,tp,0.004,1,0.8156,2
2022-04-09 04:00:00,LONG,424.61,426.74,tp,0.004,1,0.744,2
2022-04-09 08:00:00,SHORT,426.49,424.35,tp,0.004025,1,0.8535,2
2022-04-09 12:00:00,LONG,421.31,423.42,tp,0.004,1,0.8035,2
2022-04-09 16:00:00,LONG,422.01,424.12,tp,0.004,1,0.7538,2
2022-04-09 20:00:00,LONG,426.81,425.53,sl,-0.004,0,0.8128,2
2022-04-10 04:00:00,SHORT,425.59,423.46,tp,0.004025,1,0.8493,2
2022-04-10 20:00:00,SHORT,417.89,415.8,tp,0.004025,1,0.8416,2
2022-04-11 00:00:00,SHORT,413.99,415.23,sl,-0.003991,0,0.8298,2
2022-04-11 08:00:00,SHORT,404.0,401.98,tp,0.004025,1,0.9152,2
2022-04-11 12:00:00,SHORT,398.8,396.81,tp,0.004025,1,0.8681,2
2022-04-11 16:00:00,SHORT,398.4,396.41,tp,0.004025,1,0.8196,2
2022-04-11 20:00:00,LONG,394.8,396.77,tp,0.004,1,0.8883,2
2022-04-12 00:00:00,SHORT,398.2,399.4,sl,-0.003991,0,0.8172,2
2022-04-12 04:00:00,LONG,407.6,409.64,tp,0.004,1,0.8388,2
2022-04-12 08:00:00,SHORT,411.29,409.24,tp,0.004025,1,0.788,2
2022-04-12 12:00:00,SHORT,412.39,410.33,tp,0.004025,1,0.875,2
2022-04-12 16:00:00,LONG,407.3,409.34,tp,0.004,1,0.7128,2
2022-04-12 20:00:00,SHORT,413.39,411.33,tp,0.004025,1,0.6635,2
2022-04-13 00:00:00,SHORT,417.99,419.24,sl,-0.003991,0,0.9204,2
2022-04-13 04:00:00,LONG,418.21,420.3,tp,0.004,1,0.6922,2
2022-04-13 08:00:00,LONG,413.81,415.88,tp,0.004,1,0.8053,2
2022-04-13 12:00:00,LONG,418.11,420.2,tp,0.004,1,0.8757,2
2022-04-13 16:00:00,LONG,419.91,422.01,tp,0.004,1,0.7871,2
2022-04-13 20:00:00,SHORT,423.19,424.46,sl,-0.003991,0,0.729,2
2022-04-14 00:00:00,SHORT,421.89,419.78,tp,0.004025,1,0.8062,2
2022-04-14 04:00:00,SHORT,421.59,419.48,tp,0.004025,1,0.6509,2
2022-04-14 08:00:00,SHORT,417.19,415.11,tp,0.004025,1,0.7166,2
2022-04-14 12:00:00,SHORT,412.19,413.43,sl,-0.003991,0,0.7964,2
2022-04-14 16:00:00,LONG,414.21,416.28,tp,0.004,1,0.8508,2
2022-04-15 12:00:00,LONG,418.21,416.95,sl,-0.004,0,0.6545,2
2022-04-15 16:00:00,SHORT,417.69,415.6,tp,0.004025,1,0.8487,2
2022-04-15 20:00:00,SHORT,417.09,418.34,sl,-0.003991,0,0.6715,2
2022-04-16 12:00:00,LONG,412.81,414.87,tp,0.004,1,0.8021,2
2022-04-16 20:00:00,SHORT,417.09,415.01,tp,0.004025,1,0.8546,2
2022-04-17 16:00:00,SHORT,414.09,412.02,tp,0.004025,1,0.7187,2
2022-04-17 20:00:00,SHORT,406.4,407.62,sl,-0.003991,0,0.7334,2
2022-04-18 04:00:00,LONG,398.0,399.99,tp,0.004,1,0.8189,2
2022-04-18 08:00:00,LONG,402.2,404.21,tp,0.004,1,0.6831,2
2022-04-18 12:00:00,LONG,406.0,408.03,tp,0.004,1,0.7671,2
2022-04-18 16:00:00,LONG,415.41,417.48,tp,0.004,1,0.7927,2
2022-04-18 20:00:00,LONG,417.01,419.09,tp,0.004,1,0.7394,2
2022-04-19 04:00:00,SHORT,421.69,419.58,tp,0.004025,1,0.7005,2
2022-04-19 08:00:00,SHORT,418.69,416.6,tp,0.004025,1,0.8974,2
2022-04-19 20:00:00,SHORT,422.09,419.98,tp,0.004025,1,0.6946,2
2022-04-20 00:00:00,SHORT,421.29,422.55,sl,-0.003991,0,0.7045,2
2022-04-20 04:00:00,LONG,421.21,423.32,tp,0.004,1,0.6577,2
2022-04-20 08:00:00,SHORT,427.79,425.65,tp,0.004025,1,0.9328,2
2022-04-20 12:00:00,SHORT,421.39,419.28,tp,0.004025,1,0.7562,2
2022-04-20 16:00:00,LONG,417.61,419.7,tp,0.004,1,0.8837,2
2022-04-21 00:00:00,SHORT,421.49,419.38,tp,0.004025,1,0.6807,2
2022-04-21 08:00:00,SHORT,424.19,422.07,tp,0.004025,1,0.9219,2
2022-04-21 12:00:00,SHORT,420.29,418.19,tp,0.004025,1,0.7459,2
2022-04-21 16:00:00,SHORT,411.49,409.44,tp,0.004025,1,0.8063,2
2022-04-21 20:00:00,LONG,405.1,407.13,tp,0.004,1,0.9269,2
2022-04-22 00:00:00,SHORT,409.3,407.25,tp,0.004025,1,0.8108,2
2022-04-22 04:00:00,SHORT,409.99,407.94,tp,0.004025,1,0.7522,2
2022-04-22 08:00:00,SHORT,411.79,409.74,tp,0.004025,1,0.8905,2
2022-04-22 12:00:00,SHORT,405.9,407.11,sl,-0.003991,0,0.9375,2
2022-04-22 16:00:00,SHORT,407.5,405.46,tp,0.004025,1,0.6816,2
2022-04-22 20:00:00,SHORT,406.4,404.36,tp,0.004025,1,0.6509,2
2022-04-23 00:00:00,LONG,403.5,402.29,sl,-0.004,0,0.7293,2
2022-04-23 04:00:00,LONG,404.4,403.19,sl,-0.004,0,0.7742,2
2022-04-23 08:00:00,LONG,405.4,404.19,sl,-0.004,0,0.7456,2
2022-04-23 16:00:00,SHORT,406.7,404.66,tp,0.004025,1,0.8325,2
2022-04-23 20:00:00,LONG,401.3,403.31,tp,0.004,1,0.8573,2
2022-04-24 08:00:00,LONG,401.7,403.71,tp,0.004,1,0.6982,2
2022-04-25 00:00:00,SHORT,395.7,393.72,tp,0.004025,1,0.7609,2
2022-04-25 04:00:00,LONG,383.99,385.91,tp,0.004,1,0.8767,2
2022-04-25 08:00:00,LONG,392.8,394.76,tp,0.004,1,0.745,2
2022-04-25 12:00:00,LONG,394.4,396.37,tp,0.004,1,0.8065,2
2022-04-25 16:00:00,SHORT,402.2,403.41,sl,-0.003991,0,0.7375,2
2022-04-25 20:00:00,LONG,404.5,406.52,tp,0.004,1,0.6858,2
2022-04-26 00:00:00,SHORT,403.8,401.78,tp,0.004025,1,0.8958,2
2022-04-26 04:00:00,SHORT,402.7,400.69,tp,0.004025,1,0.7059,2
2022-04-26 08:00:00,SHORT,400.2,398.2,tp,0.004025,1,0.739,2
2022-04-26 12:00:00,SHORT,387.71,385.77,tp,0.004025,1,0.8816,2
2022-04-26 16:00:00,SHORT,386.11,384.18,tp,0.004025,1,0.8295,2
2022-04-26 20:00:00,LONG,386.09,388.02,tp,0.004,1,0.8865,2
2022-04-27 00:00:00,LONG,388.39,390.34,tp,0.004,1,0.7134,2
2022-04-27 04:00:00,LONG,394.6,393.41,sl,-0.004,0,0.7435,2
2022-04-27 08:00:00,SHORT,390.7,388.75,tp,0.004025,1,0.9299,2
2022-04-27 12:00:00,LONG,389.19,391.14,tp,0.004,1,0.8738,2
2022-04-27 16:00:00,SHORT,387.81,388.97,sl,-0.003991,0,0.6653,2
2022-04-27 20:00:00,SHORT,391.1,392.28,sl,-0.003991,0,0.7091,2
2022-04-28 00:00:00,LONG,389.89,391.84,tp,0.004,1,0.6891,2
2022-04-28 04:00:00,LONG,392.7,394.66,tp,0.004,1,0.6818,2
2022-04-28 08:00:00,LONG,404.2,406.22,tp,0.004,1,0.8473,2
2022-04-28 12:00:00,LONG,402.6,404.61,tp,0.004,1,0.837,2
2022-04-28 16:00:00,LONG,405.3,407.33,tp,0.004,1,0.8473,2
2022-04-28 20:00:00,LONG,407.3,409.34,tp,0.004,1,0.6772,2
2022-04-29 00:00:00,SHORT,404.4,402.38,tp,0.004025,1,0.7777,2
2022-04-29 04:00:00,SHORT,405.7,403.67,tp,0.004025,1,0.6661,2
2022-04-29 08:00:00,SHORT,394.5,395.69,sl,-0.003991,0,0.8503,2
2022-04-29 12:00:00,SHORT,398.3,396.31,tp,0.004025,1,0.6996,2
2022-04-29 16:00:00,LONG,391.8,393.75,tp,0.004,1,0.8755,2
2022-04-29 20:00:00,LONG,393.2,395.16,tp,0.004,1,0.7013,2
2022-04-30 04:00:00,SHORT,398.2,396.21,tp,0.004025,1,0.868,2
2022-04-30 20:00:00,SHORT,376.91,378.04,sl,-0.003991,0,0.852,2
2022-05-01 00:00:00,LONG,383.29,385.21,tp,0.004,1,0.876,2
2022-05-01 04:00:00,LONG,382.39,384.3,tp,0.004,1,0.7165,2
2022-05-01 12:00:00,LONG,389.69,388.53,sl,-0.004,0,0.6548,2
2022-05-01 16:00:00,LONG,384.69,386.62,tp,0.004,1,0.6965,2
2022-05-02 04:00:00,SHORT,389.71,387.76,tp,0.004025,1,0.9233,2
2022-05-02 08:00:00,SHORT,385.51,386.66,sl,-0.003991,0,0.7622,2
2022-05-02 20:00:00,LONG,389.69,391.64,tp,0.004,1,0.6839,2
2022-05-03 00:00:00,SHORT,391.1,389.15,tp,0.004025,1,0.9035,2
2022-05-03 04:00:00,SHORT,389.61,387.66,tp,0.004025,1,0.6749,2
2022-05-03 08:00:00,SHORT,388.81,386.86,tp,0.004025,1,0.7469,2
2022-05-03 12:00:00,SHORT,386.51,384.57,tp,0.004025,1,0.7509,2
2022-05-03 16:00:00,SHORT,381.41,382.55,sl,-0.003991,0,0.7231,2
2022-05-03 20:00:00,LONG,384.09,386.01,tp,0.004,1,0.8365,2
2022-05-04 00:00:00,LONG,385.59,387.52,tp,0.004,1,0.691,2
2022-05-04 04:00:00,LONG,389.69,391.64,tp,0.004,1,0.6763,2
2022-05-04 08:00:00,LONG,391.2,393.15,tp,0.004,1,0.6935,2
2022-05-04 12:00:00,LONG,393.9,395.87,tp,0.004,1,0.6886,2
2022-05-04 16:00:00,LONG,401.7,403.71,tp,0.004,1,0.7775,2
2022-05-04 20:00:00,SHORT,402.4,403.61,sl,-0.003991,0,0.6769,2
2022-05-05 00:00:00,SHORT,403.1,401.08,tp,0.004025,1,0.7253,2
2022-05-05 04:00:00,SHORT,400.8,398.8,tp,0.004025,1,0.7291,2
2022-05-05 08:00:00,SHORT,404.3,402.28,tp,0.004025,1,0.9146,2
2022-05-05 12:00:00,SHORT,381.01,379.1,tp,0.004025,1,0.9409,2
2022-05-05 16:00:00,LONG,376.89,378.77,tp,0.004,1,0.9482,2
2022-05-05 20:00:00,SHORT,378.21,376.32,tp,0.004025,1,0.8647,2
2022-05-06 00:00:00,SHORT,378.71,376.82,tp,0.004025,1,0.7298,2
2022-05-06 04:00:00,LONG,377.49,379.38,tp,0.004,1,0.7709,2
2022-05-06 08:00:00,LONG,375.19,377.06,tp,0.004,1,0.8292,2
2022-05-06 12:00:00,SHORT,379.11,380.25,sl,-0.003991,0,0.8768,2
2022-05-06 16:00:00,LONG,381.29,380.15,sl,-0.004,0,0.6868,2
2022-05-06 20:00:00,LONG,379.29,378.15,sl,-0.004,0,0.6513,2
2022-05-07 00:00:00,LONG,376.59,378.47,tp,0.004,1,0.6564,2
2022-05-07 04:00:00,SHORT,378.61,376.72,tp,0.004025,1,0.6904,2
2022-05-07 08:00:00,LONG,375.09,373.96,sl,-0.004,0,0.6793,2
2022-05-07 20:00:00,SHORT,365.32,363.49,tp,0.004025,1,0.8542,2
2022-05-08 00:00:00,SHORT,359.02,360.1,sl,-0.003991,0,0.8184,2
2022-05-08 04:00:00,LONG,359.68,358.6,sl,-0.004,0,0.6742,2
2022-05-08 08:00:00,SHORT,357.22,355.44,tp,0.004025,1,0.8094,2
2022-05-08 12:00:00,SHORT,356.02,354.24,tp,0.004025,1,0.7093,2
2022-05-08 16:00:00,LONG,359.28,358.2,sl,-0.004,0,0.7594,2
2022-05-08 20:00:00,LONG,356.08,357.86,tp,0.004,1,0.8342,2
2022-05-09 00:00:00,LONG,349.67,351.42,tp,0.004,1,0.7792,2
2022-05-09 04:00:00,SHORT,343.23,341.51,tp,0.004025,1,0.7856,2
2022-05-09 08:00:00,SHORT,332.83,331.17,tp,0.004025,1,0.9603,2
2022-05-09 12:00:00,SHORT,324.34,322.72,tp,0.004025,1,0.9366,2
2022-05-09 16:00:00,SHORT,305.65,304.12,tp,0.004025,1,0.9659,2
2022-05-09 20:00:00,LONG,296.25,297.73,tp,0.004,1,0.9063,2
2022-05-10 00:00:00,LONG,307.15,308.69,tp,0.004,1,0.963,2
2022-05-10 04:00:00,LONG,321.86,323.47,tp,0.004,1,0.9061,2
2022-05-10 08:00:00,LONG,325.86,327.49,tp,0.004,1,0.9246,2
2022-05-10 12:00:00,LONG,321.16,322.77,tp,0.004,1,0.9159,2
2022-05-10 16:00:00,LONG,324.36,323.39,sl,-0.004,0,0.8885,2
2022-05-10 20:00:00,SHORT,318.94,317.35,tp,0.004025,1,0.9284,2
2022-05-11 00:00:00,LONG,318.46,317.5,sl,-0.004,0,0.716,2
2022-05-11 04:00:00,SHORT,299.75,300.65,sl,-0.003991,0,0.9237,2
2022-05-11 08:00:00,LONG,305.55,307.08,tp,0.004,1,0.8575,2
2022-05-11 12:00:00,SHORT,288.06,286.62,tp,0.004025,1,0.9603,2
2022-05-11 16:00:00,LONG,271.44,272.79,tp,0.004,1,0.9266,2
2022-05-11 20:00:00,SHORT,271.36,270.01,tp,0.004025,1,0.9235,2
2022-05-12 00:00:00,LONG,255.23,254.46,sl,-0.004,0,0.9411,2
2022-05-12 04:00:00,LONG,247.52,248.76,tp,0.004,1,0.9632,2
2022-05-12 08:00:00,LONG,273.34,274.7,tp,0.004,1,0.9406,2
2022-05-12 12:00:00,SHORT,272.46,271.1,tp,0.004025,1,0.9442,2
2022-05-12 16:00:00,LONG,269.73,271.08,tp,0.004,1,0.9266,2
2022-05-12 20:00:00,LONG,269.13,270.48,tp,0.004,1,0.957,2
2022-05-13 00:00:00,SHORT,307.25,305.71,tp,0.004025,1,0.9436,2
2022-05-13 04:00:00,LONG,296.25,297.73,tp,0.004,1,0.932,2
2022-05-13 08:00:00,SHORT,308.95,307.4,tp,0.004025,1,0.9541,2
2022-05-13 12:00:00,SHORT,301.85,300.34,tp,0.004025,1,0.96,2
2022-05-13 16:00:00,LONG,296.45,297.93,tp,0.004,1,0.8968,2
2022-05-13 20:00:00,LONG,290.75,292.2,tp,0.004,1,0.8727,2
2022-05-14 00:00:00,SHORT,293.45,291.99,tp,0.004025,1,0.8459,2
2022-05-14 04:00:00,SHORT,286.86,285.42,tp,0.004025,1,0.8991,2
2022-05-14 08:00:00,SHORT,281.36,279.95,tp,0.004025,1,0.9178,2
2022-05-14 12:00:00,LONG,278.04,279.43,tp,0.004,1,0.9679,2
2022-05-14 16:00:00,LONG,287.04,288.48,tp,0.004,1,0.9109,2
2022-05-14 20:00:00,SHORT,296.75,295.27,tp,0.004025,1,0.9035,2
2022-05-15 00:00:00,LONG,289.84,291.29,tp,0.004,1,0.919,2
2022-05-15 04:00:00,SHORT,294.55,293.08,tp,0.004025,1,0.8777,2
2022-05-15 08:00:00,SHORT,302.25,300.74,tp,0.004025,1,0.9348,2
2022-05-15 12:00:00,LONG,297.85,299.34,tp,0.004,1,0.8832,2
2022-05-15 16:00:00,SHORT,303.75,302.23,tp,0.004025,1,0.89,2
2022-05-15 20:00:00,SHORT,312.24,310.68,tp,0.004025,1,0.9649,2
2022-05-16 00:00:00,LONG,301.45,302.96,tp,0.004,1,0.8892,2
2022-05-16 04:00:00,LONG,294.15,295.62,tp,0.004,1,0.9643,2
2022-05-16 08:00:00,LONG,298.25,299.74,tp,0.004,1,0.9173,2
2022-05-16 12:00:00,LONG,295.95,297.43,tp,0.004,1,0.9145,2
2022-05-16 16:00:00,LONG,297.85,299.34,tp,0.004,1,0.8901,2
2022-05-16 20:00:00,LONG,297.35,298.84,tp,0.004,1,0.9152,2
2022-05-17 00:00:00,LONG,306.45,305.53,sl,-0.004,0,0.8798,2
2022-05-17 04:00:00,LONG,304.65,306.18,tp,0.004,1,0.8574,2
2022-05-17 08:00:00,LONG,306.55,308.09,tp,0.004,1,0.8234,2
2022-05-17 12:00:00,SHORT,303.35,301.83,tp,0.004025,1,0.8231,2
2022-05-17 16:00:00,LONG,301.35,302.86,tp,0.004,1,0.9331,2
2022-05-17 20:00:00,SHORT,306.05,304.52,tp,0.004025,1,0.7703,2
2022-05-18 00:00:00,SHORT,300.45,298.95,tp,0.004025,1,0.8647,2
2022-05-18 04:00:00,SHORT,300.15,298.65,tp,0.004025,1,0.7716,2
2022-05-18 08:00:00,SHORT,301.45,299.94,tp,0.004025,1,0.8394,2
2022-05-18 12:00:00,SHORT,291.15,289.7,tp,0.004025,1,0.9252,2
2022-05-18 16:00:00,SHORT,296.45,294.97,tp,0.004025,1,0.8631,2
2022-05-18 20:00:00,LONG,287.84,289.28,tp,0.004,1,0.8936,2
2022-05-19 00:00:00,LONG,295.35,296.82,tp,0.004,1,0.7754,2
2022-05-19 04:00:00,LONG,298.95,300.44,tp,0.004,1,0.8597,2
2022-05-19 08:00:00,LONG,301.55,303.06,tp,0.004,1,0.8504,2
2022-05-19 12:00:00,SHORT,306.65,305.11,tp,0.004025,1,0.9223,2
2022-05-19 16:00:00,LONG,303.75,305.27,tp,0.004,1,0.8619,2
2022-05-19 20:00:00,SHORT,306.95,305.41,tp,0.004025,1,0.8054,2
2022-05-20 00:00:00,LONG,308.15,309.69,tp,0.004,1,0.8811,2
2022-05-20 04:00:00,LONG,307.35,308.89,tp,0.004,1,0.8129,2
2022-05-20 08:00:00,SHORT,315.34,313.77,tp,0.004025,1,0.9569,2
2022-05-20 12:00:00,SHORT,299.15,297.65,tp,0.004025,1,0.9068,2
2022-05-20 16:00:00,LONG,302.35,303.86,tp,0.004,1,0.9294,2
2022-05-20 20:00:00,LONG,302.35,303.86,tp,0.004,1,0.8189,2
2022-05-21 04:00:00,LONG,306.35,305.43,sl,-0.004,0,0.7247,2
2022-05-21 08:00:00,LONG,307.15,308.69,tp,0.004,1,0.7457,2
2022-05-21 12:00:00,SHORT,311.54,312.48,sl,-0.003991,0,0.7362,2
2022-05-21 16:00:00,LONG,312.76,311.82,sl,-0.004,0,0.7818,2
2022-05-21 20:00:00,SHORT,312.24,313.18,sl,-0.003991,0,0.6736,2
2022-05-22 00:00:00,LONG,316.66,315.71,sl,-0.004,0,0.7475,2
2022-05-22 04:00:00,SHORT,314.74,315.69,sl,-0.003991,0,0.7374,2
2022-05-22 08:00:00,SHORT,317.44,315.85,tp,0.004025,1,0.8019,2
2022-05-22 12:00:00,SHORT,316.74,315.16,tp,0.004025,1,0.6827,2
2022-05-22 20:00:00,SHORT,319.24,317.64,tp,0.004025,1,0.7505,2
2022-05-23 00:00:00,LONG,320.76,322.36,tp,0.004,1,0.69,2
2022-05-23 04:00:00,LONG,328.56,330.21,tp,0.004,1,0.8446,2
2022-05-23 08:00:00,SHORT,332.43,330.77,tp,0.004025,1,0.8319,2
2022-05-23 12:00:00,LONG,333.77,335.44,tp,0.004,1,0.795,2
2022-05-23 16:00:00,LONG,323.76,325.38,tp,0.004,1,0.8809,2
2022-05-23 20:00:00,LONG,317.36,318.95,tp,0.004,1,0.9445,2
2022-05-24 00:00:00,SHORT,326.64,325.0,tp,0.004025,1,0.8223,2
2022-05-24 04:00:00,SHORT,328.04,326.4,tp,0.004025,1,0.9109,2
2022-05-24 08:00:00,SHORT,323.04,321.42,tp,0.004025,1,0.8573,2
2022-05-24 12:00:00,LONG,321.66,323.27,tp,0.004,1,0.9064,2
2022-05-24 16:00:00,LONG,322.96,324.58,tp,0.004,1,0.7791,2
2022-05-24 20:00:00,LONG,328.46,330.11,tp,0.004,1,0.8281,2
2022-05-25 00:00:00,SHORT,335.73,334.05,tp,0.004025,1,0.913,2
2022-05-25 04:00:00,LONG,330.27,331.92,tp,0.004,1,0.7982,2
2022-05-25 08:00:00,LONG,325.36,326.99,tp,0.004,1,0.7912,2
2022-05-25 12:00:00,LONG,327.56,329.2,tp,0.004,1,0.9233,2
2022-05-25 16:00:00,LONG,326.26,327.89,tp,0.004,1,0.7346,2
2022-05-25 20:00:00,LONG,325.86,327.49,tp,0.004,1,0.75,2
2022-05-26 00:00:00,SHORT,327.74,326.1,tp,0.004025,1,0.7928,2
2022-05-26 04:00:00,SHORT,321.24,319.63,tp,0.004025,1,0.7785,2
2022-05-26 08:00:00,SHORT,310.54,308.99,tp,0.004025,1,0.9175,2
2022-05-26 12:00:00,LONG,313.16,314.72,tp,0.004,1,0.9191,2
2022-05-26 16:00:00,LONG,309.05,310.6,tp,0.004,1,0.896,2
2022-05-26 20:00:00,LONG,303.15,304.67,tp,0.004,1,0.9149,2
2022-05-27 00:00:00,LONG,302.25,301.34,sl,-0.004,0,0.9301,2
2022-05-27 04:00:00,LONG,298.65,300.14,tp,0.004,1,0.9562,2
2022-05-27 08:00:00,LONG,301.35,302.86,tp,0.004,1,0.8785,2
2022-05-27 12:00:00,SHORT,301.95,300.44,tp,0.004025,1,0.8997,2
2022-05-27 16:00:00,LONG,301.55,303.06,tp,0.004,1,0.814,2
2022-05-27 20:00:00,LONG,301.75,303.26,tp,0.004,1,0.8096,2
2022-05-28 00:00:00,SHORT,300.85,301.75,sl,-0.003991,0,0.8825,2
2022-05-28 04:00:00,LONG,302.35,301.44,sl,-0.004,0,0.7316,2
2022-05-28 08:00:00,LONG,302.25,303.76,tp,0.004,1,0.6626,2
2022-05-28 12:00:00,SHORT,307.25,305.71,tp,0.004025,1,0.7489,2
2022-05-28 16:00:00,LONG,309.05,308.13,sl,-0.004,0,0.6849,2
2022-05-28 20:00:00,SHORT,307.35,305.81,tp,0.004025,1,0.7949,2
2022-05-29 00:00:00,LONG,300.95,300.05,sl,-0.004,0,0.7831,2
2022-05-29 04:00:00,LONG,301.15,302.66,tp,0.004,1,0.8759,2
2022-05-29 12:00:00,LONG,303.35,304.87,tp,0.004,1,0.6617,2
2022-05-29 16:00:00,LONG,302.55,304.06,tp,0.004,1,0.6855,2
2022-05-29 20:00:00,LONG,305.95,307.48,tp,0.004,1,0.7217,2
2022-05-30 00:00:00,LONG,317.46,319.05,tp,0.004,1,0.7999,2
2022-05-30 04:00:00,SHORT,319.54,317.94,tp,0.004025,1,0.9036,2
2022-05-30 08:00:00,SHORT,317.14,315.56,tp,0.004025,1,0.6526,2
2022-05-30 12:00:00,LONG,313.96,315.53,tp,0.004,1,0.9089,2
2022-05-30 16:00:00,LONG,313.56,315.12,tp,0.004,1,0.7121,2
2022-05-30 20:00:00,LONG,321.96,323.57,tp,0.004,1,0.8467,2
2022-05-31 00:00:00,SHORT,320.64,319.04,tp,0.004025,1,0.9474,2
2022-05-31 04:00:00,SHORT,318.14,319.1,sl,-0.003991,0,0.7398,2
2022-05-31 08:00:00,SHORT,320.44,318.84,tp,0.004025,1,0.7648,2
2022-05-31 12:00:00,LONG,321.36,322.97,tp,0.004,1,0.7845,2
2022-05-31 16:00:00,LONG,318.96,320.55,tp,0.004,1,0.781,2
2022-05-31 20:00:00,SHORT,320.74,319.14,tp,0.004025,1,0.7682,2
2022-06-01 00:00:00,SHORT,319.04,317.45,tp,0.004025,1,0.8358,2
2022-06-01 04:00:00,SHORT,317.04,315.46,tp,0.004025,1,0.6952,2
2022-06-01 08:00:00,SHORT,316.34,314.76,tp,0.004025,1,0.7136,2
2022-06-01 12:00:00,SHORT,305.45,303.92,tp,0.004025,1,0.8026,2
2022-06-01 16:00:00,SHORT,303.25,301.73,tp,0.004025,1,0.8772,2
2022-06-01 20:00:00,LONG,300.55,302.05,tp,0.004,1,0.9452,2
2022-06-02 00:00:00,LONG,300.65,302.15,tp,0.004,1,0.8776,2
2022-06-02 04:00:00,LONG,303.55,305.07,tp,0.004,1,0.7865,2
2022-06-02 08:00:00,SHORT,304.85,303.32,tp,0.004025,1,0.7433,2
2022-06-02 12:00:00,SHORT,303.35,304.26,sl,-0.003991,0,0.6968,2
2022-06-02 16:00:00,LONG,305.45,306.98,tp,0.004,1,0.6966,2
2022-06-02 20:00:00,SHORT,308.15,306.61,tp,0.004025,1,0.6831,2
2022-06-03 00:00:00,SHORT,308.25,306.7,tp,0.004025,1,0.9262,2
2022-06-03 04:00:00,SHORT,305.05,303.52,tp,0.004025,1,0.6535,2
2022-06-03 08:00:00,SHORT,296.05,294.57,tp,0.004025,1,0.8267,2
2022-06-03 12:00:00,LONG,295.65,297.13,tp,0.004,1,0.8979,2
2022-06-03 16:00:00,LONG,296.45,297.93,tp,0.004,1,0.6843,2
2022-06-03 20:00:00,SHORT,298.45,296.96,tp,0.004025,1,0.903,2
2022-06-04 00:00:00,LONG,295.75,297.23,tp,0.004,1,0.7,2
2022-06-04 20:00:00,SHORT,301.15,299.64,tp,0.004025,1,0.8666,2
2022-06-05 12:00:00,LONG,299.25,300.75,tp,0.004,1,0.6549,2
2022-06-05 16:00:00,LONG,301.35,300.45,sl,-0.004,0,0.6624,2
2022-06-06 00:00:00,LONG,307.45,308.99,tp,0.004,1,0.6503,2
2022-06-06 04:00:00,LONG,310.36,311.91,tp,0.004,1,0.7966,2
2022-06-06 08:00:00,LONG,307.65,306.73,sl,-0.004,0,0.6663,2
2022-06-06 12:00:00,SHORT,303.35,301.83,tp,0.004025,1,0.7539,2
2022-06-06 16:00:00,SHORT,301.95,300.44,tp,0.004025,1,0.7409,2
2022-06-06 20:00:00,SHORT,294.95,293.48,tp,0.004025,1,0.902,2
2022-06-07 00:00:00,SHORT,284.36,282.94,tp,0.004025,1,0.9062,2
2022-06-07 04:00:00,SHORT,284.56,283.13,tp,0.004025,1,0.9154,2
2022-06-07 08:00:00,LONG,276.84,278.22,tp,0.004,1,0.9545,2
2022-06-07 12:00:00,LONG,282.84,284.26,tp,0.004,1,0.8886,2
2022-06-07 16:00:00,SHORT,292.75,291.29,tp,0.004025,1,0.8591,2
2022-06-07 20:00:00,LONG,290.45,291.9,tp,0.004,1,0.8331,2
2022-06-08 00:00:00,LONG,285.34,286.77,tp,0.004,1,0.8708,2
2022-06-08 04:00:00,SHORT,290.15,291.03,sl,-0.003991,0,0.7751,2
2022-06-08 08:00:00,LONG,290.85,292.3,tp,0.004,1,0.7951,2
2022-06-08 12:00:00,SHORT,292.45,290.99,tp,0.004025,1,0.9352,2
2022-06-08 16:00:00,LONG,288.74,290.19,tp,0.004,1,0.9254,2
2022-06-08 20:00:00,LONG,288.64,287.78,sl,-0.004,0,0.725,2
2022-06-09 00:00:00,SHORT,288.56,287.11,tp,0.004025,1,0.6545,2
2022-06-09 04:00:00,SHORT,290.15,291.03,sl,-0.003991,0,0.6967,2
2022-06-09 08:00:00,SHORT,290.65,289.2,tp,0.004025,1,0.9271,2
2022-06-09 12:00:00,SHORT,290.55,289.1,tp,0.004025,1,0.7643,2
2022-06-09 16:00:00,SHORT,288.26,286.81,tp,0.004025,1,0.6649,2
2022-06-09 20:00:00,SHORT,289.76,288.31,tp,0.004025,1,0.699,2
2022-06-10 00:00:00,LONG,291.25,292.7,tp,0.004,1,0.7952,2
2022-06-10 08:00:00,SHORT,289.26,287.81,tp,0.004025,1,0.7491,2
2022-06-10 12:00:00,SHORT,290.45,289.0,tp,0.004025,1,0.8339,2
2022-06-10 16:00:00,LONG,285.04,286.47,tp,0.004,1,0.8581,2
2022-06-10 20:00:00,SHORT,286.26,287.12,sl,-0.003991,0,0.6649,2
2022-06-11 00:00:00,SHORT,288.46,289.32,sl,-0.003991,0,0.6507,2
2022-06-11 04:00:00,SHORT,289.26,287.81,tp,0.004025,1,0.8124,2
2022-06-11 08:00:00,SHORT,278.66,277.27,tp,0.004025,1,0.8464,2
2022-06-11 12:00:00,LONG,268.63,269.98,tp,0.004,1,0.9438,2
2022-06-11 16:00:00,SHORT,271.56,270.21,tp,0.004025,1,0.7803,2
2022-06-11 20:00:00,LONG,270.03,271.39,tp,0.004,1,0.7652,2
2022-06-12 00:00:00,SHORT,257.47,256.18,tp,0.004025,1,0.9063,2
2022-06-12 04:00:00,LONG,258.63,257.85,sl,-0.004,0,0.9255,2
2022-06-12 08:00:00,LONG,258.53,259.82,tp,0.004,1,0.8319,2
2022-06-12 12:00:00,LONG,264.33,265.65,tp,0.004,1,0.8962,2
2022-06-12 16:00:00,SHORT,262.07,260.76,tp,0.004025,1,0.9106,2
2022-06-12 20:00:00,LONG,254.93,256.2,tp,0.004,1,0.8948,2
2022-06-13 00:00:00,SHORT,240.08,238.88,tp,0.004025,1,0.9191,2
2022-06-13 04:00:00,LONG,232.82,232.12,sl,-0.004,0,0.9111,2
2022-06-13 08:00:00,SHORT,221.09,219.98,tp,0.004025,1,0.9635,2
2022-06-13 12:00:00,LONG,224.31,225.43,tp,0.004,1,0.9506,2
2022-06-13 16:00:00,LONG,225.21,226.34,tp,0.004,1,0.9252,2
2022-06-13 20:00:00,LONG,223.11,224.23,tp,0.004,1,0.9046,2
2022-06-14 00:00:00,LONG,221.81,222.92,tp,0.004,1,0.9632,2
2022-06-14 04:00:00,LONG,230.11,229.42,sl,-0.004,0,0.934,2
2022-06-14 08:00:00,LONG,220.41,221.51,tp,0.004,1,0.9303,2
2022-06-14 12:00:00,SHORT,227.29,226.15,tp,0.004025,1,0.9044,2
2022-06-14 16:00:00,LONG,221.91,223.02,tp,0.004,1,0.8863,2
2022-06-14 20:00:00,SHORT,222.89,221.77,tp,0.004025,1,0.8631,2
2022-06-15 00:00:00,LONG,216.91,216.26,sl,-0.004,0,0.8984,2
2022-06-15 04:00:00,SHORT,207.2,206.16,tp,0.004025,1,0.9012,2
2022-06-15 08:00:00,LONG,212.71,213.77,tp,0.004,1,0.9569,2
2022-06-15 12:00:00,LONG,212.81,213.87,tp,0.004,1,0.953,2
2022-06-15 16:00:00,LONG,221.51,222.62,tp,0.004,1,0.9431,2
2022-06-15 20:00:00,SHORT,233.48,232.32,tp,0.004025,1,0.9171,2
2022-06-16 00:00:00,SHORT,229.98,228.84,tp,0.004025,1,0.9149,2
2022-06-16 04:00:00,LONG,222.71,223.82,tp,0.004,1,0.8879,2
2022-06-16 08:00:00,SHORT,215.79,214.71,tp,0.004025,1,0.8935,2
2022-06-16 12:00:00,SHORT,215.49,214.41,tp,0.004025,1,0.8082,2
2022-06-16 16:00:00,LONG,214.41,215.48,tp,0.004,1,0.8516,2
2022-06-16 20:00:00,LONG,210.31,211.36,tp,0.004,1,0.9082,2
2022-06-17 00:00:00,LONG,212.51,213.57,tp,0.004,1,0.8787,2
2022-06-17 04:00:00,SHORT,219.49,218.39,tp,0.004025,1,0.8554,2
2022-06-17 08:00:00,LONG,217.91,219.0,tp,0.004,1,0.8678,2
2022-06-17 12:00:00,LONG,216.01,215.36,sl,-0.004,0,0.8548,2
2022-06-17 16:00:00,LONG,215.01,216.08,tp,0.004,1,0.8108,2
2022-06-17 20:00:00,SHORT,215.69,214.61,tp,0.004025,1,0.7986,2
2022-06-18 00:00:00,SHORT,212.49,211.43,tp,0.004025,1,0.8836,2
2022-06-18 04:00:00,LONG,201.4,202.41,tp,0.004,1,0.9243,2
2022-06-18 08:00:00,LONG,203.0,202.39,sl,-0.004,0,0.8572,2
2022-06-18 12:00:00,SHORT,198.4,197.41,tp,0.004025,1,0.8717,2
2022-06-18 16:00:00,LONG,188.39,189.34,tp,0.004,1,0.9212,2
2022-06-18 20:00:00,LONG,197.1,198.08,tp,0.004,1,0.9621,2
2022-06-19 00:00:00,LONG,192.4,193.36,tp,0.004,1,0.927,2
2022-06-19 04:00:00,LONG,193.2,194.16,tp,0.004,1,0.8435,2
2022-06-19 08:00:00,LONG,207.3,208.34,tp,0.004,1,0.905,2
2022-06-19 12:00:00,LONG,209.5,210.55,tp,0.004,1,0.9098,2
2022-06-19 16:00:00,LONG,211.91,212.97,tp,0.004,1,0.9213,2
2022-06-19 20:00:00,SHORT,214.99,213.92,tp,0.004025,1,0.9554,2
2022-06-20 00:00:00,LONG,208.8,208.18,sl,-0.004,0,0.8987,2
2022-06-20 04:00:00,LONG,207.2,208.24,tp,0.004,1,0.9574,2
2022-06-20 08:00:00,SHORT,215.89,214.81,tp,0.004025,1,0.8889,2
2022-06-20 12:00:00,SHORT,217.69,216.6,tp,0.004025,1,0.948,2
2022-06-20 16:00:00,LONG,213.91,214.98,tp,0.004,1,0.8754,2
2022-06-20 20:00:00,LONG,216.61,217.69,tp,0.004,1,0.8494,2
2022-06-21 00:00:00,LONG,218.31,219.4,tp,0.004,1,0.8807,2
2022-06-21 04:00:00,LONG,221.11,222.22,tp,0.004,1,0.921,2
2022-06-21 08:00:00,LONG,219.11,220.21,tp,0.004,1,0.8964,2
2022-06-21 12:00:00,SHORT,224.99,223.86,tp,0.004025,1,0.9472,2
2022-06-21 16:00:00,LONG,220.31,221.41,tp,0.004,1,0.8672,2
2022-06-21 20:00:00,SHORT,219.99,218.89,tp,0.004025,1,0.8186,2
2022-06-22 00:00:00,LONG,215.61,216.69,tp,0.004,1,0.8762,2
2022-06-22 04:00:00,LONG,212.11,213.17,tp,0.004,1,0.8567,2
2022-06-22 08:00:00,LONG,216.11,217.19,tp,0.004,1,0.9312,2
2022-06-22 12:00:00,SHORT,215.09,214.02,tp,0.004025,1,0.9203,2
2022-06-22 16:00:00,LONG,216.31,215.66,sl,-0.004,0,0.7218,2
2022-06-22 20:00:00,LONG,214.51,215.58,tp,0.004,1,0.7797,2
2022-06-23 00:00:00,LONG,218.01,219.1,tp,0.004,1,0.8379,2
2022-06-23 04:00:00,LONG,222.31,223.42,tp,0.004,1,0.8352,2
2022-06-23 08:00:00,SHORT,225.09,223.96,tp,0.004025,1,0.8345,2
2022-06-23 12:00:00,LONG,223.01,224.13,tp,0.004,1,0.8645,2
2022-06-23 16:00:00,SHORT,229.09,227.94,tp,0.004025,1,0.8137,2
2022-06-23 20:00:00,SHORT,228.79,229.47,sl,-0.003991,0,0.7806,2
2022-06-24 00:00:00,LONG,231.92,231.22,sl,-0.004,0,0.8885,2
2022-06-24 04:00:00,LONG,231.22,232.37,tp,0.004,1,0.7251,2
2022-06-24 08:00:00,LONG,237.02,238.2,tp,0.004,1,0.8714,2
2022-06-24 12:00:00,LONG,235.22,236.39,tp,0.004,1,0.8757,2
2022-06-24 16:00:00,SHORT,238.78,237.59,tp,0.004025,1,0.8973,2
2022-06-24 20:00:00,SHORT,240.08,238.88,tp,0.004025,1,0.9597,2
2022-06-25 00:00:00,SHORT,238.48,237.29,tp,0.004025,1,0.7287,2
2022-06-25 04:00:00,SHORT,241.18,239.97,tp,0.004025,1,0.7473,2
2022-06-25 08:00:00,SHORT,237.38,236.19,tp,0.004025,1,0.8217,2
2022-06-25 12:00:00,LONG,230.82,231.97,tp,0.004,1,0.943,2
2022-06-25 16:00:00,SHORT,235.68,236.39,sl,-0.003991,0,0.7285,2
2022-06-25 20:00:00,SHORT,239.58,238.38,tp,0.004025,1,0.8044,2
2022-06-26 00:00:00,LONG,238.12,239.31,tp,0.004,1,0.7189,2
2022-06-26 04:00:00,LONG,239.12,240.32,tp,0.004,1,0.6592,2
2022-06-26 08:00:00,SHORT,243.28,242.06,tp,0.004025,1,0.7887,2
2022-06-26 12:00:00,SHORT,239.68,238.48,tp,0.004025,1,0.7881,2
2022-06-26 16:00:00,SHORT,237.48,236.29,tp,0.004025,1,0.77,2
2022-06-26 20:00:00,SHORT,233.78,234.48,sl,-0.003991,0,0.8102,2
2022-06-27 00:00:00,SHORT,237.78,238.49,sl,-0.003991,0,0.7608,2
2022-06-27 04:00:00,LONG,239.52,240.72,tp,0.004,1,0.7762,2
2022-06-27 08:00:00,SHORT,237.98,236.79,tp,0.004025,1,0.7638,2
2022-06-27 12:00:00,LONG,234.32,235.49,tp,0.004,1,0.8859,2
2022-06-27 16:00:00,SHORT,233.28,233.98,sl,-0.003991,0,0.702,2
2022-06-27 20:00:00,SHORT,233.68,232.51,tp,0.004025,1,0.8056,2
2022-06-28 00:00:00,LONG,234.52,235.69,tp,0.004,1,0.7899,2
2022-06-28 04:00:00,SHORT,237.58,238.29,sl,-0.003991,0,0.6508,2
2022-06-28 08:00:00,LONG,239.22,240.42,tp,0.004,1,0.7792,2
2022-06-28 12:00:00,SHORT,234.78,233.61,tp,0.004025,1,0.8739,2
2022-06-28 16:00:00,SHORT,232.68,231.52,tp,0.004025,1,0.791,2
2022-06-28 20:00:00,SHORT,226.79,225.65,tp,0.004025,1,0.8968,2
2022-07-01 00:00:00,SHORT,220.99,219.88,tp,0.004025,1,0.8599,3
2022-07-01 04:00:00,LONG,223.21,224.33,tp,0.004,1,0.847,3
2022-07-01 08:00:00,LONG,218.71,218.05,sl,-0.004,0,0.8382,3
2022-07-01 12:00:00,LONG,215.01,216.08,tp,0.004,1,0.9501,3
2022-07-01 16:00:00,LONG,217.81,218.9,tp,0.004,1,0.7468,3
2022-07-01 20:00:00,SHORT,216.79,215.71,tp,0.004025,1,0.9349,3
2022-07-02 00:00:00,LONG,214.81,215.88,tp,0.004,1,0.9522,3
2022-07-02 04:00:00,LONG,215.51,216.59,tp,0.004,1,0.7556,3
2022-07-02 08:00:00,LONG,216.91,216.26,sl,-0.004,0,0.8717,3
2022-07-02 12:00:00,LONG,216.11,217.19,tp,0.004,1,0.7674,3
2022-07-02 16:00:00,LONG,218.31,219.4,tp,0.004,1,0.7787,3
2022-07-02 20:00:00,LONG,218.41,217.75,sl,-0.004,0,0.8102,3
2022-07-03 04:00:00,SHORT,218.29,217.2,tp,0.004025,1,0.8961,3
2022-07-03 08:00:00,SHORT,218.09,217.0,tp,0.004025,1,0.7867,3
2022-07-03 12:00:00,LONG,214.81,215.88,tp,0.004,1,0.9089,3
2022-07-03 16:00:00,LONG,219.01,218.35,sl,-0.004,0,0.6648,3
2022-07-03 20:00:00,SHORT,219.09,217.99,tp,0.004025,1,0.9009,3
2022-07-04 08:00:00,SHORT,223.89,222.77,tp,0.004025,1,0.8293,3
2022-07-04 12:00:00,LONG,226.11,227.24,tp,0.004,1,0.9065,3
2022-07-04 16:00:00,LONG,227.51,228.65,tp,0.004,1,0.8561,3
2022-07-04 20:00:00,LONG,231.62,232.77,tp,0.004,1,0.841,3
2022-07-05 00:00:00,SHORT,233.48,232.32,tp,0.004025,1,0.804,3
2022-07-05 04:00:00,SHORT,233.78,232.61,tp,0.004025,1,0.9589,3
2022-07-05 08:00:00,SHORT,226.99,225.85,tp,0.004025,1,0.9433,3
2022-07-05 12:00:00,LONG,225.31,226.44,tp,0.004,1,0.9212,3
2022-07-05 16:00:00,SHORT,231.48,230.33,tp,0.004025,1,0.8746,3
2022-07-05 20:00:00,LONG,230.92,232.07,tp,0.004,1,0.8699,3
2022-07-06 00:00:00,LONG,232.12,233.28,tp,0.004,1,0.7711,3
2022-07-06 04:00:00,LONG,234.72,235.89,tp,0.004,1,0.7923,3
2022-07-06 08:00:00,LONG,236.72,237.9,tp,0.004,1,0.8777,3
2022-07-06 12:00:00,LONG,236.62,237.8,tp,0.004,1,0.8142,3
2022-07-06 16:00:00,LONG,237.92,239.11,tp,0.004,1,0.7475,3
2022-07-06 20:00:00,SHORT,238.48,237.29,tp,0.004025,1,0.9646,3
2022-07-07 00:00:00,SHORT,236.78,235.6,tp,0.004025,1,0.7091,3
2022-07-07 04:00:00,SHORT,237.08,237.79,sl,-0.003991,0,0.7676,3
2022-07-07 08:00:00,SHORT,237.58,236.39,tp,0.004025,1,0.7562,3
2022-07-07 12:00:00,LONG,240.62,241.82,tp,0.004,1,0.9304,3
2022-07-07 16:00:00,SHORT,243.28,242.06,tp,0.004025,1,0.8093,3
2022-07-07 20:00:00,SHORT,241.28,242.0,sl,-0.003991,0,0.7195,3
2022-07-08 00:00:00,SHORT,244.78,243.55,tp,0.004025,1,0.9154,3
2022-07-08 04:00:00,SHORT,241.38,240.17,tp,0.004025,1,0.7166,3
2022-07-08 08:00:00,SHORT,239.38,238.18,tp,0.004025,1,0.853,3
2022-07-08 12:00:00,SHORT,242.28,241.07,tp,0.004025,1,0.8323,3
2022-07-08 16:00:00,LONG,242.22,243.43,tp,0.004,1,0.6577,3
2022-07-08 20:00:00,LONG,240.82,242.02,tp,0.004,1,0.7399,3
2022-07-10 00:00:00,SHORT,235.58,236.29,sl,-0.003991,0,0.7361,3
2022-07-10 04:00:00,SHORT,236.88,235.7,tp,0.004025,1,0.6678,3
2022-07-10 08:00:00,SHORT,236.18,235.0,tp,0.004025,1,0.7341,3
2022-07-10 12:00:00,SHORT,232.98,231.82,tp,0.004025,1,0.7633,3
2022-07-10 16:00:00,SHORT,234.28,233.11,tp,0.004025,1,0.7723,3
2022-07-10 20:00:00,SHORT,234.58,233.41,tp,0.004025,1,0.682,3
2022-07-11 00:00:00,SHORT,231.58,230.43,tp,0.004025,1,0.7544,3
2022-07-11 04:00:00,LONG,229.91,231.06,tp,0.004,1,0.922,3
2022-07-11 08:00:00,SHORT,231.68,230.53,tp,0.004025,1,0.7207,3
2022-07-11 12:00:00,SHORT,231.58,232.28,sl,-0.003991,0,0.9391,3
2022-07-11 20:00:00,SHORT,225.49,224.36,tp,0.004025,1,0.8217,3
2022-07-12 00:00:00,SHORT,224.69,223.56,tp,0.004025,1,0.8639,3
2022-07-12 04:00:00,SHORT,223.09,221.97,tp,0.004025,1,0.7746,3
2022-07-12 08:00:00,LONG,224.11,225.23,tp,0.004,1,0.8984,3
2022-07-12 12:00:00,LONG,226.61,227.75,tp,0.004,1,0.7663,3
2022-07-12 16:00:00,SHORT,222.29,221.18,tp,0.004025,1,0.7681,3
2022-07-12 20:00:00,LONG,220.71,221.81,tp,0.004,1,0.7506,3
2022-07-13 00:00:00,LONG,223.11,224.23,tp,0.004,1,0.8486,3
2022-07-13 04:00:00,LONG,226.01,227.14,tp,0.004,1,0.7402,3
2022-07-13 08:00:00,LONG,226.71,227.85,tp,0.004,1,0.7103,3
2022-07-13 12:00:00,LONG,222.81,223.93,tp,0.004,1,0.906,3
2022-07-13 16:00:00,LONG,224.91,226.04,tp,0.004,1,0.6736,3
2022-07-13 20:00:00,LONG,230.62,231.77,tp,0.004,1,0.7673,3
2022-07-14 00:00:00,SHORT,232.18,231.02,tp,0.004025,1,0.9423,3
2022-07-14 04:00:00,SHORT,230.38,229.23,tp,0.004025,1,0.6672,3
2022-07-14 08:00:00,LONG,228.61,229.76,tp,0.004,1,0.9292,3
2022-07-14 12:00:00,SHORT,236.18,235.0,tp,0.004025,1,0.9347,3
2022-07-14 16:00:00,SHORT,237.28,237.99,sl,-0.003991,0,0.9562,3
2022-07-14 20:00:00,SHORT,238.38,237.19,tp,0.004025,1,0.7538,3
2022-07-15 00:00:00,SHORT,237.78,236.59,tp,0.004025,1,0.7048,3
2022-07-15 04:00:00,SHORT,238.58,237.39,tp,0.004025,1,0.6855,3
2022-07-15 08:00:00,SHORT,236.88,237.59,sl,-0.003991,0,0.8038,3
2022-07-15 12:00:00,SHORT,237.78,236.59,tp,0.004025,1,0.7456,3
2022-07-15 16:00:00,LONG,241.82,241.1,sl,-0.004,0,0.8404,3
2022-07-15 20:00:00,SHORT,238.38,237.19,tp,0.004025,1,0.8863,3
2022-07-16 04:00:00,LONG,234.62,235.79,tp,0.004,1,0.9368,3
2022-07-16 12:00:00,SHORT,239.78,240.5,sl,-0.003991,0,0.7462,3
2022-07-16 16:00:00,LONG,248.42,249.67,tp,0.004,1,0.8651,3
2022-07-16 20:00:00,LONG,249.92,251.17,tp,0.004,1,0.8373,3
2022-07-17 00:00:00,LONG,254.13,255.4,tp,0.004,1,0.8068,3
2022-07-17 04:00:00,SHORT,252.07,250.81,tp,0.004025,1,0.925,3
2022-07-17 08:00:00,SHORT,254.07,252.8,tp,0.004025,1,0.9196,3
2022-07-17 12:00:00,SHORT,251.07,249.82,tp,0.004025,1,0.8978,3
2022-07-17 16:00:00,LONG,250.12,249.37,sl,-0.004,0,0.938,3
2022-07-17 20:00:00,LONG,247.92,249.16,tp,0.004,1,0.8161,3
2022-07-18 00:00:00,SHORT,253.97,252.7,tp,0.004025,1,0.7943,3
2022-07-18 04:00:00,LONG,261.53,262.84,tp,0.004,1,0.8522,3
2022-07-18 08:00:00,LONG,261.33,262.64,tp,0.004,1,0.8736,3
2022-07-18 12:00:00,SHORT,263.87,262.55,tp,0.004025,1,0.8529,3
2022-07-18 16:00:00,LONG,256.93,258.21,tp,0.004,1,0.8989,3
2022-07-18 20:00:00,SHORT,263.97,262.65,tp,0.004025,1,0.8478,3
2022-07-19 00:00:00,LONG,258.53,259.82,tp,0.004,1,0.8798,3
2022-07-19 04:00:00,LONG,258.33,259.62,tp,0.004,1,0.9024,3
2022-07-19 08:00:00,SHORT,260.57,261.35,sl,-0.003991,0,0.7892,3
2022-07-19 12:00:00,LONG,263.93,265.25,tp,0.004,1,0.8459,3
2022-07-19 16:00:00,SHORT,270.96,269.61,tp,0.004025,1,0.9463,3
2022-07-19 20:00:00,LONG,268.73,267.93,sl,-0.004,0,0.7649,3
2022-07-20 00:00:00,SHORT,267.77,268.57,sl,-0.003991,0,0.7304,3
2022-07-20 04:00:00,LONG,267.23,268.57,tp,0.004,1,0.6957,3
2022-07-20 08:00:00,SHORT,268.97,267.62,tp,0.004025,1,0.7953,3
2022-07-20 12:00:00,SHORT,269.86,268.52,tp,0.004025,1,0.9526,3
2022-07-20 16:00:00,SHORT,263.57,262.25,tp,0.004025,1,0.7997,3
2022-07-20 20:00:00,SHORT,258.07,256.78,tp,0.004025,1,0.8686,3
2022-07-21 00:00:00,LONG,252.83,254.09,tp,0.004,1,0.8373,3
2022-07-21 04:00:00,LONG,255.83,257.11,tp,0.004,1,0.9122,3
2022-07-21 08:00:00,LONG,256.33,257.61,tp,0.004,1,0.7066,3
2022-07-21 12:00:00,LONG,259.03,260.32,tp,0.004,1,0.803,3
2022-07-21 16:00:00,SHORT,264.37,265.16,sl,-0.003991,0,0.7649,3
2022-07-21 20:00:00,LONG,265.73,267.06,tp,0.004,1,0.7404,3
2022-07-22 00:00:00,LONG,264.23,265.55,tp,0.004,1,0.8376,3
2022-07-22 04:00:00,SHORT,267.27,268.07,sl,-0.003991,0,0.709,3
2022-07-22 08:00:00,SHORT,269.47,268.12,tp,0.004025,1,0.9693,3
2022-07-22 12:00:00,LONG,266.03,267.36,tp,0.004,1,0.7776,3
2022-07-22 16:00:00,LONG,261.83,263.14,tp,0.004,1,0.9273,3
2022-07-22 20:00:00,LONG,262.53,263.84,tp,0.004,1,0.738,3
2022-07-23 00:00:00,LONG,266.13,267.46,tp,0.004,1,0.7277,3
2022-07-23 04:00:00,LONG,267.43,268.77,tp,0.004,1,0.7279,3
2022-07-23 08:00:00,SHORT,255.47,256.24,sl,-0.003991,0,0.9068,3
2022-07-23 12:00:00,SHORT,256.67,255.39,tp,0.004025,1,0.8963,3
2022-07-23 16:00:00,LONG,255.73,257.01,tp,0.004,1,0.9303,3
2022-07-23 20:00:00,LONG,259.33,260.63,tp,0.004,1,0.7357,3
2022-07-24 00:00:00,LONG,258.33,259.62,tp,0.004,1,0.7476,3
2022-07-24 04:00:00,LONG,262.73,264.04,tp,0.004,1,0.7205,3
2022-07-24 08:00:00,SHORT,263.47,262.15,tp,0.004025,1,0.9238,3
2022-07-24 12:00:00,SHORT,264.67,263.34,tp,0.004025,1,0.6831,3
2022-07-24 20:00:00,SHORT,261.27,259.96,tp,0.004025,1,0.8764,3
2022-07-25 00:00:00,LONG,255.43,254.66,sl,-0.004,0,0.7358,3
2022-07-25 04:00:00,LONG,255.33,256.6,tp,0.004,1,0.8758,3
2022-07-25 08:00:00,SHORT,255.67,254.39,tp,0.004025,1,0.6984,3
2022-07-25 12:00:00,SHORT,256.07,254.79,tp,0.004025,1,0.7964,3
2022-07-25 16:00:00,SHORT,252.47,251.21,tp,0.004025,1,0.7912,3
2022-07-25 20:00:00,SHORT,244.48,243.26,tp,0.004025,1,0.8503,3
2022-07-26 00:00:00,LONG,244.22,243.49,sl,-0.004,0,0.9202,3
2022-07-26 04:00:00,SHORT,242.78,243.51,sl,-0.003991,0,0.8134,3
2022-07-26 08:00:00,SHORT,243.18,241.96,tp,0.004025,1,0.8212,3
2022-07-26 12:00:00,LONG,240.12,241.32,tp,0.004,1,0.9431,3
2022-07-26 16:00:00,LONG,243.12,244.34,tp,0.004,1,0.7788,3
2022-07-26 20:00:00,SHORT,249.28,248.03,tp,0.004025,1,0.8254,3
2022-07-27 00:00:00,LONG,251.53,252.78,tp,0.004,1,0.8725,3
2022-07-27 04:00:00,LONG,252.73,253.99,tp,0.004,1,0.8762,3
2022-07-27 08:00:00,LONG,252.73,253.99,tp,0.004,1,0.8287,3
2022-07-27 12:00:00,LONG,258.73,260.02,tp,0.004,1,0.8985,3
2022-07-27 16:00:00,SHORT,268.27,269.07,sl,-0.003991,0,0.9059,3
2022-07-27 20:00:00,SHORT,271.46,270.11,tp,0.004025,1,0.8942,3
2022-07-28 00:00:00,SHORT,269.17,267.82,tp,0.004025,1,0.8754,3
2022-07-28 04:00:00,LONG,267.83,269.17,tp,0.004,1,0.7281,3
2022-07-28 08:00:00,SHORT,269.17,267.82,tp,0.004025,1,0.8433,3
2022-07-28 12:00:00,LONG,276.64,278.02,tp,0.004,1,0.9186,3
2022-07-28 16:00:00,LONG,276.44,277.82,tp,0.004,1,0.8682,3
2022-07-28 20:00:00,LONG,277.34,278.73,tp,0.004,1,0.7649,3
2022-07-29 04:00:00,LONG,278.04,279.43,tp,0.004,1,0.8164,3
2022-07-29 08:00:00,LONG,284.74,286.17,tp,0.004,1,0.887,3
2022-07-29 12:00:00,SHORT,298.45,296.96,tp,0.004025,1,0.9543,3
2022-07-29 16:00:00,SHORT,296.65,295.17,tp,0.004025,1,0.9344,3
2022-07-29 20:00:00,LONG,293.75,295.22,tp,0.004,1,0.8517,3
2022-07-30 00:00:00,LONG,295.15,294.26,sl,-0.004,0,0.7774,3
2022-07-30 04:00:00,SHORT,290.65,289.2,tp,0.004025,1,0.8129,3
2022-07-30 08:00:00,LONG,288.84,290.29,tp,0.004,1,0.9491,3
2022-07-30 12:00:00,SHORT,298.95,297.46,tp,0.004025,1,0.9166,3
2022-07-30 16:00:00,SHORT,290.95,289.5,tp,0.004025,1,0.9088,3
2022-07-30 20:00:00,LONG,287.94,289.38,tp,0.004,1,0.9577,3
2022-07-31 00:00:00,LONG,292.95,294.41,tp,0.004,1,0.7602,3
2022-07-31 04:00:00,SHORT,291.45,290.0,tp,0.004025,1,0.9169,3
2022-07-31 08:00:00,SHORT,292.75,291.29,tp,0.004025,1,0.6782,3
2022-07-31 12:00:00,SHORT,290.95,289.5,tp,0.004025,1,0.773,3
2022-07-31 16:00:00,SHORT,289.06,287.61,tp,0.004025,1,0.8579,3
2022-07-31 20:00:00,LONG,283.54,284.96,tp,0.004,1,0.9496,3
2022-08-01 00:00:00,LONG,287.64,286.78,sl,-0.004,0,0.6942,3
2022-08-01 04:00:00,SHORT,287.86,286.42,tp,0.004025,1,0.7521,3
2022-08-01 08:00:00,SHORT,285.86,284.43,tp,0.004025,1,0.7684,3
2022-08-01 12:00:00,SHORT,285.96,284.53,tp,0.004025,1,0.8949,3
2022-08-01 16:00:00,SHORT,280.06,280.9,sl,-0.003991,0,0.8663,3
2022-08-01 20:00:00,SHORT,283.06,281.64,tp,0.004025,1,0.7883,3
2022-08-02 00:00:00,SHORT,275.76,274.38,tp,0.004025,1,0.8355,3
2022-08-02 04:00:00,LONG,279.64,281.04,tp,0.004,1,0.9241,3
2022-08-02 08:00:00,SHORT,279.76,278.36,tp,0.004025,1,0.7993,3
2022-08-02 12:00:00,LONG,285.14,286.57,tp,0.004,1,0.8478,3
2022-08-02 16:00:00,SHORT,285.76,284.33,tp,0.004025,1,0.919,3
2022-08-02 20:00:00,LONG,283.94,283.09,sl,-0.004,0,0.7848,3
2022-08-03 00:00:00,LONG,283.24,284.66,tp,0.004,1,0.8871,3
2022-08-03 04:00:00,LONG,288.14,289.58,tp,0.004,1,0.7616,3
2022-08-03 08:00:00,LONG,291.25,292.7,tp,0.004,1,0.8041,3
2022-08-03 12:00:00,LONG,298.15,299.64,tp,0.004,1,0.8888,3
2022-08-03 16:00:00,LONG,302.65,301.74,sl,-0.004,0,0.9217,3
2022-08-03 20:00:00,LONG,297.65,299.14,tp,0.004,1,0.8416,3
2022-08-04 00:00:00,SHORT,306.35,304.82,tp,0.004025,1,0.7875,3
2022-08-04 04:00:00,SHORT,303.25,301.73,tp,0.004025,1,0.9438,3
2022-08-04 08:00:00,SHORT,300.35,301.25,sl,-0.003991,0,0.8994,3
2022-08-04 12:00:00,SHORT,302.85,301.33,tp,0.004025,1,0.8408,3
2022-08-04 16:00:00,SHORT,310.44,308.89,tp,0.004025,1,0.8926,3
2022-08-04 20:00:00,LONG,311.96,313.52,tp,0.004,1,0.835,3
2022-08-05 00:00:00,LONG,313.46,315.02,tp,0.004,1,0.7571,3
2022-08-05 04:00:00,SHORT,316.74,317.69,sl,-0.003991,0,0.7711,3
2022-08-05 08:00:00,SHORT,317.54,315.95,tp,0.004025,1,0.9591,3
2022-08-05 12:00:00,SHORT,312.94,311.38,tp,0.004025,1,0.89,3
2022-08-05 16:00:00,LONG,314.66,316.23,tp,0.004,1,0.8926,3
2022-08-05 20:00:00,SHORT,315.74,316.69,sl,-0.003991,0,0.8589,3
2022-08-06 00:00:00,SHORT,314.94,313.37,tp,0.004025,1,0.9179,3
2022-08-06 04:00:00,SHORT,315.04,313.47,tp,0.004025,1,0.682,3
2022-08-06 16:00:00,SHORT,318.54,316.95,tp,0.004025,1,0.9035,3
2022-08-06 20:00:00,SHORT,315.04,313.47,tp,0.004025,1,0.7143,3
2022-08-07 00:00:00,LONG,310.96,312.51,tp,0.004,1,0.9022,3
2022-08-07 08:00:00,SHORT,315.34,316.29,sl,-0.003991,0,0.7924,3
2022-08-07 12:00:00,LONG,322.46,324.07,tp,0.004,1,0.8408,3
2022-08-07 16:00:00,LONG,322.76,324.38,tp,0.004,1,0.8234,3
2022-08-07 20:00:00,LONG,322.96,324.58,tp,0.004,1,0.6719,3
2022-08-08 00:00:00,LONG,325.76,327.39,tp,0.004,1,0.7805,3
2022-08-08 04:00:00,SHORT,328.54,326.89,tp,0.004025,1,0.7496,3
2022-08-08 08:00:00,LONG,330.57,332.22,tp,0.004,1,0.7578,3
2022-08-08 12:00:00,SHORT,325.04,323.41,tp,0.004025,1,0.9072,3
2022-08-08 16:00:00,SHORT,327.44,325.8,tp,0.004025,1,0.8158,3
2022-08-08 20:00:00,LONG,325.06,324.09,sl,-0.004,0,0.927,3
2022-08-09 00:00:00,LONG,324.66,326.29,tp,0.004,1,0.6894,3
2022-08-09 04:00:00,LONG,325.76,324.79,sl,-0.004,0,0.6665,3
2022-08-09 08:00:00,SHORT,317.44,315.85,tp,0.004025,1,0.8479,3
2022-08-09 12:00:00,LONG,316.16,317.74,tp,0.004,1,0.9122,3
2022-08-09 16:00:00,SHORT,320.24,321.2,sl,-0.003991,0,0.7703,3
2022-08-09 20:00:00,SHORT,324.24,322.62,tp,0.004025,1,0.9277,3
2022-08-10 00:00:00,LONG,315.16,316.73,tp,0.004,1,0.9485,3
2022-08-10 04:00:00,LONG,322.06,321.09,sl,-0.004,0,0.7921,3
2022-08-10 08:00:00,LONG,317.66,319.25,tp,0.004,1,0.7984,3
2022-08-10 12:00:00,SHORT,333.13,331.47,tp,0.004025,1,0.953,3
2022-08-10 16:00:00,LONG,327.16,328.8,tp,0.004,1,0.9273,3
2022-08-10 20:00:00,LONG,328.96,330.61,tp,0.004,1,0.7788,3
2022-08-11 00:00:00,LONG,332.07,333.73,tp,0.004,1,0.7833,3
2022-08-11 04:00:00,LONG,330.77,329.77,sl,-0.004,0,0.7651,3
2022-08-11 08:00:00,SHORT,330.03,328.38,tp,0.004025,1,0.7565,3
2022-08-11 12:00:00,SHORT,324.84,325.81,sl,-0.003991,0,0.9064,3
2022-08-11 16:00:00,LONG,326.16,325.18,sl,-0.004,0,0.7071,3
2022-08-11 20:00:00,LONG,323.76,325.38,tp,0.004,1,0.7962,3
2022-08-12 00:00:00,LONG,323.96,322.99,sl,-0.004,0,0.6604,3
2022-08-12 04:00:00,LONG,323.56,325.18,tp,0.004,1,0.6848,3
2022-08-12 08:00:00,LONG,319.26,320.86,tp,0.004,1,0.9249,3
2022-08-12 12:00:00,SHORT,323.24,321.62,tp,0.004025,1,0.7036,3
2022-08-12 16:00:00,LONG,325.36,326.99,tp,0.004,1,0.6852,3
2022-08-12 20:00:00,SHORT,327.74,326.1,tp,0.004025,1,0.702,3
2022-08-13 04:00:00,LONG,327.76,329.4,tp,0.004,1,0.721,3
2022-08-13 08:00:00,SHORT,331.13,329.48,tp,0.004025,1,0.9119,3
2022-08-13 12:00:00,SHORT,327.94,326.3,tp,0.004025,1,0.6836,3
2022-08-13 16:00:00,LONG,324.46,326.08,tp,0.004,1,0.7659,3
2022-08-13 20:00:00,LONG,324.46,326.08,tp,0.004,1,0.834,3
2022-08-14 04:00:00,SHORT,329.54,327.89,tp,0.004025,1,0.8904,3
2022-08-14 12:00:00,SHORT,322.64,321.03,tp,0.004025,1,0.7434,3
2022-08-14 16:00:00,SHORT,319.04,317.45,tp,0.004025,1,0.8099,3
2022-08-14 20:00:00,LONG,317.76,319.35,tp,0.004,1,0.7779,3
2022-08-15 00:00:00,SHORT,323.74,322.12,tp,0.004025,1,0.8584,3
2022-08-15 04:00:00,LONG,316.86,318.44,tp,0.004,1,0.7678,3
2022-08-15 08:00:00,LONG,316.16,317.74,tp,0.004,1,0.943,3
2022-08-15 12:00:00,SHORT,319.44,317.84,tp,0.004025,1,0.841,3
2022-08-15 16:00:00,LONG,317.46,319.05,tp,0.004,1,0.7061,3
2022-08-15 20:00:00,SHORT,319.34,317.74,tp,0.004025,1,0.7161,3
2022-08-16 00:00:00,SHORT,318.14,316.55,tp,0.004025,1,0.7078,3
2022-08-16 04:00:00,SHORT,317.54,318.49,sl,-0.003991,0,0.721,3
2022-08-16 08:00:00,SHORT,317.14,315.56,tp,0.004025,1,0.6847,3
2022-08-16 12:00:00,SHORT,315.64,314.06,tp,0.004025,1,0.7914,3
2022-08-16 16:00:00,LONG,315.66,317.24,tp,0.004,1,0.7966,3
2022-08-16 20:00:00,SHORT,315.94,316.89,sl,-0.003991,0,0.6939,3
2022-08-17 04:00:00,SHORT,315.74,314.16,tp,0.004025,1,0.8498,3
2022-08-17 08:00:00,SHORT,313.34,311.78,tp,0.004025,1,0.7837,3
2022-08-17 12:00:00,SHORT,307.05,307.97,sl,-0.003991,0,0.9023,3
2022-08-17 16:00:00,SHORT,307.75,306.21,tp,0.004025,1,0.779,3
2022-08-17 20:00:00,SHORT,306.75,305.21,tp,0.004025,1,0.8246,3
2022-08-18 00:00:00,LONG,306.55,305.63,sl,-0.004,0,0.8852,3
2022-08-18 04:00:00,LONG,307.85,309.39,tp,0.004,1,0.7413,3
2022-08-18 12:00:00,SHORT,305.25,303.72,tp,0.004025,1,0.7865,3
2022-08-18 16:00:00,LONG,303.65,302.74,sl,-0.004,0,0.6797,3
2022-08-18 20:00:00,SHORT,297.95,296.46,tp,0.004025,1,0.8359,3
2022-08-19 00:00:00,SHORT,291.55,290.1,tp,0.004025,1,0.9311,3
2022-08-19 04:00:00,LONG,282.84,284.26,tp,0.004,1,0.9145,3
2022-08-19 08:00:00,SHORT,281.96,280.55,tp,0.004025,1,0.9039,3
2022-08-19 12:00:00,SHORT,283.76,284.61,sl,-0.003991,0,0.8795,3
2022-08-19 16:00:00,SHORT,286.16,284.73,tp,0.004025,1,0.9047,3
2022-08-19 20:00:00,LONG,279.24,280.64,tp,0.004,1,0.9518,3
2022-08-20 00:00:00,LONG,286.04,287.47,tp,0.004,1,0.7821,3
2022-08-20 04:00:00,SHORT,287.56,286.12,tp,0.004025,1,0.9065,3
2022-08-20 08:00:00,LONG,287.24,286.38,sl,-0.004,0,0.6874,3
2022-08-20 16:00:00,SHORT,279.36,277.96,tp,0.004025,1,0.8096,3
2022-08-20 20:00:00,LONG,283.84,285.26,tp,0.004,1,0.8815,3
2022-08-21 00:00:00,LONG,286.94,288.38,tp,0.004,1,0.8234,3
2022-08-21 04:00:00,LONG,296.75,298.23,tp,0.004,1,0.7758,3
2022-08-21 08:00:00,SHORT,295.95,296.84,sl,-0.003991,0,0.8926,3
2022-08-21 12:00:00,LONG,298.65,297.75,sl,-0.004,0,0.7321,3
2022-08-21 16:00:00,LONG,299.25,300.75,tp,0.004,1,0.7168,3
2022-08-21 20:00:00,LONG,302.05,303.56,tp,0.004,1,0.7969,3
2022-08-22 00:00:00,SHORT,296.55,295.07,tp,0.004025,1,0.9139,3
2022-08-22 04:00:00,SHORT,291.35,289.9,tp,0.004025,1,0.8648,3
2022-08-22 08:00:00,LONG,296.15,297.63,tp,0.004,1,0.9061,3
2022-08-22 12:00:00,SHORT,298.65,297.16,tp,0.004025,1,0.9453,3
2022-08-22 16:00:00,SHORT,295.95,296.84,sl,-0.003991,0,0.8428,3
2022-08-22 20:00:00,LONG,300.15,301.65,tp,0.004,1,0.7972,3
2022-08-23 00:00:00,LONG,298.85,297.95,sl,-0.004,0,0.6804,3
2022-08-23 04:00:00,LONG,298.95,300.44,tp,0.004,1,0.7237,3
2022-08-23 08:00:00,SHORT,298.45,296.96,tp,0.004025,1,0.7424,3
2022-08-23 12:00:00,SHORT,298.05,296.56,tp,0.004025,1,0.7724,3
2022-08-23 16:00:00,SHORT,298.15,299.05,sl,-0.003991,0,0.6901,3
2022-08-23 20:00:00,SHORT,299.15,297.65,tp,0.004025,1,0.9254,3
2022-08-24 00:00:00,LONG,297.65,299.14,tp,0.004,1,0.8209,3
2022-08-24 04:00:00,LONG,295.45,296.92,tp,0.004,1,0.7149,3
2022-08-24 08:00:00,SHORT,296.95,295.47,tp,0.004025,1,0.737,3
2022-08-24 16:00:00,SHORT,298.55,297.06,tp,0.004025,1,0.8562,3
2022-08-24 20:00:00,SHORT,296.25,297.14,sl,-0.003991,0,0.6682,3
2022-08-25 04:00:00,SHORT,304.85,303.32,tp,0.004025,1,0.9166,3
2022-08-25 08:00:00,LONG,304.25,303.34,sl,-0.004,0,0.7553,3
2022-08-25 12:00:00,LONG,301.65,300.75,sl,-0.004,0,0.781,3
2022-08-25 20:00:00,LONG,301.35,300.45,sl,-0.004,0,0.6808,3
2022-08-26 00:00:00,SHORT,299.25,297.75,tp,0.004025,1,0.8161,3
2022-08-26 04:00:00,SHORT,296.35,294.87,tp,0.004025,1,0.812,3
2022-08-26 08:00:00,SHORT,293.65,292.18,tp,0.004025,1,0.9029,3
2022-08-26 12:00:00,SHORT,287.96,286.52,tp,0.004025,1,0.9097,3
2022-08-26 16:00:00,SHORT,285.16,283.73,tp,0.004025,1,0.9297,3
2022-08-26 20:00:00,SHORT,279.46,280.3,sl,-0.003991,0,0.9409,3
2022-08-27 00:00:00,SHORT,280.66,279.26,tp,0.004025,1,0.7721,3
2022-08-27 04:00:00,LONG,282.84,284.26,tp,0.004,1,0.9205,3
2022-08-27 08:00:00,SHORT,282.76,281.34,tp,0.004025,1,0.8973,3
2022-08-27 12:00:00,LONG,280.54,279.7,sl,-0.004,0,0.812,3
2022-08-27 16:00:00,SHORT,277.76,276.37,tp,0.004025,1,0.8016,3
2022-08-27 20:00:00,LONG,278.04,279.43,tp,0.004,1,0.8674,3
2022-08-28 00:00:00,LONG,277.44,278.83,tp,0.004,1,0.7776,3
2022-08-28 04:00:00,LONG,279.84,279.0,sl,-0.004,0,0.6797,3
2022-08-28 16:00:00,SHORT,281.46,280.05,tp,0.004025,1,0.8628,3
2022-08-28 20:00:00,LONG,276.64,278.02,tp,0.004,1,0.7591,3
2022-08-29 08:00:00,LONG,273.64,275.0,tp,0.004,1,0.9113,3
2022-08-29 12:00:00,LONG,284.54,285.96,tp,0.004,1,0.7872,3
2022-08-29 16:00:00,LONG,281.14,282.55,tp,0.004,1,0.8641,3
2022-08-29 20:00:00,LONG,286.04,287.47,tp,0.004,1,0.814,3
2022-08-30 00:00:00,LONG,287.34,288.78,tp,0.004,1,0.8502,3
2022-08-30 04:00:00,LONG,290.85,289.97,sl,-0.004,0,0.8241,3
2022-08-30 08:00:00,SHORT,289.56,288.11,tp,0.004025,1,0.9261,3
2022-08-30 12:00:00,SHORT,281.46,280.05,tp,0.004025,1,0.9062,3
2022-08-30 16:00:00,LONG,282.54,283.95,tp,0.004,1,0.7706,3
2022-08-30 20:00:00,LONG,281.74,283.15,tp,0.004,1,0.7644,3
2022-08-31 00:00:00,SHORT,288.56,287.11,tp,0.004025,1,0.7472,3
2022-08-31 04:00:00,SHORT,286.06,284.63,tp,0.004025,1,0.9317,3
2022-08-31 08:00:00,SHORT,286.36,284.92,tp,0.004025,1,0.7724,3
2022-08-31 12:00:00,SHORT,282.36,280.95,tp,0.004025,1,0.8365,3
2022-08-31 16:00:00,SHORT,282.16,280.75,tp,0.004025,1,0.8463,3
2022-08-31 20:00:00,SHORT,279.06,277.67,tp,0.004025,1,0.8086,3
2022-09-01 00:00:00,SHORT,277.46,276.07,tp,0.004025,1,0.7601,3
2022-09-01 04:00:00,LONG,275.54,276.92,tp,0.004,1,0.7759,3
2022-09-01 08:00:00,SHORT,278.26,276.87,tp,0.004025,1,0.7557,3
2022-09-01 12:00:00,LONG,272.54,273.9,tp,0.004,1,0.946,3
2022-09-01 16:00:00,LONG,276.04,277.42,tp,0.004,1,0.7951,3
2022-09-01 20:00:00,LONG,278.44,279.83,tp,0.004,1,0.7913,3
2022-09-02 00:00:00,SHORT,278.86,277.47,tp,0.004025,1,0.9328,3
2022-09-02 08:00:00,SHORT,278.86,279.7,sl,-0.003991,0,0.6651,3
2022-09-02 12:00:00,SHORT,281.96,280.55,tp,0.004025,1,0.9433,3
2022-09-02 16:00:00,SHORT,275.16,273.79,tp,0.004025,1,0.7865,3
2022-09-02 20:00:00,LONG,277.64,276.81,sl,-0.004,0,0.8902,3
2022-09-03 00:00:00,LONG,276.64,275.81,sl,-0.004,0,0.6634,3
2022-09-03 04:00:00,LONG,275.74,277.12,tp,0.004,1,0.6912,3
2022-09-04 00:00:00,SHORT,277.46,276.07,tp,0.004025,1,0.7933,3
2022-09-04 08:00:00,LONG,279.24,278.4,sl,-0.004,0,0.6739,3
2022-09-04 12:00:00,SHORT,277.86,278.69,sl,-0.003991,0,0.8282,3
2022-09-05 00:00:00,SHORT,278.46,277.07,tp,0.004025,1,0.7336,3
2022-09-05 08:00:00,LONG,274.94,276.31,tp,0.004,1,0.8496,3
2022-09-06 00:00:00,SHORT,279.46,280.3,sl,-0.003991,0,0.8538,3
2022-09-06 08:00:00,SHORT,281.46,280.05,tp,0.004025,1,0.7119,3
2022-09-06 12:00:00,SHORT,281.16,279.75,tp,0.004025,1,0.7866,3
2022-09-06 16:00:00,SHORT,265.67,264.34,tp,0.004025,1,0.9204,3
2022-09-06 20:00:00,SHORT,262.37,261.06,tp,0.004025,1,0.8666,3
2022-09-07 00:00:00,LONG,263.13,264.45,tp,0.004,1,0.8974,3
2022-09-07 04:00:00,LONG,264.43,263.64,sl,-0.004,0,0.8192,3
2022-09-07 08:00:00,LONG,263.63,264.95,tp,0.004,1,0.8615,3
2022-09-07 12:00:00,LONG,267.23,268.57,tp,0.004,1,0.9144,3
2022-09-07 16:00:00,LONG,270.74,272.09,tp,0.004,1,0.8139,3
2022-09-07 20:00:00,LONG,279.04,280.43,tp,0.004,1,0.8593,3
2022-09-08 00:00:00,SHORT,279.26,277.86,tp,0.004025,1,0.8152,3
2022-09-08 04:00:00,LONG,276.84,278.22,tp,0.004,1,0.7314,3
2022-09-08 08:00:00,SHORT,278.46,277.07,tp,0.004025,1,0.7192,3
2022-09-08 12:00:00,SHORT,279.76,278.36,tp,0.004025,1,0.8519,3
2022-09-08 16:00:00,SHORT,281.06,279.65,tp,0.004025,1,0.7442,3
2022-09-08 20:00:00,LONG,280.64,282.04,tp,0.004,1,0.6537,3
2022-09-09 00:00:00,LONG,285.74,287.17,tp,0.004,1,0.7655,3
2022-09-09 04:00:00,SHORT,290.75,289.3,tp,0.004025,1,0.8294,3
2022-09-09 08:00:00,LONG,291.95,293.41,tp,0.004,1,0.8714,3
2022-09-09 12:00:00,SHORT,292.15,290.69,tp,0.004025,1,0.8419,3
2022-09-09 16:00:00,SHORT,291.55,290.1,tp,0.004025,1,0.7576,3
2022-09-09 20:00:00,LONG,293.55,292.67,sl,-0.004,0,0.8207,3
2022-09-10 00:00:00,SHORT,293.45,294.33,sl,-0.003991,0,0.6678,3
2022-09-10 04:00:00,SHORT,292.35,293.23,sl,-0.003991,0,0.8115,3
2022-09-10 08:00:00,SHORT,293.85,292.38,tp,0.004025,1,0.7796,3
2022-09-10 12:00:00,LONG,293.25,294.71,tp,0.004,1,0.8451,3
2022-09-10 16:00:00,SHORT,294.65,293.18,tp,0.004025,1,0.7449,3
2022-09-10 20:00:00,SHORT,296.55,295.07,tp,0.004025,1,0.9299,3
2022-09-11 00:00:00,LONG,294.55,293.66,sl,-0.004,0,0.6838,3
2022-09-11 04:00:00,LONG,295.45,294.56,sl,-0.004,0,0.8112,3
2022-09-11 08:00:00,SHORT,296.15,294.67,tp,0.004025,1,0.7098,3
2022-09-11 12:00:00,SHORT,294.35,295.24,sl,-0.003991,0,0.7306,3
2022-09-11 20:00:00,LONG,295.45,296.92,tp,0.004,1,0.7464,3
2022-09-12 00:00:00,LONG,293.15,294.61,tp,0.004,1,0.7556,3
2022-09-12 04:00:00,LONG,296.35,297.83,tp,0.004,1,0.6559,3
2022-09-12 08:00:00,SHORT,298.75,297.26,tp,0.004025,1,0.9409,3
2022-09-12 12:00:00,SHORT,293.25,291.79,tp,0.004025,1,0.7462,3
2022-09-12 16:00:00,SHORT,294.35,292.88,tp,0.004025,1,0.7021,3
2022-09-12 20:00:00,SHORT,293.95,292.48,tp,0.004025,1,0.6692,3
2022-09-13 00:00:00,LONG,293.25,294.71,tp,0.004,1,0.7943,3
2022-09-13 04:00:00,SHORT,293.55,294.43,sl,-0.003991,0,0.7575,3
2022-09-13 08:00:00,SHORT,295.25,293.78,tp,0.004025,1,0.7753,3
2022-09-13 12:00:00,SHORT,282.96,281.54,tp,0.004025,1,0.9452,3
2022-09-13 16:00:00,SHORT,279.56,278.16,tp,0.004025,1,0.8813,3
2022-09-13 20:00:00,LONG,277.54,278.93,tp,0.004,1,0.9426,3
2022-09-14 00:00:00,LONG,280.14,281.54,tp,0.004,1,0.735,3
2022-09-14 04:00:00,LONG,279.24,280.64,tp,0.004,1,0.7862,3
2022-09-14 08:00:00,SHORT,279.46,278.06,tp,0.004025,1,0.6752,3
2022-09-14 12:00:00,SHORT,279.36,277.96,tp,0.004025,1,0.8835,3
2022-09-14 16:00:00,LONG,277.64,279.03,tp,0.004,1,0.8684,3
2022-09-14 20:00:00,SHORT,279.16,277.76,tp,0.004025,1,0.7666,3
2022-09-15 00:00:00,SHORT,276.06,274.68,tp,0.004025,1,0.8888,3
2022-09-15 04:00:00,SHORT,276.96,275.58,tp,0.004025,1,0.8019,3
2022-09-15 08:00:00,SHORT,275.46,274.08,tp,0.004025,1,0.8641,3
2022-09-15 12:00:00,LONG,269.93,271.28,tp,0.004,1,0.8891,3
2022-09-15 16:00:00,SHORT,271.46,270.11,tp,0.004025,1,0.6908,3
2022-09-15 20:00:00,SHORT,270.96,269.61,tp,0.004025,1,0.7209,3
2022-09-16 00:00:00,LONG,273.34,274.7,tp,0.004,1,0.8215,3
2022-09-16 08:00:00,SHORT,276.16,274.78,tp,0.004025,1,0.9186,3
2022-09-16 12:00:00,SHORT,274.96,273.59,tp,0.004025,1,0.7231,3
2022-09-16 16:00:00,LONG,273.34,274.7,tp,0.004,1,0.7461,3
2022-09-16 20:00:00,SHORT,274.76,275.59,sl,-0.003991,0,0.6722,3
2022-09-17 00:00:00,SHORT,276.16,276.99,sl,-0.003991,0,0.8491,3
2022-09-17 16:00:00,SHORT,278.56,279.4,sl,-0.003991,0,0.8653,3
2022-09-17 20:00:00,SHORT,278.96,277.57,tp,0.004025,1,0.6649,3
2022-09-18 08:00:00,SHORT,276.46,275.08,tp,0.004025,1,0.7473,3
2022-09-18 12:00:00,SHORT,275.16,273.79,tp,0.004025,1,0.7559,3
2022-09-18 16:00:00,SHORT,272.66,271.3,tp,0.004025,1,0.6655,3
2022-09-18 20:00:00,SHORT,266.07,264.74,tp,0.004025,1,0.7793,3
2022-09-19 00:00:00,LONG,261.93,261.15,sl,-0.004,0,0.6834,3
2022-09-19 04:00:00,LONG,259.73,261.03,tp,0.004,1,0.8697,3
2022-09-19 08:00:00,LONG,262.13,263.44,tp,0.004,1,0.75,3
2022-09-19 12:00:00,LONG,266.23,267.56,tp,0.004,1,0.889,3
2022-09-19 16:00:00,LONG,269.03,270.38,tp,0.004,1,0.8595,3
2022-09-19 20:00:00,LONG,272.04,273.4,tp,0.004,1,0.7984,3
2022-09-20 00:00:00,SHORT,269.27,270.07,sl,-0.003991,0,0.8645,3
2022-09-20 04:00:00,SHORT,270.06,268.71,tp,0.004025,1,0.6851,3
2022-09-20 08:00:00,SHORT,270.06,268.71,tp,0.004025,1,0.8449,3
2022-09-20 12:00:00,SHORT,270.16,268.81,tp,0.004025,1,0.8284,3
2022-09-20 16:00:00,LONG,268.53,267.73,sl,-0.004,0,0.7507,3
2022-09-20 20:00:00,LONG,266.43,267.77,tp,0.004,1,0.6966,3
2022-09-21 04:00:00,LONG,266.03,267.36,tp,0.004,1,0.9112,3
2022-09-21 08:00:00,SHORT,269.27,267.92,tp,0.004025,1,0.7527,3
2022-09-21 16:00:00,SHORT,268.77,267.42,tp,0.004025,1,0.8265,3
2022-09-21 20:00:00,LONG,264.13,265.45,tp,0.004,1,0.901,3
2022-09-22 00:00:00,LONG,265.33,266.66,tp,0.004,1,0.6557,3
2022-09-22 04:00:00,SHORT,266.77,267.57,sl,-0.003991,0,0.7258,3
2022-09-22 08:00:00,SHORT,270.06,268.71,tp,0.004025,1,0.8309,3
2022-09-22 12:00:00,SHORT,268.27,266.92,tp,0.004025,1,0.6827,3
2022-09-22 16:00:00,LONG,274.44,275.81,tp,0.004,1,0.7765,3
2022-09-22 20:00:00,LONG,275.44,274.61,sl,-0.004,0,0.8264,3
2022-09-23 00:00:00,SHORT,274.56,275.39,sl,-0.003991,0,0.7809,3
2022-09-23 04:00:00,SHORT,274.66,273.29,tp,0.004025,1,0.9339,3
2022-09-23 08:00:00,SHORT,272.66,271.3,tp,0.004025,1,0.906,3
2022-09-23 12:00:00,SHORT,271.16,269.81,tp,0.004025,1,0.9108,3
2022-09-23 16:00:00,LONG,271.84,273.2,tp,0.004,1,0.7876,3
2022-09-23 20:00:00,SHORT,276.56,277.39,sl,-0.003991,0,0.8568,3
2022-09-24 00:00:00,SHORT,278.76,279.6,sl,-0.003991,0,0.7143,3
2022-09-24 04:00:00,SHORT,280.56,281.4,sl,-0.003991,0,0.8393,3
2022-09-24 16:00:00,SHORT,278.16,276.77,tp,0.004025,1,0.7185,3
2022-09-24 20:00:00,LONG,274.54,275.91,tp,0.004,1,0.7018,3
2022-09-25 00:00:00,LONG,276.54,277.92,tp,0.004,1,0.7795,3
2022-09-25 08:00:00,SHORT,278.06,276.67,tp,0.004025,1,0.7842,3
2022-09-25 20:00:00,SHORT,274.16,272.79,tp,0.004025,1,0.7702,3
2022-09-26 00:00:00,SHORT,272.86,271.5,tp,0.004025,1,0.7276,3
2022-09-26 04:00:00,LONG,273.44,274.8,tp,0.004,1,0.8569,3
2022-09-26 08:00:00,SHORT,272.26,273.08,sl,-0.003991,0,0.8887,3
2022-09-26 12:00:00,SHORT,274.36,272.99,tp,0.004025,1,0.6713,3
2022-09-26 20:00:00,SHORT,275.96,276.79,sl,-0.003991,0,0.6974,3
2022-09-27 00:00:00,LONG,283.64,285.06,tp,0.004,1,0.7044,3
2022-09-27 04:00:00,SHORT,284.96,283.53,tp,0.004025,1,0.9457,3
2022-09-27 12:00:00,SHORT,280.76,279.36,tp,0.004025,1,0.6624,3
2022-09-27 16:00:00,SHORT,271.56,272.38,sl,-0.003991,0,0.8304,3
2022-09-27 20:00:00,SHORT,272.16,270.8,tp,0.004025,1,0.6854,3
2022-09-28 00:00:00,LONG,270.34,269.52,sl,-0.004,0,0.9184,3
2022-09-28 08:00:00,LONG,272.74,274.1,tp,0.004,1,0.7155,3
2022-09-28 12:00:00,LONG,278.54,279.93,tp,0.004,1,0.8279,3
2022-09-28 16:00:00,LONG,280.24,281.64,tp,0.004,1,0.8476,3
2022-09-28 20:00:00,LONG,281.74,283.15,tp,0.004,1,0.7212,3
2022-10-02 08:00:00,LONG,283.04,282.19,sl,-0.004,0,0.6731,4
2022-10-02 20:00:00,SHORT,284.56,283.13,tp,0.004025,1,0.7397,4
2022-10-03 00:00:00,LONG,285.44,286.87,tp,0.004,1,0.683,4
2022-10-03 04:00:00,LONG,285.54,284.69,sl,-0.004,0,0.696,4
2022-10-03 12:00:00,LONG,286.54,287.98,tp,0.004,1,0.681,4
2022-10-04 00:00:00,LONG,287.74,289.18,tp,0.004,1,0.7114,4
2022-10-04 04:00:00,LONG,291.05,292.5,tp,0.004,1,0.8021,4
2022-10-04 08:00:00,LONG,292.05,293.51,tp,0.004,1,0.865,4
2022-10-04 12:00:00,LONG,294.25,295.72,tp,0.004,1,0.8749,4
2022-10-04 16:00:00,LONG,296.75,295.86,sl,-0.004,0,0.7706,4
2022-10-04 20:00:00,SHORT,296.05,294.57,tp,0.004025,1,0.859,4
2022-10-05 00:00:00,SHORT,294.65,295.54,sl,-0.003991,0,0.6578,4
2022-10-05 08:00:00,LONG,292.05,291.17,sl,-0.004,0,0.6658,4
2022-10-05 12:00:00,LONG,292.85,294.31,tp,0.004,1,0.7664,4
2022-10-05 16:00:00,LONG,293.35,292.47,sl,-0.004,0,0.6764,4
2022-10-06 00:00:00,SHORT,296.15,294.67,tp,0.004025,1,0.86,4
2022-10-06 08:00:00,SHORT,294.95,293.48,tp,0.004025,1,0.7166,4
2022-10-06 12:00:00,SHORT,293.55,294.43,sl,-0.003991,0,0.7812,4
2022-10-06 20:00:00,LONG,287.14,286.28,sl,-0.004,0,0.8168,4
2022-10-07 00:00:00,SHORT,284.06,282.64,tp,0.004025,1,0.6684,4
2022-10-07 04:00:00,SHORT,284.56,285.41,sl,-0.003991,0,0.8103,4
2022-10-07 08:00:00,SHORT,283.96,282.54,tp,0.004025,1,0.8039,4
2022-10-07 12:00:00,LONG,282.84,281.99,sl,-0.004,0,0.8542,4
2022-10-07 16:00:00,SHORT,282.66,283.51,sl,-0.003991,0,0.7861,4
2022-10-07 20:00:00,SHORT,282.16,280.75,tp,0.004025,1,0.6876,4
2022-10-08 00:00:00,LONG,281.04,280.2,sl,-0.004,0,0.6945,4
2022-10-08 16:00:00,SHORT,280.46,279.06,tp,0.004025,1,0.7187,4
2022-10-08 20:00:00,SHORT,276.26,277.09,sl,-0.003991,0,0.6685,4
2022-10-09 16:00:00,LONG,278.44,277.6,sl,-0.004,0,0.7076,4
2022-10-09 20:00:00,SHORT,278.06,278.9,sl,-0.003991,0,0.661,4
2022-10-10 00:00:00,SHORT,277.96,276.57,tp,0.004025,1,0.6681,4
2022-10-10 04:00:00,SHORT,276.36,274.98,tp,0.004025,1,0.6834,4
2022-10-10 08:00:00,LONG,275.34,274.51,sl,-0.004,0,0.7466,4
2022-10-10 12:00:00,SHORT,274.76,273.39,tp,0.004025,1,0.6791,4
2022-10-10 16:00:00,SHORT,274.46,273.09,tp,0.004025,1,0.7487,4
2022-10-11 00:00:00,LONG,270.24,269.42,sl,-0.004,0,0.8159,4
2022-10-11 08:00:00,SHORT,272.06,270.7,tp,0.004025,1,0.707,4
2022-10-11 12:00:00,SHORT,273.06,271.7,tp,0.004025,1,0.8426,4
2022-10-11 16:00:00,LONG,270.34,271.69,tp,0.004,1,0.8735,4
2022-10-12 08:00:00,LONG,271.34,270.52,sl,-0.004,0,0.6629,4
2022-10-12 12:00:00,SHORT,270.86,269.51,tp,0.004025,1,0.7003,4
2022-10-12 16:00:00,SHORT,270.96,271.78,sl,-0.003991,0,0.6896,4
2022-10-12 20:00:00,LONG,271.04,270.22,sl,-0.004,0,0.6734,4
2022-10-13 00:00:00,SHORT,269.57,268.22,tp,0.004025,1,0.6993,4
2022-10-13 04:00:00,LONG,264.43,265.75,tp,0.004,1,0.7101,4
2022-10-13 08:00:00,SHORT,262.27,260.96,tp,0.004025,1,0.8296,4
2022-10-13 12:00:00,LONG,266.93,268.27,tp,0.004,1,0.9157,4
2022-10-13 16:00:00,LONG,271.84,273.2,tp,0.004,1,0.9479,4
2022-10-13 20:00:00,LONG,271.74,273.09,tp,0.004,1,0.8956,4
2022-10-14 00:00:00,SHORT,274.96,273.59,tp,0.004025,1,0.8782,4
2022-10-14 04:00:00,SHORT,273.36,274.18,sl,-0.003991,0,0.6812,4
2022-10-14 08:00:00,SHORT,273.16,271.8,tp,0.004025,1,0.7564,4
2022-10-14 12:00:00,SHORT,271.16,269.81,tp,0.004025,1,0.797,4
2022-10-14 16:00:00,SHORT,269.86,268.52,tp,0.004025,1,0.7646,4
2022-10-14 20:00:00,LONG,269.53,270.88,tp,0.004,1,0.8222,4
2022-10-15 08:00:00,LONG,271.24,270.42,sl,-0.004,0,0.7259,4
2022-10-15 12:00:00,SHORT,270.96,269.61,tp,0.004025,1,0.8621,4
2022-10-15 20:00:00,LONG,268.33,269.68,tp,0.004,1,0.8602,4
2022-10-16 12:00:00,LONG,270.74,272.09,tp,0.004,1,0.7507,4
2022-10-16 16:00:00,SHORT,273.36,272.0,tp,0.004025,1,0.682,4
2022-10-16 20:00:00,SHORT,272.36,271.0,tp,0.004025,1,0.7975,4
2022-10-17 00:00:00,LONG,271.84,271.02,sl,-0.004,0,0.7482,4
2022-10-17 04:00:00,LONG,272.34,273.7,tp,0.004,1,0.8592,4
2022-10-17 08:00:00,LONG,273.44,274.8,tp,0.004,1,0.8333,4
2022-10-17 12:00:00,LONG,274.14,275.51,tp,0.004,1,0.825,4
2022-10-17 16:00:00,LONG,274.84,274.01,sl,-0.004,0,0.8262,4
2022-10-18 00:00:00,SHORT,274.66,273.29,tp,0.004025,1,0.7628,4
2022-10-18 08:00:00,SHORT,273.46,272.1,tp,0.004025,1,0.7646,4
2022-10-18 16:00:00,LONG,272.44,273.8,tp,0.004,1,0.7607,4
2022-10-19 04:00:00,SHORT,271.36,272.18,sl,-0.003991,0,0.6786,4
2022-10-19 08:00:00,LONG,271.34,272.69,tp,0.004,1,0.8695,4
2022-10-19 12:00:00,SHORT,273.06,271.7,tp,0.004025,1,0.6938,4
2022-10-19 20:00:00,SHORT,271.86,270.5,tp,0.004025,1,0.757,4
2022-10-20 00:00:00,LONG,270.74,272.09,tp,0.004,1,0.8596,4
2022-10-20 12:00:00,SHORT,272.26,270.9,tp,0.004025,1,0.862,4
2022-10-20 16:00:00,SHORT,268.97,267.62,tp,0.004025,1,0.6752,4
2022-10-20 20:00:00,SHORT,268.87,267.52,tp,0.004025,1,0.7795,4
2022-10-21 00:00:00,SHORT,268.27,266.92,tp,0.004025,1,0.692,4
2022-10-21 04:00:00,LONG,267.13,266.33,sl,-0.004,0,0.7849,4
2022-10-21 08:00:00,LONG,266.53,267.87,tp,0.004,1,0.6911,4
2022-10-21 12:00:00,LONG,269.93,269.13,sl,-0.004,0,0.7296,4
2022-10-21 16:00:00,SHORT,270.36,269.01,tp,0.004025,1,0.6792,4
2022-10-22 00:00:00,LONG,269.03,270.38,tp,0.004,1,0.839,4
2022-10-22 16:00:00,LONG,270.03,269.22,sl,-0.004,0,0.8,4
2022-10-23 20:00:00,LONG,276.14,275.31,sl,-0.004,0,0.7621,4
2022-10-24 04:00:00,SHORT,273.36,274.18,sl,-0.003991,0,0.6926,4
2022-10-24 08:00:00,SHORT,274.26,272.89,tp,0.004025,1,0.6787,4
2022-10-24 12:00:00,LONG,273.24,272.42,sl,-0.004,0,0.7772,4
2022-10-25 00:00:00,LONG,274.34,273.51,sl,-0.004,0,0.7279,4
2022-10-25 04:00:00,LONG,273.44,272.62,sl,-0.004,0,0.7596,4
2022-10-25 08:00:00,LONG,273.24,274.6,tp,0.004,1,0.8285,4
2022-10-25 12:00:00,LONG,280.94,282.35,tp,0.004,1,0.8568,4
2022-10-25 16:00:00,SHORT,288.66,287.21,tp,0.004025,1,0.9177,4
2022-10-25 20:00:00,LONG,284.34,285.76,tp,0.004,1,0.8282,4
2022-10-26 00:00:00,LONG,286.34,285.48,sl,-0.004,0,0.7627,4
2022-10-26 04:00:00,SHORT,286.56,287.42,sl,-0.003991,0,0.7506,4
2022-10-26 08:00:00,LONG,289.04,290.49,tp,0.004,1,0.8086,4
2022-10-26 12:00:00,SHORT,289.46,290.32,sl,-0.003991,0,0.8104,4
2022-10-26 16:00:00,SHORT,290.35,291.23,sl,-0.003991,0,0.7945,4
2022-10-26 20:00:00,LONG,290.35,291.8,tp,0.004,1,0.7252,4
2022-10-27 04:00:00,SHORT,289.06,287.61,tp,0.004025,1,0.8458,4
2022-10-27 08:00:00,SHORT,287.86,286.42,tp,0.004025,1,0.7386,4
2022-10-27 12:00:00,SHORT,287.66,288.52,sl,-0.003991,0,0.6983,4
2022-10-27 20:00:00,LONG,286.84,288.28,tp,0.004,1,0.9015,4
2022-10-28 00:00:00,LONG,287.14,286.28,sl,-0.004,0,0.7246,4
2022-10-28 04:00:00,LONG,286.34,287.77,tp,0.004,1,0.7303,4
2022-10-28 08:00:00,LONG,287.94,289.38,tp,0.004,1,0.749,4
2022-10-28 12:00:00,LONG,296.95,298.43,tp,0.004,1,0.844,4
2022-10-28 16:00:00,LONG,299.25,300.75,tp,0.004,1,0.9181,4
2022-10-28 20:00:00,LONG,298.05,299.54,tp,0.004,1,0.8185,4
2022-10-29 00:00:00,LONG,304.85,303.94,sl,-0.004,0,0.9015,4
2022-10-29 04:00:00,LONG,302.45,303.96,tp,0.004,1,0.8361,4
2022-10-29 08:00:00,LONG,301.85,303.36,tp,0.004,1,0.8556,4
2022-10-29 12:00:00,LONG,303.25,304.77,tp,0.004,1,0.8762,4
2022-10-29 16:00:00,SHORT,304.05,302.53,tp,0.004025,1,0.9074,4
2022-10-29 20:00:00,SHORT,304.25,302.73,tp,0.004025,1,0.682,4
2022-10-30 00:00:00,SHORT,307.55,306.01,tp,0.004025,1,0.7643,4
2022-10-30 04:00:00,LONG,313.86,315.43,tp,0.004,1,0.8793,4
2022-10-30 08:00:00,SHORT,311.84,310.28,tp,0.004025,1,0.8765,4
2022-10-30 12:00:00,SHORT,309.94,310.87,sl,-0.003991,0,0.7825,4
2022-10-30 16:00:00,LONG,315.46,314.51,sl,-0.004,0,0.818,4
2022-10-30 20:00:00,SHORT,313.34,311.78,tp,0.004025,1,0.8333,4
2022-10-31 00:00:00,LONG,311.76,310.82,sl,-0.004,0,0.9306,4
2022-10-31 04:00:00,SHORT,310.14,308.59,tp,0.004025,1,0.7994,4
2022-10-31 08:00:00,SHORT,330.93,329.28,tp,0.004025,1,0.9363,4
2022-10-31 12:00:00,LONG,324.06,325.68,tp,0.004,1,0.914,4
2022-10-31 16:00:00,LONG,328.16,327.18,sl,-0.004,0,0.8718,4
2022-10-31 20:00:00,LONG,325.86,327.49,tp,0.004,1,0.8706,4
2022-11-01 00:00:00,SHORT,329.64,327.99,tp,0.004025,1,0.9149,4
2022-11-01 04:00:00,SHORT,326.84,325.2,tp,0.004025,1,0.7912,4
2022-11-01 08:00:00,LONG,323.76,325.38,tp,0.004,1,0.8547,4
2022-11-01 12:00:00,LONG,319.56,321.16,tp,0.004,1,0.9594,4
2022-11-01 16:00:00,LONG,324.86,326.49,tp,0.004,1,0.8217,4
2022-11-01 20:00:00,LONG,324.06,325.68,tp,0.004,1,0.8406,4
2022-11-02 00:00:00,LONG,326.56,325.58,sl,-0.004,0,0.8262,4
2022-11-02 04:00:00,SHORT,322.54,320.93,tp,0.004025,1,0.9101,4
2022-11-02 08:00:00,LONG,320.56,319.6,sl,-0.004,0,0.9346,4
2022-11-02 12:00:00,SHORT,318.54,316.95,tp,0.004025,1,0.7657,4
2022-11-02 16:00:00,SHORT,319.74,318.14,tp,0.004025,1,0.9217,4
2022-11-02 20:00:00,LONG,320.36,321.96,tp,0.004,1,0.8964,4
2022-11-03 00:00:00,LONG,322.16,323.77,tp,0.004,1,0.8029,4
2022-11-03 04:00:00,SHORT,333.53,331.87,tp,0.004025,1,0.9318,4
2022-11-03 08:00:00,LONG,329.36,328.38,sl,-0.004,0,0.8706,4
2022-11-03 12:00:00,SHORT,327.74,328.72,sl,-0.003991,0,0.8223,4
2022-11-03 16:00:00,LONG,331.47,333.12,tp,0.004,1,0.7663,4
2022-11-03 20:00:00,LONG,329.66,331.31,tp,0.004,1,0.7942,4
2022-11-04 00:00:00,LONG,340.77,342.47,tp,0.004,1,0.8923,4
2022-11-04 04:00:00,LONG,344.37,346.09,tp,0.004,1,0.9417,4
2022-11-04 08:00:00,LONG,345.57,347.3,tp,0.004,1,0.9594,4
2022-11-04 12:00:00,SHORT,348.93,349.97,sl,-0.003991,0,0.9135,4
2022-11-04 16:00:00,SHORT,354.42,352.65,tp,0.004025,1,0.8796,4
2022-11-04 20:00:00,SHORT,354.42,352.65,tp,0.004025,1,0.9072,4
2022-11-05 00:00:00,SHORT,356.02,357.09,sl,-0.003991,0,0.7437,4
2022-11-05 04:00:00,SHORT,360.12,358.32,tp,0.004025,1,0.9701,4
2022-11-05 08:00:00,SHORT,355.72,353.94,tp,0.004025,1,0.9128,4
2022-11-05 12:00:00,SHORT,350.92,349.17,tp,0.004025,1,0.8612,4
2022-11-05 16:00:00,LONG,349.87,351.62,tp,0.004,1,0.8593,4
2022-11-05 20:00:00,LONG,349.37,348.33,sl,-0.004,0,0.8993,4
2022-11-06 00:00:00,LONG,349.77,351.52,tp,0.004,1,0.7184,4
2022-11-06 04:00:00,LONG,352.18,353.94,tp,0.004,1,0.7373,4
2022-11-06 08:00:00,LONG,351.48,350.42,sl,-0.004,0,0.8142,4
2022-11-06 12:00:00,LONG,350.68,352.43,tp,0.004,1,0.7182,4
2022-11-06 16:00:00,SHORT,352.62,350.86,tp,0.004025,1,0.9141,4
2022-11-06 20:00:00,SHORT,337.73,336.04,tp,0.004025,1,0.8268,4
2022-11-07 00:00:00,SHORT,339.23,337.53,tp,0.004025,1,0.8399,4
2022-11-07 04:00:00,LONG,328.36,330.01,tp,0.004,1,0.9015,4
2022-11-07 08:00:00,LONG,332.37,334.03,tp,0.004,1,0.8185,4
2022-11-07 12:00:00,LONG,335.07,336.74,tp,0.004,1,0.9208,4
2022-11-07 16:00:00,LONG,342.47,341.44,sl,-0.004,0,0.9169,4
2022-11-07 20:00:00,SHORT,336.83,335.15,tp,0.004025,1,0.8389,4
2022-11-08 00:00:00,LONG,334.97,336.64,tp,0.004,1,0.8872,4
2022-11-08 04:00:00,LONG,325.86,327.49,tp,0.004,1,0.9247,4
2022-11-08 08:00:00,LONG,324.86,326.49,tp,0.004,1,0.9043,4
2022-11-08 12:00:00,SHORT,326.84,325.2,tp,0.004025,1,0.9078,4
2022-11-08 16:00:00,LONG,315.66,317.24,tp,0.004,1,0.9494,4
2022-11-08 20:00:00,LONG,327.56,329.2,tp,0.004,1,0.8947,4
2022-11-09 00:00:00,LONG,321.86,320.9,sl,-0.004,0,0.907,4
2022-11-09 04:00:00,SHORT,315.14,313.57,tp,0.004025,1,0.8905,4
2022-11-09 08:00:00,SHORT,304.15,302.63,tp,0.004025,1,0.9701,4
2022-11-09 12:00:00,LONG,290.45,291.9,tp,0.004,1,0.9039,4
2022-11-09 16:00:00,SHORT,281.46,280.05,tp,0.004025,1,0.9378,4
2022-11-09 20:00:00,LONG,267.43,268.77,tp,0.004,1,0.968,4
2022-11-10 00:00:00,LONG,283.64,285.06,tp,0.004,1,0.9285,4
2022-11-10 04:00:00,LONG,282.34,283.75,tp,0.004,1,0.9497,4
2022-11-10 08:00:00,LONG,275.94,277.32,tp,0.004,1,0.9298,4
2022-11-10 12:00:00,LONG,307.75,309.29,tp,0.004,1,0.9354,4
2022-11-10 16:00:00,SHORT,300.95,299.44,tp,0.004025,1,0.8903,4
2022-11-10 20:00:00,SHORT,303.85,302.33,tp,0.004025,1,0.8888,4
2022-11-11 00:00:00,LONG,292.65,294.11,tp,0.004,1,0.9266,4
2022-11-11 04:00:00,LONG,297.85,299.34,tp,0.004,1,0.8758,4
2022-11-11 08:00:00,LONG,295.95,297.43,tp,0.004,1,0.84,4
2022-11-11 12:00:00,LONG,286.24,287.67,tp,0.004,1,0.9621,4
2022-11-11 16:00:00,SHORT,287.96,286.52,tp,0.004025,1,0.8138,4
2022-11-11 20:00:00,SHORT,290.25,288.8,tp,0.004025,1,0.9206,4
2022-11-12 00:00:00,LONG,284.14,285.56,tp,0.004,1,0.8704,4
2022-11-12 04:00:00,SHORT,285.86,284.43,tp,0.004025,1,0.8466,4
2022-11-12 08:00:00,LONG,282.64,284.05,tp,0.004,1,0.8947,4
2022-11-12 12:00:00,LONG,284.14,285.56,tp,0.004,1,0.7382,4
2022-11-12 16:00:00,LONG,282.84,281.99,sl,-0.004,0,0.8395,4
2022-11-12 20:00:00,SHORT,282.66,281.25,tp,0.004025,1,0.7784,4
2022-11-13 00:00:00,LONG,285.44,284.59,sl,-0.004,0,0.6986,4
2022-11-13 04:00:00,SHORT,281.66,280.25,tp,0.004025,1,0.8341,4
2022-11-13 08:00:00,SHORT,280.66,279.26,tp,0.004025,1,0.8052,4
2022-11-13 12:00:00,SHORT,280.06,278.66,tp,0.004025,1,0.7827,4
2022-11-13 16:00:00,SHORT,278.66,277.27,tp,0.004025,1,0.7563,4
2022-11-13 20:00:00,SHORT,276.26,274.88,tp,0.004025,1,0.8174,4
2022-11-14 00:00:00,SHORT,270.86,269.51,tp,0.004025,1,0.8029,4
2022-11-14 04:00:00,LONG,281.24,282.65,tp,0.004,1,0.807,4
2022-11-14 08:00:00,LONG,284.64,286.07,tp,0.004,1,0.8611,4
2022-11-14 12:00:00,SHORT,279.06,277.67,tp,0.004025,1,0.8411,4
2022-11-14 16:00:00,LONG,272.84,274.2,tp,0.004,1,0.8825,4
2022-11-14 20:00:00,LONG,279.14,280.54,tp,0.004,1,0.9029,4
2022-11-15 00:00:00,SHORT,279.76,278.36,tp,0.004025,1,0.9158,4
2022-11-15 04:00:00,LONG,279.24,280.64,tp,0.004,1,0.7507,4
2022-11-15 08:00:00,LONG,275.94,277.32,tp,0.004,1,0.8236,4
2022-11-15 12:00:00,SHORT,280.36,278.96,tp,0.004025,1,0.9183,4
2022-11-15 16:00:00,LONG,276.04,277.42,tp,0.004,1,0.9454,4
2022-11-15 20:00:00,LONG,277.14,278.52,tp,0.004,1,0.6999,4
2022-11-16 00:00:00,LONG,279.84,279.0,sl,-0.004,0,0.7822,4
2022-11-16 04:00:00,SHORT,277.46,276.07,tp,0.004025,1,0.9057,4
2022-11-16 08:00:00,SHORT,272.36,271.0,tp,0.004025,1,0.8618,4
2022-11-16 12:00:00,LONG,270.34,271.69,tp,0.004,1,0.9476,4
2022-11-16 16:00:00,LONG,270.74,272.09,tp,0.004,1,0.8027,4
2022-11-16 20:00:00,LONG,271.94,273.3,tp,0.004,1,0.7374,4
2022-11-17 00:00:00,LONG,270.24,269.42,sl,-0.004,0,0.8158,4
2022-11-17 04:00:00,LONG,269.93,269.13,sl,-0.004,0,0.7111,4
2022-11-17 08:00:00,LONG,267.43,268.77,tp,0.004,1,0.9426,4
2022-11-17 12:00:00,LONG,266.23,267.56,tp,0.004,1,0.8078,4
2022-11-17 16:00:00,LONG,268.03,267.23,sl,-0.004,0,0.7759,4
2022-11-17 20:00:00,LONG,268.03,269.37,tp,0.004,1,0.7125,4
2022-11-18 00:00:00,LONG,271.84,273.2,tp,0.004,1,0.7484,4
2022-11-18 04:00:00,LONG,271.94,273.3,tp,0.004,1,0.704,4
2022-11-18 08:00:00,SHORT,273.36,272.0,tp,0.004025,1,0.727,4
2022-11-18 20:00:00,SHORT,273.96,272.59,tp,0.004025,1,0.8933,4
2022-11-19 04:00:00,LONG,270.03,271.39,tp,0.004,1,0.8999,4
2022-11-19 20:00:00,SHORT,272.46,273.28,sl,-0.003991,0,0.6781,4
2022-11-20 08:00:00,SHORT,267.27,268.07,sl,-0.003991,0,0.7499,4
2022-11-20 12:00:00,SHORT,270.56,269.21,tp,0.004025,1,0.6912,4
2022-11-20 20:00:00,SHORT,264.07,262.75,tp,0.004025,1,0.7124,4
2022-11-21 00:00:00,LONG,259.53,260.83,tp,0.004,1,0.9245,4
2022-11-21 04:00:00,LONG,258.33,257.55,sl,-0.004,0,0.7724,4
2022-11-21 08:00:00,SHORT,258.17,258.95,sl,-0.003991,0,0.8523,4
2022-11-21 12:00:00,SHORT,260.17,258.87,tp,0.004025,1,0.8602,4
2022-11-21 16:00:00,LONG,252.23,253.49,tp,0.004,1,0.9603,4
2022-11-21 20:00:00,LONG,254.03,255.3,tp,0.004,1,0.8595,4
2022-11-22 00:00:00,LONG,256.83,256.06,sl,-0.004,0,0.8493,4
2022-11-22 04:00:00,LONG,254.33,253.56,sl,-0.004,0,0.8396,4
2022-11-22 08:00:00,LONG,254.63,255.9,tp,0.004,1,0.9222,4
2022-11-22 12:00:00,LONG,264.63,263.84,sl,-0.004,0,0.887,4
2022-11-22 16:00:00,LONG,263.63,264.95,tp,0.004,1,0.8947,4
2022-11-22 20:00:00,LONG,266.83,268.17,tp,0.004,1,0.8397,4
2022-11-23 00:00:00,LONG,274.34,273.51,sl,-0.004,0,0.9099,4
2022-11-23 04:00:00,SHORT,275.26,276.09,sl,-0.003991,0,0.8617,4
2022-11-23 08:00:00,LONG,297.25,298.73,tp,0.004,1,0.949,4
2022-11-23 12:00:00,LONG,295.25,296.72,tp,0.004,1,0.9547,4
2022-11-23 16:00:00,LONG,296.35,297.83,tp,0.004,1,0.9148,4
2022-11-23 20:00:00,SHORT,298.65,297.16,tp,0.004025,1,0.8959,4
2022-11-24 00:00:00,SHORT,299.55,298.05,tp,0.004025,1,0.9335,4
2022-11-24 04:00:00,LONG,296.35,297.83,tp,0.004,1,0.809,4
2022-11-24 08:00:00,LONG,297.75,299.24,tp,0.004,1,0.9098,4
2022-11-24 12:00:00,SHORT,298.15,299.05,sl,-0.003991,0,0.7961,4
2022-11-24 16:00:00,SHORT,299.25,300.15,sl,-0.003991,0,0.9454,4
2022-11-24 20:00:00,SHORT,300.05,298.55,tp,0.004025,1,0.7912,4
2022-11-25 00:00:00,SHORT,298.65,297.16,tp,0.004025,1,0.7714,4
2022-11-25 04:00:00,LONG,296.15,297.63,tp,0.004,1,0.9513,4
2022-11-25 08:00:00,SHORT,298.85,299.75,sl,-0.003991,0,0.9,4
2022-11-25 12:00:00,SHORT,299.95,300.85,sl,-0.003991,0,0.9415,4
2022-11-25 16:00:00,SHORT,301.25,302.15,sl,-0.003991,0,0.8055,4
2022-11-25 20:00:00,LONG,300.95,302.46,tp,0.004,1,0.6737,4
2022-11-26 00:00:00,LONG,309.85,311.4,tp,0.004,1,0.8409,4
2022-11-26 04:00:00,LONG,312.56,314.12,tp,0.004,1,0.8656,4
2022-11-26 08:00:00,LONG,314.46,316.03,tp,0.004,1,0.8425,4
2022-11-26 12:00:00,SHORT,312.74,313.68,sl,-0.003991,0,0.9134,4
2022-11-26 16:00:00,SHORT,312.84,311.28,tp,0.004025,1,0.7314,4
2022-11-26 20:00:00,LONG,311.56,313.11,tp,0.004,1,0.8978,4
2022-11-27 00:00:00,SHORT,315.04,313.47,tp,0.004025,1,0.9608,4
2022-11-27 04:00:00,SHORT,313.54,311.98,tp,0.004025,1,0.7185,4
2022-11-27 08:00:00,SHORT,312.94,311.38,tp,0.004025,1,0.7851,4
2022-11-27 12:00:00,LONG,313.76,312.82,sl,-0.004,0,0.691,4
2022-11-27 16:00:00,SHORT,311.74,310.19,tp,0.004025,1,0.7049,4
2022-11-27 20:00:00,LONG,307.75,309.29,tp,0.004,1,0.7554,4
2022-11-28 00:00:00,LONG,297.35,296.46,sl,-0.004,0,0.9482,4
2022-11-28 04:00:00,SHORT,295.45,293.97,tp,0.004025,1,0.8937,4
2022-11-28 08:00:00,SHORT,294.95,293.48,tp,0.004025,1,0.8478,4
2022-11-28 12:00:00,SHORT,291.85,290.39,tp,0.004025,1,0.8726,4
2022-11-28 16:00:00,LONG,293.45,292.57,sl,-0.004,0,0.8153,4
2022-11-28 20:00:00,SHORT,293.35,291.89,tp,0.004025,1,0.8175,4
2022-11-29 00:00:00,LONG,296.65,298.13,tp,0.004,1,0.7532,4
2022-11-29 04:00:00,LONG,302.45,303.96,tp,0.004,1,0.8596,4
2022-11-29 08:00:00,SHORT,302.85,301.33,tp,0.004025,1,0.9358,4
2022-11-29 12:00:00,SHORT,299.95,298.45,tp,0.004025,1,0.7579,4
2022-11-29 16:00:00,LONG,295.65,297.13,tp,0.004,1,0.9194,4
2022-11-29 20:00:00,LONG,295.55,297.03,tp,0.004,1,0.693,4
2022-11-30 00:00:00,SHORT,295.65,296.54,sl,-0.003991,0,0.8371,4
2022-11-30 04:00:00,LONG,301.15,302.66,tp,0.004,1,0.8627,4
2022-11-30 08:00:00,LONG,300.65,299.75,sl,-0.004,0,0.9144,4
2022-11-30 12:00:00,LONG,298.15,299.64,tp,0.004,1,0.8287,4
2022-11-30 16:00:00,LONG,298.55,300.04,tp,0.004,1,0.8676,4
2022-11-30 20:00:00,SHORT,300.45,298.95,tp,0.004025,1,0.9162,4
2022-12-01 00:00:00,LONG,297.65,299.14,tp,0.004,1,0.7742,4
2022-12-01 08:00:00,LONG,299.85,301.35,tp,0.004,1,0.7414,4
2022-12-01 12:00:00,SHORT,291.65,290.2,tp,0.004025,1,0.8365,4
2022-12-01 16:00:00,LONG,291.25,292.7,tp,0.004,1,0.767,4
2022-12-01 20:00:00,SHORT,292.15,290.69,tp,0.004025,1,0.6707,4
2022-12-02 00:00:00,SHORT,288.06,286.62,tp,0.004025,1,0.8191,4
2022-12-02 04:00:00,LONG,289.84,291.29,tp,0.004,1,0.847,4
2022-12-02 12:00:00,SHORT,289.95,290.82,sl,-0.003991,0,0.6522,4
2022-12-03 00:00:00,SHORT,291.85,290.39,tp,0.004025,1,0.7881,4
2022-12-03 08:00:00,LONG,290.35,291.8,tp,0.004,1,0.7154,4
2022-12-03 16:00:00,SHORT,291.45,292.33,sl,-0.003991,0,0.7634,4
2022-12-05 04:00:00,SHORT,295.75,296.64,sl,-0.003991,0,0.8602,4
2022-12-05 08:00:00,SHORT,295.55,294.07,tp,0.004025,1,0.8043,4
2022-12-05 12:00:00,SHORT,290.15,288.7,tp,0.004025,1,0.8369,4
2022-12-05 16:00:00,SHORT,286.56,287.42,sl,-0.003991,0,0.7878,4
2022-12-05 20:00:00,SHORT,288.26,289.12,sl,-0.003991,0,0.7135,4
2022-12-06 00:00:00,SHORT,289.26,287.81,tp,0.004025,1,0.8022,4
2022-12-06 08:00:00,SHORT,288.46,289.32,sl,-0.003991,0,0.7539,4
2022-12-06 12:00:00,SHORT,288.56,287.11,tp,0.004025,1,0.7681,4
2022-12-06 16:00:00,LONG,288.74,290.19,tp,0.004,1,0.8043,4
2022-12-07 00:00:00,SHORT,288.66,287.21,tp,0.004025,1,0.7722,4
2022-12-07 04:00:00,SHORT,282.56,281.15,tp,0.004025,1,0.7625,4
2022-12-07 08:00:00,LONG,283.74,285.16,tp,0.004,1,0.8575,4
2022-12-07 20:00:00,LONG,284.34,283.49,sl,-0.004,0,0.6678,4
2022-12-08 16:00:00,LONG,290.25,291.7,tp,0.004,1,0.6601,4
2022-12-09 04:00:00,SHORT,290.25,291.13,sl,-0.003991,0,0.7038,4
2022-12-09 08:00:00,SHORT,290.65,289.2,tp,0.004025,1,0.7064,4
2022-12-09 12:00:00,SHORT,289.76,288.31,tp,0.004025,1,0.8568,4
2022-12-09 16:00:00,SHORT,287.86,286.42,tp,0.004025,1,0.689,4
2022-12-09 20:00:00,LONG,286.14,287.57,tp,0.004,1,0.847,4
2022-12-11 00:00:00,SHORT,290.45,289.0,tp,0.004025,1,0.8204,4
2022-12-11 12:00:00,SHORT,289.56,290.42,sl,-0.003991,0,0.7217,4
2022-12-11 16:00:00,SHORT,289.86,288.41,tp,0.004025,1,0.8261,4
2022-12-11 20:00:00,SHORT,284.26,282.84,tp,0.004025,1,0.674,4
2022-12-12 00:00:00,SHORT,282.56,281.15,tp,0.004025,1,0.7227,4
2022-12-12 04:00:00,SHORT,280.96,281.8,sl,-0.003991,0,0.766,4
2022-12-12 08:00:00,SHORT,283.56,282.14,tp,0.004025,1,0.6964,4
2022-12-12 12:00:00,LONG,276.24,275.41,sl,-0.004,0,0.898,4
2022-12-12 16:00:00,LONG,274.54,275.91,tp,0.004,1,0.8018,4
2022-12-12 20:00:00,SHORT,275.96,274.58,tp,0.004025,1,0.7363,4
2022-12-13 00:00:00,LONG,267.23,268.57,tp,0.004,1,0.8033,4
2022-12-13 04:00:00,LONG,264.13,265.45,tp,0.004,1,0.9083,4
2022-12-13 08:00:00,LONG,268.73,270.08,tp,0.004,1,0.9063,4
2022-12-13 12:00:00,LONG,273.44,274.8,tp,0.004,1,0.7948,4
2022-12-13 16:00:00,LONG,269.33,270.68,tp,0.004,1,0.8923,4
2022-12-13 20:00:00,LONG,272.34,273.7,tp,0.004,1,0.856,4
2022-12-14 00:00:00,SHORT,275.36,273.99,tp,0.004025,1,0.866,4
2022-12-14 04:00:00,LONG,274.54,275.91,tp,0.004,1,0.7156,4
2022-12-14 08:00:00,LONG,273.24,272.42,sl,-0.004,0,0.7273,4
2022-12-14 12:00:00,SHORT,271.86,270.5,tp,0.004025,1,0.8287,4
2022-12-14 16:00:00,LONG,268.03,267.23,sl,-0.004,0,0.7209,4
2022-12-14 20:00:00,SHORT,267.57,266.23,tp,0.004025,1,0.6709,4
2022-12-15 00:00:00,LONG,265.73,264.94,sl,-0.004,0,0.8813,4
2022-12-15 04:00:00,LONG,265.03,266.36,tp,0.004,1,0.683,4
2022-12-15 08:00:00,SHORT,265.27,263.94,tp,0.004025,1,0.8205,4
2022-12-15 12:00:00,SHORT,263.17,261.85,tp,0.004025,1,0.816,4
2022-12-15 16:00:00,SHORT,261.37,260.06,tp,0.004025,1,0.7782,4
2022-12-15 20:00:00,LONG,258.93,260.22,tp,0.004,1,0.9221,4
2022-12-16 04:00:00,SHORT,263.67,262.35,tp,0.004025,1,0.8739,4
2022-12-16 08:00:00,SHORT,251.27,250.02,tp,0.004025,1,0.908,4
2022-12-16 12:00:00,SHORT,247.18,245.94,tp,0.004025,1,0.899,4
2022-12-16 16:00:00,SHORT,244.08,242.86,tp,0.004025,1,0.9161,4
2022-12-16 20:00:00,SHORT,231.08,229.93,tp,0.004025,1,0.9568,4
2022-12-17 00:00:00,LONG,229.31,230.46,tp,0.004,1,0.9697,4
2022-12-17 04:00:00,LONG,236.32,237.5,tp,0.004,1,0.9165,4
2022-12-17 08:00:00,SHORT,236.98,237.69,sl,-0.003991,0,0.9061,4
2022-12-17 12:00:00,LONG,236.62,235.91,sl,-0.004,0,0.8993,4
2022-12-17 16:00:00,LONG,235.72,236.9,tp,0.004,1,0.8552,4
2022-12-17 20:00:00,SHORT,241.98,240.77,tp,0.004025,1,0.78,4
2022-12-18 00:00:00,LONG,246.62,247.86,tp,0.004,1,0.8081,4
2022-12-18 04:00:00,SHORT,247.08,245.84,tp,0.004025,1,0.8692,4
2022-12-18 08:00:00,SHORT,246.68,245.44,tp,0.004025,1,0.811,4
2022-12-18 12:00:00,LONG,245.12,246.35,tp,0.004,1,0.7588,4
2022-12-18 16:00:00,LONG,249.72,250.97,tp,0.004,1,0.8115,4
2022-12-18 20:00:00,SHORT,250.87,249.62,tp,0.004025,1,0.9281,4
2022-12-19 00:00:00,LONG,247.32,246.58,sl,-0.004,0,0.7672,4
2022-12-19 04:00:00,LONG,246.12,247.35,tp,0.004,1,0.927,4
2022-12-19 08:00:00,SHORT,247.68,246.44,tp,0.004025,1,0.8139,4
2022-12-19 12:00:00,SHORT,246.68,245.44,tp,0.004025,1,0.907,4
2022-12-19 16:00:00,SHORT,242.08,240.87,tp,0.004025,1,0.8421,4
2022-12-19 20:00:00,LONG,240.52,241.72,tp,0.004,1,0.9435,4
2022-12-20 00:00:00,LONG,247.92,249.16,tp,0.004,1,0.8083,4
2022-12-20 04:00:00,LONG,248.22,249.47,tp,0.004,1,0.8381,4
2022-12-20 08:00:00,LONG,249.62,250.87,tp,0.004,1,0.7281,4
2022-12-20 12:00:00,SHORT,250.97,249.72,tp,0.004025,1,0.8826,4
2022-12-20 16:00:00,LONG,250.73,251.98,tp,0.004,1,0.663,4
2022-12-20 20:00:00,SHORT,251.27,250.02,tp,0.004025,1,0.6913,4
2022-12-21 00:00:00,LONG,248.82,248.08,sl,-0.004,0,0.6796,4
2022-12-21 04:00:00,LONG,248.12,249.36,tp,0.004,1,0.8728,4
2022-12-21 08:00:00,LONG,249.62,248.88,sl,-0.004,0,0.6848,4
2022-12-21 12:00:00,LONG,249.22,248.48,sl,-0.004,0,0.6818,4
2022-12-21 16:00:00,LONG,246.42,247.66,tp,0.004,1,0.7331,4
2022-12-21 20:00:00,LONG,246.32,247.55,tp,0.004,1,0.6935,4
2022-12-22 08:00:00,SHORT,245.68,244.45,tp,0.004025,1,0.7494,4
2022-12-22 12:00:00,LONG,241.02,242.23,tp,0.004,1,0.898,4
2022-12-22 16:00:00,SHORT,242.98,243.71,sl,-0.003991,0,0.7422,4
2022-12-22 20:00:00,LONG,245.92,247.15,tp,0.004,1,0.7049,4
2022-12-23 00:00:00,SHORT,246.88,245.64,tp,0.004025,1,0.8212,4
2022-12-23 12:00:00,LONG,245.52,244.79,sl,-0.004,0,0.7926,4
2022-12-24 08:00:00,LONG,244.12,245.34,tp,0.004,1,0.8782,4
2022-12-25 00:00:00,SHORT,245.18,243.95,tp,0.004025,1,0.7932,4
2022-12-25 12:00:00,SHORT,243.08,241.86,tp,0.004025,1,0.7621,4
2022-12-25 16:00:00,SHORT,242.58,243.31,sl,-0.003991,0,0.6934,4
2022-12-25 20:00:00,LONG,243.32,244.54,tp,0.004,1,0.7939,4
2022-12-26 00:00:00,SHORT,244.38,243.16,tp,0.004025,1,0.7071,4
2022-12-27 00:00:00,SHORT,243.18,243.91,sl,-0.003991,0,0.6737,4
2022-12-27 08:00:00,SHORT,243.78,242.56,tp,0.004025,1,0.7249,4
2022-12-28 00:00:00,SHORT,244.68,243.45,tp,0.004025,1,0.8352,4
2022-12-28 04:00:00,LONG,243.52,244.74,tp,0.004,1,0.8054,4
2022-12-28 08:00:00,SHORT,243.58,242.36,tp,0.004025,1,0.7253,4
2022-12-28 12:00:00,SHORT,242.18,242.91,sl,-0.003991,0,0.8333,4
2022-12-29 00:00:00,LONG,245.22,244.49,sl,-0.004,0,0.7032,4
2022-12-29 08:00:00,LONG,246.02,245.28,sl,-0.004,0,0.659,4
2022-12-29 16:00:00,LONG,246.12,245.38,sl,-0.004,0,0.6737,4
2023-01-01 08:00:00,LONG,244.52,245.74,tp,0.004,1,0.7756,5
2023-01-02 00:00:00,LONG,244.02,245.24,tp,0.004,1,0.7262,5
2023-01-02 08:00:00,SHORT,246.68,247.42,sl,-0.003991,0,0.7926,5
2023-01-03 00:00:00,LONG,245.92,245.19,sl,-0.004,0,0.6834,5
2023-01-03 12:00:00,LONG,245.62,244.89,sl,-0.004,0,0.6563,5
2023-01-04 00:00:00,SHORT,256.97,255.69,tp,0.004025,1,0.8288,5
2023-01-04 04:00:00,LONG,255.43,254.66,sl,-0.004,0,0.7134,5
2023-01-04 08:00:00,LONG,254.93,256.2,tp,0.004,1,0.7081,5
2023-01-04 12:00:00,SHORT,256.87,257.64,sl,-0.003991,0,0.6882,5
2023-01-04 16:00:00,SHORT,257.67,256.38,tp,0.004025,1,0.8725,5
2023-01-04 20:00:00,SHORT,258.77,257.48,tp,0.004025,1,0.7615,5
2023-01-05 04:00:00,SHORT,257.37,256.08,tp,0.004025,1,0.6645,5
2023-01-05 08:00:00,SHORT,256.97,255.69,tp,0.004025,1,0.843,5
2023-01-05 12:00:00,LONG,256.93,258.21,tp,0.004,1,0.814,5
2023-01-06 12:00:00,LONG,259.23,258.45,sl,-0.004,0,0.7202,5
2023-01-06 16:00:00,LONG,260.13,259.35,sl,-0.004,0,0.7391,5
2023-01-07 00:00:00,SHORT,261.97,260.66,tp,0.004025,1,0.7885,5
2023-01-07 12:00:00,LONG,261.13,260.35,sl,-0.004,0,0.7594,5
2023-01-08 00:00:00,LONG,261.13,262.44,tp,0.004,1,0.7753,5
2023-01-08 12:00:00,LONG,267.13,268.47,tp,0.004,1,0.7433,5
2023-01-08 16:00:00,LONG,267.53,268.87,tp,0.004,1,0.7716,5
2023-01-08 20:00:00,LONG,275.04,276.41,tp,0.004,1,0.8819,5
2023-01-09 00:00:00,SHORT,278.56,279.4,sl,-0.003991,0,0.9317,5
2023-01-09 04:00:00,LONG,277.84,279.23,tp,0.004,1,0.8029,5
2023-01-09 08:00:00,SHORT,278.16,276.77,tp,0.004025,1,0.7531,5
2023-01-09 12:00:00,LONG,280.44,281.84,tp,0.004,1,0.8258,5
2023-01-09 16:00:00,LONG,276.94,276.11,sl,-0.004,0,0.8631,5
2023-01-09 20:00:00,LONG,272.74,274.1,tp,0.004,1,0.7794,5
2023-01-10 00:00:00,LONG,273.94,273.12,sl,-0.004,0,0.857,5
2023-01-10 04:00:00,LONG,274.54,275.91,tp,0.004,1,0.706,5
2023-01-10 08:00:00,SHORT,274.86,275.69,sl,-0.003991,0,0.8372,5
2023-01-10 20:00:00,SHORT,276.96,275.58,tp,0.004025,1,0.815,5
2023-01-11 00:00:00,LONG,275.14,276.51,tp,0.004,1,0.7586,5
2023-01-11 20:00:00,LONG,284.94,286.37,tp,0.004,1,0.8437,5
2023-01-12 00:00:00,SHORT,286.76,285.32,tp,0.004025,1,0.8481,5
2023-01-12 04:00:00,LONG,285.24,284.39,sl,-0.004,0,0.686,5
2023-01-12 08:00:00,SHORT,283.16,281.74,tp,0.004025,1,0.7095,5
2023-01-12 12:00:00,LONG,281.74,283.15,tp,0.004,1,0.8001,5
2023-01-12 16:00:00,LONG,286.24,287.67,tp,0.004,1,0.7619,5
2023-01-12 20:00:00,LONG,287.84,289.28,tp,0.004,1,0.7767,5
2023-01-13 00:00:00,LONG,289.14,290.59,tp,0.004,1,0.7062,5
2023-01-13 04:00:00,SHORT,287.76,286.32,tp,0.004025,1,0.6752,5
2023-01-13 12:00:00,LONG,288.94,288.08,sl,-0.004,0,0.7755,5
2023-01-13 20:00:00,LONG,293.85,295.32,tp,0.004,1,0.7779,5
2023-01-14 00:00:00,LONG,307.65,309.19,tp,0.004,1,0.9131,5
2023-01-14 04:00:00,LONG,310.96,312.51,tp,0.004,1,0.9176,5
2023-01-14 08:00:00,SHORT,303.65,302.13,tp,0.004025,1,0.79,5
2023-01-14 12:00:00,SHORT,304.05,302.53,tp,0.004025,1,0.7601,5
2023-01-14 16:00:00,LONG,303.65,305.17,tp,0.004,1,0.6573,5
2023-01-14 20:00:00,SHORT,304.95,303.42,tp,0.004025,1,0.7471,5
2023-01-15 00:00:00,SHORT,298.55,297.06,tp,0.004025,1,0.7084,5
2023-01-15 04:00:00,SHORT,297.25,295.77,tp,0.004025,1,0.7922,5
2023-01-15 08:00:00,LONG,298.05,299.54,tp,0.004,1,0.8467,5
2023-01-15 12:00:00,LONG,302.85,301.94,sl,-0.004,0,0.7973,5
2023-01-15 16:00:00,LONG,301.25,302.76,tp,0.004,1,0.7879,5
2023-01-15 20:00:00,LONG,302.35,303.86,tp,0.004,1,0.7499,5
2023-01-16 00:00:00,SHORT,304.15,302.63,tp,0.004025,1,0.8685,5
2023-01-16 04:00:00,LONG,303.15,302.24,sl,-0.004,0,0.7492,5
2023-01-16 08:00:00,SHORT,298.05,296.56,tp,0.004025,1,0.8068,5
2023-01-16 12:00:00,LONG,298.15,299.64,tp,0.004,1,0.8032,5
2023-01-16 16:00:00,LONG,301.05,300.15,sl,-0.004,0,0.6992,5
2023-01-16 20:00:00,LONG,299.15,300.65,tp,0.004,1,0.804,5
2023-01-17 00:00:00,LONG,300.25,299.35,sl,-0.004,0,0.7463,5
2023-01-17 04:00:00,SHORT,300.85,301.75,sl,-0.003991,0,0.6789,5
2023-01-17 08:00:00,SHORT,302.65,301.14,tp,0.004025,1,0.724,5
2023-01-17 12:00:00,SHORT,302.35,303.26,sl,-0.003991,0,0.8609,5
2023-01-17 20:00:00,LONG,299.55,301.05,tp,0.004,1,0.6619,5
2023-01-18 00:00:00,SHORT,302.85,301.33,tp,0.004025,1,0.6577,5
2023-01-18 04:00:00,SHORT,301.35,299.84,tp,0.004025,1,0.6759,5
2023-01-18 08:00:00,SHORT,300.95,299.44,tp,0.004025,1,0.8142,5
2023-01-18 12:00:00,SHORT,294.35,292.88,tp,0.004025,1,0.9311,5
2023-01-18 16:00:00,SHORT,292.85,291.39,tp,0.004025,1,0.8282,5
2023-01-18 20:00:00,SHORT,286.56,287.42,sl,-0.003991,0,0.8737,5
2023-01-19 00:00:00,SHORT,289.76,290.62,sl,-0.003991,0,0.7927,5
2023-01-19 04:00:00,LONG,290.55,292.0,tp,0.004,1,0.7745,5
2023-01-19 08:00:00,LONG,289.44,290.89,tp,0.004,1,0.7972,5
2023-01-19 12:00:00,LONG,290.14,291.6,tp,0.004,1,0.8174,5
2023-01-19 16:00:00,SHORT,293.85,294.73,sl,-0.003991,0,0.7065,5
2023-01-19 20:00:00,SHORT,294.45,295.34,sl,-0.003991,0,0.6914,5
2023-01-20 00:00:00,SHORT,294.55,293.08,tp,0.004025,1,0.8699,5
2023-01-20 04:00:00,LONG,288.24,287.38,sl,-0.004,0,0.9154,5
2023-01-20 08:00:00,LONG,287.24,288.68,tp,0.004,1,0.8518,5
2023-01-20 16:00:00,LONG,294.65,296.12,tp,0.004,1,0.6838,5
2023-01-20 20:00:00,LONG,305.25,304.34,sl,-0.004,0,0.8781,5
2023-01-21 00:00:00,LONG,302.35,303.86,tp,0.004,1,0.8709,5
2023-01-21 04:00:00,LONG,304.95,306.48,tp,0.004,1,0.7475,5
2023-01-21 08:00:00,LONG,303.45,304.97,tp,0.004,1,0.7233,5
2023-01-21 12:00:00,LONG,302.05,303.56,tp,0.004,1,0.8129,5
2023-01-21 20:00:00,LONG,299.15,300.65,tp,0.004,1,0.925,5
2023-01-22 16:00:00,SHORT,303.65,302.13,tp,0.004025,1,0.79,5
2023-01-22 20:00:00,LONG,303.15,304.67,tp,0.004,1,0.7612,5
2023-01-23 08:00:00,SHORT,306.25,304.72,tp,0.004025,1,0.6816,5
2023-01-24 00:00:00,SHORT,321.84,320.23,tp,0.004025,1,0.9525,5
2023-01-24 04:00:00,LONG,318.26,317.3,sl,-0.004,0,0.8104,5
2023-01-24 08:00:00,LONG,314.36,315.93,tp,0.004,1,0.8049,5
2023-01-24 12:00:00,SHORT,315.84,314.26,tp,0.004025,1,0.8246,5
2023-01-24 16:00:00,SHORT,310.64,309.09,tp,0.004025,1,0.7761,5
2023-01-24 20:00:00,LONG,300.45,301.95,tp,0.004,1,0.8282,5
2023-01-25 00:00:00,LONG,300.35,301.85,tp,0.004,1,0.8924,5
2023-01-25 04:00:00,SHORT,303.05,301.53,tp,0.004025,1,0.6989,5
2023-01-25 08:00:00,SHORT,300.35,298.85,tp,0.004025,1,0.8828,5
2023-01-25 12:00:00,LONG,300.35,301.85,tp,0.004,1,0.914,5
2023-01-25 16:00:00,SHORT,302.15,303.06,sl,-0.003991,0,0.6914,5
2023-01-25 20:00:00,SHORT,306.75,307.67,sl,-0.003991,0,0.8795,5
2023-01-26 00:00:00,LONG,305.85,307.38,tp,0.004,1,0.7921,5
2023-01-26 04:00:00,LONG,306.05,305.13,sl,-0.004,0,0.7544,5
2023-01-26 08:00:00,SHORT,304.15,305.06,sl,-0.003991,0,0.8305,5
2023-01-26 12:00:00,SHORT,303.55,302.03,tp,0.004025,1,0.8318,5
2023-01-26 16:00:00,SHORT,305.45,303.92,tp,0.004025,1,0.7049,5
2023-01-26 20:00:00,LONG,304.85,303.94,sl,-0.004,0,0.6915,5
2023-01-27 00:00:00,LONG,302.75,304.27,tp,0.004,1,0.8548,5
2023-01-27 08:00:00,SHORT,304.85,303.32,tp,0.004025,1,0.6693,5
2023-01-27 12:00:00,LONG,303.95,305.47,tp,0.004,1,0.7964,5
2023-01-27 16:00:00,SHORT,308.75,307.2,tp,0.004025,1,0.6643,5
2023-01-28 04:00:00,SHORT,308.25,306.7,tp,0.004025,1,0.7371,5
2023-01-28 08:00:00,SHORT,307.35,305.81,tp,0.004025,1,0.6511,5
2023-01-28 12:00:00,LONG,306.35,305.43,sl,-0.004,0,0.7111,5
2023-01-28 20:00:00,SHORT,305.95,306.86,sl,-0.003991,0,0.6748,5
2023-01-29 08:00:00,LONG,316.96,318.54,tp,0.004,1,0.846,5
2023-01-29 12:00:00,LONG,318.56,320.15,tp,0.004,1,0.8032,5
2023-01-29 16:00:00,LONG,319.36,318.4,sl,-0.004,0,0.7625,5
2023-01-29 20:00:00,SHORT,317.04,315.46,tp,0.004025,1,0.7241,5
2023-01-30 00:00:00,SHORT,315.54,313.96,tp,0.004025,1,0.8567,5
2023-01-30 04:00:00,SHORT,312.44,310.88,tp,0.004025,1,0.7545,5
2023-01-30 08:00:00,SHORT,306.65,307.57,sl,-0.003991,0,0.8987,5
2023-01-30 12:00:00,SHORT,308.65,307.1,tp,0.004025,1,0.7808,5
2023-01-30 16:00:00,LONG,305.35,306.88,tp,0.004,1,0.8898,5
2023-01-30 20:00:00,SHORT,307.05,305.51,tp,0.004025,1,0.8045,5
2023-01-31 00:00:00,LONG,312.06,313.62,tp,0.004,1,0.7762,5
2023-01-31 04:00:00,SHORT,311.64,310.09,tp,0.004025,1,0.8724,5
2023-01-31 08:00:00,LONG,309.95,311.5,tp,0.004,1,0.6515,5
2023-01-31 12:00:00,LONG,312.76,311.82,sl,-0.004,0,0.6524,5
2023-01-31 20:00:00,SHORT,311.84,312.78,sl,-0.003991,0,0.7183,5
2023-02-01 00:00:00,SHORT,312.44,310.88,tp,0.004025,1,0.733,5
2023-02-01 04:00:00,LONG,307.85,306.93,sl,-0.004,0,0.6966,5
2023-02-01 08:00:00,LONG,308.25,309.8,tp,0.004,1,0.8994,5
2023-02-01 12:00:00,LONG,307.25,308.79,tp,0.004,1,0.7177,5
2023-02-01 16:00:00,LONG,314.66,316.23,tp,0.004,1,0.6991,5
2023-02-01 20:00:00,LONG,317.16,318.74,tp,0.004,1,0.7889,5
2023-02-02 00:00:00,LONG,327.76,329.4,tp,0.004,1,0.8768,5
2023-02-02 04:00:00,SHORT,328.54,329.52,sl,-0.003991,0,0.866,5
2023-02-02 08:00:00,SHORT,329.84,328.19,tp,0.004025,1,0.8021,5
2023-02-02 12:00:00,SHORT,328.14,329.12,sl,-0.003991,0,0.7644,5
2023-02-02 16:00:00,SHORT,327.94,326.3,tp,0.004025,1,0.8756,5
2023-02-02 20:00:00,LONG,323.66,325.28,tp,0.004,1,0.8115,5
2023-02-03 00:00:00,LONG,321.46,323.07,tp,0.004,1,0.8862,5
2023-02-03 04:00:00,LONG,322.76,324.38,tp,0.004,1,0.7048,5
2023-02-03 08:00:00,SHORT,329.04,327.39,tp,0.004025,1,0.8776,5
2023-02-03 12:00:00,SHORT,331.33,332.33,sl,-0.003991,0,0.937,5
2023-02-03 16:00:00,LONG,330.06,331.72,tp,0.004,1,0.6943,5
2023-02-03 20:00:00,SHORT,332.03,330.37,tp,0.004025,1,0.7626,5
2023-02-04 00:00:00,SHORT,329.14,327.49,tp,0.004025,1,0.8429,5
2023-02-04 04:00:00,LONG,328.66,327.68,sl,-0.004,0,0.7373,5
2023-02-04 12:00:00,LONG,331.27,332.92,tp,0.004,1,0.6742,5
2023-02-05 00:00:00,LONG,329.66,331.31,tp,0.004,1,0.8159,5
2023-02-05 08:00:00,SHORT,332.33,330.67,tp,0.004025,1,0.7021,5
2023-02-05 12:00:00,SHORT,326.54,324.9,tp,0.004025,1,0.7751,5
2023-02-05 16:00:00,LONG,327.06,326.08,sl,-0.004,0,0.851,5
2023-02-05 20:00:00,SHORT,327.64,326.0,tp,0.004025,1,0.747,5
2023-02-06 00:00:00,SHORT,325.14,323.51,tp,0.004025,1,0.8249,5
2023-02-06 04:00:00,LONG,327.06,326.08,sl,-0.004,0,0.7263,5
2023-02-06 08:00:00,SHORT,327.44,328.42,sl,-0.003991,0,0.7478,5
2023-02-06 12:00:00,SHORT,329.84,328.19,tp,0.004025,1,0.7169,5
2023-02-06 16:00:00,SHORT,328.74,327.09,tp,0.004025,1,0.846,5
2023-02-07 00:00:00,LONG,326.76,328.4,tp,0.004,1,0.772,5
2023-02-07 08:00:00,LONG,330.16,329.17,sl,-0.004,0,0.6775,5
2023-02-07 16:00:00,LONG,330.77,332.42,tp,0.004,1,0.8082,5
2023-02-07 20:00:00,LONG,333.17,334.83,tp,0.004,1,0.6919,5
2023-02-08 00:00:00,SHORT,331.53,329.88,tp,0.004025,1,0.7658,5
2023-02-08 04:00:00,SHORT,331.63,329.98,tp,0.004025,1,0.6967,5
2023-02-08 08:00:00,SHORT,331.43,329.78,tp,0.004025,1,0.7998,5
2023-02-08 12:00:00,SHORT,327.14,325.5,tp,0.004025,1,0.8555,5
2023-02-08 16:00:00,SHORT,326.44,327.42,sl,-0.003991,0,0.7303,5
2023-02-09 00:00:00,LONG,319.76,321.36,tp,0.004,1,0.7853,5
2023-02-09 04:00:00,SHORT,322.04,320.43,tp,0.004025,1,0.7277,5
2023-02-09 08:00:00,SHORT,320.54,318.94,tp,0.004025,1,0.7636,5
2023-02-09 12:00:00,SHORT,318.64,317.05,tp,0.004025,1,0.688,5
2023-02-09 16:00:00,SHORT,311.34,309.79,tp,0.004025,1,0.8756,5
2023-02-09 20:00:00,LONG,306.35,307.88,tp,0.004,1,0.8913,5
2023-02-10 00:00:00,SHORT,306.55,305.01,tp,0.004025,1,0.7166,5
2023-02-10 04:00:00,SHORT,307.65,306.11,tp,0.004025,1,0.7893,5
2023-02-10 08:00:00,SHORT,306.35,304.82,tp,0.004025,1,0.8834,5
2023-02-10 12:00:00,SHORT,305.85,306.76,sl,-0.003991,0,0.6701,5
2023-02-10 16:00:00,SHORT,308.35,306.8,tp,0.004025,1,0.6548,5
2023-02-10 20:00:00,SHORT,305.65,306.56,sl,-0.003991,0,0.8844,5
2023-02-11 20:00:00,SHORT,310.24,308.69,tp,0.004025,1,0.8569,5
2023-02-12 04:00:00,LONG,307.15,308.69,tp,0.004,1,0.6539,5
2023-02-12 16:00:00,SHORT,318.94,317.35,tp,0.004025,1,0.8945,5
2023-02-12 20:00:00,LONG,312.76,311.82,sl,-0.004,0,0.7049,5
2023-02-13 00:00:00,SHORT,311.74,310.19,tp,0.004025,1,0.7241,5
2023-02-13 04:00:00,LONG,307.45,306.53,sl,-0.004,0,0.7252,5
2023-02-13 08:00:00,SHORT,292.45,290.99,tp,0.004025,1,0.9064,5
2023-02-13 12:00:00,SHORT,286.66,285.22,tp,0.004025,1,0.8702,5
2023-02-13 16:00:00,LONG,289.04,290.49,tp,0.004,1,0.8944,5
2023-02-13 20:00:00,SHORT,294.15,292.68,tp,0.004025,1,0.8189,5
2023-02-14 00:00:00,LONG,290.95,292.4,tp,0.004,1,0.7638,5
2023-02-14 04:00:00,LONG,293.85,292.97,sl,-0.004,0,0.6826,5
2023-02-14 08:00:00,SHORT,292.55,291.09,tp,0.004025,1,0.6747,5
2023-02-14 12:00:00,SHORT,297.35,295.86,tp,0.004025,1,0.8905,5
2023-02-14 16:00:00,SHORT,297.95,296.46,tp,0.004025,1,0.737,5
2023-02-14 20:00:00,SHORT,296.05,294.57,tp,0.004025,1,0.676,5
2023-02-15 00:00:00,LONG,296.85,298.33,tp,0.004,1,0.6744,5
2023-02-15 08:00:00,SHORT,301.45,302.35,sl,-0.003991,0,0.8456,5
2023-02-15 12:00:00,LONG,303.35,304.87,tp,0.004,1,0.7363,5
2023-02-15 16:00:00,SHORT,307.25,308.17,sl,-0.003991,0,0.7563,5
2023-02-15 20:00:00,SHORT,317.24,318.19,sl,-0.003991,0,0.8568,5
2023-02-16 00:00:00,SHORT,321.34,319.73,tp,0.004025,1,0.9294,5
2023-02-16 04:00:00,SHORT,319.64,320.6,sl,-0.003991,0,0.7794,5
2023-02-16 08:00:00,SHORT,319.14,317.54,tp,0.004025,1,0.8752,5
2023-02-16 12:00:00,SHORT,324.44,322.82,tp,0.004025,1,0.9312,5
2023-02-16 16:00:00,SHORT,319.24,317.64,tp,0.004025,1,0.9143,5
2023-02-16 20:00:00,SHORT,304.25,305.16,sl,-0.003991,0,0.8952,5
2023-02-17 00:00:00,LONG,309.75,308.83,sl,-0.004,0,0.92,5
2023-02-17 04:00:00,SHORT,308.15,309.07,sl,-0.003991,0,0.7857,5
2023-02-17 08:00:00,LONG,309.85,311.4,tp,0.004,1,0.7994,5
2023-02-17 12:00:00,LONG,310.36,311.91,tp,0.004,1,0.7791,5
2023-02-17 16:00:00,LONG,314.96,316.53,tp,0.004,1,0.8806,5
2023-02-17 20:00:00,LONG,313.16,314.72,tp,0.004,1,0.782,5
2023-02-18 00:00:00,LONG,315.26,316.83,tp,0.004,1,0.7076,5
2023-02-18 04:00:00,SHORT,316.44,314.86,tp,0.004025,1,0.8941,5
2023-02-18 08:00:00,SHORT,314.64,315.59,sl,-0.003991,0,0.7609,5
2023-02-18 20:00:00,LONG,316.66,318.24,tp,0.004,1,0.7588,5
2023-02-19 00:00:00,SHORT,314.94,315.89,sl,-0.003991,0,0.7952,5
2023-02-19 08:00:00,SHORT,315.54,316.49,sl,-0.003991,0,0.6985,5
2023-02-19 16:00:00,SHORT,312.54,310.98,tp,0.004025,1,0.6869,5
2023-02-20 00:00:00,LONG,316.56,315.61,sl,-0.004,0,0.7684,5
2023-02-20 08:00:00,SHORT,317.94,316.35,tp,0.004025,1,0.8601,5
2023-02-20 16:00:00,LONG,314.86,313.91,sl,-0.004,0,0.8001,5
2023-02-20 20:00:00,SHORT,315.24,316.19,sl,-0.003991,0,0.707,5
2023-02-21 00:00:00,SHORT,315.34,316.29,sl,-0.003991,0,0.7106,5
2023-02-21 04:00:00,SHORT,316.04,314.46,tp,0.004025,1,0.7081,5
2023-02-21 08:00:00,SHORT,311.54,312.48,sl,-0.003991,0,0.8866,5
2023-02-21 12:00:00,SHORT,312.74,311.18,tp,0.004025,1,0.8193,5
2023-02-21 16:00:00,SHORT,313.04,311.48,tp,0.004025,1,0.7708,5
2023-02-21 20:00:00,SHORT,311.34,309.79,tp,0.004025,1,0.656,5
2023-02-22 00:00:00,SHORT,308.75,307.2,tp,0.004025,1,0.825,5
2023-02-22 04:00:00,SHORT,307.35,305.81,tp,0.004025,1,0.8148,5
2023-02-22 08:00:00,SHORT,307.75,306.21,tp,0.004025,1,0.8648,5
2023-02-22 12:00:00,LONG,304.75,306.28,tp,0.004,1,0.8749,5
2023-02-22 20:00:00,LONG,312.56,314.12,tp,0.004,1,0.6588,5
2023-02-23 00:00:00,SHORT,312.94,313.88,sl,-0.003991,0,0.8134,5
2023-02-23 08:00:00,SHORT,306.85,307.77,sl,-0.003991,0,0.8196,5
2023-02-23 12:00:00,LONG,309.35,308.43,sl,-0.004,0,0.7029,5
2023-02-23 16:00:00,SHORT,309.05,307.5,tp,0.004025,1,0.7635,5
2023-02-24 04:00:00,SHORT,310.64,309.09,tp,0.004025,1,0.6976,5
2023-02-24 08:00:00,SHORT,310.14,308.59,tp,0.004025,1,0.9215,5
2023-02-24 12:00:00,SHORT,303.55,302.03,tp,0.004025,1,0.8217,5
2023-02-24 16:00:00,LONG,302.55,304.06,tp,0.004,1,0.8238,5
2023-02-24 20:00:00,SHORT,302.15,300.64,tp,0.004025,1,0.7677,5
2023-02-25 20:00:00,LONG,302.55,301.64,sl,-0.004,0,0.664,5
2023-02-26 00:00:00,SHORT,303.15,304.06,sl,-0.003991,0,0.6793,5
2023-02-26 04:00:00,SHORT,302.85,303.76,sl,-0.003991,0,0.6964,5
2023-02-26 12:00:00,SHORT,304.25,305.16,sl,-0.003991,0,0.6522,5
2023-02-26 16:00:00,SHORT,308.45,309.37,sl,-0.003991,0,0.6511,5
2023-02-26 20:00:00,SHORT,308.55,307.0,tp,0.004025,1,0.8643,5
2023-02-27 08:00:00,SHORT,304.95,305.86,sl,-0.003991,0,0.7648,5
2023-02-27 16:00:00,LONG,303.25,304.77,tp,0.004,1,0.7793,5
2023-02-28 00:00:00,SHORT,304.95,303.42,tp,0.004025,1,0.6925,5
2023-02-28 08:00:00,LONG,302.45,303.96,tp,0.004,1,0.8413,5
2023-02-28 16:00:00,SHORT,301.85,300.34,tp,0.004025,1,0.7415,5
2023-02-28 20:00:00,LONG,301.55,303.06,tp,0.004,1,0.8649,5
2023-03-01 04:00:00,SHORT,303.35,304.26,sl,-0.003991,0,0.699,5
2023-03-02 00:00:00,SHORT,299.75,298.25,tp,0.004025,1,0.8126,5
2023-03-02 08:00:00,SHORT,298.85,297.36,tp,0.004025,1,0.7565,5
2023-03-02 12:00:00,LONG,297.95,299.44,tp,0.004,1,0.8049,5
2023-03-02 20:00:00,SHORT,299.65,298.15,tp,0.004025,1,0.8128,5
2023-03-03 00:00:00,LONG,290.35,291.8,tp,0.004,1,0.8756,5
2023-03-03 08:00:00,LONG,289.84,288.98,sl,-0.004,0,0.6695,5
2023-03-04 00:00:00,SHORT,289.95,290.82,sl,-0.003991,0,0.7388,5
2023-03-04 12:00:00,SHORT,289.95,288.51,tp,0.004025,1,0.6713,5
2023-03-05 00:00:00,SHORT,290.35,291.23,sl,-0.003991,0,0.6516,5
2023-03-05 12:00:00,SHORT,290.85,289.4,tp,0.004025,1,0.6789,5
2023-03-06 08:00:00,SHORT,284.06,284.91,sl,-0.003991,0,0.7086,5
2023-03-07 00:00:00,SHORT,288.26,286.81,tp,0.004025,1,0.7277,5
2023-03-07 04:00:00,SHORT,286.96,285.52,tp,0.004025,1,0.6517,5
2023-03-07 08:00:00,SHORT,285.36,283.93,tp,0.004025,1,0.8632,5
2023-03-07 12:00:00,LONG,287.44,288.88,tp,0.004,1,0.6604,5
2023-03-08 00:00:00,SHORT,289.46,288.01,tp,0.004025,1,0.7202,5
2023-03-08 08:00:00,SHORT,287.76,286.32,tp,0.004025,1,0.7156,5
2023-03-08 12:00:00,SHORT,292.55,291.09,tp,0.004025,1,0.7402,5
2023-03-08 16:00:00,SHORT,289.46,288.01,tp,0.004025,1,0.6967,5
2023-03-09 00:00:00,SHORT,289.46,290.32,sl,-0.003991,0,0.7037,5
2023-03-09 04:00:00,SHORT,288.96,287.51,tp,0.004025,1,0.6535,5
2023-03-09 08:00:00,SHORT,289.36,290.22,sl,-0.003991,0,0.7842,5
2023-03-09 12:00:00,SHORT,289.16,287.71,tp,0.004025,1,0.8984,5
2023-03-09 16:00:00,SHORT,279.96,278.56,tp,0.004025,1,0.7896,5
2023-03-09 20:00:00,SHORT,276.96,275.58,tp,0.004025,1,0.9284,5
2023-03-10 00:00:00,SHORT,273.76,272.39,tp,0.004025,1,0.7394,5
2023-03-10 04:00:00,SHORT,273.16,271.8,tp,0.004025,1,0.7628,5
2023-03-10 08:00:00,LONG,267.53,268.87,tp,0.004,1,0.8811,5
2023-03-10 12:00:00,LONG,274.64,276.01,tp,0.004,1,0.8153,5
2023-03-10 16:00:00,LONG,277.14,276.31,sl,-0.004,0,0.7943,5
2023-03-10 20:00:00,LONG,277.54,278.93,tp,0.004,1,0.6752,5
2023-03-11 00:00:00,SHORT,278.76,277.37,tp,0.004025,1,0.7857,5
2023-03-11 04:00:00,LONG,272.24,273.6,tp,0.004,1,0.7433,5
2023-03-11 08:00:00,LONG,275.04,274.21,sl,-0.004,0,0.6632,5
2023-03-11 12:00:00,LONG,272.34,273.7,tp,0.004,1,0.7075,5
2023-03-11 16:00:00,LONG,272.64,274.0,tp,0.004,1,0.785,5
2023-03-12 00:00:00,LONG,276.74,278.12,tp,0.004,1,0.6895,5
2023-03-12 04:00:00,SHORT,275.66,276.49,sl,-0.003991,0,0.8251,5
2023-03-12 12:00:00,SHORT,273.66,274.48,sl,-0.003991,0,0.6614,5
2023-03-12 16:00:00,LONG,277.94,279.33,tp,0.004,1,0.846,5
2023-03-12 20:00:00,LONG,288.24,289.69,tp,0.004,1,0.8373,5
2023-03-13 00:00:00,LONG,286.84,288.28,tp,0.004,1,0.9233,5
2023-03-13 04:00:00,LONG,304.95,306.48,tp,0.004,1,0.9245,5
2023-03-13 08:00:00,LONG,297.05,298.53,tp,0.004,1,0.8749,5
2023-03-13 12:00:00,SHORT,308.65,307.1,tp,0.004025,1,0.9597,5
2023-03-13 16:00:00,LONG,306.95,308.49,tp,0.004,1,0.8627,5
2023-03-13 20:00:00,SHORT,307.75,306.21,tp,0.004025,1,0.8603,5
2023-03-14 00:00:00,SHORT,306.05,304.52,tp,0.004025,1,0.7763,5
2023-03-14 04:00:00,LONG,304.25,305.77,tp,0.004,1,0.826,5
2023-03-14 08:00:00,LONG,306.25,307.78,tp,0.004,1,0.8845,5
2023-03-14 12:00:00,SHORT,317.34,315.75,tp,0.004025,1,0.9446,5
2023-03-14 16:00:00,SHORT,310.84,309.29,tp,0.004025,1,0.8533,5
2023-03-14 20:00:00,SHORT,308.25,306.7,tp,0.004025,1,0.9027,5
2023-03-15 00:00:00,SHORT,309.65,310.57,sl,-0.003991,0,0.7324,5
2023-03-15 04:00:00,SHORT,312.34,310.78,tp,0.004025,1,0.9395,5
2023-03-15 08:00:00,SHORT,307.85,306.31,tp,0.004025,1,0.9004,5
2023-03-15 12:00:00,LONG,305.25,304.34,sl,-0.004,0,0.8314,5
2023-03-15 16:00:00,LONG,305.75,307.28,tp,0.004,1,0.877,5
2023-03-15 20:00:00,SHORT,306.15,304.62,tp,0.004025,1,0.7322,5
2023-03-16 00:00:00,LONG,309.95,311.5,tp,0.004,1,0.8097,5
2023-03-16 04:00:00,LONG,321.46,320.5,sl,-0.004,0,0.8178,5
2023-03-16 08:00:00,LONG,315.86,317.44,tp,0.004,1,0.8459,5
2023-03-16 12:00:00,LONG,326.96,328.6,tp,0.004,1,0.9073,5
2023-03-16 16:00:00,LONG,329.76,331.41,tp,0.004,1,0.883,5
2023-03-16 20:00:00,LONG,329.56,331.21,tp,0.004,1,0.8504,5
2023-03-17 00:00:00,LONG,331.57,333.22,tp,0.004,1,0.7989,5
2023-03-17 04:00:00,LONG,329.86,331.51,tp,0.004,1,0.8654,5
2023-03-17 08:00:00,SHORT,334.43,332.76,tp,0.004025,1,0.9601,5
2023-03-17 12:00:00,LONG,331.37,333.02,tp,0.004,1,0.9022,5
2023-03-17 16:00:00,SHORT,335.13,333.46,tp,0.004025,1,0.8415,5
2023-03-17 20:00:00,SHORT,338.73,339.75,sl,-0.003991,0,0.8028,5
2023-03-18 00:00:00,LONG,343.77,345.49,tp,0.004,1,0.8524,5
2023-03-18 04:00:00,SHORT,344.13,342.41,tp,0.004025,1,0.9373,5
2023-03-18 08:00:00,SHORT,343.23,341.51,tp,0.004025,1,0.8833,5
2023-03-18 12:00:00,SHORT,332.33,330.67,tp,0.004025,1,0.8523,5
2023-03-18 16:00:00,LONG,336.37,338.05,tp,0.004,1,0.8642,5
2023-03-18 20:00:00,LONG,331.17,332.82,tp,0.004,1,0.8068,5
2023-03-19 00:00:00,LONG,333.87,335.54,tp,0.004,1,0.7433,5
2023-03-19 04:00:00,SHORT,335.63,333.95,tp,0.004025,1,0.7269,5
2023-03-19 08:00:00,SHORT,336.93,337.94,sl,-0.003991,0,0.7101,5
2023-03-19 12:00:00,SHORT,339.23,337.53,tp,0.004025,1,0.9066,5
2023-03-19 16:00:00,SHORT,339.53,337.83,tp,0.004025,1,0.6505,5
2023-03-19 20:00:00,SHORT,336.53,334.85,tp,0.004025,1,0.8011,5
2023-03-20 00:00:00,SHORT,333.13,334.13,sl,-0.003991,0,0.7679,5
2023-03-20 04:00:00,LONG,334.87,336.54,tp,0.004,1,0.7791,5
2023-03-20 08:00:00,LONG,337.37,336.36,sl,-0.004,0,0.7546,5
2023-03-20 16:00:00,SHORT,335.83,334.15,tp,0.004025,1,0.784,5
2023-03-20 20:00:00,SHORT,332.33,333.33,sl,-0.003991,0,0.7591,5
2023-03-21 04:00:00,LONG,328.86,330.51,tp,0.004,1,0.9219,5
2023-03-21 08:00:00,SHORT,334.73,335.74,sl,-0.003991,0,0.7508,5
2023-03-21 12:00:00,SHORT,337.53,335.84,tp,0.004025,1,0.7303,5
2023-03-21 16:00:00,SHORT,337.73,336.04,tp,0.004025,1,0.8934,5
2023-03-21 20:00:00,SHORT,334.23,332.56,tp,0.004025,1,0.6897,5
2023-03-22 00:00:00,SHORT,335.03,336.04,sl,-0.003991,0,0.7151,5
2023-03-22 04:00:00,SHORT,336.63,334.95,tp,0.004025,1,0.8672,5
2023-03-22 08:00:00,SHORT,323.94,322.32,tp,0.004025,1,0.8598,5
2023-03-22 12:00:00,SHORT,327.64,326.0,tp,0.004025,1,0.8501,5
2023-03-22 16:00:00,SHORT,316.74,317.69,sl,-0.003991,0,0.8599,5
2023-03-22 20:00:00,LONG,321.26,320.3,sl,-0.004,0,0.9322,5
2023-03-23 00:00:00,LONG,320.66,322.26,tp,0.004,1,0.721,5
2023-03-23 04:00:00,LONG,324.16,325.78,tp,0.004,1,0.675,5
2023-03-23 08:00:00,SHORT,325.14,323.51,tp,0.004025,1,0.6819,5
2023-03-23 12:00:00,SHORT,330.43,328.78,tp,0.004025,1,0.7376,5
2023-03-23 16:00:00,SHORT,329.74,328.09,tp,0.004025,1,0.847,5
2023-03-23 20:00:00,SHORT,329.24,327.59,tp,0.004025,1,0.741,5
2023-03-24 00:00:00,SHORT,327.04,325.4,tp,0.004025,1,0.6754,5
2023-03-24 04:00:00,SHORT,324.74,323.11,tp,0.004025,1,0.7112,5
2023-03-24 08:00:00,SHORT,323.64,322.02,tp,0.004025,1,0.8288,5
2023-03-24 12:00:00,SHORT,320.84,319.24,tp,0.004025,1,0.7543,5
2023-03-24 16:00:00,LONG,322.26,321.29,sl,-0.004,0,0.8352,5
2023-03-24 20:00:00,SHORT,321.94,322.9,sl,-0.003991,0,0.7529,5
2023-03-25 00:00:00,SHORT,323.64,324.61,sl,-0.003991,0,0.8433,5
2023-03-25 12:00:00,SHORT,323.94,322.32,tp,0.004025,1,0.8372,5
2023-03-25 16:00:00,LONG,319.86,321.46,tp,0.004,1,0.8814,5
2023-03-26 08:00:00,SHORT,327.04,325.4,tp,0.004025,1,0.7449,5
2023-03-26 20:00:00,SHORT,328.44,326.79,tp,0.004025,1,0.9227,5
2023-03-27 08:00:00,SHORT,328.44,326.79,tp,0.004025,1,0.7817,5
2023-03-27 12:00:00,SHORT,314.04,312.47,tp,0.004025,1,0.881,5
2023-03-27 16:00:00,SHORT,306.15,307.07,sl,-0.003991,0,0.8056,5
2023-03-27 20:00:00,LONG,310.76,312.31,tp,0.004,1,0.8814,5
2023-03-28 00:00:00,LONG,307.75,309.29,tp,0.004,1,0.8025,5
2023-03-28 04:00:00,LONG,309.15,310.7,tp,0.004,1,0.7922,5
2023-03-28 08:00:00,SHORT,311.24,309.69,tp,0.004025,1,0.7418,5
2023-03-28 16:00:00,SHORT,314.44,312.87,tp,0.004025,1,0.8599,5
2023-03-28 20:00:00,SHORT,313.04,313.98,sl,-0.003991,0,0.7023,5
2023-03-29 04:00:00,SHORT,316.34,317.29,sl,-0.003991,0,0.6881,5
2023-03-29 08:00:00,SHORT,317.54,315.95,tp,0.004025,1,0.8879,5
2023-03-29 12:00:00,SHORT,316.34,314.76,tp,0.004025,1,0.7532,5
2023-03-29 16:00:00,SHORT,316.04,314.46,tp,0.004025,1,0.6746,5
2023-03-29 20:00:00,SHORT,313.54,311.98,tp,0.004025,1,0.6588,5
2023-04-02 04:00:00,SHORT,315.14,313.57,tp,0.004025,1,0.6853,6
2023-04-02 12:00:00,SHORT,313.04,311.48,tp,0.004025,1,0.691,6
2023-04-02 16:00:00,SHORT,311.54,312.48,sl,-0.003991,0,0.6978,6
2023-04-03 04:00:00,LONG,311.06,312.61,tp,0.004,1,0.6863,6
2023-04-03 20:00:00,LONG,308.95,310.5,tp,0.004,1,0.7522,6
2023-04-04 12:00:00,SHORT,311.04,311.98,sl,-0.003991,0,0.6962,6
2023-04-05 08:00:00,SHORT,315.54,313.96,tp,0.004025,1,0.7554,6
2023-04-06 00:00:00,SHORT,313.84,312.27,tp,0.004025,1,0.7841,6
2023-04-06 08:00:00,LONG,312.26,311.32,sl,-0.004,0,0.76,6
2023-04-06 16:00:00,SHORT,312.54,310.98,tp,0.004025,1,0.7423,6
2023-04-08 16:00:00,SHORT,310.54,311.48,sl,-0.003991,0,0.6806,6
2023-04-10 00:00:00,SHORT,312.74,313.68,sl,-0.003991,0,0.6521,6
2023-04-10 04:00:00,SHORT,312.74,313.68,sl,-0.003991,0,0.6666,6
2023-04-10 08:00:00,SHORT,312.54,313.48,sl,-0.003991,0,0.7309,6
2023-04-10 16:00:00,SHORT,313.74,314.68,sl,-0.003991,0,0.653,6
2023-04-10 20:00:00,SHORT,318.34,319.3,sl,-0.003991,0,0.6738,6
2023-04-11 00:00:00,LONG,327.56,329.2,tp,0.004,1,0.7373,6
2023-04-11 04:00:00,SHORT,331.33,329.68,tp,0.004025,1,0.8696,6
2023-04-11 12:00:00,SHORT,328.84,327.19,tp,0.004025,1,0.7171,6
2023-04-11 16:00:00,LONG,325.16,324.19,sl,-0.004,0,0.6878,6
2023-04-11 20:00:00,SHORT,322.14,320.53,tp,0.004025,1,0.6743,6
2023-04-12 00:00:00,LONG,317.46,319.05,tp,0.004,1,0.9212,6
2023-04-12 04:00:00,LONG,319.26,318.3,sl,-0.004,0,0.6597,6
2023-04-12 12:00:00,SHORT,319.24,320.2,sl,-0.003991,0,0.7984,6
2023-04-13 04:00:00,LONG,319.46,321.06,tp,0.004,1,0.6904,6
2023-04-14 00:00:00,LONG,331.57,333.22,tp,0.004,1,0.6579,6
2023-04-14 04:00:00,SHORT,333.73,332.06,tp,0.004025,1,0.9221,6
2023-04-14 08:00:00,SHORT,333.13,331.47,tp,0.004025,1,0.7199,6
2023-04-14 12:00:00,SHORT,325.64,324.01,tp,0.004025,1,0.7099,6
2023-04-14 16:00:00,LONG,329.16,328.18,sl,-0.004,0,0.771,6
2023-04-15 08:00:00,LONG,333.67,335.34,tp,0.004,1,0.7497,6
2023-04-15 12:00:00,SHORT,334.03,332.36,tp,0.004025,1,0.8755,6
2023-04-16 00:00:00,LONG,332.27,333.93,tp,0.004,1,0.7247,6
2023-04-16 12:00:00,LONG,345.97,347.7,tp,0.004,1,0.874,6
2023-04-16 16:00:00,LONG,347.77,349.51,tp,0.004,1,0.8966,6
2023-04-16 20:00:00,LONG,347.87,349.61,tp,0.004,1,0.7421,6
2023-04-17 00:00:00,SHORT,348.53,346.78,tp,0.004025,1,0.7539,6
2023-04-17 08:00:00,SHORT,341.83,340.12,tp,0.004025,1,0.7631,6
2023-04-17 12:00:00,LONG,339.07,340.76,tp,0.004,1,0.8957,6
2023-04-17 20:00:00,LONG,340.17,339.15,sl,-0.004,0,0.7222,6
2023-04-18 00:00:00,LONG,340.07,341.77,tp,0.004,1,0.7344,6
2023-04-18 04:00:00,LONG,344.57,346.3,tp,0.004,1,0.7364,6
2023-04-18 08:00:00,LONG,346.17,345.13,sl,-0.004,0,0.6712,6
2023-04-18 12:00:00,SHORT,342.43,340.72,tp,0.004025,1,0.7613,6
2023-04-18 16:00:00,LONG,341.57,343.28,tp,0.004,1,0.7859,6
2023-04-19 00:00:00,SHORT,341.23,339.52,tp,0.004025,1,0.8103,6
2023-04-19 08:00:00,SHORT,326.74,327.72,sl,-0.003991,0,0.8447,6
2023-04-19 12:00:00,SHORT,326.54,324.9,tp,0.004025,1,0.7111,6
2023-04-19 16:00:00,LONG,325.36,324.39,sl,-0.004,0,0.6718,6
2023-04-19 20:00:00,LONG,322.56,324.17,tp,0.004,1,0.8781,6
2023-04-20 00:00:00,LONG,324.26,325.88,tp,0.004,1,0.6752,6
2023-04-20 04:00:00,LONG,324.86,326.49,tp,0.004,1,0.7227,6
2023-04-20 08:00:00,LONG,323.56,325.18,tp,0.004,1,0.6892,6
2023-04-20 12:00:00,SHORT,322.84,321.22,tp,0.004025,1,0.8126,6
2023-04-20 16:00:00,LONG,317.16,318.74,tp,0.004,1,0.8214,6
2023-04-20 20:00:00,LONG,318.26,317.3,sl,-0.004,0,0.6975,6
2023-04-21 04:00:00,SHORT,329.54,327.89,tp,0.004025,1,0.6848,6
2023-04-21 08:00:00,LONG,326.96,328.6,tp,0.004,1,0.7803,6
2023-04-21 16:00:00,LONG,318.26,319.85,tp,0.004,1,0.7664,6
2023-04-21 20:00:00,LONG,321.36,320.4,sl,-0.004,0,0.791,6
2023-04-22 04:00:00,LONG,322.46,324.07,tp,0.004,1,0.7278,6
2023-04-22 08:00:00,SHORT,325.74,326.71,sl,-0.003991,0,0.6542,6
2023-04-22 12:00:00,LONG,328.06,329.7,tp,0.004,1,0.7321,6
2023-04-22 16:00:00,LONG,329.86,331.51,tp,0.004,1,0.6559,6
2023-04-22 20:00:00,SHORT,332.03,330.37,tp,0.004025,1,0.9103,6
2023-04-23 12:00:00,SHORT,328.44,329.42,sl,-0.003991,0,0.8598,6
2023-04-24 00:00:00,SHORT,331.83,330.17,tp,0.004025,1,0.8538,6
2023-04-24 08:00:00,SHORT,331.13,332.13,sl,-0.003991,0,0.6974,6
2023-04-24 12:00:00,SHORT,329.54,327.89,tp,0.004025,1,0.6629,6
2023-04-25 04:00:00,LONG,329.36,331.01,tp,0.004,1,0.6902,6
2023-04-25 08:00:00,SHORT,330.63,328.98,tp,0.004025,1,0.8003,6
2023-04-25 12:00:00,SHORT,332.23,333.23,sl,-0.003991,0,0.8057,6
2023-04-25 16:00:00,SHORT,332.73,333.73,sl,-0.003991,0,0.6897,6
2023-04-25 20:00:00,SHORT,338.23,339.25,sl,-0.003991,0,0.857,6
2023-04-26 08:00:00,SHORT,337.93,338.94,sl,-0.003991,0,0.6607,6
2023-04-26 12:00:00,SHORT,342.03,340.32,tp,0.004025,1,0.9256,6
2023-04-26 20:00:00,SHORT,330.43,331.43,sl,-0.003991,0,0.7099,6
2023-04-27 00:00:00,LONG,332.17,333.83,tp,0.004,1,0.7432,6
2023-04-27 04:00:00,LONG,331.07,330.07,sl,-0.004,0,0.7588,6
2023-04-27 08:00:00,LONG,330.37,332.02,tp,0.004,1,0.7008,6
2023-04-27 12:00:00,LONG,331.97,333.63,tp,0.004,1,0.7466,6
2023-04-27 16:00:00,SHORT,334.83,333.16,tp,0.004025,1,0.8096,6
2023-04-28 04:00:00,SHORT,325.44,323.81,tp,0.004025,1,0.6913,6
2023-04-28 08:00:00,LONG,322.26,323.87,tp,0.004,1,0.8502,6
2023-04-29 00:00:00,SHORT,323.84,322.22,tp,0.004025,1,0.7805,6
2023-04-30 16:00:00,LONG,336.17,337.85,tp,0.004,1,0.8311,6
2023-04-30 20:00:00,LONG,337.67,339.36,tp,0.004,1,0.7858,6
2023-05-01 00:00:00,SHORT,334.33,332.66,tp,0.004025,1,0.6953,6
2023-05-01 04:00:00,SHORT,333.73,334.73,sl,-0.003991,0,0.6632,6
2023-05-01 08:00:00,SHORT,334.83,333.16,tp,0.004025,1,0.735,6
2023-05-01 12:00:00,SHORT,330.33,328.68,tp,0.004025,1,0.7491,6
2023-05-01 16:00:00,SHORT,326.74,327.72,sl,-0.003991,0,0.6874,6
2023-05-02 08:00:00,SHORT,324.64,323.01,tp,0.004025,1,0.6502,6
2023-05-02 12:00:00,SHORT,324.64,325.61,sl,-0.003991,0,0.7672,6
2023-05-02 16:00:00,SHORT,325.14,323.51,tp,0.004025,1,0.8748,6
2023-05-03 00:00:00,LONG,324.46,323.49,sl,-0.004,0,0.6756,6
2023-05-03 20:00:00,SHORT,325.74,326.71,sl,-0.003991,0,0.7897,6
2023-05-04 12:00:00,SHORT,324.54,325.51,sl,-0.003991,0,0.6627,6
2023-05-04 20:00:00,LONG,323.96,325.58,tp,0.004,1,0.8026,6
2023-05-05 00:00:00,SHORT,325.04,326.01,sl,-0.003991,0,0.6506,6
2023-05-05 16:00:00,SHORT,327.64,326.0,tp,0.004025,1,0.7613,6
2023-05-06 12:00:00,LONG,320.56,322.16,tp,0.004,1,0.8527,6
2023-05-07 12:00:00,SHORT,324.24,322.62,tp,0.004025,1,0.7721,6
2023-05-08 00:00:00,SHORT,318.34,316.75,tp,0.004025,1,0.7704,6
2023-05-08 04:00:00,SHORT,316.44,314.86,tp,0.004025,1,0.691,6
2023-05-08 08:00:00,SHORT,317.44,315.85,tp,0.004025,1,0.7626,6
2023-05-08 16:00:00,SHORT,311.54,312.48,sl,-0.003991,0,0.7638,6
2023-05-09 08:00:00,SHORT,314.34,312.77,tp,0.004025,1,0.8597,6
2023-05-10 08:00:00,SHORT,311.64,312.58,sl,-0.003991,0,0.6819,6
2023-05-11 04:00:00,SHORT,310.94,311.88,sl,-0.003991,0,0.6596,6
2023-05-11 08:00:00,SHORT,311.84,310.28,tp,0.004025,1,0.8081,6
2023-05-11 12:00:00,SHORT,309.45,307.9,tp,0.004025,1,0.856,6
2023-05-11 16:00:00,SHORT,306.05,306.97,sl,-0.003991,0,0.7216,6
2023-05-12 04:00:00,LONG,304.15,305.67,tp,0.004,1,0.8119,6
2023-05-13 08:00:00,SHORT,310.54,308.99,tp,0.004025,1,0.6944,6
2023-05-13 12:00:00,LONG,309.95,309.03,sl,-0.004,0,0.6692,6
2023-05-14 12:00:00,SHORT,313.74,312.17,tp,0.004025,1,0.8931,6
2023-05-15 04:00:00,SHORT,315.44,313.86,tp,0.004025,1,0.674,6
2023-05-15 16:00:00,SHORT,313.74,312.17,tp,0.004025,1,0.81,6
2023-05-16 00:00:00,SHORT,312.54,310.98,tp,0.004025,1,0.7323,6
2023-05-16 04:00:00,SHORT,312.84,311.28,tp,0.004025,1,0.716,6
2023-05-16 08:00:00,SHORT,310.44,311.38,sl,-0.003991,0,0.7099,6
2023-05-16 12:00:00,LONG,310.96,310.02,sl,-0.004,0,0.7346,6
2023-05-17 00:00:00,SHORT,312.04,310.48,tp,0.004025,1,0.8368,6
2023-05-17 08:00:00,SHORT,307.85,308.77,sl,-0.003991,0,0.7332,6
2023-05-17 12:00:00,LONG,309.05,310.6,tp,0.004,1,0.7605,6
2023-05-18 08:00:00,SHORT,314.04,312.47,tp,0.004025,1,0.9158,6
2023-05-18 12:00:00,SHORT,311.24,309.69,tp,0.004025,1,0.6979,6
2023-05-18 16:00:00,LONG,308.15,309.69,tp,0.004,1,0.8534,6
2023-05-19 12:00:00,SHORT,309.45,307.9,tp,0.004025,1,0.7491,6
2023-05-20 16:00:00,SHORT,310.94,309.39,tp,0.004025,1,0.794,6
2023-05-22 00:00:00,LONG,305.75,307.28,tp,0.004,1,0.7976,6
2023-05-23 00:00:00,SHORT,314.64,313.07,tp,0.004025,1,0.6835,6
2023-05-23 04:00:00,SHORT,313.34,314.28,sl,-0.003991,0,0.9165,6
2023-05-23 08:00:00,SHORT,313.74,314.68,sl,-0.003991,0,0.78,6
2023-05-23 12:00:00,SHORT,314.24,312.67,tp,0.004025,1,0.8132,6
2023-05-23 16:00:00,SHORT,312.54,313.48,sl,-0.003991,0,0.7071,6
2023-05-24 08:00:00,SHORT,308.65,307.1,tp,0.004025,1,0.6983,6
2023-05-24 12:00:00,LONG,306.25,305.33,sl,-0.004,0,0.7477,6
2023-05-25 00:00:00,LONG,304.45,305.97,tp,0.004,1,0.7799,6
2023-05-25 12:00:00,SHORT,303.85,304.76,sl,-0.003991,0,0.8138,6
2023-05-26 04:00:00,LONG,305.85,307.38,tp,0.004,1,0.6671,6
2023-05-26 12:00:00,SHORT,307.35,305.81,tp,0.004025,1,0.8519,6
2023-05-27 08:00:00,SHORT,305.05,305.96,sl,-0.003991,0,0.6529,6
2023-05-27 12:00:00,LONG,304.95,306.48,tp,0.004,1,0.7689,6
2023-05-28 00:00:00,SHORT,308.65,307.1,tp,0.004025,1,0.8651,6
2023-05-28 20:00:00,SHORT,313.94,314.88,sl,-0.003991,0,0.6867,6
2023-05-29 00:00:00,LONG,314.86,313.91,sl,-0.004,0,0.7211,6
2023-05-29 08:00:00,SHORT,314.94,313.37,tp,0.004025,1,0.8692,6
2023-05-29 20:00:00,LONG,311.76,313.31,tp,0.004,1,0.7792,6
2023-05-30 08:00:00,SHORT,313.64,312.07,tp,0.004025,1,0.8058,6
2023-05-31 04:00:00,SHORT,306.75,307.67,sl,-0.003991,0,0.6665,6
2023-05-31 12:00:00,LONG,305.45,306.98,tp,0.004,1,0.8139,6
2023-06-02 04:00:00,SHORT,306.95,307.87,sl,-0.003991,0,0.727,6
2023-06-02 16:00:00,SHORT,307.85,306.31,tp,0.004025,1,0.8993,6
2023-06-02 20:00:00,SHORT,307.05,305.51,tp,0.004025,1,0.6523,6
2023-06-03 16:00:00,SHORT,305.95,306.86,sl,-0.003991,0,0.735,6
2023-06-05 04:00:00,SHORT,300.85,299.35,tp,0.004025,1,0.8261,6
2023-06-05 08:00:00,SHORT,300.55,299.05,tp,0.004025,1,0.7237,6
2023-06-05 12:00:00,SHORT,276.66,275.28,tp,0.004025,1,0.8409,6
2023-06-05 16:00:00,LONG,276.74,275.91,sl,-0.004,0,0.8798,6
2023-06-05 20:00:00,SHORT,276.76,275.38,tp,0.004025,1,0.871,6
2023-06-06 00:00:00,SHORT,276.06,276.89,sl,-0.003991,0,0.7347,6
2023-06-06 04:00:00,LONG,277.54,278.93,tp,0.004,1,0.7516,6
2023-06-06 08:00:00,SHORT,277.86,276.47,tp,0.004025,1,0.7763,6
2023-06-06 12:00:00,LONG,279.14,280.54,tp,0.004,1,0.7761,6
2023-06-06 16:00:00,SHORT,285.16,283.73,tp,0.004025,1,0.8118,6
2023-06-06 20:00:00,SHORT,281.06,279.65,tp,0.004025,1,0.7247,6
2023-06-07 00:00:00,SHORT,278.76,277.37,tp,0.004025,1,0.7325,6
2023-06-07 04:00:00,SHORT,276.76,275.38,tp,0.004025,1,0.7348,6
2023-06-07 08:00:00,SHORT,274.36,272.99,tp,0.004025,1,0.9406,6
2023-06-07 12:00:00,LONG,259.03,260.32,tp,0.004,1,0.9509,6
2023-06-07 16:00:00,SHORT,260.77,259.47,tp,0.004025,1,0.8586,6
2023-06-07 20:00:00,SHORT,259.17,257.87,tp,0.004025,1,0.8915,6
2023-06-08 00:00:00,LONG,258.83,260.12,tp,0.004,1,0.8331,6
2023-06-08 04:00:00,LONG,260.83,262.13,tp,0.004,1,0.7968,6
2023-06-08 08:00:00,LONG,265.03,266.36,tp,0.004,1,0.8147,6
2023-06-08 12:00:00,SHORT,265.07,263.74,tp,0.004025,1,0.8089,6
2023-06-08 16:00:00,SHORT,264.17,262.85,tp,0.004025,1,0.6534,6
2023-06-08 20:00:00,SHORT,261.87,260.56,tp,0.004025,1,0.7247,6
2023-06-09 00:00:00,SHORT,260.07,258.77,tp,0.004025,1,0.8011,6
2023-06-09 04:00:00,LONG,258.43,259.72,tp,0.004,1,0.8895,6
2023-06-09 08:00:00,SHORT,260.57,261.35,sl,-0.003991,0,0.6624,6
2023-06-09 12:00:00,SHORT,260.97,259.66,tp,0.004025,1,0.6898,6
2023-06-09 16:00:00,LONG,259.33,260.63,tp,0.004,1,0.6747,6
2023-06-09 20:00:00,LONG,260.63,259.85,sl,-0.004,0,0.6562,6
2023-06-10 00:00:00,SHORT,249.78,248.53,tp,0.004025,1,0.8009,6
2023-06-10 04:00:00,LONG,235.02,236.19,tp,0.004,1,0.9627,6
2023-06-10 08:00:00,SHORT,238.88,237.69,tp,0.004025,1,0.9021,6
2023-06-10 12:00:00,SHORT,235.28,234.11,tp,0.004025,1,0.8857,6
2023-06-10 16:00:00,LONG,238.82,240.01,tp,0.004,1,0.8314,6
2023-06-10 20:00:00,LONG,238.82,238.1,sl,-0.004,0,0.7839,6
2023-06-11 00:00:00,LONG,236.62,235.91,sl,-0.004,0,0.7835,6
2023-06-11 04:00:00,SHORT,236.68,235.5,tp,0.004025,1,0.7108,6
2023-06-11 08:00:00,SHORT,236.58,235.4,tp,0.004025,1,0.752,6
2023-06-11 12:00:00,LONG,235.12,236.29,tp,0.004,1,0.867,6
2023-06-11 16:00:00,LONG,237.22,238.4,tp,0.004,1,0.683,6
2023-06-11 20:00:00,SHORT,235.28,234.11,tp,0.004025,1,0.842,6
2023-06-12 00:00:00,SHORT,226.19,225.06,tp,0.004025,1,0.8575,6
2023-06-12 04:00:00,LONG,224.11,225.23,tp,0.004,1,0.8012,6
2023-06-12 08:00:00,LONG,233.72,233.02,sl,-0.004,0,0.8,6
2023-06-12 12:00:00,LONG,231.22,232.37,tp,0.004,1,0.8423,6
2023-06-12 16:00:00,LONG,228.51,229.66,tp,0.004,1,0.8965,6
2023-06-12 20:00:00,LONG,231.42,232.57,tp,0.004,1,0.8262,6
2023-06-13 00:00:00,LONG,233.72,234.89,tp,0.004,1,0.8196,6
2023-06-13 04:00:00,LONG,235.42,236.59,tp,0.004,1,0.7424,6
2023-06-13 08:00:00,LONG,243.52,244.74,tp,0.004,1,0.8818,6
2023-06-13 12:00:00,LONG,235.02,236.19,tp,0.004,1,0.8894,6
2023-06-13 16:00:00,LONG,238.12,239.31,tp,0.004,1,0.93,6
2023-06-13 20:00:00,SHORT,244.08,244.81,sl,-0.003991,0,0.8422,6
2023-06-14 00:00:00,LONG,250.93,252.18,tp,0.004,1,0.8864,6
2023-06-14 04:00:00,SHORT,246.68,247.42,sl,-0.003991,0,0.8527,6
2023-06-14 08:00:00,SHORT,248.38,247.13,tp,0.004025,1,0.8245,6
2023-06-14 12:00:00,SHORT,246.08,244.85,tp,0.004025,1,0.8272,6
2023-06-14 16:00:00,LONG,244.42,243.69,sl,-0.004,0,0.7984,6
2023-06-14 20:00:00,LONG,238.02,239.21,tp,0.004,1,0.9626,6
2023-06-15 00:00:00,LONG,237.72,237.01,sl,-0.004,0,0.8586,6
2023-06-15 04:00:00,SHORT,236.48,235.3,tp,0.004025,1,0.8141,6
2023-06-15 08:00:00,LONG,234.22,233.51,sl,-0.004,0,0.9586,6
2023-06-15 12:00:00,LONG,232.82,233.98,tp,0.004,1,0.7869,6
2023-06-15 16:00:00,LONG,236.82,238.0,tp,0.004,1,0.7279,6
2023-06-15 20:00:00,LONG,236.52,237.7,tp,0.004,1,0.7518,6
2023-06-16 08:00:00,LONG,234.12,235.29,tp,0.004,1,0.9475,6
2023-06-16 12:00:00,SHORT,238.38,237.19,tp,0.004025,1,0.7183,6
2023-06-16 16:00:00,SHORT,239.48,240.2,sl,-0.003991,0,0.7927,6
2023-06-16 20:00:00,LONG,239.42,238.7,sl,-0.004,0,0.6964,6
2023-06-17 04:00:00,SHORT,246.38,245.14,tp,0.004025,1,0.9012,6
2023-06-17 08:00:00,LONG,245.12,246.35,tp,0.004,1,0.795,6
2023-06-17 12:00:00,LONG,243.22,244.44,tp,0.004,1,0.8134,6
2023-06-17 16:00:00,LONG,245.02,244.29,sl,-0.004,0,0.6919,6
2023-06-17 20:00:00,LONG,244.62,243.89,sl,-0.004,0,0.7255,6
2023-06-18 08:00:00,SHORT,246.48,247.22,sl,-0.003991,0,0.8498,6
2023-06-19 00:00:00,LONG,243.32,242.59,sl,-0.004,0,0.8881,6
2023-06-19 08:00:00,SHORT,242.88,241.66,tp,0.004025,1,0.6726,6
2023-06-19 16:00:00,LONG,241.72,242.93,tp,0.004,1,0.8766,6
2023-06-20 08:00:00,SHORT,241.58,240.37,tp,0.004025,1,0.8112,6
2023-06-20 12:00:00,LONG,240.52,241.72,tp,0.004,1,0.8395,6
2023-06-20 20:00:00,LONG,247.82,249.06,tp,0.004,1,0.6817,6
2023-06-21 00:00:00,SHORT,251.37,250.12,tp,0.004025,1,0.7984,6
2023-06-21 08:00:00,SHORT,247.48,246.24,tp,0.004025,1,0.8672,6
2023-06-21 12:00:00,SHORT,249.28,248.03,tp,0.004025,1,0.821,6
2023-06-21 16:00:00,LONG,249.02,250.27,tp,0.004,1,0.7293,6
2023-06-21 20:00:00,LONG,248.92,250.17,tp,0.004,1,0.7314,6
2023-06-22 00:00:00,SHORT,254.37,253.1,tp,0.004025,1,0.8963,6
2023-06-22 04:00:00,LONG,252.43,253.69,tp,0.004,1,0.7323,6
2023-06-22 08:00:00,SHORT,246.78,245.54,tp,0.004025,1,0.8126,6
2023-06-22 12:00:00,SHORT,243.58,244.31,sl,-0.003991,0,0.7723,6
2023-06-22 16:00:00,SHORT,244.88,243.65,tp,0.004025,1,0.6604,6
2023-06-22 20:00:00,LONG,240.92,242.13,tp,0.004,1,0.9411,6
2023-06-23 08:00:00,SHORT,243.68,242.46,tp,0.004025,1,0.7941,6
2023-06-23 12:00:00,LONG,247.82,249.06,tp,0.004,1,0.8217,6
2023-06-23 16:00:00,SHORT,245.68,244.45,tp,0.004025,1,0.8483,6
2023-06-23 20:00:00,LONG,244.42,245.64,tp,0.004,1,0.689,6
2023-06-24 00:00:00,LONG,246.32,247.55,tp,0.004,1,0.7099,6
2023-06-24 04:00:00,SHORT,245.38,246.11,sl,-0.003991,0,0.8508,6
2023-06-24 12:00:00,SHORT,232.78,231.62,tp,0.004025,1,0.8482,6
2023-06-24 16:00:00,LONG,236.92,236.21,sl,-0.004,0,0.8861,6
2023-06-24 20:00:00,SHORT,236.28,235.1,tp,0.004025,1,0.7841,6
2023-06-25 00:00:00,LONG,239.22,240.42,tp,0.004,1,0.6788,6
2023-06-25 04:00:00,SHORT,240.78,239.58,tp,0.004025,1,0.8378,6
2023-06-25 08:00:00,LONG,240.32,239.6,sl,-0.004,0,0.7185,6
2023-06-25 12:00:00,SHORT,239.28,238.08,tp,0.004025,1,0.764,6
2023-06-25 16:00:00,SHORT,237.98,236.79,tp,0.004025,1,0.6623,6
2023-06-25 20:00:00,SHORT,238.68,237.49,tp,0.004025,1,0.6567,6
2023-06-26 00:00:00,LONG,236.62,237.8,tp,0.004,1,0.7775,6
2023-06-26 08:00:00,SHORT,237.78,238.49,sl,-0.003991,0,0.7729,6
2023-06-26 12:00:00,SHORT,238.48,237.29,tp,0.004025,1,0.8496,6
2023-06-26 16:00:00,SHORT,236.28,235.1,tp,0.004025,1,0.7248,6
2023-06-26 20:00:00,LONG,236.22,237.4,tp,0.004,1,0.8332,6
2023-06-27 12:00:00,SHORT,237.78,238.49,sl,-0.003991,0,0.7603,6
2023-06-28 00:00:00,SHORT,235.48,234.3,tp,0.004025,1,0.685,6
2023-06-28 04:00:00,LONG,232.72,233.88,tp,0.004,1,0.8908,6
2023-06-28 12:00:00,SHORT,234.98,233.81,tp,0.004025,1,0.8544,6
2023-06-28 16:00:00,LONG,228.51,229.66,tp,0.004,1,0.9076,6
2023-06-28 20:00:00,LONG,230.72,231.87,tp,0.004,1,0.7739,6
2023-07-01 00:00:00,LONG,241.52,240.8,sl,-0.004,0,0.6897,7
2023-07-01 08:00:00,LONG,243.62,244.84,tp,0.004,1,0.7055,7
2023-07-01 12:00:00,LONG,247.52,246.78,sl,-0.004,0,0.8195,7
2023-07-01 20:00:00,SHORT,247.78,246.54,tp,0.004025,1,0.9341,7
2023-07-02 04:00:00,LONG,245.82,245.09,sl,-0.004,0,0.7759,7
2023-07-02 08:00:00,SHORT,245.58,244.35,tp,0.004025,1,0.678,7
2023-07-02 20:00:00,LONG,246.62,247.86,tp,0.004,1,0.7017,7
2023-07-03 08:00:00,SHORT,248.48,249.22,sl,-0.003991,0,0.7781,7
2023-07-03 16:00:00,SHORT,247.88,246.64,tp,0.004025,1,0.7021,7
2023-07-03 20:00:00,SHORT,246.38,245.14,tp,0.004025,1,0.6605,7
2023-07-04 00:00:00,SHORT,245.68,244.45,tp,0.004025,1,0.7042,7
2023-07-04 08:00:00,SHORT,245.58,244.35,tp,0.004025,1,0.6547,7
2023-07-04 16:00:00,LONG,241.42,242.63,tp,0.004,1,0.8971,7
2023-07-05 04:00:00,SHORT,243.08,241.86,tp,0.004025,1,0.816,7
2023-07-05 08:00:00,LONG,238.12,237.4,sl,-0.004,0,0.898,7
2023-07-05 12:00:00,SHORT,237.68,238.39,sl,-0.003991,0,0.7248,7
2023-07-06 00:00:00,SHORT,239.98,240.7,sl,-0.003991,0,0.6779,7
2023-07-06 08:00:00,SHORT,240.38,239.18,tp,0.004025,1,0.7948,7
2023-07-06 12:00:00,SHORT,238.38,237.19,tp,0.004025,1,0.8907,7
2023-07-06 16:00:00,SHORT,237.68,236.49,tp,0.004025,1,0.6791,7
2023-07-06 20:00:00,SHORT,232.08,232.78,sl,-0.003991,0,0.7497,7
2023-07-07 00:00:00,LONG,234.32,233.61,sl,-0.004,0,0.8228,7
2023-07-07 04:00:00,LONG,233.22,232.52,sl,-0.004,0,0.7656,7
2023-07-07 08:00:00,LONG,233.42,234.58,tp,0.004,1,0.7525,7
2023-07-07 12:00:00,SHORT,235.58,234.4,tp,0.004025,1,0.7629,7
2023-07-08 16:00:00,LONG,235.12,236.29,tp,0.004,1,0.8,7
2023-07-09 12:00:00,LONG,234.42,233.71,sl,-0.004,0,0.7607,7
2023-07-10 00:00:00,SHORT,233.48,232.32,tp,0.004025,1,0.6875,7
2023-07-10 08:00:00,LONG,242.12,243.33,tp,0.004,1,0.8886,7
2023-07-10 12:00:00,LONG,245.72,246.95,tp,0.004,1,0.8898,7
2023-07-10 16:00:00,LONG,246.12,245.38,sl,-0.004,0,0.8286,7
2023-07-10 20:00:00,SHORT,246.08,244.85,tp,0.004025,1,0.7342,7
2023-07-11 00:00:00,LONG,246.82,246.08,sl,-0.004,0,0.658,7
2023-07-11 04:00:00,SHORT,246.98,245.74,tp,0.004025,1,0.6736,7
2023-07-11 08:00:00,SHORT,245.58,246.31,sl,-0.003991,0,0.8025,7
2023-07-11 12:00:00,SHORT,247.38,248.12,sl,-0.003991,0,0.6888,7
2023-07-11 20:00:00,SHORT,248.48,249.22,sl,-0.003991,0,0.7067,7
2023-07-12 00:00:00,SHORT,249.48,248.23,tp,0.004025,1,0.8822,7
2023-07-12 16:00:00,LONG,243.62,242.89,sl,-0.004,0,0.8724,7
2023-07-13 08:00:00,LONG,246.12,247.35,tp,0.004,1,0.6841,7
2023-07-13 12:00:00,LONG,251.13,252.38,tp,0.004,1,0.8608,7
2023-07-13 16:00:00,LONG,254.13,255.4,tp,0.004,1,0.9035,7
2023-07-13 20:00:00,LONG,256.23,257.51,tp,0.004,1,0.7483,7
2023-07-14 00:00:00,LONG,260.43,259.65,sl,-0.004,0,0.7717,7
2023-07-14 04:00:00,SHORT,255.47,254.19,tp,0.004025,1,0.7856,7
2023-07-14 08:00:00,LONG,255.33,256.6,tp,0.004,1,0.6899,7
2023-07-14 12:00:00,SHORT,256.47,255.19,tp,0.004025,1,0.7829,7
2023-07-14 16:00:00,LONG,245.02,246.25,tp,0.004,1,0.8988,7
2023-07-14 20:00:00,SHORT,247.98,248.72,sl,-0.003991,0,0.704,7
2023-07-15 04:00:00,LONG,250.23,251.48,tp,0.004,1,0.6624,7
2023-07-15 08:00:00,SHORT,250.77,249.52,tp,0.004025,1,0.8211,7
2023-07-16 04:00:00,LONG,248.72,249.97,tp,0.004,1,0.7644,7
2023-07-17 00:00:00,SHORT,243.68,242.46,tp,0.004025,1,0.7392,7
2023-07-17 08:00:00,LONG,243.12,244.34,tp,0.004,1,0.7305,7
2023-07-17 12:00:00,SHORT,243.58,242.36,tp,0.004025,1,0.776,7
2023-07-18 00:00:00,SHORT,244.38,243.16,tp,0.004025,1,0.7274,7
2023-07-18 16:00:00,LONG,240.22,239.5,sl,-0.004,0,0.7784,7
2023-07-19 04:00:00,SHORT,242.38,241.17,tp,0.004025,1,0.8132,7
2023-07-19 08:00:00,SHORT,241.98,240.77,tp,0.004025,1,0.7315,7
2023-07-19 12:00:00,LONG,241.12,242.33,tp,0.004,1,0.8015,7
2023-07-20 08:00:00,SHORT,243.88,242.66,tp,0.004025,1,0.8639,7
2023-07-20 12:00:00,SHORT,241.58,240.37,tp,0.004025,1,0.6947,7
2023-07-20 16:00:00,LONG,241.72,242.93,tp,0.004,1,0.6904,7
2023-07-21 00:00:00,SHORT,243.78,244.51,sl,-0.003991,0,0.8727,7
2023-07-21 12:00:00,SHORT,243.88,242.66,tp,0.004025,1,0.7613,7
2023-07-21 16:00:00,LONG,243.72,242.99,sl,-0.004,0,0.7283,7
2023-07-22 20:00:00,LONG,241.22,240.5,sl,-0.004,0,0.8683,7
2023-07-23 16:00:00,SHORT,242.48,243.21,sl,-0.003991,0,0.7061,7
2023-07-24 04:00:00,SHORT,241.78,240.57,tp,0.004025,1,0.6712,7
2023-07-24 08:00:00,LONG,238.72,238.0,sl,-0.004,0,0.688,7
2023-07-24 12:00:00,SHORT,236.78,237.49,sl,-0.003991,0,0.7648,7
2023-07-24 16:00:00,SHORT,237.78,238.49,sl,-0.003991,0,0.7236,7
2023-07-25 00:00:00,SHORT,238.38,237.19,tp,0.004025,1,0.7871,7
2023-07-25 12:00:00,LONG,237.52,236.81,sl,-0.004,0,0.7688,7
2023-07-27 08:00:00,SHORT,241.88,240.67,tp,0.004025,1,0.6614,7
2023-07-27 12:00:00,SHORT,240.58,241.3,sl,-0.003991,0,0.6852,7
2023-07-27 16:00:00,LONG,240.22,241.42,tp,0.004,1,0.7347,7
2023-07-28 04:00:00,LONG,240.92,242.13,tp,0.004,1,0.6851,7
2023-07-29 08:00:00,LONG,241.42,242.63,tp,0.004,1,0.7132,7
2023-07-31 00:00:00,SHORT,243.48,242.26,tp,0.004025,1,0.6893,7
2023-08-01 00:00:00,LONG,239.52,240.72,tp,0.004,1,0.7651,7
2023-08-01 04:00:00,LONG,245.52,244.79,sl,-0.004,0,0.6697,7
2023-08-01 08:00:00,LONG,244.82,244.09,sl,-0.004,0,0.7404,7
2023-08-01 20:00:00,SHORT,247.58,246.34,tp,0.004025,1,0.672,7
2023-08-02 00:00:00,SHORT,245.58,244.35,tp,0.004025,1,0.881,7
2023-08-02 04:00:00,SHORT,244.48,245.21,sl,-0.003991,0,0.7844,7
2023-08-02 08:00:00,SHORT,245.88,244.65,tp,0.004025,1,0.8406,7
2023-08-02 12:00:00,SHORT,243.08,241.86,tp,0.004025,1,0.8011,7
2023-08-03 08:00:00,LONG,240.82,242.02,tp,0.004,1,0.7195,7
2023-08-03 12:00:00,SHORT,241.28,240.07,tp,0.004025,1,0.8124,7
2023-08-04 04:00:00,SHORT,241.98,242.7,sl,-0.003991,0,0.787,7
2023-08-04 16:00:00,SHORT,241.48,240.27,tp,0.004025,1,0.6952,7
2023-08-04 20:00:00,SHORT,241.58,240.37,tp,0.004025,1,0.6531,7
2023-08-05 00:00:00,LONG,241.12,242.33,tp,0.004,1,0.7518,7
2023-08-06 08:00:00,SHORT,244.18,242.96,tp,0.004025,1,0.6789,7
2023-08-07 00:00:00,SHORT,243.58,244.31,sl,-0.003991,0,0.6619,7
2023-08-07 16:00:00,LONG,241.92,243.13,tp,0.004,1,0.7548,7
2023-08-08 08:00:00,SHORT,243.78,244.51,sl,-0.003991,0,0.6625,7
2023-08-08 16:00:00,SHORT,246.18,246.92,sl,-0.003991,0,0.6505,7
2023-08-09 08:00:00,SHORT,243.98,244.71,sl,-0.003991,0,0.6517,7
2023-08-11 00:00:00,LONG,240.72,240.0,sl,-0.004,0,0.7972,7
2023-08-11 08:00:00,SHORT,240.78,239.58,tp,0.004025,1,0.6504,7
2023-08-11 16:00:00,LONG,239.42,240.62,tp,0.004,1,0.7253,7
2023-08-12 08:00:00,SHORT,240.78,241.5,sl,-0.003991,0,0.7712,7
2023-08-13 00:00:00,LONG,240.42,241.62,tp,0.004,1,0.6889,7
2023-08-15 08:00:00,SHORT,238.58,239.3,sl,-0.003991,0,0.7036,7
2023-08-15 16:00:00,LONG,236.52,237.7,tp,0.004,1,0.6802,7
2023-08-16 08:00:00,SHORT,234.78,233.61,tp,0.004025,1,0.784,7
2023-08-16 12:00:00,SHORT,233.18,233.88,sl,-0.003991,0,0.7006,7
2023-08-16 16:00:00,SHORT,234.08,232.91,tp,0.004025,1,0.7558,7
2023-08-17 08:00:00,SHORT,230.78,229.63,tp,0.004025,1,0.7793,7
2023-08-17 12:00:00,SHORT,225.09,223.96,tp,0.004025,1,0.8101,7
2023-08-17 16:00:00,SHORT,226.19,225.06,tp,0.004025,1,0.7831,7
2023-08-17 20:00:00,SHORT,217.99,216.9,tp,0.004025,1,0.7817,7
2023-08-18 00:00:00,SHORT,215.29,215.94,sl,-0.003991,0,0.7779,7
2023-08-18 04:00:00,LONG,219.41,218.75,sl,-0.004,0,0.6776,7
2023-08-18 08:00:00,LONG,219.61,218.95,sl,-0.004,0,0.7133,7
2023-08-18 12:00:00,LONG,217.11,216.46,sl,-0.004,0,0.6919,7
2023-08-18 16:00:00,SHORT,216.09,216.74,sl,-0.003991,0,0.6769,7
2023-08-19 04:00:00,LONG,216.01,215.36,sl,-0.004,0,0.7568,7
2023-08-19 16:00:00,SHORT,216.69,217.34,sl,-0.003991,0,0.7005,7
2023-08-20 04:00:00,LONG,216.01,217.09,tp,0.004,1,0.7783,7
2023-08-20 20:00:00,SHORT,216.39,215.31,tp,0.004025,1,0.714,7
2023-08-21 08:00:00,SHORT,210.59,209.54,tp,0.004025,1,0.8619,7
2023-08-21 12:00:00,LONG,208.6,209.65,tp,0.004,1,0.8265,7
2023-08-21 16:00:00,LONG,210.81,211.86,tp,0.004,1,0.6548,7
2023-08-21 20:00:00,LONG,210.51,209.87,sl,-0.004,0,0.6843,7
2023-08-22 08:00:00,SHORT,209.0,207.95,tp,0.004025,1,0.7272,7
2023-08-22 12:00:00,SHORT,205.5,204.47,tp,0.004025,1,0.7324,7
2023-08-22 16:00:00,LONG,208.5,209.55,tp,0.004,1,0.8361,7
2023-08-22 20:00:00,LONG,211.01,212.06,tp,0.004,1,0.8252,7
2023-08-23 00:00:00,LONG,212.61,213.67,tp,0.004,1,0.8725,7
2023-08-23 04:00:00,LONG,216.51,215.86,sl,-0.004,0,0.8015,7
2023-08-23 08:00:00,LONG,214.91,214.26,sl,-0.004,0,0.7513,7
2023-08-23 16:00:00,SHORT,217.69,216.6,tp,0.004025,1,0.8203,7
2023-08-23 20:00:00,SHORT,216.49,217.14,sl,-0.003991,0,0.6661,7
2023-08-24 00:00:00,SHORT,217.19,217.84,sl,-0.003991,0,0.7065,7
2023-08-24 04:00:00,SHORT,219.19,219.85,sl,-0.003991,0,0.9023,7
2023-08-24 08:00:00,SHORT,219.49,218.39,tp,0.004025,1,0.8504,7
2023-08-24 12:00:00,SHORT,216.59,217.24,sl,-0.003991,0,0.7893,7
2023-08-24 16:00:00,SHORT,216.89,215.81,tp,0.004025,1,0.6806,7
2023-08-24 20:00:00,SHORT,218.89,217.8,tp,0.004025,1,0.7029,7
2023-08-25 00:00:00,SHORT,216.99,215.91,tp,0.004025,1,0.7474,7
2023-08-25 04:00:00,LONG,215.41,216.48,tp,0.004,1,0.8623,7
2023-08-26 00:00:00,SHORT,217.69,216.6,tp,0.004025,1,0.7613,7
2023-08-26 08:00:00,SHORT,217.29,216.2,tp,0.004025,1,0.657,7
2023-08-28 08:00:00,LONG,216.81,217.89,tp,0.004,1,0.741,7
2023-08-29 08:00:00,LONG,217.61,218.7,tp,0.004,1,0.7978,7
2023-08-29 12:00:00,SHORT,228.09,228.77,sl,-0.003991,0,0.8654,7
2023-08-29 16:00:00,LONG,227.31,226.63,sl,-0.004,0,0.8507,7
2023-08-30 16:00:00,LONG,222.81,223.93,tp,0.004,1,0.7194,7
2023-08-31 08:00:00,SHORT,224.49,223.37,tp,0.004025,1,0.8325,7
2023-08-31 16:00:00,SHORT,216.99,215.91,tp,0.004025,1,0.7603,7
2023-08-31 20:00:00,SHORT,216.59,217.24,sl,-0.003991,0,0.8742,7
2023-09-01 16:00:00,LONG,213.31,214.37,tp,0.004,1,0.8156,7
2023-09-02 12:00:00,SHORT,214.59,213.52,tp,0.004025,1,0.8053,7
2023-09-02 16:00:00,LONG,213.81,214.88,tp,0.004,1,0.7441,7
2023-09-03 12:00:00,SHORT,213.69,214.33,sl,-0.003991,0,0.7524,7
2023-09-04 00:00:00,SHORT,215.29,214.22,tp,0.004025,1,0.6528,7
2023-09-05 00:00:00,LONG,214.41,215.48,tp,0.004,1,0.6706,7
2023-09-05 12:00:00,SHORT,215.09,214.02,tp,0.004025,1,0.7583,7
2023-09-06 08:00:00,SHORT,214.89,213.82,tp,0.004025,1,0.684,7
2023-09-07 04:00:00,SHORT,215.29,214.22,tp,0.004025,1,0.7812,7
2023-09-07 08:00:00,SHORT,213.79,214.43,sl,-0.003991,0,0.6668,7
2023-09-08 08:00:00,SHORT,214.29,214.94,sl,-0.003991,0,0.6575,7
2023-09-08 16:00:00,SHORT,214.39,215.04,sl,-0.003991,0,0.6587,7
2023-09-10 04:00:00,LONG,213.31,212.67,sl,-0.004,0,0.6827,7
2023-09-10 16:00:00,SHORT,212.39,213.03,sl,-0.003991,0,0.6546,7
2023-09-11 12:00:00,SHORT,206.4,205.36,tp,0.004025,1,0.7519,7
2023-09-11 16:00:00,LONG,204.9,205.93,tp,0.004,1,0.8506,7
2023-09-12 00:00:00,LONG,209.3,208.68,sl,-0.004,0,0.7518,7
2023-09-12 04:00:00,LONG,209.8,210.85,tp,0.004,1,0.7304,7
2023-09-12 08:00:00,SHORT,212.39,211.33,tp,0.004025,1,0.7293,7
2023-09-12 12:00:00,SHORT,212.69,211.63,tp,0.004025,1,0.7321,7
2023-09-13 04:00:00,LONG,210.41,211.46,tp,0.004,1,0.7887,7
2023-09-14 12:00:00,SHORT,212.99,211.93,tp,0.004025,1,0.8187,7
2023-09-15 00:00:00,LONG,212.81,212.17,sl,-0.004,0,0.7001,7
2023-09-15 08:00:00,SHORT,211.89,212.53,sl,-0.003991,0,0.7014,7
2023-09-16 04:00:00,SHORT,214.89,213.82,tp,0.004025,1,0.7075,7
2023-09-16 12:00:00,LONG,214.21,213.56,sl,-0.004,0,0.6739,7
2023-09-16 20:00:00,SHORT,214.79,213.72,tp,0.004025,1,0.8254,7
2023-09-17 00:00:00,LONG,215.01,214.36,sl,-0.004,0,0.6673,7
2023-09-17 12:00:00,SHORT,216.09,215.01,tp,0.004025,1,0.8219,7
2023-09-18 00:00:00,LONG,217.81,217.16,sl,-0.004,0,0.7506,7
2023-09-18 08:00:00,SHORT,219.59,218.49,tp,0.004025,1,0.6802,7
2023-09-18 12:00:00,SHORT,219.39,218.29,tp,0.004025,1,0.8127,7
2023-09-18 20:00:00,LONG,216.11,215.46,sl,-0.004,0,0.8251,7
2023-09-19 08:00:00,SHORT,218.09,217.0,tp,0.004025,1,0.7499,7
2023-09-20 16:00:00,LONG,214.41,215.48,tp,0.004,1,0.8116,7
2023-09-21 00:00:00,SHORT,214.79,213.72,tp,0.004025,1,0.6587,7
2023-09-21 08:00:00,SHORT,210.39,209.34,tp,0.004025,1,0.8754,7
2023-09-21 12:00:00,LONG,210.81,210.17,sl,-0.004,0,0.6995,7
2023-09-22 12:00:00,SHORT,210.59,211.23,sl,-0.003991,0,0.6774,7
2023-09-22 16:00:00,LONG,210.71,210.07,sl,-0.004,0,0.721,7
2023-09-24 04:00:00,LONG,210.41,209.77,sl,-0.004,0,0.7555,7
2023-09-24 20:00:00,SHORT,208.2,207.15,tp,0.004025,1,0.8441,7
2023-09-25 00:00:00,SHORT,208.7,209.32,sl,-0.003991,0,0.7617,7
2023-09-25 04:00:00,SHORT,209.3,208.25,tp,0.004025,1,0.7573,7
2023-09-25 12:00:00,LONG,209.1,210.15,tp,0.004,1,0.7074,7
2023-09-26 04:00:00,SHORT,212.29,212.93,sl,-0.003991,0,0.678,7
2023-09-26 08:00:00,SHORT,212.49,211.43,tp,0.004025,1,0.8882,7
2023-09-26 12:00:00,SHORT,210.79,211.43,sl,-0.003991,0,0.7901,7
2023-09-26 16:00:00,SHORT,211.99,210.93,tp,0.004025,1,0.7127,7
2023-09-26 20:00:00,LONG,212.71,213.77,tp,0.004,1,0.685,7
2023-09-27 08:00:00,SHORT,215.29,214.22,tp,0.004025,1,0.9208,7
2023-09-27 12:00:00,SHORT,212.29,211.23,tp,0.004025,1,0.7198,7
2023-09-27 16:00:00,LONG,211.71,211.07,sl,-0.004,0,0.6999,7
2023-09-28 16:00:00,SHORT,215.19,215.84,sl,-0.003991,0,0.8238,7
2023-10-01 08:00:00,SHORT,215.99,214.91,tp,0.004025,1,0.8522,8
2023-10-01 16:00:00,LONG,214.21,215.28,tp,0.004,1,0.775,8
2023-10-02 00:00:00,LONG,219.31,218.65,sl,-0.004,0,0.7071,8
2023-10-02 08:00:00,SHORT,218.69,217.6,tp,0.004025,1,0.7492,8
2023-10-02 12:00:00,SHORT,216.09,215.01,tp,0.004025,1,0.8046,8
2023-10-02 16:00:00,SHORT,214.99,213.92,tp,0.004025,1,0.6897,8
2023-10-02 20:00:00,SHORT,214.49,215.14,sl,-0.003991,0,0.7297,8
2023-10-03 04:00:00,SHORT,215.19,214.12,tp,0.004025,1,0.6634,8
2023-10-03 08:00:00,SHORT,213.79,212.72,tp,0.004025,1,0.7196,8
2023-10-03 12:00:00,SHORT,213.39,214.03,sl,-0.003991,0,0.6587,8
2023-10-04 04:00:00,LONG,212.31,213.37,tp,0.004,1,0.6924,8
2023-10-05 16:00:00,LONG,211.11,210.47,sl,-0.004,0,0.6895,8
2023-10-06 12:00:00,LONG,212.71,213.77,tp,0.004,1,0.7403,8
2023-10-06 20:00:00,SHORT,213.29,212.23,tp,0.004025,1,0.7425,8
2023-10-08 08:00:00,LONG,210.21,211.26,tp,0.004,1,0.7615,8
2023-10-08 12:00:00,SHORT,211.49,212.13,sl,-0.003991,0,0.712,8
2023-10-09 08:00:00,SHORT,207.0,207.62,sl,-0.003991,0,0.8107,8
2023-10-09 12:00:00,SHORT,206.7,205.66,tp,0.004025,1,0.7038,8
2023-10-09 20:00:00,SHORT,205.7,206.31,sl,-0.003991,0,0.6625,8
2023-10-10 04:00:00,LONG,208.7,209.75,tp,0.004,1,0.6525,8
2023-10-10 08:00:00,SHORT,207.0,207.62,sl,-0.003991,0,0.6787,8
2023-10-11 00:00:00,LONG,205.5,206.53,tp,0.004,1,0.8049,8
2023-10-11 16:00:00,LONG,206.2,205.58,sl,-0.004,0,0.691,8
2023-10-13 00:00:00,SHORT,205.0,205.61,sl,-0.003991,0,0.7958,8
2023-10-15 00:00:00,SHORT,207.0,207.62,sl,-0.003991,0,0.6759,8
2023-10-16 04:00:00,LONG,212.91,212.27,sl,-0.004,0,0.6822,8
2023-10-16 12:00:00,SHORT,212.59,213.23,sl,-0.003991,0,0.7756,8
2023-10-17 04:00:00,SHORT,213.49,212.43,tp,0.004025,1,0.7098,8
2023-10-18 04:00:00,SHORT,212.39,213.03,sl,-0.003991,0,0.7683,8
2023-10-18 08:00:00,SHORT,212.59,211.53,tp,0.004025,1,0.6627,8
2023-10-18 12:00:00,SHORT,211.59,210.54,tp,0.004025,1,0.6729,8
2023-10-18 16:00:00,SHORT,210.59,209.54,tp,0.004025,1,0.6513,8
2023-10-19 12:00:00,SHORT,210.19,210.83,sl,-0.003991,0,0.7185,8
2023-10-19 20:00:00,LONG,211.31,212.36,tp,0.004,1,0.6572,8
2023-10-20 08:00:00,SHORT,213.89,212.82,tp,0.004025,1,0.7579,8
2023-10-21 00:00:00,LONG,212.31,213.37,tp,0.004,1,0.704,8
2023-10-21 16:00:00,SHORT,215.09,214.02,tp,0.004025,1,0.8047,8
2023-10-22 04:00:00,SHORT,214.19,214.84,sl,-0.003991,0,0.7842,8
2023-10-23 00:00:00,LONG,222.31,221.64,sl,-0.004,0,0.7487,8
2023-10-23 16:00:00,SHORT,222.09,222.76,sl,-0.003991,0,0.7255,8
2023-10-23 20:00:00,LONG,228.61,229.76,tp,0.004,1,0.8732,8
2023-10-24 00:00:00,LONG,230.72,231.87,tp,0.004,1,0.838,8
2023-10-24 04:00:00,LONG,227.71,228.85,tp,0.004,1,0.7854,8
2023-10-24 08:00:00,SHORT,231.58,230.43,tp,0.004025,1,0.8731,8
2023-10-24 12:00:00,LONG,224.01,225.13,tp,0.004,1,0.8332,8
2023-10-24 16:00:00,SHORT,225.59,224.46,tp,0.004025,1,0.6605,8
2023-10-24 20:00:00,LONG,225.31,226.44,tp,0.004,1,0.6952,8
2023-10-25 00:00:00,SHORT,226.99,225.85,tp,0.004025,1,0.8917,8
2023-10-25 04:00:00,LONG,225.01,226.14,tp,0.004,1,0.6677,8
2023-10-25 08:00:00,SHORT,224.39,225.06,sl,-0.003991,0,0.762,8
2023-10-25 12:00:00,SHORT,227.19,226.05,tp,0.004025,1,0.8068,8
2023-10-25 16:00:00,LONG,223.31,222.64,sl,-0.004,0,0.7072,8
2023-10-25 20:00:00,LONG,222.21,223.32,tp,0.004,1,0.8393,8
2023-10-26 04:00:00,LONG,226.61,227.75,tp,0.004,1,0.7734,8
2023-10-26 08:00:00,SHORT,224.69,223.56,tp,0.004025,1,0.8347,8
2023-10-26 12:00:00,LONG,221.21,222.32,tp,0.004,1,0.8649,8
2023-10-26 16:00:00,SHORT,222.39,223.06,sl,-0.003991,0,0.7358,8
2023-10-27 04:00:00,LONG,223.31,224.43,tp,0.004,1,0.7021,8
2023-10-27 08:00:00,LONG,227.71,228.85,tp,0.004,1,0.7352,8
2023-10-27 12:00:00,SHORT,225.99,224.86,tp,0.004025,1,0.8427,8
2023-10-27 16:00:00,LONG,224.41,223.74,sl,-0.004,0,0.8163,8
2023-10-28 04:00:00,LONG,227.41,226.73,sl,-0.004,0,0.6633,8
2023-10-28 08:00:00,SHORT,226.59,225.45,tp,0.004025,1,0.7799,8
2023-10-29 00:00:00,LONG,224.51,225.63,tp,0.004,1,0.7652,8
2023-10-29 20:00:00,SHORT,226.99,225.85,tp,0.004025,1,0.805,8
2023-10-30 12:00:00,SHORT,228.29,227.14,tp,0.004025,1,0.8091,8
2023-10-31 12:00:00,SHORT,224.29,224.96,sl,-0.003991,0,0.7097,8
2023-11-01 12:00:00,LONG,223.31,224.43,tp,0.004,1,0.8534,8
2023-11-01 16:00:00,LONG,226.71,227.85,tp,0.004,1,0.6848,8
2023-11-01 20:00:00,LONG,228.01,229.15,tp,0.004,1,0.7072,8
2023-11-02 08:00:00,SHORT,231.78,230.63,tp,0.004025,1,0.7426,8
2023-11-02 12:00:00,SHORT,229.49,228.34,tp,0.004025,1,0.7785,8
2023-11-02 20:00:00,SHORT,231.78,230.63,tp,0.004025,1,0.6988,8
2023-11-03 08:00:00,LONG,227.81,228.95,tp,0.004,1,0.8371,8
2023-11-04 08:00:00,LONG,234.62,235.79,tp,0.004,1,0.7468,8
2023-11-04 12:00:00,LONG,234.92,236.09,tp,0.004,1,0.6755,8
2023-11-05 00:00:00,LONG,242.92,244.14,tp,0.004,1,0.7647,8
2023-11-05 04:00:00,SHORT,244.38,243.16,tp,0.004025,1,0.824,8
2023-11-05 08:00:00,SHORT,243.68,242.46,tp,0.004025,1,0.7823,8
2023-11-05 12:00:00,LONG,240.92,242.13,tp,0.004,1,0.823,8
2023-11-05 16:00:00,SHORT,243.38,242.16,tp,0.004025,1,0.6934,8
2023-11-05 20:00:00,SHORT,243.88,242.66,tp,0.004025,1,0.7441,8
2023-11-06 00:00:00,SHORT,243.58,242.36,tp,0.004025,1,0.8416,8
2023-11-06 04:00:00,SHORT,244.18,242.96,tp,0.004025,1,0.7372,8
2023-11-06 08:00:00,SHORT,245.18,245.91,sl,-0.003991,0,0.8425,8
2023-11-06 12:00:00,LONG,251.83,253.08,tp,0.004,1,0.8911,8
2023-11-06 16:00:00,SHORT,253.27,254.03,sl,-0.003991,0,0.8305,8
2023-11-06 20:00:00,SHORT,254.97,253.7,tp,0.004025,1,0.9509,8
2023-11-07 00:00:00,SHORT,251.37,252.13,sl,-0.003991,0,0.7255,8
2023-11-07 08:00:00,SHORT,247.48,246.24,tp,0.004025,1,0.7823,8
2023-11-07 12:00:00,SHORT,244.38,243.16,tp,0.004025,1,0.7928,8
2023-11-07 16:00:00,LONG,248.02,249.26,tp,0.004,1,0.7938,8
2023-11-07 20:00:00,SHORT,246.08,246.82,sl,-0.003991,0,0.8779,8
2023-11-08 08:00:00,LONG,246.72,245.98,sl,-0.004,0,0.7701,8
2023-11-08 12:00:00,SHORT,245.78,246.51,sl,-0.003991,0,0.7368,8
2023-11-08 16:00:00,LONG,247.12,246.38,sl,-0.004,0,0.654,8
2023-11-09 12:00:00,SHORT,251.67,250.42,tp,0.004025,1,0.921,8
2023-11-09 16:00:00,LONG,245.02,246.25,tp,0.004,1,0.8037,8
2023-11-09 20:00:00,LONG,251.73,252.98,tp,0.004,1,0.7295,8
2023-11-10 00:00:00,SHORT,255.27,254.0,tp,0.004025,1,0.8987,8
2023-11-10 04:00:00,LONG,251.63,252.88,tp,0.004,1,0.8034,8
2023-11-10 08:00:00,SHORT,252.87,251.61,tp,0.004025,1,0.7296,8
2023-11-10 12:00:00,LONG,249.92,251.17,tp,0.004,1,0.8547,8
2023-11-10 16:00:00,LONG,250.73,251.98,tp,0.004,1,0.7309,8
2023-11-10 20:00:00,LONG,251.13,252.38,tp,0.004,1,0.659,8
2023-11-11 00:00:00,SHORT,248.08,246.84,tp,0.004025,1,0.7861,8
2023-11-11 04:00:00,LONG,248.92,248.18,sl,-0.004,0,0.7491,8
2023-11-11 08:00:00,LONG,248.92,250.17,tp,0.004,1,0.677,8
2023-11-11 12:00:00,LONG,253.13,254.39,tp,0.004,1,0.6969,8
2023-11-11 16:00:00,SHORT,253.77,252.5,tp,0.004025,1,0.8547,8
2023-11-12 00:00:00,LONG,248.72,249.97,tp,0.004,1,0.8122,8
2023-11-12 12:00:00,SHORT,248.28,247.03,tp,0.004025,1,0.6756,8
2023-11-13 00:00:00,SHORT,245.38,244.15,tp,0.004025,1,0.6785,8
2023-11-13 12:00:00,SHORT,246.98,245.74,tp,0.004025,1,0.675,8
2023-11-13 16:00:00,SHORT,245.98,244.75,tp,0.004025,1,0.8634,8
2023-11-13 20:00:00,LONG,241.22,242.43,tp,0.004,1,0.6839,8
2023-11-14 00:00:00,LONG,242.52,243.73,tp,0.004,1,0.7583,8
2023-11-14 04:00:00,LONG,244.42,245.64,tp,0.004,1,0.6846,8
2023-11-14 12:00:00,LONG,244.32,245.54,tp,0.004,1,0.7309,8
2023-11-14 16:00:00,LONG,240.12,241.32,tp,0.004,1,0.8469,8
2023-11-14 20:00:00,LONG,242.42,243.63,tp,0.004,1,0.656,8
2023-11-15 00:00:00,LONG,244.02,245.24,tp,0.004,1,0.7468,8
2023-11-15 04:00:00,LONG,245.52,246.75,tp,0.004,1,0.7433,8
2023-11-15 08:00:00,SHORT,246.88,247.62,sl,-0.003991,0,0.6845,8
2023-11-15 12:00:00,LONG,252.53,253.79,tp,0.004,1,0.8548,8
2023-11-15 16:00:00,LONG,253.13,252.37,sl,-0.004,0,0.7571,8
2023-11-15 20:00:00,SHORT,253.57,252.31,tp,0.004025,1,0.7639,8
2023-11-16 04:00:00,SHORT,254.67,253.4,tp,0.004025,1,0.7352,8
2023-11-16 08:00:00,SHORT,251.57,250.32,tp,0.004025,1,0.7885,8
2023-11-16 12:00:00,SHORT,246.38,245.14,tp,0.004025,1,0.7373,8
2023-11-16 20:00:00,LONG,242.82,244.04,tp,0.004,1,0.7985,8
2023-11-17 00:00:00,LONG,244.72,243.99,sl,-0.004,0,0.7411,8
2023-11-17 04:00:00,LONG,244.62,245.85,tp,0.004,1,0.6842,8
2023-11-17 12:00:00,LONG,239.02,240.21,tp,0.004,1,0.8945,8
2023-11-17 16:00:00,LONG,243.42,244.64,tp,0.004,1,0.7091,8
2023-11-17 20:00:00,SHORT,244.78,243.55,tp,0.004025,1,0.9105,8
2023-11-18 04:00:00,LONG,242.02,243.23,tp,0.004,1,0.714,8
2023-11-19 00:00:00,LONG,244.32,243.59,sl,-0.004,0,0.6981,8
2023-11-19 12:00:00,LONG,243.72,244.94,tp,0.004,1,0.6929,8
2023-11-20 04:00:00,SHORT,247.18,247.92,sl,-0.003991,0,0.6812,8
2023-11-20 12:00:00,SHORT,248.08,246.84,tp,0.004025,1,0.6713,8
2023-11-20 16:00:00,LONG,257.63,256.86,sl,-0.004,0,0.7896,8
2023-11-20 20:00:00,LONG,253.23,254.49,tp,0.004,1,0.816,8
2023-11-21 00:00:00,LONG,262.83,264.15,tp,0.004,1,0.8811,8
2023-11-21 04:00:00,LONG,257.53,258.82,tp,0.004,1,0.8584,8
2023-11-21 08:00:00,LONG,258.83,260.12,tp,0.004,1,0.825,8
2023-11-21 12:00:00,SHORT,264.37,263.05,tp,0.004025,1,0.9548,8
2023-11-21 16:00:00,SHORT,239.98,238.78,tp,0.004025,1,0.9185,8
2023-11-21 20:00:00,LONG,225.61,226.74,tp,0.004,1,0.9581,8
2023-11-22 00:00:00,SHORT,234.18,233.01,tp,0.004025,1,0.8981,8
2023-11-22 04:00:00,LONG,233.12,234.28,tp,0.004,1,0.8772,8
2023-11-22 08:00:00,LONG,234.12,233.41,sl,-0.004,0,0.8701,8
2023-11-22 12:00:00,SHORT,231.58,230.43,tp,0.004025,1,0.8574,8
2023-11-22 16:00:00,LONG,235.42,236.59,tp,0.004,1,0.8937,8
2023-11-22 20:00:00,SHORT,235.98,236.69,sl,-0.003991,0,0.8566,8
2023-11-23 00:00:00,SHORT,235.28,234.11,tp,0.004025,1,0.8985,8
2023-11-23 04:00:00,SHORT,235.08,233.91,tp,0.004025,1,0.7964,8
2023-11-23 08:00:00,SHORT,232.68,231.52,tp,0.004025,1,0.8289,8
2023-11-23 12:00:00,LONG,231.02,232.17,tp,0.004,1,0.9241,8
2023-11-23 16:00:00,SHORT,233.58,234.28,sl,-0.003991,0,0.7457,8
2023-11-23 20:00:00,SHORT,233.68,234.38,sl,-0.003991,0,0.7211,8
2023-11-24 00:00:00,LONG,234.92,236.09,tp,0.004,1,0.6706,8
2023-11-24 08:00:00,SHORT,235.08,233.91,tp,0.004025,1,0.9009,8
2023-11-24 12:00:00,SHORT,234.98,233.81,tp,0.004025,1,0.6844,8
2023-11-24 16:00:00,SHORT,232.58,233.28,sl,-0.003991,0,0.6779,8
2023-11-24 20:00:00,LONG,232.82,233.98,tp,0.004,1,0.8153,8
2023-11-25 08:00:00,SHORT,232.98,233.68,sl,-0.003991,0,0.6874,8
2023-11-27 00:00:00,SHORT,228.89,227.74,tp,0.004025,1,0.6654,8
2023-11-27 04:00:00,SHORT,228.69,227.54,tp,0.004025,1,0.6562,8
2023-11-27 08:00:00,SHORT,225.69,224.56,tp,0.004025,1,0.8129,8
2023-11-27 12:00:00,LONG,223.01,224.13,tp,0.004,1,0.8835,8
2023-11-27 16:00:00,LONG,224.71,225.84,tp,0.004,1,0.7455,8
2023-11-27 20:00:00,LONG,227.31,228.45,tp,0.004,1,0.7151,8
2023-11-28 00:00:00,LONG,226.81,226.13,sl,-0.004,0,0.6735,8
2023-11-28 08:00:00,SHORT,228.79,229.47,sl,-0.003991,0,0.6654,8
2023-11-28 12:00:00,LONG,229.91,231.06,tp,0.004,1,0.6757,8
2023-11-28 16:00:00,SHORT,230.18,229.03,tp,0.004025,1,0.6649,8
2023-11-29 08:00:00,SHORT,229.19,228.04,tp,0.004025,1,0.8154,8
2023-11-29 12:00:00,SHORT,227.49,226.35,tp,0.004025,1,0.7177,8
2023-11-29 16:00:00,LONG,227.61,226.93,sl,-0.004,0,0.7795,8
2023-11-30 04:00:00,SHORT,227.59,228.27,sl,-0.003991,0,0.7256,8
2023-11-30 08:00:00,SHORT,228.79,227.64,tp,0.004025,1,0.6716,8
2023-11-30 12:00:00,SHORT,226.59,227.27,sl,-0.003991,0,0.7025,8
2023-11-30 16:00:00,LONG,227.41,228.55,tp,0.004,1,0.737,8
2023-12-01 12:00:00,LONG,228.41,229.56,tp,0.004,1,0.7708,8
2023-12-02 00:00:00,SHORT,229.09,227.94,tp,0.004025,1,0.7141,8
2023-12-02 08:00:00,LONG,227.21,226.53,sl,-0.004,0,0.801,8
2023-12-03 12:00:00,LONG,227.01,226.33,sl,-0.004,0,0.788,8
2023-12-04 04:00:00,LONG,232.02,233.18,tp,0.004,1,0.6842,8
2023-12-04 08:00:00,LONG,229.81,230.96,tp,0.004,1,0.7033,8
2023-12-04 12:00:00,SHORT,229.69,230.37,sl,-0.003991,0,0.6647,8
2023-12-04 16:00:00,SHORT,231.88,232.58,sl,-0.003991,0,0.6859,8
2023-12-04 20:00:00,SHORT,233.38,232.22,tp,0.004025,1,0.6908,8
2023-12-05 00:00:00,SHORT,232.78,231.62,tp,0.004025,1,0.7424,8
2023-12-05 04:00:00,LONG,229.51,228.83,sl,-0.004,0,0.8946,8
2023-12-05 08:00:00,SHORT,229.98,230.67,sl,-0.003991,0,0.7096,8
2023-12-06 04:00:00,LONG,233.42,234.58,tp,0.004,1,0.6858,8
2023-12-06 08:00:00,SHORT,230.08,230.78,sl,-0.003991,0,0.662,8
2023-12-06 20:00:00,LONG,229.51,230.66,tp,0.004,1,0.8236,8
2023-12-07 08:00:00,LONG,230.32,231.47,tp,0.004,1,0.8215,8
2023-12-08 00:00:00,LONG,235.62,236.8,tp,0.004,1,0.7213,8
2023-12-08 04:00:00,SHORT,232.88,233.58,sl,-0.003991,0,0.6696,8
2023-12-08 08:00:00,LONG,234.72,235.89,tp,0.004,1,0.6812,8
2023-12-08 16:00:00,SHORT,237.78,238.49,sl,-0.003991,0,0.7156,8
2023-12-08 20:00:00,LONG,239.02,240.21,tp,0.004,1,0.7079,8
2023-12-09 00:00:00,LONG,243.82,245.04,tp,0.004,1,0.816,8
2023-12-09 04:00:00,SHORT,243.78,242.56,tp,0.004025,1,0.9013,8
2023-12-09 08:00:00,SHORT,242.28,241.07,tp,0.004025,1,0.7743,8
2023-12-09 12:00:00,SHORT,240.58,239.38,tp,0.004025,1,0.6865,8
2023-12-09 16:00:00,SHORT,239.58,238.38,tp,0.004025,1,0.7556,8
2023-12-09 20:00:00,LONG,237.82,239.01,tp,0.004,1,0.8425,8
2023-12-10 04:00:00,SHORT,240.48,239.28,tp,0.004025,1,0.8583,8
2023-12-10 08:00:00,LONG,238.52,239.71,tp,0.004,1,0.8229,8
2023-12-11 00:00:00,LONG,233.32,232.62,sl,-0.004,0,0.7015,8
2023-12-11 04:00:00,SHORT,232.38,233.08,sl,-0.003991,0,0.7445,8
2023-12-11 08:00:00,SHORT,235.88,236.59,sl,-0.003991,0,0.7462,8
2023-12-11 12:00:00,SHORT,244.18,242.96,tp,0.004025,1,0.9107,8
2023-12-11 16:00:00,LONG,240.12,241.32,tp,0.004,1,0.8127,8
2023-12-11 20:00:00,LONG,246.52,247.76,tp,0.004,1,0.7974,8
2023-12-12 00:00:00,SHORT,253.17,251.91,tp,0.004025,1,0.8518,8
2023-12-12 04:00:00,LONG,250.53,249.77,sl,-0.004,0,0.8395,8
2023-12-12 08:00:00,SHORT,250.07,250.83,sl,-0.003991,0,0.7464,8
2023-12-12 12:00:00,LONG,254.23,255.5,tp,0.004,1,0.8671,8
2023-12-12 16:00:00,SHORT,255.27,254.0,tp,0.004025,1,0.9388,8
2023-12-12 20:00:00,LONG,254.73,253.96,sl,-0.004,0,0.7121,8
2023-12-13 00:00:00,SHORT,246.18,244.95,tp,0.004025,1,0.8479,8
2023-12-13 04:00:00,LONG,248.02,249.26,tp,0.004,1,0.8401,8
2023-12-13 08:00:00,LONG,249.62,250.87,tp,0.004,1,0.8432,8
2023-12-13 12:00:00,LONG,251.63,252.88,tp,0.004,1,0.7605,8
2023-12-13 16:00:00,LONG,253.53,254.79,tp,0.004,1,0.7557,8
2023-12-13 20:00:00,SHORT,251.87,250.61,tp,0.004025,1,0.8503,8
2023-12-14 00:00:00,LONG,248.72,249.97,tp,0.004,1,0.7904,8
2023-12-14 04:00:00,SHORT,250.87,251.63,sl,-0.003991,0,0.7094,8
2023-12-14 08:00:00,LONG,252.23,251.47,sl,-0.004,0,0.7454,8
2023-12-14 12:00:00,LONG,251.43,252.68,tp,0.004,1,0.7769,8
2023-12-14 16:00:00,LONG,252.03,253.29,tp,0.004,1,0.7596,8
2023-12-15 12:00:00,SHORT,245.98,246.71,sl,-0.003991,0,0.7769,8
2023-12-15 20:00:00,LONG,245.02,246.25,tp,0.004,1,0.8316,8
2023-12-16 00:00:00,SHORT,247.58,246.34,tp,0.004025,1,0.8473,8
2023-12-17 04:00:00,LONG,240.52,241.72,tp,0.004,1,0.8498,8
2023-12-17 16:00:00,SHORT,242.48,241.27,tp,0.004025,1,0.7723,8
2023-12-17 20:00:00,LONG,238.92,240.11,tp,0.004,1,0.6581,8
2023-12-18 00:00:00,SHORT,237.18,236.0,tp,0.004025,1,0.7715,8
2023-12-18 08:00:00,LONG,235.72,236.9,tp,0.004,1,0.6948,8
2023-12-18 12:00:00,LONG,237.12,238.3,tp,0.004,1,0.6697,8
2023-12-18 16:00:00,LONG,238.42,239.61,tp,0.004,1,0.6756,8
2023-12-18 20:00:00,LONG,241.82,243.03,tp,0.004,1,0.6629,8
2023-12-19 00:00:00,LONG,245.32,246.55,tp,0.004,1,0.7802,8
2023-12-19 04:00:00,LONG,245.02,246.25,tp,0.004,1,0.686,8
2023-12-19 08:00:00,LONG,252.13,253.39,tp,0.004,1,0.8578,8
2023-12-19 12:00:00,LONG,251.53,252.78,tp,0.004,1,0.8361,8
2023-12-19 16:00:00,LONG,253.83,253.07,sl,-0.004,0,0.7886,8
2023-12-19 20:00:00,SHORT,252.77,251.51,tp,0.004025,1,0.6871,8
2023-12-20 00:00:00,LONG,252.33,253.59,tp,0.004,1,0.7854,8
2023-12-20 04:00:00,SHORT,256.27,257.04,sl,-0.003991,0,0.8425,8
2023-12-20 08:00:00,SHORT,255.47,256.24,sl,-0.003991,0,0.8418,8
2023-12-20 12:00:00,SHORT,258.07,258.85,sl,-0.003991,0,0.7719,8
2023-12-20 16:00:00,SHORT,259.57,258.27,tp,0.004025,1,0.9243,8
2023-12-20 20:00:00,SHORT,260.17,258.87,tp,0.004025,1,0.8675,8
2023-12-21 00:00:00,SHORT,258.37,257.08,tp,0.004025,1,0.6944,8
2023-12-21 04:00:00,SHORT,260.67,261.45,sl,-0.003991,0,0.7079,8
2023-12-21 08:00:00,SHORT,271.46,270.11,tp,0.004025,1,0.9255,8
2023-12-21 12:00:00,SHORT,271.56,270.21,tp,0.004025,1,0.8859,8
2023-12-21 16:00:00,LONG,270.34,271.69,tp,0.004,1,0.7607,8
2023-12-21 20:00:00,SHORT,271.96,270.6,tp,0.004025,1,0.862,8
2023-12-22 00:00:00,SHORT,271.46,270.11,tp,0.004025,1,0.716,8
2023-12-22 04:00:00,LONG,265.33,266.66,tp,0.004,1,0.9067,8
2023-12-22 08:00:00,SHORT,270.16,268.81,tp,0.004025,1,0.7611,8
2023-12-22 12:00:00,SHORT,271.46,270.11,tp,0.004025,1,0.7634,8
2023-12-22 16:00:00,LONG,270.14,271.49,tp,0.004,1,0.7649,8
2023-12-22 20:00:00,SHORT,270.96,269.61,tp,0.004025,1,0.8937,8
2023-12-23 00:00:00,LONG,266.43,267.77,tp,0.004,1,0.805,8
2023-12-23 04:00:00,LONG,266.53,267.87,tp,0.004,1,0.876,8
2023-12-23 12:00:00,LONG,269.93,271.28,tp,0.004,1,0.6522,8
2023-12-23 16:00:00,LONG,270.44,271.79,tp,0.004,1,0.6605,8
2023-12-23 20:00:00,LONG,271.14,272.49,tp,0.004,1,0.6779,8
2023-12-24 00:00:00,SHORT,269.86,268.52,tp,0.004025,1,0.7626,8
2023-12-24 04:00:00,SHORT,269.07,267.72,tp,0.004025,1,0.726,8
2023-12-24 08:00:00,LONG,268.33,269.68,tp,0.004,1,0.7494,8
2023-12-24 12:00:00,SHORT,269.37,268.02,tp,0.004025,1,0.8496,8
2023-12-24 20:00:00,SHORT,264.37,263.05,tp,0.004025,1,0.8091,8
2023-12-25 00:00:00,LONG,264.93,266.26,tp,0.004,1,0.7788,8
2023-12-25 04:00:00,LONG,265.23,264.44,sl,-0.004,0,0.7153,8
2023-12-25 12:00:00,SHORT,266.97,265.63,tp,0.004025,1,0.8839,8
2023-12-25 20:00:00,SHORT,266.77,265.43,tp,0.004025,1,0.677,8
2023-12-26 00:00:00,LONG,271.24,272.59,tp,0.004,1,0.6638,8
2023-12-26 04:00:00,LONG,273.14,274.5,tp,0.004,1,0.7882,8
2023-12-26 08:00:00,SHORT,290.05,288.6,tp,0.004025,1,0.9267,8
2023-12-26 12:00:00,SHORT,295.85,294.37,tp,0.004025,1,0.9034,8
2023-12-26 16:00:00,SHORT,295.45,293.97,tp,0.004025,1,0.8903,8
2023-12-26 20:00:00,SHORT,297.55,296.06,tp,0.004025,1,0.898,8
2023-12-27 00:00:00,SHORT,289.86,290.72,sl,-0.003991,0,0.8948,8
2023-12-27 04:00:00,LONG,293.35,294.81,tp,0.004,1,0.7605,8
2023-12-27 08:00:00,SHORT,310.44,308.89,tp,0.004025,1,0.9411,8
2023-12-27 12:00:00,LONG,311.66,313.21,tp,0.004,1,0.8994,8
2023-12-27 16:00:00,LONG,312.56,314.12,tp,0.004,1,0.8536,8
2023-12-27 20:00:00,SHORT,323.94,322.32,tp,0.004025,1,0.8864,8
2023-12-28 00:00:00,LONG,326.16,327.79,tp,0.004,1,0.8782,8
2023-12-28 04:00:00,LONG,323.96,325.58,tp,0.004,1,0.8588,8
2023-12-28 08:00:00,SHORT,335.73,334.05,tp,0.004025,1,0.9405,8
2023-12-28 12:00:00,SHORT,328.84,329.82,sl,-0.003991,0,0.9487,8
2023-12-28 16:00:00,SHORT,330.23,328.58,tp,0.004025,1,0.7842,8
2023-12-28 20:00:00,SHORT,322.44,320.83,tp,0.004025,1,0.9258,8
2023-12-29 00:00:00,SHORT,320.84,319.24,tp,0.004025,1,0.8153,8
2023-12-29 04:00:00,LONG,313.46,315.02,tp,0.004,1,0.8462,8
2023-12-29 08:00:00,SHORT,317.64,316.05,tp,0.004025,1,0.8208,8
2023-12-29 12:00:00,SHORT,311.54,309.99,tp,0.004025,1,0.8388,8
2023-12-29 16:00:00,SHORT,314.04,312.47,tp,0.004025,1,0.8899,8
2023-12-29 20:00:00,LONG,313.86,315.43,tp,0.004,1,0.8806,8
2024-01-01 00:00:00,LONG,309.35,310.9,tp,0.004,1,0.8565,9
2024-01-01 04:00:00,LONG,310.76,312.31,tp,0.004,1,0.8937,9
2024-01-01 08:00:00,LONG,309.65,311.2,tp,0.004,1,0.8038,9
2024-01-01 12:00:00,SHORT,312.34,310.78,tp,0.004025,1,0.712,9
2024-01-01 16:00:00,LONG,311.96,313.52,tp,0.004,1,0.7187,9
2024-01-01 20:00:00,LONG,313.66,315.23,tp,0.004,1,0.7429,9
2024-01-02 00:00:00,LONG,319.36,318.4,sl,-0.004,0,0.7535,9
2024-01-02 04:00:00,SHORT,317.24,318.19,sl,-0.003991,0,0.7302,9
2024-01-02 08:00:00,SHORT,319.64,318.04,tp,0.004025,1,0.7822,9
2024-01-02 12:00:00,LONG,308.55,310.1,tp,0.004,1,0.8708,9
2024-01-02 16:00:00,SHORT,311.04,309.49,tp,0.004025,1,0.7519,9
2024-01-02 20:00:00,SHORT,312.04,312.98,sl,-0.003991,0,0.8443,9
2024-01-03 00:00:00,LONG,312.86,314.42,tp,0.004,1,0.7144,9
2024-01-03 04:00:00,LONG,316.96,318.54,tp,0.004,1,0.8467,9
2024-01-03 08:00:00,SHORT,322.84,321.22,tp,0.004025,1,0.9112,9
2024-01-03 12:00:00,LONG,317.06,318.64,tp,0.004,1,0.8544,9
2024-01-03 16:00:00,SHORT,313.84,314.78,sl,-0.003991,0,0.7603,9
2024-01-03 20:00:00,LONG,315.96,317.54,tp,0.004,1,0.7689,9
2024-01-04 00:00:00,SHORT,317.04,317.99,sl,-0.003991,0,0.7881,9
2024-01-04 04:00:00,LONG,318.66,320.25,tp,0.004,1,0.8162,9
2024-01-04 08:00:00,SHORT,316.74,317.69,sl,-0.003991,0,0.8864,9
2024-01-04 12:00:00,LONG,319.86,318.9,sl,-0.004,0,0.8551,9
2024-01-04 16:00:00,LONG,318.36,319.95,tp,0.004,1,0.7256,9
2024-01-04 20:00:00,SHORT,323.54,321.92,tp,0.004025,1,0.7743,9
2024-01-05 00:00:00,SHORT,321.24,319.63,tp,0.004025,1,0.8847,9
2024-01-05 04:00:00,LONG,317.66,319.25,tp,0.004,1,0.7703,9
2024-01-05 08:00:00,SHORT,318.84,317.25,tp,0.004025,1,0.7067,9
2024-01-05 12:00:00,SHORT,313.54,311.98,tp,0.004025,1,0.8019,9
2024-01-05 16:00:00,SHORT,313.94,314.88,sl,-0.003991,0,0.8287,9
2024-01-05 20:00:00,SHORT,317.34,315.75,tp,0.004025,1,0.6935,9
2024-01-06 00:00:00,SHORT,307.65,306.11,tp,0.004025,1,0.8391,9
2024-01-06 04:00:00,LONG,303.85,305.37,tp,0.004,1,0.9357,9
2024-01-06 08:00:00,SHORT,306.85,305.31,tp,0.004025,1,0.7812,9
2024-01-06 12:00:00,SHORT,306.85,305.31,tp,0.004025,1,0.7198,9
2024-01-06 16:00:00,LONG,306.05,307.58,tp,0.004,1,0.7935,9
2024-01-06 20:00:00,SHORT,307.35,305.81,tp,0.004025,1,0.7253,9
2024-01-07 04:00:00,SHORT,308.85,307.3,tp,0.004025,1,0.6619,9
2024-01-07 08:00:00,SHORT,306.05,304.52,tp,0.004025,1,0.8355,9
2024-01-07 16:00:00,SHORT,306.25,304.72,tp,0.004025,1,0.7587,9
2024-01-07 20:00:00,SHORT,302.25,300.74,tp,0.004025,1,0.8019,9
2024-01-08 00:00:00,LONG,294.05,295.52,tp,0.004,1,0.9193,9
2024-01-08 04:00:00,SHORT,298.65,297.16,tp,0.004025,1,0.7568,9
2024-01-08 08:00:00,LONG,299.25,300.75,tp,0.004,1,0.8051,9
2024-01-08 12:00:00,LONG,301.25,302.76,tp,0.004,1,0.8742,9
2024-01-08 16:00:00,SHORT,307.55,306.01,tp,0.004025,1,0.9055,9
2024-01-08 20:00:00,LONG,303.85,302.94,sl,-0.004,0,0.787,9
2024-01-09 00:00:00,LONG,298.55,300.04,tp,0.004,1,0.9262,9
2024-01-09 04:00:00,LONG,304.45,305.97,tp,0.004,1,0.6876,9
2024-01-09 08:00:00,SHORT,304.25,302.73,tp,0.004025,1,0.9234,9
2024-01-09 12:00:00,SHORT,300.95,299.44,tp,0.004025,1,0.7937,9
2024-01-09 16:00:00,LONG,299.75,301.25,tp,0.004,1,0.6936,9
2024-01-09 20:00:00,LONG,301.25,302.76,tp,0.004,1,0.8661,9
2024-01-10 00:00:00,SHORT,301.65,300.14,tp,0.004025,1,0.886,9
2024-01-10 08:00:00,SHORT,299.25,297.75,tp,0.004025,1,0.6711,9
2024-01-10 12:00:00,LONG,294.85,296.32,tp,0.004,1,0.8985,9
2024-01-10 16:00:00,LONG,298.15,299.64,tp,0.004,1,0.7086,9
2024-01-10 20:00:00,SHORT,305.65,304.12,tp,0.004025,1,0.9186,9
2024-01-11 00:00:00,LONG,306.75,308.29,tp,0.004,1,0.7117,9
2024-01-11 04:00:00,LONG,307.55,309.09,tp,0.004,1,0.7054,9
2024-01-11 08:00:00,LONG,314.66,316.23,tp,0.004,1,0.8882,9
2024-01-11 12:00:00,SHORT,307.25,305.71,tp,0.004025,1,0.891,9
2024-01-11 16:00:00,LONG,309.35,308.43,sl,-0.004,0,0.832,9
2024-01-11 20:00:00,SHORT,308.05,306.51,tp,0.004025,1,0.7683,9
2024-01-12 00:00:00,LONG,310.76,312.31,tp,0.004,1,0.7902,9
2024-01-12 04:00:00,LONG,308.75,310.3,tp,0.004,1,0.8084,9
2024-01-12 08:00:00,LONG,310.66,312.21,tp,0.004,1,0.769,9
2024-01-12 12:00:00,LONG,305.75,304.84,sl,-0.004,0,0.7992,9
2024-01-12 16:00:00,SHORT,300.75,299.25,tp,0.004025,1,0.8378,9
2024-01-12 20:00:00,LONG,296.75,295.86,sl,-0.004,0,0.9052,9
2024-01-13 00:00:00,SHORT,295.95,296.84,sl,-0.003991,0,0.8359,9
2024-01-13 04:00:00,LONG,299.45,298.55,sl,-0.004,0,0.721,9
2024-01-13 08:00:00,LONG,299.25,300.75,tp,0.004,1,0.6981,9
2024-01-13 12:00:00,LONG,302.55,301.64,sl,-0.004,0,0.7321,9
2024-01-14 00:00:00,LONG,302.35,303.86,tp,0.004,1,0.6871,9
2024-01-14 12:00:00,SHORT,305.05,303.52,tp,0.004025,1,0.8729,9
2024-01-14 20:00:00,LONG,299.65,301.15,tp,0.004,1,0.9248,9
2024-01-15 00:00:00,LONG,309.75,311.3,tp,0.004,1,0.7275,9
2024-01-15 04:00:00,LONG,315.06,316.63,tp,0.004,1,0.8974,9
2024-01-15 08:00:00,LONG,313.06,314.62,tp,0.004,1,0.789,9
2024-01-15 12:00:00,SHORT,314.24,315.19,sl,-0.003991,0,0.8668,9
2024-01-15 16:00:00,LONG,318.56,317.6,sl,-0.004,0,0.7322,9
2024-01-15 20:00:00,SHORT,317.34,315.75,tp,0.004025,1,0.8061,9
2024-01-16 00:00:00,LONG,315.76,317.34,tp,0.004,1,0.7063,9
2024-01-16 04:00:00,SHORT,316.24,317.19,sl,-0.003991,0,0.6602,9
2024-01-16 08:00:00,SHORT,317.74,316.15,tp,0.004025,1,0.94,9
2024-01-16 12:00:00,LONG,317.16,316.21,sl,-0.004,0,0.767,9
2024-01-16 16:00:00,LONG,315.36,316.93,tp,0.004,1,0.6559,9
2024-01-16 20:00:00,LONG,315.36,314.41,sl,-0.004,0,0.6951,9
2024-01-17 00:00:00,SHORT,314.44,312.87,tp,0.004025,1,0.6616,9
2024-01-17 04:00:00,SHORT,308.65,309.57,sl,-0.003991,0,0.6648,9
2024-01-17 08:00:00,LONG,313.26,314.82,tp,0.004,1,0.7559,9
2024-01-17 12:00:00,SHORT,311.94,310.38,tp,0.004025,1,0.6985,9
2024-01-17 16:00:00,SHORT,308.25,309.17,sl,-0.003991,0,0.7094,9
2024-01-17 20:00:00,SHORT,309.25,307.7,tp,0.004025,1,0.7285,9
2024-01-18 00:00:00,LONG,309.75,311.3,tp,0.004,1,0.8046,9
2024-01-18 04:00:00,LONG,311.86,310.92,sl,-0.004,0,0.6878,9
2024-01-18 08:00:00,LONG,312.46,314.02,tp,0.004,1,0.6503,9
2024-01-18 12:00:00,SHORT,315.14,313.57,tp,0.004025,1,0.9153,9
2024-01-18 16:00:00,SHORT,308.65,309.57,sl,-0.003991,0,0.6794,9
2024-01-18 20:00:00,LONG,313.16,312.22,sl,-0.004,0,0.8273,9
2024-01-19 00:00:00,SHORT,310.84,311.78,sl,-0.003991,0,0.6659,9
2024-01-19 04:00:00,LONG,311.66,313.21,tp,0.004,1,0.7729,9
2024-01-19 08:00:00,LONG,314.26,315.83,tp,0.004,1,0.675,9
2024-01-19 12:00:00,SHORT,311.24,309.69,tp,0.004025,1,0.7093,9
2024-01-19 16:00:00,LONG,313.86,312.92,sl,-0.004,0,0.8114,9
2024-01-20 00:00:00,SHORT,313.24,314.18,sl,-0.003991,0,0.8044,9
2024-01-20 08:00:00,LONG,315.16,314.21,sl,-0.004,0,0.7096,9
2024-01-21 08:00:00,SHORT,319.14,317.54,tp,0.004025,1,0.72,9
2024-01-21 12:00:00,SHORT,318.74,319.7,sl,-0.003991,0,0.7455,9
2024-01-21 20:00:00,SHORT,318.44,316.85,tp,0.004025,1,0.8205,9
2024-01-22 04:00:00,SHORT,317.64,316.05,tp,0.004025,1,0.7454,9
2024-01-22 08:00:00,SHORT,313.34,311.78,tp,0.004025,1,0.7459,9
2024-01-22 12:00:00,SHORT,310.94,309.39,tp,0.004025,1,0.7909,9
2024-01-22 16:00:00,LONG,306.75,308.29,tp,0.004,1,0.9033,9
2024-01-22 20:00:00,LONG,306.05,307.58,tp,0.004,1,0.7875,9
2024-01-23 00:00:00,LONG,310.56,309.62,sl,-0.004,0,0.7042,9
2024-01-23 04:00:00,LONG,308.45,307.53,sl,-0.004,0,0.6657,9
2024-01-23 08:00:00,SHORT,295.75,294.27,tp,0.004025,1,0.8513,9
2024-01-23 12:00:00,LONG,296.85,298.33,tp,0.004,1,0.8014,9
2024-01-23 16:00:00,LONG,294.55,296.02,tp,0.004,1,0.8111,9
2024-01-23 20:00:00,SHORT,298.65,299.55,sl,-0.003991,0,0.7673,9
2024-01-24 00:00:00,SHORT,298.05,296.56,tp,0.004025,1,0.8768,9
2024-01-24 04:00:00,LONG,293.35,294.81,tp,0.004,1,0.9263,9
2024-01-24 08:00:00,SHORT,295.25,293.78,tp,0.004025,1,0.7258,9
2024-01-24 12:00:00,LONG,294.35,293.46,sl,-0.004,0,0.7582,9
2024-01-24 16:00:00,LONG,292.35,293.81,tp,0.004,1,0.6873,9
2024-01-24 20:00:00,SHORT,292.95,291.49,tp,0.004025,1,0.6852,9
2024-01-25 00:00:00,LONG,290.65,292.1,tp,0.004,1,0.8553,9
2024-01-25 12:00:00,SHORT,292.45,290.99,tp,0.004025,1,0.8225,9
2024-01-25 16:00:00,LONG,291.85,290.97,sl,-0.004,0,0.7908,9
2024-01-26 08:00:00,SHORT,302.75,301.23,tp,0.004025,1,0.907,9
2024-01-26 12:00:00,SHORT,302.65,303.56,sl,-0.003991,0,0.7212,9
2024-01-26 16:00:00,LONG,301.85,303.36,tp,0.004,1,0.6635,9
2024-01-27 00:00:00,SHORT,305.55,304.02,tp,0.004025,1,0.8663,9
2024-01-28 00:00:00,SHORT,305.85,306.76,sl,-0.003991,0,0.6518,9
2024-01-28 08:00:00,SHORT,306.95,305.41,tp,0.004025,1,0.8624,9
2024-01-28 20:00:00,LONG,305.45,306.98,tp,0.004,1,0.7539,9
2024-01-29 08:00:00,LONG,308.15,307.23,sl,-0.004,0,0.691,9
2024-01-29 12:00:00,LONG,308.65,310.2,tp,0.004,1,0.6923,9
2024-01-29 20:00:00,SHORT,310.54,311.48,sl,-0.003991,0,0.7037,9
2024-01-30 00:00:00,SHORT,310.74,311.68,sl,-0.003991,0,0.7907,9
2024-01-30 08:00:00,SHORT,310.54,308.99,tp,0.004025,1,0.6789,9
2024-01-30 12:00:00,SHORT,309.05,309.97,sl,-0.003991,0,0.8016,9
2024-01-31 08:00:00,SHORT,303.05,301.53,tp,0.004025,1,0.8103,9
2024-01-31 12:00:00,SHORT,304.55,305.46,sl,-0.003991,0,0.7855,9
2024-01-31 20:00:00,SHORT,300.35,298.85,tp,0.004025,1,0.7209,9
2024-02-01 00:00:00,LONG,298.55,297.65,sl,-0.004,0,0.8633,9
2024-02-01 04:00:00,LONG,298.25,299.74,tp,0.004,1,0.6721,9
2024-02-01 12:00:00,SHORT,299.65,300.55,sl,-0.003991,0,0.7789,9
2024-02-02 08:00:00,SHORT,302.85,301.33,tp,0.004025,1,0.8446,9
2024-02-02 12:00:00,LONG,302.55,301.64,sl,-0.004,0,0.6662,9
2024-02-03 04:00:00,SHORT,301.95,300.44,tp,0.004025,1,0.7198,9
2024-02-03 12:00:00,LONG,300.55,299.65,sl,-0.004,0,0.85,9
2024-02-04 04:00:00,LONG,299.55,301.05,tp,0.004,1,0.7028,9
2024-02-05 20:00:00,LONG,301.35,302.86,tp,0.004,1,0.71,9
2024-02-06 12:00:00,SHORT,302.75,303.66,sl,-0.003991,0,0.709,9
2024-02-07 04:00:00,LONG,302.55,304.06,tp,0.004,1,0.7442,9
2024-02-07 16:00:00,LONG,306.75,308.29,tp,0.004,1,0.6546,9
2024-02-08 00:00:00,LONG,311.76,313.31,tp,0.004,1,0.723,9
2024-02-08 04:00:00,SHORT,314.64,315.59,sl,-0.003991,0,0.7775,9
2024-02-08 08:00:00,SHORT,316.74,317.69,sl,-0.003991,0,0.81,9
2024-02-08 12:00:00,SHORT,319.74,318.14,tp,0.004025,1,0.9348,9
2024-02-08 16:00:00,SHORT,317.84,318.79,sl,-0.003991,0,0.72,9
2024-02-09 00:00:00,LONG,321.16,322.77,tp,0.004,1,0.689,9
2024-02-09 08:00:00,SHORT,325.14,323.51,tp,0.004025,1,0.8038,9
2024-02-09 12:00:00,SHORT,322.04,323.01,sl,-0.003991,0,0.8307,9
2024-02-09 20:00:00,SHORT,323.84,324.81,sl,-0.003991,0,0.7429,9
2024-02-10 04:00:00,SHORT,323.34,321.72,tp,0.004025,1,0.8472,9
2024-02-10 08:00:00,LONG,320.26,321.86,tp,0.004,1,0.8762,9
2024-02-10 20:00:00,LONG,323.16,322.19,sl,-0.004,0,0.6542,9
2024-02-11 04:00:00,SHORT,324.14,322.52,tp,0.004025,1,0.8783,9
2024-02-12 00:00:00,SHORT,319.44,317.84,tp,0.004025,1,0.6856,9
2024-02-12 04:00:00,SHORT,318.04,316.45,tp,0.004025,1,0.7993,9
2024-02-12 08:00:00,SHORT,317.04,317.99,sl,-0.003991,0,0.7585,9
2024-02-12 16:00:00,SHORT,324.64,325.61,sl,-0.003991,0,0.7839,9
2024-02-12 20:00:00,LONG,327.96,326.98,sl,-0.004,0,0.7185,9
2024-02-13 08:00:00,SHORT,326.54,324.9,tp,0.004025,1,0.7727,9
2024-02-13 12:00:00,LONG,322.36,321.39,sl,-0.004,0,0.8086,9
2024-02-13 16:00:00,SHORT,322.54,323.51,sl,-0.003991,0,0.7062,9
2024-02-14 08:00:00,LONG,332.87,334.53,tp,0.004,1,0.8072,9
2024-02-14 12:00:00,LONG,332.77,334.43,tp,0.004,1,0.705,9
2024-02-15 00:00:00,LONG,342.37,344.08,tp,0.004,1,0.8197,9
2024-02-15 04:00:00,SHORT,345.23,343.5,tp,0.004025,1,0.8197,9
2024-02-15 08:00:00,LONG,346.97,348.71,tp,0.004,1,0.7821,9
2024-02-15 12:00:00,SHORT,360.22,358.42,tp,0.004025,1,0.9304,9
2024-02-15 16:00:00,SHORT,355.72,353.94,tp,0.004025,1,0.8015,9
2024-02-15 20:00:00,SHORT,354.02,355.08,sl,-0.003991,0,0.8739,9
2024-02-16 00:00:00,SHORT,361.72,359.91,tp,0.004025,1,0.9265,9
2024-02-16 04:00:00,SHORT,356.12,354.34,tp,0.004025,1,0.7763,9
2024-02-16 08:00:00,SHORT,357.42,358.49,sl,-0.003991,0,0.9045,9
2024-02-16 12:00:00,SHORT,358.32,356.53,tp,0.004025,1,0.9347,9
2024-02-16 16:00:00,LONG,354.68,356.45,tp,0.004,1,0.9178,9
2024-02-16 20:00:00,SHORT,360.22,358.42,tp,0.004025,1,0.8287,9
2024-02-17 00:00:00,SHORT,359.82,358.02,tp,0.004025,1,0.9047,9
2024-02-17 04:00:00,SHORT,359.62,357.82,tp,0.004025,1,0.7205,9
2024-02-17 08:00:00,SHORT,356.92,355.14,tp,0.004025,1,0.7381,9
2024-02-17 12:00:00,LONG,351.68,353.43,tp,0.004,1,0.9225,9
2024-02-17 20:00:00,LONG,353.08,352.02,sl,-0.004,0,0.6585,9
2024-02-18 00:00:00,LONG,351.88,353.64,tp,0.004,1,0.7908,9
2024-02-18 04:00:00,LONG,355.68,357.46,tp,0.004,1,0.7312,9
2024-02-18 08:00:00,SHORT,354.32,352.55,tp,0.004025,1,0.8359,9
2024-02-18 12:00:00,SHORT,352.52,350.76,tp,0.004025,1,0.6947,9
2024-02-18 16:00:00,SHORT,351.32,349.57,tp,0.004025,1,0.7395,9
2024-02-19 00:00:00,SHORT,352.02,350.26,tp,0.004025,1,0.8662,9
2024-02-19 08:00:00,SHORT,353.02,351.26,tp,0.004025,1,0.6835,9
2024-02-19 12:00:00,SHORT,354.12,352.35,tp,0.004025,1,0.6787,9
2024-02-19 16:00:00,SHORT,352.32,353.38,sl,-0.003991,0,0.7966,9
2024-02-20 00:00:00,LONG,353.08,354.84,tp,0.004,1,0.7366,9
2024-02-20 04:00:00,SHORT,357.42,355.63,tp,0.004025,1,0.8391,9
2024-02-20 08:00:00,SHORT,357.52,355.73,tp,0.004025,1,0.6566,9
2024-02-20 12:00:00,SHORT,351.02,349.27,tp,0.004025,1,0.744,9
2024-02-20 16:00:00,LONG,354.18,355.95,tp,0.004,1,0.786,9
2024-02-20 20:00:00,LONG,354.78,353.71,sl,-0.004,0,0.7391,9
2024-02-21 00:00:00,LONG,353.58,355.34,tp,0.004,1,0.6827,9
2024-02-21 04:00:00,LONG,360.58,362.38,tp,0.004,1,0.8476,9
2024-02-21 08:00:00,LONG,364.28,366.1,tp,0.004,1,0.8903,9
2024-02-21 12:00:00,LONG,370.18,372.04,tp,0.004,1,0.8975,9
2024-02-21 16:00:00,LONG,371.19,373.04,tp,0.004,1,0.7322,9
2024-02-21 20:00:00,SHORT,379.01,377.12,tp,0.004025,1,0.8275,9
2024-02-22 00:00:00,LONG,375.59,377.47,tp,0.004,1,0.8843,9
2024-02-22 04:00:00,SHORT,381.41,379.5,tp,0.004025,1,0.7998,9
2024-02-22 08:00:00,LONG,383.09,381.94,sl,-0.004,0,0.8186,9
2024-02-22 12:00:00,SHORT,380.91,379.0,tp,0.004025,1,0.8188,9
2024-02-22 16:00:00,SHORT,382.01,383.15,sl,-0.003991,0,0.8033,9
2024-02-22 20:00:00,SHORT,382.41,380.5,tp,0.004025,1,0.9176,9
2024-02-23 00:00:00,LONG,379.09,380.98,tp,0.004,1,0.7514,9
2024-02-23 04:00:00,LONG,375.09,376.96,tp,0.004,1,0.8313,9
2024-02-23 08:00:00,LONG,376.99,375.86,sl,-0.004,0,0.7762,9
2024-02-23 12:00:00,SHORT,371.31,369.46,tp,0.004025,1,0.7517,9
2024-02-23 16:00:00,LONG,377.79,376.66,sl,-0.004,0,0.8514,9
2024-02-23 20:00:00,SHORT,375.31,373.44,tp,0.004025,1,0.6757,9
2024-02-24 08:00:00,LONG,380.69,379.55,sl,-0.004,0,0.7046,9
2024-02-24 16:00:00,SHORT,382.71,380.8,tp,0.004025,1,0.9068,9
2024-02-25 00:00:00,LONG,379.69,381.59,tp,0.004,1,0.8226,9
2024-02-25 08:00:00,LONG,384.09,386.01,tp,0.004,1,0.7793,9
2024-02-25 12:00:00,LONG,385.19,387.12,tp,0.004,1,0.6743,9
2024-02-25 16:00:00,LONG,389.19,388.03,sl,-0.004,0,0.7694,9
2024-02-25 20:00:00,LONG,388.69,387.53,sl,-0.004,0,0.7558,9
2024-02-26 00:00:00,LONG,384.39,386.31,tp,0.004,1,0.8428,9
2024-02-26 04:00:00,LONG,386.29,388.22,tp,0.004,1,0.6551,9
2024-02-26 08:00:00,LONG,389.89,391.84,tp,0.004,1,0.7336,9
2024-02-26 12:00:00,LONG,397.1,399.08,tp,0.004,1,0.8962,9
2024-02-26 16:00:00,LONG,398.3,400.29,tp,0.004,1,0.844,9
2024-02-26 20:00:00,SHORT,401.4,399.39,tp,0.004025,1,0.8672,9
2024-02-27 00:00:00,LONG,399.2,398.0,sl,-0.004,0,0.6678,9
2024-02-27 04:00:00,SHORT,395.8,396.99,sl,-0.003991,0,0.667,9
2024-02-27 12:00:00,LONG,393.1,395.06,tp,0.004,1,0.6812,9
2024-02-27 16:00:00,LONG,395.6,394.41,sl,-0.004,0,0.7128,9
2024-02-27 20:00:00,LONG,394.8,396.77,tp,0.004,1,0.6914,9
2024-02-28 00:00:00,LONG,395.9,397.88,tp,0.004,1,0.6801,9
2024-02-28 04:00:00,SHORT,400.3,401.5,sl,-0.003991,0,0.6663,9
2024-02-28 08:00:00,LONG,406.7,408.74,tp,0.004,1,0.9126,9
2024-02-28 12:00:00,LONG,413.41,415.47,tp,0.004,1,0.8189,9
2024-02-28 16:00:00,SHORT,408.2,406.15,tp,0.004025,1,0.8805,9
2024-02-28 20:00:00,SHORT,414.39,412.32,tp,0.004025,1,0.8094,9
2024-02-29 00:00:00,LONG,414.21,416.28,tp,0.004,1,0.7761,9
2024-02-29 04:00:00,LONG,415.31,417.38,tp,0.004,1,0.7594,9
2024-02-29 08:00:00,LONG,410.41,409.17,sl,-0.004,0,0.8015,9
2024-02-29 12:00:00,SHORT,407.2,405.16,tp,0.004025,1,0.7677,9
2024-02-29 16:00:00,SHORT,405.5,403.47,tp,0.004025,1,0.7649,9
2024-02-29 20:00:00,LONG,399.6,401.6,tp,0.004,1,0.9106,9
2024-03-01 00:00:00,LONG,405.8,404.59,sl,-0.004,0,0.7638,9
2024-03-01 04:00:00,LONG,403.8,405.82,tp,0.004,1,0.7769,9
2024-03-01 08:00:00,LONG,406.4,408.44,tp,0.004,1,0.7962,9
2024-03-01 12:00:00,LONG,403.2,405.22,tp,0.004,1,0.6689,9
2024-03-01 16:00:00,LONG,406.5,408.54,tp,0.004,1,0.7057,9
2024-03-01 20:00:00,LONG,407.6,409.64,tp,0.004,1,0.6728,9
2024-03-02 04:00:00,SHORT,409.1,407.05,tp,0.004025,1,0.8164,9
2024-03-03 04:00:00,LONG,407.1,409.14,tp,0.004,1,0.8876,9
2024-03-03 08:00:00,LONG,413.61,412.37,sl,-0.004,0,0.7005,9
2024-03-03 12:00:00,LONG,413.51,415.57,tp,0.004,1,0.7557,9
2024-03-03 16:00:00,LONG,413.51,415.57,tp,0.004,1,0.6763,9
2024-03-04 00:00:00,LONG,414.61,416.68,tp,0.004,1,0.6943,9
2024-03-04 04:00:00,SHORT,416.79,418.04,sl,-0.003991,0,0.6501,9
2024-03-04 08:00:00,SHORT,417.19,415.11,tp,0.004025,1,0.7938,9
2024-03-04 16:00:00,LONG,416.21,418.29,tp,0.004,1,0.6804,9
2024-03-05 04:00:00,SHORT,417.99,419.24,sl,-0.003991,0,0.7967,9
2024-03-05 08:00:00,SHORT,418.39,416.3,tp,0.004025,1,0.6856,9
2024-03-05 12:00:00,SHORT,415.79,413.71,tp,0.004025,1,0.7094,9
2024-03-05 16:00:00,LONG,376.99,378.87,tp,0.004,1,0.9219,9
2024-03-05 20:00:00,SHORT,393.9,391.93,tp,0.004025,1,0.9196,9
2024-03-06 00:00:00,LONG,391.4,393.35,tp,0.004,1,0.8191,9
2024-03-06 04:00:00,LONG,410.71,412.76,tp,0.004,1,0.891,9
2024-03-06 08:00:00,SHORT,425.99,423.86,tp,0.004025,1,0.9353,9
2024-03-06 12:00:00,LONG,420.11,422.21,tp,0.004,1,0.8495,9
2024-03-06 16:00:00,LONG,424.61,426.74,tp,0.004,1,0.825,9
2024-03-06 20:00:00,SHORT,429.19,427.04,tp,0.004025,1,0.8436,9
2024-03-07 00:00:00,LONG,426.81,428.95,tp,0.004,1,0.7694,9
2024-03-07 04:00:00,LONG,434.22,436.39,tp,0.004,1,0.8326,9
2024-03-07 08:00:00,SHORT,438.38,439.7,sl,-0.003991,0,0.8891,9
2024-03-07 12:00:00,SHORT,448.98,450.32,sl,-0.003991,0,0.8396,9
2024-03-07 16:00:00,SHORT,467.97,469.37,sl,-0.003991,0,0.8767,9
2024-03-07 20:00:00,LONG,474.84,473.41,sl,-0.004,0,0.8565,9
2024-03-08 00:00:00,SHORT,464.57,465.96,sl,-0.003991,0,0.8255,9
2024-03-08 04:00:00,SHORT,467.87,469.27,sl,-0.003991,0,0.7261,9
2024-03-08 08:00:00,SHORT,473.96,471.59,tp,0.004025,1,0.9085,9
2024-03-08 12:00:00,SHORT,472.46,470.1,tp,0.004025,1,0.8784,9
2024-03-08 16:00:00,LONG,484.74,487.17,tp,0.004,1,0.8287,9
2024-03-08 20:00:00,SHORT,485.56,483.13,tp,0.004025,1,0.8341,9
2024-03-09 00:00:00,LONG,489.34,487.88,sl,-0.004,0,0.7872,9
2024-03-09 04:00:00,SHORT,487.26,484.82,tp,0.004025,1,0.7001,9
2024-03-09 08:00:00,SHORT,487.16,484.72,tp,0.004025,1,0.8974,9
2024-03-09 12:00:00,SHORT,483.86,481.44,tp,0.004025,1,0.7981,9
2024-03-09 16:00:00,LONG,482.64,485.05,tp,0.004,1,0.8672,9
2024-03-09 20:00:00,SHORT,488.06,485.62,tp,0.004025,1,0.7601,9
2024-03-10 04:00:00,LONG,503.95,506.47,tp,0.004,1,0.8122,9
2024-03-10 08:00:00,SHORT,531.43,528.78,tp,0.004025,1,0.9485,9
2024-03-10 12:00:00,LONG,521.16,523.77,tp,0.004,1,0.8625,9
2024-03-10 16:00:00,SHORT,530.33,527.68,tp,0.004025,1,0.8498,9
2024-03-10 20:00:00,SHORT,528.64,525.99,tp,0.004025,1,0.9168,9
2024-03-11 00:00:00,LONG,523.36,525.98,tp,0.004,1,0.9165,9
2024-03-11 04:00:00,SHORT,527.64,525.0,tp,0.004025,1,0.9361,9
2024-03-11 08:00:00,SHORT,521.74,519.13,tp,0.004025,1,0.8412,9
2024-03-11 12:00:00,SHORT,515.14,512.57,tp,0.004025,1,0.8386,9
2024-03-11 16:00:00,LONG,518.16,520.75,tp,0.004,1,0.8912,9
2024-03-11 20:00:00,SHORT,522.74,524.31,sl,-0.003991,0,0.8567,9
2024-03-12 00:00:00,SHORT,533.83,531.16,tp,0.004025,1,0.7923,9
2024-03-12 04:00:00,LONG,538.87,537.25,sl,-0.004,0,0.9056,9
2024-03-12 08:00:00,SHORT,530.13,527.48,tp,0.004025,1,0.8444,9
2024-03-12 12:00:00,SHORT,541.63,538.92,tp,0.004025,1,0.9379,9
2024-03-12 16:00:00,LONG,541.57,539.95,sl,-0.004,0,0.8897,9
2024-03-12 20:00:00,SHORT,537.23,534.55,tp,0.004025,1,0.8406,9
2024-03-13 00:00:00,SHORT,537.93,539.54,sl,-0.003991,0,0.8014,9
2024-03-13 04:00:00,LONG,560.98,563.79,tp,0.004,1,0.8828,9
2024-03-13 08:00:00,SHORT,592.0,589.04,tp,0.004025,1,0.9573,9
2024-03-13 12:00:00,LONG,582.69,585.6,tp,0.004,1,0.9265,9
2024-03-13 16:00:00,SHORT,596.9,598.69,sl,-0.003991,0,0.8692,9
2024-03-13 20:00:00,SHORT,630.18,627.03,tp,0.004025,1,0.959,9
2024-03-14 00:00:00,LONG,615.61,618.69,tp,0.004,1,0.876,9
2024-03-14 04:00:00,LONG,606.6,609.64,tp,0.004,1,0.8809,9
2024-03-14 08:00:00,SHORT,605.1,602.07,tp,0.004025,1,0.8689,9
2024-03-14 12:00:00,SHORT,592.4,589.44,tp,0.004025,1,0.9345,9
2024-03-14 16:00:00,SHORT,578.91,580.65,sl,-0.003991,0,0.8979,9
2024-03-14 20:00:00,SHORT,602.9,599.88,tp,0.004025,1,0.8786,9
2024-03-15 00:00:00,SHORT,582.61,579.7,tp,0.004025,1,0.9164,9
2024-03-15 04:00:00,SHORT,582.31,579.4,tp,0.004025,1,0.8772,9
2024-03-15 08:00:00,LONG,583.49,586.41,tp,0.004,1,0.9343,9
2024-03-15 12:00:00,LONG,596.6,599.58,tp,0.004,1,0.8989,9
2024-03-15 16:00:00,LONG,597.5,600.49,tp,0.004,1,0.892,9
2024-03-15 20:00:00,SHORT,632.38,629.22,tp,0.004025,1,0.9179,9
2024-03-16 00:00:00,LONG,612.51,615.57,tp,0.004,1,0.8981,9
2024-03-16 04:00:00,LONG,615.01,618.08,tp,0.004,1,0.8107,9
2024-03-16 08:00:00,LONG,608.9,607.08,sl,-0.004,0,0.8411,9
2024-03-16 12:00:00,SHORT,601.2,598.19,tp,0.004025,1,0.9226,9
2024-03-16 16:00:00,SHORT,583.51,580.59,tp,0.004025,1,0.9104,9
2024-03-16 20:00:00,LONG,576.69,579.57,tp,0.004,1,0.8619,9
2024-03-17 00:00:00,SHORT,587.41,584.47,tp,0.004025,1,0.853,9
2024-03-17 04:00:00,LONG,560.18,562.98,tp,0.004,1,0.9709,9
2024-03-17 08:00:00,LONG,572.39,575.25,tp,0.004,1,0.9081,9
2024-03-17 12:00:00,SHORT,587.91,584.97,tp,0.004025,1,0.8916,9
2024-03-17 16:00:00,SHORT,582.81,579.89,tp,0.004025,1,0.9409,9
2024-03-17 20:00:00,SHORT,571.41,568.56,tp,0.004025,1,0.9291,9
2024-03-18 00:00:00,LONG,565.48,568.31,tp,0.004,1,0.9625,9
2024-03-18 04:00:00,SHORT,576.41,573.53,tp,0.004025,1,0.94,9
2024-03-18 08:00:00,SHORT,568.12,565.28,tp,0.004025,1,0.9163,9
2024-03-18 12:00:00,SHORT,552.02,549.26,tp,0.004025,1,0.9374,9
2024-03-18 16:00:00,LONG,548.57,551.32,tp,0.004,1,0.8834,9
2024-03-18 20:00:00,LONG,555.68,558.46,tp,0.004,1,0.8757,9
2024-03-19 00:00:00,SHORT,533.73,531.06,tp,0.004025,1,0.9399,9
2024-03-19 04:00:00,SHORT,529.14,526.49,tp,0.004025,1,0.9402,9
2024-03-19 08:00:00,LONG,513.86,516.43,tp,0.004,1,0.9731,9
2024-03-19 12:00:00,LONG,529.76,532.41,tp,0.004,1,0.9181,9
2024-03-19 16:00:00,SHORT,531.73,529.08,tp,0.004025,1,0.9391,9
2024-03-19 20:00:00,LONG,507.95,510.49,tp,0.004,1,0.9319,9
2024-03-20 00:00:00,LONG,512.56,515.12,tp,0.004,1,0.856,9
2024-03-20 04:00:00,LONG,532.37,535.03,tp,0.004,1,0.9141,9
2024-03-20 08:00:00,SHORT,533.33,530.67,tp,0.004025,1,0.8831,9
2024-03-20 12:00:00,LONG,516.66,519.24,tp,0.004,1,0.906,9
2024-03-20 16:00:00,LONG,541.17,543.88,tp,0.004,1,0.9085,9
2024-03-20 20:00:00,SHORT,556.52,553.74,tp,0.004025,1,0.9082,9
2024-03-21 00:00:00,LONG,552.78,551.12,sl,-0.004,0,0.8967,9
2024-03-21 04:00:00,LONG,550.28,553.03,tp,0.004,1,0.7946,9
2024-03-21 08:00:00,SHORT,557.82,555.03,tp,0.004025,1,0.9409,9
2024-03-21 12:00:00,LONG,558.78,561.57,tp,0.004,1,0.8032,9
2024-03-21 16:00:00,LONG,552.28,555.04,tp,0.004,1,0.9481,9
2024-03-21 20:00:00,SHORT,553.52,555.18,sl,-0.003991,0,0.8045,9
2024-03-22 00:00:00,SHORT,575.31,572.44,tp,0.004025,1,0.8817,9
2024-03-22 04:00:00,SHORT,583.81,580.89,tp,0.004025,1,0.9454,9
2024-03-22 08:00:00,LONG,565.68,568.51,tp,0.004,1,0.9139,9
2024-03-22 12:00:00,SHORT,553.72,550.95,tp,0.004025,1,0.9144,9
2024-03-22 16:00:00,SHORT,549.72,546.98,tp,0.004025,1,0.8963,9
2024-03-22 20:00:00,LONG,554.08,556.85,tp,0.004,1,0.9309,9
2024-03-23 00:00:00,SHORT,550.02,551.67,sl,-0.003991,0,0.9092,9
2024-03-23 04:00:00,LONG,555.18,557.95,tp,0.004,1,0.795,9
2024-03-23 08:00:00,LONG,554.68,557.45,tp,0.004,1,0.8248,9
2024-03-23 12:00:00,SHORT,561.92,559.11,tp,0.004025,1,0.9198,9
2024-03-23 16:00:00,LONG,559.38,562.18,tp,0.004,1,0.7788,9
2024-03-23 20:00:00,LONG,552.18,554.94,tp,0.004,1,0.8223,9
2024-03-24 00:00:00,LONG,550.98,553.73,tp,0.004,1,0.7717,9
2024-03-24 04:00:00,LONG,552.98,555.74,tp,0.004,1,0.8863,9
2024-03-24 08:00:00,LONG,556.78,559.56,tp,0.004,1,0.7256,9
2024-03-24 12:00:00,LONG,560.68,563.48,tp,0.004,1,0.7799,9
2024-03-24 16:00:00,SHORT,563.62,565.31,sl,-0.003991,0,0.7457,9
2024-03-24 20:00:00,LONG,567.98,570.82,tp,0.004,1,0.8133,9
2024-03-25 00:00:00,SHORT,581.21,582.95,sl,-0.003991,0,0.7706,9
2024-03-25 04:00:00,LONG,584.09,587.01,tp,0.004,1,0.8993,9
2024-03-25 08:00:00,LONG,579.59,582.49,tp,0.004,1,0.8248,9
2024-03-25 12:00:00,LONG,593.3,596.26,tp,0.004,1,0.9176,9
2024-03-25 16:00:00,SHORT,594.2,591.23,tp,0.004025,1,0.943,9
2024-03-25 20:00:00,SHORT,586.71,588.47,sl,-0.003991,0,0.8062,9
2024-03-26 00:00:00,SHORT,592.5,594.28,sl,-0.003991,0,0.7794,9
2024-03-26 04:00:00,LONG,592.0,594.96,tp,0.004,1,0.7088,9
2024-03-26 08:00:00,SHORT,591.2,588.25,tp,0.004025,1,0.7546,9
2024-03-26 12:00:00,LONG,580.19,578.45,sl,-0.004,0,0.9413,9
2024-03-26 16:00:00,LONG,575.79,578.67,tp,0.004,1,0.7852,9
2024-03-26 20:00:00,SHORT,580.11,581.85,sl,-0.003991,0,0.7997,9
2024-03-27 00:00:00,SHORT,581.71,578.8,tp,0.004025,1,0.8842,9
2024-03-27 04:00:00,LONG,574.59,577.46,tp,0.004,1,0.7618,9
2024-03-27 08:00:00,SHORT,578.11,575.22,tp,0.004025,1,0.767,9
2024-03-27 12:00:00,SHORT,569.72,566.87,tp,0.004025,1,0.7785,9
2024-03-27 16:00:00,LONG,569.78,572.63,tp,0.004,1,0.7237,9
2024-03-27 20:00:00,LONG,574.59,577.46,tp,0.004,1,0.7429,9
2024-03-28 00:00:00,LONG,581.99,584.9,tp,0.004,1,0.8879,9
2024-03-28 04:00:00,LONG,590.8,589.02,sl,-0.004,0,0.777,9
2024-03-28 08:00:00,SHORT,587.01,584.07,tp,0.004025,1,0.9148,9
2024-03-28 12:00:00,SHORT,584.91,581.98,tp,0.004025,1,0.7764,9
2024-03-28 16:00:00,SHORT,581.41,583.15,sl,-0.003991,0,0.7148,9
2024-03-28 20:00:00,LONG,583.69,586.61,tp,0.004,1,0.8137,9
2024-03-29 00:00:00,SHORT,588.31,590.07,sl,-0.003991,0,0.6554,9
2024-03-29 04:00:00,LONG,607.0,610.04,tp,0.004,1,0.915,9
2024-03-29 08:00:00,LONG,616.71,619.79,tp,0.004,1,0.9297,9
2024-03-29 12:00:00,SHORT,607.1,608.92,sl,-0.003991,0,0.8917,9
2024-03-29 16:00:00,SHORT,613.29,615.13,sl,-0.003991,0,0.7986,9
2024-03-29 20:00:00,LONG,612.81,610.97,sl,-0.004,0,0.7336,9
