entry_time,direction,entry,exit,exit_type,pnl_pct,win,prob,fold
2022-01-04 23:00:00,LONG,0.82,0.83,tp,0.004,1,0.6783,1
2022-01-05 20:00:00,LONG,0.79,0.79,tp,0.004,1,0.6548,1
2022-01-05 22:00:00,SHORT,0.76,0.76,tp,0.004025,1,0.8237,1
2022-01-05 23:00:00,SHORT,0.77,0.77,tp,0.004025,1,0.8472,1
2022-01-06 00:00:00,SHORT,0.77,0.77,tp,0.004025,1,0.7144,1
2022-01-06 03:00:00,LONG,0.75,0.75,tp,0.004,1,0.8082,1
2022-01-06 04:00:00,SHORT,0.76,0.76,tp,0.004025,1,0.7001,1
2022-01-06 09:00:00,LONG,0.74,0.75,tp,0.004,1,0.7709,1
2022-01-06 23:00:00,LONG,0.78,0.78,sl,-0.004,0,0.6586,1
2022-01-07 02:00:00,LONG,0.76,0.76,sl,-0.004,0,0.7116,1
2022-01-07 03:00:00,LONG,0.75,0.75,tp,0.004,1,0.6684,1
2022-01-07 08:00:00,SHORT,0.77,0.77,sl,-0.003991,0,0.6773,1
2022-01-07 09:00:00,SHORT,0.77,0.77,tp,0.004025,1,0.6533,1
2022-01-07 13:00:00,SHORT,0.75,0.75,sl,-0.003991,0,0.674,1
2022-01-07 15:00:00,SHORT,0.75,0.74,tp,0.004025,1,0.7227,1
2022-01-07 16:00:00,SHORT,0.77,0.76,tp,0.004025,1,0.7791,1
2022-01-07 23:00:00,SHORT,0.76,0.77,sl,-0.003991,0,0.6819,1
2022-01-08 17:00:00,LONG,0.74,0.74,tp,0.004,1,0.8112,1
2022-01-08 18:00:00,LONG,0.73,0.73,tp,0.004,1,0.8285,1
2022-01-08 20:00:00,LONG,0.73,0.74,tp,0.004,1,0.7285,1
2022-01-08 23:00:00,SHORT,0.74,0.74,tp,0.004025,1,0.724,1
2022-01-10 13:00:00,LONG,0.73,0.73,sl,-0.004,0,0.7609,1
2022-01-10 14:00:00,SHORT,0.73,0.72,tp,0.004025,1,0.6696,1
2022-01-10 15:00:00,SHORT,0.72,0.73,sl,-0.003991,0,0.6701,1
2022-01-10 17:00:00,LONG,0.72,0.73,tp,0.004,1,0.6644,1
2022-01-10 23:00:00,SHORT,0.74,0.74,tp,0.004025,1,0.6751,1
2022-01-11 20:00:00,SHORT,0.77,0.77,sl,-0.003991,0,0.6508,1
2022-01-12 13:00:00,SHORT,0.79,0.79,sl,-0.003991,0,0.6841,1
2022-01-12 14:00:00,SHORT,0.8,0.79,tp,0.004025,1,0.7512,1
2022-01-12 23:00:00,LONG,0.8,0.8,sl,-0.004,0,0.6679,1
2022-01-20 21:00:00,LONG,0.73,0.74,tp,0.004,1,0.6578,1
2022-01-20 23:00:00,SHORT,0.72,0.72,tp,0.004025,1,0.7334,1
2022-01-21 01:00:00,LONG,0.7,0.7,tp,0.004,1,0.8148,1
2022-01-21 03:00:00,LONG,0.69,0.69,tp,0.004,1,0.8003,1
2022-01-21 06:00:00,SHORT,0.69,0.69,sl,-0.003991,0,0.6862,1
2022-01-21 12:00:00,LONG,0.68,0.68,tp,0.004,1,0.7694,1
2022-01-21 13:00:00,SHORT,0.68,0.67,tp,0.004025,1,0.675,1
2022-01-21 14:00:00,SHORT,0.68,0.67,tp,0.004025,1,0.6618,1
2022-01-21 19:00:00,LONG,0.67,0.67,tp,0.004,1,0.7476,1
2022-01-21 21:00:00,LONG,0.63,0.64,tp,0.004,1,0.8821,1
2022-01-21 22:00:00,SHORT,0.63,0.63,tp,0.004025,1,0.8109,1
2022-01-21 23:00:00,SHORT,0.64,0.63,tp,0.004025,1,0.863,1
2022-01-22 00:00:00,SHORT,0.64,0.64,sl,-0.003991,0,0.6964,1
2022-01-22 01:00:00,SHORT,0.65,0.64,tp,0.004025,1,0.6758,1
2022-01-22 02:00:00,SHORT,0.64,0.64,tp,0.004025,1,0.6753,1
2022-01-22 03:00:00,SHORT,0.64,0.64,tp,0.004025,1,0.7325,1
2022-01-22 04:00:00,SHORT,0.64,0.64,tp,0.004025,1,0.6941,1
2022-01-22 05:00:00,LONG,0.62,0.63,tp,0.004,1,0.8647,1
2022-01-22 06:00:00,LONG,0.62,0.62,tp,0.004,1,0.8632,1
2022-01-22 07:00:00,LONG,0.6,0.6,tp,0.004,1,0.8904,1
2022-01-22 08:00:00,LONG,0.6,0.61,tp,0.004,1,0.7711,1
2022-01-22 09:00:00,LONG,0.57,0.58,tp,0.004,1,0.9159,1
2022-01-22 10:00:00,SHORT,0.59,0.59,tp,0.004025,1,0.8746,1
2022-01-22 11:00:00,SHORT,0.59,0.59,sl,-0.003991,0,0.8289,1
2022-01-22 12:00:00,SHORT,0.6,0.6,tp,0.004025,1,0.8229,1
2022-01-22 13:00:00,SHORT,0.6,0.6,tp,0.004025,1,0.7561,1
2022-01-22 14:00:00,LONG,0.59,0.59,tp,0.004,1,0.8434,1
2022-01-22 15:00:00,LONG,0.57,0.58,tp,0.004,1,0.9008,1
2022-01-22 16:00:00,SHORT,0.58,0.58,tp,0.004025,1,0.7991,1
2022-01-22 17:00:00,LONG,0.57,0.57,tp,0.004,1,0.8721,1
2022-01-22 18:00:00,SHORT,0.57,0.57,sl,-0.003991,0,0.8122,1
2022-01-22 19:00:00,SHORT,0.58,0.58,tp,0.004025,1,0.8001,1
2022-01-22 20:00:00,SHORT,0.6,0.6,tp,0.004025,1,0.8124,1
2022-01-22 21:00:00,SHORT,0.6,0.6,tp,0.004025,1,0.7174,1
2022-01-22 22:00:00,LONG,0.59,0.59,tp,0.004,1,0.8604,1
2022-01-22 23:00:00,SHORT,0.6,0.59,tp,0.004025,1,0.7662,1
2022-01-23 00:00:00,SHORT,0.61,0.61,sl,-0.003991,0,0.7731,1
2022-01-23 01:00:00,LONG,0.6,0.6,sl,-0.004,0,0.7245,1
2022-01-23 02:00:00,LONG,0.59,0.59,tp,0.004,1,0.8615,1
2022-01-23 03:00:00,LONG,0.6,0.6,tp,0.004,1,0.7214,1
2022-01-23 04:00:00,SHORT,0.61,0.6,tp,0.004025,1,0.6879,1
2022-01-23 05:00:00,SHORT,0.61,0.61,tp,0.004025,1,0.7599,1
2022-01-23 06:00:00,LONG,0.61,0.61,tp,0.004,1,0.7045,1
2022-01-23 07:00:00,SHORT,0.61,0.62,sl,-0.003991,0,0.6951,1
2022-01-23 08:00:00,SHORT,0.62,0.61,tp,0.004025,1,0.7538,1
2022-01-23 09:00:00,SHORT,0.62,0.62,tp,0.004025,1,0.7545,1
2022-01-23 10:00:00,SHORT,0.62,0.62,tp,0.004025,1,0.6939,1
2022-01-23 11:00:00,LONG,0.62,0.61,sl,-0.004,0,0.7072,1
2022-01-23 14:00:00,LONG,0.61,0.61,sl,-0.004,0,0.8071,1
2022-01-23 15:00:00,LONG,0.6,0.61,tp,0.004,1,0.6745,1
2022-01-23 16:00:00,LONG,0.6,0.61,tp,0.004,1,0.6832,1
2022-01-23 18:00:00,LONG,0.6,0.6,tp,0.004,1,0.7363,1
2022-01-23 19:00:00,SHORT,0.59,0.6,sl,-0.003991,0,0.692,1
2022-01-23 20:00:00,SHORT,0.61,0.6,tp,0.004025,1,0.671,1
2022-01-23 23:00:00,SHORT,0.63,0.62,tp,0.004025,1,0.8066,1
2022-01-24 00:00:00,LONG,0.62,0.62,tp,0.004,1,0.68,1
2022-01-24 04:00:00,LONG,0.61,0.6,sl,-0.004,0,0.6702,1
2022-01-24 07:00:00,LONG,0.6,0.6,tp,0.004,1,0.7032,1
2022-01-24 08:00:00,SHORT,0.59,0.59,tp,0.004025,1,0.6946,1
2022-01-24 09:00:00,LONG,0.58,0.58,sl,-0.004,0,0.7984,1
2022-01-24 10:00:00,LONG,0.56,0.56,tp,0.004,1,0.9042,1
2022-01-24 11:00:00,SHORT,0.57,0.56,tp,0.004025,1,0.8519,1
2022-01-24 12:00:00,SHORT,0.56,0.56,tp,0.004025,1,0.8435,1
2022-01-24 13:00:00,SHORT,0.56,0.56,tp,0.004025,1,0.8293,1
2022-01-24 14:00:00,SHORT,0.57,0.57,tp,0.004025,1,0.8218,1
2022-01-24 15:00:00,SHORT,0.58,0.58,tp,0.004025,1,0.8609,1
2022-01-24 16:00:00,SHORT,0.58,0.57,tp,0.004025,1,0.8275,1
2022-01-24 17:00:00,SHORT,0.59,0.59,sl,-0.003991,0,0.8305,1
2022-01-24 18:00:00,SHORT,0.6,0.59,tp,0.004025,1,0.798,1
2022-01-24 19:00:00,SHORT,0.6,0.6,sl,-0.003991,0,0.6677,1
2022-01-24 20:00:00,SHORT,0.62,0.62,tp,0.004025,1,0.8812,1
2022-01-24 21:00:00,SHORT,0.61,0.61,tp,0.004025,1,0.7547,1
2022-01-24 22:00:00,LONG,0.61,0.61,tp,0.004,1,0.6631,1
2022-01-24 23:00:00,LONG,0.61,0.61,sl,-0.004,0,0.7144,1
2022-01-25 00:00:00,LONG,0.6,0.6,tp,0.004,1,0.806,1
2022-01-25 04:00:00,LONG,0.59,0.6,tp,0.004,1,0.743,1
2022-01-25 06:00:00,LONG,0.59,0.59,tp,0.004,1,0.6682,1
2022-01-25 09:00:00,SHORT,0.6,0.6,sl,-0.003991,0,0.6512,1
2022-01-25 10:00:00,SHORT,0.6,0.6,tp,0.004025,1,0.6582,1
2022-01-25 11:00:00,SHORT,0.6,0.6,sl,-0.003991,0,0.6788,1
2022-01-25 13:00:00,SHORT,0.6,0.6,tp,0.004025,1,0.6646,1
2022-01-25 14:00:00,SHORT,0.6,0.59,tp,0.004025,1,0.6558,1
2022-01-25 15:00:00,SHORT,0.6,0.6,sl,-0.003991,0,0.6608,1
2022-01-25 18:00:00,SHORT,0.62,0.61,tp,0.004025,1,0.6755,1
2022-01-25 22:00:00,SHORT,0.62,0.62,tp,0.004025,1,0.7579,1
2022-01-25 23:00:00,SHORT,0.62,0.61,tp,0.004025,1,0.6878,1
2022-01-26 04:00:00,SHORT,0.63,0.63,tp,0.004025,1,0.7434,1
2022-01-26 11:00:00,SHORT,0.63,0.63,tp,0.004025,1,0.6982,1
2022-01-26 13:00:00,SHORT,0.63,0.63,sl,-0.003991,0,0.6511,1
2022-01-26 14:00:00,SHORT,0.64,0.63,tp,0.004025,1,0.6597,1
2022-01-26 20:00:00,LONG,0.63,0.63,sl,-0.004,0,0.7138,1
2022-01-26 21:00:00,LONG,0.61,0.61,tp,0.004,1,0.8734,1
2022-01-26 22:00:00,SHORT,0.62,0.62,sl,-0.003991,0,0.6596,1
2022-01-26 23:00:00,SHORT,0.62,0.62,tp,0.004025,1,0.7341,1
2022-01-27 01:00:00,LONG,0.6,0.6,sl,-0.004,0,0.8567,1
2022-01-27 02:00:00,SHORT,0.6,0.6,tp,0.004025,1,0.704,1
2022-01-27 03:00:00,LONG,0.59,0.6,tp,0.004,1,0.7383,1
2022-01-27 04:00:00,LONG,0.6,0.6,tp,0.004,1,0.7024,1
2022-01-27 05:00:00,LONG,0.6,0.6,tp,0.004,1,0.6904,1
2022-01-27 20:00:00,LONG,0.59,0.59,tp,0.004,1,0.7977,1
2022-01-27 23:00:00,SHORT,0.61,0.61,sl,-0.003991,0,0.7008,1
2022-01-28 11:00:00,SHORT,0.6,0.59,tp,0.004025,1,0.6603,1
2022-01-30 23:00:00,SHORT,0.6,0.6,tp,0.004025,1,0.6618,1
2022-01-31 00:00:00,LONG,0.59,0.59,tp,0.004,1,0.8084,1
2022-01-31 01:00:00,LONG,0.59,0.59,sl,-0.004,0,0.6509,1
2022-02-02 15:00:00,SHORT,0.61,0.61,tp,0.004025,1,0.6733,1
2022-02-02 23:00:00,SHORT,0.6,0.6,tp,0.004025,1,0.6956,1
2022-02-03 09:00:00,LONG,0.59,0.59,sl,-0.004,0,0.6524,1
2022-02-04 16:00:00,SHORT,0.63,0.64,sl,-0.003991,0,0.6813,1
2022-02-04 17:00:00,SHORT,0.64,0.64,tp,0.004025,1,0.7072,1
2022-02-04 23:00:00,LONG,0.66,0.66,tp,0.004,1,0.6678,1
2022-02-05 00:00:00,SHORT,0.67,0.67,tp,0.004025,1,0.724,1
2022-02-07 02:00:00,SHORT,0.71,0.71,sl,-0.003991,0,0.7671,1
2022-02-07 03:00:00,SHORT,0.72,0.72,tp,0.004025,1,0.7883,1
2022-02-07 04:00:00,SHORT,0.72,0.73,sl,-0.003991,0,0.6682,1
2022-02-07 05:00:00,SHORT,0.74,0.74,tp,0.004025,1,0.8172,1
2022-02-07 06:00:00,SHORT,0.75,0.75,sl,-0.003991,0,0.7502,1
2022-02-07 07:00:00,SHORT,0.75,0.75,tp,0.004025,1,0.7782,1
2022-02-07 08:00:00,SHORT,0.77,0.76,tp,0.004025,1,0.78,1
2022-02-07 09:00:00,LONG,0.75,0.76,tp,0.004,1,0.81,1
2022-02-07 10:00:00,SHORT,0.76,0.77,sl,-0.003991,0,0.7545,1
2022-02-07 11:00:00,SHORT,0.77,0.77,tp,0.004025,1,0.8006,1
2022-02-07 12:00:00,SHORT,0.77,0.77,sl,-0.003991,0,0.686,1
2022-02-07 13:00:00,SHORT,0.77,0.77,tp,0.004025,1,0.6815,1
2022-02-07 17:00:00,SHORT,0.79,0.78,tp,0.004025,1,0.7151,1
2022-02-07 19:00:00,SHORT,0.79,0.78,tp,0.004025,1,0.6721,1
2022-02-07 20:00:00,SHORT,0.79,0.79,sl,-0.003991,0,0.6551,1
2022-02-07 21:00:00,SHORT,0.8,0.8,sl,-0.003991,0,0.7907,1
2022-02-07 22:00:00,SHORT,0.82,0.82,tp,0.004025,1,0.8556,1
2022-02-07 23:00:00,SHORT,0.83,0.83,tp,0.004025,1,0.7704,1
2022-02-08 00:00:00,SHORT,0.82,0.83,sl,-0.003991,0,0.766,1
2022-02-08 01:00:00,SHORT,0.87,0.86,tp,0.004025,1,0.8106,1
2022-02-08 02:00:00,SHORT,0.86,0.86,sl,-0.003991,0,0.7766,1
2022-02-08 03:00:00,SHORT,0.87,0.88,sl,-0.003991,0,0.8355,1
2022-02-08 04:00:00,SHORT,0.87,0.88,sl,-0.003991,0,0.7808,1
2022-02-08 05:00:00,SHORT,0.9,0.89,tp,0.004025,1,0.8142,1
2022-02-08 06:00:00,SHORT,0.89,0.89,tp,0.004025,1,0.764,1
2022-02-08 07:00:00,SHORT,0.9,0.89,tp,0.004025,1,0.7903,1
2022-02-08 08:00:00,LONG,0.85,0.86,tp,0.004,1,0.8777,1
2022-02-08 09:00:00,SHORT,0.86,0.86,tp,0.004025,1,0.8176,1
2022-02-08 10:00:00,SHORT,0.86,0.86,tp,0.004025,1,0.7792,1
2022-02-08 11:00:00,SHORT,0.86,0.85,tp,0.004025,1,0.8487,1
2022-02-08 12:00:00,SHORT,0.85,0.84,tp,0.004025,1,0.8274,1
2022-02-08 13:00:00,SHORT,0.85,0.84,tp,0.004025,1,0.7927,1
2022-02-08 14:00:00,LONG,0.84,0.84,sl,-0.004,0,0.8535,1
2022-02-08 15:00:00,SHORT,0.83,0.83,tp,0.004025,1,0.8213,1
2022-02-08 16:00:00,LONG,0.81,0.82,tp,0.004,1,0.8889,1
2022-02-08 17:00:00,SHORT,0.82,0.81,tp,0.004025,1,0.7224,1
2022-02-08 18:00:00,LONG,0.82,0.81,sl,-0.004,0,0.7115,1
2022-02-08 19:00:00,LONG,0.82,0.82,tp,0.004,1,0.6906,1
2022-02-08 20:00:00,SHORT,0.85,0.85,tp,0.004025,1,0.8722,1
2022-02-08 21:00:00,SHORT,0.84,0.84,tp,0.004025,1,0.7952,1
2022-02-08 22:00:00,SHORT,0.86,0.86,sl,-0.003991,0,0.872,1
2022-02-08 23:00:00,SHORT,0.88,0.87,tp,0.004025,1,0.8892,1
2022-02-09 00:00:00,SHORT,0.88,0.87,tp,0.004025,1,0.818,1
2022-02-09 01:00:00,SHORT,0.89,0.88,tp,0.004025,1,0.8313,1
2022-02-09 02:00:00,LONG,0.85,0.86,tp,0.004,1,0.8523,1
2022-02-09 03:00:00,LONG,0.85,0.85,tp,0.004,1,0.7265,1
2022-02-09 04:00:00,SHORT,0.86,0.85,tp,0.004025,1,0.7011,1
2022-02-09 05:00:00,SHORT,0.85,0.86,sl,-0.003991,0,0.72,1
2022-02-09 06:00:00,SHORT,0.86,0.86,tp,0.004025,1,0.7461,1
2022-02-09 07:00:00,SHORT,0.86,0.86,tp,0.004025,1,0.7315,1
2022-02-09 08:00:00,LONG,0.85,0.85,tp,0.004,1,0.7925,1
2022-02-09 09:00:00,LONG,0.85,0.86,tp,0.004,1,0.7035,1
2022-02-09 10:00:00,SHORT,0.86,0.85,tp,0.004025,1,0.7347,1
2022-02-09 11:00:00,SHORT,0.86,0.86,sl,-0.003991,0,0.7663,1
2022-02-09 12:00:00,SHORT,0.89,0.88,tp,0.004025,1,0.8704,1
2022-02-09 13:00:00,SHORT,0.88,0.88,tp,0.004025,1,0.8187,1
2022-02-09 14:00:00,SHORT,0.89,0.88,tp,0.004025,1,0.8247,1
2022-02-09 15:00:00,SHORT,0.88,0.88,tp,0.004025,1,0.7764,1
2022-02-09 16:00:00,SHORT,0.89,0.89,sl,-0.003991,0,0.802,1
2022-02-09 17:00:00,SHORT,0.89,0.89,tp,0.004025,1,0.8188,1
2022-02-09 18:00:00,SHORT,0.9,0.89,tp,0.004025,1,0.7654,1
2022-02-09 19:00:00,LONG,0.89,0.9,tp,0.004,1,0.7234,1
2022-02-09 20:00:00,SHORT,0.9,0.89,tp,0.004025,1,0.711,1
2022-02-09 21:00:00,SHORT,0.89,0.89,sl,-0.003991,0,0.6889,1
2022-02-09 22:00:00,SHORT,0.9,0.89,tp,0.004025,1,0.6905,1
2022-02-09 23:00:00,LONG,0.87,0.87,tp,0.004,1,0.8484,1
2022-02-10 02:00:00,LONG,0.86,0.86,tp,0.004,1,0.8402,1
2022-02-10 03:00:00,SHORT,0.86,0.86,sl,-0.003991,0,0.6723,1
2022-02-10 04:00:00,SHORT,0.87,0.87,sl,-0.003991,0,0.702,1
2022-02-10 09:00:00,SHORT,0.88,0.88,sl,-0.003991,0,0.7151,1
2022-02-10 10:00:00,SHORT,0.89,0.88,tp,0.004025,1,0.7542,1
2022-02-10 11:00:00,SHORT,0.89,0.88,tp,0.004025,1,0.6847,1
2022-02-10 13:00:00,SHORT,0.85,0.85,tp,0.004025,1,0.7978,1
2022-02-10 14:00:00,SHORT,0.86,0.86,tp,0.004025,1,0.7557,1
2022-02-10 15:00:00,SHORT,0.86,0.87,sl,-0.003991,0,0.7296,1
2022-02-10 16:00:00,SHORT,0.87,0.87,sl,-0.003991,0,0.6536,1
2022-02-10 19:00:00,LONG,0.85,0.85,tp,0.004,1,0.7726,1
2022-02-10 20:00:00,LONG,0.84,0.84,sl,-0.004,0,0.7454,1
2022-02-10 21:00:00,LONG,0.84,0.85,tp,0.004,1,0.737,1
2022-02-10 23:00:00,LONG,0.83,0.82,sl,-0.004,0,0.8508,1
2022-02-11 00:00:00,SHORT,0.82,0.82,sl,-0.003991,0,0.7586,1
2022-02-11 01:00:00,LONG,0.82,0.82,sl,-0.004,0,0.6939,1
2022-02-11 02:00:00,LONG,0.82,0.82,sl,-0.004,0,0.6705,1
2022-02-11 05:00:00,LONG,0.8,0.8,tp,0.004,1,0.8311,1
2022-02-11 08:00:00,LONG,0.8,0.81,tp,0.004,1,0.8251,1
2022-02-11 09:00:00,SHORT,0.82,0.81,tp,0.004025,1,0.6762,1
2022-02-11 10:00:00,SHORT,0.82,0.81,tp,0.004025,1,0.6723,1
2022-02-11 13:00:00,SHORT,0.82,0.82,tp,0.004025,1,0.6944,1
2022-02-11 14:00:00,SHORT,0.82,0.82,sl,-0.003991,0,0.706,1
2022-02-11 16:00:00,LONG,0.81,0.81,sl,-0.004,0,0.6782,1
2022-02-11 18:00:00,LONG,0.79,0.8,tp,0.004,1,0.8038,1
2022-02-11 19:00:00,LONG,0.79,0.79,sl,-0.004,0,0.7842,1
2022-02-11 20:00:00,LONG,0.77,0.78,tp,0.004,1,0.864,1
2022-02-11 21:00:00,LONG,0.77,0.77,sl,-0.004,0,0.8175,1
2022-02-11 22:00:00,LONG,0.75,0.76,tp,0.004,1,0.9072,1
2022-02-11 23:00:00,SHORT,0.76,0.75,tp,0.004025,1,0.7977,1
2022-02-12 00:00:00,SHORT,0.77,0.77,tp,0.004025,1,0.6708,1
2022-02-12 01:00:00,SHORT,0.78,0.78,sl,-0.003991,0,0.6768,1
2022-02-12 06:00:00,LONG,0.76,0.76,tp,0.004,1,0.7673,1
2022-02-12 15:00:00,SHORT,0.8,0.8,sl,-0.003991,0,0.8135,1
2022-02-12 16:00:00,SHORT,0.83,0.83,sl,-0.003991,0,0.8928,1
2022-02-12 17:00:00,SHORT,0.84,0.84,sl,-0.003991,0,0.8802,1
2022-02-12 18:00:00,SHORT,0.84,0.84,tp,0.004025,1,0.8268,1
2022-02-12 19:00:00,LONG,0.83,0.84,tp,0.004,1,0.7854,1
2022-02-12 20:00:00,SHORT,0.84,0.83,tp,0.004025,1,0.7257,1
2022-02-12 21:00:00,LONG,0.81,0.82,tp,0.004,1,0.8406,1
2022-02-12 22:00:00,SHORT,0.83,0.82,tp,0.004025,1,0.7023,1
2022-02-12 23:00:00,LONG,0.82,0.83,tp,0.004,1,0.6996,1
2022-02-13 00:00:00,SHORT,0.83,0.82,tp,0.004025,1,0.7546,1
2022-02-13 01:00:00,LONG,0.82,0.82,tp,0.004,1,0.671,1
2022-02-13 06:00:00,SHORT,0.83,0.83,tp,0.004025,1,0.6566,1
2022-02-13 08:00:00,SHORT,0.83,0.83,tp,0.004025,1,0.6539,1
2022-02-13 09:00:00,SHORT,0.83,0.82,tp,0.004025,1,0.6528,1
2022-02-13 10:00:00,SHORT,0.83,0.84,sl,-0.003991,0,0.7039,1
2022-02-13 11:00:00,SHORT,0.84,0.84,sl,-0.003991,0,0.6705,1
2022-02-13 12:00:00,SHORT,0.84,0.83,tp,0.004025,1,0.6621,1
2022-02-13 15:00:00,LONG,0.82,0.82,sl,-0.004,0,0.6885,1
2022-02-13 16:00:00,LONG,0.81,0.81,sl,-0.004,0,0.7313,1
2022-02-13 18:00:00,LONG,0.8,0.8,tp,0.004,1,0.7909,1
2022-02-13 19:00:00,LONG,0.8,0.8,tp,0.004,1,0.7304,1
2022-02-13 21:00:00,LONG,0.81,0.81,tp,0.004,1,0.7152,1
2022-02-13 23:00:00,SHORT,0.81,0.8,tp,0.004025,1,0.7507,1
2022-02-14 01:00:00,LONG,0.79,0.79,tp,0.004,1,0.82,1
2022-02-14 02:00:00,LONG,0.79,0.79,tp,0.004,1,0.6759,1
2022-02-14 08:00:00,SHORT,0.79,0.78,tp,0.004025,1,0.7121,1
2022-02-14 09:00:00,SHORT,0.78,0.79,sl,-0.003991,0,0.6712,1
2022-02-14 11:00:00,SHORT,0.79,0.78,tp,0.004025,1,0.6883,1
2022-02-14 12:00:00,SHORT,0.8,0.8,tp,0.004025,1,0.7293,1
2022-02-14 13:00:00,SHORT,0.8,0.8,sl,-0.003991,0,0.6663,1
2022-02-14 14:00:00,SHORT,0.8,0.8,tp,0.004025,1,0.7011,1
2022-02-15 01:00:00,SHORT,0.83,0.82,tp,0.004025,1,0.8249,1
2022-02-15 02:00:00,SHORT,0.82,0.83,sl,-0.003991,0,0.7653,1
2022-02-15 08:00:00,SHORT,0.83,0.82,tp,0.004025,1,0.6639,1
2022-02-15 10:00:00,SHORT,0.83,0.83,tp,0.004025,1,0.6847,1
2022-02-15 23:00:00,SHORT,0.85,0.85,tp,0.004025,1,0.7635,1
2022-02-16 00:00:00,SHORT,0.84,0.84,tp,0.004025,1,0.6888,1
2022-02-16 01:00:00,SHORT,0.84,0.83,tp,0.004025,1,0.6658,1
2022-02-16 13:00:00,SHORT,0.81,0.81,sl,-0.003991,0,0.6748,1
2022-02-16 20:00:00,SHORT,0.84,0.84,tp,0.004025,1,0.6875,1
2022-02-16 21:00:00,SHORT,0.84,0.84,sl,-0.003991,0,0.667,1
2022-02-16 23:00:00,LONG,0.84,0.84,tp,0.004,1,0.6537,1
2022-02-17 10:00:00,SHORT,0.81,0.81,sl,-0.003991,0,0.6703,1
2022-02-17 13:00:00,SHORT,0.81,0.8,tp,0.004025,1,0.7226,1
2022-02-17 14:00:00,SHORT,0.8,0.8,sl,-0.003991,0,0.6893,1
2022-02-17 15:00:00,SHORT,0.8,0.8,tp,0.004025,1,0.674,1
2022-02-17 18:00:00,LONG,0.79,0.78,sl,-0.004,0,0.6912,1
2022-02-17 19:00:00,LONG,0.78,0.78,sl,-0.004,0,0.6814,1
2022-02-17 20:00:00,LONG,0.77,0.77,tp,0.004,1,0.8462,1
2022-02-17 23:00:00,SHORT,0.77,0.76,tp,0.004025,1,0.7463,1
2022-02-18 15:00:00,LONG,0.77,0.77,tp,0.004,1,0.7241,1
2022-02-18 16:00:00,LONG,0.76,0.77,tp,0.004,1,0.773,1
2022-02-18 17:00:00,LONG,0.76,0.77,tp,0.004,1,0.6643,1
2022-02-18 22:00:00,SHORT,0.78,0.79,sl,-0.003991,0,0.6702,1
2022-02-18 23:00:00,SHORT,0.78,0.79,sl,-0.003991,0,0.6903,1
2022-02-19 00:00:00,SHORT,0.79,0.79,tp,0.004025,1,0.6812,1
2022-02-19 13:00:00,SHORT,0.82,0.82,tp,0.004025,1,0.8643,1
2022-02-19 14:00:00,SHORT,0.82,0.82,sl,-0.003991,0,0.7736,1
2022-02-19 15:00:00,SHORT,0.83,0.83,tp,0.004025,1,0.8303,1
2022-02-19 16:00:00,SHORT,0.83,0.83,tp,0.004025,1,0.8083,1
2022-02-19 17:00:00,SHORT,0.83,0.83,tp,0.004025,1,0.784,1
2022-02-19 18:00:00,LONG,0.82,0.82,sl,-0.004,0,0.7589,1
2022-02-19 19:00:00,LONG,0.82,0.81,sl,-0.004,0,0.716,1
2022-02-19 20:00:00,LONG,0.81,0.81,sl,-0.004,0,0.6729,1
2022-02-19 23:00:00,SHORT,0.82,0.82,tp,0.004025,1,0.6663,1
2022-02-20 00:00:00,LONG,0.8,0.8,sl,-0.004,0,0.7291,1
2022-02-20 01:00:00,SHORT,0.8,0.79,tp,0.004025,1,0.6597,1
2022-02-20 05:00:00,LONG,0.78,0.79,tp,0.004,1,0.7883,1
2022-02-20 06:00:00,SHORT,0.79,0.79,tp,0.004025,1,0.676,1
2022-02-20 07:00:00,SHORT,0.79,0.79,tp,0.004025,1,0.7209,1
2022-02-20 08:00:00,SHORT,0.79,0.79,sl,-0.003991,0,0.7153,1
2022-02-20 09:00:00,SHORT,0.79,0.79,tp,0.004025,1,0.6877,1
2022-02-20 10:00:00,SHORT,0.79,0.79,sl,-0.003991,0,0.6586,1
2022-02-20 11:00:00,SHORT,0.79,0.79,sl,-0.003991,0,0.6602,1
2022-02-20 12:00:00,SHORT,0.79,0.79,sl,-0.003991,0,0.666,1
2022-02-20 23:00:00,LONG,0.78,0.78,tp,0.004,1,0.7182,1
2022-02-21 00:00:00,SHORT,0.79,0.79,sl,-0.003991,0,0.6671,1
2022-02-21 11:00:00,SHORT,0.77,0.77,tp,0.004025,1,0.6758,1
2022-02-21 12:00:00,SHORT,0.77,0.76,tp,0.004025,1,0.7332,1
2022-02-21 13:00:00,SHORT,0.77,0.77,sl,-0.003991,0,0.65,1
2022-02-21 18:00:00,LONG,0.75,0.76,tp,0.004,1,0.7331,1
2022-02-21 19:00:00,LONG,0.76,0.76,tp,0.004,1,0.656,1
2022-02-21 21:00:00,LONG,0.72,0.72,tp,0.004,1,0.894,1
2022-02-21 22:00:00,SHORT,0.73,0.72,tp,0.004025,1,0.8301,1
2022-02-21 23:00:00,LONG,0.7,0.71,tp,0.004,1,0.8585,1
2022-02-22 00:00:00,SHORT,0.71,0.71,tp,0.004025,1,0.8316,1
2022-02-22 01:00:00,SHORT,0.71,0.7,tp,0.004025,1,0.7302,1
2022-02-22 02:00:00,SHORT,0.7,0.7,tp,0.004025,1,0.7288,1
2022-02-22 03:00:00,LONG,0.68,0.68,tp,0.004,1,0.9054,1
2022-02-22 04:00:00,SHORT,0.68,0.68,sl,-0.003991,0,0.7856,1
2022-02-22 05:00:00,SHORT,0.69,0.69,sl,-0.003991,0,0.792,1
2022-02-22 06:00:00,SHORT,0.69,0.69,tp,0.004025,1,0.7346,1
2022-02-22 07:00:00,LONG,0.68,0.68,tp,0.004,1,0.8353,1
2022-02-22 08:00:00,SHORT,0.69,0.69,tp,0.004025,1,0.7245,1
2022-02-22 09:00:00,SHORT,0.69,0.69,sl,-0.003991,0,0.7412,1
2022-02-22 10:00:00,SHORT,0.71,0.7,tp,0.004025,1,0.8604,1
2022-02-22 11:00:00,SHORT,0.7,0.7,tp,0.004025,1,0.7203,1
2022-02-22 12:00:00,SHORT,0.7,0.7,tp,0.004025,1,0.7086,1
2022-02-22 13:00:00,SHORT,0.71,0.7,tp,0.004025,1,0.7691,1
2022-02-22 14:00:00,SHORT,0.71,0.71,tp,0.004025,1,0.7845,1
2022-02-22 15:00:00,LONG,0.71,0.7,sl,-0.004,0,0.8068,1
2022-02-22 17:00:00,LONG,0.7,0.7,tp,0.004,1,0.674,1
2022-02-22 20:00:00,LONG,0.7,0.71,tp,0.004,1,0.6706,1
2022-02-22 23:00:00,SHORT,0.72,0.72,tp,0.004025,1,0.789,1
2022-02-23 00:00:00,SHORT,0.72,0.71,tp,0.004025,1,0.6771,1
2022-02-23 07:00:00,SHORT,0.72,0.73,sl,-0.003991,0,0.6745,1
2022-02-23 08:00:00,SHORT,0.73,0.73,sl,-0.003991,0,0.7333,1
2022-02-23 09:00:00,SHORT,0.74,0.73,tp,0.004025,1,0.8039,1
2022-02-23 12:00:00,SHORT,0.74,0.74,sl,-0.003991,0,0.682,1
2022-02-23 19:00:00,LONG,0.71,0.71,tp,0.004,1,0.7276,1
2022-02-23 21:00:00,LONG,0.7,0.7,tp,0.004,1,0.7408,1
2022-02-23 23:00:00,LONG,0.7,0.7,tp,0.004,1,0.762,1
2022-02-24 00:00:00,SHORT,0.69,0.69,sl,-0.003991,0,0.7048,1
2022-02-24 01:00:00,SHORT,0.7,0.69,tp,0.004025,1,0.6597,1
2022-02-24 02:00:00,LONG,0.68,0.67,sl,-0.004,0,0.8458,1
2022-02-24 03:00:00,LONG,0.64,0.64,tp,0.004,1,0.8614,1
2022-02-24 04:00:00,SHORT,0.65,0.65,tp,0.004025,1,0.8235,1
2022-02-24 05:00:00,LONG,0.63,0.64,tp,0.004,1,0.8844,1
2022-02-24 06:00:00,SHORT,0.63,0.63,tp,0.004025,1,0.8323,1
2022-02-24 07:00:00,SHORT,0.64,0.64,tp,0.004025,1,0.8702,1
2022-02-24 08:00:00,SHORT,0.64,0.64,sl,-0.003991,0,0.8418,1
2022-02-24 09:00:00,SHORT,0.64,0.64,tp,0.004025,1,0.8163,1
2022-02-24 10:00:00,SHORT,0.64,0.63,tp,0.004025,1,0.7828,1
2022-02-24 11:00:00,SHORT,0.64,0.64,tp,0.004025,1,0.8096,1
2022-02-24 12:00:00,SHORT,0.63,0.64,sl,-0.003991,0,0.803,1
2022-02-24 13:00:00,SHORT,0.64,0.63,tp,0.004025,1,0.8058,1
2022-02-24 14:00:00,SHORT,0.64,0.64,tp,0.004025,1,0.7884,1
2022-02-24 15:00:00,SHORT,0.65,0.65,sl,-0.003991,0,0.7963,1
2022-02-24 16:00:00,SHORT,0.66,0.66,tp,0.004025,1,0.8468,1
2022-02-24 17:00:00,SHORT,0.65,0.65,sl,-0.003991,0,0.6909,1
2022-02-24 18:00:00,SHORT,0.67,0.67,tp,0.004025,1,0.7772,1
2022-02-24 19:00:00,SHORT,0.69,0.69,sl,-0.003991,0,0.8256,1
2022-02-24 20:00:00,SHORT,0.7,0.7,tp,0.004025,1,0.8496,1
2022-02-24 21:00:00,SHORT,0.7,0.7,tp,0.004025,1,0.7448,1
2022-02-24 22:00:00,LONG,0.68,0.68,tp,0.004,1,0.8546,1
2022-02-24 23:00:00,LONG,0.7,0.7,tp,0.004,1,0.7727,1
2022-02-25 00:00:00,LONG,0.69,0.69,tp,0.004,1,0.7488,1
2022-02-25 01:00:00,SHORT,0.7,0.7,tp,0.004025,1,0.7425,1
2022-02-25 02:00:00,SHORT,0.7,0.7,tp,0.004025,1,0.6875,1
2022-02-25 03:00:00,SHORT,0.7,0.7,tp,0.004025,1,0.6721,1
2022-02-25 04:00:00,SHORT,0.69,0.69,tp,0.004025,1,0.6526,1
2022-02-25 06:00:00,SHORT,0.7,0.7,sl,-0.003991,0,0.6593,1
2022-02-25 08:00:00,SHORT,0.69,0.69,tp,0.004025,1,0.6828,1
2022-02-25 09:00:00,SHORT,0.69,0.69,tp,0.004025,1,0.6883,1
2022-02-25 11:00:00,SHORT,0.7,0.7,sl,-0.003991,0,0.6588,1
2022-02-25 12:00:00,SHORT,0.71,0.71,sl,-0.003991,0,0.7793,1
2022-02-25 13:00:00,SHORT,0.71,0.71,tp,0.004025,1,0.7656,1
2022-02-25 14:00:00,SHORT,0.71,0.7,tp,0.004025,1,0.6779,1
2022-02-25 15:00:00,SHORT,0.71,0.71,tp,0.004025,1,0.7154,1
2022-02-25 17:00:00,LONG,0.71,0.71,tp,0.004,1,0.672,1
2022-02-25 19:00:00,SHORT,0.73,0.73,sl,-0.003991,0,0.7822,1
2022-02-25 20:00:00,SHORT,0.74,0.73,tp,0.004025,1,0.8047,1
2022-02-25 21:00:00,SHORT,0.73,0.73,tp,0.004025,1,0.7111,1
2022-02-25 22:00:00,SHORT,0.75,0.75,tp,0.004025,1,0.8412,1
2022-02-25 23:00:00,SHORT,0.77,0.77,tp,0.004025,1,0.859,1
2022-02-26 00:00:00,SHORT,0.78,0.78,tp,0.004025,1,0.8716,1
2022-02-26 01:00:00,SHORT,0.78,0.77,tp,0.004025,1,0.7717,1
2022-02-26 02:00:00,SHORT,0.78,0.77,tp,0.004025,1,0.7948,1
2022-02-26 03:00:00,SHORT,0.78,0.78,sl,-0.003991,0,0.718,1
2022-02-26 04:00:00,SHORT,0.77,0.77,tp,0.004025,1,0.6943,1
2022-02-26 05:00:00,LONG,0.76,0.76,tp,0.004,1,0.8024,1
2022-02-26 07:00:00,SHORT,0.77,0.77,tp,0.004025,1,0.7629,1
2022-02-26 08:00:00,SHORT,0.77,0.76,tp,0.004025,1,0.7473,1
2022-02-26 09:00:00,SHORT,0.76,0.77,sl,-0.003991,0,0.6852,1
2022-02-26 10:00:00,SHORT,0.77,0.76,tp,0.004025,1,0.683,1
2022-02-26 11:00:00,SHORT,0.76,0.75,tp,0.004025,1,0.6634,1
2022-02-26 12:00:00,SHORT,0.76,0.76,sl,-0.003991,0,0.7419,1
2022-02-26 13:00:00,SHORT,0.76,0.76,sl,-0.003991,0,0.6652,1
2022-02-26 14:00:00,SHORT,0.76,0.76,tp,0.004025,1,0.6667,1
2022-02-26 16:00:00,LONG,0.75,0.75,tp,0.004,1,0.7109,1
2022-02-26 23:00:00,SHORT,0.75,0.75,tp,0.004025,1,0.6622,1
2022-02-27 00:00:00,SHORT,0.73,0.73,tp,0.004025,1,0.761,1
2022-02-27 01:00:00,LONG,0.72,0.73,tp,0.004,1,0.8324,1
2022-02-27 02:00:00,LONG,0.73,0.74,tp,0.004,1,0.6813,1
2022-02-27 03:00:00,LONG,0.73,0.73,sl,-0.004,0,0.6787,1
2022-02-27 10:00:00,SHORT,0.75,0.76,sl,-0.003991,0,0.6572,1
2022-02-27 11:00:00,SHORT,0.76,0.76,sl,-0.003991,0,0.7078,1
2022-02-27 12:00:00,SHORT,0.76,0.76,tp,0.004025,1,0.7347,1
2022-02-27 19:00:00,LONG,0.71,0.72,tp,0.004,1,0.8459,1
2022-02-27 20:00:00,LONG,0.72,0.72,sl,-0.004,0,0.6958,1
2022-02-27 21:00:00,SHORT,0.72,0.72,sl,-0.003991,0,0.747,1
2022-02-27 22:00:00,SHORT,0.72,0.72,tp,0.004025,1,0.6628,1
2022-02-27 23:00:00,SHORT,0.72,0.72,tp,0.004025,1,0.7941,1
2022-02-28 14:00:00,SHORT,0.75,0.74,tp,0.004025,1,0.7274,1
2022-02-28 15:00:00,SHORT,0.76,0.76,tp,0.004025,1,0.8165,1
2022-02-28 16:00:00,SHORT,0.76,0.75,tp,0.004025,1,0.7374,1
2022-02-28 17:00:00,SHORT,0.76,0.76,tp,0.004025,1,0.7395,1
2022-02-28 19:00:00,SHORT,0.76,0.77,sl,-0.003991,0,0.6815,1
2022-02-28 20:00:00,SHORT,0.77,0.77,tp,0.004025,1,0.7789,1
2022-02-28 22:00:00,SHORT,0.78,0.78,sl,-0.003991,0,0.7101,1
2022-02-28 23:00:00,LONG,0.78,0.79,tp,0.004,1,0.691,1
2022-03-01 00:00:00,SHORT,0.78,0.78,tp,0.004025,1,0.762,1
2022-03-01 01:00:00,LONG,0.77,0.77,sl,-0.004,0,0.7172,1
2022-03-01 10:00:00,SHORT,0.77,0.77,tp,0.004025,1,0.6634,1
2022-03-01 12:00:00,SHORT,0.78,0.78,tp,0.004025,1,0.6994,1
2022-03-01 13:00:00,SHORT,0.79,0.79,tp,0.004025,1,0.7649,1
2022-03-01 14:00:00,SHORT,0.78,0.78,tp,0.004025,1,0.7181,1
2022-03-02 13:00:00,SHORT,0.76,0.76,sl,-0.003991,0,0.6635,1
2022-03-03 15:00:00,SHORT,0.75,0.75,tp,0.004025,1,0.6975,1
2022-03-03 16:00:00,SHORT,0.75,0.74,tp,0.004025,1,0.6738,1
2022-03-03 23:00:00,SHORT,0.75,0.75,tp,0.004025,1,0.7468,1
2022-03-04 19:00:00,LONG,0.71,0.72,tp,0.004,1,0.7965,1
2022-03-04 22:00:00,SHORT,0.71,0.71,tp,0.004025,1,0.6556,1
2022-03-04 23:00:00,SHORT,0.71,0.71,tp,0.004025,1,0.7093,1
2022-03-05 00:00:00,SHORT,0.71,0.71,sl,-0.003991,0,0.6603,1
2022-03-05 13:00:00,SHORT,0.76,0.75,tp,0.004025,1,0.7292,1
2022-03-05 15:00:00,SHORT,0.76,0.76,sl,-0.003991,0,0.6681,1
2022-03-05 21:00:00,LONG,0.75,0.75,tp,0.004,1,0.6635,1
2022-03-06 09:00:00,LONG,0.73,0.73,sl,-0.004,0,0.6851,1
2022-03-06 23:00:00,SHORT,0.72,0.72,tp,0.004025,1,0.6846,1
2022-03-07 19:00:00,LONG,0.71,0.72,tp,0.004,1,0.8124,1
2022-03-07 23:00:00,SHORT,0.72,0.72,sl,-0.003991,0,0.6673,1
2022-03-09 15:00:00,SHORT,0.77,0.76,tp,0.004025,1,0.6568,1
2022-03-10 04:00:00,LONG,0.74,0.74,sl,-0.004,0,0.8108,1
2022-03-11 20:00:00,SHORT,0.77,0.77,sl,-0.003991,0,0.6759,1
2022-03-11 21:00:00,SHORT,0.81,0.8,tp,0.004025,1,0.8963,1
2022-03-11 22:00:00,SHORT,0.8,0.8,tp,0.004025,1,0.7826,1
2022-03-11 23:00:00,SHORT,0.8,0.8,tp,0.004025,1,0.7503,1
2022-03-12 00:00:00,SHORT,0.82,0.82,sl,-0.003991,0,0.8653,1
2022-03-12 01:00:00,SHORT,0.84,0.84,tp,0.004025,1,0.8584,1
2022-03-12 02:00:00,LONG,0.83,0.83,tp,0.004,1,0.8341,1
2022-03-12 03:00:00,LONG,0.82,0.81,sl,-0.004,0,0.8131,1
2022-03-12 04:00:00,SHORT,0.81,0.81,tp,0.004025,1,0.6749,1
2022-03-12 05:00:00,SHORT,0.81,0.81,tp,0.004025,1,0.6516,1
2022-03-12 06:00:00,LONG,0.8,0.8,sl,-0.004,0,0.8108,1
2022-03-12 07:00:00,SHORT,0.8,0.79,tp,0.004025,1,0.6581,1
2022-03-12 08:00:00,LONG,0.79,0.79,tp,0.004,1,0.8008,1
2022-03-12 11:00:00,LONG,0.79,0.79,tp,0.004,1,0.733,1
2022-03-12 21:00:00,LONG,0.79,0.79,tp,0.004,1,0.6669,1
2022-03-12 23:00:00,LONG,0.79,0.79,tp,0.004,1,0.7108,1
2022-03-13 22:00:00,SHORT,0.76,0.76,tp,0.004025,1,0.6808,1
2022-03-13 23:00:00,SHORT,0.76,0.76,tp,0.004025,1,0.7596,1
2022-03-14 00:00:00,SHORT,0.76,0.76,sl,-0.003991,0,0.7015,1
2022-03-14 16:00:00,LONG,0.75,0.76,tp,0.004,1,0.6912,1
2022-03-16 19:00:00,SHORT,0.79,0.79,sl,-0.003991,0,0.6667,1
2022-03-21 19:00:00,SHORT,0.85,0.84,tp,0.004025,1,0.6896,1
2022-03-21 20:00:00,LONG,0.84,0.84,sl,-0.004,0,0.651,1
2022-03-21 23:00:00,LONG,0.84,0.84,tp,0.004,1,0.6837,1
2022-03-22 15:00:00,LONG,0.84,0.84,sl,-0.004,0,0.6614,1
2022-03-22 19:00:00,LONG,0.83,0.83,tp,0.004,1,0.6709,1
2022-03-28 13:00:00,SHORT,0.89,0.89,tp,0.004025,1,0.7037,1
2022-03-28 18:00:00,SHORT,0.91,0.9,tp,0.004025,1,0.7091,1
2022-03-28 21:00:00,LONG,0.89,0.89,tp,0.004,1,0.6637,1
2022-03-28 22:00:00,LONG,0.88,0.88,sl,-0.004,0,0.702,1
2022-03-28 23:00:00,LONG,0.86,0.87,tp,0.004,1,0.7834,1
2022-03-29 15:00:00,LONG,0.86,0.86,sl,-0.004,0,0.69,1
2022-04-02 07:00:00,SHORT,0.84,0.84,sl,-0.003991,0,0.6527,2
2022-04-02 09:00:00,SHORT,0.85,0.84,tp,0.004025,1,0.6833,2
2022-04-03 21:00:00,SHORT,0.85,0.85,sl,-0.003991,0,0.667,2
2022-04-06 13:00:00,LONG,0.78,0.78,tp,0.004,1,0.6891,2
2022-04-06 16:00:00,LONG,0.77,0.77,sl,-0.004,0,0.7544,2
2022-04-06 22:00:00,LONG,0.77,0.77,tp,0.004,1,0.6729,2
2022-04-06 23:00:00,LONG,0.76,0.76,tp,0.004,1,0.7205,2
2022-04-08 03:00:00,SHORT,0.79,0.79,tp,0.004025,1,0.694,2
2022-04-11 09:00:00,LONG,0.71,0.72,tp,0.004,1,0.8396,2
2022-04-11 11:00:00,LONG,0.71,0.71,tp,0.004,1,0.774,2
2022-04-11 15:00:00,LONG,0.7,0.71,tp,0.004,1,0.6768,2
2022-04-11 19:00:00,LONG,0.71,0.7,sl,-0.004,0,0.6558,2
2022-04-11 20:00:00,LONG,0.7,0.7,sl,-0.004,0,0.7377,2
2022-04-11 21:00:00,LONG,0.69,0.69,tp,0.004,1,0.8262,2
2022-04-11 23:00:00,LONG,0.7,0.7,tp,0.004,1,0.7475,2
2022-04-12 18:00:00,LONG,0.7,0.69,sl,-0.004,0,0.7451,2
2022-04-12 19:00:00,LONG,0.69,0.7,tp,0.004,1,0.6962,2
2022-04-14 01:00:00,SHORT,0.73,0.74,sl,-0.003991,0,0.6532,2
2022-04-15 01:00:00,SHORT,0.74,0.74,sl,-0.003991,0,0.679,2
2022-04-15 02:00:00,SHORT,0.76,0.76,sl,-0.003991,0,0.7408,2
2022-04-15 03:00:00,SHORT,0.79,0.78,tp,0.004025,1,0.7834,2
2022-04-15 04:00:00,SHORT,0.78,0.78,tp,0.004025,1,0.6553,2
2022-04-15 06:00:00,LONG,0.77,0.77,tp,0.004,1,0.7304,2
2022-04-16 00:00:00,SHORT,0.8,0.79,tp,0.004025,1,0.7435,2
2022-04-17 23:00:00,SHORT,0.75,0.75,tp,0.004025,1,0.7264,2
2022-04-18 04:00:00,LONG,0.73,0.73,tp,0.004,1,0.8393,2
2022-04-18 23:00:00,SHORT,0.77,0.77,sl,-0.003991,0,0.6938,2
2022-04-21 21:00:00,LONG,0.74,0.73,sl,-0.004,0,0.6686,2
2022-04-21 23:00:00,SHORT,0.73,0.73,tp,0.004025,1,0.69,2
2022-04-22 21:00:00,LONG,0.72,0.72,sl,-0.004,0,0.6659,2
2022-04-25 06:00:00,LONG,0.66,0.65,sl,-0.004,0,0.8389,2
2022-04-25 07:00:00,LONG,0.65,0.66,tp,0.004,1,0.7429,2
2022-04-25 08:00:00,LONG,0.65,0.65,tp,0.004,1,0.713,2
2022-04-25 10:00:00,LONG,0.65,0.66,tp,0.004,1,0.6847,2
2022-04-26 13:00:00,LONG,0.67,0.66,sl,-0.004,0,0.7726,2
2022-04-26 14:00:00,LONG,0.66,0.66,sl,-0.004,0,0.8318,2
2022-04-26 15:00:00,LONG,0.65,0.66,tp,0.004,1,0.7399,2
2022-04-26 17:00:00,LONG,0.65,0.65,sl,-0.004,0,0.6559,2
2022-04-26 18:00:00,LONG,0.65,0.65,sl,-0.004,0,0.6508,2
2022-04-26 19:00:00,LONG,0.65,0.65,tp,0.004,1,0.7865,2
2022-04-26 22:00:00,LONG,0.65,0.64,sl,-0.004,0,0.6823,2
2022-04-26 23:00:00,LONG,0.64,0.65,tp,0.004,1,0.6897,2
2022-04-29 10:00:00,LONG,0.62,0.62,sl,-0.004,0,0.6614,2
2022-04-29 16:00:00,LONG,0.61,0.61,sl,-0.004,0,0.6607,2
2022-04-30 23:00:00,SHORT,0.58,0.58,tp,0.004025,1,0.7866,2
2022-05-01 15:00:00,LONG,0.6,0.6,sl,-0.004,0,0.6543,2
2022-05-01 18:00:00,LONG,0.6,0.6,sl,-0.004,0,0.6502,2
2022-05-02 00:00:00,SHORT,0.62,0.62,tp,0.004025,1,0.6882,2
2022-05-02 17:00:00,LONG,0.6,0.6,sl,-0.004,0,0.652,2
2022-05-03 01:00:00,SHORT,0.63,0.62,tp,0.004025,1,0.6802,2
2022-05-03 18:00:00,LONG,0.6,0.6,sl,-0.004,0,0.6584,2
2022-05-03 19:00:00,LONG,0.6,0.6,tp,0.004,1,0.66,2
2022-05-04 20:00:00,SHORT,0.64,0.65,sl,-0.003991,0,0.6696,2
2022-05-04 23:00:00,LONG,0.65,0.65,tp,0.004,1,0.6905,2
2022-05-05 14:00:00,LONG,0.62,0.62,sl,-0.004,0,0.7769,2
2022-05-05 15:00:00,LONG,0.6,0.6,tp,0.004,1,0.7968,2
2022-05-05 16:00:00,LONG,0.6,0.6,sl,-0.004,0,0.7443,2
2022-05-05 17:00:00,LONG,0.6,0.6,sl,-0.004,0,0.8028,2
2022-05-05 18:00:00,LONG,0.59,0.59,tp,0.004,1,0.8192,2
2022-05-05 19:00:00,LONG,0.59,0.59,sl,-0.004,0,0.7138,2
2022-05-05 22:00:00,LONG,0.59,0.59,tp,0.004,1,0.7026,2
2022-05-06 11:00:00,LONG,0.6,0.6,tp,0.004,1,0.6526,2
2022-05-06 12:00:00,LONG,0.6,0.6,sl,-0.004,0,0.668,2
2022-05-06 13:00:00,LONG,0.59,0.6,tp,0.004,1,0.7109,2
2022-05-07 21:00:00,LONG,0.58,0.58,tp,0.004,1,0.7728,2
2022-05-07 22:00:00,LONG,0.58,0.58,tp,0.004,1,0.6884,2
2022-05-09 07:00:00,LONG,0.55,0.55,sl,-0.004,0,0.7698,2
2022-05-09 08:00:00,LONG,0.55,0.55,tp,0.004,1,0.697,2
2022-05-09 09:00:00,LONG,0.55,0.54,sl,-0.004,0,0.7333,2
2022-05-09 10:00:00,LONG,0.53,0.53,tp,0.004,1,0.8304,2
2022-05-09 11:00:00,SHORT,0.54,0.53,tp,0.004025,1,0.7298,2
2022-05-09 12:00:00,LONG,0.53,0.54,tp,0.004,1,0.7675,2
2022-05-09 13:00:00,SHORT,0.54,0.54,tp,0.004025,1,0.7563,2
2022-05-09 14:00:00,LONG,0.53,0.53,tp,0.004,1,0.794,2
2022-05-09 15:00:00,LONG,0.53,0.53,tp,0.004,1,0.7953,2
2022-05-09 16:00:00,LONG,0.51,0.52,tp,0.004,1,0.8771,2
2022-05-09 17:00:00,LONG,0.51,0.51,sl,-0.004,0,0.7793,2
2022-05-09 18:00:00,LONG,0.49,0.49,tp,0.004,1,0.9369,2
2022-05-09 19:00:00,SHORT,0.49,0.49,sl,-0.003991,0,0.821,2
2022-05-09 20:00:00,SHORT,0.5,0.5,tp,0.004025,1,0.8229,2
2022-05-09 21:00:00,SHORT,0.5,0.5,sl,-0.003991,0,0.7483,2
2022-05-09 22:00:00,SHORT,0.5,0.5,tp,0.004025,1,0.7606,2
2022-05-09 23:00:00,LONG,0.49,0.49,tp,0.004,1,0.9368,2
2022-05-10 00:00:00,SHORT,0.5,0.5,sl,-0.003991,0,0.8186,2
2022-05-10 01:00:00,SHORT,0.5,0.5,tp,0.004025,1,0.807,2
2022-05-10 02:00:00,SHORT,0.5,0.5,tp,0.004025,1,0.7387,2
2022-05-10 03:00:00,LONG,0.5,0.5,tp,0.004,1,0.8162,2
2022-05-10 04:00:00,SHORT,0.51,0.51,sl,-0.003991,0,0.7643,2
2022-05-10 05:00:00,SHORT,0.52,0.52,sl,-0.003991,0,0.7908,2
2022-05-10 06:00:00,SHORT,0.53,0.52,tp,0.004025,1,0.8077,2
2022-05-10 07:00:00,LONG,0.52,0.52,tp,0.004,1,0.84,2
2022-05-10 08:00:00,SHORT,0.52,0.52,tp,0.004025,1,0.6893,2
2022-05-10 09:00:00,LONG,0.52,0.52,tp,0.004,1,0.8067,2
2022-05-10 10:00:00,LONG,0.52,0.52,tp,0.004,1,0.6549,2
2022-05-10 11:00:00,SHORT,0.52,0.52,tp,0.004025,1,0.6734,2
2022-05-10 12:00:00,SHORT,0.53,0.53,tp,0.004025,1,0.744,2
2022-05-10 13:00:00,LONG,0.52,0.53,tp,0.004,1,0.79,2
2022-05-10 14:00:00,LONG,0.51,0.52,tp,0.004,1,0.8729,2
2022-05-10 15:00:00,LONG,0.52,0.52,sl,-0.004,0,0.7387,2
2022-05-10 16:00:00,LONG,0.51,0.52,tp,0.004,1,0.677,2
2022-05-10 17:00:00,SHORT,0.52,0.52,tp,0.004025,1,0.675,2
2022-05-10 20:00:00,LONG,0.51,0.51,sl,-0.004,0,0.8203,2
2022-05-10 21:00:00,LONG,0.5,0.5,tp,0.004,1,0.9077,2
2022-05-10 22:00:00,LONG,0.51,0.51,tp,0.004,1,0.7304,2
2022-05-10 23:00:00,SHORT,0.51,0.51,tp,0.004025,1,0.7229,2
2022-05-11 00:00:00,SHORT,0.52,0.51,tp,0.004025,1,0.6662,2
2022-05-11 01:00:00,LONG,0.51,0.51,tp,0.004,1,0.7401,2
2022-05-11 02:00:00,SHORT,0.52,0.52,tp,0.004025,1,0.7416,2
2022-05-11 03:00:00,LONG,0.52,0.52,tp,0.004,1,0.7692,2
2022-05-11 04:00:00,SHORT,0.51,0.51,tp,0.004025,1,0.6848,2
2022-05-11 05:00:00,LONG,0.52,0.52,tp,0.004,1,0.6918,2
2022-05-11 06:00:00,LONG,0.5,0.5,tp,0.004,1,0.8683,2
2022-05-11 07:00:00,SHORT,0.5,0.5,tp,0.004025,1,0.7494,2
2022-05-11 08:00:00,SHORT,0.51,0.51,tp,0.004025,1,0.7781,2
2022-05-11 09:00:00,SHORT,0.52,0.51,tp,0.004025,1,0.7549,2
2022-05-11 10:00:00,LONG,0.51,0.5,sl,-0.004,0,0.8059,2
2022-05-11 11:00:00,LONG,0.49,0.49,tp,0.004,1,0.8676,2
2022-05-11 12:00:00,LONG,0.42,0.42,tp,0.004,1,0.9489,2
2022-05-11 13:00:00,SHORT,0.47,0.47,tp,0.004025,1,0.9253,2
2022-05-11 14:00:00,LONG,0.47,0.46,sl,-0.004,0,0.914,2
2022-05-11 15:00:00,LONG,0.45,0.44,sl,-0.004,0,0.946,2
2022-05-11 16:00:00,LONG,0.43,0.43,tp,0.004,1,0.9515,2
2022-05-11 17:00:00,LONG,0.43,0.43,tp,0.004,1,0.9035,2
2022-05-11 18:00:00,LONG,0.42,0.42,tp,0.004,1,0.8981,2
2022-05-11 19:00:00,LONG,0.41,0.41,tp,0.004,1,0.9424,2
2022-05-11 20:00:00,LONG,0.37,0.37,tp,0.004,1,0.9652,2
2022-05-11 21:00:00,LONG,0.41,0.41,tp,0.004,1,0.9161,2
2022-05-11 22:00:00,LONG,0.41,0.41,tp,0.004,1,0.9096,2
2022-05-11 23:00:00,SHORT,0.42,0.41,tp,0.004025,1,0.8774,2
2022-05-12 00:00:00,LONG,0.42,0.43,tp,0.004,1,0.8907,2
2022-05-12 01:00:00,LONG,0.41,0.41,tp,0.004,1,0.937,2
2022-05-12 02:00:00,LONG,0.39,0.4,tp,0.004,1,0.9442,2
2022-05-12 03:00:00,LONG,0.38,0.38,tp,0.004,1,0.9639,2
2022-05-12 04:00:00,LONG,0.36,0.36,tp,0.004,1,0.9576,2
2022-05-12 05:00:00,LONG,0.36,0.36,tp,0.004,1,0.9185,2
2022-05-12 06:00:00,LONG,0.37,0.37,tp,0.004,1,0.9151,2
2022-05-12 07:00:00,LONG,0.38,0.38,tp,0.004,1,0.8994,2
2022-05-12 08:00:00,LONG,0.37,0.37,tp,0.004,1,0.9375,2
2022-05-12 09:00:00,LONG,0.37,0.38,tp,0.004,1,0.8697,2
2022-05-12 10:00:00,SHORT,0.38,0.38,tp,0.004025,1,0.8532,2
2022-05-12 11:00:00,LONG,0.38,0.38,tp,0.004,1,0.8991,2
2022-05-12 12:00:00,LONG,0.38,0.38,tp,0.004,1,0.8469,2
2022-05-12 13:00:00,LONG,0.37,0.37,tp,0.004,1,0.9222,2
2022-05-12 14:00:00,SHORT,0.39,0.39,tp,0.004025,1,0.8594,2
2022-05-12 15:00:00,LONG,0.39,0.39,tp,0.004,1,0.8653,2
2022-05-12 16:00:00,SHORT,0.4,0.39,tp,0.004025,1,0.8638,2
2022-05-12 17:00:00,LONG,0.39,0.39,sl,-0.004,0,0.8809,2
2022-05-12 18:00:00,LONG,0.38,0.38,tp,0.004,1,0.8533,2
2022-05-12 19:00:00,SHORT,0.39,0.39,tp,0.004025,1,0.8063,2
2022-05-12 20:00:00,LONG,0.38,0.38,sl,-0.004,0,0.7926,2
2022-05-12 21:00:00,LONG,0.37,0.38,tp,0.004,1,0.8714,2
2022-05-12 22:00:00,SHORT,0.38,0.38,sl,-0.003991,0,0.8095,2
2022-05-12 23:00:00,LONG,0.39,0.39,tp,0.004,1,0.8178,2
2022-05-13 00:00:00,SHORT,0.39,0.39,sl,-0.003991,0,0.8852,2
2022-05-13 01:00:00,SHORT,0.4,0.4,sl,-0.003991,0,0.805,2
2022-05-13 02:00:00,SHORT,0.42,0.42,sl,-0.003991,0,0.8702,2
2022-05-13 03:00:00,SHORT,0.45,0.44,tp,0.004025,1,0.9321,2
2022-05-13 04:00:00,SHORT,0.44,0.44,sl,-0.003991,0,0.8749,2
2022-05-13 05:00:00,SHORT,0.45,0.45,tp,0.004025,1,0.8981,2
2022-05-13 06:00:00,SHORT,0.44,0.44,tp,0.004025,1,0.8316,2
2022-05-13 07:00:00,LONG,0.43,0.43,tp,0.004,1,0.8899,2
2022-05-13 08:00:00,SHORT,0.44,0.44,sl,-0.003991,0,0.8637,2
2022-05-13 09:00:00,SHORT,0.44,0.44,tp,0.004025,1,0.8288,2
2022-05-13 10:00:00,SHORT,0.45,0.44,tp,0.004025,1,0.7954,2
2022-05-13 11:00:00,SHORT,0.45,0.45,tp,0.004025,1,0.818,2
2022-05-13 12:00:00,SHORT,0.45,0.45,tp,0.004025,1,0.7939,2
2022-05-13 13:00:00,SHORT,0.45,0.45,tp,0.004025,1,0.8156,2
2022-05-13 14:00:00,SHORT,0.45,0.44,tp,0.004025,1,0.7537,2
2022-05-13 15:00:00,LONG,0.43,0.44,tp,0.004,1,0.9066,2
2022-05-13 16:00:00,LONG,0.43,0.43,tp,0.004,1,0.8686,2
2022-05-13 17:00:00,LONG,0.42,0.42,tp,0.004,1,0.859,2
2022-05-13 18:00:00,LONG,0.43,0.43,tp,0.004,1,0.6884,2
2022-05-13 19:00:00,SHORT,0.43,0.42,tp,0.004025,1,0.6543,2
2022-05-13 20:00:00,LONG,0.43,0.43,tp,0.004,1,0.7543,2
2022-05-13 21:00:00,SHORT,0.44,0.44,tp,0.004025,1,0.7827,2
2022-05-13 22:00:00,LONG,0.43,0.43,sl,-0.004,0,0.8594,2
2022-05-13 23:00:00,LONG,0.42,0.43,tp,0.004,1,0.8763,2
2022-05-14 00:00:00,SHORT,0.43,0.43,tp,0.004025,1,0.7444,2
2022-05-14 01:00:00,SHORT,0.44,0.43,tp,0.004025,1,0.7573,2
2022-05-14 02:00:00,LONG,0.43,0.44,tp,0.004,1,0.7632,2
2022-05-14 03:00:00,LONG,0.44,0.43,sl,-0.004,0,0.6838,2
2022-05-14 04:00:00,LONG,0.43,0.43,tp,0.004,1,0.8019,2
2022-05-14 08:00:00,LONG,0.43,0.43,tp,0.004,1,0.6517,2
2022-05-14 09:00:00,LONG,0.43,0.43,sl,-0.004,0,0.6982,2
2022-05-14 10:00:00,LONG,0.42,0.41,sl,-0.004,0,0.7961,2
2022-05-14 11:00:00,LONG,0.41,0.41,tp,0.004,1,0.8337,2
2022-05-14 12:00:00,LONG,0.41,0.41,tp,0.004,1,0.8697,2
2022-05-14 13:00:00,LONG,0.4,0.4,tp,0.004,1,0.9079,2
2022-05-14 14:00:00,LONG,0.4,0.4,tp,0.004,1,0.7583,2
2022-05-14 15:00:00,LONG,0.4,0.4,tp,0.004,1,0.811,2
2022-05-14 16:00:00,SHORT,0.42,0.41,tp,0.004025,1,0.7904,2
2022-05-14 17:00:00,SHORT,0.42,0.42,tp,0.004025,1,0.6716,2
2022-05-14 18:00:00,LONG,0.42,0.42,tp,0.004,1,0.6803,2
2022-05-14 19:00:00,LONG,0.41,0.41,tp,0.004,1,0.6648,2
2022-05-14 20:00:00,LONG,0.41,0.42,tp,0.004,1,0.6673,2
2022-05-14 21:00:00,SHORT,0.42,0.42,tp,0.004025,1,0.6822,2
2022-05-14 22:00:00,SHORT,0.43,0.42,tp,0.004025,1,0.7531,2
2022-05-14 23:00:00,SHORT,0.43,0.42,tp,0.004025,1,0.738,2
2022-05-15 04:00:00,LONG,0.42,0.42,tp,0.004,1,0.6506,2
2022-05-15 07:00:00,LONG,0.42,0.42,sl,-0.004,0,0.7237,2
2022-05-15 11:00:00,SHORT,0.43,0.43,tp,0.004025,1,0.7452,2
2022-05-15 12:00:00,SHORT,0.43,0.43,tp,0.004025,1,0.6899,2
2022-05-15 13:00:00,LONG,0.43,0.43,tp,0.004,1,0.6729,2
2022-05-15 15:00:00,LONG,0.43,0.43,tp,0.004,1,0.6667,2
2022-05-15 19:00:00,SHORT,0.43,0.43,sl,-0.003991,0,0.6785,2
2022-05-15 20:00:00,SHORT,0.44,0.44,tp,0.004025,1,0.8149,2
2022-05-15 21:00:00,SHORT,0.44,0.44,sl,-0.003991,0,0.7373,2
2022-05-15 22:00:00,SHORT,0.44,0.44,sl,-0.003991,0,0.7606,2
2022-05-15 23:00:00,SHORT,0.45,0.45,tp,0.004025,1,0.8337,2
2022-05-16 03:00:00,LONG,0.43,0.43,sl,-0.004,0,0.6616,2
2022-05-16 04:00:00,LONG,0.43,0.43,tp,0.004,1,0.6611,2
2022-05-16 05:00:00,LONG,0.43,0.43,sl,-0.004,0,0.7016,2
2022-05-16 06:00:00,LONG,0.41,0.42,tp,0.004,1,0.7828,2
2022-05-16 07:00:00,LONG,0.42,0.42,tp,0.004,1,0.7432,2
2022-05-16 09:00:00,LONG,0.42,0.42,tp,0.004,1,0.7158,2
2022-05-16 10:00:00,SHORT,0.42,0.42,tp,0.004025,1,0.7006,2
2022-05-16 11:00:00,LONG,0.42,0.42,tp,0.004,1,0.6603,2
2022-05-16 12:00:00,LONG,0.42,0.42,tp,0.004,1,0.7143,2
2022-05-16 13:00:00,LONG,0.42,0.42,tp,0.004,1,0.7452,2
2022-05-16 14:00:00,LONG,0.41,0.42,tp,0.004,1,0.7457,2
2022-05-16 15:00:00,LONG,0.42,0.42,sl,-0.004,0,0.7187,2
2022-05-16 16:00:00,LONG,0.41,0.42,tp,0.004,1,0.7006,2
2022-05-16 17:00:00,LONG,0.42,0.42,tp,0.004,1,0.6682,2
2022-05-16 18:00:00,LONG,0.42,0.42,tp,0.004,1,0.6687,2
2022-05-16 19:00:00,LONG,0.42,0.43,tp,0.004,1,0.7075,2
2022-05-16 20:00:00,LONG,0.43,0.43,tp,0.004,1,0.6768,2
2022-05-16 21:00:00,LONG,0.43,0.43,tp,0.004,1,0.6735,2
2022-05-16 22:00:00,LONG,0.43,0.42,sl,-0.004,0,0.7228,2
2022-05-16 23:00:00,LONG,0.42,0.43,tp,0.004,1,0.7695,2
2022-05-17 00:00:00,LONG,0.43,0.43,sl,-0.004,0,0.6678,2
2022-05-17 07:00:00,LONG,0.43,0.43,tp,0.004,1,0.7159,2
2022-05-17 23:00:00,LONG,0.44,0.44,tp,0.004,1,0.6602,2
2022-05-18 12:00:00,LONG,0.42,0.42,tp,0.004,1,0.7227,2
2022-05-18 13:00:00,LONG,0.42,0.42,tp,0.004,1,0.7291,2
2022-05-18 14:00:00,LONG,0.41,0.41,sl,-0.004,0,0.7374,2
2022-05-18 15:00:00,LONG,0.41,0.41,tp,0.004,1,0.8089,2
2022-05-18 17:00:00,LONG,0.41,0.41,tp,0.004,1,0.7051,2
2022-05-18 19:00:00,LONG,0.42,0.42,sl,-0.004,0,0.6954,2
2022-05-18 20:00:00,LONG,0.42,0.42,sl,-0.004,0,0.6969,2
2022-05-18 21:00:00,LONG,0.41,0.41,sl,-0.004,0,0.6575,2
2022-05-18 22:00:00,LONG,0.41,0.41,tp,0.004,1,0.7114,2
2022-05-18 23:00:00,LONG,0.41,0.41,tp,0.004,1,0.7999,2
2022-05-19 01:00:00,LONG,0.4,0.4,tp,0.004,1,0.8328,2
2022-05-19 03:00:00,LONG,0.41,0.41,tp,0.004,1,0.6715,2
2022-05-19 05:00:00,LONG,0.4,0.4,tp,0.004,1,0.7874,2
2022-05-19 06:00:00,LONG,0.41,0.41,sl,-0.004,0,0.6748,2
2022-05-19 07:00:00,LONG,0.41,0.4,sl,-0.004,0,0.6754,2
2022-05-19 08:00:00,LONG,0.4,0.4,tp,0.004,1,0.6791,2
2022-05-19 09:00:00,LONG,0.4,0.4,sl,-0.004,0,0.706,2
2022-05-19 10:00:00,LONG,0.4,0.4,tp,0.004,1,0.6984,2
2022-05-19 11:00:00,SHORT,0.41,0.41,tp,0.004025,1,0.6509,2
2022-05-19 12:00:00,LONG,0.41,0.41,tp,0.004,1,0.682,2
2022-05-19 13:00:00,LONG,0.41,0.41,tp,0.004,1,0.6626,2
2022-05-19 14:00:00,LONG,0.41,0.42,tp,0.004,1,0.6535,2
2022-05-19 15:00:00,SHORT,0.42,0.42,tp,0.004025,1,0.739,2
2022-05-19 23:00:00,LONG,0.42,0.42,tp,0.004,1,0.6941,2
2022-05-20 00:00:00,SHORT,0.43,0.42,tp,0.004025,1,0.6851,2
2022-05-20 01:00:00,SHORT,0.43,0.43,tp,0.004025,1,0.6903,2
2022-05-20 05:00:00,SHORT,0.43,0.43,tp,0.004025,1,0.6689,2
2022-05-20 12:00:00,LONG,0.42,0.43,tp,0.004,1,0.7215,2
2022-05-20 14:00:00,LONG,0.42,0.41,sl,-0.004,0,0.7716,2
2022-05-20 15:00:00,LONG,0.41,0.41,sl,-0.004,0,0.8006,2
2022-05-20 16:00:00,LONG,0.41,0.4,sl,-0.004,0,0.7956,2
2022-05-20 17:00:00,LONG,0.4,0.41,tp,0.004,1,0.7635,2
2022-05-20 18:00:00,LONG,0.41,0.41,tp,0.004,1,0.6942,2
2022-05-20 22:00:00,LONG,0.41,0.41,tp,0.004,1,0.6687,2
2022-05-20 23:00:00,LONG,0.41,0.41,tp,0.004,1,0.7319,2
2022-05-23 19:00:00,LONG,0.41,0.41,tp,0.004,1,0.7672,2
2022-05-23 22:00:00,SHORT,0.41,0.41,tp,0.004025,1,0.6664,2
2022-05-23 23:00:00,SHORT,0.4,0.41,sl,-0.003991,0,0.7161,2
2022-05-24 13:00:00,LONG,0.39,0.4,tp,0.004,1,0.7394,2
2022-05-26 08:00:00,LONG,0.39,0.39,tp,0.004,1,0.6554,2
2022-05-26 23:00:00,LONG,0.39,0.39,tp,0.004,1,0.6964,2
2022-05-27 17:00:00,LONG,0.38,0.38,sl,-0.004,0,0.7051,2
2022-05-27 18:00:00,LONG,0.38,0.38,tp,0.004,1,0.7536,2
2022-05-27 23:00:00,LONG,0.38,0.38,tp,0.004,1,0.696,2
2022-05-30 20:00:00,SHORT,0.41,0.41,sl,-0.003991,0,0.666,2
2022-05-30 22:00:00,SHORT,0.42,0.42,sl,-0.003991,0,0.6546,2
2022-05-30 23:00:00,SHORT,0.42,0.42,tp,0.004025,1,0.6799,2
2022-05-31 06:00:00,LONG,0.42,0.42,sl,-0.004,0,0.6805,2
2022-05-31 13:00:00,LONG,0.41,0.41,tp,0.004,1,0.7578,2
2022-05-31 22:00:00,SHORT,0.42,0.42,tp,0.004025,1,0.703,2
2022-05-31 23:00:00,LONG,0.42,0.42,tp,0.004,1,0.6673,2
2022-06-01 15:00:00,LONG,0.41,0.41,sl,-0.004,0,0.7026,2
2022-06-01 16:00:00,LONG,0.41,0.4,sl,-0.004,0,0.6629,2
2022-06-01 20:00:00,LONG,0.39,0.4,tp,0.004,1,0.7991,2
2022-06-01 23:00:00,SHORT,0.4,0.4,tp,0.004025,1,0.6789,2
2022-06-03 12:00:00,LONG,0.39,0.39,tp,0.004,1,0.6622,2
2022-06-03 17:00:00,LONG,0.38,0.39,tp,0.004,1,0.6958,2
2022-06-07 23:00:00,LONG,0.41,0.41,tp,0.004,1,0.6553,2
2022-06-10 15:00:00,LONG,0.39,0.39,sl,-0.004,0,0.7002,2
2022-06-10 16:00:00,LONG,0.38,0.38,sl,-0.004,0,0.6773,2
2022-06-10 23:00:00,LONG,0.38,0.38,tp,0.004,1,0.6548,2
2022-06-11 12:00:00,LONG,0.37,0.37,tp,0.004,1,0.7977,2
2022-06-11 14:00:00,LONG,0.37,0.36,sl,-0.004,0,0.7652,2
2022-06-11 15:00:00,LONG,0.36,0.36,tp,0.004,1,0.8128,2
2022-06-11 16:00:00,LONG,0.36,0.36,tp,0.004,1,0.7336,2
2022-06-11 17:00:00,LONG,0.36,0.36,tp,0.004,1,0.6683,2
2022-06-11 20:00:00,LONG,0.36,0.36,tp,0.004,1,0.7387,2
2022-06-11 23:00:00,LONG,0.36,0.36,tp,0.004,1,0.79,2
2022-06-12 01:00:00,LONG,0.35,0.35,sl,-0.004,0,0.8404,2
2022-06-12 02:00:00,LONG,0.34,0.34,tp,0.004,1,0.8607,2
2022-06-12 03:00:00,LONG,0.34,0.35,tp,0.004,1,0.6953,2
2022-06-12 04:00:00,LONG,0.34,0.35,tp,0.004,1,0.7307,2
2022-06-12 05:00:00,LONG,0.34,0.35,tp,0.004,1,0.7439,2
2022-06-12 06:00:00,LONG,0.34,0.35,tp,0.004,1,0.654,2
2022-06-12 14:00:00,LONG,0.36,0.36,tp,0.004,1,0.6748,2
2022-06-12 15:00:00,SHORT,0.36,0.36,tp,0.004025,1,0.6702,2
2022-06-12 19:00:00,LONG,0.35,0.35,tp,0.004,1,0.8101,2
2022-06-12 20:00:00,LONG,0.35,0.36,tp,0.004,1,0.6696,2
2022-06-12 22:00:00,LONG,0.35,0.35,tp,0.004,1,0.8184,2
2022-06-12 23:00:00,LONG,0.34,0.35,tp,0.004,1,0.8562,2
2022-06-13 00:00:00,LONG,0.34,0.34,tp,0.004,1,0.7496,2
2022-06-13 01:00:00,LONG,0.33,0.33,tp,0.004,1,0.8537,2
2022-06-13 02:00:00,LONG,0.33,0.33,tp,0.004,1,0.7241,2
2022-06-13 03:00:00,LONG,0.33,0.33,tp,0.004,1,0.7152,2
2022-06-13 04:00:00,SHORT,0.33,0.33,tp,0.004025,1,0.7111,2
2022-06-13 05:00:00,LONG,0.32,0.33,tp,0.004,1,0.8966,2
2022-06-13 06:00:00,LONG,0.32,0.33,tp,0.004,1,0.7559,2
2022-06-13 07:00:00,LONG,0.32,0.32,tp,0.004,1,0.8754,2
2022-06-13 08:00:00,LONG,0.31,0.31,tp,0.004,1,0.9289,2
2022-06-13 09:00:00,SHORT,0.31,0.31,tp,0.004025,1,0.8389,2
2022-06-13 10:00:00,LONG,0.31,0.31,sl,-0.004,0,0.837,2
2022-06-13 11:00:00,LONG,0.31,0.31,tp,0.004,1,0.72,2
2022-06-13 12:00:00,SHORT,0.31,0.31,sl,-0.003991,0,0.8063,2
2022-06-13 13:00:00,SHORT,0.31,0.31,tp,0.004025,1,0.8339,2
2022-06-13 14:00:00,LONG,0.31,0.31,tp,0.004,1,0.8948,2
2022-06-13 15:00:00,SHORT,0.31,0.31,tp,0.004025,1,0.7857,2
2022-06-13 16:00:00,SHORT,0.32,0.32,tp,0.004025,1,0.7688,2
2022-06-13 17:00:00,SHORT,0.32,0.32,sl,-0.003991,0,0.683,2
2022-06-13 18:00:00,SHORT,0.32,0.31,tp,0.004025,1,0.6715,2
2022-06-13 19:00:00,SHORT,0.32,0.32,sl,-0.003991,0,0.7061,2
2022-06-13 20:00:00,SHORT,0.32,0.32,tp,0.004025,1,0.7335,2
2022-06-13 21:00:00,LONG,0.32,0.32,tp,0.004,1,0.827,2
2022-06-13 22:00:00,LONG,0.31,0.31,tp,0.004,1,0.882,2
2022-06-13 23:00:00,LONG,0.31,0.31,tp,0.004,1,0.7628,2
2022-06-14 00:00:00,LONG,0.3,0.31,tp,0.004,1,0.8612,2
2022-06-14 01:00:00,LONG,0.29,0.3,tp,0.004,1,0.9198,2
2022-06-14 02:00:00,SHORT,0.31,0.31,sl,-0.003991,0,0.7832,2
2022-06-14 03:00:00,SHORT,0.31,0.31,tp,0.004025,1,0.7829,2
2022-06-14 04:00:00,LONG,0.31,0.31,tp,0.004,1,0.7708,2
2022-06-14 05:00:00,SHORT,0.32,0.32,tp,0.004025,1,0.7971,2
2022-06-14 06:00:00,SHORT,0.32,0.32,tp,0.004025,1,0.738,2
2022-06-14 07:00:00,SHORT,0.32,0.32,tp,0.004025,1,0.764,2
2022-06-14 08:00:00,SHORT,0.32,0.32,tp,0.004025,1,0.6964,2
2022-06-14 09:00:00,LONG,0.31,0.31,tp,0.004,1,0.8235,2
2022-06-14 10:00:00,LONG,0.31,0.31,sl,-0.004,0,0.7016,2
2022-06-14 11:00:00,SHORT,0.31,0.31,tp,0.004025,1,0.6952,2
2022-06-14 12:00:00,SHORT,0.31,0.31,tp,0.004025,1,0.6726,2
2022-06-14 14:00:00,SHORT,0.32,0.32,sl,-0.003991,0,0.7315,2
2022-06-14 15:00:00,SHORT,0.32,0.32,tp,0.004025,1,0.713,2
2022-06-14 16:00:00,LONG,0.32,0.32,tp,0.004,1,0.7302,2
2022-06-14 18:00:00,LONG,0.32,0.32,tp,0.004,1,0.6618,2
2022-06-14 19:00:00,LONG,0.32,0.32,sl,-0.004,0,0.6646,2
2022-06-14 20:00:00,LONG,0.32,0.32,tp,0.004,1,0.7617,2
2022-06-14 21:00:00,LONG,0.31,0.31,tp,0.004,1,0.6586,2
2022-06-14 23:00:00,SHORT,0.32,0.32,tp,0.004025,1,0.7307,2
2022-06-15 01:00:00,SHORT,0.32,0.32,tp,0.004025,1,0.6508,2
2022-06-15 03:00:00,LONG,0.31,0.31,sl,-0.004,0,0.6758,2
2022-06-15 04:00:00,LONG,0.31,0.31,sl,-0.004,0,0.7449,2
2022-06-15 05:00:00,LONG,0.31,0.31,tp,0.004,1,0.7414,2
2022-06-15 06:00:00,SHORT,0.31,0.31,tp,0.004025,1,0.6847,2
2022-06-15 07:00:00,LONG,0.3,0.3,sl,-0.004,0,0.7618,2
2022-06-15 08:00:00,LONG,0.3,0.3,tp,0.004,1,0.7753,2
2022-06-15 09:00:00,LONG,0.3,0.3,tp,0.004,1,0.749,2
2022-06-15 10:00:00,SHORT,0.31,0.3,tp,0.004025,1,0.6686,2
2022-06-15 11:00:00,SHORT,0.31,0.31,sl,-0.003991,0,0.6689,2
2022-06-15 12:00:00,SHORT,0.31,0.31,sl,-0.003991,0,0.7052,2
2022-06-15 13:00:00,LONG,0.31,0.31,sl,-0.004,0,0.6601,2
2022-06-15 14:00:00,LONG,0.31,0.31,tp,0.004,1,0.7248,2
2022-06-15 15:00:00,LONG,0.31,0.31,sl,-0.004,0,0.7048,2
2022-06-15 16:00:00,LONG,0.31,0.31,tp,0.004,1,0.8007,2
2022-06-15 17:00:00,SHORT,0.31,0.31,tp,0.004025,1,0.7004,2
2022-06-15 18:00:00,SHORT,0.32,0.32,sl,-0.003991,0,0.7448,2
2022-06-15 19:00:00,SHORT,0.32,0.32,sl,-0.003991,0,0.7767,2
2022-06-15 20:00:00,SHORT,0.33,0.32,tp,0.004025,1,0.7398,2
2022-06-15 21:00:00,SHORT,0.33,0.33,sl,-0.003991,0,0.7879,2
2022-06-15 22:00:00,SHORT,0.34,0.34,sl,-0.003991,0,0.8503,2
2022-06-15 23:00:00,SHORT,0.34,0.34,tp,0.004025,1,0.7939,2
2022-06-16 00:00:00,SHORT,0.34,0.34,tp,0.004025,1,0.7411,2
2022-06-16 01:00:00,LONG,0.34,0.34,tp,0.004,1,0.7603,2
2022-06-16 06:00:00,LONG,0.33,0.33,sl,-0.004,0,0.7212,2
2022-06-16 07:00:00,LONG,0.32,0.33,tp,0.004,1,0.8303,2
2022-06-16 09:00:00,LONG,0.32,0.32,sl,-0.004,0,0.8477,2
2022-06-16 10:00:00,SHORT,0.32,0.32,tp,0.004025,1,0.7476,2
2022-06-16 11:00:00,LONG,0.32,0.32,tp,0.004,1,0.7218,2
2022-06-16 12:00:00,SHORT,0.32,0.32,tp,0.004025,1,0.7121,2
2022-06-16 13:00:00,LONG,0.31,0.31,sl,-0.004,0,0.8102,2
2022-06-16 14:00:00,SHORT,0.31,0.31,sl,-0.003991,0,0.7633,2
2022-06-16 15:00:00,SHORT,0.32,0.32,tp,0.004025,1,0.7025,2
2022-06-16 16:00:00,SHORT,0.32,0.32,tp,0.004025,1,0.7145,2
2022-06-16 19:00:00,LONG,0.32,0.32,tp,0.004,1,0.7462,2
2022-06-16 21:00:00,LONG,0.32,0.32,sl,-0.004,0,0.7321,2
2022-06-16 22:00:00,LONG,0.31,0.31,tp,0.004,1,0.824,2
2022-06-16 23:00:00,LONG,0.31,0.31,tp,0.004,1,0.7472,2
2022-06-17 00:00:00,SHORT,0.32,0.32,tp,0.004025,1,0.7248,2
2022-06-17 01:00:00,SHORT,0.33,0.33,tp,0.004025,1,0.8217,2
2022-06-17 02:00:00,LONG,0.33,0.33,tp,0.004,1,0.6923,2
2022-06-17 04:00:00,SHORT,0.33,0.33,sl,-0.003991,0,0.6571,2
2022-06-17 06:00:00,SHORT,0.34,0.33,tp,0.004025,1,0.7651,2
2022-06-17 07:00:00,SHORT,0.34,0.33,tp,0.004025,1,0.7156,2
2022-06-17 09:00:00,LONG,0.33,0.33,sl,-0.004,0,0.7343,2
2022-06-17 11:00:00,LONG,0.33,0.33,tp,0.004,1,0.7983,2
2022-06-17 12:00:00,LONG,0.32,0.32,tp,0.004,1,0.7224,2
2022-06-17 14:00:00,LONG,0.32,0.32,tp,0.004,1,0.7492,2
2022-06-17 15:00:00,LONG,0.32,0.32,sl,-0.004,0,0.6832,2
2022-06-17 16:00:00,LONG,0.32,0.32,sl,-0.004,0,0.7815,2
2022-06-17 19:00:00,LONG,0.32,0.32,tp,0.004,1,0.6509,2
2022-06-17 20:00:00,LONG,0.32,0.32,tp,0.004,1,0.6526,2
2022-06-17 23:00:00,SHORT,0.32,0.32,sl,-0.003991,0,0.6885,2
2022-06-18 06:00:00,LONG,0.31,0.31,sl,-0.004,0,0.6997,2
2022-06-18 07:00:00,LONG,0.31,0.31,sl,-0.004,0,0.7058,2
2022-06-18 08:00:00,LONG,0.3,0.3,tp,0.004,1,0.7995,2
2022-06-18 09:00:00,SHORT,0.31,0.31,sl,-0.003991,0,0.6685,2
2022-06-18 10:00:00,LONG,0.31,0.31,sl,-0.004,0,0.6601,2
2022-06-18 11:00:00,LONG,0.31,0.31,tp,0.004,1,0.7453,2
2022-06-18 14:00:00,LONG,0.3,0.31,tp,0.004,1,0.6986,2
2022-06-18 15:00:00,LONG,0.31,0.31,tp,0.004,1,0.6603,2
2022-06-18 16:00:00,LONG,0.3,0.3,sl,-0.004,0,0.6677,2
2022-06-18 17:00:00,LONG,0.3,0.3,sl,-0.004,0,0.6714,2
2022-06-18 18:00:00,LONG,0.3,0.3,tp,0.004,1,0.787,2
2022-06-18 19:00:00,LONG,0.3,0.3,tp,0.004,1,0.8266,2
2022-06-18 20:00:00,LONG,0.3,0.3,tp,0.004,1,0.779,2
2022-06-18 21:00:00,SHORT,0.31,0.3,tp,0.004025,1,0.7238,2
2022-06-18 22:00:00,SHORT,0.31,0.31,tp,0.004025,1,0.7711,2
2022-06-18 23:00:00,SHORT,0.31,0.31,tp,0.004025,1,0.7021,2
2022-06-19 00:00:00,LONG,0.31,0.3,sl,-0.004,0,0.6791,2
2022-06-19 01:00:00,LONG,0.3,0.3,sl,-0.004,0,0.6909,2
2022-06-19 02:00:00,LONG,0.3,0.3,tp,0.004,1,0.6798,2
2022-06-19 03:00:00,LONG,0.3,0.3,tp,0.004,1,0.7246,2
2022-06-19 04:00:00,LONG,0.3,0.3,tp,0.004,1,0.6908,2
2022-06-19 05:00:00,LONG,0.3,0.3,tp,0.004,1,0.6773,2
2022-06-19 06:00:00,LONG,0.3,0.3,tp,0.004,1,0.678,2
2022-06-19 07:00:00,LONG,0.3,0.3,tp,0.004,1,0.6596,2
2022-06-19 08:00:00,SHORT,0.31,0.31,tp,0.004025,1,0.6941,2
2022-06-19 09:00:00,SHORT,0.31,0.31,sl,-0.003991,0,0.6588,2
2022-06-19 10:00:00,SHORT,0.32,0.31,tp,0.004025,1,0.7879,2
2022-06-19 11:00:00,SHORT,0.31,0.31,tp,0.004025,1,0.6728,2
2022-06-19 12:00:00,SHORT,0.31,0.31,tp,0.004025,1,0.6575,2
2022-06-19 13:00:00,LONG,0.31,0.31,tp,0.004,1,0.658,2
2022-06-19 14:00:00,SHORT,0.31,0.31,tp,0.004025,1,0.6508,2
2022-06-19 15:00:00,LONG,0.32,0.32,sl,-0.004,0,0.6732,2
2022-06-19 18:00:00,SHORT,0.32,0.32,tp,0.004025,1,0.6692,2
2022-06-19 20:00:00,SHORT,0.33,0.33,tp,0.004025,1,0.7831,2
2022-06-19 21:00:00,LONG,0.33,0.33,tp,0.004,1,0.6522,2
2022-06-19 23:00:00,LONG,0.33,0.33,tp,0.004,1,0.7611,2
2022-06-20 00:00:00,LONG,0.32,0.32,sl,-0.004,0,0.707,2
2022-06-20 04:00:00,LONG,0.32,0.32,tp,0.004,1,0.6962,2
2022-06-20 10:00:00,SHORT,0.33,0.33,tp,0.004025,1,0.7565,2
2022-06-20 13:00:00,LONG,0.32,0.32,tp,0.004,1,0.6544,2
2022-06-20 17:00:00,LONG,0.32,0.32,tp,0.004,1,0.7682,2
2022-06-20 23:00:00,LONG,0.32,0.32,tp,0.004,1,0.6745,2
2022-06-21 13:00:00,SHORT,0.34,0.33,tp,0.004025,1,0.6817,2
2022-06-21 19:00:00,LONG,0.33,0.33,sl,-0.004,0,0.6824,2
2022-06-22 03:00:00,LONG,0.32,0.32,tp,0.004,1,0.652,2
2022-06-22 07:00:00,LONG,0.32,0.32,tp,0.004,1,0.6549,2
2022-06-24 00:00:00,SHORT,0.34,0.34,sl,-0.003991,0,0.7234,2
2022-06-24 01:00:00,SHORT,0.36,0.36,sl,-0.003991,0,0.8381,2
2022-06-24 02:00:00,SHORT,0.36,0.37,sl,-0.003991,0,0.7354,2
2022-06-24 03:00:00,LONG,0.37,0.37,tp,0.004,1,0.7169,2
2022-06-24 04:00:00,LONG,0.37,0.37,tp,0.004,1,0.7592,2
2022-06-24 05:00:00,SHORT,0.37,0.37,sl,-0.003991,0,0.7088,2
2022-06-24 06:00:00,LONG,0.37,0.37,tp,0.004,1,0.6785,2
2022-06-24 07:00:00,SHORT,0.37,0.37,sl,-0.003991,0,0.6932,2
2022-06-24 08:00:00,SHORT,0.38,0.38,tp,0.004025,1,0.7875,2
2022-06-24 09:00:00,LONG,0.37,0.37,sl,-0.004,0,0.883,2
2022-06-24 10:00:00,LONG,0.37,0.37,tp,0.004,1,0.651,2
2022-06-24 12:00:00,SHORT,0.37,0.37,tp,0.004025,1,0.7083,2
2022-06-24 13:00:00,LONG,0.37,0.37,tp,0.004,1,0.829,2
2022-06-24 15:00:00,LONG,0.36,0.36,sl,-0.004,0,0.8522,2
2022-06-24 16:00:00,LONG,0.36,0.36,tp,0.004,1,0.714,2
2022-06-24 17:00:00,LONG,0.35,0.35,tp,0.004,1,0.9018,2
2022-06-24 19:00:00,SHORT,0.36,0.36,sl,-0.003991,0,0.687,2
2022-06-24 21:00:00,SHORT,0.37,0.37,tp,0.004025,1,0.7141,2
2022-06-24 22:00:00,LONG,0.37,0.37,tp,0.004,1,0.6905,2
2022-06-24 23:00:00,SHORT,0.37,0.37,tp,0.004025,1,0.7791,2
2022-06-25 15:00:00,LONG,0.35,0.36,tp,0.004,1,0.8253,2
2022-06-25 16:00:00,LONG,0.36,0.36,tp,0.004,1,0.6678,2
2022-06-25 21:00:00,SHORT,0.37,0.37,tp,0.004025,1,0.6673,2
2022-06-25 23:00:00,SHORT,0.37,0.37,tp,0.004025,1,0.6871,2
2022-06-26 23:00:00,SHORT,0.36,0.36,sl,-0.003991,0,0.6666,2
2022-06-27 13:00:00,LONG,0.35,0.35,tp,0.004,1,0.7663,2
2022-06-27 23:00:00,LONG,0.35,0.36,tp,0.004,1,0.6589,2
2022-06-28 01:00:00,LONG,0.34,0.34,sl,-0.004,0,0.7734,2
2022-06-28 02:00:00,LONG,0.34,0.34,sl,-0.004,0,0.681,2
2022-06-28 15:00:00,LONG,0.34,0.34,tp,0.004,1,0.7549,2
2022-06-28 22:00:00,LONG,0.34,0.34,tp,0.004,1,0.6654,2
2022-06-28 23:00:00,SHORT,0.34,0.34,tp,0.004025,1,0.7107,2
2022-06-29 04:00:00,LONG,0.34,0.33,sl,-0.004,0,0.6524,2
2022-06-29 06:00:00,LONG,0.33,0.33,tp,0.004,1,0.7309,2
2022-06-29 08:00:00,LONG,0.33,0.33,tp,0.004,1,0.6954,2
2022-06-29 09:00:00,LONG,0.33,0.33,sl,-0.004,0,0.6547,2
2022-06-29 12:00:00,LONG,0.32,0.33,tp,0.004,1,0.7108,2
2022-06-30 00:00:00,LONG,0.33,0.33,tp,0.004,1,0.658,2
2022-06-30 06:00:00,LONG,0.32,0.32,sl,-0.004,0,0.7424,2
2022-06-30 07:00:00,LONG,0.32,0.32,sl,-0.004,0,0.6824,2
2022-06-30 08:00:00,LONG,0.31,0.31,sl,-0.004,0,0.7846,2
2022-06-30 09:00:00,LONG,0.31,0.31,sl,-0.004,0,0.7924,2
2022-06-30 10:00:00,LONG,0.31,0.31,tp,0.004,1,0.7712,2
2022-06-30 11:00:00,LONG,0.31,0.31,tp,0.004,1,0.7067,2
2022-07-01 00:00:00,SHORT,0.33,0.33,sl,-0.003991,0,0.7026,3
2022-07-01 01:00:00,SHORT,0.33,0.33,tp,0.004025,1,0.6801,3
2022-07-01 03:00:00,LONG,0.32,0.32,sl,-0.004,0,0.7312,3
2022-07-01 04:00:00,SHORT,0.31,0.31,sl,-0.003991,0,0.7359,3
2022-07-01 09:00:00,SHORT,0.32,0.31,tp,0.004025,1,0.6808,3
2022-07-01 10:00:00,SHORT,0.31,0.31,tp,0.004025,1,0.6804,3
2022-07-01 11:00:00,SHORT,0.31,0.31,sl,-0.003991,0,0.6661,3
2022-07-01 13:00:00,SHORT,0.31,0.31,tp,0.004025,1,0.6883,3
2022-07-01 14:00:00,SHORT,0.31,0.31,sl,-0.003991,0,0.6842,3
2022-07-08 00:00:00,SHORT,0.35,0.35,sl,-0.003991,0,0.6537,3
2022-07-08 01:00:00,SHORT,0.35,0.35,tp,0.004025,1,0.6511,3
2022-07-08 10:00:00,LONG,0.34,0.34,sl,-0.004,0,0.7028,3
2022-07-08 12:00:00,LONG,0.34,0.34,tp,0.004,1,0.6693,3
2022-07-08 16:00:00,LONG,0.34,0.34,sl,-0.004,0,0.6596,3
2022-07-08 23:00:00,LONG,0.34,0.34,tp,0.004,1,0.6747,3
2022-07-10 15:00:00,SHORT,0.32,0.32,tp,0.004025,1,0.6809,3
2022-07-11 21:00:00,LONG,0.32,0.32,sl,-0.004,0,0.6567,3
2022-07-11 22:00:00,LONG,0.31,0.32,tp,0.004,1,0.7362,3
2022-07-13 12:00:00,LONG,0.31,0.31,sl,-0.004,0,0.7148,3
2022-07-14 17:00:00,SHORT,0.33,0.33,sl,-0.003991,0,0.6706,3
2022-07-15 01:00:00,SHORT,0.35,0.34,tp,0.004025,1,0.752,3
2022-07-15 06:00:00,LONG,0.34,0.34,tp,0.004,1,0.729,3
2022-07-15 15:00:00,LONG,0.33,0.33,sl,-0.004,0,0.7238,3
2022-07-15 17:00:00,LONG,0.33,0.33,tp,0.004,1,0.6544,3
2022-07-15 23:00:00,SHORT,0.33,0.33,tp,0.004025,1,0.6879,3
2022-07-16 16:00:00,SHORT,0.35,0.35,tp,0.004025,1,0.7503,3
2022-07-17 06:00:00,SHORT,0.36,0.36,tp,0.004025,1,0.7102,3
2022-07-17 23:00:00,LONG,0.34,0.35,tp,0.004,1,0.6622,3
2022-07-18 05:00:00,SHORT,0.36,0.36,tp,0.004025,1,0.6618,3
2022-07-18 17:00:00,LONG,0.36,0.36,sl,-0.004,0,0.6846,3
2022-07-18 18:00:00,LONG,0.36,0.36,sl,-0.004,0,0.6517,3
2022-07-18 23:00:00,SHORT,0.37,0.36,tp,0.004025,1,0.7457,3
2022-07-19 18:00:00,SHORT,0.37,0.37,tp,0.004025,1,0.6789,3
2022-07-19 23:00:00,LONG,0.37,0.37,sl,-0.004,0,0.6583,3
2022-07-20 06:00:00,SHORT,0.38,0.38,tp,0.004025,1,0.6632,3
2022-07-20 17:00:00,LONG,0.37,0.37,tp,0.004,1,0.6884,3
2022-07-20 20:00:00,LONG,0.36,0.36,tp,0.004,1,0.7256,3
2022-07-20 22:00:00,LONG,0.36,0.36,tp,0.004,1,0.7375,3
2022-07-20 23:00:00,SHORT,0.36,0.36,tp,0.004025,1,0.6968,3
2022-07-21 02:00:00,LONG,0.35,0.36,tp,0.004,1,0.7913,3
2022-07-21 04:00:00,LONG,0.36,0.36,tp,0.004,1,0.6722,3
2022-07-22 19:00:00,LONG,0.36,0.35,sl,-0.004,0,0.6682,3
2022-07-25 23:00:00,SHORT,0.34,0.33,tp,0.004025,1,0.6947,3
2022-07-26 00:00:00,SHORT,0.33,0.33,sl,-0.003991,0,0.653,3
2022-07-28 15:00:00,SHORT,0.36,0.37,sl,-0.003991,0,0.6734,3
2022-07-28 16:00:00,SHORT,0.37,0.37,sl,-0.003991,0,0.6912,3
2022-07-28 17:00:00,SHORT,0.37,0.37,tp,0.004025,1,0.7693,3
2022-07-29 11:00:00,LONG,0.37,0.37,sl,-0.004,0,0.6521,3
2022-07-29 23:00:00,LONG,0.37,0.37,tp,0.004,1,0.6514,3
2022-07-30 13:00:00,SHORT,0.4,0.4,tp,0.004025,1,0.858,3
2022-07-30 14:00:00,SHORT,0.4,0.4,sl,-0.003991,0,0.7782,3
2022-07-30 15:00:00,SHORT,0.4,0.4,sl,-0.003991,0,0.7786,3
2022-07-30 16:00:00,SHORT,0.4,0.4,tp,0.004025,1,0.7372,3
2022-07-30 17:00:00,SHORT,0.4,0.4,tp,0.004025,1,0.7108,3
2022-07-30 19:00:00,LONG,0.39,0.4,tp,0.004,1,0.7602,3
2022-07-30 21:00:00,LONG,0.39,0.39,sl,-0.004,0,0.6602,3
2022-07-30 23:00:00,SHORT,0.39,0.39,sl,-0.003991,0,0.7227,3
2022-07-31 08:00:00,LONG,0.39,0.39,tp,0.004,1,0.6789,3
2022-07-31 22:00:00,LONG,0.38,0.38,sl,-0.004,0,0.6594,3
2022-07-31 23:00:00,SHORT,0.38,0.38,sl,-0.003991,0,0.7388,3
2022-08-01 10:00:00,LONG,0.37,0.38,tp,0.004,1,0.6664,3
2022-08-19 06:00:00,LONG,0.34,0.34,tp,0.004,1,0.7786,3
2022-08-19 07:00:00,LONG,0.35,0.34,sl,-0.004,0,0.6686,3
2022-08-19 08:00:00,LONG,0.34,0.34,tp,0.004,1,0.8165,3
2022-08-19 09:00:00,SHORT,0.34,0.34,sl,-0.003991,0,0.6733,3
2022-08-19 10:00:00,SHORT,0.34,0.34,tp,0.004025,1,0.6706,3
2022-08-19 11:00:00,LONG,0.34,0.34,sl,-0.004,0,0.71,3
2022-08-19 12:00:00,LONG,0.34,0.34,sl,-0.004,0,0.6817,3
2022-08-19 13:00:00,LONG,0.34,0.34,tp,0.004,1,0.7256,3
2022-08-19 14:00:00,LONG,0.34,0.34,sl,-0.004,0,0.6737,3
2022-08-19 15:00:00,LONG,0.34,0.34,tp,0.004,1,0.6642,3
2022-08-19 21:00:00,LONG,0.34,0.34,tp,0.004,1,0.7319,3
2022-08-19 23:00:00,LONG,0.33,0.34,tp,0.004,1,0.716,3
2022-08-20 20:00:00,LONG,0.33,0.33,tp,0.004,1,0.6801,3
2022-08-26 08:00:00,SHORT,0.37,0.37,tp,0.004025,1,0.7497,3
2022-08-26 09:00:00,LONG,0.36,0.36,sl,-0.004,0,0.6877,3
2022-08-26 11:00:00,LONG,0.35,0.36,tp,0.004,1,0.6769,3
2022-08-26 12:00:00,SHORT,0.36,0.36,tp,0.004025,1,0.7022,3
2022-08-26 13:00:00,SHORT,0.36,0.35,tp,0.004025,1,0.6529,3
2022-08-26 14:00:00,LONG,0.35,0.35,sl,-0.004,0,0.7545,3
2022-08-26 15:00:00,SHORT,0.34,0.34,tp,0.004025,1,0.7791,3
2022-08-26 16:00:00,SHORT,0.34,0.34,sl,-0.003991,0,0.7349,3
2022-08-26 17:00:00,LONG,0.34,0.33,sl,-0.004,0,0.716,3
2022-08-26 23:00:00,SHORT,0.34,0.34,tp,0.004025,1,0.7421,3
2022-08-27 00:00:00,LONG,0.34,0.34,sl,-0.004,0,0.7559,3
2022-08-27 01:00:00,LONG,0.34,0.33,sl,-0.004,0,0.6581,3
2022-08-27 02:00:00,LONG,0.33,0.34,tp,0.004,1,0.6751,3
2022-08-27 05:00:00,LONG,0.33,0.33,sl,-0.004,0,0.668,3
2022-08-28 23:00:00,SHORT,0.32,0.32,tp,0.004025,1,0.6879,3
2022-09-07 02:00:00,LONG,0.32,0.32,tp,0.004,1,0.6506,3
2022-09-09 10:00:00,SHORT,0.35,0.35,tp,0.004025,1,0.6956,3
2022-09-09 23:00:00,SHORT,0.36,0.35,tp,0.004025,1,0.6766,3
2022-09-10 00:00:00,SHORT,0.36,0.36,tp,0.004025,1,0.6527,3
2022-09-13 12:00:00,SHORT,0.34,0.34,tp,0.004025,1,0.7226,3
2022-09-13 13:00:00,SHORT,0.34,0.34,tp,0.004025,1,0.7045,3
2022-09-13 14:00:00,SHORT,0.34,0.34,sl,-0.003991,0,0.6553,3
2022-09-13 15:00:00,LONG,0.34,0.34,sl,-0.004,0,0.6542,3
2022-09-13 18:00:00,LONG,0.33,0.34,tp,0.004,1,0.7709,3
2022-09-13 22:00:00,LONG,0.33,0.33,sl,-0.004,0,0.6511,3
2022-09-13 23:00:00,LONG,0.33,0.33,tp,0.004,1,0.6817,3
2022-09-15 14:00:00,LONG,0.33,0.33,sl,-0.004,0,0.6895,3
2022-09-16 22:00:00,SHORT,0.35,0.35,tp,0.004025,1,0.6816,3
2022-09-16 23:00:00,LONG,0.36,0.35,sl,-0.004,0,0.6801,3
2022-09-17 13:00:00,SHORT,0.37,0.37,sl,-0.003991,0,0.8111,3
2022-09-17 14:00:00,SHORT,0.37,0.37,tp,0.004025,1,0.7766,3
2022-09-17 15:00:00,LONG,0.37,0.37,tp,0.004,1,0.6503,3
2022-09-17 16:00:00,SHORT,0.37,0.37,tp,0.004025,1,0.6635,3
2022-09-17 17:00:00,SHORT,0.38,0.38,sl,-0.003991,0,0.6602,3
2022-09-17 18:00:00,SHORT,0.38,0.38,tp,0.004025,1,0.6616,3
2022-09-17 19:00:00,LONG,0.37,0.37,sl,-0.004,0,0.6552,3
2022-09-18 07:00:00,SHORT,0.39,0.38,tp,0.004025,1,0.8016,3
2022-09-18 08:00:00,SHORT,0.39,0.38,tp,0.004025,1,0.7946,3
2022-09-18 09:00:00,LONG,0.38,0.38,tp,0.004,1,0.7043,3
2022-09-18 10:00:00,LONG,0.38,0.38,tp,0.004,1,0.6919,3
2022-09-18 12:00:00,SHORT,0.38,0.38,sl,-0.003991,0,0.6859,3
2022-09-18 13:00:00,SHORT,0.38,0.38,tp,0.004025,1,0.7029,3
2022-09-18 14:00:00,SHORT,0.38,0.38,sl,-0.003991,0,0.6564,3
2022-09-18 15:00:00,SHORT,0.38,0.38,tp,0.004025,1,0.6917,3
2022-09-18 16:00:00,SHORT,0.39,0.39,tp,0.004025,1,0.7502,3
2022-09-18 17:00:00,SHORT,0.39,0.39,tp,0.004025,1,0.7023,3
2022-09-18 18:00:00,SHORT,0.39,0.39,tp,0.004025,1,0.7897,3
2022-09-18 19:00:00,SHORT,0.4,0.39,tp,0.004025,1,0.764,3
2022-09-18 21:00:00,LONG,0.38,0.38,sl,-0.004,0,0.8147,3
2022-09-18 22:00:00,SHORT,0.37,0.36,tp,0.004025,1,0.8244,3
2022-09-18 23:00:00,SHORT,0.36,0.36,tp,0.004025,1,0.8634,3
2022-09-19 00:00:00,SHORT,0.36,0.36,tp,0.004025,1,0.8415,3
2022-09-19 01:00:00,LONG,0.36,0.36,sl,-0.004,0,0.76,3
2022-09-19 02:00:00,LONG,0.34,0.34,tp,0.004,1,0.8468,3
2022-09-19 03:00:00,SHORT,0.34,0.34,tp,0.004025,1,0.7993,3
2022-09-19 04:00:00,SHORT,0.35,0.35,sl,-0.003991,0,0.7281,3
2022-09-19 05:00:00,SHORT,0.35,0.35,tp,0.004025,1,0.7768,3
2022-09-19 06:00:00,LONG,0.35,0.35,tp,0.004,1,0.7957,3
2022-09-19 07:00:00,SHORT,0.35,0.35,tp,0.004025,1,0.7592,3
2022-09-19 08:00:00,LONG,0.35,0.35,tp,0.004,1,0.7937,3
2022-09-19 09:00:00,SHORT,0.35,0.35,sl,-0.003991,0,0.6601,3
2022-09-19 10:00:00,SHORT,0.35,0.35,tp,0.004025,1,0.7794,3
2022-09-19 11:00:00,LONG,0.35,0.35,tp,0.004,1,0.7136,3
2022-09-19 12:00:00,SHORT,0.35,0.35,tp,0.004025,1,0.6931,3
2022-09-19 13:00:00,SHORT,0.36,0.36,sl,-0.003991,0,0.6999,3
2022-09-19 14:00:00,SHORT,0.36,0.36,tp,0.004025,1,0.7623,3
2022-09-19 15:00:00,LONG,0.36,0.36,tp,0.004,1,0.6714,3
2022-09-19 16:00:00,SHORT,0.36,0.36,tp,0.004025,1,0.6513,3
2022-09-19 17:00:00,SHORT,0.37,0.37,tp,0.004025,1,0.7863,3
2022-09-19 18:00:00,SHORT,0.38,0.38,sl,-0.003991,0,0.7885,3
2022-09-19 19:00:00,SHORT,0.39,0.39,tp,0.004025,1,0.7837,3
2022-09-19 20:00:00,LONG,0.38,0.38,tp,0.004,1,0.8041,3
2022-09-19 21:00:00,LONG,0.38,0.39,tp,0.004,1,0.7202,3
2022-09-19 22:00:00,SHORT,0.39,0.39,sl,-0.003991,0,0.6939,3
2022-09-19 23:00:00,SHORT,0.38,0.38,tp,0.004025,1,0.748,3
2022-09-20 00:00:00,LONG,0.38,0.38,sl,-0.004,0,0.7657,3
2022-09-20 01:00:00,LONG,0.38,0.38,sl,-0.004,0,0.6508,3
2022-09-20 03:00:00,SHORT,0.37,0.37,sl,-0.003991,0,0.663,3
2022-09-20 04:00:00,SHORT,0.38,0.38,tp,0.004025,1,0.7157,3
2022-09-20 06:00:00,SHORT,0.38,0.38,sl,-0.003991,0,0.6601,3
2022-09-20 07:00:00,SHORT,0.38,0.38,sl,-0.003991,0,0.666,3
2022-09-20 08:00:00,SHORT,0.38,0.38,sl,-0.003991,0,0.6769,3
2022-09-20 10:00:00,SHORT,0.38,0.38,sl,-0.003991,0,0.6752,3
2022-09-20 12:00:00,SHORT,0.39,0.38,tp,0.004025,1,0.7622,3
2022-09-20 13:00:00,SHORT,0.38,0.38,sl,-0.003991,0,0.6984,3
2022-09-20 14:00:00,SHORT,0.4,0.4,sl,-0.003991,0,0.8526,3
2022-09-20 15:00:00,SHORT,0.42,0.42,tp,0.004025,1,0.8933,3
2022-09-20 16:00:00,LONG,0.41,0.41,sl,-0.004,0,0.8138,3
2022-09-20 17:00:00,LONG,0.4,0.41,tp,0.004,1,0.8138,3
2022-09-20 18:00:00,LONG,0.41,0.41,tp,0.004,1,0.7104,3
2022-09-20 19:00:00,SHORT,0.41,0.41,tp,0.004025,1,0.7573,3
2022-09-20 20:00:00,LONG,0.4,0.41,tp,0.004,1,0.7834,3
2022-09-20 21:00:00,SHORT,0.41,0.41,sl,-0.003991,0,0.7686,3
2022-09-20 22:00:00,SHORT,0.42,0.41,tp,0.004025,1,0.8218,3
2022-09-20 23:00:00,SHORT,0.41,0.41,tp,0.004025,1,0.8228,3
2022-09-21 00:00:00,SHORT,0.41,0.41,tp,0.004025,1,0.7385,3
2022-09-21 01:00:00,LONG,0.41,0.41,tp,0.004,1,0.7226,3
2022-09-21 02:00:00,SHORT,0.41,0.4,tp,0.004025,1,0.6964,3
2022-09-21 04:00:00,SHORT,0.41,0.41,tp,0.004025,1,0.6897,3
2022-09-21 05:00:00,LONG,0.41,0.4,sl,-0.004,0,0.7416,3
2022-09-21 06:00:00,LONG,0.39,0.4,tp,0.004,1,0.8272,3
2022-09-21 07:00:00,SHORT,0.4,0.4,tp,0.004025,1,0.7308,3
2022-09-21 08:00:00,SHORT,0.4,0.4,sl,-0.003991,0,0.6937,3
2022-09-21 09:00:00,SHORT,0.4,0.4,tp,0.004025,1,0.753,3
2022-09-21 10:00:00,SHORT,0.4,0.4,tp,0.004025,1,0.7051,3
2022-09-21 11:00:00,SHORT,0.41,0.4,tp,0.004025,1,0.7495,3
2022-09-21 12:00:00,SHORT,0.4,0.4,tp,0.004025,1,0.6844,3
2022-09-21 13:00:00,SHORT,0.4,0.4,sl,-0.003991,0,0.6891,3
2022-09-21 14:00:00,LONG,0.4,0.4,sl,-0.004,0,0.6711,3
2022-09-21 15:00:00,LONG,0.39,0.4,tp,0.004,1,0.7768,3
2022-09-21 16:00:00,LONG,0.39,0.4,tp,0.004,1,0.7184,3
2022-09-21 17:00:00,SHORT,0.4,0.4,tp,0.004025,1,0.762,3
2022-09-21 18:00:00,SHORT,0.42,0.42,tp,0.004025,1,0.8325,3
2022-09-21 19:00:00,LONG,0.41,0.41,tp,0.004,1,0.8155,3
2022-09-21 20:00:00,SHORT,0.41,0.41,tp,0.004025,1,0.7489,3
2022-09-21 21:00:00,SHORT,0.39,0.39,tp,0.004025,1,0.8487,3
2022-09-21 22:00:00,SHORT,0.39,0.39,sl,-0.003991,0,0.7941,3
2022-09-21 23:00:00,SHORT,0.39,0.39,sl,-0.003991,0,0.8252,3
2022-09-22 00:00:00,SHORT,0.4,0.4,sl,-0.003991,0,0.7199,3
2022-09-22 01:00:00,SHORT,0.4,0.4,tp,0.004025,1,0.7606,3
2022-09-22 02:00:00,SHORT,0.4,0.4,sl,-0.003991,0,0.6907,3
2022-09-22 03:00:00,SHORT,0.4,0.4,sl,-0.003991,0,0.651,3
2022-09-22 04:00:00,SHORT,0.41,0.41,sl,-0.003991,0,0.8116,3
2022-09-22 05:00:00,SHORT,0.42,0.42,tp,0.004025,1,0.8378,3
2022-09-22 06:00:00,SHORT,0.42,0.42,sl,-0.003991,0,0.7453,3
2022-09-22 07:00:00,SHORT,0.42,0.42,sl,-0.003991,0,0.7307,3
2022-09-22 08:00:00,SHORT,0.42,0.42,tp,0.004025,1,0.7774,3
2022-09-22 09:00:00,SHORT,0.42,0.43,sl,-0.003991,0,0.7382,3
2022-09-22 10:00:00,SHORT,0.43,0.43,sl,-0.003991,0,0.7364,3
2022-09-22 11:00:00,SHORT,0.43,0.43,sl,-0.003991,0,0.7858,3
2022-09-22 12:00:00,SHORT,0.44,0.44,tp,0.004025,1,0.8247,3
2022-09-22 13:00:00,LONG,0.44,0.44,tp,0.004,1,0.784,3
2022-09-22 14:00:00,SHORT,0.44,0.44,tp,0.004025,1,0.7364,3
2022-09-22 15:00:00,LONG,0.43,0.44,tp,0.004,1,0.7438,3
2022-09-22 16:00:00,SHORT,0.44,0.44,sl,-0.003991,0,0.6687,3
2022-09-22 17:00:00,SHORT,0.45,0.45,tp,0.004025,1,0.8103,3
2022-09-22 18:00:00,SHORT,0.46,0.46,tp,0.004025,1,0.8274,3
2022-09-22 19:00:00,SHORT,0.48,0.48,tp,0.004025,1,0.8523,3
2022-09-22 20:00:00,LONG,0.48,0.48,tp,0.004,1,0.7793,3
2022-09-22 21:00:00,LONG,0.48,0.49,tp,0.004,1,0.7414,3
2022-09-22 22:00:00,SHORT,0.49,0.49,tp,0.004025,1,0.7741,3
2022-09-22 23:00:00,LONG,0.49,0.49,tp,0.004,1,0.7834,3
2022-09-23 00:00:00,LONG,0.48,0.48,tp,0.004,1,0.7491,3
2022-09-23 01:00:00,SHORT,0.49,0.49,tp,0.004025,1,0.7127,3
2022-09-23 02:00:00,SHORT,0.5,0.5,sl,-0.003991,0,0.7909,3
2022-09-23 03:00:00,SHORT,0.54,0.54,tp,0.004025,1,0.8858,3
2022-09-23 04:00:00,SHORT,0.54,0.54,sl,-0.003991,0,0.7961,3
2022-09-23 05:00:00,SHORT,0.54,0.53,tp,0.004025,1,0.8387,3
2022-09-23 06:00:00,SHORT,0.54,0.54,tp,0.004025,1,0.7969,3
2022-09-23 07:00:00,SHORT,0.52,0.51,tp,0.004025,1,0.8421,3
2022-09-23 08:00:00,SHORT,0.51,0.5,tp,0.004025,1,0.8879,3
2022-09-23 09:00:00,SHORT,0.51,0.5,tp,0.004025,1,0.866,3
2022-09-23 10:00:00,SHORT,0.49,0.49,tp,0.004025,1,0.8503,3
2022-09-23 11:00:00,SHORT,0.49,0.49,tp,0.004025,1,0.8725,3
2022-09-23 12:00:00,SHORT,0.49,0.49,tp,0.004025,1,0.8825,3
2022-09-23 13:00:00,SHORT,0.48,0.48,tp,0.004025,1,0.8974,3
2022-09-23 14:00:00,SHORT,0.48,0.48,tp,0.004025,1,0.8949,3
2022-09-23 15:00:00,SHORT,0.49,0.49,tp,0.004025,1,0.887,3
2022-09-23 16:00:00,SHORT,0.47,0.47,tp,0.004025,1,0.8726,3
2022-09-23 17:00:00,SHORT,0.47,0.47,tp,0.004025,1,0.7718,3
2022-09-23 18:00:00,LONG,0.46,0.46,tp,0.004,1,0.8618,3
2022-09-23 19:00:00,SHORT,0.47,0.47,sl,-0.003991,0,0.78,3
2022-09-23 20:00:00,SHORT,0.49,0.49,tp,0.004025,1,0.8915,3
2022-09-23 21:00:00,SHORT,0.52,0.51,tp,0.004025,1,0.894,3
2022-09-23 22:00:00,SHORT,0.53,0.52,tp,0.004025,1,0.9041,3
2022-09-23 23:00:00,SHORT,0.51,0.5,tp,0.004025,1,0.8566,3
2022-09-24 00:00:00,SHORT,0.51,0.51,tp,0.004025,1,0.8337,3
2022-09-24 01:00:00,SHORT,0.5,0.5,tp,0.004025,1,0.7928,3
2022-09-24 02:00:00,SHORT,0.5,0.5,sl,-0.003991,0,0.7825,3
2022-09-24 03:00:00,SHORT,0.5,0.5,sl,-0.003991,0,0.7496,3
2022-09-24 04:00:00,SHORT,0.5,0.5,sl,-0.003991,0,0.7566,3
2022-09-24 05:00:00,SHORT,0.51,0.51,tp,0.004025,1,0.7833,3
2022-09-24 06:00:00,LONG,0.5,0.5,sl,-0.004,0,0.752,3
2022-09-24 07:00:00,LONG,0.49,0.49,tp,0.004,1,0.7793,3
2022-09-24 08:00:00,SHORT,0.5,0.49,tp,0.004025,1,0.7759,3
2022-09-24 09:00:00,SHORT,0.49,0.49,tp,0.004025,1,0.6992,3
2022-09-24 10:00:00,SHORT,0.49,0.49,tp,0.004025,1,0.7263,3
2022-09-24 11:00:00,SHORT,0.49,0.49,tp,0.004025,1,0.735,3
2022-09-24 12:00:00,SHORT,0.5,0.49,tp,0.004025,1,0.7323,3
2022-09-24 13:00:00,SHORT,0.49,0.49,tp,0.004025,1,0.7175,3
2022-09-24 14:00:00,LONG,0.47,0.48,tp,0.004,1,0.8416,3
2022-09-24 15:00:00,SHORT,0.48,0.48,sl,-0.003991,0,0.7631,3
2022-09-24 16:00:00,SHORT,0.48,0.49,sl,-0.003991,0,0.7863,3
2022-09-24 17:00:00,SHORT,0.49,0.49,tp,0.004025,1,0.8071,3
2022-09-24 18:00:00,SHORT,0.5,0.5,tp,0.004025,1,0.7997,3
2022-09-24 19:00:00,SHORT,0.5,0.5,sl,-0.003991,0,0.7018,3
2022-09-24 20:00:00,SHORT,0.5,0.5,tp,0.004025,1,0.7351,3
2022-09-24 21:00:00,LONG,0.49,0.49,sl,-0.004,0,0.772,3
2022-09-24 22:00:00,LONG,0.49,0.49,tp,0.004,1,0.7733,3
2022-09-24 23:00:00,SHORT,0.49,0.49,tp,0.004025,1,0.7517,3
2022-09-25 00:00:00,LONG,0.49,0.48,sl,-0.004,0,0.6809,3
2022-09-25 01:00:00,LONG,0.48,0.48,sl,-0.004,0,0.6869,3
2022-09-25 02:00:00,LONG,0.48,0.48,tp,0.004,1,0.6563,3
2022-09-25 07:00:00,SHORT,0.49,0.49,tp,0.004025,1,0.7631,3
2022-09-25 08:00:00,SHORT,0.49,0.49,sl,-0.003991,0,0.6807,3
2022-09-25 09:00:00,SHORT,0.49,0.49,tp,0.004025,1,0.6668,3
2022-09-25 11:00:00,SHORT,0.5,0.5,sl,-0.003991,0,0.8135,3
2022-09-25 12:00:00,SHORT,0.51,0.51,tp,0.004025,1,0.8469,3
2022-09-25 13:00:00,LONG,0.49,0.49,sl,-0.004,0,0.7935,3
2022-09-25 14:00:00,SHORT,0.49,0.49,sl,-0.003991,0,0.705,3
2022-09-25 15:00:00,LONG,0.5,0.51,tp,0.004,1,0.7162,3
2022-09-25 16:00:00,LONG,0.5,0.5,tp,0.004,1,0.7455,3
2022-09-25 17:00:00,SHORT,0.5,0.5,tp,0.004025,1,0.7998,3
2022-09-25 18:00:00,SHORT,0.5,0.5,tp,0.004025,1,0.6868,3
2022-09-25 19:00:00,SHORT,0.5,0.5,tp,0.004025,1,0.7131,3
2022-09-25 20:00:00,LONG,0.5,0.5,tp,0.004,1,0.6748,3
2022-09-25 21:00:00,LONG,0.49,0.5,tp,0.004,1,0.7148,3
2022-09-25 22:00:00,SHORT,0.49,0.49,tp,0.004025,1,0.6949,3
2022-09-25 23:00:00,SHORT,0.49,0.49,tp,0.004025,1,0.8216,3
2022-09-26 00:00:00,SHORT,0.49,0.49,sl,-0.003991,0,0.7144,3
2022-09-26 01:00:00,SHORT,0.49,0.49,tp,0.004025,1,0.6844,3
2022-09-26 02:00:00,SHORT,0.48,0.48,tp,0.004025,1,0.7395,3
2022-09-26 03:00:00,SHORT,0.48,0.48,sl,-0.003991,0,0.7277,3
2022-09-26 04:00:00,LONG,0.48,0.48,sl,-0.004,0,0.7149,3
2022-09-26 05:00:00,LONG,0.47,0.47,tp,0.004,1,0.8221,3
2022-09-26 06:00:00,SHORT,0.46,0.47,sl,-0.003991,0,0.7687,3
2022-09-26 07:00:00,SHORT,0.47,0.47,tp,0.004025,1,0.7495,3
2022-09-26 08:00:00,SHORT,0.48,0.48,tp,0.004025,1,0.8137,3
2022-09-26 09:00:00,SHORT,0.47,0.47,sl,-0.003991,0,0.7599,3
2022-09-26 10:00:00,SHORT,0.47,0.47,tp,0.004025,1,0.718,3
2022-09-26 11:00:00,LONG,0.46,0.47,tp,0.004,1,0.7869,3
2022-09-26 12:00:00,SHORT,0.47,0.47,sl,-0.003991,0,0.7432,3
2022-09-26 13:00:00,SHORT,0.47,0.47,tp,0.004025,1,0.7412,3
2022-09-26 14:00:00,SHORT,0.47,0.46,tp,0.004025,1,0.6827,3
2022-09-26 15:00:00,SHORT,0.47,0.47,tp,0.004025,1,0.7483,3
2022-09-26 16:00:00,SHORT,0.47,0.47,tp,0.004025,1,0.6928,3
2022-09-26 17:00:00,LONG,0.47,0.47,tp,0.004,1,0.6568,3
2022-09-26 18:00:00,LONG,0.47,0.47,sl,-0.004,0,0.6579,3
2022-09-26 19:00:00,LONG,0.47,0.47,sl,-0.004,0,0.6717,3
2022-09-26 22:00:00,LONG,0.47,0.47,tp,0.004,1,0.6861,3
2022-09-26 23:00:00,LONG,0.47,0.47,tp,0.004,1,0.6802,3
2022-09-27 01:00:00,SHORT,0.47,0.47,tp,0.004025,1,0.683,3
2022-09-27 06:00:00,SHORT,0.48,0.48,tp,0.004025,1,0.6871,3
2022-09-27 11:00:00,SHORT,0.47,0.47,sl,-0.003991,0,0.6953,3
2022-09-27 12:00:00,SHORT,0.47,0.47,tp,0.004025,1,0.6603,3
2022-09-27 13:00:00,SHORT,0.48,0.47,tp,0.004025,1,0.6743,3
2022-09-27 15:00:00,SHORT,0.47,0.47,tp,0.004025,1,0.6979,3
2022-09-27 16:00:00,SHORT,0.44,0.44,tp,0.004025,1,0.8188,3
2022-09-27 17:00:00,SHORT,0.44,0.44,tp,0.004025,1,0.8173,3
2022-09-27 18:00:00,SHORT,0.45,0.44,tp,0.004025,1,0.7625,3
2022-09-27 19:00:00,SHORT,0.44,0.44,tp,0.004025,1,0.7006,3
2022-09-27 23:00:00,SHORT,0.45,0.45,sl,-0.003991,0,0.7581,3
2022-09-28 00:00:00,LONG,0.44,0.44,sl,-0.004,0,0.6932,3
2022-09-28 01:00:00,LONG,0.43,0.43,sl,-0.004,0,0.7985,3
2022-09-28 02:00:00,LONG,0.42,0.43,tp,0.004,1,0.8277,3
2022-09-28 03:00:00,LONG,0.43,0.43,tp,0.004,1,0.7316,3
2022-09-28 04:00:00,LONG,0.43,0.43,tp,0.004,1,0.7217,3
2022-09-28 06:00:00,LONG,0.42,0.42,sl,-0.004,0,0.7955,3
2022-09-28 07:00:00,LONG,0.42,0.42,sl,-0.004,0,0.6879,3
2022-09-28 08:00:00,LONG,0.42,0.42,sl,-0.004,0,0.719,3
2022-09-28 09:00:00,LONG,0.42,0.42,tp,0.004,1,0.7271,3
2022-09-28 10:00:00,SHORT,0.43,0.43,tp,0.004025,1,0.6983,3
2022-09-28 12:00:00,SHORT,0.43,0.43,tp,0.004025,1,0.6869,3
2022-09-28 14:00:00,SHORT,0.44,0.43,tp,0.004025,1,0.707,3
2022-09-28 15:00:00,SHORT,0.44,0.43,tp,0.004025,1,0.7056,3
2022-09-28 21:00:00,SHORT,0.45,0.45,sl,-0.003991,0,0.6775,3
2022-09-28 23:00:00,SHORT,0.45,0.45,tp,0.004025,1,0.6874,3
2022-09-29 12:00:00,SHORT,0.43,0.43,tp,0.004025,1,0.6982,3
2022-09-29 13:00:00,SHORT,0.43,0.43,tp,0.004025,1,0.7153,3
2022-09-29 14:00:00,SHORT,0.43,0.43,sl,-0.003991,0,0.6892,3
2022-09-29 20:00:00,SHORT,0.48,0.48,sl,-0.003991,0,0.8269,3
2022-09-29 21:00:00,SHORT,0.5,0.5,tp,0.004025,1,0.873,3
2022-09-29 22:00:00,LONG,0.48,0.48,tp,0.004,1,0.8202,3
2022-09-29 23:00:00,SHORT,0.49,0.49,tp,0.004025,1,0.8441,3
2022-09-30 00:00:00,LONG,0.48,0.48,sl,-0.004,0,0.765,3
2022-09-30 01:00:00,SHORT,0.48,0.48,sl,-0.003991,0,0.7757,3
2022-09-30 02:00:00,SHORT,0.48,0.48,sl,-0.003991,0,0.7329,3
2022-09-30 03:00:00,SHORT,0.48,0.48,sl,-0.003991,0,0.7559,3
2022-09-30 04:00:00,SHORT,0.48,0.48,tp,0.004025,1,0.7658,3
2022-09-30 05:00:00,SHORT,0.49,0.49,tp,0.004025,1,0.8357,3
2022-09-30 06:00:00,SHORT,0.48,0.49,sl,-0.003991,0,0.7344,3
2022-09-30 07:00:00,SHORT,0.49,0.49,tp,0.004025,1,0.8066,3
2022-09-30 08:00:00,SHORT,0.49,0.49,sl,-0.003991,0,0.7465,3
2022-09-30 09:00:00,SHORT,0.49,0.49,tp,0.004025,1,0.7337,3
2022-09-30 10:00:00,SHORT,0.49,0.48,tp,0.004025,1,0.7087,3
2022-09-30 11:00:00,SHORT,0.48,0.48,tp,0.004025,1,0.7296,3
2022-10-01 00:00:00,LONG,0.47,0.47,sl,-0.004,0,0.7011,4
2022-10-01 01:00:00,LONG,0.47,0.47,tp,0.004,1,0.6792,4
2022-10-01 13:00:00,SHORT,0.48,0.48,tp,0.004025,1,0.7305,4
2022-10-02 10:00:00,SHORT,0.46,0.46,sl,-0.003991,0,0.7334,4
2022-10-02 11:00:00,SHORT,0.46,0.46,tp,0.004025,1,0.6793,4
2022-10-02 12:00:00,SHORT,0.46,0.46,sl,-0.003991,0,0.6584,4
2022-10-02 22:00:00,SHORT,0.45,0.45,tp,0.004025,1,0.6724,4
2022-10-02 23:00:00,LONG,0.45,0.45,tp,0.004,1,0.7304,4
2022-10-03 04:00:00,LONG,0.44,0.44,tp,0.004,1,0.7577,4
2022-10-03 06:00:00,LONG,0.44,0.44,tp,0.004,1,0.6865,4
2022-10-03 23:00:00,LONG,0.46,0.46,sl,-0.004,0,0.687,4
2022-10-04 09:00:00,SHORT,0.47,0.47,sl,-0.003991,0,0.688,4
2022-10-04 11:00:00,SHORT,0.47,0.47,tp,0.004025,1,0.6937,4
2022-10-04 13:00:00,SHORT,0.48,0.48,tp,0.004025,1,0.7298,4
2022-10-04 23:00:00,LONG,0.48,0.48,sl,-0.004,0,0.6596,4
2022-10-05 05:00:00,SHORT,0.49,0.49,tp,0.004025,1,0.7221,4
2022-10-05 14:00:00,SHORT,0.48,0.48,sl,-0.003991,0,0.6701,4
2022-10-05 15:00:00,SHORT,0.49,0.49,sl,-0.003991,0,0.707,4
2022-10-05 16:00:00,SHORT,0.49,0.49,sl,-0.003991,0,0.6643,4
2022-10-05 17:00:00,SHORT,0.49,0.5,sl,-0.003991,0,0.6904,4
2022-10-05 23:00:00,LONG,0.49,0.49,tp,0.004,1,0.7314,4
2022-10-07 17:00:00,SHORT,0.51,0.51,sl,-0.003991,0,0.6985,4
2022-10-07 18:00:00,LONG,0.52,0.52,tp,0.004,1,0.7764,4
2022-10-07 19:00:00,LONG,0.52,0.52,sl,-0.004,0,0.7173,4
2022-10-07 23:00:00,LONG,0.52,0.52,tp,0.004,1,0.6839,4
2022-10-08 03:00:00,SHORT,0.53,0.52,tp,0.004025,1,0.6881,4
2022-10-10 08:00:00,SHORT,0.51,0.52,sl,-0.003991,0,0.6728,4
2022-10-10 22:00:00,SHORT,0.5,0.5,tp,0.004025,1,0.7375,4
2022-10-10 23:00:00,LONG,0.49,0.5,tp,0.004,1,0.803,4
2022-10-11 00:00:00,SHORT,0.5,0.49,tp,0.004025,1,0.661,4
2022-10-11 03:00:00,LONG,0.49,0.49,sl,-0.004,0,0.6797,4
2022-10-11 05:00:00,LONG,0.49,0.49,tp,0.004,1,0.755,4
2022-10-11 06:00:00,LONG,0.49,0.49,sl,-0.004,0,0.6784,4
2022-10-11 09:00:00,LONG,0.48,0.48,tp,0.004,1,0.7438,4
2022-10-11 18:00:00,LONG,0.49,0.49,tp,0.004,1,0.7477,4
2022-10-11 20:00:00,LONG,0.49,0.49,sl,-0.004,0,0.708,4
2022-10-11 21:00:00,LONG,0.49,0.49,sl,-0.004,0,0.6673,4
2022-10-11 23:00:00,LONG,0.49,0.49,tp,0.004,1,0.7437,4
2022-10-13 06:00:00,LONG,0.46,0.46,sl,-0.004,0,0.7062,4
2022-10-13 07:00:00,LONG,0.46,0.46,tp,0.004,1,0.7359,4
2022-10-13 08:00:00,LONG,0.46,0.46,tp,0.004,1,0.6688,4
2022-10-13 09:00:00,LONG,0.46,0.45,sl,-0.004,0,0.6531,4
2022-10-13 10:00:00,LONG,0.45,0.45,tp,0.004,1,0.7132,4
2022-10-13 11:00:00,SHORT,0.46,0.45,tp,0.004025,1,0.6772,4
2022-10-13 12:00:00,SHORT,0.46,0.46,tp,0.004025,1,0.7623,4
2022-10-13 13:00:00,SHORT,0.47,0.47,tp,0.004025,1,0.7553,4
2022-10-13 14:00:00,SHORT,0.47,0.47,sl,-0.003991,0,0.6715,4
2022-10-13 15:00:00,SHORT,0.48,0.48,sl,-0.003991,0,0.7399,4
2022-10-13 16:00:00,SHORT,0.48,0.48,sl,-0.003991,0,0.7254,4
2022-10-13 18:00:00,SHORT,0.49,0.49,sl,-0.003991,0,0.681,4
2022-10-13 23:00:00,LONG,0.48,0.48,tp,0.004,1,0.72,4
2022-10-14 01:00:00,SHORT,0.5,0.5,sl,-0.003991,0,0.6777,4
2022-10-14 02:00:00,SHORT,0.5,0.5,tp,0.004025,1,0.7122,4
2022-10-14 12:00:00,SHORT,0.51,0.5,tp,0.004025,1,0.7013,4
2022-10-14 21:00:00,LONG,0.48,0.48,tp,0.004,1,0.6819,4
2022-10-14 23:00:00,SHORT,0.49,0.49,tp,0.004025,1,0.6578,4
2022-10-19 23:00:00,LONG,0.45,0.45,tp,0.004,1,0.6702,4
2022-10-20 18:00:00,LONG,0.44,0.44,sl,-0.004,0,0.6792,4
2022-10-20 20:00:00,LONG,0.44,0.44,tp,0.004,1,0.6758,4
2022-10-20 22:00:00,SHORT,0.45,0.45,tp,0.004025,1,0.6717,4
2022-10-20 23:00:00,SHORT,0.45,0.44,tp,0.004025,1,0.6825,4
2022-11-04 09:00:00,SHORT,0.5,0.5,tp,0.004025,1,0.7917,4
2022-11-04 10:00:00,LONG,0.49,0.49,sl,-0.004,0,0.6969,4
2022-11-04 11:00:00,LONG,0.49,0.49,tp,0.004,1,0.6708,4
2022-11-04 13:00:00,SHORT,0.5,0.5,sl,-0.003991,0,0.6676,4
2022-11-04 15:00:00,LONG,0.49,0.49,tp,0.004,1,0.7374,4
2022-11-04 23:00:00,SHORT,0.51,0.5,tp,0.004025,1,0.7578,4
2022-11-06 01:00:00,LONG,0.49,0.49,tp,0.004,1,0.6513,4
2022-11-06 23:00:00,LONG,0.47,0.47,tp,0.004,1,0.6613,4
2022-11-08 02:00:00,LONG,0.45,0.45,sl,-0.004,0,0.7238,4
2022-11-08 03:00:00,LONG,0.44,0.44,tp,0.004,1,0.7912,4
2022-11-08 04:00:00,LONG,0.43,0.43,tp,0.004,1,0.8116,4
2022-11-08 05:00:00,LONG,0.43,0.43,tp,0.004,1,0.7443,4
2022-11-08 06:00:00,SHORT,0.44,0.44,sl,-0.003991,0,0.7662,4
2022-11-08 07:00:00,SHORT,0.44,0.44,tp,0.004025,1,0.7007,4
2022-11-08 08:00:00,SHORT,0.44,0.44,sl,-0.003991,0,0.6749,4
2022-11-08 17:00:00,LONG,0.43,0.43,tp,0.004,1,0.8613,4
2022-11-08 18:00:00,LONG,0.41,0.41,tp,0.004,1,0.9272,4
2022-11-08 19:00:00,LONG,0.4,0.4,tp,0.004,1,0.88,4
2022-11-08 20:00:00,SHORT,0.4,0.4,sl,-0.003991,0,0.8395,4
2022-11-08 21:00:00,SHORT,0.4,0.4,tp,0.004025,1,0.8549,4
2022-11-08 22:00:00,LONG,0.4,0.4,tp,0.004,1,0.8194,4
2022-11-08 23:00:00,SHORT,0.41,0.4,tp,0.004025,1,0.8144,4
2022-11-09 00:00:00,LONG,0.4,0.4,tp,0.004,1,0.8757,4
2022-11-09 01:00:00,LONG,0.39,0.39,sl,-0.004,0,0.8609,4
2022-11-09 02:00:00,LONG,0.39,0.39,tp,0.004,1,0.9252,4
2022-11-09 03:00:00,SHORT,0.39,0.39,tp,0.004025,1,0.8274,4
2022-11-09 04:00:00,LONG,0.39,0.39,tp,0.004,1,0.7929,4
2022-11-09 05:00:00,LONG,0.39,0.39,tp,0.004,1,0.7886,4
2022-11-09 06:00:00,SHORT,0.39,0.39,tp,0.004025,1,0.7364,4
2022-11-09 07:00:00,SHORT,0.39,0.38,tp,0.004025,1,0.762,4
2022-11-09 08:00:00,LONG,0.38,0.38,sl,-0.004,0,0.8957,4
2022-11-09 09:00:00,LONG,0.37,0.37,tp,0.004,1,0.9236,4
2022-11-09 10:00:00,LONG,0.37,0.37,tp,0.004,1,0.8694,4
2022-11-09 11:00:00,SHORT,0.38,0.38,sl,-0.003991,0,0.8418,4
2022-11-09 12:00:00,LONG,0.38,0.38,tp,0.004,1,0.7829,4
2022-11-09 13:00:00,SHORT,0.38,0.38,tp,0.004025,1,0.7662,4
2022-11-09 14:00:00,LONG,0.38,0.38,tp,0.004,1,0.7701,4
2022-11-09 15:00:00,LONG,0.36,0.36,tp,0.004,1,0.9319,4
2022-11-09 16:00:00,LONG,0.36,0.36,tp,0.004,1,0.8749,4
2022-11-09 17:00:00,LONG,0.36,0.36,sl,-0.004,0,0.9178,4
2022-11-09 18:00:00,LONG,0.35,0.35,tp,0.004,1,0.9262,4
2022-11-09 19:00:00,LONG,0.36,0.36,tp,0.004,1,0.7842,4
2022-11-09 20:00:00,LONG,0.35,0.35,sl,-0.004,0,0.8587,4
2022-11-09 21:00:00,LONG,0.33,0.33,tp,0.004,1,0.9184,4
2022-11-09 22:00:00,LONG,0.33,0.33,tp,0.004,1,0.8856,4
2022-11-09 23:00:00,LONG,0.33,0.33,tp,0.004,1,0.8673,4
2022-11-10 00:00:00,SHORT,0.35,0.35,tp,0.004025,1,0.8361,4
2022-11-10 01:00:00,LONG,0.34,0.34,tp,0.004,1,0.8486,4
2022-11-10 02:00:00,LONG,0.34,0.35,tp,0.004,1,0.7637,4
2022-11-10 03:00:00,SHORT,0.35,0.35,tp,0.004025,1,0.8129,4
2022-11-10 04:00:00,SHORT,0.36,0.36,sl,-0.003991,0,0.8051,4
2022-11-10 05:00:00,SHORT,0.37,0.37,tp,0.004025,1,0.8577,4
2022-11-10 06:00:00,LONG,0.37,0.37,tp,0.004,1,0.8229,4
2022-11-10 07:00:00,LONG,0.37,0.37,sl,-0.004,0,0.7763,4
2022-11-10 08:00:00,SHORT,0.36,0.36,tp,0.004025,1,0.8081,4
2022-11-10 09:00:00,LONG,0.36,0.36,sl,-0.004,0,0.7569,4
2022-11-10 10:00:00,LONG,0.36,0.36,tp,0.004,1,0.8269,4
2022-11-10 11:00:00,LONG,0.36,0.36,tp,0.004,1,0.7626,4
2022-11-10 12:00:00,SHORT,0.37,0.36,tp,0.004025,1,0.8119,4
2022-11-10 13:00:00,SHORT,0.39,0.39,tp,0.004025,1,0.8484,4
2022-11-10 14:00:00,SHORT,0.39,0.39,tp,0.004025,1,0.7858,4
2022-11-10 15:00:00,SHORT,0.39,0.39,tp,0.004025,1,0.7492,4
2022-11-10 16:00:00,SHORT,0.39,0.39,tp,0.004025,1,0.741,4
2022-11-10 17:00:00,LONG,0.38,0.38,tp,0.004,1,0.8077,4
2022-11-10 18:00:00,LONG,0.38,0.38,tp,0.004,1,0.7132,4
2022-11-10 19:00:00,SHORT,0.39,0.39,tp,0.004025,1,0.7528,4
2022-11-10 20:00:00,SHORT,0.4,0.4,tp,0.004025,1,0.7798,4
2022-11-10 21:00:00,SHORT,0.4,0.4,tp,0.004025,1,0.7075,4
2022-11-10 22:00:00,LONG,0.4,0.4,tp,0.004,1,0.6716,4
2022-11-10 23:00:00,LONG,0.39,0.4,tp,0.004,1,0.7501,4
2022-11-11 01:00:00,LONG,0.39,0.39,sl,-0.004,0,0.8227,4
2022-11-11 02:00:00,LONG,0.38,0.38,sl,-0.004,0,0.7603,4
2022-11-11 03:00:00,LONG,0.38,0.38,tp,0.004,1,0.8186,4
2022-11-11 04:00:00,LONG,0.38,0.38,tp,0.004,1,0.6739,4
2022-11-11 05:00:00,SHORT,0.39,0.39,tp,0.004025,1,0.7369,4
2022-11-11 06:00:00,SHORT,0.39,0.38,tp,0.004025,1,0.6705,4
2022-11-11 07:00:00,SHORT,0.39,0.39,sl,-0.003991,0,0.7235,4
2022-11-11 08:00:00,SHORT,0.39,0.39,tp,0.004025,1,0.7278,4
2022-11-11 09:00:00,SHORT,0.39,0.39,tp,0.004025,1,0.6954,4
2022-11-11 11:00:00,LONG,0.39,0.39,tp,0.004,1,0.6785,4
2022-11-11 12:00:00,SHORT,0.39,0.39,sl,-0.003991,0,0.6607,4
2022-11-11 13:00:00,SHORT,0.39,0.39,tp,0.004025,1,0.6632,4
2022-11-11 14:00:00,LONG,0.38,0.38,sl,-0.004,0,0.8632,4
2022-11-11 15:00:00,LONG,0.38,0.37,sl,-0.004,0,0.7562,4
2022-11-11 16:00:00,LONG,0.37,0.38,tp,0.004,1,0.7746,4
2022-11-11 17:00:00,SHORT,0.38,0.37,tp,0.004025,1,0.6648,4
2022-11-11 18:00:00,LONG,0.38,0.37,sl,-0.004,0,0.6542,4
2022-11-11 19:00:00,LONG,0.38,0.37,sl,-0.004,0,0.6844,4
2022-11-11 20:00:00,LONG,0.37,0.37,tp,0.004,1,0.8223,4
2022-11-11 21:00:00,LONG,0.38,0.38,tp,0.004,1,0.6749,4
2022-11-11 22:00:00,SHORT,0.38,0.38,tp,0.004025,1,0.6813,4
2022-11-11 23:00:00,SHORT,0.38,0.38,tp,0.004025,1,0.7793,4
2022-11-12 00:00:00,LONG,0.38,0.38,sl,-0.004,0,0.7073,4
2022-11-12 04:00:00,LONG,0.37,0.37,tp,0.004,1,0.8155,4
2022-11-12 05:00:00,LONG,0.37,0.37,tp,0.004,1,0.7772,4
2022-11-12 07:00:00,LONG,0.37,0.37,sl,-0.004,0,0.6516,4
2022-11-13 08:00:00,LONG,0.35,0.35,tp,0.004,1,0.7085,4
2022-11-13 12:00:00,SHORT,0.35,0.35,sl,-0.003991,0,0.6519,4
2022-11-13 15:00:00,LONG,0.35,0.35,sl,-0.004,0,0.7115,4
2022-11-13 16:00:00,LONG,0.35,0.35,sl,-0.004,0,0.6929,4
2022-11-13 17:00:00,LONG,0.35,0.34,sl,-0.004,0,0.6502,4
2022-11-13 18:00:00,LONG,0.34,0.34,sl,-0.004,0,0.6794,4
2022-11-13 19:00:00,LONG,0.34,0.34,sl,-0.004,0,0.6631,4
2022-11-13 20:00:00,LONG,0.34,0.34,tp,0.004,1,0.849,4
2022-11-13 21:00:00,LONG,0.34,0.34,tp,0.004,1,0.8027,4
2022-11-14 00:00:00,SHORT,0.35,0.34,tp,0.004025,1,0.6584,4
2022-11-14 01:00:00,LONG,0.33,0.33,sl,-0.004,0,0.8567,4
2022-11-14 02:00:00,LONG,0.33,0.33,sl,-0.004,0,0.6983,4
2022-11-14 03:00:00,LONG,0.33,0.33,sl,-0.004,0,0.8236,4
2022-11-14 04:00:00,LONG,0.33,0.33,sl,-0.004,0,0.8533,4
2022-11-14 05:00:00,LONG,0.32,0.33,tp,0.004,1,0.8428,4
2022-11-14 06:00:00,SHORT,0.34,0.34,tp,0.004025,1,0.8041,4
2022-11-14 07:00:00,SHORT,0.35,0.35,sl,-0.003991,0,0.7961,4
2022-11-14 08:00:00,SHORT,0.35,0.34,tp,0.004025,1,0.7398,4
2022-11-14 09:00:00,SHORT,0.35,0.35,sl,-0.003991,0,0.7243,4
2022-11-14 10:00:00,SHORT,0.35,0.35,sl,-0.003991,0,0.7465,4
2022-11-14 11:00:00,SHORT,0.35,0.35,sl,-0.003991,0,0.7255,4
2022-11-14 12:00:00,SHORT,0.35,0.35,tp,0.004025,1,0.8103,4
2022-11-14 13:00:00,LONG,0.35,0.35,sl,-0.004,0,0.7683,4
2022-11-14 14:00:00,LONG,0.35,0.35,sl,-0.004,0,0.6974,4
2022-11-14 15:00:00,LONG,0.35,0.35,sl,-0.004,0,0.7217,4
2022-11-14 16:00:00,LONG,0.34,0.34,tp,0.004,1,0.7852,4
2022-11-14 17:00:00,SHORT,0.34,0.34,sl,-0.003991,0,0.679,4
2022-11-14 19:00:00,SHORT,0.35,0.35,sl,-0.003991,0,0.7469,4
2022-11-14 20:00:00,SHORT,0.37,0.37,tp,0.004025,1,0.8154,4
2022-11-14 21:00:00,SHORT,0.37,0.37,tp,0.004025,1,0.7947,4
2022-11-14 22:00:00,LONG,0.37,0.37,tp,0.004,1,0.7548,4
2022-11-14 23:00:00,SHORT,0.38,0.38,tp,0.004025,1,0.8224,4
2022-11-15 00:00:00,LONG,0.38,0.37,sl,-0.004,0,0.7761,4
2022-11-15 01:00:00,LONG,0.37,0.37,sl,-0.004,0,0.6946,4
2022-11-15 02:00:00,LONG,0.37,0.37,tp,0.004,1,0.6902,4
2022-11-15 03:00:00,LONG,0.37,0.37,tp,0.004,1,0.7265,4
2022-11-15 05:00:00,SHORT,0.37,0.38,sl,-0.003991,0,0.6973,4
2022-11-15 06:00:00,SHORT,0.38,0.38,sl,-0.003991,0,0.6926,4
2022-11-15 07:00:00,SHORT,0.38,0.38,sl,-0.003991,0,0.7315,4
2022-11-15 08:00:00,SHORT,0.38,0.38,tp,0.004025,1,0.701,4
2022-11-15 09:00:00,SHORT,0.38,0.38,sl,-0.003991,0,0.7027,4
2022-11-15 10:00:00,SHORT,0.38,0.38,tp,0.004025,1,0.7084,4
2022-11-15 11:00:00,LONG,0.38,0.38,tp,0.004,1,0.6771,4
2022-11-15 12:00:00,SHORT,0.38,0.38,sl,-0.003991,0,0.6927,4
2022-11-15 13:00:00,SHORT,0.39,0.39,tp,0.004025,1,0.7361,4
2022-11-15 14:00:00,SHORT,0.39,0.39,tp,0.004025,1,0.692,4
2022-11-15 15:00:00,SHORT,0.39,0.39,sl,-0.003991,0,0.7165,4
2022-11-15 16:00:00,SHORT,0.39,0.39,tp,0.004025,1,0.7019,4
2022-11-15 18:00:00,LONG,0.38,0.38,tp,0.004,1,0.7526,4
2022-11-15 20:00:00,LONG,0.38,0.38,tp,0.004,1,0.6637,4
2022-11-15 23:00:00,SHORT,0.39,0.39,tp,0.004025,1,0.6951,4
2022-11-16 00:00:00,LONG,0.38,0.38,tp,0.004,1,0.7024,4
2022-11-16 11:00:00,LONG,0.38,0.38,sl,-0.004,0,0.7177,4
2022-11-16 12:00:00,LONG,0.37,0.38,tp,0.004,1,0.6947,4
2022-11-16 13:00:00,LONG,0.37,0.37,sl,-0.004,0,0.7233,4
2022-11-16 14:00:00,LONG,0.37,0.37,sl,-0.004,0,0.7585,4
2022-11-16 15:00:00,LONG,0.37,0.37,tp,0.004,1,0.8088,4
2022-11-20 21:00:00,LONG,0.36,0.36,tp,0.004,1,0.7137,4
2022-11-20 23:00:00,LONG,0.36,0.36,sl,-0.004,0,0.777,4
2022-11-21 01:00:00,LONG,0.35,0.36,tp,0.004,1,0.7736,4
2022-11-21 02:00:00,LONG,0.35,0.35,tp,0.004,1,0.8441,4
2022-11-21 06:00:00,LONG,0.36,0.35,sl,-0.004,0,0.6841,4
2022-11-21 07:00:00,LONG,0.35,0.35,tp,0.004,1,0.7304,4
2022-11-21 09:00:00,LONG,0.35,0.35,tp,0.004,1,0.6519,4
2022-11-21 11:00:00,LONG,0.35,0.35,tp,0.004,1,0.6879,4
2022-11-21 19:00:00,LONG,0.35,0.36,tp,0.004,1,0.7258,4
2022-11-21 23:00:00,SHORT,0.36,0.36,tp,0.004025,1,0.6633,4
2022-11-22 01:00:00,LONG,0.36,0.36,tp,0.004,1,0.6783,4
2022-11-24 14:00:00,SHORT,0.39,0.39,tp,0.004025,1,0.6558,4
2022-11-24 16:00:00,SHORT,0.39,0.39,sl,-0.003991,0,0.6923,4
2022-11-24 17:00:00,SHORT,0.4,0.4,tp,0.004025,1,0.6729,4
2022-11-24 19:00:00,SHORT,0.4,0.4,tp,0.004025,1,0.6975,4
2022-11-24 23:00:00,LONG,0.4,0.4,sl,-0.004,0,0.6557,4
2022-11-25 06:00:00,SHORT,0.42,0.41,tp,0.004025,1,0.7825,4
2022-11-25 07:00:00,SHORT,0.42,0.41,tp,0.004025,1,0.7455,4
2022-11-25 08:00:00,SHORT,0.41,0.41,tp,0.004025,1,0.6852,4
2022-11-25 10:00:00,LONG,0.41,0.41,tp,0.004,1,0.6816,4
2022-11-28 01:00:00,LONG,0.37,0.38,tp,0.004,1,0.7613,4
2022-11-28 11:00:00,LONG,0.38,0.38,tp,0.004,1,0.7167,4
2022-11-30 00:00:00,SHORT,0.41,0.4,tp,0.004025,1,0.7131,4
2022-11-30 23:00:00,LONG,0.41,0.41,sl,-0.004,0,0.6513,4
2022-12-16 17:00:00,LONG,0.36,0.36,tp,0.004,1,0.6757,4
2022-12-16 22:00:00,LONG,0.35,0.35,sl,-0.004,0,0.7218,4
2022-12-16 23:00:00,LONG,0.35,0.35,tp,0.004,1,0.6802,4
2022-12-17 05:00:00,LONG,0.35,0.35,tp,0.004,1,0.6555,4
2022-12-17 17:00:00,LONG,0.35,0.35,tp,0.004,1,0.6657,4
2022-12-17 18:00:00,LONG,0.35,0.35,sl,-0.004,0,0.6562,4
2022-12-18 15:00:00,LONG,0.35,0.35,sl,-0.004,0,0.6931,4
2022-12-19 18:00:00,LONG,0.33,0.33,tp,0.004,1,0.6916,4
2022-12-28 23:00:00,LONG,0.36,0.35,sl,-0.004,0,0.6734,4
2022-12-29 20:00:00,LONG,0.34,0.34,sl,-0.004,0,0.6572,4
2022-12-29 21:00:00,LONG,0.34,0.34,tp,0.004,1,0.6632,4
2023-01-02 01:00:00,SHORT,0.33,0.33,sl,-0.003991,0,0.6974,5
2023-01-02 15:00:00,SHORT,0.35,0.35,sl,-0.003991,0,0.6525,5
2023-01-02 17:00:00,SHORT,0.35,0.35,tp,0.004025,1,0.6863,5
2023-01-11 04:00:00,LONG,0.37,0.37,sl,-0.004,0,0.6619,5
2023-01-11 14:00:00,SHORT,0.37,0.37,tp,0.004025,1,0.6988,5
2023-01-13 23:00:00,SHORT,0.39,0.39,sl,-0.003991,0,0.665,5
2023-01-14 00:00:00,SHORT,0.39,0.39,sl,-0.003991,0,0.7428,5
2023-01-14 01:00:00,SHORT,0.4,0.4,tp,0.004025,1,0.7709,5
2023-01-14 02:00:00,SHORT,0.4,0.4,tp,0.004025,1,0.6896,5
2023-01-14 06:00:00,SHORT,0.41,0.4,tp,0.004025,1,0.7477,5
2023-01-14 08:00:00,SHORT,0.41,0.41,tp,0.004025,1,0.651,5
2023-01-14 09:00:00,LONG,0.39,0.39,sl,-0.004,0,0.7087,5
2023-01-15 08:00:00,LONG,0.38,0.38,tp,0.004,1,0.6698,5
2023-01-16 03:00:00,SHORT,0.41,0.4,tp,0.004025,1,0.7196,5
2023-01-16 08:00:00,SHORT,0.38,0.38,sl,-0.003991,0,0.6628,5
2023-01-18 16:00:00,SHORT,0.38,0.37,tp,0.004025,1,0.7877,5
2023-01-18 19:00:00,SHORT,0.39,0.39,tp,0.004025,1,0.7058,5
2023-01-18 23:00:00,SHORT,0.38,0.38,sl,-0.003991,0,0.6736,5
2023-01-20 23:00:00,SHORT,0.41,0.41,tp,0.004025,1,0.6684,5
2023-01-23 08:00:00,SHORT,0.42,0.42,tp,0.004025,1,0.7478,5
2023-01-23 12:00:00,SHORT,0.43,0.42,tp,0.004025,1,0.7025,5
2023-01-23 14:00:00,LONG,0.42,0.42,tp,0.004,1,0.6718,5
2023-01-24 23:00:00,SHORT,0.41,0.41,tp,0.004025,1,0.7059,5
2023-02-09 22:00:00,LONG,0.38,0.38,tp,0.004,1,0.7447,5
2023-02-09 23:00:00,SHORT,0.38,0.38,sl,-0.003991,0,0.7451,5
2023-02-15 20:00:00,SHORT,0.4,0.4,tp,0.004025,1,0.7062,5
2023-02-16 22:00:00,LONG,0.39,0.39,sl,-0.004,0,0.7137,5
2023-02-16 23:00:00,LONG,0.38,0.39,tp,0.004,1,0.7838,5
2023-02-20 23:00:00,LONG,0.4,0.4,sl,-0.004,0,0.656,5
2023-03-08 12:00:00,SHORT,0.39,0.39,sl,-0.003991,0,0.6897,5
2023-03-08 13:00:00,SHORT,0.4,0.39,tp,0.004025,1,0.6639,5
2023-03-08 22:00:00,LONG,0.39,0.39,tp,0.004,1,0.6956,5
2023-03-08 23:00:00,LONG,0.39,0.39,tp,0.004,1,0.7244,5
2023-03-09 09:00:00,SHORT,0.39,0.4,sl,-0.003991,0,0.693,5
2023-03-09 19:00:00,LONG,0.38,0.38,sl,-0.004,0,0.6961,5
2023-03-09 20:00:00,LONG,0.37,0.37,tp,0.004,1,0.8672,5
2023-03-09 21:00:00,LONG,0.37,0.37,tp,0.004,1,0.7241,5
2023-03-09 23:00:00,SHORT,0.37,0.37,tp,0.004025,1,0.7091,5
2023-03-10 09:00:00,LONG,0.36,0.36,sl,-0.004,0,0.6838,5
2023-03-10 10:00:00,LONG,0.36,0.36,tp,0.004,1,0.7278,5
2023-03-10 11:00:00,LONG,0.36,0.36,tp,0.004,1,0.6608,5
2023-03-10 13:00:00,LONG,0.37,0.37,sl,-0.004,0,0.6577,5
2023-03-10 14:00:00,LONG,0.37,0.37,tp,0.004,1,0.6694,5
2023-03-11 12:00:00,LONG,0.36,0.36,sl,-0.004,0,0.6624,5
2023-03-12 23:00:00,SHORT,0.37,0.37,tp,0.004025,1,0.675,5
2023-03-13 14:00:00,SHORT,0.37,0.37,sl,-0.003991,0,0.6503,5
2023-03-14 14:00:00,SHORT,0.38,0.38,sl,-0.003991,0,0.674,5
2023-03-14 20:00:00,LONG,0.37,0.37,sl,-0.004,0,0.6608,5
2023-03-15 16:00:00,LONG,0.36,0.36,tp,0.004,1,0.7197,5
2023-03-19 10:00:00,SHORT,0.39,0.39,tp,0.004025,1,0.7039,5
2023-03-19 11:00:00,SHORT,0.39,0.39,sl,-0.003991,0,0.6548,5
2023-03-19 12:00:00,SHORT,0.39,0.39,tp,0.004025,1,0.7156,5
2023-03-19 20:00:00,LONG,0.39,0.39,tp,0.004,1,0.6779,5
2023-03-19 23:00:00,LONG,0.39,0.39,tp,0.004,1,0.7145,5
2023-03-20 03:00:00,LONG,0.38,0.38,sl,-0.004,0,0.6874,5
2023-03-20 16:00:00,LONG,0.37,0.38,tp,0.004,1,0.6715,5
2023-03-20 17:00:00,LONG,0.37,0.38,tp,0.004,1,0.704,5
2023-03-20 23:00:00,LONG,0.37,0.38,tp,0.004,1,0.6564,5
2023-03-21 12:00:00,SHORT,0.4,0.4,sl,-0.003991,0,0.6848,5
2023-03-21 13:00:00,SHORT,0.42,0.42,tp,0.004025,1,0.8478,5
2023-03-21 14:00:00,SHORT,0.42,0.42,tp,0.004025,1,0.7812,5
2023-03-21 15:00:00,SHORT,0.43,0.43,sl,-0.003991,0,0.7753,5
2023-03-21 16:00:00,SHORT,0.44,0.44,sl,-0.003991,0,0.8367,5
2023-03-21 17:00:00,SHORT,0.45,0.45,tp,0.004025,1,0.8375,5
2023-03-21 18:00:00,LONG,0.45,0.45,tp,0.004,1,0.7611,5
2023-03-21 19:00:00,SHORT,0.47,0.47,tp,0.004025,1,0.8453,5
2023-03-21 20:00:00,SHORT,0.49,0.49,tp,0.004025,1,0.8443,5
2023-03-21 21:00:00,LONG,0.47,0.47,tp,0.004,1,0.8908,5
2023-03-21 22:00:00,LONG,0.46,0.46,tp,0.004,1,0.8733,5
2023-03-21 23:00:00,SHORT,0.47,0.47,tp,0.004025,1,0.827,5
2023-03-22 00:00:00,LONG,0.46,0.46,sl,-0.004,0,0.8444,5
2023-03-22 01:00:00,LONG,0.45,0.46,tp,0.004,1,0.7999,5
2023-03-22 02:00:00,SHORT,0.46,0.46,tp,0.004025,1,0.7669,5
2023-03-22 03:00:00,LONG,0.46,0.46,tp,0.004,1,0.6924,5
2023-03-22 04:00:00,SHORT,0.47,0.47,tp,0.004025,1,0.8413,5
2023-03-22 05:00:00,SHORT,0.47,0.47,tp,0.004025,1,0.7041,5
2023-03-22 06:00:00,LONG,0.46,0.46,tp,0.004,1,0.6707,5
2023-03-22 07:00:00,LONG,0.46,0.46,tp,0.004,1,0.7563,5
2023-03-22 08:00:00,LONG,0.45,0.45,sl,-0.004,0,0.7995,5
2023-03-22 09:00:00,LONG,0.45,0.45,tp,0.004,1,0.8146,5
2023-03-22 10:00:00,LONG,0.45,0.45,sl,-0.004,0,0.7536,5
2023-03-22 11:00:00,LONG,0.44,0.45,tp,0.004,1,0.8542,5
2023-03-22 12:00:00,LONG,0.44,0.44,tp,0.004,1,0.8073,5
2023-03-22 13:00:00,LONG,0.44,0.45,tp,0.004,1,0.7416,5
2023-03-22 14:00:00,SHORT,0.44,0.44,tp,0.004025,1,0.7134,5
2023-03-22 15:00:00,LONG,0.44,0.44,tp,0.004,1,0.887,5
2023-03-22 16:00:00,LONG,0.44,0.44,tp,0.004,1,0.7665,5
2023-03-22 17:00:00,LONG,0.44,0.44,tp,0.004,1,0.7296,5
2023-03-22 18:00:00,LONG,0.44,0.43,sl,-0.004,0,0.7444,5
2023-03-22 19:00:00,LONG,0.41,0.41,tp,0.004,1,0.9355,5
2023-03-22 20:00:00,LONG,0.42,0.42,sl,-0.004,0,0.8411,5
2023-03-22 21:00:00,LONG,0.42,0.42,tp,0.004,1,0.7795,5
2023-03-22 22:00:00,SHORT,0.42,0.42,sl,-0.003991,0,0.6835,5
2023-03-22 23:00:00,SHORT,0.42,0.42,tp,0.004025,1,0.768,5
2023-03-23 00:00:00,LONG,0.42,0.42,sl,-0.004,0,0.6709,5
2023-03-23 01:00:00,LONG,0.41,0.42,tp,0.004,1,0.8623,5
2023-03-23 02:00:00,SHORT,0.42,0.42,sl,-0.003991,0,0.6589,5
2023-03-23 07:00:00,SHORT,0.45,0.44,tp,0.004025,1,0.8074,5
2023-03-23 08:00:00,LONG,0.44,0.44,tp,0.004,1,0.745,5
2023-03-23 09:00:00,LONG,0.44,0.44,tp,0.004,1,0.6996,5
2023-03-23 10:00:00,SHORT,0.44,0.44,tp,0.004025,1,0.6506,5
2023-03-23 11:00:00,SHORT,0.45,0.45,tp,0.004025,1,0.7902,5
2023-03-23 12:00:00,SHORT,0.45,0.44,tp,0.004025,1,0.7111,5
2023-03-23 13:00:00,LONG,0.44,0.44,tp,0.004,1,0.7734,5
2023-03-23 14:00:00,SHORT,0.45,0.45,tp,0.004025,1,0.7467,5
2023-03-23 15:00:00,SHORT,0.45,0.45,tp,0.004025,1,0.7134,5
2023-03-23 16:00:00,SHORT,0.45,0.45,tp,0.004025,1,0.7372,5
2023-03-23 17:00:00,LONG,0.44,0.45,tp,0.004,1,0.8306,5
2023-03-23 18:00:00,LONG,0.44,0.44,tp,0.004,1,0.7934,5
2023-03-23 19:00:00,LONG,0.44,0.44,sl,-0.004,0,0.694,5
2023-03-23 23:00:00,SHORT,0.44,0.44,tp,0.004025,1,0.6894,5
2023-03-24 00:00:00,LONG,0.44,0.44,tp,0.004,1,0.6926,5
2023-03-24 02:00:00,LONG,0.43,0.44,tp,0.004,1,0.7152,5
2023-03-24 03:00:00,LONG,0.43,0.43,tp,0.004,1,0.7324,5
2023-03-24 08:00:00,LONG,0.43,0.43,tp,0.004,1,0.7433,5
2023-03-24 09:00:00,LONG,0.43,0.43,tp,0.004,1,0.6617,5
2023-03-24 17:00:00,LONG,0.42,0.42,tp,0.004,1,0.7162,5
2023-03-24 23:00:00,SHORT,0.43,0.42,tp,0.004025,1,0.737,5
2023-03-25 04:00:00,SHORT,0.45,0.45,tp,0.004025,1,0.7391,5
2023-03-25 05:00:00,SHORT,0.45,0.44,tp,0.004025,1,0.6895,5
2023-03-25 06:00:00,SHORT,0.45,0.45,sl,-0.003991,0,0.6823,5
2023-03-25 14:00:00,SHORT,0.46,0.46,tp,0.004025,1,0.8036,5
2023-03-25 15:00:00,SHORT,0.46,0.46,sl,-0.003991,0,0.7099,5
2023-03-25 16:00:00,SHORT,0.46,0.46,tp,0.004025,1,0.7285,5
2023-03-25 19:00:00,LONG,0.45,0.45,tp,0.004,1,0.7731,5
2023-03-25 22:00:00,LONG,0.44,0.44,sl,-0.004,0,0.7773,5
2023-03-25 23:00:00,LONG,0.44,0.45,tp,0.004,1,0.7654,5
2023-03-26 00:00:00,SHORT,0.45,0.45,tp,0.004025,1,0.6866,5
2023-03-26 07:00:00,SHORT,0.46,0.46,sl,-0.003991,0,0.6682,5
2023-03-26 08:00:00,SHORT,0.46,0.46,sl,-0.003991,0,0.6761,5
2023-03-26 09:00:00,SHORT,0.46,0.46,tp,0.004025,1,0.7051,5
2023-03-26 16:00:00,LONG,0.44,0.45,tp,0.004,1,0.6919,5
2023-03-26 23:00:00,SHORT,0.45,0.45,sl,-0.003991,0,0.6533,5
2023-03-27 07:00:00,SHORT,0.46,0.46,sl,-0.003991,0,0.6635,5
2023-03-27 08:00:00,SHORT,0.47,0.46,tp,0.004025,1,0.6916,5
2023-03-27 11:00:00,SHORT,0.48,0.48,sl,-0.003991,0,0.7924,5
2023-03-27 12:00:00,SHORT,0.48,0.48,tp,0.004025,1,0.7226,5
2023-03-27 13:00:00,SHORT,0.48,0.48,tp,0.004025,1,0.7279,5
2023-03-27 14:00:00,LONG,0.46,0.46,sl,-0.004,0,0.7728,5
2023-03-27 15:00:00,SHORT,0.46,0.46,sl,-0.003991,0,0.7194,5
2023-03-27 16:00:00,SHORT,0.46,0.46,tp,0.004025,1,0.7025,5
2023-03-27 18:00:00,SHORT,0.47,0.47,tp,0.004025,1,0.7495,5
2023-03-27 20:00:00,SHORT,0.47,0.47,tp,0.004025,1,0.7496,5
2023-03-27 21:00:00,SHORT,0.48,0.47,tp,0.004025,1,0.7378,5
2023-03-27 22:00:00,SHORT,0.48,0.48,sl,-0.003991,0,0.7117,5
2023-03-27 23:00:00,SHORT,0.48,0.48,tp,0.004025,1,0.7783,5
2023-03-28 00:00:00,SHORT,0.47,0.47,tp,0.004025,1,0.6576,5
2023-03-28 01:00:00,SHORT,0.48,0.48,tp,0.004025,1,0.7779,5
2023-03-28 02:00:00,SHORT,0.48,0.48,tp,0.004025,1,0.6565,5
2023-03-28 03:00:00,LONG,0.47,0.48,tp,0.004,1,0.664,5
2023-03-28 04:00:00,SHORT,0.49,0.48,tp,0.004025,1,0.783,5
2023-03-28 05:00:00,SHORT,0.49,0.48,tp,0.004025,1,0.7022,5
2023-03-28 06:00:00,SHORT,0.49,0.49,tp,0.004025,1,0.7303,5
2023-03-28 07:00:00,LONG,0.48,0.49,tp,0.004,1,0.6756,5
2023-03-28 08:00:00,SHORT,0.48,0.48,tp,0.004025,1,0.6889,5
2023-03-28 10:00:00,SHORT,0.49,0.49,sl,-0.003991,0,0.7205,5
2023-03-28 11:00:00,SHORT,0.5,0.5,sl,-0.003991,0,0.8098,5
2023-03-28 12:00:00,SHORT,0.5,0.5,tp,0.004025,1,0.7416,5
2023-03-28 13:00:00,SHORT,0.5,0.5,sl,-0.003991,0,0.7322,5
2023-03-28 14:00:00,SHORT,0.5,0.5,tp,0.004025,1,0.7761,5
2023-03-28 16:00:00,SHORT,0.5,0.5,tp,0.004025,1,0.7071,5
2023-03-28 18:00:00,SHORT,0.52,0.52,tp,0.004025,1,0.8127,5
2023-03-28 19:00:00,SHORT,0.52,0.52,sl,-0.003991,0,0.7214,5
2023-03-28 20:00:00,SHORT,0.52,0.53,sl,-0.003991,0,0.7633,5
2023-03-28 21:00:00,SHORT,0.53,0.53,tp,0.004025,1,0.7841,5
2023-03-28 22:00:00,LONG,0.52,0.52,sl,-0.004,0,0.7281,5
2023-03-28 23:00:00,LONG,0.51,0.52,tp,0.004,1,0.8125,5
2023-03-29 00:00:00,SHORT,0.52,0.52,tp,0.004025,1,0.653,5
2023-03-29 01:00:00,SHORT,0.52,0.52,sl,-0.003991,0,0.6506,5
2023-03-29 02:00:00,SHORT,0.53,0.53,sl,-0.003991,0,0.6793,5
2023-03-29 03:00:00,SHORT,0.54,0.53,tp,0.004025,1,0.8009,5
2023-03-29 04:00:00,SHORT,0.54,0.53,tp,0.004025,1,0.7594,5
2023-03-29 05:00:00,SHORT,0.54,0.54,sl,-0.003991,0,0.7508,5
2023-03-29 06:00:00,SHORT,0.54,0.55,sl,-0.003991,0,0.8184,5
2023-03-29 07:00:00,SHORT,0.56,0.55,tp,0.004025,1,0.8325,5
2023-03-29 08:00:00,SHORT,0.57,0.57,tp,0.004025,1,0.8184,5
2023-03-29 09:00:00,LONG,0.57,0.57,sl,-0.004,0,0.8242,5
2023-03-29 10:00:00,LONG,0.57,0.57,tp,0.004,1,0.7955,5
2023-03-29 11:00:00,LONG,0.57,0.57,sl,-0.004,0,0.7342,5
2023-03-29 12:00:00,LONG,0.55,0.55,sl,-0.004,0,0.8468,5
2023-03-29 13:00:00,LONG,0.55,0.56,tp,0.004,1,0.742,5
2023-03-29 14:00:00,LONG,0.54,0.54,sl,-0.004,0,0.796,5
2023-03-29 15:00:00,SHORT,0.54,0.54,tp,0.004025,1,0.7564,5
2023-03-29 16:00:00,LONG,0.54,0.54,tp,0.004,1,0.7543,5
2023-03-29 17:00:00,SHORT,0.55,0.55,tp,0.004025,1,0.7717,5
2023-03-29 20:00:00,LONG,0.55,0.55,tp,0.004,1,0.6552,5
2023-03-29 21:00:00,LONG,0.55,0.55,sl,-0.004,0,0.6801,5
2023-03-29 22:00:00,LONG,0.55,0.54,sl,-0.004,0,0.7058,5
2023-03-29 23:00:00,LONG,0.54,0.55,tp,0.004,1,0.7637,5
2023-03-30 00:00:00,LONG,0.54,0.54,tp,0.004,1,0.7851,5
2023-03-30 01:00:00,LONG,0.53,0.53,tp,0.004,1,0.7659,5
2023-03-30 02:00:00,SHORT,0.54,0.54,tp,0.004025,1,0.7393,5
2023-03-30 03:00:00,SHORT,0.53,0.53,tp,0.004025,1,0.7317,5
2023-03-30 04:00:00,LONG,0.53,0.53,sl,-0.004,0,0.6601,5
2023-03-30 05:00:00,LONG,0.53,0.53,tp,0.004,1,0.6882,5
2023-03-30 06:00:00,SHORT,0.54,0.54,sl,-0.003991,0,0.7183,5
2023-03-30 07:00:00,SHORT,0.54,0.53,tp,0.004025,1,0.6775,5
2023-03-30 08:00:00,LONG,0.53,0.53,sl,-0.004,0,0.7384,5
2023-03-30 10:00:00,SHORT,0.55,0.55,tp,0.004025,1,0.7973,5
2023-03-30 11:00:00,SHORT,0.55,0.55,tp,0.004025,1,0.799,5
2023-03-30 12:00:00,LONG,0.54,0.54,tp,0.004,1,0.7076,5
2023-03-30 13:00:00,LONG,0.54,0.54,tp,0.004,1,0.6597,5
2023-03-30 15:00:00,LONG,0.53,0.54,tp,0.004,1,0.7256,5
2023-03-30 23:00:00,SHORT,0.53,0.53,tp,0.004025,1,0.7273,5
2023-03-31 05:00:00,SHORT,0.54,0.54,sl,-0.003991,0,0.6596,5
2023-04-01 06:00:00,LONG,0.52,0.52,sl,-0.004,0,0.6648,6
2023-04-01 07:00:00,LONG,0.51,0.51,sl,-0.004,0,0.7496,6
2023-04-01 08:00:00,LONG,0.5,0.5,tp,0.004,1,0.8196,6
2023-04-01 09:00:00,LONG,0.51,0.51,tp,0.004,1,0.6936,6
2023-04-01 11:00:00,SHORT,0.52,0.51,tp,0.004025,1,0.7407,6
2023-04-01 16:00:00,LONG,0.51,0.51,tp,0.004,1,0.6713,6
2023-04-02 00:00:00,LONG,0.5,0.51,tp,0.004,1,0.743,6
2023-04-03 20:00:00,LONG,0.49,0.49,tp,0.004,1,0.7647,6
2023-04-03 23:00:00,SHORT,0.5,0.49,tp,0.004025,1,0.714,6
2023-04-04 00:00:00,LONG,0.49,0.49,tp,0.004,1,0.7159,6
2023-04-14 15:00:00,LONG,0.51,0.51,sl,-0.004,0,0.6665,6
2023-04-19 08:00:00,SHORT,0.49,0.49,sl,-0.003991,0,0.8221,6
2023-04-19 09:00:00,SHORT,0.49,0.49,sl,-0.003991,0,0.7449,6
2023-04-19 10:00:00,SHORT,0.49,0.49,sl,-0.003991,0,0.7404,6
2023-04-19 11:00:00,SHORT,0.5,0.5,tp,0.004025,1,0.7313,6
2023-04-19 12:00:00,SHORT,0.5,0.5,sl,-0.003991,0,0.6636,6
2023-04-19 23:00:00,LONG,0.49,0.49,tp,0.004,1,0.7146,6
2023-04-20 15:00:00,SHORT,0.48,0.48,tp,0.004025,1,0.6928,6
2023-04-20 16:00:00,LONG,0.47,0.47,tp,0.004,1,0.6999,6
2023-04-20 17:00:00,LONG,0.47,0.47,tp,0.004,1,0.6996,6
2023-04-20 18:00:00,LONG,0.47,0.47,sl,-0.004,0,0.6681,6
2023-04-21 06:00:00,LONG,0.47,0.47,tp,0.004,1,0.663,6
2023-04-21 15:00:00,LONG,0.46,0.46,tp,0.004,1,0.6745,6
2023-04-21 19:00:00,LONG,0.45,0.45,tp,0.004,1,0.7691,6
2023-04-21 20:00:00,LONG,0.44,0.44,tp,0.004,1,0.8481,6
2023-04-21 21:00:00,LONG,0.44,0.44,tp,0.004,1,0.7781,6
2023-04-21 23:00:00,SHORT,0.45,0.45,tp,0.004025,1,0.6521,6
2023-04-24 00:00:00,SHORT,0.48,0.48,tp,0.004025,1,0.7123,6
2023-04-24 16:00:00,LONG,0.45,0.45,tp,0.004,1,0.6845,6
2023-04-26 19:00:00,LONG,0.45,0.45,tp,0.004,1,0.7721,6
2023-04-26 20:00:00,SHORT,0.45,0.45,tp,0.004025,1,0.7767,6
2023-04-26 21:00:00,SHORT,0.46,0.46,tp,0.004025,1,0.6993,6
2023-04-26 23:00:00,SHORT,0.46,0.46,sl,-0.003991,0,0.7322,6
2023-04-27 00:00:00,SHORT,0.47,0.46,tp,0.004025,1,0.6922,6
2023-04-27 01:00:00,SHORT,0.46,0.46,sl,-0.003991,0,0.6909,6
2023-05-08 17:00:00,LONG,0.42,0.42,tp,0.004,1,0.7656,6
2023-05-08 18:00:00,LONG,0.42,0.42,tp,0.004,1,0.666,6
2023-05-12 18:00:00,LONG,0.42,0.42,tp,0.004,1,0.6518,6
2023-05-17 00:00:00,SHORT,0.45,0.45,sl,-0.003991,0,0.674,6
2023-05-17 01:00:00,SHORT,0.46,0.46,tp,0.004025,1,0.7828,6
2023-05-17 03:00:00,SHORT,0.46,0.46,sl,-0.003991,0,0.682,6
2023-05-17 06:00:00,LONG,0.45,0.45,tp,0.004,1,0.6598,6
2023-05-17 08:00:00,LONG,0.44,0.45,tp,0.004,1,0.657,6
2023-05-17 14:00:00,LONG,0.44,0.44,sl,-0.004,0,0.666,6
2023-05-18 10:00:00,SHORT,0.47,0.47,tp,0.004025,1,0.8566,6
2023-05-18 11:00:00,SHORT,0.47,0.47,sl,-0.003991,0,0.7223,6
2023-05-18 12:00:00,SHORT,0.47,0.47,sl,-0.003991,0,0.6926,6
2023-05-18 17:00:00,LONG,0.45,0.45,sl,-0.004,0,0.6859,6
2023-05-19 14:00:00,SHORT,0.47,0.47,tp,0.004025,1,0.6542,6
2023-05-30 16:00:00,SHORT,0.52,0.52,sl,-0.003991,0,0.8172,6
2023-05-30 17:00:00,SHORT,0.52,0.52,tp,0.004025,1,0.7378,6
2023-05-31 07:00:00,LONG,0.51,0.51,sl,-0.004,0,0.6715,6
2023-05-31 08:00:00,LONG,0.5,0.51,tp,0.004,1,0.7148,6
2023-06-05 15:00:00,LONG,0.5,0.51,tp,0.004,1,0.8033,6
2023-06-05 16:00:00,SHORT,0.5,0.5,tp,0.004025,1,0.7437,6
2023-06-05 17:00:00,LONG,0.5,0.5,sl,-0.004,0,0.723,6
2023-06-05 18:00:00,SHORT,0.5,0.5,tp,0.004025,1,0.6708,6
2023-06-05 23:00:00,SHORT,0.51,0.51,sl,-0.003991,0,0.7315,6
2023-06-06 01:00:00,LONG,0.5,0.51,tp,0.004,1,0.6502,6
2023-06-06 12:00:00,LONG,0.5,0.5,tp,0.004,1,0.7153,6
2023-06-06 19:00:00,SHORT,0.53,0.53,tp,0.004025,1,0.7407,6
2023-06-06 21:00:00,SHORT,0.53,0.53,sl,-0.003991,0,0.6518,6
2023-06-06 23:00:00,SHORT,0.53,0.53,tp,0.004025,1,0.6997,6
2023-06-07 11:00:00,SHORT,0.53,0.53,tp,0.004025,1,0.6576,6
2023-06-07 15:00:00,LONG,0.52,0.52,sl,-0.004,0,0.6602,6
2023-06-07 16:00:00,LONG,0.51,0.51,tp,0.004,1,0.6932,6
2023-06-07 21:00:00,LONG,0.51,0.52,tp,0.004,1,0.6566,6
2023-06-10 04:00:00,LONG,0.5,0.5,tp,0.004,1,0.812,6
2023-06-10 05:00:00,LONG,0.48,0.48,tp,0.004,1,0.8879,6
2023-06-10 06:00:00,SHORT,0.49,0.49,tp,0.004025,1,0.7558,6
2023-06-10 07:00:00,SHORT,0.49,0.49,tp,0.004025,1,0.6759,6
2023-06-10 08:00:00,SHORT,0.49,0.49,tp,0.004025,1,0.6829,6
2023-06-10 12:00:00,LONG,0.49,0.49,tp,0.004,1,0.7751,6
2023-06-10 17:00:00,SHORT,0.51,0.5,tp,0.004025,1,0.7049,6
2023-06-10 18:00:00,LONG,0.5,0.5,tp,0.004,1,0.7198,6
2023-06-13 11:00:00,SHORT,0.56,0.56,tp,0.004025,1,0.865,6
2023-06-13 12:00:00,SHORT,0.54,0.53,tp,0.004025,1,0.8049,6
2023-06-13 13:00:00,LONG,0.53,0.53,tp,0.004,1,0.7829,6
2023-06-13 14:00:00,SHORT,0.53,0.52,tp,0.004025,1,0.7032,6
2023-06-13 15:00:00,LONG,0.51,0.51,tp,0.004,1,0.842,6
2023-06-13 16:00:00,LONG,0.51,0.51,sl,-0.004,0,0.6946,6
2023-06-13 17:00:00,LONG,0.51,0.52,tp,0.004,1,0.7287,6
2023-06-13 23:00:00,SHORT,0.52,0.52,tp,0.004025,1,0.6975,6
2023-06-14 05:00:00,LONG,0.51,0.51,tp,0.004,1,0.6677,6
2023-06-14 07:00:00,LONG,0.5,0.5,tp,0.004,1,0.759,6
2023-06-14 20:00:00,LONG,0.47,0.47,tp,0.004,1,0.9065,6
2023-06-14 21:00:00,SHORT,0.48,0.48,tp,0.004025,1,0.8226,6
2023-06-14 22:00:00,SHORT,0.48,0.48,tp,0.004025,1,0.7701,6
2023-06-14 23:00:00,SHORT,0.48,0.48,tp,0.004025,1,0.7892,6
2023-06-15 06:00:00,LONG,0.48,0.47,sl,-0.004,0,0.7398,6
2023-06-15 07:00:00,LONG,0.47,0.47,tp,0.004,1,0.7729,6
2023-06-15 08:00:00,LONG,0.47,0.47,tp,0.004,1,0.6856,6
2023-06-16 11:00:00,SHORT,0.46,0.46,sl,-0.003991,0,0.6985,6
2023-06-16 13:00:00,SHORT,0.46,0.46,tp,0.004025,1,0.6603,6
2023-06-22 02:00:00,SHORT,0.52,0.52,tp,0.004025,1,0.7096,6
2023-06-22 11:00:00,LONG,0.49,0.5,tp,0.004,1,0.6919,6
2023-07-06 23:00:00,LONG,0.46,0.46,tp,0.004,1,0.6775,7
2023-07-13 15:00:00,SHORT,0.59,0.59,tp,0.004025,1,0.9634,7
2023-07-13 16:00:00,SHORT,0.61,0.61,sl,-0.003991,0,0.9621,7
2023-07-13 17:00:00,SHORT,0.74,0.74,tp,0.004025,1,0.9631,7
2023-07-13 18:00:00,SHORT,0.79,0.78,tp,0.004025,1,0.9489,7
2023-07-13 19:00:00,SHORT,0.82,0.82,tp,0.004025,1,0.9444,7
2023-07-13 20:00:00,LONG,0.81,0.82,tp,0.004,1,0.9188,7
2023-07-13 21:00:00,LONG,0.79,0.8,tp,0.004,1,0.9192,7
2023-07-13 22:00:00,SHORT,0.81,0.81,sl,-0.003991,0,0.9049,7
2023-07-13 23:00:00,SHORT,0.81,0.81,tp,0.004025,1,0.8967,7
2023-07-14 00:00:00,LONG,0.78,0.78,sl,-0.004,0,0.8996,7
2023-07-14 01:00:00,LONG,0.76,0.76,tp,0.004,1,0.9054,7
2023-07-14 02:00:00,SHORT,0.77,0.76,tp,0.004025,1,0.8959,7
2023-07-14 03:00:00,SHORT,0.78,0.79,sl,-0.003991,0,0.8836,7
2023-07-14 04:00:00,SHORT,0.79,0.79,tp,0.004025,1,0.8862,7
2023-07-14 05:00:00,SHORT,0.79,0.79,tp,0.004025,1,0.8448,7
2023-07-14 06:00:00,SHORT,0.79,0.78,tp,0.004025,1,0.8305,7
2023-07-14 07:00:00,LONG,0.77,0.77,tp,0.004,1,0.8757,7
2023-07-14 08:00:00,SHORT,0.78,0.78,tp,0.004025,1,0.8764,7
2023-07-14 09:00:00,SHORT,0.78,0.78,sl,-0.003991,0,0.8452,7
2023-07-14 10:00:00,SHORT,0.79,0.79,tp,0.004025,1,0.9037,7
2023-07-14 11:00:00,SHORT,0.8,0.79,tp,0.004025,1,0.8925,7
2023-07-14 12:00:00,LONG,0.77,0.78,tp,0.004,1,0.8854,7
2023-07-14 13:00:00,SHORT,0.78,0.77,tp,0.004025,1,0.8334,7
2023-07-14 14:00:00,SHORT,0.78,0.78,tp,0.004025,1,0.8105,7
2023-07-14 15:00:00,SHORT,0.78,0.77,tp,0.004025,1,0.809,7
2023-07-14 16:00:00,LONG,0.75,0.75,sl,-0.004,0,0.9302,7
2023-07-14 17:00:00,LONG,0.71,0.71,tp,0.004,1,0.9538,7
2023-07-14 18:00:00,LONG,0.68,0.69,tp,0.004,1,0.9582,7
2023-07-14 19:00:00,LONG,0.7,0.7,tp,0.004,1,0.8934,7
2023-07-14 20:00:00,SHORT,0.71,0.71,sl,-0.003991,0,0.8741,7
2023-07-14 21:00:00,SHORT,0.72,0.72,tp,0.004025,1,0.8551,7
2023-07-14 22:00:00,LONG,0.72,0.72,tp,0.004,1,0.8197,7
2023-07-14 23:00:00,SHORT,0.72,0.71,tp,0.004025,1,0.8354,7
2023-07-15 00:00:00,LONG,0.7,0.71,tp,0.004,1,0.9011,7
2023-07-15 01:00:00,SHORT,0.71,0.71,tp,0.004025,1,0.8113,7
2023-07-15 02:00:00,LONG,0.71,0.71,tp,0.004,1,0.8316,7
2023-07-15 03:00:00,SHORT,0.72,0.72,sl,-0.003991,0,0.816,7
2023-07-15 04:00:00,LONG,0.72,0.72,sl,-0.004,0,0.6947,7
2023-07-15 05:00:00,LONG,0.72,0.72,tp,0.004,1,0.6788,7
2023-07-15 06:00:00,LONG,0.72,0.73,tp,0.004,1,0.7216,7
2023-07-15 07:00:00,SHORT,0.72,0.72,tp,0.004025,1,0.7528,7
2023-07-15 08:00:00,LONG,0.72,0.72,sl,-0.004,0,0.7042,7
2023-07-15 09:00:00,LONG,0.72,0.72,tp,0.004,1,0.7056,7
2023-07-15 10:00:00,LONG,0.72,0.73,tp,0.004,1,0.687,7
2023-07-15 11:00:00,LONG,0.72,0.72,tp,0.004,1,0.7145,7
2023-07-15 12:00:00,LONG,0.72,0.72,sl,-0.004,0,0.7414,7
2023-07-15 13:00:00,LONG,0.72,0.72,sl,-0.004,0,0.6787,7
2023-07-15 14:00:00,LONG,0.72,0.72,sl,-0.004,0,0.6815,7
2023-07-15 15:00:00,LONG,0.72,0.72,sl,-0.004,0,0.6594,7
2023-07-15 16:00:00,LONG,0.71,0.71,tp,0.004,1,0.859,7
2023-07-15 17:00:00,LONG,0.71,0.72,tp,0.004,1,0.6612,7
2023-07-15 18:00:00,SHORT,0.72,0.73,sl,-0.003991,0,0.6713,7
2023-07-15 23:00:00,SHORT,0.71,0.72,sl,-0.003991,0,0.6936,7
2023-07-16 03:00:00,LONG,0.71,0.71,sl,-0.004,0,0.7087,7
2023-07-16 10:00:00,SHORT,0.74,0.73,tp,0.004025,1,0.8051,7
2023-07-16 11:00:00,SHORT,0.75,0.75,tp,0.004025,1,0.8417,7
2023-07-16 12:00:00,SHORT,0.75,0.74,tp,0.004025,1,0.7893,7
2023-07-16 13:00:00,SHORT,0.75,0.75,sl,-0.003991,0,0.7459,7
2023-07-16 14:00:00,SHORT,0.77,0.76,tp,0.004025,1,0.8284,7
2023-07-16 15:00:00,SHORT,0.77,0.77,tp,0.004025,1,0.8023,7
2023-07-16 16:00:00,SHORT,0.77,0.77,sl,-0.003991,0,0.733,7
2023-07-16 17:00:00,SHORT,0.77,0.77,tp,0.004025,1,0.7369,7
2023-07-16 18:00:00,LONG,0.77,0.77,sl,-0.004,0,0.6988,7
2023-07-16 19:00:00,LONG,0.74,0.75,tp,0.004,1,0.8641,7
2023-07-16 20:00:00,LONG,0.74,0.75,tp,0.004,1,0.7496,7
2023-07-16 21:00:00,LONG,0.76,0.76,tp,0.004,1,0.7452,7
2023-07-16 22:00:00,SHORT,0.75,0.75,tp,0.004025,1,0.6626,7
2023-07-16 23:00:00,LONG,0.75,0.75,tp,0.004,1,0.7752,7
2023-07-17 00:00:00,SHORT,0.75,0.75,sl,-0.003991,0,0.6569,7
2023-07-17 01:00:00,SHORT,0.75,0.76,sl,-0.003991,0,0.6604,7
2023-07-17 05:00:00,LONG,0.75,0.75,tp,0.004,1,0.652,7
2023-07-17 09:00:00,LONG,0.73,0.74,tp,0.004,1,0.7344,7
2023-07-17 10:00:00,SHORT,0.74,0.74,tp,0.004025,1,0.6779,7
2023-07-17 12:00:00,SHORT,0.74,0.74,tp,0.004025,1,0.6643,7
2023-07-17 16:00:00,LONG,0.73,0.73,sl,-0.004,0,0.752,7
2023-07-17 17:00:00,LONG,0.73,0.72,sl,-0.004,0,0.7813,7
2023-07-17 18:00:00,LONG,0.73,0.73,tp,0.004,1,0.7621,7
2023-07-17 23:00:00,SHORT,0.74,0.74,sl,-0.003991,0,0.6971,7
2023-07-18 12:00:00,SHORT,0.76,0.76,tp,0.004025,1,0.7583,7
2023-07-18 13:00:00,SHORT,0.76,0.76,tp,0.004025,1,0.7089,7
2023-07-18 18:00:00,SHORT,0.77,0.76,tp,0.004025,1,0.6662,7
2023-07-18 21:00:00,SHORT,0.77,0.76,tp,0.004025,1,0.6521,7
2023-07-18 23:00:00,SHORT,0.78,0.77,tp,0.004025,1,0.787,7
2023-07-19 00:00:00,SHORT,0.79,0.78,tp,0.004025,1,0.7322,7
2023-07-19 02:00:00,SHORT,0.8,0.79,tp,0.004025,1,0.7855,7
2023-07-19 03:00:00,SHORT,0.8,0.79,tp,0.004025,1,0.6856,7
2023-07-19 04:00:00,SHORT,0.8,0.8,sl,-0.003991,0,0.6628,7
2023-07-19 06:00:00,LONG,0.79,0.79,tp,0.004,1,0.7297,7
2023-07-19 08:00:00,LONG,0.78,0.78,tp,0.004,1,0.7486,7
2023-07-19 09:00:00,SHORT,0.79,0.79,sl,-0.003991,0,0.6904,7
2023-07-19 11:00:00,SHORT,0.79,0.8,sl,-0.003991,0,0.6723,7
2023-07-19 12:00:00,SHORT,0.8,0.8,tp,0.004025,1,0.6811,7
2023-07-19 13:00:00,SHORT,0.8,0.8,tp,0.004025,1,0.6707,7
2023-07-19 17:00:00,SHORT,0.81,0.82,sl,-0.003991,0,0.7229,7
2023-07-19 18:00:00,SHORT,0.83,0.83,tp,0.004025,1,0.8096,7
2023-07-19 19:00:00,SHORT,0.83,0.83,tp,0.004025,1,0.7252,7
2023-07-19 20:00:00,LONG,0.83,0.83,tp,0.004,1,0.6735,7
2023-07-19 21:00:00,SHORT,0.83,0.83,tp,0.004025,1,0.6582,7
2023-07-19 22:00:00,LONG,0.82,0.82,tp,0.004,1,0.8177,7
2023-07-19 23:00:00,LONG,0.82,0.82,tp,0.004,1,0.764,7
2023-07-20 00:00:00,SHORT,0.83,0.83,tp,0.004025,1,0.706,7
2023-07-20 01:00:00,SHORT,0.83,0.83,sl,-0.003991,0,0.6597,7
2023-07-20 02:00:00,SHORT,0.84,0.84,tp,0.004025,1,0.7713,7
2023-07-20 03:00:00,LONG,0.83,0.83,sl,-0.004,0,0.6895,7
2023-07-20 05:00:00,SHORT,0.84,0.84,tp,0.004025,1,0.6922,7
2023-07-20 06:00:00,LONG,0.82,0.82,sl,-0.004,0,0.7273,7
2023-07-20 07:00:00,LONG,0.82,0.82,tp,0.004,1,0.6901,7
2023-07-20 08:00:00,LONG,0.82,0.82,sl,-0.004,0,0.6965,7
2023-07-20 09:00:00,LONG,0.81,0.81,tp,0.004,1,0.7399,7
2023-07-20 10:00:00,LONG,0.81,0.81,tp,0.004,1,0.6555,7
2023-07-20 11:00:00,LONG,0.81,0.81,tp,0.004,1,0.7167,7
2023-07-20 13:00:00,LONG,0.81,0.81,sl,-0.004,0,0.6535,7
2023-07-20 14:00:00,LONG,0.79,0.79,tp,0.004,1,0.8386,7
2023-07-20 15:00:00,LONG,0.79,0.79,tp,0.004,1,0.8346,7
2023-07-20 20:00:00,LONG,0.78,0.78,tp,0.004,1,0.8195,7
2023-07-20 21:00:00,SHORT,0.8,0.8,tp,0.004025,1,0.7191,7
2023-07-20 23:00:00,SHORT,0.79,0.79,tp,0.004025,1,0.7422,7
2023-07-21 05:00:00,LONG,0.79,0.79,sl,-0.004,0,0.6602,7
2023-07-21 07:00:00,LONG,0.78,0.78,sl,-0.004,0,0.6629,7
2023-07-21 08:00:00,LONG,0.78,0.78,tp,0.004,1,0.67,7
2023-07-21 09:00:00,LONG,0.76,0.77,tp,0.004,1,0.8291,7
2023-07-21 22:00:00,LONG,0.77,0.77,sl,-0.004,0,0.6852,7
2023-07-21 23:00:00,LONG,0.77,0.77,sl,-0.004,0,0.6567,7
2023-07-22 18:00:00,LONG,0.75,0.74,sl,-0.004,0,0.6862,7
2023-07-22 19:00:00,LONG,0.75,0.75,tp,0.004,1,0.669,7
2023-07-22 23:00:00,LONG,0.73,0.73,sl,-0.004,0,0.7983,7
2023-07-23 00:00:00,LONG,0.72,0.73,tp,0.004,1,0.7652,7
2023-07-23 19:00:00,LONG,0.74,0.74,tp,0.004,1,0.652,7
2023-07-24 08:00:00,LONG,0.72,0.72,tp,0.004,1,0.6675,7
2023-07-24 09:00:00,LONG,0.69,0.7,tp,0.004,1,0.8556,7
2023-07-24 10:00:00,LONG,0.7,0.7,sl,-0.004,0,0.7283,7
2023-07-24 11:00:00,LONG,0.69,0.7,tp,0.004,1,0.8491,7
2023-07-24 12:00:00,LONG,0.7,0.7,sl,-0.004,0,0.6634,7
2023-07-24 13:00:00,LONG,0.7,0.69,sl,-0.004,0,0.6992,7
2023-07-24 14:00:00,LONG,0.69,0.69,tp,0.004,1,0.7999,7
2023-07-24 16:00:00,LONG,0.7,0.7,tp,0.004,1,0.6712,7
2023-07-25 07:00:00,LONG,0.68,0.68,tp,0.004,1,0.758,7
2023-08-04 20:00:00,LONG,0.64,0.64,tp,0.004,1,0.7516,7
2023-08-04 21:00:00,LONG,0.63,0.63,tp,0.004,1,0.7657,7
2023-08-05 01:00:00,LONG,0.62,0.62,tp,0.004,1,0.8193,7
2023-08-09 21:00:00,LONG,0.64,0.64,tp,0.004,1,0.7005,7
2023-08-17 15:00:00,SHORT,0.58,0.57,tp,0.004025,1,0.6782,7
2023-08-17 21:00:00,LONG,0.49,0.49,tp,0.004,1,0.9315,7
2023-08-17 22:00:00,SHORT,0.51,0.51,tp,0.004025,1,0.9333,7
2023-08-17 23:00:00,SHORT,0.51,0.51,sl,-0.003991,0,0.9299,7
2023-08-18 00:00:00,SHORT,0.51,0.51,tp,0.004025,1,0.8842,7
2023-08-18 01:00:00,SHORT,0.5,0.5,tp,0.004025,1,0.8617,7
2023-08-18 02:00:00,LONG,0.49,0.49,tp,0.004,1,0.9235,7
2023-08-18 03:00:00,SHORT,0.49,0.49,tp,0.004025,1,0.8505,7
2023-08-18 04:00:00,SHORT,0.49,0.49,sl,-0.003991,0,0.8424,7
2023-08-18 05:00:00,SHORT,0.5,0.5,sl,-0.003991,0,0.8301,7
2023-08-18 06:00:00,SHORT,0.52,0.51,tp,0.004025,1,0.8812,7
2023-08-18 07:00:00,LONG,0.51,0.51,tp,0.004,1,0.8659,7
2023-08-18 08:00:00,SHORT,0.51,0.51,tp,0.004025,1,0.7936,7
2023-08-18 09:00:00,LONG,0.5,0.51,tp,0.004,1,0.7835,7
2023-08-18 10:00:00,LONG,0.5,0.51,tp,0.004,1,0.7588,7
2023-08-18 11:00:00,LONG,0.51,0.51,sl,-0.004,0,0.7707,7
2023-08-18 12:00:00,LONG,0.5,0.51,tp,0.004,1,0.8507,7
2023-08-18 13:00:00,LONG,0.5,0.51,tp,0.004,1,0.7866,7
2023-08-18 14:00:00,LONG,0.51,0.51,tp,0.004,1,0.7573,7
2023-08-18 15:00:00,LONG,0.5,0.51,tp,0.004,1,0.7863,7
2023-08-18 16:00:00,LONG,0.5,0.5,tp,0.004,1,0.7869,7
2023-08-18 17:00:00,LONG,0.5,0.51,tp,0.004,1,0.8001,7
2023-08-18 18:00:00,LONG,0.51,0.5,sl,-0.004,0,0.7758,7
2023-08-18 19:00:00,LONG,0.5,0.5,tp,0.004,1,0.8134,7
2023-08-18 20:00:00,LONG,0.5,0.5,tp,0.004,1,0.7961,7
2023-08-18 21:00:00,LONG,0.51,0.51,sl,-0.004,0,0.6604,7
2023-08-19 15:00:00,LONG,0.52,0.52,sl,-0.004,0,0.6805,7
2023-08-19 23:00:00,SHORT,0.52,0.52,tp,0.004025,1,0.6592,7
2023-08-20 10:00:00,LONG,0.55,0.55,tp,0.004,1,0.6777,7
2023-08-20 11:00:00,SHORT,0.55,0.54,tp,0.004025,1,0.6692,7
2023-08-20 12:00:00,SHORT,0.55,0.55,sl,-0.003991,0,0.6637,7
2023-08-20 14:00:00,LONG,0.54,0.54,tp,0.004,1,0.6927,7
2023-08-20 23:00:00,SHORT,0.54,0.54,sl,-0.003991,0,0.6652,7
2023-08-21 07:00:00,SHORT,0.52,0.52,tp,0.004025,1,0.658,7
2023-08-21 13:00:00,SHORT,0.53,0.53,tp,0.004025,1,0.6641,7
2023-08-21 15:00:00,SHORT,0.51,0.51,sl,-0.003991,0,0.756,7
2023-08-29 14:00:00,LONG,0.54,0.54,sl,-0.004,0,0.7109,7
2023-08-29 15:00:00,LONG,0.54,0.54,tp,0.004,1,0.6774,7
2023-08-29 16:00:00,LONG,0.54,0.54,tp,0.004,1,0.6916,7
2023-09-01 18:00:00,LONG,0.49,0.49,tp,0.004,1,0.662,7
2023-09-11 07:00:00,SHORT,0.49,0.48,tp,0.004025,1,0.6905,7
2023-09-11 10:00:00,SHORT,0.47,0.47,tp,0.004025,1,0.6622,7
2023-09-29 12:00:00,SHORT,0.54,0.53,tp,0.004025,1,0.7723,7
2023-09-29 21:00:00,LONG,0.52,0.52,sl,-0.004,0,0.7283,7
2023-09-29 22:00:00,LONG,0.52,0.52,sl,-0.004,0,0.6651,7
2023-09-29 23:00:00,LONG,0.52,0.52,sl,-0.004,0,0.717,7
2023-10-03 23:00:00,SHORT,0.54,0.54,tp,0.004025,1,0.7562,8
2023-10-04 01:00:00,SHORT,0.53,0.54,sl,-0.003991,0,0.6614,8
2023-10-08 03:00:00,SHORT,0.52,0.52,tp,0.004025,1,0.6662,8
2023-10-08 07:00:00,SHORT,0.52,0.52,tp,0.004025,1,0.6718,8
2023-10-15 06:00:00,SHORT,0.49,0.49,sl,-0.003991,0,0.6655,8
2023-10-19 23:00:00,SHORT,0.52,0.52,tp,0.004025,1,0.7296,8
2023-10-20 15:00:00,SHORT,0.52,0.52,tp,0.004025,1,0.6792,8
2023-10-23 22:00:00,SHORT,0.55,0.55,tp,0.004025,1,0.6973,8
2023-10-24 00:00:00,SHORT,0.55,0.55,tp,0.004025,1,0.6504,8
2023-10-24 12:00:00,SHORT,0.57,0.57,tp,0.004025,1,0.8529,8
2023-10-24 13:00:00,SHORT,0.58,0.57,tp,0.004025,1,0.7036,8
2023-10-24 15:00:00,SHORT,0.55,0.55,tp,0.004025,1,0.7797,8
2023-10-24 16:00:00,SHORT,0.56,0.56,sl,-0.003991,0,0.6911,8
2023-10-24 17:00:00,LONG,0.55,0.56,tp,0.004,1,0.6945,8
2023-10-24 18:00:00,SHORT,0.56,0.56,sl,-0.003991,0,0.6573,8
2023-10-24 23:00:00,SHORT,0.56,0.56,tp,0.004025,1,0.6697,8
2023-10-28 21:00:00,SHORT,0.55,0.54,tp,0.004025,1,0.653,8
2023-10-30 13:00:00,SHORT,0.58,0.58,sl,-0.003991,0,0.6702,8
2023-10-30 14:00:00,SHORT,0.58,0.58,tp,0.004025,1,0.6696,8
2023-10-31 10:00:00,SHORT,0.6,0.6,tp,0.004025,1,0.8002,8
2023-10-31 11:00:00,SHORT,0.6,0.6,tp,0.004025,1,0.8315,8
2023-10-31 12:00:00,SHORT,0.6,0.6,tp,0.004025,1,0.6961,8
2023-11-01 11:00:00,SHORT,0.6,0.6,sl,-0.003991,0,0.6607,8
2023-11-01 12:00:00,SHORT,0.61,0.6,tp,0.004025,1,0.6568,8
2023-11-01 20:00:00,SHORT,0.61,0.61,tp,0.004025,1,0.7248,8
2023-11-01 23:00:00,SHORT,0.61,0.61,tp,0.004025,1,0.6536,8
2023-11-05 10:00:00,SHORT,0.64,0.64,sl,-0.003991,0,0.6585,8
2023-11-05 11:00:00,SHORT,0.65,0.64,tp,0.004025,1,0.6588,8
2023-11-05 23:00:00,SHORT,0.66,0.66,sl,-0.003991,0,0.7842,8
2023-11-06 00:00:00,SHORT,0.68,0.68,tp,0.004025,1,0.8407,8
2023-11-06 07:00:00,SHORT,0.68,0.68,tp,0.004025,1,0.6788,8
2023-11-06 09:00:00,SHORT,0.69,0.69,sl,-0.003991,0,0.7812,8
2023-11-06 10:00:00,SHORT,0.7,0.69,tp,0.004025,1,0.7376,8
2023-11-06 11:00:00,SHORT,0.7,0.7,sl,-0.003991,0,0.7474,8
2023-11-06 12:00:00,SHORT,0.71,0.71,tp,0.004025,1,0.8071,8
2023-11-06 13:00:00,SHORT,0.72,0.72,sl,-0.003991,0,0.79,8
2023-11-06 14:00:00,SHORT,0.72,0.72,tp,0.004025,1,0.6955,8
2023-11-06 15:00:00,LONG,0.72,0.72,sl,-0.004,0,0.6515,8
2023-11-06 21:00:00,SHORT,0.72,0.72,tp,0.004025,1,0.7424,8
2023-11-06 23:00:00,SHORT,0.71,0.71,tp,0.004025,1,0.6568,8
2023-11-07 00:00:00,SHORT,0.69,0.69,tp,0.004025,1,0.7184,8
2023-11-07 01:00:00,SHORT,0.69,0.69,tp,0.004025,1,0.6791,8
2023-11-07 02:00:00,LONG,0.68,0.68,tp,0.004,1,0.7853,8
2023-11-07 03:00:00,SHORT,0.69,0.69,tp,0.004025,1,0.6792,8
2023-11-07 04:00:00,SHORT,0.68,0.68,tp,0.004025,1,0.661,8
2023-11-07 05:00:00,SHORT,0.69,0.69,tp,0.004025,1,0.7561,8
2023-11-07 06:00:00,SHORT,0.69,0.69,tp,0.004025,1,0.6553,8
2023-11-07 07:00:00,SHORT,0.69,0.7,sl,-0.003991,0,0.663,8
2023-11-07 09:00:00,LONG,0.68,0.68,sl,-0.004,0,0.7038,8
2023-11-07 10:00:00,LONG,0.68,0.68,tp,0.004,1,0.6714,8
2023-11-07 12:00:00,SHORT,0.69,0.68,tp,0.004025,1,0.6591,8
2023-11-07 15:00:00,LONG,0.67,0.67,sl,-0.004,0,0.7697,8
2023-11-07 16:00:00,LONG,0.66,0.66,tp,0.004,1,0.8372,8
2023-11-07 17:00:00,SHORT,0.67,0.67,sl,-0.003991,0,0.725,8
2023-11-07 18:00:00,SHORT,0.69,0.69,sl,-0.003991,0,0.7646,8
2023-11-07 19:00:00,SHORT,0.69,0.69,tp,0.004025,1,0.6644,8
2023-11-07 23:00:00,SHORT,0.68,0.68,tp,0.004025,1,0.678,8
2023-11-08 10:00:00,SHORT,0.69,0.69,tp,0.004025,1,0.6881,8
2023-11-09 14:00:00,SHORT,0.7,0.69,tp,0.004025,1,0.6676,8
2023-11-09 16:00:00,SHORT,0.65,0.65,tp,0.004025,1,0.8427,8
2023-11-09 17:00:00,SHORT,0.66,0.66,tp,0.004025,1,0.8018,8
2023-11-09 18:00:00,LONG,0.65,0.66,tp,0.004,1,0.8093,8
2023-11-09 20:00:00,SHORT,0.65,0.66,sl,-0.003991,0,0.6522,8
2023-11-09 22:00:00,SHORT,0.66,0.67,sl,-0.003991,0,0.6561,8
2023-11-09 23:00:00,SHORT,0.67,0.66,tp,0.004025,1,0.728,8
2023-11-10 07:00:00,LONG,0.65,0.65,sl,-0.004,0,0.7172,8
2023-11-10 13:00:00,LONG,0.65,0.65,sl,-0.004,0,0.6882,8
2023-11-10 14:00:00,LONG,0.64,0.65,tp,0.004,1,0.6912,8
2023-11-11 10:00:00,SHORT,0.67,0.67,tp,0.004025,1,0.6544,8
2023-11-13 20:00:00,SHORT,0.71,0.71,tp,0.004025,1,0.8816,8
2023-11-13 21:00:00,SHORT,0.65,0.66,sl,-0.003991,0,0.8762,8
2023-11-13 22:00:00,SHORT,0.65,0.66,sl,-0.003991,0,0.7724,8
2023-11-13 23:00:00,SHORT,0.67,0.67,tp,0.004025,1,0.8639,8
2023-11-14 00:00:00,LONG,0.66,0.66,tp,0.004,1,0.7801,8
2023-11-14 01:00:00,LONG,0.66,0.66,tp,0.004,1,0.7009,8
2023-11-14 02:00:00,LONG,0.66,0.66,sl,-0.004,0,0.6855,8
2023-11-14 03:00:00,LONG,0.66,0.66,tp,0.004,1,0.6579,8
2023-11-14 04:00:00,SHORT,0.66,0.66,sl,-0.003991,0,0.6517,8
2023-11-14 08:00:00,SHORT,0.67,0.66,tp,0.004025,1,0.6525,8
2023-11-14 09:00:00,LONG,0.65,0.65,sl,-0.004,0,0.7263,8
2023-11-14 10:00:00,LONG,0.66,0.65,sl,-0.004,0,0.6586,8
2023-11-14 11:00:00,LONG,0.65,0.65,sl,-0.004,0,0.6637,8
2023-11-14 13:00:00,SHORT,0.66,0.66,sl,-0.003991,0,0.6733,8
2023-11-14 14:00:00,SHORT,0.66,0.66,tp,0.004025,1,0.6749,8
2023-11-14 15:00:00,SHORT,0.65,0.66,sl,-0.003991,0,0.6849,8
2023-11-14 18:00:00,LONG,0.61,0.62,tp,0.004,1,0.8848,8
2023-11-14 19:00:00,SHORT,0.62,0.62,sl,-0.003991,0,0.7616,8
2023-11-14 20:00:00,LONG,0.63,0.63,tp,0.004,1,0.7229,8
2023-11-14 23:00:00,SHORT,0.63,0.63,tp,0.004025,1,0.7341,8
2023-11-15 23:00:00,SHORT,0.65,0.64,tp,0.004025,1,0.6705,8
2023-11-16 13:00:00,SHORT,0.63,0.63,tp,0.004025,1,0.6963,8
2023-11-16 15:00:00,SHORT,0.62,0.62,sl,-0.003991,0,0.6754,8
2023-11-16 23:00:00,SHORT,0.61,0.61,sl,-0.003991,0,0.654,8
2023-11-17 14:00:00,LONG,0.6,0.59,sl,-0.004,0,0.7391,8
2023-11-17 15:00:00,LONG,0.59,0.59,tp,0.004,1,0.7065,8
2023-11-17 23:00:00,SHORT,0.61,0.61,tp,0.004025,1,0.661,8
2023-11-18 06:00:00,LONG,0.59,0.6,tp,0.004,1,0.6832,8
2023-11-21 17:00:00,LONG,0.59,0.59,sl,-0.004,0,0.6651,8
2023-11-21 22:00:00,LONG,0.58,0.58,tp,0.004,1,0.7015,8
2023-11-21 23:00:00,SHORT,0.58,0.58,sl,-0.003991,0,0.7298,8
2023-12-06 23:00:00,SHORT,0.64,0.64,tp,0.004025,1,0.664,8
2023-12-07 05:00:00,SHORT,0.65,0.65,tp,0.004025,1,0.6927,8
2023-12-08 16:00:00,SHORT,0.67,0.66,tp,0.004025,1,0.6943,8
2023-12-09 04:00:00,SHORT,0.69,0.69,sl,-0.003991,0,0.6702,8
2023-12-09 17:00:00,LONG,0.66,0.67,tp,0.004,1,0.69,8
2023-12-09 23:00:00,LONG,0.66,0.66,tp,0.004,1,0.6845,8
2023-12-10 09:00:00,LONG,0.65,0.65,tp,0.004,1,0.719,8
2023-12-11 02:00:00,LONG,0.62,0.63,tp,0.004,1,0.7753,8
2023-12-11 06:00:00,LONG,0.62,0.62,sl,-0.004,0,0.698,8
2023-12-11 14:00:00,LONG,0.62,0.62,tp,0.004,1,0.7086,8
2023-12-11 17:00:00,LONG,0.61,0.61,sl,-0.004,0,0.6878,8
2023-12-11 18:00:00,LONG,0.61,0.61,sl,-0.004,0,0.6519,8
2023-12-25 09:00:00,SHORT,0.64,0.64,tp,0.004025,1,0.7449,8
2023-12-25 11:00:00,SHORT,0.64,0.64,sl,-0.003991,0,0.6718,8
2023-12-25 23:00:00,SHORT,0.65,0.64,tp,0.004025,1,0.657,8
2023-12-26 23:00:00,SHORT,0.62,0.62,tp,0.004025,1,0.653,8
2023-12-28 04:00:00,SHORT,0.65,0.65,tp,0.004025,1,0.6907,8
2023-12-28 23:00:00,SHORT,0.63,0.63,tp,0.004025,1,0.6616,8
2024-01-03 12:00:00,SHORT,0.56,0.56,tp,0.004025,1,0.8942,9
2024-01-03 13:00:00,SHORT,0.57,0.57,tp,0.004025,1,0.9018,9
2024-01-03 14:00:00,SHORT,0.56,0.56,sl,-0.003991,0,0.8721,9
2024-01-03 15:00:00,SHORT,0.58,0.57,tp,0.004025,1,0.8588,9
2024-01-03 16:00:00,SHORT,0.57,0.57,tp,0.004025,1,0.7812,9
2024-01-03 17:00:00,SHORT,0.57,0.57,tp,0.004025,1,0.7158,9
2024-01-03 18:00:00,LONG,0.57,0.57,tp,0.004,1,0.735,9
2024-01-03 19:00:00,LONG,0.57,0.58,tp,0.004,1,0.6969,9
2024-01-03 20:00:00,SHORT,0.59,0.59,tp,0.004025,1,0.761,9
2024-01-03 21:00:00,SHORT,0.59,0.59,tp,0.004025,1,0.7463,9
2024-01-03 22:00:00,LONG,0.58,0.58,sl,-0.004,0,0.7399,9
2024-01-03 23:00:00,SHORT,0.58,0.58,tp,0.004025,1,0.6925,9
2024-01-04 01:00:00,LONG,0.57,0.58,tp,0.004,1,0.7672,9
2024-01-04 07:00:00,LONG,0.57,0.57,sl,-0.004,0,0.7732,9
2024-01-04 08:00:00,LONG,0.57,0.58,tp,0.004,1,0.6829,9
2024-01-05 14:00:00,LONG,0.56,0.56,tp,0.004,1,0.6691,9
2024-01-05 16:00:00,LONG,0.56,0.56,tp,0.004,1,0.6596,9
2024-01-08 00:00:00,SHORT,0.58,0.57,tp,0.004025,1,0.7086,9
2024-01-08 08:00:00,LONG,0.55,0.55,tp,0.004,1,0.6557,9
2024-01-09 14:00:00,LONG,0.56,0.56,tp,0.004,1,0.6673,9
2024-01-09 23:00:00,SHORT,0.57,0.57,sl,-0.003991,0,0.6502,9
2024-01-10 12:00:00,SHORT,0.55,0.55,tp,0.004025,1,0.6513,9
2024-01-10 15:00:00,SHORT,0.57,0.57,tp,0.004025,1,0.6788,9
2024-01-10 16:00:00,LONG,0.56,0.57,tp,0.004,1,0.6854,9
2024-01-10 21:00:00,SHORT,0.6,0.6,tp,0.004025,1,0.8017,9
2024-01-10 22:00:00,SHORT,0.61,0.6,tp,0.004025,1,0.8266,9
2024-01-10 23:00:00,LONG,0.6,0.6,sl,-0.004,0,0.7808,9
2024-01-11 00:00:00,SHORT,0.6,0.59,tp,0.004025,1,0.6604,9
2024-01-11 06:00:00,LONG,0.59,0.59,tp,0.004,1,0.6592,9
2024-01-11 10:00:00,SHORT,0.61,0.61,tp,0.004025,1,0.6965,9
2024-01-11 11:00:00,SHORT,0.61,0.61,sl,-0.003991,0,0.7456,9
2024-01-11 12:00:00,SHORT,0.62,0.62,tp,0.004025,1,0.7968,9
2024-01-11 13:00:00,SHORT,0.61,0.61,tp,0.004025,1,0.6817,9
2024-01-11 14:00:00,SHORT,0.62,0.61,tp,0.004025,1,0.6656,9
2024-01-11 15:00:00,LONG,0.6,0.6,sl,-0.004,0,0.7678,9
2024-01-11 16:00:00,LONG,0.6,0.6,tp,0.004,1,0.6548,9
2024-01-11 23:00:00,SHORT,0.6,0.6,tp,0.004025,1,0.6599,9
2024-01-12 22:00:00,LONG,0.57,0.57,tp,0.004,1,0.7586,9
2024-01-12 23:00:00,SHORT,0.57,0.57,sl,-0.003991,0,0.667,9
2024-01-19 16:00:00,LONG,0.53,0.53,tp,0.004,1,0.6754,9
2024-01-23 09:00:00,LONG,0.51,0.51,tp,0.004,1,0.6857,9
2024-01-23 10:00:00,LONG,0.51,0.51,sl,-0.004,0,0.678,9
2024-01-23 11:00:00,LONG,0.51,0.51,tp,0.004,1,0.6665,9
2024-01-23 13:00:00,LONG,0.5,0.5,sl,-0.004,0,0.8107,9
2024-01-23 23:00:00,SHORT,0.52,0.52,tp,0.004025,1,0.6542,9
2024-01-30 19:00:00,LONG,0.51,0.51,sl,-0.004,0,0.7416,9
2024-01-31 10:00:00,LONG,0.5,0.5,tp,0.004,1,0.6659,9
2024-02-15 20:00:00,SHORT,0.56,0.56,sl,-0.003991,0,0.6783,9
2024-02-15 21:00:00,SHORT,0.56,0.56,tp,0.004025,1,0.6677,9
2024-02-16 02:00:00,SHORT,0.57,0.58,sl,-0.003991,0,0.766,9
2024-02-16 03:00:00,SHORT,0.58,0.58,tp,0.004025,1,0.6957,9
2024-02-27 17:00:00,SHORT,0.57,0.58,sl,-0.003991,0,0.7122,9
2024-02-27 18:00:00,SHORT,0.58,0.58,sl,-0.003991,0,0.7017,9
2024-02-27 19:00:00,SHORT,0.59,0.59,tp,0.004025,1,0.8304,9
2024-02-27 20:00:00,LONG,0.58,0.58,sl,-0.004,0,0.6845,9
2024-02-28 09:00:00,SHORT,0.59,0.59,tp,0.004025,1,0.6517,9
2024-02-28 16:00:00,SHORT,0.6,0.6,tp,0.004025,1,0.7277,9
2024-02-28 17:00:00,LONG,0.57,0.57,sl,-0.004,0,0.8049,9
2024-02-28 18:00:00,LONG,0.57,0.57,sl,-0.004,0,0.7662,9
2024-02-28 19:00:00,LONG,0.57,0.57,tp,0.004,1,0.6774,9
2024-02-28 23:00:00,SHORT,0.57,0.57,tp,0.004025,1,0.6835,9
2024-02-29 00:00:00,SHORT,0.57,0.58,sl,-0.003991,0,0.6642,9
2024-02-29 01:00:00,SHORT,0.58,0.58,tp,0.004025,1,0.708,9
2024-02-29 03:00:00,SHORT,0.59,0.58,tp,0.004025,1,0.7395,9
2024-02-29 04:00:00,SHORT,0.59,0.59,sl,-0.003991,0,0.7212,9
2024-02-29 05:00:00,SHORT,0.6,0.6,sl,-0.003991,0,0.7527,9
2024-02-29 06:00:00,SHORT,0.6,0.6,tp,0.004025,1,0.7225,9
2024-02-29 08:00:00,SHORT,0.6,0.59,tp,0.004025,1,0.6558,9
2024-02-29 10:00:00,SHORT,0.6,0.6,tp,0.004025,1,0.7272,9
2024-02-29 13:00:00,SHORT,0.6,0.6,tp,0.004025,1,0.7482,9
2024-02-29 14:00:00,SHORT,0.6,0.6,tp,0.004025,1,0.6839,9
2024-02-29 15:00:00,SHORT,0.61,0.6,tp,0.004025,1,0.7032,9
2024-02-29 16:00:00,SHORT,0.61,0.61,tp,0.004025,1,0.741,9
2024-02-29 17:00:00,LONG,0.6,0.6,tp,0.004,1,0.7933,9
2024-02-29 18:00:00,LONG,0.6,0.61,tp,0.004,1,0.6916,9
2024-02-29 21:00:00,LONG,0.59,0.59,sl,-0.004,0,0.7635,9
2024-02-29 22:00:00,LONG,0.58,0.59,tp,0.004,1,0.793,9
2024-02-29 23:00:00,LONG,0.59,0.59,tp,0.004,1,0.6675,9
2024-03-01 00:00:00,SHORT,0.59,0.59,tp,0.004025,1,0.6973,9
2024-03-01 23:00:00,SHORT,0.6,0.6,sl,-0.003991,0,0.6709,9
2024-03-02 00:00:00,SHORT,0.62,0.61,tp,0.004025,1,0.7036,9
2024-03-02 01:00:00,SHORT,0.62,0.62,sl,-0.003991,0,0.755,9
2024-03-02 02:00:00,SHORT,0.63,0.63,sl,-0.003991,0,0.7868,9
2024-03-02 07:00:00,SHORT,0.63,0.63,tp,0.004025,1,0.6518,9
2024-03-02 11:00:00,SHORT,0.64,0.64,sl,-0.003991,0,0.7973,9
2024-03-02 12:00:00,SHORT,0.65,0.64,tp,0.004025,1,0.7133,9
2024-03-02 15:00:00,LONG,0.63,0.63,tp,0.004,1,0.7215,9
2024-03-02 23:00:00,SHORT,0.64,0.64,tp,0.004025,1,0.7757,9
2024-03-03 07:00:00,LONG,0.61,0.61,tp,0.004,1,0.7232,9
2024-03-04 06:00:00,SHORT,0.64,0.64,tp,0.004025,1,0.6862,9
2024-03-04 10:00:00,SHORT,0.65,0.65,tp,0.004025,1,0.7255,9
2024-03-04 11:00:00,SHORT,0.66,0.66,tp,0.004025,1,0.7662,9
2024-03-04 15:00:00,SHORT,0.66,0.66,tp,0.004025,1,0.6673,9
2024-03-04 16:00:00,LONG,0.65,0.65,tp,0.004,1,0.7377,9
2024-03-04 17:00:00,LONG,0.64,0.64,tp,0.004,1,0.7907,9
2024-03-04 18:00:00,LONG,0.65,0.65,tp,0.004,1,0.6704,9
2024-03-04 23:00:00,SHORT,0.65,0.64,tp,0.004025,1,0.6927,9
2024-03-05 01:00:00,SHORT,0.66,0.66,tp,0.004025,1,0.7219,9
2024-03-05 04:00:00,LONG,0.64,0.64,sl,-0.004,0,0.7173,9
2024-03-05 05:00:00,SHORT,0.64,0.64,tp,0.004025,1,0.6561,9
2024-03-05 12:00:00,SHORT,0.65,0.65,sl,-0.003991,0,0.6735,9
2024-03-05 13:00:00,SHORT,0.65,0.65,tp,0.004025,1,0.6617,9
2024-03-05 15:00:00,LONG,0.64,0.64,sl,-0.004,0,0.6911,9
2024-03-05 16:00:00,LONG,0.63,0.63,sl,-0.004,0,0.722,9
2024-03-05 17:00:00,SHORT,0.63,0.62,tp,0.004025,1,0.6877,9
2024-03-05 18:00:00,LONG,0.62,0.62,tp,0.004,1,0.8525,9
2024-03-05 19:00:00,LONG,0.57,0.57,tp,0.004,1,0.9344,9
2024-03-05 20:00:00,LONG,0.57,0.57,tp,0.004,1,0.8353,9
2024-03-05 21:00:00,SHORT,0.59,0.58,tp,0.004025,1,0.8563,9
2024-03-05 22:00:00,SHORT,0.59,0.59,sl,-0.003991,0,0.7194,9
2024-03-05 23:00:00,SHORT,0.59,0.59,sl,-0.003991,0,0.8026,9
2024-03-06 00:00:00,SHORT,0.59,0.59,tp,0.004025,1,0.7294,9
2024-03-06 01:00:00,LONG,0.59,0.58,sl,-0.004,0,0.6725,9
2024-03-06 02:00:00,LONG,0.58,0.58,tp,0.004,1,0.8893,9
2024-03-06 03:00:00,LONG,0.58,0.59,tp,0.004,1,0.6886,9
2024-03-06 04:00:00,SHORT,0.59,0.6,sl,-0.003991,0,0.7254,9
2024-03-06 05:00:00,SHORT,0.6,0.61,sl,-0.003991,0,0.8124,9
2024-03-06 06:00:00,SHORT,0.61,0.61,sl,-0.003991,0,0.6983,9
2024-03-06 07:00:00,SHORT,0.61,0.62,sl,-0.003991,0,0.7845,9
2024-03-06 08:00:00,SHORT,0.61,0.61,tp,0.004025,1,0.7225,9
2024-03-06 09:00:00,LONG,0.61,0.61,tp,0.004,1,0.7059,9
2024-03-06 10:00:00,LONG,0.61,0.62,tp,0.004,1,0.6503,9
2024-03-06 11:00:00,SHORT,0.61,0.61,tp,0.004025,1,0.6557,9
2024-03-06 12:00:00,LONG,0.6,0.6,sl,-0.004,0,0.8397,9
2024-03-06 13:00:00,LONG,0.6,0.61,tp,0.004,1,0.7397,9
2024-03-06 14:00:00,LONG,0.6,0.6,sl,-0.004,0,0.7579,9
2024-03-06 15:00:00,LONG,0.6,0.6,tp,0.004,1,0.7217,9
2024-03-06 17:00:00,SHORT,0.61,0.61,tp,0.004025,1,0.6732,9
2024-03-06 23:00:00,SHORT,0.61,0.61,tp,0.004025,1,0.6532,9
2024-03-07 03:00:00,SHORT,0.63,0.62,tp,0.004025,1,0.7223,9
2024-03-07 14:00:00,SHORT,0.62,0.62,tp,0.004025,1,0.6628,9
2024-03-08 15:00:00,SHORT,0.61,0.61,tp,0.004025,1,0.6925,9
2024-03-11 09:00:00,SHORT,0.63,0.63,tp,0.004025,1,0.6811,9
2024-03-11 15:00:00,SHORT,0.69,0.69,tp,0.004025,1,0.882,9
2024-03-11 16:00:00,SHORT,0.72,0.72,tp,0.004025,1,0.9063,9
2024-03-11 17:00:00,SHORT,0.73,0.73,tp,0.004025,1,0.8793,9
2024-03-11 18:00:00,LONG,0.73,0.73,tp,0.004,1,0.8146,9
2024-03-11 19:00:00,SHORT,0.73,0.73,tp,0.004025,1,0.7911,9
2024-03-11 20:00:00,LONG,0.72,0.73,tp,0.004,1,0.8337,9
2024-03-11 21:00:00,LONG,0.73,0.73,tp,0.004,1,0.8033,9
2024-03-11 22:00:00,LONG,0.73,0.73,tp,0.004,1,0.7858,9
2024-03-11 23:00:00,SHORT,0.72,0.72,tp,0.004025,1,0.8114,9
2024-03-12 00:00:00,LONG,0.7,0.71,tp,0.004,1,0.8471,9
2024-03-12 01:00:00,LONG,0.71,0.71,tp,0.004,1,0.6816,9
2024-03-12 02:00:00,LONG,0.71,0.7,sl,-0.004,0,0.6931,9
2024-03-12 03:00:00,LONG,0.69,0.69,tp,0.004,1,0.8526,9
2024-03-12 04:00:00,SHORT,0.7,0.69,tp,0.004025,1,0.7157,9
2024-03-12 05:00:00,LONG,0.7,0.7,sl,-0.004,0,0.6829,9
2024-03-12 06:00:00,SHORT,0.7,0.7,sl,-0.003991,0,0.7489,9
2024-03-12 07:00:00,SHORT,0.7,0.7,tp,0.004025,1,0.7712,9
2024-03-12 08:00:00,LONG,0.69,0.69,tp,0.004,1,0.8077,9
2024-03-12 09:00:00,SHORT,0.7,0.69,tp,0.004025,1,0.6564,9
2024-03-12 10:00:00,SHORT,0.69,0.7,sl,-0.003991,0,0.6824,9
2024-03-12 11:00:00,SHORT,0.7,0.7,tp,0.004025,1,0.7381,9
2024-03-12 12:00:00,SHORT,0.71,0.7,tp,0.004025,1,0.8054,9
2024-03-12 13:00:00,SHORT,0.7,0.7,tp,0.004025,1,0.7493,9
2024-03-12 14:00:00,LONG,0.69,0.7,tp,0.004,1,0.7289,9
2024-03-12 15:00:00,SHORT,0.7,0.7,tp,0.004025,1,0.7558,9
2024-03-12 16:00:00,LONG,0.68,0.68,tp,0.004,1,0.8817,9
2024-03-12 17:00:00,SHORT,0.69,0.68,tp,0.004025,1,0.7734,9
2024-03-12 18:00:00,LONG,0.69,0.69,sl,-0.004,0,0.6752,9
2024-03-12 23:00:00,SHORT,0.69,0.68,tp,0.004025,1,0.7252,9
2024-03-13 01:00:00,SHORT,0.69,0.7,sl,-0.003991,0,0.6746,9
2024-03-13 13:00:00,LONG,0.68,0.68,tp,0.004,1,0.7038,9
2024-03-13 14:00:00,LONG,0.67,0.68,tp,0.004,1,0.685,9
2024-03-13 23:00:00,SHORT,0.69,0.69,tp,0.004025,1,0.6655,9
2024-03-14 09:00:00,SHORT,0.7,0.7,tp,0.004025,1,0.6793,9
2024-03-14 13:00:00,SHORT,0.67,0.67,sl,-0.003991,0,0.7026,9
2024-03-14 14:00:00,SHORT,0.68,0.68,tp,0.004025,1,0.6756,9
2024-03-14 15:00:00,LONG,0.67,0.67,tp,0.004,1,0.6826,9
2024-03-14 16:00:00,SHORT,0.68,0.67,tp,0.004025,1,0.6986,9
2024-03-14 18:00:00,LONG,0.66,0.66,sl,-0.004,0,0.7004,9
2024-03-14 19:00:00,LONG,0.65,0.66,tp,0.004,1,0.8044,9
2024-03-14 21:00:00,SHORT,0.67,0.67,sl,-0.003991,0,0.6531,9
2024-03-14 23:00:00,SHORT,0.67,0.67,sl,-0.003991,0,0.7512,9
2024-03-15 02:00:00,LONG,0.65,0.65,tp,0.004,1,0.8424,9
2024-03-15 03:00:00,LONG,0.64,0.64,sl,-0.004,0,0.8267,9
2024-03-15 04:00:00,LONG,0.63,0.63,tp,0.004,1,0.8554,9
2024-03-15 05:00:00,LONG,0.63,0.63,tp,0.004,1,0.8082,9
2024-03-15 06:00:00,SHORT,0.64,0.63,tp,0.004025,1,0.7095,9
2024-03-15 07:00:00,SHORT,0.64,0.63,tp,0.004025,1,0.6911,9
2024-03-15 08:00:00,LONG,0.61,0.61,tp,0.004,1,0.9312,9
2024-03-15 09:00:00,SHORT,0.62,0.62,tp,0.004025,1,0.8115,9
2024-03-15 10:00:00,LONG,0.62,0.62,tp,0.004,1,0.751,9
2024-03-15 11:00:00,SHORT,0.62,0.62,tp,0.004025,1,0.7492,9
2024-03-15 12:00:00,LONG,0.63,0.63,tp,0.004,1,0.696,9
2024-03-15 13:00:00,SHORT,0.63,0.63,tp,0.004025,1,0.7247,9
2024-03-15 14:00:00,SHORT,0.63,0.63,tp,0.004025,1,0.7175,9
2024-03-15 15:00:00,LONG,0.63,0.63,sl,-0.004,0,0.6579,9
2024-03-15 16:00:00,LONG,0.63,0.63,tp,0.004,1,0.7028,9
2024-03-15 18:00:00,SHORT,0.64,0.64,tp,0.004025,1,0.7133,9
2024-03-15 19:00:00,LONG,0.63,0.63,sl,-0.004,0,0.7625,9
2024-03-15 20:00:00,LONG,0.62,0.63,tp,0.004,1,0.7972,9
2024-03-15 21:00:00,LONG,0.63,0.63,tp,0.004,1,0.666,9
2024-03-15 23:00:00,SHORT,0.63,0.64,sl,-0.003991,0,0.7156,9
2024-03-16 12:00:00,LONG,0.62,0.63,tp,0.004,1,0.7626,9
2024-03-16 13:00:00,LONG,0.62,0.62,tp,0.004,1,0.8368,9
2024-03-16 17:00:00,LONG,0.61,0.61,sl,-0.004,0,0.714,9
2024-03-16 18:00:00,LONG,0.6,0.61,tp,0.004,1,0.8191,9
2024-03-16 19:00:00,LONG,0.61,0.61,tp,0.004,1,0.668,9
2024-03-16 21:00:00,LONG,0.6,0.61,tp,0.004,1,0.697,9
2024-03-16 23:00:00,SHORT,0.6,0.6,sl,-0.003991,0,0.7615,9
2024-03-17 00:00:00,LONG,0.6,0.6,tp,0.004,1,0.671,9
2024-03-17 06:00:00,LONG,0.6,0.6,tp,0.004,1,0.7704,9
2024-03-17 07:00:00,LONG,0.6,0.6,tp,0.004,1,0.656,9
2024-03-18 05:00:00,SHORT,0.63,0.62,tp,0.004025,1,0.6568,9
2024-03-18 13:00:00,SHORT,0.6,0.6,tp,0.004025,1,0.6878,9
2024-03-18 22:00:00,LONG,0.63,0.64,tp,0.004,1,0.7015,9
2024-03-18 23:00:00,SHORT,0.64,0.64,tp,0.004025,1,0.8372,9
2024-03-19 00:00:00,LONG,0.63,0.63,tp,0.004,1,0.7469,9
2024-03-19 01:00:00,LONG,0.62,0.62,sl,-0.004,0,0.7303,9
2024-03-19 02:00:00,LONG,0.62,0.62,tp,0.004,1,0.6567,9
2024-03-19 04:00:00,LONG,0.61,0.6,sl,-0.004,0,0.8009,9
2024-03-19 05:00:00,LONG,0.6,0.6,sl,-0.004,0,0.7229,9
2024-03-19 06:00:00,LONG,0.6,0.6,sl,-0.004,0,0.7293,9
2024-03-19 07:00:00,LONG,0.6,0.6,sl,-0.004,0,0.6881,9
2024-03-19 08:00:00,LONG,0.58,0.58,tp,0.004,1,0.9201,9
2024-03-19 09:00:00,SHORT,0.59,0.59,tp,0.004025,1,0.7869,9
2024-03-19 10:00:00,SHORT,0.58,0.58,tp,0.004025,1,0.7359,9
2024-03-19 11:00:00,SHORT,0.59,0.59,sl,-0.003991,0,0.734,9
2024-03-19 12:00:00,SHORT,0.6,0.59,tp,0.004025,1,0.743,9
2024-03-19 13:00:00,SHORT,0.6,0.59,tp,0.004025,1,0.7298,9
2024-03-19 14:00:00,SHORT,0.6,0.59,tp,0.004025,1,0.6876,9
2024-03-19 15:00:00,SHORT,0.61,0.61,sl,-0.003991,0,0.7914,9
2024-03-19 16:00:00,SHORT,0.61,0.6,tp,0.004025,1,0.6947,9
2024-03-19 22:00:00,LONG,0.59,0.58,sl,-0.004,0,0.8097,9
2024-03-19 23:00:00,SHORT,0.58,0.58,tp,0.004025,1,0.7657,9
2024-03-20 00:00:00,SHORT,0.59,0.59,tp,0.004025,1,0.6963,9
2024-03-20 01:00:00,LONG,0.58,0.59,tp,0.004,1,0.7197,9
2024-03-20 03:00:00,LONG,0.58,0.59,tp,0.004,1,0.7352,9
2024-03-20 04:00:00,LONG,0.58,0.58,sl,-0.004,0,0.6884,9
2024-03-20 05:00:00,LONG,0.58,0.58,tp,0.004,1,0.6678,9
2024-03-20 07:00:00,SHORT,0.59,0.59,tp,0.004025,1,0.739,9
2024-03-20 15:00:00,LONG,0.59,0.58,sl,-0.004,0,0.6787,9
2024-03-20 16:00:00,LONG,0.58,0.58,tp,0.004,1,0.7746,9
2024-03-20 18:00:00,SHORT,0.6,0.6,sl,-0.003991,0,0.6998,9
2024-03-20 19:00:00,SHORT,0.61,0.61,sl,-0.003991,0,0.7396,9
2024-03-20 20:00:00,SHORT,0.61,0.61,sl,-0.003991,0,0.6887,9
2024-03-20 21:00:00,SHORT,0.61,0.61,sl,-0.003991,0,0.7065,9
2024-03-20 22:00:00,SHORT,0.61,0.61,tp,0.004025,1,0.6688,9
2024-03-20 23:00:00,SHORT,0.61,0.61,tp,0.004025,1,0.725,9
2024-03-21 09:00:00,SHORT,0.61,0.62,sl,-0.003991,0,0.6833,9
2024-03-21 10:00:00,SHORT,0.62,0.62,sl,-0.003991,0,0.6504,9
2024-03-21 14:00:00,SHORT,0.63,0.63,tp,0.004025,1,0.7001,9
2024-03-21 15:00:00,SHORT,0.64,0.63,tp,0.004025,1,0.7743,9
2024-03-21 16:00:00,SHORT,0.64,0.64,tp,0.004025,1,0.6733,9
2024-03-21 17:00:00,SHORT,0.64,0.64,tp,0.004025,1,0.6621,9
2024-03-21 18:00:00,LONG,0.63,0.64,tp,0.004,1,0.7209,9
2024-03-21 23:00:00,SHORT,0.64,0.64,tp,0.004025,1,0.6656,9
2024-03-22 01:00:00,LONG,0.63,0.63,tp,0.004,1,0.6648,9
2024-03-22 11:00:00,LONG,0.62,0.62,tp,0.004,1,0.6966,9
2024-03-22 13:00:00,LONG,0.61,0.6,sl,-0.004,0,0.7777,9
2024-03-22 14:00:00,LONG,0.61,0.61,tp,0.004,1,0.7321,9
2024-03-25 16:00:00,SHORT,0.65,0.65,tp,0.004025,1,0.6612,9
2024-03-25 23:00:00,SHORT,0.64,0.64,sl,-0.003991,0,0.6514,9
2024-03-27 15:00:00,LONG,0.61,0.61,tp,0.004,1,0.7222,9
