entry_time,direction,entry,exit,exit_type,pnl_pct,win,prob,fold
2022-01-01 00:00:00,LONG,1.33,1.33,tp,0.004,1,0.8272,1
2022-01-01 04:00:00,SHORT,1.32,1.32,tp,0.004025,1,0.7838,1
2022-01-01 08:00:00,LONG,1.32,1.33,tp,0.004,1,0.7837,1
2022-01-01 12:00:00,LONG,1.33,1.34,tp,0.004,1,0.7413,1
2022-01-01 16:00:00,SHORT,1.35,1.35,sl,-0.003991,0,0.7443,1
2022-01-01 20:00:00,LONG,1.38,1.38,sl,-0.004,0,0.7421,1
2022-01-02 00:00:00,LONG,1.36,1.36,tp,0.004,1,0.777,1
2022-01-02 04:00:00,LONG,1.36,1.36,tp,0.004,1,0.7534,1
2022-01-02 08:00:00,LONG,1.36,1.37,tp,0.004,1,0.7394,1
2022-01-02 12:00:00,SHORT,1.37,1.36,tp,0.004025,1,0.7534,1
2022-01-02 16:00:00,LONG,1.36,1.37,tp,0.004,1,0.7782,1
2022-01-02 20:00:00,LONG,1.38,1.37,sl,-0.004,0,0.7353,1
2022-01-03 00:00:00,LONG,1.35,1.36,tp,0.004,1,0.7633,1
2022-01-03 04:00:00,LONG,1.35,1.36,tp,0.004,1,0.7884,1
2022-01-03 08:00:00,LONG,1.37,1.37,sl,-0.004,0,0.7354,1
2022-01-03 12:00:00,SHORT,1.35,1.35,tp,0.004025,1,0.7506,1
2022-01-03 16:00:00,SHORT,1.33,1.32,tp,0.004025,1,0.7276,1
2022-01-03 20:00:00,SHORT,1.32,1.31,tp,0.004025,1,0.7167,1
2022-01-04 00:00:00,LONG,1.31,1.32,tp,0.004,1,0.775,1
2022-01-04 04:00:00,SHORT,1.32,1.33,sl,-0.003991,0,0.7748,1
2022-01-04 08:00:00,SHORT,1.34,1.33,tp,0.004025,1,0.7694,1
2022-01-04 12:00:00,SHORT,1.34,1.33,tp,0.004025,1,0.7431,1
2022-01-04 16:00:00,SHORT,1.32,1.31,tp,0.004025,1,0.7386,1
2022-01-04 20:00:00,LONG,1.31,1.32,tp,0.004,1,0.7993,1
2022-01-05 00:00:00,LONG,1.33,1.34,tp,0.004,1,0.7368,1
2022-01-05 04:00:00,LONG,1.34,1.35,tp,0.004,1,0.7719,1
2022-01-05 08:00:00,SHORT,1.33,1.32,tp,0.004025,1,0.7404,1
2022-01-05 12:00:00,SHORT,1.33,1.32,tp,0.004025,1,0.755,1
2022-01-05 16:00:00,LONG,1.26,1.26,tp,0.004,1,0.8864,1
2022-01-05 20:00:00,LONG,1.23,1.24,tp,0.004,1,0.8621,1
2022-01-06 00:00:00,LONG,1.2,1.21,tp,0.004,1,0.8875,1
2022-01-06 04:00:00,LONG,1.22,1.22,sl,-0.004,0,0.8261,1
2022-01-06 08:00:00,LONG,1.2,1.21,tp,0.004,1,0.843,1
2022-01-06 12:00:00,LONG,1.23,1.24,tp,0.004,1,0.8495,1
2022-01-06 16:00:00,LONG,1.25,1.25,tp,0.004,1,0.8057,1
2022-01-06 20:00:00,LONG,1.28,1.28,sl,-0.004,0,0.8717,1
2022-01-07 00:00:00,LONG,1.21,1.21,tp,0.004,1,0.8583,1
2022-01-07 04:00:00,LONG,1.21,1.21,tp,0.004,1,0.8219,1
2022-01-07 08:00:00,LONG,1.23,1.24,tp,0.004,1,0.799,1
2022-01-07 12:00:00,LONG,1.21,1.22,tp,0.004,1,0.774,1
2022-01-07 16:00:00,LONG,1.23,1.22,sl,-0.004,0,0.7678,1
2022-01-07 20:00:00,LONG,1.21,1.22,tp,0.004,1,0.8424,1
2022-01-08 00:00:00,LONG,1.22,1.23,tp,0.004,1,0.7464,1
2022-01-08 04:00:00,SHORT,1.24,1.24,sl,-0.003991,0,0.7769,1
2022-01-08 08:00:00,SHORT,1.24,1.23,tp,0.004025,1,0.8006,1
2022-01-08 12:00:00,LONG,1.22,1.22,tp,0.004,1,0.7061,1
2022-01-08 16:00:00,LONG,1.15,1.15,tp,0.004,1,0.8958,1
2022-01-08 20:00:00,LONG,1.18,1.19,tp,0.004,1,0.828,1
2022-01-09 00:00:00,LONG,1.18,1.18,tp,0.004,1,0.8155,1
2022-01-09 04:00:00,LONG,1.18,1.17,sl,-0.004,0,0.8522,1
2022-01-09 08:00:00,LONG,1.16,1.17,tp,0.004,1,0.8493,1
2022-01-09 12:00:00,LONG,1.16,1.17,tp,0.004,1,0.805,1
2022-01-09 16:00:00,SHORT,1.2,1.2,tp,0.004025,1,0.8129,1
2022-01-09 20:00:00,LONG,1.17,1.18,tp,0.004,1,0.8416,1
2022-01-10 00:00:00,LONG,1.16,1.17,tp,0.004,1,0.8272,1
2022-01-10 04:00:00,LONG,1.18,1.17,sl,-0.004,0,0.7736,1
2022-01-10 08:00:00,LONG,1.15,1.15,sl,-0.004,0,0.8123,1
2022-01-10 12:00:00,LONG,1.11,1.12,tp,0.004,1,0.8808,1
2022-01-10 16:00:00,LONG,1.12,1.12,tp,0.004,1,0.8858,1
2022-01-10 20:00:00,LONG,1.12,1.13,tp,0.004,1,0.8753,1
2022-01-11 00:00:00,LONG,1.16,1.16,sl,-0.004,0,0.8366,1
2022-01-11 04:00:00,LONG,1.16,1.16,tp,0.004,1,0.8082,1
2022-01-11 08:00:00,LONG,1.14,1.15,tp,0.004,1,0.8042,1
2022-01-11 12:00:00,LONG,1.16,1.17,tp,0.004,1,0.7813,1
2022-01-11 16:00:00,LONG,1.19,1.19,tp,0.004,1,0.8361,1
2022-01-11 20:00:00,SHORT,1.19,1.19,sl,-0.003991,0,0.7889,1
2022-01-12 00:00:00,LONG,1.22,1.22,sl,-0.004,0,0.7682,1
2022-01-12 04:00:00,LONG,1.2,1.21,tp,0.004,1,0.7758,1
2022-01-12 08:00:00,SHORT,1.24,1.25,sl,-0.003991,0,0.8345,1
2022-01-12 12:00:00,SHORT,1.28,1.27,tp,0.004025,1,0.8328,1
2022-01-12 16:00:00,SHORT,1.29,1.29,sl,-0.003991,0,0.8327,1
2022-01-12 20:00:00,LONG,1.31,1.32,tp,0.004,1,0.784,1
2022-01-13 00:00:00,SHORT,1.29,1.29,tp,0.004025,1,0.8241,1
2022-01-13 04:00:00,SHORT,1.29,1.28,tp,0.004025,1,0.8127,1
2022-01-13 08:00:00,LONG,1.28,1.28,tp,0.004,1,0.8433,1
2022-01-13 12:00:00,LONG,1.27,1.27,tp,0.004,1,0.8263,1
2022-01-13 16:00:00,LONG,1.24,1.25,tp,0.004,1,0.8748,1
2022-01-13 20:00:00,LONG,1.23,1.24,tp,0.004,1,0.8239,1
2022-01-14 00:00:00,LONG,1.25,1.25,tp,0.004,1,0.7987,1
2022-01-14 04:00:00,LONG,1.29,1.28,sl,-0.004,0,0.8309,1
2022-01-14 08:00:00,SHORT,1.23,1.23,tp,0.004025,1,0.8518,1
2022-01-14 12:00:00,SHORT,1.27,1.26,tp,0.004025,1,0.8431,1
2022-01-14 16:00:00,SHORT,1.26,1.27,sl,-0.003991,0,0.8229,1
2022-01-14 20:00:00,SHORT,1.29,1.28,tp,0.004025,1,0.838,1
2022-01-15 00:00:00,LONG,1.27,1.27,sl,-0.004,0,0.7584,1
2022-01-15 04:00:00,SHORT,1.27,1.27,tp,0.004025,1,0.7566,1
2022-01-15 08:00:00,SHORT,1.27,1.26,tp,0.004025,1,0.7497,1
2022-01-15 12:00:00,SHORT,1.29,1.28,tp,0.004025,1,0.8082,1
2022-01-15 16:00:00,SHORT,1.3,1.29,tp,0.004025,1,0.8118,1
2022-01-15 20:00:00,LONG,1.29,1.3,tp,0.004,1,0.7971,1
2022-01-16 00:00:00,LONG,1.34,1.34,tp,0.004,1,0.846,1
2022-01-16 04:00:00,LONG,1.37,1.38,tp,0.004,1,0.8366,1
2022-01-16 08:00:00,LONG,1.39,1.4,tp,0.004,1,0.8423,1
2022-01-16 12:00:00,LONG,1.41,1.42,tp,0.004,1,0.8304,1
2022-01-16 16:00:00,LONG,1.39,1.4,tp,0.004,1,0.8187,1
2022-01-16 20:00:00,SHORT,1.41,1.4,tp,0.004025,1,0.8069,1
2022-01-17 00:00:00,LONG,1.46,1.46,tp,0.004,1,0.8392,1
2022-01-17 04:00:00,SHORT,1.53,1.52,tp,0.004025,1,0.8732,1
2022-01-17 08:00:00,SHORT,1.52,1.51,tp,0.004025,1,0.8653,1
2022-01-17 12:00:00,SHORT,1.48,1.47,tp,0.004025,1,0.8678,1
2022-01-17 16:00:00,SHORT,1.56,1.55,tp,0.004025,1,0.8695,1
2022-01-17 20:00:00,SHORT,1.6,1.59,tp,0.004025,1,0.8922,1
2022-01-18 00:00:00,SHORT,1.58,1.57,tp,0.004025,1,0.8558,1
2022-01-18 04:00:00,LONG,1.54,1.54,sl,-0.004,0,0.8325,1
2022-01-18 08:00:00,SHORT,1.49,1.48,tp,0.004025,1,0.8922,1
2022-01-18 12:00:00,SHORT,1.45,1.45,tp,0.004025,1,0.8819,1
2022-01-18 16:00:00,LONG,1.44,1.44,tp,0.004,1,0.8951,1
2022-01-18 20:00:00,LONG,1.46,1.47,tp,0.004,1,0.8747,1
2022-01-19 00:00:00,LONG,1.45,1.45,sl,-0.004,0,0.885,1
2022-01-19 04:00:00,LONG,1.38,1.39,tp,0.004,1,0.8781,1
2022-01-19 08:00:00,LONG,1.43,1.44,tp,0.004,1,0.8649,1
2022-01-19 12:00:00,LONG,1.4,1.4,sl,-0.004,0,0.8752,1
2022-01-19 16:00:00,LONG,1.37,1.36,sl,-0.004,0,0.882,1
2022-01-19 20:00:00,LONG,1.34,1.34,tp,0.004,1,0.8971,1
2022-01-20 00:00:00,LONG,1.35,1.36,tp,0.004,1,0.8664,1
2022-01-20 04:00:00,SHORT,1.36,1.36,tp,0.004025,1,0.8391,1
2022-01-20 08:00:00,LONG,1.35,1.36,tp,0.004,1,0.8601,1
2022-01-20 12:00:00,LONG,1.41,1.41,tp,0.004,1,0.8594,1
2022-01-20 16:00:00,LONG,1.39,1.38,sl,-0.004,0,0.792,1
2022-01-20 20:00:00,LONG,1.26,1.27,tp,0.004,1,0.8825,1
2022-01-21 00:00:00,LONG,1.21,1.21,tp,0.004,1,0.9024,1
2022-01-21 04:00:00,LONG,1.24,1.24,sl,-0.004,0,0.9023,1
2022-01-21 08:00:00,LONG,1.22,1.21,sl,-0.004,0,0.8804,1
2022-01-21 12:00:00,LONG,1.21,1.22,tp,0.004,1,0.8814,1
2022-01-21 16:00:00,LONG,1.18,1.19,tp,0.004,1,0.8883,1
2022-01-21 20:00:00,LONG,1.12,1.13,tp,0.004,1,0.8964,1
2022-01-22 00:00:00,LONG,1.14,1.13,sl,-0.004,0,0.902,1
2022-01-22 04:00:00,LONG,1.03,1.04,tp,0.004,1,0.8981,1
2022-01-22 08:00:00,LONG,1.03,1.03,tp,0.004,1,0.8829,1
2022-01-22 12:00:00,LONG,1.05,1.06,tp,0.004,1,0.8933,1
2022-01-22 16:00:00,LONG,1.03,1.03,tp,0.004,1,0.8909,1
2022-01-22 20:00:00,LONG,1.07,1.08,tp,0.004,1,0.9121,1
2022-01-23 00:00:00,LONG,1.07,1.07,tp,0.004,1,0.8875,1
2022-01-23 04:00:00,SHORT,1.12,1.12,sl,-0.003991,0,0.8684,1
2022-01-23 08:00:00,SHORT,1.12,1.11,tp,0.004025,1,0.8827,1
2022-01-23 12:00:00,SHORT,1.09,1.09,tp,0.004025,1,0.8621,1
2022-01-23 16:00:00,SHORT,1.06,1.06,sl,-0.003991,0,0.8747,1
2022-01-23 20:00:00,SHORT,1.12,1.12,tp,0.004025,1,0.8763,1
2022-01-24 00:00:00,SHORT,1.07,1.07,tp,0.004025,1,0.8602,1
2022-01-24 04:00:00,LONG,1.03,1.03,tp,0.004,1,0.9009,1
2022-01-24 08:00:00,LONG,0.98,0.99,tp,0.004,1,0.9069,1
2022-01-24 12:00:00,SHORT,1.02,1.01,tp,0.004025,1,0.8874,1
2022-01-24 16:00:00,SHORT,1.06,1.06,tp,0.004025,1,0.8741,1
2022-01-24 20:00:00,LONG,1.07,1.06,sl,-0.004,0,0.8955,1
2022-01-25 00:00:00,SHORT,1.05,1.04,tp,0.004025,1,0.8488,1
2022-01-25 04:00:00,SHORT,1.01,1.02,sl,-0.003991,0,0.8776,1
2022-01-25 08:00:00,SHORT,1.03,1.02,tp,0.004025,1,0.8759,1
2022-01-25 12:00:00,SHORT,1.03,1.03,sl,-0.003991,0,0.8682,1
2022-01-25 16:00:00,LONG,1.06,1.05,sl,-0.004,0,0.8707,1
2022-01-25 20:00:00,SHORT,1.04,1.04,tp,0.004025,1,0.8567,1
2022-01-26 00:00:00,LONG,1.05,1.05,tp,0.004,1,0.8288,1
2022-01-26 04:00:00,SHORT,1.04,1.04,sl,-0.003991,0,0.8176,1
2022-01-26 08:00:00,LONG,1.07,1.08,tp,0.004,1,0.8415,1
2022-01-26 12:00:00,LONG,1.11,1.11,tp,0.004,1,0.871,1
2022-01-26 16:00:00,LONG,1.12,1.12,sl,-0.004,0,0.801,1
2022-01-26 20:00:00,SHORT,1.08,1.07,tp,0.004025,1,0.8899,1
2022-01-27 00:00:00,LONG,1.02,1.02,tp,0.004,1,0.9004,1
2022-01-27 04:00:00,LONG,1.04,1.05,tp,0.004,1,0.8754,1
2022-01-27 08:00:00,SHORT,1.05,1.04,tp,0.004025,1,0.8505,1
2022-01-27 12:00:00,LONG,1.05,1.06,tp,0.004,1,0.8608,1
2022-01-27 16:00:00,LONG,1.03,1.03,tp,0.004,1,0.8861,1
2022-01-27 20:00:00,SHORT,1.04,1.04,tp,0.004025,1,0.8377,1
2022-01-28 00:00:00,SHORT,1.05,1.04,tp,0.004025,1,0.8206,1
2022-01-28 04:00:00,LONG,1.03,1.03,sl,-0.004,0,0.7836,1
2022-01-28 08:00:00,LONG,1.02,1.03,tp,0.004,1,0.8473,1
2022-01-28 12:00:00,SHORT,1.04,1.03,tp,0.004025,1,0.8577,1
2022-01-28 16:00:00,SHORT,1.04,1.04,sl,-0.003991,0,0.8495,1
2022-01-28 20:00:00,SHORT,1.05,1.04,tp,0.004025,1,0.8022,1
2022-01-29 00:00:00,LONG,1.05,1.05,tp,0.004,1,0.7295,1
2022-01-29 04:00:00,LONG,1.07,1.07,sl,-0.004,0,0.7076,1
2022-01-29 08:00:00,LONG,1.06,1.07,tp,0.004,1,0.6799,1
2022-01-29 12:00:00,LONG,1.06,1.06,tp,0.004,1,0.7878,1
2022-01-29 16:00:00,LONG,1.05,1.06,tp,0.004,1,0.76,1
2022-01-29 20:00:00,LONG,1.06,1.06,tp,0.004,1,0.8118,1
2022-01-30 00:00:00,LONG,1.06,1.07,tp,0.004,1,0.7857,1
2022-01-30 04:00:00,LONG,1.07,1.07,sl,-0.004,0,0.7332,1
2022-01-30 08:00:00,SHORT,1.07,1.06,tp,0.004025,1,0.7486,1
2022-01-30 12:00:00,SHORT,1.05,1.05,tp,0.004025,1,0.7205,1
2022-01-30 16:00:00,LONG,1.03,1.04,tp,0.004,1,0.8563,1
2022-01-30 20:00:00,LONG,1.04,1.03,sl,-0.004,0,0.8096,1
2022-01-31 00:00:00,LONG,1.02,1.02,sl,-0.004,0,0.8333,1
2022-01-31 04:00:00,LONG,1.02,1.02,sl,-0.004,0,0.7786,1
2022-01-31 08:00:00,LONG,1.02,1.03,tp,0.004,1,0.7437,1
2022-01-31 12:00:00,SHORT,1.04,1.04,sl,-0.003991,0,0.7864,1
2022-01-31 16:00:00,SHORT,1.04,1.05,sl,-0.003991,0,0.8025,1
2022-01-31 20:00:00,SHORT,1.05,1.05,tp,0.004025,1,0.8003,1
2022-02-01 00:00:00,SHORT,1.06,1.05,tp,0.004025,1,0.7758,1
2022-02-01 04:00:00,SHORT,1.06,1.05,tp,0.004025,1,0.7654,1
2022-02-01 08:00:00,SHORT,1.05,1.06,sl,-0.003991,0,0.7719,1
2022-02-01 12:00:00,SHORT,1.06,1.07,sl,-0.003991,0,0.7735,1
2022-02-01 16:00:00,LONG,1.07,1.07,tp,0.004,1,0.7292,1
2022-02-01 20:00:00,LONG,1.1,1.1,tp,0.004,1,0.8337,1
2022-02-02 00:00:00,SHORT,1.09,1.08,tp,0.004025,1,0.7666,1
2022-02-02 04:00:00,LONG,1.06,1.06,tp,0.004,1,0.8487,1
2022-02-02 08:00:00,LONG,1.07,1.07,tp,0.004,1,0.8145,1
2022-02-02 12:00:00,LONG,1.05,1.05,tp,0.004,1,0.8524,1
2022-02-02 16:00:00,LONG,1.06,1.05,sl,-0.004,0,0.7933,1
2022-02-02 20:00:00,LONG,1.03,1.03,tp,0.004,1,0.8463,1
2022-02-03 00:00:00,LONG,1.03,1.03,tp,0.004,1,0.783,1
2022-02-03 04:00:00,LONG,1.04,1.04,sl,-0.004,0,0.8042,1
2022-02-03 08:00:00,SHORT,1.03,1.03,tp,0.004025,1,0.7953,1
2022-02-03 12:00:00,SHORT,1.05,1.04,tp,0.004025,1,0.8357,1
2022-02-03 16:00:00,SHORT,1.05,1.04,tp,0.004025,1,0.8356,1
2022-02-03 20:00:00,SHORT,1.06,1.06,tp,0.004025,1,0.8424,1
2022-02-04 00:00:00,SHORT,1.05,1.06,sl,-0.003991,0,0.7468,1
2022-02-04 04:00:00,SHORT,1.06,1.06,tp,0.004025,1,0.7787,1
2022-02-04 08:00:00,SHORT,1.06,1.05,tp,0.004025,1,0.7403,1
2022-02-04 12:00:00,SHORT,1.08,1.08,sl,-0.003991,0,0.7983,1
2022-02-04 16:00:00,LONG,1.1,1.11,tp,0.004,1,0.8475,1
2022-02-04 20:00:00,LONG,1.14,1.14,tp,0.004,1,0.8016,1
2022-02-05 00:00:00,SHORT,1.14,1.15,sl,-0.003991,0,0.7836,1
2022-02-05 04:00:00,SHORT,1.15,1.15,sl,-0.003991,0,0.8012,1
2022-02-05 08:00:00,SHORT,1.16,1.15,tp,0.004025,1,0.8014,1
2022-02-05 12:00:00,SHORT,1.15,1.14,tp,0.004025,1,0.8207,1
2022-02-05 16:00:00,LONG,1.12,1.12,tp,0.004,1,0.8283,1
2022-02-05 20:00:00,LONG,1.13,1.13,tp,0.004,1,0.8475,1
2022-02-06 00:00:00,LONG,1.13,1.13,sl,-0.004,0,0.8299,1
2022-02-06 04:00:00,SHORT,1.13,1.12,tp,0.004025,1,0.7997,1
2022-02-06 08:00:00,SHORT,1.12,1.11,tp,0.004025,1,0.7571,1
2022-02-06 12:00:00,SHORT,1.11,1.11,sl,-0.003991,0,0.7879,1
2022-02-06 16:00:00,SHORT,1.12,1.12,sl,-0.003991,0,0.8083,1
2022-02-06 20:00:00,SHORT,1.14,1.14,tp,0.004025,1,0.8225,1
2022-02-07 00:00:00,SHORT,1.16,1.15,tp,0.004025,1,0.7758,1
2022-02-07 04:00:00,SHORT,1.16,1.17,sl,-0.003991,0,0.7487,1
2022-02-07 08:00:00,SHORT,1.18,1.18,sl,-0.003991,0,0.8004,1
2022-02-07 12:00:00,SHORT,1.2,1.2,tp,0.004025,1,0.8125,1
2022-02-07 16:00:00,SHORT,1.19,1.19,sl,-0.003991,0,0.8012,1
2022-02-07 20:00:00,SHORT,1.2,1.19,tp,0.004025,1,0.808,1
2022-02-08 00:00:00,SHORT,1.24,1.23,tp,0.004025,1,0.8523,1
2022-02-08 04:00:00,SHORT,1.23,1.22,tp,0.004025,1,0.7974,1
2022-02-08 08:00:00,SHORT,1.2,1.19,tp,0.004025,1,0.8016,1
2022-02-08 12:00:00,SHORT,1.17,1.16,tp,0.004025,1,0.8502,1
2022-02-08 16:00:00,LONG,1.14,1.15,tp,0.004,1,0.8771,1
2022-02-08 20:00:00,SHORT,1.18,1.17,tp,0.004025,1,0.8094,1
2022-02-09 00:00:00,LONG,1.15,1.16,tp,0.004,1,0.7965,1
2022-02-09 04:00:00,LONG,1.19,1.19,tp,0.004,1,0.8116,1
2022-02-09 08:00:00,SHORT,1.19,1.2,sl,-0.003991,0,0.7829,1
2022-02-09 12:00:00,SHORT,1.19,1.19,tp,0.004025,1,0.8318,1
2022-02-09 16:00:00,SHORT,1.21,1.2,tp,0.004025,1,0.8313,1
2022-02-09 20:00:00,SHORT,1.19,1.19,tp,0.004025,1,0.8075,1
2022-02-10 00:00:00,SHORT,1.18,1.18,sl,-0.003991,0,0.769,1
2022-02-10 04:00:00,SHORT,1.19,1.19,sl,-0.003991,0,0.7809,1
2022-02-10 08:00:00,SHORT,1.21,1.2,tp,0.004025,1,0.7735,1
2022-02-10 12:00:00,SHORT,1.19,1.19,tp,0.004025,1,0.792,1
2022-02-10 16:00:00,LONG,1.17,1.17,sl,-0.004,0,0.8177,1
2022-02-10 20:00:00,LONG,1.15,1.15,sl,-0.004,0,0.8592,1
2022-02-11 00:00:00,LONG,1.14,1.15,tp,0.004,1,0.7839,1
2022-02-11 04:00:00,LONG,1.16,1.16,tp,0.004,1,0.809,1
2022-02-11 08:00:00,LONG,1.15,1.16,tp,0.004,1,0.7867,1
2022-02-11 12:00:00,LONG,1.16,1.15,sl,-0.004,0,0.8275,1
2022-02-11 16:00:00,LONG,1.11,1.11,sl,-0.004,0,0.8277,1
2022-02-11 20:00:00,LONG,1.08,1.08,tp,0.004,1,0.8655,1
2022-02-12 00:00:00,LONG,1.08,1.08,sl,-0.004,0,0.8875,1
2022-02-12 04:00:00,LONG,1.06,1.07,tp,0.004,1,0.8677,1
2022-02-12 08:00:00,LONG,1.07,1.08,tp,0.004,1,0.8535,1
2022-02-12 12:00:00,LONG,1.05,1.06,tp,0.004,1,0.8474,1
2022-02-12 16:00:00,LONG,1.07,1.07,tp,0.004,1,0.8674,1
2022-02-12 20:00:00,LONG,1.06,1.06,tp,0.004,1,0.8753,1
2022-02-13 00:00:00,LONG,1.06,1.06,tp,0.004,1,0.8712,1
2022-02-13 04:00:00,LONG,1.06,1.06,tp,0.004,1,0.8394,1
2022-02-13 08:00:00,LONG,1.06,1.07,tp,0.004,1,0.8443,1
2022-02-13 12:00:00,LONG,1.06,1.06,sl,-0.004,0,0.7614,1
2022-02-13 16:00:00,LONG,1.04,1.04,tp,0.004,1,0.8366,1
2022-02-13 20:00:00,LONG,1.04,1.04,sl,-0.004,0,0.8621,1
2022-02-14 00:00:00,LONG,1.03,1.04,tp,0.004,1,0.8629,1
2022-02-14 04:00:00,LONG,1.04,1.04,sl,-0.004,0,0.8555,1
2022-02-14 08:00:00,LONG,1.03,1.04,tp,0.004,1,0.8174,1
2022-02-14 12:00:00,LONG,1.04,1.05,tp,0.004,1,0.7828,1
2022-02-14 16:00:00,LONG,1.03,1.04,tp,0.004,1,0.7772,1
2022-02-14 20:00:00,LONG,1.05,1.05,tp,0.004,1,0.7227,1
2022-02-15 00:00:00,LONG,1.08,1.08,sl,-0.004,0,0.8012,1
2022-02-15 04:00:00,LONG,1.07,1.08,tp,0.004,1,0.734,1
2022-02-15 08:00:00,LONG,1.09,1.09,tp,0.004,1,0.821,1
2022-02-15 12:00:00,LONG,1.1,1.1,sl,-0.004,0,0.7855,1
2022-02-15 16:00:00,SHORT,1.09,1.09,sl,-0.003991,0,0.7405,1
2022-02-15 20:00:00,SHORT,1.11,1.1,tp,0.004025,1,0.7743,1
2022-02-16 00:00:00,SHORT,1.1,1.09,tp,0.004025,1,0.7626,1
2022-02-16 04:00:00,SHORT,1.1,1.1,tp,0.004025,1,0.8021,1
2022-02-16 08:00:00,LONG,1.09,1.09,sl,-0.004,0,0.7843,1
2022-02-16 12:00:00,SHORT,1.07,1.07,tp,0.004025,1,0.8029,1
2022-02-16 16:00:00,SHORT,1.09,1.09,tp,0.004025,1,0.7682,1
2022-02-16 20:00:00,SHORT,1.08,1.08,sl,-0.003991,0,0.7913,1
2022-02-17 00:00:00,LONG,1.08,1.08,sl,-0.004,0,0.7179,1
2022-02-17 04:00:00,SHORT,1.08,1.08,tp,0.004025,1,0.7658,1
2022-02-17 08:00:00,SHORT,1.07,1.06,tp,0.004025,1,0.763,1
2022-02-17 12:00:00,SHORT,1.05,1.05,tp,0.004025,1,0.7875,1
2022-02-17 16:00:00,LONG,1.04,1.03,sl,-0.004,0,0.8369,1
2022-02-17 20:00:00,SHORT,1.02,1.01,tp,0.004025,1,0.8408,1
2022-02-18 00:00:00,LONG,1.03,1.04,tp,0.004,1,0.7753,1
2022-02-18 04:00:00,LONG,1.03,1.04,tp,0.004,1,0.8037,1
2022-02-18 08:00:00,LONG,1.02,1.02,tp,0.004,1,0.8403,1
2022-02-18 12:00:00,LONG,1.01,1.01,tp,0.004,1,0.8176,1
2022-02-18 16:00:00,LONG,1.01,1.01,sl,-0.004,0,0.7741,1
2022-02-18 20:00:00,LONG,1.0,1.0,tp,0.004,1,0.7894,1
2022-02-19 00:00:00,LONG,1.0,1.01,tp,0.004,1,0.8376,1
2022-02-19 04:00:00,LONG,1.01,1.01,sl,-0.004,0,0.8457,1
2022-02-19 08:00:00,LONG,0.98,0.99,tp,0.004,1,0.843,1
2022-02-19 12:00:00,LONG,1.0,1.0,tp,0.004,1,0.8093,1
2022-02-19 16:00:00,LONG,0.99,0.99,tp,0.004,1,0.8615,1
2022-02-19 20:00:00,LONG,1.0,0.99,sl,-0.004,0,0.7919,1
2022-02-20 00:00:00,LONG,0.97,0.97,sl,-0.004,0,0.8589,1
2022-02-20 04:00:00,LONG,0.95,0.95,sl,-0.004,0,0.8392,1
2022-02-20 08:00:00,LONG,0.94,0.95,tp,0.004,1,0.8653,1
2022-02-20 12:00:00,LONG,0.94,0.95,tp,0.004,1,0.8244,1
2022-02-20 16:00:00,LONG,0.94,0.95,tp,0.004,1,0.8312,1
2022-02-20 20:00:00,LONG,0.93,0.94,tp,0.004,1,0.8089,1
2022-02-21 00:00:00,LONG,0.96,0.96,tp,0.004,1,0.8073,1
2022-02-21 04:00:00,LONG,0.98,0.98,sl,-0.004,0,0.8044,1
2022-02-21 08:00:00,LONG,0.93,0.93,tp,0.004,1,0.8433,1
2022-02-21 12:00:00,SHORT,0.95,0.94,tp,0.004025,1,0.8589,1
2022-02-21 16:00:00,LONG,0.92,0.93,tp,0.004,1,0.8637,1
2022-02-21 20:00:00,LONG,0.86,0.86,tp,0.004,1,0.8945,1
2022-02-22 00:00:00,LONG,0.83,0.84,tp,0.004,1,0.8983,1
2022-02-22 04:00:00,LONG,0.83,0.83,tp,0.004,1,0.8911,1
2022-02-22 08:00:00,LONG,0.86,0.87,tp,0.004,1,0.8857,1
2022-02-22 12:00:00,LONG,0.88,0.88,tp,0.004,1,0.8878,1
2022-02-22 16:00:00,LONG,0.89,0.89,tp,0.004,1,0.8674,1
2022-02-22 20:00:00,SHORT,0.89,0.88,tp,0.004025,1,0.8424,1
2022-02-23 00:00:00,SHORT,0.89,0.9,sl,-0.003991,0,0.847,1
2022-02-23 04:00:00,SHORT,0.91,0.92,sl,-0.003991,0,0.8466,1
2022-02-23 08:00:00,LONG,0.93,0.94,tp,0.004,1,0.8275,1
2022-02-23 12:00:00,SHORT,0.92,0.91,tp,0.004025,1,0.8091,1
2022-02-23 16:00:00,SHORT,0.9,0.89,tp,0.004025,1,0.8194,1
2022-02-23 20:00:00,LONG,0.87,0.87,tp,0.004,1,0.8774,1
2022-02-24 00:00:00,SHORT,0.8,0.8,tp,0.004025,1,0.8951,1
2022-02-24 04:00:00,SHORT,0.78,0.78,tp,0.004025,1,0.8969,1
2022-02-24 08:00:00,SHORT,0.76,0.76,tp,0.004025,1,0.8938,1
2022-02-24 12:00:00,SHORT,0.81,0.81,tp,0.004025,1,0.8923,1
2022-02-24 16:00:00,SHORT,0.85,0.84,tp,0.004025,1,0.8961,1
2022-02-24 20:00:00,LONG,0.85,0.86,tp,0.004,1,0.8558,1
2022-02-25 00:00:00,SHORT,0.86,0.85,tp,0.004025,1,0.8831,1
2022-02-25 04:00:00,SHORT,0.85,0.84,tp,0.004025,1,0.8866,1
2022-02-25 08:00:00,SHORT,0.85,0.85,sl,-0.003991,0,0.8808,1
2022-02-25 12:00:00,SHORT,0.88,0.88,tp,0.004025,1,0.8504,1
2022-02-25 16:00:00,SHORT,0.87,0.87,sl,-0.003991,0,0.8021,1
2022-02-25 20:00:00,SHORT,0.9,0.9,sl,-0.003991,0,0.8537,1
2022-02-26 00:00:00,SHORT,0.92,0.91,tp,0.004025,1,0.7789,1
2022-02-26 04:00:00,SHORT,0.91,0.9,tp,0.004025,1,0.816,1
2022-02-26 08:00:00,SHORT,0.89,0.89,tp,0.004025,1,0.8482,1
2022-02-26 12:00:00,SHORT,0.9,0.89,tp,0.004025,1,0.799,1
2022-02-26 16:00:00,SHORT,0.9,0.89,tp,0.004025,1,0.7976,1
2022-02-26 20:00:00,LONG,0.89,0.88,sl,-0.004,0,0.8666,1
2022-02-27 00:00:00,LONG,0.86,0.87,tp,0.004,1,0.8713,1
2022-02-27 04:00:00,LONG,0.88,0.88,tp,0.004,1,0.8491,1
2022-02-27 08:00:00,SHORT,0.9,0.9,tp,0.004025,1,0.8212,1
2022-02-27 12:00:00,SHORT,0.9,0.9,tp,0.004025,1,0.8257,1
2022-02-27 16:00:00,LONG,0.85,0.85,tp,0.004,1,0.8987,1
2022-02-27 20:00:00,SHORT,0.86,0.85,tp,0.004025,1,0.8554,1
2022-02-28 00:00:00,SHORT,0.88,0.87,tp,0.004025,1,0.8507,1
2022-02-28 04:00:00,SHORT,0.88,0.88,tp,0.004025,1,0.7976,1
2022-02-28 08:00:00,LONG,0.88,0.88,tp,0.004,1,0.8207,1
2022-02-28 12:00:00,LONG,0.94,0.95,tp,0.004,1,0.8669,1
2022-02-28 16:00:00,LONG,0.92,0.93,tp,0.004,1,0.7739,1
2022-02-28 20:00:00,LONG,0.96,0.97,tp,0.004,1,0.8413,1
2022-03-01 00:00:00,SHORT,0.97,0.96,tp,0.004025,1,0.8481,1
2022-03-01 04:00:00,SHORT,0.97,0.96,tp,0.004025,1,0.753,1
2022-03-01 08:00:00,SHORT,0.96,0.96,sl,-0.003991,0,0.8737,1
2022-03-01 12:00:00,SHORT,0.97,0.96,tp,0.004025,1,0.8455,1
2022-03-01 16:00:00,SHORT,0.96,0.95,tp,0.004025,1,0.8255,1
2022-03-01 20:00:00,LONG,0.96,0.97,tp,0.004,1,0.7808,1
2022-03-02 00:00:00,SHORT,0.97,0.96,tp,0.004025,1,0.7493,1
2022-03-02 04:00:00,LONG,0.96,0.96,tp,0.004,1,0.822,1
2022-03-02 08:00:00,SHORT,0.96,0.96,tp,0.004025,1,0.7731,1
2022-03-02 12:00:00,LONG,0.95,0.95,tp,0.004,1,0.8091,1
2022-03-02 16:00:00,LONG,0.94,0.94,tp,0.004,1,0.8467,1
2022-03-02 20:00:00,LONG,0.94,0.94,tp,0.004,1,0.8176,1
2022-03-03 00:00:00,LONG,0.92,0.93,tp,0.004,1,0.8411,1
2022-03-03 04:00:00,LONG,0.92,0.92,sl,-0.004,0,0.8162,1
2022-03-03 08:00:00,LONG,0.92,0.92,tp,0.004,1,0.8183,1
2022-03-03 12:00:00,LONG,0.9,0.9,sl,-0.004,0,0.8333,1
2022-03-03 16:00:00,LONG,0.9,0.91,tp,0.004,1,0.7909,1
2022-03-03 20:00:00,LONG,0.9,0.9,sl,-0.004,0,0.8136,1
2022-03-04 00:00:00,LONG,0.88,0.87,sl,-0.004,0,0.8157,1
2022-03-04 04:00:00,LONG,0.88,0.88,tp,0.004,1,0.8112,1
2022-03-04 08:00:00,SHORT,0.89,0.88,tp,0.004025,1,0.7894,1
2022-03-04 12:00:00,LONG,0.87,0.87,tp,0.004,1,0.779,1
2022-03-04 16:00:00,LONG,0.85,0.85,sl,-0.004,0,0.8187,1
2022-03-04 20:00:00,LONG,0.84,0.84,sl,-0.004,0,0.8727,1
2022-03-05 00:00:00,LONG,0.84,0.84,tp,0.004,1,0.8645,1
2022-03-05 04:00:00,LONG,0.85,0.85,tp,0.004,1,0.8757,1
2022-03-05 08:00:00,LONG,0.87,0.87,tp,0.004,1,0.7978,1
2022-03-05 12:00:00,LONG,0.86,0.86,tp,0.004,1,0.8043,1
2022-03-05 16:00:00,SHORT,0.87,0.87,tp,0.004025,1,0.7932,1
2022-03-05 20:00:00,SHORT,0.86,0.86,tp,0.004025,1,0.7644,1
2022-03-06 00:00:00,LONG,0.86,0.86,tp,0.004,1,0.7585,1
2022-03-06 04:00:00,LONG,0.85,0.85,sl,-0.004,0,0.699,1
2022-03-06 08:00:00,LONG,0.84,0.84,tp,0.004,1,0.8605,1
2022-03-06 12:00:00,LONG,0.84,0.85,tp,0.004,1,0.8265,1
2022-03-06 16:00:00,LONG,0.83,0.84,tp,0.004,1,0.837,1
2022-03-06 20:00:00,LONG,0.82,0.83,tp,0.004,1,0.8114,1
2022-03-07 00:00:00,LONG,0.81,0.82,tp,0.004,1,0.8682,1
2022-03-07 04:00:00,LONG,0.81,0.81,tp,0.004,1,0.8717,1
2022-03-07 08:00:00,LONG,0.82,0.82,tp,0.004,1,0.8379,1
2022-03-07 12:00:00,LONG,0.84,0.84,tp,0.004,1,0.8141,1
2022-03-07 16:00:00,LONG,0.79,0.79,tp,0.004,1,0.85,1
2022-03-07 20:00:00,LONG,0.79,0.8,tp,0.004,1,0.8527,1
2022-03-08 00:00:00,LONG,0.81,0.81,sl,-0.004,0,0.8354,1
2022-03-08 04:00:00,LONG,0.8,0.8,tp,0.004,1,0.8223,1
2022-03-08 08:00:00,LONG,0.81,0.81,sl,-0.004,0,0.8023,1
2022-03-08 12:00:00,LONG,0.8,0.8,tp,0.004,1,0.8198,1
2022-03-08 16:00:00,LONG,0.8,0.8,sl,-0.004,0,0.7856,1
2022-03-08 20:00:00,SHORT,0.8,0.8,sl,-0.003991,0,0.7696,1
2022-03-09 00:00:00,LONG,0.83,0.84,tp,0.004,1,0.8664,1
2022-03-09 04:00:00,LONG,0.84,0.85,tp,0.004,1,0.8006,1
2022-03-09 08:00:00,LONG,0.85,0.86,tp,0.004,1,0.7518,1
2022-03-09 12:00:00,LONG,0.86,0.86,tp,0.004,1,0.7248,1
2022-03-09 16:00:00,LONG,0.84,0.85,tp,0.004,1,0.8056,1
2022-03-09 20:00:00,SHORT,0.85,0.84,tp,0.004025,1,0.7686,1
2022-03-10 00:00:00,LONG,0.82,0.82,sl,-0.004,0,0.8464,1
2022-03-10 04:00:00,LONG,0.81,0.81,sl,-0.004,0,0.8002,1
2022-03-10 08:00:00,LONG,0.81,0.81,tp,0.004,1,0.8003,1
2022-03-10 12:00:00,LONG,0.8,0.81,tp,0.004,1,0.7618,1
2022-03-10 16:00:00,LONG,0.81,0.81,tp,0.004,1,0.7714,1
2022-03-10 20:00:00,LONG,0.81,0.8,sl,-0.004,0,0.789,1
2022-03-11 00:00:00,LONG,0.79,0.8,tp,0.004,1,0.8324,1
2022-03-11 04:00:00,SHORT,0.81,0.8,tp,0.004025,1,0.7776,1
2022-03-11 08:00:00,SHORT,0.81,0.81,tp,0.004025,1,0.7809,1
2022-03-11 12:00:00,LONG,0.8,0.8,sl,-0.004,0,0.7411,1
2022-03-11 16:00:00,LONG,0.79,0.79,tp,0.004,1,0.7526,1
2022-03-11 20:00:00,LONG,0.79,0.79,tp,0.004,1,0.8207,1
2022-03-12 00:00:00,LONG,0.79,0.8,tp,0.004,1,0.7552,1
2022-03-12 04:00:00,LONG,0.8,0.8,sl,-0.004,0,0.7392,1
2022-03-12 08:00:00,LONG,0.79,0.8,tp,0.004,1,0.738,1
2022-03-12 12:00:00,LONG,0.79,0.8,tp,0.004,1,0.6874,1
2022-03-12 16:00:00,LONG,0.8,0.79,sl,-0.004,0,0.6963,1
2022-03-12 20:00:00,LONG,0.79,0.79,tp,0.004,1,0.6514,1
2022-03-13 04:00:00,LONG,0.79,0.79,sl,-0.004,0,0.702,1
2022-03-13 12:00:00,LONG,0.81,0.81,sl,-0.004,0,0.7201,1
2022-03-13 16:00:00,LONG,0.8,0.8,sl,-0.004,0,0.6635,1
2022-03-13 20:00:00,SHORT,0.79,0.78,tp,0.004025,1,0.732,1
2022-03-14 00:00:00,LONG,0.79,0.79,tp,0.004,1,0.7613,1
2022-03-14 04:00:00,LONG,0.81,0.81,sl,-0.004,0,0.7757,1
2022-03-14 08:00:00,LONG,0.8,0.8,sl,-0.004,0,0.7156,1
2022-03-14 12:00:00,LONG,0.79,0.79,sl,-0.004,0,0.7243,1
2022-03-14 16:00:00,SHORT,0.79,0.79,sl,-0.003991,0,0.7622,1
2022-03-14 20:00:00,LONG,0.8,0.81,tp,0.004,1,0.7514,1
2022-03-15 00:00:00,LONG,0.79,0.8,tp,0.004,1,0.753,1
2022-03-15 04:00:00,LONG,0.79,0.79,sl,-0.004,0,0.7408,1
2022-03-15 08:00:00,SHORT,0.79,0.79,tp,0.004025,1,0.7965,1
2022-03-15 12:00:00,LONG,0.8,0.8,tp,0.004,1,0.7262,1
2022-03-15 16:00:00,LONG,0.81,0.81,sl,-0.004,0,0.7585,1
2022-03-15 20:00:00,LONG,0.8,0.8,tp,0.004,1,0.7371,1
2022-03-16 00:00:00,LONG,0.8,0.8,sl,-0.004,0,0.8192,1
2022-03-16 04:00:00,LONG,0.8,0.81,tp,0.004,1,0.7929,1
2022-03-16 08:00:00,SHORT,0.81,0.81,sl,-0.003991,0,0.7033,1
2022-03-16 12:00:00,LONG,0.82,0.82,tp,0.004,1,0.8214,1
2022-03-16 16:00:00,LONG,0.83,0.83,tp,0.004,1,0.8446,1
2022-03-16 20:00:00,LONG,0.84,0.84,tp,0.004,1,0.8186,1
2022-03-17 00:00:00,LONG,0.85,0.85,tp,0.004,1,0.7844,1
2022-03-17 04:00:00,LONG,0.84,0.85,tp,0.004,1,0.7762,1
2022-03-17 08:00:00,SHORT,0.84,0.84,sl,-0.003991,0,0.7549,1
2022-03-17 12:00:00,SHORT,0.84,0.84,tp,0.004025,1,0.7739,1
2022-03-17 16:00:00,LONG,0.84,0.83,sl,-0.004,0,0.7651,1
2022-03-17 20:00:00,LONG,0.84,0.84,tp,0.004,1,0.7792,1
2022-03-18 00:00:00,LONG,0.83,0.83,tp,0.004,1,0.799,1
2022-03-18 04:00:00,LONG,0.83,0.82,sl,-0.004,0,0.782,1
2022-03-18 08:00:00,LONG,0.83,0.83,tp,0.004,1,0.7752,1
2022-03-18 12:00:00,SHORT,0.84,0.84,sl,-0.003991,0,0.7605,1
2022-03-18 16:00:00,LONG,0.86,0.85,sl,-0.004,0,0.759,1
2022-03-18 20:00:00,LONG,0.85,0.86,tp,0.004,1,0.779,1
2022-03-19 00:00:00,SHORT,0.87,0.86,tp,0.004025,1,0.7648,1
2022-03-19 04:00:00,SHORT,0.86,0.86,tp,0.004025,1,0.7318,1
2022-03-19 08:00:00,SHORT,0.87,0.88,sl,-0.003991,0,0.7481,1
2022-03-19 12:00:00,LONG,0.9,0.9,tp,0.004,1,0.8566,1
2022-03-19 16:00:00,LONG,0.91,0.91,sl,-0.004,0,0.8453,1
2022-03-19 20:00:00,LONG,0.9,0.91,tp,0.004,1,0.7913,1
2022-03-20 00:00:00,SHORT,0.9,0.9,sl,-0.003991,0,0.7659,1
2022-03-20 04:00:00,SHORT,0.9,0.9,tp,0.004025,1,0.8293,1
2022-03-20 08:00:00,LONG,0.89,0.88,sl,-0.004,0,0.8029,1
2022-03-20 12:00:00,LONG,0.88,0.88,tp,0.004,1,0.8097,1
2022-03-20 16:00:00,LONG,0.88,0.89,tp,0.004,1,0.7785,1
2022-03-20 20:00:00,LONG,0.88,0.88,tp,0.004,1,0.7403,1
2022-03-21 00:00:00,LONG,0.88,0.88,tp,0.004,1,0.7936,1
2022-03-21 04:00:00,LONG,0.89,0.89,tp,0.004,1,0.7792,1
2022-03-21 08:00:00,SHORT,0.9,0.89,tp,0.004025,1,0.7888,1
2022-03-21 12:00:00,SHORT,0.91,0.9,tp,0.004025,1,0.7947,1
2022-03-21 16:00:00,LONG,0.91,0.91,tp,0.004,1,0.7621,1
2022-03-21 20:00:00,SHORT,0.92,0.91,tp,0.004025,1,0.8127,1
2022-03-22 00:00:00,SHORT,0.93,0.93,sl,-0.003991,0,0.7973,1
2022-03-22 04:00:00,LONG,0.94,0.94,tp,0.004,1,0.8351,1
2022-03-22 08:00:00,SHORT,0.96,0.96,sl,-0.003991,0,0.7994,1
2022-03-22 12:00:00,SHORT,0.97,0.96,tp,0.004025,1,0.8261,1
2022-03-22 16:00:00,SHORT,0.96,0.96,sl,-0.003991,0,0.7808,1
2022-03-22 20:00:00,SHORT,0.97,0.97,tp,0.004025,1,0.8,1
2022-03-23 00:00:00,SHORT,0.97,0.96,tp,0.004025,1,0.8195,1
2022-03-23 04:00:00,SHORT,0.97,0.97,tp,0.004025,1,0.835,1
2022-03-23 08:00:00,SHORT,0.98,0.98,tp,0.004025,1,0.8342,1
2022-03-23 12:00:00,LONG,1.07,1.08,tp,0.004,1,0.87,1
2022-03-23 16:00:00,LONG,1.05,1.06,tp,0.004,1,0.8819,1
2022-03-23 20:00:00,LONG,1.11,1.11,tp,0.004,1,0.8512,1
2022-03-24 00:00:00,LONG,1.09,1.09,tp,0.004,1,0.8517,1
2022-03-24 04:00:00,SHORT,1.14,1.13,tp,0.004025,1,0.8529,1
2022-03-24 08:00:00,SHORT,1.14,1.14,sl,-0.003991,0,0.7934,1
2022-03-24 12:00:00,SHORT,1.17,1.16,tp,0.004025,1,0.8594,1
2022-03-24 16:00:00,LONG,1.17,1.17,sl,-0.004,0,0.773,1
2022-03-24 20:00:00,LONG,1.13,1.14,tp,0.004,1,0.8305,1
2022-03-25 00:00:00,SHORT,1.15,1.14,tp,0.004025,1,0.8292,1
2022-03-25 04:00:00,LONG,1.13,1.14,tp,0.004,1,0.8513,1
2022-03-25 08:00:00,SHORT,1.14,1.13,tp,0.004025,1,0.8097,1
2022-03-25 12:00:00,SHORT,1.1,1.09,tp,0.004025,1,0.8823,1
2022-03-25 16:00:00,LONG,1.1,1.1,tp,0.004,1,0.8554,1
2022-03-25 20:00:00,LONG,1.1,1.1,tp,0.004,1,0.8414,1
2022-03-26 00:00:00,LONG,1.11,1.11,tp,0.004,1,0.7673,1
2022-03-26 04:00:00,SHORT,1.14,1.13,tp,0.004025,1,0.7505,1
2022-03-26 08:00:00,SHORT,1.13,1.12,tp,0.004025,1,0.7838,1
2022-03-26 12:00:00,SHORT,1.14,1.13,tp,0.004025,1,0.8338,1
2022-03-26 16:00:00,SHORT,1.13,1.13,sl,-0.003991,0,0.7575,1
2022-03-26 20:00:00,SHORT,1.15,1.15,tp,0.004025,1,0.7425,1
2022-03-27 00:00:00,SHORT,1.14,1.13,tp,0.004025,1,0.6659,1
2022-03-27 04:00:00,SHORT,1.14,1.14,tp,0.004025,1,0.6783,1
2022-03-27 08:00:00,SHORT,1.13,1.12,tp,0.004025,1,0.6801,1
2022-03-27 12:00:00,SHORT,1.13,1.13,tp,0.004025,1,0.7308,1
2022-03-27 16:00:00,LONG,1.13,1.14,tp,0.004,1,0.7564,1
2022-03-27 20:00:00,LONG,1.18,1.19,tp,0.004,1,0.8411,1
2022-03-28 00:00:00,LONG,1.18,1.19,tp,0.004,1,0.7926,1
2022-03-28 04:00:00,LONG,1.18,1.19,tp,0.004,1,0.7952,1
2022-03-28 08:00:00,SHORT,1.19,1.2,sl,-0.003991,0,0.8197,1
2022-03-28 12:00:00,SHORT,1.22,1.21,tp,0.004025,1,0.8504,1
2022-03-28 16:00:00,SHORT,1.22,1.21,tp,0.004025,1,0.7899,1
2022-03-28 20:00:00,LONG,1.17,1.18,tp,0.004,1,0.8531,1
2022-03-29 00:00:00,LONG,1.2,1.2,tp,0.004,1,0.8211,1
2022-03-29 04:00:00,LONG,1.21,1.21,tp,0.004,1,0.8244,1
2022-03-29 08:00:00,LONG,1.23,1.23,tp,0.004,1,0.809,1
2022-03-29 12:00:00,LONG,1.2,1.2,sl,-0.004,0,0.8463,1
2022-03-29 16:00:00,LONG,1.2,1.19,sl,-0.004,0,0.8,1
2022-03-29 20:00:00,SHORT,1.19,1.18,tp,0.004025,1,0.7773,1
2022-04-01 00:00:00,LONG,1.12,1.13,tp,0.004,1,0.8232,2
2022-04-01 04:00:00,SHORT,1.15,1.14,tp,0.004025,1,0.8453,2
2022-04-01 08:00:00,LONG,1.13,1.14,tp,0.004,1,0.847,2
2022-04-01 12:00:00,SHORT,1.16,1.16,tp,0.004025,1,0.81,2
2022-04-01 16:00:00,SHORT,1.17,1.17,tp,0.004025,1,0.7476,2
2022-04-01 20:00:00,SHORT,1.16,1.16,tp,0.004025,1,0.785,2
2022-04-02 00:00:00,SHORT,1.18,1.18,sl,-0.003991,0,0.7544,2
2022-04-02 04:00:00,SHORT,1.18,1.18,tp,0.004025,1,0.8015,2
2022-04-02 08:00:00,SHORT,1.19,1.18,tp,0.004025,1,0.7851,2
2022-04-02 12:00:00,SHORT,1.16,1.15,tp,0.004025,1,0.7496,2
2022-04-02 16:00:00,LONG,1.16,1.16,tp,0.004,1,0.8121,2
2022-04-02 20:00:00,LONG,1.16,1.16,tp,0.004,1,0.8165,2
2022-04-03 00:00:00,LONG,1.16,1.17,tp,0.004,1,0.7678,2
2022-04-03 04:00:00,LONG,1.17,1.17,tp,0.004,1,0.7694,2
2022-04-03 08:00:00,SHORT,1.17,1.17,sl,-0.003991,0,0.7459,2
2022-04-03 12:00:00,SHORT,1.18,1.17,tp,0.004025,1,0.7345,2
2022-04-03 16:00:00,LONG,1.18,1.19,tp,0.004,1,0.6696,2
2022-04-04 00:00:00,SHORT,1.18,1.18,sl,-0.003991,0,0.7071,2
2022-04-04 04:00:00,LONG,1.22,1.22,tp,0.004,1,0.8398,2
2022-04-04 08:00:00,LONG,1.22,1.22,tp,0.004,1,0.8157,2
2022-04-04 12:00:00,LONG,1.21,1.22,tp,0.004,1,0.8342,2
2022-04-04 16:00:00,SHORT,1.19,1.18,tp,0.004025,1,0.7285,2
2022-04-04 20:00:00,SHORT,1.21,1.21,tp,0.004025,1,0.8283,2
2022-04-05 00:00:00,SHORT,1.21,1.21,tp,0.004025,1,0.7788,2
2022-04-05 04:00:00,SHORT,1.2,1.2,tp,0.004025,1,0.7644,2
2022-04-05 08:00:00,SHORT,1.21,1.2,tp,0.004025,1,0.7241,2
2022-04-05 12:00:00,SHORT,1.19,1.18,tp,0.004025,1,0.7756,2
2022-04-05 16:00:00,SHORT,1.2,1.19,tp,0.004025,1,0.7098,2
2022-04-05 20:00:00,SHORT,1.17,1.16,tp,0.004025,1,0.7762,2
2022-04-06 00:00:00,LONG,1.14,1.15,tp,0.004,1,0.8729,2
2022-04-06 04:00:00,LONG,1.14,1.14,sl,-0.004,0,0.8201,2
2022-04-06 08:00:00,SHORT,1.12,1.11,tp,0.004025,1,0.8333,2
2022-04-06 12:00:00,SHORT,1.1,1.09,tp,0.004025,1,0.8613,2
2022-04-06 16:00:00,SHORT,1.1,1.09,tp,0.004025,1,0.8474,2
2022-04-06 20:00:00,SHORT,1.05,1.05,tp,0.004025,1,0.847,2
2022-04-07 00:00:00,LONG,1.06,1.07,tp,0.004,1,0.838,2
2022-04-07 04:00:00,LONG,1.09,1.09,tp,0.004,1,0.8593,2
2022-04-07 08:00:00,LONG,1.09,1.09,sl,-0.004,0,0.8726,2
2022-04-07 12:00:00,LONG,1.07,1.08,tp,0.004,1,0.8699,2
2022-04-07 16:00:00,LONG,1.08,1.09,tp,0.004,1,0.8181,2
2022-04-07 20:00:00,SHORT,1.09,1.08,tp,0.004025,1,0.8271,2
2022-04-08 00:00:00,SHORT,1.09,1.09,tp,0.004025,1,0.7202,2
2022-04-08 04:00:00,SHORT,1.09,1.09,tp,0.004025,1,0.7821,2
2022-04-08 08:00:00,LONG,1.07,1.08,tp,0.004,1,0.8133,2
2022-04-08 12:00:00,SHORT,1.07,1.07,tp,0.004025,1,0.784,2
2022-04-08 16:00:00,LONG,1.05,1.05,sl,-0.004,0,0.8652,2
2022-04-08 20:00:00,LONG,1.02,1.03,tp,0.004,1,0.867,2
2022-04-09 00:00:00,LONG,1.03,1.03,tp,0.004,1,0.8812,2
2022-04-09 04:00:00,LONG,1.04,1.04,sl,-0.004,0,0.8006,2
2022-04-09 08:00:00,LONG,1.04,1.04,tp,0.004,1,0.7932,2
2022-04-09 12:00:00,LONG,1.02,1.03,tp,0.004,1,0.8736,2
2022-04-09 16:00:00,LONG,1.03,1.04,tp,0.004,1,0.7378,2
2022-04-09 20:00:00,SHORT,1.04,1.04,tp,0.004025,1,0.7896,2
2022-04-10 00:00:00,SHORT,1.05,1.05,tp,0.004025,1,0.7106,2
2022-04-10 04:00:00,SHORT,1.04,1.03,tp,0.004025,1,0.7557,2
2022-04-10 08:00:00,SHORT,1.03,1.04,sl,-0.003991,0,0.7477,2
2022-04-10 12:00:00,SHORT,1.04,1.04,sl,-0.003991,0,0.7656,2
2022-04-10 16:00:00,SHORT,1.06,1.06,tp,0.004025,1,0.6591,2
2022-04-10 20:00:00,LONG,1.03,1.03,tp,0.004,1,0.7583,2
2022-04-11 00:00:00,LONG,1.01,1.02,tp,0.004,1,0.7637,2
2022-04-11 04:00:00,LONG,1.02,1.01,sl,-0.004,0,0.7828,2
2022-04-11 08:00:00,SHORT,0.96,0.96,tp,0.004025,1,0.8742,2
2022-04-11 12:00:00,SHORT,0.94,0.93,tp,0.004025,1,0.8687,2
2022-04-11 16:00:00,LONG,0.95,0.95,sl,-0.004,0,0.8656,2
2022-04-11 20:00:00,SHORT,0.92,0.92,sl,-0.003991,0,0.8445,2
2022-04-12 00:00:00,LONG,0.93,0.93,tp,0.004,1,0.8119,2
2022-04-12 04:00:00,LONG,0.96,0.96,tp,0.004,1,0.8598,2
2022-04-12 08:00:00,LONG,0.97,0.97,tp,0.004,1,0.7795,2
2022-04-12 12:00:00,SHORT,0.96,0.95,tp,0.004025,1,0.7792,2
2022-04-12 16:00:00,LONG,0.93,0.94,tp,0.004,1,0.8374,2
2022-04-12 20:00:00,SHORT,0.95,0.95,tp,0.004025,1,0.8424,2
2022-04-13 00:00:00,SHORT,0.95,0.96,sl,-0.003991,0,0.7673,2
2022-04-13 04:00:00,SHORT,0.96,0.95,tp,0.004025,1,0.8119,2
2022-04-13 08:00:00,LONG,0.94,0.94,tp,0.004,1,0.8198,2
2022-04-13 12:00:00,LONG,0.97,0.97,sl,-0.004,0,0.8476,2
2022-04-13 16:00:00,LONG,0.96,0.97,tp,0.004,1,0.7932,2
2022-04-13 20:00:00,LONG,0.97,0.98,tp,0.004,1,0.7851,2
2022-04-14 00:00:00,LONG,0.97,0.98,tp,0.004,1,0.7839,2
2022-04-14 04:00:00,SHORT,0.97,0.97,tp,0.004025,1,0.7534,2
2022-04-14 08:00:00,SHORT,0.95,0.95,tp,0.004025,1,0.7825,2
2022-04-14 12:00:00,LONG,0.93,0.93,sl,-0.004,0,0.843,2
2022-04-14 16:00:00,LONG,0.93,0.93,tp,0.004,1,0.8125,2
2022-04-14 20:00:00,SHORT,0.93,0.94,sl,-0.003991,0,0.8275,2
2022-04-15 00:00:00,LONG,0.95,0.96,tp,0.004,1,0.779,2
2022-04-15 04:00:00,LONG,0.95,0.95,sl,-0.004,0,0.8259,2
2022-04-15 08:00:00,SHORT,0.95,0.94,tp,0.004025,1,0.7735,2
2022-04-15 12:00:00,SHORT,0.95,0.96,sl,-0.003991,0,0.7728,2
2022-04-15 16:00:00,SHORT,0.95,0.95,sl,-0.003991,0,0.7607,2
2022-04-15 20:00:00,SHORT,0.96,0.96,sl,-0.003991,0,0.8121,2
2022-04-16 00:00:00,LONG,0.96,0.95,sl,-0.004,0,0.7597,2
2022-04-16 04:00:00,SHORT,0.96,0.95,tp,0.004025,1,0.7443,2
2022-04-16 08:00:00,SHORT,0.95,0.95,tp,0.004025,1,0.674,2
2022-04-16 12:00:00,SHORT,0.94,0.94,sl,-0.003991,0,0.7511,2
2022-04-16 16:00:00,LONG,0.94,0.95,tp,0.004,1,0.6597,2
2022-04-16 20:00:00,LONG,0.95,0.95,sl,-0.004,0,0.6979,2
2022-04-17 04:00:00,SHORT,0.95,0.95,sl,-0.003991,0,0.6792,2
2022-04-17 12:00:00,SHORT,0.95,0.95,tp,0.004025,1,0.6995,2
2022-04-17 20:00:00,SHORT,0.91,0.92,sl,-0.003991,0,0.7852,2
2022-04-18 04:00:00,SHORT,0.88,0.88,tp,0.004025,1,0.8971,2
2022-04-18 08:00:00,SHORT,0.89,0.89,sl,-0.003991,0,0.8765,2
2022-04-18 12:00:00,LONG,0.9,0.9,tp,0.004,1,0.8073,2
2022-04-18 16:00:00,LONG,0.93,0.93,tp,0.004,1,0.8387,2
2022-04-18 20:00:00,LONG,0.94,0.94,tp,0.004,1,0.7259,2
2022-04-19 00:00:00,LONG,0.93,0.94,tp,0.004,1,0.7634,2
2022-04-19 04:00:00,SHORT,0.93,0.93,sl,-0.003991,0,0.7466,2
2022-04-19 08:00:00,SHORT,0.93,0.93,sl,-0.003991,0,0.7605,2
2022-04-19 12:00:00,LONG,0.95,0.94,sl,-0.004,0,0.8319,2
2022-04-19 16:00:00,LONG,0.95,0.95,tp,0.004,1,0.7417,2
2022-04-19 20:00:00,SHORT,0.95,0.95,tp,0.004025,1,0.767,2
2022-04-20 00:00:00,SHORT,0.94,0.94,tp,0.004025,1,0.6917,2
2022-04-20 04:00:00,LONG,0.95,0.95,tp,0.004,1,0.753,2
2022-04-20 08:00:00,LONG,0.97,0.97,tp,0.004,1,0.7605,2
2022-04-20 12:00:00,SHORT,0.95,0.94,tp,0.004025,1,0.7716,2
2022-04-20 16:00:00,SHORT,0.94,0.94,sl,-0.003991,0,0.6892,2
2022-04-20 20:00:00,LONG,0.94,0.94,tp,0.004,1,0.707,2
2022-04-21 00:00:00,SHORT,0.95,0.94,tp,0.004025,1,0.6649,2
2022-04-21 04:00:00,LONG,0.95,0.96,tp,0.004,1,0.7621,2
2022-04-21 08:00:00,LONG,0.96,0.96,tp,0.004,1,0.7789,2
2022-04-21 12:00:00,SHORT,0.95,0.95,tp,0.004025,1,0.7833,2
2022-04-21 16:00:00,LONG,0.93,0.93,sl,-0.004,0,0.6606,2
2022-04-21 20:00:00,SHORT,0.91,0.91,sl,-0.003991,0,0.8434,2
2022-04-22 00:00:00,LONG,0.92,0.92,tp,0.004,1,0.7636,2
2022-04-22 04:00:00,SHORT,0.92,0.91,tp,0.004025,1,0.7789,2
2022-04-22 08:00:00,LONG,0.92,0.92,sl,-0.004,0,0.7833,2
2022-04-22 12:00:00,LONG,0.9,0.9,tp,0.004,1,0.7991,2
2022-04-22 16:00:00,SHORT,0.9,0.9,sl,-0.003991,0,0.801,2
2022-04-22 20:00:00,SHORT,0.91,0.9,tp,0.004025,1,0.7917,2
2022-04-23 00:00:00,LONG,0.89,0.89,sl,-0.004,0,0.7694,2
2022-04-23 04:00:00,LONG,0.9,0.9,tp,0.004,1,0.7618,2
2022-04-23 08:00:00,SHORT,0.9,0.9,tp,0.004025,1,0.7746,2
2022-04-23 12:00:00,SHORT,0.9,0.9,tp,0.004025,1,0.7679,2
2022-04-23 16:00:00,LONG,0.9,0.9,sl,-0.004,0,0.7232,2
2022-04-23 20:00:00,LONG,0.89,0.89,tp,0.004,1,0.7056,2
2022-04-24 00:00:00,SHORT,0.89,0.9,sl,-0.003991,0,0.6939,2
2022-04-24 08:00:00,SHORT,0.89,0.88,tp,0.004025,1,0.7096,2
2022-04-24 12:00:00,SHORT,0.89,0.89,tp,0.004025,1,0.6881,2
2022-04-25 00:00:00,LONG,0.87,0.87,sl,-0.004,0,0.7421,2
2022-04-25 04:00:00,LONG,0.83,0.84,tp,0.004,1,0.8813,2
2022-04-25 08:00:00,SHORT,0.86,0.85,tp,0.004025,1,0.8669,2
2022-04-25 12:00:00,LONG,0.86,0.86,tp,0.004,1,0.8434,2
2022-04-25 16:00:00,LONG,0.89,0.89,tp,0.004,1,0.8052,2
2022-04-25 20:00:00,LONG,0.9,0.9,tp,0.004,1,0.8148,2
2022-04-26 00:00:00,LONG,0.89,0.89,tp,0.004,1,0.82,2
2022-04-26 04:00:00,LONG,0.89,0.89,tp,0.004,1,0.7069,2
2022-04-26 08:00:00,SHORT,0.88,0.88,tp,0.004025,1,0.761,2
2022-04-26 12:00:00,LONG,0.84,0.84,sl,-0.004,0,0.8776,2
2022-04-26 16:00:00,SHORT,0.83,0.83,tp,0.004025,1,0.8931,2
2022-04-26 20:00:00,LONG,0.83,0.83,tp,0.004,1,0.8792,2
2022-04-27 00:00:00,LONG,0.83,0.83,tp,0.004,1,0.8359,2
2022-04-27 04:00:00,SHORT,0.85,0.85,tp,0.004025,1,0.7994,2
2022-04-27 08:00:00,LONG,0.84,0.84,tp,0.004,1,0.8293,2
2022-04-27 12:00:00,SHORT,0.84,0.84,tp,0.004025,1,0.8028,2
2022-04-27 16:00:00,LONG,0.83,0.83,tp,0.004,1,0.818,2
2022-04-27 20:00:00,SHORT,0.84,0.84,sl,-0.003991,0,0.7618,2
2022-04-28 00:00:00,SHORT,0.84,0.83,tp,0.004025,1,0.6775,2
2022-04-28 04:00:00,SHORT,0.84,0.84,sl,-0.003991,0,0.7975,2
2022-04-28 08:00:00,SHORT,0.85,0.84,tp,0.004025,1,0.8214,2
2022-04-28 12:00:00,SHORT,0.83,0.83,sl,-0.003991,0,0.8303,2
2022-04-28 16:00:00,SHORT,0.84,0.84,sl,-0.003991,0,0.7723,2
2022-04-28 20:00:00,SHORT,0.84,0.84,tp,0.004025,1,0.7133,2
2022-04-29 00:00:00,LONG,0.84,0.84,tp,0.004,1,0.7018,2
2022-04-29 04:00:00,SHORT,0.84,0.83,tp,0.004025,1,0.6807,2
2022-04-29 08:00:00,SHORT,0.81,0.81,sl,-0.003991,0,0.8138,2
2022-04-29 12:00:00,SHORT,0.82,0.81,tp,0.004025,1,0.7839,2
2022-04-29 16:00:00,LONG,0.8,0.8,tp,0.004,1,0.8291,2
2022-04-29 20:00:00,LONG,0.81,0.81,tp,0.004,1,0.8141,2
2022-04-30 00:00:00,LONG,0.81,0.81,tp,0.004,1,0.7901,2
2022-04-30 04:00:00,LONG,0.81,0.81,sl,-0.004,0,0.798,2
2022-04-30 08:00:00,SHORT,0.8,0.8,tp,0.004025,1,0.7319,2
2022-04-30 12:00:00,SHORT,0.79,0.79,tp,0.004025,1,0.811,2
2022-04-30 16:00:00,LONG,0.79,0.79,sl,-0.004,0,0.8055,2
2022-04-30 20:00:00,SHORT,0.76,0.75,tp,0.004025,1,0.9226,2
2022-05-01 00:00:00,LONG,0.76,0.77,tp,0.004,1,0.8212,2
2022-05-01 04:00:00,LONG,0.77,0.77,tp,0.004,1,0.9208,2
2022-05-01 08:00:00,LONG,0.77,0.77,tp,0.004,1,0.9208,2
2022-05-01 12:00:00,SHORT,0.79,0.79,tp,0.004025,1,0.8287,2
2022-05-01 16:00:00,LONG,0.77,0.77,tp,0.004,1,0.845,2
2022-05-01 20:00:00,SHORT,0.79,0.79,tp,0.004025,1,0.8244,2
2022-05-02 00:00:00,SHORT,0.78,0.79,sl,-0.003991,0,0.7849,2
2022-05-02 04:00:00,SHORT,0.79,0.78,tp,0.004025,1,0.8172,2
2022-05-02 08:00:00,SHORT,0.77,0.77,sl,-0.003991,0,0.7816,2
2022-05-02 12:00:00,SHORT,0.78,0.77,tp,0.004025,1,0.8149,2
2022-05-02 16:00:00,SHORT,0.78,0.78,sl,-0.003991,0,0.7265,2
2022-05-02 20:00:00,LONG,0.78,0.79,tp,0.004,1,0.7667,2
2022-05-03 00:00:00,SHORT,0.79,0.78,tp,0.004025,1,0.6927,2
2022-05-03 04:00:00,SHORT,0.79,0.79,sl,-0.003991,0,0.7602,2
2022-05-03 08:00:00,SHORT,0.8,0.79,tp,0.004025,1,0.8046,2
2022-05-03 12:00:00,SHORT,0.79,0.79,tp,0.004025,1,0.7484,2
2022-05-03 16:00:00,SHORT,0.76,0.77,sl,-0.003991,0,0.7901,2
2022-05-03 20:00:00,SHORT,0.77,0.77,sl,-0.003991,0,0.7888,2
2022-05-04 00:00:00,SHORT,0.78,0.78,tp,0.004025,1,0.6634,2
2022-05-04 04:00:00,SHORT,0.79,0.79,sl,-0.003991,0,0.7099,2
2022-05-04 08:00:00,LONG,0.82,0.83,tp,0.004,1,0.9018,2
2022-05-04 12:00:00,LONG,0.83,0.83,tp,0.004,1,0.8877,2
2022-05-04 16:00:00,LONG,0.87,0.87,tp,0.004,1,0.9387,2
2022-05-04 20:00:00,LONG,0.9,0.9,tp,0.004,1,0.8777,2
2022-05-05 00:00:00,LONG,0.89,0.88,sl,-0.004,0,0.9244,2
2022-05-05 04:00:00,LONG,0.87,0.87,sl,-0.004,0,0.8915,2
2022-05-05 08:00:00,LONG,0.86,0.86,tp,0.004,1,0.8663,2
2022-05-05 12:00:00,LONG,0.79,0.79,tp,0.004,1,0.9342,2
2022-05-05 16:00:00,LONG,0.8,0.8,tp,0.004,1,0.9204,2
2022-05-05 20:00:00,LONG,0.79,0.79,tp,0.004,1,0.9172,2
2022-05-06 00:00:00,LONG,0.79,0.8,tp,0.004,1,0.8818,2
2022-05-06 04:00:00,LONG,0.79,0.79,tp,0.004,1,0.8794,2
2022-05-06 08:00:00,LONG,0.78,0.78,tp,0.004,1,0.8844,2
2022-05-06 12:00:00,SHORT,0.78,0.78,tp,0.004025,1,0.9152,2
2022-05-06 16:00:00,SHORT,0.78,0.78,tp,0.004025,1,0.8243,2
2022-05-06 20:00:00,SHORT,0.78,0.78,tp,0.004025,1,0.8265,2
2022-05-07 00:00:00,LONG,0.77,0.78,tp,0.004,1,0.7411,2
2022-05-07 04:00:00,SHORT,0.78,0.78,sl,-0.003991,0,0.7839,2
2022-05-07 08:00:00,SHORT,0.78,0.78,tp,0.004025,1,0.8009,2
2022-05-07 12:00:00,SHORT,0.78,0.78,tp,0.004025,1,0.7624,2
2022-05-07 16:00:00,LONG,0.78,0.78,sl,-0.004,0,0.794,2
2022-05-07 20:00:00,LONG,0.76,0.76,tp,0.004,1,0.8202,2
2022-05-08 00:00:00,LONG,0.74,0.74,tp,0.004,1,0.9056,2
2022-05-08 04:00:00,LONG,0.74,0.75,tp,0.004,1,0.8626,2
2022-05-08 08:00:00,LONG,0.75,0.74,sl,-0.004,0,0.8293,2
2022-05-08 12:00:00,SHORT,0.74,0.73,tp,0.004025,1,0.8349,2
2022-05-08 16:00:00,LONG,0.76,0.75,sl,-0.004,0,0.8302,2
2022-05-08 20:00:00,LONG,0.74,0.74,tp,0.004,1,0.8693,2
2022-05-09 00:00:00,SHORT,0.71,0.7,tp,0.004025,1,0.8856,2
2022-05-09 04:00:00,LONG,0.69,0.7,tp,0.004,1,0.9135,2
2022-05-09 08:00:00,LONG,0.67,0.67,tp,0.004,1,0.9468,2
2022-05-09 12:00:00,LONG,0.66,0.66,tp,0.004,1,0.9563,2
2022-05-09 16:00:00,LONG,0.63,0.63,tp,0.004,1,0.9524,2
2022-05-09 20:00:00,LONG,0.6,0.61,tp,0.004,1,0.9398,2
2022-05-10 00:00:00,LONG,0.62,0.62,tp,0.004,1,0.9418,2
2022-05-10 04:00:00,LONG,0.67,0.68,tp,0.004,1,0.9522,2
2022-05-10 08:00:00,LONG,0.68,0.68,tp,0.004,1,0.8949,2
2022-05-10 12:00:00,LONG,0.66,0.67,tp,0.004,1,0.9145,2
2022-05-10 16:00:00,LONG,0.65,0.65,sl,-0.004,0,0.8181,2
2022-05-10 20:00:00,LONG,0.63,0.63,tp,0.004,1,0.9406,2
2022-05-11 00:00:00,LONG,0.63,0.63,tp,0.004,1,0.9048,2
2022-05-11 04:00:00,LONG,0.61,0.61,tp,0.004,1,0.9461,2
2022-05-11 08:00:00,LONG,0.62,0.62,tp,0.004,1,0.9314,2
2022-05-11 12:00:00,LONG,0.57,0.58,tp,0.004,1,0.9598,2
2022-05-11 16:00:00,LONG,0.53,0.53,tp,0.004,1,0.9442,2
2022-05-11 20:00:00,LONG,0.52,0.52,tp,0.004,1,0.9333,2
2022-05-12 00:00:00,LONG,0.44,0.44,tp,0.004,1,0.9405,2
2022-05-12 04:00:00,LONG,0.46,0.46,tp,0.004,1,0.9563,2
2022-05-12 08:00:00,LONG,0.46,0.46,tp,0.004,1,0.9281,2
2022-05-12 12:00:00,LONG,0.48,0.48,tp,0.004,1,0.9659,2
2022-05-12 16:00:00,LONG,0.49,0.49,tp,0.004,1,0.9462,2
2022-05-12 20:00:00,LONG,0.47,0.48,tp,0.004,1,0.9287,2
2022-05-13 00:00:00,SHORT,0.55,0.54,tp,0.004025,1,0.9431,2
2022-05-13 04:00:00,SHORT,0.57,0.57,sl,-0.003991,0,0.9408,2
2022-05-13 08:00:00,SHORT,0.59,0.58,tp,0.004025,1,0.9255,2
2022-05-13 12:00:00,SHORT,0.57,0.56,tp,0.004025,1,0.9157,2
2022-05-13 16:00:00,SHORT,0.55,0.55,tp,0.004025,1,0.8906,2
2022-05-13 20:00:00,LONG,0.53,0.53,tp,0.004,1,0.8762,2
2022-05-14 00:00:00,LONG,0.55,0.54,sl,-0.004,0,0.8764,2
2022-05-14 04:00:00,LONG,0.53,0.53,tp,0.004,1,0.8815,2
2022-05-14 08:00:00,LONG,0.51,0.51,sl,-0.004,0,0.9297,2
2022-05-14 12:00:00,LONG,0.49,0.5,tp,0.004,1,0.9436,2
2022-05-14 16:00:00,LONG,0.51,0.52,tp,0.004,1,0.923,2
2022-05-14 20:00:00,LONG,0.54,0.54,tp,0.004,1,0.8933,2
2022-05-15 00:00:00,SHORT,0.52,0.52,tp,0.004025,1,0.8772,2
2022-05-15 04:00:00,SHORT,0.53,0.53,tp,0.004025,1,0.9017,2
2022-05-15 08:00:00,SHORT,0.56,0.56,tp,0.004025,1,0.9046,2
2022-05-15 12:00:00,SHORT,0.55,0.55,sl,-0.003991,0,0.9229,2
2022-05-15 16:00:00,LONG,0.58,0.58,tp,0.004,1,0.8912,2
2022-05-15 20:00:00,SHORT,0.6,0.59,tp,0.004025,1,0.9027,2
2022-05-16 00:00:00,LONG,0.58,0.58,tp,0.004,1,0.9172,2
2022-05-16 04:00:00,SHORT,0.56,0.56,tp,0.004025,1,0.9102,2
2022-05-16 08:00:00,LONG,0.57,0.57,tp,0.004,1,0.915,2
2022-05-16 12:00:00,SHORT,0.56,0.55,tp,0.004025,1,0.9074,2
2022-05-16 16:00:00,LONG,0.56,0.56,tp,0.004,1,0.9364,2
2022-05-16 20:00:00,LONG,0.56,0.56,tp,0.004,1,0.9349,2
2022-05-17 00:00:00,LONG,0.57,0.57,tp,0.004,1,0.9284,2
2022-05-17 04:00:00,LONG,0.58,0.58,tp,0.004,1,0.9184,2
2022-05-17 08:00:00,LONG,0.58,0.58,tp,0.004,1,0.927,2
2022-05-17 12:00:00,LONG,0.57,0.57,sl,-0.004,0,0.9104,2
2022-05-17 16:00:00,SHORT,0.57,0.57,sl,-0.003991,0,0.8673,2
2022-05-17 20:00:00,SHORT,0.58,0.57,tp,0.004025,1,0.8671,2
2022-05-18 00:00:00,LONG,0.56,0.56,tp,0.004,1,0.8918,2
2022-05-18 04:00:00,LONG,0.56,0.56,sl,-0.004,0,0.8733,2
2022-05-18 08:00:00,LONG,0.56,0.56,sl,-0.004,0,0.8999,2
2022-05-18 12:00:00,LONG,0.52,0.53,tp,0.004,1,0.9468,2
2022-05-18 16:00:00,LONG,0.53,0.53,sl,-0.004,0,0.9583,2
2022-05-18 20:00:00,LONG,0.51,0.51,tp,0.004,1,0.9453,2
2022-05-19 00:00:00,LONG,0.52,0.52,tp,0.004,1,0.9368,2
2022-05-19 04:00:00,LONG,0.52,0.52,tp,0.004,1,0.9173,2
2022-05-19 08:00:00,LONG,0.53,0.53,tp,0.004,1,0.9413,2
2022-05-19 12:00:00,LONG,0.54,0.54,sl,-0.004,0,0.8935,2
2022-05-19 16:00:00,LONG,0.52,0.53,tp,0.004,1,0.9036,2
2022-05-19 20:00:00,LONG,0.53,0.54,tp,0.004,1,0.8522,2
2022-05-20 00:00:00,LONG,0.53,0.53,tp,0.004,1,0.9084,2
2022-05-20 04:00:00,LONG,0.53,0.53,tp,0.004,1,0.8869,2
2022-05-20 08:00:00,LONG,0.54,0.54,sl,-0.004,0,0.9052,2
2022-05-20 12:00:00,LONG,0.51,0.51,tp,0.004,1,0.9383,2
2022-05-20 16:00:00,LONG,0.51,0.52,tp,0.004,1,0.9093,2
2022-05-20 20:00:00,LONG,0.52,0.52,tp,0.004,1,0.9144,2
2022-05-21 00:00:00,LONG,0.52,0.53,tp,0.004,1,0.87,2
2022-05-21 04:00:00,LONG,0.53,0.53,tp,0.004,1,0.8464,2
2022-05-21 08:00:00,LONG,0.53,0.53,tp,0.004,1,0.8707,2
2022-05-21 12:00:00,LONG,0.54,0.54,sl,-0.004,0,0.8149,2
2022-05-21 16:00:00,LONG,0.53,0.53,sl,-0.004,0,0.8304,2
2022-05-21 20:00:00,SHORT,0.53,0.53,tp,0.004025,1,0.7982,2
2022-05-22 00:00:00,LONG,0.53,0.53,tp,0.004,1,0.7851,2
2022-05-22 04:00:00,SHORT,0.53,0.54,sl,-0.003991,0,0.7689,2
2022-05-22 08:00:00,LONG,0.54,0.55,tp,0.004,1,0.8067,2
2022-05-22 12:00:00,LONG,0.54,0.54,tp,0.004,1,0.8253,2
2022-05-22 16:00:00,LONG,0.53,0.54,tp,0.004,1,0.8275,2
2022-05-22 20:00:00,SHORT,0.54,0.54,tp,0.004025,1,0.8612,2
2022-05-23 00:00:00,LONG,0.54,0.54,tp,0.004,1,0.8591,2
2022-05-23 04:00:00,LONG,0.55,0.55,tp,0.004,1,0.8626,2
2022-05-23 08:00:00,LONG,0.55,0.55,tp,0.004,1,0.8138,2
2022-05-23 12:00:00,LONG,0.55,0.56,tp,0.004,1,0.8681,2
2022-05-23 16:00:00,LONG,0.52,0.52,tp,0.004,1,0.9391,2
2022-05-23 20:00:00,LONG,0.51,0.52,tp,0.004,1,0.9477,2
2022-05-24 00:00:00,LONG,0.52,0.52,sl,-0.004,0,0.9167,2
2022-05-24 04:00:00,LONG,0.52,0.52,sl,-0.004,0,0.8915,2
2022-05-24 08:00:00,LONG,0.52,0.52,tp,0.004,1,0.9019,2
2022-05-24 12:00:00,LONG,0.52,0.52,tp,0.004,1,0.8204,2
2022-05-24 16:00:00,LONG,0.51,0.52,tp,0.004,1,0.7847,2
2022-05-24 20:00:00,SHORT,0.52,0.52,tp,0.004025,1,0.8607,2
2022-05-25 00:00:00,LONG,0.53,0.53,sl,-0.004,0,0.815,2
2022-05-25 04:00:00,LONG,0.52,0.52,tp,0.004,1,0.8701,2
2022-05-25 08:00:00,LONG,0.51,0.51,tp,0.004,1,0.8818,2
2022-05-25 12:00:00,LONG,0.51,0.52,tp,0.004,1,0.8583,2
2022-05-25 16:00:00,LONG,0.51,0.52,tp,0.004,1,0.8453,2
2022-05-25 20:00:00,LONG,0.51,0.52,tp,0.004,1,0.8473,2
2022-05-26 00:00:00,LONG,0.51,0.51,sl,-0.004,0,0.8841,2
2022-05-26 04:00:00,LONG,0.5,0.5,sl,-0.004,0,0.8876,2
2022-05-26 08:00:00,LONG,0.49,0.49,tp,0.004,1,0.9257,2
2022-05-26 12:00:00,LONG,0.49,0.5,tp,0.004,1,0.9026,2
2022-05-26 16:00:00,LONG,0.48,0.48,tp,0.004,1,0.9332,2
2022-05-26 20:00:00,LONG,0.48,0.48,tp,0.004,1,0.9384,2
2022-05-27 00:00:00,LONG,0.47,0.47,sl,-0.004,0,0.9236,2
2022-05-27 04:00:00,LONG,0.46,0.46,tp,0.004,1,0.9183,2
2022-05-27 08:00:00,LONG,0.46,0.47,tp,0.004,1,0.9239,2
2022-05-27 12:00:00,LONG,0.46,0.46,tp,0.004,1,0.9267,2
2022-05-27 16:00:00,LONG,0.46,0.46,tp,0.004,1,0.9321,2
2022-05-27 20:00:00,LONG,0.46,0.46,tp,0.004,1,0.9255,2
2022-05-28 00:00:00,LONG,0.46,0.46,tp,0.004,1,0.9293,2
2022-05-28 04:00:00,LONG,0.46,0.46,sl,-0.004,0,0.9164,2
2022-05-28 08:00:00,LONG,0.46,0.46,tp,0.004,1,0.9109,2
2022-05-28 12:00:00,LONG,0.46,0.47,tp,0.004,1,0.8146,2
2022-05-28 16:00:00,LONG,0.47,0.47,tp,0.004,1,0.8053,2
2022-05-28 20:00:00,LONG,0.46,0.47,tp,0.004,1,0.8188,2
2022-05-29 00:00:00,LONG,0.46,0.46,tp,0.004,1,0.8101,2
2022-05-29 04:00:00,LONG,0.47,0.47,tp,0.004,1,0.7102,2
2022-05-29 08:00:00,LONG,0.47,0.47,tp,0.004,1,0.7816,2
2022-05-29 12:00:00,LONG,0.47,0.47,tp,0.004,1,0.8729,2
2022-05-29 16:00:00,LONG,0.47,0.48,tp,0.004,1,0.7449,2
2022-05-29 20:00:00,LONG,0.48,0.48,tp,0.004,1,0.7672,2
2022-05-30 00:00:00,LONG,0.51,0.52,tp,0.004,1,0.8907,2
2022-05-30 04:00:00,LONG,0.52,0.52,tp,0.004,1,0.9266,2
2022-05-30 08:00:00,LONG,0.52,0.53,tp,0.004,1,0.9093,2
2022-05-30 12:00:00,LONG,0.54,0.54,tp,0.004,1,0.9057,2
2022-05-30 16:00:00,LONG,0.53,0.54,tp,0.004,1,0.8502,2
2022-05-30 20:00:00,LONG,0.57,0.57,tp,0.004,1,0.9188,2
2022-05-31 00:00:00,SHORT,0.58,0.58,tp,0.004025,1,0.9096,2
2022-05-31 04:00:00,LONG,0.65,0.66,tp,0.004,1,0.9431,2
2022-05-31 08:00:00,SHORT,0.65,0.65,tp,0.004025,1,0.9337,2
2022-05-31 12:00:00,SHORT,0.63,0.63,tp,0.004025,1,0.9429,2
2022-05-31 16:00:00,LONG,0.6,0.6,tp,0.004,1,0.895,2
2022-05-31 20:00:00,SHORT,0.63,0.62,tp,0.004025,1,0.89,2
2022-06-01 00:00:00,SHORT,0.6,0.6,tp,0.004025,1,0.8588,2
2022-06-01 04:00:00,SHORT,0.6,0.6,tp,0.004025,1,0.8392,2
2022-06-01 08:00:00,SHORT,0.6,0.6,tp,0.004025,1,0.8854,2
2022-06-01 12:00:00,SHORT,0.57,0.56,tp,0.004025,1,0.9244,2
2022-06-01 16:00:00,SHORT,0.56,0.55,tp,0.004025,1,0.9217,2
2022-06-01 20:00:00,SHORT,0.55,0.55,sl,-0.003991,0,0.9182,2
2022-06-02 00:00:00,SHORT,0.56,0.56,tp,0.004025,1,0.8702,2
2022-06-02 04:00:00,SHORT,0.57,0.57,tp,0.004025,1,0.8986,2
2022-06-02 08:00:00,SHORT,0.58,0.58,tp,0.004025,1,0.9091,2
2022-06-02 12:00:00,SHORT,0.59,0.58,tp,0.004025,1,0.8932,2
2022-06-02 16:00:00,SHORT,0.58,0.58,tp,0.004025,1,0.8532,2
2022-06-02 20:00:00,SHORT,0.59,0.58,tp,0.004025,1,0.8758,2
2022-06-03 00:00:00,SHORT,0.59,0.59,tp,0.004025,1,0.804,2
2022-06-03 04:00:00,SHORT,0.59,0.58,tp,0.004025,1,0.8204,2
2022-06-03 08:00:00,SHORT,0.56,0.55,tp,0.004025,1,0.9154,2
2022-06-03 12:00:00,LONG,0.55,0.55,tp,0.004,1,0.9445,2
2022-06-03 16:00:00,LONG,0.56,0.56,tp,0.004,1,0.8486,2
2022-06-03 20:00:00,LONG,0.56,0.56,tp,0.004,1,0.8714,2
2022-06-04 00:00:00,LONG,0.55,0.55,tp,0.004,1,0.8817,2
2022-06-04 04:00:00,LONG,0.56,0.57,tp,0.004,1,0.8236,2
2022-06-04 08:00:00,SHORT,0.55,0.55,tp,0.004025,1,0.7939,2
2022-06-04 12:00:00,SHORT,0.56,0.56,tp,0.004025,1,0.8318,2
2022-06-04 16:00:00,SHORT,0.56,0.56,sl,-0.003991,0,0.6913,2
2022-06-04 20:00:00,SHORT,0.57,0.56,tp,0.004025,1,0.7239,2
2022-06-05 04:00:00,SHORT,0.56,0.56,tp,0.004025,1,0.7805,2
2022-06-05 08:00:00,SHORT,0.56,0.56,sl,-0.003991,0,0.7171,2
2022-06-05 12:00:00,SHORT,0.56,0.57,sl,-0.003991,0,0.7917,2
2022-06-05 16:00:00,SHORT,0.58,0.57,tp,0.004025,1,0.8113,2
2022-06-05 20:00:00,SHORT,0.57,0.57,sl,-0.003991,0,0.7761,2
2022-06-06 00:00:00,SHORT,0.62,0.62,sl,-0.003991,0,0.8961,2
2022-06-06 04:00:00,SHORT,0.64,0.63,tp,0.004025,1,0.8903,2
2022-06-06 08:00:00,LONG,0.63,0.63,tp,0.004,1,0.9074,2
2022-06-06 12:00:00,SHORT,0.61,0.61,tp,0.004025,1,0.8557,2
2022-06-06 16:00:00,SHORT,0.61,0.6,tp,0.004025,1,0.8958,2
2022-06-06 20:00:00,SHORT,0.61,0.61,tp,0.004025,1,0.8557,2
2022-06-07 00:00:00,SHORT,0.59,0.59,tp,0.004025,1,0.8884,2
2022-06-07 04:00:00,LONG,0.59,0.59,tp,0.004,1,0.8191,2
2022-06-07 08:00:00,LONG,0.58,0.59,tp,0.004,1,0.8717,2
2022-06-07 12:00:00,LONG,0.62,0.62,tp,0.004,1,0.9074,2
2022-06-07 16:00:00,LONG,0.63,0.63,tp,0.004,1,0.902,2
2022-06-07 20:00:00,SHORT,0.61,0.61,tp,0.004025,1,0.8744,2
2022-06-08 00:00:00,LONG,0.63,0.63,tp,0.004,1,0.8868,2
2022-06-08 04:00:00,SHORT,0.64,0.63,tp,0.004025,1,0.8653,2
2022-06-08 08:00:00,SHORT,0.64,0.64,tp,0.004025,1,0.882,2
2022-06-08 12:00:00,SHORT,0.66,0.66,tp,0.004025,1,0.9245,2
2022-06-08 16:00:00,LONG,0.65,0.65,tp,0.004,1,0.8546,2
2022-06-08 20:00:00,LONG,0.64,0.64,tp,0.004,1,0.8803,2
2022-06-09 00:00:00,SHORT,0.64,0.64,tp,0.004025,1,0.8473,2
2022-06-09 04:00:00,SHORT,0.65,0.65,tp,0.004025,1,0.8971,2
2022-06-09 08:00:00,SHORT,0.64,0.64,tp,0.004025,1,0.8103,2
2022-06-09 12:00:00,LONG,0.64,0.64,tp,0.004,1,0.8411,2
2022-06-09 16:00:00,LONG,0.63,0.63,tp,0.004,1,0.9042,2
2022-06-09 20:00:00,LONG,0.63,0.64,tp,0.004,1,0.8798,2
2022-06-10 00:00:00,LONG,0.63,0.63,sl,-0.004,0,0.8307,2
2022-06-10 04:00:00,LONG,0.62,0.62,sl,-0.004,0,0.8257,2
2022-06-10 08:00:00,SHORT,0.61,0.61,tp,0.004025,1,0.8292,2
2022-06-10 12:00:00,SHORT,0.59,0.58,tp,0.004025,1,0.9179,2
2022-06-10 16:00:00,SHORT,0.57,0.57,sl,-0.003991,0,0.9032,2
2022-06-10 20:00:00,SHORT,0.57,0.58,sl,-0.003991,0,0.8722,2
2022-06-11 00:00:00,SHORT,0.58,0.59,sl,-0.003991,0,0.8113,2
2022-06-11 04:00:00,SHORT,0.61,0.6,tp,0.004025,1,0.8782,2
2022-06-11 08:00:00,SHORT,0.58,0.58,tp,0.004025,1,0.9253,2
2022-06-11 12:00:00,LONG,0.55,0.56,tp,0.004,1,0.9348,2
2022-06-11 16:00:00,LONG,0.56,0.56,tp,0.004,1,0.9121,2
2022-06-11 20:00:00,SHORT,0.55,0.55,tp,0.004025,1,0.8831,2
2022-06-12 00:00:00,LONG,0.52,0.52,tp,0.004,1,0.9581,2
2022-06-12 04:00:00,LONG,0.52,0.52,tp,0.004,1,0.9527,2
2022-06-12 08:00:00,LONG,0.52,0.52,tp,0.004,1,0.9567,2
2022-06-12 12:00:00,LONG,0.53,0.54,tp,0.004,1,0.9648,2
2022-06-12 16:00:00,LONG,0.52,0.52,tp,0.004,1,0.9431,2
2022-06-12 20:00:00,LONG,0.49,0.49,tp,0.004,1,0.9506,2
2022-06-13 00:00:00,LONG,0.48,0.48,tp,0.004,1,0.9694,2
2022-06-13 04:00:00,LONG,0.45,0.45,tp,0.004,1,0.9604,2
2022-06-13 08:00:00,LONG,0.45,0.45,tp,0.004,1,0.9612,2
2022-06-13 12:00:00,LONG,0.47,0.47,tp,0.004,1,0.9669,2
2022-06-13 16:00:00,LONG,0.47,0.48,tp,0.004,1,0.9618,2
2022-06-13 20:00:00,LONG,0.46,0.47,tp,0.004,1,0.9593,2
2022-06-14 00:00:00,LONG,0.48,0.48,tp,0.004,1,0.9024,2
2022-06-14 04:00:00,SHORT,0.52,0.51,tp,0.004025,1,0.9399,2
2022-06-14 08:00:00,SHORT,0.49,0.49,tp,0.004025,1,0.9147,2
2022-06-14 12:00:00,SHORT,0.5,0.5,tp,0.004025,1,0.9264,2
2022-06-14 16:00:00,LONG,0.48,0.48,tp,0.004,1,0.9042,2
2022-06-14 20:00:00,SHORT,0.48,0.48,tp,0.004025,1,0.8892,2
2022-06-15 00:00:00,LONG,0.47,0.47,tp,0.004,1,0.9353,2
2022-06-15 04:00:00,LONG,0.46,0.46,tp,0.004,1,0.9437,2
2022-06-15 08:00:00,SHORT,0.48,0.48,tp,0.004025,1,0.9258,2
2022-06-15 12:00:00,LONG,0.47,0.48,tp,0.004,1,0.9362,2
2022-06-15 16:00:00,LONG,0.51,0.51,tp,0.004,1,0.9577,2
2022-06-15 20:00:00,SHORT,0.53,0.53,tp,0.004025,1,0.8929,2
2022-06-16 00:00:00,LONG,0.52,0.52,tp,0.004,1,0.9057,2
2022-06-16 04:00:00,LONG,0.5,0.5,sl,-0.004,0,0.8757,2
2022-06-16 08:00:00,LONG,0.49,0.49,tp,0.004,1,0.9205,2
2022-06-16 12:00:00,LONG,0.49,0.5,tp,0.004,1,0.8838,2
2022-06-16 16:00:00,LONG,0.49,0.49,tp,0.004,1,0.9159,2
2022-06-16 20:00:00,LONG,0.48,0.48,tp,0.004,1,0.9138,2
2022-06-17 00:00:00,LONG,0.48,0.49,tp,0.004,1,0.9152,2
2022-06-17 04:00:00,LONG,0.5,0.5,tp,0.004,1,0.8793,2
2022-06-17 08:00:00,SHORT,0.49,0.49,tp,0.004025,1,0.8949,2
2022-06-17 12:00:00,SHORT,0.49,0.49,tp,0.004025,1,0.8888,2
2022-06-17 16:00:00,LONG,0.49,0.49,tp,0.004,1,0.866,2
2022-06-17 20:00:00,LONG,0.49,0.49,tp,0.004,1,0.848,2
2022-06-18 00:00:00,LONG,0.49,0.49,tp,0.004,1,0.8251,2
2022-06-18 04:00:00,LONG,0.46,0.46,tp,0.004,1,0.9168,2
2022-06-18 08:00:00,LONG,0.47,0.47,sl,-0.004,0,0.9415,2
2022-06-18 12:00:00,LONG,0.46,0.46,tp,0.004,1,0.9398,2
2022-06-18 16:00:00,LONG,0.43,0.44,tp,0.004,1,0.9291,2
2022-06-18 20:00:00,LONG,0.46,0.46,tp,0.004,1,0.9495,2
2022-06-19 00:00:00,LONG,0.44,0.44,tp,0.004,1,0.9159,2
2022-06-19 04:00:00,LONG,0.45,0.45,tp,0.004,1,0.9391,2
2022-06-19 08:00:00,LONG,0.47,0.47,tp,0.004,1,0.9053,2
2022-06-19 12:00:00,LONG,0.47,0.47,tp,0.004,1,0.8929,2
2022-06-19 16:00:00,LONG,0.47,0.48,tp,0.004,1,0.8796,2
2022-06-19 20:00:00,LONG,0.49,0.49,tp,0.004,1,0.8373,2
2022-06-20 00:00:00,LONG,0.47,0.47,tp,0.004,1,0.89,2
2022-06-20 04:00:00,LONG,0.47,0.47,tp,0.004,1,0.8757,2
2022-06-20 08:00:00,LONG,0.5,0.51,tp,0.004,1,0.9185,2
2022-06-20 12:00:00,SHORT,0.5,0.5,tp,0.004025,1,0.8645,2
2022-06-20 16:00:00,LONG,0.49,0.49,tp,0.004,1,0.8728,2
2022-06-20 20:00:00,LONG,0.49,0.49,tp,0.004,1,0.9057,2
2022-06-21 00:00:00,LONG,0.49,0.5,tp,0.004,1,0.8718,2
2022-06-21 04:00:00,LONG,0.5,0.5,tp,0.004,1,0.8965,2
2022-06-21 08:00:00,LONG,0.5,0.5,tp,0.004,1,0.9277,2
2022-06-21 12:00:00,LONG,0.5,0.5,tp,0.004,1,0.9132,2
2022-06-21 16:00:00,LONG,0.48,0.48,tp,0.004,1,0.9272,2
2022-06-21 20:00:00,LONG,0.48,0.48,sl,-0.004,0,0.9196,2
2022-06-22 00:00:00,LONG,0.46,0.47,tp,0.004,1,0.9572,2
2022-06-22 04:00:00,LONG,0.46,0.46,tp,0.004,1,0.9577,2
2022-06-22 08:00:00,LONG,0.47,0.47,tp,0.004,1,0.8973,2
2022-06-22 12:00:00,LONG,0.47,0.47,tp,0.004,1,0.9407,2
2022-06-22 16:00:00,LONG,0.47,0.47,tp,0.004,1,0.9159,2
2022-06-22 20:00:00,LONG,0.46,0.46,tp,0.004,1,0.9155,2
2022-06-23 00:00:00,LONG,0.47,0.47,tp,0.004,1,0.8734,2
2022-06-23 04:00:00,SHORT,0.47,0.47,tp,0.004025,1,0.8586,2
2022-06-23 08:00:00,SHORT,0.47,0.47,tp,0.004025,1,0.8437,2
2022-06-23 12:00:00,SHORT,0.47,0.46,tp,0.004025,1,0.8335,2
2022-06-23 16:00:00,SHORT,0.47,0.48,sl,-0.003991,0,0.8421,2
2022-06-23 20:00:00,SHORT,0.48,0.48,tp,0.004025,1,0.8517,2
2022-06-24 00:00:00,LONG,0.49,0.49,tp,0.004,1,0.8823,2
2022-06-24 04:00:00,LONG,0.49,0.5,tp,0.004,1,0.7847,2
2022-06-24 08:00:00,LONG,0.5,0.5,tp,0.004,1,0.836,2
2022-06-24 12:00:00,LONG,0.49,0.49,tp,0.004,1,0.8679,2
2022-06-24 16:00:00,SHORT,0.5,0.5,tp,0.004025,1,0.8289,2
2022-06-24 20:00:00,LONG,0.5,0.5,tp,0.004,1,0.8413,2
2022-06-25 00:00:00,LONG,0.5,0.5,tp,0.004,1,0.7752,2
2022-06-25 04:00:00,SHORT,0.5,0.5,tp,0.004025,1,0.8562,2
2022-06-25 08:00:00,LONG,0.5,0.5,sl,-0.004,0,0.7691,2
2022-06-25 12:00:00,LONG,0.48,0.48,tp,0.004,1,0.9056,2
2022-06-25 16:00:00,LONG,0.49,0.49,tp,0.004,1,0.8493,2
2022-06-25 20:00:00,LONG,0.5,0.5,tp,0.004,1,0.8076,2
2022-06-26 00:00:00,LONG,0.5,0.5,tp,0.004,1,0.8736,2
2022-06-26 04:00:00,LONG,0.52,0.52,tp,0.004,1,0.9156,2
2022-06-26 08:00:00,SHORT,0.52,0.52,tp,0.004025,1,0.8415,2
2022-06-26 12:00:00,SHORT,0.51,0.51,tp,0.004025,1,0.8566,2
2022-06-26 16:00:00,SHORT,0.5,0.5,tp,0.004025,1,0.8205,2
2022-06-26 20:00:00,LONG,0.49,0.49,tp,0.004,1,0.8439,2
2022-06-27 00:00:00,LONG,0.5,0.5,tp,0.004,1,0.726,2
2022-06-27 04:00:00,SHORT,0.5,0.5,sl,-0.003991,0,0.803,2
2022-06-27 08:00:00,LONG,0.5,0.5,sl,-0.004,0,0.8726,2
2022-06-27 12:00:00,LONG,0.49,0.49,sl,-0.004,0,0.8561,2
2022-06-27 16:00:00,LONG,0.49,0.49,tp,0.004,1,0.8169,2
2022-06-27 20:00:00,LONG,0.49,0.49,tp,0.004,1,0.8533,2
2022-06-28 00:00:00,LONG,0.48,0.49,tp,0.004,1,0.778,2
2022-06-28 04:00:00,LONG,0.49,0.49,tp,0.004,1,0.7901,2
2022-06-28 08:00:00,LONG,0.49,0.49,tp,0.004,1,0.8343,2
2022-06-28 12:00:00,LONG,0.48,0.48,tp,0.004,1,0.8146,2
2022-06-28 16:00:00,LONG,0.47,0.48,tp,0.004,1,0.8439,2
2022-06-28 20:00:00,LONG,0.47,0.47,tp,0.004,1,0.8646,2
2022-07-01 00:00:00,LONG,0.46,0.46,tp,0.004,1,0.8625,3
2022-07-01 04:00:00,LONG,0.46,0.46,tp,0.004,1,0.8455,3
2022-07-01 08:00:00,LONG,0.45,0.45,tp,0.004,1,0.8253,3
2022-07-01 12:00:00,LONG,0.45,0.45,tp,0.004,1,0.8403,3
2022-07-01 16:00:00,LONG,0.45,0.45,tp,0.004,1,0.7985,3
2022-07-01 20:00:00,LONG,0.45,0.45,tp,0.004,1,0.8515,3
2022-07-02 00:00:00,LONG,0.45,0.45,tp,0.004,1,0.841,3
2022-07-02 04:00:00,LONG,0.45,0.45,tp,0.004,1,0.8107,3
2022-07-02 08:00:00,LONG,0.45,0.45,tp,0.004,1,0.8078,3
2022-07-02 12:00:00,LONG,0.45,0.45,tp,0.004,1,0.7745,3
2022-07-02 16:00:00,LONG,0.46,0.46,tp,0.004,1,0.8257,3
2022-07-02 20:00:00,SHORT,0.46,0.45,tp,0.004025,1,0.7713,3
2022-07-03 00:00:00,LONG,0.45,0.46,tp,0.004,1,0.7221,3
2022-07-03 04:00:00,LONG,0.45,0.45,sl,-0.004,0,0.7484,3
2022-07-03 08:00:00,LONG,0.45,0.45,sl,-0.004,0,0.7134,3
2022-07-03 12:00:00,SHORT,0.45,0.45,sl,-0.003991,0,0.7119,3
2022-07-03 16:00:00,LONG,0.46,0.46,tp,0.004,1,0.7503,3
2022-07-03 20:00:00,LONG,0.46,0.45,sl,-0.004,0,0.761,3
2022-07-04 04:00:00,LONG,0.45,0.45,tp,0.004,1,0.6937,3
2022-07-04 08:00:00,LONG,0.47,0.47,tp,0.004,1,0.8077,3
2022-07-04 12:00:00,SHORT,0.45,0.46,sl,-0.003991,0,0.8449,3
2022-07-04 16:00:00,LONG,0.46,0.46,tp,0.004,1,0.7903,3
2022-07-04 20:00:00,SHORT,0.47,0.47,tp,0.004025,1,0.81,3
2022-07-05 00:00:00,SHORT,0.47,0.46,tp,0.004025,1,0.7889,3
2022-07-05 04:00:00,LONG,0.47,0.46,sl,-0.004,0,0.7851,3
2022-07-05 08:00:00,LONG,0.45,0.45,sl,-0.004,0,0.7714,3
2022-07-05 12:00:00,SHORT,0.45,0.45,sl,-0.003991,0,0.8177,3
2022-07-05 16:00:00,SHORT,0.46,0.46,tp,0.004025,1,0.7518,3
2022-07-05 20:00:00,SHORT,0.46,0.45,tp,0.004025,1,0.7852,3
2022-07-06 00:00:00,LONG,0.45,0.46,tp,0.004,1,0.7519,3
2022-07-06 04:00:00,LONG,0.46,0.46,tp,0.004,1,0.7946,3
2022-07-06 08:00:00,SHORT,0.46,0.45,tp,0.004025,1,0.7942,3
2022-07-06 12:00:00,SHORT,0.46,0.46,sl,-0.003991,0,0.7785,3
2022-07-06 16:00:00,LONG,0.46,0.46,tp,0.004,1,0.7031,3
2022-07-06 20:00:00,SHORT,0.46,0.46,sl,-0.003991,0,0.7418,3
2022-07-07 00:00:00,SHORT,0.46,0.46,sl,-0.003991,0,0.7427,3
2022-07-07 04:00:00,LONG,0.47,0.47,tp,0.004,1,0.7018,3
2022-07-07 12:00:00,SHORT,0.47,0.47,sl,-0.003991,0,0.776,3
2022-07-07 16:00:00,LONG,0.48,0.48,sl,-0.004,0,0.8524,3
2022-07-07 20:00:00,SHORT,0.48,0.48,sl,-0.003991,0,0.7379,3
2022-07-08 00:00:00,LONG,0.48,0.48,sl,-0.004,0,0.8123,3
2022-07-08 04:00:00,SHORT,0.48,0.47,tp,0.004025,1,0.7777,3
2022-07-08 08:00:00,SHORT,0.47,0.47,tp,0.004025,1,0.7221,3
2022-07-08 12:00:00,LONG,0.47,0.47,sl,-0.004,0,0.7653,3
2022-07-08 16:00:00,LONG,0.47,0.47,tp,0.004,1,0.7451,3
2022-07-08 20:00:00,LONG,0.47,0.47,tp,0.004,1,0.7375,3
2022-07-09 00:00:00,LONG,0.47,0.48,tp,0.004,1,0.6696,3
2022-07-09 04:00:00,LONG,0.48,0.48,tp,0.004,1,0.7106,3
2022-07-09 08:00:00,SHORT,0.48,0.47,tp,0.004025,1,0.7386,3
2022-07-09 12:00:00,SHORT,0.48,0.48,sl,-0.003991,0,0.6863,3
2022-07-09 16:00:00,SHORT,0.48,0.48,tp,0.004025,1,0.6802,3
2022-07-09 20:00:00,SHORT,0.48,0.48,tp,0.004025,1,0.7043,3
2022-07-10 04:00:00,LONG,0.47,0.47,sl,-0.004,0,0.6835,3
2022-07-10 08:00:00,LONG,0.47,0.47,sl,-0.004,0,0.6993,3
2022-07-10 12:00:00,SHORT,0.46,0.46,tp,0.004025,1,0.7385,3
2022-07-10 16:00:00,SHORT,0.46,0.46,sl,-0.003991,0,0.6998,3
2022-07-10 20:00:00,SHORT,0.46,0.46,tp,0.004025,1,0.717,3
2022-07-11 00:00:00,LONG,0.45,0.45,sl,-0.004,0,0.7495,3
2022-07-11 04:00:00,SHORT,0.45,0.45,sl,-0.003991,0,0.7676,3
2022-07-11 08:00:00,LONG,0.45,0.45,sl,-0.004,0,0.7716,3
2022-07-11 12:00:00,SHORT,0.45,0.44,tp,0.004025,1,0.8416,3
2022-07-11 16:00:00,LONG,0.45,0.45,sl,-0.004,0,0.8082,3
2022-07-11 20:00:00,SHORT,0.43,0.44,sl,-0.003991,0,0.8722,3
2022-07-12 00:00:00,LONG,0.44,0.44,tp,0.004,1,0.8048,3
2022-07-12 04:00:00,SHORT,0.43,0.43,tp,0.004025,1,0.8256,3
2022-07-12 08:00:00,LONG,0.43,0.43,tp,0.004,1,0.841,3
2022-07-12 12:00:00,SHORT,0.43,0.43,tp,0.004025,1,0.7852,3
2022-07-12 16:00:00,LONG,0.43,0.43,tp,0.004,1,0.8341,3
2022-07-12 20:00:00,LONG,0.42,0.42,tp,0.004,1,0.8446,3
2022-07-13 00:00:00,LONG,0.42,0.42,tp,0.004,1,0.8553,3
2022-07-13 04:00:00,SHORT,0.43,0.43,sl,-0.003991,0,0.8112,3
2022-07-13 08:00:00,LONG,0.43,0.43,tp,0.004,1,0.7309,3
2022-07-13 12:00:00,LONG,0.42,0.42,tp,0.004,1,0.8662,3
2022-07-13 16:00:00,LONG,0.42,0.42,tp,0.004,1,0.8153,3
2022-07-13 20:00:00,LONG,0.44,0.44,sl,-0.004,0,0.7869,3
2022-07-14 00:00:00,SHORT,0.43,0.43,tp,0.004025,1,0.7454,3
2022-07-14 04:00:00,SHORT,0.43,0.42,tp,0.004025,1,0.7448,3
2022-07-14 08:00:00,LONG,0.42,0.42,tp,0.004,1,0.7986,3
2022-07-14 12:00:00,SHORT,0.43,0.43,tp,0.004025,1,0.8047,3
2022-07-14 16:00:00,LONG,0.44,0.44,tp,0.004,1,0.8005,3
2022-07-14 20:00:00,LONG,0.44,0.44,tp,0.004,1,0.8105,3
2022-07-15 00:00:00,LONG,0.44,0.44,tp,0.004,1,0.8144,3
2022-07-15 04:00:00,LONG,0.44,0.44,sl,-0.004,0,0.7738,3
2022-07-15 08:00:00,LONG,0.44,0.44,tp,0.004,1,0.7553,3
2022-07-15 12:00:00,LONG,0.44,0.44,tp,0.004,1,0.7951,3
2022-07-15 16:00:00,SHORT,0.45,0.45,tp,0.004025,1,0.7686,3
2022-07-15 20:00:00,LONG,0.44,0.44,sl,-0.004,0,0.8348,3
2022-07-16 00:00:00,LONG,0.44,0.44,tp,0.004,1,0.7558,3
2022-07-16 04:00:00,LONG,0.43,0.44,tp,0.004,1,0.8155,3
2022-07-16 08:00:00,LONG,0.44,0.44,tp,0.004,1,0.7993,3
2022-07-16 12:00:00,LONG,0.45,0.45,tp,0.004,1,0.769,3
2022-07-16 16:00:00,LONG,0.45,0.45,tp,0.004,1,0.8864,3
2022-07-16 20:00:00,LONG,0.46,0.46,tp,0.004,1,0.8322,3
2022-07-17 00:00:00,SHORT,0.45,0.46,sl,-0.003991,0,0.7359,3
2022-07-17 04:00:00,LONG,0.46,0.46,tp,0.004,1,0.7882,3
2022-07-17 08:00:00,SHORT,0.45,0.45,tp,0.004025,1,0.7665,3
2022-07-17 12:00:00,SHORT,0.45,0.45,tp,0.004025,1,0.792,3
2022-07-17 16:00:00,LONG,0.45,0.45,tp,0.004,1,0.7762,3
2022-07-17 20:00:00,LONG,0.45,0.45,tp,0.004,1,0.7755,3
2022-07-18 00:00:00,LONG,0.46,0.46,tp,0.004,1,0.7964,3
2022-07-18 04:00:00,LONG,0.47,0.48,tp,0.004,1,0.8874,3
2022-07-18 08:00:00,SHORT,0.49,0.49,tp,0.004025,1,0.8879,3
2022-07-18 12:00:00,LONG,0.5,0.5,sl,-0.004,0,0.8649,3
2022-07-18 16:00:00,SHORT,0.47,0.47,sl,-0.003991,0,0.8805,3
2022-07-18 20:00:00,LONG,0.49,0.49,tp,0.004,1,0.8499,3
2022-07-19 00:00:00,LONG,0.48,0.48,tp,0.004,1,0.8724,3
2022-07-19 04:00:00,LONG,0.48,0.48,tp,0.004,1,0.8217,3
2022-07-19 08:00:00,LONG,0.49,0.49,tp,0.004,1,0.8379,3
2022-07-19 12:00:00,SHORT,0.5,0.5,sl,-0.003991,0,0.8908,3
2022-07-19 16:00:00,LONG,0.51,0.51,tp,0.004,1,0.8434,3
2022-07-19 20:00:00,LONG,0.52,0.52,tp,0.004,1,0.8755,3
2022-07-20 00:00:00,SHORT,0.53,0.53,sl,-0.003991,0,0.8742,3
2022-07-20 04:00:00,SHORT,0.53,0.53,tp,0.004025,1,0.8803,3
2022-07-20 08:00:00,SHORT,0.53,0.52,tp,0.004025,1,0.8733,3
2022-07-20 12:00:00,SHORT,0.53,0.52,tp,0.004025,1,0.8816,3
2022-07-20 16:00:00,SHORT,0.51,0.5,tp,0.004025,1,0.8855,3
2022-07-20 20:00:00,LONG,0.49,0.49,tp,0.004,1,0.8911,3
2022-07-21 00:00:00,LONG,0.48,0.48,tp,0.004,1,0.8997,3
2022-07-21 04:00:00,LONG,0.49,0.49,tp,0.004,1,0.8357,3
2022-07-21 08:00:00,SHORT,0.48,0.48,tp,0.004025,1,0.8441,3
2022-07-21 12:00:00,SHORT,0.48,0.48,sl,-0.003991,0,0.8612,3
2022-07-21 16:00:00,SHORT,0.5,0.49,tp,0.004025,1,0.9015,3
2022-07-21 20:00:00,SHORT,0.5,0.5,tp,0.004025,1,0.8804,3
2022-07-22 00:00:00,SHORT,0.49,0.49,tp,0.004025,1,0.7979,3
2022-07-22 04:00:00,SHORT,0.5,0.5,sl,-0.003991,0,0.8258,3
2022-07-22 08:00:00,SHORT,0.51,0.51,tp,0.004025,1,0.8719,3
2022-07-22 12:00:00,SHORT,0.49,0.49,tp,0.004025,1,0.862,3
2022-07-22 16:00:00,LONG,0.48,0.48,tp,0.004,1,0.8012,3
2022-07-22 20:00:00,SHORT,0.48,0.48,tp,0.004025,1,0.7969,3
2022-07-23 00:00:00,LONG,0.49,0.49,tp,0.004,1,0.7647,3
2022-07-23 04:00:00,LONG,0.49,0.49,sl,-0.004,0,0.773,3
2022-07-23 08:00:00,LONG,0.48,0.48,tp,0.004,1,0.8215,3
2022-07-23 12:00:00,LONG,0.48,0.49,tp,0.004,1,0.7579,3
2022-07-23 16:00:00,SHORT,0.48,0.48,sl,-0.003991,0,0.6998,3
2022-07-23 20:00:00,LONG,0.52,0.52,tp,0.004,1,0.8507,3
2022-07-24 00:00:00,LONG,0.51,0.51,tp,0.004,1,0.82,3
2022-07-24 04:00:00,SHORT,0.52,0.52,sl,-0.003991,0,0.7828,3
2022-07-24 08:00:00,LONG,0.53,0.53,tp,0.004,1,0.7901,3
2022-07-24 12:00:00,SHORT,0.53,0.52,tp,0.004025,1,0.812,3
2022-07-24 16:00:00,SHORT,0.52,0.51,tp,0.004025,1,0.8454,3
2022-07-24 20:00:00,LONG,0.51,0.51,tp,0.004,1,0.8568,3
2022-07-25 00:00:00,LONG,0.49,0.5,tp,0.004,1,0.835,3
2022-07-25 04:00:00,SHORT,0.5,0.49,tp,0.004025,1,0.8147,3
2022-07-25 08:00:00,LONG,0.49,0.49,tp,0.004,1,0.8302,3
2022-07-25 12:00:00,LONG,0.49,0.49,tp,0.004,1,0.8426,3
2022-07-25 16:00:00,LONG,0.49,0.49,tp,0.004,1,0.8439,3
2022-07-25 20:00:00,LONG,0.48,0.47,sl,-0.004,0,0.8228,3
2022-07-26 00:00:00,SHORT,0.47,0.47,tp,0.004025,1,0.7855,3
2022-07-26 04:00:00,LONG,0.47,0.47,tp,0.004,1,0.8092,3
2022-07-26 08:00:00,LONG,0.47,0.47,sl,-0.004,0,0.7843,3
2022-07-26 12:00:00,SHORT,0.45,0.45,sl,-0.003991,0,0.8879,3
2022-07-26 16:00:00,LONG,0.46,0.46,tp,0.004,1,0.8496,3
2022-07-26 20:00:00,SHORT,0.47,0.47,tp,0.004025,1,0.8645,3
2022-07-27 00:00:00,LONG,0.46,0.46,tp,0.004,1,0.8434,3
2022-07-27 04:00:00,SHORT,0.47,0.47,tp,0.004025,1,0.8378,3
2022-07-27 08:00:00,LONG,0.46,0.47,tp,0.004,1,0.7866,3
2022-07-27 12:00:00,SHORT,0.47,0.47,tp,0.004025,1,0.858,3
2022-07-27 16:00:00,LONG,0.5,0.51,tp,0.004,1,0.8631,3
2022-07-27 20:00:00,SHORT,0.51,0.51,tp,0.004025,1,0.8241,3
2022-07-28 00:00:00,SHORT,0.51,0.51,tp,0.004025,1,0.7896,3
2022-07-28 04:00:00,SHORT,0.5,0.5,tp,0.004025,1,0.8129,3
2022-07-28 08:00:00,SHORT,0.5,0.5,tp,0.004025,1,0.8183,3
2022-07-28 12:00:00,SHORT,0.51,0.51,tp,0.004025,1,0.8707,3
2022-07-28 16:00:00,LONG,0.51,0.51,tp,0.004,1,0.7872,3
2022-07-28 20:00:00,LONG,0.51,0.52,tp,0.004,1,0.793,3
2022-07-29 00:00:00,SHORT,0.53,0.53,tp,0.004025,1,0.8858,3
2022-07-29 04:00:00,SHORT,0.53,0.53,tp,0.004025,1,0.7993,3
2022-07-29 08:00:00,SHORT,0.52,0.52,tp,0.004025,1,0.8611,3
2022-07-29 12:00:00,SHORT,0.53,0.52,tp,0.004025,1,0.8596,3
2022-07-29 16:00:00,LONG,0.52,0.53,tp,0.004,1,0.813,3
2022-07-29 20:00:00,SHORT,0.52,0.52,tp,0.004025,1,0.7837,3
2022-07-30 00:00:00,LONG,0.52,0.52,tp,0.004,1,0.8173,3
2022-07-30 04:00:00,LONG,0.52,0.52,tp,0.004,1,0.8071,3
2022-07-30 08:00:00,SHORT,0.53,0.53,sl,-0.003991,0,0.8038,3
2022-07-30 12:00:00,SHORT,0.55,0.54,tp,0.004025,1,0.8708,3
2022-07-30 16:00:00,LONG,0.53,0.53,tp,0.004,1,0.7722,3
2022-07-30 20:00:00,SHORT,0.53,0.52,tp,0.004025,1,0.8071,3
2022-07-31 00:00:00,SHORT,0.53,0.53,sl,-0.003991,0,0.7032,3
2022-07-31 04:00:00,SHORT,0.53,0.53,tp,0.004025,1,0.7991,3
2022-07-31 08:00:00,SHORT,0.53,0.53,tp,0.004025,1,0.7802,3
2022-07-31 12:00:00,SHORT,0.53,0.53,tp,0.004025,1,0.7553,3
2022-07-31 16:00:00,SHORT,0.53,0.53,tp,0.004025,1,0.7583,3
2022-07-31 20:00:00,LONG,0.52,0.52,tp,0.004,1,0.7984,3
2022-08-01 00:00:00,LONG,0.52,0.52,sl,-0.004,0,0.7666,3
2022-08-01 04:00:00,SHORT,0.52,0.52,tp,0.004025,1,0.721,3
2022-08-01 08:00:00,SHORT,0.51,0.51,tp,0.004025,1,0.8143,3
2022-08-01 12:00:00,SHORT,0.52,0.51,tp,0.004025,1,0.786,3
2022-08-01 16:00:00,LONG,0.51,0.51,tp,0.004,1,0.7709,3
2022-08-01 20:00:00,SHORT,0.51,0.51,tp,0.004025,1,0.7462,3
2022-08-02 00:00:00,LONG,0.49,0.49,tp,0.004,1,0.8491,3
2022-08-02 04:00:00,SHORT,0.5,0.49,tp,0.004025,1,0.8288,3
2022-08-02 08:00:00,LONG,0.5,0.5,tp,0.004,1,0.791,3
2022-08-02 12:00:00,SHORT,0.5,0.5,tp,0.004025,1,0.8152,3
2022-08-02 16:00:00,LONG,0.5,0.5,tp,0.004,1,0.774,3
2022-08-02 20:00:00,LONG,0.5,0.5,tp,0.004,1,0.793,3
2022-08-03 00:00:00,SHORT,0.5,0.5,sl,-0.003991,0,0.7937,3
2022-08-03 04:00:00,SHORT,0.5,0.5,sl,-0.003991,0,0.7698,3
2022-08-03 08:00:00,SHORT,0.51,0.51,tp,0.004025,1,0.7665,3
2022-08-03 12:00:00,LONG,0.51,0.51,tp,0.004,1,0.7725,3
2022-08-03 16:00:00,SHORT,0.51,0.51,tp,0.004025,1,0.7779,3
2022-08-03 20:00:00,LONG,0.5,0.5,tp,0.004,1,0.7717,3
2022-08-04 00:00:00,LONG,0.51,0.51,tp,0.004,1,0.7078,3
2022-08-04 04:00:00,LONG,0.5,0.5,sl,-0.004,0,0.7679,3
2022-08-04 08:00:00,LONG,0.5,0.5,tp,0.004,1,0.7409,3
2022-08-04 12:00:00,SHORT,0.5,0.5,tp,0.004025,1,0.75,3
2022-08-04 16:00:00,SHORT,0.5,0.5,sl,-0.003991,0,0.6628,3
2022-08-04 20:00:00,SHORT,0.5,0.5,sl,-0.003991,0,0.7691,3
2022-08-05 00:00:00,SHORT,0.51,0.51,sl,-0.003991,0,0.6788,3
2022-08-05 04:00:00,LONG,0.51,0.51,tp,0.004,1,0.6854,3
2022-08-05 08:00:00,SHORT,0.52,0.51,tp,0.004025,1,0.7616,3
2022-08-05 12:00:00,SHORT,0.51,0.51,sl,-0.003991,0,0.7683,3
2022-08-05 16:00:00,SHORT,0.51,0.51,sl,-0.003991,0,0.6935,3
2022-08-05 20:00:00,SHORT,0.52,0.51,tp,0.004025,1,0.7401,3
2022-08-06 04:00:00,SHORT,0.52,0.52,tp,0.004025,1,0.6809,3
2022-08-06 12:00:00,SHORT,0.52,0.52,tp,0.004025,1,0.7112,3
2022-08-06 20:00:00,SHORT,0.51,0.51,tp,0.004025,1,0.6596,3
2022-08-07 00:00:00,LONG,0.51,0.51,tp,0.004,1,0.6667,3
2022-08-07 08:00:00,LONG,0.52,0.52,tp,0.004,1,0.697,3
2022-08-07 20:00:00,LONG,0.53,0.53,tp,0.004,1,0.8059,3
2022-08-08 00:00:00,LONG,0.53,0.54,tp,0.004,1,0.6588,3
2022-08-08 04:00:00,LONG,0.54,0.54,tp,0.004,1,0.8007,3
2022-08-08 08:00:00,LONG,0.55,0.55,sl,-0.004,0,0.8025,3
2022-08-08 12:00:00,LONG,0.53,0.53,sl,-0.004,0,0.7535,3
2022-08-08 16:00:00,LONG,0.53,0.54,tp,0.004,1,0.7111,3
2022-08-08 20:00:00,SHORT,0.54,0.53,tp,0.004025,1,0.6771,3
2022-08-09 00:00:00,SHORT,0.53,0.53,sl,-0.003991,0,0.6568,3
2022-08-09 04:00:00,LONG,0.53,0.53,sl,-0.004,0,0.7232,3
2022-08-09 08:00:00,LONG,0.52,0.52,tp,0.004,1,0.8184,3
2022-08-09 12:00:00,LONG,0.51,0.51,tp,0.004,1,0.8394,3
2022-08-09 16:00:00,LONG,0.51,0.51,tp,0.004,1,0.7902,3
2022-08-09 20:00:00,LONG,0.51,0.51,sl,-0.004,0,0.7755,3
2022-08-10 00:00:00,LONG,0.51,0.51,tp,0.004,1,0.7827,3
2022-08-10 04:00:00,LONG,0.51,0.51,tp,0.004,1,0.7565,3
2022-08-10 08:00:00,SHORT,0.51,0.51,sl,-0.003991,0,0.7412,3
2022-08-10 12:00:00,LONG,0.53,0.53,sl,-0.004,0,0.8583,3
2022-08-10 16:00:00,LONG,0.53,0.53,tp,0.004,1,0.7397,3
2022-08-10 20:00:00,SHORT,0.54,0.54,sl,-0.003991,0,0.7739,3
2022-08-11 00:00:00,LONG,0.54,0.55,tp,0.004,1,0.7684,3
2022-08-11 04:00:00,SHORT,0.54,0.54,tp,0.004025,1,0.7889,3
2022-08-11 08:00:00,SHORT,0.54,0.54,sl,-0.003991,0,0.7401,3
2022-08-11 12:00:00,LONG,0.54,0.54,tp,0.004,1,0.7923,3
2022-08-11 16:00:00,LONG,0.54,0.53,sl,-0.004,0,0.7273,3
2022-08-11 20:00:00,LONG,0.53,0.53,tp,0.004,1,0.725,3
2022-08-12 00:00:00,LONG,0.53,0.53,sl,-0.004,0,0.7367,3
2022-08-12 08:00:00,SHORT,0.52,0.52,sl,-0.003991,0,0.7632,3
2022-08-12 12:00:00,SHORT,0.53,0.53,sl,-0.003991,0,0.7484,3
2022-08-12 16:00:00,SHORT,0.54,0.53,tp,0.004025,1,0.7246,3
2022-08-12 20:00:00,SHORT,0.54,0.54,sl,-0.003991,0,0.6948,3
2022-08-13 00:00:00,SHORT,0.54,0.54,sl,-0.003991,0,0.7907,3
2022-08-13 04:00:00,LONG,0.56,0.56,tp,0.004,1,0.8716,3
2022-08-13 08:00:00,LONG,0.56,0.56,tp,0.004,1,0.8239,3
2022-08-13 12:00:00,SHORT,0.56,0.56,tp,0.004025,1,0.7626,3
2022-08-13 16:00:00,SHORT,0.56,0.56,sl,-0.003991,0,0.735,3
2022-08-13 20:00:00,SHORT,0.56,0.56,sl,-0.003991,0,0.7741,3
2022-08-14 00:00:00,LONG,0.59,0.59,sl,-0.004,0,0.8676,3
2022-08-14 04:00:00,LONG,0.59,0.59,tp,0.004,1,0.8099,3
2022-08-14 08:00:00,SHORT,0.58,0.58,tp,0.004025,1,0.8004,3
2022-08-14 12:00:00,SHORT,0.58,0.58,tp,0.004025,1,0.8121,3
2022-08-14 16:00:00,LONG,0.57,0.57,tp,0.004,1,0.7911,3
2022-08-14 20:00:00,SHORT,0.57,0.57,tp,0.004025,1,0.8104,3
2022-08-15 00:00:00,LONG,0.58,0.57,sl,-0.004,0,0.7743,3
2022-08-15 04:00:00,LONG,0.55,0.56,tp,0.004,1,0.8515,3
2022-08-15 08:00:00,SHORT,0.55,0.55,tp,0.004025,1,0.7844,3
2022-08-15 12:00:00,LONG,0.56,0.56,sl,-0.004,0,0.7749,3
2022-08-15 16:00:00,LONG,0.55,0.56,tp,0.004,1,0.8002,3
2022-08-15 20:00:00,LONG,0.55,0.55,tp,0.004,1,0.8094,3
2022-08-16 00:00:00,LONG,0.56,0.55,sl,-0.004,0,0.7923,3
2022-08-16 04:00:00,SHORT,0.56,0.56,sl,-0.003991,0,0.8362,3
2022-08-16 08:00:00,SHORT,0.57,0.56,tp,0.004025,1,0.8512,3
2022-08-16 12:00:00,SHORT,0.56,0.56,tp,0.004025,1,0.7959,3
2022-08-16 16:00:00,LONG,0.56,0.56,tp,0.004,1,0.7635,3
2022-08-16 20:00:00,LONG,0.56,0.56,tp,0.004,1,0.7915,3
2022-08-17 00:00:00,LONG,0.58,0.58,tp,0.004,1,0.8627,3
2022-08-17 04:00:00,SHORT,0.56,0.55,tp,0.004025,1,0.8285,3
2022-08-17 08:00:00,LONG,0.56,0.55,sl,-0.004,0,0.8008,3
2022-08-17 12:00:00,LONG,0.54,0.54,tp,0.004,1,0.8891,3
2022-08-17 16:00:00,LONG,0.54,0.54,tp,0.004,1,0.8514,3
2022-08-17 20:00:00,SHORT,0.54,0.54,tp,0.004025,1,0.7801,3
2022-08-18 00:00:00,LONG,0.54,0.54,tp,0.004,1,0.8071,3
2022-08-18 04:00:00,SHORT,0.54,0.54,tp,0.004025,1,0.7479,3
2022-08-18 08:00:00,SHORT,0.54,0.54,tp,0.004025,1,0.7583,3
2022-08-18 12:00:00,SHORT,0.54,0.53,tp,0.004025,1,0.7387,3
2022-08-18 16:00:00,LONG,0.53,0.53,sl,-0.004,0,0.8024,3
2022-08-18 20:00:00,LONG,0.51,0.51,sl,-0.004,0,0.8765,3
2022-08-19 00:00:00,LONG,0.49,0.5,tp,0.004,1,0.8792,3
2022-08-19 04:00:00,SHORT,0.48,0.47,tp,0.004025,1,0.9464,3
2022-08-19 08:00:00,SHORT,0.46,0.46,tp,0.004025,1,0.9433,3
2022-08-19 12:00:00,LONG,0.47,0.47,tp,0.004,1,0.9035,3
2022-08-19 16:00:00,LONG,0.47,0.46,sl,-0.004,0,0.8964,3
2022-08-19 20:00:00,LONG,0.45,0.45,tp,0.004,1,0.9054,3
2022-08-20 00:00:00,LONG,0.46,0.46,tp,0.004,1,0.9128,3
2022-08-20 04:00:00,LONG,0.46,0.46,sl,-0.004,0,0.8997,3
2022-08-20 08:00:00,LONG,0.46,0.46,sl,-0.004,0,0.8638,3
2022-08-20 12:00:00,LONG,0.46,0.45,sl,-0.004,0,0.8704,3
2022-08-20 16:00:00,LONG,0.44,0.44,tp,0.004,1,0.8957,3
2022-08-20 20:00:00,LONG,0.45,0.45,tp,0.004,1,0.8001,3
2022-08-21 00:00:00,LONG,0.45,0.45,tp,0.004,1,0.8166,3
2022-08-21 04:00:00,SHORT,0.46,0.46,sl,-0.003991,0,0.7895,3
2022-08-21 08:00:00,SHORT,0.46,0.46,tp,0.004025,1,0.8171,3
2022-08-21 12:00:00,SHORT,0.46,0.46,sl,-0.003991,0,0.7554,3
2022-08-21 16:00:00,LONG,0.47,0.47,tp,0.004,1,0.7589,3
2022-08-21 20:00:00,LONG,0.46,0.46,sl,-0.004,0,0.7525,3
2022-08-22 00:00:00,LONG,0.46,0.46,sl,-0.004,0,0.7234,3
2022-08-22 04:00:00,LONG,0.45,0.45,tp,0.004,1,0.8534,3
2022-08-22 08:00:00,SHORT,0.45,0.45,tp,0.004025,1,0.7571,3
2022-08-22 12:00:00,SHORT,0.45,0.45,tp,0.004025,1,0.7856,3
2022-08-22 16:00:00,LONG,0.45,0.45,tp,0.004,1,0.7214,3
2022-08-22 20:00:00,LONG,0.46,0.46,sl,-0.004,0,0.74,3
2022-08-23 00:00:00,LONG,0.46,0.46,sl,-0.004,0,0.7387,3
2022-08-23 04:00:00,SHORT,0.45,0.45,sl,-0.003991,0,0.7754,3
2022-08-23 08:00:00,LONG,0.46,0.46,tp,0.004,1,0.7176,3
2022-08-23 12:00:00,LONG,0.46,0.46,tp,0.004,1,0.7695,3
2022-08-23 16:00:00,LONG,0.46,0.46,tp,0.004,1,0.739,3
2022-08-23 20:00:00,LONG,0.47,0.46,sl,-0.004,0,0.7393,3
2022-08-24 00:00:00,LONG,0.46,0.46,tp,0.004,1,0.7915,3
2022-08-24 04:00:00,LONG,0.46,0.46,tp,0.004,1,0.7574,3
2022-08-24 08:00:00,LONG,0.46,0.46,tp,0.004,1,0.7111,3
2022-08-24 12:00:00,SHORT,0.46,0.46,tp,0.004025,1,0.8006,3
2022-08-24 16:00:00,LONG,0.47,0.46,sl,-0.004,0,0.7663,3
2022-08-24 20:00:00,SHORT,0.46,0.46,sl,-0.003991,0,0.7557,3
2022-08-25 00:00:00,LONG,0.46,0.46,tp,0.004,1,0.6747,3
2022-08-25 04:00:00,SHORT,0.47,0.47,tp,0.004025,1,0.7258,3
2022-08-25 08:00:00,SHORT,0.46,0.46,tp,0.004025,1,0.7518,3
2022-08-25 12:00:00,SHORT,0.46,0.46,tp,0.004025,1,0.7527,3
2022-08-25 16:00:00,SHORT,0.47,0.47,tp,0.004025,1,0.6736,3
2022-08-25 20:00:00,SHORT,0.46,0.46,tp,0.004025,1,0.7164,3
2022-08-26 00:00:00,SHORT,0.47,0.46,tp,0.004025,1,0.7596,3
2022-08-26 04:00:00,SHORT,0.48,0.48,tp,0.004025,1,0.8693,3
2022-08-26 08:00:00,SHORT,0.46,0.46,tp,0.004025,1,0.8494,3
2022-08-26 12:00:00,LONG,0.45,0.45,sl,-0.004,0,0.8536,3
2022-08-26 16:00:00,LONG,0.44,0.45,tp,0.004,1,0.894,3
2022-08-26 20:00:00,LONG,0.43,0.43,tp,0.004,1,0.8963,3
2022-08-27 00:00:00,LONG,0.44,0.44,tp,0.004,1,0.8462,3
2022-08-27 04:00:00,LONG,0.44,0.44,tp,0.004,1,0.8692,3
2022-08-27 08:00:00,SHORT,0.45,0.44,tp,0.004025,1,0.7975,3
2022-08-27 12:00:00,LONG,0.44,0.45,tp,0.004,1,0.8492,3
2022-08-27 16:00:00,SHORT,0.44,0.45,sl,-0.003991,0,0.7595,3
2022-08-27 20:00:00,SHORT,0.45,0.45,tp,0.004025,1,0.84,3
2022-08-28 00:00:00,SHORT,0.45,0.44,tp,0.004025,1,0.7734,3
2022-08-28 04:00:00,SHORT,0.45,0.45,tp,0.004025,1,0.798,3
2022-08-28 08:00:00,SHORT,0.45,0.44,tp,0.004025,1,0.8132,3
2022-08-28 12:00:00,SHORT,0.44,0.44,tp,0.004025,1,0.7357,3
2022-08-28 16:00:00,LONG,0.44,0.44,sl,-0.004,0,0.7296,3
2022-08-28 20:00:00,LONG,0.43,0.43,tp,0.004,1,0.8412,3
2022-08-29 00:00:00,LONG,0.43,0.43,sl,-0.004,0,0.7838,3
2022-08-29 04:00:00,LONG,0.43,0.44,tp,0.004,1,0.7525,3
2022-08-29 08:00:00,LONG,0.43,0.44,tp,0.004,1,0.7947,3
2022-08-29 12:00:00,LONG,0.45,0.45,tp,0.004,1,0.7869,3
2022-08-29 16:00:00,LONG,0.45,0.45,tp,0.004,1,0.6947,3
2022-08-29 20:00:00,SHORT,0.45,0.45,tp,0.004025,1,0.8088,3
2022-08-30 00:00:00,SHORT,0.45,0.45,sl,-0.003991,0,0.7196,3
2022-08-30 04:00:00,SHORT,0.45,0.45,sl,-0.003991,0,0.7482,3
2022-08-30 08:00:00,SHORT,0.46,0.45,tp,0.004025,1,0.7712,3
2022-08-30 12:00:00,SHORT,0.45,0.44,tp,0.004025,1,0.8318,3
2022-08-30 16:00:00,LONG,0.45,0.45,tp,0.004,1,0.7429,3
2022-08-30 20:00:00,SHORT,0.45,0.45,sl,-0.003991,0,0.7766,3
2022-08-31 00:00:00,LONG,0.46,0.46,sl,-0.004,0,0.7528,3
2022-08-31 04:00:00,SHORT,0.46,0.45,tp,0.004025,1,0.7877,3
2022-08-31 08:00:00,SHORT,0.46,0.45,tp,0.004025,1,0.7647,3
2022-08-31 12:00:00,SHORT,0.45,0.45,tp,0.004025,1,0.7222,3
2022-08-31 16:00:00,LONG,0.45,0.46,tp,0.004,1,0.6825,3
2022-08-31 20:00:00,SHORT,0.45,0.44,tp,0.004025,1,0.7953,3
2022-09-01 00:00:00,LONG,0.45,0.45,tp,0.004,1,0.7043,3
2022-09-01 04:00:00,SHORT,0.45,0.44,tp,0.004025,1,0.7278,3
2022-09-01 08:00:00,SHORT,0.45,0.45,tp,0.004025,1,0.8042,3
2022-09-01 12:00:00,SHORT,0.45,0.45,sl,-0.003991,0,0.7712,3
2022-09-01 16:00:00,LONG,0.45,0.46,tp,0.004,1,0.7189,3
2022-09-01 20:00:00,SHORT,0.46,0.45,tp,0.004025,1,0.7145,3
2022-09-02 00:00:00,SHORT,0.46,0.46,tp,0.004025,1,0.679,3
2022-09-02 04:00:00,SHORT,0.46,0.46,tp,0.004025,1,0.699,3
2022-09-02 08:00:00,SHORT,0.46,0.46,sl,-0.003991,0,0.7055,3
2022-09-02 12:00:00,SHORT,0.46,0.46,tp,0.004025,1,0.7033,3
2022-09-02 16:00:00,LONG,0.45,0.45,tp,0.004,1,0.7163,3
2022-09-02 20:00:00,SHORT,0.45,0.46,sl,-0.003991,0,0.6983,3
2022-09-03 00:00:00,LONG,0.46,0.46,tp,0.004,1,0.7262,3
2022-09-03 04:00:00,LONG,0.47,0.47,tp,0.004,1,0.8232,3
2022-09-03 08:00:00,SHORT,0.47,0.47,tp,0.004025,1,0.7767,3
2022-09-03 12:00:00,LONG,0.48,0.48,tp,0.004,1,0.8624,3
2022-09-03 16:00:00,LONG,0.48,0.48,tp,0.004,1,0.8024,3
2022-09-03 20:00:00,SHORT,0.48,0.48,tp,0.004025,1,0.7976,3
2022-09-04 00:00:00,SHORT,0.49,0.49,tp,0.004025,1,0.8674,3
2022-09-04 04:00:00,SHORT,0.49,0.49,sl,-0.003991,0,0.8417,3
2022-09-04 08:00:00,SHORT,0.51,0.5,tp,0.004025,1,0.8765,3
2022-09-04 12:00:00,SHORT,0.5,0.5,tp,0.004025,1,0.8028,3
2022-09-04 16:00:00,SHORT,0.5,0.5,sl,-0.003991,0,0.815,3
2022-09-04 20:00:00,SHORT,0.5,0.5,tp,0.004025,1,0.8447,3
2022-09-05 00:00:00,LONG,0.5,0.5,sl,-0.004,0,0.7319,3
2022-09-05 04:00:00,SHORT,0.49,0.49,tp,0.004025,1,0.8144,3
2022-09-05 08:00:00,SHORT,0.49,0.49,sl,-0.003991,0,0.8033,3
2022-09-05 12:00:00,SHORT,0.49,0.49,tp,0.004025,1,0.793,3
2022-09-05 16:00:00,LONG,0.49,0.49,tp,0.004,1,0.7205,3
2022-09-05 20:00:00,SHORT,0.5,0.5,tp,0.004025,1,0.7735,3
2022-09-06 00:00:00,LONG,0.5,0.5,tp,0.004,1,0.7826,3
2022-09-06 04:00:00,SHORT,0.5,0.5,tp,0.004025,1,0.8417,3
2022-09-06 08:00:00,SHORT,0.5,0.5,tp,0.004025,1,0.8362,3
2022-09-06 12:00:00,SHORT,0.5,0.49,tp,0.004025,1,0.8162,3
2022-09-06 16:00:00,LONG,0.47,0.47,sl,-0.004,0,0.8491,3
2022-09-06 20:00:00,LONG,0.46,0.46,sl,-0.004,0,0.8556,3
2022-09-07 00:00:00,LONG,0.46,0.46,tp,0.004,1,0.8471,3
2022-09-07 04:00:00,SHORT,0.46,0.46,tp,0.004025,1,0.8575,3
2022-09-07 08:00:00,SHORT,0.46,0.46,tp,0.004025,1,0.8387,3
2022-09-07 12:00:00,SHORT,0.47,0.47,sl,-0.003991,0,0.8529,3
2022-09-07 16:00:00,SHORT,0.47,0.47,sl,-0.003991,0,0.701,3
2022-09-07 20:00:00,SHORT,0.48,0.48,tp,0.004025,1,0.8288,3
2022-09-08 00:00:00,SHORT,0.48,0.47,tp,0.004025,1,0.8046,3
2022-09-08 04:00:00,SHORT,0.47,0.47,sl,-0.003991,0,0.7742,3
2022-09-08 08:00:00,SHORT,0.47,0.47,tp,0.004025,1,0.8074,3
2022-09-08 12:00:00,SHORT,0.47,0.47,tp,0.004025,1,0.7422,3
2022-09-08 16:00:00,SHORT,0.48,0.48,sl,-0.003991,0,0.7946,3
2022-09-08 20:00:00,LONG,0.48,0.48,tp,0.004,1,0.7329,3
2022-09-09 00:00:00,LONG,0.49,0.49,tp,0.004,1,0.7311,3
2022-09-09 04:00:00,LONG,0.49,0.5,tp,0.004,1,0.8195,3
2022-09-09 08:00:00,LONG,0.5,0.5,tp,0.004,1,0.7658,3
2022-09-09 12:00:00,SHORT,0.49,0.49,tp,0.004025,1,0.7142,3
2022-09-09 16:00:00,SHORT,0.49,0.5,sl,-0.003991,0,0.7017,3
2022-09-09 20:00:00,SHORT,0.5,0.5,tp,0.004025,1,0.8049,3
2022-09-10 00:00:00,LONG,0.52,0.52,tp,0.004,1,0.8533,3
2022-09-10 04:00:00,SHORT,0.51,0.51,sl,-0.003991,0,0.8253,3
2022-09-10 08:00:00,SHORT,0.51,0.51,tp,0.004025,1,0.8208,3
2022-09-10 12:00:00,SHORT,0.51,0.51,tp,0.004025,1,0.8249,3
2022-09-10 16:00:00,SHORT,0.51,0.51,sl,-0.003991,0,0.7795,3
2022-09-10 20:00:00,SHORT,0.51,0.51,sl,-0.003991,0,0.7966,3
2022-09-11 00:00:00,LONG,0.51,0.51,sl,-0.004,0,0.7321,3
2022-09-11 04:00:00,SHORT,0.51,0.51,tp,0.004025,1,0.7788,3
2022-09-11 08:00:00,SHORT,0.52,0.51,tp,0.004025,1,0.7758,3
2022-09-11 12:00:00,SHORT,0.51,0.51,sl,-0.003991,0,0.7517,3
2022-09-11 16:00:00,LONG,0.51,0.51,sl,-0.004,0,0.7324,3
2022-09-11 20:00:00,SHORT,0.51,0.51,tp,0.004025,1,0.7403,3
2022-09-12 00:00:00,LONG,0.5,0.51,tp,0.004,1,0.7691,3
2022-09-12 04:00:00,LONG,0.51,0.51,tp,0.004,1,0.6972,3
2022-09-12 08:00:00,SHORT,0.52,0.51,tp,0.004025,1,0.748,3
2022-09-12 12:00:00,SHORT,0.5,0.5,tp,0.004025,1,0.782,3
2022-09-12 16:00:00,SHORT,0.51,0.5,tp,0.004025,1,0.6964,3
2022-09-12 20:00:00,SHORT,0.5,0.5,tp,0.004025,1,0.7055,3
2022-09-13 00:00:00,LONG,0.5,0.5,tp,0.004,1,0.6672,3
2022-09-13 04:00:00,SHORT,0.5,0.5,tp,0.004025,1,0.768,3
2022-09-13 08:00:00,SHORT,0.5,0.5,tp,0.004025,1,0.7709,3
2022-09-13 12:00:00,SHORT,0.47,0.47,tp,0.004025,1,0.8911,3
2022-09-13 16:00:00,LONG,0.47,0.47,tp,0.004,1,0.8216,3
2022-09-13 20:00:00,LONG,0.46,0.47,tp,0.004,1,0.8493,3
2022-09-14 00:00:00,LONG,0.47,0.48,tp,0.004,1,0.8073,3
2022-09-14 04:00:00,LONG,0.47,0.47,sl,-0.004,0,0.8262,3
2022-09-14 08:00:00,LONG,0.47,0.47,tp,0.004,1,0.8444,3
2022-09-14 12:00:00,SHORT,0.48,0.48,tp,0.004025,1,0.8618,3
2022-09-14 16:00:00,SHORT,0.48,0.48,tp,0.004025,1,0.7622,3
2022-09-14 20:00:00,SHORT,0.48,0.48,tp,0.004025,1,0.8506,3
2022-09-15 00:00:00,LONG,0.47,0.47,tp,0.004,1,0.7931,3
2022-09-15 04:00:00,SHORT,0.48,0.47,tp,0.004025,1,0.7778,3
2022-09-15 08:00:00,SHORT,0.47,0.47,tp,0.004025,1,0.7895,3
2022-09-15 12:00:00,SHORT,0.47,0.47,sl,-0.003991,0,0.7818,3
2022-09-15 16:00:00,LONG,0.47,0.47,sl,-0.004,0,0.7791,3
2022-09-15 20:00:00,LONG,0.47,0.47,tp,0.004,1,0.7067,3
2022-09-16 00:00:00,LONG,0.47,0.47,sl,-0.004,0,0.7192,3
2022-09-16 04:00:00,LONG,0.47,0.46,sl,-0.004,0,0.7638,3
2022-09-16 08:00:00,SHORT,0.46,0.46,tp,0.004025,1,0.8149,3
2022-09-16 12:00:00,SHORT,0.46,0.46,tp,0.004025,1,0.809,3
2022-09-16 16:00:00,SHORT,0.46,0.46,sl,-0.003991,0,0.7219,3
2022-09-16 20:00:00,SHORT,0.47,0.48,sl,-0.003991,0,0.7982,3
2022-09-17 00:00:00,LONG,0.48,0.48,tp,0.004,1,0.7005,3
2022-09-17 04:00:00,LONG,0.48,0.48,sl,-0.004,0,0.7083,3
2022-09-17 08:00:00,SHORT,0.48,0.47,tp,0.004025,1,0.7376,3
2022-09-17 12:00:00,SHORT,0.48,0.48,sl,-0.003991,0,0.7406,3
2022-09-17 16:00:00,SHORT,0.48,0.48,sl,-0.003991,0,0.7345,3
2022-09-17 20:00:00,LONG,0.49,0.48,sl,-0.004,0,0.6899,3
2022-09-18 04:00:00,SHORT,0.49,0.49,tp,0.004025,1,0.7541,3
2022-09-18 08:00:00,SHORT,0.48,0.48,tp,0.004025,1,0.6983,3
2022-09-18 12:00:00,SHORT,0.47,0.47,tp,0.004025,1,0.7806,3
2022-09-18 16:00:00,SHORT,0.47,0.47,tp,0.004025,1,0.6884,3
2022-09-18 20:00:00,SHORT,0.45,0.45,tp,0.004025,1,0.8728,3
2022-09-19 00:00:00,LONG,0.44,0.44,tp,0.004,1,0.8907,3
2022-09-19 04:00:00,LONG,0.44,0.44,tp,0.004,1,0.871,3
2022-09-19 08:00:00,LONG,0.44,0.44,tp,0.004,1,0.841,3
2022-09-19 12:00:00,LONG,0.45,0.45,tp,0.004,1,0.8424,3
2022-09-19 16:00:00,SHORT,0.45,0.45,tp,0.004025,1,0.8373,3
2022-09-19 20:00:00,SHORT,0.45,0.45,tp,0.004025,1,0.7906,3
2022-09-20 00:00:00,SHORT,0.45,0.45,sl,-0.003991,0,0.6964,3
2022-09-20 04:00:00,SHORT,0.45,0.44,tp,0.004025,1,0.6623,3
2022-09-20 08:00:00,SHORT,0.44,0.44,tp,0.004025,1,0.6879,3
2022-09-20 12:00:00,SHORT,0.45,0.45,tp,0.004025,1,0.844,3
2022-09-20 16:00:00,LONG,0.44,0.44,sl,-0.004,0,0.7222,3
2022-09-20 20:00:00,SHORT,0.44,0.44,sl,-0.003991,0,0.7249,3
2022-09-21 00:00:00,LONG,0.46,0.46,tp,0.004,1,0.7785,3
2022-09-21 04:00:00,SHORT,0.45,0.45,tp,0.004025,1,0.7966,3
2022-09-21 08:00:00,SHORT,0.45,0.45,tp,0.004025,1,0.7974,3
2022-09-21 12:00:00,LONG,0.44,0.45,tp,0.004,1,0.79,3
2022-09-21 16:00:00,LONG,0.45,0.45,sl,-0.004,0,0.7627,3
2022-09-21 20:00:00,SHORT,0.44,0.44,tp,0.004025,1,0.7284,3
2022-09-22 04:00:00,SHORT,0.45,0.45,sl,-0.003991,0,0.7256,3
2022-09-22 08:00:00,LONG,0.46,0.46,tp,0.004,1,0.7497,3
2022-09-22 12:00:00,SHORT,0.45,0.45,tp,0.004025,1,0.7592,3
2022-09-22 16:00:00,SHORT,0.46,0.46,tp,0.004025,1,0.7907,3
2022-09-22 20:00:00,SHORT,0.46,0.46,tp,0.004025,1,0.7605,3
2022-09-23 00:00:00,LONG,0.48,0.48,sl,-0.004,0,0.8818,3
2022-09-23 04:00:00,LONG,0.46,0.46,tp,0.004,1,0.7994,3
2022-09-23 08:00:00,SHORT,0.45,0.45,tp,0.004025,1,0.7643,3
2022-09-23 12:00:00,SHORT,0.45,0.45,tp,0.004025,1,0.7626,3
2022-09-23 16:00:00,LONG,0.46,0.46,tp,0.004,1,0.7247,3
2022-09-23 20:00:00,LONG,0.46,0.46,tp,0.004,1,0.7717,3
2022-09-24 00:00:00,LONG,0.46,0.46,tp,0.004,1,0.7778,3
2022-09-24 04:00:00,LONG,0.46,0.46,tp,0.004,1,0.7574,3
2022-09-24 08:00:00,SHORT,0.46,0.46,sl,-0.003991,0,0.7267,3
2022-09-24 12:00:00,SHORT,0.46,0.46,tp,0.004025,1,0.7681,3
2022-09-24 16:00:00,SHORT,0.46,0.46,tp,0.004025,1,0.7042,3
2022-09-24 20:00:00,LONG,0.45,0.45,tp,0.004,1,0.7296,3
2022-09-25 04:00:00,SHORT,0.46,0.46,sl,-0.003991,0,0.7104,3
2022-09-25 08:00:00,SHORT,0.46,0.46,tp,0.004025,1,0.7132,3
2022-09-25 12:00:00,SHORT,0.45,0.45,tp,0.004025,1,0.7929,3
2022-09-25 16:00:00,SHORT,0.45,0.45,tp,0.004025,1,0.6974,3
2022-09-25 20:00:00,SHORT,0.45,0.44,tp,0.004025,1,0.8165,3
2022-09-26 00:00:00,LONG,0.44,0.45,tp,0.004,1,0.6598,3
2022-09-26 04:00:00,SHORT,0.44,0.44,tp,0.004025,1,0.7134,3
2022-09-26 08:00:00,SHORT,0.44,0.44,tp,0.004025,1,0.7235,3
2022-09-26 12:00:00,SHORT,0.45,0.44,tp,0.004025,1,0.7423,3
2022-09-26 16:00:00,SHORT,0.45,0.44,tp,0.004025,1,0.6822,3
2022-09-26 20:00:00,SHORT,0.45,0.45,sl,-0.003991,0,0.6904,3
2022-09-27 00:00:00,LONG,0.46,0.46,tp,0.004,1,0.7479,3
2022-09-27 04:00:00,LONG,0.46,0.46,sl,-0.004,0,0.707,3
2022-09-27 08:00:00,SHORT,0.45,0.45,tp,0.004025,1,0.7108,3
2022-09-27 12:00:00,LONG,0.45,0.45,sl,-0.004,0,0.6991,3
2022-09-27 16:00:00,LONG,0.44,0.44,sl,-0.004,0,0.7553,3
2022-09-27 20:00:00,LONG,0.44,0.44,sl,-0.004,0,0.7157,3
2022-09-28 00:00:00,LONG,0.43,0.43,tp,0.004,1,0.8521,3
2022-09-28 04:00:00,LONG,0.43,0.43,tp,0.004,1,0.8149,3
2022-09-28 08:00:00,LONG,0.43,0.43,tp,0.004,1,0.765,3
2022-09-28 12:00:00,LONG,0.44,0.44,tp,0.004,1,0.7781,3
2022-09-28 16:00:00,LONG,0.44,0.44,tp,0.004,1,0.7415,3
2022-09-28 20:00:00,LONG,0.44,0.44,tp,0.004,1,0.7492,3
2022-10-01 16:00:00,LONG,0.43,0.43,sl,-0.004,0,0.6771,4
2022-10-01 20:00:00,LONG,0.43,0.43,tp,0.004,1,0.6759,4
2022-10-02 00:00:00,LONG,0.43,0.43,sl,-0.004,0,0.7192,4
2022-10-02 04:00:00,LONG,0.43,0.43,sl,-0.004,0,0.662,4
2022-10-02 08:00:00,LONG,0.42,0.42,sl,-0.004,0,0.7823,4
2022-10-02 12:00:00,LONG,0.42,0.43,tp,0.004,1,0.7634,4
2022-10-02 16:00:00,LONG,0.43,0.43,sl,-0.004,0,0.6783,4
2022-10-02 20:00:00,SHORT,0.42,0.42,tp,0.004025,1,0.6818,4
2022-10-03 00:00:00,LONG,0.42,0.42,sl,-0.004,0,0.7025,4
2022-10-03 04:00:00,SHORT,0.42,0.42,sl,-0.003991,0,0.7175,4
2022-10-03 08:00:00,LONG,0.42,0.42,tp,0.004,1,0.7093,4
2022-10-03 12:00:00,SHORT,0.42,0.43,sl,-0.003991,0,0.6973,4
2022-10-04 20:00:00,LONG,0.44,0.43,sl,-0.004,0,0.6681,4
2022-10-05 00:00:00,LONG,0.43,0.43,sl,-0.004,0,0.7074,4
2022-10-05 04:00:00,LONG,0.43,0.43,sl,-0.004,0,0.6858,4
2022-10-05 12:00:00,LONG,0.43,0.43,tp,0.004,1,0.722,4
2022-10-05 16:00:00,LONG,0.43,0.43,tp,0.004,1,0.7204,4
2022-10-05 20:00:00,LONG,0.43,0.43,tp,0.004,1,0.7561,4
2022-10-06 00:00:00,LONG,0.44,0.43,sl,-0.004,0,0.7322,4
2022-10-06 04:00:00,LONG,0.43,0.43,sl,-0.004,0,0.6942,4
2022-10-06 08:00:00,LONG,0.43,0.43,sl,-0.004,0,0.7155,4
2022-10-06 12:00:00,LONG,0.43,0.43,tp,0.004,1,0.6599,4
2022-10-06 16:00:00,LONG,0.43,0.43,sl,-0.004,0,0.7364,4
2022-10-06 20:00:00,LONG,0.43,0.43,sl,-0.004,0,0.7694,4
2022-10-07 00:00:00,LONG,0.43,0.43,sl,-0.004,0,0.6787,4
2022-10-07 04:00:00,LONG,0.43,0.43,sl,-0.004,0,0.7592,4
2022-10-07 08:00:00,LONG,0.43,0.43,sl,-0.004,0,0.6998,4
2022-10-07 12:00:00,SHORT,0.42,0.43,sl,-0.003991,0,0.7075,4
2022-10-07 16:00:00,LONG,0.43,0.42,sl,-0.004,0,0.6859,4
2022-10-07 20:00:00,LONG,0.42,0.43,tp,0.004,1,0.6965,4
2022-10-08 00:00:00,LONG,0.43,0.42,sl,-0.004,0,0.7285,4
2022-10-08 04:00:00,LONG,0.43,0.43,sl,-0.004,0,0.7,4
2022-10-08 08:00:00,LONG,0.43,0.42,sl,-0.004,0,0.7397,4
2022-10-08 12:00:00,LONG,0.43,0.42,sl,-0.004,0,0.6949,4
2022-10-08 20:00:00,LONG,0.42,0.42,sl,-0.004,0,0.7168,4
2022-10-09 00:00:00,LONG,0.42,0.42,tp,0.004,1,0.7464,4
2022-10-09 04:00:00,LONG,0.42,0.42,tp,0.004,1,0.7174,4
2022-10-09 08:00:00,LONG,0.42,0.42,sl,-0.004,0,0.7392,4
2022-10-09 12:00:00,LONG,0.42,0.42,sl,-0.004,0,0.7024,4
2022-10-09 16:00:00,LONG,0.42,0.42,sl,-0.004,0,0.6883,4
2022-10-10 08:00:00,LONG,0.42,0.42,sl,-0.004,0,0.6991,4
2022-10-10 12:00:00,LONG,0.42,0.41,sl,-0.004,0,0.698,4
2022-10-10 16:00:00,LONG,0.41,0.41,sl,-0.004,0,0.7571,4
2022-10-10 20:00:00,LONG,0.4,0.4,sl,-0.004,0,0.8019,4
2022-10-11 00:00:00,SHORT,0.4,0.4,sl,-0.003991,0,0.8423,4
2022-10-11 04:00:00,LONG,0.4,0.4,tp,0.004,1,0.7748,4
2022-10-11 08:00:00,LONG,0.4,0.4,sl,-0.004,0,0.7917,4
2022-10-11 12:00:00,LONG,0.4,0.4,tp,0.004,1,0.8075,4
2022-10-11 16:00:00,LONG,0.39,0.39,sl,-0.004,0,0.8444,4
2022-10-11 20:00:00,LONG,0.39,0.39,tp,0.004,1,0.7507,4
2022-10-12 00:00:00,LONG,0.39,0.39,tp,0.004,1,0.7045,4
2022-10-12 04:00:00,LONG,0.39,0.39,sl,-0.004,0,0.815,4
2022-10-12 08:00:00,LONG,0.39,0.39,sl,-0.004,0,0.803,4
2022-10-12 12:00:00,LONG,0.39,0.39,sl,-0.004,0,0.8085,4
2022-10-12 16:00:00,LONG,0.39,0.39,sl,-0.004,0,0.7671,4
2022-10-12 20:00:00,LONG,0.38,0.38,sl,-0.004,0,0.8016,4
2022-10-13 00:00:00,LONG,0.37,0.37,sl,-0.004,0,0.8461,4
2022-10-13 04:00:00,LONG,0.36,0.36,tp,0.004,1,0.89,4
2022-10-13 08:00:00,LONG,0.36,0.36,tp,0.004,1,0.9008,4
2022-10-13 12:00:00,SHORT,0.38,0.37,tp,0.004025,1,0.8609,4
2022-10-13 16:00:00,LONG,0.38,0.38,tp,0.004,1,0.8672,4
2022-10-13 20:00:00,LONG,0.38,0.38,tp,0.004,1,0.8409,4
2022-10-14 00:00:00,SHORT,0.39,0.38,tp,0.004025,1,0.7989,4
2022-10-14 04:00:00,SHORT,0.38,0.38,tp,0.004025,1,0.8599,4
2022-10-14 08:00:00,SHORT,0.38,0.38,tp,0.004025,1,0.8276,4
2022-10-14 12:00:00,LONG,0.37,0.37,sl,-0.004,0,0.8481,4
2022-10-14 16:00:00,LONG,0.37,0.36,sl,-0.004,0,0.83,4
2022-10-14 20:00:00,LONG,0.37,0.37,tp,0.004,1,0.8635,4
2022-10-15 00:00:00,LONG,0.37,0.37,sl,-0.004,0,0.814,4
2022-10-15 04:00:00,LONG,0.37,0.37,sl,-0.004,0,0.8119,4
2022-10-15 08:00:00,LONG,0.37,0.37,sl,-0.004,0,0.8116,4
2022-10-15 12:00:00,LONG,0.37,0.37,sl,-0.004,0,0.7021,4
2022-10-15 16:00:00,LONG,0.37,0.37,sl,-0.004,0,0.6706,4
2022-10-15 20:00:00,LONG,0.36,0.37,tp,0.004,1,0.6941,4
2022-10-16 00:00:00,LONG,0.37,0.37,tp,0.004,1,0.6742,4
2022-10-16 16:00:00,SHORT,0.37,0.37,tp,0.004025,1,0.6977,4
2022-10-16 20:00:00,SHORT,0.37,0.37,tp,0.004025,1,0.6901,4
2022-10-17 00:00:00,LONG,0.37,0.37,tp,0.004,1,0.6554,4
2022-10-17 04:00:00,LONG,0.37,0.37,tp,0.004,1,0.6797,4
2022-10-17 08:00:00,LONG,0.37,0.37,tp,0.004,1,0.6669,4
2022-10-17 12:00:00,SHORT,0.37,0.37,tp,0.004025,1,0.7135,4
2022-10-17 16:00:00,LONG,0.37,0.37,tp,0.004,1,0.7061,4
2022-10-17 20:00:00,LONG,0.37,0.37,sl,-0.004,0,0.7076,4
2022-10-18 00:00:00,LONG,0.37,0.37,sl,-0.004,0,0.6592,4
2022-10-18 04:00:00,LONG,0.37,0.37,sl,-0.004,0,0.7009,4
2022-10-18 08:00:00,SHORT,0.37,0.37,tp,0.004025,1,0.6983,4
2022-10-18 12:00:00,SHORT,0.36,0.36,tp,0.004025,1,0.6993,4
2022-10-18 16:00:00,LONG,0.36,0.36,tp,0.004,1,0.7024,4
2022-10-18 20:00:00,LONG,0.36,0.36,sl,-0.004,0,0.7312,4
2022-10-19 00:00:00,SHORT,0.36,0.36,tp,0.004025,1,0.7113,4
2022-10-19 04:00:00,LONG,0.36,0.36,sl,-0.004,0,0.7283,4
2022-10-19 08:00:00,SHORT,0.36,0.35,tp,0.004025,1,0.7429,4
2022-10-19 12:00:00,LONG,0.36,0.36,sl,-0.004,0,0.7482,4
2022-10-19 16:00:00,LONG,0.36,0.36,sl,-0.004,0,0.7283,4
2022-10-19 20:00:00,LONG,0.35,0.35,tp,0.004,1,0.7632,4
2022-10-20 00:00:00,LONG,0.35,0.35,tp,0.004,1,0.6606,4
2022-10-20 04:00:00,LONG,0.35,0.35,sl,-0.004,0,0.7559,4
2022-10-20 08:00:00,LONG,0.35,0.36,tp,0.004,1,0.7293,4
2022-10-20 12:00:00,SHORT,0.35,0.35,tp,0.004025,1,0.7074,4
2022-10-20 16:00:00,LONG,0.34,0.34,sl,-0.004,0,0.8382,4
2022-10-20 20:00:00,LONG,0.34,0.34,sl,-0.004,0,0.8183,4
2022-10-21 00:00:00,LONG,0.34,0.34,sl,-0.004,0,0.8121,4
2022-10-21 04:00:00,LONG,0.34,0.34,sl,-0.004,0,0.8321,4
2022-10-21 08:00:00,LONG,0.33,0.34,tp,0.004,1,0.7988,4
2022-10-21 12:00:00,LONG,0.34,0.35,tp,0.004,1,0.8108,4
2022-10-21 16:00:00,SHORT,0.35,0.35,sl,-0.003991,0,0.7295,4
2022-10-21 20:00:00,SHORT,0.35,0.35,tp,0.004025,1,0.8024,4
2022-10-22 00:00:00,SHORT,0.35,0.34,tp,0.004025,1,0.7196,4
2022-10-22 04:00:00,SHORT,0.35,0.35,sl,-0.003991,0,0.7616,4
2022-10-22 08:00:00,SHORT,0.35,0.35,tp,0.004025,1,0.7785,4
2022-10-22 12:00:00,SHORT,0.35,0.35,tp,0.004025,1,0.744,4
2022-10-22 16:00:00,LONG,0.35,0.35,tp,0.004,1,0.7088,4
2022-10-22 20:00:00,LONG,0.35,0.35,tp,0.004,1,0.6609,4
2022-10-23 00:00:00,SHORT,0.35,0.35,tp,0.004025,1,0.7057,4
2022-10-23 04:00:00,SHORT,0.35,0.35,tp,0.004025,1,0.7191,4
2022-10-23 08:00:00,SHORT,0.35,0.35,sl,-0.003991,0,0.703,4
2022-10-23 12:00:00,SHORT,0.35,0.35,sl,-0.003991,0,0.7119,4
2022-10-23 16:00:00,SHORT,0.35,0.36,sl,-0.003991,0,0.7105,4
2022-10-23 20:00:00,SHORT,0.36,0.36,tp,0.004025,1,0.8104,4
2022-10-24 00:00:00,SHORT,0.36,0.36,sl,-0.003991,0,0.7229,4
2022-10-24 04:00:00,SHORT,0.36,0.36,sl,-0.003991,0,0.7831,4
2022-10-24 08:00:00,SHORT,0.36,0.36,tp,0.004025,1,0.8201,4
2022-10-24 12:00:00,SHORT,0.36,0.36,sl,-0.003991,0,0.8378,4
2022-10-24 16:00:00,LONG,0.36,0.36,sl,-0.004,0,0.7237,4
2022-10-24 20:00:00,LONG,0.36,0.36,tp,0.004,1,0.7098,4
2022-10-25 00:00:00,SHORT,0.36,0.36,tp,0.004025,1,0.7054,4
2022-10-25 04:00:00,LONG,0.36,0.36,sl,-0.004,0,0.7026,4
2022-10-25 08:00:00,SHORT,0.36,0.36,sl,-0.003991,0,0.7237,4
2022-10-25 12:00:00,LONG,0.37,0.38,tp,0.004,1,0.7988,4
2022-10-25 16:00:00,LONG,0.41,0.42,tp,0.004,1,0.8729,4
2022-10-25 20:00:00,LONG,0.4,0.4,tp,0.004,1,0.9311,4
2022-10-26 00:00:00,LONG,0.4,0.4,tp,0.004,1,0.7952,4
2022-10-26 04:00:00,SHORT,0.4,0.4,sl,-0.003991,0,0.8376,4
2022-10-26 08:00:00,LONG,0.41,0.41,tp,0.004,1,0.8498,4
2022-10-26 12:00:00,SHORT,0.41,0.4,tp,0.004025,1,0.8317,4
2022-10-26 16:00:00,LONG,0.4,0.41,tp,0.004,1,0.848,4
2022-10-26 20:00:00,LONG,0.4,0.41,tp,0.004,1,0.835,4
2022-10-27 00:00:00,LONG,0.41,0.41,tp,0.004,1,0.839,4
2022-10-27 04:00:00,LONG,0.41,0.41,tp,0.004,1,0.8358,4
2022-10-27 08:00:00,SHORT,0.4,0.4,tp,0.004025,1,0.8196,4
2022-10-27 12:00:00,LONG,0.4,0.4,tp,0.004,1,0.8959,4
2022-10-27 16:00:00,SHORT,0.4,0.4,tp,0.004025,1,0.7068,4
2022-10-27 20:00:00,LONG,0.39,0.39,sl,-0.004,0,0.8784,4
2022-10-28 00:00:00,LONG,0.39,0.38,sl,-0.004,0,0.7937,4
2022-10-28 04:00:00,LONG,0.38,0.38,tp,0.004,1,0.8113,4
2022-10-28 08:00:00,LONG,0.38,0.38,tp,0.004,1,0.7771,4
2022-10-28 12:00:00,SHORT,0.4,0.4,sl,-0.003991,0,0.9112,4
2022-10-28 16:00:00,SHORT,0.4,0.4,sl,-0.003991,0,0.7453,4
2022-10-28 20:00:00,SHORT,0.4,0.4,tp,0.004025,1,0.8181,4
2022-10-29 00:00:00,SHORT,0.41,0.41,tp,0.004025,1,0.7849,4
2022-10-29 04:00:00,SHORT,0.41,0.41,tp,0.004025,1,0.7828,4
2022-10-29 08:00:00,SHORT,0.4,0.4,tp,0.004025,1,0.7968,4
2022-10-29 12:00:00,SHORT,0.41,0.41,sl,-0.003991,0,0.8373,4
2022-10-29 16:00:00,LONG,0.42,0.42,tp,0.004,1,0.881,4
2022-10-29 20:00:00,SHORT,0.42,0.42,tp,0.004025,1,0.7749,4
2022-10-30 00:00:00,SHORT,0.42,0.42,tp,0.004025,1,0.7918,4
2022-10-30 04:00:00,SHORT,0.42,0.42,tp,0.004025,1,0.8491,4
2022-10-30 08:00:00,SHORT,0.41,0.41,tp,0.004025,1,0.8701,4
2022-10-30 12:00:00,LONG,0.4,0.41,tp,0.004,1,0.8298,4
2022-10-30 16:00:00,LONG,0.41,0.41,tp,0.004,1,0.7939,4
2022-10-30 20:00:00,LONG,0.41,0.41,tp,0.004,1,0.7847,4
2022-10-31 00:00:00,LONG,0.4,0.4,sl,-0.004,0,0.7616,4
2022-10-31 04:00:00,SHORT,0.4,0.4,tp,0.004025,1,0.7036,4
2022-10-31 08:00:00,SHORT,0.41,0.41,tp,0.004025,1,0.8625,4
2022-10-31 12:00:00,SHORT,0.4,0.4,tp,0.004025,1,0.8085,4
2022-10-31 16:00:00,LONG,0.4,0.41,tp,0.004,1,0.7858,4
2022-10-31 20:00:00,SHORT,0.41,0.41,sl,-0.003991,0,0.7412,4
2022-11-01 00:00:00,LONG,0.41,0.41,tp,0.004,1,0.7636,4
2022-11-01 04:00:00,SHORT,0.41,0.41,tp,0.004025,1,0.7708,4
2022-11-01 08:00:00,LONG,0.41,0.41,sl,-0.004,0,0.7315,4
2022-11-01 12:00:00,SHORT,0.4,0.4,tp,0.004025,1,0.7479,4
2022-11-01 16:00:00,LONG,0.4,0.4,sl,-0.004,0,0.7168,4
2022-11-01 20:00:00,SHORT,0.4,0.4,tp,0.004025,1,0.7342,4
2022-11-02 00:00:00,LONG,0.4,0.4,sl,-0.004,0,0.7242,4
2022-11-02 04:00:00,LONG,0.39,0.4,tp,0.004,1,0.7685,4
2022-11-02 08:00:00,SHORT,0.39,0.39,sl,-0.003991,0,0.7602,4
2022-11-02 12:00:00,LONG,0.39,0.4,tp,0.004,1,0.71,4
2022-11-02 16:00:00,LONG,0.39,0.39,sl,-0.004,0,0.788,4
2022-11-02 20:00:00,SHORT,0.39,0.39,sl,-0.003991,0,0.7589,4
2022-11-03 00:00:00,LONG,0.39,0.4,tp,0.004,1,0.7322,4
2022-11-03 04:00:00,LONG,0.39,0.4,tp,0.004,1,0.7153,4
2022-11-03 08:00:00,LONG,0.39,0.39,tp,0.004,1,0.7415,4
2022-11-03 12:00:00,SHORT,0.39,0.39,sl,-0.003991,0,0.7166,4
2022-11-03 16:00:00,LONG,0.4,0.39,sl,-0.004,0,0.68,4
2022-11-03 20:00:00,SHORT,0.39,0.39,sl,-0.003991,0,0.7203,4
2022-11-04 00:00:00,LONG,0.41,0.41,tp,0.004,1,0.8174,4
2022-11-04 04:00:00,LONG,0.41,0.41,tp,0.004,1,0.7886,4
2022-11-04 08:00:00,LONG,0.41,0.41,tp,0.004,1,0.8688,4
2022-11-04 12:00:00,SHORT,0.41,0.41,tp,0.004025,1,0.8321,4
2022-11-04 16:00:00,SHORT,0.42,0.42,tp,0.004025,1,0.8227,4
2022-11-04 20:00:00,SHORT,0.42,0.42,sl,-0.003991,0,0.7943,4
2022-11-05 00:00:00,LONG,0.43,0.43,sl,-0.004,0,0.8443,4
2022-11-05 04:00:00,SHORT,0.43,0.43,tp,0.004025,1,0.8031,4
2022-11-05 08:00:00,SHORT,0.43,0.43,tp,0.004025,1,0.837,4
2022-11-05 12:00:00,SHORT,0.43,0.43,tp,0.004025,1,0.815,4
2022-11-05 16:00:00,LONG,0.43,0.43,tp,0.004,1,0.8245,4
2022-11-05 20:00:00,LONG,0.43,0.43,tp,0.004,1,0.7624,4
2022-11-06 00:00:00,LONG,0.43,0.43,sl,-0.004,0,0.7926,4
2022-11-06 04:00:00,LONG,0.42,0.42,tp,0.004,1,0.7805,4
2022-11-06 08:00:00,LONG,0.42,0.42,tp,0.004,1,0.8399,4
2022-11-06 12:00:00,SHORT,0.42,0.42,tp,0.004025,1,0.7542,4
2022-11-06 16:00:00,LONG,0.42,0.42,sl,-0.004,0,0.7227,4
2022-11-06 20:00:00,LONG,0.4,0.4,tp,0.004,1,0.912,4
2022-11-07 00:00:00,LONG,0.41,0.41,tp,0.004,1,0.7772,4
2022-11-07 04:00:00,LONG,0.4,0.4,tp,0.004,1,0.8349,4
2022-11-07 08:00:00,SHORT,0.41,0.41,tp,0.004025,1,0.8183,4
2022-11-07 12:00:00,SHORT,0.41,0.41,tp,0.004025,1,0.7919,4
2022-11-07 16:00:00,LONG,0.41,0.41,sl,-0.004,0,0.7839,4
2022-11-07 20:00:00,SHORT,0.4,0.4,tp,0.004025,1,0.7995,4
2022-11-08 00:00:00,LONG,0.39,0.39,tp,0.004,1,0.8662,4
2022-11-08 04:00:00,SHORT,0.39,0.38,tp,0.004025,1,0.9148,4
2022-11-08 08:00:00,SHORT,0.38,0.38,sl,-0.003991,0,0.8778,4
2022-11-08 12:00:00,SHORT,0.4,0.4,tp,0.004025,1,0.8545,4
2022-11-08 16:00:00,SHORT,0.37,0.37,tp,0.004025,1,0.9241,4
2022-11-08 20:00:00,LONG,0.37,0.37,tp,0.004,1,0.9303,4
2022-11-09 00:00:00,LONG,0.36,0.37,tp,0.004,1,0.9413,4
2022-11-09 04:00:00,LONG,0.37,0.37,sl,-0.004,0,0.9149,4
2022-11-09 08:00:00,SHORT,0.36,0.36,tp,0.004025,1,0.9446,4
2022-11-09 12:00:00,LONG,0.35,0.35,tp,0.004,1,0.9338,4
2022-11-09 16:00:00,LONG,0.34,0.34,tp,0.004,1,0.9515,4
2022-11-09 20:00:00,LONG,0.32,0.32,tp,0.004,1,0.9513,4
2022-11-10 00:00:00,LONG,0.34,0.34,tp,0.004,1,0.9327,4
2022-11-10 04:00:00,LONG,0.35,0.35,tp,0.004,1,0.9461,4
2022-11-10 08:00:00,LONG,0.35,0.35,tp,0.004,1,0.9221,4
2022-11-10 12:00:00,SHORT,0.37,0.37,tp,0.004025,1,0.9202,4
2022-11-10 16:00:00,SHORT,0.37,0.36,tp,0.004025,1,0.8733,4
2022-11-10 20:00:00,SHORT,0.37,0.37,tp,0.004025,1,0.8972,4
2022-11-11 00:00:00,LONG,0.36,0.36,tp,0.004,1,0.8441,4
2022-11-11 04:00:00,SHORT,0.36,0.36,tp,0.004025,1,0.8868,4
2022-11-11 08:00:00,SHORT,0.36,0.36,tp,0.004025,1,0.8346,4
2022-11-11 12:00:00,LONG,0.35,0.35,tp,0.004,1,0.9304,4
2022-11-11 16:00:00,LONG,0.35,0.35,tp,0.004,1,0.8374,4
2022-11-11 20:00:00,SHORT,0.36,0.35,tp,0.004025,1,0.882,4
2022-11-12 00:00:00,LONG,0.35,0.35,sl,-0.004,0,0.8994,4
2022-11-12 04:00:00,LONG,0.34,0.35,tp,0.004,1,0.9233,4
2022-11-12 08:00:00,LONG,0.34,0.35,tp,0.004,1,0.883,4
2022-11-12 12:00:00,LONG,0.35,0.34,sl,-0.004,0,0.8683,4
2022-11-12 16:00:00,LONG,0.34,0.34,sl,-0.004,0,0.7816,4
2022-11-12 20:00:00,SHORT,0.34,0.34,tp,0.004025,1,0.8177,4
2022-11-13 00:00:00,SHORT,0.34,0.34,tp,0.004025,1,0.7208,4
2022-11-13 04:00:00,SHORT,0.33,0.33,tp,0.004025,1,0.8377,4
2022-11-13 08:00:00,SHORT,0.33,0.33,sl,-0.003991,0,0.8314,4
2022-11-13 12:00:00,SHORT,0.34,0.33,tp,0.004025,1,0.8105,4
2022-11-13 16:00:00,SHORT,0.33,0.33,tp,0.004025,1,0.7187,4
2022-11-13 20:00:00,SHORT,0.33,0.33,tp,0.004025,1,0.767,4
2022-11-14 00:00:00,LONG,0.32,0.32,tp,0.004,1,0.9029,4
2022-11-14 04:00:00,SHORT,0.33,0.33,sl,-0.003991,0,0.8491,4
2022-11-14 08:00:00,LONG,0.33,0.34,tp,0.004,1,0.7525,4
2022-11-14 12:00:00,SHORT,0.33,0.33,tp,0.004025,1,0.8051,4
2022-11-14 16:00:00,LONG,0.32,0.32,tp,0.004,1,0.899,4
2022-11-14 20:00:00,SHORT,0.33,0.33,tp,0.004025,1,0.8062,4
2022-11-15 00:00:00,LONG,0.33,0.34,tp,0.004,1,0.7171,4
2022-11-15 04:00:00,SHORT,0.34,0.34,tp,0.004025,1,0.7653,4
2022-11-15 08:00:00,LONG,0.34,0.34,tp,0.004,1,0.8486,4
2022-11-15 12:00:00,LONG,0.34,0.34,sl,-0.004,0,0.8079,4
2022-11-15 16:00:00,LONG,0.34,0.34,sl,-0.004,0,0.8099,4
2022-11-15 20:00:00,LONG,0.34,0.34,tp,0.004,1,0.8059,4
2022-11-16 00:00:00,SHORT,0.34,0.34,tp,0.004025,1,0.8007,4
2022-11-16 04:00:00,LONG,0.34,0.34,sl,-0.004,0,0.7634,4
2022-11-16 08:00:00,LONG,0.33,0.33,sl,-0.004,0,0.7611,4
2022-11-16 12:00:00,LONG,0.33,0.33,tp,0.004,1,0.8468,4
2022-11-16 16:00:00,LONG,0.33,0.33,tp,0.004,1,0.8087,4
2022-11-16 20:00:00,LONG,0.33,0.33,tp,0.004,1,0.7715,4
2022-11-17 00:00:00,LONG,0.33,0.33,tp,0.004,1,0.7387,4
2022-11-17 04:00:00,LONG,0.33,0.33,sl,-0.004,0,0.7749,4
2022-11-17 08:00:00,SHORT,0.32,0.32,tp,0.004025,1,0.7851,4
2022-11-17 12:00:00,LONG,0.32,0.32,tp,0.004,1,0.8024,4
2022-11-17 16:00:00,LONG,0.32,0.33,tp,0.004,1,0.8196,4
2022-11-17 20:00:00,LONG,0.33,0.33,tp,0.004,1,0.7776,4
2022-11-18 00:00:00,LONG,0.33,0.33,sl,-0.004,0,0.7294,4
2022-11-18 04:00:00,SHORT,0.33,0.33,tp,0.004025,1,0.6725,4
2022-11-18 08:00:00,SHORT,0.33,0.33,tp,0.004025,1,0.818,4
2022-11-19 00:00:00,LONG,0.33,0.32,sl,-0.004,0,0.6834,4
2022-11-19 04:00:00,SHORT,0.32,0.32,sl,-0.003991,0,0.6541,4
2022-11-19 20:00:00,LONG,0.33,0.33,tp,0.004,1,0.6985,4
2022-11-20 00:00:00,LONG,0.33,0.33,sl,-0.004,0,0.696,4
2022-11-20 08:00:00,LONG,0.32,0.32,sl,-0.004,0,0.7288,4
2022-11-20 12:00:00,SHORT,0.32,0.32,tp,0.004025,1,0.6938,4
2022-11-20 16:00:00,LONG,0.32,0.32,sl,-0.004,0,0.674,4
2022-11-20 20:00:00,LONG,0.31,0.31,sl,-0.004,0,0.7539,4
2022-11-21 00:00:00,LONG,0.31,0.31,tp,0.004,1,0.8876,4
2022-11-21 04:00:00,LONG,0.3,0.31,tp,0.004,1,0.8656,4
2022-11-21 08:00:00,LONG,0.31,0.31,tp,0.004,1,0.8203,4
2022-11-21 12:00:00,LONG,0.31,0.31,sl,-0.004,0,0.8275,4
2022-11-21 16:00:00,LONG,0.3,0.3,tp,0.004,1,0.8975,4
2022-11-21 20:00:00,LONG,0.3,0.31,tp,0.004,1,0.8886,4
2022-11-22 00:00:00,LONG,0.31,0.31,sl,-0.004,0,0.758,4
2022-11-22 04:00:00,LONG,0.3,0.3,sl,-0.004,0,0.8325,4
2022-11-22 08:00:00,SHORT,0.3,0.3,sl,-0.003991,0,0.7643,4
2022-11-22 12:00:00,SHORT,0.32,0.31,tp,0.004025,1,0.8091,4
2022-11-22 16:00:00,SHORT,0.31,0.31,tp,0.004025,1,0.7637,4
2022-11-22 20:00:00,SHORT,0.31,0.31,tp,0.004025,1,0.8199,4
2022-11-23 00:00:00,SHORT,0.32,0.32,tp,0.004025,1,0.7487,4
2022-11-23 04:00:00,LONG,0.32,0.32,tp,0.004,1,0.7661,4
2022-11-23 08:00:00,LONG,0.32,0.31,sl,-0.004,0,0.7316,4
2022-11-23 12:00:00,SHORT,0.31,0.31,tp,0.004025,1,0.7957,4
2022-11-23 16:00:00,LONG,0.32,0.32,tp,0.004,1,0.7176,4
2022-11-23 20:00:00,SHORT,0.32,0.32,tp,0.004025,1,0.8128,4
2022-11-24 00:00:00,SHORT,0.32,0.32,tp,0.004025,1,0.7449,4
2022-11-24 04:00:00,SHORT,0.32,0.32,tp,0.004025,1,0.7576,4
2022-11-24 08:00:00,LONG,0.31,0.31,tp,0.004,1,0.7601,4
2022-11-24 12:00:00,LONG,0.32,0.32,tp,0.004,1,0.6798,4
2022-11-24 16:00:00,LONG,0.32,0.32,sl,-0.004,0,0.6872,4
2022-11-24 20:00:00,LONG,0.32,0.32,sl,-0.004,0,0.7957,4
2022-11-25 04:00:00,SHORT,0.31,0.31,tp,0.004025,1,0.6909,4
2022-11-25 08:00:00,SHORT,0.31,0.31,tp,0.004025,1,0.7264,4
2022-11-25 12:00:00,LONG,0.32,0.31,sl,-0.004,0,0.6685,4
2022-11-25 16:00:00,LONG,0.32,0.32,sl,-0.004,0,0.6669,4
2022-11-26 00:00:00,LONG,0.32,0.32,sl,-0.004,0,0.6863,4
2022-11-26 08:00:00,LONG,0.32,0.32,tp,0.004,1,0.6635,4
2022-11-26 20:00:00,LONG,0.31,0.32,tp,0.004,1,0.6582,4
2022-11-27 08:00:00,LONG,0.32,0.32,sl,-0.004,0,0.7571,4
2022-11-27 12:00:00,LONG,0.32,0.32,sl,-0.004,0,0.7154,4
2022-11-27 16:00:00,LONG,0.32,0.32,sl,-0.004,0,0.7017,4
2022-11-28 00:00:00,LONG,0.3,0.31,tp,0.004,1,0.8034,4
2022-11-28 04:00:00,SHORT,0.31,0.3,tp,0.004025,1,0.7249,4
2022-11-28 08:00:00,SHORT,0.3,0.31,sl,-0.003991,0,0.7608,4
2022-11-28 12:00:00,SHORT,0.3,0.3,tp,0.004025,1,0.7832,4
2022-11-28 16:00:00,SHORT,0.31,0.3,tp,0.004025,1,0.7119,4
2022-11-28 20:00:00,LONG,0.31,0.31,tp,0.004,1,0.7778,4
2022-11-29 00:00:00,LONG,0.31,0.31,tp,0.004,1,0.6919,4
2022-11-29 04:00:00,LONG,0.31,0.31,sl,-0.004,0,0.704,4
2022-11-29 08:00:00,SHORT,0.31,0.31,tp,0.004025,1,0.7385,4
2022-11-29 12:00:00,SHORT,0.31,0.31,tp,0.004025,1,0.7175,4
2022-11-29 20:00:00,LONG,0.31,0.31,tp,0.004,1,0.6962,4
2022-11-30 00:00:00,LONG,0.31,0.31,tp,0.004,1,0.7554,4
2022-11-30 08:00:00,LONG,0.31,0.31,sl,-0.004,0,0.71,4
2022-11-30 12:00:00,LONG,0.32,0.31,sl,-0.004,0,0.7444,4
2022-11-30 16:00:00,SHORT,0.31,0.32,sl,-0.003991,0,0.682,4
2022-11-30 20:00:00,SHORT,0.32,0.32,tp,0.004025,1,0.7229,4
2022-12-01 04:00:00,LONG,0.31,0.32,tp,0.004,1,0.678,4
2022-12-01 12:00:00,SHORT,0.32,0.31,tp,0.004025,1,0.7259,4
2022-12-01 16:00:00,LONG,0.32,0.31,sl,-0.004,0,0.6662,4
2022-12-01 20:00:00,LONG,0.31,0.31,sl,-0.004,0,0.7,4
2022-12-02 08:00:00,LONG,0.32,0.32,sl,-0.004,0,0.7135,4
2022-12-02 12:00:00,LONG,0.32,0.32,tp,0.004,1,0.7049,4
2022-12-03 08:00:00,LONG,0.32,0.33,tp,0.004,1,0.6784,4
2022-12-03 12:00:00,SHORT,0.33,0.32,tp,0.004025,1,0.6762,4
2022-12-04 00:00:00,LONG,0.32,0.32,sl,-0.004,0,0.6516,4
2022-12-04 04:00:00,LONG,0.32,0.32,sl,-0.004,0,0.6796,4
2022-12-04 08:00:00,LONG,0.32,0.32,tp,0.004,1,0.7239,4
2022-12-04 12:00:00,LONG,0.32,0.32,tp,0.004,1,0.6602,4
2022-12-05 00:00:00,LONG,0.32,0.33,tp,0.004,1,0.6811,4
2022-12-05 04:00:00,LONG,0.33,0.33,tp,0.004,1,0.6586,4
2022-12-05 08:00:00,LONG,0.33,0.33,sl,-0.004,0,0.6606,4
2022-12-06 00:00:00,LONG,0.32,0.32,sl,-0.004,0,0.7532,4
2022-12-06 04:00:00,LONG,0.32,0.32,sl,-0.004,0,0.7274,4
2022-12-06 08:00:00,LONG,0.32,0.32,sl,-0.004,0,0.7054,4
2022-12-06 12:00:00,LONG,0.32,0.32,sl,-0.004,0,0.6734,4
2022-12-06 16:00:00,LONG,0.32,0.32,tp,0.004,1,0.7164,4
2022-12-06 20:00:00,LONG,0.32,0.32,sl,-0.004,0,0.74,4
2022-12-07 00:00:00,LONG,0.32,0.32,sl,-0.004,0,0.7875,4
2022-12-07 04:00:00,LONG,0.31,0.31,tp,0.004,1,0.7764,4
2022-12-07 08:00:00,SHORT,0.31,0.31,sl,-0.003991,0,0.6855,4
2022-12-07 12:00:00,LONG,0.31,0.31,sl,-0.004,0,0.749,4
2022-12-07 16:00:00,LONG,0.31,0.31,tp,0.004,1,0.7578,4
2022-12-07 20:00:00,LONG,0.31,0.31,sl,-0.004,0,0.7681,4
2022-12-08 00:00:00,LONG,0.31,0.31,tp,0.004,1,0.756,4
2022-12-08 04:00:00,LONG,0.31,0.31,sl,-0.004,0,0.6765,4
2022-12-08 08:00:00,LONG,0.31,0.31,tp,0.004,1,0.6986,4
2022-12-08 12:00:00,LONG,0.31,0.31,tp,0.004,1,0.6797,4
2022-12-09 08:00:00,LONG,0.31,0.32,tp,0.004,1,0.6956,4
2022-12-09 12:00:00,LONG,0.31,0.31,sl,-0.004,0,0.6579,4
2022-12-09 16:00:00,LONG,0.31,0.31,sl,-0.004,0,0.6973,4
2022-12-09 20:00:00,LONG,0.31,0.31,sl,-0.004,0,0.7382,4
2022-12-10 00:00:00,LONG,0.31,0.31,sl,-0.004,0,0.7093,4
2022-12-10 04:00:00,LONG,0.31,0.31,sl,-0.004,0,0.7103,4
2022-12-10 08:00:00,LONG,0.31,0.31,sl,-0.004,0,0.6904,4
2022-12-10 16:00:00,LONG,0.31,0.31,tp,0.004,1,0.6631,4
2022-12-10 20:00:00,LONG,0.31,0.31,sl,-0.004,0,0.6767,4
2022-12-11 00:00:00,LONG,0.31,0.31,sl,-0.004,0,0.7017,4
2022-12-11 04:00:00,LONG,0.31,0.31,sl,-0.004,0,0.6726,4
2022-12-11 08:00:00,LONG,0.31,0.31,tp,0.004,1,0.765,4
2022-12-11 12:00:00,LONG,0.31,0.31,tp,0.004,1,0.689,4
2022-12-11 16:00:00,LONG,0.31,0.31,sl,-0.004,0,0.6885,4
2022-12-11 20:00:00,LONG,0.31,0.31,sl,-0.004,0,0.7418,4
2022-12-12 00:00:00,LONG,0.3,0.3,sl,-0.004,0,0.827,4
2022-12-12 04:00:00,LONG,0.3,0.31,tp,0.004,1,0.7193,4
2022-12-12 08:00:00,LONG,0.31,0.31,sl,-0.004,0,0.8255,4
2022-12-12 12:00:00,LONG,0.3,0.3,sl,-0.004,0,0.7763,4
2022-12-12 16:00:00,LONG,0.3,0.31,tp,0.004,1,0.8097,4
2022-12-12 20:00:00,LONG,0.31,0.31,sl,-0.004,0,0.7304,4
2022-12-13 00:00:00,LONG,0.3,0.3,sl,-0.004,0,0.7347,4
2022-12-13 04:00:00,LONG,0.3,0.3,tp,0.004,1,0.7532,4
2022-12-13 08:00:00,LONG,0.31,0.31,tp,0.004,1,0.6767,4
2022-12-13 12:00:00,SHORT,0.31,0.31,tp,0.004025,1,0.7763,4
2022-12-13 16:00:00,LONG,0.31,0.31,tp,0.004,1,0.719,4
2022-12-13 20:00:00,SHORT,0.31,0.31,sl,-0.003991,0,0.6621,4
2022-12-14 04:00:00,SHORT,0.31,0.31,sl,-0.003991,0,0.7018,4
2022-12-14 08:00:00,LONG,0.31,0.31,tp,0.004,1,0.6921,4
2022-12-14 12:00:00,SHORT,0.31,0.31,tp,0.004025,1,0.6588,4
2022-12-14 16:00:00,LONG,0.31,0.31,sl,-0.004,0,0.6823,4
2022-12-14 20:00:00,LONG,0.31,0.31,sl,-0.004,0,0.6828,4
2022-12-15 00:00:00,LONG,0.3,0.3,sl,-0.004,0,0.6889,4
2022-12-15 04:00:00,LONG,0.3,0.3,sl,-0.004,0,0.7032,4
2022-12-15 08:00:00,LONG,0.3,0.3,sl,-0.004,0,0.7414,4
2022-12-15 12:00:00,SHORT,0.3,0.3,tp,0.004025,1,0.68,4
2022-12-15 16:00:00,LONG,0.3,0.3,sl,-0.004,0,0.7237,4
2022-12-15 20:00:00,LONG,0.3,0.3,sl,-0.004,0,0.7103,4
2022-12-16 00:00:00,LONG,0.3,0.3,sl,-0.004,0,0.77,4
2022-12-16 04:00:00,LONG,0.3,0.3,sl,-0.004,0,0.7129,4
2022-12-16 08:00:00,SHORT,0.29,0.28,tp,0.004025,1,0.8968,4
2022-12-16 12:00:00,SHORT,0.28,0.28,tp,0.004025,1,0.873,4
2022-12-16 16:00:00,LONG,0.28,0.28,sl,-0.004,0,0.8578,4
2022-12-16 20:00:00,SHORT,0.26,0.26,tp,0.004025,1,0.919,4
2022-12-17 00:00:00,LONG,0.26,0.26,tp,0.004,1,0.9336,4
2022-12-17 04:00:00,LONG,0.27,0.27,tp,0.004,1,0.9276,4
2022-12-17 08:00:00,LONG,0.27,0.27,sl,-0.004,0,0.8981,4
2022-12-17 12:00:00,LONG,0.26,0.26,sl,-0.004,0,0.8806,4
2022-12-17 16:00:00,LONG,0.26,0.26,tp,0.004,1,0.8696,4
2022-12-17 20:00:00,LONG,0.27,0.27,tp,0.004,1,0.8523,4
2022-12-18 00:00:00,LONG,0.27,0.27,sl,-0.004,0,0.8805,4
2022-12-18 04:00:00,LONG,0.27,0.27,sl,-0.004,0,0.7154,4
2022-12-18 08:00:00,LONG,0.27,0.26,sl,-0.004,0,0.7822,4
2022-12-18 12:00:00,LONG,0.26,0.27,tp,0.004,1,0.7272,4
2022-12-18 16:00:00,SHORT,0.27,0.27,tp,0.004025,1,0.6625,4
2022-12-18 20:00:00,LONG,0.27,0.27,tp,0.004,1,0.6728,4
2022-12-19 00:00:00,LONG,0.26,0.26,sl,-0.004,0,0.6871,4
2022-12-19 04:00:00,LONG,0.26,0.26,sl,-0.004,0,0.705,4
2022-12-19 08:00:00,LONG,0.26,0.26,tp,0.004,1,0.6541,4
2022-12-19 16:00:00,LONG,0.26,0.26,tp,0.004,1,0.8809,4
2022-12-19 20:00:00,LONG,0.25,0.25,tp,0.004,1,0.8593,4
2022-12-20 00:00:00,LONG,0.26,0.26,tp,0.004,1,0.8137,4
2022-12-20 04:00:00,LONG,0.26,0.26,tp,0.004,1,0.7319,4
2022-12-20 08:00:00,LONG,0.26,0.26,tp,0.004,1,0.6642,4
2022-12-20 16:00:00,SHORT,0.26,0.26,sl,-0.003991,0,0.6699,4
2022-12-21 04:00:00,SHORT,0.25,0.25,tp,0.004025,1,0.7911,4
2022-12-21 08:00:00,LONG,0.25,0.25,sl,-0.004,0,0.6824,4
2022-12-21 12:00:00,LONG,0.25,0.25,sl,-0.004,0,0.7021,4
2022-12-21 16:00:00,LONG,0.25,0.25,tp,0.004,1,0.6906,4
2022-12-22 00:00:00,LONG,0.25,0.25,sl,-0.004,0,0.7051,4
2022-12-22 04:00:00,LONG,0.25,0.25,tp,0.004,1,0.668,4
2022-12-22 08:00:00,LONG,0.25,0.25,sl,-0.004,0,0.6916,4
2022-12-22 12:00:00,SHORT,0.25,0.25,sl,-0.003991,0,0.7099,4
2022-12-22 20:00:00,LONG,0.26,0.26,tp,0.004,1,0.6921,4
2022-12-23 00:00:00,SHORT,0.26,0.26,tp,0.004025,1,0.762,4
2022-12-23 04:00:00,SHORT,0.26,0.26,tp,0.004025,1,0.6701,4
2022-12-23 08:00:00,SHORT,0.26,0.26,tp,0.004025,1,0.7119,4
2022-12-23 12:00:00,SHORT,0.26,0.26,sl,-0.003991,0,0.7354,4
2022-12-23 16:00:00,SHORT,0.26,0.26,sl,-0.003991,0,0.7402,4
2022-12-23 20:00:00,SHORT,0.26,0.26,sl,-0.003991,0,0.6504,4
2022-12-24 00:00:00,LONG,0.26,0.26,sl,-0.004,0,0.6759,4
2022-12-24 04:00:00,LONG,0.26,0.26,sl,-0.004,0,0.6766,4
2022-12-24 08:00:00,LONG,0.26,0.26,tp,0.004,1,0.6803,4
2022-12-24 16:00:00,LONG,0.26,0.26,sl,-0.004,0,0.6594,4
2022-12-24 20:00:00,LONG,0.26,0.26,sl,-0.004,0,0.6626,4
2022-12-25 12:00:00,LONG,0.26,0.26,sl,-0.004,0,0.702,4
2022-12-25 16:00:00,LONG,0.26,0.26,tp,0.004,1,0.6962,4
2022-12-25 20:00:00,LONG,0.26,0.26,tp,0.004,1,0.6886,4
2022-12-26 00:00:00,LONG,0.26,0.26,sl,-0.004,0,0.6839,4
2022-12-26 12:00:00,LONG,0.26,0.26,tp,0.004,1,0.6944,4
2022-12-27 04:00:00,LONG,0.26,0.26,sl,-0.004,0,0.7436,4
2022-12-27 16:00:00,LONG,0.26,0.26,tp,0.004,1,0.6939,4
2022-12-27 20:00:00,LONG,0.26,0.26,sl,-0.004,0,0.7593,4
2022-12-28 00:00:00,LONG,0.26,0.26,sl,-0.004,0,0.7691,4
2022-12-28 04:00:00,LONG,0.25,0.25,sl,-0.004,0,0.7402,4
2022-12-28 08:00:00,LONG,0.25,0.25,tp,0.004,1,0.7272,4
2022-12-28 12:00:00,LONG,0.25,0.25,tp,0.004,1,0.7975,4
2022-12-28 16:00:00,LONG,0.25,0.25,sl,-0.004,0,0.7761,4
2022-12-28 20:00:00,LONG,0.25,0.25,sl,-0.004,0,0.7379,4
2022-12-29 00:00:00,LONG,0.25,0.25,sl,-0.004,0,0.7825,4
2022-12-29 04:00:00,LONG,0.25,0.24,sl,-0.004,0,0.7961,4
2022-12-29 08:00:00,LONG,0.25,0.25,sl,-0.004,0,0.7609,4
2022-12-29 12:00:00,LONG,0.25,0.25,sl,-0.004,0,0.7621,4
2022-12-29 16:00:00,LONG,0.24,0.24,sl,-0.004,0,0.7742,4
2022-12-29 20:00:00,LONG,0.24,0.25,tp,0.004,1,0.7727,4
2023-01-01 20:00:00,SHORT,0.25,0.25,tp,0.004025,1,0.7142,5
2023-01-02 00:00:00,SHORT,0.25,0.25,sl,-0.003991,0,0.7029,5
2023-01-02 04:00:00,SHORT,0.25,0.25,sl,-0.003991,0,0.6889,5
2023-01-02 08:00:00,SHORT,0.25,0.25,tp,0.004025,1,0.707,5
2023-01-02 12:00:00,SHORT,0.25,0.26,sl,-0.003991,0,0.7145,5
2023-01-02 16:00:00,SHORT,0.26,0.25,tp,0.004025,1,0.7295,5
2023-01-02 20:00:00,SHORT,0.25,0.25,tp,0.004025,1,0.682,5
2023-01-03 00:00:00,SHORT,0.25,0.25,sl,-0.003991,0,0.6676,5
2023-01-04 00:00:00,SHORT,0.26,0.26,tp,0.004025,1,0.7711,5
2023-01-04 04:00:00,LONG,0.27,0.27,tp,0.004,1,0.7577,5
2023-01-04 08:00:00,LONG,0.26,0.27,tp,0.004,1,0.7302,5
2023-01-04 12:00:00,SHORT,0.27,0.27,tp,0.004025,1,0.7947,5
2023-01-04 16:00:00,SHORT,0.27,0.26,tp,0.004025,1,0.6993,5
2023-01-04 20:00:00,SHORT,0.27,0.27,tp,0.004025,1,0.7836,5
2023-01-05 00:00:00,SHORT,0.27,0.27,sl,-0.003991,0,0.663,5
2023-01-05 04:00:00,SHORT,0.27,0.26,tp,0.004025,1,0.76,5
2023-01-05 08:00:00,SHORT,0.27,0.26,tp,0.004025,1,0.7717,5
2023-01-05 12:00:00,SHORT,0.27,0.27,sl,-0.003991,0,0.7049,5
2023-01-05 16:00:00,SHORT,0.27,0.27,sl,-0.003991,0,0.6543,5
2023-01-05 20:00:00,SHORT,0.27,0.27,sl,-0.003991,0,0.7051,5
2023-01-06 00:00:00,LONG,0.27,0.28,tp,0.004,1,0.8006,5
2023-01-06 04:00:00,SHORT,0.27,0.27,tp,0.004025,1,0.6856,5
2023-01-06 08:00:00,SHORT,0.27,0.27,tp,0.004025,1,0.719,5
2023-01-06 12:00:00,SHORT,0.27,0.27,sl,-0.003991,0,0.8246,5
2023-01-06 16:00:00,SHORT,0.28,0.27,tp,0.004025,1,0.7553,5
2023-01-06 20:00:00,SHORT,0.28,0.28,tp,0.004025,1,0.7301,5
2023-01-07 12:00:00,SHORT,0.28,0.28,sl,-0.003991,0,0.6531,5
2023-01-07 20:00:00,SHORT,0.28,0.28,tp,0.004025,1,0.6751,5
2023-01-08 08:00:00,SHORT,0.29,0.29,sl,-0.003991,0,0.8078,5
2023-01-08 12:00:00,LONG,0.29,0.29,tp,0.004,1,0.7679,5
2023-01-08 16:00:00,SHORT,0.29,0.29,sl,-0.003991,0,0.7601,5
2023-01-08 20:00:00,LONG,0.3,0.3,tp,0.004,1,0.8339,5
2023-01-09 00:00:00,LONG,0.33,0.33,tp,0.004,1,0.9352,5
2023-01-09 04:00:00,LONG,0.33,0.33,tp,0.004,1,0.884,5
2023-01-09 08:00:00,LONG,0.32,0.32,tp,0.004,1,0.9122,5
2023-01-09 12:00:00,SHORT,0.32,0.32,tp,0.004025,1,0.7827,5
2023-01-09 16:00:00,LONG,0.32,0.32,tp,0.004,1,0.788,5
2023-01-09 20:00:00,SHORT,0.32,0.32,tp,0.004025,1,0.8122,5
2023-01-10 00:00:00,LONG,0.31,0.32,tp,0.004,1,0.8231,5
2023-01-10 04:00:00,SHORT,0.31,0.32,sl,-0.003991,0,0.8136,5
2023-01-10 08:00:00,SHORT,0.32,0.32,tp,0.004025,1,0.8333,5
2023-01-10 12:00:00,SHORT,0.32,0.32,tp,0.004025,1,0.8325,5
2023-01-10 16:00:00,SHORT,0.32,0.32,tp,0.004025,1,0.7315,5
2023-01-10 20:00:00,SHORT,0.32,0.32,tp,0.004025,1,0.7097,5
2023-01-11 00:00:00,SHORT,0.31,0.31,tp,0.004025,1,0.6814,5
2023-01-11 04:00:00,SHORT,0.32,0.31,tp,0.004025,1,0.7894,5
2023-01-11 08:00:00,SHORT,0.31,0.31,tp,0.004025,1,0.7628,5
2023-01-11 12:00:00,SHORT,0.31,0.31,sl,-0.003991,0,0.7683,5
2023-01-11 16:00:00,LONG,0.32,0.32,tp,0.004,1,0.7534,5
2023-01-11 20:00:00,SHORT,0.32,0.32,tp,0.004025,1,0.7904,5
2023-01-12 00:00:00,SHORT,0.33,0.33,tp,0.004025,1,0.8453,5
2023-01-12 04:00:00,SHORT,0.32,0.32,tp,0.004025,1,0.8639,5
2023-01-12 08:00:00,SHORT,0.32,0.32,tp,0.004025,1,0.8074,5
2023-01-12 12:00:00,SHORT,0.32,0.32,sl,-0.003991,0,0.8879,5
2023-01-12 16:00:00,SHORT,0.33,0.33,tp,0.004025,1,0.8185,5
2023-01-12 20:00:00,SHORT,0.33,0.33,tp,0.004025,1,0.7674,5
2023-01-13 00:00:00,LONG,0.33,0.33,tp,0.004,1,0.6629,5
2023-01-13 04:00:00,SHORT,0.33,0.33,sl,-0.003991,0,0.6886,5
2023-01-13 08:00:00,SHORT,0.33,0.33,tp,0.004025,1,0.802,5
2023-01-13 12:00:00,SHORT,0.33,0.33,tp,0.004025,1,0.7992,5
2023-01-13 16:00:00,SHORT,0.33,0.33,tp,0.004025,1,0.6683,5
2023-01-13 20:00:00,LONG,0.35,0.35,tp,0.004,1,0.8876,5
2023-01-14 00:00:00,LONG,0.36,0.36,tp,0.004,1,0.8798,5
2023-01-14 04:00:00,LONG,0.36,0.37,tp,0.004,1,0.8624,5
2023-01-14 08:00:00,SHORT,0.35,0.35,tp,0.004025,1,0.8966,5
2023-01-14 12:00:00,SHORT,0.35,0.35,tp,0.004025,1,0.8669,5
2023-01-14 16:00:00,LONG,0.35,0.35,tp,0.004,1,0.829,5
2023-01-14 20:00:00,SHORT,0.35,0.35,tp,0.004025,1,0.7925,5
2023-01-15 00:00:00,LONG,0.35,0.35,sl,-0.004,0,0.8349,5
2023-01-15 04:00:00,LONG,0.35,0.35,sl,-0.004,0,0.7704,5
2023-01-15 08:00:00,SHORT,0.35,0.34,tp,0.004025,1,0.8079,5
2023-01-15 12:00:00,SHORT,0.35,0.35,tp,0.004025,1,0.8121,5
2023-01-15 16:00:00,SHORT,0.35,0.35,sl,-0.003991,0,0.7123,5
2023-01-15 20:00:00,SHORT,0.35,0.35,tp,0.004025,1,0.7517,5
2023-01-16 00:00:00,SHORT,0.36,0.36,sl,-0.003991,0,0.7946,5
2023-01-16 04:00:00,SHORT,0.36,0.36,tp,0.004025,1,0.8252,5
2023-01-16 08:00:00,SHORT,0.35,0.35,tp,0.004025,1,0.8516,5
2023-01-16 12:00:00,SHORT,0.35,0.35,sl,-0.003991,0,0.8144,5
2023-01-16 16:00:00,SHORT,0.35,0.35,tp,0.004025,1,0.7034,5
2023-01-16 20:00:00,SHORT,0.35,0.35,tp,0.004025,1,0.6977,5
2023-01-17 00:00:00,LONG,0.35,0.35,tp,0.004,1,0.7505,5
2023-01-17 04:00:00,SHORT,0.35,0.35,sl,-0.003991,0,0.6757,5
2023-01-17 08:00:00,SHORT,0.35,0.35,tp,0.004025,1,0.7647,5
2023-01-17 12:00:00,SHORT,0.35,0.35,tp,0.004025,1,0.7785,5
2023-01-17 16:00:00,LONG,0.35,0.35,sl,-0.004,0,0.6511,5
2023-01-17 20:00:00,SHORT,0.35,0.35,sl,-0.003991,0,0.7434,5
2023-01-18 00:00:00,LONG,0.35,0.35,tp,0.004,1,0.6743,5
2023-01-18 04:00:00,LONG,0.35,0.35,sl,-0.004,0,0.6753,5
2023-01-18 08:00:00,SHORT,0.35,0.35,tp,0.004025,1,0.679,5
2023-01-18 12:00:00,SHORT,0.34,0.34,tp,0.004025,1,0.8184,5
2023-01-18 16:00:00,LONG,0.33,0.33,sl,-0.004,0,0.8133,5
2023-01-18 20:00:00,LONG,0.33,0.33,tp,0.004,1,0.8993,5
2023-01-19 00:00:00,LONG,0.33,0.33,tp,0.004,1,0.8454,5
2023-01-19 04:00:00,LONG,0.33,0.33,tp,0.004,1,0.8383,5
2023-01-19 08:00:00,SHORT,0.33,0.33,tp,0.004025,1,0.8347,5
2023-01-19 12:00:00,LONG,0.33,0.34,tp,0.004,1,0.7498,5
2023-01-19 16:00:00,LONG,0.34,0.34,tp,0.004,1,0.7219,5
2023-01-19 20:00:00,SHORT,0.34,0.34,tp,0.004025,1,0.8245,5
2023-01-20 00:00:00,SHORT,0.34,0.34,tp,0.004025,1,0.791,5
2023-01-20 04:00:00,SHORT,0.34,0.34,sl,-0.003991,0,0.7308,5
2023-01-20 08:00:00,SHORT,0.33,0.34,sl,-0.003991,0,0.7073,5
2023-01-20 12:00:00,SHORT,0.34,0.34,sl,-0.003991,0,0.7596,5
2023-01-20 16:00:00,SHORT,0.35,0.35,tp,0.004025,1,0.7714,5
2023-01-20 20:00:00,SHORT,0.37,0.36,tp,0.004025,1,0.8726,5
2023-01-21 00:00:00,LONG,0.36,0.36,tp,0.004,1,0.7928,5
2023-01-21 04:00:00,SHORT,0.36,0.36,tp,0.004025,1,0.8329,5
2023-01-21 08:00:00,SHORT,0.36,0.36,sl,-0.003991,0,0.857,5
2023-01-21 12:00:00,LONG,0.37,0.37,tp,0.004,1,0.89,5
2023-01-21 16:00:00,LONG,0.38,0.37,sl,-0.004,0,0.8949,5
2023-01-21 20:00:00,LONG,0.37,0.37,tp,0.004,1,0.835,5
2023-01-22 00:00:00,LONG,0.36,0.37,tp,0.004,1,0.8537,5
2023-01-22 04:00:00,SHORT,0.37,0.37,tp,0.004025,1,0.8768,5
2023-01-22 08:00:00,LONG,0.38,0.38,tp,0.004,1,0.8459,5
2023-01-22 12:00:00,SHORT,0.38,0.38,tp,0.004025,1,0.7983,5
2023-01-22 16:00:00,LONG,0.38,0.38,sl,-0.004,0,0.7869,5
2023-01-22 20:00:00,SHORT,0.38,0.37,tp,0.004025,1,0.8269,5
2023-01-23 00:00:00,LONG,0.37,0.37,tp,0.004,1,0.8439,5
2023-01-23 04:00:00,SHORT,0.37,0.38,sl,-0.003991,0,0.784,5
2023-01-23 08:00:00,SHORT,0.38,0.38,tp,0.004025,1,0.7769,5
2023-01-23 12:00:00,SHORT,0.38,0.37,tp,0.004025,1,0.8023,5
2023-01-23 16:00:00,LONG,0.37,0.38,tp,0.004,1,0.7256,5
2023-01-23 20:00:00,SHORT,0.37,0.37,tp,0.004025,1,0.7659,5
2023-01-24 00:00:00,SHORT,0.38,0.38,sl,-0.003991,0,0.7962,5
2023-01-24 04:00:00,SHORT,0.38,0.38,tp,0.004025,1,0.8188,5
2023-01-24 08:00:00,SHORT,0.38,0.38,tp,0.004025,1,0.7659,5
2023-01-24 12:00:00,SHORT,0.38,0.37,tp,0.004025,1,0.7852,5
2023-01-24 16:00:00,SHORT,0.38,0.38,tp,0.004025,1,0.6901,5
2023-01-24 20:00:00,LONG,0.36,0.36,sl,-0.004,0,0.9007,5
2023-01-25 00:00:00,LONG,0.35,0.36,tp,0.004,1,0.8787,5
2023-01-25 04:00:00,SHORT,0.36,0.36,tp,0.004025,1,0.8622,5
2023-01-25 08:00:00,LONG,0.36,0.36,tp,0.004,1,0.8485,5
2023-01-25 12:00:00,LONG,0.36,0.36,tp,0.004,1,0.8415,5
2023-01-25 16:00:00,LONG,0.36,0.36,tp,0.004,1,0.7438,5
2023-01-25 20:00:00,LONG,0.37,0.38,tp,0.004,1,0.8886,5
2023-01-26 00:00:00,LONG,0.38,0.38,tp,0.004,1,0.8885,5
2023-01-26 04:00:00,SHORT,0.38,0.37,tp,0.004025,1,0.8384,5
2023-01-26 08:00:00,SHORT,0.37,0.37,sl,-0.003991,0,0.8438,5
2023-01-26 12:00:00,SHORT,0.38,0.37,tp,0.004025,1,0.8294,5
2023-01-26 16:00:00,SHORT,0.38,0.38,tp,0.004025,1,0.8342,5
2023-01-26 20:00:00,SHORT,0.38,0.38,tp,0.004025,1,0.7787,5
2023-01-27 00:00:00,LONG,0.37,0.37,tp,0.004,1,0.7871,5
2023-01-27 04:00:00,SHORT,0.38,0.38,tp,0.004025,1,0.7674,5
2023-01-27 08:00:00,SHORT,0.38,0.37,tp,0.004025,1,0.81,5
2023-01-27 12:00:00,SHORT,0.38,0.38,sl,-0.003991,0,0.783,5
2023-01-27 16:00:00,SHORT,0.38,0.38,sl,-0.003991,0,0.759,5
2023-01-27 20:00:00,SHORT,0.39,0.39,tp,0.004025,1,0.8526,5
2023-01-28 00:00:00,SHORT,0.39,0.39,tp,0.004025,1,0.8159,5
2023-01-28 04:00:00,SHORT,0.39,0.39,tp,0.004025,1,0.7961,5
2023-01-28 08:00:00,SHORT,0.39,0.38,tp,0.004025,1,0.8253,5
2023-01-28 12:00:00,SHORT,0.38,0.38,sl,-0.003991,0,0.8243,5
2023-01-28 16:00:00,SHORT,0.38,0.38,tp,0.004025,1,0.7017,5
2023-01-28 20:00:00,SHORT,0.38,0.38,tp,0.004025,1,0.7369,5
2023-01-29 00:00:00,SHORT,0.39,0.38,tp,0.004025,1,0.7178,5
2023-01-29 04:00:00,SHORT,0.39,0.39,sl,-0.003991,0,0.7179,5
2023-01-29 08:00:00,SHORT,0.39,0.39,tp,0.004025,1,0.7169,5
2023-01-29 12:00:00,SHORT,0.39,0.39,sl,-0.003991,0,0.7812,5
2023-01-29 16:00:00,SHORT,0.4,0.39,tp,0.004025,1,0.742,5
2023-01-29 20:00:00,SHORT,0.4,0.4,tp,0.004025,1,0.7479,5
2023-01-30 00:00:00,SHORT,0.39,0.39,tp,0.004025,1,0.6908,5
2023-01-30 04:00:00,SHORT,0.39,0.39,tp,0.004025,1,0.7016,5
2023-01-30 08:00:00,LONG,0.38,0.38,tp,0.004,1,0.8039,5
2023-01-30 12:00:00,SHORT,0.38,0.38,tp,0.004025,1,0.7905,5
2023-01-30 16:00:00,LONG,0.37,0.37,sl,-0.004,0,0.8486,5
2023-01-30 20:00:00,SHORT,0.37,0.37,tp,0.004025,1,0.779,5
2023-01-31 00:00:00,LONG,0.37,0.37,tp,0.004,1,0.7887,5
2023-01-31 04:00:00,LONG,0.37,0.37,sl,-0.004,0,0.7294,5
2023-01-31 08:00:00,SHORT,0.37,0.37,sl,-0.003991,0,0.725,5
2023-01-31 12:00:00,LONG,0.4,0.4,tp,0.004,1,0.8767,5
2023-01-31 16:00:00,LONG,0.39,0.39,sl,-0.004,0,0.8523,5
2023-01-31 20:00:00,SHORT,0.39,0.39,tp,0.004025,1,0.8377,5
2023-02-01 00:00:00,SHORT,0.39,0.39,tp,0.004025,1,0.7602,5
2023-02-01 04:00:00,LONG,0.38,0.38,sl,-0.004,0,0.7399,5
2023-02-01 08:00:00,SHORT,0.38,0.38,tp,0.004025,1,0.8056,5
2023-02-01 12:00:00,LONG,0.38,0.38,tp,0.004,1,0.7755,5
2023-02-01 16:00:00,LONG,0.39,0.39,tp,0.004,1,0.8314,5
2023-02-01 20:00:00,LONG,0.4,0.4,tp,0.004,1,0.8951,5
2023-02-02 00:00:00,LONG,0.41,0.41,sl,-0.004,0,0.8838,5
2023-02-02 04:00:00,SHORT,0.4,0.4,tp,0.004025,1,0.8078,5
2023-02-02 08:00:00,SHORT,0.41,0.4,tp,0.004025,1,0.8039,5
2023-02-02 12:00:00,SHORT,0.4,0.41,sl,-0.003991,0,0.7716,5
2023-02-02 16:00:00,SHORT,0.4,0.4,tp,0.004025,1,0.8097,5
2023-02-02 20:00:00,LONG,0.4,0.4,tp,0.004,1,0.7924,5
2023-02-03 00:00:00,LONG,0.4,0.4,tp,0.004,1,0.826,5
2023-02-03 04:00:00,SHORT,0.4,0.4,sl,-0.003991,0,0.7382,5
2023-02-03 08:00:00,SHORT,0.4,0.4,tp,0.004025,1,0.7764,5
2023-02-03 12:00:00,SHORT,0.4,0.4,sl,-0.003991,0,0.8129,5
2023-02-03 16:00:00,SHORT,0.4,0.4,sl,-0.003991,0,0.796,5
2023-02-03 20:00:00,SHORT,0.4,0.4,tp,0.004025,1,0.8035,5
2023-02-04 00:00:00,SHORT,0.4,0.4,tp,0.004025,1,0.6554,5
2023-02-04 04:00:00,SHORT,0.4,0.4,sl,-0.003991,0,0.6759,5
2023-02-04 08:00:00,SHORT,0.4,0.4,sl,-0.003991,0,0.6694,5
2023-02-04 12:00:00,SHORT,0.4,0.4,tp,0.004025,1,0.7191,5
2023-02-04 16:00:00,SHORT,0.4,0.4,tp,0.004025,1,0.6731,5
2023-02-04 20:00:00,SHORT,0.4,0.4,tp,0.004025,1,0.6528,5
2023-02-05 12:00:00,SHORT,0.39,0.39,tp,0.004025,1,0.7291,5
2023-02-05 16:00:00,SHORT,0.39,0.39,sl,-0.003991,0,0.7075,5
2023-02-05 20:00:00,SHORT,0.39,0.39,sl,-0.003991,0,0.7313,5
2023-02-06 00:00:00,SHORT,0.39,0.39,tp,0.004025,1,0.6876,5
2023-02-06 04:00:00,SHORT,0.39,0.39,tp,0.004025,1,0.7391,5
2023-02-06 08:00:00,SHORT,0.39,0.39,tp,0.004025,1,0.6891,5
2023-02-06 12:00:00,SHORT,0.39,0.39,tp,0.004025,1,0.7357,5
2023-02-06 16:00:00,SHORT,0.39,0.39,tp,0.004025,1,0.6667,5
2023-02-06 20:00:00,SHORT,0.38,0.38,sl,-0.003991,0,0.7612,5
2023-02-07 00:00:00,LONG,0.39,0.39,tp,0.004,1,0.6644,5
2023-02-07 04:00:00,SHORT,0.39,0.38,tp,0.004025,1,0.7452,5
2023-02-07 08:00:00,SHORT,0.39,0.39,tp,0.004025,1,0.7292,5
2023-02-07 12:00:00,SHORT,0.39,0.38,tp,0.004025,1,0.7384,5
2023-02-07 16:00:00,LONG,0.39,0.39,tp,0.004,1,0.7717,5
2023-02-07 20:00:00,SHORT,0.4,0.4,sl,-0.003991,0,0.8171,5
2023-02-08 00:00:00,SHORT,0.4,0.4,tp,0.004025,1,0.7626,5
2023-02-08 04:00:00,SHORT,0.4,0.4,tp,0.004025,1,0.754,5
2023-02-08 08:00:00,SHORT,0.4,0.4,tp,0.004025,1,0.7553,5
2023-02-08 12:00:00,SHORT,0.39,0.39,tp,0.004025,1,0.7511,5
2023-02-09 00:00:00,LONG,0.38,0.38,tp,0.004,1,0.8043,5
2023-02-09 04:00:00,LONG,0.39,0.39,sl,-0.004,0,0.6556,5
2023-02-09 08:00:00,SHORT,0.39,0.38,tp,0.004025,1,0.7211,5
2023-02-09 12:00:00,SHORT,0.39,0.38,tp,0.004025,1,0.7495,5
2023-02-09 16:00:00,LONG,0.37,0.37,sl,-0.004,0,0.86,5
2023-02-09 20:00:00,SHORT,0.36,0.36,tp,0.004025,1,0.9249,5
2023-02-10 00:00:00,LONG,0.36,0.36,tp,0.004,1,0.833,5
2023-02-10 04:00:00,SHORT,0.36,0.36,tp,0.004025,1,0.8478,5
2023-02-10 08:00:00,LONG,0.36,0.36,tp,0.004,1,0.8497,5
2023-02-10 12:00:00,SHORT,0.36,0.36,tp,0.004025,1,0.7901,5
2023-02-10 16:00:00,LONG,0.36,0.36,sl,-0.004,0,0.747,5
2023-02-10 20:00:00,LONG,0.36,0.36,tp,0.004,1,0.8182,5
2023-02-11 04:00:00,LONG,0.36,0.36,tp,0.004,1,0.6517,5
2023-02-11 08:00:00,SHORT,0.36,0.36,sl,-0.003991,0,0.7447,5
2023-02-11 12:00:00,SHORT,0.36,0.36,tp,0.004025,1,0.7054,5
2023-02-11 16:00:00,SHORT,0.36,0.36,sl,-0.003991,0,0.6726,5
2023-02-11 20:00:00,SHORT,0.37,0.37,tp,0.004025,1,0.7135,5
2023-02-12 00:00:00,SHORT,0.37,0.37,sl,-0.003991,0,0.666,5
2023-02-12 04:00:00,SHORT,0.37,0.37,sl,-0.003991,0,0.6975,5
2023-02-12 08:00:00,SHORT,0.37,0.37,tp,0.004025,1,0.739,5
2023-02-12 12:00:00,SHORT,0.37,0.37,sl,-0.003991,0,0.6842,5
2023-02-12 16:00:00,SHORT,0.37,0.37,tp,0.004025,1,0.7309,5
2023-02-12 20:00:00,SHORT,0.36,0.36,tp,0.004025,1,0.7143,5
2023-02-13 00:00:00,SHORT,0.36,0.36,sl,-0.003991,0,0.6593,5
2023-02-13 04:00:00,SHORT,0.36,0.36,tp,0.004025,1,0.683,5
2023-02-13 08:00:00,SHORT,0.35,0.35,sl,-0.003991,0,0.8517,5
2023-02-13 12:00:00,SHORT,0.35,0.35,tp,0.004025,1,0.8353,5
2023-02-13 16:00:00,SHORT,0.35,0.35,sl,-0.003991,0,0.7327,5
2023-02-13 20:00:00,SHORT,0.36,0.36,tp,0.004025,1,0.7486,5
2023-02-14 00:00:00,SHORT,0.36,0.36,sl,-0.003991,0,0.7001,5
2023-02-14 04:00:00,SHORT,0.36,0.36,tp,0.004025,1,0.7906,5
2023-02-14 08:00:00,SHORT,0.36,0.36,tp,0.004025,1,0.7722,5
2023-02-14 12:00:00,LONG,0.38,0.38,tp,0.004,1,0.8704,5
2023-02-14 16:00:00,LONG,0.39,0.39,sl,-0.004,0,0.8706,5
2023-02-14 20:00:00,LONG,0.39,0.39,tp,0.004,1,0.814,5
2023-02-15 00:00:00,SHORT,0.39,0.38,tp,0.004025,1,0.788,5
2023-02-15 04:00:00,SHORT,0.38,0.38,sl,-0.003991,0,0.8014,5
2023-02-15 08:00:00,SHORT,0.39,0.39,sl,-0.003991,0,0.8576,5
2023-02-15 12:00:00,SHORT,0.39,0.39,tp,0.004025,1,0.8135,5
2023-02-15 16:00:00,SHORT,0.4,0.4,sl,-0.003991,0,0.786,5
2023-02-15 20:00:00,LONG,0.42,0.42,sl,-0.004,0,0.8839,5
2023-02-16 00:00:00,LONG,0.41,0.41,sl,-0.004,0,0.867,5
2023-02-16 04:00:00,LONG,0.41,0.41,sl,-0.004,0,0.8163,5
2023-02-16 08:00:00,SHORT,0.4,0.4,tp,0.004025,1,0.8382,5
2023-02-16 12:00:00,SHORT,0.41,0.41,tp,0.004025,1,0.8397,5
2023-02-16 16:00:00,LONG,0.4,0.4,sl,-0.004,0,0.8242,5
2023-02-16 20:00:00,LONG,0.39,0.39,tp,0.004,1,0.9074,5
2023-02-17 00:00:00,SHORT,0.4,0.39,tp,0.004025,1,0.7797,5
2023-02-17 04:00:00,LONG,0.39,0.4,tp,0.004,1,0.7981,5
2023-02-17 08:00:00,SHORT,0.4,0.4,sl,-0.003991,0,0.8001,5
2023-02-17 12:00:00,LONG,0.4,0.4,tp,0.004,1,0.8051,5
2023-02-17 16:00:00,SHORT,0.41,0.4,tp,0.004025,1,0.7874,5
2023-02-17 20:00:00,SHORT,0.4,0.4,sl,-0.003991,0,0.8568,5
2023-02-18 00:00:00,SHORT,0.4,0.4,tp,0.004025,1,0.7303,5
2023-02-18 04:00:00,SHORT,0.4,0.4,tp,0.004025,1,0.7706,5
2023-02-18 08:00:00,SHORT,0.4,0.4,sl,-0.003991,0,0.7687,5
2023-02-18 12:00:00,SHORT,0.4,0.41,sl,-0.003991,0,0.7218,5
2023-02-18 16:00:00,LONG,0.41,0.4,sl,-0.004,0,0.8581,5
2023-02-18 20:00:00,LONG,0.41,0.4,sl,-0.004,0,0.7021,5
2023-02-19 00:00:00,LONG,0.4,0.4,tp,0.004,1,0.6607,5
2023-02-19 04:00:00,SHORT,0.4,0.4,sl,-0.003991,0,0.6794,5
2023-02-19 08:00:00,SHORT,0.41,0.41,sl,-0.003991,0,0.6524,5
2023-02-19 12:00:00,SHORT,0.41,0.41,tp,0.004025,1,0.6963,5
2023-02-19 16:00:00,SHORT,0.4,0.4,tp,0.004025,1,0.7565,5
2023-02-19 20:00:00,SHORT,0.4,0.4,tp,0.004025,1,0.7555,5
2023-02-20 00:00:00,SHORT,0.4,0.4,sl,-0.003991,0,0.662,5
2023-02-20 04:00:00,SHORT,0.41,0.41,tp,0.004025,1,0.7375,5
2023-02-20 08:00:00,SHORT,0.41,0.4,tp,0.004025,1,0.7529,5
2023-02-20 12:00:00,SHORT,0.41,0.4,tp,0.004025,1,0.7761,5
2023-02-20 16:00:00,SHORT,0.41,0.4,tp,0.004025,1,0.6909,5
2023-02-20 20:00:00,SHORT,0.4,0.4,tp,0.004025,1,0.7449,5
2023-02-21 08:00:00,SHORT,0.39,0.39,tp,0.004025,1,0.8069,5
2023-02-21 12:00:00,SHORT,0.39,0.39,tp,0.004025,1,0.7529,5
2023-02-21 16:00:00,SHORT,0.39,0.39,tp,0.004025,1,0.7092,5
2023-02-21 20:00:00,SHORT,0.39,0.39,tp,0.004025,1,0.7615,5
2023-02-22 00:00:00,LONG,0.39,0.39,sl,-0.004,0,0.765,5
2023-02-22 04:00:00,LONG,0.38,0.39,tp,0.004,1,0.7575,5
2023-02-22 08:00:00,LONG,0.39,0.39,sl,-0.004,0,0.7307,5
2023-02-22 12:00:00,LONG,0.38,0.38,tp,0.004,1,0.7526,5
2023-02-22 16:00:00,LONG,0.38,0.38,tp,0.004,1,0.7164,5
2023-02-22 20:00:00,LONG,0.39,0.39,tp,0.004,1,0.7721,5
2023-02-23 00:00:00,LONG,0.39,0.39,tp,0.004,1,0.7527,5
2023-02-23 04:00:00,SHORT,0.39,0.39,tp,0.004025,1,0.7947,5
2023-02-23 08:00:00,LONG,0.38,0.39,tp,0.004,1,0.7065,5
2023-02-23 12:00:00,SHORT,0.39,0.38,tp,0.004025,1,0.6819,5
2023-02-23 16:00:00,LONG,0.38,0.38,sl,-0.004,0,0.6682,5
2023-02-23 20:00:00,SHORT,0.38,0.38,tp,0.004025,1,0.6951,5
2023-02-24 00:00:00,LONG,0.38,0.38,sl,-0.004,0,0.6979,5
2023-02-24 04:00:00,SHORT,0.38,0.38,tp,0.004025,1,0.6983,5
2023-02-24 12:00:00,LONG,0.37,0.37,sl,-0.004,0,0.7663,5
2023-02-24 16:00:00,SHORT,0.37,0.36,tp,0.004025,1,0.8038,5
2023-02-24 20:00:00,SHORT,0.37,0.36,tp,0.004025,1,0.8447,5
2023-02-25 00:00:00,LONG,0.36,0.37,tp,0.004,1,0.7511,5
2023-02-25 04:00:00,SHORT,0.37,0.36,tp,0.004025,1,0.7626,5
2023-02-25 08:00:00,LONG,0.36,0.36,tp,0.004,1,0.7693,5
2023-02-25 12:00:00,SHORT,0.36,0.36,tp,0.004025,1,0.713,5
2023-02-25 16:00:00,LONG,0.36,0.36,tp,0.004,1,0.6938,5
2023-02-25 20:00:00,SHORT,0.36,0.36,tp,0.004025,1,0.7564,5
2023-02-26 04:00:00,SHORT,0.36,0.36,sl,-0.003991,0,0.6706,5
2023-02-26 08:00:00,SHORT,0.36,0.36,tp,0.004025,1,0.7293,5
2023-02-26 16:00:00,SHORT,0.37,0.37,sl,-0.003991,0,0.6657,5
2023-02-26 20:00:00,SHORT,0.37,0.37,tp,0.004025,1,0.6788,5
2023-02-28 08:00:00,SHORT,0.36,0.36,tp,0.004025,1,0.6768,5
2023-02-28 12:00:00,SHORT,0.36,0.36,tp,0.004025,1,0.6771,5
2023-02-28 20:00:00,SHORT,0.35,0.35,tp,0.004025,1,0.7771,5
2023-03-01 00:00:00,SHORT,0.36,0.36,sl,-0.003991,0,0.6618,5
2023-03-01 04:00:00,SHORT,0.36,0.36,sl,-0.003991,0,0.7075,5
2023-03-01 08:00:00,SHORT,0.36,0.36,tp,0.004025,1,0.687,5
2023-03-01 12:00:00,SHORT,0.36,0.36,tp,0.004025,1,0.6922,5
2023-03-01 20:00:00,SHORT,0.36,0.36,tp,0.004025,1,0.7033,5
2023-03-02 08:00:00,SHORT,0.35,0.35,tp,0.004025,1,0.7533,5
2023-03-02 12:00:00,SHORT,0.35,0.35,tp,0.004025,1,0.8129,5
2023-03-02 16:00:00,SHORT,0.35,0.35,sl,-0.003991,0,0.6716,5
2023-03-02 20:00:00,SHORT,0.35,0.35,tp,0.004025,1,0.6533,5
2023-03-03 00:00:00,SHORT,0.33,0.33,sl,-0.003991,0,0.9114,5
2023-03-03 04:00:00,LONG,0.34,0.34,tp,0.004,1,0.8119,5
2023-03-03 08:00:00,LONG,0.34,0.34,tp,0.004,1,0.7906,5
2023-03-03 12:00:00,SHORT,0.34,0.34,sl,-0.003991,0,0.8211,5
2023-03-03 16:00:00,SHORT,0.34,0.34,tp,0.004025,1,0.7078,5
2023-03-03 20:00:00,SHORT,0.34,0.34,tp,0.004025,1,0.7353,5
2023-03-04 00:00:00,SHORT,0.34,0.34,sl,-0.003991,0,0.7448,5
2023-03-04 04:00:00,SHORT,0.34,0.34,tp,0.004025,1,0.7729,5
2023-03-04 08:00:00,SHORT,0.34,0.34,tp,0.004025,1,0.701,5
2023-03-04 12:00:00,SHORT,0.34,0.34,tp,0.004025,1,0.669,5
2023-03-04 16:00:00,SHORT,0.34,0.33,tp,0.004025,1,0.6777,5
2023-03-04 20:00:00,SHORT,0.34,0.34,sl,-0.003991,0,0.7666,5
2023-03-06 04:00:00,SHORT,0.33,0.33,tp,0.004025,1,0.6647,5
2023-03-06 08:00:00,SHORT,0.33,0.33,tp,0.004025,1,0.6803,5
2023-03-06 12:00:00,SHORT,0.34,0.33,tp,0.004025,1,0.6922,5
2023-03-06 20:00:00,SHORT,0.33,0.33,tp,0.004025,1,0.6873,5
2023-03-07 12:00:00,SHORT,0.33,0.33,tp,0.004025,1,0.7399,5
2023-03-07 20:00:00,SHORT,0.33,0.33,tp,0.004025,1,0.6898,5
2023-03-08 04:00:00,SHORT,0.32,0.32,sl,-0.003991,0,0.7969,5
2023-03-08 08:00:00,SHORT,0.32,0.32,tp,0.004025,1,0.7419,5
2023-03-08 12:00:00,SHORT,0.33,0.32,tp,0.004025,1,0.7674,5
2023-03-08 16:00:00,SHORT,0.32,0.32,tp,0.004025,1,0.6751,5
2023-03-08 20:00:00,SHORT,0.32,0.32,tp,0.004025,1,0.7771,5
2023-03-09 00:00:00,SHORT,0.32,0.32,tp,0.004025,1,0.6687,5
2023-03-09 04:00:00,SHORT,0.32,0.31,tp,0.004025,1,0.7249,5
2023-03-09 08:00:00,SHORT,0.32,0.32,tp,0.004025,1,0.7625,5
2023-03-09 12:00:00,SHORT,0.32,0.32,tp,0.004025,1,0.7079,5
2023-03-09 16:00:00,SHORT,0.31,0.31,tp,0.004025,1,0.7811,5
2023-03-09 20:00:00,SHORT,0.31,0.31,tp,0.004025,1,0.8532,5
2023-03-10 00:00:00,LONG,0.31,0.31,sl,-0.004,0,0.7354,5
2023-03-10 04:00:00,SHORT,0.31,0.3,tp,0.004025,1,0.7372,5
2023-03-10 08:00:00,SHORT,0.3,0.3,tp,0.004025,1,0.747,5
2023-03-10 12:00:00,SHORT,0.31,0.31,tp,0.004025,1,0.8121,5
2023-03-10 16:00:00,LONG,0.31,0.31,tp,0.004,1,0.705,5
2023-03-10 20:00:00,LONG,0.32,0.32,tp,0.004,1,0.7687,5
2023-03-11 00:00:00,SHORT,0.32,0.31,tp,0.004025,1,0.7762,5
2023-03-11 04:00:00,SHORT,0.31,0.31,tp,0.004025,1,0.7315,5
2023-03-11 08:00:00,LONG,0.31,0.31,sl,-0.004,0,0.7291,5
2023-03-11 12:00:00,LONG,0.3,0.3,tp,0.004,1,0.775,5
2023-03-11 16:00:00,LONG,0.3,0.31,tp,0.004,1,0.7669,5
2023-03-11 20:00:00,SHORT,0.3,0.3,tp,0.004025,1,0.6663,5
2023-03-12 00:00:00,LONG,0.31,0.31,tp,0.004,1,0.6583,5
2023-03-12 04:00:00,SHORT,0.3,0.3,sl,-0.003991,0,0.7043,5
2023-03-12 08:00:00,SHORT,0.31,0.3,tp,0.004025,1,0.7376,5
2023-03-12 12:00:00,SHORT,0.3,0.3,sl,-0.003991,0,0.7023,5
2023-03-12 16:00:00,LONG,0.31,0.31,tp,0.004,1,0.823,5
2023-03-12 20:00:00,LONG,0.33,0.33,tp,0.004,1,0.8937,5
2023-03-13 00:00:00,LONG,0.34,0.34,tp,0.004,1,0.9059,5
2023-03-13 04:00:00,LONG,0.34,0.34,sl,-0.004,0,0.8879,5
2023-03-13 08:00:00,SHORT,0.33,0.33,tp,0.004025,1,0.839,5
2023-03-13 12:00:00,LONG,0.35,0.35,tp,0.004,1,0.8852,5
2023-03-13 16:00:00,LONG,0.34,0.34,tp,0.004,1,0.8446,5
2023-03-13 20:00:00,LONG,0.34,0.34,sl,-0.004,0,0.803,5
2023-03-14 00:00:00,LONG,0.34,0.35,tp,0.004,1,0.7688,5
2023-03-14 04:00:00,LONG,0.34,0.34,tp,0.004,1,0.8063,5
2023-03-14 08:00:00,SHORT,0.34,0.34,tp,0.004025,1,0.8506,5
2023-03-14 12:00:00,LONG,0.36,0.36,sl,-0.004,0,0.9152,5
2023-03-14 16:00:00,LONG,0.35,0.35,sl,-0.004,0,0.8626,5
2023-03-14 20:00:00,SHORT,0.34,0.34,tp,0.004025,1,0.8799,5
2023-03-15 00:00:00,LONG,0.34,0.34,tp,0.004,1,0.8739,5
2023-03-15 04:00:00,LONG,0.34,0.34,sl,-0.004,0,0.819,5
2023-03-15 08:00:00,SHORT,0.34,0.34,tp,0.004025,1,0.8437,5
2023-03-15 12:00:00,LONG,0.33,0.33,tp,0.004,1,0.9037,5
2023-03-15 16:00:00,SHORT,0.33,0.33,tp,0.004025,1,0.8793,5
2023-03-15 20:00:00,SHORT,0.32,0.32,tp,0.004025,1,0.8582,5
2023-03-16 00:00:00,LONG,0.32,0.33,tp,0.004,1,0.8489,5
2023-03-16 04:00:00,SHORT,0.33,0.33,tp,0.004025,1,0.8245,5
2023-03-16 08:00:00,SHORT,0.33,0.33,tp,0.004025,1,0.8482,5
2023-03-16 12:00:00,SHORT,0.33,0.33,tp,0.004025,1,0.8278,5
2023-03-16 16:00:00,SHORT,0.33,0.32,tp,0.004025,1,0.7724,5
2023-03-16 20:00:00,SHORT,0.32,0.32,tp,0.004025,1,0.8611,5
2023-03-17 00:00:00,SHORT,0.33,0.33,tp,0.004025,1,0.7607,5
2023-03-17 04:00:00,SHORT,0.33,0.33,sl,-0.003991,0,0.7273,5
2023-03-17 08:00:00,LONG,0.35,0.35,sl,-0.004,0,0.8615,5
2023-03-17 12:00:00,SHORT,0.33,0.34,sl,-0.003991,0,0.8301,5
2023-03-17 16:00:00,SHORT,0.34,0.34,tp,0.004025,1,0.8301,5
2023-03-17 20:00:00,SHORT,0.35,0.35,tp,0.004025,1,0.8828,5
2023-03-18 00:00:00,SHORT,0.35,0.35,tp,0.004025,1,0.8028,5
2023-03-18 04:00:00,SHORT,0.35,0.35,tp,0.004025,1,0.8243,5
2023-03-18 08:00:00,SHORT,0.35,0.35,tp,0.004025,1,0.843,5
2023-03-18 12:00:00,LONG,0.34,0.35,tp,0.004,1,0.7871,5
2023-03-18 16:00:00,LONG,0.34,0.35,tp,0.004,1,0.7568,5
2023-03-18 20:00:00,LONG,0.34,0.34,tp,0.004,1,0.8537,5
2023-03-19 00:00:00,LONG,0.34,0.34,sl,-0.004,0,0.8034,5
2023-03-19 04:00:00,SHORT,0.34,0.34,sl,-0.003991,0,0.8009,5
2023-03-19 08:00:00,SHORT,0.34,0.34,sl,-0.003991,0,0.8098,5
2023-03-19 12:00:00,SHORT,0.35,0.35,sl,-0.003991,0,0.7744,5
2023-03-19 16:00:00,LONG,0.35,0.35,sl,-0.004,0,0.7521,5
2023-03-19 20:00:00,SHORT,0.34,0.34,tp,0.004025,1,0.8298,5
2023-03-20 00:00:00,SHORT,0.34,0.34,tp,0.004025,1,0.7111,5
2023-03-20 04:00:00,SHORT,0.34,0.34,tp,0.004025,1,0.7656,5
2023-03-20 08:00:00,SHORT,0.34,0.34,tp,0.004025,1,0.7806,5
2023-03-20 12:00:00,SHORT,0.34,0.34,tp,0.004025,1,0.7916,5
2023-03-20 16:00:00,LONG,0.33,0.34,tp,0.004,1,0.7641,5
2023-03-20 20:00:00,LONG,0.33,0.33,tp,0.004,1,0.7572,5
2023-03-21 00:00:00,LONG,0.34,0.34,tp,0.004,1,0.7434,5
2023-03-21 04:00:00,LONG,0.33,0.33,tp,0.004,1,0.7879,5
2023-03-21 08:00:00,SHORT,0.34,0.34,sl,-0.003991,0,0.8119,5
2023-03-21 12:00:00,LONG,0.35,0.35,tp,0.004,1,0.8541,5
2023-03-21 16:00:00,LONG,0.36,0.36,tp,0.004,1,0.894,5
2023-03-21 20:00:00,LONG,0.37,0.37,tp,0.004,1,0.9311,5
2023-03-22 00:00:00,LONG,0.37,0.37,tp,0.004,1,0.8774,5
2023-03-22 04:00:00,LONG,0.37,0.38,tp,0.004,1,0.9023,5
2023-03-22 08:00:00,SHORT,0.37,0.37,sl,-0.003991,0,0.8312,5
2023-03-22 12:00:00,LONG,0.38,0.38,tp,0.004,1,0.8683,5
2023-03-22 16:00:00,LONG,0.35,0.35,tp,0.004,1,0.9143,5
2023-03-22 20:00:00,LONG,0.36,0.36,tp,0.004,1,0.8942,5
2023-03-23 00:00:00,LONG,0.36,0.36,tp,0.004,1,0.8544,5
2023-03-23 04:00:00,SHORT,0.37,0.37,sl,-0.003991,0,0.8623,5
2023-03-23 08:00:00,LONG,0.37,0.37,tp,0.004,1,0.8061,5
2023-03-23 12:00:00,LONG,0.38,0.38,sl,-0.004,0,0.8711,5
2023-03-23 16:00:00,SHORT,0.37,0.37,tp,0.004025,1,0.8196,5
2023-03-23 20:00:00,SHORT,0.37,0.37,tp,0.004025,1,0.9062,5
2023-03-24 00:00:00,SHORT,0.37,0.36,tp,0.004025,1,0.8064,5
2023-03-24 04:00:00,SHORT,0.37,0.37,tp,0.004025,1,0.8025,5
2023-03-24 08:00:00,SHORT,0.36,0.36,tp,0.004025,1,0.8054,5
2023-03-24 12:00:00,SHORT,0.36,0.36,tp,0.004025,1,0.8597,5
2023-03-24 16:00:00,SHORT,0.36,0.36,tp,0.004025,1,0.7883,5
2023-03-24 20:00:00,SHORT,0.36,0.36,sl,-0.003991,0,0.8115,5
2023-03-25 00:00:00,LONG,0.36,0.36,tp,0.004,1,0.7343,5
2023-03-25 04:00:00,SHORT,0.36,0.36,tp,0.004025,1,0.7202,5
2023-03-25 08:00:00,SHORT,0.36,0.36,tp,0.004025,1,0.784,5
2023-03-25 12:00:00,SHORT,0.36,0.36,tp,0.004025,1,0.8177,5
2023-03-25 16:00:00,LONG,0.35,0.35,tp,0.004,1,0.7585,5
2023-03-25 20:00:00,LONG,0.35,0.35,tp,0.004,1,0.7611,5
2023-03-26 00:00:00,LONG,0.35,0.36,tp,0.004,1,0.6677,5
2023-03-26 04:00:00,LONG,0.36,0.36,tp,0.004,1,0.7109,5
2023-03-26 08:00:00,SHORT,0.36,0.36,tp,0.004025,1,0.7448,5
2023-03-26 12:00:00,SHORT,0.36,0.35,tp,0.004025,1,0.7347,5
2023-03-26 16:00:00,SHORT,0.35,0.35,tp,0.004025,1,0.669,5
2023-03-26 20:00:00,SHORT,0.36,0.35,tp,0.004025,1,0.7266,5
2023-03-27 04:00:00,SHORT,0.35,0.35,sl,-0.003991,0,0.7343,5
2023-03-27 08:00:00,SHORT,0.35,0.35,tp,0.004025,1,0.7077,5
2023-03-27 12:00:00,SHORT,0.34,0.34,tp,0.004025,1,0.8199,5
2023-03-27 16:00:00,LONG,0.34,0.34,tp,0.004,1,0.7657,5
2023-03-27 20:00:00,LONG,0.35,0.35,tp,0.004,1,0.7487,5
2023-03-28 00:00:00,LONG,0.35,0.35,tp,0.004,1,0.7539,5
2023-03-28 04:00:00,LONG,0.35,0.35,tp,0.004,1,0.744,5
2023-03-28 08:00:00,SHORT,0.35,0.35,sl,-0.003991,0,0.7903,5
2023-03-28 12:00:00,SHORT,0.36,0.36,tp,0.004025,1,0.842,5
2023-03-28 16:00:00,SHORT,0.36,0.36,tp,0.004025,1,0.7993,5
2023-03-28 20:00:00,LONG,0.37,0.37,tp,0.004,1,0.8334,5
2023-03-29 00:00:00,SHORT,0.38,0.38,sl,-0.003991,0,0.8648,5
2023-03-29 04:00:00,SHORT,0.38,0.38,sl,-0.003991,0,0.8495,5
2023-03-29 08:00:00,SHORT,0.39,0.39,tp,0.004025,1,0.8249,5
2023-03-29 12:00:00,SHORT,0.38,0.38,tp,0.004025,1,0.7864,5
2023-03-29 16:00:00,SHORT,0.39,0.38,tp,0.004025,1,0.7783,5
2023-03-29 20:00:00,SHORT,0.38,0.38,tp,0.004025,1,0.7988,5
2023-04-01 00:00:00,SHORT,0.4,0.4,tp,0.004025,1,0.8254,6
2023-04-01 04:00:00,SHORT,0.39,0.39,tp,0.004025,1,0.8092,6
2023-04-01 08:00:00,SHORT,0.39,0.39,sl,-0.003991,0,0.7913,6
2023-04-01 12:00:00,SHORT,0.39,0.39,tp,0.004025,1,0.7882,6
2023-04-01 16:00:00,SHORT,0.39,0.39,tp,0.004025,1,0.8108,6
2023-04-01 20:00:00,SHORT,0.39,0.39,tp,0.004025,1,0.7547,6
2023-04-02 00:00:00,LONG,0.39,0.39,sl,-0.004,0,0.6896,6
2023-04-02 04:00:00,LONG,0.39,0.39,sl,-0.004,0,0.6894,6
2023-04-02 08:00:00,SHORT,0.38,0.38,tp,0.004025,1,0.7384,6
2023-04-02 12:00:00,SHORT,0.38,0.38,tp,0.004025,1,0.7795,6
2023-04-02 16:00:00,LONG,0.38,0.38,tp,0.004,1,0.749,6
2023-04-02 20:00:00,SHORT,0.38,0.38,tp,0.004025,1,0.7053,6
2023-04-03 00:00:00,LONG,0.38,0.38,tp,0.004,1,0.6912,6
2023-04-03 04:00:00,LONG,0.39,0.4,tp,0.004,1,0.838,6
2023-04-03 08:00:00,LONG,0.4,0.4,sl,-0.004,0,0.869,6
2023-04-03 12:00:00,LONG,0.38,0.39,tp,0.004,1,0.818,6
2023-04-03 16:00:00,LONG,0.39,0.39,sl,-0.004,0,0.7822,6
2023-04-03 20:00:00,SHORT,0.39,0.39,tp,0.004025,1,0.8356,6
2023-04-04 00:00:00,SHORT,0.39,0.39,sl,-0.003991,0,0.8193,6
2023-04-04 04:00:00,SHORT,0.39,0.39,sl,-0.003991,0,0.728,6
2023-04-04 08:00:00,SHORT,0.4,0.4,tp,0.004025,1,0.744,6
2023-04-04 12:00:00,SHORT,0.39,0.39,sl,-0.003991,0,0.8015,6
2023-04-04 16:00:00,SHORT,0.39,0.39,tp,0.004025,1,0.7716,6
2023-04-04 20:00:00,SHORT,0.39,0.39,tp,0.004025,1,0.7646,6
2023-04-05 00:00:00,SHORT,0.4,0.4,sl,-0.003991,0,0.7279,6
2023-04-05 04:00:00,SHORT,0.4,0.39,tp,0.004025,1,0.7042,6
2023-04-05 08:00:00,SHORT,0.4,0.4,tp,0.004025,1,0.7879,6
2023-04-05 12:00:00,SHORT,0.39,0.39,tp,0.004025,1,0.8172,6
2023-04-05 16:00:00,SHORT,0.39,0.39,tp,0.004025,1,0.7379,6
2023-04-05 20:00:00,SHORT,0.39,0.39,tp,0.004025,1,0.7276,6
2023-04-06 00:00:00,SHORT,0.39,0.39,tp,0.004025,1,0.697,6
2023-04-06 04:00:00,LONG,0.38,0.39,tp,0.004,1,0.7404,6
2023-04-06 08:00:00,SHORT,0.38,0.38,tp,0.004025,1,0.7792,6
2023-04-06 12:00:00,SHORT,0.38,0.38,tp,0.004025,1,0.7827,6
2023-04-06 16:00:00,SHORT,0.38,0.38,tp,0.004025,1,0.6531,6
2023-04-06 20:00:00,SHORT,0.38,0.38,tp,0.004025,1,0.6991,6
2023-04-07 12:00:00,SHORT,0.38,0.38,tp,0.004025,1,0.7586,6
2023-04-07 20:00:00,SHORT,0.38,0.38,tp,0.004025,1,0.6779,6
2023-04-08 04:00:00,SHORT,0.39,0.39,sl,-0.003991,0,0.7341,6
2023-04-08 08:00:00,SHORT,0.39,0.39,tp,0.004025,1,0.6591,6
2023-04-09 12:00:00,SHORT,0.39,0.39,sl,-0.003991,0,0.6637,6
2023-04-09 16:00:00,SHORT,0.39,0.39,sl,-0.003991,0,0.706,6
2023-04-09 20:00:00,SHORT,0.39,0.39,tp,0.004025,1,0.7072,6
2023-04-10 08:00:00,SHORT,0.39,0.39,sl,-0.003991,0,0.6665,6
2023-04-10 12:00:00,SHORT,0.39,0.39,sl,-0.003991,0,0.6681,6
2023-04-10 16:00:00,SHORT,0.39,0.39,tp,0.004025,1,0.6704,6
2023-04-10 20:00:00,SHORT,0.4,0.39,tp,0.004025,1,0.7213,6
2023-04-11 00:00:00,SHORT,0.4,0.4,sl,-0.003991,0,0.6731,6
2023-04-11 04:00:00,SHORT,0.41,0.41,tp,0.004025,1,0.732,6
2023-04-11 08:00:00,SHORT,0.41,0.41,tp,0.004025,1,0.701,6
2023-04-11 12:00:00,SHORT,0.41,0.4,tp,0.004025,1,0.7502,6
2023-04-11 16:00:00,SHORT,0.4,0.4,tp,0.004025,1,0.7455,6
2023-04-11 20:00:00,SHORT,0.4,0.4,tp,0.004025,1,0.7652,6
2023-04-12 00:00:00,LONG,0.39,0.39,tp,0.004,1,0.76,6
2023-04-12 04:00:00,SHORT,0.39,0.4,sl,-0.003991,0,0.7656,6
2023-04-12 08:00:00,SHORT,0.39,0.4,sl,-0.003991,0,0.7869,6
2023-04-12 12:00:00,LONG,0.4,0.4,tp,0.004,1,0.7858,6
2023-04-12 16:00:00,SHORT,0.4,0.4,sl,-0.003991,0,0.7142,6
2023-04-12 20:00:00,SHORT,0.4,0.41,sl,-0.003991,0,0.7434,6
2023-04-13 00:00:00,SHORT,0.41,0.4,tp,0.004025,1,0.806,6
2023-04-13 04:00:00,SHORT,0.4,0.4,sl,-0.003991,0,0.7939,6
2023-04-13 08:00:00,LONG,0.41,0.41,tp,0.004,1,0.8089,6
2023-04-13 12:00:00,SHORT,0.41,0.41,tp,0.004025,1,0.7966,6
2023-04-13 16:00:00,LONG,0.42,0.42,tp,0.004,1,0.8821,6
2023-04-13 20:00:00,LONG,0.43,0.43,tp,0.004,1,0.8487,6
2023-04-14 00:00:00,LONG,0.44,0.44,tp,0.004,1,0.8586,6
2023-04-14 04:00:00,SHORT,0.43,0.44,sl,-0.003991,0,0.7969,6
2023-04-14 08:00:00,SHORT,0.44,0.44,tp,0.004025,1,0.8326,6
2023-04-14 12:00:00,SHORT,0.43,0.43,sl,-0.003991,0,0.8926,6
2023-04-14 16:00:00,SHORT,0.43,0.43,sl,-0.003991,0,0.8567,6
2023-04-14 20:00:00,SHORT,0.44,0.44,tp,0.004025,1,0.8833,6
2023-04-15 00:00:00,SHORT,0.44,0.43,tp,0.004025,1,0.7405,6
2023-04-15 04:00:00,SHORT,0.45,0.45,sl,-0.003991,0,0.8371,6
2023-04-15 08:00:00,SHORT,0.46,0.46,sl,-0.003991,0,0.7832,6
2023-04-15 12:00:00,LONG,0.46,0.45,sl,-0.004,0,0.7765,6
2023-04-15 16:00:00,SHORT,0.45,0.45,sl,-0.003991,0,0.804,6
2023-04-15 20:00:00,SHORT,0.45,0.45,tp,0.004025,1,0.8491,6
2023-04-16 00:00:00,SHORT,0.45,0.45,sl,-0.003991,0,0.8173,6
2023-04-16 04:00:00,SHORT,0.45,0.45,tp,0.004025,1,0.797,6
2023-04-16 08:00:00,SHORT,0.44,0.45,sl,-0.003991,0,0.823,6
2023-04-16 12:00:00,SHORT,0.45,0.45,sl,-0.003991,0,0.8077,6
2023-04-16 16:00:00,SHORT,0.45,0.45,tp,0.004025,1,0.7639,6
2023-04-16 20:00:00,SHORT,0.45,0.45,tp,0.004025,1,0.7833,6
2023-04-17 00:00:00,SHORT,0.44,0.44,tp,0.004025,1,0.7608,6
2023-04-17 04:00:00,SHORT,0.44,0.44,sl,-0.003991,0,0.7567,6
2023-04-17 08:00:00,SHORT,0.44,0.44,tp,0.004025,1,0.8072,6
2023-04-17 12:00:00,SHORT,0.43,0.44,sl,-0.003991,0,0.834,6
2023-04-17 16:00:00,SHORT,0.44,0.44,tp,0.004025,1,0.699,6
2023-04-17 20:00:00,SHORT,0.43,0.43,tp,0.004025,1,0.7758,6
2023-04-18 00:00:00,SHORT,0.43,0.44,sl,-0.003991,0,0.6893,6
2023-04-18 04:00:00,SHORT,0.44,0.44,tp,0.004025,1,0.7829,6
2023-04-18 08:00:00,SHORT,0.45,0.44,tp,0.004025,1,0.8126,6
2023-04-18 12:00:00,SHORT,0.44,0.44,tp,0.004025,1,0.7926,6
2023-04-18 16:00:00,SHORT,0.44,0.44,sl,-0.003991,0,0.7505,6
2023-04-18 20:00:00,SHORT,0.44,0.44,tp,0.004025,1,0.7765,6
2023-04-19 00:00:00,SHORT,0.44,0.43,tp,0.004025,1,0.7088,6
2023-04-19 04:00:00,SHORT,0.43,0.43,tp,0.004025,1,0.7363,6
2023-04-19 08:00:00,SHORT,0.42,0.42,sl,-0.003991,0,0.8489,6
2023-04-19 12:00:00,LONG,0.42,0.42,tp,0.004,1,0.7976,6
2023-04-19 16:00:00,LONG,0.42,0.42,tp,0.004,1,0.8397,6
2023-04-19 20:00:00,SHORT,0.42,0.41,tp,0.004025,1,0.7784,6
2023-04-20 00:00:00,LONG,0.42,0.42,tp,0.004,1,0.7441,6
2023-04-20 04:00:00,LONG,0.42,0.42,tp,0.004,1,0.7794,6
2023-04-20 08:00:00,LONG,0.41,0.41,tp,0.004,1,0.7951,6
2023-04-20 12:00:00,LONG,0.41,0.41,sl,-0.004,0,0.7995,6
2023-04-20 16:00:00,SHORT,0.4,0.4,tp,0.004025,1,0.8435,6
2023-04-20 20:00:00,LONG,0.4,0.4,tp,0.004,1,0.7518,6
2023-04-21 00:00:00,LONG,0.4,0.41,tp,0.004,1,0.7042,6
2023-04-21 04:00:00,LONG,0.41,0.4,sl,-0.004,0,0.7217,6
2023-04-21 08:00:00,LONG,0.4,0.4,tp,0.004,1,0.7496,6
2023-04-21 12:00:00,SHORT,0.4,0.4,tp,0.004025,1,0.7287,6
2023-04-21 16:00:00,SHORT,0.38,0.38,tp,0.004025,1,0.8073,6
2023-04-21 20:00:00,SHORT,0.38,0.38,sl,-0.003991,0,0.8131,6
2023-04-22 00:00:00,LONG,0.39,0.39,tp,0.004,1,0.6829,6
2023-04-22 04:00:00,LONG,0.39,0.39,tp,0.004,1,0.8044,6
2023-04-22 08:00:00,LONG,0.39,0.39,tp,0.004,1,0.6586,6
2023-04-22 12:00:00,SHORT,0.4,0.4,sl,-0.003991,0,0.7123,6
2023-04-22 16:00:00,SHORT,0.39,0.4,sl,-0.003991,0,0.7539,6
2023-04-22 20:00:00,SHORT,0.4,0.39,tp,0.004025,1,0.8219,6
2023-04-23 00:00:00,SHORT,0.39,0.39,sl,-0.003991,0,0.7562,6
2023-04-23 04:00:00,SHORT,0.39,0.39,tp,0.004025,1,0.754,6
2023-04-23 08:00:00,SHORT,0.39,0.39,tp,0.004025,1,0.7116,6
2023-04-23 12:00:00,SHORT,0.39,0.38,tp,0.004025,1,0.7112,6
2023-04-23 16:00:00,SHORT,0.38,0.38,sl,-0.003991,0,0.6583,6
2023-04-23 20:00:00,SHORT,0.39,0.39,tp,0.004025,1,0.7712,6
2023-04-24 04:00:00,SHORT,0.38,0.38,tp,0.004025,1,0.7649,6
2023-04-24 08:00:00,SHORT,0.39,0.39,tp,0.004025,1,0.8326,6
2023-04-24 12:00:00,SHORT,0.39,0.38,tp,0.004025,1,0.782,6
2023-04-24 16:00:00,SHORT,0.38,0.38,sl,-0.003991,0,0.7191,6
2023-04-24 20:00:00,SHORT,0.38,0.38,tp,0.004025,1,0.7495,6
2023-04-25 00:00:00,LONG,0.38,0.38,tp,0.004,1,0.7089,6
2023-04-25 04:00:00,SHORT,0.38,0.38,tp,0.004025,1,0.7771,6
2023-04-25 08:00:00,SHORT,0.38,0.38,tp,0.004025,1,0.8363,6
2023-04-25 12:00:00,SHORT,0.38,0.38,sl,-0.003991,0,0.8075,6
2023-04-25 16:00:00,SHORT,0.38,0.38,sl,-0.003991,0,0.7092,6
2023-04-25 20:00:00,SHORT,0.39,0.4,sl,-0.003991,0,0.6921,6
2023-04-26 00:00:00,SHORT,0.39,0.4,sl,-0.003991,0,0.7106,6
2023-04-26 04:00:00,SHORT,0.4,0.4,sl,-0.003991,0,0.7818,6
2023-04-26 08:00:00,SHORT,0.41,0.41,sl,-0.003991,0,0.7172,6
2023-04-26 12:00:00,LONG,0.42,0.42,tp,0.004,1,0.7611,6
2023-04-26 16:00:00,LONG,0.39,0.39,tp,0.004,1,0.7973,6
2023-04-26 20:00:00,SHORT,0.4,0.4,sl,-0.003991,0,0.855,6
2023-04-27 00:00:00,LONG,0.4,0.41,tp,0.004,1,0.8587,6
2023-04-27 04:00:00,LONG,0.41,0.41,tp,0.004,1,0.8473,6
2023-04-27 08:00:00,LONG,0.4,0.41,tp,0.004,1,0.8501,6
2023-04-27 12:00:00,LONG,0.41,0.42,tp,0.004,1,0.8429,6
2023-04-27 16:00:00,LONG,0.41,0.41,sl,-0.004,0,0.7554,6
2023-04-27 20:00:00,SHORT,0.41,0.41,tp,0.004025,1,0.8335,6
2023-04-28 00:00:00,SHORT,0.41,0.41,sl,-0.003991,0,0.6972,6
2023-04-28 04:00:00,SHORT,0.41,0.41,tp,0.004025,1,0.745,6
2023-04-28 08:00:00,SHORT,0.4,0.4,tp,0.004025,1,0.7457,6
2023-04-28 12:00:00,SHORT,0.4,0.4,sl,-0.003991,0,0.7903,6
2023-04-28 16:00:00,SHORT,0.4,0.41,sl,-0.003991,0,0.7708,6
2023-04-28 20:00:00,SHORT,0.4,0.41,sl,-0.003991,0,0.7409,6
2023-04-29 08:00:00,SHORT,0.4,0.4,sl,-0.003991,0,0.704,6
2023-04-29 12:00:00,SHORT,0.4,0.4,tp,0.004025,1,0.7134,6
2023-04-29 16:00:00,SHORT,0.4,0.4,tp,0.004025,1,0.674,6
2023-04-30 08:00:00,SHORT,0.4,0.4,sl,-0.003991,0,0.6648,6
2023-04-30 16:00:00,SHORT,0.4,0.4,tp,0.004025,1,0.6752,6
2023-04-30 20:00:00,SHORT,0.4,0.39,tp,0.004025,1,0.7576,6
2023-05-01 00:00:00,LONG,0.39,0.39,sl,-0.004,0,0.7535,6
2023-05-01 04:00:00,SHORT,0.39,0.39,sl,-0.003991,0,0.7371,6
2023-05-01 08:00:00,SHORT,0.39,0.39,tp,0.004025,1,0.7469,6
2023-05-01 12:00:00,SHORT,0.39,0.38,tp,0.004025,1,0.7694,6
2023-05-01 16:00:00,SHORT,0.38,0.38,sl,-0.003991,0,0.7456,6
2023-05-01 20:00:00,SHORT,0.39,0.38,tp,0.004025,1,0.7246,6
2023-05-02 00:00:00,SHORT,0.39,0.39,tp,0.004025,1,0.6847,6
2023-05-02 04:00:00,SHORT,0.39,0.38,tp,0.004025,1,0.7268,6
2023-05-02 08:00:00,SHORT,0.39,0.38,tp,0.004025,1,0.7295,6
2023-05-02 12:00:00,SHORT,0.39,0.39,tp,0.004025,1,0.8064,6
2023-05-02 16:00:00,SHORT,0.39,0.39,tp,0.004025,1,0.7292,6
2023-05-02 20:00:00,SHORT,0.39,0.39,tp,0.004025,1,0.704,6
2023-05-03 00:00:00,SHORT,0.39,0.38,tp,0.004025,1,0.7095,6
2023-05-03 04:00:00,SHORT,0.38,0.38,tp,0.004025,1,0.7339,6
2023-05-03 08:00:00,SHORT,0.38,0.38,tp,0.004025,1,0.7587,6
2023-05-03 12:00:00,SHORT,0.38,0.38,sl,-0.003991,0,0.8055,6
2023-05-03 16:00:00,SHORT,0.38,0.38,sl,-0.003991,0,0.7201,6
2023-05-04 00:00:00,SHORT,0.39,0.39,sl,-0.003991,0,0.6764,6
2023-05-04 04:00:00,SHORT,0.39,0.39,sl,-0.003991,0,0.7188,6
2023-05-04 08:00:00,SHORT,0.39,0.39,tp,0.004025,1,0.7985,6
2023-05-04 12:00:00,SHORT,0.39,0.39,tp,0.004025,1,0.7667,6
2023-05-04 16:00:00,SHORT,0.39,0.39,tp,0.004025,1,0.6755,6
2023-05-04 20:00:00,SHORT,0.39,0.39,sl,-0.003991,0,0.6609,6
2023-05-05 04:00:00,SHORT,0.39,0.39,sl,-0.003991,0,0.6587,6
2023-05-05 12:00:00,SHORT,0.39,0.39,sl,-0.003991,0,0.7782,6
2023-05-05 16:00:00,SHORT,0.39,0.39,sl,-0.003991,0,0.6849,6
2023-05-05 20:00:00,SHORT,0.39,0.39,tp,0.004025,1,0.7135,6
2023-05-06 04:00:00,SHORT,0.39,0.39,tp,0.004025,1,0.6541,6
2023-05-06 08:00:00,SHORT,0.39,0.38,tp,0.004025,1,0.6774,6
2023-05-06 12:00:00,SHORT,0.38,0.38,sl,-0.003991,0,0.8243,6
2023-05-06 16:00:00,SHORT,0.38,0.38,tp,0.004025,1,0.7242,6
2023-05-06 20:00:00,SHORT,0.38,0.38,sl,-0.003991,0,0.7991,6
2023-05-07 00:00:00,SHORT,0.38,0.38,sl,-0.003991,0,0.7048,6
2023-05-07 08:00:00,SHORT,0.38,0.38,sl,-0.003991,0,0.6985,6
2023-05-07 12:00:00,SHORT,0.38,0.38,tp,0.004025,1,0.7619,6
2023-05-07 16:00:00,SHORT,0.38,0.38,tp,0.004025,1,0.6986,6
2023-05-07 20:00:00,SHORT,0.38,0.37,tp,0.004025,1,0.7909,6
2023-05-08 00:00:00,SHORT,0.37,0.37,tp,0.004025,1,0.7866,6
2023-05-08 04:00:00,SHORT,0.37,0.36,tp,0.004025,1,0.8593,6
2023-05-08 08:00:00,SHORT,0.37,0.37,sl,-0.003991,0,0.8049,6
2023-05-08 12:00:00,SHORT,0.37,0.37,tp,0.004025,1,0.7912,6
2023-05-08 16:00:00,SHORT,0.36,0.36,sl,-0.003991,0,0.8368,6
2023-05-08 20:00:00,SHORT,0.37,0.37,sl,-0.003991,0,0.7789,6
2023-05-09 00:00:00,LONG,0.36,0.36,sl,-0.004,0,0.7457,6
2023-05-09 04:00:00,SHORT,0.36,0.36,tp,0.004025,1,0.7581,6
2023-05-09 08:00:00,SHORT,0.36,0.36,tp,0.004025,1,0.795,6
2023-05-09 12:00:00,SHORT,0.36,0.36,sl,-0.003991,0,0.788,6
2023-05-09 16:00:00,SHORT,0.36,0.36,tp,0.004025,1,0.7299,6
2023-05-09 20:00:00,SHORT,0.36,0.36,sl,-0.003991,0,0.7875,6
2023-05-10 04:00:00,SHORT,0.36,0.36,tp,0.004025,1,0.702,6
2023-05-10 08:00:00,SHORT,0.36,0.36,tp,0.004025,1,0.7983,6
2023-05-10 12:00:00,SHORT,0.37,0.37,tp,0.004025,1,0.8322,6
2023-05-10 16:00:00,LONG,0.37,0.37,tp,0.004,1,0.7799,6
2023-05-10 20:00:00,SHORT,0.37,0.37,tp,0.004025,1,0.7435,6
2023-05-11 04:00:00,SHORT,0.36,0.36,tp,0.004025,1,0.6576,6
2023-05-11 08:00:00,SHORT,0.36,0.36,tp,0.004025,1,0.6769,6
2023-05-11 12:00:00,SHORT,0.35,0.35,tp,0.004025,1,0.774,6
2023-05-11 16:00:00,SHORT,0.35,0.35,sl,-0.003991,0,0.8062,6
2023-05-11 20:00:00,SHORT,0.36,0.36,tp,0.004025,1,0.6978,6
2023-05-12 00:00:00,LONG,0.36,0.36,tp,0.004,1,0.6655,6
2023-05-12 04:00:00,SHORT,0.36,0.36,sl,-0.003991,0,0.7339,6
2023-05-12 08:00:00,SHORT,0.36,0.36,tp,0.004025,1,0.7525,6
2023-05-12 12:00:00,SHORT,0.36,0.36,tp,0.004025,1,0.7971,6
2023-05-12 16:00:00,SHORT,0.36,0.36,sl,-0.003991,0,0.7588,6
2023-05-12 20:00:00,SHORT,0.37,0.37,tp,0.004025,1,0.8456,6
2023-05-13 00:00:00,SHORT,0.37,0.37,sl,-0.003991,0,0.7683,6
2023-05-13 04:00:00,SHORT,0.37,0.37,tp,0.004025,1,0.8137,6
2023-05-13 08:00:00,SHORT,0.36,0.36,tp,0.004025,1,0.7918,6
2023-05-13 12:00:00,SHORT,0.36,0.36,sl,-0.003991,0,0.7892,6
2023-05-13 16:00:00,SHORT,0.36,0.37,sl,-0.003991,0,0.7202,6
2023-05-13 20:00:00,SHORT,0.36,0.37,sl,-0.003991,0,0.7254,6
2023-05-14 12:00:00,SHORT,0.37,0.37,tp,0.004025,1,0.7549,6
2023-05-14 20:00:00,SHORT,0.37,0.37,tp,0.004025,1,0.7001,6
2023-05-15 04:00:00,SHORT,0.37,0.37,tp,0.004025,1,0.6769,6
2023-05-15 08:00:00,SHORT,0.37,0.37,sl,-0.003991,0,0.6727,6
2023-05-15 12:00:00,SHORT,0.37,0.37,tp,0.004025,1,0.7048,6
2023-05-15 20:00:00,SHORT,0.37,0.36,tp,0.004025,1,0.6899,6
2023-05-16 00:00:00,SHORT,0.36,0.37,sl,-0.003991,0,0.6656,6
2023-05-16 04:00:00,SHORT,0.37,0.37,tp,0.004025,1,0.7117,6
2023-05-16 08:00:00,SHORT,0.37,0.36,tp,0.004025,1,0.692,6
2023-05-16 12:00:00,SHORT,0.37,0.37,tp,0.004025,1,0.7193,6
2023-05-17 00:00:00,SHORT,0.37,0.37,tp,0.004025,1,0.7229,6
2023-05-17 04:00:00,SHORT,0.37,0.36,tp,0.004025,1,0.6622,6
2023-05-17 08:00:00,SHORT,0.36,0.37,sl,-0.003991,0,0.7085,6
2023-05-17 12:00:00,SHORT,0.37,0.37,sl,-0.003991,0,0.7324,6
2023-05-17 16:00:00,LONG,0.38,0.38,sl,-0.004,0,0.6612,6
2023-05-17 20:00:00,SHORT,0.38,0.38,sl,-0.003991,0,0.6976,6
2023-05-18 04:00:00,SHORT,0.38,0.38,tp,0.004025,1,0.7885,6
2023-05-18 08:00:00,SHORT,0.38,0.38,tp,0.004025,1,0.7881,6
2023-05-18 12:00:00,SHORT,0.37,0.37,tp,0.004025,1,0.7373,6
2023-05-18 16:00:00,SHORT,0.37,0.37,sl,-0.003991,0,0.6993,6
2023-05-18 20:00:00,SHORT,0.37,0.37,tp,0.004025,1,0.7144,6
2023-05-19 04:00:00,SHORT,0.37,0.37,sl,-0.003991,0,0.6526,6
2023-05-19 08:00:00,SHORT,0.37,0.37,sl,-0.003991,0,0.6675,6
2023-05-19 12:00:00,SHORT,0.37,0.37,tp,0.004025,1,0.72,6
2023-05-19 16:00:00,SHORT,0.37,0.37,tp,0.004025,1,0.672,6
2023-05-20 04:00:00,SHORT,0.36,0.37,sl,-0.003991,0,0.7185,6
2023-05-20 12:00:00,SHORT,0.37,0.37,sl,-0.003991,0,0.6871,6
2023-05-21 12:00:00,SHORT,0.36,0.36,sl,-0.003991,0,0.6572,6
2023-05-22 08:00:00,SHORT,0.37,0.37,sl,-0.003991,0,0.6762,6
2023-05-22 12:00:00,SHORT,0.37,0.37,sl,-0.003991,0,0.6624,6
2023-05-23 00:00:00,SHORT,0.37,0.37,tp,0.004025,1,0.71,6
2023-05-23 04:00:00,SHORT,0.37,0.37,sl,-0.003991,0,0.7207,6
2023-05-23 08:00:00,SHORT,0.37,0.37,sl,-0.003991,0,0.6726,6
2023-05-23 12:00:00,SHORT,0.37,0.37,sl,-0.003991,0,0.6881,6
2023-05-23 16:00:00,SHORT,0.37,0.37,sl,-0.003991,0,0.665,6
2023-05-24 12:00:00,SHORT,0.36,0.36,sl,-0.003991,0,0.7003,6
2023-05-25 04:00:00,SHORT,0.36,0.36,sl,-0.003991,0,0.692,6
2023-05-25 12:00:00,SHORT,0.36,0.36,sl,-0.003991,0,0.7032,6
2023-05-25 20:00:00,SHORT,0.36,0.36,tp,0.004025,1,0.6817,6
2023-05-26 04:00:00,SHORT,0.36,0.36,tp,0.004025,1,0.7377,6
2023-05-26 08:00:00,SHORT,0.36,0.36,sl,-0.003991,0,0.6913,6
2023-05-26 12:00:00,SHORT,0.36,0.36,tp,0.004025,1,0.6532,6
2023-05-27 00:00:00,SHORT,0.37,0.36,tp,0.004025,1,0.6925,6
2023-05-28 08:00:00,SHORT,0.38,0.38,sl,-0.003991,0,0.6835,6
2023-05-28 12:00:00,SHORT,0.38,0.38,sl,-0.003991,0,0.7353,6
2023-05-28 16:00:00,SHORT,0.38,0.38,sl,-0.003991,0,0.7424,6
2023-05-28 20:00:00,SHORT,0.38,0.38,tp,0.004025,1,0.7,6
2023-05-29 00:00:00,SHORT,0.38,0.38,sl,-0.003991,0,0.6863,6
2023-05-29 04:00:00,SHORT,0.38,0.38,sl,-0.003991,0,0.6902,6
2023-05-29 08:00:00,SHORT,0.38,0.38,tp,0.004025,1,0.7032,6
2023-05-29 12:00:00,SHORT,0.38,0.38,sl,-0.003991,0,0.7365,6
2023-05-29 16:00:00,SHORT,0.38,0.38,sl,-0.003991,0,0.6588,6
2023-05-29 20:00:00,SHORT,0.38,0.38,sl,-0.003991,0,0.7015,6
2023-05-30 04:00:00,SHORT,0.38,0.38,sl,-0.003991,0,0.6578,6
2023-05-30 08:00:00,SHORT,0.38,0.38,tp,0.004025,1,0.6948,6
2023-05-30 12:00:00,SHORT,0.38,0.38,sl,-0.003991,0,0.8024,6
2023-05-30 20:00:00,SHORT,0.38,0.38,sl,-0.003991,0,0.695,6
2023-05-31 04:00:00,SHORT,0.38,0.37,tp,0.004025,1,0.7327,6
2023-05-31 08:00:00,SHORT,0.37,0.37,tp,0.004025,1,0.6958,6
2023-05-31 12:00:00,SHORT,0.37,0.37,sl,-0.003991,0,0.7745,6
2023-05-31 16:00:00,SHORT,0.38,0.37,tp,0.004025,1,0.6947,6
2023-06-01 00:00:00,SHORT,0.36,0.36,tp,0.004025,1,0.6507,6
2023-06-01 04:00:00,LONG,0.36,0.37,tp,0.004,1,0.7165,6
2023-06-01 08:00:00,SHORT,0.36,0.36,sl,-0.003991,0,0.7994,6
2023-06-02 00:00:00,SHORT,0.37,0.37,sl,-0.003991,0,0.6584,6
2023-06-02 08:00:00,SHORT,0.38,0.37,tp,0.004025,1,0.7255,6
2023-06-02 12:00:00,SHORT,0.37,0.38,sl,-0.003991,0,0.7559,6
2023-06-02 16:00:00,SHORT,0.38,0.38,tp,0.004025,1,0.6861,6
2023-06-02 20:00:00,SHORT,0.38,0.38,tp,0.004025,1,0.7338,6
2023-06-03 08:00:00,SHORT,0.38,0.38,sl,-0.003991,0,0.6628,6
2023-06-04 12:00:00,SHORT,0.38,0.38,sl,-0.003991,0,0.6976,6
2023-06-05 08:00:00,SHORT,0.37,0.37,tp,0.004025,1,0.6939,6
2023-06-05 12:00:00,LONG,0.36,0.36,sl,-0.004,0,0.7171,6
2023-06-05 16:00:00,SHORT,0.35,0.35,tp,0.004025,1,0.7863,6
2023-06-05 20:00:00,SHORT,0.35,0.35,tp,0.004025,1,0.7793,6
2023-06-06 00:00:00,LONG,0.35,0.35,tp,0.004,1,0.7062,6
2023-06-06 04:00:00,LONG,0.35,0.35,tp,0.004,1,0.6504,6
2023-06-06 08:00:00,LONG,0.35,0.35,sl,-0.004,0,0.7329,6
2023-06-06 12:00:00,SHORT,0.35,0.35,sl,-0.003991,0,0.7812,6
2023-06-06 16:00:00,LONG,0.36,0.35,sl,-0.004,0,0.6948,6
2023-06-06 20:00:00,SHORT,0.35,0.35,tp,0.004025,1,0.6952,6
2023-06-07 00:00:00,SHORT,0.34,0.34,tp,0.004025,1,0.6606,6
2023-06-07 04:00:00,SHORT,0.34,0.34,tp,0.004025,1,0.7734,6
2023-06-07 08:00:00,SHORT,0.34,0.34,tp,0.004025,1,0.806,6
2023-06-07 12:00:00,LONG,0.33,0.33,tp,0.004,1,0.8291,6
2023-06-07 16:00:00,LONG,0.32,0.32,sl,-0.004,0,0.8286,6
2023-06-07 20:00:00,SHORT,0.32,0.32,tp,0.004025,1,0.8163,6
2023-06-08 00:00:00,LONG,0.32,0.32,tp,0.004,1,0.7795,6
2023-06-08 04:00:00,LONG,0.33,0.33,sl,-0.004,0,0.8268,6
2023-06-08 08:00:00,LONG,0.33,0.33,tp,0.004,1,0.742,6
2023-06-08 12:00:00,LONG,0.33,0.33,sl,-0.004,0,0.7627,6
2023-06-08 16:00:00,SHORT,0.32,0.32,sl,-0.003991,0,0.806,6
2023-06-08 20:00:00,SHORT,0.32,0.32,tp,0.004025,1,0.7283,6
2023-06-09 00:00:00,SHORT,0.32,0.32,tp,0.004025,1,0.6804,6
2023-06-09 04:00:00,SHORT,0.31,0.31,sl,-0.003991,0,0.7033,6
2023-06-09 08:00:00,SHORT,0.32,0.32,tp,0.004025,1,0.6999,6
2023-06-09 12:00:00,LONG,0.31,0.31,sl,-0.004,0,0.8343,6
2023-06-09 16:00:00,LONG,0.3,0.3,tp,0.004,1,0.8351,6
2023-06-09 20:00:00,LONG,0.3,0.29,sl,-0.004,0,0.8653,6
2023-06-10 00:00:00,LONG,0.28,0.28,sl,-0.004,0,0.9093,6
2023-06-10 04:00:00,SHORT,0.24,0.24,tp,0.004025,1,0.9456,6
2023-06-10 08:00:00,LONG,0.25,0.25,tp,0.004,1,0.9376,6
2023-06-10 12:00:00,LONG,0.25,0.26,tp,0.004,1,0.9342,6
2023-06-10 16:00:00,LONG,0.27,0.27,tp,0.004,1,0.9418,6
2023-06-10 20:00:00,LONG,0.27,0.27,sl,-0.004,0,0.9158,6
2023-06-11 00:00:00,LONG,0.26,0.27,tp,0.004,1,0.899,6
2023-06-11 04:00:00,LONG,0.26,0.26,tp,0.004,1,0.853,6
2023-06-11 08:00:00,SHORT,0.27,0.27,tp,0.004025,1,0.9137,6
2023-06-11 12:00:00,SHORT,0.26,0.26,sl,-0.003991,0,0.8741,6
2023-06-11 16:00:00,SHORT,0.27,0.27,tp,0.004025,1,0.8505,6
2023-06-11 20:00:00,LONG,0.27,0.27,tp,0.004,1,0.8194,6
2023-06-12 00:00:00,SHORT,0.27,0.27,sl,-0.003991,0,0.8059,6
2023-06-12 04:00:00,LONG,0.28,0.28,tp,0.004,1,0.9039,6
2023-06-12 08:00:00,LONG,0.28,0.28,sl,-0.004,0,0.887,6
2023-06-12 12:00:00,SHORT,0.28,0.28,tp,0.004025,1,0.8047,6
2023-06-12 16:00:00,LONG,0.27,0.28,tp,0.004,1,0.8001,6
2023-06-12 20:00:00,SHORT,0.27,0.27,tp,0.004025,1,0.7655,6
2023-06-13 00:00:00,SHORT,0.28,0.28,tp,0.004025,1,0.7705,6
2023-06-13 04:00:00,SHORT,0.28,0.28,sl,-0.003991,0,0.707,6
2023-06-13 08:00:00,LONG,0.29,0.29,tp,0.004,1,0.731,6
2023-06-13 12:00:00,LONG,0.27,0.27,tp,0.004,1,0.8845,6
2023-06-13 16:00:00,LONG,0.28,0.27,sl,-0.004,0,0.6987,6
2023-06-13 20:00:00,SHORT,0.28,0.28,sl,-0.003991,0,0.7678,6
2023-06-14 00:00:00,LONG,0.28,0.28,sl,-0.004,0,0.7452,6
2023-06-14 04:00:00,LONG,0.27,0.27,tp,0.004,1,0.7772,6
2023-06-14 08:00:00,LONG,0.28,0.28,tp,0.004,1,0.7974,6
2023-06-14 12:00:00,SHORT,0.27,0.27,tp,0.004025,1,0.76,6
2023-06-14 16:00:00,LONG,0.27,0.27,sl,-0.004,0,0.7428,6
2023-06-14 20:00:00,LONG,0.26,0.26,tp,0.004,1,0.8397,6
2023-06-15 00:00:00,LONG,0.26,0.26,sl,-0.004,0,0.8514,6
2023-06-15 04:00:00,LONG,0.26,0.26,tp,0.004,1,0.8639,6
2023-06-15 08:00:00,SHORT,0.26,0.26,tp,0.004025,1,0.8023,6
2023-06-15 12:00:00,LONG,0.26,0.26,tp,0.004,1,0.865,6
2023-06-15 16:00:00,SHORT,0.26,0.26,tp,0.004025,1,0.7476,6
2023-06-15 20:00:00,LONG,0.26,0.26,tp,0.004,1,0.7417,6
2023-06-16 00:00:00,LONG,0.26,0.26,sl,-0.004,0,0.6546,6
2023-06-16 04:00:00,SHORT,0.26,0.26,tp,0.004025,1,0.7219,6
2023-06-16 08:00:00,LONG,0.26,0.26,tp,0.004,1,0.7316,6
2023-06-16 12:00:00,SHORT,0.26,0.26,sl,-0.003991,0,0.7113,6
2023-06-16 16:00:00,LONG,0.26,0.26,sl,-0.004,0,0.7067,6
2023-06-16 20:00:00,SHORT,0.26,0.26,tp,0.004025,1,0.7202,6
2023-06-17 04:00:00,LONG,0.27,0.27,tp,0.004,1,0.7735,6
2023-06-17 08:00:00,SHORT,0.27,0.27,tp,0.004025,1,0.7189,6
2023-06-17 12:00:00,SHORT,0.27,0.27,sl,-0.003991,0,0.7228,6
2023-06-17 16:00:00,LONG,0.27,0.27,sl,-0.004,0,0.6824,6
2023-06-17 20:00:00,SHORT,0.27,0.27,tp,0.004025,1,0.6937,6
2023-06-18 00:00:00,SHORT,0.27,0.27,tp,0.004025,1,0.6805,6
2023-06-18 04:00:00,SHORT,0.27,0.27,sl,-0.003991,0,0.709,6
2023-06-18 08:00:00,SHORT,0.27,0.27,sl,-0.003991,0,0.681,6
2023-06-18 20:00:00,SHORT,0.26,0.26,tp,0.004025,1,0.7106,6
2023-06-19 04:00:00,SHORT,0.26,0.26,tp,0.004025,1,0.6592,6
2023-06-19 08:00:00,SHORT,0.26,0.26,tp,0.004025,1,0.7375,6
2023-06-19 12:00:00,SHORT,0.26,0.26,tp,0.004025,1,0.7337,6
2023-06-19 16:00:00,SHORT,0.26,0.26,sl,-0.003991,0,0.6509,6
2023-06-19 20:00:00,SHORT,0.26,0.26,tp,0.004025,1,0.7005,6
2023-06-20 04:00:00,SHORT,0.26,0.26,tp,0.004025,1,0.6657,6
2023-06-20 08:00:00,SHORT,0.26,0.26,tp,0.004025,1,0.6701,6
2023-06-20 12:00:00,SHORT,0.26,0.26,sl,-0.003991,0,0.7851,6
2023-06-20 16:00:00,LONG,0.27,0.27,tp,0.004,1,0.7453,6
2023-06-20 20:00:00,SHORT,0.27,0.27,tp,0.004025,1,0.8184,6
2023-06-21 00:00:00,LONG,0.28,0.28,sl,-0.004,0,0.8707,6
2023-06-21 04:00:00,LONG,0.28,0.28,tp,0.004,1,0.7376,6
2023-06-21 08:00:00,SHORT,0.28,0.28,tp,0.004025,1,0.7814,6
2023-06-21 12:00:00,SHORT,0.28,0.28,sl,-0.003991,0,0.7899,6
2023-06-21 16:00:00,LONG,0.29,0.29,tp,0.004,1,0.7866,6
2023-06-21 20:00:00,SHORT,0.29,0.29,sl,-0.003991,0,0.8025,6
2023-06-22 00:00:00,LONG,0.3,0.3,tp,0.004,1,0.8511,6
2023-06-22 04:00:00,LONG,0.3,0.3,tp,0.004,1,0.7644,6
2023-06-22 08:00:00,LONG,0.29,0.29,tp,0.004,1,0.8412,6
2023-06-22 12:00:00,SHORT,0.29,0.29,sl,-0.003991,0,0.8242,6
2023-06-22 16:00:00,SHORT,0.29,0.29,tp,0.004025,1,0.8659,6
2023-06-22 20:00:00,SHORT,0.29,0.29,sl,-0.003991,0,0.8273,6
2023-06-23 00:00:00,LONG,0.29,0.29,sl,-0.004,0,0.7606,6
2023-06-23 04:00:00,SHORT,0.29,0.29,sl,-0.003991,0,0.8193,6
2023-06-23 08:00:00,SHORT,0.29,0.29,tp,0.004025,1,0.7801,6
2023-06-23 12:00:00,SHORT,0.3,0.3,tp,0.004025,1,0.8559,6
2023-06-23 16:00:00,LONG,0.3,0.3,tp,0.004,1,0.7129,6
2023-06-23 20:00:00,SHORT,0.3,0.29,tp,0.004025,1,0.8265,6
2023-06-24 00:00:00,SHORT,0.3,0.29,tp,0.004025,1,0.7949,6
2023-06-24 04:00:00,SHORT,0.29,0.29,sl,-0.003991,0,0.7119,6
2023-06-24 08:00:00,SHORT,0.3,0.29,tp,0.004025,1,0.7207,6
2023-06-24 12:00:00,SHORT,0.29,0.29,tp,0.004025,1,0.7474,6
2023-06-24 16:00:00,LONG,0.29,0.29,sl,-0.004,0,0.7253,6
2023-06-24 20:00:00,SHORT,0.29,0.29,sl,-0.003991,0,0.6964,6
2023-06-25 04:00:00,SHORT,0.3,0.3,sl,-0.003991,0,0.7692,6
2023-06-25 08:00:00,SHORT,0.3,0.3,tp,0.004025,1,0.7493,6
2023-06-25 12:00:00,SHORT,0.29,0.29,tp,0.004025,1,0.7142,6
2023-06-25 16:00:00,SHORT,0.29,0.29,tp,0.004025,1,0.6512,6
2023-06-25 20:00:00,SHORT,0.29,0.29,tp,0.004025,1,0.6553,6
2023-06-26 00:00:00,LONG,0.29,0.29,tp,0.004,1,0.666,6
2023-06-26 04:00:00,LONG,0.29,0.29,sl,-0.004,0,0.6745,6
2023-06-26 08:00:00,SHORT,0.29,0.29,tp,0.004025,1,0.68,6
2023-06-26 12:00:00,SHORT,0.29,0.29,tp,0.004025,1,0.7285,6
2023-06-26 16:00:00,SHORT,0.28,0.28,tp,0.004025,1,0.7831,6
2023-06-26 20:00:00,LONG,0.28,0.28,tp,0.004,1,0.7461,6
2023-06-27 00:00:00,LONG,0.28,0.28,sl,-0.004,0,0.7183,6
2023-06-27 04:00:00,LONG,0.28,0.28,tp,0.004,1,0.7075,6
2023-06-27 08:00:00,SHORT,0.28,0.28,tp,0.004025,1,0.7328,6
2023-06-27 12:00:00,SHORT,0.28,0.28,tp,0.004025,1,0.7317,6
2023-06-27 16:00:00,LONG,0.29,0.29,tp,0.004,1,0.7101,6
2023-06-27 20:00:00,LONG,0.29,0.29,sl,-0.004,0,0.7028,6
2023-06-28 00:00:00,LONG,0.28,0.28,sl,-0.004,0,0.7299,6
2023-06-28 04:00:00,SHORT,0.28,0.27,tp,0.004025,1,0.7847,6
2023-06-28 08:00:00,LONG,0.27,0.28,tp,0.004,1,0.8004,6
2023-06-28 12:00:00,SHORT,0.27,0.27,tp,0.004025,1,0.7855,6
2023-06-28 16:00:00,SHORT,0.27,0.27,sl,-0.003991,0,0.7918,6
2023-06-28 20:00:00,LONG,0.27,0.27,tp,0.004,1,0.8438,6
2023-07-01 00:00:00,LONG,0.29,0.29,sl,-0.004,0,0.8164,7
2023-07-01 04:00:00,SHORT,0.29,0.29,sl,-0.003991,0,0.7719,7
2023-07-01 08:00:00,LONG,0.29,0.29,tp,0.004,1,0.7927,7
2023-07-01 12:00:00,LONG,0.29,0.29,sl,-0.004,0,0.8224,7
2023-07-01 16:00:00,LONG,0.29,0.29,tp,0.004,1,0.6833,7
2023-07-01 20:00:00,SHORT,0.29,0.29,tp,0.004025,1,0.7892,7
2023-07-02 04:00:00,SHORT,0.29,0.29,tp,0.004025,1,0.6692,7
2023-07-02 08:00:00,SHORT,0.29,0.29,tp,0.004025,1,0.7762,7
2023-07-02 12:00:00,SHORT,0.29,0.29,tp,0.004025,1,0.6917,7
2023-07-02 20:00:00,SHORT,0.29,0.29,sl,-0.003991,0,0.7761,7
2023-07-03 00:00:00,SHORT,0.29,0.29,tp,0.004025,1,0.6978,7
2023-07-03 04:00:00,SHORT,0.29,0.29,tp,0.004025,1,0.7233,7
2023-07-03 08:00:00,SHORT,0.29,0.29,tp,0.004025,1,0.7124,7
2023-07-03 12:00:00,SHORT,0.3,0.29,tp,0.004025,1,0.7534,7
2023-07-03 16:00:00,SHORT,0.3,0.3,tp,0.004025,1,0.7113,7
2023-07-03 20:00:00,SHORT,0.3,0.3,tp,0.004025,1,0.7537,7
2023-07-04 04:00:00,SHORT,0.29,0.29,tp,0.004025,1,0.7026,7
2023-07-04 08:00:00,SHORT,0.3,0.3,tp,0.004025,1,0.7535,7
2023-07-04 12:00:00,SHORT,0.29,0.29,tp,0.004025,1,0.7421,7
2023-07-04 16:00:00,SHORT,0.29,0.29,sl,-0.003991,0,0.6954,7
2023-07-05 04:00:00,SHORT,0.29,0.29,tp,0.004025,1,0.6648,7
2023-07-05 08:00:00,SHORT,0.29,0.28,tp,0.004025,1,0.8234,7
2023-07-05 12:00:00,LONG,0.28,0.28,tp,0.004,1,0.8065,7
2023-07-05 16:00:00,LONG,0.28,0.28,tp,0.004,1,0.8335,7
2023-07-05 20:00:00,SHORT,0.28,0.28,tp,0.004025,1,0.791,7
2023-07-06 00:00:00,LONG,0.29,0.29,tp,0.004,1,0.687,7
2023-07-06 04:00:00,LONG,0.29,0.29,tp,0.004,1,0.7316,7
2023-07-06 08:00:00,SHORT,0.29,0.29,tp,0.004025,1,0.7983,7
2023-07-06 12:00:00,SHORT,0.28,0.28,tp,0.004025,1,0.7402,7
2023-07-06 16:00:00,LONG,0.28,0.28,sl,-0.004,0,0.6998,7
2023-07-06 20:00:00,LONG,0.28,0.28,tp,0.004,1,0.7525,7
2023-07-07 00:00:00,LONG,0.28,0.28,sl,-0.004,0,0.6507,7
2023-07-07 04:00:00,LONG,0.28,0.28,tp,0.004,1,0.7392,7
2023-07-07 08:00:00,SHORT,0.28,0.28,sl,-0.003991,0,0.7227,7
2023-07-07 12:00:00,SHORT,0.28,0.28,tp,0.004025,1,0.7119,7
2023-07-07 16:00:00,SHORT,0.28,0.28,sl,-0.003991,0,0.6683,7
2023-07-07 20:00:00,SHORT,0.28,0.29,sl,-0.003991,0,0.7915,7
2023-07-08 12:00:00,SHORT,0.29,0.29,tp,0.004025,1,0.676,7
2023-07-08 20:00:00,SHORT,0.29,0.29,sl,-0.003991,0,0.7261,7
2023-07-10 08:00:00,SHORT,0.28,0.29,sl,-0.003991,0,0.6987,7
2023-07-10 16:00:00,SHORT,0.29,0.29,tp,0.004025,1,0.6735,7
2023-07-10 20:00:00,SHORT,0.29,0.29,sl,-0.003991,0,0.6655,7
2023-07-11 04:00:00,SHORT,0.29,0.29,tp,0.004025,1,0.722,7
2023-07-11 08:00:00,SHORT,0.29,0.29,sl,-0.003991,0,0.6748,7
2023-07-12 16:00:00,SHORT,0.29,0.29,sl,-0.003991,0,0.6762,7
2023-07-12 20:00:00,SHORT,0.29,0.29,tp,0.004025,1,0.6639,7
2023-07-13 08:00:00,SHORT,0.29,0.29,sl,-0.003991,0,0.67,7
2023-07-13 12:00:00,LONG,0.31,0.31,tp,0.004,1,0.8892,7
2023-07-13 16:00:00,LONG,0.35,0.35,tp,0.004,1,0.9248,7
2023-07-13 20:00:00,SHORT,0.36,0.35,tp,0.004025,1,0.9407,7
2023-07-14 00:00:00,LONG,0.36,0.36,tp,0.004,1,0.9287,7
2023-07-14 04:00:00,LONG,0.35,0.35,tp,0.004,1,0.8931,7
2023-07-14 08:00:00,SHORT,0.35,0.35,tp,0.004025,1,0.9064,7
2023-07-14 12:00:00,SHORT,0.35,0.35,tp,0.004025,1,0.9053,7
2023-07-14 16:00:00,LONG,0.32,0.32,tp,0.004,1,0.9408,7
2023-07-14 20:00:00,LONG,0.33,0.33,sl,-0.004,0,0.9172,7
2023-07-15 00:00:00,LONG,0.33,0.33,tp,0.004,1,0.845,7
2023-07-15 04:00:00,LONG,0.33,0.34,tp,0.004,1,0.7898,7
2023-07-15 08:00:00,LONG,0.33,0.33,tp,0.004,1,0.8388,7
2023-07-15 12:00:00,LONG,0.33,0.33,sl,-0.004,0,0.7655,7
2023-07-15 16:00:00,SHORT,0.33,0.33,tp,0.004025,1,0.7856,7
2023-07-15 20:00:00,SHORT,0.33,0.32,tp,0.004025,1,0.8225,7
2023-07-16 00:00:00,LONG,0.32,0.32,sl,-0.004,0,0.8134,7
2023-07-16 04:00:00,SHORT,0.32,0.32,sl,-0.003991,0,0.7679,7
2023-07-16 08:00:00,LONG,0.32,0.32,tp,0.004,1,0.8005,7
2023-07-16 12:00:00,SHORT,0.32,0.32,tp,0.004025,1,0.8006,7
2023-07-16 16:00:00,LONG,0.32,0.32,tp,0.004,1,0.8255,7
2023-07-16 20:00:00,LONG,0.31,0.32,tp,0.004,1,0.7925,7
2023-07-17 04:00:00,SHORT,0.32,0.31,tp,0.004025,1,0.7672,7
2023-07-17 08:00:00,SHORT,0.31,0.31,tp,0.004025,1,0.8459,7
2023-07-17 12:00:00,SHORT,0.31,0.31,tp,0.004025,1,0.7995,7
2023-07-17 16:00:00,SHORT,0.31,0.31,tp,0.004025,1,0.7446,7
2023-07-17 20:00:00,SHORT,0.31,0.31,tp,0.004025,1,0.7793,7
2023-07-18 00:00:00,LONG,0.31,0.31,sl,-0.004,0,0.7897,7
2023-07-18 04:00:00,LONG,0.31,0.31,tp,0.004,1,0.7912,7
2023-07-18 08:00:00,LONG,0.3,0.31,tp,0.004,1,0.8205,7
2023-07-18 12:00:00,LONG,0.3,0.31,tp,0.004,1,0.7478,7
2023-07-18 16:00:00,LONG,0.3,0.31,tp,0.004,1,0.6994,7
2023-07-18 20:00:00,SHORT,0.31,0.31,tp,0.004025,1,0.7466,7
2023-07-19 00:00:00,LONG,0.32,0.32,sl,-0.004,0,0.8091,7
2023-07-19 04:00:00,LONG,0.32,0.32,tp,0.004,1,0.7641,7
2023-07-19 08:00:00,SHORT,0.32,0.31,tp,0.004025,1,0.7746,7
2023-07-19 12:00:00,SHORT,0.31,0.31,tp,0.004025,1,0.7845,7
2023-07-19 16:00:00,LONG,0.32,0.33,tp,0.004,1,0.8552,7
2023-07-19 20:00:00,SHORT,0.32,0.32,sl,-0.003991,0,0.8205,7
2023-07-20 00:00:00,LONG,0.33,0.33,tp,0.004,1,0.8714,7
2023-07-20 04:00:00,SHORT,0.33,0.32,tp,0.004025,1,0.8224,7
2023-07-20 08:00:00,SHORT,0.33,0.32,tp,0.004025,1,0.8346,7
2023-07-20 12:00:00,LONG,0.32,0.32,tp,0.004,1,0.7929,7
2023-07-20 16:00:00,LONG,0.32,0.32,tp,0.004,1,0.7605,7
2023-07-20 20:00:00,SHORT,0.32,0.31,tp,0.004025,1,0.7573,7
2023-07-21 00:00:00,LONG,0.32,0.32,sl,-0.004,0,0.6806,7
2023-07-21 04:00:00,SHORT,0.31,0.31,tp,0.004025,1,0.7486,7
2023-07-21 08:00:00,SHORT,0.31,0.31,sl,-0.003991,0,0.7961,7
2023-07-21 12:00:00,SHORT,0.31,0.31,tp,0.004025,1,0.7485,7
2023-07-21 16:00:00,SHORT,0.31,0.31,tp,0.004025,1,0.7583,7
2023-07-21 20:00:00,SHORT,0.31,0.31,sl,-0.003991,0,0.7459,7
2023-07-22 04:00:00,SHORT,0.31,0.31,tp,0.004025,1,0.6714,7
2023-07-22 08:00:00,SHORT,0.31,0.31,sl,-0.003991,0,0.7787,7
2023-07-22 12:00:00,SHORT,0.31,0.31,tp,0.004025,1,0.7482,7
2023-07-22 20:00:00,SHORT,0.31,0.31,tp,0.004025,1,0.7454,7
2023-07-23 20:00:00,SHORT,0.32,0.32,tp,0.004025,1,0.6747,7
2023-07-24 04:00:00,SHORT,0.31,0.31,tp,0.004025,1,0.6551,7
2023-07-24 08:00:00,SHORT,0.31,0.3,tp,0.004025,1,0.7974,7
2023-07-24 12:00:00,LONG,0.3,0.3,tp,0.004,1,0.7937,7
2023-07-24 16:00:00,SHORT,0.3,0.3,sl,-0.003991,0,0.7655,7
2023-07-24 20:00:00,SHORT,0.31,0.3,tp,0.004025,1,0.7421,7
2023-07-25 04:00:00,SHORT,0.3,0.3,sl,-0.003991,0,0.6817,7
2023-07-25 08:00:00,SHORT,0.3,0.3,sl,-0.003991,0,0.739,7
2023-07-25 12:00:00,SHORT,0.3,0.31,sl,-0.003991,0,0.7044,7
2023-07-25 16:00:00,SHORT,0.3,0.3,sl,-0.003991,0,0.6504,7
2023-07-25 20:00:00,SHORT,0.3,0.3,tp,0.004025,1,0.7272,7
2023-07-26 04:00:00,SHORT,0.3,0.3,sl,-0.003991,0,0.7223,7
2023-07-26 12:00:00,SHORT,0.31,0.3,tp,0.004025,1,0.6626,7
2023-07-27 00:00:00,SHORT,0.31,0.31,sl,-0.003991,0,0.7586,7
2023-07-27 04:00:00,SHORT,0.31,0.31,sl,-0.003991,0,0.7434,7
2023-07-29 04:00:00,LONG,0.31,0.31,sl,-0.004,0,0.6549,7
2023-07-30 08:00:00,SHORT,0.31,0.31,tp,0.004025,1,0.7261,7
2023-07-30 20:00:00,SHORT,0.32,0.31,tp,0.004025,1,0.7018,7
2023-07-31 20:00:00,SHORT,0.31,0.31,tp,0.004025,1,0.7371,7
2023-08-01 00:00:00,LONG,0.3,0.3,tp,0.004,1,0.6896,7
2023-08-01 08:00:00,SHORT,0.3,0.3,tp,0.004025,1,0.681,7
2023-08-01 12:00:00,SHORT,0.31,0.3,tp,0.004025,1,0.7122,7
2023-08-02 04:00:00,SHORT,0.31,0.31,sl,-0.003991,0,0.6524,7
2023-08-02 12:00:00,SHORT,0.3,0.3,tp,0.004025,1,0.7382,7
2023-08-02 20:00:00,SHORT,0.3,0.3,sl,-0.003991,0,0.7074,7
2023-08-03 04:00:00,SHORT,0.3,0.29,tp,0.004025,1,0.7563,7
2023-08-03 08:00:00,SHORT,0.3,0.29,tp,0.004025,1,0.676,7
2023-08-03 20:00:00,SHORT,0.29,0.29,sl,-0.003991,0,0.7538,7
2023-08-04 04:00:00,SHORT,0.29,0.29,sl,-0.003991,0,0.7021,7
2023-08-04 08:00:00,SHORT,0.29,0.29,sl,-0.003991,0,0.679,7
2023-08-04 12:00:00,SHORT,0.3,0.29,tp,0.004025,1,0.6517,7
2023-08-04 20:00:00,SHORT,0.29,0.29,tp,0.004025,1,0.6828,7
2023-08-06 12:00:00,SHORT,0.29,0.29,sl,-0.003991,0,0.6856,7
2023-08-06 20:00:00,SHORT,0.29,0.29,sl,-0.003991,0,0.7381,7
2023-08-07 04:00:00,SHORT,0.29,0.29,sl,-0.003991,0,0.699,7
2023-08-07 08:00:00,SHORT,0.29,0.29,tp,0.004025,1,0.6538,7
2023-08-07 12:00:00,SHORT,0.29,0.29,tp,0.004025,1,0.7312,7
2023-08-07 20:00:00,SHORT,0.29,0.29,sl,-0.003991,0,0.6989,7
2023-08-08 08:00:00,SHORT,0.29,0.29,sl,-0.003991,0,0.6569,7
2023-08-08 16:00:00,LONG,0.3,0.3,tp,0.004,1,0.7116,7
2023-08-09 04:00:00,SHORT,0.3,0.3,tp,0.004025,1,0.719,7
2023-08-09 20:00:00,SHORT,0.3,0.3,tp,0.004025,1,0.7087,7
2023-08-10 20:00:00,SHORT,0.3,0.29,tp,0.004025,1,0.6647,7
2023-08-11 04:00:00,SHORT,0.3,0.29,tp,0.004025,1,0.662,7
2023-08-13 20:00:00,SHORT,0.29,0.29,tp,0.004025,1,0.6999,7
2023-08-15 16:00:00,SHORT,0.28,0.28,sl,-0.003991,0,0.7134,7
2023-08-15 20:00:00,SHORT,0.28,0.28,sl,-0.003991,0,0.6866,7
2023-08-16 00:00:00,SHORT,0.28,0.28,tp,0.004025,1,0.6654,7
2023-08-16 04:00:00,SHORT,0.28,0.28,tp,0.004025,1,0.7099,7
2023-08-16 08:00:00,SHORT,0.28,0.28,tp,0.004025,1,0.6957,7
2023-08-16 12:00:00,SHORT,0.27,0.27,sl,-0.003991,0,0.7973,7
2023-08-16 16:00:00,SHORT,0.27,0.27,tp,0.004025,1,0.6565,7
2023-08-16 20:00:00,SHORT,0.27,0.27,tp,0.004025,1,0.8186,7
2023-08-17 04:00:00,SHORT,0.28,0.28,tp,0.004025,1,0.6521,7
2023-08-17 08:00:00,SHORT,0.28,0.27,tp,0.004025,1,0.6831,7
2023-08-17 12:00:00,SHORT,0.27,0.27,tp,0.004025,1,0.7982,7
2023-08-17 16:00:00,SHORT,0.27,0.27,tp,0.004025,1,0.6807,7
2023-08-17 20:00:00,SHORT,0.26,0.26,sl,-0.003991,0,0.9311,7
2023-08-18 00:00:00,LONG,0.26,0.26,tp,0.004,1,0.8086,7
2023-08-18 04:00:00,SHORT,0.26,0.26,tp,0.004025,1,0.7602,7
2023-08-18 08:00:00,SHORT,0.27,0.27,tp,0.004025,1,0.7494,7
2023-08-18 12:00:00,LONG,0.26,0.26,tp,0.004,1,0.7858,7
2023-08-18 16:00:00,LONG,0.26,0.26,tp,0.004,1,0.7357,7
2023-08-18 20:00:00,SHORT,0.26,0.26,tp,0.004025,1,0.7407,7
2023-08-19 04:00:00,SHORT,0.26,0.26,sl,-0.003991,0,0.7487,7
2023-08-19 08:00:00,SHORT,0.26,0.26,sl,-0.003991,0,0.6932,7
2023-08-19 12:00:00,SHORT,0.27,0.27,tp,0.004025,1,0.7223,7
2023-08-19 16:00:00,SHORT,0.27,0.27,tp,0.004025,1,0.7005,7
2023-08-19 20:00:00,SHORT,0.27,0.27,tp,0.004025,1,0.7498,7
2023-08-20 08:00:00,SHORT,0.27,0.27,tp,0.004025,1,0.7166,7
2023-08-21 08:00:00,SHORT,0.27,0.27,tp,0.004025,1,0.6898,7
2023-08-21 12:00:00,SHORT,0.26,0.26,sl,-0.003991,0,0.743,7
2023-08-22 04:00:00,SHORT,0.26,0.26,tp,0.004025,1,0.747,7
2023-08-22 08:00:00,SHORT,0.26,0.26,tp,0.004025,1,0.767,7
2023-08-22 12:00:00,SHORT,0.26,0.25,tp,0.004025,1,0.7416,7
2023-08-22 16:00:00,SHORT,0.25,0.25,tp,0.004025,1,0.7237,7
2023-08-22 20:00:00,SHORT,0.26,0.26,sl,-0.003991,0,0.7904,7
2023-08-23 04:00:00,SHORT,0.26,0.26,sl,-0.003991,0,0.6674,7
2023-08-23 08:00:00,SHORT,0.26,0.26,sl,-0.003991,0,0.7441,7
2023-08-23 12:00:00,SHORT,0.26,0.26,sl,-0.003991,0,0.7633,7
2023-08-23 16:00:00,SHORT,0.27,0.27,tp,0.004025,1,0.6753,7
2023-08-23 20:00:00,SHORT,0.27,0.27,sl,-0.003991,0,0.7087,7
2023-08-24 00:00:00,SHORT,0.27,0.27,sl,-0.003991,0,0.7456,7
2023-08-24 04:00:00,SHORT,0.27,0.27,tp,0.004025,1,0.7929,7
2023-08-24 08:00:00,SHORT,0.27,0.27,tp,0.004025,1,0.7359,7
2023-08-25 04:00:00,SHORT,0.26,0.26,sl,-0.003991,0,0.6653,7
2023-08-25 12:00:00,SHORT,0.26,0.26,sl,-0.003991,0,0.7137,7
2023-08-26 08:00:00,SHORT,0.26,0.26,sl,-0.003991,0,0.6574,7
2023-08-26 12:00:00,SHORT,0.26,0.26,sl,-0.003991,0,0.6662,7
2023-08-28 20:00:00,SHORT,0.27,0.27,tp,0.004025,1,0.6885,7
2023-08-29 12:00:00,LONG,0.27,0.28,tp,0.004,1,0.8245,7
2023-08-29 16:00:00,LONG,0.28,0.28,sl,-0.004,0,0.8513,7
2023-08-29 20:00:00,LONG,0.27,0.27,sl,-0.004,0,0.7662,7
2023-08-30 04:00:00,SHORT,0.27,0.26,tp,0.004025,1,0.7374,7
2023-08-30 08:00:00,SHORT,0.26,0.26,tp,0.004025,1,0.7291,7
2023-08-30 12:00:00,SHORT,0.26,0.26,sl,-0.003991,0,0.744,7
2023-08-30 20:00:00,SHORT,0.27,0.26,tp,0.004025,1,0.7107,7
2023-08-31 12:00:00,SHORT,0.26,0.26,tp,0.004025,1,0.7307,7
2023-08-31 16:00:00,SHORT,0.25,0.25,tp,0.004025,1,0.6849,7
2023-08-31 20:00:00,SHORT,0.26,0.26,sl,-0.003991,0,0.8,7
2023-09-03 12:00:00,SHORT,0.25,0.25,sl,-0.003991,0,0.6534,7
2023-09-07 20:00:00,LONG,0.26,0.26,tp,0.004,1,0.6655,7
2023-09-08 08:00:00,SHORT,0.25,0.25,sl,-0.003991,0,0.709,7
2023-09-11 08:00:00,SHORT,0.24,0.24,tp,0.004025,1,0.7246,7
2023-09-11 16:00:00,SHORT,0.24,0.24,sl,-0.003991,0,0.7073,7
2023-09-12 08:00:00,SHORT,0.25,0.25,sl,-0.003991,0,0.7129,7
2023-09-12 12:00:00,SHORT,0.25,0.25,tp,0.004025,1,0.6605,7
2023-09-15 00:00:00,SHORT,0.25,0.25,tp,0.004025,1,0.7403,7
2023-09-17 20:00:00,SHORT,0.25,0.25,tp,0.004025,1,0.6739,7
2023-09-18 08:00:00,SHORT,0.25,0.25,sl,-0.003991,0,0.653,7
2023-09-20 20:00:00,SHORT,0.25,0.25,tp,0.004025,1,0.7057,7
2023-09-22 08:00:00,SHORT,0.24,0.25,sl,-0.003991,0,0.6512,7
2023-09-22 20:00:00,SHORT,0.24,0.25,sl,-0.003991,0,0.6571,7
2023-09-24 20:00:00,SHORT,0.24,0.24,tp,0.004025,1,0.6672,7
2023-09-28 12:00:00,SHORT,0.25,0.25,tp,0.004025,1,0.6979,7
2023-09-28 20:00:00,SHORT,0.25,0.25,sl,-0.003991,0,0.6862,7
2023-10-01 08:00:00,LONG,0.26,0.26,sl,-0.004,0,0.8121,8
2023-10-01 20:00:00,SHORT,0.27,0.26,tp,0.004025,1,0.7708,8
2023-10-02 04:00:00,SHORT,0.27,0.27,sl,-0.003991,0,0.6855,8
2023-10-02 12:00:00,SHORT,0.26,0.26,tp,0.004025,1,0.6563,8
2023-10-03 12:00:00,SHORT,0.26,0.26,tp,0.004025,1,0.663,8
2023-10-03 20:00:00,SHORT,0.26,0.26,tp,0.004025,1,0.7461,8
2023-10-04 04:00:00,SHORT,0.26,0.26,sl,-0.003991,0,0.6603,8
2023-10-04 08:00:00,SHORT,0.26,0.26,tp,0.004025,1,0.7252,8
2023-10-04 12:00:00,SHORT,0.26,0.26,sl,-0.003991,0,0.7425,8
2023-10-06 04:00:00,SHORT,0.26,0.26,sl,-0.003991,0,0.6579,8
2023-10-07 08:00:00,LONG,0.26,0.26,tp,0.004,1,0.7105,8
2023-10-08 08:00:00,LONG,0.26,0.26,tp,0.004,1,0.6572,8
2023-10-09 08:00:00,LONG,0.25,0.25,tp,0.004,1,0.7057,8
2023-10-09 12:00:00,LONG,0.25,0.25,tp,0.004,1,0.6728,8
2023-10-10 08:00:00,LONG,0.25,0.25,sl,-0.004,0,0.6931,8
2023-10-10 12:00:00,LONG,0.25,0.25,tp,0.004,1,0.6873,8
2023-10-11 04:00:00,LONG,0.25,0.25,tp,0.004,1,0.6667,8
2023-10-16 04:00:00,SHORT,0.25,0.25,sl,-0.003991,0,0.6748,8
2023-10-16 08:00:00,SHORT,0.25,0.25,tp,0.004025,1,0.6729,8
2023-10-21 08:00:00,SHORT,0.26,0.26,sl,-0.003991,0,0.6502,8
2023-10-21 12:00:00,LONG,0.26,0.26,tp,0.004,1,0.7455,8
2023-10-21 16:00:00,LONG,0.26,0.26,sl,-0.004,0,0.7608,8
2023-10-21 20:00:00,SHORT,0.26,0.26,sl,-0.003991,0,0.6832,8
2023-10-22 00:00:00,SHORT,0.26,0.26,tp,0.004025,1,0.6732,8
2023-10-22 20:00:00,SHORT,0.26,0.26,sl,-0.003991,0,0.721,8
2023-10-23 00:00:00,LONG,0.27,0.27,tp,0.004,1,0.7436,8
2023-10-23 04:00:00,SHORT,0.26,0.26,tp,0.004025,1,0.6579,8
2023-10-23 08:00:00,SHORT,0.26,0.26,tp,0.004025,1,0.7583,8
2023-10-23 12:00:00,SHORT,0.26,0.26,sl,-0.003991,0,0.6914,8
2023-10-23 16:00:00,SHORT,0.27,0.27,sl,-0.003991,0,0.7179,8
2023-10-23 20:00:00,SHORT,0.28,0.28,tp,0.004025,1,0.849,8
2023-10-24 00:00:00,LONG,0.28,0.28,tp,0.004,1,0.8018,8
2023-10-24 04:00:00,SHORT,0.28,0.28,sl,-0.003991,0,0.7695,8
2023-10-24 08:00:00,SHORT,0.29,0.29,tp,0.004025,1,0.8517,8
2023-10-24 12:00:00,SHORT,0.28,0.28,tp,0.004025,1,0.8445,8
2023-10-24 16:00:00,SHORT,0.28,0.28,tp,0.004025,1,0.812,8
2023-10-24 20:00:00,SHORT,0.28,0.28,sl,-0.003991,0,0.8009,8
2023-10-25 00:00:00,LONG,0.28,0.28,tp,0.004,1,0.7406,8
2023-10-25 04:00:00,LONG,0.28,0.28,tp,0.004,1,0.7724,8
2023-10-25 08:00:00,SHORT,0.28,0.28,sl,-0.003991,0,0.7868,8
2023-10-25 12:00:00,SHORT,0.29,0.29,tp,0.004025,1,0.8146,8
2023-10-25 16:00:00,SHORT,0.28,0.28,tp,0.004025,1,0.7696,8
2023-10-25 20:00:00,SHORT,0.28,0.28,sl,-0.003991,0,0.8118,8
2023-10-26 00:00:00,SHORT,0.29,0.29,tp,0.004025,1,0.7611,8
2023-10-26 04:00:00,SHORT,0.3,0.29,tp,0.004025,1,0.8167,8
2023-10-26 08:00:00,SHORT,0.29,0.29,tp,0.004025,1,0.8239,8
2023-10-26 12:00:00,LONG,0.29,0.29,tp,0.004,1,0.8221,8
2023-10-26 16:00:00,SHORT,0.28,0.28,sl,-0.003991,0,0.7592,8
2023-10-26 20:00:00,SHORT,0.29,0.29,tp,0.004025,1,0.8141,8
2023-10-27 00:00:00,SHORT,0.29,0.28,tp,0.004025,1,0.7256,8
2023-10-27 04:00:00,LONG,0.28,0.28,tp,0.004,1,0.6839,8
2023-10-27 08:00:00,SHORT,0.29,0.29,sl,-0.003991,0,0.7062,8
2023-10-27 12:00:00,SHORT,0.29,0.29,tp,0.004025,1,0.7793,8
2023-10-27 16:00:00,SHORT,0.29,0.29,tp,0.004025,1,0.7848,8
2023-10-27 20:00:00,SHORT,0.29,0.29,sl,-0.003991,0,0.7978,8
2023-10-28 00:00:00,SHORT,0.3,0.29,tp,0.004025,1,0.7903,8
2023-10-28 04:00:00,SHORT,0.29,0.29,sl,-0.003991,0,0.7509,8
2023-10-28 08:00:00,SHORT,0.29,0.29,tp,0.004025,1,0.8047,8
2023-10-28 12:00:00,SHORT,0.29,0.29,tp,0.004025,1,0.7545,8
2023-10-28 20:00:00,SHORT,0.29,0.29,tp,0.004025,1,0.7022,8
2023-10-29 04:00:00,SHORT,0.29,0.29,sl,-0.003991,0,0.6548,8
2023-10-29 08:00:00,SHORT,0.3,0.3,sl,-0.003991,0,0.7138,8
2023-10-29 12:00:00,SHORT,0.3,0.3,sl,-0.003991,0,0.7455,8
2023-10-29 16:00:00,SHORT,0.3,0.29,tp,0.004025,1,0.7093,8
2023-10-29 20:00:00,SHORT,0.3,0.29,tp,0.004025,1,0.7227,8
2023-10-30 08:00:00,SHORT,0.3,0.3,tp,0.004025,1,0.723,8
2023-10-30 12:00:00,LONG,0.3,0.3,sl,-0.004,0,0.6876,8
2023-10-30 16:00:00,SHORT,0.3,0.3,tp,0.004025,1,0.767,8
2023-10-30 20:00:00,SHORT,0.3,0.3,tp,0.004025,1,0.8379,8
2023-10-31 00:00:00,SHORT,0.3,0.3,tp,0.004025,1,0.6602,8
2023-10-31 04:00:00,SHORT,0.3,0.29,tp,0.004025,1,0.6948,8
2023-10-31 08:00:00,SHORT,0.3,0.3,tp,0.004025,1,0.7973,8
2023-10-31 12:00:00,SHORT,0.29,0.29,sl,-0.003991,0,0.8087,8
2023-10-31 16:00:00,SHORT,0.29,0.29,tp,0.004025,1,0.7101,8
2023-10-31 20:00:00,SHORT,0.29,0.29,tp,0.004025,1,0.7187,8
2023-11-01 00:00:00,LONG,0.29,0.29,sl,-0.004,0,0.6686,8
2023-11-01 04:00:00,SHORT,0.29,0.29,tp,0.004025,1,0.762,8
2023-11-01 08:00:00,SHORT,0.29,0.29,tp,0.004025,1,0.7736,8
2023-11-01 12:00:00,SHORT,0.29,0.29,sl,-0.003991,0,0.7679,8
2023-11-01 16:00:00,LONG,0.3,0.3,tp,0.004,1,0.8332,8
2023-11-01 20:00:00,LONG,0.31,0.31,tp,0.004,1,0.8372,8
2023-11-02 00:00:00,LONG,0.31,0.31,sl,-0.004,0,0.8359,8
2023-11-02 04:00:00,SHORT,0.31,0.31,tp,0.004025,1,0.8015,8
2023-11-02 08:00:00,SHORT,0.31,0.31,tp,0.004025,1,0.8135,8
2023-11-02 12:00:00,LONG,0.3,0.3,tp,0.004,1,0.8433,8
2023-11-02 16:00:00,LONG,0.32,0.33,tp,0.004,1,0.8959,8
2023-11-02 20:00:00,LONG,0.32,0.32,tp,0.004,1,0.7899,8
2023-11-03 00:00:00,LONG,0.32,0.32,tp,0.004,1,0.8128,8
2023-11-03 04:00:00,SHORT,0.32,0.32,tp,0.004025,1,0.8466,8
2023-11-03 08:00:00,SHORT,0.32,0.32,tp,0.004025,1,0.8729,8
2023-11-03 12:00:00,SHORT,0.32,0.32,tp,0.004025,1,0.8308,8
2023-11-03 16:00:00,LONG,0.32,0.32,tp,0.004,1,0.7565,8
2023-11-03 20:00:00,SHORT,0.33,0.33,tp,0.004025,1,0.7888,8
2023-11-04 00:00:00,SHORT,0.33,0.32,tp,0.004025,1,0.7434,8
2023-11-04 04:00:00,SHORT,0.33,0.33,sl,-0.003991,0,0.7041,8
2023-11-04 08:00:00,SHORT,0.33,0.32,tp,0.004025,1,0.7844,8
2023-11-04 12:00:00,SHORT,0.32,0.32,sl,-0.003991,0,0.7793,8
2023-11-04 16:00:00,SHORT,0.32,0.32,sl,-0.003991,0,0.664,8
2023-11-04 20:00:00,LONG,0.33,0.33,tp,0.004,1,0.6996,8
2023-11-05 00:00:00,SHORT,0.33,0.33,sl,-0.003991,0,0.7283,8
2023-11-05 04:00:00,SHORT,0.33,0.33,tp,0.004025,1,0.7513,8
2023-11-05 08:00:00,SHORT,0.34,0.34,tp,0.004025,1,0.8011,8
2023-11-05 12:00:00,SHORT,0.34,0.34,sl,-0.003991,0,0.7858,8
2023-11-05 16:00:00,LONG,0.34,0.34,sl,-0.004,0,0.7175,8
2023-11-05 20:00:00,SHORT,0.34,0.34,sl,-0.003991,0,0.741,8
2023-11-06 00:00:00,SHORT,0.35,0.34,tp,0.004025,1,0.7197,8
2023-11-06 04:00:00,SHORT,0.34,0.34,tp,0.004025,1,0.8012,8
2023-11-06 08:00:00,SHORT,0.35,0.35,sl,-0.003991,0,0.7621,8
2023-11-06 12:00:00,SHORT,0.35,0.35,tp,0.004025,1,0.7969,8
2023-11-06 16:00:00,SHORT,0.37,0.37,tp,0.004025,1,0.8383,8
2023-11-06 20:00:00,LONG,0.36,0.36,tp,0.004,1,0.8138,8
2023-11-07 00:00:00,LONG,0.36,0.36,sl,-0.004,0,0.7147,8
2023-11-07 04:00:00,SHORT,0.35,0.35,tp,0.004025,1,0.8604,8
2023-11-07 08:00:00,SHORT,0.35,0.34,tp,0.004025,1,0.82,8
2023-11-07 12:00:00,LONG,0.34,0.34,tp,0.004,1,0.8153,8
2023-11-07 16:00:00,LONG,0.35,0.35,tp,0.004,1,0.7696,8
2023-11-07 20:00:00,LONG,0.35,0.35,tp,0.004,1,0.7963,8
2023-11-08 00:00:00,LONG,0.35,0.36,tp,0.004,1,0.7175,8
2023-11-08 04:00:00,SHORT,0.36,0.35,tp,0.004025,1,0.7305,8
2023-11-08 08:00:00,SHORT,0.36,0.35,tp,0.004025,1,0.8245,8
2023-11-08 12:00:00,SHORT,0.36,0.36,sl,-0.003991,0,0.8512,8
2023-11-08 16:00:00,SHORT,0.36,0.36,tp,0.004025,1,0.6905,8
2023-11-08 20:00:00,SHORT,0.36,0.36,sl,-0.003991,0,0.7819,8
2023-11-09 00:00:00,SHORT,0.37,0.37,sl,-0.003991,0,0.8248,8
2023-11-09 04:00:00,SHORT,0.37,0.37,sl,-0.003991,0,0.7476,8
2023-11-09 08:00:00,LONG,0.37,0.38,tp,0.004,1,0.7364,8
2023-11-09 12:00:00,LONG,0.38,0.38,tp,0.004,1,0.8242,8
2023-11-09 16:00:00,SHORT,0.36,0.36,tp,0.004025,1,0.8231,8
2023-11-09 20:00:00,SHORT,0.37,0.37,tp,0.004025,1,0.8955,8
2023-11-10 00:00:00,LONG,0.37,0.37,tp,0.004,1,0.7888,8
2023-11-10 04:00:00,SHORT,0.38,0.37,tp,0.004025,1,0.8576,8
2023-11-10 08:00:00,SHORT,0.38,0.38,tp,0.004025,1,0.8257,8
2023-11-10 12:00:00,SHORT,0.37,0.37,sl,-0.003991,0,0.8361,8
2023-11-10 16:00:00,SHORT,0.37,0.37,tp,0.004025,1,0.7815,8
2023-11-10 20:00:00,SHORT,0.39,0.38,tp,0.004025,1,0.8132,8
2023-11-11 00:00:00,LONG,0.37,0.38,tp,0.004,1,0.8197,8
2023-11-11 04:00:00,SHORT,0.38,0.38,tp,0.004025,1,0.7871,8
2023-11-11 08:00:00,LONG,0.38,0.38,tp,0.004,1,0.735,8
2023-11-11 12:00:00,LONG,0.39,0.39,tp,0.004,1,0.796,8
2023-11-11 16:00:00,LONG,0.39,0.39,sl,-0.004,0,0.8465,8
2023-11-11 20:00:00,SHORT,0.38,0.38,tp,0.004025,1,0.7981,8
2023-11-12 00:00:00,LONG,0.38,0.38,tp,0.004,1,0.7381,8
2023-11-12 04:00:00,SHORT,0.39,0.39,tp,0.004025,1,0.8409,8
2023-11-12 08:00:00,SHORT,0.39,0.38,tp,0.004025,1,0.8285,8
2023-11-12 12:00:00,SHORT,0.39,0.38,tp,0.004025,1,0.815,8
2023-11-12 16:00:00,LONG,0.38,0.38,tp,0.004,1,0.7633,8
2023-11-12 20:00:00,SHORT,0.38,0.38,tp,0.004025,1,0.7428,8
2023-11-13 00:00:00,LONG,0.38,0.38,tp,0.004,1,0.7886,8
2023-11-13 04:00:00,SHORT,0.38,0.38,tp,0.004025,1,0.7616,8
2023-11-13 08:00:00,LONG,0.37,0.37,tp,0.004,1,0.8214,8
2023-11-13 12:00:00,SHORT,0.37,0.37,tp,0.004025,1,0.8098,8
2023-11-13 16:00:00,SHORT,0.37,0.37,tp,0.004025,1,0.7611,8
2023-11-13 20:00:00,SHORT,0.36,0.35,tp,0.004025,1,0.8451,8
2023-11-14 00:00:00,LONG,0.36,0.36,tp,0.004,1,0.7883,8
2023-11-14 04:00:00,LONG,0.37,0.37,sl,-0.004,0,0.7934,8
2023-11-14 08:00:00,LONG,0.36,0.36,tp,0.004,1,0.8198,8
2023-11-14 12:00:00,LONG,0.36,0.37,tp,0.004,1,0.8361,8
2023-11-14 16:00:00,LONG,0.35,0.35,tp,0.004,1,0.8781,8
2023-11-14 20:00:00,LONG,0.36,0.36,tp,0.004,1,0.8027,8
2023-11-15 00:00:00,LONG,0.35,0.36,tp,0.004,1,0.8139,8
2023-11-15 04:00:00,SHORT,0.36,0.36,sl,-0.003991,0,0.7936,8
2023-11-15 08:00:00,SHORT,0.37,0.37,tp,0.004025,1,0.8441,8
2023-11-15 12:00:00,SHORT,0.37,0.37,tp,0.004025,1,0.8262,8
2023-11-15 16:00:00,SHORT,0.38,0.37,tp,0.004025,1,0.7641,8
2023-11-15 20:00:00,SHORT,0.38,0.38,sl,-0.003991,0,0.8072,8
2023-11-16 00:00:00,SHORT,0.38,0.38,sl,-0.003991,0,0.7792,8
2023-11-16 04:00:00,LONG,0.4,0.4,tp,0.004,1,0.8575,8
2023-11-16 08:00:00,LONG,0.39,0.39,tp,0.004,1,0.8452,8
2023-11-16 12:00:00,SHORT,0.38,0.38,tp,0.004025,1,0.8325,8
2023-11-16 16:00:00,LONG,0.37,0.37,tp,0.004,1,0.8813,8
2023-11-16 20:00:00,SHORT,0.37,0.37,sl,-0.003991,0,0.8471,8
2023-11-17 00:00:00,LONG,0.38,0.37,sl,-0.004,0,0.7796,8
2023-11-17 04:00:00,LONG,0.37,0.37,tp,0.004,1,0.8132,8
2023-11-17 08:00:00,SHORT,0.37,0.37,tp,0.004025,1,0.8063,8
2023-11-17 12:00:00,LONG,0.36,0.36,tp,0.004,1,0.8982,8
2023-11-17 16:00:00,LONG,0.36,0.37,tp,0.004,1,0.8443,8
2023-11-17 20:00:00,SHORT,0.37,0.37,tp,0.004025,1,0.8486,8
2023-11-18 00:00:00,LONG,0.36,0.36,tp,0.004,1,0.8028,8
2023-11-18 04:00:00,SHORT,0.36,0.36,tp,0.004025,1,0.7966,8
2023-11-18 08:00:00,SHORT,0.36,0.36,tp,0.004025,1,0.7638,8
2023-11-18 12:00:00,SHORT,0.37,0.37,sl,-0.003991,0,0.8823,8
2023-11-18 16:00:00,LONG,0.37,0.38,tp,0.004,1,0.7821,8
2023-11-18 20:00:00,SHORT,0.38,0.38,tp,0.004025,1,0.8235,8
2023-11-19 00:00:00,SHORT,0.38,0.37,tp,0.004025,1,0.7683,8
2023-11-19 04:00:00,SHORT,0.37,0.37,tp,0.004025,1,0.8344,8
2023-11-19 08:00:00,SHORT,0.37,0.38,sl,-0.003991,0,0.7982,8
2023-11-19 12:00:00,SHORT,0.38,0.38,sl,-0.003991,0,0.7724,8
2023-11-19 16:00:00,SHORT,0.38,0.38,tp,0.004025,1,0.7337,8
2023-11-19 20:00:00,SHORT,0.38,0.38,tp,0.004025,1,0.7539,8
2023-11-20 00:00:00,SHORT,0.38,0.38,sl,-0.003991,0,0.6981,8
2023-11-20 04:00:00,SHORT,0.39,0.39,sl,-0.003991,0,0.7578,8
2023-11-20 08:00:00,LONG,0.39,0.39,tp,0.004,1,0.7921,8
2023-11-20 12:00:00,SHORT,0.39,0.39,tp,0.004025,1,0.7466,8
2023-11-20 16:00:00,SHORT,0.39,0.38,tp,0.004025,1,0.7247,8
2023-11-20 20:00:00,SHORT,0.38,0.38,sl,-0.003991,0,0.7632,8
2023-11-21 00:00:00,SHORT,0.38,0.38,tp,0.004025,1,0.7043,8
2023-11-21 04:00:00,SHORT,0.38,0.38,tp,0.004025,1,0.7001,8
2023-11-21 08:00:00,SHORT,0.38,0.38,tp,0.004025,1,0.7095,8
2023-11-21 12:00:00,SHORT,0.38,0.37,tp,0.004025,1,0.7904,8
2023-11-21 16:00:00,SHORT,0.37,0.37,tp,0.004025,1,0.769,8
2023-11-21 20:00:00,LONG,0.36,0.36,tp,0.004,1,0.8444,8
2023-11-22 00:00:00,LONG,0.37,0.37,sl,-0.004,0,0.8247,8
2023-11-22 04:00:00,LONG,0.37,0.37,tp,0.004,1,0.7636,8
2023-11-22 08:00:00,LONG,0.37,0.37,tp,0.004,1,0.7764,8
2023-11-22 12:00:00,SHORT,0.37,0.37,tp,0.004025,1,0.7385,8
2023-11-22 16:00:00,SHORT,0.38,0.38,sl,-0.003991,0,0.7636,8
2023-11-22 20:00:00,LONG,0.38,0.38,tp,0.004,1,0.7654,8
2023-11-23 00:00:00,SHORT,0.38,0.38,sl,-0.003991,0,0.7552,8
2023-11-23 04:00:00,SHORT,0.38,0.38,sl,-0.003991,0,0.7998,8
2023-11-23 08:00:00,SHORT,0.38,0.38,tp,0.004025,1,0.7886,8
2023-11-23 12:00:00,SHORT,0.38,0.38,sl,-0.003991,0,0.7386,8
2023-11-23 16:00:00,LONG,0.38,0.38,tp,0.004,1,0.7128,8
2023-11-23 20:00:00,SHORT,0.39,0.39,sl,-0.003991,0,0.7889,8
2023-11-24 00:00:00,LONG,0.4,0.39,sl,-0.004,0,0.7808,8
2023-11-24 04:00:00,LONG,0.39,0.39,sl,-0.004,0,0.734,8
2023-11-24 08:00:00,SHORT,0.39,0.39,tp,0.004025,1,0.7878,8
2023-11-24 12:00:00,SHORT,0.39,0.39,tp,0.004025,1,0.8066,8
2023-11-24 16:00:00,SHORT,0.39,0.38,tp,0.004025,1,0.6996,8
2023-11-24 20:00:00,SHORT,0.39,0.39,sl,-0.003991,0,0.7198,8
2023-11-25 00:00:00,SHORT,0.39,0.39,sl,-0.003991,0,0.6685,8
2023-11-25 04:00:00,SHORT,0.39,0.39,tp,0.004025,1,0.7286,8
2023-11-25 08:00:00,SHORT,0.39,0.39,sl,-0.003991,0,0.7265,8
2023-11-25 12:00:00,SHORT,0.39,0.39,sl,-0.003991,0,0.7274,8
2023-11-25 16:00:00,SHORT,0.39,0.4,sl,-0.003991,0,0.7447,8
2023-11-25 20:00:00,SHORT,0.39,0.39,tp,0.004025,1,0.7571,8
2023-11-26 12:00:00,SHORT,0.39,0.38,tp,0.004025,1,0.7506,8
2023-11-26 16:00:00,SHORT,0.38,0.39,sl,-0.003991,0,0.6661,8
2023-11-26 20:00:00,SHORT,0.39,0.39,tp,0.004025,1,0.7108,8
2023-11-27 04:00:00,SHORT,0.38,0.38,tp,0.004025,1,0.6883,8
2023-11-27 08:00:00,SHORT,0.38,0.38,tp,0.004025,1,0.7387,8
2023-11-27 12:00:00,LONG,0.37,0.38,tp,0.004,1,0.7321,8
2023-11-27 16:00:00,LONG,0.37,0.38,tp,0.004,1,0.6971,8
2023-11-27 20:00:00,SHORT,0.38,0.38,tp,0.004025,1,0.7714,8
2023-11-28 04:00:00,SHORT,0.37,0.37,tp,0.004025,1,0.7297,8
2023-11-28 08:00:00,SHORT,0.38,0.38,tp,0.004025,1,0.7634,8
2023-11-28 12:00:00,SHORT,0.38,0.38,sl,-0.003991,0,0.7822,8
2023-11-28 16:00:00,LONG,0.39,0.39,sl,-0.004,0,0.6805,8
2023-11-28 20:00:00,SHORT,0.39,0.38,tp,0.004025,1,0.6952,8
2023-11-29 00:00:00,SHORT,0.38,0.39,sl,-0.003991,0,0.6526,8
2023-11-29 04:00:00,SHORT,0.39,0.38,tp,0.004025,1,0.7244,8
2023-11-29 08:00:00,SHORT,0.38,0.38,tp,0.004025,1,0.6899,8
2023-11-29 12:00:00,SHORT,0.38,0.38,sl,-0.003991,0,0.6984,8
2023-11-29 20:00:00,SHORT,0.38,0.38,tp,0.004025,1,0.6869,8
2023-11-30 08:00:00,SHORT,0.38,0.37,tp,0.004025,1,0.7066,8
2023-11-30 12:00:00,SHORT,0.37,0.38,sl,-0.003991,0,0.745,8
2023-12-01 16:00:00,SHORT,0.38,0.38,tp,0.004025,1,0.6686,8
2023-12-02 20:00:00,SHORT,0.4,0.4,sl,-0.003991,0,0.7059,8
2023-12-03 04:00:00,SHORT,0.4,0.39,tp,0.004025,1,0.6698,8
2023-12-03 08:00:00,SHORT,0.39,0.39,tp,0.004025,1,0.6805,8
2023-12-03 20:00:00,LONG,0.4,0.4,tp,0.004,1,0.6688,8
2023-12-04 00:00:00,LONG,0.4,0.41,tp,0.004,1,0.6935,8
2023-12-04 04:00:00,LONG,0.41,0.41,tp,0.004,1,0.8105,8
2023-12-04 08:00:00,SHORT,0.4,0.4,tp,0.004025,1,0.8213,8
2023-12-04 12:00:00,SHORT,0.4,0.4,sl,-0.003991,0,0.7299,8
2023-12-04 16:00:00,SHORT,0.4,0.4,sl,-0.003991,0,0.7306,8
2023-12-04 20:00:00,SHORT,0.41,0.4,tp,0.004025,1,0.7988,8
2023-12-05 04:00:00,SHORT,0.4,0.4,sl,-0.003991,0,0.6779,8
2023-12-05 08:00:00,SHORT,0.4,0.4,sl,-0.003991,0,0.7155,8
2023-12-05 12:00:00,SHORT,0.4,0.4,sl,-0.003991,0,0.736,8
2023-12-05 16:00:00,LONG,0.42,0.42,tp,0.004,1,0.8776,8
2023-12-05 20:00:00,SHORT,0.43,0.42,tp,0.004025,1,0.8214,8
2023-12-06 00:00:00,LONG,0.43,0.43,tp,0.004,1,0.6948,8
2023-12-06 04:00:00,SHORT,0.43,0.43,tp,0.004025,1,0.7936,8
2023-12-06 08:00:00,SHORT,0.44,0.43,tp,0.004025,1,0.8604,8
2023-12-06 12:00:00,SHORT,0.45,0.45,tp,0.004025,1,0.9035,8
2023-12-06 16:00:00,SHORT,0.45,0.45,tp,0.004025,1,0.762,8
2023-12-06 20:00:00,LONG,0.44,0.45,tp,0.004,1,0.8065,8
2023-12-07 00:00:00,SHORT,0.44,0.45,sl,-0.003991,0,0.7906,8
2023-12-07 04:00:00,SHORT,0.45,0.44,tp,0.004025,1,0.8333,8
2023-12-07 08:00:00,SHORT,0.43,0.44,sl,-0.003991,0,0.851,8
2023-12-07 12:00:00,SHORT,0.44,0.44,sl,-0.003991,0,0.8043,8
2023-12-07 16:00:00,LONG,0.45,0.45,tp,0.004,1,0.8357,8
2023-12-07 20:00:00,LONG,0.46,0.46,tp,0.004,1,0.8125,8
2023-12-08 00:00:00,SHORT,0.46,0.46,sl,-0.003991,0,0.7946,8
2023-12-08 04:00:00,SHORT,0.47,0.48,sl,-0.003991,0,0.8742,8
2023-12-08 08:00:00,SHORT,0.52,0.52,tp,0.004025,1,0.9152,8
2023-12-08 12:00:00,SHORT,0.55,0.55,tp,0.004025,1,0.9372,8
2023-12-08 16:00:00,LONG,0.53,0.54,tp,0.004,1,0.9099,8
2023-12-08 20:00:00,LONG,0.55,0.55,tp,0.004,1,0.8991,8
2023-12-09 00:00:00,SHORT,0.58,0.58,sl,-0.003991,0,0.9103,8
2023-12-09 04:00:00,SHORT,0.62,0.62,tp,0.004025,1,0.942,8
2023-12-09 08:00:00,SHORT,0.62,0.62,tp,0.004025,1,0.9233,8
2023-12-09 12:00:00,SHORT,0.61,0.61,tp,0.004025,1,0.8926,8
2023-12-09 16:00:00,SHORT,0.59,0.59,tp,0.004025,1,0.9074,8
2023-12-09 20:00:00,SHORT,0.58,0.58,sl,-0.003991,0,0.8751,8
2023-12-10 00:00:00,LONG,0.59,0.6,tp,0.004,1,0.8592,8
2023-12-10 04:00:00,SHORT,0.59,0.59,tp,0.004025,1,0.8162,8
2023-12-10 08:00:00,SHORT,0.59,0.59,tp,0.004025,1,0.8975,8
2023-12-10 12:00:00,SHORT,0.59,0.59,tp,0.004025,1,0.8854,8
2023-12-10 16:00:00,SHORT,0.6,0.6,tp,0.004025,1,0.8385,8
2023-12-10 20:00:00,SHORT,0.59,0.59,tp,0.004025,1,0.8297,8
2023-12-11 00:00:00,SHORT,0.56,0.56,tp,0.004025,1,0.9531,8
2023-12-11 04:00:00,SHORT,0.55,0.55,tp,0.004025,1,0.9253,8
2023-12-11 08:00:00,SHORT,0.55,0.55,tp,0.004025,1,0.914,8
2023-12-11 12:00:00,SHORT,0.55,0.54,tp,0.004025,1,0.9321,8
2023-12-11 16:00:00,SHORT,0.53,0.53,tp,0.004025,1,0.9186,8
2023-12-11 20:00:00,SHORT,0.55,0.55,sl,-0.003991,0,0.9111,8
2023-12-12 00:00:00,SHORT,0.56,0.56,tp,0.004025,1,0.8462,8
2023-12-12 04:00:00,SHORT,0.59,0.59,tp,0.004025,1,0.9347,8
2023-12-12 08:00:00,SHORT,0.59,0.59,tp,0.004025,1,0.888,8
2023-12-12 12:00:00,SHORT,0.58,0.58,tp,0.004025,1,0.8657,8
2023-12-12 16:00:00,SHORT,0.57,0.57,tp,0.004025,1,0.9046,8
2023-12-12 20:00:00,SHORT,0.58,0.58,tp,0.004025,1,0.9242,8
2023-12-13 00:00:00,LONG,0.56,0.56,tp,0.004,1,0.8927,8
2023-12-13 04:00:00,SHORT,0.56,0.56,sl,-0.003991,0,0.8662,8
2023-12-13 08:00:00,LONG,0.58,0.58,tp,0.004,1,0.8609,8
2023-12-13 12:00:00,SHORT,0.63,0.62,tp,0.004025,1,0.9243,8
2023-12-13 16:00:00,LONG,0.64,0.65,tp,0.004,1,0.8911,8
2023-12-13 20:00:00,LONG,0.67,0.67,tp,0.004,1,0.9084,8
2023-12-14 00:00:00,LONG,0.66,0.66,tp,0.004,1,0.8968,8
2023-12-14 04:00:00,SHORT,0.66,0.65,tp,0.004025,1,0.8306,8
2023-12-14 08:00:00,SHORT,0.66,0.65,tp,0.004025,1,0.9029,8
2023-12-14 12:00:00,SHORT,0.64,0.63,tp,0.004025,1,0.9359,8
2023-12-14 16:00:00,LONG,0.64,0.64,tp,0.004,1,0.8247,8
2023-12-14 20:00:00,SHORT,0.64,0.64,tp,0.004025,1,0.8269,8
2023-12-15 00:00:00,LONG,0.64,0.64,sl,-0.004,0,0.8153,8
2023-12-15 04:00:00,LONG,0.63,0.63,tp,0.004,1,0.7942,8
2023-12-15 08:00:00,LONG,0.64,0.64,tp,0.004,1,0.8186,8
2023-12-15 12:00:00,SHORT,0.62,0.62,tp,0.004025,1,0.8969,8
2023-12-15 16:00:00,LONG,0.62,0.62,tp,0.004,1,0.868,8
2023-12-15 20:00:00,LONG,0.6,0.6,tp,0.004,1,0.8954,8
2023-12-16 00:00:00,LONG,0.62,0.61,sl,-0.004,0,0.8464,8
2023-12-16 04:00:00,SHORT,0.61,0.61,tp,0.004025,1,0.8175,8
2023-12-16 08:00:00,SHORT,0.62,0.61,tp,0.004025,1,0.8334,8
2023-12-16 12:00:00,SHORT,0.62,0.62,tp,0.004025,1,0.8155,8
2023-12-16 16:00:00,SHORT,0.61,0.61,tp,0.004025,1,0.7823,8
2023-12-16 20:00:00,SHORT,0.61,0.6,tp,0.004025,1,0.803,8
2023-12-17 00:00:00,SHORT,0.61,0.61,tp,0.004025,1,0.7148,8
2023-12-17 04:00:00,LONG,0.59,0.6,tp,0.004,1,0.8595,8
2023-12-17 08:00:00,SHORT,0.6,0.6,tp,0.004025,1,0.8461,8
2023-12-17 12:00:00,SHORT,0.59,0.59,tp,0.004025,1,0.858,8
2023-12-17 16:00:00,LONG,0.59,0.6,tp,0.004,1,0.8202,8
2023-12-17 20:00:00,LONG,0.58,0.58,tp,0.004,1,0.8532,8
2023-12-18 00:00:00,LONG,0.57,0.58,tp,0.004,1,0.8702,8
2023-12-18 04:00:00,LONG,0.57,0.57,sl,-0.004,0,0.8533,8
2023-12-18 08:00:00,SHORT,0.56,0.56,tp,0.004025,1,0.8893,8
2023-12-18 12:00:00,LONG,0.57,0.57,tp,0.004,1,0.8648,8
2023-12-18 16:00:00,LONG,0.58,0.58,tp,0.004,1,0.8055,8
2023-12-18 20:00:00,SHORT,0.6,0.6,tp,0.004025,1,0.8729,8
2023-12-19 00:00:00,SHORT,0.61,0.61,tp,0.004025,1,0.8538,8
2023-12-19 04:00:00,SHORT,0.61,0.61,tp,0.004025,1,0.7835,8
2023-12-19 08:00:00,SHORT,0.59,0.59,tp,0.004025,1,0.8249,8
2023-12-19 12:00:00,SHORT,0.58,0.58,tp,0.004025,1,0.8537,8
2023-12-19 16:00:00,SHORT,0.58,0.58,tp,0.004025,1,0.8261,8
2023-12-19 20:00:00,SHORT,0.58,0.57,tp,0.004025,1,0.8291,8
2023-12-20 00:00:00,LONG,0.58,0.58,tp,0.004,1,0.7529,8
2023-12-20 04:00:00,SHORT,0.59,0.59,tp,0.004025,1,0.8201,8
2023-12-20 08:00:00,SHORT,0.59,0.59,tp,0.004025,1,0.7952,8
2023-12-20 12:00:00,SHORT,0.6,0.6,tp,0.004025,1,0.8568,8
2023-12-20 16:00:00,LONG,0.59,0.59,sl,-0.004,0,0.7818,8
2023-12-20 20:00:00,SHORT,0.59,0.59,tp,0.004025,1,0.85,8
2023-12-21 00:00:00,SHORT,0.59,0.59,tp,0.004025,1,0.794,8
2023-12-21 04:00:00,SHORT,0.6,0.6,sl,-0.003991,0,0.7621,8
2023-12-21 08:00:00,SHORT,0.61,0.61,tp,0.004025,1,0.8336,8
2023-12-21 12:00:00,LONG,0.6,0.6,tp,0.004,1,0.7809,8
2023-12-21 16:00:00,LONG,0.61,0.62,tp,0.004,1,0.8126,8
2023-12-21 20:00:00,LONG,0.64,0.64,tp,0.004,1,0.8618,8
2023-12-22 00:00:00,LONG,0.63,0.63,tp,0.004,1,0.8161,8
2023-12-22 04:00:00,SHORT,0.61,0.61,tp,0.004025,1,0.8539,8
2023-12-22 08:00:00,SHORT,0.62,0.61,tp,0.004025,1,0.8587,8
2023-12-22 12:00:00,SHORT,0.62,0.62,tp,0.004025,1,0.8819,8
2023-12-22 16:00:00,SHORT,0.62,0.62,sl,-0.003991,0,0.7422,8
2023-12-22 20:00:00,SHORT,0.62,0.62,tp,0.004025,1,0.7894,8
2023-12-23 00:00:00,LONG,0.6,0.6,tp,0.004,1,0.8612,8
2023-12-23 04:00:00,LONG,0.6,0.61,tp,0.004,1,0.7496,8
2023-12-23 08:00:00,SHORT,0.6,0.61,sl,-0.003991,0,0.7178,8
2023-12-23 12:00:00,SHORT,0.6,0.6,tp,0.004025,1,0.712,8
2023-12-23 16:00:00,SHORT,0.6,0.6,tp,0.004025,1,0.7236,8
2023-12-23 20:00:00,SHORT,0.61,0.61,tp,0.004025,1,0.7289,8
2023-12-24 00:00:00,SHORT,0.62,0.62,tp,0.004025,1,0.8046,8
2023-12-24 04:00:00,SHORT,0.61,0.61,tp,0.004025,1,0.7397,8
2023-12-24 08:00:00,SHORT,0.61,0.61,tp,0.004025,1,0.7857,8
2023-12-24 12:00:00,SHORT,0.61,0.61,tp,0.004025,1,0.7636,8
2023-12-24 16:00:00,SHORT,0.62,0.61,tp,0.004025,1,0.7965,8
2023-12-24 20:00:00,SHORT,0.59,0.59,sl,-0.003991,0,0.8507,8
2023-12-25 00:00:00,LONG,0.6,0.61,tp,0.004,1,0.7346,8
2023-12-25 04:00:00,LONG,0.6,0.61,tp,0.004,1,0.7418,8
2023-12-25 08:00:00,SHORT,0.61,0.61,sl,-0.003991,0,0.7392,8
2023-12-25 12:00:00,SHORT,0.62,0.62,sl,-0.003991,0,0.7514,8
2023-12-25 16:00:00,LONG,0.62,0.62,tp,0.004,1,0.7227,8
2023-12-25 20:00:00,SHORT,0.62,0.62,tp,0.004025,1,0.815,8
2023-12-26 00:00:00,SHORT,0.62,0.62,tp,0.004025,1,0.7367,8
2023-12-26 04:00:00,SHORT,0.6,0.6,tp,0.004025,1,0.7901,8
2023-12-26 08:00:00,SHORT,0.61,0.61,tp,0.004025,1,0.7795,8
2023-12-26 12:00:00,SHORT,0.61,0.6,tp,0.004025,1,0.7816,8
2023-12-26 16:00:00,SHORT,0.59,0.59,sl,-0.003991,0,0.834,8
2023-12-26 20:00:00,LONG,0.61,0.61,sl,-0.004,0,0.7942,8
2023-12-27 00:00:00,LONG,0.59,0.59,tp,0.004,1,0.8587,8
2023-12-27 04:00:00,LONG,0.6,0.6,tp,0.004,1,0.8137,8
2023-12-27 08:00:00,SHORT,0.61,0.61,tp,0.004025,1,0.7893,8
2023-12-27 12:00:00,LONG,0.62,0.62,tp,0.004,1,0.7825,8
2023-12-27 16:00:00,LONG,0.64,0.64,tp,0.004,1,0.823,8
2023-12-27 20:00:00,SHORT,0.63,0.63,sl,-0.003991,0,0.787,8
2023-12-28 00:00:00,SHORT,0.66,0.66,tp,0.004025,1,0.8342,8
2023-12-28 04:00:00,LONG,0.66,0.66,sl,-0.004,0,0.8244,8
2023-12-28 08:00:00,SHORT,0.65,0.64,tp,0.004025,1,0.8143,8
2023-12-28 12:00:00,LONG,0.62,0.62,tp,0.004,1,0.8964,8
2023-12-28 16:00:00,LONG,0.63,0.62,sl,-0.004,0,0.8733,8
2023-12-28 20:00:00,SHORT,0.62,0.61,tp,0.004025,1,0.868,8
2023-12-29 00:00:00,LONG,0.61,0.62,tp,0.004,1,0.8231,8
2023-12-29 04:00:00,LONG,0.61,0.61,tp,0.004,1,0.8642,8
2023-12-29 08:00:00,LONG,0.62,0.63,tp,0.004,1,0.8196,8
2023-12-29 12:00:00,LONG,0.6,0.61,tp,0.004,1,0.8347,8
2023-12-29 16:00:00,SHORT,0.61,0.61,tp,0.004025,1,0.825,8
2023-12-29 20:00:00,SHORT,0.61,0.6,tp,0.004025,1,0.844,8
2024-01-01 00:00:00,LONG,0.6,0.6,tp,0.004,1,0.7161,9
2024-01-01 04:00:00,LONG,0.6,0.6,tp,0.004,1,0.6937,9
2024-01-01 08:00:00,LONG,0.6,0.61,tp,0.004,1,0.6938,9
2024-01-01 12:00:00,SHORT,0.61,0.6,tp,0.004025,1,0.7139,9
2024-01-01 16:00:00,SHORT,0.62,0.62,tp,0.004025,1,0.7498,9
2024-01-01 20:00:00,SHORT,0.62,0.62,sl,-0.003991,0,0.7224,9
2024-01-02 00:00:00,SHORT,0.63,0.63,tp,0.004025,1,0.7069,9
2024-01-02 04:00:00,SHORT,0.63,0.62,tp,0.004025,1,0.8189,9
2024-01-02 08:00:00,SHORT,0.63,0.62,tp,0.004025,1,0.7749,9
2024-01-02 12:00:00,SHORT,0.61,0.61,tp,0.004025,1,0.7293,9
2024-01-02 16:00:00,LONG,0.61,0.61,sl,-0.004,0,0.7142,9
2024-01-02 20:00:00,LONG,0.61,0.61,tp,0.004,1,0.7725,9
2024-01-03 00:00:00,LONG,0.61,0.61,tp,0.004,1,0.7547,9
2024-01-03 04:00:00,LONG,0.61,0.61,tp,0.004,1,0.7171,9
2024-01-03 08:00:00,LONG,0.6,0.59,sl,-0.004,0,0.8215,9
2024-01-03 12:00:00,SHORT,0.56,0.56,tp,0.004025,1,0.9229,9
2024-01-03 16:00:00,LONG,0.55,0.56,tp,0.004,1,0.9128,9
2024-01-03 20:00:00,LONG,0.56,0.56,tp,0.004,1,0.8886,9
2024-01-04 00:00:00,LONG,0.56,0.56,tp,0.004,1,0.8636,9
2024-01-04 04:00:00,LONG,0.56,0.56,tp,0.004,1,0.8727,9
2024-01-04 08:00:00,LONG,0.56,0.56,tp,0.004,1,0.8695,9
2024-01-04 12:00:00,SHORT,0.57,0.57,tp,0.004025,1,0.8531,9
2024-01-04 16:00:00,SHORT,0.57,0.57,tp,0.004025,1,0.7838,9
2024-01-04 20:00:00,SHORT,0.57,0.57,tp,0.004025,1,0.7804,9
2024-01-05 00:00:00,LONG,0.55,0.56,tp,0.004,1,0.859,9
2024-01-05 04:00:00,LONG,0.55,0.56,tp,0.004,1,0.8005,9
2024-01-05 08:00:00,LONG,0.54,0.55,tp,0.004,1,0.8598,9
2024-01-05 12:00:00,LONG,0.53,0.53,tp,0.004,1,0.8865,9
2024-01-05 16:00:00,LONG,0.53,0.53,tp,0.004,1,0.8801,9
2024-01-05 20:00:00,LONG,0.54,0.54,sl,-0.004,0,0.8693,9
2024-01-06 00:00:00,LONG,0.53,0.53,sl,-0.004,0,0.8425,9
2024-01-06 04:00:00,LONG,0.52,0.52,tp,0.004,1,0.8754,9
2024-01-06 08:00:00,LONG,0.52,0.52,tp,0.004,1,0.858,9
2024-01-06 12:00:00,LONG,0.53,0.53,tp,0.004,1,0.8288,9
2024-01-06 16:00:00,LONG,0.52,0.52,tp,0.004,1,0.83,9
2024-01-06 20:00:00,LONG,0.52,0.53,tp,0.004,1,0.8253,9
2024-01-07 00:00:00,LONG,0.52,0.52,tp,0.004,1,0.8151,9
2024-01-07 04:00:00,SHORT,0.53,0.52,tp,0.004025,1,0.7113,9
2024-01-07 08:00:00,LONG,0.52,0.52,tp,0.004,1,0.7387,9
2024-01-07 12:00:00,LONG,0.51,0.52,tp,0.004,1,0.8361,9
2024-01-07 16:00:00,LONG,0.52,0.52,sl,-0.004,0,0.7615,9
2024-01-07 20:00:00,LONG,0.49,0.5,tp,0.004,1,0.8702,9
2024-01-08 00:00:00,LONG,0.47,0.48,tp,0.004,1,0.9015,9
2024-01-08 04:00:00,LONG,0.49,0.49,tp,0.004,1,0.8961,9
2024-01-08 08:00:00,LONG,0.5,0.5,tp,0.004,1,0.8389,9
2024-01-08 12:00:00,SHORT,0.51,0.51,tp,0.004025,1,0.8093,9
2024-01-08 16:00:00,LONG,0.54,0.54,sl,-0.004,0,0.8738,9
2024-01-08 20:00:00,SHORT,0.54,0.54,tp,0.004025,1,0.8302,9
2024-01-09 00:00:00,SHORT,0.53,0.53,sl,-0.003991,0,0.8458,9
2024-01-09 04:00:00,SHORT,0.53,0.53,tp,0.004025,1,0.8012,9
2024-01-09 08:00:00,SHORT,0.52,0.52,tp,0.004025,1,0.8843,9
2024-01-09 12:00:00,SHORT,0.51,0.51,tp,0.004025,1,0.8781,9
2024-01-09 16:00:00,SHORT,0.51,0.5,tp,0.004025,1,0.8356,9
2024-01-09 20:00:00,SHORT,0.51,0.51,sl,-0.003991,0,0.8689,9
2024-01-10 00:00:00,LONG,0.51,0.52,tp,0.004,1,0.8002,9
2024-01-10 04:00:00,LONG,0.51,0.51,tp,0.004,1,0.804,9
2024-01-10 08:00:00,SHORT,0.51,0.51,tp,0.004025,1,0.8583,9
2024-01-10 12:00:00,SHORT,0.51,0.5,tp,0.004025,1,0.8767,9
2024-01-10 16:00:00,SHORT,0.52,0.52,tp,0.004025,1,0.8821,9
2024-01-10 20:00:00,SHORT,0.57,0.56,tp,0.004025,1,0.9159,9
2024-01-11 00:00:00,SHORT,0.58,0.58,tp,0.004025,1,0.911,9
2024-01-11 04:00:00,SHORT,0.58,0.58,sl,-0.003991,0,0.8848,9
2024-01-11 08:00:00,LONG,0.6,0.6,tp,0.004,1,0.8696,9
2024-01-11 12:00:00,LONG,0.58,0.59,tp,0.004,1,0.89,9
2024-01-11 16:00:00,LONG,0.58,0.59,tp,0.004,1,0.7981,9
2024-01-11 20:00:00,SHORT,0.58,0.58,tp,0.004025,1,0.8643,9
2024-01-12 00:00:00,LONG,0.58,0.58,tp,0.004,1,0.8137,9
2024-01-12 04:00:00,LONG,0.58,0.58,tp,0.004,1,0.7952,9
2024-01-12 08:00:00,LONG,0.58,0.58,tp,0.004,1,0.8118,9
2024-01-12 12:00:00,LONG,0.57,0.57,tp,0.004,1,0.8799,9
2024-01-12 16:00:00,LONG,0.56,0.56,tp,0.004,1,0.8747,9
2024-01-12 20:00:00,SHORT,0.55,0.54,tp,0.004025,1,0.8984,9
2024-01-13 00:00:00,LONG,0.55,0.55,tp,0.004,1,0.8399,9
2024-01-13 04:00:00,LONG,0.55,0.55,tp,0.004,1,0.8233,9
2024-01-13 08:00:00,SHORT,0.55,0.55,tp,0.004025,1,0.8421,9
2024-01-13 12:00:00,SHORT,0.55,0.55,tp,0.004025,1,0.8326,9
2024-01-13 16:00:00,SHORT,0.55,0.55,sl,-0.003991,0,0.824,9
2024-01-13 20:00:00,SHORT,0.55,0.55,tp,0.004025,1,0.7896,9
2024-01-14 00:00:00,LONG,0.54,0.55,tp,0.004,1,0.6816,9
2024-01-14 04:00:00,SHORT,0.55,0.54,tp,0.004025,1,0.7589,9
2024-01-14 08:00:00,SHORT,0.54,0.54,tp,0.004025,1,0.7798,9
2024-01-14 12:00:00,SHORT,0.55,0.54,tp,0.004025,1,0.7218,9
2024-01-14 16:00:00,LONG,0.54,0.54,tp,0.004,1,0.7772,9
2024-01-14 20:00:00,LONG,0.53,0.53,tp,0.004,1,0.808,9
2024-01-15 00:00:00,LONG,0.54,0.54,tp,0.004,1,0.7367,9
2024-01-15 04:00:00,LONG,0.54,0.54,tp,0.004,1,0.7369,9
2024-01-15 08:00:00,LONG,0.54,0.53,sl,-0.004,0,0.752,9
2024-01-15 12:00:00,LONG,0.53,0.53,tp,0.004,1,0.7951,9
2024-01-15 16:00:00,SHORT,0.53,0.53,tp,0.004025,1,0.6945,9
2024-01-15 20:00:00,SHORT,0.53,0.53,sl,-0.003991,0,0.8266,9
2024-01-16 00:00:00,LONG,0.54,0.53,sl,-0.004,0,0.6769,9
2024-01-16 04:00:00,SHORT,0.53,0.53,sl,-0.003991,0,0.7471,9
2024-01-16 08:00:00,SHORT,0.54,0.53,tp,0.004025,1,0.7585,9
2024-01-16 12:00:00,SHORT,0.54,0.54,tp,0.004025,1,0.8093,9
2024-01-16 16:00:00,LONG,0.54,0.54,tp,0.004,1,0.6716,9
2024-01-16 20:00:00,SHORT,0.54,0.54,sl,-0.003991,0,0.7384,9
2024-01-17 00:00:00,LONG,0.53,0.53,sl,-0.004,0,0.6938,9
2024-01-17 04:00:00,SHORT,0.53,0.53,sl,-0.003991,0,0.7241,9
2024-01-17 08:00:00,SHORT,0.53,0.53,tp,0.004025,1,0.7483,9
2024-01-17 12:00:00,SHORT,0.53,0.52,tp,0.004025,1,0.7568,9
2024-01-17 16:00:00,SHORT,0.53,0.52,tp,0.004025,1,0.6881,9
2024-01-17 20:00:00,SHORT,0.53,0.53,tp,0.004025,1,0.7405,9
2024-01-18 04:00:00,SHORT,0.52,0.52,tp,0.004025,1,0.7223,9
2024-01-18 08:00:00,SHORT,0.52,0.51,tp,0.004025,1,0.7571,9
2024-01-18 12:00:00,SHORT,0.52,0.52,tp,0.004025,1,0.8082,9
2024-01-18 16:00:00,LONG,0.5,0.5,tp,0.004,1,0.8223,9
2024-01-18 20:00:00,LONG,0.5,0.5,sl,-0.004,0,0.8077,9
2024-01-19 00:00:00,LONG,0.49,0.5,tp,0.004,1,0.8146,9
2024-01-19 04:00:00,LONG,0.5,0.5,sl,-0.004,0,0.8053,9
2024-01-19 08:00:00,LONG,0.5,0.5,sl,-0.004,0,0.6743,9
2024-01-19 12:00:00,LONG,0.49,0.49,tp,0.004,1,0.8262,9
2024-01-19 16:00:00,SHORT,0.5,0.5,tp,0.004025,1,0.7306,9
2024-01-19 20:00:00,SHORT,0.5,0.5,tp,0.004025,1,0.759,9
2024-01-20 00:00:00,SHORT,0.51,0.51,sl,-0.003991,0,0.6609,9
2024-01-20 04:00:00,SHORT,0.51,0.51,tp,0.004025,1,0.7725,9
2024-01-20 08:00:00,SHORT,0.52,0.51,tp,0.004025,1,0.8125,9
2024-01-20 12:00:00,SHORT,0.51,0.51,tp,0.004025,1,0.7544,9
2024-01-20 16:00:00,SHORT,0.51,0.51,sl,-0.003991,0,0.7533,9
2024-01-20 20:00:00,SHORT,0.52,0.51,tp,0.004025,1,0.7896,9
2024-01-21 00:00:00,SHORT,0.52,0.51,tp,0.004025,1,0.6574,9
2024-01-21 08:00:00,LONG,0.52,0.52,tp,0.004,1,0.6604,9
2024-01-22 00:00:00,LONG,0.5,0.5,tp,0.004,1,0.6883,9
2024-01-22 04:00:00,SHORT,0.5,0.5,tp,0.004025,1,0.705,9
2024-01-22 08:00:00,SHORT,0.49,0.49,tp,0.004025,1,0.8148,9
2024-01-22 12:00:00,SHORT,0.5,0.49,tp,0.004025,1,0.7657,9
2024-01-22 16:00:00,LONG,0.48,0.48,tp,0.004,1,0.8387,9
2024-01-22 20:00:00,LONG,0.48,0.48,tp,0.004,1,0.8382,9
2024-01-23 00:00:00,LONG,0.48,0.49,tp,0.004,1,0.7851,9
2024-01-23 04:00:00,LONG,0.48,0.47,sl,-0.004,0,0.8193,9
2024-01-23 08:00:00,SHORT,0.46,0.46,tp,0.004025,1,0.8822,9
2024-01-23 12:00:00,SHORT,0.47,0.47,tp,0.004025,1,0.843,9
2024-01-23 16:00:00,LONG,0.46,0.47,tp,0.004,1,0.8394,9
2024-01-23 20:00:00,LONG,0.48,0.48,sl,-0.004,0,0.776,9
2024-01-24 00:00:00,LONG,0.47,0.47,tp,0.004,1,0.839,9
2024-01-24 04:00:00,LONG,0.47,0.47,tp,0.004,1,0.7459,9
2024-01-24 08:00:00,SHORT,0.47,0.47,tp,0.004025,1,0.8114,9
2024-01-24 12:00:00,SHORT,0.47,0.47,tp,0.004025,1,0.7798,9
2024-01-24 16:00:00,SHORT,0.47,0.47,tp,0.004025,1,0.7302,9
2024-01-24 20:00:00,SHORT,0.48,0.47,tp,0.004025,1,0.7815,9
2024-01-25 00:00:00,LONG,0.47,0.47,tp,0.004,1,0.6773,9
2024-01-25 04:00:00,SHORT,0.47,0.47,tp,0.004025,1,0.7588,9
2024-01-25 08:00:00,SHORT,0.48,0.48,tp,0.004025,1,0.7834,9
2024-01-25 12:00:00,SHORT,0.47,0.46,tp,0.004025,1,0.7602,9
2024-01-25 16:00:00,LONG,0.47,0.47,sl,-0.004,0,0.7563,9
2024-01-25 20:00:00,LONG,0.47,0.47,tp,0.004,1,0.7411,9
2024-01-26 04:00:00,LONG,0.47,0.47,tp,0.004,1,0.6661,9
2024-01-26 08:00:00,LONG,0.48,0.49,tp,0.004,1,0.7557,9
2024-01-26 12:00:00,SHORT,0.49,0.48,tp,0.004025,1,0.7471,9
2024-01-26 16:00:00,LONG,0.48,0.49,tp,0.004,1,0.7196,9
2024-01-26 20:00:00,SHORT,0.48,0.49,sl,-0.003991,0,0.7843,9
2024-01-27 00:00:00,SHORT,0.49,0.48,tp,0.004025,1,0.7697,9
2024-01-27 04:00:00,SHORT,0.48,0.48,tp,0.004025,1,0.7367,9
2024-01-27 08:00:00,SHORT,0.48,0.48,sl,-0.003991,0,0.765,9
2024-01-27 12:00:00,SHORT,0.49,0.49,sl,-0.003991,0,0.6781,9
2024-01-27 16:00:00,SHORT,0.49,0.49,tp,0.004025,1,0.6756,9
2024-01-27 20:00:00,SHORT,0.49,0.49,sl,-0.003991,0,0.704,9
2024-01-28 00:00:00,SHORT,0.5,0.49,tp,0.004025,1,0.6891,9
2024-01-28 04:00:00,SHORT,0.49,0.49,sl,-0.003991,0,0.7438,9
2024-01-28 08:00:00,SHORT,0.5,0.49,tp,0.004025,1,0.791,9
2024-01-28 12:00:00,SHORT,0.49,0.49,tp,0.004025,1,0.7478,9
2024-01-28 20:00:00,SHORT,0.49,0.49,tp,0.004025,1,0.7252,9
2024-01-29 04:00:00,SHORT,0.49,0.49,sl,-0.003991,0,0.6735,9
2024-01-29 08:00:00,SHORT,0.49,0.49,tp,0.004025,1,0.6735,9
2024-01-29 12:00:00,SHORT,0.5,0.5,sl,-0.003991,0,0.7593,9
2024-01-29 16:00:00,LONG,0.52,0.52,tp,0.004,1,0.8231,9
2024-01-29 20:00:00,LONG,0.53,0.53,tp,0.004,1,0.8366,9
2024-01-30 00:00:00,LONG,0.53,0.53,sl,-0.004,0,0.8097,9
2024-01-30 04:00:00,SHORT,0.53,0.53,sl,-0.003991,0,0.7772,9
2024-01-30 08:00:00,SHORT,0.53,0.53,tp,0.004025,1,0.8035,9
2024-01-30 12:00:00,SHORT,0.52,0.52,tp,0.004025,1,0.8239,9
2024-01-30 16:00:00,SHORT,0.52,0.52,tp,0.004025,1,0.703,9
2024-01-30 20:00:00,LONG,0.51,0.51,sl,-0.004,0,0.7862,9
2024-01-31 00:00:00,LONG,0.51,0.51,sl,-0.004,0,0.7661,9
2024-01-31 04:00:00,LONG,0.51,0.51,sl,-0.004,0,0.7357,9
2024-01-31 08:00:00,LONG,0.5,0.5,tp,0.004,1,0.7744,9
2024-01-31 12:00:00,SHORT,0.51,0.51,tp,0.004025,1,0.7421,9
2024-01-31 16:00:00,LONG,0.51,0.51,sl,-0.004,0,0.7388,9
2024-01-31 20:00:00,SHORT,0.5,0.49,tp,0.004025,1,0.7707,9
2024-02-01 00:00:00,LONG,0.49,0.49,sl,-0.004,0,0.7679,9
2024-02-01 04:00:00,LONG,0.49,0.49,tp,0.004,1,0.7712,9
2024-02-01 08:00:00,LONG,0.49,0.49,tp,0.004,1,0.7881,9
2024-02-01 12:00:00,SHORT,0.49,0.49,tp,0.004025,1,0.7662,9
2024-02-01 16:00:00,SHORT,0.5,0.5,sl,-0.003991,0,0.7603,9
2024-02-01 20:00:00,SHORT,0.51,0.51,sl,-0.003991,0,0.7688,9
2024-02-02 00:00:00,SHORT,0.51,0.51,sl,-0.003991,0,0.6619,9
2024-02-02 04:00:00,SHORT,0.51,0.51,sl,-0.003991,0,0.7512,9
2024-02-02 08:00:00,SHORT,0.52,0.52,tp,0.004025,1,0.7955,9
2024-02-02 12:00:00,SHORT,0.52,0.52,tp,0.004025,1,0.805,9
2024-02-02 16:00:00,SHORT,0.51,0.51,sl,-0.003991,0,0.6864,9
2024-02-02 20:00:00,SHORT,0.51,0.52,sl,-0.003991,0,0.7659,9
2024-02-03 00:00:00,SHORT,0.52,0.52,sl,-0.003991,0,0.7121,9
2024-02-03 04:00:00,SHORT,0.52,0.52,sl,-0.003991,0,0.6753,9
2024-02-03 08:00:00,SHORT,0.52,0.52,tp,0.004025,1,0.7372,9
2024-02-03 12:00:00,LONG,0.52,0.52,tp,0.004,1,0.665,9
2024-02-03 16:00:00,SHORT,0.52,0.51,tp,0.004025,1,0.6856,9
2024-02-04 04:00:00,SHORT,0.5,0.51,sl,-0.003991,0,0.7147,9
2024-02-04 08:00:00,SHORT,0.51,0.5,tp,0.004025,1,0.6914,9
2024-02-04 12:00:00,SHORT,0.5,0.5,tp,0.004025,1,0.7128,9
2024-02-04 16:00:00,SHORT,0.5,0.5,tp,0.004025,1,0.6739,9
2024-02-04 20:00:00,LONG,0.49,0.5,tp,0.004,1,0.6674,9
2024-02-05 00:00:00,SHORT,0.5,0.5,sl,-0.003991,0,0.6934,9
2024-02-05 04:00:00,SHORT,0.5,0.5,sl,-0.003991,0,0.7047,9
2024-02-05 08:00:00,SHORT,0.5,0.5,tp,0.004025,1,0.6925,9
2024-02-05 12:00:00,SHORT,0.5,0.49,tp,0.004025,1,0.7569,9
2024-02-05 20:00:00,SHORT,0.49,0.49,tp,0.004025,1,0.7761,9
2024-02-06 00:00:00,SHORT,0.49,0.49,tp,0.004025,1,0.713,9
2024-02-06 04:00:00,SHORT,0.49,0.49,sl,-0.003991,0,0.6543,9
2024-02-06 08:00:00,LONG,0.49,0.5,tp,0.004,1,0.6659,9
2024-02-06 12:00:00,SHORT,0.5,0.5,sl,-0.003991,0,0.7003,9
2024-02-07 04:00:00,LONG,0.48,0.48,sl,-0.004,0,0.7,9
2024-02-07 08:00:00,LONG,0.48,0.48,tp,0.004,1,0.7776,9
2024-02-07 12:00:00,SHORT,0.48,0.48,sl,-0.003991,0,0.7681,9
2024-02-07 16:00:00,LONG,0.49,0.49,tp,0.004,1,0.7044,9
2024-02-07 20:00:00,LONG,0.5,0.5,tp,0.004,1,0.6799,9
2024-02-08 00:00:00,SHORT,0.51,0.51,sl,-0.003991,0,0.7419,9
2024-02-08 04:00:00,LONG,0.53,0.53,tp,0.004,1,0.7872,9
2024-02-08 08:00:00,LONG,0.53,0.53,tp,0.004,1,0.8146,9
2024-02-08 12:00:00,LONG,0.53,0.53,sl,-0.004,0,0.7722,9
2024-02-08 16:00:00,SHORT,0.53,0.53,tp,0.004025,1,0.7174,9
2024-02-08 20:00:00,SHORT,0.53,0.53,sl,-0.003991,0,0.7515,9
2024-02-09 00:00:00,SHORT,0.53,0.53,tp,0.004025,1,0.7757,9
2024-02-09 04:00:00,SHORT,0.54,0.54,sl,-0.003991,0,0.7182,9
2024-02-09 08:00:00,SHORT,0.54,0.54,tp,0.004025,1,0.7483,9
2024-02-09 12:00:00,SHORT,0.54,0.54,tp,0.004025,1,0.7293,9
2024-02-09 16:00:00,SHORT,0.54,0.54,tp,0.004025,1,0.7448,9
2024-02-09 20:00:00,SHORT,0.54,0.54,sl,-0.003991,0,0.7315,9
2024-02-10 00:00:00,SHORT,0.54,0.54,tp,0.004025,1,0.7469,9
2024-02-10 04:00:00,SHORT,0.53,0.53,tp,0.004025,1,0.7529,9
2024-02-10 08:00:00,SHORT,0.53,0.53,sl,-0.003991,0,0.7987,9
2024-02-10 12:00:00,SHORT,0.54,0.54,tp,0.004025,1,0.7532,9
2024-02-10 16:00:00,SHORT,0.54,0.54,sl,-0.003991,0,0.6716,9
2024-02-10 20:00:00,LONG,0.55,0.55,tp,0.004,1,0.8046,9
2024-02-11 00:00:00,LONG,0.56,0.57,tp,0.004,1,0.8193,9
2024-02-11 04:00:00,SHORT,0.56,0.56,tp,0.004025,1,0.7906,9
2024-02-11 08:00:00,SHORT,0.55,0.55,tp,0.004025,1,0.8546,9
2024-02-11 12:00:00,SHORT,0.54,0.54,tp,0.004025,1,0.7459,9
2024-02-11 16:00:00,SHORT,0.54,0.54,tp,0.004025,1,0.6965,9
2024-02-11 20:00:00,SHORT,0.54,0.54,tp,0.004025,1,0.7464,9
2024-02-12 00:00:00,LONG,0.54,0.54,sl,-0.004,0,0.6889,9
2024-02-12 04:00:00,SHORT,0.54,0.53,tp,0.004025,1,0.7212,9
2024-02-12 08:00:00,SHORT,0.53,0.54,sl,-0.003991,0,0.7477,9
2024-02-12 12:00:00,LONG,0.56,0.56,tp,0.004,1,0.7638,9
2024-02-12 16:00:00,LONG,0.55,0.56,tp,0.004,1,0.7654,9
2024-02-12 20:00:00,LONG,0.56,0.56,tp,0.004,1,0.7416,9
2024-02-13 00:00:00,SHORT,0.55,0.55,sl,-0.003991,0,0.7473,9
2024-02-13 04:00:00,SHORT,0.56,0.56,tp,0.004025,1,0.7831,9
2024-02-13 08:00:00,SHORT,0.55,0.55,tp,0.004025,1,0.8303,9
2024-02-13 12:00:00,SHORT,0.54,0.54,tp,0.004025,1,0.7951,9
2024-02-13 16:00:00,LONG,0.54,0.54,tp,0.004,1,0.7455,9
2024-02-13 20:00:00,SHORT,0.54,0.54,tp,0.004025,1,0.7658,9
2024-02-14 04:00:00,LONG,0.55,0.56,tp,0.004,1,0.6821,9
2024-02-14 08:00:00,LONG,0.57,0.58,tp,0.004,1,0.857,9
2024-02-14 12:00:00,LONG,0.57,0.57,sl,-0.004,0,0.8381,9
2024-02-14 16:00:00,SHORT,0.57,0.58,sl,-0.003991,0,0.7999,9
2024-02-14 20:00:00,SHORT,0.58,0.57,tp,0.004025,1,0.8085,9
2024-02-15 00:00:00,SHORT,0.58,0.58,tp,0.004025,1,0.7664,9
2024-02-15 04:00:00,SHORT,0.58,0.57,tp,0.004025,1,0.8356,9
2024-02-15 08:00:00,SHORT,0.59,0.59,sl,-0.003991,0,0.8009,9
2024-02-15 12:00:00,SHORT,0.6,0.6,tp,0.004025,1,0.8468,9
2024-02-15 16:00:00,LONG,0.6,0.61,tp,0.004,1,0.7904,9
2024-02-15 20:00:00,SHORT,0.61,0.61,tp,0.004025,1,0.7877,9
2024-02-16 00:00:00,SHORT,0.61,0.6,tp,0.004025,1,0.745,9
2024-02-16 04:00:00,SHORT,0.6,0.59,tp,0.004025,1,0.7901,9
2024-02-16 08:00:00,SHORT,0.6,0.6,tp,0.004025,1,0.8133,9
2024-02-16 12:00:00,LONG,0.59,0.59,tp,0.004,1,0.8356,9
2024-02-16 16:00:00,LONG,0.59,0.59,tp,0.004,1,0.8078,9
2024-02-16 20:00:00,LONG,0.6,0.6,sl,-0.004,0,0.7709,9
2024-02-17 00:00:00,LONG,0.59,0.59,sl,-0.004,0,0.7334,9
2024-02-17 04:00:00,SHORT,0.59,0.59,tp,0.004025,1,0.6736,9
2024-02-17 08:00:00,SHORT,0.59,0.58,tp,0.004025,1,0.7921,9
2024-02-17 12:00:00,SHORT,0.58,0.58,sl,-0.003991,0,0.7795,9
2024-02-17 16:00:00,SHORT,0.59,0.59,sl,-0.003991,0,0.6942,9
2024-02-17 20:00:00,LONG,0.61,0.61,tp,0.004,1,0.8585,9
2024-02-18 00:00:00,LONG,0.62,0.62,tp,0.004,1,0.812,9
2024-02-18 04:00:00,LONG,0.62,0.63,tp,0.004,1,0.7298,9
2024-02-18 08:00:00,LONG,0.63,0.63,sl,-0.004,0,0.8029,9
2024-02-18 12:00:00,SHORT,0.62,0.62,tp,0.004025,1,0.8008,9
2024-02-18 16:00:00,SHORT,0.62,0.62,tp,0.004025,1,0.7823,9
2024-02-18 20:00:00,SHORT,0.62,0.62,sl,-0.003991,0,0.7747,9
2024-02-19 00:00:00,SHORT,0.62,0.62,sl,-0.003991,0,0.7541,9
2024-02-19 04:00:00,LONG,0.63,0.63,tp,0.004,1,0.7323,9
2024-02-19 08:00:00,SHORT,0.63,0.63,tp,0.004025,1,0.783,9
2024-02-19 12:00:00,SHORT,0.62,0.62,tp,0.004025,1,0.7806,9
2024-02-19 16:00:00,SHORT,0.62,0.62,sl,-0.003991,0,0.7393,9
2024-02-19 20:00:00,SHORT,0.63,0.63,tp,0.004025,1,0.7951,9
2024-02-20 00:00:00,LONG,0.63,0.63,tp,0.004,1,0.6743,9
2024-02-20 04:00:00,SHORT,0.63,0.63,tp,0.004025,1,0.7037,9
2024-02-20 08:00:00,SHORT,0.63,0.63,tp,0.004025,1,0.8214,9
2024-02-20 12:00:00,SHORT,0.61,0.61,tp,0.004025,1,0.8181,9
2024-02-20 16:00:00,SHORT,0.62,0.61,tp,0.004025,1,0.8137,9
2024-02-20 20:00:00,LONG,0.62,0.62,sl,-0.004,0,0.7576,9
2024-02-21 00:00:00,LONG,0.61,0.61,sl,-0.004,0,0.7465,9
2024-02-21 04:00:00,LONG,0.59,0.6,tp,0.004,1,0.8274,9
2024-02-21 08:00:00,LONG,0.59,0.59,tp,0.004,1,0.8603,9
2024-02-21 12:00:00,LONG,0.59,0.59,sl,-0.004,0,0.8171,9
2024-02-21 16:00:00,LONG,0.58,0.59,tp,0.004,1,0.8525,9
2024-02-21 20:00:00,SHORT,0.6,0.6,tp,0.004025,1,0.8165,9
2024-02-22 00:00:00,LONG,0.59,0.59,tp,0.004,1,0.8113,9
2024-02-22 04:00:00,SHORT,0.6,0.6,tp,0.004025,1,0.8097,9
2024-02-22 08:00:00,SHORT,0.6,0.6,tp,0.004025,1,0.7961,9
2024-02-22 12:00:00,SHORT,0.6,0.59,tp,0.004025,1,0.8184,9
2024-02-22 16:00:00,SHORT,0.59,0.59,tp,0.004025,1,0.749,9
2024-02-22 20:00:00,LONG,0.59,0.59,tp,0.004,1,0.8282,9
2024-02-23 00:00:00,LONG,0.59,0.59,tp,0.004,1,0.7779,9
2024-02-23 04:00:00,LONG,0.58,0.59,tp,0.004,1,0.8066,9
2024-02-23 08:00:00,LONG,0.58,0.59,tp,0.004,1,0.7664,9
2024-02-23 12:00:00,LONG,0.58,0.58,tp,0.004,1,0.8013,9
2024-02-23 16:00:00,SHORT,0.59,0.59,tp,0.004025,1,0.7883,9
2024-02-23 20:00:00,LONG,0.58,0.58,sl,-0.004,0,0.7818,9
2024-02-24 00:00:00,LONG,0.58,0.58,tp,0.004,1,0.7839,9
2024-02-24 04:00:00,SHORT,0.59,0.59,sl,-0.003991,0,0.6895,9
2024-02-24 08:00:00,SHORT,0.59,0.59,sl,-0.003991,0,0.7245,9
2024-02-24 12:00:00,SHORT,0.59,0.59,sl,-0.003991,0,0.664,9
2024-02-24 16:00:00,LONG,0.59,0.6,tp,0.004,1,0.6507,9
2024-02-24 20:00:00,SHORT,0.6,0.59,tp,0.004025,1,0.7842,9
2024-02-25 00:00:00,SHORT,0.6,0.59,tp,0.004025,1,0.7004,9
2024-02-25 04:00:00,SHORT,0.59,0.59,tp,0.004025,1,0.662,9
2024-02-25 12:00:00,SHORT,0.58,0.58,tp,0.004025,1,0.6948,9
2024-02-25 20:00:00,LONG,0.59,0.59,sl,-0.004,0,0.6758,9
2024-02-26 08:00:00,SHORT,0.58,0.58,tp,0.004025,1,0.7565,9
2024-02-26 12:00:00,LONG,0.61,0.61,tp,0.004,1,0.8087,9
2024-02-26 16:00:00,LONG,0.62,0.62,tp,0.004,1,0.8093,9
2024-02-26 20:00:00,LONG,0.62,0.62,tp,0.004,1,0.7411,9
2024-02-27 00:00:00,LONG,0.62,0.62,tp,0.004,1,0.7615,9
2024-02-27 04:00:00,LONG,0.62,0.62,tp,0.004,1,0.7826,9
2024-02-27 08:00:00,SHORT,0.62,0.62,tp,0.004025,1,0.7955,9
2024-02-27 12:00:00,LONG,0.61,0.62,tp,0.004,1,0.7836,9
2024-02-27 16:00:00,LONG,0.63,0.62,sl,-0.004,0,0.8071,9
2024-02-27 20:00:00,SHORT,0.62,0.62,tp,0.004025,1,0.805,9
2024-02-28 00:00:00,LONG,0.62,0.62,tp,0.004,1,0.7601,9
2024-02-28 04:00:00,LONG,0.63,0.63,tp,0.004,1,0.7745,9
2024-02-28 08:00:00,LONG,0.63,0.63,tp,0.004,1,0.8061,9
2024-02-28 12:00:00,LONG,0.64,0.64,tp,0.004,1,0.8625,9
2024-02-28 16:00:00,LONG,0.62,0.62,tp,0.004,1,0.8418,9
2024-02-28 20:00:00,SHORT,0.63,0.63,tp,0.004025,1,0.8154,9
2024-02-29 00:00:00,SHORT,0.64,0.64,sl,-0.003991,0,0.8464,9
2024-02-29 04:00:00,LONG,0.68,0.69,tp,0.004,1,0.9064,9
2024-02-29 08:00:00,LONG,0.69,0.69,tp,0.004,1,0.9042,9
2024-02-29 12:00:00,SHORT,0.69,0.69,tp,0.004025,1,0.8552,9
2024-02-29 16:00:00,LONG,0.68,0.67,sl,-0.004,0,0.813,9
2024-02-29 20:00:00,SHORT,0.65,0.66,sl,-0.003991,0,0.8807,9
2024-03-01 00:00:00,LONG,0.67,0.67,sl,-0.004,0,0.8095,9
2024-03-01 04:00:00,LONG,0.66,0.67,tp,0.004,1,0.8312,9
2024-03-01 08:00:00,SHORT,0.69,0.68,tp,0.004025,1,0.8548,9
2024-03-01 12:00:00,LONG,0.68,0.68,tp,0.004,1,0.8684,9
2024-03-01 16:00:00,LONG,0.69,0.69,tp,0.004,1,0.8164,9
2024-03-01 20:00:00,SHORT,0.72,0.72,sl,-0.003991,0,0.8567,9
2024-03-02 00:00:00,LONG,0.76,0.76,tp,0.004,1,0.8902,9
2024-03-02 04:00:00,LONG,0.73,0.74,tp,0.004,1,0.8604,9
2024-03-02 08:00:00,SHORT,0.73,0.73,tp,0.004025,1,0.8837,9
2024-03-02 12:00:00,SHORT,0.73,0.73,tp,0.004025,1,0.8928,9
2024-03-02 16:00:00,SHORT,0.74,0.74,tp,0.004025,1,0.8597,9
2024-03-02 20:00:00,SHORT,0.74,0.74,tp,0.004025,1,0.885,9
2024-03-03 00:00:00,SHORT,0.74,0.74,tp,0.004025,1,0.7983,9
2024-03-03 04:00:00,SHORT,0.71,0.71,tp,0.004025,1,0.907,9
2024-03-03 08:00:00,SHORT,0.73,0.72,tp,0.004025,1,0.8917,9
2024-03-03 12:00:00,SHORT,0.72,0.72,sl,-0.003991,0,0.8182,9
2024-03-03 16:00:00,SHORT,0.73,0.73,sl,-0.003991,0,0.8216,9
2024-03-03 20:00:00,SHORT,0.73,0.72,tp,0.004025,1,0.8033,9
2024-03-04 00:00:00,SHORT,0.75,0.75,tp,0.004025,1,0.8722,9
2024-03-04 04:00:00,LONG,0.78,0.79,tp,0.004,1,0.867,9
2024-03-04 08:00:00,SHORT,0.78,0.78,tp,0.004025,1,0.8717,9
2024-03-04 12:00:00,SHORT,0.79,0.78,tp,0.004025,1,0.8892,9
2024-03-04 16:00:00,SHORT,0.78,0.77,tp,0.004025,1,0.8941,9
2024-03-04 20:00:00,SHORT,0.77,0.77,tp,0.004025,1,0.8848,9
2024-03-05 00:00:00,SHORT,0.77,0.76,tp,0.004025,1,0.8173,9
2024-03-05 04:00:00,LONG,0.75,0.76,tp,0.004,1,0.8328,9
2024-03-05 08:00:00,LONG,0.77,0.77,tp,0.004,1,0.8412,9
2024-03-05 12:00:00,LONG,0.75,0.76,tp,0.004,1,0.8636,9
2024-03-05 16:00:00,SHORT,0.63,0.63,tp,0.004025,1,0.9435,9
2024-03-05 20:00:00,LONG,0.69,0.7,tp,0.004,1,0.922,9
2024-03-06 00:00:00,SHORT,0.68,0.68,sl,-0.003991,0,0.9261,9
2024-03-06 04:00:00,SHORT,0.74,0.73,tp,0.004025,1,0.9424,9
2024-03-06 08:00:00,SHORT,0.73,0.73,tp,0.004025,1,0.9031,9
2024-03-06 12:00:00,SHORT,0.72,0.71,tp,0.004025,1,0.9313,9
2024-03-06 16:00:00,SHORT,0.73,0.72,tp,0.004025,1,0.9135,9
2024-03-06 20:00:00,SHORT,0.73,0.74,sl,-0.003991,0,0.9289,9
2024-03-07 00:00:00,SHORT,0.74,0.73,tp,0.004025,1,0.8845,9
2024-03-07 04:00:00,SHORT,0.74,0.73,tp,0.004025,1,0.8676,9
2024-03-07 08:00:00,SHORT,0.74,0.73,tp,0.004025,1,0.8533,9
2024-03-07 12:00:00,SHORT,0.74,0.74,tp,0.004025,1,0.8761,9
2024-03-07 16:00:00,SHORT,0.75,0.75,tp,0.004025,1,0.8501,9
2024-03-07 20:00:00,SHORT,0.74,0.74,tp,0.004025,1,0.8446,9
2024-03-08 00:00:00,LONG,0.74,0.74,sl,-0.004,0,0.7555,9
2024-03-08 04:00:00,LONG,0.73,0.73,tp,0.004,1,0.7862,9
2024-03-08 08:00:00,SHORT,0.74,0.73,tp,0.004025,1,0.8249,9
2024-03-08 12:00:00,SHORT,0.72,0.71,tp,0.004025,1,0.8949,9
2024-03-08 16:00:00,SHORT,0.72,0.72,tp,0.004025,1,0.8068,9
2024-03-08 20:00:00,SHORT,0.72,0.72,sl,-0.003991,0,0.8243,9
2024-03-09 00:00:00,LONG,0.73,0.73,tp,0.004,1,0.7425,9
2024-03-09 04:00:00,LONG,0.74,0.73,sl,-0.004,0,0.7201,9
2024-03-09 08:00:00,SHORT,0.73,0.73,sl,-0.003991,0,0.7739,9
2024-03-09 12:00:00,SHORT,0.74,0.73,tp,0.004025,1,0.8093,9
2024-03-09 16:00:00,SHORT,0.74,0.74,sl,-0.003991,0,0.7968,9
2024-03-09 20:00:00,SHORT,0.74,0.74,tp,0.004025,1,0.8105,9
2024-03-10 04:00:00,SHORT,0.74,0.73,tp,0.004025,1,0.6734,9
2024-03-10 08:00:00,SHORT,0.73,0.72,tp,0.004025,1,0.7353,9
2024-03-10 12:00:00,LONG,0.72,0.72,tp,0.004,1,0.7741,9
2024-03-10 16:00:00,LONG,0.72,0.72,sl,-0.004,0,0.78,9
2024-03-10 20:00:00,SHORT,0.72,0.71,tp,0.004025,1,0.7503,9
2024-03-11 00:00:00,LONG,0.71,0.72,tp,0.004,1,0.737,9
2024-03-11 04:00:00,SHORT,0.73,0.74,sl,-0.003991,0,0.8006,9
2024-03-11 08:00:00,LONG,0.74,0.74,tp,0.004,1,0.7589,9
2024-03-11 12:00:00,SHORT,0.76,0.75,tp,0.004025,1,0.8531,9
2024-03-11 16:00:00,SHORT,0.77,0.78,sl,-0.003991,0,0.8491,9
2024-03-11 20:00:00,LONG,0.78,0.77,sl,-0.004,0,0.8055,9
2024-03-12 00:00:00,SHORT,0.76,0.75,tp,0.004025,1,0.8585,9
2024-03-12 04:00:00,LONG,0.75,0.75,sl,-0.004,0,0.8248,9
2024-03-12 08:00:00,SHORT,0.75,0.74,tp,0.004025,1,0.8302,9
2024-03-12 12:00:00,SHORT,0.75,0.74,tp,0.004025,1,0.8109,9
2024-03-12 16:00:00,SHORT,0.75,0.74,tp,0.004025,1,0.8171,9
2024-03-12 20:00:00,SHORT,0.75,0.75,sl,-0.003991,0,0.8507,9
2024-03-13 00:00:00,LONG,0.75,0.76,tp,0.004,1,0.7586,9
2024-03-13 04:00:00,SHORT,0.76,0.76,tp,0.004025,1,0.7996,9
2024-03-13 08:00:00,LONG,0.76,0.76,tp,0.004,1,0.7848,9
2024-03-13 12:00:00,SHORT,0.75,0.74,tp,0.004025,1,0.8261,9
2024-03-13 16:00:00,SHORT,0.75,0.75,tp,0.004025,1,0.7793,9
2024-03-13 20:00:00,SHORT,0.76,0.76,tp,0.004025,1,0.8467,9
2024-03-14 00:00:00,SHORT,0.76,0.76,tp,0.004025,1,0.7262,9
2024-03-14 04:00:00,SHORT,0.78,0.78,tp,0.004025,1,0.8097,9
2024-03-14 08:00:00,SHORT,0.79,0.79,tp,0.004025,1,0.8448,9
2024-03-14 12:00:00,LONG,0.75,0.75,tp,0.004,1,0.8507,9
2024-03-14 16:00:00,LONG,0.73,0.73,tp,0.004,1,0.9046,9
2024-03-14 20:00:00,LONG,0.75,0.76,tp,0.004,1,0.8609,9
2024-03-15 00:00:00,LONG,0.72,0.72,tp,0.004,1,0.8985,9
2024-03-15 04:00:00,LONG,0.72,0.72,sl,-0.004,0,0.8816,9
2024-03-15 08:00:00,SHORT,0.7,0.7,tp,0.004025,1,0.9252,9
2024-03-15 12:00:00,LONG,0.72,0.72,tp,0.004,1,0.8672,9
2024-03-15 16:00:00,LONG,0.72,0.72,tp,0.004,1,0.8612,9
2024-03-15 20:00:00,SHORT,0.73,0.72,tp,0.004025,1,0.8673,9
2024-03-16 00:00:00,LONG,0.72,0.73,tp,0.004,1,0.7424,9
2024-03-16 04:00:00,SHORT,0.73,0.73,tp,0.004025,1,0.8601,9
2024-03-16 08:00:00,SHORT,0.72,0.71,tp,0.004025,1,0.8677,9
2024-03-16 12:00:00,SHORT,0.7,0.7,tp,0.004025,1,0.8618,9
2024-03-16 16:00:00,SHORT,0.67,0.66,tp,0.004025,1,0.9157,9
2024-03-16 20:00:00,SHORT,0.66,0.66,tp,0.004025,1,0.9155,9
2024-03-17 00:00:00,SHORT,0.67,0.67,tp,0.004025,1,0.8878,9
2024-03-17 04:00:00,SHORT,0.65,0.65,sl,-0.003991,0,0.9448,9
2024-03-17 08:00:00,LONG,0.68,0.68,tp,0.004,1,0.909,9
2024-03-17 12:00:00,SHORT,0.68,0.68,tp,0.004025,1,0.8852,9
2024-03-17 16:00:00,SHORT,0.68,0.68,tp,0.004025,1,0.8739,9
2024-03-17 20:00:00,SHORT,0.68,0.68,tp,0.004025,1,0.8666,9
2024-03-18 00:00:00,SHORT,0.67,0.67,tp,0.004025,1,0.8425,9
2024-03-18 04:00:00,SHORT,0.69,0.68,tp,0.004025,1,0.9057,9
2024-03-18 08:00:00,SHORT,0.68,0.68,tp,0.004025,1,0.8907,9
2024-03-18 12:00:00,SHORT,0.66,0.66,tp,0.004025,1,0.8918,9
2024-03-18 16:00:00,LONG,0.65,0.65,tp,0.004,1,0.9075,9
2024-03-18 20:00:00,LONG,0.66,0.66,tp,0.004,1,0.8675,9
2024-03-19 00:00:00,SHORT,0.63,0.63,tp,0.004025,1,0.9092,9
2024-03-19 04:00:00,SHORT,0.63,0.62,tp,0.004025,1,0.9383,9
2024-03-19 08:00:00,SHORT,0.62,0.61,tp,0.004025,1,0.9475,9
2024-03-19 12:00:00,SHORT,0.63,0.62,tp,0.004025,1,0.9189,9
2024-03-19 16:00:00,LONG,0.62,0.61,sl,-0.004,0,0.8887,9
2024-03-19 20:00:00,SHORT,0.59,0.59,sl,-0.003991,0,0.9424,9
2024-03-20 00:00:00,LONG,0.59,0.59,tp,0.004,1,0.8869,9
2024-03-20 04:00:00,SHORT,0.61,0.61,tp,0.004025,1,0.9321,9
2024-03-20 08:00:00,LONG,0.61,0.61,tp,0.004,1,0.844,9
2024-03-20 12:00:00,LONG,0.6,0.6,tp,0.004,1,0.8935,9
2024-03-20 16:00:00,SHORT,0.63,0.63,sl,-0.003991,0,0.9335,9
2024-03-20 20:00:00,SHORT,0.64,0.64,tp,0.004025,1,0.8967,9
2024-03-21 00:00:00,SHORT,0.64,0.63,tp,0.004025,1,0.8396,9
2024-03-21 04:00:00,SHORT,0.63,0.63,sl,-0.003991,0,0.8386,9
2024-03-21 08:00:00,SHORT,0.63,0.63,tp,0.004025,1,0.8521,9
2024-03-21 12:00:00,SHORT,0.64,0.63,tp,0.004025,1,0.8678,9
2024-03-21 16:00:00,SHORT,0.63,0.63,tp,0.004025,1,0.7982,9
2024-03-21 20:00:00,SHORT,0.63,0.63,tp,0.004025,1,0.8155,9
2024-03-22 00:00:00,SHORT,0.63,0.64,sl,-0.003991,0,0.7494,9
2024-03-22 04:00:00,SHORT,0.64,0.64,tp,0.004025,1,0.8027,9
2024-03-22 08:00:00,LONG,0.62,0.62,tp,0.004,1,0.8306,9
2024-03-22 12:00:00,SHORT,0.62,0.61,tp,0.004025,1,0.8711,9
2024-03-22 16:00:00,SHORT,0.61,0.61,tp,0.004025,1,0.8157,9
2024-03-22 20:00:00,SHORT,0.61,0.61,tp,0.004025,1,0.8567,9
2024-03-23 00:00:00,LONG,0.62,0.62,tp,0.004,1,0.7791,9
2024-03-23 04:00:00,SHORT,0.63,0.63,sl,-0.003991,0,0.7417,9
2024-03-23 08:00:00,SHORT,0.63,0.63,sl,-0.003991,0,0.7577,9
2024-03-23 12:00:00,SHORT,0.63,0.63,tp,0.004025,1,0.7206,9
2024-03-23 16:00:00,LONG,0.63,0.63,sl,-0.004,0,0.6954,9
2024-03-23 20:00:00,LONG,0.62,0.63,tp,0.004,1,0.6954,9
2024-03-24 00:00:00,LONG,0.63,0.63,tp,0.004,1,0.6688,9
2024-03-24 04:00:00,SHORT,0.64,0.64,sl,-0.003991,0,0.7346,9
2024-03-24 08:00:00,SHORT,0.64,0.64,sl,-0.003991,0,0.6811,9
2024-03-24 12:00:00,SHORT,0.63,0.63,tp,0.004025,1,0.6878,9
2024-03-24 16:00:00,SHORT,0.63,0.63,sl,-0.003991,0,0.6761,9
2024-03-24 20:00:00,SHORT,0.65,0.64,tp,0.004025,1,0.7963,9
2024-03-25 00:00:00,SHORT,0.65,0.64,tp,0.004025,1,0.8014,9
2024-03-25 04:00:00,SHORT,0.64,0.64,sl,-0.003991,0,0.6986,9
2024-03-25 08:00:00,SHORT,0.64,0.64,tp,0.004025,1,0.705,9
2024-03-25 12:00:00,SHORT,0.66,0.66,sl,-0.003991,0,0.7744,9
2024-03-25 16:00:00,LONG,0.67,0.66,sl,-0.004,0,0.7947,9
2024-03-25 20:00:00,SHORT,0.66,0.66,sl,-0.003991,0,0.7995,9
2024-03-26 00:00:00,SHORT,0.67,0.67,sl,-0.003991,0,0.7635,9
2024-03-26 04:00:00,SHORT,0.67,0.67,sl,-0.003991,0,0.7627,9
2024-03-26 08:00:00,SHORT,0.68,0.67,tp,0.004025,1,0.7597,9
2024-03-26 12:00:00,SHORT,0.66,0.66,tp,0.004025,1,0.7972,9
2024-03-26 16:00:00,LONG,0.66,0.66,tp,0.004,1,0.7845,9
2024-03-26 20:00:00,LONG,0.67,0.67,tp,0.004,1,0.7348,9
2024-03-27 00:00:00,LONG,0.66,0.66,sl,-0.004,0,0.7117,9
2024-03-27 04:00:00,LONG,0.65,0.65,tp,0.004,1,0.7641,9
2024-03-27 08:00:00,SHORT,0.66,0.65,tp,0.004025,1,0.8081,9
2024-03-27 12:00:00,LONG,0.63,0.64,tp,0.004,1,0.8336,9
2024-03-27 16:00:00,LONG,0.65,0.65,tp,0.004,1,0.7686,9
2024-03-27 20:00:00,LONG,0.65,0.65,tp,0.004,1,0.7658,9
2024-03-28 00:00:00,LONG,0.64,0.64,tp,0.004,1,0.7639,9
2024-03-28 04:00:00,SHORT,0.65,0.65,tp,0.004025,1,0.7435,9
2024-03-28 08:00:00,SHORT,0.65,0.65,tp,0.004025,1,0.7839,9
2024-03-28 12:00:00,SHORT,0.65,0.65,tp,0.004025,1,0.8052,9
2024-03-28 16:00:00,SHORT,0.65,0.65,tp,0.004025,1,0.6944,9
2024-03-28 20:00:00,SHORT,0.65,0.65,tp,0.004025,1,0.7311,9
2024-03-29 00:00:00,SHORT,0.65,0.64,tp,0.004025,1,0.6594,9
2024-03-29 04:00:00,SHORT,0.64,0.64,sl,-0.003991,0,0.7415,9
2024-03-29 08:00:00,SHORT,0.65,0.65,tp,0.004025,1,0.7256,9
2024-03-29 12:00:00,LONG,0.65,0.65,tp,0.004,1,0.7166,9
2024-03-29 16:00:00,LONG,0.65,0.65,tp,0.004,1,0.6752,9
2024-03-29 20:00:00,SHORT,0.66,0.66,tp,0.004025,1,0.788,9
