entry_time,direction,entry,exit,exit_type,pnl_pct,win,prob,fold
2022-04-01 00:40:00,SHORT,0.83,0.83,tp,0.004025,1,0.7798,2
2022-04-01 01:15:00,SHORT,0.83,0.82,tp,0.004025,1,0.7311,2
2022-04-04 16:25:00,LONG,0.82,0.82,tp,0.004,1,0.6631,2
2022-04-05 17:25:00,SHORT,0.84,0.83,tp,0.004025,1,0.6654,2
2022-04-06 01:20:00,SHORT,0.81,0.81,sl,-0.003991,0,0.7238,2
2022-04-06 12:05:00,LONG,0.79,0.8,tp,0.004,1,0.6779,2
2022-04-06 14:30:00,SHORT,0.78,0.78,tp,0.004025,1,0.6534,2
2022-04-06 15:15:00,LONG,0.77,0.78,tp,0.004,1,0.6561,2
2022-04-06 18:00:00,SHORT,0.78,0.77,tp,0.004025,1,0.6526,2
2022-04-06 19:30:00,LONG,0.77,0.77,tp,0.004,1,0.6695,2
2022-04-06 20:05:00,SHORT,0.78,0.78,sl,-0.003991,0,0.6946,2
2022-04-06 20:30:00,SHORT,0.78,0.78,sl,-0.003991,0,0.6912,2
2022-04-06 21:30:00,SHORT,0.78,0.78,tp,0.004025,1,0.6795,2
2022-04-07 00:35:00,SHORT,0.77,0.77,tp,0.004025,1,0.6813,2
2022-04-07 02:00:00,SHORT,0.77,0.77,tp,0.004025,1,0.6723,2
2022-04-07 02:35:00,SHORT,0.77,0.76,tp,0.004025,1,0.6928,2
2022-04-07 03:00:00,SHORT,0.77,0.77,tp,0.004025,1,0.729,2
2022-04-07 11:40:00,SHORT,0.79,0.78,tp,0.004025,1,0.6959,2
2022-04-08 00:15:00,SHORT,0.79,0.79,timeout,-0.001368,0,0.6691,2
2022-04-08 13:25:00,LONG,0.76,0.77,tp,0.004,1,0.6853,2
2022-04-11 09:30:00,LONG,0.72,0.72,tp,0.004,1,0.6614,2
2022-04-11 10:00:00,LONG,0.71,0.71,tp,0.004,1,0.6601,2
2022-04-11 10:55:00,SHORT,0.72,0.72,tp,0.004025,1,0.6646,2
2022-04-11 20:05:00,LONG,0.7,0.7,tp,0.004,1,0.6511,2
2022-04-11 22:40:00,SHORT,0.7,0.7,sl,-0.003991,0,0.6959,2
2022-04-12 00:15:00,SHORT,0.7,0.7,sl,-0.003991,0,0.6636,2
2022-04-12 01:30:00,SHORT,0.7,0.7,tp,0.004025,1,0.6532,2
2022-04-12 07:35:00,LONG,0.7,0.71,tp,0.004,1,0.657,2
2022-04-12 19:05:00,LONG,0.7,0.69,sl,-0.004,0,0.6918,2
2022-04-12 19:30:00,LONG,0.69,0.7,tp,0.004,1,0.6623,2
2022-04-13 00:10:00,SHORT,0.72,0.71,tp,0.004025,1,0.7105,2
2022-04-14 23:30:00,SHORT,0.73,0.73,sl,-0.003991,0,0.6593,2
2022-04-15 00:00:00,SHORT,0.73,0.73,sl,-0.003991,0,0.6689,2
2022-04-15 01:15:00,SHORT,0.74,0.74,sl,-0.003991,0,0.6765,2
2022-04-15 02:40:00,SHORT,0.76,0.76,sl,-0.003991,0,0.7338,2
2022-04-15 02:55:00,SHORT,0.76,0.76,sl,-0.003991,0,0.7227,2
2022-04-15 03:15:00,SHORT,0.77,0.77,tp,0.004025,1,0.6968,2
2022-04-15 04:05:00,SHORT,0.79,0.79,tp,0.004025,1,0.681,2
2022-04-15 09:10:00,SHORT,0.78,0.78,tp,0.004025,1,0.715,2
2022-04-15 09:50:00,SHORT,0.78,0.77,tp,0.004025,1,0.6558,2
2022-04-15 10:40:00,SHORT,0.78,0.78,tp,0.004025,1,0.658,2
2022-04-15 11:10:00,SHORT,0.78,0.78,tp,0.004025,1,0.7151,2
2022-04-15 15:45:00,SHORT,0.78,0.77,tp,0.004025,1,0.6566,2
2022-04-15 17:05:00,SHORT,0.78,0.77,timeout,0.001743,1,0.6744,2
2022-04-15 17:55:00,SHORT,0.78,0.78,sl,-0.003991,0,0.6636,2
2022-04-15 22:20:00,SHORT,0.78,0.78,tp,0.004025,1,0.6698,2
2022-04-15 22:40:00,SHORT,0.78,0.78,tp,0.004025,1,0.6722,2
2022-04-15 23:45:00,SHORT,0.79,0.78,tp,0.004025,1,0.6556,2
2022-04-16 00:50:00,SHORT,0.8,0.79,tp,0.004025,1,0.7512,2
2022-04-16 01:15:00,SHORT,0.8,0.79,tp,0.004025,1,0.7294,2
2022-04-16 01:35:00,SHORT,0.8,0.79,tp,0.004025,1,0.6694,2
2022-04-18 00:15:00,LONG,0.75,0.75,sl,-0.004,0,0.6623,2
2022-04-18 00:35:00,LONG,0.74,0.75,tp,0.004,1,0.684,2
2022-04-18 04:20:00,LONG,0.73,0.73,tp,0.004,1,0.6582,2
2022-04-20 15:00:00,LONG,0.76,0.75,sl,-0.004,0,0.6676,2
2022-04-20 15:15:00,LONG,0.75,0.76,tp,0.004,1,0.6723,2
2022-04-20 18:25:00,LONG,0.75,0.74,sl,-0.004,0,0.6719,2
2022-04-20 18:40:00,LONG,0.74,0.75,tp,0.004,1,0.6848,2
2022-04-21 15:10:00,SHORT,0.77,0.76,tp,0.004025,1,0.6519,2
2022-04-21 23:00:00,SHORT,0.73,0.73,sl,-0.003991,0,0.656,2
2022-04-22 00:35:00,SHORT,0.73,0.73,tp,0.004025,1,0.6995,2
2022-04-22 15:00:00,LONG,0.72,0.72,tp,0.004,1,0.6614,2
2022-04-22 15:40:00,LONG,0.72,0.72,tp,0.004,1,0.6694,2
2022-04-22 16:30:00,SHORT,0.73,0.73,tp,0.004025,1,0.7549,2
2022-04-22 17:15:00,SHORT,0.73,0.73,tp,0.004025,1,0.6835,2
2022-04-22 20:15:00,SHORT,0.73,0.73,tp,0.004025,1,0.6512,2
2022-04-25 00:20:00,SHORT,0.68,0.68,tp,0.004025,1,0.6595,2
2022-04-25 08:25:00,LONG,0.65,0.65,tp,0.004,1,0.682,2
2022-04-25 11:45:00,SHORT,0.66,0.67,sl,-0.003991,0,0.6976,2
2022-04-25 12:00:00,SHORT,0.67,0.67,sl,-0.003991,0,0.7425,2
2022-04-25 12:20:00,SHORT,0.67,0.67,tp,0.004025,1,0.767,2
2022-04-25 13:35:00,SHORT,0.67,0.67,sl,-0.003991,0,0.6676,2
2022-04-25 14:30:00,SHORT,0.67,0.67,timeout,0.001135,1,0.7299,2
2022-04-25 15:10:00,SHORT,0.67,0.67,tp,0.004025,1,0.6941,2
2022-04-25 16:45:00,SHORT,0.68,0.68,tp,0.004025,1,0.7454,2
2022-04-25 17:20:00,SHORT,0.68,0.67,tp,0.004025,1,0.6538,2
2022-04-26 00:40:00,SHORT,0.7,0.7,sl,-0.003991,0,0.68,2
2022-04-26 01:15:00,SHORT,0.7,0.7,sl,-0.003991,0,0.6784,2
2022-04-26 14:15:00,LONG,0.66,0.66,sl,-0.004,0,0.6928,2
2022-04-26 20:10:00,LONG,0.64,0.64,tp,0.004,1,0.6751,2
2022-04-26 20:50:00,LONG,0.65,0.65,tp,0.004,1,0.6552,2
2022-04-26 21:10:00,SHORT,0.65,0.65,sl,-0.003991,0,0.6779,2
2022-04-26 23:15:00,LONG,0.63,0.63,tp,0.004,1,0.6888,2
2022-04-27 00:10:00,SHORT,0.64,0.65,sl,-0.003991,0,0.6591,2
2022-04-27 00:35:00,SHORT,0.65,0.64,tp,0.004025,1,0.7275,2
2022-04-27 01:35:00,SHORT,0.65,0.65,sl,-0.003991,0,0.7719,2
2022-04-27 02:10:00,SHORT,0.65,0.65,tp,0.004025,1,0.7066,2
2022-04-27 02:25:00,SHORT,0.65,0.65,tp,0.004025,1,0.6575,2
2022-04-27 14:45:00,SHORT,0.65,0.64,tp,0.004025,1,0.6824,2
2022-04-27 17:10:00,SHORT,0.65,0.65,tp,0.004025,1,0.6651,2
2022-04-29 10:00:00,LONG,0.63,0.63,sl,-0.004,0,0.6505,2
2022-04-29 10:45:00,LONG,0.61,0.62,tp,0.004,1,0.6881,2
2022-04-29 16:40:00,LONG,0.61,0.61,tp,0.004,1,0.6742,2
2022-04-29 18:20:00,LONG,0.61,0.61,tp,0.004,1,0.6669,2
2022-04-29 19:10:00,LONG,0.6,0.61,tp,0.004,1,0.6509,2
2022-04-29 19:50:00,LONG,0.6,0.6,tp,0.004,1,0.6772,2
2022-04-29 23:45:00,SHORT,0.61,0.61,sl,-0.003991,0,0.6588,2
2022-04-30 00:25:00,SHORT,0.62,0.61,tp,0.004025,1,0.6717,2
2022-04-30 22:00:00,LONG,0.61,0.61,tp,0.004,1,0.669,2
2022-04-30 23:05:00,LONG,0.57,0.58,tp,0.004,1,0.6792,2
2022-04-30 23:50:00,SHORT,0.59,0.59,sl,-0.003991,0,0.6987,2
2022-05-01 01:00:00,SHORT,0.59,0.58,tp,0.004025,1,0.7591,2
2022-05-01 01:50:00,SHORT,0.59,0.59,tp,0.004025,1,0.7208,2
2022-05-01 03:05:00,SHORT,0.59,0.59,sl,-0.003991,0,0.7131,2
2022-05-01 03:50:00,SHORT,0.59,0.59,tp,0.004025,1,0.7059,2
2022-05-01 06:30:00,LONG,0.59,0.59,sl,-0.004,0,0.6743,2
2022-05-01 15:50:00,SHORT,0.6,0.61,sl,-0.003991,0,0.6791,2
2022-05-01 17:05:00,SHORT,0.61,0.61,tp,0.004025,1,0.7439,2
2022-05-01 22:10:00,SHORT,0.61,0.6,tp,0.004025,1,0.6968,2
2022-05-01 23:25:00,SHORT,0.61,0.61,tp,0.004025,1,0.7218,2
2022-05-02 00:35:00,SHORT,0.62,0.62,sl,-0.003991,0,0.7138,2
2022-05-02 01:10:00,SHORT,0.62,0.62,tp,0.004025,1,0.7672,2
2022-05-02 08:35:00,LONG,0.62,0.62,timeout,0.002343,1,0.6651,2
2022-05-02 15:10:00,SHORT,0.61,0.61,tp,0.004025,1,0.7106,2
2022-05-02 18:40:00,LONG,0.6,0.6,tp,0.004,1,0.6664,2
2022-05-02 23:30:00,SHORT,0.62,0.61,tp,0.004025,1,0.6658,2
2022-05-02 23:40:00,LONG,0.61,0.62,tp,0.004,1,0.6542,2
2022-05-03 00:10:00,SHORT,0.62,0.62,sl,-0.003991,0,0.6677,2
2022-05-03 00:50:00,SHORT,0.62,0.62,tp,0.004025,1,0.6651,2
2022-05-03 19:45:00,LONG,0.6,0.6,tp,0.004,1,0.6626,2
2022-05-03 20:05:00,LONG,0.6,0.6,tp,0.004,1,0.7024,2
2022-05-04 00:05:00,SHORT,0.61,0.61,sl,-0.003991,0,0.6992,2
2022-05-04 18:50:00,SHORT,0.65,0.64,tp,0.004025,1,0.7383,2
2022-05-04 19:35:00,SHORT,0.64,0.64,tp,0.004025,1,0.7321,2
2022-05-04 20:10:00,SHORT,0.64,0.64,sl,-0.003991,0,0.6601,2
2022-05-04 21:00:00,SHORT,0.65,0.64,tp,0.004025,1,0.6983,2
2022-05-05 01:05:00,SHORT,0.65,0.66,sl,-0.003991,0,0.7037,2
2022-05-05 01:30:00,SHORT,0.65,0.65,tp,0.004025,1,0.6693,2
2022-05-05 15:35:00,SHORT,0.6,0.61,sl,-0.003991,0,0.6678,2
2022-05-05 16:00:00,SHORT,0.6,0.6,tp,0.004025,1,0.7589,2
2022-05-05 16:20:00,SHORT,0.6,0.6,tp,0.004025,1,0.6608,2
2022-05-05 16:40:00,SHORT,0.6,0.6,timeout,-0.001667,0,0.7136,2
2022-05-05 17:00:00,SHORT,0.6,0.6,tp,0.004025,1,0.7205,2
2022-05-05 17:35:00,SHORT,0.6,0.6,tp,0.004025,1,0.6515,2
2022-05-05 18:20:00,LONG,0.59,0.59,tp,0.004,1,0.6816,2
2022-05-05 19:55:00,SHORT,0.59,0.59,tp,0.004025,1,0.7565,2
2022-05-05 21:25:00,SHORT,0.6,0.6,tp,0.004025,1,0.786,2
2022-05-05 22:10:00,SHORT,0.6,0.59,tp,0.004025,1,0.674,2
2022-05-05 23:35:00,SHORT,0.6,0.6,tp,0.004025,1,0.7397,2
2022-05-06 00:40:00,SHORT,0.6,0.6,tp,0.004025,1,0.7374,2
2022-05-06 01:15:00,SHORT,0.61,0.61,tp,0.004025,1,0.7615,2
2022-05-06 02:05:00,SHORT,0.61,0.61,sl,-0.003991,0,0.6824,2
2022-05-06 02:50:00,SHORT,0.61,0.61,sl,-0.003991,0,0.704,2
2022-05-06 03:30:00,SHORT,0.61,0.61,tp,0.004025,1,0.7076,2
2022-05-06 04:35:00,LONG,0.6,0.6,tp,0.004,1,0.684,2
2022-05-06 11:10:00,LONG,0.59,0.6,tp,0.004,1,0.6802,2
2022-05-06 11:25:00,LONG,0.6,0.6,tp,0.004,1,0.6641,2
2022-05-06 12:00:00,SHORT,0.6,0.6,tp,0.004025,1,0.6564,2
2022-05-06 15:20:00,SHORT,0.6,0.6,tp,0.004025,1,0.7557,2
2022-05-06 22:30:00,SHORT,0.6,0.6,sl,-0.003991,0,0.6579,2
2022-05-07 21:55:00,LONG,0.58,0.58,tp,0.004,1,0.6797,2
2022-05-07 22:50:00,LONG,0.57,0.57,tp,0.004,1,0.6673,2
2022-05-07 23:50:00,SHORT,0.58,0.58,tp,0.004025,1,0.6881,2
2022-05-08 00:10:00,SHORT,0.58,0.58,tp,0.004025,1,0.6632,2
2022-05-08 05:00:00,LONG,0.57,0.57,tp,0.004,1,0.6571,2
2022-05-08 19:15:00,SHORT,0.57,0.57,tp,0.004025,1,0.673,2
2022-05-08 19:45:00,SHORT,0.57,0.57,tp,0.004025,1,0.6866,2
2022-05-09 03:20:00,SHORT,0.57,0.57,tp,0.004025,1,0.6617,2
2022-05-09 08:20:00,LONG,0.54,0.54,sl,-0.004,0,0.6931,2
2022-05-09 08:55:00,SHORT,0.55,0.55,sl,-0.003991,0,0.6606,2
2022-05-09 09:10:00,SHORT,0.55,0.55,tp,0.004025,1,0.6611,2
2022-05-09 10:45:00,LONG,0.53,0.53,tp,0.004,1,0.6697,2
2022-05-09 11:55:00,SHORT,0.54,0.53,tp,0.004025,1,0.7026,2
2022-05-09 12:40:00,SHORT,0.54,0.54,tp,0.004025,1,0.6989,2
2022-05-09 13:10:00,SHORT,0.54,0.53,tp,0.004025,1,0.7375,2
2022-05-09 13:25:00,LONG,0.53,0.53,tp,0.004,1,0.6685,2
2022-05-09 13:35:00,SHORT,0.55,0.54,tp,0.004025,1,0.6689,2
2022-05-09 15:30:00,LONG,0.52,0.53,tp,0.004,1,0.687,2
2022-05-09 18:40:00,LONG,0.47,0.48,tp,0.004,1,0.7374,2
2022-05-09 18:50:00,SHORT,0.49,0.49,tp,0.004025,1,0.714,2
2022-05-09 19:05:00,LONG,0.49,0.49,tp,0.004,1,0.6819,2
2022-05-09 19:15:00,SHORT,0.49,0.49,tp,0.004025,1,0.6764,2
2022-05-09 20:10:00,SHORT,0.51,0.51,tp,0.004025,1,0.7871,2
2022-05-09 20:50:00,SHORT,0.5,0.5,tp,0.004025,1,0.7574,2
2022-05-09 21:25:00,SHORT,0.51,0.51,sl,-0.003991,0,0.7363,2
2022-05-09 21:55:00,LONG,0.5,0.5,tp,0.004,1,0.6568,2
2022-05-09 22:15:00,SHORT,0.51,0.51,tp,0.004025,1,0.729,2
2022-05-09 22:25:00,LONG,0.51,0.51,tp,0.004,1,0.6628,2
2022-05-09 22:35:00,SHORT,0.51,0.51,tp,0.004025,1,0.7096,2
2022-05-09 23:40:00,LONG,0.49,0.49,tp,0.004,1,0.7107,2
2022-05-10 00:30:00,LONG,0.48,0.48,tp,0.004,1,0.6886,2
2022-05-10 00:45:00,SHORT,0.5,0.49,tp,0.004025,1,0.7239,2
2022-05-10 01:05:00,SHORT,0.51,0.5,tp,0.004025,1,0.7485,2
2022-05-10 01:15:00,LONG,0.5,0.5,tp,0.004,1,0.6644,2
2022-05-10 01:25:00,SHORT,0.51,0.5,tp,0.004025,1,0.7582,2
2022-05-10 02:25:00,SHORT,0.5,0.5,tp,0.004025,1,0.712,2
2022-05-10 02:45:00,SHORT,0.51,0.5,tp,0.004025,1,0.7417,2
2022-05-10 04:05:00,SHORT,0.51,0.5,tp,0.004025,1,0.7,2
2022-05-10 05:05:00,SHORT,0.51,0.51,tp,0.004025,1,0.7101,2
2022-05-10 05:45:00,SHORT,0.52,0.52,tp,0.004025,1,0.7265,2
2022-05-10 06:35:00,SHORT,0.53,0.53,tp,0.004025,1,0.7643,2
2022-05-10 09:15:00,SHORT,0.52,0.52,tp,0.004025,1,0.6573,2
2022-05-10 09:30:00,LONG,0.52,0.52,tp,0.004,1,0.6753,2
2022-05-10 10:00:00,LONG,0.52,0.52,tp,0.004,1,0.6986,2
2022-05-10 10:35:00,LONG,0.52,0.52,tp,0.004,1,0.6958,2
2022-05-10 11:40:00,SHORT,0.53,0.53,tp,0.004025,1,0.7624,2
2022-05-10 12:35:00,SHORT,0.53,0.53,tp,0.004025,1,0.7509,2
2022-05-10 13:00:00,SHORT,0.54,0.53,tp,0.004025,1,0.7498,2
2022-05-10 13:45:00,LONG,0.52,0.52,tp,0.004,1,0.6702,2
2022-05-10 15:10:00,LONG,0.51,0.51,tp,0.004,1,0.6779,2
2022-05-10 15:35:00,SHORT,0.52,0.52,tp,0.004025,1,0.6612,2
2022-05-10 16:00:00,SHORT,0.52,0.52,tp,0.004025,1,0.7108,2
2022-05-10 17:40:00,SHORT,0.52,0.52,sl,-0.003991,0,0.7043,2
2022-05-10 19:50:00,SHORT,0.52,0.52,tp,0.004025,1,0.7315,2
2022-05-10 21:55:00,LONG,0.5,0.5,tp,0.004,1,0.6929,2
2022-05-10 22:10:00,SHORT,0.51,0.5,tp,0.004025,1,0.6664,2
2022-05-10 22:35:00,LONG,0.5,0.5,tp,0.004,1,0.6744,2
2022-05-10 23:10:00,SHORT,0.51,0.51,sl,-0.003991,0,0.7262,2
2022-05-10 23:25:00,SHORT,0.52,0.51,tp,0.004025,1,0.7325,2
2022-05-11 00:20:00,SHORT,0.52,0.52,tp,0.004025,1,0.7579,2
2022-05-11 02:25:00,SHORT,0.52,0.52,sl,-0.003991,0,0.6715,2
2022-05-11 02:55:00,SHORT,0.52,0.52,sl,-0.003991,0,0.6881,2
2022-05-11 04:30:00,SHORT,0.52,0.52,sl,-0.003991,0,0.6503,2
2022-05-11 07:05:00,LONG,0.5,0.5,tp,0.004,1,0.7044,2
2022-05-11 07:35:00,LONG,0.49,0.49,tp,0.004,1,0.7199,2
2022-05-11 08:15:00,SHORT,0.5,0.51,sl,-0.003991,0,0.7004,2
2022-05-11 09:05:00,SHORT,0.51,0.51,tp,0.004025,1,0.7012,2
2022-05-11 09:10:00,LONG,0.51,0.51,tp,0.004,1,0.6678,2
2022-05-11 09:30:00,SHORT,0.52,0.51,tp,0.004025,1,0.7591,2
2022-05-11 10:10:00,SHORT,0.52,0.51,tp,0.004025,1,0.7379,2
2022-05-11 11:55:00,LONG,0.49,0.49,tp,0.004,1,0.6797,2
2022-05-11 12:50:00,LONG,0.42,0.42,tp,0.004,1,0.6665,2
2022-05-11 13:05:00,SHORT,0.43,0.42,tp,0.004025,1,0.6612,2
2022-05-11 13:50:00,SHORT,0.47,0.47,tp,0.004025,1,0.6552,2
2022-05-11 14:45:00,SHORT,0.47,0.47,tp,0.004025,1,0.6926,2
2022-05-11 15:15:00,LONG,0.45,0.45,tp,0.004,1,0.6995,2
2022-05-11 16:10:00,LONG,0.44,0.44,tp,0.004,1,0.6874,2
2022-05-11 16:30:00,LONG,0.43,0.44,tp,0.004,1,0.7033,2
2022-05-11 17:00:00,LONG,0.43,0.43,tp,0.004,1,0.6831,2
2022-05-11 17:15:00,SHORT,0.44,0.43,tp,0.004025,1,0.68,2
2022-05-11 17:50:00,SHORT,0.43,0.43,tp,0.004025,1,0.6755,2
2022-05-11 18:25:00,SHORT,0.43,0.43,tp,0.004025,1,0.6788,2
2022-05-11 19:20:00,LONG,0.41,0.42,tp,0.004,1,0.7305,2
2022-05-11 19:40:00,LONG,0.41,0.41,sl,-0.004,0,0.7146,2
2022-05-11 20:00:00,SHORT,0.42,0.42,tp,0.004025,1,0.6867,2
2022-05-11 20:30:00,LONG,0.41,0.41,tp,0.004,1,0.7166,2
2022-05-11 20:40:00,SHORT,0.41,0.41,tp,0.004025,1,0.6588,2
2022-05-11 21:25:00,LONG,0.38,0.38,tp,0.004,1,0.7048,2
2022-05-11 22:15:00,SHORT,0.42,0.41,tp,0.004025,1,0.7326,2
2022-05-11 22:45:00,LONG,0.4,0.41,tp,0.004,1,0.6954,2
2022-05-11 22:50:00,SHORT,0.42,0.41,tp,0.004025,1,0.7735,2
2022-05-11 23:05:00,SHORT,0.41,0.41,tp,0.004025,1,0.7704,2
2022-05-12 00:25:00,SHORT,0.42,0.42,tp,0.004025,1,0.7853,2
2022-05-12 00:40:00,SHORT,0.43,0.42,tp,0.004025,1,0.7808,2
2022-05-12 03:10:00,LONG,0.39,0.39,tp,0.004,1,0.6876,2
2022-05-12 03:30:00,SHORT,0.39,0.39,tp,0.004025,1,0.7215,2
2022-05-12 05:15:00,SHORT,0.36,0.35,tp,0.004025,1,0.6833,2
2022-05-12 05:30:00,SHORT,0.37,0.36,tp,0.004025,1,0.7315,2
2022-05-12 06:05:00,SHORT,0.37,0.37,tp,0.004025,1,0.7547,2
2022-05-12 06:30:00,SHORT,0.39,0.38,tp,0.004025,1,0.7612,2
2022-05-12 07:50:00,SHORT,0.38,0.38,tp,0.004025,1,0.7735,2
2022-05-12 08:05:00,LONG,0.37,0.38,tp,0.004,1,0.6797,2
2022-05-12 08:40:00,LONG,0.37,0.37,tp,0.004,1,0.6596,2
2022-05-12 09:10:00,LONG,0.37,0.37,tp,0.004,1,0.6679,2
2022-05-12 09:25:00,SHORT,0.38,0.38,tp,0.004025,1,0.7351,2
2022-05-12 10:05:00,SHORT,0.38,0.38,tp,0.004025,1,0.7054,2
2022-05-12 10:50:00,SHORT,0.38,0.38,tp,0.004025,1,0.7737,2
2022-05-12 11:20:00,SHORT,0.39,0.39,tp,0.004025,1,0.7995,2
2022-05-12 12:10:00,LONG,0.37,0.37,sl,-0.004,0,0.6601,2
2022-05-12 12:25:00,LONG,0.37,0.37,tp,0.004,1,0.6808,2
2022-05-12 13:05:00,SHORT,0.38,0.38,sl,-0.003991,0,0.736,2
2022-05-12 14:00:00,LONG,0.37,0.37,tp,0.004,1,0.6781,2
2022-05-12 15:10:00,SHORT,0.39,0.39,tp,0.004025,1,0.7512,2
2022-05-12 15:35:00,SHORT,0.39,0.39,tp,0.004025,1,0.7628,2
2022-05-12 16:30:00,SHORT,0.4,0.4,tp,0.004025,1,0.7638,2
2022-05-12 17:00:00,SHORT,0.4,0.4,tp,0.004025,1,0.7383,2
2022-05-12 17:30:00,SHORT,0.39,0.39,tp,0.004025,1,0.7296,2
2022-05-12 18:05:00,LONG,0.38,0.39,tp,0.004,1,0.7149,2
2022-05-12 18:40:00,LONG,0.38,0.38,sl,-0.004,0,0.6669,2
2022-05-12 20:00:00,SHORT,0.39,0.39,tp,0.004025,1,0.6955,2
2022-05-12 20:25:00,SHORT,0.39,0.39,tp,0.004025,1,0.7568,2
2022-05-12 21:35:00,LONG,0.37,0.37,tp,0.004,1,0.7158,2
2022-05-12 22:20:00,LONG,0.37,0.37,tp,0.004,1,0.713,2
2022-05-12 23:10:00,SHORT,0.38,0.38,sl,-0.003991,0,0.7369,2
2022-05-12 23:45:00,SHORT,0.39,0.39,tp,0.004025,1,0.7861,2
2022-05-13 00:30:00,SHORT,0.39,0.39,tp,0.004025,1,0.7912,2
2022-05-13 01:40:00,SHORT,0.4,0.4,tp,0.004025,1,0.7088,2
2022-05-13 02:10:00,SHORT,0.41,0.41,tp,0.004025,1,0.7411,2
2022-05-13 03:25:00,SHORT,0.43,0.43,tp,0.004025,1,0.6965,2
2022-05-13 03:35:00,LONG,0.43,0.43,tp,0.004,1,0.6564,2
2022-05-13 03:55:00,SHORT,0.45,0.44,tp,0.004025,1,0.7711,2
2022-05-13 05:20:00,SHORT,0.46,0.46,sl,-0.003991,0,0.7686,2
2022-05-13 05:45:00,SHORT,0.46,0.46,tp,0.004025,1,0.7663,2
2022-05-13 07:55:00,LONG,0.43,0.43,tp,0.004,1,0.6927,2
2022-05-13 11:00:00,SHORT,0.45,0.45,sl,-0.003991,0,0.6811,2
2022-05-13 11:55:00,SHORT,0.45,0.45,tp,0.004025,1,0.7565,2
2022-05-13 12:30:00,SHORT,0.45,0.45,tp,0.004025,1,0.7443,2
2022-05-13 12:55:00,SHORT,0.45,0.45,tp,0.004025,1,0.706,2
2022-05-13 14:00:00,SHORT,0.45,0.45,tp,0.004025,1,0.7251,2
2022-05-13 14:15:00,LONG,0.45,0.45,tp,0.004,1,0.6542,2
2022-05-13 14:25:00,SHORT,0.45,0.45,sl,-0.003991,0,0.6976,2
2022-05-13 15:00:00,LONG,0.44,0.44,sl,-0.004,0,0.674,2
2022-05-13 16:50:00,LONG,0.43,0.43,tp,0.004,1,0.6934,2
2022-05-13 18:00:00,LONG,0.42,0.42,tp,0.004,1,0.7109,2
2022-05-13 18:25:00,LONG,0.42,0.42,tp,0.004,1,0.6862,2
2022-05-13 18:45:00,LONG,0.42,0.42,tp,0.004,1,0.6845,2
2022-05-13 18:55:00,SHORT,0.43,0.42,tp,0.004025,1,0.6709,2
2022-05-13 19:25:00,SHORT,0.43,0.43,tp,0.004025,1,0.749,2
2022-05-13 21:00:00,SHORT,0.43,0.43,sl,-0.003991,0,0.7384,2
2022-05-13 22:00:00,SHORT,0.44,0.44,tp,0.004025,1,0.7866,2
2022-05-13 22:30:00,SHORT,0.44,0.43,tp,0.004025,1,0.737,2
2022-05-14 00:55:00,SHORT,0.43,0.43,tp,0.004025,1,0.7777,2
2022-05-14 01:30:00,SHORT,0.44,0.44,tp,0.004025,1,0.7846,2
2022-05-14 01:45:00,SHORT,0.44,0.44,tp,0.004025,1,0.7668,2
2022-05-14 04:15:00,SHORT,0.44,0.43,tp,0.004025,1,0.7294,2
2022-05-14 07:10:00,SHORT,0.43,0.43,tp,0.004025,1,0.672,2
2022-05-14 08:45:00,SHORT,0.43,0.43,sl,-0.003991,0,0.6956,2
2022-05-14 10:20:00,LONG,0.42,0.42,tp,0.004,1,0.7025,2
2022-05-14 11:30:00,LONG,0.41,0.41,tp,0.004,1,0.7013,2
2022-05-14 12:15:00,LONG,0.41,0.41,tp,0.004,1,0.6828,2
2022-05-14 12:25:00,SHORT,0.41,0.41,tp,0.004025,1,0.7046,2
2022-05-14 12:40:00,LONG,0.41,0.41,tp,0.004,1,0.697,2
2022-05-14 14:40:00,SHORT,0.4,0.4,sl,-0.003991,0,0.6863,2
2022-05-14 15:10:00,SHORT,0.4,0.4,tp,0.004025,1,0.6954,2
2022-05-14 16:30:00,SHORT,0.42,0.41,tp,0.004025,1,0.7575,2
2022-05-14 16:50:00,SHORT,0.42,0.42,tp,0.004025,1,0.6997,2
2022-05-14 18:10:00,SHORT,0.42,0.42,tp,0.004025,1,0.7839,2
2022-05-14 19:05:00,SHORT,0.42,0.41,tp,0.004025,1,0.7052,2
2022-05-14 20:15:00,SHORT,0.42,0.41,tp,0.004025,1,0.7434,2
2022-05-14 21:45:00,SHORT,0.43,0.42,tp,0.004025,1,0.7564,2
2022-05-14 22:50:00,SHORT,0.43,0.43,sl,-0.003991,0,0.6963,2
2022-05-14 23:40:00,SHORT,0.43,0.43,tp,0.004025,1,0.7786,2
2022-05-15 01:35:00,LONG,0.42,0.42,tp,0.004,1,0.6578,2
2022-05-15 02:35:00,LONG,0.42,0.42,tp,0.004,1,0.7029,2
2022-05-15 06:20:00,SHORT,0.42,0.42,tp,0.004025,1,0.6528,2
2022-05-15 11:30:00,SHORT,0.43,0.43,sl,-0.003991,0,0.723,2
2022-05-15 12:05:00,SHORT,0.43,0.43,sl,-0.003991,0,0.7391,2
2022-05-15 12:20:00,SHORT,0.43,0.43,tp,0.004025,1,0.669,2
2022-05-15 12:45:00,SHORT,0.43,0.43,tp,0.004025,1,0.7507,2
2022-05-15 13:15:00,SHORT,0.43,0.43,tp,0.004025,1,0.7124,2
2022-05-15 14:20:00,LONG,0.42,0.42,tp,0.004,1,0.6887,2
2022-05-15 14:45:00,SHORT,0.43,0.43,sl,-0.003991,0,0.6603,2
2022-05-15 15:05:00,SHORT,0.43,0.43,tp,0.004025,1,0.6588,2
2022-05-15 16:00:00,SHORT,0.43,0.43,tp,0.004025,1,0.7345,2
2022-05-15 20:20:00,SHORT,0.44,0.44,tp,0.004025,1,0.7583,2
2022-05-15 21:05:00,SHORT,0.44,0.44,tp,0.004025,1,0.7057,2
2022-05-15 21:40:00,SHORT,0.44,0.44,sl,-0.003991,0,0.6666,2
2022-05-15 22:00:00,SHORT,0.45,0.45,tp,0.004025,1,0.7661,2
2022-05-15 22:20:00,SHORT,0.45,0.45,tp,0.004025,1,0.7743,2
2022-05-15 22:45:00,SHORT,0.45,0.44,tp,0.004025,1,0.7115,2
2022-05-16 01:00:00,SHORT,0.45,0.44,tp,0.004025,1,0.6769,2
2022-05-16 03:20:00,LONG,0.43,0.43,sl,-0.004,0,0.7103,2
2022-05-16 03:45:00,LONG,0.43,0.43,tp,0.004,1,0.7007,2
2022-05-16 04:05:00,LONG,0.43,0.43,tp,0.004,1,0.7052,2
2022-05-16 04:30:00,LONG,0.43,0.43,tp,0.004,1,0.7079,2
2022-05-16 06:30:00,LONG,0.41,0.41,tp,0.004,1,0.6976,2
2022-05-16 06:50:00,LONG,0.41,0.41,tp,0.004,1,0.6906,2
2022-05-16 07:45:00,SHORT,0.42,0.42,sl,-0.003991,0,0.684,2
2022-05-16 08:20:00,SHORT,0.42,0.42,sl,-0.003991,0,0.7391,2
2022-05-16 08:40:00,SHORT,0.42,0.42,tp,0.004025,1,0.7762,2
2022-05-16 09:20:00,LONG,0.41,0.42,tp,0.004,1,0.6575,2
2022-05-16 09:50:00,SHORT,0.42,0.42,tp,0.004025,1,0.6505,2
2022-05-16 10:55:00,SHORT,0.42,0.42,tp,0.004025,1,0.6997,2
2022-05-16 12:30:00,SHORT,0.42,0.42,tp,0.004025,1,0.7082,2
2022-05-16 13:00:00,SHORT,0.42,0.42,tp,0.004025,1,0.703,2
2022-05-16 18:10:00,SHORT,0.42,0.42,sl,-0.003991,0,0.7151,2
2022-05-16 18:30:00,SHORT,0.42,0.42,sl,-0.003991,0,0.6555,2
2022-05-16 20:45:00,SHORT,0.43,0.43,tp,0.004025,1,0.6591,2
2022-05-16 21:05:00,SHORT,0.43,0.43,tp,0.004025,1,0.6547,2
2022-05-16 22:00:00,SHORT,0.43,0.43,sl,-0.003991,0,0.6746,2
2022-05-16 22:15:00,SHORT,0.43,0.43,tp,0.004025,1,0.704,2
2022-05-17 00:15:00,SHORT,0.43,0.43,tp,0.004025,1,0.7441,2
2022-05-17 12:20:00,SHORT,0.43,0.44,sl,-0.003991,0,0.6759,2
2022-05-17 14:40:00,LONG,0.43,0.43,tp,0.004,1,0.6518,2
2022-05-17 17:20:00,SHORT,0.43,0.43,tp,0.004025,1,0.7181,2
2022-05-17 19:05:00,SHORT,0.43,0.43,sl,-0.003991,0,0.6849,2
2022-05-17 19:30:00,SHORT,0.43,0.43,tp,0.004025,1,0.6999,2
2022-05-17 20:45:00,SHORT,0.43,0.44,sl,-0.003991,0,0.7208,2
2022-05-17 21:10:00,SHORT,0.43,0.44,sl,-0.003991,0,0.6844,2
2022-05-17 22:05:00,SHORT,0.44,0.44,tp,0.004025,1,0.7355,2
2022-05-17 22:35:00,SHORT,0.44,0.44,sl,-0.003991,0,0.695,2
2022-05-17 23:25:00,SHORT,0.44,0.44,tp,0.004025,1,0.703,2
2022-05-18 00:05:00,SHORT,0.44,0.44,sl,-0.003991,0,0.7121,2
2022-05-18 00:30:00,SHORT,0.44,0.44,tp,0.004025,1,0.7454,2
2022-05-18 04:15:00,LONG,0.43,0.43,tp,0.004,1,0.6744,2
2022-05-18 07:30:00,LONG,0.42,0.43,tp,0.004,1,0.6671,2
2022-05-18 08:00:00,SHORT,0.43,0.43,tp,0.004025,1,0.6503,2
2022-05-18 12:50:00,LONG,0.42,0.42,tp,0.004,1,0.6633,2
2022-05-18 13:40:00,LONG,0.42,0.42,tp,0.004,1,0.6956,2
2022-05-18 15:20:00,LONG,0.41,0.41,tp,0.004,1,0.6742,2
2022-05-18 16:15:00,SHORT,0.41,0.41,tp,0.004025,1,0.6549,2
2022-05-18 17:35:00,SHORT,0.41,0.41,tp,0.004025,1,0.7106,2
2022-05-18 18:30:00,SHORT,0.41,0.41,sl,-0.003991,0,0.6525,2
2022-05-18 21:20:00,SHORT,0.42,0.41,tp,0.004025,1,0.6654,2
2022-05-19 00:35:00,SHORT,0.41,0.41,tp,0.004025,1,0.7208,2
2022-05-19 01:15:00,SHORT,0.41,0.41,tp,0.004025,1,0.7598,2
2022-05-19 02:30:00,SHORT,0.4,0.4,sl,-0.003991,0,0.6701,2
2022-05-19 02:45:00,SHORT,0.4,0.41,sl,-0.003991,0,0.6639,2
2022-05-19 03:05:00,SHORT,0.41,0.41,sl,-0.003991,0,0.6944,2
2022-05-19 03:50:00,SHORT,0.41,0.41,sl,-0.003991,0,0.6679,2
2022-05-19 04:15:00,SHORT,0.41,0.41,tp,0.004025,1,0.7517,2
2022-05-19 06:20:00,LONG,0.4,0.41,tp,0.004,1,0.6752,2
2022-05-19 08:50:00,LONG,0.4,0.4,tp,0.004,1,0.6578,2
2022-05-19 10:30:00,LONG,0.4,0.4,tp,0.004,1,0.651,2
2022-05-19 12:25:00,SHORT,0.41,0.41,sl,-0.003991,0,0.6779,2
2022-05-19 13:10:00,SHORT,0.41,0.41,sl,-0.003991,0,0.7625,2
2022-05-19 13:35:00,SHORT,0.42,0.41,tp,0.004025,1,0.7296,2
2022-05-19 14:20:00,SHORT,0.42,0.41,tp,0.004025,1,0.6829,2
2022-05-19 18:35:00,SHORT,0.42,0.42,sl,-0.003991,0,0.6594,2
2022-05-19 23:45:00,SHORT,0.42,0.42,tp,0.004025,1,0.7412,2
2022-05-20 00:55:00,SHORT,0.43,0.42,tp,0.004025,1,0.767,2
2022-05-20 01:35:00,SHORT,0.43,0.43,tp,0.004025,1,0.7507,2
2022-05-20 02:35:00,SHORT,0.43,0.43,tp,0.004025,1,0.6517,2
2022-05-20 03:10:00,SHORT,0.43,0.43,sl,-0.003991,0,0.6721,2
2022-05-20 04:05:00,SHORT,0.44,0.44,sl,-0.003991,0,0.7113,2
2022-05-20 04:55:00,SHORT,0.43,0.43,tp,0.004025,1,0.6813,2
2022-05-20 05:40:00,SHORT,0.43,0.44,sl,-0.003991,0,0.7052,2
2022-05-20 06:10:00,SHORT,0.44,0.44,tp,0.004025,1,0.7445,2
2022-05-20 07:00:00,LONG,0.43,0.43,tp,0.004,1,0.6519,2
2022-05-20 08:00:00,LONG,0.43,0.43,tp,0.004,1,0.6503,2
2022-05-20 08:40:00,SHORT,0.43,0.43,tp,0.004025,1,0.679,2
2022-05-20 14:35:00,LONG,0.42,0.42,tp,0.004,1,0.6773,2
2022-05-20 17:00:00,LONG,0.41,0.4,sl,-0.004,0,0.6555,2
2022-05-20 17:50:00,SHORT,0.4,0.4,tp,0.004025,1,0.6506,2
2022-05-20 19:40:00,SHORT,0.41,0.41,sl,-0.003991,0,0.6664,2
2022-05-20 19:55:00,SHORT,0.41,0.41,sl,-0.003991,0,0.7113,2
2022-05-20 21:05:00,SHORT,0.41,0.41,sl,-0.003991,0,0.6589,2
2022-05-20 22:05:00,SHORT,0.41,0.41,sl,-0.003991,0,0.7102,2
2022-05-21 01:25:00,LONG,0.4,0.41,tp,0.004,1,0.6758,2
2022-05-21 12:45:00,SHORT,0.41,0.41,sl,-0.003991,0,0.6762,2
2022-05-22 22:05:00,SHORT,0.42,0.42,sl,-0.003991,0,0.6674,2
2022-05-22 23:25:00,SHORT,0.42,0.42,tp,0.004025,1,0.6642,2
2022-05-23 23:15:00,LONG,0.4,0.4,tp,0.004,1,0.6545,2
2022-05-24 00:15:00,SHORT,0.41,0.41,sl,-0.003991,0,0.6715,2
2022-05-24 15:45:00,SHORT,0.41,0.41,sl,-0.003991,0,0.6842,2
2022-05-24 16:40:00,SHORT,0.4,0.4,tp,0.004025,1,0.6708,2
2022-05-24 18:10:00,SHORT,0.4,0.4,tp,0.004025,1,0.684,2
2022-05-24 22:35:00,SHORT,0.41,0.41,sl,-0.003991,0,0.6609,2
2022-05-24 23:10:00,SHORT,0.41,0.41,tp,0.004025,1,0.6504,2
2022-05-25 11:10:00,LONG,0.4,0.4,tp,0.004,1,0.6983,2
2022-05-25 11:30:00,LONG,0.4,0.4,tp,0.004,1,0.7018,2
2022-05-25 13:00:00,SHORT,0.41,0.41,tp,0.004025,1,0.7605,2
2022-05-25 13:20:00,SHORT,0.41,0.4,tp,0.004025,1,0.7525,2
2022-05-25 13:35:00,SHORT,0.41,0.4,tp,0.004025,1,0.7524,2
2022-05-25 14:15:00,SHORT,0.41,0.4,tp,0.004025,1,0.7283,2
2022-05-25 19:00:00,SHORT,0.41,0.41,tp,0.004025,1,0.6662,2
2022-05-26 06:45:00,LONG,0.4,0.4,sl,-0.004,0,0.6769,2
2022-05-26 07:40:00,LONG,0.4,0.4,sl,-0.004,0,0.6801,2
2022-05-26 09:15:00,SHORT,0.39,0.39,sl,-0.003991,0,0.67,2
2022-05-26 11:45:00,SHORT,0.39,0.39,sl,-0.003991,0,0.6609,2
2022-05-26 12:10:00,SHORT,0.39,0.39,tp,0.004025,1,0.7539,2
2022-05-26 13:30:00,SHORT,0.38,0.39,sl,-0.003991,0,0.7062,2
2022-05-26 13:45:00,SHORT,0.39,0.39,tp,0.004025,1,0.7425,2
2022-05-26 14:10:00,SHORT,0.39,0.39,tp,0.004025,1,0.7417,2
2022-05-26 15:20:00,SHORT,0.39,0.39,tp,0.004025,1,0.6823,2
2022-05-26 16:20:00,SHORT,0.4,0.4,tp,0.004025,1,0.6688,2
2022-05-26 17:30:00,SHORT,0.4,0.39,tp,0.004025,1,0.6703,2
2022-05-26 21:05:00,SHORT,0.4,0.4,tp,0.004025,1,0.7317,2
2022-05-26 22:10:00,SHORT,0.4,0.4,tp,0.004025,1,0.7174,2
2022-05-27 02:00:00,LONG,0.39,0.39,tp,0.004,1,0.6911,2
2022-05-27 02:20:00,SHORT,0.39,0.39,tp,0.004025,1,0.6889,2
2022-05-27 03:30:00,SHORT,0.4,0.4,tp,0.004025,1,0.6678,2
2022-05-27 03:50:00,SHORT,0.4,0.4,tp,0.004025,1,0.6979,2
2022-05-27 04:15:00,SHORT,0.4,0.4,tp,0.004025,1,0.686,2
2022-05-27 06:05:00,LONG,0.39,0.39,tp,0.004,1,0.6503,2
2022-05-27 06:45:00,SHORT,0.4,0.39,tp,0.004025,1,0.6526,2
2022-05-27 07:25:00,SHORT,0.4,0.4,tp,0.004025,1,0.674,2
2022-05-27 09:55:00,SHORT,0.4,0.39,tp,0.004025,1,0.6664,2
2022-05-27 11:55:00,SHORT,0.39,0.39,tp,0.004025,1,0.6644,2
2022-05-27 12:40:00,SHORT,0.4,0.39,tp,0.004025,1,0.7114,2
2022-05-27 13:35:00,SHORT,0.39,0.4,sl,-0.003991,0,0.6601,2
2022-05-27 16:50:00,LONG,0.39,0.39,tp,0.004,1,0.674,2
2022-05-27 18:40:00,LONG,0.38,0.38,tp,0.004,1,0.6785,2
2022-05-27 20:05:00,SHORT,0.38,0.39,sl,-0.003991,0,0.7171,2
2022-05-27 20:20:00,SHORT,0.39,0.38,tp,0.004025,1,0.7421,2
2022-05-27 23:00:00,SHORT,0.38,0.38,tp,0.004025,1,0.7306,2
2022-05-28 00:15:00,SHORT,0.38,0.39,sl,-0.003991,0,0.6665,2
2022-05-30 20:25:00,SHORT,0.41,0.41,sl,-0.003991,0,0.6642,2
2022-05-30 21:20:00,SHORT,0.41,0.41,tp,0.004025,1,0.6636,2
2022-05-31 00:05:00,SHORT,0.42,0.42,tp,0.004025,1,0.6893,2
2022-05-31 01:00:00,SHORT,0.42,0.42,sl,-0.003991,0,0.6684,2
2022-05-31 05:20:00,SHORT,0.43,0.43,tp,0.004025,1,0.7847,2
2022-05-31 07:15:00,LONG,0.42,0.42,tp,0.004,1,0.6529,2
2022-05-31 08:00:00,SHORT,0.42,0.42,tp,0.004025,1,0.6735,2
2022-05-31 08:50:00,SHORT,0.42,0.42,tp,0.004025,1,0.6621,2
2022-05-31 12:15:00,SHORT,0.42,0.42,tp,0.004025,1,0.691,2
2022-05-31 12:50:00,LONG,0.42,0.42,tp,0.004,1,0.6587,2
2022-05-31 13:25:00,SHORT,0.42,0.42,tp,0.004025,1,0.6911,2
2022-05-31 14:05:00,LONG,0.41,0.41,tp,0.004,1,0.6636,2
2022-05-31 16:00:00,SHORT,0.42,0.42,tp,0.004025,1,0.6911,2
2022-05-31 16:40:00,SHORT,0.42,0.41,tp,0.004025,1,0.6665,2
2022-05-31 17:30:00,SHORT,0.41,0.42,sl,-0.003991,0,0.6782,2
2022-06-01 00:55:00,SHORT,0.43,0.42,tp,0.004025,1,0.7246,2
2022-06-01 01:30:00,SHORT,0.42,0.42,tp,0.004025,1,0.7377,2
2022-06-01 01:55:00,SHORT,0.42,0.42,tp,0.004025,1,0.6711,2
2022-06-01 16:25:00,LONG,0.41,0.4,sl,-0.004,0,0.6856,2
2022-06-01 16:45:00,LONG,0.4,0.4,sl,-0.004,0,0.6984,2
2022-06-01 17:20:00,LONG,0.4,0.4,tp,0.004,1,0.6756,2
2022-06-01 22:45:00,SHORT,0.4,0.4,sl,-0.003991,0,0.669,2
2022-06-01 23:05:00,SHORT,0.4,0.4,tp,0.004025,1,0.7368,2
2022-06-01 23:50:00,SHORT,0.4,0.4,sl,-0.003991,0,0.6686,2
2022-06-02 00:05:00,SHORT,0.4,0.4,tp,0.004025,1,0.7415,2
2022-06-02 13:40:00,SHORT,0.4,0.4,tp,0.004025,1,0.7033,2
2022-06-02 15:20:00,SHORT,0.4,0.4,timeout,0.001753,1,0.6603,2
2022-06-02 17:35:00,SHORT,0.4,0.4,sl,-0.003991,0,0.6579,2
2022-06-07 01:50:00,LONG,0.39,0.39,sl,-0.004,0,0.6923,2
2022-06-07 19:10:00,SHORT,0.41,0.41,sl,-0.003991,0,0.6852,2
2022-06-07 20:05:00,SHORT,0.42,0.42,sl,-0.003991,0,0.6587,2
2022-06-07 21:50:00,SHORT,0.41,0.41,tp,0.004025,1,0.6914,2
2022-06-07 21:55:00,LONG,0.41,0.41,tp,0.004,1,0.6751,2
2022-06-07 23:15:00,LONG,0.41,0.41,tp,0.004,1,0.6776,2
2022-06-08 00:30:00,SHORT,0.41,0.41,tp,0.004025,1,0.7121,2
2022-06-08 04:05:00,LONG,0.4,0.4,tp,0.004,1,0.6703,2
2022-06-08 16:10:00,SHORT,0.4,0.4,tp,0.004025,1,0.6503,2
2022-06-10 13:00:00,SHORT,0.39,0.39,tp,0.004025,1,0.6731,2
2022-06-10 13:45:00,SHORT,0.39,0.39,tp,0.004025,1,0.6752,2
2022-06-10 16:25:00,LONG,0.38,0.38,tp,0.004,1,0.6566,2
2022-06-11 13:00:00,LONG,0.37,0.37,sl,-0.004,0,0.6907,2
2022-06-11 15:20:00,LONG,0.36,0.36,tp,0.004,1,0.6668,2
2022-06-11 16:15:00,LONG,0.36,0.36,tp,0.004,1,0.6971,2
2022-06-11 16:50:00,SHORT,0.36,0.36,tp,0.004025,1,0.6735,2
2022-06-11 18:35:00,SHORT,0.37,0.37,tp,0.004025,1,0.7016,2
2022-06-12 01:55:00,LONG,0.35,0.35,sl,-0.004,0,0.6674,2
2022-06-12 02:40:00,LONG,0.34,0.34,tp,0.004,1,0.6803,2
2022-06-12 02:55:00,LONG,0.34,0.34,tp,0.004,1,0.6902,2
2022-06-12 04:05:00,SHORT,0.35,0.34,tp,0.004025,1,0.6667,2
2022-06-12 05:45:00,SHORT,0.35,0.34,tp,0.004025,1,0.6982,2
2022-06-12 06:30:00,SHORT,0.35,0.34,tp,0.004025,1,0.6643,2
2022-06-12 07:55:00,SHORT,0.35,0.35,sl,-0.003991,0,0.7472,2
2022-06-12 08:30:00,SHORT,0.35,0.35,tp,0.004025,1,0.6688,2
2022-06-12 09:15:00,SHORT,0.35,0.35,tp,0.004025,1,0.7071,2
2022-06-12 11:50:00,SHORT,0.35,0.35,sl,-0.003991,0,0.6567,2
2022-06-12 14:15:00,LONG,0.34,0.34,tp,0.004,1,0.7212,2
2022-06-12 14:30:00,SHORT,0.35,0.35,sl,-0.003991,0,0.6567,2
2022-06-12 15:30:00,SHORT,0.37,0.36,tp,0.004025,1,0.7599,2
2022-06-12 16:15:00,SHORT,0.36,0.36,tp,0.004025,1,0.7218,2
2022-06-12 17:15:00,SHORT,0.36,0.36,tp,0.004025,1,0.6789,2
2022-06-12 18:15:00,SHORT,0.36,0.36,tp,0.004025,1,0.7012,2
2022-06-12 19:55:00,LONG,0.35,0.35,tp,0.004,1,0.6606,2
2022-06-13 00:30:00,SHORT,0.35,0.35,tp,0.004025,1,0.7359,2
2022-06-13 00:55:00,LONG,0.34,0.34,tp,0.004,1,0.6952,2
2022-06-13 02:40:00,SHORT,0.34,0.33,tp,0.004025,1,0.6792,2
2022-06-13 04:25:00,SHORT,0.34,0.33,tp,0.004025,1,0.6883,2
2022-06-13 05:15:00,SHORT,0.33,0.33,tp,0.004025,1,0.6652,2
2022-06-13 06:45:00,LONG,0.32,0.32,tp,0.004,1,0.68,2
2022-06-13 07:15:00,SHORT,0.33,0.32,tp,0.004025,1,0.6529,2
2022-06-13 07:40:00,LONG,0.32,0.32,tp,0.004,1,0.6784,2
2022-06-13 08:00:00,SHORT,0.32,0.32,tp,0.004025,1,0.7281,2
2022-06-13 08:30:00,SHORT,0.32,0.32,tp,0.004025,1,0.7484,2
2022-06-13 09:15:00,SHORT,0.32,0.31,tp,0.004025,1,0.7083,2
2022-06-13 10:05:00,SHORT,0.32,0.32,tp,0.004025,1,0.7367,2
2022-06-13 10:35:00,SHORT,0.32,0.32,sl,-0.003991,0,0.7005,2
2022-06-13 11:30:00,SHORT,0.31,0.31,sl,-0.003991,0,0.7002,2
2022-06-13 13:10:00,SHORT,0.31,0.31,tp,0.004025,1,0.6948,2
2022-06-13 13:30:00,SHORT,0.32,0.31,tp,0.004025,1,0.7275,2
2022-06-13 14:20:00,LONG,0.31,0.31,tp,0.004,1,0.7005,2
2022-06-13 14:30:00,SHORT,0.31,0.31,tp,0.004025,1,0.6792,2
2022-06-13 14:50:00,LONG,0.31,0.31,tp,0.004,1,0.6675,2
2022-06-13 16:10:00,SHORT,0.32,0.32,tp,0.004025,1,0.7128,2
2022-06-13 16:35:00,SHORT,0.32,0.32,tp,0.004025,1,0.76,2
2022-06-13 17:55:00,SHORT,0.32,0.32,sl,-0.003991,0,0.7006,2
2022-06-13 19:15:00,SHORT,0.32,0.32,sl,-0.003991,0,0.673,2
2022-06-13 21:00:00,SHORT,0.32,0.32,tp,0.004025,1,0.7138,2
2022-06-13 21:10:00,LONG,0.32,0.32,sl,-0.004,0,0.6699,2
2022-06-13 21:40:00,LONG,0.31,0.31,sl,-0.004,0,0.6973,2
2022-06-13 21:55:00,LONG,0.32,0.32,tp,0.004,1,0.6524,2
2022-06-13 23:30:00,LONG,0.31,0.31,tp,0.004,1,0.6836,2
2022-06-14 00:10:00,SHORT,0.31,0.31,tp,0.004025,1,0.7696,2
2022-06-14 00:40:00,SHORT,0.31,0.31,tp,0.004025,1,0.718,2
2022-06-14 01:05:00,LONG,0.3,0.3,tp,0.004,1,0.6564,2
2022-06-14 03:30:00,SHORT,0.32,0.31,tp,0.004025,1,0.7786,2
2022-06-14 04:00:00,SHORT,0.32,0.32,tp,0.004025,1,0.7759,2
2022-06-14 05:20:00,SHORT,0.32,0.32,sl,-0.003991,0,0.7022,2
2022-06-14 05:45:00,SHORT,0.32,0.32,tp,0.004025,1,0.7316,2
2022-06-14 06:35:00,SHORT,0.32,0.32,sl,-0.003991,0,0.6844,2
2022-06-14 07:50:00,SHORT,0.32,0.32,tp,0.004025,1,0.6969,2
2022-06-14 09:20:00,SHORT,0.32,0.32,tp,0.004025,1,0.6765,2
2022-06-14 11:25:00,LONG,0.31,0.31,sl,-0.004,0,0.689,2
2022-06-14 12:25:00,LONG,0.31,0.31,tp,0.004,1,0.6783,2
2022-06-14 12:40:00,SHORT,0.32,0.31,tp,0.004025,1,0.6543,2
2022-06-14 13:30:00,SHORT,0.32,0.31,tp,0.004025,1,0.7247,2
2022-06-14 15:00:00,SHORT,0.32,0.32,sl,-0.003991,0,0.6919,2
2022-06-14 15:45:00,SHORT,0.32,0.32,sl,-0.003991,0,0.6827,2
2022-06-14 18:35:00,SHORT,0.32,0.32,tp,0.004025,1,0.7338,2
2022-06-14 19:45:00,SHORT,0.32,0.32,tp,0.004025,1,0.6779,2
2022-06-14 20:15:00,SHORT,0.32,0.32,tp,0.004025,1,0.6551,2
2022-06-14 20:25:00,LONG,0.31,0.31,tp,0.004,1,0.6714,2
2022-06-14 21:20:00,LONG,0.31,0.31,tp,0.004,1,0.6909,2
2022-06-14 21:45:00,LONG,0.31,0.31,tp,0.004,1,0.6674,2
2022-06-14 23:05:00,SHORT,0.32,0.32,sl,-0.003991,0,0.7439,2
2022-06-14 23:20:00,SHORT,0.32,0.32,sl,-0.003991,0,0.7804,2
2022-06-14 23:35:00,SHORT,0.32,0.32,tp,0.004025,1,0.7555,2
2022-06-14 23:50:00,SHORT,0.32,0.32,tp,0.004025,1,0.7644,2
2022-06-15 02:40:00,LONG,0.32,0.32,tp,0.004,1,0.666,2
2022-06-15 06:55:00,SHORT,0.31,0.31,tp,0.004025,1,0.697,2
2022-06-15 08:10:00,LONG,0.3,0.3,tp,0.004,1,0.7019,2
2022-06-15 09:10:00,LONG,0.3,0.3,tp,0.004,1,0.7052,2
2022-06-15 10:15:00,SHORT,0.31,0.31,tp,0.004025,1,0.7275,2
2022-06-15 10:45:00,SHORT,0.31,0.3,tp,0.004025,1,0.6814,2
2022-06-15 11:05:00,LONG,0.3,0.31,tp,0.004,1,0.6624,2
2022-06-15 11:30:00,SHORT,0.31,0.31,sl,-0.003991,0,0.6767,2
2022-06-15 17:05:00,LONG,0.3,0.3,tp,0.004,1,0.6501,2
2022-06-15 18:45:00,SHORT,0.32,0.32,tp,0.004025,1,0.7521,2
2022-06-15 19:05:00,SHORT,0.32,0.32,tp,0.004025,1,0.7214,2
2022-06-15 19:35:00,SHORT,0.33,0.33,tp,0.004025,1,0.6969,2
2022-06-15 22:10:00,SHORT,0.34,0.34,tp,0.004025,1,0.7385,2
2022-06-15 22:30:00,SHORT,0.34,0.34,tp,0.004025,1,0.7639,2
2022-06-16 00:00:00,SHORT,0.35,0.34,tp,0.004025,1,0.7514,2
2022-06-16 00:35:00,SHORT,0.34,0.34,tp,0.004025,1,0.6965,2
2022-06-16 02:40:00,LONG,0.34,0.34,tp,0.004,1,0.6687,2
2022-06-16 03:30:00,SHORT,0.34,0.34,tp,0.004025,1,0.6519,2
2022-06-16 03:40:00,LONG,0.34,0.34,tp,0.004,1,0.6555,2
2022-06-16 08:15:00,LONG,0.32,0.32,tp,0.004,1,0.6524,2
2022-06-16 12:15:00,LONG,0.31,0.32,tp,0.004,1,0.658,2
2022-06-16 12:30:00,SHORT,0.32,0.32,tp,0.004025,1,0.6593,2
2022-06-16 13:10:00,SHORT,0.32,0.32,tp,0.004025,1,0.6847,2
2022-06-16 13:35:00,LONG,0.32,0.32,tp,0.004,1,0.6922,2
2022-06-16 17:15:00,SHORT,0.32,0.32,sl,-0.003991,0,0.676,2
2022-06-16 17:30:00,SHORT,0.32,0.32,tp,0.004025,1,0.7321,2
2022-06-16 21:25:00,SHORT,0.32,0.32,tp,0.004025,1,0.6894,2
2022-06-16 23:15:00,LONG,0.31,0.31,tp,0.004,1,0.7097,2
2022-06-17 00:20:00,SHORT,0.32,0.32,tp,0.004025,1,0.6551,2
2022-06-17 00:55:00,SHORT,0.32,0.32,tp,0.004025,1,0.7547,2
2022-06-17 01:15:00,SHORT,0.32,0.32,tp,0.004025,1,0.7452,2
2022-06-17 01:40:00,SHORT,0.33,0.33,sl,-0.003991,0,0.7281,2
2022-06-17 02:00:00,SHORT,0.33,0.33,tp,0.004025,1,0.6889,2
2022-06-17 02:30:00,SHORT,0.33,0.33,tp,0.004025,1,0.7006,2
2022-06-17 03:20:00,SHORT,0.33,0.33,tp,0.004025,1,0.6728,2
2022-06-17 04:45:00,SHORT,0.33,0.33,tp,0.004025,1,0.7301,2
2022-06-17 05:30:00,SHORT,0.33,0.33,tp,0.004025,1,0.7008,2
2022-06-17 06:30:00,SHORT,0.33,0.33,tp,0.004025,1,0.6981,2
2022-06-17 06:45:00,SHORT,0.33,0.34,sl,-0.003991,0,0.7269,2
2022-06-17 08:15:00,SHORT,0.34,0.34,sl,-0.003991,0,0.6924,2
2022-06-17 08:30:00,SHORT,0.34,0.34,tp,0.004025,1,0.7036,2
2022-06-17 20:30:00,SHORT,0.32,0.32,tp,0.004025,1,0.6553,2
2022-06-18 02:00:00,LONG,0.32,0.32,tp,0.004,1,0.6763,2
2022-06-18 07:45:00,SHORT,0.31,0.31,tp,0.004025,1,0.6799,2
2022-06-18 08:15:00,LONG,0.3,0.3,tp,0.004,1,0.6953,2
2022-06-18 09:35:00,LONG,0.3,0.31,tp,0.004,1,0.6743,2
2022-06-18 10:25:00,SHORT,0.31,0.31,tp,0.004025,1,0.6979,2
2022-06-18 10:40:00,SHORT,0.31,0.31,tp,0.004025,1,0.7267,2
2022-06-18 18:15:00,LONG,0.3,0.3,tp,0.004,1,0.684,2
2022-06-18 19:00:00,LONG,0.3,0.3,sl,-0.004,0,0.6669,2
2022-06-18 20:15:00,SHORT,0.3,0.29,tp,0.004025,1,0.6908,2
2022-06-18 21:25:00,SHORT,0.31,0.3,tp,0.004025,1,0.7288,2
2022-06-18 21:40:00,SHORT,0.31,0.31,tp,0.004025,1,0.7521,2
2022-06-18 22:30:00,SHORT,0.31,0.31,tp,0.004025,1,0.684,2
2022-06-18 23:00:00,SHORT,0.31,0.31,tp,0.004025,1,0.766,2
2022-06-19 00:25:00,SHORT,0.31,0.31,tp,0.004025,1,0.7198,2
2022-06-19 03:10:00,SHORT,0.31,0.3,tp,0.004025,1,0.6993,2
2022-06-19 06:15:00,SHORT,0.3,0.3,tp,0.004025,1,0.6794,2
2022-06-19 07:20:00,SHORT,0.31,0.3,tp,0.004025,1,0.7102,2
2022-06-19 08:30:00,SHORT,0.31,0.31,sl,-0.003991,0,0.7388,2
2022-06-19 08:55:00,SHORT,0.31,0.31,tp,0.004025,1,0.7457,2
2022-06-19 09:15:00,SHORT,0.31,0.31,sl,-0.003991,0,0.7403,2
2022-06-19 10:20:00,SHORT,0.32,0.32,tp,0.004025,1,0.7462,2
2022-06-19 10:55:00,SHORT,0.32,0.31,tp,0.004025,1,0.6885,2
2022-06-19 11:30:00,SHORT,0.32,0.31,tp,0.004025,1,0.7132,2
2022-06-19 12:15:00,SHORT,0.31,0.31,tp,0.004025,1,0.69,2
2022-06-19 14:05:00,SHORT,0.31,0.31,tp,0.004025,1,0.656,2
2022-06-19 14:30:00,SHORT,0.31,0.31,sl,-0.003991,0,0.6545,2
2022-06-19 15:30:00,SHORT,0.32,0.32,tp,0.004025,1,0.6885,2
2022-06-19 15:50:00,SHORT,0.32,0.32,tp,0.004025,1,0.6677,2
2022-06-19 17:45:00,SHORT,0.32,0.32,sl,-0.003991,0,0.6554,2
2022-06-19 19:00:00,SHORT,0.32,0.32,tp,0.004025,1,0.7082,2
2022-06-19 20:30:00,SHORT,0.33,0.33,sl,-0.003991,0,0.6977,2
2022-06-19 20:45:00,SHORT,0.33,0.33,tp,0.004025,1,0.7006,2
2022-06-19 21:45:00,SHORT,0.33,0.33,tp,0.004025,1,0.6771,2
2022-06-19 22:20:00,SHORT,0.33,0.33,sl,-0.003991,0,0.6505,2
2022-06-19 23:40:00,LONG,0.32,0.33,tp,0.004,1,0.6607,2
2022-06-20 00:00:00,SHORT,0.33,0.33,tp,0.004025,1,0.7204,2
2022-06-20 09:30:00,SHORT,0.32,0.32,tp,0.004025,1,0.6731,2
2022-06-20 10:55:00,SHORT,0.33,0.33,tp,0.004025,1,0.741,2
2022-06-20 11:50:00,SHORT,0.33,0.33,tp,0.004025,1,0.7013,2
2022-06-20 13:45:00,LONG,0.32,0.32,tp,0.004,1,0.6556,2
2022-06-20 16:35:00,SHORT,0.32,0.32,tp,0.004025,1,0.6579,2
2022-06-20 17:45:00,SHORT,0.32,0.32,tp,0.004025,1,0.6592,2
2022-06-20 19:05:00,LONG,0.32,0.32,tp,0.004,1,0.6626,2
2022-06-20 19:25:00,LONG,0.32,0.32,tp,0.004,1,0.6553,2
2022-06-20 20:15:00,SHORT,0.32,0.32,sl,-0.003991,0,0.6826,2
2022-06-20 22:45:00,SHORT,0.32,0.32,tp,0.004025,1,0.673,2
2022-06-21 01:10:00,SHORT,0.33,0.32,tp,0.004025,1,0.7261,2
2022-06-21 06:05:00,SHORT,0.33,0.33,tp,0.004025,1,0.6655,2
2022-06-21 10:50:00,SHORT,0.33,0.33,tp,0.004025,1,0.6622,2
2022-06-21 13:55:00,SHORT,0.34,0.33,tp,0.004025,1,0.7383,2
2022-06-21 14:50:00,SHORT,0.34,0.33,tp,0.004025,1,0.6802,2
2022-06-21 15:30:00,SHORT,0.33,0.33,tp,0.004025,1,0.6919,2
2022-06-21 23:50:00,SHORT,0.33,0.33,tp,0.004025,1,0.6724,2
2022-06-22 02:05:00,SHORT,0.32,0.32,sl,-0.003991,0,0.6689,2
2022-06-22 07:05:00,LONG,0.32,0.32,tp,0.004,1,0.6665,2
2022-06-22 14:00:00,SHORT,0.33,0.33,sl,-0.003991,0,0.6902,2
2022-06-22 14:25:00,SHORT,0.33,0.33,tp,0.004025,1,0.7002,2
2022-06-22 18:40:00,SHORT,0.32,0.32,tp,0.004025,1,0.6614,2
2022-06-24 00:15:00,SHORT,0.34,0.34,sl,-0.003991,0,0.7228,2
2022-06-24 01:10:00,SHORT,0.38,0.37,tp,0.004025,1,0.8014,2
2022-06-24 01:15:00,SHORT,0.37,0.37,tp,0.004025,1,0.6531,2
2022-06-24 01:20:00,SHORT,0.37,0.37,tp,0.004025,1,0.6631,2
2022-06-24 01:40:00,SHORT,0.36,0.36,tp,0.004025,1,0.6581,2
2022-06-24 02:40:00,SHORT,0.37,0.37,sl,-0.003991,0,0.7751,2
2022-06-24 03:10:00,SHORT,0.37,0.37,tp,0.004025,1,0.7839,2
2022-06-24 04:05:00,SHORT,0.37,0.37,sl,-0.003991,0,0.6819,2
2022-06-24 04:20:00,SHORT,0.37,0.37,tp,0.004025,1,0.7369,2
2022-06-24 05:40:00,SHORT,0.37,0.37,sl,-0.003991,0,0.694,2
2022-06-24 07:35:00,SHORT,0.37,0.37,tp,0.004025,1,0.667,2
2022-06-24 08:00:00,SHORT,0.37,0.37,sl,-0.003991,0,0.6855,2
2022-06-24 08:35:00,SHORT,0.38,0.38,tp,0.004025,1,0.6839,2
2022-06-24 08:50:00,SHORT,0.38,0.38,tp,0.004025,1,0.7579,2
2022-06-24 09:10:00,SHORT,0.39,0.38,tp,0.004025,1,0.7522,2
2022-06-24 10:45:00,LONG,0.37,0.37,tp,0.004,1,0.6558,2
2022-06-24 11:40:00,SHORT,0.38,0.37,tp,0.004025,1,0.6686,2
2022-06-24 12:45:00,SHORT,0.37,0.37,tp,0.004025,1,0.6527,2
2022-06-24 13:05:00,SHORT,0.37,0.37,sl,-0.003991,0,0.671,2
2022-06-24 15:15:00,LONG,0.36,0.36,tp,0.004,1,0.6986,2
2022-06-24 15:45:00,SHORT,0.36,0.36,tp,0.004025,1,0.6755,2
2022-06-24 15:55:00,LONG,0.36,0.36,sl,-0.004,0,0.6572,2
2022-06-24 16:10:00,LONG,0.36,0.36,sl,-0.004,0,0.6732,2
2022-06-24 18:20:00,LONG,0.35,0.36,tp,0.004,1,0.6651,2
2022-06-24 20:10:00,SHORT,0.37,0.36,tp,0.004025,1,0.7799,2
2022-06-24 20:50:00,SHORT,0.36,0.36,tp,0.004025,1,0.7367,2
2022-06-24 21:10:00,SHORT,0.37,0.37,sl,-0.003991,0,0.6918,2
2022-06-24 21:40:00,SHORT,0.37,0.37,tp,0.004025,1,0.7829,2
2022-06-24 22:05:00,SHORT,0.37,0.37,tp,0.004025,1,0.7524,2
2022-06-25 00:25:00,SHORT,0.37,0.37,tp,0.004025,1,0.6522,2
2022-06-25 00:45:00,SHORT,0.37,0.37,sl,-0.003991,0,0.691,2
2022-06-25 01:30:00,SHORT,0.37,0.37,tp,0.004025,1,0.757,2
2022-06-25 03:20:00,SHORT,0.37,0.37,sl,-0.003991,0,0.6921,2
2022-06-25 05:35:00,SHORT,0.37,0.37,tp,0.004025,1,0.6522,2
2022-06-25 14:15:00,SHORT,0.36,0.36,tp,0.004025,1,0.6664,2
2022-06-25 14:45:00,SHORT,0.36,0.36,tp,0.004025,1,0.6526,2
2022-06-25 16:35:00,SHORT,0.36,0.36,tp,0.004025,1,0.6653,2
2022-06-25 22:00:00,SHORT,0.37,0.37,tp,0.004025,1,0.6926,2
2022-06-25 22:35:00,SHORT,0.37,0.37,tp,0.004025,1,0.6781,2
2022-06-25 23:20:00,SHORT,0.37,0.37,tp,0.004025,1,0.6751,2
2022-06-25 23:55:00,SHORT,0.37,0.37,tp,0.004025,1,0.6737,2
2022-06-26 01:10:00,SHORT,0.37,0.37,tp,0.004025,1,0.6866,2
2022-06-26 12:10:00,SHORT,0.37,0.37,tp,0.004025,1,0.6948,2
2022-06-26 23:40:00,LONG,0.36,0.36,tp,0.004,1,0.6739,2
2022-06-27 01:20:00,SHORT,0.37,0.36,tp,0.004025,1,0.7176,2
2022-06-27 14:25:00,LONG,0.35,0.35,tp,0.004,1,0.6571,2
2022-06-28 00:10:00,SHORT,0.36,0.35,tp,0.004025,1,0.6787,2
2022-06-28 16:30:00,LONG,0.34,0.34,tp,0.004,1,0.6789,2
2022-06-28 22:45:00,LONG,0.34,0.34,sl,-0.004,0,0.6605,2
2022-06-28 23:00:00,LONG,0.34,0.34,tp,0.004,1,0.6601,2
2022-06-28 23:20:00,SHORT,0.34,0.34,tp,0.004025,1,0.6583,2
2022-06-29 00:45:00,SHORT,0.34,0.34,tp,0.004025,1,0.707,2
2022-06-29 01:30:00,SHORT,0.34,0.34,tp,0.004025,1,0.6859,2
2022-06-29 11:15:00,LONG,0.33,0.33,tp,0.004,1,0.6712,2
2022-06-29 12:35:00,LONG,0.32,0.33,tp,0.004,1,0.673,2
2022-06-29 16:50:00,LONG,0.32,0.33,tp,0.004,1,0.6563,2
2022-06-29 18:10:00,SHORT,0.33,0.33,tp,0.004025,1,0.7211,2
2022-06-29 18:30:00,SHORT,0.33,0.33,tp,0.004025,1,0.6778,2
2022-06-29 21:10:00,SHORT,0.33,0.33,tp,0.004025,1,0.6836,2
2022-06-30 00:10:00,SHORT,0.33,0.33,tp,0.004025,1,0.6756,2
2022-06-30 02:35:00,SHORT,0.33,0.33,timeout,0.001998,1,0.6635,2
2022-06-30 09:50:00,SHORT,0.31,0.31,tp,0.004025,1,0.6538,2
2022-06-30 10:40:00,SHORT,0.31,0.31,sl,-0.003991,0,0.6843,2
2022-06-30 12:30:00,SHORT,0.31,0.31,tp,0.004025,1,0.7335,2
2022-06-30 13:40:00,LONG,0.31,0.31,tp,0.004,1,0.6831,2
2022-06-30 14:15:00,SHORT,0.31,0.31,sl,-0.003991,0,0.6761,2
2022-06-30 14:30:00,SHORT,0.31,0.31,sl,-0.003991,0,0.6792,2
2022-06-30 15:25:00,SHORT,0.31,0.31,tp,0.004025,1,0.7484,2
2022-06-30 16:00:00,SHORT,0.31,0.31,sl,-0.003991,0,0.707,2
2022-06-30 16:30:00,SHORT,0.32,0.31,tp,0.004025,1,0.703,2
2022-06-30 19:10:00,SHORT,0.33,0.33,tp,0.004025,1,0.6844,2
2022-06-30 20:45:00,LONG,0.32,0.32,tp,0.004,1,0.6648,2
2022-06-30 22:45:00,SHORT,0.32,0.32,tp,0.004025,1,0.6816,2
2022-07-01 00:55:00,LONG,0.33,0.33,tp,0.004,1,0.6688,3
2022-07-01 01:25:00,SHORT,0.33,0.33,tp,0.004025,1,0.6657,3
2022-07-01 03:20:00,LONG,0.33,0.33,sl,-0.004,0,0.6585,3
2022-07-01 05:00:00,LONG,0.31,0.31,tp,0.004,1,0.7262,3
2022-07-01 06:05:00,SHORT,0.32,0.32,tp,0.004025,1,0.6862,3
2022-07-01 06:55:00,SHORT,0.32,0.32,sl,-0.003991,0,0.6577,3
2022-07-01 15:00:00,LONG,0.31,0.31,tp,0.004,1,0.6776,3
2022-07-01 22:55:00,LONG,0.31,0.31,tp,0.004,1,0.6549,3
2022-07-04 12:00:00,SHORT,0.32,0.32,tp,0.004025,1,0.6756,3
2022-07-05 00:00:00,LONG,0.33,0.33,tp,0.004,1,0.6532,3
2022-07-06 00:20:00,LONG,0.32,0.32,tp,0.004,1,0.6582,3
2022-07-08 01:05:00,SHORT,0.35,0.35,tp,0.004025,1,0.7047,3
2022-07-08 01:25:00,SHORT,0.36,0.36,tp,0.004025,1,0.7134,3
2022-07-08 03:35:00,SHORT,0.36,0.35,tp,0.004025,1,0.6541,3
2022-07-08 05:50:00,LONG,0.35,0.35,tp,0.004,1,0.6671,3
2022-07-08 07:30:00,SHORT,0.35,0.36,sl,-0.003991,0,0.7018,3
2022-07-08 08:10:00,SHORT,0.36,0.35,tp,0.004025,1,0.7431,3
2022-07-08 14:45:00,SHORT,0.34,0.34,sl,-0.003991,0,0.6618,3
2022-07-08 17:00:00,LONG,0.34,0.34,sl,-0.004,0,0.67,3
2022-07-08 17:20:00,LONG,0.34,0.34,tp,0.004,1,0.7015,3
2022-07-10 15:20:00,LONG,0.32,0.32,tp,0.004,1,0.6835,3
2022-07-10 20:10:00,LONG,0.32,0.33,tp,0.004,1,0.7078,3
2022-07-11 00:15:00,LONG,0.32,0.32,tp,0.004,1,0.6943,3
2022-07-11 03:00:00,LONG,0.32,0.33,tp,0.004,1,0.6505,3
2022-07-11 04:50:00,LONG,0.32,0.32,tp,0.004,1,0.6593,3
2022-07-11 05:50:00,LONG,0.32,0.32,sl,-0.004,0,0.6905,3
2022-07-11 14:00:00,LONG,0.32,0.32,tp,0.004,1,0.6773,3
2022-07-11 14:20:00,LONG,0.32,0.32,tp,0.004,1,0.6889,3
2022-07-11 21:30:00,LONG,0.32,0.32,tp,0.004,1,0.6913,3
2022-07-11 21:45:00,LONG,0.32,0.32,tp,0.004,1,0.7056,3
2022-07-11 22:00:00,LONG,0.32,0.31,sl,-0.004,0,0.7202,3
2022-07-11 22:35:00,LONG,0.31,0.31,sl,-0.004,0,0.6915,3
2022-07-13 13:15:00,LONG,0.3,0.31,tp,0.004,1,0.716,3
2022-07-13 15:05:00,SHORT,0.31,0.31,tp,0.004025,1,0.6524,3
2022-07-13 16:05:00,SHORT,0.31,0.31,tp,0.004025,1,0.6922,3
2022-07-13 17:25:00,SHORT,0.32,0.32,sl,-0.003991,0,0.6742,3
2022-07-13 17:40:00,SHORT,0.32,0.32,tp,0.004025,1,0.7078,3
2022-07-14 13:35:00,LONG,0.31,0.31,tp,0.004,1,0.6554,3
2022-07-14 15:15:00,SHORT,0.32,0.32,sl,-0.003991,0,0.6578,3
2022-07-14 16:00:00,SHORT,0.32,0.32,tp,0.004025,1,0.6632,3
2022-07-14 17:55:00,SHORT,0.33,0.33,sl,-0.003991,0,0.6762,3
2022-07-14 18:25:00,SHORT,0.33,0.33,timeout,-0.003518,0,0.6578,3
2022-07-15 01:25:00,SHORT,0.34,0.34,tp,0.004025,1,0.6864,3
2022-07-15 06:20:00,LONG,0.34,0.34,tp,0.004,1,0.6954,3
2022-07-15 06:55:00,LONG,0.34,0.34,tp,0.004,1,0.6709,3
2022-07-15 08:15:00,LONG,0.34,0.34,tp,0.004,1,0.6562,3
2022-07-15 09:25:00,SHORT,0.34,0.34,tp,0.004025,1,0.6765,3
2022-07-15 22:35:00,SHORT,0.34,0.34,tp,0.004025,1,0.6714,3
2022-07-15 23:40:00,SHORT,0.33,0.33,tp,0.004025,1,0.6556,3
2022-07-16 09:45:00,SHORT,0.34,0.34,tp,0.004025,1,0.6527,3
2022-07-16 17:00:00,SHORT,0.35,0.35,tp,0.004025,1,0.7033,3
2022-07-16 17:20:00,SHORT,0.35,0.36,sl,-0.003991,0,0.6812,3
2022-07-16 17:40:00,SHORT,0.36,0.35,tp,0.004025,1,0.6551,3
2022-07-17 18:50:00,LONG,0.35,0.35,tp,0.004,1,0.6794,3
2022-07-18 01:30:00,SHORT,0.36,0.35,tp,0.004025,1,0.6832,3
2022-07-18 01:45:00,SHORT,0.35,0.36,sl,-0.003991,0,0.6815,3
2022-07-18 04:20:00,LONG,0.35,0.36,tp,0.004,1,0.6888,3
2022-07-18 05:15:00,SHORT,0.36,0.36,sl,-0.003991,0,0.6665,3
2022-07-18 05:45:00,SHORT,0.36,0.36,tp,0.004025,1,0.7222,3
2022-07-18 06:35:00,SHORT,0.37,0.36,tp,0.004025,1,0.6916,3
2022-07-18 07:35:00,LONG,0.36,0.36,tp,0.004,1,0.6591,3
2022-07-18 11:25:00,SHORT,0.37,0.37,tp,0.004025,1,0.675,3
2022-07-18 11:45:00,LONG,0.36,0.36,tp,0.004,1,0.6966,3
2022-07-18 12:20:00,LONG,0.36,0.36,tp,0.004,1,0.7028,3
2022-07-18 12:55:00,SHORT,0.36,0.37,sl,-0.003991,0,0.6564,3
2022-07-18 14:30:00,SHORT,0.36,0.36,sl,-0.003991,0,0.6654,3
2022-07-18 14:55:00,SHORT,0.36,0.36,tp,0.004025,1,0.6579,3
2022-07-18 16:40:00,LONG,0.36,0.36,sl,-0.004,0,0.6986,3
2022-07-18 18:00:00,LONG,0.36,0.36,tp,0.004,1,0.6842,3
2022-07-18 18:25:00,LONG,0.36,0.36,sl,-0.004,0,0.6618,3
2022-07-18 22:20:00,LONG,0.36,0.36,tp,0.004,1,0.6762,3
2022-07-19 06:45:00,LONG,0.35,0.36,tp,0.004,1,0.6671,3
2022-07-19 07:30:00,LONG,0.35,0.36,tp,0.004,1,0.6631,3
2022-07-19 08:00:00,LONG,0.35,0.36,tp,0.004,1,0.6671,3
2022-07-19 11:25:00,SHORT,0.36,0.36,tp,0.004025,1,0.6692,3
2022-07-19 23:40:00,LONG,0.37,0.37,tp,0.004,1,0.6756,3
2022-07-20 00:40:00,LONG,0.37,0.37,tp,0.004,1,0.6579,3
2022-07-20 16:40:00,LONG,0.37,0.37,tp,0.004,1,0.6732,3
2022-07-20 17:10:00,LONG,0.37,0.37,tp,0.004,1,0.6753,3
2022-07-20 23:15:00,LONG,0.36,0.36,tp,0.004,1,0.6599,3
2022-07-21 00:30:00,LONG,0.36,0.36,tp,0.004,1,0.6588,3
2022-07-21 01:10:00,SHORT,0.37,0.36,tp,0.004025,1,0.6844,3
2022-07-21 05:15:00,SHORT,0.36,0.36,sl,-0.003991,0,0.6669,3
2022-07-21 06:45:00,LONG,0.36,0.36,tp,0.004,1,0.6703,3
2022-07-21 14:30:00,LONG,0.35,0.35,tp,0.004,1,0.7025,3
2022-07-21 17:15:00,SHORT,0.36,0.36,tp,0.004025,1,0.6511,3
2022-07-26 20:00:00,LONG,0.33,0.33,tp,0.004,1,0.6945,3
2022-07-26 22:40:00,SHORT,0.34,0.34,sl,-0.003991,0,0.6651,3
2022-07-27 18:15:00,SHORT,0.35,0.35,sl,-0.003991,0,0.6658,3
2022-07-28 15:55:00,SHORT,0.36,0.37,sl,-0.003991,0,0.6585,3
2022-07-28 19:45:00,SHORT,0.37,0.37,tp,0.004025,1,0.669,3
2022-07-28 20:05:00,SHORT,0.38,0.37,tp,0.004025,1,0.6961,3
2022-07-29 07:25:00,LONG,0.37,0.37,tp,0.004,1,0.6699,3
2022-07-29 09:35:00,SHORT,0.37,0.38,sl,-0.003991,0,0.6712,3
2022-07-29 10:45:00,SHORT,0.38,0.37,tp,0.004025,1,0.6687,3
2022-07-29 11:40:00,LONG,0.37,0.37,tp,0.004,1,0.6574,3
2022-07-29 14:25:00,SHORT,0.37,0.37,tp,0.004025,1,0.7201,3
2022-07-29 23:10:00,SHORT,0.37,0.37,tp,0.004025,1,0.7077,3
2022-07-30 14:00:00,SHORT,0.4,0.4,tp,0.004025,1,0.753,3
2022-07-30 15:40:00,SHORT,0.4,0.4,tp,0.004025,1,0.719,3
2022-07-30 17:35:00,LONG,0.4,0.4,tp,0.004,1,0.6618,3
2022-07-30 20:10:00,LONG,0.39,0.39,tp,0.004,1,0.6889,3
2022-07-30 20:50:00,LONG,0.39,0.39,sl,-0.004,0,0.6602,3
2022-07-30 21:30:00,LONG,0.39,0.39,tp,0.004,1,0.6797,3
2022-07-30 23:25:00,LONG,0.39,0.39,tp,0.004,1,0.6981,3
2022-07-31 00:30:00,SHORT,0.39,0.39,tp,0.004025,1,0.6686,3
2022-07-31 23:25:00,LONG,0.38,0.38,tp,0.004,1,0.6688,3
2022-08-01 14:50:00,SHORT,0.38,0.38,tp,0.004025,1,0.6632,3
2022-08-02 02:30:00,LONG,0.37,0.37,sl,-0.004,0,0.6608,3
2022-08-02 04:15:00,LONG,0.37,0.37,tp,0.004,1,0.6848,3
2022-08-02 16:40:00,SHORT,0.38,0.38,sl,-0.003991,0,0.6929,3
2022-08-02 19:10:00,LONG,0.37,0.37,tp,0.004,1,0.6592,3
2022-08-09 14:05:00,LONG,0.36,0.36,tp,0.004,1,0.66,3
2022-08-10 13:00:00,SHORT,0.38,0.38,sl,-0.003991,0,0.7259,3
2022-08-17 01:25:00,SHORT,0.39,0.39,tp,0.004025,1,0.7271,3
2022-08-18 23:20:00,LONG,0.37,0.37,tp,0.004,1,0.6846,3
2022-08-19 08:30:00,LONG,0.34,0.34,tp,0.004,1,0.6732,3
2022-08-19 08:55:00,LONG,0.34,0.34,tp,0.004,1,0.7396,3
2022-08-19 09:35:00,SHORT,0.34,0.34,sl,-0.003991,0,0.6769,3
2022-08-19 11:35:00,LONG,0.33,0.34,tp,0.004,1,0.6997,3
2022-08-19 11:55:00,SHORT,0.34,0.34,tp,0.004025,1,0.6718,3
2022-08-19 15:10:00,SHORT,0.34,0.33,tp,0.004025,1,0.6657,3
2022-08-19 16:05:00,LONG,0.34,0.34,tp,0.004,1,0.6587,3
2022-08-19 17:10:00,SHORT,0.34,0.34,tp,0.004025,1,0.6842,3
2022-08-19 23:00:00,SHORT,0.34,0.34,tp,0.004025,1,0.6634,3
2022-08-20 00:40:00,SHORT,0.34,0.34,tp,0.004025,1,0.731,3
2022-08-20 03:50:00,LONG,0.34,0.34,tp,0.004,1,0.6561,3
2022-08-20 19:35:00,LONG,0.33,0.34,tp,0.004,1,0.6609,3
2022-08-20 21:45:00,SHORT,0.34,0.34,sl,-0.003991,0,0.6573,3
2022-08-20 22:05:00,SHORT,0.34,0.34,tp,0.004025,1,0.6521,3
2022-08-26 08:55:00,SHORT,0.37,0.37,tp,0.004025,1,0.7106,3
2022-08-26 13:00:00,SHORT,0.36,0.36,tp,0.004025,1,0.6856,3
2022-08-26 14:35:00,LONG,0.35,0.35,sl,-0.004,0,0.7038,3
2022-08-26 16:00:00,LONG,0.34,0.34,sl,-0.004,0,0.721,3
2022-08-26 22:35:00,LONG,0.34,0.34,tp,0.004,1,0.7007,3
2022-08-26 23:15:00,LONG,0.33,0.34,tp,0.004,1,0.7179,3
2022-08-27 01:35:00,LONG,0.33,0.34,tp,0.004,1,0.6632,3
2022-08-27 05:10:00,LONG,0.33,0.33,tp,0.004,1,0.6591,3
2022-08-27 05:40:00,LONG,0.33,0.33,tp,0.004,1,0.68,3
2022-09-06 01:10:00,SHORT,0.34,0.34,tp,0.004025,1,0.6507,3
2022-09-08 19:55:00,SHORT,0.34,0.34,tp,0.004025,1,0.652,3
2022-09-09 04:10:00,SHORT,0.35,0.35,timeout,0.002598,1,0.7023,3
2022-09-09 04:25:00,SHORT,0.35,0.35,sl,-0.003991,0,0.6783,3
2022-09-09 04:45:00,SHORT,0.35,0.35,sl,-0.003991,0,0.6645,3
2022-09-09 13:25:00,LONG,0.35,0.35,tp,0.004,1,0.6587,3
2022-09-12 03:30:00,LONG,0.35,0.35,tp,0.004,1,0.6968,3
2022-09-13 00:20:00,LONG,0.36,0.36,timeout,-0.002,0,0.6738,3
2022-09-13 12:50:00,LONG,0.34,0.34,tp,0.004,1,0.6865,3
2022-09-13 13:50:00,SHORT,0.34,0.34,tp,0.004025,1,0.6617,3
2022-09-16 15:55:00,SHORT,0.33,0.33,tp,0.004025,1,0.6526,3
2022-09-17 10:05:00,SHORT,0.35,0.35,sl,-0.003991,0,0.6594,3
2022-09-17 13:45:00,SHORT,0.37,0.37,tp,0.004025,1,0.6647,3
2022-09-17 14:35:00,LONG,0.38,0.38,tp,0.004,1,0.6808,3
2022-09-17 17:00:00,SHORT,0.37,0.37,tp,0.004025,1,0.6735,3
2022-09-17 18:00:00,SHORT,0.38,0.38,tp,0.004025,1,0.7038,3
2022-09-17 20:10:00,LONG,0.37,0.37,timeout,0.002035,1,0.674,3
2022-09-17 20:40:00,LONG,0.37,0.37,tp,0.004,1,0.6542,3
2022-09-18 07:25:00,SHORT,0.39,0.39,sl,-0.003991,0,0.6874,3
2022-09-18 07:45:00,SHORT,0.39,0.39,tp,0.004025,1,0.7003,3
2022-09-18 10:00:00,LONG,0.38,0.38,tp,0.004,1,0.6933,3
2022-09-18 10:40:00,LONG,0.38,0.38,sl,-0.004,0,0.6802,3
2022-09-18 10:55:00,LONG,0.38,0.38,tp,0.004,1,0.7233,3
2022-09-18 11:40:00,SHORT,0.38,0.38,tp,0.004025,1,0.67,3
2022-09-18 13:00:00,SHORT,0.38,0.38,sl,-0.003991,0,0.7007,3
2022-09-18 13:45:00,SHORT,0.38,0.38,tp,0.004025,1,0.6926,3
2022-09-18 14:15:00,SHORT,0.38,0.38,tp,0.004025,1,0.6816,3
2022-09-18 14:45:00,LONG,0.38,0.38,tp,0.004,1,0.6762,3
2022-09-18 16:00:00,SHORT,0.38,0.38,tp,0.004025,1,0.6707,3
2022-09-18 17:05:00,LONG,0.38,0.39,tp,0.004,1,0.6513,3
2022-09-18 17:15:00,SHORT,0.39,0.39,tp,0.004025,1,0.7172,3
2022-09-18 17:40:00,SHORT,0.39,0.39,tp,0.004025,1,0.7055,3
2022-09-18 18:35:00,SHORT,0.39,0.39,tp,0.004025,1,0.6547,3
2022-09-18 18:55:00,SHORT,0.39,0.39,tp,0.004025,1,0.7168,3
2022-09-18 22:05:00,LONG,0.37,0.37,tp,0.004,1,0.7411,3
2022-09-18 22:35:00,LONG,0.36,0.36,sl,-0.004,0,0.7575,3
2022-09-19 00:05:00,LONG,0.36,0.36,tp,0.004,1,0.668,3
2022-09-19 00:45:00,SHORT,0.36,0.36,tp,0.004025,1,0.6574,3
2022-09-19 03:00:00,LONG,0.34,0.34,tp,0.004,1,0.7039,3
2022-09-19 03:40:00,LONG,0.34,0.34,tp,0.004,1,0.7112,3
2022-09-19 04:20:00,SHORT,0.35,0.35,sl,-0.003991,0,0.6596,3
2022-09-19 05:20:00,SHORT,0.35,0.35,tp,0.004025,1,0.7008,3
2022-09-19 06:40:00,LONG,0.34,0.35,tp,0.004,1,0.7389,3
2022-09-19 09:05:00,LONG,0.34,0.35,tp,0.004,1,0.7251,3
2022-09-19 10:55:00,SHORT,0.35,0.35,tp,0.004025,1,0.7481,3
2022-09-19 12:50:00,SHORT,0.35,0.35,tp,0.004025,1,0.7024,3
2022-09-19 13:15:00,LONG,0.35,0.35,tp,0.004,1,0.6638,3
2022-09-19 14:40:00,SHORT,0.36,0.36,tp,0.004025,1,0.694,3
2022-09-19 15:00:00,SHORT,0.36,0.36,tp,0.004025,1,0.688,3
2022-09-19 15:35:00,LONG,0.35,0.36,tp,0.004,1,0.6854,3
2022-09-19 16:25:00,LONG,0.36,0.36,tp,0.004,1,0.659,3
2022-09-19 17:10:00,SHORT,0.36,0.36,tp,0.004025,1,0.677,3
2022-09-19 17:35:00,LONG,0.36,0.36,tp,0.004,1,0.6523,3
2022-09-19 17:50:00,LONG,0.37,0.37,tp,0.004,1,0.6505,3
2022-09-19 17:55:00,SHORT,0.37,0.37,tp,0.004025,1,0.7479,3
2022-09-19 18:20:00,SHORT,0.37,0.37,sl,-0.003991,0,0.6721,3
2022-09-19 18:45:00,SHORT,0.38,0.38,sl,-0.003991,0,0.6866,3
2022-09-19 19:10:00,SHORT,0.39,0.39,tp,0.004025,1,0.7051,3
2022-09-19 19:20:00,LONG,0.39,0.39,tp,0.004,1,0.6608,3
2022-09-19 19:25:00,SHORT,0.39,0.39,sl,-0.003991,0,0.6718,3
2022-09-19 20:40:00,LONG,0.38,0.38,tp,0.004,1,0.6766,3
2022-09-19 21:15:00,SHORT,0.39,0.39,tp,0.004025,1,0.6981,3
2022-09-19 21:25:00,LONG,0.38,0.39,tp,0.004,1,0.6949,3
2022-09-19 21:40:00,SHORT,0.39,0.39,sl,-0.003991,0,0.6534,3
2022-09-19 22:05:00,LONG,0.38,0.38,tp,0.004,1,0.6742,3
2022-09-19 22:25:00,LONG,0.38,0.38,tp,0.004,1,0.7103,3
2022-09-19 23:25:00,SHORT,0.39,0.39,sl,-0.003991,0,0.6796,3
2022-09-20 00:05:00,SHORT,0.39,0.39,tp,0.004025,1,0.663,3
2022-09-20 00:50:00,LONG,0.38,0.38,sl,-0.004,0,0.6922,3
2022-09-20 01:20:00,LONG,0.37,0.38,tp,0.004,1,0.6607,3
2022-09-20 02:20:00,LONG,0.38,0.38,tp,0.004,1,0.6737,3
2022-09-20 02:55:00,LONG,0.38,0.38,tp,0.004,1,0.656,3
2022-09-20 04:35:00,SHORT,0.38,0.38,tp,0.004025,1,0.7258,3
2022-09-20 05:00:00,SHORT,0.38,0.38,tp,0.004025,1,0.7299,3
2022-09-20 07:05:00,SHORT,0.38,0.38,tp,0.004025,1,0.695,3
2022-09-20 08:40:00,SHORT,0.38,0.38,tp,0.004025,1,0.6697,3
2022-09-20 11:00:00,SHORT,0.38,0.38,sl,-0.003991,0,0.6638,3
2022-09-20 11:45:00,LONG,0.38,0.38,tp,0.004,1,0.6576,3
2022-09-20 13:00:00,SHORT,0.39,0.39,sl,-0.003991,0,0.6512,3
2022-09-20 13:25:00,LONG,0.38,0.38,tp,0.004,1,0.747,3
2022-09-20 15:30:00,SHORT,0.41,0.41,sl,-0.003991,0,0.7317,3
2022-09-20 16:00:00,SHORT,0.42,0.42,tp,0.004025,1,0.683,3
2022-09-20 17:15:00,LONG,0.41,0.41,tp,0.004,1,0.6518,3
2022-09-20 17:55:00,LONG,0.4,0.41,tp,0.004,1,0.6738,3
2022-09-20 18:05:00,SHORT,0.41,0.4,tp,0.004025,1,0.6719,3
2022-09-20 18:20:00,SHORT,0.4,0.41,sl,-0.003991,0,0.6722,3
2022-09-20 18:55:00,SHORT,0.41,0.41,sl,-0.003991,0,0.6566,3
2022-09-20 19:45:00,SHORT,0.41,0.41,tp,0.004025,1,0.7101,3
2022-09-20 20:55:00,LONG,0.4,0.41,tp,0.004,1,0.7257,3
2022-09-20 21:35:00,SHORT,0.42,0.42,tp,0.004025,1,0.7182,3
2022-09-20 22:25:00,SHORT,0.41,0.41,tp,0.004025,1,0.6624,3
2022-09-20 23:15:00,SHORT,0.41,0.41,sl,-0.003991,0,0.6505,3
2022-09-21 00:10:00,LONG,0.41,0.41,tp,0.004,1,0.7036,3
2022-09-21 00:55:00,SHORT,0.41,0.41,tp,0.004025,1,0.6614,3
2022-09-21 03:15:00,SHORT,0.41,0.41,tp,0.004025,1,0.6592,3
2022-09-21 03:35:00,LONG,0.4,0.41,tp,0.004,1,0.6579,3
2022-09-21 04:00:00,SHORT,0.41,0.4,tp,0.004025,1,0.6593,3
2022-09-21 04:55:00,SHORT,0.41,0.41,sl,-0.003991,0,0.6603,3
2022-09-21 06:35:00,LONG,0.39,0.39,tp,0.004,1,0.7637,3
2022-09-21 07:05:00,LONG,0.39,0.39,sl,-0.004,0,0.6571,3
2022-09-21 08:05:00,LONG,0.4,0.4,sl,-0.004,0,0.6582,3
2022-09-21 08:40:00,SHORT,0.4,0.4,sl,-0.003991,0,0.7158,3
2022-09-21 09:35:00,SHORT,0.41,0.41,sl,-0.003991,0,0.7113,3
2022-09-21 10:15:00,SHORT,0.4,0.4,tp,0.004025,1,0.6741,3
2022-09-21 10:30:00,LONG,0.4,0.4,tp,0.004,1,0.6661,3
2022-09-21 11:35:00,LONG,0.4,0.4,tp,0.004,1,0.7079,3
2022-09-21 11:50:00,SHORT,0.41,0.4,tp,0.004025,1,0.6556,3
2022-09-21 12:25:00,LONG,0.4,0.4,tp,0.004,1,0.6965,3
2022-09-21 15:15:00,LONG,0.39,0.39,tp,0.004,1,0.6667,3
2022-09-21 18:20:00,SHORT,0.41,0.41,tp,0.004025,1,0.7375,3
2022-09-21 18:45:00,SHORT,0.43,0.43,sl,-0.003991,0,0.6915,3
2022-09-21 20:15:00,LONG,0.4,0.4,tp,0.004,1,0.7517,3
2022-09-21 21:00:00,SHORT,0.41,0.4,tp,0.004025,1,0.6606,3
2022-09-21 21:25:00,LONG,0.39,0.39,tp,0.004,1,0.7662,3
2022-09-21 22:15:00,LONG,0.39,0.39,tp,0.004,1,0.7166,3
2022-09-21 23:00:00,SHORT,0.39,0.39,tp,0.004025,1,0.7193,3
2022-09-22 00:15:00,LONG,0.4,0.4,tp,0.004,1,0.7129,3
2022-09-22 00:30:00,SHORT,0.4,0.4,tp,0.004025,1,0.744,3
2022-09-22 01:10:00,SHORT,0.4,0.4,sl,-0.003991,0,0.6771,3
2022-09-22 01:30:00,SHORT,0.4,0.4,tp,0.004025,1,0.6826,3
2022-09-22 01:55:00,SHORT,0.4,0.4,tp,0.004025,1,0.7227,3
2022-09-22 05:50:00,LONG,0.42,0.42,tp,0.004,1,0.6619,3
2022-09-22 06:30:00,LONG,0.42,0.42,tp,0.004,1,0.6662,3
2022-09-22 08:20:00,SHORT,0.43,0.42,tp,0.004025,1,0.6715,3
2022-09-22 10:45:00,SHORT,0.43,0.43,sl,-0.003991,0,0.6641,3
2022-09-22 11:40:00,SHORT,0.43,0.43,tp,0.004025,1,0.7281,3
2022-09-22 12:15:00,SHORT,0.44,0.44,tp,0.004025,1,0.6798,3
2022-09-22 13:00:00,LONG,0.44,0.44,tp,0.004,1,0.684,3
2022-09-22 13:05:00,SHORT,0.45,0.45,tp,0.004025,1,0.7202,3
2022-09-22 13:35:00,LONG,0.44,0.44,tp,0.004,1,0.6766,3
2022-09-22 16:20:00,SHORT,0.43,0.43,tp,0.004025,1,0.6784,3
2022-09-22 18:30:00,LONG,0.46,0.46,tp,0.004,1,0.6584,3
2022-09-22 18:35:00,SHORT,0.46,0.47,sl,-0.003991,0,0.7296,3
2022-09-22 18:45:00,LONG,0.46,0.46,tp,0.004,1,0.7016,3
2022-09-22 18:50:00,SHORT,0.46,0.46,tp,0.004025,1,0.7222,3
2022-09-22 19:00:00,LONG,0.46,0.46,tp,0.004,1,0.6582,3
2022-09-22 19:25:00,LONG,0.46,0.46,tp,0.004,1,0.6604,3
2022-09-22 19:30:00,SHORT,0.47,0.47,tp,0.004025,1,0.7322,3
2022-09-22 19:45:00,SHORT,0.49,0.49,tp,0.004025,1,0.7353,3
2022-09-22 20:25:00,LONG,0.48,0.48,tp,0.004,1,0.7238,3
2022-09-22 20:45:00,SHORT,0.48,0.48,tp,0.004025,1,0.6749,3
2022-09-22 20:50:00,LONG,0.48,0.48,sl,-0.004,0,0.6518,3
2022-09-22 21:15:00,SHORT,0.49,0.49,tp,0.004025,1,0.7277,3
2022-09-22 21:45:00,LONG,0.48,0.48,tp,0.004,1,0.6713,3
2022-09-22 22:15:00,SHORT,0.49,0.49,tp,0.004025,1,0.6664,3
2022-09-22 22:45:00,LONG,0.48,0.49,tp,0.004,1,0.681,3
2022-09-22 23:05:00,SHORT,0.49,0.49,tp,0.004025,1,0.6736,3
2022-09-23 00:05:00,LONG,0.48,0.49,tp,0.004,1,0.6688,3
2022-09-23 01:55:00,SHORT,0.49,0.49,tp,0.004025,1,0.7138,3
2022-09-23 03:30:00,LONG,0.52,0.53,tp,0.004,1,0.6502,3
2022-09-23 03:40:00,LONG,0.53,0.54,tp,0.004,1,0.6601,3
2022-09-23 03:45:00,SHORT,0.54,0.54,tp,0.004025,1,0.7448,3
2022-09-23 04:00:00,LONG,0.53,0.53,tp,0.004,1,0.693,3
2022-09-23 04:40:00,SHORT,0.54,0.54,tp,0.004025,1,0.656,3
2022-09-23 04:45:00,LONG,0.53,0.54,tp,0.004,1,0.6546,3
2022-09-23 05:20:00,LONG,0.55,0.55,tp,0.004,1,0.6563,3
2022-09-23 08:00:00,LONG,0.52,0.52,tp,0.004,1,0.7653,3
2022-09-23 08:55:00,SHORT,0.51,0.5,tp,0.004025,1,0.7042,3
2022-09-23 09:10:00,SHORT,0.51,0.5,tp,0.004025,1,0.7139,3
2022-09-23 09:35:00,LONG,0.5,0.5,tp,0.004,1,0.6623,3
2022-09-23 10:05:00,SHORT,0.51,0.51,tp,0.004025,1,0.7188,3
2022-09-23 10:20:00,LONG,0.5,0.5,tp,0.004,1,0.6743,3
2022-09-23 11:10:00,LONG,0.48,0.48,tp,0.004,1,0.7057,3
2022-09-23 11:25:00,SHORT,0.49,0.49,tp,0.004025,1,0.7331,3
2022-09-23 12:10:00,SHORT,0.49,0.49,tp,0.004025,1,0.736,3
2022-09-23 12:35:00,SHORT,0.49,0.49,tp,0.004025,1,0.6709,3
2022-09-23 12:45:00,LONG,0.49,0.49,sl,-0.004,0,0.6674,3
2022-09-23 13:10:00,SHORT,0.5,0.5,tp,0.004025,1,0.7525,3
2022-09-23 13:50:00,LONG,0.48,0.48,sl,-0.004,0,0.7179,3
2022-09-23 14:05:00,SHORT,0.48,0.48,sl,-0.003991,0,0.6935,3
2022-09-23 14:20:00,LONG,0.48,0.48,tp,0.004,1,0.6899,3
2022-09-23 14:30:00,SHORT,0.48,0.48,sl,-0.003991,0,0.6744,3
2022-09-23 15:30:00,SHORT,0.49,0.49,tp,0.004025,1,0.7332,3
2022-09-23 16:00:00,SHORT,0.49,0.49,tp,0.004025,1,0.73,3
2022-09-23 16:20:00,SHORT,0.48,0.48,tp,0.004025,1,0.6516,3
2022-09-23 16:40:00,LONG,0.47,0.47,tp,0.004,1,0.7428,3
2022-09-23 18:15:00,LONG,0.46,0.47,tp,0.004,1,0.7502,3
2022-09-23 18:55:00,LONG,0.46,0.46,tp,0.004,1,0.7033,3
2022-09-23 19:25:00,LONG,0.46,0.46,tp,0.004,1,0.6566,3
2022-09-23 20:45:00,SHORT,0.49,0.49,sl,-0.003991,0,0.7468,3
2022-09-23 21:00:00,SHORT,0.49,0.49,tp,0.004025,1,0.7525,3
2022-09-23 21:20:00,SHORT,0.49,0.49,tp,0.004025,1,0.7313,3
2022-09-23 22:00:00,SHORT,0.51,0.51,tp,0.004025,1,0.6965,3
2022-09-23 22:30:00,LONG,0.51,0.52,tp,0.004,1,0.6828,3
2022-09-23 22:35:00,SHORT,0.53,0.52,tp,0.004025,1,0.7761,3
2022-09-23 22:55:00,SHORT,0.53,0.52,tp,0.004025,1,0.7443,3
2022-09-23 23:35:00,LONG,0.5,0.5,tp,0.004,1,0.7413,3
2022-09-24 00:15:00,LONG,0.5,0.5,tp,0.004,1,0.7384,3
2022-09-24 00:30:00,SHORT,0.51,0.51,tp,0.004025,1,0.7265,3
2022-09-24 01:00:00,SHORT,0.51,0.51,tp,0.004025,1,0.7221,3
2022-09-24 01:35:00,LONG,0.5,0.5,tp,0.004,1,0.7032,3
2022-09-24 02:25:00,SHORT,0.51,0.5,tp,0.004025,1,0.6685,3
2022-09-24 03:05:00,LONG,0.5,0.5,tp,0.004,1,0.6964,3
2022-09-24 04:50:00,SHORT,0.5,0.5,tp,0.004025,1,0.6506,3
2022-09-24 06:20:00,SHORT,0.52,0.51,tp,0.004025,1,0.7399,3
2022-09-24 07:20:00,LONG,0.49,0.49,tp,0.004,1,0.7223,3
2022-09-24 08:00:00,LONG,0.49,0.49,tp,0.004,1,0.7597,3
2022-09-24 08:40:00,SHORT,0.5,0.5,sl,-0.003991,0,0.6752,3
2022-09-24 12:25:00,LONG,0.49,0.49,tp,0.004,1,0.6512,3
2022-09-24 14:45:00,LONG,0.47,0.48,tp,0.004,1,0.7409,3
2022-09-24 15:15:00,LONG,0.47,0.48,tp,0.004,1,0.7288,3
2022-09-24 16:05:00,SHORT,0.48,0.48,tp,0.004025,1,0.6893,3
2022-09-24 16:35:00,SHORT,0.49,0.49,sl,-0.003991,0,0.6672,3
2022-09-24 17:10:00,SHORT,0.49,0.49,tp,0.004025,1,0.7054,3
2022-09-24 18:30:00,LONG,0.49,0.49,tp,0.004,1,0.6695,3
2022-09-24 18:45:00,SHORT,0.5,0.5,sl,-0.003991,0,0.6606,3
2022-09-24 21:00:00,SHORT,0.51,0.5,tp,0.004025,1,0.6754,3
2022-09-24 21:15:00,LONG,0.49,0.49,tp,0.004,1,0.6939,3
2022-09-24 21:35:00,SHORT,0.49,0.49,tp,0.004025,1,0.6633,3
2022-09-24 21:55:00,SHORT,0.49,0.49,tp,0.004025,1,0.6742,3
2022-09-24 22:35:00,SHORT,0.49,0.49,tp,0.004025,1,0.6664,3
2022-09-24 22:45:00,LONG,0.48,0.49,tp,0.004,1,0.7477,3
2022-09-24 23:30:00,LONG,0.49,0.49,tp,0.004,1,0.6981,3
2022-09-24 23:40:00,SHORT,0.49,0.49,tp,0.004025,1,0.6731,3
2022-09-25 00:45:00,LONG,0.48,0.48,tp,0.004,1,0.7121,3
2022-09-25 01:30:00,SHORT,0.49,0.48,tp,0.004025,1,0.6664,3
2022-09-25 03:15:00,SHORT,0.48,0.49,sl,-0.003991,0,0.6593,3
2022-09-25 04:15:00,SHORT,0.49,0.49,sl,-0.003991,0,0.6517,3
2022-09-25 07:30:00,LONG,0.49,0.49,tp,0.004,1,0.6502,3
2022-09-25 08:25:00,LONG,0.48,0.49,tp,0.004,1,0.6797,3
2022-09-25 12:30:00,LONG,0.51,0.51,tp,0.004,1,0.686,3
2022-09-25 12:45:00,SHORT,0.52,0.52,tp,0.004025,1,0.7204,3
2022-09-25 13:00:00,LONG,0.51,0.51,tp,0.004,1,0.6551,3
2022-09-25 13:45:00,LONG,0.49,0.5,tp,0.004,1,0.6778,3
2022-09-25 14:10:00,LONG,0.49,0.49,sl,-0.004,0,0.6809,3
2022-09-25 14:25:00,LONG,0.49,0.49,tp,0.004,1,0.683,3
2022-09-25 14:45:00,SHORT,0.49,0.49,tp,0.004025,1,0.6673,3
2022-09-25 15:30:00,SHORT,0.5,0.5,tp,0.004025,1,0.7263,3
2022-09-25 17:00:00,LONG,0.49,0.5,tp,0.004,1,0.6717,3
2022-09-25 17:15:00,SHORT,0.5,0.5,tp,0.004025,1,0.6905,3
2022-09-25 17:25:00,LONG,0.5,0.5,tp,0.004,1,0.6908,3
2022-09-25 17:55:00,SHORT,0.5,0.5,tp,0.004025,1,0.6826,3
2022-09-25 19:20:00,SHORT,0.51,0.5,tp,0.004025,1,0.695,3
2022-09-25 20:15:00,LONG,0.5,0.5,tp,0.004,1,0.6742,3
2022-09-25 21:35:00,LONG,0.5,0.5,tp,0.004,1,0.7022,3
2022-09-25 22:00:00,LONG,0.49,0.49,tp,0.004,1,0.7318,3
2022-09-25 22:25:00,SHORT,0.5,0.5,tp,0.004025,1,0.6711,3
2022-09-25 23:25:00,SHORT,0.5,0.49,tp,0.004025,1,0.6524,3
2022-09-25 23:35:00,LONG,0.49,0.49,tp,0.004,1,0.6874,3
2022-09-26 00:10:00,SHORT,0.5,0.49,tp,0.004025,1,0.6946,3
2022-09-26 01:05:00,SHORT,0.49,0.49,tp,0.004025,1,0.6795,3
2022-09-26 02:45:00,LONG,0.48,0.48,tp,0.004,1,0.6875,3
2022-09-26 05:40:00,LONG,0.47,0.47,tp,0.004,1,0.6566,3
2022-09-26 06:15:00,LONG,0.46,0.47,tp,0.004,1,0.7104,3
2022-09-26 06:45:00,LONG,0.47,0.47,tp,0.004,1,0.7095,3
2022-09-26 07:05:00,SHORT,0.47,0.47,tp,0.004025,1,0.684,3
2022-09-26 07:20:00,SHORT,0.47,0.47,tp,0.004025,1,0.7245,3
2022-09-26 07:35:00,LONG,0.47,0.47,tp,0.004,1,0.669,3
2022-09-26 08:10:00,SHORT,0.47,0.48,sl,-0.003991,0,0.6616,3
2022-09-26 08:30:00,SHORT,0.48,0.48,sl,-0.003991,0,0.6768,3
2022-09-26 08:55:00,SHORT,0.48,0.48,tp,0.004025,1,0.7454,3
2022-09-26 09:25:00,LONG,0.47,0.47,sl,-0.004,0,0.6804,3
2022-09-26 09:55:00,LONG,0.47,0.47,tp,0.004,1,0.679,3
2022-09-26 10:10:00,LONG,0.47,0.47,tp,0.004,1,0.7137,3
2022-09-26 10:25:00,SHORT,0.47,0.47,tp,0.004025,1,0.6662,3
2022-09-26 11:45:00,SHORT,0.46,0.46,tp,0.004025,1,0.6586,3
2022-09-26 12:05:00,LONG,0.46,0.46,tp,0.004,1,0.6526,3
2022-09-26 13:35:00,SHORT,0.47,0.47,sl,-0.003991,0,0.6526,3
2022-09-26 14:05:00,LONG,0.47,0.47,tp,0.004,1,0.6591,3
2022-09-26 14:20:00,SHORT,0.47,0.47,tp,0.004025,1,0.6877,3
2022-09-26 15:05:00,LONG,0.46,0.47,tp,0.004,1,0.7153,3
2022-09-26 16:05:00,LONG,0.47,0.47,sl,-0.004,0,0.6721,3
2022-09-26 16:15:00,SHORT,0.47,0.47,tp,0.004025,1,0.6761,3
2022-09-26 16:35:00,LONG,0.47,0.47,tp,0.004,1,0.682,3
2022-09-26 18:00:00,SHORT,0.47,0.48,sl,-0.003991,0,0.7244,3
2022-09-26 18:15:00,SHORT,0.48,0.47,tp,0.004025,1,0.7258,3
2022-09-26 18:25:00,LONG,0.47,0.48,tp,0.004,1,0.6879,3
2022-09-26 19:35:00,LONG,0.47,0.48,tp,0.004,1,0.6941,3
2022-09-26 22:10:00,LONG,0.47,0.47,tp,0.004,1,0.6599,3
2022-09-26 23:45:00,LONG,0.47,0.47,tp,0.004,1,0.6671,3
2022-09-27 00:00:00,LONG,0.47,0.47,tp,0.004,1,0.6988,3
2022-09-27 00:15:00,SHORT,0.47,0.47,tp,0.004025,1,0.7035,3
2022-09-27 09:10:00,LONG,0.47,0.48,tp,0.004,1,0.6904,3
2022-09-27 11:10:00,SHORT,0.47,0.47,tp,0.004025,1,0.6525,3
2022-09-27 11:15:00,LONG,0.47,0.47,tp,0.004,1,0.6975,3
2022-09-27 14:05:00,LONG,0.47,0.48,tp,0.004,1,0.7007,3
2022-09-27 14:20:00,SHORT,0.48,0.48,tp,0.004025,1,0.6539,3
2022-09-27 14:45:00,SHORT,0.48,0.48,tp,0.004025,1,0.6731,3
2022-09-27 16:20:00,LONG,0.45,0.45,sl,-0.004,0,0.6628,3
2022-09-27 16:50:00,LONG,0.44,0.45,tp,0.004,1,0.6997,3
2022-09-27 17:20:00,LONG,0.44,0.44,tp,0.004,1,0.7133,3
2022-09-27 18:00:00,SHORT,0.44,0.44,tp,0.004025,1,0.7014,3
2022-09-27 18:50:00,SHORT,0.45,0.44,tp,0.004025,1,0.7133,3
2022-09-27 19:35:00,LONG,0.44,0.45,tp,0.004,1,0.714,3
2022-09-27 20:00:00,LONG,0.44,0.44,sl,-0.004,0,0.6729,3
2022-09-27 23:55:00,LONG,0.45,0.45,tp,0.004,1,0.6821,3
2022-09-28 01:00:00,LONG,0.44,0.44,tp,0.004,1,0.6784,3
2022-09-28 01:45:00,LONG,0.43,0.43,tp,0.004,1,0.6714,3
2022-09-28 03:20:00,SHORT,0.43,0.43,tp,0.004025,1,0.6654,3
2022-09-28 03:45:00,LONG,0.42,0.43,tp,0.004,1,0.6568,3
2022-09-28 04:30:00,SHORT,0.43,0.43,tp,0.004025,1,0.7043,3
2022-09-28 07:10:00,LONG,0.42,0.42,tp,0.004,1,0.7003,3
2022-09-28 08:05:00,LONG,0.42,0.42,tp,0.004,1,0.7017,3
2022-09-28 08:50:00,SHORT,0.42,0.42,tp,0.004025,1,0.6601,3
2022-09-28 10:20:00,SHORT,0.43,0.43,tp,0.004025,1,0.7488,3
2022-09-28 10:40:00,SHORT,0.43,0.43,tp,0.004025,1,0.7067,3
2022-09-28 12:20:00,SHORT,0.43,0.43,tp,0.004025,1,0.6524,3
2022-09-28 14:45:00,SHORT,0.44,0.43,tp,0.004025,1,0.6608,3
2022-09-28 14:50:00,LONG,0.43,0.44,tp,0.004,1,0.6749,3
2022-09-28 15:15:00,LONG,0.43,0.44,tp,0.004,1,0.6765,3
2022-09-28 15:30:00,LONG,0.43,0.44,tp,0.004,1,0.6676,3
2022-09-28 16:25:00,LONG,0.43,0.43,sl,-0.004,0,0.675,3
2022-09-28 17:45:00,LONG,0.43,0.43,tp,0.004,1,0.6667,3
2022-09-28 18:45:00,SHORT,0.44,0.44,sl,-0.003991,0,0.673,3
2022-09-28 19:10:00,SHORT,0.44,0.44,tp,0.004025,1,0.7112,3
2022-09-28 19:35:00,LONG,0.44,0.44,tp,0.004,1,0.6548,3
2022-09-28 20:45:00,SHORT,0.44,0.44,sl,-0.003991,0,0.6512,3
2022-09-28 22:15:00,SHORT,0.45,0.45,tp,0.004025,1,0.7203,3
2022-09-28 22:30:00,LONG,0.45,0.45,tp,0.004,1,0.6536,3
2022-09-28 22:40:00,SHORT,0.45,0.45,sl,-0.003991,0,0.6673,3
2022-09-28 23:30:00,SHORT,0.45,0.45,tp,0.004025,1,0.7156,3
2022-09-28 23:55:00,LONG,0.45,0.45,tp,0.004,1,0.6626,3
2022-09-29 00:15:00,LONG,0.45,0.45,tp,0.004,1,0.6846,3
2022-09-29 01:05:00,SHORT,0.45,0.45,sl,-0.003991,0,0.6589,3
2022-09-29 01:10:00,LONG,0.45,0.45,tp,0.004,1,0.6621,3
2022-09-29 01:35:00,SHORT,0.45,0.45,tp,0.004025,1,0.6538,3
2022-09-29 03:35:00,LONG,0.44,0.44,tp,0.004,1,0.6595,3
2022-09-29 13:55:00,SHORT,0.43,0.43,tp,0.004025,1,0.6574,3
2022-09-29 14:15:00,LONG,0.43,0.43,tp,0.004,1,0.6545,3
2022-09-29 14:50:00,SHORT,0.43,0.44,sl,-0.003991,0,0.6564,3
2022-09-29 15:50:00,SHORT,0.43,0.43,tp,0.004025,1,0.6756,3
2022-09-29 18:50:00,LONG,0.43,0.43,tp,0.004,1,0.6812,3
2022-09-29 20:20:00,LONG,0.46,0.46,sl,-0.004,0,0.6689,3
2022-09-29 20:35:00,SHORT,0.47,0.47,tp,0.004025,1,0.7635,3
2022-09-29 21:05:00,LONG,0.48,0.48,tp,0.004,1,0.6585,3
2022-09-29 21:20:00,LONG,0.49,0.49,tp,0.004,1,0.6601,3
2022-09-29 21:35:00,SHORT,0.5,0.5,tp,0.004025,1,0.6905,3
2022-09-29 21:45:00,LONG,0.5,0.5,tp,0.004,1,0.7117,3
2022-09-29 21:55:00,SHORT,0.5,0.5,tp,0.004025,1,0.679,3
2022-09-29 22:05:00,LONG,0.5,0.5,tp,0.004,1,0.665,3
2022-09-29 22:10:00,SHORT,0.5,0.5,tp,0.004025,1,0.6999,3
2022-09-29 22:55:00,LONG,0.48,0.48,tp,0.004,1,0.7216,3
2022-09-29 23:30:00,LONG,0.48,0.48,tp,0.004,1,0.6879,3
2022-09-29 23:55:00,SHORT,0.49,0.49,tp,0.004025,1,0.7201,3
2022-09-30 00:40:00,LONG,0.48,0.48,tp,0.004,1,0.6991,3
2022-09-30 01:25:00,LONG,0.47,0.48,tp,0.004,1,0.6818,3
2022-09-30 03:10:00,SHORT,0.48,0.48,tp,0.004025,1,0.6719,3
2022-09-30 04:20:00,SHORT,0.48,0.48,tp,0.004025,1,0.6921,3
2022-09-30 04:55:00,SHORT,0.48,0.48,tp,0.004025,1,0.7045,3
2022-09-30 05:35:00,SHORT,0.49,0.49,tp,0.004025,1,0.7562,3
2022-09-30 12:25:00,SHORT,0.48,0.48,tp,0.004025,1,0.6519,3
2022-09-30 13:15:00,SHORT,0.47,0.47,tp,0.004025,1,0.6637,3
2022-09-30 14:05:00,SHORT,0.48,0.47,tp,0.004025,1,0.6651,3
2022-09-30 14:45:00,SHORT,0.48,0.48,tp,0.004025,1,0.7507,3
2022-09-30 17:30:00,SHORT,0.48,0.48,tp,0.004025,1,0.6581,3
2022-09-30 17:55:00,SHORT,0.49,0.49,tp,0.004025,1,0.6784,3
2022-09-30 18:35:00,SHORT,0.49,0.49,tp,0.004025,1,0.7246,3
2022-09-30 19:50:00,LONG,0.49,0.49,sl,-0.004,0,0.6742,3
2022-09-30 20:10:00,SHORT,0.49,0.49,tp,0.004025,1,0.66,3
2022-09-30 20:20:00,LONG,0.49,0.49,sl,-0.004,0,0.6715,3
2022-09-30 20:40:00,LONG,0.48,0.48,sl,-0.004,0,0.712,3
2022-10-01 01:15:00,SHORT,0.47,0.47,tp,0.004025,1,0.6909,4
2022-10-01 01:50:00,SHORT,0.47,0.47,tp,0.004025,1,0.6852,4
2022-10-01 02:05:00,LONG,0.47,0.47,tp,0.004,1,0.6595,4
2022-10-01 03:00:00,SHORT,0.48,0.47,tp,0.004025,1,0.6828,4
2022-10-01 03:20:00,SHORT,0.48,0.47,tp,0.004025,1,0.7285,4
2022-10-01 13:15:00,SHORT,0.48,0.48,sl,-0.003991,0,0.6771,4
2022-10-01 17:10:00,LONG,0.47,0.47,tp,0.004,1,0.6646,4
2022-10-02 10:10:00,SHORT,0.46,0.46,tp,0.004025,1,0.6634,4
2022-10-02 11:25:00,SHORT,0.46,0.46,tp,0.004025,1,0.7117,4
2022-10-02 12:05:00,SHORT,0.46,0.46,tp,0.004025,1,0.7276,4
2022-10-02 12:40:00,SHORT,0.46,0.46,tp,0.004025,1,0.6679,4
2022-10-02 16:20:00,SHORT,0.46,0.46,tp,0.004025,1,0.6777,4
2022-10-02 23:40:00,SHORT,0.45,0.45,tp,0.004025,1,0.7107,4
2022-10-03 00:50:00,SHORT,0.45,0.45,sl,-0.003991,0,0.7348,4
2022-10-03 01:10:00,SHORT,0.45,0.45,tp,0.004025,1,0.7997,4
2022-10-04 09:30:00,SHORT,0.47,0.47,tp,0.004025,1,0.7241,4
2022-10-04 10:15:00,SHORT,0.47,0.47,sl,-0.003991,0,0.6812,4
2022-10-04 11:05:00,LONG,0.47,0.47,tp,0.004,1,0.6603,4
2022-10-04 13:35:00,SHORT,0.48,0.48,sl,-0.003991,0,0.6883,4
2022-10-04 14:20:00,LONG,0.48,0.48,tp,0.004,1,0.6544,4
2022-10-04 14:40:00,SHORT,0.48,0.48,tp,0.004025,1,0.6519,4
2022-10-04 16:10:00,LONG,0.47,0.48,tp,0.004,1,0.6766,4
2022-10-04 18:15:00,SHORT,0.48,0.48,sl,-0.003991,0,0.6744,4
2022-10-04 20:55:00,LONG,0.48,0.48,tp,0.004,1,0.6955,4
2022-10-04 21:25:00,LONG,0.48,0.48,tp,0.004,1,0.6804,4
2022-10-04 23:35:00,SHORT,0.48,0.48,tp,0.004025,1,0.6929,4
2022-10-05 00:20:00,SHORT,0.48,0.48,sl,-0.003991,0,0.6621,4
2022-10-05 00:40:00,SHORT,0.48,0.48,sl,-0.003991,0,0.6724,4
2022-10-05 01:05:00,SHORT,0.48,0.48,tp,0.004025,1,0.6513,4
2022-10-05 06:05:00,SHORT,0.49,0.49,tp,0.004025,1,0.7383,4
2022-10-05 06:45:00,SHORT,0.49,0.49,tp,0.004025,1,0.7584,4
2022-10-05 09:20:00,SHORT,0.48,0.48,tp,0.004025,1,0.6513,4
2022-10-05 12:35:00,SHORT,0.48,0.48,tp,0.004025,1,0.7113,4
2022-10-05 13:10:00,LONG,0.48,0.48,sl,-0.004,0,0.6632,4
2022-10-05 13:55:00,SHORT,0.48,0.48,tp,0.004025,1,0.6626,4
2022-10-05 14:25:00,SHORT,0.48,0.48,sl,-0.003991,0,0.6813,4
2022-10-05 15:00:00,SHORT,0.48,0.48,tp,0.004025,1,0.7798,4
2022-10-05 15:35:00,SHORT,0.49,0.49,sl,-0.003991,0,0.7198,4
2022-10-05 16:15:00,SHORT,0.49,0.49,tp,0.004025,1,0.7196,4
2022-10-05 17:00:00,LONG,0.49,0.49,tp,0.004,1,0.6558,4
2022-10-05 18:00:00,SHORT,0.5,0.49,tp,0.004025,1,0.6614,4
2022-10-05 18:25:00,SHORT,0.5,0.5,tp,0.004025,1,0.7036,4
2022-10-05 18:45:00,LONG,0.49,0.5,tp,0.004,1,0.6611,4
2022-10-05 20:45:00,LONG,0.49,0.49,sl,-0.004,0,0.6596,4
2022-10-05 21:05:00,SHORT,0.5,0.49,tp,0.004025,1,0.6719,4
2022-10-06 00:15:00,SHORT,0.49,0.49,sl,-0.003991,0,0.7206,4
2022-10-06 00:30:00,SHORT,0.49,0.49,sl,-0.003991,0,0.6581,4
2022-10-06 00:45:00,SHORT,0.49,0.5,sl,-0.003991,0,0.6893,4
2022-10-06 01:15:00,SHORT,0.5,0.49,tp,0.004025,1,0.7344,4
2022-10-06 01:35:00,SHORT,0.5,0.49,tp,0.004025,1,0.7521,4
2022-10-06 02:00:00,SHORT,0.5,0.49,tp,0.004025,1,0.693,4
2022-10-06 04:40:00,SHORT,0.5,0.51,sl,-0.003991,0,0.6648,4
2022-10-06 12:00:00,SHORT,0.5,0.5,sl,-0.003991,0,0.6679,4
2022-10-06 12:35:00,SHORT,0.5,0.5,tp,0.004025,1,0.6725,4
2022-10-06 13:40:00,SHORT,0.5,0.5,tp,0.004025,1,0.6546,4
2022-10-06 14:45:00,SHORT,0.5,0.5,tp,0.004025,1,0.7625,4
2022-10-06 15:20:00,SHORT,0.5,0.49,tp,0.004025,1,0.6537,4
2022-10-06 22:40:00,SHORT,0.49,0.49,tp,0.004025,1,0.6677,4
2022-10-06 23:45:00,SHORT,0.49,0.49,sl,-0.003991,0,0.6655,4
2022-10-07 00:20:00,SHORT,0.49,0.49,tp,0.004025,1,0.6512,4
2022-10-07 13:15:00,SHORT,0.5,0.49,tp,0.004025,1,0.7253,4
2022-10-07 15:35:00,SHORT,0.49,0.5,sl,-0.003991,0,0.6643,4
2022-10-07 18:00:00,SHORT,0.52,0.52,tp,0.004025,1,0.7143,4
2022-10-07 19:00:00,SHORT,0.52,0.52,tp,0.004025,1,0.7684,4
2022-10-07 21:25:00,SHORT,0.51,0.51,sl,-0.003991,0,0.6951,4
2022-10-07 22:40:00,SHORT,0.52,0.52,tp,0.004025,1,0.7367,4
2022-10-07 23:00:00,SHORT,0.52,0.52,tp,0.004025,1,0.7568,4
2022-10-08 00:10:00,SHORT,0.52,0.52,sl,-0.003991,0,0.6979,4
2022-10-08 03:30:00,SHORT,0.53,0.53,sl,-0.003991,0,0.7314,4
2022-10-08 04:10:00,SHORT,0.53,0.53,tp,0.004025,1,0.7946,4
2022-10-08 04:45:00,SHORT,0.53,0.52,tp,0.004025,1,0.6714,4
2022-10-08 12:25:00,SHORT,0.52,0.52,tp,0.004025,1,0.651,4
2022-10-08 17:35:00,SHORT,0.52,0.52,timeout,0.000673,1,0.6568,4
2022-10-09 15:20:00,SHORT,0.53,0.53,tp,0.004025,1,0.667,4
2022-10-09 18:50:00,SHORT,0.54,0.54,sl,-0.003991,0,0.6522,4
2022-10-09 19:35:00,SHORT,0.54,0.54,tp,0.004025,1,0.6691,4
2022-10-09 19:50:00,SHORT,0.54,0.54,tp,0.004025,1,0.731,4
2022-10-10 01:15:00,SHORT,0.54,0.53,tp,0.004025,1,0.6707,4
2022-10-10 08:45:00,SHORT,0.51,0.52,sl,-0.003991,0,0.6857,4
2022-10-10 09:00:00,SHORT,0.52,0.51,tp,0.004025,1,0.6836,4
2022-10-10 16:00:00,SHORT,0.52,0.52,tp,0.004025,1,0.6989,4
2022-10-10 19:25:00,LONG,0.52,0.52,tp,0.004,1,0.6512,4
2022-10-10 22:20:00,SHORT,0.51,0.5,tp,0.004025,1,0.6988,4
2022-10-10 22:45:00,LONG,0.5,0.5,tp,0.004,1,0.6739,4
2022-10-10 23:00:00,SHORT,0.5,0.5,tp,0.004025,1,0.7066,4
2022-10-10 23:15:00,SHORT,0.5,0.5,tp,0.004025,1,0.7107,4
2022-10-11 00:50:00,SHORT,0.5,0.5,sl,-0.003991,0,0.7731,4
2022-10-11 01:10:00,SHORT,0.5,0.5,tp,0.004025,1,0.8033,4
2022-10-11 03:35:00,LONG,0.49,0.49,tp,0.004,1,0.6661,4
2022-10-11 04:35:00,LONG,0.49,0.49,tp,0.004,1,0.6647,4
2022-10-11 11:05:00,SHORT,0.48,0.49,sl,-0.003991,0,0.6689,4
2022-10-11 12:15:00,SHORT,0.49,0.49,tp,0.004025,1,0.7921,4
2022-10-11 12:30:00,SHORT,0.49,0.49,tp,0.004025,1,0.7935,4
2022-10-11 13:05:00,SHORT,0.49,0.49,tp,0.004025,1,0.7096,4
2022-10-11 13:45:00,SHORT,0.49,0.49,tp,0.004025,1,0.6816,4
2022-10-11 14:15:00,SHORT,0.49,0.49,tp,0.004025,1,0.7197,4
2022-10-11 14:45:00,SHORT,0.49,0.5,sl,-0.003991,0,0.7285,4
2022-10-11 15:10:00,SHORT,0.5,0.5,sl,-0.003991,0,0.7412,4
2022-10-11 16:50:00,SHORT,0.5,0.5,tp,0.004025,1,0.7382,4
2022-10-11 18:55:00,LONG,0.49,0.49,sl,-0.004,0,0.6559,4
2022-10-11 20:00:00,LONG,0.49,0.49,tp,0.004,1,0.7112,4
2022-10-11 21:00:00,LONG,0.49,0.49,tp,0.004,1,0.6735,4
2022-10-11 22:15:00,SHORT,0.49,0.49,tp,0.004025,1,0.6528,4
2022-10-12 00:45:00,SHORT,0.49,0.49,tp,0.004025,1,0.772,4
2022-10-12 15:55:00,SHORT,0.5,0.49,tp,0.004025,1,0.6666,4
2022-10-13 02:50:00,SHORT,0.47,0.47,sl,-0.003991,0,0.6618,4
2022-10-13 11:10:00,SHORT,0.45,0.45,sl,-0.003991,0,0.7471,4
2022-10-13 11:40:00,SHORT,0.46,0.46,sl,-0.003991,0,0.759,4
2022-10-13 12:00:00,SHORT,0.46,0.46,tp,0.004025,1,0.7768,4
2022-10-13 12:25:00,SHORT,0.47,0.47,tp,0.004025,1,0.742,4
2022-10-13 12:50:00,SHORT,0.46,0.46,sl,-0.003991,0,0.7524,4
2022-10-13 13:55:00,SHORT,0.47,0.47,tp,0.004025,1,0.7658,4
2022-10-13 14:10:00,SHORT,0.47,0.47,tp,0.004025,1,0.8236,4
2022-10-13 14:30:00,SHORT,0.47,0.47,tp,0.004025,1,0.7447,4
2022-10-13 15:40:00,SHORT,0.48,0.48,sl,-0.003991,0,0.7374,4
2022-10-13 17:35:00,SHORT,0.48,0.48,sl,-0.003991,0,0.6684,4
2022-10-13 20:10:00,SHORT,0.49,0.49,tp,0.004025,1,0.697,4
2022-10-13 20:35:00,LONG,0.49,0.49,tp,0.004,1,0.659,4
2022-10-13 23:55:00,LONG,0.48,0.48,tp,0.004,1,0.6598,4
2022-10-14 00:45:00,SHORT,0.48,0.49,sl,-0.003991,0,0.7094,4
2022-10-14 01:20:00,SHORT,0.49,0.49,sl,-0.003991,0,0.7345,4
2022-10-14 02:35:00,SHORT,0.5,0.5,sl,-0.003991,0,0.7753,4
2022-10-14 03:00:00,SHORT,0.51,0.5,tp,0.004025,1,0.8058,4
2022-10-14 03:30:00,SHORT,0.5,0.5,tp,0.004025,1,0.6761,4
2022-10-14 06:25:00,SHORT,0.5,0.5,tp,0.004025,1,0.6801,4
2022-10-14 08:10:00,SHORT,0.5,0.5,tp,0.004025,1,0.6524,4
2022-10-14 08:40:00,SHORT,0.5,0.5,sl,-0.003991,0,0.6713,4
2022-10-14 09:20:00,SHORT,0.5,0.5,tp,0.004025,1,0.6851,4
2022-10-14 10:05:00,SHORT,0.5,0.5,tp,0.004025,1,0.686,4
2022-10-14 10:30:00,SHORT,0.5,0.5,tp,0.004025,1,0.7076,4
2022-10-14 12:05:00,SHORT,0.5,0.5,tp,0.004025,1,0.6781,4
2022-10-14 13:00:00,SHORT,0.51,0.51,tp,0.004025,1,0.7869,4
2022-10-14 13:30:00,SHORT,0.51,0.51,sl,-0.003991,0,0.7024,4
2022-10-14 14:30:00,SHORT,0.5,0.5,tp,0.004025,1,0.7097,4
2022-10-14 14:40:00,LONG,0.49,0.49,tp,0.004,1,0.675,4
2022-10-14 16:00:00,SHORT,0.49,0.49,tp,0.004025,1,0.722,4
2022-10-14 16:40:00,SHORT,0.5,0.49,tp,0.004025,1,0.6547,4
2022-10-14 17:00:00,SHORT,0.49,0.49,sl,-0.003991,0,0.6593,4
2022-10-14 17:10:00,LONG,0.49,0.49,tp,0.004,1,0.661,4
2022-10-14 17:30:00,SHORT,0.49,0.5,sl,-0.003991,0,0.7225,4
2022-10-14 17:55:00,SHORT,0.5,0.49,tp,0.004025,1,0.7231,4
2022-10-14 19:10:00,LONG,0.49,0.49,tp,0.004,1,0.6779,4
2022-10-14 21:55:00,LONG,0.48,0.48,tp,0.004,1,0.6756,4
2022-10-14 23:05:00,SHORT,0.49,0.49,tp,0.004025,1,0.7017,4
2022-10-16 20:00:00,SHORT,0.48,0.48,tp,0.004025,1,0.6622,4
2022-10-16 20:35:00,LONG,0.48,0.48,tp,0.004,1,0.6555,4
2022-10-16 22:50:00,SHORT,0.48,0.48,tp,0.004025,1,0.7416,4
2022-10-17 10:55:00,SHORT,0.47,0.48,sl,-0.003991,0,0.656,4
2022-10-17 23:05:00,SHORT,0.48,0.48,tp,0.004025,1,0.6596,4
2022-10-19 23:30:00,LONG,0.45,0.45,sl,-0.004,0,0.6632,4
2022-10-20 18:05:00,LONG,0.43,0.43,tp,0.004,1,0.6823,4
2022-10-20 18:35:00,SHORT,0.44,0.44,tp,0.004025,1,0.7344,4
2022-10-20 18:50:00,SHORT,0.44,0.44,sl,-0.003991,0,0.726,4
2022-10-20 19:50:00,SHORT,0.44,0.44,tp,0.004025,1,0.737,4
2022-10-20 21:50:00,SHORT,0.44,0.44,tp,0.004025,1,0.8194,4
2022-10-20 23:00:00,SHORT,0.45,0.45,tp,0.004025,1,0.8181,4
2022-10-21 00:25:00,LONG,0.44,0.44,tp,0.004,1,0.6614,4
2022-10-21 00:50:00,SHORT,0.45,0.45,tp,0.004025,1,0.728,4
2022-10-21 01:20:00,SHORT,0.45,0.44,tp,0.004025,1,0.7223,4
2022-10-21 04:25:00,LONG,0.45,0.45,timeout,-0.000205,0,0.6576,4
2022-10-21 12:25:00,SHORT,0.44,0.44,tp,0.004025,1,0.6667,4
2022-10-21 13:05:00,SHORT,0.45,0.44,tp,0.004025,1,0.7236,4
2022-10-21 22:20:00,SHORT,0.46,0.46,tp,0.004025,1,0.7127,4
2022-10-21 23:10:00,SHORT,0.46,0.46,sl,-0.003991,0,0.7173,4
2022-10-23 22:35:00,SHORT,0.47,0.47,sl,-0.003991,0,0.6747,4
2022-10-23 23:10:00,SHORT,0.47,0.47,tp,0.004025,1,0.6898,4
2022-10-25 17:00:00,SHORT,0.47,0.46,tp,0.004025,1,0.6765,4
2022-10-25 18:40:00,LONG,0.47,0.47,tp,0.004,1,0.6525,4
2022-10-25 19:30:00,LONG,0.47,0.46,sl,-0.004,0,0.6653,4
2022-10-25 21:35:00,LONG,0.46,0.46,tp,0.004,1,0.6665,4
2022-10-25 23:00:00,SHORT,0.46,0.46,sl,-0.003991,0,0.6506,4
2022-10-26 14:15:00,SHORT,0.47,0.47,tp,0.004025,1,0.681,4
2022-10-26 15:40:00,SHORT,0.47,0.47,tp,0.004025,1,0.6892,4
2022-10-26 23:10:00,SHORT,0.47,0.47,tp,0.004025,1,0.6878,4
2022-10-27 00:20:00,SHORT,0.48,0.48,tp,0.004025,1,0.6908,4
2022-10-27 04:00:00,SHORT,0.48,0.47,tp,0.004025,1,0.6846,4
2022-10-27 23:05:00,SHORT,0.46,0.46,sl,-0.003991,0,0.6597,4
2022-10-28 00:05:00,SHORT,0.46,0.46,tp,0.004025,1,0.6588,4
2022-10-29 17:20:00,SHORT,0.48,0.48,tp,0.004025,1,0.6765,4
2022-10-31 14:15:00,SHORT,0.45,0.45,tp,0.004025,1,0.6696,4
2022-10-31 22:20:00,SHORT,0.47,0.46,tp,0.004025,1,0.7182,4
2022-10-31 23:00:00,SHORT,0.46,0.46,sl,-0.003991,0,0.6991,4
2022-10-31 23:50:00,SHORT,0.47,0.46,tp,0.004025,1,0.7302,4
2022-11-02 19:05:00,SHORT,0.46,0.46,tp,0.004025,1,0.6712,4
2022-11-02 19:50:00,LONG,0.45,0.45,sl,-0.004,0,0.6722,4
2022-11-02 20:20:00,LONG,0.45,0.45,tp,0.004,1,0.6989,4
2022-11-04 09:35:00,SHORT,0.5,0.5,tp,0.004025,1,0.6581,4
2022-11-04 13:00:00,SHORT,0.49,0.49,sl,-0.003991,0,0.6758,4
2022-11-04 13:50:00,SHORT,0.5,0.5,tp,0.004025,1,0.8142,4
2022-11-04 14:30:00,SHORT,0.5,0.5,sl,-0.003991,0,0.6895,4
2022-11-04 17:45:00,SHORT,0.49,0.49,sl,-0.003991,0,0.6905,4
2022-11-04 18:25:00,SHORT,0.49,0.49,tp,0.004025,1,0.7152,4
2022-11-04 21:35:00,SHORT,0.5,0.5,sl,-0.003991,0,0.6644,4
2022-11-05 00:40:00,SHORT,0.5,0.5,sl,-0.003991,0,0.6718,4
2022-11-05 01:05:00,SHORT,0.5,0.5,tp,0.004025,1,0.7056,4
2022-11-05 18:05:00,SHORT,0.51,0.5,tp,0.004025,1,0.6848,4
2022-11-05 23:05:00,LONG,0.49,0.49,tp,0.004,1,0.66,4
2022-11-06 00:15:00,LONG,0.49,0.49,tp,0.004,1,0.652,4
2022-11-06 23:10:00,LONG,0.47,0.47,sl,-0.004,0,0.6657,4
2022-11-06 23:35:00,LONG,0.47,0.47,tp,0.004,1,0.6765,4
2022-11-07 01:40:00,SHORT,0.47,0.47,sl,-0.003991,0,0.6717,4
2022-11-07 16:15:00,SHORT,0.48,0.48,tp,0.004025,1,0.7016,4
2022-11-08 00:05:00,SHORT,0.47,0.46,tp,0.004025,1,0.6734,4
2022-11-08 00:30:00,SHORT,0.47,0.46,tp,0.004025,1,0.663,4
2022-11-08 01:20:00,SHORT,0.47,0.46,tp,0.004025,1,0.7032,4
2022-11-08 04:10:00,LONG,0.43,0.43,tp,0.004,1,0.7008,4
2022-11-08 04:25:00,SHORT,0.44,0.44,tp,0.004025,1,0.7449,4
2022-11-08 05:40:00,SHORT,0.43,0.43,tp,0.004025,1,0.7519,4
2022-11-08 07:05:00,SHORT,0.44,0.44,sl,-0.003991,0,0.7489,4
2022-11-08 07:45:00,SHORT,0.44,0.44,tp,0.004025,1,0.8438,4
2022-11-08 09:10:00,SHORT,0.44,0.44,sl,-0.003991,0,0.6643,4
2022-11-08 11:25:00,SHORT,0.44,0.44,tp,0.004025,1,0.7333,4
2022-11-08 12:30:00,SHORT,0.44,0.44,sl,-0.003991,0,0.6569,4
2022-11-08 13:00:00,SHORT,0.44,0.44,tp,0.004025,1,0.6907,4
2022-11-08 14:25:00,SHORT,0.44,0.43,tp,0.004025,1,0.6583,4
2022-11-08 14:50:00,SHORT,0.44,0.44,tp,0.004025,1,0.6995,4
2022-11-08 16:10:00,SHORT,0.45,0.45,tp,0.004025,1,0.7653,4
2022-11-08 16:30:00,SHORT,0.46,0.45,tp,0.004025,1,0.8033,4
2022-11-08 18:05:00,LONG,0.41,0.42,tp,0.004,1,0.7421,4
2022-11-08 18:20:00,LONG,0.41,0.41,tp,0.004,1,0.6952,4
2022-11-08 18:35:00,SHORT,0.41,0.41,tp,0.004025,1,0.6649,4
2022-11-08 18:40:00,LONG,0.41,0.41,tp,0.004,1,0.6888,4
2022-11-08 19:20:00,LONG,0.39,0.38,sl,-0.004,0,0.6694,4
2022-11-08 19:25:00,SHORT,0.38,0.38,tp,0.004025,1,0.6576,4
2022-11-08 19:30:00,LONG,0.36,0.36,tp,0.004,1,0.6946,4
2022-11-08 19:35:00,LONG,0.38,0.38,tp,0.004,1,0.6554,4
2022-11-08 19:45:00,LONG,0.39,0.39,sl,-0.004,0,0.6617,4
2022-11-08 20:00:00,SHORT,0.4,0.39,tp,0.004025,1,0.7884,4
2022-11-08 20:05:00,SHORT,0.39,0.39,tp,0.004025,1,0.6539,4
2022-11-08 20:10:00,LONG,0.39,0.39,tp,0.004,1,0.7055,4
2022-11-08 20:45:00,SHORT,0.4,0.4,tp,0.004025,1,0.778,4
2022-11-08 20:50:00,LONG,0.4,0.4,sl,-0.004,0,0.6584,4
2022-11-08 21:10:00,SHORT,0.4,0.4,tp,0.004025,1,0.8016,4
2022-11-08 21:50:00,SHORT,0.41,0.4,tp,0.004025,1,0.8298,4
2022-11-08 22:25:00,SHORT,0.4,0.4,tp,0.004025,1,0.6631,4
2022-11-08 23:10:00,SHORT,0.4,0.4,tp,0.004025,1,0.7807,4
2022-11-08 23:40:00,SHORT,0.41,0.41,tp,0.004025,1,0.8545,4
2022-11-08 23:45:00,SHORT,0.41,0.41,tp,0.004025,1,0.6718,4
2022-11-09 00:20:00,SHORT,0.41,0.41,tp,0.004025,1,0.8393,4
2022-11-09 01:05:00,SHORT,0.4,0.4,tp,0.004025,1,0.7376,4
2022-11-09 01:25:00,LONG,0.4,0.4,tp,0.004,1,0.7054,4
2022-11-09 02:10:00,LONG,0.39,0.39,tp,0.004,1,0.6636,4
2022-11-09 02:25:00,SHORT,0.39,0.39,tp,0.004025,1,0.7268,4
2022-11-09 03:55:00,SHORT,0.39,0.39,tp,0.004025,1,0.7152,4
2022-11-09 04:05:00,LONG,0.39,0.39,tp,0.004,1,0.689,4
2022-11-09 04:20:00,SHORT,0.39,0.39,sl,-0.003991,0,0.6865,4
2022-11-09 05:45:00,SHORT,0.39,0.39,tp,0.004025,1,0.7223,4
2022-11-09 06:50:00,SHORT,0.39,0.39,sl,-0.003991,0,0.6569,4
2022-11-09 07:15:00,SHORT,0.39,0.39,tp,0.004025,1,0.707,4
2022-11-09 07:45:00,LONG,0.39,0.39,tp,0.004,1,0.6865,4
2022-11-09 07:50:00,SHORT,0.39,0.39,tp,0.004025,1,0.6551,4
2022-11-09 08:10:00,LONG,0.38,0.38,tp,0.004,1,0.7159,4
2022-11-09 08:25:00,SHORT,0.38,0.38,tp,0.004025,1,0.7167,4
2022-11-09 08:35:00,LONG,0.37,0.38,tp,0.004,1,0.7367,4
2022-11-09 09:15:00,LONG,0.36,0.37,tp,0.004,1,0.7465,4
2022-11-09 09:20:00,SHORT,0.37,0.37,tp,0.004025,1,0.7777,4
2022-11-09 10:00:00,SHORT,0.37,0.36,tp,0.004025,1,0.6693,4
2022-11-09 10:20:00,LONG,0.36,0.36,sl,-0.004,0,0.6525,4
2022-11-09 10:35:00,SHORT,0.37,0.37,tp,0.004025,1,0.7848,4
2022-11-09 11:05:00,LONG,0.37,0.37,tp,0.004,1,0.6729,4
2022-11-09 11:20:00,SHORT,0.37,0.37,tp,0.004025,1,0.71,4
2022-11-09 12:10:00,SHORT,0.38,0.38,tp,0.004025,1,0.8535,4
2022-11-09 12:20:00,LONG,0.38,0.38,tp,0.004,1,0.6761,4
2022-11-09 12:55:00,SHORT,0.38,0.38,sl,-0.003991,0,0.6619,4
2022-11-09 14:10:00,SHORT,0.38,0.38,tp,0.004025,1,0.7042,4
2022-11-09 14:30:00,LONG,0.37,0.38,tp,0.004,1,0.6886,4
2022-11-09 14:45:00,SHORT,0.38,0.38,tp,0.004025,1,0.7615,4
2022-11-09 15:05:00,SHORT,0.38,0.38,tp,0.004025,1,0.7467,4
2022-11-09 15:35:00,SHORT,0.37,0.37,tp,0.004025,1,0.7009,4
2022-11-09 15:40:00,LONG,0.37,0.37,sl,-0.004,0,0.6973,4
2022-11-09 15:55:00,LONG,0.36,0.36,tp,0.004,1,0.7303,4
2022-11-09 16:00:00,SHORT,0.36,0.36,tp,0.004025,1,0.7412,4
2022-11-09 16:25:00,LONG,0.36,0.36,tp,0.004,1,0.7192,4
2022-11-09 17:40:00,LONG,0.36,0.36,sl,-0.004,0,0.6883,4
2022-11-09 18:40:00,LONG,0.34,0.34,tp,0.004,1,0.7305,4
2022-11-09 18:45:00,SHORT,0.35,0.35,tp,0.004025,1,0.7991,4
2022-11-09 19:00:00,SHORT,0.35,0.35,tp,0.004025,1,0.7959,4
2022-11-09 19:20:00,SHORT,0.36,0.36,tp,0.004025,1,0.8007,4
2022-11-09 19:40:00,SHORT,0.36,0.36,tp,0.004025,1,0.7922,4
2022-11-09 19:50:00,LONG,0.35,0.36,tp,0.004,1,0.7031,4
2022-11-09 20:05:00,LONG,0.35,0.36,tp,0.004,1,0.7105,4
2022-11-09 20:20:00,LONG,0.35,0.35,tp,0.004,1,0.7267,4
2022-11-09 21:20:00,SHORT,0.33,0.33,tp,0.004025,1,0.6698,4
2022-11-09 21:25:00,LONG,0.33,0.34,tp,0.004,1,0.7028,4
2022-11-09 21:50:00,SHORT,0.33,0.33,sl,-0.003991,0,0.6826,4
2022-11-09 22:00:00,SHORT,0.33,0.33,tp,0.004025,1,0.715,4
2022-11-09 22:05:00,LONG,0.32,0.32,tp,0.004,1,0.7364,4
2022-11-09 22:25:00,SHORT,0.33,0.33,tp,0.004025,1,0.7611,4
2022-11-09 22:35:00,LONG,0.33,0.33,tp,0.004,1,0.6938,4
2022-11-09 23:10:00,SHORT,0.33,0.33,tp,0.004025,1,0.7694,4
2022-11-09 23:20:00,LONG,0.33,0.33,tp,0.004,1,0.7066,4
2022-11-10 00:00:00,LONG,0.33,0.33,tp,0.004,1,0.6585,4
2022-11-10 00:05:00,LONG,0.33,0.34,tp,0.004,1,0.6716,4
2022-11-10 00:10:00,SHORT,0.34,0.34,tp,0.004025,1,0.7775,4
2022-11-10 00:30:00,LONG,0.35,0.35,tp,0.004,1,0.6683,4
2022-11-10 00:35:00,LONG,0.35,0.35,tp,0.004,1,0.6809,4
2022-11-10 00:40:00,SHORT,0.35,0.35,tp,0.004025,1,0.855,4
2022-11-10 01:00:00,SHORT,0.35,0.35,tp,0.004025,1,0.8634,4
2022-11-10 01:05:00,SHORT,0.35,0.35,tp,0.004025,1,0.6513,4
2022-11-10 01:10:00,SHORT,0.35,0.35,tp,0.004025,1,0.6854,4
2022-11-10 01:15:00,SHORT,0.35,0.34,tp,0.004025,1,0.6779,4
2022-11-10 01:25:00,LONG,0.34,0.35,tp,0.004,1,0.6857,4
2022-11-10 01:35:00,SHORT,0.35,0.34,tp,0.004025,1,0.8015,4
2022-11-10 01:40:00,SHORT,0.35,0.34,tp,0.004025,1,0.654,4
2022-11-10 01:50:00,SHORT,0.34,0.34,sl,-0.003991,0,0.6578,4
2022-11-10 02:40:00,SHORT,0.34,0.34,tp,0.004025,1,0.7857,4
2022-11-10 02:50:00,LONG,0.34,0.34,tp,0.004,1,0.6566,4
2022-11-10 03:20:00,SHORT,0.35,0.35,tp,0.004025,1,0.7759,4
2022-11-10 03:40:00,SHORT,0.36,0.35,tp,0.004025,1,0.8063,4
2022-11-10 04:20:00,SHORT,0.36,0.35,tp,0.004025,1,0.8102,4
2022-11-10 04:25:00,LONG,0.35,0.35,tp,0.004,1,0.6767,4
2022-11-10 05:05:00,LONG,0.37,0.37,tp,0.004,1,0.6814,4
2022-11-10 05:10:00,SHORT,0.37,0.37,tp,0.004025,1,0.7958,4
2022-11-10 05:30:00,SHORT,0.37,0.37,tp,0.004025,1,0.6908,4
2022-11-10 05:55:00,SHORT,0.37,0.37,tp,0.004025,1,0.6872,4
2022-11-10 06:25:00,SHORT,0.37,0.37,tp,0.004025,1,0.7549,4
2022-11-10 06:55:00,LONG,0.37,0.37,tp,0.004,1,0.7008,4
2022-11-10 08:20:00,LONG,0.36,0.36,tp,0.004,1,0.7188,4
2022-11-10 09:30:00,LONG,0.36,0.36,tp,0.004,1,0.67,4
2022-11-10 11:10:00,SHORT,0.36,0.36,tp,0.004025,1,0.6913,4
2022-11-10 12:30:00,SHORT,0.37,0.37,tp,0.004025,1,0.821,4
2022-11-10 13:30:00,SHORT,0.38,0.38,tp,0.004025,1,0.803,4
2022-11-10 13:55:00,SHORT,0.39,0.39,tp,0.004025,1,0.8141,4
2022-11-10 14:10:00,SHORT,0.39,0.39,tp,0.004025,1,0.775,4
2022-11-10 14:15:00,LONG,0.38,0.38,tp,0.004,1,0.6792,4
2022-11-10 14:30:00,SHORT,0.38,0.38,sl,-0.003991,0,0.6557,4
2022-11-10 15:00:00,LONG,0.39,0.39,tp,0.004,1,0.6513,4
2022-11-10 16:25:00,SHORT,0.4,0.39,tp,0.004025,1,0.8216,4
2022-11-10 17:05:00,LONG,0.39,0.39,tp,0.004,1,0.6599,4
2022-11-10 19:05:00,SHORT,0.38,0.38,tp,0.004025,1,0.7868,4
2022-11-10 19:15:00,LONG,0.38,0.38,tp,0.004,1,0.6763,4
2022-11-10 19:55:00,SHORT,0.39,0.39,tp,0.004025,1,0.8056,4
2022-11-10 20:50:00,SHORT,0.4,0.4,tp,0.004025,1,0.8201,4
2022-11-10 21:20:00,SHORT,0.4,0.4,tp,0.004025,1,0.7967,4
2022-11-10 23:35:00,SHORT,0.4,0.39,tp,0.004025,1,0.7331,4
2022-11-11 00:30:00,SHORT,0.39,0.39,tp,0.004025,1,0.7195,4
2022-11-11 00:40:00,LONG,0.39,0.39,tp,0.004,1,0.6603,4
2022-11-11 01:05:00,SHORT,0.4,0.4,tp,0.004025,1,0.8092,4
2022-11-11 01:35:00,LONG,0.39,0.39,sl,-0.004,0,0.6619,4
2022-11-11 02:10:00,LONG,0.38,0.38,tp,0.004,1,0.6985,4
2022-11-11 02:35:00,SHORT,0.38,0.38,tp,0.004025,1,0.6832,4
2022-11-11 03:00:00,SHORT,0.38,0.38,tp,0.004025,1,0.6506,4
2022-11-11 03:20:00,LONG,0.38,0.38,sl,-0.004,0,0.6982,4
2022-11-11 04:00:00,LONG,0.38,0.38,tp,0.004,1,0.6555,4
2022-11-11 04:10:00,SHORT,0.38,0.38,sl,-0.003991,0,0.7097,4
2022-11-11 05:25:00,SHORT,0.39,0.39,sl,-0.003991,0,0.781,4
2022-11-11 05:45:00,SHORT,0.39,0.39,tp,0.004025,1,0.8034,4
2022-11-11 06:00:00,SHORT,0.39,0.39,tp,0.004025,1,0.7495,4
2022-11-11 06:50:00,SHORT,0.39,0.38,tp,0.004025,1,0.7095,4
2022-11-11 07:15:00,SHORT,0.39,0.39,tp,0.004025,1,0.6692,4
2022-11-11 08:40:00,SHORT,0.39,0.4,sl,-0.003991,0,0.7993,4
2022-11-11 08:55:00,SHORT,0.39,0.39,tp,0.004025,1,0.7155,4
2022-11-11 09:35:00,SHORT,0.39,0.39,sl,-0.003991,0,0.6505,4
2022-11-11 10:00:00,SHORT,0.39,0.39,tp,0.004025,1,0.7124,4
2022-11-11 11:10:00,SHORT,0.39,0.39,tp,0.004025,1,0.6985,4
2022-11-11 11:45:00,LONG,0.39,0.39,tp,0.004,1,0.6519,4
2022-11-11 12:00:00,SHORT,0.39,0.39,tp,0.004025,1,0.7256,4
2022-11-11 13:25:00,SHORT,0.4,0.39,tp,0.004025,1,0.7407,4
2022-11-11 14:20:00,LONG,0.37,0.37,tp,0.004,1,0.7066,4
2022-11-11 14:45:00,SHORT,0.38,0.38,tp,0.004025,1,0.7515,4
2022-11-11 15:05:00,LONG,0.37,0.37,tp,0.004,1,0.7197,4
2022-11-11 15:20:00,SHORT,0.38,0.38,sl,-0.003991,0,0.7,4
2022-11-11 15:55:00,SHORT,0.38,0.37,tp,0.004025,1,0.7344,4
2022-11-11 18:05:00,SHORT,0.38,0.38,tp,0.004025,1,0.7937,4
2022-11-11 18:30:00,SHORT,0.38,0.38,tp,0.004025,1,0.655,4
2022-11-11 19:40:00,SHORT,0.38,0.37,tp,0.004025,1,0.6727,4
2022-11-11 19:45:00,LONG,0.37,0.38,tp,0.004,1,0.6803,4
2022-11-11 20:35:00,LONG,0.37,0.37,tp,0.004,1,0.7043,4
2022-11-11 21:20:00,SHORT,0.38,0.38,sl,-0.003991,0,0.7404,4
2022-11-11 22:15:00,SHORT,0.38,0.38,sl,-0.003991,0,0.7569,4
2022-11-12 00:20:00,LONG,0.38,0.38,sl,-0.004,0,0.6856,4
2022-11-12 01:00:00,SHORT,0.38,0.38,tp,0.004025,1,0.6795,4
2022-11-12 01:10:00,LONG,0.37,0.38,tp,0.004,1,0.6691,4
2022-11-12 03:20:00,LONG,0.37,0.38,tp,0.004,1,0.6906,4
2022-11-12 04:00:00,SHORT,0.38,0.37,tp,0.004025,1,0.6615,4
2022-11-12 06:05:00,SHORT,0.37,0.37,sl,-0.003991,0,0.6612,4
2022-11-12 06:20:00,SHORT,0.37,0.37,tp,0.004025,1,0.6834,4
2022-11-12 06:35:00,SHORT,0.37,0.37,sl,-0.003991,0,0.7365,4
2022-11-12 08:15:00,SHORT,0.37,0.37,tp,0.004025,1,0.6862,4
2022-11-12 08:30:00,LONG,0.37,0.37,tp,0.004,1,0.6648,4
2022-11-12 08:40:00,SHORT,0.37,0.37,tp,0.004025,1,0.6588,4
2022-11-12 12:55:00,SHORT,0.37,0.37,tp,0.004025,1,0.651,4
2022-11-12 14:00:00,LONG,0.37,0.37,tp,0.004,1,0.6773,4
2022-11-12 16:30:00,LONG,0.37,0.37,tp,0.004,1,0.6693,4
2022-11-12 18:55:00,SHORT,0.36,0.37,sl,-0.003991,0,0.6785,4
2022-11-12 20:30:00,LONG,0.36,0.37,tp,0.004,1,0.6571,4
2022-11-13 00:20:00,SHORT,0.37,0.36,tp,0.004025,1,0.7743,4
2022-11-13 00:45:00,SHORT,0.37,0.36,timeout,0.002114,1,0.6924,4
2022-11-13 01:20:00,SHORT,0.37,0.37,timeout,-0.003637,0,0.6783,4
2022-11-13 06:30:00,LONG,0.36,0.36,tp,0.004,1,0.6556,4
2022-11-13 07:20:00,LONG,0.36,0.36,tp,0.004,1,0.666,4
2022-11-13 09:20:00,SHORT,0.35,0.35,tp,0.004025,1,0.6524,4
2022-11-13 09:25:00,LONG,0.35,0.35,tp,0.004,1,0.6556,4
2022-11-13 09:40:00,SHORT,0.35,0.35,tp,0.004025,1,0.6819,4
2022-11-13 10:00:00,SHORT,0.35,0.35,tp,0.004025,1,0.6627,4
2022-11-13 11:00:00,SHORT,0.35,0.35,tp,0.004025,1,0.6891,4
2022-11-13 11:10:00,LONG,0.35,0.35,tp,0.004,1,0.6892,4
2022-11-13 12:10:00,LONG,0.35,0.35,sl,-0.004,0,0.6673,4
2022-11-13 13:00:00,LONG,0.35,0.35,tp,0.004,1,0.6605,4
2022-11-13 14:40:00,LONG,0.35,0.35,tp,0.004,1,0.6573,4
2022-11-13 19:00:00,SHORT,0.34,0.34,tp,0.004025,1,0.652,4
2022-11-13 21:00:00,LONG,0.33,0.34,tp,0.004,1,0.6966,4
2022-11-13 21:20:00,SHORT,0.34,0.34,tp,0.004025,1,0.6733,4
2022-11-13 21:35:00,SHORT,0.34,0.34,tp,0.004025,1,0.7118,4
2022-11-13 22:55:00,SHORT,0.34,0.34,tp,0.004025,1,0.7233,4
2022-11-13 23:20:00,SHORT,0.34,0.34,tp,0.004025,1,0.6734,4
2022-11-13 23:30:00,LONG,0.34,0.34,tp,0.004,1,0.6871,4
2022-11-14 00:10:00,SHORT,0.34,0.34,tp,0.004025,1,0.7347,4
2022-11-14 00:20:00,LONG,0.33,0.33,tp,0.004,1,0.7101,4
2022-11-14 01:10:00,SHORT,0.34,0.34,tp,0.004025,1,0.6831,4
2022-11-14 01:45:00,LONG,0.33,0.33,tp,0.004,1,0.6548,4
2022-11-14 02:10:00,LONG,0.33,0.33,tp,0.004,1,0.6986,4
2022-11-14 02:40:00,SHORT,0.33,0.33,tp,0.004025,1,0.763,4
2022-11-14 03:30:00,SHORT,0.33,0.33,tp,0.004025,1,0.7488,4
2022-11-14 04:30:00,SHORT,0.33,0.33,tp,0.004025,1,0.6792,4
2022-11-14 04:45:00,SHORT,0.33,0.33,sl,-0.003991,0,0.6572,4
2022-11-14 05:10:00,LONG,0.33,0.33,sl,-0.004,0,0.6695,4
2022-11-14 05:20:00,SHORT,0.33,0.32,tp,0.004025,1,0.657,4
2022-11-14 05:40:00,LONG,0.32,0.32,tp,0.004,1,0.7015,4
2022-11-14 06:55:00,SHORT,0.34,0.34,tp,0.004025,1,0.8116,4
2022-11-14 07:15:00,LONG,0.34,0.34,tp,0.004,1,0.6553,4
2022-11-14 08:05:00,SHORT,0.35,0.35,sl,-0.003991,0,0.6516,4
2022-11-14 10:00:00,SHORT,0.35,0.35,tp,0.004025,1,0.7559,4
2022-11-14 10:35:00,SHORT,0.35,0.35,tp,0.004025,1,0.7891,4
2022-11-14 11:50:00,SHORT,0.35,0.35,tp,0.004025,1,0.6874,4
2022-11-14 13:10:00,SHORT,0.36,0.36,sl,-0.003991,0,0.6801,4
2022-11-14 13:50:00,LONG,0.35,0.35,tp,0.004,1,0.6692,4
2022-11-14 15:50:00,SHORT,0.35,0.34,tp,0.004025,1,0.7398,4
2022-11-14 18:35:00,SHORT,0.35,0.35,sl,-0.003991,0,0.6846,4
2022-11-14 19:05:00,SHORT,0.35,0.34,tp,0.004025,1,0.713,4
2022-11-14 19:20:00,SHORT,0.35,0.35,sl,-0.003991,0,0.7617,4
2022-11-14 20:40:00,SHORT,0.37,0.37,tp,0.004025,1,0.7699,4
2022-11-14 21:15:00,SHORT,0.37,0.37,tp,0.004025,1,0.8039,4
2022-11-14 21:40:00,SHORT,0.37,0.37,tp,0.004025,1,0.7382,4
2022-11-14 21:55:00,SHORT,0.37,0.37,sl,-0.003991,0,0.7106,4
2022-11-14 22:50:00,SHORT,0.37,0.37,sl,-0.003991,0,0.6977,4
2022-11-14 23:15:00,SHORT,0.38,0.38,sl,-0.003991,0,0.6989,4
2022-11-14 23:35:00,SHORT,0.38,0.37,tp,0.004025,1,0.7034,4
2022-11-15 00:10:00,SHORT,0.38,0.38,tp,0.004025,1,0.6567,4
2022-11-15 00:15:00,LONG,0.38,0.38,tp,0.004,1,0.7059,4
2022-11-15 00:30:00,SHORT,0.38,0.38,tp,0.004025,1,0.7365,4
2022-11-15 01:45:00,SHORT,0.38,0.37,tp,0.004025,1,0.7151,4
2022-11-15 03:00:00,SHORT,0.37,0.37,tp,0.004025,1,0.6524,4
2022-11-15 04:00:00,LONG,0.37,0.37,tp,0.004,1,0.6772,4
2022-11-15 06:10:00,SHORT,0.38,0.38,tp,0.004025,1,0.8063,4
2022-11-15 06:30:00,SHORT,0.38,0.38,tp,0.004025,1,0.7547,4
2022-11-15 07:45:00,SHORT,0.38,0.38,tp,0.004025,1,0.7738,4
2022-11-15 08:20:00,SHORT,0.38,0.38,sl,-0.003991,0,0.7059,4
2022-11-15 08:40:00,SHORT,0.38,0.38,sl,-0.003991,0,0.7447,4
2022-11-15 09:05:00,SHORT,0.39,0.39,tp,0.004025,1,0.7491,4
2022-11-15 10:25:00,SHORT,0.39,0.38,tp,0.004025,1,0.7317,4
2022-11-15 13:10:00,SHORT,0.38,0.39,sl,-0.003991,0,0.749,4
2022-11-15 13:30:00,SHORT,0.39,0.39,tp,0.004025,1,0.6766,4
2022-11-15 14:00:00,SHORT,0.39,0.39,tp,0.004025,1,0.6644,4
2022-11-15 14:55:00,SHORT,0.39,0.39,tp,0.004025,1,0.6626,4
2022-11-15 15:10:00,LONG,0.38,0.39,tp,0.004,1,0.6635,4
2022-11-15 15:30:00,SHORT,0.39,0.39,sl,-0.003991,0,0.7046,4
2022-11-15 16:10:00,SHORT,0.4,0.39,tp,0.004025,1,0.7977,4
2022-11-15 18:35:00,LONG,0.38,0.38,tp,0.004,1,0.6723,4
2022-11-15 19:20:00,SHORT,0.38,0.38,sl,-0.003991,0,0.7184,4
2022-11-15 19:30:00,LONG,0.38,0.38,tp,0.004,1,0.6633,4
2022-11-15 20:00:00,SHORT,0.39,0.38,tp,0.004025,1,0.711,4
2022-11-15 20:25:00,SHORT,0.38,0.38,tp,0.004025,1,0.6994,4
2022-11-15 20:50:00,LONG,0.38,0.38,tp,0.004,1,0.6791,4
2022-11-15 21:25:00,SHORT,0.38,0.39,sl,-0.003991,0,0.6545,4
2022-11-15 21:50:00,SHORT,0.39,0.39,tp,0.004025,1,0.7362,4
2022-11-15 22:30:00,SHORT,0.39,0.39,tp,0.004025,1,0.7492,4
2022-11-15 22:55:00,SHORT,0.39,0.39,tp,0.004025,1,0.6873,4
2022-11-15 23:05:00,LONG,0.39,0.39,sl,-0.004,0,0.6534,4
2022-11-15 23:15:00,SHORT,0.39,0.39,tp,0.004025,1,0.7032,4
2022-11-15 23:40:00,SHORT,0.39,0.39,tp,0.004025,1,0.6753,4
2022-11-16 00:20:00,LONG,0.38,0.38,tp,0.004,1,0.6714,4
2022-11-16 00:40:00,SHORT,0.38,0.38,tp,0.004025,1,0.6527,4
2022-11-16 01:05:00,SHORT,0.38,0.38,tp,0.004025,1,0.6706,4
2022-11-16 02:30:00,SHORT,0.38,0.38,tp,0.004025,1,0.6869,4
2022-11-16 05:20:00,SHORT,0.39,0.39,tp,0.004025,1,0.7571,4
2022-11-16 05:45:00,SHORT,0.39,0.39,tp,0.004025,1,0.7069,4
2022-11-16 07:25:00,SHORT,0.39,0.39,sl,-0.003991,0,0.664,4
2022-11-16 09:45:00,SHORT,0.38,0.38,sl,-0.003991,0,0.6788,4
2022-11-16 10:05:00,SHORT,0.38,0.38,tp,0.004025,1,0.6816,4
2022-11-16 11:15:00,SHORT,0.38,0.38,tp,0.004025,1,0.6546,4
2022-11-16 14:30:00,SHORT,0.37,0.37,tp,0.004025,1,0.6971,4
2022-11-16 15:45:00,LONG,0.36,0.37,tp,0.004,1,0.6945,4
2022-11-16 16:10:00,SHORT,0.37,0.37,sl,-0.003991,0,0.6542,4
2022-11-16 17:15:00,SHORT,0.37,0.37,sl,-0.003991,0,0.6693,4
2022-11-16 20:15:00,LONG,0.37,0.37,tp,0.004,1,0.6792,4
2022-11-16 22:55:00,SHORT,0.38,0.38,tp,0.004025,1,0.6818,4
2022-11-16 23:30:00,SHORT,0.38,0.37,tp,0.004025,1,0.6974,4
2022-11-17 01:35:00,SHORT,0.38,0.38,timeout,-0.001204,0,0.6525,4
2022-11-17 03:05:00,SHORT,0.38,0.38,tp,0.004025,1,0.6867,4
2022-11-17 04:30:00,SHORT,0.38,0.38,sl,-0.003991,0,0.6715,4
2022-11-17 05:05:00,SHORT,0.39,0.38,tp,0.004025,1,0.7813,4
2022-11-17 06:15:00,SHORT,0.38,0.38,tp,0.004025,1,0.7154,4
2022-11-17 14:05:00,LONG,0.37,0.38,tp,0.004,1,0.6513,4
2022-11-17 14:35:00,SHORT,0.38,0.38,sl,-0.003991,0,0.6774,4
2022-11-17 15:20:00,SHORT,0.38,0.38,tp,0.004025,1,0.6799,4
2022-11-17 16:10:00,SHORT,0.38,0.37,tp,0.004025,1,0.7001,4
2022-11-17 16:25:00,SHORT,0.38,0.37,tp,0.004025,1,0.6814,4
2022-11-17 16:50:00,LONG,0.37,0.37,sl,-0.004,0,0.6572,4
2022-11-17 19:45:00,SHORT,0.38,0.38,tp,0.004025,1,0.6515,4
2022-11-18 00:55:00,SHORT,0.39,0.38,tp,0.004025,1,0.7407,4
2022-11-18 01:20:00,SHORT,0.39,0.38,tp,0.004025,1,0.6833,4
2022-11-18 18:25:00,SHORT,0.38,0.38,sl,-0.003991,0,0.6501,4
2022-11-20 00:35:00,SHORT,0.39,0.39,sl,-0.003991,0,0.7302,4
2022-11-20 01:05:00,SHORT,0.39,0.39,tp,0.004025,1,0.7518,4
2022-11-20 23:05:00,LONG,0.36,0.36,tp,0.004,1,0.6734,4
2022-11-21 00:50:00,SHORT,0.36,0.36,tp,0.004025,1,0.7683,4
2022-11-21 01:35:00,LONG,0.36,0.36,tp,0.004,1,0.6632,4
2022-11-21 04:15:00,SHORT,0.36,0.36,tp,0.004025,1,0.7674,4
2022-11-21 04:45:00,SHORT,0.36,0.36,tp,0.004025,1,0.8008,4
2022-11-21 05:40:00,SHORT,0.36,0.36,tp,0.004025,1,0.7751,4
2022-11-21 06:00:00,SHORT,0.36,0.36,tp,0.004025,1,0.6688,4
2022-11-21 07:40:00,LONG,0.35,0.35,tp,0.004,1,0.6807,4
2022-11-21 09:25:00,LONG,0.35,0.35,tp,0.004,1,0.6738,4
2022-11-21 09:50:00,SHORT,0.35,0.35,tp,0.004025,1,0.6584,4
2022-11-21 12:20:00,SHORT,0.35,0.35,sl,-0.003991,0,0.6802,4
2022-11-21 12:45:00,SHORT,0.35,0.35,sl,-0.003991,0,0.6596,4
2022-11-21 13:20:00,SHORT,0.36,0.36,tp,0.004025,1,0.7543,4
2022-11-21 14:30:00,LONG,0.35,0.36,tp,0.004,1,0.6598,4
2022-11-21 16:30:00,LONG,0.35,0.35,tp,0.004,1,0.6817,4
2022-11-21 16:45:00,SHORT,0.36,0.35,tp,0.004025,1,0.6792,4
2022-11-21 17:40:00,SHORT,0.36,0.36,tp,0.004025,1,0.6528,4
2022-11-21 18:05:00,LONG,0.35,0.35,tp,0.004,1,0.6761,4
2022-11-21 19:45:00,SHORT,0.35,0.35,sl,-0.003991,0,0.6576,4
2022-11-21 20:05:00,SHORT,0.36,0.36,tp,0.004025,1,0.6982,4
2022-11-21 20:35:00,SHORT,0.36,0.36,sl,-0.003991,0,0.6503,4
2022-11-21 21:40:00,SHORT,0.36,0.36,tp,0.004025,1,0.7477,4
2022-11-21 22:40:00,SHORT,0.36,0.36,tp,0.004025,1,0.8111,4
2022-11-22 00:05:00,SHORT,0.37,0.36,tp,0.004025,1,0.7318,4
2022-11-22 00:20:00,SHORT,0.37,0.36,tp,0.004025,1,0.7146,4
2022-11-22 01:55:00,LONG,0.36,0.36,tp,0.004,1,0.6527,4
2022-11-22 05:30:00,LONG,0.35,0.36,tp,0.004,1,0.6519,4
2022-11-22 07:05:00,LONG,0.35,0.35,tp,0.004,1,0.6749,4
2022-11-22 08:10:00,SHORT,0.36,0.35,tp,0.004025,1,0.672,4
2022-11-22 10:15:00,SHORT,0.36,0.36,sl,-0.003991,0,0.7617,4
2022-11-22 10:30:00,SHORT,0.36,0.36,timeout,0.002158,1,0.6789,4
2022-11-22 10:55:00,SHORT,0.36,0.36,tp,0.004025,1,0.6953,4
2022-11-22 11:45:00,SHORT,0.36,0.36,sl,-0.003991,0,0.6601,4
2022-11-22 13:30:00,SHORT,0.37,0.37,tp,0.004025,1,0.7271,4
2022-11-22 13:55:00,SHORT,0.37,0.37,tp,0.004025,1,0.7539,4
2022-11-22 14:45:00,SHORT,0.37,0.37,sl,-0.003991,0,0.6533,4
2022-11-22 15:50:00,SHORT,0.37,0.37,tp,0.004025,1,0.6541,4
2022-11-22 16:30:00,SHORT,0.37,0.37,tp,0.004025,1,0.6573,4
2022-11-22 17:55:00,LONG,0.37,0.37,tp,0.004,1,0.6598,4
2022-11-23 02:30:00,SHORT,0.38,0.38,tp,0.004025,1,0.739,4
2022-11-23 03:05:00,SHORT,0.38,0.38,sl,-0.003991,0,0.6613,4
2022-11-23 03:45:00,SHORT,0.38,0.38,sl,-0.003991,0,0.6965,4
2022-11-24 15:50:00,SHORT,0.39,0.39,sl,-0.003991,0,0.697,4
2022-11-24 17:40:00,SHORT,0.4,0.4,tp,0.004025,1,0.6522,4
2022-11-24 18:20:00,SHORT,0.4,0.4,tp,0.004025,1,0.6783,4
2022-11-24 20:00:00,SHORT,0.4,0.4,sl,-0.003991,0,0.6638,4
2022-11-24 20:20:00,SHORT,0.4,0.4,tp,0.004025,1,0.682,4
2022-11-25 06:35:00,SHORT,0.41,0.42,sl,-0.003991,0,0.6789,4
2022-11-25 06:45:00,LONG,0.41,0.41,tp,0.004,1,0.6579,4
2022-11-25 07:10:00,SHORT,0.42,0.42,tp,0.004025,1,0.7871,4
2022-11-25 07:45:00,SHORT,0.42,0.42,sl,-0.003991,0,0.7269,4
2022-11-25 08:00:00,SHORT,0.42,0.41,tp,0.004025,1,0.6844,4
2022-11-25 09:00:00,SHORT,0.41,0.41,tp,0.004025,1,0.6797,4
2022-11-25 09:55:00,SHORT,0.41,0.41,tp,0.004025,1,0.6977,4
2022-11-25 10:10:00,SHORT,0.41,0.41,tp,0.004025,1,0.7385,4
2022-11-25 11:35:00,SHORT,0.41,0.4,tp,0.004025,1,0.6797,4
2022-11-25 13:50:00,SHORT,0.41,0.4,tp,0.004025,1,0.7197,4
2022-11-25 15:00:00,SHORT,0.4,0.4,tp,0.004025,1,0.6676,4
2022-11-25 16:30:00,LONG,0.4,0.4,tp,0.004,1,0.6694,4
2022-11-25 23:20:00,SHORT,0.41,0.41,tp,0.004025,1,0.6788,4
2022-11-28 00:40:00,SHORT,0.4,0.4,tp,0.004025,1,0.6549,4
2022-11-28 01:10:00,SHORT,0.39,0.39,tp,0.004025,1,0.6728,4
2022-11-28 05:05:00,SHORT,0.38,0.38,tp,0.004025,1,0.6607,4
2022-11-28 16:15:00,LONG,0.37,0.38,tp,0.004,1,0.6738,4
2022-11-28 16:55:00,SHORT,0.39,0.39,sl,-0.003991,0,0.6919,4
2022-11-28 17:20:00,SHORT,0.38,0.39,sl,-0.003991,0,0.7011,4
2022-11-28 17:35:00,SHORT,0.39,0.39,sl,-0.003991,0,0.725,4
2022-11-28 18:00:00,SHORT,0.39,0.39,tp,0.004025,1,0.7095,4
2022-11-29 00:10:00,LONG,0.39,0.39,tp,0.004,1,0.6514,4
2022-11-29 02:05:00,SHORT,0.39,0.39,tp,0.004025,1,0.6567,4
2022-11-29 04:30:00,SHORT,0.39,0.39,sl,-0.003991,0,0.7059,4
2022-11-29 21:05:00,SHORT,0.4,0.4,tp,0.004025,1,0.6666,4
2022-11-30 01:55:00,SHORT,0.41,0.41,tp,0.004025,1,0.6688,4
2022-12-05 20:05:00,SHORT,0.39,0.39,sl,-0.003991,0,0.6756,4
2022-12-07 07:35:00,SHORT,0.38,0.38,sl,-0.003991,0,0.7212,4
2022-12-07 08:55:00,SHORT,0.38,0.38,tp,0.004025,1,0.6969,4
2022-12-14 21:05:00,SHORT,0.38,0.38,sl,-0.003991,0,0.6786,4
2022-12-16 09:00:00,SHORT,0.37,0.37,tp,0.004025,1,0.7039,4
2022-12-16 22:35:00,LONG,0.35,0.35,tp,0.004,1,0.6792,4
2022-12-17 00:35:00,SHORT,0.35,0.36,sl,-0.003991,0,0.8005,4
2022-12-17 01:15:00,SHORT,0.36,0.35,tp,0.004025,1,0.7487,4
2022-12-19 18:50:00,LONG,0.33,0.33,tp,0.004,1,0.6861,4
2022-12-20 00:20:00,SHORT,0.34,0.34,tp,0.004025,1,0.699,4
2022-12-20 01:35:00,SHORT,0.34,0.34,sl,-0.003991,0,0.6677,4
2022-12-20 03:00:00,LONG,0.34,0.34,tp,0.004,1,0.654,4
2022-12-20 04:50:00,SHORT,0.34,0.34,sl,-0.003991,0,0.6721,4
2022-12-27 08:25:00,SHORT,0.37,0.37,sl,-0.003991,0,0.692,4
2022-12-27 15:40:00,SHORT,0.37,0.37,tp,0.004025,1,0.6839,4
2022-12-29 00:45:00,LONG,0.35,0.35,sl,-0.004,0,0.6549,4
2022-12-29 23:30:00,SHORT,0.34,0.34,tp,0.004025,1,0.6875,4
