entry_time,direction,entry,exit,exit_type,pnl_pct,win,prob,fold
2022-01-01 00:00:00,LONG,0.84,0.85,tp,0.004,1,0.7694,1
2022-01-01 04:00:00,LONG,0.84,0.84,sl,-0.004,0,0.7129,1
2022-01-01 08:00:00,LONG,0.84,0.84,tp,0.004,1,0.8013,1
2022-01-01 12:00:00,LONG,0.84,0.85,tp,0.004,1,0.7689,1
2022-01-01 16:00:00,SHORT,0.85,0.85,tp,0.004025,1,0.7059,1
2022-01-01 20:00:00,SHORT,0.85,0.85,tp,0.004025,1,0.7443,1
2022-01-02 00:00:00,LONG,0.84,0.84,sl,-0.004,0,0.6908,1
2022-01-02 04:00:00,LONG,0.84,0.85,tp,0.004,1,0.7681,1
2022-01-02 08:00:00,LONG,0.85,0.85,tp,0.004,1,0.6869,1
2022-01-02 16:00:00,LONG,0.85,0.86,tp,0.004,1,0.7062,1
2022-01-02 20:00:00,LONG,0.86,0.86,sl,-0.004,0,0.6847,1
2022-01-03 00:00:00,LONG,0.85,0.84,sl,-0.004,0,0.6773,1
2022-01-03 04:00:00,LONG,0.84,0.85,tp,0.004,1,0.7204,1
2022-01-03 12:00:00,LONG,0.84,0.84,sl,-0.004,0,0.7003,1
2022-01-03 16:00:00,LONG,0.83,0.84,tp,0.004,1,0.7503,1
2022-01-03 20:00:00,LONG,0.83,0.83,sl,-0.004,0,0.744,1
2022-01-04 00:00:00,LONG,0.83,0.83,sl,-0.004,0,0.7774,1
2022-01-04 04:00:00,LONG,0.83,0.83,tp,0.004,1,0.7372,1
2022-01-04 08:00:00,LONG,0.84,0.84,tp,0.004,1,0.6889,1
2022-01-04 12:00:00,LONG,0.84,0.83,sl,-0.004,0,0.6818,1
2022-01-04 16:00:00,LONG,0.83,0.83,tp,0.004,1,0.693,1
2022-01-04 20:00:00,LONG,0.82,0.83,tp,0.004,1,0.7654,1
2022-01-05 08:00:00,LONG,0.83,0.83,tp,0.004,1,0.7394,1
2022-01-05 16:00:00,LONG,0.8,0.8,tp,0.004,1,0.8515,1
2022-01-05 20:00:00,LONG,0.77,0.78,tp,0.004,1,0.8444,1
2022-01-06 00:00:00,LONG,0.75,0.75,tp,0.004,1,0.935,1
2022-01-06 04:00:00,LONG,0.76,0.76,sl,-0.004,0,0.9035,1
2022-01-06 08:00:00,LONG,0.75,0.75,tp,0.004,1,0.8972,1
2022-01-06 12:00:00,LONG,0.76,0.77,tp,0.004,1,0.8817,1
2022-01-06 16:00:00,LONG,0.78,0.79,tp,0.004,1,0.8724,1
2022-01-06 20:00:00,LONG,0.78,0.78,sl,-0.004,0,0.7593,1
2022-01-07 00:00:00,LONG,0.75,0.75,tp,0.004,1,0.8388,1
2022-01-07 04:00:00,LONG,0.75,0.76,tp,0.004,1,0.7977,1
2022-01-07 08:00:00,LONG,0.76,0.76,tp,0.004,1,0.7734,1
2022-01-07 12:00:00,LONG,0.75,0.75,tp,0.004,1,0.8437,1
2022-01-07 16:00:00,LONG,0.77,0.77,tp,0.004,1,0.8602,1
2022-01-07 20:00:00,LONG,0.76,0.77,tp,0.004,1,0.8051,1
2022-01-08 00:00:00,LONG,0.77,0.77,tp,0.004,1,0.6626,1
2022-01-08 04:00:00,SHORT,0.77,0.77,tp,0.004025,1,0.7071,1
2022-01-08 08:00:00,LONG,0.76,0.76,sl,-0.004,0,0.76,1
2022-01-08 12:00:00,LONG,0.76,0.76,tp,0.004,1,0.7739,1
2022-01-08 16:00:00,LONG,0.73,0.73,tp,0.004,1,0.8664,1
2022-01-08 20:00:00,LONG,0.75,0.75,tp,0.004,1,0.8763,1
2022-01-09 00:00:00,LONG,0.75,0.76,tp,0.004,1,0.8027,1
2022-01-09 04:00:00,LONG,0.75,0.75,sl,-0.004,0,0.7844,1
2022-01-09 08:00:00,LONG,0.75,0.75,sl,-0.004,0,0.7386,1
2022-01-09 12:00:00,LONG,0.74,0.75,tp,0.004,1,0.7718,1
2022-01-09 16:00:00,LONG,0.77,0.76,sl,-0.004,0,0.8283,1
2022-01-09 20:00:00,LONG,0.75,0.76,tp,0.004,1,0.7477,1
2022-01-10 00:00:00,LONG,0.75,0.76,tp,0.004,1,0.768,1
2022-01-10 04:00:00,LONG,0.75,0.75,sl,-0.004,0,0.786,1
2022-01-10 08:00:00,LONG,0.74,0.74,sl,-0.004,0,0.8406,1
2022-01-10 12:00:00,LONG,0.72,0.73,tp,0.004,1,0.8352,1
2022-01-10 16:00:00,LONG,0.72,0.73,tp,0.004,1,0.8852,1
2022-01-10 20:00:00,LONG,0.74,0.74,tp,0.004,1,0.8171,1
2022-01-11 00:00:00,LONG,0.75,0.75,tp,0.004,1,0.7533,1
2022-01-11 04:00:00,LONG,0.75,0.75,tp,0.004,1,0.76,1
2022-01-11 08:00:00,LONG,0.74,0.74,tp,0.004,1,0.7493,1
2022-01-11 12:00:00,LONG,0.74,0.75,tp,0.004,1,0.7276,1
2022-01-11 16:00:00,LONG,0.76,0.77,tp,0.004,1,0.816,1
2022-01-11 20:00:00,SHORT,0.77,0.77,sl,-0.003991,0,0.7585,1
2022-01-12 00:00:00,SHORT,0.77,0.77,tp,0.004025,1,0.7072,1
2022-01-12 04:00:00,LONG,0.76,0.76,tp,0.004,1,0.7377,1
2022-01-12 08:00:00,SHORT,0.77,0.77,sl,-0.003991,0,0.7522,1
2022-01-12 12:00:00,LONG,0.79,0.8,tp,0.004,1,0.8716,1
2022-01-12 16:00:00,LONG,0.8,0.8,tp,0.004,1,0.7948,1
2022-01-12 20:00:00,SHORT,0.8,0.79,tp,0.004025,1,0.7796,1
2022-01-13 00:00:00,LONG,0.79,0.79,tp,0.004,1,0.7098,1
2022-01-13 04:00:00,SHORT,0.79,0.79,tp,0.004025,1,0.7302,1
2022-01-13 08:00:00,LONG,0.78,0.79,tp,0.004,1,0.741,1
2022-01-13 12:00:00,LONG,0.78,0.78,tp,0.004,1,0.7403,1
2022-01-13 16:00:00,LONG,0.77,0.77,tp,0.004,1,0.7728,1
2022-01-13 20:00:00,SHORT,0.77,0.77,sl,-0.003991,0,0.7411,1
2022-01-14 00:00:00,LONG,0.77,0.77,tp,0.004,1,0.697,1
2022-01-14 04:00:00,SHORT,0.78,0.78,tp,0.004025,1,0.706,1
2022-01-14 08:00:00,LONG,0.76,0.76,tp,0.004,1,0.8152,1
2022-01-14 12:00:00,SHORT,0.77,0.77,tp,0.004025,1,0.7106,1
2022-01-14 16:00:00,SHORT,0.77,0.77,sl,-0.003991,0,0.7133,1
2022-01-14 20:00:00,SHORT,0.77,0.78,sl,-0.003991,0,0.7572,1
2022-01-15 04:00:00,SHORT,0.78,0.78,tp,0.004025,1,0.6517,1
2022-01-15 08:00:00,SHORT,0.78,0.77,tp,0.004025,1,0.6729,1
2022-01-15 12:00:00,SHORT,0.79,0.78,tp,0.004025,1,0.7223,1
2022-01-15 16:00:00,LONG,0.78,0.79,tp,0.004,1,0.6781,1
2022-01-17 08:00:00,SHORT,0.77,0.76,tp,0.004025,1,0.688,1
2022-01-17 12:00:00,LONG,0.76,0.76,tp,0.004,1,0.7211,1
2022-01-18 00:00:00,LONG,0.76,0.76,tp,0.004,1,0.7306,1
2022-01-18 04:00:00,LONG,0.76,0.75,sl,-0.004,0,0.7046,1
2022-01-18 08:00:00,LONG,0.75,0.75,sl,-0.004,0,0.7828,1
2022-01-18 12:00:00,LONG,0.74,0.75,tp,0.004,1,0.7837,1
2022-01-18 20:00:00,LONG,0.75,0.75,sl,-0.004,0,0.6963,1
2022-01-19 00:00:00,LONG,0.74,0.75,tp,0.004,1,0.7477,1
2022-01-19 04:00:00,LONG,0.73,0.73,tp,0.004,1,0.8511,1
2022-01-19 08:00:00,LONG,0.74,0.74,tp,0.004,1,0.6894,1
2022-01-19 12:00:00,LONG,0.74,0.74,tp,0.004,1,0.7313,1
2022-01-19 20:00:00,LONG,0.74,0.74,tp,0.004,1,0.7522,1
2022-01-20 12:00:00,SHORT,0.76,0.76,tp,0.004025,1,0.6723,1
2022-01-20 20:00:00,LONG,0.72,0.72,tp,0.004,1,0.7963,1
2022-01-21 00:00:00,LONG,0.69,0.69,tp,0.004,1,0.906,1
2022-01-21 04:00:00,LONG,0.7,0.69,sl,-0.004,0,0.8848,1
2022-01-21 08:00:00,LONG,0.69,0.69,sl,-0.004,0,0.8763,1
2022-01-21 12:00:00,LONG,0.68,0.69,tp,0.004,1,0.8249,1
2022-01-21 16:00:00,LONG,0.67,0.67,tp,0.004,1,0.9168,1
2022-01-21 20:00:00,LONG,0.64,0.64,tp,0.004,1,0.9172,1
2022-01-22 00:00:00,LONG,0.64,0.64,tp,0.004,1,0.918,1
2022-01-22 04:00:00,LONG,0.6,0.6,tp,0.004,1,0.92,1
2022-01-22 08:00:00,LONG,0.59,0.59,tp,0.004,1,0.9078,1
2022-01-22 12:00:00,LONG,0.57,0.58,tp,0.004,1,0.9242,1
2022-01-22 16:00:00,LONG,0.58,0.58,tp,0.004,1,0.9153,1
2022-01-22 20:00:00,LONG,0.6,0.6,tp,0.004,1,0.9189,1
2022-01-23 00:00:00,LONG,0.6,0.6,tp,0.004,1,0.8859,1
2022-01-23 04:00:00,LONG,0.62,0.62,tp,0.004,1,0.8688,1
2022-01-23 08:00:00,SHORT,0.62,0.61,tp,0.004025,1,0.8117,1
2022-01-23 12:00:00,LONG,0.6,0.61,tp,0.004,1,0.8138,1
2022-01-23 16:00:00,LONG,0.59,0.6,tp,0.004,1,0.8488,1
2022-01-23 20:00:00,LONG,0.63,0.63,sl,-0.004,0,0.8899,1
2022-01-24 00:00:00,LONG,0.61,0.61,sl,-0.004,0,0.8186,1
2022-01-24 04:00:00,LONG,0.6,0.6,tp,0.004,1,0.8699,1
2022-01-24 08:00:00,LONG,0.57,0.57,tp,0.004,1,0.9226,1
2022-01-24 12:00:00,LONG,0.58,0.59,tp,0.004,1,0.8654,1
2022-01-24 16:00:00,LONG,0.6,0.6,tp,0.004,1,0.8478,1
2022-01-24 20:00:00,LONG,0.61,0.61,sl,-0.004,0,0.9098,1
2022-01-25 00:00:00,LONG,0.6,0.6,sl,-0.004,0,0.8675,1
2022-01-25 04:00:00,LONG,0.59,0.6,tp,0.004,1,0.8066,1
2022-01-25 08:00:00,LONG,0.6,0.6,tp,0.004,1,0.8615,1
2022-01-25 12:00:00,LONG,0.6,0.6,tp,0.004,1,0.7964,1
2022-01-25 16:00:00,LONG,0.61,0.62,tp,0.004,1,0.8519,1
2022-01-25 20:00:00,LONG,0.62,0.62,tp,0.004,1,0.7916,1
2022-01-26 00:00:00,SHORT,0.62,0.62,sl,-0.003991,0,0.7716,1
2022-01-26 04:00:00,SHORT,0.62,0.62,sl,-0.003991,0,0.8284,1
2022-01-26 08:00:00,SHORT,0.63,0.63,tp,0.004025,1,0.8157,1
2022-01-26 12:00:00,SHORT,0.63,0.63,tp,0.004025,1,0.8175,1
2022-01-26 16:00:00,LONG,0.64,0.64,sl,-0.004,0,0.8067,1
2022-01-26 20:00:00,LONG,0.62,0.62,tp,0.004,1,0.8682,1
2022-01-27 00:00:00,LONG,0.59,0.6,tp,0.004,1,0.917,1
2022-01-27 04:00:00,LONG,0.6,0.61,tp,0.004,1,0.8782,1
2022-01-27 08:00:00,LONG,0.61,0.61,tp,0.004,1,0.8059,1
2022-01-27 12:00:00,LONG,0.61,0.61,tp,0.004,1,0.8006,1
2022-01-27 16:00:00,LONG,0.6,0.61,tp,0.004,1,0.8691,1
2022-01-27 20:00:00,LONG,0.61,0.61,tp,0.004,1,0.7873,1
2022-01-28 00:00:00,LONG,0.61,0.61,sl,-0.004,0,0.6982,1
2022-01-28 04:00:00,LONG,0.6,0.6,sl,-0.004,0,0.8105,1
2022-01-28 08:00:00,LONG,0.6,0.6,tp,0.004,1,0.823,1
2022-01-28 12:00:00,LONG,0.6,0.61,tp,0.004,1,0.7818,1
2022-01-28 16:00:00,LONG,0.6,0.61,tp,0.004,1,0.7645,1
2022-01-28 20:00:00,LONG,0.61,0.61,tp,0.004,1,0.7911,1
2022-01-29 00:00:00,LONG,0.61,0.62,tp,0.004,1,0.7723,1
2022-01-29 04:00:00,SHORT,0.62,0.61,tp,0.004025,1,0.6965,1
2022-01-29 08:00:00,SHORT,0.62,0.61,tp,0.004025,1,0.7138,1
2022-01-29 12:00:00,LONG,0.61,0.62,tp,0.004,1,0.7168,1
2022-01-29 16:00:00,LONG,0.62,0.62,tp,0.004,1,0.7734,1
2022-01-29 20:00:00,LONG,0.62,0.62,sl,-0.004,0,0.7576,1
2022-01-30 00:00:00,LONG,0.62,0.62,tp,0.004,1,0.7643,1
2022-01-30 04:00:00,SHORT,0.62,0.62,tp,0.004025,1,0.7023,1
2022-01-30 08:00:00,LONG,0.62,0.62,sl,-0.004,0,0.6963,1
2022-01-30 12:00:00,LONG,0.62,0.61,sl,-0.004,0,0.6904,1
2022-01-30 16:00:00,LONG,0.6,0.6,tp,0.004,1,0.762,1
2022-01-30 20:00:00,SHORT,0.6,0.6,tp,0.004025,1,0.734,1
2022-01-31 00:00:00,LONG,0.59,0.59,tp,0.004,1,0.8117,1
2022-01-31 04:00:00,LONG,0.59,0.59,tp,0.004,1,0.7655,1
2022-01-31 08:00:00,LONG,0.59,0.59,tp,0.004,1,0.7725,1
2022-01-31 12:00:00,SHORT,0.6,0.6,sl,-0.003991,0,0.7378,1
2022-01-31 16:00:00,SHORT,0.61,0.61,sl,-0.003991,0,0.6969,1
2022-01-31 20:00:00,SHORT,0.62,0.61,tp,0.004025,1,0.7135,1
2022-02-01 00:00:00,SHORT,0.63,0.62,tp,0.004025,1,0.751,1
2022-02-01 04:00:00,SHORT,0.62,0.61,tp,0.004025,1,0.7469,1
2022-02-01 08:00:00,SHORT,0.62,0.62,tp,0.004025,1,0.7569,1
2022-02-01 12:00:00,SHORT,0.62,0.62,tp,0.004025,1,0.7041,1
2022-02-01 16:00:00,SHORT,0.62,0.62,sl,-0.003991,0,0.6562,1
2022-02-01 20:00:00,SHORT,0.63,0.62,tp,0.004025,1,0.7408,1
2022-02-02 04:00:00,LONG,0.62,0.63,tp,0.004,1,0.679,1
2022-02-02 08:00:00,SHORT,0.63,0.62,tp,0.004025,1,0.6602,1
2022-02-02 12:00:00,LONG,0.61,0.61,tp,0.004,1,0.6786,1
2022-02-02 20:00:00,LONG,0.6,0.6,sl,-0.004,0,0.7517,1
2022-02-03 00:00:00,LONG,0.6,0.6,tp,0.004,1,0.6877,1
2022-02-03 04:00:00,LONG,0.6,0.6,sl,-0.004,0,0.7065,1
2022-02-03 08:00:00,LONG,0.6,0.6,tp,0.004,1,0.7419,1
2022-02-03 12:00:00,SHORT,0.6,0.6,tp,0.004025,1,0.6614,1
2022-02-03 16:00:00,SHORT,0.6,0.6,sl,-0.003991,0,0.6733,1
2022-02-03 20:00:00,SHORT,0.61,0.61,tp,0.004025,1,0.7008,1
2022-02-04 04:00:00,SHORT,0.62,0.61,tp,0.004025,1,0.6666,1
2022-02-04 08:00:00,SHORT,0.61,0.61,tp,0.004025,1,0.6508,1
2022-02-04 12:00:00,SHORT,0.62,0.63,sl,-0.003991,0,0.8013,1
2022-02-04 16:00:00,SHORT,0.64,0.64,tp,0.004025,1,0.7906,1
2022-02-04 20:00:00,SHORT,0.66,0.65,tp,0.004025,1,0.7873,1
2022-02-05 00:00:00,SHORT,0.67,0.67,sl,-0.003991,0,0.7978,1
2022-02-05 04:00:00,SHORT,0.67,0.67,sl,-0.003991,0,0.7702,1
2022-02-05 08:00:00,SHORT,0.67,0.67,tp,0.004025,1,0.7975,1
2022-02-05 12:00:00,SHORT,0.67,0.67,tp,0.004025,1,0.7379,1
2022-02-05 16:00:00,LONG,0.66,0.67,tp,0.004,1,0.7582,1
2022-02-05 20:00:00,LONG,0.67,0.67,tp,0.004,1,0.7536,1
2022-02-06 00:00:00,LONG,0.67,0.67,sl,-0.004,0,0.6875,1
2022-02-06 04:00:00,SHORT,0.67,0.67,sl,-0.003991,0,0.7853,1
2022-02-06 08:00:00,LONG,0.67,0.67,tp,0.004,1,0.8026,1
2022-02-06 12:00:00,LONG,0.67,0.67,tp,0.004,1,0.7533,1
2022-02-06 16:00:00,SHORT,0.67,0.67,tp,0.004025,1,0.7379,1
2022-02-06 20:00:00,SHORT,0.68,0.68,tp,0.004025,1,0.7371,1
2022-02-07 00:00:00,SHORT,0.72,0.72,tp,0.004025,1,0.8036,1
2022-02-07 04:00:00,SHORT,0.75,0.75,tp,0.004025,1,0.885,1
2022-02-07 08:00:00,SHORT,0.77,0.77,tp,0.004025,1,0.8666,1
2022-02-07 12:00:00,SHORT,0.77,0.78,sl,-0.003991,0,0.8479,1
2022-02-07 16:00:00,SHORT,0.79,0.78,tp,0.004025,1,0.8368,1
2022-02-07 20:00:00,SHORT,0.83,0.83,tp,0.004025,1,0.888,1
2022-02-08 00:00:00,SHORT,0.87,0.88,sl,-0.003991,0,0.909,1
2022-02-08 04:00:00,SHORT,0.9,0.89,tp,0.004025,1,0.8999,1
2022-02-08 08:00:00,SHORT,0.86,0.85,tp,0.004025,1,0.909,1
2022-02-08 12:00:00,LONG,0.83,0.84,tp,0.004,1,0.8965,1
2022-02-08 16:00:00,LONG,0.82,0.82,tp,0.004,1,0.9114,1
2022-02-08 20:00:00,SHORT,0.88,0.87,tp,0.004025,1,0.9169,1
2022-02-09 00:00:00,LONG,0.85,0.85,tp,0.004,1,0.9203,1
2022-02-09 04:00:00,SHORT,0.86,0.86,tp,0.004025,1,0.8831,1
2022-02-09 08:00:00,SHORT,0.86,0.86,sl,-0.003991,0,0.8437,1
2022-02-09 12:00:00,SHORT,0.88,0.88,tp,0.004025,1,0.9035,1
2022-02-09 16:00:00,SHORT,0.89,0.89,tp,0.004025,1,0.9053,1
2022-02-09 20:00:00,LONG,0.87,0.87,tp,0.004,1,0.9032,1
2022-02-10 00:00:00,SHORT,0.86,0.86,sl,-0.003991,0,0.8107,1
2022-02-10 04:00:00,SHORT,0.87,0.87,sl,-0.003991,0,0.7952,1
2022-02-10 08:00:00,SHORT,0.89,0.88,tp,0.004025,1,0.8589,1
2022-02-10 12:00:00,SHORT,0.86,0.86,tp,0.004025,1,0.8251,1
2022-02-10 16:00:00,LONG,0.85,0.85,tp,0.004,1,0.86,1
2022-02-10 20:00:00,LONG,0.83,0.83,tp,0.004,1,0.9085,1
2022-02-11 00:00:00,LONG,0.82,0.82,sl,-0.004,0,0.8207,1
2022-02-11 04:00:00,LONG,0.82,0.82,tp,0.004,1,0.8811,1
2022-02-11 08:00:00,LONG,0.82,0.82,tp,0.004,1,0.8831,1
2022-02-11 12:00:00,LONG,0.82,0.82,sl,-0.004,0,0.8588,1
2022-02-11 16:00:00,LONG,0.79,0.79,sl,-0.004,0,0.9125,1
2022-02-11 20:00:00,LONG,0.76,0.76,tp,0.004,1,0.9325,1
2022-02-12 00:00:00,LONG,0.77,0.78,tp,0.004,1,0.9138,1
2022-02-12 04:00:00,LONG,0.76,0.77,tp,0.004,1,0.9023,1
2022-02-12 08:00:00,LONG,0.77,0.78,tp,0.004,1,0.8889,1
2022-02-12 12:00:00,LONG,0.8,0.81,tp,0.004,1,0.8496,1
2022-02-12 16:00:00,LONG,0.83,0.84,tp,0.004,1,0.8813,1
2022-02-12 20:00:00,LONG,0.82,0.83,tp,0.004,1,0.8259,1
2022-02-13 00:00:00,SHORT,0.82,0.82,tp,0.004025,1,0.7958,1
2022-02-13 04:00:00,SHORT,0.83,0.82,tp,0.004025,1,0.8264,1
2022-02-13 08:00:00,SHORT,0.84,0.83,tp,0.004025,1,0.8515,1
2022-02-13 12:00:00,LONG,0.82,0.82,sl,-0.004,0,0.759,1
2022-02-13 16:00:00,LONG,0.8,0.8,tp,0.004,1,0.8703,1
2022-02-13 20:00:00,LONG,0.81,0.81,tp,0.004,1,0.8482,1
2022-02-14 00:00:00,LONG,0.79,0.8,tp,0.004,1,0.8881,1
2022-02-14 04:00:00,LONG,0.8,0.8,tp,0.004,1,0.8302,1
2022-02-14 08:00:00,LONG,0.79,0.79,tp,0.004,1,0.9,1
2022-02-14 12:00:00,LONG,0.8,0.81,tp,0.004,1,0.7962,1
2022-02-14 16:00:00,LONG,0.79,0.79,tp,0.004,1,0.8504,1
2022-02-14 20:00:00,LONG,0.8,0.81,tp,0.004,1,0.8406,1
2022-02-15 00:00:00,SHORT,0.82,0.82,tp,0.004025,1,0.8023,1
2022-02-15 04:00:00,SHORT,0.83,0.83,sl,-0.003991,0,0.8338,1
2022-02-15 08:00:00,SHORT,0.83,0.83,tp,0.004025,1,0.8175,1
2022-02-15 12:00:00,SHORT,0.82,0.82,tp,0.004025,1,0.7547,1
2022-02-15 16:00:00,SHORT,0.82,0.83,sl,-0.003991,0,0.7531,1
2022-02-15 20:00:00,SHORT,0.85,0.85,tp,0.004025,1,0.8289,1
2022-02-16 00:00:00,LONG,0.84,0.83,sl,-0.004,0,0.8262,1
2022-02-16 04:00:00,SHORT,0.84,0.83,tp,0.004025,1,0.7809,1
2022-02-16 08:00:00,LONG,0.83,0.83,sl,-0.004,0,0.7728,1
2022-02-16 12:00:00,SHORT,0.82,0.81,tp,0.004025,1,0.7718,1
2022-02-16 16:00:00,SHORT,0.83,0.84,sl,-0.003991,0,0.801,1
2022-02-16 20:00:00,LONG,0.84,0.84,tp,0.004,1,0.8014,1
2022-02-17 00:00:00,LONG,0.82,0.83,tp,0.004,1,0.8109,1
2022-02-17 04:00:00,SHORT,0.83,0.82,tp,0.004025,1,0.7451,1
2022-02-17 08:00:00,SHORT,0.81,0.81,tp,0.004025,1,0.8023,1
2022-02-17 12:00:00,LONG,0.8,0.81,tp,0.004,1,0.8286,1
2022-02-17 16:00:00,LONG,0.78,0.78,sl,-0.004,0,0.9185,1
2022-02-17 20:00:00,LONG,0.77,0.77,tp,0.004,1,0.8928,1
2022-02-18 00:00:00,LONG,0.79,0.79,tp,0.004,1,0.8908,1
2022-02-18 04:00:00,LONG,0.8,0.8,sl,-0.004,0,0.8129,1
2022-02-18 08:00:00,LONG,0.78,0.78,tp,0.004,1,0.9147,1
2022-02-18 12:00:00,LONG,0.77,0.77,tp,0.004,1,0.8462,1
2022-02-18 16:00:00,LONG,0.77,0.78,tp,0.004,1,0.8526,1
2022-02-18 20:00:00,LONG,0.78,0.79,tp,0.004,1,0.796,1
2022-02-19 00:00:00,LONG,0.79,0.79,tp,0.004,1,0.7243,1
2022-02-19 04:00:00,LONG,0.79,0.79,sl,-0.004,0,0.7304,1
2022-02-19 08:00:00,LONG,0.77,0.78,tp,0.004,1,0.8781,1
2022-02-19 12:00:00,SHORT,0.83,0.83,tp,0.004025,1,0.8594,1
2022-02-19 16:00:00,LONG,0.82,0.82,tp,0.004,1,0.8611,1
2022-02-19 20:00:00,LONG,0.82,0.82,sl,-0.004,0,0.7778,1
2022-02-20 00:00:00,LONG,0.8,0.8,tp,0.004,1,0.8303,1
2022-02-20 04:00:00,SHORT,0.79,0.79,tp,0.004025,1,0.7961,1
2022-02-20 08:00:00,SHORT,0.79,0.79,tp,0.004025,1,0.78,1
2022-02-20 12:00:00,LONG,0.79,0.79,tp,0.004,1,0.8705,1
2022-02-20 16:00:00,LONG,0.78,0.79,tp,0.004,1,0.8225,1
2022-02-20 20:00:00,LONG,0.78,0.78,tp,0.004,1,0.8888,1
2022-02-21 00:00:00,LONG,0.79,0.79,tp,0.004,1,0.8016,1
2022-02-21 04:00:00,SHORT,0.8,0.79,tp,0.004025,1,0.7639,1
2022-02-21 08:00:00,LONG,0.77,0.77,tp,0.004,1,0.8822,1
2022-02-21 12:00:00,LONG,0.78,0.79,tp,0.004,1,0.827,1
2022-02-21 16:00:00,LONG,0.76,0.76,tp,0.004,1,0.8807,1
2022-02-21 20:00:00,LONG,0.7,0.71,tp,0.004,1,0.9321,1
2022-02-22 00:00:00,LONG,0.68,0.68,tp,0.004,1,0.9395,1
2022-02-22 04:00:00,LONG,0.68,0.68,tp,0.004,1,0.9383,1
2022-02-22 08:00:00,LONG,0.7,0.71,tp,0.004,1,0.9344,1
2022-02-22 12:00:00,LONG,0.71,0.7,sl,-0.004,0,0.9133,1
2022-02-22 16:00:00,LONG,0.71,0.71,tp,0.004,1,0.8964,1
2022-02-22 20:00:00,LONG,0.72,0.72,tp,0.004,1,0.8699,1
2022-02-23 00:00:00,LONG,0.71,0.71,tp,0.004,1,0.8192,1
2022-02-23 04:00:00,SHORT,0.72,0.73,sl,-0.003991,0,0.8345,1
2022-02-23 08:00:00,LONG,0.73,0.74,tp,0.004,1,0.8358,1
2022-02-23 12:00:00,LONG,0.72,0.73,tp,0.004,1,0.8232,1
2022-02-23 16:00:00,LONG,0.71,0.71,tp,0.004,1,0.8943,1
2022-02-23 20:00:00,LONG,0.7,0.7,tp,0.004,1,0.8839,1
2022-02-24 00:00:00,LONG,0.64,0.64,tp,0.004,1,0.9346,1
2022-02-24 04:00:00,LONG,0.64,0.65,tp,0.004,1,0.9168,1
2022-02-24 08:00:00,LONG,0.64,0.64,tp,0.004,1,0.9277,1
2022-02-24 12:00:00,LONG,0.65,0.65,tp,0.004,1,0.8907,1
2022-02-24 16:00:00,LONG,0.69,0.69,tp,0.004,1,0.9083,1
2022-02-24 20:00:00,LONG,0.7,0.7,tp,0.004,1,0.8606,1
2022-02-25 00:00:00,SHORT,0.7,0.7,tp,0.004025,1,0.807,1
2022-02-25 04:00:00,SHORT,0.7,0.7,tp,0.004025,1,0.8454,1
2022-02-25 08:00:00,SHORT,0.7,0.7,sl,-0.003991,0,0.8306,1
2022-02-25 12:00:00,LONG,0.72,0.72,tp,0.004,1,0.8871,1
2022-02-25 16:00:00,SHORT,0.73,0.73,sl,-0.003991,0,0.8694,1
2022-02-25 20:00:00,SHORT,0.77,0.77,tp,0.004025,1,0.893,1
2022-02-26 00:00:00,SHORT,0.78,0.77,tp,0.004025,1,0.8874,1
2022-02-26 04:00:00,SHORT,0.77,0.77,tp,0.004025,1,0.9004,1
2022-02-26 08:00:00,LONG,0.76,0.76,tp,0.004,1,0.8863,1
2022-02-26 12:00:00,SHORT,0.76,0.75,tp,0.004025,1,0.8637,1
2022-02-26 16:00:00,SHORT,0.75,0.75,tp,0.004025,1,0.8303,1
2022-02-26 20:00:00,LONG,0.75,0.75,sl,-0.004,0,0.8072,1
2022-02-27 00:00:00,LONG,0.73,0.74,tp,0.004,1,0.9102,1
2022-02-27 04:00:00,LONG,0.74,0.74,tp,0.004,1,0.8289,1
2022-02-27 08:00:00,SHORT,0.76,0.75,tp,0.004025,1,0.8266,1
2022-02-27 12:00:00,SHORT,0.75,0.75,tp,0.004025,1,0.796,1
2022-02-27 16:00:00,LONG,0.71,0.72,tp,0.004,1,0.9114,1
2022-02-27 20:00:00,LONG,0.72,0.73,tp,0.004,1,0.8997,1
2022-02-28 00:00:00,LONG,0.72,0.72,tp,0.004,1,0.8285,1
2022-02-28 04:00:00,LONG,0.72,0.73,tp,0.004,1,0.8413,1
2022-02-28 08:00:00,LONG,0.73,0.73,tp,0.004,1,0.8376,1
2022-02-28 12:00:00,SHORT,0.76,0.76,tp,0.004025,1,0.843,1
2022-02-28 16:00:00,SHORT,0.76,0.77,sl,-0.003991,0,0.8306,1
2022-02-28 20:00:00,SHORT,0.78,0.78,tp,0.004025,1,0.8452,1
2022-03-01 00:00:00,SHORT,0.77,0.77,tp,0.004025,1,0.8542,1
2022-03-01 04:00:00,SHORT,0.77,0.77,tp,0.004025,1,0.8554,1
2022-03-01 08:00:00,SHORT,0.77,0.77,sl,-0.003991,0,0.8071,1
2022-03-01 12:00:00,LONG,0.78,0.78,tp,0.004,1,0.8612,1
2022-03-01 16:00:00,LONG,0.78,0.79,tp,0.004,1,0.8071,1
2022-03-01 20:00:00,LONG,0.78,0.78,sl,-0.004,0,0.8036,1
2022-03-02 00:00:00,LONG,0.78,0.78,sl,-0.004,0,0.7303,1
2022-03-02 04:00:00,LONG,0.77,0.77,tp,0.004,1,0.8175,1
2022-03-02 08:00:00,SHORT,0.78,0.77,tp,0.004025,1,0.7947,1
2022-03-02 12:00:00,LONG,0.77,0.77,tp,0.004,1,0.7637,1
2022-03-02 16:00:00,LONG,0.77,0.77,tp,0.004,1,0.7736,1
2022-03-02 20:00:00,LONG,0.77,0.77,sl,-0.004,0,0.7854,1
2022-03-03 00:00:00,LONG,0.77,0.77,tp,0.004,1,0.7589,1
2022-03-03 04:00:00,LONG,0.77,0.77,tp,0.004,1,0.7355,1
2022-03-03 08:00:00,LONG,0.77,0.77,tp,0.004,1,0.7804,1
2022-03-03 12:00:00,LONG,0.75,0.75,sl,-0.004,0,0.8151,1
2022-03-03 16:00:00,LONG,0.75,0.75,tp,0.004,1,0.8199,1
2022-03-03 20:00:00,LONG,0.75,0.75,sl,-0.004,0,0.765,1
2022-03-04 00:00:00,LONG,0.74,0.74,tp,0.004,1,0.8564,1
2022-03-04 04:00:00,LONG,0.74,0.74,tp,0.004,1,0.8206,1
2022-03-04 08:00:00,LONG,0.74,0.74,sl,-0.004,0,0.8524,1
2022-03-04 12:00:00,LONG,0.73,0.74,tp,0.004,1,0.804,1
2022-03-04 16:00:00,LONG,0.71,0.72,tp,0.004,1,0.8709,1
2022-03-04 20:00:00,LONG,0.71,0.72,tp,0.004,1,0.8564,1
2022-03-05 00:00:00,LONG,0.72,0.72,tp,0.004,1,0.7737,1
2022-03-05 04:00:00,LONG,0.72,0.73,tp,0.004,1,0.6907,1
2022-03-05 08:00:00,SHORT,0.73,0.74,sl,-0.003991,0,0.7193,1
2022-03-05 12:00:00,LONG,0.76,0.76,tp,0.004,1,0.8737,1
2022-03-05 16:00:00,LONG,0.75,0.76,tp,0.004,1,0.7394,1
2022-03-05 20:00:00,SHORT,0.75,0.75,tp,0.004025,1,0.7211,1
2022-03-06 04:00:00,SHORT,0.75,0.74,tp,0.004025,1,0.6859,1
2022-03-06 08:00:00,SHORT,0.73,0.73,tp,0.004025,1,0.7001,1
2022-03-06 12:00:00,LONG,0.74,0.74,tp,0.004,1,0.7251,1
2022-03-06 16:00:00,LONG,0.73,0.74,tp,0.004,1,0.7346,1
2022-03-06 20:00:00,LONG,0.73,0.72,sl,-0.004,0,0.7749,1
2022-03-07 00:00:00,LONG,0.72,0.72,tp,0.004,1,0.7812,1
2022-03-07 04:00:00,LONG,0.74,0.74,tp,0.004,1,0.7976,1
2022-03-07 08:00:00,SHORT,0.74,0.74,tp,0.004025,1,0.7237,1
2022-03-07 12:00:00,SHORT,0.75,0.74,tp,0.004025,1,0.6784,1
2022-03-07 16:00:00,LONG,0.71,0.72,tp,0.004,1,0.8919,1
2022-03-07 20:00:00,LONG,0.72,0.72,tp,0.004,1,0.8433,1
2022-03-08 00:00:00,SHORT,0.73,0.72,tp,0.004025,1,0.7126,1
2022-03-08 04:00:00,LONG,0.72,0.73,tp,0.004,1,0.8085,1
2022-03-08 08:00:00,LONG,0.73,0.73,sl,-0.004,0,0.7565,1
2022-03-08 12:00:00,LONG,0.72,0.73,tp,0.004,1,0.7774,1
2022-03-08 16:00:00,LONG,0.72,0.72,sl,-0.004,0,0.7236,1
2022-03-08 20:00:00,LONG,0.72,0.72,tp,0.004,1,0.7883,1
2022-03-09 00:00:00,LONG,0.74,0.75,tp,0.004,1,0.742,1
2022-03-09 04:00:00,SHORT,0.75,0.75,sl,-0.003991,0,0.7479,1
2022-03-09 08:00:00,SHORT,0.75,0.75,tp,0.004025,1,0.7372,1
2022-03-09 12:00:00,SHORT,0.77,0.76,tp,0.004025,1,0.8038,1
2022-03-09 16:00:00,LONG,0.76,0.77,tp,0.004,1,0.7585,1
2022-03-09 20:00:00,SHORT,0.77,0.76,tp,0.004025,1,0.7856,1
2022-03-10 04:00:00,LONG,0.74,0.74,sl,-0.004,0,0.7823,1
2022-03-10 08:00:00,LONG,0.73,0.74,tp,0.004,1,0.7991,1
2022-03-10 12:00:00,LONG,0.73,0.73,tp,0.004,1,0.8012,1
2022-03-10 16:00:00,SHORT,0.74,0.73,tp,0.004025,1,0.7183,1
2022-03-10 20:00:00,LONG,0.74,0.74,tp,0.004,1,0.796,1
2022-03-11 00:00:00,LONG,0.74,0.74,tp,0.004,1,0.656,1
2022-03-11 04:00:00,SHORT,0.75,0.74,tp,0.004025,1,0.6805,1
2022-03-11 08:00:00,SHORT,0.74,0.74,tp,0.004025,1,0.7027,1
2022-03-11 12:00:00,SHORT,0.73,0.73,tp,0.004025,1,0.7266,1
2022-03-11 16:00:00,SHORT,0.74,0.74,sl,-0.003991,0,0.6755,1
2022-03-11 20:00:00,LONG,0.8,0.81,tp,0.004,1,0.8786,1
2022-03-12 00:00:00,SHORT,0.81,0.81,tp,0.004025,1,0.8475,1
2022-03-12 04:00:00,LONG,0.8,0.8,tp,0.004,1,0.869,1
2022-03-12 08:00:00,LONG,0.79,0.79,tp,0.004,1,0.838,1
2022-03-12 12:00:00,LONG,0.79,0.79,tp,0.004,1,0.8522,1
2022-03-12 16:00:00,LONG,0.79,0.79,tp,0.004,1,0.7605,1
2022-03-12 20:00:00,LONG,0.79,0.79,tp,0.004,1,0.8218,1
2022-03-13 00:00:00,SHORT,0.8,0.8,sl,-0.003991,0,0.7679,1
2022-03-13 04:00:00,LONG,0.8,0.8,tp,0.004,1,0.8119,1
2022-03-13 08:00:00,LONG,0.79,0.79,sl,-0.004,0,0.7996,1
2022-03-13 12:00:00,LONG,0.79,0.79,tp,0.004,1,0.8186,1
2022-03-13 16:00:00,LONG,0.78,0.79,tp,0.004,1,0.811,1
2022-03-13 20:00:00,LONG,0.76,0.76,sl,-0.004,0,0.8739,1
2022-03-14 00:00:00,LONG,0.76,0.77,tp,0.004,1,0.8277,1
2022-03-14 04:00:00,LONG,0.77,0.77,tp,0.004,1,0.7756,1
2022-03-14 08:00:00,LONG,0.77,0.76,sl,-0.004,0,0.7783,1
2022-03-14 12:00:00,LONG,0.76,0.76,sl,-0.004,0,0.7853,1
2022-03-14 16:00:00,LONG,0.76,0.77,tp,0.004,1,0.7924,1
2022-03-14 20:00:00,LONG,0.78,0.77,sl,-0.004,0,0.7119,1
2022-03-15 00:00:00,LONG,0.76,0.76,sl,-0.004,0,0.7192,1
2022-03-15 04:00:00,LONG,0.75,0.75,sl,-0.004,0,0.7724,1
2022-03-15 08:00:00,LONG,0.75,0.76,tp,0.004,1,0.7826,1
2022-03-15 12:00:00,LONG,0.76,0.77,tp,0.004,1,0.724,1
2022-03-15 16:00:00,LONG,0.77,0.77,sl,-0.004,0,0.6967,1
2022-03-15 20:00:00,LONG,0.77,0.77,tp,0.004,1,0.7072,1
2022-03-16 00:00:00,SHORT,0.76,0.76,sl,-0.003991,0,0.6507,1
2022-03-16 04:00:00,SHORT,0.76,0.77,sl,-0.003991,0,0.7626,1
2022-03-16 08:00:00,SHORT,0.77,0.77,tp,0.004025,1,0.6984,1
2022-03-16 12:00:00,SHORT,0.78,0.77,tp,0.004025,1,0.6777,1
2022-03-16 16:00:00,SHORT,0.79,0.78,tp,0.004025,1,0.7262,1
2022-03-16 20:00:00,SHORT,0.79,0.79,tp,0.004025,1,0.7743,1
2022-03-17 00:00:00,SHORT,0.79,0.79,tp,0.004025,1,0.7991,1
2022-03-17 04:00:00,SHORT,0.79,0.79,tp,0.004025,1,0.7506,1
2022-03-17 08:00:00,SHORT,0.79,0.79,sl,-0.003991,0,0.6725,1
2022-03-17 12:00:00,SHORT,0.79,0.79,tp,0.004025,1,0.7639,1
2022-03-17 16:00:00,SHORT,0.8,0.79,tp,0.004025,1,0.7139,1
2022-03-17 20:00:00,SHORT,0.79,0.79,tp,0.004025,1,0.6949,1
2022-03-18 00:00:00,LONG,0.79,0.79,tp,0.004,1,0.6594,1
2022-03-18 16:00:00,SHORT,0.8,0.79,tp,0.004025,1,0.6615,1
2022-03-19 04:00:00,SHORT,0.81,0.81,sl,-0.003991,0,0.6978,1
2022-03-19 08:00:00,SHORT,0.81,0.82,sl,-0.003991,0,0.7472,1
2022-03-19 12:00:00,SHORT,0.82,0.82,sl,-0.003991,0,0.713,1
2022-03-19 16:00:00,SHORT,0.82,0.82,tp,0.004025,1,0.7463,1
2022-03-19 20:00:00,SHORT,0.82,0.81,tp,0.004025,1,0.7339,1
2022-03-20 00:00:00,SHORT,0.81,0.82,sl,-0.003991,0,0.7182,1
2022-03-20 04:00:00,SHORT,0.81,0.81,tp,0.004025,1,0.6817,1
2022-03-21 04:00:00,SHORT,0.81,0.81,tp,0.004025,1,0.7149,1
2022-03-21 08:00:00,SHORT,0.81,0.81,tp,0.004025,1,0.6631,1
2022-03-21 12:00:00,SHORT,0.82,0.81,tp,0.004025,1,0.6631,1
2022-03-21 16:00:00,SHORT,0.85,0.84,tp,0.004025,1,0.8123,1
2022-03-21 20:00:00,LONG,0.84,0.84,tp,0.004,1,0.7429,1
2022-03-22 00:00:00,LONG,0.85,0.86,tp,0.004,1,0.7456,1
2022-03-22 04:00:00,SHORT,0.85,0.85,sl,-0.003991,0,0.7175,1
2022-03-22 08:00:00,SHORT,0.85,0.84,tp,0.004025,1,0.7169,1
2022-03-22 12:00:00,LONG,0.84,0.84,sl,-0.004,0,0.7754,1
2022-03-22 16:00:00,LONG,0.83,0.83,tp,0.004,1,0.7917,1
2022-03-22 20:00:00,SHORT,0.84,0.83,tp,0.004025,1,0.6954,1
2022-03-23 00:00:00,LONG,0.83,0.83,tp,0.004,1,0.8283,1
2022-03-23 04:00:00,LONG,0.82,0.83,tp,0.004,1,0.8108,1
2022-03-23 08:00:00,LONG,0.82,0.83,tp,0.004,1,0.7778,1
2022-03-23 12:00:00,SHORT,0.84,0.83,tp,0.004025,1,0.7041,1
2022-03-23 16:00:00,LONG,0.83,0.83,tp,0.004,1,0.7412,1
2022-03-23 20:00:00,LONG,0.84,0.84,tp,0.004,1,0.6733,1
2022-03-24 00:00:00,LONG,0.83,0.84,tp,0.004,1,0.7108,1
2022-03-24 12:00:00,LONG,0.84,0.85,tp,0.004,1,0.6626,1
2022-03-24 20:00:00,LONG,0.84,0.84,sl,-0.004,0,0.6697,1
2022-03-25 08:00:00,SHORT,0.84,0.84,tp,0.004025,1,0.7215,1
2022-03-25 16:00:00,SHORT,0.83,0.83,sl,-0.003991,0,0.6726,1
2022-03-25 20:00:00,SHORT,0.82,0.83,sl,-0.003991,0,0.667,1
2022-03-26 04:00:00,SHORT,0.83,0.83,tp,0.004025,1,0.6649,1
2022-03-26 08:00:00,SHORT,0.83,0.83,tp,0.004025,1,0.6736,1
2022-03-26 12:00:00,SHORT,0.83,0.83,sl,-0.003991,0,0.6594,1
2022-03-27 08:00:00,SHORT,0.84,0.83,tp,0.004025,1,0.6785,1
2022-03-27 16:00:00,SHORT,0.84,0.84,sl,-0.003991,0,0.7031,1
2022-03-27 20:00:00,SHORT,0.86,0.86,sl,-0.003991,0,0.8191,1
2022-03-28 00:00:00,SHORT,0.87,0.87,tp,0.004025,1,0.7923,1
2022-03-28 04:00:00,SHORT,0.87,0.86,tp,0.004025,1,0.7588,1
2022-03-28 08:00:00,SHORT,0.87,0.87,sl,-0.003991,0,0.7803,1
2022-03-28 12:00:00,SHORT,0.88,0.87,tp,0.004025,1,0.8097,1
2022-03-28 16:00:00,LONG,0.9,0.9,sl,-0.004,0,0.8445,1
2022-03-28 20:00:00,LONG,0.86,0.87,tp,0.004,1,0.8747,1
2022-03-29 00:00:00,LONG,0.87,0.88,tp,0.004,1,0.7365,1
2022-03-29 04:00:00,LONG,0.87,0.87,tp,0.004,1,0.7724,1
2022-03-29 08:00:00,SHORT,0.88,0.88,tp,0.004025,1,0.7787,1
2022-03-29 12:00:00,LONG,0.86,0.86,tp,0.004,1,0.8428,1
2022-03-29 16:00:00,LONG,0.86,0.86,sl,-0.004,0,0.8216,1
2022-03-29 20:00:00,SHORT,0.86,0.85,tp,0.004025,1,0.7969,1
2022-04-01 00:00:00,LONG,0.82,0.82,tp,0.004,1,0.8069,2
2022-04-01 04:00:00,SHORT,0.82,0.82,tp,0.004025,1,0.7279,2
2022-04-01 08:00:00,LONG,0.81,0.82,tp,0.004,1,0.8297,2
2022-04-01 12:00:00,SHORT,0.83,0.82,tp,0.004025,1,0.7664,2
2022-04-01 16:00:00,SHORT,0.83,0.82,tp,0.004025,1,0.731,2
2022-04-01 20:00:00,SHORT,0.83,0.83,sl,-0.003991,0,0.769,2
2022-04-02 00:00:00,SHORT,0.84,0.84,sl,-0.003991,0,0.652,2
2022-04-02 04:00:00,SHORT,0.84,0.84,sl,-0.003991,0,0.7602,2
2022-04-02 08:00:00,SHORT,0.84,0.84,tp,0.004025,1,0.7662,2
2022-04-02 12:00:00,LONG,0.83,0.84,tp,0.004,1,0.7177,2
2022-04-02 16:00:00,LONG,0.83,0.83,tp,0.004,1,0.7167,2
2022-04-02 20:00:00,LONG,0.82,0.82,sl,-0.004,0,0.6685,2
2022-04-03 04:00:00,SHORT,0.83,0.83,sl,-0.003991,0,0.674,2
2022-04-03 08:00:00,SHORT,0.83,0.84,sl,-0.003991,0,0.7088,2
2022-04-03 20:00:00,SHORT,0.84,0.84,tp,0.004025,1,0.7072,2
2022-04-04 00:00:00,SHORT,0.83,0.83,sl,-0.003991,0,0.7593,2
2022-04-04 04:00:00,SHORT,0.83,0.83,tp,0.004025,1,0.6905,2
2022-04-04 08:00:00,SHORT,0.84,0.83,tp,0.004025,1,0.7065,2
2022-04-04 12:00:00,SHORT,0.82,0.82,tp,0.004025,1,0.7809,2
2022-04-04 20:00:00,SHORT,0.83,0.83,sl,-0.003991,0,0.6767,2
2022-04-05 04:00:00,SHORT,0.82,0.83,sl,-0.003991,0,0.7224,2
2022-04-05 08:00:00,SHORT,0.83,0.82,tp,0.004025,1,0.6885,2
2022-04-05 12:00:00,SHORT,0.82,0.82,sl,-0.003991,0,0.655,2
2022-04-05 16:00:00,LONG,0.82,0.82,sl,-0.004,0,0.6743,2
2022-04-06 00:00:00,SHORT,0.81,0.81,sl,-0.003991,0,0.6766,2
2022-04-06 04:00:00,LONG,0.81,0.81,sl,-0.004,0,0.7631,2
2022-04-06 08:00:00,LONG,0.8,0.8,tp,0.004,1,0.8912,2
2022-04-06 12:00:00,SHORT,0.78,0.78,tp,0.004025,1,0.8671,2
2022-04-06 16:00:00,LONG,0.77,0.78,tp,0.004,1,0.8245,2
2022-04-06 20:00:00,LONG,0.76,0.76,tp,0.004,1,0.9052,2
2022-04-07 00:00:00,LONG,0.77,0.77,tp,0.004,1,0.8148,2
2022-04-07 04:00:00,LONG,0.77,0.78,tp,0.004,1,0.7951,2
2022-04-07 08:00:00,LONG,0.79,0.79,tp,0.004,1,0.7719,2
2022-04-07 12:00:00,LONG,0.78,0.78,tp,0.004,1,0.7187,2
2022-04-07 16:00:00,LONG,0.78,0.79,tp,0.004,1,0.7277,2
2022-04-07 20:00:00,SHORT,0.79,0.79,sl,-0.003991,0,0.7654,2
2022-04-08 00:00:00,SHORT,0.79,0.79,tp,0.004025,1,0.7664,2
2022-04-08 04:00:00,SHORT,0.78,0.78,tp,0.004025,1,0.7556,2
2022-04-08 08:00:00,LONG,0.77,0.77,tp,0.004,1,0.8393,2
2022-04-08 12:00:00,SHORT,0.77,0.77,tp,0.004025,1,0.6972,2
2022-04-08 16:00:00,LONG,0.76,0.76,tp,0.004,1,0.8409,2
2022-04-08 20:00:00,LONG,0.76,0.76,tp,0.004,1,0.7953,2
2022-04-09 00:00:00,LONG,0.76,0.77,tp,0.004,1,0.7828,2
2022-04-09 04:00:00,LONG,0.76,0.76,sl,-0.004,0,0.7953,2
2022-04-09 08:00:00,LONG,0.76,0.76,sl,-0.004,0,0.6762,2
2022-04-09 12:00:00,LONG,0.76,0.76,tp,0.004,1,0.7587,2
2022-04-10 16:00:00,SHORT,0.77,0.77,tp,0.004025,1,0.6632,2
2022-04-10 20:00:00,LONG,0.75,0.75,sl,-0.004,0,0.6542,2
2022-04-11 00:00:00,SHORT,0.74,0.74,sl,-0.003991,0,0.7087,2
2022-04-11 04:00:00,SHORT,0.74,0.74,tp,0.004025,1,0.6761,2
2022-04-11 08:00:00,SHORT,0.71,0.7,tp,0.004025,1,0.9154,2
2022-04-11 12:00:00,LONG,0.7,0.71,tp,0.004,1,0.8754,2
2022-04-11 16:00:00,LONG,0.71,0.7,sl,-0.004,0,0.8707,2
2022-04-11 20:00:00,LONG,0.7,0.7,tp,0.004,1,0.7875,2
2022-04-12 00:00:00,LONG,0.7,0.7,tp,0.004,1,0.7785,2
2022-04-12 04:00:00,LONG,0.71,0.71,tp,0.004,1,0.7608,2
2022-04-12 08:00:00,LONG,0.71,0.72,tp,0.004,1,0.7605,2
2022-04-12 12:00:00,LONG,0.71,0.71,sl,-0.004,0,0.7524,2
2022-04-12 16:00:00,LONG,0.69,0.7,tp,0.004,1,0.853,2
2022-04-12 20:00:00,LONG,0.72,0.72,tp,0.004,1,0.8375,2
2022-04-13 04:00:00,SHORT,0.71,0.71,tp,0.004025,1,0.6969,2
2022-04-13 08:00:00,LONG,0.71,0.71,tp,0.004,1,0.8244,2
2022-04-13 12:00:00,LONG,0.72,0.72,sl,-0.004,0,0.7176,2
2022-04-13 16:00:00,LONG,0.72,0.72,tp,0.004,1,0.7597,2
2022-04-13 20:00:00,LONG,0.72,0.73,tp,0.004,1,0.7427,2
2022-04-14 00:00:00,SHORT,0.74,0.73,tp,0.004025,1,0.711,2
2022-04-14 04:00:00,SHORT,0.73,0.73,tp,0.004025,1,0.743,2
2022-04-14 08:00:00,LONG,0.72,0.73,tp,0.004,1,0.7713,2
2022-04-14 12:00:00,LONG,0.71,0.72,tp,0.004,1,0.7867,2
2022-04-14 16:00:00,SHORT,0.71,0.72,sl,-0.003991,0,0.708,2
2022-04-14 20:00:00,SHORT,0.73,0.73,sl,-0.003991,0,0.717,2
2022-04-15 00:00:00,SHORT,0.79,0.78,tp,0.004025,1,0.9425,2
2022-04-15 04:00:00,SHORT,0.78,0.77,tp,0.004025,1,0.9086,2
2022-04-15 08:00:00,SHORT,0.78,0.77,tp,0.004025,1,0.8561,2
2022-04-15 12:00:00,LONG,0.77,0.78,tp,0.004,1,0.8054,2
2022-04-15 16:00:00,LONG,0.77,0.78,tp,0.004,1,0.7904,2
2022-04-15 20:00:00,SHORT,0.79,0.78,tp,0.004025,1,0.85,2
2022-04-16 00:00:00,LONG,0.78,0.78,sl,-0.004,0,0.7875,2
2022-04-16 04:00:00,SHORT,0.78,0.77,tp,0.004025,1,0.7645,2
2022-04-16 08:00:00,LONG,0.78,0.78,tp,0.004,1,0.7626,2
2022-04-16 12:00:00,LONG,0.77,0.77,tp,0.004,1,0.8035,2
2022-04-16 16:00:00,SHORT,0.77,0.78,sl,-0.003991,0,0.6797,2
2022-04-16 20:00:00,SHORT,0.78,0.78,tp,0.004025,1,0.8071,2
2022-04-17 00:00:00,LONG,0.77,0.78,tp,0.004,1,0.6926,2
2022-04-17 04:00:00,SHORT,0.78,0.78,sl,-0.003991,0,0.7764,2
2022-04-17 08:00:00,SHORT,0.78,0.78,sl,-0.003991,0,0.6982,2
2022-04-17 12:00:00,SHORT,0.78,0.78,tp,0.004025,1,0.6857,2
2022-04-17 16:00:00,LONG,0.77,0.77,tp,0.004,1,0.7001,2
2022-04-17 20:00:00,SHORT,0.75,0.75,tp,0.004025,1,0.795,2
2022-04-18 00:00:00,LONG,0.76,0.76,sl,-0.004,0,0.7298,2
2022-04-18 04:00:00,SHORT,0.73,0.74,sl,-0.003991,0,0.8222,2
2022-04-18 08:00:00,LONG,0.74,0.74,tp,0.004,1,0.7765,2
2022-04-18 12:00:00,LONG,0.74,0.75,tp,0.004,1,0.7772,2
2022-04-18 16:00:00,LONG,0.76,0.76,tp,0.004,1,0.7731,2
2022-04-18 20:00:00,SHORT,0.77,0.77,sl,-0.003991,0,0.8118,2
2022-04-19 00:00:00,SHORT,0.77,0.77,tp,0.004025,1,0.7248,2
2022-04-19 04:00:00,SHORT,0.76,0.76,tp,0.004025,1,0.6827,2
2022-04-19 08:00:00,LONG,0.76,0.77,tp,0.004,1,0.7282,2
2022-04-19 12:00:00,SHORT,0.77,0.77,tp,0.004025,1,0.737,2
2022-04-19 16:00:00,LONG,0.77,0.77,sl,-0.004,0,0.7105,2
2022-04-19 20:00:00,SHORT,0.77,0.77,tp,0.004025,1,0.7554,2
2022-04-20 00:00:00,LONG,0.77,0.77,sl,-0.004,0,0.6988,2
2022-04-20 04:00:00,SHORT,0.76,0.76,sl,-0.003991,0,0.7525,2
2022-04-20 08:00:00,SHORT,0.77,0.77,tp,0.004025,1,0.7315,2
2022-04-20 12:00:00,SHORT,0.75,0.75,tp,0.004025,1,0.7349,2
2022-04-20 16:00:00,LONG,0.75,0.75,tp,0.004,1,0.7354,2
2022-04-20 20:00:00,SHORT,0.75,0.75,sl,-0.003991,0,0.7236,2
2022-04-21 00:00:00,LONG,0.75,0.75,sl,-0.004,0,0.679,2
2022-04-21 04:00:00,SHORT,0.75,0.75,sl,-0.003991,0,0.7404,2
2022-04-21 20:00:00,SHORT,0.73,0.73,tp,0.004025,1,0.7786,2
2022-04-22 00:00:00,LONG,0.73,0.74,tp,0.004,1,0.7832,2
2022-04-22 04:00:00,LONG,0.73,0.73,sl,-0.004,0,0.8099,2
2022-04-22 08:00:00,LONG,0.73,0.73,sl,-0.004,0,0.7724,2
2022-04-22 12:00:00,LONG,0.72,0.72,tp,0.004,1,0.8458,2
2022-04-22 16:00:00,LONG,0.73,0.73,tp,0.004,1,0.7602,2
2022-04-22 20:00:00,LONG,0.72,0.72,tp,0.004,1,0.7681,2
2022-04-23 00:00:00,LONG,0.71,0.71,sl,-0.004,0,0.7724,2
2022-04-23 04:00:00,LONG,0.71,0.71,sl,-0.004,0,0.789,2
2022-04-23 08:00:00,LONG,0.71,0.71,sl,-0.004,0,0.7729,2
2022-04-23 12:00:00,LONG,0.71,0.72,tp,0.004,1,0.7678,2
2022-04-23 16:00:00,LONG,0.71,0.71,sl,-0.004,0,0.8156,2
2022-04-23 20:00:00,LONG,0.71,0.71,tp,0.004,1,0.774,2
2022-04-24 08:00:00,LONG,0.71,0.7,sl,-0.004,0,0.6657,2
2022-04-24 16:00:00,LONG,0.7,0.7,sl,-0.004,0,0.6978,2
2022-04-24 20:00:00,LONG,0.7,0.7,sl,-0.004,0,0.7921,2
2022-04-25 00:00:00,SHORT,0.68,0.68,tp,0.004025,1,0.7785,2
2022-04-25 04:00:00,SHORT,0.65,0.65,tp,0.004025,1,0.8817,2
2022-04-25 08:00:00,SHORT,0.67,0.66,tp,0.004025,1,0.8252,2
2022-04-25 12:00:00,LONG,0.67,0.67,tp,0.004,1,0.7303,2
2022-04-25 16:00:00,LONG,0.69,0.69,tp,0.004,1,0.8706,2
2022-04-25 20:00:00,LONG,0.69,0.7,tp,0.004,1,0.7266,2
2022-04-26 00:00:00,SHORT,0.7,0.69,tp,0.004025,1,0.6599,2
2022-04-26 04:00:00,LONG,0.69,0.69,tp,0.004,1,0.6827,2
2022-04-26 08:00:00,LONG,0.68,0.68,sl,-0.004,0,0.8079,2
2022-04-26 12:00:00,LONG,0.65,0.66,tp,0.004,1,0.8917,2
2022-04-26 16:00:00,LONG,0.65,0.65,tp,0.004,1,0.8792,2
2022-04-26 20:00:00,LONG,0.64,0.65,tp,0.004,1,0.8552,2
2022-04-27 00:00:00,LONG,0.65,0.65,tp,0.004,1,0.8478,2
2022-04-27 04:00:00,LONG,0.66,0.66,sl,-0.004,0,0.7823,2
2022-04-27 08:00:00,LONG,0.65,0.65,tp,0.004,1,0.884,2
2022-04-27 12:00:00,LONG,0.65,0.65,tp,0.004,1,0.8223,2
2022-04-27 16:00:00,LONG,0.65,0.65,tp,0.004,1,0.8673,2
2022-04-27 20:00:00,LONG,0.65,0.66,tp,0.004,1,0.7324,2
2022-04-28 00:00:00,LONG,0.65,0.65,tp,0.004,1,0.7641,2
2022-04-28 04:00:00,LONG,0.65,0.65,tp,0.004,1,0.73,2
2022-04-28 08:00:00,LONG,0.65,0.65,sl,-0.004,0,0.7782,2
2022-04-28 12:00:00,LONG,0.64,0.64,tp,0.004,1,0.7678,2
2022-04-28 16:00:00,LONG,0.64,0.65,tp,0.004,1,0.7725,2
2022-04-28 20:00:00,LONG,0.64,0.65,tp,0.004,1,0.7927,2
2022-04-29 00:00:00,LONG,0.64,0.64,tp,0.004,1,0.7743,2
2022-04-29 04:00:00,LONG,0.64,0.64,sl,-0.004,0,0.7178,2
2022-04-29 08:00:00,SHORT,0.62,0.62,sl,-0.003991,0,0.8323,2
2022-04-29 12:00:00,LONG,0.62,0.62,sl,-0.004,0,0.7657,2
2022-04-29 16:00:00,LONG,0.61,0.61,tp,0.004,1,0.836,2
2022-04-29 20:00:00,LONG,0.61,0.61,tp,0.004,1,0.7191,2
2022-04-30 00:00:00,LONG,0.62,0.62,tp,0.004,1,0.6947,2
2022-04-30 04:00:00,LONG,0.62,0.62,sl,-0.004,0,0.7239,2
2022-04-30 08:00:00,LONG,0.62,0.62,tp,0.004,1,0.7688,2
2022-04-30 12:00:00,LONG,0.62,0.61,sl,-0.004,0,0.7914,2
2022-04-30 16:00:00,LONG,0.61,0.61,sl,-0.004,0,0.8026,2
2022-04-30 20:00:00,LONG,0.58,0.59,tp,0.004,1,0.9059,2
2022-05-01 00:00:00,LONG,0.59,0.59,tp,0.004,1,0.804,2
2022-05-01 04:00:00,LONG,0.59,0.59,tp,0.004,1,0.8462,2
2022-05-01 08:00:00,LONG,0.59,0.59,tp,0.004,1,0.7871,2
2022-05-01 12:00:00,LONG,0.6,0.61,tp,0.004,1,0.8275,2
2022-05-01 16:00:00,LONG,0.6,0.6,tp,0.004,1,0.8199,2
2022-05-01 20:00:00,SHORT,0.61,0.61,sl,-0.003991,0,0.7183,2
2022-05-02 00:00:00,LONG,0.62,0.62,tp,0.004,1,0.6872,2
2022-05-02 04:00:00,SHORT,0.62,0.62,tp,0.004025,1,0.7075,2
2022-05-02 08:00:00,LONG,0.61,0.61,tp,0.004,1,0.8089,2
2022-05-02 12:00:00,LONG,0.61,0.61,tp,0.004,1,0.778,2
2022-05-02 16:00:00,LONG,0.61,0.61,tp,0.004,1,0.7953,2
2022-05-02 20:00:00,LONG,0.61,0.62,tp,0.004,1,0.7863,2
2022-05-03 00:00:00,LONG,0.62,0.62,sl,-0.004,0,0.7297,2
2022-05-03 04:00:00,LONG,0.62,0.62,sl,-0.004,0,0.7002,2
2022-05-03 08:00:00,SHORT,0.62,0.62,tp,0.004025,1,0.7148,2
2022-05-03 12:00:00,LONG,0.62,0.61,sl,-0.004,0,0.7377,2
2022-05-03 16:00:00,LONG,0.6,0.6,tp,0.004,1,0.8777,2
2022-05-03 20:00:00,LONG,0.61,0.61,tp,0.004,1,0.7878,2
2022-05-04 00:00:00,LONG,0.62,0.61,sl,-0.004,0,0.7626,2
2022-05-04 04:00:00,LONG,0.61,0.62,tp,0.004,1,0.7239,2
2022-05-04 08:00:00,SHORT,0.62,0.62,tp,0.004025,1,0.7339,2
2022-05-04 12:00:00,LONG,0.61,0.62,tp,0.004,1,0.7011,2
2022-05-04 16:00:00,LONG,0.64,0.64,tp,0.004,1,0.8952,2
2022-05-04 20:00:00,LONG,0.65,0.65,tp,0.004,1,0.7973,2
2022-05-05 00:00:00,SHORT,0.65,0.65,tp,0.004025,1,0.7029,2
2022-05-05 04:00:00,SHORT,0.64,0.64,tp,0.004025,1,0.76,2
2022-05-05 08:00:00,SHORT,0.64,0.63,tp,0.004025,1,0.7665,2
2022-05-05 12:00:00,SHORT,0.6,0.6,tp,0.004025,1,0.8856,2
2022-05-05 16:00:00,LONG,0.59,0.6,tp,0.004,1,0.9235,2
2022-05-05 20:00:00,LONG,0.6,0.6,tp,0.004,1,0.8958,2
2022-05-06 00:00:00,LONG,0.61,0.61,sl,-0.004,0,0.8297,2
2022-05-06 04:00:00,LONG,0.6,0.6,tp,0.004,1,0.8711,2
2022-05-06 08:00:00,LONG,0.6,0.6,tp,0.004,1,0.8882,2
2022-05-06 12:00:00,LONG,0.6,0.6,tp,0.004,1,0.8575,2
2022-05-06 16:00:00,LONG,0.6,0.6,tp,0.004,1,0.8356,2
2022-05-06 20:00:00,SHORT,0.6,0.6,tp,0.004025,1,0.6823,2
2022-05-07 00:00:00,LONG,0.6,0.6,tp,0.004,1,0.7912,2
2022-05-07 04:00:00,LONG,0.6,0.6,tp,0.004,1,0.7656,2
2022-05-07 08:00:00,LONG,0.6,0.6,sl,-0.004,0,0.7076,2
2022-05-07 12:00:00,LONG,0.6,0.59,sl,-0.004,0,0.7031,2
2022-05-07 16:00:00,LONG,0.59,0.59,sl,-0.004,0,0.7521,2
2022-05-07 20:00:00,LONG,0.58,0.58,sl,-0.004,0,0.8017,2
2022-05-08 00:00:00,LONG,0.57,0.57,sl,-0.004,0,0.793,2
2022-05-08 04:00:00,LONG,0.57,0.58,tp,0.004,1,0.8427,2
2022-05-08 08:00:00,LONG,0.58,0.57,sl,-0.004,0,0.7896,2
2022-05-08 12:00:00,LONG,0.57,0.57,tp,0.004,1,0.7877,2
2022-05-08 16:00:00,LONG,0.57,0.57,sl,-0.004,0,0.6924,2
2022-05-08 20:00:00,LONG,0.57,0.57,tp,0.004,1,0.748,2
2022-05-09 00:00:00,LONG,0.56,0.57,tp,0.004,1,0.7791,2
2022-05-09 04:00:00,LONG,0.55,0.56,tp,0.004,1,0.852,2
2022-05-09 08:00:00,LONG,0.54,0.54,tp,0.004,1,0.8975,2
2022-05-09 12:00:00,LONG,0.53,0.53,tp,0.004,1,0.9159,2
2022-05-09 16:00:00,SHORT,0.49,0.49,tp,0.004025,1,0.934,2
2022-05-09 20:00:00,LONG,0.49,0.49,tp,0.004,1,0.9327,2
2022-05-10 00:00:00,LONG,0.5,0.5,tp,0.004,1,0.9111,2
2022-05-10 04:00:00,LONG,0.52,0.52,tp,0.004,1,0.9277,2
2022-05-10 08:00:00,LONG,0.52,0.53,tp,0.004,1,0.8967,2
2022-05-10 12:00:00,LONG,0.52,0.52,tp,0.004,1,0.8855,2
2022-05-10 16:00:00,LONG,0.52,0.52,sl,-0.004,0,0.8084,2
2022-05-10 20:00:00,LONG,0.51,0.52,tp,0.004,1,0.8133,2
2022-05-11 00:00:00,LONG,0.52,0.52,tp,0.004,1,0.7884,2
2022-05-11 04:00:00,LONG,0.5,0.5,tp,0.004,1,0.9001,2
2022-05-11 08:00:00,LONG,0.49,0.49,tp,0.004,1,0.9313,2
2022-05-11 12:00:00,SHORT,0.45,0.44,tp,0.004025,1,0.9368,2
2022-05-11 16:00:00,LONG,0.41,0.41,tp,0.004,1,0.9376,2
2022-05-11 20:00:00,LONG,0.42,0.42,tp,0.004,1,0.9167,2
2022-05-12 00:00:00,LONG,0.38,0.38,tp,0.004,1,0.9454,2
2022-05-12 04:00:00,LONG,0.38,0.38,tp,0.004,1,0.9277,2
2022-05-12 08:00:00,LONG,0.38,0.38,tp,0.004,1,0.939,2
2022-05-12 12:00:00,LONG,0.39,0.39,tp,0.004,1,0.9233,2
2022-05-12 16:00:00,LONG,0.39,0.39,tp,0.004,1,0.8902,2
2022-05-12 20:00:00,LONG,0.39,0.39,tp,0.004,1,0.874,2
2022-05-13 00:00:00,SHORT,0.45,0.44,tp,0.004025,1,0.8959,2
2022-05-13 04:00:00,SHORT,0.43,0.43,sl,-0.003991,0,0.9137,2
2022-05-13 08:00:00,SHORT,0.45,0.45,tp,0.004025,1,0.9289,2
2022-05-13 12:00:00,SHORT,0.43,0.43,tp,0.004025,1,0.9156,2
2022-05-13 16:00:00,SHORT,0.43,0.42,tp,0.004025,1,0.907,2
2022-05-13 20:00:00,LONG,0.42,0.43,tp,0.004,1,0.9005,2
2022-05-14 00:00:00,SHORT,0.43,0.43,tp,0.004025,1,0.9069,2
2022-05-14 04:00:00,SHORT,0.43,0.43,tp,0.004025,1,0.9094,2
2022-05-14 08:00:00,LONG,0.41,0.41,tp,0.004,1,0.9399,2
2022-05-14 12:00:00,LONG,0.4,0.4,tp,0.004,1,0.9471,2
2022-05-14 16:00:00,LONG,0.41,0.41,tp,0.004,1,0.9129,2
2022-05-14 20:00:00,SHORT,0.43,0.42,tp,0.004025,1,0.9016,2
2022-05-15 00:00:00,SHORT,0.42,0.42,tp,0.004025,1,0.8264,2
2022-05-15 04:00:00,SHORT,0.42,0.42,tp,0.004025,1,0.8543,2
2022-05-15 08:00:00,SHORT,0.43,0.43,tp,0.004025,1,0.9123,2
2022-05-15 12:00:00,LONG,0.43,0.43,tp,0.004,1,0.8254,2
2022-05-15 16:00:00,SHORT,0.43,0.43,sl,-0.003991,0,0.8417,2
2022-05-15 20:00:00,SHORT,0.45,0.45,tp,0.004025,1,0.9186,2
2022-05-16 00:00:00,LONG,0.43,0.43,sl,-0.004,0,0.8226,2
2022-05-16 04:00:00,SHORT,0.42,0.41,tp,0.004025,1,0.8938,2
2022-05-16 08:00:00,LONG,0.42,0.42,tp,0.004,1,0.9051,2
2022-05-16 12:00:00,LONG,0.42,0.42,tp,0.004,1,0.8922,2
2022-05-16 16:00:00,LONG,0.42,0.43,tp,0.004,1,0.8739,2
2022-05-16 20:00:00,LONG,0.42,0.43,tp,0.004,1,0.8801,2
2022-05-17 00:00:00,LONG,0.43,0.44,tp,0.004,1,0.8848,2
2022-05-17 04:00:00,LONG,0.43,0.43,tp,0.004,1,0.8637,2
2022-05-17 08:00:00,LONG,0.43,0.43,tp,0.004,1,0.8781,2
2022-05-17 12:00:00,LONG,0.43,0.43,tp,0.004,1,0.8457,2
2022-05-17 16:00:00,LONG,0.43,0.43,tp,0.004,1,0.8337,2
2022-05-17 20:00:00,LONG,0.44,0.44,tp,0.004,1,0.8129,2
2022-05-18 00:00:00,LONG,0.43,0.43,tp,0.004,1,0.8708,2
2022-05-18 04:00:00,LONG,0.43,0.43,tp,0.004,1,0.7979,2
2022-05-18 08:00:00,LONG,0.43,0.43,sl,-0.004,0,0.8669,2
2022-05-18 12:00:00,LONG,0.41,0.41,tp,0.004,1,0.9076,2
2022-05-18 16:00:00,LONG,0.42,0.42,sl,-0.004,0,0.8978,2
2022-05-18 20:00:00,LONG,0.41,0.41,tp,0.004,1,0.8966,2
2022-05-19 00:00:00,LONG,0.41,0.41,tp,0.004,1,0.8941,2
2022-05-19 04:00:00,LONG,0.41,0.41,tp,0.004,1,0.9117,2
2022-05-19 08:00:00,LONG,0.41,0.41,tp,0.004,1,0.9091,2
2022-05-19 12:00:00,LONG,0.42,0.42,sl,-0.004,0,0.8682,2
2022-05-19 16:00:00,LONG,0.42,0.42,tp,0.004,1,0.8217,2
2022-05-19 20:00:00,LONG,0.42,0.42,tp,0.004,1,0.8113,2
2022-05-20 00:00:00,LONG,0.43,0.43,tp,0.004,1,0.7955,2
2022-05-20 04:00:00,LONG,0.43,0.43,tp,0.004,1,0.7646,2
2022-05-20 08:00:00,LONG,0.43,0.43,sl,-0.004,0,0.8111,2
2022-05-20 12:00:00,LONG,0.41,0.41,sl,-0.004,0,0.9206,2
2022-05-20 16:00:00,LONG,0.41,0.41,tp,0.004,1,0.8587,2
2022-05-20 20:00:00,LONG,0.41,0.41,tp,0.004,1,0.8738,2
2022-05-21 00:00:00,LONG,0.41,0.41,tp,0.004,1,0.8102,2
2022-05-21 04:00:00,LONG,0.41,0.41,sl,-0.004,0,0.7699,2
2022-05-21 08:00:00,LONG,0.41,0.41,tp,0.004,1,0.827,2
2022-05-21 12:00:00,SHORT,0.42,0.42,sl,-0.003991,0,0.6663,2
2022-05-21 16:00:00,LONG,0.42,0.41,sl,-0.004,0,0.7292,2
2022-05-21 20:00:00,LONG,0.41,0.41,sl,-0.004,0,0.727,2
2022-05-22 00:00:00,LONG,0.41,0.41,sl,-0.004,0,0.6821,2
2022-05-22 08:00:00,SHORT,0.42,0.42,tp,0.004025,1,0.6526,2
2022-05-23 04:00:00,SHORT,0.42,0.42,tp,0.004025,1,0.6936,2
2022-05-23 08:00:00,SHORT,0.42,0.42,tp,0.004025,1,0.7796,2
2022-05-23 12:00:00,SHORT,0.43,0.42,tp,0.004025,1,0.72,2
2022-05-23 16:00:00,LONG,0.41,0.41,tp,0.004,1,0.7785,2
2022-05-23 20:00:00,LONG,0.41,0.41,tp,0.004,1,0.8172,2
2022-05-24 00:00:00,SHORT,0.41,0.41,tp,0.004025,1,0.7012,2
2022-05-24 04:00:00,LONG,0.41,0.41,sl,-0.004,0,0.7625,2
2022-05-24 08:00:00,LONG,0.41,0.4,sl,-0.004,0,0.7773,2
2022-05-24 12:00:00,LONG,0.4,0.41,tp,0.004,1,0.7767,2
2022-05-24 16:00:00,LONG,0.41,0.41,tp,0.004,1,0.8084,2
2022-05-25 00:00:00,LONG,0.41,0.41,sl,-0.004,0,0.6591,2
2022-05-25 04:00:00,SHORT,0.41,0.4,tp,0.004025,1,0.7769,2
2022-05-25 08:00:00,LONG,0.4,0.4,tp,0.004,1,0.8508,2
2022-05-25 12:00:00,LONG,0.4,0.4,tp,0.004,1,0.7862,2
2022-05-25 16:00:00,LONG,0.41,0.41,tp,0.004,1,0.748,2
2022-05-25 20:00:00,LONG,0.41,0.41,tp,0.004,1,0.7256,2
2022-05-26 00:00:00,LONG,0.41,0.41,sl,-0.004,0,0.7074,2
2022-05-26 04:00:00,LONG,0.4,0.4,sl,-0.004,0,0.7877,2
2022-05-26 08:00:00,SHORT,0.39,0.39,tp,0.004025,1,0.86,2
2022-05-26 12:00:00,LONG,0.39,0.4,tp,0.004,1,0.8094,2
2022-05-26 16:00:00,LONG,0.39,0.39,tp,0.004,1,0.8896,2
2022-05-26 20:00:00,LONG,0.39,0.39,tp,0.004,1,0.7759,2
2022-05-27 00:00:00,LONG,0.4,0.4,tp,0.004,1,0.755,2
2022-05-27 04:00:00,LONG,0.4,0.4,sl,-0.004,0,0.7175,2
2022-05-27 08:00:00,LONG,0.39,0.39,tp,0.004,1,0.8033,2
2022-05-27 12:00:00,LONG,0.39,0.39,sl,-0.004,0,0.8305,2
2022-05-27 16:00:00,LONG,0.38,0.39,tp,0.004,1,0.8788,2
2022-05-27 20:00:00,LONG,0.38,0.38,tp,0.004,1,0.8683,2
2022-05-28 00:00:00,LONG,0.39,0.39,tp,0.004,1,0.8232,2
2022-05-28 04:00:00,LONG,0.39,0.39,sl,-0.004,0,0.7298,2
2022-05-28 08:00:00,LONG,0.38,0.39,tp,0.004,1,0.7628,2
2022-05-28 20:00:00,SHORT,0.39,0.38,tp,0.004025,1,0.6775,2
2022-05-29 00:00:00,LONG,0.38,0.38,tp,0.004,1,0.7406,2
2022-05-29 04:00:00,LONG,0.38,0.39,tp,0.004,1,0.6686,2
2022-05-29 16:00:00,LONG,0.39,0.39,tp,0.004,1,0.6852,2
2022-05-30 00:00:00,LONG,0.4,0.4,tp,0.004,1,0.7437,2
2022-05-30 04:00:00,LONG,0.4,0.4,sl,-0.004,0,0.7207,2
2022-05-30 08:00:00,SHORT,0.4,0.4,tp,0.004025,1,0.6878,2
2022-05-30 12:00:00,SHORT,0.4,0.4,sl,-0.003991,0,0.6907,2
2022-05-30 16:00:00,LONG,0.4,0.4,tp,0.004,1,0.7352,2
2022-05-30 20:00:00,LONG,0.42,0.42,tp,0.004,1,0.8707,2
2022-05-31 00:00:00,SHORT,0.42,0.42,tp,0.004025,1,0.6973,2
2022-05-31 04:00:00,SHORT,0.42,0.42,tp,0.004025,1,0.768,2
2022-05-31 08:00:00,SHORT,0.42,0.42,tp,0.004025,1,0.7126,2
2022-05-31 12:00:00,LONG,0.42,0.42,sl,-0.004,0,0.7666,2
2022-05-31 16:00:00,LONG,0.41,0.42,tp,0.004,1,0.7568,2
2022-05-31 20:00:00,SHORT,0.42,0.42,tp,0.004025,1,0.7238,2
2022-06-01 00:00:00,LONG,0.42,0.42,tp,0.004,1,0.6764,2
2022-06-01 04:00:00,LONG,0.41,0.42,tp,0.004,1,0.7387,2
2022-06-01 08:00:00,SHORT,0.42,0.41,tp,0.004025,1,0.72,2
2022-06-01 12:00:00,LONG,0.41,0.41,sl,-0.004,0,0.8253,2
2022-06-01 16:00:00,LONG,0.4,0.4,sl,-0.004,0,0.8235,2
2022-06-01 20:00:00,LONG,0.4,0.4,sl,-0.004,0,0.8375,2
2022-06-02 00:00:00,LONG,0.39,0.4,tp,0.004,1,0.7764,2
2022-06-02 04:00:00,SHORT,0.39,0.39,sl,-0.003991,0,0.8351,2
2022-06-02 08:00:00,SHORT,0.4,0.4,tp,0.004025,1,0.7437,2
2022-06-02 12:00:00,SHORT,0.4,0.4,tp,0.004025,1,0.7308,2
2022-06-02 16:00:00,LONG,0.4,0.4,tp,0.004,1,0.7335,2
2022-06-02 20:00:00,SHORT,0.41,0.41,sl,-0.003991,0,0.7093,2
2022-06-03 04:00:00,SHORT,0.4,0.4,tp,0.004025,1,0.7041,2
2022-06-03 08:00:00,SHORT,0.39,0.39,tp,0.004025,1,0.8214,2
2022-06-03 12:00:00,LONG,0.39,0.39,sl,-0.004,0,0.8123,2
2022-06-03 16:00:00,LONG,0.39,0.39,tp,0.004,1,0.7781,2
2022-06-03 20:00:00,LONG,0.39,0.39,sl,-0.004,0,0.7562,2
2022-06-04 00:00:00,LONG,0.39,0.39,tp,0.004,1,0.7265,2
2022-06-04 04:00:00,SHORT,0.39,0.39,tp,0.004025,1,0.7036,2
2022-06-04 08:00:00,LONG,0.39,0.39,tp,0.004,1,0.7146,2
2022-06-05 16:00:00,SHORT,0.4,0.4,tp,0.004025,1,0.6729,2
2022-06-06 00:00:00,SHORT,0.4,0.4,tp,0.004025,1,0.7461,2
2022-06-06 04:00:00,SHORT,0.4,0.4,sl,-0.003991,0,0.7704,2
2022-06-06 08:00:00,LONG,0.4,0.4,sl,-0.004,0,0.7391,2
2022-06-06 12:00:00,LONG,0.4,0.4,sl,-0.004,0,0.6765,2
2022-06-07 00:00:00,SHORT,0.39,0.39,sl,-0.003991,0,0.7523,2
2022-06-07 04:00:00,SHORT,0.39,0.39,tp,0.004025,1,0.7524,2
2022-06-07 08:00:00,SHORT,0.39,0.39,sl,-0.003991,0,0.7652,2
2022-06-07 12:00:00,SHORT,0.39,0.39,tp,0.004025,1,0.7002,2
2022-06-07 16:00:00,LONG,0.41,0.42,tp,0.004,1,0.834,2
2022-06-07 20:00:00,LONG,0.41,0.41,tp,0.004,1,0.8072,2
2022-06-08 00:00:00,LONG,0.4,0.4,tp,0.004,1,0.7102,2
2022-06-08 04:00:00,SHORT,0.4,0.4,sl,-0.003991,0,0.7438,2
2022-06-08 08:00:00,SHORT,0.4,0.4,tp,0.004025,1,0.7381,2
2022-06-08 12:00:00,LONG,0.4,0.4,sl,-0.004,0,0.7165,2
2022-06-08 16:00:00,LONG,0.4,0.4,tp,0.004,1,0.7356,2
2022-06-08 20:00:00,LONG,0.4,0.4,sl,-0.004,0,0.7583,2
2022-06-09 08:00:00,LONG,0.4,0.4,sl,-0.004,0,0.6644,2
2022-06-09 16:00:00,LONG,0.4,0.4,tp,0.004,1,0.6931,2
2022-06-09 20:00:00,LONG,0.4,0.4,tp,0.004,1,0.7444,2
2022-06-10 04:00:00,SHORT,0.4,0.4,tp,0.004025,1,0.6619,2
2022-06-10 12:00:00,SHORT,0.39,0.39,tp,0.004025,1,0.8178,2
2022-06-10 16:00:00,LONG,0.38,0.38,tp,0.004,1,0.823,2
2022-06-10 20:00:00,LONG,0.38,0.38,tp,0.004,1,0.8187,2
2022-06-11 00:00:00,LONG,0.39,0.39,tp,0.004,1,0.7303,2
2022-06-11 08:00:00,LONG,0.38,0.38,sl,-0.004,0,0.8008,2
2022-06-11 12:00:00,LONG,0.36,0.36,tp,0.004,1,0.8675,2
2022-06-11 16:00:00,SHORT,0.37,0.36,tp,0.004025,1,0.811,2
2022-06-11 20:00:00,LONG,0.36,0.36,tp,0.004,1,0.8079,2
2022-06-12 00:00:00,LONG,0.34,0.35,tp,0.004,1,0.9278,2
2022-06-12 04:00:00,LONG,0.35,0.35,tp,0.004,1,0.8994,2
2022-06-12 08:00:00,LONG,0.35,0.35,tp,0.004,1,0.8878,2
2022-06-12 12:00:00,LONG,0.36,0.36,tp,0.004,1,0.9022,2
2022-06-12 16:00:00,LONG,0.35,0.35,tp,0.004,1,0.9292,2
2022-06-12 20:00:00,LONG,0.34,0.35,tp,0.004,1,0.9367,2
2022-06-13 00:00:00,LONG,0.33,0.33,tp,0.004,1,0.9346,2
2022-06-13 04:00:00,LONG,0.32,0.32,tp,0.004,1,0.9442,2
2022-06-13 08:00:00,LONG,0.31,0.31,tp,0.004,1,0.9432,2
2022-06-13 12:00:00,LONG,0.31,0.32,tp,0.004,1,0.9313,2
2022-06-13 16:00:00,LONG,0.32,0.32,tp,0.004,1,0.9106,2
2022-06-13 20:00:00,LONG,0.31,0.31,tp,0.004,1,0.9114,2
2022-06-14 00:00:00,LONG,0.31,0.32,tp,0.004,1,0.8624,2
2022-06-14 04:00:00,LONG,0.32,0.32,sl,-0.004,0,0.8611,2
2022-06-14 08:00:00,LONG,0.31,0.31,tp,0.004,1,0.9015,2
2022-06-14 12:00:00,LONG,0.32,0.32,sl,-0.004,0,0.888,2
2022-06-14 16:00:00,LONG,0.32,0.32,tp,0.004,1,0.768,2
2022-06-14 20:00:00,LONG,0.32,0.32,tp,0.004,1,0.7732,2
2022-06-15 00:00:00,LONG,0.31,0.31,sl,-0.004,0,0.8683,2
2022-06-15 04:00:00,LONG,0.3,0.31,tp,0.004,1,0.8975,2
2022-06-15 08:00:00,LONG,0.31,0.31,tp,0.004,1,0.885,2
2022-06-15 12:00:00,LONG,0.31,0.31,tp,0.004,1,0.8817,2
2022-06-15 16:00:00,LONG,0.32,0.32,tp,0.004,1,0.8953,2
2022-06-15 20:00:00,LONG,0.34,0.35,tp,0.004,1,0.9004,2
2022-06-16 00:00:00,LONG,0.33,0.34,tp,0.004,1,0.8992,2
2022-06-16 04:00:00,LONG,0.32,0.33,tp,0.004,1,0.8998,2
2022-06-16 08:00:00,LONG,0.32,0.32,tp,0.004,1,0.9193,2
2022-06-16 12:00:00,LONG,0.32,0.32,tp,0.004,1,0.8726,2
2022-06-16 16:00:00,LONG,0.32,0.32,tp,0.004,1,0.88,2
2022-06-16 20:00:00,LONG,0.31,0.31,tp,0.004,1,0.8944,2
2022-06-17 00:00:00,LONG,0.32,0.33,tp,0.004,1,0.8746,2
2022-06-17 04:00:00,LONG,0.34,0.34,tp,0.004,1,0.8805,2
2022-06-17 08:00:00,LONG,0.33,0.33,tp,0.004,1,0.8924,2
2022-06-17 12:00:00,LONG,0.32,0.32,sl,-0.004,0,0.8834,2
2022-06-17 16:00:00,LONG,0.32,0.32,tp,0.004,1,0.8855,2
2022-06-17 20:00:00,LONG,0.32,0.32,tp,0.004,1,0.793,2
2022-06-18 00:00:00,LONG,0.32,0.32,sl,-0.004,0,0.8451,2
2022-06-18 04:00:00,LONG,0.31,0.31,sl,-0.004,0,0.8839,2
2022-06-18 08:00:00,LONG,0.31,0.31,tp,0.004,1,0.9119,2
2022-06-18 12:00:00,LONG,0.31,0.31,tp,0.004,1,0.8882,2
2022-06-18 16:00:00,LONG,0.3,0.3,tp,0.004,1,0.8993,2
2022-06-18 20:00:00,LONG,0.31,0.31,tp,0.004,1,0.906,2
2022-06-19 00:00:00,LONG,0.3,0.3,tp,0.004,1,0.9223,2
2022-06-19 04:00:00,LONG,0.3,0.3,tp,0.004,1,0.8253,2
2022-06-19 08:00:00,LONG,0.31,0.31,tp,0.004,1,0.8659,2
2022-06-19 12:00:00,LONG,0.32,0.32,tp,0.004,1,0.8397,2
2022-06-19 16:00:00,LONG,0.32,0.32,tp,0.004,1,0.8499,2
2022-06-19 20:00:00,LONG,0.33,0.33,tp,0.004,1,0.8874,2
2022-06-20 00:00:00,LONG,0.32,0.32,sl,-0.004,0,0.8628,2
2022-06-20 04:00:00,LONG,0.32,0.32,tp,0.004,1,0.7967,2
2022-06-20 08:00:00,LONG,0.33,0.33,sl,-0.004,0,0.8785,2
2022-06-20 12:00:00,LONG,0.33,0.32,sl,-0.004,0,0.7938,2
2022-06-20 16:00:00,LONG,0.32,0.32,tp,0.004,1,0.8666,2
2022-06-20 20:00:00,LONG,0.32,0.32,tp,0.004,1,0.8203,2
2022-06-21 00:00:00,LONG,0.32,0.33,tp,0.004,1,0.7287,2
2022-06-21 04:00:00,SHORT,0.33,0.33,sl,-0.003991,0,0.8192,2
2022-06-21 08:00:00,SHORT,0.33,0.33,sl,-0.003991,0,0.8412,2
2022-06-21 12:00:00,LONG,0.33,0.33,tp,0.004,1,0.8442,2
2022-06-21 16:00:00,LONG,0.33,0.33,tp,0.004,1,0.8305,2
2022-06-21 20:00:00,LONG,0.33,0.33,sl,-0.004,0,0.7658,2
2022-06-22 00:00:00,LONG,0.32,0.32,tp,0.004,1,0.8291,2
2022-06-22 04:00:00,LONG,0.32,0.32,tp,0.004,1,0.7792,2
2022-06-22 08:00:00,SHORT,0.32,0.32,tp,0.004025,1,0.7513,2
2022-06-22 12:00:00,LONG,0.32,0.32,tp,0.004,1,0.7244,2
2022-06-22 16:00:00,LONG,0.32,0.33,tp,0.004,1,0.7389,2
2022-06-22 20:00:00,LONG,0.32,0.32,tp,0.004,1,0.7845,2
2022-06-23 04:00:00,SHORT,0.33,0.33,sl,-0.003991,0,0.766,2
2022-06-23 08:00:00,LONG,0.33,0.33,tp,0.004,1,0.7356,2
2022-06-23 12:00:00,LONG,0.33,0.33,tp,0.004,1,0.7023,2
2022-06-23 16:00:00,SHORT,0.33,0.33,tp,0.004025,1,0.8376,2
2022-06-23 20:00:00,SHORT,0.34,0.34,sl,-0.003991,0,0.8392,2
2022-06-24 00:00:00,LONG,0.37,0.37,tp,0.004,1,0.8754,2
2022-06-24 04:00:00,SHORT,0.37,0.37,tp,0.004025,1,0.909,2
2022-06-24 08:00:00,SHORT,0.37,0.37,tp,0.004025,1,0.8943,2
2022-06-24 12:00:00,LONG,0.36,0.36,tp,0.004,1,0.9207,2
2022-06-24 16:00:00,LONG,0.36,0.37,tp,0.004,1,0.8331,2
2022-06-24 20:00:00,LONG,0.37,0.37,tp,0.004,1,0.833,2
2022-06-25 00:00:00,SHORT,0.37,0.37,tp,0.004025,1,0.8249,2
2022-06-25 04:00:00,SHORT,0.37,0.37,tp,0.004025,1,0.8776,2
2022-06-25 08:00:00,SHORT,0.37,0.37,tp,0.004025,1,0.7674,2
2022-06-25 12:00:00,LONG,0.35,0.36,tp,0.004,1,0.9069,2
2022-06-25 16:00:00,LONG,0.36,0.36,tp,0.004,1,0.8121,2
2022-06-25 20:00:00,SHORT,0.37,0.37,tp,0.004025,1,0.7958,2
2022-06-26 00:00:00,SHORT,0.37,0.36,tp,0.004025,1,0.7187,2
2022-06-26 04:00:00,SHORT,0.37,0.37,tp,0.004025,1,0.7823,2
2022-06-26 08:00:00,SHORT,0.37,0.37,tp,0.004025,1,0.8337,2
2022-06-26 12:00:00,SHORT,0.37,0.36,tp,0.004025,1,0.7217,2
2022-06-26 16:00:00,LONG,0.36,0.37,tp,0.004,1,0.6862,2
2022-06-26 20:00:00,LONG,0.36,0.36,tp,0.004,1,0.8436,2
2022-06-27 00:00:00,LONG,0.36,0.36,sl,-0.004,0,0.6933,2
2022-06-27 04:00:00,SHORT,0.36,0.36,sl,-0.003991,0,0.7459,2
2022-06-27 08:00:00,SHORT,0.36,0.36,tp,0.004025,1,0.7463,2
2022-06-27 12:00:00,SHORT,0.35,0.35,tp,0.004025,1,0.7842,2
2022-06-27 16:00:00,LONG,0.35,0.35,tp,0.004,1,0.7472,2
2022-06-27 20:00:00,LONG,0.35,0.36,tp,0.004,1,0.7588,2
2022-06-28 00:00:00,LONG,0.34,0.35,tp,0.004,1,0.8408,2
2022-06-28 04:00:00,LONG,0.35,0.35,tp,0.004,1,0.8444,2
2022-06-28 08:00:00,LONG,0.35,0.35,tp,0.004,1,0.8134,2
2022-06-28 12:00:00,LONG,0.34,0.34,tp,0.004,1,0.8677,2
2022-06-28 16:00:00,LONG,0.34,0.34,sl,-0.004,0,0.773,2
2022-06-28 20:00:00,SHORT,0.34,0.34,tp,0.004025,1,0.8336,2
2022-07-01 00:00:00,LONG,0.32,0.32,sl,-0.004,0,0.8337,3
2022-07-01 04:00:00,SHORT,0.32,0.32,tp,0.004025,1,0.8694,3
2022-07-01 08:00:00,SHORT,0.31,0.31,tp,0.004025,1,0.8968,3
2022-07-01 12:00:00,SHORT,0.31,0.31,sl,-0.003991,0,0.8296,3
2022-07-01 16:00:00,SHORT,0.31,0.31,tp,0.004025,1,0.8036,3
2022-07-01 20:00:00,LONG,0.31,0.32,tp,0.004,1,0.812,3
2022-07-02 00:00:00,LONG,0.31,0.31,tp,0.004,1,0.7671,3
2022-07-02 04:00:00,LONG,0.31,0.31,sl,-0.004,0,0.7078,3
2022-07-02 08:00:00,LONG,0.31,0.31,tp,0.004,1,0.7376,3
2022-07-02 12:00:00,SHORT,0.31,0.31,sl,-0.003991,0,0.7263,3
2022-07-02 16:00:00,LONG,0.32,0.32,tp,0.004,1,0.675,3
2022-07-02 20:00:00,SHORT,0.32,0.31,tp,0.004025,1,0.7112,3
2022-07-03 04:00:00,LONG,0.31,0.31,sl,-0.004,0,0.6555,3
2022-07-03 08:00:00,LONG,0.31,0.31,sl,-0.004,0,0.7002,3
2022-07-03 12:00:00,LONG,0.31,0.31,tp,0.004,1,0.6973,3
2022-07-03 16:00:00,LONG,0.32,0.33,tp,0.004,1,0.7992,3
2022-07-03 20:00:00,LONG,0.32,0.32,tp,0.004,1,0.7577,3
2022-07-04 00:00:00,LONG,0.32,0.32,tp,0.004,1,0.7046,3
2022-07-04 04:00:00,SHORT,0.32,0.32,tp,0.004025,1,0.6846,3
2022-07-04 08:00:00,SHORT,0.32,0.32,tp,0.004025,1,0.8259,3
2022-07-04 12:00:00,SHORT,0.32,0.32,tp,0.004025,1,0.7291,3
2022-07-04 16:00:00,LONG,0.32,0.33,tp,0.004,1,0.7364,3
2022-07-04 20:00:00,SHORT,0.33,0.33,tp,0.004025,1,0.8368,3
2022-07-05 00:00:00,SHORT,0.33,0.33,sl,-0.003991,0,0.7478,3
2022-07-05 04:00:00,SHORT,0.33,0.32,tp,0.004025,1,0.8181,3
2022-07-05 08:00:00,SHORT,0.32,0.32,tp,0.004025,1,0.8435,3
2022-07-05 12:00:00,SHORT,0.32,0.32,sl,-0.003991,0,0.7752,3
2022-07-05 16:00:00,LONG,0.32,0.33,tp,0.004,1,0.7214,3
2022-07-05 20:00:00,SHORT,0.33,0.32,tp,0.004025,1,0.7798,3
2022-07-06 00:00:00,SHORT,0.32,0.32,sl,-0.003991,0,0.6574,3
2022-07-06 04:00:00,SHORT,0.32,0.32,sl,-0.003991,0,0.7473,3
2022-07-06 08:00:00,SHORT,0.32,0.32,tp,0.004025,1,0.7516,3
2022-07-06 12:00:00,SHORT,0.32,0.32,sl,-0.003991,0,0.7089,3
2022-07-06 16:00:00,SHORT,0.33,0.33,sl,-0.003991,0,0.7512,3
2022-07-06 20:00:00,SHORT,0.33,0.33,tp,0.004025,1,0.7573,3
2022-07-07 00:00:00,SHORT,0.33,0.33,sl,-0.003991,0,0.6503,3
2022-07-07 04:00:00,SHORT,0.33,0.33,tp,0.004025,1,0.8166,3
2022-07-07 08:00:00,SHORT,0.33,0.33,sl,-0.003991,0,0.7276,3
2022-07-07 12:00:00,SHORT,0.33,0.33,sl,-0.003991,0,0.7961,3
2022-07-07 16:00:00,SHORT,0.34,0.34,tp,0.004025,1,0.9094,3
2022-07-07 20:00:00,SHORT,0.34,0.34,sl,-0.003991,0,0.816,3
2022-07-08 00:00:00,LONG,0.36,0.35,sl,-0.004,0,0.8464,3
2022-07-08 04:00:00,SHORT,0.35,0.35,tp,0.004025,1,0.7995,3
2022-07-08 08:00:00,SHORT,0.34,0.34,tp,0.004025,1,0.8089,3
2022-07-08 12:00:00,SHORT,0.34,0.34,tp,0.004025,1,0.7825,3
2022-07-08 16:00:00,SHORT,0.34,0.34,tp,0.004025,1,0.71,3
2022-07-08 20:00:00,SHORT,0.34,0.34,sl,-0.003991,0,0.7842,3
2022-07-09 00:00:00,LONG,0.34,0.34,tp,0.004,1,0.6605,3
2022-07-09 04:00:00,SHORT,0.34,0.34,tp,0.004025,1,0.7083,3
2022-07-09 08:00:00,SHORT,0.34,0.34,sl,-0.003991,0,0.6726,3
2022-07-09 12:00:00,SHORT,0.34,0.34,sl,-0.003991,0,0.7372,3
2022-07-09 16:00:00,SHORT,0.35,0.34,tp,0.004025,1,0.7366,3
2022-07-09 20:00:00,SHORT,0.34,0.34,tp,0.004025,1,0.7533,3
2022-07-10 00:00:00,SHORT,0.34,0.34,sl,-0.003991,0,0.6823,3
2022-07-10 08:00:00,SHORT,0.34,0.34,tp,0.004025,1,0.7217,3
2022-07-10 12:00:00,SHORT,0.32,0.32,tp,0.004025,1,0.8061,3
2022-07-10 16:00:00,SHORT,0.33,0.33,tp,0.004025,1,0.7449,3
2022-07-10 20:00:00,SHORT,0.33,0.32,tp,0.004025,1,0.7994,3
2022-07-11 04:00:00,LONG,0.33,0.33,tp,0.004,1,0.7273,3
2022-07-11 08:00:00,LONG,0.33,0.33,tp,0.004,1,0.7571,3
2022-07-11 12:00:00,SHORT,0.32,0.32,sl,-0.003991,0,0.7066,3
2022-07-11 16:00:00,LONG,0.32,0.32,sl,-0.004,0,0.7426,3
2022-07-11 20:00:00,SHORT,0.32,0.31,tp,0.004025,1,0.8644,3
2022-07-12 00:00:00,LONG,0.31,0.32,tp,0.004,1,0.7734,3
2022-07-12 04:00:00,LONG,0.31,0.31,tp,0.004,1,0.8007,3
2022-07-12 08:00:00,LONG,0.31,0.31,tp,0.004,1,0.7529,3
2022-07-12 12:00:00,SHORT,0.31,0.31,tp,0.004025,1,0.7294,3
2022-07-12 16:00:00,LONG,0.31,0.31,tp,0.004,1,0.7127,3
2022-07-12 20:00:00,SHORT,0.31,0.31,tp,0.004025,1,0.7608,3
2022-07-13 04:00:00,SHORT,0.32,0.32,tp,0.004025,1,0.8354,3
2022-07-13 08:00:00,SHORT,0.32,0.32,tp,0.004025,1,0.776,3
2022-07-13 12:00:00,SHORT,0.31,0.31,sl,-0.003991,0,0.8774,3
2022-07-13 16:00:00,LONG,0.32,0.32,tp,0.004,1,0.734,3
2022-07-13 20:00:00,SHORT,0.32,0.32,tp,0.004025,1,0.7789,3
2022-07-14 00:00:00,LONG,0.32,0.32,tp,0.004,1,0.6619,3
2022-07-14 04:00:00,SHORT,0.32,0.32,tp,0.004025,1,0.6941,3
2022-07-14 08:00:00,SHORT,0.31,0.31,tp,0.004025,1,0.8332,3
2022-07-14 12:00:00,SHORT,0.32,0.32,tp,0.004025,1,0.7802,3
2022-07-14 16:00:00,LONG,0.33,0.33,tp,0.004,1,0.7916,3
2022-07-14 20:00:00,SHORT,0.33,0.33,tp,0.004025,1,0.875,3
2022-07-15 00:00:00,LONG,0.34,0.35,tp,0.004,1,0.8314,3
2022-07-15 04:00:00,SHORT,0.34,0.34,tp,0.004025,1,0.8372,3
2022-07-15 08:00:00,LONG,0.34,0.34,tp,0.004,1,0.7911,3
2022-07-15 12:00:00,LONG,0.33,0.33,tp,0.004,1,0.8507,3
2022-07-15 16:00:00,LONG,0.33,0.34,tp,0.004,1,0.794,3
2022-07-15 20:00:00,SHORT,0.33,0.33,tp,0.004025,1,0.7614,3
2022-07-16 00:00:00,SHORT,0.34,0.33,tp,0.004025,1,0.7613,3
2022-07-16 04:00:00,LONG,0.33,0.34,tp,0.004,1,0.6643,3
2022-07-16 08:00:00,SHORT,0.34,0.34,sl,-0.003991,0,0.7907,3
2022-07-16 12:00:00,SHORT,0.34,0.34,sl,-0.003991,0,0.8299,3
2022-07-16 16:00:00,LONG,0.35,0.35,tp,0.004,1,0.8549,3
2022-07-16 20:00:00,LONG,0.35,0.35,tp,0.004,1,0.7885,3
2022-07-17 00:00:00,SHORT,0.35,0.35,sl,-0.003991,0,0.736,3
2022-07-17 04:00:00,SHORT,0.36,0.35,tp,0.004025,1,0.7337,3
2022-07-17 08:00:00,SHORT,0.35,0.35,tp,0.004025,1,0.7236,3
2022-07-17 12:00:00,LONG,0.35,0.35,tp,0.004,1,0.7022,3
2022-07-17 16:00:00,LONG,0.35,0.35,tp,0.004,1,0.7111,3
2022-07-17 20:00:00,LONG,0.34,0.35,tp,0.004,1,0.7518,3
2022-07-18 00:00:00,LONG,0.36,0.36,tp,0.004,1,0.8333,3
2022-07-18 04:00:00,LONG,0.36,0.37,tp,0.004,1,0.845,3
2022-07-18 08:00:00,LONG,0.36,0.37,tp,0.004,1,0.81,3
2022-07-18 12:00:00,LONG,0.37,0.37,sl,-0.004,0,0.8185,3
2022-07-18 16:00:00,LONG,0.36,0.36,tp,0.004,1,0.7764,3
2022-07-18 20:00:00,LONG,0.37,0.37,tp,0.004,1,0.815,3
2022-07-19 00:00:00,LONG,0.36,0.36,tp,0.004,1,0.8322,3
2022-07-19 04:00:00,LONG,0.35,0.36,tp,0.004,1,0.8101,3
2022-07-19 08:00:00,LONG,0.36,0.36,tp,0.004,1,0.7992,3
2022-07-19 12:00:00,SHORT,0.36,0.36,sl,-0.003991,0,0.7975,3
2022-07-19 16:00:00,LONG,0.37,0.37,tp,0.004,1,0.8352,3
2022-07-19 20:00:00,SHORT,0.37,0.37,tp,0.004025,1,0.7975,3
2022-07-20 00:00:00,SHORT,0.38,0.37,tp,0.004025,1,0.7652,3
2022-07-20 04:00:00,SHORT,0.37,0.37,tp,0.004025,1,0.8,3
2022-07-20 08:00:00,SHORT,0.37,0.37,tp,0.004025,1,0.8065,3
2022-07-20 12:00:00,SHORT,0.38,0.37,tp,0.004025,1,0.8194,3
2022-07-20 16:00:00,LONG,0.37,0.37,sl,-0.004,0,0.8137,3
2022-07-20 20:00:00,SHORT,0.36,0.36,tp,0.004025,1,0.8356,3
2022-07-21 00:00:00,LONG,0.36,0.36,tp,0.004,1,0.8397,3
2022-07-21 04:00:00,LONG,0.36,0.36,tp,0.004,1,0.7711,3
2022-07-21 08:00:00,LONG,0.35,0.35,tp,0.004,1,0.8144,3
2022-07-21 12:00:00,LONG,0.35,0.35,tp,0.004,1,0.8142,3
2022-07-21 16:00:00,SHORT,0.37,0.36,tp,0.004025,1,0.8321,3
2022-07-21 20:00:00,SHORT,0.37,0.36,tp,0.004025,1,0.7366,3
2022-07-22 00:00:00,LONG,0.36,0.37,tp,0.004,1,0.6728,3
2022-07-22 04:00:00,LONG,0.36,0.36,tp,0.004,1,0.6831,3
2022-07-22 08:00:00,SHORT,0.37,0.37,tp,0.004025,1,0.8821,3
2022-07-22 12:00:00,LONG,0.36,0.36,tp,0.004,1,0.7469,3
2022-07-22 16:00:00,LONG,0.36,0.36,tp,0.004,1,0.8115,3
2022-07-22 20:00:00,SHORT,0.36,0.36,tp,0.004025,1,0.7836,3
2022-07-23 00:00:00,LONG,0.36,0.36,tp,0.004,1,0.7286,3
2022-07-23 04:00:00,SHORT,0.36,0.36,tp,0.004025,1,0.7381,3
2022-07-23 08:00:00,LONG,0.35,0.35,tp,0.004,1,0.7631,3
2022-07-23 12:00:00,LONG,0.35,0.35,sl,-0.004,0,0.7397,3
2022-07-23 16:00:00,SHORT,0.35,0.35,sl,-0.003991,0,0.6886,3
2022-07-23 20:00:00,SHORT,0.36,0.36,tp,0.004025,1,0.7011,3
2022-07-24 00:00:00,LONG,0.36,0.36,tp,0.004,1,0.6766,3
2022-07-24 04:00:00,SHORT,0.36,0.36,tp,0.004025,1,0.7485,3
2022-07-24 08:00:00,SHORT,0.36,0.36,tp,0.004025,1,0.766,3
2022-07-24 12:00:00,SHORT,0.37,0.36,tp,0.004025,1,0.7936,3
2022-07-24 16:00:00,LONG,0.36,0.36,tp,0.004,1,0.7024,3
2022-07-24 20:00:00,LONG,0.36,0.36,sl,-0.004,0,0.7058,3
2022-07-25 00:00:00,SHORT,0.35,0.34,tp,0.004025,1,0.8025,3
2022-07-25 04:00:00,SHORT,0.34,0.35,sl,-0.003991,0,0.822,3
2022-07-25 08:00:00,SHORT,0.35,0.34,tp,0.004025,1,0.7885,3
2022-07-25 12:00:00,SHORT,0.35,0.34,tp,0.004025,1,0.708,3
2022-07-25 16:00:00,LONG,0.34,0.34,tp,0.004,1,0.7716,3
2022-07-25 20:00:00,LONG,0.34,0.34,sl,-0.004,0,0.8279,3
2022-07-26 00:00:00,LONG,0.33,0.34,tp,0.004,1,0.7721,3
2022-07-26 04:00:00,LONG,0.33,0.33,tp,0.004,1,0.8283,3
2022-07-26 08:00:00,LONG,0.33,0.33,tp,0.004,1,0.6777,3
2022-07-26 12:00:00,LONG,0.33,0.33,tp,0.004,1,0.8273,3
2022-07-26 16:00:00,LONG,0.33,0.33,tp,0.004,1,0.6848,3
2022-07-26 20:00:00,SHORT,0.34,0.34,tp,0.004025,1,0.8387,3
2022-07-27 00:00:00,LONG,0.33,0.33,tp,0.004,1,0.6857,3
2022-07-27 04:00:00,SHORT,0.34,0.33,tp,0.004025,1,0.8073,3
2022-07-27 08:00:00,SHORT,0.33,0.34,sl,-0.003991,0,0.7334,3
2022-07-27 12:00:00,SHORT,0.34,0.34,tp,0.004025,1,0.7373,3
2022-07-27 16:00:00,LONG,0.35,0.36,tp,0.004,1,0.857,3
2022-07-27 20:00:00,SHORT,0.36,0.36,tp,0.004025,1,0.9138,3
2022-07-28 00:00:00,SHORT,0.36,0.36,tp,0.004025,1,0.7975,3
2022-07-28 04:00:00,SHORT,0.35,0.35,sl,-0.003991,0,0.8424,3
2022-07-28 08:00:00,SHORT,0.36,0.36,tp,0.004025,1,0.8774,3
2022-07-28 12:00:00,SHORT,0.36,0.37,sl,-0.003991,0,0.8809,3
2022-07-28 16:00:00,SHORT,0.37,0.37,tp,0.004025,1,0.8817,3
2022-07-28 20:00:00,SHORT,0.37,0.37,tp,0.004025,1,0.8351,3
2022-07-29 00:00:00,SHORT,0.38,0.37,tp,0.004025,1,0.8642,3
2022-07-29 04:00:00,SHORT,0.37,0.37,tp,0.004025,1,0.8226,3
2022-07-29 08:00:00,SHORT,0.37,0.37,tp,0.004025,1,0.7938,3
2022-07-29 12:00:00,SHORT,0.37,0.37,tp,0.004025,1,0.8262,3
2022-07-29 16:00:00,LONG,0.37,0.37,tp,0.004,1,0.7611,3
2022-07-29 20:00:00,LONG,0.37,0.37,tp,0.004,1,0.7594,3
2022-07-30 00:00:00,LONG,0.37,0.37,tp,0.004,1,0.7227,3
2022-07-30 04:00:00,SHORT,0.37,0.37,tp,0.004025,1,0.7483,3
2022-07-30 08:00:00,SHORT,0.37,0.37,sl,-0.003991,0,0.7086,3
2022-07-30 12:00:00,SHORT,0.4,0.4,tp,0.004025,1,0.9215,3
2022-07-30 16:00:00,LONG,0.39,0.4,tp,0.004,1,0.85,3
2022-07-30 20:00:00,LONG,0.39,0.39,tp,0.004,1,0.8498,3
2022-07-31 00:00:00,LONG,0.39,0.39,tp,0.004,1,0.7815,3
2022-07-31 04:00:00,SHORT,0.39,0.39,tp,0.004025,1,0.7936,3
2022-07-31 08:00:00,SHORT,0.39,0.39,tp,0.004025,1,0.8052,3
2022-07-31 12:00:00,LONG,0.39,0.39,tp,0.004,1,0.7817,3
2022-07-31 16:00:00,LONG,0.39,0.39,sl,-0.004,0,0.8291,3
2022-07-31 20:00:00,LONG,0.38,0.38,tp,0.004,1,0.8644,3
2022-08-01 00:00:00,LONG,0.38,0.38,tp,0.004,1,0.8248,3
2022-08-01 04:00:00,LONG,0.38,0.38,sl,-0.004,0,0.8313,3
2022-08-01 08:00:00,LONG,0.38,0.38,tp,0.004,1,0.8362,3
2022-08-01 12:00:00,LONG,0.38,0.38,sl,-0.004,0,0.8246,3
2022-08-01 16:00:00,LONG,0.38,0.38,tp,0.004,1,0.7561,3
2022-08-01 20:00:00,LONG,0.38,0.38,tp,0.004,1,0.7532,3
2022-08-02 00:00:00,SHORT,0.37,0.37,tp,0.004025,1,0.7932,3
2022-08-02 04:00:00,SHORT,0.37,0.37,tp,0.004025,1,0.7606,3
2022-08-02 08:00:00,SHORT,0.37,0.37,tp,0.004025,1,0.7602,3
2022-08-02 12:00:00,LONG,0.37,0.37,tp,0.004,1,0.7197,3
2022-08-02 16:00:00,LONG,0.37,0.37,tp,0.004,1,0.7531,3
2022-08-02 20:00:00,SHORT,0.37,0.37,tp,0.004025,1,0.7606,3
2022-08-03 00:00:00,SHORT,0.37,0.37,tp,0.004025,1,0.7097,3
2022-08-03 04:00:00,SHORT,0.37,0.37,sl,-0.003991,0,0.7388,3
2022-08-03 08:00:00,LONG,0.37,0.38,tp,0.004,1,0.6959,3
2022-08-03 12:00:00,LONG,0.37,0.37,tp,0.004,1,0.7001,3
2022-08-03 16:00:00,LONG,0.38,0.38,sl,-0.004,0,0.6694,3
2022-08-03 20:00:00,LONG,0.37,0.37,tp,0.004,1,0.7358,3
2022-08-04 00:00:00,LONG,0.37,0.37,tp,0.004,1,0.6881,3
2022-08-04 12:00:00,LONG,0.37,0.37,sl,-0.004,0,0.6896,3
2022-08-04 16:00:00,LONG,0.37,0.37,tp,0.004,1,0.6647,3
2022-08-05 00:00:00,SHORT,0.38,0.38,sl,-0.003991,0,0.7954,3
2022-08-05 04:00:00,SHORT,0.37,0.37,tp,0.004025,1,0.6688,3
2022-08-05 08:00:00,SHORT,0.38,0.38,tp,0.004025,1,0.8458,3
2022-08-05 12:00:00,SHORT,0.37,0.37,tp,0.004025,1,0.7645,3
2022-08-05 20:00:00,SHORT,0.38,0.37,tp,0.004025,1,0.7932,3
2022-08-06 08:00:00,LONG,0.37,0.37,sl,-0.004,0,0.6599,3
2022-08-06 20:00:00,LONG,0.37,0.37,sl,-0.004,0,0.7093,3
2022-08-07 08:00:00,LONG,0.37,0.37,tp,0.004,1,0.6662,3
2022-08-08 04:00:00,SHORT,0.38,0.38,sl,-0.003991,0,0.6856,3
2022-08-08 08:00:00,LONG,0.38,0.38,tp,0.004,1,0.747,3
2022-08-08 12:00:00,LONG,0.38,0.38,tp,0.004,1,0.6858,3
2022-08-08 16:00:00,SHORT,0.38,0.38,tp,0.004025,1,0.6655,3
2022-08-09 08:00:00,SHORT,0.37,0.37,tp,0.004025,1,0.8106,3
2022-08-09 12:00:00,LONG,0.36,0.37,tp,0.004,1,0.7276,3
2022-08-09 20:00:00,LONG,0.37,0.37,sl,-0.004,0,0.7333,3
2022-08-10 00:00:00,LONG,0.36,0.36,tp,0.004,1,0.7602,3
2022-08-10 04:00:00,LONG,0.36,0.36,tp,0.004,1,0.737,3
2022-08-10 08:00:00,SHORT,0.36,0.37,sl,-0.003991,0,0.7141,3
2022-08-10 12:00:00,SHORT,0.38,0.38,tp,0.004025,1,0.8516,3
2022-08-10 16:00:00,LONG,0.38,0.38,tp,0.004,1,0.6875,3
2022-08-10 20:00:00,SHORT,0.38,0.38,tp,0.004025,1,0.8491,3
2022-08-11 00:00:00,SHORT,0.38,0.38,tp,0.004025,1,0.6814,3
2022-08-11 04:00:00,SHORT,0.38,0.38,sl,-0.003991,0,0.7244,3
2022-08-11 08:00:00,SHORT,0.38,0.38,tp,0.004025,1,0.7145,3
2022-08-11 12:00:00,SHORT,0.38,0.38,sl,-0.003991,0,0.6827,3
2022-08-11 16:00:00,SHORT,0.38,0.38,tp,0.004025,1,0.6916,3
2022-08-11 20:00:00,SHORT,0.38,0.38,tp,0.004025,1,0.684,3
2022-08-12 08:00:00,SHORT,0.37,0.37,sl,-0.003991,0,0.7951,3
2022-08-12 12:00:00,SHORT,0.37,0.37,sl,-0.003991,0,0.6864,3
2022-08-12 20:00:00,SHORT,0.38,0.38,sl,-0.003991,0,0.676,3
2022-08-13 00:00:00,SHORT,0.38,0.38,tp,0.004025,1,0.7074,3
2022-08-13 04:00:00,SHORT,0.38,0.38,tp,0.004025,1,0.7066,3
2022-08-13 12:00:00,SHORT,0.38,0.38,tp,0.004025,1,0.6537,3
2022-08-14 04:00:00,SHORT,0.39,0.39,sl,-0.003991,0,0.7582,3
2022-08-14 08:00:00,SHORT,0.38,0.38,tp,0.004025,1,0.7511,3
2022-08-15 00:00:00,LONG,0.38,0.38,sl,-0.004,0,0.6716,3
2022-08-15 04:00:00,SHORT,0.37,0.37,tp,0.004025,1,0.866,3
2022-08-15 08:00:00,SHORT,0.37,0.37,sl,-0.003991,0,0.7478,3
2022-08-15 12:00:00,SHORT,0.37,0.37,tp,0.004025,1,0.7682,3
2022-08-15 16:00:00,LONG,0.37,0.37,tp,0.004,1,0.7056,3
2022-08-15 20:00:00,LONG,0.38,0.38,tp,0.004,1,0.658,3
2022-08-16 00:00:00,LONG,0.37,0.37,sl,-0.004,0,0.6708,3
2022-08-16 04:00:00,SHORT,0.37,0.37,sl,-0.003991,0,0.7355,3
2022-08-16 08:00:00,SHORT,0.38,0.37,tp,0.004025,1,0.7239,3
2022-08-16 12:00:00,SHORT,0.37,0.37,tp,0.004025,1,0.6822,3
2022-08-17 00:00:00,LONG,0.39,0.39,tp,0.004,1,0.8427,3
2022-08-17 04:00:00,LONG,0.38,0.38,sl,-0.004,0,0.7297,3
2022-08-17 08:00:00,LONG,0.38,0.38,sl,-0.004,0,0.7434,3
2022-08-17 12:00:00,SHORT,0.37,0.37,sl,-0.003991,0,0.6806,3
2022-08-17 16:00:00,LONG,0.38,0.38,tp,0.004,1,0.6838,3
2022-08-17 20:00:00,LONG,0.38,0.38,sl,-0.004,0,0.7185,3
2022-08-18 00:00:00,LONG,0.37,0.38,tp,0.004,1,0.708,3
2022-08-18 04:00:00,LONG,0.38,0.38,tp,0.004,1,0.7032,3
2022-08-18 08:00:00,SHORT,0.38,0.38,tp,0.004025,1,0.6962,3
2022-08-18 12:00:00,LONG,0.38,0.38,tp,0.004,1,0.6825,3
2022-08-18 16:00:00,LONG,0.38,0.38,sl,-0.004,0,0.6841,3
2022-08-18 20:00:00,SHORT,0.37,0.37,tp,0.004025,1,0.6898,3
2022-08-19 00:00:00,SHORT,0.36,0.36,tp,0.004025,1,0.7649,3
2022-08-19 04:00:00,SHORT,0.35,0.34,tp,0.004025,1,0.9417,3
2022-08-19 08:00:00,SHORT,0.34,0.34,tp,0.004025,1,0.9119,3
2022-08-19 12:00:00,LONG,0.34,0.34,tp,0.004,1,0.8604,3
2022-08-19 16:00:00,LONG,0.34,0.34,sl,-0.004,0,0.8309,3
2022-08-19 20:00:00,LONG,0.33,0.34,tp,0.004,1,0.8775,3
2022-08-20 00:00:00,LONG,0.34,0.34,tp,0.004,1,0.8348,3
2022-08-20 08:00:00,SHORT,0.34,0.34,tp,0.004025,1,0.6665,3
2022-08-20 16:00:00,LONG,0.34,0.34,tp,0.004,1,0.7468,3
2022-08-20 20:00:00,SHORT,0.34,0.34,sl,-0.003991,0,0.7099,3
2022-08-21 00:00:00,LONG,0.34,0.34,tp,0.004,1,0.6789,3
2022-08-21 04:00:00,SHORT,0.34,0.34,tp,0.004025,1,0.8774,3
2022-08-21 08:00:00,SHORT,0.34,0.34,tp,0.004025,1,0.7813,3
2022-08-21 12:00:00,LONG,0.34,0.34,tp,0.004,1,0.6642,3
2022-08-22 00:00:00,SHORT,0.34,0.34,sl,-0.003991,0,0.673,3
2022-08-22 04:00:00,LONG,0.34,0.33,sl,-0.004,0,0.6961,3
2022-08-22 08:00:00,SHORT,0.34,0.33,tp,0.004025,1,0.7055,3
2022-08-22 12:00:00,SHORT,0.34,0.34,tp,0.004025,1,0.6655,3
2022-08-22 16:00:00,LONG,0.34,0.34,tp,0.004,1,0.7096,3
2022-08-22 20:00:00,SHORT,0.34,0.34,tp,0.004025,1,0.7918,3
2022-08-23 00:00:00,LONG,0.34,0.34,sl,-0.004,0,0.6803,3
2022-08-23 04:00:00,SHORT,0.34,0.34,sl,-0.003991,0,0.7123,3
2022-08-23 08:00:00,SHORT,0.34,0.34,sl,-0.003991,0,0.7545,3
2022-08-23 12:00:00,SHORT,0.34,0.34,tp,0.004025,1,0.6683,3
2022-08-23 20:00:00,SHORT,0.35,0.35,tp,0.004025,1,0.7046,3
2022-08-24 04:00:00,SHORT,0.34,0.34,sl,-0.003991,0,0.6748,3
2022-08-24 08:00:00,SHORT,0.34,0.34,sl,-0.003991,0,0.7112,3
2022-08-24 12:00:00,SHORT,0.35,0.35,sl,-0.003991,0,0.7423,3
2022-08-24 16:00:00,SHORT,0.35,0.35,tp,0.004025,1,0.6686,3
2022-08-24 20:00:00,LONG,0.35,0.35,tp,0.004,1,0.7037,3
2022-08-25 04:00:00,SHORT,0.35,0.35,sl,-0.003991,0,0.734,3
2022-08-25 08:00:00,SHORT,0.35,0.35,tp,0.004025,1,0.7487,3
2022-08-25 20:00:00,SHORT,0.35,0.35,tp,0.004025,1,0.6595,3
2022-08-26 04:00:00,SHORT,0.35,0.35,sl,-0.003991,0,0.6857,3
2022-08-26 08:00:00,SHORT,0.35,0.35,tp,0.004025,1,0.8585,3
2022-08-26 12:00:00,SHORT,0.34,0.34,tp,0.004025,1,0.8861,3
2022-08-26 20:00:00,LONG,0.34,0.34,tp,0.004,1,0.6864,3
2022-08-27 00:00:00,LONG,0.34,0.34,sl,-0.004,0,0.7311,3
2022-08-27 04:00:00,LONG,0.34,0.34,sl,-0.004,0,0.765,3
2022-08-27 08:00:00,SHORT,0.34,0.34,tp,0.004025,1,0.6991,3
2022-08-27 12:00:00,LONG,0.33,0.34,tp,0.004,1,0.7023,3
2022-08-27 16:00:00,LONG,0.34,0.34,tp,0.004,1,0.6745,3
2022-08-27 20:00:00,SHORT,0.33,0.33,tp,0.004025,1,0.6915,3
2022-08-28 04:00:00,SHORT,0.33,0.34,sl,-0.003991,0,0.7047,3
2022-08-28 08:00:00,SHORT,0.34,0.33,tp,0.004025,1,0.7347,3
2022-08-28 12:00:00,SHORT,0.33,0.33,sl,-0.003991,0,0.6765,3
2022-08-28 16:00:00,SHORT,0.33,0.33,tp,0.004025,1,0.6729,3
2022-08-28 20:00:00,SHORT,0.32,0.32,tp,0.004025,1,0.8727,3
2022-08-29 00:00:00,SHORT,0.32,0.32,tp,0.004025,1,0.7516,3
2022-08-29 04:00:00,SHORT,0.32,0.32,tp,0.004025,1,0.7552,3
2022-08-29 08:00:00,LONG,0.32,0.32,tp,0.004,1,0.7092,3
2022-08-29 12:00:00,LONG,0.33,0.33,tp,0.004,1,0.6923,3
2022-08-29 20:00:00,SHORT,0.33,0.33,tp,0.004025,1,0.7562,3
2022-08-30 04:00:00,SHORT,0.33,0.33,tp,0.004025,1,0.7549,3
2022-08-30 08:00:00,SHORT,0.33,0.33,tp,0.004025,1,0.7196,3
2022-08-30 12:00:00,SHORT,0.32,0.32,tp,0.004025,1,0.7223,3
2022-08-30 16:00:00,LONG,0.33,0.33,tp,0.004,1,0.7041,3
2022-08-30 20:00:00,LONG,0.33,0.33,tp,0.004,1,0.7418,3
2022-08-31 00:00:00,SHORT,0.33,0.33,sl,-0.003991,0,0.7751,3
2022-08-31 04:00:00,LONG,0.33,0.33,tp,0.004,1,0.6935,3
2022-08-31 08:00:00,LONG,0.33,0.33,tp,0.004,1,0.6917,3
2022-08-31 12:00:00,SHORT,0.33,0.32,tp,0.004025,1,0.7296,3
2022-08-31 20:00:00,LONG,0.33,0.33,sl,-0.004,0,0.6544,3
2022-09-01 04:00:00,SHORT,0.33,0.32,tp,0.004025,1,0.7365,3
2022-09-01 08:00:00,SHORT,0.33,0.33,tp,0.004025,1,0.712,3
2022-09-01 12:00:00,SHORT,0.32,0.32,sl,-0.003991,0,0.6817,3
2022-09-01 16:00:00,SHORT,0.33,0.33,sl,-0.003991,0,0.7535,3
2022-09-01 20:00:00,SHORT,0.33,0.33,tp,0.004025,1,0.8005,3
2022-09-02 04:00:00,SHORT,0.33,0.33,tp,0.004025,1,0.7423,3
2022-09-02 08:00:00,SHORT,0.33,0.33,tp,0.004025,1,0.6527,3
2022-09-02 20:00:00,SHORT,0.33,0.33,tp,0.004025,1,0.7544,3
2022-09-03 08:00:00,SHORT,0.33,0.33,sl,-0.003991,0,0.668,3
2022-09-03 12:00:00,LONG,0.33,0.33,tp,0.004,1,0.6515,3
2022-09-04 08:00:00,SHORT,0.33,0.33,tp,0.004025,1,0.6873,3
2022-09-05 04:00:00,SHORT,0.33,0.32,tp,0.004025,1,0.7596,3
2022-09-05 08:00:00,SHORT,0.32,0.33,sl,-0.003991,0,0.702,3
2022-09-06 00:00:00,SHORT,0.33,0.33,sl,-0.003991,0,0.6957,3
2022-09-06 04:00:00,SHORT,0.33,0.33,sl,-0.003991,0,0.652,3
2022-09-06 08:00:00,SHORT,0.34,0.33,tp,0.004025,1,0.7014,3
2022-09-06 16:00:00,SHORT,0.32,0.32,tp,0.004025,1,0.8482,3
2022-09-06 20:00:00,LONG,0.32,0.32,tp,0.004,1,0.7501,3
2022-09-07 00:00:00,LONG,0.32,0.32,tp,0.004,1,0.6758,3
2022-09-07 04:00:00,LONG,0.32,0.32,tp,0.004,1,0.7105,3
2022-09-07 08:00:00,SHORT,0.32,0.32,sl,-0.003991,0,0.7276,3
2022-09-07 12:00:00,LONG,0.32,0.33,tp,0.004,1,0.6512,3
2022-09-07 16:00:00,SHORT,0.33,0.33,sl,-0.003991,0,0.8108,3
2022-09-07 20:00:00,LONG,0.34,0.34,sl,-0.004,0,0.7492,3
2022-09-08 08:00:00,SHORT,0.33,0.33,tp,0.004025,1,0.7034,3
2022-09-08 12:00:00,SHORT,0.33,0.33,tp,0.004025,1,0.687,3
2022-09-08 16:00:00,SHORT,0.34,0.34,tp,0.004025,1,0.8598,3
2022-09-08 20:00:00,SHORT,0.34,0.34,sl,-0.003991,0,0.7137,3
2022-09-09 00:00:00,SHORT,0.34,0.35,sl,-0.003991,0,0.8214,3
2022-09-09 04:00:00,SHORT,0.35,0.35,sl,-0.003991,0,0.8274,3
2022-09-09 08:00:00,SHORT,0.35,0.35,tp,0.004025,1,0.7988,3
2022-09-09 12:00:00,LONG,0.35,0.35,tp,0.004,1,0.7159,3
2022-09-09 16:00:00,SHORT,0.35,0.35,tp,0.004025,1,0.7914,3
2022-09-09 20:00:00,SHORT,0.36,0.35,tp,0.004025,1,0.7311,3
2022-09-10 00:00:00,SHORT,0.35,0.35,tp,0.004025,1,0.6983,3
2022-09-10 04:00:00,SHORT,0.35,0.35,sl,-0.003991,0,0.7218,3
2022-09-10 08:00:00,SHORT,0.35,0.36,sl,-0.003991,0,0.6703,3
2022-09-10 12:00:00,LONG,0.36,0.35,sl,-0.004,0,0.6958,3
2022-09-10 16:00:00,SHORT,0.36,0.36,tp,0.004025,1,0.749,3
2022-09-10 20:00:00,SHORT,0.36,0.36,tp,0.004025,1,0.7168,3
2022-09-11 20:00:00,SHORT,0.36,0.35,tp,0.004025,1,0.6734,3
2022-09-12 16:00:00,SHORT,0.36,0.36,sl,-0.003991,0,0.6885,3
2022-09-12 20:00:00,SHORT,0.36,0.36,tp,0.004025,1,0.7745,3
2022-09-13 04:00:00,SHORT,0.36,0.36,tp,0.004025,1,0.7366,3
2022-09-13 08:00:00,SHORT,0.36,0.35,tp,0.004025,1,0.703,3
2022-09-13 12:00:00,SHORT,0.34,0.34,tp,0.004025,1,0.9015,3
2022-09-13 16:00:00,LONG,0.34,0.34,tp,0.004,1,0.7438,3
2022-09-13 20:00:00,LONG,0.33,0.33,tp,0.004,1,0.7878,3
2022-09-14 00:00:00,SHORT,0.34,0.33,tp,0.004025,1,0.6527,3
2022-09-14 04:00:00,LONG,0.34,0.34,tp,0.004,1,0.6628,3
2022-09-14 08:00:00,LONG,0.34,0.34,tp,0.004,1,0.6757,3
2022-09-14 12:00:00,SHORT,0.34,0.33,tp,0.004025,1,0.6906,3
2022-09-14 16:00:00,SHORT,0.34,0.34,sl,-0.003991,0,0.6718,3
2022-09-15 00:00:00,LONG,0.34,0.34,tp,0.004,1,0.6934,3
2022-09-15 04:00:00,SHORT,0.34,0.34,tp,0.004025,1,0.7781,3
2022-09-15 08:00:00,SHORT,0.34,0.33,tp,0.004025,1,0.7989,3
2022-09-15 12:00:00,SHORT,0.33,0.33,sl,-0.003991,0,0.8436,3
2022-09-15 16:00:00,SHORT,0.33,0.33,tp,0.004025,1,0.7786,3
2022-09-15 20:00:00,SHORT,0.33,0.32,tp,0.004025,1,0.7731,3
2022-09-16 04:00:00,SHORT,0.33,0.32,tp,0.004025,1,0.6681,3
2022-09-16 08:00:00,SHORT,0.33,0.33,tp,0.004025,1,0.8248,3
2022-09-16 12:00:00,SHORT,0.33,0.33,tp,0.004025,1,0.7679,3
2022-09-16 16:00:00,LONG,0.34,0.34,tp,0.004,1,0.7986,3
2022-09-16 20:00:00,LONG,0.36,0.35,sl,-0.004,0,0.8771,3
2022-09-17 00:00:00,SHORT,0.35,0.35,tp,0.004025,1,0.7563,3
2022-09-17 04:00:00,SHORT,0.35,0.35,sl,-0.003991,0,0.8034,3
2022-09-17 08:00:00,LONG,0.35,0.35,tp,0.004,1,0.7476,3
2022-09-17 12:00:00,SHORT,0.37,0.37,sl,-0.003991,0,0.8756,3
2022-09-17 16:00:00,LONG,0.37,0.37,tp,0.004,1,0.8184,3
2022-09-17 20:00:00,SHORT,0.38,0.37,tp,0.004025,1,0.8582,3
2022-09-18 00:00:00,LONG,0.37,0.37,tp,0.004,1,0.7395,3
2022-09-18 04:00:00,SHORT,0.39,0.38,tp,0.004025,1,0.9326,3
2022-09-18 08:00:00,SHORT,0.38,0.38,tp,0.004025,1,0.8755,3
2022-09-18 12:00:00,SHORT,0.38,0.38,tp,0.004025,1,0.8458,3
2022-09-18 16:00:00,SHORT,0.4,0.39,tp,0.004025,1,0.9263,3
2022-09-18 20:00:00,SHORT,0.36,0.36,tp,0.004025,1,0.9397,3
2022-09-19 00:00:00,LONG,0.35,0.35,tp,0.004,1,0.8874,3
2022-09-19 04:00:00,LONG,0.35,0.35,tp,0.004,1,0.8888,3
2022-09-19 08:00:00,LONG,0.35,0.35,tp,0.004,1,0.8919,3
2022-09-19 12:00:00,LONG,0.36,0.36,tp,0.004,1,0.879,3
2022-09-19 16:00:00,SHORT,0.39,0.39,tp,0.004025,1,0.9339,3
2022-09-19 20:00:00,SHORT,0.38,0.38,tp,0.004025,1,0.8829,3
2022-09-20 00:00:00,LONG,0.37,0.37,tp,0.004,1,0.8602,3
2022-09-20 04:00:00,LONG,0.38,0.38,tp,0.004,1,0.8522,3
2022-09-20 08:00:00,LONG,0.38,0.38,tp,0.004,1,0.8173,3
2022-09-20 12:00:00,SHORT,0.42,0.42,tp,0.004025,1,0.9489,3
2022-09-20 16:00:00,SHORT,0.41,0.41,tp,0.004025,1,0.9216,3
2022-09-20 20:00:00,SHORT,0.41,0.41,tp,0.004025,1,0.9475,3
2022-09-21 00:00:00,LONG,0.4,0.41,tp,0.004,1,0.8264,3
2022-09-21 04:00:00,SHORT,0.4,0.4,tp,0.004025,1,0.9047,3
2022-09-21 08:00:00,SHORT,0.41,0.4,tp,0.004025,1,0.8647,3
2022-09-21 12:00:00,LONG,0.39,0.4,tp,0.004,1,0.8867,3
2022-09-21 16:00:00,SHORT,0.41,0.41,tp,0.004025,1,0.8926,3
2022-09-21 20:00:00,SHORT,0.39,0.39,sl,-0.003991,0,0.9126,3
2022-09-22 00:00:00,LONG,0.4,0.4,tp,0.004,1,0.8458,3
2022-09-22 04:00:00,SHORT,0.42,0.42,sl,-0.003991,0,0.9458,3
2022-09-22 08:00:00,SHORT,0.43,0.43,tp,0.004025,1,0.9212,3
2022-09-22 12:00:00,SHORT,0.43,0.43,tp,0.004025,1,0.9198,3
2022-09-22 16:00:00,SHORT,0.48,0.48,tp,0.004025,1,0.9379,3
2022-09-22 20:00:00,SHORT,0.49,0.48,tp,0.004025,1,0.9582,3
2022-09-23 00:00:00,SHORT,0.54,0.54,tp,0.004025,1,0.9112,3
2022-09-23 04:00:00,SHORT,0.52,0.51,tp,0.004025,1,0.9391,3
2022-09-23 08:00:00,SHORT,0.49,0.49,tp,0.004025,1,0.9403,3
2022-09-23 12:00:00,SHORT,0.49,0.49,tp,0.004025,1,0.9486,3
2022-09-23 16:00:00,LONG,0.47,0.47,tp,0.004,1,0.886,3
2022-09-23 20:00:00,SHORT,0.51,0.5,tp,0.004025,1,0.9504,3
2022-09-24 00:00:00,LONG,0.5,0.5,tp,0.004,1,0.8765,3
2022-09-24 04:00:00,LONG,0.49,0.49,tp,0.004,1,0.8479,3
2022-09-24 08:00:00,SHORT,0.49,0.49,tp,0.004025,1,0.8092,3
2022-09-24 12:00:00,LONG,0.48,0.48,tp,0.004,1,0.8592,3
2022-09-24 16:00:00,LONG,0.5,0.5,tp,0.004,1,0.8598,3
2022-09-24 20:00:00,LONG,0.49,0.49,tp,0.004,1,0.8513,3
2022-09-25 00:00:00,LONG,0.49,0.49,tp,0.004,1,0.7553,3
2022-09-25 04:00:00,LONG,0.49,0.49,tp,0.004,1,0.7773,3
2022-09-25 08:00:00,SHORT,0.5,0.5,tp,0.004025,1,0.8481,3
2022-09-25 12:00:00,SHORT,0.5,0.5,tp,0.004025,1,0.8857,3
2022-09-25 16:00:00,SHORT,0.5,0.5,tp,0.004025,1,0.8504,3
2022-09-25 20:00:00,SHORT,0.49,0.49,tp,0.004025,1,0.8653,3
2022-09-26 00:00:00,LONG,0.48,0.48,tp,0.004,1,0.8338,3
2022-09-26 04:00:00,SHORT,0.47,0.47,tp,0.004025,1,0.8606,3
2022-09-26 08:00:00,SHORT,0.46,0.46,tp,0.004025,1,0.914,3
2022-09-26 12:00:00,LONG,0.47,0.48,tp,0.004,1,0.854,3
2022-09-26 16:00:00,LONG,0.47,0.47,sl,-0.004,0,0.8741,3
2022-09-26 20:00:00,LONG,0.47,0.47,tp,0.004,1,0.8252,3
2022-09-27 00:00:00,LONG,0.48,0.48,tp,0.004,1,0.7641,3
2022-09-27 04:00:00,LONG,0.48,0.48,sl,-0.004,0,0.7431,3
2022-09-27 08:00:00,LONG,0.47,0.47,tp,0.004,1,0.8466,3
2022-09-27 12:00:00,LONG,0.47,0.47,sl,-0.004,0,0.828,3
2022-09-27 16:00:00,SHORT,0.44,0.44,tp,0.004025,1,0.909,3
2022-09-27 20:00:00,SHORT,0.45,0.44,tp,0.004025,1,0.8227,3
2022-09-28 00:00:00,LONG,0.43,0.43,tp,0.004,1,0.8928,3
2022-09-28 04:00:00,LONG,0.42,0.43,tp,0.004,1,0.9029,3
2022-09-28 08:00:00,LONG,0.43,0.43,tp,0.004,1,0.8891,3
2022-09-28 12:00:00,LONG,0.44,0.44,tp,0.004,1,0.8614,3
2022-09-28 16:00:00,LONG,0.44,0.44,tp,0.004,1,0.8065,3
2022-09-28 20:00:00,LONG,0.45,0.45,tp,0.004,1,0.8582,3
2022-10-01 00:00:00,LONG,0.48,0.48,sl,-0.004,0,0.7476,4
2022-10-01 04:00:00,SHORT,0.48,0.47,tp,0.004025,1,0.7738,4
2022-10-01 08:00:00,LONG,0.47,0.48,tp,0.004,1,0.7898,4
2022-10-01 12:00:00,LONG,0.48,0.48,tp,0.004,1,0.8156,4
2022-10-01 16:00:00,LONG,0.48,0.47,sl,-0.004,0,0.8865,4
2022-10-01 20:00:00,LONG,0.48,0.47,sl,-0.004,0,0.7957,4
2022-10-02 00:00:00,LONG,0.47,0.48,tp,0.004,1,0.7289,4
2022-10-02 04:00:00,LONG,0.48,0.47,sl,-0.004,0,0.7037,4
2022-10-02 08:00:00,SHORT,0.46,0.46,tp,0.004025,1,0.8804,4
2022-10-02 12:00:00,LONG,0.46,0.46,tp,0.004,1,0.8579,4
2022-10-02 16:00:00,LONG,0.46,0.46,sl,-0.004,0,0.8103,4
2022-10-02 20:00:00,LONG,0.45,0.45,tp,0.004,1,0.8587,4
2022-10-03 00:00:00,LONG,0.45,0.45,sl,-0.004,0,0.8394,4
2022-10-03 04:00:00,SHORT,0.44,0.44,tp,0.004025,1,0.865,4
2022-10-03 08:00:00,LONG,0.45,0.45,tp,0.004,1,0.8242,4
2022-10-03 12:00:00,LONG,0.45,0.46,tp,0.004,1,0.765,4
2022-10-03 16:00:00,LONG,0.46,0.46,tp,0.004,1,0.8054,4
2022-10-03 20:00:00,SHORT,0.46,0.46,tp,0.004025,1,0.8368,4
2022-10-04 00:00:00,LONG,0.46,0.46,tp,0.004,1,0.7682,4
2022-10-04 04:00:00,SHORT,0.46,0.46,tp,0.004025,1,0.8564,4
2022-10-04 08:00:00,SHORT,0.47,0.47,tp,0.004025,1,0.8468,4
2022-10-04 12:00:00,SHORT,0.48,0.47,tp,0.004025,1,0.7912,4
2022-10-04 16:00:00,SHORT,0.48,0.48,tp,0.004025,1,0.7936,4
2022-10-04 20:00:00,SHORT,0.48,0.48,tp,0.004025,1,0.809,4
2022-10-05 00:00:00,SHORT,0.47,0.48,sl,-0.003991,0,0.6922,4
2022-10-05 04:00:00,SHORT,0.48,0.48,tp,0.004025,1,0.8207,4
2022-10-05 08:00:00,SHORT,0.48,0.48,tp,0.004025,1,0.7683,4
2022-10-05 12:00:00,SHORT,0.49,0.49,sl,-0.003991,0,0.7895,4
2022-10-05 16:00:00,SHORT,0.5,0.49,tp,0.004025,1,0.8125,4
2022-10-05 20:00:00,SHORT,0.49,0.49,sl,-0.003991,0,0.8379,4
2022-10-06 00:00:00,SHORT,0.5,0.49,tp,0.004025,1,0.8552,4
2022-10-06 04:00:00,LONG,0.5,0.5,tp,0.004,1,0.7525,4
2022-10-06 08:00:00,SHORT,0.5,0.5,tp,0.004025,1,0.8274,4
2022-10-06 12:00:00,LONG,0.49,0.5,tp,0.004,1,0.8047,4
2022-10-06 16:00:00,LONG,0.5,0.5,tp,0.004,1,0.7918,4
2022-10-06 20:00:00,LONG,0.49,0.49,sl,-0.004,0,0.8173,4
2022-10-07 00:00:00,LONG,0.49,0.49,sl,-0.004,0,0.7855,4
2022-10-07 04:00:00,LONG,0.49,0.49,tp,0.004,1,0.7309,4
2022-10-07 08:00:00,LONG,0.49,0.49,tp,0.004,1,0.774,4
2022-10-07 12:00:00,LONG,0.49,0.5,tp,0.004,1,0.8237,4
2022-10-07 16:00:00,LONG,0.52,0.52,tp,0.004,1,0.8782,4
2022-10-07 20:00:00,LONG,0.52,0.52,tp,0.004,1,0.8402,4
2022-10-08 00:00:00,SHORT,0.53,0.52,tp,0.004025,1,0.7648,4
2022-10-08 04:00:00,LONG,0.52,0.52,sl,-0.004,0,0.8216,4
2022-10-08 08:00:00,SHORT,0.52,0.52,tp,0.004025,1,0.7587,4
2022-10-08 12:00:00,LONG,0.52,0.52,tp,0.004,1,0.7764,4
2022-10-08 16:00:00,LONG,0.52,0.52,sl,-0.004,0,0.8066,4
2022-10-08 20:00:00,SHORT,0.52,0.51,tp,0.004025,1,0.7782,4
2022-10-09 00:00:00,LONG,0.51,0.51,tp,0.004,1,0.8098,4
2022-10-09 04:00:00,LONG,0.52,0.52,tp,0.004,1,0.7417,4
2022-10-09 08:00:00,LONG,0.52,0.52,tp,0.004,1,0.7662,4
2022-10-09 12:00:00,LONG,0.53,0.53,tp,0.004,1,0.8527,4
2022-10-09 16:00:00,LONG,0.54,0.54,sl,-0.004,0,0.8426,4
2022-10-09 20:00:00,SHORT,0.53,0.53,tp,0.004025,1,0.799,4
2022-10-10 00:00:00,LONG,0.53,0.53,tp,0.004,1,0.7631,4
2022-10-10 04:00:00,LONG,0.52,0.52,sl,-0.004,0,0.8043,4
2022-10-10 08:00:00,LONG,0.52,0.52,tp,0.004,1,0.8113,4
2022-10-10 12:00:00,LONG,0.52,0.53,tp,0.004,1,0.7803,4
2022-10-10 16:00:00,LONG,0.52,0.52,tp,0.004,1,0.8406,4
2022-10-10 20:00:00,LONG,0.49,0.5,tp,0.004,1,0.8866,4
2022-10-11 00:00:00,LONG,0.49,0.49,sl,-0.004,0,0.9056,4
2022-10-11 04:00:00,LONG,0.49,0.49,tp,0.004,1,0.8992,4
2022-10-11 08:00:00,LONG,0.49,0.49,tp,0.004,1,0.9061,4
2022-10-11 12:00:00,LONG,0.5,0.5,tp,0.004,1,0.8852,4
2022-10-11 16:00:00,LONG,0.49,0.49,tp,0.004,1,0.899,4
2022-10-11 20:00:00,SHORT,0.49,0.48,tp,0.004025,1,0.8491,4
2022-10-12 00:00:00,SHORT,0.49,0.49,sl,-0.003991,0,0.7794,4
2022-10-12 04:00:00,LONG,0.49,0.49,sl,-0.004,0,0.7428,4
2022-10-12 08:00:00,LONG,0.49,0.49,tp,0.004,1,0.7062,4
2022-10-12 12:00:00,LONG,0.5,0.49,sl,-0.004,0,0.7714,4
2022-10-12 16:00:00,LONG,0.49,0.49,sl,-0.004,0,0.8079,4
2022-10-12 20:00:00,LONG,0.49,0.49,sl,-0.004,0,0.7769,4
2022-10-13 00:00:00,SHORT,0.47,0.47,tp,0.004025,1,0.8347,4
2022-10-13 04:00:00,LONG,0.46,0.46,tp,0.004,1,0.9029,4
2022-10-13 08:00:00,LONG,0.46,0.46,tp,0.004,1,0.8773,4
2022-10-13 12:00:00,LONG,0.48,0.48,tp,0.004,1,0.8779,4
2022-10-13 16:00:00,LONG,0.49,0.49,sl,-0.004,0,0.8407,4
2022-10-13 20:00:00,LONG,0.48,0.48,tp,0.004,1,0.8403,4
2022-10-14 00:00:00,SHORT,0.5,0.5,tp,0.004025,1,0.8396,4
2022-10-14 04:00:00,SHORT,0.5,0.5,sl,-0.003991,0,0.8421,4
2022-10-14 08:00:00,SHORT,0.5,0.5,tp,0.004025,1,0.8447,4
2022-10-14 12:00:00,LONG,0.49,0.49,tp,0.004,1,0.8783,4
2022-10-14 16:00:00,LONG,0.49,0.49,sl,-0.004,0,0.8674,4
2022-10-14 20:00:00,SHORT,0.49,0.49,tp,0.004025,1,0.8282,4
2022-10-15 00:00:00,LONG,0.49,0.49,sl,-0.004,0,0.7909,4
2022-10-15 04:00:00,LONG,0.49,0.48,sl,-0.004,0,0.8446,4
2022-10-15 08:00:00,LONG,0.49,0.49,tp,0.004,1,0.8194,4
2022-10-15 12:00:00,LONG,0.49,0.49,sl,-0.004,0,0.8186,4
2022-10-15 16:00:00,LONG,0.48,0.48,sl,-0.004,0,0.8496,4
2022-10-15 20:00:00,LONG,0.48,0.48,tp,0.004,1,0.8388,4
2022-10-16 00:00:00,LONG,0.48,0.48,sl,-0.004,0,0.7997,4
2022-10-16 04:00:00,LONG,0.48,0.48,sl,-0.004,0,0.7579,4
2022-10-16 08:00:00,LONG,0.48,0.48,sl,-0.004,0,0.728,4
2022-10-16 12:00:00,LONG,0.48,0.48,sl,-0.004,0,0.764,4
2022-10-16 16:00:00,LONG,0.48,0.48,sl,-0.004,0,0.7779,4
2022-10-16 20:00:00,SHORT,0.48,0.47,tp,0.004025,1,0.7996,4
2022-10-17 00:00:00,LONG,0.47,0.47,tp,0.004,1,0.817,4
2022-10-17 04:00:00,LONG,0.47,0.47,tp,0.004,1,0.79,4
2022-10-17 08:00:00,LONG,0.48,0.48,tp,0.004,1,0.7857,4
2022-10-17 12:00:00,LONG,0.48,0.48,sl,-0.004,0,0.8061,4
2022-10-17 16:00:00,LONG,0.47,0.48,tp,0.004,1,0.7965,4
2022-10-17 20:00:00,LONG,0.48,0.48,tp,0.004,1,0.7817,4
2022-10-18 00:00:00,LONG,0.48,0.48,sl,-0.004,0,0.7608,4
2022-10-18 04:00:00,LONG,0.48,0.48,sl,-0.004,0,0.6606,4
2022-10-18 08:00:00,LONG,0.47,0.47,tp,0.004,1,0.7089,4
2022-10-18 12:00:00,LONG,0.47,0.47,tp,0.004,1,0.7383,4
2022-10-18 16:00:00,LONG,0.47,0.47,tp,0.004,1,0.7828,4
2022-10-18 20:00:00,LONG,0.47,0.46,sl,-0.004,0,0.7433,4
2022-10-19 00:00:00,LONG,0.46,0.46,sl,-0.004,0,0.7482,4
2022-10-19 04:00:00,LONG,0.46,0.46,sl,-0.004,0,0.8532,4
2022-10-19 08:00:00,LONG,0.45,0.46,tp,0.004,1,0.8394,4
2022-10-19 12:00:00,LONG,0.46,0.46,tp,0.004,1,0.7783,4
2022-10-19 16:00:00,LONG,0.46,0.46,tp,0.004,1,0.7245,4
2022-10-19 20:00:00,LONG,0.45,0.45,tp,0.004,1,0.8242,4
2022-10-20 00:00:00,LONG,0.46,0.46,tp,0.004,1,0.7828,4
2022-10-20 04:00:00,SHORT,0.46,0.46,tp,0.004025,1,0.7726,4
2022-10-20 08:00:00,SHORT,0.46,0.46,tp,0.004025,1,0.7686,4
2022-10-20 12:00:00,LONG,0.46,0.46,sl,-0.004,0,0.7097,4
2022-10-20 16:00:00,LONG,0.44,0.44,tp,0.004,1,0.8643,4
2022-10-20 20:00:00,SHORT,0.45,0.44,tp,0.004025,1,0.8778,4
2022-10-21 00:00:00,LONG,0.45,0.45,sl,-0.004,0,0.8313,4
2022-10-21 04:00:00,LONG,0.44,0.44,sl,-0.004,0,0.8766,4
2022-10-21 08:00:00,LONG,0.44,0.44,tp,0.004,1,0.8696,4
2022-10-21 12:00:00,LONG,0.45,0.45,tp,0.004,1,0.8218,4
2022-10-21 16:00:00,LONG,0.45,0.46,tp,0.004,1,0.7733,4
2022-10-21 20:00:00,SHORT,0.46,0.46,tp,0.004025,1,0.8823,4
2022-10-22 00:00:00,SHORT,0.46,0.46,tp,0.004025,1,0.677,4
2022-10-22 04:00:00,SHORT,0.46,0.46,sl,-0.003991,0,0.7199,4
2022-10-22 08:00:00,SHORT,0.47,0.46,tp,0.004025,1,0.8353,4
2022-10-22 12:00:00,LONG,0.47,0.46,sl,-0.004,0,0.7451,4
2022-10-22 16:00:00,LONG,0.46,0.47,tp,0.004,1,0.7114,4
2022-10-22 20:00:00,LONG,0.47,0.46,sl,-0.004,0,0.7085,4
2022-10-23 00:00:00,LONG,0.46,0.46,sl,-0.004,0,0.747,4
2022-10-23 04:00:00,LONG,0.46,0.46,tp,0.004,1,0.7375,4
2022-10-23 08:00:00,LONG,0.45,0.46,tp,0.004,1,0.7741,4
2022-10-23 12:00:00,LONG,0.46,0.46,tp,0.004,1,0.747,4
2022-10-23 16:00:00,SHORT,0.47,0.46,tp,0.004025,1,0.7427,4
2022-10-23 20:00:00,SHORT,0.47,0.47,tp,0.004025,1,0.7988,4
2022-10-24 00:00:00,LONG,0.46,0.46,tp,0.004,1,0.811,4
2022-10-24 04:00:00,SHORT,0.46,0.45,tp,0.004025,1,0.7483,4
2022-10-24 08:00:00,SHORT,0.46,0.46,tp,0.004025,1,0.8043,4
2022-10-24 12:00:00,LONG,0.46,0.45,sl,-0.004,0,0.7712,4
2022-10-24 16:00:00,LONG,0.46,0.46,tp,0.004,1,0.7808,4
2022-10-24 20:00:00,LONG,0.45,0.46,tp,0.004,1,0.7617,4
2022-10-25 00:00:00,LONG,0.45,0.45,tp,0.004,1,0.7373,4
2022-10-25 04:00:00,LONG,0.45,0.45,sl,-0.004,0,0.7068,4
2022-10-25 08:00:00,LONG,0.45,0.45,tp,0.004,1,0.7278,4
2022-10-25 12:00:00,LONG,0.46,0.46,tp,0.004,1,0.7768,4
2022-10-25 16:00:00,LONG,0.47,0.46,sl,-0.004,0,0.841,4
2022-10-25 20:00:00,SHORT,0.46,0.46,tp,0.004025,1,0.8287,4
2022-10-26 00:00:00,SHORT,0.46,0.46,sl,-0.003991,0,0.769,4
2022-10-26 04:00:00,LONG,0.46,0.46,tp,0.004,1,0.724,4
2022-10-26 08:00:00,SHORT,0.46,0.46,tp,0.004025,1,0.7791,4
2022-10-26 12:00:00,LONG,0.47,0.47,sl,-0.004,0,0.7486,4
2022-10-26 16:00:00,LONG,0.46,0.47,tp,0.004,1,0.771,4
2022-10-26 20:00:00,SHORT,0.47,0.47,sl,-0.003991,0,0.7583,4
2022-10-27 00:00:00,SHORT,0.47,0.47,tp,0.004025,1,0.7305,4
2022-10-27 04:00:00,SHORT,0.47,0.47,tp,0.004025,1,0.6976,4
2022-10-27 08:00:00,LONG,0.47,0.47,tp,0.004,1,0.7533,4
2022-10-27 12:00:00,LONG,0.47,0.47,tp,0.004,1,0.7654,4
2022-10-27 16:00:00,LONG,0.47,0.47,sl,-0.004,0,0.7135,4
2022-10-27 20:00:00,SHORT,0.46,0.46,sl,-0.003991,0,0.7504,4
2022-10-28 00:00:00,LONG,0.46,0.46,sl,-0.004,0,0.7562,4
2022-10-28 04:00:00,SHORT,0.46,0.46,sl,-0.003991,0,0.7178,4
2022-10-28 08:00:00,SHORT,0.46,0.46,tp,0.004025,1,0.6861,4
2022-10-28 12:00:00,LONG,0.46,0.47,tp,0.004,1,0.7072,4
2022-10-28 16:00:00,LONG,0.47,0.47,tp,0.004,1,0.7715,4
2022-10-28 20:00:00,SHORT,0.47,0.47,tp,0.004025,1,0.7267,4
2022-10-29 00:00:00,SHORT,0.47,0.47,tp,0.004025,1,0.7701,4
2022-10-29 04:00:00,SHORT,0.47,0.47,tp,0.004025,1,0.7508,4
2022-10-29 08:00:00,LONG,0.47,0.47,tp,0.004,1,0.7591,4
2022-10-29 16:00:00,LONG,0.47,0.47,tp,0.004,1,0.7178,4
2022-10-29 20:00:00,LONG,0.47,0.47,tp,0.004,1,0.7193,4
2022-10-30 00:00:00,LONG,0.47,0.47,tp,0.004,1,0.752,4
2022-10-30 04:00:00,LONG,0.47,0.47,sl,-0.004,0,0.651,4
2022-10-30 08:00:00,SHORT,0.46,0.46,tp,0.004025,1,0.7212,4
2022-10-30 12:00:00,LONG,0.46,0.46,tp,0.004,1,0.6913,4
2022-10-30 16:00:00,LONG,0.46,0.46,sl,-0.004,0,0.7077,4
2022-10-30 20:00:00,LONG,0.46,0.46,sl,-0.004,0,0.7034,4
2022-10-31 00:00:00,LONG,0.46,0.46,tp,0.004,1,0.7441,4
2022-10-31 04:00:00,SHORT,0.46,0.46,tp,0.004025,1,0.6887,4
2022-10-31 08:00:00,LONG,0.46,0.46,tp,0.004,1,0.6996,4
2022-10-31 12:00:00,LONG,0.45,0.45,tp,0.004,1,0.7825,4
2022-10-31 16:00:00,LONG,0.45,0.46,tp,0.004,1,0.7318,4
2022-10-31 20:00:00,LONG,0.46,0.46,sl,-0.004,0,0.7607,4
2022-11-01 00:00:00,LONG,0.46,0.46,tp,0.004,1,0.6823,4
2022-11-01 04:00:00,LONG,0.46,0.46,tp,0.004,1,0.6728,4
2022-11-01 08:00:00,LONG,0.46,0.46,sl,-0.004,0,0.6765,4
2022-11-01 12:00:00,LONG,0.46,0.46,tp,0.004,1,0.6588,4
2022-11-01 16:00:00,LONG,0.46,0.46,tp,0.004,1,0.6837,4
2022-11-02 08:00:00,SHORT,0.45,0.46,sl,-0.003991,0,0.6739,4
2022-11-02 16:00:00,LONG,0.45,0.45,tp,0.004,1,0.7312,4
2022-11-02 20:00:00,SHORT,0.45,0.45,sl,-0.003991,0,0.7427,4
2022-11-03 00:00:00,LONG,0.46,0.46,tp,0.004,1,0.6798,4
2022-11-03 08:00:00,LONG,0.46,0.46,tp,0.004,1,0.655,4
2022-11-03 12:00:00,LONG,0.46,0.45,sl,-0.004,0,0.6663,4
2022-11-04 04:00:00,SHORT,0.46,0.47,sl,-0.003991,0,0.7361,4
2022-11-04 08:00:00,LONG,0.49,0.49,tp,0.004,1,0.8445,4
2022-11-04 12:00:00,LONG,0.49,0.49,tp,0.004,1,0.8308,4
2022-11-04 16:00:00,LONG,0.49,0.5,tp,0.004,1,0.809,4
2022-11-04 20:00:00,SHORT,0.51,0.5,tp,0.004025,1,0.9199,4
2022-11-05 00:00:00,LONG,0.5,0.5,tp,0.004,1,0.7737,4
2022-11-05 04:00:00,SHORT,0.5,0.5,tp,0.004025,1,0.8267,4
2022-11-05 08:00:00,SHORT,0.5,0.49,tp,0.004025,1,0.7509,4
2022-11-05 12:00:00,LONG,0.5,0.5,tp,0.004,1,0.757,4
2022-11-05 16:00:00,LONG,0.5,0.5,tp,0.004,1,0.8129,4
2022-11-05 20:00:00,LONG,0.49,0.49,sl,-0.004,0,0.7988,4
2022-11-06 00:00:00,LONG,0.49,0.49,sl,-0.004,0,0.7732,4
2022-11-06 04:00:00,LONG,0.49,0.49,tp,0.004,1,0.7707,4
2022-11-06 08:00:00,LONG,0.49,0.49,sl,-0.004,0,0.733,4
2022-11-06 12:00:00,LONG,0.49,0.49,sl,-0.004,0,0.7375,4
2022-11-06 16:00:00,LONG,0.48,0.48,sl,-0.004,0,0.7232,4
2022-11-06 20:00:00,LONG,0.47,0.47,tp,0.004,1,0.8367,4
2022-11-07 00:00:00,LONG,0.47,0.47,sl,-0.004,0,0.7607,4
2022-11-07 04:00:00,LONG,0.46,0.47,tp,0.004,1,0.8191,4
2022-11-07 08:00:00,LONG,0.47,0.47,tp,0.004,1,0.8017,4
2022-11-07 12:00:00,SHORT,0.48,0.47,tp,0.004025,1,0.8038,4
2022-11-07 16:00:00,LONG,0.47,0.47,sl,-0.004,0,0.7751,4
2022-11-07 20:00:00,LONG,0.47,0.46,sl,-0.004,0,0.8076,4
2022-11-08 00:00:00,LONG,0.44,0.44,tp,0.004,1,0.8846,4
2022-11-08 04:00:00,SHORT,0.44,0.44,tp,0.004025,1,0.9264,4
2022-11-08 08:00:00,SHORT,0.44,0.43,tp,0.004025,1,0.8843,4
2022-11-08 12:00:00,LONG,0.44,0.44,tp,0.004,1,0.8767,4
2022-11-08 16:00:00,SHORT,0.39,0.39,tp,0.004025,1,0.9474,4
2022-11-08 20:00:00,LONG,0.41,0.41,tp,0.004,1,0.937,4
2022-11-09 00:00:00,LONG,0.39,0.39,tp,0.004,1,0.9365,4
2022-11-09 04:00:00,LONG,0.39,0.39,sl,-0.004,0,0.9307,4
2022-11-09 08:00:00,SHORT,0.38,0.37,tp,0.004025,1,0.955,4
2022-11-09 12:00:00,LONG,0.36,0.36,tp,0.004,1,0.9367,4
2022-11-09 16:00:00,LONG,0.36,0.36,tp,0.004,1,0.9291,4
2022-11-09 20:00:00,SHORT,0.33,0.33,tp,0.004025,1,0.9425,4
2022-11-10 00:00:00,LONG,0.35,0.35,tp,0.004,1,0.9269,4
2022-11-10 04:00:00,LONG,0.37,0.37,sl,-0.004,0,0.9185,4
2022-11-10 08:00:00,LONG,0.36,0.36,tp,0.004,1,0.9137,4
2022-11-10 12:00:00,SHORT,0.39,0.39,tp,0.004025,1,0.9041,4
2022-11-10 16:00:00,SHORT,0.39,0.39,tp,0.004025,1,0.8689,4
2022-11-10 20:00:00,SHORT,0.39,0.39,tp,0.004025,1,0.9252,4
2022-11-11 00:00:00,LONG,0.38,0.38,tp,0.004,1,0.8834,4
2022-11-11 04:00:00,SHORT,0.39,0.39,tp,0.004025,1,0.9243,4
2022-11-11 08:00:00,SHORT,0.39,0.39,tp,0.004025,1,0.906,4
2022-11-11 12:00:00,SHORT,0.38,0.37,tp,0.004025,1,0.9327,4
2022-11-11 16:00:00,LONG,0.38,0.38,tp,0.004,1,0.8646,4
2022-11-11 20:00:00,SHORT,0.38,0.38,tp,0.004025,1,0.9239,4
2022-11-12 00:00:00,LONG,0.38,0.37,sl,-0.004,0,0.8595,4
2022-11-12 04:00:00,LONG,0.37,0.37,tp,0.004,1,0.9097,4
2022-11-12 08:00:00,SHORT,0.37,0.37,tp,0.004025,1,0.889,4
2022-11-12 12:00:00,LONG,0.37,0.37,sl,-0.004,0,0.8559,4
2022-11-12 16:00:00,LONG,0.37,0.36,sl,-0.004,0,0.8652,4
2022-11-12 20:00:00,LONG,0.36,0.37,tp,0.004,1,0.8744,4
2022-11-13 00:00:00,LONG,0.37,0.37,sl,-0.004,0,0.8486,4
2022-11-13 04:00:00,LONG,0.36,0.36,sl,-0.004,0,0.864,4
2022-11-13 08:00:00,LONG,0.35,0.35,tp,0.004,1,0.8925,4
2022-11-13 12:00:00,LONG,0.35,0.35,sl,-0.004,0,0.862,4
2022-11-13 16:00:00,LONG,0.34,0.34,sl,-0.004,0,0.8861,4
2022-11-13 20:00:00,LONG,0.34,0.34,tp,0.004,1,0.8564,4
2022-11-14 00:00:00,LONG,0.33,0.33,tp,0.004,1,0.9237,4
2022-11-14 04:00:00,LONG,0.35,0.35,tp,0.004,1,0.8979,4
2022-11-14 08:00:00,LONG,0.35,0.35,tp,0.004,1,0.8807,4
2022-11-14 12:00:00,LONG,0.35,0.35,tp,0.004,1,0.8788,4
2022-11-14 16:00:00,LONG,0.35,0.35,tp,0.004,1,0.8679,4
2022-11-14 20:00:00,SHORT,0.38,0.38,tp,0.004025,1,0.9208,4
2022-11-15 00:00:00,LONG,0.37,0.37,tp,0.004,1,0.9114,4
2022-11-15 04:00:00,SHORT,0.38,0.38,sl,-0.003991,0,0.8931,4
2022-11-15 08:00:00,SHORT,0.38,0.38,sl,-0.003991,0,0.8796,4
2022-11-15 12:00:00,SHORT,0.39,0.39,tp,0.004025,1,0.9245,4
2022-11-15 16:00:00,LONG,0.38,0.39,tp,0.004,1,0.8958,4
2022-11-15 20:00:00,SHORT,0.39,0.39,tp,0.004025,1,0.9196,4
2022-11-16 00:00:00,LONG,0.38,0.39,tp,0.004,1,0.8754,4
2022-11-16 04:00:00,SHORT,0.39,0.39,tp,0.004025,1,0.8862,4
2022-11-16 08:00:00,LONG,0.38,0.38,sl,-0.004,0,0.9064,4
2022-11-16 12:00:00,LONG,0.37,0.37,tp,0.004,1,0.9329,4
2022-11-16 16:00:00,LONG,0.37,0.38,tp,0.004,1,0.8791,4
2022-11-16 20:00:00,LONG,0.38,0.38,tp,0.004,1,0.8607,4
2022-11-17 00:00:00,LONG,0.38,0.38,tp,0.004,1,0.8087,4
2022-11-17 04:00:00,LONG,0.38,0.38,sl,-0.004,0,0.8231,4
2022-11-17 08:00:00,LONG,0.37,0.38,tp,0.004,1,0.8478,4
2022-11-17 12:00:00,LONG,0.38,0.38,tp,0.004,1,0.793,4
2022-11-17 16:00:00,LONG,0.38,0.38,tp,0.004,1,0.8347,4
2022-11-17 20:00:00,SHORT,0.38,0.38,tp,0.004025,1,0.8293,4
2022-11-18 00:00:00,LONG,0.38,0.38,sl,-0.004,0,0.7442,4
2022-11-18 04:00:00,SHORT,0.38,0.38,sl,-0.003991,0,0.7622,4
2022-11-18 08:00:00,SHORT,0.38,0.38,tp,0.004025,1,0.7228,4
2022-11-18 12:00:00,LONG,0.38,0.38,tp,0.004,1,0.7897,4
2022-11-18 16:00:00,LONG,0.38,0.38,sl,-0.004,0,0.7803,4
2022-11-18 20:00:00,SHORT,0.38,0.38,tp,0.004025,1,0.7892,4
2022-11-19 00:00:00,LONG,0.38,0.38,sl,-0.004,0,0.7487,4
2022-11-19 04:00:00,LONG,0.38,0.38,tp,0.004,1,0.7642,4
2022-11-19 08:00:00,LONG,0.38,0.38,tp,0.004,1,0.7419,4
2022-11-19 12:00:00,LONG,0.38,0.38,sl,-0.004,0,0.7371,4
2022-11-19 16:00:00,LONG,0.38,0.38,tp,0.004,1,0.7439,4
2022-11-19 20:00:00,SHORT,0.38,0.39,sl,-0.003991,0,0.7576,4
2022-11-20 00:00:00,LONG,0.39,0.39,tp,0.004,1,0.763,4
2022-11-20 04:00:00,SHORT,0.39,0.39,tp,0.004025,1,0.7342,4
2022-11-20 08:00:00,SHORT,0.38,0.37,tp,0.004025,1,0.8509,4
2022-11-20 12:00:00,SHORT,0.38,0.37,tp,0.004025,1,0.7928,4
2022-11-20 16:00:00,SHORT,0.38,0.38,tp,0.004025,1,0.774,4
2022-11-20 20:00:00,SHORT,0.36,0.36,tp,0.004025,1,0.8837,4
2022-11-21 00:00:00,LONG,0.35,0.36,tp,0.004,1,0.8948,4
2022-11-21 04:00:00,LONG,0.35,0.35,tp,0.004,1,0.8993,4
2022-11-21 08:00:00,LONG,0.35,0.35,tp,0.004,1,0.8912,4
2022-11-21 12:00:00,LONG,0.36,0.36,tp,0.004,1,0.8695,4
2022-11-21 16:00:00,LONG,0.35,0.36,tp,0.004,1,0.882,4
2022-11-21 20:00:00,LONG,0.36,0.37,tp,0.004,1,0.8748,4
2022-11-22 00:00:00,LONG,0.36,0.36,sl,-0.004,0,0.814,4
2022-11-22 04:00:00,SHORT,0.36,0.35,tp,0.004025,1,0.8009,4
2022-11-22 08:00:00,LONG,0.36,0.36,tp,0.004,1,0.7815,4
2022-11-22 12:00:00,LONG,0.37,0.37,tp,0.004,1,0.8786,4
2022-11-22 16:00:00,LONG,0.37,0.38,tp,0.004,1,0.8031,4
2022-11-22 20:00:00,LONG,0.38,0.38,tp,0.004,1,0.8038,4
2022-11-23 00:00:00,SHORT,0.38,0.38,tp,0.004025,1,0.7728,4
2022-11-23 04:00:00,SHORT,0.38,0.38,tp,0.004025,1,0.8625,4
2022-11-23 08:00:00,SHORT,0.38,0.37,tp,0.004025,1,0.7542,4
2022-11-23 12:00:00,LONG,0.38,0.38,tp,0.004,1,0.7617,4
2022-11-23 16:00:00,LONG,0.38,0.38,tp,0.004,1,0.7951,4
2022-11-23 20:00:00,SHORT,0.38,0.38,tp,0.004025,1,0.7943,4
2022-11-24 00:00:00,SHORT,0.38,0.38,tp,0.004025,1,0.7611,4
2022-11-24 04:00:00,LONG,0.38,0.38,sl,-0.004,0,0.7099,4
2022-11-24 08:00:00,LONG,0.38,0.38,tp,0.004,1,0.7408,4
2022-11-24 12:00:00,LONG,0.39,0.39,tp,0.004,1,0.8002,4
2022-11-24 16:00:00,SHORT,0.4,0.4,tp,0.004025,1,0.8693,4
2022-11-24 20:00:00,SHORT,0.4,0.4,tp,0.004025,1,0.8114,4
2022-11-25 00:00:00,LONG,0.39,0.4,tp,0.004,1,0.7534,4
2022-11-25 04:00:00,SHORT,0.42,0.41,tp,0.004025,1,0.9124,4
2022-11-25 08:00:00,LONG,0.41,0.41,tp,0.004,1,0.8929,4
2022-11-25 12:00:00,LONG,0.4,0.41,tp,0.004,1,0.8485,4
2022-11-25 16:00:00,LONG,0.41,0.41,tp,0.004,1,0.8141,4
2022-11-25 20:00:00,SHORT,0.41,0.41,tp,0.004025,1,0.8372,4
2022-11-26 00:00:00,SHORT,0.41,0.41,tp,0.004025,1,0.7334,4
2022-11-26 04:00:00,SHORT,0.41,0.41,sl,-0.003991,0,0.7374,4
2022-11-26 08:00:00,LONG,0.41,0.41,tp,0.004,1,0.7653,4
2022-11-26 12:00:00,LONG,0.4,0.4,sl,-0.004,0,0.8467,4
2022-11-26 16:00:00,LONG,0.4,0.4,tp,0.004,1,0.8471,4
2022-11-26 20:00:00,LONG,0.4,0.4,tp,0.004,1,0.843,4
2022-11-27 00:00:00,LONG,0.4,0.4,tp,0.004,1,0.7768,4
2022-11-27 04:00:00,LONG,0.4,0.4,tp,0.004,1,0.7189,4
2022-11-27 08:00:00,LONG,0.41,0.41,tp,0.004,1,0.776,4
2022-11-27 12:00:00,LONG,0.4,0.4,sl,-0.004,0,0.8059,4
2022-11-27 16:00:00,LONG,0.4,0.4,sl,-0.004,0,0.7452,4
2022-11-27 20:00:00,SHORT,0.4,0.39,tp,0.004025,1,0.7767,4
2022-11-28 00:00:00,SHORT,0.38,0.38,sl,-0.003991,0,0.8348,4
2022-11-28 04:00:00,LONG,0.38,0.38,sl,-0.004,0,0.8578,4
2022-11-28 08:00:00,LONG,0.38,0.38,tp,0.004,1,0.8392,4
2022-11-28 12:00:00,LONG,0.38,0.38,tp,0.004,1,0.8012,4
2022-11-28 16:00:00,LONG,0.38,0.39,tp,0.004,1,0.8603,4
2022-11-28 20:00:00,LONG,0.39,0.39,sl,-0.004,0,0.8277,4
2022-11-29 00:00:00,LONG,0.38,0.39,tp,0.004,1,0.7736,4
2022-11-29 04:00:00,SHORT,0.39,0.39,tp,0.004025,1,0.818,4
2022-11-29 08:00:00,SHORT,0.39,0.39,tp,0.004025,1,0.7593,4
2022-11-29 12:00:00,LONG,0.39,0.39,tp,0.004,1,0.783,4
2022-11-29 16:00:00,LONG,0.4,0.4,tp,0.004,1,0.8041,4
2022-11-29 20:00:00,SHORT,0.4,0.4,sl,-0.003991,0,0.8356,4
2022-11-30 00:00:00,SHORT,0.4,0.4,sl,-0.003991,0,0.7731,4
2022-11-30 04:00:00,SHORT,0.4,0.4,tp,0.004025,1,0.8472,4
2022-11-30 08:00:00,SHORT,0.4,0.4,tp,0.004025,1,0.7582,4
2022-11-30 12:00:00,SHORT,0.4,0.4,tp,0.004025,1,0.7349,4
2022-11-30 16:00:00,SHORT,0.41,0.41,sl,-0.003991,0,0.7718,4
2022-11-30 20:00:00,SHORT,0.41,0.41,tp,0.004025,1,0.821,4
2022-12-01 00:00:00,LONG,0.4,0.4,sl,-0.004,0,0.7082,4
2022-12-01 04:00:00,LONG,0.4,0.4,tp,0.004,1,0.714,4
2022-12-01 08:00:00,SHORT,0.4,0.4,tp,0.004025,1,0.6951,4
2022-12-01 12:00:00,LONG,0.4,0.4,sl,-0.004,0,0.7021,4
2022-12-01 16:00:00,LONG,0.4,0.4,sl,-0.004,0,0.7495,4
2022-12-01 20:00:00,LONG,0.4,0.4,sl,-0.004,0,0.6941,4
2022-12-02 00:00:00,SHORT,0.39,0.38,tp,0.004025,1,0.7893,4
2022-12-02 04:00:00,LONG,0.39,0.39,sl,-0.004,0,0.6986,4
2022-12-02 08:00:00,LONG,0.39,0.39,sl,-0.004,0,0.6898,4
2022-12-02 12:00:00,LONG,0.39,0.39,tp,0.004,1,0.6649,4
2022-12-02 20:00:00,SHORT,0.4,0.39,tp,0.004025,1,0.7005,4
2022-12-03 08:00:00,SHORT,0.39,0.4,sl,-0.003991,0,0.6609,4
2022-12-04 00:00:00,LONG,0.39,0.39,sl,-0.004,0,0.6936,4
2022-12-04 08:00:00,SHORT,0.39,0.39,tp,0.004025,1,0.6775,4
2022-12-05 00:00:00,LONG,0.39,0.39,tp,0.004,1,0.7008,4
2022-12-05 04:00:00,LONG,0.39,0.39,sl,-0.004,0,0.7212,4
2022-12-05 08:00:00,LONG,0.39,0.39,sl,-0.004,0,0.709,4
2022-12-05 16:00:00,LONG,0.38,0.39,tp,0.004,1,0.7517,4
2022-12-05 20:00:00,LONG,0.39,0.39,sl,-0.004,0,0.6563,4
2022-12-06 00:00:00,LONG,0.38,0.39,tp,0.004,1,0.6785,4
2022-12-06 04:00:00,LONG,0.38,0.38,tp,0.004,1,0.6899,4
2022-12-06 08:00:00,SHORT,0.38,0.39,sl,-0.003991,0,0.6713,4
2022-12-06 12:00:00,LONG,0.39,0.39,sl,-0.004,0,0.7075,4
2022-12-06 20:00:00,LONG,0.39,0.39,sl,-0.004,0,0.6639,4
2022-12-07 04:00:00,SHORT,0.38,0.38,sl,-0.003991,0,0.7569,4
2022-12-07 08:00:00,LONG,0.38,0.38,tp,0.004,1,0.7587,4
2022-12-07 12:00:00,LONG,0.38,0.38,sl,-0.004,0,0.6936,4
2022-12-07 16:00:00,LONG,0.38,0.38,sl,-0.004,0,0.7484,4
2022-12-07 20:00:00,SHORT,0.38,0.38,sl,-0.003991,0,0.6581,4
2022-12-08 00:00:00,LONG,0.39,0.39,tp,0.004,1,0.6639,4
2022-12-08 16:00:00,SHORT,0.39,0.39,sl,-0.003991,0,0.7764,4
2022-12-08 20:00:00,SHORT,0.39,0.39,tp,0.004025,1,0.7057,4
2022-12-09 04:00:00,SHORT,0.39,0.39,tp,0.004025,1,0.6542,4
2022-12-09 16:00:00,LONG,0.39,0.39,tp,0.004,1,0.6984,4
2022-12-09 20:00:00,LONG,0.39,0.39,sl,-0.004,0,0.6825,4
2022-12-10 00:00:00,LONG,0.39,0.39,sl,-0.004,0,0.6625,4
2022-12-10 16:00:00,LONG,0.39,0.39,sl,-0.004,0,0.7187,4
2022-12-10 20:00:00,LONG,0.39,0.39,sl,-0.004,0,0.7337,4
2022-12-11 00:00:00,LONG,0.39,0.39,sl,-0.004,0,0.7327,4
2022-12-11 08:00:00,LONG,0.39,0.39,sl,-0.004,0,0.6651,4
2022-12-11 16:00:00,LONG,0.39,0.39,sl,-0.004,0,0.6783,4
2022-12-11 20:00:00,LONG,0.38,0.38,sl,-0.004,0,0.6938,4
2022-12-12 00:00:00,LONG,0.37,0.38,tp,0.004,1,0.7829,4
2022-12-12 04:00:00,LONG,0.38,0.38,tp,0.004,1,0.752,4
2022-12-12 08:00:00,LONG,0.37,0.38,tp,0.004,1,0.824,4
2022-12-12 12:00:00,LONG,0.38,0.38,tp,0.004,1,0.7652,4
2022-12-12 20:00:00,SHORT,0.39,0.39,tp,0.004025,1,0.6698,4
2022-12-13 08:00:00,SHORT,0.39,0.39,sl,-0.003991,0,0.6761,4
2022-12-13 12:00:00,LONG,0.39,0.39,tp,0.004,1,0.7397,4
2022-12-13 16:00:00,LONG,0.39,0.39,tp,0.004,1,0.6948,4
2022-12-13 20:00:00,SHORT,0.4,0.39,tp,0.004025,1,0.6644,4
2022-12-14 16:00:00,SHORT,0.38,0.38,sl,-0.003991,0,0.7153,4
2022-12-14 20:00:00,LONG,0.39,0.38,sl,-0.004,0,0.7297,4
2022-12-15 00:00:00,LONG,0.38,0.38,sl,-0.004,0,0.7014,4
2022-12-15 04:00:00,LONG,0.38,0.38,sl,-0.004,0,0.6771,4
2022-12-15 08:00:00,LONG,0.38,0.38,tp,0.004,1,0.6789,4
2022-12-15 12:00:00,LONG,0.38,0.38,sl,-0.004,0,0.7087,4
2022-12-15 16:00:00,LONG,0.38,0.38,sl,-0.004,0,0.7395,4
2022-12-15 20:00:00,LONG,0.38,0.38,sl,-0.004,0,0.6764,4
2022-12-16 08:00:00,SHORT,0.36,0.36,tp,0.004025,1,0.8207,4
2022-12-16 12:00:00,LONG,0.36,0.36,sl,-0.004,0,0.8426,4
2022-12-16 16:00:00,LONG,0.36,0.36,tp,0.004,1,0.7702,4
2022-12-16 20:00:00,SHORT,0.35,0.35,sl,-0.003991,0,0.8338,4
2022-12-17 00:00:00,LONG,0.35,0.36,tp,0.004,1,0.8173,4
2022-12-17 04:00:00,LONG,0.36,0.36,sl,-0.004,0,0.8102,4
2022-12-17 08:00:00,LONG,0.35,0.35,sl,-0.004,0,0.8507,4
2022-12-17 12:00:00,LONG,0.35,0.35,sl,-0.004,0,0.7819,4
2022-12-17 16:00:00,LONG,0.35,0.35,tp,0.004,1,0.7917,4
2022-12-17 20:00:00,LONG,0.35,0.35,sl,-0.004,0,0.7738,4
2022-12-18 00:00:00,LONG,0.35,0.36,tp,0.004,1,0.6506,4
2022-12-18 08:00:00,LONG,0.35,0.35,sl,-0.004,0,0.6519,4
2022-12-18 12:00:00,LONG,0.35,0.35,tp,0.004,1,0.6887,4
2022-12-18 16:00:00,LONG,0.35,0.35,tp,0.004,1,0.6631,4
2022-12-18 20:00:00,LONG,0.35,0.35,tp,0.004,1,0.7588,4
2022-12-19 00:00:00,LONG,0.34,0.34,tp,0.004,1,0.8266,4
2022-12-19 04:00:00,LONG,0.34,0.35,tp,0.004,1,0.7083,4
2022-12-19 08:00:00,LONG,0.34,0.34,sl,-0.004,0,0.7679,4
2022-12-19 12:00:00,LONG,0.34,0.34,sl,-0.004,0,0.7781,4
2022-12-19 16:00:00,LONG,0.34,0.34,tp,0.004,1,0.8096,4
2022-12-19 20:00:00,LONG,0.34,0.34,tp,0.004,1,0.763,4
2022-12-20 00:00:00,LONG,0.34,0.34,tp,0.004,1,0.7424,4
2022-12-20 04:00:00,LONG,0.34,0.34,tp,0.004,1,0.7124,4
2022-12-20 08:00:00,SHORT,0.34,0.34,sl,-0.003991,0,0.6707,4
2022-12-20 12:00:00,LONG,0.35,0.35,tp,0.004,1,0.6788,4
2022-12-20 16:00:00,LONG,0.35,0.35,tp,0.004,1,0.6761,4
2022-12-20 20:00:00,LONG,0.35,0.35,tp,0.004,1,0.6855,4
2022-12-21 00:00:00,LONG,0.34,0.34,tp,0.004,1,0.73,4
2022-12-21 04:00:00,LONG,0.34,0.34,tp,0.004,1,0.7046,4
2022-12-21 08:00:00,LONG,0.34,0.34,sl,-0.004,0,0.7419,4
2022-12-21 12:00:00,LONG,0.34,0.34,sl,-0.004,0,0.6886,4
2022-12-21 16:00:00,LONG,0.34,0.35,tp,0.004,1,0.7073,4
2022-12-21 20:00:00,LONG,0.35,0.35,tp,0.004,1,0.7787,4
2022-12-22 00:00:00,LONG,0.34,0.35,tp,0.004,1,0.6543,4
2022-12-22 12:00:00,LONG,0.34,0.34,sl,-0.004,0,0.6991,4
2022-12-22 16:00:00,LONG,0.34,0.35,tp,0.004,1,0.676,4
2022-12-22 20:00:00,SHORT,0.35,0.35,tp,0.004025,1,0.6683,4
2022-12-23 08:00:00,SHORT,0.35,0.35,tp,0.004025,1,0.7278,4
2022-12-23 16:00:00,SHORT,0.35,0.35,tp,0.004025,1,0.7491,4
2022-12-23 20:00:00,SHORT,0.35,0.35,tp,0.004025,1,0.7825,4
2022-12-24 12:00:00,LONG,0.35,0.35,sl,-0.004,0,0.6513,4
2022-12-26 00:00:00,LONG,0.35,0.35,tp,0.004,1,0.6542,4
2022-12-26 04:00:00,LONG,0.35,0.35,sl,-0.004,0,0.6512,4
2022-12-26 12:00:00,SHORT,0.36,0.36,sl,-0.003991,0,0.7605,4
2022-12-26 16:00:00,LONG,0.37,0.37,tp,0.004,1,0.8168,4
2022-12-26 20:00:00,LONG,0.37,0.36,sl,-0.004,0,0.7758,4
2022-12-27 00:00:00,SHORT,0.36,0.36,sl,-0.003991,0,0.6574,4
2022-12-27 04:00:00,SHORT,0.37,0.37,sl,-0.003991,0,0.8462,4
2022-12-27 08:00:00,SHORT,0.37,0.37,tp,0.004025,1,0.8176,4
2022-12-27 12:00:00,SHORT,0.37,0.37,tp,0.004025,1,0.7733,4
2022-12-27 16:00:00,SHORT,0.37,0.37,tp,0.004025,1,0.7519,4
2022-12-27 20:00:00,SHORT,0.37,0.37,tp,0.004025,1,0.6586,4
2022-12-28 00:00:00,SHORT,0.36,0.36,tp,0.004025,1,0.6972,4
2022-12-28 04:00:00,SHORT,0.36,0.36,tp,0.004025,1,0.7263,4
2022-12-28 08:00:00,LONG,0.36,0.36,tp,0.004,1,0.7051,4
2022-12-28 12:00:00,LONG,0.36,0.36,tp,0.004,1,0.7162,4
2022-12-28 16:00:00,LONG,0.36,0.36,sl,-0.004,0,0.6858,4
2022-12-28 20:00:00,LONG,0.36,0.35,sl,-0.004,0,0.6642,4
2022-12-29 00:00:00,SHORT,0.35,0.34,tp,0.004025,1,0.8056,4
2022-12-29 04:00:00,SHORT,0.35,0.34,tp,0.004025,1,0.7289,4
2022-12-29 08:00:00,LONG,0.34,0.35,tp,0.004,1,0.7419,4
2022-12-29 16:00:00,LONG,0.34,0.34,sl,-0.004,0,0.7015,4
2022-12-29 20:00:00,LONG,0.34,0.34,tp,0.004,1,0.695,4
2023-01-02 00:00:00,SHORT,0.33,0.33,tp,0.004025,1,0.7549,5
2023-01-02 04:00:00,SHORT,0.34,0.34,sl,-0.003991,0,0.7758,5
2023-01-02 08:00:00,SHORT,0.34,0.34,tp,0.004025,1,0.7805,5
2023-01-02 12:00:00,SHORT,0.35,0.35,sl,-0.003991,0,0.7884,5
2023-01-02 16:00:00,SHORT,0.35,0.35,tp,0.004025,1,0.7341,5
2023-01-02 20:00:00,SHORT,0.35,0.35,tp,0.004025,1,0.7308,5
2023-01-03 00:00:00,LONG,0.34,0.34,tp,0.004,1,0.6715,5
2023-01-03 04:00:00,LONG,0.35,0.35,sl,-0.004,0,0.6901,5
2023-01-03 08:00:00,LONG,0.34,0.35,tp,0.004,1,0.7387,5
2023-01-03 12:00:00,LONG,0.34,0.35,tp,0.004,1,0.6655,5
2023-01-03 16:00:00,LONG,0.35,0.34,sl,-0.004,0,0.6508,5
2023-01-03 20:00:00,LONG,0.34,0.35,tp,0.004,1,0.7094,5
2023-01-04 04:00:00,SHORT,0.35,0.35,tp,0.004025,1,0.6691,5
2023-01-04 12:00:00,LONG,0.35,0.35,tp,0.004,1,0.7029,5
2023-01-04 16:00:00,LONG,0.35,0.35,sl,-0.004,0,0.7607,5
2023-01-04 20:00:00,SHORT,0.35,0.35,tp,0.004025,1,0.6729,5
2023-01-05 12:00:00,SHORT,0.34,0.34,tp,0.004025,1,0.6726,5
2023-01-05 16:00:00,SHORT,0.34,0.34,tp,0.004025,1,0.6513,5
2023-01-05 20:00:00,SHORT,0.34,0.34,tp,0.004025,1,0.705,5
2023-01-06 04:00:00,SHORT,0.33,0.34,sl,-0.003991,0,0.6965,5
2023-01-06 08:00:00,LONG,0.33,0.34,tp,0.004,1,0.6608,5
2023-01-06 12:00:00,LONG,0.34,0.34,tp,0.004,1,0.6641,5
2023-01-09 00:00:00,LONG,0.35,0.35,tp,0.004,1,0.7229,5
2023-01-09 04:00:00,LONG,0.35,0.35,tp,0.004,1,0.7027,5
2023-01-09 08:00:00,LONG,0.35,0.35,tp,0.004,1,0.697,5
2023-01-09 12:00:00,LONG,0.36,0.36,tp,0.004,1,0.7504,5
2023-01-09 16:00:00,LONG,0.36,0.35,sl,-0.004,0,0.7688,5
2023-01-09 20:00:00,LONG,0.35,0.35,tp,0.004,1,0.7611,5
2023-01-10 00:00:00,LONG,0.35,0.35,sl,-0.004,0,0.6615,5
2023-01-10 08:00:00,LONG,0.35,0.35,sl,-0.004,0,0.691,5
2023-01-11 04:00:00,SHORT,0.36,0.36,tp,0.004025,1,0.8179,5
2023-01-11 08:00:00,LONG,0.36,0.36,tp,0.004,1,0.7478,5
2023-01-11 12:00:00,LONG,0.37,0.37,tp,0.004,1,0.8425,5
2023-01-11 16:00:00,LONG,0.37,0.37,tp,0.004,1,0.8159,5
2023-01-11 20:00:00,SHORT,0.37,0.37,tp,0.004025,1,0.7266,5
2023-01-12 00:00:00,LONG,0.38,0.38,tp,0.004,1,0.7419,5
2023-01-12 04:00:00,SHORT,0.37,0.37,tp,0.004025,1,0.7276,5
2023-01-12 08:00:00,LONG,0.37,0.37,tp,0.004,1,0.7033,5
2023-01-12 12:00:00,SHORT,0.37,0.37,sl,-0.003991,0,0.7724,5
2023-01-12 16:00:00,LONG,0.38,0.38,tp,0.004,1,0.8233,5
2023-01-12 20:00:00,SHORT,0.37,0.37,tp,0.004025,1,0.8037,5
2023-01-13 00:00:00,SHORT,0.38,0.38,tp,0.004025,1,0.7687,5
2023-01-13 04:00:00,SHORT,0.38,0.37,tp,0.004025,1,0.7154,5
2023-01-13 08:00:00,LONG,0.37,0.37,sl,-0.004,0,0.701,5
2023-01-13 12:00:00,SHORT,0.37,0.37,tp,0.004025,1,0.691,5
2023-01-13 16:00:00,SHORT,0.38,0.38,sl,-0.003991,0,0.7062,5
2023-01-13 20:00:00,SHORT,0.39,0.39,sl,-0.003991,0,0.8438,5
2023-01-14 00:00:00,LONG,0.4,0.4,tp,0.004,1,0.8664,5
2023-01-14 04:00:00,SHORT,0.4,0.4,tp,0.004025,1,0.7207,5
2023-01-14 08:00:00,LONG,0.39,0.39,tp,0.004,1,0.8706,5
2023-01-14 12:00:00,LONG,0.39,0.39,sl,-0.004,0,0.7466,5
2023-01-14 16:00:00,LONG,0.39,0.39,tp,0.004,1,0.7376,5
2023-01-14 20:00:00,SHORT,0.4,0.39,tp,0.004025,1,0.7936,5
2023-01-15 00:00:00,SHORT,0.39,0.39,tp,0.004025,1,0.6851,5
2023-01-15 04:00:00,LONG,0.39,0.39,sl,-0.004,0,0.6893,5
2023-01-15 08:00:00,LONG,0.38,0.39,tp,0.004,1,0.7591,5
2023-01-15 12:00:00,LONG,0.39,0.39,sl,-0.004,0,0.7664,5
2023-01-15 16:00:00,LONG,0.39,0.38,sl,-0.004,0,0.7934,5
2023-01-15 20:00:00,LONG,0.38,0.39,tp,0.004,1,0.7562,5
2023-01-16 00:00:00,LONG,0.41,0.4,sl,-0.004,0,0.8495,5
2023-01-16 04:00:00,LONG,0.39,0.39,sl,-0.004,0,0.8009,5
2023-01-16 08:00:00,LONG,0.38,0.39,tp,0.004,1,0.8857,5
2023-01-16 12:00:00,LONG,0.39,0.39,tp,0.004,1,0.7975,5
2023-01-16 16:00:00,LONG,0.39,0.39,sl,-0.004,0,0.7812,5
2023-01-16 20:00:00,LONG,0.39,0.39,tp,0.004,1,0.8491,5
2023-01-17 00:00:00,LONG,0.38,0.39,tp,0.004,1,0.8182,5
2023-01-17 04:00:00,LONG,0.39,0.39,sl,-0.004,0,0.7641,5
2023-01-17 08:00:00,LONG,0.39,0.39,tp,0.004,1,0.764,5
2023-01-17 12:00:00,LONG,0.39,0.39,tp,0.004,1,0.7343,5
2023-01-17 16:00:00,LONG,0.39,0.4,tp,0.004,1,0.7666,5
2023-01-17 20:00:00,LONG,0.39,0.39,tp,0.004,1,0.8175,5
2023-01-18 00:00:00,LONG,0.39,0.39,sl,-0.004,0,0.7358,5
2023-01-18 04:00:00,LONG,0.39,0.39,tp,0.004,1,0.6765,5
2023-01-18 12:00:00,LONG,0.38,0.38,tp,0.004,1,0.7914,5
2023-01-18 16:00:00,LONG,0.39,0.39,sl,-0.004,0,0.8301,5
2023-01-18 20:00:00,LONG,0.38,0.38,tp,0.004,1,0.8185,5
2023-01-19 00:00:00,LONG,0.38,0.38,tp,0.004,1,0.7788,5
2023-01-19 04:00:00,SHORT,0.38,0.39,sl,-0.003991,0,0.68,5
2023-01-19 08:00:00,SHORT,0.38,0.38,tp,0.004025,1,0.7141,5
2023-01-19 12:00:00,LONG,0.39,0.39,tp,0.004,1,0.7571,5
2023-01-19 16:00:00,LONG,0.39,0.4,tp,0.004,1,0.7073,5
2023-01-19 20:00:00,SHORT,0.39,0.39,tp,0.004025,1,0.7754,5
2023-01-20 08:00:00,SHORT,0.39,0.39,sl,-0.003991,0,0.6778,5
2023-01-20 12:00:00,LONG,0.39,0.39,tp,0.004,1,0.6709,5
2023-01-20 16:00:00,SHORT,0.4,0.4,sl,-0.003991,0,0.8439,5
2023-01-20 20:00:00,SHORT,0.41,0.41,tp,0.004025,1,0.8307,5
2023-01-21 00:00:00,LONG,0.41,0.41,sl,-0.004,0,0.6941,5
2023-01-21 04:00:00,SHORT,0.41,0.41,tp,0.004025,1,0.7414,5
2023-01-21 08:00:00,LONG,0.41,0.41,tp,0.004,1,0.7724,5
2023-01-21 12:00:00,LONG,0.41,0.41,tp,0.004,1,0.735,5
2023-01-21 16:00:00,SHORT,0.41,0.41,tp,0.004025,1,0.7664,5
2023-01-21 20:00:00,LONG,0.4,0.41,tp,0.004,1,0.7501,5
2023-01-22 00:00:00,SHORT,0.4,0.41,sl,-0.003991,0,0.7033,5
2023-01-22 04:00:00,LONG,0.4,0.4,sl,-0.004,0,0.6906,5
2023-01-22 08:00:00,LONG,0.4,0.41,tp,0.004,1,0.7223,5
2023-01-22 12:00:00,SHORT,0.41,0.4,tp,0.004025,1,0.686,5
2023-01-22 16:00:00,SHORT,0.4,0.4,tp,0.004025,1,0.6971,5
2023-01-22 20:00:00,LONG,0.4,0.4,tp,0.004,1,0.7184,5
2023-01-23 00:00:00,LONG,0.41,0.41,tp,0.004,1,0.7219,5
2023-01-23 04:00:00,SHORT,0.41,0.41,sl,-0.003991,0,0.7911,5
2023-01-23 08:00:00,SHORT,0.42,0.42,tp,0.004025,1,0.8394,5
2023-01-23 12:00:00,LONG,0.42,0.42,tp,0.004,1,0.8202,5
2023-01-23 16:00:00,LONG,0.43,0.43,tp,0.004,1,0.799,5
2023-01-23 20:00:00,LONG,0.42,0.42,sl,-0.004,0,0.7777,5
2023-01-24 00:00:00,SHORT,0.42,0.42,tp,0.004025,1,0.7586,5
2023-01-24 04:00:00,SHORT,0.42,0.42,tp,0.004025,1,0.7048,5
2023-01-24 08:00:00,LONG,0.42,0.42,tp,0.004,1,0.7283,5
2023-01-24 16:00:00,SHORT,0.42,0.42,tp,0.004025,1,0.7524,5
2023-01-24 20:00:00,LONG,0.41,0.41,sl,-0.004,0,0.8741,5
2023-01-25 00:00:00,LONG,0.4,0.41,tp,0.004,1,0.8539,5
2023-01-25 04:00:00,SHORT,0.41,0.41,tp,0.004025,1,0.7586,5
2023-01-25 08:00:00,LONG,0.41,0.41,tp,0.004,1,0.7893,5
2023-01-25 12:00:00,LONG,0.41,0.41,tp,0.004,1,0.7831,5
2023-01-25 16:00:00,SHORT,0.41,0.41,sl,-0.003991,0,0.6782,5
2023-01-25 20:00:00,SHORT,0.42,0.41,tp,0.004025,1,0.7561,5
2023-01-26 00:00:00,SHORT,0.41,0.41,tp,0.004025,1,0.7019,5
2023-01-26 04:00:00,SHORT,0.41,0.41,sl,-0.003991,0,0.6924,5
2023-01-26 08:00:00,SHORT,0.41,0.41,tp,0.004025,1,0.7186,5
2023-01-26 12:00:00,SHORT,0.41,0.41,tp,0.004025,1,0.6868,5
2023-01-26 16:00:00,LONG,0.41,0.41,sl,-0.004,0,0.6854,5
2023-01-27 00:00:00,SHORT,0.41,0.4,tp,0.004025,1,0.6863,5
2023-01-27 04:00:00,SHORT,0.41,0.41,sl,-0.003991,0,0.7038,5
2023-01-27 08:00:00,SHORT,0.41,0.4,tp,0.004025,1,0.689,5
2023-01-27 12:00:00,SHORT,0.41,0.41,sl,-0.003991,0,0.689,5
2023-01-27 16:00:00,SHORT,0.41,0.41,tp,0.004025,1,0.6815,5
2023-01-27 20:00:00,SHORT,0.41,0.41,tp,0.004025,1,0.705,5
2023-01-28 08:00:00,SHORT,0.41,0.41,tp,0.004025,1,0.6849,5
2023-01-29 04:00:00,SHORT,0.41,0.41,sl,-0.003991,0,0.6702,5
2023-01-29 08:00:00,SHORT,0.41,0.41,sl,-0.003991,0,0.6857,5
2023-01-29 16:00:00,SHORT,0.42,0.41,tp,0.004025,1,0.7294,5
2023-01-30 08:00:00,SHORT,0.4,0.4,sl,-0.003991,0,0.8067,5
2023-01-30 12:00:00,LONG,0.4,0.4,sl,-0.004,0,0.76,5
2023-01-30 16:00:00,LONG,0.4,0.39,sl,-0.004,0,0.8234,5
2023-01-30 20:00:00,LONG,0.39,0.39,sl,-0.004,0,0.8619,5
2023-01-31 00:00:00,LONG,0.39,0.39,tp,0.004,1,0.8506,5
2023-01-31 04:00:00,LONG,0.4,0.4,tp,0.004,1,0.6792,5
2023-01-31 08:00:00,LONG,0.4,0.4,tp,0.004,1,0.7175,5
2023-01-31 12:00:00,SHORT,0.4,0.4,sl,-0.003991,0,0.6951,5
2023-01-31 16:00:00,SHORT,0.41,0.41,tp,0.004025,1,0.7542,5
2023-01-31 20:00:00,SHORT,0.41,0.4,tp,0.004025,1,0.6898,5
2023-02-01 00:00:00,LONG,0.4,0.41,tp,0.004,1,0.6649,5
2023-02-01 04:00:00,SHORT,0.4,0.4,sl,-0.003991,0,0.728,5
2023-02-01 08:00:00,SHORT,0.4,0.4,tp,0.004025,1,0.708,5
2023-02-01 12:00:00,LONG,0.4,0.4,tp,0.004,1,0.75,5
2023-02-01 16:00:00,LONG,0.41,0.41,tp,0.004,1,0.7507,5
2023-02-01 20:00:00,SHORT,0.41,0.41,tp,0.004025,1,0.7372,5
2023-02-02 00:00:00,SHORT,0.41,0.41,tp,0.004025,1,0.7077,5
2023-02-02 04:00:00,SHORT,0.41,0.41,sl,-0.003991,0,0.7227,5
2023-02-02 08:00:00,SHORT,0.41,0.41,tp,0.004025,1,0.776,5
2023-02-02 12:00:00,SHORT,0.41,0.41,tp,0.004025,1,0.7686,5
2023-02-02 16:00:00,SHORT,0.41,0.41,tp,0.004025,1,0.6982,5
2023-02-03 04:00:00,SHORT,0.41,0.41,sl,-0.003991,0,0.6982,5
2023-02-03 08:00:00,SHORT,0.41,0.41,tp,0.004025,1,0.7275,5
2023-02-03 12:00:00,SHORT,0.41,0.41,tp,0.004025,1,0.6803,5
2023-02-03 20:00:00,SHORT,0.41,0.41,tp,0.004025,1,0.6738,5
2023-02-04 04:00:00,SHORT,0.41,0.41,sl,-0.003991,0,0.6536,5
2023-02-04 08:00:00,SHORT,0.41,0.41,sl,-0.003991,0,0.6633,5
2023-02-04 12:00:00,SHORT,0.41,0.41,tp,0.004025,1,0.7088,5
2023-02-05 08:00:00,SHORT,0.41,0.41,tp,0.004025,1,0.659,5
2023-02-05 12:00:00,SHORT,0.4,0.4,tp,0.004025,1,0.7917,5
2023-02-05 16:00:00,LONG,0.4,0.4,sl,-0.004,0,0.6703,5
2023-02-05 20:00:00,SHORT,0.4,0.4,tp,0.004025,1,0.67,5
2023-02-06 00:00:00,LONG,0.4,0.4,tp,0.004,1,0.7775,5
2023-02-06 04:00:00,SHORT,0.4,0.4,tp,0.004025,1,0.6705,5
2023-02-06 08:00:00,SHORT,0.4,0.4,sl,-0.003991,0,0.6755,5
2023-02-06 12:00:00,SHORT,0.4,0.4,sl,-0.003991,0,0.666,5
2023-02-06 20:00:00,LONG,0.39,0.39,tp,0.004,1,0.7985,5
2023-02-07 00:00:00,LONG,0.39,0.4,tp,0.004,1,0.6748,5
2023-02-07 04:00:00,SHORT,0.4,0.39,tp,0.004025,1,0.7203,5
2023-02-07 08:00:00,SHORT,0.4,0.39,tp,0.004025,1,0.7118,5
2023-02-07 12:00:00,LONG,0.39,0.4,tp,0.004,1,0.6705,5
2023-02-07 16:00:00,LONG,0.4,0.4,tp,0.004,1,0.6522,5
2023-02-07 20:00:00,SHORT,0.4,0.4,tp,0.004025,1,0.6693,5
2023-02-08 08:00:00,SHORT,0.4,0.4,tp,0.004025,1,0.6555,5
2023-02-08 12:00:00,SHORT,0.4,0.4,tp,0.004025,1,0.6883,5
2023-02-09 04:00:00,SHORT,0.39,0.39,sl,-0.003991,0,0.6986,5
2023-02-09 08:00:00,SHORT,0.39,0.39,sl,-0.003991,0,0.6684,5
2023-02-09 12:00:00,LONG,0.4,0.4,tp,0.004,1,0.7806,5
2023-02-09 16:00:00,LONG,0.39,0.39,sl,-0.004,0,0.7849,5
2023-02-09 20:00:00,SHORT,0.38,0.38,sl,-0.003991,0,0.8129,5
2023-02-10 00:00:00,SHORT,0.39,0.39,tp,0.004025,1,0.7532,5
2023-02-10 04:00:00,LONG,0.39,0.39,sl,-0.004,0,0.6875,5
2023-02-10 08:00:00,LONG,0.38,0.38,sl,-0.004,0,0.7931,5
2023-02-10 12:00:00,LONG,0.38,0.38,tp,0.004,1,0.8078,5
2023-02-10 16:00:00,LONG,0.38,0.38,sl,-0.004,0,0.7643,5
2023-02-10 20:00:00,SHORT,0.38,0.38,sl,-0.003991,0,0.7052,5
2023-02-13 00:00:00,LONG,0.37,0.37,tp,0.004,1,0.7113,5
2023-02-13 04:00:00,LONG,0.38,0.37,sl,-0.004,0,0.6918,5
2023-02-13 08:00:00,LONG,0.37,0.37,tp,0.004,1,0.7455,5
2023-02-13 12:00:00,LONG,0.37,0.37,tp,0.004,1,0.8025,5
2023-02-13 16:00:00,LONG,0.37,0.37,sl,-0.004,0,0.7104,5
2023-02-13 20:00:00,LONG,0.37,0.37,sl,-0.004,0,0.7259,5
2023-02-14 00:00:00,LONG,0.37,0.37,tp,0.004,1,0.6973,5
2023-02-14 12:00:00,SHORT,0.38,0.37,tp,0.004025,1,0.7274,5
2023-02-14 20:00:00,SHORT,0.38,0.38,tp,0.004025,1,0.6892,5
2023-02-15 04:00:00,SHORT,0.38,0.38,sl,-0.003991,0,0.6848,5
2023-02-15 08:00:00,SHORT,0.39,0.39,sl,-0.003991,0,0.758,5
2023-02-15 12:00:00,SHORT,0.39,0.39,sl,-0.003991,0,0.7187,5
2023-02-15 16:00:00,SHORT,0.39,0.39,sl,-0.003991,0,0.7852,5
2023-02-15 20:00:00,SHORT,0.4,0.4,tp,0.004025,1,0.8298,5
2023-02-16 00:00:00,SHORT,0.4,0.4,tp,0.004025,1,0.7736,5
2023-02-16 04:00:00,SHORT,0.4,0.4,tp,0.004025,1,0.7382,5
2023-02-16 08:00:00,LONG,0.4,0.4,tp,0.004,1,0.6845,5
2023-02-16 12:00:00,SHORT,0.4,0.4,tp,0.004025,1,0.7853,5
2023-02-16 16:00:00,SHORT,0.4,0.4,tp,0.004025,1,0.6828,5
2023-02-16 20:00:00,LONG,0.38,0.39,tp,0.004,1,0.8136,5
2023-02-17 00:00:00,SHORT,0.39,0.39,tp,0.004025,1,0.7892,5
2023-02-17 04:00:00,SHORT,0.39,0.39,sl,-0.003991,0,0.7382,5
2023-02-17 08:00:00,SHORT,0.39,0.39,tp,0.004025,1,0.7153,5
2023-02-17 12:00:00,LONG,0.39,0.39,tp,0.004,1,0.6975,5
2023-02-17 16:00:00,SHORT,0.4,0.39,tp,0.004025,1,0.7602,5
2023-02-17 20:00:00,SHORT,0.39,0.4,sl,-0.003991,0,0.7579,5
2023-02-18 00:00:00,SHORT,0.39,0.4,sl,-0.003991,0,0.7269,5
2023-02-18 04:00:00,SHORT,0.39,0.39,tp,0.004025,1,0.7297,5
2023-02-18 08:00:00,SHORT,0.39,0.39,sl,-0.003991,0,0.7269,5
2023-02-18 12:00:00,SHORT,0.39,0.39,tp,0.004025,1,0.7369,5
2023-02-18 20:00:00,SHORT,0.39,0.39,tp,0.004025,1,0.6575,5
2023-02-19 08:00:00,SHORT,0.39,0.39,sl,-0.003991,0,0.6961,5
2023-02-19 12:00:00,SHORT,0.4,0.39,tp,0.004025,1,0.6955,5
2023-02-20 08:00:00,LONG,0.39,0.4,tp,0.004,1,0.7123,5
2023-02-20 12:00:00,LONG,0.4,0.4,tp,0.004,1,0.8223,5
2023-02-20 16:00:00,LONG,0.4,0.4,sl,-0.004,0,0.7603,5
2023-02-20 20:00:00,SHORT,0.4,0.4,tp,0.004025,1,0.7059,5
2023-02-21 04:00:00,SHORT,0.4,0.4,tp,0.004025,1,0.7323,5
2023-02-21 08:00:00,SHORT,0.39,0.39,tp,0.004025,1,0.7443,5
2023-02-21 12:00:00,LONG,0.39,0.39,tp,0.004,1,0.6979,5
2023-02-21 20:00:00,SHORT,0.39,0.39,tp,0.004025,1,0.7121,5
2023-02-22 00:00:00,LONG,0.39,0.39,sl,-0.004,0,0.677,5
2023-02-22 04:00:00,SHORT,0.39,0.39,tp,0.004025,1,0.6955,5
2023-02-22 08:00:00,LONG,0.39,0.39,tp,0.004,1,0.6665,5
2023-02-22 12:00:00,LONG,0.39,0.39,tp,0.004,1,0.7058,5
2023-02-22 16:00:00,LONG,0.39,0.4,tp,0.004,1,0.7116,5
2023-02-22 20:00:00,SHORT,0.4,0.39,tp,0.004025,1,0.7012,5
2023-02-23 00:00:00,SHORT,0.4,0.4,sl,-0.003991,0,0.6787,5
2023-02-23 04:00:00,SHORT,0.4,0.39,tp,0.004025,1,0.7241,5
2023-02-23 08:00:00,LONG,0.39,0.39,tp,0.004,1,0.6947,5
2023-02-24 04:00:00,SHORT,0.39,0.39,sl,-0.003991,0,0.71,5
2023-02-24 08:00:00,SHORT,0.39,0.39,tp,0.004025,1,0.6998,5
2023-02-24 12:00:00,LONG,0.38,0.38,sl,-0.004,0,0.7118,5
2023-02-24 16:00:00,LONG,0.38,0.38,sl,-0.004,0,0.726,5
2023-02-24 20:00:00,LONG,0.38,0.38,sl,-0.004,0,0.6733,5
2023-02-25 00:00:00,LONG,0.38,0.38,sl,-0.004,0,0.6519,5
2023-02-25 16:00:00,LONG,0.38,0.38,tp,0.004,1,0.6538,5
2023-02-27 04:00:00,LONG,0.37,0.37,sl,-0.004,0,0.6589,5
2023-02-27 12:00:00,LONG,0.38,0.38,sl,-0.004,0,0.6925,5
2023-03-01 04:00:00,SHORT,0.38,0.38,tp,0.004025,1,0.7443,5
2023-03-01 20:00:00,SHORT,0.38,0.38,tp,0.004025,1,0.7143,5
2023-03-03 00:00:00,SHORT,0.36,0.37,sl,-0.003991,0,0.8032,5
2023-03-03 04:00:00,LONG,0.37,0.37,tp,0.004,1,0.7797,5
2023-03-03 08:00:00,LONG,0.37,0.37,tp,0.004,1,0.7016,5
2023-03-04 04:00:00,SHORT,0.38,0.37,tp,0.004025,1,0.7308,5
2023-03-05 08:00:00,SHORT,0.37,0.37,sl,-0.003991,0,0.6967,5
2023-03-06 04:00:00,LONG,0.36,0.36,tp,0.004,1,0.8298,5
2023-03-06 08:00:00,LONG,0.36,0.36,tp,0.004,1,0.8535,5
2023-03-07 12:00:00,SHORT,0.38,0.38,tp,0.004025,1,0.7653,5
2023-03-07 16:00:00,SHORT,0.38,0.38,tp,0.004025,1,0.6843,5
2023-03-08 04:00:00,SHORT,0.38,0.38,sl,-0.003991,0,0.6948,5
2023-03-08 08:00:00,SHORT,0.39,0.39,sl,-0.003991,0,0.7725,5
2023-03-08 12:00:00,LONG,0.4,0.4,sl,-0.004,0,0.8421,5
2023-03-08 16:00:00,LONG,0.4,0.4,tp,0.004,1,0.8014,5
2023-03-08 20:00:00,LONG,0.39,0.39,tp,0.004,1,0.7483,5
2023-03-09 00:00:00,SHORT,0.39,0.39,tp,0.004025,1,0.7002,5
2023-03-09 04:00:00,SHORT,0.39,0.39,sl,-0.003991,0,0.7896,5
2023-03-09 08:00:00,SHORT,0.39,0.39,sl,-0.003991,0,0.7303,5
2023-03-09 12:00:00,SHORT,0.39,0.39,tp,0.004025,1,0.8072,5
2023-03-09 16:00:00,LONG,0.38,0.38,sl,-0.004,0,0.7773,5
2023-03-09 20:00:00,LONG,0.37,0.37,tp,0.004,1,0.8318,5
2023-03-10 00:00:00,SHORT,0.37,0.37,tp,0.004025,1,0.7211,5
2023-03-10 04:00:00,LONG,0.37,0.37,sl,-0.004,0,0.7276,5
2023-03-10 08:00:00,LONG,0.36,0.36,tp,0.004,1,0.809,5
2023-03-10 12:00:00,LONG,0.37,0.37,tp,0.004,1,0.8267,5
2023-03-10 16:00:00,LONG,0.37,0.37,tp,0.004,1,0.7774,5
2023-03-10 20:00:00,SHORT,0.37,0.37,sl,-0.003991,0,0.7235,5
2023-03-11 00:00:00,LONG,0.37,0.37,sl,-0.004,0,0.6977,5
2023-03-11 04:00:00,LONG,0.36,0.36,tp,0.004,1,0.7134,5
2023-03-12 12:00:00,SHORT,0.35,0.35,tp,0.004025,1,0.7215,5
2023-03-12 16:00:00,LONG,0.36,0.36,tp,0.004,1,0.6898,5
2023-03-12 20:00:00,SHORT,0.37,0.37,tp,0.004025,1,0.7824,5
2023-03-13 00:00:00,LONG,0.37,0.37,tp,0.004,1,0.7781,5
2023-03-13 04:00:00,SHORT,0.37,0.37,tp,0.004025,1,0.6699,5
2023-03-13 08:00:00,SHORT,0.36,0.36,tp,0.004025,1,0.6964,5
2023-03-13 12:00:00,LONG,0.37,0.38,tp,0.004,1,0.8687,5
2023-03-13 16:00:00,LONG,0.37,0.37,tp,0.004,1,0.7327,5
2023-03-13 20:00:00,SHORT,0.37,0.37,tp,0.004025,1,0.682,5
2023-03-14 04:00:00,LONG,0.37,0.37,sl,-0.004,0,0.7087,5
2023-03-14 08:00:00,LONG,0.37,0.37,tp,0.004,1,0.6626,5
2023-03-14 12:00:00,LONG,0.38,0.38,sl,-0.004,0,0.8943,5
2023-03-14 16:00:00,LONG,0.38,0.38,sl,-0.004,0,0.7738,5
2023-03-14 20:00:00,LONG,0.37,0.37,tp,0.004,1,0.8056,5
2023-03-15 00:00:00,SHORT,0.37,0.37,tp,0.004025,1,0.6504,5
2023-03-15 04:00:00,SHORT,0.37,0.37,tp,0.004025,1,0.6661,5
2023-03-15 08:00:00,LONG,0.37,0.37,tp,0.004,1,0.7754,5
2023-03-15 12:00:00,LONG,0.36,0.36,tp,0.004,1,0.875,5
2023-03-15 16:00:00,LONG,0.36,0.36,sl,-0.004,0,0.8205,5
2023-03-15 20:00:00,LONG,0.36,0.36,tp,0.004,1,0.7088,5
2023-03-16 04:00:00,SHORT,0.36,0.36,tp,0.004025,1,0.6941,5
2023-03-16 08:00:00,SHORT,0.36,0.36,tp,0.004025,1,0.6661,5
2023-03-16 12:00:00,SHORT,0.36,0.36,sl,-0.003991,0,0.6796,5
2023-03-17 00:00:00,SHORT,0.37,0.37,tp,0.004025,1,0.6797,5
2023-03-17 04:00:00,SHORT,0.37,0.37,sl,-0.003991,0,0.6617,5
2023-03-17 08:00:00,SHORT,0.38,0.38,tp,0.004025,1,0.8335,5
2023-03-17 12:00:00,LONG,0.37,0.37,tp,0.004,1,0.747,5
2023-03-17 16:00:00,SHORT,0.37,0.37,tp,0.004025,1,0.6892,5
2023-03-17 20:00:00,SHORT,0.38,0.38,tp,0.004025,1,0.7125,5
2023-03-18 00:00:00,LONG,0.38,0.38,sl,-0.004,0,0.7761,5
2023-03-18 04:00:00,SHORT,0.38,0.38,tp,0.004025,1,0.6599,5
2023-03-18 08:00:00,SHORT,0.38,0.38,tp,0.004025,1,0.6782,5
2023-03-18 12:00:00,LONG,0.38,0.38,tp,0.004,1,0.7684,5
2023-03-18 16:00:00,LONG,0.38,0.38,sl,-0.004,0,0.6883,5
2023-03-18 20:00:00,LONG,0.37,0.38,tp,0.004,1,0.7552,5
2023-03-19 00:00:00,SHORT,0.38,0.38,sl,-0.003991,0,0.6811,5
2023-03-19 04:00:00,SHORT,0.38,0.38,sl,-0.003991,0,0.6646,5
2023-03-19 08:00:00,LONG,0.39,0.4,tp,0.004,1,0.8699,5
2023-03-19 12:00:00,LONG,0.39,0.39,tp,0.004,1,0.8557,5
2023-03-19 16:00:00,LONG,0.39,0.4,tp,0.004,1,0.7467,5
2023-03-19 20:00:00,LONG,0.39,0.39,tp,0.004,1,0.8145,5
2023-03-20 00:00:00,LONG,0.38,0.38,tp,0.004,1,0.7842,5
2023-03-20 04:00:00,SHORT,0.38,0.38,tp,0.004025,1,0.7215,5
2023-03-20 08:00:00,LONG,0.38,0.38,sl,-0.004,0,0.6753,5
2023-03-20 12:00:00,LONG,0.38,0.38,sl,-0.004,0,0.7475,5
2023-03-20 16:00:00,LONG,0.37,0.38,tp,0.004,1,0.7851,5
2023-03-20 20:00:00,LONG,0.37,0.38,tp,0.004,1,0.7271,5
2023-03-21 00:00:00,SHORT,0.38,0.38,tp,0.004025,1,0.7288,5
2023-03-21 04:00:00,SHORT,0.39,0.38,tp,0.004025,1,0.7213,5
2023-03-21 08:00:00,SHORT,0.39,0.39,sl,-0.003991,0,0.7453,5
2023-03-21 12:00:00,SHORT,0.43,0.43,sl,-0.003991,0,0.9108,5
2023-03-21 16:00:00,SHORT,0.47,0.47,tp,0.004025,1,0.9224,5
2023-03-21 20:00:00,SHORT,0.47,0.47,tp,0.004025,1,0.9075,5
2023-03-22 00:00:00,SHORT,0.46,0.46,tp,0.004025,1,0.9139,5
2023-03-22 04:00:00,SHORT,0.46,0.45,tp,0.004025,1,0.9052,5
2023-03-22 08:00:00,LONG,0.44,0.45,tp,0.004,1,0.9472,5
2023-03-22 12:00:00,LONG,0.44,0.44,tp,0.004,1,0.9483,5
2023-03-22 16:00:00,LONG,0.41,0.41,tp,0.004,1,0.9668,5
2023-03-22 20:00:00,LONG,0.42,0.42,tp,0.004,1,0.9483,5
2023-03-23 00:00:00,LONG,0.42,0.42,tp,0.004,1,0.9232,5
2023-03-23 04:00:00,SHORT,0.45,0.44,tp,0.004025,1,0.9017,5
2023-03-23 08:00:00,SHORT,0.45,0.45,tp,0.004025,1,0.9026,5
2023-03-23 12:00:00,SHORT,0.45,0.45,tp,0.004025,1,0.872,5
2023-03-23 16:00:00,LONG,0.44,0.45,tp,0.004,1,0.9147,5
2023-03-23 20:00:00,SHORT,0.44,0.44,tp,0.004025,1,0.8411,5
2023-03-24 00:00:00,LONG,0.43,0.43,tp,0.004,1,0.8635,5
2023-03-24 04:00:00,SHORT,0.43,0.43,tp,0.004025,1,0.831,5
2023-03-24 08:00:00,LONG,0.43,0.43,sl,-0.004,0,0.8861,5
2023-03-24 12:00:00,LONG,0.43,0.43,tp,0.004,1,0.8204,5
2023-03-24 16:00:00,SHORT,0.43,0.42,tp,0.004025,1,0.8194,5
2023-03-24 20:00:00,LONG,0.43,0.43,tp,0.004,1,0.8359,5
2023-03-25 00:00:00,SHORT,0.43,0.43,sl,-0.003991,0,0.772,5
2023-03-25 04:00:00,SHORT,0.44,0.44,tp,0.004025,1,0.8388,5
2023-03-25 08:00:00,SHORT,0.45,0.44,tp,0.004025,1,0.7674,5
2023-03-25 12:00:00,SHORT,0.46,0.46,tp,0.004025,1,0.8625,5
2023-03-25 16:00:00,SHORT,0.45,0.45,tp,0.004025,1,0.8312,5
2023-03-25 20:00:00,LONG,0.44,0.45,tp,0.004,1,0.8624,5
2023-03-26 00:00:00,LONG,0.45,0.45,tp,0.004,1,0.7827,5
2023-03-26 04:00:00,SHORT,0.46,0.46,sl,-0.003991,0,0.8235,5
2023-03-26 08:00:00,SHORT,0.46,0.46,tp,0.004025,1,0.841,5
2023-03-26 12:00:00,LONG,0.45,0.45,tp,0.004,1,0.8263,5
2023-03-26 16:00:00,LONG,0.45,0.45,tp,0.004,1,0.7288,5
2023-03-26 20:00:00,SHORT,0.45,0.45,tp,0.004025,1,0.7956,5
2023-03-27 00:00:00,SHORT,0.45,0.45,tp,0.004025,1,0.8013,5
2023-03-27 04:00:00,SHORT,0.46,0.46,sl,-0.003991,0,0.84,5
2023-03-27 08:00:00,SHORT,0.48,0.47,tp,0.004025,1,0.8893,5
2023-03-27 12:00:00,LONG,0.46,0.46,tp,0.004,1,0.8807,5
2023-03-27 16:00:00,SHORT,0.47,0.47,sl,-0.003991,0,0.8496,5
2023-03-27 20:00:00,SHORT,0.48,0.48,tp,0.004025,1,0.845,5
2023-03-28 00:00:00,SHORT,0.47,0.47,sl,-0.003991,0,0.8388,5
2023-03-28 04:00:00,SHORT,0.48,0.48,tp,0.004025,1,0.8616,5
2023-03-28 08:00:00,SHORT,0.5,0.49,tp,0.004025,1,0.8912,5
2023-03-28 12:00:00,SHORT,0.5,0.5,tp,0.004025,1,0.8624,5
2023-03-28 16:00:00,SHORT,0.52,0.52,tp,0.004025,1,0.8798,5
2023-03-28 20:00:00,SHORT,0.51,0.52,sl,-0.003991,0,0.8774,5
2023-03-29 00:00:00,SHORT,0.54,0.53,tp,0.004025,1,0.9015,5
2023-03-29 04:00:00,SHORT,0.56,0.55,tp,0.004025,1,0.9019,5
2023-03-29 08:00:00,SHORT,0.57,0.57,tp,0.004025,1,0.9052,5
2023-03-29 12:00:00,LONG,0.54,0.55,tp,0.004,1,0.9192,5
2023-03-29 16:00:00,LONG,0.55,0.56,tp,0.004,1,0.8643,5
2023-03-29 20:00:00,LONG,0.54,0.55,tp,0.004,1,0.9104,5
2023-04-01 00:00:00,SHORT,0.53,0.53,tp,0.004025,1,0.7283,6
2023-04-01 04:00:00,SHORT,0.51,0.51,tp,0.004025,1,0.8669,6
2023-04-01 08:00:00,SHORT,0.52,0.51,tp,0.004025,1,0.8596,6
2023-04-01 12:00:00,LONG,0.51,0.51,sl,-0.004,0,0.8427,6
2023-04-01 16:00:00,LONG,0.51,0.51,tp,0.004,1,0.8411,6
2023-04-01 20:00:00,LONG,0.51,0.51,tp,0.004,1,0.8396,6
2023-04-02 00:00:00,LONG,0.51,0.52,tp,0.004,1,0.763,6
2023-04-02 04:00:00,SHORT,0.51,0.52,sl,-0.003991,0,0.7666,6
2023-04-02 08:00:00,LONG,0.52,0.52,tp,0.004,1,0.7519,6
2023-04-02 12:00:00,SHORT,0.52,0.52,tp,0.004025,1,0.7571,6
2023-04-02 16:00:00,SHORT,0.52,0.52,tp,0.004025,1,0.7396,6
2023-04-02 20:00:00,LONG,0.52,0.52,tp,0.004,1,0.7342,6
2023-04-03 00:00:00,LONG,0.51,0.51,sl,-0.004,0,0.7511,6
2023-04-03 04:00:00,SHORT,0.51,0.52,sl,-0.003991,0,0.7117,6
2023-04-03 08:00:00,SHORT,0.51,0.51,tp,0.004025,1,0.7084,6
2023-04-03 12:00:00,LONG,0.51,0.51,tp,0.004,1,0.6862,6
2023-04-03 16:00:00,LONG,0.51,0.51,sl,-0.004,0,0.7151,6
2023-04-03 20:00:00,SHORT,0.5,0.49,tp,0.004025,1,0.8617,6
2023-04-04 00:00:00,LONG,0.5,0.5,tp,0.004,1,0.7516,6
2023-04-04 04:00:00,SHORT,0.5,0.5,sl,-0.003991,0,0.7651,6
2023-04-04 08:00:00,LONG,0.5,0.5,tp,0.004,1,0.7642,6
2023-04-04 12:00:00,LONG,0.5,0.5,tp,0.004,1,0.7559,6
2023-04-04 16:00:00,LONG,0.51,0.5,sl,-0.004,0,0.7071,6
2023-04-04 20:00:00,SHORT,0.5,0.5,tp,0.004025,1,0.6768,6
2023-04-05 00:00:00,SHORT,0.51,0.51,sl,-0.003991,0,0.7319,6
2023-04-05 04:00:00,SHORT,0.52,0.52,tp,0.004025,1,0.8075,6
2023-04-05 08:00:00,SHORT,0.51,0.51,tp,0.004025,1,0.775,6
2023-04-05 12:00:00,SHORT,0.5,0.5,tp,0.004025,1,0.8075,6
2023-04-05 16:00:00,SHORT,0.51,0.51,tp,0.004025,1,0.7955,6
2023-04-05 20:00:00,SHORT,0.51,0.5,tp,0.004025,1,0.7184,6
2023-04-06 00:00:00,SHORT,0.5,0.5,tp,0.004025,1,0.6934,6
2023-04-06 04:00:00,SHORT,0.5,0.5,tp,0.004025,1,0.7251,6
2023-04-06 08:00:00,SHORT,0.5,0.5,tp,0.004025,1,0.7917,6
2023-04-06 12:00:00,SHORT,0.51,0.51,sl,-0.003991,0,0.7823,6
2023-04-06 16:00:00,SHORT,0.51,0.5,tp,0.004025,1,0.6893,6
2023-04-06 20:00:00,SHORT,0.5,0.5,tp,0.004025,1,0.7009,6
2023-04-07 00:00:00,SHORT,0.5,0.5,sl,-0.003991,0,0.678,6
2023-04-07 04:00:00,SHORT,0.51,0.5,tp,0.004025,1,0.7556,6
2023-04-07 08:00:00,SHORT,0.5,0.51,sl,-0.003991,0,0.7471,6
2023-04-07 12:00:00,SHORT,0.51,0.51,tp,0.004025,1,0.7503,6
2023-04-07 16:00:00,SHORT,0.51,0.51,tp,0.004025,1,0.7103,6
2023-04-07 20:00:00,SHORT,0.51,0.51,tp,0.004025,1,0.7801,6
2023-04-08 00:00:00,SHORT,0.51,0.51,sl,-0.003991,0,0.6809,6
2023-04-08 04:00:00,SHORT,0.51,0.51,tp,0.004025,1,0.6709,6
2023-04-08 08:00:00,SHORT,0.51,0.51,tp,0.004025,1,0.6539,6
2023-04-10 16:00:00,SHORT,0.51,0.51,sl,-0.003991,0,0.791,6
2023-04-10 20:00:00,SHORT,0.52,0.51,tp,0.004025,1,0.7646,6
2023-04-11 00:00:00,SHORT,0.52,0.52,sl,-0.003991,0,0.7612,6
2023-04-11 04:00:00,SHORT,0.52,0.52,tp,0.004025,1,0.7538,6
2023-04-11 08:00:00,SHORT,0.52,0.52,tp,0.004025,1,0.7627,6
2023-04-11 12:00:00,SHORT,0.52,0.52,tp,0.004025,1,0.7246,6
2023-04-11 16:00:00,SHORT,0.52,0.52,sl,-0.003991,0,0.7493,6
2023-04-11 20:00:00,SHORT,0.52,0.51,tp,0.004025,1,0.7477,6
2023-04-12 00:00:00,SHORT,0.51,0.51,sl,-0.003991,0,0.659,6
2023-04-12 04:00:00,LONG,0.51,0.51,sl,-0.004,0,0.6721,6
2023-04-12 08:00:00,SHORT,0.5,0.5,tp,0.004025,1,0.7119,6
2023-04-12 12:00:00,LONG,0.5,0.5,sl,-0.004,0,0.7158,6
2023-04-12 16:00:00,LONG,0.5,0.51,tp,0.004,1,0.6638,6
2023-04-12 20:00:00,SHORT,0.5,0.5,tp,0.004025,1,0.6572,6
2023-04-13 00:00:00,SHORT,0.5,0.51,sl,-0.003991,0,0.6545,6
2023-04-13 04:00:00,SHORT,0.51,0.51,sl,-0.003991,0,0.7034,6
2023-04-13 08:00:00,SHORT,0.51,0.51,sl,-0.003991,0,0.7561,6
2023-04-13 12:00:00,SHORT,0.51,0.51,sl,-0.003991,0,0.7082,6
2023-04-13 16:00:00,SHORT,0.51,0.51,sl,-0.003991,0,0.7362,6
2023-04-13 20:00:00,SHORT,0.51,0.51,sl,-0.003991,0,0.7191,6
2023-04-14 00:00:00,SHORT,0.52,0.52,sl,-0.003991,0,0.7605,6
2023-04-14 04:00:00,SHORT,0.53,0.53,sl,-0.003991,0,0.783,6
2023-04-14 08:00:00,SHORT,0.53,0.53,tp,0.004025,1,0.7069,6
2023-04-14 12:00:00,LONG,0.51,0.52,tp,0.004,1,0.7639,6
2023-04-14 16:00:00,LONG,0.52,0.53,tp,0.004,1,0.7074,6
2023-04-14 20:00:00,LONG,0.52,0.52,sl,-0.004,0,0.6648,6
2023-04-15 04:00:00,SHORT,0.52,0.52,sl,-0.003991,0,0.6782,6
2023-04-15 08:00:00,SHORT,0.52,0.52,sl,-0.003991,0,0.6713,6
2023-04-15 12:00:00,SHORT,0.52,0.52,tp,0.004025,1,0.6553,6
2023-04-16 04:00:00,SHORT,0.52,0.52,sl,-0.003991,0,0.7033,6
2023-04-16 16:00:00,SHORT,0.52,0.52,tp,0.004025,1,0.665,6
2023-04-16 20:00:00,SHORT,0.52,0.52,tp,0.004025,1,0.6676,6
2023-04-17 00:00:00,SHORT,0.51,0.51,sl,-0.003991,0,0.669,6
2023-04-17 04:00:00,SHORT,0.51,0.51,sl,-0.003991,0,0.7478,6
2023-04-17 08:00:00,SHORT,0.51,0.51,tp,0.004025,1,0.7202,6
2023-04-17 12:00:00,SHORT,0.51,0.51,sl,-0.003991,0,0.7621,6
2023-04-17 16:00:00,SHORT,0.51,0.51,sl,-0.003991,0,0.7206,6
2023-04-17 20:00:00,SHORT,0.51,0.51,sl,-0.003991,0,0.7017,6
2023-04-18 00:00:00,SHORT,0.51,0.51,sl,-0.003991,0,0.6721,6
2023-04-18 04:00:00,SHORT,0.52,0.52,sl,-0.003991,0,0.6574,6
2023-04-18 08:00:00,SHORT,0.52,0.52,tp,0.004025,1,0.7421,6
2023-04-18 12:00:00,SHORT,0.52,0.52,tp,0.004025,1,0.746,6
2023-04-18 16:00:00,SHORT,0.52,0.52,sl,-0.003991,0,0.7449,6
2023-04-18 20:00:00,SHORT,0.53,0.53,tp,0.004025,1,0.7852,6
2023-04-19 00:00:00,SHORT,0.53,0.52,tp,0.004025,1,0.6862,6
2023-04-19 04:00:00,LONG,0.52,0.52,sl,-0.004,0,0.7075,6
2023-04-19 08:00:00,SHORT,0.5,0.5,tp,0.004025,1,0.8759,6
2023-04-19 12:00:00,LONG,0.5,0.5,sl,-0.004,0,0.7997,6
2023-04-19 16:00:00,LONG,0.5,0.49,sl,-0.004,0,0.8205,6
2023-04-19 20:00:00,LONG,0.49,0.49,tp,0.004,1,0.8286,6
2023-04-20 00:00:00,LONG,0.49,0.5,tp,0.004,1,0.7554,6
2023-04-20 04:00:00,LONG,0.49,0.5,tp,0.004,1,0.7631,6
2023-04-20 08:00:00,LONG,0.49,0.49,tp,0.004,1,0.7738,6
2023-04-20 12:00:00,LONG,0.48,0.48,sl,-0.004,0,0.8462,6
2023-04-20 16:00:00,SHORT,0.47,0.47,tp,0.004025,1,0.8682,6
2023-04-20 20:00:00,SHORT,0.47,0.47,tp,0.004025,1,0.7671,6
2023-04-21 00:00:00,LONG,0.48,0.48,sl,-0.004,0,0.6817,6
2023-04-21 04:00:00,LONG,0.47,0.47,sl,-0.004,0,0.6917,6
2023-04-21 08:00:00,LONG,0.47,0.47,tp,0.004,1,0.799,6
2023-04-21 12:00:00,LONG,0.46,0.46,tp,0.004,1,0.8422,6
2023-04-21 16:00:00,LONG,0.45,0.45,tp,0.004,1,0.9003,6
2023-04-21 20:00:00,LONG,0.45,0.45,tp,0.004,1,0.84,6
2023-04-22 00:00:00,LONG,0.45,0.45,tp,0.004,1,0.6815,6
2023-04-22 12:00:00,LONG,0.47,0.47,tp,0.004,1,0.8095,6
2023-04-22 16:00:00,SHORT,0.47,0.47,sl,-0.003991,0,0.759,6
2023-04-22 20:00:00,SHORT,0.47,0.47,tp,0.004025,1,0.7421,6
2023-04-23 00:00:00,SHORT,0.47,0.47,sl,-0.003991,0,0.721,6
2023-04-23 04:00:00,SHORT,0.47,0.47,tp,0.004025,1,0.7399,6
2023-04-23 08:00:00,LONG,0.47,0.47,sl,-0.004,0,0.6806,6
2023-04-23 12:00:00,LONG,0.46,0.46,tp,0.004,1,0.7711,6
2023-04-23 16:00:00,LONG,0.46,0.46,tp,0.004,1,0.716,6
2023-04-23 20:00:00,SHORT,0.46,0.47,sl,-0.003991,0,0.6993,6
2023-04-24 00:00:00,LONG,0.47,0.47,sl,-0.004,0,0.8194,6
2023-04-24 04:00:00,LONG,0.46,0.46,tp,0.004,1,0.7919,6
2023-04-24 08:00:00,SHORT,0.47,0.46,tp,0.004025,1,0.7354,6
2023-04-24 12:00:00,SHORT,0.46,0.46,tp,0.004025,1,0.773,6
2023-04-24 16:00:00,SHORT,0.46,0.46,sl,-0.003991,0,0.7089,6
2023-04-24 20:00:00,SHORT,0.46,0.46,tp,0.004025,1,0.7039,6
2023-04-25 00:00:00,SHORT,0.46,0.46,tp,0.004025,1,0.7067,6
2023-04-25 04:00:00,SHORT,0.45,0.45,tp,0.004025,1,0.7126,6
2023-04-25 08:00:00,SHORT,0.46,0.45,tp,0.004025,1,0.735,6
2023-04-25 12:00:00,SHORT,0.45,0.46,sl,-0.003991,0,0.7213,6
2023-04-25 16:00:00,SHORT,0.46,0.46,sl,-0.003991,0,0.7736,6
2023-04-25 20:00:00,SHORT,0.47,0.47,tp,0.004025,1,0.7734,6
2023-04-26 00:00:00,SHORT,0.47,0.47,sl,-0.003991,0,0.6909,6
2023-04-26 04:00:00,SHORT,0.47,0.47,sl,-0.003991,0,0.7281,6
2023-04-26 08:00:00,SHORT,0.47,0.47,sl,-0.003991,0,0.8009,6
2023-04-26 12:00:00,SHORT,0.48,0.48,tp,0.004025,1,0.7862,6
2023-04-26 16:00:00,LONG,0.45,0.45,tp,0.004,1,0.8449,6
2023-04-26 20:00:00,SHORT,0.46,0.46,tp,0.004025,1,0.8711,6
2023-04-27 00:00:00,SHORT,0.46,0.46,tp,0.004025,1,0.747,6
2023-04-27 04:00:00,SHORT,0.46,0.46,tp,0.004025,1,0.776,6
2023-04-27 08:00:00,SHORT,0.46,0.46,tp,0.004025,1,0.7938,6
2023-04-27 12:00:00,SHORT,0.46,0.46,sl,-0.003991,0,0.7524,6
2023-04-27 16:00:00,SHORT,0.47,0.46,tp,0.004025,1,0.7671,6
2023-04-27 20:00:00,SHORT,0.47,0.46,tp,0.004025,1,0.8053,6
2023-04-28 00:00:00,SHORT,0.47,0.47,sl,-0.003991,0,0.7944,6
2023-04-28 04:00:00,SHORT,0.48,0.47,tp,0.004025,1,0.8044,6
2023-04-28 08:00:00,SHORT,0.47,0.47,tp,0.004025,1,0.7773,6
2023-04-28 12:00:00,SHORT,0.47,0.47,sl,-0.003991,0,0.7841,6
2023-04-28 16:00:00,SHORT,0.47,0.48,sl,-0.003991,0,0.722,6
2023-04-28 20:00:00,SHORT,0.48,0.48,sl,-0.003991,0,0.8039,6
2023-04-29 00:00:00,SHORT,0.48,0.48,tp,0.004025,1,0.7726,6
2023-04-29 04:00:00,SHORT,0.48,0.48,sl,-0.003991,0,0.7062,6
2023-04-29 08:00:00,SHORT,0.48,0.48,tp,0.004025,1,0.7712,6
2023-04-29 12:00:00,SHORT,0.48,0.48,tp,0.004025,1,0.6894,6
2023-04-29 16:00:00,SHORT,0.48,0.48,tp,0.004025,1,0.6783,6
2023-04-29 20:00:00,SHORT,0.48,0.48,tp,0.004025,1,0.7123,6
2023-04-30 12:00:00,SHORT,0.48,0.48,tp,0.004025,1,0.6799,6
2023-04-30 20:00:00,SHORT,0.47,0.47,tp,0.004025,1,0.6992,6
2023-05-01 00:00:00,LONG,0.47,0.46,sl,-0.004,0,0.7163,6
2023-05-01 04:00:00,SHORT,0.46,0.46,sl,-0.003991,0,0.7281,6
2023-05-01 08:00:00,SHORT,0.46,0.46,tp,0.004025,1,0.7099,6
2023-05-01 12:00:00,LONG,0.46,0.46,sl,-0.004,0,0.7683,6
2023-05-01 16:00:00,LONG,0.46,0.46,tp,0.004,1,0.7325,6
2023-05-01 20:00:00,SHORT,0.46,0.46,tp,0.004025,1,0.6865,6
2023-05-02 00:00:00,SHORT,0.46,0.46,sl,-0.003991,0,0.701,6
2023-05-02 04:00:00,SHORT,0.46,0.46,tp,0.004025,1,0.6983,6
2023-05-02 08:00:00,SHORT,0.46,0.46,sl,-0.003991,0,0.71,6
2023-05-02 12:00:00,LONG,0.46,0.46,sl,-0.004,0,0.6842,6
2023-05-02 16:00:00,SHORT,0.46,0.46,sl,-0.003991,0,0.6519,6
2023-05-02 20:00:00,SHORT,0.46,0.46,tp,0.004025,1,0.6908,6
2023-05-03 00:00:00,SHORT,0.46,0.46,tp,0.004025,1,0.6528,6
2023-05-03 04:00:00,SHORT,0.46,0.46,tp,0.004025,1,0.6787,6
2023-05-03 08:00:00,LONG,0.46,0.45,sl,-0.004,0,0.6656,6
2023-05-03 12:00:00,SHORT,0.45,0.45,tp,0.004025,1,0.7389,6
2023-05-03 16:00:00,SHORT,0.45,0.46,sl,-0.003991,0,0.7027,6
2023-05-03 20:00:00,SHORT,0.46,0.46,tp,0.004025,1,0.7394,6
2023-05-04 00:00:00,SHORT,0.46,0.46,tp,0.004025,1,0.7347,6
2023-05-04 04:00:00,SHORT,0.46,0.46,tp,0.004025,1,0.6891,6
2023-05-04 08:00:00,SHORT,0.46,0.46,tp,0.004025,1,0.7109,6
2023-05-04 12:00:00,SHORT,0.46,0.46,sl,-0.003991,0,0.7304,6
2023-05-05 00:00:00,SHORT,0.46,0.46,tp,0.004025,1,0.6986,6
2023-05-05 12:00:00,SHORT,0.46,0.46,sl,-0.003991,0,0.68,6
2023-05-05 16:00:00,SHORT,0.47,0.47,sl,-0.003991,0,0.7161,6
2023-05-05 20:00:00,SHORT,0.47,0.46,tp,0.004025,1,0.7295,6
2023-05-06 08:00:00,SHORT,0.46,0.46,tp,0.004025,1,0.6798,6
2023-05-06 20:00:00,SHORT,0.46,0.46,tp,0.004025,1,0.6813,6
2023-05-07 04:00:00,SHORT,0.46,0.46,sl,-0.003991,0,0.7305,6
2023-05-07 08:00:00,SHORT,0.46,0.46,sl,-0.003991,0,0.6645,6
2023-05-07 20:00:00,LONG,0.45,0.45,sl,-0.004,0,0.7342,6
2023-05-08 00:00:00,LONG,0.44,0.44,tp,0.004,1,0.7958,6
2023-05-08 04:00:00,LONG,0.44,0.43,sl,-0.004,0,0.7906,6
2023-05-08 08:00:00,LONG,0.44,0.44,sl,-0.004,0,0.7819,6
2023-05-08 12:00:00,LONG,0.43,0.43,sl,-0.004,0,0.8255,6
2023-05-08 16:00:00,SHORT,0.42,0.42,sl,-0.003991,0,0.7819,6
2023-05-08 20:00:00,LONG,0.43,0.43,sl,-0.004,0,0.8179,6
2023-05-09 00:00:00,LONG,0.42,0.43,tp,0.004,1,0.7968,6
2023-05-09 04:00:00,LONG,0.43,0.42,sl,-0.004,0,0.7167,6
2023-05-09 08:00:00,LONG,0.42,0.43,tp,0.004,1,0.7566,6
2023-05-09 12:00:00,LONG,0.42,0.42,tp,0.004,1,0.824,6
2023-05-09 16:00:00,LONG,0.43,0.43,tp,0.004,1,0.7027,6
2023-05-09 20:00:00,SHORT,0.43,0.43,sl,-0.003991,0,0.6797,6
2023-05-10 12:00:00,SHORT,0.43,0.43,tp,0.004025,1,0.693,6
2023-05-10 16:00:00,SHORT,0.43,0.43,tp,0.004025,1,0.7016,6
2023-05-10 20:00:00,SHORT,0.43,0.43,tp,0.004025,1,0.7252,6
2023-05-11 12:00:00,LONG,0.42,0.42,sl,-0.004,0,0.7385,6
2023-05-11 16:00:00,LONG,0.42,0.42,tp,0.004,1,0.7575,6
2023-05-12 04:00:00,SHORT,0.42,0.42,sl,-0.003991,0,0.7885,6
2023-05-12 08:00:00,SHORT,0.43,0.43,tp,0.004025,1,0.7154,6
2023-05-12 12:00:00,LONG,0.42,0.42,sl,-0.004,0,0.6847,6
2023-05-12 20:00:00,SHORT,0.43,0.43,tp,0.004025,1,0.6967,6
2023-05-15 00:00:00,LONG,0.43,0.43,tp,0.004,1,0.6788,6
2023-05-15 04:00:00,LONG,0.43,0.43,tp,0.004,1,0.7262,6
2023-05-16 00:00:00,LONG,0.42,0.43,tp,0.004,1,0.6519,6
2023-05-16 20:00:00,LONG,0.44,0.44,tp,0.004,1,0.8186,6
2023-05-17 00:00:00,LONG,0.46,0.46,sl,-0.004,0,0.8631,6
2023-05-17 04:00:00,LONG,0.45,0.45,sl,-0.004,0,0.8294,6
2023-05-17 08:00:00,LONG,0.45,0.45,tp,0.004,1,0.8326,6
2023-05-17 12:00:00,LONG,0.44,0.44,tp,0.004,1,0.8269,6
2023-05-17 16:00:00,LONG,0.45,0.45,sl,-0.004,0,0.7664,6
2023-05-17 20:00:00,SHORT,0.45,0.45,tp,0.004025,1,0.801,6
2023-05-18 00:00:00,SHORT,0.45,0.45,tp,0.004025,1,0.7453,6
2023-05-18 04:00:00,SHORT,0.45,0.45,tp,0.004025,1,0.7574,6
2023-05-18 08:00:00,LONG,0.47,0.47,tp,0.004,1,0.8266,6
2023-05-18 12:00:00,LONG,0.46,0.46,tp,0.004,1,0.8139,6
2023-05-18 16:00:00,SHORT,0.46,0.46,sl,-0.003991,0,0.7438,6
2023-05-18 20:00:00,SHORT,0.46,0.46,sl,-0.003991,0,0.7669,6
2023-05-19 00:00:00,SHORT,0.47,0.46,tp,0.004025,1,0.7585,6
2023-05-19 04:00:00,SHORT,0.46,0.46,sl,-0.003991,0,0.7733,6
2023-05-19 08:00:00,SHORT,0.46,0.46,sl,-0.003991,0,0.7785,6
2023-05-19 12:00:00,LONG,0.47,0.47,tp,0.004,1,0.8043,6
2023-05-19 16:00:00,SHORT,0.47,0.47,sl,-0.003991,0,0.7905,6
2023-05-19 20:00:00,SHORT,0.47,0.46,tp,0.004025,1,0.7723,6
2023-05-20 16:00:00,SHORT,0.47,0.47,sl,-0.003991,0,0.6851,6
2023-05-20 20:00:00,SHORT,0.47,0.47,sl,-0.003991,0,0.7072,6
2023-05-21 00:00:00,SHORT,0.47,0.47,sl,-0.003991,0,0.6952,6
2023-05-21 04:00:00,SHORT,0.47,0.47,tp,0.004025,1,0.7397,6
2023-05-21 08:00:00,SHORT,0.47,0.46,tp,0.004025,1,0.6669,6
2023-05-22 00:00:00,LONG,0.46,0.46,tp,0.004,1,0.6943,6
2023-05-22 04:00:00,SHORT,0.46,0.46,tp,0.004025,1,0.6589,6
2023-05-22 08:00:00,SHORT,0.46,0.46,tp,0.004025,1,0.6527,6
2023-05-23 00:00:00,SHORT,0.46,0.46,tp,0.004025,1,0.7326,6
2023-05-23 16:00:00,SHORT,0.46,0.46,sl,-0.003991,0,0.6535,6
2023-05-23 20:00:00,SHORT,0.46,0.46,tp,0.004025,1,0.7307,6
2023-05-24 12:00:00,LONG,0.45,0.45,tp,0.004,1,0.6832,6
2023-05-25 12:00:00,LONG,0.45,0.45,tp,0.004,1,0.665,6
2023-05-26 00:00:00,SHORT,0.46,0.46,tp,0.004025,1,0.7132,6
2023-05-26 08:00:00,SHORT,0.47,0.46,tp,0.004025,1,0.6929,6
2023-05-26 12:00:00,SHORT,0.46,0.46,tp,0.004025,1,0.6528,6
2023-05-26 16:00:00,SHORT,0.47,0.47,sl,-0.003991,0,0.6723,6
2023-05-26 20:00:00,SHORT,0.47,0.47,tp,0.004025,1,0.7404,6
2023-05-27 00:00:00,SHORT,0.47,0.47,tp,0.004025,1,0.7472,6
2023-05-27 04:00:00,SHORT,0.47,0.47,tp,0.004025,1,0.6849,6
2023-05-27 08:00:00,SHORT,0.47,0.47,tp,0.004025,1,0.7383,6
2023-05-27 12:00:00,SHORT,0.47,0.47,sl,-0.003991,0,0.6833,6
2023-05-27 16:00:00,SHORT,0.47,0.47,sl,-0.003991,0,0.6906,6
2023-05-27 20:00:00,SHORT,0.47,0.47,sl,-0.003991,0,0.7606,6
2023-05-28 00:00:00,SHORT,0.47,0.47,sl,-0.003991,0,0.7216,6
2023-05-28 04:00:00,SHORT,0.47,0.47,sl,-0.003991,0,0.722,6
2023-05-28 08:00:00,SHORT,0.47,0.47,sl,-0.003991,0,0.6653,6
2023-05-28 16:00:00,SHORT,0.48,0.48,sl,-0.003991,0,0.6524,6
2023-05-28 20:00:00,SHORT,0.48,0.48,sl,-0.003991,0,0.6954,6
2023-05-29 00:00:00,SHORT,0.48,0.48,tp,0.004025,1,0.7341,6
2023-05-29 04:00:00,SHORT,0.48,0.48,tp,0.004025,1,0.7168,6
2023-05-29 08:00:00,SHORT,0.48,0.48,sl,-0.003991,0,0.7151,6
2023-05-29 16:00:00,SHORT,0.48,0.49,sl,-0.003991,0,0.6897,6
2023-05-29 20:00:00,SHORT,0.49,0.49,tp,0.004025,1,0.7689,6
2023-05-30 00:00:00,SHORT,0.5,0.5,sl,-0.003991,0,0.7109,6
2023-05-30 04:00:00,SHORT,0.5,0.5,tp,0.004025,1,0.7377,6
2023-05-30 08:00:00,SHORT,0.5,0.5,tp,0.004025,1,0.7391,6
2023-05-30 12:00:00,SHORT,0.5,0.51,sl,-0.003991,0,0.7159,6
2023-05-30 16:00:00,LONG,0.52,0.52,tp,0.004,1,0.8352,6
2023-05-30 20:00:00,SHORT,0.52,0.52,tp,0.004025,1,0.767,6
2023-05-31 00:00:00,SHORT,0.53,0.52,tp,0.004025,1,0.7905,6
2023-05-31 04:00:00,LONG,0.51,0.51,tp,0.004,1,0.811,6
2023-05-31 08:00:00,SHORT,0.51,0.51,tp,0.004025,1,0.7942,6
2023-05-31 12:00:00,LONG,0.51,0.51,tp,0.004,1,0.7885,6
2023-05-31 16:00:00,SHORT,0.51,0.52,sl,-0.003991,0,0.7421,6
2023-05-31 20:00:00,SHORT,0.52,0.51,tp,0.004025,1,0.7953,6
2023-06-01 00:00:00,LONG,0.51,0.51,sl,-0.004,0,0.7717,6
2023-06-01 04:00:00,SHORT,0.5,0.51,sl,-0.003991,0,0.681,6
2023-06-01 08:00:00,LONG,0.51,0.51,tp,0.004,1,0.706,6
2023-06-01 12:00:00,LONG,0.51,0.51,tp,0.004,1,0.6971,6
2023-06-01 16:00:00,LONG,0.51,0.51,sl,-0.004,0,0.7197,6
2023-06-01 20:00:00,LONG,0.51,0.51,tp,0.004,1,0.6734,6
2023-06-02 00:00:00,SHORT,0.52,0.52,sl,-0.003991,0,0.7982,6
2023-06-02 04:00:00,SHORT,0.52,0.51,tp,0.004025,1,0.7331,6
2023-06-02 08:00:00,SHORT,0.51,0.52,sl,-0.003991,0,0.7093,6
2023-06-02 12:00:00,SHORT,0.52,0.52,sl,-0.003991,0,0.7158,6
2023-06-02 16:00:00,SHORT,0.53,0.52,tp,0.004025,1,0.7404,6
2023-06-02 20:00:00,SHORT,0.52,0.52,tp,0.004025,1,0.7423,6
2023-06-03 00:00:00,SHORT,0.52,0.52,sl,-0.003991,0,0.7407,6
2023-06-03 04:00:00,SHORT,0.52,0.52,tp,0.004025,1,0.7346,6
2023-06-03 08:00:00,SHORT,0.52,0.52,tp,0.004025,1,0.7009,6
2023-06-03 12:00:00,SHORT,0.52,0.52,tp,0.004025,1,0.6768,6
2023-06-03 16:00:00,SHORT,0.52,0.52,sl,-0.003991,0,0.6526,6
2023-06-04 04:00:00,SHORT,0.53,0.52,tp,0.004025,1,0.7387,6
2023-06-04 08:00:00,SHORT,0.52,0.53,sl,-0.003991,0,0.6877,6
2023-06-04 12:00:00,SHORT,0.54,0.53,tp,0.004025,1,0.6918,6
2023-06-04 20:00:00,LONG,0.54,0.54,tp,0.004,1,0.6527,6
2023-06-05 00:00:00,LONG,0.53,0.53,tp,0.004,1,0.6893,6
2023-06-05 04:00:00,SHORT,0.53,0.53,tp,0.004025,1,0.6922,6
2023-06-05 08:00:00,SHORT,0.53,0.53,tp,0.004025,1,0.6728,6
2023-06-05 12:00:00,LONG,0.5,0.51,tp,0.004,1,0.8424,6
2023-06-05 16:00:00,LONG,0.5,0.51,tp,0.004,1,0.857,6
2023-06-05 20:00:00,LONG,0.51,0.51,sl,-0.004,0,0.8299,6
2023-06-06 00:00:00,LONG,0.51,0.51,tp,0.004,1,0.8066,6
2023-06-06 04:00:00,LONG,0.51,0.51,tp,0.004,1,0.7726,6
2023-06-06 08:00:00,LONG,0.51,0.51,tp,0.004,1,0.785,6
2023-06-06 12:00:00,LONG,0.51,0.51,tp,0.004,1,0.7334,6
2023-06-06 16:00:00,SHORT,0.53,0.53,tp,0.004025,1,0.8381,6
2023-06-06 20:00:00,SHORT,0.53,0.53,tp,0.004025,1,0.7946,6
2023-06-07 00:00:00,SHORT,0.53,0.53,sl,-0.003991,0,0.7645,6
2023-06-07 04:00:00,SHORT,0.53,0.52,tp,0.004025,1,0.779,6
2023-06-07 08:00:00,SHORT,0.53,0.53,tp,0.004025,1,0.809,6
2023-06-07 12:00:00,LONG,0.52,0.52,sl,-0.004,0,0.8153,6
2023-06-07 16:00:00,SHORT,0.52,0.52,tp,0.004025,1,0.7361,6
2023-06-07 20:00:00,SHORT,0.52,0.52,sl,-0.003991,0,0.7487,6
2023-06-08 00:00:00,SHORT,0.52,0.52,sl,-0.003991,0,0.653,6
2023-06-08 04:00:00,SHORT,0.52,0.52,tp,0.004025,1,0.6666,6
2023-06-08 08:00:00,LONG,0.52,0.52,tp,0.004,1,0.7172,6
2023-06-08 12:00:00,SHORT,0.52,0.52,tp,0.004025,1,0.6972,6
2023-06-08 16:00:00,SHORT,0.52,0.52,sl,-0.003991,0,0.6574,6
2023-06-08 20:00:00,SHORT,0.52,0.52,sl,-0.003991,0,0.7026,6
2023-06-09 04:00:00,SHORT,0.52,0.53,sl,-0.003991,0,0.6584,6
2023-06-09 08:00:00,SHORT,0.53,0.53,sl,-0.003991,0,0.7445,6
2023-06-09 12:00:00,SHORT,0.53,0.53,tp,0.004025,1,0.7489,6
2023-06-09 16:00:00,SHORT,0.53,0.53,sl,-0.003991,0,0.7254,6
2023-06-09 20:00:00,SHORT,0.54,0.54,tp,0.004025,1,0.7306,6
2023-06-10 04:00:00,SHORT,0.49,0.49,tp,0.004025,1,0.8808,6
2023-06-10 08:00:00,LONG,0.5,0.49,sl,-0.004,0,0.8689,6
2023-06-10 12:00:00,LONG,0.49,0.49,tp,0.004,1,0.848,6
2023-06-10 16:00:00,LONG,0.51,0.51,tp,0.004,1,0.8687,6
2023-06-10 20:00:00,LONG,0.51,0.51,sl,-0.004,0,0.8103,6
2023-06-11 00:00:00,SHORT,0.51,0.5,tp,0.004025,1,0.663,6
2023-06-11 04:00:00,SHORT,0.51,0.51,sl,-0.003991,0,0.7103,6
2023-06-11 08:00:00,SHORT,0.51,0.51,tp,0.004025,1,0.7435,6
2023-06-11 12:00:00,SHORT,0.51,0.51,sl,-0.003991,0,0.7585,6
2023-06-11 16:00:00,SHORT,0.52,0.52,tp,0.004025,1,0.804,6
2023-06-11 20:00:00,SHORT,0.52,0.52,tp,0.004025,1,0.7931,6
2023-06-12 00:00:00,LONG,0.51,0.52,tp,0.004,1,0.7376,6
2023-06-12 04:00:00,SHORT,0.51,0.51,sl,-0.003991,0,0.7253,6
2023-06-12 08:00:00,LONG,0.52,0.52,sl,-0.004,0,0.708,6
2023-06-12 12:00:00,LONG,0.51,0.52,tp,0.004,1,0.7274,6
2023-06-12 16:00:00,SHORT,0.52,0.52,sl,-0.003991,0,0.7099,6
2023-06-12 20:00:00,SHORT,0.52,0.52,tp,0.004025,1,0.6988,6
2023-06-13 00:00:00,SHORT,0.53,0.53,sl,-0.003991,0,0.7113,6
2023-06-13 04:00:00,SHORT,0.53,0.53,tp,0.004025,1,0.742,6
2023-06-13 08:00:00,LONG,0.56,0.56,sl,-0.004,0,0.8842,6
2023-06-13 12:00:00,SHORT,0.51,0.51,sl,-0.003991,0,0.8856,6
2023-06-13 16:00:00,LONG,0.52,0.52,tp,0.004,1,0.8133,6
2023-06-13 20:00:00,LONG,0.52,0.52,sl,-0.004,0,0.8269,6
2023-06-14 00:00:00,LONG,0.51,0.51,sl,-0.004,0,0.7841,6
2023-06-14 04:00:00,LONG,0.5,0.5,tp,0.004,1,0.8672,6
2023-06-14 08:00:00,LONG,0.51,0.51,sl,-0.004,0,0.8417,6
2023-06-14 12:00:00,LONG,0.5,0.51,tp,0.004,1,0.8386,6
2023-06-14 16:00:00,LONG,0.5,0.5,sl,-0.004,0,0.829,6
2023-06-14 20:00:00,SHORT,0.48,0.48,tp,0.004025,1,0.9204,6
2023-06-15 00:00:00,LONG,0.48,0.48,tp,0.004,1,0.8654,6
2023-06-15 04:00:00,LONG,0.47,0.47,tp,0.004,1,0.8557,6
2023-06-15 08:00:00,LONG,0.48,0.48,tp,0.004,1,0.8814,6
2023-06-15 12:00:00,LONG,0.47,0.48,tp,0.004,1,0.9027,6
2023-06-15 16:00:00,LONG,0.48,0.48,tp,0.004,1,0.8504,6
2023-06-15 20:00:00,SHORT,0.48,0.48,tp,0.004025,1,0.7573,6
2023-06-16 00:00:00,SHORT,0.48,0.48,tp,0.004025,1,0.6912,6
2023-06-16 04:00:00,LONG,0.48,0.48,sl,-0.004,0,0.7453,6
2023-06-16 08:00:00,LONG,0.46,0.47,tp,0.004,1,0.868,6
2023-06-16 12:00:00,LONG,0.47,0.47,tp,0.004,1,0.8038,6
2023-06-16 16:00:00,LONG,0.47,0.48,tp,0.004,1,0.8275,6
2023-06-16 20:00:00,SHORT,0.48,0.47,tp,0.004025,1,0.7427,6
2023-06-17 00:00:00,LONG,0.47,0.47,tp,0.004,1,0.6675,6
2023-06-17 04:00:00,SHORT,0.48,0.48,tp,0.004025,1,0.7857,6
2023-06-17 08:00:00,SHORT,0.48,0.48,tp,0.004025,1,0.7099,6
2023-06-17 12:00:00,SHORT,0.48,0.48,sl,-0.003991,0,0.6854,6
2023-06-17 16:00:00,SHORT,0.48,0.48,sl,-0.003991,0,0.6669,6
2023-06-17 20:00:00,LONG,0.48,0.48,tp,0.004,1,0.6881,6
2023-06-18 04:00:00,SHORT,0.48,0.48,sl,-0.003991,0,0.724,6
2023-06-18 08:00:00,SHORT,0.49,0.48,tp,0.004025,1,0.7292,6
2023-06-18 12:00:00,SHORT,0.49,0.49,tp,0.004025,1,0.7926,6
2023-06-18 16:00:00,SHORT,0.49,0.49,tp,0.004025,1,0.7814,6
2023-06-18 20:00:00,LONG,0.49,0.49,tp,0.004,1,0.706,6
2023-06-19 00:00:00,SHORT,0.49,0.49,sl,-0.003991,0,0.7228,6
2023-06-19 04:00:00,SHORT,0.49,0.49,tp,0.004025,1,0.7174,6
2023-06-19 08:00:00,SHORT,0.49,0.49,tp,0.004025,1,0.6923,6
2023-06-19 16:00:00,LONG,0.5,0.49,sl,-0.004,0,0.76,6
2023-06-19 20:00:00,SHORT,0.49,0.49,tp,0.004025,1,0.7228,6
2023-06-20 04:00:00,SHORT,0.49,0.48,tp,0.004025,1,0.6844,6
2023-06-20 08:00:00,SHORT,0.48,0.48,tp,0.004025,1,0.6927,6
2023-06-20 12:00:00,LONG,0.48,0.48,tp,0.004,1,0.789,6
2023-06-20 16:00:00,LONG,0.49,0.49,tp,0.004,1,0.7305,6
2023-06-20 20:00:00,SHORT,0.49,0.49,tp,0.004025,1,0.7063,6
2023-06-21 00:00:00,SHORT,0.5,0.49,tp,0.004025,1,0.7412,6
2023-06-21 04:00:00,SHORT,0.5,0.49,tp,0.004025,1,0.7451,6
2023-06-21 08:00:00,SHORT,0.49,0.49,tp,0.004025,1,0.6988,6
2023-06-21 12:00:00,SHORT,0.49,0.49,tp,0.004025,1,0.7009,6
2023-06-21 16:00:00,SHORT,0.5,0.5,tp,0.004025,1,0.7171,6
2023-06-21 20:00:00,SHORT,0.5,0.5,sl,-0.003991,0,0.7743,6
2023-06-22 00:00:00,LONG,0.52,0.52,sl,-0.004,0,0.822,6
2023-06-22 04:00:00,SHORT,0.51,0.51,tp,0.004025,1,0.7675,6
2023-06-22 08:00:00,LONG,0.49,0.5,tp,0.004,1,0.7962,6
2023-06-22 12:00:00,LONG,0.49,0.5,tp,0.004,1,0.7867,6
2023-06-22 16:00:00,SHORT,0.5,0.5,tp,0.004025,1,0.7271,6
2023-06-22 20:00:00,SHORT,0.49,0.5,sl,-0.003991,0,0.7451,6
2023-06-23 00:00:00,SHORT,0.5,0.5,tp,0.004025,1,0.7021,6
2023-06-23 04:00:00,LONG,0.49,0.49,tp,0.004,1,0.772,6
2023-06-23 08:00:00,SHORT,0.49,0.49,tp,0.004025,1,0.7281,6
2023-06-23 12:00:00,SHORT,0.5,0.5,tp,0.004025,1,0.7303,6
2023-06-23 16:00:00,LONG,0.5,0.5,sl,-0.004,0,0.7253,6
2023-06-23 20:00:00,SHORT,0.5,0.49,tp,0.004025,1,0.7298,6
2023-06-24 00:00:00,SHORT,0.49,0.49,tp,0.004025,1,0.6623,6
2023-06-24 04:00:00,LONG,0.49,0.49,tp,0.004,1,0.6958,6
2023-06-24 12:00:00,SHORT,0.48,0.48,tp,0.004025,1,0.75,6
2023-06-24 16:00:00,LONG,0.49,0.49,sl,-0.004,0,0.6863,6
2023-06-24 20:00:00,LONG,0.49,0.49,tp,0.004,1,0.6643,6
2023-06-25 08:00:00,SHORT,0.49,0.49,tp,0.004025,1,0.6765,6
2023-06-25 12:00:00,SHORT,0.49,0.49,tp,0.004025,1,0.6624,6
2023-06-26 08:00:00,SHORT,0.48,0.48,tp,0.004025,1,0.6543,6
2023-06-26 16:00:00,LONG,0.48,0.48,sl,-0.004,0,0.7202,6
2023-06-27 04:00:00,LONG,0.48,0.48,tp,0.004,1,0.6741,6
2023-06-27 12:00:00,LONG,0.48,0.48,tp,0.004,1,0.6718,6
2023-06-28 04:00:00,LONG,0.47,0.48,tp,0.004,1,0.7547,6
2023-06-28 16:00:00,LONG,0.46,0.46,tp,0.004,1,0.7951,6
2023-06-28 20:00:00,LONG,0.46,0.47,tp,0.004,1,0.7663,6
2023-07-01 00:00:00,SHORT,0.47,0.47,tp,0.004025,1,0.695,7
2023-07-01 04:00:00,SHORT,0.47,0.47,sl,-0.003991,0,0.7196,7
2023-07-01 08:00:00,SHORT,0.47,0.47,sl,-0.003991,0,0.6604,7
2023-07-01 12:00:00,SHORT,0.47,0.47,sl,-0.003991,0,0.6886,7
2023-07-01 20:00:00,SHORT,0.47,0.47,tp,0.004025,1,0.6763,7
2023-07-02 00:00:00,SHORT,0.49,0.49,tp,0.004025,1,0.8479,7
2023-07-02 04:00:00,SHORT,0.48,0.48,tp,0.004025,1,0.7389,7
2023-07-02 08:00:00,SHORT,0.48,0.48,tp,0.004025,1,0.7444,7
2023-07-02 12:00:00,LONG,0.48,0.49,tp,0.004,1,0.8044,7
2023-07-02 16:00:00,LONG,0.48,0.48,sl,-0.004,0,0.7014,7
2023-07-02 20:00:00,SHORT,0.48,0.48,tp,0.004025,1,0.7479,7
2023-07-03 04:00:00,LONG,0.48,0.48,tp,0.004,1,0.7178,7
2023-07-03 08:00:00,SHORT,0.49,0.48,tp,0.004025,1,0.7291,7
2023-07-03 12:00:00,LONG,0.49,0.49,tp,0.004,1,0.696,7
2023-07-03 16:00:00,LONG,0.49,0.49,sl,-0.004,0,0.7374,7
2023-07-03 20:00:00,SHORT,0.49,0.49,tp,0.004025,1,0.6631,7
2023-07-04 00:00:00,SHORT,0.49,0.49,tp,0.004025,1,0.684,7
2023-07-05 00:00:00,SHORT,0.49,0.49,tp,0.004025,1,0.7327,7
2023-07-05 04:00:00,SHORT,0.49,0.49,tp,0.004025,1,0.6509,7
2023-07-05 08:00:00,SHORT,0.48,0.48,tp,0.004025,1,0.7787,7
2023-07-05 12:00:00,SHORT,0.47,0.47,sl,-0.003991,0,0.7257,7
2023-07-05 20:00:00,SHORT,0.48,0.48,tp,0.004025,1,0.6912,7
2023-07-06 08:00:00,LONG,0.48,0.47,sl,-0.004,0,0.6914,7
2023-07-06 12:00:00,LONG,0.47,0.47,sl,-0.004,0,0.7056,7
2023-07-06 16:00:00,LONG,0.47,0.47,tp,0.004,1,0.6862,7
2023-07-06 20:00:00,LONG,0.46,0.46,tp,0.004,1,0.7564,7
2023-07-07 04:00:00,LONG,0.46,0.47,tp,0.004,1,0.6726,7
2023-07-07 12:00:00,LONG,0.47,0.47,sl,-0.004,0,0.6612,7
2023-07-07 20:00:00,SHORT,0.47,0.47,tp,0.004025,1,0.6873,7
2023-07-08 20:00:00,SHORT,0.47,0.47,sl,-0.003991,0,0.6773,7
2023-07-09 04:00:00,SHORT,0.47,0.47,tp,0.004025,1,0.6609,7
2023-07-09 20:00:00,SHORT,0.47,0.47,tp,0.004025,1,0.6583,7
2023-07-10 00:00:00,LONG,0.47,0.47,tp,0.004,1,0.7114,7
2023-07-10 08:00:00,LONG,0.47,0.47,tp,0.004,1,0.741,7
2023-07-10 12:00:00,SHORT,0.47,0.47,sl,-0.003991,0,0.6649,7
2023-07-10 16:00:00,LONG,0.48,0.48,sl,-0.004,0,0.7377,7
2023-07-10 20:00:00,SHORT,0.48,0.48,tp,0.004025,1,0.6675,7
2023-07-12 08:00:00,SHORT,0.47,0.47,tp,0.004025,1,0.6663,7
2023-07-13 12:00:00,SHORT,0.59,0.59,tp,0.004025,1,0.9449,7
2023-07-13 16:00:00,LONG,0.82,0.83,tp,0.004,1,0.9533,7
2023-07-13 20:00:00,SHORT,0.81,0.81,tp,0.004025,1,0.9534,7
2023-07-14 00:00:00,SHORT,0.78,0.78,tp,0.004025,1,0.9448,7
2023-07-14 04:00:00,LONG,0.77,0.77,tp,0.004,1,0.9583,7
2023-07-14 08:00:00,LONG,0.8,0.8,sl,-0.004,0,0.9541,7
2023-07-14 12:00:00,LONG,0.78,0.78,tp,0.004,1,0.9504,7
2023-07-14 16:00:00,LONG,0.7,0.7,tp,0.004,1,0.973,7
2023-07-14 20:00:00,LONG,0.72,0.72,tp,0.004,1,0.9618,7
2023-07-15 00:00:00,LONG,0.72,0.72,tp,0.004,1,0.9568,7
2023-07-15 04:00:00,LONG,0.73,0.73,tp,0.004,1,0.9455,7
2023-07-15 08:00:00,LONG,0.72,0.72,tp,0.004,1,0.9536,7
2023-07-15 12:00:00,LONG,0.72,0.73,tp,0.004,1,0.9587,7
2023-07-15 16:00:00,SHORT,0.72,0.72,tp,0.004025,1,0.8815,7
2023-07-15 20:00:00,SHORT,0.71,0.71,tp,0.004025,1,0.8836,7
2023-07-16 00:00:00,LONG,0.71,0.72,tp,0.004,1,0.8499,7
2023-07-16 04:00:00,LONG,0.72,0.72,tp,0.004,1,0.8382,7
2023-07-16 08:00:00,SHORT,0.75,0.75,tp,0.004025,1,0.923,7
2023-07-16 12:00:00,SHORT,0.77,0.77,tp,0.004025,1,0.9189,7
2023-07-16 16:00:00,LONG,0.74,0.75,tp,0.004,1,0.927,7
2023-07-16 20:00:00,SHORT,0.75,0.74,tp,0.004025,1,0.8745,7
2023-07-17 00:00:00,SHORT,0.76,0.75,tp,0.004025,1,0.8537,7
2023-07-17 04:00:00,SHORT,0.75,0.75,tp,0.004025,1,0.8225,7
2023-07-17 08:00:00,SHORT,0.74,0.73,tp,0.004025,1,0.8891,7
2023-07-17 12:00:00,SHORT,0.74,0.73,tp,0.004025,1,0.8118,7
2023-07-17 16:00:00,SHORT,0.73,0.74,sl,-0.003991,0,0.8473,7
2023-07-17 20:00:00,SHORT,0.74,0.74,sl,-0.003991,0,0.8041,7
2023-07-18 00:00:00,SHORT,0.74,0.73,tp,0.004025,1,0.749,7
2023-07-18 04:00:00,SHORT,0.74,0.74,tp,0.004025,1,0.7406,7
2023-07-18 08:00:00,SHORT,0.75,0.74,tp,0.004025,1,0.8636,7
2023-07-18 12:00:00,SHORT,0.76,0.75,tp,0.004025,1,0.813,7
2023-07-18 16:00:00,SHORT,0.76,0.76,tp,0.004025,1,0.7181,7
2023-07-18 20:00:00,SHORT,0.78,0.77,tp,0.004025,1,0.8281,7
2023-07-19 00:00:00,LONG,0.8,0.8,tp,0.004,1,0.8061,7
2023-07-19 04:00:00,SHORT,0.79,0.78,tp,0.004025,1,0.8051,7
2023-07-19 08:00:00,SHORT,0.79,0.8,sl,-0.003991,0,0.8241,7
2023-07-19 12:00:00,SHORT,0.8,0.8,tp,0.004025,1,0.7901,7
2023-07-19 16:00:00,SHORT,0.83,0.83,tp,0.004025,1,0.8478,7
2023-07-19 20:00:00,SHORT,0.82,0.82,sl,-0.003991,0,0.8222,7
2023-07-20 00:00:00,SHORT,0.83,0.83,tp,0.004025,1,0.8447,7
2023-07-20 04:00:00,LONG,0.82,0.82,tp,0.004,1,0.8408,7
2023-07-20 08:00:00,SHORT,0.81,0.8,tp,0.004025,1,0.809,7
2023-07-20 12:00:00,LONG,0.79,0.79,tp,0.004,1,0.9083,7
2023-07-20 16:00:00,LONG,0.79,0.8,tp,0.004,1,0.845,7
2023-07-20 20:00:00,SHORT,0.79,0.79,tp,0.004025,1,0.8651,7
2023-07-21 00:00:00,LONG,0.79,0.79,sl,-0.004,0,0.7555,7
2023-07-21 04:00:00,LONG,0.78,0.78,sl,-0.004,0,0.8489,7
2023-07-21 08:00:00,SHORT,0.77,0.78,sl,-0.003991,0,0.8314,7
2023-07-21 12:00:00,SHORT,0.78,0.77,tp,0.004025,1,0.8051,7
2023-07-21 16:00:00,SHORT,0.78,0.78,tp,0.004025,1,0.7157,7
2023-07-21 20:00:00,LONG,0.77,0.78,tp,0.004,1,0.765,7
2023-07-22 08:00:00,SHORT,0.77,0.77,tp,0.004025,1,0.7006,7
2023-07-22 12:00:00,SHORT,0.77,0.76,tp,0.004025,1,0.7296,7
2023-07-22 16:00:00,LONG,0.75,0.75,tp,0.004,1,0.7923,7
2023-07-22 20:00:00,LONG,0.73,0.74,tp,0.004,1,0.8388,7
2023-07-23 00:00:00,LONG,0.74,0.74,tp,0.004,1,0.7918,7
2023-07-23 04:00:00,LONG,0.74,0.74,tp,0.004,1,0.6789,7
2023-07-23 08:00:00,LONG,0.74,0.74,sl,-0.004,0,0.7424,7
2023-07-23 12:00:00,LONG,0.74,0.74,tp,0.004,1,0.7614,7
2023-07-23 16:00:00,LONG,0.74,0.74,tp,0.004,1,0.7695,7
2023-07-23 20:00:00,LONG,0.74,0.74,tp,0.004,1,0.7175,7
2023-07-24 00:00:00,LONG,0.73,0.73,tp,0.004,1,0.7247,7
2023-07-24 04:00:00,LONG,0.72,0.72,sl,-0.004,0,0.7445,7
2023-07-24 08:00:00,LONG,0.69,0.7,tp,0.004,1,0.9121,7
2023-07-24 12:00:00,LONG,0.69,0.7,tp,0.004,1,0.8875,7
2023-07-24 16:00:00,LONG,0.7,0.71,tp,0.004,1,0.7899,7
2023-07-24 20:00:00,LONG,0.7,0.7,sl,-0.004,0,0.7605,7
2023-07-25 04:00:00,LONG,0.68,0.68,tp,0.004,1,0.855,7
2023-07-25 08:00:00,SHORT,0.69,0.69,sl,-0.003991,0,0.7279,7
2023-07-25 12:00:00,LONG,0.7,0.7,tp,0.004,1,0.7723,7
2023-07-25 16:00:00,LONG,0.7,0.7,tp,0.004,1,0.6877,7
2023-07-25 20:00:00,SHORT,0.71,0.71,tp,0.004025,1,0.8201,7
2023-07-26 00:00:00,SHORT,0.71,0.71,tp,0.004025,1,0.7388,7
2023-07-26 04:00:00,SHORT,0.7,0.7,tp,0.004025,1,0.7336,7
2023-07-26 08:00:00,LONG,0.7,0.7,tp,0.004,1,0.7441,7
2023-07-26 12:00:00,LONG,0.7,0.71,tp,0.004,1,0.693,7
2023-07-26 16:00:00,SHORT,0.71,0.72,sl,-0.003991,0,0.7056,7
2023-07-26 20:00:00,SHORT,0.72,0.71,tp,0.004025,1,0.7912,7
2023-07-27 00:00:00,SHORT,0.72,0.71,tp,0.004025,1,0.6672,7
2023-07-27 04:00:00,SHORT,0.71,0.71,sl,-0.003991,0,0.6611,7
2023-07-27 08:00:00,SHORT,0.72,0.71,tp,0.004025,1,0.6884,7
2023-07-27 12:00:00,SHORT,0.72,0.72,tp,0.004025,1,0.7249,7
2023-07-27 16:00:00,LONG,0.71,0.71,sl,-0.004,0,0.6772,7
2023-07-27 20:00:00,SHORT,0.71,0.72,sl,-0.003991,0,0.723,7
2023-07-28 04:00:00,SHORT,0.71,0.7,tp,0.004025,1,0.7122,7
2023-07-28 08:00:00,SHORT,0.71,0.71,sl,-0.003991,0,0.6757,7
2023-07-28 12:00:00,SHORT,0.71,0.71,tp,0.004025,1,0.6637,7
2023-07-28 20:00:00,SHORT,0.71,0.71,sl,-0.003991,0,0.6799,7
2023-07-29 08:00:00,SHORT,0.71,0.71,sl,-0.003991,0,0.6561,7
2023-07-30 08:00:00,SHORT,0.72,0.72,tp,0.004025,1,0.7553,7
2023-07-30 12:00:00,SHORT,0.71,0.71,tp,0.004025,1,0.6607,7
2023-07-30 16:00:00,SHORT,0.7,0.7,tp,0.004025,1,0.674,7
2023-07-30 20:00:00,SHORT,0.7,0.71,sl,-0.003991,0,0.6915,7
2023-07-31 08:00:00,SHORT,0.7,0.7,tp,0.004025,1,0.6597,7
2023-07-31 12:00:00,LONG,0.7,0.7,tp,0.004,1,0.7287,7
2023-07-31 16:00:00,LONG,0.72,0.72,tp,0.004,1,0.7839,7
2023-07-31 20:00:00,SHORT,0.7,0.69,tp,0.004025,1,0.778,7
2023-08-01 00:00:00,LONG,0.69,0.69,tp,0.004,1,0.7364,7
2023-08-01 04:00:00,SHORT,0.69,0.69,sl,-0.003991,0,0.7793,7
2023-08-01 08:00:00,LONG,0.69,0.69,tp,0.004,1,0.7616,7
2023-08-01 12:00:00,LONG,0.69,0.7,tp,0.004,1,0.7116,7
2023-08-01 16:00:00,LONG,0.7,0.7,tp,0.004,1,0.6569,7
2023-08-01 20:00:00,SHORT,0.71,0.7,tp,0.004025,1,0.7972,7
2023-08-02 04:00:00,SHORT,0.69,0.7,sl,-0.003991,0,0.7148,7
2023-08-02 08:00:00,SHORT,0.7,0.69,tp,0.004025,1,0.7413,7
2023-08-02 12:00:00,SHORT,0.69,0.68,tp,0.004025,1,0.6966,7
2023-08-02 16:00:00,LONG,0.69,0.69,sl,-0.004,0,0.6646,7
2023-08-02 20:00:00,SHORT,0.68,0.68,tp,0.004025,1,0.754,7
2023-08-03 04:00:00,SHORT,0.67,0.67,tp,0.004025,1,0.7736,7
2023-08-03 08:00:00,SHORT,0.67,0.66,tp,0.004025,1,0.8177,7
2023-08-03 12:00:00,LONG,0.67,0.67,tp,0.004,1,0.7404,7
2023-08-03 16:00:00,LONG,0.67,0.67,sl,-0.004,0,0.6922,7
2023-08-03 20:00:00,LONG,0.66,0.67,tp,0.004,1,0.7586,7
2023-08-04 00:00:00,LONG,0.67,0.66,sl,-0.004,0,0.6521,7
2023-08-04 04:00:00,SHORT,0.66,0.66,sl,-0.003991,0,0.6703,7
2023-08-04 08:00:00,LONG,0.66,0.66,tp,0.004,1,0.6787,7
2023-08-04 12:00:00,LONG,0.66,0.67,tp,0.004,1,0.6595,7
2023-08-04 16:00:00,LONG,0.65,0.65,sl,-0.004,0,0.7341,7
2023-08-04 20:00:00,SHORT,0.64,0.63,tp,0.004025,1,0.8599,7
2023-08-05 00:00:00,LONG,0.62,0.62,sl,-0.004,0,0.8588,7
2023-08-05 04:00:00,LONG,0.62,0.63,tp,0.004,1,0.7965,7
2023-08-05 08:00:00,LONG,0.63,0.63,sl,-0.004,0,0.8197,7
2023-08-05 12:00:00,LONG,0.62,0.63,tp,0.004,1,0.8427,7
2023-08-05 16:00:00,LONG,0.63,0.63,sl,-0.004,0,0.755,7
2023-08-05 20:00:00,LONG,0.63,0.63,tp,0.004,1,0.6634,7
2023-08-06 00:00:00,LONG,0.64,0.63,sl,-0.004,0,0.6844,7
2023-08-06 12:00:00,LONG,0.63,0.63,tp,0.004,1,0.688,7
2023-08-06 16:00:00,LONG,0.63,0.63,tp,0.004,1,0.6744,7
2023-08-06 20:00:00,LONG,0.62,0.63,tp,0.004,1,0.6815,7
2023-08-07 04:00:00,LONG,0.61,0.62,tp,0.004,1,0.7559,7
2023-08-07 08:00:00,LONG,0.62,0.62,sl,-0.004,0,0.6873,7
2023-08-07 12:00:00,LONG,0.62,0.62,tp,0.004,1,0.7394,7
2023-08-07 16:00:00,LONG,0.62,0.62,tp,0.004,1,0.7584,7
2023-08-07 20:00:00,SHORT,0.62,0.62,tp,0.004025,1,0.7102,7
2023-08-08 08:00:00,LONG,0.62,0.63,tp,0.004,1,0.6516,7
2023-08-08 12:00:00,LONG,0.63,0.63,tp,0.004,1,0.6956,7
2023-08-08 16:00:00,LONG,0.64,0.64,tp,0.004,1,0.7655,7
2023-08-08 20:00:00,SHORT,0.64,0.64,tp,0.004025,1,0.7876,7
2023-08-09 00:00:00,SHORT,0.64,0.64,sl,-0.003991,0,0.7113,7
2023-08-09 04:00:00,SHORT,0.64,0.64,tp,0.004025,1,0.7209,7
2023-08-09 08:00:00,SHORT,0.64,0.65,sl,-0.003991,0,0.719,7
2023-08-09 12:00:00,SHORT,0.65,0.65,tp,0.004025,1,0.7856,7
2023-08-09 16:00:00,SHORT,0.66,0.66,tp,0.004025,1,0.7438,7
2023-08-09 20:00:00,SHORT,0.64,0.64,tp,0.004025,1,0.7544,7
2023-08-10 00:00:00,LONG,0.64,0.64,sl,-0.004,0,0.6621,7
2023-08-10 04:00:00,SHORT,0.63,0.63,sl,-0.003991,0,0.7768,7
2023-08-10 08:00:00,SHORT,0.63,0.63,sl,-0.003991,0,0.7285,7
2023-08-10 12:00:00,LONG,0.63,0.63,tp,0.004,1,0.7006,7
2023-08-10 20:00:00,SHORT,0.63,0.63,sl,-0.003991,0,0.6608,7
2023-08-11 08:00:00,SHORT,0.63,0.63,tp,0.004025,1,0.6564,7
2023-08-11 12:00:00,SHORT,0.63,0.63,sl,-0.003991,0,0.6917,7
2023-08-11 20:00:00,SHORT,0.63,0.63,tp,0.004025,1,0.6617,7
2023-08-13 20:00:00,SHORT,0.63,0.63,sl,-0.003991,0,0.6791,7
2023-08-15 04:00:00,SHORT,0.63,0.63,sl,-0.003991,0,0.6716,7
2023-08-15 08:00:00,SHORT,0.63,0.62,tp,0.004025,1,0.6749,7
2023-08-15 16:00:00,SHORT,0.6,0.6,sl,-0.003991,0,0.838,7
2023-08-15 20:00:00,SHORT,0.61,0.61,tp,0.004025,1,0.7768,7
2023-08-16 00:00:00,LONG,0.61,0.61,tp,0.004,1,0.7332,7
2023-08-16 04:00:00,LONG,0.6,0.6,sl,-0.004,0,0.7379,7
2023-08-16 08:00:00,LONG,0.6,0.6,sl,-0.004,0,0.725,7
2023-08-16 12:00:00,LONG,0.59,0.6,tp,0.004,1,0.8043,7
2023-08-16 16:00:00,LONG,0.6,0.59,sl,-0.004,0,0.7146,7
2023-08-16 20:00:00,SHORT,0.59,0.59,tp,0.004025,1,0.8455,7
2023-08-17 00:00:00,LONG,0.59,0.59,sl,-0.004,0,0.7178,7
2023-08-17 04:00:00,LONG,0.59,0.59,sl,-0.004,0,0.6541,7
2023-08-17 08:00:00,LONG,0.58,0.59,tp,0.004,1,0.796,7
2023-08-17 12:00:00,LONG,0.58,0.58,tp,0.004,1,0.8311,7
2023-08-17 16:00:00,LONG,0.58,0.57,sl,-0.004,0,0.8087,7
2023-08-17 20:00:00,SHORT,0.51,0.5,tp,0.004025,1,0.9407,7
2023-08-18 00:00:00,LONG,0.49,0.5,tp,0.004,1,0.9505,7
2023-08-18 04:00:00,LONG,0.51,0.51,tp,0.004,1,0.9358,7
2023-08-18 08:00:00,LONG,0.51,0.51,tp,0.004,1,0.9379,7
2023-08-18 12:00:00,LONG,0.5,0.51,tp,0.004,1,0.9305,7
2023-08-18 16:00:00,LONG,0.5,0.5,tp,0.004,1,0.9278,7
2023-08-18 20:00:00,SHORT,0.51,0.5,tp,0.004025,1,0.8893,7
2023-08-19 00:00:00,SHORT,0.51,0.5,tp,0.004025,1,0.8323,7
2023-08-19 04:00:00,SHORT,0.51,0.51,sl,-0.003991,0,0.826,7
2023-08-19 08:00:00,LONG,0.5,0.51,tp,0.004,1,0.8435,7
2023-08-19 12:00:00,LONG,0.52,0.52,sl,-0.004,0,0.8888,7
2023-08-19 16:00:00,SHORT,0.52,0.52,tp,0.004025,1,0.8202,7
2023-08-19 20:00:00,SHORT,0.52,0.52,tp,0.004025,1,0.801,7
2023-08-20 00:00:00,LONG,0.52,0.52,tp,0.004,1,0.7252,7
2023-08-20 04:00:00,SHORT,0.53,0.53,tp,0.004025,1,0.8098,7
2023-08-20 08:00:00,LONG,0.55,0.55,tp,0.004,1,0.8767,7
2023-08-20 12:00:00,LONG,0.54,0.54,tp,0.004,1,0.8299,7
2023-08-20 16:00:00,SHORT,0.54,0.54,tp,0.004025,1,0.7833,7
2023-08-20 20:00:00,SHORT,0.54,0.54,tp,0.004025,1,0.7769,7
2023-08-21 00:00:00,LONG,0.53,0.53,sl,-0.004,0,0.7607,7
2023-08-21 04:00:00,LONG,0.52,0.52,tp,0.004,1,0.8026,7
2023-08-21 08:00:00,SHORT,0.53,0.52,tp,0.004025,1,0.7721,7
2023-08-21 12:00:00,SHORT,0.51,0.51,sl,-0.003991,0,0.853,7
2023-08-21 16:00:00,LONG,0.52,0.52,tp,0.004,1,0.8262,7
2023-08-21 20:00:00,LONG,0.52,0.52,sl,-0.004,0,0.8106,7
2023-08-22 00:00:00,LONG,0.52,0.52,sl,-0.004,0,0.7434,7
2023-08-22 04:00:00,LONG,0.52,0.52,sl,-0.004,0,0.7073,7
2023-08-22 08:00:00,SHORT,0.52,0.51,tp,0.004025,1,0.742,7
2023-08-22 12:00:00,SHORT,0.51,0.51,tp,0.004025,1,0.7489,7
2023-08-22 16:00:00,LONG,0.51,0.51,tp,0.004,1,0.7587,7
2023-08-22 20:00:00,SHORT,0.52,0.52,tp,0.004025,1,0.7874,7
2023-08-23 00:00:00,LONG,0.52,0.52,tp,0.004,1,0.6725,7
2023-08-23 04:00:00,SHORT,0.52,0.52,sl,-0.003991,0,0.6936,7
2023-08-23 08:00:00,LONG,0.52,0.52,tp,0.004,1,0.7262,7
2023-08-23 12:00:00,SHORT,0.52,0.52,sl,-0.003991,0,0.7145,7
2023-08-23 16:00:00,LONG,0.53,0.53,sl,-0.004,0,0.7762,7
2023-08-23 20:00:00,SHORT,0.53,0.53,tp,0.004025,1,0.7733,7
2023-08-24 00:00:00,SHORT,0.53,0.53,sl,-0.003991,0,0.6755,7
2023-08-24 04:00:00,SHORT,0.53,0.53,tp,0.004025,1,0.6559,7
2023-08-24 08:00:00,LONG,0.52,0.52,sl,-0.004,0,0.6745,7
2023-08-24 12:00:00,LONG,0.52,0.52,tp,0.004,1,0.7201,7
2023-08-24 16:00:00,LONG,0.52,0.52,tp,0.004,1,0.6913,7
2023-08-24 20:00:00,SHORT,0.52,0.52,tp,0.004025,1,0.7191,7
2023-08-25 04:00:00,LONG,0.51,0.51,tp,0.004,1,0.7033,7
2023-08-25 08:00:00,SHORT,0.51,0.52,sl,-0.003991,0,0.7231,7
2023-08-25 12:00:00,LONG,0.52,0.52,tp,0.004,1,0.7292,7
2023-08-25 16:00:00,LONG,0.53,0.52,sl,-0.004,0,0.706,7
2023-08-25 20:00:00,SHORT,0.53,0.52,tp,0.004025,1,0.7559,7
2023-08-26 12:00:00,SHORT,0.53,0.53,sl,-0.003991,0,0.6507,7
2023-08-27 04:00:00,SHORT,0.53,0.53,sl,-0.003991,0,0.6926,7
2023-08-27 20:00:00,SHORT,0.52,0.52,tp,0.004025,1,0.6598,7
2023-08-28 08:00:00,SHORT,0.52,0.52,sl,-0.003991,0,0.6725,7
2023-08-28 16:00:00,LONG,0.52,0.52,tp,0.004,1,0.6567,7
2023-08-29 12:00:00,LONG,0.54,0.54,tp,0.004,1,0.8811,7
2023-08-29 16:00:00,LONG,0.54,0.54,tp,0.004,1,0.7846,7
2023-08-29 20:00:00,SHORT,0.54,0.54,tp,0.004025,1,0.7716,7
2023-08-30 04:00:00,SHORT,0.53,0.53,tp,0.004025,1,0.7204,7
2023-08-30 12:00:00,LONG,0.52,0.53,tp,0.004,1,0.6612,7
2023-08-30 20:00:00,SHORT,0.53,0.53,tp,0.004025,1,0.6506,7
2023-08-31 12:00:00,LONG,0.52,0.52,sl,-0.004,0,0.7143,7
2023-08-31 16:00:00,SHORT,0.51,0.51,tp,0.004025,1,0.7402,7
2023-08-31 20:00:00,SHORT,0.51,0.51,tp,0.004025,1,0.7621,7
2023-09-01 04:00:00,LONG,0.5,0.51,tp,0.004,1,0.7549,7
2023-09-01 08:00:00,LONG,0.51,0.51,sl,-0.004,0,0.7595,7
2023-09-01 12:00:00,LONG,0.5,0.5,sl,-0.004,0,0.7869,7
2023-09-01 16:00:00,LONG,0.49,0.49,tp,0.004,1,0.7737,7
2023-09-01 20:00:00,SHORT,0.5,0.5,tp,0.004025,1,0.7502,7
2023-09-02 12:00:00,LONG,0.5,0.5,sl,-0.004,0,0.6837,7
2023-09-03 16:00:00,LONG,0.51,0.5,sl,-0.004,0,0.6802,7
2023-09-04 08:00:00,LONG,0.5,0.5,tp,0.004,1,0.6877,7
2023-09-05 12:00:00,LONG,0.5,0.5,sl,-0.004,0,0.6862,7
2023-09-06 16:00:00,LONG,0.5,0.5,sl,-0.004,0,0.7245,7
2023-09-10 20:00:00,LONG,0.5,0.5,sl,-0.004,0,0.6816,7
2023-09-11 00:00:00,LONG,0.5,0.5,sl,-0.004,0,0.6897,7
2023-09-11 04:00:00,LONG,0.49,0.48,sl,-0.004,0,0.6904,7
2023-09-11 08:00:00,LONG,0.47,0.47,tp,0.004,1,0.787,7
2023-09-11 12:00:00,LONG,0.47,0.47,sl,-0.004,0,0.7405,7
2023-09-11 16:00:00,LONG,0.47,0.47,tp,0.004,1,0.7474,7
2023-09-11 20:00:00,SHORT,0.47,0.47,tp,0.004025,1,0.6695,7
2023-09-12 00:00:00,LONG,0.48,0.48,sl,-0.004,0,0.7398,7
2023-09-12 08:00:00,SHORT,0.48,0.48,sl,-0.003991,0,0.6806,7
2023-09-12 12:00:00,SHORT,0.48,0.48,tp,0.004025,1,0.6824,7
2023-09-13 04:00:00,LONG,0.48,0.48,tp,0.004,1,0.6903,7
2023-09-13 08:00:00,SHORT,0.48,0.48,tp,0.004025,1,0.695,7
2023-09-13 20:00:00,SHORT,0.48,0.48,sl,-0.003991,0,0.7087,7
2023-09-14 16:00:00,SHORT,0.49,0.49,tp,0.004025,1,0.707,7
2023-09-14 20:00:00,SHORT,0.49,0.49,sl,-0.003991,0,0.695,7
2023-09-15 00:00:00,SHORT,0.5,0.5,tp,0.004025,1,0.6872,7
2023-09-15 04:00:00,LONG,0.49,0.5,tp,0.004,1,0.7021,7
2023-09-15 20:00:00,SHORT,0.5,0.5,sl,-0.003991,0,0.6907,7
2023-09-18 08:00:00,SHORT,0.5,0.5,sl,-0.003991,0,0.7499,7
2023-09-18 12:00:00,SHORT,0.5,0.5,tp,0.004025,1,0.6564,7
2023-09-18 20:00:00,SHORT,0.5,0.5,sl,-0.003991,0,0.7098,7
2023-09-19 00:00:00,SHORT,0.51,0.51,tp,0.004025,1,0.6603,7
2023-09-19 08:00:00,SHORT,0.51,0.51,tp,0.004025,1,0.6778,7
2023-09-19 12:00:00,SHORT,0.51,0.51,tp,0.004025,1,0.6678,7
2023-09-19 16:00:00,SHORT,0.52,0.51,tp,0.004025,1,0.7012,7
2023-09-19 20:00:00,SHORT,0.51,0.52,sl,-0.003991,0,0.7909,7
2023-09-20 00:00:00,SHORT,0.52,0.52,tp,0.004025,1,0.7382,7
2023-09-20 04:00:00,SHORT,0.51,0.51,tp,0.004025,1,0.6647,7
2023-09-20 08:00:00,SHORT,0.52,0.51,tp,0.004025,1,0.7054,7
2023-09-20 20:00:00,SHORT,0.52,0.52,tp,0.004025,1,0.7403,7
2023-09-21 04:00:00,LONG,0.51,0.51,sl,-0.004,0,0.7211,7
2023-09-21 08:00:00,SHORT,0.5,0.5,tp,0.004025,1,0.6717,7
2023-09-21 20:00:00,SHORT,0.51,0.5,tp,0.004025,1,0.6619,7
2023-09-24 20:00:00,SHORT,0.5,0.5,tp,0.004025,1,0.6581,7
2023-09-25 04:00:00,LONG,0.5,0.49,sl,-0.004,0,0.6976,7
2023-09-25 08:00:00,LONG,0.5,0.5,tp,0.004,1,0.6928,7
2023-09-28 20:00:00,SHORT,0.51,0.51,sl,-0.003991,0,0.7372,7
2023-10-01 20:00:00,SHORT,0.52,0.53,sl,-0.003991,0,0.6983,8
2023-10-02 00:00:00,SHORT,0.53,0.52,tp,0.004025,1,0.6605,8
2023-10-03 04:00:00,LONG,0.51,0.51,sl,-0.004,0,0.6795,8
2023-10-03 12:00:00,LONG,0.51,0.51,tp,0.004,1,0.7332,8
2023-10-03 20:00:00,SHORT,0.54,0.54,tp,0.004025,1,0.8828,8
2023-10-04 00:00:00,SHORT,0.54,0.53,tp,0.004025,1,0.8317,8
2023-10-04 04:00:00,SHORT,0.53,0.53,tp,0.004025,1,0.7757,8
2023-10-04 08:00:00,SHORT,0.53,0.53,tp,0.004025,1,0.7307,8
2023-10-04 12:00:00,SHORT,0.53,0.53,tp,0.004025,1,0.6775,8
2023-10-04 16:00:00,SHORT,0.53,0.53,sl,-0.003991,0,0.7142,8
2023-10-04 20:00:00,SHORT,0.53,0.53,tp,0.004025,1,0.7393,8
2023-10-05 00:00:00,SHORT,0.53,0.53,tp,0.004025,1,0.6722,8
2023-10-05 12:00:00,LONG,0.52,0.52,tp,0.004,1,0.6601,8
2023-10-06 04:00:00,SHORT,0.52,0.52,sl,-0.003991,0,0.6748,8
2023-10-06 08:00:00,SHORT,0.52,0.52,tp,0.004025,1,0.6598,8
2023-10-08 04:00:00,SHORT,0.52,0.52,tp,0.004025,1,0.6583,8
2023-10-08 08:00:00,SHORT,0.52,0.52,tp,0.004025,1,0.6573,8
2023-10-08 12:00:00,SHORT,0.52,0.52,sl,-0.003991,0,0.6766,8
2023-10-09 04:00:00,SHORT,0.51,0.51,tp,0.004025,1,0.6818,8
2023-10-09 08:00:00,SHORT,0.5,0.5,sl,-0.003991,0,0.7756,8
2023-10-09 12:00:00,LONG,0.5,0.5,tp,0.004,1,0.7039,8
2023-10-09 20:00:00,LONG,0.5,0.5,sl,-0.004,0,0.6624,8
2023-10-10 08:00:00,LONG,0.5,0.5,sl,-0.004,0,0.7319,8
2023-10-10 12:00:00,LONG,0.49,0.5,tp,0.004,1,0.7372,8
2023-10-10 20:00:00,SHORT,0.5,0.49,tp,0.004025,1,0.6657,8
2023-10-11 00:00:00,LONG,0.49,0.49,sl,-0.004,0,0.6551,8
2023-10-11 04:00:00,LONG,0.48,0.49,tp,0.004,1,0.7391,8
2023-10-11 08:00:00,SHORT,0.49,0.48,tp,0.004025,1,0.6943,8
2023-10-11 12:00:00,LONG,0.48,0.49,tp,0.004,1,0.7043,8
2023-10-11 16:00:00,LONG,0.49,0.49,tp,0.004,1,0.7049,8
2023-10-11 20:00:00,SHORT,0.49,0.49,tp,0.004025,1,0.6949,8
2023-10-12 04:00:00,LONG,0.48,0.48,sl,-0.004,0,0.6759,8
2023-10-12 08:00:00,LONG,0.48,0.48,sl,-0.004,0,0.7136,8
2023-10-12 12:00:00,LONG,0.48,0.48,tp,0.004,1,0.7431,8
2023-10-12 16:00:00,LONG,0.48,0.48,tp,0.004,1,0.7004,8
2023-10-13 08:00:00,LONG,0.48,0.48,tp,0.004,1,0.7356,8
2023-10-13 12:00:00,LONG,0.48,0.48,tp,0.004,1,0.7219,8
2023-10-16 04:00:00,LONG,0.49,0.49,sl,-0.004,0,0.6794,8
2023-10-16 12:00:00,LONG,0.49,0.49,tp,0.004,1,0.7356,8
2023-10-16 20:00:00,SHORT,0.5,0.5,tp,0.004025,1,0.6783,8
2023-10-18 12:00:00,SHORT,0.49,0.49,sl,-0.003991,0,0.6714,8
2023-10-19 04:00:00,SHORT,0.48,0.48,sl,-0.003991,0,0.6851,8
2023-10-19 08:00:00,LONG,0.48,0.48,tp,0.004,1,0.6637,8
2023-10-19 20:00:00,SHORT,0.52,0.52,tp,0.004025,1,0.9,8
2023-10-20 00:00:00,SHORT,0.52,0.52,tp,0.004025,1,0.8077,8
2023-10-20 04:00:00,SHORT,0.51,0.51,sl,-0.003991,0,0.8219,8
2023-10-20 08:00:00,SHORT,0.52,0.52,sl,-0.003991,0,0.7737,8
2023-10-20 12:00:00,SHORT,0.52,0.52,tp,0.004025,1,0.798,8
2023-10-20 16:00:00,SHORT,0.52,0.52,tp,0.004025,1,0.7817,8
2023-10-20 20:00:00,SHORT,0.51,0.51,tp,0.004025,1,0.7023,8
2023-10-21 00:00:00,SHORT,0.51,0.52,sl,-0.003991,0,0.7041,8
2023-10-21 04:00:00,SHORT,0.52,0.52,sl,-0.003991,0,0.7386,8
2023-10-21 08:00:00,SHORT,0.52,0.51,tp,0.004025,1,0.757,8
2023-10-21 12:00:00,SHORT,0.52,0.52,sl,-0.003991,0,0.7312,8
2023-10-21 16:00:00,SHORT,0.52,0.52,sl,-0.003991,0,0.6866,8
2023-10-21 20:00:00,SHORT,0.52,0.52,tp,0.004025,1,0.6629,8
2023-10-22 04:00:00,SHORT,0.52,0.52,sl,-0.003991,0,0.6566,8
2023-10-22 20:00:00,SHORT,0.52,0.52,sl,-0.003991,0,0.7013,8
2023-10-23 04:00:00,SHORT,0.52,0.53,sl,-0.003991,0,0.6787,8
2023-10-23 08:00:00,SHORT,0.53,0.53,tp,0.004025,1,0.7419,8
2023-10-23 12:00:00,SHORT,0.53,0.53,tp,0.004025,1,0.7139,8
2023-10-23 16:00:00,SHORT,0.54,0.54,sl,-0.003991,0,0.7915,8
2023-10-23 20:00:00,SHORT,0.55,0.54,tp,0.004025,1,0.8327,8
2023-10-24 00:00:00,SHORT,0.54,0.54,tp,0.004025,1,0.7686,8
2023-10-24 04:00:00,LONG,0.54,0.54,tp,0.004,1,0.7609,8
2023-10-24 08:00:00,SHORT,0.55,0.55,tp,0.004025,1,0.8573,8
2023-10-24 12:00:00,LONG,0.55,0.56,tp,0.004,1,0.8536,8
2023-10-24 16:00:00,LONG,0.56,0.56,tp,0.004,1,0.8006,8
2023-10-24 20:00:00,SHORT,0.56,0.56,tp,0.004025,1,0.8086,8
2023-10-25 00:00:00,SHORT,0.55,0.55,tp,0.004025,1,0.7131,8
2023-10-25 04:00:00,LONG,0.54,0.55,tp,0.004,1,0.827,8
2023-10-25 08:00:00,SHORT,0.55,0.55,sl,-0.003991,0,0.7188,8
2023-10-25 12:00:00,LONG,0.56,0.56,tp,0.004,1,0.7669,8
2023-10-25 16:00:00,LONG,0.56,0.55,sl,-0.004,0,0.7805,8
2023-10-25 20:00:00,SHORT,0.55,0.56,sl,-0.003991,0,0.7549,8
2023-10-26 04:00:00,SHORT,0.56,0.55,tp,0.004025,1,0.6998,8
2023-10-26 08:00:00,LONG,0.56,0.56,tp,0.004,1,0.7558,8
2023-10-26 12:00:00,LONG,0.55,0.55,tp,0.004,1,0.7462,8
2023-10-26 16:00:00,LONG,0.55,0.55,tp,0.004,1,0.7218,8
2023-10-26 20:00:00,LONG,0.55,0.56,tp,0.004,1,0.654,8
2023-10-27 00:00:00,LONG,0.55,0.55,sl,-0.004,0,0.6584,8
2023-10-27 04:00:00,LONG,0.55,0.55,tp,0.004,1,0.7077,8
2023-10-27 08:00:00,LONG,0.55,0.55,tp,0.004,1,0.6664,8
2023-10-27 12:00:00,SHORT,0.55,0.55,tp,0.004025,1,0.7045,8
2023-10-27 16:00:00,LONG,0.55,0.54,sl,-0.004,0,0.7462,8
2023-10-27 20:00:00,LONG,0.54,0.54,sl,-0.004,0,0.6924,8
2023-10-29 08:00:00,SHORT,0.55,0.55,tp,0.004025,1,0.7746,8
2023-10-29 12:00:00,SHORT,0.56,0.56,sl,-0.003991,0,0.7197,8
2023-10-29 16:00:00,SHORT,0.56,0.56,tp,0.004025,1,0.7404,8
2023-10-29 20:00:00,SHORT,0.56,0.55,tp,0.004025,1,0.6705,8
2023-10-30 04:00:00,SHORT,0.55,0.55,sl,-0.003991,0,0.703,8
2023-10-30 08:00:00,LONG,0.56,0.57,tp,0.004,1,0.7132,8
2023-10-30 12:00:00,LONG,0.58,0.58,tp,0.004,1,0.794,8
2023-10-30 16:00:00,SHORT,0.58,0.58,tp,0.004025,1,0.8159,8
2023-10-30 20:00:00,SHORT,0.58,0.57,tp,0.004025,1,0.7654,8
2023-10-31 00:00:00,SHORT,0.57,0.57,tp,0.004025,1,0.6903,8
2023-10-31 04:00:00,SHORT,0.57,0.57,tp,0.004025,1,0.6546,8
2023-10-31 08:00:00,SHORT,0.6,0.6,tp,0.004025,1,0.8734,8
2023-10-31 12:00:00,LONG,0.6,0.6,tp,0.004,1,0.8525,8
2023-10-31 16:00:00,LONG,0.6,0.6,tp,0.004,1,0.7887,8
2023-10-31 20:00:00,SHORT,0.6,0.6,tp,0.004025,1,0.8069,8
2023-11-01 00:00:00,SHORT,0.59,0.59,tp,0.004025,1,0.7925,8
2023-11-01 04:00:00,LONG,0.6,0.6,tp,0.004,1,0.7734,8
2023-11-01 08:00:00,SHORT,0.6,0.6,tp,0.004025,1,0.7834,8
2023-11-01 12:00:00,LONG,0.6,0.6,tp,0.004,1,0.7899,8
2023-11-01 16:00:00,LONG,0.61,0.61,tp,0.004,1,0.7931,8
2023-11-01 20:00:00,SHORT,0.61,0.61,tp,0.004025,1,0.824,8
2023-11-02 00:00:00,SHORT,0.61,0.61,tp,0.004025,1,0.7846,8
2023-11-02 04:00:00,SHORT,0.6,0.6,tp,0.004025,1,0.7656,8
2023-11-02 08:00:00,SHORT,0.62,0.61,tp,0.004025,1,0.7485,8
2023-11-02 12:00:00,LONG,0.6,0.61,tp,0.004,1,0.7767,8
2023-11-02 16:00:00,LONG,0.61,0.61,sl,-0.004,0,0.7253,8
2023-11-02 20:00:00,SHORT,0.61,0.6,tp,0.004025,1,0.7695,8
2023-11-03 00:00:00,SHORT,0.6,0.6,tp,0.004025,1,0.6664,8
2023-11-03 04:00:00,LONG,0.6,0.6,tp,0.004,1,0.705,8
2023-11-03 08:00:00,LONG,0.6,0.61,tp,0.004,1,0.7116,8
2023-11-03 12:00:00,SHORT,0.61,0.61,tp,0.004025,1,0.7834,8
2023-11-03 16:00:00,LONG,0.61,0.61,tp,0.004,1,0.6787,8
2023-11-03 20:00:00,SHORT,0.61,0.61,sl,-0.003991,0,0.7507,8
2023-11-04 04:00:00,SHORT,0.61,0.62,sl,-0.003991,0,0.6667,8
2023-11-04 08:00:00,SHORT,0.61,0.61,tp,0.004025,1,0.7685,8
2023-11-04 20:00:00,SHORT,0.61,0.62,sl,-0.003991,0,0.7395,8
2023-11-05 00:00:00,SHORT,0.62,0.62,tp,0.004025,1,0.7333,8
2023-11-05 04:00:00,SHORT,0.62,0.62,sl,-0.003991,0,0.726,8
2023-11-05 08:00:00,LONG,0.65,0.65,tp,0.004,1,0.7989,8
2023-11-05 12:00:00,LONG,0.64,0.65,tp,0.004,1,0.7547,8
2023-11-05 16:00:00,SHORT,0.65,0.65,tp,0.004025,1,0.7448,8
2023-11-05 20:00:00,SHORT,0.66,0.66,sl,-0.003991,0,0.7498,8
2023-11-06 00:00:00,LONG,0.68,0.68,sl,-0.004,0,0.7579,8
2023-11-06 04:00:00,SHORT,0.68,0.68,tp,0.004025,1,0.7924,8
2023-11-06 08:00:00,SHORT,0.7,0.7,sl,-0.003991,0,0.8349,8
2023-11-06 12:00:00,SHORT,0.72,0.71,tp,0.004025,1,0.8073,8
2023-11-06 16:00:00,SHORT,0.72,0.71,tp,0.004025,1,0.7715,8
2023-11-06 20:00:00,SHORT,0.71,0.71,tp,0.004025,1,0.8017,8
2023-11-07 00:00:00,SHORT,0.69,0.69,tp,0.004025,1,0.8425,8
2023-11-07 04:00:00,SHORT,0.69,0.69,tp,0.004025,1,0.8177,8
2023-11-07 08:00:00,LONG,0.68,0.69,tp,0.004,1,0.8647,8
2023-11-07 12:00:00,LONG,0.67,0.68,tp,0.004,1,0.8935,8
2023-11-07 16:00:00,SHORT,0.69,0.69,tp,0.004025,1,0.8489,8
2023-11-07 20:00:00,SHORT,0.68,0.68,tp,0.004025,1,0.8052,8
2023-11-08 00:00:00,SHORT,0.68,0.68,tp,0.004025,1,0.7356,8
2023-11-08 04:00:00,LONG,0.67,0.68,tp,0.004,1,0.8423,8
2023-11-08 08:00:00,SHORT,0.69,0.69,tp,0.004025,1,0.8108,8
2023-11-08 12:00:00,LONG,0.68,0.69,tp,0.004,1,0.769,8
2023-11-08 16:00:00,LONG,0.69,0.69,tp,0.004,1,0.7532,8
2023-11-08 20:00:00,SHORT,0.69,0.68,tp,0.004025,1,0.7512,8
2023-11-09 00:00:00,SHORT,0.69,0.69,sl,-0.003991,0,0.6924,8
2023-11-09 04:00:00,SHORT,0.69,0.69,tp,0.004025,1,0.7702,8
2023-11-09 08:00:00,SHORT,0.69,0.69,tp,0.004025,1,0.7881,8
2023-11-09 12:00:00,SHORT,0.69,0.68,tp,0.004025,1,0.8185,8
2023-11-09 16:00:00,SHORT,0.66,0.65,tp,0.004025,1,0.8714,8
2023-11-09 20:00:00,SHORT,0.67,0.66,tp,0.004025,1,0.8666,8
2023-11-10 00:00:00,LONG,0.67,0.66,sl,-0.004,0,0.8114,8
2023-11-10 04:00:00,LONG,0.65,0.66,tp,0.004,1,0.8675,8
2023-11-10 08:00:00,LONG,0.66,0.66,sl,-0.004,0,0.8367,8
2023-11-10 12:00:00,LONG,0.65,0.65,tp,0.004,1,0.8483,8
2023-11-10 16:00:00,LONG,0.66,0.66,tp,0.004,1,0.842,8
2023-11-10 20:00:00,LONG,0.66,0.66,tp,0.004,1,0.7992,8
2023-11-11 00:00:00,LONG,0.65,0.65,tp,0.004,1,0.851,8
2023-11-11 04:00:00,SHORT,0.66,0.66,sl,-0.003991,0,0.7711,8
2023-11-11 08:00:00,LONG,0.67,0.67,tp,0.004,1,0.8066,8
2023-11-11 12:00:00,LONG,0.67,0.68,tp,0.004,1,0.7858,8
2023-11-11 16:00:00,LONG,0.67,0.67,sl,-0.004,0,0.7731,8
2023-11-11 20:00:00,LONG,0.66,0.66,sl,-0.004,0,0.7818,8
2023-11-12 00:00:00,LONG,0.66,0.66,tp,0.004,1,0.7113,8
2023-11-12 04:00:00,SHORT,0.67,0.66,tp,0.004025,1,0.7146,8
2023-11-12 08:00:00,LONG,0.67,0.66,sl,-0.004,0,0.7185,8
2023-11-12 12:00:00,LONG,0.66,0.66,sl,-0.004,0,0.6709,8
2023-11-12 16:00:00,LONG,0.66,0.66,tp,0.004,1,0.7024,8
2023-11-12 20:00:00,LONG,0.66,0.66,tp,0.004,1,0.701,8
2023-11-13 00:00:00,LONG,0.65,0.66,tp,0.004,1,0.7094,8
2023-11-13 04:00:00,SHORT,0.66,0.65,tp,0.004025,1,0.6976,8
2023-11-13 08:00:00,LONG,0.65,0.65,sl,-0.004,0,0.7298,8
2023-11-13 12:00:00,LONG,0.65,0.65,tp,0.004,1,0.7071,8
2023-11-13 20:00:00,SHORT,0.67,0.67,tp,0.004025,1,0.8574,8
2023-11-14 00:00:00,LONG,0.66,0.66,tp,0.004,1,0.7678,8
2023-11-14 04:00:00,LONG,0.66,0.67,tp,0.004,1,0.7226,8
2023-11-14 08:00:00,SHORT,0.65,0.65,tp,0.004025,1,0.7564,8
2023-11-14 12:00:00,LONG,0.65,0.65,sl,-0.004,0,0.7479,8
2023-11-14 16:00:00,SHORT,0.62,0.62,sl,-0.003991,0,0.8684,8
2023-11-14 20:00:00,LONG,0.63,0.63,sl,-0.004,0,0.825,8
2023-11-15 00:00:00,LONG,0.63,0.63,tp,0.004,1,0.7817,8
2023-11-15 04:00:00,LONG,0.63,0.63,tp,0.004,1,0.7767,8
2023-11-15 08:00:00,SHORT,0.64,0.64,tp,0.004025,1,0.8405,8
2023-11-15 12:00:00,SHORT,0.64,0.64,tp,0.004025,1,0.7397,8
2023-11-15 16:00:00,SHORT,0.65,0.64,tp,0.004025,1,0.7617,8
2023-11-15 20:00:00,SHORT,0.65,0.64,tp,0.004025,1,0.7996,8
2023-11-16 00:00:00,SHORT,0.65,0.65,sl,-0.003991,0,0.71,8
2023-11-16 04:00:00,SHORT,0.65,0.65,tp,0.004025,1,0.7096,8
2023-11-16 08:00:00,SHORT,0.64,0.64,tp,0.004025,1,0.7604,8
2023-11-16 12:00:00,SHORT,0.62,0.62,tp,0.004025,1,0.8062,8
2023-11-16 16:00:00,SHORT,0.62,0.61,tp,0.004025,1,0.7641,8
2023-11-16 20:00:00,SHORT,0.61,0.61,sl,-0.003991,0,0.7834,8
2023-11-17 00:00:00,SHORT,0.62,0.62,tp,0.004025,1,0.7099,8
2023-11-17 04:00:00,LONG,0.62,0.62,tp,0.004,1,0.7681,8
2023-11-17 08:00:00,LONG,0.61,0.61,sl,-0.004,0,0.7633,8
2023-11-17 12:00:00,SHORT,0.59,0.59,sl,-0.003991,0,0.8479,8
2023-11-17 16:00:00,LONG,0.61,0.61,tp,0.004,1,0.7884,8
2023-11-17 20:00:00,SHORT,0.61,0.61,tp,0.004025,1,0.763,8
2023-11-18 00:00:00,LONG,0.6,0.61,tp,0.004,1,0.7425,8
2023-11-18 04:00:00,LONG,0.6,0.6,tp,0.004,1,0.7034,8
2023-11-18 08:00:00,LONG,0.6,0.61,tp,0.004,1,0.6949,8
2023-11-18 12:00:00,SHORT,0.61,0.61,sl,-0.003991,0,0.7059,8
2023-11-18 16:00:00,SHORT,0.61,0.61,tp,0.004025,1,0.6995,8
2023-11-18 20:00:00,SHORT,0.61,0.61,tp,0.004025,1,0.6898,8
2023-11-19 08:00:00,SHORT,0.61,0.61,sl,-0.003991,0,0.6581,8
2023-11-19 12:00:00,LONG,0.62,0.62,tp,0.004,1,0.7666,8
2023-11-19 16:00:00,LONG,0.62,0.63,tp,0.004,1,0.668,8
2023-11-19 20:00:00,SHORT,0.63,0.62,tp,0.004025,1,0.7694,8
2023-11-20 08:00:00,SHORT,0.62,0.62,tp,0.004025,1,0.6994,8
2023-11-20 20:00:00,SHORT,0.61,0.61,tp,0.004025,1,0.7262,8
2023-11-21 04:00:00,SHORT,0.61,0.61,sl,-0.003991,0,0.7051,8
2023-11-21 08:00:00,SHORT,0.61,0.61,tp,0.004025,1,0.6783,8
2023-11-21 12:00:00,LONG,0.6,0.6,sl,-0.004,0,0.7103,8
2023-11-21 16:00:00,LONG,0.6,0.6,tp,0.004,1,0.7706,8
2023-11-21 20:00:00,LONG,0.58,0.58,tp,0.004,1,0.8337,8
2023-11-22 00:00:00,SHORT,0.59,0.59,tp,0.004025,1,0.772,8
2023-11-22 04:00:00,SHORT,0.59,0.59,sl,-0.003991,0,0.6825,8
2023-11-22 08:00:00,LONG,0.59,0.6,tp,0.004,1,0.7414,8
2023-11-22 12:00:00,LONG,0.59,0.6,tp,0.004,1,0.7267,8
2023-11-22 16:00:00,SHORT,0.61,0.61,sl,-0.003991,0,0.7325,8
2023-11-22 20:00:00,SHORT,0.61,0.61,sl,-0.003991,0,0.8066,8
2023-11-23 00:00:00,SHORT,0.61,0.61,tp,0.004025,1,0.682,8
2023-11-23 04:00:00,SHORT,0.61,0.61,sl,-0.003991,0,0.6894,8
2023-11-23 08:00:00,SHORT,0.61,0.61,tp,0.004025,1,0.7145,8
2023-11-23 12:00:00,SHORT,0.62,0.62,sl,-0.003991,0,0.7237,8
2023-11-23 16:00:00,SHORT,0.62,0.62,tp,0.004025,1,0.7215,8
2023-11-23 20:00:00,SHORT,0.62,0.62,sl,-0.003991,0,0.7106,8
2023-11-24 00:00:00,SHORT,0.62,0.62,sl,-0.003991,0,0.6587,8
2023-11-24 04:00:00,SHORT,0.62,0.62,tp,0.004025,1,0.7156,8
2023-11-24 08:00:00,SHORT,0.62,0.62,tp,0.004025,1,0.6679,8
2023-11-24 12:00:00,SHORT,0.62,0.62,tp,0.004025,1,0.6981,8
2023-11-24 20:00:00,SHORT,0.62,0.62,sl,-0.003991,0,0.6815,8
2023-11-25 04:00:00,SHORT,0.62,0.62,tp,0.004025,1,0.6659,8
2023-11-25 20:00:00,SHORT,0.62,0.62,tp,0.004025,1,0.6666,8
2023-11-27 04:00:00,SHORT,0.61,0.6,tp,0.004025,1,0.6816,8
2023-11-27 08:00:00,SHORT,0.6,0.6,tp,0.004025,1,0.6946,8
2023-11-27 12:00:00,LONG,0.6,0.6,tp,0.004,1,0.7416,8
2023-11-27 20:00:00,SHORT,0.6,0.6,tp,0.004025,1,0.676,8
2023-11-28 08:00:00,LONG,0.61,0.61,tp,0.004,1,0.6688,8
2023-11-28 20:00:00,SHORT,0.61,0.61,sl,-0.003991,0,0.6952,8
2023-11-29 00:00:00,SHORT,0.61,0.61,sl,-0.003991,0,0.6714,8
2023-11-29 04:00:00,SHORT,0.61,0.61,tp,0.004025,1,0.6829,8
2023-11-30 04:00:00,SHORT,0.6,0.6,tp,0.004025,1,0.6537,8
2023-12-02 04:00:00,SHORT,0.61,0.62,sl,-0.003991,0,0.701,8
2023-12-02 08:00:00,SHORT,0.61,0.61,sl,-0.003991,0,0.6604,8
2023-12-02 20:00:00,SHORT,0.62,0.62,tp,0.004025,1,0.6517,8
2023-12-03 04:00:00,SHORT,0.62,0.62,sl,-0.003991,0,0.7232,8
2023-12-03 08:00:00,SHORT,0.63,0.62,tp,0.004025,1,0.6712,8
2023-12-03 12:00:00,LONG,0.62,0.62,sl,-0.004,0,0.6538,8
2023-12-04 04:00:00,SHORT,0.63,0.63,tp,0.004025,1,0.6583,8
2023-12-04 08:00:00,SHORT,0.62,0.62,tp,0.004025,1,0.7566,8
2023-12-04 12:00:00,LONG,0.62,0.62,tp,0.004,1,0.6931,8
2023-12-04 20:00:00,SHORT,0.62,0.62,tp,0.004025,1,0.6913,8
2023-12-05 00:00:00,LONG,0.62,0.62,sl,-0.004,0,0.6756,8
2023-12-05 04:00:00,SHORT,0.61,0.61,tp,0.004025,1,0.6788,8
2023-12-05 08:00:00,LONG,0.61,0.61,tp,0.004,1,0.6774,8
2023-12-05 12:00:00,LONG,0.61,0.62,tp,0.004,1,0.6934,8
2023-12-05 16:00:00,LONG,0.62,0.62,sl,-0.004,0,0.7254,8
2023-12-05 20:00:00,SHORT,0.62,0.62,sl,-0.003991,0,0.6528,8
2023-12-06 04:00:00,SHORT,0.63,0.62,tp,0.004025,1,0.7353,8
2023-12-06 08:00:00,LONG,0.62,0.62,tp,0.004,1,0.7537,8
2023-12-06 12:00:00,SHORT,0.63,0.63,sl,-0.003991,0,0.7494,8
2023-12-06 20:00:00,SHORT,0.64,0.64,tp,0.004025,1,0.8214,8
2023-12-07 00:00:00,SHORT,0.63,0.63,sl,-0.003991,0,0.6621,8
2023-12-07 04:00:00,SHORT,0.65,0.64,tp,0.004025,1,0.8088,8
2023-12-07 08:00:00,SHORT,0.63,0.63,sl,-0.003991,0,0.7906,8
2023-12-07 12:00:00,SHORT,0.64,0.64,sl,-0.003991,0,0.699,8
2023-12-07 16:00:00,LONG,0.64,0.65,tp,0.004,1,0.723,8
2023-12-07 20:00:00,SHORT,0.64,0.64,sl,-0.003991,0,0.7423,8
2023-12-08 00:00:00,SHORT,0.65,0.64,tp,0.004025,1,0.6974,8
2023-12-08 08:00:00,SHORT,0.65,0.65,sl,-0.003991,0,0.722,8
2023-12-08 12:00:00,SHORT,0.66,0.66,sl,-0.003991,0,0.8209,8
2023-12-08 16:00:00,SHORT,0.67,0.67,tp,0.004025,1,0.8503,8
2023-12-08 20:00:00,SHORT,0.67,0.67,tp,0.004025,1,0.7608,8
2023-12-09 00:00:00,SHORT,0.68,0.68,sl,-0.003991,0,0.7883,8
2023-12-09 04:00:00,SHORT,0.69,0.69,tp,0.004025,1,0.8161,8
2023-12-09 08:00:00,SHORT,0.69,0.68,tp,0.004025,1,0.8186,8
2023-12-09 12:00:00,LONG,0.68,0.68,sl,-0.004,0,0.7695,8
2023-12-09 16:00:00,SHORT,0.67,0.67,tp,0.004025,1,0.6882,8
2023-12-09 20:00:00,LONG,0.66,0.66,tp,0.004,1,0.786,8
2023-12-10 00:00:00,LONG,0.67,0.67,tp,0.004,1,0.6658,8
2023-12-10 08:00:00,LONG,0.66,0.66,tp,0.004,1,0.7642,8
2023-12-10 12:00:00,LONG,0.66,0.66,tp,0.004,1,0.6947,8
2023-12-10 16:00:00,LONG,0.66,0.67,tp,0.004,1,0.6615,8
2023-12-10 20:00:00,LONG,0.66,0.66,sl,-0.004,0,0.6652,8
2023-12-11 00:00:00,SHORT,0.63,0.62,tp,0.004025,1,0.8729,8
2023-12-11 04:00:00,LONG,0.62,0.63,tp,0.004,1,0.8627,8
2023-12-11 08:00:00,SHORT,0.63,0.62,tp,0.004025,1,0.846,8
2023-12-11 12:00:00,LONG,0.62,0.62,sl,-0.004,0,0.8572,8
2023-12-11 16:00:00,LONG,0.61,0.62,tp,0.004,1,0.8617,8
2023-12-11 20:00:00,LONG,0.62,0.62,tp,0.004,1,0.8004,8
2023-12-12 00:00:00,LONG,0.62,0.62,sl,-0.004,0,0.7128,8
2023-12-12 04:00:00,SHORT,0.62,0.62,tp,0.004025,1,0.7813,8
2023-12-12 08:00:00,SHORT,0.62,0.62,tp,0.004025,1,0.7994,8
2023-12-12 12:00:00,LONG,0.62,0.62,sl,-0.004,0,0.7344,8
2023-12-12 16:00:00,LONG,0.62,0.62,tp,0.004,1,0.7069,8
2023-12-12 20:00:00,SHORT,0.62,0.62,tp,0.004025,1,0.735,8
2023-12-13 00:00:00,SHORT,0.6,0.6,tp,0.004025,1,0.7493,8
2023-12-13 04:00:00,SHORT,0.6,0.6,tp,0.004025,1,0.7862,8
2023-12-13 08:00:00,SHORT,0.6,0.6,sl,-0.003991,0,0.7963,8
2023-12-13 12:00:00,SHORT,0.61,0.61,tp,0.004025,1,0.794,8
2023-12-13 16:00:00,SHORT,0.63,0.63,sl,-0.003991,0,0.6926,8
2023-12-13 20:00:00,SHORT,0.63,0.62,tp,0.004025,1,0.8066,8
2023-12-14 00:00:00,SHORT,0.62,0.62,sl,-0.003991,0,0.6857,8
2023-12-14 04:00:00,SHORT,0.63,0.63,sl,-0.003991,0,0.6817,8
2023-12-14 08:00:00,SHORT,0.63,0.63,tp,0.004025,1,0.751,8
2023-12-14 12:00:00,LONG,0.62,0.63,tp,0.004,1,0.7317,8
2023-12-14 16:00:00,LONG,0.63,0.64,tp,0.004,1,0.7189,8
2023-12-14 20:00:00,SHORT,0.63,0.63,sl,-0.003991,0,0.7144,8
2023-12-15 00:00:00,SHORT,0.63,0.63,tp,0.004025,1,0.7142,8
2023-12-15 04:00:00,SHORT,0.63,0.63,sl,-0.003991,0,0.6714,8
2023-12-15 08:00:00,SHORT,0.63,0.63,tp,0.004025,1,0.6786,8
2023-12-15 12:00:00,LONG,0.62,0.62,tp,0.004,1,0.6818,8
2023-12-15 20:00:00,SHORT,0.62,0.61,tp,0.004025,1,0.7249,8
2023-12-16 08:00:00,SHORT,0.62,0.62,tp,0.004025,1,0.6799,8
2023-12-17 20:00:00,SHORT,0.61,0.61,tp,0.004025,1,0.6911,8
2023-12-18 00:00:00,LONG,0.61,0.61,tp,0.004,1,0.6607,8
2023-12-18 04:00:00,LONG,0.6,0.6,sl,-0.004,0,0.6695,8
2023-12-18 08:00:00,SHORT,0.59,0.59,sl,-0.003991,0,0.8292,8
2023-12-18 12:00:00,LONG,0.6,0.6,tp,0.004,1,0.7199,8
2023-12-18 20:00:00,SHORT,0.61,0.61,tp,0.004025,1,0.762,8
2023-12-19 00:00:00,SHORT,0.61,0.61,tp,0.004025,1,0.6836,8
2023-12-19 04:00:00,SHORT,0.61,0.61,tp,0.004025,1,0.6784,8
2023-12-19 12:00:00,LONG,0.61,0.6,sl,-0.004,0,0.6875,8
2023-12-19 20:00:00,SHORT,0.6,0.6,tp,0.004025,1,0.6582,8
2023-12-20 04:00:00,SHORT,0.61,0.61,sl,-0.003991,0,0.6767,8
2023-12-20 08:00:00,SHORT,0.61,0.61,sl,-0.003991,0,0.7352,8
2023-12-20 12:00:00,SHORT,0.62,0.62,tp,0.004025,1,0.7467,8
2023-12-20 16:00:00,SHORT,0.62,0.62,tp,0.004025,1,0.7068,8
2023-12-20 20:00:00,SHORT,0.62,0.61,tp,0.004025,1,0.7156,8
2023-12-21 00:00:00,SHORT,0.61,0.62,sl,-0.003991,0,0.6537,8
2023-12-21 04:00:00,SHORT,0.62,0.62,sl,-0.003991,0,0.6702,8
2023-12-21 08:00:00,SHORT,0.62,0.62,tp,0.004025,1,0.7073,8
2023-12-21 20:00:00,SHORT,0.62,0.62,tp,0.004025,1,0.7781,8
2023-12-22 08:00:00,SHORT,0.62,0.62,tp,0.004025,1,0.6589,8
2023-12-22 20:00:00,SHORT,0.62,0.62,tp,0.004025,1,0.77,8
2023-12-25 08:00:00,SHORT,0.64,0.64,tp,0.004025,1,0.8415,8
2023-12-25 12:00:00,LONG,0.63,0.64,tp,0.004,1,0.7752,8
2023-12-25 16:00:00,SHORT,0.64,0.64,sl,-0.003991,0,0.774,8
2023-12-25 20:00:00,SHORT,0.65,0.64,tp,0.004025,1,0.8531,8
2023-12-26 00:00:00,SHORT,0.64,0.63,tp,0.004025,1,0.7308,8
2023-12-26 04:00:00,LONG,0.62,0.63,tp,0.004,1,0.7225,8
2023-12-26 08:00:00,SHORT,0.62,0.62,tp,0.004025,1,0.7252,8
2023-12-26 12:00:00,LONG,0.62,0.62,tp,0.004,1,0.7471,8
2023-12-26 16:00:00,LONG,0.62,0.62,tp,0.004,1,0.7518,8
2023-12-26 20:00:00,SHORT,0.62,0.62,tp,0.004025,1,0.7548,8
2023-12-27 08:00:00,LONG,0.63,0.63,tp,0.004,1,0.7103,8
2023-12-27 12:00:00,SHORT,0.63,0.63,sl,-0.003991,0,0.7298,8
2023-12-27 16:00:00,SHORT,0.64,0.64,tp,0.004025,1,0.7171,8
2023-12-27 20:00:00,SHORT,0.63,0.64,sl,-0.003991,0,0.7524,8
2023-12-28 00:00:00,SHORT,0.64,0.64,tp,0.004025,1,0.7574,8
2023-12-28 04:00:00,LONG,0.64,0.64,tp,0.004,1,0.7497,8
2023-12-28 08:00:00,SHORT,0.64,0.64,tp,0.004025,1,0.757,8
2023-12-28 12:00:00,LONG,0.63,0.63,tp,0.004,1,0.7231,8
2023-12-28 16:00:00,LONG,0.63,0.64,tp,0.004,1,0.6746,8
2023-12-28 20:00:00,SHORT,0.63,0.63,tp,0.004025,1,0.753,8
2023-12-29 04:00:00,SHORT,0.62,0.63,sl,-0.003991,0,0.6841,8
2023-12-29 08:00:00,SHORT,0.63,0.63,tp,0.004025,1,0.6902,8
2023-12-29 12:00:00,LONG,0.62,0.62,sl,-0.004,0,0.6998,8
2023-12-29 16:00:00,LONG,0.62,0.62,sl,-0.004,0,0.6661,8
2023-12-29 20:00:00,SHORT,0.62,0.62,tp,0.004025,1,0.6906,8
2024-01-01 04:00:00,SHORT,0.61,0.62,sl,-0.003991,0,0.6914,9
2024-01-01 08:00:00,SHORT,0.62,0.62,sl,-0.003991,0,0.6512,9
2024-01-01 20:00:00,SHORT,0.63,0.63,sl,-0.003991,0,0.746,9
2024-01-02 00:00:00,SHORT,0.63,0.63,tp,0.004025,1,0.7828,9
2024-01-02 04:00:00,SHORT,0.63,0.63,sl,-0.003991,0,0.679,9
2024-01-02 08:00:00,SHORT,0.63,0.63,tp,0.004025,1,0.681,9
2024-01-03 08:00:00,LONG,0.62,0.62,sl,-0.004,0,0.6577,9
2024-01-03 12:00:00,SHORT,0.58,0.57,tp,0.004025,1,0.884,9
2024-01-03 16:00:00,LONG,0.57,0.58,tp,0.004,1,0.8635,9
2024-01-03 20:00:00,LONG,0.58,0.58,sl,-0.004,0,0.8688,9
2024-01-04 00:00:00,LONG,0.58,0.58,sl,-0.004,0,0.796,9
2024-01-04 04:00:00,LONG,0.57,0.58,tp,0.004,1,0.8393,9
2024-01-04 08:00:00,LONG,0.58,0.58,tp,0.004,1,0.8214,9
2024-01-04 12:00:00,LONG,0.59,0.59,tp,0.004,1,0.8245,9
2024-01-04 16:00:00,SHORT,0.59,0.59,sl,-0.003991,0,0.7558,9
2024-01-04 20:00:00,SHORT,0.59,0.58,tp,0.004025,1,0.7897,9
2024-01-05 00:00:00,LONG,0.58,0.57,sl,-0.004,0,0.8385,9
2024-01-05 04:00:00,LONG,0.57,0.58,tp,0.004,1,0.7723,9
2024-01-05 08:00:00,LONG,0.57,0.57,tp,0.004,1,0.8096,9
2024-01-05 12:00:00,LONG,0.56,0.57,tp,0.004,1,0.825,9
2024-01-05 16:00:00,LONG,0.57,0.57,tp,0.004,1,0.7322,9
2024-01-05 20:00:00,SHORT,0.58,0.57,tp,0.004025,1,0.8529,9
2024-01-06 00:00:00,SHORT,0.57,0.57,tp,0.004025,1,0.6686,9
2024-01-06 04:00:00,LONG,0.56,0.57,tp,0.004,1,0.6636,9
2024-01-06 08:00:00,LONG,0.57,0.57,tp,0.004,1,0.6625,9
2024-01-06 12:00:00,LONG,0.57,0.57,sl,-0.004,0,0.6521,9
2024-01-06 20:00:00,SHORT,0.57,0.57,sl,-0.003991,0,0.681,9
2024-01-07 00:00:00,LONG,0.57,0.57,tp,0.004,1,0.6576,9
2024-01-07 20:00:00,LONG,0.55,0.55,tp,0.004,1,0.8136,9
2024-01-08 00:00:00,LONG,0.56,0.56,tp,0.004,1,0.78,9
2024-01-08 04:00:00,LONG,0.56,0.56,tp,0.004,1,0.702,9
2024-01-08 08:00:00,LONG,0.56,0.57,tp,0.004,1,0.6997,9
2024-01-08 12:00:00,LONG,0.57,0.57,tp,0.004,1,0.7149,9
2024-01-08 16:00:00,SHORT,0.58,0.58,tp,0.004025,1,0.7706,9
2024-01-08 20:00:00,SHORT,0.58,0.57,tp,0.004025,1,0.8166,9
2024-01-09 08:00:00,LONG,0.57,0.57,sl,-0.004,0,0.6859,9
2024-01-09 12:00:00,LONG,0.56,0.56,tp,0.004,1,0.7962,9
2024-01-09 16:00:00,LONG,0.57,0.58,tp,0.004,1,0.8001,9
2024-01-09 20:00:00,LONG,0.57,0.57,tp,0.004,1,0.7285,9
2024-01-10 04:00:00,LONG,0.56,0.57,tp,0.004,1,0.726,9
2024-01-10 08:00:00,LONG,0.56,0.57,tp,0.004,1,0.7041,9
2024-01-10 12:00:00,LONG,0.57,0.57,tp,0.004,1,0.7749,9
2024-01-10 16:00:00,SHORT,0.58,0.58,tp,0.004025,1,0.6995,9
2024-01-10 20:00:00,SHORT,0.6,0.6,tp,0.004025,1,0.9316,9
2024-01-11 00:00:00,SHORT,0.6,0.6,tp,0.004025,1,0.7944,9
2024-01-11 04:00:00,SHORT,0.6,0.6,sl,-0.003991,0,0.7745,9
2024-01-11 08:00:00,SHORT,0.61,0.61,tp,0.004025,1,0.8418,9
2024-01-11 12:00:00,LONG,0.6,0.6,tp,0.004,1,0.8757,9
2024-01-11 16:00:00,SHORT,0.6,0.6,tp,0.004025,1,0.7544,9
2024-01-11 20:00:00,SHORT,0.6,0.6,tp,0.004025,1,0.8195,9
2024-01-12 00:00:00,SHORT,0.6,0.59,tp,0.004025,1,0.7141,9
2024-01-12 04:00:00,LONG,0.59,0.6,tp,0.004,1,0.7235,9
2024-01-12 08:00:00,SHORT,0.6,0.6,tp,0.004025,1,0.7129,9
2024-01-12 12:00:00,LONG,0.59,0.59,tp,0.004,1,0.8115,9
2024-01-12 16:00:00,LONG,0.58,0.58,tp,0.004,1,0.7597,9
2024-01-12 20:00:00,LONG,0.57,0.57,sl,-0.004,0,0.8752,9
2024-01-13 00:00:00,SHORT,0.57,0.57,sl,-0.003991,0,0.6919,9
2024-01-13 04:00:00,LONG,0.58,0.57,sl,-0.004,0,0.6703,9
2024-01-13 12:00:00,LONG,0.57,0.57,sl,-0.004,0,0.6518,9
2024-01-13 16:00:00,LONG,0.57,0.57,sl,-0.004,0,0.6569,9
2024-01-14 20:00:00,SHORT,0.58,0.58,sl,-0.003991,0,0.6676,9
2024-01-15 00:00:00,SHORT,0.59,0.58,tp,0.004025,1,0.7191,9
2024-01-15 04:00:00,SHORT,0.58,0.58,sl,-0.003991,0,0.689,9
2024-01-15 08:00:00,SHORT,0.58,0.58,tp,0.004025,1,0.6548,9
2024-01-15 12:00:00,SHORT,0.57,0.57,sl,-0.003991,0,0.6927,9
2024-01-15 16:00:00,SHORT,0.58,0.58,tp,0.004025,1,0.6789,9
2024-01-15 20:00:00,SHORT,0.58,0.57,tp,0.004025,1,0.6852,9
2024-01-16 04:00:00,SHORT,0.58,0.57,tp,0.004025,1,0.7163,9
2024-01-16 08:00:00,SHORT,0.57,0.57,tp,0.004025,1,0.6865,9
2024-01-17 12:00:00,SHORT,0.57,0.57,tp,0.004025,1,0.655,9
2024-01-17 20:00:00,SHORT,0.57,0.57,tp,0.004025,1,0.6598,9
2024-01-18 04:00:00,SHORT,0.57,0.57,tp,0.004025,1,0.6552,9
2024-01-18 08:00:00,SHORT,0.56,0.56,tp,0.004025,1,0.6941,9
2024-01-18 16:00:00,LONG,0.55,0.55,tp,0.004,1,0.752,9
2024-01-18 20:00:00,SHORT,0.55,0.55,tp,0.004025,1,0.7547,9
2024-01-19 12:00:00,LONG,0.54,0.54,tp,0.004,1,0.7439,9
2024-01-19 16:00:00,LONG,0.55,0.55,tp,0.004,1,0.704,9
2024-01-19 20:00:00,SHORT,0.54,0.54,tp,0.004025,1,0.6596,9
2024-01-20 08:00:00,SHORT,0.55,0.55,sl,-0.003991,0,0.6506,9
2024-01-20 20:00:00,SHORT,0.55,0.55,tp,0.004025,1,0.7464,9
2024-01-21 00:00:00,SHORT,0.55,0.55,tp,0.004025,1,0.6779,9
2024-01-22 00:00:00,LONG,0.54,0.54,sl,-0.004,0,0.7126,9
2024-01-22 04:00:00,LONG,0.54,0.54,sl,-0.004,0,0.7111,9
2024-01-22 08:00:00,LONG,0.53,0.53,tp,0.004,1,0.7994,9
2024-01-22 12:00:00,LONG,0.53,0.53,tp,0.004,1,0.8103,9
2024-01-22 16:00:00,LONG,0.53,0.53,tp,0.004,1,0.8206,9
2024-01-22 20:00:00,LONG,0.53,0.53,tp,0.004,1,0.7505,9
2024-01-23 04:00:00,LONG,0.52,0.52,sl,-0.004,0,0.8062,9
2024-01-23 08:00:00,LONG,0.51,0.51,tp,0.004,1,0.8405,9
2024-01-23 12:00:00,LONG,0.51,0.51,tp,0.004,1,0.7335,9
2024-01-23 16:00:00,LONG,0.51,0.51,tp,0.004,1,0.8006,9
2024-01-23 20:00:00,SHORT,0.52,0.52,tp,0.004025,1,0.8468,9
2024-01-24 04:00:00,SHORT,0.52,0.51,tp,0.004025,1,0.6612,9
2024-01-24 08:00:00,LONG,0.52,0.52,sl,-0.004,0,0.7356,9
2024-01-24 20:00:00,SHORT,0.52,0.52,tp,0.004025,1,0.6966,9
2024-01-25 12:00:00,LONG,0.51,0.51,tp,0.004,1,0.7127,9
2024-01-25 20:00:00,SHORT,0.51,0.51,tp,0.004025,1,0.7052,9
2024-01-26 08:00:00,LONG,0.52,0.52,sl,-0.004,0,0.7035,9
2024-01-26 12:00:00,LONG,0.52,0.52,tp,0.004,1,0.7048,9
2024-01-26 16:00:00,LONG,0.53,0.53,sl,-0.004,0,0.7521,9
2024-01-26 20:00:00,SHORT,0.53,0.53,sl,-0.003991,0,0.7868,9
2024-01-27 00:00:00,SHORT,0.53,0.53,tp,0.004025,1,0.7484,9
2024-01-29 16:00:00,LONG,0.54,0.54,tp,0.004,1,0.6746,9
2024-01-29 20:00:00,SHORT,0.53,0.54,sl,-0.003991,0,0.6944,9
2024-01-30 00:00:00,SHORT,0.54,0.53,tp,0.004025,1,0.7264,9
2024-01-30 04:00:00,SHORT,0.53,0.53,tp,0.004025,1,0.7089,9
2024-01-30 08:00:00,SHORT,0.53,0.53,tp,0.004025,1,0.687,9
2024-01-30 16:00:00,LONG,0.51,0.51,sl,-0.004,0,0.7542,9
2024-01-30 20:00:00,SHORT,0.51,0.51,tp,0.004025,1,0.7918,9
2024-01-31 00:00:00,LONG,0.51,0.51,tp,0.004,1,0.7022,9
2024-01-31 04:00:00,LONG,0.51,0.51,sl,-0.004,0,0.6993,9
2024-01-31 08:00:00,LONG,0.51,0.51,tp,0.004,1,0.7995,9
2024-01-31 12:00:00,SHORT,0.51,0.51,sl,-0.003991,0,0.7699,9
2024-01-31 16:00:00,LONG,0.51,0.51,sl,-0.004,0,0.7,9
2024-01-31 20:00:00,LONG,0.5,0.5,sl,-0.004,0,0.7197,9
2024-02-01 00:00:00,LONG,0.5,0.5,sl,-0.004,0,0.7513,9
2024-02-01 04:00:00,LONG,0.49,0.5,tp,0.004,1,0.7577,9
2024-02-01 08:00:00,LONG,0.49,0.5,tp,0.004,1,0.7974,9
2024-02-01 12:00:00,LONG,0.5,0.5,tp,0.004,1,0.7354,9
2024-02-01 16:00:00,SHORT,0.51,0.51,tp,0.004025,1,0.7077,9
2024-02-01 20:00:00,SHORT,0.51,0.51,sl,-0.003991,0,0.6851,9
2024-02-02 08:00:00,LONG,0.5,0.5,sl,-0.004,0,0.6571,9
2024-02-02 12:00:00,LONG,0.5,0.51,tp,0.004,1,0.6641,9
2024-02-02 20:00:00,SHORT,0.51,0.51,tp,0.004025,1,0.7255,9
2024-02-03 08:00:00,SHORT,0.52,0.52,tp,0.004025,1,0.7878,9
2024-02-03 12:00:00,SHORT,0.52,0.52,tp,0.004025,1,0.7186,9
2024-02-03 16:00:00,SHORT,0.52,0.52,tp,0.004025,1,0.6671,9
2024-02-04 20:00:00,SHORT,0.5,0.5,tp,0.004025,1,0.6567,9
2024-02-05 16:00:00,LONG,0.51,0.51,sl,-0.004,0,0.6819,9
2024-02-05 20:00:00,SHORT,0.51,0.51,sl,-0.003991,0,0.6637,9
2024-02-06 08:00:00,LONG,0.5,0.5,tp,0.004,1,0.6781,9
2024-02-06 16:00:00,SHORT,0.51,0.51,tp,0.004025,1,0.6506,9
2024-02-07 04:00:00,LONG,0.5,0.5,sl,-0.004,0,0.6893,9
2024-02-07 20:00:00,SHORT,0.51,0.52,sl,-0.003991,0,0.7369,9
2024-02-08 00:00:00,SHORT,0.51,0.51,tp,0.004025,1,0.6626,9
2024-02-09 00:00:00,SHORT,0.52,0.52,tp,0.004025,1,0.6655,9
2024-02-09 08:00:00,SHORT,0.52,0.52,tp,0.004025,1,0.7787,9
2024-02-09 16:00:00,SHORT,0.53,0.53,sl,-0.003991,0,0.6902,9
2024-02-09 20:00:00,SHORT,0.53,0.52,tp,0.004025,1,0.7902,9
2024-02-10 00:00:00,SHORT,0.53,0.52,tp,0.004025,1,0.7043,9
2024-02-11 08:00:00,SHORT,0.53,0.53,tp,0.004025,1,0.6556,9
2024-02-12 16:00:00,LONG,0.53,0.53,tp,0.004,1,0.6578,9
2024-02-13 12:00:00,LONG,0.52,0.52,tp,0.004,1,0.6604,9
2024-02-14 08:00:00,SHORT,0.53,0.53,tp,0.004025,1,0.6704,9
2024-02-14 12:00:00,SHORT,0.53,0.53,tp,0.004025,1,0.7008,9
2024-02-14 16:00:00,SHORT,0.54,0.54,sl,-0.003991,0,0.7662,9
2024-02-14 20:00:00,SHORT,0.54,0.54,sl,-0.003991,0,0.6924,9
2024-02-15 00:00:00,SHORT,0.55,0.55,tp,0.004025,1,0.8026,9
2024-02-15 04:00:00,SHORT,0.55,0.55,tp,0.004025,1,0.7564,9
2024-02-15 08:00:00,SHORT,0.55,0.55,tp,0.004025,1,0.766,9
2024-02-15 12:00:00,LONG,0.55,0.55,tp,0.004,1,0.7718,9
2024-02-15 16:00:00,SHORT,0.55,0.55,tp,0.004025,1,0.7699,9
2024-02-15 20:00:00,SHORT,0.56,0.56,tp,0.004025,1,0.8434,9
2024-02-16 00:00:00,SHORT,0.58,0.58,tp,0.004025,1,0.8717,9
2024-02-16 04:00:00,SHORT,0.57,0.56,tp,0.004025,1,0.7882,9
2024-02-16 08:00:00,SHORT,0.57,0.57,tp,0.004025,1,0.7694,9
2024-02-16 12:00:00,LONG,0.56,0.56,tp,0.004,1,0.8521,9
2024-02-16 16:00:00,LONG,0.56,0.56,tp,0.004,1,0.7578,9
2024-02-16 20:00:00,LONG,0.56,0.56,sl,-0.004,0,0.7114,9
2024-02-17 08:00:00,LONG,0.55,0.55,sl,-0.004,0,0.7447,9
2024-02-17 12:00:00,LONG,0.55,0.55,tp,0.004,1,0.7492,9
2024-02-17 16:00:00,LONG,0.55,0.55,tp,0.004,1,0.7211,9
2024-02-17 20:00:00,LONG,0.55,0.55,tp,0.004,1,0.6816,9
2024-02-18 12:00:00,SHORT,0.56,0.56,sl,-0.003991,0,0.6645,9
2024-02-19 04:00:00,SHORT,0.56,0.56,tp,0.004025,1,0.7048,9
2024-02-20 00:00:00,SHORT,0.57,0.57,sl,-0.003991,0,0.7035,9
2024-02-20 04:00:00,SHORT,0.57,0.56,tp,0.004025,1,0.7698,9
2024-02-20 08:00:00,SHORT,0.57,0.57,tp,0.004025,1,0.7277,9
2024-02-20 12:00:00,LONG,0.55,0.56,tp,0.004,1,0.7309,9
2024-02-21 04:00:00,LONG,0.55,0.55,tp,0.004,1,0.766,9
2024-02-21 08:00:00,LONG,0.54,0.54,tp,0.004,1,0.7766,9
2024-02-21 12:00:00,LONG,0.54,0.54,tp,0.004,1,0.6952,9
2024-02-21 16:00:00,LONG,0.54,0.55,tp,0.004,1,0.6782,9
2024-02-21 20:00:00,SHORT,0.55,0.55,tp,0.004025,1,0.7548,9
2024-02-22 20:00:00,LONG,0.54,0.54,sl,-0.004,0,0.6687,9
2024-02-23 12:00:00,LONG,0.53,0.53,tp,0.004,1,0.6502,9
2024-02-24 08:00:00,SHORT,0.55,0.54,tp,0.004025,1,0.7367,9
2024-02-26 04:00:00,SHORT,0.54,0.53,tp,0.004025,1,0.6851,9
2024-02-26 08:00:00,LONG,0.53,0.53,tp,0.004,1,0.7543,9
2024-02-26 16:00:00,LONG,0.55,0.55,sl,-0.004,0,0.6972,9
2024-02-26 20:00:00,SHORT,0.55,0.55,sl,-0.003991,0,0.8042,9
2024-02-27 00:00:00,SHORT,0.55,0.55,sl,-0.003991,0,0.7444,9
2024-02-27 04:00:00,SHORT,0.55,0.55,sl,-0.003991,0,0.7295,9
2024-02-27 08:00:00,SHORT,0.56,0.56,tp,0.004025,1,0.8061,9
2024-02-27 12:00:00,SHORT,0.56,0.56,tp,0.004025,1,0.8028,9
2024-02-27 16:00:00,SHORT,0.59,0.59,tp,0.004025,1,0.9158,9
2024-02-27 20:00:00,SHORT,0.59,0.58,tp,0.004025,1,0.7936,9
2024-02-28 00:00:00,LONG,0.58,0.58,tp,0.004,1,0.8189,9
2024-02-28 04:00:00,SHORT,0.58,0.58,tp,0.004025,1,0.77,9
2024-02-28 08:00:00,LONG,0.58,0.58,tp,0.004,1,0.817,9
2024-02-28 12:00:00,LONG,0.59,0.59,tp,0.004,1,0.833,9
2024-02-28 16:00:00,LONG,0.57,0.57,tp,0.004,1,0.8825,9
2024-02-28 20:00:00,SHORT,0.57,0.57,tp,0.004025,1,0.8485,9
2024-02-29 00:00:00,LONG,0.59,0.59,tp,0.004,1,0.7913,9
2024-02-29 04:00:00,SHORT,0.59,0.59,tp,0.004025,1,0.8786,9
2024-02-29 08:00:00,LONG,0.6,0.6,tp,0.004,1,0.8535,9
2024-02-29 12:00:00,LONG,0.61,0.61,tp,0.004,1,0.8552,9
2024-02-29 16:00:00,SHORT,0.61,0.61,tp,0.004025,1,0.8515,9
2024-02-29 20:00:00,LONG,0.59,0.59,tp,0.004,1,0.8852,9
2024-03-01 00:00:00,LONG,0.59,0.59,tp,0.004,1,0.7957,9
2024-03-01 04:00:00,LONG,0.59,0.59,tp,0.004,1,0.809,9
2024-03-01 08:00:00,LONG,0.59,0.59,tp,0.004,1,0.7554,9
2024-03-01 12:00:00,LONG,0.59,0.59,tp,0.004,1,0.835,9
2024-03-01 16:00:00,LONG,0.6,0.6,tp,0.004,1,0.7769,9
2024-03-01 20:00:00,SHORT,0.6,0.6,sl,-0.003991,0,0.7458,9
2024-03-02 00:00:00,SHORT,0.63,0.63,tp,0.004025,1,0.9339,9
2024-03-02 04:00:00,SHORT,0.63,0.63,tp,0.004025,1,0.8067,9
2024-03-02 08:00:00,SHORT,0.64,0.64,tp,0.004025,1,0.8406,9
2024-03-02 12:00:00,LONG,0.63,0.63,tp,0.004,1,0.8946,9
2024-03-02 16:00:00,LONG,0.63,0.64,tp,0.004,1,0.7911,9
2024-03-02 20:00:00,SHORT,0.64,0.64,tp,0.004025,1,0.8428,9
2024-03-03 00:00:00,LONG,0.64,0.64,tp,0.004,1,0.7535,9
2024-03-03 04:00:00,LONG,0.61,0.61,tp,0.004,1,0.8706,9
2024-03-03 08:00:00,SHORT,0.62,0.62,tp,0.004025,1,0.8628,9
2024-03-03 12:00:00,LONG,0.62,0.63,tp,0.004,1,0.7882,9
2024-03-03 16:00:00,SHORT,0.63,0.63,sl,-0.003991,0,0.7368,9
2024-03-03 20:00:00,SHORT,0.63,0.62,tp,0.004025,1,0.8492,9
2024-03-04 00:00:00,SHORT,0.63,0.63,tp,0.004025,1,0.7399,9
2024-03-04 04:00:00,SHORT,0.64,0.63,tp,0.004025,1,0.8244,9
2024-03-04 08:00:00,SHORT,0.66,0.66,tp,0.004025,1,0.8644,9
2024-03-04 12:00:00,LONG,0.66,0.66,sl,-0.004,0,0.7958,9
2024-03-04 16:00:00,SHORT,0.65,0.65,tp,0.004025,1,0.814,9
2024-03-04 20:00:00,SHORT,0.65,0.64,tp,0.004025,1,0.7935,9
2024-03-05 00:00:00,LONG,0.65,0.65,sl,-0.004,0,0.8128,9
2024-03-05 04:00:00,LONG,0.64,0.64,tp,0.004,1,0.8269,9
2024-03-05 08:00:00,LONG,0.65,0.65,tp,0.004,1,0.7615,9
2024-03-05 12:00:00,LONG,0.64,0.64,sl,-0.004,0,0.864,9
2024-03-05 16:00:00,SHORT,0.57,0.56,tp,0.004025,1,0.9402,9
2024-03-05 20:00:00,SHORT,0.59,0.59,tp,0.004025,1,0.9453,9
2024-03-06 00:00:00,LONG,0.58,0.59,tp,0.004,1,0.9425,9
2024-03-06 04:00:00,LONG,0.62,0.62,tp,0.004,1,0.8912,9
2024-03-06 08:00:00,LONG,0.61,0.61,sl,-0.004,0,0.9213,9
2024-03-06 12:00:00,LONG,0.6,0.6,tp,0.004,1,0.9243,9
2024-03-06 16:00:00,SHORT,0.61,0.61,tp,0.004025,1,0.8343,9
2024-03-06 20:00:00,SHORT,0.61,0.61,tp,0.004025,1,0.8316,9
2024-03-07 00:00:00,SHORT,0.63,0.62,tp,0.004025,1,0.8945,9
2024-03-07 04:00:00,SHORT,0.62,0.62,tp,0.004025,1,0.8566,9
2024-03-07 08:00:00,SHORT,0.62,0.62,tp,0.004025,1,0.8446,9
2024-03-07 12:00:00,SHORT,0.62,0.62,tp,0.004025,1,0.8047,9
2024-03-07 16:00:00,SHORT,0.63,0.63,tp,0.004025,1,0.784,9
2024-03-07 20:00:00,SHORT,0.63,0.63,sl,-0.003991,0,0.7383,9
2024-03-08 00:00:00,SHORT,0.63,0.62,tp,0.004025,1,0.7383,9
2024-03-08 04:00:00,SHORT,0.62,0.62,sl,-0.003991,0,0.739,9
2024-03-08 08:00:00,SHORT,0.63,0.62,tp,0.004025,1,0.7671,9
2024-03-08 12:00:00,SHORT,0.61,0.61,tp,0.004025,1,0.8523,9
2024-03-08 16:00:00,SHORT,0.62,0.62,sl,-0.003991,0,0.7516,9
2024-03-08 20:00:00,SHORT,0.62,0.62,sl,-0.003991,0,0.7712,9
2024-03-09 00:00:00,SHORT,0.63,0.63,sl,-0.003991,0,0.7089,9
2024-03-09 04:00:00,SHORT,0.63,0.63,tp,0.004025,1,0.7082,9
2024-03-09 08:00:00,SHORT,0.62,0.62,tp,0.004025,1,0.7124,9
2024-03-09 12:00:00,LONG,0.62,0.62,sl,-0.004,0,0.6914,9
2024-03-09 16:00:00,LONG,0.62,0.62,tp,0.004,1,0.748,9
2024-03-09 20:00:00,LONG,0.62,0.62,tp,0.004,1,0.6845,9
2024-03-10 12:00:00,SHORT,0.61,0.61,sl,-0.003991,0,0.7618,9
2024-03-10 20:00:00,SHORT,0.61,0.6,tp,0.004025,1,0.8097,9
2024-03-11 00:00:00,LONG,0.61,0.61,tp,0.004,1,0.6752,9
2024-03-11 04:00:00,SHORT,0.62,0.62,sl,-0.003991,0,0.7494,9
2024-03-11 08:00:00,SHORT,0.62,0.62,tp,0.004025,1,0.7981,9
2024-03-11 12:00:00,SHORT,0.69,0.69,tp,0.004025,1,0.9361,9
2024-03-11 16:00:00,SHORT,0.73,0.73,tp,0.004025,1,0.9599,9
2024-03-11 20:00:00,SHORT,0.72,0.72,tp,0.004025,1,0.9481,9
2024-03-12 00:00:00,LONG,0.69,0.69,tp,0.004,1,0.9324,9
2024-03-12 04:00:00,SHORT,0.7,0.7,tp,0.004025,1,0.9124,9
2024-03-12 08:00:00,SHORT,0.7,0.7,tp,0.004025,1,0.9254,9
2024-03-12 12:00:00,SHORT,0.7,0.7,tp,0.004025,1,0.9122,9
2024-03-12 16:00:00,LONG,0.69,0.69,sl,-0.004,0,0.8894,9
2024-03-12 20:00:00,SHORT,0.69,0.68,tp,0.004025,1,0.8903,9
2024-03-13 00:00:00,SHORT,0.7,0.69,tp,0.004025,1,0.8239,9
2024-03-13 04:00:00,SHORT,0.7,0.69,tp,0.004025,1,0.8156,9
2024-03-13 08:00:00,LONG,0.69,0.69,sl,-0.004,0,0.7869,9
2024-03-13 12:00:00,LONG,0.68,0.68,tp,0.004,1,0.8833,9
2024-03-13 16:00:00,SHORT,0.68,0.68,tp,0.004025,1,0.8039,9
2024-03-13 20:00:00,SHORT,0.69,0.69,tp,0.004025,1,0.8283,9
2024-03-14 00:00:00,SHORT,0.68,0.68,tp,0.004025,1,0.7356,9
2024-03-14 04:00:00,SHORT,0.68,0.68,sl,-0.003991,0,0.746,9
2024-03-14 08:00:00,LONG,0.69,0.69,tp,0.004,1,0.7655,9
2024-03-14 12:00:00,LONG,0.67,0.67,tp,0.004,1,0.8346,9
2024-03-14 16:00:00,SHORT,0.65,0.65,sl,-0.003991,0,0.8746,9
2024-03-14 20:00:00,SHORT,0.67,0.67,tp,0.004025,1,0.8396,9
2024-03-15 00:00:00,SHORT,0.64,0.63,tp,0.004025,1,0.906,9
2024-03-15 04:00:00,LONG,0.64,0.63,sl,-0.004,0,0.8834,9
2024-03-15 08:00:00,SHORT,0.62,0.62,tp,0.004025,1,0.9449,9
2024-03-15 12:00:00,LONG,0.63,0.63,tp,0.004,1,0.9146,9
2024-03-15 16:00:00,LONG,0.63,0.63,tp,0.004,1,0.8662,9
2024-03-15 20:00:00,SHORT,0.63,0.64,sl,-0.003991,0,0.8815,9
2024-03-16 00:00:00,SHORT,0.64,0.64,tp,0.004025,1,0.7983,9
2024-03-16 04:00:00,SHORT,0.64,0.64,tp,0.004025,1,0.8315,9
2024-03-16 08:00:00,SHORT,0.63,0.63,tp,0.004025,1,0.8612,9
2024-03-16 12:00:00,SHORT,0.62,0.62,tp,0.004025,1,0.8664,9
2024-03-16 16:00:00,SHORT,0.61,0.6,tp,0.004025,1,0.9246,9
2024-03-16 20:00:00,SHORT,0.6,0.6,sl,-0.003991,0,0.8853,9
2024-03-17 00:00:00,SHORT,0.61,0.61,tp,0.004025,1,0.8254,9
2024-03-17 04:00:00,LONG,0.6,0.6,tp,0.004,1,0.8892,9
2024-03-17 08:00:00,LONG,0.61,0.62,tp,0.004,1,0.8262,9
2024-03-17 12:00:00,LONG,0.62,0.62,tp,0.004,1,0.8037,9
2024-03-17 16:00:00,LONG,0.62,0.62,sl,-0.004,0,0.7619,9
2024-03-17 20:00:00,LONG,0.62,0.62,tp,0.004,1,0.7782,9
2024-03-18 00:00:00,SHORT,0.62,0.62,tp,0.004025,1,0.742,9
2024-03-18 04:00:00,SHORT,0.62,0.62,tp,0.004025,1,0.7374,9
2024-03-18 08:00:00,SHORT,0.61,0.61,tp,0.004025,1,0.8456,9
2024-03-18 12:00:00,SHORT,0.61,0.6,tp,0.004025,1,0.8581,9
2024-03-18 16:00:00,SHORT,0.6,0.61,sl,-0.003991,0,0.7833,9
2024-03-18 20:00:00,SHORT,0.64,0.64,tp,0.004025,1,0.934,9
2024-03-19 00:00:00,LONG,0.62,0.61,sl,-0.004,0,0.8468,9
2024-03-19 04:00:00,SHORT,0.6,0.6,tp,0.004025,1,0.8926,9
2024-03-19 08:00:00,SHORT,0.59,0.59,sl,-0.003991,0,0.9241,9
2024-03-19 12:00:00,SHORT,0.61,0.6,tp,0.004025,1,0.8839,9
2024-03-19 16:00:00,SHORT,0.61,0.6,tp,0.004025,1,0.7858,9
2024-03-19 20:00:00,LONG,0.58,0.59,tp,0.004,1,0.8952,9
2024-03-20 00:00:00,LONG,0.58,0.59,tp,0.004,1,0.8565,9
2024-03-20 04:00:00,SHORT,0.59,0.59,tp,0.004025,1,0.8787,9
2024-03-20 08:00:00,SHORT,0.6,0.59,tp,0.004025,1,0.8075,9
2024-03-20 12:00:00,LONG,0.59,0.59,tp,0.004,1,0.8989,9
2024-03-20 16:00:00,LONG,0.61,0.61,tp,0.004,1,0.8529,9
2024-03-20 20:00:00,SHORT,0.61,0.61,tp,0.004025,1,0.856,9
2024-03-21 00:00:00,LONG,0.61,0.61,sl,-0.004,0,0.7688,9
2024-03-21 04:00:00,SHORT,0.6,0.61,sl,-0.003991,0,0.77,9
2024-03-21 08:00:00,SHORT,0.62,0.61,tp,0.004025,1,0.8546,9
2024-03-21 12:00:00,LONG,0.64,0.64,tp,0.004,1,0.8901,9
2024-03-21 16:00:00,SHORT,0.64,0.63,tp,0.004025,1,0.8709,9
2024-03-21 20:00:00,SHORT,0.64,0.64,tp,0.004025,1,0.8761,9
2024-03-22 00:00:00,SHORT,0.64,0.63,tp,0.004025,1,0.7885,9
2024-03-22 04:00:00,SHORT,0.63,0.63,tp,0.004025,1,0.8044,9
2024-03-22 08:00:00,LONG,0.62,0.62,tp,0.004,1,0.8835,9
2024-03-22 12:00:00,LONG,0.61,0.61,tp,0.004,1,0.8414,9
2024-03-22 16:00:00,LONG,0.61,0.61,sl,-0.004,0,0.7555,9
2024-03-22 20:00:00,SHORT,0.61,0.61,tp,0.004025,1,0.7807,9
2024-03-23 00:00:00,LONG,0.61,0.61,tp,0.004,1,0.7896,9
2024-03-23 04:00:00,SHORT,0.62,0.62,sl,-0.003991,0,0.689,9
2024-03-23 08:00:00,SHORT,0.62,0.62,sl,-0.003991,0,0.7317,9
2024-03-23 12:00:00,SHORT,0.63,0.62,tp,0.004025,1,0.802,9
2024-03-23 16:00:00,SHORT,0.62,0.62,tp,0.004025,1,0.7217,9
2024-03-23 20:00:00,SHORT,0.62,0.62,sl,-0.003991,0,0.8036,9
2024-03-24 00:00:00,LONG,0.62,0.62,tp,0.004,1,0.7068,9
2024-03-24 04:00:00,SHORT,0.63,0.63,sl,-0.003991,0,0.7944,9
2024-03-24 08:00:00,SHORT,0.63,0.63,tp,0.004025,1,0.796,9
2024-03-24 12:00:00,SHORT,0.63,0.63,tp,0.004025,1,0.7197,9
2024-03-24 16:00:00,SHORT,0.63,0.63,sl,-0.003991,0,0.7057,9
2024-03-24 20:00:00,SHORT,0.63,0.63,tp,0.004025,1,0.8075,9
2024-03-25 00:00:00,SHORT,0.63,0.63,sl,-0.003991,0,0.7259,9
2024-03-25 04:00:00,SHORT,0.63,0.63,sl,-0.003991,0,0.7281,9
2024-03-25 08:00:00,SHORT,0.63,0.63,sl,-0.003991,0,0.7314,9
2024-03-25 12:00:00,SHORT,0.64,0.64,tp,0.004025,1,0.8474,9
2024-03-25 16:00:00,SHORT,0.66,0.65,tp,0.004025,1,0.8229,9
2024-03-25 20:00:00,SHORT,0.64,0.64,sl,-0.003991,0,0.8076,9
2024-03-26 00:00:00,LONG,0.64,0.65,tp,0.004,1,0.7223,9
2024-03-26 04:00:00,SHORT,0.65,0.64,tp,0.004025,1,0.7269,9
2024-03-26 08:00:00,SHORT,0.64,0.64,tp,0.004025,1,0.7337,9
2024-03-26 12:00:00,LONG,0.63,0.63,sl,-0.004,0,0.7528,9
2024-03-26 16:00:00,LONG,0.63,0.63,tp,0.004,1,0.6927,9
2024-03-26 20:00:00,SHORT,0.63,0.63,sl,-0.003991,0,0.6931,9
2024-03-27 04:00:00,LONG,0.62,0.62,sl,-0.004,0,0.791,9
2024-03-27 08:00:00,SHORT,0.62,0.62,tp,0.004025,1,0.7777,9
2024-03-27 12:00:00,SHORT,0.61,0.61,tp,0.004025,1,0.8292,9
2024-03-27 16:00:00,LONG,0.61,0.61,sl,-0.004,0,0.6961,9
2024-03-27 20:00:00,SHORT,0.61,0.61,tp,0.004025,1,0.7346,9
2024-03-28 00:00:00,LONG,0.61,0.61,tp,0.004,1,0.7162,9
2024-03-28 04:00:00,SHORT,0.62,0.62,tp,0.004025,1,0.6962,9
2024-03-28 08:00:00,SHORT,0.62,0.62,tp,0.004025,1,0.7205,9
2024-03-28 12:00:00,SHORT,0.62,0.62,sl,-0.003991,0,0.7018,9
2024-03-28 16:00:00,SHORT,0.63,0.62,tp,0.004025,1,0.7294,9
2024-03-28 20:00:00,SHORT,0.62,0.62,tp,0.004025,1,0.6793,9
2024-03-29 04:00:00,SHORT,0.61,0.61,sl,-0.003991,0,0.7334,9
2024-03-29 08:00:00,SHORT,0.63,0.63,tp,0.004025,1,0.8344,9
2024-03-29 12:00:00,SHORT,0.62,0.63,sl,-0.003991,0,0.7591,9
2024-03-29 16:00:00,SHORT,0.63,0.62,tp,0.004025,1,0.7302,9
2024-03-29 20:00:00,SHORT,0.63,0.63,tp,0.004025,1,0.8303,9
