entry_time,direction,entry,exit,exit_type,pnl_pct,win,prob,fold
2022-04-01 01:15:00,SHORT,1.14,1.14,tp,0.004025,1,0.7568,2
2022-04-01 01:50:00,LONG,1.13,1.14,tp,0.004,1,0.8373,2
2022-04-01 02:25:00,LONG,1.12,1.12,sl,-0.004,0,0.6826,2
2022-04-01 02:55:00,LONG,1.11,1.11,sl,-0.004,0,0.6876,2
2022-04-01 03:40:00,SHORT,1.12,1.12,sl,-0.003991,0,0.7183,2
2022-04-01 04:45:00,SHORT,1.13,1.13,sl,-0.003991,0,0.7302,2
2022-04-01 05:30:00,SHORT,1.13,1.12,tp,0.004025,1,0.7839,2
2022-04-01 08:10:00,LONG,1.15,1.15,sl,-0.004,0,0.6914,2
2022-04-01 08:45:00,SHORT,1.15,1.14,tp,0.004025,1,0.661,2
2022-04-01 09:10:00,SHORT,1.15,1.15,sl,-0.003991,0,0.7376,2
2022-04-01 09:30:00,SHORT,1.15,1.14,tp,0.004025,1,0.7157,2
2022-04-01 10:00:00,LONG,1.15,1.14,sl,-0.004,0,0.7088,2
2022-04-01 12:00:00,LONG,1.13,1.13,tp,0.004,1,0.8095,2
2022-04-01 12:35:00,SHORT,1.13,1.13,tp,0.004025,1,0.7197,2
2022-04-01 13:35:00,SHORT,1.14,1.14,sl,-0.003991,0,0.7397,2
2022-04-01 13:50:00,LONG,1.14,1.14,tp,0.004,1,0.7259,2
2022-04-01 14:30:00,SHORT,1.16,1.16,sl,-0.003991,0,0.7933,2
2022-04-01 14:40:00,LONG,1.16,1.16,tp,0.004,1,0.6911,2
2022-04-01 15:10:00,SHORT,1.17,1.17,sl,-0.003991,0,0.8454,2
2022-04-01 16:10:00,SHORT,1.16,1.17,sl,-0.003991,0,0.6763,2
2022-04-01 16:25:00,SHORT,1.16,1.16,tp,0.004025,1,0.7311,2
2022-04-01 16:40:00,SHORT,1.17,1.16,tp,0.004025,1,0.823,2
2022-04-01 18:15:00,SHORT,1.17,1.17,tp,0.004025,1,0.7192,2
2022-04-01 18:50:00,SHORT,1.17,1.17,sl,-0.003991,0,0.7246,2
2022-04-01 20:35:00,SHORT,1.17,1.17,tp,0.004025,1,0.7062,2
2022-04-01 21:15:00,LONG,1.17,1.17,timeout,-0.002,0,0.6833,2
2022-04-01 22:30:00,SHORT,1.17,1.17,tp,0.004025,1,0.6517,2
2022-04-02 00:55:00,SHORT,1.18,1.19,sl,-0.003991,0,0.7451,2
2022-04-02 01:35:00,LONG,1.17,1.18,tp,0.004,1,0.7458,2
2022-04-02 06:40:00,SHORT,1.19,1.18,tp,0.004025,1,0.7589,2
2022-04-02 07:25:00,LONG,1.18,1.19,tp,0.004,1,0.6689,2
2022-04-02 07:45:00,SHORT,1.19,1.18,tp,0.004025,1,0.6563,2
2022-04-02 11:00:00,SHORT,1.19,1.19,tp,0.004025,1,0.7258,2
2022-04-02 11:35:00,SHORT,1.19,1.18,tp,0.004025,1,0.7127,2
2022-04-02 15:10:00,SHORT,1.17,1.16,tp,0.004025,1,0.6527,2
2022-04-02 15:35:00,LONG,1.16,1.15,sl,-0.004,0,0.7005,2
2022-04-02 15:50:00,LONG,1.15,1.16,tp,0.004,1,0.8731,2
2022-04-02 17:55:00,SHORT,1.17,1.16,tp,0.004025,1,0.6563,2
2022-04-02 19:00:00,LONG,1.15,1.16,tp,0.004,1,0.7148,2
2022-04-02 20:00:00,LONG,1.16,1.16,tp,0.004,1,0.71,2
2022-04-02 20:30:00,LONG,1.16,1.16,sl,-0.004,0,0.6812,2
2022-04-02 20:50:00,SHORT,1.16,1.16,sl,-0.003991,0,0.6991,2
2022-04-02 23:15:00,SHORT,1.17,1.17,tp,0.004025,1,0.8263,2
2022-04-03 00:40:00,SHORT,1.17,1.16,tp,0.004025,1,0.7535,2
2022-04-03 06:05:00,SHORT,1.17,1.17,timeout,0.003137,1,0.6862,2
2022-04-03 07:50:00,SHORT,1.17,1.17,sl,-0.003991,0,0.6724,2
2022-04-03 09:45:00,SHORT,1.17,1.16,tp,0.004025,1,0.7067,2
2022-04-03 10:30:00,SHORT,1.17,1.17,timeout,-0.002,0,0.8095,2
2022-04-03 10:50:00,SHORT,1.17,1.17,sl,-0.003991,0,0.7089,2
2022-04-03 11:45:00,SHORT,1.17,1.18,sl,-0.003991,0,0.7275,2
2022-04-03 13:35:00,LONG,1.18,1.17,sl,-0.004,0,0.7096,2
2022-04-03 14:05:00,LONG,1.17,1.17,sl,-0.004,0,0.7799,2
2022-04-03 14:30:00,LONG,1.17,1.18,tp,0.004,1,0.7443,2
2022-04-03 15:00:00,SHORT,1.18,1.19,sl,-0.003991,0,0.7987,2
2022-04-03 15:30:00,LONG,1.18,1.18,sl,-0.004,0,0.689,2
2022-04-03 16:10:00,SHORT,1.18,1.18,tp,0.004025,1,0.7623,2
2022-04-03 21:50:00,LONG,1.19,1.19,tp,0.004,1,0.6793,2
2022-04-03 23:05:00,LONG,1.18,1.18,sl,-0.004,0,0.6897,2
2022-04-03 23:35:00,LONG,1.18,1.18,sl,-0.004,0,0.7239,2
2022-04-04 00:00:00,LONG,1.18,1.18,sl,-0.004,0,0.6902,2
2022-04-04 01:40:00,LONG,1.17,1.18,tp,0.004,1,0.697,2
2022-04-04 06:25:00,SHORT,1.22,1.21,tp,0.004025,1,0.7871,2
2022-04-04 08:00:00,LONG,1.22,1.22,tp,0.004,1,0.7242,2
2022-04-04 12:15:00,SHORT,1.22,1.22,tp,0.004025,1,0.7397,2
2022-04-04 12:50:00,LONG,1.2,1.21,tp,0.004,1,0.8614,2
2022-04-04 13:05:00,LONG,1.21,1.2,sl,-0.004,0,0.6939,2
2022-04-04 13:30:00,LONG,1.2,1.2,tp,0.004,1,0.8394,2
2022-04-04 14:45:00,LONG,1.22,1.23,tp,0.004,1,0.7971,2
2022-04-04 15:10:00,LONG,1.2,1.2,sl,-0.004,0,0.8031,2
2022-04-04 15:45:00,SHORT,1.22,1.21,tp,0.004025,1,0.7252,2
2022-04-04 16:40:00,LONG,1.2,1.2,sl,-0.004,0,0.8215,2
2022-04-04 17:05:00,LONG,1.19,1.19,tp,0.004,1,0.8463,2
2022-04-04 17:40:00,SHORT,1.17,1.17,tp,0.004025,1,0.7378,2
2022-04-04 17:55:00,SHORT,1.17,1.17,tp,0.004025,1,0.7117,2
2022-04-04 18:05:00,LONG,1.17,1.16,sl,-0.004,0,0.863,2
2022-04-04 20:05:00,LONG,1.18,1.19,tp,0.004,1,0.6915,2
2022-04-04 20:20:00,SHORT,1.19,1.2,sl,-0.003991,0,0.7472,2
2022-04-04 20:30:00,LONG,1.19,1.2,tp,0.004,1,0.651,2
2022-04-04 21:20:00,SHORT,1.2,1.2,sl,-0.003991,0,0.721,2
2022-04-04 21:50:00,SHORT,1.2,1.19,tp,0.004025,1,0.691,2
2022-04-04 23:25:00,SHORT,1.21,1.22,sl,-0.003991,0,0.7447,2
2022-04-05 00:25:00,SHORT,1.21,1.21,tp,0.004025,1,0.678,2
2022-04-05 00:35:00,LONG,1.21,1.21,timeout,0.002135,1,0.7778,2
2022-04-05 01:45:00,SHORT,1.21,1.21,tp,0.004025,1,0.6659,2
2022-04-05 06:25:00,SHORT,1.2,1.2,tp,0.004025,1,0.6552,2
2022-04-05 07:35:00,SHORT,1.21,1.2,tp,0.004025,1,0.6697,2
2022-04-05 08:30:00,LONG,1.2,1.2,timeout,0.0005,1,0.7525,2
2022-04-05 08:40:00,SHORT,1.2,1.2,timeout,0.001333,1,0.7393,2
2022-04-05 10:45:00,SHORT,1.2,1.21,sl,-0.003991,0,0.7688,2
2022-04-05 11:40:00,SHORT,1.21,1.21,sl,-0.003991,0,0.6641,2
2022-04-05 14:40:00,SHORT,1.18,1.19,sl,-0.003991,0,0.6611,2
2022-04-05 16:00:00,LONG,1.18,1.19,tp,0.004,1,0.8405,2
2022-04-05 16:15:00,SHORT,1.19,1.19,sl,-0.003991,0,0.6619,2
2022-04-05 17:00:00,SHORT,1.19,1.2,sl,-0.003991,0,0.734,2
2022-04-05 17:40:00,SHORT,1.2,1.2,tp,0.004025,1,0.7938,2
2022-04-05 19:25:00,SHORT,1.2,1.19,tp,0.004025,1,0.776,2
2022-04-05 23:05:00,LONG,1.18,1.18,sl,-0.004,0,0.6506,2
2022-04-05 23:25:00,LONG,1.18,1.17,sl,-0.004,0,0.7399,2
2022-04-05 23:55:00,SHORT,1.17,1.16,tp,0.004025,1,0.7577,2
2022-04-06 00:30:00,SHORT,1.15,1.15,sl,-0.003991,0,0.7338,2
2022-04-06 01:20:00,SHORT,1.15,1.15,tp,0.004025,1,0.7828,2
2022-04-06 04:00:00,LONG,1.14,1.14,tp,0.004,1,0.7452,2
2022-04-06 06:20:00,LONG,1.15,1.16,tp,0.004,1,0.7178,2
2022-04-06 07:55:00,LONG,1.14,1.14,sl,-0.004,0,0.7261,2
2022-04-06 08:10:00,LONG,1.14,1.14,tp,0.004,1,0.7783,2
2022-04-06 09:50:00,LONG,1.14,1.14,tp,0.004,1,0.6628,2
2022-04-06 11:10:00,LONG,1.11,1.12,tp,0.004,1,0.886,2
2022-04-06 11:20:00,SHORT,1.12,1.11,tp,0.004025,1,0.7035,2
2022-04-06 12:25:00,SHORT,1.12,1.11,tp,0.004025,1,0.6628,2
2022-04-06 13:15:00,LONG,1.11,1.12,tp,0.004,1,0.7164,2
2022-04-06 13:30:00,SHORT,1.12,1.11,tp,0.004025,1,0.6698,2
2022-04-06 14:05:00,LONG,1.1,1.11,tp,0.004,1,0.6617,2
2022-04-06 14:30:00,SHORT,1.11,1.11,tp,0.004025,1,0.708,2
2022-04-06 15:30:00,LONG,1.09,1.09,sl,-0.004,0,0.6531,2
2022-04-06 17:10:00,LONG,1.07,1.07,tp,0.004,1,0.6994,2
2022-04-06 17:25:00,SHORT,1.08,1.08,sl,-0.003991,0,0.7017,2
2022-04-06 18:00:00,SHORT,1.1,1.1,tp,0.004025,1,0.8456,2
2022-04-06 18:20:00,LONG,1.08,1.08,tp,0.004,1,0.7658,2
2022-04-06 19:00:00,SHORT,1.1,1.09,tp,0.004025,1,0.7412,2
2022-04-06 19:15:00,SHORT,1.09,1.09,sl,-0.003991,0,0.6603,2
2022-04-06 19:30:00,LONG,1.09,1.09,tp,0.004,1,0.8425,2
2022-04-06 19:45:00,SHORT,1.1,1.09,tp,0.004025,1,0.8285,2
2022-04-06 20:15:00,LONG,1.09,1.09,sl,-0.004,0,0.6709,2
2022-04-06 20:30:00,SHORT,1.1,1.1,sl,-0.003991,0,0.7853,2
2022-04-06 23:05:00,LONG,1.07,1.07,sl,-0.004,0,0.6529,2
2022-04-06 23:40:00,SHORT,1.06,1.06,tp,0.004025,1,0.69,2
2022-04-06 23:55:00,LONG,1.05,1.06,tp,0.004,1,0.8069,2
2022-04-07 00:55:00,LONG,1.05,1.05,tp,0.004,1,0.8152,2
2022-04-07 01:05:00,SHORT,1.05,1.05,tp,0.004025,1,0.8381,2
2022-04-07 02:35:00,SHORT,1.06,1.05,tp,0.004025,1,0.8252,2
2022-04-07 02:45:00,LONG,1.05,1.06,tp,0.004,1,0.694,2
2022-04-07 04:05:00,SHORT,1.06,1.06,tp,0.004025,1,0.7912,2
2022-04-07 04:15:00,LONG,1.06,1.06,tp,0.004,1,0.6726,2
2022-04-07 05:00:00,SHORT,1.07,1.06,tp,0.004025,1,0.6846,2
2022-04-07 07:35:00,SHORT,1.09,1.09,sl,-0.003991,0,0.6836,2
2022-04-07 07:50:00,SHORT,1.09,1.09,tp,0.004025,1,0.8427,2
2022-04-07 08:15:00,LONG,1.09,1.09,tp,0.004,1,0.6749,2
2022-04-07 09:25:00,LONG,1.07,1.08,tp,0.004,1,0.8261,2
2022-04-07 09:55:00,SHORT,1.08,1.08,tp,0.004025,1,0.7889,2
2022-04-07 10:25:00,SHORT,1.08,1.08,sl,-0.003991,0,0.6523,2
2022-04-07 11:40:00,SHORT,1.09,1.1,sl,-0.003991,0,0.7855,2
2022-04-07 13:05:00,LONG,1.08,1.08,tp,0.004,1,0.8538,2
2022-04-07 14:35:00,SHORT,1.08,1.08,tp,0.004025,1,0.6864,2
2022-04-07 15:30:00,LONG,1.06,1.07,tp,0.004,1,0.6974,2
2022-04-07 17:10:00,SHORT,1.09,1.08,tp,0.004025,1,0.7347,2
2022-04-07 17:25:00,SHORT,1.09,1.08,tp,0.004025,1,0.7446,2
2022-04-07 18:05:00,LONG,1.08,1.09,tp,0.004,1,0.6973,2
2022-04-07 18:25:00,SHORT,1.09,1.09,sl,-0.003991,0,0.6954,2
2022-04-07 20:45:00,SHORT,1.09,1.08,tp,0.004025,1,0.72,2
2022-04-08 01:10:00,SHORT,1.09,1.09,sl,-0.003991,0,0.8003,2
2022-04-08 02:05:00,SHORT,1.09,1.09,timeout,0.000748,1,0.7411,2
2022-04-08 05:40:00,LONG,1.1,1.09,sl,-0.004,0,0.6716,2
2022-04-08 08:00:00,SHORT,1.09,1.09,sl,-0.003991,0,0.6825,2
2022-04-08 08:45:00,SHORT,1.1,1.09,tp,0.004025,1,0.6719,2
2022-04-08 12:30:00,SHORT,1.07,1.07,tp,0.004025,1,0.6866,2
2022-04-08 14:30:00,SHORT,1.08,1.07,tp,0.004025,1,0.7392,2
2022-04-08 16:25:00,SHORT,1.07,1.07,tp,0.004025,1,0.6994,2
2022-04-08 18:50:00,SHORT,1.06,1.05,tp,0.004025,1,0.6597,2
2022-04-08 22:40:00,LONG,1.03,1.04,tp,0.004,1,0.8315,2
2022-04-08 22:50:00,SHORT,1.04,1.03,tp,0.004025,1,0.749,2
2022-04-08 23:40:00,LONG,1.02,1.03,tp,0.004,1,0.8215,2
2022-04-09 01:40:00,LONG,1.03,1.04,tp,0.004,1,0.7052,2
2022-04-09 03:15:00,SHORT,1.03,1.02,tp,0.004025,1,0.7691,2
2022-04-09 06:35:00,LONG,1.03,1.04,tp,0.004,1,0.6586,2
2022-04-09 08:25:00,LONG,1.04,1.04,tp,0.004,1,0.7892,2
2022-04-09 08:40:00,SHORT,1.04,1.04,tp,0.004025,1,0.6829,2
2022-04-09 10:40:00,SHORT,1.04,1.03,tp,0.004025,1,0.6579,2
2022-04-09 12:30:00,SHORT,1.04,1.04,timeout,-0.00104,0,0.7148,2
2022-04-09 14:45:00,LONG,1.03,1.03,sl,-0.004,0,0.7389,2
2022-04-09 15:55:00,LONG,1.02,1.03,tp,0.004,1,0.7139,2
2022-04-09 16:30:00,SHORT,1.03,1.03,tp,0.004025,1,0.6719,2
2022-04-09 17:30:00,SHORT,1.03,1.04,sl,-0.003991,0,0.6642,2
2022-04-10 00:20:00,LONG,1.04,1.04,sl,-0.004,0,0.6706,2
2022-04-10 00:55:00,LONG,1.04,1.05,tp,0.004,1,0.6555,2
2022-04-10 10:00:00,LONG,1.03,1.03,sl,-0.004,0,0.6766,2
2022-04-10 12:30:00,LONG,1.03,1.03,sl,-0.004,0,0.7,2
2022-04-10 17:05:00,SHORT,1.05,1.05,sl,-0.003991,0,0.6691,2
2022-04-10 17:40:00,SHORT,1.06,1.05,tp,0.004025,1,0.814,2
2022-04-10 18:00:00,LONG,1.06,1.06,tp,0.004,1,0.6567,2
2022-04-10 18:30:00,SHORT,1.07,1.06,tp,0.004025,1,0.7198,2
2022-04-10 23:15:00,SHORT,1.04,1.03,tp,0.004025,1,0.6866,2
2022-04-11 00:05:00,LONG,1.02,1.02,tp,0.004,1,0.8308,2
2022-04-11 00:20:00,LONG,1.02,1.02,tp,0.004,1,0.8287,2
2022-04-11 01:25:00,SHORT,1.03,1.02,tp,0.004025,1,0.6938,2
2022-04-11 02:30:00,LONG,1.02,1.01,sl,-0.004,0,0.6555,2
2022-04-11 02:50:00,SHORT,1.01,1.0,tp,0.004025,1,0.6548,2
2022-04-11 03:30:00,LONG,1.01,1.01,tp,0.004,1,0.6876,2
2022-04-11 04:45:00,SHORT,1.02,1.02,tp,0.004025,1,0.6776,2
2022-04-11 08:35:00,LONG,1.01,1.01,tp,0.004,1,0.6504,2
2022-04-11 09:15:00,SHORT,1.0,0.99,tp,0.004025,1,0.713,2
2022-04-11 09:30:00,SHORT,0.99,0.99,sl,-0.003991,0,0.6541,2
2022-04-11 10:00:00,LONG,0.97,0.98,tp,0.004,1,0.7386,2
2022-04-11 10:15:00,SHORT,0.98,0.98,tp,0.004025,1,0.6968,2
2022-04-11 11:40:00,SHORT,0.97,0.96,tp,0.004025,1,0.7834,2
2022-04-11 12:20:00,SHORT,0.97,0.96,tp,0.004025,1,0.726,2
2022-04-11 12:35:00,LONG,0.96,0.96,sl,-0.004,0,0.6568,2
2022-04-11 13:25:00,SHORT,0.95,0.94,tp,0.004025,1,0.661,2
2022-04-11 13:30:00,LONG,0.94,0.95,tp,0.004,1,0.8638,2
2022-04-11 14:30:00,SHORT,0.94,0.94,tp,0.004025,1,0.7338,2
2022-04-11 15:15:00,SHORT,0.95,0.94,tp,0.004025,1,0.7228,2
2022-04-11 16:30:00,LONG,0.94,0.94,tp,0.004,1,0.7876,2
2022-04-11 17:05:00,SHORT,0.95,0.95,tp,0.004025,1,0.8437,2
2022-04-11 17:15:00,LONG,0.94,0.95,tp,0.004,1,0.7677,2
2022-04-11 17:30:00,SHORT,0.95,0.95,tp,0.004025,1,0.8456,2
2022-04-11 17:55:00,SHORT,0.95,0.96,sl,-0.003991,0,0.8442,2
2022-04-11 19:00:00,SHORT,0.96,0.95,tp,0.004025,1,0.7482,2
2022-04-11 20:05:00,LONG,0.94,0.94,tp,0.004,1,0.8045,2
2022-04-11 21:40:00,LONG,0.93,0.92,sl,-0.004,0,0.7058,2
2022-04-11 22:10:00,LONG,0.92,0.93,tp,0.004,1,0.6976,2
2022-04-11 22:45:00,LONG,0.93,0.93,sl,-0.004,0,0.8117,2
2022-04-11 23:00:00,SHORT,0.93,0.93,tp,0.004025,1,0.777,2
2022-04-12 01:00:00,LONG,0.93,0.93,tp,0.004,1,0.7202,2
2022-04-12 02:45:00,SHORT,0.93,0.93,sl,-0.003991,0,0.8141,2
2022-04-12 04:10:00,LONG,0.93,0.93,tp,0.004,1,0.7116,2
2022-04-12 05:00:00,SHORT,0.94,0.94,sl,-0.003991,0,0.7355,2
2022-04-12 06:00:00,LONG,0.95,0.95,tp,0.004,1,0.7038,2
2022-04-12 07:25:00,SHORT,0.95,0.96,sl,-0.003991,0,0.7195,2
2022-04-12 08:40:00,SHORT,0.95,0.95,tp,0.004025,1,0.7695,2
2022-04-12 08:45:00,LONG,0.95,0.95,sl,-0.004,0,0.6646,2
2022-04-12 10:00:00,SHORT,0.95,0.95,tp,0.004025,1,0.7785,2
2022-04-12 11:50:00,SHORT,0.96,0.97,sl,-0.003991,0,0.7195,2
2022-04-12 12:20:00,LONG,0.96,0.97,tp,0.004,1,0.6898,2
2022-04-12 12:30:00,SHORT,0.97,0.97,tp,0.004025,1,0.8357,2
2022-04-12 13:35:00,LONG,0.97,0.96,sl,-0.004,0,0.7543,2
2022-04-12 14:25:00,LONG,0.95,0.95,tp,0.004,1,0.8903,2
2022-04-12 14:35:00,SHORT,0.95,0.95,tp,0.004025,1,0.8046,2
2022-04-12 14:50:00,LONG,0.95,0.96,tp,0.004,1,0.6999,2
2022-04-12 16:05:00,LONG,0.96,0.96,tp,0.004,1,0.7267,2
2022-04-12 16:15:00,SHORT,0.96,0.96,tp,0.004025,1,0.7839,2
2022-04-12 16:40:00,LONG,0.95,0.96,tp,0.004,1,0.7067,2
2022-04-12 19:45:00,SHORT,0.94,0.93,tp,0.004025,1,0.6881,2
2022-04-12 19:55:00,LONG,0.93,0.94,tp,0.004,1,0.8245,2
2022-04-12 20:40:00,LONG,0.94,0.93,sl,-0.004,0,0.6595,2
2022-04-12 21:35:00,LONG,0.94,0.95,tp,0.004,1,0.6562,2
2022-04-12 22:30:00,SHORT,0.95,0.94,tp,0.004025,1,0.7629,2
2022-04-13 00:10:00,SHORT,0.96,0.95,tp,0.004025,1,0.8558,2
2022-04-13 01:45:00,LONG,0.95,0.94,sl,-0.004,0,0.6965,2
2022-04-13 02:05:00,SHORT,0.95,0.94,tp,0.004025,1,0.6693,2
2022-04-13 04:40:00,LONG,0.95,0.96,tp,0.004,1,0.6911,2
2022-04-13 09:50:00,SHORT,0.95,0.95,tp,0.004025,1,0.6731,2
2022-04-13 12:35:00,LONG,0.94,0.94,sl,-0.004,0,0.7029,2
2022-04-13 13:00:00,LONG,0.94,0.94,tp,0.004,1,0.7626,2
2022-04-13 14:30:00,LONG,0.96,0.96,tp,0.004,1,0.664,2
2022-04-13 15:30:00,SHORT,0.98,0.97,tp,0.004025,1,0.7688,2
2022-04-13 16:15:00,SHORT,0.97,0.97,tp,0.004025,1,0.6757,2
2022-04-13 17:00:00,LONG,0.96,0.96,timeout,8e-05,1,0.7815,2
2022-04-13 17:20:00,SHORT,0.96,0.97,sl,-0.003991,0,0.6624,2
2022-04-13 17:35:00,LONG,0.96,0.97,tp,0.004,1,0.6762,2
2022-04-13 17:45:00,SHORT,0.96,0.97,sl,-0.003991,0,0.7024,2
2022-04-14 00:30:00,SHORT,0.97,0.98,sl,-0.003991,0,0.8064,2
2022-04-14 01:55:00,SHORT,0.98,0.98,tp,0.004025,1,0.7156,2
2022-04-14 02:45:00,LONG,0.98,0.97,sl,-0.004,0,0.6602,2
2022-04-14 03:35:00,LONG,0.97,0.98,tp,0.004,1,0.7716,2
2022-04-14 10:50:00,LONG,0.96,0.95,sl,-0.004,0,0.7203,2
2022-04-14 11:35:00,SHORT,0.96,0.96,sl,-0.003991,0,0.7305,2
2022-04-14 11:50:00,LONG,0.95,0.96,tp,0.004,1,0.814,2
2022-04-14 12:45:00,SHORT,0.96,0.96,tp,0.004025,1,0.6544,2
2022-04-14 14:05:00,LONG,0.94,0.95,tp,0.004,1,0.8632,2
2022-04-14 15:20:00,LONG,0.94,0.94,sl,-0.004,0,0.6966,2
2022-04-14 16:10:00,SHORT,0.94,0.93,tp,0.004025,1,0.6546,2
2022-04-14 16:35:00,LONG,0.93,0.93,tp,0.004,1,0.7523,2
2022-04-14 22:55:00,LONG,0.93,0.93,timeout,0.002302,1,0.6677,2
2022-04-15 00:05:00,SHORT,0.93,0.94,sl,-0.003991,0,0.6696,2
2022-04-15 04:15:00,SHORT,0.96,0.95,tp,0.004025,1,0.8135,2
2022-04-15 05:15:00,LONG,0.95,0.95,tp,0.004,1,0.6924,2
2022-04-15 14:50:00,SHORT,0.95,0.95,timeout,-0.000952,0,0.7127,2
2022-04-15 17:05:00,SHORT,0.96,0.96,timeout,0.001139,1,0.692,2
2022-04-15 22:20:00,SHORT,0.95,0.95,timeout,0.001155,1,0.6912,2
2022-04-16 02:05:00,LONG,0.96,0.96,timeout,-0.002,0,0.6707,2
2022-04-16 04:40:00,SHORT,0.96,0.96,timeout,9.3e-05,1,0.662,2
2022-04-16 15:35:00,LONG,0.94,0.94,timeout,0.001192,1,0.8361,2
2022-04-16 20:10:00,SHORT,0.94,0.94,sl,-0.003991,0,0.6957,2
2022-04-17 00:40:00,LONG,0.95,0.95,timeout,0.000108,1,0.7159,2
2022-04-17 03:10:00,LONG,0.94,0.94,timeout,0.000124,1,0.7364,2
2022-04-17 10:35:00,SHORT,0.95,0.95,timeout,-0.004096,0,0.6822,2
2022-04-17 13:20:00,SHORT,0.96,0.96,sl,-0.003991,0,0.6826,2
2022-04-17 14:00:00,LONG,0.95,0.95,timeout,-0.000952,0,0.6976,2
2022-04-17 22:20:00,SHORT,0.94,0.94,tp,0.004025,1,0.6896,2
2022-04-17 23:45:00,LONG,0.92,0.91,sl,-0.004,0,0.8102,2
2022-04-18 00:35:00,LONG,0.92,0.92,tp,0.004,1,0.6954,2
2022-04-18 04:20:00,LONG,0.89,0.89,sl,-0.004,0,0.8334,2
2022-04-18 04:40:00,SHORT,0.89,0.89,tp,0.004025,1,0.6868,2
2022-04-18 05:05:00,LONG,0.88,0.89,tp,0.004,1,0.8575,2
2022-04-18 05:30:00,SHORT,0.89,0.89,sl,-0.003991,0,0.6646,2
2022-04-18 06:55:00,LONG,0.88,0.88,sl,-0.004,0,0.7592,2
2022-04-18 07:05:00,SHORT,0.88,0.88,tp,0.004025,1,0.7059,2
2022-04-18 07:20:00,LONG,0.88,0.88,sl,-0.004,0,0.8533,2
2022-04-18 07:45:00,LONG,0.88,0.88,tp,0.004,1,0.8655,2
2022-04-18 09:20:00,LONG,0.88,0.88,tp,0.004,1,0.6894,2
2022-04-18 13:15:00,LONG,0.9,0.9,tp,0.004,1,0.6658,2
2022-04-18 14:45:00,SHORT,0.9,0.9,tp,0.004025,1,0.6908,2
2022-04-18 15:40:00,LONG,0.9,0.89,sl,-0.004,0,0.7218,2
2022-04-18 17:15:00,SHORT,0.92,0.91,tp,0.004025,1,0.8141,2
2022-04-18 17:35:00,SHORT,0.92,0.92,sl,-0.003991,0,0.6985,2
2022-04-18 18:35:00,SHORT,0.93,0.93,tp,0.004025,1,0.6532,2
2022-04-18 19:20:00,SHORT,0.93,0.92,tp,0.004025,1,0.6822,2
2022-04-18 21:35:00,SHORT,0.94,0.93,tp,0.004025,1,0.6663,2
2022-04-19 00:30:00,SHORT,0.94,0.94,tp,0.004025,1,0.6524,2
2022-04-19 01:55:00,LONG,0.94,0.93,sl,-0.004,0,0.6556,2
2022-04-19 03:00:00,LONG,0.93,0.93,timeout,-0.002,0,0.7491,2
2022-04-19 03:35:00,LONG,0.93,0.93,timeout,0.002302,1,0.726,2
2022-04-19 04:05:00,LONG,0.93,0.93,tp,0.004,1,0.7038,2
2022-04-19 12:45:00,LONG,0.93,0.93,sl,-0.004,0,0.6585,2
2022-04-19 14:10:00,SHORT,0.95,0.95,sl,-0.003991,0,0.6718,2
2022-04-19 15:10:00,SHORT,0.95,0.95,tp,0.004025,1,0.6517,2
2022-04-19 16:40:00,LONG,0.94,0.94,sl,-0.004,0,0.6632,2
2022-04-19 17:10:00,LONG,0.94,0.94,timeout,0.001196,1,0.7376,2
2022-04-19 17:25:00,LONG,0.94,0.94,timeout,0.002261,1,0.7435,2
2022-04-20 07:25:00,LONG,0.95,0.95,timeout,0.000115,1,0.6714,2
2022-04-20 11:05:00,LONG,0.96,0.97,tp,0.004,1,0.6913,2
2022-04-20 11:55:00,LONG,0.97,0.97,tp,0.004,1,0.6675,2
2022-04-20 14:05:00,LONG,0.96,0.96,tp,0.004,1,0.8351,2
2022-04-20 15:15:00,LONG,0.94,0.94,sl,-0.004,0,0.8176,2
2022-04-20 18:55:00,LONG,0.93,0.94,tp,0.004,1,0.8039,2
2022-04-20 21:00:00,LONG,0.94,0.94,timeout,0.001199,1,0.687,2
2022-04-21 02:30:00,SHORT,0.95,0.95,timeout,0.001169,1,0.66,2
2022-04-21 08:00:00,SHORT,0.95,0.95,timeout,0.002216,1,0.7125,2
2022-04-21 10:50:00,LONG,0.95,0.96,tp,0.004,1,0.6559,2
2022-04-21 11:25:00,LONG,0.96,0.96,tp,0.004,1,0.6726,2
2022-04-21 13:30:00,SHORT,0.97,0.96,tp,0.004025,1,0.8019,2
2022-04-21 13:50:00,LONG,0.97,0.96,sl,-0.004,0,0.6887,2
2022-04-21 13:55:00,SHORT,0.97,0.96,tp,0.004025,1,0.6709,2
2022-04-21 14:40:00,LONG,0.96,0.96,tp,0.004,1,0.7538,2
2022-04-21 16:25:00,LONG,0.95,0.95,sl,-0.004,0,0.7993,2
2022-04-21 17:15:00,LONG,0.94,0.95,tp,0.004,1,0.7655,2
2022-04-21 17:40:00,LONG,0.94,0.94,sl,-0.004,0,0.6826,2
2022-04-21 18:00:00,LONG,0.94,0.94,sl,-0.004,0,0.8085,2
2022-04-21 22:00:00,LONG,0.91,0.91,tp,0.004,1,0.6518,2
2022-04-21 22:30:00,LONG,0.89,0.9,tp,0.004,1,0.7892,2
2022-04-21 23:00:00,SHORT,0.91,0.9,tp,0.004025,1,0.7526,2
2022-04-21 23:15:00,SHORT,0.91,0.9,tp,0.004025,1,0.7418,2
2022-04-22 00:30:00,SHORT,0.92,0.91,tp,0.004025,1,0.8071,2
2022-04-22 02:05:00,SHORT,0.92,0.92,tp,0.004025,1,0.732,2
2022-04-22 07:30:00,LONG,0.91,0.92,tp,0.004,1,0.8046,2
2022-04-22 10:00:00,LONG,0.91,0.91,tp,0.004,1,0.6954,2
2022-04-22 11:30:00,LONG,0.92,0.91,sl,-0.004,0,0.7133,2
2022-04-22 13:15:00,LONG,0.91,0.92,tp,0.004,1,0.6509,2
2022-04-22 13:30:00,SHORT,0.92,0.91,tp,0.004025,1,0.653,2
2022-04-22 13:50:00,SHORT,0.91,0.91,tp,0.004025,1,0.6566,2
2022-04-22 15:00:00,LONG,0.9,0.91,tp,0.004,1,0.8321,2
2022-04-22 15:05:00,SHORT,0.91,0.9,tp,0.004025,1,0.7455,2
2022-04-22 16:45:00,SHORT,0.9,0.9,tp,0.004025,1,0.7193,2
2022-04-22 18:20:00,SHORT,0.91,0.9,tp,0.004025,1,0.6623,2
2022-04-22 18:55:00,SHORT,0.91,0.91,sl,-0.003991,0,0.6902,2
2022-04-22 22:15:00,SHORT,0.91,0.91,sl,-0.003991,0,0.6546,2
2022-04-22 23:00:00,SHORT,0.91,0.91,sl,-0.003991,0,0.6901,2
2022-04-23 00:35:00,LONG,0.9,0.9,sl,-0.004,0,0.7583,2
2022-04-23 10:45:00,SHORT,0.9,0.9,timeout,0.001334,1,0.67,2
2022-04-24 10:15:00,SHORT,0.89,0.89,timeout,-0.004237,0,0.6791,2
2022-04-24 10:40:00,SHORT,0.89,0.89,tp,0.004025,1,0.6949,2
2022-04-24 14:30:00,LONG,0.88,0.89,tp,0.004,1,0.6899,2
2022-04-24 16:50:00,LONG,0.88,0.89,tp,0.004,1,0.7723,2
2022-04-24 17:50:00,LONG,0.88,0.88,tp,0.004,1,0.676,2
2022-04-24 21:05:00,LONG,0.88,0.89,tp,0.004,1,0.6802,2
2022-04-25 00:20:00,LONG,0.87,0.86,sl,-0.004,0,0.6962,2
2022-04-25 00:50:00,LONG,0.85,0.86,tp,0.004,1,0.6608,2
2022-04-25 02:00:00,SHORT,0.86,0.86,tp,0.004025,1,0.7173,2
2022-04-25 03:40:00,SHORT,0.87,0.87,tp,0.004025,1,0.7271,2
2022-04-25 06:15:00,LONG,0.86,0.86,tp,0.004,1,0.7994,2
2022-04-25 07:30:00,LONG,0.83,0.84,tp,0.004,1,0.867,2
2022-04-25 08:40:00,SHORT,0.83,0.83,tp,0.004025,1,0.7724,2
2022-04-25 09:05:00,SHORT,0.83,0.83,tp,0.004025,1,0.7481,2
2022-04-25 09:40:00,SHORT,0.84,0.84,sl,-0.003991,0,0.6864,2
2022-04-25 10:05:00,LONG,0.84,0.84,tp,0.004,1,0.7023,2
2022-04-25 10:25:00,SHORT,0.84,0.85,sl,-0.003991,0,0.7779,2
2022-04-25 10:50:00,SHORT,0.84,0.85,sl,-0.003991,0,0.6587,2
2022-04-25 11:45:00,SHORT,0.86,0.86,sl,-0.003991,0,0.804,2
2022-04-25 12:00:00,SHORT,0.86,0.86,sl,-0.003991,0,0.7405,2
2022-04-25 12:25:00,SHORT,0.86,0.86,tp,0.004025,1,0.8539,2
2022-04-25 13:05:00,LONG,0.85,0.85,sl,-0.004,0,0.817,2
2022-04-25 13:30:00,LONG,0.85,0.86,tp,0.004,1,0.7615,2
2022-04-25 13:35:00,SHORT,0.86,0.86,sl,-0.003991,0,0.6946,2
2022-04-25 14:35:00,SHORT,0.86,0.86,tp,0.004025,1,0.7136,2
2022-04-25 15:05:00,LONG,0.86,0.86,tp,0.004,1,0.6752,2
2022-04-25 15:10:00,SHORT,0.86,0.86,sl,-0.003991,0,0.677,2
2022-04-25 16:00:00,LONG,0.86,0.86,tp,0.004,1,0.8607,2
2022-04-25 16:15:00,LONG,0.87,0.87,tp,0.004,1,0.6844,2
2022-04-25 16:50:00,SHORT,0.88,0.87,tp,0.004025,1,0.8136,2
2022-04-25 17:05:00,LONG,0.87,0.87,sl,-0.004,0,0.6512,2
2022-04-25 17:20:00,SHORT,0.88,0.87,tp,0.004025,1,0.7932,2
2022-04-25 17:30:00,LONG,0.87,0.87,sl,-0.004,0,0.6993,2
2022-04-25 18:00:00,LONG,0.87,0.87,tp,0.004,1,0.8192,2
2022-04-25 19:10:00,LONG,0.87,0.88,tp,0.004,1,0.7623,2
2022-04-25 21:20:00,SHORT,0.9,0.9,sl,-0.003991,0,0.828,2
2022-04-25 22:20:00,SHORT,0.9,0.9,sl,-0.003991,0,0.7054,2
2022-04-25 23:45:00,SHORT,0.9,0.89,tp,0.004025,1,0.6945,2
2022-04-25 23:55:00,LONG,0.9,0.9,sl,-0.004,0,0.6512,2
2022-04-26 00:15:00,LONG,0.9,0.9,tp,0.004,1,0.7594,2
2022-04-26 00:35:00,SHORT,0.9,0.9,tp,0.004025,1,0.729,2
2022-04-26 01:10:00,LONG,0.89,0.89,sl,-0.004,0,0.8597,2
2022-04-26 01:55:00,LONG,0.89,0.88,sl,-0.004,0,0.7922,2
2022-04-26 02:10:00,LONG,0.88,0.89,timeout,0.003422,1,0.8476,2
2022-04-26 02:40:00,LONG,0.88,0.89,tp,0.004,1,0.7684,2
2022-04-26 03:40:00,LONG,0.89,0.89,tp,0.004,1,0.6619,2
2022-04-26 04:35:00,SHORT,0.89,0.89,sl,-0.003991,0,0.6666,2
2022-04-26 04:55:00,LONG,0.89,0.89,timeout,0.000241,1,0.7032,2
2022-04-26 06:25:00,LONG,0.89,0.89,sl,-0.004,0,0.7318,2
2022-04-26 08:20:00,SHORT,0.9,0.89,tp,0.004025,1,0.6935,2
2022-04-26 09:05:00,LONG,0.89,0.89,sl,-0.004,0,0.6609,2
2022-04-26 09:20:00,LONG,0.89,0.89,sl,-0.004,0,0.6788,2
2022-04-26 09:35:00,SHORT,0.89,0.89,tp,0.004025,1,0.7287,2
2022-04-26 09:55:00,SHORT,0.89,0.89,timeout,0.001949,1,0.6977,2
2022-04-26 10:25:00,SHORT,0.89,0.88,tp,0.004025,1,0.6524,2
2022-04-26 11:05:00,LONG,0.88,0.89,tp,0.004,1,0.7289,2
2022-04-26 11:40:00,LONG,0.89,0.88,timeout,-0.003579,0,0.6766,2
2022-04-26 12:30:00,SHORT,0.89,0.88,tp,0.004025,1,0.7637,2
2022-04-26 12:50:00,LONG,0.88,0.88,sl,-0.004,0,0.7657,2
2022-04-26 13:40:00,LONG,0.87,0.87,sl,-0.004,0,0.8565,2
2022-04-26 14:55:00,SHORT,0.85,0.85,tp,0.004025,1,0.6567,2
2022-04-26 16:00:00,LONG,0.84,0.84,tp,0.004,1,0.72,2
2022-04-26 16:25:00,SHORT,0.85,0.84,tp,0.004025,1,0.6754,2
2022-04-26 16:30:00,LONG,0.84,0.85,tp,0.004,1,0.7512,2
2022-04-26 16:55:00,SHORT,0.85,0.84,tp,0.004025,1,0.7611,2
2022-04-26 17:20:00,LONG,0.83,0.84,tp,0.004,1,0.8475,2
2022-04-26 18:05:00,LONG,0.83,0.84,timeout,0.002443,1,0.8222,2
2022-04-26 18:35:00,SHORT,0.83,0.84,sl,-0.003991,0,0.6697,2
2022-04-26 19:15:00,LONG,0.83,0.83,sl,-0.004,0,0.836,2
2022-04-26 19:30:00,LONG,0.82,0.82,tp,0.004,1,0.7505,2
2022-04-26 20:10:00,LONG,0.82,0.82,tp,0.004,1,0.81,2
2022-04-26 20:35:00,SHORT,0.83,0.83,sl,-0.003991,0,0.7097,2
2022-04-26 20:50:00,LONG,0.83,0.83,tp,0.004,1,0.7957,2
2022-04-26 21:10:00,SHORT,0.84,0.84,sl,-0.003991,0,0.8165,2
2022-04-26 21:20:00,LONG,0.83,0.84,tp,0.004,1,0.6717,2
2022-04-26 21:50:00,SHORT,0.84,0.84,tp,0.004025,1,0.8102,2
2022-04-26 22:15:00,SHORT,0.84,0.84,tp,0.004025,1,0.8032,2
2022-04-26 23:15:00,LONG,0.82,0.82,tp,0.004,1,0.8948,2
2022-04-27 00:35:00,SHORT,0.83,0.83,tp,0.004025,1,0.7758,2
2022-04-27 01:15:00,SHORT,0.83,0.83,sl,-0.003991,0,0.7857,2
2022-04-27 01:35:00,SHORT,0.83,0.84,sl,-0.003991,0,0.8493,2
2022-04-27 02:10:00,SHORT,0.83,0.84,sl,-0.003991,0,0.8118,2
2022-04-27 02:55:00,SHORT,0.84,0.83,tp,0.004025,1,0.7497,2
2022-04-27 06:20:00,LONG,0.83,0.84,tp,0.004,1,0.7364,2
2022-04-27 07:25:00,LONG,0.84,0.85,tp,0.004,1,0.6761,2
2022-04-27 08:00:00,SHORT,0.85,0.85,sl,-0.003991,0,0.7797,2
2022-04-27 09:10:00,LONG,0.84,0.85,tp,0.004,1,0.6831,2
2022-04-27 09:25:00,SHORT,0.85,0.85,sl,-0.003991,0,0.7818,2
2022-04-27 10:45:00,LONG,0.84,0.84,sl,-0.004,0,0.6652,2
2022-04-27 11:20:00,LONG,0.83,0.84,tp,0.004,1,0.6871,2
2022-04-27 12:05:00,SHORT,0.84,0.84,tp,0.004025,1,0.7527,2
2022-04-27 12:20:00,LONG,0.84,0.84,sl,-0.004,0,0.7538,2
2022-04-27 13:10:00,LONG,0.83,0.84,tp,0.004,1,0.8378,2
2022-04-27 13:25:00,LONG,0.85,0.85,tp,0.004,1,0.6653,2
2022-04-27 14:15:00,LONG,0.84,0.83,sl,-0.004,0,0.7279,2
2022-04-27 14:30:00,LONG,0.83,0.84,tp,0.004,1,0.7544,2
2022-04-27 14:35:00,SHORT,0.84,0.84,tp,0.004025,1,0.743,2
2022-04-27 14:50:00,LONG,0.83,0.84,tp,0.004,1,0.8477,2
2022-04-27 15:10:00,LONG,0.83,0.84,tp,0.004,1,0.8112,2
2022-04-27 15:30:00,SHORT,0.84,0.84,sl,-0.003991,0,0.8059,2
2022-04-27 16:15:00,LONG,0.84,0.84,sl,-0.004,0,0.733,2
2022-04-27 17:05:00,SHORT,0.84,0.84,timeout,-0.002357,0,0.7264,2
2022-04-27 18:40:00,SHORT,0.84,0.83,tp,0.004025,1,0.716,2
2022-04-27 19:20:00,LONG,0.83,0.83,tp,0.004,1,0.8492,2
2022-04-27 20:20:00,SHORT,0.85,0.85,tp,0.004025,1,0.8186,2
2022-04-27 20:35:00,LONG,0.84,0.84,sl,-0.004,0,0.7168,2
2022-04-27 20:55:00,LONG,0.84,0.84,tp,0.004,1,0.6703,2
2022-04-27 21:40:00,SHORT,0.84,0.84,tp,0.004025,1,0.7552,2
2022-04-27 22:45:00,LONG,0.84,0.84,timeout,0.001696,1,0.8357,2
2022-04-28 00:50:00,LONG,0.84,0.85,tp,0.004,1,0.6939,2
2022-04-28 03:20:00,LONG,0.84,0.84,sl,-0.004,0,0.704,2
2022-04-28 03:50:00,LONG,0.84,0.84,timeout,0.00157,1,0.6831,2
2022-04-28 04:05:00,LONG,0.84,0.84,tp,0.004,1,0.7492,2
2022-04-28 06:25:00,SHORT,0.84,0.84,timeout,-0.002476,0,0.6935,2
2022-04-28 08:10:00,SHORT,0.84,0.85,sl,-0.003991,0,0.7223,2
2022-04-28 08:55:00,LONG,0.85,0.85,timeout,0.000945,1,0.6719,2
2022-04-28 10:25:00,SHORT,0.85,0.85,timeout,0.00142,1,0.6515,2
2022-04-28 13:15:00,LONG,0.83,0.84,tp,0.004,1,0.8146,2
2022-04-28 14:00:00,LONG,0.83,0.83,tp,0.004,1,0.7856,2
2022-04-28 14:30:00,LONG,0.83,0.83,tp,0.004,1,0.6836,2
2022-04-28 15:05:00,SHORT,0.85,0.84,tp,0.004025,1,0.7516,2
2022-04-28 15:45:00,LONG,0.83,0.84,tp,0.004,1,0.8612,2
2022-04-28 16:45:00,SHORT,0.84,0.84,sl,-0.003991,0,0.6609,2
2022-04-28 18:00:00,SHORT,0.85,0.85,timeout,0.003201,1,0.7942,2
2022-04-28 20:45:00,LONG,0.84,0.85,tp,0.004,1,0.7187,2
2022-04-28 22:10:00,LONG,0.84,0.84,sl,-0.004,0,0.6996,2
2022-04-28 22:25:00,LONG,0.84,0.85,tp,0.004,1,0.8365,2
2022-04-28 22:40:00,LONG,0.84,0.85,tp,0.004,1,0.8486,2
2022-04-28 23:00:00,LONG,0.84,0.84,sl,-0.004,0,0.7219,2
2022-04-28 23:10:00,SHORT,0.85,0.84,tp,0.004025,1,0.6845,2
2022-04-29 01:50:00,LONG,0.84,0.84,sl,-0.004,0,0.7974,2
2022-04-29 02:10:00,LONG,0.84,0.84,sl,-0.004,0,0.8285,2
2022-04-29 02:35:00,LONG,0.84,0.84,sl,-0.004,0,0.7828,2
2022-04-29 03:10:00,LONG,0.83,0.83,sl,-0.004,0,0.6988,2
2022-04-29 04:15:00,LONG,0.83,0.84,tp,0.004,1,0.7618,2
2022-04-29 05:10:00,LONG,0.84,0.83,sl,-0.004,0,0.6572,2
2022-04-29 06:10:00,LONG,0.83,0.84,tp,0.004,1,0.6617,2
2022-04-29 09:30:00,LONG,0.82,0.82,sl,-0.004,0,0.8088,2
2022-04-29 09:45:00,SHORT,0.82,0.82,sl,-0.003991,0,0.6544,2
2022-04-29 10:00:00,LONG,0.82,0.82,sl,-0.004,0,0.689,2
2022-04-29 10:25:00,LONG,0.82,0.82,sl,-0.004,0,0.679,2
2022-04-29 10:45:00,LONG,0.81,0.81,tp,0.004,1,0.8389,2
2022-04-29 11:45:00,SHORT,0.81,0.81,sl,-0.003991,0,0.7375,2
2022-04-29 12:25:00,SHORT,0.82,0.82,sl,-0.003991,0,0.7307,2
2022-04-29 12:40:00,SHORT,0.82,0.82,tp,0.004025,1,0.7734,2
2022-04-29 14:25:00,LONG,0.82,0.81,sl,-0.004,0,0.747,2
2022-04-29 14:35:00,SHORT,0.81,0.82,sl,-0.003991,0,0.7245,2
2022-04-29 16:30:00,SHORT,0.82,0.81,tp,0.004025,1,0.718,2
2022-04-29 16:45:00,LONG,0.81,0.81,tp,0.004,1,0.7082,2
2022-04-29 17:00:00,SHORT,0.81,0.81,sl,-0.003991,0,0.6809,2
2022-04-29 17:45:00,LONG,0.81,0.81,sl,-0.004,0,0.6782,2
2022-04-29 18:30:00,SHORT,0.81,0.81,tp,0.004025,1,0.6605,2
2022-04-29 18:45:00,LONG,0.8,0.8,tp,0.004,1,0.8208,2
2022-04-29 19:00:00,SHORT,0.81,0.8,tp,0.004025,1,0.7425,2
2022-04-29 19:30:00,LONG,0.8,0.8,sl,-0.004,0,0.6961,2
2022-04-29 19:50:00,LONG,0.79,0.8,tp,0.004,1,0.8596,2
2022-04-29 20:20:00,SHORT,0.81,0.8,tp,0.004025,1,0.8049,2
2022-04-29 21:10:00,SHORT,0.81,0.8,tp,0.004025,1,0.7462,2
2022-04-29 21:40:00,SHORT,0.81,0.8,tp,0.004025,1,0.6978,2
2022-04-29 22:00:00,SHORT,0.8,0.8,tp,0.004025,1,0.7415,2
2022-04-29 23:05:00,SHORT,0.81,0.81,tp,0.004025,1,0.7313,2
2022-04-30 02:45:00,LONG,0.81,0.81,timeout,0.00135,1,0.7924,2
2022-04-30 03:15:00,LONG,0.81,0.81,tp,0.004,1,0.6699,2
2022-04-30 08:30:00,LONG,0.81,0.81,timeout,0.000342,1,0.7154,2
2022-04-30 09:20:00,LONG,0.81,0.81,sl,-0.004,0,0.6629,2
2022-04-30 12:05:00,SHORT,0.81,0.81,sl,-0.003991,0,0.6609,2
2022-04-30 12:30:00,SHORT,0.81,0.81,sl,-0.003991,0,0.6571,2
2022-04-30 14:20:00,LONG,0.8,0.8,sl,-0.004,0,0.7912,2
2022-04-30 15:00:00,LONG,0.79,0.79,tp,0.004,1,0.829,2
2022-04-30 15:30:00,SHORT,0.79,0.8,sl,-0.003991,0,0.7127,2
2022-04-30 16:00:00,LONG,0.79,0.8,tp,0.004,1,0.7628,2
2022-04-30 16:35:00,LONG,0.8,0.79,sl,-0.004,0,0.6729,2
2022-04-30 17:00:00,LONG,0.79,0.79,sl,-0.004,0,0.7541,2
2022-04-30 17:15:00,LONG,0.79,0.79,sl,-0.004,0,0.6904,2
2022-04-30 17:50:00,LONG,0.78,0.78,tp,0.004,1,0.8133,2
2022-04-30 18:50:00,LONG,0.78,0.79,tp,0.004,1,0.6567,2
2022-04-30 19:50:00,SHORT,0.79,0.79,tp,0.004025,1,0.7517,2
2022-04-30 20:30:00,LONG,0.78,0.78,sl,-0.004,0,0.6834,2
2022-04-30 20:50:00,LONG,0.78,0.78,sl,-0.004,0,0.8038,2
2022-04-30 21:40:00,LONG,0.78,0.78,sl,-0.004,0,0.6763,2
2022-04-30 22:00:00,LONG,0.77,0.77,tp,0.004,1,0.8083,2
2022-04-30 22:35:00,LONG,0.77,0.77,sl,-0.004,0,0.676,2
2022-04-30 23:00:00,LONG,0.76,0.75,sl,-0.004,0,0.651,2
2022-04-30 23:05:00,LONG,0.74,0.75,tp,0.004,1,0.6626,2
2022-04-30 23:10:00,LONG,0.75,0.75,tp,0.004,1,0.6573,2
2022-04-30 23:50:00,SHORT,0.76,0.76,sl,-0.003991,0,0.7566,2
2022-05-01 00:10:00,SHORT,0.76,0.76,tp,0.004025,1,0.7926,2
2022-05-01 00:35:00,SHORT,0.76,0.76,tp,0.004025,1,0.8523,2
2022-05-01 01:50:00,SHORT,0.77,0.77,sl,-0.003991,0,0.8721,2
2022-05-01 02:15:00,SHORT,0.77,0.77,tp,0.004025,1,0.8613,2
2022-05-01 02:35:00,LONG,0.76,0.76,sl,-0.004,0,0.7903,2
2022-05-01 02:50:00,LONG,0.76,0.77,tp,0.004,1,0.8191,2
2022-05-01 03:05:00,SHORT,0.76,0.77,sl,-0.003991,0,0.7325,2
2022-05-01 03:40:00,LONG,0.76,0.77,tp,0.004,1,0.7247,2
2022-05-01 03:50:00,SHORT,0.76,0.77,sl,-0.003991,0,0.7716,2
2022-05-01 04:10:00,LONG,0.76,0.76,sl,-0.004,0,0.6778,2
2022-05-01 04:30:00,SHORT,0.77,0.76,tp,0.004025,1,0.8228,2
2022-05-01 05:30:00,SHORT,0.78,0.77,tp,0.004025,1,0.7318,2
2022-05-01 06:05:00,SHORT,0.78,0.77,tp,0.004025,1,0.7161,2
2022-05-01 06:30:00,LONG,0.77,0.77,sl,-0.004,0,0.8072,2
2022-05-01 06:45:00,SHORT,0.77,0.77,tp,0.004025,1,0.6697,2
2022-05-01 07:00:00,LONG,0.77,0.77,sl,-0.004,0,0.7471,2
2022-05-01 07:20:00,LONG,0.77,0.77,tp,0.004,1,0.7808,2
2022-05-01 07:55:00,LONG,0.77,0.77,tp,0.004,1,0.7232,2
2022-05-01 08:10:00,SHORT,0.77,0.78,sl,-0.003991,0,0.6597,2
2022-05-01 08:20:00,LONG,0.77,0.78,tp,0.004,1,0.7218,2
2022-05-01 09:10:00,LONG,0.77,0.77,sl,-0.004,0,0.7513,2
2022-05-01 09:35:00,LONG,0.77,0.77,tp,0.004,1,0.8305,2
2022-05-01 11:05:00,SHORT,0.78,0.77,tp,0.004025,1,0.7132,2
2022-05-01 11:15:00,LONG,0.77,0.77,sl,-0.004,0,0.6821,2
2022-05-01 11:40:00,LONG,0.77,0.77,sl,-0.004,0,0.6772,2
2022-05-01 12:25:00,SHORT,0.77,0.78,sl,-0.003991,0,0.6607,2
2022-05-01 15:50:00,SHORT,0.79,0.79,sl,-0.003991,0,0.8016,2
2022-05-01 16:05:00,LONG,0.79,0.79,tp,0.004,1,0.6705,2
2022-05-01 16:25:00,SHORT,0.8,0.8,sl,-0.003991,0,0.7255,2
2022-05-01 16:30:00,LONG,0.8,0.8,tp,0.004,1,0.7247,2
2022-05-01 16:40:00,SHORT,0.8,0.8,tp,0.004025,1,0.8238,2
2022-05-01 17:00:00,LONG,0.8,0.79,sl,-0.004,0,0.6741,2
2022-05-01 17:10:00,SHORT,0.8,0.79,tp,0.004025,1,0.7298,2
2022-05-01 18:00:00,LONG,0.79,0.79,sl,-0.004,0,0.8161,2
2022-05-01 18:25:00,LONG,0.79,0.78,sl,-0.004,0,0.7913,2
2022-05-01 19:00:00,LONG,0.78,0.77,sl,-0.004,0,0.8221,2
2022-05-01 19:30:00,LONG,0.77,0.77,tp,0.004,1,0.8481,2
2022-05-01 20:40:00,LONG,0.77,0.78,tp,0.004,1,0.6989,2
2022-05-01 21:00:00,SHORT,0.79,0.78,tp,0.004025,1,0.8189,2
2022-05-01 21:10:00,LONG,0.78,0.78,sl,-0.004,0,0.7388,2
2022-05-01 21:20:00,SHORT,0.78,0.78,tp,0.004025,1,0.7292,2
2022-05-01 21:35:00,LONG,0.78,0.78,tp,0.004,1,0.7641,2
2022-05-01 22:10:00,SHORT,0.79,0.78,tp,0.004025,1,0.8203,2
2022-05-01 22:20:00,LONG,0.78,0.78,tp,0.004,1,0.7899,2
2022-05-01 22:35:00,LONG,0.78,0.78,tp,0.004,1,0.78,2
2022-05-01 23:25:00,SHORT,0.79,0.79,tp,0.004025,1,0.7016,2
2022-05-01 23:45:00,LONG,0.79,0.79,tp,0.004,1,0.6746,2
2022-05-01 23:50:00,SHORT,0.79,0.79,sl,-0.003991,0,0.831,2
2022-05-02 00:30:00,SHORT,0.79,0.79,tp,0.004025,1,0.8237,2
2022-05-02 00:45:00,SHORT,0.79,0.79,sl,-0.003991,0,0.6534,2
2022-05-02 01:05:00,SHORT,0.8,0.79,tp,0.004025,1,0.84,2
2022-05-02 01:45:00,SHORT,0.79,0.79,tp,0.004025,1,0.6557,2
2022-05-02 02:20:00,LONG,0.78,0.79,timeout,0.001186,1,0.6847,2
2022-05-02 02:30:00,SHORT,0.79,0.79,sl,-0.003991,0,0.66,2
2022-05-02 03:45:00,LONG,0.78,0.78,timeout,0.000297,1,0.7888,2
2022-05-02 04:20:00,LONG,0.78,0.79,tp,0.004,1,0.6807,2
2022-05-02 04:35:00,LONG,0.78,0.79,tp,0.004,1,0.6695,2
2022-05-02 05:20:00,LONG,0.79,0.79,tp,0.004,1,0.6972,2
2022-05-02 07:10:00,SHORT,0.79,0.79,tp,0.004025,1,0.6608,2
2022-05-02 07:55:00,LONG,0.79,0.79,tp,0.004,1,0.6669,2
2022-05-02 08:35:00,LONG,0.78,0.79,tp,0.004,1,0.826,2
2022-05-02 09:35:00,SHORT,0.79,0.79,tp,0.004025,1,0.6854,2
2022-05-02 10:00:00,LONG,0.78,0.78,sl,-0.004,0,0.7865,2
2022-05-02 10:15:00,LONG,0.78,0.78,tp,0.004,1,0.8285,2
2022-05-02 11:15:00,LONG,0.77,0.77,sl,-0.004,0,0.8023,2
2022-05-02 11:35:00,LONG,0.77,0.77,sl,-0.004,0,0.8026,2
2022-05-02 11:55:00,LONG,0.77,0.78,tp,0.004,1,0.684,2
2022-05-02 12:00:00,SHORT,0.77,0.78,sl,-0.003991,0,0.6848,2
2022-05-02 13:40:00,SHORT,0.78,0.78,sl,-0.003991,0,0.6943,2
2022-05-02 14:30:00,SHORT,0.78,0.78,tp,0.004025,1,0.7916,2
2022-05-02 14:55:00,SHORT,0.78,0.78,sl,-0.003991,0,0.6761,2
2022-05-02 15:00:00,LONG,0.78,0.78,tp,0.004,1,0.7712,2
2022-05-02 16:00:00,LONG,0.77,0.78,tp,0.004,1,0.7127,2
2022-05-02 17:00:00,LONG,0.77,0.78,tp,0.004,1,0.6888,2
2022-05-02 17:10:00,SHORT,0.78,0.77,tp,0.004025,1,0.6914,2
2022-05-02 17:45:00,LONG,0.77,0.77,tp,0.004,1,0.8392,2
2022-05-02 18:10:00,LONG,0.77,0.77,tp,0.004,1,0.8536,2
2022-05-02 18:40:00,LONG,0.77,0.77,tp,0.004,1,0.7297,2
2022-05-02 18:50:00,SHORT,0.77,0.77,sl,-0.003991,0,0.7636,2
2022-05-02 19:35:00,SHORT,0.78,0.78,timeout,-0.001485,0,0.6666,2
2022-05-02 20:35:00,SHORT,0.78,0.78,sl,-0.003991,0,0.6937,2
2022-05-02 21:00:00,LONG,0.77,0.78,tp,0.004,1,0.7,2
2022-05-02 21:35:00,SHORT,0.78,0.78,sl,-0.003991,0,0.6897,2
2022-05-02 22:55:00,LONG,0.78,0.79,tp,0.004,1,0.7406,2
2022-05-02 23:45:00,LONG,0.78,0.78,sl,-0.004,0,0.7461,2
2022-05-03 00:30:00,LONG,0.78,0.78,tp,0.004,1,0.8053,2
2022-05-03 01:00:00,SHORT,0.78,0.78,sl,-0.003991,0,0.6719,2
2022-05-03 03:05:00,SHORT,0.79,0.79,sl,-0.003991,0,0.6645,2
2022-05-03 04:50:00,SHORT,0.79,0.79,tp,0.004025,1,0.7115,2
2022-05-03 05:05:00,LONG,0.79,0.79,timeout,-0.00035,0,0.7089,2
2022-05-03 06:15:00,LONG,0.79,0.79,tp,0.004,1,0.7349,2
2022-05-03 07:00:00,LONG,0.79,0.79,sl,-0.004,0,0.6975,2
2022-05-03 07:45:00,LONG,0.78,0.79,tp,0.004,1,0.8084,2
2022-05-03 08:45:00,LONG,0.79,0.79,sl,-0.004,0,0.6797,2
2022-05-03 11:20:00,LONG,0.79,0.79,tp,0.004,1,0.7042,2
2022-05-03 12:25:00,LONG,0.79,0.79,sl,-0.004,0,0.7858,2
2022-05-03 13:45:00,LONG,0.79,0.79,tp,0.004,1,0.821,2
2022-05-03 14:15:00,LONG,0.79,0.79,tp,0.004,1,0.7066,2
2022-05-03 14:45:00,LONG,0.79,0.79,tp,0.004,1,0.7386,2
2022-05-03 15:15:00,LONG,0.79,0.79,sl,-0.004,0,0.7317,2
2022-05-03 15:45:00,LONG,0.79,0.79,sl,-0.004,0,0.6777,2
2022-05-03 16:15:00,LONG,0.78,0.78,sl,-0.004,0,0.7822,2
2022-05-03 16:40:00,LONG,0.78,0.78,sl,-0.004,0,0.7375,2
2022-05-03 17:05:00,LONG,0.78,0.78,tp,0.004,1,0.7341,2
2022-05-03 18:40:00,LONG,0.77,0.77,sl,-0.004,0,0.699,2
2022-05-03 19:20:00,LONG,0.77,0.76,sl,-0.004,0,0.8153,2
2022-05-03 19:40:00,LONG,0.76,0.76,timeout,-0.002131,0,0.7998,2
2022-05-03 19:50:00,SHORT,0.77,0.76,tp,0.004025,1,0.6992,2
2022-05-03 20:00:00,LONG,0.76,0.76,sl,-0.004,0,0.7247,2
2022-05-03 20:40:00,LONG,0.76,0.77,tp,0.004,1,0.732,2
2022-05-03 21:35:00,LONG,0.77,0.77,tp,0.004,1,0.6877,2
2022-05-03 22:05:00,LONG,0.77,0.77,tp,0.004,1,0.6605,2
2022-05-04 00:00:00,LONG,0.77,0.77,tp,0.004,1,0.6965,2
2022-05-04 00:25:00,LONG,0.77,0.77,tp,0.004,1,0.6755,2
2022-05-04 05:00:00,LONG,0.78,0.78,sl,-0.004,0,0.6743,2
2022-05-04 08:35:00,SHORT,0.8,0.8,sl,-0.003991,0,0.6647,2
2022-05-04 09:20:00,LONG,0.8,0.8,tp,0.004,1,0.7396,2
2022-05-04 09:50:00,LONG,0.8,0.8,tp,0.004,1,0.6539,2
2022-05-04 10:25:00,SHORT,0.82,0.82,sl,-0.003991,0,0.774,2
2022-05-04 10:40:00,SHORT,0.82,0.82,sl,-0.003991,0,0.6861,2
2022-05-04 10:55:00,LONG,0.82,0.82,tp,0.004,1,0.6527,2
2022-05-04 11:05:00,SHORT,0.83,0.82,tp,0.004025,1,0.7642,2
2022-05-04 11:25:00,SHORT,0.83,0.82,tp,0.004025,1,0.8387,2
2022-05-04 11:45:00,SHORT,0.82,0.83,sl,-0.003991,0,0.7674,2
2022-05-04 12:05:00,SHORT,0.83,0.83,tp,0.004025,1,0.8557,2
2022-05-04 12:35:00,LONG,0.82,0.82,tp,0.004,1,0.8548,2
2022-05-04 13:15:00,SHORT,0.83,0.82,tp,0.004025,1,0.6685,2
2022-05-04 13:30:00,LONG,0.82,0.82,sl,-0.004,0,0.7281,2
2022-05-04 14:25:00,SHORT,0.83,0.83,tp,0.004025,1,0.6683,2
2022-05-04 15:05:00,LONG,0.82,0.82,sl,-0.004,0,0.6734,2
2022-05-04 15:30:00,LONG,0.82,0.82,tp,0.004,1,0.8564,2
2022-05-04 16:00:00,LONG,0.83,0.83,tp,0.004,1,0.7816,2
2022-05-04 16:45:00,LONG,0.83,0.83,tp,0.004,1,0.7104,2
2022-05-04 17:00:00,SHORT,0.83,0.83,tp,0.004025,1,0.7045,2
2022-05-04 17:10:00,LONG,0.83,0.83,tp,0.004,1,0.8117,2
2022-05-04 17:45:00,LONG,0.83,0.83,tp,0.004,1,0.8504,2
2022-05-04 18:20:00,LONG,0.83,0.83,tp,0.004,1,0.732,2
2022-05-04 18:35:00,LONG,0.83,0.83,tp,0.004,1,0.6998,2
2022-05-04 18:45:00,LONG,0.87,0.87,sl,-0.004,0,0.7,2
2022-05-04 18:50:00,SHORT,0.87,0.87,tp,0.004025,1,0.9016,2
2022-05-04 18:55:00,SHORT,0.86,0.86,sl,-0.003991,0,0.7216,2
2022-05-04 19:05:00,SHORT,0.87,0.87,tp,0.004025,1,0.6977,2
2022-05-04 19:10:00,SHORT,0.87,0.87,tp,0.004025,1,0.8947,2
2022-05-04 19:20:00,LONG,0.87,0.86,sl,-0.004,0,0.6901,2
2022-05-04 19:35:00,SHORT,0.87,0.86,tp,0.004025,1,0.8637,2
2022-05-04 19:40:00,SHORT,0.87,0.87,sl,-0.003991,0,0.6844,2
2022-05-04 20:10:00,SHORT,0.87,0.87,sl,-0.003991,0,0.7924,2
2022-05-04 20:20:00,LONG,0.87,0.87,tp,0.004,1,0.6717,2
2022-05-04 20:40:00,SHORT,0.87,0.87,tp,0.004025,1,0.8639,2
2022-05-04 20:55:00,SHORT,0.87,0.87,sl,-0.003991,0,0.6814,2
2022-05-04 21:00:00,SHORT,0.88,0.87,tp,0.004025,1,0.8728,2
2022-05-04 21:30:00,SHORT,0.88,0.88,sl,-0.003991,0,0.6521,2
2022-05-04 22:15:00,SHORT,0.89,0.89,tp,0.004025,1,0.8691,2
2022-05-04 22:30:00,SHORT,0.89,0.89,sl,-0.003991,0,0.6967,2
2022-05-04 22:35:00,SHORT,0.89,0.89,sl,-0.003991,0,0.716,2
2022-05-04 23:00:00,SHORT,0.89,0.9,sl,-0.003991,0,0.867,2
2022-05-04 23:20:00,SHORT,0.89,0.9,sl,-0.003991,0,0.7878,2
2022-05-05 00:00:00,SHORT,0.9,0.9,sl,-0.003991,0,0.7095,2
2022-05-05 00:25:00,SHORT,0.9,0.9,tp,0.004025,1,0.6621,2
2022-05-05 00:30:00,SHORT,0.9,0.9,tp,0.004025,1,0.7862,2
2022-05-05 00:35:00,SHORT,0.9,0.9,tp,0.004025,1,0.6698,2
2022-05-05 00:40:00,SHORT,0.9,0.9,tp,0.004025,1,0.7451,2
2022-05-05 00:55:00,LONG,0.89,0.9,tp,0.004,1,0.7071,2
2022-05-05 01:55:00,LONG,0.89,0.89,sl,-0.004,0,0.7349,2
2022-05-05 02:00:00,SHORT,0.89,0.89,tp,0.004025,1,0.7682,2
2022-05-05 02:35:00,SHORT,0.9,0.89,tp,0.004025,1,0.7922,2
2022-05-05 03:20:00,SHORT,0.89,0.88,tp,0.004025,1,0.679,2
2022-05-05 03:45:00,SHORT,0.89,0.88,tp,0.004025,1,0.7633,2
2022-05-05 04:10:00,LONG,0.88,0.88,tp,0.004,1,0.808,2
2022-05-05 04:45:00,SHORT,0.88,0.88,tp,0.004025,1,0.7621,2
2022-05-05 05:20:00,SHORT,0.87,0.87,tp,0.004025,1,0.7048,2
2022-05-05 05:35:00,LONG,0.87,0.86,sl,-0.004,0,0.7667,2
2022-05-05 05:55:00,LONG,0.86,0.87,tp,0.004,1,0.7403,2
2022-05-05 06:10:00,LONG,0.86,0.87,tp,0.004,1,0.7571,2
2022-05-05 06:55:00,LONG,0.86,0.87,tp,0.004,1,0.7978,2
2022-05-05 07:40:00,SHORT,0.88,0.87,tp,0.004025,1,0.7374,2
2022-05-05 08:00:00,LONG,0.87,0.88,tp,0.004,1,0.7824,2
2022-05-05 08:10:00,SHORT,0.88,0.87,tp,0.004025,1,0.7929,2
2022-05-05 08:40:00,LONG,0.87,0.87,tp,0.004,1,0.8402,2
2022-05-05 08:55:00,LONG,0.87,0.87,tp,0.004,1,0.843,2
2022-05-05 10:10:00,SHORT,0.87,0.87,sl,-0.003991,0,0.7235,2
2022-05-05 10:55:00,LONG,0.87,0.87,sl,-0.004,0,0.7127,2
2022-05-05 11:05:00,SHORT,0.87,0.86,tp,0.004025,1,0.6878,2
2022-05-05 11:20:00,SHORT,0.87,0.86,tp,0.004025,1,0.6645,2
2022-05-05 11:55:00,LONG,0.86,0.86,tp,0.004,1,0.786,2
2022-05-05 12:10:00,SHORT,0.86,0.86,tp,0.004025,1,0.6675,2
2022-05-05 12:45:00,SHORT,0.86,0.86,tp,0.004025,1,0.6934,2
2022-05-05 13:00:00,LONG,0.85,0.86,tp,0.004,1,0.8704,2
2022-05-05 13:30:00,LONG,0.85,0.85,sl,-0.004,0,0.7868,2
2022-05-05 14:20:00,LONG,0.84,0.83,sl,-0.004,0,0.8633,2
2022-05-05 14:40:00,SHORT,0.83,0.83,tp,0.004025,1,0.6575,2
2022-05-05 15:05:00,LONG,0.8,0.8,tp,0.004,1,0.8949,2
2022-05-05 15:10:00,LONG,0.81,0.8,sl,-0.004,0,0.6762,2
2022-05-05 15:20:00,LONG,0.8,0.8,sl,-0.004,0,0.6872,2
2022-05-05 15:25:00,LONG,0.8,0.8,tp,0.004,1,0.8926,2
2022-05-05 15:35:00,SHORT,0.8,0.8,tp,0.004025,1,0.8035,2
2022-05-05 15:45:00,LONG,0.79,0.79,sl,-0.004,0,0.6695,2
2022-05-05 15:50:00,LONG,0.78,0.79,tp,0.004,1,0.7252,2
2022-05-05 16:00:00,SHORT,0.8,0.79,tp,0.004025,1,0.8913,2
2022-05-05 16:20:00,SHORT,0.8,0.8,sl,-0.003991,0,0.7781,2
2022-05-05 16:35:00,SHORT,0.79,0.8,sl,-0.003991,0,0.6684,2
2022-05-05 16:40:00,LONG,0.79,0.8,tp,0.004,1,0.7611,2
2022-05-05 17:10:00,SHORT,0.8,0.8,sl,-0.003991,0,0.7363,2
2022-05-05 17:25:00,SHORT,0.8,0.79,tp,0.004025,1,0.8251,2
2022-05-05 17:30:00,LONG,0.8,0.79,sl,-0.004,0,0.741,2
2022-05-05 18:10:00,SHORT,0.78,0.78,sl,-0.003991,0,0.7003,2
2022-05-05 18:15:00,SHORT,0.79,0.79,tp,0.004025,1,0.8404,2
2022-05-05 18:20:00,LONG,0.77,0.78,tp,0.004,1,0.8938,2
2022-05-05 18:50:00,SHORT,0.8,0.8,sl,-0.003991,0,0.7338,2
2022-05-05 18:55:00,SHORT,0.8,0.8,tp,0.004025,1,0.6562,2
2022-05-05 19:35:00,SHORT,0.79,0.8,sl,-0.003991,0,0.8243,2
2022-05-05 19:55:00,SHORT,0.8,0.79,tp,0.004025,1,0.847,2
2022-05-05 20:05:00,LONG,0.79,0.79,tp,0.004,1,0.7809,2
2022-05-05 21:00:00,SHORT,0.8,0.8,tp,0.004025,1,0.8622,2
2022-05-05 21:10:00,LONG,0.8,0.8,sl,-0.004,0,0.672,2
2022-05-05 21:20:00,SHORT,0.8,0.8,tp,0.004025,1,0.8413,2
2022-05-05 22:00:00,LONG,0.79,0.79,sl,-0.004,0,0.8288,2
2022-05-05 22:05:00,SHORT,0.79,0.79,tp,0.004025,1,0.7217,2
2022-05-05 22:25:00,LONG,0.79,0.79,sl,-0.004,0,0.7949,2
2022-05-05 22:50:00,LONG,0.78,0.79,tp,0.004,1,0.8482,2
2022-05-05 23:10:00,SHORT,0.79,0.79,tp,0.004025,1,0.8317,2
2022-05-05 23:20:00,LONG,0.79,0.79,sl,-0.004,0,0.6606,2
2022-05-05 23:30:00,SHORT,0.79,0.79,sl,-0.003991,0,0.7096,2
2022-05-05 23:50:00,SHORT,0.79,0.79,tp,0.004025,1,0.6566,2
2022-05-06 00:35:00,LONG,0.78,0.78,sl,-0.004,0,0.8492,2
2022-05-06 00:50:00,LONG,0.78,0.78,tp,0.004,1,0.8785,2
2022-05-06 01:00:00,SHORT,0.79,0.78,tp,0.004025,1,0.7089,2
2022-05-06 01:20:00,LONG,0.78,0.78,tp,0.004,1,0.8269,2
2022-05-06 02:30:00,SHORT,0.79,0.79,tp,0.004025,1,0.7242,2
2022-05-06 02:55:00,LONG,0.79,0.79,sl,-0.004,0,0.7359,2
2022-05-06 03:20:00,LONG,0.78,0.79,tp,0.004,1,0.8554,2
2022-05-06 03:35:00,SHORT,0.79,0.79,sl,-0.003991,0,0.7241,2
2022-05-06 04:10:00,LONG,0.78,0.79,tp,0.004,1,0.7388,2
2022-05-06 05:15:00,LONG,0.79,0.79,tp,0.004,1,0.8216,2
2022-05-06 05:35:00,SHORT,0.79,0.79,tp,0.004025,1,0.7891,2
2022-05-06 07:40:00,LONG,0.77,0.78,tp,0.004,1,0.9082,2
2022-05-06 07:55:00,LONG,0.79,0.79,sl,-0.004,0,0.7035,2
2022-05-06 08:00:00,LONG,0.79,0.79,tp,0.004,1,0.7738,2
2022-05-06 08:05:00,SHORT,0.79,0.79,tp,0.004025,1,0.7645,2
2022-05-06 08:55:00,SHORT,0.79,0.79,tp,0.004025,1,0.6504,2
2022-05-06 09:10:00,LONG,0.79,0.79,tp,0.004,1,0.8712,2
2022-05-06 09:50:00,LONG,0.8,0.79,sl,-0.004,0,0.6956,2
2022-05-06 09:55:00,SHORT,0.8,0.79,tp,0.004025,1,0.7708,2
2022-05-06 10:30:00,SHORT,0.79,0.79,tp,0.004025,1,0.7379,2
2022-05-06 10:55:00,LONG,0.79,0.78,sl,-0.004,0,0.7626,2
2022-05-06 11:10:00,LONG,0.78,0.78,sl,-0.004,0,0.8832,2
2022-05-06 11:25:00,LONG,0.78,0.78,tp,0.004,1,0.8376,2
2022-05-06 11:50:00,LONG,0.78,0.78,tp,0.004,1,0.8146,2
2022-05-06 12:00:00,SHORT,0.78,0.78,tp,0.004025,1,0.8208,2
2022-05-06 13:05:00,LONG,0.78,0.79,tp,0.004,1,0.7011,2
2022-05-06 13:35:00,LONG,0.77,0.77,tp,0.004,1,0.8954,2
2022-05-06 14:05:00,LONG,0.77,0.78,tp,0.004,1,0.6722,2
2022-05-06 14:15:00,SHORT,0.78,0.78,tp,0.004025,1,0.7942,2
2022-05-06 14:35:00,LONG,0.78,0.78,tp,0.004,1,0.658,2
2022-05-06 15:00:00,LONG,0.78,0.79,tp,0.004,1,0.7547,2
2022-05-06 15:50:00,LONG,0.78,0.79,tp,0.004,1,0.6872,2
2022-05-06 16:05:00,SHORT,0.78,0.78,tp,0.004025,1,0.6864,2
2022-05-06 16:15:00,LONG,0.78,0.78,tp,0.004,1,0.8297,2
2022-05-06 16:35:00,SHORT,0.79,0.78,tp,0.004025,1,0.8006,2
2022-05-06 16:55:00,SHORT,0.79,0.78,tp,0.004025,1,0.8267,2
2022-05-06 17:35:00,LONG,0.78,0.78,sl,-0.004,0,0.8384,2
2022-05-06 17:50:00,LONG,0.78,0.78,sl,-0.004,0,0.8343,2
2022-05-06 18:10:00,LONG,0.78,0.78,sl,-0.004,0,0.7561,2
2022-05-06 18:30:00,LONG,0.78,0.78,tp,0.004,1,0.7454,2
2022-05-06 19:45:00,SHORT,0.79,0.78,tp,0.004025,1,0.7624,2
2022-05-06 20:10:00,SHORT,0.78,0.79,sl,-0.003991,0,0.6891,2
2022-05-06 21:50:00,LONG,0.78,0.78,tp,0.004,1,0.7496,2
2022-05-06 22:10:00,LONG,0.78,0.78,tp,0.004,1,0.8613,2
2022-05-06 23:25:00,SHORT,0.79,0.78,tp,0.004025,1,0.7065,2
2022-05-06 23:35:00,LONG,0.78,0.79,tp,0.004,1,0.6932,2
2022-05-07 00:40:00,SHORT,0.78,0.78,tp,0.004025,1,0.8261,2
2022-05-07 00:45:00,LONG,0.78,0.78,sl,-0.004,0,0.7952,2
2022-05-07 01:00:00,LONG,0.78,0.78,sl,-0.004,0,0.6717,2
2022-05-07 02:35:00,LONG,0.78,0.77,sl,-0.004,0,0.8302,2
2022-05-07 02:55:00,SHORT,0.78,0.77,tp,0.004025,1,0.6668,2
2022-05-07 03:10:00,LONG,0.77,0.77,sl,-0.004,0,0.8215,2
2022-05-07 04:15:00,LONG,0.77,0.77,tp,0.004,1,0.8244,2
2022-05-07 05:15:00,LONG,0.77,0.77,tp,0.004,1,0.7628,2
2022-05-07 05:20:00,SHORT,0.77,0.77,sl,-0.003991,0,0.7669,2
2022-05-07 05:35:00,LONG,0.77,0.77,tp,0.004,1,0.7076,2
2022-05-07 05:40:00,SHORT,0.77,0.77,tp,0.004025,1,0.7174,2
2022-05-07 05:55:00,SHORT,0.77,0.77,tp,0.004025,1,0.7831,2
2022-05-07 08:05:00,LONG,0.78,0.78,tp,0.004,1,0.6916,2
2022-05-07 08:25:00,LONG,0.78,0.78,tp,0.004,1,0.6584,2
2022-05-07 08:30:00,SHORT,0.78,0.78,sl,-0.003991,0,0.6986,2
2022-05-07 08:45:00,SHORT,0.78,0.78,tp,0.004025,1,0.769,2
2022-05-07 09:05:00,LONG,0.78,0.78,sl,-0.004,0,0.6565,2
2022-05-07 09:15:00,SHORT,0.78,0.78,timeout,-0.000587,0,0.6522,2
2022-05-07 09:45:00,LONG,0.78,0.78,tp,0.004,1,0.7436,2
2022-05-07 10:00:00,LONG,0.78,0.78,tp,0.004,1,0.7183,2
2022-05-07 10:20:00,SHORT,0.78,0.78,sl,-0.003991,0,0.6927,2
2022-05-07 10:35:00,SHORT,0.78,0.78,sl,-0.003991,0,0.6503,2
2022-05-07 10:50:00,LONG,0.78,0.78,tp,0.004,1,0.7269,2
2022-05-07 11:15:00,SHORT,0.78,0.78,tp,0.004025,1,0.7574,2
2022-05-07 13:00:00,SHORT,0.78,0.78,tp,0.004025,1,0.6507,2
2022-05-07 13:50:00,SHORT,0.78,0.78,sl,-0.003991,0,0.685,2
2022-05-07 14:05:00,SHORT,0.78,0.78,sl,-0.003991,0,0.7002,2
2022-05-07 14:30:00,SHORT,0.78,0.78,sl,-0.003991,0,0.7923,2
2022-05-07 15:20:00,SHORT,0.78,0.78,tp,0.004025,1,0.7757,2
2022-05-07 15:40:00,LONG,0.78,0.78,timeout,-0.00033,0,0.7151,2
2022-05-07 15:45:00,SHORT,0.78,0.78,tp,0.004025,1,0.7395,2
2022-05-07 16:30:00,LONG,0.78,0.78,sl,-0.004,0,0.6977,2
2022-05-07 16:40:00,SHORT,0.78,0.77,tp,0.004025,1,0.7164,2
2022-05-07 18:15:00,SHORT,0.78,0.78,sl,-0.003991,0,0.7689,2
2022-05-07 19:40:00,SHORT,0.78,0.78,tp,0.004025,1,0.7152,2
2022-05-07 20:30:00,LONG,0.77,0.78,tp,0.004,1,0.7674,2
2022-05-07 21:20:00,LONG,0.77,0.77,sl,-0.004,0,0.6747,2
2022-05-07 21:55:00,LONG,0.76,0.76,tp,0.004,1,0.8306,2
2022-05-07 22:20:00,LONG,0.76,0.77,tp,0.004,1,0.748,2
2022-05-07 22:50:00,LONG,0.75,0.75,tp,0.004,1,0.685,2
2022-05-07 23:25:00,SHORT,0.77,0.77,sl,-0.003991,0,0.819,2
2022-05-07 23:55:00,LONG,0.76,0.76,tp,0.004,1,0.7058,2
2022-05-08 00:55:00,LONG,0.75,0.75,sl,-0.004,0,0.8241,2
2022-05-08 01:50:00,LONG,0.75,0.75,sl,-0.004,0,0.7035,2
2022-05-08 02:05:00,SHORT,0.75,0.74,tp,0.004025,1,0.6839,2
2022-05-08 03:35:00,LONG,0.73,0.74,tp,0.004,1,0.7996,2
2022-05-08 04:20:00,LONG,0.74,0.74,sl,-0.004,0,0.6747,2
2022-05-08 05:00:00,LONG,0.74,0.74,tp,0.004,1,0.8438,2
2022-05-08 05:05:00,SHORT,0.74,0.74,tp,0.004025,1,0.6782,2
2022-05-08 06:30:00,LONG,0.74,0.75,tp,0.004,1,0.7065,2
2022-05-08 08:00:00,LONG,0.74,0.74,sl,-0.004,0,0.7267,2
2022-05-08 08:10:00,SHORT,0.74,0.74,tp,0.004025,1,0.6554,2
2022-05-08 08:25:00,LONG,0.74,0.75,tp,0.004,1,0.792,2
2022-05-08 10:45:00,SHORT,0.75,0.75,sl,-0.003991,0,0.7021,2
2022-05-08 11:50:00,LONG,0.74,0.75,tp,0.004,1,0.7147,2
2022-05-08 12:35:00,LONG,0.74,0.74,sl,-0.004,0,0.8504,2
2022-05-08 13:15:00,LONG,0.74,0.74,tp,0.004,1,0.7924,2
2022-05-08 13:55:00,LONG,0.73,0.74,tp,0.004,1,0.858,2
2022-05-08 15:00:00,SHORT,0.75,0.74,tp,0.004025,1,0.818,2
2022-05-08 15:55:00,LONG,0.74,0.74,tp,0.004,1,0.8325,2
2022-05-08 16:20:00,LONG,0.74,0.74,tp,0.004,1,0.7607,2
2022-05-08 17:05:00,LONG,0.73,0.73,tp,0.004,1,0.8608,2
2022-05-08 18:10:00,LONG,0.74,0.74,tp,0.004,1,0.688,2
2022-05-08 18:45:00,SHORT,0.75,0.75,sl,-0.003991,0,0.7875,2
2022-05-08 18:55:00,LONG,0.75,0.76,tp,0.004,1,0.6622,2
2022-05-08 19:15:00,SHORT,0.76,0.75,tp,0.004025,1,0.8279,2
2022-05-08 19:45:00,SHORT,0.76,0.75,tp,0.004025,1,0.8265,2
2022-05-08 20:25:00,LONG,0.75,0.75,tp,0.004,1,0.8244,2
2022-05-08 21:15:00,SHORT,0.76,0.76,sl,-0.003991,0,0.7626,2
2022-05-08 22:30:00,LONG,0.75,0.74,sl,-0.004,0,0.8035,2
2022-05-08 22:50:00,SHORT,0.75,0.74,tp,0.004025,1,0.6909,2
2022-05-08 23:30:00,LONG,0.74,0.74,sl,-0.004,0,0.8096,2
2022-05-08 23:40:00,SHORT,0.74,0.74,sl,-0.003991,0,0.71,2
2022-05-08 23:50:00,LONG,0.74,0.74,tp,0.004,1,0.8263,2
2022-05-09 01:10:00,LONG,0.75,0.75,tp,0.004,1,0.7549,2
2022-05-09 01:20:00,SHORT,0.75,0.75,tp,0.004025,1,0.7754,2
2022-05-09 02:55:00,SHORT,0.71,0.71,tp,0.004025,1,0.7019,2
2022-05-09 03:00:00,LONG,0.72,0.72,tp,0.004,1,0.7377,2
2022-05-09 03:25:00,LONG,0.71,0.71,tp,0.004,1,0.9128,2
2022-05-09 03:55:00,LONG,0.71,0.71,tp,0.004,1,0.8604,2
2022-05-09 04:25:00,SHORT,0.71,0.71,tp,0.004025,1,0.7387,2
2022-05-09 05:05:00,SHORT,0.71,0.71,tp,0.004025,1,0.8195,2
2022-05-09 05:20:00,LONG,0.71,0.7,sl,-0.004,0,0.7915,2
2022-05-09 05:35:00,SHORT,0.71,0.7,tp,0.004025,1,0.7201,2
2022-05-09 05:45:00,LONG,0.7,0.7,sl,-0.004,0,0.8632,2
2022-05-09 06:00:00,SHORT,0.7,0.7,tp,0.004025,1,0.6733,2
2022-05-09 06:10:00,SHORT,0.7,0.69,tp,0.004025,1,0.7182,2
2022-05-09 06:20:00,LONG,0.7,0.7,tp,0.004,1,0.7331,2
2022-05-09 06:30:00,SHORT,0.7,0.7,tp,0.004025,1,0.8054,2
2022-05-09 06:40:00,LONG,0.7,0.7,tp,0.004,1,0.7463,2
2022-05-09 08:55:00,SHORT,0.69,0.69,sl,-0.003991,0,0.8012,2
2022-05-09 09:10:00,SHORT,0.7,0.69,tp,0.004025,1,0.8274,2
2022-05-09 10:05:00,LONG,0.68,0.68,sl,-0.004,0,0.8727,2
2022-05-09 10:25:00,SHORT,0.67,0.67,tp,0.004025,1,0.6988,2
2022-05-09 10:30:00,SHORT,0.67,0.67,sl,-0.003991,0,0.6687,2
2022-05-09 10:40:00,SHORT,0.66,0.66,tp,0.004025,1,0.7091,2
2022-05-09 10:50:00,LONG,0.66,0.65,sl,-0.004,0,0.7547,2
2022-05-09 10:55:00,LONG,0.66,0.66,tp,0.004,1,0.8981,2
2022-05-09 11:05:00,LONG,0.66,0.66,tp,0.004,1,0.6993,2
2022-05-09 11:15:00,SHORT,0.66,0.66,tp,0.004025,1,0.6729,2
2022-05-09 11:20:00,LONG,0.66,0.66,tp,0.004,1,0.7932,2
2022-05-09 11:55:00,SHORT,0.67,0.67,tp,0.004025,1,0.8625,2
2022-05-09 12:40:00,SHORT,0.67,0.67,sl,-0.003991,0,0.7415,2
2022-05-09 13:20:00,LONG,0.66,0.66,sl,-0.004,0,0.7617,2
2022-05-09 13:30:00,LONG,0.66,0.67,tp,0.004,1,0.65,2
2022-05-09 13:35:00,SHORT,0.67,0.67,tp,0.004025,1,0.8023,2
2022-05-09 14:10:00,LONG,0.67,0.67,sl,-0.004,0,0.6967,2
2022-05-09 14:35:00,LONG,0.66,0.66,tp,0.004,1,0.8507,2
2022-05-09 15:10:00,SHORT,0.66,0.67,sl,-0.003991,0,0.654,2
2022-05-09 15:30:00,LONG,0.65,0.66,tp,0.004,1,0.8259,2
2022-05-09 15:50:00,SHORT,0.66,0.66,tp,0.004025,1,0.7619,2
2022-05-09 16:00:00,LONG,0.66,0.66,tp,0.004,1,0.8029,2
2022-05-09 16:45:00,LONG,0.64,0.64,sl,-0.004,0,0.6546,2
2022-05-09 16:50:00,LONG,0.63,0.63,tp,0.004,1,0.9073,2
2022-05-09 16:55:00,LONG,0.63,0.63,sl,-0.004,0,0.6728,2
2022-05-09 17:00:00,LONG,0.62,0.63,tp,0.004,1,0.7254,2
2022-05-09 17:05:00,SHORT,0.63,0.63,sl,-0.003991,0,0.7068,2
2022-05-09 17:10:00,LONG,0.63,0.63,tp,0.004,1,0.7096,2
2022-05-09 17:15:00,LONG,0.65,0.65,sl,-0.004,0,0.7043,2
2022-05-09 17:25:00,LONG,0.65,0.65,sl,-0.004,0,0.6677,2
2022-05-09 17:35:00,SHORT,0.65,0.65,sl,-0.003991,0,0.6542,2
2022-05-09 17:40:00,SHORT,0.66,0.65,tp,0.004025,1,0.652,2
2022-05-09 17:45:00,SHORT,0.65,0.65,tp,0.004025,1,0.711,2
2022-05-09 18:00:00,SHORT,0.65,0.64,tp,0.004025,1,0.6772,2
2022-05-09 18:05:00,SHORT,0.64,0.64,tp,0.004025,1,0.7808,2
2022-05-09 18:20:00,SHORT,0.64,0.64,sl,-0.003991,0,0.735,2
2022-05-09 18:30:00,SHORT,0.63,0.63,tp,0.004025,1,0.6851,2
2022-05-09 18:35:00,LONG,0.62,0.62,sl,-0.004,0,0.7687,2
2022-05-09 18:40:00,LONG,0.61,0.62,tp,0.004,1,0.9204,2
2022-05-09 18:45:00,LONG,0.63,0.63,tp,0.004,1,0.6909,2
2022-05-09 18:50:00,SHORT,0.63,0.63,tp,0.004025,1,0.8243,2
2022-05-09 18:55:00,LONG,0.63,0.63,tp,0.004,1,0.7192,2
2022-05-09 19:00:00,LONG,0.62,0.63,tp,0.004,1,0.7084,2
2022-05-09 19:05:00,LONG,0.62,0.63,tp,0.004,1,0.8411,2
2022-05-09 19:15:00,SHORT,0.63,0.63,tp,0.004025,1,0.7781,2
2022-05-09 19:35:00,SHORT,0.63,0.62,tp,0.004025,1,0.6591,2
2022-05-09 19:50:00,LONG,0.62,0.62,tp,0.004,1,0.8489,2
2022-05-09 19:55:00,LONG,0.63,0.63,tp,0.004,1,0.729,2
2022-05-09 20:00:00,LONG,0.64,0.64,tp,0.004,1,0.6548,2
2022-05-09 20:05:00,SHORT,0.64,0.65,sl,-0.003991,0,0.6821,2
2022-05-09 20:10:00,LONG,0.66,0.66,tp,0.004,1,0.7368,2
2022-05-09 20:15:00,SHORT,0.65,0.65,sl,-0.003991,0,0.7979,2
2022-05-09 20:20:00,SHORT,0.65,0.65,sl,-0.003991,0,0.6715,2
2022-05-09 20:35:00,LONG,0.63,0.63,sl,-0.004,0,0.7049,2
2022-05-09 20:40:00,LONG,0.63,0.63,tp,0.004,1,0.6512,2
2022-05-09 20:45:00,LONG,0.64,0.64,tp,0.004,1,0.6729,2
2022-05-09 20:50:00,SHORT,0.64,0.64,tp,0.004025,1,0.894,2
2022-05-09 21:00:00,LONG,0.63,0.64,tp,0.004,1,0.8806,2
2022-05-09 21:10:00,SHORT,0.64,0.64,sl,-0.003991,0,0.6574,2
2022-05-09 21:25:00,SHORT,0.64,0.64,tp,0.004025,1,0.8585,2
2022-05-09 21:40:00,SHORT,0.65,0.64,tp,0.004025,1,0.852,2
2022-05-09 22:00:00,LONG,0.63,0.63,tp,0.004,1,0.8245,2
2022-05-09 22:05:00,LONG,0.63,0.63,tp,0.004,1,0.6686,2
2022-05-09 22:10:00,LONG,0.64,0.64,tp,0.004,1,0.6879,2
2022-05-09 22:15:00,SHORT,0.64,0.63,tp,0.004025,1,0.8614,2
2022-05-09 22:25:00,LONG,0.63,0.64,tp,0.004,1,0.8265,2
2022-05-09 22:55:00,LONG,0.64,0.64,tp,0.004,1,0.8326,2
2022-05-09 23:05:00,SHORT,0.64,0.64,tp,0.004025,1,0.7852,2
2022-05-09 23:15:00,LONG,0.63,0.63,sl,-0.004,0,0.6878,2
2022-05-09 23:25:00,LONG,0.62,0.62,sl,-0.004,0,0.6951,2
2022-05-09 23:35:00,LONG,0.62,0.62,sl,-0.004,0,0.727,2
2022-05-09 23:40:00,LONG,0.61,0.61,tp,0.004,1,0.9118,2
2022-05-09 23:45:00,LONG,0.61,0.62,tp,0.004,1,0.7169,2
2022-05-09 23:50:00,LONG,0.62,0.61,sl,-0.004,0,0.685,2
2022-05-09 23:55:00,LONG,0.6,0.61,tp,0.004,1,0.9258,2
2022-05-10 00:00:00,LONG,0.61,0.61,tp,0.004,1,0.7673,2
2022-05-10 00:05:00,LONG,0.6,0.6,tp,0.004,1,0.7882,2
2022-05-10 00:10:00,SHORT,0.61,0.6,tp,0.004025,1,0.7555,2
2022-05-10 00:15:00,LONG,0.59,0.6,tp,0.004,1,0.7393,2
2022-05-10 00:25:00,LONG,0.59,0.59,tp,0.004,1,0.6654,2
2022-05-10 00:30:00,LONG,0.59,0.59,tp,0.004,1,0.878,2
2022-05-10 00:35:00,LONG,0.6,0.61,tp,0.004,1,0.6544,2
2022-05-10 00:40:00,LONG,0.62,0.62,tp,0.004,1,0.712,2
2022-05-10 00:45:00,SHORT,0.62,0.61,tp,0.004025,1,0.6825,2
2022-05-10 01:00:00,SHORT,0.62,0.63,sl,-0.003991,0,0.7024,2
2022-05-10 01:05:00,SHORT,0.63,0.63,tp,0.004025,1,0.8993,2
2022-05-10 01:10:00,SHORT,0.62,0.63,sl,-0.003991,0,0.6842,2
2022-05-10 01:15:00,SHORT,0.63,0.63,tp,0.004025,1,0.704,2
2022-05-10 01:20:00,SHORT,0.63,0.63,sl,-0.003991,0,0.7071,2
2022-05-10 01:25:00,SHORT,0.63,0.63,tp,0.004025,1,0.8367,2
2022-05-10 01:30:00,SHORT,0.63,0.62,tp,0.004025,1,0.7676,2
2022-05-10 01:35:00,LONG,0.63,0.63,tp,0.004,1,0.8111,2
2022-05-10 01:40:00,SHORT,0.63,0.63,tp,0.004025,1,0.668,2
2022-05-10 01:50:00,SHORT,0.64,0.63,tp,0.004025,1,0.6607,2
2022-05-10 01:55:00,SHORT,0.64,0.63,tp,0.004025,1,0.8286,2
2022-05-10 02:00:00,SHORT,0.64,0.63,tp,0.004025,1,0.6763,2
2022-05-10 02:05:00,SHORT,0.63,0.63,tp,0.004025,1,0.6846,2
2022-05-10 02:40:00,SHORT,0.64,0.64,tp,0.004025,1,0.8675,2
2022-05-10 03:10:00,LONG,0.62,0.63,tp,0.004,1,0.6763,2
2022-05-10 03:15:00,LONG,0.63,0.63,tp,0.004,1,0.877,2
2022-05-10 03:35:00,LONG,0.62,0.63,tp,0.004,1,0.6934,2
2022-05-10 03:40:00,LONG,0.62,0.63,tp,0.004,1,0.6526,2
2022-05-10 03:45:00,SHORT,0.62,0.62,tp,0.004025,1,0.7177,2
2022-05-10 03:55:00,LONG,0.62,0.62,tp,0.004,1,0.6549,2
2022-05-10 04:40:00,LONG,0.64,0.63,sl,-0.004,0,0.6856,2
2022-05-10 04:55:00,LONG,0.64,0.64,tp,0.004,1,0.712,2
2022-05-10 05:05:00,SHORT,0.65,0.65,sl,-0.003991,0,0.8178,2
2022-05-10 05:45:00,SHORT,0.67,0.67,tp,0.004025,1,0.8895,2
2022-05-10 06:15:00,SHORT,0.67,0.67,tp,0.004025,1,0.7022,2
2022-05-10 06:35:00,SHORT,0.7,0.69,tp,0.004025,1,0.7052,2
2022-05-10 06:40:00,SHORT,0.7,0.7,tp,0.004025,1,0.9086,2
2022-05-10 07:10:00,LONG,0.68,0.68,tp,0.004,1,0.7775,2
2022-05-10 07:15:00,LONG,0.67,0.68,tp,0.004,1,0.6517,2
2022-05-10 07:30:00,LONG,0.67,0.68,tp,0.004,1,0.8579,2
2022-05-10 07:50:00,SHORT,0.67,0.67,sl,-0.003991,0,0.6628,2
2022-05-10 08:00:00,LONG,0.67,0.67,tp,0.004,1,0.8613,2
2022-05-10 08:35:00,LONG,0.67,0.68,tp,0.004,1,0.7994,2
2022-05-10 08:45:00,SHORT,0.68,0.68,tp,0.004025,1,0.7038,2
2022-05-10 09:05:00,LONG,0.68,0.68,tp,0.004,1,0.7144,2
2022-05-10 09:30:00,LONG,0.67,0.67,tp,0.004,1,0.8388,2
2022-05-10 09:40:00,SHORT,0.67,0.67,tp,0.004025,1,0.7149,2
2022-05-10 09:55:00,LONG,0.67,0.67,tp,0.004,1,0.9059,2
2022-05-10 10:35:00,LONG,0.67,0.68,tp,0.004,1,0.8204,2
2022-05-10 10:40:00,SHORT,0.67,0.68,sl,-0.003991,0,0.6938,2
2022-05-10 11:00:00,LONG,0.67,0.67,tp,0.004,1,0.8101,2
2022-05-10 11:40:00,SHORT,0.68,0.68,tp,0.004025,1,0.8494,2
2022-05-10 13:00:00,SHORT,0.69,0.69,tp,0.004025,1,0.8509,2
2022-05-10 13:45:00,LONG,0.68,0.68,tp,0.004,1,0.8693,2
2022-05-10 14:45:00,LONG,0.66,0.66,tp,0.004,1,0.6547,2
2022-05-10 14:50:00,LONG,0.66,0.66,sl,-0.004,0,0.8087,2
2022-05-10 15:00:00,SHORT,0.66,0.66,tp,0.004025,1,0.6907,2
2022-05-10 15:05:00,LONG,0.65,0.66,tp,0.004,1,0.7053,2
2022-05-10 15:10:00,LONG,0.65,0.66,tp,0.004,1,0.7238,2
2022-05-10 15:15:00,LONG,0.66,0.66,sl,-0.004,0,0.698,2
2022-05-10 15:20:00,LONG,0.66,0.65,sl,-0.004,0,0.6814,2
2022-05-10 15:35:00,SHORT,0.67,0.67,tp,0.004025,1,0.8773,2
2022-05-10 16:00:00,SHORT,0.67,0.66,tp,0.004025,1,0.8011,2
2022-05-10 16:30:00,LONG,0.66,0.66,tp,0.004,1,0.8393,2
2022-05-10 16:45:00,SHORT,0.66,0.66,tp,0.004025,1,0.7708,2
2022-05-10 16:55:00,LONG,0.66,0.66,tp,0.004,1,0.6904,2
2022-05-10 17:05:00,SHORT,0.66,0.66,tp,0.004025,1,0.7958,2
2022-05-10 17:40:00,SHORT,0.67,0.68,sl,-0.003991,0,0.7394,2
2022-05-10 18:15:00,LONG,0.67,0.66,sl,-0.004,0,0.7394,2
2022-05-10 18:40:00,SHORT,0.67,0.67,tp,0.004025,1,0.6504,2
2022-05-10 19:20:00,LONG,0.65,0.65,sl,-0.004,0,0.861,2
2022-05-10 19:40:00,LONG,0.65,0.65,tp,0.004,1,0.8827,2
2022-05-10 19:50:00,SHORT,0.65,0.65,tp,0.004025,1,0.8273,2
2022-05-10 20:25:00,SHORT,0.65,0.64,tp,0.004025,1,0.76,2
2022-05-10 20:35:00,LONG,0.64,0.64,sl,-0.004,0,0.831,2
2022-05-10 21:30:00,LONG,0.62,0.62,sl,-0.004,0,0.6844,2
2022-05-10 21:35:00,LONG,0.61,0.61,sl,-0.004,0,0.7225,2
2022-05-10 21:50:00,LONG,0.61,0.61,tp,0.004,1,0.7127,2
2022-05-10 21:55:00,LONG,0.61,0.61,tp,0.004,1,0.9092,2
2022-05-10 22:00:00,LONG,0.62,0.62,tp,0.004,1,0.7063,2
2022-05-10 22:05:00,LONG,0.63,0.63,sl,-0.004,0,0.6971,2
2022-05-10 22:10:00,SHORT,0.62,0.62,tp,0.004025,1,0.7742,2
2022-05-10 22:25:00,LONG,0.62,0.62,sl,-0.004,0,0.6538,2
2022-05-10 22:35:00,LONG,0.61,0.62,tp,0.004,1,0.8684,2
2022-05-10 23:00:00,SHORT,0.63,0.63,tp,0.004025,1,0.6984,2
2022-05-10 23:05:00,SHORT,0.64,0.63,tp,0.004025,1,0.688,2
2022-05-10 23:10:00,SHORT,0.63,0.63,sl,-0.003991,0,0.8145,2
2022-05-10 23:40:00,LONG,0.62,0.62,sl,-0.004,0,0.7779,2
2022-05-11 00:00:00,SHORT,0.63,0.63,tp,0.004025,1,0.7863,2
2022-05-11 00:10:00,LONG,0.63,0.63,tp,0.004,1,0.673,2
2022-05-11 00:20:00,SHORT,0.64,0.64,tp,0.004025,1,0.9005,2
2022-05-11 00:45:00,SHORT,0.63,0.63,sl,-0.003991,0,0.6674,2
2022-05-11 01:10:00,LONG,0.62,0.62,tp,0.004,1,0.6965,2
2022-05-11 01:15:00,LONG,0.62,0.62,sl,-0.004,0,0.6876,2
2022-05-11 02:00:00,LONG,0.61,0.62,tp,0.004,1,0.8936,2
2022-05-11 02:25:00,SHORT,0.63,0.63,sl,-0.003991,0,0.6969,2
2022-05-11 03:00:00,SHORT,0.63,0.63,tp,0.004025,1,0.8156,2
2022-05-11 03:25:00,LONG,0.63,0.63,sl,-0.004,0,0.716,2
2022-05-11 03:50:00,LONG,0.63,0.63,tp,0.004,1,0.7478,2
2022-05-11 04:05:00,SHORT,0.63,0.63,tp,0.004025,1,0.7621,2
2022-05-11 04:20:00,LONG,0.62,0.63,tp,0.004,1,0.8294,2
2022-05-11 04:45:00,LONG,0.62,0.62,tp,0.004,1,0.8745,2
2022-05-11 05:10:00,LONG,0.63,0.63,tp,0.004,1,0.7135,2
2022-05-11 05:15:00,SHORT,0.64,0.63,tp,0.004025,1,0.855,2
2022-05-11 05:55:00,LONG,0.63,0.63,tp,0.004,1,0.7742,2
2022-05-11 06:05:00,SHORT,0.63,0.62,tp,0.004025,1,0.7456,2
2022-05-11 06:15:00,LONG,0.62,0.63,tp,0.004,1,0.8973,2
2022-05-11 06:30:00,SHORT,0.63,0.63,tp,0.004025,1,0.8024,2
2022-05-11 06:50:00,LONG,0.61,0.61,sl,-0.004,0,0.662,2
2022-05-11 06:55:00,SHORT,0.6,0.6,tp,0.004025,1,0.7257,2
2022-05-11 07:05:00,LONG,0.6,0.6,tp,0.004,1,0.8951,2
2022-05-11 07:15:00,SHORT,0.61,0.61,tp,0.004025,1,0.8531,2
2022-05-11 07:25:00,LONG,0.61,0.6,sl,-0.004,0,0.6798,2
2022-05-11 07:30:00,LONG,0.6,0.6,sl,-0.004,0,0.7844,2
2022-05-11 07:35:00,LONG,0.59,0.6,tp,0.004,1,0.9214,2
2022-05-11 07:40:00,LONG,0.6,0.6,tp,0.004,1,0.6782,2
2022-05-11 08:10:00,SHORT,0.62,0.61,tp,0.004025,1,0.685,2
2022-05-11 08:20:00,SHORT,0.62,0.62,tp,0.004025,1,0.8243,2
2022-05-11 08:35:00,LONG,0.61,0.61,tp,0.004,1,0.7519,2
2022-05-11 08:50:00,LONG,0.63,0.63,tp,0.004,1,0.6999,2
2022-05-11 08:55:00,SHORT,0.64,0.63,tp,0.004025,1,0.7018,2
2022-05-11 09:00:00,SHORT,0.64,0.64,sl,-0.003991,0,0.6568,2
2022-05-11 09:10:00,LONG,0.64,0.65,tp,0.004,1,0.7129,2
2022-05-11 09:15:00,LONG,0.64,0.65,tp,0.004,1,0.6508,2
2022-05-11 09:30:00,SHORT,0.65,0.65,tp,0.004025,1,0.906,2
2022-05-11 09:40:00,LONG,0.64,0.65,tp,0.004,1,0.8371,2
2022-05-11 10:05:00,LONG,0.65,0.65,tp,0.004,1,0.6938,2
2022-05-11 10:10:00,SHORT,0.66,0.65,tp,0.004025,1,0.8575,2
2022-05-11 10:45:00,SHORT,0.65,0.64,tp,0.004025,1,0.8023,2
2022-05-11 11:05:00,LONG,0.64,0.64,tp,0.004,1,0.7033,2
2022-05-11 11:10:00,SHORT,0.64,0.64,tp,0.004025,1,0.8245,2
2022-05-11 11:40:00,LONG,0.62,0.62,sl,-0.004,0,0.6852,2
2022-05-11 11:50:00,LONG,0.62,0.62,tp,0.004,1,0.7305,2
2022-05-11 12:00:00,LONG,0.63,0.63,tp,0.004,1,0.6529,2
2022-05-11 12:05:00,SHORT,0.63,0.63,tp,0.004025,1,0.8217,2
2022-05-11 12:15:00,LONG,0.63,0.63,sl,-0.004,0,0.6673,2
2022-05-11 12:25:00,SHORT,0.63,0.63,tp,0.004025,1,0.6538,2
2022-05-11 12:30:00,LONG,0.6,0.6,tp,0.004,1,0.7701,2
2022-05-11 12:35:00,LONG,0.59,0.59,tp,0.004,1,0.786,2
2022-05-11 12:40:00,SHORT,0.59,0.59,tp,0.004025,1,0.7386,2
2022-05-11 12:45:00,LONG,0.56,0.56,tp,0.004,1,0.7857,2
2022-05-11 12:50:00,LONG,0.55,0.56,tp,0.004,1,0.7967,2
2022-05-11 12:55:00,SHORT,0.54,0.54,tp,0.004025,1,0.6949,2
2022-05-11 13:00:00,LONG,0.56,0.56,tp,0.004,1,0.7222,2
2022-05-11 13:05:00,LONG,0.56,0.57,tp,0.004,1,0.7871,2
2022-05-11 13:10:00,LONG,0.56,0.56,tp,0.004,1,0.7817,2
2022-05-11 13:20:00,SHORT,0.59,0.58,tp,0.004025,1,0.8482,2
2022-05-11 13:25:00,LONG,0.58,0.58,tp,0.004,1,0.6662,2
2022-05-11 13:30:00,LONG,0.57,0.57,tp,0.004,1,0.8542,2
2022-05-11 13:35:00,SHORT,0.58,0.58,tp,0.004025,1,0.6676,2
2022-05-11 13:40:00,SHORT,0.61,0.6,tp,0.004025,1,0.6927,2
2022-05-11 13:45:00,SHORT,0.63,0.63,tp,0.004025,1,0.7176,2
2022-05-11 13:50:00,SHORT,0.61,0.61,tp,0.004025,1,0.8393,2
2022-05-11 13:55:00,SHORT,0.62,0.61,tp,0.004025,1,0.7538,2
2022-05-11 14:00:00,SHORT,0.62,0.61,tp,0.004025,1,0.6891,2
2022-05-11 14:05:00,SHORT,0.62,0.61,tp,0.004025,1,0.8153,2
2022-05-11 14:10:00,LONG,0.61,0.61,tp,0.004,1,0.8287,2
2022-05-11 14:20:00,SHORT,0.62,0.61,tp,0.004025,1,0.8814,2
2022-05-11 14:25:00,LONG,0.6,0.61,tp,0.004,1,0.7097,2
2022-05-11 14:30:00,LONG,0.61,0.61,tp,0.004,1,0.7863,2
2022-05-11 14:35:00,SHORT,0.61,0.61,tp,0.004025,1,0.6698,2
2022-05-11 14:40:00,SHORT,0.61,0.61,tp,0.004025,1,0.7202,2
2022-05-11 14:45:00,SHORT,0.61,0.61,tp,0.004025,1,0.6994,2
2022-05-11 14:50:00,SHORT,0.6,0.6,sl,-0.003991,0,0.6781,2
2022-05-11 15:05:00,SHORT,0.59,0.59,tp,0.004025,1,0.6858,2
2022-05-11 15:10:00,LONG,0.59,0.59,tp,0.004,1,0.6929,2
2022-05-11 15:15:00,LONG,0.58,0.59,tp,0.004,1,0.6703,2
2022-05-11 15:20:00,LONG,0.58,0.58,tp,0.004,1,0.9092,2
2022-05-11 15:35:00,SHORT,0.58,0.58,sl,-0.003991,0,0.7992,2
2022-05-11 15:40:00,LONG,0.58,0.58,sl,-0.004,0,0.6509,2
2022-05-11 15:45:00,LONG,0.58,0.58,tp,0.004,1,0.7027,2
2022-05-11 15:50:00,LONG,0.57,0.57,sl,-0.004,0,0.6593,2
2022-05-11 15:55:00,SHORT,0.57,0.57,sl,-0.003991,0,0.6889,2
2022-05-11 16:00:00,LONG,0.57,0.58,tp,0.004,1,0.6869,2
2022-05-11 16:05:00,LONG,0.57,0.57,tp,0.004,1,0.7215,2
2022-05-11 16:10:00,LONG,0.57,0.57,tp,0.004,1,0.8724,2
2022-05-11 16:15:00,LONG,0.56,0.57,tp,0.004,1,0.7656,2
2022-05-11 16:25:00,SHORT,0.57,0.56,tp,0.004025,1,0.6756,2
2022-05-11 16:35:00,LONG,0.56,0.56,tp,0.004,1,0.7527,2
2022-05-11 16:45:00,SHORT,0.56,0.55,tp,0.004025,1,0.7849,2
2022-05-11 16:50:00,LONG,0.56,0.55,sl,-0.004,0,0.8317,2
2022-05-11 17:05:00,LONG,0.55,0.56,tp,0.004,1,0.754,2
2022-05-11 17:10:00,LONG,0.56,0.56,tp,0.004,1,0.7107,2
2022-05-11 17:15:00,SHORT,0.57,0.56,tp,0.004025,1,0.8854,2
2022-05-11 17:25:00,SHORT,0.55,0.55,sl,-0.003991,0,0.7323,2
2022-05-11 17:30:00,SHORT,0.55,0.55,tp,0.004025,1,0.67,2
2022-05-11 17:35:00,LONG,0.54,0.54,sl,-0.004,0,0.6811,2
2022-05-11 17:40:00,SHORT,0.54,0.54,tp,0.004025,1,0.6951,2
2022-05-11 17:45:00,SHORT,0.56,0.56,sl,-0.003991,0,0.679,2
2022-05-11 17:50:00,SHORT,0.56,0.55,tp,0.004025,1,0.8104,2
2022-05-11 18:00:00,SHORT,0.56,0.56,tp,0.004025,1,0.6809,2
2022-05-11 18:05:00,SHORT,0.56,0.56,tp,0.004025,1,0.7951,2
2022-05-11 18:10:00,SHORT,0.56,0.56,tp,0.004025,1,0.6914,2
2022-05-11 18:20:00,SHORT,0.56,0.56,tp,0.004025,1,0.6974,2
2022-05-11 18:25:00,SHORT,0.56,0.56,tp,0.004025,1,0.8138,2
2022-05-11 18:30:00,SHORT,0.56,0.56,sl,-0.003991,0,0.7462,2
2022-05-11 18:35:00,SHORT,0.56,0.55,tp,0.004025,1,0.6665,2
2022-05-11 18:40:00,SHORT,0.56,0.56,tp,0.004025,1,0.737,2
2022-05-11 18:45:00,LONG,0.55,0.55,sl,-0.004,0,0.6699,2
2022-05-11 18:50:00,SHORT,0.54,0.54,tp,0.004025,1,0.6578,2
2022-05-11 18:55:00,SHORT,0.54,0.54,tp,0.004025,1,0.6676,2
2022-05-11 19:00:00,LONG,0.54,0.54,tp,0.004,1,0.7004,2
2022-05-11 19:20:00,SHORT,0.54,0.54,sl,-0.003991,0,0.6518,2
2022-05-11 19:25:00,LONG,0.54,0.54,sl,-0.004,0,0.6694,2
2022-05-11 19:30:00,LONG,0.53,0.53,sl,-0.004,0,0.7476,2
2022-05-11 19:35:00,SHORT,0.53,0.53,tp,0.004025,1,0.6791,2
2022-05-11 19:40:00,LONG,0.53,0.53,tp,0.004,1,0.8975,2
2022-05-11 19:45:00,LONG,0.52,0.53,tp,0.004,1,0.76,2
2022-05-11 19:50:00,LONG,0.53,0.53,sl,-0.004,0,0.7043,2
2022-05-11 20:00:00,SHORT,0.53,0.53,tp,0.004025,1,0.72,2
2022-05-11 20:05:00,LONG,0.52,0.53,tp,0.004,1,0.7248,2
2022-05-11 20:10:00,LONG,0.52,0.52,tp,0.004,1,0.727,2
2022-05-11 20:15:00,SHORT,0.52,0.52,tp,0.004025,1,0.657,2
2022-05-11 20:25:00,SHORT,0.52,0.52,tp,0.004025,1,0.697,2
2022-05-11 20:30:00,SHORT,0.52,0.51,tp,0.004025,1,0.7042,2
2022-05-11 20:45:00,SHORT,0.52,0.52,tp,0.004025,1,0.7658,2
2022-05-11 20:50:00,LONG,0.5,0.51,tp,0.004,1,0.7591,2
2022-05-11 20:55:00,LONG,0.5,0.51,tp,0.004,1,0.8996,2
2022-05-11 21:00:00,SHORT,0.52,0.52,tp,0.004025,1,0.8966,2
2022-05-11 21:05:00,LONG,0.51,0.51,sl,-0.004,0,0.659,2
2022-05-11 21:10:00,LONG,0.51,0.51,tp,0.004,1,0.8431,2
2022-05-11 21:15:00,LONG,0.51,0.51,sl,-0.004,0,0.6629,2
2022-05-11 21:20:00,LONG,0.51,0.5,sl,-0.004,0,0.719,2
2022-05-11 21:25:00,SHORT,0.49,0.49,tp,0.004025,1,0.7529,2
2022-05-11 21:30:00,LONG,0.48,0.48,tp,0.004,1,0.7991,2
2022-05-11 21:35:00,LONG,0.49,0.48,sl,-0.004,0,0.7921,2
2022-05-11 21:45:00,LONG,0.5,0.5,tp,0.004,1,0.7603,2
2022-05-11 21:50:00,SHORT,0.51,0.51,tp,0.004025,1,0.8571,2
2022-05-11 21:55:00,SHORT,0.52,0.51,tp,0.004025,1,0.7059,2
2022-05-11 22:00:00,SHORT,0.51,0.51,sl,-0.003991,0,0.6718,2
2022-05-11 22:05:00,SHORT,0.52,0.53,sl,-0.003991,0,0.9033,2
2022-05-11 22:10:00,LONG,0.53,0.53,sl,-0.004,0,0.6514,2
2022-05-11 22:15:00,SHORT,0.52,0.52,sl,-0.003991,0,0.7478,2
2022-05-11 22:25:00,LONG,0.52,0.52,sl,-0.004,0,0.6652,2
2022-05-11 22:30:00,SHORT,0.51,0.51,tp,0.004025,1,0.6958,2
2022-05-11 22:35:00,LONG,0.51,0.51,tp,0.004,1,0.876,2
2022-05-11 22:40:00,LONG,0.51,0.51,tp,0.004,1,0.6589,2
2022-05-11 22:50:00,SHORT,0.52,0.52,tp,0.004025,1,0.7229,2
2022-05-11 22:55:00,LONG,0.52,0.52,tp,0.004,1,0.6646,2
2022-05-11 23:00:00,SHORT,0.52,0.52,tp,0.004025,1,0.7223,2
2022-05-11 23:05:00,SHORT,0.52,0.52,tp,0.004025,1,0.8399,2
2022-05-11 23:15:00,SHORT,0.51,0.51,sl,-0.003991,0,0.6537,2
2022-05-11 23:20:00,LONG,0.51,0.51,tp,0.004,1,0.6611,2
2022-05-11 23:25:00,LONG,0.51,0.51,tp,0.004,1,0.8489,2
2022-05-11 23:40:00,SHORT,0.52,0.51,tp,0.004025,1,0.8912,2
2022-05-11 23:45:00,SHORT,0.52,0.52,tp,0.004025,1,0.6957,2
2022-05-11 23:50:00,LONG,0.51,0.51,tp,0.004,1,0.6843,2
2022-05-11 23:55:00,SHORT,0.52,0.52,tp,0.004025,1,0.6617,2
2022-05-12 00:05:00,LONG,0.52,0.52,tp,0.004,1,0.6881,2
2022-05-12 00:20:00,SHORT,0.53,0.53,sl,-0.003991,0,0.7211,2
2022-05-12 00:25:00,LONG,0.54,0.53,sl,-0.004,0,0.6745,2
2022-05-12 00:30:00,SHORT,0.54,0.54,sl,-0.003991,0,0.689,2
2022-05-12 00:40:00,SHORT,0.55,0.54,tp,0.004025,1,0.9113,2
2022-05-12 00:45:00,SHORT,0.55,0.54,tp,0.004025,1,0.7159,2
2022-05-12 00:50:00,SHORT,0.54,0.54,tp,0.004025,1,0.6548,2
2022-05-12 01:10:00,SHORT,0.53,0.53,tp,0.004025,1,0.6815,2
2022-05-12 01:35:00,LONG,0.52,0.52,sl,-0.004,0,0.8566,2
2022-05-12 01:40:00,LONG,0.52,0.52,tp,0.004,1,0.6966,2
2022-05-12 01:45:00,SHORT,0.52,0.52,tp,0.004025,1,0.7697,2
2022-05-12 01:50:00,LONG,0.52,0.52,sl,-0.004,0,0.7042,2
2022-05-12 01:55:00,SHORT,0.51,0.51,tp,0.004025,1,0.6839,2
2022-05-12 02:05:00,LONG,0.51,0.51,tp,0.004,1,0.7156,2
2022-05-12 02:10:00,LONG,0.51,0.51,tp,0.004,1,0.6565,2
2022-05-12 02:15:00,SHORT,0.51,0.51,sl,-0.003991,0,0.7131,2
2022-05-12 02:25:00,LONG,0.5,0.5,sl,-0.004,0,0.767,2
2022-05-12 02:30:00,SHORT,0.5,0.5,tp,0.004025,1,0.7188,2
2022-05-12 02:35:00,SHORT,0.5,0.49,tp,0.004025,1,0.7305,2
2022-05-12 02:40:00,LONG,0.49,0.49,tp,0.004,1,0.9119,2
2022-05-12 02:50:00,LONG,0.49,0.49,sl,-0.004,0,0.6741,2
2022-05-12 02:55:00,LONG,0.49,0.49,tp,0.004,1,0.7308,2
2022-05-12 03:00:00,LONG,0.48,0.48,sl,-0.004,0,0.7464,2
2022-05-12 03:05:00,LONG,0.48,0.48,tp,0.004,1,0.7724,2
2022-05-12 03:10:00,LONG,0.48,0.48,tp,0.004,1,0.6512,2
2022-05-12 03:15:00,SHORT,0.48,0.48,tp,0.004025,1,0.7064,2
2022-05-12 03:20:00,SHORT,0.48,0.48,tp,0.004025,1,0.6503,2
2022-05-12 03:25:00,LONG,0.47,0.48,tp,0.004,1,0.7458,2
2022-05-12 03:30:00,SHORT,0.48,0.48,tp,0.004025,1,0.8097,2
2022-05-12 03:45:00,LONG,0.47,0.47,sl,-0.004,0,0.7621,2
2022-05-12 03:50:00,SHORT,0.46,0.46,tp,0.004025,1,0.7831,2
2022-05-12 03:55:00,LONG,0.44,0.44,tp,0.004,1,0.7655,2
2022-05-12 04:00:00,LONG,0.44,0.44,tp,0.004,1,0.7722,2
2022-05-12 04:05:00,LONG,0.43,0.44,tp,0.004,1,0.7346,2
2022-05-12 04:10:00,SHORT,0.43,0.43,sl,-0.003991,0,0.6677,2
2022-05-12 04:15:00,LONG,0.44,0.44,sl,-0.004,0,0.6696,2
2022-05-12 04:20:00,LONG,0.43,0.43,tp,0.004,1,0.7279,2
2022-05-12 04:25:00,LONG,0.45,0.45,tp,0.004,1,0.7461,2
2022-05-12 04:30:00,LONG,0.45,0.45,tp,0.004,1,0.6608,2
2022-05-12 04:35:00,SHORT,0.45,0.45,tp,0.004025,1,0.8516,2
2022-05-12 04:45:00,LONG,0.44,0.44,tp,0.004,1,0.6847,2
2022-05-12 04:50:00,SHORT,0.44,0.44,tp,0.004025,1,0.6734,2
2022-05-12 04:55:00,SHORT,0.44,0.43,tp,0.004025,1,0.6617,2
2022-05-12 05:00:00,LONG,0.43,0.43,sl,-0.004,0,0.742,2
2022-05-12 05:05:00,LONG,0.42,0.42,tp,0.004,1,0.7792,2
2022-05-12 05:10:00,LONG,0.41,0.41,tp,0.004,1,0.7846,2
2022-05-12 05:15:00,SHORT,0.42,0.42,tp,0.004025,1,0.7304,2
2022-05-12 05:20:00,LONG,0.41,0.42,tp,0.004,1,0.6895,2
2022-05-12 05:25:00,LONG,0.41,0.41,tp,0.004,1,0.7578,2
2022-05-12 05:30:00,SHORT,0.43,0.43,tp,0.004025,1,0.8896,2
2022-05-12 05:35:00,SHORT,0.42,0.42,tp,0.004025,1,0.7118,2
2022-05-12 05:40:00,SHORT,0.42,0.42,tp,0.004025,1,0.6885,2
2022-05-12 05:45:00,LONG,0.41,0.41,tp,0.004,1,0.7662,2
2022-05-12 05:50:00,LONG,0.4,0.41,tp,0.004,1,0.924,2
2022-05-12 05:55:00,LONG,0.41,0.42,tp,0.004,1,0.698,2
2022-05-12 06:05:00,LONG,0.42,0.42,tp,0.004,1,0.683,2
2022-05-12 06:10:00,SHORT,0.41,0.41,tp,0.004025,1,0.7873,2
2022-05-12 06:15:00,LONG,0.42,0.42,tp,0.004,1,0.7539,2
2022-05-12 06:25:00,LONG,0.43,0.43,tp,0.004,1,0.7498,2
2022-05-12 06:30:00,SHORT,0.43,0.43,tp,0.004025,1,0.8624,2
2022-05-12 06:35:00,LONG,0.43,0.43,tp,0.004,1,0.6804,2
2022-05-12 06:40:00,LONG,0.43,0.44,tp,0.004,1,0.6658,2
2022-05-12 06:45:00,SHORT,0.44,0.43,tp,0.004025,1,0.8516,2
2022-05-12 06:50:00,SHORT,0.43,0.43,tp,0.004025,1,0.7443,2
2022-05-12 06:55:00,SHORT,0.43,0.43,tp,0.004025,1,0.7494,2
2022-05-12 07:00:00,SHORT,0.43,0.42,tp,0.004025,1,0.7454,2
2022-05-12 07:05:00,LONG,0.42,0.42,sl,-0.004,0,0.7028,2
2022-05-12 07:10:00,LONG,0.41,0.42,tp,0.004,1,0.7571,2
2022-05-12 07:15:00,LONG,0.42,0.42,tp,0.004,1,0.7315,2
2022-05-12 07:20:00,LONG,0.43,0.43,tp,0.004,1,0.7535,2
2022-05-12 07:25:00,LONG,0.45,0.45,sl,-0.004,0,0.7738,2
2022-05-12 07:30:00,SHORT,0.44,0.44,sl,-0.003991,0,0.7197,2
2022-05-12 07:35:00,LONG,0.45,0.45,tp,0.004,1,0.819,2
2022-05-12 07:40:00,LONG,0.46,0.47,tp,0.004,1,0.6645,2
2022-05-12 07:45:00,SHORT,0.47,0.47,tp,0.004025,1,0.7164,2
2022-05-12 07:50:00,SHORT,0.47,0.47,tp,0.004025,1,0.8995,2
2022-05-12 07:55:00,SHORT,0.46,0.46,tp,0.004025,1,0.6917,2
2022-05-12 08:00:00,SHORT,0.45,0.45,tp,0.004025,1,0.736,2
2022-05-12 08:05:00,LONG,0.45,0.45,tp,0.004,1,0.8465,2
2022-05-12 08:10:00,SHORT,0.46,0.46,tp,0.004025,1,0.6718,2
2022-05-12 08:15:00,SHORT,0.45,0.45,tp,0.004025,1,0.8017,2
2022-05-12 08:20:00,SHORT,0.45,0.44,tp,0.004025,1,0.6823,2
2022-05-12 08:25:00,SHORT,0.45,0.44,tp,0.004025,1,0.6582,2
2022-05-12 08:30:00,LONG,0.44,0.44,tp,0.004,1,0.7429,2
2022-05-12 08:35:00,SHORT,0.44,0.44,tp,0.004025,1,0.7042,2
2022-05-12 08:40:00,SHORT,0.44,0.44,tp,0.004025,1,0.6842,2
2022-05-12 08:45:00,LONG,0.44,0.44,tp,0.004,1,0.7253,2
2022-05-12 08:55:00,SHORT,0.44,0.44,tp,0.004025,1,0.7653,2
2022-05-12 09:05:00,LONG,0.44,0.44,tp,0.004,1,0.6706,2
2022-05-12 09:10:00,LONG,0.44,0.44,tp,0.004,1,0.9092,2
2022-05-12 09:15:00,LONG,0.44,0.45,tp,0.004,1,0.6631,2
2022-05-12 09:20:00,SHORT,0.45,0.45,sl,-0.003991,0,0.8388,2
2022-05-12 09:30:00,LONG,0.44,0.45,tp,0.004,1,0.8292,2
2022-05-12 09:35:00,SHORT,0.45,0.45,tp,0.004025,1,0.6548,2
2022-05-12 09:40:00,SHORT,0.45,0.45,tp,0.004025,1,0.7482,2
2022-05-12 09:45:00,LONG,0.45,0.44,sl,-0.004,0,0.6785,2
2022-05-12 09:50:00,SHORT,0.44,0.44,tp,0.004025,1,0.7253,2
2022-05-12 09:55:00,SHORT,0.44,0.44,tp,0.004025,1,0.6725,2
2022-05-12 10:00:00,SHORT,0.44,0.44,sl,-0.003991,0,0.6787,2
2022-05-12 10:05:00,SHORT,0.44,0.44,tp,0.004025,1,0.8421,2
2022-05-12 10:10:00,LONG,0.44,0.44,tp,0.004,1,0.7389,2
2022-05-12 10:20:00,LONG,0.45,0.45,tp,0.004,1,0.6742,2
2022-05-12 10:25:00,LONG,0.46,0.46,tp,0.004,1,0.7713,2
2022-05-12 10:30:00,LONG,0.46,0.46,tp,0.004,1,0.7532,2
2022-05-12 10:35:00,SHORT,0.46,0.46,sl,-0.003991,0,0.7126,2
2022-05-12 10:40:00,SHORT,0.47,0.47,tp,0.004025,1,0.7055,2
2022-05-12 10:45:00,LONG,0.47,0.47,tp,0.004,1,0.6717,2
2022-05-12 10:50:00,SHORT,0.48,0.47,tp,0.004025,1,0.9032,2
2022-05-12 11:05:00,SHORT,0.48,0.48,tp,0.004025,1,0.8437,2
2022-05-12 11:10:00,SHORT,0.48,0.47,tp,0.004025,1,0.6512,2
2022-05-12 11:15:00,LONG,0.48,0.48,tp,0.004,1,0.6975,2
2022-05-12 11:20:00,SHORT,0.49,0.48,tp,0.004025,1,0.8875,2
2022-05-12 11:30:00,LONG,0.47,0.47,sl,-0.004,0,0.6736,2
2022-05-12 11:40:00,LONG,0.46,0.46,tp,0.004,1,0.7316,2
2022-05-12 11:50:00,SHORT,0.46,0.46,tp,0.004025,1,0.812,2
2022-05-12 12:10:00,LONG,0.46,0.46,tp,0.004,1,0.8786,2
2022-05-12 12:15:00,SHORT,0.46,0.45,tp,0.004025,1,0.7262,2
2022-05-12 12:25:00,LONG,0.45,0.45,tp,0.004,1,0.9117,2
2022-05-12 12:30:00,LONG,0.45,0.46,tp,0.004,1,0.6755,2
2022-05-12 12:35:00,LONG,0.46,0.46,tp,0.004,1,0.7049,2
2022-05-12 12:55:00,SHORT,0.47,0.47,tp,0.004025,1,0.8806,2
2022-05-12 13:00:00,LONG,0.46,0.47,tp,0.004,1,0.8049,2
2022-05-12 13:15:00,LONG,0.46,0.47,tp,0.004,1,0.8522,2
2022-05-12 13:35:00,LONG,0.45,0.46,tp,0.004,1,0.6671,2
2022-05-12 13:45:00,SHORT,0.46,0.46,tp,0.004025,1,0.8558,2
2022-05-12 13:55:00,LONG,0.46,0.46,tp,0.004,1,0.6928,2
2022-05-12 14:00:00,LONG,0.46,0.46,tp,0.004,1,0.8428,2
2022-05-12 14:10:00,LONG,0.47,0.47,tp,0.004,1,0.6784,2
2022-05-12 14:20:00,LONG,0.48,0.48,tp,0.004,1,0.7242,2
2022-05-12 14:25:00,SHORT,0.48,0.47,tp,0.004025,1,0.8004,2
2022-05-12 14:35:00,SHORT,0.48,0.48,tp,0.004025,1,0.6913,2
2022-05-12 14:40:00,LONG,0.47,0.47,sl,-0.004,0,0.6774,2
2022-05-12 14:45:00,LONG,0.47,0.48,tp,0.004,1,0.8147,2
2022-05-12 14:50:00,SHORT,0.48,0.48,sl,-0.003991,0,0.6734,2
2022-05-12 14:55:00,LONG,0.49,0.49,sl,-0.004,0,0.6875,2
2022-05-12 15:00:00,SHORT,0.49,0.49,tp,0.004025,1,0.6632,2
2022-05-12 15:05:00,SHORT,0.5,0.5,tp,0.004025,1,0.7379,2
2022-05-12 15:10:00,SHORT,0.5,0.49,tp,0.004025,1,0.6651,2
2022-05-12 15:15:00,SHORT,0.5,0.49,tp,0.004025,1,0.6821,2
2022-05-12 15:25:00,SHORT,0.49,0.49,tp,0.004025,1,0.6593,2
2022-05-12 15:30:00,LONG,0.49,0.49,tp,0.004,1,0.6583,2
2022-05-12 15:35:00,SHORT,0.5,0.49,tp,0.004025,1,0.8767,2
2022-05-12 15:45:00,SHORT,0.49,0.49,sl,-0.003991,0,0.6549,2
2022-05-12 15:55:00,LONG,0.48,0.48,tp,0.004,1,0.8898,2
2022-05-12 16:30:00,SHORT,0.5,0.5,tp,0.004025,1,0.8997,2
2022-05-12 16:40:00,SHORT,0.5,0.5,sl,-0.003991,0,0.665,2
2022-05-12 16:45:00,LONG,0.51,0.51,sl,-0.004,0,0.6706,2
2022-05-12 16:50:00,SHORT,0.51,0.5,tp,0.004025,1,0.6501,2
2022-05-12 16:55:00,SHORT,0.51,0.51,tp,0.004025,1,0.7114,2
2022-05-12 17:00:00,SHORT,0.51,0.51,tp,0.004025,1,0.7792,2
2022-05-12 17:05:00,LONG,0.5,0.51,tp,0.004,1,0.8431,2
2022-05-12 17:30:00,SHORT,0.51,0.5,tp,0.004025,1,0.8302,2
2022-05-12 18:00:00,SHORT,0.5,0.49,tp,0.004025,1,0.8586,2
2022-05-12 18:10:00,LONG,0.49,0.49,tp,0.004,1,0.6679,2
2022-05-12 18:15:00,SHORT,0.49,0.49,tp,0.004025,1,0.6773,2
2022-05-12 18:20:00,SHORT,0.49,0.49,tp,0.004025,1,0.7035,2
2022-05-12 18:25:00,SHORT,0.49,0.49,tp,0.004025,1,0.6541,2
2022-05-12 18:30:00,SHORT,0.48,0.48,tp,0.004025,1,0.6554,2
2022-05-12 18:45:00,LONG,0.48,0.47,sl,-0.004,0,0.7228,2
2022-05-12 18:55:00,LONG,0.47,0.48,tp,0.004,1,0.9039,2
2022-05-12 19:05:00,SHORT,0.48,0.48,tp,0.004025,1,0.7605,2
2022-05-12 19:10:00,LONG,0.48,0.48,tp,0.004,1,0.884,2
2022-05-12 19:20:00,LONG,0.49,0.49,tp,0.004,1,0.6609,2
2022-05-12 19:25:00,SHORT,0.48,0.49,sl,-0.003991,0,0.7309,2
2022-05-12 19:50:00,LONG,0.49,0.49,tp,0.004,1,0.6547,2
2022-05-12 19:55:00,SHORT,0.49,0.49,sl,-0.003991,0,0.6899,2
2022-05-12 20:10:00,LONG,0.48,0.48,tp,0.004,1,0.8369,2
2022-05-12 20:30:00,SHORT,0.49,0.49,sl,-0.003991,0,0.7454,2
2022-05-12 20:55:00,LONG,0.47,0.47,sl,-0.004,0,0.6527,2
2022-05-12 21:00:00,LONG,0.47,0.47,tp,0.004,1,0.7153,2
2022-05-12 21:10:00,LONG,0.47,0.47,sl,-0.004,0,0.6921,2
2022-05-12 21:15:00,LONG,0.47,0.46,sl,-0.004,0,0.6813,2
2022-05-12 21:20:00,LONG,0.46,0.46,sl,-0.004,0,0.7089,2
2022-05-12 21:25:00,LONG,0.46,0.46,sl,-0.004,0,0.7338,2
2022-05-12 21:30:00,LONG,0.45,0.45,sl,-0.004,0,0.7222,2
2022-05-12 21:35:00,LONG,0.45,0.46,tp,0.004,1,0.9183,2
2022-05-12 21:40:00,LONG,0.46,0.46,tp,0.004,1,0.6744,2
2022-05-12 21:50:00,LONG,0.46,0.46,tp,0.004,1,0.9105,2
2022-05-12 21:55:00,LONG,0.46,0.46,tp,0.004,1,0.7242,2
2022-05-12 22:00:00,LONG,0.46,0.46,sl,-0.004,0,0.711,2
2022-05-12 22:15:00,SHORT,0.46,0.46,tp,0.004025,1,0.6898,2
2022-05-12 22:25:00,LONG,0.45,0.45,sl,-0.004,0,0.655,2
2022-05-12 22:30:00,LONG,0.45,0.46,tp,0.004,1,0.7596,2
2022-05-12 23:45:00,SHORT,0.48,0.47,tp,0.004025,1,0.8444,2
2022-05-13 00:05:00,SHORT,0.47,0.47,tp,0.004025,1,0.8326,2
2022-05-13 00:20:00,LONG,0.47,0.47,tp,0.004,1,0.7252,2
2022-05-13 00:45:00,SHORT,0.49,0.49,tp,0.004025,1,0.6896,2
2022-05-13 01:00:00,SHORT,0.51,0.51,tp,0.004025,1,0.6773,2
2022-05-13 01:05:00,SHORT,0.51,0.51,tp,0.004025,1,0.9171,2
2022-05-13 01:15:00,LONG,0.5,0.5,sl,-0.004,0,0.6517,2
2022-05-13 01:30:00,SHORT,0.5,0.49,tp,0.004025,1,0.6548,2
2022-05-13 01:35:00,LONG,0.49,0.5,tp,0.004,1,0.844,2
2022-05-13 02:20:00,SHORT,0.52,0.52,sl,-0.003991,0,0.7026,2
2022-05-13 02:25:00,SHORT,0.53,0.53,tp,0.004025,1,0.7078,2
2022-05-13 02:30:00,SHORT,0.52,0.52,tp,0.004025,1,0.8221,2
2022-05-13 02:35:00,SHORT,0.52,0.52,sl,-0.003991,0,0.6609,2
2022-05-13 02:50:00,LONG,0.52,0.52,tp,0.004,1,0.7379,2
2022-05-13 03:00:00,LONG,0.54,0.54,tp,0.004,1,0.7279,2
2022-05-13 03:05:00,LONG,0.54,0.55,tp,0.004,1,0.774,2
2022-05-13 03:10:00,SHORT,0.54,0.54,tp,0.004025,1,0.8439,2
2022-05-13 03:15:00,SHORT,0.55,0.54,tp,0.004025,1,0.7401,2
2022-05-13 03:20:00,SHORT,0.55,0.55,tp,0.004025,1,0.7044,2
2022-05-13 03:25:00,SHORT,0.54,0.54,tp,0.004025,1,0.8001,2
2022-05-13 03:30:00,LONG,0.54,0.54,tp,0.004,1,0.8057,2
2022-05-13 03:40:00,SHORT,0.54,0.54,tp,0.004025,1,0.6582,2
2022-05-13 04:30:00,SHORT,0.54,0.54,tp,0.004025,1,0.6629,2
2022-05-13 04:35:00,LONG,0.54,0.54,tp,0.004,1,0.8312,2
2022-05-13 05:05:00,LONG,0.57,0.57,tp,0.004,1,0.7004,2
2022-05-13 05:10:00,LONG,0.58,0.58,tp,0.004,1,0.7404,2
2022-05-13 05:15:00,LONG,0.58,0.59,tp,0.004,1,0.7766,2
2022-05-13 05:20:00,SHORT,0.6,0.59,tp,0.004025,1,0.7473,2
2022-05-13 05:25:00,SHORT,0.6,0.59,tp,0.004025,1,0.8501,2
2022-05-13 05:35:00,LONG,0.58,0.59,tp,0.004,1,0.7694,2
2022-05-13 05:45:00,SHORT,0.59,0.59,tp,0.004025,1,0.895,2
2022-05-13 05:50:00,SHORT,0.58,0.58,tp,0.004025,1,0.6842,2
2022-05-13 05:55:00,LONG,0.58,0.59,tp,0.004,1,0.7514,2
2022-05-13 06:05:00,SHORT,0.59,0.59,tp,0.004025,1,0.6685,2
2022-05-13 06:10:00,SHORT,0.59,0.59,tp,0.004025,1,0.6963,2
2022-05-13 06:15:00,SHORT,0.59,0.59,tp,0.004025,1,0.7075,2
2022-05-13 06:20:00,SHORT,0.58,0.59,sl,-0.003991,0,0.7155,2
2022-05-13 06:30:00,LONG,0.58,0.59,tp,0.004,1,0.8174,2
2022-05-13 06:40:00,SHORT,0.59,0.59,tp,0.004025,1,0.6534,2
2022-05-13 06:45:00,SHORT,0.59,0.59,tp,0.004025,1,0.8917,2
2022-05-13 07:20:00,SHORT,0.58,0.58,sl,-0.003991,0,0.6586,2
2022-05-13 07:25:00,SHORT,0.59,0.58,tp,0.004025,1,0.8855,2
2022-05-13 07:35:00,SHORT,0.58,0.57,tp,0.004025,1,0.7096,2
2022-05-13 07:40:00,SHORT,0.57,0.57,tp,0.004025,1,0.7079,2
2022-05-13 07:45:00,LONG,0.56,0.57,tp,0.004,1,0.881,2
2022-05-13 08:05:00,SHORT,0.57,0.58,sl,-0.003991,0,0.8307,2
2022-05-13 08:10:00,SHORT,0.57,0.58,sl,-0.003991,0,0.6702,2
2022-05-13 08:25:00,SHORT,0.58,0.57,tp,0.004025,1,0.8006,2
2022-05-13 08:45:00,SHORT,0.57,0.58,sl,-0.003991,0,0.6556,2
2022-05-13 08:50:00,LONG,0.58,0.58,tp,0.004,1,0.7004,2
2022-05-13 09:15:00,SHORT,0.59,0.59,tp,0.004025,1,0.8747,2
2022-05-13 09:55:00,SHORT,0.58,0.57,tp,0.004025,1,0.8334,2
2022-05-13 10:10:00,LONG,0.57,0.57,sl,-0.004,0,0.7808,2
2022-05-13 10:20:00,SHORT,0.57,0.57,tp,0.004025,1,0.857,2
2022-05-13 10:30:00,LONG,0.57,0.57,tp,0.004,1,0.677,2
2022-05-13 11:00:00,SHORT,0.58,0.58,tp,0.004025,1,0.7369,2
2022-05-13 11:30:00,LONG,0.57,0.57,tp,0.004,1,0.7449,2
2022-05-13 11:55:00,SHORT,0.59,0.58,tp,0.004025,1,0.8637,2
2022-05-13 12:10:00,LONG,0.58,0.58,tp,0.004,1,0.7684,2
2022-05-13 12:30:00,SHORT,0.59,0.58,tp,0.004025,1,0.8233,2
2022-05-13 12:45:00,LONG,0.57,0.58,tp,0.004,1,0.7858,2
2022-05-13 12:55:00,SHORT,0.58,0.58,sl,-0.003991,0,0.781,2
2022-05-13 13:15:00,LONG,0.56,0.57,tp,0.004,1,0.889,2
2022-05-13 13:30:00,LONG,0.56,0.56,tp,0.004,1,0.9061,2
2022-05-13 13:40:00,LONG,0.57,0.57,sl,-0.004,0,0.6646,2
2022-05-13 14:00:00,SHORT,0.58,0.59,sl,-0.003991,0,0.6628,2
2022-05-13 14:05:00,SHORT,0.59,0.58,tp,0.004025,1,0.9072,2
2022-05-13 14:10:00,SHORT,0.58,0.58,tp,0.004025,1,0.6743,2
2022-05-13 14:15:00,LONG,0.58,0.58,tp,0.004,1,0.8074,2
2022-05-13 14:25:00,SHORT,0.58,0.58,sl,-0.003991,0,0.7951,2
2022-05-13 14:30:00,SHORT,0.58,0.59,sl,-0.003991,0,0.674,2
2022-05-13 14:45:00,LONG,0.58,0.58,sl,-0.004,0,0.767,2
2022-05-13 15:00:00,LONG,0.57,0.58,tp,0.004,1,0.865,2
2022-05-13 15:15:00,LONG,0.57,0.57,tp,0.004,1,0.8412,2
2022-05-13 16:10:00,SHORT,0.58,0.58,sl,-0.003991,0,0.7805,2
2022-05-13 16:35:00,SHORT,0.56,0.56,tp,0.004025,1,0.794,2
2022-05-13 16:40:00,LONG,0.55,0.56,tp,0.004,1,0.6642,2
2022-05-13 16:50:00,LONG,0.55,0.56,tp,0.004,1,0.801,2
2022-05-13 16:55:00,LONG,0.55,0.56,tp,0.004,1,0.6975,2
2022-05-13 17:10:00,SHORT,0.57,0.56,tp,0.004025,1,0.9008,2
2022-05-13 17:45:00,LONG,0.55,0.55,tp,0.004,1,0.8986,2
2022-05-13 18:00:00,LONG,0.54,0.54,tp,0.004,1,0.9124,2
2022-05-13 18:10:00,SHORT,0.55,0.55,sl,-0.003991,0,0.8193,2
2022-05-13 18:30:00,SHORT,0.56,0.55,tp,0.004025,1,0.8209,2
2022-05-13 18:50:00,SHORT,0.56,0.56,sl,-0.003991,0,0.7626,2
2022-05-13 19:15:00,LONG,0.55,0.55,sl,-0.004,0,0.7166,2
2022-05-13 20:10:00,LONG,0.54,0.55,tp,0.004,1,0.9044,2
2022-05-13 20:30:00,SHORT,0.56,0.55,tp,0.004025,1,0.6679,2
2022-05-13 21:30:00,SHORT,0.55,0.55,tp,0.004025,1,0.8561,2
2022-05-13 21:50:00,SHORT,0.56,0.55,tp,0.004025,1,0.8591,2
2022-05-13 22:10:00,SHORT,0.56,0.56,tp,0.004025,1,0.8181,2
2022-05-13 23:10:00,LONG,0.53,0.53,tp,0.004,1,0.702,2
2022-05-13 23:15:00,LONG,0.53,0.53,sl,-0.004,0,0.8636,2
2022-05-13 23:30:00,SHORT,0.53,0.53,sl,-0.003991,0,0.652,2
2022-05-13 23:40:00,LONG,0.52,0.53,tp,0.004,1,0.918,2
2022-05-14 00:30:00,LONG,0.53,0.54,tp,0.004,1,0.8421,2
2022-05-14 00:40:00,SHORT,0.54,0.54,tp,0.004025,1,0.824,2
2022-05-14 00:55:00,SHORT,0.54,0.54,tp,0.004025,1,0.8491,2
2022-05-14 01:05:00,LONG,0.53,0.54,tp,0.004,1,0.7643,2
2022-05-14 01:15:00,LONG,0.54,0.55,tp,0.004,1,0.7017,2
2022-05-14 01:45:00,SHORT,0.55,0.55,tp,0.004025,1,0.8496,2
2022-05-14 02:15:00,LONG,0.55,0.55,tp,0.004,1,0.7366,2
2022-05-14 02:40:00,SHORT,0.55,0.55,tp,0.004025,1,0.7208,2
2022-05-14 02:55:00,LONG,0.54,0.55,tp,0.004,1,0.8894,2
2022-05-14 03:15:00,LONG,0.54,0.54,tp,0.004,1,0.8882,2
2022-05-14 03:40:00,LONG,0.54,0.54,tp,0.004,1,0.6748,2
2022-05-14 05:30:00,LONG,0.53,0.54,tp,0.004,1,0.7506,2
2022-05-14 05:45:00,SHORT,0.54,0.54,sl,-0.003991,0,0.6601,2
2022-05-14 06:35:00,SHORT,0.54,0.54,sl,-0.003991,0,0.7732,2
2022-05-14 07:00:00,LONG,0.54,0.54,sl,-0.004,0,0.7519,2
2022-05-14 07:10:00,SHORT,0.54,0.53,tp,0.004025,1,0.6863,2
2022-05-14 07:20:00,LONG,0.54,0.53,sl,-0.004,0,0.7825,2
2022-05-14 08:05:00,LONG,0.53,0.53,tp,0.004,1,0.8196,2
2022-05-14 08:15:00,SHORT,0.53,0.53,sl,-0.003991,0,0.7428,2
2022-05-14 08:30:00,SHORT,0.53,0.53,tp,0.004025,1,0.696,2
2022-05-14 08:40:00,LONG,0.53,0.53,tp,0.004,1,0.8707,2
2022-05-14 10:20:00,LONG,0.52,0.52,tp,0.004,1,0.8807,2
2022-05-14 10:35:00,SHORT,0.52,0.52,tp,0.004025,1,0.7207,2
2022-05-14 11:00:00,SHORT,0.51,0.51,sl,-0.003991,0,0.6847,2
2022-05-14 11:25:00,LONG,0.5,0.5,tp,0.004,1,0.7332,2
2022-05-14 11:30:00,LONG,0.5,0.51,tp,0.004,1,0.7413,2
2022-05-14 11:35:00,LONG,0.51,0.51,sl,-0.004,0,0.6655,2
2022-05-14 11:40:00,SHORT,0.51,0.51,sl,-0.003991,0,0.7,2
2022-05-14 11:55:00,SHORT,0.51,0.51,tp,0.004025,1,0.6807,2
2022-05-14 12:15:00,LONG,0.5,0.51,tp,0.004,1,0.8678,2
2022-05-14 12:30:00,SHORT,0.51,0.51,tp,0.004025,1,0.7087,2
2022-05-14 13:05:00,LONG,0.5,0.5,sl,-0.004,0,0.6722,2
2022-05-14 13:15:00,LONG,0.5,0.5,sl,-0.004,0,0.6528,2
2022-05-14 13:30:00,SHORT,0.5,0.5,tp,0.004025,1,0.7782,2
2022-05-14 13:40:00,SHORT,0.5,0.5,tp,0.004025,1,0.6531,2
2022-05-14 14:15:00,LONG,0.5,0.5,tp,0.004,1,0.6548,2
2022-05-14 14:20:00,SHORT,0.5,0.5,tp,0.004025,1,0.8542,2
2022-05-14 14:40:00,SHORT,0.5,0.5,tp,0.004025,1,0.8207,2
2022-05-14 14:50:00,LONG,0.5,0.5,tp,0.004,1,0.7588,2
2022-05-14 15:10:00,SHORT,0.5,0.5,tp,0.004025,1,0.7533,2
2022-05-14 16:00:00,SHORT,0.5,0.5,sl,-0.003991,0,0.7283,2
2022-05-14 16:20:00,LONG,0.5,0.5,sl,-0.004,0,0.654,2
2022-05-14 16:50:00,SHORT,0.52,0.52,tp,0.004025,1,0.8086,2
2022-05-14 17:00:00,LONG,0.51,0.51,tp,0.004,1,0.8402,2
2022-05-14 17:35:00,LONG,0.51,0.51,sl,-0.004,0,0.766,2
2022-05-14 18:15:00,SHORT,0.53,0.53,tp,0.004025,1,0.8807,2
2022-05-14 19:00:00,LONG,0.52,0.52,tp,0.004,1,0.8704,2
2022-05-14 19:05:00,SHORT,0.52,0.52,tp,0.004025,1,0.8184,2
2022-05-14 19:15:00,LONG,0.52,0.52,tp,0.004,1,0.8743,2
2022-05-14 19:45:00,LONG,0.51,0.52,tp,0.004,1,0.7378,2
2022-05-14 20:25:00,SHORT,0.52,0.52,tp,0.004025,1,0.8345,2
2022-05-14 21:00:00,SHORT,0.52,0.52,sl,-0.003991,0,0.7508,2
2022-05-14 21:10:00,LONG,0.52,0.52,tp,0.004,1,0.677,2
2022-05-14 21:45:00,SHORT,0.53,0.53,tp,0.004025,1,0.8366,2
2022-05-14 22:15:00,SHORT,0.53,0.53,tp,0.004025,1,0.6647,2
2022-05-14 22:50:00,SHORT,0.54,0.54,sl,-0.003991,0,0.8085,2
2022-05-14 23:10:00,LONG,0.53,0.53,tp,0.004,1,0.8134,2
2022-05-15 00:10:00,LONG,0.53,0.53,tp,0.004,1,0.8368,2
2022-05-15 00:20:00,SHORT,0.54,0.54,tp,0.004025,1,0.8547,2
2022-05-15 01:30:00,LONG,0.52,0.53,tp,0.004,1,0.885,2
2022-05-15 02:15:00,LONG,0.52,0.52,sl,-0.004,0,0.8414,2
2022-05-15 02:45:00,LONG,0.52,0.52,tp,0.004,1,0.8514,2
2022-05-15 03:05:00,SHORT,0.52,0.52,sl,-0.003991,0,0.6581,2
2022-05-15 03:25:00,LONG,0.52,0.52,sl,-0.004,0,0.667,2
2022-05-15 04:15:00,SHORT,0.52,0.52,tp,0.004025,1,0.8288,2
2022-05-15 04:55:00,SHORT,0.52,0.52,tp,0.004025,1,0.7105,2
2022-05-15 05:05:00,LONG,0.52,0.52,tp,0.004,1,0.7988,2
2022-05-15 06:20:00,SHORT,0.53,0.53,tp,0.004025,1,0.8338,2
2022-05-15 07:00:00,SHORT,0.54,0.54,sl,-0.003991,0,0.7277,2
2022-05-15 07:30:00,LONG,0.54,0.54,sl,-0.004,0,0.7999,2
2022-05-15 07:40:00,SHORT,0.54,0.53,tp,0.004025,1,0.7336,2
2022-05-15 08:15:00,LONG,0.53,0.53,tp,0.004,1,0.8655,2
2022-05-15 08:40:00,SHORT,0.54,0.54,tp,0.004025,1,0.7804,2
2022-05-15 08:55:00,LONG,0.53,0.53,tp,0.004,1,0.7833,2
2022-05-15 09:10:00,LONG,0.53,0.54,tp,0.004,1,0.7581,2
2022-05-15 09:25:00,LONG,0.54,0.54,tp,0.004,1,0.653,2
2022-05-15 09:40:00,SHORT,0.55,0.55,sl,-0.003991,0,0.8199,2
2022-05-15 10:15:00,LONG,0.54,0.54,tp,0.004,1,0.7961,2
2022-05-15 11:05:00,SHORT,0.55,0.54,tp,0.004025,1,0.849,2
2022-05-15 11:45:00,SHORT,0.56,0.56,tp,0.004025,1,0.8736,2
2022-05-15 12:05:00,SHORT,0.56,0.56,tp,0.004025,1,0.8591,2
2022-05-15 12:20:00,SHORT,0.56,0.56,tp,0.004025,1,0.8062,2
2022-05-15 12:30:00,LONG,0.55,0.56,tp,0.004,1,0.8393,2
2022-05-15 12:45:00,SHORT,0.56,0.55,tp,0.004025,1,0.7866,2
2022-05-15 13:05:00,LONG,0.55,0.56,tp,0.004,1,0.7923,2
2022-05-15 13:15:00,SHORT,0.55,0.55,tp,0.004025,1,0.6974,2
2022-05-15 13:25:00,LONG,0.55,0.55,sl,-0.004,0,0.7688,2
2022-05-15 13:40:00,SHORT,0.55,0.55,sl,-0.003991,0,0.665,2
2022-05-15 13:45:00,LONG,0.55,0.55,tp,0.004,1,0.8233,2
2022-05-15 14:00:00,LONG,0.55,0.55,tp,0.004,1,0.7979,2
2022-05-15 14:15:00,SHORT,0.55,0.55,tp,0.004025,1,0.7913,2
2022-05-15 14:45:00,SHORT,0.55,0.55,tp,0.004025,1,0.8111,2
2022-05-15 14:55:00,LONG,0.55,0.55,tp,0.004,1,0.7179,2
2022-05-15 15:10:00,SHORT,0.56,0.55,tp,0.004025,1,0.8547,2
2022-05-15 15:45:00,SHORT,0.55,0.55,tp,0.004025,1,0.813,2
2022-05-15 15:50:00,LONG,0.54,0.55,tp,0.004,1,0.8642,2
2022-05-15 16:00:00,SHORT,0.55,0.55,sl,-0.003991,0,0.8337,2
2022-05-15 16:10:00,LONG,0.55,0.55,tp,0.004,1,0.764,2
2022-05-15 17:20:00,SHORT,0.56,0.56,tp,0.004025,1,0.782,2
2022-05-15 18:15:00,SHORT,0.56,0.56,tp,0.004025,1,0.876,2
2022-05-15 18:45:00,SHORT,0.57,0.57,sl,-0.003991,0,0.8088,2
2022-05-15 19:10:00,LONG,0.57,0.57,sl,-0.004,0,0.72,2
2022-05-15 19:25:00,LONG,0.57,0.57,tp,0.004,1,0.8172,2
2022-05-15 19:55:00,SHORT,0.58,0.58,tp,0.004025,1,0.8647,2
2022-05-15 20:50:00,SHORT,0.59,0.59,sl,-0.003991,0,0.8038,2
2022-05-15 21:40:00,SHORT,0.58,0.58,sl,-0.003991,0,0.6612,2
2022-05-15 21:50:00,LONG,0.58,0.58,tp,0.004,1,0.8322,2
2022-05-15 22:00:00,SHORT,0.6,0.59,tp,0.004025,1,0.8602,2
2022-05-15 22:20:00,SHORT,0.59,0.59,tp,0.004025,1,0.8286,2
2022-05-15 22:35:00,LONG,0.59,0.59,tp,0.004,1,0.7306,2
2022-05-15 22:45:00,SHORT,0.6,0.59,tp,0.004025,1,0.8775,2
2022-05-15 23:05:00,LONG,0.59,0.59,tp,0.004,1,0.7272,2
2022-05-15 23:40:00,SHORT,0.6,0.6,sl,-0.003991,0,0.6507,2
2022-05-15 23:45:00,SHORT,0.6,0.6,sl,-0.003991,0,0.6851,2
2022-05-16 00:00:00,SHORT,0.59,0.59,tp,0.004025,1,0.6583,2
2022-05-16 00:20:00,LONG,0.58,0.59,tp,0.004,1,0.715,2
2022-05-16 01:05:00,SHORT,0.61,0.6,tp,0.004025,1,0.7272,2
2022-05-16 01:10:00,LONG,0.6,0.6,tp,0.004,1,0.7419,2
2022-05-16 01:55:00,LONG,0.59,0.59,tp,0.004,1,0.8772,2
2022-05-16 02:30:00,SHORT,0.6,0.59,tp,0.004025,1,0.7581,2
2022-05-16 02:45:00,LONG,0.59,0.59,tp,0.004,1,0.7955,2
2022-05-16 03:45:00,LONG,0.58,0.58,tp,0.004,1,0.8773,2
2022-05-16 04:15:00,LONG,0.58,0.58,tp,0.004,1,0.6722,2
2022-05-16 04:25:00,SHORT,0.58,0.58,tp,0.004025,1,0.7158,2
2022-05-16 04:30:00,LONG,0.57,0.57,tp,0.004,1,0.8742,2
2022-05-16 04:50:00,SHORT,0.58,0.58,sl,-0.003991,0,0.712,2
2022-05-16 04:55:00,LONG,0.57,0.58,tp,0.004,1,0.7945,2
2022-05-16 05:20:00,SHORT,0.58,0.58,tp,0.004025,1,0.8238,2
2022-05-16 06:25:00,LONG,0.56,0.56,tp,0.004,1,0.8312,2
2022-05-16 06:30:00,LONG,0.56,0.56,tp,0.004,1,0.6635,2
2022-05-16 06:40:00,SHORT,0.56,0.56,tp,0.004025,1,0.8406,2
2022-05-16 07:05:00,LONG,0.55,0.55,sl,-0.004,0,0.8694,2
2022-05-16 07:45:00,SHORT,0.56,0.56,tp,0.004025,1,0.8133,2
2022-05-16 07:55:00,LONG,0.56,0.56,tp,0.004,1,0.7335,2
2022-05-16 08:15:00,SHORT,0.57,0.56,tp,0.004025,1,0.872,2
2022-05-16 08:30:00,LONG,0.56,0.57,tp,0.004,1,0.6858,2
2022-05-16 09:20:00,LONG,0.55,0.56,tp,0.004,1,0.9037,2
2022-05-16 09:30:00,SHORT,0.56,0.56,tp,0.004025,1,0.8147,2
2022-05-16 09:50:00,SHORT,0.56,0.56,tp,0.004025,1,0.7688,2
2022-05-16 10:20:00,SHORT,0.57,0.57,tp,0.004025,1,0.8359,2
2022-05-16 10:35:00,SHORT,0.57,0.57,tp,0.004025,1,0.7203,2
2022-05-16 10:55:00,SHORT,0.58,0.57,tp,0.004025,1,0.847,2
2022-05-16 11:20:00,LONG,0.57,0.57,sl,-0.004,0,0.6962,2
2022-05-16 11:35:00,LONG,0.57,0.57,sl,-0.004,0,0.7108,2
2022-05-16 12:30:00,SHORT,0.58,0.58,tp,0.004025,1,0.8487,2
2022-05-16 13:00:00,SHORT,0.57,0.57,tp,0.004025,1,0.8303,2
2022-05-16 13:30:00,LONG,0.56,0.56,tp,0.004,1,0.6621,2
2022-05-16 13:55:00,LONG,0.56,0.55,sl,-0.004,0,0.6555,2
2022-05-16 14:00:00,LONG,0.56,0.56,tp,0.004,1,0.6504,2
2022-05-16 15:00:00,LONG,0.56,0.56,tp,0.004,1,0.7203,2
2022-05-16 15:05:00,SHORT,0.56,0.56,tp,0.004025,1,0.8168,2
2022-05-16 15:15:00,LONG,0.56,0.56,sl,-0.004,0,0.6501,2
2022-05-16 15:20:00,SHORT,0.56,0.56,tp,0.004025,1,0.8251,2
2022-05-16 15:35:00,SHORT,0.55,0.55,tp,0.004025,1,0.6889,2
2022-05-16 15:40:00,LONG,0.55,0.55,tp,0.004,1,0.7852,2
2022-05-16 15:55:00,LONG,0.56,0.56,tp,0.004,1,0.6743,2
2022-05-16 16:00:00,SHORT,0.56,0.56,tp,0.004025,1,0.8011,2
2022-05-16 16:45:00,LONG,0.55,0.55,sl,-0.004,0,0.696,2
2022-05-16 17:40:00,SHORT,0.56,0.56,tp,0.004025,1,0.8498,2
2022-05-16 18:15:00,SHORT,0.56,0.57,sl,-0.003991,0,0.7437,2
2022-05-16 18:20:00,LONG,0.57,0.57,tp,0.004,1,0.6665,2
2022-05-16 18:30:00,SHORT,0.57,0.57,tp,0.004025,1,0.8446,2
2022-05-16 19:00:00,SHORT,0.57,0.57,sl,-0.003991,0,0.7422,2
2022-05-16 19:15:00,LONG,0.57,0.56,sl,-0.004,0,0.7857,2
2022-05-16 19:55:00,LONG,0.56,0.56,tp,0.004,1,0.7816,2
2022-05-16 20:15:00,SHORT,0.56,0.56,tp,0.004025,1,0.8164,2
2022-05-16 20:30:00,LONG,0.56,0.56,tp,0.004,1,0.8179,2
2022-05-16 21:05:00,SHORT,0.57,0.57,tp,0.004025,1,0.7581,2
2022-05-16 21:30:00,LONG,0.57,0.57,tp,0.004,1,0.7734,2
2022-05-16 21:50:00,LONG,0.57,0.57,tp,0.004,1,0.7927,2
2022-05-16 22:15:00,SHORT,0.57,0.57,tp,0.004025,1,0.7621,2
2022-05-16 22:30:00,LONG,0.57,0.57,tp,0.004,1,0.8149,2
2022-05-16 23:15:00,LONG,0.56,0.56,sl,-0.004,0,0.8493,2
2022-05-16 23:45:00,LONG,0.56,0.55,sl,-0.004,0,0.6966,2
2022-05-17 00:20:00,SHORT,0.56,0.56,tp,0.004025,1,0.7184,2
2022-05-17 00:30:00,LONG,0.56,0.56,tp,0.004,1,0.7478,2
2022-05-17 00:50:00,SHORT,0.57,0.56,tp,0.004025,1,0.7838,2
2022-05-17 01:30:00,LONG,0.56,0.56,tp,0.004,1,0.8662,2
2022-05-17 01:50:00,SHORT,0.56,0.57,sl,-0.003991,0,0.8687,2
2022-05-17 02:10:00,SHORT,0.56,0.56,tp,0.004025,1,0.8072,2
2022-05-17 02:25:00,LONG,0.56,0.56,tp,0.004,1,0.7795,2
2022-05-17 03:40:00,SHORT,0.57,0.57,tp,0.004025,1,0.7446,2
2022-05-17 04:05:00,LONG,0.57,0.57,tp,0.004,1,0.8065,2
2022-05-17 04:55:00,SHORT,0.57,0.57,tp,0.004025,1,0.7939,2
2022-05-17 05:55:00,SHORT,0.58,0.58,tp,0.004025,1,0.7746,2
2022-05-17 06:45:00,SHORT,0.58,0.58,tp,0.004025,1,0.8477,2
2022-05-17 07:15:00,LONG,0.58,0.58,tp,0.004,1,0.8526,2
2022-05-17 07:50:00,SHORT,0.58,0.58,tp,0.004025,1,0.6543,2
2022-05-17 08:00:00,LONG,0.58,0.58,tp,0.004,1,0.6698,2
2022-05-17 08:35:00,SHORT,0.58,0.58,tp,0.004025,1,0.8086,2
2022-05-17 09:20:00,SHORT,0.59,0.58,tp,0.004025,1,0.7604,2
2022-05-17 10:40:00,LONG,0.58,0.58,tp,0.004,1,0.8724,2
2022-05-17 11:35:00,LONG,0.58,0.58,sl,-0.004,0,0.7676,2
2022-05-17 11:50:00,LONG,0.58,0.58,tp,0.004,1,0.8204,2
2022-05-17 12:20:00,SHORT,0.59,0.59,sl,-0.003991,0,0.7975,2
2022-05-17 12:35:00,SHORT,0.59,0.59,tp,0.004025,1,0.7968,2
2022-05-17 12:50:00,LONG,0.59,0.59,tp,0.004,1,0.8276,2
2022-05-17 13:10:00,LONG,0.59,0.59,tp,0.004,1,0.7984,2
2022-05-17 13:35:00,SHORT,0.6,0.6,tp,0.004025,1,0.808,2
2022-05-17 14:10:00,LONG,0.58,0.59,tp,0.004,1,0.8597,2
2022-05-17 14:20:00,SHORT,0.59,0.58,tp,0.004025,1,0.7641,2
2022-05-17 14:40:00,LONG,0.57,0.57,tp,0.004,1,0.8982,2
2022-05-17 15:15:00,SHORT,0.58,0.57,tp,0.004025,1,0.7181,2
2022-05-17 15:25:00,LONG,0.57,0.57,tp,0.004,1,0.8823,2
2022-05-17 15:35:00,SHORT,0.58,0.57,tp,0.004025,1,0.805,2
2022-05-17 16:00:00,SHORT,0.57,0.57,tp,0.004025,1,0.7904,2
2022-05-17 16:20:00,LONG,0.57,0.57,tp,0.004,1,0.7942,2
2022-05-17 16:45:00,SHORT,0.57,0.57,tp,0.004025,1,0.7404,2
2022-05-17 17:40:00,SHORT,0.57,0.57,tp,0.004025,1,0.7972,2
2022-05-17 18:20:00,LONG,0.56,0.56,sl,-0.004,0,0.7417,2
2022-05-17 19:10:00,SHORT,0.57,0.57,sl,-0.003991,0,0.8449,2
2022-05-17 19:30:00,SHORT,0.57,0.57,sl,-0.003991,0,0.773,2
2022-05-17 19:45:00,LONG,0.57,0.57,tp,0.004,1,0.7999,2
2022-05-17 20:25:00,SHORT,0.57,0.57,tp,0.004025,1,0.7024,2
2022-05-17 20:30:00,LONG,0.57,0.57,sl,-0.004,0,0.763,2
2022-05-17 22:05:00,SHORT,0.58,0.58,tp,0.004025,1,0.8369,2
2022-05-17 23:35:00,LONG,0.58,0.58,sl,-0.004,0,0.7705,2
2022-05-18 00:25:00,SHORT,0.59,0.58,tp,0.004025,1,0.8576,2
2022-05-18 01:05:00,LONG,0.57,0.57,tp,0.004,1,0.8916,2
2022-05-18 01:25:00,LONG,0.57,0.57,sl,-0.004,0,0.8813,2
2022-05-18 02:15:00,LONG,0.57,0.57,tp,0.004,1,0.7176,2
2022-05-18 02:25:00,SHORT,0.57,0.57,sl,-0.003991,0,0.6697,2
2022-05-18 02:30:00,LONG,0.57,0.57,tp,0.004,1,0.7772,2
2022-05-18 02:40:00,SHORT,0.57,0.57,tp,0.004025,1,0.7617,2
2022-05-18 02:55:00,SHORT,0.57,0.57,tp,0.004025,1,0.7052,2
2022-05-18 03:15:00,LONG,0.56,0.56,sl,-0.004,0,0.7752,2
2022-05-18 03:35:00,LONG,0.56,0.56,sl,-0.004,0,0.6898,2
2022-05-18 03:55:00,LONG,0.56,0.56,tp,0.004,1,0.8274,2
2022-05-18 04:15:00,LONG,0.56,0.56,tp,0.004,1,0.7997,2
2022-05-18 04:25:00,SHORT,0.56,0.56,tp,0.004025,1,0.7188,2
2022-05-18 05:00:00,LONG,0.56,0.56,tp,0.004,1,0.8187,2
2022-05-18 06:00:00,SHORT,0.57,0.56,tp,0.004025,1,0.7337,2
2022-05-18 06:30:00,LONG,0.56,0.56,sl,-0.004,0,0.7942,2
2022-05-18 07:05:00,SHORT,0.56,0.56,sl,-0.003991,0,0.7403,2
2022-05-18 07:30:00,LONG,0.56,0.56,tp,0.004,1,0.7866,2
2022-05-18 08:00:00,SHORT,0.56,0.56,tp,0.004025,1,0.7698,2
2022-05-18 08:30:00,LONG,0.56,0.56,tp,0.004,1,0.7893,2
2022-05-18 08:55:00,SHORT,0.56,0.56,tp,0.004025,1,0.6749,2
2022-05-18 09:20:00,LONG,0.56,0.56,tp,0.004,1,0.8384,2
2022-05-18 09:45:00,SHORT,0.56,0.56,tp,0.004025,1,0.8164,2
2022-05-18 10:05:00,SHORT,0.56,0.56,tp,0.004025,1,0.7686,2
2022-05-18 10:15:00,LONG,0.56,0.56,sl,-0.004,0,0.6644,2
2022-05-18 10:25:00,SHORT,0.56,0.56,tp,0.004025,1,0.7163,2
2022-05-18 10:45:00,LONG,0.56,0.56,tp,0.004,1,0.8733,2
2022-05-18 11:15:00,SHORT,0.56,0.56,tp,0.004025,1,0.6776,2
2022-05-18 11:25:00,LONG,0.56,0.55,sl,-0.004,0,0.8623,2
2022-05-18 12:30:00,SHORT,0.55,0.55,tp,0.004025,1,0.7917,2
2022-05-18 12:55:00,LONG,0.54,0.54,sl,-0.004,0,0.8801,2
2022-05-18 13:15:00,SHORT,0.54,0.54,tp,0.004025,1,0.6617,2
2022-05-18 13:25:00,LONG,0.54,0.54,sl,-0.004,0,0.7913,2
2022-05-18 13:40:00,LONG,0.53,0.54,tp,0.004,1,0.9018,2
2022-05-18 14:00:00,LONG,0.54,0.54,tp,0.004,1,0.6693,2
2022-05-18 14:40:00,SHORT,0.53,0.53,tp,0.004025,1,0.6776,2
2022-05-18 15:20:00,SHORT,0.52,0.52,sl,-0.003991,0,0.686,2
2022-05-18 15:35:00,SHORT,0.52,0.52,tp,0.004025,1,0.6878,2
2022-05-18 16:15:00,SHORT,0.52,0.52,tp,0.004025,1,0.8006,2
2022-05-18 16:35:00,SHORT,0.52,0.52,tp,0.004025,1,0.669,2
2022-05-18 16:50:00,SHORT,0.53,0.52,tp,0.004025,1,0.8015,2
2022-05-18 17:10:00,LONG,0.52,0.53,tp,0.004,1,0.7478,2
2022-05-18 18:00:00,SHORT,0.52,0.52,tp,0.004025,1,0.7726,2
2022-05-18 18:05:00,LONG,0.52,0.52,tp,0.004,1,0.8166,2
2022-05-18 18:30:00,SHORT,0.53,0.53,sl,-0.003991,0,0.7378,2
2022-05-18 19:25:00,LONG,0.53,0.53,tp,0.004,1,0.7736,2
2022-05-18 20:35:00,LONG,0.52,0.52,tp,0.004,1,0.7472,2
2022-05-18 20:50:00,SHORT,0.53,0.53,sl,-0.003991,0,0.6704,2
2022-05-18 21:05:00,LONG,0.53,0.53,tp,0.004,1,0.6552,2
2022-05-18 21:50:00,LONG,0.52,0.52,tp,0.004,1,0.8539,2
2022-05-18 22:20:00,SHORT,0.53,0.53,tp,0.004025,1,0.7204,2
2022-05-18 22:55:00,LONG,0.52,0.52,tp,0.004,1,0.8323,2
2022-05-18 23:30:00,SHORT,0.51,0.51,tp,0.004025,1,0.6644,2
2022-05-18 23:35:00,LONG,0.51,0.5,sl,-0.004,0,0.9011,2
2022-05-18 23:55:00,LONG,0.51,0.51,tp,0.004,1,0.8206,2
2022-05-19 00:35:00,SHORT,0.52,0.51,tp,0.004025,1,0.8282,2
2022-05-19 00:55:00,LONG,0.51,0.51,tp,0.004,1,0.7606,2
2022-05-19 01:15:00,SHORT,0.51,0.51,tp,0.004025,1,0.8223,2
2022-05-19 01:55:00,LONG,0.5,0.5,tp,0.004,1,0.8474,2
2022-05-19 02:10:00,LONG,0.49,0.5,tp,0.004,1,0.8706,2
2022-05-19 02:45:00,LONG,0.51,0.51,tp,0.004,1,0.6621,2
2022-05-19 02:50:00,LONG,0.51,0.51,tp,0.004,1,0.6577,2
2022-05-19 03:10:00,SHORT,0.52,0.52,sl,-0.003991,0,0.6927,2
2022-05-19 03:15:00,LONG,0.52,0.52,tp,0.004,1,0.8142,2
2022-05-19 03:40:00,SHORT,0.52,0.52,sl,-0.003991,0,0.7629,2
2022-05-19 04:05:00,SHORT,0.52,0.52,tp,0.004025,1,0.8693,2
2022-05-19 05:10:00,LONG,0.51,0.51,sl,-0.004,0,0.8552,2
2022-05-19 05:35:00,LONG,0.51,0.51,tp,0.004,1,0.8879,2
2022-05-19 05:55:00,LONG,0.51,0.51,tp,0.004,1,0.8074,2
2022-05-19 06:30:00,SHORT,0.52,0.52,sl,-0.003991,0,0.8209,2
2022-05-19 06:55:00,SHORT,0.52,0.52,tp,0.004025,1,0.8389,2
2022-05-19 07:35:00,LONG,0.52,0.52,tp,0.004,1,0.8366,2
2022-05-19 08:05:00,LONG,0.51,0.52,tp,0.004,1,0.7546,2
2022-05-19 08:15:00,SHORT,0.52,0.51,tp,0.004025,1,0.7325,2
2022-05-19 09:05:00,SHORT,0.51,0.51,tp,0.004025,1,0.7913,2
2022-05-19 10:00:00,SHORT,0.51,0.51,sl,-0.003991,0,0.7551,2
2022-05-19 10:15:00,SHORT,0.51,0.51,tp,0.004025,1,0.7636,2
2022-05-19 10:30:00,LONG,0.51,0.51,tp,0.004,1,0.837,2
2022-05-19 10:40:00,LONG,0.52,0.51,sl,-0.004,0,0.6552,2
2022-05-19 11:20:00,SHORT,0.52,0.51,tp,0.004025,1,0.8245,2
2022-05-19 11:55:00,SHORT,0.53,0.53,tp,0.004025,1,0.8027,2
2022-05-19 12:15:00,LONG,0.52,0.52,tp,0.004,1,0.8172,2
2022-05-19 12:55:00,SHORT,0.52,0.52,sl,-0.003991,0,0.6742,2
2022-05-19 13:10:00,SHORT,0.53,0.53,tp,0.004025,1,0.8431,2
2022-05-19 13:25:00,LONG,0.53,0.53,tp,0.004,1,0.7932,2
2022-05-19 13:35:00,SHORT,0.53,0.53,tp,0.004025,1,0.682,2
2022-05-19 13:50:00,LONG,0.52,0.52,tp,0.004,1,0.7653,2
2022-05-19 14:00:00,SHORT,0.53,0.52,tp,0.004025,1,0.7716,2
2022-05-19 14:30:00,SHORT,0.53,0.53,tp,0.004025,1,0.7513,2
2022-05-19 15:05:00,LONG,0.53,0.53,tp,0.004,1,0.6968,2
2022-05-19 15:20:00,LONG,0.54,0.54,sl,-0.004,0,0.7884,2
2022-05-19 15:30:00,SHORT,0.55,0.54,tp,0.004025,1,0.9021,2
2022-05-19 16:10:00,LONG,0.54,0.54,sl,-0.004,0,0.7572,2
2022-05-19 16:55:00,LONG,0.53,0.54,tp,0.004,1,0.8171,2
2022-05-19 17:05:00,SHORT,0.54,0.53,tp,0.004025,1,0.6881,2
2022-05-19 17:15:00,LONG,0.53,0.53,sl,-0.004,0,0.7592,2
2022-05-19 18:50:00,SHORT,0.53,0.53,tp,0.004025,1,0.7912,2
2022-05-19 19:10:00,LONG,0.53,0.53,sl,-0.004,0,0.812,2
2022-05-19 19:55:00,LONG,0.52,0.53,tp,0.004,1,0.8489,2
2022-05-19 20:55:00,SHORT,0.53,0.53,sl,-0.003991,0,0.744,2
2022-05-19 21:15:00,SHORT,0.53,0.53,tp,0.004025,1,0.7141,2
2022-05-19 21:30:00,LONG,0.53,0.53,sl,-0.004,0,0.7925,2
2022-05-19 23:45:00,SHORT,0.54,0.53,tp,0.004025,1,0.8068,2
2022-05-20 00:00:00,LONG,0.53,0.53,sl,-0.004,0,0.6985,2
2022-05-20 01:05:00,LONG,0.53,0.53,tp,0.004,1,0.6955,2
2022-05-20 01:35:00,SHORT,0.54,0.54,tp,0.004025,1,0.8586,2
2022-05-20 02:30:00,LONG,0.53,0.54,tp,0.004,1,0.7665,2
2022-05-20 02:45:00,SHORT,0.54,0.53,tp,0.004025,1,0.7172,2
2022-05-20 03:15:00,LONG,0.53,0.53,tp,0.004,1,0.8718,2
2022-05-20 03:25:00,SHORT,0.53,0.53,tp,0.004025,1,0.6853,2
2022-05-20 03:45:00,LONG,0.53,0.53,tp,0.004,1,0.6758,2
2022-05-20 04:35:00,SHORT,0.53,0.53,tp,0.004025,1,0.7305,2
2022-05-20 04:45:00,LONG,0.53,0.53,sl,-0.004,0,0.7204,2
2022-05-20 05:25:00,SHORT,0.53,0.53,sl,-0.003991,0,0.7734,2
2022-05-20 05:40:00,SHORT,0.54,0.53,tp,0.004025,1,0.7789,2
2022-05-20 06:30:00,LONG,0.52,0.52,sl,-0.004,0,0.8277,2
2022-05-20 06:40:00,SHORT,0.53,0.52,tp,0.004025,1,0.7537,2
2022-05-20 06:45:00,LONG,0.52,0.53,tp,0.004,1,0.838,2
2022-05-20 08:00:00,LONG,0.53,0.53,tp,0.004,1,0.7323,2
2022-05-20 08:10:00,SHORT,0.53,0.53,sl,-0.003991,0,0.8393,2
2022-05-20 08:30:00,SHORT,0.53,0.53,sl,-0.003991,0,0.7362,2
2022-05-20 09:00:00,SHORT,0.53,0.53,sl,-0.003991,0,0.7868,2
2022-05-20 09:10:00,LONG,0.53,0.53,tp,0.004,1,0.7031,2
2022-05-20 09:15:00,SHORT,0.53,0.53,sl,-0.003991,0,0.7397,2
2022-05-20 09:35:00,SHORT,0.53,0.54,sl,-0.003991,0,0.7328,2
2022-05-20 10:00:00,LONG,0.53,0.54,tp,0.004,1,0.6624,2
2022-05-20 10:20:00,SHORT,0.54,0.53,tp,0.004025,1,0.6717,2
2022-05-20 10:30:00,LONG,0.53,0.54,tp,0.004,1,0.6874,2
2022-05-20 11:00:00,SHORT,0.54,0.54,tp,0.004025,1,0.7345,2
2022-05-20 12:10:00,LONG,0.54,0.53,sl,-0.004,0,0.847,2
2022-05-20 12:40:00,SHORT,0.53,0.53,tp,0.004025,1,0.7019,2
2022-05-20 12:45:00,LONG,0.53,0.53,sl,-0.004,0,0.7494,2
2022-05-20 13:05:00,LONG,0.53,0.53,tp,0.004,1,0.7638,2
2022-05-20 13:35:00,LONG,0.53,0.53,tp,0.004,1,0.6949,2
2022-05-20 15:15:00,LONG,0.51,0.51,tp,0.004,1,0.8904,2
2022-05-20 16:30:00,SHORT,0.51,0.5,tp,0.004025,1,0.68,2
2022-05-20 16:40:00,SHORT,0.5,0.51,sl,-0.003991,0,0.6531,2
2022-05-20 16:50:00,SHORT,0.51,0.5,tp,0.004025,1,0.6599,2
2022-05-20 17:05:00,LONG,0.5,0.51,tp,0.004,1,0.8139,2
2022-05-20 17:15:00,SHORT,0.51,0.5,tp,0.004025,1,0.6634,2
2022-05-20 17:25:00,LONG,0.5,0.51,tp,0.004,1,0.7871,2
2022-05-20 17:55:00,SHORT,0.51,0.51,tp,0.004025,1,0.7627,2
2022-05-20 18:05:00,LONG,0.51,0.5,sl,-0.004,0,0.662,2
2022-05-20 18:15:00,SHORT,0.51,0.51,sl,-0.003991,0,0.7287,2
2022-05-20 18:30:00,LONG,0.5,0.51,tp,0.004,1,0.7469,2
2022-05-20 18:50:00,SHORT,0.51,0.51,tp,0.004025,1,0.7805,2
2022-05-20 19:00:00,LONG,0.51,0.51,sl,-0.004,0,0.6915,2
2022-05-20 19:10:00,SHORT,0.51,0.51,tp,0.004025,1,0.6722,2
2022-05-20 19:20:00,LONG,0.51,0.51,tp,0.004,1,0.6961,2
2022-05-20 20:00:00,LONG,0.51,0.51,tp,0.004,1,0.7266,2
2022-05-20 20:25:00,SHORT,0.52,0.52,tp,0.004025,1,0.831,2
2022-05-20 20:35:00,LONG,0.51,0.52,tp,0.004,1,0.6873,2
2022-05-20 22:05:00,SHORT,0.52,0.52,sl,-0.003991,0,0.8308,2
2022-05-20 22:20:00,SHORT,0.52,0.52,tp,0.004025,1,0.7829,2
2022-05-20 22:55:00,LONG,0.52,0.52,tp,0.004,1,0.7831,2
2022-05-20 23:15:00,SHORT,0.52,0.52,tp,0.004025,1,0.6507,2
2022-05-20 23:50:00,SHORT,0.52,0.51,tp,0.004025,1,0.6774,2
2022-05-21 00:00:00,LONG,0.52,0.52,tp,0.004,1,0.8508,2
2022-05-21 00:35:00,LONG,0.51,0.52,tp,0.004,1,0.8331,2
2022-05-21 01:25:00,LONG,0.51,0.51,tp,0.004,1,0.8604,2
2022-05-21 01:45:00,SHORT,0.51,0.51,sl,-0.003991,0,0.8278,2
2022-05-21 02:55:00,SHORT,0.52,0.51,tp,0.004025,1,0.6618,2
2022-05-21 03:30:00,LONG,0.51,0.52,tp,0.004,1,0.8507,2
2022-05-21 04:15:00,LONG,0.52,0.53,tp,0.004,1,0.6941,2
2022-05-21 04:20:00,SHORT,0.53,0.53,tp,0.004025,1,0.8379,2
2022-05-21 04:35:00,LONG,0.52,0.53,tp,0.004,1,0.7595,2
2022-05-21 04:40:00,SHORT,0.53,0.52,tp,0.004025,1,0.7875,2
2022-05-21 05:15:00,LONG,0.52,0.52,sl,-0.004,0,0.677,2
2022-05-21 05:35:00,SHORT,0.52,0.53,sl,-0.003991,0,0.7045,2
2022-05-21 08:10:00,SHORT,0.53,0.53,tp,0.004025,1,0.7175,2
2022-05-21 08:15:00,LONG,0.53,0.53,tp,0.004,1,0.6969,2
2022-05-21 09:05:00,LONG,0.53,0.52,sl,-0.004,0,0.7775,2
2022-05-21 09:35:00,SHORT,0.53,0.53,sl,-0.003991,0,0.7294,2
2022-05-21 10:05:00,SHORT,0.53,0.53,tp,0.004025,1,0.7582,2
2022-05-21 10:25:00,LONG,0.53,0.53,tp,0.004,1,0.7498,2
2022-05-21 11:00:00,LONG,0.53,0.53,sl,-0.004,0,0.8269,2
2022-05-21 11:20:00,SHORT,0.53,0.53,tp,0.004025,1,0.7543,2
2022-05-21 11:40:00,LONG,0.53,0.53,tp,0.004,1,0.7501,2
2022-05-21 11:45:00,SHORT,0.53,0.53,sl,-0.003991,0,0.7051,2
2022-05-21 12:45:00,SHORT,0.53,0.53,sl,-0.003991,0,0.6586,2
2022-05-21 14:00:00,LONG,0.53,0.53,tp,0.004,1,0.7183,2
2022-05-21 14:05:00,SHORT,0.53,0.53,sl,-0.003991,0,0.7586,2
2022-05-21 14:45:00,SHORT,0.53,0.53,sl,-0.003991,0,0.6924,2
2022-05-21 15:00:00,SHORT,0.53,0.53,tp,0.004025,1,0.7404,2
2022-05-21 15:10:00,LONG,0.53,0.53,tp,0.004,1,0.806,2
2022-05-21 16:45:00,LONG,0.53,0.53,sl,-0.004,0,0.7199,2
2022-05-21 17:35:00,LONG,0.53,0.53,timeout,-0.000873,0,0.6562,2
2022-05-21 18:05:00,SHORT,0.53,0.53,tp,0.004025,1,0.7406,2
2022-05-21 18:30:00,SHORT,0.53,0.53,tp,0.004025,1,0.726,2
2022-05-21 18:45:00,LONG,0.53,0.53,tp,0.004,1,0.7182,2
2022-05-21 19:30:00,LONG,0.53,0.53,sl,-0.004,0,0.7416,2
2022-05-21 19:40:00,SHORT,0.53,0.53,tp,0.004025,1,0.7356,2
2022-05-21 20:40:00,LONG,0.53,0.53,timeout,8.8e-05,1,0.7988,2
2022-05-21 21:05:00,SHORT,0.53,0.53,sl,-0.003991,0,0.6515,2
2022-05-21 22:40:00,SHORT,0.53,0.53,sl,-0.003991,0,0.6922,2
2022-05-22 00:30:00,SHORT,0.53,0.53,tp,0.004025,1,0.7624,2
2022-05-22 01:55:00,SHORT,0.53,0.53,tp,0.004025,1,0.6539,2
2022-05-22 02:30:00,LONG,0.52,0.53,tp,0.004,1,0.727,2
2022-05-22 03:10:00,SHORT,0.53,0.53,timeout,0.001424,1,0.7064,2
2022-05-22 04:15:00,LONG,0.52,0.53,tp,0.004,1,0.7982,2
2022-05-22 07:45:00,SHORT,0.53,0.53,timeout,-0.001065,0,0.7284,2
2022-05-22 08:30:00,SHORT,0.54,0.53,tp,0.004025,1,0.7578,2
2022-05-22 09:30:00,SHORT,0.54,0.54,tp,0.004025,1,0.7532,2
2022-05-22 09:50:00,LONG,0.54,0.54,tp,0.004,1,0.7241,2
2022-05-22 10:00:00,SHORT,0.55,0.55,timeout,-0.001085,0,0.7035,2
2022-05-22 10:15:00,LONG,0.54,0.55,tp,0.004,1,0.7786,2
2022-05-22 10:30:00,SHORT,0.55,0.55,sl,-0.003991,0,0.6848,2
2022-05-22 10:45:00,SHORT,0.55,0.54,tp,0.004025,1,0.7723,2
2022-05-22 14:00:00,SHORT,0.54,0.54,tp,0.004025,1,0.6896,2
2022-05-22 15:20:00,LONG,0.53,0.54,tp,0.004,1,0.807,2
2022-05-22 15:45:00,SHORT,0.54,0.53,tp,0.004025,1,0.6899,2
2022-05-22 16:10:00,LONG,0.53,0.53,tp,0.004,1,0.7918,2
2022-05-22 16:30:00,SHORT,0.54,0.54,sl,-0.003991,0,0.7591,2
2022-05-22 17:20:00,SHORT,0.54,0.54,tp,0.004025,1,0.6818,2
2022-05-22 17:45:00,LONG,0.53,0.53,sl,-0.004,0,0.799,2
2022-05-22 18:15:00,LONG,0.53,0.54,tp,0.004,1,0.7677,2
2022-05-22 22:55:00,LONG,0.54,0.54,tp,0.004,1,0.755,2
2022-05-22 23:10:00,SHORT,0.54,0.55,sl,-0.003991,0,0.6762,2
2022-05-23 00:15:00,SHORT,0.55,0.54,tp,0.004025,1,0.6986,2
2022-05-23 00:25:00,LONG,0.54,0.54,tp,0.004,1,0.7245,2
2022-05-23 01:15:00,LONG,0.54,0.54,sl,-0.004,0,0.6509,2
2022-05-23 01:25:00,SHORT,0.54,0.54,tp,0.004025,1,0.6798,2
2022-05-23 01:40:00,LONG,0.54,0.54,sl,-0.004,0,0.8327,2
2022-05-23 02:30:00,LONG,0.54,0.54,tp,0.004,1,0.8331,2
2022-05-23 03:25:00,LONG,0.54,0.54,tp,0.004,1,0.668,2
2022-05-23 05:40:00,LONG,0.54,0.54,tp,0.004,1,0.6996,2
2022-05-23 06:15:00,LONG,0.54,0.55,tp,0.004,1,0.7102,2
2022-05-23 07:30:00,SHORT,0.55,0.55,sl,-0.003991,0,0.7423,2
2022-05-23 08:15:00,LONG,0.55,0.55,sl,-0.004,0,0.7216,2
2022-05-23 08:25:00,SHORT,0.55,0.55,tp,0.004025,1,0.6891,2
2022-05-23 09:15:00,LONG,0.54,0.55,tp,0.004,1,0.7869,2
2022-05-23 09:50:00,SHORT,0.55,0.55,tp,0.004025,1,0.7641,2
2022-05-23 10:10:00,SHORT,0.55,0.55,tp,0.004025,1,0.6682,2
2022-05-23 12:45:00,SHORT,0.55,0.55,tp,0.004025,1,0.7132,2
2022-05-23 13:00:00,LONG,0.55,0.55,tp,0.004,1,0.8121,2
2022-05-23 14:05:00,LONG,0.54,0.54,tp,0.004,1,0.8665,2
2022-05-23 14:15:00,SHORT,0.55,0.54,tp,0.004025,1,0.7635,2
2022-05-23 15:15:00,SHORT,0.55,0.55,sl,-0.003991,0,0.6658,2
2022-05-23 15:45:00,LONG,0.55,0.55,tp,0.004,1,0.7783,2
2022-05-23 16:05:00,SHORT,0.56,0.56,sl,-0.003991,0,0.7657,2
2022-05-23 16:20:00,SHORT,0.56,0.56,tp,0.004025,1,0.8112,2
2022-05-23 17:20:00,LONG,0.55,0.55,sl,-0.004,0,0.7576,2
2022-05-23 17:40:00,SHORT,0.55,0.55,tp,0.004025,1,0.7071,2
2022-05-23 18:00:00,LONG,0.55,0.55,tp,0.004,1,0.7653,2
2022-05-23 18:10:00,SHORT,0.55,0.55,tp,0.004025,1,0.733,2
2022-05-23 19:25:00,LONG,0.52,0.52,sl,-0.004,0,0.8881,2
2022-05-23 20:00:00,LONG,0.52,0.52,tp,0.004,1,0.732,2
2022-05-23 20:15:00,SHORT,0.52,0.53,sl,-0.003991,0,0.7964,2
2022-05-23 22:00:00,SHORT,0.52,0.52,tp,0.004025,1,0.6629,2
2022-05-23 22:05:00,LONG,0.52,0.52,tp,0.004,1,0.7329,2
2022-05-23 22:30:00,LONG,0.51,0.51,tp,0.004,1,0.8837,2
2022-05-23 22:55:00,SHORT,0.52,0.51,tp,0.004025,1,0.6993,2
2022-05-23 23:15:00,LONG,0.51,0.51,tp,0.004,1,0.7845,2
2022-05-23 23:45:00,SHORT,0.51,0.51,sl,-0.003991,0,0.8258,2
2022-05-24 00:35:00,SHORT,0.52,0.52,tp,0.004025,1,0.8052,2
2022-05-24 01:10:00,SHORT,0.51,0.51,tp,0.004025,1,0.6961,2
2022-05-24 04:15:00,LONG,0.52,0.52,tp,0.004,1,0.6836,2
2022-05-24 05:05:00,SHORT,0.52,0.52,tp,0.004025,1,0.6608,2
2022-05-24 05:15:00,LONG,0.52,0.52,sl,-0.004,0,0.6733,2
2022-05-24 05:40:00,LONG,0.52,0.52,tp,0.004,1,0.7855,2
2022-05-24 05:55:00,LONG,0.52,0.52,tp,0.004,1,0.7282,2
2022-05-24 06:45:00,LONG,0.52,0.52,sl,-0.004,0,0.6959,2
2022-05-24 09:05:00,LONG,0.51,0.51,tp,0.004,1,0.8572,2
2022-05-24 09:30:00,LONG,0.51,0.51,sl,-0.004,0,0.775,2
2022-05-24 09:50:00,LONG,0.51,0.51,tp,0.004,1,0.7189,2
2022-05-24 10:25:00,LONG,0.51,0.52,tp,0.004,1,0.6687,2
2022-05-24 10:40:00,SHORT,0.52,0.52,sl,-0.003991,0,0.6693,2
2022-05-24 10:50:00,LONG,0.52,0.52,tp,0.004,1,0.7329,2
2022-05-24 11:15:00,SHORT,0.52,0.52,tp,0.004025,1,0.6817,2
2022-05-24 11:25:00,LONG,0.51,0.51,sl,-0.004,0,0.8002,2
2022-05-24 12:30:00,LONG,0.51,0.52,tp,0.004,1,0.6507,2
2022-05-24 13:00:00,LONG,0.51,0.52,tp,0.004,1,0.7072,2
2022-05-24 14:10:00,LONG,0.5,0.5,tp,0.004,1,0.8647,2
2022-05-24 14:15:00,LONG,0.5,0.5,tp,0.004,1,0.6565,2
2022-05-24 14:30:00,SHORT,0.5,0.51,sl,-0.003991,0,0.7017,2
2022-05-24 14:40:00,LONG,0.5,0.5,sl,-0.004,0,0.7243,2
2022-05-24 15:45:00,SHORT,0.52,0.52,tp,0.004025,1,0.8677,2
2022-05-24 16:35:00,LONG,0.51,0.52,tp,0.004,1,0.8242,2
2022-05-24 16:40:00,SHORT,0.51,0.52,sl,-0.003991,0,0.7098,2
2022-05-24 17:30:00,LONG,0.51,0.51,tp,0.004,1,0.8315,2
2022-05-24 18:35:00,SHORT,0.51,0.51,tp,0.004025,1,0.7906,2
2022-05-24 19:05:00,SHORT,0.51,0.51,tp,0.004025,1,0.6553,2
2022-05-24 20:20:00,LONG,0.51,0.51,tp,0.004,1,0.705,2
2022-05-24 21:00:00,LONG,0.51,0.52,tp,0.004,1,0.6672,2
2022-05-24 22:35:00,LONG,0.52,0.52,tp,0.004,1,0.652,2
2022-05-24 23:10:00,SHORT,0.52,0.52,sl,-0.003991,0,0.6898,2
2022-05-24 23:45:00,LONG,0.52,0.52,sl,-0.004,0,0.7157,2
2022-05-25 00:00:00,SHORT,0.52,0.52,tp,0.004025,1,0.6868,2
2022-05-25 00:30:00,LONG,0.52,0.52,tp,0.004,1,0.8278,2
2022-05-25 01:20:00,LONG,0.52,0.52,tp,0.004,1,0.7492,2
2022-05-25 03:30:00,LONG,0.53,0.53,tp,0.004,1,0.7995,2
2022-05-25 03:40:00,SHORT,0.53,0.53,tp,0.004025,1,0.7678,2
2022-05-25 04:05:00,LONG,0.53,0.52,sl,-0.004,0,0.8015,2
2022-05-25 05:05:00,LONG,0.52,0.53,tp,0.004,1,0.7668,2
2022-05-25 05:20:00,SHORT,0.53,0.52,tp,0.004025,1,0.666,2
2022-05-25 05:50:00,LONG,0.52,0.52,sl,-0.004,0,0.8185,2
2022-05-25 07:00:00,LONG,0.52,0.52,sl,-0.004,0,0.749,2
2022-05-25 07:30:00,LONG,0.52,0.51,sl,-0.004,0,0.7982,2
2022-05-25 08:20:00,SHORT,0.52,0.52,sl,-0.003991,0,0.6882,2
2022-05-25 10:15:00,LONG,0.52,0.52,sl,-0.004,0,0.6686,2
2022-05-25 10:25:00,SHORT,0.52,0.51,tp,0.004025,1,0.7035,2
2022-05-25 10:30:00,LONG,0.52,0.51,sl,-0.004,0,0.7066,2
2022-05-25 11:00:00,SHORT,0.51,0.51,tp,0.004025,1,0.7074,2
2022-05-25 11:10:00,LONG,0.51,0.51,tp,0.004,1,0.8634,2
2022-05-25 11:35:00,LONG,0.51,0.51,sl,-0.004,0,0.6864,2
2022-05-25 11:40:00,SHORT,0.51,0.51,tp,0.004025,1,0.7587,2
2022-05-25 13:25:00,LONG,0.51,0.51,tp,0.004,1,0.7866,2
2022-05-25 13:35:00,SHORT,0.52,0.51,tp,0.004025,1,0.6914,2
2022-05-25 13:45:00,LONG,0.51,0.52,tp,0.004,1,0.8186,2
2022-05-25 14:25:00,SHORT,0.52,0.51,tp,0.004025,1,0.6882,2
2022-05-25 14:45:00,LONG,0.51,0.51,tp,0.004,1,0.8652,2
2022-05-25 15:15:00,SHORT,0.51,0.51,tp,0.004025,1,0.717,2
2022-05-25 15:35:00,LONG,0.51,0.51,tp,0.004,1,0.7114,2
2022-05-25 16:15:00,SHORT,0.51,0.51,tp,0.004025,1,0.6511,2
2022-05-25 16:45:00,SHORT,0.51,0.51,sl,-0.003991,0,0.7247,2
2022-05-25 17:35:00,SHORT,0.51,0.51,tp,0.004025,1,0.7582,2
2022-05-25 18:45:00,LONG,0.52,0.52,tp,0.004,1,0.6973,2
2022-05-25 19:00:00,SHORT,0.52,0.52,tp,0.004025,1,0.7654,2
2022-05-25 19:55:00,LONG,0.51,0.52,tp,0.004,1,0.8073,2
2022-05-25 20:15:00,SHORT,0.52,0.51,tp,0.004025,1,0.7634,2
2022-05-25 20:25:00,LONG,0.51,0.52,tp,0.004,1,0.6864,2
2022-05-26 00:10:00,SHORT,0.52,0.52,sl,-0.003991,0,0.6893,2
2022-05-26 00:30:00,SHORT,0.52,0.52,tp,0.004025,1,0.7191,2
2022-05-26 01:45:00,LONG,0.51,0.52,tp,0.004,1,0.7846,2
2022-05-26 02:50:00,SHORT,0.52,0.51,tp,0.004025,1,0.6806,2
2022-05-26 03:25:00,LONG,0.51,0.51,tp,0.004,1,0.6631,2
2022-05-26 06:05:00,LONG,0.5,0.5,tp,0.004,1,0.859,2
2022-05-26 07:15:00,LONG,0.5,0.5,tp,0.004,1,0.7559,2
2022-05-26 07:35:00,SHORT,0.5,0.5,tp,0.004025,1,0.7022,2
2022-05-26 08:20:00,SHORT,0.49,0.49,tp,0.004025,1,0.6722,2
2022-05-26 08:30:00,LONG,0.48,0.49,tp,0.004,1,0.87,2
2022-05-26 08:45:00,LONG,0.48,0.48,sl,-0.004,0,0.6728,2
2022-05-26 08:55:00,SHORT,0.48,0.48,tp,0.004025,1,0.7878,2
2022-05-26 09:00:00,LONG,0.48,0.49,tp,0.004,1,0.8126,2
2022-05-26 09:45:00,SHORT,0.49,0.49,tp,0.004025,1,0.7566,2
2022-05-26 11:45:00,SHORT,0.49,0.48,tp,0.004025,1,0.7366,2
2022-05-26 12:10:00,SHORT,0.49,0.49,tp,0.004025,1,0.7047,2
2022-05-26 13:15:00,LONG,0.47,0.47,tp,0.004,1,0.8023,2
2022-05-26 13:45:00,SHORT,0.48,0.48,tp,0.004025,1,0.8652,2
2022-05-26 14:10:00,SHORT,0.49,0.48,tp,0.004025,1,0.8017,2
2022-05-26 14:40:00,SHORT,0.49,0.49,sl,-0.003991,0,0.8226,2
2022-05-26 15:05:00,SHORT,0.49,0.49,tp,0.004025,1,0.6637,2
2022-05-26 15:30:00,LONG,0.49,0.49,tp,0.004,1,0.8031,2
2022-05-26 16:20:00,SHORT,0.5,0.5,tp,0.004025,1,0.7156,2
2022-05-26 16:45:00,LONG,0.5,0.49,sl,-0.004,0,0.7464,2
2022-05-26 17:10:00,LONG,0.49,0.49,sl,-0.004,0,0.8144,2
2022-05-26 18:30:00,LONG,0.49,0.49,sl,-0.004,0,0.8043,2
2022-05-26 19:35:00,LONG,0.48,0.48,tp,0.004,1,0.8533,2
2022-05-26 20:20:00,LONG,0.48,0.48,tp,0.004,1,0.8493,2
2022-05-26 20:30:00,SHORT,0.48,0.48,sl,-0.003991,0,0.703,2
2022-05-26 20:45:00,SHORT,0.48,0.48,sl,-0.003991,0,0.7479,2
2022-05-26 21:05:00,SHORT,0.49,0.48,tp,0.004025,1,0.8165,2
2022-05-26 22:15:00,SHORT,0.49,0.49,sl,-0.003991,0,0.6893,2
2022-05-27 00:45:00,LONG,0.48,0.47,sl,-0.004,0,0.8561,2
2022-05-27 01:30:00,LONG,0.47,0.47,tp,0.004,1,0.8673,2
2022-05-27 01:40:00,SHORT,0.47,0.47,sl,-0.003991,0,0.6639,2
2022-05-27 02:15:00,LONG,0.46,0.46,tp,0.004,1,0.6549,2
2022-05-27 02:20:00,SHORT,0.47,0.46,tp,0.004025,1,0.8014,2
2022-05-27 02:30:00,LONG,0.46,0.46,tp,0.004,1,0.8518,2
2022-05-27 02:45:00,LONG,0.46,0.46,tp,0.004,1,0.8297,2
2022-05-27 03:30:00,SHORT,0.47,0.47,tp,0.004025,1,0.854,2
2022-05-27 03:55:00,SHORT,0.47,0.47,tp,0.004025,1,0.6805,2
2022-05-27 04:00:00,LONG,0.47,0.47,tp,0.004,1,0.772,2
2022-05-27 05:00:00,LONG,0.46,0.46,tp,0.004,1,0.878,2
2022-05-27 05:35:00,LONG,0.45,0.45,tp,0.004,1,0.6571,2
2022-05-27 05:40:00,LONG,0.45,0.45,tp,0.004,1,0.7944,2
2022-05-27 06:05:00,LONG,0.45,0.45,tp,0.004,1,0.7913,2
2022-05-27 06:10:00,SHORT,0.46,0.45,tp,0.004025,1,0.809,2
2022-05-27 07:00:00,SHORT,0.46,0.46,sl,-0.003991,0,0.8029,2
2022-05-27 07:25:00,SHORT,0.47,0.46,tp,0.004025,1,0.8551,2
2022-05-27 08:15:00,SHORT,0.46,0.46,tp,0.004025,1,0.744,2
2022-05-27 09:45:00,LONG,0.46,0.46,tp,0.004,1,0.794,2
2022-05-27 10:30:00,LONG,0.46,0.46,tp,0.004,1,0.8768,2
2022-05-27 10:40:00,SHORT,0.46,0.46,tp,0.004025,1,0.7773,2
2022-05-27 10:55:00,LONG,0.46,0.46,tp,0.004,1,0.8637,2
2022-05-27 11:30:00,SHORT,0.47,0.47,sl,-0.003991,0,0.6912,2
2022-05-27 12:00:00,LONG,0.46,0.47,tp,0.004,1,0.7021,2
2022-05-27 12:30:00,LONG,0.47,0.47,tp,0.004,1,0.7283,2
2022-05-27 13:05:00,LONG,0.47,0.47,tp,0.004,1,0.7965,2
2022-05-27 13:15:00,SHORT,0.47,0.47,tp,0.004025,1,0.6994,2
2022-05-27 13:25:00,LONG,0.47,0.47,tp,0.004,1,0.7083,2
2022-05-27 13:55:00,SHORT,0.48,0.47,tp,0.004025,1,0.7388,2
2022-05-27 14:15:00,LONG,0.47,0.47,tp,0.004,1,0.8068,2
2022-05-27 14:35:00,SHORT,0.47,0.47,tp,0.004025,1,0.6663,2
2022-05-27 14:45:00,LONG,0.47,0.46,sl,-0.004,0,0.7573,2
2022-05-27 15:00:00,LONG,0.46,0.46,tp,0.004,1,0.8958,2
2022-05-27 15:15:00,SHORT,0.46,0.46,tp,0.004025,1,0.7049,2
2022-05-27 15:25:00,LONG,0.46,0.46,tp,0.004,1,0.719,2
2022-05-27 15:45:00,SHORT,0.46,0.46,tp,0.004025,1,0.8297,2
2022-05-27 16:05:00,LONG,0.46,0.46,tp,0.004,1,0.7301,2
2022-05-27 16:10:00,SHORT,0.46,0.46,tp,0.004025,1,0.7968,2
2022-05-27 16:30:00,LONG,0.46,0.46,sl,-0.004,0,0.7016,2
2022-05-27 16:50:00,LONG,0.46,0.46,tp,0.004,1,0.8709,2
2022-05-27 17:10:00,SHORT,0.46,0.46,tp,0.004025,1,0.7193,2
2022-05-27 17:20:00,LONG,0.45,0.46,tp,0.004,1,0.7706,2
2022-05-27 17:30:00,SHORT,0.45,0.45,sl,-0.003991,0,0.6519,2
2022-05-27 18:00:00,SHORT,0.46,0.45,tp,0.004025,1,0.6989,2
2022-05-27 18:15:00,LONG,0.45,0.45,sl,-0.004,0,0.8135,2
2022-05-27 18:35:00,SHORT,0.45,0.45,tp,0.004025,1,0.696,2
2022-05-27 19:00:00,SHORT,0.45,0.45,sl,-0.003991,0,0.7694,2
2022-05-27 19:55:00,SHORT,0.46,0.46,tp,0.004025,1,0.7652,2
2022-05-27 20:25:00,SHORT,0.46,0.46,tp,0.004025,1,0.8005,2
2022-05-27 20:55:00,LONG,0.46,0.46,tp,0.004,1,0.7278,2
2022-05-27 21:05:00,SHORT,0.46,0.46,sl,-0.003991,0,0.8013,2
2022-05-27 22:30:00,SHORT,0.46,0.46,tp,0.004025,1,0.6525,2
2022-05-27 23:30:00,SHORT,0.45,0.45,tp,0.004025,1,0.6944,2
2022-05-28 00:15:00,SHORT,0.46,0.46,tp,0.004025,1,0.8524,2
2022-05-28 00:20:00,LONG,0.46,0.46,tp,0.004,1,0.7198,2
2022-05-28 01:05:00,SHORT,0.46,0.46,tp,0.004025,1,0.7197,2
2022-05-28 01:35:00,SHORT,0.46,0.46,tp,0.004025,1,0.6981,2
2022-05-28 01:40:00,LONG,0.45,0.46,tp,0.004,1,0.8708,2
2022-05-28 02:20:00,SHORT,0.46,0.45,tp,0.004025,1,0.782,2
2022-05-28 02:35:00,LONG,0.45,0.45,tp,0.004,1,0.8709,2
2022-05-28 03:00:00,LONG,0.45,0.45,tp,0.004,1,0.851,2
2022-05-28 04:25:00,SHORT,0.46,0.46,sl,-0.003991,0,0.7103,2
2022-05-28 07:40:00,LONG,0.46,0.46,tp,0.004,1,0.8134,2
2022-05-28 07:50:00,SHORT,0.46,0.46,tp,0.004025,1,0.7572,2
2022-05-28 08:30:00,LONG,0.45,0.46,tp,0.004,1,0.7998,2
2022-05-28 09:30:00,LONG,0.46,0.45,sl,-0.004,0,0.7125,2
2022-05-28 10:25:00,SHORT,0.46,0.46,tp,0.004025,1,0.6601,2
2022-05-28 10:40:00,LONG,0.46,0.46,tp,0.004,1,0.6887,2
2022-05-28 11:00:00,LONG,0.46,0.46,tp,0.004,1,0.7559,2
2022-05-28 11:20:00,SHORT,0.46,0.46,tp,0.004025,1,0.7737,2
2022-05-28 11:55:00,LONG,0.46,0.46,sl,-0.004,0,0.6783,2
2022-05-28 12:15:00,LONG,0.46,0.46,tp,0.004,1,0.7748,2
2022-05-28 12:25:00,SHORT,0.46,0.46,sl,-0.003991,0,0.674,2
2022-05-28 12:55:00,SHORT,0.46,0.46,sl,-0.003991,0,0.6601,2
2022-05-28 13:00:00,LONG,0.46,0.46,tp,0.004,1,0.725,2
2022-05-28 13:15:00,SHORT,0.46,0.46,tp,0.004025,1,0.8198,2
2022-05-28 13:30:00,LONG,0.46,0.46,sl,-0.004,0,0.6623,2
2022-05-28 13:50:00,LONG,0.46,0.46,tp,0.004,1,0.709,2
2022-05-28 14:00:00,SHORT,0.46,0.46,tp,0.004025,1,0.801,2
2022-05-28 14:40:00,SHORT,0.46,0.46,tp,0.004025,1,0.7798,2
2022-05-28 14:45:00,LONG,0.46,0.46,tp,0.004,1,0.8353,2
2022-05-28 15:00:00,LONG,0.46,0.46,tp,0.004,1,0.655,2
2022-05-28 15:45:00,LONG,0.46,0.46,sl,-0.004,0,0.7874,2
2022-05-28 15:50:00,SHORT,0.46,0.46,tp,0.004025,1,0.7099,2
2022-05-28 16:00:00,LONG,0.46,0.46,sl,-0.004,0,0.6839,2
2022-05-28 17:25:00,LONG,0.46,0.46,tp,0.004,1,0.6771,2
2022-05-28 17:45:00,SHORT,0.46,0.46,sl,-0.003991,0,0.7208,2
2022-05-28 18:40:00,LONG,0.46,0.46,tp,0.004,1,0.6714,2
2022-05-28 18:55:00,SHORT,0.46,0.46,tp,0.004025,1,0.6507,2
2022-05-28 19:10:00,SHORT,0.46,0.46,tp,0.004025,1,0.7215,2
2022-05-28 19:25:00,LONG,0.46,0.46,tp,0.004,1,0.7714,2
2022-05-28 20:10:00,LONG,0.46,0.47,tp,0.004,1,0.7014,2
2022-05-28 22:00:00,LONG,0.46,0.46,sl,-0.004,0,0.7196,2
2022-05-28 22:15:00,LONG,0.46,0.46,tp,0.004,1,0.737,2
2022-05-28 23:25:00,SHORT,0.47,0.47,sl,-0.003991,0,0.6779,2
2022-05-29 00:00:00,LONG,0.46,0.47,tp,0.004,1,0.7677,2
2022-05-29 00:15:00,LONG,0.46,0.46,sl,-0.004,0,0.6648,2
2022-05-29 00:25:00,SHORT,0.46,0.47,sl,-0.003991,0,0.655,2
2022-05-29 00:40:00,LONG,0.46,0.47,tp,0.004,1,0.7182,2
2022-05-29 00:50:00,SHORT,0.47,0.46,tp,0.004025,1,0.6792,2
2022-05-29 01:00:00,LONG,0.46,0.47,tp,0.004,1,0.6699,2
2022-05-29 01:20:00,SHORT,0.47,0.46,tp,0.004025,1,0.7582,2
2022-05-29 01:30:00,LONG,0.46,0.46,tp,0.004,1,0.8149,2
2022-05-29 02:45:00,LONG,0.46,0.46,tp,0.004,1,0.8113,2
2022-05-29 04:10:00,SHORT,0.46,0.46,tp,0.004025,1,0.6726,2
2022-05-29 09:20:00,LONG,0.46,0.46,tp,0.004,1,0.7027,2
2022-05-29 09:35:00,SHORT,0.46,0.47,sl,-0.003991,0,0.6913,2
2022-05-29 09:40:00,LONG,0.46,0.46,tp,0.004,1,0.7858,2
2022-05-29 10:15:00,SHORT,0.47,0.47,sl,-0.003991,0,0.6535,2
2022-05-29 10:50:00,LONG,0.47,0.47,tp,0.004,1,0.6529,2
2022-05-29 11:00:00,SHORT,0.47,0.47,tp,0.004025,1,0.777,2
2022-05-29 11:35:00,LONG,0.47,0.47,tp,0.004,1,0.6721,2
2022-05-29 12:35:00,LONG,0.47,0.48,tp,0.004,1,0.6629,2
2022-05-29 13:10:00,LONG,0.47,0.48,tp,0.004,1,0.6653,2
2022-05-29 14:15:00,SHORT,0.47,0.48,sl,-0.003991,0,0.6652,2
2022-05-29 14:25:00,LONG,0.47,0.47,sl,-0.004,0,0.6853,2
2022-05-29 14:50:00,SHORT,0.47,0.47,tp,0.004025,1,0.7128,2
2022-05-29 15:00:00,LONG,0.47,0.47,tp,0.004,1,0.794,2
2022-05-29 15:15:00,LONG,0.47,0.47,tp,0.004,1,0.8212,2
2022-05-29 16:40:00,SHORT,0.48,0.47,tp,0.004025,1,0.6542,2
2022-05-29 19:00:00,SHORT,0.47,0.47,sl,-0.003991,0,0.6828,2
2022-05-29 19:05:00,LONG,0.47,0.47,tp,0.004,1,0.6715,2
2022-05-29 20:55:00,SHORT,0.47,0.47,tp,0.004025,1,0.6775,2
2022-05-29 22:35:00,SHORT,0.48,0.48,tp,0.004025,1,0.7963,2
2022-05-29 23:15:00,SHORT,0.48,0.48,sl,-0.003991,0,0.6954,2
2022-05-30 00:05:00,LONG,0.48,0.48,tp,0.004,1,0.7867,2
2022-05-30 00:55:00,LONG,0.48,0.48,tp,0.004,1,0.7839,2
2022-05-30 02:05:00,SHORT,0.5,0.5,sl,-0.003991,0,0.7875,2
2022-05-30 02:30:00,SHORT,0.51,0.51,tp,0.004025,1,0.6684,2
2022-05-30 02:40:00,SHORT,0.52,0.51,tp,0.004025,1,0.8749,2
2022-05-30 03:00:00,SHORT,0.51,0.51,tp,0.004025,1,0.8011,2
2022-05-30 03:10:00,LONG,0.51,0.51,tp,0.004,1,0.7475,2
2022-05-30 03:30:00,SHORT,0.51,0.51,tp,0.004025,1,0.8567,2
2022-05-30 04:00:00,SHORT,0.51,0.52,sl,-0.003991,0,0.745,2
2022-05-30 04:15:00,SHORT,0.51,0.52,sl,-0.003991,0,0.689,2
2022-05-30 05:45:00,LONG,0.51,0.52,tp,0.004,1,0.6684,2
2022-05-30 06:15:00,SHORT,0.52,0.52,tp,0.004025,1,0.7952,2
2022-05-30 06:45:00,SHORT,0.52,0.52,tp,0.004025,1,0.6861,2
2022-05-30 07:15:00,LONG,0.52,0.52,sl,-0.004,0,0.7453,2
2022-05-30 07:45:00,SHORT,0.52,0.52,tp,0.004025,1,0.7452,2
2022-05-30 10:00:00,SHORT,0.52,0.52,tp,0.004025,1,0.7624,2
2022-05-30 10:25:00,SHORT,0.52,0.52,sl,-0.003991,0,0.804,2
2022-05-30 10:40:00,SHORT,0.52,0.52,sl,-0.003991,0,0.8098,2
2022-05-30 11:25:00,SHORT,0.52,0.53,sl,-0.003991,0,0.6926,2
2022-05-30 11:40:00,SHORT,0.53,0.52,tp,0.004025,1,0.8249,2
2022-05-30 12:15:00,SHORT,0.53,0.53,tp,0.004025,1,0.75,2
2022-05-30 12:30:00,LONG,0.52,0.52,tp,0.004,1,0.744,2
2022-05-30 12:35:00,SHORT,0.52,0.52,tp,0.004025,1,0.8186,2
2022-05-30 12:50:00,LONG,0.54,0.54,tp,0.004,1,0.7956,2
2022-05-30 12:55:00,SHORT,0.53,0.54,sl,-0.003991,0,0.6645,2
2022-05-30 14:15:00,SHORT,0.54,0.54,tp,0.004025,1,0.8472,2
2022-05-30 14:40:00,LONG,0.53,0.53,tp,0.004,1,0.7913,2
2022-05-30 15:25:00,SHORT,0.54,0.54,tp,0.004025,1,0.6965,2
2022-05-30 16:00:00,LONG,0.53,0.54,tp,0.004,1,0.7112,2
2022-05-30 16:45:00,SHORT,0.54,0.54,tp,0.004025,1,0.6787,2
2022-05-30 17:25:00,SHORT,0.54,0.54,tp,0.004025,1,0.7438,2
2022-05-30 18:25:00,SHORT,0.53,0.54,sl,-0.003991,0,0.7364,2
2022-05-30 18:30:00,LONG,0.53,0.54,tp,0.004,1,0.7034,2
2022-05-30 18:45:00,SHORT,0.54,0.53,timeout,0.003048,1,0.8111,2
2022-05-30 20:25:00,SHORT,0.55,0.54,tp,0.004025,1,0.8565,2
2022-05-30 21:20:00,SHORT,0.56,0.56,tp,0.004025,1,0.8467,2
2022-05-30 21:45:00,LONG,0.56,0.56,tp,0.004,1,0.7355,2
2022-05-30 22:15:00,LONG,0.56,0.56,tp,0.004,1,0.7682,2
2022-05-30 22:40:00,SHORT,0.57,0.56,tp,0.004025,1,0.8663,2
2022-05-30 23:00:00,LONG,0.56,0.57,tp,0.004,1,0.7272,2
2022-05-30 23:25:00,SHORT,0.57,0.57,tp,0.004025,1,0.7539,2
2022-05-30 23:45:00,LONG,0.57,0.57,sl,-0.004,0,0.6955,2
2022-05-31 00:10:00,SHORT,0.57,0.57,tp,0.004025,1,0.6559,2
2022-05-31 01:15:00,SHORT,0.59,0.58,tp,0.004025,1,0.7935,2
2022-05-31 01:40:00,LONG,0.58,0.58,sl,-0.004,0,0.7192,2
2022-05-31 01:55:00,LONG,0.58,0.58,tp,0.004,1,0.6731,2
2022-05-31 02:50:00,LONG,0.58,0.59,tp,0.004,1,0.6833,2
2022-05-31 03:15:00,SHORT,0.59,0.58,tp,0.004025,1,0.6928,2
2022-05-31 03:55:00,SHORT,0.58,0.58,tp,0.004025,1,0.7862,2
2022-05-31 04:05:00,LONG,0.58,0.58,tp,0.004,1,0.6841,2
2022-05-31 04:20:00,LONG,0.59,0.6,tp,0.004,1,0.6716,2
2022-05-31 04:30:00,SHORT,0.61,0.61,tp,0.004025,1,0.8986,2
2022-05-31 04:50:00,SHORT,0.61,0.61,tp,0.004025,1,0.8575,2
2022-05-31 05:05:00,LONG,0.62,0.62,tp,0.004,1,0.6631,2
2022-05-31 05:10:00,LONG,0.63,0.63,tp,0.004,1,0.6826,2
2022-05-31 05:15:00,SHORT,0.65,0.65,tp,0.004025,1,0.7721,2
2022-05-31 05:20:00,SHORT,0.67,0.67,tp,0.004025,1,0.7746,2
2022-05-31 05:25:00,SHORT,0.66,0.66,tp,0.004025,1,0.8118,2
2022-05-31 05:30:00,SHORT,0.65,0.65,tp,0.004025,1,0.776,2
2022-05-31 05:35:00,SHORT,0.64,0.64,tp,0.004025,1,0.7759,2
2022-05-31 05:40:00,LONG,0.64,0.64,tp,0.004,1,0.8374,2
2022-05-31 06:10:00,SHORT,0.66,0.66,tp,0.004025,1,0.6704,2
2022-05-31 06:15:00,SHORT,0.65,0.64,tp,0.004025,1,0.7331,2
2022-05-31 06:20:00,SHORT,0.65,0.65,tp,0.004025,1,0.6716,2
2022-05-31 06:40:00,LONG,0.65,0.65,tp,0.004,1,0.6723,2
2022-05-31 07:10:00,SHORT,0.66,0.66,tp,0.004025,1,0.8807,2
2022-05-31 07:30:00,SHORT,0.66,0.66,tp,0.004025,1,0.8126,2
2022-05-31 07:35:00,SHORT,0.65,0.65,sl,-0.003991,0,0.655,2
2022-05-31 07:40:00,SHORT,0.65,0.65,tp,0.004025,1,0.6821,2
2022-05-31 07:45:00,LONG,0.65,0.65,tp,0.004,1,0.7223,2
2022-05-31 08:25:00,SHORT,0.68,0.68,tp,0.004025,1,0.6969,2
2022-05-31 08:30:00,SHORT,0.68,0.68,sl,-0.003991,0,0.693,2
2022-05-31 08:35:00,SHORT,0.68,0.67,tp,0.004025,1,0.7693,2
2022-05-31 08:40:00,SHORT,0.67,0.67,tp,0.004025,1,0.662,2
2022-05-31 08:55:00,SHORT,0.67,0.67,tp,0.004025,1,0.6722,2
2022-05-31 09:10:00,LONG,0.66,0.66,tp,0.004,1,0.8436,2
2022-05-31 09:20:00,SHORT,0.66,0.66,tp,0.004025,1,0.6734,2
2022-05-31 09:35:00,LONG,0.65,0.65,tp,0.004,1,0.8703,2
2022-05-31 10:10:00,SHORT,0.66,0.65,tp,0.004025,1,0.6944,2
2022-05-31 11:05:00,SHORT,0.66,0.66,tp,0.004025,1,0.878,2
2022-05-31 11:15:00,LONG,0.65,0.65,sl,-0.004,0,0.6752,2
2022-05-31 11:25:00,SHORT,0.66,0.65,tp,0.004025,1,0.8588,2
2022-05-31 11:45:00,LONG,0.65,0.65,tp,0.004,1,0.8564,2
2022-05-31 12:05:00,LONG,0.65,0.65,sl,-0.004,0,0.7534,2
2022-05-31 12:20:00,SHORT,0.64,0.64,tp,0.004025,1,0.656,2
2022-05-31 12:25:00,SHORT,0.64,0.64,sl,-0.003991,0,0.6796,2
2022-05-31 12:40:00,LONG,0.63,0.63,tp,0.004,1,0.8856,2
2022-05-31 12:45:00,LONG,0.63,0.63,sl,-0.004,0,0.6732,2
2022-05-31 12:50:00,LONG,0.63,0.63,tp,0.004,1,0.6656,2
2022-05-31 13:25:00,SHORT,0.63,0.63,tp,0.004025,1,0.8183,2
2022-05-31 13:30:00,SHORT,0.62,0.62,tp,0.004025,1,0.6693,2
2022-05-31 13:35:00,LONG,0.62,0.62,sl,-0.004,0,0.6863,2
2022-05-31 13:40:00,LONG,0.62,0.62,tp,0.004,1,0.8227,2
2022-05-31 13:45:00,LONG,0.62,0.62,tp,0.004,1,0.691,2
2022-05-31 13:55:00,SHORT,0.62,0.62,tp,0.004025,1,0.7909,2
2022-05-31 14:05:00,LONG,0.61,0.62,tp,0.004,1,0.8828,2
2022-05-31 14:20:00,SHORT,0.62,0.62,sl,-0.003991,0,0.727,2
2022-05-31 14:45:00,SHORT,0.62,0.62,sl,-0.003991,0,0.659,2
2022-05-31 15:05:00,LONG,0.62,0.62,tp,0.004,1,0.8247,2
2022-05-31 15:50:00,SHORT,0.64,0.63,tp,0.004025,1,0.871,2
2022-05-31 16:10:00,LONG,0.62,0.62,tp,0.004,1,0.8651,2
2022-05-31 16:25:00,SHORT,0.63,0.62,tp,0.004025,1,0.7969,2
2022-05-31 16:45:00,SHORT,0.63,0.63,tp,0.004025,1,0.7942,2
2022-05-31 17:00:00,LONG,0.63,0.63,tp,0.004,1,0.8417,2
2022-05-31 17:10:00,SHORT,0.63,0.63,tp,0.004025,1,0.7052,2
2022-05-31 17:20:00,LONG,0.62,0.62,tp,0.004,1,0.901,2
2022-05-31 17:30:00,SHORT,0.62,0.62,tp,0.004025,1,0.8444,2
2022-05-31 17:40:00,LONG,0.61,0.62,tp,0.004,1,0.8837,2
2022-05-31 18:05:00,SHORT,0.62,0.62,tp,0.004025,1,0.6677,2
2022-05-31 18:55:00,LONG,0.6,0.6,sl,-0.004,0,0.7213,2
2022-05-31 19:10:00,LONG,0.6,0.6,tp,0.004,1,0.7963,2
2022-05-31 19:25:00,LONG,0.6,0.6,tp,0.004,1,0.8905,2
2022-05-31 20:10:00,SHORT,0.6,0.6,tp,0.004025,1,0.7965,2
2022-05-31 21:00:00,SHORT,0.6,0.6,sl,-0.003991,0,0.6574,2
2022-05-31 21:05:00,LONG,0.6,0.61,tp,0.004,1,0.6855,2
2022-05-31 21:20:00,LONG,0.61,0.6,sl,-0.004,0,0.6838,2
2022-05-31 21:30:00,SHORT,0.61,0.61,sl,-0.003991,0,0.747,2
2022-05-31 21:55:00,SHORT,0.61,0.61,tp,0.004025,1,0.8671,2
2022-05-31 22:45:00,LONG,0.63,0.64,tp,0.004,1,0.7301,2
2022-05-31 22:55:00,SHORT,0.64,0.64,tp,0.004025,1,0.9038,2
2022-05-31 23:10:00,LONG,0.63,0.63,tp,0.004,1,0.837,2
2022-05-31 23:20:00,SHORT,0.64,0.64,sl,-0.003991,0,0.8524,2
2022-06-01 00:15:00,SHORT,0.62,0.62,tp,0.004025,1,0.8468,2
2022-06-01 00:20:00,LONG,0.62,0.62,tp,0.004,1,0.7618,2
2022-06-01 00:55:00,SHORT,0.63,0.63,tp,0.004025,1,0.844,2
2022-06-01 01:20:00,LONG,0.62,0.62,tp,0.004,1,0.7552,2
2022-06-01 01:30:00,SHORT,0.62,0.62,tp,0.004025,1,0.8126,2
2022-06-01 01:40:00,LONG,0.62,0.62,tp,0.004,1,0.7355,2
2022-06-01 01:50:00,SHORT,0.62,0.62,sl,-0.003991,0,0.7656,2
2022-06-01 02:25:00,LONG,0.61,0.61,tp,0.004,1,0.8182,2
2022-06-01 02:50:00,LONG,0.61,0.61,sl,-0.004,0,0.7514,2
2022-06-01 03:15:00,LONG,0.6,0.6,sl,-0.004,0,0.7362,2
2022-06-01 03:20:00,SHORT,0.6,0.6,tp,0.004025,1,0.71,2
2022-06-01 03:30:00,LONG,0.6,0.6,sl,-0.004,0,0.8517,2
2022-06-01 04:00:00,SHORT,0.6,0.6,tp,0.004025,1,0.7573,2
2022-06-01 04:30:00,SHORT,0.6,0.6,sl,-0.003991,0,0.7969,2
2022-06-01 06:45:00,SHORT,0.61,0.61,tp,0.004025,1,0.6961,2
2022-06-01 07:00:00,SHORT,0.61,0.61,tp,0.004025,1,0.7702,2
2022-06-01 07:15:00,LONG,0.6,0.61,tp,0.004,1,0.8338,2
2022-06-01 07:35:00,SHORT,0.61,0.61,tp,0.004025,1,0.703,2
2022-06-01 07:40:00,LONG,0.6,0.61,tp,0.004,1,0.8797,2
2022-06-01 08:25:00,SHORT,0.61,0.61,sl,-0.003991,0,0.6709,2
2022-06-01 09:10:00,LONG,0.61,0.61,tp,0.004,1,0.755,2
2022-06-01 09:45:00,SHORT,0.62,0.62,sl,-0.003991,0,0.7525,2
2022-06-01 10:35:00,LONG,0.61,0.61,tp,0.004,1,0.8557,2
2022-06-01 10:55:00,LONG,0.61,0.61,tp,0.004,1,0.65,2
2022-06-01 11:10:00,SHORT,0.61,0.61,tp,0.004025,1,0.8326,2
2022-06-01 11:20:00,SHORT,0.61,0.6,tp,0.004025,1,0.6984,2
2022-06-01 11:40:00,LONG,0.6,0.6,tp,0.004,1,0.8777,2
2022-06-01 12:00:00,SHORT,0.61,0.6,tp,0.004025,1,0.7991,2
2022-06-01 12:15:00,LONG,0.6,0.61,tp,0.004,1,0.6787,2
2022-06-01 12:40:00,SHORT,0.61,0.61,sl,-0.003991,0,0.6977,2
2022-06-01 13:00:00,LONG,0.61,0.61,tp,0.004,1,0.7646,2
2022-06-01 13:30:00,SHORT,0.61,0.61,sl,-0.003991,0,0.6557,2
2022-06-01 13:45:00,LONG,0.61,0.6,sl,-0.004,0,0.6799,2
2022-06-01 14:00:00,SHORT,0.61,0.6,tp,0.004025,1,0.7692,2
2022-06-01 14:25:00,LONG,0.58,0.59,tp,0.004,1,0.6819,2
2022-06-01 14:35:00,LONG,0.58,0.58,tp,0.004,1,0.7769,2
2022-06-01 14:55:00,SHORT,0.59,0.58,tp,0.004025,1,0.7174,2
2022-06-01 15:25:00,LONG,0.58,0.58,sl,-0.004,0,0.6696,2
2022-06-01 15:55:00,LONG,0.57,0.57,sl,-0.004,0,0.6805,2
2022-06-01 16:00:00,LONG,0.56,0.56,tp,0.004,1,0.9206,2
2022-06-01 16:15:00,SHORT,0.56,0.56,tp,0.004025,1,0.6937,2
2022-06-01 16:25:00,LONG,0.56,0.56,tp,0.004,1,0.886,2
2022-06-01 16:30:00,LONG,0.56,0.57,tp,0.004,1,0.6526,2
2022-06-01 16:45:00,SHORT,0.56,0.57,sl,-0.003991,0,0.6951,2
2022-06-01 17:05:00,LONG,0.56,0.56,sl,-0.004,0,0.6962,2
2022-06-01 17:20:00,LONG,0.56,0.56,tp,0.004,1,0.7811,2
2022-06-01 17:35:00,SHORT,0.56,0.56,tp,0.004025,1,0.8141,2
2022-06-01 18:05:00,SHORT,0.57,0.56,tp,0.004025,1,0.8325,2
2022-06-01 18:15:00,LONG,0.56,0.56,tp,0.004,1,0.8061,2
2022-06-01 19:15:00,SHORT,0.56,0.55,tp,0.004025,1,0.7423,2
2022-06-01 19:30:00,LONG,0.56,0.56,tp,0.004,1,0.7646,2
2022-06-01 19:40:00,SHORT,0.56,0.56,tp,0.004025,1,0.8455,2
2022-06-01 20:25:00,SHORT,0.54,0.54,tp,0.004025,1,0.6996,2
2022-06-01 20:30:00,LONG,0.54,0.54,sl,-0.004,0,0.7413,2
2022-06-01 21:10:00,SHORT,0.55,0.55,tp,0.004025,1,0.7741,2
2022-06-01 21:30:00,LONG,0.55,0.55,tp,0.004,1,0.7423,2
2022-06-01 21:40:00,SHORT,0.55,0.55,tp,0.004025,1,0.8431,2
2022-06-01 22:10:00,LONG,0.54,0.55,tp,0.004,1,0.7415,2
2022-06-01 22:45:00,SHORT,0.55,0.55,sl,-0.003991,0,0.811,2
2022-06-01 22:55:00,LONG,0.54,0.55,tp,0.004,1,0.7609,2
2022-06-01 23:30:00,SHORT,0.55,0.56,sl,-0.003991,0,0.8375,2
2022-06-02 00:05:00,SHORT,0.56,0.56,tp,0.004025,1,0.7411,2
2022-06-02 00:20:00,LONG,0.55,0.55,tp,0.004,1,0.7624,2
2022-06-02 00:50:00,SHORT,0.56,0.56,tp,0.004025,1,0.7055,2
2022-06-02 01:00:00,LONG,0.56,0.56,tp,0.004,1,0.7811,2
2022-06-02 01:10:00,SHORT,0.58,0.58,tp,0.004025,1,0.9067,2
2022-06-02 01:55:00,SHORT,0.57,0.57,tp,0.004025,1,0.6706,2
2022-06-02 02:05:00,LONG,0.57,0.57,tp,0.004,1,0.727,2
2022-06-02 02:15:00,SHORT,0.57,0.57,tp,0.004025,1,0.8278,2
2022-06-02 02:30:00,LONG,0.56,0.57,tp,0.004,1,0.8226,2
2022-06-02 03:00:00,SHORT,0.57,0.57,tp,0.004025,1,0.6676,2
2022-06-02 03:10:00,LONG,0.57,0.57,tp,0.004,1,0.8061,2
2022-06-02 03:20:00,SHORT,0.57,0.57,tp,0.004025,1,0.7295,2
2022-06-02 03:35:00,LONG,0.56,0.56,sl,-0.004,0,0.8475,2
2022-06-02 03:55:00,LONG,0.56,0.57,tp,0.004,1,0.8627,2
2022-06-02 04:10:00,LONG,0.56,0.56,tp,0.004,1,0.898,2
2022-06-02 05:15:00,LONG,0.55,0.55,sl,-0.004,0,0.8014,2
2022-06-02 06:00:00,SHORT,0.56,0.57,sl,-0.003991,0,0.7152,2
2022-06-02 06:45:00,SHORT,0.57,0.57,sl,-0.003991,0,0.6555,2
2022-06-02 07:00:00,SHORT,0.57,0.57,tp,0.004025,1,0.8681,2
2022-06-02 07:15:00,LONG,0.57,0.57,tp,0.004,1,0.8393,2
2022-06-02 07:25:00,SHORT,0.57,0.57,tp,0.004025,1,0.8139,2
2022-06-02 07:55:00,SHORT,0.57,0.57,tp,0.004025,1,0.7503,2
2022-06-02 08:00:00,LONG,0.57,0.57,tp,0.004,1,0.8153,2
2022-06-02 08:35:00,SHORT,0.58,0.58,tp,0.004025,1,0.6815,2
2022-06-02 09:05:00,LONG,0.58,0.58,tp,0.004,1,0.7966,2
2022-06-02 09:40:00,LONG,0.58,0.58,tp,0.004,1,0.8546,2
2022-06-02 10:00:00,SHORT,0.58,0.57,tp,0.004025,1,0.7407,2
2022-06-02 10:25:00,LONG,0.57,0.58,tp,0.004,1,0.821,2
2022-06-02 10:50:00,LONG,0.58,0.58,tp,0.004,1,0.7155,2
2022-06-02 11:30:00,SHORT,0.58,0.58,sl,-0.003991,0,0.7884,2
2022-06-02 11:40:00,LONG,0.58,0.58,tp,0.004,1,0.8043,2
2022-06-02 12:30:00,LONG,0.58,0.58,tp,0.004,1,0.8746,2
2022-06-02 12:45:00,LONG,0.58,0.57,sl,-0.004,0,0.701,2
2022-06-02 13:25:00,LONG,0.56,0.56,sl,-0.004,0,0.6706,2
2022-06-02 13:40:00,SHORT,0.57,0.57,tp,0.004025,1,0.8699,2
2022-06-02 13:50:00,LONG,0.57,0.56,sl,-0.004,0,0.7133,2
2022-06-02 13:55:00,LONG,0.56,0.57,tp,0.004,1,0.785,2
2022-06-02 14:25:00,LONG,0.57,0.57,tp,0.004,1,0.7645,2
2022-06-02 14:50:00,LONG,0.57,0.57,tp,0.004,1,0.8118,2
2022-06-02 15:20:00,SHORT,0.6,0.59,tp,0.004025,1,0.8868,2
2022-06-02 16:15:00,SHORT,0.59,0.58,tp,0.004025,1,0.6906,2
2022-06-02 16:25:00,LONG,0.59,0.58,sl,-0.004,0,0.8135,2
2022-06-02 16:40:00,SHORT,0.59,0.59,sl,-0.003991,0,0.7237,2
2022-06-02 17:00:00,SHORT,0.59,0.58,tp,0.004025,1,0.8069,2
2022-06-02 17:10:00,LONG,0.58,0.59,tp,0.004,1,0.7711,2
2022-06-02 17:25:00,SHORT,0.59,0.58,tp,0.004025,1,0.788,2
2022-06-02 17:40:00,LONG,0.58,0.59,tp,0.004,1,0.6928,2
2022-06-02 18:30:00,LONG,0.59,0.58,sl,-0.004,0,0.7077,2
2022-06-02 18:40:00,SHORT,0.59,0.58,tp,0.004025,1,0.726,2
2022-06-02 19:15:00,LONG,0.58,0.58,tp,0.004,1,0.871,2
2022-06-02 19:25:00,SHORT,0.58,0.58,sl,-0.003991,0,0.6926,2
2022-06-02 20:05:00,SHORT,0.59,0.58,tp,0.004025,1,0.8216,2
2022-06-02 20:15:00,LONG,0.58,0.58,sl,-0.004,0,0.6978,2
2022-06-02 21:00:00,LONG,0.58,0.58,tp,0.004,1,0.7295,2
2022-06-02 21:30:00,SHORT,0.59,0.58,tp,0.004025,1,0.7559,2
2022-06-02 21:45:00,LONG,0.58,0.58,sl,-0.004,0,0.7046,2
2022-06-02 22:40:00,SHORT,0.59,0.58,tp,0.004025,1,0.7294,2
2022-06-02 23:35:00,SHORT,0.59,0.58,tp,0.004025,1,0.7449,2
2022-06-02 23:45:00,LONG,0.59,0.58,sl,-0.004,0,0.6959,2
2022-06-03 00:20:00,SHORT,0.58,0.58,sl,-0.003991,0,0.7804,2
2022-06-03 01:00:00,LONG,0.59,0.59,sl,-0.004,0,0.7397,2
2022-06-03 01:15:00,SHORT,0.59,0.59,sl,-0.003991,0,0.7596,2
2022-06-03 01:30:00,LONG,0.59,0.6,tp,0.004,1,0.7005,2
2022-06-03 02:00:00,SHORT,0.6,0.6,tp,0.004025,1,0.7139,2
2022-06-03 03:30:00,LONG,0.59,0.59,tp,0.004,1,0.6706,2
2022-06-03 04:10:00,LONG,0.59,0.59,sl,-0.004,0,0.7129,2
2022-06-03 04:55:00,LONG,0.59,0.59,tp,0.004,1,0.794,2
2022-06-03 06:20:00,LONG,0.59,0.59,sl,-0.004,0,0.6793,2
2022-06-03 07:05:00,LONG,0.58,0.58,sl,-0.004,0,0.6982,2
2022-06-03 08:05:00,SHORT,0.59,0.59,tp,0.004025,1,0.7628,2
2022-06-03 08:30:00,SHORT,0.59,0.58,tp,0.004025,1,0.693,2
2022-06-03 09:00:00,SHORT,0.58,0.58,tp,0.004025,1,0.798,2
2022-06-03 09:20:00,LONG,0.58,0.57,sl,-0.004,0,0.8009,2
2022-06-03 09:30:00,SHORT,0.58,0.58,tp,0.004025,1,0.758,2
2022-06-03 09:55:00,LONG,0.57,0.57,sl,-0.004,0,0.7089,2
2022-06-03 10:45:00,LONG,0.56,0.56,tp,0.004,1,0.8678,2
2022-06-03 11:25:00,LONG,0.55,0.56,tp,0.004,1,0.8632,2
2022-06-03 11:35:00,SHORT,0.56,0.56,tp,0.004025,1,0.6875,2
2022-06-03 11:45:00,LONG,0.55,0.56,tp,0.004,1,0.7524,2
2022-06-03 12:30:00,SHORT,0.56,0.56,tp,0.004025,1,0.8574,2
2022-06-03 12:55:00,LONG,0.55,0.55,tp,0.004,1,0.825,2
2022-06-03 13:15:00,SHORT,0.55,0.55,sl,-0.003991,0,0.6703,2
2022-06-03 14:50:00,SHORT,0.54,0.54,tp,0.004025,1,0.8161,2
2022-06-03 15:10:00,LONG,0.54,0.54,tp,0.004,1,0.7812,2
2022-06-03 15:30:00,SHORT,0.55,0.55,tp,0.004025,1,0.8449,2
2022-06-03 15:50:00,LONG,0.55,0.55,tp,0.004,1,0.6806,2
2022-06-03 17:35:00,SHORT,0.56,0.55,tp,0.004025,1,0.7114,2
2022-06-03 18:10:00,LONG,0.55,0.56,tp,0.004,1,0.7273,2
2022-06-03 18:40:00,SHORT,0.56,0.56,tp,0.004025,1,0.8331,2
2022-06-03 18:45:00,LONG,0.56,0.56,tp,0.004,1,0.6539,2
2022-06-03 19:10:00,SHORT,0.56,0.56,sl,-0.003991,0,0.7403,2
2022-06-03 19:20:00,LONG,0.56,0.56,tp,0.004,1,0.6936,2
2022-06-03 19:40:00,SHORT,0.56,0.56,sl,-0.003991,0,0.7187,2
2022-06-03 20:10:00,SHORT,0.56,0.56,sl,-0.003991,0,0.6825,2
2022-06-03 21:10:00,SHORT,0.57,0.57,sl,-0.003991,0,0.7907,2
2022-06-03 22:00:00,SHORT,0.58,0.57,tp,0.004025,1,0.8607,2
2022-06-04 00:25:00,SHORT,0.56,0.56,tp,0.004025,1,0.8868,2
2022-06-04 01:05:00,LONG,0.55,0.56,tp,0.004,1,0.8233,2
2022-06-04 01:20:00,SHORT,0.56,0.55,tp,0.004025,1,0.7776,2
2022-06-04 01:45:00,LONG,0.55,0.55,sl,-0.004,0,0.733,2
2022-06-04 02:25:00,LONG,0.55,0.55,sl,-0.004,0,0.6632,2
2022-06-04 03:10:00,SHORT,0.56,0.56,sl,-0.003991,0,0.8111,2
2022-06-04 04:05:00,LONG,0.56,0.56,tp,0.004,1,0.6569,2
2022-06-04 04:10:00,SHORT,0.56,0.56,sl,-0.003991,0,0.8668,2
2022-06-04 04:35:00,SHORT,0.56,0.56,sl,-0.003991,0,0.6775,2
2022-06-04 04:50:00,SHORT,0.56,0.56,tp,0.004025,1,0.8153,2
2022-06-04 05:10:00,LONG,0.56,0.56,tp,0.004,1,0.6725,2
2022-06-04 05:45:00,SHORT,0.57,0.57,sl,-0.003991,0,0.7941,2
2022-06-04 06:15:00,LONG,0.57,0.56,sl,-0.004,0,0.6633,2
2022-06-04 07:10:00,LONG,0.56,0.56,tp,0.004,1,0.8377,2
2022-06-04 07:30:00,SHORT,0.56,0.57,sl,-0.003991,0,0.687,2
2022-06-04 08:00:00,SHORT,0.56,0.57,sl,-0.003991,0,0.7092,2
2022-06-04 08:50:00,LONG,0.57,0.56,sl,-0.004,0,0.6558,2
2022-06-04 09:40:00,LONG,0.56,0.56,tp,0.004,1,0.7617,2
2022-06-04 10:00:00,SHORT,0.56,0.56,sl,-0.003991,0,0.6981,2
2022-06-04 10:20:00,SHORT,0.56,0.56,tp,0.004025,1,0.6982,2
2022-06-04 10:30:00,LONG,0.56,0.56,tp,0.004,1,0.7337,2
2022-06-04 11:10:00,SHORT,0.56,0.56,tp,0.004025,1,0.746,2
2022-06-04 11:15:00,LONG,0.56,0.56,sl,-0.004,0,0.7035,2
2022-06-04 11:50:00,LONG,0.55,0.55,sl,-0.004,0,0.7654,2
2022-06-04 12:00:00,SHORT,0.55,0.55,tp,0.004025,1,0.7382,2
2022-06-04 12:05:00,LONG,0.55,0.55,sl,-0.004,0,0.8595,2
2022-06-04 12:25:00,LONG,0.55,0.55,sl,-0.004,0,0.8397,2
2022-06-04 13:50:00,LONG,0.56,0.55,sl,-0.004,0,0.6923,2
2022-06-04 14:00:00,SHORT,0.56,0.55,tp,0.004025,1,0.6733,2
2022-06-04 14:30:00,SHORT,0.56,0.56,tp,0.004025,1,0.657,2
2022-06-04 15:25:00,SHORT,0.56,0.56,tp,0.004025,1,0.8289,2
2022-06-04 15:50:00,LONG,0.56,0.56,sl,-0.004,0,0.7021,2
2022-06-04 15:55:00,SHORT,0.56,0.56,tp,0.004025,1,0.7594,2
2022-06-04 16:20:00,LONG,0.56,0.56,sl,-0.004,0,0.6821,2
2022-06-04 16:45:00,LONG,0.56,0.55,sl,-0.004,0,0.8388,2
2022-06-04 16:50:00,SHORT,0.56,0.55,tp,0.004025,1,0.6985,2
2022-06-04 17:30:00,SHORT,0.56,0.56,sl,-0.003991,0,0.651,2
2022-06-04 18:00:00,SHORT,0.56,0.56,tp,0.004025,1,0.7067,2
2022-06-04 18:25:00,LONG,0.56,0.56,sl,-0.004,0,0.6997,2
2022-06-04 18:40:00,SHORT,0.56,0.56,tp,0.004025,1,0.6568,2
2022-06-04 21:00:00,SHORT,0.56,0.56,sl,-0.003991,0,0.7421,2
2022-06-04 22:15:00,SHORT,0.57,0.57,tp,0.004025,1,0.6639,2
2022-06-04 22:35:00,LONG,0.56,0.57,tp,0.004,1,0.7427,2
2022-06-04 23:05:00,LONG,0.56,0.57,tp,0.004,1,0.8214,2
2022-06-04 23:30:00,SHORT,0.56,0.57,sl,-0.003991,0,0.662,2
2022-06-05 00:40:00,LONG,0.56,0.56,sl,-0.004,0,0.8258,2
2022-06-05 01:15:00,LONG,0.56,0.56,sl,-0.004,0,0.8086,2
2022-06-05 01:30:00,SHORT,0.56,0.56,tp,0.004025,1,0.7526,2
2022-06-05 01:55:00,LONG,0.56,0.56,tp,0.004,1,0.8135,2
2022-06-05 03:00:00,LONG,0.56,0.56,tp,0.004,1,0.6575,2
2022-06-05 04:10:00,LONG,0.56,0.56,tp,0.004,1,0.7078,2
2022-06-05 07:55:00,LONG,0.56,0.56,tp,0.004,1,0.6552,2
2022-06-05 08:35:00,SHORT,0.56,0.56,tp,0.004025,1,0.7041,2
2022-06-05 09:20:00,LONG,0.56,0.56,sl,-0.004,0,0.7419,2
2022-06-05 10:00:00,LONG,0.56,0.56,tp,0.004,1,0.6833,2
2022-06-05 10:15:00,SHORT,0.56,0.56,tp,0.004025,1,0.7676,2
2022-06-05 11:30:00,SHORT,0.56,0.56,sl,-0.003991,0,0.7426,2
2022-06-05 14:00:00,LONG,0.56,0.56,tp,0.004,1,0.686,2
2022-06-05 14:20:00,SHORT,0.56,0.56,sl,-0.003991,0,0.7033,2
2022-06-05 16:30:00,LONG,0.57,0.57,tp,0.004,1,0.7209,2
2022-06-05 17:50:00,LONG,0.57,0.58,tp,0.004,1,0.7051,2
2022-06-05 18:05:00,SHORT,0.58,0.58,sl,-0.003991,0,0.829,2
2022-06-05 19:20:00,LONG,0.57,0.58,tp,0.004,1,0.6919,2
2022-06-05 21:20:00,LONG,0.57,0.57,tp,0.004,1,0.7621,2
2022-06-05 22:30:00,LONG,0.57,0.57,tp,0.004,1,0.6837,2
2022-06-05 23:20:00,SHORT,0.57,0.57,tp,0.004025,1,0.7039,2
2022-06-05 23:35:00,LONG,0.57,0.57,tp,0.004,1,0.7851,2
2022-06-06 00:00:00,LONG,0.57,0.57,tp,0.004,1,0.6873,2
2022-06-06 00:50:00,SHORT,0.58,0.59,sl,-0.003991,0,0.7808,2
2022-06-06 01:25:00,SHORT,0.59,0.59,tp,0.004025,1,0.7703,2
2022-06-06 02:30:00,SHORT,0.59,0.59,sl,-0.003991,0,0.6898,2
2022-06-06 02:40:00,LONG,0.59,0.59,tp,0.004,1,0.7235,2
2022-06-06 03:15:00,SHORT,0.61,0.6,tp,0.004025,1,0.8501,2
2022-06-06 04:00:00,SHORT,0.62,0.63,sl,-0.003991,0,0.6581,2
2022-06-06 04:05:00,SHORT,0.63,0.63,tp,0.004025,1,0.8974,2
2022-06-06 04:20:00,SHORT,0.62,0.62,tp,0.004025,1,0.6652,2
2022-06-06 04:25:00,SHORT,0.62,0.62,tp,0.004025,1,0.664,2
2022-06-06 04:45:00,SHORT,0.62,0.62,sl,-0.003991,0,0.7524,2
2022-06-06 05:15:00,LONG,0.62,0.62,sl,-0.004,0,0.7137,2
2022-06-06 05:50:00,LONG,0.62,0.62,tp,0.004,1,0.6671,2
2022-06-06 06:50:00,SHORT,0.64,0.64,sl,-0.003991,0,0.8557,2
2022-06-06 07:35:00,LONG,0.63,0.64,tp,0.004,1,0.7173,2
2022-06-06 08:00:00,SHORT,0.64,0.64,sl,-0.003991,0,0.7521,2
2022-06-06 08:20:00,LONG,0.64,0.64,tp,0.004,1,0.6549,2
2022-06-06 08:35:00,SHORT,0.64,0.64,tp,0.004025,1,0.7042,2
2022-06-06 08:55:00,SHORT,0.63,0.64,sl,-0.003991,0,0.6564,2
2022-06-06 09:00:00,LONG,0.63,0.64,tp,0.004,1,0.7523,2
2022-06-06 09:30:00,LONG,0.64,0.64,tp,0.004,1,0.725,2
2022-06-06 10:15:00,LONG,0.64,0.64,tp,0.004,1,0.7,2
2022-06-06 10:20:00,SHORT,0.64,0.64,sl,-0.003991,0,0.6886,2
2022-06-06 10:45:00,SHORT,0.64,0.63,tp,0.004025,1,0.6625,2
2022-06-06 11:10:00,LONG,0.63,0.63,sl,-0.004,0,0.7388,2
2022-06-06 11:30:00,SHORT,0.63,0.63,tp,0.004025,1,0.6708,2
2022-06-06 11:50:00,LONG,0.63,0.62,sl,-0.004,0,0.8046,2
2022-06-06 12:05:00,SHORT,0.63,0.62,tp,0.004025,1,0.7089,2
2022-06-06 12:20:00,LONG,0.62,0.63,tp,0.004,1,0.8593,2
2022-06-06 12:35:00,SHORT,0.63,0.63,tp,0.004025,1,0.8211,2
2022-06-06 12:50:00,LONG,0.62,0.62,sl,-0.004,0,0.7904,2
2022-06-06 13:30:00,SHORT,0.62,0.62,tp,0.004025,1,0.6803,2
2022-06-06 13:55:00,LONG,0.62,0.62,tp,0.004,1,0.6909,2
2022-06-06 14:05:00,SHORT,0.62,0.62,sl,-0.003991,0,0.7026,2
2022-06-06 16:50:00,LONG,0.59,0.59,sl,-0.004,0,0.8205,2
2022-06-06 18:05:00,SHORT,0.6,0.6,sl,-0.003991,0,0.6771,2
2022-06-06 18:25:00,LONG,0.6,0.6,tp,0.004,1,0.6993,2
2022-06-06 19:20:00,LONG,0.6,0.6,tp,0.004,1,0.7217,2
2022-06-06 19:55:00,SHORT,0.61,0.6,tp,0.004025,1,0.8328,2
2022-06-06 20:15:00,SHORT,0.6,0.6,tp,0.004025,1,0.8076,2
2022-06-06 21:35:00,SHORT,0.61,0.61,sl,-0.003991,0,0.8393,2
2022-06-06 21:50:00,SHORT,0.61,0.62,sl,-0.003991,0,0.8342,2
2022-06-06 22:10:00,SHORT,0.62,0.61,tp,0.004025,1,0.8017,2
2022-06-06 22:30:00,LONG,0.61,0.61,tp,0.004,1,0.7934,2
2022-06-06 22:50:00,LONG,0.61,0.61,sl,-0.004,0,0.7126,2
2022-06-06 23:05:00,SHORT,0.61,0.61,tp,0.004025,1,0.7138,2
2022-06-06 23:30:00,LONG,0.61,0.61,sl,-0.004,0,0.7246,2
2022-06-07 00:25:00,SHORT,0.59,0.59,tp,0.004025,1,0.6824,2
2022-06-07 00:40:00,LONG,0.58,0.58,tp,0.004,1,0.6859,2
2022-06-07 01:05:00,SHORT,0.59,0.59,tp,0.004025,1,0.8228,2
2022-06-07 01:55:00,LONG,0.58,0.58,sl,-0.004,0,0.6791,2
2022-06-07 02:20:00,SHORT,0.58,0.58,sl,-0.003991,0,0.7488,2
2022-06-07 02:45:00,SHORT,0.58,0.58,sl,-0.003991,0,0.8583,2
2022-06-07 04:05:00,LONG,0.59,0.59,tp,0.004,1,0.8115,2
2022-06-07 04:15:00,SHORT,0.59,0.59,tp,0.004025,1,0.82,2
2022-06-07 04:30:00,LONG,0.59,0.59,sl,-0.004,0,0.7886,2
2022-06-07 05:50:00,SHORT,0.59,0.58,tp,0.004025,1,0.8131,2
2022-06-07 07:00:00,SHORT,0.58,0.59,sl,-0.003991,0,0.66,2
2022-06-07 07:20:00,LONG,0.58,0.59,tp,0.004,1,0.703,2
2022-06-07 08:15:00,SHORT,0.59,0.59,sl,-0.003991,0,0.7834,2
2022-06-07 08:50:00,LONG,0.59,0.59,sl,-0.004,0,0.6663,2
2022-06-07 09:40:00,LONG,0.59,0.59,tp,0.004,1,0.8815,2
2022-06-07 09:45:00,SHORT,0.59,0.59,sl,-0.003991,0,0.6559,2
2022-06-07 09:55:00,LONG,0.59,0.59,tp,0.004,1,0.8391,2
2022-06-07 10:20:00,LONG,0.59,0.59,tp,0.004,1,0.7527,2
2022-06-07 10:30:00,SHORT,0.59,0.59,tp,0.004025,1,0.6725,2
2022-06-07 11:10:00,LONG,0.58,0.58,sl,-0.004,0,0.7015,2
2022-06-07 11:25:00,LONG,0.58,0.58,sl,-0.004,0,0.6513,2
2022-06-07 11:30:00,SHORT,0.58,0.58,tp,0.004025,1,0.729,2
2022-06-07 11:45:00,SHORT,0.58,0.58,tp,0.004025,1,0.7422,2
2022-06-07 11:50:00,LONG,0.58,0.58,sl,-0.004,0,0.7982,2
2022-06-07 12:25:00,LONG,0.58,0.58,tp,0.004,1,0.78,2
2022-06-07 12:35:00,SHORT,0.59,0.59,sl,-0.003991,0,0.6543,2
2022-06-07 13:50:00,SHORT,0.6,0.6,tp,0.004025,1,0.8057,2
2022-06-07 14:10:00,LONG,0.6,0.59,sl,-0.004,0,0.7385,2
2022-06-07 14:35:00,SHORT,0.61,0.61,sl,-0.003991,0,0.6562,2
2022-06-07 15:00:00,SHORT,0.62,0.62,tp,0.004025,1,0.8608,2
2022-06-07 15:30:00,LONG,0.61,0.62,tp,0.004,1,0.6858,2
2022-06-07 15:40:00,SHORT,0.62,0.61,tp,0.004025,1,0.7408,2
2022-06-07 15:50:00,LONG,0.61,0.62,tp,0.004,1,0.8184,2
2022-06-07 16:00:00,SHORT,0.61,0.61,tp,0.004025,1,0.6576,2
2022-06-07 16:20:00,LONG,0.61,0.61,tp,0.004,1,0.7847,2
2022-06-07 16:55:00,SHORT,0.62,0.62,sl,-0.003991,0,0.7073,2
2022-06-07 17:40:00,LONG,0.61,0.61,sl,-0.004,0,0.8417,2
2022-06-07 17:55:00,LONG,0.61,0.61,tp,0.004,1,0.8352,2
2022-06-07 18:10:00,SHORT,0.62,0.62,tp,0.004025,1,0.828,2
2022-06-07 18:40:00,SHORT,0.62,0.62,sl,-0.003991,0,0.661,2
2022-06-07 19:10:00,SHORT,0.62,0.62,tp,0.004025,1,0.7375,2
2022-06-07 19:25:00,LONG,0.62,0.62,tp,0.004,1,0.753,2
2022-06-07 19:45:00,SHORT,0.64,0.63,tp,0.004025,1,0.8257,2
2022-06-07 19:55:00,LONG,0.63,0.63,tp,0.004,1,0.7336,2
2022-06-07 20:35:00,LONG,0.63,0.63,sl,-0.004,0,0.7419,2
2022-06-07 21:05:00,SHORT,0.63,0.63,tp,0.004025,1,0.731,2
2022-06-07 21:40:00,LONG,0.62,0.62,sl,-0.004,0,0.8322,2
2022-06-07 22:45:00,LONG,0.6,0.61,tp,0.004,1,0.9006,2
2022-06-07 22:55:00,SHORT,0.62,0.61,tp,0.004025,1,0.7693,2
2022-06-07 23:10:00,SHORT,0.62,0.62,tp,0.004025,1,0.725,2
2022-06-07 23:40:00,SHORT,0.62,0.62,tp,0.004025,1,0.7429,2
2022-06-08 00:05:00,LONG,0.61,0.62,tp,0.004,1,0.691,2
2022-06-08 00:30:00,SHORT,0.62,0.62,tp,0.004025,1,0.8067,2
2022-06-08 01:35:00,LONG,0.65,0.66,tp,0.004,1,0.6798,2
2022-06-08 01:40:00,SHORT,0.65,0.64,tp,0.004025,1,0.849,2
2022-06-08 01:45:00,SHORT,0.64,0.64,sl,-0.003991,0,0.7114,2
2022-06-08 01:55:00,SHORT,0.65,0.65,sl,-0.003991,0,0.7048,2
2022-06-08 02:05:00,SHORT,0.65,0.65,tp,0.004025,1,0.872,2
2022-06-08 02:10:00,SHORT,0.65,0.65,sl,-0.003991,0,0.6956,2
2022-06-08 02:15:00,SHORT,0.65,0.65,tp,0.004025,1,0.688,2
2022-06-08 02:20:00,SHORT,0.64,0.64,tp,0.004025,1,0.7482,2
2022-06-08 02:30:00,SHORT,0.65,0.64,tp,0.004025,1,0.7084,2
2022-06-08 02:35:00,SHORT,0.64,0.64,tp,0.004025,1,0.8226,2
2022-06-08 02:40:00,SHORT,0.64,0.64,sl,-0.003991,0,0.6609,2
2022-06-08 03:35:00,LONG,0.63,0.62,sl,-0.004,0,0.6639,2
2022-06-08 04:00:00,LONG,0.63,0.62,sl,-0.004,0,0.7939,2
2022-06-08 04:25:00,SHORT,0.64,0.64,tp,0.004025,1,0.8825,2
2022-06-08 04:30:00,LONG,0.64,0.64,tp,0.004,1,0.7247,2
2022-06-08 04:50:00,SHORT,0.64,0.64,sl,-0.003991,0,0.7386,2
2022-06-08 05:05:00,SHORT,0.64,0.64,sl,-0.003991,0,0.7315,2
2022-06-08 05:25:00,LONG,0.64,0.64,tp,0.004,1,0.6787,2
2022-06-08 05:40:00,SHORT,0.65,0.64,tp,0.004025,1,0.8401,2
2022-06-08 06:25:00,LONG,0.64,0.64,tp,0.004,1,0.8041,2
2022-06-08 06:45:00,SHORT,0.64,0.64,tp,0.004025,1,0.8357,2
2022-06-08 07:10:00,SHORT,0.63,0.63,tp,0.004025,1,0.6914,2
2022-06-08 07:20:00,LONG,0.63,0.63,sl,-0.004,0,0.7392,2
2022-06-08 07:35:00,LONG,0.63,0.64,tp,0.004,1,0.7242,2
2022-06-08 07:45:00,SHORT,0.64,0.64,tp,0.004025,1,0.8283,2
2022-06-08 08:20:00,SHORT,0.63,0.63,tp,0.004025,1,0.8287,2
2022-06-08 08:45:00,SHORT,0.63,0.63,sl,-0.003991,0,0.6849,2
2022-06-08 09:35:00,SHORT,0.64,0.64,sl,-0.003991,0,0.7227,2
2022-06-08 10:05:00,LONG,0.64,0.64,sl,-0.004,0,0.6935,2
2022-06-08 10:45:00,LONG,0.64,0.64,sl,-0.004,0,0.6829,2
2022-06-08 11:00:00,LONG,0.64,0.64,tp,0.004,1,0.7336,2
2022-06-08 11:20:00,LONG,0.64,0.64,tp,0.004,1,0.7327,2
2022-06-08 11:40:00,SHORT,0.65,0.64,tp,0.004025,1,0.7792,2
2022-06-08 12:25:00,LONG,0.64,0.64,tp,0.004,1,0.7912,2
2022-06-08 13:05:00,SHORT,0.64,0.65,sl,-0.003991,0,0.6943,2
2022-06-08 13:50:00,SHORT,0.66,0.66,tp,0.004025,1,0.7428,2
2022-06-08 14:15:00,LONG,0.66,0.65,sl,-0.004,0,0.711,2
2022-06-08 14:35:00,SHORT,0.66,0.66,sl,-0.003991,0,0.7126,2
2022-06-08 14:55:00,LONG,0.65,0.66,tp,0.004,1,0.8285,2
2022-06-08 15:10:00,SHORT,0.66,0.66,sl,-0.003991,0,0.8128,2
2022-06-08 15:45:00,LONG,0.66,0.66,tp,0.004,1,0.7641,2
2022-06-08 16:00:00,SHORT,0.67,0.66,tp,0.004025,1,0.7239,2
2022-06-08 16:50:00,SHORT,0.66,0.66,sl,-0.003991,0,0.662,2
2022-06-08 17:05:00,LONG,0.65,0.65,tp,0.004,1,0.8192,2
2022-06-08 17:20:00,SHORT,0.66,0.65,tp,0.004025,1,0.8324,2
2022-06-08 18:35:00,LONG,0.64,0.64,tp,0.004,1,0.7177,2
2022-06-08 19:15:00,LONG,0.64,0.65,tp,0.004,1,0.7748,2
2022-06-08 19:30:00,SHORT,0.65,0.65,tp,0.004025,1,0.8076,2
2022-06-08 20:10:00,LONG,0.64,0.64,sl,-0.004,0,0.7306,2
2022-06-08 21:55:00,SHORT,0.65,0.65,tp,0.004025,1,0.8271,2
2022-06-08 22:45:00,SHORT,0.65,0.65,tp,0.004025,1,0.7903,2
2022-06-08 23:30:00,SHORT,0.65,0.64,tp,0.004025,1,0.7358,2
2022-06-09 00:30:00,LONG,0.63,0.63,tp,0.004,1,0.8819,2
2022-06-09 01:10:00,SHORT,0.64,0.64,tp,0.004025,1,0.6733,2
2022-06-09 01:55:00,LONG,0.63,0.63,tp,0.004,1,0.8612,2
2022-06-09 02:10:00,LONG,0.63,0.63,tp,0.004,1,0.7942,2
2022-06-09 03:20:00,SHORT,0.64,0.64,sl,-0.003991,0,0.6663,2
2022-06-09 03:55:00,SHORT,0.64,0.64,tp,0.004025,1,0.8027,2
2022-06-09 04:15:00,LONG,0.64,0.64,tp,0.004,1,0.6968,2
2022-06-09 04:40:00,SHORT,0.64,0.64,sl,-0.003991,0,0.804,2
2022-06-09 05:10:00,LONG,0.64,0.65,tp,0.004,1,0.6549,2
2022-06-09 05:25:00,SHORT,0.65,0.65,tp,0.004025,1,0.7011,2
2022-06-09 06:05:00,LONG,0.64,0.65,tp,0.004,1,0.7696,2
2022-06-09 06:30:00,LONG,0.64,0.65,tp,0.004,1,0.6815,2
2022-06-09 06:45:00,LONG,0.64,0.65,tp,0.004,1,0.7872,2
2022-06-09 08:00:00,SHORT,0.65,0.65,tp,0.004025,1,0.7978,2
2022-06-09 08:30:00,LONG,0.65,0.65,sl,-0.004,0,0.7479,2
2022-06-09 08:50:00,LONG,0.65,0.65,tp,0.004,1,0.8143,2
2022-06-09 09:05:00,LONG,0.65,0.65,tp,0.004,1,0.7089,2
2022-06-09 09:30:00,SHORT,0.66,0.65,tp,0.004025,1,0.8216,2
2022-06-09 10:10:00,LONG,0.65,0.65,sl,-0.004,0,0.7029,2
2022-06-09 11:00:00,LONG,0.65,0.65,sl,-0.004,0,0.7559,2
2022-06-09 11:25:00,LONG,0.65,0.65,sl,-0.004,0,0.7956,2
2022-06-09 11:55:00,LONG,0.64,0.64,sl,-0.004,0,0.8097,2
2022-06-09 12:20:00,LONG,0.64,0.64,tp,0.004,1,0.8659,2
2022-06-09 12:50:00,SHORT,0.64,0.64,sl,-0.003991,0,0.6519,2
2022-06-09 13:15:00,SHORT,0.64,0.64,tp,0.004025,1,0.7546,2
2022-06-09 13:40:00,LONG,0.64,0.64,tp,0.004,1,0.7852,2
2022-06-09 13:55:00,SHORT,0.64,0.64,tp,0.004025,1,0.7815,2
2022-06-09 14:30:00,SHORT,0.64,0.64,tp,0.004025,1,0.7635,2
2022-06-09 15:05:00,LONG,0.64,0.64,tp,0.004,1,0.7083,2
2022-06-09 15:40:00,SHORT,0.64,0.64,tp,0.004025,1,0.7869,2
2022-06-09 18:00:00,SHORT,0.65,0.64,tp,0.004025,1,0.669,2
2022-06-09 18:45:00,LONG,0.64,0.64,sl,-0.004,0,0.802,2
2022-06-09 18:55:00,SHORT,0.64,0.64,sl,-0.003991,0,0.6977,2
2022-06-09 19:20:00,SHORT,0.64,0.64,tp,0.004025,1,0.8211,2
2022-06-09 19:35:00,SHORT,0.64,0.63,tp,0.004025,1,0.6742,2
2022-06-09 20:20:00,SHORT,0.63,0.63,sl,-0.003991,0,0.6962,2
2022-06-09 20:40:00,LONG,0.63,0.64,tp,0.004,1,0.712,2
2022-06-09 22:20:00,LONG,0.63,0.63,sl,-0.004,0,0.6985,2
2022-06-09 23:40:00,SHORT,0.63,0.63,sl,-0.003991,0,0.682,2
2022-06-10 00:15:00,LONG,0.62,0.62,tp,0.004,1,0.6829,2
2022-06-10 00:45:00,SHORT,0.63,0.62,tp,0.004025,1,0.7662,2
2022-06-10 01:20:00,SHORT,0.62,0.62,sl,-0.003991,0,0.6972,2
2022-06-10 01:35:00,SHORT,0.62,0.63,sl,-0.003991,0,0.7428,2
2022-06-10 01:45:00,LONG,0.62,0.63,tp,0.004,1,0.6595,2
2022-06-10 03:25:00,SHORT,0.63,0.63,tp,0.004025,1,0.799,2
2022-06-10 04:00:00,LONG,0.63,0.63,timeout,0.001496,1,0.7375,2
2022-06-10 04:35:00,LONG,0.63,0.63,tp,0.004,1,0.8079,2
2022-06-10 05:00:00,SHORT,0.63,0.63,timeout,0.000699,1,0.7038,2
2022-06-10 05:30:00,SHORT,0.63,0.63,tp,0.004025,1,0.6981,2
2022-06-10 05:50:00,LONG,0.63,0.63,sl,-0.004,0,0.6659,2
2022-06-10 08:35:00,LONG,0.62,0.62,sl,-0.004,0,0.7862,2
2022-06-10 09:15:00,LONG,0.61,0.61,tp,0.004,1,0.8742,2
2022-06-10 09:50:00,LONG,0.61,0.61,tp,0.004,1,0.8159,2
2022-06-10 10:00:00,SHORT,0.61,0.61,sl,-0.003991,0,0.7823,2
2022-06-10 10:30:00,SHORT,0.61,0.61,sl,-0.003991,0,0.7791,2
2022-06-10 11:25:00,LONG,0.61,0.61,tp,0.004,1,0.6998,2
2022-06-10 11:35:00,SHORT,0.62,0.61,tp,0.004025,1,0.822,2
2022-06-10 12:00:00,LONG,0.61,0.62,tp,0.004,1,0.7085,2
2022-06-10 12:30:00,LONG,0.6,0.6,tp,0.004,1,0.7837,2
2022-06-10 12:50:00,LONG,0.6,0.6,sl,-0.004,0,0.8169,2
2022-06-10 12:55:00,LONG,0.6,0.59,sl,-0.004,0,0.6957,2
2022-06-10 13:05:00,LONG,0.59,0.59,sl,-0.004,0,0.6592,2
2022-06-10 13:15:00,LONG,0.59,0.59,sl,-0.004,0,0.678,2
2022-06-10 13:20:00,LONG,0.59,0.58,sl,-0.004,0,0.6768,2
2022-06-10 13:25:00,LONG,0.59,0.59,tp,0.004,1,0.794,2
2022-06-10 14:35:00,SHORT,0.59,0.59,sl,-0.003991,0,0.7964,2
2022-06-10 14:50:00,SHORT,0.59,0.59,tp,0.004025,1,0.7021,2
2022-06-10 16:00:00,SHORT,0.59,0.59,sl,-0.003991,0,0.6696,2
2022-06-10 16:55:00,SHORT,0.58,0.58,sl,-0.003991,0,0.7443,2
2022-06-10 17:25:00,SHORT,0.58,0.58,tp,0.004025,1,0.8585,2
2022-06-10 17:50:00,SHORT,0.58,0.58,sl,-0.003991,0,0.678,2
2022-06-10 17:55:00,LONG,0.58,0.58,sl,-0.004,0,0.682,2
2022-06-10 18:15:00,SHORT,0.58,0.58,tp,0.004025,1,0.8372,2
2022-06-10 18:40:00,LONG,0.58,0.58,sl,-0.004,0,0.8369,2
2022-06-10 18:55:00,SHORT,0.58,0.58,tp,0.004025,1,0.77,2
2022-06-10 19:05:00,LONG,0.58,0.58,tp,0.004,1,0.8025,2
2022-06-10 19:25:00,LONG,0.58,0.58,tp,0.004,1,0.6711,2
2022-06-10 20:20:00,SHORT,0.58,0.58,tp,0.004025,1,0.6893,2
2022-06-10 20:30:00,LONG,0.58,0.58,sl,-0.004,0,0.7555,2
2022-06-10 20:35:00,SHORT,0.58,0.58,tp,0.004025,1,0.7988,2
2022-06-10 20:55:00,SHORT,0.58,0.58,sl,-0.003991,0,0.7461,2
2022-06-10 21:05:00,LONG,0.58,0.58,tp,0.004,1,0.7167,2
2022-06-10 22:00:00,SHORT,0.59,0.58,tp,0.004025,1,0.8185,2
2022-06-10 22:15:00,SHORT,0.59,0.58,tp,0.004025,1,0.7713,2
2022-06-10 23:25:00,LONG,0.58,0.57,sl,-0.004,0,0.6891,2
2022-06-11 01:00:00,SHORT,0.58,0.58,timeout,-0.000455,0,0.772,2
2022-06-11 01:45:00,SHORT,0.58,0.58,tp,0.004025,1,0.8372,2
2022-06-11 03:25:00,LONG,0.59,0.59,tp,0.004,1,0.6964,2
2022-06-11 04:20:00,SHORT,0.59,0.59,sl,-0.003991,0,0.8358,2
2022-06-11 04:30:00,LONG,0.59,0.59,tp,0.004,1,0.6943,2
2022-06-11 05:05:00,SHORT,0.6,0.6,tp,0.004025,1,0.8571,2
2022-06-11 05:50:00,LONG,0.59,0.59,sl,-0.004,0,0.7998,2
2022-06-11 06:15:00,SHORT,0.59,0.6,sl,-0.003991,0,0.8086,2
2022-06-11 06:40:00,SHORT,0.59,0.6,sl,-0.003991,0,0.6812,2
2022-06-11 07:05:00,SHORT,0.6,0.6,sl,-0.003991,0,0.6634,2
2022-06-11 07:20:00,SHORT,0.61,0.61,tp,0.004025,1,0.8628,2
2022-06-11 07:40:00,SHORT,0.61,0.61,tp,0.004025,1,0.7847,2
2022-06-11 07:50:00,SHORT,0.61,0.61,tp,0.004025,1,0.682,2
2022-06-11 07:55:00,SHORT,0.61,0.6,tp,0.004025,1,0.6722,2
2022-06-11 08:05:00,SHORT,0.6,0.61,sl,-0.003991,0,0.6975,2
2022-06-11 08:10:00,LONG,0.6,0.6,sl,-0.004,0,0.7036,2
2022-06-11 08:20:00,SHORT,0.6,0.6,tp,0.004025,1,0.7634,2
2022-06-11 08:40:00,LONG,0.6,0.6,sl,-0.004,0,0.7829,2
2022-06-11 09:00:00,SHORT,0.59,0.59,tp,0.004025,1,0.7493,2
2022-06-11 09:15:00,SHORT,0.6,0.59,tp,0.004025,1,0.8422,2
2022-06-11 09:35:00,SHORT,0.6,0.6,sl,-0.003991,0,0.8506,2
2022-06-11 09:55:00,LONG,0.6,0.6,tp,0.004,1,0.7708,2
2022-06-11 10:05:00,SHORT,0.6,0.6,tp,0.004025,1,0.7271,2
2022-06-11 10:30:00,SHORT,0.59,0.59,tp,0.004025,1,0.6715,2
2022-06-11 10:45:00,LONG,0.59,0.59,sl,-0.004,0,0.7575,2
2022-06-11 11:10:00,SHORT,0.59,0.59,tp,0.004025,1,0.6921,2
2022-06-11 11:20:00,LONG,0.58,0.58,tp,0.004,1,0.8984,2
2022-06-11 11:30:00,SHORT,0.58,0.58,tp,0.004025,1,0.7299,2
2022-06-11 11:35:00,LONG,0.58,0.58,tp,0.004,1,0.8252,2
2022-06-11 11:55:00,LONG,0.58,0.58,tp,0.004,1,0.7136,2
2022-06-11 12:00:00,SHORT,0.58,0.58,tp,0.004025,1,0.7736,2
2022-06-11 12:45:00,SHORT,0.58,0.57,tp,0.004025,1,0.6517,2
2022-06-11 13:05:00,LONG,0.57,0.57,tp,0.004,1,0.6653,2
2022-06-11 13:30:00,SHORT,0.58,0.57,tp,0.004025,1,0.7459,2
2022-06-11 13:45:00,LONG,0.57,0.58,tp,0.004,1,0.8312,2
2022-06-11 13:50:00,SHORT,0.58,0.57,tp,0.004025,1,0.802,2
2022-06-11 14:30:00,SHORT,0.57,0.56,tp,0.004025,1,0.6704,2
2022-06-11 14:45:00,SHORT,0.57,0.57,tp,0.004025,1,0.8315,2
2022-06-11 14:50:00,LONG,0.56,0.56,tp,0.004,1,0.6959,2
2022-06-11 14:55:00,SHORT,0.56,0.56,tp,0.004025,1,0.6861,2
2022-06-11 15:00:00,LONG,0.56,0.56,sl,-0.004,0,0.6532,2
2022-06-11 15:05:00,LONG,0.56,0.55,sl,-0.004,0,0.6871,2
2022-06-11 15:20:00,LONG,0.55,0.55,tp,0.004,1,0.861,2
2022-06-11 15:40:00,LONG,0.55,0.55,tp,0.004,1,0.9157,2
2022-06-11 16:05:00,SHORT,0.56,0.55,tp,0.004025,1,0.8766,2
2022-06-11 16:15:00,LONG,0.55,0.55,tp,0.004,1,0.8458,2
2022-06-11 16:45:00,SHORT,0.56,0.56,tp,0.004025,1,0.8797,2
2022-06-11 17:05:00,SHORT,0.56,0.56,sl,-0.003991,0,0.7626,2
2022-06-11 17:40:00,SHORT,0.56,0.56,sl,-0.003991,0,0.7278,2
2022-06-11 18:35:00,SHORT,0.57,0.57,tp,0.004025,1,0.7867,2
2022-06-11 19:00:00,LONG,0.57,0.57,tp,0.004,1,0.6519,2
2022-06-11 19:10:00,SHORT,0.57,0.57,tp,0.004025,1,0.7976,2
2022-06-11 20:00:00,LONG,0.56,0.56,tp,0.004,1,0.8387,2
2022-06-11 20:20:00,SHORT,0.56,0.56,tp,0.004025,1,0.7767,2
2022-06-11 20:40:00,LONG,0.56,0.55,sl,-0.004,0,0.8106,2
2022-06-11 20:55:00,LONG,0.55,0.55,sl,-0.004,0,0.711,2
2022-06-11 22:00:00,LONG,0.56,0.57,tp,0.004,1,0.6594,2
2022-06-11 22:30:00,SHORT,0.57,0.57,tp,0.004025,1,0.7515,2
2022-06-11 22:45:00,LONG,0.56,0.56,sl,-0.004,0,0.7959,2
2022-06-11 23:10:00,LONG,0.56,0.56,tp,0.004,1,0.8731,2
2022-06-11 23:40:00,LONG,0.55,0.55,sl,-0.004,0,0.7844,2
2022-06-12 01:10:00,SHORT,0.55,0.54,tp,0.004025,1,0.6833,2
2022-06-12 01:15:00,LONG,0.54,0.55,tp,0.004,1,0.8784,2
2022-06-12 01:55:00,LONG,0.53,0.54,tp,0.004,1,0.9106,2
2022-06-12 02:15:00,LONG,0.53,0.53,sl,-0.004,0,0.6927,2
2022-06-12 02:25:00,LONG,0.52,0.52,tp,0.004,1,0.9159,2
2022-06-12 02:30:00,LONG,0.52,0.52,sl,-0.004,0,0.6975,2
2022-06-12 02:35:00,LONG,0.52,0.52,sl,-0.004,0,0.7157,2
2022-06-12 02:40:00,LONG,0.52,0.52,tp,0.004,1,0.8353,2
2022-06-12 02:45:00,SHORT,0.52,0.52,tp,0.004025,1,0.8316,2
2022-06-12 02:50:00,LONG,0.52,0.51,sl,-0.004,0,0.6894,2
2022-06-12 02:55:00,LONG,0.52,0.52,tp,0.004,1,0.8129,2
2022-06-12 03:15:00,SHORT,0.52,0.52,sl,-0.003991,0,0.6633,2
2022-06-12 03:25:00,LONG,0.52,0.52,tp,0.004,1,0.7857,2
2022-06-12 03:35:00,SHORT,0.52,0.52,tp,0.004025,1,0.7916,2
2022-06-12 04:00:00,SHORT,0.52,0.52,tp,0.004025,1,0.8605,2
2022-06-12 04:30:00,LONG,0.51,0.51,sl,-0.004,0,0.6673,2
2022-06-12 04:35:00,LONG,0.51,0.51,sl,-0.004,0,0.8539,2
2022-06-12 04:50:00,LONG,0.51,0.51,tp,0.004,1,0.6814,2
2022-06-12 04:55:00,LONG,0.51,0.51,sl,-0.004,0,0.6676,2
2022-06-12 05:05:00,LONG,0.5,0.51,tp,0.004,1,0.9216,2
2022-06-12 05:10:00,LONG,0.5,0.51,tp,0.004,1,0.6842,2
2022-06-12 05:25:00,LONG,0.5,0.5,tp,0.004,1,0.9205,2
2022-06-12 05:30:00,LONG,0.5,0.5,tp,0.004,1,0.6514,2
2022-06-12 05:55:00,LONG,0.5,0.5,tp,0.004,1,0.8442,2
2022-06-12 06:30:00,SHORT,0.52,0.51,tp,0.004025,1,0.8824,2
2022-06-12 06:40:00,LONG,0.51,0.51,sl,-0.004,0,0.7198,2
2022-06-12 07:10:00,LONG,0.51,0.51,sl,-0.004,0,0.786,2
2022-06-12 07:30:00,LONG,0.51,0.51,tp,0.004,1,0.8823,2
2022-06-12 07:55:00,SHORT,0.52,0.52,tp,0.004025,1,0.8479,2
2022-06-12 08:25:00,LONG,0.52,0.53,tp,0.004,1,0.6814,2
2022-06-12 08:30:00,SHORT,0.52,0.52,tp,0.004025,1,0.6812,2
2022-06-12 08:45:00,LONG,0.52,0.52,sl,-0.004,0,0.8291,2
2022-06-12 09:00:00,LONG,0.52,0.52,sl,-0.004,0,0.7554,2
2022-06-12 09:15:00,LONG,0.52,0.52,sl,-0.004,0,0.7284,2
2022-06-12 09:40:00,SHORT,0.51,0.51,tp,0.004025,1,0.6556,2
2022-06-12 10:10:00,LONG,0.51,0.52,tp,0.004,1,0.8769,2
2022-06-12 10:30:00,SHORT,0.52,0.52,tp,0.004025,1,0.8371,2
2022-06-12 11:50:00,SHORT,0.52,0.51,tp,0.004025,1,0.8187,2
2022-06-12 12:40:00,LONG,0.51,0.51,sl,-0.004,0,0.8143,2
2022-06-12 13:00:00,LONG,0.51,0.51,sl,-0.004,0,0.7914,2
2022-06-12 13:55:00,LONG,0.51,0.51,tp,0.004,1,0.721,2
2022-06-12 14:00:00,SHORT,0.51,0.51,sl,-0.003991,0,0.7825,2
2022-06-12 14:15:00,LONG,0.5,0.5,tp,0.004,1,0.9142,2
2022-06-12 14:25:00,LONG,0.52,0.52,tp,0.004,1,0.82,2
2022-06-12 14:30:00,SHORT,0.52,0.52,tp,0.004025,1,0.7816,2
2022-06-12 14:40:00,LONG,0.52,0.52,tp,0.004,1,0.6512,2
2022-06-12 14:50:00,SHORT,0.54,0.54,tp,0.004025,1,0.9004,2
2022-06-12 14:55:00,SHORT,0.53,0.54,sl,-0.003991,0,0.6759,2
2022-06-12 15:00:00,SHORT,0.54,0.54,sl,-0.003991,0,0.6621,2
2022-06-12 15:05:00,LONG,0.54,0.54,tp,0.004,1,0.6593,2
2022-06-12 15:10:00,LONG,0.54,0.54,tp,0.004,1,0.6843,2
2022-06-12 15:15:00,SHORT,0.55,0.54,tp,0.004025,1,0.6963,2
2022-06-12 15:20:00,SHORT,0.54,0.54,tp,0.004025,1,0.7453,2
2022-06-12 15:25:00,SHORT,0.54,0.54,tp,0.004025,1,0.7041,2
2022-06-12 15:30:00,SHORT,0.54,0.54,tp,0.004025,1,0.6929,2
2022-06-12 15:40:00,SHORT,0.54,0.54,tp,0.004025,1,0.6677,2
2022-06-12 15:45:00,LONG,0.53,0.53,sl,-0.004,0,0.8511,2
2022-06-12 16:00:00,LONG,0.53,0.54,tp,0.004,1,0.7131,2
2022-06-12 16:15:00,SHORT,0.54,0.53,tp,0.004025,1,0.7003,2
2022-06-12 17:35:00,SHORT,0.53,0.54,sl,-0.003991,0,0.7961,2
2022-06-12 17:50:00,SHORT,0.54,0.53,tp,0.004025,1,0.8544,2
2022-06-12 18:05:00,LONG,0.53,0.53,sl,-0.004,0,0.8749,2
2022-06-12 18:20:00,LONG,0.53,0.52,sl,-0.004,0,0.848,2
2022-06-12 18:40:00,LONG,0.52,0.53,tp,0.004,1,0.8856,2
2022-06-12 19:30:00,LONG,0.52,0.52,sl,-0.004,0,0.6715,2
2022-06-12 20:00:00,SHORT,0.52,0.52,tp,0.004025,1,0.8089,2
2022-06-12 20:25:00,SHORT,0.52,0.52,sl,-0.003991,0,0.7091,2
2022-06-12 21:00:00,LONG,0.52,0.52,tp,0.004,1,0.8688,2
2022-06-12 21:20:00,SHORT,0.52,0.52,tp,0.004025,1,0.7826,2
2022-06-12 22:00:00,LONG,0.51,0.51,sl,-0.004,0,0.6517,2
2022-06-12 22:10:00,SHORT,0.51,0.52,sl,-0.003991,0,0.764,2
2022-06-12 22:40:00,LONG,0.51,0.51,tp,0.004,1,0.8185,2
2022-06-12 23:00:00,LONG,0.51,0.51,tp,0.004,1,0.7839,2
2022-06-12 23:10:00,SHORT,0.51,0.51,tp,0.004025,1,0.8254,2
2022-06-12 23:35:00,SHORT,0.5,0.5,tp,0.004025,1,0.6615,2
2022-06-12 23:40:00,SHORT,0.5,0.5,tp,0.004025,1,0.7342,2
2022-06-12 23:50:00,LONG,0.49,0.5,tp,0.004,1,0.7308,2
2022-06-12 23:55:00,LONG,0.49,0.49,tp,0.004,1,0.6832,2
2022-06-13 00:00:00,LONG,0.49,0.49,tp,0.004,1,0.7655,2
2022-06-13 00:05:00,LONG,0.49,0.49,sl,-0.004,0,0.702,2
2022-06-13 00:10:00,LONG,0.49,0.49,tp,0.004,1,0.7651,2
2022-06-13 00:25:00,LONG,0.5,0.5,tp,0.004,1,0.6508,2
2022-06-13 00:30:00,SHORT,0.5,0.49,tp,0.004025,1,0.8169,2
2022-06-13 00:35:00,LONG,0.49,0.49,sl,-0.004,0,0.7254,2
2022-06-13 00:40:00,LONG,0.48,0.49,tp,0.004,1,0.7769,2
2022-06-13 00:45:00,LONG,0.48,0.48,sl,-0.004,0,0.7737,2
2022-06-13 00:50:00,SHORT,0.47,0.47,tp,0.004025,1,0.6868,2
2022-06-13 00:55:00,LONG,0.47,0.47,tp,0.004,1,0.7038,2
2022-06-13 01:00:00,LONG,0.47,0.47,sl,-0.004,0,0.7004,2
2022-06-13 01:05:00,LONG,0.47,0.47,tp,0.004,1,0.7878,2
2022-06-13 01:10:00,LONG,0.47,0.47,tp,0.004,1,0.8015,2
2022-06-13 01:15:00,SHORT,0.47,0.47,tp,0.004025,1,0.6564,2
2022-06-13 01:20:00,LONG,0.47,0.47,sl,-0.004,0,0.7223,2
2022-06-13 01:25:00,LONG,0.46,0.47,tp,0.004,1,0.9155,2
2022-06-13 01:30:00,LONG,0.47,0.47,tp,0.004,1,0.6857,2
2022-06-13 01:40:00,SHORT,0.47,0.47,tp,0.004025,1,0.7797,2
2022-06-13 02:05:00,SHORT,0.47,0.47,tp,0.004025,1,0.8924,2
2022-06-13 02:15:00,SHORT,0.47,0.47,tp,0.004025,1,0.6858,2
2022-06-13 02:20:00,LONG,0.47,0.47,tp,0.004,1,0.8673,2
2022-06-13 02:25:00,SHORT,0.47,0.47,tp,0.004025,1,0.6594,2
2022-06-13 02:30:00,SHORT,0.47,0.47,tp,0.004025,1,0.8339,2
2022-06-13 02:35:00,SHORT,0.47,0.47,tp,0.004025,1,0.677,2
2022-06-13 03:10:00,SHORT,0.47,0.46,tp,0.004025,1,0.8674,2
2022-06-13 03:15:00,SHORT,0.46,0.47,sl,-0.003991,0,0.6676,2
2022-06-13 03:20:00,LONG,0.46,0.46,tp,0.004,1,0.7329,2
2022-06-13 03:30:00,SHORT,0.47,0.47,sl,-0.003991,0,0.6667,2
2022-06-13 03:35:00,SHORT,0.48,0.48,sl,-0.003991,0,0.6755,2
2022-06-13 03:40:00,LONG,0.48,0.48,tp,0.004,1,0.7638,2
2022-06-13 03:45:00,SHORT,0.48,0.48,sl,-0.003991,0,0.7195,2
2022-06-13 04:00:00,LONG,0.48,0.48,tp,0.004,1,0.8202,2
2022-06-13 04:10:00,LONG,0.48,0.49,tp,0.004,1,0.674,2
2022-06-13 04:25:00,SHORT,0.49,0.48,tp,0.004025,1,0.777,2
2022-06-13 04:55:00,LONG,0.47,0.48,tp,0.004,1,0.6726,2
2022-06-13 05:00:00,LONG,0.48,0.48,tp,0.004,1,0.7427,2
2022-06-13 05:05:00,LONG,0.48,0.48,sl,-0.004,0,0.6619,2
2022-06-13 05:15:00,SHORT,0.48,0.48,tp,0.004025,1,0.7134,2
2022-06-13 05:30:00,LONG,0.47,0.47,sl,-0.004,0,0.6772,2
2022-06-13 05:45:00,LONG,0.46,0.46,sl,-0.004,0,0.6994,2
2022-06-13 05:50:00,LONG,0.46,0.46,sl,-0.004,0,0.7167,2
2022-06-13 05:55:00,LONG,0.46,0.46,sl,-0.004,0,0.7209,2
2022-06-13 06:00:00,LONG,0.45,0.46,tp,0.004,1,0.7547,2
2022-06-13 06:05:00,LONG,0.45,0.46,tp,0.004,1,0.9027,2
2022-06-13 06:10:00,LONG,0.46,0.47,tp,0.004,1,0.6992,2
2022-06-13 06:15:00,SHORT,0.47,0.46,tp,0.004025,1,0.8215,2
2022-06-13 06:30:00,SHORT,0.46,0.46,tp,0.004025,1,0.8366,2
2022-06-13 06:40:00,LONG,0.46,0.46,tp,0.004,1,0.7193,2
2022-06-13 06:45:00,LONG,0.46,0.46,tp,0.004,1,0.8692,2
2022-06-13 07:00:00,LONG,0.46,0.46,tp,0.004,1,0.7102,2
2022-06-13 07:15:00,SHORT,0.47,0.46,tp,0.004025,1,0.7833,2
2022-06-13 07:35:00,LONG,0.45,0.45,sl,-0.004,0,0.7241,2
2022-06-13 07:40:00,LONG,0.45,0.45,tp,0.004,1,0.8969,2
2022-06-13 07:45:00,SHORT,0.46,0.45,tp,0.004025,1,0.7798,2
2022-06-13 07:50:00,LONG,0.45,0.45,tp,0.004,1,0.7025,2
2022-06-13 08:00:00,LONG,0.45,0.45,sl,-0.004,0,0.7765,2
2022-06-13 08:20:00,LONG,0.44,0.45,tp,0.004,1,0.7394,2
2022-06-13 08:25:00,LONG,0.45,0.45,tp,0.004,1,0.6725,2
2022-06-13 08:30:00,LONG,0.45,0.45,sl,-0.004,0,0.6929,2
2022-06-13 08:40:00,LONG,0.45,0.45,sl,-0.004,0,0.8169,2
2022-06-13 09:15:00,SHORT,0.45,0.45,tp,0.004025,1,0.8687,2
2022-06-13 09:30:00,SHORT,0.45,0.44,tp,0.004025,1,0.6581,2
2022-06-13 09:40:00,LONG,0.44,0.45,tp,0.004,1,0.6635,2
2022-06-13 09:45:00,LONG,0.44,0.44,tp,0.004,1,0.6595,2
2022-06-13 09:55:00,LONG,0.45,0.46,tp,0.004,1,0.6634,2
2022-06-13 10:00:00,LONG,0.46,0.46,tp,0.004,1,0.6912,2
2022-06-13 10:05:00,SHORT,0.46,0.45,tp,0.004025,1,0.8174,2
2022-06-13 10:15:00,LONG,0.45,0.45,tp,0.004,1,0.8315,2
2022-06-13 10:30:00,LONG,0.46,0.46,tp,0.004,1,0.6838,2
2022-06-13 10:35:00,LONG,0.46,0.46,tp,0.004,1,0.6933,2
2022-06-13 10:40:00,SHORT,0.46,0.46,tp,0.004025,1,0.8263,2
2022-06-13 10:45:00,LONG,0.45,0.45,tp,0.004,1,0.8625,2
2022-06-13 11:15:00,LONG,0.44,0.44,sl,-0.004,0,0.7354,2
2022-06-13 11:20:00,LONG,0.44,0.45,tp,0.004,1,0.6641,2
2022-06-13 11:25:00,LONG,0.44,0.45,tp,0.004,1,0.7071,2
2022-06-13 11:30:00,LONG,0.45,0.45,sl,-0.004,0,0.6748,2
2022-06-13 11:45:00,LONG,0.44,0.44,sl,-0.004,0,0.6906,2
2022-06-13 12:00:00,LONG,0.45,0.45,tp,0.004,1,0.7267,2
2022-06-13 12:10:00,LONG,0.46,0.46,sl,-0.004,0,0.7217,2
2022-06-13 12:15:00,SHORT,0.46,0.46,sl,-0.003991,0,0.7962,2
2022-06-13 12:20:00,LONG,0.46,0.46,sl,-0.004,0,0.6687,2
2022-06-13 12:35:00,SHORT,0.46,0.46,tp,0.004025,1,0.7555,2
2022-06-13 12:40:00,LONG,0.46,0.46,sl,-0.004,0,0.6502,2
2022-06-13 12:50:00,LONG,0.45,0.45,sl,-0.004,0,0.724,2
2022-06-13 13:15:00,LONG,0.45,0.45,tp,0.004,1,0.751,2
2022-06-13 13:20:00,LONG,0.45,0.45,sl,-0.004,0,0.7453,2
2022-06-13 13:30:00,SHORT,0.46,0.46,tp,0.004025,1,0.8651,2
2022-06-13 13:35:00,LONG,0.45,0.46,tp,0.004,1,0.752,2
2022-06-13 13:45:00,LONG,0.46,0.46,tp,0.004,1,0.6795,2
2022-06-13 13:55:00,LONG,0.46,0.46,tp,0.004,1,0.6713,2
2022-06-13 14:05:00,LONG,0.46,0.45,sl,-0.004,0,0.6648,2
2022-06-13 14:20:00,LONG,0.45,0.45,tp,0.004,1,0.6961,2
2022-06-13 14:30:00,SHORT,0.45,0.46,sl,-0.003991,0,0.7807,2
2022-06-13 14:35:00,LONG,0.45,0.45,sl,-0.004,0,0.664,2
2022-06-13 14:45:00,LONG,0.44,0.45,tp,0.004,1,0.767,2
2022-06-13 14:55:00,LONG,0.45,0.45,tp,0.004,1,0.7114,2
2022-06-13 15:00:00,LONG,0.45,0.45,sl,-0.004,0,0.7265,2
2022-06-13 15:05:00,LONG,0.45,0.45,tp,0.004,1,0.8126,2
2022-06-13 15:15:00,LONG,0.46,0.46,tp,0.004,1,0.7675,2
2022-06-13 15:20:00,SHORT,0.46,0.46,tp,0.004025,1,0.8763,2
2022-06-13 15:40:00,SHORT,0.47,0.47,tp,0.004025,1,0.8917,2
2022-06-13 15:55:00,SHORT,0.47,0.47,tp,0.004025,1,0.6726,2
2022-06-13 16:00:00,LONG,0.47,0.47,tp,0.004,1,0.6925,2
2022-06-13 16:05:00,LONG,0.48,0.48,tp,0.004,1,0.7258,2
2022-06-13 16:10:00,SHORT,0.48,0.48,tp,0.004025,1,0.804,2
2022-06-13 16:15:00,SHORT,0.48,0.48,tp,0.004025,1,0.6726,2
2022-06-13 16:30:00,SHORT,0.48,0.48,tp,0.004025,1,0.891,2
2022-06-13 16:40:00,LONG,0.47,0.48,tp,0.004,1,0.6701,2
2022-06-13 16:45:00,LONG,0.48,0.47,sl,-0.004,0,0.729,2
2022-06-13 17:35:00,LONG,0.46,0.47,tp,0.004,1,0.8656,2
2022-06-13 17:45:00,SHORT,0.47,0.47,sl,-0.003991,0,0.7545,2
2022-06-13 18:35:00,LONG,0.48,0.48,tp,0.004,1,0.8016,2
2022-06-13 19:30:00,LONG,0.47,0.47,tp,0.004,1,0.8414,2
2022-06-13 19:55:00,LONG,0.47,0.48,tp,0.004,1,0.7639,2
2022-06-13 20:55:00,LONG,0.48,0.48,tp,0.004,1,0.8464,2
2022-06-13 21:00:00,SHORT,0.49,0.48,tp,0.004025,1,0.8143,2
2022-06-13 21:15:00,LONG,0.48,0.48,sl,-0.004,0,0.7482,2
2022-06-13 21:30:00,SHORT,0.48,0.48,tp,0.004025,1,0.6559,2
2022-06-13 21:40:00,LONG,0.47,0.47,tp,0.004,1,0.8855,2
2022-06-13 22:00:00,SHORT,0.48,0.47,tp,0.004025,1,0.7219,2
2022-06-13 22:15:00,LONG,0.46,0.47,tp,0.004,1,0.686,2
2022-06-13 22:30:00,SHORT,0.47,0.46,tp,0.004025,1,0.8208,2
2022-06-13 22:35:00,LONG,0.46,0.46,tp,0.004,1,0.6665,2
2022-06-13 22:40:00,LONG,0.46,0.46,sl,-0.004,0,0.6994,2
2022-06-13 22:50:00,LONG,0.46,0.45,sl,-0.004,0,0.6853,2
2022-06-13 22:55:00,LONG,0.45,0.45,tp,0.004,1,0.7026,2
2022-06-13 23:00:00,LONG,0.45,0.45,tp,0.004,1,0.9212,2
2022-06-13 23:05:00,LONG,0.45,0.45,tp,0.004,1,0.7094,2
2022-06-13 23:10:00,LONG,0.45,0.45,tp,0.004,1,0.656,2
2022-06-13 23:15:00,LONG,0.45,0.46,tp,0.004,1,0.6587,2
2022-06-13 23:20:00,SHORT,0.46,0.46,tp,0.004025,1,0.8184,2
2022-06-13 23:30:00,LONG,0.46,0.46,tp,0.004,1,0.7161,2
2022-06-13 23:35:00,LONG,0.45,0.46,tp,0.004,1,0.68,2
2022-06-14 00:05:00,SHORT,0.47,0.47,sl,-0.003991,0,0.698,2
2022-06-14 00:10:00,SHORT,0.47,0.47,tp,0.004025,1,0.8494,2
2022-06-14 00:25:00,LONG,0.46,0.46,tp,0.004,1,0.8078,2
2022-06-14 01:05:00,LONG,0.45,0.45,tp,0.004,1,0.8881,2
2022-06-14 01:10:00,SHORT,0.45,0.45,tp,0.004025,1,0.8377,2
2022-06-14 01:35:00,LONG,0.44,0.44,sl,-0.004,0,0.6569,2
2022-06-14 01:40:00,LONG,0.44,0.44,tp,0.004,1,0.9232,2
2022-06-14 01:45:00,LONG,0.44,0.44,sl,-0.004,0,0.6721,2
2022-06-14 01:55:00,LONG,0.44,0.44,tp,0.004,1,0.7023,2
2022-06-14 02:00:00,LONG,0.44,0.44,tp,0.004,1,0.6781,2
2022-06-14 02:15:00,SHORT,0.45,0.45,tp,0.004025,1,0.7901,2
2022-06-14 02:25:00,LONG,0.44,0.45,tp,0.004,1,0.7101,2
2022-06-14 02:35:00,LONG,0.45,0.46,tp,0.004,1,0.7479,2
2022-06-14 02:40:00,SHORT,0.46,0.45,tp,0.004025,1,0.6652,2
2022-06-14 02:50:00,LONG,0.45,0.46,tp,0.004,1,0.7614,2
2022-06-14 02:55:00,SHORT,0.46,0.46,tp,0.004025,1,0.7254,2
2022-06-14 03:00:00,LONG,0.46,0.46,tp,0.004,1,0.8582,2
2022-06-14 03:15:00,SHORT,0.47,0.47,tp,0.004025,1,0.6772,2
2022-06-14 03:25:00,LONG,0.47,0.47,tp,0.004,1,0.7092,2
2022-06-14 03:30:00,SHORT,0.48,0.48,tp,0.004025,1,0.914,2
2022-06-14 03:50:00,SHORT,0.47,0.48,sl,-0.003991,0,0.6717,2
2022-06-14 03:55:00,LONG,0.48,0.48,tp,0.004,1,0.7045,2
2022-06-14 04:00:00,SHORT,0.48,0.48,tp,0.004025,1,0.6712,2
2022-06-14 04:05:00,SHORT,0.48,0.48,tp,0.004025,1,0.784,2
2022-06-14 04:20:00,LONG,0.47,0.47,sl,-0.004,0,0.8433,2
2022-06-14 04:35:00,SHORT,0.47,0.47,sl,-0.003991,0,0.7442,2
2022-06-14 04:50:00,LONG,0.46,0.46,tp,0.004,1,0.8853,2
2022-06-14 05:15:00,LONG,0.48,0.49,tp,0.004,1,0.7677,2
2022-06-14 05:20:00,SHORT,0.49,0.49,sl,-0.003991,0,0.8304,2
2022-06-14 05:45:00,SHORT,0.49,0.49,tp,0.004025,1,0.6971,2
2022-06-14 05:50:00,SHORT,0.49,0.49,tp,0.004025,1,0.7879,2
2022-06-14 05:55:00,SHORT,0.49,0.49,sl,-0.003991,0,0.7017,2
2022-06-14 06:00:00,SHORT,0.49,0.49,tp,0.004025,1,0.6682,2
2022-06-14 06:10:00,SHORT,0.49,0.48,tp,0.004025,1,0.7006,2
2022-06-14 06:15:00,LONG,0.48,0.49,tp,0.004,1,0.7637,2
2022-06-14 06:50:00,SHORT,0.5,0.5,tp,0.004025,1,0.7956,2
2022-06-14 07:10:00,LONG,0.49,0.49,tp,0.004,1,0.7944,2
2022-06-14 07:30:00,SHORT,0.51,0.51,sl,-0.003991,0,0.6647,2
2022-06-14 07:35:00,LONG,0.51,0.51,sl,-0.004,0,0.7117,2
2022-06-14 07:40:00,SHORT,0.51,0.51,sl,-0.003991,0,0.6733,2
2022-06-14 07:55:00,SHORT,0.52,0.51,tp,0.004025,1,0.8994,2
2022-06-14 08:00:00,SHORT,0.51,0.51,tp,0.004025,1,0.6576,2
2022-06-14 08:05:00,SHORT,0.51,0.51,tp,0.004025,1,0.7003,2
2022-06-14 08:15:00,SHORT,0.51,0.51,sl,-0.003991,0,0.6687,2
2022-06-14 09:10:00,SHORT,0.5,0.5,tp,0.004025,1,0.7692,2
2022-06-14 09:15:00,LONG,0.5,0.5,tp,0.004,1,0.7527,2
2022-06-14 10:35:00,SHORT,0.5,0.5,tp,0.004025,1,0.8074,2
2022-06-14 11:10:00,LONG,0.49,0.49,tp,0.004,1,0.8787,2
2022-06-14 11:20:00,SHORT,0.49,0.49,tp,0.004025,1,0.6999,2
2022-06-14 12:40:00,LONG,0.5,0.5,tp,0.004,1,0.8269,2
2022-06-14 13:00:00,LONG,0.5,0.5,sl,-0.004,0,0.7037,2
2022-06-14 13:10:00,LONG,0.5,0.51,tp,0.004,1,0.7291,2
2022-06-14 13:15:00,LONG,0.51,0.51,sl,-0.004,0,0.6951,2
2022-06-14 13:20:00,LONG,0.51,0.51,tp,0.004,1,0.6663,2
2022-06-14 13:25:00,SHORT,0.51,0.51,tp,0.004025,1,0.8224,2
2022-06-14 14:00:00,SHORT,0.5,0.5,tp,0.004025,1,0.6565,2
2022-06-14 14:40:00,LONG,0.49,0.5,tp,0.004,1,0.8239,2
2022-06-14 14:50:00,LONG,0.5,0.5,tp,0.004,1,0.6569,2
2022-06-14 15:00:00,SHORT,0.5,0.5,sl,-0.003991,0,0.7688,2
2022-06-14 15:15:00,LONG,0.5,0.5,sl,-0.004,0,0.7985,2
2022-06-14 15:30:00,LONG,0.5,0.5,tp,0.004,1,0.7699,2
2022-06-14 15:45:00,SHORT,0.51,0.5,tp,0.004025,1,0.7985,2
2022-06-14 16:10:00,LONG,0.5,0.5,tp,0.004,1,0.8464,2
2022-06-14 16:20:00,SHORT,0.5,0.5,tp,0.004025,1,0.6925,2
2022-06-14 17:05:00,SHORT,0.5,0.5,tp,0.004025,1,0.8025,2
2022-06-14 18:00:00,SHORT,0.49,0.49,sl,-0.003991,0,0.6914,2
2022-06-14 18:10:00,LONG,0.49,0.48,sl,-0.004,0,0.8591,2
2022-06-14 18:35:00,SHORT,0.49,0.49,tp,0.004025,1,0.7931,2
2022-06-14 20:00:00,LONG,0.48,0.47,sl,-0.004,0,0.7539,2
2022-06-14 20:25:00,LONG,0.47,0.47,tp,0.004,1,0.8949,2
2022-06-14 21:00:00,SHORT,0.47,0.47,tp,0.004025,1,0.8295,2
2022-06-14 21:20:00,LONG,0.46,0.47,tp,0.004,1,0.9037,2
2022-06-14 21:50:00,LONG,0.46,0.46,tp,0.004,1,0.9147,2
2022-06-14 22:30:00,LONG,0.47,0.47,tp,0.004,1,0.8512,2
2022-06-14 22:45:00,SHORT,0.47,0.47,sl,-0.003991,0,0.7763,2
2022-06-14 23:05:00,SHORT,0.48,0.47,tp,0.004025,1,0.8231,2
2022-06-14 23:35:00,SHORT,0.49,0.48,tp,0.004025,1,0.8547,2
2022-06-15 00:05:00,LONG,0.48,0.48,sl,-0.004,0,0.7288,2
2022-06-15 00:40:00,SHORT,0.49,0.48,tp,0.004025,1,0.6982,2
2022-06-15 00:55:00,LONG,0.48,0.48,sl,-0.004,0,0.6858,2
2022-06-15 01:10:00,SHORT,0.48,0.48,sl,-0.003991,0,0.6891,2
2022-06-15 01:40:00,SHORT,0.49,0.49,tp,0.004025,1,0.8646,2
2022-06-15 02:00:00,LONG,0.48,0.48,sl,-0.004,0,0.8067,2
2022-06-15 02:35:00,SHORT,0.48,0.47,tp,0.004025,1,0.6549,2
2022-06-15 02:40:00,LONG,0.47,0.48,tp,0.004,1,0.8929,2
2022-06-15 03:00:00,SHORT,0.48,0.48,tp,0.004025,1,0.7743,2
2022-06-15 03:50:00,SHORT,0.47,0.47,tp,0.004025,1,0.7459,2
2022-06-15 04:10:00,LONG,0.46,0.46,sl,-0.004,0,0.7197,2
2022-06-15 05:00:00,LONG,0.46,0.46,tp,0.004,1,0.834,2
2022-06-15 05:30:00,SHORT,0.46,0.46,sl,-0.003991,0,0.7755,2
2022-06-15 06:05:00,SHORT,0.46,0.46,tp,0.004025,1,0.6539,2
2022-06-15 06:20:00,LONG,0.46,0.46,tp,0.004,1,0.8402,2
2022-06-15 06:55:00,SHORT,0.47,0.46,tp,0.004025,1,0.8136,2
2022-06-15 07:30:00,LONG,0.46,0.46,sl,-0.004,0,0.6782,2
2022-06-15 07:50:00,SHORT,0.46,0.46,sl,-0.003991,0,0.6814,2
2022-06-15 08:10:00,LONG,0.45,0.45,tp,0.004,1,0.7406,2
2022-06-15 08:20:00,LONG,0.45,0.45,tp,0.004,1,0.9193,2
2022-06-15 08:35:00,SHORT,0.46,0.46,tp,0.004025,1,0.7937,2
2022-06-15 08:40:00,LONG,0.46,0.45,sl,-0.004,0,0.668,2
2022-06-15 08:45:00,LONG,0.46,0.46,tp,0.004,1,0.7697,2
2022-06-15 09:05:00,SHORT,0.46,0.46,tp,0.004025,1,0.812,2
2022-06-15 09:15:00,LONG,0.46,0.46,sl,-0.004,0,0.706,2
2022-06-15 10:15:00,LONG,0.47,0.47,tp,0.004,1,0.6946,2
2022-06-15 10:20:00,LONG,0.46,0.47,tp,0.004,1,0.725,2
2022-06-15 10:40:00,SHORT,0.47,0.47,tp,0.004025,1,0.8095,2
2022-06-15 11:05:00,LONG,0.47,0.47,tp,0.004,1,0.8032,2
2022-06-15 11:30:00,SHORT,0.48,0.48,sl,-0.003991,0,0.7273,2
2022-06-15 11:50:00,LONG,0.48,0.48,sl,-0.004,0,0.7357,2
2022-06-15 12:15:00,SHORT,0.48,0.48,tp,0.004025,1,0.663,2
2022-06-15 12:30:00,LONG,0.47,0.47,sl,-0.004,0,0.8084,2
2022-06-15 12:45:00,SHORT,0.48,0.48,sl,-0.003991,0,0.7894,2
2022-06-15 13:00:00,LONG,0.48,0.48,tp,0.004,1,0.7435,2
2022-06-15 13:35:00,LONG,0.48,0.48,tp,0.004,1,0.836,2
2022-06-15 13:50:00,SHORT,0.48,0.48,sl,-0.003991,0,0.6717,2
2022-06-15 14:05:00,SHORT,0.48,0.48,tp,0.004025,1,0.6899,2
2022-06-15 14:20:00,LONG,0.48,0.48,sl,-0.004,0,0.7934,2
2022-06-15 15:30:00,LONG,0.47,0.47,tp,0.004,1,0.8533,2
2022-06-15 15:45:00,SHORT,0.47,0.48,sl,-0.003991,0,0.7466,2
2022-06-15 16:10:00,SHORT,0.48,0.48,sl,-0.003991,0,0.6978,2
2022-06-15 17:00:00,SHORT,0.48,0.47,tp,0.004025,1,0.7861,2
2022-06-15 17:10:00,LONG,0.47,0.48,tp,0.004,1,0.8618,2
2022-06-15 17:20:00,SHORT,0.48,0.48,sl,-0.003991,0,0.7184,2
2022-06-15 17:30:00,LONG,0.48,0.48,sl,-0.004,0,0.7643,2
2022-06-15 17:55:00,LONG,0.49,0.49,tp,0.004,1,0.7964,2
2022-06-15 18:05:00,SHORT,0.47,0.47,tp,0.004025,1,0.7589,2
2022-06-15 18:10:00,LONG,0.47,0.47,tp,0.004,1,0.7255,2
2022-06-15 18:25:00,LONG,0.48,0.48,tp,0.004,1,0.6563,2
2022-06-15 18:35:00,LONG,0.49,0.5,tp,0.004,1,0.7684,2
2022-06-15 18:40:00,LONG,0.52,0.52,tp,0.004,1,0.7409,2
2022-06-15 18:45:00,SHORT,0.51,0.51,tp,0.004025,1,0.8044,2
2022-06-15 18:50:00,SHORT,0.5,0.5,tp,0.004025,1,0.759,2
2022-06-15 18:55:00,SHORT,0.5,0.5,sl,-0.003991,0,0.6655,2
2022-06-15 19:05:00,SHORT,0.51,0.51,tp,0.004025,1,0.8652,2
2022-06-15 19:20:00,SHORT,0.52,0.52,tp,0.004025,1,0.6849,2
2022-06-15 19:25:00,SHORT,0.52,0.52,tp,0.004025,1,0.675,2
2022-06-15 19:30:00,SHORT,0.53,0.52,tp,0.004025,1,0.7224,2
2022-06-15 19:45:00,SHORT,0.51,0.51,tp,0.004025,1,0.6696,2
2022-06-15 19:50:00,LONG,0.51,0.51,tp,0.004,1,0.7803,2
2022-06-15 20:10:00,SHORT,0.51,0.51,tp,0.004025,1,0.7298,2
2022-06-15 20:20:00,SHORT,0.51,0.51,tp,0.004025,1,0.6525,2
2022-06-15 20:45:00,SHORT,0.51,0.51,tp,0.004025,1,0.7755,2
2022-06-15 21:00:00,LONG,0.51,0.51,tp,0.004,1,0.7557,2
2022-06-15 21:20:00,SHORT,0.52,0.52,sl,-0.003991,0,0.7702,2
2022-06-15 21:30:00,LONG,0.52,0.52,tp,0.004,1,0.7475,2
2022-06-15 21:50:00,SHORT,0.53,0.53,tp,0.004025,1,0.709,2
2022-06-15 22:05:00,SHORT,0.53,0.53,sl,-0.003991,0,0.6889,2
2022-06-15 22:20:00,LONG,0.53,0.53,tp,0.004,1,0.7347,2
2022-06-15 22:25:00,SHORT,0.54,0.53,tp,0.004025,1,0.8129,2
2022-06-15 22:55:00,LONG,0.53,0.53,tp,0.004,1,0.8243,2
2022-06-15 23:20:00,SHORT,0.53,0.53,tp,0.004025,1,0.8509,2
2022-06-15 23:40:00,LONG,0.53,0.53,tp,0.004,1,0.6552,2
2022-06-16 00:00:00,SHORT,0.55,0.54,tp,0.004025,1,0.8797,2
2022-06-16 00:20:00,LONG,0.53,0.53,tp,0.004,1,0.8017,2
2022-06-16 00:35:00,SHORT,0.53,0.53,tp,0.004025,1,0.684,2
2022-06-16 01:15:00,SHORT,0.54,0.53,tp,0.004025,1,0.7555,2
2022-06-16 01:40:00,LONG,0.53,0.53,tp,0.004,1,0.8384,2
2022-06-16 01:55:00,LONG,0.52,0.53,tp,0.004,1,0.8319,2
2022-06-16 02:05:00,SHORT,0.53,0.53,tp,0.004025,1,0.7869,2
2022-06-16 02:40:00,LONG,0.53,0.53,tp,0.004,1,0.722,2
2022-06-16 03:00:00,SHORT,0.53,0.52,tp,0.004025,1,0.75,2
2022-06-16 03:15:00,LONG,0.52,0.52,tp,0.004,1,0.8678,2
2022-06-16 03:30:00,SHORT,0.52,0.52,tp,0.004025,1,0.805,2
2022-06-16 03:40:00,LONG,0.52,0.52,sl,-0.004,0,0.8109,2
2022-06-16 04:15:00,SHORT,0.52,0.52,tp,0.004025,1,0.6651,2
2022-06-16 04:50:00,LONG,0.51,0.52,tp,0.004,1,0.7731,2
2022-06-16 05:00:00,SHORT,0.52,0.51,tp,0.004025,1,0.7736,2
2022-06-16 05:05:00,LONG,0.51,0.52,tp,0.004,1,0.8416,2
2022-06-16 05:55:00,LONG,0.51,0.51,sl,-0.004,0,0.8582,2
2022-06-16 06:40:00,LONG,0.51,0.51,tp,0.004,1,0.7038,2
2022-06-16 06:55:00,LONG,0.51,0.51,tp,0.004,1,0.7006,2
2022-06-16 07:10:00,SHORT,0.51,0.51,tp,0.004025,1,0.6987,2
2022-06-16 07:40:00,LONG,0.51,0.5,sl,-0.004,0,0.7645,2
2022-06-16 07:55:00,SHORT,0.5,0.5,tp,0.004025,1,0.7184,2
2022-06-16 08:15:00,LONG,0.5,0.5,tp,0.004,1,0.8284,2
2022-06-16 08:35:00,SHORT,0.51,0.5,tp,0.004025,1,0.8441,2
2022-06-16 09:05:00,SHORT,0.5,0.49,tp,0.004025,1,0.664,2
2022-06-16 10:00:00,SHORT,0.49,0.49,tp,0.004025,1,0.731,2
2022-06-16 10:40:00,LONG,0.49,0.49,tp,0.004,1,0.6512,2
2022-06-16 10:55:00,SHORT,0.49,0.49,sl,-0.003991,0,0.8221,2
2022-06-16 11:15:00,SHORT,0.49,0.49,tp,0.004025,1,0.7127,2
2022-06-16 11:25:00,LONG,0.49,0.49,tp,0.004,1,0.6779,2
2022-06-16 11:30:00,SHORT,0.49,0.49,tp,0.004025,1,0.8279,2
2022-06-16 12:15:00,LONG,0.49,0.49,tp,0.004,1,0.8406,2
2022-06-16 12:25:00,LONG,0.5,0.5,tp,0.004,1,0.6547,2
2022-06-16 12:30:00,SHORT,0.5,0.5,tp,0.004025,1,0.7047,2
2022-06-16 12:55:00,LONG,0.49,0.49,tp,0.004,1,0.8566,2
2022-06-16 13:10:00,SHORT,0.5,0.49,tp,0.004025,1,0.7273,2
2022-06-16 13:15:00,LONG,0.49,0.5,tp,0.004,1,0.8647,2
2022-06-16 13:35:00,LONG,0.49,0.49,tp,0.004,1,0.9144,2
2022-06-16 13:40:00,LONG,0.49,0.49,tp,0.004,1,0.684,2
2022-06-16 13:45:00,LONG,0.49,0.49,sl,-0.004,0,0.6583,2
2022-06-16 13:50:00,SHORT,0.48,0.49,sl,-0.003991,0,0.6801,2
2022-06-16 14:00:00,LONG,0.48,0.48,tp,0.004,1,0.7195,2
2022-06-16 14:05:00,LONG,0.48,0.48,sl,-0.004,0,0.6842,2
2022-06-16 14:15:00,LONG,0.49,0.49,tp,0.004,1,0.6916,2
2022-06-16 14:30:00,SHORT,0.49,0.49,sl,-0.003991,0,0.8486,2
2022-06-16 14:50:00,LONG,0.49,0.49,tp,0.004,1,0.7403,2
2022-06-16 15:15:00,LONG,0.49,0.49,tp,0.004,1,0.7382,2
2022-06-16 16:45:00,SHORT,0.5,0.5,tp,0.004025,1,0.789,2
2022-06-16 17:15:00,SHORT,0.5,0.5,sl,-0.003991,0,0.7314,2
2022-06-16 17:30:00,SHORT,0.5,0.5,tp,0.004025,1,0.8601,2
2022-06-16 18:05:00,LONG,0.5,0.5,sl,-0.004,0,0.6587,2
2022-06-16 18:20:00,LONG,0.5,0.5,tp,0.004,1,0.685,2
2022-06-16 18:45:00,LONG,0.5,0.5,tp,0.004,1,0.8205,2
2022-06-16 19:00:00,SHORT,0.5,0.5,sl,-0.003991,0,0.7507,2
2022-06-16 19:10:00,LONG,0.5,0.5,sl,-0.004,0,0.7994,2
2022-06-16 19:35:00,LONG,0.48,0.49,tp,0.004,1,0.8763,2
2022-06-16 20:35:00,LONG,0.48,0.48,sl,-0.004,0,0.766,2
2022-06-16 21:00:00,SHORT,0.49,0.49,sl,-0.003991,0,0.8683,2
2022-06-16 21:25:00,SHORT,0.49,0.49,tp,0.004025,1,0.6574,2
2022-06-16 21:50:00,SHORT,0.49,0.49,tp,0.004025,1,0.698,2
2022-06-16 22:10:00,LONG,0.48,0.49,tp,0.004,1,0.8601,2
2022-06-16 22:15:00,SHORT,0.49,0.49,sl,-0.003991,0,0.7234,2
2022-06-16 23:10:00,LONG,0.47,0.47,sl,-0.004,0,0.9064,2
2022-06-16 23:15:00,LONG,0.47,0.47,tp,0.004,1,0.671,2
2022-06-16 23:30:00,SHORT,0.47,0.47,sl,-0.003991,0,0.7219,2
2022-06-16 23:40:00,LONG,0.47,0.47,tp,0.004,1,0.8047,2
2022-06-17 00:20:00,SHORT,0.48,0.48,tp,0.004025,1,0.7111,2
2022-06-17 00:40:00,LONG,0.47,0.48,tp,0.004,1,0.7915,2
2022-06-17 01:15:00,SHORT,0.48,0.48,tp,0.004025,1,0.8015,2
2022-06-17 01:30:00,LONG,0.48,0.48,tp,0.004,1,0.8132,2
2022-06-17 01:45:00,LONG,0.49,0.49,sl,-0.004,0,0.6515,2
2022-06-17 02:00:00,SHORT,0.49,0.49,tp,0.004025,1,0.723,2
2022-06-17 02:15:00,LONG,0.49,0.49,tp,0.004,1,0.7714,2
2022-06-17 03:00:00,LONG,0.49,0.49,tp,0.004,1,0.8275,2
2022-06-17 03:25:00,LONG,0.49,0.49,tp,0.004,1,0.7287,2
2022-06-17 03:30:00,SHORT,0.49,0.49,tp,0.004025,1,0.6857,2
2022-06-17 04:00:00,LONG,0.48,0.49,tp,0.004,1,0.8079,2
2022-06-17 04:20:00,SHORT,0.49,0.49,sl,-0.003991,0,0.8223,2
2022-06-17 04:30:00,LONG,0.49,0.49,tp,0.004,1,0.7779,2
2022-06-17 04:45:00,SHORT,0.49,0.49,tp,0.004025,1,0.8605,2
2022-06-17 05:30:00,SHORT,0.5,0.5,tp,0.004025,1,0.8278,2
2022-06-17 05:50:00,LONG,0.49,0.5,tp,0.004,1,0.7587,2
2022-06-17 06:20:00,LONG,0.49,0.5,tp,0.004,1,0.8168,2
2022-06-17 06:45:00,SHORT,0.5,0.5,tp,0.004025,1,0.6849,2
2022-06-17 06:50:00,LONG,0.5,0.5,sl,-0.004,0,0.6752,2
2022-06-17 07:10:00,LONG,0.5,0.5,tp,0.004,1,0.7063,2
2022-06-17 07:45:00,SHORT,0.5,0.5,sl,-0.003991,0,0.6799,2
2022-06-17 08:00:00,LONG,0.5,0.5,tp,0.004,1,0.7978,2
2022-06-17 09:00:00,LONG,0.49,0.5,tp,0.004,1,0.8594,2
2022-06-17 09:10:00,SHORT,0.5,0.49,tp,0.004025,1,0.745,2
2022-06-17 09:40:00,SHORT,0.49,0.49,tp,0.004025,1,0.6587,2
2022-06-17 09:50:00,LONG,0.49,0.49,sl,-0.004,0,0.7425,2
2022-06-17 10:10:00,SHORT,0.49,0.49,tp,0.004025,1,0.7462,2
2022-06-17 11:10:00,SHORT,0.5,0.5,tp,0.004025,1,0.8525,2
2022-06-17 11:35:00,SHORT,0.5,0.49,tp,0.004025,1,0.8122,2
2022-06-17 12:00:00,LONG,0.49,0.49,sl,-0.004,0,0.761,2
2022-06-17 12:25:00,LONG,0.49,0.49,sl,-0.004,0,0.8538,2
2022-06-17 12:40:00,SHORT,0.49,0.49,sl,-0.003991,0,0.7015,2
2022-06-17 13:45:00,LONG,0.49,0.49,tp,0.004,1,0.6578,2
2022-06-17 13:50:00,SHORT,0.49,0.49,tp,0.004025,1,0.8196,2
2022-06-17 14:20:00,LONG,0.48,0.48,tp,0.004,1,0.8515,2
2022-06-17 16:10:00,SHORT,0.49,0.49,tp,0.004025,1,0.8484,2
2022-06-17 17:15:00,SHORT,0.49,0.48,tp,0.004025,1,0.8073,2
2022-06-17 17:50:00,SHORT,0.49,0.49,tp,0.004025,1,0.6847,2
2022-06-17 18:20:00,SHORT,0.49,0.49,tp,0.004025,1,0.7414,2
2022-06-17 18:30:00,LONG,0.49,0.48,sl,-0.004,0,0.7084,2
2022-06-17 19:10:00,LONG,0.48,0.48,sl,-0.004,0,0.6597,2
2022-06-17 19:20:00,SHORT,0.49,0.48,tp,0.004025,1,0.7471,2
2022-06-17 19:30:00,LONG,0.48,0.48,tp,0.004,1,0.8375,2
2022-06-17 20:40:00,LONG,0.49,0.49,tp,0.004,1,0.7272,2
2022-06-17 21:05:00,SHORT,0.49,0.49,tp,0.004025,1,0.7794,2
2022-06-17 21:40:00,LONG,0.49,0.49,tp,0.004,1,0.7428,2
2022-06-17 22:05:00,SHORT,0.49,0.49,tp,0.004025,1,0.6576,2
2022-06-17 22:50:00,SHORT,0.49,0.49,sl,-0.003991,0,0.7263,2
2022-06-17 23:30:00,SHORT,0.49,0.49,tp,0.004025,1,0.719,2
2022-06-18 00:15:00,SHORT,0.49,0.49,sl,-0.003991,0,0.8386,2
2022-06-18 00:30:00,SHORT,0.49,0.49,tp,0.004025,1,0.8479,2
2022-06-18 00:55:00,LONG,0.49,0.49,sl,-0.004,0,0.7408,2
2022-06-18 01:05:00,SHORT,0.49,0.49,tp,0.004025,1,0.6865,2
2022-06-18 01:40:00,LONG,0.48,0.49,tp,0.004,1,0.8456,2
2022-06-18 01:50:00,SHORT,0.48,0.48,tp,0.004025,1,0.7078,2
2022-06-18 02:00:00,LONG,0.48,0.48,tp,0.004,1,0.8844,2
2022-06-18 02:30:00,LONG,0.48,0.48,sl,-0.004,0,0.6843,2
2022-06-18 02:45:00,LONG,0.48,0.49,tp,0.004,1,0.756,2
2022-06-18 03:15:00,LONG,0.48,0.49,tp,0.004,1,0.6951,2
2022-06-18 04:15:00,LONG,0.48,0.49,tp,0.004,1,0.7126,2
2022-06-18 06:10:00,SHORT,0.49,0.48,tp,0.004025,1,0.732,2
2022-06-18 06:50:00,SHORT,0.47,0.47,tp,0.004025,1,0.6598,2
2022-06-18 06:55:00,LONG,0.47,0.47,sl,-0.004,0,0.6848,2
2022-06-18 07:15:00,SHORT,0.46,0.46,tp,0.004025,1,0.678,2
2022-06-18 07:20:00,LONG,0.46,0.46,sl,-0.004,0,0.9133,2
2022-06-18 07:45:00,SHORT,0.46,0.46,tp,0.004025,1,0.8416,2
2022-06-18 08:15:00,LONG,0.45,0.45,tp,0.004,1,0.8983,2
2022-06-18 08:30:00,SHORT,0.46,0.46,tp,0.004025,1,0.7237,2
2022-06-18 09:30:00,SHORT,0.46,0.46,tp,0.004025,1,0.7137,2
2022-06-18 10:25:00,SHORT,0.47,0.47,tp,0.004025,1,0.7656,2
2022-06-18 10:55:00,SHORT,0.47,0.47,tp,0.004025,1,0.7299,2
2022-06-18 11:05:00,LONG,0.47,0.47,tp,0.004,1,0.8244,2
2022-06-18 11:25:00,SHORT,0.47,0.47,tp,0.004025,1,0.8518,2
2022-06-18 12:05:00,SHORT,0.47,0.47,sl,-0.003991,0,0.7314,2
2022-06-18 12:15:00,LONG,0.47,0.46,sl,-0.004,0,0.7101,2
2022-06-18 12:25:00,SHORT,0.47,0.47,sl,-0.003991,0,0.6592,2
2022-06-18 13:00:00,LONG,0.46,0.46,tp,0.004,1,0.866,2
2022-06-18 13:15:00,SHORT,0.47,0.46,tp,0.004025,1,0.7761,2
2022-06-18 13:40:00,LONG,0.46,0.47,tp,0.004,1,0.7379,2
2022-06-18 14:35:00,SHORT,0.46,0.46,tp,0.004025,1,0.7581,2
2022-06-18 15:05:00,LONG,0.46,0.46,sl,-0.004,0,0.6676,2
2022-06-18 15:35:00,SHORT,0.46,0.46,tp,0.004025,1,0.7432,2
2022-06-18 16:30:00,SHORT,0.46,0.46,tp,0.004025,1,0.6578,2
2022-06-18 16:45:00,LONG,0.45,0.46,tp,0.004,1,0.7242,2
2022-06-18 17:00:00,SHORT,0.46,0.46,tp,0.004025,1,0.7985,2
2022-06-18 17:40:00,LONG,0.45,0.45,sl,-0.004,0,0.6935,2
2022-06-18 18:15:00,SHORT,0.45,0.45,sl,-0.003991,0,0.6588,2
2022-06-18 18:30:00,LONG,0.44,0.44,tp,0.004,1,0.9144,2
2022-06-18 18:45:00,SHORT,0.45,0.44,tp,0.004025,1,0.6805,2
2022-06-18 19:15:00,SHORT,0.44,0.45,sl,-0.003991,0,0.7082,2
2022-06-18 19:40:00,SHORT,0.44,0.44,sl,-0.003991,0,0.6706,2
2022-06-18 20:05:00,LONG,0.43,0.43,tp,0.004,1,0.739,2
2022-06-18 20:10:00,LONG,0.43,0.43,tp,0.004,1,0.67,2
2022-06-18 20:15:00,SHORT,0.43,0.43,tp,0.004025,1,0.7963,2
2022-06-18 20:25:00,LONG,0.43,0.43,tp,0.004,1,0.7046,2
2022-06-18 20:30:00,LONG,0.43,0.43,tp,0.004,1,0.8302,2
2022-06-18 20:50:00,LONG,0.43,0.43,tp,0.004,1,0.6823,2
2022-06-18 21:00:00,SHORT,0.44,0.44,tp,0.004025,1,0.8963,2
2022-06-18 21:25:00,SHORT,0.45,0.45,tp,0.004025,1,0.8932,2
2022-06-18 21:40:00,SHORT,0.45,0.45,tp,0.004025,1,0.8134,2
2022-06-18 21:50:00,SHORT,0.45,0.45,tp,0.004025,1,0.6647,2
2022-06-18 22:00:00,LONG,0.45,0.45,tp,0.004,1,0.7608,2
2022-06-18 22:30:00,SHORT,0.46,0.46,sl,-0.003991,0,0.7684,2
2022-06-18 22:45:00,SHORT,0.46,0.46,sl,-0.003991,0,0.7015,2
2022-06-18 22:50:00,LONG,0.46,0.46,sl,-0.004,0,0.7583,2
2022-06-18 23:00:00,SHORT,0.46,0.46,tp,0.004025,1,0.779,2
2022-06-18 23:15:00,LONG,0.45,0.45,sl,-0.004,0,0.7615,2
2022-06-18 23:35:00,SHORT,0.46,0.45,tp,0.004025,1,0.6914,2
2022-06-18 23:40:00,LONG,0.45,0.46,tp,0.004,1,0.805,2
2022-06-19 00:15:00,LONG,0.46,0.46,tp,0.004,1,0.8101,2
2022-06-19 00:20:00,SHORT,0.46,0.46,sl,-0.003991,0,0.761,2
2022-06-19 00:50:00,LONG,0.45,0.45,tp,0.004,1,0.8232,2
2022-06-19 02:30:00,LONG,0.44,0.44,tp,0.004,1,0.8107,2
2022-06-19 02:45:00,SHORT,0.44,0.44,sl,-0.003991,0,0.6993,2
2022-06-19 03:10:00,SHORT,0.45,0.45,tp,0.004025,1,0.8596,2
2022-06-19 03:25:00,LONG,0.45,0.44,sl,-0.004,0,0.7916,2
2022-06-19 04:00:00,LONG,0.44,0.44,tp,0.004,1,0.8065,2
2022-06-19 04:10:00,SHORT,0.44,0.45,sl,-0.003991,0,0.7883,2
2022-06-19 04:50:00,LONG,0.45,0.45,tp,0.004,1,0.6643,2
2022-06-19 05:05:00,SHORT,0.45,0.44,tp,0.004025,1,0.6516,2
2022-06-19 05:35:00,LONG,0.44,0.44,tp,0.004,1,0.8997,2
2022-06-19 06:15:00,SHORT,0.44,0.44,tp,0.004025,1,0.8156,2
2022-06-19 06:30:00,SHORT,0.44,0.44,tp,0.004025,1,0.6561,2
2022-06-19 06:45:00,LONG,0.44,0.44,tp,0.004,1,0.7756,2
2022-06-19 07:00:00,LONG,0.44,0.44,tp,0.004,1,0.6654,2
2022-06-19 08:10:00,LONG,0.44,0.45,tp,0.004,1,0.8666,2
2022-06-19 08:30:00,SHORT,0.45,0.45,tp,0.004025,1,0.7893,2
2022-06-19 08:50:00,LONG,0.45,0.45,tp,0.004,1,0.6997,2
2022-06-19 08:55:00,SHORT,0.45,0.45,sl,-0.003991,0,0.8099,2
2022-06-19 09:15:00,SHORT,0.46,0.46,sl,-0.003991,0,0.7948,2
2022-06-19 09:30:00,SHORT,0.46,0.46,tp,0.004025,1,0.6851,2
2022-06-19 10:00:00,LONG,0.45,0.46,tp,0.004,1,0.7565,2
2022-06-19 10:20:00,SHORT,0.47,0.47,tp,0.004025,1,0.8757,2
2022-06-19 10:55:00,SHORT,0.47,0.47,tp,0.004025,1,0.6837,2
2022-06-19 11:20:00,LONG,0.47,0.47,tp,0.004,1,0.7489,2
2022-06-19 11:30:00,SHORT,0.47,0.47,tp,0.004025,1,0.8202,2
2022-06-19 11:45:00,LONG,0.47,0.46,sl,-0.004,0,0.764,2
2022-06-19 12:15:00,SHORT,0.47,0.47,tp,0.004025,1,0.6866,2
2022-06-19 12:30:00,LONG,0.47,0.46,sl,-0.004,0,0.6546,2
2022-06-19 12:55:00,LONG,0.46,0.46,tp,0.004,1,0.7984,2
2022-06-19 13:10:00,LONG,0.46,0.46,tp,0.004,1,0.8561,2
2022-06-19 13:15:00,SHORT,0.46,0.46,sl,-0.003991,0,0.7091,2
2022-06-19 13:55:00,LONG,0.46,0.46,tp,0.004,1,0.8612,2
2022-06-19 14:30:00,SHORT,0.46,0.46,sl,-0.003991,0,0.7467,2
2022-06-19 15:15:00,LONG,0.46,0.46,tp,0.004,1,0.7965,2
2022-06-19 15:30:00,LONG,0.47,0.47,tp,0.004,1,0.7036,2
2022-06-19 15:35:00,SHORT,0.47,0.47,tp,0.004025,1,0.8405,2
2022-06-19 15:45:00,LONG,0.47,0.47,tp,0.004,1,0.6767,2
2022-06-19 16:05:00,SHORT,0.47,0.47,tp,0.004025,1,0.6743,2
2022-06-19 16:45:00,LONG,0.46,0.46,tp,0.004,1,0.8181,2
2022-06-19 17:45:00,SHORT,0.46,0.46,tp,0.004025,1,0.7218,2
2022-06-19 17:55:00,LONG,0.46,0.46,tp,0.004,1,0.7868,2
2022-06-19 19:00:00,SHORT,0.47,0.47,tp,0.004025,1,0.751,2
2022-06-19 20:00:00,LONG,0.47,0.47,tp,0.004,1,0.7933,2
2022-06-19 20:30:00,SHORT,0.48,0.48,sl,-0.003991,0,0.767,2
2022-06-19 20:45:00,SHORT,0.49,0.48,tp,0.004025,1,0.7644,2
2022-06-19 21:20:00,LONG,0.48,0.48,tp,0.004,1,0.6739,2
2022-06-19 21:50:00,LONG,0.48,0.48,tp,0.004,1,0.864,2
2022-06-19 22:05:00,LONG,0.48,0.48,tp,0.004,1,0.8548,2
2022-06-19 22:25:00,SHORT,0.48,0.48,tp,0.004025,1,0.6595,2
2022-06-19 22:35:00,LONG,0.48,0.49,tp,0.004,1,0.7473,2
2022-06-19 22:55:00,SHORT,0.49,0.48,tp,0.004025,1,0.8681,2
2022-06-19 23:15:00,LONG,0.48,0.48,sl,-0.004,0,0.8278,2
2022-06-19 23:30:00,SHORT,0.48,0.48,sl,-0.003991,0,0.7202,2
2022-06-19 23:40:00,LONG,0.48,0.48,tp,0.004,1,0.8836,2
2022-06-20 00:15:00,LONG,0.48,0.48,sl,-0.004,0,0.6712,2
2022-06-20 01:00:00,SHORT,0.47,0.47,tp,0.004025,1,0.7057,2
2022-06-20 01:10:00,LONG,0.47,0.47,sl,-0.004,0,0.8761,2
2022-06-20 02:05:00,SHORT,0.47,0.47,tp,0.004025,1,0.7239,2
2022-06-20 03:25:00,SHORT,0.47,0.47,sl,-0.003991,0,0.835,2
2022-06-20 04:05:00,LONG,0.47,0.47,tp,0.004,1,0.6527,2
2022-06-20 04:25:00,SHORT,0.47,0.47,tp,0.004025,1,0.8458,2
2022-06-20 05:00:00,LONG,0.46,0.46,sl,-0.004,0,0.7611,2
2022-06-20 05:10:00,SHORT,0.47,0.46,tp,0.004025,1,0.699,2
2022-06-20 07:15:00,LONG,0.47,0.47,sl,-0.004,0,0.7517,2
2022-06-20 07:35:00,LONG,0.46,0.46,sl,-0.004,0,0.7858,2
2022-06-20 08:15:00,SHORT,0.47,0.48,sl,-0.003991,0,0.8155,2
2022-06-20 08:45:00,LONG,0.48,0.48,tp,0.004,1,0.8218,2
2022-06-20 09:10:00,SHORT,0.48,0.48,tp,0.004025,1,0.8763,2
2022-06-20 09:20:00,LONG,0.48,0.48,tp,0.004,1,0.7352,2
2022-06-20 10:15:00,LONG,0.49,0.49,tp,0.004,1,0.7332,2
2022-06-20 10:55:00,SHORT,0.5,0.5,tp,0.004025,1,0.8427,2
2022-06-20 11:50:00,SHORT,0.51,0.5,tp,0.004025,1,0.689,2
2022-06-20 12:30:00,LONG,0.49,0.5,tp,0.004,1,0.868,2
2022-06-20 13:00:00,SHORT,0.5,0.5,sl,-0.003991,0,0.7039,2
2022-06-20 13:25:00,SHORT,0.5,0.5,sl,-0.003991,0,0.7087,2
2022-06-20 13:45:00,LONG,0.49,0.49,tp,0.004,1,0.8754,2
2022-06-20 14:00:00,SHORT,0.49,0.5,sl,-0.003991,0,0.7761,2
2022-06-20 15:25:00,LONG,0.49,0.49,sl,-0.004,0,0.7602,2
2022-06-20 16:00:00,SHORT,0.5,0.49,tp,0.004025,1,0.6537,2
2022-06-20 16:20:00,LONG,0.49,0.5,tp,0.004,1,0.833,2
2022-06-20 16:30:00,SHORT,0.5,0.49,tp,0.004025,1,0.8203,2
2022-06-20 16:50:00,LONG,0.49,0.49,tp,0.004,1,0.8749,2
2022-06-20 17:20:00,SHORT,0.49,0.49,sl,-0.003991,0,0.6855,2
2022-06-20 18:15:00,LONG,0.48,0.49,tp,0.004,1,0.7645,2
2022-06-20 18:20:00,SHORT,0.48,0.49,sl,-0.003991,0,0.7561,2
2022-06-20 18:55:00,SHORT,0.48,0.48,tp,0.004025,1,0.7644,2
2022-06-20 19:05:00,LONG,0.48,0.48,tp,0.004,1,0.851,2
2022-06-20 19:20:00,SHORT,0.48,0.49,sl,-0.003991,0,0.7001,2
2022-06-20 19:45:00,SHORT,0.49,0.49,tp,0.004025,1,0.7989,2
2022-06-20 20:00:00,LONG,0.49,0.49,tp,0.004,1,0.766,2
2022-06-20 20:15:00,SHORT,0.49,0.49,sl,-0.003991,0,0.7038,2
2022-06-20 21:00:00,SHORT,0.5,0.49,tp,0.004025,1,0.8504,2
2022-06-20 21:15:00,LONG,0.49,0.49,sl,-0.004,0,0.7093,2
2022-06-20 21:45:00,LONG,0.48,0.49,tp,0.004,1,0.8699,2
2022-06-20 21:55:00,SHORT,0.49,0.48,tp,0.004025,1,0.7728,2
2022-06-20 22:15:00,LONG,0.48,0.48,tp,0.004,1,0.8112,2
2022-06-20 22:50:00,SHORT,0.49,0.49,sl,-0.003991,0,0.6599,2
2022-06-20 23:45:00,SHORT,0.49,0.49,tp,0.004025,1,0.823,2
2022-06-21 00:00:00,LONG,0.49,0.49,tp,0.004,1,0.7886,2
2022-06-21 00:30:00,LONG,0.49,0.49,tp,0.004,1,0.871,2
2022-06-21 01:15:00,SHORT,0.5,0.49,tp,0.004025,1,0.6848,2
2022-06-21 02:20:00,LONG,0.49,0.49,sl,-0.004,0,0.6568,2
2022-06-21 02:30:00,SHORT,0.49,0.49,tp,0.004025,1,0.6934,2
2022-06-21 03:05:00,LONG,0.49,0.49,tp,0.004,1,0.7409,2
2022-06-21 04:35:00,LONG,0.49,0.49,sl,-0.004,0,0.6792,2
2022-06-21 05:30:00,LONG,0.5,0.5,tp,0.004,1,0.714,2
2022-06-21 05:55:00,LONG,0.5,0.5,tp,0.004,1,0.7507,2
2022-06-21 06:05:00,SHORT,0.5,0.5,tp,0.004025,1,0.8435,2
2022-06-21 06:30:00,LONG,0.5,0.5,tp,0.004,1,0.7995,2
2022-06-21 07:15:00,LONG,0.5,0.5,tp,0.004,1,0.8467,2
2022-06-21 07:55:00,LONG,0.5,0.5,tp,0.004,1,0.6637,2
2022-06-21 08:45:00,LONG,0.5,0.5,tp,0.004,1,0.7601,2
2022-06-21 09:25:00,LONG,0.5,0.5,sl,-0.004,0,0.7802,2
2022-06-21 09:40:00,LONG,0.5,0.5,tp,0.004,1,0.8458,2
2022-06-21 09:45:00,SHORT,0.5,0.5,tp,0.004025,1,0.7714,2
2022-06-21 10:00:00,SHORT,0.5,0.5,tp,0.004025,1,0.6548,2
2022-06-21 10:20:00,LONG,0.5,0.5,tp,0.004,1,0.6649,2
2022-06-21 11:10:00,SHORT,0.51,0.51,tp,0.004025,1,0.7929,2
2022-06-21 12:10:00,LONG,0.5,0.5,tp,0.004,1,0.693,2
2022-06-21 12:25:00,LONG,0.5,0.5,tp,0.004,1,0.791,2
2022-06-21 13:20:00,LONG,0.5,0.5,tp,0.004,1,0.6653,2
2022-06-21 13:40:00,SHORT,0.51,0.51,tp,0.004025,1,0.8621,2
2022-06-21 13:55:00,SHORT,0.51,0.51,tp,0.004025,1,0.8062,2
2022-06-21 14:25:00,LONG,0.5,0.5,tp,0.004,1,0.8367,2
2022-06-21 15:20:00,LONG,0.5,0.5,sl,-0.004,0,0.8642,2
2022-06-21 15:30:00,SHORT,0.5,0.5,tp,0.004025,1,0.7581,2
2022-06-21 16:10:00,LONG,0.5,0.5,tp,0.004,1,0.6528,2
2022-06-21 16:35:00,SHORT,0.5,0.5,tp,0.004025,1,0.659,2
2022-06-21 18:05:00,LONG,0.49,0.49,tp,0.004,1,0.8615,2
2022-06-21 18:20:00,LONG,0.49,0.49,sl,-0.004,0,0.8069,2
2022-06-21 18:40:00,LONG,0.49,0.49,tp,0.004,1,0.7744,2
2022-06-21 18:50:00,SHORT,0.49,0.49,sl,-0.003991,0,0.7884,2
2022-06-21 18:55:00,LONG,0.49,0.49,tp,0.004,1,0.7248,2
2022-06-21 19:35:00,SHORT,0.49,0.49,tp,0.004025,1,0.7621,2
2022-06-21 20:10:00,LONG,0.48,0.48,tp,0.004,1,0.8788,2
2022-06-21 20:30:00,LONG,0.48,0.48,tp,0.004,1,0.7756,2
2022-06-21 20:40:00,SHORT,0.48,0.48,tp,0.004025,1,0.7391,2
2022-06-21 20:50:00,LONG,0.48,0.48,tp,0.004,1,0.7923,2
2022-06-21 21:55:00,SHORT,0.48,0.48,tp,0.004025,1,0.765,2
2022-06-21 22:10:00,LONG,0.48,0.48,tp,0.004,1,0.7774,2
2022-06-21 22:55:00,SHORT,0.48,0.48,sl,-0.003991,0,0.821,2
2022-06-21 23:25:00,LONG,0.48,0.48,tp,0.004,1,0.8536,2
2022-06-22 00:05:00,SHORT,0.47,0.47,tp,0.004025,1,0.6765,2
2022-06-22 00:15:00,LONG,0.47,0.48,tp,0.004,1,0.7027,2
2022-06-22 01:00:00,LONG,0.47,0.47,tp,0.004,1,0.7812,2
2022-06-22 01:25:00,LONG,0.48,0.47,sl,-0.004,0,0.7592,2
2022-06-22 01:30:00,SHORT,0.48,0.47,tp,0.004025,1,0.7348,2
2022-06-22 01:55:00,LONG,0.47,0.47,tp,0.004,1,0.8905,2
2022-06-22 02:10:00,LONG,0.47,0.47,tp,0.004,1,0.8327,2
2022-06-22 02:25:00,SHORT,0.47,0.47,sl,-0.003991,0,0.7994,2
2022-06-22 03:45:00,LONG,0.46,0.47,tp,0.004,1,0.8763,2
2022-06-22 04:15:00,SHORT,0.47,0.47,tp,0.004025,1,0.7916,2
2022-06-22 05:20:00,SHORT,0.47,0.47,tp,0.004025,1,0.7817,2
2022-06-22 05:35:00,LONG,0.47,0.47,sl,-0.004,0,0.6712,2
2022-06-22 06:30:00,LONG,0.46,0.47,tp,0.004,1,0.75,2
2022-06-22 06:45:00,SHORT,0.47,0.46,tp,0.004025,1,0.7733,2
2022-06-22 07:05:00,LONG,0.46,0.46,tp,0.004,1,0.8974,2
2022-06-22 09:00:00,SHORT,0.47,0.47,sl,-0.003991,0,0.8148,2
2022-06-22 09:25:00,LONG,0.47,0.47,tp,0.004,1,0.7114,2
2022-06-22 10:00:00,LONG,0.47,0.47,tp,0.004,1,0.7376,2
2022-06-22 10:35:00,SHORT,0.47,0.47,sl,-0.003991,0,0.6784,2
2022-06-22 10:45:00,LONG,0.47,0.47,tp,0.004,1,0.757,2
2022-06-22 11:10:00,LONG,0.47,0.48,tp,0.004,1,0.6601,2
2022-06-22 12:15:00,LONG,0.47,0.47,tp,0.004,1,0.7796,2
2022-06-22 12:35:00,SHORT,0.47,0.47,tp,0.004025,1,0.7293,2
2022-06-22 12:50:00,LONG,0.47,0.47,tp,0.004,1,0.7118,2
2022-06-22 14:00:00,SHORT,0.48,0.48,sl,-0.003991,0,0.7155,2
2022-06-22 14:25:00,SHORT,0.48,0.48,sl,-0.003991,0,0.7089,2
2022-06-22 14:45:00,LONG,0.47,0.47,sl,-0.004,0,0.8082,2
2022-06-22 15:05:00,LONG,0.47,0.47,sl,-0.004,0,0.8638,2
2022-06-22 15:25:00,LONG,0.47,0.47,tp,0.004,1,0.8687,2
2022-06-22 15:30:00,SHORT,0.47,0.47,tp,0.004025,1,0.6724,2
2022-06-22 16:05:00,LONG,0.47,0.46,sl,-0.004,0,0.8114,2
2022-06-22 16:35:00,SHORT,0.47,0.47,sl,-0.003991,0,0.7061,2
2022-06-22 16:45:00,LONG,0.47,0.47,tp,0.004,1,0.8279,2
2022-06-22 17:20:00,SHORT,0.47,0.47,tp,0.004025,1,0.6778,2
2022-06-22 17:40:00,LONG,0.47,0.47,tp,0.004,1,0.7606,2
2022-06-22 18:40:00,SHORT,0.47,0.47,tp,0.004025,1,0.8003,2
2022-06-22 19:45:00,LONG,0.46,0.47,tp,0.004,1,0.8546,2
2022-06-22 20:20:00,SHORT,0.47,0.47,tp,0.004025,1,0.7051,2
2022-06-22 21:35:00,LONG,0.46,0.46,tp,0.004,1,0.8398,2
2022-06-22 21:55:00,SHORT,0.46,0.46,sl,-0.003991,0,0.7014,2
2022-06-22 22:25:00,LONG,0.46,0.46,sl,-0.004,0,0.6837,2
2022-06-22 22:45:00,LONG,0.46,0.46,sl,-0.004,0,0.6687,2
2022-06-22 23:00:00,SHORT,0.46,0.46,tp,0.004025,1,0.6758,2
2022-06-22 23:30:00,SHORT,0.46,0.46,tp,0.004025,1,0.7091,2
2022-06-22 23:45:00,LONG,0.46,0.46,tp,0.004,1,0.8627,2
2022-06-23 00:00:00,LONG,0.46,0.46,tp,0.004,1,0.6611,2
2022-06-23 01:30:00,SHORT,0.47,0.47,tp,0.004025,1,0.6954,2
2022-06-23 01:50:00,LONG,0.47,0.47,tp,0.004,1,0.7736,2
2022-06-23 02:10:00,LONG,0.47,0.47,tp,0.004,1,0.7874,2
2022-06-23 02:50:00,SHORT,0.47,0.47,tp,0.004025,1,0.6664,2
2022-06-23 03:20:00,LONG,0.47,0.47,tp,0.004,1,0.6924,2
2022-06-23 03:30:00,SHORT,0.47,0.47,sl,-0.003991,0,0.7156,2
2022-06-23 03:40:00,LONG,0.47,0.47,tp,0.004,1,0.8276,2
2022-06-23 04:45:00,LONG,0.47,0.47,sl,-0.004,0,0.6594,2
2022-06-23 05:20:00,LONG,0.47,0.47,tp,0.004,1,0.6888,2
2022-06-23 06:55:00,LONG,0.47,0.47,sl,-0.004,0,0.728,2
2022-06-23 07:50:00,LONG,0.47,0.47,tp,0.004,1,0.7116,2
2022-06-23 08:10:00,SHORT,0.47,0.47,tp,0.004025,1,0.6829,2
2022-06-23 08:45:00,LONG,0.47,0.47,tp,0.004,1,0.7606,2
2022-06-23 09:40:00,LONG,0.47,0.47,tp,0.004,1,0.7222,2
2022-06-23 10:30:00,LONG,0.47,0.48,tp,0.004,1,0.6983,2
2022-06-23 11:40:00,LONG,0.47,0.47,tp,0.004,1,0.743,2
2022-06-23 12:50:00,LONG,0.47,0.47,sl,-0.004,0,0.818,2
2022-06-23 13:05:00,SHORT,0.47,0.47,tp,0.004025,1,0.704,2
2022-06-23 13:15:00,LONG,0.47,0.47,sl,-0.004,0,0.8271,2
2022-06-23 13:30:00,SHORT,0.47,0.47,tp,0.004025,1,0.757,2
2022-06-23 13:50:00,LONG,0.47,0.47,tp,0.004,1,0.8247,2
2022-06-23 14:10:00,LONG,0.47,0.47,tp,0.004,1,0.6702,2
2022-06-23 14:35:00,LONG,0.47,0.47,tp,0.004,1,0.7543,2
2022-06-23 15:35:00,LONG,0.46,0.47,tp,0.004,1,0.7811,2
2022-06-23 16:45:00,SHORT,0.47,0.47,tp,0.004025,1,0.7406,2
2022-06-23 17:15:00,SHORT,0.47,0.47,sl,-0.003991,0,0.6601,2
2022-06-23 17:30:00,SHORT,0.47,0.47,sl,-0.003991,0,0.7348,2
2022-06-23 20:20:00,SHORT,0.48,0.48,tp,0.004025,1,0.8393,2
2022-06-23 20:35:00,LONG,0.48,0.48,sl,-0.004,0,0.6926,2
2022-06-23 21:40:00,LONG,0.47,0.47,sl,-0.004,0,0.6635,2
2022-06-23 22:30:00,SHORT,0.48,0.48,tp,0.004025,1,0.6611,2
2022-06-23 23:35:00,SHORT,0.48,0.48,tp,0.004025,1,0.7599,2
2022-06-24 00:15:00,SHORT,0.48,0.48,tp,0.004025,1,0.7613,2
2022-06-24 00:35:00,LONG,0.48,0.48,tp,0.004,1,0.78,2
2022-06-24 00:50:00,LONG,0.48,0.48,tp,0.004,1,0.7932,2
2022-06-24 01:10:00,SHORT,0.5,0.49,tp,0.004025,1,0.8507,2
2022-06-24 01:20:00,SHORT,0.5,0.5,sl,-0.003991,0,0.6527,2
2022-06-24 01:25:00,SHORT,0.5,0.5,sl,-0.003991,0,0.7702,2
2022-06-24 01:30:00,SHORT,0.5,0.5,sl,-0.003991,0,0.6621,2
2022-06-24 02:00:00,SHORT,0.49,0.49,sl,-0.003991,0,0.6671,2
2022-06-24 02:25:00,SHORT,0.5,0.5,sl,-0.003991,0,0.6658,2
2022-06-24 02:35:00,SHORT,0.5,0.5,sl,-0.003991,0,0.7702,2
2022-06-24 02:55:00,LONG,0.49,0.5,tp,0.004,1,0.7304,2
2022-06-24 03:10:00,SHORT,0.5,0.49,tp,0.004025,1,0.7832,2
2022-06-24 03:35:00,LONG,0.49,0.49,tp,0.004,1,0.7654,2
2022-06-24 03:55:00,LONG,0.49,0.49,tp,0.004,1,0.6855,2
2022-06-24 04:05:00,SHORT,0.49,0.49,tp,0.004025,1,0.6541,2
2022-06-24 04:20:00,SHORT,0.49,0.49,tp,0.004025,1,0.7307,2
2022-06-24 04:35:00,LONG,0.49,0.49,tp,0.004,1,0.6742,2
2022-06-24 05:50:00,SHORT,0.49,0.49,tp,0.004025,1,0.672,2
2022-06-24 05:55:00,LONG,0.49,0.49,tp,0.004,1,0.704,2
2022-06-24 06:15:00,SHORT,0.49,0.49,sl,-0.003991,0,0.6624,2
2022-06-24 06:50:00,LONG,0.49,0.49,tp,0.004,1,0.7945,2
2022-06-24 07:45:00,SHORT,0.49,0.49,sl,-0.003991,0,0.7637,2
2022-06-24 08:35:00,SHORT,0.5,0.49,tp,0.004025,1,0.6927,2
2022-06-24 09:10:00,SHORT,0.5,0.49,tp,0.004025,1,0.6638,2
2022-06-24 11:40:00,SHORT,0.5,0.5,tp,0.004025,1,0.6588,2
2022-06-24 12:15:00,LONG,0.5,0.5,tp,0.004,1,0.6643,2
2022-06-24 12:25:00,SHORT,0.5,0.5,tp,0.004025,1,0.8489,2
2022-06-24 12:45:00,SHORT,0.5,0.5,tp,0.004025,1,0.7874,2
2022-06-24 12:50:00,LONG,0.5,0.5,tp,0.004,1,0.7643,2
2022-06-24 13:20:00,SHORT,0.51,0.5,tp,0.004025,1,0.7404,2
2022-06-24 13:55:00,LONG,0.5,0.5,tp,0.004,1,0.8006,2
2022-06-24 15:30:00,SHORT,0.49,0.49,tp,0.004025,1,0.7731,2
2022-06-24 15:35:00,LONG,0.49,0.49,sl,-0.004,0,0.8099,2
2022-06-24 16:35:00,LONG,0.49,0.49,tp,0.004,1,0.7272,2
2022-06-24 17:10:00,SHORT,0.5,0.5,tp,0.004025,1,0.8551,2
2022-06-24 17:30:00,SHORT,0.5,0.49,tp,0.004025,1,0.6781,2
2022-06-24 17:50:00,LONG,0.49,0.49,sl,-0.004,0,0.7589,2
2022-06-24 18:15:00,SHORT,0.49,0.5,sl,-0.003991,0,0.7613,2
2022-06-24 19:00:00,SHORT,0.5,0.5,tp,0.004025,1,0.7955,2
2022-06-24 20:10:00,SHORT,0.51,0.5,tp,0.004025,1,0.7858,2
2022-06-24 20:45:00,LONG,0.5,0.5,tp,0.004,1,0.7235,2
2022-06-24 20:50:00,SHORT,0.5,0.5,tp,0.004025,1,0.8037,2
2022-06-24 21:00:00,LONG,0.5,0.5,tp,0.004,1,0.6659,2
2022-06-24 21:35:00,LONG,0.5,0.5,tp,0.004,1,0.6945,2
2022-06-24 21:45:00,SHORT,0.51,0.5,tp,0.004025,1,0.7606,2
2022-06-24 22:35:00,SHORT,0.51,0.5,tp,0.004025,1,0.6769,2
2022-06-24 23:10:00,LONG,0.5,0.5,tp,0.004,1,0.7211,2
2022-06-24 23:30:00,SHORT,0.51,0.5,tp,0.004025,1,0.8199,2
2022-06-25 00:35:00,LONG,0.5,0.5,tp,0.004,1,0.7536,2
2022-06-25 00:45:00,SHORT,0.5,0.5,tp,0.004025,1,0.7147,2
2022-06-25 01:00:00,LONG,0.5,0.5,tp,0.004,1,0.7841,2
2022-06-25 02:30:00,LONG,0.5,0.5,sl,-0.004,0,0.8545,2
2022-06-25 02:35:00,SHORT,0.5,0.5,tp,0.004025,1,0.7281,2
2022-06-25 03:00:00,LONG,0.5,0.5,tp,0.004,1,0.8126,2
2022-06-25 03:30:00,LONG,0.5,0.5,tp,0.004,1,0.7452,2
2022-06-25 03:40:00,SHORT,0.5,0.5,tp,0.004025,1,0.7637,2
2022-06-25 04:25:00,LONG,0.5,0.5,tp,0.004,1,0.6751,2
2022-06-25 05:40:00,LONG,0.5,0.5,sl,-0.004,0,0.6657,2
2022-06-25 05:45:00,SHORT,0.5,0.5,tp,0.004025,1,0.7207,2
2022-06-25 09:30:00,SHORT,0.5,0.5,tp,0.004025,1,0.7318,2
2022-06-25 11:10:00,SHORT,0.5,0.5,tp,0.004025,1,0.7416,2
2022-06-25 11:25:00,SHORT,0.5,0.5,tp,0.004025,1,0.7616,2
2022-06-25 11:55:00,LONG,0.5,0.5,sl,-0.004,0,0.7217,2
2022-06-25 12:35:00,LONG,0.48,0.49,tp,0.004,1,0.8242,2
2022-06-25 12:45:00,SHORT,0.48,0.48,tp,0.004025,1,0.6543,2
2022-06-25 13:05:00,LONG,0.48,0.49,tp,0.004,1,0.7575,2
2022-06-25 13:45:00,SHORT,0.49,0.49,tp,0.004025,1,0.7594,2
2022-06-25 13:55:00,LONG,0.49,0.49,sl,-0.004,0,0.686,2
2022-06-25 14:25:00,LONG,0.48,0.49,tp,0.004,1,0.8315,2
2022-06-25 14:50:00,SHORT,0.49,0.48,tp,0.004025,1,0.7728,2
2022-06-25 15:05:00,LONG,0.48,0.49,tp,0.004,1,0.8101,2
2022-06-25 15:25:00,SHORT,0.49,0.48,tp,0.004025,1,0.7765,2
2022-06-25 15:55:00,LONG,0.48,0.48,tp,0.004,1,0.8122,2
2022-06-25 16:25:00,LONG,0.48,0.48,tp,0.004,1,0.7332,2
2022-06-25 16:35:00,SHORT,0.48,0.49,sl,-0.003991,0,0.7669,2
2022-06-25 17:50:00,SHORT,0.49,0.48,tp,0.004025,1,0.7311,2
2022-06-25 19:10:00,SHORT,0.49,0.49,tp,0.004025,1,0.6546,2
2022-06-25 20:25:00,SHORT,0.49,0.49,sl,-0.003991,0,0.6902,2
2022-06-25 21:55:00,SHORT,0.5,0.5,tp,0.004025,1,0.7887,2
2022-06-25 22:40:00,SHORT,0.5,0.5,timeout,0.000408,1,0.7549,2
2022-06-25 23:05:00,SHORT,0.5,0.5,timeout,0.000808,1,0.8321,2
2022-06-26 00:10:00,LONG,0.49,0.5,tp,0.004,1,0.7579,2
2022-06-26 02:10:00,LONG,0.5,0.5,tp,0.004,1,0.7257,2
2022-06-26 02:45:00,LONG,0.5,0.5,timeout,-0.000199,0,0.7415,2
2022-06-26 03:10:00,SHORT,0.5,0.5,timeout,0.0002,1,0.7123,2
2022-06-26 03:15:00,LONG,0.5,0.5,timeout,-0.001,0,0.6832,2
2022-06-26 03:30:00,LONG,0.5,0.5,timeout,-0.000198,0,0.7094,2
2022-06-26 04:15:00,SHORT,0.5,0.5,sl,-0.003991,0,0.7246,2
2022-06-26 06:35:00,LONG,0.52,0.52,sl,-0.004,0,0.7101,2
2022-06-26 07:00:00,SHORT,0.52,0.52,tp,0.004025,1,0.7827,2
2022-06-26 07:05:00,LONG,0.52,0.52,sl,-0.004,0,0.7463,2
2022-06-26 07:20:00,LONG,0.52,0.52,tp,0.004,1,0.6668,2
2022-06-26 07:35:00,SHORT,0.52,0.52,tp,0.004025,1,0.7975,2
2022-06-26 07:45:00,LONG,0.52,0.52,tp,0.004,1,0.7261,2
2022-06-26 08:05:00,LONG,0.52,0.52,sl,-0.004,0,0.7684,2
2022-06-26 08:25:00,LONG,0.52,0.52,sl,-0.004,0,0.8105,2
2022-06-26 08:40:00,LONG,0.52,0.52,tp,0.004,1,0.7859,2
2022-06-26 08:50:00,SHORT,0.52,0.52,tp,0.004025,1,0.8244,2
2022-06-26 09:05:00,SHORT,0.52,0.52,tp,0.004025,1,0.8338,2
2022-06-26 09:15:00,LONG,0.52,0.51,sl,-0.004,0,0.7325,2
2022-06-26 09:50:00,SHORT,0.51,0.52,sl,-0.003991,0,0.6569,2
2022-06-26 10:35:00,SHORT,0.52,0.52,sl,-0.003991,0,0.8261,2
2022-06-26 12:10:00,SHORT,0.52,0.52,tp,0.004025,1,0.6535,2
2022-06-26 12:45:00,SHORT,0.52,0.52,tp,0.004025,1,0.7858,2
2022-06-26 13:05:00,LONG,0.51,0.51,tp,0.004,1,0.8541,2
2022-06-26 13:30:00,SHORT,0.51,0.51,tp,0.004025,1,0.677,2
2022-06-26 13:35:00,LONG,0.51,0.51,tp,0.004,1,0.8683,2
2022-06-26 14:05:00,SHORT,0.51,0.51,tp,0.004025,1,0.7507,2
2022-06-26 14:20:00,LONG,0.51,0.51,sl,-0.004,0,0.7497,2
2022-06-26 14:30:00,SHORT,0.51,0.51,tp,0.004025,1,0.705,2
2022-06-26 14:35:00,LONG,0.51,0.51,sl,-0.004,0,0.7081,2
2022-06-26 15:05:00,LONG,0.5,0.51,tp,0.004,1,0.8199,2
2022-06-26 15:15:00,SHORT,0.5,0.51,sl,-0.003991,0,0.6994,2
2022-06-26 15:50:00,SHORT,0.51,0.51,tp,0.004025,1,0.7697,2
2022-06-26 16:45:00,SHORT,0.51,0.51,tp,0.004025,1,0.8027,2
2022-06-26 16:55:00,LONG,0.51,0.51,tp,0.004,1,0.6519,2
2022-06-26 17:25:00,LONG,0.5,0.5,sl,-0.004,0,0.6698,2
2022-06-26 18:30:00,SHORT,0.5,0.5,sl,-0.003991,0,0.7469,2
2022-06-26 18:40:00,LONG,0.5,0.5,tp,0.004,1,0.6723,2
2022-06-26 19:10:00,SHORT,0.5,0.5,sl,-0.003991,0,0.7021,2
2022-06-26 20:10:00,SHORT,0.5,0.5,tp,0.004025,1,0.7677,2
2022-06-26 20:55:00,SHORT,0.51,0.5,tp,0.004025,1,0.7424,2
2022-06-26 21:20:00,LONG,0.5,0.5,sl,-0.004,0,0.7049,2
2022-06-26 22:35:00,LONG,0.49,0.49,tp,0.004,1,0.848,2
2022-06-27 00:00:00,LONG,0.49,0.49,tp,0.004,1,0.6817,2
2022-06-27 00:05:00,SHORT,0.49,0.49,tp,0.004025,1,0.7698,2
2022-06-27 01:10:00,LONG,0.49,0.49,tp,0.004,1,0.6525,2
2022-06-27 01:20:00,SHORT,0.5,0.5,sl,-0.003991,0,0.8438,2
2022-06-27 02:10:00,LONG,0.5,0.5,tp,0.004,1,0.683,2
2022-06-27 03:55:00,SHORT,0.5,0.5,sl,-0.003991,0,0.6602,2
2022-06-27 04:20:00,SHORT,0.5,0.5,sl,-0.003991,0,0.7227,2
2022-06-27 06:25:00,LONG,0.5,0.5,sl,-0.004,0,0.7264,2
2022-06-27 12:05:00,SHORT,0.5,0.5,tp,0.004025,1,0.7315,2
2022-06-27 12:20:00,SHORT,0.5,0.5,tp,0.004025,1,0.6516,2
2022-06-27 12:50:00,LONG,0.5,0.5,tp,0.004,1,0.8063,2
2022-06-27 13:10:00,SHORT,0.5,0.5,tp,0.004025,1,0.7102,2
2022-06-27 13:45:00,LONG,0.49,0.49,sl,-0.004,0,0.8118,2
2022-06-27 14:15:00,SHORT,0.49,0.49,sl,-0.003991,0,0.749,2
2022-06-27 15:30:00,SHORT,0.49,0.49,sl,-0.003991,0,0.7197,2
2022-06-27 17:50:00,LONG,0.48,0.48,sl,-0.004,0,0.7804,2
2022-06-27 18:05:00,LONG,0.48,0.48,tp,0.004,1,0.6742,2
2022-06-27 18:30:00,SHORT,0.49,0.49,tp,0.004025,1,0.7717,2
2022-06-27 21:10:00,SHORT,0.49,0.49,sl,-0.003991,0,0.7426,2
2022-06-28 00:15:00,SHORT,0.49,0.49,tp,0.004025,1,0.7689,2
2022-06-28 00:20:00,LONG,0.49,0.49,sl,-0.004,0,0.6509,2
2022-06-28 00:40:00,LONG,0.48,0.48,tp,0.004,1,0.7432,2
2022-06-28 01:10:00,SHORT,0.48,0.48,tp,0.004025,1,0.6951,2
2022-06-28 01:30:00,LONG,0.48,0.48,sl,-0.004,0,0.6999,2
2022-06-28 01:55:00,LONG,0.48,0.48,sl,-0.004,0,0.7146,2
2022-06-28 02:10:00,LONG,0.48,0.48,tp,0.004,1,0.6821,2
2022-06-28 02:50:00,SHORT,0.48,0.48,sl,-0.003991,0,0.765,2
2022-06-28 05:55:00,LONG,0.48,0.48,tp,0.004,1,0.7076,2
2022-06-28 07:10:00,SHORT,0.49,0.49,timeout,-0.000773,0,0.6565,2
2022-06-28 09:05:00,SHORT,0.5,0.49,tp,0.004025,1,0.7922,2
2022-06-28 09:40:00,LONG,0.49,0.49,tp,0.004,1,0.7828,2
2022-06-28 10:30:00,SHORT,0.49,0.49,tp,0.004025,1,0.7757,2
2022-06-28 11:30:00,SHORT,0.49,0.49,tp,0.004025,1,0.7326,2
2022-06-28 11:50:00,LONG,0.49,0.49,sl,-0.004,0,0.6687,2
2022-06-28 12:35:00,LONG,0.49,0.49,tp,0.004,1,0.7965,2
2022-06-28 13:35:00,SHORT,0.5,0.49,tp,0.004025,1,0.7703,2
2022-06-28 13:50:00,SHORT,0.5,0.49,tp,0.004025,1,0.6694,2
2022-06-28 14:45:00,LONG,0.49,0.49,sl,-0.004,0,0.8344,2
2022-06-28 16:05:00,LONG,0.48,0.48,tp,0.004,1,0.6939,2
2022-06-28 17:30:00,SHORT,0.48,0.48,tp,0.004025,1,0.7117,2
2022-06-28 18:30:00,LONG,0.47,0.47,tp,0.004,1,0.8345,2
2022-06-28 18:45:00,SHORT,0.48,0.47,tp,0.004025,1,0.6596,2
2022-06-28 19:15:00,LONG,0.47,0.47,sl,-0.004,0,0.6723,2
2022-06-28 20:25:00,SHORT,0.48,0.48,sl,-0.003991,0,0.7396,2
2022-06-28 20:50:00,SHORT,0.48,0.48,sl,-0.003991,0,0.6798,2
2022-06-28 21:00:00,LONG,0.48,0.48,tp,0.004,1,0.6504,2
2022-06-28 22:05:00,LONG,0.48,0.47,sl,-0.004,0,0.6811,2
2022-06-28 22:20:00,SHORT,0.48,0.47,tp,0.004025,1,0.6954,2
2022-06-28 22:30:00,LONG,0.47,0.47,tp,0.004,1,0.8747,2
2022-06-28 23:00:00,LONG,0.47,0.47,tp,0.004,1,0.7257,2
2022-06-28 23:20:00,SHORT,0.47,0.47,tp,0.004025,1,0.6833,2
2022-06-28 23:35:00,LONG,0.47,0.47,sl,-0.004,0,0.7247,2
2022-06-29 01:15:00,SHORT,0.47,0.48,sl,-0.003991,0,0.735,2
2022-06-29 02:25:00,LONG,0.47,0.47,tp,0.004,1,0.6661,2
2022-06-29 03:10:00,SHORT,0.48,0.47,tp,0.004025,1,0.7388,2
2022-06-29 03:30:00,SHORT,0.47,0.47,tp,0.004025,1,0.6537,2
2022-06-29 03:45:00,LONG,0.47,0.47,tp,0.004,1,0.8304,2
2022-06-29 04:10:00,SHORT,0.47,0.47,tp,0.004025,1,0.7167,2
2022-06-29 06:50:00,LONG,0.46,0.47,tp,0.004,1,0.7706,2
2022-06-29 07:10:00,LONG,0.46,0.47,tp,0.004,1,0.6608,2
2022-06-29 08:05:00,SHORT,0.47,0.47,tp,0.004025,1,0.6706,2
2022-06-29 09:00:00,LONG,0.47,0.47,tp,0.004,1,0.8223,2
2022-06-29 09:30:00,SHORT,0.47,0.47,tp,0.004025,1,0.6774,2
2022-06-29 10:30:00,LONG,0.47,0.47,sl,-0.004,0,0.7422,2
2022-06-29 11:50:00,LONG,0.47,0.47,tp,0.004,1,0.7967,2
2022-06-29 12:35:00,LONG,0.46,0.47,tp,0.004,1,0.8255,2
2022-06-29 12:45:00,SHORT,0.47,0.47,sl,-0.003991,0,0.6526,2
2022-06-29 12:55:00,LONG,0.46,0.47,tp,0.004,1,0.8633,2
2022-06-29 13:25:00,SHORT,0.47,0.47,tp,0.004025,1,0.7366,2
2022-06-29 14:15:00,LONG,0.47,0.47,tp,0.004,1,0.8119,2
2022-06-29 14:30:00,SHORT,0.47,0.47,sl,-0.003991,0,0.7093,2
2022-06-29 14:45:00,SHORT,0.47,0.47,tp,0.004025,1,0.6747,2
2022-06-29 15:50:00,SHORT,0.47,0.46,tp,0.004025,1,0.7957,2
2022-06-29 16:25:00,SHORT,0.46,0.46,sl,-0.003991,0,0.6694,2
2022-06-29 16:35:00,LONG,0.46,0.46,tp,0.004,1,0.6965,2
2022-06-29 16:50:00,LONG,0.46,0.46,tp,0.004,1,0.8297,2
2022-06-29 17:15:00,LONG,0.46,0.46,tp,0.004,1,0.7201,2
2022-06-29 18:10:00,SHORT,0.47,0.46,tp,0.004025,1,0.7465,2
2022-06-29 18:20:00,LONG,0.47,0.46,sl,-0.004,0,0.7051,2
2022-06-29 18:45:00,LONG,0.46,0.47,tp,0.004,1,0.7081,2
2022-06-29 19:00:00,LONG,0.46,0.47,tp,0.004,1,0.6588,2
2022-06-29 20:15:00,SHORT,0.47,0.47,tp,0.004025,1,0.8273,2
2022-06-29 20:40:00,LONG,0.47,0.47,tp,0.004,1,0.7271,2
2022-06-29 22:30:00,LONG,0.47,0.47,tp,0.004,1,0.6951,2
2022-06-30 00:10:00,SHORT,0.47,0.46,tp,0.004025,1,0.679,2
2022-06-30 00:15:00,LONG,0.47,0.46,sl,-0.004,0,0.6972,2
2022-06-30 00:40:00,LONG,0.46,0.46,tp,0.004,1,0.6976,2
2022-06-30 01:10:00,SHORT,0.46,0.46,tp,0.004025,1,0.7536,2
2022-06-30 01:20:00,LONG,0.46,0.46,tp,0.004,1,0.8627,2
2022-06-30 02:10:00,SHORT,0.46,0.46,sl,-0.003991,0,0.7098,2
2022-06-30 02:50:00,LONG,0.46,0.46,timeout,-0.002,0,0.6695,2
2022-06-30 02:55:00,SHORT,0.46,0.46,timeout,-0.001136,0,0.6845,2
2022-06-30 03:20:00,LONG,0.46,0.46,tp,0.004,1,0.7233,2
2022-06-30 04:20:00,SHORT,0.47,0.46,tp,0.004025,1,0.7481,2
2022-06-30 05:30:00,SHORT,0.46,0.46,tp,0.004025,1,0.6996,2
2022-06-30 06:20:00,SHORT,0.46,0.46,tp,0.004025,1,0.7157,2
2022-06-30 06:30:00,LONG,0.45,0.45,sl,-0.004,0,0.848,2
2022-06-30 06:55:00,SHORT,0.45,0.45,sl,-0.003991,0,0.7228,2
2022-06-30 07:15:00,LONG,0.45,0.45,tp,0.004,1,0.6681,2
2022-06-30 07:55:00,SHORT,0.45,0.45,tp,0.004025,1,0.7063,2
2022-06-30 08:25:00,LONG,0.45,0.45,sl,-0.004,0,0.7457,2
2022-06-30 08:55:00,SHORT,0.45,0.44,tp,0.004025,1,0.6968,2
2022-06-30 10:50:00,LONG,0.44,0.44,tp,0.004,1,0.8468,2
2022-06-30 11:45:00,LONG,0.44,0.44,tp,0.004,1,0.8694,2
2022-06-30 12:30:00,SHORT,0.44,0.44,tp,0.004025,1,0.7146,2
2022-06-30 12:45:00,SHORT,0.45,0.45,sl,-0.003991,0,0.8023,2
2022-06-30 12:55:00,LONG,0.45,0.45,tp,0.004,1,0.7016,2
2022-06-30 13:40:00,LONG,0.44,0.44,tp,0.004,1,0.9035,2
2022-06-30 13:55:00,LONG,0.44,0.44,tp,0.004,1,0.8974,2
2022-06-30 14:10:00,SHORT,0.44,0.44,sl,-0.003991,0,0.6836,2
2022-06-30 14:30:00,SHORT,0.44,0.44,sl,-0.003991,0,0.8,2
2022-06-30 14:45:00,LONG,0.44,0.44,tp,0.004,1,0.6609,2
2022-06-30 15:45:00,SHORT,0.45,0.44,tp,0.004025,1,0.7399,2
2022-06-30 16:00:00,SHORT,0.45,0.45,sl,-0.003991,0,0.821,2
2022-06-30 16:30:00,SHORT,0.45,0.45,tp,0.004025,1,0.6754,2
2022-06-30 17:05:00,LONG,0.45,0.45,tp,0.004,1,0.7417,2
2022-06-30 17:35:00,SHORT,0.45,0.45,tp,0.004025,1,0.7173,2
2022-06-30 18:40:00,LONG,0.44,0.45,tp,0.004,1,0.8684,2
2022-06-30 19:00:00,SHORT,0.44,0.45,sl,-0.003991,0,0.729,2
2022-06-30 19:15:00,LONG,0.44,0.45,tp,0.004,1,0.7165,2
2022-06-30 19:50:00,LONG,0.44,0.45,tp,0.004,1,0.7651,2
2022-06-30 20:45:00,LONG,0.44,0.44,tp,0.004,1,0.8879,2
2022-06-30 21:40:00,LONG,0.44,0.44,sl,-0.004,0,0.8141,2
2022-06-30 22:05:00,LONG,0.44,0.44,tp,0.004,1,0.8555,2
2022-06-30 22:50:00,SHORT,0.45,0.45,tp,0.004025,1,0.6721,2
2022-06-30 22:55:00,LONG,0.45,0.45,sl,-0.004,0,0.7138,2
2022-07-01 00:10:00,SHORT,0.46,0.46,sl,-0.003991,0,0.7378,3
2022-07-01 00:30:00,SHORT,0.47,0.47,tp,0.004025,1,0.6899,3
2022-07-01 00:45:00,SHORT,0.47,0.47,sl,-0.003991,0,0.7143,3
2022-07-01 01:05:00,SHORT,0.47,0.47,tp,0.004025,1,0.6612,3
2022-07-01 01:10:00,LONG,0.47,0.46,sl,-0.004,0,0.7306,3
2022-07-01 01:30:00,LONG,0.47,0.47,tp,0.004,1,0.7363,3
2022-07-01 01:40:00,SHORT,0.47,0.47,sl,-0.003991,0,0.7731,3
2022-07-01 02:10:00,SHORT,0.47,0.47,tp,0.004025,1,0.7194,3
2022-07-01 02:50:00,SHORT,0.47,0.47,tp,0.004025,1,0.7036,3
2022-07-01 03:20:00,LONG,0.47,0.46,sl,-0.004,0,0.6527,3
2022-07-01 03:35:00,SHORT,0.47,0.46,tp,0.004025,1,0.6747,3
2022-07-01 04:15:00,LONG,0.45,0.45,tp,0.004,1,0.8042,3
2022-07-01 04:20:00,SHORT,0.45,0.45,sl,-0.003991,0,0.6701,3
2022-07-01 04:45:00,LONG,0.45,0.45,tp,0.004,1,0.8139,3
2022-07-01 04:50:00,SHORT,0.45,0.45,tp,0.004025,1,0.7645,3
2022-07-01 05:20:00,SHORT,0.45,0.45,tp,0.004025,1,0.8027,3
2022-07-01 05:45:00,SHORT,0.45,0.45,tp,0.004025,1,0.7069,3
2022-07-01 06:20:00,LONG,0.45,0.45,tp,0.004,1,0.6513,3
2022-07-01 07:00:00,LONG,0.45,0.45,tp,0.004,1,0.6859,3
2022-07-01 07:40:00,LONG,0.45,0.46,tp,0.004,1,0.7114,3
2022-07-01 07:50:00,SHORT,0.46,0.46,tp,0.004025,1,0.8052,3
2022-07-01 08:05:00,LONG,0.45,0.46,tp,0.004,1,0.697,3
2022-07-01 08:20:00,SHORT,0.46,0.46,tp,0.004025,1,0.8155,3
2022-07-01 08:55:00,LONG,0.46,0.45,sl,-0.004,0,0.7393,3
2022-07-01 09:10:00,LONG,0.46,0.45,sl,-0.004,0,0.7165,3
2022-07-01 09:20:00,SHORT,0.46,0.45,tp,0.004025,1,0.7223,3
2022-07-01 09:40:00,LONG,0.45,0.45,sl,-0.004,0,0.6921,3
2022-07-01 10:00:00,SHORT,0.45,0.45,sl,-0.003991,0,0.6853,3
2022-07-01 11:35:00,SHORT,0.45,0.45,sl,-0.003991,0,0.6772,3
2022-07-01 12:00:00,SHORT,0.45,0.44,tp,0.004025,1,0.7231,3
2022-07-01 12:20:00,LONG,0.44,0.45,tp,0.004,1,0.6598,3
2022-07-01 12:50:00,SHORT,0.45,0.45,sl,-0.003991,0,0.687,3
2022-07-01 13:35:00,LONG,0.45,0.45,tp,0.004,1,0.6583,3
2022-07-01 13:45:00,SHORT,0.45,0.45,tp,0.004025,1,0.6715,3
2022-07-01 14:30:00,LONG,0.44,0.45,tp,0.004,1,0.741,3
2022-07-01 14:40:00,SHORT,0.45,0.45,sl,-0.003991,0,0.766,3
2022-07-01 15:00:00,LONG,0.44,0.45,tp,0.004,1,0.7552,3
2022-07-01 15:15:00,SHORT,0.45,0.44,tp,0.004025,1,0.6628,3
2022-07-01 15:40:00,SHORT,0.45,0.44,tp,0.004025,1,0.6542,3
2022-07-01 16:25:00,SHORT,0.45,0.45,tp,0.004025,1,0.73,3
2022-07-01 16:35:00,LONG,0.45,0.45,tp,0.004,1,0.6642,3
2022-07-01 16:50:00,SHORT,0.45,0.45,tp,0.004025,1,0.7216,3
2022-07-01 17:15:00,SHORT,0.45,0.45,sl,-0.003991,0,0.707,3
2022-07-01 17:35:00,SHORT,0.45,0.45,timeout,-0.001555,0,0.6647,3
2022-07-01 18:30:00,SHORT,0.45,0.45,tp,0.004025,1,0.6785,3
2022-07-01 20:55:00,LONG,0.45,0.45,sl,-0.004,0,0.6935,3
2022-07-01 23:20:00,SHORT,0.45,0.45,tp,0.004025,1,0.6555,3
2022-07-02 00:15:00,SHORT,0.45,0.45,tp,0.004025,1,0.7755,3
2022-07-02 00:20:00,LONG,0.45,0.45,tp,0.004,1,0.7075,3
2022-07-02 00:35:00,SHORT,0.45,0.45,sl,-0.003991,0,0.689,3
2022-07-02 01:40:00,LONG,0.45,0.45,tp,0.004,1,0.6926,3
2022-07-02 01:45:00,SHORT,0.45,0.45,tp,0.004025,1,0.7859,3
2022-07-02 02:30:00,LONG,0.45,0.44,sl,-0.004,0,0.7493,3
2022-07-02 03:00:00,SHORT,0.45,0.44,tp,0.004025,1,0.6517,3
2022-07-02 12:40:00,SHORT,0.45,0.45,tp,0.004025,1,0.6785,3
2022-07-02 12:55:00,SHORT,0.45,0.45,tp,0.004025,1,0.6523,3
2022-07-02 14:35:00,SHORT,0.45,0.45,tp,0.004025,1,0.6571,3
2022-07-02 19:40:00,SHORT,0.46,0.46,tp,0.004025,1,0.7552,3
2022-07-02 19:50:00,LONG,0.46,0.46,tp,0.004,1,0.7045,3
2022-07-02 21:55:00,SHORT,0.46,0.46,sl,-0.003991,0,0.662,3
2022-07-02 22:35:00,SHORT,0.46,0.46,tp,0.004025,1,0.6604,3
2022-07-02 23:40:00,SHORT,0.46,0.45,tp,0.004025,1,0.652,3
2022-07-03 07:30:00,LONG,0.45,0.45,sl,-0.004,0,0.6698,3
2022-07-03 20:00:00,SHORT,0.46,0.46,tp,0.004025,1,0.6875,3
2022-07-03 20:15:00,LONG,0.46,0.46,timeout,-0.002655,0,0.6608,3
2022-07-04 11:55:00,SHORT,0.47,0.46,tp,0.004025,1,0.7539,3
2022-07-04 12:10:00,LONG,0.46,0.47,tp,0.004,1,0.7115,3
2022-07-04 12:20:00,SHORT,0.47,0.47,tp,0.004025,1,0.7414,3
2022-07-04 12:40:00,LONG,0.47,0.46,sl,-0.004,0,0.7165,3
2022-07-04 12:50:00,SHORT,0.47,0.46,tp,0.004025,1,0.6526,3
2022-07-04 13:40:00,LONG,0.46,0.46,tp,0.004,1,0.7213,3
2022-07-04 14:05:00,LONG,0.46,0.46,tp,0.004,1,0.6723,3
2022-07-04 14:20:00,SHORT,0.46,0.46,sl,-0.003991,0,0.7295,3
2022-07-04 15:55:00,LONG,0.45,0.45,sl,-0.004,0,0.6851,3
2022-07-04 16:30:00,LONG,0.46,0.46,tp,0.004,1,0.7603,3
2022-07-04 18:15:00,SHORT,0.46,0.46,tp,0.004025,1,0.6916,3
2022-07-04 18:50:00,SHORT,0.46,0.46,tp,0.004025,1,0.7105,3
2022-07-04 19:40:00,LONG,0.46,0.46,tp,0.004,1,0.6791,3
2022-07-04 22:50:00,SHORT,0.47,0.47,sl,-0.003991,0,0.6974,3
2022-07-04 23:30:00,LONG,0.47,0.47,tp,0.004,1,0.6885,3
2022-07-05 00:10:00,SHORT,0.47,0.47,tp,0.004025,1,0.7928,3
2022-07-05 00:50:00,SHORT,0.47,0.47,tp,0.004025,1,0.7275,3
2022-07-05 01:25:00,LONG,0.46,0.47,tp,0.004,1,0.685,3
2022-07-05 01:45:00,SHORT,0.47,0.46,tp,0.004025,1,0.7473,3
2022-07-05 02:25:00,SHORT,0.47,0.46,tp,0.004025,1,0.6663,3
2022-07-05 06:10:00,SHORT,0.47,0.47,tp,0.004025,1,0.655,3
2022-07-05 07:35:00,LONG,0.47,0.46,sl,-0.004,0,0.6698,3
2022-07-05 08:45:00,LONG,0.46,0.46,sl,-0.004,0,0.6715,3
2022-07-05 10:00:00,LONG,0.45,0.46,tp,0.004,1,0.7179,3
2022-07-05 10:10:00,SHORT,0.46,0.46,sl,-0.003991,0,0.6595,3
2022-07-05 10:30:00,SHORT,0.46,0.45,tp,0.004025,1,0.6782,3
2022-07-05 10:50:00,SHORT,0.46,0.46,sl,-0.003991,0,0.6785,3
2022-07-05 11:15:00,SHORT,0.46,0.45,tp,0.004025,1,0.658,3
2022-07-05 12:00:00,LONG,0.45,0.45,sl,-0.004,0,0.6906,3
2022-07-05 12:45:00,SHORT,0.45,0.45,tp,0.004025,1,0.6932,3
2022-07-05 13:55:00,LONG,0.45,0.45,tp,0.004,1,0.6655,3
2022-07-05 14:20:00,SHORT,0.45,0.45,tp,0.004025,1,0.676,3
2022-07-05 14:35:00,SHORT,0.45,0.45,tp,0.004025,1,0.6627,3
2022-07-05 15:00:00,SHORT,0.45,0.45,tp,0.004025,1,0.6975,3
2022-07-05 15:35:00,LONG,0.45,0.45,tp,0.004,1,0.6823,3
2022-07-05 19:10:00,SHORT,0.46,0.46,sl,-0.003991,0,0.7155,3
2022-07-05 19:50:00,SHORT,0.46,0.46,tp,0.004025,1,0.711,3
2022-07-05 20:10:00,SHORT,0.46,0.46,tp,0.004025,1,0.7549,3
2022-07-05 20:45:00,LONG,0.46,0.46,sl,-0.004,0,0.7136,3
2022-07-05 21:10:00,LONG,0.46,0.46,tp,0.004,1,0.7248,3
2022-07-05 22:05:00,SHORT,0.46,0.46,tp,0.004025,1,0.7002,3
2022-07-05 22:25:00,LONG,0.46,0.46,tp,0.004,1,0.6649,3
2022-07-05 23:00:00,SHORT,0.46,0.46,tp,0.004025,1,0.6897,3
2022-07-05 23:30:00,LONG,0.45,0.46,tp,0.004,1,0.6916,3
2022-07-05 23:45:00,SHORT,0.46,0.46,tp,0.004025,1,0.7111,3
2022-07-06 00:20:00,LONG,0.45,0.46,tp,0.004,1,0.7233,3
2022-07-06 00:45:00,SHORT,0.46,0.46,tp,0.004025,1,0.6946,3
2022-07-06 01:45:00,LONG,0.45,0.45,tp,0.004,1,0.7317,3
2022-07-06 02:30:00,LONG,0.45,0.45,tp,0.004,1,0.7592,3
2022-07-06 04:20:00,SHORT,0.46,0.46,tp,0.004025,1,0.8251,3
2022-07-06 04:40:00,LONG,0.46,0.46,sl,-0.004,0,0.6688,3
2022-07-06 11:40:00,SHORT,0.46,0.45,tp,0.004025,1,0.6711,3
2022-07-06 12:20:00,SHORT,0.46,0.46,sl,-0.003991,0,0.6777,3
2022-07-06 14:05:00,SHORT,0.46,0.46,tp,0.004025,1,0.696,3
2022-07-06 18:15:00,LONG,0.46,0.46,tp,0.004,1,0.6656,3
2022-07-06 23:00:00,SHORT,0.46,0.46,tp,0.004025,1,0.6908,3
2022-07-07 02:05:00,SHORT,0.47,0.47,tp,0.004025,1,0.6714,3
2022-07-07 14:15:00,SHORT,0.47,0.47,tp,0.004025,1,0.7087,3
2022-07-07 14:45:00,LONG,0.47,0.47,sl,-0.004,0,0.6547,3
2022-07-07 15:00:00,SHORT,0.47,0.47,tp,0.004025,1,0.6982,3
2022-07-07 19:45:00,SHORT,0.48,0.48,tp,0.004025,1,0.6843,3
2022-07-07 21:10:00,SHORT,0.48,0.48,tp,0.004025,1,0.6903,3
2022-07-07 22:20:00,SHORT,0.48,0.48,tp,0.004025,1,0.6688,3
2022-07-07 22:40:00,LONG,0.47,0.48,tp,0.004,1,0.675,3
2022-07-08 01:25:00,SHORT,0.49,0.49,tp,0.004025,1,0.781,3
2022-07-08 02:05:00,LONG,0.49,0.49,sl,-0.004,0,0.6794,3
2022-07-08 02:25:00,LONG,0.48,0.49,tp,0.004,1,0.7613,3
2022-07-08 05:50:00,LONG,0.48,0.47,sl,-0.004,0,0.7597,3
2022-07-08 06:25:00,LONG,0.48,0.48,tp,0.004,1,0.7517,3
2022-07-08 09:10:00,LONG,0.47,0.47,tp,0.004,1,0.6999,3
2022-07-08 12:45:00,LONG,0.46,0.47,tp,0.004,1,0.7326,3
2022-07-08 13:50:00,LONG,0.46,0.46,tp,0.004,1,0.7281,3
2022-07-08 14:45:00,SHORT,0.47,0.47,sl,-0.003991,0,0.66,3
2022-07-08 17:00:00,LONG,0.47,0.46,sl,-0.004,0,0.6517,3
2022-07-08 17:15:00,LONG,0.47,0.47,timeout,0.001867,1,0.6581,3
2022-07-08 21:55:00,LONG,0.47,0.47,tp,0.004,1,0.7119,3
2022-07-09 00:05:00,SHORT,0.47,0.47,sl,-0.003991,0,0.6646,3
2022-07-09 00:25:00,SHORT,0.47,0.47,tp,0.004025,1,0.6534,3
2022-07-09 00:50:00,LONG,0.47,0.47,tp,0.004,1,0.6669,3
2022-07-09 01:45:00,SHORT,0.47,0.47,tp,0.004025,1,0.7004,3
2022-07-09 08:30:00,SHORT,0.48,0.48,timeout,0.000294,1,0.678,3
2022-07-09 08:45:00,SHORT,0.48,0.48,timeout,0.001966,1,0.6951,3
2022-07-09 12:05:00,LONG,0.47,0.48,tp,0.004,1,0.7457,3
2022-07-09 13:30:00,SHORT,0.48,0.48,tp,0.004025,1,0.681,3
2022-07-09 14:05:00,SHORT,0.48,0.48,sl,-0.003991,0,0.6708,3
2022-07-09 17:30:00,SHORT,0.48,0.48,tp,0.004025,1,0.6793,3
2022-07-10 02:30:00,LONG,0.47,0.47,timeout,-0.002212,0,0.6849,3
2022-07-10 03:05:00,LONG,0.47,0.47,sl,-0.004,0,0.6859,3
2022-07-10 14:15:00,SHORT,0.46,0.46,tp,0.004025,1,0.6718,3
2022-07-10 15:20:00,LONG,0.46,0.46,sl,-0.004,0,0.6718,3
2022-07-11 01:20:00,LONG,0.46,0.46,timeout,-0.000688,0,0.6549,3
2022-07-11 03:00:00,LONG,0.45,0.45,tp,0.004,1,0.746,3
2022-07-11 03:20:00,SHORT,0.45,0.45,timeout,0.001322,1,0.6945,3
2022-07-11 09:15:00,SHORT,0.46,0.46,timeout,-0.000905,0,0.6731,3
2022-07-11 13:35:00,SHORT,0.45,0.44,tp,0.004025,1,0.6552,3
2022-07-11 14:10:00,SHORT,0.44,0.44,sl,-0.003991,0,0.6617,3
2022-07-11 14:45:00,SHORT,0.45,0.44,tp,0.004025,1,0.655,3
2022-07-11 16:10:00,SHORT,0.45,0.44,tp,0.004025,1,0.6583,3
2022-07-11 21:45:00,LONG,0.44,0.44,tp,0.004,1,0.6851,3
2022-07-11 22:35:00,LONG,0.44,0.44,sl,-0.004,0,0.7778,3
2022-07-11 23:00:00,LONG,0.43,0.43,tp,0.004,1,0.7936,3
2022-07-11 23:35:00,SHORT,0.44,0.43,tp,0.004025,1,0.6956,3
2022-07-12 01:20:00,LONG,0.44,0.44,timeout,0.002119,1,0.6724,3
2022-07-12 13:35:00,SHORT,0.43,0.43,tp,0.004025,1,0.6774,3
2022-07-12 18:15:00,SHORT,0.43,0.43,tp,0.004025,1,0.657,3
2022-07-13 01:40:00,LONG,0.42,0.42,tp,0.004,1,0.6734,3
2022-07-13 06:35:00,LONG,0.42,0.43,tp,0.004,1,0.6606,3
2022-07-13 12:25:00,SHORT,0.43,0.43,tp,0.004025,1,0.7115,3
2022-07-13 12:30:00,SHORT,0.42,0.42,tp,0.004025,1,0.6575,3
2022-07-13 12:35:00,LONG,0.41,0.41,tp,0.004,1,0.6659,3
2022-07-13 12:40:00,SHORT,0.41,0.41,tp,0.004025,1,0.6874,3
2022-07-13 12:55:00,LONG,0.41,0.41,tp,0.004,1,0.6642,3
2022-07-13 13:00:00,SHORT,0.41,0.41,tp,0.004025,1,0.8348,3
2022-07-13 15:05:00,SHORT,0.42,0.42,tp,0.004025,1,0.6557,3
2022-07-13 15:50:00,SHORT,0.42,0.42,tp,0.004025,1,0.6572,3
2022-07-13 17:00:00,SHORT,0.42,0.43,sl,-0.003991,0,0.6787,3
2022-07-13 17:30:00,LONG,0.42,0.43,tp,0.004,1,0.6966,3
2022-07-13 17:40:00,SHORT,0.43,0.42,tp,0.004025,1,0.8105,3
2022-07-13 18:00:00,LONG,0.42,0.43,tp,0.004,1,0.6828,3
2022-07-13 19:05:00,LONG,0.42,0.42,sl,-0.004,0,0.6555,3
2022-07-13 19:55:00,LONG,0.42,0.42,sl,-0.004,0,0.6607,3
2022-07-13 22:00:00,SHORT,0.43,0.42,tp,0.004025,1,0.6711,3
2022-07-13 22:40:00,LONG,0.43,0.43,tp,0.004,1,0.6983,3
2022-07-13 23:40:00,SHORT,0.44,0.44,sl,-0.003991,0,0.6792,3
2022-07-14 00:00:00,SHORT,0.44,0.44,tp,0.004025,1,0.7791,3
2022-07-14 00:50:00,SHORT,0.44,0.44,sl,-0.003991,0,0.7695,3
2022-07-14 01:15:00,SHORT,0.44,0.43,tp,0.004025,1,0.6618,3
2022-07-14 01:55:00,SHORT,0.44,0.43,tp,0.004025,1,0.7105,3
2022-07-14 02:35:00,SHORT,0.44,0.43,tp,0.004025,1,0.7105,3
2022-07-14 03:05:00,SHORT,0.44,0.44,sl,-0.003991,0,0.6969,3
2022-07-14 04:30:00,SHORT,0.43,0.43,tp,0.004025,1,0.6746,3
2022-07-14 04:55:00,LONG,0.43,0.43,tp,0.004,1,0.6518,3
2022-07-14 06:30:00,LONG,0.43,0.43,timeout,-0.000363,0,0.6925,3
2022-07-14 08:00:00,SHORT,0.43,0.43,tp,0.004025,1,0.6576,3
2022-07-14 10:05:00,SHORT,0.42,0.42,timeout,0.002028,1,0.6737,3
2022-07-14 10:40:00,SHORT,0.42,0.42,tp,0.004025,1,0.6596,3
2022-07-14 13:00:00,SHORT,0.42,0.42,tp,0.004025,1,0.6666,3
2022-07-14 15:25:00,SHORT,0.43,0.43,sl,-0.003991,0,0.7047,3
2022-07-14 15:45:00,SHORT,0.43,0.43,tp,0.004025,1,0.8302,3
2022-07-14 15:55:00,LONG,0.43,0.43,tp,0.004,1,0.6521,3
2022-07-14 18:15:00,SHORT,0.44,0.44,tp,0.004025,1,0.8205,3
2022-07-14 18:50:00,LONG,0.44,0.44,sl,-0.004,0,0.686,3
2022-07-14 19:15:00,LONG,0.44,0.44,tp,0.004,1,0.6619,3
2022-07-14 19:35:00,LONG,0.44,0.44,sl,-0.004,0,0.69,3
2022-07-14 20:40:00,SHORT,0.44,0.44,tp,0.004025,1,0.6984,3
2022-07-15 00:45:00,SHORT,0.44,0.44,sl,-0.003991,0,0.6613,3
2022-07-15 02:55:00,LONG,0.44,0.44,sl,-0.004,0,0.7175,3
2022-07-15 05:30:00,LONG,0.44,0.44,tp,0.004,1,0.67,3
2022-07-15 07:45:00,SHORT,0.44,0.44,sl,-0.003991,0,0.678,3
2022-07-15 11:55:00,LONG,0.44,0.44,tp,0.004,1,0.6788,3
2022-07-15 12:30:00,LONG,0.44,0.44,tp,0.004,1,0.6738,3
2022-07-15 13:05:00,SHORT,0.44,0.44,tp,0.004025,1,0.7275,3
2022-07-15 13:20:00,LONG,0.44,0.44,tp,0.004,1,0.6839,3
2022-07-15 14:00:00,SHORT,0.44,0.44,tp,0.004025,1,0.7042,3
2022-07-15 14:25:00,SHORT,0.44,0.44,tp,0.004025,1,0.7041,3
2022-07-15 16:05:00,LONG,0.44,0.44,sl,-0.004,0,0.6965,3
2022-07-15 17:45:00,SHORT,0.44,0.44,sl,-0.003991,0,0.6592,3
2022-07-15 18:15:00,SHORT,0.44,0.44,sl,-0.003991,0,0.6851,3
2022-07-15 19:00:00,SHORT,0.45,0.44,tp,0.004025,1,0.7561,3
2022-07-15 19:55:00,SHORT,0.45,0.45,sl,-0.003991,0,0.6799,3
2022-07-15 20:25:00,SHORT,0.45,0.45,tp,0.004025,1,0.676,3
2022-07-15 20:35:00,LONG,0.44,0.45,tp,0.004,1,0.7645,3
2022-07-15 20:50:00,LONG,0.44,0.45,tp,0.004,1,0.7692,3
2022-07-15 21:30:00,SHORT,0.44,0.45,sl,-0.003991,0,0.7232,3
2022-07-15 22:35:00,SHORT,0.44,0.44,tp,0.004025,1,0.6803,3
2022-07-15 22:50:00,SHORT,0.44,0.44,tp,0.004025,1,0.6663,3
2022-07-16 00:30:00,LONG,0.44,0.44,sl,-0.004,0,0.7834,3
2022-07-16 01:25:00,SHORT,0.44,0.44,tp,0.004025,1,0.6619,3
2022-07-16 07:00:00,LONG,0.43,0.44,tp,0.004,1,0.7132,3
2022-07-16 16:10:00,SHORT,0.45,0.45,tp,0.004025,1,0.7306,3
2022-07-16 17:00:00,SHORT,0.46,0.46,tp,0.004025,1,0.7135,3
2022-07-16 17:20:00,SHORT,0.46,0.45,tp,0.004025,1,0.7113,3
2022-07-16 17:30:00,LONG,0.46,0.45,sl,-0.004,0,0.661,3
2022-07-16 17:55:00,LONG,0.45,0.45,tp,0.004,1,0.7434,3
2022-07-16 20:00:00,SHORT,0.45,0.45,tp,0.004025,1,0.6747,3
2022-07-16 22:10:00,SHORT,0.46,0.46,sl,-0.003991,0,0.6913,3
2022-07-16 22:25:00,SHORT,0.46,0.46,sl,-0.003991,0,0.666,3
2022-07-17 01:15:00,LONG,0.45,0.45,timeout,0.001772,1,0.7578,3
2022-07-17 01:30:00,LONG,0.45,0.45,tp,0.004,1,0.7372,3
2022-07-17 06:55:00,SHORT,0.47,0.46,tp,0.004025,1,0.6951,3
2022-07-17 07:10:00,SHORT,0.46,0.46,tp,0.004025,1,0.6725,3
2022-07-17 07:40:00,LONG,0.46,0.46,sl,-0.004,0,0.7123,3
2022-07-17 07:55:00,LONG,0.46,0.46,tp,0.004,1,0.7751,3
2022-07-17 09:05:00,SHORT,0.46,0.46,tp,0.004025,1,0.6917,3
2022-07-17 09:25:00,LONG,0.45,0.45,sl,-0.004,0,0.7009,3
2022-07-17 10:35:00,SHORT,0.45,0.45,sl,-0.003991,0,0.6844,3
2022-07-17 12:00:00,SHORT,0.45,0.45,tp,0.004025,1,0.6615,3
2022-07-17 13:05:00,SHORT,0.45,0.45,sl,-0.003991,0,0.6627,3
2022-07-17 13:25:00,SHORT,0.45,0.45,tp,0.004025,1,0.685,3
2022-07-17 16:00:00,LONG,0.45,0.45,tp,0.004,1,0.6729,3
2022-07-17 19:10:00,LONG,0.45,0.45,tp,0.004,1,0.6733,3
2022-07-18 00:50:00,LONG,0.45,0.45,tp,0.004,1,0.6592,3
2022-07-18 01:15:00,SHORT,0.46,0.46,sl,-0.003991,0,0.7167,3
2022-07-18 01:40:00,SHORT,0.46,0.46,sl,-0.003991,0,0.6615,3
2022-07-18 03:05:00,SHORT,0.46,0.46,tp,0.004025,1,0.7417,3
2022-07-18 03:10:00,LONG,0.46,0.46,tp,0.004,1,0.6587,3
2022-07-18 03:25:00,SHORT,0.46,0.46,tp,0.004025,1,0.6931,3
2022-07-18 04:00:00,LONG,0.46,0.46,sl,-0.004,0,0.678,3
2022-07-18 06:10:00,LONG,0.47,0.47,tp,0.004,1,0.6597,3
2022-07-18 08:05:00,SHORT,0.48,0.47,tp,0.004025,1,0.6824,3
2022-07-18 08:35:00,LONG,0.47,0.47,tp,0.004,1,0.7579,3
2022-07-18 11:00:00,SHORT,0.5,0.49,tp,0.004025,1,0.845,3
2022-07-18 11:45:00,LONG,0.49,0.49,tp,0.004,1,0.7868,3
2022-07-18 11:55:00,SHORT,0.49,0.49,sl,-0.003991,0,0.7114,3
2022-07-18 12:20:00,LONG,0.49,0.49,tp,0.004,1,0.7796,3
2022-07-18 12:55:00,SHORT,0.49,0.49,sl,-0.003991,0,0.7922,3
2022-07-18 13:10:00,SHORT,0.49,0.49,tp,0.004025,1,0.8255,3
2022-07-18 13:30:00,SHORT,0.49,0.49,tp,0.004025,1,0.7713,3
2022-07-18 14:25:00,LONG,0.49,0.49,tp,0.004,1,0.7053,3
2022-07-18 15:20:00,SHORT,0.49,0.49,sl,-0.003991,0,0.7939,3
2022-07-18 15:55:00,SHORT,0.5,0.49,tp,0.004025,1,0.7004,3
2022-07-18 16:30:00,SHORT,0.49,0.49,tp,0.004025,1,0.7338,3
2022-07-18 16:40:00,LONG,0.49,0.49,sl,-0.004,0,0.768,3
2022-07-18 17:20:00,LONG,0.48,0.48,sl,-0.004,0,0.7072,3
2022-07-18 18:20:00,SHORT,0.48,0.48,tp,0.004025,1,0.7508,3
2022-07-18 19:45:00,LONG,0.47,0.47,tp,0.004,1,0.74,3
2022-07-18 21:25:00,SHORT,0.48,0.48,sl,-0.003991,0,0.8091,3
2022-07-18 21:40:00,SHORT,0.48,0.48,tp,0.004025,1,0.7268,3
2022-07-18 21:50:00,LONG,0.48,0.48,tp,0.004,1,0.6507,3
2022-07-18 22:05:00,LONG,0.48,0.48,tp,0.004,1,0.6909,3
2022-07-18 22:10:00,SHORT,0.48,0.48,tp,0.004025,1,0.7809,3
2022-07-18 23:25:00,SHORT,0.49,0.49,sl,-0.003991,0,0.6542,3
2022-07-19 00:10:00,SHORT,0.5,0.5,tp,0.004025,1,0.8038,3
2022-07-19 00:35:00,LONG,0.49,0.49,tp,0.004,1,0.8112,3
2022-07-19 00:50:00,SHORT,0.49,0.49,tp,0.004025,1,0.6728,3
2022-07-19 01:10:00,LONG,0.49,0.48,sl,-0.004,0,0.743,3
2022-07-19 02:40:00,SHORT,0.48,0.48,sl,-0.003991,0,0.6852,3
2022-07-19 03:00:00,LONG,0.48,0.48,tp,0.004,1,0.6719,3
2022-07-19 05:05:00,LONG,0.48,0.48,tp,0.004,1,0.7277,3
2022-07-19 06:30:00,SHORT,0.49,0.48,tp,0.004025,1,0.7138,3
2022-07-19 06:45:00,LONG,0.48,0.48,tp,0.004,1,0.8003,3
2022-07-19 08:00:00,LONG,0.48,0.48,tp,0.004,1,0.7616,3
2022-07-19 08:15:00,SHORT,0.48,0.48,tp,0.004025,1,0.7745,3
2022-07-19 08:25:00,LONG,0.48,0.48,tp,0.004,1,0.6943,3
2022-07-19 09:20:00,SHORT,0.48,0.48,tp,0.004025,1,0.7441,3
2022-07-19 09:35:00,SHORT,0.48,0.48,tp,0.004025,1,0.6833,3
2022-07-19 10:25:00,SHORT,0.48,0.48,sl,-0.003991,0,0.694,3
2022-07-19 10:50:00,LONG,0.49,0.49,tp,0.004,1,0.6611,3
2022-07-19 11:10:00,SHORT,0.49,0.49,sl,-0.003991,0,0.812,3
2022-07-19 11:25:00,SHORT,0.49,0.49,tp,0.004025,1,0.7791,3
2022-07-19 11:50:00,SHORT,0.49,0.49,tp,0.004025,1,0.6717,3
2022-07-19 12:05:00,SHORT,0.49,0.49,sl,-0.003991,0,0.6571,3
2022-07-19 13:35:00,SHORT,0.51,0.5,tp,0.004025,1,0.7085,3
2022-07-19 13:45:00,LONG,0.5,0.5,tp,0.004,1,0.7425,3
2022-07-19 13:55:00,SHORT,0.5,0.5,tp,0.004025,1,0.7886,3
2022-07-19 14:10:00,LONG,0.5,0.5,tp,0.004,1,0.6568,3
2022-07-19 14:35:00,LONG,0.5,0.5,tp,0.004,1,0.66,3
2022-07-19 15:40:00,LONG,0.5,0.5,tp,0.004,1,0.6524,3
2022-07-19 16:15:00,LONG,0.5,0.51,tp,0.004,1,0.6756,3
2022-07-19 16:35:00,SHORT,0.51,0.51,sl,-0.003991,0,0.7302,3
2022-07-19 17:05:00,LONG,0.51,0.5,sl,-0.004,0,0.731,3
2022-07-19 17:30:00,SHORT,0.51,0.51,sl,-0.003991,0,0.7746,3
2022-07-19 18:25:00,SHORT,0.51,0.51,sl,-0.003991,0,0.6982,3
2022-07-19 18:45:00,LONG,0.51,0.51,tp,0.004,1,0.6703,3
2022-07-19 19:30:00,LONG,0.51,0.51,tp,0.004,1,0.747,3
2022-07-19 19:55:00,LONG,0.51,0.51,tp,0.004,1,0.7594,3
2022-07-19 20:35:00,LONG,0.51,0.51,tp,0.004,1,0.752,3
2022-07-19 21:20:00,SHORT,0.52,0.52,tp,0.004025,1,0.8071,3
2022-07-19 22:40:00,LONG,0.52,0.52,tp,0.004,1,0.7534,3
2022-07-19 23:10:00,SHORT,0.52,0.52,tp,0.004025,1,0.7614,3
2022-07-19 23:40:00,LONG,0.51,0.52,tp,0.004,1,0.678,3
2022-07-20 00:40:00,LONG,0.51,0.51,tp,0.004,1,0.7299,3
2022-07-20 00:55:00,LONG,0.51,0.51,tp,0.004,1,0.6512,3
2022-07-20 01:50:00,SHORT,0.53,0.52,tp,0.004025,1,0.6638,3
2022-07-20 02:10:00,SHORT,0.53,0.52,tp,0.004025,1,0.8065,3
2022-07-20 02:35:00,SHORT,0.52,0.52,tp,0.004025,1,0.7315,3
2022-07-20 03:00:00,LONG,0.52,0.52,sl,-0.004,0,0.6592,3
2022-07-20 04:30:00,LONG,0.52,0.53,tp,0.004,1,0.6914,3
2022-07-20 05:05:00,SHORT,0.53,0.53,tp,0.004025,1,0.734,3
2022-07-20 05:20:00,LONG,0.53,0.53,tp,0.004,1,0.6711,3
2022-07-20 06:30:00,SHORT,0.54,0.54,sl,-0.003991,0,0.6595,3
2022-07-20 07:10:00,SHORT,0.54,0.54,tp,0.004025,1,0.832,3
2022-07-20 08:35:00,LONG,0.53,0.53,tp,0.004,1,0.7896,3
2022-07-20 08:45:00,SHORT,0.53,0.52,tp,0.004025,1,0.6532,3
2022-07-20 08:55:00,SHORT,0.52,0.53,sl,-0.003991,0,0.6834,3
2022-07-20 09:00:00,LONG,0.52,0.53,tp,0.004,1,0.674,3
2022-07-20 09:50:00,SHORT,0.53,0.53,sl,-0.003991,0,0.8033,3
2022-07-20 10:00:00,LONG,0.53,0.53,tp,0.004,1,0.6815,3
2022-07-20 10:25:00,SHORT,0.54,0.53,tp,0.004025,1,0.6501,3
2022-07-20 10:30:00,LONG,0.53,0.53,tp,0.004,1,0.747,3
2022-07-20 10:45:00,LONG,0.53,0.53,sl,-0.004,0,0.7679,3
2022-07-20 11:10:00,SHORT,0.53,0.53,tp,0.004025,1,0.6503,3
2022-07-20 12:40:00,LONG,0.52,0.52,tp,0.004,1,0.7396,3
2022-07-20 12:50:00,SHORT,0.53,0.53,sl,-0.003991,0,0.7497,3
2022-07-20 13:10:00,LONG,0.53,0.53,tp,0.004,1,0.6925,3
2022-07-20 13:35:00,SHORT,0.53,0.53,tp,0.004025,1,0.746,3
2022-07-20 14:35:00,SHORT,0.53,0.53,sl,-0.003991,0,0.7469,3
2022-07-20 14:40:00,LONG,0.53,0.53,tp,0.004,1,0.6848,3
2022-07-20 15:00:00,SHORT,0.53,0.53,tp,0.004025,1,0.8015,3
2022-07-20 15:20:00,LONG,0.52,0.53,tp,0.004,1,0.688,3
2022-07-20 16:00:00,SHORT,0.53,0.52,tp,0.004025,1,0.7054,3
2022-07-20 16:15:00,SHORT,0.52,0.52,tp,0.004025,1,0.694,3
2022-07-20 16:40:00,LONG,0.51,0.51,tp,0.004,1,0.7905,3
2022-07-20 17:10:00,LONG,0.51,0.51,tp,0.004,1,0.7802,3
2022-07-20 17:35:00,SHORT,0.51,0.51,tp,0.004025,1,0.7132,3
2022-07-20 17:55:00,LONG,0.51,0.51,tp,0.004,1,0.7105,3
2022-07-20 18:20:00,SHORT,0.51,0.51,tp,0.004025,1,0.7387,3
2022-07-20 19:00:00,SHORT,0.51,0.51,tp,0.004025,1,0.7815,3
2022-07-20 20:00:00,SHORT,0.51,0.51,tp,0.004025,1,0.7915,3
2022-07-20 20:05:00,SHORT,0.5,0.5,tp,0.004025,1,0.6562,3
2022-07-20 20:20:00,SHORT,0.49,0.49,tp,0.004025,1,0.676,3
2022-07-20 20:30:00,LONG,0.49,0.49,tp,0.004,1,0.8111,3
2022-07-20 20:50:00,SHORT,0.49,0.5,sl,-0.003991,0,0.7601,3
2022-07-20 21:20:00,SHORT,0.5,0.5,tp,0.004025,1,0.8005,3
2022-07-20 21:45:00,SHORT,0.5,0.5,sl,-0.003991,0,0.672,3
2022-07-20 22:00:00,SHORT,0.5,0.5,tp,0.004025,1,0.6502,3
2022-07-20 22:15:00,LONG,0.5,0.5,sl,-0.004,0,0.6923,3
2022-07-20 22:20:00,SHORT,0.5,0.5,tp,0.004025,1,0.6908,3
2022-07-20 23:15:00,LONG,0.49,0.49,tp,0.004,1,0.7167,3
2022-07-20 23:45:00,SHORT,0.49,0.49,tp,0.004025,1,0.7874,3
2022-07-20 23:55:00,SHORT,0.49,0.49,sl,-0.003991,0,0.6635,3
2022-07-21 01:10:00,SHORT,0.5,0.49,tp,0.004025,1,0.8333,3
2022-07-21 01:50:00,LONG,0.49,0.49,tp,0.004,1,0.7848,3
2022-07-21 02:15:00,SHORT,0.49,0.49,tp,0.004025,1,0.6717,3
2022-07-21 03:25:00,LONG,0.48,0.48,tp,0.004,1,0.7863,3
2022-07-21 03:35:00,SHORT,0.48,0.48,tp,0.004025,1,0.7934,3
2022-07-21 04:05:00,LONG,0.48,0.48,tp,0.004,1,0.7499,3
2022-07-21 06:30:00,LONG,0.49,0.49,tp,0.004,1,0.7036,3
2022-07-21 07:15:00,SHORT,0.49,0.49,tp,0.004025,1,0.8368,3
2022-07-21 08:00:00,SHORT,0.49,0.49,tp,0.004025,1,0.7545,3
2022-07-21 09:15:00,SHORT,0.49,0.49,sl,-0.003991,0,0.717,3
2022-07-21 10:00:00,SHORT,0.49,0.49,tp,0.004025,1,0.7268,3
2022-07-21 10:55:00,LONG,0.48,0.48,sl,-0.004,0,0.7661,3
2022-07-21 11:25:00,LONG,0.48,0.48,tp,0.004,1,0.6876,3
2022-07-21 12:40:00,SHORT,0.49,0.49,tp,0.004025,1,0.8124,3
2022-07-21 14:10:00,LONG,0.48,0.48,tp,0.004,1,0.7728,3
2022-07-21 14:15:00,SHORT,0.48,0.48,tp,0.004025,1,0.7851,3
2022-07-21 14:30:00,LONG,0.48,0.48,tp,0.004,1,0.8116,3
2022-07-21 15:15:00,SHORT,0.48,0.48,sl,-0.003991,0,0.741,3
2022-07-21 15:30:00,SHORT,0.48,0.48,tp,0.004025,1,0.8264,3
2022-07-21 17:05:00,SHORT,0.49,0.49,tp,0.004025,1,0.6623,3
2022-07-21 17:30:00,LONG,0.49,0.49,sl,-0.004,0,0.7007,3
2022-07-21 18:05:00,SHORT,0.49,0.49,tp,0.004025,1,0.7837,3
2022-07-21 20:20:00,LONG,0.5,0.5,tp,0.004,1,0.6726,3
2022-07-21 20:40:00,SHORT,0.5,0.5,tp,0.004025,1,0.7634,3
2022-07-21 22:20:00,SHORT,0.5,0.5,sl,-0.003991,0,0.7079,3
2022-07-21 23:10:00,SHORT,0.5,0.5,sl,-0.003991,0,0.6661,3
2022-07-21 23:25:00,SHORT,0.5,0.5,tp,0.004025,1,0.6955,3
2022-07-21 23:40:00,SHORT,0.5,0.5,tp,0.004025,1,0.6844,3
2022-07-22 00:45:00,SHORT,0.5,0.5,tp,0.004025,1,0.7171,3
2022-07-22 02:10:00,LONG,0.49,0.49,timeout,0.001647,1,0.7577,3
2022-07-22 02:55:00,LONG,0.49,0.49,sl,-0.004,0,0.6515,3
2022-07-22 07:40:00,LONG,0.5,0.5,tp,0.004,1,0.7017,3
2022-07-22 08:10:00,SHORT,0.5,0.5,tp,0.004025,1,0.7677,3
2022-07-22 10:15:00,SHORT,0.51,0.51,tp,0.004025,1,0.6802,3
2022-07-22 10:40:00,SHORT,0.51,0.5,tp,0.004025,1,0.7489,3
2022-07-22 11:25:00,SHORT,0.51,0.51,sl,-0.003991,0,0.7683,3
2022-07-22 13:15:00,SHORT,0.5,0.5,tp,0.004025,1,0.6952,3
2022-07-22 14:00:00,SHORT,0.5,0.5,tp,0.004025,1,0.7375,3
2022-07-22 14:05:00,LONG,0.5,0.5,tp,0.004,1,0.7567,3
2022-07-22 14:15:00,SHORT,0.5,0.5,sl,-0.003991,0,0.7258,3
2022-07-22 14:35:00,LONG,0.5,0.5,tp,0.004,1,0.6632,3
2022-07-22 15:40:00,LONG,0.49,0.49,tp,0.004,1,0.7381,3
2022-07-22 16:10:00,LONG,0.49,0.49,tp,0.004,1,0.698,3
2022-07-22 17:05:00,SHORT,0.5,0.49,tp,0.004025,1,0.7238,3
2022-07-22 17:45:00,SHORT,0.49,0.49,sl,-0.003991,0,0.7069,3
2022-07-22 18:30:00,SHORT,0.49,0.49,sl,-0.003991,0,0.6549,3
2022-07-22 19:45:00,SHORT,0.48,0.48,tp,0.004025,1,0.6807,3
2022-07-22 20:05:00,LONG,0.48,0.48,sl,-0.004,0,0.7906,3
2022-07-22 20:30:00,SHORT,0.48,0.48,tp,0.004025,1,0.7482,3
2022-07-22 23:05:00,SHORT,0.49,0.48,tp,0.004025,1,0.6948,3
2022-07-23 00:05:00,LONG,0.48,0.48,tp,0.004,1,0.6896,3
2022-07-23 00:30:00,SHORT,0.49,0.49,sl,-0.003991,0,0.724,3
2022-07-23 00:55:00,SHORT,0.49,0.49,sl,-0.003991,0,0.6942,3
2022-07-23 01:45:00,SHORT,0.49,0.49,sl,-0.003991,0,0.6894,3
2022-07-23 02:10:00,SHORT,0.49,0.49,timeout,0.000439,1,0.6856,3
2022-07-23 08:10:00,SHORT,0.49,0.49,tp,0.004025,1,0.6535,3
2022-07-23 11:30:00,SHORT,0.48,0.48,tp,0.004025,1,0.6605,3
2022-07-23 13:50:00,SHORT,0.48,0.48,tp,0.004025,1,0.7465,3
2022-07-23 14:20:00,SHORT,0.48,0.48,tp,0.004025,1,0.6577,3
2022-07-23 14:45:00,SHORT,0.48,0.48,tp,0.004025,1,0.6686,3
2022-07-23 15:15:00,SHORT,0.48,0.48,tp,0.004025,1,0.6567,3
2022-07-23 16:40:00,SHORT,0.48,0.48,tp,0.004025,1,0.6735,3
2022-07-23 17:25:00,SHORT,0.48,0.48,tp,0.004025,1,0.7315,3
2022-07-23 18:15:00,SHORT,0.48,0.48,tp,0.004025,1,0.6952,3
2022-07-23 19:05:00,SHORT,0.48,0.48,tp,0.004025,1,0.6636,3
2022-07-23 19:15:00,LONG,0.48,0.48,tp,0.004,1,0.7076,3
2022-07-23 20:05:00,SHORT,0.48,0.48,sl,-0.003991,0,0.6631,3
2022-07-23 20:50:00,SHORT,0.5,0.49,tp,0.004025,1,0.8429,3
2022-07-23 21:15:00,SHORT,0.5,0.5,tp,0.004025,1,0.8439,3
2022-07-23 21:40:00,SHORT,0.51,0.51,tp,0.004025,1,0.8564,3
2022-07-23 22:00:00,SHORT,0.5,0.51,sl,-0.003991,0,0.6741,3
2022-07-23 22:50:00,SHORT,0.52,0.52,sl,-0.003991,0,0.8071,3
2022-07-24 00:00:00,SHORT,0.52,0.52,tp,0.004025,1,0.7985,3
2022-07-24 00:30:00,SHORT,0.52,0.52,tp,0.004025,1,0.6546,3
2022-07-24 01:15:00,SHORT,0.52,0.52,tp,0.004025,1,0.7546,3
2022-07-24 01:50:00,LONG,0.52,0.52,sl,-0.004,0,0.6576,3
2022-07-24 02:20:00,LONG,0.51,0.51,sl,-0.004,0,0.7416,3
2022-07-24 03:25:00,LONG,0.51,0.51,tp,0.004,1,0.7105,3
2022-07-24 03:55:00,LONG,0.51,0.51,tp,0.004,1,0.696,3
2022-07-24 04:35:00,SHORT,0.52,0.52,sl,-0.003991,0,0.7075,3
2022-07-24 05:25:00,LONG,0.52,0.52,tp,0.004,1,0.6638,3
2022-07-24 05:40:00,SHORT,0.52,0.52,tp,0.004025,1,0.7461,3
2022-07-24 06:25:00,SHORT,0.52,0.52,timeout,-0.000267,0,0.7649,3
2022-07-24 07:05:00,SHORT,0.52,0.52,tp,0.004025,1,0.7036,3
2022-07-24 09:00:00,SHORT,0.52,0.52,sl,-0.003991,0,0.667,3
2022-07-24 09:35:00,SHORT,0.53,0.53,tp,0.004025,1,0.6679,3
2022-07-24 10:00:00,SHORT,0.53,0.53,tp,0.004025,1,0.7775,3
2022-07-24 10:10:00,LONG,0.53,0.52,sl,-0.004,0,0.7047,3
2022-07-24 10:35:00,LONG,0.52,0.53,tp,0.004,1,0.7041,3
2022-07-24 11:30:00,LONG,0.53,0.53,sl,-0.004,0,0.7332,3
2022-07-24 12:00:00,LONG,0.53,0.53,tp,0.004,1,0.6982,3
2022-07-24 12:15:00,SHORT,0.53,0.53,tp,0.004025,1,0.7692,3
2022-07-24 12:55:00,LONG,0.52,0.52,sl,-0.004,0,0.6762,3
2022-07-24 13:10:00,SHORT,0.53,0.52,tp,0.004025,1,0.7512,3
2022-07-24 13:20:00,LONG,0.52,0.52,sl,-0.004,0,0.7097,3
2022-07-24 14:50:00,SHORT,0.52,0.53,sl,-0.003991,0,0.7638,3
2022-07-24 15:10:00,SHORT,0.52,0.52,tp,0.004025,1,0.7397,3
2022-07-24 15:35:00,SHORT,0.53,0.53,sl,-0.003991,0,0.651,3
2022-07-24 15:55:00,SHORT,0.53,0.52,tp,0.004025,1,0.7549,3
2022-07-24 16:40:00,SHORT,0.52,0.52,tp,0.004025,1,0.7252,3
2022-07-24 16:45:00,LONG,0.52,0.52,sl,-0.004,0,0.7452,3
2022-07-24 17:05:00,LONG,0.52,0.52,tp,0.004,1,0.712,3
2022-07-24 17:15:00,SHORT,0.52,0.52,tp,0.004025,1,0.6742,3
2022-07-24 17:35:00,LONG,0.52,0.52,sl,-0.004,0,0.6963,3
2022-07-24 18:55:00,SHORT,0.52,0.52,sl,-0.003991,0,0.6731,3
2022-07-24 19:10:00,SHORT,0.52,0.52,tp,0.004025,1,0.6818,3
2022-07-24 20:40:00,SHORT,0.52,0.52,tp,0.004025,1,0.6919,3
2022-07-24 21:40:00,LONG,0.52,0.52,tp,0.004,1,0.6613,3
2022-07-25 01:10:00,LONG,0.5,0.5,sl,-0.004,0,0.7651,3
2022-07-25 02:15:00,SHORT,0.5,0.49,tp,0.004025,1,0.6883,3
2022-07-25 03:30:00,LONG,0.49,0.49,tp,0.004,1,0.6909,3
2022-07-25 03:55:00,SHORT,0.49,0.49,tp,0.004025,1,0.7461,3
2022-07-25 08:20:00,LONG,0.49,0.49,tp,0.004,1,0.6969,3
2022-07-25 09:50:00,LONG,0.49,0.5,tp,0.004,1,0.6604,3
2022-07-25 12:05:00,LONG,0.49,0.49,tp,0.004,1,0.6666,3
2022-07-25 12:15:00,SHORT,0.49,0.49,sl,-0.003991,0,0.716,3
2022-07-25 13:55:00,SHORT,0.49,0.49,tp,0.004025,1,0.6533,3
2022-07-25 14:15:00,SHORT,0.49,0.49,sl,-0.003991,0,0.7062,3
2022-07-25 15:00:00,SHORT,0.49,0.49,tp,0.004025,1,0.6605,3
2022-07-25 16:35:00,LONG,0.49,0.49,tp,0.004,1,0.7027,3
2022-07-25 19:10:00,LONG,0.48,0.48,sl,-0.004,0,0.7256,3
2022-07-25 19:30:00,LONG,0.48,0.48,tp,0.004,1,0.77,3
2022-07-25 20:45:00,SHORT,0.5,0.49,tp,0.004025,1,0.6657,3
2022-07-25 21:15:00,SHORT,0.49,0.49,tp,0.004025,1,0.6696,3
2022-07-25 22:30:00,LONG,0.49,0.49,tp,0.004,1,0.7541,3
2022-07-25 23:10:00,LONG,0.49,0.48,sl,-0.004,0,0.6926,3
2022-07-26 00:15:00,LONG,0.47,0.47,sl,-0.004,0,0.7043,3
2022-07-26 00:35:00,SHORT,0.47,0.47,sl,-0.003991,0,0.6552,3
2022-07-26 00:55:00,LONG,0.47,0.47,tp,0.004,1,0.6768,3
2022-07-26 01:05:00,SHORT,0.47,0.47,tp,0.004025,1,0.7681,3
2022-07-26 01:30:00,LONG,0.47,0.47,tp,0.004,1,0.7301,3
2022-07-26 01:40:00,SHORT,0.47,0.47,sl,-0.003991,0,0.7828,3
2022-07-26 03:30:00,SHORT,0.47,0.47,sl,-0.003991,0,0.6694,3
2022-07-26 06:50:00,LONG,0.47,0.47,tp,0.004,1,0.6832,3
2022-07-26 08:05:00,SHORT,0.47,0.47,sl,-0.003991,0,0.6501,3
2022-07-26 09:45:00,SHORT,0.47,0.47,tp,0.004025,1,0.6547,3
2022-07-26 11:35:00,SHORT,0.47,0.47,tp,0.004025,1,0.6621,3
2022-07-26 12:10:00,SHORT,0.47,0.47,tp,0.004025,1,0.6639,3
2022-07-26 12:40:00,SHORT,0.46,0.46,tp,0.004025,1,0.6823,3
2022-07-26 13:20:00,SHORT,0.46,0.46,sl,-0.003991,0,0.6882,3
2022-07-26 13:30:00,LONG,0.46,0.46,tp,0.004,1,0.7073,3
2022-07-26 13:35:00,SHORT,0.46,0.45,tp,0.004025,1,0.7549,3
2022-07-26 13:45:00,LONG,0.45,0.46,tp,0.004,1,0.7603,3
2022-07-26 14:45:00,SHORT,0.46,0.45,tp,0.004025,1,0.7074,3
2022-07-26 15:40:00,SHORT,0.45,0.45,tp,0.004025,1,0.6926,3
2022-07-26 17:15:00,LONG,0.46,0.46,tp,0.004,1,0.6566,3
2022-07-26 19:40:00,LONG,0.45,0.46,tp,0.004,1,0.7169,3
2022-07-26 20:00:00,LONG,0.45,0.46,tp,0.004,1,0.6996,3
2022-07-26 20:30:00,LONG,0.46,0.46,tp,0.004,1,0.7131,3
2022-07-26 21:35:00,LONG,0.46,0.46,tp,0.004,1,0.6596,3
2022-07-26 22:25:00,SHORT,0.46,0.47,sl,-0.003991,0,0.7192,3
2022-07-26 22:55:00,SHORT,0.46,0.47,sl,-0.003991,0,0.6798,3
2022-07-26 23:10:00,SHORT,0.47,0.46,tp,0.004025,1,0.7638,3
2022-07-27 00:10:00,SHORT,0.47,0.47,tp,0.004025,1,0.7297,3
2022-07-27 01:05:00,SHORT,0.47,0.46,tp,0.004025,1,0.7562,3
2022-07-27 05:55:00,SHORT,0.47,0.47,tp,0.004025,1,0.6923,3
2022-07-27 07:05:00,SHORT,0.47,0.47,tp,0.004025,1,0.6676,3
2022-07-27 13:50:00,SHORT,0.48,0.47,tp,0.004025,1,0.7723,3
2022-07-27 14:50:00,SHORT,0.47,0.47,tp,0.004025,1,0.6952,3
2022-07-27 16:55:00,LONG,0.46,0.46,sl,-0.004,0,0.6997,3
2022-07-27 17:40:00,SHORT,0.47,0.47,sl,-0.003991,0,0.6778,3
2022-07-27 17:55:00,LONG,0.47,0.47,tp,0.004,1,0.6757,3
2022-07-27 18:00:00,SHORT,0.48,0.48,sl,-0.003991,0,0.7185,3
2022-07-27 18:05:00,LONG,0.48,0.48,sl,-0.004,0,0.6631,3
2022-07-27 18:30:00,LONG,0.48,0.49,tp,0.004,1,0.7157,3
2022-07-27 19:40:00,SHORT,0.5,0.5,tp,0.004025,1,0.8142,3
2022-07-27 19:50:00,LONG,0.5,0.5,tp,0.004,1,0.6825,3
2022-07-27 20:10:00,SHORT,0.51,0.51,tp,0.004025,1,0.7,3
2022-07-27 21:00:00,LONG,0.5,0.51,tp,0.004,1,0.7418,3
2022-07-27 21:10:00,SHORT,0.5,0.51,sl,-0.003991,0,0.6992,3
2022-07-27 21:55:00,LONG,0.51,0.51,tp,0.004,1,0.6528,3
2022-07-27 22:35:00,LONG,0.51,0.51,sl,-0.004,0,0.6588,3
2022-07-28 00:00:00,SHORT,0.51,0.51,tp,0.004025,1,0.6755,3
2022-07-28 00:10:00,LONG,0.51,0.5,sl,-0.004,0,0.7113,3
2022-07-28 00:40:00,LONG,0.5,0.51,tp,0.004,1,0.7408,3
2022-07-28 01:05:00,SHORT,0.51,0.5,tp,0.004025,1,0.6626,3
2022-07-28 01:25:00,LONG,0.5,0.5,tp,0.004,1,0.7242,3
2022-07-28 01:30:00,SHORT,0.5,0.51,sl,-0.003991,0,0.7212,3
2022-07-28 02:10:00,SHORT,0.51,0.51,sl,-0.003991,0,0.6893,3
2022-07-28 02:50:00,SHORT,0.52,0.51,tp,0.004025,1,0.7726,3
2022-07-28 03:55:00,LONG,0.51,0.51,sl,-0.004,0,0.7279,3
2022-07-28 04:55:00,LONG,0.51,0.51,tp,0.004,1,0.7309,3
2022-07-28 05:10:00,LONG,0.5,0.51,tp,0.004,1,0.7187,3
2022-07-28 05:55:00,SHORT,0.51,0.51,tp,0.004025,1,0.7327,3
2022-07-28 07:30:00,LONG,0.5,0.5,sl,-0.004,0,0.7247,3
2022-07-28 07:45:00,LONG,0.5,0.5,sl,-0.004,0,0.6645,3
2022-07-28 08:10:00,LONG,0.5,0.5,tp,0.004,1,0.7135,3
2022-07-28 08:15:00,SHORT,0.5,0.5,sl,-0.003991,0,0.6668,3
2022-07-28 10:05:00,SHORT,0.5,0.5,sl,-0.003991,0,0.6979,3
2022-07-28 12:50:00,SHORT,0.5,0.5,tp,0.004025,1,0.7237,3
2022-07-28 13:00:00,LONG,0.5,0.5,tp,0.004,1,0.7203,3
2022-07-28 13:30:00,SHORT,0.5,0.5,sl,-0.003991,0,0.6905,3
2022-07-28 13:50:00,LONG,0.49,0.5,tp,0.004,1,0.7719,3
2022-07-28 14:15:00,SHORT,0.5,0.5,sl,-0.003991,0,0.7156,3
2022-07-28 15:55:00,SHORT,0.51,0.51,sl,-0.003991,0,0.6902,3
2022-07-28 16:25:00,SHORT,0.52,0.51,tp,0.004025,1,0.7462,3
2022-07-28 17:20:00,SHORT,0.51,0.51,tp,0.004025,1,0.714,3
2022-07-28 17:40:00,SHORT,0.52,0.51,tp,0.004025,1,0.753,3
2022-07-28 19:05:00,SHORT,0.51,0.51,sl,-0.003991,0,0.6657,3
2022-07-28 19:25:00,SHORT,0.51,0.51,tp,0.004025,1,0.7813,3
2022-07-28 20:35:00,SHORT,0.52,0.52,tp,0.004025,1,0.7109,3
2022-07-28 21:00:00,SHORT,0.52,0.52,tp,0.004025,1,0.7562,3
2022-07-28 21:40:00,SHORT,0.52,0.51,tp,0.004025,1,0.8031,3
2022-07-28 22:10:00,LONG,0.51,0.52,tp,0.004,1,0.6781,3
2022-07-28 22:50:00,SHORT,0.52,0.51,tp,0.004025,1,0.7847,3
2022-07-28 23:20:00,LONG,0.51,0.52,tp,0.004,1,0.6657,3
2022-07-28 23:35:00,SHORT,0.51,0.51,sl,-0.003991,0,0.6862,3
2022-07-28 23:40:00,LONG,0.51,0.51,tp,0.004,1,0.7293,3
2022-07-29 00:20:00,LONG,0.51,0.51,sl,-0.004,0,0.6907,3
2022-07-29 00:45:00,SHORT,0.52,0.52,sl,-0.003991,0,0.7616,3
2022-07-29 01:00:00,SHORT,0.52,0.52,tp,0.004025,1,0.7908,3
2022-07-29 02:15:00,SHORT,0.52,0.52,tp,0.004025,1,0.6741,3
2022-07-29 02:20:00,LONG,0.52,0.51,sl,-0.004,0,0.7691,3
2022-07-29 04:05:00,SHORT,0.53,0.53,tp,0.004025,1,0.8219,3
2022-07-29 04:30:00,SHORT,0.53,0.53,tp,0.004025,1,0.8299,3
2022-07-29 04:55:00,SHORT,0.53,0.53,tp,0.004025,1,0.6678,3
2022-07-29 05:45:00,SHORT,0.54,0.54,tp,0.004025,1,0.8221,3
2022-07-29 06:15:00,LONG,0.53,0.53,tp,0.004,1,0.7424,3
2022-07-29 07:20:00,LONG,0.53,0.52,sl,-0.004,0,0.6755,3
2022-07-29 07:45:00,SHORT,0.53,0.53,sl,-0.003991,0,0.6701,3
2022-07-29 08:35:00,LONG,0.53,0.53,tp,0.004,1,0.7187,3
2022-07-29 08:55:00,SHORT,0.53,0.53,sl,-0.003991,0,0.7374,3
2022-07-29 09:15:00,SHORT,0.53,0.53,tp,0.004025,1,0.7976,3
2022-07-29 09:40:00,SHORT,0.53,0.54,sl,-0.003991,0,0.743,3
2022-07-29 10:55:00,SHORT,0.54,0.54,sl,-0.003991,0,0.6715,3
2022-07-29 11:40:00,LONG,0.52,0.53,tp,0.004,1,0.8263,3
2022-07-29 12:45:00,LONG,0.52,0.52,tp,0.004,1,0.7261,3
2022-07-29 12:50:00,SHORT,0.52,0.52,tp,0.004025,1,0.8041,3
2022-07-29 14:25:00,SHORT,0.53,0.53,tp,0.004025,1,0.7815,3
2022-07-29 14:40:00,SHORT,0.53,0.53,tp,0.004025,1,0.7193,3
2022-07-29 15:25:00,LONG,0.53,0.53,tp,0.004,1,0.7819,3
2022-07-29 15:40:00,SHORT,0.53,0.53,tp,0.004025,1,0.7886,3
2022-07-29 16:10:00,LONG,0.52,0.52,tp,0.004,1,0.786,3
2022-07-29 16:35:00,LONG,0.52,0.52,sl,-0.004,0,0.6604,3
2022-07-29 16:50:00,SHORT,0.52,0.52,tp,0.004025,1,0.8145,3
2022-07-29 17:25:00,LONG,0.52,0.52,tp,0.004,1,0.7093,3
2022-07-29 17:45:00,SHORT,0.52,0.52,tp,0.004025,1,0.8226,3
2022-07-29 18:35:00,SHORT,0.53,0.52,tp,0.004025,1,0.8449,3
2022-07-29 19:05:00,SHORT,0.53,0.52,tp,0.004025,1,0.6788,3
2022-07-29 19:50:00,SHORT,0.53,0.52,tp,0.004025,1,0.7183,3
2022-07-29 20:05:00,SHORT,0.53,0.53,tp,0.004025,1,0.8342,3
2022-07-29 20:45:00,SHORT,0.53,0.53,tp,0.004025,1,0.7547,3
2022-07-29 21:00:00,SHORT,0.53,0.52,tp,0.004025,1,0.7382,3
2022-07-29 21:35:00,LONG,0.52,0.52,tp,0.004,1,0.7957,3
2022-07-29 21:50:00,SHORT,0.52,0.52,sl,-0.003991,0,0.7162,3
2022-07-29 22:45:00,SHORT,0.53,0.53,sl,-0.003991,0,0.6634,3
2022-07-29 23:00:00,LONG,0.53,0.53,tp,0.004,1,0.6893,3
2022-07-29 23:05:00,SHORT,0.53,0.53,tp,0.004025,1,0.8318,3
2022-07-29 23:20:00,SHORT,0.53,0.53,tp,0.004025,1,0.7979,3
2022-07-29 23:55:00,LONG,0.52,0.52,sl,-0.004,0,0.7347,3
2022-07-30 00:35:00,LONG,0.52,0.52,tp,0.004,1,0.7593,3
2022-07-30 00:50:00,SHORT,0.52,0.52,tp,0.004025,1,0.8049,3
2022-07-30 01:50:00,LONG,0.52,0.52,tp,0.004,1,0.7523,3
2022-07-30 02:30:00,LONG,0.52,0.52,tp,0.004,1,0.6958,3
2022-07-30 03:10:00,LONG,0.52,0.52,tp,0.004,1,0.7313,3
2022-07-30 03:40:00,LONG,0.52,0.52,tp,0.004,1,0.7321,3
2022-07-30 04:45:00,SHORT,0.51,0.51,sl,-0.003991,0,0.7897,3
2022-07-30 05:15:00,SHORT,0.51,0.52,sl,-0.003991,0,0.733,3
2022-07-30 06:25:00,SHORT,0.52,0.52,sl,-0.003991,0,0.7038,3
2022-07-30 07:45:00,SHORT,0.52,0.52,sl,-0.003991,0,0.704,3
2022-07-30 09:20:00,SHORT,0.53,0.53,sl,-0.003991,0,0.8024,3
2022-07-30 09:35:00,SHORT,0.53,0.53,tp,0.004025,1,0.7937,3
2022-07-30 10:05:00,LONG,0.52,0.53,tp,0.004,1,0.7613,3
2022-07-30 10:15:00,SHORT,0.52,0.52,tp,0.004025,1,0.8089,3
2022-07-30 10:30:00,SHORT,0.52,0.53,sl,-0.003991,0,0.7013,3
2022-07-30 10:50:00,SHORT,0.52,0.53,sl,-0.003991,0,0.6651,3
2022-07-30 11:05:00,SHORT,0.53,0.53,sl,-0.003991,0,0.8055,3
2022-07-30 12:45:00,SHORT,0.53,0.53,sl,-0.003991,0,0.7031,3
2022-07-30 13:15:00,SHORT,0.54,0.54,tp,0.004025,1,0.8541,3
2022-07-30 13:35:00,LONG,0.53,0.54,tp,0.004,1,0.6605,3
2022-07-30 14:05:00,SHORT,0.55,0.55,tp,0.004025,1,0.6621,3
2022-07-30 14:10:00,SHORT,0.55,0.54,tp,0.004025,1,0.7228,3
2022-07-30 14:45:00,SHORT,0.54,0.54,tp,0.004025,1,0.7113,3
2022-07-30 14:50:00,LONG,0.54,0.54,tp,0.004,1,0.7671,3
2022-07-30 15:35:00,SHORT,0.55,0.54,tp,0.004025,1,0.8211,3
2022-07-30 15:50:00,LONG,0.55,0.55,tp,0.004,1,0.6673,3
2022-07-30 16:00:00,SHORT,0.55,0.55,tp,0.004025,1,0.8433,3
2022-07-30 16:20:00,SHORT,0.55,0.55,sl,-0.003991,0,0.7445,3
2022-07-30 17:35:00,LONG,0.54,0.54,tp,0.004,1,0.7661,3
2022-07-30 18:05:00,SHORT,0.55,0.54,tp,0.004025,1,0.7686,3
2022-07-30 18:20:00,LONG,0.54,0.54,sl,-0.004,0,0.6751,3
2022-07-30 18:55:00,SHORT,0.54,0.54,tp,0.004025,1,0.6838,3
2022-07-30 19:05:00,LONG,0.54,0.54,sl,-0.004,0,0.6802,3
2022-07-30 20:00:00,SHORT,0.53,0.53,tp,0.004025,1,0.6607,3
2022-07-30 20:20:00,SHORT,0.53,0.53,sl,-0.003991,0,0.765,3
2022-07-30 20:40:00,SHORT,0.53,0.53,tp,0.004025,1,0.8159,3
2022-07-30 22:10:00,LONG,0.52,0.52,tp,0.004,1,0.7001,3
2022-07-30 23:00:00,SHORT,0.53,0.52,tp,0.004025,1,0.787,3
2022-07-30 23:25:00,LONG,0.52,0.52,tp,0.004,1,0.7474,3
2022-07-31 00:00:00,LONG,0.52,0.53,tp,0.004,1,0.7291,3
2022-07-31 00:30:00,SHORT,0.53,0.53,tp,0.004025,1,0.6964,3
2022-07-31 00:50:00,LONG,0.53,0.53,tp,0.004,1,0.6783,3
2022-07-31 00:55:00,SHORT,0.53,0.53,sl,-0.003991,0,0.7916,3
2022-07-31 01:25:00,SHORT,0.53,0.53,sl,-0.003991,0,0.6737,3
2022-07-31 01:45:00,SHORT,0.53,0.53,sl,-0.003991,0,0.7824,3
2022-07-31 02:15:00,SHORT,0.53,0.53,tp,0.004025,1,0.7216,3
2022-07-31 05:25:00,LONG,0.53,0.53,timeout,0.000456,1,0.675,3
2022-07-31 05:40:00,SHORT,0.53,0.53,tp,0.004025,1,0.6596,3
2022-07-31 05:55:00,LONG,0.53,0.53,tp,0.004,1,0.6962,3
2022-07-31 08:15:00,LONG,0.53,0.52,sl,-0.004,0,0.6918,3
2022-07-31 08:25:00,SHORT,0.53,0.52,tp,0.004025,1,0.7275,3
2022-07-31 09:15:00,SHORT,0.53,0.53,sl,-0.003991,0,0.7379,3
2022-07-31 10:40:00,SHORT,0.53,0.53,tp,0.004025,1,0.7072,3
2022-07-31 11:55:00,SHORT,0.53,0.53,tp,0.004025,1,0.6609,3
2022-07-31 12:50:00,SHORT,0.53,0.53,tp,0.004025,1,0.7243,3
2022-07-31 13:20:00,LONG,0.53,0.53,tp,0.004,1,0.6946,3
2022-07-31 14:30:00,SHORT,0.53,0.53,tp,0.004025,1,0.6589,3
2022-07-31 14:40:00,LONG,0.53,0.53,tp,0.004,1,0.7377,3
2022-07-31 15:00:00,SHORT,0.53,0.53,sl,-0.003991,0,0.6949,3
2022-07-31 15:35:00,SHORT,0.53,0.53,tp,0.004025,1,0.686,3
2022-07-31 17:30:00,SHORT,0.54,0.53,tp,0.004025,1,0.7707,3
2022-07-31 18:10:00,SHORT,0.54,0.54,tp,0.004025,1,0.6765,3
2022-07-31 19:05:00,SHORT,0.54,0.54,tp,0.004025,1,0.7237,3
2022-07-31 19:25:00,LONG,0.54,0.54,tp,0.004,1,0.7092,3
2022-07-31 19:35:00,SHORT,0.54,0.54,tp,0.004025,1,0.8187,3
2022-07-31 19:55:00,LONG,0.53,0.53,sl,-0.004,0,0.7168,3
2022-07-31 20:55:00,SHORT,0.53,0.53,tp,0.004025,1,0.6522,3
2022-07-31 21:15:00,SHORT,0.53,0.53,tp,0.004025,1,0.6583,3
2022-07-31 22:55:00,SHORT,0.52,0.52,tp,0.004025,1,0.7679,3
2022-07-31 23:05:00,LONG,0.51,0.52,tp,0.004,1,0.7849,3
2022-07-31 23:20:00,SHORT,0.52,0.52,sl,-0.003991,0,0.7361,3
2022-08-01 00:00:00,LONG,0.52,0.52,tp,0.004,1,0.6865,3
2022-08-01 00:55:00,SHORT,0.52,0.52,sl,-0.003991,0,0.7367,3
2022-08-01 01:25:00,SHORT,0.53,0.52,tp,0.004025,1,0.7629,3
2022-08-01 11:35:00,LONG,0.51,0.51,tp,0.004,1,0.6837,3
2022-08-01 14:50:00,SHORT,0.52,0.52,tp,0.004025,1,0.7289,3
2022-08-01 15:45:00,SHORT,0.52,0.51,tp,0.004025,1,0.76,3
2022-08-01 16:10:00,LONG,0.51,0.51,sl,-0.004,0,0.6573,3
2022-08-01 16:35:00,LONG,0.51,0.51,sl,-0.004,0,0.6665,3
2022-08-01 16:45:00,SHORT,0.51,0.51,tp,0.004025,1,0.6512,3
2022-08-01 18:05:00,LONG,0.5,0.5,tp,0.004,1,0.7045,3
2022-08-01 18:35:00,SHORT,0.51,0.5,tp,0.004025,1,0.706,3
2022-08-01 19:10:00,SHORT,0.51,0.5,tp,0.004025,1,0.6945,3
2022-08-01 21:45:00,LONG,0.51,0.51,sl,-0.004,0,0.6565,3
2022-08-01 22:15:00,SHORT,0.51,0.51,sl,-0.003991,0,0.6884,3
2022-08-01 23:10:00,SHORT,0.51,0.51,sl,-0.003991,0,0.7075,3
2022-08-02 01:50:00,LONG,0.5,0.5,sl,-0.004,0,0.6797,3
2022-08-02 02:15:00,SHORT,0.5,0.5,tp,0.004025,1,0.6616,3
2022-08-02 02:30:00,LONG,0.5,0.5,sl,-0.004,0,0.7613,3
2022-08-02 03:15:00,SHORT,0.49,0.49,tp,0.004025,1,0.6528,3
2022-08-02 03:40:00,LONG,0.49,0.49,tp,0.004,1,0.7194,3
2022-08-02 03:55:00,LONG,0.49,0.49,tp,0.004,1,0.6686,3
2022-08-02 04:10:00,SHORT,0.49,0.49,tp,0.004025,1,0.677,3
2022-08-02 09:00:00,LONG,0.49,0.49,sl,-0.004,0,0.6681,3
2022-08-02 09:20:00,LONG,0.49,0.49,tp,0.004,1,0.6993,3
2022-08-02 11:15:00,SHORT,0.5,0.5,sl,-0.003991,0,0.7057,3
2022-08-02 13:10:00,SHORT,0.5,0.49,tp,0.004025,1,0.6776,3
2022-08-02 14:30:00,LONG,0.49,0.5,tp,0.004,1,0.7551,3
2022-08-02 15:00:00,SHORT,0.5,0.5,tp,0.004025,1,0.8261,3
2022-08-02 15:20:00,LONG,0.5,0.5,tp,0.004,1,0.6926,3
2022-08-02 15:45:00,SHORT,0.5,0.5,sl,-0.003991,0,0.7116,3
2022-08-02 18:10:00,SHORT,0.51,0.5,tp,0.004025,1,0.7757,3
2022-08-02 19:25:00,SHORT,0.5,0.5,tp,0.004025,1,0.7158,3
2022-08-02 20:00:00,LONG,0.5,0.5,timeout,0.000202,1,0.6749,3
2022-08-02 21:30:00,SHORT,0.5,0.5,sl,-0.003991,0,0.69,3
2022-08-02 22:05:00,SHORT,0.5,0.5,timeout,-0.000405,0,0.6584,3
2022-08-02 23:00:00,SHORT,0.5,0.5,tp,0.004025,1,0.6896,3
2022-08-02 23:15:00,LONG,0.5,0.5,tp,0.004,1,0.6573,3
2022-08-03 01:50:00,SHORT,0.5,0.5,tp,0.004025,1,0.6706,3
2022-08-03 03:45:00,SHORT,0.5,0.5,timeout,-0.002796,0,0.714,3
2022-08-03 04:45:00,SHORT,0.5,0.5,sl,-0.003991,0,0.6775,3
2022-08-03 09:20:00,SHORT,0.51,0.51,timeout,-0.000433,0,0.6803,3
2022-08-03 10:10:00,SHORT,0.51,0.51,sl,-0.003991,0,0.6673,3
2022-08-03 12:30:00,SHORT,0.51,0.51,sl,-0.003991,0,0.6795,3
2022-08-03 13:15:00,SHORT,0.51,0.51,sl,-0.003991,0,0.6944,3
2022-08-03 15:40:00,SHORT,0.51,0.51,sl,-0.003991,0,0.6799,3
2022-08-03 17:15:00,SHORT,0.51,0.51,sl,-0.003991,0,0.6578,3
2022-08-03 18:30:00,SHORT,0.51,0.51,timeout,-0.002,0,0.6946,3
2022-08-03 22:10:00,SHORT,0.51,0.51,tp,0.004025,1,0.676,3
2022-08-03 23:35:00,LONG,0.5,0.5,tp,0.004,1,0.677,3
2022-08-03 23:40:00,SHORT,0.5,0.5,sl,-0.003991,0,0.6905,3
2022-08-04 13:35:00,LONG,0.5,0.5,tp,0.004,1,0.6692,3
2022-08-04 14:30:00,LONG,0.5,0.5,tp,0.004,1,0.7615,3
2022-08-04 15:50:00,SHORT,0.5,0.5,sl,-0.003991,0,0.6662,3
2022-08-04 16:20:00,SHORT,0.5,0.5,tp,0.004025,1,0.6806,3
2022-08-04 16:50:00,LONG,0.49,0.5,tp,0.004,1,0.7298,3
2022-08-04 17:25:00,SHORT,0.5,0.49,tp,0.004025,1,0.6514,3
2022-08-05 02:00:00,SHORT,0.51,0.51,sl,-0.003991,0,0.7664,3
2022-08-05 12:50:00,LONG,0.51,0.51,sl,-0.004,0,0.7149,3
2022-08-05 13:10:00,LONG,0.51,0.51,tp,0.004,1,0.7006,3
2022-08-05 14:45:00,SHORT,0.51,0.51,tp,0.004025,1,0.6812,3
2022-08-05 15:25:00,LONG,0.51,0.51,timeout,-0.000619,0,0.6897,3
2022-08-05 23:35:00,SHORT,0.52,0.51,tp,0.004025,1,0.7407,3
2022-08-06 00:00:00,SHORT,0.52,0.52,tp,0.004025,1,0.6596,3
2022-08-06 22:55:00,SHORT,0.52,0.51,tp,0.004025,1,0.6508,3
2022-08-06 23:35:00,SHORT,0.51,0.51,timeout,-0.003751,0,0.6901,3
2022-08-07 21:10:00,SHORT,0.54,0.53,tp,0.004025,1,0.8017,3
2022-08-07 21:35:00,LONG,0.53,0.54,tp,0.004,1,0.6574,3
2022-08-07 23:45:00,SHORT,0.53,0.53,sl,-0.003991,0,0.7046,3
2022-08-08 00:15:00,SHORT,0.53,0.53,tp,0.004025,1,0.7191,3
2022-08-08 02:35:00,SHORT,0.53,0.53,sl,-0.003991,0,0.6533,3
2022-08-08 06:30:00,SHORT,0.54,0.54,tp,0.004025,1,0.7148,3
2022-08-08 08:30:00,SHORT,0.54,0.55,sl,-0.003991,0,0.6541,3
2022-08-08 09:10:00,LONG,0.54,0.54,sl,-0.004,0,0.7118,3
2022-08-08 10:45:00,SHORT,0.54,0.55,sl,-0.003991,0,0.6731,3
2022-08-08 11:45:00,SHORT,0.55,0.54,tp,0.004025,1,0.6832,3
2022-08-08 12:10:00,SHORT,0.55,0.54,tp,0.004025,1,0.6504,3
2022-08-08 12:35:00,LONG,0.54,0.54,tp,0.004,1,0.6612,3
2022-08-08 13:30:00,SHORT,0.54,0.54,tp,0.004025,1,0.6805,3
2022-08-08 16:00:00,SHORT,0.53,0.53,tp,0.004025,1,0.684,3
2022-08-08 16:05:00,LONG,0.53,0.53,timeout,0.00326,1,0.7105,3
2022-08-08 21:30:00,LONG,0.53,0.54,timeout,0.00305,1,0.6732,3
2022-08-08 23:15:00,SHORT,0.54,0.54,tp,0.004025,1,0.6691,3
2022-08-09 00:30:00,SHORT,0.54,0.53,tp,0.004025,1,0.7041,3
2022-08-09 01:20:00,LONG,0.53,0.53,sl,-0.004,0,0.6955,3
2022-08-09 01:45:00,LONG,0.53,0.53,timeout,0.002346,1,0.6782,3
2022-08-09 09:25:00,SHORT,0.53,0.53,tp,0.004025,1,0.6623,3
2022-08-09 12:35:00,SHORT,0.52,0.52,timeout,-0.001041,0,0.6795,3
2022-08-09 13:55:00,SHORT,0.52,0.51,tp,0.004025,1,0.6546,3
2022-08-09 14:10:00,LONG,0.51,0.51,tp,0.004,1,0.6676,3
2022-08-09 15:00:00,LONG,0.51,0.51,tp,0.004,1,0.672,3
2022-08-09 15:30:00,LONG,0.51,0.51,sl,-0.004,0,0.6592,3
2022-08-10 00:35:00,SHORT,0.51,0.51,tp,0.004025,1,0.6625,3
2022-08-10 00:40:00,SHORT,0.51,0.5,tp,0.004025,1,0.6625,3
2022-08-10 00:45:00,LONG,0.5,0.51,tp,0.004,1,0.7088,3
2022-08-10 01:25:00,SHORT,0.51,0.51,tp,0.004025,1,0.7531,3
2022-08-10 01:50:00,SHORT,0.51,0.51,tp,0.004025,1,0.6513,3
2022-08-10 12:30:00,SHORT,0.53,0.52,tp,0.004025,1,0.7382,3
2022-08-10 13:10:00,LONG,0.53,0.53,tp,0.004,1,0.6553,3
2022-08-10 13:25:00,SHORT,0.54,0.53,tp,0.004025,1,0.6828,3
2022-08-10 13:45:00,SHORT,0.54,0.53,tp,0.004025,1,0.7576,3
2022-08-10 14:45:00,SHORT,0.54,0.53,tp,0.004025,1,0.7244,3
2022-08-10 15:30:00,SHORT,0.54,0.54,timeout,5.5e-05,1,0.6894,3
2022-08-10 16:30:00,SHORT,0.53,0.53,tp,0.004025,1,0.7003,3
2022-08-10 16:55:00,SHORT,0.53,0.53,timeout,-0.001625,0,0.6509,3
2022-08-10 20:55:00,SHORT,0.53,0.53,tp,0.004025,1,0.6722,3
2022-08-10 23:05:00,SHORT,0.54,0.54,sl,-0.003991,0,0.711,3
2022-08-11 00:30:00,SHORT,0.54,0.54,tp,0.004025,1,0.7606,3
2022-08-11 01:00:00,SHORT,0.55,0.54,tp,0.004025,1,0.7209,3
2022-08-11 01:25:00,SHORT,0.54,0.55,sl,-0.003991,0,0.7264,3
2022-08-11 01:50:00,SHORT,0.54,0.54,tp,0.004025,1,0.6889,3
2022-08-11 02:30:00,SHORT,0.54,0.54,tp,0.004025,1,0.6641,3
2022-08-11 02:40:00,LONG,0.54,0.54,tp,0.004,1,0.7361,3
2022-08-11 03:15:00,SHORT,0.54,0.54,sl,-0.003991,0,0.6907,3
2022-08-11 05:20:00,SHORT,0.55,0.54,tp,0.004025,1,0.6793,3
2022-08-11 08:55:00,SHORT,0.54,0.54,tp,0.004025,1,0.6959,3
2022-08-11 09:45:00,SHORT,0.54,0.54,tp,0.004025,1,0.6646,3
2022-08-11 14:50:00,SHORT,0.54,0.54,tp,0.004025,1,0.7497,3
2022-08-11 15:15:00,LONG,0.54,0.54,sl,-0.004,0,0.6849,3
2022-08-11 15:30:00,SHORT,0.54,0.54,tp,0.004025,1,0.6915,3
2022-08-11 15:45:00,SHORT,0.54,0.54,sl,-0.003991,0,0.677,3
2022-08-11 16:30:00,SHORT,0.54,0.54,sl,-0.003991,0,0.6737,3
2022-08-12 19:15:00,SHORT,0.54,0.54,timeout,0.000232,1,0.7219,3
2022-08-13 06:05:00,SHORT,0.56,0.56,tp,0.004025,1,0.735,3
2022-08-13 06:20:00,LONG,0.56,0.56,tp,0.004,1,0.6848,3
2022-08-13 06:45:00,SHORT,0.56,0.56,tp,0.004025,1,0.7904,3
2022-08-13 07:10:00,SHORT,0.57,0.56,tp,0.004025,1,0.8028,3
2022-08-13 08:30:00,SHORT,0.56,0.56,tp,0.004025,1,0.6515,3
2022-08-13 09:30:00,SHORT,0.56,0.56,sl,-0.003991,0,0.6666,3
2022-08-13 10:40:00,SHORT,0.56,0.56,sl,-0.003991,0,0.6869,3
2022-08-13 10:55:00,SHORT,0.56,0.56,sl,-0.003991,0,0.6764,3
2022-08-13 14:05:00,SHORT,0.56,0.56,sl,-0.003991,0,0.6971,3
2022-08-13 14:25:00,SHORT,0.57,0.56,tp,0.004025,1,0.7953,3
2022-08-13 15:05:00,SHORT,0.56,0.56,tp,0.004025,1,0.7162,3
2022-08-13 15:50:00,LONG,0.56,0.56,sl,-0.004,0,0.7064,3
2022-08-13 16:35:00,SHORT,0.56,0.56,timeout,-0.003252,0,0.6681,3
2022-08-14 00:45:00,SHORT,0.58,0.58,sl,-0.003991,0,0.7441,3
2022-08-14 01:45:00,SHORT,0.59,0.59,sl,-0.003991,0,0.7657,3
2022-08-14 03:10:00,SHORT,0.59,0.59,tp,0.004025,1,0.8199,3
2022-08-14 04:30:00,LONG,0.59,0.59,tp,0.004,1,0.7146,3
2022-08-14 05:10:00,LONG,0.59,0.59,tp,0.004,1,0.6832,3
2022-08-14 05:30:00,LONG,0.59,0.58,sl,-0.004,0,0.6797,3
2022-08-14 10:50:00,SHORT,0.58,0.58,tp,0.004025,1,0.6746,3
2022-08-14 13:00:00,SHORT,0.58,0.58,tp,0.004025,1,0.6984,3
2022-08-14 13:50:00,SHORT,0.58,0.58,sl,-0.003991,0,0.6642,3
2022-08-14 17:15:00,SHORT,0.57,0.56,tp,0.004025,1,0.7021,3
2022-08-14 17:40:00,SHORT,0.57,0.57,tp,0.004025,1,0.7118,3
2022-08-14 18:00:00,LONG,0.56,0.57,tp,0.004,1,0.6976,3
2022-08-14 18:05:00,SHORT,0.57,0.57,timeout,-0.004283,0,0.7272,3
2022-08-14 18:20:00,LONG,0.57,0.57,tp,0.004,1,0.7029,3
2022-08-14 19:10:00,SHORT,0.57,0.57,tp,0.004025,1,0.6574,3
2022-08-14 22:05:00,SHORT,0.57,0.56,tp,0.004025,1,0.6513,3
2022-08-14 23:20:00,SHORT,0.57,0.57,tp,0.004025,1,0.6835,3
2022-08-15 03:10:00,SHORT,0.58,0.58,tp,0.004025,1,0.7137,3
2022-08-15 03:40:00,LONG,0.57,0.57,sl,-0.004,0,0.7369,3
2022-08-15 04:45:00,LONG,0.57,0.58,tp,0.004,1,0.7004,3
2022-08-15 05:45:00,LONG,0.57,0.57,sl,-0.004,0,0.6927,3
2022-08-15 06:35:00,LONG,0.56,0.55,sl,-0.004,0,0.6976,3
2022-08-15 06:50:00,LONG,0.55,0.55,sl,-0.004,0,0.7513,3
2022-08-15 07:35:00,LONG,0.55,0.55,tp,0.004,1,0.773,3
2022-08-15 07:50:00,SHORT,0.55,0.55,tp,0.004025,1,0.7355,3
2022-08-15 08:20:00,SHORT,0.55,0.55,sl,-0.003991,0,0.6641,3
2022-08-15 10:00:00,SHORT,0.55,0.56,sl,-0.003991,0,0.6945,3
2022-08-15 11:20:00,SHORT,0.56,0.56,tp,0.004025,1,0.6625,3
2022-08-15 11:50:00,LONG,0.55,0.56,tp,0.004,1,0.6735,3
2022-08-15 12:15:00,SHORT,0.56,0.55,tp,0.004025,1,0.7345,3
2022-08-15 12:30:00,LONG,0.56,0.55,sl,-0.004,0,0.6519,3
2022-08-15 14:30:00,SHORT,0.56,0.56,tp,0.004025,1,0.7297,3
2022-08-15 15:45:00,SHORT,0.57,0.57,sl,-0.003991,0,0.7738,3
2022-08-15 16:55:00,SHORT,0.57,0.56,tp,0.004025,1,0.7191,3
2022-08-15 18:05:00,LONG,0.56,0.56,sl,-0.004,0,0.676,3
2022-08-15 19:30:00,LONG,0.55,0.56,tp,0.004,1,0.7056,3
2022-08-16 00:15:00,LONG,0.55,0.55,sl,-0.004,0,0.6568,3
2022-08-16 01:30:00,SHORT,0.56,0.56,tp,0.004025,1,0.808,3
2022-08-16 01:35:00,LONG,0.56,0.56,sl,-0.004,0,0.6739,3
2022-08-16 03:10:00,LONG,0.55,0.55,tp,0.004,1,0.7063,3
2022-08-16 03:25:00,SHORT,0.56,0.56,sl,-0.003991,0,0.7005,3
2022-08-16 09:25:00,SHORT,0.57,0.57,tp,0.004025,1,0.7603,3
2022-08-16 09:45:00,SHORT,0.57,0.56,tp,0.004025,1,0.686,3
2022-08-16 10:15:00,SHORT,0.57,0.56,tp,0.004025,1,0.7003,3
2022-08-16 11:35:00,LONG,0.56,0.57,tp,0.004,1,0.6559,3
2022-08-16 11:45:00,SHORT,0.57,0.56,tp,0.004025,1,0.7222,3
2022-08-16 13:35:00,SHORT,0.56,0.56,sl,-0.003991,0,0.6697,3
2022-08-16 14:20:00,SHORT,0.56,0.55,tp,0.004025,1,0.6767,3
2022-08-16 15:00:00,LONG,0.55,0.56,tp,0.004,1,0.7131,3
2022-08-16 15:50:00,SHORT,0.56,0.56,tp,0.004025,1,0.6566,3
2022-08-16 16:30:00,SHORT,0.56,0.56,tp,0.004025,1,0.7357,3
2022-08-16 17:05:00,SHORT,0.56,0.56,sl,-0.003991,0,0.7785,3
2022-08-16 17:35:00,SHORT,0.56,0.56,sl,-0.003991,0,0.7553,3
2022-08-16 19:45:00,SHORT,0.56,0.56,sl,-0.003991,0,0.704,3
2022-08-16 20:35:00,SHORT,0.57,0.57,sl,-0.003991,0,0.6863,3
2022-08-16 21:30:00,SHORT,0.56,0.56,tp,0.004025,1,0.6796,3
2022-08-17 00:35:00,SHORT,0.56,0.56,tp,0.004025,1,0.7316,3
2022-08-17 04:00:00,SHORT,0.58,0.58,tp,0.004025,1,0.8271,3
2022-08-17 04:55:00,LONG,0.57,0.58,tp,0.004,1,0.7099,3
2022-08-17 05:25:00,SHORT,0.58,0.58,tp,0.004025,1,0.7756,3
2022-08-17 05:45:00,SHORT,0.58,0.58,sl,-0.003991,0,0.677,3
2022-08-17 06:35:00,LONG,0.57,0.57,sl,-0.004,0,0.6988,3
2022-08-17 07:25:00,SHORT,0.57,0.56,tp,0.004025,1,0.6518,3
2022-08-17 08:05:00,LONG,0.56,0.56,tp,0.004,1,0.7005,3
2022-08-17 08:15:00,SHORT,0.56,0.56,timeout,-0.001821,0,0.6687,3
2022-08-17 08:25:00,LONG,0.56,0.56,timeout,0.003202,1,0.7351,3
2022-08-17 08:40:00,SHORT,0.56,0.56,sl,-0.003991,0,0.7345,3
2022-08-17 11:10:00,SHORT,0.56,0.55,tp,0.004025,1,0.6506,3
2022-08-17 12:25:00,SHORT,0.54,0.54,tp,0.004025,1,0.6549,3
2022-08-17 12:30:00,LONG,0.54,0.54,tp,0.004,1,0.785,3
2022-08-17 13:15:00,LONG,0.54,0.54,sl,-0.004,0,0.6574,3
2022-08-17 14:30:00,SHORT,0.54,0.53,tp,0.004025,1,0.7361,3
2022-08-17 14:35:00,LONG,0.53,0.53,sl,-0.004,0,0.6999,3
2022-08-17 17:15:00,LONG,0.54,0.54,tp,0.004,1,0.6598,3
2022-08-17 19:40:00,SHORT,0.54,0.54,tp,0.004025,1,0.6529,3
2022-08-17 20:00:00,LONG,0.54,0.54,tp,0.004,1,0.6963,3
2022-08-17 20:25:00,SHORT,0.54,0.54,tp,0.004025,1,0.7157,3
2022-08-17 21:55:00,SHORT,0.54,0.53,tp,0.004025,1,0.702,3
2022-08-17 22:45:00,SHORT,0.54,0.53,tp,0.004025,1,0.6773,3
2022-08-18 00:15:00,SHORT,0.54,0.54,tp,0.004025,1,0.6615,3
2022-08-18 00:45:00,SHORT,0.54,0.54,timeout,-0.000704,0,0.6883,3
2022-08-18 01:15:00,SHORT,0.54,0.54,tp,0.004025,1,0.8014,3
2022-08-18 01:55:00,SHORT,0.54,0.54,tp,0.004025,1,0.7426,3
2022-08-18 14:40:00,SHORT,0.54,0.53,tp,0.004025,1,0.6639,3
2022-08-18 16:30:00,SHORT,0.53,0.53,tp,0.004025,1,0.6959,3
2022-08-18 17:55:00,LONG,0.53,0.53,sl,-0.004,0,0.6522,3
2022-08-18 18:10:00,SHORT,0.53,0.53,tp,0.004025,1,0.6859,3
2022-08-18 23:20:00,LONG,0.51,0.51,tp,0.004,1,0.6906,3
2022-08-19 00:45:00,SHORT,0.5,0.5,tp,0.004025,1,0.6523,3
2022-08-19 01:25:00,LONG,0.49,0.5,tp,0.004,1,0.7943,3
2022-08-19 02:50:00,LONG,0.49,0.5,tp,0.004,1,0.6547,3
2022-08-19 03:00:00,SHORT,0.49,0.49,sl,-0.003991,0,0.6571,3
2022-08-19 03:20:00,LONG,0.49,0.49,tp,0.004,1,0.7181,3
2022-08-19 04:10:00,LONG,0.49,0.49,tp,0.004,1,0.6895,3
2022-08-19 06:45:00,SHORT,0.47,0.47,sl,-0.003991,0,0.6661,3
2022-08-19 07:55:00,SHORT,0.48,0.47,tp,0.004025,1,0.7687,3
2022-08-19 08:40:00,SHORT,0.47,0.47,tp,0.004025,1,0.7756,3
2022-08-19 09:15:00,SHORT,0.47,0.47,sl,-0.003991,0,0.7084,3
2022-08-19 11:35:00,LONG,0.46,0.46,sl,-0.004,0,0.7508,3
2022-08-19 12:55:00,SHORT,0.47,0.47,sl,-0.003991,0,0.6747,3
2022-08-19 13:20:00,SHORT,0.47,0.46,tp,0.004025,1,0.6736,3
2022-08-19 13:35:00,LONG,0.47,0.46,sl,-0.004,0,0.656,3
2022-08-19 13:50:00,LONG,0.46,0.47,tp,0.004,1,0.6856,3
2022-08-19 14:00:00,SHORT,0.47,0.47,sl,-0.003991,0,0.7344,3
2022-08-19 14:30:00,SHORT,0.47,0.47,tp,0.004025,1,0.7198,3
2022-08-19 15:35:00,LONG,0.46,0.47,tp,0.004,1,0.7234,3
2022-08-19 16:40:00,SHORT,0.47,0.47,tp,0.004025,1,0.7213,3
2022-08-19 17:30:00,LONG,0.47,0.47,sl,-0.004,0,0.7136,3
2022-08-19 17:50:00,LONG,0.47,0.47,sl,-0.004,0,0.7628,3
2022-08-19 18:30:00,SHORT,0.47,0.46,tp,0.004025,1,0.7384,3
2022-08-19 19:05:00,LONG,0.46,0.47,tp,0.004,1,0.6579,3
2022-08-19 19:25:00,SHORT,0.47,0.47,tp,0.004025,1,0.7221,3
2022-08-19 20:50:00,LONG,0.46,0.46,sl,-0.004,0,0.6572,3
2022-08-19 23:00:00,SHORT,0.46,0.45,tp,0.004025,1,0.7824,3
2022-08-19 23:20:00,SHORT,0.45,0.45,tp,0.004025,1,0.771,3
2022-08-19 23:40:00,LONG,0.45,0.45,tp,0.004,1,0.7793,3
2022-08-20 00:05:00,SHORT,0.45,0.45,sl,-0.003991,0,0.6533,3
2022-08-20 00:40:00,SHORT,0.46,0.46,tp,0.004025,1,0.8205,3
2022-08-20 00:55:00,LONG,0.45,0.46,tp,0.004,1,0.7283,3
2022-08-20 01:15:00,SHORT,0.46,0.45,tp,0.004025,1,0.8443,3
2022-08-20 01:30:00,SHORT,0.46,0.45,tp,0.004025,1,0.8293,3
2022-08-20 02:15:00,SHORT,0.46,0.46,sl,-0.003991,0,0.6674,3
2022-08-20 03:30:00,SHORT,0.46,0.46,sl,-0.003991,0,0.6733,3
2022-08-20 03:45:00,SHORT,0.46,0.46,tp,0.004025,1,0.7471,3
2022-08-20 04:05:00,SHORT,0.46,0.46,tp,0.004025,1,0.794,3
2022-08-20 04:30:00,LONG,0.46,0.46,tp,0.004,1,0.7322,3
2022-08-20 04:55:00,SHORT,0.46,0.46,tp,0.004025,1,0.7637,3
2022-08-20 05:10:00,LONG,0.46,0.46,tp,0.004,1,0.7691,3
2022-08-20 05:25:00,SHORT,0.46,0.46,tp,0.004025,1,0.7288,3
2022-08-20 05:55:00,LONG,0.46,0.46,tp,0.004,1,0.7262,3
2022-08-20 08:55:00,LONG,0.46,0.46,tp,0.004,1,0.6828,3
2022-08-20 09:50:00,SHORT,0.46,0.46,tp,0.004025,1,0.6883,3
2022-08-20 11:15:00,SHORT,0.46,0.46,tp,0.004025,1,0.669,3
2022-08-20 13:30:00,SHORT,0.46,0.46,sl,-0.003991,0,0.6611,3
2022-08-20 17:00:00,SHORT,0.45,0.45,tp,0.004025,1,0.6908,3
2022-08-20 17:30:00,SHORT,0.45,0.45,tp,0.004025,1,0.6591,3
2022-08-20 17:40:00,LONG,0.45,0.45,tp,0.004,1,0.6953,3
2022-08-20 19:10:00,LONG,0.44,0.44,tp,0.004,1,0.6545,3
2022-08-20 19:15:00,SHORT,0.44,0.44,tp,0.004025,1,0.759,3
2022-08-20 19:40:00,SHORT,0.44,0.44,sl,-0.003991,0,0.784,3
2022-08-20 20:15:00,SHORT,0.45,0.44,tp,0.004025,1,0.6616,3
2022-08-20 20:35:00,SHORT,0.45,0.44,tp,0.004025,1,0.771,3
2022-08-20 21:10:00,SHORT,0.44,0.44,tp,0.004025,1,0.7925,3
2022-08-20 21:55:00,SHORT,0.45,0.45,tp,0.004025,1,0.7575,3
2022-08-20 22:50:00,SHORT,0.45,0.45,sl,-0.003991,0,0.7638,3
2022-08-20 23:25:00,SHORT,0.45,0.45,tp,0.004025,1,0.8022,3
2022-08-21 00:20:00,SHORT,0.45,0.45,tp,0.004025,1,0.6965,3
2022-08-21 02:30:00,LONG,0.45,0.45,tp,0.004,1,0.6558,3
2022-08-21 05:05:00,LONG,0.45,0.45,tp,0.004,1,0.6945,3
2022-08-21 07:15:00,LONG,0.45,0.45,tp,0.004,1,0.689,3
2022-08-21 08:10:00,SHORT,0.46,0.46,sl,-0.003991,0,0.6992,3
2022-08-21 08:30:00,LONG,0.46,0.46,tp,0.004,1,0.6874,3
2022-08-21 09:15:00,SHORT,0.46,0.46,tp,0.004025,1,0.8003,3
2022-08-21 09:45:00,SHORT,0.46,0.47,sl,-0.003991,0,0.6966,3
2022-08-21 10:20:00,SHORT,0.46,0.46,tp,0.004025,1,0.7504,3
2022-08-21 12:10:00,SHORT,0.46,0.46,tp,0.004025,1,0.7329,3
2022-08-21 16:05:00,SHORT,0.46,0.46,tp,0.004025,1,0.6606,3
2022-08-21 16:50:00,SHORT,0.47,0.47,tp,0.004025,1,0.705,3
2022-08-21 16:55:00,LONG,0.47,0.46,sl,-0.004,0,0.6517,3
2022-08-21 19:20:00,SHORT,0.47,0.47,sl,-0.003991,0,0.7106,3
2022-08-21 20:50:00,SHORT,0.47,0.47,tp,0.004025,1,0.7404,3
2022-08-21 21:40:00,LONG,0.47,0.47,sl,-0.004,0,0.6796,3
2022-08-21 23:05:00,SHORT,0.47,0.46,tp,0.004025,1,0.7744,3
2022-08-22 04:30:00,LONG,0.45,0.46,tp,0.004,1,0.7223,3
2022-08-22 08:30:00,LONG,0.44,0.44,tp,0.004,1,0.7377,3
2022-08-22 09:10:00,SHORT,0.44,0.44,sl,-0.003991,0,0.694,3
2022-08-22 10:30:00,SHORT,0.45,0.45,sl,-0.003991,0,0.6746,3
2022-08-22 11:20:00,SHORT,0.45,0.45,tp,0.004025,1,0.7356,3
2022-08-22 11:50:00,SHORT,0.45,0.45,sl,-0.003991,0,0.6623,3
2022-08-22 12:50:00,LONG,0.45,0.45,tp,0.004,1,0.7294,3
2022-08-22 14:20:00,LONG,0.44,0.45,tp,0.004,1,0.7694,3
2022-08-22 15:35:00,LONG,0.45,0.45,tp,0.004,1,0.7174,3
2022-08-22 16:00:00,SHORT,0.45,0.45,tp,0.004025,1,0.8024,3
2022-08-22 16:10:00,LONG,0.45,0.45,sl,-0.004,0,0.6907,3
2022-08-22 18:15:00,SHORT,0.45,0.45,tp,0.004025,1,0.7035,3
2022-08-22 19:00:00,SHORT,0.45,0.45,sl,-0.003991,0,0.7154,3
2022-08-22 19:50:00,LONG,0.45,0.45,tp,0.004,1,0.6882,3
2022-08-22 21:55:00,LONG,0.45,0.46,tp,0.004,1,0.6723,3
2022-08-22 22:15:00,SHORT,0.46,0.45,timeout,0.002615,1,0.7519,3
2022-08-22 23:55:00,SHORT,0.46,0.46,tp,0.004025,1,0.7018,3
2022-08-23 01:10:00,SHORT,0.46,0.46,tp,0.004025,1,0.7765,3
2022-08-23 03:10:00,SHORT,0.46,0.46,tp,0.004025,1,0.6858,3
2022-08-23 03:55:00,LONG,0.46,0.46,sl,-0.004,0,0.6625,3
2022-08-23 08:15:00,SHORT,0.46,0.45,tp,0.004025,1,0.7373,3
2022-08-23 08:35:00,SHORT,0.46,0.45,tp,0.004025,1,0.6577,3
2022-08-23 11:05:00,SHORT,0.46,0.46,sl,-0.003991,0,0.745,3
2022-08-23 11:25:00,SHORT,0.46,0.46,sl,-0.003991,0,0.7472,3
2022-08-23 13:00:00,LONG,0.46,0.46,tp,0.004,1,0.6545,3
2022-08-23 13:40:00,LONG,0.46,0.46,tp,0.004,1,0.7013,3
2022-08-23 14:05:00,SHORT,0.47,0.46,tp,0.004025,1,0.7442,3
2022-08-23 15:40:00,LONG,0.46,0.46,tp,0.004,1,0.7362,3
2022-08-23 18:20:00,SHORT,0.46,0.46,tp,0.004025,1,0.68,3
2022-08-24 00:40:00,LONG,0.46,0.46,sl,-0.004,0,0.7189,3
2022-08-24 01:20:00,LONG,0.46,0.46,sl,-0.004,0,0.6893,3
2022-08-24 02:05:00,SHORT,0.46,0.46,tp,0.004025,1,0.6533,3
2022-08-24 03:10:00,LONG,0.45,0.45,timeout,0.000202,1,0.6909,3
2022-08-24 15:50:00,SHORT,0.47,0.47,sl,-0.003991,0,0.688,3
2022-08-24 16:20:00,LONG,0.46,0.46,sl,-0.004,0,0.7053,3
2022-08-24 16:40:00,LONG,0.46,0.46,sl,-0.004,0,0.6749,3
2022-08-24 19:40:00,SHORT,0.47,0.46,tp,0.004025,1,0.652,3
2022-08-25 00:05:00,SHORT,0.46,0.46,sl,-0.003991,0,0.6625,3
2022-08-25 20:45:00,SHORT,0.47,0.47,tp,0.004025,1,0.6575,3
2022-08-26 05:30:00,LONG,0.47,0.47,tp,0.004,1,0.66,3
2022-08-26 06:05:00,LONG,0.47,0.47,tp,0.004,1,0.6623,3
2022-08-26 06:45:00,SHORT,0.48,0.48,tp,0.004025,1,0.65,3
2022-08-26 06:50:00,LONG,0.48,0.48,tp,0.004,1,0.6702,3
2022-08-26 07:10:00,SHORT,0.48,0.48,tp,0.004025,1,0.7906,3
2022-08-26 08:20:00,SHORT,0.48,0.48,tp,0.004025,1,0.6538,3
2022-08-26 08:50:00,SHORT,0.48,0.48,tp,0.004025,1,0.704,3
2022-08-26 09:25:00,SHORT,0.48,0.48,tp,0.004025,1,0.6828,3
2022-08-26 11:05:00,SHORT,0.47,0.46,tp,0.004025,1,0.6965,3
2022-08-26 11:10:00,LONG,0.46,0.47,tp,0.004,1,0.7645,3
2022-08-26 11:30:00,SHORT,0.46,0.47,sl,-0.003991,0,0.6527,3
2022-08-26 13:35:00,LONG,0.47,0.48,tp,0.004,1,0.6807,3
2022-08-26 14:00:00,LONG,0.47,0.47,tp,0.004,1,0.6753,3
2022-08-26 14:10:00,SHORT,0.48,0.48,tp,0.004025,1,0.806,3
2022-08-26 14:35:00,LONG,0.47,0.47,tp,0.004,1,0.7439,3
2022-08-26 15:10:00,SHORT,0.45,0.45,tp,0.004025,1,0.6694,3
2022-08-26 15:20:00,LONG,0.45,0.45,sl,-0.004,0,0.6933,3
2022-08-26 15:35:00,SHORT,0.45,0.45,tp,0.004025,1,0.7295,3
2022-08-26 15:50:00,SHORT,0.45,0.45,tp,0.004025,1,0.812,3
2022-08-26 16:00:00,LONG,0.45,0.45,sl,-0.004,0,0.7616,3
2022-08-26 16:20:00,SHORT,0.45,0.45,tp,0.004025,1,0.7389,3
2022-08-26 16:25:00,LONG,0.45,0.45,tp,0.004,1,0.7336,3
2022-08-26 16:55:00,SHORT,0.45,0.45,tp,0.004025,1,0.7543,3
2022-08-26 18:05:00,LONG,0.44,0.44,tp,0.004,1,0.7394,3
2022-08-26 18:20:00,SHORT,0.44,0.44,sl,-0.003991,0,0.7545,3
2022-08-26 18:55:00,SHORT,0.44,0.44,timeout,0.002062,1,0.7367,3
2022-08-26 19:05:00,LONG,0.44,0.44,timeout,0.00161,1,0.6577,3
2022-08-26 20:20:00,SHORT,0.44,0.45,sl,-0.003991,0,0.6897,3
2022-08-26 20:25:00,LONG,0.44,0.45,tp,0.004,1,0.6695,3
2022-08-26 21:10:00,SHORT,0.45,0.44,tp,0.004025,1,0.676,3
2022-08-26 22:35:00,LONG,0.44,0.44,tp,0.004,1,0.8033,3
2022-08-26 23:15:00,SHORT,0.43,0.43,sl,-0.003991,0,0.7082,3
2022-08-26 23:30:00,LONG,0.43,0.43,tp,0.004,1,0.6756,3
2022-08-26 23:40:00,SHORT,0.43,0.43,tp,0.004025,1,0.739,3
2022-08-26 23:45:00,LONG,0.43,0.43,tp,0.004,1,0.6694,3
2022-08-26 23:55:00,SHORT,0.43,0.43,tp,0.004025,1,0.7715,3
2022-08-27 00:30:00,SHORT,0.43,0.43,tp,0.004025,1,0.8022,3
2022-08-27 01:05:00,SHORT,0.43,0.43,timeout,-0.001768,0,0.7582,3
2022-08-27 01:25:00,SHORT,0.43,0.43,sl,-0.003991,0,0.6603,3
2022-08-27 02:35:00,LONG,0.43,0.43,tp,0.004,1,0.7141,3
2022-08-27 03:05:00,SHORT,0.43,0.44,sl,-0.003991,0,0.6912,3
2022-08-27 03:50:00,SHORT,0.44,0.43,tp,0.004025,1,0.7211,3
2022-08-27 05:25:00,SHORT,0.43,0.43,tp,0.004025,1,0.7536,3
2022-08-27 05:40:00,LONG,0.43,0.43,tp,0.004,1,0.7139,3
2022-08-27 06:55:00,SHORT,0.44,0.44,sl,-0.003991,0,0.765,3
2022-08-27 07:10:00,LONG,0.44,0.44,tp,0.004,1,0.6751,3
2022-08-27 08:45:00,SHORT,0.44,0.44,tp,0.004025,1,0.7079,3
2022-08-27 09:45:00,SHORT,0.44,0.44,sl,-0.003991,0,0.6922,3
2022-08-27 10:20:00,SHORT,0.44,0.44,timeout,-0.00019,0,0.684,3
2022-08-27 10:45:00,SHORT,0.44,0.44,sl,-0.003991,0,0.6684,3
2022-08-27 11:05:00,SHORT,0.44,0.44,sl,-0.003991,0,0.7176,3
2022-08-27 12:15:00,SHORT,0.45,0.45,timeout,-0.001775,0,0.6776,3
2022-08-27 13:40:00,SHORT,0.45,0.45,tp,0.004025,1,0.6665,3
2022-08-27 14:20:00,SHORT,0.45,0.45,tp,0.004025,1,0.7101,3
2022-08-27 14:40:00,LONG,0.44,0.44,sl,-0.004,0,0.731,3
2022-08-27 16:30:00,SHORT,0.44,0.44,sl,-0.003991,0,0.7426,3
2022-08-27 16:45:00,SHORT,0.44,0.44,sl,-0.003991,0,0.7027,3
2022-08-27 17:05:00,LONG,0.44,0.44,tp,0.004,1,0.6909,3
2022-08-27 17:15:00,SHORT,0.44,0.44,sl,-0.003991,0,0.7061,3
2022-08-27 17:40:00,SHORT,0.44,0.44,tp,0.004025,1,0.6562,3
2022-08-27 23:50:00,SHORT,0.45,0.45,sl,-0.003991,0,0.6897,3
2022-08-28 00:15:00,SHORT,0.45,0.45,tp,0.004025,1,0.6805,3
2022-08-28 01:15:00,SHORT,0.45,0.45,tp,0.004025,1,0.7697,3
2022-08-28 08:05:00,SHORT,0.45,0.45,tp,0.004025,1,0.6664,3
2022-08-28 14:10:00,SHORT,0.44,0.44,tp,0.004025,1,0.6974,3
2022-08-28 14:50:00,LONG,0.44,0.44,tp,0.004,1,0.6865,3
2022-08-28 18:20:00,SHORT,0.45,0.44,timeout,0.002047,1,0.6607,3
2022-08-28 22:25:00,LONG,0.44,0.44,sl,-0.004,0,0.654,3
2022-08-28 22:40:00,SHORT,0.44,0.44,tp,0.004025,1,0.675,3
2022-08-28 23:55:00,SHORT,0.43,0.43,tp,0.004025,1,0.6553,3
2022-08-29 00:30:00,SHORT,0.43,0.43,tp,0.004025,1,0.6523,3
2022-08-29 01:10:00,SHORT,0.43,0.43,sl,-0.003991,0,0.663,3
2022-08-29 11:20:00,SHORT,0.43,0.44,sl,-0.003991,0,0.6751,3
2022-08-29 12:35:00,SHORT,0.44,0.44,tp,0.004025,1,0.6964,3
2022-08-29 12:45:00,LONG,0.44,0.44,sl,-0.004,0,0.6797,3
2022-08-29 14:20:00,SHORT,0.45,0.45,tp,0.004025,1,0.6573,3
2022-08-29 14:30:00,LONG,0.45,0.44,sl,-0.004,0,0.6697,3
2022-08-29 15:35:00,SHORT,0.45,0.45,sl,-0.003991,0,0.6536,3
2022-08-29 16:15:00,SHORT,0.45,0.45,tp,0.004025,1,0.6567,3
2022-08-30 01:10:00,SHORT,0.45,0.45,tp,0.004025,1,0.6729,3
2022-08-30 12:05:00,SHORT,0.46,0.46,tp,0.004025,1,0.6536,3
2022-08-30 14:10:00,SHORT,0.45,0.45,tp,0.004025,1,0.7055,3
2022-08-30 14:35:00,SHORT,0.44,0.44,tp,0.004025,1,0.6675,3
2022-08-30 15:10:00,LONG,0.44,0.44,tp,0.004,1,0.7238,3
2022-08-30 17:05:00,SHORT,0.44,0.44,tp,0.004025,1,0.7162,3
2022-08-30 19:30:00,LONG,0.45,0.45,tp,0.004,1,0.6915,3
2022-08-30 20:15:00,SHORT,0.45,0.45,tp,0.004025,1,0.6817,3
2022-08-30 20:45:00,SHORT,0.45,0.46,sl,-0.003991,0,0.7546,3
2022-08-30 21:00:00,SHORT,0.46,0.45,tp,0.004025,1,0.7696,3
2022-08-30 22:15:00,SHORT,0.45,0.45,sl,-0.003991,0,0.6751,3
2022-08-30 22:30:00,SHORT,0.45,0.45,sl,-0.003991,0,0.6685,3
2022-08-31 01:15:00,SHORT,0.46,0.46,sl,-0.003991,0,0.6521,3
2022-08-31 01:35:00,SHORT,0.46,0.46,sl,-0.003991,0,0.6624,3
2022-08-31 12:30:00,LONG,0.45,0.46,tp,0.004,1,0.662,3
2022-08-31 15:15:00,SHORT,0.45,0.45,sl,-0.003991,0,0.7601,3
2022-08-31 15:45:00,SHORT,0.46,0.45,tp,0.004025,1,0.7228,3
2022-08-31 18:05:00,SHORT,0.45,0.45,tp,0.004025,1,0.6716,3
2022-08-31 18:25:00,SHORT,0.45,0.45,tp,0.004025,1,0.6514,3
2022-08-31 22:40:00,LONG,0.45,0.45,sl,-0.004,0,0.6521,3
2022-08-31 23:40:00,LONG,0.45,0.45,tp,0.004,1,0.6541,3
2022-09-01 05:00:00,LONG,0.45,0.45,tp,0.004,1,0.6597,3
2022-09-01 08:30:00,LONG,0.44,0.44,tp,0.004,1,0.6653,3
2022-09-01 10:55:00,SHORT,0.45,0.45,sl,-0.003991,0,0.672,3
2022-09-01 12:55:00,SHORT,0.46,0.46,tp,0.004025,1,0.6942,3
2022-09-01 13:30:00,LONG,0.45,0.45,tp,0.004,1,0.756,3
2022-09-01 14:15:00,LONG,0.45,0.45,tp,0.004,1,0.6562,3
2022-09-01 14:35:00,SHORT,0.45,0.45,tp,0.004025,1,0.6508,3
2022-09-01 14:55:00,LONG,0.44,0.45,tp,0.004,1,0.6993,3
2022-09-01 20:05:00,SHORT,0.46,0.46,sl,-0.003991,0,0.6782,3
2022-09-01 22:10:00,SHORT,0.46,0.46,tp,0.004025,1,0.6548,3
2022-09-02 12:35:00,SHORT,0.46,0.46,tp,0.004025,1,0.671,3
2022-09-02 13:25:00,SHORT,0.46,0.46,tp,0.004025,1,0.7886,3
2022-09-02 14:00:00,LONG,0.46,0.46,tp,0.004,1,0.7265,3
2022-09-02 14:15:00,SHORT,0.46,0.46,sl,-0.003991,0,0.6523,3
2022-09-02 14:40:00,SHORT,0.46,0.46,sl,-0.003991,0,0.6969,3
2022-09-03 06:55:00,LONG,0.47,0.47,sl,-0.004,0,0.6509,3
2022-09-03 07:35:00,SHORT,0.47,0.47,tp,0.004025,1,0.6794,3
2022-09-03 08:25:00,SHORT,0.47,0.47,tp,0.004025,1,0.7651,3
2022-09-03 09:30:00,SHORT,0.47,0.47,tp,0.004025,1,0.7315,3
2022-09-03 10:15:00,SHORT,0.47,0.47,tp,0.004025,1,0.699,3
2022-09-03 10:55:00,SHORT,0.47,0.47,tp,0.004025,1,0.6978,3
2022-09-03 11:55:00,SHORT,0.47,0.47,tp,0.004025,1,0.6863,3
2022-09-03 15:05:00,SHORT,0.48,0.48,sl,-0.003991,0,0.7603,3
2022-09-03 16:05:00,SHORT,0.48,0.48,sl,-0.003991,0,0.6967,3
2022-09-03 17:15:00,LONG,0.48,0.48,tp,0.004,1,0.6633,3
2022-09-03 19:20:00,SHORT,0.48,0.48,tp,0.004025,1,0.6718,3
2022-09-03 20:15:00,SHORT,0.48,0.48,sl,-0.003991,0,0.6843,3
2022-09-03 21:25:00,SHORT,0.48,0.48,tp,0.004025,1,0.6646,3
2022-09-04 01:15:00,SHORT,0.49,0.49,tp,0.004025,1,0.7602,3
2022-09-04 01:40:00,SHORT,0.49,0.49,sl,-0.003991,0,0.6887,3
2022-09-04 02:00:00,LONG,0.49,0.49,sl,-0.004,0,0.6992,3
2022-09-04 02:35:00,LONG,0.49,0.49,tp,0.004,1,0.6851,3
2022-09-04 03:40:00,SHORT,0.5,0.49,tp,0.004025,1,0.6932,3
2022-09-04 03:50:00,LONG,0.49,0.49,sl,-0.004,0,0.684,3
2022-09-04 04:25:00,SHORT,0.49,0.5,sl,-0.003991,0,0.6856,3
2022-09-04 05:20:00,LONG,0.5,0.49,sl,-0.004,0,0.653,3
2022-09-04 05:55:00,LONG,0.49,0.49,tp,0.004,1,0.7037,3
2022-09-04 06:15:00,SHORT,0.49,0.49,timeout,-0.001393,0,0.6512,3
2022-09-04 06:40:00,SHORT,0.49,0.49,timeout,-0.000581,0,0.676,3
2022-09-04 08:45:00,SHORT,0.49,0.5,sl,-0.003991,0,0.6561,3
2022-09-04 13:15:00,LONG,0.5,0.5,sl,-0.004,0,0.6958,3
2022-09-04 13:35:00,LONG,0.5,0.5,sl,-0.004,0,0.7029,3
2022-09-04 14:00:00,LONG,0.5,0.5,tp,0.004,1,0.7368,3
2022-09-04 14:30:00,LONG,0.5,0.5,sl,-0.004,0,0.6807,3
2022-09-04 15:00:00,SHORT,0.5,0.5,sl,-0.003991,0,0.6509,3
2022-09-04 18:00:00,SHORT,0.5,0.5,tp,0.004025,1,0.6724,3
2022-09-04 19:00:00,LONG,0.5,0.5,sl,-0.004,0,0.6537,3
2022-09-05 00:45:00,LONG,0.5,0.5,tp,0.004,1,0.6688,3
2022-09-05 05:10:00,SHORT,0.49,0.49,tp,0.004025,1,0.6512,3
2022-09-05 05:25:00,SHORT,0.49,0.49,sl,-0.003991,0,0.6563,3
2022-09-05 08:00:00,SHORT,0.49,0.49,timeout,-0.000976,0,0.659,3
2022-09-05 11:05:00,SHORT,0.49,0.49,sl,-0.003991,0,0.6575,3
2022-09-06 02:05:00,LONG,0.49,0.49,tp,0.004,1,0.8067,3
2022-09-06 04:20:00,SHORT,0.5,0.5,tp,0.004025,1,0.6993,3
2022-09-06 05:30:00,LONG,0.51,0.51,tp,0.004,1,0.6719,3
2022-09-06 05:45:00,SHORT,0.51,0.51,sl,-0.003991,0,0.6696,3
2022-09-06 06:05:00,SHORT,0.51,0.51,tp,0.004025,1,0.7724,3
2022-09-06 08:55:00,SHORT,0.5,0.5,tp,0.004025,1,0.6829,3
2022-09-06 10:20:00,SHORT,0.5,0.5,sl,-0.003991,0,0.6533,3
2022-09-06 11:05:00,SHORT,0.5,0.5,tp,0.004025,1,0.6759,3
2022-09-06 13:15:00,SHORT,0.5,0.49,tp,0.004025,1,0.6591,3
2022-09-06 13:55:00,SHORT,0.49,0.49,tp,0.004025,1,0.6937,3
2022-09-06 15:05:00,SHORT,0.5,0.49,timeout,0.001233,1,0.6684,3
2022-09-06 15:15:00,LONG,0.49,0.49,timeout,-0.003616,0,0.671,3
2022-09-06 16:00:00,SHORT,0.5,0.49,tp,0.004025,1,0.6582,3
2022-09-06 17:10:00,SHORT,0.47,0.47,tp,0.004025,1,0.6767,3
2022-09-06 17:45:00,LONG,0.47,0.47,tp,0.004,1,0.7185,3
2022-09-06 17:55:00,SHORT,0.47,0.47,tp,0.004025,1,0.6766,3
2022-09-06 18:00:00,LONG,0.47,0.47,tp,0.004,1,0.787,3
2022-09-06 18:40:00,LONG,0.47,0.47,tp,0.004,1,0.724,3
2022-09-06 18:50:00,SHORT,0.47,0.47,sl,-0.003991,0,0.7762,3
2022-09-06 19:45:00,SHORT,0.47,0.47,tp,0.004025,1,0.7228,3
2022-09-06 20:05:00,LONG,0.46,0.46,sl,-0.004,0,0.6885,3
2022-09-06 20:50:00,SHORT,0.47,0.46,tp,0.004025,1,0.6956,3
2022-09-06 21:45:00,LONG,0.46,0.46,sl,-0.004,0,0.657,3
2022-09-06 23:15:00,LONG,0.46,0.46,sl,-0.004,0,0.7149,3
2022-09-06 23:35:00,LONG,0.46,0.46,sl,-0.004,0,0.7066,3
2022-09-07 00:50:00,SHORT,0.46,0.46,tp,0.004025,1,0.6979,3
2022-09-07 01:25:00,LONG,0.46,0.46,sl,-0.004,0,0.6996,3
2022-09-07 01:40:00,LONG,0.46,0.46,tp,0.004,1,0.6639,3
2022-09-07 02:55:00,LONG,0.46,0.46,tp,0.004,1,0.7301,3
2022-09-07 04:00:00,LONG,0.46,0.46,sl,-0.004,0,0.6828,3
2022-09-07 05:00:00,LONG,0.46,0.46,timeout,0.001048,1,0.6758,3
2022-09-07 05:15:00,LONG,0.46,0.46,tp,0.004,1,0.6792,3
2022-09-07 09:35:00,LONG,0.46,0.46,tp,0.004,1,0.6659,3
2022-09-07 15:05:00,SHORT,0.47,0.47,sl,-0.003991,0,0.6723,3
2022-09-07 16:35:00,SHORT,0.47,0.47,tp,0.004025,1,0.7359,3
2022-09-08 01:20:00,SHORT,0.48,0.48,tp,0.004025,1,0.6737,3
2022-09-08 17:15:00,SHORT,0.47,0.47,timeout,-0.003058,0,0.6519,3
2022-09-08 20:20:00,SHORT,0.48,0.48,tp,0.004025,1,0.7217,3
2022-09-09 00:15:00,SHORT,0.49,0.49,tp,0.004025,1,0.7809,3
2022-09-09 00:40:00,LONG,0.48,0.48,timeout,-0.003034,0,0.6819,3
2022-09-09 01:35:00,LONG,0.48,0.48,tp,0.004,1,0.6615,3
2022-09-09 01:50:00,LONG,0.48,0.48,tp,0.004,1,0.668,3
2022-09-09 02:45:00,LONG,0.48,0.48,tp,0.004,1,0.6514,3
2022-09-09 03:45:00,LONG,0.49,0.49,tp,0.004,1,0.6661,3
2022-09-09 04:10:00,SHORT,0.49,0.49,tp,0.004025,1,0.7035,3
2022-09-09 04:25:00,LONG,0.49,0.49,tp,0.004,1,0.698,3
2022-09-09 09:30:00,LONG,0.49,0.49,tp,0.004,1,0.6869,3
2022-09-09 10:55:00,SHORT,0.5,0.5,tp,0.004025,1,0.6904,3
2022-09-09 13:25:00,LONG,0.49,0.5,tp,0.004,1,0.7346,3
2022-09-09 13:45:00,LONG,0.49,0.49,sl,-0.004,0,0.663,3
2022-09-09 16:00:00,LONG,0.49,0.49,tp,0.004,1,0.705,3
2022-09-09 16:55:00,SHORT,0.49,0.49,tp,0.004025,1,0.6548,3
2022-09-09 20:40:00,SHORT,0.5,0.49,tp,0.004025,1,0.685,3
2022-09-10 00:10:00,LONG,0.5,0.5,tp,0.004,1,0.6905,3
2022-09-10 01:50:00,LONG,0.52,0.52,tp,0.004,1,0.6785,3
2022-09-10 02:35:00,SHORT,0.52,0.52,tp,0.004025,1,0.7901,3
2022-09-10 03:10:00,SHORT,0.52,0.52,tp,0.004025,1,0.8079,3
2022-09-10 03:25:00,SHORT,0.52,0.52,tp,0.004025,1,0.6854,3
2022-09-10 03:55:00,LONG,0.52,0.52,tp,0.004,1,0.6922,3
2022-09-10 04:55:00,LONG,0.51,0.51,tp,0.004,1,0.7185,3
2022-09-10 05:30:00,SHORT,0.51,0.51,tp,0.004025,1,0.7338,3
2022-09-10 05:40:00,LONG,0.51,0.52,tp,0.004,1,0.7157,3
2022-09-10 06:00:00,SHORT,0.52,0.52,sl,-0.003991,0,0.6599,3
2022-09-10 06:30:00,SHORT,0.52,0.52,sl,-0.003991,0,0.7404,3
2022-09-10 06:55:00,SHORT,0.52,0.52,tp,0.004025,1,0.6537,3
2022-09-10 07:15:00,LONG,0.51,0.51,sl,-0.004,0,0.7344,3
2022-09-10 07:50:00,LONG,0.51,0.51,tp,0.004,1,0.674,3
2022-09-10 08:05:00,SHORT,0.51,0.51,sl,-0.003991,0,0.6788,3
2022-09-10 08:15:00,LONG,0.51,0.51,sl,-0.004,0,0.6812,3
2022-09-10 08:30:00,SHORT,0.51,0.51,tp,0.004025,1,0.7028,3
2022-09-10 09:15:00,SHORT,0.51,0.51,tp,0.004025,1,0.7257,3
2022-09-10 10:35:00,SHORT,0.51,0.51,tp,0.004025,1,0.7055,3
2022-09-10 11:15:00,SHORT,0.51,0.51,sl,-0.003991,0,0.7174,3
2022-09-10 12:55:00,SHORT,0.52,0.52,tp,0.004025,1,0.7864,3
2022-09-10 14:05:00,SHORT,0.52,0.52,tp,0.004025,1,0.7962,3
2022-09-10 15:35:00,LONG,0.51,0.51,sl,-0.004,0,0.6707,3
2022-09-10 17:25:00,SHORT,0.51,0.51,tp,0.004025,1,0.6985,3
2022-09-10 23:30:00,SHORT,0.52,0.51,tp,0.004025,1,0.7258,3
2022-09-11 00:15:00,SHORT,0.51,0.51,tp,0.004025,1,0.6962,3
2022-09-11 12:40:00,SHORT,0.52,0.52,tp,0.004025,1,0.6829,3
2022-09-11 21:30:00,LONG,0.51,0.51,sl,-0.004,0,0.6572,3
2022-09-11 22:30:00,SHORT,0.51,0.5,tp,0.004025,1,0.7655,3
2022-09-11 23:05:00,LONG,0.5,0.51,tp,0.004,1,0.6707,3
2022-09-11 23:45:00,SHORT,0.51,0.51,tp,0.004025,1,0.7431,3
2022-09-12 00:05:00,SHORT,0.51,0.51,tp,0.004025,1,0.6546,3
2022-09-12 00:35:00,LONG,0.5,0.5,sl,-0.004,0,0.7172,3
2022-09-12 01:00:00,LONG,0.5,0.5,tp,0.004,1,0.669,3
2022-09-12 01:50:00,SHORT,0.51,0.51,tp,0.004025,1,0.6583,3
2022-09-12 02:50:00,LONG,0.51,0.51,sl,-0.004,0,0.7403,3
2022-09-12 11:00:00,SHORT,0.52,0.52,tp,0.004025,1,0.7214,3
2022-09-12 13:10:00,SHORT,0.52,0.52,tp,0.004025,1,0.726,3
2022-09-12 16:15:00,LONG,0.5,0.5,tp,0.004,1,0.672,3
2022-09-12 16:55:00,SHORT,0.5,0.5,sl,-0.003991,0,0.7036,3
2022-09-12 20:45:00,SHORT,0.51,0.51,tp,0.004025,1,0.7071,3
2022-09-12 22:30:00,LONG,0.5,0.5,sl,-0.004,0,0.6811,3
2022-09-13 00:30:00,LONG,0.5,0.5,tp,0.004,1,0.7164,3
2022-09-13 00:50:00,SHORT,0.5,0.5,tp,0.004025,1,0.6777,3
2022-09-13 07:45:00,SHORT,0.5,0.5,tp,0.004025,1,0.657,3
2022-09-13 08:25:00,SHORT,0.5,0.5,tp,0.004025,1,0.6825,3
2022-09-13 09:00:00,SHORT,0.5,0.5,sl,-0.003991,0,0.6505,3
2022-09-13 12:30:00,LONG,0.49,0.49,sl,-0.004,0,0.7527,3
2022-09-13 12:35:00,SHORT,0.48,0.48,tp,0.004025,1,0.657,3
2022-09-13 12:50:00,LONG,0.47,0.47,tp,0.004,1,0.8334,3
2022-09-13 13:15:00,LONG,0.48,0.47,sl,-0.004,0,0.6982,3
2022-09-13 13:50:00,SHORT,0.48,0.47,tp,0.004025,1,0.6888,3
2022-09-13 14:00:00,LONG,0.47,0.47,tp,0.004,1,0.805,3
2022-09-13 15:20:00,LONG,0.47,0.47,tp,0.004,1,0.7456,3
2022-09-13 17:25:00,SHORT,0.48,0.47,tp,0.004025,1,0.6998,3
2022-09-13 17:55:00,SHORT,0.48,0.47,tp,0.004025,1,0.6823,3
2022-09-13 22:35:00,SHORT,0.47,0.47,tp,0.004025,1,0.6545,3
2022-09-14 00:00:00,LONG,0.46,0.47,tp,0.004,1,0.7139,3
2022-09-14 00:10:00,SHORT,0.47,0.46,tp,0.004025,1,0.7554,3
2022-09-14 00:35:00,LONG,0.47,0.47,tp,0.004,1,0.7206,3
2022-09-14 01:10:00,SHORT,0.47,0.47,sl,-0.003991,0,0.7534,3
2022-09-14 01:15:00,LONG,0.47,0.47,tp,0.004,1,0.6777,3
2022-09-14 03:30:00,SHORT,0.47,0.47,timeout,-0.000733,0,0.7311,3
2022-09-14 06:50:00,LONG,0.47,0.47,tp,0.004,1,0.6938,3
2022-09-14 08:25:00,LONG,0.47,0.47,tp,0.004,1,0.67,3
2022-09-14 11:55:00,SHORT,0.47,0.47,tp,0.004025,1,0.6714,3
2022-09-14 13:10:00,SHORT,0.48,0.48,tp,0.004025,1,0.779,3
2022-09-14 13:55:00,SHORT,0.48,0.49,sl,-0.003991,0,0.8122,3
2022-09-14 14:10:00,SHORT,0.49,0.48,tp,0.004025,1,0.7529,3
2022-09-14 14:25:00,LONG,0.48,0.48,tp,0.004,1,0.745,3
2022-09-14 14:50:00,SHORT,0.48,0.48,tp,0.004025,1,0.8128,3
2022-09-14 16:25:00,LONG,0.48,0.48,tp,0.004,1,0.6851,3
2022-09-14 16:40:00,SHORT,0.48,0.48,sl,-0.003991,0,0.6945,3
2022-09-14 17:25:00,SHORT,0.48,0.48,tp,0.004025,1,0.686,3
2022-09-14 18:30:00,SHORT,0.48,0.48,tp,0.004025,1,0.7959,3
2022-09-14 19:00:00,LONG,0.48,0.48,tp,0.004,1,0.6997,3
2022-09-14 19:40:00,SHORT,0.48,0.48,sl,-0.003991,0,0.7016,3
2022-09-15 01:10:00,LONG,0.48,0.48,tp,0.004,1,0.6601,3
2022-09-15 02:45:00,LONG,0.47,0.47,sl,-0.004,0,0.6704,3
2022-09-15 03:35:00,LONG,0.47,0.47,sl,-0.004,0,0.6559,3
2022-09-15 06:45:00,SHORT,0.48,0.47,tp,0.004025,1,0.6575,3
2022-09-15 07:50:00,SHORT,0.48,0.47,tp,0.004025,1,0.7209,3
2022-09-15 08:05:00,LONG,0.48,0.47,sl,-0.004,0,0.6828,3
2022-09-15 08:20:00,LONG,0.47,0.48,timeout,0.002009,1,0.6675,3
2022-09-15 09:45:00,SHORT,0.47,0.48,sl,-0.003991,0,0.6944,3
2022-09-15 10:15:00,SHORT,0.48,0.47,tp,0.004025,1,0.7085,3
2022-09-15 12:35:00,SHORT,0.48,0.47,tp,0.004025,1,0.7083,3
2022-09-15 14:15:00,SHORT,0.48,0.48,tp,0.004025,1,0.7371,3
2022-09-15 15:30:00,SHORT,0.47,0.47,tp,0.004025,1,0.7513,3
2022-09-15 16:30:00,SHORT,0.47,0.47,timeout,-0.001362,0,0.7126,3
2022-09-15 17:00:00,SHORT,0.47,0.47,timeout,0.002697,1,0.6608,3
2022-09-15 18:35:00,SHORT,0.47,0.47,tp,0.004025,1,0.6545,3
2022-09-16 00:00:00,SHORT,0.47,0.46,tp,0.004025,1,0.6622,3
2022-09-16 00:25:00,SHORT,0.47,0.47,tp,0.004025,1,0.7269,3
2022-09-16 00:35:00,LONG,0.46,0.47,tp,0.004,1,0.6526,3
2022-09-16 01:30:00,SHORT,0.47,0.47,tp,0.004025,1,0.6769,3
2022-09-16 13:50:00,SHORT,0.46,0.46,tp,0.004025,1,0.6504,3
2022-09-16 14:10:00,SHORT,0.46,0.46,sl,-0.003991,0,0.6835,3
2022-09-16 15:25:00,SHORT,0.46,0.46,tp,0.004025,1,0.7106,3
2022-09-16 15:55:00,SHORT,0.46,0.46,tp,0.004025,1,0.6922,3
2022-09-16 17:10:00,SHORT,0.46,0.46,sl,-0.003991,0,0.6975,3
2022-09-16 17:35:00,SHORT,0.46,0.46,tp,0.004025,1,0.7089,3
2022-09-16 20:55:00,SHORT,0.47,0.47,tp,0.004025,1,0.6989,3
2022-09-17 00:05:00,SHORT,0.47,0.48,sl,-0.003991,0,0.6627,3
2022-09-17 00:40:00,SHORT,0.48,0.48,tp,0.004025,1,0.7948,3
2022-09-17 01:00:00,SHORT,0.48,0.48,tp,0.004025,1,0.6776,3
2022-09-17 01:25:00,LONG,0.48,0.48,tp,0.004,1,0.6573,3
2022-09-17 02:20:00,SHORT,0.48,0.48,timeout,0.002603,1,0.6541,3
2022-09-17 14:05:00,SHORT,0.48,0.49,sl,-0.003991,0,0.6553,3
2022-09-17 15:35:00,SHORT,0.48,0.48,tp,0.004025,1,0.7117,3
2022-09-18 10:20:00,SHORT,0.48,0.48,tp,0.004025,1,0.6834,3
2022-09-18 14:45:00,LONG,0.47,0.47,tp,0.004,1,0.7055,3
2022-09-18 16:10:00,LONG,0.47,0.46,sl,-0.004,0,0.6784,3
2022-09-18 17:05:00,LONG,0.46,0.47,tp,0.004,1,0.7544,3
2022-09-18 17:15:00,SHORT,0.47,0.46,tp,0.004025,1,0.676,3
2022-09-18 17:30:00,LONG,0.46,0.47,tp,0.004,1,0.6644,3
2022-09-18 17:40:00,SHORT,0.47,0.46,tp,0.004025,1,0.6902,3
2022-09-18 18:15:00,LONG,0.46,0.47,tp,0.004,1,0.6885,3
2022-09-18 22:05:00,LONG,0.45,0.44,sl,-0.004,0,0.7675,3
2022-09-18 23:05:00,SHORT,0.45,0.45,tp,0.004025,1,0.681,3
2022-09-19 00:00:00,SHORT,0.45,0.44,tp,0.004025,1,0.6586,3
2022-09-19 00:05:00,LONG,0.44,0.45,tp,0.004,1,0.7781,3
2022-09-19 01:00:00,LONG,0.45,0.45,tp,0.004,1,0.6859,3
2022-09-19 01:30:00,LONG,0.45,0.45,sl,-0.004,0,0.6866,3
2022-09-19 02:15:00,LONG,0.44,0.44,sl,-0.004,0,0.7182,3
2022-09-19 02:40:00,LONG,0.44,0.44,tp,0.004,1,0.7362,3
2022-09-19 03:10:00,LONG,0.44,0.44,sl,-0.004,0,0.6692,3
2022-09-19 03:15:00,SHORT,0.44,0.43,tp,0.004025,1,0.6625,3
2022-09-19 03:40:00,LONG,0.43,0.44,tp,0.004,1,0.7627,3
2022-09-19 05:55:00,LONG,0.44,0.44,sl,-0.004,0,0.7177,3
2022-09-19 06:40:00,LONG,0.43,0.44,tp,0.004,1,0.7761,3
2022-09-19 08:30:00,LONG,0.43,0.43,timeout,-0.00292,0,0.7081,3
2022-09-19 09:35:00,LONG,0.43,0.44,tp,0.004,1,0.6826,3
2022-09-19 10:55:00,SHORT,0.44,0.44,tp,0.004025,1,0.6536,3
2022-09-19 12:00:00,LONG,0.44,0.44,tp,0.004,1,0.6744,3
2022-09-19 13:15:00,LONG,0.44,0.44,tp,0.004,1,0.6629,3
2022-09-19 14:35:00,SHORT,0.45,0.45,sl,-0.003991,0,0.6706,3
2022-09-19 15:35:00,LONG,0.45,0.45,tp,0.004,1,0.7454,3
2022-09-19 15:50:00,SHORT,0.45,0.45,sl,-0.003991,0,0.6738,3
2022-09-19 17:05:00,SHORT,0.45,0.45,tp,0.004025,1,0.6788,3
2022-09-19 17:35:00,LONG,0.45,0.45,tp,0.004,1,0.6613,3
2022-09-19 19:30:00,SHORT,0.45,0.46,sl,-0.003991,0,0.7418,3
2022-09-19 20:40:00,LONG,0.45,0.45,tp,0.004,1,0.6723,3
2022-09-20 00:10:00,LONG,0.45,0.45,sl,-0.004,0,0.6584,3
2022-09-20 00:30:00,LONG,0.45,0.45,sl,-0.004,0,0.7273,3
2022-09-20 12:50:00,SHORT,0.44,0.44,tp,0.004025,1,0.6946,3
2022-09-20 13:05:00,SHORT,0.44,0.44,tp,0.004025,1,0.6807,3
2022-09-20 14:15:00,LONG,0.44,0.44,tp,0.004,1,0.662,3
2022-09-20 14:25:00,SHORT,0.44,0.44,sl,-0.003991,0,0.7114,3
2022-09-20 15:05:00,SHORT,0.45,0.44,tp,0.004025,1,0.7599,3
2022-09-20 16:00:00,SHORT,0.45,0.45,tp,0.004025,1,0.688,3
2022-09-20 17:15:00,LONG,0.44,0.44,tp,0.004,1,0.7029,3
2022-09-20 17:35:00,LONG,0.44,0.44,tp,0.004,1,0.7207,3
2022-09-20 17:55:00,LONG,0.44,0.44,sl,-0.004,0,0.6882,3
2022-09-20 18:05:00,SHORT,0.44,0.44,tp,0.004025,1,0.679,3
2022-09-20 18:20:00,SHORT,0.44,0.44,sl,-0.003991,0,0.674,3
2022-09-20 18:45:00,SHORT,0.44,0.44,sl,-0.003991,0,0.6673,3
2022-09-21 00:55:00,SHORT,0.46,0.46,tp,0.004025,1,0.8198,3
2022-09-21 01:15:00,LONG,0.45,0.46,tp,0.004,1,0.6919,3
2022-09-21 02:05:00,SHORT,0.46,0.46,tp,0.004025,1,0.7526,3
2022-09-21 02:35:00,LONG,0.46,0.46,sl,-0.004,0,0.6514,3
2022-09-21 03:20:00,LONG,0.46,0.46,tp,0.004,1,0.6528,3
2022-09-21 03:40:00,LONG,0.46,0.46,tp,0.004,1,0.6606,3
2022-09-21 05:20:00,LONG,0.45,0.45,tp,0.004,1,0.7235,3
2022-09-21 06:00:00,SHORT,0.45,0.45,tp,0.004025,1,0.6528,3
2022-09-21 06:10:00,LONG,0.45,0.45,sl,-0.004,0,0.7371,3
2022-09-21 06:45:00,SHORT,0.45,0.44,tp,0.004025,1,0.786,3
2022-09-21 07:30:00,SHORT,0.45,0.45,sl,-0.003991,0,0.6812,3
2022-09-21 12:30:00,SHORT,0.45,0.45,tp,0.004025,1,0.6556,3
2022-09-21 13:55:00,LONG,0.45,0.45,sl,-0.004,0,0.7148,3
2022-09-21 15:40:00,SHORT,0.45,0.44,tp,0.004025,1,0.6982,3
2022-09-21 16:00:00,LONG,0.44,0.45,tp,0.004,1,0.6543,3
2022-09-21 17:00:00,SHORT,0.45,0.44,tp,0.004025,1,0.6679,3
2022-09-21 18:00:00,LONG,0.44,0.44,tp,0.004,1,0.7778,3
2022-09-21 18:45:00,SHORT,0.46,0.46,sl,-0.003991,0,0.6955,3
2022-09-21 20:55:00,SHORT,0.45,0.44,tp,0.004025,1,0.8131,3
2022-09-21 21:05:00,SHORT,0.44,0.44,tp,0.004025,1,0.6846,3
2022-09-21 21:15:00,SHORT,0.44,0.43,tp,0.004025,1,0.6591,3
2022-09-21 22:20:00,SHORT,0.43,0.43,sl,-0.003991,0,0.7222,3
2022-09-22 00:05:00,SHORT,0.44,0.44,tp,0.004025,1,0.7899,3
2022-09-22 00:30:00,SHORT,0.44,0.44,tp,0.004025,1,0.7907,3
2022-09-22 00:50:00,LONG,0.44,0.44,tp,0.004,1,0.7534,3
2022-09-22 01:10:00,SHORT,0.44,0.44,tp,0.004025,1,0.6715,3
2022-09-22 01:25:00,LONG,0.44,0.44,tp,0.004,1,0.7109,3
2022-09-22 01:30:00,SHORT,0.44,0.44,sl,-0.003991,0,0.7537,3
2022-09-22 01:40:00,LONG,0.44,0.44,tp,0.004,1,0.6803,3
2022-09-22 05:25:00,LONG,0.44,0.44,tp,0.004,1,0.6787,3
2022-09-22 08:40:00,SHORT,0.45,0.45,tp,0.004025,1,0.6935,3
2022-09-22 09:00:00,SHORT,0.45,0.45,sl,-0.003991,0,0.6918,3
2022-09-22 09:25:00,SHORT,0.45,0.45,tp,0.004025,1,0.6761,3
2022-09-22 11:25:00,LONG,0.45,0.46,tp,0.004,1,0.6605,3
2022-09-22 11:50:00,SHORT,0.46,0.46,sl,-0.003991,0,0.6946,3
2022-09-22 13:15:00,SHORT,0.46,0.46,tp,0.004025,1,0.7222,3
2022-09-22 13:55:00,LONG,0.45,0.45,tp,0.004,1,0.7696,3
2022-09-22 15:30:00,SHORT,0.45,0.45,sl,-0.003991,0,0.6697,3
2022-09-22 15:50:00,SHORT,0.45,0.45,tp,0.004025,1,0.6985,3
2022-09-22 19:45:00,SHORT,0.47,0.46,tp,0.004025,1,0.8281,3
2022-09-22 19:55:00,LONG,0.46,0.46,tp,0.004,1,0.7119,3
2022-09-22 20:45:00,SHORT,0.46,0.46,tp,0.004025,1,0.7498,3
2022-09-22 21:25:00,LONG,0.46,0.46,sl,-0.004,0,0.7024,3
2022-09-22 21:55:00,LONG,0.46,0.46,tp,0.004,1,0.7534,3
2022-09-22 23:05:00,SHORT,0.46,0.46,tp,0.004025,1,0.7776,3
2022-09-23 00:10:00,LONG,0.46,0.46,tp,0.004,1,0.7196,3
2022-09-23 00:20:00,SHORT,0.46,0.46,tp,0.004025,1,0.7257,3
2022-09-23 00:55:00,LONG,0.45,0.46,tp,0.004,1,0.7342,3
2022-09-23 02:30:00,LONG,0.46,0.46,tp,0.004,1,0.6506,3
2022-09-23 03:10:00,SHORT,0.47,0.47,tp,0.004025,1,0.8204,3
2022-09-23 04:25:00,LONG,0.48,0.47,sl,-0.004,0,0.704,3
2022-09-23 05:30:00,SHORT,0.47,0.47,tp,0.004025,1,0.743,3
2022-09-23 07:40:00,LONG,0.46,0.46,sl,-0.004,0,0.7858,3
2022-09-23 07:55:00,LONG,0.46,0.46,tp,0.004,1,0.708,3
2022-09-23 08:05:00,SHORT,0.46,0.46,tp,0.004025,1,0.6979,3
2022-09-23 08:45:00,LONG,0.45,0.46,tp,0.004,1,0.7497,3
2022-09-23 09:25:00,SHORT,0.46,0.46,tp,0.004025,1,0.7401,3
2022-09-23 10:15:00,SHORT,0.46,0.46,tp,0.004025,1,0.8144,3
2022-09-23 10:40:00,SHORT,0.46,0.46,tp,0.004025,1,0.7961,3
2022-09-23 11:10:00,LONG,0.45,0.46,tp,0.004,1,0.708,3
2022-09-23 11:25:00,SHORT,0.46,0.46,tp,0.004025,1,0.7714,3
2022-09-23 12:05:00,SHORT,0.46,0.45,tp,0.004025,1,0.7556,3
2022-09-23 13:20:00,SHORT,0.46,0.46,tp,0.004025,1,0.7255,3
2022-09-23 14:00:00,LONG,0.45,0.45,tp,0.004,1,0.7219,3
2022-09-23 14:25:00,SHORT,0.45,0.45,tp,0.004025,1,0.6577,3
2022-09-23 14:45:00,SHORT,0.45,0.45,tp,0.004025,1,0.8114,3
2022-09-23 15:00:00,LONG,0.45,0.45,tp,0.004,1,0.73,3
2022-09-23 15:30:00,SHORT,0.45,0.45,tp,0.004025,1,0.7236,3
2022-09-23 15:45:00,LONG,0.45,0.45,tp,0.004,1,0.6954,3
2022-09-23 16:25:00,LONG,0.45,0.45,tp,0.004,1,0.7921,3
2022-09-23 17:15:00,SHORT,0.45,0.45,tp,0.004025,1,0.7764,3
2022-09-23 17:35:00,LONG,0.45,0.45,tp,0.004,1,0.7103,3
2022-09-23 19:05:00,SHORT,0.45,0.45,tp,0.004025,1,0.7079,3
2022-09-23 19:40:00,SHORT,0.45,0.46,sl,-0.003991,0,0.7773,3
2022-09-23 21:20:00,SHORT,0.46,0.46,sl,-0.003991,0,0.6824,3
2022-09-23 22:35:00,SHORT,0.46,0.47,sl,-0.003991,0,0.6877,3
2022-09-23 23:00:00,SHORT,0.47,0.46,tp,0.004025,1,0.716,3
2022-09-23 23:30:00,SHORT,0.46,0.46,tp,0.004025,1,0.7544,3
2022-09-23 23:50:00,LONG,0.46,0.46,tp,0.004,1,0.6888,3
2022-09-24 00:05:00,SHORT,0.46,0.46,tp,0.004025,1,0.66,3
2022-09-24 00:15:00,LONG,0.46,0.46,tp,0.004,1,0.7759,3
2022-09-24 00:30:00,SHORT,0.46,0.46,tp,0.004025,1,0.7594,3
2022-09-24 01:15:00,SHORT,0.46,0.46,tp,0.004025,1,0.7194,3
2022-09-24 01:45:00,SHORT,0.46,0.47,sl,-0.003991,0,0.6594,3
2022-09-24 02:05:00,SHORT,0.46,0.47,sl,-0.003991,0,0.6837,3
2022-09-24 03:40:00,LONG,0.46,0.46,tp,0.004,1,0.6598,3
2022-09-24 04:55:00,SHORT,0.47,0.46,tp,0.004025,1,0.669,3
2022-09-24 05:50:00,SHORT,0.46,0.46,tp,0.004025,1,0.6853,3
2022-09-24 07:10:00,LONG,0.46,0.46,sl,-0.004,0,0.6526,3
2022-09-24 18:50:00,SHORT,0.46,0.46,timeout,-0.001131,0,0.6656,3
2022-09-25 14:45:00,SHORT,0.45,0.45,sl,-0.003991,0,0.6851,3
2022-09-25 22:00:00,LONG,0.44,0.44,tp,0.004,1,0.7031,3
2022-09-25 22:30:00,SHORT,0.45,0.45,sl,-0.003991,0,0.6636,3
2022-09-25 22:50:00,SHORT,0.45,0.45,sl,-0.003991,0,0.725,3
2022-09-25 23:25:00,SHORT,0.45,0.44,tp,0.004025,1,0.702,3
2022-09-25 23:50:00,SHORT,0.45,0.44,tp,0.004025,1,0.742,3
2022-09-26 00:10:00,SHORT,0.45,0.45,tp,0.004025,1,0.7331,3
2022-09-26 00:35:00,SHORT,0.45,0.45,tp,0.004025,1,0.7555,3
2022-09-26 01:05:00,SHORT,0.45,0.44,tp,0.004025,1,0.7419,3
2022-09-26 02:25:00,SHORT,0.45,0.45,tp,0.004025,1,0.6598,3
2022-09-26 03:00:00,LONG,0.44,0.44,tp,0.004,1,0.6949,3
2022-09-26 03:20:00,SHORT,0.45,0.44,tp,0.004025,1,0.6772,3
2022-09-26 03:40:00,LONG,0.44,0.45,tp,0.004,1,0.6806,3
2022-09-26 06:00:00,SHORT,0.44,0.44,tp,0.004025,1,0.6813,3
2022-09-26 06:15:00,LONG,0.44,0.44,tp,0.004,1,0.6668,3
2022-09-26 06:45:00,LONG,0.44,0.44,tp,0.004,1,0.677,3
2022-09-26 07:30:00,SHORT,0.44,0.44,sl,-0.003991,0,0.7052,3
2022-09-26 08:30:00,SHORT,0.45,0.45,sl,-0.003991,0,0.7221,3
2022-09-26 10:30:00,SHORT,0.45,0.44,tp,0.004025,1,0.6818,3
2022-09-26 12:05:00,LONG,0.44,0.44,tp,0.004,1,0.695,3
2022-09-26 12:25:00,SHORT,0.44,0.44,sl,-0.003991,0,0.6625,3
2022-09-26 15:30:00,LONG,0.44,0.45,tp,0.004,1,0.6801,3
2022-09-26 15:55:00,SHORT,0.45,0.44,tp,0.004025,1,0.6699,3
2022-09-26 16:15:00,SHORT,0.44,0.44,timeout,0.002962,1,0.6526,3
2022-09-26 17:30:00,SHORT,0.44,0.44,sl,-0.003991,0,0.6525,3
2022-09-26 18:00:00,SHORT,0.45,0.45,timeout,-0.002893,0,0.6611,3
2022-09-27 06:20:00,SHORT,0.46,0.46,sl,-0.003991,0,0.7034,3
2022-09-27 07:20:00,SHORT,0.46,0.46,tp,0.004025,1,0.6879,3
2022-09-27 14:05:00,LONG,0.45,0.46,tp,0.004,1,0.6739,3
2022-09-27 14:35:00,LONG,0.46,0.46,tp,0.004,1,0.6594,3
2022-09-27 14:50:00,SHORT,0.46,0.45,tp,0.004025,1,0.6575,3
2022-09-27 15:40:00,LONG,0.45,0.45,sl,-0.004,0,0.6545,3
2022-09-27 16:50:00,SHORT,0.44,0.44,sl,-0.003991,0,0.6631,3
2022-09-27 17:00:00,LONG,0.44,0.44,sl,-0.004,0,0.7259,3
2022-09-27 17:20:00,LONG,0.44,0.44,sl,-0.004,0,0.7587,3
2022-09-27 17:40:00,LONG,0.44,0.44,sl,-0.004,0,0.6914,3
2022-09-27 17:55:00,SHORT,0.44,0.44,sl,-0.003991,0,0.7334,3
2022-09-27 18:50:00,SHORT,0.44,0.44,timeout,-0.003351,0,0.6991,3
2022-09-27 20:20:00,LONG,0.44,0.44,tp,0.004,1,0.658,3
2022-09-28 01:40:00,LONG,0.43,0.43,tp,0.004,1,0.7482,3
2022-09-28 02:15:00,SHORT,0.43,0.43,tp,0.004025,1,0.6812,3
2022-09-28 04:20:00,LONG,0.43,0.43,timeout,-0.000837,0,0.6576,3
2022-09-28 07:10:00,LONG,0.43,0.43,tp,0.004,1,0.7011,3
2022-09-28 08:05:00,LONG,0.43,0.43,sl,-0.004,0,0.6868,3
2022-09-28 08:35:00,LONG,0.43,0.43,sl,-0.004,0,0.674,3
2022-09-28 09:20:00,LONG,0.43,0.43,tp,0.004,1,0.7176,3
2022-09-28 10:20:00,SHORT,0.43,0.43,sl,-0.003991,0,0.6795,3
2022-09-28 10:30:00,LONG,0.43,0.43,tp,0.004,1,0.6795,3
2022-09-28 10:40:00,SHORT,0.43,0.43,tp,0.004025,1,0.6965,3
2022-09-28 11:30:00,SHORT,0.43,0.43,tp,0.004025,1,0.6822,3
2022-09-28 14:45:00,SHORT,0.44,0.44,tp,0.004025,1,0.7123,3
2022-09-29 14:20:00,SHORT,0.43,0.43,sl,-0.003991,0,0.7219,3
2022-09-29 15:45:00,SHORT,0.43,0.43,tp,0.004025,1,0.6614,3
2022-09-30 11:25:00,SHORT,0.43,0.43,tp,0.004025,1,0.651,3
2022-09-30 16:00:00,LONG,0.43,0.43,sl,-0.004,0,0.653,3
2022-10-02 13:15:00,SHORT,0.42,0.42,timeout,-0.000111,0,0.6972,4
2022-10-02 22:55:00,SHORT,0.42,0.42,tp,0.004025,1,0.6522,4
2022-10-02 23:45:00,SHORT,0.42,0.42,tp,0.004025,1,0.7303,4
2022-10-03 00:45:00,SHORT,0.42,0.42,sl,-0.003991,0,0.7577,4
2022-10-03 01:30:00,SHORT,0.42,0.42,timeout,-0.001527,0,0.6645,4
2022-10-03 15:15:00,SHORT,0.43,0.43,tp,0.004025,1,0.7956,4
2022-10-04 08:05:00,SHORT,0.43,0.43,tp,0.004025,1,0.6618,4
2022-10-05 13:30:00,SHORT,0.43,0.42,tp,0.004025,1,0.6561,4
2022-10-05 16:45:00,SHORT,0.43,0.43,tp,0.004025,1,0.8158,4
2022-10-05 17:15:00,SHORT,0.43,0.43,tp,0.004025,1,0.6986,4
2022-10-06 09:40:00,SHORT,0.43,0.43,timeout,-0.001073,0,0.6777,4
2022-10-07 07:05:00,SHORT,0.43,0.43,timeout,-0.002934,0,0.6617,4
2022-10-07 11:10:00,SHORT,0.43,0.43,timeout,-0.002933,0,0.7032,4
2022-10-07 11:30:00,SHORT,0.43,0.43,tp,0.004025,1,0.6914,4
2022-10-07 11:50:00,SHORT,0.43,0.43,tp,0.004025,1,0.7022,4
2022-10-07 12:05:00,SHORT,0.43,0.43,tp,0.004025,1,0.6692,4
2022-10-07 12:25:00,SHORT,0.43,0.42,tp,0.004025,1,0.705,4
2022-10-07 14:55:00,SHORT,0.43,0.42,tp,0.004025,1,0.6513,4
2022-10-07 15:35:00,SHORT,0.42,0.42,timeout,-0.000347,0,0.6693,4
2022-10-07 15:55:00,SHORT,0.42,0.42,timeout,-0.001292,0,0.6638,4
2022-10-07 16:25:00,SHORT,0.42,0.42,sl,-0.003991,0,0.7692,4
2022-10-10 08:10:00,SHORT,0.42,0.42,tp,0.004025,1,0.6575,4
2022-10-10 11:15:00,SHORT,0.42,0.42,tp,0.004025,1,0.6796,4
2022-10-10 14:40:00,SHORT,0.42,0.42,timeout,-0.002961,0,0.7338,4
2022-10-11 00:00:00,SHORT,0.4,0.39,tp,0.004025,1,0.7337,4
2022-10-11 00:30:00,SHORT,0.39,0.39,sl,-0.003991,0,0.7658,4
2022-10-11 00:50:00,SHORT,0.39,0.39,sl,-0.003991,0,0.7654,4
2022-10-11 01:10:00,SHORT,0.39,0.4,sl,-0.003991,0,0.697,4
2022-10-11 03:45:00,SHORT,0.4,0.4,sl,-0.003991,0,0.6513,4
2022-10-11 05:25:00,SHORT,0.4,0.4,timeout,-0.000489,0,0.6761,4
2022-10-11 09:20:00,SHORT,0.4,0.4,timeout,-0.001495,0,0.663,4
2022-10-11 09:40:00,SHORT,0.4,0.4,sl,-0.003991,0,0.6627,4
2022-10-11 10:45:00,SHORT,0.4,0.4,sl,-0.003991,0,0.6798,4
2022-10-12 22:45:00,SHORT,0.38,0.38,timeout,-0.001475,0,0.6852,4
2022-10-12 22:50:00,SHORT,0.38,0.38,timeout,-0.002785,0,0.7193,4
2022-10-12 22:55:00,SHORT,0.38,0.38,timeout,-0.003047,0,0.7272,4
2022-10-12 23:05:00,SHORT,0.38,0.38,timeout,-0.000425,0,0.8312,4
2022-10-12 23:10:00,SHORT,0.38,0.38,timeout,-0.00095,0,0.6914,4
2022-10-12 23:15:00,SHORT,0.38,0.38,sl,-0.003991,0,0.7235,4
2022-10-12 23:25:00,SHORT,0.38,0.38,sl,-0.003991,0,0.686,4
2022-10-13 01:40:00,SHORT,0.38,0.38,tp,0.004025,1,0.7379,4
2022-10-13 02:20:00,SHORT,0.37,0.37,tp,0.004025,1,0.7192,4
2022-10-13 07:30:00,SHORT,0.36,0.36,tp,0.004025,1,0.7047,4
2022-10-13 10:30:00,LONG,0.35,0.35,tp,0.004,1,0.7005,4
2022-10-13 10:45:00,SHORT,0.36,0.36,sl,-0.003991,0,0.8377,4
2022-10-13 11:40:00,SHORT,0.36,0.36,tp,0.004025,1,0.7766,4
2022-10-13 12:25:00,SHORT,0.37,0.37,tp,0.004025,1,0.8286,4
2022-10-13 12:35:00,SHORT,0.36,0.36,tp,0.004025,1,0.7107,4
2022-10-13 12:40:00,SHORT,0.36,0.36,sl,-0.003991,0,0.6879,4
2022-10-13 12:55:00,SHORT,0.36,0.36,tp,0.004025,1,0.8856,4
2022-10-13 13:15:00,LONG,0.36,0.36,tp,0.004,1,0.6538,4
2022-10-13 13:50:00,SHORT,0.37,0.37,sl,-0.003991,0,0.7962,4
2022-10-13 14:30:00,SHORT,0.36,0.37,sl,-0.003991,0,0.733,4
2022-10-13 15:40:00,SHORT,0.37,0.37,sl,-0.003991,0,0.6938,4
2022-10-13 16:05:00,SHORT,0.38,0.38,tp,0.004025,1,0.9057,4
2022-10-13 16:40:00,SHORT,0.38,0.38,tp,0.004025,1,0.8534,4
2022-10-14 00:35:00,SHORT,0.38,0.38,sl,-0.003991,0,0.661,4
2022-10-14 02:35:00,SHORT,0.39,0.39,sl,-0.003991,0,0.7165,4
2022-10-14 03:00:00,SHORT,0.39,0.39,timeout,0.000579,1,0.8315,4
2022-10-14 03:30:00,SHORT,0.39,0.39,tp,0.004025,1,0.7295,4
2022-10-14 04:10:00,SHORT,0.39,0.39,timeout,0.001624,1,0.6616,4
2022-10-14 05:45:00,SHORT,0.39,0.38,timeout,0.000859,1,0.6717,4
2022-10-14 08:15:00,SHORT,0.38,0.38,tp,0.004025,1,0.7015,4
2022-10-14 09:05:00,SHORT,0.38,0.38,sl,-0.003991,0,0.6747,4
2022-10-14 10:05:00,SHORT,0.38,0.38,timeout,0.001669,1,0.67,4
2022-10-14 10:25:00,SHORT,0.38,0.38,timeout,0.000616,1,0.7319,4
2022-10-14 10:50:00,SHORT,0.38,0.38,sl,-0.003991,0,0.7223,4
2022-10-14 11:20:00,SHORT,0.38,0.38,tp,0.004025,1,0.7305,4
2022-10-14 11:45:00,SHORT,0.38,0.38,tp,0.004025,1,0.6886,4
2022-10-14 13:00:00,SHORT,0.38,0.38,tp,0.004025,1,0.7299,4
2022-10-14 15:00:00,SHORT,0.38,0.37,tp,0.004025,1,0.7322,4
2022-10-14 15:15:00,LONG,0.37,0.37,sl,-0.004,0,0.6559,4
2022-10-14 16:25:00,SHORT,0.37,0.37,tp,0.004025,1,0.8174,4
2022-10-14 16:40:00,SHORT,0.37,0.37,tp,0.004025,1,0.6623,4
2022-10-14 17:45:00,SHORT,0.37,0.37,tp,0.004025,1,0.7034,4
2022-10-14 23:05:00,SHORT,0.37,0.37,sl,-0.003991,0,0.6537,4
2022-10-16 22:10:00,SHORT,0.37,0.37,sl,-0.003991,0,0.6868,4
2022-10-16 22:50:00,SHORT,0.37,0.37,tp,0.004025,1,0.6658,4
2022-10-17 00:05:00,SHORT,0.37,0.37,tp,0.004025,1,0.6793,4
2022-10-18 15:50:00,SHORT,0.37,0.37,timeout,-0.001726,0,0.6776,4
2022-10-18 16:15:00,SHORT,0.37,0.36,tp,0.004025,1,0.6608,4
2022-10-20 01:15:00,SHORT,0.35,0.35,timeout,-0.003705,0,0.7426,4
2022-10-20 19:05:00,SHORT,0.35,0.34,tp,0.004025,1,0.659,4
2022-10-20 20:45:00,SHORT,0.34,0.34,tp,0.004025,1,0.6611,4
2022-10-20 21:20:00,SHORT,0.34,0.34,sl,-0.003991,0,0.6704,4
2022-10-21 00:50:00,SHORT,0.34,0.34,timeout,-0.003766,0,0.7346,4
2022-10-21 12:25:00,SHORT,0.33,0.33,sl,-0.003991,0,0.7422,4
2022-10-21 12:40:00,SHORT,0.34,0.34,sl,-0.003991,0,0.8118,4
2022-10-21 13:05:00,SHORT,0.34,0.34,tp,0.004025,1,0.8388,4
2022-10-21 14:50:00,SHORT,0.34,0.34,sl,-0.003991,0,0.7059,4
2022-10-21 16:00:00,SHORT,0.34,0.34,tp,0.004025,1,0.8009,4
2022-10-21 19:20:00,SHORT,0.35,0.35,sl,-0.003991,0,0.6775,4
2022-10-21 19:40:00,SHORT,0.35,0.35,sl,-0.003991,0,0.7453,4
2022-10-23 22:00:00,SHORT,0.36,0.36,sl,-0.003991,0,0.7254,4
2022-10-23 22:35:00,SHORT,0.36,0.36,tp,0.004025,1,0.7687,4
2022-10-24 00:05:00,SHORT,0.36,0.36,sl,-0.003991,0,0.7317,4
2022-10-24 10:55:00,SHORT,0.36,0.36,tp,0.004025,1,0.771,4
2022-10-24 12:10:00,SHORT,0.36,0.36,tp,0.004025,1,0.6665,4
2022-10-24 12:25:00,SHORT,0.36,0.36,tp,0.004025,1,0.6534,4
2022-10-24 14:15:00,SHORT,0.36,0.35,tp,0.004025,1,0.7183,4
2022-10-24 14:35:00,SHORT,0.36,0.36,sl,-0.003991,0,0.7355,4
2022-10-24 16:25:00,SHORT,0.36,0.36,tp,0.004025,1,0.6534,4
2022-10-24 19:20:00,SHORT,0.36,0.36,tp,0.004025,1,0.6597,4
2022-10-25 16:00:00,SHORT,0.38,0.38,sl,-0.003991,0,0.787,4
2022-10-25 17:35:00,SHORT,0.41,0.41,tp,0.004025,1,0.9312,4
2022-10-25 18:05:00,SHORT,0.41,0.41,tp,0.004025,1,0.7772,4
2022-10-25 18:30:00,SHORT,0.41,0.41,tp,0.004025,1,0.7978,4
2022-10-25 18:40:00,LONG,0.41,0.41,tp,0.004,1,0.683,4
2022-10-25 19:15:00,SHORT,0.41,0.41,tp,0.004025,1,0.7488,4
2022-10-25 21:10:00,SHORT,0.41,0.41,tp,0.004025,1,0.8684,4
2022-10-25 23:40:00,LONG,0.4,0.4,sl,-0.004,0,0.6651,4
2022-10-25 23:55:00,LONG,0.4,0.4,tp,0.004,1,0.6597,4
2022-10-26 00:15:00,SHORT,0.4,0.4,tp,0.004025,1,0.7986,4
2022-10-26 00:55:00,SHORT,0.4,0.4,tp,0.004025,1,0.736,4
2022-10-26 02:20:00,SHORT,0.4,0.4,tp,0.004025,1,0.6558,4
2022-10-26 03:25:00,SHORT,0.4,0.4,tp,0.004025,1,0.6691,4
2022-10-26 07:05:00,SHORT,0.41,0.41,sl,-0.003991,0,0.6823,4
2022-10-26 07:25:00,SHORT,0.41,0.4,tp,0.004025,1,0.7962,4
2022-10-26 08:05:00,SHORT,0.4,0.4,sl,-0.003991,0,0.6832,4
2022-10-26 08:35:00,SHORT,0.41,0.4,tp,0.004025,1,0.8216,4
2022-10-26 09:50:00,SHORT,0.41,0.4,tp,0.004025,1,0.6848,4
2022-10-26 10:35:00,SHORT,0.41,0.41,sl,-0.003991,0,0.8004,4
2022-10-26 11:00:00,SHORT,0.41,0.41,tp,0.004025,1,0.71,4
2022-10-26 11:25:00,SHORT,0.41,0.4,tp,0.004025,1,0.7024,4
2022-10-26 13:45:00,SHORT,0.4,0.4,tp,0.004025,1,0.821,4
2022-10-26 14:15:00,SHORT,0.41,0.41,tp,0.004025,1,0.8767,4
2022-10-26 14:40:00,SHORT,0.41,0.4,tp,0.004025,1,0.7132,4
2022-10-26 15:05:00,SHORT,0.4,0.41,sl,-0.003991,0,0.731,4
2022-10-26 15:40:00,SHORT,0.41,0.41,tp,0.004025,1,0.7623,4
2022-10-26 16:00:00,SHORT,0.41,0.41,tp,0.004025,1,0.7694,4
2022-10-26 18:00:00,SHORT,0.41,0.4,tp,0.004025,1,0.8404,4
2022-10-26 19:15:00,SHORT,0.4,0.4,sl,-0.003991,0,0.7401,4
2022-10-26 21:15:00,SHORT,0.4,0.4,tp,0.004025,1,0.6532,4
2022-10-27 00:55:00,SHORT,0.41,0.41,tp,0.004025,1,0.8499,4
2022-10-27 02:55:00,LONG,0.4,0.4,tp,0.004,1,0.6708,4
2022-10-27 03:05:00,SHORT,0.41,0.41,timeout,-0.000524,0,0.7661,4
2022-10-27 04:50:00,SHORT,0.41,0.41,sl,-0.003991,0,0.6917,4
2022-10-27 05:45:00,SHORT,0.42,0.41,tp,0.004025,1,0.8162,4
2022-10-27 08:15:00,SHORT,0.41,0.41,tp,0.004025,1,0.7399,4
2022-10-27 09:05:00,SHORT,0.4,0.41,sl,-0.003991,0,0.6999,4
2022-10-27 09:45:00,SHORT,0.41,0.4,tp,0.004025,1,0.717,4
2022-10-27 10:20:00,SHORT,0.41,0.4,tp,0.004025,1,0.7249,4
2022-10-27 11:15:00,SHORT,0.41,0.4,tp,0.004025,1,0.7023,4
2022-10-27 11:30:00,SHORT,0.41,0.4,tp,0.004025,1,0.7646,4
2022-10-27 12:10:00,SHORT,0.4,0.4,sl,-0.003991,0,0.7202,4
2022-10-27 12:55:00,SHORT,0.41,0.41,tp,0.004025,1,0.869,4
2022-10-27 13:15:00,SHORT,0.41,0.41,sl,-0.003991,0,0.6527,4
2022-10-27 13:30:00,SHORT,0.41,0.41,tp,0.004025,1,0.7174,4
2022-10-27 14:50:00,SHORT,0.4,0.4,tp,0.004025,1,0.74,4
2022-10-27 15:30:00,SHORT,0.4,0.4,tp,0.004025,1,0.7182,4
2022-10-27 16:25:00,LONG,0.4,0.4,tp,0.004,1,0.6511,4
2022-10-27 17:10:00,SHORT,0.4,0.4,sl,-0.003991,0,0.6818,4
2022-10-27 20:10:00,SHORT,0.39,0.39,tp,0.004025,1,0.6774,4
2022-10-27 20:30:00,SHORT,0.4,0.39,tp,0.004025,1,0.8002,4
2022-10-27 20:50:00,SHORT,0.39,0.39,tp,0.004025,1,0.6837,4
2022-10-27 21:35:00,SHORT,0.39,0.39,sl,-0.003991,0,0.6909,4
2022-10-28 00:20:00,SHORT,0.39,0.39,tp,0.004025,1,0.6661,4
2022-10-28 01:15:00,SHORT,0.39,0.39,sl,-0.003991,0,0.7666,4
2022-10-28 12:30:00,SHORT,0.38,0.38,tp,0.004025,1,0.7223,4
2022-10-28 13:15:00,SHORT,0.39,0.39,sl,-0.003991,0,0.8652,4
2022-10-28 15:10:00,SHORT,0.39,0.39,sl,-0.003991,0,0.7914,4
2022-10-28 16:15:00,SHORT,0.4,0.41,sl,-0.003991,0,0.8801,4
2022-10-28 16:20:00,SHORT,0.4,0.41,sl,-0.003991,0,0.6576,4
2022-10-28 16:30:00,SHORT,0.41,0.4,tp,0.004025,1,0.8841,4
2022-10-28 16:55:00,SHORT,0.4,0.4,tp,0.004025,1,0.8153,4
2022-10-28 20:40:00,SHORT,0.41,0.4,tp,0.004025,1,0.6617,4
2022-10-28 21:20:00,SHORT,0.41,0.41,tp,0.004025,1,0.8626,4
2022-10-29 03:35:00,SHORT,0.41,0.41,tp,0.004025,1,0.7138,4
2022-10-29 08:30:00,SHORT,0.41,0.41,tp,0.004025,1,0.7215,4
2022-10-29 11:20:00,SHORT,0.41,0.4,tp,0.004025,1,0.6697,4
2022-10-29 11:50:00,SHORT,0.41,0.41,timeout,-0.002492,0,0.7426,4
2022-10-29 16:25:00,SHORT,0.43,0.43,sl,-0.003991,0,0.7257,4
2022-10-29 16:30:00,SHORT,0.44,0.44,tp,0.004025,1,0.9634,4
2022-10-29 16:35:00,SHORT,0.43,0.43,tp,0.004025,1,0.6793,4
2022-10-29 17:45:00,SHORT,0.43,0.43,tp,0.004025,1,0.7458,4
2022-10-29 19:15:00,SHORT,0.42,0.42,tp,0.004025,1,0.7451,4
2022-10-29 20:20:00,SHORT,0.42,0.42,sl,-0.003991,0,0.6713,4
2022-10-29 20:50:00,SHORT,0.42,0.42,sl,-0.003991,0,0.737,4
2022-10-29 21:05:00,SHORT,0.42,0.42,sl,-0.003991,0,0.709,4
2022-10-29 21:50:00,SHORT,0.42,0.42,tp,0.004025,1,0.7143,4
2022-10-29 22:50:00,LONG,0.41,0.42,tp,0.004,1,0.6595,4
2022-10-29 23:20:00,SHORT,0.42,0.42,sl,-0.003991,0,0.6832,4
2022-10-30 03:25:00,SHORT,0.42,0.42,tp,0.004025,1,0.7028,4
2022-10-30 06:40:00,SHORT,0.42,0.42,sl,-0.003991,0,0.6623,4
2022-10-30 07:55:00,SHORT,0.42,0.42,tp,0.004025,1,0.7842,4
2022-10-30 09:15:00,SHORT,0.42,0.42,sl,-0.003991,0,0.7384,4
2022-10-30 09:30:00,SHORT,0.42,0.42,tp,0.004025,1,0.7846,4
2022-10-30 10:05:00,SHORT,0.41,0.41,tp,0.004025,1,0.7076,4
2022-10-30 13:30:00,SHORT,0.41,0.41,tp,0.004025,1,0.7469,4
2022-10-30 14:35:00,SHORT,0.41,0.41,tp,0.004025,1,0.7437,4
2022-10-30 15:00:00,SHORT,0.41,0.41,tp,0.004025,1,0.7785,4
2022-10-30 16:15:00,SHORT,0.41,0.4,tp,0.004025,1,0.8002,4
2022-10-30 19:05:00,SHORT,0.41,0.41,timeout,-0.003225,0,0.7151,4
2022-10-30 21:30:00,SHORT,0.41,0.41,tp,0.004025,1,0.7233,4
2022-10-30 22:05:00,SHORT,0.4,0.4,tp,0.004025,1,0.6596,4
2022-10-30 22:15:00,SHORT,0.4,0.4,tp,0.004025,1,0.7249,4
2022-10-30 23:00:00,SHORT,0.4,0.41,sl,-0.003991,0,0.6779,4
2022-10-30 23:35:00,SHORT,0.41,0.41,sl,-0.003991,0,0.697,4
2022-10-31 00:15:00,SHORT,0.41,0.41,tp,0.004025,1,0.7244,4
2022-10-31 01:05:00,SHORT,0.4,0.4,tp,0.004025,1,0.7623,4
2022-10-31 01:25:00,SHORT,0.4,0.4,tp,0.004025,1,0.6547,4
2022-10-31 03:50:00,SHORT,0.4,0.4,timeout,-0.001504,0,0.7282,4
2022-10-31 07:00:00,SHORT,0.4,0.4,timeout,-0.000254,0,0.7188,4
2022-10-31 08:05:00,SHORT,0.4,0.4,tp,0.004025,1,0.6843,4
2022-10-31 10:05:00,SHORT,0.41,0.41,tp,0.004025,1,0.6683,4
2022-10-31 10:50:00,SHORT,0.41,0.41,sl,-0.003991,0,0.7614,4
2022-10-31 11:40:00,SHORT,0.41,0.41,tp,0.004025,1,0.6588,4
2022-10-31 12:30:00,SHORT,0.41,0.41,tp,0.004025,1,0.8012,4
2022-10-31 13:40:00,SHORT,0.41,0.41,tp,0.004025,1,0.716,4
2022-10-31 13:45:00,SHORT,0.41,0.41,tp,0.004025,1,0.6942,4
2022-10-31 14:00:00,SHORT,0.4,0.4,tp,0.004025,1,0.7006,4
2022-10-31 14:15:00,SHORT,0.4,0.4,tp,0.004025,1,0.8339,4
2022-10-31 15:10:00,SHORT,0.4,0.4,sl,-0.003991,0,0.769,4
2022-10-31 15:50:00,SHORT,0.41,0.4,tp,0.004025,1,0.8185,4
2022-10-31 16:15:00,SHORT,0.41,0.4,tp,0.004025,1,0.7587,4
2022-10-31 17:35:00,SHORT,0.41,0.4,timeout,-2.5e-05,0,0.6651,4
2022-11-01 06:50:00,SHORT,0.41,0.41,tp,0.004025,1,0.6617,4
2022-11-01 09:10:00,SHORT,0.41,0.41,sl,-0.003991,0,0.6755,4
2022-11-01 10:35:00,SHORT,0.41,0.41,tp,0.004025,1,0.7407,4
2022-11-01 11:30:00,SHORT,0.41,0.41,timeout,-0.001512,0,0.6811,4
2022-11-01 11:55:00,SHORT,0.41,0.41,timeout,-0.001025,0,0.7053,4
2022-11-01 18:05:00,SHORT,0.4,0.4,timeout,-0.000762,0,0.6875,4
2022-11-02 00:20:00,SHORT,0.4,0.4,sl,-0.003991,0,0.6845,4
2022-11-02 00:45:00,SHORT,0.4,0.4,timeout,-0.000249,0,0.756,4
2022-11-02 07:50:00,SHORT,0.4,0.4,sl,-0.003991,0,0.7365,4
2022-11-02 08:25:00,SHORT,0.4,0.4,sl,-0.003991,0,0.7189,4
2022-11-02 10:35:00,SHORT,0.39,0.39,sl,-0.003991,0,0.7729,4
2022-11-02 11:30:00,SHORT,0.39,0.39,tp,0.004025,1,0.7582,4
2022-11-02 12:20:00,SHORT,0.39,0.39,tp,0.004025,1,0.688,4
2022-11-02 15:40:00,SHORT,0.39,0.39,tp,0.004025,1,0.7312,4
2022-11-02 15:50:00,SHORT,0.39,0.39,tp,0.004025,1,0.6503,4
2022-11-02 16:55:00,SHORT,0.4,0.39,tp,0.004025,1,0.7794,4
2022-11-02 17:25:00,SHORT,0.4,0.39,tp,0.004025,1,0.7417,4
2022-11-02 18:00:00,SHORT,0.4,0.4,sl,-0.003991,0,0.7135,4
2022-11-02 19:05:00,SHORT,0.4,0.4,tp,0.004025,1,0.8479,4
2022-11-02 19:25:00,SHORT,0.39,0.39,tp,0.004025,1,0.6984,4
2022-11-02 19:50:00,LONG,0.39,0.39,sl,-0.004,0,0.6783,4
2022-11-02 20:15:00,SHORT,0.38,0.38,tp,0.004025,1,0.655,4
2022-11-02 20:20:00,LONG,0.38,0.38,tp,0.004,1,0.7186,4
2022-11-03 02:05:00,SHORT,0.39,0.39,sl,-0.003991,0,0.7213,4
2022-11-03 04:15:00,SHORT,0.4,0.39,tp,0.004025,1,0.6824,4
2022-11-03 11:50:00,SHORT,0.39,0.39,sl,-0.003991,0,0.7791,4
2022-11-03 12:05:00,SHORT,0.39,0.39,tp,0.004025,1,0.71,4
2022-11-03 13:05:00,SHORT,0.39,0.39,tp,0.004025,1,0.7857,4
2022-11-03 14:25:00,SHORT,0.39,0.4,sl,-0.003991,0,0.8422,4
2022-11-03 16:15:00,SHORT,0.4,0.4,timeout,-0.002252,0,0.7371,4
2022-11-03 16:55:00,SHORT,0.4,0.39,timeout,0.002054,1,0.674,4
2022-11-04 01:05:00,SHORT,0.4,0.4,tp,0.004025,1,0.8743,4
2022-11-04 01:40:00,SHORT,0.4,0.4,sl,-0.003991,0,0.8705,4
2022-11-04 06:55:00,SHORT,0.41,0.41,timeout,0.000677,1,0.781,4
2022-11-04 07:35:00,SHORT,0.41,0.41,tp,0.004025,1,0.6976,4
2022-11-04 08:00:00,SHORT,0.41,0.41,tp,0.004025,1,0.7217,4
2022-11-04 08:35:00,SHORT,0.41,0.41,sl,-0.003991,0,0.6888,4
2022-11-04 13:25:00,SHORT,0.42,0.42,tp,0.004025,1,0.8923,4
2022-11-04 13:45:00,LONG,0.41,0.41,tp,0.004,1,0.6613,4
2022-11-04 14:40:00,SHORT,0.42,0.42,tp,0.004025,1,0.8233,4
2022-11-04 15:50:00,LONG,0.41,0.41,sl,-0.004,0,0.7011,4
2022-11-04 16:25:00,SHORT,0.41,0.41,tp,0.004025,1,0.8317,4
2022-11-04 17:00:00,SHORT,0.41,0.41,tp,0.004025,1,0.7247,4
2022-11-04 17:05:00,LONG,0.41,0.41,tp,0.004,1,0.6561,4
2022-11-04 17:50:00,SHORT,0.42,0.42,sl,-0.003991,0,0.8848,4
2022-11-04 19:10:00,SHORT,0.42,0.42,tp,0.004025,1,0.861,4
2022-11-04 19:40:00,SHORT,0.42,0.43,sl,-0.003991,0,0.8313,4
2022-11-04 20:00:00,SHORT,0.42,0.42,sl,-0.003991,0,0.6979,4
2022-11-04 20:15:00,SHORT,0.43,0.42,tp,0.004025,1,0.8762,4
2022-11-04 21:10:00,SHORT,0.42,0.42,tp,0.004025,1,0.6782,4
2022-11-04 21:50:00,SHORT,0.42,0.42,tp,0.004025,1,0.6997,4
2022-11-05 01:00:00,SHORT,0.43,0.43,tp,0.004025,1,0.7989,4
2022-11-05 01:35:00,SHORT,0.43,0.43,tp,0.004025,1,0.8465,4
2022-11-05 02:10:00,SHORT,0.43,0.43,sl,-0.003991,0,0.753,4
2022-11-05 02:55:00,SHORT,0.43,0.43,tp,0.004025,1,0.8215,4
2022-11-05 03:15:00,SHORT,0.43,0.43,tp,0.004025,1,0.6929,4
2022-11-05 03:25:00,SHORT,0.43,0.43,sl,-0.003991,0,0.7115,4
2022-11-05 10:05:00,SHORT,0.43,0.43,sl,-0.003991,0,0.6833,4
2022-11-05 11:20:00,SHORT,0.43,0.43,sl,-0.003991,0,0.7637,4
2022-11-05 15:35:00,SHORT,0.43,0.43,tp,0.004025,1,0.7527,4
2022-11-05 17:20:00,SHORT,0.43,0.43,tp,0.004025,1,0.6861,4
2022-11-05 18:15:00,SHORT,0.43,0.43,tp,0.004025,1,0.7311,4
2022-11-05 18:35:00,SHORT,0.43,0.43,tp,0.004025,1,0.7742,4
2022-11-05 19:05:00,SHORT,0.43,0.43,timeout,0.000817,1,0.7122,4
2022-11-05 19:20:00,SHORT,0.43,0.43,timeout,-0.000359,0,0.7742,4
2022-11-05 22:30:00,SHORT,0.43,0.43,tp,0.004025,1,0.7098,4
2022-11-05 23:40:00,SHORT,0.43,0.43,tp,0.004025,1,0.7458,4
2022-11-06 00:05:00,SHORT,0.43,0.42,tp,0.004025,1,0.7231,4
2022-11-06 00:15:00,LONG,0.42,0.43,tp,0.004,1,0.6666,4
2022-11-06 02:00:00,SHORT,0.42,0.42,tp,0.004025,1,0.7174,4
2022-11-06 02:35:00,SHORT,0.42,0.42,tp,0.004025,1,0.6623,4
2022-11-06 03:55:00,SHORT,0.43,0.42,timeout,0.001529,1,0.6652,4
2022-11-06 09:20:00,SHORT,0.42,0.42,timeout,0.003201,1,0.6533,4
2022-11-06 10:50:00,SHORT,0.42,0.42,tp,0.004025,1,0.6645,4
2022-11-06 12:40:00,SHORT,0.42,0.42,timeout,-0.001289,0,0.7406,4
2022-11-06 16:30:00,SHORT,0.43,0.42,tp,0.004025,1,0.8408,4
2022-11-06 18:25:00,SHORT,0.42,0.42,sl,-0.003991,0,0.7347,4
2022-11-06 22:05:00,SHORT,0.42,0.42,tp,0.004025,1,0.6599,4
2022-11-06 22:15:00,LONG,0.41,0.41,tp,0.004,1,0.6654,4
2022-11-06 22:50:00,SHORT,0.41,0.41,tp,0.004025,1,0.786,4
2022-11-06 23:35:00,LONG,0.4,0.4,tp,0.004,1,0.6909,4
2022-11-06 23:45:00,SHORT,0.4,0.4,tp,0.004025,1,0.8171,4
2022-11-07 00:15:00,SHORT,0.4,0.4,tp,0.004025,1,0.7999,4
2022-11-07 01:55:00,SHORT,0.41,0.41,sl,-0.003991,0,0.7669,4
2022-11-07 02:15:00,SHORT,0.41,0.41,tp,0.004025,1,0.6924,4
2022-11-07 02:45:00,SHORT,0.41,0.41,tp,0.004025,1,0.7713,4
2022-11-07 05:40:00,SHORT,0.41,0.41,tp,0.004025,1,0.6604,4
2022-11-07 07:50:00,SHORT,0.4,0.4,sl,-0.003991,0,0.6846,4
2022-11-07 08:15:00,SHORT,0.4,0.4,sl,-0.003991,0,0.7862,4
2022-11-07 08:35:00,SHORT,0.41,0.4,tp,0.004025,1,0.7784,4
2022-11-07 09:05:00,SHORT,0.41,0.41,sl,-0.003991,0,0.6989,4
2022-11-07 09:25:00,SHORT,0.41,0.41,sl,-0.003991,0,0.7736,4
2022-11-07 11:00:00,SHORT,0.41,0.41,timeout,-0.002245,0,0.6669,4
2022-11-07 15:15:00,SHORT,0.41,0.41,tp,0.004025,1,0.8106,4
2022-11-07 16:00:00,SHORT,0.41,0.41,tp,0.004025,1,0.8063,4
2022-11-07 16:30:00,SHORT,0.41,0.41,tp,0.004025,1,0.7672,4
2022-11-07 17:45:00,SHORT,0.41,0.41,sl,-0.003991,0,0.6524,4
2022-11-07 22:25:00,SHORT,0.4,0.4,sl,-0.003991,0,0.7372,4
2022-11-07 22:50:00,SHORT,0.4,0.4,sl,-0.003991,0,0.8034,4
2022-11-07 23:20:00,SHORT,0.4,0.4,sl,-0.003991,0,0.7308,4
2022-11-08 00:20:00,LONG,0.4,0.4,tp,0.004,1,0.6659,4
2022-11-08 01:20:00,SHORT,0.4,0.4,tp,0.004025,1,0.6683,4
2022-11-08 01:55:00,SHORT,0.4,0.4,tp,0.004025,1,0.6886,4
2022-11-08 02:25:00,SHORT,0.4,0.4,tp,0.004025,1,0.6883,4
2022-11-08 03:10:00,SHORT,0.4,0.39,tp,0.004025,1,0.6741,4
2022-11-08 03:55:00,SHORT,0.39,0.39,tp,0.004025,1,0.7518,4
2022-11-08 04:10:00,SHORT,0.38,0.38,tp,0.004025,1,0.7565,4
2022-11-08 04:15:00,LONG,0.38,0.38,tp,0.004,1,0.7089,4
2022-11-08 04:25:00,SHORT,0.39,0.38,tp,0.004025,1,0.8781,4
2022-11-08 04:50:00,SHORT,0.38,0.38,tp,0.004025,1,0.6847,4
2022-11-08 05:10:00,SHORT,0.38,0.38,sl,-0.003991,0,0.7935,4
2022-11-08 05:20:00,SHORT,0.37,0.37,sl,-0.003991,0,0.7059,4
2022-11-08 05:25:00,SHORT,0.38,0.38,sl,-0.003991,0,0.6507,4
2022-11-08 05:40:00,SHORT,0.38,0.38,tp,0.004025,1,0.8484,4
2022-11-08 05:50:00,SHORT,0.38,0.38,sl,-0.003991,0,0.6753,4
2022-11-08 06:45:00,SHORT,0.38,0.39,sl,-0.003991,0,0.8616,4
2022-11-08 07:10:00,SHORT,0.39,0.38,tp,0.004025,1,0.9063,4
2022-11-08 07:55:00,SHORT,0.39,0.38,tp,0.004025,1,0.6671,4
2022-11-08 08:40:00,SHORT,0.39,0.38,tp,0.004025,1,0.7459,4
2022-11-08 10:55:00,SHORT,0.38,0.38,tp,0.004025,1,0.6862,4
2022-11-08 11:15:00,SHORT,0.39,0.38,tp,0.004025,1,0.8046,4
2022-11-08 11:45:00,SHORT,0.38,0.38,sl,-0.003991,0,0.7808,4
2022-11-08 12:10:00,SHORT,0.39,0.38,tp,0.004025,1,0.8339,4
2022-11-08 13:10:00,SHORT,0.39,0.39,tp,0.004025,1,0.7723,4
2022-11-08 14:25:00,SHORT,0.39,0.39,sl,-0.003991,0,0.7548,4
2022-11-08 14:50:00,SHORT,0.39,0.39,tp,0.004025,1,0.9059,4
2022-11-08 16:05:00,SHORT,0.41,0.41,tp,0.004025,1,0.7669,4
2022-11-08 16:10:00,SHORT,0.41,0.4,tp,0.004025,1,0.8282,4
2022-11-08 16:20:00,SHORT,0.41,0.41,sl,-0.003991,0,0.6579,4
2022-11-08 16:30:00,SHORT,0.41,0.41,tp,0.004025,1,0.9398,4
2022-11-08 17:30:00,SHORT,0.4,0.4,tp,0.004025,1,0.8861,4
2022-11-08 17:50:00,SHORT,0.39,0.39,tp,0.004025,1,0.7179,4
2022-11-08 18:05:00,SHORT,0.38,0.38,sl,-0.003991,0,0.6828,4
2022-11-08 18:15:00,SHORT,0.38,0.37,tp,0.004025,1,0.7084,4
2022-11-08 18:20:00,SHORT,0.38,0.38,tp,0.004025,1,0.6706,4
2022-11-08 18:25:00,SHORT,0.38,0.38,sl,-0.003991,0,0.6883,4
2022-11-08 18:30:00,SHORT,0.38,0.38,tp,0.004025,1,0.66,4
2022-11-08 18:35:00,SHORT,0.38,0.38,tp,0.004025,1,0.7785,4
2022-11-08 18:50:00,SHORT,0.38,0.38,tp,0.004025,1,0.6691,4
2022-11-08 18:55:00,LONG,0.37,0.38,tp,0.004,1,0.702,4
2022-11-08 19:00:00,SHORT,0.37,0.38,sl,-0.003991,0,0.68,4
2022-11-08 19:10:00,SHORT,0.37,0.37,sl,-0.003991,0,0.7121,4
2022-11-08 19:15:00,SHORT,0.37,0.37,tp,0.004025,1,0.7065,4
2022-11-08 19:20:00,SHORT,0.36,0.36,tp,0.004025,1,0.7037,4
2022-11-08 19:25:00,SHORT,0.35,0.35,tp,0.004025,1,0.6995,4
2022-11-08 19:30:00,SHORT,0.36,0.36,tp,0.004025,1,0.8024,4
2022-11-08 19:35:00,SHORT,0.37,0.36,tp,0.004025,1,0.7697,4
2022-11-08 19:40:00,SHORT,0.37,0.37,sl,-0.003991,0,0.7766,4
2022-11-08 19:45:00,SHORT,0.37,0.37,tp,0.004025,1,0.9269,4
2022-11-08 19:50:00,SHORT,0.37,0.37,sl,-0.003991,0,0.7342,4
2022-11-08 19:55:00,SHORT,0.37,0.37,sl,-0.003991,0,0.7132,4
2022-11-08 20:00:00,SHORT,0.37,0.37,tp,0.004025,1,0.9016,4
2022-11-08 20:05:00,SHORT,0.36,0.36,tp,0.004025,1,0.8351,4
2022-11-08 20:15:00,SHORT,0.37,0.37,tp,0.004025,1,0.948,4
2022-11-08 20:20:00,SHORT,0.36,0.37,sl,-0.003991,0,0.7514,4
2022-11-08 20:45:00,SHORT,0.37,0.37,tp,0.004025,1,0.7734,4
2022-11-08 20:50:00,SHORT,0.37,0.37,sl,-0.003991,0,0.7274,4
2022-11-08 21:10:00,SHORT,0.37,0.37,tp,0.004025,1,0.9106,4
2022-11-08 21:15:00,LONG,0.37,0.37,tp,0.004,1,0.6992,4
2022-11-08 21:20:00,SHORT,0.37,0.37,tp,0.004025,1,0.6512,4
2022-11-08 21:50:00,SHORT,0.37,0.37,tp,0.004025,1,0.912,4
2022-11-08 21:55:00,SHORT,0.37,0.37,tp,0.004025,1,0.655,4
2022-11-08 22:05:00,SHORT,0.37,0.37,tp,0.004025,1,0.6809,4
2022-11-08 22:45:00,LONG,0.37,0.37,tp,0.004,1,0.6941,4
2022-11-08 22:50:00,SHORT,0.37,0.37,tp,0.004025,1,0.8531,4
2022-11-08 23:40:00,SHORT,0.38,0.38,tp,0.004025,1,0.8902,4
2022-11-09 00:05:00,LONG,0.37,0.37,tp,0.004,1,0.7143,4
2022-11-09 00:30:00,SHORT,0.37,0.37,tp,0.004025,1,0.7619,4
2022-11-09 00:50:00,SHORT,0.37,0.37,sl,-0.003991,0,0.6611,4
2022-11-09 01:05:00,SHORT,0.37,0.37,tp,0.004025,1,0.8406,4
2022-11-09 01:25:00,LONG,0.37,0.37,tp,0.004,1,0.6976,4
2022-11-09 01:30:00,SHORT,0.37,0.37,tp,0.004025,1,0.8551,4
2022-11-09 03:05:00,SHORT,0.36,0.36,tp,0.004025,1,0.6786,4
2022-11-09 03:10:00,LONG,0.36,0.36,tp,0.004,1,0.7189,4
2022-11-09 03:55:00,SHORT,0.36,0.36,sl,-0.003991,0,0.7875,4
2022-11-09 04:05:00,LONG,0.36,0.36,tp,0.004,1,0.6612,4
2022-11-09 04:40:00,SHORT,0.37,0.37,sl,-0.003991,0,0.6535,4
2022-11-09 04:55:00,SHORT,0.37,0.37,tp,0.004025,1,0.9107,4
2022-11-09 05:05:00,LONG,0.36,0.37,tp,0.004,1,0.6873,4
2022-11-09 05:25:00,SHORT,0.37,0.37,tp,0.004025,1,0.846,4
2022-11-09 05:45:00,SHORT,0.37,0.37,tp,0.004025,1,0.7088,4
2022-11-09 07:05:00,SHORT,0.38,0.37,tp,0.004025,1,0.8361,4
2022-11-09 08:35:00,LONG,0.36,0.36,tp,0.004,1,0.7111,4
2022-11-09 09:15:00,LONG,0.35,0.36,tp,0.004,1,0.7288,4
2022-11-09 09:20:00,SHORT,0.36,0.36,tp,0.004025,1,0.8987,4
2022-11-09 09:40:00,SHORT,0.35,0.35,tp,0.004025,1,0.7134,4
2022-11-09 09:45:00,SHORT,0.35,0.35,tp,0.004025,1,0.7253,4
2022-11-09 10:00:00,SHORT,0.35,0.35,tp,0.004025,1,0.8136,4
2022-11-09 10:10:00,SHORT,0.35,0.35,sl,-0.003991,0,0.7664,4
2022-11-09 10:15:00,LONG,0.35,0.35,tp,0.004,1,0.7327,4
2022-11-09 10:20:00,SHORT,0.35,0.35,tp,0.004025,1,0.9339,4
2022-11-09 10:25:00,SHORT,0.35,0.35,sl,-0.003991,0,0.6634,4
2022-11-09 10:35:00,SHORT,0.35,0.35,tp,0.004025,1,0.9216,4
2022-11-09 10:40:00,SHORT,0.35,0.35,sl,-0.003991,0,0.68,4
2022-11-09 10:50:00,SHORT,0.35,0.35,tp,0.004025,1,0.7363,4
2022-11-09 11:20:00,SHORT,0.36,0.35,tp,0.004025,1,0.6982,4
2022-11-09 11:35:00,SHORT,0.35,0.36,sl,-0.003991,0,0.6561,4
2022-11-09 12:10:00,SHORT,0.36,0.36,tp,0.004025,1,0.885,4
2022-11-09 12:15:00,SHORT,0.36,0.36,tp,0.004025,1,0.6826,4
2022-11-09 12:55:00,SHORT,0.36,0.36,sl,-0.003991,0,0.7417,4
2022-11-09 13:00:00,SHORT,0.36,0.36,tp,0.004025,1,0.7485,4
2022-11-09 13:45:00,SHORT,0.36,0.36,tp,0.004025,1,0.6758,4
2022-11-09 14:10:00,SHORT,0.36,0.36,tp,0.004025,1,0.7277,4
2022-11-09 14:45:00,SHORT,0.37,0.36,tp,0.004025,1,0.9245,4
2022-11-09 15:35:00,SHORT,0.36,0.36,tp,0.004025,1,0.7567,4
2022-11-09 15:40:00,LONG,0.35,0.35,sl,-0.004,0,0.6825,4
2022-11-09 15:45:00,SHORT,0.35,0.36,sl,-0.003991,0,0.7039,4
2022-11-09 15:55:00,SHORT,0.35,0.35,sl,-0.003991,0,0.6834,4
2022-11-09 16:20:00,SHORT,0.35,0.35,tp,0.004025,1,0.7046,4
2022-11-09 16:40:00,SHORT,0.36,0.36,sl,-0.003991,0,0.9235,4
2022-11-09 17:15:00,SHORT,0.35,0.35,tp,0.004025,1,0.6579,4
2022-11-09 17:35:00,LONG,0.35,0.35,tp,0.004,1,0.7243,4
2022-11-09 17:50:00,SHORT,0.35,0.35,tp,0.004025,1,0.8976,4
2022-11-09 18:15:00,SHORT,0.34,0.34,tp,0.004025,1,0.6951,4
2022-11-09 18:20:00,SHORT,0.34,0.34,tp,0.004025,1,0.7274,4
2022-11-09 18:40:00,SHORT,0.34,0.34,tp,0.004025,1,0.6744,4
2022-11-09 18:45:00,SHORT,0.34,0.34,tp,0.004025,1,0.8192,4
2022-11-09 19:00:00,SHORT,0.34,0.34,tp,0.004025,1,0.9051,4
2022-11-09 19:20:00,SHORT,0.34,0.34,tp,0.004025,1,0.9142,4
2022-11-09 19:40:00,SHORT,0.34,0.34,tp,0.004025,1,0.8555,4
2022-11-09 20:40:00,LONG,0.33,0.34,tp,0.004,1,0.7116,4
2022-11-09 20:50:00,SHORT,0.33,0.33,sl,-0.003991,0,0.6984,4
2022-11-09 21:05:00,SHORT,0.33,0.33,sl,-0.003991,0,0.7056,4
2022-11-09 21:15:00,SHORT,0.32,0.32,tp,0.004025,1,0.6843,4
2022-11-09 21:20:00,SHORT,0.32,0.32,tp,0.004025,1,0.8537,4
2022-11-09 21:25:00,LONG,0.32,0.32,tp,0.004,1,0.7216,4
2022-11-09 21:30:00,SHORT,0.32,0.32,tp,0.004025,1,0.7902,4
2022-11-09 21:35:00,SHORT,0.32,0.32,tp,0.004025,1,0.794,4
2022-11-09 21:40:00,SHORT,0.31,0.32,sl,-0.003991,0,0.7481,4
2022-11-09 21:45:00,SHORT,0.32,0.31,tp,0.004025,1,0.6934,4
2022-11-09 21:50:00,LONG,0.31,0.31,sl,-0.004,0,0.72,4
2022-11-09 22:00:00,SHORT,0.32,0.32,tp,0.004025,1,0.8004,4
2022-11-09 22:05:00,SHORT,0.31,0.31,sl,-0.003991,0,0.8185,4
2022-11-09 22:10:00,SHORT,0.32,0.32,sl,-0.003991,0,0.8124,4
2022-11-09 22:25:00,SHORT,0.32,0.32,tp,0.004025,1,0.8329,4
2022-11-09 22:30:00,SHORT,0.32,0.32,sl,-0.003991,0,0.7284,4
2022-11-09 22:40:00,SHORT,0.32,0.32,sl,-0.003991,0,0.6522,4
2022-11-09 22:50:00,SHORT,0.32,0.32,tp,0.004025,1,0.6944,4
2022-11-09 23:00:00,SHORT,0.31,0.31,sl,-0.003991,0,0.7092,4
2022-11-09 23:10:00,SHORT,0.32,0.32,tp,0.004025,1,0.8455,4
2022-11-09 23:20:00,SHORT,0.31,0.31,tp,0.004025,1,0.6666,4
2022-11-09 23:25:00,SHORT,0.31,0.31,sl,-0.003991,0,0.8123,4
2022-11-09 23:45:00,SHORT,0.32,0.32,tp,0.004025,1,0.7387,4
2022-11-10 00:00:00,LONG,0.31,0.32,tp,0.004,1,0.6722,4
2022-11-10 00:10:00,SHORT,0.32,0.32,tp,0.004025,1,0.8547,4
2022-11-10 00:30:00,SHORT,0.32,0.33,sl,-0.003991,0,0.8259,4
2022-11-10 00:45:00,SHORT,0.33,0.32,tp,0.004025,1,0.651,4
2022-11-10 00:50:00,SHORT,0.33,0.33,sl,-0.003991,0,0.676,4
2022-11-10 01:00:00,SHORT,0.34,0.34,tp,0.004025,1,0.9594,4
2022-11-10 01:05:00,SHORT,0.34,0.33,tp,0.004025,1,0.7244,4
2022-11-10 01:10:00,SHORT,0.34,0.34,tp,0.004025,1,0.8277,4
2022-11-10 01:15:00,SHORT,0.33,0.33,tp,0.004025,1,0.7397,4
2022-11-10 01:20:00,LONG,0.33,0.33,tp,0.004,1,0.7046,4
2022-11-10 01:30:00,SHORT,0.33,0.33,tp,0.004025,1,0.8418,4
2022-11-10 01:40:00,SHORT,0.33,0.33,tp,0.004025,1,0.7885,4
2022-11-10 02:00:00,SHORT,0.33,0.33,sl,-0.003991,0,0.6831,4
2022-11-10 02:40:00,SHORT,0.34,0.33,tp,0.004025,1,0.9131,4
2022-11-10 02:45:00,LONG,0.33,0.33,tp,0.004,1,0.6826,4
2022-11-10 03:15:00,SHORT,0.35,0.35,sl,-0.003991,0,0.6762,4
2022-11-10 03:20:00,SHORT,0.35,0.35,tp,0.004025,1,0.936,4
2022-11-10 03:55:00,SHORT,0.34,0.34,tp,0.004025,1,0.7047,4
2022-11-10 04:20:00,SHORT,0.35,0.35,tp,0.004025,1,0.8513,4
2022-11-10 04:30:00,LONG,0.34,0.34,tp,0.004,1,0.665,4
2022-11-10 05:10:00,SHORT,0.35,0.35,tp,0.004025,1,0.8756,4
2022-11-10 05:15:00,SHORT,0.35,0.35,tp,0.004025,1,0.6538,4
2022-11-10 05:20:00,LONG,0.35,0.35,sl,-0.004,0,0.6733,4
2022-11-10 06:35:00,SHORT,0.36,0.36,tp,0.004025,1,0.9175,4
2022-11-10 06:55:00,LONG,0.35,0.35,tp,0.004,1,0.6967,4
2022-11-10 07:20:00,LONG,0.35,0.35,tp,0.004,1,0.657,4
2022-11-10 07:35:00,SHORT,0.35,0.35,tp,0.004025,1,0.8533,4
2022-11-10 07:45:00,SHORT,0.35,0.35,tp,0.004025,1,0.6828,4
2022-11-10 07:55:00,SHORT,0.35,0.35,tp,0.004025,1,0.8003,4
2022-11-10 08:10:00,LONG,0.34,0.35,tp,0.004,1,0.6593,4
2022-11-10 09:00:00,SHORT,0.35,0.35,sl,-0.003991,0,0.6825,4
2022-11-10 10:50:00,LONG,0.35,0.35,tp,0.004,1,0.7048,4
2022-11-10 11:00:00,SHORT,0.35,0.35,sl,-0.003991,0,0.7146,4
2022-11-10 11:35:00,SHORT,0.35,0.35,tp,0.004025,1,0.8957,4
2022-11-10 12:25:00,LONG,0.35,0.35,tp,0.004,1,0.6659,4
2022-11-10 12:30:00,SHORT,0.36,0.35,tp,0.004025,1,0.8505,4
2022-11-10 13:10:00,SHORT,0.36,0.36,tp,0.004025,1,0.8312,4
2022-11-10 13:30:00,SHORT,0.37,0.37,tp,0.004025,1,0.9381,4
2022-11-10 13:40:00,SHORT,0.37,0.37,sl,-0.003991,0,0.6573,4
2022-11-10 13:45:00,SHORT,0.37,0.37,sl,-0.003991,0,0.7714,4
2022-11-10 13:50:00,SHORT,0.38,0.37,tp,0.004025,1,0.6942,4
2022-11-10 13:55:00,SHORT,0.37,0.37,tp,0.004025,1,0.7866,4
2022-11-10 14:00:00,LONG,0.37,0.37,tp,0.004,1,0.701,4
2022-11-10 14:10:00,SHORT,0.37,0.37,tp,0.004025,1,0.6697,4
2022-11-10 14:15:00,SHORT,0.37,0.37,sl,-0.003991,0,0.6965,4
2022-11-10 14:30:00,SHORT,0.37,0.37,tp,0.004025,1,0.7262,4
2022-11-10 15:10:00,SHORT,0.37,0.38,sl,-0.003991,0,0.6662,4
2022-11-10 15:30:00,SHORT,0.37,0.37,tp,0.004025,1,0.6658,4
2022-11-10 17:05:00,LONG,0.37,0.37,tp,0.004,1,0.6825,4
2022-11-10 17:20:00,SHORT,0.37,0.37,tp,0.004025,1,0.6897,4
2022-11-10 17:35:00,SHORT,0.36,0.36,tp,0.004025,1,0.7148,4
2022-11-10 18:10:00,SHORT,0.36,0.37,sl,-0.003991,0,0.6914,4
2022-11-10 19:00:00,SHORT,0.36,0.36,tp,0.004025,1,0.7475,4
2022-11-10 19:10:00,SHORT,0.36,0.36,tp,0.004025,1,0.6505,4
2022-11-10 19:15:00,LONG,0.36,0.36,tp,0.004,1,0.6764,4
2022-11-10 19:25:00,SHORT,0.36,0.36,tp,0.004025,1,0.7886,4
2022-11-10 19:55:00,SHORT,0.37,0.36,tp,0.004025,1,0.8021,4
2022-11-10 20:55:00,SHORT,0.37,0.37,tp,0.004025,1,0.8277,4
2022-11-10 21:25:00,SHORT,0.37,0.37,sl,-0.003991,0,0.7079,4
2022-11-10 22:00:00,SHORT,0.37,0.37,sl,-0.003991,0,0.7914,4
2022-11-10 22:45:00,SHORT,0.37,0.37,sl,-0.003991,0,0.7754,4
2022-11-10 23:05:00,SHORT,0.37,0.37,tp,0.004025,1,0.8183,4
2022-11-10 23:15:00,LONG,0.37,0.37,tp,0.004,1,0.6579,4
2022-11-10 23:45:00,LONG,0.37,0.37,tp,0.004,1,0.6524,4
2022-11-11 00:05:00,SHORT,0.37,0.37,tp,0.004025,1,0.7463,4
2022-11-11 01:05:00,SHORT,0.37,0.37,tp,0.004025,1,0.9262,4
2022-11-11 01:25:00,SHORT,0.37,0.37,tp,0.004025,1,0.6522,4
2022-11-11 01:30:00,LONG,0.37,0.37,tp,0.004,1,0.6999,4
2022-11-11 02:10:00,LONG,0.36,0.36,tp,0.004,1,0.6896,4
2022-11-11 02:35:00,SHORT,0.36,0.36,tp,0.004025,1,0.6851,4
2022-11-11 03:05:00,LONG,0.36,0.36,sl,-0.004,0,0.6686,4
2022-11-11 03:20:00,LONG,0.36,0.36,tp,0.004,1,0.7036,4
2022-11-11 04:00:00,LONG,0.36,0.36,tp,0.004,1,0.6667,4
2022-11-11 04:15:00,SHORT,0.36,0.36,tp,0.004025,1,0.7054,4
2022-11-11 05:30:00,SHORT,0.36,0.36,sl,-0.003991,0,0.8642,4
2022-11-11 05:45:00,SHORT,0.36,0.36,sl,-0.003991,0,0.7304,4
2022-11-11 06:00:00,SHORT,0.36,0.36,tp,0.004025,1,0.7635,4
2022-11-11 06:45:00,SHORT,0.36,0.36,tp,0.004025,1,0.7163,4
2022-11-11 09:00:00,SHORT,0.36,0.36,tp,0.004025,1,0.677,4
2022-11-11 09:35:00,SHORT,0.36,0.36,tp,0.004025,1,0.7514,4
2022-11-11 10:00:00,SHORT,0.36,0.36,tp,0.004025,1,0.7318,4
2022-11-11 10:15:00,SHORT,0.36,0.36,sl,-0.003991,0,0.6591,4
2022-11-11 11:15:00,SHORT,0.36,0.36,tp,0.004025,1,0.8282,4
2022-11-11 12:00:00,SHORT,0.36,0.36,tp,0.004025,1,0.8146,4
2022-11-11 13:05:00,LONG,0.36,0.36,tp,0.004,1,0.656,4
2022-11-11 13:15:00,SHORT,0.37,0.37,sl,-0.003991,0,0.7675,4
2022-11-11 14:05:00,SHORT,0.36,0.36,tp,0.004025,1,0.699,4
2022-11-11 14:20:00,LONG,0.35,0.35,tp,0.004,1,0.6717,4
2022-11-11 14:45:00,SHORT,0.35,0.35,tp,0.004025,1,0.882,4
2022-11-11 15:20:00,SHORT,0.35,0.35,sl,-0.003991,0,0.7746,4
2022-11-11 15:55:00,SHORT,0.35,0.35,tp,0.004025,1,0.6874,4
2022-11-11 16:20:00,SHORT,0.34,0.34,tp,0.004025,1,0.652,4
2022-11-11 17:10:00,SHORT,0.35,0.35,tp,0.004025,1,0.7806,4
2022-11-11 18:15:00,SHORT,0.35,0.35,tp,0.004025,1,0.6982,4
2022-11-11 19:40:00,SHORT,0.35,0.35,sl,-0.003991,0,0.7815,4
2022-11-11 20:35:00,LONG,0.35,0.35,tp,0.004,1,0.6603,4
2022-11-11 21:20:00,SHORT,0.35,0.35,tp,0.004025,1,0.672,4
2022-11-11 23:00:00,SHORT,0.35,0.35,tp,0.004025,1,0.7771,4
2022-11-12 01:25:00,SHORT,0.35,0.35,tp,0.004025,1,0.6695,4
2022-11-12 01:50:00,SHORT,0.35,0.35,sl,-0.003991,0,0.7197,4
2022-11-12 03:20:00,LONG,0.34,0.35,tp,0.004,1,0.666,4
2022-11-12 03:35:00,SHORT,0.35,0.35,tp,0.004025,1,0.7591,4
2022-11-12 04:20:00,SHORT,0.34,0.34,sl,-0.003991,0,0.7446,4
2022-11-12 04:35:00,SHORT,0.34,0.34,tp,0.004025,1,0.6738,4
2022-11-12 04:50:00,SHORT,0.34,0.34,sl,-0.003991,0,0.6538,4
2022-11-12 05:00:00,SHORT,0.34,0.34,tp,0.004025,1,0.7688,4
2022-11-12 05:20:00,SHORT,0.34,0.34,tp,0.004025,1,0.811,4
2022-11-12 05:55:00,SHORT,0.34,0.34,sl,-0.003991,0,0.7003,4
2022-11-12 06:20:00,SHORT,0.34,0.34,sl,-0.003991,0,0.7239,4
2022-11-12 08:40:00,SHORT,0.35,0.34,tp,0.004025,1,0.824,4
2022-11-12 09:10:00,SHORT,0.34,0.34,tp,0.004025,1,0.7384,4
2022-11-12 12:05:00,SHORT,0.34,0.34,tp,0.004025,1,0.6636,4
2022-11-12 12:45:00,SHORT,0.35,0.34,tp,0.004025,1,0.669,4
2022-11-12 14:15:00,SHORT,0.35,0.35,tp,0.004025,1,0.7109,4
2022-11-12 14:45:00,SHORT,0.35,0.35,tp,0.004025,1,0.7503,4
2022-11-12 15:05:00,SHORT,0.35,0.35,tp,0.004025,1,0.8311,4
2022-11-13 00:45:00,SHORT,0.34,0.34,timeout,0.000345,1,0.6678,4
2022-11-13 01:05:00,SHORT,0.34,0.34,timeout,-0.002584,0,0.6967,4
2022-11-13 07:30:00,SHORT,0.33,0.33,sl,-0.003991,0,0.6796,4
2022-11-13 08:55:00,SHORT,0.33,0.33,sl,-0.003991,0,0.7132,4
2022-11-13 09:40:00,SHORT,0.33,0.33,tp,0.004025,1,0.8155,4
2022-11-13 10:00:00,SHORT,0.33,0.33,tp,0.004025,1,0.6891,4
2022-11-13 10:25:00,SHORT,0.33,0.33,sl,-0.003991,0,0.6647,4
2022-11-13 11:30:00,SHORT,0.33,0.33,sl,-0.003991,0,0.8053,4
2022-11-13 12:20:00,SHORT,0.33,0.33,sl,-0.003991,0,0.6521,4
2022-11-13 13:40:00,SHORT,0.34,0.34,sl,-0.003991,0,0.6942,4
2022-11-13 14:05:00,SHORT,0.34,0.34,tp,0.004025,1,0.748,4
2022-11-13 15:15:00,SHORT,0.34,0.34,tp,0.004025,1,0.6666,4
2022-11-13 15:40:00,SHORT,0.34,0.34,tp,0.004025,1,0.6818,4
2022-11-13 16:00:00,LONG,0.34,0.33,sl,-0.004,0,0.656,4
2022-11-13 16:30:00,SHORT,0.34,0.34,sl,-0.003991,0,0.6789,4
2022-11-13 21:00:00,LONG,0.33,0.33,tp,0.004,1,0.695,4
2022-11-13 21:35:00,SHORT,0.33,0.33,tp,0.004025,1,0.794,4
2022-11-13 22:45:00,SHORT,0.33,0.33,tp,0.004025,1,0.8132,4
2022-11-14 00:00:00,SHORT,0.33,0.33,tp,0.004025,1,0.892,4
2022-11-14 00:40:00,SHORT,0.33,0.33,sl,-0.003991,0,0.6884,4
2022-11-14 01:45:00,LONG,0.32,0.32,tp,0.004,1,0.7013,4
2022-11-14 02:40:00,SHORT,0.32,0.32,sl,-0.003991,0,0.7268,4
2022-11-14 02:55:00,SHORT,0.32,0.32,tp,0.004025,1,0.8499,4
2022-11-14 03:30:00,SHORT,0.32,0.32,tp,0.004025,1,0.7183,4
2022-11-14 03:45:00,SHORT,0.32,0.32,tp,0.004025,1,0.773,4
2022-11-14 04:05:00,SHORT,0.32,0.32,tp,0.004025,1,0.6652,4
2022-11-14 04:55:00,SHORT,0.32,0.32,sl,-0.003991,0,0.6694,4
2022-11-14 05:35:00,SHORT,0.32,0.31,tp,0.004025,1,0.7589,4
2022-11-14 05:50:00,SHORT,0.32,0.32,tp,0.004025,1,0.7291,4
2022-11-14 06:05:00,SHORT,0.32,0.32,tp,0.004025,1,0.7993,4
2022-11-14 06:55:00,SHORT,0.33,0.33,tp,0.004025,1,0.9171,4
2022-11-14 08:20:00,SHORT,0.34,0.34,sl,-0.003991,0,0.7353,4
2022-11-14 08:55:00,SHORT,0.33,0.33,tp,0.004025,1,0.6866,4
2022-11-14 09:15:00,LONG,0.33,0.33,tp,0.004,1,0.65,4
2022-11-14 09:45:00,SHORT,0.33,0.33,tp,0.004025,1,0.7801,4
2022-11-14 10:35:00,SHORT,0.33,0.34,sl,-0.003991,0,0.7954,4
2022-11-14 11:00:00,SHORT,0.34,0.33,tp,0.004025,1,0.7091,4
2022-11-14 12:30:00,SHORT,0.33,0.34,sl,-0.003991,0,0.8141,4
2022-11-14 13:25:00,SHORT,0.34,0.34,tp,0.004025,1,0.8201,4
2022-11-14 13:50:00,LONG,0.33,0.33,tp,0.004,1,0.6908,4
2022-11-14 14:05:00,SHORT,0.34,0.33,tp,0.004025,1,0.8585,4
2022-11-14 14:25:00,SHORT,0.33,0.33,sl,-0.003991,0,0.6959,4
2022-11-14 16:00:00,SHORT,0.33,0.33,tp,0.004025,1,0.7764,4
2022-11-14 16:35:00,SHORT,0.33,0.33,sl,-0.003991,0,0.7899,4
2022-11-14 17:40:00,SHORT,0.33,0.33,tp,0.004025,1,0.7822,4
2022-11-14 18:35:00,SHORT,0.33,0.33,tp,0.004025,1,0.7739,4
2022-11-14 19:45:00,SHORT,0.32,0.33,sl,-0.003991,0,0.6973,4
2022-11-14 20:10:00,LONG,0.32,0.32,tp,0.004,1,0.6797,4
2022-11-14 21:00:00,SHORT,0.32,0.32,sl,-0.003991,0,0.6684,4
2022-11-14 23:40:00,SHORT,0.33,0.33,tp,0.004025,1,0.7409,4
2022-11-15 00:30:00,SHORT,0.33,0.33,sl,-0.003991,0,0.6886,4
2022-11-15 00:55:00,SHORT,0.33,0.33,sl,-0.003991,0,0.6776,4
2022-11-15 01:25:00,SHORT,0.33,0.33,sl,-0.003991,0,0.6865,4
2022-11-15 01:45:00,SHORT,0.33,0.33,sl,-0.003991,0,0.7674,4
2022-11-15 02:30:00,SHORT,0.33,0.33,sl,-0.003991,0,0.6969,4
2022-11-15 03:00:00,SHORT,0.34,0.33,tp,0.004025,1,0.6974,4
2022-11-15 03:35:00,SHORT,0.33,0.33,timeout,0.000395,1,0.6846,4
2022-11-15 04:10:00,SHORT,0.33,0.33,sl,-0.003991,0,0.6567,4
2022-11-15 07:20:00,SHORT,0.34,0.34,tp,0.004025,1,0.8368,4
2022-11-15 08:20:00,SHORT,0.34,0.34,sl,-0.003991,0,0.7749,4
2022-11-15 09:10:00,SHORT,0.34,0.34,tp,0.004025,1,0.6524,4
2022-11-15 10:00:00,SHORT,0.34,0.34,sl,-0.003991,0,0.7264,4
2022-11-15 10:40:00,SHORT,0.34,0.34,sl,-0.003991,0,0.6577,4
2022-11-15 11:55:00,SHORT,0.34,0.34,sl,-0.003991,0,0.6946,4
2022-11-15 12:30:00,SHORT,0.34,0.34,sl,-0.003991,0,0.7093,4
2022-11-15 13:10:00,SHORT,0.34,0.34,sl,-0.003991,0,0.6549,4
2022-11-15 13:30:00,SHORT,0.34,0.34,tp,0.004025,1,0.7345,4
2022-11-15 13:55:00,SHORT,0.34,0.34,tp,0.004025,1,0.8233,4
2022-11-15 15:35:00,SHORT,0.34,0.34,tp,0.004025,1,0.6792,4
2022-11-15 17:35:00,SHORT,0.34,0.34,tp,0.004025,1,0.6884,4
2022-11-15 19:25:00,SHORT,0.34,0.33,tp,0.004025,1,0.6931,4
2022-11-15 21:00:00,SHORT,0.34,0.34,sl,-0.003991,0,0.6681,4
2022-11-15 21:55:00,SHORT,0.34,0.34,sl,-0.003991,0,0.7093,4
2022-11-16 10:05:00,SHORT,0.34,0.34,tp,0.004025,1,0.6879,4
2022-11-16 11:25:00,SHORT,0.33,0.33,tp,0.004025,1,0.6527,4
2022-11-16 14:30:00,SHORT,0.33,0.33,tp,0.004025,1,0.8116,4
2022-11-16 15:10:00,SHORT,0.33,0.33,sl,-0.003991,0,0.6758,4
2022-11-16 15:35:00,SHORT,0.33,0.33,tp,0.004025,1,0.6899,4
2022-11-16 16:10:00,SHORT,0.33,0.33,sl,-0.003991,0,0.7271,4
2022-11-16 16:45:00,SHORT,0.33,0.33,tp,0.004025,1,0.7778,4
2022-11-16 23:25:00,SHORT,0.33,0.33,tp,0.004025,1,0.7034,4
2022-11-17 00:45:00,SHORT,0.33,0.33,sl,-0.003991,0,0.7135,4
2022-11-17 09:20:00,SHORT,0.33,0.32,tp,0.004025,1,0.6667,4
2022-11-17 13:10:00,SHORT,0.32,0.32,tp,0.004025,1,0.7064,4
2022-11-17 15:50:00,LONG,0.32,0.32,tp,0.004,1,0.6666,4
2022-11-17 17:00:00,SHORT,0.33,0.33,sl,-0.003991,0,0.653,4
2022-11-18 15:50:00,SHORT,0.33,0.33,tp,0.004025,1,0.704,4
2022-11-19 05:25:00,SHORT,0.32,0.32,timeout,-0.002923,0,0.6582,4
2022-11-20 21:55:00,SHORT,0.31,0.31,sl,-0.003991,0,0.7401,4
2022-11-20 22:25:00,SHORT,0.31,0.31,tp,0.004025,1,0.6955,4
2022-11-21 00:15:00,SHORT,0.31,0.31,tp,0.004025,1,0.7571,4
2022-11-21 00:55:00,SHORT,0.31,0.31,tp,0.004025,1,0.7602,4
2022-11-21 02:10:00,SHORT,0.31,0.3,tp,0.004025,1,0.6686,4
2022-11-21 02:40:00,SHORT,0.3,0.3,tp,0.004025,1,0.6587,4
2022-11-21 04:15:00,SHORT,0.31,0.31,tp,0.004025,1,0.8002,4
2022-11-21 07:50:00,SHORT,0.3,0.3,tp,0.004025,1,0.6611,4
2022-11-21 09:50:00,SHORT,0.31,0.3,tp,0.004025,1,0.741,4
2022-11-21 11:00:00,SHORT,0.31,0.31,tp,0.004025,1,0.7652,4
2022-11-21 13:20:00,SHORT,0.31,0.31,tp,0.004025,1,0.7444,4
2022-11-21 16:45:00,SHORT,0.31,0.31,tp,0.004025,1,0.7243,4
2022-11-21 20:15:00,SHORT,0.3,0.3,sl,-0.003991,0,0.6503,4
2022-11-21 21:10:00,SHORT,0.3,0.3,tp,0.004025,1,0.7836,4
2022-11-22 00:05:00,SHORT,0.31,0.31,sl,-0.003991,0,0.7178,4
2022-11-22 00:20:00,SHORT,0.31,0.31,tp,0.004025,1,0.8232,4
2022-11-22 00:50:00,SHORT,0.31,0.31,tp,0.004025,1,0.6635,4
2022-11-22 06:50:00,SHORT,0.3,0.3,tp,0.004025,1,0.6706,4
2022-11-22 10:15:00,SHORT,0.3,0.3,sl,-0.003991,0,0.69,4
2022-11-22 13:30:00,SHORT,0.31,0.31,sl,-0.003991,0,0.8602,4
2022-11-22 13:55:00,SHORT,0.32,0.31,tp,0.004025,1,0.9042,4
2022-11-23 02:25:00,SHORT,0.32,0.31,tp,0.004025,1,0.7713,4
2022-11-24 10:35:00,SHORT,0.31,0.31,tp,0.004025,1,0.6587,4
2022-11-25 11:15:00,SHORT,0.32,0.31,tp,0.004025,1,0.7716,4
2022-11-28 01:10:00,SHORT,0.31,0.31,tp,0.004025,1,0.695,4
2022-11-28 01:25:00,SHORT,0.31,0.3,tp,0.004025,1,0.7102,4
2022-11-28 01:35:00,SHORT,0.3,0.3,tp,0.004025,1,0.7965,4
2022-11-28 02:20:00,SHORT,0.3,0.3,sl,-0.003991,0,0.8226,4
2022-11-28 05:30:00,SHORT,0.31,0.3,tp,0.004025,1,0.6587,4
2022-11-28 08:15:00,SHORT,0.31,0.31,timeout,0.000291,1,0.7118,4
2022-11-28 09:00:00,SHORT,0.31,0.3,tp,0.004025,1,0.6695,4
2022-11-28 12:40:00,SHORT,0.3,0.3,sl,-0.003991,0,0.7014,4
2022-11-28 12:45:00,SHORT,0.3,0.3,sl,-0.003991,0,0.6627,4
2022-11-28 15:45:00,SHORT,0.3,0.3,tp,0.004025,1,0.6812,4
2022-11-28 16:05:00,SHORT,0.3,0.3,sl,-0.003991,0,0.6659,4
2022-11-28 17:20:00,SHORT,0.31,0.31,tp,0.004025,1,0.6745,4
2022-11-30 01:00:00,SHORT,0.32,0.32,tp,0.004025,1,0.6792,4
2022-11-30 18:35:00,SHORT,0.31,0.31,tp,0.004025,1,0.7972,4
2022-11-30 19:20:00,SHORT,0.32,0.31,tp,0.004025,1,0.8319,4
2022-11-30 21:40:00,SHORT,0.32,0.32,timeout,0.001758,1,0.8095,4
2022-11-30 21:55:00,SHORT,0.32,0.32,tp,0.004025,1,0.8471,4
2022-11-30 22:30:00,SHORT,0.32,0.32,sl,-0.003991,0,0.7155,4
2022-12-05 18:15:00,SHORT,0.32,0.32,tp,0.004025,1,0.6674,4
2022-12-05 19:20:00,SHORT,0.32,0.32,timeout,-0.002,0,0.696,4
2022-12-07 09:05:00,SHORT,0.31,0.31,sl,-0.003991,0,0.6977,4
2022-12-07 11:00:00,SHORT,0.31,0.31,timeout,0.00058,1,0.6543,4
2022-12-09 15:30:00,SHORT,0.31,0.31,timeout,-0.000721,0,0.699,4
2022-12-11 23:05:00,SHORT,0.31,0.31,timeout,-0.001675,0,0.7916,4
2022-12-11 23:30:00,SHORT,0.31,0.31,timeout,-0.000697,0,0.6694,4
2022-12-11 23:50:00,SHORT,0.31,0.31,tp,0.004025,1,0.8159,4
2022-12-13 14:20:00,SHORT,0.32,0.32,tp,0.004025,1,0.7023,4
2022-12-13 14:45:00,SHORT,0.32,0.31,tp,0.004025,1,0.7284,4
2022-12-13 18:00:00,SHORT,0.31,0.31,sl,-0.003991,0,0.6899,4
2022-12-14 19:30:00,LONG,0.31,0.31,tp,0.004,1,0.6659,4
2022-12-14 19:40:00,SHORT,0.31,0.31,tp,0.004025,1,0.6698,4
2022-12-15 01:35:00,SHORT,0.31,0.3,tp,0.004025,1,0.7363,4
2022-12-15 01:45:00,SHORT,0.3,0.3,tp,0.004025,1,0.6634,4
2022-12-15 02:00:00,LONG,0.3,0.3,tp,0.004,1,0.6698,4
2022-12-15 02:15:00,SHORT,0.3,0.3,timeout,-0.003641,0,0.763,4
2022-12-16 09:00:00,SHORT,0.29,0.29,tp,0.004025,1,0.8082,4
2022-12-16 09:20:00,SHORT,0.29,0.29,sl,-0.003991,0,0.786,4
2022-12-16 09:50:00,SHORT,0.29,0.29,tp,0.004025,1,0.792,4
2022-12-16 11:05:00,SHORT,0.29,0.29,timeout,0.001495,1,0.7864,4
2022-12-16 12:25:00,SHORT,0.29,0.29,sl,-0.003991,0,0.678,4
2022-12-16 12:40:00,SHORT,0.29,0.28,tp,0.004025,1,0.6771,4
2022-12-16 17:35:00,SHORT,0.28,0.28,timeout,-0.002,0,0.6662,4
2022-12-16 22:10:00,SHORT,0.28,0.28,tp,0.004025,1,0.6997,4
2022-12-16 22:35:00,SHORT,0.26,0.26,sl,-0.003991,0,0.762,4
2022-12-16 22:40:00,SHORT,0.26,0.26,sl,-0.003991,0,0.788,4
2022-12-16 22:45:00,SHORT,0.27,0.27,tp,0.004025,1,0.7523,4
2022-12-16 22:50:00,SHORT,0.27,0.26,tp,0.004025,1,0.8682,4
2022-12-16 22:55:00,SHORT,0.27,0.26,tp,0.004025,1,0.7792,4
2022-12-16 23:00:00,SHORT,0.26,0.26,sl,-0.003991,0,0.703,4
2022-12-16 23:05:00,SHORT,0.26,0.26,tp,0.004025,1,0.6825,4
2022-12-16 23:10:00,SHORT,0.26,0.26,sl,-0.003991,0,0.8018,4
2022-12-16 23:15:00,SHORT,0.26,0.26,tp,0.004025,1,0.7178,4
2022-12-16 23:20:00,SHORT,0.26,0.26,tp,0.004025,1,0.7967,4
2022-12-16 23:25:00,SHORT,0.26,0.26,tp,0.004025,1,0.6949,4
2022-12-16 23:35:00,SHORT,0.26,0.26,sl,-0.003991,0,0.6875,4
2022-12-16 23:40:00,SHORT,0.26,0.26,sl,-0.003991,0,0.6754,4
2022-12-16 23:45:00,SHORT,0.26,0.26,sl,-0.003991,0,0.7759,4
2022-12-16 23:50:00,SHORT,0.26,0.26,sl,-0.003991,0,0.7063,4
2022-12-17 00:10:00,SHORT,0.27,0.26,tp,0.004025,1,0.806,4
2022-12-17 00:25:00,SHORT,0.26,0.26,tp,0.004025,1,0.6536,4
2022-12-17 00:30:00,SHORT,0.26,0.26,tp,0.004025,1,0.7152,4
2022-12-17 00:35:00,SHORT,0.26,0.26,tp,0.004025,1,0.6551,4
2022-12-17 00:50:00,SHORT,0.26,0.26,tp,0.004025,1,0.8148,4
2022-12-17 01:50:00,SHORT,0.26,0.26,tp,0.004025,1,0.805,4
2022-12-17 02:05:00,SHORT,0.26,0.26,tp,0.004025,1,0.7586,4
2022-12-17 03:05:00,SHORT,0.26,0.26,tp,0.004025,1,0.7189,4
2022-12-17 08:00:00,SHORT,0.27,0.27,timeout,-0.00087,0,0.8345,4
2022-12-17 08:15:00,SHORT,0.27,0.27,sl,-0.003991,0,0.7929,4
2022-12-17 09:50:00,SHORT,0.27,0.27,sl,-0.003991,0,0.6554,4
2022-12-17 14:45:00,SHORT,0.26,0.27,sl,-0.003991,0,0.658,4
2022-12-17 15:30:00,SHORT,0.26,0.26,tp,0.004025,1,0.657,4
2022-12-17 16:55:00,SHORT,0.26,0.26,tp,0.004025,1,0.6624,4
2022-12-17 20:10:00,SHORT,0.26,0.26,sl,-0.003991,0,0.6531,4
2022-12-17 23:45:00,SHORT,0.27,0.27,sl,-0.003991,0,0.7302,4
2022-12-19 17:30:00,SHORT,0.26,0.26,sl,-0.003991,0,0.6742,4
2022-12-19 18:25:00,SHORT,0.26,0.26,tp,0.004025,1,0.6718,4
2022-12-19 18:45:00,SHORT,0.26,0.25,tp,0.004025,1,0.7105,4
2022-12-19 18:50:00,LONG,0.25,0.25,tp,0.004,1,0.674,4
2022-12-20 02:40:00,SHORT,0.26,0.26,tp,0.004025,1,0.6993,4
2022-12-20 15:30:00,SHORT,0.26,0.26,tp,0.004025,1,0.7663,4
2022-12-22 20:20:00,SHORT,0.25,0.26,sl,-0.003991,0,0.7054,4
2022-12-22 22:00:00,SHORT,0.26,0.26,timeout,-0.000831,0,0.7609,4
2022-12-22 22:15:00,SHORT,0.26,0.26,timeout,-0.002,0,0.6937,4
2022-12-22 23:05:00,SHORT,0.26,0.26,timeout,0.000339,1,0.7605,4
2022-12-23 02:05:00,SHORT,0.26,0.26,tp,0.004025,1,0.6788,4
2022-12-23 02:25:00,SHORT,0.26,0.26,tp,0.004025,1,0.6808,4
2022-12-23 03:20:00,SHORT,0.26,0.26,sl,-0.003991,0,0.7326,4
2022-12-23 13:25:00,SHORT,0.26,0.26,sl,-0.003991,0,0.6636,4
2022-12-28 05:30:00,SHORT,0.25,0.25,tp,0.004025,1,0.7313,4
2022-12-28 15:00:00,SHORT,0.25,0.25,tp,0.004025,1,0.6828,4
2022-12-28 21:25:00,SHORT,0.25,0.25,tp,0.004025,1,0.7415,4
2022-12-29 00:15:00,SHORT,0.25,0.24,tp,0.004025,1,0.6707,4
2022-12-29 22:35:00,SHORT,0.24,0.24,sl,-0.003991,0,0.7744,4
2022-12-29 23:30:00,SHORT,0.24,0.24,timeout,-0.002,0,0.8135,4
2022-12-30 05:50:00,SHORT,0.24,0.24,timeout,-0.000763,0,0.6585,4
2022-12-31 15:15:00,SHORT,0.25,0.25,tp,0.004025,1,0.8184,4
