entry_time,direction,entry,exit,exit_type,pnl_pct,win,prob,fold
2022-01-01 23:00:00,SHORT,1.38,1.37,tp,0.004025,1,0.6526,1
2022-01-03 23:00:00,SHORT,1.32,1.31,tp,0.004025,1,0.6956,1
2022-01-04 18:00:00,SHORT,1.31,1.31,sl,-0.003991,0,0.6839,1
2022-01-04 23:00:00,SHORT,1.31,1.31,sl,-0.003991,0,0.6661,1
2022-01-05 19:00:00,LONG,1.26,1.26,tp,0.004,1,0.7952,1
2022-01-05 20:00:00,SHORT,1.25,1.24,tp,0.004025,1,0.7364,1
2022-01-05 21:00:00,SHORT,1.24,1.24,tp,0.004025,1,0.7567,1
2022-01-05 22:00:00,SHORT,1.23,1.23,tp,0.004025,1,0.7999,1
2022-01-05 23:00:00,SHORT,1.23,1.22,tp,0.004025,1,0.8432,1
2022-01-06 00:00:00,SHORT,1.24,1.23,tp,0.004025,1,0.7152,1
2022-01-06 01:00:00,SHORT,1.23,1.22,tp,0.004025,1,0.6759,1
2022-01-06 03:00:00,LONG,1.2,1.21,tp,0.004,1,0.8349,1
2022-01-06 04:00:00,SHORT,1.22,1.22,sl,-0.003991,0,0.6711,1
2022-01-06 05:00:00,LONG,1.22,1.23,tp,0.004,1,0.6822,1
2022-01-06 06:00:00,LONG,1.22,1.22,tp,0.004,1,0.6552,1
2022-01-06 08:00:00,LONG,1.22,1.21,sl,-0.004,0,0.6663,1
2022-01-06 09:00:00,LONG,1.2,1.2,tp,0.004,1,0.7872,1
2022-01-06 10:00:00,LONG,1.21,1.21,sl,-0.004,0,0.6709,1
2022-01-06 11:00:00,LONG,1.2,1.21,tp,0.004,1,0.6564,1
2022-01-06 12:00:00,LONG,1.21,1.22,tp,0.004,1,0.6841,1
2022-01-06 14:00:00,LONG,1.23,1.23,sl,-0.004,0,0.6812,1
2022-01-06 17:00:00,LONG,1.24,1.24,tp,0.004,1,0.6673,1
2022-01-06 20:00:00,SHORT,1.29,1.29,tp,0.004025,1,0.7144,1
2022-01-06 21:00:00,LONG,1.27,1.28,tp,0.004,1,0.802,1
2022-01-06 22:00:00,SHORT,1.28,1.28,tp,0.004025,1,0.682,1
2022-01-07 00:00:00,LONG,1.27,1.28,tp,0.004,1,0.668,1
2022-01-07 03:00:00,LONG,1.21,1.21,tp,0.004,1,0.7842,1
2022-01-07 04:00:00,SHORT,1.23,1.23,tp,0.004025,1,0.8414,1
2022-01-07 05:00:00,SHORT,1.22,1.21,tp,0.004025,1,0.7909,1
2022-01-07 06:00:00,LONG,1.2,1.21,tp,0.004,1,0.8038,1
2022-01-07 07:00:00,SHORT,1.21,1.21,sl,-0.003991,0,0.7653,1
2022-01-07 08:00:00,SHORT,1.23,1.23,sl,-0.003991,0,0.8111,1
2022-01-07 09:00:00,SHORT,1.23,1.23,tp,0.004025,1,0.7258,1
2022-01-07 11:00:00,SHORT,1.23,1.24,sl,-0.003991,0,0.6903,1
2022-01-07 12:00:00,SHORT,1.24,1.23,tp,0.004025,1,0.7095,1
2022-01-07 13:00:00,SHORT,1.21,1.21,sl,-0.003991,0,0.7967,1
2022-01-07 14:00:00,SHORT,1.23,1.22,tp,0.004025,1,0.6951,1
2022-01-07 15:00:00,SHORT,1.21,1.2,tp,0.004025,1,0.8227,1
2022-01-07 16:00:00,SHORT,1.24,1.23,tp,0.004025,1,0.8391,1
2022-01-07 17:00:00,SHORT,1.23,1.23,tp,0.004025,1,0.663,1
2022-01-07 18:00:00,SHORT,1.22,1.21,tp,0.004025,1,0.6917,1
2022-01-07 22:00:00,LONG,1.21,1.21,sl,-0.004,0,0.6749,1
2022-01-07 23:00:00,LONG,1.21,1.22,tp,0.004,1,0.6834,1
2022-01-08 09:00:00,SHORT,1.25,1.25,tp,0.004025,1,0.6764,1
2022-01-08 16:00:00,LONG,1.2,1.2,sl,-0.004,0,0.6948,1
2022-01-08 17:00:00,LONG,1.16,1.16,tp,0.004,1,0.8136,1
2022-01-08 18:00:00,LONG,1.13,1.14,tp,0.004,1,0.798,1
2022-01-08 19:00:00,SHORT,1.14,1.14,tp,0.004025,1,0.7419,1
2022-01-08 21:00:00,SHORT,1.19,1.19,sl,-0.003991,0,0.8192,1
2022-01-08 22:00:00,SHORT,1.21,1.2,tp,0.004025,1,0.8129,1
2022-01-08 23:00:00,LONG,1.18,1.19,tp,0.004,1,0.8638,1
2022-01-09 00:00:00,SHORT,1.19,1.19,tp,0.004025,1,0.7443,1
2022-01-09 01:00:00,SHORT,1.18,1.19,sl,-0.003991,0,0.7005,1
2022-01-09 02:00:00,SHORT,1.19,1.19,tp,0.004025,1,0.6668,1
2022-01-09 03:00:00,LONG,1.18,1.18,tp,0.004,1,0.7642,1
2022-01-09 07:00:00,LONG,1.18,1.17,sl,-0.004,0,0.6605,1
2022-01-09 08:00:00,LONG,1.17,1.17,tp,0.004,1,0.7106,1
2022-01-09 09:00:00,LONG,1.16,1.17,tp,0.004,1,0.7421,1
2022-01-09 10:00:00,LONG,1.16,1.17,tp,0.004,1,0.6635,1
2022-01-09 11:00:00,LONG,1.16,1.17,tp,0.004,1,0.7199,1
2022-01-09 12:00:00,LONG,1.16,1.16,sl,-0.004,0,0.6647,1
2022-01-09 13:00:00,LONG,1.16,1.16,tp,0.004,1,0.6936,1
2022-01-09 16:00:00,SHORT,1.19,1.18,tp,0.004025,1,0.7114,1
2022-01-09 21:00:00,LONG,1.18,1.19,tp,0.004,1,0.6508,1
2022-01-09 22:00:00,LONG,1.18,1.18,sl,-0.004,0,0.6531,1
2022-01-09 23:00:00,LONG,1.17,1.18,tp,0.004,1,0.6885,1
2022-01-10 00:00:00,LONG,1.16,1.17,tp,0.004,1,0.7029,1
2022-01-10 12:00:00,LONG,1.12,1.13,tp,0.004,1,0.7759,1
2022-01-10 13:00:00,SHORT,1.11,1.11,tp,0.004025,1,0.6923,1
2022-01-10 14:00:00,SHORT,1.12,1.11,tp,0.004025,1,0.7961,1
2022-01-10 15:00:00,SHORT,1.11,1.12,sl,-0.003991,0,0.7642,1
2022-01-10 16:00:00,SHORT,1.13,1.13,tp,0.004025,1,0.702,1
2022-01-10 17:00:00,LONG,1.11,1.11,tp,0.004,1,0.7956,1
2022-01-10 18:00:00,SHORT,1.12,1.12,tp,0.004025,1,0.6693,1
2022-01-10 19:00:00,LONG,1.12,1.12,tp,0.004,1,0.6894,1
2022-01-10 23:00:00,LONG,1.12,1.13,tp,0.004,1,0.6905,1
2022-01-11 01:00:00,LONG,1.15,1.15,tp,0.004,1,0.6553,1
2022-01-11 16:00:00,SHORT,1.18,1.18,tp,0.004025,1,0.6658,1
2022-01-11 17:00:00,SHORT,1.19,1.19,sl,-0.003991,0,0.6934,1
2022-01-12 03:00:00,SHORT,1.22,1.21,tp,0.004025,1,0.7857,1
2022-01-12 05:00:00,SHORT,1.22,1.21,tp,0.004025,1,0.6995,1
2022-01-12 09:00:00,SHORT,1.23,1.24,sl,-0.003991,0,0.7463,1
2022-01-12 10:00:00,SHORT,1.23,1.24,sl,-0.003991,0,0.6902,1
2022-01-12 11:00:00,SHORT,1.24,1.25,sl,-0.003991,0,0.7291,1
2022-01-12 12:00:00,SHORT,1.26,1.25,tp,0.004025,1,0.685,1
2022-01-12 13:00:00,SHORT,1.28,1.27,tp,0.004025,1,0.8083,1
2022-01-12 14:00:00,SHORT,1.28,1.27,tp,0.004025,1,0.765,1
2022-01-12 15:00:00,SHORT,1.28,1.28,sl,-0.003991,0,0.6748,1
2022-01-12 23:00:00,SHORT,1.31,1.32,sl,-0.003991,0,0.6815,1
2022-01-13 02:00:00,LONG,1.31,1.31,sl,-0.004,0,0.7551,1
2022-01-13 05:00:00,LONG,1.28,1.29,tp,0.004,1,0.6599,1
2022-01-13 11:00:00,LONG,1.28,1.28,tp,0.004,1,0.7733,1
2022-01-13 14:00:00,LONG,1.31,1.3,sl,-0.004,0,0.6856,1
2022-01-13 15:00:00,LONG,1.27,1.27,tp,0.004,1,0.7471,1
2022-01-13 16:00:00,LONG,1.26,1.26,sl,-0.004,0,0.6876,1
2022-01-13 17:00:00,LONG,1.25,1.25,tp,0.004,1,0.7305,1
2022-01-13 18:00:00,LONG,1.24,1.25,tp,0.004,1,0.7142,1
2022-01-13 19:00:00,LONG,1.24,1.25,tp,0.004,1,0.6544,1
2022-01-13 23:00:00,LONG,1.23,1.24,tp,0.004,1,0.6574,1
2022-01-14 06:00:00,LONG,1.29,1.3,tp,0.004,1,0.6651,1
2022-01-14 07:00:00,LONG,1.29,1.28,sl,-0.004,0,0.6995,1
2022-01-14 08:00:00,LONG,1.27,1.28,tp,0.004,1,0.6735,1
2022-01-14 10:00:00,LONG,1.25,1.25,sl,-0.004,0,0.7818,1
2022-01-14 11:00:00,LONG,1.23,1.24,tp,0.004,1,0.7287,1
2022-01-14 13:00:00,LONG,1.24,1.24,tp,0.004,1,0.6582,1
2022-01-14 21:00:00,SHORT,1.3,1.29,tp,0.004025,1,0.8015,1
2022-01-14 22:00:00,LONG,1.29,1.29,tp,0.004,1,0.6627,1
2022-01-15 15:00:00,SHORT,1.29,1.28,tp,0.004025,1,0.6681,1
2022-01-15 19:00:00,SHORT,1.3,1.3,sl,-0.003991,0,0.7001,1
2022-01-16 01:00:00,LONG,1.32,1.32,tp,0.004,1,0.6851,1
2022-01-16 04:00:00,SHORT,1.35,1.35,sl,-0.003991,0,0.7924,1
2022-01-16 05:00:00,SHORT,1.37,1.37,sl,-0.003991,0,0.7056,1
2022-01-16 06:00:00,SHORT,1.37,1.36,tp,0.004025,1,0.6943,1
2022-01-16 11:00:00,SHORT,1.39,1.39,sl,-0.003991,0,0.6703,1
2022-01-16 12:00:00,SHORT,1.41,1.4,tp,0.004025,1,0.6929,1
2022-01-16 13:00:00,SHORT,1.41,1.41,sl,-0.003991,0,0.682,1
2022-01-16 22:00:00,SHORT,1.41,1.41,sl,-0.003991,0,0.6505,1
2022-01-16 23:00:00,SHORT,1.41,1.4,tp,0.004025,1,0.6566,1
2022-01-17 02:00:00,SHORT,1.48,1.47,tp,0.004025,1,0.8048,1
2022-01-17 03:00:00,LONG,1.46,1.46,tp,0.004,1,0.8232,1
2022-01-17 04:00:00,LONG,1.45,1.46,tp,0.004,1,0.6883,1
2022-01-17 05:00:00,SHORT,1.49,1.49,sl,-0.003991,0,0.8036,1
2022-01-17 06:00:00,SHORT,1.52,1.51,tp,0.004025,1,0.7991,1
2022-01-17 07:00:00,SHORT,1.53,1.52,tp,0.004025,1,0.7785,1
2022-01-17 08:00:00,SHORT,1.53,1.53,sl,-0.003991,0,0.7811,1
2022-01-17 09:00:00,SHORT,1.55,1.54,tp,0.004025,1,0.8073,1
2022-01-17 10:00:00,SHORT,1.54,1.53,tp,0.004025,1,0.7651,1
2022-01-17 11:00:00,LONG,1.52,1.52,tp,0.004,1,0.8558,1
2022-01-17 12:00:00,LONG,1.52,1.53,tp,0.004,1,0.7006,1
2022-01-17 13:00:00,SHORT,1.54,1.53,tp,0.004025,1,0.7901,1
2022-01-17 14:00:00,SHORT,1.53,1.52,tp,0.004025,1,0.6764,1
2022-01-17 15:00:00,LONG,1.48,1.49,tp,0.004,1,0.8927,1
2022-01-17 16:00:00,SHORT,1.48,1.48,tp,0.004025,1,0.7271,1
2022-01-17 17:00:00,SHORT,1.49,1.48,tp,0.004025,1,0.7679,1
2022-01-17 18:00:00,SHORT,1.53,1.52,tp,0.004025,1,0.848,1
2022-01-17 19:00:00,SHORT,1.56,1.55,tp,0.004025,1,0.8526,1
2022-01-17 20:00:00,SHORT,1.54,1.53,tp,0.004025,1,0.7756,1
2022-01-17 21:00:00,SHORT,1.53,1.52,tp,0.004025,1,0.7823,1
2022-01-17 22:00:00,SHORT,1.53,1.54,sl,-0.003991,0,0.7567,1
2022-01-17 23:00:00,SHORT,1.6,1.59,tp,0.004025,1,0.8953,1
2022-01-18 00:00:00,SHORT,1.6,1.59,tp,0.004025,1,0.8271,1
2022-01-18 01:00:00,SHORT,1.62,1.61,tp,0.004025,1,0.8965,1
2022-01-18 02:00:00,LONG,1.59,1.6,tp,0.004,1,0.8902,1
2022-01-18 03:00:00,SHORT,1.58,1.57,tp,0.004025,1,0.7665,1
2022-01-18 04:00:00,SHORT,1.57,1.56,tp,0.004025,1,0.723,1
2022-01-18 05:00:00,SHORT,1.56,1.56,sl,-0.003991,0,0.6834,1
2022-01-18 06:00:00,SHORT,1.56,1.55,tp,0.004025,1,0.659,1
2022-01-18 07:00:00,LONG,1.54,1.54,sl,-0.004,0,0.7685,1
2022-01-18 08:00:00,LONG,1.52,1.52,sl,-0.004,0,0.8008,1
2022-01-18 09:00:00,LONG,1.5,1.51,tp,0.004,1,0.8403,1
2022-01-18 10:00:00,LONG,1.49,1.49,sl,-0.004,0,0.7887,1
2022-01-18 11:00:00,SHORT,1.49,1.48,tp,0.004025,1,0.7081,1
2022-01-18 12:00:00,SHORT,1.5,1.5,tp,0.004025,1,0.8068,1
2022-01-18 13:00:00,SHORT,1.5,1.49,tp,0.004025,1,0.7407,1
2022-01-18 14:00:00,LONG,1.44,1.45,tp,0.004,1,0.9187,1
2022-01-18 15:00:00,SHORT,1.45,1.45,tp,0.004025,1,0.7873,1
2022-01-18 16:00:00,LONG,1.45,1.46,tp,0.004,1,0.7439,1
2022-01-18 17:00:00,LONG,1.44,1.44,sl,-0.004,0,0.708,1
2022-01-18 18:00:00,LONG,1.43,1.44,tp,0.004,1,0.7238,1
2022-01-18 19:00:00,LONG,1.44,1.43,sl,-0.004,0,0.6629,1
2022-01-18 20:00:00,LONG,1.43,1.44,tp,0.004,1,0.6869,1
2022-01-18 21:00:00,SHORT,1.47,1.46,tp,0.004025,1,0.8357,1
2022-01-18 22:00:00,SHORT,1.5,1.49,tp,0.004025,1,0.8262,1
2022-01-18 23:00:00,LONG,1.46,1.47,tp,0.004,1,0.8599,1
2022-01-19 00:00:00,SHORT,1.49,1.49,sl,-0.003991,0,0.7673,1
2022-01-19 01:00:00,SHORT,1.52,1.51,tp,0.004025,1,0.797,1
2022-01-19 02:00:00,LONG,1.5,1.49,sl,-0.004,0,0.8082,1
2022-01-19 03:00:00,LONG,1.45,1.45,sl,-0.004,0,0.8788,1
2022-01-19 04:00:00,SHORT,1.44,1.43,tp,0.004025,1,0.7632,1
2022-01-19 05:00:00,LONG,1.41,1.41,sl,-0.004,0,0.8681,1
2022-01-19 06:00:00,LONG,1.39,1.39,sl,-0.004,0,0.7981,1
2022-01-19 07:00:00,SHORT,1.38,1.37,tp,0.004025,1,0.7949,1
2022-01-19 08:00:00,SHORT,1.38,1.39,sl,-0.003991,0,0.7804,1
2022-01-19 09:00:00,SHORT,1.4,1.39,tp,0.004025,1,0.7845,1
2022-01-19 10:00:00,SHORT,1.39,1.4,sl,-0.003991,0,0.7969,1
2022-01-19 11:00:00,SHORT,1.43,1.42,tp,0.004025,1,0.8793,1
2022-01-19 12:00:00,SHORT,1.42,1.42,tp,0.004025,1,0.7427,1
2022-01-19 13:00:00,SHORT,1.42,1.41,tp,0.004025,1,0.7599,1
2022-01-19 14:00:00,SHORT,1.44,1.43,tp,0.004025,1,0.7556,1
2022-01-19 15:00:00,LONG,1.4,1.4,sl,-0.004,0,0.8334,1
2022-01-19 16:00:00,SHORT,1.39,1.39,tp,0.004025,1,0.6924,1
2022-01-19 17:00:00,SHORT,1.4,1.4,sl,-0.003991,0,0.7077,1
2022-01-19 18:00:00,LONG,1.4,1.39,sl,-0.004,0,0.6858,1
2022-01-19 19:00:00,LONG,1.37,1.36,sl,-0.004,0,0.8681,1
2022-01-19 20:00:00,LONG,1.34,1.34,tp,0.004,1,0.9008,1
2022-01-19 21:00:00,LONG,1.33,1.34,tp,0.004,1,0.7709,1
2022-01-19 22:00:00,SHORT,1.35,1.34,tp,0.004025,1,0.763,1
2022-01-19 23:00:00,SHORT,1.34,1.33,tp,0.004025,1,0.7688,1
2022-01-20 00:00:00,SHORT,1.32,1.33,sl,-0.003991,0,0.7472,1
2022-01-20 01:00:00,SHORT,1.33,1.34,sl,-0.003991,0,0.6812,1
2022-01-20 02:00:00,SHORT,1.35,1.34,tp,0.004025,1,0.6764,1
2022-01-20 03:00:00,SHORT,1.35,1.35,sl,-0.003991,0,0.6717,1
2022-01-20 04:00:00,LONG,1.35,1.36,tp,0.004,1,0.702,1
2022-01-20 05:00:00,LONG,1.36,1.37,tp,0.004,1,0.694,1
2022-01-20 06:00:00,LONG,1.36,1.37,tp,0.004,1,0.6605,1
2022-01-20 08:00:00,LONG,1.35,1.34,sl,-0.004,0,0.717,1
2022-01-20 11:00:00,LONG,1.35,1.35,sl,-0.004,0,0.6985,1
2022-01-20 12:00:00,LONG,1.35,1.35,tp,0.004,1,0.6567,1
2022-01-20 13:00:00,SHORT,1.37,1.38,sl,-0.003991,0,0.6915,1
2022-01-20 14:00:00,LONG,1.4,1.41,tp,0.004,1,0.7492,1
2022-01-20 15:00:00,LONG,1.41,1.41,tp,0.004,1,0.7852,1
2022-01-20 17:00:00,LONG,1.38,1.39,tp,0.004,1,0.8043,1
2022-01-20 18:00:00,LONG,1.38,1.39,tp,0.004,1,0.6837,1
2022-01-20 20:00:00,LONG,1.36,1.36,sl,-0.004,0,0.7793,1
2022-01-20 21:00:00,LONG,1.29,1.29,tp,0.004,1,0.8929,1
2022-01-20 22:00:00,SHORT,1.29,1.28,tp,0.004025,1,0.8669,1
2022-01-20 23:00:00,SHORT,1.26,1.25,tp,0.004025,1,0.853,1
2022-01-21 00:00:00,SHORT,1.27,1.26,tp,0.004025,1,0.8362,1
2022-01-21 01:00:00,LONG,1.21,1.22,tp,0.004,1,0.8663,1
2022-01-21 02:00:00,SHORT,1.24,1.23,tp,0.004025,1,0.8456,1
2022-01-21 03:00:00,LONG,1.21,1.21,tp,0.004,1,0.8589,1
2022-01-21 04:00:00,SHORT,1.22,1.21,tp,0.004025,1,0.8051,1
2022-01-21 05:00:00,SHORT,1.23,1.23,tp,0.004025,1,0.7817,1
2022-01-21 06:00:00,SHORT,1.23,1.24,sl,-0.003991,0,0.7404,1
2022-01-21 07:00:00,SHORT,1.24,1.24,tp,0.004025,1,0.7955,1
2022-01-21 08:00:00,SHORT,1.24,1.23,tp,0.004025,1,0.7378,1
2022-01-21 09:00:00,SHORT,1.23,1.23,sl,-0.003991,0,0.756,1
2022-01-21 10:00:00,SHORT,1.24,1.23,tp,0.004025,1,0.7612,1
2022-01-21 11:00:00,LONG,1.22,1.21,sl,-0.004,0,0.7885,1
2022-01-21 12:00:00,LONG,1.19,1.19,tp,0.004,1,0.8736,1
2022-01-21 13:00:00,SHORT,1.19,1.19,tp,0.004025,1,0.8516,1
2022-01-21 14:00:00,SHORT,1.2,1.19,tp,0.004025,1,0.8326,1
2022-01-21 15:00:00,SHORT,1.21,1.21,tp,0.004025,1,0.8152,1
2022-01-21 16:00:00,LONG,1.21,1.2,sl,-0.004,0,0.7584,1
2022-01-21 17:00:00,LONG,1.2,1.2,tp,0.004,1,0.7615,1
2022-01-21 18:00:00,LONG,1.2,1.2,tp,0.004,1,0.8106,1
2022-01-21 19:00:00,LONG,1.18,1.19,tp,0.004,1,0.8086,1
2022-01-21 20:00:00,SHORT,1.19,1.18,tp,0.004025,1,0.7547,1
2022-01-21 21:00:00,LONG,1.14,1.15,tp,0.004,1,0.9069,1
2022-01-21 22:00:00,SHORT,1.13,1.12,tp,0.004025,1,0.8369,1
2022-01-21 23:00:00,SHORT,1.12,1.12,sl,-0.003991,0,0.8487,1
2022-01-22 00:00:00,SHORT,1.13,1.12,tp,0.004025,1,0.826,1
2022-01-22 01:00:00,SHORT,1.14,1.13,tp,0.004025,1,0.8304,1
2022-01-22 02:00:00,SHORT,1.14,1.14,tp,0.004025,1,0.8156,1
2022-01-22 03:00:00,SHORT,1.14,1.13,tp,0.004025,1,0.7931,1
2022-01-22 04:00:00,SHORT,1.13,1.12,tp,0.004025,1,0.7603,1
2022-01-22 05:00:00,LONG,1.08,1.09,tp,0.004,1,0.8928,1
2022-01-22 06:00:00,LONG,1.07,1.08,tp,0.004,1,0.8332,1
2022-01-22 07:00:00,LONG,1.03,1.04,tp,0.004,1,0.9152,1
2022-01-22 08:00:00,SHORT,1.04,1.03,tp,0.004025,1,0.8049,1
2022-01-22 09:00:00,LONG,1.0,1.01,tp,0.004,1,0.9237,1
2022-01-22 10:00:00,SHORT,1.04,1.03,tp,0.004025,1,0.9261,1
2022-01-22 11:00:00,SHORT,1.03,1.02,tp,0.004025,1,0.887,1
2022-01-22 12:00:00,SHORT,1.09,1.09,tp,0.004025,1,0.9297,1
2022-01-22 13:00:00,SHORT,1.12,1.11,tp,0.004025,1,0.9047,1
2022-01-22 14:00:00,LONG,1.07,1.08,tp,0.004,1,0.905,1
2022-01-22 15:00:00,LONG,1.05,1.06,tp,0.004,1,0.8995,1
2022-01-22 16:00:00,SHORT,1.07,1.07,tp,0.004025,1,0.8642,1
2022-01-22 17:00:00,LONG,1.06,1.06,tp,0.004,1,0.8943,1
2022-01-22 18:00:00,LONG,1.03,1.04,tp,0.004,1,0.9035,1
2022-01-22 19:00:00,LONG,1.03,1.03,tp,0.004,1,0.8477,1
2022-01-22 20:00:00,SHORT,1.08,1.08,tp,0.004025,1,0.8834,1
2022-01-22 21:00:00,SHORT,1.09,1.09,tp,0.004025,1,0.8021,1
2022-01-22 22:00:00,LONG,1.06,1.06,tp,0.004,1,0.873,1
2022-01-22 23:00:00,LONG,1.07,1.08,tp,0.004,1,0.8383,1
2022-01-23 00:00:00,SHORT,1.1,1.09,tp,0.004025,1,0.8263,1
2022-01-23 01:00:00,LONG,1.08,1.08,sl,-0.004,0,0.7937,1
2022-01-23 02:00:00,LONG,1.05,1.06,tp,0.004,1,0.8484,1
2022-01-23 03:00:00,LONG,1.07,1.07,tp,0.004,1,0.7596,1
2022-01-23 04:00:00,LONG,1.09,1.09,tp,0.004,1,0.7593,1
2022-01-23 05:00:00,SHORT,1.11,1.1,tp,0.004025,1,0.7975,1
2022-01-23 06:00:00,LONG,1.1,1.11,tp,0.004,1,0.7322,1
2022-01-23 07:00:00,SHORT,1.12,1.12,sl,-0.003991,0,0.8026,1
2022-01-23 08:00:00,SHORT,1.13,1.13,sl,-0.003991,0,0.7651,1
2022-01-23 09:00:00,SHORT,1.15,1.14,tp,0.004025,1,0.8945,1
2022-01-23 10:00:00,LONG,1.14,1.14,sl,-0.004,0,0.7505,1
2022-01-23 11:00:00,LONG,1.12,1.13,tp,0.004,1,0.8097,1
2022-01-23 12:00:00,LONG,1.12,1.13,tp,0.004,1,0.7781,1
2022-01-23 13:00:00,LONG,1.13,1.14,tp,0.004,1,0.7741,1
2022-01-23 14:00:00,LONG,1.09,1.1,tp,0.004,1,0.8901,1
2022-01-23 15:00:00,SHORT,1.09,1.1,sl,-0.003991,0,0.7942,1
2022-01-23 16:00:00,SHORT,1.1,1.1,sl,-0.003991,0,0.7832,1
2022-01-23 17:00:00,SHORT,1.1,1.1,tp,0.004025,1,0.7492,1
2022-01-23 18:00:00,LONG,1.07,1.07,tp,0.004,1,0.8321,1
2022-01-23 19:00:00,SHORT,1.06,1.06,sl,-0.003991,0,0.8376,1
2022-01-23 20:00:00,SHORT,1.07,1.07,tp,0.004025,1,0.7998,1
2022-01-23 21:00:00,SHORT,1.07,1.06,tp,0.004025,1,0.7568,1
2022-01-23 22:00:00,SHORT,1.08,1.08,sl,-0.003991,0,0.7759,1
2022-01-23 23:00:00,SHORT,1.12,1.12,tp,0.004025,1,0.8756,1
2022-01-24 00:00:00,LONG,1.1,1.1,tp,0.004,1,0.8027,1
2022-01-24 01:00:00,LONG,1.08,1.08,sl,-0.004,0,0.7656,1
2022-01-24 02:00:00,LONG,1.07,1.07,tp,0.004,1,0.764,1
2022-01-24 03:00:00,SHORT,1.07,1.07,tp,0.004025,1,0.7316,1
2022-01-24 04:00:00,SHORT,1.06,1.06,tp,0.004025,1,0.6784,1
2022-01-24 05:00:00,SHORT,1.06,1.06,tp,0.004025,1,0.7744,1
2022-01-24 06:00:00,LONG,1.06,1.06,sl,-0.004,0,0.685,1
2022-01-24 07:00:00,LONG,1.03,1.03,tp,0.004,1,0.877,1
2022-01-24 08:00:00,LONG,1.04,1.03,sl,-0.004,0,0.78,1
2022-01-24 09:00:00,LONG,1.01,1.02,tp,0.004,1,0.8739,1
2022-01-24 10:00:00,LONG,0.97,0.97,tp,0.004,1,0.9042,1
2022-01-24 11:00:00,SHORT,0.98,0.98,tp,0.004025,1,0.8873,1
2022-01-24 12:00:00,LONG,0.96,0.97,tp,0.004,1,0.8976,1
2022-01-24 13:00:00,SHORT,0.96,0.96,sl,-0.003991,0,0.832,1
2022-01-24 14:00:00,SHORT,0.99,0.99,tp,0.004025,1,0.9183,1
2022-01-24 15:00:00,SHORT,1.02,1.01,tp,0.004025,1,0.9262,1
2022-01-24 16:00:00,SHORT,1.01,1.0,tp,0.004025,1,0.854,1
2022-01-24 17:00:00,SHORT,1.03,1.02,tp,0.004025,1,0.9027,1
2022-01-24 18:00:00,SHORT,1.04,1.05,sl,-0.003991,0,0.8403,1
2022-01-24 19:00:00,SHORT,1.06,1.06,tp,0.004025,1,0.829,1
2022-01-24 20:00:00,SHORT,1.1,1.09,tp,0.004025,1,0.8811,1
2022-01-24 21:00:00,LONG,1.08,1.08,sl,-0.004,0,0.8558,1
2022-01-24 22:00:00,LONG,1.06,1.06,tp,0.004,1,0.8717,1
2022-01-24 23:00:00,LONG,1.07,1.06,sl,-0.004,0,0.787,1
2022-01-25 00:00:00,LONG,1.04,1.05,tp,0.004,1,0.8839,1
2022-01-25 01:00:00,LONG,1.03,1.04,tp,0.004,1,0.8269,1
2022-01-25 02:00:00,LONG,1.04,1.04,sl,-0.004,0,0.7029,1
2022-01-25 03:00:00,LONG,1.05,1.05,sl,-0.004,0,0.734,1
2022-01-25 04:00:00,LONG,1.03,1.02,sl,-0.004,0,0.8079,1
2022-01-25 05:00:00,SHORT,1.02,1.01,tp,0.004025,1,0.7222,1
2022-01-25 06:00:00,LONG,1.01,1.01,tp,0.004,1,0.7781,1
2022-01-25 07:00:00,SHORT,1.01,1.02,sl,-0.003991,0,0.8151,1
2022-01-25 08:00:00,LONG,1.02,1.03,tp,0.004,1,0.7601,1
2022-01-25 09:00:00,SHORT,1.04,1.03,tp,0.004025,1,0.7926,1
2022-01-25 10:00:00,SHORT,1.04,1.03,tp,0.004025,1,0.7807,1
2022-01-25 11:00:00,SHORT,1.03,1.02,tp,0.004025,1,0.7656,1
2022-01-25 12:00:00,SHORT,1.03,1.02,tp,0.004025,1,0.7529,1
2022-01-25 13:00:00,SHORT,1.03,1.03,tp,0.004025,1,0.708,1
2022-01-25 14:00:00,LONG,1.02,1.02,tp,0.004,1,0.7998,1
2022-01-25 15:00:00,SHORT,1.03,1.03,sl,-0.003991,0,0.7629,1
2022-01-25 16:00:00,SHORT,1.04,1.04,sl,-0.003991,0,0.67,1
2022-01-25 17:00:00,LONG,1.05,1.06,tp,0.004,1,0.6976,1
2022-01-25 18:00:00,SHORT,1.07,1.07,tp,0.004025,1,0.7901,1
2022-01-25 19:00:00,LONG,1.06,1.05,sl,-0.004,0,0.8045,1
2022-01-25 20:00:00,LONG,1.04,1.04,sl,-0.004,0,0.8789,1
2022-01-25 21:00:00,LONG,1.03,1.03,tp,0.004,1,0.771,1
2022-01-25 22:00:00,LONG,1.04,1.04,tp,0.004,1,0.6557,1
2022-01-25 23:00:00,LONG,1.04,1.04,sl,-0.004,0,0.6911,1
2022-01-26 00:00:00,LONG,1.03,1.03,tp,0.004,1,0.7205,1
2022-01-26 02:00:00,LONG,1.03,1.04,tp,0.004,1,0.6659,1
2022-01-26 04:00:00,SHORT,1.06,1.06,tp,0.004025,1,0.7246,1
2022-01-26 06:00:00,LONG,1.04,1.04,tp,0.004,1,0.7143,1
2022-01-26 09:00:00,LONG,1.05,1.06,tp,0.004,1,0.6873,1
2022-01-26 10:00:00,SHORT,1.06,1.06,tp,0.004025,1,0.6676,1
2022-01-26 11:00:00,SHORT,1.07,1.07,tp,0.004025,1,0.787,1
2022-01-26 12:00:00,LONG,1.1,1.1,tp,0.004,1,0.78,1
2022-01-26 13:00:00,SHORT,1.11,1.11,sl,-0.003991,0,0.8088,1
2022-01-26 14:00:00,SHORT,1.11,1.11,tp,0.004025,1,0.7827,1
2022-01-26 15:00:00,LONG,1.11,1.11,tp,0.004,1,0.7925,1
2022-01-26 16:00:00,SHORT,1.12,1.11,tp,0.004025,1,0.7239,1
2022-01-26 17:00:00,LONG,1.09,1.1,tp,0.004,1,0.8337,1
2022-01-26 18:00:00,SHORT,1.1,1.1,sl,-0.003991,0,0.7552,1
2022-01-26 19:00:00,LONG,1.12,1.12,sl,-0.004,0,0.8182,1
2022-01-26 20:00:00,LONG,1.09,1.09,tp,0.004,1,0.861,1
2022-01-26 21:00:00,LONG,1.04,1.04,tp,0.004,1,0.8937,1
2022-01-26 22:00:00,SHORT,1.06,1.07,sl,-0.003991,0,0.8828,1
2022-01-26 23:00:00,SHORT,1.08,1.07,tp,0.004025,1,0.828,1
2022-01-27 00:00:00,SHORT,1.08,1.07,tp,0.004025,1,0.7787,1
2022-01-27 01:00:00,LONG,1.03,1.03,sl,-0.004,0,0.8692,1
2022-01-27 02:00:00,SHORT,1.03,1.03,tp,0.004025,1,0.763,1
2022-01-27 03:00:00,LONG,1.02,1.02,tp,0.004,1,0.8065,1
2022-01-27 04:00:00,SHORT,1.02,1.03,sl,-0.003991,0,0.7192,1
2022-01-27 05:00:00,LONG,1.03,1.03,tp,0.004,1,0.704,1
2022-01-27 06:00:00,SHORT,1.04,1.03,tp,0.004025,1,0.7187,1
2022-01-27 07:00:00,SHORT,1.04,1.04,tp,0.004025,1,0.74,1
2022-01-27 08:00:00,SHORT,1.06,1.05,tp,0.004025,1,0.7875,1
2022-01-27 09:00:00,SHORT,1.05,1.05,tp,0.004025,1,0.6855,1
2022-01-27 10:00:00,LONG,1.04,1.04,tp,0.004,1,0.8108,1
2022-01-27 11:00:00,LONG,1.05,1.06,tp,0.004,1,0.7152,1
2022-01-27 12:00:00,LONG,1.05,1.06,tp,0.004,1,0.7429,1
2022-01-27 13:00:00,LONG,1.06,1.06,tp,0.004,1,0.692,1
2022-01-27 14:00:00,LONG,1.06,1.07,tp,0.004,1,0.774,1
2022-01-27 15:00:00,LONG,1.05,1.06,tp,0.004,1,0.7858,1
2022-01-27 16:00:00,LONG,1.04,1.04,sl,-0.004,0,0.7782,1
2022-01-27 17:00:00,LONG,1.03,1.03,sl,-0.004,0,0.7643,1
2022-01-27 18:00:00,LONG,1.03,1.04,tp,0.004,1,0.7031,1
2022-01-27 19:00:00,LONG,1.03,1.03,tp,0.004,1,0.7164,1
2022-01-27 20:00:00,LONG,1.01,1.01,tp,0.004,1,0.8752,1
2022-01-27 21:00:00,SHORT,1.03,1.03,tp,0.004025,1,0.8141,1
2022-01-27 22:00:00,SHORT,1.04,1.04,sl,-0.003991,0,0.7153,1
2022-01-27 23:00:00,SHORT,1.04,1.04,sl,-0.003991,0,0.7303,1
2022-01-28 00:00:00,LONG,1.05,1.05,tp,0.004,1,0.6614,1
2022-01-28 01:00:00,LONG,1.04,1.04,tp,0.004,1,0.684,1
2022-01-28 02:00:00,LONG,1.05,1.05,tp,0.004,1,0.6667,1
2022-01-28 06:00:00,LONG,1.03,1.04,tp,0.004,1,0.6714,1
2022-01-28 09:00:00,LONG,1.02,1.02,sl,-0.004,0,0.677,1
2022-01-28 10:00:00,LONG,1.02,1.02,sl,-0.004,0,0.7131,1
2022-01-28 11:00:00,LONG,1.02,1.02,sl,-0.004,0,0.6802,1
2022-01-28 12:00:00,LONG,1.02,1.03,tp,0.004,1,0.6646,1
2022-01-28 13:00:00,SHORT,1.03,1.03,tp,0.004025,1,0.6591,1
2022-01-28 15:00:00,SHORT,1.04,1.03,tp,0.004025,1,0.6797,1
2022-01-29 13:00:00,SHORT,1.08,1.07,tp,0.004025,1,0.6503,1
2022-01-29 14:00:00,LONG,1.06,1.05,sl,-0.004,0,0.6687,1
2022-01-29 15:00:00,SHORT,1.05,1.05,tp,0.004025,1,0.6525,1
2022-01-30 23:00:00,SHORT,1.03,1.03,tp,0.004025,1,0.6577,1
2022-01-31 00:00:00,SHORT,1.02,1.02,sl,-0.003991,0,0.6746,1
2022-01-31 15:00:00,LONG,1.04,1.04,tp,0.004,1,0.6669,1
2022-02-01 21:00:00,SHORT,1.08,1.07,tp,0.004025,1,0.6538,1
2022-02-01 23:00:00,SHORT,1.1,1.09,tp,0.004025,1,0.81,1
2022-02-02 07:00:00,LONG,1.06,1.06,tp,0.004,1,0.6807,1
2022-02-02 14:00:00,SHORT,1.04,1.05,sl,-0.003991,0,0.7205,1
2022-02-02 16:00:00,SHORT,1.05,1.04,tp,0.004025,1,0.6518,1
2022-02-02 21:00:00,LONG,1.03,1.04,tp,0.004,1,0.722,1
2022-02-02 23:00:00,SHORT,1.03,1.03,sl,-0.003991,0,0.7091,1
2022-02-03 09:00:00,LONG,1.02,1.02,sl,-0.004,0,0.6626,1
2022-02-03 23:00:00,SHORT,1.06,1.06,tp,0.004025,1,0.7586,1
2022-02-04 15:00:00,SHORT,1.08,1.08,sl,-0.003991,0,0.6692,1
2022-02-04 16:00:00,LONG,1.1,1.1,sl,-0.004,0,0.7888,1
2022-02-04 22:00:00,SHORT,1.12,1.12,sl,-0.003991,0,0.7543,1
2022-02-04 23:00:00,SHORT,1.14,1.13,tp,0.004025,1,0.825,1
2022-02-05 00:00:00,SHORT,1.13,1.13,tp,0.004025,1,0.6605,1
2022-02-05 05:00:00,SHORT,1.16,1.17,sl,-0.003991,0,0.6938,1
2022-02-05 06:00:00,LONG,1.16,1.16,sl,-0.004,0,0.6613,1
2022-02-05 13:00:00,SHORT,1.15,1.15,tp,0.004025,1,0.6523,1
2022-02-05 16:00:00,LONG,1.12,1.12,tp,0.004,1,0.7335,1
2022-02-06 14:00:00,LONG,1.11,1.11,tp,0.004,1,0.6991,1
2022-02-06 23:00:00,LONG,1.14,1.14,sl,-0.004,0,0.6653,1
2022-02-07 08:00:00,LONG,1.19,1.18,sl,-0.004,0,0.6651,1
2022-02-07 09:00:00,LONG,1.18,1.18,sl,-0.004,0,0.6796,1
2022-02-07 11:00:00,LONG,1.18,1.18,sl,-0.004,0,0.6821,1
2022-02-07 14:00:00,SHORT,1.2,1.2,tp,0.004025,1,0.6759,1
2022-02-07 16:00:00,LONG,1.19,1.2,tp,0.004,1,0.6841,1
2022-02-07 18:00:00,LONG,1.18,1.19,tp,0.004,1,0.6816,1
2022-02-07 22:00:00,SHORT,1.2,1.2,tp,0.004025,1,0.6876,1
2022-02-08 00:00:00,SHORT,1.24,1.24,sl,-0.003991,0,0.7995,1
2022-02-08 01:00:00,SHORT,1.25,1.24,tp,0.004025,1,0.8242,1
2022-02-08 02:00:00,LONG,1.24,1.23,sl,-0.004,0,0.6885,1
2022-02-08 06:00:00,LONG,1.23,1.24,tp,0.004,1,0.7446,1
2022-02-08 08:00:00,LONG,1.19,1.2,tp,0.004,1,0.7907,1
2022-02-08 09:00:00,SHORT,1.19,1.18,tp,0.004025,1,0.7334,1
2022-02-08 10:00:00,LONG,1.19,1.19,tp,0.004,1,0.6711,1
2022-02-08 11:00:00,SHORT,1.2,1.19,tp,0.004025,1,0.6983,1
2022-02-08 12:00:00,LONG,1.18,1.18,tp,0.004,1,0.8121,1
2022-02-08 13:00:00,SHORT,1.18,1.18,tp,0.004025,1,0.6667,1
2022-02-08 14:00:00,LONG,1.18,1.17,sl,-0.004,0,0.7354,1
2022-02-08 15:00:00,LONG,1.17,1.16,sl,-0.004,0,0.7083,1
2022-02-08 16:00:00,LONG,1.15,1.15,sl,-0.004,0,0.7929,1
2022-02-08 17:00:00,LONG,1.15,1.15,tp,0.004,1,0.6803,1
2022-02-09 04:00:00,LONG,1.17,1.18,tp,0.004,1,0.6619,1
2022-02-09 12:00:00,SHORT,1.21,1.21,sl,-0.003991,0,0.6603,1
2022-02-10 11:00:00,LONG,1.21,1.21,tp,0.004,1,0.7756,1
2022-02-10 13:00:00,SHORT,1.16,1.15,tp,0.004025,1,0.7368,1
2022-02-10 14:00:00,SHORT,1.19,1.19,tp,0.004025,1,0.7269,1
2022-02-10 15:00:00,LONG,1.19,1.2,tp,0.004,1,0.6801,1
2022-02-10 19:00:00,LONG,1.17,1.17,sl,-0.004,0,0.7586,1
2022-02-10 23:00:00,LONG,1.15,1.15,sl,-0.004,0,0.77,1
2022-02-11 00:00:00,SHORT,1.14,1.14,sl,-0.003991,0,0.7091,1
2022-02-11 01:00:00,SHORT,1.14,1.13,tp,0.004025,1,0.6648,1
2022-02-11 18:00:00,LONG,1.12,1.12,sl,-0.004,0,0.7245,1
2022-02-11 19:00:00,SHORT,1.11,1.11,tp,0.004025,1,0.6763,1
2022-02-11 20:00:00,LONG,1.09,1.1,tp,0.004,1,0.7625,1
2022-02-11 21:00:00,LONG,1.09,1.09,sl,-0.004,0,0.686,1
2022-02-11 22:00:00,LONG,1.07,1.08,tp,0.004,1,0.7065,1
2022-02-11 23:00:00,SHORT,1.08,1.07,tp,0.004025,1,0.6821,1
2022-02-12 06:00:00,LONG,1.06,1.07,tp,0.004,1,0.7123,1
2022-02-12 07:00:00,LONG,1.06,1.07,tp,0.004,1,0.6603,1
2022-02-12 11:00:00,LONG,1.07,1.08,tp,0.004,1,0.6933,1
2022-02-12 12:00:00,LONG,1.07,1.07,sl,-0.004,0,0.6829,1
2022-02-12 13:00:00,LONG,1.04,1.05,tp,0.004,1,0.8159,1
2022-02-12 14:00:00,LONG,1.05,1.05,tp,0.004,1,0.6888,1
2022-02-12 15:00:00,LONG,1.05,1.06,tp,0.004,1,0.6984,1
2022-02-12 21:00:00,LONG,1.05,1.05,tp,0.004,1,0.8011,1
2022-02-14 01:00:00,SHORT,1.02,1.02,sl,-0.003991,0,0.674,1
2022-02-15 13:00:00,LONG,1.11,1.11,sl,-0.004,0,0.6869,1
2022-02-17 14:00:00,SHORT,1.05,1.05,sl,-0.003991,0,0.6697,1
2022-02-18 15:00:00,LONG,1.01,1.01,tp,0.004,1,0.6802,1
2022-02-18 16:00:00,LONG,1.0,1.01,tp,0.004,1,0.6921,1
2022-02-18 17:00:00,LONG,1.0,1.01,tp,0.004,1,0.7077,1
2022-02-20 05:00:00,LONG,0.95,0.95,sl,-0.004,0,0.7066,1
2022-02-20 06:00:00,SHORT,0.94,0.94,sl,-0.003991,0,0.6529,1
2022-02-20 08:00:00,LONG,0.93,0.94,tp,0.004,1,0.7334,1
2022-02-20 10:00:00,LONG,0.93,0.94,tp,0.004,1,0.7028,1
2022-02-20 12:00:00,LONG,0.93,0.94,tp,0.004,1,0.6857,1
2022-02-20 13:00:00,LONG,0.93,0.93,sl,-0.004,0,0.6543,1
2022-02-20 14:00:00,LONG,0.93,0.94,tp,0.004,1,0.6508,1
2022-02-20 23:00:00,LONG,0.93,0.94,tp,0.004,1,0.7526,1
2022-02-21 01:00:00,LONG,0.96,0.97,tp,0.004,1,0.6685,1
2022-02-21 04:00:00,LONG,0.98,0.98,sl,-0.004,0,0.7257,1
2022-02-21 05:00:00,LONG,0.97,0.97,sl,-0.004,0,0.6709,1
2022-02-21 08:00:00,LONG,0.97,0.97,sl,-0.004,0,0.6653,1
2022-02-21 10:00:00,LONG,0.95,0.94,sl,-0.004,0,0.8029,1
2022-02-21 11:00:00,SHORT,0.93,0.92,tp,0.004025,1,0.7623,1
2022-02-21 12:00:00,SHORT,0.92,0.92,tp,0.004025,1,0.7563,1
2022-02-21 13:00:00,SHORT,0.91,0.92,sl,-0.003991,0,0.8033,1
2022-02-21 14:00:00,SHORT,0.94,0.94,tp,0.004025,1,0.8532,1
2022-02-21 15:00:00,SHORT,0.95,0.94,tp,0.004025,1,0.7412,1
2022-02-21 17:00:00,LONG,0.93,0.94,tp,0.004,1,0.6935,1
2022-02-21 18:00:00,SHORT,0.92,0.91,tp,0.004025,1,0.7517,1
2022-02-21 19:00:00,SHORT,0.92,0.92,tp,0.004025,1,0.7377,1
2022-02-21 21:00:00,SHORT,0.88,0.88,tp,0.004025,1,0.8578,1
2022-02-21 22:00:00,SHORT,0.89,0.88,tp,0.004025,1,0.8507,1
2022-02-21 23:00:00,LONG,0.86,0.86,tp,0.004,1,0.8729,1
2022-02-22 00:00:00,SHORT,0.86,0.86,tp,0.004025,1,0.8541,1
2022-02-22 01:00:00,SHORT,0.86,0.85,tp,0.004025,1,0.7925,1
2022-02-22 02:00:00,SHORT,0.84,0.84,tp,0.004025,1,0.7345,1
2022-02-22 03:00:00,LONG,0.83,0.84,tp,0.004,1,0.8255,1
2022-02-22 04:00:00,LONG,0.82,0.82,tp,0.004,1,0.8205,1
2022-02-22 05:00:00,SHORT,0.83,0.83,sl,-0.003991,0,0.7711,1
2022-02-22 06:00:00,SHORT,0.83,0.83,tp,0.004025,1,0.7156,1
2022-02-22 07:00:00,LONG,0.83,0.83,tp,0.004,1,0.788,1
2022-02-22 08:00:00,SHORT,0.84,0.84,tp,0.004025,1,0.8022,1
2022-02-22 09:00:00,SHORT,0.84,0.84,tp,0.004025,1,0.7201,1
2022-02-22 10:00:00,SHORT,0.87,0.86,tp,0.004025,1,0.9115,1
2022-02-22 11:00:00,SHORT,0.86,0.86,tp,0.004025,1,0.7878,1
2022-02-22 12:00:00,SHORT,0.87,0.87,sl,-0.003991,0,0.811,1
2022-02-22 13:00:00,SHORT,0.88,0.87,tp,0.004025,1,0.7266,1
2022-02-22 14:00:00,SHORT,0.89,0.88,tp,0.004025,1,0.8188,1
2022-02-22 15:00:00,LONG,0.88,0.88,tp,0.004,1,0.8441,1
2022-02-22 16:00:00,LONG,0.88,0.87,sl,-0.004,0,0.7769,1
2022-02-22 17:00:00,LONG,0.87,0.87,tp,0.004,1,0.7283,1
2022-02-22 18:00:00,LONG,0.88,0.88,tp,0.004,1,0.6925,1
2022-02-22 19:00:00,LONG,0.89,0.89,tp,0.004,1,0.6653,1
2022-02-22 20:00:00,LONG,0.88,0.88,tp,0.004,1,0.8229,1
2022-02-22 21:00:00,LONG,0.88,0.88,tp,0.004,1,0.6646,1
2022-02-22 22:00:00,LONG,0.87,0.88,tp,0.004,1,0.656,1
2022-02-22 23:00:00,SHORT,0.89,0.88,tp,0.004025,1,0.7078,1
2022-02-23 01:00:00,SHORT,0.88,0.89,sl,-0.003991,0,0.6528,1
2022-02-23 02:00:00,SHORT,0.9,0.9,tp,0.004025,1,0.7964,1
2022-02-23 03:00:00,SHORT,0.89,0.9,sl,-0.003991,0,0.6754,1
2022-02-23 04:00:00,SHORT,0.92,0.91,tp,0.004025,1,0.8819,1
2022-02-23 05:00:00,SHORT,0.91,0.91,tp,0.004025,1,0.7341,1
2022-02-23 07:00:00,SHORT,0.91,0.92,sl,-0.003991,0,0.7481,1
2022-02-23 08:00:00,SHORT,0.92,0.92,sl,-0.003991,0,0.6821,1
2022-02-23 09:00:00,SHORT,0.93,0.92,tp,0.004025,1,0.734,1
2022-02-23 10:00:00,SHORT,0.93,0.93,tp,0.004025,1,0.7267,1
2022-02-23 11:00:00,LONG,0.93,0.94,tp,0.004,1,0.6588,1
2022-02-23 12:00:00,SHORT,0.94,0.94,tp,0.004025,1,0.8048,1
2022-02-23 14:00:00,LONG,0.92,0.92,sl,-0.004,0,0.8225,1
2022-02-23 15:00:00,LONG,0.92,0.92,tp,0.004,1,0.7311,1
2022-02-23 16:00:00,SHORT,0.93,0.93,sl,-0.003991,0,0.6688,1
2022-02-23 17:00:00,SHORT,0.93,0.92,tp,0.004025,1,0.7273,1
2022-02-23 18:00:00,LONG,0.92,0.92,sl,-0.004,0,0.6915,1
2022-02-23 19:00:00,LONG,0.9,0.9,tp,0.004,1,0.8839,1
2022-02-23 20:00:00,SHORT,0.9,0.9,tp,0.004025,1,0.7403,1
2022-02-23 21:00:00,LONG,0.89,0.89,tp,0.004,1,0.8479,1
2022-02-23 22:00:00,SHORT,0.89,0.89,tp,0.004025,1,0.8043,1
2022-02-23 23:00:00,LONG,0.87,0.87,tp,0.004,1,0.892,1
2022-02-24 00:00:00,SHORT,0.86,0.85,tp,0.004025,1,0.8088,1
2022-02-24 01:00:00,SHORT,0.86,0.86,tp,0.004025,1,0.78,1
2022-02-24 02:00:00,LONG,0.83,0.83,sl,-0.004,0,0.886,1
2022-02-24 03:00:00,LONG,0.8,0.8,tp,0.004,1,0.813,1
2022-02-24 04:00:00,SHORT,0.81,0.8,tp,0.004025,1,0.804,1
2022-02-24 05:00:00,LONG,0.77,0.77,tp,0.004,1,0.8759,1
2022-02-24 06:00:00,SHORT,0.77,0.77,tp,0.004025,1,0.805,1
2022-02-24 07:00:00,SHORT,0.78,0.78,tp,0.004025,1,0.844,1
2022-02-24 08:00:00,LONG,0.77,0.78,tp,0.004,1,0.8102,1
2022-02-24 09:00:00,SHORT,0.77,0.76,tp,0.004025,1,0.7845,1
2022-02-24 10:00:00,SHORT,0.76,0.76,tp,0.004025,1,0.8364,1
2022-02-24 11:00:00,SHORT,0.76,0.76,tp,0.004025,1,0.8275,1
2022-02-24 12:00:00,SHORT,0.76,0.76,tp,0.004025,1,0.8303,1
2022-02-24 13:00:00,SHORT,0.77,0.77,tp,0.004025,1,0.8131,1
2022-02-24 14:00:00,SHORT,0.79,0.78,tp,0.004025,1,0.8813,1
2022-02-24 15:00:00,SHORT,0.81,0.81,tp,0.004025,1,0.9202,1
2022-02-24 16:00:00,SHORT,0.81,0.8,tp,0.004025,1,0.8345,1
2022-02-24 17:00:00,LONG,0.8,0.81,tp,0.004,1,0.8203,1
2022-02-24 18:00:00,SHORT,0.83,0.82,tp,0.004025,1,0.8734,1
2022-02-24 19:00:00,SHORT,0.85,0.85,sl,-0.003991,0,0.8851,1
2022-02-24 20:00:00,LONG,0.86,0.87,tp,0.004,1,0.8308,1
2022-02-24 21:00:00,SHORT,0.87,0.86,tp,0.004025,1,0.736,1
2022-02-24 22:00:00,LONG,0.84,0.84,tp,0.004,1,0.889,1
2022-02-24 23:00:00,LONG,0.85,0.86,tp,0.004,1,0.791,1
2022-02-25 00:00:00,LONG,0.84,0.85,tp,0.004,1,0.8445,1
2022-02-25 01:00:00,SHORT,0.86,0.86,tp,0.004025,1,0.7998,1
2022-02-25 02:00:00,LONG,0.86,0.86,sl,-0.004,0,0.6884,1
2022-02-25 03:00:00,SHORT,0.86,0.85,tp,0.004025,1,0.7072,1
2022-02-25 04:00:00,LONG,0.85,0.85,sl,-0.004,0,0.696,1
2022-02-25 05:00:00,SHORT,0.84,0.84,sl,-0.003991,0,0.7455,1
2022-02-25 06:00:00,SHORT,0.85,0.85,tp,0.004025,1,0.7471,1
2022-02-25 07:00:00,SHORT,0.85,0.84,tp,0.004025,1,0.716,1
2022-02-25 08:00:00,SHORT,0.84,0.84,tp,0.004025,1,0.7467,1
2022-02-25 09:00:00,SHORT,0.84,0.84,tp,0.004025,1,0.7497,1
2022-02-25 10:00:00,SHORT,0.84,0.84,tp,0.004025,1,0.7225,1
2022-02-25 11:00:00,SHORT,0.85,0.85,sl,-0.003991,0,0.7912,1
2022-02-25 12:00:00,SHORT,0.88,0.87,tp,0.004025,1,0.9087,1
2022-02-25 13:00:00,SHORT,0.88,0.87,tp,0.004025,1,0.7844,1
2022-02-25 14:00:00,LONG,0.87,0.87,tp,0.004,1,0.7602,1
2022-02-25 15:00:00,SHORT,0.88,0.88,tp,0.004025,1,0.8242,1
2022-02-25 16:00:00,SHORT,0.88,0.88,tp,0.004025,1,0.7663,1
2022-02-25 17:00:00,SHORT,0.87,0.87,tp,0.004025,1,0.7327,1
2022-02-25 20:00:00,SHORT,0.88,0.88,tp,0.004025,1,0.6927,1
2022-02-25 22:00:00,SHORT,0.9,0.9,tp,0.004025,1,0.8386,1
2022-02-25 23:00:00,SHORT,0.9,0.9,sl,-0.003991,0,0.6886,1
2022-02-26 00:00:00,SHORT,0.91,0.92,sl,-0.003991,0,0.7954,1
2022-02-26 01:00:00,SHORT,0.92,0.92,tp,0.004025,1,0.7716,1
2022-02-26 02:00:00,SHORT,0.92,0.92,tp,0.004025,1,0.7536,1
2022-02-26 04:00:00,SHORT,0.92,0.92,tp,0.004025,1,0.7316,1
2022-02-26 05:00:00,LONG,0.9,0.91,tp,0.004,1,0.7931,1
2022-02-26 07:00:00,SHORT,0.91,0.9,tp,0.004025,1,0.6659,1
2022-02-26 08:00:00,LONG,0.89,0.9,tp,0.004,1,0.8617,1
2022-02-26 23:00:00,LONG,0.89,0.88,sl,-0.004,0,0.6595,1
2022-02-27 00:00:00,SHORT,0.86,0.86,tp,0.004025,1,0.7676,1
2022-02-27 01:00:00,LONG,0.85,0.86,tp,0.004,1,0.7749,1
2022-02-27 02:00:00,SHORT,0.86,0.86,sl,-0.003991,0,0.6564,1
2022-02-27 11:00:00,SHORT,0.9,0.9,tp,0.004025,1,0.6839,1
2022-02-27 12:00:00,SHORT,0.91,0.91,tp,0.004025,1,0.7078,1
2022-02-27 13:00:00,LONG,0.89,0.9,tp,0.004,1,0.7863,1
2022-02-27 15:00:00,LONG,0.9,0.9,sl,-0.004,0,0.7132,1
2022-02-27 16:00:00,LONG,0.89,0.89,sl,-0.004,0,0.6727,1
2022-02-27 19:00:00,LONG,0.85,0.85,tp,0.004,1,0.8544,1
2022-02-27 20:00:00,SHORT,0.85,0.85,tp,0.004025,1,0.7228,1
2022-02-27 21:00:00,SHORT,0.85,0.85,sl,-0.003991,0,0.7846,1
2022-02-27 22:00:00,SHORT,0.85,0.85,tp,0.004025,1,0.7243,1
2022-02-27 23:00:00,SHORT,0.86,0.85,tp,0.004025,1,0.801,1
2022-02-28 00:00:00,LONG,0.85,0.85,tp,0.004,1,0.665,1
2022-02-28 01:00:00,SHORT,0.86,0.86,sl,-0.003991,0,0.6678,1
2022-02-28 02:00:00,SHORT,0.87,0.87,tp,0.004025,1,0.7044,1
2022-02-28 03:00:00,SHORT,0.88,0.87,tp,0.004025,1,0.711,1
2022-02-28 04:00:00,LONG,0.87,0.88,tp,0.004,1,0.7172,1
2022-02-28 05:00:00,LONG,0.87,0.87,sl,-0.004,0,0.6824,1
2022-02-28 06:00:00,SHORT,0.87,0.87,sl,-0.003991,0,0.6511,1
2022-02-28 07:00:00,SHORT,0.88,0.88,tp,0.004025,1,0.6794,1
2022-02-28 08:00:00,LONG,0.88,0.88,tp,0.004,1,0.6817,1
2022-02-28 09:00:00,LONG,0.87,0.88,tp,0.004,1,0.7182,1
2022-02-28 12:00:00,LONG,0.88,0.89,tp,0.004,1,0.7203,1
2022-02-28 13:00:00,LONG,0.88,0.89,tp,0.004,1,0.7042,1
2022-02-28 14:00:00,SHORT,0.91,0.91,tp,0.004025,1,0.7878,1
2022-02-28 15:00:00,SHORT,0.94,0.93,tp,0.004025,1,0.9039,1
2022-02-28 16:00:00,LONG,0.93,0.93,sl,-0.004,0,0.7837,1
2022-02-28 17:00:00,SHORT,0.93,0.93,tp,0.004025,1,0.7602,1
2022-02-28 20:00:00,SHORT,0.94,0.93,tp,0.004025,1,0.7372,1
2022-02-28 22:00:00,SHORT,0.95,0.95,sl,-0.003991,0,0.7674,1
2022-02-28 23:00:00,SHORT,0.96,0.96,sl,-0.003991,0,0.7835,1
2022-03-01 00:00:00,SHORT,0.98,0.97,tp,0.004025,1,0.8541,1
2022-03-01 01:00:00,SHORT,0.97,0.97,sl,-0.003991,0,0.7252,1
2022-03-01 02:00:00,SHORT,0.97,0.97,tp,0.004025,1,0.769,1
2022-03-01 06:00:00,SHORT,0.97,0.96,tp,0.004025,1,0.658,1
2022-03-01 08:00:00,SHORT,0.97,0.97,tp,0.004025,1,0.6596,1
2022-03-01 10:00:00,SHORT,0.96,0.96,tp,0.004025,1,0.6849,1
2022-03-01 12:00:00,SHORT,0.97,0.97,sl,-0.003991,0,0.7576,1
2022-03-01 13:00:00,SHORT,0.99,0.98,tp,0.004025,1,0.8409,1
2022-03-01 14:00:00,LONG,0.98,0.98,tp,0.004,1,0.767,1
2022-03-01 15:00:00,SHORT,0.97,0.96,tp,0.004025,1,0.7641,1
2022-03-01 16:00:00,SHORT,0.96,0.96,sl,-0.003991,0,0.6872,1
2022-03-01 17:00:00,SHORT,0.97,0.97,tp,0.004025,1,0.6813,1
2022-03-02 00:00:00,LONG,0.96,0.95,sl,-0.004,0,0.6571,1
2022-03-02 06:00:00,LONG,0.95,0.96,tp,0.004,1,0.7012,1
2022-03-02 13:00:00,LONG,0.94,0.94,tp,0.004,1,0.7941,1
2022-03-02 14:00:00,SHORT,0.96,0.96,tp,0.004025,1,0.7318,1
2022-03-02 15:00:00,LONG,0.95,0.95,tp,0.004,1,0.795,1
2022-03-02 23:00:00,SHORT,0.94,0.93,tp,0.004025,1,0.6708,1
2022-03-03 03:00:00,LONG,0.92,0.92,sl,-0.004,0,0.657,1
2022-03-03 15:00:00,LONG,0.9,0.9,sl,-0.004,0,0.6825,1
2022-03-03 16:00:00,SHORT,0.9,0.89,tp,0.004025,1,0.685,1
2022-03-03 17:00:00,LONG,0.9,0.9,tp,0.004,1,0.6561,1
2022-03-04 00:00:00,LONG,0.88,0.88,tp,0.004,1,0.7786,1
2022-03-04 01:00:00,LONG,0.88,0.88,sl,-0.004,0,0.6739,1
2022-03-04 02:00:00,SHORT,0.87,0.87,tp,0.004025,1,0.6689,1
2022-03-04 04:00:00,LONG,0.87,0.87,sl,-0.004,0,0.6699,1
2022-03-04 15:00:00,LONG,0.87,0.87,tp,0.004,1,0.6702,1
2022-03-04 19:00:00,LONG,0.85,0.85,sl,-0.004,0,0.8093,1
2022-03-04 20:00:00,SHORT,0.84,0.84,tp,0.004025,1,0.7027,1
2022-03-04 21:00:00,SHORT,0.84,0.84,tp,0.004025,1,0.6858,1
2022-03-04 22:00:00,SHORT,0.84,0.84,tp,0.004025,1,0.6961,1
2022-03-04 23:00:00,SHORT,0.84,0.84,tp,0.004025,1,0.6893,1
2022-03-05 00:00:00,LONG,0.82,0.83,tp,0.004,1,0.8102,1
2022-03-05 01:00:00,SHORT,0.83,0.83,tp,0.004025,1,0.7293,1
2022-03-05 10:00:00,SHORT,0.87,0.87,sl,-0.003991,0,0.6592,1
2022-03-05 13:00:00,LONG,0.86,0.86,tp,0.004,1,0.7745,1
2022-03-06 09:00:00,LONG,0.84,0.83,sl,-0.004,0,0.6683,1
2022-03-06 10:00:00,SHORT,0.83,0.83,sl,-0.003991,0,0.7281,1
2022-03-06 23:00:00,LONG,0.82,0.82,sl,-0.004,0,0.6896,1
2022-03-07 00:00:00,SHORT,0.82,0.82,sl,-0.003991,0,0.6598,1
2022-03-07 02:00:00,SHORT,0.81,0.81,tp,0.004025,1,0.6909,1
2022-03-07 13:00:00,LONG,0.84,0.85,tp,0.004,1,0.6834,1
2022-03-07 15:00:00,LONG,0.84,0.84,tp,0.004,1,0.6588,1
2022-03-07 16:00:00,LONG,0.83,0.83,sl,-0.004,0,0.6964,1
2022-03-07 18:00:00,LONG,0.81,0.81,sl,-0.004,0,0.6656,1
2022-03-07 19:00:00,SHORT,0.78,0.78,tp,0.004025,1,0.8175,1
2022-03-07 20:00:00,SHORT,0.79,0.79,sl,-0.003991,0,0.7699,1
2022-03-07 21:00:00,SHORT,0.8,0.8,sl,-0.003991,0,0.7176,1
2022-03-07 22:00:00,LONG,0.8,0.81,tp,0.004,1,0.6554,1
2022-03-07 23:00:00,LONG,0.79,0.8,tp,0.004,1,0.7187,1
2022-03-08 00:00:00,SHORT,0.8,0.8,tp,0.004025,1,0.6723,1
2022-03-08 13:00:00,LONG,0.81,0.81,tp,0.004,1,0.6797,1
2022-03-08 14:00:00,LONG,0.8,0.8,sl,-0.004,0,0.6679,1
2022-03-08 15:00:00,LONG,0.8,0.8,tp,0.004,1,0.6745,1
2022-03-08 18:00:00,LONG,0.8,0.8,sl,-0.004,0,0.7149,1
2022-03-08 20:00:00,LONG,0.79,0.79,sl,-0.004,0,0.6741,1
2022-03-09 03:00:00,LONG,0.83,0.84,tp,0.004,1,0.7176,1
2022-03-09 06:00:00,SHORT,0.84,0.84,sl,-0.003991,0,0.6614,1
2022-03-09 15:00:00,SHORT,0.86,0.86,sl,-0.003991,0,0.6842,1
2022-03-10 01:00:00,LONG,0.83,0.82,sl,-0.004,0,0.7369,1
2022-03-10 04:00:00,LONG,0.81,0.8,sl,-0.004,0,0.7986,1
2022-03-10 13:00:00,LONG,0.8,0.8,tp,0.004,1,0.7205,1
2022-03-10 15:00:00,LONG,0.8,0.8,sl,-0.004,0,0.6724,1
2022-03-13 14:00:00,SHORT,0.81,0.81,sl,-0.003991,0,0.667,1
2022-03-14 04:00:00,LONG,0.81,0.81,tp,0.004,1,0.6719,1
2022-03-16 02:00:00,LONG,0.82,0.82,sl,-0.004,0,0.6686,1
2022-03-17 02:00:00,SHORT,0.85,0.84,tp,0.004025,1,0.6781,1
2022-03-17 04:00:00,SHORT,0.86,0.85,tp,0.004025,1,0.7045,1
2022-03-19 12:00:00,SHORT,0.88,0.88,tp,0.004025,1,0.6882,1
2022-03-19 14:00:00,LONG,0.89,0.9,tp,0.004,1,0.656,1
2022-03-21 15:00:00,SHORT,0.91,0.91,sl,-0.003991,0,0.6901,1
2022-03-21 16:00:00,LONG,0.92,0.91,sl,-0.004,0,0.7107,1
2022-03-22 04:00:00,SHORT,0.94,0.95,sl,-0.003991,0,0.6596,1
2022-03-22 13:00:00,SHORT,0.98,0.98,sl,-0.003991,0,0.7452,1
2022-03-22 15:00:00,LONG,0.97,0.97,tp,0.004,1,0.6629,1
2022-03-22 21:00:00,SHORT,0.98,0.98,tp,0.004025,1,0.6954,1
2022-03-23 01:00:00,SHORT,0.98,0.98,tp,0.004025,1,0.6686,1
2022-03-23 10:00:00,SHORT,0.99,0.98,tp,0.004025,1,0.686,1
2022-03-23 12:00:00,SHORT,1.0,1.0,sl,-0.003991,0,0.6921,1
2022-03-23 13:00:00,LONG,1.04,1.05,tp,0.004,1,0.7348,1
2022-03-23 14:00:00,SHORT,1.08,1.07,tp,0.004025,1,0.8261,1
2022-03-23 15:00:00,SHORT,1.07,1.07,sl,-0.003991,0,0.7843,1
2022-03-23 16:00:00,SHORT,1.08,1.08,tp,0.004025,1,0.6827,1
2022-03-23 18:00:00,LONG,1.05,1.06,tp,0.004,1,0.8757,1
2022-03-23 22:00:00,SHORT,1.07,1.08,sl,-0.003991,0,0.6527,1
2022-03-23 23:00:00,SHORT,1.11,1.1,tp,0.004025,1,0.7868,1
2022-03-24 00:00:00,SHORT,1.1,1.1,sl,-0.003991,0,0.7372,1
2022-03-24 01:00:00,SHORT,1.1,1.1,tp,0.004025,1,0.7623,1
2022-03-24 02:00:00,SHORT,1.11,1.1,tp,0.004025,1,0.6819,1
2022-03-24 03:00:00,LONG,1.09,1.09,tp,0.004,1,0.8276,1
2022-03-24 06:00:00,SHORT,1.11,1.11,sl,-0.003991,0,0.7001,1
2022-03-24 07:00:00,SHORT,1.14,1.13,tp,0.004025,1,0.8868,1
2022-03-24 08:00:00,SHORT,1.14,1.14,tp,0.004025,1,0.8356,1
2022-03-24 09:00:00,SHORT,1.14,1.13,tp,0.004025,1,0.8297,1
2022-03-24 10:00:00,SHORT,1.13,1.12,tp,0.004025,1,0.7088,1
2022-03-24 11:00:00,SHORT,1.14,1.14,sl,-0.003991,0,0.8002,1
2022-03-24 12:00:00,SHORT,1.15,1.14,tp,0.004025,1,0.8113,1
2022-03-24 13:00:00,SHORT,1.16,1.16,sl,-0.003991,0,0.8041,1
2022-03-24 14:00:00,SHORT,1.17,1.17,tp,0.004025,1,0.8046,1
2022-03-24 15:00:00,SHORT,1.17,1.16,tp,0.004025,1,0.7562,1
2022-03-24 16:00:00,SHORT,1.17,1.17,tp,0.004025,1,0.7632,1
2022-03-24 17:00:00,SHORT,1.17,1.16,tp,0.004025,1,0.6767,1
2022-03-24 18:00:00,SHORT,1.17,1.17,tp,0.004025,1,0.7185,1
2022-03-24 22:00:00,LONG,1.15,1.14,sl,-0.004,0,0.6521,1
2022-03-24 23:00:00,LONG,1.13,1.13,sl,-0.004,0,0.8029,1
2022-03-25 00:00:00,LONG,1.11,1.12,tp,0.004,1,0.8037,1
2022-03-25 03:00:00,SHORT,1.15,1.15,sl,-0.003991,0,0.7022,1
2022-03-25 04:00:00,SHORT,1.16,1.16,tp,0.004025,1,0.6698,1
2022-03-25 06:00:00,SHORT,1.15,1.14,tp,0.004025,1,0.6645,1
2022-03-25 07:00:00,LONG,1.13,1.14,tp,0.004,1,0.7858,1
2022-03-25 08:00:00,SHORT,1.13,1.13,tp,0.004025,1,0.6607,1
2022-03-25 15:00:00,LONG,1.1,1.11,tp,0.004,1,0.8452,1
2022-03-25 16:00:00,LONG,1.09,1.09,tp,0.004,1,0.8365,1
2022-03-25 17:00:00,LONG,1.09,1.1,tp,0.004,1,0.6726,1
2022-03-26 00:00:00,LONG,1.09,1.09,tp,0.004,1,0.6808,1
2022-03-26 23:00:00,SHORT,1.15,1.15,tp,0.004025,1,0.6727,1
2022-03-27 12:00:00,LONG,1.11,1.11,tp,0.004,1,0.7052,1
2022-03-27 21:00:00,SHORT,1.17,1.17,sl,-0.003991,0,0.6652,1
2022-03-27 22:00:00,SHORT,1.17,1.17,sl,-0.003991,0,0.6592,1
2022-03-27 23:00:00,SHORT,1.18,1.18,tp,0.004025,1,0.7928,1
2022-03-28 01:00:00,LONG,1.17,1.17,tp,0.004,1,0.7068,1
2022-03-28 06:00:00,LONG,1.18,1.19,tp,0.004,1,0.7115,1
2022-03-28 12:00:00,SHORT,1.22,1.22,sl,-0.003991,0,0.7516,1
2022-03-28 13:00:00,SHORT,1.24,1.23,tp,0.004025,1,0.7478,1
2022-03-28 14:00:00,SHORT,1.23,1.23,tp,0.004025,1,0.7008,1
2022-03-28 15:00:00,LONG,1.22,1.22,tp,0.004,1,0.8297,1
2022-03-28 21:00:00,LONG,1.2,1.2,sl,-0.004,0,0.8271,1
2022-03-28 22:00:00,LONG,1.19,1.19,sl,-0.004,0,0.6827,1
2022-03-28 23:00:00,LONG,1.17,1.18,tp,0.004,1,0.8312,1
2022-03-29 04:00:00,SHORT,1.22,1.22,sl,-0.003991,0,0.6988,1
2022-03-29 05:00:00,SHORT,1.22,1.22,tp,0.004025,1,0.6897,1
2022-03-29 11:00:00,SHORT,1.23,1.23,sl,-0.003991,0,0.7021,1
2022-03-29 13:00:00,LONG,1.22,1.21,sl,-0.004,0,0.7087,1
2022-03-29 15:00:00,LONG,1.2,1.2,sl,-0.004,0,0.736,1
2022-03-29 16:00:00,LONG,1.19,1.19,sl,-0.004,0,0.6763,1
2022-03-29 17:00:00,LONG,1.19,1.19,tp,0.004,1,0.6779,1
2022-03-29 21:00:00,LONG,1.18,1.18,tp,0.004,1,0.6994,1
2022-04-01 01:00:00,LONG,1.13,1.14,tp,0.004,1,0.7599,2
2022-04-01 02:00:00,LONG,1.11,1.12,tp,0.004,1,0.7652,2
2022-04-01 04:00:00,LONG,1.12,1.13,tp,0.004,1,0.691,2
2022-04-01 11:00:00,LONG,1.13,1.14,tp,0.004,1,0.7806,2
2022-04-01 12:00:00,LONG,1.13,1.14,tp,0.004,1,0.6741,2
2022-04-01 14:00:00,SHORT,1.16,1.17,sl,-0.003991,0,0.6985,2
2022-04-02 15:00:00,LONG,1.16,1.16,tp,0.004,1,0.6735,2
2022-04-04 09:00:00,LONG,1.2,1.21,tp,0.004,1,0.7011,2
2022-04-04 14:00:00,LONG,1.23,1.23,tp,0.004,1,0.7672,2
2022-04-04 15:00:00,LONG,1.21,1.22,tp,0.004,1,0.6817,2
2022-04-04 17:00:00,LONG,1.17,1.17,sl,-0.004,0,0.7764,2
2022-04-04 23:00:00,SHORT,1.21,1.22,sl,-0.003991,0,0.6574,2
2022-04-05 23:00:00,SHORT,1.17,1.16,tp,0.004025,1,0.6773,2
2022-04-06 00:00:00,SHORT,1.15,1.15,sl,-0.003991,0,0.6892,2
2022-04-06 10:00:00,LONG,1.13,1.12,sl,-0.004,0,0.6761,2
2022-04-06 12:00:00,LONG,1.11,1.11,tp,0.004,1,0.664,2
2022-04-06 13:00:00,LONG,1.1,1.11,tp,0.004,1,0.7762,2
2022-04-06 14:00:00,LONG,1.11,1.11,sl,-0.004,0,0.6526,2
2022-04-06 15:00:00,LONG,1.1,1.09,sl,-0.004,0,0.6785,2
2022-04-06 16:00:00,LONG,1.08,1.09,tp,0.004,1,0.7394,2
2022-04-06 18:00:00,SHORT,1.09,1.09,tp,0.004025,1,0.651,2
2022-04-06 22:00:00,LONG,1.07,1.07,sl,-0.004,0,0.7183,2
2022-04-06 23:00:00,LONG,1.05,1.06,tp,0.004,1,0.8063,2
2022-04-07 00:00:00,LONG,1.05,1.05,tp,0.004,1,0.781,2
2022-04-08 12:00:00,LONG,1.06,1.07,tp,0.004,1,0.6541,2
2022-04-08 22:00:00,LONG,1.03,1.02,sl,-0.004,0,0.7965,2
2022-04-08 23:00:00,LONG,1.02,1.03,tp,0.004,1,0.7071,2
2022-04-09 02:00:00,LONG,1.02,1.03,tp,0.004,1,0.6559,2
2022-04-09 23:00:00,SHORT,1.04,1.04,tp,0.004025,1,0.6529,2
2022-04-11 02:00:00,SHORT,1.01,1.0,tp,0.004025,1,0.6656,2
2022-04-11 09:00:00,LONG,0.97,0.98,tp,0.004,1,0.8447,2
2022-04-11 10:00:00,SHORT,0.98,0.97,tp,0.004025,1,0.6709,2
2022-04-11 11:00:00,LONG,0.96,0.97,tp,0.004,1,0.7844,2
2022-04-11 12:00:00,LONG,0.96,0.96,sl,-0.004,0,0.7074,2
2022-04-11 13:00:00,SHORT,0.95,0.95,tp,0.004025,1,0.7433,2
2022-04-11 14:00:00,LONG,0.94,0.95,tp,0.004,1,0.775,2
2022-04-11 15:00:00,LONG,0.94,0.94,tp,0.004,1,0.7903,2
2022-04-11 19:00:00,LONG,0.95,0.95,sl,-0.004,0,0.7106,2
2022-04-11 20:00:00,LONG,0.94,0.94,sl,-0.004,0,0.7461,2
2022-04-11 21:00:00,LONG,0.92,0.93,tp,0.004,1,0.8017,2
2022-04-11 22:00:00,LONG,0.93,0.93,sl,-0.004,0,0.6555,2
2022-04-11 23:00:00,LONG,0.92,0.93,tp,0.004,1,0.8237,2
2022-04-12 00:00:00,LONG,0.93,0.93,tp,0.004,1,0.7528,2
2022-04-12 03:00:00,LONG,0.93,0.93,tp,0.004,1,0.7217,2
2022-04-12 04:00:00,LONG,0.94,0.94,tp,0.004,1,0.6981,2
2022-04-12 05:00:00,LONG,0.95,0.95,sl,-0.004,0,0.6667,2
2022-04-12 06:00:00,LONG,0.95,0.95,tp,0.004,1,0.7466,2
2022-04-12 07:00:00,LONG,0.96,0.95,sl,-0.004,0,0.652,2
2022-04-12 12:00:00,SHORT,0.98,0.98,tp,0.004025,1,0.7633,2
2022-04-12 13:00:00,LONG,0.97,0.97,sl,-0.004,0,0.7243,2
2022-04-12 14:00:00,LONG,0.95,0.96,tp,0.004,1,0.7839,2
2022-04-12 15:00:00,LONG,0.96,0.96,tp,0.004,1,0.6866,2
2022-04-12 17:00:00,LONG,0.95,0.95,sl,-0.004,0,0.6591,2
2022-04-12 18:00:00,LONG,0.94,0.93,sl,-0.004,0,0.8546,2
2022-04-12 19:00:00,LONG,0.93,0.94,tp,0.004,1,0.7404,2
2022-04-12 20:00:00,LONG,0.94,0.94,tp,0.004,1,0.6909,2
2022-04-13 13:00:00,LONG,0.96,0.97,tp,0.004,1,0.7203,2
2022-04-13 15:00:00,LONG,0.97,0.97,sl,-0.004,0,0.7894,2
2022-04-14 15:00:00,LONG,0.93,0.93,sl,-0.004,0,0.7009,2
2022-04-17 23:00:00,SHORT,0.91,0.92,sl,-0.003991,0,0.7491,2
2022-04-18 04:00:00,LONG,0.88,0.89,tp,0.004,1,0.7917,2
2022-04-18 23:00:00,SHORT,0.94,0.94,sl,-0.003991,0,0.668,2
2022-04-21 23:00:00,SHORT,0.91,0.91,sl,-0.003991,0,0.6934,2
2022-04-22 15:00:00,LONG,0.9,0.9,tp,0.004,1,0.6769,2
2022-04-25 00:00:00,SHORT,0.86,0.86,sl,-0.003991,0,0.7644,2
2022-04-25 06:00:00,LONG,0.84,0.84,sl,-0.004,0,0.7367,2
2022-04-25 07:00:00,LONG,0.83,0.83,sl,-0.004,0,0.7081,2
2022-04-25 08:00:00,LONG,0.83,0.84,tp,0.004,1,0.6771,2
2022-04-25 11:00:00,LONG,0.86,0.86,tp,0.004,1,0.694,2
2022-04-25 19:00:00,SHORT,0.89,0.89,sl,-0.003991,0,0.6914,2
2022-04-25 20:00:00,SHORT,0.89,0.89,sl,-0.003991,0,0.7353,2
2022-04-25 21:00:00,SHORT,0.9,0.9,sl,-0.003991,0,0.7449,2
2022-04-26 13:00:00,LONG,0.86,0.86,sl,-0.004,0,0.6544,2
2022-04-26 15:00:00,LONG,0.84,0.84,sl,-0.004,0,0.708,2
2022-04-26 19:00:00,LONG,0.83,0.83,sl,-0.004,0,0.7114,2
2022-04-26 20:00:00,LONG,0.83,0.83,tp,0.004,1,0.6643,2
2022-04-26 23:00:00,LONG,0.83,0.83,tp,0.004,1,0.6762,2
2022-04-27 00:00:00,LONG,0.83,0.83,tp,0.004,1,0.7007,2
2022-04-27 14:00:00,SHORT,0.83,0.84,sl,-0.003991,0,0.6669,2
2022-04-29 10:00:00,SHORT,0.81,0.81,sl,-0.003991,0,0.6541,2
2022-04-30 14:00:00,LONG,0.79,0.79,tp,0.004,1,0.6556,2
2022-04-30 15:00:00,SHORT,0.79,0.79,tp,0.004025,1,0.6566,2
2022-04-30 22:00:00,LONG,0.77,0.76,sl,-0.004,0,0.7482,2
2022-04-30 23:00:00,LONG,0.76,0.76,tp,0.004,1,0.8479,2
2022-05-01 00:00:00,LONG,0.76,0.76,tp,0.004,1,0.6753,2
2022-05-01 02:00:00,LONG,0.76,0.76,tp,0.004,1,0.7077,2
2022-05-01 03:00:00,LONG,0.76,0.76,sl,-0.004,0,0.726,2
2022-05-01 04:00:00,LONG,0.76,0.77,tp,0.004,1,0.7141,2
2022-05-01 15:00:00,LONG,0.79,0.8,tp,0.004,1,0.6766,2
2022-05-01 23:00:00,SHORT,0.79,0.79,sl,-0.003991,0,0.6594,2
2022-05-04 08:00:00,SHORT,0.81,0.8,tp,0.004025,1,0.651,2
2022-05-04 11:00:00,LONG,0.82,0.83,tp,0.004,1,0.708,2
2022-05-04 13:00:00,LONG,0.82,0.82,tp,0.004,1,0.7079,2
2022-05-04 14:00:00,LONG,0.82,0.83,tp,0.004,1,0.6655,2
2022-05-04 18:00:00,SHORT,0.86,0.86,sl,-0.003991,0,0.7336,2
2022-05-04 19:00:00,SHORT,0.87,0.87,sl,-0.003991,0,0.6844,2
2022-05-04 20:00:00,SHORT,0.87,0.87,sl,-0.003991,0,0.6992,2
2022-05-04 21:00:00,SHORT,0.88,0.89,sl,-0.003991,0,0.6988,2
2022-05-04 22:00:00,SHORT,0.89,0.89,sl,-0.003991,0,0.6973,2
2022-05-04 23:00:00,SHORT,0.9,0.89,tp,0.004025,1,0.7565,2
2022-05-05 01:00:00,SHORT,0.89,0.89,tp,0.004025,1,0.6591,2
2022-05-05 05:00:00,LONG,0.86,0.87,tp,0.004,1,0.7941,2
2022-05-05 11:00:00,LONG,0.86,0.86,tp,0.004,1,0.6604,2
2022-05-05 13:00:00,LONG,0.84,0.85,tp,0.004,1,0.8144,2
2022-05-05 14:00:00,LONG,0.82,0.82,sl,-0.004,0,0.8579,2
2022-05-05 15:00:00,SHORT,0.79,0.79,tp,0.004025,1,0.8698,2
2022-05-05 16:00:00,LONG,0.79,0.8,tp,0.004,1,0.7731,2
2022-05-05 17:00:00,LONG,0.78,0.79,tp,0.004,1,0.8723,2
2022-05-05 18:00:00,SHORT,0.8,0.8,tp,0.004025,1,0.8357,2
2022-05-05 19:00:00,SHORT,0.8,0.79,tp,0.004025,1,0.8029,2
2022-05-05 20:00:00,SHORT,0.8,0.8,tp,0.004025,1,0.7814,2
2022-05-05 21:00:00,LONG,0.79,0.79,sl,-0.004,0,0.7895,2
2022-05-05 22:00:00,LONG,0.79,0.79,tp,0.004,1,0.7261,2
2022-05-05 23:00:00,SHORT,0.79,0.78,tp,0.004025,1,0.6771,2
2022-05-06 00:00:00,LONG,0.79,0.79,tp,0.004,1,0.6783,2
2022-05-06 01:00:00,LONG,0.79,0.79,tp,0.004,1,0.6657,2
2022-05-06 02:00:00,LONG,0.79,0.79,sl,-0.004,0,0.6606,2
2022-05-06 07:00:00,LONG,0.79,0.79,tp,0.004,1,0.6671,2
2022-05-06 08:00:00,LONG,0.79,0.8,tp,0.004,1,0.6624,2
2022-05-06 11:00:00,LONG,0.78,0.78,tp,0.004,1,0.6712,2
2022-05-06 12:00:00,LONG,0.78,0.79,tp,0.004,1,0.7378,2
2022-05-06 13:00:00,LONG,0.77,0.78,tp,0.004,1,0.7271,2
2022-05-06 14:00:00,SHORT,0.78,0.79,sl,-0.003991,0,0.6806,2
2022-05-06 15:00:00,LONG,0.78,0.79,tp,0.004,1,0.6807,2
2022-05-06 16:00:00,SHORT,0.79,0.78,tp,0.004025,1,0.6892,2
2022-05-07 04:00:00,LONG,0.76,0.77,tp,0.004,1,0.6718,2
2022-05-07 21:00:00,LONG,0.76,0.76,tp,0.004,1,0.6566,2
2022-05-07 23:00:00,SHORT,0.76,0.76,tp,0.004025,1,0.7001,2
2022-05-08 02:00:00,SHORT,0.74,0.74,tp,0.004025,1,0.673,2
2022-05-08 03:00:00,LONG,0.74,0.74,tp,0.004,1,0.674,2
2022-05-08 04:00:00,LONG,0.74,0.74,tp,0.004,1,0.6989,2
2022-05-08 12:00:00,LONG,0.74,0.74,sl,-0.004,0,0.6769,2
2022-05-08 13:00:00,LONG,0.73,0.74,tp,0.004,1,0.7059,2
2022-05-08 15:00:00,LONG,0.74,0.74,tp,0.004,1,0.6567,2
2022-05-09 02:00:00,SHORT,0.71,0.71,tp,0.004025,1,0.8213,2
2022-05-09 03:00:00,LONG,0.71,0.71,tp,0.004,1,0.8063,2
2022-05-09 04:00:00,LONG,0.71,0.71,sl,-0.004,0,0.7546,2
2022-05-09 05:00:00,LONG,0.7,0.7,sl,-0.004,0,0.7108,2
2022-05-09 06:00:00,LONG,0.7,0.7,tp,0.004,1,0.7082,2
2022-05-09 07:00:00,LONG,0.69,0.69,sl,-0.004,0,0.7817,2
2022-05-09 08:00:00,LONG,0.69,0.7,tp,0.004,1,0.675,2
2022-05-09 09:00:00,LONG,0.69,0.69,sl,-0.004,0,0.6925,2
2022-05-09 10:00:00,LONG,0.66,0.66,tp,0.004,1,0.8885,2
2022-05-09 11:00:00,SHORT,0.67,0.67,tp,0.004025,1,0.8065,2
2022-05-09 12:00:00,LONG,0.66,0.67,tp,0.004,1,0.8123,2
2022-05-09 13:00:00,SHORT,0.67,0.67,tp,0.004025,1,0.7823,2
2022-05-09 14:00:00,LONG,0.66,0.66,tp,0.004,1,0.8478,2
2022-05-09 15:00:00,LONG,0.66,0.66,tp,0.004,1,0.7932,2
2022-05-09 16:00:00,LONG,0.63,0.63,tp,0.004,1,0.8881,2
2022-05-09 17:00:00,SHORT,0.64,0.64,tp,0.004025,1,0.7999,2
2022-05-09 18:00:00,LONG,0.63,0.63,tp,0.004,1,0.8949,2
2022-05-09 19:00:00,LONG,0.63,0.63,tp,0.004,1,0.8449,2
2022-05-09 20:00:00,LONG,0.64,0.64,tp,0.004,1,0.8726,2
2022-05-09 21:00:00,LONG,0.63,0.63,tp,0.004,1,0.8686,2
2022-05-09 22:00:00,LONG,0.64,0.64,tp,0.004,1,0.7823,2
2022-05-09 23:00:00,LONG,0.6,0.61,tp,0.004,1,0.9215,2
2022-05-10 00:00:00,SHORT,0.62,0.62,tp,0.004025,1,0.8084,2
2022-05-10 01:00:00,SHORT,0.64,0.63,tp,0.004025,1,0.8719,2
2022-05-10 02:00:00,LONG,0.63,0.63,sl,-0.004,0,0.8247,2
2022-05-10 03:00:00,LONG,0.62,0.62,tp,0.004,1,0.8783,2
2022-05-10 04:00:00,SHORT,0.64,0.64,sl,-0.003991,0,0.84,2
2022-05-10 05:00:00,SHORT,0.67,0.67,sl,-0.003991,0,0.88,2
2022-05-10 06:00:00,SHORT,0.68,0.68,tp,0.004025,1,0.8575,2
2022-05-10 07:00:00,LONG,0.67,0.68,tp,0.004,1,0.8006,2
2022-05-10 08:00:00,LONG,0.68,0.68,tp,0.004,1,0.7238,2
2022-05-10 09:00:00,LONG,0.67,0.67,tp,0.004,1,0.8828,2
2022-05-10 10:00:00,SHORT,0.67,0.67,tp,0.004025,1,0.708,2
2022-05-10 11:00:00,LONG,0.68,0.68,tp,0.004,1,0.6933,2
2022-05-10 12:00:00,SHORT,0.69,0.69,tp,0.004025,1,0.8137,2
2022-05-10 13:00:00,LONG,0.69,0.69,tp,0.004,1,0.7442,2
2022-05-10 14:00:00,LONG,0.66,0.66,tp,0.004,1,0.8874,2
2022-05-10 15:00:00,LONG,0.66,0.66,sl,-0.004,0,0.7657,2
2022-05-10 16:00:00,LONG,0.66,0.66,tp,0.004,1,0.7458,2
2022-05-10 17:00:00,SHORT,0.67,0.67,tp,0.004025,1,0.7699,2
2022-05-10 18:00:00,SHORT,0.66,0.66,tp,0.004025,1,0.668,2
2022-05-10 19:00:00,LONG,0.65,0.65,sl,-0.004,0,0.7696,2
2022-05-10 20:00:00,LONG,0.64,0.64,tp,0.004,1,0.8686,2
2022-05-10 21:00:00,LONG,0.61,0.61,tp,0.004,1,0.8873,2
2022-05-10 22:00:00,SHORT,0.62,0.62,tp,0.004025,1,0.8605,2
2022-05-10 23:00:00,SHORT,0.63,0.63,tp,0.004025,1,0.8314,2
2022-05-11 00:00:00,SHORT,0.63,0.63,tp,0.004025,1,0.802,2
2022-05-11 01:00:00,LONG,0.62,0.62,tp,0.004,1,0.7992,2
2022-05-11 02:00:00,SHORT,0.63,0.63,tp,0.004025,1,0.8195,2
2022-05-11 03:00:00,SHORT,0.63,0.62,tp,0.004025,1,0.743,2
2022-05-11 04:00:00,LONG,0.62,0.62,tp,0.004,1,0.7237,2
2022-05-11 05:00:00,LONG,0.63,0.63,tp,0.004,1,0.8144,2
2022-05-11 06:00:00,LONG,0.6,0.61,tp,0.004,1,0.8556,2
2022-05-11 07:00:00,SHORT,0.61,0.61,tp,0.004025,1,0.7932,2
2022-05-11 08:00:00,SHORT,0.64,0.63,tp,0.004025,1,0.8585,2
2022-05-11 09:00:00,SHORT,0.65,0.65,tp,0.004025,1,0.851,2
2022-05-11 10:00:00,LONG,0.64,0.64,sl,-0.004,0,0.8772,2
2022-05-11 11:00:00,LONG,0.62,0.62,tp,0.004,1,0.8828,2
2022-05-11 12:00:00,LONG,0.54,0.54,tp,0.004,1,0.9381,2
2022-05-11 13:00:00,SHORT,0.62,0.61,tp,0.004025,1,0.9099,2
2022-05-11 14:00:00,LONG,0.6,0.6,sl,-0.004,0,0.8734,2
2022-05-11 15:00:00,LONG,0.57,0.58,tp,0.004,1,0.9204,2
2022-05-11 16:00:00,LONG,0.56,0.56,tp,0.004,1,0.9287,2
2022-05-11 17:00:00,LONG,0.56,0.56,tp,0.004,1,0.894,2
2022-05-11 18:00:00,LONG,0.54,0.55,tp,0.004,1,0.9048,2
2022-05-11 19:00:00,LONG,0.53,0.53,tp,0.004,1,0.9261,2
2022-05-11 20:00:00,LONG,0.5,0.51,tp,0.004,1,0.9397,2
2022-05-11 21:00:00,LONG,0.52,0.52,tp,0.004,1,0.9107,2
2022-05-11 22:00:00,LONG,0.52,0.52,tp,0.004,1,0.8763,2
2022-05-11 23:00:00,LONG,0.52,0.52,tp,0.004,1,0.885,2
2022-05-12 00:00:00,SHORT,0.53,0.53,tp,0.004025,1,0.8593,2
2022-05-12 01:00:00,LONG,0.51,0.51,tp,0.004,1,0.8915,2
2022-05-12 02:00:00,LONG,0.49,0.49,tp,0.004,1,0.9045,2
2022-05-12 03:00:00,LONG,0.44,0.44,tp,0.004,1,0.9381,2
2022-05-12 04:00:00,LONG,0.44,0.44,sl,-0.004,0,0.9163,2
2022-05-12 05:00:00,LONG,0.41,0.42,tp,0.004,1,0.9286,2
2022-05-12 06:00:00,LONG,0.43,0.43,tp,0.004,1,0.8981,2
2022-05-12 07:00:00,SHORT,0.46,0.46,tp,0.004025,1,0.8901,2
2022-05-12 08:00:00,LONG,0.44,0.44,tp,0.004,1,0.9017,2
2022-05-12 09:00:00,LONG,0.44,0.44,tp,0.004,1,0.88,2
2022-05-12 10:00:00,LONG,0.47,0.47,tp,0.004,1,0.8841,2
2022-05-12 11:00:00,LONG,0.46,0.46,tp,0.004,1,0.9126,2
2022-05-12 12:00:00,LONG,0.47,0.47,tp,0.004,1,0.9,2
2022-05-12 13:00:00,LONG,0.46,0.46,tp,0.004,1,0.9059,2
2022-05-12 14:00:00,SHORT,0.49,0.49,tp,0.004025,1,0.8858,2
2022-05-12 15:00:00,LONG,0.48,0.48,tp,0.004,1,0.9143,2
2022-05-12 16:00:00,SHORT,0.51,0.51,tp,0.004025,1,0.9036,2
2022-05-12 17:00:00,LONG,0.49,0.49,tp,0.004,1,0.897,2
2022-05-12 18:00:00,LONG,0.47,0.48,tp,0.004,1,0.9125,2
2022-05-12 19:00:00,LONG,0.49,0.49,tp,0.004,1,0.8706,2
2022-05-12 20:00:00,LONG,0.47,0.47,sl,-0.004,0,0.8837,2
2022-05-12 21:00:00,LONG,0.46,0.46,tp,0.004,1,0.9013,2
2022-05-12 22:00:00,LONG,0.46,0.46,tp,0.004,1,0.86,2
2022-05-12 23:00:00,SHORT,0.47,0.47,tp,0.004025,1,0.8721,2
2022-05-13 00:00:00,SHORT,0.5,0.5,tp,0.004025,1,0.8642,2
2022-05-13 01:00:00,SHORT,0.5,0.5,tp,0.004025,1,0.7718,2
2022-05-13 02:00:00,SHORT,0.53,0.53,sl,-0.003991,0,0.8686,2
2022-05-13 03:00:00,SHORT,0.55,0.54,tp,0.004025,1,0.9073,2
2022-05-13 04:00:00,SHORT,0.55,0.55,sl,-0.003991,0,0.8144,2
2022-05-13 05:00:00,SHORT,0.58,0.58,sl,-0.003991,0,0.9151,2
2022-05-13 06:00:00,SHORT,0.59,0.59,tp,0.004025,1,0.8026,2
2022-05-13 07:00:00,LONG,0.57,0.57,tp,0.004,1,0.8646,2
2022-05-13 08:00:00,SHORT,0.58,0.57,tp,0.004025,1,0.8502,2
2022-05-13 09:00:00,SHORT,0.58,0.57,tp,0.004025,1,0.7979,2
2022-05-13 10:00:00,SHORT,0.58,0.58,tp,0.004025,1,0.853,2
2022-05-13 11:00:00,SHORT,0.59,0.58,tp,0.004025,1,0.8304,2
2022-05-13 12:00:00,LONG,0.58,0.58,tp,0.004,1,0.8236,2
2022-05-13 13:00:00,SHORT,0.58,0.58,tp,0.004025,1,0.7977,2
2022-05-13 14:00:00,LONG,0.57,0.58,tp,0.004,1,0.7915,2
2022-05-13 15:00:00,LONG,0.57,0.57,tp,0.004,1,0.8044,2
2022-05-13 16:00:00,LONG,0.55,0.56,tp,0.004,1,0.8651,2
2022-05-13 17:00:00,LONG,0.55,0.55,tp,0.004,1,0.7914,2
2022-05-13 18:00:00,SHORT,0.56,0.56,tp,0.004025,1,0.849,2
2022-05-13 19:00:00,SHORT,0.55,0.55,tp,0.004025,1,0.7549,2
2022-05-13 20:00:00,LONG,0.55,0.55,tp,0.004,1,0.7836,2
2022-05-13 21:00:00,SHORT,0.56,0.55,tp,0.004025,1,0.8393,2
2022-05-13 22:00:00,SHORT,0.54,0.54,tp,0.004025,1,0.7836,2
2022-05-13 23:00:00,LONG,0.53,0.53,tp,0.004,1,0.8183,2
2022-05-14 00:00:00,SHORT,0.54,0.54,tp,0.004025,1,0.7855,2
2022-05-14 01:00:00,SHORT,0.55,0.55,tp,0.004025,1,0.8674,2
2022-05-14 02:00:00,LONG,0.54,0.55,tp,0.004,1,0.786,2
2022-05-14 03:00:00,SHORT,0.54,0.54,tp,0.004025,1,0.6899,2
2022-05-14 04:00:00,LONG,0.53,0.53,tp,0.004,1,0.8021,2
2022-05-14 05:00:00,SHORT,0.53,0.53,tp,0.004025,1,0.7578,2
2022-05-14 06:00:00,LONG,0.54,0.54,sl,-0.004,0,0.7021,2
2022-05-14 07:00:00,LONG,0.53,0.53,tp,0.004,1,0.7512,2
2022-05-14 08:00:00,LONG,0.53,0.54,tp,0.004,1,0.6877,2
2022-05-14 09:00:00,LONG,0.52,0.52,sl,-0.004,0,0.7985,2
2022-05-14 10:00:00,LONG,0.51,0.51,tp,0.004,1,0.87,2
2022-05-14 11:00:00,SHORT,0.51,0.51,tp,0.004025,1,0.7864,2
2022-05-14 12:00:00,LONG,0.51,0.5,sl,-0.004,0,0.7685,2
2022-05-14 13:00:00,LONG,0.49,0.5,tp,0.004,1,0.8849,2
2022-05-14 14:00:00,SHORT,0.5,0.5,tp,0.004025,1,0.6988,2
2022-05-14 15:00:00,LONG,0.49,0.5,tp,0.004,1,0.7756,2
2022-05-14 16:00:00,SHORT,0.51,0.51,tp,0.004025,1,0.8579,2
2022-05-14 17:00:00,SHORT,0.52,0.52,tp,0.004025,1,0.7185,2
2022-05-14 18:00:00,LONG,0.52,0.52,tp,0.004,1,0.7817,2
2022-05-14 19:00:00,LONG,0.51,0.52,tp,0.004,1,0.7647,2
2022-05-14 20:00:00,LONG,0.52,0.52,tp,0.004,1,0.7216,2
2022-05-14 21:00:00,LONG,0.53,0.53,tp,0.004,1,0.7232,2
2022-05-14 22:00:00,SHORT,0.54,0.53,tp,0.004025,1,0.6922,2
2022-05-14 23:00:00,LONG,0.54,0.54,tp,0.004,1,0.7408,2
2022-05-15 00:00:00,LONG,0.53,0.53,sl,-0.004,0,0.7582,2
2022-05-15 01:00:00,LONG,0.53,0.53,tp,0.004,1,0.7127,2
2022-05-15 02:00:00,LONG,0.52,0.52,sl,-0.004,0,0.7068,2
2022-05-15 03:00:00,LONG,0.52,0.52,tp,0.004,1,0.7566,2
2022-05-15 04:00:00,LONG,0.52,0.52,tp,0.004,1,0.7581,2
2022-05-15 05:00:00,SHORT,0.53,0.53,tp,0.004025,1,0.7287,2
2022-05-15 06:00:00,SHORT,0.54,0.54,tp,0.004025,1,0.8205,2
2022-05-15 07:00:00,LONG,0.54,0.54,tp,0.004,1,0.7038,2
2022-05-15 08:00:00,LONG,0.53,0.53,tp,0.004,1,0.725,2
2022-05-15 09:00:00,SHORT,0.54,0.54,tp,0.004025,1,0.8383,2
2022-05-15 10:00:00,SHORT,0.55,0.55,sl,-0.003991,0,0.7855,2
2022-05-15 11:00:00,SHORT,0.56,0.56,tp,0.004025,1,0.8301,2
2022-05-15 12:00:00,LONG,0.56,0.55,sl,-0.004,0,0.7751,2
2022-05-15 13:00:00,LONG,0.55,0.55,sl,-0.004,0,0.7747,2
2022-05-15 14:00:00,LONG,0.55,0.55,tp,0.004,1,0.7861,2
2022-05-15 15:00:00,LONG,0.55,0.55,tp,0.004,1,0.778,2
2022-05-15 16:00:00,SHORT,0.56,0.55,tp,0.004025,1,0.8097,2
2022-05-15 17:00:00,LONG,0.56,0.56,tp,0.004,1,0.6801,2
2022-05-15 18:00:00,SHORT,0.57,0.57,tp,0.004025,1,0.8426,2
2022-05-15 19:00:00,SHORT,0.58,0.58,tp,0.004025,1,0.7827,2
2022-05-15 20:00:00,SHORT,0.59,0.59,tp,0.004025,1,0.7912,2
2022-05-15 21:00:00,SHORT,0.58,0.59,sl,-0.003991,0,0.7139,2
2022-05-15 22:00:00,SHORT,0.59,0.59,tp,0.004025,1,0.7369,2
2022-05-15 23:00:00,LONG,0.6,0.6,tp,0.004,1,0.7043,2
2022-05-16 00:00:00,SHORT,0.6,0.6,tp,0.004025,1,0.814,2
2022-05-16 01:00:00,LONG,0.59,0.59,tp,0.004,1,0.8761,2
2022-05-16 02:00:00,SHORT,0.59,0.59,tp,0.004025,1,0.7513,2
2022-05-16 03:00:00,LONG,0.58,0.58,sl,-0.004,0,0.8474,2
2022-05-16 04:00:00,SHORT,0.57,0.57,tp,0.004025,1,0.7448,2
2022-05-16 05:00:00,LONG,0.57,0.57,sl,-0.004,0,0.7666,2
2022-05-16 06:00:00,LONG,0.56,0.56,tp,0.004,1,0.8663,2
2022-05-16 07:00:00,SHORT,0.56,0.56,sl,-0.003991,0,0.7391,2
2022-05-16 08:00:00,SHORT,0.57,0.56,tp,0.004025,1,0.7577,2
2022-05-16 09:00:00,SHORT,0.56,0.56,tp,0.004025,1,0.8006,2
2022-05-16 10:00:00,SHORT,0.58,0.57,tp,0.004025,1,0.8814,2
2022-05-16 11:00:00,LONG,0.57,0.57,tp,0.004,1,0.8487,2
2022-05-16 12:00:00,SHORT,0.57,0.56,tp,0.004025,1,0.8006,2
2022-05-16 13:00:00,LONG,0.56,0.56,tp,0.004,1,0.8597,2
2022-05-16 14:00:00,LONG,0.55,0.56,tp,0.004,1,0.8294,2
2022-05-16 15:00:00,SHORT,0.56,0.55,tp,0.004025,1,0.8139,2
2022-05-16 16:00:00,LONG,0.55,0.55,tp,0.004,1,0.8024,2
2022-05-16 17:00:00,SHORT,0.56,0.56,sl,-0.003991,0,0.7778,2
2022-05-16 18:00:00,SHORT,0.57,0.56,tp,0.004025,1,0.7202,2
2022-05-16 19:00:00,LONG,0.56,0.56,tp,0.004,1,0.8541,2
2022-05-16 20:00:00,LONG,0.56,0.57,tp,0.004,1,0.721,2
2022-05-16 21:00:00,LONG,0.57,0.57,tp,0.004,1,0.7094,2
2022-05-16 22:00:00,LONG,0.56,0.56,sl,-0.004,0,0.8142,2
2022-05-16 23:00:00,LONG,0.56,0.56,tp,0.004,1,0.798,2
2022-05-17 00:00:00,LONG,0.57,0.56,sl,-0.004,0,0.736,2
2022-05-17 01:00:00,LONG,0.56,0.57,tp,0.004,1,0.7237,2
2022-05-17 02:00:00,LONG,0.56,0.57,tp,0.004,1,0.6768,2
2022-05-17 03:00:00,LONG,0.57,0.57,tp,0.004,1,0.6922,2
2022-05-17 04:00:00,SHORT,0.57,0.57,tp,0.004025,1,0.6962,2
2022-05-17 05:00:00,SHORT,0.58,0.58,tp,0.004025,1,0.7244,2
2022-05-17 06:00:00,SHORT,0.58,0.58,tp,0.004025,1,0.8025,2
2022-05-17 07:00:00,LONG,0.58,0.58,tp,0.004,1,0.8038,2
2022-05-17 08:00:00,LONG,0.58,0.58,tp,0.004,1,0.6697,2
2022-05-17 09:00:00,LONG,0.58,0.58,sl,-0.004,0,0.6941,2
2022-05-17 10:00:00,LONG,0.58,0.58,tp,0.004,1,0.6969,2
2022-05-17 11:00:00,LONG,0.58,0.58,tp,0.004,1,0.6835,2
2022-05-17 12:00:00,LONG,0.59,0.59,tp,0.004,1,0.7187,2
2022-05-17 13:00:00,LONG,0.59,0.59,sl,-0.004,0,0.689,2
2022-05-17 14:00:00,LONG,0.57,0.58,tp,0.004,1,0.8346,2
2022-05-17 15:00:00,LONG,0.57,0.57,sl,-0.004,0,0.6788,2
2022-05-17 16:00:00,SHORT,0.57,0.57,tp,0.004025,1,0.6786,2
2022-05-17 17:00:00,LONG,0.56,0.57,tp,0.004,1,0.7913,2
2022-05-17 18:00:00,SHORT,0.56,0.56,sl,-0.003991,0,0.7874,2
2022-05-17 19:00:00,LONG,0.57,0.57,tp,0.004,1,0.7147,2
2022-05-17 20:00:00,LONG,0.57,0.57,tp,0.004,1,0.6912,2
2022-05-17 21:00:00,SHORT,0.58,0.57,tp,0.004025,1,0.6868,2
2022-05-17 22:00:00,SHORT,0.58,0.58,sl,-0.003991,0,0.6559,2
2022-05-17 23:00:00,SHORT,0.58,0.57,tp,0.004025,1,0.6789,2
2022-05-18 01:00:00,LONG,0.57,0.57,tp,0.004,1,0.7754,2
2022-05-18 03:00:00,LONG,0.56,0.56,tp,0.004,1,0.7761,2
2022-05-18 04:00:00,LONG,0.56,0.56,tp,0.004,1,0.7133,2
2022-05-18 06:00:00,LONG,0.56,0.56,tp,0.004,1,0.7761,2
2022-05-18 11:00:00,LONG,0.56,0.56,sl,-0.004,0,0.665,2
2022-05-18 12:00:00,LONG,0.54,0.54,tp,0.004,1,0.8583,2
2022-05-18 13:00:00,LONG,0.53,0.54,tp,0.004,1,0.834,2
2022-05-18 14:00:00,LONG,0.53,0.53,sl,-0.004,0,0.7905,2
2022-05-18 15:00:00,LONG,0.52,0.53,tp,0.004,1,0.8715,2
2022-05-18 16:00:00,SHORT,0.53,0.52,tp,0.004025,1,0.7625,2
2022-05-18 17:00:00,SHORT,0.52,0.52,tp,0.004025,1,0.7537,2
2022-05-18 18:00:00,SHORT,0.53,0.53,sl,-0.003991,0,0.7107,2
2022-05-18 19:00:00,LONG,0.53,0.53,sl,-0.004,0,0.6687,2
2022-05-18 20:00:00,LONG,0.53,0.53,tp,0.004,1,0.7454,2
2022-05-18 21:00:00,LONG,0.53,0.53,tp,0.004,1,0.68,2
2022-05-18 22:00:00,LONG,0.52,0.52,tp,0.004,1,0.7879,2
2022-05-18 23:00:00,LONG,0.51,0.51,tp,0.004,1,0.8997,2
2022-05-19 00:00:00,LONG,0.51,0.51,tp,0.004,1,0.7994,2
2022-05-19 01:00:00,LONG,0.5,0.5,tp,0.004,1,0.846,2
2022-05-19 02:00:00,SHORT,0.52,0.52,sl,-0.003991,0,0.8853,2
2022-05-19 03:00:00,LONG,0.52,0.52,tp,0.004,1,0.7774,2
2022-05-19 04:00:00,LONG,0.51,0.51,sl,-0.004,0,0.819,2
2022-05-19 05:00:00,LONG,0.51,0.51,tp,0.004,1,0.7969,2
2022-05-19 06:00:00,SHORT,0.52,0.52,tp,0.004025,1,0.8284,2
2022-05-19 07:00:00,LONG,0.52,0.51,sl,-0.004,0,0.8407,2
2022-05-19 08:00:00,LONG,0.51,0.51,tp,0.004,1,0.8706,2
2022-05-19 09:00:00,LONG,0.51,0.51,tp,0.004,1,0.7494,2
2022-05-19 10:00:00,LONG,0.51,0.52,tp,0.004,1,0.742,2
2022-05-19 11:00:00,SHORT,0.53,0.53,tp,0.004025,1,0.8627,2
2022-05-19 12:00:00,SHORT,0.52,0.52,tp,0.004025,1,0.7507,2
2022-05-19 13:00:00,LONG,0.52,0.53,tp,0.004,1,0.7985,2
2022-05-19 14:00:00,LONG,0.53,0.53,tp,0.004,1,0.8088,2
2022-05-19 15:00:00,SHORT,0.54,0.54,tp,0.004025,1,0.8836,2
2022-05-19 16:00:00,LONG,0.53,0.54,tp,0.004,1,0.7726,2
2022-05-19 17:00:00,LONG,0.53,0.53,sl,-0.004,0,0.7648,2
2022-05-19 18:00:00,LONG,0.53,0.53,sl,-0.004,0,0.6979,2
2022-05-19 19:00:00,LONG,0.52,0.53,tp,0.004,1,0.8433,2
2022-05-19 21:00:00,LONG,0.53,0.53,sl,-0.004,0,0.6725,2
2022-05-19 23:00:00,SHORT,0.53,0.53,tp,0.004025,1,0.7164,2
2022-05-20 00:00:00,SHORT,0.53,0.53,tp,0.004025,1,0.6817,2
2022-05-20 01:00:00,SHORT,0.54,0.54,tp,0.004025,1,0.7341,2
2022-05-20 02:00:00,SHORT,0.53,0.53,tp,0.004025,1,0.6679,2
2022-05-20 03:00:00,SHORT,0.53,0.53,tp,0.004025,1,0.6581,2
2022-05-20 05:00:00,SHORT,0.53,0.53,tp,0.004025,1,0.6686,2
2022-05-20 06:00:00,LONG,0.53,0.53,tp,0.004,1,0.6855,2
2022-05-20 07:00:00,SHORT,0.53,0.53,sl,-0.003991,0,0.6739,2
2022-05-20 08:00:00,SHORT,0.53,0.53,sl,-0.003991,0,0.6561,2
2022-05-20 09:00:00,SHORT,0.53,0.54,sl,-0.003991,0,0.6693,2
2022-05-20 10:00:00,SHORT,0.54,0.54,tp,0.004025,1,0.7212,2
2022-05-20 13:00:00,LONG,0.53,0.53,sl,-0.004,0,0.6609,2
2022-05-20 14:00:00,SHORT,0.52,0.51,tp,0.004025,1,0.8311,2
2022-05-20 15:00:00,SHORT,0.51,0.51,tp,0.004025,1,0.8301,2
2022-05-20 16:00:00,SHORT,0.51,0.5,tp,0.004025,1,0.776,2
2022-05-20 17:00:00,SHORT,0.51,0.51,tp,0.004025,1,0.7199,2
2022-05-20 18:00:00,SHORT,0.51,0.51,tp,0.004025,1,0.6759,2
2022-05-20 19:00:00,SHORT,0.51,0.51,sl,-0.003991,0,0.6653,2
2022-05-21 15:00:00,SHORT,0.54,0.53,tp,0.004025,1,0.7121,2
2022-05-22 09:00:00,LONG,0.54,0.55,tp,0.004,1,0.7864,2
2022-05-22 10:00:00,LONG,0.55,0.54,sl,-0.004,0,0.6786,2
2022-05-23 18:00:00,LONG,0.54,0.54,sl,-0.004,0,0.66,2
2022-05-23 19:00:00,LONG,0.52,0.52,tp,0.004,1,0.8614,2
2022-05-23 20:00:00,SHORT,0.53,0.52,tp,0.004025,1,0.6553,2
2022-05-23 21:00:00,LONG,0.52,0.52,sl,-0.004,0,0.7092,2
2022-05-23 22:00:00,LONG,0.52,0.51,sl,-0.004,0,0.8198,2
2022-05-23 23:00:00,SHORT,0.51,0.51,sl,-0.003991,0,0.8042,2
2022-05-24 00:00:00,SHORT,0.51,0.51,tp,0.004025,1,0.6876,2
2022-05-24 06:00:00,LONG,0.52,0.52,tp,0.004,1,0.6698,2
2022-05-24 08:00:00,LONG,0.51,0.51,tp,0.004,1,0.717,2
2022-05-24 13:00:00,LONG,0.5,0.5,tp,0.004,1,0.8463,2
2022-05-24 14:00:00,SHORT,0.5,0.51,sl,-0.003991,0,0.7416,2
2022-05-24 15:00:00,SHORT,0.52,0.51,tp,0.004025,1,0.7432,2
2022-05-24 16:00:00,LONG,0.52,0.51,sl,-0.004,0,0.6647,2
2022-05-24 18:00:00,LONG,0.51,0.51,tp,0.004,1,0.7194,2
2022-05-26 08:00:00,LONG,0.49,0.49,tp,0.004,1,0.8331,2
2022-05-26 09:00:00,SHORT,0.49,0.49,sl,-0.003991,0,0.7364,2
2022-05-26 10:00:00,LONG,0.49,0.49,sl,-0.004,0,0.7423,2
2022-05-26 11:00:00,LONG,0.49,0.49,tp,0.004,1,0.7201,2
2022-05-26 12:00:00,LONG,0.48,0.48,sl,-0.004,0,0.7761,2
2022-05-26 13:00:00,LONG,0.48,0.48,tp,0.004,1,0.7803,2
2022-05-26 14:00:00,LONG,0.49,0.49,tp,0.004,1,0.7009,2
2022-05-26 15:00:00,SHORT,0.49,0.49,sl,-0.003991,0,0.6878,2
2022-05-26 16:00:00,LONG,0.5,0.49,sl,-0.004,0,0.6669,2
2022-05-26 18:00:00,LONG,0.49,0.49,sl,-0.004,0,0.8254,2
2022-05-26 19:00:00,LONG,0.48,0.48,tp,0.004,1,0.8371,2
2022-05-26 20:00:00,LONG,0.48,0.48,tp,0.004,1,0.7264,2
2022-05-26 21:00:00,LONG,0.48,0.49,tp,0.004,1,0.6828,2
2022-05-26 22:00:00,LONG,0.48,0.49,tp,0.004,1,0.6816,2
2022-05-26 23:00:00,LONG,0.48,0.48,tp,0.004,1,0.763,2
2022-05-27 00:00:00,LONG,0.48,0.48,sl,-0.004,0,0.7647,2
2022-05-27 01:00:00,LONG,0.46,0.46,tp,0.004,1,0.856,2
2022-05-27 02:00:00,SHORT,0.46,0.46,sl,-0.003991,0,0.7321,2
2022-05-27 03:00:00,SHORT,0.47,0.47,tp,0.004025,1,0.7351,2
2022-05-27 04:00:00,LONG,0.46,0.46,tp,0.004,1,0.8298,2
2022-05-27 05:00:00,LONG,0.45,0.46,tp,0.004,1,0.828,2
2022-05-27 06:00:00,SHORT,0.46,0.46,sl,-0.003991,0,0.7812,2
2022-05-27 07:00:00,LONG,0.46,0.46,tp,0.004,1,0.8147,2
2022-05-27 08:00:00,LONG,0.46,0.46,tp,0.004,1,0.8197,2
2022-05-27 09:00:00,SHORT,0.46,0.46,tp,0.004025,1,0.6964,2
2022-05-27 10:00:00,LONG,0.46,0.46,tp,0.004,1,0.8337,2
2022-05-27 11:00:00,LONG,0.46,0.47,tp,0.004,1,0.7447,2
2022-05-27 12:00:00,SHORT,0.47,0.47,tp,0.004025,1,0.7671,2
2022-05-27 13:00:00,SHORT,0.48,0.47,tp,0.004025,1,0.7523,2
2022-05-27 14:00:00,LONG,0.47,0.46,sl,-0.004,0,0.8416,2
2022-05-27 15:00:00,LONG,0.46,0.46,tp,0.004,1,0.7769,2
2022-05-27 16:00:00,LONG,0.46,0.46,tp,0.004,1,0.7657,2
2022-05-27 17:00:00,LONG,0.45,0.45,tp,0.004,1,0.7956,2
2022-05-27 18:00:00,LONG,0.45,0.45,tp,0.004,1,0.7754,2
2022-05-27 19:00:00,SHORT,0.46,0.46,tp,0.004025,1,0.7465,2
2022-05-27 20:00:00,LONG,0.46,0.46,tp,0.004,1,0.7629,2
2022-05-27 21:00:00,LONG,0.46,0.46,tp,0.004,1,0.7008,2
2022-05-27 23:00:00,LONG,0.46,0.46,tp,0.004,1,0.7537,2
2022-05-28 01:00:00,LONG,0.45,0.46,tp,0.004,1,0.8169,2
2022-05-28 02:00:00,LONG,0.45,0.45,tp,0.004,1,0.7041,2
2022-05-28 05:00:00,SHORT,0.46,0.46,tp,0.004025,1,0.6507,2
2022-05-30 01:00:00,SHORT,0.5,0.5,sl,-0.003991,0,0.7494,2
2022-05-30 02:00:00,SHORT,0.51,0.51,tp,0.004025,1,0.7418,2
2022-05-30 03:00:00,SHORT,0.51,0.51,sl,-0.003991,0,0.7244,2
2022-05-30 04:00:00,SHORT,0.51,0.51,sl,-0.003991,0,0.6907,2
2022-05-30 05:00:00,SHORT,0.52,0.52,sl,-0.003991,0,0.6652,2
2022-05-30 06:00:00,SHORT,0.52,0.52,tp,0.004025,1,0.6731,2
2022-05-30 14:00:00,SHORT,0.53,0.53,sl,-0.003991,0,0.6566,2
2022-05-30 20:00:00,SHORT,0.55,0.55,tp,0.004025,1,0.8148,2
2022-05-30 21:00:00,SHORT,0.56,0.56,tp,0.004025,1,0.7727,2
2022-05-30 22:00:00,SHORT,0.57,0.56,tp,0.004025,1,0.7938,2
2022-05-30 23:00:00,SHORT,0.57,0.57,sl,-0.003991,0,0.7515,2
2022-05-31 00:00:00,SHORT,0.57,0.57,sl,-0.003991,0,0.7191,2
2022-05-31 01:00:00,SHORT,0.58,0.58,sl,-0.003991,0,0.7146,2
2022-05-31 02:00:00,SHORT,0.58,0.58,tp,0.004025,1,0.7116,2
2022-05-31 03:00:00,SHORT,0.58,0.58,tp,0.004025,1,0.7091,2
2022-05-31 04:00:00,SHORT,0.61,0.61,sl,-0.003991,0,0.826,2
2022-05-31 05:00:00,SHORT,0.64,0.64,tp,0.004025,1,0.8494,2
2022-05-31 06:00:00,SHORT,0.65,0.65,tp,0.004025,1,0.7968,2
2022-05-31 07:00:00,SHORT,0.65,0.66,sl,-0.003991,0,0.7356,2
2022-05-31 08:00:00,SHORT,0.67,0.67,tp,0.004025,1,0.8578,2
2022-05-31 09:00:00,LONG,0.65,0.66,tp,0.004,1,0.8412,2
2022-05-31 10:00:00,SHORT,0.66,0.66,tp,0.004025,1,0.7864,2
2022-05-31 11:00:00,SHORT,0.65,0.65,tp,0.004025,1,0.7943,2
2022-05-31 12:00:00,LONG,0.63,0.64,tp,0.004,1,0.872,2
2022-05-31 13:00:00,LONG,0.62,0.62,tp,0.004,1,0.8349,2
2022-05-31 14:00:00,SHORT,0.62,0.62,tp,0.004025,1,0.8584,2
2022-05-31 15:00:00,SHORT,0.63,0.63,tp,0.004025,1,0.8663,2
2022-05-31 16:00:00,SHORT,0.63,0.63,tp,0.004025,1,0.8059,2
2022-05-31 17:00:00,LONG,0.62,0.62,sl,-0.004,0,0.776,2
2022-05-31 18:00:00,LONG,0.6,0.6,sl,-0.004,0,0.8575,2
2022-05-31 19:00:00,LONG,0.6,0.6,tp,0.004,1,0.7081,2
2022-05-31 20:00:00,SHORT,0.6,0.61,sl,-0.003991,0,0.6846,2
2022-05-31 21:00:00,SHORT,0.61,0.61,tp,0.004025,1,0.7705,2
2022-05-31 22:00:00,SHORT,0.64,0.64,tp,0.004025,1,0.903,2
2022-05-31 23:00:00,SHORT,0.63,0.62,tp,0.004025,1,0.8132,2
2022-06-01 00:00:00,SHORT,0.63,0.63,tp,0.004025,1,0.7816,2
2022-06-01 01:00:00,SHORT,0.62,0.62,tp,0.004025,1,0.7003,2
2022-06-01 02:00:00,LONG,0.61,0.61,sl,-0.004,0,0.6954,2
2022-06-01 03:00:00,LONG,0.6,0.6,tp,0.004,1,0.7807,2
2022-06-01 04:00:00,SHORT,0.6,0.6,tp,0.004025,1,0.7336,2
2022-06-01 05:00:00,LONG,0.6,0.6,tp,0.004,1,0.6685,2
2022-06-01 06:00:00,LONG,0.61,0.61,tp,0.004,1,0.7246,2
2022-06-01 07:00:00,LONG,0.6,0.61,tp,0.004,1,0.7032,2
2022-06-01 09:00:00,SHORT,0.62,0.62,tp,0.004025,1,0.6592,2
2022-06-01 10:00:00,LONG,0.61,0.61,tp,0.004,1,0.7072,2
2022-06-01 11:00:00,LONG,0.6,0.61,tp,0.004,1,0.6669,2
2022-06-01 14:00:00,SHORT,0.59,0.58,tp,0.004025,1,0.8365,2
2022-06-01 15:00:00,LONG,0.57,0.57,sl,-0.004,0,0.9027,2
2022-06-01 16:00:00,LONG,0.57,0.56,sl,-0.004,0,0.798,2
2022-06-01 17:00:00,LONG,0.56,0.56,sl,-0.004,0,0.7531,2
2022-06-01 18:00:00,LONG,0.56,0.56,tp,0.004,1,0.8134,2
2022-06-01 19:00:00,SHORT,0.56,0.55,tp,0.004025,1,0.7302,2
2022-06-01 20:00:00,LONG,0.55,0.55,sl,-0.004,0,0.8477,2
2022-06-01 21:00:00,LONG,0.54,0.55,tp,0.004,1,0.7591,2
2022-06-01 22:00:00,SHORT,0.54,0.55,sl,-0.003991,0,0.7217,2
2022-06-01 23:00:00,SHORT,0.55,0.55,sl,-0.003991,0,0.7726,2
2022-06-02 00:00:00,SHORT,0.56,0.56,tp,0.004025,1,0.8668,2
2022-06-02 01:00:00,SHORT,0.57,0.57,tp,0.004025,1,0.7975,2
2022-06-02 02:00:00,SHORT,0.57,0.57,tp,0.004025,1,0.7867,2
2022-06-02 03:00:00,LONG,0.56,0.57,tp,0.004,1,0.7643,2
2022-06-02 04:00:00,SHORT,0.56,0.56,tp,0.004025,1,0.6955,2
2022-06-02 05:00:00,SHORT,0.57,0.56,tp,0.004025,1,0.726,2
2022-06-02 06:00:00,SHORT,0.57,0.57,sl,-0.003991,0,0.669,2
2022-06-02 07:00:00,SHORT,0.57,0.57,tp,0.004025,1,0.7141,2
2022-06-02 08:00:00,SHORT,0.58,0.58,tp,0.004025,1,0.7154,2
2022-06-02 09:00:00,LONG,0.58,0.58,tp,0.004,1,0.6842,2
2022-06-02 10:00:00,SHORT,0.58,0.58,tp,0.004025,1,0.7129,2
2022-06-02 11:00:00,SHORT,0.58,0.58,tp,0.004025,1,0.6915,2
2022-06-02 12:00:00,LONG,0.58,0.57,sl,-0.004,0,0.7135,2
2022-06-02 13:00:00,SHORT,0.56,0.57,sl,-0.003991,0,0.8115,2
2022-06-02 14:00:00,SHORT,0.57,0.57,sl,-0.003991,0,0.8008,2
2022-06-02 15:00:00,SHORT,0.59,0.58,tp,0.004025,1,0.8569,2
2022-06-02 16:00:00,SHORT,0.59,0.58,tp,0.004025,1,0.7565,2
2022-06-02 17:00:00,SHORT,0.58,0.58,tp,0.004025,1,0.6897,2
2022-06-02 18:00:00,SHORT,0.58,0.58,tp,0.004025,1,0.6604,2
2022-06-02 19:00:00,SHORT,0.58,0.58,sl,-0.003991,0,0.6684,2
2022-06-02 20:00:00,SHORT,0.58,0.58,sl,-0.003991,0,0.6578,2
2022-06-02 21:00:00,SHORT,0.59,0.58,tp,0.004025,1,0.6952,2
2022-06-02 22:00:00,SHORT,0.59,0.59,sl,-0.003991,0,0.6985,2
2022-06-02 23:00:00,SHORT,0.59,0.58,tp,0.004025,1,0.7306,2
2022-06-03 01:00:00,SHORT,0.6,0.6,tp,0.004025,1,0.8902,2
2022-06-03 02:00:00,LONG,0.59,0.59,sl,-0.004,0,0.6639,2
2022-06-03 09:00:00,SHORT,0.57,0.57,tp,0.004025,1,0.7416,2
2022-06-03 10:00:00,LONG,0.56,0.56,sl,-0.004,0,0.7768,2
2022-06-03 11:00:00,SHORT,0.56,0.55,tp,0.004025,1,0.7905,2
2022-06-03 12:00:00,LONG,0.55,0.55,tp,0.004,1,0.78,2
2022-06-03 13:00:00,LONG,0.55,0.55,sl,-0.004,0,0.7544,2
2022-06-03 14:00:00,LONG,0.55,0.55,tp,0.004,1,0.8001,2
2022-06-03 15:00:00,SHORT,0.55,0.55,sl,-0.003991,0,0.6633,2
2022-06-03 17:00:00,LONG,0.55,0.56,tp,0.004,1,0.6719,2
2022-06-03 22:00:00,LONG,0.56,0.56,sl,-0.004,0,0.7181,2
2022-06-03 23:00:00,LONG,0.56,0.56,tp,0.004,1,0.6769,2
2022-06-04 00:00:00,LONG,0.56,0.56,sl,-0.004,0,0.6787,2
2022-06-06 00:00:00,SHORT,0.58,0.59,sl,-0.003991,0,0.7127,2
2022-06-06 01:00:00,SHORT,0.59,0.59,sl,-0.003991,0,0.6798,2
2022-06-06 02:00:00,SHORT,0.59,0.59,sl,-0.003991,0,0.6716,2
2022-06-06 03:00:00,SHORT,0.62,0.62,sl,-0.003991,0,0.8038,2
2022-06-06 04:00:00,SHORT,0.62,0.62,tp,0.004025,1,0.7261,2
2022-06-06 06:00:00,SHORT,0.64,0.64,tp,0.004025,1,0.8007,2
2022-06-06 07:00:00,SHORT,0.64,0.63,tp,0.004025,1,0.6866,2
2022-06-06 08:00:00,SHORT,0.63,0.64,sl,-0.003991,0,0.6613,2
2022-06-06 11:00:00,LONG,0.63,0.63,tp,0.004,1,0.8357,2
2022-06-06 12:00:00,LONG,0.63,0.62,sl,-0.004,0,0.693,2
2022-06-06 13:00:00,LONG,0.62,0.62,tp,0.004,1,0.8244,2
2022-06-06 14:00:00,LONG,0.61,0.61,sl,-0.004,0,0.7995,2
2022-06-06 15:00:00,LONG,0.61,0.61,sl,-0.004,0,0.7005,2
2022-06-06 16:00:00,LONG,0.6,0.6,tp,0.004,1,0.843,2
2022-06-06 19:00:00,SHORT,0.61,0.6,tp,0.004025,1,0.663,2
2022-06-06 21:00:00,SHORT,0.61,0.61,tp,0.004025,1,0.7652,2
2022-06-06 23:00:00,SHORT,0.61,0.61,tp,0.004025,1,0.6847,2
2022-06-07 00:00:00,LONG,0.58,0.59,tp,0.004,1,0.8592,2
2022-06-07 01:00:00,SHORT,0.58,0.57,tp,0.004025,1,0.823,2
2022-06-07 02:00:00,SHORT,0.58,0.58,sl,-0.003991,0,0.7863,2
2022-06-07 03:00:00,SHORT,0.59,0.59,tp,0.004025,1,0.8012,2
2022-06-07 04:00:00,SHORT,0.59,0.59,tp,0.004025,1,0.7154,2
2022-06-07 05:00:00,SHORT,0.59,0.58,tp,0.004025,1,0.6779,2
2022-06-07 09:00:00,LONG,0.59,0.59,tp,0.004,1,0.6783,2
2022-06-07 11:00:00,LONG,0.58,0.59,tp,0.004,1,0.66,2
2022-06-07 13:00:00,LONG,0.6,0.6,tp,0.004,1,0.7498,2
2022-06-07 14:00:00,SHORT,0.62,0.61,tp,0.004025,1,0.8265,2
2022-06-07 15:00:00,LONG,0.62,0.62,tp,0.004,1,0.7518,2
2022-06-07 16:00:00,SHORT,0.62,0.62,tp,0.004025,1,0.7744,2
2022-06-07 17:00:00,LONG,0.61,0.61,tp,0.004,1,0.8081,2
2022-06-07 18:00:00,SHORT,0.62,0.62,tp,0.004025,1,0.7543,2
2022-06-07 19:00:00,SHORT,0.63,0.63,sl,-0.003991,0,0.7503,2
2022-06-07 20:00:00,SHORT,0.63,0.63,tp,0.004025,1,0.7796,2
2022-06-07 21:00:00,LONG,0.62,0.62,sl,-0.004,0,0.8077,2
2022-06-07 22:00:00,LONG,0.62,0.62,tp,0.004,1,0.8346,2
2022-06-07 23:00:00,LONG,0.61,0.62,tp,0.004,1,0.7729,2
2022-06-08 00:00:00,LONG,0.62,0.62,tp,0.004,1,0.6518,2
2022-06-08 01:00:00,SHORT,0.65,0.65,tp,0.004025,1,0.9045,2
2022-06-08 02:00:00,SHORT,0.64,0.64,tp,0.004025,1,0.8283,2
2022-06-08 03:00:00,LONG,0.63,0.63,tp,0.004,1,0.8131,2
2022-06-08 04:00:00,SHORT,0.64,0.64,sl,-0.003991,0,0.7791,2
2022-06-08 05:00:00,SHORT,0.64,0.64,tp,0.004025,1,0.7558,2
2022-06-08 06:00:00,SHORT,0.64,0.64,tp,0.004025,1,0.7312,2
2022-06-08 07:00:00,SHORT,0.64,0.63,tp,0.004025,1,0.7426,2
2022-06-08 08:00:00,SHORT,0.63,0.64,sl,-0.003991,0,0.7292,2
2022-06-08 09:00:00,SHORT,0.64,0.64,tp,0.004025,1,0.7711,2
2022-06-08 10:00:00,SHORT,0.64,0.64,sl,-0.003991,0,0.7498,2
2022-06-08 11:00:00,SHORT,0.64,0.64,tp,0.004025,1,0.767,2
2022-06-08 12:00:00,SHORT,0.64,0.64,sl,-0.003991,0,0.7898,2
2022-06-08 13:00:00,SHORT,0.66,0.66,tp,0.004025,1,0.8912,2
2022-06-08 14:00:00,SHORT,0.65,0.65,sl,-0.003991,0,0.777,2
2022-06-08 15:00:00,SHORT,0.66,0.66,tp,0.004025,1,0.874,2
2022-06-08 16:00:00,SHORT,0.66,0.65,tp,0.004025,1,0.7477,2
2022-06-08 17:00:00,SHORT,0.65,0.65,tp,0.004025,1,0.7392,2
2022-06-08 18:00:00,SHORT,0.65,0.64,tp,0.004025,1,0.7244,2
2022-06-08 20:00:00,LONG,0.64,0.64,tp,0.004,1,0.7044,2
2022-06-08 21:00:00,SHORT,0.65,0.65,tp,0.004025,1,0.7362,2
2022-06-08 23:00:00,LONG,0.64,0.64,sl,-0.004,0,0.7695,2
2022-06-09 00:00:00,SHORT,0.64,0.63,tp,0.004025,1,0.663,2
2022-06-09 01:00:00,LONG,0.63,0.63,tp,0.004,1,0.7973,2
2022-06-09 03:00:00,SHORT,0.64,0.64,tp,0.004025,1,0.6643,2
2022-06-09 07:00:00,SHORT,0.65,0.65,tp,0.004025,1,0.6914,2
2022-06-09 16:00:00,SHORT,0.65,0.65,tp,0.004025,1,0.6509,2
2022-06-09 19:00:00,LONG,0.63,0.63,tp,0.004,1,0.8189,2
2022-06-10 00:00:00,SHORT,0.62,0.62,sl,-0.003991,0,0.6851,2
2022-06-10 09:00:00,LONG,0.61,0.61,tp,0.004,1,0.7556,2
2022-06-10 12:00:00,SHORT,0.6,0.59,tp,0.004025,1,0.7879,2
2022-06-10 13:00:00,LONG,0.58,0.59,tp,0.004,1,0.8692,2
2022-06-10 14:00:00,SHORT,0.59,0.59,tp,0.004025,1,0.7708,2
2022-06-10 15:00:00,SHORT,0.59,0.58,tp,0.004025,1,0.7499,2
2022-06-10 16:00:00,LONG,0.58,0.58,tp,0.004,1,0.8357,2
2022-06-10 17:00:00,SHORT,0.58,0.58,tp,0.004025,1,0.6607,2
2022-06-10 18:00:00,LONG,0.58,0.58,tp,0.004,1,0.6866,2
2022-06-10 19:00:00,LONG,0.57,0.58,tp,0.004,1,0.7758,2
2022-06-10 23:00:00,LONG,0.57,0.58,tp,0.004,1,0.8068,2
2022-06-11 05:00:00,LONG,0.59,0.59,tp,0.004,1,0.7392,2
2022-06-11 07:00:00,LONG,0.61,0.61,sl,-0.004,0,0.678,2
2022-06-11 08:00:00,LONG,0.59,0.59,tp,0.004,1,0.8313,2
2022-06-11 09:00:00,LONG,0.6,0.6,tp,0.004,1,0.7065,2
2022-06-11 10:00:00,LONG,0.59,0.59,sl,-0.004,0,0.734,2
2022-06-11 11:00:00,LONG,0.58,0.58,tp,0.004,1,0.7905,2
2022-06-11 12:00:00,LONG,0.57,0.57,tp,0.004,1,0.8984,2
2022-06-11 13:00:00,SHORT,0.58,0.57,tp,0.004025,1,0.8175,2
2022-06-11 14:00:00,SHORT,0.56,0.56,tp,0.004025,1,0.8502,2
2022-06-11 15:00:00,SHORT,0.55,0.55,tp,0.004025,1,0.8571,2
2022-06-11 16:00:00,SHORT,0.56,0.55,tp,0.004025,1,0.8283,2
2022-06-11 17:00:00,SHORT,0.56,0.56,sl,-0.003991,0,0.7427,2
2022-06-11 18:00:00,SHORT,0.57,0.56,tp,0.004025,1,0.7563,2
2022-06-11 19:00:00,LONG,0.56,0.56,tp,0.004,1,0.8393,2
2022-06-11 20:00:00,LONG,0.55,0.56,tp,0.004,1,0.7602,2
2022-06-11 21:00:00,SHORT,0.56,0.56,sl,-0.003991,0,0.7044,2
2022-06-11 22:00:00,LONG,0.57,0.56,sl,-0.004,0,0.7347,2
2022-06-11 23:00:00,LONG,0.55,0.56,tp,0.004,1,0.8528,2
2022-06-12 00:00:00,LONG,0.55,0.55,sl,-0.004,0,0.7596,2
2022-06-12 01:00:00,LONG,0.53,0.54,tp,0.004,1,0.8893,2
2022-06-12 02:00:00,LONG,0.52,0.52,tp,0.004,1,0.9038,2
2022-06-12 03:00:00,LONG,0.52,0.52,tp,0.004,1,0.838,2
2022-06-12 04:00:00,LONG,0.51,0.51,tp,0.004,1,0.9136,2
2022-06-12 05:00:00,LONG,0.5,0.5,tp,0.004,1,0.8698,2
2022-06-12 06:00:00,SHORT,0.51,0.51,tp,0.004025,1,0.8417,2
2022-06-12 07:00:00,SHORT,0.52,0.52,tp,0.004025,1,0.8512,2
2022-06-12 08:00:00,LONG,0.52,0.52,sl,-0.004,0,0.8203,2
2022-06-12 09:00:00,LONG,0.51,0.52,tp,0.004,1,0.8591,2
2022-06-12 10:00:00,LONG,0.52,0.52,tp,0.004,1,0.8129,2
2022-06-12 11:00:00,SHORT,0.51,0.52,sl,-0.003991,0,0.7715,2
2022-06-12 12:00:00,LONG,0.51,0.52,tp,0.004,1,0.8243,2
2022-06-12 13:00:00,LONG,0.51,0.51,tp,0.004,1,0.8386,2
2022-06-12 14:00:00,SHORT,0.53,0.54,sl,-0.003991,0,0.9199,2
2022-06-12 15:00:00,SHORT,0.53,0.53,tp,0.004025,1,0.8394,2
2022-06-12 16:00:00,LONG,0.53,0.53,tp,0.004,1,0.7688,2
2022-06-12 17:00:00,LONG,0.53,0.53,sl,-0.004,0,0.7884,2
2022-06-12 18:00:00,LONG,0.53,0.52,sl,-0.004,0,0.8273,2
2022-06-12 19:00:00,LONG,0.52,0.52,tp,0.004,1,0.8596,2
2022-06-12 20:00:00,LONG,0.52,0.52,tp,0.004,1,0.8368,2
2022-06-12 21:00:00,LONG,0.51,0.52,tp,0.004,1,0.8145,2
2022-06-12 22:00:00,LONG,0.51,0.51,tp,0.004,1,0.7831,2
2022-06-12 23:00:00,LONG,0.49,0.49,tp,0.004,1,0.906,2
2022-06-13 00:00:00,LONG,0.47,0.47,tp,0.004,1,0.8976,2
2022-06-13 01:00:00,LONG,0.47,0.47,tp,0.004,1,0.8257,2
2022-06-13 02:00:00,LONG,0.46,0.47,tp,0.004,1,0.889,2
2022-06-13 03:00:00,SHORT,0.48,0.47,tp,0.004025,1,0.8956,2
2022-06-13 04:00:00,LONG,0.47,0.48,tp,0.004,1,0.8632,2
2022-06-13 05:00:00,LONG,0.46,0.46,tp,0.004,1,0.8921,2
2022-06-13 06:00:00,LONG,0.46,0.47,tp,0.004,1,0.8283,2
2022-06-13 07:00:00,LONG,0.45,0.45,sl,-0.004,0,0.9038,2
2022-06-13 08:00:00,LONG,0.44,0.45,tp,0.004,1,0.9068,2
2022-06-13 09:00:00,SHORT,0.45,0.45,tp,0.004025,1,0.8767,2
2022-06-13 10:00:00,LONG,0.45,0.45,tp,0.004,1,0.8665,2
2022-06-13 11:00:00,LONG,0.45,0.45,tp,0.004,1,0.8698,2
2022-06-13 12:00:00,LONG,0.45,0.46,tp,0.004,1,0.8816,2
2022-06-13 13:00:00,SHORT,0.46,0.46,tp,0.004025,1,0.8712,2
2022-06-13 14:00:00,LONG,0.45,0.45,tp,0.004,1,0.8685,2
2022-06-13 15:00:00,SHORT,0.47,0.47,tp,0.004025,1,0.9154,2
2022-06-13 16:00:00,SHORT,0.47,0.47,tp,0.004025,1,0.8432,2
2022-06-13 17:00:00,LONG,0.47,0.47,tp,0.004,1,0.8151,2
2022-06-13 18:00:00,LONG,0.47,0.48,tp,0.004,1,0.7986,2
2022-06-13 19:00:00,LONG,0.47,0.48,tp,0.004,1,0.7483,2
2022-06-13 20:00:00,LONG,0.48,0.48,tp,0.004,1,0.8071,2
2022-06-13 21:00:00,LONG,0.47,0.48,tp,0.004,1,0.8244,2
2022-06-13 22:00:00,LONG,0.45,0.45,tp,0.004,1,0.896,2
2022-06-13 23:00:00,LONG,0.46,0.47,tp,0.004,1,0.8279,2
2022-06-14 00:00:00,LONG,0.45,0.45,tp,0.004,1,0.8852,2
2022-06-14 01:00:00,LONG,0.44,0.44,tp,0.004,1,0.8478,2
2022-06-14 02:00:00,SHORT,0.46,0.46,tp,0.004025,1,0.8278,2
2022-06-14 03:00:00,SHORT,0.48,0.48,tp,0.004025,1,0.8238,2
2022-06-14 04:00:00,LONG,0.47,0.47,tp,0.004,1,0.8549,2
2022-06-14 05:00:00,SHORT,0.49,0.49,tp,0.004025,1,0.8574,2
2022-06-14 06:00:00,SHORT,0.5,0.5,tp,0.004025,1,0.8243,2
2022-06-14 07:00:00,SHORT,0.52,0.51,tp,0.004025,1,0.8848,2
2022-06-14 08:00:00,LONG,0.5,0.5,sl,-0.004,0,0.8288,2
2022-06-14 09:00:00,LONG,0.49,0.5,tp,0.004,1,0.8764,2
2022-06-14 10:00:00,LONG,0.49,0.49,tp,0.004,1,0.8193,2
2022-06-14 11:00:00,SHORT,0.49,0.49,tp,0.004025,1,0.7577,2
2022-06-14 12:00:00,SHORT,0.5,0.5,tp,0.004025,1,0.7779,2
2022-06-14 13:00:00,SHORT,0.51,0.5,tp,0.004025,1,0.8147,2
2022-06-14 14:00:00,LONG,0.5,0.5,tp,0.004,1,0.8215,2
2022-06-14 15:00:00,SHORT,0.5,0.5,tp,0.004025,1,0.7969,2
2022-06-14 16:00:00,LONG,0.49,0.5,tp,0.004,1,0.8164,2
2022-06-14 17:00:00,LONG,0.49,0.49,tp,0.004,1,0.8671,2
2022-06-14 18:00:00,LONG,0.48,0.48,sl,-0.004,0,0.7488,2
2022-06-14 19:00:00,LONG,0.48,0.47,sl,-0.004,0,0.8548,2
2022-06-14 20:00:00,LONG,0.47,0.47,sl,-0.004,0,0.7637,2
2022-06-14 21:00:00,LONG,0.47,0.47,tp,0.004,1,0.8412,2
2022-06-14 22:00:00,SHORT,0.47,0.47,sl,-0.003991,0,0.7421,2
2022-06-14 23:00:00,SHORT,0.48,0.48,tp,0.004025,1,0.8538,2
2022-06-15 00:00:00,SHORT,0.48,0.48,sl,-0.003991,0,0.7329,2
2022-06-15 01:00:00,SHORT,0.49,0.48,tp,0.004025,1,0.8118,2
2022-06-15 02:00:00,LONG,0.48,0.48,sl,-0.004,0,0.7358,2
2022-06-15 03:00:00,LONG,0.47,0.46,sl,-0.004,0,0.8526,2
2022-06-15 04:00:00,LONG,0.46,0.46,sl,-0.004,0,0.7905,2
2022-06-15 05:00:00,LONG,0.46,0.46,tp,0.004,1,0.8216,2
2022-06-15 06:00:00,SHORT,0.47,0.46,tp,0.004025,1,0.7326,2
2022-06-15 07:00:00,LONG,0.46,0.46,tp,0.004,1,0.8222,2
2022-06-15 08:00:00,LONG,0.46,0.46,tp,0.004,1,0.8168,2
2022-06-15 09:00:00,SHORT,0.46,0.46,tp,0.004025,1,0.7466,2
2022-06-15 10:00:00,SHORT,0.47,0.47,tp,0.004025,1,0.7654,2
2022-06-15 11:00:00,SHORT,0.48,0.48,tp,0.004025,1,0.8431,2
2022-06-15 12:00:00,LONG,0.47,0.48,tp,0.004,1,0.8492,2
2022-06-15 13:00:00,SHORT,0.48,0.48,tp,0.004025,1,0.7502,2
2022-06-15 14:00:00,LONG,0.47,0.47,tp,0.004,1,0.8698,2
2022-06-15 15:00:00,LONG,0.47,0.48,tp,0.004,1,0.7082,2
2022-06-15 16:00:00,LONG,0.48,0.48,tp,0.004,1,0.7692,2
2022-06-15 17:00:00,SHORT,0.49,0.49,tp,0.004025,1,0.8042,2
2022-06-15 18:00:00,SHORT,0.5,0.5,sl,-0.003991,0,0.8547,2
2022-06-15 19:00:00,SHORT,0.51,0.51,tp,0.004025,1,0.8143,2
2022-06-15 20:00:00,SHORT,0.51,0.51,sl,-0.003991,0,0.7646,2
2022-06-15 21:00:00,SHORT,0.53,0.53,sl,-0.003991,0,0.8341,2
2022-06-15 22:00:00,LONG,0.53,0.53,tp,0.004,1,0.7805,2
2022-06-15 23:00:00,SHORT,0.53,0.53,tp,0.004025,1,0.7485,2
2022-06-16 00:00:00,LONG,0.54,0.54,tp,0.004,1,0.6784,2
2022-06-16 01:00:00,LONG,0.52,0.53,tp,0.004,1,0.8802,2
2022-06-16 02:00:00,LONG,0.53,0.53,tp,0.004,1,0.6701,2
2022-06-16 03:00:00,LONG,0.52,0.52,tp,0.004,1,0.8458,2
2022-06-16 04:00:00,LONG,0.52,0.52,tp,0.004,1,0.6965,2
2022-06-16 05:00:00,LONG,0.51,0.51,sl,-0.004,0,0.7072,2
2022-06-16 06:00:00,SHORT,0.51,0.51,tp,0.004025,1,0.7015,2
2022-06-16 07:00:00,LONG,0.5,0.5,sl,-0.004,0,0.7455,2
2022-06-16 08:00:00,SHORT,0.5,0.5,tp,0.004025,1,0.7104,2
2022-06-16 09:00:00,LONG,0.5,0.49,sl,-0.004,0,0.8146,2
2022-06-16 10:00:00,LONG,0.49,0.49,tp,0.004,1,0.7352,2
2022-06-16 11:00:00,SHORT,0.49,0.49,tp,0.004025,1,0.7231,2
2022-06-16 12:00:00,LONG,0.49,0.49,tp,0.004,1,0.759,2
2022-06-16 13:00:00,LONG,0.49,0.49,tp,0.004,1,0.8356,2
2022-06-16 14:00:00,SHORT,0.49,0.49,sl,-0.003991,0,0.7721,2
2022-06-16 15:00:00,SHORT,0.49,0.49,tp,0.004025,1,0.7636,2
2022-06-16 16:00:00,SHORT,0.5,0.5,tp,0.004025,1,0.7517,2
2022-06-16 17:00:00,SHORT,0.5,0.5,sl,-0.003991,0,0.722,2
2022-06-16 18:00:00,SHORT,0.5,0.49,tp,0.004025,1,0.6609,2
2022-06-16 19:00:00,LONG,0.49,0.49,tp,0.004,1,0.8416,2
2022-06-16 20:00:00,LONG,0.49,0.49,tp,0.004,1,0.6935,2
2022-06-16 21:00:00,LONG,0.49,0.49,sl,-0.004,0,0.7088,2
2022-06-16 22:00:00,LONG,0.47,0.48,tp,0.004,1,0.8295,2
2022-06-16 23:00:00,SHORT,0.48,0.47,tp,0.004025,1,0.777,2
2022-06-17 00:00:00,SHORT,0.48,0.48,sl,-0.003991,0,0.6852,2
2022-06-17 01:00:00,SHORT,0.49,0.49,tp,0.004025,1,0.8274,2
2022-06-17 02:00:00,LONG,0.49,0.49,tp,0.004,1,0.7294,2
2022-06-17 03:00:00,LONG,0.48,0.49,tp,0.004,1,0.7553,2
2022-06-17 04:00:00,SHORT,0.49,0.49,sl,-0.003991,0,0.7069,2
2022-06-17 05:00:00,LONG,0.49,0.5,tp,0.004,1,0.6812,2
2022-06-17 06:00:00,SHORT,0.5,0.5,tp,0.004025,1,0.6909,2
2022-06-17 07:00:00,LONG,0.5,0.5,tp,0.004,1,0.6582,2
2022-06-17 09:00:00,LONG,0.49,0.49,tp,0.004,1,0.7641,2
2022-06-17 10:00:00,SHORT,0.5,0.49,tp,0.004025,1,0.6597,2
2022-06-17 11:00:00,LONG,0.49,0.49,sl,-0.004,0,0.6715,2
2022-06-17 12:00:00,LONG,0.49,0.49,tp,0.004,1,0.7534,2
2022-06-17 13:00:00,SHORT,0.49,0.49,tp,0.004025,1,0.6657,2
2022-06-17 14:00:00,SHORT,0.49,0.49,sl,-0.003991,0,0.7314,2
2022-06-17 16:00:00,LONG,0.48,0.49,tp,0.004,1,0.7454,2
2022-06-17 23:00:00,LONG,0.49,0.49,tp,0.004,1,0.6802,2
2022-06-18 06:00:00,SHORT,0.47,0.46,tp,0.004025,1,0.7917,2
2022-06-18 07:00:00,SHORT,0.46,0.46,tp,0.004025,1,0.7931,2
2022-06-18 08:00:00,SHORT,0.46,0.46,sl,-0.003991,0,0.7979,2
2022-06-18 09:00:00,SHORT,0.46,0.47,sl,-0.003991,0,0.7865,2
2022-06-18 10:00:00,LONG,0.47,0.47,tp,0.004,1,0.7546,2
2022-06-18 11:00:00,LONG,0.47,0.47,sl,-0.004,0,0.7772,2
2022-06-18 12:00:00,LONG,0.46,0.47,tp,0.004,1,0.7314,2
2022-06-18 13:00:00,LONG,0.47,0.47,tp,0.004,1,0.7115,2
2022-06-18 14:00:00,LONG,0.46,0.46,sl,-0.004,0,0.849,2
2022-06-18 15:00:00,LONG,0.46,0.46,tp,0.004,1,0.7579,2
2022-06-18 16:00:00,LONG,0.46,0.46,tp,0.004,1,0.727,2
2022-06-18 17:00:00,LONG,0.45,0.45,sl,-0.004,0,0.7404,2
2022-06-18 18:00:00,LONG,0.44,0.44,sl,-0.004,0,0.8245,2
2022-06-18 19:00:00,LONG,0.43,0.44,tp,0.004,1,0.9068,2
2022-06-18 20:00:00,SHORT,0.43,0.44,sl,-0.003991,0,0.7559,2
2022-06-18 21:00:00,SHORT,0.45,0.45,tp,0.004025,1,0.8563,2
2022-06-18 22:00:00,SHORT,0.46,0.46,tp,0.004025,1,0.8418,2
2022-06-18 23:00:00,LONG,0.46,0.46,tp,0.004,1,0.8462,2
2022-06-19 00:00:00,LONG,0.45,0.45,sl,-0.004,0,0.841,2
2022-06-19 01:00:00,LONG,0.44,0.44,sl,-0.004,0,0.8974,2
2022-06-19 02:00:00,LONG,0.44,0.44,tp,0.004,1,0.7814,2
2022-06-19 03:00:00,LONG,0.44,0.44,tp,0.004,1,0.8081,2
2022-06-19 04:00:00,LONG,0.45,0.45,tp,0.004,1,0.7097,2
2022-06-19 05:00:00,LONG,0.44,0.44,tp,0.004,1,0.8314,2
2022-06-19 06:00:00,LONG,0.44,0.44,tp,0.004,1,0.7935,2
2022-06-19 07:00:00,LONG,0.45,0.45,tp,0.004,1,0.8217,2
2022-06-19 08:00:00,LONG,0.45,0.46,tp,0.004,1,0.7326,2
2022-06-19 09:00:00,LONG,0.45,0.46,tp,0.004,1,0.7968,2
2022-06-19 10:00:00,SHORT,0.47,0.47,tp,0.004025,1,0.8565,2
2022-06-19 11:00:00,LONG,0.47,0.47,tp,0.004,1,0.8001,2
2022-06-19 12:00:00,LONG,0.46,0.46,tp,0.004,1,0.8438,2
2022-06-19 13:00:00,LONG,0.46,0.46,tp,0.004,1,0.8293,2
2022-06-19 14:00:00,LONG,0.46,0.47,tp,0.004,1,0.7313,2
2022-06-19 15:00:00,SHORT,0.47,0.47,tp,0.004025,1,0.8513,2
2022-06-19 16:00:00,LONG,0.46,0.46,sl,-0.004,0,0.832,2
2022-06-19 17:00:00,LONG,0.46,0.46,tp,0.004,1,0.7106,2
2022-06-19 18:00:00,SHORT,0.47,0.47,tp,0.004025,1,0.8582,2
2022-06-19 19:00:00,SHORT,0.47,0.47,sl,-0.003991,0,0.7879,2
2022-06-19 20:00:00,SHORT,0.48,0.48,tp,0.004025,1,0.8921,2
2022-06-19 21:00:00,LONG,0.48,0.48,tp,0.004,1,0.7611,2
2022-06-19 22:00:00,SHORT,0.49,0.48,tp,0.004025,1,0.8269,2
2022-06-19 23:00:00,SHORT,0.48,0.48,tp,0.004025,1,0.7163,2
2022-06-20 00:00:00,LONG,0.47,0.47,tp,0.004,1,0.8514,2
2022-06-20 01:00:00,LONG,0.47,0.47,tp,0.004,1,0.7768,2
2022-06-20 02:00:00,SHORT,0.47,0.47,tp,0.004025,1,0.7162,2
2022-06-20 03:00:00,SHORT,0.47,0.47,tp,0.004025,1,0.6937,2
2022-06-20 04:00:00,LONG,0.46,0.47,tp,0.004,1,0.7191,2
2022-06-20 05:00:00,SHORT,0.47,0.47,tp,0.004025,1,0.6993,2
2022-06-20 07:00:00,LONG,0.47,0.47,tp,0.004,1,0.6669,2
2022-06-20 08:00:00,SHORT,0.48,0.48,sl,-0.003991,0,0.7855,2
2022-06-20 09:00:00,SHORT,0.49,0.49,sl,-0.003991,0,0.8619,2
2022-06-20 10:00:00,SHORT,0.5,0.5,tp,0.004025,1,0.8567,2
2022-06-20 11:00:00,SHORT,0.5,0.5,tp,0.004025,1,0.7794,2
2022-06-20 12:00:00,LONG,0.5,0.5,tp,0.004,1,0.7681,2
2022-06-20 13:00:00,LONG,0.49,0.5,tp,0.004,1,0.7883,2
2022-06-20 14:00:00,SHORT,0.5,0.5,tp,0.004025,1,0.8196,2
2022-06-20 15:00:00,LONG,0.5,0.5,sl,-0.004,0,0.7307,2
2022-06-20 16:00:00,LONG,0.49,0.49,tp,0.004,1,0.7908,2
2022-06-20 17:00:00,LONG,0.48,0.48,tp,0.004,1,0.8601,2
2022-06-20 18:00:00,SHORT,0.48,0.48,tp,0.004025,1,0.687,2
2022-06-20 19:00:00,SHORT,0.49,0.48,tp,0.004025,1,0.6771,2
2022-06-20 20:00:00,SHORT,0.49,0.49,tp,0.004025,1,0.7435,2
2022-06-20 21:00:00,LONG,0.49,0.49,tp,0.004,1,0.787,2
2022-06-20 22:00:00,SHORT,0.49,0.49,tp,0.004025,1,0.7062,2
2022-06-20 23:00:00,SHORT,0.49,0.49,tp,0.004025,1,0.7356,2
2022-06-21 00:00:00,SHORT,0.49,0.49,tp,0.004025,1,0.707,2
2022-06-21 01:00:00,SHORT,0.49,0.49,tp,0.004025,1,0.6789,2
2022-06-21 02:00:00,SHORT,0.49,0.49,sl,-0.003991,0,0.7032,2
2022-06-21 03:00:00,SHORT,0.49,0.49,tp,0.004025,1,0.6842,2
2022-06-21 04:00:00,SHORT,0.49,0.49,sl,-0.003991,0,0.658,2
2022-06-21 07:00:00,SHORT,0.49,0.5,sl,-0.003991,0,0.6758,2
2022-06-21 08:00:00,SHORT,0.5,0.5,tp,0.004025,1,0.7029,2
2022-06-21 10:00:00,SHORT,0.51,0.5,tp,0.004025,1,0.6903,2
2022-06-21 11:00:00,LONG,0.5,0.5,tp,0.004,1,0.832,2
2022-06-21 12:00:00,SHORT,0.5,0.5,tp,0.004025,1,0.6861,2
2022-06-21 13:00:00,SHORT,0.51,0.51,tp,0.004025,1,0.8288,2
2022-06-21 14:00:00,SHORT,0.51,0.5,tp,0.004025,1,0.7039,2
2022-06-21 15:00:00,LONG,0.5,0.5,tp,0.004,1,0.7011,2
2022-06-21 17:00:00,LONG,0.49,0.49,sl,-0.004,0,0.7841,2
2022-06-21 18:00:00,SHORT,0.49,0.49,tp,0.004025,1,0.6612,2
2022-06-21 19:00:00,LONG,0.48,0.48,tp,0.004,1,0.8762,2
2022-06-21 20:00:00,LONG,0.48,0.48,sl,-0.004,0,0.7029,2
2022-06-21 21:00:00,SHORT,0.48,0.48,tp,0.004025,1,0.6562,2
2022-06-21 22:00:00,SHORT,0.48,0.48,tp,0.004025,1,0.7061,2
2022-06-21 23:00:00,SHORT,0.48,0.48,tp,0.004025,1,0.7548,2
2022-06-22 00:00:00,LONG,0.47,0.48,tp,0.004,1,0.7528,2
2022-06-22 01:00:00,LONG,0.47,0.47,tp,0.004,1,0.8439,2
2022-06-22 02:00:00,LONG,0.47,0.47,tp,0.004,1,0.7209,2
2022-06-22 03:00:00,LONG,0.46,0.47,tp,0.004,1,0.6884,2
2022-06-22 05:00:00,LONG,0.47,0.47,tp,0.004,1,0.7746,2
2022-06-22 06:00:00,LONG,0.47,0.47,tp,0.004,1,0.7533,2
2022-06-22 07:00:00,LONG,0.46,0.46,tp,0.004,1,0.7337,2
2022-06-22 09:00:00,LONG,0.47,0.47,tp,0.004,1,0.6907,2
2022-06-22 10:00:00,LONG,0.47,0.47,tp,0.004,1,0.694,2
2022-06-22 11:00:00,LONG,0.47,0.47,sl,-0.004,0,0.6641,2
2022-06-22 12:00:00,LONG,0.47,0.47,tp,0.004,1,0.6653,2
2022-06-22 14:00:00,LONG,0.47,0.47,sl,-0.004,0,0.7742,2
2022-06-22 15:00:00,LONG,0.47,0.47,tp,0.004,1,0.7907,2
2022-06-22 17:00:00,LONG,0.47,0.47,tp,0.004,1,0.6576,2
2022-06-22 20:00:00,LONG,0.46,0.46,sl,-0.004,0,0.7184,2
2022-06-22 21:00:00,LONG,0.46,0.46,sl,-0.004,0,0.6551,2
2022-06-22 23:00:00,SHORT,0.46,0.46,tp,0.004025,1,0.7052,2
2022-06-23 13:00:00,SHORT,0.47,0.47,sl,-0.003991,0,0.6501,2
2022-06-23 19:00:00,SHORT,0.47,0.48,sl,-0.003991,0,0.6597,2
2022-06-24 01:00:00,LONG,0.49,0.5,tp,0.004,1,0.7124,2
2022-06-24 19:00:00,SHORT,0.5,0.5,sl,-0.003991,0,0.693,2
2022-06-25 11:00:00,LONG,0.5,0.5,sl,-0.004,0,0.6565,2
2022-06-25 12:00:00,LONG,0.49,0.49,tp,0.004,1,0.7797,2
2022-06-25 13:00:00,LONG,0.49,0.49,sl,-0.004,0,0.7015,2
2022-06-25 15:00:00,LONG,0.48,0.48,tp,0.004,1,0.7928,2
2022-06-26 06:00:00,LONG,0.52,0.53,tp,0.004,1,0.7283,2
2022-06-26 09:00:00,LONG,0.51,0.52,tp,0.004,1,0.7243,2
2022-06-26 12:00:00,LONG,0.51,0.51,sl,-0.004,0,0.8015,2
2022-06-26 22:00:00,LONG,0.49,0.49,sl,-0.004,0,0.7594,2
2022-06-26 23:00:00,LONG,0.49,0.49,tp,0.004,1,0.7282,2
2022-06-28 15:00:00,LONG,0.48,0.48,tp,0.004,1,0.7972,2
2022-06-28 22:00:00,LONG,0.47,0.47,sl,-0.004,0,0.6969,2
2022-06-28 23:00:00,LONG,0.47,0.47,tp,0.004,1,0.6704,2
2022-06-29 12:00:00,LONG,0.46,0.47,tp,0.004,1,0.6954,2
2022-06-30 06:00:00,LONG,0.45,0.45,tp,0.004,1,0.7985,2
2022-06-30 07:00:00,LONG,0.45,0.45,sl,-0.004,0,0.7519,2
2022-06-30 08:00:00,LONG,0.45,0.45,sl,-0.004,0,0.7225,2
2022-06-30 09:00:00,LONG,0.45,0.44,sl,-0.004,0,0.7527,2
2022-06-30 10:00:00,LONG,0.44,0.44,tp,0.004,1,0.7477,2
2022-06-30 11:00:00,LONG,0.44,0.44,tp,0.004,1,0.7566,2
2022-07-01 00:00:00,LONG,0.47,0.47,tp,0.004,1,0.7487,3
2022-07-01 03:00:00,LONG,0.46,0.45,sl,-0.004,0,0.7769,3
2022-07-01 10:00:00,LONG,0.45,0.44,sl,-0.004,0,0.7711,3
2022-07-04 11:00:00,LONG,0.47,0.47,tp,0.004,1,0.7707,3
2022-07-04 12:00:00,LONG,0.47,0.47,sl,-0.004,0,0.7131,3
2022-07-04 13:00:00,LONG,0.46,0.46,tp,0.004,1,0.689,3
2022-07-04 15:00:00,LONG,0.45,0.46,tp,0.004,1,0.7526,3
2022-07-08 08:00:00,LONG,0.47,0.47,sl,-0.004,0,0.6686,3
2022-07-10 14:00:00,LONG,0.46,0.46,tp,0.004,1,0.7404,3
2022-07-11 23:00:00,SHORT,0.43,0.44,sl,-0.003991,0,0.7116,3
2022-07-12 09:00:00,LONG,0.43,0.43,tp,0.004,1,0.6708,3
2022-07-12 21:00:00,LONG,0.42,0.42,sl,-0.004,0,0.6556,3
2022-07-12 23:00:00,SHORT,0.42,0.42,sl,-0.003991,0,0.7043,3
2022-07-13 12:00:00,SHORT,0.41,0.41,tp,0.004025,1,0.8387,3
2022-07-13 13:00:00,SHORT,0.41,0.41,sl,-0.003991,0,0.7572,3
2022-07-13 14:00:00,SHORT,0.42,0.42,tp,0.004025,1,0.7226,3
2022-07-13 15:00:00,LONG,0.42,0.42,tp,0.004,1,0.6943,3
2022-07-13 16:00:00,SHORT,0.42,0.42,sl,-0.003991,0,0.665,3
2022-07-13 23:00:00,LONG,0.44,0.44,sl,-0.004,0,0.7365,3
2022-07-14 08:00:00,LONG,0.42,0.42,sl,-0.004,0,0.6618,3
2022-07-14 15:00:00,SHORT,0.43,0.43,tp,0.004025,1,0.6606,3
2022-07-14 17:00:00,LONG,0.44,0.44,tp,0.004,1,0.6531,3
2022-07-15 02:00:00,LONG,0.44,0.44,tp,0.004,1,0.6762,3
2022-07-16 16:00:00,LONG,0.46,0.46,sl,-0.004,0,0.6705,3
2022-07-17 06:00:00,SHORT,0.47,0.46,tp,0.004025,1,0.6631,3
2022-07-18 05:00:00,SHORT,0.47,0.47,sl,-0.003991,0,0.7102,3
2022-07-18 10:00:00,SHORT,0.49,0.49,tp,0.004025,1,0.7518,3
2022-07-18 11:00:00,SHORT,0.49,0.49,tp,0.004025,1,0.6628,3
2022-07-18 16:00:00,LONG,0.49,0.49,sl,-0.004,0,0.7227,3
2022-07-18 17:00:00,LONG,0.48,0.48,tp,0.004,1,0.7649,3
2022-07-18 23:00:00,SHORT,0.49,0.49,tp,0.004025,1,0.727,3
2022-07-19 00:00:00,SHORT,0.49,0.49,tp,0.004025,1,0.7015,3
2022-07-19 01:00:00,LONG,0.48,0.48,sl,-0.004,0,0.6794,3
2022-07-19 03:00:00,LONG,0.48,0.48,tp,0.004,1,0.6575,3
2022-07-19 12:00:00,SHORT,0.5,0.5,tp,0.004025,1,0.718,3
2022-07-19 13:00:00,LONG,0.5,0.5,sl,-0.004,0,0.7103,3
2022-07-19 14:00:00,SHORT,0.5,0.5,tp,0.004025,1,0.681,3
2022-07-19 15:00:00,LONG,0.5,0.51,tp,0.004,1,0.6819,3
2022-07-19 16:00:00,SHORT,0.51,0.51,tp,0.004025,1,0.6835,3
2022-07-19 18:00:00,SHORT,0.51,0.51,tp,0.004025,1,0.6516,3
2022-07-19 19:00:00,LONG,0.51,0.51,tp,0.004,1,0.7441,3
2022-07-19 20:00:00,SHORT,0.52,0.52,sl,-0.003991,0,0.7824,3
2022-07-19 21:00:00,SHORT,0.52,0.52,tp,0.004025,1,0.6667,3
2022-07-19 22:00:00,LONG,0.52,0.52,tp,0.004,1,0.6717,3
2022-07-19 23:00:00,LONG,0.52,0.51,sl,-0.004,0,0.7337,3
2022-07-20 01:00:00,SHORT,0.53,0.52,tp,0.004025,1,0.7518,3
2022-07-20 02:00:00,SHORT,0.52,0.52,sl,-0.003991,0,0.6576,3
2022-07-20 03:00:00,SHORT,0.53,0.53,sl,-0.003991,0,0.68,3
2022-07-20 05:00:00,SHORT,0.53,0.53,sl,-0.003991,0,0.6698,3
2022-07-20 06:00:00,SHORT,0.54,0.54,tp,0.004025,1,0.8248,3
2022-07-20 07:00:00,LONG,0.53,0.53,tp,0.004,1,0.7903,3
2022-07-20 08:00:00,LONG,0.52,0.53,tp,0.004,1,0.6809,3
2022-07-20 10:00:00,SHORT,0.53,0.53,tp,0.004025,1,0.7088,3
2022-07-20 11:00:00,SHORT,0.53,0.52,tp,0.004025,1,0.6644,3
2022-07-20 12:00:00,SHORT,0.52,0.52,tp,0.004025,1,0.6563,3
2022-07-20 13:00:00,LONG,0.52,0.52,tp,0.004,1,0.6957,3
2022-07-20 14:00:00,SHORT,0.53,0.53,tp,0.004025,1,0.7052,3
2022-07-20 15:00:00,SHORT,0.53,0.52,tp,0.004025,1,0.6691,3
2022-07-20 16:00:00,LONG,0.51,0.51,sl,-0.004,0,0.7655,3
2022-07-20 17:00:00,SHORT,0.51,0.51,sl,-0.003991,0,0.7112,3
2022-07-20 18:00:00,LONG,0.51,0.51,tp,0.004,1,0.6946,3
2022-07-20 20:00:00,LONG,0.49,0.5,tp,0.004,1,0.8144,3
2022-07-20 21:00:00,SHORT,0.5,0.5,tp,0.004025,1,0.7657,3
2022-07-20 22:00:00,LONG,0.49,0.49,sl,-0.004,0,0.7629,3
2022-07-20 23:00:00,SHORT,0.49,0.49,tp,0.004025,1,0.7641,3
2022-07-21 01:00:00,LONG,0.49,0.49,sl,-0.004,0,0.6731,3
2022-07-21 02:00:00,LONG,0.48,0.48,tp,0.004,1,0.8064,3
2022-07-21 03:00:00,LONG,0.48,0.48,tp,0.004,1,0.6907,3
2022-07-21 06:00:00,LONG,0.49,0.49,tp,0.004,1,0.6803,3
2022-07-21 07:00:00,LONG,0.49,0.49,sl,-0.004,0,0.6742,3
2022-07-21 10:00:00,LONG,0.48,0.48,sl,-0.004,0,0.7574,3
2022-07-21 11:00:00,LONG,0.48,0.49,tp,0.004,1,0.7041,3
2022-07-21 12:00:00,LONG,0.49,0.49,sl,-0.004,0,0.6719,3
2022-07-21 14:00:00,LONG,0.48,0.48,tp,0.004,1,0.6836,3
2022-07-21 15:00:00,LONG,0.48,0.49,tp,0.004,1,0.6754,3
2022-07-21 16:00:00,SHORT,0.49,0.49,tp,0.004025,1,0.7089,3
2022-07-22 11:00:00,SHORT,0.51,0.51,tp,0.004025,1,0.6678,3
2022-07-22 15:00:00,SHORT,0.49,0.49,tp,0.004025,1,0.6543,3
2022-07-22 19:00:00,LONG,0.48,0.48,sl,-0.004,0,0.721,3
2022-07-23 11:00:00,LONG,0.48,0.48,tp,0.004,1,0.6911,3
2022-07-23 20:00:00,SHORT,0.5,0.49,tp,0.004025,1,0.7523,3
2022-07-23 21:00:00,SHORT,0.51,0.5,tp,0.004025,1,0.7237,3
2022-07-23 22:00:00,SHORT,0.51,0.51,sl,-0.003991,0,0.6759,3
2022-07-23 23:00:00,SHORT,0.52,0.52,sl,-0.003991,0,0.7351,3
2022-07-24 10:00:00,SHORT,0.53,0.53,sl,-0.003991,0,0.6627,3
2022-07-24 11:00:00,SHORT,0.53,0.52,tp,0.004025,1,0.6711,3
2022-07-24 23:00:00,LONG,0.51,0.51,tp,0.004,1,0.6566,3
2022-07-25 00:00:00,LONG,0.5,0.5,sl,-0.004,0,0.7311,3
2022-07-25 23:00:00,LONG,0.48,0.47,sl,-0.004,0,0.7589,3
2022-07-26 00:00:00,LONG,0.47,0.47,tp,0.004,1,0.7481,3
2022-07-26 12:00:00,LONG,0.46,0.46,sl,-0.004,0,0.7025,3
2022-07-26 15:00:00,LONG,0.45,0.45,tp,0.004,1,0.6782,3
2022-07-26 17:00:00,LONG,0.46,0.46,sl,-0.004,0,0.6508,3
2022-07-26 23:00:00,SHORT,0.47,0.47,tp,0.004025,1,0.6773,3
2022-07-27 18:00:00,SHORT,0.49,0.49,sl,-0.003991,0,0.7828,3
2022-07-27 19:00:00,SHORT,0.5,0.5,sl,-0.003991,0,0.7802,3
2022-07-27 20:00:00,LONG,0.5,0.51,tp,0.004,1,0.716,3
2022-07-27 23:00:00,SHORT,0.51,0.51,tp,0.004025,1,0.7905,3
2022-07-28 02:00:00,SHORT,0.52,0.51,tp,0.004025,1,0.6659,3
2022-07-28 03:00:00,LONG,0.51,0.51,sl,-0.004,0,0.6799,3
2022-07-28 07:00:00,LONG,0.5,0.5,tp,0.004,1,0.6976,3
2022-07-28 12:00:00,SHORT,0.5,0.5,tp,0.004025,1,0.674,3
2022-07-28 13:00:00,LONG,0.49,0.5,tp,0.004,1,0.6657,3
2022-07-28 14:00:00,SHORT,0.5,0.5,sl,-0.003991,0,0.6689,3
2022-07-28 15:00:00,SHORT,0.51,0.51,tp,0.004025,1,0.7781,3
2022-07-28 16:00:00,SHORT,0.51,0.51,sl,-0.003991,0,0.6962,3
2022-07-28 17:00:00,SHORT,0.52,0.51,tp,0.004025,1,0.7427,3
2022-07-29 00:00:00,SHORT,0.52,0.52,tp,0.004025,1,0.7465,3
2022-07-29 03:00:00,SHORT,0.53,0.53,sl,-0.003991,0,0.8153,3
2022-07-29 04:00:00,SHORT,0.53,0.53,tp,0.004025,1,0.6614,3
2022-07-29 05:00:00,SHORT,0.53,0.53,tp,0.004025,1,0.7291,3
2022-07-29 06:00:00,LONG,0.52,0.53,tp,0.004,1,0.7947,3
2022-07-29 08:00:00,SHORT,0.53,0.53,sl,-0.003991,0,0.6626,3
2022-07-29 09:00:00,SHORT,0.54,0.53,tp,0.004025,1,0.7912,3
2022-07-29 10:00:00,SHORT,0.54,0.54,tp,0.004025,1,0.767,3
2022-07-29 11:00:00,LONG,0.52,0.52,sl,-0.004,0,0.8115,3
2022-07-29 12:00:00,SHORT,0.52,0.52,sl,-0.003991,0,0.8001,3
2022-07-29 13:00:00,SHORT,0.52,0.53,sl,-0.003991,0,0.7869,3
2022-07-29 14:00:00,SHORT,0.53,0.53,tp,0.004025,1,0.7743,3
2022-07-29 15:00:00,SHORT,0.53,0.52,tp,0.004025,1,0.6914,3
2022-07-29 16:00:00,SHORT,0.52,0.52,tp,0.004025,1,0.6957,3
2022-07-29 22:00:00,SHORT,0.53,0.53,tp,0.004025,1,0.6766,3
2022-07-29 23:00:00,LONG,0.52,0.52,tp,0.004,1,0.7697,3
2022-07-30 04:00:00,LONG,0.51,0.51,tp,0.004,1,0.7116,3
2022-07-30 12:00:00,SHORT,0.53,0.53,sl,-0.003991,0,0.7033,3
2022-07-30 13:00:00,SHORT,0.54,0.54,sl,-0.003991,0,0.7434,3
2022-07-30 14:00:00,SHORT,0.54,0.54,sl,-0.003991,0,0.7174,3
2022-07-30 15:00:00,SHORT,0.55,0.54,tp,0.004025,1,0.6981,3
2022-07-30 19:00:00,LONG,0.53,0.53,tp,0.004,1,0.7708,3
2022-07-30 22:00:00,LONG,0.53,0.53,sl,-0.004,0,0.6541,3
2022-07-31 23:00:00,SHORT,0.52,0.52,sl,-0.003991,0,0.6941,3
2022-08-01 10:00:00,LONG,0.51,0.51,tp,0.004,1,0.6803,3
2022-08-01 17:00:00,LONG,0.5,0.5,tp,0.004,1,0.7016,3
2022-08-02 03:00:00,LONG,0.49,0.49,tp,0.004,1,0.7332,3
2022-08-03 10:00:00,SHORT,0.51,0.51,sl,-0.003991,0,0.6648,3
2022-08-09 09:00:00,LONG,0.52,0.52,sl,-0.004,0,0.6578,3
2022-08-10 12:00:00,LONG,0.53,0.54,tp,0.004,1,0.7702,3
2022-08-13 08:00:00,LONG,0.56,0.56,tp,0.004,1,0.6509,3
2022-08-14 00:00:00,SHORT,0.58,0.58,tp,0.004025,1,0.7229,3
2022-08-14 01:00:00,SHORT,0.58,0.59,sl,-0.003991,0,0.6624,3
2022-08-14 02:00:00,SHORT,0.59,0.59,sl,-0.003991,0,0.6909,3
2022-08-14 03:00:00,SHORT,0.59,0.59,tp,0.004025,1,0.6966,3
2022-08-14 16:00:00,LONG,0.57,0.57,tp,0.004,1,0.7063,3
2022-08-15 06:00:00,LONG,0.55,0.55,sl,-0.004,0,0.7104,3
2022-08-15 07:00:00,LONG,0.55,0.55,sl,-0.004,0,0.6537,3
2022-08-15 08:00:00,LONG,0.55,0.55,sl,-0.004,0,0.6525,3
2022-08-17 03:00:00,LONG,0.58,0.58,tp,0.004,1,0.6939,3
2022-08-17 07:00:00,LONG,0.56,0.56,tp,0.004,1,0.7871,3
2022-08-17 10:00:00,LONG,0.55,0.56,tp,0.004,1,0.6613,3
2022-08-17 12:00:00,SHORT,0.54,0.54,tp,0.004025,1,0.7323,3
2022-08-17 13:00:00,LONG,0.53,0.53,sl,-0.004,0,0.7722,3
2022-08-17 14:00:00,LONG,0.53,0.54,tp,0.004,1,0.6693,3
2022-08-18 23:00:00,LONG,0.51,0.51,sl,-0.004,0,0.7476,3
2022-08-19 00:00:00,LONG,0.5,0.5,sl,-0.004,0,0.7829,3
2022-08-19 01:00:00,LONG,0.49,0.5,tp,0.004,1,0.7251,3
2022-08-19 02:00:00,LONG,0.49,0.49,sl,-0.004,0,0.6884,3
2022-08-19 03:00:00,LONG,0.49,0.49,sl,-0.004,0,0.6951,3
2022-08-19 06:00:00,LONG,0.47,0.47,tp,0.004,1,0.818,3
2022-08-19 07:00:00,LONG,0.48,0.47,sl,-0.004,0,0.6812,3
2022-08-19 08:00:00,LONG,0.47,0.47,tp,0.004,1,0.8101,3
2022-08-19 09:00:00,LONG,0.47,0.47,sl,-0.004,0,0.6946,3
2022-08-19 10:00:00,LONG,0.47,0.47,sl,-0.004,0,0.7209,3
2022-08-19 11:00:00,LONG,0.47,0.46,sl,-0.004,0,0.7424,3
2022-08-19 12:00:00,LONG,0.47,0.46,sl,-0.004,0,0.7474,3
2022-08-19 13:00:00,LONG,0.46,0.47,tp,0.004,1,0.7632,3
2022-08-19 14:00:00,LONG,0.47,0.47,sl,-0.004,0,0.7235,3
2022-08-19 15:00:00,LONG,0.47,0.47,tp,0.004,1,0.7047,3
2022-08-19 16:00:00,LONG,0.47,0.47,sl,-0.004,0,0.6616,3
2022-08-19 17:00:00,LONG,0.47,0.47,sl,-0.004,0,0.6878,3
2022-08-19 19:00:00,LONG,0.47,0.46,sl,-0.004,0,0.7114,3
2022-08-19 20:00:00,LONG,0.46,0.46,sl,-0.004,0,0.7331,3
2022-08-19 21:00:00,LONG,0.45,0.45,tp,0.004,1,0.8151,3
2022-08-19 22:00:00,LONG,0.45,0.45,sl,-0.004,0,0.7721,3
2022-08-19 23:00:00,LONG,0.45,0.45,tp,0.004,1,0.7562,3
2022-08-20 00:00:00,LONG,0.45,0.46,tp,0.004,1,0.7724,3
2022-08-20 01:00:00,LONG,0.46,0.46,tp,0.004,1,0.6995,3
2022-08-20 05:00:00,LONG,0.46,0.46,tp,0.004,1,0.6663,3
2022-08-20 16:00:00,LONG,0.45,0.45,sl,-0.004,0,0.6756,3
2022-08-20 18:00:00,LONG,0.44,0.44,sl,-0.004,0,0.7777,3
2022-08-20 19:00:00,LONG,0.44,0.44,tp,0.004,1,0.7091,3
2022-08-20 20:00:00,LONG,0.44,0.44,tp,0.004,1,0.7417,3
2022-08-20 21:00:00,LONG,0.45,0.45,sl,-0.004,0,0.6654,3
2022-08-23 05:00:00,LONG,0.45,0.45,tp,0.004,1,0.6925,3
2022-08-23 13:00:00,SHORT,0.46,0.46,tp,0.004025,1,0.6705,3
2022-08-26 06:00:00,LONG,0.48,0.48,tp,0.004,1,0.7108,3
2022-08-26 07:00:00,SHORT,0.48,0.48,tp,0.004025,1,0.7216,3
2022-08-26 12:00:00,LONG,0.48,0.48,tp,0.004,1,0.6632,3
2022-08-26 14:00:00,SHORT,0.47,0.47,tp,0.004025,1,0.6819,3
2022-08-26 15:00:00,SHORT,0.45,0.45,tp,0.004025,1,0.8478,3
2022-08-26 16:00:00,SHORT,0.45,0.45,tp,0.004025,1,0.8197,3
2022-08-26 17:00:00,LONG,0.44,0.44,sl,-0.004,0,0.7079,3
2022-08-26 18:00:00,SHORT,0.44,0.45,sl,-0.003991,0,0.7127,3
2022-08-26 19:00:00,LONG,0.44,0.45,tp,0.004,1,0.6549,3
2022-08-26 20:00:00,LONG,0.44,0.45,tp,0.004,1,0.6559,3
2022-08-26 22:00:00,LONG,0.44,0.44,sl,-0.004,0,0.6878,3
2022-08-26 23:00:00,LONG,0.43,0.43,sl,-0.004,0,0.8007,3
2022-08-27 04:00:00,LONG,0.43,0.43,sl,-0.004,0,0.6615,3
2022-08-27 05:00:00,LONG,0.43,0.43,tp,0.004,1,0.6766,3
2022-08-27 23:00:00,SHORT,0.45,0.45,tp,0.004025,1,0.6915,3
2022-08-28 23:00:00,LONG,0.43,0.43,sl,-0.004,0,0.6715,3
2022-08-30 16:00:00,LONG,0.44,0.44,tp,0.004,1,0.6763,3
2022-09-01 12:00:00,LONG,0.46,0.46,sl,-0.004,0,0.7341,3
2022-09-01 14:00:00,LONG,0.44,0.45,tp,0.004,1,0.7218,3
2022-09-03 04:00:00,LONG,0.48,0.48,sl,-0.004,0,0.7737,3
2022-09-03 05:00:00,LONG,0.47,0.47,sl,-0.004,0,0.6547,3
2022-09-03 13:00:00,SHORT,0.48,0.47,tp,0.004025,1,0.7152,3
2022-09-04 05:00:00,LONG,0.49,0.49,tp,0.004,1,0.68,3
2022-09-04 10:00:00,SHORT,0.5,0.5,sl,-0.003991,0,0.6519,3
2022-09-04 11:00:00,SHORT,0.51,0.5,tp,0.004025,1,0.6594,3
2022-09-04 13:00:00,LONG,0.5,0.5,tp,0.004,1,0.6852,3
2022-09-04 23:00:00,SHORT,0.5,0.5,tp,0.004025,1,0.6837,3
2022-09-06 17:00:00,SHORT,0.47,0.47,tp,0.004025,1,0.8008,3
2022-09-06 18:00:00,SHORT,0.47,0.47,tp,0.004025,1,0.7367,3
2022-09-06 23:00:00,SHORT,0.46,0.46,tp,0.004025,1,0.6939,3
2022-09-07 02:00:00,LONG,0.46,0.46,tp,0.004,1,0.688,3
2022-09-10 00:00:00,SHORT,0.5,0.51,sl,-0.003991,0,0.6548,3
2022-09-10 01:00:00,SHORT,0.52,0.52,sl,-0.003991,0,0.698,3
2022-09-10 02:00:00,SHORT,0.52,0.52,tp,0.004025,1,0.8265,3
2022-09-10 03:00:00,LONG,0.52,0.52,tp,0.004,1,0.6762,3
2022-09-10 04:00:00,LONG,0.51,0.51,tp,0.004,1,0.6873,3
2022-09-10 07:00:00,LONG,0.51,0.51,tp,0.004,1,0.7565,3
2022-09-13 12:00:00,SHORT,0.47,0.47,tp,0.004025,1,0.8178,3
2022-09-13 13:00:00,SHORT,0.47,0.47,tp,0.004025,1,0.7295,3
2022-09-13 14:00:00,SHORT,0.47,0.47,sl,-0.003991,0,0.784,3
2022-09-13 15:00:00,SHORT,0.47,0.47,sl,-0.003991,0,0.7605,3
2022-09-13 18:00:00,LONG,0.47,0.47,tp,0.004,1,0.7569,3
2022-09-13 20:00:00,LONG,0.47,0.47,sl,-0.004,0,0.7208,3
2022-09-14 13:00:00,SHORT,0.48,0.48,tp,0.004025,1,0.7295,3
2022-09-14 14:00:00,SHORT,0.48,0.48,tp,0.004025,1,0.6759,3
2022-09-16 23:00:00,SHORT,0.47,0.48,sl,-0.003991,0,0.7164,3
2022-09-18 09:00:00,LONG,0.48,0.48,tp,0.004,1,0.6577,3
2022-09-18 21:00:00,LONG,0.45,0.45,tp,0.004,1,0.7604,3
2022-09-18 22:00:00,SHORT,0.45,0.45,tp,0.004025,1,0.6629,3
2022-09-18 23:00:00,SHORT,0.45,0.45,tp,0.004025,1,0.711,3
2022-09-19 02:00:00,LONG,0.44,0.44,sl,-0.004,0,0.7999,3
2022-09-19 03:00:00,LONG,0.44,0.44,tp,0.004,1,0.6574,3
2022-09-21 00:00:00,LONG,0.46,0.46,tp,0.004,1,0.7719,3
2022-09-21 01:00:00,LONG,0.46,0.46,tp,0.004,1,0.7147,3
2022-09-21 05:00:00,LONG,0.45,0.45,sl,-0.004,0,0.659,3
2022-09-21 18:00:00,LONG,0.46,0.46,sl,-0.004,0,0.7045,3
2022-09-21 19:00:00,LONG,0.45,0.45,sl,-0.004,0,0.7645,3
2022-09-21 21:00:00,SHORT,0.43,0.43,sl,-0.003991,0,0.8493,3
2022-09-21 22:00:00,SHORT,0.43,0.44,sl,-0.003991,0,0.7226,3
2022-09-21 23:00:00,SHORT,0.44,0.44,tp,0.004025,1,0.7037,3
2022-09-22 13:00:00,LONG,0.45,0.45,tp,0.004,1,0.6888,3
2022-09-23 03:00:00,LONG,0.48,0.48,sl,-0.004,0,0.7449,3
2022-09-23 04:00:00,LONG,0.47,0.47,tp,0.004,1,0.7403,3
2022-09-23 05:00:00,LONG,0.47,0.47,sl,-0.004,0,0.6577,3
2022-09-23 07:00:00,LONG,0.46,0.46,tp,0.004,1,0.7579,3
2022-09-23 13:00:00,LONG,0.45,0.45,tp,0.004,1,0.7454,3
2022-09-26 11:00:00,SHORT,0.44,0.44,tp,0.004025,1,0.6528,3
2022-09-27 16:00:00,SHORT,0.44,0.44,tp,0.004025,1,0.7281,3
2022-09-27 17:00:00,SHORT,0.44,0.44,sl,-0.003991,0,0.6716,3
2022-10-10 23:00:00,LONG,0.4,0.4,sl,-0.004,0,0.6534,4
2022-10-11 00:00:00,SHORT,0.39,0.39,sl,-0.003991,0,0.6802,4
2022-10-12 21:00:00,LONG,0.38,0.38,tp,0.004,1,0.6535,4
2022-10-13 06:00:00,LONG,0.37,0.37,sl,-0.004,0,0.737,4
2022-10-13 07:00:00,LONG,0.36,0.36,tp,0.004,1,0.7345,4
2022-10-13 08:00:00,LONG,0.36,0.36,sl,-0.004,0,0.6786,4
2022-10-13 09:00:00,LONG,0.36,0.36,sl,-0.004,0,0.7246,4
2022-10-13 10:00:00,LONG,0.36,0.36,tp,0.004,1,0.8226,4
2022-10-13 11:00:00,LONG,0.36,0.36,tp,0.004,1,0.6695,4
2022-10-13 12:00:00,LONG,0.36,0.37,tp,0.004,1,0.7193,4
2022-10-13 13:00:00,SHORT,0.37,0.36,tp,0.004025,1,0.6827,4
2022-10-13 15:00:00,SHORT,0.38,0.38,sl,-0.003991,0,0.7235,4
2022-10-13 19:00:00,LONG,0.38,0.38,tp,0.004,1,0.7211,4
2022-10-13 23:00:00,LONG,0.38,0.38,tp,0.004,1,0.6963,4
2022-10-14 01:00:00,SHORT,0.39,0.39,sl,-0.003991,0,0.6823,4
2022-10-14 02:00:00,SHORT,0.39,0.39,sl,-0.003991,0,0.6854,4
2022-10-14 21:00:00,LONG,0.36,0.36,tp,0.004,1,0.7146,4
2022-10-16 19:00:00,LONG,0.37,0.37,sl,-0.004,0,0.7629,4
2022-10-20 20:00:00,LONG,0.34,0.34,tp,0.004,1,0.6666,4
2022-10-21 11:00:00,LONG,0.33,0.34,tp,0.004,1,0.657,4
2022-10-25 13:00:00,LONG,0.37,0.37,tp,0.004,1,0.6752,4
2022-10-25 16:00:00,LONG,0.39,0.39,tp,0.004,1,0.6603,4
2022-10-25 17:00:00,SHORT,0.41,0.41,tp,0.004025,1,0.7973,4
2022-10-25 18:00:00,LONG,0.41,0.41,tp,0.004,1,0.7263,4
2022-10-25 19:00:00,SHORT,0.41,0.41,tp,0.004025,1,0.7054,4
2022-10-25 20:00:00,LONG,0.41,0.41,tp,0.004,1,0.8079,4
2022-10-25 21:00:00,LONG,0.41,0.41,sl,-0.004,0,0.7038,4
2022-10-25 22:00:00,LONG,0.4,0.4,sl,-0.004,0,0.8361,4
2022-10-25 23:00:00,LONG,0.4,0.4,tp,0.004,1,0.8011,4
2022-10-26 00:00:00,LONG,0.4,0.4,sl,-0.004,0,0.702,4
2022-10-26 07:00:00,LONG,0.4,0.4,tp,0.004,1,0.6509,4
2022-10-26 10:00:00,SHORT,0.41,0.41,tp,0.004025,1,0.6615,4
2022-10-27 00:00:00,SHORT,0.41,0.41,tp,0.004025,1,0.7023,4
2022-10-27 05:00:00,LONG,0.41,0.41,sl,-0.004,0,0.6592,4
2022-10-27 12:00:00,SHORT,0.41,0.41,tp,0.004025,1,0.6691,4
2022-10-27 20:00:00,SHORT,0.39,0.39,tp,0.004025,1,0.6889,4
2022-10-27 23:00:00,SHORT,0.39,0.39,tp,0.004025,1,0.6777,4
2022-10-28 07:00:00,LONG,0.38,0.38,tp,0.004,1,0.6618,4
2022-10-28 13:00:00,SHORT,0.39,0.39,tp,0.004025,1,0.6827,4
2022-10-28 15:00:00,SHORT,0.4,0.4,sl,-0.003991,0,0.6917,4
2022-10-29 16:00:00,LONG,0.43,0.43,sl,-0.004,0,0.855,4
2022-10-29 17:00:00,LONG,0.42,0.43,tp,0.004,1,0.7358,4
2022-10-29 19:00:00,LONG,0.42,0.42,tp,0.004,1,0.6727,4
2022-10-29 22:00:00,LONG,0.42,0.42,tp,0.004,1,0.7386,4
2022-10-29 23:00:00,SHORT,0.42,0.42,tp,0.004025,1,0.6682,4
2022-10-30 00:00:00,LONG,0.41,0.42,tp,0.004,1,0.7074,4
2022-10-30 15:00:00,LONG,0.4,0.41,tp,0.004,1,0.6842,4
2022-10-31 09:00:00,LONG,0.41,0.41,tp,0.004,1,0.698,4
2022-10-31 13:00:00,LONG,0.4,0.4,tp,0.004,1,0.7097,4
2022-10-31 14:00:00,SHORT,0.4,0.4,sl,-0.003991,0,0.6571,4
2022-11-02 09:00:00,LONG,0.39,0.39,sl,-0.004,0,0.7396,4
2022-11-02 19:00:00,LONG,0.39,0.39,sl,-0.004,0,0.7187,4
2022-11-02 20:00:00,SHORT,0.38,0.39,sl,-0.003991,0,0.6865,4
2022-11-02 23:00:00,SHORT,0.39,0.39,sl,-0.003991,0,0.6714,4
2022-11-04 01:00:00,LONG,0.4,0.4,sl,-0.004,0,0.6598,4
2022-11-04 05:00:00,SHORT,0.41,0.41,sl,-0.003991,0,0.7666,4
2022-11-04 14:00:00,SHORT,0.42,0.42,tp,0.004025,1,0.6723,4
2022-11-04 15:00:00,LONG,0.41,0.41,tp,0.004,1,0.7313,4
2022-11-04 18:00:00,SHORT,0.42,0.42,sl,-0.003991,0,0.6548,4
2022-11-04 19:00:00,SHORT,0.42,0.43,sl,-0.003991,0,0.6749,4
2022-11-05 00:00:00,SHORT,0.43,0.43,tp,0.004025,1,0.7504,4
2022-11-05 01:00:00,SHORT,0.43,0.43,sl,-0.003991,0,0.6643,4
2022-11-05 02:00:00,SHORT,0.43,0.43,tp,0.004025,1,0.7086,4
2022-11-05 16:00:00,SHORT,0.43,0.43,tp,0.004025,1,0.6819,4
2022-11-06 01:00:00,LONG,0.42,0.42,tp,0.004,1,0.699,4
2022-11-06 23:00:00,LONG,0.4,0.4,tp,0.004,1,0.7926,4
2022-11-07 07:00:00,LONG,0.4,0.4,tp,0.004,1,0.6558,4
2022-11-07 23:00:00,SHORT,0.4,0.4,tp,0.004025,1,0.6565,4
2022-11-08 02:00:00,SHORT,0.39,0.39,tp,0.004025,1,0.6935,4
2022-11-08 03:00:00,SHORT,0.39,0.39,tp,0.004025,1,0.6927,4
2022-11-08 04:00:00,LONG,0.38,0.38,tp,0.004,1,0.7518,4
2022-11-08 05:00:00,SHORT,0.38,0.38,tp,0.004025,1,0.7545,4
2022-11-08 06:00:00,SHORT,0.38,0.39,sl,-0.003991,0,0.6972,4
2022-11-08 07:00:00,SHORT,0.39,0.38,tp,0.004025,1,0.6769,4
2022-11-08 13:00:00,LONG,0.39,0.39,tp,0.004,1,0.7275,4
2022-11-08 15:00:00,SHORT,0.4,0.4,tp,0.004025,1,0.7121,4
2022-11-08 16:00:00,LONG,0.41,0.41,tp,0.004,1,0.7394,4
2022-11-08 17:00:00,LONG,0.39,0.39,tp,0.004,1,0.8065,4
2022-11-08 18:00:00,LONG,0.37,0.38,tp,0.004,1,0.8395,4
2022-11-08 19:00:00,LONG,0.37,0.37,tp,0.004,1,0.8602,4
2022-11-08 20:00:00,SHORT,0.37,0.37,tp,0.004025,1,0.8375,4
2022-11-08 21:00:00,SHORT,0.37,0.37,tp,0.004025,1,0.8561,4
2022-11-08 22:00:00,SHORT,0.37,0.37,tp,0.004025,1,0.8186,4
2022-11-08 23:00:00,SHORT,0.37,0.37,tp,0.004025,1,0.831,4
2022-11-09 00:00:00,LONG,0.37,0.37,tp,0.004,1,0.8166,4
2022-11-09 01:00:00,LONG,0.36,0.37,tp,0.004,1,0.8009,4
2022-11-09 02:00:00,LONG,0.36,0.36,tp,0.004,1,0.8413,4
2022-11-09 03:00:00,SHORT,0.36,0.36,tp,0.004025,1,0.814,4
2022-11-09 04:00:00,SHORT,0.37,0.37,tp,0.004025,1,0.7745,4
2022-11-09 05:00:00,SHORT,0.37,0.37,sl,-0.003991,0,0.7402,4
2022-11-09 06:00:00,SHORT,0.37,0.37,sl,-0.003991,0,0.7611,4
2022-11-09 07:00:00,LONG,0.37,0.37,sl,-0.004,0,0.7879,4
2022-11-09 08:00:00,LONG,0.36,0.36,sl,-0.004,0,0.7729,4
2022-11-09 09:00:00,SHORT,0.35,0.35,tp,0.004025,1,0.8389,4
2022-11-09 10:00:00,SHORT,0.35,0.35,tp,0.004025,1,0.8484,4
2022-11-09 11:00:00,SHORT,0.36,0.36,tp,0.004025,1,0.8487,4
2022-11-09 12:00:00,SHORT,0.36,0.36,tp,0.004025,1,0.8093,4
2022-11-09 13:00:00,SHORT,0.36,0.35,tp,0.004025,1,0.7956,4
2022-11-09 14:00:00,SHORT,0.36,0.36,tp,0.004025,1,0.8162,4
2022-11-09 15:00:00,LONG,0.35,0.35,tp,0.004,1,0.8474,4
2022-11-09 16:00:00,SHORT,0.35,0.35,tp,0.004025,1,0.7723,4
2022-11-09 17:00:00,LONG,0.35,0.35,sl,-0.004,0,0.8415,4
2022-11-09 18:00:00,LONG,0.34,0.34,tp,0.004,1,0.8458,4
2022-11-09 19:00:00,LONG,0.34,0.34,tp,0.004,1,0.8546,4
2022-11-09 20:00:00,LONG,0.34,0.33,sl,-0.004,0,0.8461,4
2022-11-09 21:00:00,LONG,0.31,0.31,tp,0.004,1,0.9385,4
2022-11-09 22:00:00,LONG,0.32,0.32,tp,0.004,1,0.8877,4
2022-11-09 23:00:00,SHORT,0.32,0.32,tp,0.004025,1,0.8714,4
2022-11-10 00:00:00,SHORT,0.33,0.33,tp,0.004025,1,0.8841,4
2022-11-10 01:00:00,SHORT,0.33,0.33,tp,0.004025,1,0.8515,4
2022-11-10 02:00:00,SHORT,0.34,0.34,sl,-0.003991,0,0.887,4
2022-11-10 03:00:00,SHORT,0.34,0.34,tp,0.004025,1,0.8843,4
2022-11-10 04:00:00,SHORT,0.35,0.35,tp,0.004025,1,0.8434,4
2022-11-10 05:00:00,SHORT,0.35,0.35,tp,0.004025,1,0.7787,4
2022-11-10 06:00:00,LONG,0.35,0.35,tp,0.004,1,0.8586,4
2022-11-10 07:00:00,LONG,0.35,0.35,tp,0.004,1,0.7926,4
2022-11-10 08:00:00,SHORT,0.36,0.35,tp,0.004025,1,0.7724,4
2022-11-10 09:00:00,LONG,0.35,0.35,sl,-0.004,0,0.7504,4
2022-11-10 10:00:00,LONG,0.35,0.35,tp,0.004,1,0.7795,4
2022-11-10 11:00:00,LONG,0.35,0.35,tp,0.004,1,0.751,4
2022-11-10 12:00:00,SHORT,0.35,0.36,sl,-0.003991,0,0.8542,4
2022-11-10 13:00:00,SHORT,0.37,0.37,tp,0.004025,1,0.8926,4
2022-11-10 14:00:00,SHORT,0.37,0.37,tp,0.004025,1,0.775,4
2022-11-10 15:00:00,SHORT,0.37,0.37,tp,0.004025,1,0.7786,4
2022-11-10 16:00:00,SHORT,0.37,0.37,tp,0.004025,1,0.7715,4
2022-11-10 17:00:00,LONG,0.36,0.36,tp,0.004,1,0.8563,4
2022-11-10 18:00:00,SHORT,0.36,0.36,tp,0.004025,1,0.7407,4
2022-11-10 19:00:00,SHORT,0.37,0.36,tp,0.004025,1,0.7125,4
2022-11-10 20:00:00,SHORT,0.37,0.37,tp,0.004025,1,0.8479,4
2022-11-10 21:00:00,SHORT,0.37,0.37,sl,-0.003991,0,0.7904,4
2022-11-10 22:00:00,SHORT,0.37,0.37,tp,0.004025,1,0.7722,4
2022-11-10 23:00:00,LONG,0.37,0.37,tp,0.004,1,0.7564,4
2022-11-11 00:00:00,SHORT,0.37,0.37,tp,0.004025,1,0.7999,4
2022-11-11 01:00:00,LONG,0.37,0.36,sl,-0.004,0,0.74,4
2022-11-11 02:00:00,SHORT,0.36,0.36,tp,0.004025,1,0.7558,4
2022-11-11 03:00:00,SHORT,0.36,0.36,tp,0.004025,1,0.7359,4
2022-11-11 04:00:00,LONG,0.36,0.36,tp,0.004,1,0.6989,4
2022-11-11 05:00:00,SHORT,0.36,0.36,tp,0.004025,1,0.6901,4
2022-11-11 06:00:00,SHORT,0.36,0.36,tp,0.004025,1,0.6656,4
2022-11-11 07:00:00,SHORT,0.36,0.36,tp,0.004025,1,0.6899,4
2022-11-11 08:00:00,SHORT,0.37,0.36,tp,0.004025,1,0.6618,4
2022-11-11 12:00:00,SHORT,0.36,0.36,sl,-0.003991,0,0.6626,4
2022-11-11 14:00:00,SHORT,0.35,0.35,tp,0.004025,1,0.8536,4
2022-11-11 15:00:00,SHORT,0.35,0.35,tp,0.004025,1,0.7822,4
2022-11-11 16:00:00,SHORT,0.35,0.35,sl,-0.003991,0,0.7902,4
2022-11-11 17:00:00,SHORT,0.35,0.35,tp,0.004025,1,0.6677,4
2022-11-11 18:00:00,LONG,0.35,0.35,tp,0.004,1,0.7209,4
2022-11-11 20:00:00,LONG,0.35,0.35,tp,0.004,1,0.6831,4
2022-11-11 23:00:00,SHORT,0.36,0.35,tp,0.004025,1,0.7138,4
2022-11-12 00:00:00,LONG,0.35,0.35,sl,-0.004,0,0.7277,4
2022-11-12 04:00:00,LONG,0.34,0.34,sl,-0.004,0,0.727,4
2022-11-12 05:00:00,LONG,0.34,0.34,tp,0.004,1,0.742,4
2022-11-12 06:00:00,LONG,0.34,0.34,tp,0.004,1,0.6739,4
2022-11-12 07:00:00,LONG,0.34,0.35,tp,0.004,1,0.6895,4
2022-11-12 09:00:00,LONG,0.34,0.34,tp,0.004,1,0.6601,4
2022-11-12 11:00:00,SHORT,0.34,0.34,sl,-0.003991,0,0.6553,4
2022-11-13 06:00:00,LONG,0.33,0.33,sl,-0.004,0,0.6704,4
2022-11-13 08:00:00,SHORT,0.33,0.33,tp,0.004025,1,0.6774,4
2022-11-13 20:00:00,LONG,0.33,0.33,tp,0.004,1,0.6593,4
2022-11-13 23:00:00,SHORT,0.33,0.33,tp,0.004025,1,0.6556,4
2022-11-14 00:00:00,LONG,0.33,0.33,sl,-0.004,0,0.6636,4
2022-11-14 01:00:00,SHORT,0.32,0.32,tp,0.004025,1,0.7187,4
2022-11-14 02:00:00,LONG,0.32,0.32,sl,-0.004,0,0.6787,4
2022-11-14 03:00:00,LONG,0.32,0.32,sl,-0.004,0,0.695,4
2022-11-14 04:00:00,LONG,0.32,0.32,sl,-0.004,0,0.7576,4
2022-11-14 05:00:00,LONG,0.32,0.32,tp,0.004,1,0.6754,4
2022-11-14 06:00:00,SHORT,0.33,0.33,tp,0.004025,1,0.7405,4
2022-11-14 07:00:00,LONG,0.33,0.33,tp,0.004,1,0.7568,4
2022-11-14 08:00:00,LONG,0.33,0.33,sl,-0.004,0,0.7696,4
2022-11-14 13:00:00,LONG,0.33,0.34,tp,0.004,1,0.6922,4
2022-11-14 14:00:00,LONG,0.33,0.33,sl,-0.004,0,0.6896,4
2022-11-14 16:00:00,LONG,0.33,0.33,tp,0.004,1,0.7016,4
2022-11-14 19:00:00,LONG,0.32,0.32,tp,0.004,1,0.745,4
2022-11-14 20:00:00,LONG,0.32,0.32,tp,0.004,1,0.7344,4
2022-11-14 23:00:00,SHORT,0.33,0.33,tp,0.004025,1,0.6745,4
2022-11-15 18:00:00,LONG,0.34,0.34,tp,0.004,1,0.6696,4
2022-11-16 13:00:00,LONG,0.33,0.33,sl,-0.004,0,0.7147,4
2022-11-16 15:00:00,LONG,0.33,0.33,tp,0.004,1,0.7044,4
2022-11-18 10:00:00,LONG,0.33,0.33,sl,-0.004,0,0.653,4
2022-11-20 21:00:00,LONG,0.31,0.31,sl,-0.004,0,0.652,4
2022-11-21 02:00:00,LONG,0.3,0.31,tp,0.004,1,0.7356,4
2022-11-21 04:00:00,LONG,0.31,0.31,tp,0.004,1,0.7101,4
2022-11-21 07:00:00,LONG,0.3,0.3,sl,-0.004,0,0.656,4
2022-11-21 08:00:00,LONG,0.3,0.31,tp,0.004,1,0.6621,4
2022-11-21 13:00:00,LONG,0.31,0.31,tp,0.004,1,0.6585,4
2022-11-21 17:00:00,LONG,0.3,0.3,sl,-0.004,0,0.6516,4
2022-11-21 19:00:00,LONG,0.3,0.3,tp,0.004,1,0.7151,4
2022-11-21 20:00:00,LONG,0.3,0.3,sl,-0.004,0,0.6543,4
2022-11-21 21:00:00,LONG,0.3,0.3,tp,0.004,1,0.6556,4
2022-11-21 23:00:00,LONG,0.3,0.31,tp,0.004,1,0.7007,4
2022-11-22 13:00:00,LONG,0.32,0.32,sl,-0.004,0,0.8596,4
2022-11-22 14:00:00,LONG,0.31,0.32,tp,0.004,1,0.7117,4
2022-11-22 17:00:00,LONG,0.31,0.31,tp,0.004,1,0.6794,4
2022-11-23 13:00:00,LONG,0.31,0.31,tp,0.004,1,0.6783,4
2022-11-28 01:00:00,SHORT,0.3,0.3,sl,-0.003991,0,0.7256,4
2022-11-30 00:00:00,LONG,0.32,0.32,sl,-0.004,0,0.7104,4
2022-12-03 09:00:00,LONG,0.33,0.32,sl,-0.004,0,0.7464,4
2022-12-07 07:00:00,LONG,0.31,0.31,sl,-0.004,0,0.6565,4
2022-12-13 13:00:00,LONG,0.32,0.32,tp,0.004,1,0.6788,4
2022-12-16 09:00:00,SHORT,0.29,0.29,tp,0.004025,1,0.7385,4
2022-12-16 10:00:00,SHORT,0.29,0.29,sl,-0.003991,0,0.6947,4
2022-12-16 22:00:00,LONG,0.27,0.26,sl,-0.004,0,0.8757,4
2022-12-16 23:00:00,SHORT,0.26,0.26,sl,-0.003991,0,0.7982,4
2022-12-17 00:00:00,LONG,0.26,0.26,sl,-0.004,0,0.76,4
2022-12-17 01:00:00,LONG,0.26,0.26,sl,-0.004,0,0.6721,4
2022-12-17 03:00:00,LONG,0.26,0.26,tp,0.004,1,0.7019,4
2022-12-17 05:00:00,LONG,0.26,0.26,tp,0.004,1,0.699,4
2022-12-17 19:00:00,LONG,0.26,0.26,tp,0.004,1,0.6641,4
2022-12-19 17:00:00,LONG,0.26,0.26,sl,-0.004,0,0.6531,4
2022-12-19 18:00:00,LONG,0.25,0.25,tp,0.004,1,0.6832,4
2022-12-19 22:00:00,LONG,0.25,0.25,tp,0.004,1,0.6925,4
2022-12-21 04:00:00,LONG,0.25,0.25,tp,0.004,1,0.6537,4
2023-01-09 00:00:00,SHORT,0.31,0.31,sl,-0.003991,0,0.6535,5
2023-01-09 01:00:00,SHORT,0.34,0.34,tp,0.004025,1,0.8753,5
2023-01-09 02:00:00,LONG,0.33,0.33,sl,-0.004,0,0.86,5
2023-01-09 03:00:00,SHORT,0.33,0.33,sl,-0.003991,0,0.7249,5
2023-01-09 04:00:00,LONG,0.33,0.33,tp,0.004,1,0.7572,5
2023-01-09 05:00:00,LONG,0.33,0.33,sl,-0.004,0,0.7211,5
2023-01-09 06:00:00,LONG,0.33,0.33,tp,0.004,1,0.738,5
2023-01-09 07:00:00,LONG,0.33,0.32,sl,-0.004,0,0.7133,5
2023-01-09 08:00:00,LONG,0.32,0.33,tp,0.004,1,0.7002,5
2023-01-09 09:00:00,SHORT,0.33,0.33,tp,0.004025,1,0.668,5
2023-01-09 10:00:00,LONG,0.32,0.32,sl,-0.004,0,0.6682,5
2023-01-09 11:00:00,SHORT,0.32,0.32,sl,-0.003991,0,0.6623,5
2023-01-09 13:00:00,LONG,0.32,0.32,tp,0.004,1,0.7566,5
2023-01-09 14:00:00,SHORT,0.32,0.32,sl,-0.003991,0,0.6851,5
2023-01-09 18:00:00,LONG,0.32,0.32,sl,-0.004,0,0.7471,5
2023-01-09 20:00:00,LONG,0.31,0.31,tp,0.004,1,0.7829,5
2023-01-09 21:00:00,LONG,0.31,0.32,tp,0.004,1,0.6732,5
2023-01-09 23:00:00,SHORT,0.32,0.32,sl,-0.003991,0,0.6987,5
2023-01-10 02:00:00,LONG,0.31,0.31,tp,0.004,1,0.732,5
2023-01-10 13:00:00,SHORT,0.32,0.31,tp,0.004025,1,0.6629,5
2023-01-10 15:00:00,SHORT,0.32,0.32,tp,0.004025,1,0.6819,5
2023-01-10 18:00:00,SHORT,0.32,0.32,sl,-0.003991,0,0.671,5
2023-01-10 19:00:00,SHORT,0.32,0.32,tp,0.004025,1,0.6919,5
2023-01-10 20:00:00,SHORT,0.32,0.32,tp,0.004025,1,0.6919,5
2023-01-11 02:00:00,LONG,0.31,0.32,tp,0.004,1,0.668,5
2023-01-11 23:00:00,SHORT,0.32,0.32,tp,0.004025,1,0.723,5
2023-01-12 00:00:00,SHORT,0.33,0.33,tp,0.004025,1,0.7507,5
2023-01-12 05:00:00,LONG,0.32,0.32,sl,-0.004,0,0.6814,5
2023-01-12 13:00:00,SHORT,0.33,0.33,tp,0.004025,1,0.7033,5
2023-01-12 14:00:00,LONG,0.32,0.32,tp,0.004,1,0.7761,5
2023-01-12 17:00:00,SHORT,0.33,0.33,tp,0.004025,1,0.7052,5
2023-01-13 21:00:00,SHORT,0.35,0.35,tp,0.004025,1,0.693,5
2023-01-13 22:00:00,LONG,0.34,0.34,tp,0.004,1,0.7667,5
2023-01-13 23:00:00,SHORT,0.35,0.35,sl,-0.003991,0,0.6798,5
2023-01-14 00:00:00,LONG,0.35,0.35,tp,0.004,1,0.7618,5
2023-01-14 01:00:00,SHORT,0.36,0.36,tp,0.004025,1,0.7907,5
2023-01-14 02:00:00,SHORT,0.36,0.36,tp,0.004025,1,0.6769,5
2023-01-14 04:00:00,LONG,0.35,0.36,tp,0.004,1,0.6691,5
2023-01-14 06:00:00,SHORT,0.37,0.37,tp,0.004025,1,0.8351,5
2023-01-14 07:00:00,LONG,0.36,0.37,tp,0.004,1,0.7005,5
2023-01-14 08:00:00,SHORT,0.37,0.36,tp,0.004025,1,0.6865,5
2023-01-14 09:00:00,LONG,0.35,0.35,sl,-0.004,0,0.8428,5
2023-01-14 10:00:00,SHORT,0.35,0.35,sl,-0.003991,0,0.8142,5
2023-01-14 11:00:00,SHORT,0.35,0.35,tp,0.004025,1,0.7557,5
2023-01-14 12:00:00,SHORT,0.35,0.35,tp,0.004025,1,0.7956,5
2023-01-14 13:00:00,SHORT,0.35,0.35,tp,0.004025,1,0.7293,5
2023-01-14 14:00:00,SHORT,0.35,0.35,sl,-0.003991,0,0.7797,5
2023-01-14 15:00:00,SHORT,0.35,0.35,sl,-0.003991,0,0.754,5
2023-01-14 16:00:00,SHORT,0.35,0.35,tp,0.004025,1,0.6754,5
2023-01-14 23:00:00,SHORT,0.35,0.35,tp,0.004025,1,0.697,5
2023-01-15 00:00:00,LONG,0.35,0.35,sl,-0.004,0,0.6815,5
2023-01-15 02:00:00,LONG,0.34,0.35,tp,0.004,1,0.7922,5
2023-01-15 06:00:00,LONG,0.34,0.34,sl,-0.004,0,0.662,5
2023-01-15 08:00:00,LONG,0.34,0.34,tp,0.004,1,0.778,5
2023-01-16 01:00:00,SHORT,0.36,0.36,sl,-0.003991,0,0.6825,5
2023-01-16 08:00:00,LONG,0.35,0.35,tp,0.004,1,0.6874,5
2023-01-18 15:00:00,SHORT,0.34,0.34,tp,0.004025,1,0.744,5
2023-01-18 16:00:00,SHORT,0.33,0.33,tp,0.004025,1,0.8085,5
2023-01-18 17:00:00,SHORT,0.34,0.34,sl,-0.003991,0,0.692,5
2023-01-18 20:00:00,LONG,0.33,0.33,tp,0.004,1,0.7725,5
2023-01-18 21:00:00,SHORT,0.33,0.33,tp,0.004025,1,0.6578,5
2023-01-18 23:00:00,LONG,0.33,0.33,tp,0.004,1,0.7105,5
2023-01-20 20:00:00,SHORT,0.36,0.36,tp,0.004025,1,0.7311,5
2023-01-20 21:00:00,SHORT,0.36,0.36,tp,0.004025,1,0.6763,5
2023-01-20 22:00:00,SHORT,0.36,0.36,sl,-0.003991,0,0.7051,5
2023-01-20 23:00:00,SHORT,0.37,0.36,tp,0.004025,1,0.7546,5
2023-01-21 00:00:00,LONG,0.36,0.36,tp,0.004,1,0.7379,5
2023-01-21 10:00:00,LONG,0.36,0.36,tp,0.004,1,0.7467,5
2023-01-21 13:00:00,SHORT,0.37,0.37,tp,0.004025,1,0.7047,5
2023-01-21 14:00:00,LONG,0.37,0.37,tp,0.004,1,0.709,5
2023-01-21 15:00:00,SHORT,0.37,0.37,sl,-0.003991,0,0.7218,5
2023-01-21 16:00:00,SHORT,0.38,0.37,tp,0.004025,1,0.6754,5
2023-01-21 17:00:00,SHORT,0.38,0.38,sl,-0.003991,0,0.6924,5
2023-01-21 22:00:00,LONG,0.37,0.37,tp,0.004,1,0.7923,5
2023-01-21 23:00:00,LONG,0.37,0.37,tp,0.004,1,0.6587,5
2023-01-22 01:00:00,LONG,0.37,0.37,sl,-0.004,0,0.6567,5
2023-01-22 08:00:00,SHORT,0.38,0.38,sl,-0.003991,0,0.6996,5
2023-01-22 10:00:00,SHORT,0.38,0.38,tp,0.004025,1,0.6687,5
2023-01-22 13:00:00,LONG,0.38,0.38,tp,0.004,1,0.6891,5
2023-01-22 15:00:00,LONG,0.38,0.38,tp,0.004,1,0.6583,5
2023-01-22 20:00:00,LONG,0.38,0.37,sl,-0.004,0,0.7868,5
2023-01-22 21:00:00,LONG,0.37,0.37,sl,-0.004,0,0.6588,5
2023-01-22 23:00:00,SHORT,0.38,0.38,sl,-0.003991,0,0.6502,5
2023-01-23 03:00:00,LONG,0.37,0.37,tp,0.004,1,0.7151,5
2023-01-24 22:00:00,SHORT,0.36,0.36,tp,0.004025,1,0.7535,5
2023-01-24 23:00:00,SHORT,0.36,0.36,tp,0.004025,1,0.7137,5
2023-01-25 00:00:00,SHORT,0.35,0.35,tp,0.004025,1,0.6931,5
2023-01-25 01:00:00,SHORT,0.35,0.35,sl,-0.003991,0,0.7029,5
2023-01-25 21:00:00,SHORT,0.38,0.37,tp,0.004025,1,0.6962,5
2023-01-25 22:00:00,LONG,0.37,0.37,tp,0.004,1,0.8015,5
2023-01-26 00:00:00,SHORT,0.39,0.38,tp,0.004025,1,0.7399,5
2023-01-26 01:00:00,LONG,0.38,0.38,sl,-0.004,0,0.7752,5
2023-01-26 13:00:00,SHORT,0.38,0.38,tp,0.004025,1,0.718,5
2023-01-27 00:00:00,LONG,0.38,0.37,sl,-0.004,0,0.6664,5
2023-01-27 01:00:00,LONG,0.37,0.37,tp,0.004,1,0.6622,5
2023-01-27 23:00:00,SHORT,0.39,0.39,sl,-0.003991,0,0.7027,5
2023-01-28 00:00:00,SHORT,0.4,0.39,tp,0.004025,1,0.6676,5
2023-01-30 09:00:00,LONG,0.38,0.38,tp,0.004,1,0.7023,5
2023-01-30 19:00:00,LONG,0.37,0.37,sl,-0.004,0,0.6927,5
2023-01-30 23:00:00,SHORT,0.37,0.37,tp,0.004025,1,0.6643,5
2023-01-31 15:00:00,LONG,0.4,0.4,tp,0.004,1,0.7405,5
2023-01-31 16:00:00,LONG,0.39,0.39,sl,-0.004,0,0.7592,5
2023-01-31 20:00:00,LONG,0.39,0.39,sl,-0.004,0,0.6758,5
2023-02-01 19:00:00,LONG,0.39,0.39,tp,0.004,1,0.7045,5
2023-02-01 20:00:00,LONG,0.39,0.39,tp,0.004,1,0.6818,5
2023-02-01 21:00:00,SHORT,0.4,0.4,sl,-0.003991,0,0.6644,5
2023-02-01 22:00:00,SHORT,0.4,0.4,tp,0.004025,1,0.6738,5
2023-02-01 23:00:00,LONG,0.4,0.4,tp,0.004,1,0.6678,5
2023-02-02 00:00:00,SHORT,0.4,0.4,tp,0.004025,1,0.719,5
2023-02-02 01:00:00,SHORT,0.41,0.41,tp,0.004025,1,0.6942,5
2023-02-02 02:00:00,SHORT,0.41,0.41,tp,0.004025,1,0.7863,5
2023-02-02 18:00:00,SHORT,0.41,0.41,tp,0.004025,1,0.7371,5
2023-02-02 21:00:00,LONG,0.39,0.4,tp,0.004,1,0.7672,5
2023-02-02 23:00:00,LONG,0.4,0.4,tp,0.004,1,0.6559,5
2023-02-06 00:00:00,LONG,0.4,0.4,sl,-0.004,0,0.659,5
2023-02-09 19:00:00,LONG,0.37,0.37,sl,-0.004,0,0.6808,5
2023-02-09 21:00:00,LONG,0.37,0.37,sl,-0.004,0,0.662,5
2023-02-09 22:00:00,LONG,0.36,0.36,tp,0.004,1,0.7569,5
2023-02-09 23:00:00,SHORT,0.36,0.36,tp,0.004025,1,0.7346,5
2023-02-10 22:00:00,LONG,0.36,0.36,tp,0.004,1,0.6703,5
2023-02-14 14:00:00,SHORT,0.37,0.37,sl,-0.003991,0,0.6827,5
2023-02-14 15:00:00,LONG,0.38,0.38,sl,-0.004,0,0.7325,5
2023-02-14 18:00:00,SHORT,0.39,0.39,sl,-0.003991,0,0.7628,5
2023-02-15 19:00:00,SHORT,0.4,0.4,sl,-0.003991,0,0.6944,5
2023-02-15 23:00:00,LONG,0.42,0.42,sl,-0.004,0,0.74,5
2023-02-16 00:00:00,LONG,0.41,0.41,tp,0.004,1,0.7753,5
2023-02-16 13:00:00,LONG,0.4,0.4,tp,0.004,1,0.7373,5
2023-02-16 15:00:00,SHORT,0.41,0.41,tp,0.004025,1,0.7136,5
2023-02-16 16:00:00,SHORT,0.41,0.41,sl,-0.003991,0,0.6557,5
2023-02-16 20:00:00,LONG,0.4,0.4,sl,-0.004,0,0.6721,5
2023-02-16 22:00:00,LONG,0.39,0.39,sl,-0.004,0,0.723,5
2023-02-16 23:00:00,LONG,0.39,0.39,tp,0.004,1,0.7137,5
2023-02-24 16:00:00,LONG,0.37,0.37,tp,0.004,1,0.6509,5
2023-02-24 23:00:00,SHORT,0.37,0.37,sl,-0.003991,0,0.6549,5
2023-03-03 01:00:00,SHORT,0.33,0.33,sl,-0.003991,0,0.7746,5
2023-03-03 02:00:00,SHORT,0.33,0.33,sl,-0.003991,0,0.6798,5
2023-03-09 20:00:00,LONG,0.3,0.3,tp,0.004,1,0.7363,5
2023-03-09 21:00:00,LONG,0.3,0.31,tp,0.004,1,0.7187,5
2023-03-09 22:00:00,LONG,0.31,0.31,tp,0.004,1,0.6698,5
2023-03-09 23:00:00,SHORT,0.31,0.31,tp,0.004025,1,0.6622,5
2023-03-10 00:00:00,LONG,0.31,0.31,tp,0.004,1,0.6746,5
2023-03-10 09:00:00,LONG,0.3,0.3,sl,-0.004,0,0.7516,5
2023-03-10 10:00:00,LONG,0.3,0.3,tp,0.004,1,0.6671,5
2023-03-10 13:00:00,LONG,0.31,0.31,sl,-0.004,0,0.7784,5
2023-03-10 14:00:00,LONG,0.31,0.31,tp,0.004,1,0.7242,5
2023-03-10 16:00:00,LONG,0.31,0.31,sl,-0.004,0,0.6792,5
2023-03-11 07:00:00,LONG,0.31,0.31,tp,0.004,1,0.7896,5
2023-03-11 08:00:00,LONG,0.31,0.31,tp,0.004,1,0.6565,5
2023-03-11 12:00:00,LONG,0.31,0.3,sl,-0.004,0,0.6542,5
2023-03-12 17:00:00,LONG,0.31,0.31,tp,0.004,1,0.6823,5
2023-03-12 18:00:00,LONG,0.32,0.32,tp,0.004,1,0.6937,5
2023-03-12 22:00:00,LONG,0.32,0.33,tp,0.004,1,0.7089,5
2023-03-12 23:00:00,SHORT,0.33,0.33,sl,-0.003991,0,0.7051,5
2023-03-13 00:00:00,SHORT,0.34,0.34,tp,0.004025,1,0.7828,5
2023-03-13 01:00:00,LONG,0.34,0.34,tp,0.004,1,0.6864,5
2023-03-13 02:00:00,SHORT,0.34,0.34,tp,0.004025,1,0.6809,5
2023-03-13 09:00:00,LONG,0.33,0.33,tp,0.004,1,0.7715,5
2023-03-13 14:00:00,SHORT,0.35,0.35,sl,-0.003991,0,0.7493,5
2023-03-13 15:00:00,SHORT,0.35,0.34,tp,0.004025,1,0.7215,5
2023-03-14 12:00:00,LONG,0.36,0.36,tp,0.004,1,0.7958,5
2023-03-14 13:00:00,LONG,0.36,0.36,tp,0.004,1,0.7598,5
2023-03-14 14:00:00,LONG,0.37,0.37,tp,0.004,1,0.714,5
2023-03-14 15:00:00,SHORT,0.36,0.36,tp,0.004025,1,0.6524,5
2023-03-14 18:00:00,LONG,0.35,0.35,tp,0.004,1,0.8086,5
2023-03-14 19:00:00,LONG,0.35,0.35,sl,-0.004,0,0.6693,5
2023-03-14 20:00:00,LONG,0.34,0.34,sl,-0.004,0,0.7793,5
2023-03-14 21:00:00,SHORT,0.34,0.34,sl,-0.003991,0,0.7439,5
2023-03-14 23:00:00,SHORT,0.34,0.34,tp,0.004025,1,0.6828,5
2023-03-15 13:00:00,LONG,0.33,0.34,tp,0.004,1,0.6949,5
2023-03-15 14:00:00,LONG,0.33,0.33,sl,-0.004,0,0.6684,5
2023-03-15 15:00:00,LONG,0.33,0.33,sl,-0.004,0,0.752,5
2023-03-15 16:00:00,LONG,0.32,0.32,tp,0.004,1,0.8341,5
2023-03-15 17:00:00,SHORT,0.32,0.32,tp,0.004025,1,0.7028,5
2023-03-15 18:00:00,SHORT,0.33,0.32,tp,0.004025,1,0.6704,5
2023-03-15 23:00:00,SHORT,0.32,0.32,tp,0.004025,1,0.6792,5
2023-03-16 00:00:00,LONG,0.32,0.32,sl,-0.004,0,0.6927,5
2023-03-16 20:00:00,LONG,0.32,0.32,tp,0.004,1,0.6871,5
2023-03-16 23:00:00,SHORT,0.32,0.32,tp,0.004025,1,0.6508,5
2023-03-17 01:00:00,SHORT,0.33,0.33,tp,0.004025,1,0.6901,5
2023-03-17 06:00:00,SHORT,0.33,0.33,tp,0.004025,1,0.6603,5
2023-03-17 10:00:00,SHORT,0.34,0.34,sl,-0.003991,0,0.6526,5
2023-03-17 11:00:00,SHORT,0.35,0.34,tp,0.004025,1,0.8045,5
2023-03-17 12:00:00,LONG,0.34,0.34,sl,-0.004,0,0.7808,5
2023-03-17 23:00:00,SHORT,0.35,0.35,tp,0.004025,1,0.7532,5
2023-03-18 00:00:00,SHORT,0.35,0.35,tp,0.004025,1,0.7871,5
2023-03-18 11:00:00,SHORT,0.35,0.35,tp,0.004025,1,0.6541,5
2023-03-18 15:00:00,LONG,0.34,0.34,sl,-0.004,0,0.6793,5
2023-03-18 17:00:00,LONG,0.34,0.34,tp,0.004,1,0.6501,5
2023-03-21 12:00:00,SHORT,0.34,0.35,sl,-0.003991,0,0.6826,5
2023-03-21 13:00:00,LONG,0.35,0.35,tp,0.004,1,0.7614,5
2023-03-21 14:00:00,LONG,0.35,0.35,tp,0.004,1,0.6941,5
2023-03-21 17:00:00,LONG,0.35,0.35,tp,0.004,1,0.6745,5
2023-03-21 19:00:00,SHORT,0.36,0.36,sl,-0.003991,0,0.6972,5
2023-03-21 20:00:00,SHORT,0.38,0.37,tp,0.004025,1,0.7727,5
2023-03-21 21:00:00,LONG,0.37,0.37,tp,0.004,1,0.8161,5
2023-03-21 22:00:00,LONG,0.37,0.37,tp,0.004,1,0.7943,5
2023-03-21 23:00:00,LONG,0.37,0.37,tp,0.004,1,0.7808,5
2023-03-22 00:00:00,LONG,0.37,0.37,tp,0.004,1,0.6933,5
2023-03-22 01:00:00,LONG,0.37,0.37,tp,0.004,1,0.7854,5
2023-03-22 02:00:00,LONG,0.37,0.37,tp,0.004,1,0.7101,5
2023-03-22 04:00:00,SHORT,0.38,0.38,sl,-0.003991,0,0.7172,5
2023-03-22 05:00:00,SHORT,0.39,0.38,tp,0.004025,1,0.8409,5
2023-03-22 06:00:00,LONG,0.38,0.38,sl,-0.004,0,0.8012,5
2023-03-22 07:00:00,LONG,0.37,0.38,tp,0.004,1,0.8175,5
2023-03-22 08:00:00,LONG,0.37,0.37,sl,-0.004,0,0.6771,5
2023-03-22 09:00:00,LONG,0.37,0.37,tp,0.004,1,0.6868,5
2023-03-22 14:00:00,SHORT,0.38,0.38,tp,0.004025,1,0.6646,5
2023-03-22 15:00:00,SHORT,0.38,0.38,tp,0.004025,1,0.7006,5
2023-03-22 18:00:00,LONG,0.37,0.37,sl,-0.004,0,0.7184,5
2023-03-22 19:00:00,LONG,0.35,0.35,tp,0.004,1,0.8515,5
2023-03-22 20:00:00,SHORT,0.36,0.36,tp,0.004025,1,0.8441,5
2023-03-22 21:00:00,LONG,0.36,0.36,tp,0.004,1,0.7718,5
2023-03-22 22:00:00,SHORT,0.36,0.36,sl,-0.003991,0,0.8152,5
2023-03-22 23:00:00,SHORT,0.36,0.36,tp,0.004025,1,0.789,5
2023-03-23 00:00:00,SHORT,0.36,0.36,tp,0.004025,1,0.6825,5
2023-03-23 01:00:00,SHORT,0.35,0.36,sl,-0.003991,0,0.6739,5
2023-03-23 02:00:00,SHORT,0.36,0.36,tp,0.004025,1,0.6752,5
2023-03-23 07:00:00,SHORT,0.37,0.37,sl,-0.003991,0,0.7355,5
2023-03-23 08:00:00,SHORT,0.37,0.37,sl,-0.003991,0,0.6803,5
2023-03-23 11:00:00,SHORT,0.37,0.37,tp,0.004025,1,0.654,5
2023-03-23 14:00:00,SHORT,0.38,0.38,sl,-0.003991,0,0.778,5
2023-03-23 15:00:00,LONG,0.38,0.38,sl,-0.004,0,0.7464,5
2023-03-23 16:00:00,SHORT,0.38,0.38,tp,0.004025,1,0.678,5
2023-03-23 18:00:00,LONG,0.37,0.37,tp,0.004,1,0.7054,5
2023-03-23 20:00:00,LONG,0.37,0.37,sl,-0.004,0,0.6958,5
2023-03-23 23:00:00,SHORT,0.37,0.37,tp,0.004025,1,0.6524,5
2023-03-27 14:00:00,LONG,0.35,0.34,sl,-0.004,0,0.7186,5
2023-03-27 15:00:00,SHORT,0.34,0.34,sl,-0.003991,0,0.666,5
2023-03-28 13:00:00,LONG,0.36,0.36,tp,0.004,1,0.6609,5
2023-03-28 23:00:00,SHORT,0.37,0.37,sl,-0.003991,0,0.6858,5
2023-03-29 02:00:00,SHORT,0.38,0.38,sl,-0.003991,0,0.7238,5
2023-03-29 03:00:00,SHORT,0.38,0.38,sl,-0.003991,0,0.6761,5
2023-03-29 04:00:00,SHORT,0.38,0.38,tp,0.004025,1,0.6539,5
2023-03-29 10:00:00,SHORT,0.39,0.39,sl,-0.003991,0,0.6538,5
2023-03-31 11:00:00,LONG,0.39,0.4,tp,0.004,1,0.6948,5
2023-04-03 07:00:00,SHORT,0.39,0.4,sl,-0.003991,0,0.6989,6
2023-04-03 08:00:00,SHORT,0.4,0.4,tp,0.004025,1,0.7565,6
2023-04-03 09:00:00,LONG,0.4,0.4,tp,0.004,1,0.6574,6
2023-04-03 11:00:00,LONG,0.4,0.4,sl,-0.004,0,0.663,6
2023-04-03 12:00:00,LONG,0.39,0.4,tp,0.004,1,0.677,6
2023-04-03 14:00:00,LONG,0.39,0.39,sl,-0.004,0,0.7242,6
2023-04-03 18:00:00,SHORT,0.39,0.39,tp,0.004025,1,0.6517,6
2023-04-03 19:00:00,LONG,0.39,0.39,sl,-0.004,0,0.6636,6
2023-04-03 20:00:00,LONG,0.38,0.38,tp,0.004,1,0.7801,6
2023-04-03 21:00:00,SHORT,0.38,0.38,sl,-0.003991,0,0.6506,6
2023-04-12 12:00:00,LONG,0.4,0.4,tp,0.004,1,0.6588,6
2023-04-13 20:00:00,SHORT,0.43,0.43,tp,0.004025,1,0.6924,6
2023-04-14 01:00:00,SHORT,0.44,0.43,tp,0.004025,1,0.6724,6
2023-04-14 07:00:00,LONG,0.43,0.44,tp,0.004,1,0.6585,6
2023-04-14 12:00:00,LONG,0.43,0.43,tp,0.004,1,0.7367,6
2023-04-14 14:00:00,LONG,0.43,0.43,tp,0.004,1,0.7124,6
2023-04-14 15:00:00,LONG,0.43,0.43,tp,0.004,1,0.7295,6
2023-04-15 11:00:00,SHORT,0.46,0.46,sl,-0.003991,0,0.6742,6
2023-04-15 12:00:00,SHORT,0.45,0.46,sl,-0.003991,0,0.6661,6
2023-04-15 13:00:00,SHORT,0.46,0.46,sl,-0.003991,0,0.6689,6
2023-04-17 13:00:00,SHORT,0.44,0.44,sl,-0.003991,0,0.6549,6
2023-04-19 08:00:00,SHORT,0.41,0.42,sl,-0.003991,0,0.7369,6
2023-04-20 16:00:00,SHORT,0.4,0.4,tp,0.004025,1,0.6896,6
2023-04-21 19:00:00,LONG,0.38,0.38,sl,-0.004,0,0.7102,6
2023-04-21 20:00:00,LONG,0.38,0.38,tp,0.004,1,0.6971,6
2023-04-21 21:00:00,LONG,0.38,0.38,tp,0.004,1,0.6995,6
2023-04-26 19:00:00,LONG,0.39,0.39,tp,0.004,1,0.7901,6
2023-04-26 20:00:00,SHORT,0.39,0.39,tp,0.004025,1,0.7308,6
2023-04-26 21:00:00,SHORT,0.4,0.39,tp,0.004025,1,0.7002,6
2023-04-26 22:00:00,SHORT,0.4,0.4,tp,0.004025,1,0.6753,6
2023-04-26 23:00:00,SHORT,0.4,0.4,sl,-0.003991,0,0.6626,6
2023-04-27 00:00:00,SHORT,0.41,0.41,tp,0.004025,1,0.7571,6
2023-05-08 17:00:00,SHORT,0.36,0.36,tp,0.004025,1,0.6629,6
2023-05-10 12:00:00,LONG,0.37,0.37,tp,0.004,1,0.7081,6
2023-06-05 15:00:00,SHORT,0.36,0.36,tp,0.004025,1,0.6754,6
2023-06-06 13:00:00,LONG,0.34,0.35,tp,0.004,1,0.6859,6
2023-06-06 14:00:00,LONG,0.35,0.35,sl,-0.004,0,0.6869,6
2023-06-07 14:00:00,SHORT,0.33,0.33,tp,0.004025,1,0.7037,6
2023-06-07 15:00:00,LONG,0.33,0.32,sl,-0.004,0,0.724,6
2023-06-07 16:00:00,LONG,0.32,0.32,sl,-0.004,0,0.7513,6
2023-06-09 15:00:00,LONG,0.31,0.31,sl,-0.004,0,0.6676,6
2023-06-09 16:00:00,LONG,0.31,0.31,sl,-0.004,0,0.6554,6
2023-06-09 18:00:00,LONG,0.3,0.3,sl,-0.004,0,0.7768,6
2023-06-09 19:00:00,LONG,0.3,0.3,tp,0.004,1,0.682,6
2023-06-09 20:00:00,LONG,0.3,0.3,sl,-0.004,0,0.6608,6
2023-06-09 22:00:00,LONG,0.3,0.3,sl,-0.004,0,0.7146,6
2023-06-09 23:00:00,LONG,0.3,0.29,sl,-0.004,0,0.7014,6
2023-06-10 00:00:00,LONG,0.29,0.29,tp,0.004,1,0.833,6
2023-06-10 02:00:00,LONG,0.28,0.29,tp,0.004,1,0.7873,6
2023-06-10 03:00:00,LONG,0.28,0.28,sl,-0.004,0,0.8446,6
2023-06-10 04:00:00,LONG,0.24,0.24,tp,0.004,1,0.917,6
2023-06-10 05:00:00,LONG,0.24,0.25,tp,0.004,1,0.891,6
2023-06-10 06:00:00,LONG,0.24,0.24,tp,0.004,1,0.9149,6
2023-06-10 07:00:00,LONG,0.24,0.24,tp,0.004,1,0.8941,6
2023-06-10 08:00:00,LONG,0.24,0.24,sl,-0.004,0,0.862,6
2023-06-10 09:00:00,LONG,0.24,0.24,tp,0.004,1,0.9043,6
2023-06-10 10:00:00,LONG,0.24,0.24,tp,0.004,1,0.8398,6
2023-06-10 11:00:00,SHORT,0.25,0.25,tp,0.004025,1,0.8978,6
2023-06-10 12:00:00,LONG,0.25,0.25,tp,0.004,1,0.8384,6
2023-06-10 13:00:00,LONG,0.25,0.25,tp,0.004,1,0.8316,6
2023-06-10 14:00:00,SHORT,0.26,0.25,tp,0.004025,1,0.9007,6
2023-06-10 15:00:00,LONG,0.25,0.26,tp,0.004,1,0.8566,6
2023-06-10 16:00:00,LONG,0.25,0.25,tp,0.004,1,0.8609,6
2023-06-10 17:00:00,SHORT,0.27,0.26,tp,0.004025,1,0.9031,6
2023-06-10 18:00:00,LONG,0.26,0.26,tp,0.004,1,0.8788,6
2023-06-10 19:00:00,SHORT,0.27,0.26,tp,0.004025,1,0.8343,6
2023-06-10 20:00:00,LONG,0.26,0.27,tp,0.004,1,0.7394,6
2023-06-10 21:00:00,SHORT,0.27,0.27,sl,-0.003991,0,0.8749,6
2023-06-10 22:00:00,SHORT,0.28,0.28,tp,0.004025,1,0.7957,6
2023-06-10 23:00:00,LONG,0.27,0.27,sl,-0.004,0,0.7718,6
2023-06-11 00:00:00,LONG,0.27,0.27,tp,0.004,1,0.8577,6
2023-06-11 01:00:00,LONG,0.27,0.27,sl,-0.004,0,0.8355,6
2023-06-11 02:00:00,LONG,0.26,0.27,tp,0.004,1,0.7502,6
2023-06-11 03:00:00,LONG,0.26,0.26,sl,-0.004,0,0.7973,6
2023-06-11 04:00:00,SHORT,0.26,0.26,sl,-0.003991,0,0.7101,6
2023-06-11 05:00:00,LONG,0.27,0.27,tp,0.004,1,0.7207,6
2023-06-11 06:00:00,LONG,0.26,0.26,sl,-0.004,0,0.7096,6
2023-06-11 07:00:00,SHORT,0.26,0.26,tp,0.004025,1,0.6571,6
2023-06-11 08:00:00,LONG,0.26,0.26,tp,0.004,1,0.746,6
2023-06-11 09:00:00,SHORT,0.26,0.26,sl,-0.003991,0,0.6889,6
2023-06-11 10:00:00,SHORT,0.27,0.27,tp,0.004025,1,0.7912,6
2023-06-11 11:00:00,SHORT,0.27,0.27,tp,0.004025,1,0.7049,6
2023-06-11 12:00:00,SHORT,0.27,0.27,tp,0.004025,1,0.6934,6
2023-06-11 13:00:00,SHORT,0.26,0.27,sl,-0.003991,0,0.7205,6
2023-06-11 14:00:00,SHORT,0.27,0.27,tp,0.004025,1,0.6743,6
2023-06-11 15:00:00,SHORT,0.26,0.26,sl,-0.003991,0,0.6837,6
2023-06-11 16:00:00,SHORT,0.27,0.27,sl,-0.003991,0,0.6781,6
2023-06-11 17:00:00,LONG,0.27,0.27,tp,0.004,1,0.6901,6
2023-06-11 19:00:00,SHORT,0.27,0.28,sl,-0.003991,0,0.6687,6
2023-06-11 20:00:00,SHORT,0.28,0.27,tp,0.004025,1,0.6639,6
2023-06-11 21:00:00,LONG,0.28,0.27,sl,-0.004,0,0.6704,6
2023-06-11 22:00:00,LONG,0.27,0.27,tp,0.004,1,0.7114,6
2023-06-11 23:00:00,LONG,0.27,0.27,tp,0.004,1,0.6828,6
2023-06-12 02:00:00,LONG,0.27,0.27,tp,0.004,1,0.7148,6
2023-06-12 06:00:00,SHORT,0.28,0.28,sl,-0.003991,0,0.7058,6
2023-06-12 07:00:00,LONG,0.28,0.28,tp,0.004,1,0.6811,6
2023-06-12 08:00:00,SHORT,0.28,0.28,tp,0.004025,1,0.7448,6
2023-06-12 09:00:00,LONG,0.28,0.28,tp,0.004,1,0.6773,6
2023-06-12 10:00:00,LONG,0.28,0.28,sl,-0.004,0,0.7126,6
2023-06-12 11:00:00,LONG,0.28,0.28,sl,-0.004,0,0.6723,6
2023-06-12 13:00:00,LONG,0.28,0.28,tp,0.004,1,0.7678,6
2023-06-12 14:00:00,LONG,0.28,0.28,sl,-0.004,0,0.6797,6
2023-06-12 15:00:00,LONG,0.28,0.28,sl,-0.004,0,0.651,6
2023-06-12 16:00:00,LONG,0.28,0.28,tp,0.004,1,0.6626,6
2023-06-12 17:00:00,LONG,0.28,0.28,sl,-0.004,0,0.6707,6
2023-06-13 11:00:00,SHORT,0.29,0.28,tp,0.004025,1,0.7033,6
2023-06-13 12:00:00,LONG,0.28,0.28,sl,-0.004,0,0.7421,6
2023-06-13 13:00:00,LONG,0.28,0.28,sl,-0.004,0,0.7065,6
2023-06-13 14:00:00,LONG,0.27,0.27,sl,-0.004,0,0.7471,6
2023-06-13 15:00:00,LONG,0.27,0.27,tp,0.004,1,0.7707,6
2023-06-13 16:00:00,LONG,0.27,0.27,tp,0.004,1,0.6872,6
2023-06-13 17:00:00,LONG,0.27,0.27,tp,0.004,1,0.707,6
2023-06-14 20:00:00,LONG,0.26,0.26,tp,0.004,1,0.8334,6
2023-06-14 21:00:00,SHORT,0.26,0.26,tp,0.004025,1,0.7079,6
2023-06-14 22:00:00,LONG,0.26,0.26,tp,0.004,1,0.6583,6
2023-06-14 23:00:00,SHORT,0.26,0.26,tp,0.004025,1,0.6889,6
2023-06-15 01:00:00,LONG,0.26,0.26,tp,0.004,1,0.817,6
2023-06-15 02:00:00,LONG,0.26,0.26,tp,0.004,1,0.7222,6
2023-06-15 04:00:00,LONG,0.26,0.26,tp,0.004,1,0.6516,6
2023-06-15 05:00:00,LONG,0.26,0.26,sl,-0.004,0,0.72,6
2023-06-15 06:00:00,LONG,0.26,0.26,tp,0.004,1,0.834,6
2023-06-15 07:00:00,LONG,0.26,0.26,tp,0.004,1,0.7331,6
2023-06-15 08:00:00,LONG,0.25,0.26,tp,0.004,1,0.7603,6
2023-06-15 09:00:00,LONG,0.26,0.26,tp,0.004,1,0.6911,6
2023-06-15 10:00:00,LONG,0.26,0.26,tp,0.004,1,0.7238,6
2023-06-15 12:00:00,LONG,0.26,0.26,tp,0.004,1,0.681,6
2023-06-15 14:00:00,LONG,0.26,0.26,sl,-0.004,0,0.6542,6
2023-06-15 15:00:00,LONG,0.26,0.26,tp,0.004,1,0.6908,6
2023-06-15 16:00:00,LONG,0.26,0.26,tp,0.004,1,0.7247,6
2023-06-15 17:00:00,LONG,0.26,0.26,tp,0.004,1,0.6892,6
2023-06-16 17:00:00,SHORT,0.26,0.27,sl,-0.003991,0,0.6761,6
2023-06-17 05:00:00,LONG,0.27,0.27,sl,-0.004,0,0.7511,6
2023-06-17 06:00:00,LONG,0.27,0.27,sl,-0.004,0,0.6579,6
2023-06-20 17:00:00,LONG,0.27,0.27,tp,0.004,1,0.7032,6
2023-06-21 01:00:00,SHORT,0.28,0.28,sl,-0.003991,0,0.7349,6
2023-06-21 14:00:00,SHORT,0.28,0.28,sl,-0.003991,0,0.6612,6
2023-06-21 15:00:00,SHORT,0.28,0.28,sl,-0.003991,0,0.665,6
2023-06-22 00:00:00,SHORT,0.29,0.29,sl,-0.003991,0,0.696,6
2023-06-22 01:00:00,SHORT,0.3,0.3,sl,-0.003991,0,0.7081,6
2023-06-22 11:00:00,LONG,0.29,0.29,tp,0.004,1,0.8161,6
2023-06-22 14:00:00,LONG,0.29,0.29,tp,0.004,1,0.8104,6
2023-06-22 23:00:00,SHORT,0.29,0.29,sl,-0.003991,0,0.6623,6
2023-06-23 15:00:00,SHORT,0.3,0.3,tp,0.004025,1,0.8175,6
2023-06-23 16:00:00,LONG,0.3,0.3,tp,0.004,1,0.6702,6
2023-06-23 17:00:00,SHORT,0.3,0.3,tp,0.004025,1,0.6532,6
2023-06-23 21:00:00,LONG,0.3,0.29,sl,-0.004,0,0.6681,6
2023-06-28 19:00:00,LONG,0.27,0.27,tp,0.004,1,0.7044,6
2023-06-30 10:00:00,LONG,0.3,0.29,sl,-0.004,0,0.7556,6
2023-07-01 13:00:00,SHORT,0.29,0.29,tp,0.004025,1,0.6698,7
2023-07-01 23:00:00,SHORT,0.29,0.29,tp,0.004025,1,0.6974,7
2023-07-05 23:00:00,SHORT,0.28,0.28,tp,0.004025,1,0.6546,7
2023-07-06 14:00:00,LONG,0.28,0.28,tp,0.004,1,0.7126,7
2023-07-06 23:00:00,LONG,0.28,0.28,tp,0.004,1,0.7011,7
2023-07-13 15:00:00,SHORT,0.31,0.31,sl,-0.003991,0,0.7666,7
2023-07-13 16:00:00,SHORT,0.32,0.32,sl,-0.003991,0,0.7923,7
2023-07-13 17:00:00,SHORT,0.33,0.33,sl,-0.003991,0,0.8656,7
2023-07-13 18:00:00,SHORT,0.34,0.34,sl,-0.003991,0,0.8826,7
2023-07-13 19:00:00,SHORT,0.35,0.35,tp,0.004025,1,0.8918,7
2023-07-13 20:00:00,LONG,0.34,0.34,tp,0.004,1,0.892,7
2023-07-13 21:00:00,LONG,0.34,0.34,tp,0.004,1,0.8398,7
2023-07-13 22:00:00,SHORT,0.35,0.35,sl,-0.003991,0,0.8785,7
2023-07-13 23:00:00,SHORT,0.36,0.36,sl,-0.003991,0,0.9119,7
2023-07-14 00:00:00,SHORT,0.37,0.36,tp,0.004025,1,0.9277,7
2023-07-14 01:00:00,SHORT,0.36,0.36,tp,0.004025,1,0.8214,7
2023-07-14 02:00:00,SHORT,0.36,0.36,tp,0.004025,1,0.7542,7
2023-07-14 03:00:00,SHORT,0.36,0.36,sl,-0.003991,0,0.7361,7
2023-07-14 04:00:00,SHORT,0.36,0.36,tp,0.004025,1,0.7373,7
2023-07-14 05:00:00,SHORT,0.36,0.36,sl,-0.003991,0,0.6835,7
2023-07-14 06:00:00,SHORT,0.36,0.36,tp,0.004025,1,0.6723,7
2023-07-14 07:00:00,LONG,0.35,0.35,tp,0.004,1,0.8355,7
2023-07-14 08:00:00,SHORT,0.35,0.35,tp,0.004025,1,0.6906,7
2023-07-14 09:00:00,LONG,0.35,0.35,tp,0.004,1,0.7892,7
2023-07-14 10:00:00,SHORT,0.35,0.35,sl,-0.003991,0,0.7298,7
2023-07-14 11:00:00,SHORT,0.35,0.35,tp,0.004025,1,0.7224,7
2023-07-14 12:00:00,LONG,0.35,0.35,tp,0.004,1,0.7313,7
2023-07-14 13:00:00,SHORT,0.35,0.35,tp,0.004025,1,0.6893,7
2023-07-14 14:00:00,SHORT,0.35,0.35,tp,0.004025,1,0.6932,7
2023-07-14 16:00:00,LONG,0.34,0.34,sl,-0.004,0,0.7896,7
2023-07-14 17:00:00,LONG,0.33,0.33,tp,0.004,1,0.8894,7
2023-07-14 18:00:00,LONG,0.32,0.32,tp,0.004,1,0.9096,7
2023-07-14 19:00:00,LONG,0.32,0.32,tp,0.004,1,0.8081,7
2023-07-14 20:00:00,SHORT,0.32,0.32,sl,-0.003991,0,0.6977,7
2023-07-14 21:00:00,SHORT,0.33,0.33,sl,-0.003991,0,0.7058,7
2023-07-14 22:00:00,SHORT,0.33,0.33,sl,-0.003991,0,0.6702,7
2023-07-14 23:00:00,SHORT,0.33,0.33,tp,0.004025,1,0.7445,7
2023-07-15 23:00:00,SHORT,0.33,0.33,sl,-0.003991,0,0.654,7
2023-07-17 11:00:00,LONG,0.31,0.31,tp,0.004,1,0.6588,7
2023-07-19 18:00:00,SHORT,0.32,0.32,tp,0.004025,1,0.7971,7
2023-07-20 00:00:00,LONG,0.33,0.33,tp,0.004,1,0.7104,7
2023-07-20 14:00:00,LONG,0.32,0.32,sl,-0.004,0,0.7011,7
2023-07-20 15:00:00,LONG,0.32,0.32,tp,0.004,1,0.6652,7
2023-07-24 09:00:00,SHORT,0.3,0.31,sl,-0.003991,0,0.6794,7
2023-08-14 22:00:00,SHORT,0.29,0.29,tp,0.004025,1,0.6786,7
2023-08-14 23:00:00,SHORT,0.29,0.29,tp,0.004025,1,0.6625,7
2023-08-15 00:00:00,SHORT,0.29,0.29,tp,0.004025,1,0.6807,7
2023-08-15 04:00:00,SHORT,0.29,0.29,sl,-0.003991,0,0.6528,7
2023-08-17 21:00:00,SHORT,0.25,0.25,tp,0.004025,1,0.8591,7
2023-08-17 22:00:00,SHORT,0.26,0.26,tp,0.004025,1,0.8948,7
2023-08-17 23:00:00,SHORT,0.26,0.26,sl,-0.003991,0,0.8591,7
2023-08-18 00:00:00,SHORT,0.26,0.26,tp,0.004025,1,0.8412,7
2023-08-18 01:00:00,SHORT,0.26,0.26,tp,0.004025,1,0.7752,7
2023-08-18 02:00:00,LONG,0.26,0.26,tp,0.004,1,0.7662,7
2023-08-18 03:00:00,SHORT,0.26,0.26,tp,0.004025,1,0.7578,7
2023-08-18 04:00:00,LONG,0.26,0.26,tp,0.004,1,0.6999,7
2023-08-18 05:00:00,SHORT,0.26,0.26,sl,-0.003991,0,0.6562,7
2023-08-18 06:00:00,SHORT,0.26,0.26,tp,0.004025,1,0.652,7
2023-08-18 09:00:00,LONG,0.26,0.26,tp,0.004,1,0.6532,7
2023-08-18 11:00:00,SHORT,0.27,0.27,tp,0.004025,1,0.6541,7
2023-08-18 16:00:00,LONG,0.26,0.26,tp,0.004,1,0.6509,7
2023-08-18 23:00:00,SHORT,0.26,0.26,tp,0.004025,1,0.6672,7
2023-08-21 15:00:00,SHORT,0.26,0.26,sl,-0.003991,0,0.6531,7
2023-08-22 23:00:00,SHORT,0.26,0.26,sl,-0.003991,0,0.6835,7
2023-08-29 14:00:00,LONG,0.28,0.28,tp,0.004,1,0.816,7
2023-08-29 15:00:00,LONG,0.27,0.28,tp,0.004,1,0.7644,7
2023-08-29 16:00:00,LONG,0.28,0.28,tp,0.004,1,0.7067,7
2023-09-05 23:00:00,SHORT,0.26,0.26,sl,-0.003991,0,0.6921,7
2023-09-11 23:00:00,SHORT,0.24,0.24,sl,-0.003991,0,0.6558,7
2023-10-23 22:00:00,LONG,0.28,0.28,tp,0.004,1,0.7281,8
2023-10-23 23:00:00,SHORT,0.28,0.28,tp,0.004025,1,0.6788,8
2023-10-24 00:00:00,SHORT,0.28,0.28,tp,0.004025,1,0.6507,8
2023-10-24 02:00:00,SHORT,0.29,0.29,tp,0.004025,1,0.6759,8
2023-10-24 03:00:00,LONG,0.28,0.28,tp,0.004,1,0.7475,8
2023-10-24 11:00:00,SHORT,0.29,0.29,sl,-0.003991,0,0.6507,8
2023-10-24 12:00:00,SHORT,0.29,0.29,tp,0.004025,1,0.6724,8
2023-10-24 13:00:00,SHORT,0.29,0.29,tp,0.004025,1,0.6815,8
2023-10-24 14:00:00,LONG,0.29,0.29,tp,0.004,1,0.659,8
2023-10-24 15:00:00,LONG,0.28,0.28,tp,0.004,1,0.7757,8
2023-10-26 03:00:00,SHORT,0.29,0.29,tp,0.004025,1,0.7427,8
2023-10-26 06:00:00,SHORT,0.29,0.29,sl,-0.003991,0,0.6562,8
2023-10-26 15:00:00,LONG,0.29,0.29,sl,-0.004,0,0.6835,8
2023-10-26 16:00:00,LONG,0.28,0.28,tp,0.004,1,0.7242,8
2023-10-28 02:00:00,SHORT,0.3,0.3,sl,-0.003991,0,0.6775,8
2023-11-01 20:00:00,SHORT,0.31,0.3,tp,0.004025,1,0.7223,8
2023-11-02 15:00:00,LONG,0.3,0.3,tp,0.004,1,0.7304,8
2023-11-02 17:00:00,SHORT,0.32,0.31,tp,0.004025,1,0.7909,8
2023-11-02 18:00:00,SHORT,0.32,0.32,tp,0.004025,1,0.7644,8
2023-11-02 19:00:00,LONG,0.32,0.33,tp,0.004,1,0.7553,8
2023-11-02 20:00:00,LONG,0.32,0.32,sl,-0.004,0,0.7159,8
2023-11-02 23:00:00,SHORT,0.32,0.32,tp,0.004025,1,0.6666,8
2023-11-03 08:00:00,SHORT,0.32,0.32,tp,0.004025,1,0.6621,8
2023-11-03 09:00:00,LONG,0.32,0.32,sl,-0.004,0,0.7533,8
2023-11-03 13:00:00,SHORT,0.32,0.32,tp,0.004025,1,0.6611,8
2023-11-03 18:00:00,SHORT,0.32,0.32,tp,0.004025,1,0.6585,8
2023-11-03 23:00:00,SHORT,0.33,0.33,tp,0.004025,1,0.6957,8
2023-11-05 11:00:00,SHORT,0.34,0.34,tp,0.004025,1,0.6673,8
2023-11-05 12:00:00,SHORT,0.34,0.34,tp,0.004025,1,0.6567,8
2023-11-05 13:00:00,LONG,0.34,0.34,tp,0.004,1,0.6861,8
2023-11-05 14:00:00,LONG,0.34,0.34,tp,0.004,1,0.6794,8
2023-11-05 16:00:00,SHORT,0.35,0.35,sl,-0.003991,0,0.6899,8
2023-11-05 17:00:00,SHORT,0.35,0.35,tp,0.004025,1,0.6556,8
2023-11-06 00:00:00,SHORT,0.35,0.35,sl,-0.003991,0,0.6544,8
2023-11-06 08:00:00,SHORT,0.35,0.35,sl,-0.003991,0,0.652,8
2023-11-06 09:00:00,SHORT,0.35,0.35,sl,-0.003991,0,0.7652,8
2023-11-06 10:00:00,SHORT,0.35,0.35,tp,0.004025,1,0.6962,8
2023-11-06 12:00:00,SHORT,0.35,0.35,tp,0.004025,1,0.6833,8
2023-11-06 19:00:00,SHORT,0.37,0.37,sl,-0.003991,0,0.7576,8
2023-11-06 20:00:00,SHORT,0.37,0.37,tp,0.004025,1,0.7686,8
2023-11-06 21:00:00,LONG,0.37,0.37,tp,0.004,1,0.792,8
2023-11-06 23:00:00,LONG,0.36,0.36,tp,0.004,1,0.6706,8
2023-11-07 02:00:00,LONG,0.36,0.36,tp,0.004,1,0.7711,8
2023-11-07 06:00:00,LONG,0.35,0.35,sl,-0.004,0,0.6737,8
2023-11-07 09:00:00,LONG,0.35,0.35,sl,-0.004,0,0.6695,8
2023-11-07 15:00:00,LONG,0.34,0.34,sl,-0.004,0,0.7036,8
2023-11-07 16:00:00,LONG,0.34,0.34,tp,0.004,1,0.7357,8
2023-11-07 18:00:00,SHORT,0.35,0.35,tp,0.004025,1,0.6956,8
2023-11-07 19:00:00,LONG,0.35,0.35,tp,0.004,1,0.6624,8
2023-11-07 22:00:00,LONG,0.35,0.35,sl,-0.004,0,0.662,8
2023-11-09 14:00:00,SHORT,0.38,0.38,tp,0.004025,1,0.6834,8
2023-11-09 15:00:00,LONG,0.38,0.38,tp,0.004,1,0.7819,8
2023-11-09 16:00:00,LONG,0.36,0.36,tp,0.004,1,0.8053,8
2023-11-09 17:00:00,SHORT,0.37,0.37,tp,0.004025,1,0.7903,8
2023-11-09 18:00:00,LONG,0.36,0.36,sl,-0.004,0,0.8088,8
2023-11-09 19:00:00,SHORT,0.36,0.36,tp,0.004025,1,0.6684,8
2023-11-09 20:00:00,SHORT,0.36,0.36,sl,-0.003991,0,0.7876,8
2023-11-09 21:00:00,SHORT,0.36,0.36,sl,-0.003991,0,0.7267,8
2023-11-09 22:00:00,SHORT,0.37,0.37,tp,0.004025,1,0.7533,8
2023-11-09 23:00:00,SHORT,0.37,0.37,sl,-0.003991,0,0.7434,8
2023-11-10 00:00:00,SHORT,0.37,0.37,sl,-0.003991,0,0.7157,8
2023-11-10 01:00:00,SHORT,0.37,0.37,sl,-0.003991,0,0.6639,8
2023-11-10 02:00:00,SHORT,0.37,0.37,tp,0.004025,1,0.6791,8
2023-11-10 13:00:00,LONG,0.37,0.37,sl,-0.004,0,0.7993,8
2023-11-10 14:00:00,LONG,0.36,0.37,tp,0.004,1,0.7876,8
2023-11-10 22:00:00,SHORT,0.38,0.38,sl,-0.003991,0,0.6739,8
2023-11-10 23:00:00,LONG,0.39,0.39,tp,0.004,1,0.7015,8
2023-11-11 01:00:00,LONG,0.38,0.38,sl,-0.004,0,0.7278,8
2023-11-11 03:00:00,LONG,0.37,0.37,sl,-0.004,0,0.7441,8
2023-11-11 14:00:00,SHORT,0.39,0.39,tp,0.004025,1,0.7067,8
2023-11-11 15:00:00,SHORT,0.39,0.39,sl,-0.003991,0,0.6641,8
2023-11-11 16:00:00,LONG,0.39,0.39,sl,-0.004,0,0.7003,8
2023-11-11 20:00:00,LONG,0.38,0.39,tp,0.004,1,0.7172,8
2023-11-12 00:00:00,LONG,0.38,0.38,tp,0.004,1,0.7134,8
2023-11-13 11:00:00,SHORT,0.37,0.37,tp,0.004025,1,0.6684,8
2023-11-13 14:00:00,LONG,0.37,0.37,tp,0.004,1,0.6508,8
2023-11-13 21:00:00,LONG,0.36,0.36,sl,-0.004,0,0.7198,8
2023-11-13 23:00:00,SHORT,0.36,0.35,tp,0.004025,1,0.6888,8
2023-11-14 00:00:00,LONG,0.35,0.35,tp,0.004,1,0.8368,8
2023-11-14 11:00:00,LONG,0.36,0.36,tp,0.004,1,0.6551,8
2023-11-14 14:00:00,SHORT,0.37,0.37,tp,0.004025,1,0.6627,8
2023-11-14 15:00:00,LONG,0.36,0.37,tp,0.004,1,0.7391,8
2023-11-14 17:00:00,LONG,0.36,0.36,sl,-0.004,0,0.7905,8
2023-11-14 18:00:00,LONG,0.34,0.35,tp,0.004,1,0.8207,8
2023-11-14 19:00:00,SHORT,0.35,0.35,sl,-0.003991,0,0.7921,8
2023-11-14 20:00:00,SHORT,0.35,0.35,sl,-0.003991,0,0.6846,8
2023-11-14 21:00:00,SHORT,0.36,0.36,tp,0.004025,1,0.7031,8
2023-11-14 23:00:00,SHORT,0.36,0.36,sl,-0.003991,0,0.6559,8
2023-11-15 11:00:00,LONG,0.37,0.37,sl,-0.004,0,0.6845,8
2023-11-15 14:00:00,LONG,0.37,0.37,tp,0.004,1,0.6705,8
2023-11-15 18:00:00,SHORT,0.38,0.37,tp,0.004025,1,0.7245,8
2023-11-15 23:00:00,SHORT,0.38,0.38,sl,-0.003991,0,0.651,8
2023-11-16 00:00:00,SHORT,0.38,0.38,tp,0.004025,1,0.7342,8
2023-11-16 07:00:00,SHORT,0.4,0.39,tp,0.004025,1,0.6953,8
2023-11-16 08:00:00,LONG,0.4,0.4,sl,-0.004,0,0.7373,8
2023-11-16 09:00:00,LONG,0.4,0.4,tp,0.004,1,0.8304,8
2023-11-16 10:00:00,LONG,0.39,0.4,tp,0.004,1,0.7237,8
2023-11-16 11:00:00,LONG,0.39,0.39,sl,-0.004,0,0.6821,8
2023-11-16 12:00:00,LONG,0.39,0.39,sl,-0.004,0,0.7735,8
2023-11-16 13:00:00,SHORT,0.39,0.39,tp,0.004025,1,0.7027,8
2023-11-16 14:00:00,SHORT,0.39,0.39,tp,0.004025,1,0.6652,8
2023-11-16 15:00:00,LONG,0.38,0.38,sl,-0.004,0,0.8579,8
2023-11-16 16:00:00,LONG,0.38,0.38,sl,-0.004,0,0.6852,8
2023-11-16 17:00:00,LONG,0.38,0.38,tp,0.004,1,0.6809,8
2023-11-16 18:00:00,LONG,0.38,0.38,sl,-0.004,0,0.7397,8
2023-11-16 19:00:00,LONG,0.37,0.37,tp,0.004,1,0.8466,8
2023-11-16 20:00:00,SHORT,0.37,0.37,tp,0.004025,1,0.7595,8
2023-11-16 21:00:00,LONG,0.37,0.37,tp,0.004,1,0.711,8
2023-11-16 22:00:00,SHORT,0.37,0.37,tp,0.004025,1,0.6564,8
2023-11-16 23:00:00,SHORT,0.37,0.37,sl,-0.003991,0,0.7172,8
2023-11-17 07:00:00,LONG,0.37,0.37,tp,0.004,1,0.7369,8
2023-11-17 10:00:00,LONG,0.37,0.37,tp,0.004,1,0.6779,8
2023-11-17 14:00:00,LONG,0.36,0.36,sl,-0.004,0,0.7711,8
2023-11-17 15:00:00,LONG,0.36,0.36,tp,0.004,1,0.7647,8
2023-11-17 16:00:00,LONG,0.36,0.36,tp,0.004,1,0.6702,8
2023-11-17 17:00:00,SHORT,0.37,0.36,tp,0.004025,1,0.7035,8
2023-11-17 23:00:00,SHORT,0.37,0.37,tp,0.004025,1,0.6643,8
2023-11-18 05:00:00,LONG,0.35,0.35,sl,-0.004,0,0.7326,8
2023-11-18 06:00:00,LONG,0.35,0.35,tp,0.004,1,0.7028,8
2023-11-18 15:00:00,SHORT,0.37,0.37,sl,-0.003991,0,0.7182,8
2023-11-18 17:00:00,SHORT,0.37,0.37,sl,-0.003991,0,0.7376,8
2023-11-18 23:00:00,SHORT,0.38,0.38,tp,0.004025,1,0.6814,8
2023-11-21 17:00:00,LONG,0.37,0.37,sl,-0.004,0,0.7573,8
2023-11-21 18:00:00,LONG,0.37,0.37,tp,0.004,1,0.6881,8
2023-11-21 22:00:00,LONG,0.36,0.36,tp,0.004,1,0.8282,8
2023-11-21 23:00:00,SHORT,0.36,0.36,sl,-0.003991,0,0.764,8
2023-11-22 20:00:00,SHORT,0.38,0.38,tp,0.004025,1,0.7725,8
2023-11-23 23:00:00,SHORT,0.39,0.39,sl,-0.003991,0,0.6764,8
2023-12-04 11:00:00,LONG,0.4,0.41,tp,0.004,1,0.6598,8
2023-12-05 00:00:00,SHORT,0.41,0.41,tp,0.004025,1,0.6522,8
2023-12-05 23:00:00,SHORT,0.43,0.42,tp,0.004025,1,0.6838,8
2023-12-06 11:00:00,SHORT,0.44,0.43,tp,0.004025,1,0.7499,8
2023-12-06 12:00:00,SHORT,0.44,0.44,sl,-0.003991,0,0.7496,8
2023-12-06 13:00:00,SHORT,0.45,0.44,tp,0.004025,1,0.7199,8
2023-12-06 14:00:00,LONG,0.44,0.44,tp,0.004,1,0.7155,8
2023-12-06 15:00:00,SHORT,0.45,0.45,tp,0.004025,1,0.7834,8
2023-12-06 16:00:00,LONG,0.44,0.45,tp,0.004,1,0.7069,8
2023-12-06 23:00:00,LONG,0.44,0.45,tp,0.004,1,0.6723,8
2023-12-07 00:00:00,SHORT,0.45,0.45,tp,0.004025,1,0.6719,8
2023-12-07 04:00:00,SHORT,0.45,0.45,tp,0.004025,1,0.6575,8
2023-12-07 08:00:00,LONG,0.44,0.44,tp,0.004,1,0.7417,8
2023-12-07 09:00:00,LONG,0.44,0.44,sl,-0.004,0,0.6836,8
2023-12-07 10:00:00,LONG,0.44,0.44,tp,0.004,1,0.6624,8
2023-12-07 16:00:00,SHORT,0.45,0.45,tp,0.004025,1,0.7815,8
2023-12-07 17:00:00,LONG,0.46,0.45,sl,-0.004,0,0.6624,8
2023-12-07 21:00:00,SHORT,0.46,0.46,tp,0.004025,1,0.6669,8
2023-12-08 05:00:00,SHORT,0.47,0.47,sl,-0.003991,0,0.7128,8
2023-12-08 06:00:00,SHORT,0.48,0.48,tp,0.004025,1,0.676,8
2023-12-08 08:00:00,SHORT,0.48,0.48,sl,-0.003991,0,0.692,8
2023-12-08 09:00:00,SHORT,0.49,0.5,sl,-0.003991,0,0.7184,8
2023-12-08 10:00:00,SHORT,0.49,0.5,sl,-0.003991,0,0.7328,8
2023-12-08 11:00:00,SHORT,0.52,0.52,tp,0.004025,1,0.874,8
2023-12-08 12:00:00,SHORT,0.52,0.52,tp,0.004025,1,0.7846,8
2023-12-08 13:00:00,SHORT,0.51,0.52,sl,-0.003991,0,0.7701,8
2023-12-08 14:00:00,SHORT,0.53,0.53,sl,-0.003991,0,0.85,8
2023-12-08 15:00:00,SHORT,0.55,0.55,sl,-0.003991,0,0.8751,8
2023-12-08 16:00:00,SHORT,0.55,0.55,tp,0.004025,1,0.8449,8
2023-12-08 17:00:00,LONG,0.54,0.54,tp,0.004,1,0.8654,8
2023-12-08 18:00:00,LONG,0.54,0.53,sl,-0.004,0,0.7651,8
2023-12-08 19:00:00,LONG,0.53,0.54,tp,0.004,1,0.7388,8
2023-12-08 20:00:00,SHORT,0.55,0.55,tp,0.004025,1,0.8597,8
2023-12-08 21:00:00,SHORT,0.55,0.55,sl,-0.003991,0,0.7402,8
2023-12-08 22:00:00,SHORT,0.55,0.55,sl,-0.003991,0,0.7425,8
2023-12-08 23:00:00,SHORT,0.55,0.55,sl,-0.003991,0,0.7173,8
2023-12-09 00:00:00,SHORT,0.56,0.56,tp,0.004025,1,0.84,8
2023-12-09 01:00:00,SHORT,0.56,0.55,tp,0.004025,1,0.7816,8
2023-12-09 02:00:00,SHORT,0.56,0.57,sl,-0.003991,0,0.8424,8
2023-12-09 03:00:00,SHORT,0.58,0.58,sl,-0.003991,0,0.8761,8
2023-12-09 04:00:00,SHORT,0.6,0.59,tp,0.004025,1,0.8907,8
2023-12-09 05:00:00,SHORT,0.59,0.59,tp,0.004025,1,0.7891,8
2023-12-09 06:00:00,SHORT,0.59,0.59,sl,-0.003991,0,0.767,8
2023-12-09 07:00:00,SHORT,0.62,0.62,tp,0.004025,1,0.8768,8
2023-12-09 08:00:00,LONG,0.61,0.62,tp,0.004,1,0.8629,8
2023-12-09 09:00:00,SHORT,0.62,0.62,sl,-0.003991,0,0.8589,8
2023-12-09 10:00:00,SHORT,0.63,0.63,tp,0.004025,1,0.8795,8
2023-12-09 11:00:00,LONG,0.62,0.63,tp,0.004,1,0.8322,8
2023-12-09 12:00:00,SHORT,0.63,0.63,tp,0.004025,1,0.8325,8
2023-12-09 13:00:00,LONG,0.62,0.62,sl,-0.004,0,0.8605,8
2023-12-09 14:00:00,LONG,0.61,0.61,tp,0.004,1,0.8738,8
2023-12-09 15:00:00,SHORT,0.61,0.61,tp,0.004025,1,0.7499,8
2023-12-09 16:00:00,LONG,0.59,0.59,sl,-0.004,0,0.8828,8
2023-12-09 17:00:00,LONG,0.57,0.57,tp,0.004,1,0.8976,8
2023-12-09 18:00:00,SHORT,0.59,0.59,tp,0.004025,1,0.8623,8
2023-12-09 19:00:00,SHORT,0.59,0.59,tp,0.004025,1,0.772,8
2023-12-09 20:00:00,SHORT,0.59,0.59,tp,0.004025,1,0.789,8
2023-12-09 21:00:00,SHORT,0.59,0.59,tp,0.004025,1,0.7269,8
2023-12-09 22:00:00,LONG,0.58,0.59,tp,0.004,1,0.7549,8
2023-12-09 23:00:00,LONG,0.58,0.58,tp,0.004,1,0.7324,8
2023-12-10 00:00:00,SHORT,0.6,0.6,tp,0.004025,1,0.8803,8
2023-12-10 01:00:00,SHORT,0.6,0.59,tp,0.004025,1,0.7788,8
2023-12-10 02:00:00,LONG,0.59,0.59,tp,0.004,1,0.7376,8
2023-12-10 03:00:00,SHORT,0.59,0.59,tp,0.004025,1,0.6896,8
2023-12-10 04:00:00,SHORT,0.6,0.6,sl,-0.003991,0,0.7046,8
2023-12-10 05:00:00,LONG,0.6,0.6,tp,0.004,1,0.6606,8
2023-12-10 07:00:00,LONG,0.59,0.59,tp,0.004,1,0.687,8
2023-12-10 08:00:00,LONG,0.58,0.59,tp,0.004,1,0.725,8
2023-12-10 09:00:00,LONG,0.57,0.57,tp,0.004,1,0.8923,8
2023-12-10 10:00:00,SHORT,0.59,0.59,sl,-0.003991,0,0.8279,8
2023-12-10 11:00:00,SHORT,0.59,0.59,tp,0.004025,1,0.7381,8
2023-12-10 12:00:00,SHORT,0.59,0.59,tp,0.004025,1,0.7594,8
2023-12-10 13:00:00,SHORT,0.59,0.59,sl,-0.003991,0,0.6564,8
2023-12-10 14:00:00,SHORT,0.59,0.59,tp,0.004025,1,0.6552,8
2023-12-10 15:00:00,SHORT,0.59,0.59,tp,0.004025,1,0.6519,8
2023-12-10 17:00:00,SHORT,0.59,0.59,sl,-0.003991,0,0.6626,8
2023-12-10 19:00:00,SHORT,0.6,0.6,sl,-0.003991,0,0.7007,8
2023-12-10 20:00:00,SHORT,0.61,0.61,tp,0.004025,1,0.8275,8
2023-12-10 21:00:00,LONG,0.6,0.6,tp,0.004,1,0.857,8
2023-12-10 22:00:00,SHORT,0.6,0.59,tp,0.004025,1,0.6573,8
2023-12-10 23:00:00,SHORT,0.59,0.59,tp,0.004025,1,0.6897,8
2023-12-11 02:00:00,SHORT,0.55,0.55,sl,-0.003991,0,0.8911,8
2023-12-11 03:00:00,SHORT,0.56,0.56,tp,0.004025,1,0.8489,8
2023-12-11 04:00:00,SHORT,0.56,0.56,tp,0.004025,1,0.808,8
2023-12-11 05:00:00,SHORT,0.55,0.55,tp,0.004025,1,0.8275,8
2023-12-11 06:00:00,SHORT,0.55,0.55,sl,-0.003991,0,0.8357,8
2023-12-11 07:00:00,SHORT,0.55,0.55,tp,0.004025,1,0.7853,8
2023-12-11 08:00:00,SHORT,0.56,0.56,tp,0.004025,1,0.7974,8
2023-12-11 09:00:00,SHORT,0.56,0.55,tp,0.004025,1,0.7901,8
2023-12-11 10:00:00,SHORT,0.56,0.55,tp,0.004025,1,0.7214,8
2023-12-11 11:00:00,SHORT,0.55,0.55,tp,0.004025,1,0.7683,8
2023-12-11 12:00:00,LONG,0.55,0.55,tp,0.004,1,0.7765,8
2023-12-11 13:00:00,SHORT,0.55,0.55,tp,0.004025,1,0.7333,8
2023-12-11 14:00:00,LONG,0.54,0.54,tp,0.004,1,0.8782,8
2023-12-11 15:00:00,SHORT,0.55,0.54,tp,0.004025,1,0.8007,8
2023-12-11 16:00:00,SHORT,0.55,0.55,tp,0.004025,1,0.7416,8
2023-12-11 17:00:00,LONG,0.54,0.54,sl,-0.004,0,0.8672,8
2023-12-11 18:00:00,LONG,0.53,0.53,sl,-0.004,0,0.784,8
2023-12-11 19:00:00,LONG,0.53,0.54,tp,0.004,1,0.7932,8
2023-12-11 20:00:00,SHORT,0.54,0.54,sl,-0.003991,0,0.77,8
2023-12-11 21:00:00,SHORT,0.56,0.55,tp,0.004025,1,0.8826,8
2023-12-11 22:00:00,SHORT,0.55,0.55,tp,0.004025,1,0.7471,8
2023-12-11 23:00:00,SHORT,0.55,0.55,sl,-0.003991,0,0.6922,8
2023-12-12 02:00:00,SHORT,0.56,0.56,tp,0.004025,1,0.7805,8
2023-12-12 03:00:00,SHORT,0.56,0.56,tp,0.004025,1,0.7026,8
2023-12-12 04:00:00,LONG,0.56,0.56,tp,0.004,1,0.6889,8
2023-12-12 05:00:00,SHORT,0.56,0.57,sl,-0.003991,0,0.747,8
2023-12-12 06:00:00,SHORT,0.57,0.58,sl,-0.003991,0,0.8009,8
2023-12-12 07:00:00,SHORT,0.59,0.59,tp,0.004025,1,0.8816,8
2023-12-12 08:00:00,SHORT,0.6,0.6,tp,0.004025,1,0.8331,8
2023-12-12 09:00:00,SHORT,0.59,0.59,sl,-0.003991,0,0.7732,8
2023-12-12 10:00:00,SHORT,0.6,0.6,tp,0.004025,1,0.7987,8
2023-12-12 11:00:00,LONG,0.59,0.59,tp,0.004,1,0.8553,8
2023-12-12 12:00:00,SHORT,0.59,0.6,sl,-0.003991,0,0.7435,8
2023-12-12 13:00:00,SHORT,0.59,0.59,tp,0.004025,1,0.7215,8
2023-12-12 14:00:00,LONG,0.59,0.59,sl,-0.004,0,0.7794,8
2023-12-12 15:00:00,SHORT,0.58,0.58,tp,0.004025,1,0.7748,8
2023-12-12 16:00:00,LONG,0.57,0.57,sl,-0.004,0,0.8261,8
2023-12-12 17:00:00,LONG,0.56,0.56,tp,0.004,1,0.8959,8
2023-12-12 18:00:00,SHORT,0.58,0.58,tp,0.004025,1,0.8562,8
2023-12-12 19:00:00,SHORT,0.57,0.57,tp,0.004025,1,0.8029,8
2023-12-12 20:00:00,SHORT,0.57,0.57,tp,0.004025,1,0.7535,8
2023-12-12 21:00:00,LONG,0.56,0.56,tp,0.004,1,0.8606,8
2023-12-12 22:00:00,SHORT,0.57,0.57,sl,-0.003991,0,0.7381,8
2023-12-12 23:00:00,SHORT,0.58,0.58,tp,0.004025,1,0.8654,8
2023-12-13 00:00:00,SHORT,0.58,0.58,tp,0.004025,1,0.8003,8
2023-12-13 01:00:00,LONG,0.56,0.56,tp,0.004,1,0.8459,8
2023-12-13 02:00:00,SHORT,0.56,0.56,tp,0.004025,1,0.7465,8
2023-12-13 03:00:00,LONG,0.56,0.56,tp,0.004,1,0.7156,8
2023-12-13 04:00:00,SHORT,0.56,0.56,tp,0.004025,1,0.7814,8
2023-12-13 05:00:00,SHORT,0.56,0.56,tp,0.004025,1,0.6928,8
2023-12-13 06:00:00,LONG,0.55,0.55,tp,0.004,1,0.8649,8
2023-12-13 07:00:00,SHORT,0.56,0.56,sl,-0.003991,0,0.7977,8
2023-12-13 08:00:00,SHORT,0.57,0.57,sl,-0.003991,0,0.8183,8
2023-12-13 09:00:00,SHORT,0.57,0.57,tp,0.004025,1,0.753,8
2023-12-13 10:00:00,LONG,0.57,0.57,tp,0.004,1,0.7125,8
2023-12-13 11:00:00,LONG,0.58,0.58,tp,0.004,1,0.7966,8
2023-12-13 12:00:00,LONG,0.58,0.58,tp,0.004,1,0.8,8
2023-12-13 13:00:00,SHORT,0.61,0.61,tp,0.004025,1,0.8849,8
2023-12-13 14:00:00,SHORT,0.62,0.62,sl,-0.003991,0,0.8239,8
2023-12-13 15:00:00,SHORT,0.63,0.62,tp,0.004025,1,0.8362,8
2023-12-13 16:00:00,LONG,0.61,0.61,tp,0.004,1,0.9012,8
2023-12-13 17:00:00,LONG,0.61,0.62,tp,0.004,1,0.7161,8
2023-12-13 18:00:00,LONG,0.61,0.62,tp,0.004,1,0.7411,8
2023-12-13 19:00:00,SHORT,0.64,0.64,tp,0.004025,1,0.8722,8
2023-12-13 20:00:00,LONG,0.64,0.64,tp,0.004,1,0.8266,8
2023-12-13 21:00:00,SHORT,0.65,0.65,sl,-0.003991,0,0.8624,8
2023-12-13 22:00:00,SHORT,0.66,0.66,tp,0.004025,1,0.8349,8
2023-12-13 23:00:00,SHORT,0.67,0.66,tp,0.004025,1,0.8374,8
2023-12-14 00:00:00,SHORT,0.66,0.66,sl,-0.003991,0,0.7674,8
2023-12-14 01:00:00,SHORT,0.68,0.67,tp,0.004025,1,0.8572,8
2023-12-14 02:00:00,LONG,0.66,0.66,sl,-0.004,0,0.8437,8
2023-12-14 03:00:00,LONG,0.66,0.65,sl,-0.004,0,0.7413,8
2023-12-14 04:00:00,LONG,0.65,0.65,tp,0.004,1,0.8354,8
2023-12-14 05:00:00,SHORT,0.65,0.65,sl,-0.003991,0,0.7072,8
2023-12-14 06:00:00,SHORT,0.66,0.66,tp,0.004025,1,0.7297,8
2023-12-14 07:00:00,SHORT,0.66,0.65,tp,0.004025,1,0.698,8
2023-12-14 08:00:00,LONG,0.64,0.64,tp,0.004,1,0.8769,8
2023-12-14 09:00:00,SHORT,0.64,0.65,sl,-0.003991,0,0.7275,8
2023-12-14 10:00:00,SHORT,0.65,0.66,sl,-0.003991,0,0.7426,8
2023-12-14 11:00:00,SHORT,0.66,0.65,tp,0.004025,1,0.7335,8
2023-12-14 12:00:00,SHORT,0.65,0.65,tp,0.004025,1,0.6837,8
2023-12-14 13:00:00,LONG,0.64,0.64,tp,0.004,1,0.85,8
2023-12-14 14:00:00,SHORT,0.63,0.63,tp,0.004025,1,0.7741,8
2023-12-14 15:00:00,SHORT,0.64,0.64,sl,-0.003991,0,0.7513,8
2023-12-14 16:00:00,SHORT,0.64,0.63,tp,0.004025,1,0.7581,8
2023-12-14 17:00:00,SHORT,0.64,0.64,tp,0.004025,1,0.7364,8
2023-12-14 18:00:00,SHORT,0.63,0.64,sl,-0.003991,0,0.757,8
2023-12-14 23:00:00,SHORT,0.64,0.64,tp,0.004025,1,0.6582,8
2023-12-15 00:00:00,LONG,0.64,0.64,tp,0.004,1,0.695,8
2023-12-15 06:00:00,LONG,0.63,0.63,sl,-0.004,0,0.6774,8
2023-12-15 08:00:00,SHORT,0.64,0.64,tp,0.004025,1,0.7186,8
2023-12-15 13:00:00,LONG,0.63,0.63,tp,0.004,1,0.7217,8
2023-12-15 14:00:00,LONG,0.62,0.62,sl,-0.004,0,0.7342,8
2023-12-15 15:00:00,SHORT,0.62,0.62,tp,0.004025,1,0.683,8
2023-12-15 16:00:00,LONG,0.62,0.62,tp,0.004,1,0.7037,8
2023-12-15 17:00:00,LONG,0.62,0.62,tp,0.004,1,0.6995,8
2023-12-15 19:00:00,LONG,0.62,0.62,tp,0.004,1,0.8187,8
2023-12-15 21:00:00,LONG,0.62,0.61,sl,-0.004,0,0.7206,8
2023-12-15 22:00:00,LONG,0.61,0.61,sl,-0.004,0,0.7924,8
2023-12-15 23:00:00,LONG,0.6,0.6,tp,0.004,1,0.8306,8
2023-12-16 00:00:00,LONG,0.6,0.6,tp,0.004,1,0.7478,8
2023-12-16 11:00:00,SHORT,0.62,0.62,sl,-0.003991,0,0.6603,8
2023-12-17 06:00:00,LONG,0.6,0.6,sl,-0.004,0,0.6576,8
2023-12-17 07:00:00,LONG,0.59,0.6,tp,0.004,1,0.7653,8
2023-12-17 13:00:00,LONG,0.59,0.6,tp,0.004,1,0.6609,8
2023-12-17 14:00:00,LONG,0.59,0.59,tp,0.004,1,0.6646,8
2023-12-17 21:00:00,LONG,0.59,0.59,sl,-0.004,0,0.6561,8
2023-12-17 22:00:00,LONG,0.58,0.58,sl,-0.004,0,0.7223,8
2023-12-17 23:00:00,LONG,0.58,0.58,tp,0.004,1,0.6753,8
2023-12-18 01:00:00,LONG,0.57,0.57,tp,0.004,1,0.808,8
2023-12-18 02:00:00,LONG,0.56,0.57,tp,0.004,1,0.7502,8
2023-12-18 07:00:00,LONG,0.57,0.57,sl,-0.004,0,0.7123,8
2023-12-18 08:00:00,LONG,0.57,0.57,sl,-0.004,0,0.7014,8
2023-12-18 09:00:00,LONG,0.56,0.56,sl,-0.004,0,0.8181,8
2023-12-18 10:00:00,LONG,0.55,0.56,tp,0.004,1,0.7447,8
2023-12-18 11:00:00,LONG,0.56,0.56,sl,-0.004,0,0.6799,8
2023-12-18 12:00:00,LONG,0.56,0.56,tp,0.004,1,0.6628,8
2023-12-18 13:00:00,SHORT,0.57,0.57,sl,-0.003991,0,0.6582,8
2023-12-18 14:00:00,LONG,0.57,0.57,sl,-0.004,0,0.6994,8
2023-12-18 21:00:00,SHORT,0.6,0.6,tp,0.004025,1,0.7395,8
2023-12-18 23:00:00,SHORT,0.6,0.6,tp,0.004025,1,0.7102,8
2023-12-19 01:00:00,SHORT,0.61,0.61,tp,0.004025,1,0.7514,8
2023-12-19 14:00:00,LONG,0.58,0.58,tp,0.004,1,0.7608,8
2023-12-19 17:00:00,LONG,0.57,0.57,tp,0.004,1,0.8289,8
2023-12-19 20:00:00,LONG,0.57,0.58,tp,0.004,1,0.6565,8
2023-12-19 22:00:00,LONG,0.58,0.58,tp,0.004,1,0.6684,8
2023-12-19 23:00:00,SHORT,0.58,0.58,sl,-0.003991,0,0.6502,8
2023-12-20 01:00:00,LONG,0.57,0.58,tp,0.004,1,0.6881,8
2023-12-20 13:00:00,SHORT,0.6,0.6,tp,0.004025,1,0.696,8
2023-12-20 16:00:00,LONG,0.59,0.6,tp,0.004,1,0.681,8
2023-12-20 19:00:00,LONG,0.59,0.59,sl,-0.004,0,0.7269,8
2023-12-20 20:00:00,LONG,0.58,0.59,tp,0.004,1,0.8015,8
2023-12-21 10:00:00,SHORT,0.61,0.61,sl,-0.003991,0,0.6843,8
2023-12-21 11:00:00,SHORT,0.61,0.61,tp,0.004025,1,0.6651,8
2023-12-21 14:00:00,LONG,0.6,0.6,tp,0.004,1,0.7635,8
2023-12-21 17:00:00,LONG,0.62,0.62,tp,0.004,1,0.6935,8
2023-12-21 18:00:00,LONG,0.61,0.62,tp,0.004,1,0.72,8
2023-12-21 21:00:00,SHORT,0.62,0.63,sl,-0.003991,0,0.6837,8
2023-12-21 22:00:00,SHORT,0.63,0.63,sl,-0.003991,0,0.7683,8
2023-12-21 23:00:00,SHORT,0.63,0.64,sl,-0.003991,0,0.6851,8
2023-12-22 00:00:00,SHORT,0.64,0.64,tp,0.004025,1,0.6934,8
2023-12-22 02:00:00,LONG,0.63,0.63,sl,-0.004,0,0.759,8
2023-12-22 03:00:00,LONG,0.63,0.63,sl,-0.004,0,0.6809,8
2023-12-22 06:00:00,LONG,0.62,0.62,sl,-0.004,0,0.8232,8
2023-12-22 07:00:00,LONG,0.61,0.62,tp,0.004,1,0.7014,8
2023-12-22 08:00:00,LONG,0.61,0.62,tp,0.004,1,0.6952,8
2023-12-23 01:00:00,LONG,0.6,0.61,tp,0.004,1,0.7378,8
2023-12-23 02:00:00,LONG,0.6,0.6,tp,0.004,1,0.6525,8
2023-12-24 01:00:00,SHORT,0.62,0.62,tp,0.004025,1,0.7114,8
2023-12-24 22:00:00,SHORT,0.59,0.6,sl,-0.003991,0,0.6938,8
2023-12-24 23:00:00,LONG,0.59,0.6,tp,0.004,1,0.7054,8
2023-12-26 17:00:00,SHORT,0.59,0.58,tp,0.004025,1,0.813,8
2023-12-27 02:00:00,LONG,0.59,0.59,tp,0.004,1,0.796,8
2023-12-27 03:00:00,LONG,0.59,0.59,tp,0.004,1,0.6564,8
2023-12-27 10:00:00,SHORT,0.61,0.61,tp,0.004025,1,0.662,8
2023-12-27 16:00:00,SHORT,0.63,0.63,tp,0.004025,1,0.6579,8
2023-12-27 17:00:00,LONG,0.63,0.63,tp,0.004,1,0.6579,8
2023-12-27 21:00:00,SHORT,0.64,0.64,tp,0.004025,1,0.683,8
2023-12-27 22:00:00,LONG,0.63,0.64,tp,0.004,1,0.6945,8
2023-12-28 00:00:00,SHORT,0.65,0.65,tp,0.004025,1,0.7199,8
2023-12-28 02:00:00,SHORT,0.65,0.65,sl,-0.003991,0,0.7069,8
2023-12-28 03:00:00,SHORT,0.66,0.66,tp,0.004025,1,0.7396,8
2023-12-28 04:00:00,LONG,0.65,0.66,tp,0.004,1,0.787,8
2023-12-28 05:00:00,LONG,0.65,0.65,sl,-0.004,0,0.7509,8
2023-12-28 06:00:00,LONG,0.64,0.65,tp,0.004,1,0.6834,8
2023-12-28 07:00:00,SHORT,0.66,0.66,tp,0.004025,1,0.7545,8
2023-12-28 08:00:00,LONG,0.65,0.65,sl,-0.004,0,0.8265,8
2023-12-28 09:00:00,LONG,0.65,0.65,tp,0.004,1,0.6651,8
2023-12-28 12:00:00,LONG,0.63,0.63,tp,0.004,1,0.8627,8
2023-12-28 13:00:00,SHORT,0.63,0.63,tp,0.004025,1,0.6902,8
2023-12-28 14:00:00,LONG,0.62,0.62,sl,-0.004,0,0.8484,8
2023-12-28 15:00:00,SHORT,0.62,0.61,tp,0.004025,1,0.772,8
2023-12-28 16:00:00,SHORT,0.62,0.62,sl,-0.003991,0,0.7183,8
2023-12-28 17:00:00,LONG,0.63,0.63,tp,0.004,1,0.7341,8
2023-12-28 18:00:00,LONG,0.62,0.63,tp,0.004,1,0.681,8
2023-12-28 21:00:00,LONG,0.62,0.62,tp,0.004,1,0.6544,8
2023-12-28 23:00:00,LONG,0.62,0.62,tp,0.004,1,0.715,8
2023-12-29 00:00:00,LONG,0.61,0.61,tp,0.004,1,0.7888,8
2023-12-29 01:00:00,LONG,0.6,0.61,tp,0.004,1,0.7134,8
2023-12-29 07:00:00,LONG,0.61,0.61,tp,0.004,1,0.7402,8
2023-12-29 15:00:00,LONG,0.6,0.6,sl,-0.004,0,0.6876,8
2023-12-29 16:00:00,LONG,0.6,0.6,tp,0.004,1,0.7529,8
2023-12-29 17:00:00,LONG,0.6,0.6,tp,0.004,1,0.6758,8
2024-01-02 20:00:00,LONG,0.61,0.6,sl,-0.004,0,0.657,9
2024-01-03 11:00:00,SHORT,0.6,0.59,tp,0.004025,1,0.6915,9
2024-01-03 12:00:00,SHORT,0.56,0.56,tp,0.004025,1,0.8747,9
2024-01-03 13:00:00,SHORT,0.56,0.55,tp,0.004025,1,0.8526,9
2024-01-03 14:00:00,LONG,0.55,0.55,tp,0.004,1,0.871,9
2024-01-03 15:00:00,SHORT,0.56,0.56,tp,0.004025,1,0.913,9
2024-01-03 16:00:00,SHORT,0.57,0.56,tp,0.004025,1,0.835,9
2024-01-03 17:00:00,SHORT,0.56,0.56,tp,0.004025,1,0.7765,9
2024-01-03 18:00:00,LONG,0.55,0.55,tp,0.004,1,0.8589,9
2024-01-03 19:00:00,LONG,0.55,0.56,tp,0.004,1,0.7854,9
2024-01-03 20:00:00,SHORT,0.56,0.56,tp,0.004025,1,0.7007,9
2024-01-03 21:00:00,SHORT,0.56,0.56,tp,0.004025,1,0.7103,9
2024-01-03 22:00:00,LONG,0.56,0.56,sl,-0.004,0,0.7112,9
2024-01-03 23:00:00,LONG,0.56,0.56,tp,0.004,1,0.7492,9
2024-01-04 01:00:00,LONG,0.55,0.55,tp,0.004,1,0.7655,9
2024-01-04 05:00:00,LONG,0.56,0.56,sl,-0.004,0,0.6641,9
2024-01-04 07:00:00,LONG,0.56,0.56,tp,0.004,1,0.7583,9
2024-01-04 08:00:00,LONG,0.56,0.56,tp,0.004,1,0.6955,9
2024-01-04 11:00:00,LONG,0.56,0.56,tp,0.004,1,0.7306,9
2024-01-04 14:00:00,SHORT,0.57,0.57,sl,-0.003991,0,0.6717,9
2024-01-04 23:00:00,SHORT,0.57,0.57,tp,0.004025,1,0.6512,9
2024-01-05 01:00:00,SHORT,0.55,0.55,tp,0.004025,1,0.7453,9
2024-01-05 02:00:00,LONG,0.55,0.56,tp,0.004,1,0.6853,9
2024-01-05 03:00:00,LONG,0.55,0.55,sl,-0.004,0,0.6773,9
2024-01-05 10:00:00,LONG,0.55,0.54,sl,-0.004,0,0.7005,9
2024-01-05 11:00:00,SHORT,0.54,0.54,tp,0.004025,1,0.6595,9
2024-01-05 14:00:00,LONG,0.53,0.53,tp,0.004,1,0.8327,9
2024-01-05 15:00:00,LONG,0.53,0.53,tp,0.004,1,0.7326,9
2024-01-05 16:00:00,LONG,0.53,0.53,tp,0.004,1,0.73,9
2024-01-05 18:00:00,LONG,0.53,0.53,sl,-0.004,0,0.6639,9
2024-01-05 23:00:00,SHORT,0.54,0.54,sl,-0.003991,0,0.6969,9
2024-01-06 05:00:00,LONG,0.52,0.52,sl,-0.004,0,0.6933,9
2024-01-06 06:00:00,LONG,0.51,0.51,tp,0.004,1,0.8134,9
2024-01-06 07:00:00,LONG,0.52,0.52,tp,0.004,1,0.6622,9
2024-01-07 22:00:00,LONG,0.49,0.5,tp,0.004,1,0.8038,9
2024-01-07 23:00:00,LONG,0.49,0.5,tp,0.004,1,0.6754,9
2024-01-08 00:00:00,LONG,0.49,0.49,tp,0.004,1,0.7371,9
2024-01-08 01:00:00,LONG,0.49,0.49,sl,-0.004,0,0.7597,9
2024-01-08 02:00:00,LONG,0.47,0.47,sl,-0.004,0,0.846,9
2024-01-08 03:00:00,LONG,0.47,0.48,tp,0.004,1,0.7477,9
2024-01-08 04:00:00,SHORT,0.48,0.48,tp,0.004025,1,0.7412,9
2024-01-08 06:00:00,LONG,0.49,0.49,tp,0.004,1,0.6972,9
2024-01-08 07:00:00,LONG,0.49,0.49,tp,0.004,1,0.6742,9
2024-01-08 08:00:00,LONG,0.49,0.49,sl,-0.004,0,0.6981,9
2024-01-08 09:00:00,LONG,0.49,0.49,tp,0.004,1,0.6882,9
2024-01-08 10:00:00,LONG,0.49,0.5,tp,0.004,1,0.65,9
2024-01-08 11:00:00,SHORT,0.5,0.5,sl,-0.003991,0,0.6587,9
2024-01-08 12:00:00,LONG,0.51,0.51,sl,-0.004,0,0.7062,9
2024-01-08 14:00:00,LONG,0.51,0.51,tp,0.004,1,0.6781,9
2024-01-08 17:00:00,SHORT,0.52,0.52,sl,-0.003991,0,0.75,9
2024-01-08 18:00:00,SHORT,0.54,0.54,tp,0.004025,1,0.8076,9
2024-01-08 19:00:00,SHORT,0.54,0.54,tp,0.004025,1,0.7585,9
2024-01-08 20:00:00,LONG,0.53,0.54,tp,0.004,1,0.7874,9
2024-01-08 22:00:00,SHORT,0.54,0.54,tp,0.004025,1,0.6553,9
2024-01-08 23:00:00,SHORT,0.54,0.54,tp,0.004025,1,0.6685,9
2024-01-09 00:00:00,LONG,0.53,0.53,sl,-0.004,0,0.7221,9
2024-01-09 08:00:00,LONG,0.52,0.52,sl,-0.004,0,0.7588,9
2024-01-09 09:00:00,LONG,0.52,0.52,tp,0.004,1,0.657,9
2024-01-09 10:00:00,LONG,0.52,0.53,tp,0.004,1,0.7097,9
2024-01-09 12:00:00,SHORT,0.51,0.51,sl,-0.003991,0,0.8042,9
2024-01-09 13:00:00,SHORT,0.52,0.51,tp,0.004025,1,0.7355,9
2024-01-09 14:00:00,LONG,0.51,0.51,tp,0.004,1,0.8287,9
2024-01-09 15:00:00,SHORT,0.51,0.51,tp,0.004025,1,0.6974,9
2024-01-09 16:00:00,LONG,0.51,0.51,tp,0.004,1,0.6964,9
2024-01-09 17:00:00,LONG,0.51,0.51,tp,0.004,1,0.6903,9
2024-01-09 19:00:00,LONG,0.51,0.5,sl,-0.004,0,0.6509,9
2024-01-09 20:00:00,LONG,0.5,0.5,tp,0.004,1,0.7964,9
2024-01-09 21:00:00,LONG,0.5,0.51,tp,0.004,1,0.757,9
2024-01-09 22:00:00,LONG,0.51,0.51,sl,-0.004,0,0.6902,9
2024-01-09 23:00:00,SHORT,0.51,0.51,sl,-0.003991,0,0.7121,9
2024-01-10 02:00:00,LONG,0.51,0.51,tp,0.004,1,0.674,9
2024-01-10 08:00:00,LONG,0.5,0.5,tp,0.004,1,0.6944,9
2024-01-10 09:00:00,SHORT,0.52,0.51,tp,0.004025,1,0.6978,9
2024-01-10 10:00:00,LONG,0.51,0.51,tp,0.004,1,0.7593,9
2024-01-10 12:00:00,SHORT,0.49,0.49,tp,0.004025,1,0.8406,9
2024-01-10 13:00:00,SHORT,0.5,0.49,tp,0.004025,1,0.7526,9
2024-01-10 14:00:00,LONG,0.49,0.5,tp,0.004,1,0.7914,9
2024-01-10 15:00:00,SHORT,0.51,0.5,tp,0.004025,1,0.8312,9
2024-01-10 16:00:00,LONG,0.5,0.5,tp,0.004,1,0.7569,9
2024-01-10 17:00:00,SHORT,0.51,0.51,tp,0.004025,1,0.805,9
2024-01-10 18:00:00,SHORT,0.51,0.51,tp,0.004025,1,0.6813,9
2024-01-10 19:00:00,SHORT,0.52,0.52,tp,0.004025,1,0.7556,9
2024-01-10 20:00:00,SHORT,0.53,0.53,sl,-0.003991,0,0.8826,9
2024-01-10 21:00:00,SHORT,0.55,0.56,sl,-0.003991,0,0.8966,9
2024-01-10 22:00:00,SHORT,0.57,0.57,tp,0.004025,1,0.85,9
2024-01-10 23:00:00,LONG,0.57,0.57,tp,0.004,1,0.8747,9
2024-01-11 00:00:00,SHORT,0.57,0.57,tp,0.004025,1,0.7776,9
2024-01-11 01:00:00,LONG,0.57,0.58,tp,0.004,1,0.7475,9
2024-01-11 02:00:00,LONG,0.57,0.58,tp,0.004,1,0.6702,9
2024-01-11 03:00:00,SHORT,0.58,0.58,tp,0.004025,1,0.691,9
2024-01-11 04:00:00,LONG,0.58,0.58,sl,-0.004,0,0.7124,9
2024-01-11 05:00:00,LONG,0.57,0.57,sl,-0.004,0,0.7656,9
2024-01-11 06:00:00,LONG,0.56,0.57,tp,0.004,1,0.7103,9
2024-01-11 07:00:00,SHORT,0.58,0.58,sl,-0.003991,0,0.8076,9
2024-01-11 08:00:00,SHORT,0.58,0.58,tp,0.004025,1,0.7732,9
2024-01-11 09:00:00,SHORT,0.58,0.58,sl,-0.003991,0,0.7066,9
2024-01-11 10:00:00,SHORT,0.59,0.59,tp,0.004025,1,0.8912,9
2024-01-11 11:00:00,SHORT,0.6,0.6,sl,-0.003991,0,0.838,9
2024-01-11 12:00:00,SHORT,0.61,0.61,tp,0.004025,1,0.8922,9
2024-01-11 13:00:00,LONG,0.6,0.6,tp,0.004,1,0.8499,9
2024-01-11 14:00:00,SHORT,0.6,0.6,tp,0.004025,1,0.8117,9
2024-01-11 15:00:00,LONG,0.58,0.59,tp,0.004,1,0.8425,9
2024-01-11 16:00:00,SHORT,0.58,0.57,tp,0.004025,1,0.7799,9
2024-01-11 17:00:00,SHORT,0.58,0.58,tp,0.004025,1,0.7272,9
2024-01-11 18:00:00,SHORT,0.58,0.58,tp,0.004025,1,0.7166,9
2024-01-11 19:00:00,SHORT,0.58,0.58,tp,0.004025,1,0.7277,9
2024-01-11 20:00:00,LONG,0.58,0.58,tp,0.004,1,0.8007,9
2024-01-11 21:00:00,LONG,0.58,0.58,sl,-0.004,0,0.6591,9
2024-01-11 22:00:00,SHORT,0.58,0.58,sl,-0.003991,0,0.6725,9
2024-01-11 23:00:00,SHORT,0.58,0.58,tp,0.004025,1,0.727,9
2024-01-12 00:00:00,SHORT,0.58,0.58,tp,0.004025,1,0.6566,9
2024-01-12 01:00:00,SHORT,0.58,0.58,sl,-0.003991,0,0.6662,9
2024-01-12 02:00:00,SHORT,0.58,0.58,tp,0.004025,1,0.653,9
2024-01-12 05:00:00,SHORT,0.59,0.58,tp,0.004025,1,0.6648,9
2024-01-12 15:00:00,LONG,0.57,0.57,tp,0.004,1,0.7541,9
2024-01-12 16:00:00,LONG,0.55,0.56,tp,0.004,1,0.7898,9
2024-01-12 17:00:00,SHORT,0.56,0.55,tp,0.004025,1,0.8027,9
2024-01-12 18:00:00,SHORT,0.56,0.56,sl,-0.003991,0,0.7016,9
2024-01-12 21:00:00,LONG,0.55,0.55,sl,-0.004,0,0.7874,9
2024-01-12 22:00:00,SHORT,0.54,0.55,sl,-0.003991,0,0.794,9
2024-01-12 23:00:00,SHORT,0.55,0.54,tp,0.004025,1,0.7228,9
2024-01-13 00:00:00,LONG,0.54,0.54,sl,-0.004,0,0.7906,9
2024-01-13 01:00:00,LONG,0.54,0.54,tp,0.004,1,0.7279,9
2024-01-13 02:00:00,LONG,0.54,0.55,tp,0.004,1,0.6591,9
2024-01-14 23:00:00,SHORT,0.52,0.53,sl,-0.003991,0,0.6903,9
2024-01-18 19:00:00,LONG,0.5,0.5,tp,0.004,1,0.6806,9
2024-01-18 20:00:00,LONG,0.5,0.5,tp,0.004,1,0.6557,9
2024-01-19 16:00:00,SHORT,0.48,0.48,sl,-0.003991,0,0.6898,9
2024-01-19 23:00:00,SHORT,0.5,0.5,tp,0.004025,1,0.7276,9
2024-01-20 01:00:00,SHORT,0.51,0.51,tp,0.004025,1,0.7663,9
2024-01-20 02:00:00,SHORT,0.51,0.51,tp,0.004025,1,0.6605,9
2024-01-20 06:00:00,SHORT,0.51,0.51,sl,-0.003991,0,0.6692,9
2024-01-20 11:00:00,SHORT,0.52,0.52,sl,-0.003991,0,0.6581,9
2024-01-22 19:00:00,LONG,0.48,0.48,tp,0.004,1,0.6715,9
2024-01-22 23:00:00,LONG,0.48,0.48,tp,0.004,1,0.6647,9
2024-01-23 08:00:00,LONG,0.47,0.47,sl,-0.004,0,0.6713,9
2024-01-23 09:00:00,LONG,0.46,0.46,tp,0.004,1,0.7693,9
2024-01-23 10:00:00,LONG,0.46,0.46,tp,0.004,1,0.6673,9
2024-01-23 13:00:00,LONG,0.45,0.46,tp,0.004,1,0.738,9
2024-01-23 15:00:00,SHORT,0.47,0.47,tp,0.004025,1,0.6669,9
2024-01-23 17:00:00,LONG,0.47,0.47,tp,0.004,1,0.6564,9
2024-01-23 18:00:00,LONG,0.46,0.47,tp,0.004,1,0.7225,9
2024-01-23 19:00:00,LONG,0.46,0.47,tp,0.004,1,0.6612,9
2024-01-23 23:00:00,SHORT,0.48,0.47,tp,0.004025,1,0.6915,9
2024-01-24 01:00:00,LONG,0.47,0.47,tp,0.004,1,0.6866,9
2024-01-25 11:00:00,LONG,0.48,0.48,sl,-0.004,0,0.6558,9
2024-01-25 16:00:00,LONG,0.46,0.46,tp,0.004,1,0.6695,9
2024-01-29 16:00:00,LONG,0.51,0.51,tp,0.004,1,0.7349,9
2024-01-29 18:00:00,SHORT,0.52,0.52,sl,-0.003991,0,0.6535,9
2024-01-29 20:00:00,SHORT,0.53,0.52,tp,0.004025,1,0.6866,9
2024-01-30 23:00:00,LONG,0.51,0.51,sl,-0.004,0,0.6676,9
2024-01-31 17:00:00,LONG,0.52,0.52,tp,0.004,1,0.6905,9
2024-01-31 20:00:00,LONG,0.5,0.5,sl,-0.004,0,0.6638,9
2024-01-31 23:00:00,LONG,0.5,0.5,sl,-0.004,0,0.6507,9
2024-02-01 01:00:00,LONG,0.49,0.49,tp,0.004,1,0.7765,9
2024-02-08 07:00:00,SHORT,0.53,0.52,tp,0.004025,1,0.7187,9
2024-02-08 08:00:00,LONG,0.52,0.53,tp,0.004,1,0.6519,9
2024-02-08 10:00:00,SHORT,0.53,0.53,tp,0.004025,1,0.6823,9
2024-02-08 12:00:00,LONG,0.53,0.53,tp,0.004,1,0.6761,9
2024-02-09 02:00:00,SHORT,0.54,0.54,tp,0.004025,1,0.6538,9
2024-02-12 15:00:00,LONG,0.56,0.55,sl,-0.004,0,0.7438,9
2024-02-13 14:00:00,SHORT,0.54,0.53,tp,0.004025,1,0.6843,9
2024-02-14 10:00:00,SHORT,0.58,0.57,tp,0.004025,1,0.6573,9
2024-02-15 10:00:00,SHORT,0.59,0.59,sl,-0.003991,0,0.6593,9
2024-02-15 13:00:00,SHORT,0.6,0.59,tp,0.004025,1,0.7257,9
2024-02-15 15:00:00,LONG,0.6,0.6,tp,0.004,1,0.6929,9
2024-02-15 17:00:00,LONG,0.6,0.6,sl,-0.004,0,0.6928,9
2024-02-15 21:00:00,LONG,0.59,0.59,tp,0.004,1,0.7181,9
2024-02-15 23:00:00,SHORT,0.61,0.61,tp,0.004025,1,0.722,9
2024-02-16 12:00:00,SHORT,0.61,0.61,tp,0.004025,1,0.7523,9
2024-02-16 14:00:00,LONG,0.59,0.59,sl,-0.004,0,0.6998,9
2024-02-16 16:00:00,LONG,0.59,0.59,sl,-0.004,0,0.6634,9
2024-02-17 20:00:00,SHORT,0.6,0.6,tp,0.004025,1,0.687,9
2024-02-17 22:00:00,SHORT,0.61,0.61,sl,-0.003991,0,0.7005,9
2024-02-17 23:00:00,LONG,0.61,0.61,tp,0.004,1,0.6804,9
2024-02-18 08:00:00,SHORT,0.63,0.64,sl,-0.003991,0,0.6897,9
2024-02-20 13:00:00,SHORT,0.64,0.63,tp,0.004025,1,0.6929,9
2024-02-20 14:00:00,SHORT,0.62,0.62,tp,0.004025,1,0.6696,9
2024-02-20 15:00:00,SHORT,0.61,0.61,tp,0.004025,1,0.7692,9
2024-02-20 16:00:00,LONG,0.6,0.6,sl,-0.004,0,0.7659,9
2024-02-20 17:00:00,SHORT,0.6,0.6,sl,-0.003991,0,0.6879,9
2024-02-20 19:00:00,SHORT,0.62,0.61,tp,0.004025,1,0.7028,9
2024-02-20 21:00:00,SHORT,0.63,0.63,sl,-0.003991,0,0.6845,9
2024-02-21 00:00:00,LONG,0.61,0.61,sl,-0.004,0,0.6738,9
2024-02-21 09:00:00,LONG,0.59,0.59,tp,0.004,1,0.7807,9
2024-02-21 11:00:00,LONG,0.59,0.59,tp,0.004,1,0.6528,9
2024-02-21 17:00:00,LONG,0.58,0.58,sl,-0.004,0,0.7212,9
2024-02-21 23:00:00,SHORT,0.6,0.6,tp,0.004025,1,0.7156,9
2024-02-22 01:00:00,LONG,0.58,0.59,tp,0.004,1,0.6562,9
2024-02-22 06:00:00,SHORT,0.6,0.6,tp,0.004025,1,0.7228,9
2024-02-22 23:00:00,LONG,0.59,0.59,tp,0.004,1,0.6671,9
2024-02-23 15:00:00,SHORT,0.58,0.58,tp,0.004025,1,0.6577,9
2024-02-24 01:00:00,LONG,0.57,0.57,tp,0.004,1,0.6565,9
2024-02-26 15:00:00,LONG,0.61,0.61,tp,0.004,1,0.7288,9
2024-02-26 16:00:00,LONG,0.61,0.61,sl,-0.004,0,0.6678,9
2024-02-26 19:00:00,SHORT,0.62,0.62,sl,-0.003991,0,0.688,9
2024-02-27 11:00:00,SHORT,0.62,0.62,tp,0.004025,1,0.6584,9
2024-02-27 13:00:00,SHORT,0.63,0.62,tp,0.004025,1,0.7032,9
2024-02-28 08:00:00,LONG,0.64,0.64,sl,-0.004,0,0.7078,9
2024-02-28 10:00:00,SHORT,0.64,0.64,tp,0.004025,1,0.6712,9
2024-02-28 11:00:00,LONG,0.63,0.63,tp,0.004,1,0.6851,9
2024-02-28 15:00:00,LONG,0.64,0.64,tp,0.004,1,0.6693,9
2024-02-28 16:00:00,SHORT,0.65,0.65,tp,0.004025,1,0.7332,9
2024-02-28 17:00:00,LONG,0.63,0.63,sl,-0.004,0,0.789,9
2024-02-28 18:00:00,SHORT,0.62,0.62,tp,0.004025,1,0.7832,9
2024-02-28 19:00:00,LONG,0.62,0.62,tp,0.004,1,0.7562,9
2024-02-28 20:00:00,SHORT,0.62,0.62,tp,0.004025,1,0.6631,9
2024-02-28 21:00:00,SHORT,0.63,0.63,sl,-0.003991,0,0.6977,9
2024-02-28 22:00:00,LONG,0.63,0.63,tp,0.004,1,0.678,9
2024-02-28 23:00:00,LONG,0.63,0.63,tp,0.004,1,0.6679,9
2024-02-29 00:00:00,SHORT,0.64,0.64,sl,-0.003991,0,0.7325,9
2024-02-29 01:00:00,SHORT,0.65,0.64,tp,0.004025,1,0.736,9
2024-02-29 04:00:00,SHORT,0.66,0.66,sl,-0.003991,0,0.767,9
2024-02-29 05:00:00,SHORT,0.67,0.67,sl,-0.003991,0,0.8171,9
2024-02-29 06:00:00,SHORT,0.69,0.68,tp,0.004025,1,0.8657,9
2024-02-29 07:00:00,LONG,0.68,0.69,tp,0.004,1,0.7582,9
2024-02-29 08:00:00,SHORT,0.7,0.69,tp,0.004025,1,0.7921,9
2024-02-29 09:00:00,LONG,0.69,0.7,tp,0.004,1,0.7382,9
2024-02-29 10:00:00,SHORT,0.7,0.7,tp,0.004025,1,0.7535,9
2024-02-29 11:00:00,LONG,0.69,0.69,sl,-0.004,0,0.8321,9
2024-02-29 12:00:00,SHORT,0.69,0.69,tp,0.004025,1,0.6987,9
2024-02-29 13:00:00,SHORT,0.7,0.69,tp,0.004025,1,0.7512,9
2024-02-29 14:00:00,SHORT,0.7,0.69,tp,0.004025,1,0.6982,9
2024-02-29 16:00:00,LONG,0.68,0.68,sl,-0.004,0,0.7792,9
2024-02-29 17:00:00,LONG,0.67,0.67,tp,0.004,1,0.8353,9
2024-02-29 18:00:00,LONG,0.67,0.67,tp,0.004,1,0.7368,9
2024-02-29 19:00:00,SHORT,0.68,0.68,sl,-0.003991,0,0.6929,9
2024-02-29 20:00:00,SHORT,0.68,0.67,tp,0.004025,1,0.6502,9
2024-02-29 21:00:00,LONG,0.66,0.66,sl,-0.004,0,0.7902,9
2024-02-29 22:00:00,LONG,0.65,0.65,tp,0.004,1,0.8449,9
2024-02-29 23:00:00,LONG,0.66,0.66,tp,0.004,1,0.746,9
2024-03-01 00:00:00,SHORT,0.67,0.67,tp,0.004025,1,0.8625,9
2024-03-01 01:00:00,SHORT,0.67,0.67,tp,0.004025,1,0.7649,9
2024-03-01 02:00:00,SHORT,0.68,0.67,tp,0.004025,1,0.7193,9
2024-03-01 04:00:00,SHORT,0.67,0.67,tp,0.004025,1,0.6659,9
2024-03-01 07:00:00,LONG,0.66,0.67,tp,0.004,1,0.6796,9
2024-03-01 10:00:00,SHORT,0.69,0.68,tp,0.004025,1,0.6601,9
2024-03-01 11:00:00,SHORT,0.69,0.69,sl,-0.003991,0,0.6804,9
2024-03-01 12:00:00,SHORT,0.68,0.69,sl,-0.003991,0,0.6687,9
2024-03-01 13:00:00,SHORT,0.69,0.68,tp,0.004025,1,0.6872,9
2024-03-01 14:00:00,LONG,0.69,0.69,tp,0.004,1,0.6718,9
2024-03-01 15:00:00,LONG,0.68,0.68,tp,0.004,1,0.7462,9
2024-03-01 16:00:00,LONG,0.68,0.68,tp,0.004,1,0.6816,9
2024-03-01 18:00:00,SHORT,0.69,0.69,sl,-0.003991,0,0.658,9
2024-03-01 20:00:00,SHORT,0.69,0.69,tp,0.004025,1,0.7626,9
2024-03-01 21:00:00,SHORT,0.69,0.7,sl,-0.003991,0,0.7036,9
2024-03-01 22:00:00,SHORT,0.7,0.7,sl,-0.003991,0,0.7105,9
2024-03-01 23:00:00,SHORT,0.72,0.72,sl,-0.003991,0,0.8503,9
2024-03-02 00:00:00,SHORT,0.75,0.74,tp,0.004025,1,0.802,9
2024-03-02 01:00:00,SHORT,0.76,0.75,tp,0.004025,1,0.7561,9
2024-03-02 02:00:00,SHORT,0.76,0.76,tp,0.004025,1,0.7746,9
2024-03-02 05:00:00,LONG,0.75,0.75,tp,0.004,1,0.7369,9
2024-03-02 06:00:00,LONG,0.74,0.74,sl,-0.004,0,0.6647,9
2024-03-02 07:00:00,LONG,0.73,0.74,tp,0.004,1,0.6626,9
2024-03-02 09:00:00,LONG,0.73,0.73,tp,0.004,1,0.8308,9
2024-03-02 10:00:00,SHORT,0.73,0.73,sl,-0.003991,0,0.667,9
2024-03-02 11:00:00,SHORT,0.73,0.73,sl,-0.003991,0,0.6598,9
2024-03-02 12:00:00,SHORT,0.74,0.74,tp,0.004025,1,0.7352,9
2024-03-02 13:00:00,SHORT,0.74,0.73,tp,0.004025,1,0.6751,9
2024-03-02 14:00:00,SHORT,0.73,0.73,tp,0.004025,1,0.6625,9
2024-03-02 17:00:00,SHORT,0.73,0.73,sl,-0.003991,0,0.6569,9
2024-03-02 18:00:00,SHORT,0.74,0.74,tp,0.004025,1,0.711,9
2024-03-02 19:00:00,SHORT,0.74,0.74,tp,0.004025,1,0.6602,9
2024-03-02 23:00:00,SHORT,0.74,0.74,tp,0.004025,1,0.7105,9
2024-03-03 05:00:00,LONG,0.73,0.73,tp,0.004,1,0.6611,9
2024-03-03 07:00:00,SHORT,0.71,0.71,tp,0.004025,1,0.7648,9
2024-03-03 08:00:00,SHORT,0.73,0.72,tp,0.004025,1,0.6644,9
2024-03-04 01:00:00,SHORT,0.74,0.74,sl,-0.003991,0,0.6666,9
2024-03-04 02:00:00,SHORT,0.75,0.75,tp,0.004025,1,0.7145,9
2024-03-04 05:00:00,LONG,0.76,0.77,tp,0.004,1,0.7332,9
2024-03-04 06:00:00,SHORT,0.79,0.79,tp,0.004025,1,0.8804,9
2024-03-04 07:00:00,LONG,0.78,0.79,tp,0.004,1,0.7993,9
2024-03-04 08:00:00,SHORT,0.79,0.79,tp,0.004025,1,0.754,9
2024-03-04 09:00:00,SHORT,0.8,0.79,tp,0.004025,1,0.779,9
2024-03-04 10:00:00,LONG,0.78,0.78,tp,0.004,1,0.8702,9
2024-03-04 11:00:00,SHORT,0.78,0.78,tp,0.004025,1,0.666,9
2024-03-04 12:00:00,SHORT,0.78,0.78,tp,0.004025,1,0.6697,9
2024-03-04 13:00:00,LONG,0.77,0.78,tp,0.004,1,0.7806,9
2024-03-04 14:00:00,SHORT,0.78,0.78,tp,0.004025,1,0.7377,9
2024-03-04 15:00:00,SHORT,0.79,0.78,tp,0.004025,1,0.6777,9
2024-03-04 16:00:00,LONG,0.78,0.78,tp,0.004,1,0.697,9
2024-03-04 17:00:00,LONG,0.77,0.77,tp,0.004,1,0.8387,9
2024-03-04 18:00:00,SHORT,0.78,0.77,tp,0.004025,1,0.7355,9
2024-03-04 19:00:00,SHORT,0.78,0.77,tp,0.004025,1,0.6746,9
2024-03-04 23:00:00,LONG,0.77,0.77,tp,0.004,1,0.6848,9
2024-03-05 00:00:00,SHORT,0.77,0.77,sl,-0.003991,0,0.6651,9
2024-03-05 01:00:00,SHORT,0.78,0.77,tp,0.004025,1,0.6829,9
2024-03-05 02:00:00,SHORT,0.77,0.76,tp,0.004025,1,0.6692,9
2024-03-05 04:00:00,LONG,0.76,0.76,tp,0.004,1,0.7268,9
2024-03-05 05:00:00,SHORT,0.77,0.77,tp,0.004025,1,0.6875,9
2024-03-05 07:00:00,LONG,0.75,0.76,tp,0.004,1,0.8128,9
2024-03-05 09:00:00,LONG,0.78,0.77,sl,-0.004,0,0.6715,9
2024-03-05 15:00:00,LONG,0.75,0.76,tp,0.004,1,0.7875,9
2024-03-05 16:00:00,LONG,0.73,0.73,sl,-0.004,0,0.8401,9
2024-03-05 17:00:00,SHORT,0.73,0.73,tp,0.004025,1,0.8277,9
2024-03-05 18:00:00,LONG,0.72,0.72,tp,0.004,1,0.8771,9
2024-03-05 19:00:00,LONG,0.64,0.64,tp,0.004,1,0.9167,9
2024-03-05 20:00:00,SHORT,0.66,0.66,sl,-0.003991,0,0.8746,9
2024-03-05 21:00:00,SHORT,0.68,0.67,tp,0.004025,1,0.9115,9
2024-03-05 22:00:00,SHORT,0.68,0.68,sl,-0.003991,0,0.7884,9
2024-03-05 23:00:00,SHORT,0.69,0.69,tp,0.004025,1,0.8712,9
2024-03-06 00:00:00,LONG,0.69,0.69,tp,0.004,1,0.8275,9
2024-03-06 01:00:00,LONG,0.68,0.68,sl,-0.004,0,0.8037,9
2024-03-06 02:00:00,LONG,0.67,0.67,tp,0.004,1,0.8769,9
2024-03-06 03:00:00,LONG,0.68,0.68,tp,0.004,1,0.737,9
2024-03-06 04:00:00,SHORT,0.7,0.7,sl,-0.003991,0,0.8884,9
2024-03-06 05:00:00,SHORT,0.72,0.72,tp,0.004025,1,0.9001,9
2024-03-06 06:00:00,LONG,0.72,0.72,tp,0.004,1,0.7473,9
2024-03-06 07:00:00,SHORT,0.74,0.73,tp,0.004025,1,0.849,9
2024-03-06 08:00:00,LONG,0.74,0.74,sl,-0.004,0,0.7844,9
2024-03-06 09:00:00,LONG,0.72,0.73,tp,0.004,1,0.8711,9
2024-03-06 10:00:00,LONG,0.73,0.73,tp,0.004,1,0.8036,9
2024-03-06 11:00:00,SHORT,0.73,0.73,tp,0.004025,1,0.7324,9
2024-03-06 12:00:00,LONG,0.71,0.72,tp,0.004,1,0.8712,9
2024-03-06 13:00:00,SHORT,0.72,0.71,tp,0.004025,1,0.7556,9
2024-03-06 14:00:00,LONG,0.71,0.72,tp,0.004,1,0.7999,9
2024-03-06 15:00:00,SHORT,0.72,0.71,tp,0.004025,1,0.7667,9
2024-03-06 16:00:00,SHORT,0.72,0.72,tp,0.004025,1,0.6827,9
2024-03-06 17:00:00,SHORT,0.72,0.72,tp,0.004025,1,0.6734,9
2024-03-06 19:00:00,SHORT,0.73,0.72,tp,0.004025,1,0.683,9
2024-03-06 21:00:00,SHORT,0.73,0.73,tp,0.004025,1,0.6986,9
2024-03-06 23:00:00,SHORT,0.73,0.74,sl,-0.003991,0,0.7416,9
2024-03-07 00:00:00,SHORT,0.75,0.74,tp,0.004025,1,0.8224,9
2024-03-07 01:00:00,SHORT,0.75,0.75,tp,0.004025,1,0.8303,9
2024-03-07 05:00:00,LONG,0.72,0.73,tp,0.004,1,0.7742,9
2024-03-07 11:00:00,SHORT,0.74,0.73,tp,0.004025,1,0.7064,9
2024-03-07 12:00:00,SHORT,0.73,0.73,tp,0.004025,1,0.695,9
2024-03-07 13:00:00,SHORT,0.73,0.73,tp,0.004025,1,0.7049,9
2024-03-07 14:00:00,SHORT,0.74,0.73,tp,0.004025,1,0.6704,9
2024-03-07 15:00:00,SHORT,0.74,0.74,tp,0.004025,1,0.7337,9
2024-03-07 18:00:00,SHORT,0.75,0.75,tp,0.004025,1,0.6866,9
2024-03-07 19:00:00,SHORT,0.75,0.75,tp,0.004025,1,0.658,9
2024-03-08 15:00:00,SHORT,0.72,0.71,tp,0.004025,1,0.721,9
2024-03-08 16:00:00,SHORT,0.72,0.72,sl,-0.003991,0,0.6646,9
2024-03-11 00:00:00,LONG,0.7,0.71,tp,0.004,1,0.727,9
2024-03-11 01:00:00,LONG,0.7,0.7,sl,-0.004,0,0.6895,9
2024-03-11 07:00:00,LONG,0.73,0.74,tp,0.004,1,0.7189,9
2024-03-11 09:00:00,SHORT,0.74,0.74,tp,0.004025,1,0.7376,9
2024-03-11 13:00:00,LONG,0.73,0.73,tp,0.004,1,0.7134,9
2024-03-11 15:00:00,SHORT,0.76,0.75,tp,0.004025,1,0.7589,9
2024-03-11 16:00:00,LONG,0.76,0.76,tp,0.004,1,0.6959,9
2024-03-11 17:00:00,SHORT,0.77,0.77,sl,-0.003991,0,0.7178,9
2024-03-11 22:00:00,LONG,0.78,0.78,sl,-0.004,0,0.6772,9
2024-03-11 23:00:00,LONG,0.78,0.77,sl,-0.004,0,0.7563,9
2024-03-12 00:00:00,LONG,0.76,0.77,tp,0.004,1,0.7495,9
2024-03-12 03:00:00,LONG,0.76,0.76,tp,0.004,1,0.6755,9
2024-03-12 08:00:00,LONG,0.74,0.75,tp,0.004,1,0.7615,9
2024-03-12 12:00:00,SHORT,0.75,0.75,tp,0.004025,1,0.6554,9
2024-03-12 14:00:00,LONG,0.74,0.74,tp,0.004,1,0.7828,9
2024-03-12 16:00:00,LONG,0.73,0.73,tp,0.004,1,0.8408,9
2024-03-12 17:00:00,SHORT,0.74,0.74,sl,-0.003991,0,0.7077,9
2024-03-12 20:00:00,LONG,0.74,0.74,tp,0.004,1,0.7273,9
2024-03-12 23:00:00,SHORT,0.75,0.75,sl,-0.003991,0,0.6685,9
2024-03-13 06:00:00,SHORT,0.76,0.76,sl,-0.003991,0,0.6623,9
2024-03-13 13:00:00,LONG,0.75,0.75,tp,0.004,1,0.6705,9
2024-03-13 14:00:00,LONG,0.74,0.75,tp,0.004,1,0.6654,9
2024-03-13 23:00:00,SHORT,0.76,0.76,tp,0.004025,1,0.6705,9
2024-03-14 07:00:00,LONG,0.78,0.79,tp,0.004,1,0.7989,9
2024-03-14 08:00:00,LONG,0.79,0.79,tp,0.004,1,0.7374,9
2024-03-14 09:00:00,LONG,0.8,0.8,tp,0.004,1,0.7568,9
2024-03-14 10:00:00,LONG,0.8,0.79,sl,-0.004,0,0.7498,9
2024-03-14 11:00:00,LONG,0.8,0.8,tp,0.004,1,0.6981,9
2024-03-14 12:00:00,LONG,0.79,0.79,sl,-0.004,0,0.709,9
2024-03-14 13:00:00,LONG,0.76,0.77,tp,0.004,1,0.8649,9
2024-03-14 14:00:00,LONG,0.76,0.76,tp,0.004,1,0.7865,9
2024-03-14 15:00:00,LONG,0.75,0.75,tp,0.004,1,0.87,9
2024-03-14 16:00:00,SHORT,0.76,0.76,tp,0.004025,1,0.8159,9
2024-03-14 17:00:00,SHORT,0.75,0.75,tp,0.004025,1,0.6658,9
2024-03-14 18:00:00,LONG,0.74,0.74,tp,0.004,1,0.8464,9
2024-03-14 19:00:00,LONG,0.73,0.73,tp,0.004,1,0.8413,9
2024-03-14 20:00:00,SHORT,0.74,0.74,tp,0.004025,1,0.8051,9
2024-03-14 21:00:00,SHORT,0.74,0.75,sl,-0.003991,0,0.7228,9
2024-03-14 22:00:00,SHORT,0.75,0.75,sl,-0.003991,0,0.7542,9
2024-03-14 23:00:00,SHORT,0.75,0.75,sl,-0.003991,0,0.7028,9
2024-03-15 00:00:00,SHORT,0.76,0.75,tp,0.004025,1,0.6631,9
2024-03-15 02:00:00,LONG,0.73,0.73,tp,0.004,1,0.8603,9
2024-03-15 03:00:00,LONG,0.72,0.72,sl,-0.004,0,0.8291,9
2024-03-15 04:00:00,LONG,0.71,0.71,tp,0.004,1,0.883,9
2024-03-15 05:00:00,LONG,0.71,0.71,tp,0.004,1,0.7977,9
2024-03-15 06:00:00,SHORT,0.73,0.72,tp,0.004025,1,0.8328,9
2024-03-15 07:00:00,SHORT,0.72,0.72,tp,0.004025,1,0.7703,9
2024-03-15 08:00:00,LONG,0.69,0.69,tp,0.004,1,0.9033,9
2024-03-15 09:00:00,SHORT,0.7,0.7,tp,0.004025,1,0.8616,9
2024-03-15 10:00:00,LONG,0.7,0.7,tp,0.004,1,0.8275,9
2024-03-15 11:00:00,SHORT,0.7,0.7,tp,0.004025,1,0.862,9
2024-03-15 12:00:00,SHORT,0.7,0.7,tp,0.004025,1,0.7976,9
2024-03-15 13:00:00,SHORT,0.72,0.71,tp,0.004025,1,0.8638,9
2024-03-15 14:00:00,SHORT,0.72,0.72,sl,-0.003991,0,0.7579,9
2024-03-15 15:00:00,LONG,0.72,0.72,sl,-0.004,0,0.7409,9
2024-03-15 16:00:00,LONG,0.71,0.72,tp,0.004,1,0.7345,9
2024-03-15 17:00:00,SHORT,0.72,0.72,sl,-0.003991,0,0.6552,9
2024-03-15 18:00:00,SHORT,0.73,0.73,tp,0.004025,1,0.8308,9
2024-03-15 19:00:00,LONG,0.72,0.72,sl,-0.004,0,0.8535,9
2024-03-15 20:00:00,LONG,0.7,0.71,tp,0.004,1,0.8779,9
2024-03-15 21:00:00,LONG,0.71,0.72,tp,0.004,1,0.7259,9
2024-03-15 22:00:00,SHORT,0.72,0.72,tp,0.004025,1,0.7178,9
2024-03-15 23:00:00,SHORT,0.73,0.72,tp,0.004025,1,0.7345,9
2024-03-16 07:00:00,SHORT,0.73,0.73,tp,0.004025,1,0.7068,9
2024-03-16 11:00:00,SHORT,0.72,0.71,tp,0.004025,1,0.6604,9
2024-03-16 12:00:00,LONG,0.71,0.71,tp,0.004,1,0.7779,9
2024-03-16 13:00:00,LONG,0.7,0.7,tp,0.004,1,0.8585,9
2024-03-16 14:00:00,LONG,0.7,0.7,sl,-0.004,0,0.6507,9
2024-03-16 15:00:00,SHORT,0.7,0.7,tp,0.004025,1,0.6764,9
2024-03-16 17:00:00,LONG,0.68,0.68,sl,-0.004,0,0.87,9
2024-03-16 18:00:00,LONG,0.67,0.67,tp,0.004,1,0.8782,9
2024-03-16 19:00:00,LONG,0.67,0.67,tp,0.004,1,0.8365,9
2024-03-16 20:00:00,SHORT,0.67,0.67,tp,0.004025,1,0.7048,9
2024-03-16 21:00:00,LONG,0.66,0.67,tp,0.004,1,0.7919,9
2024-03-16 22:00:00,SHORT,0.67,0.66,tp,0.004025,1,0.7263,9
2024-03-16 23:00:00,LONG,0.66,0.66,tp,0.004,1,0.7933,9
2024-03-17 00:00:00,LONG,0.65,0.66,tp,0.004,1,0.8615,9
2024-03-17 01:00:00,SHORT,0.67,0.67,sl,-0.003991,0,0.8127,9
2024-03-17 02:00:00,SHORT,0.67,0.67,sl,-0.003991,0,0.6779,9
2024-03-17 03:00:00,SHORT,0.67,0.67,tp,0.004025,1,0.658,9
2024-03-17 05:00:00,LONG,0.66,0.66,sl,-0.004,0,0.7068,9
2024-03-17 06:00:00,LONG,0.64,0.65,tp,0.004,1,0.8771,9
2024-03-17 07:00:00,LONG,0.65,0.65,tp,0.004,1,0.7792,9
2024-03-17 08:00:00,SHORT,0.67,0.67,sl,-0.003991,0,0.8254,9
2024-03-17 09:00:00,SHORT,0.67,0.67,sl,-0.003991,0,0.7095,9
2024-03-17 10:00:00,SHORT,0.68,0.68,sl,-0.003991,0,0.7711,9
2024-03-17 11:00:00,SHORT,0.68,0.67,tp,0.004025,1,0.6839,9
2024-03-17 12:00:00,LONG,0.67,0.67,tp,0.004,1,0.8225,9
2024-03-17 13:00:00,SHORT,0.68,0.67,tp,0.004025,1,0.7322,9
2024-03-17 14:00:00,SHORT,0.68,0.67,tp,0.004025,1,0.6798,9
2024-03-17 15:00:00,SHORT,0.68,0.68,tp,0.004025,1,0.697,9
2024-03-17 19:00:00,SHORT,0.68,0.68,tp,0.004025,1,0.7044,9
2024-03-17 23:00:00,SHORT,0.68,0.68,tp,0.004025,1,0.6834,9
2024-03-18 00:00:00,LONG,0.66,0.67,tp,0.004,1,0.8243,9
2024-03-18 05:00:00,SHORT,0.69,0.69,tp,0.004025,1,0.8638,9
2024-03-18 06:00:00,LONG,0.69,0.69,sl,-0.004,0,0.6934,9
2024-03-18 08:00:00,SHORT,0.68,0.68,tp,0.004025,1,0.6784,9
2024-03-18 12:00:00,SHORT,0.68,0.68,tp,0.004025,1,0.6602,9
2024-03-18 13:00:00,LONG,0.66,0.66,sl,-0.004,0,0.8133,9
2024-03-18 14:00:00,SHORT,0.65,0.65,tp,0.004025,1,0.8055,9
2024-03-18 15:00:00,SHORT,0.66,0.66,tp,0.004025,1,0.7188,9
2024-03-18 16:00:00,LONG,0.65,0.65,sl,-0.004,0,0.8058,9
2024-03-18 17:00:00,SHORT,0.65,0.65,tp,0.004025,1,0.7304,9
2024-03-18 18:00:00,LONG,0.65,0.65,tp,0.004,1,0.7309,9
2024-03-18 19:00:00,LONG,0.65,0.65,tp,0.004,1,0.7179,9
2024-03-18 22:00:00,SHORT,0.66,0.66,sl,-0.003991,0,0.6628,9
2024-03-18 23:00:00,SHORT,0.66,0.66,tp,0.004025,1,0.6972,9
2024-03-19 00:00:00,LONG,0.65,0.65,sl,-0.004,0,0.779,9
2024-03-19 01:00:00,LONG,0.63,0.63,tp,0.004,1,0.8469,9
2024-03-19 02:00:00,LONG,0.63,0.63,tp,0.004,1,0.7617,9
2024-03-19 03:00:00,LONG,0.64,0.63,sl,-0.004,0,0.7236,9
2024-03-19 04:00:00,LONG,0.62,0.63,tp,0.004,1,0.8513,9
2024-03-19 05:00:00,LONG,0.63,0.62,sl,-0.004,0,0.7338,9
2024-03-19 06:00:00,LONG,0.62,0.62,tp,0.004,1,0.7988,9
2024-03-19 07:00:00,SHORT,0.63,0.62,tp,0.004025,1,0.7827,9
2024-03-19 08:00:00,LONG,0.6,0.61,tp,0.004,1,0.8852,9
2024-03-19 09:00:00,SHORT,0.62,0.61,tp,0.004025,1,0.9042,9
2024-03-19 10:00:00,LONG,0.61,0.61,tp,0.004,1,0.8317,9
2024-03-19 11:00:00,SHORT,0.62,0.62,sl,-0.003991,0,0.8885,9
2024-03-19 12:00:00,SHORT,0.62,0.62,tp,0.004025,1,0.8407,9
2024-03-19 13:00:00,SHORT,0.62,0.61,tp,0.004025,1,0.7879,9
2024-03-19 14:00:00,SHORT,0.62,0.61,tp,0.004025,1,0.7823,9
2024-03-19 15:00:00,SHORT,0.63,0.62,tp,0.004025,1,0.8412,9
2024-03-19 16:00:00,SHORT,0.62,0.62,tp,0.004025,1,0.7547,9
2024-03-19 17:00:00,LONG,0.62,0.62,sl,-0.004,0,0.7726,9
2024-03-19 18:00:00,LONG,0.61,0.62,tp,0.004,1,0.7717,9
2024-03-19 19:00:00,LONG,0.62,0.61,sl,-0.004,0,0.7985,9
2024-03-19 20:00:00,LONG,0.6,0.6,sl,-0.004,0,0.8714,9
2024-03-19 21:00:00,LONG,0.61,0.6,sl,-0.004,0,0.7384,9
2024-03-19 22:00:00,LONG,0.59,0.59,sl,-0.004,0,0.8568,9
2024-03-19 23:00:00,SHORT,0.59,0.59,sl,-0.003991,0,0.8268,9
2024-03-20 00:00:00,SHORT,0.6,0.6,tp,0.004025,1,0.8336,9
2024-03-20 01:00:00,LONG,0.59,0.59,tp,0.004,1,0.8237,9
2024-03-20 02:00:00,SHORT,0.6,0.6,tp,0.004025,1,0.7728,9
2024-03-20 03:00:00,LONG,0.59,0.59,tp,0.004,1,0.8493,9
2024-03-20 04:00:00,LONG,0.58,0.58,sl,-0.004,0,0.7915,9
2024-03-20 05:00:00,SHORT,0.58,0.58,sl,-0.003991,0,0.7929,9
2024-03-20 06:00:00,SHORT,0.59,0.59,sl,-0.003991,0,0.772,9
2024-03-20 07:00:00,SHORT,0.61,0.61,tp,0.004025,1,0.8492,9
2024-03-20 08:00:00,LONG,0.6,0.6,tp,0.004,1,0.7598,9
2024-03-20 09:00:00,LONG,0.61,0.6,sl,-0.004,0,0.7138,9
2024-03-20 10:00:00,LONG,0.6,0.61,tp,0.004,1,0.6866,9
2024-03-20 11:00:00,SHORT,0.61,0.61,tp,0.004025,1,0.7198,9
2024-03-20 12:00:00,SHORT,0.61,0.61,tp,0.004025,1,0.6957,9
2024-03-20 13:00:00,SHORT,0.61,0.61,sl,-0.003991,0,0.6964,9
2024-03-20 15:00:00,LONG,0.6,0.6,sl,-0.004,0,0.8355,9
2024-03-20 16:00:00,LONG,0.59,0.59,tp,0.004,1,0.8255,9
2024-03-20 17:00:00,SHORT,0.6,0.6,sl,-0.003991,0,0.7524,9
2024-03-20 18:00:00,SHORT,0.62,0.62,tp,0.004025,1,0.8874,9
2024-03-20 19:00:00,SHORT,0.63,0.63,sl,-0.003991,0,0.8248,9
2024-03-20 20:00:00,SHORT,0.64,0.64,sl,-0.003991,0,0.8114,9
2024-03-20 21:00:00,SHORT,0.64,0.64,sl,-0.003991,0,0.75,9
2024-03-20 22:00:00,SHORT,0.64,0.64,sl,-0.003991,0,0.7081,9
2024-03-20 23:00:00,SHORT,0.64,0.64,tp,0.004025,1,0.7298,9
2024-03-21 00:00:00,SHORT,0.64,0.64,sl,-0.003991,0,0.7224,9
2024-03-21 01:00:00,SHORT,0.64,0.64,sl,-0.003991,0,0.7243,9
2024-03-21 02:00:00,SHORT,0.64,0.64,tp,0.004025,1,0.7031,9
2024-03-21 03:00:00,SHORT,0.64,0.63,tp,0.004025,1,0.6657,9
2024-03-21 11:00:00,SHORT,0.63,0.63,tp,0.004025,1,0.6599,9
2024-03-21 13:00:00,SHORT,0.63,0.63,sl,-0.003991,0,0.6632,9
2024-03-21 16:00:00,SHORT,0.64,0.64,tp,0.004025,1,0.7218,9
2024-03-21 18:00:00,LONG,0.62,0.63,tp,0.004,1,0.6732,9
2024-03-22 01:00:00,LONG,0.62,0.62,sl,-0.004,0,0.6634,9
2024-03-22 10:00:00,LONG,0.62,0.62,tp,0.004,1,0.7082,9
2024-03-22 11:00:00,LONG,0.62,0.62,tp,0.004,1,0.6583,9
2024-03-22 13:00:00,LONG,0.61,0.61,tp,0.004,1,0.8209,9
2024-03-22 14:00:00,LONG,0.61,0.61,tp,0.004,1,0.7186,9
2024-03-22 15:00:00,LONG,0.62,0.62,sl,-0.004,0,0.697,9
2024-03-22 23:00:00,SHORT,0.61,0.62,sl,-0.003991,0,0.7044,9
2024-03-23 13:00:00,SHORT,0.63,0.64,sl,-0.003991,0,0.6803,9
2024-03-23 14:00:00,SHORT,0.64,0.63,tp,0.004025,1,0.6631,9
2024-03-25 14:00:00,LONG,0.66,0.66,tp,0.004,1,0.674,9
2024-03-27 15:00:00,LONG,0.63,0.64,tp,0.004,1,0.7371,9
2024-03-29 12:00:00,LONG,0.66,0.66,tp,0.004,1,0.656,9
