date,sp500,nasdaq,gold,dxy,vix,us10y
2016-08-22,186.14675903320312,109.50357055664062,1337.699951171875,94.5199966430664,12.270000457763672,1.5390000343322754
2016-08-23,186.5215606689453,109.69953155517578,1340.5999755859375,94.54000091552734,12.380000114440918,1.5529999732971191
2016-08-24,185.56752014160156,108.99037170410156,1324.4000244140625,94.79000091552734,13.449999809265137,1.559000015258789
2016-08-25,185.4397430419922,108.81307983398438,1320.0999755859375,94.7699966430664,13.630000114440918,1.5770000219345093
2016-08-26,185.09051513671875,108.9716796875,1321.5,95.56999969482422,13.649999618530273,1.6349999904632568
2016-08-29,186.00196838378906,109.12100219726562,1322.9000244140625,95.58000183105469,12.9399995803833,1.565999984741211
2016-08-30,185.6953125,108.76639556884766,1311.699951171875,96.05000305175781,13.119999885559082,1.5700000524520874
2016-08-31,185.1671905517578,108.65444946289062,1306.9000244140625,96.0199966430664,13.420000076293945,1.5679999589920044
2016-09-01,185.17568969726562,108.93434143066406,1312.199951171875,95.6500015258789,13.479999542236328,1.5700000524520874
2016-09-02,186.01046752929688,109.28895568847656,1322.0999755859375,95.87999725341797,11.979999542236328,1.5959999561309814
2016-09-06,186.5726318359375,109.97016143798828,1349.4000244140625,94.81999969482422,12.020000457763672,1.5429999828338623
2016-09-07,186.5555877685547,110.03546905517578,1344.300048828125,94.95999908447266,11.9399995803833,1.5410000085830688
2016-09-08,186.12969970703125,109.39161682128906,1336.800048828125,95.02999877929688,12.510000228881836,1.6160000562667847
2016-09-09,181.6746826171875,106.63885498046875,1330.0999755859375,95.33999633789062,17.5,1.6720000505447388
2016-09-12,184.28126525878906,108.55181121826172,1321.0,95.0999984741211,15.15999984741211,1.6720000505447388
2016-09-13,181.63209533691406,107.58134460449219,1319.0,95.62999725341797,17.850000381469727,1.7339999675750732
2016-09-14,181.56399536132812,108.09452056884766,1321.5,95.33000183105469,18.139999389648438,1.6890000104904175
2016-09-15,183.3783416748047,109.77420806884766,1313.5,95.29000091552734,16.299999237060547,1.7029999494552612
2016-09-16,182.6694793701172,109.7218017578125,1305.800048828125,96.11000061035156,15.369999885559082,1.7009999752044678
2016-09-19,182.70375061035156,109.2447280883789,1313.5,95.83999633789062,15.529999732971191,1.6959999799728394
2016-09-20,182.71224975585938,109.45052337646484,1313.699951171875,96.0199966430664,15.920000076293945,1.687999963760376
2016-09-21,184.76698303222656,110.52632141113281,1326.9000244140625,95.66000366210938,13.300000190734863,1.6679999828338623
2016-09-22,185.9312744140625,111.4056625366211,1340.4000244140625,95.44999694824219,12.020000457763672,1.6319999694824219
2016-09-23,184.91256713867188,110.69470977783203,1337.199951171875,95.4800033569336,12.289999961853027,1.6150000095367432
2016-09-26,183.41429138183594,109.76856994628906,1339.699951171875,95.30999755859375,14.5,1.5889999866485596
2016-09-27,184.55294799804688,110.85372161865234,1325.9000244140625,95.44000244140625,13.100000381469727,1.555999994277954
2016-09-28,185.46896362304688,111.04080200195312,1319.4000244140625,95.43000030517578,12.390000343322754,1.5670000314712524
2016-09-29,183.7909393310547,110.23628234863281,1321.699951171875,95.54000091552734,14.020000457763672,1.5570000410079956
2016-09-30,185.17791748046875,111.05952453613281,1313.300048828125,95.45999908447266,13.289999961853027,1.6080000400543213
2016-10-03,184.7327117919922,110.9005355834961,1309.0,95.75,13.569999694824219,1.621999979019165
2016-10-04,183.7909393310547,110.73213195800781,1266.300048828125,96.12000274658203,13.630000114440918,1.6829999685287476
2016-10-05,184.60430908203125,111.12501525878906,1265.199951171875,96.12999725341797,12.989999771118164,1.715999960899353
2016-10-06,184.7327117919922,111.06890869140625,1249.800048828125,96.66000366210938,12.84000015258789,1.7419999837875366
2016-10-07,184.0991973876953,110.82568359375,1248.9000244140625,96.5199966430664,13.479999542236328,1.7359999418258667
2016-10-10,185.0580596923828,111.52725982666016,,,13.380000114440918,1.7230000495910645
2016-10-11,182.72080993652344,109.93697357177734,1253.0,97.69999694824219,15.359999656677246,1.7589999437332153
2016-10-12,182.96058654785156,109.8434066772461,1251.0999755859375,97.97000122070312,15.90999984741211,1.777999997138977
2016-10-13,182.36126708984375,109.45052337646484,1255.0,97.5199966430664,16.690000534057617,1.7380000352859497
2016-10-14,182.4554443359375,109.58148956298828,1253.0999755859375,98.0199966430664,16.1200008392334,1.7940000295639038
2016-10-17,181.82191467285156,109.2821044921875,1254.4000244140625,97.88999938964844,16.209999084472656,1.7660000324249268
2016-10-18,182.96058654785156,110.25503540039062,1260.800048828125,97.9000015258789,15.279999732971191,1.7489999532699585
2016-10-19,183.4485321044922,110.24565887451172,1267.9000244140625,97.87000274658203,14.40999984741211,1.7519999742507935
2016-10-20,183.1061248779297,110.11470031738281,1265.5999755859375,98.31999969482422,13.75,1.746999979019165
2016-10-21,183.1916961669922,110.52632141113281,1265.9000244140625,98.69999694824219,13.34000015258789,1.7400000095367432
2016-10-24,183.9707794189453,111.85468292236328,1262.0,98.66999816894531,13.020000457763672,1.7630000114440918
2016-10-25,183.35435485839844,111.49919128417969,1271.9000244140625,98.72000122070312,13.460000038146973,1.7580000162124634
2016-10-26,182.9862823486328,110.74144744873047,1264.800048828125,98.62999725341797,14.239999771118164,1.7899999618530273
2016-10-27,182.49826049804688,110.23628234863281,1267.9000244140625,98.88999938964844,15.359999656677246,1.843000054359436
2016-10-28,181.95889282226562,109.54405975341797,1275.5,98.3499984741211,16.190000534057617,1.8450000286102295
2016-10-31,181.96746826171875,109.44116973876953,1271.5,98.44999694824219,17.059999465942383,1.8339999914169312
2016-11-01,180.64906311035156,108.6179428100586,1286.4000244140625,97.69999694824219,18.559999465942383,1.8200000524520874
2016-11-02,179.56175231933594,107.7479476928711,1306.800048828125,97.4000015258789,19.31999969482422,1.7990000247955322
2016-11-03,178.7399139404297,106.69087982177734,1302.0999755859375,97.16000366210938,22.079999923706055,1.812000036239624
2016-11-04,178.54299926757812,106.31668853759766,1303.300048828125,97.06999969482422,22.510000228881836,1.7829999923706055
2016-11-07,182.48114013671875,108.84246826171875,1278.300048828125,97.77999877929688,18.709999084472656,1.8279999494552612
2016-11-08,183.302978515625,109.55340576171875,1273.4000244140625,97.86000061035156,18.739999771118164,1.8619999885559082
2016-11-09,185.24644470214844,110.0585708618164,1272.5999755859375,98.5,14.380000114440918,2.072000026702881
2016-11-10,185.70867919921875,108.28117370605469,1265.5,98.79000091552734,14.739999771118164,2.117000102996826
2016-11-11,185.2806396484375,108.32796478271484,,,14.170000076293945,
2016-11-14,185.42620849609375,107.23345184326172,1221.199951171875,100.11000061035156,14.479999542236328,2.2219998836517334
2016-11-15,186.873046875,108.72085571289062,1224.0,100.19000244140625,13.369999885559082,2.23799991607666
2016-11-16,186.52198791503906,109.36634063720703,1223.4000244140625,100.41000366210938,13.720000267028809,2.2230000495910645
2016-11-17,187.48085021972656,110.16146850585938,1216.5,100.88999938964844,13.350000381469727,2.2760000228881836
2016-11-18,187.0613555908203,109.74986267089844,1208.5,101.20999908447266,12.850000381469727,2.3350000381469727
2016-11-21,188.47396850585938,110.89114379882812,1209.5999755859375,101.05000305175781,12.420000076293945,2.3389999866485596
2016-11-22,188.84207153320312,111.2279052734375,1211.0,101.04000091552734,12.40999984741211,2.321000099182129
2016-11-23,188.94482421875,110.77889251708984,1189.0999755859375,101.69999694824219,12.430000305175781,2.3570001125335693
2016-11-25,189.6468048095703,111.13436889648438,1178.199951171875,101.48999786376953,12.34000015258789,2.371999979019165
2016-11-28,188.75645446777344,110.88177490234375,1190.5999755859375,101.33000183105469,13.149999618530273,2.319999933242798
2016-11-29,189.1245880126953,111.26534271240234,1187.9000244140625,100.93000030517578,12.899999618530273,2.302000045776367
2016-11-30,188.6708984375,109.91825866699219,1170.800048828125,101.5,13.329999923706055,2.368000030517578
2016-12-01,187.97743225097656,108.01922607421875,1166.9000244140625,101.04000091552734,14.069999694824219,2.440999984741211
2016-12-02,188.07159423828125,108.23439025878906,1175.0999755859375,100.7699966430664,14.119999885559082,2.390000104904175
2016-12-05,189.20159912109375,109.07633209228516,1174.0,100.13999938964844,12.140000343322754,2.38700008392334
2016-12-06,189.80088806152344,109.33824920654297,1167.5999755859375,100.48999786376953,11.789999961853027,2.3959999084472656
2016-12-07,192.28367614746094,110.7227554321289,1175.0,100.2300033569336,12.220000267028809,2.3469998836517334
2016-12-08,192.7545166015625,110.9192123413086,1169.800048828125,101.06999969482422,12.640000343322754,2.38700008392334
2016-12-09,193.91883850097656,111.78919219970703,1159.4000244140625,101.56999969482422,11.75,2.4639999866485596
2016-12-12,193.69625854492188,111.2840347290039,1163.5,100.95999908447266,12.640000343322754,2.4790000915527344
2016-12-13,194.98892211914062,112.687255859375,1156.699951171875,101.02999877929688,12.720000267028809,2.4809999465942383
2016-12-14,193.3794708251953,112.45339965820312,1161.300048828125,102.0,13.1899995803833,2.5250000953674316
2016-12-15,194.1757049560547,112.63114929199219,1127.800048828125,103.12999725341797,12.789999961853027,2.5799999237060547
2016-12-16,193.7958984375,112.21358489990234,1135.300048828125,102.94999694824219,12.199999809265137,2.5969998836517334
2016-12-19,194.2178497314453,112.67333984375,1140.5,103.13999938964844,11.710000038146973,2.5420000553131104
2016-12-20,194.96713256835938,113.10494232177734,1131.5,103.29000091552734,11.449999809265137,2.568000078201294
2016-12-21,194.42453002929688,113.0205078125,1131.0999755859375,103.0199966430664,11.270000457763672,2.5460000038146973
2016-12-22,194.08871459960938,112.7015151977539,1128.800048828125,103.08999633789062,11.430000305175781,2.552999973297119
2016-12-23,194.3729248046875,112.77655792236328,1131.9000244140625,103.01000213623047,11.4399995803833,2.5429999828338623
2016-12-27,194.85516357421875,113.35826873779297,1137.300048828125,103.0199966430664,11.989999771118164,2.562999963760376
2016-12-28,193.2447509765625,112.476318359375,1139.4000244140625,103.26000213623047,12.949999809265137,2.50600004196167
2016-12-29,193.20172119140625,112.31683349609375,1156.4000244140625,102.68000030517578,13.369999885559082,2.4769999980926514
2016-12-30,192.49557495117188,111.16278839111328,1150.0,102.38999938964844,14.039999961853027,2.446000099182129
2017-01-03,193.96810913085938,112.15731811523438,1160.4000244140625,103.20999908447266,12.850000381469727,2.450000047683716
2017-01-04,195.1220703125,112.76718139648438,1163.800048828125,102.69999694824219,11.850000381469727,2.4519999027252197
2017-01-05,194.96713256835938,113.40516662597656,1179.699951171875,101.5199966430664,11.670000076293945,2.368000030517578
2017-01-06,195.66465759277344,114.39970397949219,1171.9000244140625,102.22000122070312,11.319999694824219,2.4179999828338623
2017-01-09,195.01876831054688,114.77503204345703,1183.5,101.93000030517578,11.5600004196167,2.375999927520752
2017-01-10,195.01876831054688,115.02833557128906,1184.199951171875,102.01000213623047,11.489999771118164,2.378999948501587
2017-01-11,195.5699462890625,115.33795928955078,1195.5999755859375,101.77999877929688,11.260000228881836,2.369999885559082
2017-01-12,195.07901000976562,115.15971374511719,1198.9000244140625,101.3499984741211,11.539999961853027,2.3610000610351562
2017-01-13,195.52684020996094,115.55374145507812,1195.300048828125,101.18000030517578,11.229999542236328,2.380000114440918
2017-01-17,194.8379364013672,115.20661163330078,1212.0,100.33000183105469,11.869999885559082,2.3269999027252197
2017-01-18,195.2684783935547,115.4411849975586,1211.300048828125,100.93000030517578,12.479999542236328,2.3889999389648438
2017-01-19,194.54513549804688,115.38487243652344,1200.9000244140625,101.1500015258789,12.779999732971191,2.4590001106262207
2017-01-20,195.25987243652344,115.63822174072266,1204.300048828125,100.73999786376953,11.539999961853027,2.4670000076293945
2017-01-23,194.75177001953125,115.73200988769531,1215.0,100.16000366210938,11.770000457763672,2.4030001163482666
2017-01-24,196.00051879882812,116.5107421875,1210.300048828125,100.3499984741211,11.069999694824219,2.4709999561309814
2017-01-25,197.6969757080078,117.68354034423828,1197.300048828125,100.02999877929688,10.8100004196167,2.5230000019073486
2017-01-26,197.49029541015625,117.80549621582031,1189.5,100.37999725341797,10.630000114440918,2.507999897003174
2017-01-27,197.18026733398438,118.03070068359375,1188.0999755859375,100.52999877929688,10.579999923706055,2.4809999465942383
2017-01-30,195.9573974609375,117.11124420166016,1193.199951171875,100.43000030517578,11.880000114440918,2.4830000400543213
2017-01-31,195.94021606445312,116.87665557861328,1208.5999755859375,99.51000213623047,11.989999771118164,2.4509999752044678
2017-02-01,196.01768493652344,117.68354034423828,1205.5999755859375,99.63999938964844,11.8100004196167,2.4739999771118164
2017-02-02,196.14686584472656,117.58035278320312,1216.699951171875,99.8499984741211,11.930000305175781,2.4700000286102295
2017-02-03,197.4988555908203,117.91814422607422,1218.5,99.87000274658203,10.970000267028809,2.490999937057495
2017-02-06,197.14578247070312,118.05886840820312,1230.0,99.91000366210938,11.369999885559082,2.4130001068115234
2017-02-07,197.1544647216797,118.49043273925781,1234.199951171875,100.26000213623047,11.289999961853027,2.3889999389648438
2017-02-08,197.41278076171875,118.6875,1237.5999755859375,100.27999877929688,11.449999809265137,2.3510000705718994
2017-02-09,198.5839385986328,119.11905670166016,1235.0999755859375,100.6500015258789,10.880000114440918,2.3949999809265137
2017-02-10,199.36761474609375,119.51314544677734,1234.4000244140625,100.80000305175781,10.850000381469727,2.4089999198913574
2017-02-13,200.45274353027344,120.18865203857422,1224.4000244140625,100.95999908447266,11.069999694824219,2.434000015258789
2017-02-14,201.25360107421875,120.59209442138672,1223.9000244140625,101.25,10.739999771118164,2.4700000286102295
2017-02-15,202.30419921875,121.30516052246094,1231.699951171875,101.18000030517578,11.970000267028809,2.502000093460083
2017-02-16,202.13197326660156,121.26765441894531,1240.0,100.44000244140625,11.760000228881836,2.450000047683716
2017-02-17,202.4506072998047,121.79302215576172,1237.5999755859375,100.94999694824219,11.489999771118164,2.424999952316284
2017-02-21,203.6562042236328,122.39352416992188,1237.5,101.37000274658203,11.569999694824219,2.427000045776367
2017-02-22,203.475341796875,122.44047546386719,1232.0,101.33000183105469,11.739999771118164,2.4179999828338623
2017-02-23,203.61314392089844,121.9806900024414,1250.199951171875,101.05000305175781,11.710000038146973,2.388000011444092
2017-02-24,203.87147521972656,122.21524810791016,1256.9000244140625,101.08999633789062,11.470000267028809,2.316999912261963
2017-02-27,204.19017028808594,122.36536407470703,1257.4000244140625,101.12999725341797,12.09000015258789,2.36899995803833
2017-02-28,203.63900756835938,121.99009704589844,1252.5999755859375,101.12000274658203,12.920000076293945,2.3580000400543213
2017-03-01,206.4894561767578,123.3223876953125,1248.9000244140625,101.77999877929688,12.539999961853027,2.4630000591278076
2017-03-02,205.18905639648438,122.7031478881836,1231.9000244140625,102.19999694824219,11.8100004196167,2.489000082015991
2017-03-03,205.31826782226562,122.92829895019531,1225.5,101.54000091552734,10.960000038146973,2.492000102996826
2017-03-06,204.7068634033203,122.65623474121094,1224.5,101.63999938964844,11.239999771118164,2.49399995803833
2017-03-07,204.09544372558594,122.44979858398438,1215.0999755859375,101.80999755859375,11.449999809265137,2.510999917984009
2017-03-08,203.71644592285156,122.66558074951172,1208.5,102.06999969482422,11.859999656677246,2.552000045776367
2017-03-09,203.97483825683594,122.75943756103516,1202.4000244140625,101.8499984741211,12.300000190734863,2.5980000495910645
2017-03-10,204.6896209716797,123.27547454833984,1200.699951171875,101.25,11.65999984741211,2.5820000171661377
2017-03-13,204.79298400878906,123.48185729980469,1202.4000244140625,101.37999725341797,11.350000381469727,2.6080000400543213
2017-03-14,204.00933837890625,123.181640625,1201.9000244140625,101.69999694824219,12.300000190734863,2.5950000286102295
2017-03-15,205.7747039794922,123.941650390625,1200.0999755859375,100.73999786376953,11.630000114440918,2.507999897003174
2017-03-16,205.36990356445312,123.85719299316406,1226.5,100.2699966430664,11.210000038146973,2.5220000743865967
2017-03-17,205.00926208496094,123.81393432617188,1229.800048828125,100.30000305175781,11.279999732971191,2.500999927520752
2017-03-20,204.78439331054688,123.92678833007812,1233.5999755859375,100.41000366210938,11.34000015258789,2.4730000495910645
2017-03-21,202.1550750732422,122.04635620117188,1246.0999755859375,99.80999755859375,12.470000267028809,2.436000108718872
2017-03-22,202.63076782226562,122.8737564086914,1249.300048828125,99.68000030517578,12.8100004196167,2.3959999084472656
2017-03-23,202.41453552246094,122.56350708007812,1246.9000244140625,99.76000213623047,13.119999885559082,2.4179999828338623
2017-03-24,202.26754760742188,122.81732940673828,1248.199951171875,99.62999725341797,12.960000038146973,2.4000000953674316
2017-03-27,202.0599365234375,123.0147705078125,1255.4000244140625,99.16999816894531,12.5,2.372999906539917
2017-03-28,203.53030395507812,123.76691436767578,1255.300048828125,99.70999908447266,11.529999732971191,2.4089999198913574
2017-03-29,203.7205352783203,124.34043884277344,1253.4000244140625,100.0,11.420000076293945,2.385999917984009
2017-03-30,204.3692169189453,124.54730224609375,1245.0,100.41000366210938,11.539999961853027,2.4159998893737793
2017-03-31,203.89352416992188,124.46269226074219,1247.300048828125,100.3499984741211,12.369999885559082,2.3959999084472656
2017-04-03,203.53892517089844,124.3874740600586,1250.800048828125,100.54000091552734,12.380000114440918,2.3499999046325684
2017-04-04,203.66864013671875,124.5848617553711,1255.0,100.54000091552734,11.789999961853027,2.3499999046325684
2017-04-05,203.06321716308594,124.07720184326172,1245.4000244140625,100.55999755859375,12.890000343322754,2.3570001125335693
2017-04-06,203.63406372070312,124.14299011230469,1250.300048828125,100.66999816894531,12.390000343322754,2.3429999351501465
2017-04-07,203.42649841308594,124.07720184326172,1254.300048828125,101.18000030517578,12.869999885559082,2.372999906539917
2017-04-10,203.5475616455078,124.12421417236328,1251.0999755859375,101.0199966430664,14.050000190734863,2.3610000610351562
2017-04-11,203.305419921875,123.58827209472656,1271.199951171875,100.70999908447266,15.069999694824219,2.2980000972747803
2017-04-12,202.41453552246094,123.08997344970703,1275.300048828125,100.77999877929688,15.770000457763672,2.2960000038146973
2017-04-13,201.09986877441406,122.60108947753906,1285.9000244140625,100.55999755859375,15.960000038146973,2.2320001125335693
2017-04-17,202.881591796875,123.61649322509766,1289.4000244140625,100.30000305175781,14.65999984741211,2.252000093460083
2017-04-18,202.27610778808594,123.428466796875,1291.699951171875,99.5,14.420000076293945,2.178999900817871
2017-04-19,201.9042205810547,123.62590789794922,1281.4000244140625,99.73999786376953,14.930000305175781,2.2019999027252197
2017-04-20,203.5475616455078,124.66011047363281,1281.9000244140625,99.77999877929688,14.149999618530273,2.240999937057495
2017-04-21,202.89886474609375,124.63191223144531,1287.4000244140625,99.9800033569336,14.630000114440918,2.236999988555908
2017-04-24,205.13038635253906,126.13623046875,1275.800048828125,99.08999633789062,10.84000015258789,2.2730000019073486
2017-04-25,206.3239288330078,127.04822540283203,1265.5999755859375,98.81999969482422,10.760000228881836,2.3269999027252197
2017-04-26,206.19418334960938,126.86951446533203,1262.0999755859375,98.95999908447266,10.850000381469727,2.311000108718872
2017-04-27,206.36717224121094,127.63117218017578,1263.699951171875,99.08000183105469,10.359999656677246,2.2960000038146973
2017-04-28,205.9174041748047,127.85676574707031,1266.0999755859375,99.05000305175781,10.819999694824219,2.2820000648498535
2017-05-01,206.4363250732422,128.99436950683594,1253.300048828125,99.13999938964844,10.109999656677246,2.325000047683716
2017-05-02,206.5142059326172,129.21058654785156,1255.0999755859375,98.9800033569336,10.59000015258789,2.2960000038146973
2017-05-03,206.2633514404297,128.7969970703125,1246.4000244140625,99.20999908447266,10.680000305175781,2.309000015258789
2017-05-04,206.5055389404297,128.84393310546875,1226.5,98.76000213623047,10.460000038146973,2.3559999465942383
2017-05-05,207.318603515625,129.3140106201172,1224.800048828125,98.6500015258789,10.569999694824219,2.3519999980926514
2017-05-08,207.28396606445312,129.5961151123047,1225.300048828125,99.1500015258789,9.770000457763672,2.375999927520752
2017-05-09,207.09371948242188,130.04736328125,1214.300048828125,99.58999633789062,9.960000038146973,2.4070000648498535
2017-05-10,207.4656219482422,130.12261962890625,1217.300048828125,99.66999816894531,10.210000038146973,2.4140000343322754
2017-05-11,207.04180908203125,130.01918029785156,1222.699951171875,99.62000274658203,10.600000381469727,2.4000000953674316
2017-05-12,206.69583129882812,130.3106689453125,1226.199951171875,99.25,10.399999618530273,2.3350000381469727
2017-05-15,207.83749389648438,130.7242889404297,1228.5999755859375,98.91000366210938,10.420000076293945,2.3380000591278076
2017-05-16,207.647216796875,131.26966857910156,1235.0,98.11000061035156,10.649999618530273,2.3289999961853027
2017-05-17,203.96267700195312,127.93204498291016,1257.5,97.41999816894531,15.59000015258789,2.2160000801086426
2017-05-18,204.78439331054688,129.05076599121094,1251.699951171875,97.87999725341797,14.65999984741211,2.2330000400543213
2017-05-19,206.11639404296875,129.5961151123047,1252.699951171875,97.1500015258789,12.039999961853027,2.244999885559082
2017-05-22,207.1628875732422,130.68675231933594,1260.699951171875,96.9800033569336,10.930000305175781,2.253999948501587
2017-05-23,207.6212921142578,130.81834411621094,1254.800048828125,97.3499984741211,10.720000267028809,2.2850000858306885
2017-05-24,208.10568237304688,131.42005920410156,1252.4000244140625,97.23999786376953,10.020000457763672,2.2660000324249268
2017-05-25,209.1002655029297,132.53895568847656,1255.800048828125,97.25,9.989999771118164,2.255000114440918
2017-05-26,209.0570068359375,132.77394104003906,1267.5999755859375,97.4000015258789,9.8100004196167,2.25
2017-05-30,208.87538146972656,132.8867645263672,1262.0999755859375,97.27999877929688,10.380000114440918,2.2170000076293945
2017-05-31,208.82347106933594,132.8397674560547,1272.0,96.91999816894531,10.40999984741211,2.196000099182129
2017-06-01,210.48410034179688,133.3568572998047,1267.0,97.19999694824219,9.890000343322754,2.2170000076293945
2017-06-02,211.18470764160156,134.88002014160156,1276.800048828125,96.72000122070312,9.75,2.1589999198913574
2017-06-05,211.02903747558594,134.851806640625,1279.300048828125,96.80000305175781,10.069999694824219,2.181999921798706
2017-06-06,210.3544158935547,134.31585693359375,1294.4000244140625,96.63999938964844,10.449999809265137,2.1470000743865967
2017-06-07,210.74359130859375,134.8424072265625,1290.0999755859375,96.75,10.390000343322754,2.177999973297119
2017-06-08,210.84739685058594,134.9834442138672,1276.300048828125,96.91999816894531,10.15999984741211,2.194000005722046
2017-06-09,210.52731323242188,131.60813903808594,1268.5,97.2699966430664,10.699999809265137,2.1989998817443848
2017-06-12,210.48410034179688,130.90301513671875,1266.0999755859375,97.13999938964844,11.460000038146973,2.2130000591278076
2017-06-13,211.51339721679688,131.96542358398438,1265.800048828125,96.9800033569336,10.420000076293945,2.2070000171661377
2017-06-14,211.24525451660156,131.3918914794922,1272.800048828125,96.94000244140625,10.640000343322754,2.138000011444092
2017-06-15,210.8387908935547,130.80902099609375,1252.199951171875,97.43000030517578,10.899999618530273,2.1619999408721924
2017-06-16,210.8848114013672,130.24142456054688,1254.0,97.16000366210938,10.380000114440918,2.1570000648498535
2017-06-19,212.64048767089844,132.41925048828125,1244.199951171875,97.52999877929688,10.369999885559082,2.190000057220459
2017-06-20,211.20639038085938,131.3821258544922,1241.0,97.75,10.859999656677246,2.1530001163482666
2017-06-21,211.15420532226562,132.6831817626953,1243.4000244140625,97.55999755859375,10.75,2.1549999713897705
2017-06-22,211.05862426757812,132.64547729492188,1247.5999755859375,97.54000091552734,10.479999542236328,2.1530001163482666
2017-06-23,211.31068420410156,133.15457153320312,1256.199951171875,97.30000305175781,10.020000457763672,2.1440000534057617
2017-06-26,211.44976806640625,132.5323486328125,1246.300048828125,97.43000030517578,9.899999618530273,2.13700008392334
2017-06-27,209.74627685546875,130.12831115722656,1246.4000244140625,96.47000122070312,11.0600004196167,2.197999954223633
2017-06-28,211.6235809326172,132.0043487548828,1248.0,96.05000305175781,10.029999732971191,2.2209999561309814
2017-06-29,209.76365661621094,129.71347045898438,1244.199951171875,95.62999725341797,11.4399995803833,2.2669999599456787
2017-06-30,210.15472412109375,129.76060485839844,1240.699951171875,95.66000366210938,11.180000305175781,2.302000045776367
2017-07-03,210.51109313964844,128.3936004638672,1217.9000244140625,96.19999694824219,11.220000267028809,2.3459999561309814
2017-07-05,210.9978485107422,129.65695190429688,1220.4000244140625,96.29000091552734,11.069999694824219,2.3340001106262207
2017-07-06,209.068359375,128.48788452148438,1222.199951171875,95.81999969482422,12.539999961853027,2.369999885559082
2017-07-07,210.42416381835938,129.87376403808594,1208.5999755859375,96.01000213623047,11.1899995803833,2.3929998874664307
2017-07-10,210.65016174316406,130.7222900390625,1212.0999755859375,96.05000305175781,11.109999656677246,2.371000051498413
2017-07-11,210.4937286376953,131.08990478515625,1213.5999755859375,95.73999786376953,10.890000343322754,2.361999988555908
2017-07-12,212.07553100585938,132.64547729492188,1218.0999755859375,95.79000091552734,10.300000190734863,2.3269999027252197
2017-07-13,212.43186950683594,132.93772888183594,1216.300048828125,95.7300033569336,9.899999618530273,2.3480000495910645
2017-07-14,213.42269897460938,133.984130859375,1226.5999755859375,95.11000061035156,9.510000228881836,2.319000005722046
2017-07-17,213.39657592773438,134.0500946044922,1232.800048828125,95.12999725341797,9.819999694824219,2.309000015258789
2017-07-18,213.50961303710938,134.94580078125,1241.0999755859375,94.66000366210938,9.890000343322754,2.263000011444092
2017-07-19,214.66551208496094,135.73768615722656,1241.199951171875,94.80000305175781,9.789999961853027,2.2679998874664307
2017-07-20,214.7611541748047,135.9168243408203,1244.800048828125,94.2699966430664,9.579999923706055,2.2660000324249268
2017-07-21,214.56991577148438,135.8602752685547,1254.300048828125,93.94000244140625,9.359999656677246,2.2320001125335693
2017-07-24,214.5177459716797,136.48243713378906,1253.9000244140625,93.9800033569336,9.430000305175781,2.253999948501587
2017-07-25,215.03929138183594,136.1336212158203,1251.699951171875,94.05000305175781,9.430000305175781,2.3259999752044678
2017-07-26,215.0479278564453,136.5767364501953,1249.0,93.66999816894531,9.600000381469727,2.2820000648498535
2017-07-27,214.84799194335938,135.7187957763672,1259.5999755859375,93.86000061035156,10.109999656677246,2.309999942779541
2017-07-28,214.59600830078125,135.60572814941406,1268.4000244140625,93.26000213623047,10.289999961853027,2.2890000343322754
2017-07-31,214.4742889404297,135.03060913085938,1266.5999755859375,92.86000061035156,10.260000228881836,2.2920000553131104
2017-08-01,214.95233154296875,135.3417510986328,1272.5999755859375,93.02999877929688,10.09000015258789,2.250999927520752
2017-08-02,215.05662536621094,135.7093963623047,1271.800048828125,92.83000183105469,10.279999732971191,2.26200008392334
2017-08-03,214.6394500732422,135.1814727783203,1267.800048828125,92.80999755859375,10.4399995803833,2.2279999256134033
2017-08-04,215.0305633544922,135.4266357421875,1258.300048828125,93.54000091552734,10.029999732971191,2.2669999599456787
2017-08-07,215.43028259277344,136.28445434570312,1258.199951171875,93.43000030517578,9.930000305175781,2.256999969482422
2017-08-08,214.900146484375,136.0487823486328,1256.4000244140625,93.63999938964844,10.960000038146973,2.2829999923706055
2017-08-09,214.89146423339844,135.8696746826172,1273.0,93.5199966430664,11.109999656677246,2.240999937057495
2017-08-10,211.8582000732422,132.95652770996094,1283.699951171875,93.4000015258789,16.040000915527344,2.2119998931884766
2017-08-11,212.17112731933594,133.96530151367188,1287.699951171875,93.06999969482422,15.510000228881836,2.188999891281128
2017-08-14,214.27439880371094,135.6905517578125,1284.199951171875,93.45999908447266,12.329999923706055,2.2190001010894775
2017-08-15,214.24835205078125,135.7847900390625,1273.699951171875,93.8499984741211,12.039999961853027,2.2660000324249268
2017-08-16,214.62205505371094,136.0205078125,1276.9000244140625,93.48999786376953,11.739999771118164,2.2260000705718994
2017-08-17,211.2759246826172,133.2394256591797,1286.4000244140625,93.62000274658203,15.550000190734863,2.1989998817443848
2017-08-18,210.94564819335938,133.1451416015625,1285.699951171875,93.43000030517578,14.260000228881836,2.194000005722046
2017-08-21,211.11080932617188,132.97547912597656,1290.800048828125,93.0999984741211,13.1899995803833,2.180000066757202
2017-08-22,213.31838989257812,135.00234985351562,1285.0999755859375,93.55000305175781,11.350000381469727,2.2149999141693115
2017-08-23,212.55349731445312,134.52149963378906,1288.9000244140625,93.1500015258789,12.25,2.1710000038146973
2017-08-24,212.05816650390625,134.12557983398438,1286.5,93.27999877929688,12.229999542236328,2.194000005722046
2017-08-25,212.55349731445312,133.84278869628906,1292.5,92.73999786376953,11.279999732971191,2.1689999103546143
2017-08-28,212.56224060058594,134.25753784179688,1309.699951171875,92.20999908447266,11.319999694824219,2.1589999198913574
2017-08-29,212.80560302734375,134.7855682373047,1313.0999755859375,92.3499984741211,11.699999809265137,2.135999917984009
2017-08-30,213.8137969970703,136.3693389892578,1308.0999755859375,92.87999725341797,11.220000267028809,2.1429998874664307
2017-08-31,215.1000518798828,137.83062744140625,1316.199951171875,92.66999816894531,10.59000015258789,2.121000051498413
2017-09-01,215.40426635742188,137.64202880859375,1324.5,92.80999755859375,10.130000114440918,2.1570000648498535
2017-09-05,213.85723876953125,136.40704345703125,1339.199951171875,92.30999755859375,12.229999542236328,2.069999933242798
2017-09-06,214.58729553222656,136.82186889648438,1333.9000244140625,92.29000091552734,11.630000114440918,2.1080000400543213
2017-09-07,214.56121826171875,137.14234924316406,1345.0999755859375,91.52999877929688,11.550000190734863,2.061000108718872
2017-09-08,214.30918884277344,135.95452880859375,1346.0,91.33000183105469,12.119999885559082,2.061000108718872
2017-09-11,216.59498596191406,137.51954650878906,1331.0,91.86000061035156,10.729999542236328,2.125
2017-09-12,217.32505798339844,137.84942626953125,1328.0,91.91000366210938,10.579999923706055,2.1710000038146973
2017-09-13,217.4293212890625,138.03802490234375,1323.4000244140625,92.5199966430664,10.5,2.194999933242798
2017-09-14,217.35983276367188,137.2272491455078,1324.699951171875,92.12000274658203,10.4399995803833,2.197000026702881
2017-09-15,217.6524200439453,137.6986083984375,1320.4000244140625,91.87000274658203,10.170000076293945,2.2019999027252197
2017-09-18,218.11532592773438,137.51820373535156,1306.300048828125,92.05000305175781,10.149999618530273,2.2290000915527344
2017-09-19,218.33367919921875,137.75436401367188,1306.199951171875,91.79000091552734,10.180000305175781,2.243000030517578
2017-09-20,218.4123077392578,137.32925415039062,1312.0,92.51000213623047,9.779999732971191,2.2769999504089355
2017-09-21,217.82708740234375,136.4883270263672,1290.5999755859375,92.26000213623047,9.670000076293945,2.2780001163482666
2017-09-22,217.8707733154297,136.3560333251953,1293.300048828125,92.16999816894531,9.59000015258789,2.26200008392334
2017-09-25,217.42530822753906,134.91989135742188,1306.800048828125,92.6500015258789,10.210000038146973,2.2200000286102295
2017-09-26,217.55630493164062,135.2694549560547,1297.0,92.97000122070312,10.170000076293945,2.2290000915527344
2017-09-27,218.4036102294922,136.4883270263672,1283.4000244140625,93.36000061035156,9.869999885559082,2.309000015258789
2017-09-28,218.6655731201172,136.44105529785156,1285.5,93.08999633789062,9.550000190734863,2.309000015258789
2017-09-29,219.43421936035156,137.42367553710938,1281.5,93.08000183105469,9.510000228881836,2.3259999752044678
2017-10-02,220.38629150390625,137.54649353027344,1272.699951171875,93.55999755859375,9.449999809265137,2.3369998931884766
2017-10-03,220.85792541503906,137.83935546875,1271.5,93.56999969482422,9.510000228881836,2.3340001106262207
2017-10-04,221.11996459960938,137.97171020507812,1273.699951171875,93.45999908447266,9.630000114440918,2.3299999237060547
2017-10-05,222.4301300048828,139.32275390625,1269.9000244140625,93.95999908447266,9.1899995803833,2.3499999046325684
2017-10-06,222.17686462402344,139.51170349121094,1271.5999755859375,93.80000305175781,9.649999618530273,2.369999885559082
2017-10-09,221.80996704101562,139.3511199951172,1281.800048828125,93.73999786376953,10.329999923706055,2.3610000610351562
2017-10-10,222.39520263671875,139.45504760742188,1290.5999755859375,93.29000091552734,10.079999923706055,2.3450000286102295
2017-10-11,222.7445831298828,139.8707733154297,1285.800048828125,92.95999908447266,9.850000381469727,2.3450000286102295
2017-10-12,222.41268920898438,139.6156463623047,1293.300048828125,93.12000274658203,9.90999984741211,2.322999954223633
2017-10-13,222.68336486816406,140.15420532226562,1301.5,93.08999633789062,9.609999656677246,2.2799999713897705
2017-10-16,222.98037719726562,140.63609313964844,1299.9000244140625,93.27999877929688,9.90999984741211,2.306999921798706
2017-10-17,223.13763427734375,140.8155517578125,1283.0,93.48999786376953,10.3100004196167,2.2980000972747803
2017-10-18,223.35598754882812,140.64547729492188,1279.9000244140625,93.36000061035156,10.069999694824219,2.3389999866485596
2017-10-19,223.4171142578125,140.1258544921875,1286.9000244140625,93.2699966430664,10.050000190734863,2.321000099182129
2017-10-20,224.57005310058594,140.5037841796875,1277.4000244140625,93.69999694824219,9.970000267028809,2.38100004196167
2017-10-23,223.69659423828125,139.5873565673828,1277.699951171875,93.94000244140625,11.069999694824219,2.375999927520752
2017-10-24,224.08961486816406,139.82350158691406,1275.0,93.95999908447266,11.15999984741211,2.4059998989105225
2017-10-25,222.98037719726562,139.2943878173828,1275.4000244140625,93.70999908447266,11.229999542236328,2.444000005722046
2017-10-26,223.26858520507812,138.85032653808594,1266.300048828125,94.61000061035156,11.300000190734863,2.4519999027252197
2017-10-27,225.09408569335938,142.89413452148438,1268.5,94.91999816894531,9.800000190734863,2.427999973297119
2017-10-30,224.25559997558594,143.2154083251953,1274.0999755859375,94.48999786376953,10.5,2.369999885559082
2017-10-31,224.60498046875,143.75399780273438,1267.0,94.55000305175781,10.180000305175781,2.375999927520752
2017-11-01,224.9019317626953,143.70669555664062,1274.0999755859375,94.81999969482422,10.199999809265137,2.375999927520752
2017-11-02,224.98928833007812,143.4326934814453,1274.9000244140625,94.69000244140625,9.930000305175781,2.3469998836517334
2017-11-03,225.74046325683594,144.8121337890625,1266.5,94.94000244140625,9.140000343322754,2.3429999351501465
2017-11-06,226.08982849121094,145.30345153808594,1279.4000244140625,94.72000122070312,9.399999618530273,2.319999933242798
2017-11-07,225.93264770507812,145.38848876953125,1273.699951171875,94.91000366210938,9.890000343322754,2.306999921798706
2017-11-08,226.3169403076172,145.97430419921875,1281.5999755859375,94.87000274658203,9.779999732971191,2.325000047683716
2017-11-09,225.49586486816406,145.20899963378906,1285.5999755859375,94.44000244140625,10.5,2.3310000896453857
2017-11-10,225.42601013183594,145.1995086669922,1272.4000244140625,94.38999938964844,11.289999961853027,2.4000000953674316
2017-11-13,225.6356201171875,145.37899780273438,1277.300048828125,94.48999786376953,11.5,2.4000000953674316
2017-11-14,225.11160278320312,144.84988403320312,1281.5,93.83000183105469,11.59000015258789,2.38100004196167
2017-11-15,223.98486328125,144.16961669921875,1276.5,93.80999755859375,13.130000114440918,2.3350000381469727
2017-11-16,225.888916015625,146.01205444335938,1277.4000244140625,93.93000030517578,11.760000228881836,2.3610000610351562
2017-11-17,225.22515869140625,145.45460510253906,1295.800048828125,93.66000366210938,11.430000305175781,2.3540000915527344
2017-11-20,225.60946655273438,145.3412322998047,1274.5999755859375,94.08000183105469,10.649999618530273,2.371999979019165
2017-11-21,227.0855712890625,146.91908264160156,1281.0999755859375,93.94999694824219,9.729999542236328,2.36299991607666
2017-11-22,226.88473510742188,147.0985565185547,1291.5999755859375,93.22000122070312,9.880000114440918,2.322000026702881
2017-11-24,227.40875244140625,147.63717651367188,1286.699951171875,92.76000213623047,9.670000076293945,2.3399999141693115
2017-11-27,227.2952423095703,147.5709991455078,1293.800048828125,92.9000015258789,9.869999885559082,2.328000068664551
2017-11-28,229.60107421875,147.94894409179688,1294.699951171875,93.26000213623047,10.029999732971191,2.3380000591278076
2017-11-29,229.4613037109375,145.36959838867188,1282.0999755859375,93.26000213623047,10.699999809265137,2.375999927520752
2017-11-30,231.47024536132812,146.58839416503906,1273.199951171875,93.01000213623047,11.279999732971191,2.4170000553131104
2017-12-01,230.9898223876953,145.96482849121094,1278.800048828125,92.9000015258789,11.430000305175781,2.361999988555908
2017-12-04,230.71035766601562,144.2830810546875,1274.300048828125,93.19000244140625,11.680000305175781,2.378999948501587
2017-12-05,229.88059997558594,144.37754821777344,1261.5999755859375,93.37999725341797,11.329999923706055,2.3559999465942383
2017-12-06,229.92420959472656,145.0294647216797,1262.800048828125,93.61000061035156,11.020000457763672,2.3299999237060547
2017-12-07,230.64923095703125,145.5207977294922,1249.800048828125,93.80000305175781,10.15999984741211,2.375999927520752
2017-12-08,231.90696716308594,146.16323852539062,1245.199951171875,93.9000015258789,9.579999923706055,2.382999897003174
2017-12-11,232.605712890625,147.2970428466797,1243.699951171875,93.87000274658203,9.34000015258789,2.384999990463257
2017-12-12,233.01620483398438,147.0985565185547,1238.5,94.0999984741211,9.920000076293945,2.4030001163482666
2017-12-13,232.98995971679688,147.38206481933594,1245.4000244140625,93.43000030517578,10.180000305175781,2.3489999771118164
2017-12-14,232.03802490234375,147.27816772460938,1253.800048828125,93.48999786376953,10.489999771118164,2.3459999561309814
2017-12-15,233.97024536132812,148.95045471191406,1254.300048828125,93.93000030517578,9.420000076293945,2.3550000190734863
2017-12-18,235.4539031982422,150.19924926757812,1262.199951171875,93.69999694824219,9.529999732971191,2.3919999599456787
2017-12-19,234.54966735839844,149.309326171875,1260.699951171875,93.47000122070312,10.029999732971191,2.4630000591278076
2017-12-20,234.4267578125,149.14833068847656,1266.0999755859375,93.3499984741211,9.720000267028809,2.496999979019165
2017-12-21,234.90963745117188,149.167236328125,1267.300048828125,93.27999877929688,9.619999885559082,2.4809999465942383
2017-12-22,234.8480987548828,148.99681091308594,1275.4000244140625,93.3499984741211,9.899999618530273,2.484999895095825
2017-12-26,234.56724548339844,148.19204711914062,1284.0999755859375,93.26000213623047,10.25,2.4670000076293945
2017-12-27,234.68130493164062,148.2109832763672,1287.0,93.02999877929688,10.470000267028809,2.4140000343322754
2017-12-28,235.16416931152344,148.39088439941406,1294.0999755859375,92.5999984741211,10.180000305175781,2.431999921798706
2017-12-29,234.2775115966797,147.47247314453125,1306.300048828125,92.12000274658203,11.039999961853027,2.4049999713897705
2018-01-02,235.9542694091797,150.05722045898438,1313.699951171875,91.8499984741211,9.770000457763672,2.4649999141693115
2018-01-03,237.44676208496094,151.51531982421875,1316.199951171875,92.16000366210938,9.149999618530273,2.447000026702881
2018-01-04,238.44754028320312,151.7804412841797,1319.4000244140625,91.8499984741211,9.220000267028809,2.453000068664551
2018-01-05,240.03646850585938,153.30479431152344,1320.300048828125,91.94999694824219,9.220000267028809,2.4760000705718994
2018-01-08,240.4755401611328,153.90126037597656,1318.5999755859375,92.33000183105469,9.520000457763672,2.4800000190734863
2018-01-09,241.01979064941406,153.91070556640625,1311.699951171875,92.52999877929688,10.079999923706055,2.5460000038146973
2018-01-10,240.65106201171875,153.55088806152344,1317.4000244140625,92.33000183105469,9.819999694824219,2.549999952316284
2018-01-11,242.40682983398438,154.60186767578125,1320.5999755859375,91.8499984741211,9.880000114440918,2.5309998989105225
2018-01-12,243.9871826171875,155.73797607421875,1333.4000244140625,90.97000122070312,10.15999984741211,2.552000045776367
2018-01-16,243.15309143066406,155.2930145263672,1335.4000244140625,90.38999938964844,11.65999984741211,2.5439999103546143
2018-01-17,245.4707489013672,156.9688262939453,1338.0,90.54000091552734,11.90999984741211,2.578000068664551
2018-01-18,245.05821228027344,156.9972381591797,1326.0,90.5,12.220000267028809,2.6110000610351562
2018-01-19,246.17315673828125,157.4895477294922,1331.9000244140625,90.56999969482422,11.270000457763672,2.63700008392334
2018-01-22,248.1747283935547,159.1748504638672,1330.9000244140625,90.4000015258789,11.029999732971191,2.6649999618530273
2018-01-23,248.70155334472656,160.49087524414062,1335.699951171875,90.12000274658203,11.100000381469727,2.624000072479248
2018-01-24,248.60488891601562,159.4494171142578,1355.9000244140625,89.20999908447266,11.470000267028809,2.6540000438690186
2018-01-25,248.710205078125,159.3926544189453,1362.4000244140625,89.38999938964844,11.579999923706055,2.621000051498413
2018-01-26,251.5897216796875,161.83535766601562,1351.5999755859375,89.06999969482422,11.079999923706055,2.6619999408721924
2018-01-29,249.92172241210938,161.04953002929688,,89.30999755859375,13.84000015258789,2.6989998817443848
2018-01-30,247.35829162597656,159.72401428222656,1335.4000244140625,89.19000244140625,14.789999961853027,2.7260000705718994
2018-01-31,247.48114013671875,160.38673400878906,1339.0,89.12999725341797,13.539999961853027,2.7200000286102295
2018-02-01,247.20021057128906,159.02337646484375,1344.300048828125,88.66999816894531,13.470000267028809,2.7730000019073486
2018-02-02,241.81871032714844,155.85162353515625,1333.699951171875,89.19999694824219,17.309999465942383,2.8540000915527344
2018-02-05,231.70521545410156,149.70689392089844,1333.0,89.55000305175781,37.31999969482422,2.7939999103546143
2018-02-06,236.27032470703125,153.67398071289062,1326.0999755859375,89.58999633789062,29.979999542236328,2.7679998874664307
2018-02-07,234.98863220214844,151.685791015625,1311.5999755859375,90.26000213623047,27.729999542236328,2.8440001010894775
2018-02-08,226.17442321777344,145.28543090820312,1316.9000244140625,90.2300033569336,33.459999084472656,2.8510000705718994
2018-02-09,229.57192993164062,147.79444885253906,1313.0999755859375,90.44000244140625,29.059999465942383,2.8289999961853027
2018-02-12,232.94308471679688,150.41697692871094,1324.199951171875,90.20999908447266,25.610000610351562,2.8570001125335693
2018-02-13,233.5225372314453,151.1934051513672,1328.0999755859375,89.69999694824219,24.969999313354492,2.8399999141693115
2018-02-14,236.67417907714844,154.02430725097656,1355.5,89.12000274658203,19.260000228881836,2.9130001068115234
2018-02-15,239.6941680908203,156.8836212158203,1352.0999755859375,88.58999633789062,19.1299991607666,2.8910000324249268
2018-02-16,239.76438903808594,156.1830291748047,1353.199951171875,89.0999984741211,19.459999084472656,2.877000093460083
2018-02-20,238.2632293701172,156.4954376220703,1328.800048828125,89.72000122070312,20.600000381469727,2.8929998874664307
2018-02-21,237.0780029296875,156.0504608154297,1330.0,90.08000183105469,20.020000457763672,2.943000078201294
2018-02-22,237.38528442382812,156.03150939941406,1330.5999755859375,89.75,18.719999313354492,2.9170000553131104
2018-02-23,241.1690216064453,159.2222137451172,1328.199951171875,89.87999725341797,16.489999771118164,2.871000051498413
2018-02-26,243.96954345703125,161.3335418701172,1330.699951171875,89.81999969482422,15.800000190734863,2.8589999675750732
2018-02-27,240.9231414794922,159.33580017089844,1315.5,90.36000061035156,18.59000015258789,2.9079999923706055
2018-02-28,238.482666015625,158.31329345703125,1315.5,90.61000061035156,19.850000381469727,2.868000030517578
2018-03-01,235.01492309570312,155.72848510742188,1302.9000244140625,90.31999969482422,22.469999313354492,2.803999900817871
2018-03-02,236.2264862060547,157.158203125,1321.0999755859375,89.94000244140625,19.59000015258789,2.8570001125335693
2018-03-05,238.9567108154297,158.90029907226562,1318.0999755859375,90.08000183105469,18.729999542236328,2.88100004196167
2018-03-06,239.5624542236328,159.57252502441406,1333.5999755859375,89.62000274658203,18.360000610351562,2.877000093460083
2018-03-07,239.47471618652344,159.94175720214844,1326.0,89.63999938964844,17.760000228881836,2.882999897003174
2018-03-08,240.63356018066406,160.82228088378906,1319.9000244140625,90.12000274658203,16.540000915527344,2.865999937057495
2018-03-09,244.82110595703125,163.9467315673828,1322.4000244140625,90.08999633789062,14.640000343322754,2.8940000534057617
2018-03-12,244.51385498046875,164.81776428222656,1319.4000244140625,89.9000015258789,15.779999732971191,2.869999885559082
2018-03-13,242.93368530273438,162.5738525390625,1325.9000244140625,89.66000366210938,16.350000381469727,2.8480000495910645
2018-03-14,241.68701171875,162.54542541503906,1324.4000244140625,89.69999694824219,17.229999542236328,2.816999912261963
2018-03-15,241.42369079589844,162.40342712402344,1316.800048828125,90.13999938964844,16.59000015258789,2.8259999752044678
2018-03-16,241.68540954589844,161.9205780029297,1311.300048828125,90.2300033569336,15.800000190734863,2.8480000495910645
2018-03-19,238.41534423828125,158.46575927734375,1316.800048828125,89.9000015258789,19.020000457763672,2.8450000286102295
2018-03-20,238.8208465576172,158.98739624023438,1311.0999755859375,90.37000274658203,18.200000762939453,2.878999948501587
2018-03-21,238.36245727539062,158.29510498046875,1320.699951171875,89.77999877929688,17.860000610351562,2.9070000648498535
2018-03-22,232.4040985107422,154.38796997070312,1326.5999755859375,89.86000061035156,23.34000015258789,2.8320000171661377
2018-03-23,227.45045471191406,150.3196563720703,1349.300048828125,89.44000244140625,24.8700008392334,2.8299999237060547
2018-03-26,233.67333984375,155.9053192138672,1354.4000244140625,89.02999877929688,21.030000686645508,2.8429999351501465
2018-03-27,229.6980743408203,150.8602294921875,1341.300048828125,89.37000274658203,22.5,2.7860000133514404
2018-03-28,229.0194091796875,149.124755859375,1324.199951171875,90.05999755859375,22.8700008392334,2.7750000953674316
2018-03-29,231.94569396972656,151.85594177246094,1322.800048828125,90.1500015258789,19.969999313354492,2.740999937057495
2018-04-02,226.9392852783203,147.4746856689453,1342.0999755859375,90.05000305175781,23.6200008392334,2.7320001125335693
2018-04-03,229.84796142578125,149.13424682617188,1332.800048828125,90.19999694824219,21.100000381469727,2.7839999198913574
2018-04-04,232.30712890625,151.48609924316406,1335.800048828125,90.13999938964844,20.059999465942383,2.7880001068115234
2018-04-05,234.14048767089844,152.3490753173828,1324.300048828125,90.45999908447266,18.940000534057617,2.8320000171661377
2018-04-06,228.92242431640625,148.53675842285156,1331.9000244140625,90.11000061035156,21.489999771118164,2.7750000953674316
2018-04-09,230.0506591796875,149.57992553710938,1336.300048828125,89.83999633789062,21.770000457763672,2.7860000133514404
2018-04-10,233.70855712890625,152.88011169433594,1342.0,89.58999633789062,20.469999313354492,2.796999931335449
2018-04-11,232.4834442138672,151.9982147216797,1356.5,89.56999969482422,20.239999771118164,2.7899999618530273
2018-04-12,234.3960418701172,153.82855224609375,1338.4000244140625,89.75,18.489999771118164,2.8340001106262207
2018-04-13,233.70855712890625,153.0318145751953,1344.800048828125,89.80000305175781,17.40999984741211,2.8289999961853027
2018-04-16,235.63006591796875,154.19833374023438,1347.5,89.43000030517578,16.559999465942383,2.8320000171661377
2018-04-17,238.1509552001953,157.5174560546875,1347.199951171875,89.5199966430664,15.25,2.813999891281128
2018-04-18,238.3271942138672,157.8398895263672,1351.199951171875,89.62000274658203,15.600000381469727,2.867000102996826
2018-04-19,237.00502014160156,156.38897705078125,1346.800048828125,89.94000244140625,15.960000038146973,2.9140000343322754
2018-04-20,234.9954071044922,153.9137725830078,1336.699951171875,90.31999969482422,16.8799991607666,2.9509999752044678
2018-04-23,234.96017456054688,153.52505493164062,1322.5,90.94000244140625,16.34000015258789,2.9730000495910645
2018-04-24,231.7958984375,150.2722625732422,1331.4000244140625,90.7699966430664,18.020000457763672,2.9830000400543213
2018-04-25,232.3688201904297,150.45236206054688,1321.199951171875,91.16999816894531,17.84000015258789,3.0239999294281006
2018-04-26,234.73098754882812,153.61988830566406,1316.300048828125,91.55999755859375,16.239999771118164,2.990000009536743
2018-04-27,234.9513702392578,153.71469116210938,1320.300048828125,91.54000091552734,15.40999984741211,2.9570000171661377
2018-04-30,233.14447021484375,152.62408447265625,1316.199951171875,91.83999633789062,15.930000305175781,2.936000108718872
2018-05-01,233.55873107910156,154.36903381347656,1303.800048828125,92.44999694824219,15.489999771118164,2.9760000705718994
2018-05-02,231.98983764648438,153.45863342285156,1302.5999755859375,92.51000213623047,15.970000267028809,2.9639999866485596
2018-05-03,231.4785919189453,153.4396209716797,1310.699951171875,92.41000366210938,15.899999618530273,2.946000099182129
2018-05-04,234.47543334960938,156.35101318359375,1312.699951171875,92.56999969482422,14.770000457763672,2.944000005722046
2018-05-07,235.26869201660156,157.6502227783203,1312.199951171875,92.75,14.75,2.950000047683716
2018-05-08,235.26869201660156,157.48899841308594,1312.0,93.12000274658203,14.710000038146973,2.9690001010894775
2018-05-09,237.54278564453125,159.2054901123047,1311.300048828125,93.04000091552734,13.420000076293945,3.003999948501587
2018-05-10,239.7639617919922,160.8555908203125,1320.800048828125,92.6500015258789,13.229999542236328,2.9709999561309814
2018-05-11,240.49554443359375,160.70387268066406,1319.0,92.54000091552734,12.649999618530273,2.9709999561309814
2018-05-14,240.61009216308594,160.97886657714844,1316.5,92.58999633789062,12.930000305175781,2.994999885559082
2018-05-15,238.95301818847656,159.19598388671875,1288.9000244140625,93.22000122070312,14.630000114440918,3.0799999237060547
2018-05-16,239.95787048339844,160.24868774414062,1290.199951171875,93.38999938964844,13.420000076293945,3.0950000286102295
2018-05-17,239.7551727294922,159.6322479248047,1288.199951171875,93.47000122070312,13.430000305175781,3.1089999675750732
2018-05-18,239.15577697753906,158.8071746826172,1290.199951171875,93.63999938964844,13.420000076293945,3.066999912261963
2018-05-21,240.95379638671875,159.69862365722656,1290.199951171875,93.68000030517578,13.079999923706055,3.065000057220459
2018-05-22,240.2839813232422,159.49000549316406,1291.699951171875,93.61000061035156,13.220000267028809,3.065000057220459
2018-05-23,240.94505310058594,160.8366241455078,1289.300048828125,94.01000213623047,12.579999923706055,3.003000020980835
2018-05-24,240.45144653320312,160.78916931152344,1303.699951171875,93.77999877929688,12.529999732971191,2.9809999465942383
2018-05-25,239.8784942626953,160.95040893554688,1303.300048828125,94.19000244140625,13.220000267028809,2.930999994277954
2018-05-29,237.11964416503906,160.23922729492188,1298.699951171875,94.83000183105469,17.020000457763672,2.7679998874664307
2018-05-30,240.2839813232422,161.38661193847656,1301.5,94.1500015258789,14.9399995803833,2.8420000076293945
2018-05-31,238.81198120117188,161.2823028564453,1300.0999755859375,93.98999786376953,15.430000305175781,2.822000026702881
2018-06-01,241.15655517578125,163.81436157226562,1294.800048828125,94.19000244140625,13.460000038146973,2.8949999809265137
2018-06-04,242.3024444580078,165.2937774658203,1293.0999755859375,94.0199966430664,12.739999771118164,2.937000036239624
2018-06-05,242.47865295410156,165.8058319091797,1297.5,93.88999938964844,12.399999618530273,2.9189999103546143
2018-06-06,244.50596618652344,166.7731170654297,1297.0999755859375,93.66000366210938,11.640000343322754,2.9749999046325684
2018-06-07,244.47952270507812,165.4170379638672,1298.699951171875,93.4000015258789,12.130000114440918,2.933000087738037
2018-06-08,245.20230102539062,165.4265594482422,1298.0999755859375,93.55000305175781,12.180000305175781,2.937000036239624
2018-06-11,245.5283660888672,165.87222290039062,1298.9000244140625,93.58000183105469,12.350000381469727,2.9570000171661377
2018-06-12,245.8457489013672,166.7447052001953,1295.0999755859375,93.80000305175781,12.34000015258789,2.9570000171661377
2018-06-13,245.0612335205078,166.73526000976562,1296.9000244140625,93.70999908447266,12.9399995803833,2.9769999980926514
2018-06-14,245.67820739746094,168.42324829101562,1304.0,94.7699966430664,12.119999885559082,2.946000099182129
2018-06-15,245.3648223876953,167.83529663085938,1274.5999755859375,94.79000091552734,11.979999542236328,2.9240000247955322
2018-06-18,244.86013793945312,167.73834228515625,1276.199951171875,94.75,12.3100004196167,2.9260001182556152
2018-06-19,243.92164611816406,167.26315307617188,1275.5999755859375,95.08999633789062,13.350000381469727,2.8929998874664307
2018-06-20,244.33779907226562,168.45114135742188,1271.199951171875,95.05999755859375,12.789999961853027,2.927999973297119
2018-06-21,242.80601501464844,166.98756408691406,1267.199951171875,94.87000274658203,14.640000343322754,2.8970000743865967
2018-06-22,243.24871826171875,166.61691284179688,1267.4000244140625,94.5199966430664,13.770000457763672,2.9000000953674316
2018-06-25,239.93753051757812,162.86302185058594,1265.5999755859375,94.27999877929688,17.329999923706055,2.875
2018-06-26,240.46865844726562,163.52828979492188,1256.5999755859375,94.68000030517578,15.920000076293945,2.880000114440918
2018-06-27,238.47659301757812,161.3043975830078,1252.800048828125,95.29000091552734,17.90999984741211,2.8269999027252197
2018-06-28,239.84011840820312,162.6919708251953,1247.800048828125,95.38999938964844,16.850000381469727,2.8469998836517334
2018-06-29,240.1853485107422,163.12904357910156,1251.300048828125,94.62999725341797,16.09000015258789,2.8489999771118164
2018-07-02,240.6988525390625,164.22201538085938,1239.800048828125,94.87000274658203,15.600000381469727,2.865999937057495
2018-07-03,239.84890747070312,162.32127380371094,1251.5999755859375,94.58999633789062,16.139999389648438,2.8380000591278076
2018-07-05,241.8055877685547,164.33604431152344,1257.300048828125,94.47000122070312,14.970000267028809,2.8399999141693115
2018-07-06,243.85086059570312,166.8925018310547,1254.300048828125,94.04000091552734,13.369999885559082,2.8310000896453857
2018-07-09,246.0466766357422,168.3940887451172,1258.0999755859375,94.08000183105469,12.6899995803833,2.859999895095825
2018-07-10,246.93203735351562,168.5176239013672,1253.800048828125,94.11000061035156,12.640000343322754,2.872999906539917
2018-07-11,245.12576293945312,167.6623077392578,1242.800048828125,94.72000122070312,13.630000114440918,2.8420000076293945
2018-07-12,247.34814453125,170.55140686035156,1245.0,94.80999755859375,12.579999923706055,2.8529999256134033
2018-07-13,247.54286193847656,170.6939239501953,1239.5999755859375,94.75,12.180000305175781,2.8310000896453857
2018-07-16,247.32150268554688,170.28530883789062,1238.0999755859375,94.51000213623047,12.829999923706055,2.8580000400543213
2018-07-17,248.322021484375,171.32118225097656,1225.699951171875,94.97000122070312,12.0600004196167,2.864000082015991
2018-07-18,248.8443603515625,170.9980926513672,1226.300048828125,95.08000183105469,12.100000381469727,2.875
2018-07-19,247.9059295654297,170.1427764892578,1222.4000244140625,95.16999816894531,12.869999885559082,2.8469998836517334
2018-07-20,247.62255859375,170.10472106933594,1229.5,94.45999908447266,12.859999656677246,2.8949999809265137
2018-07-23,248.08299255371094,170.64645385742188,1224.0,94.66999816894531,12.619999885559082,2.9649999141693115
2018-07-24,249.3313446044922,171.34971618652344,1223.9000244140625,94.61000061035156,12.40999984741211,2.9489998817443848
2018-07-25,251.456298828125,173.74464416503906,1231.4000244140625,94.36000061035156,12.289999961853027,2.936000108718872
2018-07-26,250.8629608154297,171.1121063232422,1225.300048828125,94.75,12.140000343322754,2.9749999046325684
2018-07-27,249.1631317138672,168.80274963378906,1222.5999755859375,94.68000030517578,13.029999732971191,2.9600000381469727
2018-07-30,247.8616485595703,166.4173126220703,1221.300048828125,94.36000061035156,14.260000228881836,2.9749999046325684
2018-07-31,249.08340454101562,167.6908416748047,1223.699951171875,94.48999786376953,12.829999923706055,2.9639999866485596
2018-08-01,248.667236328125,168.32760620117188,1217.9000244140625,94.62000274658203,13.149999618530273,3.003000020980835
2018-08-02,250.02195739746094,170.617919921875,1210.5999755859375,95.16999816894531,12.1899995803833,2.9860000610351562
2018-08-03,251.0932159423828,171.14059448242188,1214.199951171875,95.13999938964844,11.640000343322754,2.953000068664551
2018-08-06,252.0140380859375,172.14804077148438,1208.5999755859375,95.36000061035156,11.270000457763672,2.937999963760376
2018-08-07,252.84625244140625,172.77523803710938,1209.5999755859375,95.22000122070312,10.930000305175781,2.9730000495910645
2018-08-08,252.7400360107422,172.98434448242188,1212.5999755859375,95.0999984741211,10.850000381469727,2.9709999561309814
2018-08-09,252.3946990966797,172.8797607421875,1211.9000244140625,95.5,11.270000457763672,2.934999942779541
2018-08-10,250.7036895751953,171.5587921142578,1211.0999755859375,96.36000061035156,13.15999984741211,2.8570001125335693
2018-08-13,249.76522827148438,171.36871337890625,1191.300048828125,96.38999938964844,14.779999732971191,2.877000093460083
2018-08-14,251.35882568359375,172.44261169433594,1193.0,96.7300033569336,13.3100004196167,2.8949999809265137
2018-08-15,249.48179626464844,170.3328094482422,1177.5,96.69999694824219,14.640000343322754,2.8519999980926514
2018-08-16,251.50045776367188,170.89353942871094,1176.199951171875,96.6500015258789,13.449999809265137,2.871000051498413
2018-08-17,252.38584899902344,170.93157958984375,1176.5,96.0999984741211,12.640000343322754,2.872999906539917
2018-08-20,252.9259796142578,170.77952575683594,1186.800048828125,95.9000015258789,12.489999771118164,2.822999954223633
2018-08-21,253.51913452148438,171.40670776367188,1192.5999755859375,95.26000213623047,12.859999656677246,2.8440001010894775
2018-08-22,253.36865234375,172.07199096679688,1196.300048828125,95.1500015258789,12.25,2.822999954223633
2018-08-23,253.03219604492188,171.8248748779297,1187.0,95.62000274658203,12.40999984741211,2.821000099182129
2018-08-24,254.55511474609375,173.42147827148438,1206.300048828125,95.1500015258789,11.989999771118164,2.8259999752044678
2018-08-27,256.56475830078125,175.1891632080078,1209.0,94.77999877929688,12.15999984741211,2.8480000495910645
2018-08-28,256.6888122558594,175.4457244873047,1207.4000244140625,94.72000122070312,12.5,2.884000062942505
2018-08-29,258.0699768066406,177.4700469970703,1204.5,94.5999984741211,12.25,2.884000062942505
2018-08-30,257.02520751953125,177.15640258789062,1197.699951171875,94.72000122070312,13.529999732971191,2.859999895095825
2018-08-31,257.0340881347656,177.3844757080078,1200.300048828125,95.13999938964844,12.859999656677246,2.8529999256134033
2018-09-04,256.59136962890625,176.62420654296875,1192.699951171875,95.41999816894531,13.15999984741211,2.9019999504089355
2018-09-05,255.90081787109375,174.3433074951172,1194.9000244140625,95.12999725341797,13.90999984741211,2.9019999504089355
2018-09-06,255.13058471679688,172.78477478027344,1197.9000244140625,95.0199966430664,14.649999618530273,2.878999948501587
2018-09-07,254.63475036621094,172.11953735351562,1193.5999755859375,95.37000274658203,14.880000114440918,2.941999912261963
2018-09-10,255.07737731933594,172.69924926757812,1193.0,95.1500015258789,14.15999984741211,2.937000036239624
2018-09-11,255.91845703125,174.02969360351562,1195.4000244140625,95.05999755859375,13.220000267028809,2.9769999980926514
2018-09-12,255.9805450439453,173.5165252685547,1204.699951171875,94.80000305175781,13.140000343322754,2.9630000591278076
2018-09-13,257.49456787109375,175.36973571777344,1202.0,94.54000091552734,12.369999885559082,2.9630000591278076
2018-09-14,257.5387878417969,174.85658264160156,1195.0,94.9800033569336,12.069999694824219,2.99399995803833
2018-09-17,256.1753234863281,172.3380584716797,1199.699951171875,94.51000213623047,13.680000305175781,3.000999927520752
2018-09-18,257.5653076171875,173.7635955810547,1196.800048828125,94.62000274658203,12.789999961853027,3.0480000972747803
2018-09-19,257.8397521972656,173.63058471679688,1202.199951171875,94.55000305175781,11.75,3.0829999446868896
2018-09-20,259.92919921875,175.55027770996094,1206.199951171875,93.91000366210938,11.800000190734863,3.078000068664551
2018-09-21,259.6919250488281,174.59048461914062,1196.199951171875,94.22000122070312,11.680000305175781,3.068000078201294
2018-09-24,258.8291015625,175.0759735107422,1199.300048828125,94.26000213623047,12.199999809265137,3.078000068664551
2018-09-25,258.5889892578125,175.31402587890625,1200.0,94.12999725341797,12.420000076293945,3.1019999980926514
2018-09-26,257.81524658203125,175.43775939941406,1194.0,94.19000244140625,12.890000343322754,3.061000108718872
2018-09-27,258.53558349609375,176.9229736328125,1182.300048828125,95.0,12.40999984741211,3.055999994277954
2018-09-28,258.56231689453125,176.88490295410156,1191.5,95.19000244140625,12.119999885559082,3.055999994277954
2018-10-01,259.46063232421875,177.24671936035156,1187.0999755859375,95.30000305175781,12.0,3.0799999237060547
2018-10-02,259.30938720703125,176.8468475341797,1202.4000244140625,95.51000213623047,12.050000190734863,3.055999994277954
2018-10-03,259.45172119140625,177.03724670410156,1198.300048828125,95.76000213623047,11.609999656677246,3.1610000133514404
2018-10-04,257.4239807128906,173.63836669921875,1197.199951171875,95.75,14.220000267028809,3.197000026702881
2018-10-05,255.983154296875,171.51524353027344,1201.199951171875,95.62000274658203,14.819999694824219,3.2249999046325684
2018-10-08,255.983154296875,170.4679718017578,1184.4000244140625,95.7699966430664,15.6899995803833,3.2330000400543213
2018-10-09,255.609619140625,171.02023315429688,1187.199951171875,95.68000030517578,15.949999809265137,3.2079999446868896
2018-10-10,247.51612854003906,163.49884033203125,1189.300048828125,95.51000213623047,22.959999084472656,3.2249999046325684
2018-10-11,242.06417846679688,161.47091674804688,1223.5,95.0199966430664,24.979999542236328,3.132999897003174
2018-10-12,245.4261474609375,165.9646759033203,1218.0999755859375,95.22000122070312,21.309999465942383,3.1410000324249268
2018-10-15,244.0475311279297,163.9558563232422,1226.4000244140625,95.06999969482422,21.299999237060547,3.1630001068115234
2018-10-16,249.38385009765625,168.7257080078125,1227.300048828125,95.05000305175781,17.6200008392334,3.1559998989105225
2018-10-17,249.42832946777344,168.79234313964844,1223.699951171875,95.58000183105469,17.399999618530273,3.178999900817871
2018-10-18,245.82632446289062,164.87933349609375,1226.5,95.9000015258789,20.059999465942383,3.174999952316284
2018-10-19,245.69288635253906,164.72703552246094,1225.300048828125,95.70999908447266,19.889999389648438,3.197999954223633
2018-10-22,244.5900421142578,165.57431030273438,1221.199951171875,96.01000213623047,19.639999389648438,3.196000099182129
2018-10-23,243.3449249267578,164.96505737304688,1233.4000244140625,95.95999908447266,20.709999084472656,3.1659998893737793
2018-10-24,235.971923828125,157.41506958007812,1227.800048828125,96.43000030517578,25.229999542236328,3.124000072479248
2018-10-25,240.20538330078125,162.8609161376953,1229.0999755859375,96.68000030517578,24.219999313354492,3.135999917984009
2018-10-26,235.98086547851562,158.67184448242188,1232.5,96.36000061035156,24.15999984741211,3.0769999027252197
2018-10-29,234.6734619140625,155.40623474121094,1224.5,96.58000183105469,24.700000762939453,3.0869998931884766
2018-10-30,238.15084838867188,157.96731567382812,1222.5999755859375,97.01000213623047,23.350000381469727,3.109999895095825
2018-10-31,240.69461059570312,161.680419921875,1212.300048828125,97.12999725341797,21.229999542236328,3.1589999198913574
2018-11-01,243.25596618652344,163.81300354003906,1236.0,96.27999877929688,19.34000015258789,3.1440000534057617
2018-11-02,241.81515502929688,161.2615203857422,1230.9000244140625,96.54000091552734,19.510000228881836,3.2139999866485596
2018-11-05,243.1492156982422,160.86155700683594,1229.800048828125,96.3499984741211,19.959999084472656,3.2009999752044678
2018-11-06,244.68785095214844,162.08023071289062,1223.800048828125,96.31999969482422,19.90999984741211,3.2139999866485596
2018-11-07,249.92636108398438,167.1642608642578,1226.199951171875,96.0,16.360000610351562,3.2130000591278076
2018-11-08,249.4727783203125,166.0979766845703,1222.9000244140625,96.63999938964844,16.719999313354492,3.2339999675750732
2018-11-09,247.03591918945312,163.29891967773438,1206.4000244140625,96.91000366210938,17.360000610351562,3.188999891281128
2018-11-12,242.42001342773438,158.35763549804688,1201.300048828125,97.54000091552734,20.450000762939453,3.186000108718872
2018-11-13,241.96636962890625,158.4909210205078,1199.199951171875,97.30000305175781,20.020000457763672,3.1449999809265137
2018-11-14,240.3120880126953,157.2817840576172,1207.9000244140625,96.80000305175781,21.25,3.119999885559082
2018-11-15,242.82012939453125,160.0333251953125,1212.800048828125,96.93000030517578,19.979999542236328,3.118000030517578
2018-11-16,243.45167541503906,159.47158813476562,1220.800048828125,96.47000122070312,18.139999389648438,3.0739998817443848
2018-11-19,239.33377075195312,154.2923126220703,1223.0999755859375,96.19000244140625,20.100000381469727,3.056999921798706
2018-11-20,234.90464782714844,151.53134155273438,1219.0,96.80999755859375,22.479999542236328,3.0480000972747803
2018-11-21,235.705078125,152.68333435058594,1225.800048828125,96.70999908447266,20.799999237060547,3.061000108718872
2018-11-23,234.13084411621094,151.57891845703125,1221.0,96.91999816894531,21.520000457763672,3.053999900817871
2018-11-26,237.9107666015625,155.08248901367188,1220.199951171875,97.06999969482422,18.899999618530273,3.072000026702881
2018-11-27,238.71116638183594,155.60617065429688,1211.199951171875,97.37000274658203,19.020000457763672,3.055000066757202
2018-11-28,244.20758056640625,160.61402893066406,1221.4000244140625,96.79000091552734,18.489999771118164,3.0439999103546143
2018-11-29,243.67398071289062,160.09046936035156,1224.0999755859375,96.77999877929688,18.790000915527344,3.0350000858306885
2018-11-30,245.1592254638672,161.25196838378906,1220.199951171875,97.2699966430664,18.06999969482422,3.013000011444092
2018-12-03,248.405517578125,164.07012939453125,1233.9000244140625,97.04000091552734,16.440000534057617,2.992000102996826
2018-12-04,240.35659790039062,157.77691650390625,1241.0999755859375,96.97000122070312,20.739999771118164,2.9240000247955322
2018-12-06,239.991943359375,158.8907928466797,1238.0999755859375,96.80999755859375,21.190000534057617,2.875999927520752
2018-12-07,234.4154510498047,153.64491271972656,1246.800048828125,96.51000213623047,23.229999542236328,2.8499999046325684
2018-12-10,234.8601837158203,155.25393676757812,1243.699951171875,97.22000122070312,22.639999389648438,2.8559999465942383
2018-12-11,234.91355895996094,155.7680206298828,1241.9000244140625,97.38999938964844,21.760000228881836,2.878999948501587
2018-12-12,236.09645080566406,157.1390380859375,1244.4000244140625,97.04000091552734,21.459999084472656,2.9059998989105225
2018-12-13,236.0164031982422,157.1865692138672,1242.699951171875,97.05999755859375,20.649999618530273,2.9110000133514404
2018-12-14,231.65843200683594,153.35928344726562,1237.0,97.44000244140625,21.6299991607666,2.8910000324249268
2018-12-17,227.11363220214844,149.8842315673828,1247.4000244140625,97.0999984741211,24.520000457763672,2.8570001125335693
2018-12-18,226.86459350585938,150.8267822265625,1249.199951171875,97.13999938964844,25.579999923706055,2.825000047683716
2018-12-19,223.4671173095703,147.1232452392578,1252.0999755859375,97.04000091552734,25.579999923706055,2.7780001163482666
2018-12-20,219.8295440673828,144.9905548095703,1263.5999755859375,96.27999877929688,28.3799991607666,2.7890000343322754
2018-12-21,215.3253173828125,140.49685668945312,1253.800048828125,96.95999908447266,30.110000610351562,2.7920000553131104
2018-12-24,209.63583374023438,137.01275634765625,1267.5,96.55000305175781,36.06999969482422,2.749000072479248
2018-12-26,220.22756958007812,145.5677490234375,1269.199951171875,97.05000305175781,30.40999984741211,2.796999931335449
2018-12-27,221.91842651367188,146.1310577392578,1277.300048828125,96.4800033569336,29.959999084472656,2.743000030517578
2018-12-28,221.6321563720703,146.05470275878906,1279.9000244140625,96.38999938964844,28.34000015258789,2.7360000610351562
2018-12-31,223.5733184814453,147.2863311767578,1278.300048828125,96.16999816894531,25.420000076293945,2.686000108718872
2019-01-02,223.80596923828125,147.8783416748047,1281.0,96.81999969482422,23.219999313354492,2.6610000133514404
2019-01-03,218.46531677246094,143.04713439941406,1291.800048828125,96.30999755859375,25.450000762939453,2.553999900817871
2019-01-04,225.78298950195312,149.1673126220703,1282.699951171875,96.19000244140625,21.3799991607666,2.6589999198913574
2019-01-07,227.56321716308594,150.9432373046875,1286.800048828125,95.70999908447266,21.399999618530273,2.681999921798706
2019-01-08,229.70127868652344,152.30853271484375,1283.199951171875,95.9000015258789,20.469999313354492,2.7160000801086426
2019-01-09,230.77476501464844,153.5498046875,1289.300048828125,95.22000122070312,19.979999542236328,2.7279999256134033
2019-01-10,231.5888214111328,153.98902893066406,1284.699951171875,95.54000091552734,19.5,2.7309999465942383
2019-01-11,231.67825317382812,153.42567443847656,1287.0999755859375,95.66999816894531,18.190000534057617,2.7009999752044678
2019-01-14,230.2648162841797,152.0699005126953,1289.0999755859375,95.58999633789062,19.06999969482422,2.7100000381469727
2019-01-15,232.90386962890625,155.03932189941406,1286.199951171875,95.97000122070312,18.600000381469727,2.7109999656677246
2019-01-16,233.4674072265625,155.01068115234375,1291.5999755859375,96.05999755859375,19.040000915527344,2.7309999465942383
2019-01-17,235.2386474609375,156.2327880859375,1291.0,96.06999969482422,18.059999465942383,2.749000072479248
2019-01-18,238.36973571777344,157.77955627441406,1281.300048828125,96.33999633789062,17.799999237060547,2.7839999198913574
2019-01-22,235.1492156982422,154.61924743652344,1282.5,96.30000305175781,20.799999237060547,2.7300000190734863
2019-01-23,235.64125061035156,154.8197021484375,1283.0999755859375,96.12000274658203,19.520000457763672,2.755000114440918
2019-01-24,235.76651000976562,155.8222198486328,1279.0999755859375,96.5999984741211,18.889999389648438,2.7119998931884766
2019-01-25,237.76136779785156,157.68406677246094,1297.4000244140625,95.79000091552734,17.420000076293945,2.753000020980835
2019-01-28,235.9543914794922,155.7362823486328,1302.4000244140625,95.75,18.8700008392334,2.74399995803833
2019-01-29,235.64125061035156,154.2659149169922,1308.199951171875,95.81999969482422,19.1299991607666,2.7119998931884766
2019-01-30,239.3716583251953,158.19004821777344,1309.9000244140625,95.33999633789062,17.65999984741211,2.694999933242798
2019-01-31,241.47396850585938,160.55799865722656,1319.699951171875,95.58000183105469,16.56999969482422,2.634999990463257
2019-02-01,241.59019470214844,159.88003540039062,1316.9000244140625,95.58000183105469,16.139999389648438,2.690999984741211
2019-02-04,243.28988647460938,161.86607360839844,1314.300048828125,95.8499984741211,15.729999542236328,2.7239999771118164
2019-02-05,244.30972290039062,163.29824829101562,1314.199951171875,96.0999984741211,15.569999694824219,2.7019999027252197
2019-02-06,243.98765563964844,162.81130981445312,1309.5,96.41999816894531,15.380000114440918,2.7019999027252197
2019-02-07,241.66177368164062,160.62486267089844,1309.4000244140625,96.51000213623047,16.3700008392334,2.6519999504089355
2019-02-08,241.95697021484375,160.93991088867188,1313.699951171875,96.63999938964844,15.720000267028809,2.631999969482422
2019-02-11,242.0912322998047,160.78712463378906,1307.0,97.05999755859375,15.970000267028809,2.6610000133514404
2019-02-12,245.20437622070312,163.16458129882812,1309.199951171875,96.70999908447266,15.430000305175781,2.684000015258789
2019-02-13,246.00051879882812,163.27915954589844,1310.800048828125,97.12999725341797,15.649999618530273,2.7079999446868896
2019-02-14,245.4547576904297,163.4796600341797,1309.800048828125,96.9800033569336,16.219999313354492,2.6570000648498535
2019-02-15,248.12957763671875,164.16709899902344,1318.0999755859375,96.91999816894531,14.90999984741211,2.6659998893737793
2019-02-19,248.55897521972656,164.49169921875,1340.0999755859375,96.5199966430664,14.880000114440918,2.6470000743865967
2019-02-20,249.05990600585938,164.46310424804688,1343.300048828125,96.44999694824219,14.020000457763672,2.6540000438690186
2019-02-21,248.17428588867188,163.86154174804688,1323.5,96.61000061035156,14.460000038146973,2.687999963760376
2019-02-22,249.71299743652344,165.07415771484375,1329.199951171875,96.51000213623047,13.510000228881836,2.6549999713897705
2019-02-25,250.05288696289062,165.6756591796875,1325.9000244140625,96.41000366210938,14.850000381469727,2.6730000972747803
2019-02-26,249.87399291992188,165.8475341796875,1325.0999755859375,96.0,15.170000076293945,2.635999917984009
2019-02-27,249.76666259765625,165.7425079345703,1317.699951171875,96.1500015258789,14.699999809265137,2.693000078201294
2019-02-28,249.30148315429688,165.36061096191406,1312.800048828125,96.16000366210938,14.779999732971191,2.7109999656677246
2019-03-01,250.85800170898438,166.5063934326172,1296.4000244140625,96.52999877929688,13.569999694824219,2.755000114440918
2019-03-04,249.94557189941406,166.53497314453125,1284.800048828125,96.68000030517578,14.630000114440918,2.7219998836517334
2019-03-05,249.6056365966797,166.65911865234375,1282.0,96.8499984741211,14.739999771118164,2.7219998836517334
2019-03-06,248.0937957763672,165.71385192871094,1284.9000244140625,96.87000274658203,15.739999771118164,2.691999912261963
2019-03-07,246.01834106445312,163.68017578125,1283.800048828125,97.66999816894531,16.59000015258789,2.635999917984009
2019-03-08,245.5263214111328,163.4319305419922,1297.0,97.37000274658203,16.049999237060547,2.625
2019-03-11,249.0868682861328,166.83099365234375,1288.800048828125,97.22000122070312,14.329999923706055,2.6429998874664307
2019-03-12,250.02606201171875,167.74757385253906,1296.300048828125,96.94000244140625,13.770000457763672,2.6050000190734863
2019-03-13,251.6811065673828,169.00791931152344,1307.5,96.55000305175781,13.40999984741211,2.6110000610351562
2019-03-14,251.52012634277344,168.72146606445312,1293.4000244140625,96.79000091552734,13.5,2.630000114440918
2019-03-15,252.76266479492188,170.28733825683594,1301.800048828125,96.5999984741211,12.880000114440918,2.5929999351501465
2019-03-18,253.67916870117188,170.69287109375,1300.300048828125,96.5199966430664,13.100000381469727,2.6019999980926514
2019-03-19,253.74208068847656,171.26683044433594,1305.0,96.37999725341797,13.5600004196167,2.614000082015991
2019-03-20,252.97833251953125,171.94593811035156,1300.5,95.76000213623047,13.90999984741211,2.5350000858306885
2019-03-21,255.83566284179688,174.63381958007812,1306.0999755859375,96.5,13.630000114440918,2.5369999408721924
2019-03-22,250.91168212890625,170.79811096191406,1311.5999755859375,96.6500015258789,16.479999542236328,2.4549999237060547
2019-03-25,250.7230224609375,170.4728546142578,1321.9000244140625,96.56999969482422,16.329999923706055,2.4200000762939453
2019-03-26,252.5919647216797,171.26683044433594,1314.300048828125,96.73999786376953,14.680000305175781,2.4140000343322754
2019-03-27,251.2711181640625,170.1667938232422,1309.9000244140625,96.7699966430664,15.149999618530273,2.374000072479248
2019-03-28,252.22360229492188,170.5589599609375,1289.800048828125,97.19999694824219,14.430000305175781,2.3889999389648438
2019-03-29,253.81396484375,171.8502960205078,1293.0,97.27999877929688,13.710000038146973,2.4140000343322754
2019-04-01,256.823974609375,174.1268310546875,1288.4000244140625,97.25,13.399999618530273,2.496999979019165
2019-04-02,256.94976806640625,174.78680419921875,1290.0,97.36000061035156,13.359999656677246,2.4809999465942383
2019-04-03,257.35406494140625,175.79119873046875,1289.9000244140625,97.08999633789062,13.739999771118164,2.5169999599456787
2019-04-04,258.03692626953125,175.72427368164062,1289.0,97.30999755859375,13.579999923706055,2.51200008392334
2019-04-05,259.2860107421875,176.6329345703125,1290.4000244140625,97.4000015258789,12.819999694824219,2.500999927520752
2019-04-08,259.48370361328125,177.08253479003906,1297.0999755859375,97.05000305175781,13.180000305175781,2.5190000534057617
2019-04-09,258.1537780761719,176.46080017089844,1303.5,97.01000213623047,14.279999732971191,2.499000072479248
2019-04-10,259.034423828125,177.40771484375,1309.0999755859375,96.94999694824219,13.300000190734863,2.4769999980926514
2019-04-11,258.9625549316406,176.9868621826172,1288.5999755859375,97.18000030517578,13.020000457763672,2.503999948501587
2019-04-12,260.7146301269531,177.75209045410156,1290.5999755859375,96.97000122070312,12.010000228881836,2.559999942779541
2019-04-15,260.5438232421875,177.78074645996094,1286.800048828125,96.94000244140625,12.319999694824219,2.552999973297119
2019-04-16,260.7146301269531,178.39295959472656,1272.5999755859375,97.04000091552734,12.180000305175781,2.5920000076293945
2019-04-17,260.0766906738281,179.0147247314453,1272.199951171875,97.01000213623047,12.600000381469727,2.5920000076293945
2019-04-18,260.58880615234375,179.24429321289062,1271.9000244140625,97.47000122070312,12.09000015258789,2.559999942779541
2019-04-22,260.8133850097656,179.75123596191406,1273.5,97.27999877929688,12.420000076293945,2.5899999141693115
2019-04-23,263.158447265625,182.03736877441406,1269.300048828125,97.56999969482422,12.279999732971191,2.569999933242798
2019-04-24,262.5745849609375,181.4634552001953,1275.5,98.0999984741211,13.140000343322754,2.5220000743865967
2019-04-25,262.4127502441406,182.199951171875,1275.800048828125,98.19999694824219,13.25,2.5339999198913574
2019-04-26,263.63482666015625,182.36257934570312,1284.9000244140625,98.01000213623047,12.729999542236328,2.505000114440918
2019-04-29,264.04803466796875,182.7165069580078,1278.5999755859375,97.86000061035156,13.109999656677246,2.5360000133514404
2019-04-30,264.18280029296875,181.30087280273438,1282.800048828125,97.4800033569336,13.119999885559082,2.509000062942505
2019-05-01,262.1971130371094,180.71734619140625,1281.4000244140625,97.69000244140625,14.800000190734863,2.510999917984009
2019-05-02,261.6310729980469,179.93301391601562,1269.699951171875,97.83000183105469,14.420000076293945,2.552000045776367
2019-05-03,264.1919250488281,182.80258178710938,1279.199951171875,97.5199966430664,12.869999885559082,2.5309998989105225
2019-05-06,263.1046142578125,181.6833953857422,1281.699951171875,97.5199966430664,15.4399995803833,2.5
2019-05-07,258.7109680175781,178.14430236816406,1283.5,97.62999725341797,19.31999969482422,2.447999954223633
2019-05-08,258.3515625,177.69468688964844,1279.4000244140625,97.62000274658203,19.399999618530273,2.4820001125335693
2019-05-09,257.5698547363281,176.7381591796875,1283.5,97.37000274658203,19.100000381469727,2.4570000171661377
2019-05-10,258.8636779785156,176.95811462402344,1285.699951171875,97.33000183105469,16.040000915527344,2.4549999237060547
2019-05-13,252.35830688476562,170.81723022460938,1300.0999755859375,97.31999969482422,20.549999237060547,2.4049999713897705
2019-05-14,254.6405792236328,172.6920166015625,1294.699951171875,97.52999877929688,18.059999465942383,2.4189999103546143
2019-05-15,256.1321105957031,175.13119506835938,1296.300048828125,97.56999969482422,16.440000534057617,2.378999948501587
2019-05-16,258.5042724609375,176.8911590576172,1285.0,97.83999633789062,15.289999961853027,2.4049999713897705
2019-05-17,256.8329772949219,175.08335876464844,1274.5,98.0,15.960000038146973,2.3929998874664307
2019-05-20,255.13487243652344,172.12770080566406,1276.0999755859375,97.93000030517578,16.309999465942383,2.4159998893737793
2019-05-21,257.4349670410156,173.9259490966797,1272.0,98.05999755859375,14.949999809265137,2.4260001182556152
2019-05-22,256.6442565917969,173.1511688232422,1273.5999755859375,98.11000061035156,14.75,2.3929998874664307
2019-05-23,253.5084991455078,170.5015869140625,1284.800048828125,97.8499984741211,16.920000076293945,2.2960000038146973
2019-05-24,254.08351135253906,170.41551208496094,1283.0,97.61000061035156,15.850000381469727,2.3239998817443848
2019-05-28,251.72030639648438,169.7746124267578,1276.5,97.95999908447266,17.5,2.2679998874664307
2019-05-29,250.03115844726562,168.3780517578125,1280.5999755859375,98.13999938964844,17.899999618530273,2.2360000610351562
2019-05-30,250.71409606933594,169.08595275878906,1287.0999755859375,98.13999938964844,17.299999237060547,2.2269999980926514
2019-05-31,247.33566284179688,166.38848876953125,1305.800048828125,97.75,18.709999084472656,2.1419999599456787
2019-06-03,246.7066650390625,162.7249298095703,1322.699951171875,97.13999938964844,18.860000610351562,2.0810000896453857
2019-06-04,252.06190490722656,167.30677795410156,1323.4000244140625,97.06999969482422,16.969999313354492,2.11899995803833
2019-06-05,254.24522399902344,168.55027770996094,1328.300048828125,97.37000274658203,16.09000015258789,2.122999906539917
2019-06-06,255.8985137939453,169.88943481445312,1337.5999755859375,97.02999877929688,15.930000305175781,2.124000072479248
2019-06-07,258.4593505859375,173.17027282714844,1341.199951171875,96.61000061035156,16.299999237060547,2.0840001106262207
2019-06-10,259.64544677734375,175.18858337402344,1324.699951171875,96.76000213623047,15.9399995803833,2.1429998874664307
2019-06-11,259.5824279785156,175.42776489257812,1326.4000244140625,96.69000244140625,15.989999771118164,2.140000104904175
2019-06-12,259.124267578125,174.41380310058594,1331.9000244140625,97.0,15.90999984741211,2.127000093460083
2019-06-13,260.1933898925781,175.44683837890625,1339.199951171875,97.01000213623047,15.819999694824219,2.0910000801086426
2019-06-14,259.9059753417969,174.70071411132812,1340.0999755859375,97.56999969482422,15.279999732971191,2.0929999351501465
2019-06-17,260.0047912597656,175.7529296875,1338.699951171875,97.55999755859375,15.350000381469727,2.0859999656677246
2019-06-18,262.7272033691406,178.30685424804688,1346.5999755859375,97.63999938964844,15.149999618530273,2.059999942779541
2019-06-19,263.3203125,178.97642517089844,1344.5999755859375,97.12000274658203,14.329999923706055,2.0290000438690186
2019-06-20,265.8361511230469,180.64077758789062,1392.9000244140625,96.62999725341797,14.75,2.000999927520752
2019-06-21,265.44976806640625,180.3730010986328,1396.199951171875,96.22000122070312,15.399999618530273,2.068000078201294
2019-06-24,265.1246337890625,180.37875366210938,1414.300048828125,95.9800033569336,15.260000228881836,2.0209999084472656
2019-06-25,262.5243835449219,177.28228759765625,1414.9000244140625,96.16000366210938,16.280000686645508,1.99399995803833
2019-06-26,262.26251220703125,178.1067657470703,1411.5999755859375,96.20999908447266,16.209999084472656,2.0490000247955322
2019-06-27,263.19244384765625,178.78738403320312,1408.4000244140625,96.19000244140625,15.819999694824219,2.005000114440918
2019-06-28,264.546875,179.01747131347656,1409.699951171875,96.12999725341797,15.079999923706055,2.0
2019-07-01,266.9484558105469,181.43325805664062,1385.5999755859375,96.83999633789062,14.0600004196167,2.0339999198913574
2019-07-02,267.64373779296875,182.15220642089844,1404.5999755859375,96.7300033569336,12.930000305175781,1.9759999513626099
2019-07-03,269.7835388183594,183.52308654785156,1417.699951171875,96.7699966430664,12.569999694824219,1.9529999494552612
2019-07-05,269.4766540527344,183.1492156982422,1396.699951171875,97.25,13.279999732971191,2.0480000972747803
2019-07-08,267.99591064453125,181.8646697998047,1397.0,97.37999725341797,13.960000038146973,2.0339999198913574
2019-07-09,268.3299865722656,182.77537536621094,1397.5,97.48999786376953,14.09000015258789,2.053999900817871
2019-07-10,269.6120300292969,184.59678649902344,1410.0999755859375,97.0999984741211,13.029999732971191,2.061000108718872
2019-07-11,270.24407958984375,184.46258544921875,1404.300048828125,97.05000305175781,12.930000305175781,2.119999885559082
2019-07-12,271.45391845703125,185.5266876220703,1409.9000244140625,96.80999755859375,12.390000343322754,2.1059999465942383
2019-07-15,271.5442199707031,186.12100219726562,1411.4000244140625,96.93000030517578,12.680000305175781,2.0920000076293945
2019-07-16,270.6685485839844,185.16241455078125,1409.199951171875,97.4000015258789,12.859999656677246,2.121999979019165
2019-07-17,268.8265075683594,184.25164794921875,1421.300048828125,97.22000122070312,13.970000267028809,2.061000108718872
2019-07-18,269.8106689453125,184.46258544921875,1426.0999755859375,96.79000091552734,13.529999732971191,2.0380001068115234
2019-07-19,268.31195068359375,183.1108856201172,1425.0999755859375,97.1500015258789,14.449999809265137,2.0480000972747803
2019-07-22,268.9709777832031,184.5680389404297,1425.300048828125,97.26000213623047,13.529999732971191,2.0429999828338623
2019-07-23,270.8941955566406,185.77590942382812,1420.0999755859375,97.70999908447266,12.609999656677246,2.0739998817443848
2019-07-24,272.167236328125,187.0796356201172,1422.800048828125,97.7300033569336,12.069999694824219,2.049999952316284
2019-07-25,270.86712646484375,185.30618286132812,1413.9000244140625,97.81999969482422,12.739999771118164,2.0739998817443848
2019-07-26,272.68182373046875,187.21388244628906,1418.5,98.01000213623047,12.15999984741211,2.0810000896453857
2019-07-29,272.18524169921875,186.5715789794922,1419.5999755859375,98.04000091552734,12.829999923706055,2.055000066757202
2019-07-30,271.5171203613281,185.76634216308594,1429.699951171875,98.05000305175781,13.9399995803833,2.061000108718872
2019-07-31,268.546630859375,183.19715881347656,1426.0999755859375,98.5199966430664,16.1200008392334,2.0209999084472656
2019-08-01,266.2081604003906,182.2864227294922,1420.9000244140625,98.38999938964844,17.8700008392334,1.8940000534057617
2019-08-02,264.2037048339844,179.6022491455078,1445.5999755859375,98.0999984741211,17.610000610351562,1.8550000190734863
2019-08-05,256.25830078125,173.2560272216797,1464.5999755859375,97.5,24.59000015258789,1.7350000143051147
2019-08-06,259.8518371582031,175.68136596679688,1472.4000244140625,97.62999725341797,20.170000076293945,1.7389999628067017
2019-08-07,260.00531005859375,176.6304473876953,1507.300048828125,97.54000091552734,19.489999771118164,1.684000015258789
2019-08-08,265.10662841796875,180.47459411621094,1497.699951171875,97.62000274658203,16.90999984741211,1.715999960899353
2019-08-09,263.3009338378906,178.77783203125,1496.5999755859375,97.48999786376953,17.969999313354492,1.7339999675750732
2019-08-12,260.09564208984375,176.72633361816406,1505.300048828125,97.37999725341797,21.09000015258789,1.6390000581741333
2019-08-13,264.1405334472656,180.59925842285156,1502.199951171875,97.80999755859375,17.520000457763672,1.6799999475479126
2019-08-14,256.3304748535156,175.20204162597656,1515.9000244140625,97.98999786376953,22.100000381469727,1.5809999704360962
2019-08-15,257.0076904296875,175.00079345703125,1519.5999755859375,98.13999938964844,21.18000030517578,1.5290000438690186
2019-08-16,260.7998962402344,177.80960083007812,1512.5,98.13999938964844,18.469999313354492,1.5390000343322754
2019-08-19,263.94189453125,180.63758850097656,1500.4000244140625,98.3499984741211,16.8799991607666,1.5980000495910645
2019-08-20,261.91943359375,179.2379608154297,1504.5999755859375,98.19000244140625,17.5,1.5609999895095825
2019-08-21,264.0502624511719,180.82931518554688,1504.5999755859375,98.30000305175781,15.800000190734863,1.5770000219345093
2019-08-22,263.968994140625,180.24453735351562,1497.300048828125,98.16999816894531,16.68000030517578,1.6100000143051147
2019-08-23,257.1882629394531,174.5405731201172,1526.5999755859375,97.63999938964844,19.8700008392334,1.527999997138977
2019-08-26,260.03240966796875,177.1768798828125,1526.300048828125,98.08000183105469,19.31999969482422,1.5449999570846558
2019-08-27,259.0120849609375,176.80299377441406,1541.0,98.0,20.309999465942383,1.4900000095367432
2019-08-28,260.83599853515625,177.4357147216797,1537.800048828125,98.20999908447266,19.350000381469727,1.465999960899353
2019-08-29,264.1675720214844,180.14866638183594,1526.5,98.51000213623047,17.8799991607666,1.5160000324249268
2019-08-30,264.0502624511719,179.71730041503906,1519.0999755859375,98.91999816894531,18.979999542236328,1.50600004196167
2019-09-03,262.5062561035156,177.97254943847656,1545.9000244140625,98.94999694824219,19.65999984741211,1.465999960899353
2019-09-04,265.4858703613281,180.5417022705078,1550.300048828125,98.44999694824219,17.329999923706055,1.4589999914169312
2019-09-05,268.89874267578125,183.8490447998047,1515.4000244140625,98.41000366210938,16.270000457763672,1.565000057220459
2019-09-06,269.1064453125,183.66688537597656,1506.199951171875,98.38999938964844,15.0,1.5499999523162842
2019-09-09,269.2419128417969,183.283447265625,1502.199951171875,98.27999877929688,15.270000457763672,1.621999979019165
2019-09-10,269.1786804199219,182.75621032714844,1490.300048828125,98.33000183105469,15.199999809265137,1.7020000219345093
2019-09-11,271.0928039550781,184.47215270996094,1494.4000244140625,98.6500015258789,14.609999656677246,1.7330000400543213
2019-09-12,272.0318298339844,185.2390899658203,1498.699951171875,98.30999755859375,14.220000267028809,1.7910000085830688
2019-09-13,271.85113525390625,184.57762145996094,1490.9000244140625,98.26000213623047,13.739999771118164,1.902999997138977
2019-09-16,271.0115661621094,183.75314331054688,1503.0999755859375,98.6500015258789,14.670000076293945,1.840999960899353
2019-09-17,271.6977233886719,184.63511657714844,1505.0999755859375,98.26000213623047,14.4399995803833,1.812000036239624
2019-09-18,271.8602600097656,184.5584259033203,1507.5,98.5999984741211,13.949999809265137,1.7860000133514404
2019-09-19,271.8421630859375,184.86520385742188,1498.4000244140625,98.2699966430664,14.050000190734863,1.7740000486373901
2019-09-20,270.55780029296875,182.9095458984375,1507.300048828125,98.51000213623047,15.319999694824219,1.7549999952316284
2019-09-23,270.4942321777344,182.99024963378906,1523.699951171875,98.5999984741211,14.90999984741211,1.7079999446868896
2019-09-24,268.37176513671875,180.55996704101562,1532.0999755859375,98.33999633789062,17.049999237060547,1.6349999904632568
2019-09-25,269.9591369628906,182.58682250976562,1504.5999755859375,99.04000091552734,15.960000038146973,1.7319999933242798
2019-09-26,269.39678955078125,181.91439819335938,1507.5,99.20999908447266,16.06999969482422,1.684999942779541
2019-09-27,267.9454650878906,179.65701293945312,1499.0999755859375,99.11000061035156,17.219999313354492,1.6749999523162842
2019-09-30,269.1881408691406,181.36688232421875,1465.699951171875,99.37999725341797,16.239999771118164,1.6749999523162842
2019-10-01,265.9862060546875,179.88755798339844,1482.0,99.12999725341797,18.559999465942383,1.6440000534057617
2019-10-02,261.28765869140625,176.79454040527344,1501.0,99.04000091552734,20.559999465942383,1.5959999561309814
2019-10-03,263.4283447265625,178.73486328125,1507.0999755859375,98.86000061035156,19.1200008392334,1.5360000133514404
2019-10-04,266.9930114746094,181.36688232421875,1506.199951171875,98.80999755859375,17.040000915527344,1.5149999856948853
2019-10-07,265.8410949707031,180.8193359375,1497.699951171875,98.98999786376953,17.860000610351562,1.5529999732971191
2019-10-08,261.7139587402344,178.11050415039062,1497.199951171875,99.13999938964844,20.280000686645508,1.5369999408721924
2019-10-09,264.1993103027344,179.8491668701172,1506.0999755859375,99.12000274658203,18.639999389648438,1.5889999866485596
2019-10-10,265.9862060546875,181.24197387695312,1494.800048828125,98.70999908447266,17.56999969482422,1.6579999923706055
2019-10-11,268.74371337890625,183.576171875,1482.699951171875,98.30000305175781,15.579999923706055,1.7519999742507935
2019-10-14,268.4443359375,183.5570068359375,1491.699951171875,98.44999694824219,14.569999694824219,1.7330000400543213
2019-10-15,271.1020202636719,185.89120483398438,1477.5999755859375,98.29000091552734,13.539999961853027,1.7710000276565552
2019-10-16,270.66668701171875,185.4300994873047,1488.0,98.01000213623047,13.680000305175781,1.7480000257492065
2019-10-17,271.4648132324219,185.92001342773438,1492.300048828125,97.61000061035156,13.789999961853027,1.7569999694824219
2019-10-18,270.2765808105469,184.13333129882812,1488.199951171875,97.27999877929688,14.25,1.746999979019165
2019-10-21,272.10882568359375,185.76634216308594,1482.4000244140625,97.33000183105469,14.0,1.7920000553131104
2019-10-22,271.219970703125,184.28701782226562,1481.699951171875,97.52999877929688,14.460000038146973,1.7680000066757202
2019-10-23,272.009033203125,184.64244079589844,1489.9000244140625,97.47000122070312,14.010000228881836,1.7589999437332153
2019-10-24,272.45355224609375,186.43870544433594,1498.9000244140625,97.62999725341797,13.710000038146973,1.7660000324249268
2019-10-25,273.5692443847656,187.92764282226562,1499.5,97.83000183105469,12.649999618530273,1.8009999990463257
2019-10-28,275.1111755371094,189.7815399169922,1490.0,97.76000213623047,13.109999656677246,1.8530000448226929
2019-10-29,275.029541015625,188.3118438720703,1487.0,97.69000244140625,13.199999809265137,1.8350000381469727
2019-10-30,275.8731994628906,189.22439575195312,1493.199951171875,97.6500015258789,12.329999923706055,1.7979999780654907
2019-10-31,275.1384582519531,189.31082153320312,1511.4000244140625,97.3499984741211,13.220000267028809,1.690999984741211
2019-11-01,277.68731689453125,191.03028869628906,1508.0,97.23999786376953,12.300000190734863,1.7280000448226929
2019-11-04,278.8028869628906,192.2117919921875,1508.0,97.51000213623047,12.829999923706055,1.7860000133514404
2019-11-05,278.4945983886719,192.31748962402344,1480.800048828125,97.9800033569336,13.100000381469727,1.8660000562667847
2019-11-06,278.55804443359375,191.88523864746094,1490.199951171875,97.94999694824219,12.619999885559082,1.8140000104904175
2019-11-07,279.53765869140625,192.52879333496094,1464.199951171875,98.13999938964844,12.729999542236328,1.9259999990463257
2019-11-08,280.2270812988281,193.29722595214844,1461.300048828125,98.3499984741211,12.069999694824219,1.9329999685287476
2019-11-11,279.6918640136719,193.03793334960938,1455.5,98.19999694824219,12.6899995803833,1.9429999589920044
2019-11-12,280.28143310546875,193.59503173828125,1452.0999755859375,98.30999755859375,12.680000305175781,1.909000039100647
2019-11-13,280.37213134765625,193.64305114746094,1461.699951171875,98.37000274658203,13.0,1.8700000047683716
2019-11-14,280.7803955078125,193.4893798828125,1471.800048828125,98.16000366210938,13.050000190734863,1.815000057220459
2019-11-15,282.8122253417969,194.9110565185547,1467.300048828125,98.0,12.050000190734863,1.8339999914169312
2019-11-18,283.0207824707031,195.06472778320312,1470.9000244140625,97.79000091552734,12.460000038146973,1.8079999685287476
2019-11-19,282.9391174316406,195.35293579101562,1473.300048828125,97.86000061035156,12.859999656677246,1.7860000133514404
2019-11-20,281.88690185546875,194.1809539794922,1473.300048828125,97.93000030517578,12.779999732971191,1.7380000352859497
2019-11-21,281.4333190917969,193.7487030029297,1463.0999755859375,97.98999786376953,13.130000114440918,1.7719999551773071
2019-11-22,282.05938720703125,193.87359619140625,1463.0999755859375,98.2699966430664,12.34000015258789,1.7740000486373901
2019-11-25,284.24530029296875,196.16940307617188,1456.5999755859375,98.31999969482422,11.869999885559082,1.7640000581741333
2019-11-26,284.8893127441406,196.5440216064453,1459.800048828125,98.25,11.539999961853027,1.7400000095367432
2019-11-27,286.1591796875,197.9176788330078,1453.4000244140625,98.41000366210938,11.75,1.7669999599456787
2019-11-29,285.097900390625,197.01470947265625,1465.5999755859375,98.2699966430664,12.619999885559082,1.7760000228881836
2019-12-02,282.6761169433594,194.99749755859375,1462.300048828125,97.86000061035156,14.90999984741211,1.8359999656677246
2019-12-03,280.7803955078125,193.47019958496094,1478.199951171875,97.73999786376953,15.960000038146973,1.7089999914169312
2019-12-04,282.5128173828125,194.44996643066406,1474.0,97.6500015258789,14.800000190734863,1.781000018119812
2019-12-05,283.0207824707031,194.83416748046875,1476.9000244140625,97.41000366210938,14.520000457763672,1.7970000505447388
2019-12-06,285.6059875488281,196.91868591308594,1459.0999755859375,97.69999694824219,13.619999885559082,1.8420000076293945
2019-12-09,284.7079162597656,196.0253143310547,1459.300048828125,97.63999938964844,15.859999656677246,1.8289999961853027
2019-12-10,284.3904724121094,195.86199951171875,1462.5999755859375,97.41000366210938,15.680000305175781,1.8329999446868896
2019-12-11,285.1977844238281,196.89942932128906,1469.4000244140625,97.16000366210938,14.989999771118164,1.7899999618530273
2019-12-12,287.65594482421875,198.3690948486328,1466.699951171875,97.4000015258789,13.9399995803833,1.8969999551773071
2019-12-13,287.8282165527344,199.02230834960938,1475.5999755859375,97.16999816894531,12.630000114440918,1.819000005722046
2019-12-16,289.8056640625,201.02029418945312,1475.0,97.06999969482422,12.140000343322754,1.8919999599456787
2019-12-17,289.869140625,201.1355743408203,1474.5999755859375,97.20999908447266,12.289999961853027,1.8890000581741333
2019-12-18,289.88720703125,201.289306640625,1472.5999755859375,97.41000366210938,12.579999923706055,1.9240000247955322
2019-12-19,291.0754089355469,202.54759216308594,1478.199951171875,97.41999816894531,12.5,1.9079999923706055
2019-12-20,292.3516540527344,203.3640899658203,1474.699951171875,97.70999908447266,12.510000228881836,1.9170000553131104
2019-12-23,292.7982482910156,203.90127563476562,1482.5,97.66000366210938,12.609999656677246,1.934999942779541
2019-12-24,292.8073425292969,204.0072021484375,1499.0999755859375,97.6500015258789,12.670000076293945,1.909999966621399
2019-12-26,294.3661804199219,205.80735778808594,1509.300048828125,97.58999633789062,12.649999618530273,1.9049999713897705
2019-12-27,294.29315185546875,205.63409423828125,1513.800048828125,96.91999816894531,13.430000305175781,1.8739999532699585
2019-12-30,292.67059326171875,204.28639221191406,1514.5,96.73999786376953,14.819999694824219,1.8949999809265137
2019-12-31,293.38165283203125,204.6714630126953,1519.5,96.38999938964844,13.779999732971191,1.9190000295639038
2020-01-02,296.1252746582031,208.0889129638672,1524.5,96.8499984741211,12.470000267028809,1.8819999694824219
2020-01-03,293.88287353515625,206.1827850341797,1549.199951171875,96.83999633789062,14.020000457763672,1.7879999876022339
2020-01-06,295.004150390625,207.51126098632812,1566.199951171875,96.66999816894531,13.850000381469727,1.8109999895095825
2020-01-07,294.1746826171875,207.48239135742188,1571.800048828125,96.9800033569336,13.789999961853027,1.8270000219345093
2020-01-08,295.742431640625,209.0419158935547,1557.4000244140625,97.30000305175781,13.449999809265137,1.8739999532699585
2020-01-09,297.7478332519531,210.813232421875,1551.699951171875,97.44999694824219,12.539999961853027,1.8580000400543213
2020-01-10,296.8909912109375,210.27410888671875,1557.5,97.36000061035156,12.5600004196167,1.8250000476837158
2020-01-13,298.93280029296875,212.70001220703125,1548.4000244140625,97.3499984741211,12.319999694824219,1.8480000495910645
2020-01-14,298.47705078125,211.8624725341797,1542.4000244140625,97.37000274658203,12.390000343322754,1.8179999589920044
2020-01-15,299.1514892578125,211.94915771484375,1552.0999755859375,97.2300033569336,12.420000076293945,1.7879999876022339
2020-01-16,301.6399841308594,213.98036193847656,1549.0,97.31999969482422,12.319999694824219,1.809000015258789
2020-01-17,302.5788269042969,215.03929138183594,1558.800048828125,97.61000061035156,12.100000381469727,1.8359999656677246
2020-01-21,301.9863586425781,214.94300842285156,1556.4000244140625,97.52999877929688,12.850000381469727,1.7690000534057617
2020-01-22,302.0227966308594,215.510986328125,1555.300048828125,97.52999877929688,12.90999984741211,1.7690000534057617
2020-01-23,302.36920166015625,216.2041473388672,1564.5999755859375,97.69000244140625,12.979999542236328,1.7400000095367432
2020-01-24,299.68023681640625,214.3846435546875,1571.0999755859375,97.8499984741211,14.5600004196167,1.680999994277954
2020-01-27,294.87652587890625,209.95643615722656,1576.800048828125,97.95999908447266,18.229999542236328,1.6050000190734863
2020-01-28,297.966552734375,213.18133544921875,1569.199951171875,98.0199966430664,16.280000686645508,1.6410000324249268
2020-01-29,297.7204284667969,213.52789306640625,1569.800048828125,97.98999786376953,16.389999389648438,1.593999981880188
2020-01-30,298.6866455078125,214.28839111328125,1583.5,97.87000274658203,15.489999771118164,1.5579999685287476
2020-01-31,293.2630920410156,210.8901824951172,1582.9000244140625,97.38999938964844,18.84000015258789,1.5199999809265137
2020-02-03,295.4416809082031,214.07666015625,1577.199951171875,97.80000305175781,17.969999313354492,1.5199999809265137
2020-02-04,299.94451904296875,218.97654724121094,1550.4000244140625,97.95999908447266,16.049999237060547,1.6030000448226929
2020-02-05,303.4083251953125,219.69859313964844,1557.800048828125,98.2699966430664,15.149999618530273,1.6490000486373901
2020-02-06,304.42919921875,221.59503173828125,1565.0999755859375,98.5,14.960000038146973,1.6440000534057617
2020-02-07,302.8067321777344,220.64198303222656,1568.5999755859375,98.68000030517578,15.470000267028809,1.5779999494552612
2020-02-10,305.06732177734375,223.30853271484375,1574.699951171875,98.83000183105469,15.039999961853027,1.5470000505447388
2020-02-11,305.5960693359375,223.34706115722656,1565.5999755859375,98.72000122070312,15.180000305175781,1.590000033378601
2020-02-12,307.56488037109375,225.52261352539062,1567.4000244140625,99.05000305175781,13.739999771118164,1.6299999952316284
2020-02-13,307.2366638183594,225.23387145996094,1575.0999755859375,99.06999969482422,14.149999618530273,1.6169999837875366
2020-02-14,307.7289123535156,225.87884521484375,1582.699951171875,99.12000274658203,13.680000305175781,1.5880000591278076
2020-02-18,306.9358825683594,225.96551513671875,1600.0,99.45999908447266,14.829999923706055,1.555999994277954
2020-02-19,308.4034423828125,228.1314697265625,1607.5,99.5999984741211,14.380000114440918,1.5700000524520874
2020-02-20,307.1364440917969,226.0135955810547,1616.5999755859375,99.87000274658203,15.5600004196167,1.524999976158142
2020-02-21,303.97357177734375,221.67202758789062,1644.5999755859375,99.26000213623047,17.079999923706055,1.4709999561309814
2020-02-24,293.8921203613281,213.12356567382812,1672.4000244140625,99.29000091552734,25.030000686645508,1.3769999742507935
2020-02-25,284.98651123046875,207.32835388183594,1646.9000244140625,98.97000122070312,27.850000381469727,1.3300000429153442
2020-02-26,283.9383239746094,208.39691162109375,1640.0,99.0,27.559999465942383,1.309999942779541
2020-02-27,271.18609619140625,197.96168518066406,1640.0,98.44000244140625,39.15999984741211,1.2990000247955322
2020-02-28,270.0467224121094,198.11570739746094,1564.0999755859375,98.12999725341797,40.11000061035156,1.1269999742507935
2020-03-02,281.7415466308594,208.33914184570312,1592.300048828125,97.36000061035156,33.41999816894531,1.0880000591278076
2020-03-03,273.67449951171875,201.65830993652344,1642.0999755859375,97.1500015258789,36.81999969482422,1.0099999904632568
2020-03-04,285.1778259277344,210.0719451904297,1641.0999755859375,97.33999633789062,31.989999771118164,0.9919999837875366
2020-03-05,275.6981201171875,203.6894989013672,1666.4000244140625,96.81999969482422,39.619998931884766,0.9259999990463257
2020-03-06,271.1405029296875,200.25282287597656,1670.800048828125,95.94999694824219,41.939998626708984,0.7059999704360962
2020-03-09,249.96592712402344,186.34234619140625,1674.5,94.9000015258789,54.459999084472656,0.49900001287460327
2020-03-10,262.9005432128906,196.48883056640625,1659.0999755859375,96.41000366210938,47.29999923706055,0.7480000257492065
2020-03-11,250.0843963623047,187.9307098388672,1641.4000244140625,96.51000213623047,53.900001525878906,0.8199999928474426
2020-03-12,226.15704345703125,170.6990966796875,1589.300048828125,97.47000122070312,75.47000122070312,0.8489999771118164
2020-03-13,245.49032592773438,185.15826416015625,1515.699951171875,98.75,57.83000183105469,0.9509999752044678
2020-03-16,218.62791442871094,162.97854614257812,1485.9000244140625,98.08999633789062,82.69000244140625,0.7279999852180481
2020-03-17,230.43209838867188,175.33912658691406,1524.9000244140625,99.58000183105469,75.91000366210938,0.996999979019165
2020-03-18,218.7646484375,170.0059356689453,1477.300048828125,101.16000366210938,76.44999694824219,1.2660000324249268
2020-03-19,219.2294921875,171.02645874023438,1478.5999755859375,102.76000213623047,72.0,1.11899995803833
2020-03-20,209.781982421875,164.3262939453125,1484.0,102.81999969482422,66.04000091552734,0.9380000233650208
2020-03-23,204.418212890625,164.44491577148438,1567.0,102.48999786376953,61.59000015258789,0.7639999985694885
2020-03-24,222.93917846679688,177.17916870117188,1660.199951171875,101.73999786376953,61.66999816894531,0.8159999847412109
2020-03-25,226.27664184570312,175.86712646484375,1632.300048828125,101.05000305175781,63.95000076293945,0.8579999804496765
2020-03-26,239.48887634277344,185.12835693359375,1650.0999755859375,99.41999816894531,61.0,0.8109999895095825
2020-03-27,232.35556030273438,178.76124572753906,1623.9000244140625,98.37000274658203,65.54000091552734,0.7490000128746033
2020-03-30,239.9014892578125,185.2634735107422,1622.0,99.18000030517578,57.08000183105469,0.6700000166893005
2020-03-31,236.32566833496094,183.6813201904297,1583.4000244140625,99.05000305175781,53.540000915527344,0.6980000138282776
2020-04-01,225.6898651123047,175.87680053710938,1578.199951171875,99.66999816894531,57.060001373291016,0.6349999904632568
2020-04-02,230.89772033691406,179.44618225097656,1625.699951171875,100.18000030517578,50.90999984741211,0.6269999742507935
2020-04-03,227.560302734375,176.8993377685547,1633.699951171875,100.58000183105469,46.79999923706055,0.5870000123977661
2020-04-06,242.84463500976562,189.54678344726562,1677.0,100.69000244140625,45.2400016784668,0.6759999990463257
2020-04-07,243.09225463867188,189.46961975097656,1664.800048828125,99.9800033569336,46.70000076293945,0.7360000014305115
2020-04-08,251.25250244140625,193.49241638183594,1665.4000244140625,100.12000274658203,43.349998474121094,0.7639999985694885
2020-04-09,255.0758514404297,193.772216796875,1736.199951171875,99.5199966430664,41.66999816894531,0.7289999723434448
2020-04-13,252.7469024658203,195.8656463623047,1744.800048828125,99.3499984741211,41.16999816894531,0.7490000128746033
2020-04-14,260.2012023925781,204.3840789794922,1756.699951171875,98.88999938964844,37.7599983215332,0.7519999742507935
2020-04-15,254.6724395751953,202.03985595703125,1727.199951171875,99.45999908447266,40.84000015258789,0.6380000114440918
2020-04-16,255.9009552001953,205.7249755859375,1720.4000244140625,100.02999877929688,40.11000061035156,0.609000027179718
2020-04-17,262.8143310546875,207.69305419921875,1689.199951171875,99.77999877929688,38.150001525878906,0.6539999842643738
2020-04-20,258.1840515136719,205.23300170898438,1701.5999755859375,99.95999908447266,43.83000183105469,0.6259999871253967
2020-04-21,250.34474182128906,197.66001892089844,1678.199951171875,100.26000213623047,45.40999984741211,0.5709999799728394
2020-04-22,255.9009552001953,203.52549743652344,1728.699951171875,100.38999938964844,41.97999954223633,0.6190000176429749
2020-04-23,255.88265991210938,203.0913543701172,1733.300048828125,100.43000030517578,41.380001068115234,0.6129999756813049
2020-04-24,259.4493103027344,206.29420471191406,1723.5,100.37999725341797,35.93000030517578,0.5960000157356262
2020-04-27,263.19024658203125,207.95347595214844,1711.9000244140625,100.04000091552734,33.290000915527344,0.656000018119812
2020-04-28,261.9798889160156,204.0367431640625,1710.5,99.87000274658203,33.56999969482422,0.6100000143051147
2020-04-29,268.83819580078125,211.2721405029297,1703.4000244140625,99.56999969482422,31.229999542236328,0.6269999742507935
2020-04-30,266.3351135253906,211.18527221679688,1684.199951171875,99.0199966430664,34.150001525878906,0.621999979019165
2020-05-01,259.2842712402344,205.23300170898438,1694.5,98.80000305175781,37.189998626708984,0.6420000195503235
2020-05-04,259.99951171875,207.62554931640625,1706.9000244140625,99.4800033569336,35.970001220703125,0.6370000243186951
2020-05-05,262.4016418457031,209.9793701171875,1704.4000244140625,99.70999908447266,33.61000061035156,0.6570000052452087
2020-05-06,260.6228942871094,211.2721405029297,1684.199951171875,100.08999633789062,34.119998931884766,0.7110000252723694
2020-05-07,263.7679138183594,213.99261474609375,1721.800048828125,99.88999938964844,31.440000534057617,0.6309999823570251
2020-05-08,268.1322021484375,216.92529296875,1709.9000244140625,99.7300033569336,27.979999542236328,0.6819999814033508
2020-05-11,268.1871643066406,218.8644561767578,1695.300048828125,100.23999786376953,27.56999969482422,0.7260000109672546
2020-05-12,262.8418273925781,214.28201293945312,1704.4000244140625,99.93000030517578,33.040000915527344,0.6779999732971191
2020-05-13,258.1932067871094,211.60009765625,1713.9000244140625,100.23999786376953,35.279998779296875,0.6489999890327454
2020-05-14,261.2831115722656,214.00222778320312,1738.0999755859375,100.47000122070312,32.61000061035156,0.6190000176429749
2020-05-15,262.4842224121094,215.3914337158203,1753.4000244140625,100.4000015258789,31.889999389648438,0.6399999856948853
2020-05-18,270.4794006347656,219.40464782714844,1731.800048828125,99.66999816894531,29.299999237060547,0.7440000176429749
2020-05-19,267.7012939453125,218.85472106933594,1744.199951171875,99.37000274658203,30.530000686645508,0.7110000252723694
2020-05-20,272.2489929199219,223.22488403320312,1750.5999755859375,99.12000274658203,27.989999771118164,0.6800000071525574
2020-05-21,270.369384765625,220.79380798339844,1720.5,99.37000274658203,29.530000686645508,0.6769999861717224
2020-05-22,270.8828430175781,221.5559539794922,1734.5999755859375,99.86000061035156,28.15999984741211,0.6570000052452087
2020-05-26,274.22027587890625,220.9578094482422,1704.800048828125,98.91000366210938,28.010000228881836,0.6980000138282776
2020-05-27,278.30035400390625,222.1636962890625,1710.300048828125,99.05999755859375,27.6200008392334,0.6800000071525574
2020-05-28,277.7869567871094,221.87428283691406,1713.300048828125,98.37999725341797,28.59000015258789,0.7049999833106995
2020-05-29,279.0247802734375,225.1254425048828,1736.9000244140625,98.33999633789062,27.510000228881836,0.6480000019073486
2020-06-01,280.1524658203125,225.80068969726562,1737.800048828125,97.83000183105469,28.229999542236328,0.6620000004768372
2020-06-02,282.4721374511719,227.31527709960938,1725.199951171875,97.66999816894531,26.84000015258789,0.6800000071525574
2020-06-03,286.23138427734375,228.337890625,1697.800048828125,97.27999877929688,25.65999984741211,0.7609999775886536
2020-06-04,285.4794921875,226.7364501953125,1718.9000244140625,96.68000030517578,25.809999465942383,0.8199999928474426
2020-06-05,292.79620361328125,231.2319793701172,1676.199951171875,96.94000244140625,24.520000457763672,0.9039999842643738
2020-06-08,296.3354187011719,233.02638244628906,1698.300048828125,96.62000274658203,25.809999465942383,0.8840000033378601
2020-06-09,294.1257019042969,234.71461486816406,1714.699951171875,96.31999969482422,27.56999969482422,0.8289999961853027
2020-06-10,292.48455810546875,237.5315704345703,1713.300048828125,95.95999908447266,27.56999969482422,0.7480000257492065
2020-06-11,275.62310791015625,225.76206970214844,1732.0,96.7300033569336,40.790000915527344,0.652999997138977
2020-06-12,278.9238586425781,227.5564727783203,1729.300048828125,97.31999969482422,36.09000015258789,0.6990000009536743
2020-06-15,281.52777099609375,230.3251953125,1720.300048828125,96.68000030517578,34.400001525878906,0.7020000219345093
2020-06-16,286.94659423828125,234.28053283691406,1729.5999755859375,96.95999908447266,33.66999816894531,0.7559999823570251
2020-06-17,285.7546081542969,235.02334594726562,1729.199951171875,97.16000366210938,33.470001220703125,0.7329999804496765
2020-06-18,285.86468505859375,235.66000366210938,1724.800048828125,97.41999816894531,32.939998626708984,0.6940000057220459
2020-06-19,284.23095703125,235.62147521972656,1745.9000244140625,97.62000274658203,35.119998931884766,0.6970000267028809
2020-06-22,286.0543518066406,238.4471893310547,1756.699951171875,97.04000091552734,31.770000457763672,0.7039999961853027
2020-06-23,287.3712158203125,240.47657775878906,1772.0999755859375,96.69000244140625,31.3700008392334,0.7089999914169312
2020-06-24,280.0407409667969,235.5189666748047,1765.800048828125,97.1500015258789,33.84000015258789,0.6840000152587891
2020-06-25,283.04296875,237.7610321044922,1762.0999755859375,97.43000030517578,32.220001220703125,0.6740000247955322
2020-06-26,276.3203430175781,232.1463165283203,1772.5,97.5,34.72999954223633,0.6359999775886536
2020-06-29,280.38153076171875,234.6782684326172,1774.800048828125,97.54000091552734,31.780000686645508,0.6359999775886536
2020-06-30,283.9730224609375,239.27828979492188,1793.0,97.38999938964844,30.43000030517578,0.652999997138977
2020-07-01,285.9622497558594,242.0711212158203,1773.199951171875,97.19999694824219,28.6200008392334,0.6819999814033508
2020-07-02,287.5370788574219,243.71397399902344,1784.0,97.31999969482422,27.68000030517578,0.6690000295639038
2020-07-06,291.975830078125,249.70565795898438,1788.5,96.79000091552734,27.940000534057617,0.6840000152587891
2020-07-07,288.9644470214844,247.98545837402344,1804.199951171875,96.87999725341797,29.43000030517578,0.6499999761581421
2020-07-08,291.17462158203125,251.2518310546875,1815.5,96.43000030517578,28.079999923706055,0.652999997138977
2020-07-09,289.51708984375,253.36825561523438,1799.199951171875,96.69999694824219,29.260000228881836,0.6050000190734863
2020-07-10,292.47314453125,255.0980987548828,1798.199951171875,96.6500015258789,27.290000915527344,0.6330000162124634
2020-07-13,289.9405822753906,249.85055541992188,1811.0,96.45999908447266,32.189998626708984,0.6399999856948853
2020-07-14,293.6979675292969,251.6190643310547,1810.5999755859375,96.26000213623047,29.520000457763672,0.6150000095367432
2020-07-15,296.396240234375,252.13133239746094,1811.4000244140625,96.08000183105469,27.760000228881836,0.6299999952316284
2020-07-16,295.41998291015625,250.4111328125,1798.699951171875,96.3499984741211,28.0,0.6119999885559082
2020-07-17,296.2764892578125,250.70101928710938,1808.300048828125,95.94000244140625,25.68000030517578,0.628000020980835
2020-07-20,298.6709289550781,257.8136291503906,1815.9000244140625,95.83000183105469,24.459999084472656,0.6200000047683716
2020-07-21,299.3063659667969,255.1271209716797,1842.4000244140625,95.12000274658203,24.84000015258789,0.6069999933242798
2020-07-22,301.010009765625,256.0259094238281,1864.0999755859375,94.97000122070312,24.31999969482422,0.5950000286102295
2020-07-23,297.41839599609375,249.33839416503906,1889.0999755859375,94.69000244140625,26.079999923706055,0.5820000171661377
2020-07-24,295.5029296875,246.97073364257812,1897.300048828125,94.44000244140625,25.84000015258789,0.5889999866485596
2020-07-27,297.65789794921875,251.37747192382812,1931.0,93.66999816894531,24.739999771118164,0.609000027179718
2020-07-28,295.76995849609375,248.17872619628906,1944.699951171875,93.76000213623047,25.440000534057617,0.5809999704360962
2020-07-29,299.4075927734375,251.03921508789062,1953.5,93.26000213623047,24.100000381469727,0.5789999961853027
2020-07-30,298.3393859863281,252.353515625,1942.300048828125,93.0199966430664,24.760000228881836,0.5410000085830688
2020-07-31,300.69683837890625,256.85693359375,1962.800048828125,93.48999786376953,24.459999084472656,0.5360000133514404
2020-08-03,302.7873840332031,260.326171875,1966.0,93.5,24.280000686645508,0.5630000233650208
2020-08-04,303.95697021484375,261.29266357421875,2001.199951171875,93.37999725341797,23.760000228881836,0.5149999856948853
2020-08-05,305.84478759765625,261.9400939941406,2031.0999755859375,92.83000183105469,22.989999771118164,0.5429999828338623
2020-08-06,307.8891906738281,265.4095153808594,2051.5,92.79000091552734,22.649999618530273,0.5360000133514404
2020-08-07,308.1102600097656,262.3459777832031,2010.0999755859375,93.44000244140625,22.209999084472656,0.5619999766349792
2020-08-10,309.0310974121094,261.2249450683594,2024.4000244140625,93.58000183105469,22.1299991607666,0.5740000009536743
2020-08-11,306.4801940917969,256.277099609375,1932.5999755859375,93.62999725341797,24.030000686645508,0.6579999923706055
2020-08-12,310.75335693359375,262.72283935546875,1934.9000244140625,93.44000244140625,22.280000686645508,0.6700000166893005
2020-08-13,310.19146728515625,263.3221435546875,1956.699951171875,93.33999633789062,22.1299991607666,0.7160000205039978
2020-08-14,310.2007141113281,263.0127868652344,1937.0,93.0999984741211,22.049999237060547,0.7089999914169312
2020-08-17,311.18609619140625,266.0666198730469,1985.0,92.8499984741211,21.350000381469727,0.6830000281333923
2020-08-18,311.85833740234375,268.6275329589844,1999.4000244140625,92.2699966430664,21.510000228881836,0.6690000295639038
2020-08-19,310.5598449707031,266.82037353515625,1958.699951171875,92.88999938964844,22.540000915527344,0.675000011920929
2020-08-20,311.5268249511719,270.5216979980469,1933.800048828125,92.79000091552734,22.719999313354492,0.6439999938011169
2020-08-21,312.6319580078125,272.39642333984375,1934.5999755859375,93.25,22.540000915527344,0.6399999856948853
2020-08-24,315.7998352050781,274.0972900390625,1927.699951171875,93.30000305175781,22.3700008392334,0.6460000276565552
2020-08-25,316.9049987792969,276.2523193359375,1911.800048828125,93.0199966430664,22.030000686645508,0.6819999814033508
2020-08-26,320.0821533203125,282.147216796875,1940.699951171875,93.01000213623047,23.270000457763672,0.6869999766349792
2020-08-27,320.7820739746094,281.2679138183594,1921.5999755859375,93.01000213623047,24.469999313354492,0.7459999918937683
2020-08-28,322.8540344238281,282.6981506347656,1964.5999755859375,92.37000274658203,22.959999084472656,0.7289999723434448
2020-08-31,321.6844787597656,284.9692687988281,1967.5999755859375,92.13999938964844,26.40999984741211,0.6930000185966492
2020-09-01,324.7143859863281,289.83984375,1968.199951171875,92.33999633789062,26.1200008392334,0.671999990940094
2020-09-02,329.4109802246094,292.5843505859375,1934.4000244140625,92.8499984741211,26.56999969482422,0.6510000228881836
2020-09-03,318.0745544433594,277.750244140625,1927.5999755859375,92.73999786376953,33.599998474121094,0.621999979019165
2020-09-04,315.4775695800781,274.0489501953125,1923.9000244140625,92.72000122070312,30.75,0.7210000157356262
2020-09-08,306.8578186035156,260.8770446777344,1933.0,93.4800033569336,31.459999084472656,0.6840000152587891
2020-09-09,312.9173889160156,268.54052734375,1944.699951171875,93.26000213623047,28.809999465942383,0.703000009059906
2020-09-10,307.4840393066406,263.1867370605469,1954.199951171875,93.33999633789062,29.709999084472656,0.6850000023841858
2020-09-11,307.6405944824219,261.36016845703125,1937.800048828125,93.33000183105469,26.8700008392334,0.6690000295639038
2020-09-14,311.69256591796875,265.9119567871094,1953.0999755859375,93.06999969482422,25.850000381469727,0.6710000038146973
2020-09-15,313.267333984375,269.680908203125,1956.300048828125,93.05000305175781,25.59000015258789,0.6790000200271606
2020-09-16,312.0241394042969,265.38043212890625,1960.199951171875,93.20999908447266,26.040000915527344,0.6869999766349792
2020-09-17,309.2798156738281,261.2347412109375,1940.0,92.97000122070312,26.459999084472656,0.6840000152587891
2020-09-18,305.7191467285156,257.90057373046875,1952.0999755859375,92.93000030517578,25.829999923706055,0.6940000057220459
2020-09-21,302.3166198730469,258.5191650390625,1901.199951171875,93.54000091552734,27.780000686645508,0.6710000038146973
2020-09-22,305.3955078125,263.3221435546875,1898.5999755859375,93.98999786376953,26.860000610351562,0.6639999747276306
2020-09-23,298.31317138671875,255.2816925048828,1859.9000244140625,94.38999938964844,28.579999923706055,0.6759999990463257
2020-09-24,299.1082458496094,256.4703674316406,1868.300048828125,94.3499984741211,28.510000228881836,0.6660000085830688
2020-09-25,303.94390869140625,262.4329528808594,1857.699951171875,94.58000183105469,26.3799991607666,0.6589999794960022
2020-09-28,308.9923095703125,267.8835144042969,1872.800048828125,94.26000213623047,26.190000534057617,0.6629999876022339
2020-09-29,307.3095397949219,266.67547607421875,1894.300048828125,93.88999938964844,26.270000457763672,0.6449999809265137
2020-09-30,309.63946533203125,268.5019226074219,1887.5,93.88999938964844,26.3700008392334,0.6769999861717224
2020-10-01,311.6273498535156,272.76373291015625,1908.4000244140625,93.70999908447266,26.700000762939453,0.6769999861717224
2020-10-02,308.66864013671875,265.0905456542969,1900.199951171875,93.83999633789062,27.6299991607666,0.6959999799728394
2020-10-05,314.1422424316406,270.7439880371094,1912.5,93.51000213623047,27.959999084472656,0.7620000243186951
2020-10-06,309.6764221191406,265.9119567871094,1901.0999755859375,93.83000183105469,29.479999542236328,0.7419999837875366
2020-10-07,315.06683349609375,270.5119934082031,1883.5999755859375,93.62999725341797,28.059999465942383,0.7850000262260437
2020-10-08,317.8591613769531,271.951904296875,1888.5999755859375,93.61000061035156,26.360000610351562,0.7649999856948853
2020-10-09,320.6977844238281,276.1073303222656,1919.5,93.05999755859375,25.0,0.7749999761581421
2020-10-12,325.8569641113281,284.63092041015625,1922.5,93.06999969482422,25.06999969482422,0.7770000100135803
2020-10-13,323.73040771484375,284.6213073730469,1888.5,93.52999877929688,26.06999969482422,0.7269999980926514
2020-10-14,321.6962890625,282.2439880371094,1901.300048828125,93.37999725341797,26.399999618530273,0.722000002861023
2020-10-15,321.29864501953125,280.349853515625,1903.199951171875,93.86000061035156,26.969999313354492,0.7310000061988831
2020-10-16,321.10455322265625,278.8133544921875,1900.800048828125,93.68000030517578,27.40999984741211,0.7440000176429749
2020-10-19,316.22265625,274.2615661621094,1906.4000244140625,93.43000030517578,29.18000030517578,0.7609999775886536
2020-10-20,317.48931884765625,274.8511047363281,1910.4000244140625,93.06999969482422,29.350000381469727,0.796999990940094
2020-10-21,316.88836669921875,274.6385192871094,1924.5999755859375,92.61000061035156,28.649999618530273,0.8159999847412109
2020-10-22,318.6265869140625,274.6287841796875,1901.0999755859375,92.94999694824219,28.110000610351562,0.8479999899864197
2020-10-23,319.7083435058594,275.1700134277344,1902.0,92.7699966430664,27.549999237060547,0.8410000205039978
2020-10-26,313.8001403808594,271.0435791015625,1902.699951171875,93.05000305175781,32.459999084472656,0.8009999990463257
2020-10-27,312.71844482421875,273.1600036621094,1908.800048828125,92.94000244140625,33.349998474121094,0.777999997138977
2020-10-28,302.0300598144531,262.5103454589844,1876.199951171875,93.41000366210938,40.279998779296875,0.781000018119812
2020-10-29,305.09979248046875,267.1006774902344,1865.5999755859375,93.95999908447266,37.59000015258789,0.8349999785423279
2020-10-30,301.9190368652344,260.326171875,1877.4000244140625,94.04000091552734,38.02000045776367,0.8600000143051147
2020-11-02,305.3031005859375,260.9060974121094,1890.4000244140625,94.05000305175781,37.130001068115234,0.8489999771118164
2020-11-03,310.6934814453125,265.4190673828125,1908.5,93.55000305175781,35.54999923706055,0.8820000290870667
2020-11-04,317.6373291015625,277.26708984375,1894.5999755859375,93.41000366210938,29.56999969482422,0.7680000066757202
2020-11-05,323.8321228027344,284.49566650390625,1945.300048828125,92.52999877929688,27.579999923706055,0.7760000228881836
2020-11-06,323.7581481933594,284.7082214355469,1950.300048828125,92.2300033569336,24.860000610351562,0.8199999928474426
2020-11-09,327.82635498046875,278.890625,1853.199951171875,92.7300033569336,25.75,0.9580000042915344
2020-11-10,327.3455505371094,273.8943786621094,1875.4000244140625,92.75,24.799999237060547,0.972000002861023
2020-11-11,329.77728271484375,280.0212097167969,1860.699951171875,93.04000091552734,23.450000762939453,0.9580000042915344
2020-11-12,326.578125,278.70697021484375,1872.5999755859375,92.95999908447266,25.350000381469727,0.8849999904632568
2020-11-13,331.0994567871094,281.1519775390625,1885.699951171875,92.76000213623047,23.100000381469727,0.8930000066757202
2020-11-16,335.2323913574219,283.345703125,1887.300048828125,92.56999969482422,22.450000762939453,0.906000018119812
2020-11-17,333.42950439453125,282.4469299316406,1884.5,92.41999816894531,22.709999084472656,0.871999979019165
2020-11-18,329.4166259765625,280.3594970703125,1873.5,92.31999969482422,23.84000015258789,0.8820000290870667
2020-11-19,330.8035888671875,282.5531921386719,1861.0999755859375,92.29000091552734,23.110000610351562,0.8539999723434448
2020-11-20,328.538330078125,280.6204833984375,1872.5999755859375,92.38999938964844,23.700000762939453,0.8289999961853027
2020-11-23,330.5077209472656,280.6300964355469,1837.800048828125,92.51000213623047,22.65999984741211,0.8569999933242798
2020-11-24,335.8334655761719,284.5730285644531,1804.800048828125,92.2300033569336,21.639999389648438,0.8820000290870667
2020-11-25,335.3155822753906,286.3222351074219,1805.699951171875,91.98999786376953,21.25,0.878000020980835
2020-11-27,336.24945068359375,288.96038818359375,1781.9000244140625,91.79000091552734,20.84000015258789,0.8420000076293945
2020-11-30,334.7608642578125,289.5499572753906,1775.699951171875,91.87000274658203,20.56999969482422,0.843999981880188
2020-12-01,338.4222412109375,293.2608337402344,1814.0999755859375,91.30999755859375,20.770000457763672,0.9340000152587891
2020-12-02,339.1342468261719,293.63775634765625,1825.699951171875,91.12000274658203,21.170000076293945,0.9480000138282776
2020-12-03,339.0417785644531,294.0533447265625,1836.800048828125,90.70999908447266,21.280000686645508,0.9200000166893005
2020-12-04,341.96356201171875,295.2516174316406,1835.9000244140625,90.69999694824219,20.790000915527344,0.968999981880188
2020-12-07,341.2607727050781,296.9234619140625,1861.800048828125,90.79000091552734,21.299999237060547,0.9279999732971191
2020-12-08,342.2593688964844,297.9284973144531,1870.800048828125,90.97000122070312,20.68000030517578,0.9129999876022339
2020-12-09,339.1896667480469,291.1830749511719,1834.5999755859375,91.08999633789062,22.270000457763672,0.9409999847412109
2020-12-10,339.07879638671875,292.3524169921875,1833.5999755859375,90.79000091552734,22.520000457763672,0.9079999923706055
2020-12-11,338.6811828613281,291.7049255371094,1839.800048828125,90.9800033569336,23.309999465942383,0.8930000066757202
2020-12-14,337.1648254394531,293.8214111328125,1828.699951171875,90.70999908447266,24.719999313354492,0.8920000195503235
2020-12-15,341.7230529785156,296.96209716796875,1852.300048828125,90.47000122070312,22.889999389648438,0.9229999780654907
2020-12-16,342.2593688964844,298.59539794921875,1856.0999755859375,90.44999694824219,22.5,0.9200000166893005
2020-12-17,344.17327880859375,300.5474548339844,1887.199951171875,89.81999969482422,21.93000030517578,0.9300000071525574
2020-12-18,342.7989807128906,299.63909912109375,1885.699951171875,90.0199966430664,21.56999969482422,0.9480000138282776
2020-12-21,341.5733337402344,299.0784606933594,1879.199951171875,90.04000091552734,25.15999984741211,0.9409999847412109
2020-12-22,340.9976501464844,299.8917236328125,1866.5999755859375,90.6500015258789,24.229999542236328,0.9179999828338623
2020-12-23,341.3041687011719,298.38134765625,1874.699951171875,90.41000366210938,23.309999465942383,0.9549999833106995
2020-12-24,342.6319580078125,299.6980895996094,1879.9000244140625,90.33000183105469,21.530000686645508,0.9279999732971191
2020-12-28,345.57537841796875,302.7186584472656,1877.199951171875,90.33999633789062,21.700000762939453,0.9330000281333923
2020-12-29,344.9161376953125,302.98968505859375,1879.699951171875,90.01000213623047,23.079999923706055,0.9350000023841858
2020-12-30,345.4082336425781,302.99945068359375,1891.0,89.62999725341797,22.770000457763672,0.9259999990463257
2020-12-31,347.1632385253906,303.744873046875,1893.0999755859375,89.94000244140625,22.75,0.9169999957084656
2021-01-04,342.4368896484375,299.4560546875,1944.699951171875,89.87999725341797,26.969999313354492,0.9169999957084656
2021-01-05,344.7953796386719,301.9247741699219,1952.699951171875,89.44000244140625,25.34000015258789,0.9549999833106995
2021-01-06,346.8567199707031,297.7424011230469,1906.9000244140625,89.52999877929688,25.06999969482422,1.0420000553131104
2021-01-07,352.01025390625,304.9454345703125,1912.300048828125,89.83000183105469,22.3700008392334,1.0709999799728394
2021-01-08,354.0158996582031,308.8663024902344,1834.0999755859375,90.0999984741211,21.559999465942383,1.1050000190734863
2021-01-11,351.6294860839844,304.40325927734375,1849.5999755859375,90.54000091552734,24.079999923706055,1.1319999694824219
2021-01-12,351.7037353515625,303.9192810058594,1842.9000244140625,90.05000305175781,23.329999923706055,1.1380000114440918
2021-01-13,352.65087890625,305.9717102050781,1853.5999755859375,90.31999969482422,22.209999084472656,1.0880000591278076
2021-01-14,351.41583251953125,304.33544921875,1850.300048828125,90.23999786376953,23.25,1.128999948501587
2021-01-15,348.8531188964844,301.9247741699219,1829.300048828125,90.77999877929688,24.34000015258789,1.097000002861023
2021-01-19,351.5924072265625,306.329833984375,1839.5,90.5,23.239999771118164,1.0920000076293945
2021-01-20,356.4579162597656,313.455322265625,1865.9000244140625,90.47000122070312,21.579999923706055,1.090000033378601
2021-01-21,356.7829284667969,315.9627990722656,1865.300048828125,90.12999725341797,21.31999969482422,1.1089999675750732
2021-01-22,355.5201416015625,315.0528564453125,1855.699951171875,90.23999786376953,21.90999984741211,1.090999960899353
2021-01-25,356.9222717285156,317.65716552734375,1854.9000244140625,90.38999938964844,23.190000534057617,1.0399999618530273
2021-01-26,356.36505126953125,318.121826171875,1850.699951171875,90.16999816894531,23.020000457763672,1.0399999618530273
2021-01-27,347.6553955078125,309.2536315917969,1844.9000244140625,90.6500015258789,37.209999084472656,1.0140000581741333
2021-01-28,350.645263671875,311.0833740234375,1837.9000244140625,90.45999908447266,30.209999084472656,1.0570000410079956
2021-01-29,343.6254577636719,304.5387268066406,1847.300048828125,90.58000183105469,33.09000015258789,1.093000054359436
2021-02-01,349.3453063964844,312.1482849121094,1860.800048828125,91.0199966430664,30.239999771118164,1.0770000219345093
2021-02-02,354.2851257324219,317.24072265625,1830.5,91.19999694824219,25.559999465942383,1.1050000190734863
2021-02-03,354.5636901855469,315.982177734375,1832.199951171875,91.12000274658203,22.90999984741211,1.13100004196167
2021-02-04,358.5935974121094,319.71917724609375,1788.9000244140625,91.52999877929688,21.770000457763672,1.1390000581741333
2021-02-05,360.0049133300781,320.8035888671875,1810.9000244140625,91.04000091552734,20.8700008392334,1.1699999570846558
2021-02-08,362.6048583984375,322.95269775390625,1831.9000244140625,90.93000030517578,21.239999771118164,1.159999966621399
2021-02-09,362.3634338378906,322.8851013183594,1835.300048828125,90.44000244140625,21.6299991607666,1.156999945640564
2021-02-10,362.20562744140625,322.14923095703125,1840.5999755859375,90.37000274658203,21.989999771118164,1.1330000162124634
2021-02-11,362.7905578613281,323.92095947265625,1824.9000244140625,90.41999816894531,21.25,1.1579999923706055
2021-02-12,364.5826721191406,325.73138427734375,1821.5999755859375,90.4800033569336,19.969999313354492,1.2000000476837158
2021-02-16,364.26690673828125,324.8504333496094,1797.199951171875,90.51000213623047,21.459999084472656,1.2990000247955322
2021-02-17,364.35052490234375,323.2916564941406,1771.0999755859375,90.94999694824219,21.5,1.3009999990463257
2021-02-18,362.7998962402344,321.8782653808594,1773.4000244140625,90.58999633789062,22.489999771118164,1.2869999408721924
2021-02-19,362.15924072265625,320.4743957519531,1775.800048828125,90.36000061035156,22.049999237060547,1.3450000286102295
2021-02-22,359.3735656738281,312.16766357421875,1806.699951171875,90.01000213623047,23.450000762939453,1.3700000047683716
2021-02-23,359.8099365234375,311.23834228515625,1804.4000244140625,90.16999816894531,23.110000610351562,1.3619999885559082
2021-02-24,363.7747802734375,313.8038635253906,1796.4000244140625,90.18000030517578,21.34000015258789,1.3890000581741333
2021-02-25,355.0094299316406,302.8638916015625,1774.4000244140625,90.12999725341797,28.889999389648438,1.5180000066757202
2021-02-26,353.18011474609375,304.1322021484375,1728.0999755859375,90.93000030517578,27.950000762939453,1.4600000381469727
2021-03-01,361.7413330078125,313.2811279296875,1722.5,91.04000091552734,23.350000381469727,1.4459999799728394
2021-03-02,358.9185485839844,308.2563781738281,1733.0999755859375,90.79000091552734,24.100000381469727,1.4149999618530273
2021-03-03,354.1643981933594,299.3108215332031,1715.300048828125,90.94999694824219,26.670000076293945,1.4700000286102295
2021-03-04,349.78173828125,294.4119873046875,1700.199951171875,91.62999725341797,28.56999969482422,1.5499999523162842
2021-03-05,356.2164611816406,298.84613037109375,1698.0,91.9800033569336,24.65999984741211,1.5540000200271606
2021-03-08,354.4429626464844,290.38446044921875,1677.699951171875,92.30999755859375,25.469999313354492,1.5959999561309814
2021-03-09,359.5035095214844,301.837646484375,1716.5999755859375,91.95999908447266,24.030000686645508,1.5460000038146973
2021-03-10,361.7413330078125,300.97607421875,1721.5,91.79000091552734,22.559999465942383,1.5199999809265137
2021-03-11,365.40911865234375,307.9078674316406,1722.300048828125,91.41999816894531,21.90999984741211,1.5269999504089355
2021-03-12,365.901123046875,305.4100036621094,1719.5,91.68000030517578,20.690000534057617,1.6349999904632568
2021-03-15,368.0831604003906,308.6726989746094,1728.9000244140625,91.83000183105469,20.030000686645508,1.6069999933242798
2021-03-16,367.6190185546875,310.3670654296875,1730.5999755859375,91.87000274658203,19.790000915527344,1.621000051498413
2021-03-17,368.8725280761719,311.64495849609375,1726.800048828125,91.4000015258789,19.229999542236328,1.6410000324249268
2021-03-18,363.50555419921875,302.0990295410156,1732.199951171875,91.8499984741211,21.579999923706055,1.7300000190734863
2021-03-19,362.8328857421875,303.16400146484375,1741.4000244140625,91.91999816894531,20.950000762939453,1.7319999933242798
2021-03-22,365.73016357421875,308.8493347167969,1737.800048828125,91.80000305175781,18.8799991607666,1.684000015258789
2021-03-23,362.8515319824219,307.5019226074219,1724.699951171875,92.33999633789062,20.299999237060547,1.6380000114440918
2021-03-24,361.00701904296875,302.3158874511719,1732.9000244140625,92.52999877929688,21.200000762939453,1.6139999628067017
2021-03-25,363.0379638671875,301.7923583984375,1724.9000244140625,92.87999725341797,19.809999465942383,1.6139999628067017
2021-03-26,368.8882751464844,306.3193359375,1732.199951171875,92.7699966430664,18.860000610351562,1.659999966621399
2021-03-29,368.70196533203125,306.2320251464844,1712.0999755859375,92.94000244140625,20.739999771118164,1.7209999561309814
2021-03-30,367.7237854003906,304.6907653808594,1683.9000244140625,93.30000305175781,19.610000610351562,1.7259999513626099
2021-03-31,369.21429443359375,309.3534240722656,1713.800048828125,93.2300033569336,19.399999618530273,1.746000051498413
2021-04-01,373.2015075683594,314.6268005371094,1726.5,92.93000030517578,17.329999923706055,1.6790000200271606
2021-04-05,378.55804443359375,320.908203125,1727.0,92.5999984741211,17.90999984741211,1.7200000286102295
2021-04-06,378.3345031738281,320.6852111816406,1741.5,92.33999633789062,18.1200008392334,1.656000018119812
2021-04-07,378.7723083496094,321.4607849121094,1740.0999755859375,92.45999908447266,17.15999984741211,1.652999997138977
2021-04-08,380.57025146484375,324.8147888183594,1756.800048828125,92.05999755859375,16.950000762939453,1.6319999694824219
2021-04-09,383.3370666503906,326.7825622558594,1743.300048828125,92.16000366210938,16.690000534057617,1.6660000085830688
2021-04-12,383.47674560546875,326.3561096191406,1731.199951171875,92.13999938964844,16.90999984741211,1.6749999523162842
2021-04-13,384.61334228515625,330.16558837890625,1746.199951171875,91.8499984741211,16.649999618530273,1.6230000257492065
2021-04-14,383.2998352050781,326.20098876953125,1734.9000244140625,91.69000244140625,16.989999771118164,1.6380000114440918
2021-04-15,387.4173889160156,331.1446533203125,1765.4000244140625,91.66999816894531,16.56999969482422,1.5299999713897705
2021-04-16,388.71234130859375,331.5324401855469,1779.0,91.55999755859375,16.25,1.5729999542236328
2021-04-19,386.8025207519531,328.4983825683594,1769.4000244140625,91.06999969482422,17.290000915527344,1.6009999513626099
2021-04-20,383.9706115722656,326.1039733886719,1777.300048828125,91.23999786376953,18.68000030517578,1.562000036239624
2021-04-21,387.6037292480469,328.89581298828125,1792.300048828125,91.16000366210938,17.5,1.5640000104904175
2021-04-22,384.0638122558594,324.9311828613281,1781.199951171875,91.33000183105469,18.709999084472656,1.5540000200271606
2021-04-23,388.22784423828125,329.02178955078125,1777.0,90.86000061035156,17.329999923706055,1.5670000314712524
2021-04-26,389.038330078125,331.1640319824219,1779.199951171875,90.80999755859375,17.639999389648438,1.5700000524520874
2021-04-27,388.9544982910156,329.7294006347656,1778.0,90.91000366210938,17.559999465942383,1.621999979019165
2021-04-28,388.8426818847656,328.6146240234375,1773.199951171875,90.61000061035156,17.280000686645508,1.6200000047683716
2021-04-29,391.3207702636719,329.79730224609375,1768.0999755859375,90.61000061035156,17.610000610351562,1.6399999856948853
2021-04-30,388.7495422363281,327.6356506347656,1767.300048828125,91.27999877929688,18.610000610351562,1.63100004196167
2021-05-03,389.58807373046875,325.8908386230469,1791.4000244140625,90.94999694824219,18.309999465942383,1.6069999933242798
2021-05-04,387.1845397949219,320.02618408203125,1775.800048828125,91.29000091552734,19.479999542236328,1.5920000076293945
2021-05-05,387.30560302734375,318.95013427734375,1784.0999755859375,91.30999755859375,19.149999618530273,1.5839999914169312
2021-05-06,390.39849853515625,321.35418701171875,1815.5,90.94999694824219,18.389999389648438,1.5609999895095825
2021-05-07,393.2397766113281,323.9618225097656,1831.0999755859375,90.2300033569336,16.690000534057617,1.5770000219345093
2021-05-10,389.3458251953125,315.7803039550781,1837.5,90.20999908447266,19.65999984741211,1.6019999980926514
2021-05-11,385.8710021972656,315.3441162109375,1835.9000244140625,90.13999938964844,21.84000015258789,1.6239999532699585
2021-05-12,377.67303466796875,307.1820983886719,1822.5999755859375,90.70999908447266,27.59000015258789,1.6950000524520874
2021-05-13,382.2098388671875,309.55694580078125,1823.800048828125,90.75,23.1299991607666,1.6679999828338623
2021-05-14,388.07879638671875,316.3910827636719,1837.9000244140625,90.31999969482422,18.809999465942383,1.6349999904632568
2021-05-17,387.0913391113281,314.4716796875,1867.5,90.22000122070312,19.719999313354492,1.6399999856948853
2021-05-18,383.7563171386719,312.3487243652344,1867.800048828125,89.75,21.34000015258789,1.6419999599456787
2021-05-19,382.7501220703125,312.7074890136719,1881.300048828125,90.19000244140625,22.18000030517578,1.6829999685287476
2021-05-20,386.8677978515625,318.75616455078125,1881.800048828125,89.80999755859375,20.670000076293945,1.6339999437332153
2021-05-21,386.551025390625,316.99200439453125,1876.699951171875,90.0199966430664,20.149999618530273,1.6319999694824219
2021-05-24,390.4916687011719,322.323486328125,1884.5999755859375,89.83000183105469,18.399999618530273,1.6080000400543213
2021-05-25,389.6252746582031,322.7694091796875,1898.0999755859375,89.63999938964844,18.84000015258789,1.5640000104904175
2021-05-26,390.39849853515625,323.8938903808594,1901.300048828125,90.04000091552734,17.360000610351562,1.5740000009536743
2021-05-27,390.60345458984375,322.6821594238281,1895.699951171875,89.97000122070312,16.739999771118164,1.6100000143051147
2021-05-28,391.3021240234375,323.70001220703125,1902.5,90.02999877929688,16.760000228881836,1.5809999704360962
2021-06-01,390.9574279785156,322.6240234375,1902.9000244140625,89.83000183105469,17.899999618530273,1.6150000095367432
2021-06-02,391.572265625,323.25408935546875,1907.5,89.9000015258789,17.479999542236328,1.590999960899353
2021-06-03,390.1190185546875,319.89044189453125,1871.199951171875,90.5,18.040000915527344,1.625
2021-06-04,393.68701171875,325.31878662109375,1889.800048828125,90.13999938964844,16.420000076293945,1.559999942779541
2021-06-07,393.30499267578125,326.28826904296875,1896.800048828125,89.94999694824219,16.420000076293945,1.569000005722046
2021-06-08,393.38885498046875,326.44329833984375,1892.199951171875,90.08000183105469,17.06999969482422,1.527999997138977
2021-06-09,392.80194091796875,326.52081298828125,1893.199951171875,90.12000274658203,17.889999389648438,1.4889999628067017
2021-06-10,394.6279296875,329.92327880859375,1894.199951171875,90.08000183105469,16.100000381469727,1.4589999914169312
2021-06-11,395.2799987792969,330.78607177734375,1877.4000244140625,90.55999755859375,15.649999618530273,1.4620000123977661
2021-06-14,396.1650390625,333.95587158203125,1864.0,90.5199966430664,16.389999389648438,1.5010000467300415
2021-06-15,395.43841552734375,331.77484130859375,1854.5,90.54000091552734,17.020000457763672,1.4989999532699585
2021-06-16,393.2304992675781,330.5631103515625,1859.5,91.12999725341797,18.149999618530273,1.569000005722046
2021-06-17,393.10009765625,334.7604064941406,1773.800048828125,91.88999938964844,17.75,1.5110000371932983
2021-06-18,387.7970275878906,332.13348388671875,1767.9000244140625,92.2300033569336,20.700000762939453,1.4500000476837158
2021-06-21,393.34869384765625,334.1977233886719,1781.800048828125,91.86000061035156,17.889999389648438,1.4839999675750732
2021-06-22,395.45159912109375,337.31298828125,1776.300048828125,91.7300033569336,16.65999984741211,1.472000002861023
2021-06-23,394.9749450683594,337.4779052734375,1782.300048828125,91.80000305175781,16.31999969482422,1.4869999885559082
2021-06-24,397.3115234375,339.56451416015625,1775.5999755859375,91.81999969482422,15.970000267028809,1.4869999885559082
2021-06-25,398.72283935546875,339.14715576171875,1776.5999755859375,91.80999755859375,15.619999885559082,1.5360000133514404
2021-06-28,399.52655029296875,343.27178955078125,1779.5999755859375,91.87999725341797,15.760000228881836,1.4780000448226929
2021-06-29,399.7415771484375,344.5140380859375,1762.800048828125,92.05000305175781,16.020000457763672,1.4800000190734863
2021-06-30,400.0780334472656,343.970458984375,1770.800048828125,92.44000244140625,15.829999923706055,1.4429999589920044
2021-07-01,402.2930603027344,344.1063537597656,1775.9000244140625,92.5999984741211,15.479999542236328,1.4800000190734863
2021-07-02,405.3680114746094,348.0562744140625,1782.5999755859375,92.2300033569336,15.069999694824219,1.430999994277954
2021-07-06,404.6296691894531,349.56048583984375,1793.5,92.55000305175781,16.440000534057617,1.3700000047683716
2021-07-07,406.0596618652344,350.2981872558594,1801.5,92.63999938964844,16.200000762939453,1.3209999799728394
2021-07-08,402.7510070800781,348.18243408203125,1799.5999755859375,92.36000061035156,19.0,1.2879999876022339
2021-07-09,407.05035400390625,350.35638427734375,1810.0,92.12999725341797,16.18000030517578,1.3559999465942383
2021-07-12,408.5083312988281,351.7247619628906,1805.5,92.2300033569336,16.170000076293945,1.3630000352859497
2021-07-13,407.1158447265625,351.7247619628906,1809.4000244140625,92.75,17.1200008392334,1.4149999618530273
2021-07-14,407.7232666015625,352.3555603027344,1824.300048828125,92.41000366210938,16.329999923706055,1.3559999465942383
2021-07-15,406.33074951171875,349.8808288574219,1828.4000244140625,92.62000274658203,17.010000228881836,1.2970000505447388
2021-07-16,403.14361572265625,347.0469970703125,1814.5,92.69000244140625,18.450000762939453,1.2999999523162842
2021-07-19,397.1900329589844,344.203369140625,1808.699951171875,92.88999938964844,22.5,1.180999994277954
2021-07-20,402.8819580078125,348.2018737792969,1810.9000244140625,92.97000122070312,19.729999542236328,1.2089999914169312
2021-07-21,406.1438293457031,350.89013671875,1802.9000244140625,92.75,17.90999984741211,1.2799999713897705
2021-07-22,406.9942626953125,353.20965576171875,1805.0,92.81999969482422,17.690000534057617,1.2649999856948853
2021-07-23,411.18145751953125,357.33416748046875,1801.4000244140625,92.91000366210938,17.200000762939453,1.2860000133514404
2021-07-26,412.1908264160156,357.6156311035156,1798.699951171875,92.6500015258789,17.579999923706055,1.2760000228881836
2021-07-27,410.312255859375,353.6754455566406,1799.5,92.43000030517578,19.360000610351562,1.2339999675750732
2021-07-28,410.14398193359375,355.0340576171875,1799.5,92.31999969482422,18.309999465942383,1.2610000371932983
2021-07-29,411.8450012207031,355.6649475097656,1831.199951171875,91.86000061035156,17.700000762939453,1.2690000534057617
2021-07-30,409.8450012207031,353.81121826171875,1812.5999755859375,92.16999816894531,18.239999771118164,1.2389999628067017
2021-08-02,408.9850769042969,353.8404541015625,1818.0999755859375,92.05000305175781,19.459999084472656,1.1740000247955322
2021-08-03,412.3123474121094,355.9851989746094,1810.0999755859375,92.08000183105469,18.040000915527344,1.1759999990463257
2021-08-04,410.2842712402344,356.49957275390625,1810.5,92.2699966430664,17.969999313354492,1.184000015258789
2021-08-05,412.88250732421875,358.7607727050781,1805.0999755859375,92.23999786376953,17.280000686645508,1.2170000076293945
2021-08-06,413.56475830078125,357.1886291503906,1760.0,92.80000305175781,16.149999618530273,1.2899999618530273
2021-08-09,413.2282409667969,357.8485107421875,1723.4000244140625,92.94999694824219,16.719999313354492,1.3170000314712524
2021-08-10,413.7423095703125,356.0142822265625,1728.800048828125,93.05999755859375,16.790000915527344,1.3420000076293945
2021-08-11,414.77044677734375,355.40289306640625,1750.4000244140625,92.91000366210938,16.170000076293945,1.3289999961853027
2021-08-12,416.0135192871094,356.6839599609375,1749.0,93.04000091552734,15.59000015258789,1.3669999837875366
2021-08-13,416.7705078125,357.9358825683594,1775.199951171875,92.5199966430664,15.449999809265137,1.2970000505447388
2021-08-16,417.7518615722656,358.0910949707031,1786.9000244140625,92.62999725341797,16.1200008392334,1.2569999694824219
2021-08-17,415.0133972167969,354.9371032714844,1785.0,93.12999725341797,17.90999984741211,1.2580000162124634
2021-08-18,410.4710388183594,351.5209655761719,1781.5999755859375,93.13999938964844,21.56999969482422,1.2730000019073486
2021-08-19,411.1066589355469,353.2192077636719,1780.199951171875,93.56999969482422,21.670000076293945,1.2419999837875366
2021-08-20,414.3778381347656,356.8780822753906,1781.0,93.5,18.559999465942383,1.2599999904632568
2021-08-23,418.0229797363281,362.21575927734375,1803.199951171875,92.95999908447266,17.149999618530273,1.2549999952316284
2021-08-24,418.6865234375,363.3221435546875,1805.5999755859375,92.88999938964844,17.219999313354492,1.2899999618530273
2021-08-25,419.56512451171875,363.7394714355469,1788.199951171875,92.83000183105469,16.790000915527344,1.3420000076293945
2021-08-26,417.0883483886719,361.4296875,1792.199951171875,93.05999755859375,18.84000015258789,1.3420000076293945
2021-08-27,420.8175354003906,364.9428405761719,1816.5999755859375,92.69000244140625,16.389999389648438,1.312000036239624
2021-08-30,422.6680603027344,369.038330078125,1809.0,92.6500015258789,16.190000534057617,1.284999966621399
2021-08-31,422.0418701171875,368.73748779296875,1815.0,92.62999725341797,16.479999542236328,1.3040000200271606
2021-09-01,422.2660827636719,369.34881591796875,1813.0999755859375,92.44999694824219,16.110000610351562,1.3020000457763672
2021-09-02,423.5653076171875,369.1741638183594,1808.699951171875,92.2300033569336,16.40999984741211,1.2940000295639038
2021-09-03,423.4625244140625,370.3095703125,1830.9000244140625,92.04000091552734,16.40999984741211,1.3220000267028809
2021-09-07,421.9483947753906,370.83367919921875,1795.9000244140625,92.5199966430664,18.139999389648438,1.3700000047683716
2021-09-08,421.4343566894531,369.5429992675781,1790.699951171875,92.6500015258789,17.959999084472656,1.3339999914169312
2021-09-09,419.63043212890625,368.2715148925781,1797.4000244140625,92.4800033569336,18.799999237060547,1.2990000247955322
2021-09-10,416.3219299316406,365.4765319824219,1789.5999755859375,92.58000183105469,20.950000762939453,1.340999960899353
2021-09-13,417.3874206542969,365.2243347167969,1792.0,92.62000274658203,19.3700008392334,1.3240000009536743
2021-09-14,415.13494873046875,364.1858215332031,1804.699951171875,92.6500015258789,19.459999084472656,1.2769999504089355
2021-09-15,418.60235595703125,366.8935241699219,1792.4000244140625,92.48999786376953,18.18000030517578,1.3040000200271606
2021-09-16,417.9388122558594,367.1458435058594,1754.5999755859375,92.86000061035156,18.690000534057617,1.3309999704360962
2021-09-17,413.8676452636719,362.7979736328125,1749.4000244140625,93.19999694824219,20.809999465942383,1.3700000047683716
2021-09-20,406.9667663574219,355.30145263671875,1761.800048828125,93.23999786376953,25.709999084472656,1.309000015258789
2021-09-21,406.5823669433594,355.7385559082031,1776.0,93.19999694824219,24.360000610351562,1.3240000009536743
2021-09-22,410.5484924316406,359.0614013671875,1776.699951171875,93.45999908447266,20.8700008392334,1.3359999656677246
2021-09-23,415.53662109375,362.3744201660156,1747.699951171875,93.0999984741211,18.6299991607666,1.409999966621399
2021-09-24,416.22119140625,362.7144775390625,1749.699951171875,93.33000183105469,17.75,1.4600000381469727
2021-09-27,415.0303039550781,359.8191833496094,1750.0,93.37999725341797,18.760000228881836,1.4839999675750732
2021-09-28,406.6667175292969,349.6371765136719,1735.800048828125,93.7699966430664,23.25,1.534000039100647
2021-09-29,407.35113525390625,349.0639953613281,1721.5,94.33999633789062,22.559999465942383,1.5410000085830688
2021-09-30,402.3724060058594,347.781494140625,1755.300048828125,94.25,23.139999389648438,1.5290000438690186
2021-10-01,407.1542663574219,349.9383544921875,1757.0,94.04000091552734,21.100000381469727,1.4789999723434448
2021-10-04,401.9034729003906,342.59332275390625,1766.199951171875,93.80999755859375,22.959999084472656,1.4809999465942383
2021-10-05,406.08544921875,347.2180480957031,1759.5999755859375,93.9800033569336,21.299999237060547,1.5290000438690186
2021-10-06,407.77313232421875,349.44287109375,1760.5,94.2699966430664,21.0,1.5240000486373901
2021-10-07,411.2986145019531,352.64898681640625,1757.9000244140625,94.22000122070312,19.540000915527344,1.5709999799728394
2021-10-08,410.5484924316406,350.89056396484375,1756.300048828125,94.06999969482422,18.770000457763672,1.6050000190734863
2021-10-11,407.5762634277344,348.19927978515625,1754.5999755859375,94.31999969482422,20.0,1.6139999628067017
2021-10-12,406.572998046875,346.9847412109375,1758.300048828125,94.5199966430664,19.850000381469727,1.5800000429153442
2021-10-13,408.03558349609375,349.76348876953125,1793.699951171875,94.08000183105469,18.639999389648438,1.5490000247955322
2021-10-14,414.8990783691406,356.2049865722656,1796.699951171875,93.95999908447266,16.860000610351562,1.5190000534057617
2021-10-15,418.05889892578125,358.4493408203125,1767.199951171875,93.94000244140625,16.299999237060547,1.5759999752044678
2021-10-18,419.2965393066406,362.0538024902344,1764.800048828125,93.94999694824219,16.309999465942383,1.5839999914169312
2021-10-19,422.5313720703125,364.7935485839844,1769.699951171875,93.79000091552734,15.699999809265137,1.6349999904632568
2021-10-20,424.1909484863281,364.31756591796875,1784.0999755859375,93.55999755859375,15.489999771118164,1.6360000371932983
2021-10-21,425.2972717285156,366.5424499511719,1781.199951171875,93.7699966430664,15.010000228881836,1.6759999990463257
2021-10-22,424.85662841796875,363.4625549316406,1795.5,93.61000061035156,15.430000305175781,1.6549999713897705
2021-10-25,427.1350402832031,367.1837158203125,1806.0,93.80999755859375,15.239999771118164,1.6349999904632568
2021-10-26,427.51947021484375,368.33978271484375,1792.699951171875,93.94999694824219,15.979999542236328,1.61899995803833
2021-10-27,425.62542724609375,369.19476318359375,1797.9000244140625,93.86000061035156,16.979999542236328,1.5290000438690186
2021-10-28,429.73223876953125,373.2947692871094,1801.5999755859375,93.3499984741211,16.530000686645508,1.5679999589920044
2021-10-29,430.60430908203125,375.1310119628906,1783.0,94.12000274658203,16.260000228881836,1.5570000410079956
2021-11-01,431.3450012207031,376.4135437011719,1795.0999755859375,93.87999725341797,16.40999984741211,1.5750000476837158
2021-11-02,433.0889587402344,377.9874572753906,1788.699951171875,94.08999633789062,16.030000686645508,1.5490000247955322
2021-11-03,435.733154296875,382.00006103515625,1763.5999755859375,93.86000061035156,15.100000381469727,1.5789999961853027
2021-11-04,437.7864990234375,386.8967590332031,1793.0,94.3499984741211,15.4399995803833,1.5240000486373901
2021-11-05,439.305419921875,387.2659606933594,1816.4000244140625,94.31999969482422,16.479999542236328,1.4529999494552612
2021-11-08,439.680419921875,386.7413024902344,1827.4000244140625,94.05000305175781,17.219999313354492,1.496999979019165
2021-11-09,438.2271423339844,384.0791931152344,1830.199951171875,93.95999908447266,17.780000686645508,1.4320000410079956
2021-11-10,434.7017517089844,378.4343566894531,1847.5999755859375,94.8499984741211,18.729999542236328,1.559999942779541
2021-11-11,434.84234619140625,379.4836120605469,1863.199951171875,95.18000030517578,17.65999984741211,1.559999942779541
2021-11-12,438.12396240234375,383.4767761230469,1867.9000244140625,95.12999725341797,16.290000915527344,1.5820000171661377
2021-11-15,438.2740478515625,383.3893737792969,1866.0999755859375,95.41000366210938,16.489999771118164,1.6230000257492065
2021-11-16,440.0086364746094,386.11944580078125,1853.5999755859375,95.91999816894531,16.3700008392334,1.6339999437332153
2021-11-17,438.9397277832031,386.3235168457031,1869.699951171875,95.83000183105469,17.110000610351562,1.6039999723434448
2021-11-18,440.4305725097656,390.32635498046875,1861.0,95.54000091552734,17.59000015258789,1.5889999866485596
2021-11-19,439.64300537109375,392.5025939941406,1851.199951171875,96.06999969482422,17.90999984741211,1.5360000133514404
2021-11-22,438.4053039550781,387.94598388671875,1806.0,96.5,19.170000076293945,1.625
2021-11-23,438.9865417480469,386.1777648925781,1783.5,96.48999786376953,19.3799991607666,1.6670000553131104
2021-11-24,440.1586608886719,387.42138671875,1784.0999755859375,96.83999633789062,18.579999923706055,1.6449999809265137
2021-11-26,430.3417663574219,380.0763244628906,1785.300048828125,96.08999633789062,28.6200008392334,1.4819999933242798
2021-11-29,435.62054443359375,388.324951171875,1782.300048828125,96.33999633789062,22.959999084472656,1.5299999713897705
2021-11-30,427.1444091796875,382.62188720703125,1773.5999755859375,95.98999786376953,27.190000534057617,1.4429999589920044
2021-12-01,422.4000244140625,376.1123352050781,1781.5999755859375,96.05000305175781,31.1200008392334,1.434000015258789
2021-12-02,428.8697204589844,378.8230895996094,1760.699951171875,96.12999725341797,27.950000762939453,1.4479999542236328
2021-12-03,425.137939453125,372.2359619140625,1782.0,96.12000274658203,30.670000076293945,1.343000054359436
2021-12-06,430.1729431152344,375.2185363769531,1777.5,96.29000091552734,27.18000030517578,1.434000015258789
2021-12-07,439.071044921875,386.5177307128906,1782.5999755859375,96.37000274658203,21.889999389648438,1.4800000190734863
2021-12-08,440.233642578125,388.2471923828125,1783.4000244140625,95.88999938964844,19.899999618530273,1.5089999437332153
2021-12-09,437.26141357421875,382.53436279296875,1774.5999755859375,96.2699966430664,21.579999923706055,1.4869999885559082
2021-12-10,441.3775939941406,386.6927490234375,1782.9000244140625,96.05000305175781,18.690000534057617,1.4889999628067017
2021-12-13,437.46771240234375,381.106201171875,1786.300048828125,96.31999969482422,20.309999465942383,1.4240000247955322
2021-12-14,434.4578857421875,377.16168212890625,1770.4000244140625,96.56999969482422,21.889999389648438,1.437999963760376
2021-12-15,441.24639892578125,385.760009765625,1762.5999755859375,96.51000213623047,19.290000915527344,1.4630000591278076
2021-12-16,437.35516357421875,375.84033203125,1796.5999755859375,96.04000091552734,20.56999969482422,1.4220000505447388
2021-12-17,432.7004089355469,373.9651794433594,1803.800048828125,96.56999969482422,21.56999969482422,1.4019999504089355
2021-12-20,428.09930419921875,370.3376159667969,1793.699951171875,96.55000305175781,22.8700008392334,1.4190000295639038
2021-12-21,435.7019958496094,378.6258544921875,1787.9000244140625,96.48999786376953,21.010000228881836,1.4869999885559082
2021-12-22,440.0584411621094,383.2370300292969,1801.5999755859375,96.08000183105469,18.6299991607666,1.4570000171661377
2021-12-23,442.79656982421875,386.12628173828125,1811.199951171875,96.0199966430664,17.959999084472656,1.4930000305175781
2021-12-27,449.0630798339844,392.5079040527344,1808.0999755859375,96.08999633789062,17.68000030517578,1.4809999465942383
2021-12-28,448.696044921875,390.688720703125,1810.199951171875,96.19999694824219,17.540000915527344,1.4809999465942383
2021-12-29,449.27008056640625,390.6303405761719,1805.0999755859375,95.93000030517578,16.950000762939453,1.5429999828338623
2021-12-30,448.0281677246094,389.4629821777344,1812.699951171875,95.97000122070312,17.329999923706055,1.5149999856948853
2021-12-31,446.8989562988281,387.03094482421875,1827.5,95.66999816894531,17.219999313354492,1.5119999647140503
2022-01-03,449.4864196777344,390.7568359375,1799.4000244140625,96.23999786376953,16.600000381469727,1.628000020980835
2022-01-04,449.3359069824219,385.68853759765625,1814.0,96.29000091552734,16.90999984741211,1.6679999828338623
2022-01-05,440.7076721191406,373.8397521972656,1824.5999755859375,96.19000244140625,19.729999542236328,1.7050000429153442
2022-01-06,440.2936706542969,373.5770263671875,1788.699951171875,96.25,19.610000610351562,1.7330000400543213
2022-01-07,438.5530090332031,369.5301208496094,1797.0,95.73999786376953,18.760000228881836,1.7710000276565552
2022-01-10,438.0072937011719,369.77337646484375,1798.4000244140625,95.98999786376953,19.399999618530273,1.7799999713897705
2022-01-11,441.9967346191406,375.3280029296875,1818.5999755859375,95.62000274658203,18.40999984741211,1.746000051498413
2022-01-12,443.1916809082031,376.8164978027344,1827.199951171875,95.0,17.6200008392334,1.725000023841858
2022-01-13,437.0851745605469,367.3900146484375,1821.199951171875,94.79000091552734,20.309999465942383,1.7109999656677246
2022-01-14,437.2639465332031,369.6761779785156,1816.5,95.16999816894531,19.190000534057617,1.7719999551773071
2022-01-18,429.5201416015625,360.4732971191406,1812.300048828125,95.7300033569336,22.790000915527344,1.8650000095367432
2022-01-19,425.0602111816406,356.5140075683594,1843.0999755859375,95.51000213623047,23.850000381469727,1.8270000219345093
2022-01-20,420.3555908203125,351.8834228515625,1842.5,95.73999786376953,25.59000015258789,1.8329999446868896
2022-01-21,412.10369873046875,342.12628173828125,1831.800048828125,95.63999938964844,28.850000381469727,1.746999979019165
2022-01-24,413.8538818359375,343.69232177734375,1841.699951171875,95.91999816894531,29.899999618530273,1.7350000143051147
2022-01-25,408.80108642578125,335.7251281738281,1852.699951171875,95.94999694824219,31.15999984741211,1.7829999923706055
2022-01-26,407.7756042480469,335.1998596191406,1829.9000244140625,96.48999786376953,31.959999084472656,1.8480000495910645
2022-01-27,405.7619323730469,331.8241882324219,1793.300048828125,97.26000213623047,30.489999771118164,1.8070000410079956
2022-01-28,415.8392333984375,342.23321533203125,1784.9000244140625,97.2699966430664,27.65999984741211,1.781999945640564
2022-01-31,423.32891845703125,353.17718505859375,1795.0,96.54000091552734,24.829999923706055,1.781999945640564
2022-02-01,426.18927001953125,355.5801086425781,1800.300048828125,96.38999938964844,21.959999084472656,1.7999999523162842
2022-02-02,430.3293762207031,358.4693908691406,1809.199951171875,95.94000244140625,22.09000015258789,1.7660000324249268
2022-02-03,420.2145080566406,343.93560791015625,1803.0,95.37999725341797,24.350000381469727,1.8270000219345093
2022-02-04,422.1903991699219,348.2744445800781,1806.5999755859375,95.4800033569336,23.219999313354492,1.9299999475479126
2022-02-07,420.83544921875,345.4726867675781,1820.5999755859375,95.4000015258789,22.860000610351562,1.9160000085830688
2022-02-08,424.298095703125,349.3541564941406,1826.5999755859375,95.63999938964844,21.440000534057617,1.9539999961853027
2022-02-09,430.5081787109375,356.75726318359375,1835.199951171875,95.48999786376953,19.959999084472656,1.9290000200271606
2022-02-10,422.7737731933594,348.6828918457031,1836.199951171875,95.55000305175781,23.90999984741211,2.0309998989105225
2022-02-11,414.4372863769531,337.6221618652344,1840.800048828125,96.08000183105469,27.360000610351562,1.9550000429153442
2022-02-14,413.08233642578125,338.0404357910156,1868.0,96.37000274658203,28.329999923706055,1.996000051498413
2022-02-15,419.7440490722656,346.4455261230469,1854.800048828125,95.98999786376953,25.700000762939453,2.0450000762939453
2022-02-16,420.2145080566406,346.35791015625,1870.199951171875,95.69999694824219,24.290000915527344,2.046999931335449
2022-02-17,411.2381591796875,336.055908203125,1900.699951171875,95.80000305175781,28.110000610351562,1.972000002861023
2022-02-18,408.57525634765625,332.2230224609375,1898.5999755859375,96.04000091552734,27.75,1.9320000410079956
2022-02-22,404.19061279296875,328.8863830566406,1906.0999755859375,96.02999877929688,28.809999465942383,1.9479999542236328
2022-02-23,397.0208435058594,320.4619140625,1909.199951171875,96.19000244140625,31.020000457763672,1.9769999980926514
2022-02-24,402.99560546875,331.2307434082031,1925.0999755859375,97.13999938964844,30.31999969482422,1.968999981880188
2022-02-25,411.8873291015625,336.36712646484375,1886.5,96.62000274658203,27.59000015258789,1.9859999418258667
2022-02-28,410.83343505859375,337.3692321777344,1899.4000244140625,96.70999908447266,30.149999618530273,1.8389999866485596
2022-03-01,404.57635498046875,332.2035827636719,1942.4000244140625,97.41000366210938,33.31999969482422,1.7070000171661377
2022-03-02,412.0190734863281,337.7777404785156,1920.9000244140625,97.38999938964844,30.739999771118164,1.8650000095367432
2022-03-03,409.9678649902344,332.9526672363281,1934.4000244140625,97.79000091552734,30.479999542236328,1.843999981880188
2022-03-04,406.63702392578125,328.1274719238281,1965.0999755859375,98.6500015258789,31.979999542236328,1.7239999771118164
2022-03-07,394.64971923828125,316.02581787109375,1993.9000244140625,99.29000091552734,36.45000076293945,1.7510000467300415
2022-03-08,391.6575927734375,314.5569152832031,2040.0999755859375,99.05999755859375,35.130001068115234,1.871999979019165
2022-03-09,402.15826416015625,325.88037109375,1985.9000244140625,97.97000122070312,32.45000076293945,1.9479999542236328
2022-03-10,400.34222412109375,322.2615051269531,1998.0999755859375,98.51000213623047,30.229999542236328,2.010999917984009
2022-03-11,395.251953125,315.57830810546875,1982.699951171875,99.12000274658203,30.75,2.003999948501587
2022-03-14,392.3633117675781,309.5177307128906,1959.5999755859375,99.05999755859375,31.770000457763672,2.140000104904175
2022-03-15,400.99151611328125,319.2262878417969,1928.5,99.06999969482422,29.829999923706055,2.1600000858306885
2022-03-16,409.88311767578125,331.0653991699219,1908.0,98.37999725341797,26.670000076293945,2.187999963760376
2022-03-17,415.01116943359375,335.0733337402344,1942.0999755859375,98.01000213623047,25.670000076293945,2.191999912261963
2022-03-18,419.5567626953125,341.93157958984375,1928.199951171875,98.2300033569336,23.8700008392334,2.1480000019073486
2022-03-21,419.43402099609375,340.98101806640625,1928.5999755859375,98.5,23.530000686645508,2.315000057220459
2022-03-22,424.34197998046875,347.6822814941406,1920.699951171875,98.48999786376953,22.940000534057617,2.372999906539917
2022-03-23,418.8770751953125,342.6855163574219,1936.5999755859375,98.62000274658203,23.56999969482422,2.321000099182129
2022-03-24,425.19146728515625,350.3023376464844,1961.5999755859375,98.79000091552734,21.670000076293945,2.3410000801086426
2022-03-25,427.2679138183594,350.0101318359375,1953.800048828125,98.80999755859375,20.809999465942383,2.492000102996826
2022-03-28,430.3070983886719,355.4256286621094,1939.5999755859375,99.08999633789062,19.6299991607666,2.4769999980926514
2022-03-29,435.6303405761719,361.5422668457031,1912.0,98.4000015258789,18.899999618530273,2.4000000953674316
2022-03-30,432.9403991699219,357.5489196777344,1933.5,97.79000091552734,19.329999923706055,2.3580000400543213
2022-03-31,426.2768859863281,353.1171569824219,1949.199951171875,98.30999755859375,20.559999465942383,2.3269999027252197
2022-04-01,427.48492431640625,352.4450988769531,1919.0999755859375,98.62999725341797,19.6299991607666,2.377000093460083
2022-04-04,431.1471252441406,359.7013854980469,1929.199951171875,98.98999786376953,18.56999969482422,2.4119999408721924
2022-04-05,425.7011413574219,351.7146301269531,1922.9000244140625,99.47000122070312,21.030000686645508,2.555999994277954
2022-04-06,421.4443664550781,344.078369140625,1918.4000244140625,99.5999984741211,22.100000381469727,2.6089999675750732
2022-04-07,423.5680236816406,344.89654541015625,1933.800048828125,99.75,21.549999237060547,2.6519999504089355
2022-04-08,422.43548583984375,340.0752258300781,1941.5999755859375,99.80000305175781,21.15999984741211,2.7130000591278076
2022-04-11,415.2150573730469,332.0298767089844,1944.300048828125,99.93000030517578,24.3700008392334,2.7799999713897705
2022-04-12,413.67657470703125,330.6273193359375,1972.0999755859375,100.29000091552734,24.260000228881836,2.7249999046325684
2022-04-13,418.4147033691406,337.3480224609375,1981.0,99.87999725341797,21.81999969482422,2.687000036239624
2022-04-14,413.2047424316406,329.6338195800781,1970.9000244140625,100.31999969482422,22.700000762939453,2.828000068664551
2022-04-18,413.3745422363281,329.88714599609375,1982.9000244140625,100.77999877929688,22.170000076293945,2.861999988555908
2022-04-19,420.0474548339844,337.2602233886719,1955.699951171875,100.95999908447266,21.3700008392334,2.9130001068115234
2022-04-20,419.73602294921875,332.34161376953125,1952.300048828125,100.38999938964844,20.31999969482422,2.8399999141693115
2022-04-21,413.45953369140625,325.465087890625,1944.9000244140625,100.58000183105469,22.68000030517578,2.9170000553131104
2022-04-22,402.1145324707031,316.9425354003906,1931.0,101.22000122070312,28.209999084472656,2.9059998989105225
2022-04-25,404.44586181640625,321.0137634277344,1893.199951171875,101.75,27.020000457763672,2.8259999752044678
2022-04-26,392.7328186035156,308.897216796875,1901.4000244140625,102.30000305175781,33.52000045776367,2.7720000743865967
2022-04-27,393.8370361328125,308.52703857421875,1885.9000244140625,102.94999694824219,31.600000381469727,2.818000078201294
2022-04-28,403.78515625,319.48468017578125,1888.699951171875,103.62000274658203,29.989999771118164,2.86299991607666
2022-04-29,388.86297607421875,305.1082458496094,1909.300048828125,102.95999908447266,33.400001525878906,2.88700008392334
2022-05-02,391.2037353515625,310.20233154296875,1861.800048828125,103.73999786376953,32.34000015258789,2.996000051498413
2022-05-03,392.99700927734375,310.53350830078125,1868.800048828125,103.47000122070312,29.25,2.9600000381469727
2022-05-04,404.9649658203125,321.0332946777344,1867.0,102.58999633789062,25.420000076293945,2.9170000553131104
2022-05-05,390.5713195800781,304.8647766113281,1874.0,103.75,31.200000762939453,3.065999984741211
2022-05-06,388.239990234375,301.2122497558594,1881.199951171875,103.66000366210938,30.190000534057617,3.122999906539917
2022-05-09,375.8096923828125,289.4267578125,1857.0999755859375,103.6500015258789,34.75,3.0789999961853027
2022-05-10,376.677978515625,292.94293212890625,1839.9000244140625,103.91999816894531,32.9900016784668,2.993000030517578
2022-05-11,370.6940002441406,284.25482177734375,1852.5999755859375,103.8499984741211,32.560001373291016,2.9210000038146973
2022-05-12,370.3069763183594,283.58270263671875,1823.800048828125,104.8499984741211,31.770000457763672,2.816999912261963
2022-05-13,379.1602783203125,294.0922546386719,1807.4000244140625,104.55999755859375,28.8700008392334,2.934999942779541
2022-05-16,377.6219177246094,290.6831970214844,1813.5,104.19000244140625,27.469999313354492,2.877000093460083
2022-05-17,385.3896484375,298.2123718261719,1818.199951171875,103.36000061035156,26.100000381469727,2.9679999351501465
2022-05-18,369.85400390625,283.5729064941406,1815.9000244140625,103.80999755859375,30.959999084472656,2.885999917984009
2022-05-19,367.58880615234375,282.0534973144531,1841.199951171875,102.72000122070312,29.350000381469727,2.8550000190734863
2022-05-20,367.74920654296875,281.17681884765625,1841.800048828125,103.1500015258789,29.43000030517578,2.7869999408721924
2022-05-23,374.62982177734375,285.85211181640625,1847.800048828125,102.08000183105469,28.479999542236328,2.8589999675750732
2022-05-24,371.7699279785156,279.7742614746094,1865.0999755859375,101.86000061035156,29.450000762939453,2.759999990463257
2022-05-25,375.0545654296875,283.68988037109375,1846.199951171875,102.05999755859375,28.3700008392334,2.749000072479248
2022-05-26,382.5486145019531,291.54998779296875,1847.4000244140625,101.83000183105469,27.5,2.75600004196167
2022-05-27,391.9399108886719,301.066162109375,1851.300048828125,101.66999816894531,25.719999313354492,2.743000030517578
2022-05-31,389.7406921386719,300.2674255371094,1842.699951171875,101.75,26.190000534057617,2.8440001010894775
2022-06-01,386.5882568359375,298.0467224121094,1843.300048828125,102.55000305175781,25.690000534057617,2.930999994277954
2022-06-02,393.9502868652344,306.208984375,1866.5,101.7699966430664,24.719999313354492,2.9130001068115234
2022-06-03,387.4849853515625,298.2415466308594,1845.4000244140625,102.13999938964844,24.790000915527344,2.9570000171661377
2022-06-06,388.664794921875,299.2349853515625,1839.199951171875,102.44000244140625,25.06999969482422,3.0380001068115234
2022-06-07,392.3928527832031,301.816162109375,1847.5,102.31999969482422,24.020000457763672,2.9719998836517334
2022-06-08,388.1267395019531,299.6440734863281,1851.9000244140625,102.54000091552734,23.959999084472656,3.0290000438690186
2022-06-09,378.8960266113281,291.6182556152344,1848.800048828125,103.22000122070312,26.09000015258789,3.0439999103546143
2022-06-10,367.9096984863281,281.33270263671875,1871.5,104.1500015258789,27.75,3.1559998989105225
2022-06-13,353.9407958984375,268.2518005371094,1828.0,105.08000183105469,34.02000045776367,3.365999937057495
2022-06-14,352.8742980957031,268.73883056640625,1809.5,105.5199966430664,32.689998626708984,3.4830000400543213
2022-06-15,357.90496826171875,275.44970703125,1815.300048828125,105.16000366210938,29.6200008392334,3.3949999809265137
2022-06-16,346.0596923828125,264.33636474609375,1845.699951171875,103.62999725341797,32.95000076293945,3.306999921798706
2022-06-17,346.8057556152344,267.5505065917969,1835.5999755859375,104.69999694824219,31.1299991607666,3.239000082015991
2022-06-21,355.5361328125,274.3006896972656,1834.5999755859375,104.44000244140625,30.190000534057617,3.306999921798706
2022-06-22,354.89154052734375,273.900634765625,1834.300048828125,104.19999694824219,28.950000762939453,3.1559998989105225
2022-06-23,358.3703918457031,277.97979736328125,1825.699951171875,104.43000030517578,29.049999237060547,3.068000078201294
2022-06-24,369.7643127441406,287.50433349609375,1826.5,104.19000244140625,27.229999542236328,3.125
2022-06-27,368.3519592285156,285.3964538574219,1820.9000244140625,103.94000244140625,26.950000762939453,3.194000005722046
2022-06-28,360.825439453125,276.7013854980469,1817.5,104.51000213623047,28.360000610351562,3.2060000896453857
2022-06-29,360.5315856933594,276.955078125,1813.699951171875,105.11000061035156,28.15999984741211,3.0929999351501465
2022-06-30,357.6025695800781,273.5199890136719,1804.0999755859375,104.69000244140625,28.709999084472656,2.9719998836517334
2022-07-01,361.3847961425781,275.3254089355469,1798.9000244140625,105.13999938964844,26.700000762939453,2.8889999389648438
2022-07-05,362.0672607421875,280.03887939453125,1761.800048828125,106.5,27.540000915527344,2.809000015258789
2022-07-06,363.2900695800781,281.8345031738281,1734.9000244140625,107.0999984741211,26.729999542236328,2.9130001068115234
2022-07-07,368.7311096191406,287.8653869628906,1737.9000244140625,107.12999725341797,26.079999923706055,3.007999897003174
2022-07-08,368.4278259277344,288.22650146484375,1740.5999755859375,107.01000213623047,24.639999389648438,3.1010000705718994
2022-07-11,364.2190856933594,282.0686950683594,1730.0,108.0199966430664,26.170000076293945,2.990999937057495
2022-07-12,360.9960632324219,279.3362121582031,1723.300048828125,108.06999969482422,27.290000915527344,2.9579999446868896
2022-07-13,359.100341796875,278.7604064941406,1734.199951171875,107.95999908447266,26.81999969482422,2.9040000438690186
2022-07-14,358.2281188964844,279.7558288574219,1704.5,108.54000091552734,26.399999618530273,2.9600000381469727
2022-07-15,365.0721435546875,284.8304138183594,1702.4000244140625,108.05999755859375,24.229999542236328,2.930000066757202
2022-07-18,362.0577697753906,282.4199523925781,1709.199951171875,107.37000274658203,25.299999237060547,2.9600000381469727
2022-07-19,371.84027099609375,291.1053466796875,1710.0,106.68000030517578,24.5,3.0190000534057617
2022-07-20,374.2101135253906,295.7212219238281,1699.5,107.08000183105469,23.8799991607666,3.0360000133514404
2022-07-21,378.0207214355469,299.9662780761719,1712.699951171875,106.91000366210938,23.110000610351562,2.9100000858306885
2022-07-22,374.513427734375,294.7063903808594,1727.0999755859375,106.7300033569336,23.030000686645508,2.7829999923706055
2022-07-25,374.96844482421875,293.02783203125,1719.0,106.4800033569336,23.360000610351562,2.819999933242798
2022-07-26,370.5322265625,287.2701110839844,1717.699951171875,107.19000244140625,24.690000534057617,2.7869999408721924
2022-07-27,380.153564453125,299.41009521484375,1719.0999755859375,106.44999694824219,23.239999771118164,2.7339999675750732
2022-07-28,384.9216003417969,302.33770751953125,1750.300048828125,106.3499984741211,22.329999923706055,2.680999994277954
2022-07-29,390.5332336425781,307.8514709472656,1762.9000244140625,105.9000015258789,21.329999923706055,2.6419999599456787
2022-08-01,389.3767395019531,307.6660461425781,1769.0,105.44999694824219,22.84000015258789,2.6059999465942383
2022-08-02,386.8079833984375,306.7487487792969,1771.0999755859375,106.23999786376953,23.93000030517578,2.740999937057495
2022-08-03,392.8652038574219,315.1022644042969,1758.0,106.51000213623047,21.950000762939453,2.747999906539917
2022-08-04,392.59979248046875,316.57586669921875,1788.5,105.69000244140625,21.440000534057617,2.6760001182556152
2022-08-05,391.9361877441406,313.9897766113281,1772.9000244140625,106.62000274658203,21.149999618530273,2.8399999141693115
2022-08-08,391.4811706542969,312.9748229980469,1786.800048828125,106.44000244140625,21.290000915527344,2.765000104904175
2022-08-09,389.9266052246094,309.43243408203125,1794.0,106.37000274658203,21.770000457763672,2.796999931335449
2022-08-10,398.11663818359375,318.06890869140625,1795.5999755859375,105.19999694824219,19.739999771118164,2.7860000133514404
2022-08-11,398.11663818359375,316.2635803222656,1789.699951171875,105.08999633789062,20.200000762939453,2.888000011444092
2022-08-12,404.8563232421875,322.4213562011719,1798.5999755859375,105.62999725341797,19.530000686645508,2.8489999771118164
2022-08-15,406.524658203125,325.0270080566406,1781.4000244140625,106.55000305175781,19.950000762939453,2.7909998893737793
2022-08-16,407.3209228515625,324.2657470703125,1773.199951171875,106.5,19.690000534057617,2.8239998817443848
2022-08-17,404.42974853515625,320.5672302246094,1760.300048828125,106.56999969482422,19.899999618530273,2.8929998874664307
2022-08-18,405.6051940917969,321.3381652832031,1755.300048828125,107.4800033569336,19.559999465942383,2.880000114440918
2022-08-19,400.1546630859375,315.072998046875,1747.5999755859375,108.16999816894531,20.600000381469727,2.989000082015991
2022-08-22,391.82244873046875,306.7780456542969,1734.0,109.05000305175781,23.799999237060547,3.0369999408721924
2022-08-23,390.8745422363281,306.5242004394531,1746.800048828125,108.62000274658203,24.110000610351562,3.053999900817871
2022-08-24,392.1257019042969,307.412353515625,1747.800048828125,108.68000030517578,22.81999969482422,3.1059999465942383
2022-08-25,397.6616516113281,312.84796142578125,1757.699951171875,108.47000122070312,21.780000686645508,3.0260000228881836
2022-08-26,384.20111083984375,300.02490234375,1736.0999755859375,108.80000305175781,25.559999465942383,3.0350000858306885
2022-08-29,381.6607360839844,297.0679931640625,1736.5999755859375,108.83999633789062,26.209999084472656,3.109999895095825
2022-08-30,377.4709167480469,293.75970458984375,1723.199951171875,108.7699966430664,26.209999084472656,3.109999895095825
2022-08-31,374.5987548828125,292.0519714355469,1712.800048828125,108.69999694824219,25.8700008392334,3.132999897003174
2022-09-01,375.774169921875,292.1788024902344,1696.5999755859375,109.69000244140625,25.559999465942383,3.265000104904175
2022-09-02,371.81182861328125,288.0508117675781,1709.800048828125,109.52999877929688,25.469999313354492,3.193000078201294
2022-09-06,370.4089660644531,285.9819641113281,1700.4000244140625,110.20999908447266,26.90999984741211,3.3399999141693115
2022-09-07,377.0633239746094,291.7591552734375,1715.300048828125,109.83999633789062,24.639999389648438,3.265000104904175
2022-09-08,379.5279541015625,293.2718200683594,1708.0,109.70999908447266,23.610000610351562,3.2920000553131104
2022-09-09,385.42401123046875,299.683349609375,1716.199951171875,109.0,22.790000915527344,3.321000099182129
2022-09-12,389.56640625,303.2452697753906,1728.0999755859375,108.33000183105469,23.8700008392334,3.361999988555908
2022-09-13,372.6270751953125,286.6163330078125,1705.0,109.81999969482422,27.270000457763672,3.421999931335449
2022-09-14,374.0489501953125,288.8901062011719,1696.5,109.66000366210938,26.15999984741211,3.4119999408721924
2022-09-15,369.80224609375,284.0789794921875,1665.4000244140625,109.73999786376953,26.270000457763672,3.4590001106262207
2022-09-16,366.9810791015625,282.34197998046875,1671.699951171875,109.76000213623047,26.299999237060547,3.447999954223633
2022-09-19,369.8270263671875,284.5406188964844,1666.199951171875,109.73999786376953,25.760000228881836,3.490000009536743
2022-09-20,365.58197021484375,282.2725524902344,1659.699951171875,110.22000122070312,27.15999984741211,3.571000099182129
2022-09-21,359.2048034667969,277.2181396484375,1664.5999755859375,110.63999938964844,27.989999771118164,3.509999990463257
2022-09-22,356.1875915527344,273.80615234375,1670.800048828125,111.3499984741211,27.350000381469727,3.7079999446868896
2022-09-23,350.21966552734375,269.34814453125,1645.300048828125,113.19000244140625,29.920000076293945,3.697000026702881
2022-09-26,346.7550354003906,268.2337341308594,1623.300048828125,114.0999984741211,32.2599983215332,3.878000020980835
2022-09-27,345.8699035644531,268.3412780761719,1626.699951171875,114.11000061035156,32.599998474121094,3.9639999866485596
2022-09-28,352.67535400390625,273.6791076660156,1660.4000244140625,112.5999984741211,30.18000030517578,3.7049999237060547
2022-09-29,345.3083801269531,265.7895812988281,1658.5,112.25,31.84000015258789,3.746999979019165
2022-09-30,339.9685974121094,261.2827453613281,1662.4000244140625,112.12000274658203,31.6200008392334,3.803999900817871
2022-10-03,348.94427490234375,267.4124450683594,1692.9000244140625,111.75,30.100000381469727,3.6510000228881836
2022-10-04,359.75677490234375,275.8201599121094,1721.0999755859375,110.06999969482422,29.06999969482422,3.617000102996826
2022-10-05,358.919189453125,275.6734619140625,1711.4000244140625,111.06999969482422,28.549999237060547,3.759000062942505
2022-10-06,355.2167053222656,273.5031433105469,1711.699951171875,112.26000213623047,30.520000457763672,3.8259999752044678
2022-10-07,345.3083801269531,263.08160400390625,1700.5,112.80000305175781,31.360000610351562,3.882999897003174
2022-10-10,342.6717834472656,260.45172119140625,1667.300048828125,113.13999938964844,32.45000076293945,3.888000011444092
2022-10-11,340.5015869140625,256.87359619140625,1678.699951171875,113.22000122070312,33.630001068115234,3.938999891281128
2022-10-12,339.37847900390625,256.7856140136719,1670.300048828125,113.31999969482422,33.56999969482422,3.9019999504089355
2022-10-13,348.3350830078125,262.8077697753906,1670.0,112.36000061035156,31.940000534057617,3.9519999027252197
2022-10-14,340.39691162109375,254.908447265625,1641.699951171875,113.30999755859375,32.02000045776367,4.010000228881836
2022-10-17,349.1440734863281,263.3259582519531,1657.0,112.04000091552734,31.3700008392334,4.014999866485596
2022-10-18,353.2464599609375,265.4083251953125,1649.0,112.12999725341797,30.5,3.997999906539917
2022-10-19,350.7431640625,264.4404296875,1627.5,112.9800033569336,30.760000228881836,4.126999855041504
2022-10-20,347.80206298828125,263.09130859375,1630.800048828125,112.87999725341797,29.979999542236328,4.22599983215332
2022-10-21,356.2541809082031,269.2602233886719,1651.0,112.01000213623047,29.690000534057617,4.2129998207092285
2022-10-24,360.61346435546875,272.2224426269531,1648.699951171875,111.98999786376953,29.850000381469727,4.234000205993652
2022-10-25,366.3719787597656,277.8536071777344,1652.800048828125,110.94999694824219,28.459999084472656,4.107999801635742
2022-10-26,363.6116027832031,271.7140808105469,1664.0,109.69999694824219,27.280000686645508,4.014999866485596
2022-10-27,361.6699523925781,266.7672119140625,1660.699951171875,110.58999633789062,27.389999389648438,3.937000036239624
2022-10-28,370.27435302734375,274.93048095703125,1639.5999755859375,110.66999816894531,25.75,4.010000228881836
2022-10-31,367.59979248046875,271.733642578125,1635.9000244140625,111.52999877929688,25.8799991607666,4.077000141143799
2022-11-01,365.99114990234375,268.9571228027344,1645.0,111.4800033569336,25.809999465942383,4.052000045776367
2022-11-02,356.80621337890625,259.7380065917969,1645.699951171875,111.3499984741211,25.860000610351562,4.059000015258789
2022-11-03,353.1322937011719,254.66407775878906,1627.300048828125,112.93000030517578,25.299999237060547,4.124000072479248
2022-11-04,358.2149353027344,258.7603759765625,1672.5,110.87999725341797,24.549999237060547,4.156000137329102
2022-11-07,361.64141845703125,261.60528564453125,1676.5,110.12000274658203,24.350000381469727,4.214000225067139
2022-11-08,363.5926208496094,263.5117492675781,1712.0999755859375,109.62000274658203,25.540000915527344,4.125999927520752
2022-11-09,356.1018981933594,257.4308166503906,1710.0999755859375,110.55000305175781,26.09000015258789,4.151000022888184
2022-11-10,375.6711120605469,276.42620849609375,1750.300048828125,108.20999908447266,23.530000686645508,3.8289999961853027
2022-11-11,379.30706787109375,281.51983642578125,1766.0,106.29000091552734,22.520000457763672,3.812999963760376
2022-11-14,376.0804748535156,279.0561218261719,1773.5999755859375,106.66000366210938,23.729999542236328,3.865000009536743
2022-11-15,379.28802490234375,282.9178161621094,1773.800048828125,106.4000015258789,24.540000915527344,3.7990000247955322
2022-11-16,376.39453125,279.0561218261719,1773.0,106.27999877929688,24.110000610351562,3.691999912261963
2022-11-17,375.2428283691406,278.4402160644531,1760.800048828125,106.69000244140625,23.93000030517578,3.7750000953674316
2022-11-18,376.9465637207031,278.449951171875,1751.9000244140625,106.93000030517578,23.1200008392334,3.818000078201294
2022-11-21,375.57598876953125,275.58551025390625,1737.4000244140625,107.83999633789062,22.360000610351562,3.825000047683716
2022-11-22,380.63006591796875,279.5546875,1738.300048828125,107.22000122070312,21.290000915527344,3.757999897003174
2022-11-23,383.0286560058594,282.3605041503906,1744.9000244140625,106.08000183105469,20.350000381469727,3.7060000896453857
2022-11-25,382.9429626464844,280.5030517578125,1753.300048828125,105.95999908447266,20.5,3.690999984741211
2022-11-28,376.83233642578125,276.38720703125,1740.0999755859375,106.68000030517578,22.209999084472656,3.703000068664551
2022-11-29,376.18505859375,274.2950134277344,1748.4000244140625,106.81999969482422,21.889999389648438,3.747999906539917
2022-11-30,388.03515625,286.7989501953125,1746.0,105.94999694824219,20.579999923706055,3.703000068664551
2022-12-01,387.7496643066406,287.15087890625,1801.0999755859375,104.7300033569336,19.84000015258789,3.5290000438690186
2022-12-02,387.3022766113281,286.007080078125,1795.9000244140625,104.55000305175781,19.059999465942383,3.50600004196167
2022-12-05,380.3350524902344,281.2069091796875,1767.4000244140625,105.29000091552734,20.75,3.5989999771118164
2022-12-06,374.8525695800781,275.38018798828125,1769.300048828125,105.58000183105469,22.170000076293945,3.513000011444092
2022-12-07,374.21484375,274.25592041015625,1785.5,105.0999984741211,22.68000030517578,3.4079999923706055
2022-12-08,377.146484375,277.501708984375,1788.699951171875,104.7699966430664,22.290000915527344,3.490999937057495
2022-12-09,374.3291015625,275.73211669921875,1798.0999755859375,104.80999755859375,22.829999923706055,3.566999912261963
2022-12-12,379.7258605957031,279.1929931640625,1780.5,105.12999725341797,25.0,3.6110000610351562
2022-12-13,382.6003112792969,282.1943359375,1813.9000244140625,103.9800033569336,22.549999237060547,3.500999927520752
2022-12-14,380.1542053222656,280.1021728515625,1807.5,103.7699966430664,21.139999389648438,3.503000020980835
2022-12-15,370.8549499511719,270.6973571777344,1777.199951171875,104.55999755859375,22.829999923706055,3.450000047683716
2022-12-16,366.47662353515625,268.1163635253906,1790.0,104.69999694824219,22.6200008392334,3.4820001125335693
2022-12-19,363.3689880371094,264.348388671875,1787.699951171875,104.72000122070312,22.420000076293945,3.5810000896453857
2022-12-20,363.8661804199219,264.1426086425781,1815.9000244140625,103.97000122070312,21.479999542236328,3.684000015258789
2022-12-21,369.3069763183594,267.97430419921875,1815.9000244140625,104.16000366210938,20.06999969482422,3.684000015258789
2022-12-22,364.038330078125,261.41827392578125,1787.0,104.43000030517578,21.969999313354492,3.6689999103546143
2022-12-23,366.1324157714844,262.0062255859375,1795.9000244140625,104.30999755859375,20.8700008392334,3.750999927520752
2022-12-27,364.6885070800781,258.3019104003906,1814.800048828125,104.18000030517578,21.649999618530273,3.859999895095825
2022-12-28,360.1562194824219,254.89161682128906,1807.9000244140625,104.45999908447266,22.139999389648438,3.88700008392334
2022-12-29,366.6391296386719,261.10467529296875,1819.5,103.83999633789062,21.440000534057617,3.8350000381469727
2022-12-30,365.67340087890625,260.9478454589844,1819.699951171875,103.5199966430664,21.670000076293945,3.878999948501587
2023-01-03,364.1339416503906,259.1838684082031,1839.699951171875,104.5199966430664,22.899999618530273,3.7929999828338623
2023-01-04,366.9451599121094,260.4186096191406,1852.800048828125,104.25,22.010000228881836,3.7090001106262207
2023-01-05,362.7570495605469,256.3420104980469,1834.800048828125,105.04000091552734,22.459999084472656,3.7200000286102295
2023-01-06,371.0758056640625,263.4173889160156,1864.199951171875,103.87999725341797,21.1299991607666,3.569000005722046
2023-01-09,370.865478515625,265.12255859375,1872.699951171875,103.0,21.969999313354492,3.5169999599456787
2023-01-10,373.46630859375,267.36669921875,1871.5999755859375,103.23999786376953,20.579999923706055,3.621000051498413
2023-01-11,378.1898498535156,271.9921875,1874.5999755859375,103.19000244140625,21.09000015258789,3.553999900817871
2023-01-12,379.5667724609375,273.46209716796875,1895.5,102.25,18.829999923706055,3.4489998817443848
2023-01-13,381.039306640625,275.3437194824219,1918.4000244140625,102.19999694824219,18.350000381469727,3.510999917984009
2023-01-17,380.3412170410156,275.9022521972656,1907.199951171875,102.38999938964844,19.360000610351562,3.5350000858306885
2023-01-18,374.3364562988281,272.3155822753906,1904.4000244140625,102.36000061035156,20.34000015258789,3.375
2023-01-19,371.6112976074219,269.6402587890625,1922.0999755859375,102.05999755859375,20.520000457763672,3.3970000743865967
2023-01-20,378.53411865234375,277.0194396972656,1926.4000244140625,102.01000213623047,19.850000381469727,3.4839999675750732
2023-01-23,383.0760192871094,283.1737060546875,1927.0999755859375,102.13999938964844,19.809999465942383,3.5250000953674316
2023-01-24,382.664794921875,282.59552001953125,1933.9000244140625,101.91999816894531,19.200000762939453,3.4690001010894775
2023-01-25,382.8082275390625,281.96832275390625,1941.199951171875,101.63999938964844,19.079999923706055,3.4619998931884766
2023-01-26,387.0154724121094,287.466064453125,1929.0999755859375,101.83999633789062,18.729999542236328,3.493000030517578
2023-01-27,387.9046936035156,290.32757568359375,1928.5999755859375,101.93000030517578,18.510000228881836,3.5179998874664307
2023-01-30,383.0377502441406,284.4574890136719,1922.9000244140625,102.27999877929688,19.940000534057617,3.5510001182556152
2023-01-31,388.6696472167969,288.7203369140625,1929.5,102.0999984741211,19.399999618530273,3.5290000438690186
2023-02-01,392.8003234863281,294.89422607421875,1927.800048828125,101.22000122070312,17.8700008392334,3.3970000743865967
2023-02-02,398.51837158203125,305.47796630859375,1916.300048828125,101.75,18.729999542236328,3.3959999084472656
2023-02-03,394.282470703125,300.04888916015625,1862.9000244140625,102.91999816894531,18.329999923706055,3.5320000648498535
2023-02-06,391.8728332519531,297.5107116699219,1866.199951171875,103.62000274658203,19.43000030517578,3.634000062942505
2023-02-07,396.99798583984375,303.6748352050781,1871.699951171875,103.43000030517578,18.65999984741211,3.6740000247955322
2023-02-08,392.656982421875,298.2751159667969,1877.4000244140625,103.41000366210938,19.6299991607666,3.6530001163482666
2023-02-09,389.2529296875,295.6390380859375,1866.199951171875,103.22000122070312,20.709999084472656,3.683000087738037
2023-02-10,390.1612548828125,293.6986389160156,1862.800048828125,103.62999725341797,20.530000686645508,3.74399995803833
2023-02-13,394.7414245605469,298.4024963378906,1851.9000244140625,103.3499984741211,20.34000015258789,3.7170000076293945
2023-02-14,394.5597229003906,300.607421875,1854.0,103.2300033569336,18.90999984741211,3.760999917984009
2023-02-15,395.84100341796875,302.9104309082031,1834.199951171875,103.91999816894531,18.229999542236328,3.809000015258789
2023-02-16,390.39080810546875,297.2265319824219,1842.0,103.86000061035156,20.170000076293945,3.8429999351501465
2023-02-17,389.41546630859375,295.12933349609375,1840.4000244140625,103.86000061035156,20.020000457763672,3.828000068664551
2023-02-21,381.60345458984375,288.14215087890625,1833.0,104.18000030517578,22.8700008392334,3.9549999237060547
2023-02-22,381.0776062011719,288.35772705078125,1832.0,104.58999633789062,22.290000915527344,3.9230000972747803
2023-02-23,383.1046447753906,290.8763122558594,1818.0,104.5999984741211,21.139999389648438,3.878999948501587
2023-02-24,379.0121765136719,286.0058288574219,1808.800048828125,105.20999908447266,21.670000076293945,3.9489998817443848
2023-02-27,380.3031005859375,288.053955078125,1817.0,104.66999816894531,20.950000762939453,3.921999931335449
2023-02-28,378.8974304199219,287.6815490722656,1828.9000244140625,104.87000274658203,20.700000762939453,3.9159998893737793
2023-03-01,377.4440002441406,285.36883544921875,1837.699951171875,104.4800033569336,20.579999923706055,3.99399995803833
2023-03-02,380.3795471191406,287.7305603027344,1833.5,105.02999877929688,19.59000015258789,4.072999954223633
2023-03-03,386.47991943359375,293.6790466308594,1847.699951171875,104.5199966430664,18.489999771118164,3.9639999866485596
2023-03-06,386.7477111816406,294.01220703125,1847.9000244140625,104.3499984741211,18.610000610351562,3.9830000400543213
2023-03-07,380.81939697265625,290.40594482421875,1813.9000244140625,105.62000274658203,19.59000015258789,3.9749999046325684
2023-03-08,381.4409484863281,291.85626220703125,1812.699951171875,105.66000366210938,19.110000610351562,3.9760000705718994
2023-03-09,374.40338134765625,286.7995910644531,1829.300048828125,105.30999755859375,22.610000610351562,3.924999952316284
2023-03-10,369.0009765625,282.77191162109375,1862.0,104.58000183105469,24.799999237060547,3.694999933242798
2023-03-13,368.4750671386719,284.8690490722656,1911.699951171875,103.5999984741211,26.520000457763672,3.515000104904175
2023-03-14,374.56591796875,291.4152526855469,1906.199951171875,103.5999984741211,23.729999542236328,3.638000011444092
2023-03-15,372.2232666015625,292.94403076171875,1926.5999755859375,104.6500015258789,26.139999389648438,3.492000102996826
2023-03-16,378.7539978027344,300.6662902832031,1919.0,104.41999816894531,22.989999771118164,3.5850000381469727
2023-03-17,374.3253479003906,299.2452697753906,1969.800048828125,103.70999908447266,25.510000228881836,3.3949999809265137
2023-03-20,377.92474365234375,300.3073425292969,1979.199951171875,103.27999877929688,24.149999618530273,3.4809999465942383
2023-03-21,382.8870849609375,304.5963439941406,1938.0,103.26000213623047,21.3799991607666,3.6059999465942383
2023-03-22,376.36016845703125,300.45452880859375,1946.800048828125,102.3499984741211,22.260000228881836,3.5
2023-03-23,377.3776550292969,304.0173034667969,1993.800048828125,102.52999877929688,22.610000610351562,3.4059998989105225
2023-03-24,379.8540344238281,305.1363220214844,1982.0999755859375,103.12000274658203,21.739999771118164,3.380000114440918
2023-03-27,380.56427001953125,303.04571533203125,1952.4000244140625,102.86000061035156,20.600000381469727,3.5280001163482666
2023-03-28,379.71002197265625,301.43603515625,1972.4000244140625,102.43000030517578,19.969999313354492,3.563999891281128
2023-03-29,385.2291259765625,306.9323425292969,1966.0999755859375,102.63999938964844,19.1200008392334,3.565999984741211
2023-03-30,387.4846496582031,309.8375244140625,1980.300048828125,102.13999938964844,19.020000457763672,3.5510001182556152
2023-03-31,392.9461364746094,314.9903869628906,1969.0,102.51000213623047,18.700000762939453,3.49399995803833
2023-04-03,394.44342041015625,314.2248840332031,1983.9000244140625,102.08999633789062,18.549999237060547,3.430000066757202
2023-04-04,392.25506591796875,313.164794921875,2022.199951171875,101.58999633789062,19.0,3.3369998931884766
2023-04-05,391.2280578613281,310.0731506347656,2020.9000244140625,101.8499984741211,19.079999923706055,3.2869999408721924
2023-04-06,392.7541198730469,312.1636962890625,2011.9000244140625,101.81999969482422,18.399999618530273,3.2880001068115234
2023-04-10,393.1572265625,311.9870910644531,1989.0999755859375,102.58000183105469,18.969999313354492,3.4149999618530273
2023-04-11,393.2628173828125,309.9847717285156,2004.800048828125,102.19999694824219,19.100000381469727,3.434000015258789
2023-04-12,391.659912109375,307.2464294433594,2010.9000244140625,101.5,19.09000015258789,3.4210000038146973
2023-04-13,396.86224365234375,313.26300048828125,2041.300048828125,101.01000213623047,17.799999237060547,3.4519999027252197
2023-04-14,395.892822265625,312.674072265625,2002.199951171875,101.55000305175781,17.06999969482422,3.5220000743865967
2023-04-17,397.3133544921875,312.93902587890625,1994.199951171875,102.0999984741211,16.950000762939453,3.5910000801086426
2023-04-18,397.5725402832031,312.95867919921875,2007.4000244140625,101.75,16.829999923706055,3.572000026702881
2023-04-19,397.50537109375,312.8114318847656,1995.199951171875,101.97000122070312,16.459999084472656,3.6019999980926514
2023-04-20,395.33612060546875,310.4264831542969,2007.5999755859375,101.83999633789062,17.170000076293945,3.5450000762939453
2023-04-21,395.6431884765625,310.75042724609375,1979.5,101.81999969482422,16.770000457763672,3.569999933242798
2023-04-24,396.05596923828125,310.1025695800781,1989.0999755859375,101.3499984741211,16.889999389648438,3.515000104904175
2023-04-25,389.76904296875,304.25286865234375,1994.0,101.86000061035156,18.760000228881836,3.3959999084472656
2023-04-26,388.1181640625,306.0980529785156,1985.699951171875,101.47000122070312,18.84000015258789,3.431999921798706
2023-04-27,395.8448181152344,314.4211730957031,1989.9000244140625,101.5,17.030000686645508,3.5280001163482666
2023-04-28,399.22344970703125,316.5902099609375,1990.0999755859375,101.66999816894531,15.779999732971191,3.4519999027252197
2023-05-01,398.8203430175781,316.2271423339844,1983.4000244140625,102.1500015258789,16.079999923706055,3.5739998817443848
2023-05-02,394.337890625,313.4691162109375,2014.300048828125,101.95999908447266,17.780000686645508,3.438999891281128
2023-05-03,391.63116455078125,311.4178161621094,2028.5999755859375,101.33999633789062,18.34000015258789,3.4030001163482666
2023-05-04,388.85723876953125,310.31854248046875,2048.0,101.4000015258789,20.09000015258789,3.3510000705718994
2023-05-05,396.05596923828125,316.91412353515625,2017.4000244140625,101.20999908447266,17.190000534057617,3.446000099182129
2023-05-08,396.1615295410156,317.6993408203125,2026.300048828125,101.37000274658203,16.979999542236328,3.5209999084472656
2023-05-09,394.42425537109375,315.68731689453125,2036.199951171875,101.63999938964844,17.709999084472656,3.5209999084472656
2023-05-10,396.26708984375,319.12249755859375,2030.5,101.4800033569336,16.940000534057617,3.438999891281128
2023-05-11,395.5760498046875,320.1628723144531,2014.699951171875,102.05999755859375,16.93000030517578,3.3970000743865967
2023-05-12,395.0577087402344,319.0144958496094,2014.5,102.68000030517578,17.030000686645508,3.4630000591278076
2023-05-15,396.4206848144531,320.741943359375,2018.0,102.43000030517578,17.1200008392334,3.507999897003174
2023-05-16,393.77154541015625,321.1050720214844,1988.4000244140625,102.55999755859375,17.989999771118164,3.5490000247955322
2023-05-17,398.5516052246094,324.9918212890625,1980.699951171875,102.87999725341797,16.8700008392334,3.5810000896453857
2023-05-18,402.390869140625,331.0279541015625,1956.5,103.58000183105469,16.049999237060547,3.6480000019073486
2023-05-19,401.8053894042969,330.2820739746094,1978.699951171875,103.19999694824219,16.809999465942383,3.691999912261963
2023-05-22,401.96856689453125,331.3911437988281,1974.800048828125,103.19999694824219,17.209999084472656,3.7190001010894775
2023-05-23,397.4573669433594,327.1903381347656,1972.4000244140625,103.48999786376953,18.530000686645508,3.697999954223633
2023-05-24,394.5778503417969,325.511962890625,1962.800048828125,103.88999938964844,20.030000686645508,3.7190001010894775
2023-05-25,397.9947814941406,333.4326477050781,1943.0999755859375,104.20999908447266,19.139999389648438,3.813999891281128
2023-05-26,403.149169921875,341.9520263671875,1944.0999755859375,104.20999908447266,17.950000762939453,3.809999942779541
2023-05-30,403.30267333984375,343.5027770996094,1958.0,104.16999816894531,17.459999084472656,3.700000047683716
2023-05-31,401.0663146972656,341.549560546875,1963.9000244140625,104.31999969482422,17.940000534057617,3.63700008392334
2023-06-01,404.8768615722656,345.4952087402344,1978.0,103.55999755859375,15.649999618530273,3.6080000400543213
2023-06-02,410.7318420410156,348.0863037109375,1952.4000244140625,104.0199966430664,14.600000381469727,3.690999984741211
2023-06-05,409.9447326660156,348.3316345214844,1958.0,104.0,14.729999542236328,3.693000078201294
2023-06-06,410.83740234375,348.2728271484375,1965.5,104.12999725341797,13.960000038146973,3.6989998817443848
2023-06-07,409.4168395996094,342.3642578125,1942.699951171875,104.0999984741211,13.9399995803833,3.7839999198913574
2023-06-08,411.8932189941406,346.61407470703125,1963.5999755859375,103.33999633789062,13.649999618530273,3.7139999866485596
2023-06-09,412.63226318359375,347.9390563964844,1962.199951171875,103.55999755859375,13.829999923706055,3.744999885559082
2023-06-12,416.3755798339844,353.8182678222656,1955.300048828125,103.62999725341797,15.010000228881836,3.765000104904175
2023-06-13,419.120849609375,356.53704833984375,1944.5999755859375,103.33999633789062,14.609999656677246,3.8389999866485596
2023-06-14,419.619873046875,359.12811279296875,1955.300048828125,103.01000213623047,13.880000114440918,3.7960000038146973
2023-06-15,424.8221740722656,363.40740966796875,1957.800048828125,102.12000274658203,14.5,3.7279999256134033
2023-06-16,423.3751525878906,361.1204833984375,1958.4000244140625,102.30000305175781,13.539999961853027,3.7690000534057617
2023-06-20,421.1785888671875,360.60357666015625,1935.5,102.54000091552734,13.880000114440918,3.7290000915527344
2023-06-21,419.0205993652344,355.68939208984375,1933.300048828125,102.06999969482422,13.199999809265137,3.7230000495910645
2023-06-22,420.5331115722656,359.8861083984375,1912.699951171875,102.38999938964844,12.90999984741211,3.7990000247955322
2023-06-23,417.35394287109375,356.3184509277344,1919.0999755859375,102.9000015258789,13.4399995803833,3.739000082015991
2023-06-26,415.6486511230469,351.54180908203125,1923.699951171875,102.69000244140625,14.25,3.7190001010894775
2023-06-27,420.20556640625,357.5862121582031,1914.0,102.48999786376953,13.739999771118164,3.7679998874664307
2023-06-28,420.41754150390625,358.2840881347656,1912.300048828125,102.91000366210938,13.430000305175781,3.7100000381469727
2023-06-29,422.0745544433594,357.56658935546875,1909.199951171875,103.33999633789062,13.539999961853027,3.8540000915527344
2023-06-30,427.0553283691406,363.0803527832031,1921.0999755859375,102.91000366210938,13.59000015258789,3.819000005722046
2023-07-03,427.546630859375,363.9353942871094,1921.699951171875,102.98999786376953,13.569999694824219,3.8580000400543213
2023-07-05,426.91082763671875,363.92559814453125,1919.5999755859375,103.37000274658203,14.180000305175781,3.944999933242798
2023-07-06,423.56787109375,361.1540222167969,1908.699951171875,103.16999816894531,15.4399995803833,4.040999889373779
2023-07-07,422.4984130859375,359.9549255371094,1926.199951171875,102.2699966430664,14.829999923706055,4.050000190734863
2023-07-10,423.56787109375,360.07281494140625,1925.0,101.97000122070312,15.069999694824219,4.00600004196167
2023-07-11,426.2653503417969,361.851806640625,1931.300048828125,101.7300033569336,14.84000015258789,3.9800000190734863
2023-07-12,429.6950378417969,366.42193603515625,1956.199951171875,100.5199966430664,13.539999961853027,3.8610000610351562
2023-07-13,433.1054992675781,372.64337158203125,1959.199951171875,99.7699966430664,13.609999656677246,3.760999917984009
2023-07-14,432.83575439453125,372.5646667480469,1960.0999755859375,99.91000366210938,13.34000015258789,3.819000005722046
2023-07-17,434.3385925292969,376.0439453125,1952.4000244140625,99.83999633789062,13.479999542236328,3.796999931335449
2023-07-18,437.5660400390625,379.1202392578125,1977.199951171875,99.94000244140625,13.300000190734863,3.7890000343322754
2023-07-19,438.5390625,379.0318298339844,1977.5,100.27999877929688,13.760000228881836,3.742000102996826
2023-07-20,435.6296081542969,370.29437255859375,1968.300048828125,100.87999725341797,13.989999771118164,3.8540000915527344
2023-07-21,435.6296081542969,369.1837158203125,1964.300048828125,101.06999969482422,13.600000381469727,3.8369998931884766
2023-07-24,437.5757141113281,369.7735290527344,1960.300048828125,101.3499984741211,13.90999984741211,3.8570001125335693
2023-07-25,438.770263671875,372.27972412109375,1962.0999755859375,101.3499984741211,13.859999656677246,3.9119999408721924
2023-07-26,438.83770751953125,371.0413513183594,1968.9000244140625,100.88999938964844,13.1899995803833,3.8510000705718994
2023-07-27,435.9282531738281,370.15679931640625,1945.4000244140625,101.7699966430664,14.40999984741211,4.01200008392334
2023-07-28,440.1961669921875,376.8990478515625,1960.4000244140625,101.62000274658203,13.329999923706055,3.9690001010894775
2023-07-31,441.0342712402344,377.0956115722656,1970.5,101.86000061035156,13.630000114440918,3.9590001106262207
2023-08-01,439.7721862792969,376.2209167480469,1940.699951171875,102.30000305175781,13.930000305175781,4.051000118255615
2023-08-02,433.6546325683594,367.9650573730469,1937.4000244140625,102.58999633789062,16.09000015258789,4.078000068664551
2023-08-03,432.41180419921875,367.37530517578125,1932.0,102.54000091552734,15.920000076293945,4.189000129699707
2023-08-04,430.45611572265625,365.6553955078125,1939.5999755859375,102.0199966430664,17.100000381469727,4.059999942779541
2023-08-07,434.21337890625,368.7513122558594,1933.5,102.05000305175781,15.770000457763672,4.078000068664551
2023-08-08,432.3251037597656,365.6159973144531,1924.0999755859375,102.52999877929688,15.989999771118164,4.026000022888184
2023-08-09,429.4349670410156,361.59625244140625,1915.4000244140625,102.48999786376953,15.960000038146973,4.01200008392334
2023-08-10,429.58905029296875,362.2645263671875,1914.4000244140625,102.5199966430664,15.850000381469727,4.079999923706055
2023-08-11,429.3385925292969,359.9549255371094,1912.9000244140625,102.83999633789062,14.84000015258789,4.168000221252441
2023-08-14,431.7085266113281,363.9944152832031,1910.5999755859375,103.19000244140625,14.819999694824219,4.184000015258789
2023-08-15,426.67962646484375,360.1318359375,1902.5,103.20999908447266,16.459999084472656,4.2210001945495605
2023-08-16,423.5485534667969,356.3184509277344,1896.0999755859375,103.41999816894531,16.780000686645508,4.257999897003174
2023-08-17,420.32122802734375,352.4263000488281,1884.0999755859375,103.44000244140625,17.889999389648438,4.308000087738037
2023-08-18,420.5234680175781,351.9841003417969,1886.0999755859375,103.37999725341797,17.299999237060547,4.250999927520752
2023-08-21,423.259521484375,357.6549987792969,1893.300048828125,103.33000183105469,17.1299991607666,4.3420000076293945
2023-08-22,422.11309814453125,357.14404296875,1896.4000244140625,103.55999755859375,16.969999313354492,4.328000068664551
2023-08-23,426.8145446777344,362.7756652832031,1918.5,103.36000061035156,15.979999542236328,4.197999954223633
2023-08-24,420.89923095703125,355.02099609375,1918.199951171875,103.9800033569336,17.200000762939453,4.235000133514404
2023-08-25,423.866455078125,357.7729797363281,1911.0999755859375,104.08000183105469,15.680000305175781,4.238999843597412
2023-08-28,426.5543518066406,360.4659729003906,1917.9000244140625,104.05999755859375,15.079999923706055,4.211999893188477
2023-08-29,432.7200927734375,368.33856201171875,1936.5,103.55000305175781,14.449999809265137,4.122000217437744
2023-08-30,434.50250244140625,370.3926696777344,1944.300048828125,103.16000366210938,13.880000114440918,4.118000030517578
2023-08-31,433.8665466308594,371.5032043457031,1938.199951171875,103.62000274658203,13.569999694824219,4.0929999351501465
2023-09-01,434.6758117675781,371.1100769042969,1939.800048828125,104.23999786376953,13.09000015258789,4.172999858856201
2023-09-05,432.79718017578125,371.5819091796875,1926.199951171875,104.80999755859375,14.010000228881836,4.26800012588501
2023-09-06,429.8877258300781,368.30902099609375,1918.0999755859375,104.86000061035156,14.449999809265137,4.289999961853027
2023-09-07,428.5679016113281,365.6750793457031,1917.5,105.05999755859375,14.399999618530273,4.260000228881836
2023-09-08,429.21331787109375,366.1860656738281,1918.4000244140625,105.08999633789062,13.84000015258789,4.257999897003174
2023-09-11,432.0361022949219,370.500732421875,1923.300048828125,104.56999969482422,13.800000190734863,4.288000106811523
2023-09-12,429.6661376953125,366.392578125,1911.300048828125,104.70999908447266,14.229999542236328,4.263999938964844
2023-09-13,430.16705322265625,367.7881164550781,1909.0999755859375,104.7699966430664,13.479999542236328,4.249000072479248
2023-09-14,433.8761901855469,370.7956237792969,1910.0,105.41000366210938,12.819999694824219,4.288000106811523
2023-09-15,428.6487731933594,364.4464416503906,1923.699951171875,105.31999969482422,13.789999961853027,4.322000026702881
2023-09-18,428.90008544921875,364.8263854980469,1931.5,105.19999694824219,14.0,4.318999767303467
2023-09-19,428.0106506347656,364.0488586425781,1932.0,105.19999694824219,14.109999656677246,4.364999771118164
2023-09-20,424.07574462890625,358.802734375,1945.5999755859375,105.16000366210938,15.140000343322754,4.348999977111816
2023-09-21,417.0665588378906,352.2279052734375,1919.199951171875,105.36000061035156,17.540000915527344,4.480000019073486
2023-09-22,416.1287536621094,352.277099609375,1925.4000244140625,105.58000183105469,17.200000762939453,4.438000202178955
2023-09-25,417.87860107421875,353.9502868652344,1916.5999755859375,106.0,16.899999618530273,4.541999816894531
2023-09-26,411.7394714355469,348.63519287109375,1900.4000244140625,106.2300033569336,18.940000534057617,4.558000087738037
2023-09-27,411.90380859375,349.45220947265625,1871.5999755859375,106.66999816894531,18.219999313354492,4.625999927520752
2023-09-28,414.2918395996094,352.37548828125,1860.4000244140625,106.22000122070312,17.34000015258789,4.5970001220703125
2023-09-29,413.28631591796875,352.63140869140625,1848.0999755859375,106.16999816894531,17.520000457763672,4.572999954223633
2023-10-02,413.1219787597656,355.5743408203125,1830.0,106.9000015258789,17.610000610351562,4.683000087738037
2023-10-03,407.5919189453125,349.3341369628906,1824.5999755859375,107.0,19.780000686645508,4.802000045776367
2023-10-04,410.5599060058594,354.0881042480469,1818.5,106.80000305175781,18.579999923706055,4.735000133514404
2023-10-05,410.4053039550781,353.04473876953125,1816.5999755859375,106.33000183105469,18.489999771118164,4.7170000076293945
2023-10-06,415.2779235839844,358.9601745605469,1830.199951171875,106.04000091552734,17.450000762939453,4.783999919891357
2023-10-09,417.9366455078125,360.79095458984375,1849.5,106.08000183105469,17.700000762939453,4.796999931335449
2023-10-10,420.1119079589844,362.7889404296875,1861.0,105.83000183105469,17.030000686645508,4.65500020980835
2023-10-11,421.8327941894531,365.3775329589844,1872.800048828125,105.81999969482422,16.09000015258789,4.59499979019165
2023-10-12,419.2611999511719,364.10791015625,1869.300048828125,106.56999969482422,16.690000534057617,4.711999893188477
2023-10-13,417.1728210449219,359.53106689453125,1927.4000244140625,106.6500015258789,19.31999969482422,4.629000186920166
2023-10-16,421.56207275390625,363.5960693359375,1921.0999755859375,106.23999786376953,17.209999084472656,4.711999893188477
2023-10-17,421.54278564453125,362.4051208496094,1922.699951171875,106.25,17.8799991607666,4.8470001220703125
2023-10-18,415.9256896972656,357.6511535644531,1955.300048828125,106.56999969482422,19.219999313354492,4.9039998054504395
2023-10-19,412.27117919921875,354.3046569824219,1968.4000244140625,106.25,21.399999618530273,4.98799991607666
2023-10-20,407.2052001953125,349.0191955566406,1982.5,106.16000366210938,21.709999084472656,4.923999786376953
2023-10-23,406.4993591308594,350.0722961425781,1976.300048828125,105.54000091552734,20.3700008392334,4.8379998207092285
2023-10-24,409.56414794921875,353.47784423828125,1975.0,106.2699966430664,18.969999313354492,4.840000152587891
2023-10-25,403.68597412109375,344.82623291015625,1984.0999755859375,106.52999877929688,20.190000534057617,4.953000068664551
2023-10-26,398.85198974609375,338.2513732910156,1987.199951171875,106.5999984741211,20.68000030517578,4.84499979019165
2023-10-27,397.0440673828125,339.8753662109375,1988.5999755859375,106.55999755859375,21.270000457763672,4.84499979019165
2023-10-30,401.7911682128906,343.7041320800781,1996.199951171875,106.12000274658203,19.75,4.875
2023-10-31,404.3144226074219,345.347900390625,1985.199951171875,106.66000366210938,18.139999389648438,4.875
2023-11-01,408.6263427734375,351.342041015625,1978.800048828125,106.87999725341797,16.8700008392334,4.789000034332275
2023-11-02,416.45745849609375,357.72003173828125,1985.5999755859375,106.12000274658203,15.65999984741211,4.669000148773193
2023-11-03,420.2569580078125,361.9228515625,1991.5,105.0199966430664,14.90999984741211,4.558000087738037
2023-11-06,421.2237243652344,363.3992004394531,1981.5999755859375,105.22000122070312,14.890000343322754,4.6620001792907715
2023-11-07,422.42254638671875,366.83428955078125,1966.800048828125,105.54000091552734,14.8100004196167,4.571000099182129
2023-11-08,422.7319030761719,367.0705261230469,1951.5,105.58999633789062,14.449999809265137,4.5229997634887695
2023-11-09,419.4351806640625,364.2456970214844,1964.199951171875,105.91000366210938,15.289999961853027,4.630000114440918
2023-11-10,425.9803161621094,372.4347229003906,1932.5999755859375,105.86000061035156,14.170000076293945,4.627999782562256
2023-11-13,425.5743103027344,371.2732849121094,1945.5,105.66000366210938,14.760000228881836,4.631999969482422
2023-11-14,433.8307800292969,379.2655029296875,1961.800048828125,104.11000061035156,14.15999984741211,4.440999984741211
2023-11-15,434.7491760253906,379.5509338378906,1960.0999755859375,104.38999938964844,14.180000305175781,4.534999847412109
2023-11-16,435.2809143066406,379.87579345703125,1983.9000244140625,104.37000274658203,14.319999694824219,4.445000171661377
2023-11-17,435.8223571777344,379.9643859863281,1981.5999755859375,103.81999969482422,13.800000190734863,4.440999984741211
2023-11-20,439.17718505859375,384.5903625488281,1977.699951171875,103.47000122070312,13.40999984741211,4.421999931335449
2023-11-21,438.22003173828125,382.35614013671875,1999.300048828125,103.58999633789062,13.350000381469727,4.418000221252441
2023-11-22,439.911865234375,383.9210510253906,1991.4000244140625,103.91999816894531,12.850000381469727,4.415999889373779
2023-11-24,440.1825866699219,383.3797302246094,2002.199951171875,103.4000015258789,12.460000038146973,4.4720001220703125
2023-11-27,439.38983154296875,383.045166015625,2011.800048828125,103.19999694824219,12.6899995803833,4.388999938964844
2023-11-28,439.8248596191406,384.049072265625,2039.699951171875,102.75,12.6899995803833,4.335999965667725
2023-11-29,439.5154724121094,383.67498779296875,2047.0999755859375,102.7699966430664,12.979999542236328,4.270999908447266
2023-11-30,441.24603271484375,382.71038818359375,2038.0999755859375,103.5,12.920000076293945,4.3520002365112305
2023-12-01,443.8564453125,383.802978515625,2071.0,103.2699966430664,12.630000114440918,4.22599983215332
2023-12-04,441.52642822265625,380.2398986816406,2024.0999755859375,103.63999938964844,13.079999923706055,4.288000106811523
2023-12-05,441.439453125,381.19464111328125,2018.5,104.05000305175781,12.850000381469727,4.171000003814697
2023-12-06,439.6605529785156,378.98992919921875,2030.5,104.1500015258789,12.970000267028809,4.120999813079834
2023-12-07,443.0152893066406,384.2852783203125,2029.9000244140625,103.54000091552734,13.0600004196167,4.129000186920166
2023-12-08,444.9198913574219,385.9979248046875,1998.300048828125,104.01000213623047,12.350000381469727,4.244999885559082
2023-12-11,446.65045166015625,389.295166015625,1978.0,104.0999984741211,12.630000114440918,4.238999843597412
2023-12-12,448.6904296875,392.39556884765625,1977.800048828125,103.87000274658203,12.069999694824219,4.205999851226807
2023-12-13,454.8778381347656,397.3857727050781,1982.300048828125,102.87000274658203,12.1899995803833,4.0329999923706055
2023-12-14,456.3377685546875,397.0412902832031,2030.199951171875,101.95999908447266,12.479999542236328,3.930000066757202
2023-12-15,455.58642578125,398.96063232421875,2021.0999755859375,102.55000305175781,12.279999732971191,3.927999973297119
2023-12-18,458.1491394042969,401.47344970703125,2026.300048828125,102.51000213623047,12.5600004196167,3.9539999961853027
2023-12-19,460.93505859375,403.5248718261719,2038.4000244140625,102.16999816894531,12.529999732971191,3.921999931335449
2023-12-20,454.54779052734375,397.528564453125,2034.5,102.41000366210938,13.670000076293945,3.877000093460083
2023-12-21,458.8577575683594,402.1540222167969,2039.0999755859375,101.83999633789062,13.649999618530273,3.8940000534057617
2023-12-22,459.7799072265625,402.7556457519531,2057.10009765625,101.69999694824219,13.029999732971191,3.9010000228881836
2023-12-26,461.7213439941406,405.2212219238281,2058.199951171875,101.47000122070312,12.989999771118164,3.885999917984009
2023-12-27,462.55615234375,406.04608154296875,2081.89990234375,100.98999786376953,12.430000305175781,3.7890000343322754
2023-12-28,462.7309265136719,405.8487548828125,2073.89990234375,101.2300033569336,12.470000267028809,3.8499999046325684
2023-12-29,461.39129638671875,404.0923767089844,2062.39990234375,101.33000183105469,12.449999809265137,3.865999937057495
2024-01-02,458.8092041015625,397.25421142578125,2064.39990234375,102.19999694824219,13.199999809265137,3.946000099182129
2024-01-03,455.062255859375,393.0506591796875,2034.199951171875,102.45999908447266,14.039999961853027,3.9070000648498535
2024-01-04,453.5964660644531,391.02777099609375,2042.300048828125,102.41999816894531,14.130000114440918,3.990999937057495
2024-01-05,454.2177429199219,391.4916076660156,2042.4000244140625,102.41000366210938,13.350000381469727,4.041999816894531
2024-01-08,460.7020568847656,399.5828857421875,2026.5999755859375,102.20999908447266,13.079999923706055,4.001999855041504
2024-01-09,460.0032043457031,400.37225341796875,2026.4000244140625,102.56999969482422,12.760000228881836,4.019000053405762
2024-01-10,462.60467529296875,403.0858459472656,2021.699951171875,102.36000061035156,12.6899995803833,4.03000020980835
2024-01-11,462.40087890625,403.9245910644531,2014.300048828125,102.29000091552734,12.4399995803833,3.9769999980926514
2024-01-12,462.72119140625,404.1318359375,2046.699951171875,102.4000015258789,12.699999809265137,3.950000047683716
2024-01-16,461.02239990234375,404.0923767089844,2026.0,103.36000061035156,13.84000015258789,4.065999984741211
2024-01-17,458.4597473144531,401.81298828125,2002.5999755859375,103.44999694824219,14.789999961853027,4.105999946594238
2024-01-18,462.5367126464844,407.516357421875,2018.5999755859375,103.54000091552734,14.130000114440918,4.144000053405762
2024-01-19,468.3028259277344,415.5977783203125,2026.5,103.29000091552734,13.300000190734863,4.145999908447266
2024-01-22,469.2929382324219,416.14056396484375,2019.800048828125,103.33000183105469,13.1899995803833,4.093999862670898
2024-01-23,470.66162109375,417.8673400878906,2023.699951171875,103.62000274658203,12.550000190734863,4.142000198364258
2024-01-24,471.1761779785156,420.1861877441406,2013.9000244140625,103.23999786376953,13.140000343322754,4.177999973297119
2024-01-25,473.73883056640625,420.69927978515625,2016.9000244140625,103.56999969482422,13.449999809265137,4.131999969482422
2024-01-26,473.1369934082031,418.1929626464844,2016.800048828125,103.47000122070312,13.260000228881836,4.159999847412109
2024-01-29,476.8838806152344,422.4754333496094,2025.199951171875,103.61000061035156,13.600000381469727,4.091000080108643
2024-01-30,476.51507568359375,419.6632385253906,2031.5,103.4000015258789,13.3100004196167,4.059000015258789
2024-01-31,468.73968505859375,411.4435729980469,2048.39990234375,103.2699966430664,14.350000381469727,3.9670000076293945
2024-02-01,474.87457275390625,416.2885437011719,2053.0,103.05000305175781,13.880000114440918,3.86299991607666
2024-02-02,479.8737487792969,423.3240661621094,2036.0999755859375,103.91999816894531,13.850000381469727,4.0329999923706055
2024-02-05,478.12646484375,422.771484375,2025.699951171875,104.44999694824219,13.670000076293945,4.164000034332275
2024-02-06,479.5146179199219,421.9228515625,2034.5,104.18000030517578,13.0600004196167,4.090000152587891
2024-02-07,483.5140075683594,426.2645568847656,2035.199951171875,104.04000091552734,12.829999923706055,4.110000133514404
2024-02-08,483.7275695800781,427.0539245605469,2032.199951171875,104.1500015258789,12.789999961853027,4.170000076293945
2024-02-09,486.5231628417969,431.25750732421875,2023.300048828125,104.08000183105469,12.930000305175781,4.186999797821045
2024-02-12,486.30963134765625,429.5701599121094,2018.199951171875,104.16999816894531,13.930000305175781,4.171999931335449
2024-02-13,479.61163330078125,422.8700866699219,1992.9000244140625,104.95999908447266,15.850000381469727,4.315999984741211
2024-02-14,483.97027587890625,427.47821044921875,1990.300048828125,104.72000122070312,14.380000114440918,4.267000198364258
2024-02-15,487.30950927734375,428.75115966796875,2002.0999755859375,104.30000305175781,14.010000228881836,4.239999771118164
2024-02-16,484.8827209472656,424.8633117675781,2011.5,104.27999877929688,14.239999771118164,4.295000076293945
2024-02-20,482.2132568359375,421.6564025878906,2027.5,104.08000183105469,15.420000076293945,4.275000095367432
2024-02-21,482.6500549316406,419.9690856933594,2022.300048828125,104.01000213623047,15.34000015258789,4.324999809265137
2024-02-22,492.6387023925781,432.2639465332031,2019.699951171875,103.95999908447266,14.539999961853027,4.327000141143799
2024-02-23,492.97845458984375,430.9910583496094,2038.5999755859375,103.94000244140625,13.75,4.260000228881836
2024-02-26,491.1728820800781,430.7640380859375,2028.5,103.83000183105469,13.739999771118164,4.298999786376953
2024-02-27,492.08538818359375,431.8001708984375,2034.0,103.83000183105469,13.430000305175781,4.315000057220459
2024-02-28,491.4349670410156,429.50103759765625,2033.0,103.9800033569336,13.84000015258789,4.27400016784668
2024-02-29,493.2016906738281,433.1816101074219,2045.699951171875,104.16000366210938,13.399999618530273,4.251999855041504
2024-03-01,497.83197021484375,439.7039794921875,2086.89990234375,103.86000061035156,13.109999656677246,4.179999828338623
2024-03-04,497.298095703125,438.1350402832031,2117.699951171875,103.83000183105469,13.489999771118164,4.218999862670898
2024-03-05,492.32806396484375,430.2706604003906,2133.5,103.80000305175781,14.460000038146973,4.13700008392334
2024-03-06,494.8227844238281,432.9743957519531,2150.300048828125,103.37000274658203,14.5,4.104000091552734
2024-03-07,499.734619140625,439.5461120605469,2158.0,102.81999969482422,14.4399995803833,4.0920000076293945
2024-03-08,496.735107421875,433.2013854980469,2178.60009765625,102.73999786376953,14.739999771118164,4.089000225067139
2024-03-11,496.3080139160156,431.5929260253906,2182.5,102.87000274658203,15.220000267028809,4.104000091552734
2024-03-12,501.6470031738281,437.7799072265625,2160.39990234375,102.95999908447266,13.84000015258789,4.15500020980835
2024-03-13,500.86065673828125,434.4150695800781,2175.39990234375,102.79000091552734,13.75,4.191999912261963
2024-03-14,499.8705749511719,433.31976318359375,2163.0,103.36000061035156,14.399999618530273,4.297999858856201
2024-03-15,496.4381408691406,428.1689758300781,2157.300048828125,103.43000030517578,14.40999984741211,4.303999900817871
2024-03-18,499.3885498046875,432.2525634765625,2160.699951171875,103.58000183105469,14.329999923706055,4.340000152587891
2024-03-19,502.1636657714844,433.32952880859375,2156.300048828125,103.80999755859375,13.819999694824219,4.296999931335449
2024-03-20,506.80828857421875,438.4674377441406,2157.89990234375,103.41000366210938,13.039999961853027,4.2729997634887695
2024-03-21,508.483154296875,440.54229736328125,2182.39990234375,104.0,12.920000076293945,4.270999908447266
2024-03-22,507.5192565917969,441.0462341308594,2158.10009765625,104.43000030517578,13.0600004196167,4.2179999351501465
2024-03-25,506.1170654296875,439.44561767578125,2174.800048828125,104.2300033569336,13.1899995803833,4.252999782562256
2024-03-26,505.1822509765625,438.02276611328125,2175.60009765625,104.29000091552734,13.239999771118164,4.234000205993652
2024-03-27,509.427734375,439.5147705078125,2190.60009765625,104.3499984741211,12.779999732971191,4.196000099182129
2024-03-28,509.33038330078125,438.70465087890625,2217.39990234375,104.55000305175781,13.010000228881836,4.205999851226807
2024-04-01,508.4442138671875,439.6333312988281,2236.5,105.0199966430664,13.649999618530273,4.328999996185303
2024-04-02,505.2115478515625,435.8391418457031,2261.0,104.81999969482422,14.609999656677246,4.364999771118164
2024-04-03,505.7664489746094,436.8174133300781,2294.39990234375,104.25,14.329999923706055,4.355000019073486
2024-04-04,499.5930480957031,430.1381530761719,2288.800048828125,104.12000274658203,16.350000381469727,4.309000015258789
2024-04-05,504.8121032714844,435.2068176269531,2325.699951171875,104.30000305175781,16.030000686645508,4.377999782562256
2024-04-08,505.09454345703125,435.3353271484375,2331.699951171875,104.13999938964844,15.1899995803833,4.423999786376953
2024-04-09,505.67889404296875,436.9458312988281,2343.5,104.1500015258789,14.979999542236328,4.366000175476074
2024-04-10,500.6154479980469,433.1319274902344,2329.60009765625,105.25,15.800000190734863,4.559999942779541
2024-04-11,504.3935241699219,440.0483093261719,2354.800048828125,105.27999877929688,14.90999984741211,4.576000213623047
2024-04-12,497.43133544921875,433.03314208984375,2356.199951171875,106.04000091552734,17.309999465942383,4.499000072479248
2024-04-15,491.1994934082031,425.9093017578125,2365.800048828125,106.20999908447266,19.229999542236328,4.627999782562256
2024-04-16,490.3035583496094,425.94879150390625,2390.800048828125,106.26000213623047,18.399999618530273,4.658999919891357
2024-04-17,487.4018859863281,420.7516784667969,2371.699951171875,105.94999694824219,18.209999084472656,4.585000038146973
2024-04-18,486.39892578125,418.3507080078125,2382.300048828125,106.1500015258789,18.0,4.646999835968018
2024-04-19,482.15350341796875,409.6953430175781,2398.39990234375,106.1500015258789,18.709999084472656,4.614999771118164
2024-04-22,486.59368896484375,413.8155822753906,2332.199951171875,106.08000183105469,16.940000534057617,4.623000144958496
2024-04-23,492.3679504394531,419.9908752441406,2327.699951171875,105.69000244140625,15.6899995803833,4.5980000495910645
2024-04-24,492.1342468261719,421.4136657714844,2324.5,105.86000061035156,15.970000267028809,4.6519999504089355
2024-04-25,490.2646484375,419.3782958984375,2329.800048828125,105.5999984741211,15.369999885559082,4.705999851226807
2024-04-26,494.90936279296875,425.85003662109375,2334.800048828125,105.94000244140625,15.029999732971191,4.669000148773193
2024-04-29,496.6620788574219,427.57904052734375,2345.39990234375,105.58000183105469,14.670000076293945,4.613999843597412
2024-04-30,488.7943115234375,419.5166015625,2291.39990234375,106.22000122070312,15.649999618530273,4.685999870300293
2024-05-01,487.2071228027344,416.4833068847656,2299.89990234375,105.76000213623047,15.390000343322754,4.59499979019165
2024-05-02,491.76422119140625,421.7989501953125,2299.199951171875,105.30000305175781,14.680000305175781,4.571000099182129
2024-05-03,497.85980224609375,430.2765197753906,2299.0,105.02999877929688,13.489999771118164,4.5
2024-05-06,503.0011291503906,434.989501953125,2321.60009765625,105.05000305175781,13.489999771118164,4.488999843597412
2024-05-07,503.5561828613281,435.05865478515625,2315.199951171875,105.41000366210938,13.229999542236328,4.4629998207092285
2024-05-08,503.604736328125,434.8017883300781,2313.60009765625,105.55000305175781,13.0,4.492000102996826
2024-05-09,506.5065002441406,435.7502746582031,2332.10009765625,105.2300033569336,12.6899995803833,4.448999881744385
2024-05-10,507.1589660644531,436.7778625488281,2367.300048828125,105.30999755859375,12.550000190734863,4.504000186920166
2024-05-13,507.22711181640625,437.7856750488281,2336.10009765625,105.22000122070312,13.600000381469727,4.480999946594238
2024-05-14,509.5542297363281,440.6015930175781,2353.39990234375,105.01000213623047,13.420000076293945,4.445000171661377
2024-05-15,515.8640747070312,447.48834228515625,2388.699951171875,104.3499984741211,12.449999809265137,4.355999946594238
2024-05-16,514.8027954101562,446.579345703125,2380.0,104.45999908447266,12.420000076293945,4.376999855041504
2024-05-17,515.5427856445312,446.3619689941406,2412.199951171875,104.44999694824219,11.989999771118164,4.420000076293945
2024-05-20,516.1367797851562,449.47430419921875,2433.89990234375,104.56999969482422,12.149999618530273,4.436999797821045
2024-05-21,517.4026489257812,450.3536682128906,2421.699951171875,104.66000366210938,11.859999656677246,4.414000034332275
2024-05-22,515.9127807617188,450.2647705078125,2389.199951171875,104.94000244140625,12.289999961853027,4.434000015258789
2024-05-23,512.1444702148438,448.2392272949219,2335.0,105.11000061035156,12.770000457763672,4.474999904632568
2024-05-24,515.5330200195312,452.4780578613281,2332.5,104.72000122070312,11.930000305175781,4.4670000076293945
2024-05-28,515.8933715820312,454.1872863769531,2355.199951171875,104.61000061035156,12.920000076293945,4.541999816894531
2024-05-29,512.2806396484375,450.9860534667969,2340.300048828125,105.0999984741211,14.279999732971191,4.624000072479248
2024-05-30,508.88238525390625,446.1544494628906,2342.89990234375,104.72000122070312,14.470000267028809,4.553999900817871
2024-05-31,513.5175170898438,445.3244323730469,2322.89990234375,104.66999816894531,12.920000076293945,4.513999938964844
2024-06-03,513.93603515625,447.715576171875,2346.60009765625,104.13999938964844,13.109999656677246,4.4019999504089355
2024-06-04,514.5106201171875,448.9407958984375,2325.5,104.11000061035156,13.15999984741211,4.335999965667725
2024-06-05,520.6256103515625,457.9913024902344,2354.10009765625,104.2699966430664,12.630000114440918,4.289000034332275
2024-06-06,520.615966796875,457.8332214355469,2370.300048828125,104.0999984741211,12.579999923706055,4.281000137329102
2024-06-07,519.9829711914062,457.4281311035156,2305.199951171875,104.88999938964844,12.220000267028809,4.429999828338623
2024-06-10,521.5896606445312,459.2757873535156,2307.699951171875,105.1500015258789,12.739999771118164,4.468999862670898
2024-06-11,522.8457641601562,462.42767333984375,2307.5,105.2300033569336,12.850000381469727,4.4039998054504395
2024-06-12,527.1398315429688,468.4844055175781,2336.0,104.6500015258789,12.039999961853027,4.295000076293945
2024-06-13,528.2012939453125,471.02374267578125,2300.199951171875,105.19999694824219,11.9399995803833,4.23799991607666
2024-06-14,528.522705078125,473.4641418457031,2331.39990234375,105.55000305175781,12.65999984741211,4.2129998207092285
2024-06-17,532.7291870117188,479.26409912109375,2312.39990234375,105.31999969482422,12.75,4.2789998054504395
2024-06-18,534.0825805664062,479.4122314453125,2330.39990234375,105.26000213623047,12.300000190734863,4.2170000076293945
2024-06-20,532.6317138671875,475.71697998046875,2353.800048828125,105.58999633789062,13.279999732971191,4.254000186920166
2024-06-21,531.9176635742188,474.4423522949219,2316.39990234375,105.80000305175781,13.199999809265137,4.256999969482422
2024-06-24,530.1885986328125,469.041015625,2330.0,105.47000122070312,13.329999923706055,4.248000144958496
2024-06-25,532.2303466796875,474.4047546386719,2316.60009765625,105.61000061035156,12.84000015258789,4.23799991607666
2024-06-26,532.89453125,475.3844909667969,2299.199951171875,106.05000305175781,12.550000190734863,4.315999984741211
2024-06-27,533.7346801757812,476.6116027832031,2324.5,105.91000366210938,12.239999771118164,4.288000106811523
2024-06-28,531.6343994140625,474.13751220703125,2327.699951171875,105.87000274658203,12.4399995803833,4.3429999351501465
2024-07-01,532.728515625,476.9184265136719,2327.60009765625,105.9000015258789,12.220000267028809,4.479000091552734
2024-07-02,536.3136596679688,481.9258728027344,2323.0,105.72000122070312,12.029999732971191,4.435999870300293
2024-07-03,538.7069091796875,485.9437561035156,2359.800048828125,105.4000015258789,12.09000015258789,4.355000019073486
2024-07-05,541.8134765625,491.0106201171875,2388.5,104.87999725341797,12.479999542236328,4.271999835968018
2024-07-08,542.438720703125,492.1783752441406,2355.199951171875,105.01000213623047,12.369999885559082,4.269000053405762
2024-07-09,542.9662475585938,492.6038818359375,2360.10009765625,105.12000274658203,12.510000228881836,4.300000190734863
2024-07-10,548.3389892578125,497.7400207519531,2372.199951171875,105.05000305175781,12.850000381469727,4.28000020980835
2024-07-11,543.6107788085938,486.82452392578125,2415.0,104.44000244140625,12.920000076293945,4.192999839782715
2024-07-12,547.03955078125,489.68450927734375,2414.0,104.08999633789062,12.460000038146973,4.189000129699707
2024-07-15,548.5441284179688,491.0007019042969,2422.89990234375,104.19000244140625,13.119999885559082,4.229000091552734
2024-07-16,551.7969970703125,491.188720703125,2462.39990234375,104.2699966430664,13.1899995803833,4.166999816894531
2024-07-17,544.0602416992188,476.76995849609375,2454.800048828125,103.75,14.479999542236328,4.145999908447266
2024-07-18,539.879150390625,474.51361083984375,2451.800048828125,104.16999816894531,15.930000305175781,4.189000129699707
2024-07-19,536.2940673828125,470.3077697753906,2395.5,104.4000015258789,16.520000457763672,4.238999843597412
2024-07-22,541.8231811523438,477.3142395019531,2392.0,104.30999755859375,14.90999984741211,4.260000228881836
2024-07-23,540.9732666015625,475.6319274902344,2404.60009765625,104.44999694824219,14.720000267028809,4.238999843597412
2024-07-24,528.7135620117188,458.5708312988281,2413.300048828125,104.38999938964844,18.040000915527344,4.285999774932861
2024-07-25,525.9588012695312,453.5138244628906,2351.89990234375,104.36000061035156,18.459999084472656,4.25600004196167
2024-07-26,531.8493041992188,458.1650695800781,2380.0,104.31999969482422,16.389999389648438,4.199999809265137
2024-07-29,532.1619873046875,459.0854187011719,2377.300048828125,104.55999755859375,16.600000381469727,4.177999973297119
2024-07-30,529.4656982421875,452.78155517578125,2405.0,104.55000305175781,17.690000534057617,4.14300012588501
2024-07-31,538.0719604492188,466.1810302734375,2426.5,104.0999984741211,16.360000610351562,4.109000205993652
2024-08-01,530.4522705078125,454.8893737792969,2435.0,104.41999816894531,18.59000015258789,3.9760000705718994
2024-08-02,520.5762329101562,444.0926818847656,2425.699951171875,103.20999908447266,23.389999389648438,3.7920000553131104
2024-08-05,505.41510009765625,430.8515319824219,2401.699951171875,102.69000244140625,38.56999969482422,3.7850000858306885
2024-08-06,510.0747985839844,434.96832275390625,2389.10009765625,102.97000122070312,27.709999084472656,3.888000011444092
2024-08-07,506.6654357910156,430.25775146484375,2390.5,103.19999694824219,27.850000381469727,3.9679999351501465
2024-08-08,518.3782958984375,443.4197082519531,2422.199951171875,103.20999908447266,23.790000915527344,3.996999979019165
2024-08-09,520.6640625,445.7354431152344,2432.10009765625,103.13999938964844,20.3700008392334,3.941999912261963
2024-08-12,520.9376831054688,446.69537353515625,2462.39990234375,103.13999938964844,20.709999084472656,3.9089999198913574
2024-08-13,529.5048217773438,457.77911376953125,2466.699951171875,102.55999755859375,18.1200008392334,3.8519999980926514
2024-08-14,531.17529296875,457.92755126953125,2439.39990234375,102.56999969482422,16.190000534057617,3.819999933242798
2024-08-15,540.27978515625,469.4962158203125,2453.10009765625,102.9800033569336,15.229999542236328,3.9260001182556152
2024-08-16,541.4910888671875,470.09991455078125,2498.60009765625,102.45999908447266,14.800000190734863,3.8919999599456787
2024-08-19,546.66845703125,476.2751159667969,2501.800048828125,101.88999938964844,14.649999618530273,3.867000102996826
2024-08-20,545.7796020507812,475.2756652832031,2511.300048828125,101.44000244140625,15.880000114440918,3.818000078201294
2024-08-21,547.6550903320312,477.4924011230469,2508.39990234375,101.04000091552734,16.270000457763672,3.7780001163482666
2024-08-22,543.3568725585938,469.9217834472656,2478.89990234375,101.51000213623047,17.549999237060547,3.861999988555908
2024-08-23,549.1301879882812,475.0183410644531,2508.39990234375,100.72000122070312,15.859999656677246,3.806999921798706
2024-08-26,547.8212890625,470.4067077636719,2517.699951171875,100.8499984741211,16.149999618530273,3.818000078201294
2024-08-27,548.5734252929688,471.8119201660156,2516.0,100.55000305175781,15.430000305175781,3.8329999446868896
2024-08-28,545.3887329101562,466.45806884765625,2501.0,101.08999633789062,17.110000610351562,3.8410000801086426
2024-08-29,545.4376220703125,465.7752380371094,2525.699951171875,101.33999633789062,15.649999618530273,3.867000102996826
2024-08-30,550.6444702148438,471.3270568847656,2493.800048828125,101.69999694824219,15.0,3.9110000133514404
2024-09-03,539.3126831054688,457.01708984375,2489.89990234375,101.83000183105469,20.719999313354492,3.8440001010894775
2024-09-04,538.208740234375,455.82952880859375,2493.39990234375,101.36000061035156,21.31999969482422,3.7679998874664307
2024-09-05,536.8997802734375,456.2550964355469,2511.39990234375,101.11000061035156,19.899999618530273,3.7309999465942383
2024-09-06,527.8636474609375,444.0332946777344,2493.5,101.18000030517578,22.3799991607666,3.7100000381469727
2024-09-09,533.773681640625,449.743408203125,2501.800048828125,101.55000305175781,19.450000762939453,3.697000026702881
2024-09-10,536.0986938476562,453.8997802734375,2512.300048828125,101.62999725341797,19.079999923706055,3.6459999084472656
2024-09-11,541.5985107421875,463.75640869140625,2512.10009765625,101.68000030517578,17.690000534057617,3.6530001163482666
2024-09-12,546.16064453125,468.3086853027344,2551.199951171875,101.37000274658203,17.06999969482422,3.680000066757202
2024-09-13,549.0130004882812,470.4067077636719,2581.300048828125,101.11000061035156,16.559999465942383,3.6500000953674316
2024-09-16,549.8238525390625,468.3284606933594,2580.39990234375,100.76000213623047,17.139999389648438,3.621000051498413
2024-09-17,550.0485229492188,468.57586669921875,2564.300048828125,100.88999938964844,17.610000610351562,3.6419999599456787
2024-09-18,548.4169921875,466.54718017578125,2570.699951171875,100.5999984741211,18.229999542236328,3.684999942779541
2024-09-19,557.7755737304688,478.34344482421875,2588.0,100.61000061035156,16.329999923706055,3.740000009536743
2024-09-20,556.8114013671875,477.4329833984375,2619.89990234375,100.72000122070312,16.149999618530273,3.7279999256134033
2024-09-23,558.2026977539062,478.698486328125,2626.5,100.91999816894531,15.890000343322754,3.739000082015991
2024-09-24,559.7998657226562,481.0075378417969,2651.199951171875,100.37000274658203,15.390000343322754,3.7360000610351562
2024-09-25,558.5652465820312,481.4534912109375,2659.199951171875,100.91999816894531,15.40999984741211,3.7809998989105225
2024-09-26,560.7798461914062,485.0707092285156,2669.89990234375,100.55999755859375,15.369999885559082,3.7909998893737793
2024-09-27,559.9664916992188,482.37518310546875,2644.300048828125,100.41999816894531,16.959999084472656,3.749000072479248
2024-09-30,562.2105102539062,483.68328857421875,2636.10009765625,100.77999877929688,16.729999542236328,3.802000045776367
2024-10-01,557.1738891601562,476.94439697265625,2667.300048828125,101.19000244140625,19.260000228881836,3.743000030517578
2024-10-02,557.4090576171875,477.6183166503906,2647.10009765625,101.68000030517578,18.899999618530273,3.7850000858306885
2024-10-03,556.3899536132812,477.26153564453125,2657.10009765625,101.98999786376953,20.489999771118164,3.8499999046325684
2024-10-04,561.446044921875,482.9400329589844,2645.800048828125,102.5199966430664,19.209999084472656,3.9809999465942383
2024-10-07,556.3704223632812,477.7669677734375,2644.800048828125,102.54000091552734,22.639999389648438,4.026000022888184
2024-10-08,561.63232421875,484.9022216796875,2615.0,102.55000305175781,21.420000076293945,4.0329999923706055
2024-10-09,565.5223999023438,488.7176513671875,2606.0,102.93000030517578,20.860000610351562,4.066999912261963
2024-10-10,564.53271484375,488.1626892089844,2620.60009765625,102.98999786376953,20.93000030517578,4.0960001945495605
2024-10-11,567.913330078125,488.9257507324219,2657.60009765625,102.88999938964844,20.459999084472656,4.072999954223633
2024-10-14,572.557861328125,493.028564453125,2647.800048828125,103.30000305175781,19.700000762939453,4.0980000495910645
2024-10-15,568.109375,486.4383544921875,2661.39990234375,103.26000213623047,20.639999389648438,4.038000106811523
2024-10-16,570.5784912109375,486.497802734375,2674.0,103.58999633789062,19.579999923706055,4.015999794006348
2024-10-17,570.6275024414062,486.8347473144531,2691.0,103.83000183105469,19.110000610351562,4.0960001945495605
2024-10-18,572.8224487304688,490.0257873535156,2713.699951171875,103.48999786376953,18.030000686645508,4.072999954223633
2024-10-21,571.8817749023438,490.9672546386719,2723.10009765625,104.01000213623047,18.3700008392334,4.182000160217285
2024-10-22,571.5780029296875,491.5024108886719,2744.199951171875,104.08000183105469,18.200000762939453,4.203999996185303
2024-10-23,566.355224609375,483.970703125,2714.39990234375,104.43000030517578,19.239999771118164,4.242000102996826
2024-10-24,567.580078125,487.89508056640625,2734.89990234375,104.05999755859375,19.079999923706055,4.199999809265137
2024-10-25,567.3841552734375,490.8681640625,2740.89990234375,104.26000213623047,20.329999923706055,4.23199987411499
2024-10-28,569.1381225585938,490.94744873046875,2742.89990234375,104.31999969482422,19.799999237060547,4.2779998779296875
2024-10-29,570.0592041015625,495.6646728515625,2768.39990234375,104.27999877929688,19.34000015258789,4.27400016784668
2024-10-30,568.3346557617188,491.91864013671875,2788.5,103.98999786376953,20.350000381469727,4.265999794006348
2024-10-31,557.1934814453125,479.5012512207031,2738.300048828125,103.9800033569336,23.15999984741211,4.283999919891357
2024-11-01,559.5452270507812,483.0490417480469,2738.60009765625,104.27999877929688,21.8799991607666,4.361000061035156
2024-11-04,558.3399047851562,481.6418151855469,2736.10009765625,103.88999938964844,21.979999542236328,4.309000015258789
2024-11-05,565.0912475585938,487.7861022949219,2740.300048828125,103.41999816894531,20.489999771118164,4.289000034332275
2024-11-06,579.142578125,501.0359191894531,2667.60009765625,105.08999633789062,16.270000457763672,4.426000118255615
2024-11-07,583.6204833984375,508.92437744140625,2698.39990234375,104.51000213623047,15.199999809265137,4.341000080108643
2024-11-08,586.1487426757812,509.5190124511719,2687.5,105.0,14.9399995803833,4.306000232696533
2024-11-11,586.7072143554688,509.22174072265625,2611.199951171875,105.54000091552734,14.970000267028809,4.308000087738037
2024-11-12,584.8847045898438,508.29998779296875,2600.0,106.0199966430664,14.710000038146973,4.432000160217285
2024-11-13,585.1688232421875,507.64605712890625,2580.800048828125,106.4800033569336,14.020000457763672,4.451000213623047
2024-11-14,581.406005859375,504.11798095703125,2568.199951171875,106.66999816894531,14.3100004196167,4.418000221252441
2024-11-15,573.9590454101562,492.10693359375,2565.699951171875,106.69000244140625,16.139999389648438,4.427999973297119
2024-11-18,576.310791015625,495.52593994140625,2610.60009765625,106.27999877929688,15.579999923706055,4.414000034332275
2024-11-19,578.41748046875,498.9349365234375,2627.10009765625,106.20999908447266,16.350000381469727,4.379000186920166
2024-11-20,578.6134643554688,498.6475830078125,2648.199951171875,106.68000030517578,17.15999984741211,4.406000137329102
2024-11-21,581.7196655273438,500.4413146972656,2672.10009765625,106.97000122070312,16.8700008392334,4.432000160217285
2024-11-22,583.5225830078125,501.2440490722656,2709.89990234375,107.48999786376953,15.239999771118164,4.409999847412109
2024-11-25,585.501953125,502.0368347167969,2616.800048828125,106.81999969482422,14.600000381469727,4.264999866485596
2024-11-26,588.5591430664062,504.73236083984375,2620.300048828125,107.01000213623047,14.100000381469727,4.302000045776367
2024-11-27,586.7757568359375,500.7584533691406,2639.89990234375,106.08000183105469,14.100000381469727,4.242000102996826
2024-11-29,590.4208984375,505.1585388183594,2657.0,105.73999786376953,13.510000228881836,4.177999973297119
2024-12-02,591.479248046875,510.6585998535156,2634.89990234375,106.44999694824219,13.34000015258789,4.196000099182129
2024-12-03,591.7534790039062,512.2244873046875,2644.699951171875,106.37000274658203,13.300000190734863,4.2230000495910645
2024-12-04,595.4279174804688,518.55712890625,2653.800048828125,106.33999633789062,13.449999809265137,4.179999828338623
2024-12-05,594.4482421875,517.1200561523438,2626.60009765625,105.70999908447266,13.539999961853027,4.179999828338623
2024-12-06,595.5750732421875,521.7481689453125,2638.60009765625,105.97000122070312,12.770000457763672,4.151000022888184
2024-12-09,592.5079345703125,517.6849365234375,2664.89990234375,106.1500015258789,14.1899995803833,4.198999881744385
2024-12-10,590.6658325195312,515.9208984375,2697.60009765625,106.4000015258789,14.180000305175781,4.2210001945495605
2024-12-11,595.2319946289062,525.1571044921875,2733.800048828125,106.70999908447266,13.579999923706055,4.270999908447266
2024-12-12,592.1650390625,521.7678833007812,2687.5,106.95999908447266,13.920000076293945,4.323999881744385
2024-12-13,592.0475463867188,525.76171875,2656.0,107.0,13.8100004196167,4.39900016784668
2024-12-16,594.5755004882812,533.3329467773438,2651.39990234375,106.86000061035156,14.6899995803833,4.396999835968018
2024-12-17,592.1258544921875,530.9843139648438,2644.39990234375,106.95999908447266,15.869999885559082,4.385000228881836
2024-12-18,574.478515625,511.8280029296875,2636.5,108.02999877929688,27.6200008392334,4.49399995803833
2024-12-19,574.3020629882812,509.5487365722656,2592.199951171875,108.41000366210938,24.09000015258789,4.570000171661377
2024-12-20,581.199951171875,513.9983520507812,2628.699951171875,107.62000274658203,18.360000610351562,4.52400016784668
2024-12-23,584.6803588867188,519.006103515625,2612.300048828125,108.04000091552734,16.780000686645508,4.598999977111816
2024-12-24,591.1790161132812,526.043701171875,2620.0,108.26000213623047,14.270000457763672,4.591000080108643
2024-12-26,591.2184448242188,525.6863403320312,2638.800048828125,108.12999725341797,14.729999542236328,4.578999996185303
2024-12-27,584.9949951171875,518.6984252929688,2617.199951171875,108.0,15.949999809265137,4.61899995803833
2024-12-30,578.3192138671875,511.7997131347656,2606.10009765625,108.12999725341797,17.399999618530273,4.545000076293945
2024-12-31,576.2152709960938,507.4521179199219,2629.199951171875,108.48999786376953,17.350000381469727,4.572999954223633
2025-01-02,574.7994995117188,506.4595031738281,2658.89990234375,109.38999938964844,17.93000030517578,4.574999809265137
2025-01-03,581.9865112304688,514.747802734375,2645.0,108.94999694824219,16.1299991607666,4.5960001945495605
2025-01-06,585.3390502929688,520.6636962890625,2638.39990234375,108.26000213623047,16.040000915527344,4.618000030517578
2025-01-07,578.7222900390625,511.3728332519531,2656.699951171875,108.54000091552734,17.81999969482422,4.683000087738037
2025-01-08,579.56787109375,511.4622497558594,2664.5,109.08999633789062,17.700000762939453,4.692999839782715
2025-01-09,,,2683.800048828125,109.18000030517578,,
2025-01-10,570.7192993164062,503.4419250488281,2708.5,109.6500015258789,19.540000915527344,4.776000022888184
2025-01-13,571.604248046875,501.8240051269531,2673.5,109.95999908447266,19.190000534057617,4.802999973297119
2025-01-14,572.3907470703125,501.3475341796875,2677.5,109.2699966430664,18.709999084472656,4.788000106811523
2025-01-15,582.802490234375,512.8817138671875,2712.5,109.08999633789062,16.1200008392334,4.6529998779296875
2025-01-16,581.6817626953125,509.2884521484375,2746.39990234375,108.95999908447266,16.600000381469727,4.605999946594238
2025-01-17,587.521728515625,517.884521484375,2744.300048828125,109.3499984741211,15.970000267028809,4.609000205993652
2025-01-21,592.8995361328125,520.9217529296875,2755.0,108.05999755859375,15.0600004196167,4.573999881744385
2025-01-22,596.232666015625,527.5822143554688,2767.60009765625,108.16999816894531,15.100000381469727,4.598999977111816
2025-01-23,599.48681640625,528.703857421875,2763.10009765625,108.05000305175781,15.020000457763672,4.638000011444092
2025-01-24,597.7367553710938,525.7161254882812,2777.300048828125,107.44000244140625,14.850000381469727,4.625999927520752
2025-01-27,589.2815551757812,510.41009521484375,2737.5,107.33999633789062,17.899999618530273,4.5279998779296875
2025-01-28,594.344970703125,517.9539184570312,2766.800048828125,107.87000274658203,16.40999984741211,4.551000118255615
2025-01-29,591.6805419921875,516.981201171875,2769.10009765625,108.0,16.559999465942383,4.554999828338623
2025-01-30,594.8561401367188,519.1847534179688,2823.0,107.80000305175781,15.84000015258789,4.51200008392334
2025-01-31,591.6903686523438,518.4303588867188,2812.5,108.37000274658203,16.43000030517578,4.568999767303467
2025-02-03,587.7085571289062,514.28125,2833.89990234375,108.98999786376953,18.6200008392334,4.543000221252441
2025-02-04,591.6510009765625,520.59423828125,2853.300048828125,107.95999908447266,17.209999084472656,4.513000011444092
2025-02-05,594.0498657226562,522.9567260742188,2871.60009765625,107.58000183105469,15.770000457763672,4.421999931335449
2025-02-06,596.1146240234375,525.6863403320312,2856.0,107.69000244140625,15.5,4.440000057220459
2025-02-07,590.6581420898438,519.0557250976562,2867.300048828125,108.04000091552734,16.540000915527344,4.486999988555908
2025-02-10,594.6693115234375,525.3389282226562,2914.300048828125,108.31999969482422,15.8100004196167,4.493000030517578
2025-02-11,595.1216430664062,524.0882568359375,2912.5,107.95999908447266,16.020000457763672,4.5370001792907715
2025-02-12,593.2044067382812,524.39599609375,2909.0,107.94000244140625,15.890000343322754,4.63700008392334
2025-02-13,599.4671630859375,531.9398193359375,2925.89990234375,107.30999755859375,15.100000381469727,4.525000095367432
2025-02-14,599.4378051757812,534.1732177734375,2883.60009765625,106.56999969482422,14.770000457763672,4.4720001220703125
2025-02-18,601.197509765625,535.3841552734375,2931.60009765625,107.05000305175781,15.350000381469727,4.544000148773193
2025-02-19,602.6133422851562,535.5330200195312,2919.39990234375,107.16999816894531,15.270000457763672,4.534999847412109
2025-02-20,600.1062622070312,533.2598876953125,2940.0,106.33999633789062,15.65999984741211,4.5
2025-02-21,589.842041015625,522.1923217773438,2937.60009765625,106.61000061035156,18.209999084472656,4.420000076293945
2025-02-24,587.157958984375,516.0283203125,2947.89990234375,106.5999984741211,18.979999542236328,4.39300012588501
2025-02-25,584.2378540039062,509.52667236328125,2904.5,106.30999755859375,19.43000030517578,4.297999858856201
2025-02-26,584.5328979492188,510.7574157714844,2916.800048828125,106.41999816894531,19.100000381469727,4.249000072479248
2025-02-27,575.2025756835938,496.5730895996094,2883.199951171875,107.23999786376953,21.1299991607666,4.284999847412109
2025-02-28,584.178955078125,504.4147033691406,2836.800048828125,107.61000061035156,19.6299991607666,4.230999946594238
2025-03-03,573.9441528320312,493.37689208984375,2890.199951171875,106.75,22.780000686645508,4.179999828338623
2025-03-04,567.1505126953125,491.88800048828125,2909.60009765625,105.73999786376953,23.510000228881836,4.210000038146973
2025-03-05,573.2461547851562,498.3002014160156,2915.300048828125,105.73999786376953,21.93000030517578,4.264999866485596
2025-03-06,563.0703125,484.59228515625,2916.60009765625,104.05999755859375,24.8700008392334,4.285999774932861
2025-03-07,566.2262573242188,488.15576171875,2904.699951171875,103.83999633789062,23.3700008392334,4.316999912261963
2025-03-10,551.14453125,469.2366027832031,2891.0,103.91000366210938,27.860000610351562,4.2129998207092285
2025-03-11,546.5629272460938,468.1149597167969,2912.89990234375,103.44000244140625,26.920000076293945,4.288000106811523
2025-03-12,549.4632568359375,473.3956604003906,2939.10009765625,103.61000061035156,24.229999542236328,4.317999839782715
2025-03-13,542.1385498046875,464.87908935546875,2984.300048828125,103.83000183105469,24.65999984741211,4.27400016784668
2025-03-14,553.3369750976562,476.1153869628906,2994.5,103.72000122070312,21.770000457763672,4.308000087738037
2025-03-17,557.60400390625,479.202392578125,3000.0,103.37000274658203,20.510000228881836,4.306000232696533
2025-03-18,551.5771484375,471.03326416015625,3035.10009765625,103.23999786376953,21.700000762939453,4.281000137329102
2025-03-19,557.5842895507812,477.3363342285156,3035.89990234375,103.43000030517578,19.899999618530273,4.25600004196167
2025-03-20,555.9718017578125,475.7184143066406,3040.0,103.8499984741211,19.799999237060547,4.232999801635742
2025-03-21,556.1553344726562,477.28668212890625,3018.199951171875,104.08999633789062,19.280000686645508,4.251999855041504
2025-03-24,566.1151733398438,487.76043701171875,3013.10009765625,104.26000213623047,17.479999542236328,4.330999851226807
2025-03-25,567.4760131835938,490.5438232421875,3023.699951171875,104.18000030517578,17.149999618530273,4.307000160217285
2025-03-26,560.7013549804688,481.5175476074219,3020.89990234375,104.55000305175781,18.329999923706055,4.3379998207092285
2025-03-27,559.2123413085938,478.7738342285156,3060.199951171875,104.06999969482422,18.690000534057617,4.36899995803833
2025-03-28,547.95068359375,466.16876220703125,3086.5,104.04000091552734,21.649999618530273,4.255000114440918
2025-03-31,551.6289672851562,466.1488952636719,3122.800048828125,104.20999908447266,22.280000686645508,4.245999813079834
2025-04-01,553.18701171875,469.9066162109375,3118.89990234375,104.26000213623047,21.770000457763672,4.156000137329102
2025-04-02,556.6878662109375,473.3361511230469,3139.89990234375,103.80999755859375,21.510000228881836,4.196000099182129
2025-04-03,529.2537231445312,447.996826171875,3097.0,102.06999969482422,30.020000457763672,4.054999828338623
2025-04-04,498.2696838378906,420.1722412109375,3012.0,103.0199966430664,45.310001373291016,3.984999895095825
2025-04-07,497.3821716308594,421.1861877441406,2951.300048828125,103.26000213623047,46.97999954223633,4.15500020980835
2025-04-08,489.591796875,413.60125732421875,2968.39990234375,102.95999908447266,52.33000183105469,4.26200008392334
2025-04-09,541.0084228515625,463.2461242675781,3056.5,102.9000015258789,33.619998931884766,4.400000095367432
2025-04-10,517.3019409179688,443.54327392578125,3155.199951171875,100.87000274658203,40.720001220703125,4.394000053405762
2025-04-11,526.531982421875,451.7146911621094,3222.199951171875,99.77999877929688,37.560001373291016,4.493000030517578
2025-04-14,531.6401977539062,454.7764892578125,3204.800048828125,99.63999938964844,30.889999389648438,4.363999843597412
2025-04-15,530.151123046875,455.28350830078125,3218.699951171875,100.22000122070312,30.1200008392334,4.322999954223633
2025-04-16,518.366943359375,441.5550842285156,3326.60009765625,99.37999725341797,32.63999938964844,4.2789998054504395
2025-04-17,519.1064453125,441.4755554199219,3308.699951171875,99.37999725341797,29.649999618530273,4.333000183105469
2025-04-21,506.7503356933594,430.55047607421875,3406.199951171875,98.27999877929688,33.81999969482422,4.40500020980835
2025-04-22,519.9349365234375,441.85333251953125,3400.800048828125,98.91999816894531,30.56999969482422,4.388999938964844
2025-04-23,527.991455078125,451.873779296875,3276.300048828125,99.83999633789062,28.450000762939453,4.38700008392334
2025-04-24,539.1051635742188,464.5881652832031,3332.0,99.29000091552734,26.469999313354492,4.304999828338623
2025-04-25,543.0003662109375,469.76739501953125,3282.39990234375,99.47000122070312,24.84000015258789,4.265999794006348
2025-04-28,543.2074584960938,469.6182861328125,3332.5,99.01000213623047,25.149999618530273,4.216000080108643
2025-04-29,546.6292114257812,472.7198486328125,3318.800048828125,99.23999786376953,24.170000076293945,4.172999858856201
2025-04-30,546.8462524414062,472.66015625,3305.0,99.47000122070312,24.700000762939453,4.177000045776367
2025-05-01,550.7216796875,478.8334655761719,3210.0,100.25,24.600000381469727,4.230999946594238
2025-05-02,558.8966674804688,485.9411926269531,3231.89990234375,100.0,22.68000030517578,4.322000026702881
2025-05-05,555.6918334960938,483.0583801269531,3311.300048828125,99.83000183105469,23.639999389648438,4.3429999351501465
2025-05-06,551.047119140625,478.5650939941406,3411.39990234375,99.23999786376953,24.760000228881836,4.308000087738037
2025-05-07,553.364501953125,480.4438781738281,3381.39990234375,99.61000061035156,23.549999237060547,4.275000095367432
2025-05-08,557.2203369140625,485.4043884277344,3296.60009765625,100.63999938964844,22.479999542236328,4.373000144958496
2025-05-09,556.51025390625,485.0863342285156,3335.39990234375,100.33999633789062,21.899999618530273,4.375
2025-05-12,574.9015502929688,504.84881591796875,3220.0,101.79000091552734,18.389999389648438,4.456999778747559
2025-05-13,578.6981811523438,512.5431518554688,3240.300048828125,101.0,18.219999313354492,4.499000072479248
2025-05-14,579.437744140625,515.6148071289062,3181.39990234375,101.04000091552734,18.6200008392334,4.5279998779296875
2025-05-15,582.2679443359375,516.181396484375,3220.699951171875,100.87999725341797,17.829999923706055,4.454999923706055
2025-05-16,585.9559936523438,518.4281616210938,3182.0,101.08999633789062,17.239999771118164,4.440999984741211
2025-05-19,586.5969848632812,518.9251708984375,3228.89990234375,100.43000030517578,18.139999389648438,4.474999904632568
2025-05-20,584.6246948242188,517.1954345703125,3280.300048828125,100.12000274658203,18.09000015258789,4.480999946594238
2025-05-21,574.7733154296875,510.0081787109375,3309.300048828125,99.55999755859375,20.8700008392334,4.5960001945495605
2025-05-22,575.0001831054688,510.9625244140625,3292.300048828125,99.95999908447266,20.280000686645508,4.552999973297119
2025-05-23,571.0753784179688,506.2306213378906,3363.60009765625,99.11000061035156,22.290000915527344,4.508999824523926
2025-05-26,,,,98.93000030517578,,
2025-05-27,582.9483032226562,518.1397705078125,3299.10009765625,99.5199966430664,18.959999084472656,4.434000015258789
2025-05-28,579.5758056640625,515.8434448242188,3293.60009765625,99.87999725341797,19.309999465942383,4.4770002365112305
2025-05-29,581.8635864257812,516.8574829101562,3317.10009765625,99.27999877929688,19.18000030517578,4.423999786376953
2025-05-30,581.2127685546875,516.0422973632812,3288.89990234375,99.33000183105469,18.56999969482422,4.415999889373779
2025-06-02,584.4866943359375,520.1181030273438,3370.60009765625,98.69999694824219,18.360000610351562,4.461999893188477
2025-06-03,587.8197631835938,524.183837890625,3350.199951171875,99.25,17.690000534057617,4.460000038146973
2025-06-04,587.6619873046875,525.645263671875,3373.5,98.79000091552734,17.610000610351562,4.364999771118164
2025-06-05,584.8218994140625,521.688720703125,3350.699951171875,98.73999786376953,18.479999542236328,4.394000053405762
2025-06-06,590.8275146484375,526.788330078125,3322.699951171875,99.19000244140625,16.770000457763672,4.510000228881836
2025-06-09,591.3599243164062,527.5637817382812,3332.10009765625,98.94000244140625,17.15999984741211,4.48199987411499
2025-06-10,594.7127685546875,531.0531005859375,3320.89990234375,99.05000305175781,16.950000762939453,4.473999977111816
2025-06-11,593.0166625976562,529.263671875,3321.300048828125,98.62999725341797,17.260000228881836,4.4120001792907715
2025-06-12,595.3734741210938,530.5062866210938,3380.89990234375,97.91999816894531,18.020000457763672,4.35699987411499
2025-06-13,588.7171630859375,523.8458862304688,3431.199951171875,98.18000030517578,20.81999969482422,4.423999786376953
2025-06-16,594.318359375,531.132568359375,3396.39990234375,98.0,19.110000610351562,4.452000141143799
2025-06-17,589.2398681640625,525.953369140625,3386.60009765625,98.81999969482422,21.600000381469727,4.39300012588501
2025-06-18,589.151123046875,525.8638305664062,3389.800048828125,98.91000366210938,20.139999389648438,4.396999835968018
2025-06-20,587.7673950195312,523.7166748046875,3368.10009765625,98.70999908447266,20.6200008392334,4.375
2025-06-23,593.572998046875,529.1017456054688,3377.699951171875,98.41999816894531,19.829999923706055,4.320000171661377
2025-06-24,600.1304321289062,537.1928100585938,3317.39990234375,97.86000061035156,17.479999542236328,4.293000221252441
2025-06-25,600.4666748046875,538.5661010742188,3327.10009765625,97.68000030517578,16.760000228881836,4.293000221252441
2025-06-26,605.16455078125,543.601806640625,3333.5,97.1500015258789,16.59000015258789,4.252999782562256
2025-06-27,608.1713256835938,545.4629516601562,3273.699951171875,97.4000015258789,16.31999969482422,4.2829999923706055
2025-06-30,611.0790405273438,548.9959106445312,3294.39990234375,96.87999725341797,16.729999542236328,4.230000019073486
2025-07-01,610.88134765625,544.3682250976562,3336.699951171875,96.81999969482422,16.829999923706055,4.250999927520752
2025-07-02,613.650634765625,548.159912109375,3348.0,96.77999877929688,16.639999389648438,4.293000221252441
2025-07-03,618.4869995117188,553.553955078125,3331.60009765625,97.18000030517578,16.3799991607666,4.3480000495910645
2025-07-04,,,3332.5,,,
2025-07-07,613.8780517578125,549.384033203125,3332.199951171875,97.4800033569336,17.790000915527344,4.394999980926514
2025-07-08,613.5418090820312,549.692626953125,3307.0,97.51000213623047,16.809999465942383,4.414999961853027
2025-07-09,617.2210083007812,553.5838012695312,3311.60009765625,97.47000122070312,15.9399995803833,4.3420000076293945
2025-07-10,618.9617919921875,552.7876586914062,3317.39990234375,97.6500015258789,15.779999732971191,4.3460001945495605
2025-07-11,616.7858276367188,551.5436401367188,3356.0,97.8499984741211,16.399999618530273,4.422999858856201
2025-07-14,617.9627685546875,553.5440063476562,3351.5,98.08000183105469,17.200000762939453,4.427000045776367
2025-07-15,615.3220825195312,554.051513671875,3329.800048828125,98.62000274658203,17.3799991607666,4.488999843597412
2025-07-16,617.3792724609375,554.618896484375,3352.5,98.38999938964844,17.15999984741211,4.454999923706055
2025-07-17,621.1574096679688,559.107177734375,3340.10009765625,98.7300033569336,16.520000457763672,4.4629998207092285
2025-07-18,620.7024536132812,558.56982421875,3353.0,98.4800033569336,16.40999984741211,4.432000160217285
2025-07-21,621.87939453125,561.4658813476562,3401.89990234375,97.8499984741211,16.649999618530273,4.372000217437744
2025-07-22,621.9683837890625,558.5598754882812,3439.199951171875,97.38999938964844,16.5,4.335999965667725
2025-07-23,627.2598876953125,561.1075439453125,3394.10009765625,97.20999908447266,15.369999885559082,4.388000011444092
2025-07-24,627.4674682617188,562.3018188476562,3371.0,97.37999725341797,15.390000343322754,4.4079999923706055
2025-07-25,630.1181640625,563.6553344726562,3334.0,97.6500015258789,14.930000305175781,4.386000156402588
2025-07-28,629.9598388671875,565.4168701171875,3309.10009765625,98.66000366210938,15.029999732971191,4.420000076293945
2025-07-29,628.29833984375,564.5410766601562,3323.39990234375,98.91000366210938,15.979999542236328,4.329999923706055
2025-07-30,627.5070190429688,565.2974243164062,3295.800048828125,99.94000244140625,15.479999542236328,4.375999927520752
2025-07-31,625.1531372070312,562.3018188476562,3293.199951171875,100.02999877929688,16.719999313354492,4.360000133514404
2025-08-01,614.9066162109375,551.2251586914062,3347.699951171875,98.69000244140625,20.3799991607666,4.21999979019165
2025-08-04,624.2530517578125,561.3961791992188,3374.39990234375,98.77999877929688,17.520000457763672,4.199999809265137
2025-08-05,621.088134765625,557.5845947265625,3381.89990234375,98.77999877929688,17.850000381469727,4.196000099182129
2025-08-06,625.845458984375,564.600830078125,3380.0,98.18000030517578,16.770000457763672,4.21999979019165
2025-08-07,625.3212890625,566.5115356445312,3400.300048828125,98.4000015258789,16.56999969482422,4.24399995803833
2025-08-08,630.1972045898438,571.796142578125,3439.10009765625,98.18000030517578,15.149999618530273,4.284999847412109
2025-08-11,628.9509887695312,570.1041870117188,3353.10009765625,98.5199966430664,16.25,4.2729997634887695
2025-08-12,635.6469116210938,577.2697143554688,3348.89990234375,98.0999984741211,14.729999542236328,4.293000221252441
2025-08-13,637.82275390625,577.5584106445312,3358.699951171875,97.83999633789062,14.489999771118164,4.23799991607666
2025-08-14,637.882080078125,577.1104736328125,3335.199951171875,98.25,14.829999923706055,4.293000221252441
2025-08-15,636.3886108398438,574.5728149414062,3336.0,97.8499984741211,15.09000015258789,4.328000068664551
2025-08-18,636.2501220703125,574.3438720703125,3331.699951171875,98.16999816894531,14.989999771118164,4.341000080108643
2025-08-19,632.7984008789062,566.5513305664062,3313.39990234375,98.2699966430664,15.569999694824219,4.302000045776367
2025-08-20,631.1170043945312,563.1875610351562,3343.39990234375,98.22000122070312,15.6899995803833,4.296000003814697
2025-08-21,628.5850830078125,560.5802001953125,3336.89990234375,98.62000274658203,16.600000381469727,4.329999923706055
2025-08-22,638.2380981445312,569.2284545898438,3374.39990234375,97.72000122070312,14.220000267028809,4.260000228881836
2025-08-25,635.4292602539062,567.5864868164062,3373.800048828125,98.43000030517578,14.789999961853027,4.275000095367432
2025-08-26,638.0897827148438,569.8653564453125,3388.60009765625,98.2300033569336,14.619999885559082,4.257999897003174
2025-08-27,639.543701171875,570.7412109375,3404.60009765625,98.2300033569336,14.850000381469727,4.23799991607666
2025-08-28,641.80859375,574.31396484375,3431.800048828125,97.80999755859375,14.430000305175781,4.206999778747559
2025-08-29,637.9810180664062,567.666015625,3473.699951171875,97.7699966430664,15.359999656677246,4.2270002365112305
2025-09-02,633.2533569335938,562.908935546875,3549.39990234375,98.4000015258789,17.170000076293945,4.2769999504089355
2025-09-03,636.6853637695312,567.3375854492188,3593.199951171875,98.13999938964844,16.350000381469727,4.210999965667725
2025-09-04,642.00634765625,572.4728393554688,3565.800048828125,98.3499984741211,15.300000190734863,4.176000118255615
2025-09-05,640.1469116210938,573.2988891601562,3613.199951171875,97.7699966430664,15.180000305175781,4.085999965667725
2025-09-08,641.7196044921875,576.0953979492188,3638.10009765625,97.44999694824219,15.109999656677246,4.046000003814697
2025-09-09,643.2031860351562,577.7275390625,3643.300048828125,97.79000091552734,15.039999961853027,4.073999881744385
2025-09-10,645.0625,577.9166870117188,3643.60009765625,97.77999877929688,15.350000381469727,4.0320000648498535
2025-09-11,650.4231567382812,581.2804565429688,3636.89990234375,97.54000091552734,14.710000038146973,4.011000156402588
2025-09-12,650.2054443359375,583.8480834960938,3649.39990234375,97.55000305175781,14.760000228881836,4.060999870300293
2025-09-15,653.6671142578125,588.843994140625,3682.199951171875,97.30000305175781,15.6899995803833,4.033999919891357
2025-09-16,652.7671508789062,588.3463745117188,3688.89990234375,96.62999725341797,16.360000610351562,4.026000022888184
2025-09-17,651.9561157226562,587.172119140625,3681.800048828125,96.87000274658203,15.720000267028809,4.076000213623047
2025-09-18,655.0023803710938,592.4666137695312,3643.699951171875,97.3499984741211,15.699999809265137,4.104000091552734
2025-09-19,658.2465209960938,596.4772338867188,3671.5,97.63999938964844,15.449999809265137,4.138999938964844
2025-09-22,661.3607788085938,600.0083618164062,3740.699951171875,97.33000183105469,16.100000381469727,4.14300012588501
2025-09-23,657.7606201171875,596.02294921875,3780.60009765625,97.26000213623047,16.639999389648438,4.119999885559082
2025-09-24,655.6678466796875,593.9305419921875,3732.10009765625,97.87000274658203,16.18000030517578,4.146999835968018
2025-09-25,652.6429443359375,591.3699340820312,3736.89990234375,98.55000305175781,16.739999771118164,4.171999931335449
2025-09-26,656.3820190429688,593.801025390625,3775.300048828125,98.1500015258789,15.289999961853027,4.186999797821045
2025-09-29,658.2266845703125,596.5509643554688,3820.89990234375,97.91000366210938,16.1200008392334,4.140999794006348
2025-09-30,660.7061157226562,598.18505859375,3840.800048828125,97.7699966430664,16.280000686645508,4.1479997634887695
2025-10-01,662.9574584960938,601.0545043945312,3867.5,97.70999908447266,16.290000915527344,4.105999946594238
2025-10-02,663.7210693359375,603.5254516601562,3839.699951171875,97.8499984741211,16.6299991607666,4.0879998207092285
2025-10-03,663.7112426757812,600.9848022460938,3880.800048828125,97.72000122070312,16.649999618530273,4.11899995803833
2025-10-06,666.0914916992188,605.498291015625,3948.5,98.11000061035156,16.3700008392334,4.1620001792907715
2025-10-07,663.6219482421875,602.3099365234375,3976.60009765625,98.58000183105469,17.239999771118164,4.126999855041504
2025-10-08,667.5791625976562,609.2147216796875,4043.300048828125,98.8499984741211,16.299999237060547,4.129000186920166
2025-10-09,665.6452026367188,608.4774169921875,3946.300048828125,99.54000091552734,16.43000030517578,4.1479997634887695
2025-10-10,647.6542358398438,587.3546142578125,3975.89990234375,98.9800033569336,21.65999984741211,4.051000118255615
2025-10-13,657.5919189453125,599.8190307617188,4108.60009765625,99.2699966430664,19.030000686645508,4.051000118255615
2025-10-14,656.78857421875,595.8236694335938,4138.7001953125,99.05000305175781,20.809999465942383,4.021999835968018
2025-10-15,659.7044067382812,600.0282592773438,4176.89990234375,98.79000091552734,20.639999389648438,4.046000003814697
2025-10-16,655.2116088867188,597.806396484375,4280.2001953125,98.38999938964844,25.309999465942383,3.9760000705718994
2025-10-17,658.9308471679688,601.7320556640625,4189.89990234375,98.43000030517578,20.780000686645508,4.006999969482422
2025-10-20,665.7840576171875,609.3143310546875,4336.39990234375,98.58999633789062,18.229999542236328,3.9860000610351562
2025-10-21,665.7741088867188,609.1549682617188,4087.699951171875,98.93000030517578,17.8700008392334,3.9630000591278076
2025-10-22,662.3128051757812,603.286376953125,4044.39990234375,98.9000015258789,18.600000381469727,3.953000068664551
2025-10-23,666.2402954101562,608.3578491210938,4125.5,98.94000244140625,17.299999237060547,3.990999937057495
2025-10-24,671.6851806640625,614.8540649414062,4118.39990234375,98.94999694824219,16.3700008392334,3.996999979019165
2025-10-27,679.6094970703125,625.8041381835938,4001.89990234375,98.77999877929688,15.789999961853027,3.996999979019165
2025-10-28,681.41455078125,630.6165771484375,3966.199951171875,98.69000244140625,16.420000076293945,3.9830000400543213
2025-10-29,681.7418823242188,633.4562377929688,3983.699951171875,99.22000122070312,16.920000076293945,4.058000087738037
2025-10-30,674.2440185546875,623.7715454101562,4001.300048828125,99.52999877929688,16.90999984741211,4.0929999351501465
2025-10-31,676.45556640625,626.7806396484375,3982.199951171875,99.80000305175781,17.440000534057617,4.10099983215332
2025-11-03,677.7251586914062,629.7796020507812,4000.300048828125,99.87000274658203,17.170000076293945,4.105999946594238
2025-11-04,669.6917114257812,616.9962768554688,3947.699951171875,100.22000122070312,19.0,4.089000225067139
2025-11-05,672.012451171875,621.01171875,3980.300048828125,100.19999694824219,18.010000228881836,4.1570000648498535
2025-11-06,664.8021850585938,609.4439086914062,3979.89990234375,99.7300033569336,19.5,4.0929999351501465
2025-11-07,665.4567260742188,607.5209350585938,3999.39990234375,99.5999984741211,19.079999923706055,4.0929999351501465
2025-11-10,675.8406982421875,620.9618530273438,4111.7998046875,99.62000274658203,17.600000381469727,4.110000133514404
2025-11-11,677.3878784179688,619.307861328125,4106.7998046875,99.45999908447266,17.280000686645508,4.119999885559082
2025-11-12,677.7648315429688,618.8196411132812,4204.39990234375,99.4800033569336,17.510000228881836,4.065000057220459
2025-11-13,666.5180053710938,606.1858520507812,4186.89990234375,99.18000030517578,20.0,4.111999988555908
2025-11-14,666.4088745117188,606.6441040039062,4087.60009765625,99.2699966430664,19.829999923706055,4.1479997634887695
2025-11-17,660.2003173828125,601.4630737304688,4068.300048828125,99.58999633789062,22.3799991607666,4.132999897003174
2025-11-18,654.65625,594.1397094726562,4061.300048828125,99.55000305175781,24.690000534057617,4.123000144958496
2025-11-19,657.185302734375,597.6868286132812,4077.699951171875,100.2300033569336,23.65999984741211,4.132999897003174
2025-11-20,647.1683349609375,583.5384521484375,4056.5,100.16000366210938,26.420000076293945,4.105999946594238
2025-11-21,653.6149291992188,587.9224853515625,4076.699951171875,100.18000030517578,23.43000030517578,4.063000202178955
2025-11-24,663.235107421875,602.9575805664062,4091.89990234375,100.13999938964844,20.520000457763672,4.038000106811523
2025-11-25,669.4735107421875,606.674072265625,4139.2001953125,99.66000366210938,18.559999465942383,4.001999855041504
2025-11-26,674.09521484375,612.034423828125,4165.2001953125,99.5999984741211,17.190000534057617,3.997999906539917
2025-11-28,677.7747192382812,616.9962768554688,4218.2998046875,99.45999908447266,16.350000381469727,4.017000198364258
2025-12-01,674.6802978515625,614.923828125,4239.2998046875,99.41000366210938,17.239999771118164,4.0960001945495605
2025-12-02,675.9300537109375,619.7362670898438,4186.60009765625,99.36000061035156,16.59000015258789,4.085999965667725
2025-12-03,678.2706298828125,621.250732421875,4199.2998046875,98.8499984741211,16.079999923706055,4.057000160217285
2025-12-04,678.7664794921875,620.6729125976562,4211.7998046875,98.98999786376953,15.779999732971191,4.107999801635742
2025-12-05,680.0557861328125,623.20361328125,4212.89990234375,98.98999786376953,15.40999984741211,4.138999938964844
2025-12-08,678.0127563476562,622.0079956054688,4187.2001953125,99.08999633789062,16.65999984741211,4.171999931335449
2025-12-09,677.4275512695312,622.775146484375,4206.7001953125,99.22000122070312,16.93000030517578,4.185999870300293
2025-12-10,681.92041015625,625.3258666992188,4196.39990234375,98.79000091552734,15.770000457763672,4.164000034332275
2025-12-11,683.5072021484375,623.3032836914062,4285.5,98.3499984741211,14.850000381469727,4.140999794006348
2025-12-12,676.1581420898438,611.3867797851562,4300.10009765625,98.4000015258789,15.739999771118164,4.193999767303467
2025-12-15,675.1365356445312,608.3179931640625,4306.7001953125,98.1500015258789,16.5,4.182000160217285
2025-12-16,673.2918701171875,609.5235595703125,4304.5,98.1500015258789,16.479999542236328,4.14900016784668
2025-12-17,665.8832397460938,598.224853515625,4347.5,98.37000274658203,17.6200008392334,4.151000022888184
2025-12-18,670.9114990234375,606.8931884765625,4339.5,98.43000030517578,16.8700008392334,4.116000175476074
2025-12-19,676.9923095703125,614.8043212890625,4361.39990234375,98.5999984741211,14.90999984741211,4.151000022888184
2025-12-22,681.2098999023438,617.7513427734375,4444.60009765625,98.29000091552734,14.079999923706055,4.169000148773193
2025-12-23,684.3233032226562,620.6444702148438,4482.7998046875,97.94000244140625,14.0,4.169000148773193
2025-12-24,686.7305297851562,622.4602661132812,4480.60009765625,97.9800033569336,13.470000267028809,4.136000156402588
2025-12-26,686.660888671875,622.4202880859375,4529.10009765625,98.0199966430664,13.600000381469727,4.136000156402588
2025-12-29,684.2138671875,619.4074096679688,4325.10009765625,98.04000091552734,14.199999809265137,4.116000175476074
2025-12-30,683.3783569335938,617.9707641601562,4370.10009765625,98.23999786376953,14.329999923706055,4.130000114440918
2025-12-31,678.3152465820312,612.8628540039062,4325.60009765625,98.27999877929688,14.949999809265137,4.163000106811523
2026-01-02,679.55859375,611.6757202148438,4314.39990234375,98.41999816894531,14.510000228881836,4.186999797821045
2026-01-05,684.0845336914062,616.5341796875,4436.89990234375,98.2699966430664,14.899999618530273,4.164999961853027
2026-01-06,688.1529541015625,621.951416015625,4482.2001953125,98.58000183105469,14.75,4.178999900817871
2026-01-07,685.9347534179688,622.550048828125,4449.2998046875,98.68000030517578,15.380000114440918,4.138000011444092
2026-01-08,685.8651123046875,619.0083618164062,4449.7001953125,98.93000030517578,15.449999809265137,4.183000087738037
2026-01-09,690.4010009765625,625.173828125,4490.2998046875,99.12999725341797,14.489999771118164,4.171000003814697
2026-01-12,691.4852294921875,625.6925659179688,4604.2998046875,98.86000061035156,15.119999885559082,4.186999797821045
2026-01-13,690.1026000976562,624.7647705078125,4589.2001953125,99.12999725341797,15.979999542236328,4.171000003814697
2026-01-14,686.7106323242188,618.0905151367188,4626.2998046875,99.12999725341797,16.75,4.139999866485596
2026-01-15,688.5806884765625,620.3153076171875,4616.2998046875,99.31999969482422,15.84000015258789,4.159999847412109
2026-01-16,688.0037231445312,619.7965087890625,4588.39990234375,99.38999938964844,15.859999656677246,4.230999946594238
2026-01-20,673.9981689453125,606.6276245117188,4759.60009765625,98.63999938964844,20.09000015258789,4.295000076293945
2026-01-21,681.77685546875,614.8282470703125,4831.7998046875,98.76000213623047,16.899999618530273,4.252999782562256
2026-01-22,685.3379516601562,619.2976684570312,4908.7998046875,98.36000061035156,15.640000343322754,4.249000072479248
2026-01-23,685.5865478515625,621.2530517578125,4976.2001953125,97.5999984741211,16.09000015258789,4.238999843597412
2026-01-26,689.0680541992188,623.9866333007812,5079.7001953125,97.04000091552734,16.149999618530273,4.2129998207092285
2026-01-27,691.8134765625,629.6432495117188,5079.89990234375,96.22000122070312,16.350000381469727,4.2230000495910645
2026-01-28,691.7438354492188,631.7283325195312,5301.60009765625,96.44999694824219,16.350000381469727,4.250999927520752
2026-01-29,690.3711547851562,627.947265625,5318.39990234375,96.27999877929688,16.8799991607666,4.2270002365112305
2026-01-30,688.3120727539062,620.4050903320312,4713.89990234375,96.98999786376953,17.440000534057617,4.241000175476074
2026-02-02,691.7339477539062,624.6650390625,4622.5,97.61000061035156,16.34000015258789,4.275000095367432
2026-02-03,685.885009765625,615.0676879882812,4903.7001953125,97.44000244140625,18.0,4.27400016784668
2026-02-04,682.5626831054688,604.3230590820312,4920.39990234375,97.62000274658203,18.639999389648438,4.275000095367432
2026-02-05,674.0379638671875,595.6236572265625,4861.39990234375,97.81999969482422,21.770000457763672,4.210000038146973
2026-02-06,686.96923828125,608.2138671875,4951.2001953125,97.62999725341797,20.3700008392334,4.205999851226807
2026-02-09,690.2816772460938,612.8728637695312,5050.89990234375,96.81999969482422,17.360000610351562,4.197999954223633
2026-02-10,688.4613037109375,610.029541015625,5003.7998046875,96.80000305175781,17.790000915527344,4.146999835968018
2026-02-11,688.3021850585938,611.6657104492188,5071.60009765625,96.83000183105469,17.649999618530273,4.171999931335449
2026-02-12,677.668701171875,599.22509765625,4923.7001953125,96.93000030517578,20.81999969482422,4.104000091552734
2026-02-13,678.1461181640625,600.5020751953125,5022.0,96.87999725341797,20.600000381469727,4.056000232696533
2026-02-17,679.2402954101562,599.8834838867188,4882.89990234375,97.16000366210938,20.290000915527344,4.052000045776367
2026-02-18,682.662109375,604.3629150390625,4986.5,97.69999694824219,19.6200008392334,4.078999996185303
2026-02-19,680.8616333007812,602.0484008789062,4975.89990234375,97.93000030517578,20.229999542236328,4.074999809265137
2026-02-20,685.7855834960938,607.3758544921875,5059.2998046875,97.80000305175781,19.09000015258789,4.085999965667725
2026-02-23,678.7827758789062,599.9932250976562,5204.7001953125,97.69999694824219,21.010000228881836,4.0289998054504395
2026-02-24,683.7164916992188,606.4380493164062,5155.7998046875,97.87999725341797,19.549999237060547,4.0329999923706055
2026-02-25,689.4859008789062,615.227294921875,5206.39990234375,97.69999694824219,17.93000030517578,4.047999858856201
2026-02-26,685.6561889648438,607.8048095703125,5176.5,97.79000091552734,18.6299991607666,4.017000198364258
2026-02-27,682.3637084960938,605.859375,5230.5,97.61000061035156,19.860000610351562,3.9619998931884766
2026-03-02,682.751708984375,606.6575317382812,5294.39990234375,98.37999725341797,21.440000534057617,4.047999858856201
2026-03-03,676.7337036132812,600.1629028320312,5107.39990234375,99.05000305175781,23.56999969482422,4.056000232696533
2026-03-04,681.5082397460938,609.311279296875,5120.2001953125,98.7699966430664,21.149999618530273,4.079999923706055
2026-03-05,677.70849609375,607.4755249023438,5065.2998046875,99.31999969482422,23.75,4.145999908447266
2026-03-06,668.82568359375,598.337158203125,5146.10009765625,98.98999786376953,29.489999771118164,4.132999897003174
2026-03-09,674.6845703125,606.3283081054688,5091.5,99.18000030517578,25.5,4.136000156402588
2026-03-10,673.6002807617188,606.3383178710938,5229.7001953125,98.83000183105469,24.93000030517578,4.136000156402588
2026-03-11,672.7548217773438,606.2584838867188,5167.39990234375,99.2300033569336,24.229999542236328,4.208000183105469
2026-03-12,662.5390625,595.8530883789062,5115.7998046875,99.73999786376953,27.290000915527344,4.2729997634887695
2026-03-13,658.7890014648438,592.3213500976562,5052.5,100.36000061035156,27.190000534057617,4.284999847412109
2026-03-16,665.493408203125,598.9656982421875,4994.0,99.70999908447266,23.510000228881836,4.21999979019165
2026-03-17,667.2440185546875,601.8887939453125,5001.0,99.58000183105469,22.3700008392334,4.202000141143799
2026-03-18,657.9335327148438,593.4986572265625,4889.89990234375,100.08999633789062,25.09000015258789,4.258999824523926
2026-03-19,656.3121948242188,591.623046875,4600.7001953125,99.2300033569336,24.059999465942383,4.281000137329102
2026-03-20,646.9034423828125,580.6888427734375,4570.39990234375,99.6500015258789,26.780000686645508,4.390999794006348
2026-03-23,653.6959228515625,587.3545532226562,4404.10009765625,98.94999694824219,26.149999618530273,4.334000110626221
2026-03-24,651.5015869140625,583.3389282226562,4399.2998046875,99.43000030517578,26.950000762939453,4.392000198364258
2026-03-25,655.1322021484375,587.1747436523438,4549.7998046875,99.5999984741211,25.329999923706055,4.328000068664551
2026-03-26,643.432373046875,573.1600952148438,4375.5,99.9000015258789,27.440000534057617,4.415999889373779
2026-03-27,632.4606323242188,561.9624633789062,4492.0,100.1500015258789,31.049999237060547,4.440000057220459
2026-03-30,630.3460693359375,557.6671752929688,4526.0,100.51000213623047,30.610000610351562,4.3420000076293945
2026-03-31,648.6688842773438,576.54638671875,4647.60009765625,99.95999908447266,25.25,4.310999870300293
2026-04-01,653.5562744140625,583.6685791015625,4783.2001953125,99.6500015258789,24.540000915527344,4.318999767303467
2026-04-02,654.144775390625,584.3378295898438,4651.5,100.02999877929688,23.8700008392334,4.313000202178955
2026-04-06,657.23681640625,587.85400390625,4656.7998046875,99.9800033569336,24.170000076293945,4.335000038146973
2026-04-07,657.5260009765625,587.9439086914062,4657.10009765625,99.63999938964844,25.780000686645508,4.3429999351501465
2026-04-08,674.27294921875,605.4246826171875,4749.5,99.12999725341797,21.040000915527344,4.290999889373779
2026-04-09,678.162841796875,609.5202026367188,4792.2001953125,98.81999969482422,19.489999771118164,4.293000221252441
2026-04-10,677.7140502929688,610.3992309570312,4761.89990234375,98.6500015258789,19.229999542236328,4.316999912261963
2026-04-13,684.3369750976562,616.7122802734375,4742.39990234375,98.37000274658203,19.1200008392334,4.296999931335449
2026-04-14,692.675537109375,627.909912109375,4825.0,98.12000274658203,18.360000610351562,4.25600004196167
2026-04-15,698.1414184570312,636.7003173828125,4800.0,98.05999755859375,18.170000076293945,4.2820000648498535
2026-04-16,699.8569946289062,639.7669067382812,4785.39990234375,98.22000122070312,17.940000534057617,4.309000015258789
2026-04-17,708.3152465820312,648.1376953125,4857.60009765625,98.0999984741211,17.479999542236328,4.245999813079834
2026-04-20,706.8988037109375,646.0799560546875,4806.60009765625,98.05000305175781,18.8700008392334,4.25
2026-04-21,702.2708129882812,643.6226806640625,4698.39990234375,98.41000366210938,19.5,4.291999816894531
2026-04-22,709.3825073242188,654.390869140625,4732.5,98.58999633789062,18.920000076293945,4.294000148773193
2026-04-23,706.6295776367188,650.7048950195312,4705.10009765625,98.80000305175781,19.309999465942383,4.322999954223633
2026-04-24,712.10546875,663.1512451171875,4722.2998046875,98.51000213623047,18.709999084472656,4.309999942779541
2026-04-27,713.332275390625,663.5008544921875,4675.39990234375,98.4800033569336,18.020000457763672,4.335999965667725
2026-04-28,709.8612060546875,656.8281860351562,4591.5,98.62000274658203,17.829999923706055,4.354000091552734
2026-04-29,709.7515258789062,660.84375,4545.2001953125,98.91999816894531,18.809999465942383,4.418000221252441
2026-04-30,716.8132934570312,667.0069580078125,4614.7001953125,98.08000183105469,16.889999389648438,4.389999866485596
2026-05-01,718.7982177734375,673.4099731445312,4629.89990234375,98.20999908447266,16.989999771118164,4.377999782562256
2026-05-04,716.1649780273438,672.141357421875,4519.5,98.47000122070312,18.290000915527344,4.446000099182129
2026-05-05,721.9102172851562,680.8617553710938,4555.7998046875,98.4800033569336,17.3799991607666,4.415999889373779
2026-05-06,731.9443359375,695.0062255859375,4681.89990234375,98.0199966430664,17.389999389648438,4.355999946594238
2026-05-07,729.7001342773438,694.1771240234375,4699.7998046875,98.25,17.079999923706055,4.392000198364258
2026-05-08,735.724609375,710.44921875,4720.39990234375,97.83999633789062,17.190000534057617,4.363999843597412
2026-05-11,737.4002685546875,712.5069580078125,4718.7001953125,97.94000244140625,18.3799991607666,4.409999847412109
2026-05-12,736.2831420898438,706.463623046875,4677.60009765625,98.29000091552734,17.989999771118164,4.4629998207092285
2026-05-13,740.4025268554688,713.9254760742188,4697.7001953125,98.4800033569336,17.8700008392334,4.480999946594238
2026-05-14,746.2474975585938,718.9998168945312,4678.10009765625,98.87999725341797,17.260000228881836,4.460999965667725
2026-05-15,737.2706298828125,708.1517944335938,4555.7998046875,99.2699966430664,18.43000030517578,4.59499979019165
2026-05-18,736.751953125,705.1051025390625,4552.5,98.97000122070312,17.81999969482422,4.623000144958496
2026-05-19,731.8446044921875,700.7599487304688,4506.2998046875,99.30000305175781,18.059999465942383,4.666999816894531
2026-05-20,739.3452758789062,712.3671875,4531.2998046875,99.11000061035156,17.440000534057617,4.572000026702881
2026-05-21,740.8114624023438,713.7256469726562,4539.7998046875,99.19000244140625,16.760000228881836,4.585999965667725
2026-05-22,743.7239990234375,716.7523193359375,4521.0,99.31999969482422,16.700000762939453,4.558000087738037
2026-05-25,,,,,16.59000015258789,
2026-05-26,748.6613159179688,729.4783935546875,4500.39990234375,99.16999816894531,17.010000228881836,4.493000030517578
2026-05-27,748.5316162109375,728.6492919921875,4447.5,99.20999908447266,16.290000915527344,4.480999946594238
2026-05-28,752.6609497070312,734.79248046875,4499.2998046875,99.0199966430664,15.739999771118164,4.454999923706055
2026-05-29,754.5361328125,737.49951171875,4560.5,98.91000366210938,15.319999694824219,4.453000068664551
2026-06-01,756.5908203125,741.9246826171875,4475.2001953125,99.19999694824219,16.049999237060547,4.474999904632568
2026-06-02,757.6182250976562,745.3408813476562,4489.10009765625,99.22000122070312,15.770000457763672,4.454999923706055
2026-06-03,752.3018798828125,743.39306640625,4436.7001953125,99.52999877929688,16.059999465942383,4.491000175476074
2026-06-04,755.1445922851562,739.7969970703125,4475.7998046875,99.41000366210938,15.399999618530273,4.4770002365112305
2026-06-05,735.65478515625,704.2860107421875,4337.10009765625,100.06999969482422,21.510000228881836,4.535999774932861
2026-06-08,737.3204345703125,715.283935546875,4335.89990234375,100.05000305175781,18.920000076293945,4.552000045776367
2026-06-09,735.1560668945312,707.052978515625,4260.0,99.91000366210938,19.8700008392334,4.5279998779296875
2026-06-10,723.56591796875,692.9285278320312,4108.2001953125,99.94999694824219,22.219999313354492,4.541999816894531
2026-06-11,735.8642578125,716.332763671875,4090.300048828125,99.86000061035156,19.440000534057617,4.4629998207092285
2026-06-12,739.843994140625,720.5481567382812,4215.0,99.75,17.68000030517578,4.486999988555908
2026-06-15,752.890380859375,743.1832885742188,4328.0,99.62999725341797,16.200000762939453,4.468999862670898
2026-06-16,748.4019775390625,729.0587768554688,4330.89990234375,99.54000091552734,16.40999984741211,4.427999973297119
2026-06-17,739.0560302734375,721.7168579101562,4358.89990234375,100.08999633789062,18.440000534057617,4.4629998207092285
2026-06-18,746.739990234375,739.8070068359375,4224.10009765625,100.8499984741211,16.399999618530273,4.451000213623047
2026-06-22,744.3900146484375,737.9500122070312,4181.89990234375,101.0199966430664,17.280000686645508,4.508999824523926
2026-06-23,733.5800170898438,713.6500244140625,4129.89990234375,101.41000366210938,19.489999771118164,4.493000030517578
2026-06-24,733.239990234375,710.6199951171875,3990.300048828125,101.61000061035156,18.6299991607666,4.4019999504089355
2026-06-25,734.2999877929688,716.3800048828125,4030.5,101.43000030517578,18.889999389648438,4.392000198364258
2026-06-26,728.989990234375,706.52001953125,4078.699951171875,101.36000061035156,18.40999984741211,4.372000217437744
2026-06-29,741.0,724.0800170898438,4022.300048828125,101.11000061035156,17.649999618530273,4.374000072479248
2026-06-30,746.77001953125,736.4000244140625,4022.89990234375,101.19000244140625,16.450000762939453,4.418000221252441
2026-07-01,745.760009765625,725.1699829101562,4068.300048828125,101.38999938964844,16.59000015258789,4.474999904632568
2026-07-02,744.780029296875,712.5999755859375,4112.7001953125,100.86000061035156,16.149999618530273,4.485000133514404
2026-07-06,751.280029296875,722.8200073242188,4155.10009765625,100.8499984741211,15.569999694824219,4.479000091552734
2026-07-07,747.7100219726562,709.4299926757812,4145.2998046875,101.13999938964844,16.1299991607666,4.5289998054504395
2026-07-08,745.4000244140625,711.4400024414062,4070.89990234375,101.05000305175781,16.899999618530273,4.568999767303467
2026-07-09,751.7100219726562,723.280029296875,4130.60009765625,100.94000244140625,15.84000015258789,4.539000034332275
2026-07-10,754.9500122070312,725.510009765625,4104.10009765625,100.97000122070312,15.029999732971191,4.568999767303467
2026-07-13,749.1699829101562,711.739990234375,3997.0,101.27999877929688,17.15999984741211,4.609000205993652
2026-07-14,751.8300170898438,719.6900024414062,4061.10009765625,100.94000244140625,16.5,4.585000038146973
2026-07-15,754.8099975585938,717.739990234375,4044.0,100.5,15.670000076293945,4.545000076293945
2026-07-16,750.719970703125,705.9400024414062,3985.60009765625,100.7300033569336,16.729999542236328,4.568999767303467
2026-07-17,743.2899780273438,695.3300170898438,4012.699951171875,100.75,18.770000457763672,4.540999889373779
2026-07-20,742.0900268554688,696.0599975585938,4010.300048828125,100.98999786376953,18.649999618530273,4.5980000495910645
2026-07-21,748.280029296875,708.969970703125,4071.10009765625,101.18000030517578,,4.627999782562256
2026-07-22,747.4099731445312,705.3499755859375,4146.89990234375,101.13999938964844,,4.6570000648498535
2026-07-23,738.1799926757812,691.9600219726562,4046.60009765625,101.43000030517578,18.700000762939453,4.703000068664551
2026-07-24,738.9299926757812,684.22998046875,4067.60009765625,101.47000122070312,18.579999923706055,4.678999900817871
2026-07-27,739.0900268554688,682.1199951171875,4074.5,101.51000213623047,18.670000076293945,4.640999794006348
2026-07-28,740.8599853515625,675.489990234375,4036.300048828125,101.37999725341797,18.209999084472656,4.604000091552734
2026-07-29,729.4600219726562,661.72998046875,4034.699951171875,100.80000305175781,20.65999984741211,4.622000217437744
2026-07-30,741.6900024414062,683.5499877929688,4100.10009765625,100.01000213623047,17.09000015258789,4.663000106811523
2026-07-31,747.030029296875,687.989990234375,4049.10009765625,99.80000305175781,,4.744999885559082
2026-08-03,757.6699829101562,700.0700073242188,4033.699951171875,99.95999908447266,15.859999656677246,4.685999870300293
2026-08-04,771.3300170898438,723.8499755859375,4095.39990234375,99.88999938964844,16.5,4.626999855041504
2026-08-05,769.7899780273438,717.2999877929688,4245.7998046875,99.69000244140625,15.8100004196167,4.617000102996826
2026-08-06,768.5599975585938,714.6500244140625,4242.0,99.97000122070312,15.149999618530273,4.670000076293945
2026-08-07,773.260009765625,723.030029296875,4340.7001953125,99.5999984741211,14.899999618530273,4.659999847412109
2026-08-10,773.030029296875,720.8699951171875,4361.7998046875,99.80999755859375,15.460000038146973,4.698999881744385
2026-08-11,770.5599975585938,718.4500122070312,4383.0,99.81999969482422,15.279999732971191,4.684000015258789
2026-08-12,772.489990234375,723.7000122070312,4408.89990234375,100.01000213623047,14.550000190734863,4.682000160217285
2026-08-13,777.8800048828125,732.0700073242188,4363.60009765625,99.95999908447266,14.630000114440918,4.640999794006348
2026-08-14,776.3400268554688,731.0700073242188,4380.39990234375,99.66999816894531,14.25,4.696000099182129
2026-08-17,772.6699829101562,729.8699951171875,4450.5,99.63400268554688,15.1899995803833,4.723999977111816
