date,symbol,open,high,low,close,volume
2017-08-17,BTCUSDT,4029.87,4288.79,3879.82,4000.0,109854.42
2017-08-18,BTCUSDT,4000.0,4212.99,4000.0,4156.78,145730.49
2017-08-19,BTCUSDT,4156.78,4159.97,4129.8,4158.23,56159.18
2017-08-20,BTCUSDT,4158.23,4227.06,3856.24,4135.82,60700.84
2017-08-21,BTCUSDT,4135.82,4145.86,4043.75,4113.53,51346.1
2017-08-22,BTCUSDT,4113.53,4958.62,4113.53,4561.62,135891.87
2017-08-23,BTCUSDT,4561.62,4929.47,4561.62,4818.05,94922.09
2017-08-24,BTCUSDT,4818.05,4902.58,4527.88,4724.89,120049.16
2017-08-25,BTCUSDT,4724.89,5043.26,4632.68,4923.61,58299.13
2017-08-26,BTCUSDT,4923.61,5258.27,4923.61,5038.98,53539.66
2017-08-27,BTCUSDT,5038.98,5038.98,4465.19,4531.49,143871.52
2017-08-28,BTCUSDT,4531.49,4531.49,4231.45,4301.34,105030.15
2017-08-29,BTCUSDT,4301.34,4749.88,4301.34,4421.26,98198.1
2017-08-30,BTCUSDT,4421.26,4877.94,4421.26,4869.58,132821.91
2017-08-31,BTCUSDT,4869.58,5144.88,4718.51,4845.77,47270.52
2017-09-01,BTCUSDT,4845.77,5009.99,4657.44,4730.77,67256.71
2017-09-02,BTCUSDT,4730.77,4827.23,4668.42,4803.7,69411.2
2017-09-03,BTCUSDT,4803.7,4803.7,4536.02,4673.89,67359.75
2017-09-04,BTCUSDT,4673.89,4678.11,4273.03,4632.68,127419.78
2017-09-05,BTCUSDT,4632.68,4872.36,4630.79,4669.12,47964.01
2017-09-06,BTCUSDT,4669.12,4669.12,4325.62,4420.05,48785.98
2017-09-07,BTCUSDT,4420.05,4755.35,4420.05,4683.98,100256.24
2017-09-08,BTCUSDT,4683.98,4707.46,4326.0,4390.93,104275.49
2017-09-09,BTCUSDT,4390.93,4390.93,4012.3,4089.79,188490.96
2017-09-10,BTCUSDT,4089.79,4208.57,4089.79,4174.32,99984.24
2017-09-11,BTCUSDT,4174.32,4481.48,4174.32,4401.31,75411.33
2017-09-12,BTCUSDT,4401.31,4574.29,4285.36,4485.41,54654.87
2017-09-13,BTCUSDT,4485.41,4696.52,4288.99,4493.06,61450.25
2017-09-14,BTCUSDT,4493.06,4653.82,4320.73,4450.93,96210.21
2017-09-15,BTCUSDT,4450.93,4451.22,4338.37,4367.19,52881.44
2017-09-16,BTCUSDT,4367.19,4702.14,4367.19,4693.55,83211.22
2017-09-17,BTCUSDT,4693.55,5115.47,4693.55,4827.26,62527.66
2017-09-18,BTCUSDT,4827.26,4940.13,4718.9,4757.96,102881.67
2017-09-19,BTCUSDT,4757.96,5370.62,4757.96,5153.86,76601.34
2017-09-20,BTCUSDT,5153.86,5456.6,4796.79,5392.94,91972.33
2017-09-21,BTCUSDT,5392.94,5833.89,5392.94,5752.13,165161.35
2017-09-22,BTCUSDT,5752.13,6231.38,5752.13,6042.88,63903.21
2017-09-23,BTCUSDT,6042.88,6680.05,6042.88,6342.43,145692.04
2017-09-24,BTCUSDT,6342.43,6511.8,6342.43,6490.72,97080.34
2017-09-25,BTCUSDT,6490.72,6569.71,6143.71,6451.25,88675.16
2017-09-26,BTCUSDT,6451.25,6455.43,6160.69,6213.58,88474.18
2017-09-27,BTCUSDT,6213.58,6213.58,5535.54,5702.66,104736.65
2017-09-28,BTCUSDT,5702.66,6501.8,5702.66,5976.61,133740.81
2017-09-29,BTCUSDT,5976.61,5976.61,5327.83,5700.03,57484.42
2017-09-30,BTCUSDT,5700.03,6381.57,5700.03,6026.52,116280.53
2017-10-01,BTCUSDT,6026.52,6038.57,5624.43,5858.66,50766.1
2017-10-02,BTCUSDT,5858.66,6215.39,5858.66,6028.74,184133.03
2017-10-03,BTCUSDT,6028.74,6487.5,5930.01,6059.3,61073.51
2017-10-04,BTCUSDT,6059.3,6585.68,6059.3,6474.74,84792.81
2017-10-05,BTCUSDT,6474.74,6866.9,6293.28,6648.64,77456.08
2017-10-06,BTCUSDT,6648.64,6648.64,6252.08,6305.16,91283.02
2017-10-07,BTCUSDT,6305.16,6697.18,6055.39,6411.92,58580.51
2017-10-08,BTCUSDT,6411.92,7035.79,6411.92,6707.91,86258.84
2017-10-09,BTCUSDT,6707.91,6707.91,5849.13,6196.06,173574.93
2017-10-10,BTCUSDT,6196.06,6622.92,6196.06,6593.71,112703.49
2017-10-11,BTCUSDT,6593.71,6781.63,6443.36,6487.48,79181.97
2017-10-12,BTCUSDT,6487.48,6487.48,6014.05,6017.03,109026.12
2017-10-13,BTCUSDT,6017.03,6203.47,5871.33,5951.13,73254.89
2017-10-14,BTCUSDT,5951.13,5951.13,5321.28,5700.36,84937.64
2017-10-15,BTCUSDT,5700.36,5700.36,5189.16,5302.67,160349.82
2017-10-16,BTCUSDT,5302.67,5302.67,4915.22,5031.46,76435.87
2017-10-17,BTCUSDT,5031.46,5772.21,5031.46,5703.39,257643.96
2017-10-18,BTCUSDT,5703.39,5807.5,5519.92,5700.22,131964.28
2017-10-19,BTCUSDT,5700.22,5873.48,5507.58,5585.44,102656.36
2017-10-20,BTCUSDT,5585.44,5585.44,5289.49,5444.56,68747.72
2017-10-21,BTCUSDT,5444.56,5651.79,5095.94,5486.73,51739.76
2017-10-22,BTCUSDT,5486.73,5944.02,5148.61,5525.28,69441.41
2017-10-23,BTCUSDT,5525.28,5703.56,5281.89,5325.35,112364.75
2017-10-24,BTCUSDT,5325.35,5613.39,5325.35,5521.05,157992.35
2017-10-25,BTCUSDT,5521.05,5623.03,5280.24,5547.51,33697.47
2017-10-26,BTCUSDT,5547.51,6215.21,5490.51,5712.68,83623.23
2017-10-27,BTCUSDT,5712.68,6407.77,5712.68,6279.83,129880.45
2017-10-28,BTCUSDT,6279.83,6867.33,6279.83,6752.65,157650.2
2017-10-29,BTCUSDT,6752.65,7894.92,6752.65,7753.18,132699.37
2017-10-30,BTCUSDT,7753.18,8946.29,7728.5,8420.37,112183.78
2017-10-31,BTCUSDT,8420.37,8993.08,8420.37,8872.6,88503.01
2017-11-01,BTCUSDT,8872.6,9255.16,8562.29,8623.3,96660.4
2017-11-02,BTCUSDT,8623.3,9417.86,8623.3,9357.66,124750.03
2017-11-03,BTCUSDT,9357.66,9479.64,8965.46,9220.9,105848.77
2017-11-04,BTCUSDT,9220.9,10596.83,9220.9,10445.24,168199.64
2017-11-05,BTCUSDT,10445.24,11042.6,9973.4,10587.24,54812.44
2017-11-06,BTCUSDT,10587.24,11254.17,10587.24,11149.35,132280.52
2017-11-07,BTCUSDT,11149.35,11149.35,9844.88,10622.1,76473.41
2017-11-08,BTCUSDT,10622.1,12060.09,10622.1,10993.04,128327.34
2017-11-09,BTCUSDT,10993.04,10993.04,8901.53,9561.31,131758.47
2017-11-10,BTCUSDT,9561.31,9561.31,8898.5,9171.62,43248.78
2017-11-11,BTCUSDT,9171.62,9808.66,9171.62,9634.87,41131.07
2017-11-12,BTCUSDT,9634.87,9634.87,9311.68,9360.48,107928.36
2017-11-13,BTCUSDT,9360.48,9360.48,8880.41,9150.36,227983.01
2017-11-14,BTCUSDT,9150.36,9409.46,9101.17,9264.66,55335.19
2017-11-15,BTCUSDT,9264.66,10292.73,9264.66,9630.61,78918.04
2017-11-16,BTCUSDT,9630.61,10580.29,9630.61,10293.16,68871.23
2017-11-17,BTCUSDT,10293.16,10293.16,9018.13,9739.93,250756.51
2017-11-18,BTCUSDT,9739.93,10619.34,9739.93,10382.47,135396.33
2017-11-19,BTCUSDT,10382.47,10410.71,10271.94,10331.11,75149.2
2017-11-20,BTCUSDT,10331.11,11107.37,10331.11,10837.22,89193.38
2017-11-21,BTCUSDT,10837.22,11925.12,10837.22,11679.0,140401.43
2017-11-22,BTCUSDT,11679.0,11679.0,10922.23,11104.09,63890.22
2017-11-23,BTCUSDT,11104.09,11104.09,10261.81,10488.94,167556.36
2017-11-24,BTCUSDT,10488.94,11273.78,10426.31,10576.92,75919.12
2017-11-25,BTCUSDT,10576.92,11336.95,9874.25,10426.17,134388.74
2017-11-26,BTCUSDT,10426.17,11355.73,10183.53,11078.4,239288.08
2017-11-27,BTCUSDT,11078.4,12365.07,11078.4,11836.0,132825.19
2017-11-28,BTCUSDT,11836.0,13689.78,11836.0,13683.5,245375.33
2017-11-29,BTCUSDT,13683.5,14419.43,13567.89,13924.55,59054.21
2017-11-30,BTCUSDT,13924.55,14061.98,13135.75,14035.8,67872.16
2017-12-01,BTCUSDT,9707.96,10541.86,9707.96,10000.0,117356.34
2017-12-02,BTCUSDT,10000.0,10000.0,8450.25,8703.93,109237.59
2017-12-03,BTCUSDT,8703.93,9683.52,8703.93,9569.8,107477.35
2017-12-04,BTCUSDT,9569.8,13357.75,9569.8,12849.96,196786.77
2017-12-05,BTCUSDT,12849.96,13635.29,12849.96,13581.3,61695.83
2017-12-06,BTCUSDT,13581.3,15945.98,13581.3,15735.23,143968.16
2017-12-07,BTCUSDT,15735.23,19847.26,15735.23,19232.87,320839.38
2017-12-08,BTCUSDT,19232.87,19714.96,18135.99,18231.87,92794.58
2017-12-09,BTCUSDT,18231.87,18788.23,17248.45,17984.74,140002.41
2017-12-10,BTCUSDT,17984.74,20228.09,17984.74,19910.57,124566.69
2017-12-11,BTCUSDT,19910.57,22632.23,19910.57,21095.01,159775.0
2017-12-12,BTCUSDT,21095.01,24711.47,20959.77,23552.64,162695.37
2017-12-13,BTCUSDT,23552.64,27014.23,22375.72,22761.94,61695.92
2017-12-14,BTCUSDT,22761.94,22834.78,21712.24,22593.26,74920.82
2017-12-15,BTCUSDT,22593.26,27337.12,22593.26,26116.64,189894.09
2017-12-16,BTCUSDT,26116.64,26658.45,22867.73,25871.78,73943.79
2017-12-17,BTCUSDT,25871.78,28348.33,25723.9,25901.35,91124.56
2017-12-18,BTCUSDT,20098.12,21830.25,19387.13,20000.0,96401.57
2017-12-19,BTCUSDT,20000.0,21456.4,20000.0,20576.74,70108.63
2017-12-20,BTCUSDT,20576.74,22934.02,20576.74,22188.43,85202.28
2017-12-21,BTCUSDT,22188.43,22600.57,21252.5,22483.23,92852.08
2017-12-22,BTCUSDT,22483.23,22483.23,20840.35,21623.01,81235.85
2017-12-23,BTCUSDT,21623.01,21623.01,19040.3,19611.52,124550.2
2017-12-24,BTCUSDT,19611.52,21974.69,19325.59,21328.15,72683.72
2017-12-25,BTCUSDT,21328.15,23643.26,21328.15,22185.66,150542.81
2017-12-26,BTCUSDT,22185.66,23370.94,20333.98,22329.18,120228.28
2017-12-27,BTCUSDT,22329.18,23739.04,21347.0,23401.95,92324.94
2017-12-28,BTCUSDT,23401.95,23401.95,19621.73,20534.24,86427.78
2017-12-29,BTCUSDT,20534.24,24432.83,20534.24,21959.61,272285.93
2017-12-30,BTCUSDT,21959.61,24265.04,21959.61,23565.17,128536.17
2017-12-31,BTCUSDT,23565.17,23565.17,20348.22,22003.27,88507.21
2018-01-01,BTCUSDT,22003.27,22003.27,20304.86,21036.06,103838.65
2018-01-02,BTCUSDT,21036.06,22643.01,20625.31,21056.78,41720.86
2018-01-03,BTCUSDT,21056.78,21056.78,18237.62,18705.64,219068.74
2018-01-04,BTCUSDT,18705.64,18705.64,18077.67,18199.44,69595.9
2018-01-05,BTCUSDT,18199.44,19593.04,18199.44,19073.42,102256.59
2018-01-06,BTCUSDT,19073.42,20741.21,19073.42,20272.27,211894.97
2018-01-07,BTCUSDT,20272.27,20272.27,17105.83,18464.95,58481.3
2018-01-08,BTCUSDT,18464.95,24025.79,18464.95,20834.21,73701.2
2018-01-09,BTCUSDT,20834.21,23115.97,20834.21,22220.1,139028.33
2018-01-10,BTCUSDT,22220.1,23985.98,22220.1,23784.36,69629.53
2018-01-11,BTCUSDT,23784.36,24251.74,23290.21,23338.04,97642.16
2018-01-12,BTCUSDT,23338.04,25414.27,23330.71,25373.26,173121.8
2018-01-13,BTCUSDT,25373.26,28707.45,25373.26,28536.71,169736.98
2018-01-14,BTCUSDT,28536.71,28671.59,27641.58,27974.73,46673.57
2018-01-15,BTCUSDT,27974.73,27974.73,24625.78,25676.24,154024.46
2018-01-16,BTCUSDT,25676.24,25676.24,23305.38,23547.45,76081.78
2018-01-17,BTCUSDT,23547.45,23857.03,22284.98,22949.06,101204.5
2018-01-18,BTCUSDT,22949.06,27854.36,22949.06,26770.44,166656.72
2018-01-19,BTCUSDT,26770.44,29639.58,26770.44,29202.8,162754.13
2018-01-20,BTCUSDT,29202.8,29202.8,26944.42,27626.51,106736.9
2018-01-21,BTCUSDT,27626.51,28181.36,27138.71,27425.97,78201.06
2018-01-22,BTCUSDT,27425.97,28860.11,25199.12,26482.23,94052.81
2018-01-23,BTCUSDT,26482.23,27870.38,26482.23,27659.78,88379.14
2018-01-24,BTCUSDT,27659.78,27804.9,26096.05,26904.88,95771.76
2018-01-25,BTCUSDT,26904.88,26904.88,25200.67,26164.53,61474.86
2018-01-26,BTCUSDT,26164.53,27677.4,26164.53,26781.59,61162.86
2018-01-27,BTCUSDT,26781.59,26781.59,21922.94,23052.63,233042.25
2018-01-28,BTCUSDT,23052.63,23309.62,22070.52,22424.68,82489.5
2018-01-29,BTCUSDT,22424.68,24215.03,20012.09,22410.65,73769.53
2018-01-30,BTCUSDT,22410.65,22881.78,20810.71,22391.04,117246.87
2018-01-31,BTCUSDT,22391.04,22391.04,19699.85,21206.89,136517.9
2018-02-01,BTCUSDT,21206.89,26561.77,21206.89,24739.11,106154.66
2018-02-02,BTCUSDT,24739.11,28966.48,24739.11,27499.92,340506.47
2018-02-03,BTCUSDT,27499.92,27499.92,25235.56,25611.37,113735.56
2018-02-04,BTCUSDT,25611.37,28674.27,25611.37,27075.78,77480.49
2018-02-05,BTCUSDT,27075.78,27075.78,25239.36,25424.9,109379.53
2018-02-06,BTCUSDT,7867.17,8156.36,7867.17,8000.0,65838.36
2018-02-07,BTCUSDT,8000.0,8000.0,7638.77,7817.64,89589.84
2018-02-08,BTCUSDT,7817.64,8454.96,7764.77,8326.86,83780.48
2018-02-09,BTCUSDT,8326.86,8326.86,7515.2,8013.79,127530.95
2018-02-10,BTCUSDT,8013.79,8487.84,8013.79,8460.87,131366.55
2018-02-11,BTCUSDT,8460.87,8746.9,8460.87,8486.74,76766.21
2018-02-12,BTCUSDT,8486.74,8486.74,7540.18,7848.53,69700.53
2018-02-13,BTCUSDT,7848.53,7848.53,7182.85,7370.16,119784.37
2018-02-14,BTCUSDT,7370.16,7930.69,7370.16,7737.02,101082.68
2018-02-15,BTCUSDT,7737.02,8093.37,7737.02,7959.94,70437.44
2018-02-16,BTCUSDT,7959.94,8225.68,7959.94,8036.7,70161.05
2018-02-17,BTCUSDT,8036.7,8657.61,7985.42,8418.66,97830.84
2018-02-18,BTCUSDT,8418.66,8815.61,8418.66,8575.63,65255.63
2018-02-19,BTCUSDT,8575.63,8586.44,8349.27,8478.09,92877.86
2018-02-20,BTCUSDT,8478.09,8870.69,8478.09,8705.84,71076.48
2018-02-21,BTCUSDT,8705.84,9709.95,8705.84,9336.67,180875.34
2018-02-22,BTCUSDT,9336.67,10508.74,9336.67,10491.23,129344.21
2018-02-23,BTCUSDT,10491.23,12114.09,10491.23,11167.73,121487.36
2018-02-24,BTCUSDT,11167.73,13291.22,11167.73,12228.33,83147.88
2018-02-25,BTCUSDT,12228.33,12228.33,11877.82,11899.01,89965.1
2018-02-26,BTCUSDT,11899.01,14880.54,11899.01,13527.73,103934.8
2018-02-27,BTCUSDT,13527.73,13527.73,12643.12,13189.69,98208.45
2018-02-28,BTCUSDT,13189.69,13895.89,13189.69,13583.65,70345.3
2018-03-01,BTCUSDT,13583.65,14008.16,13520.39,13839.43,55167.3
2018-03-02,BTCUSDT,13839.43,13839.43,12545.63,12850.99,181863.24
2018-03-03,BTCUSDT,12850.99,13927.09,12702.83,13699.39,110522.61
2018-03-04,BTCUSDT,13699.39,13699.39,13105.87,13540.82,47224.91
2018-03-05,BTCUSDT,13540.82,13540.82,12826.28,12961.02,121301.1
2018-03-06,BTCUSDT,12961.02,13296.13,12961.02,13283.03,71870.89
2018-03-07,BTCUSDT,13283.03,13328.32,12618.02,12954.05,46540.63
2018-03-08,BTCUSDT,12954.05,14217.15,12954.05,13758.31,268282.59
2018-03-09,BTCUSDT,13758.31,14068.23,13507.23,13525.11,66230.53
2018-03-10,BTCUSDT,13525.11,14586.93,13322.49,13519.55,34235.56
2018-03-11,BTCUSDT,13519.55,14856.94,13519.55,14717.92,98177.39
2018-03-12,BTCUSDT,14717.92,15139.89,14170.18,14361.65,84768.87
2018-03-13,BTCUSDT,14361.65,15079.56,13828.25,14393.71,72158.64
2018-03-14,BTCUSDT,14393.71,15774.2,14393.71,15444.29,130134.65
2018-03-15,BTCUSDT,15444.29,15836.9,14918.27,15790.64,68648.94
2018-03-16,BTCUSDT,15790.64,15790.64,14784.4,15007.97,145855.26
2018-03-17,BTCUSDT,15007.97,15007.97,13300.6,13896.41,156694.76
2018-03-18,BTCUSDT,13896.41,13896.41,13307.55,13500.43,57827.26
2018-03-19,BTCUSDT,13500.43,14307.37,13500.43,13943.01,122281.01
2018-03-20,BTCUSDT,13943.01,15889.0,13943.01,15245.61,81502.22
2018-03-21,BTCUSDT,15245.61,16670.55,15245.61,16321.25,106400.67
2018-03-22,BTCUSDT,16321.25,16441.62,14767.14,15670.51,108491.51
2018-03-23,BTCUSDT,15670.51,15961.15,15334.89,15517.75,62992.53
2018-03-24,BTCUSDT,15517.75,17256.37,15517.75,16920.98,89971.73
2018-03-25,BTCUSDT,16920.98,16920.98,15350.96,15425.97,101762.44
2018-03-26,BTCUSDT,15425.97,15733.08,15425.97,15624.19,113992.88
2018-03-27,BTCUSDT,15624.19,15624.19,14862.07,14993.06,73417.69
2018-03-28,BTCUSDT,14993.06,17117.11,14993.06,16445.06,166289.64
2018-03-29,BTCUSDT,16445.06,18483.72,16445.06,17860.83,106149.51
2018-03-30,BTCUSDT,17860.83,18312.12,17860.83,18255.18,96193.84
2018-03-31,BTCUSDT,18255.18,18255.18,17060.37,17921.33,88016.53
2018-04-01,BTCUSDT,17921.33,21482.28,17921.33,19911.84,190127.46
2018-04-02,BTCUSDT,19911.84,20422.91,18846.08,19237.89,99198.87
2018-04-03,BTCUSDT,19237.89,20242.07,19237.89,19830.57,71534.27
2018-04-04,BTCUSDT,19830.57,20469.03,19317.14,19917.01,69643.34
2018-04-05,BTCUSDT,19917.01,21659.45,19917.01,21473.94,177077.33
2018-04-06,BTCUSDT,21473.94,21473.94,18914.22,19620.03,160174.66
2018-04-07,BTCUSDT,19620.03,21355.49,19620.03,20357.79,63564.26
2018-04-08,BTCUSDT,20357.79,22016.97,20000.16,21431.17,104447.61
2018-04-09,BTCUSDT,21431.17,24681.26,21431.17,23335.65,126077.56
2018-04-10,BTCUSDT,23335.65,27479.03,23335.65,26441.29,97268.24
2018-04-11,BTCUSDT,26441.29,27891.55,25674.16,25926.19,51058.46
2018-04-12,BTCUSDT,25926.19,26839.85,23717.33,25240.87,139172.5
2018-04-13,BTCUSDT,25240.87,25240.87,23685.15,24341.13,100830.15
2018-04-14,BTCUSDT,24341.13,24470.97,23086.25,23586.22,110854.32
2018-04-15,BTCUSDT,23586.22,28348.47,23586.22,25869.0,88453.13
2018-04-16,BTCUSDT,25869.0,27697.51,25869.0,26937.38,55910.31
2018-04-17,BTCUSDT,26937.38,26937.38,24229.05,24694.62,115739.04
2018-04-18,BTCUSDT,24694.62,25631.63,24694.62,25337.61,83922.51
2018-04-19,BTCUSDT,25337.61,25337.61,22371.03,23847.99,132342.37
2018-04-20,BTCUSDT,23847.99,25061.24,23011.81,23921.2,78667.56
2018-04-21,BTCUSDT,23921.2,25504.63,23823.52,23957.78,67664.56
2018-04-22,BTCUSDT,23957.78,24364.16,23752.39,24069.41,85519.77
2018-04-23,BTCUSDT,24069.41,24069.41,23048.71,23088.03,68001.51
2018-04-24,BTCUSDT,23088.03,26015.61,23088.03,23663.75,107299.4
2018-04-25,BTCUSDT,23663.75,24976.95,23663.75,24686.24,69820.53
2018-04-26,BTCUSDT,24686.24,24686.24,22947.49,23039.69,88677.41
2018-04-27,BTCUSDT,23039.69,23501.34,23039.69,23227.61,54781.21
2018-04-28,BTCUSDT,23227.61,23630.93,22215.33,23395.18,64615.38
2018-04-29,BTCUSDT,23395.18,24237.28,23271.14,24156.12,83036.26
2018-04-30,BTCUSDT,24156.12,24494.88,24156.12,24295.97,69751.77
2018-05-01,BTCUSDT,24295.97,24295.97,21468.62,21900.84,102027.85
2018-05-02,BTCUSDT,21900.84,23880.8,21900.84,23021.57,239154.98
2018-05-03,BTCUSDT,23021.57,24076.18,23021.57,24012.71,86113.63
2018-05-04,BTCUSDT,24012.71,24012.71,23030.31,23445.81,67679.78
2018-05-05,BTCUSDT,23445.81,23852.21,21124.1,23064.61,68040.22
2018-05-06,BTCUSDT,23064.61,23064.61,21086.09,22385.04,52147.29
2018-05-07,BTCUSDT,22385.04,24478.11,22385.04,23476.27,160304.41
2018-05-08,BTCUSDT,23476.27,24649.93,22471.2,23251.48,71938.6
2018-05-09,BTCUSDT,23251.48,23877.05,22758.25,22801.11,73821.36
2018-05-10,BTCUSDT,22801.11,24476.53,22801.11,23974.12,83398.12
2018-05-11,BTCUSDT,23974.12,26425.88,23974.12,25431.79,130577.81
2018-05-12,BTCUSDT,25431.79,25431.79,23028.38,23420.32,99956.05
2018-05-13,BTCUSDT,23420.32,24575.51,23420.32,24526.05,99078.31
2018-05-14,BTCUSDT,24526.05,24526.05,21735.35,21739.22,175931.46
2018-05-15,BTCUSDT,21739.22,22279.79,20941.2,21337.53,108987.06
2018-05-16,BTCUSDT,21337.53,21510.46,20316.16,21254.63,90016.66
2018-05-17,BTCUSDT,21254.63,23327.97,21254.63,22746.14,131129.09
2018-05-18,BTCUSDT,22746.14,24366.56,22746.14,23589.15,80381.36
2018-05-19,BTCUSDT,23589.15,23589.15,21182.23,21522.86,97917.66
2018-05-20,BTCUSDT,21522.86,21897.41,21145.46,21683.14,40922.5
2018-05-21,BTCUSDT,21683.14,24244.11,21683.14,23662.52,110698.55
2018-05-22,BTCUSDT,23662.52,24458.88,23662.52,24041.72,63302.45
2018-05-23,BTCUSDT,24041.72,24552.94,22548.22,23639.61,79771.83
2018-05-24,BTCUSDT,23639.61,25315.57,23639.61,25288.24,155864.54
2018-05-25,BTCUSDT,25288.24,26102.86,24922.85,25418.25,63836.28
2018-05-26,BTCUSDT,25418.25,27496.15,25418.25,25903.71,37146.07
2018-05-27,BTCUSDT,25903.71,25903.71,22929.9,23939.71,46530.7
2018-05-28,BTCUSDT,23939.71,24161.54,23001.45,23767.43,50756.03
2018-05-29,BTCUSDT,23767.43,27050.12,23767.43,26550.19,74691.79
2018-05-30,BTCUSDT,26550.19,27592.59,25812.68,26905.98,132362.26
2018-05-31,BTCUSDT,26905.98,26905.98,24639.34,25655.9,77427.51
2018-06-01,BTCUSDT,25655.9,26155.81,25171.41,25836.31,56495.83
2018-06-02,BTCUSDT,25836.31,25836.31,23909.38,24326.63,120400.35
2018-06-03,BTCUSDT,24326.63,25494.57,23562.3,24362.91,93509.9
2018-06-04,BTCUSDT,24362.91,24362.91,22548.24,23549.62,105058.77
2018-06-05,BTCUSDT,23549.62,23549.62,21765.87,22373.4,101066.25
2018-06-06,BTCUSDT,22373.4,22870.91,22043.61,22153.1,46655.75
2018-06-07,BTCUSDT,22153.1,23206.49,22153.1,23098.89,77084.1
2018-06-08,BTCUSDT,23098.89,23812.83,22941.13,23665.92,76943.51
2018-06-09,BTCUSDT,23665.92,23665.92,16797.52,17218.78,220841.74
2018-06-10,BTCUSDT,17218.78,17743.68,16933.96,17230.89,56666.09
2018-06-11,BTCUSDT,17230.89,17429.36,16871.77,17235.17,70294.45
2018-06-12,BTCUSDT,17235.17,17235.17,15769.03,15923.96,182691.48
2018-06-13,BTCUSDT,15923.96,18114.66,15923.96,17497.67,152499.51
2018-06-14,BTCUSDT,17497.67,17497.67,16193.25,16308.25,89424.67
2018-06-15,BTCUSDT,16308.25,16308.25,15427.67,15667.33,91073.79
2018-06-16,BTCUSDT,15667.33,15667.33,14805.15,15384.66,79144.44
2018-06-17,BTCUSDT,15384.66,16803.23,15049.19,16444.86,118452.06
2018-06-18,BTCUSDT,16444.86,16456.63,15494.24,15675.28,106507.07
2018-06-19,BTCUSDT,15675.28,18869.67,15675.28,17603.26,280561.58
2018-06-20,BTCUSDT,17603.26,18810.84,17603.26,18191.56,93313.91
2018-06-21,BTCUSDT,18191.56,18731.38,17157.61,18573.44,73871.19
2018-06-22,BTCUSDT,18573.44,19510.79,18210.36,18581.35,99365.8
2018-06-23,BTCUSDT,18581.35,18581.35,18283.62,18395.19,33353.27
2018-06-24,BTCUSDT,18395.19,18395.19,16629.93,17804.35,53771.35
2018-06-25,BTCUSDT,17804.35,17804.35,16119.49,16479.54,94547.79
2018-06-26,BTCUSDT,16479.54,16479.54,15438.67,15735.73,196264.7
2018-06-27,BTCUSDT,15735.73,17401.45,15735.73,17186.1,118894.04
2018-06-28,BTCUSDT,17186.1,18222.49,17186.1,17697.28,35315.85
2018-06-29,BTCUSDT,17697.28,19328.9,17697.28,19317.07,91297.85
2018-06-30,BTCUSDT,19317.07,19540.26,17561.32,18671.77,84174.43
2018-07-01,BTCUSDT,5774.9,6002.74,5770.97,6000.0,35556.02
2018-07-02,BTCUSDT,6000.0,6455.84,6000.0,6213.6,67900.09
2018-07-03,BTCUSDT,6213.6,6745.78,6213.6,6658.46,145573.49
2018-07-04,BTCUSDT,6658.46,6770.03,6530.16,6703.62,70124.99
2018-07-05,BTCUSDT,6703.62,6703.62,6301.63,6522.26,116127.0
2018-07-06,BTCUSDT,6522.26,6522.26,6026.77,6284.01,94344.49
2018-07-07,BTCUSDT,6284.01,6284.01,5557.32,5690.71,90159.53
2018-07-08,BTCUSDT,5690.71,6115.04,5690.71,6095.42,116487.46
2018-07-09,BTCUSDT,6095.42,6404.06,5839.54,5963.66,116683.88
2018-07-10,BTCUSDT,5963.66,6106.58,5963.66,6104.1,115053.51
2018-07-11,BTCUSDT,6104.1,6104.1,5889.54,6059.49,71732.63
2018-07-12,BTCUSDT,6059.49,7216.2,6059.49,6920.89,174997.82
2018-07-13,BTCUSDT,6920.89,6920.89,6039.93,6402.92,129627.74
2018-07-14,BTCUSDT,6402.92,6778.84,6402.92,6535.95,38798.24
2018-07-15,BTCUSDT,6535.95,6535.95,6162.6,6228.81,63033.78
2018-07-16,BTCUSDT,6228.81,6527.92,6107.03,6388.95,53219.91
2018-07-17,BTCUSDT,6388.95,6667.27,6388.95,6659.86,68322.4
2018-07-18,BTCUSDT,6659.86,6722.86,6488.85,6605.9,74142.38
2018-07-19,BTCUSDT,6605.9,6605.9,6315.41,6382.83,115432.5
2018-07-20,BTCUSDT,6382.83,6397.9,6116.21,6334.38,61776.38
2018-07-21,BTCUSDT,6334.38,6334.38,5825.04,5926.33,83167.72
2018-07-22,BTCUSDT,5926.33,6529.73,5926.33,6213.98,66852.43
2018-07-23,BTCUSDT,6213.98,6213.98,6116.11,6122.36,70867.86
2018-07-24,BTCUSDT,6122.36,6728.88,6122.36,6439.81,106510.29
2018-07-25,BTCUSDT,6439.81,6588.53,6107.92,6479.56,78797.28
2018-07-26,BTCUSDT,6479.56,6479.56,6182.16,6215.76,120135.93
2018-07-27,BTCUSDT,6215.76,6215.76,5635.06,5642.37,95884.93
2018-07-28,BTCUSDT,5642.37,5874.9,5516.1,5623.87,57628.82
2018-07-29,BTCUSDT,5623.87,5623.87,5456.96,5538.41,71557.9
2018-07-30,BTCUSDT,5538.41,5740.74,5538.41,5652.75,67690.05
2018-07-31,BTCUSDT,5652.75,5652.75,5198.92,5398.1,114308.84
2018-08-01,BTCUSDT,5398.1,5539.04,5361.08,5362.0,104351.62
2018-08-02,BTCUSDT,5362.0,5498.93,5362.0,5468.21,73308.16
2018-08-03,BTCUSDT,5468.21,5743.7,5468.21,5578.0,73707.09
2018-08-04,BTCUSDT,5578.0,6063.72,5578.0,5922.48,76091.21
2018-08-05,BTCUSDT,5922.48,6316.35,5922.48,6258.81,85197.6
2018-08-06,BTCUSDT,6258.81,6570.04,6249.79,6291.7,57502.29
2018-08-07,BTCUSDT,6291.7,6401.92,6101.57,6301.13,70912.84
2018-08-08,BTCUSDT,6301.13,6702.2,6187.69,6422.36,72172.34
2018-08-09,BTCUSDT,6422.36,6422.36,5693.29,5932.81,95177.51
2018-08-10,BTCUSDT,5932.81,5932.81,5332.69,5559.14,172321.05
2018-08-11,BTCUSDT,5559.14,5683.01,5179.03,5292.85,129223.48
2018-08-12,BTCUSDT,5292.85,5327.18,5087.96,5285.55,52864.93
2018-08-13,BTCUSDT,5285.55,5683.57,5118.22,5175.06,78416.43
2018-08-14,BTCUSDT,5175.06,5175.06,4624.18,4670.13,116713.31
2018-08-15,BTCUSDT,4670.13,4670.13,4342.55,4493.51,68499.54
2018-08-16,BTCUSDT,4493.51,4632.09,4389.21,4513.84,50911.36
2018-08-17,BTCUSDT,4513.84,5141.18,4513.84,5082.84,135252.22
2018-08-18,BTCUSDT,5082.84,5082.84,4600.76,4687.3,144447.16
2018-08-19,BTCUSDT,4687.3,4726.69,4471.8,4597.9,111482.63
2018-08-20,BTCUSDT,4597.9,4922.87,4597.9,4815.0,77789.73
2018-08-21,BTCUSDT,4815.0,4981.35,4711.61,4822.77,54514.55
2018-08-22,BTCUSDT,4822.77,4822.77,4369.64,4545.29,111111.39
2018-08-23,BTCUSDT,4545.29,4609.83,4363.88,4581.47,71899.15
2018-08-24,BTCUSDT,4581.47,4925.08,4581.47,4849.95,51314.26
2018-08-25,BTCUSDT,4849.95,4849.95,4615.96,4738.5,82064.76
2018-08-26,BTCUSDT,4738.5,4988.79,4567.79,4861.65,92624.03
2018-08-27,BTCUSDT,4861.65,4861.65,4537.6,4638.7,104062.07
2018-08-28,BTCUSDT,4638.7,4638.7,4345.82,4395.7,82433.81
2018-08-29,BTCUSDT,4395.7,4395.7,4114.7,4261.59,133458.32
2018-08-30,BTCUSDT,4261.59,4462.32,4261.59,4350.78,30546.72
2018-08-31,BTCUSDT,4350.78,4699.78,4350.78,4690.29,87261.8
2018-09-01,BTCUSDT,4690.29,5233.18,4690.29,5033.01,129015.93
2018-09-02,BTCUSDT,5033.01,5033.01,4857.42,4882.83,171192.88
2018-09-03,BTCUSDT,4882.83,4905.94,4869.27,4900.66,61755.31
2018-09-04,BTCUSDT,4900.66,5093.15,4775.75,4905.97,40196.79
2018-09-05,BTCUSDT,4905.97,5193.65,4905.97,5053.65,70877.79
2018-09-06,BTCUSDT,5053.65,5053.65,4498.39,4635.45,165517.42
2018-09-07,BTCUSDT,4635.45,4700.68,4496.81,4620.18,108255.9
2018-09-08,BTCUSDT,4620.18,4620.18,4121.12,4258.87,97745.97
2018-09-09,BTCUSDT,4258.87,4666.8,4258.87,4647.74,226237.78
2018-09-10,BTCUSDT,4647.74,5031.37,4647.74,4942.84,102435.04
2018-09-11,BTCUSDT,4942.84,4942.84,4587.37,4762.45,69756.99
2018-09-12,BTCUSDT,4762.45,5312.35,4762.45,5238.15,109606.21
2018-09-13,BTCUSDT,5238.15,5238.15,4903.41,4971.01,84511.17
2018-09-14,BTCUSDT,4971.01,5019.31,4808.25,5008.82,55252.46
2018-09-15,BTCUSDT,5008.82,5245.72,4862.48,5010.18,65085.39
2018-09-16,BTCUSDT,5010.18,5239.97,4909.83,5147.03,88943.89
2018-09-17,BTCUSDT,5147.03,5147.03,4499.55,4510.2,126378.81
2018-09-18,BTCUSDT,4510.2,4530.14,4483.54,4507.49,104489.3
2018-09-19,BTCUSDT,4507.49,4582.23,4290.35,4430.43,51301.83
2018-09-20,BTCUSDT,4430.43,4430.43,4204.92,4280.01,101386.79
2018-09-21,BTCUSDT,4280.01,4392.88,4168.58,4360.18,59079.93
2018-09-22,BTCUSDT,4360.18,4438.54,4234.93,4239.94,63742.94
2018-09-23,BTCUSDT,4239.94,4606.33,4239.94,4408.77,74669.55
2018-09-24,BTCUSDT,4408.77,4655.64,4408.77,4603.08,83678.22
2018-09-25,BTCUSDT,4603.08,4603.08,4158.1,4342.31,152307.54
2018-09-26,BTCUSDT,4342.31,4647.63,4342.31,4586.25,129338.38
2018-09-27,BTCUSDT,4586.25,4586.25,3818.69,3902.86,192653.02
2018-09-28,BTCUSDT,3902.86,4090.44,3902.86,4028.2,148531.41
2018-09-29,BTCUSDT,4028.2,4284.01,4028.2,4249.36,122445.12
2018-09-30,BTCUSDT,4249.36,4249.36,3953.81,4106.17,110719.96
2018-10-01,BTCUSDT,4106.17,4223.47,4106.17,4146.49,87514.64
2018-10-02,BTCUSDT,4146.49,4146.49,3836.4,3852.37,66699.34
2018-10-03,BTCUSDT,3852.37,3852.37,3502.87,3580.36,131728.64
2018-10-04,BTCUSDT,3580.36,3661.3,3396.31,3598.47,87630.0
2018-10-05,BTCUSDT,3598.47,3677.19,3424.88,3577.56,112801.6
2018-10-06,BTCUSDT,3577.56,3601.16,3537.24,3583.29,70591.94
2018-10-07,BTCUSDT,3583.29,3684.07,3583.29,3683.66,69490.23
2018-10-08,BTCUSDT,3683.66,3974.02,3683.66,3933.86,95799.51
2018-10-09,BTCUSDT,3933.86,3988.02,3878.11,3935.35,73997.2
2018-10-10,BTCUSDT,3935.35,3935.35,3835.23,3907.81,44759.0
2018-10-11,BTCUSDT,3907.81,3907.81,3775.74,3785.91,57354.92
2018-10-12,BTCUSDT,3785.91,3995.6,3785.91,3938.53,68135.25
2018-10-13,BTCUSDT,3938.53,3938.53,3712.75,3829.37,122021.28
2018-10-14,BTCUSDT,3829.37,3829.37,3675.4,3782.61,68410.82
2018-10-15,BTCUSDT,3782.61,3894.4,3782.61,3892.9,91113.35
2018-10-16,BTCUSDT,3892.9,3925.09,3866.81,3907.68,60998.97
2018-10-17,BTCUSDT,3907.68,3950.8,3809.71,3912.68,45037.62
2018-10-18,BTCUSDT,3912.68,3912.68,3754.58,3765.96,107289.95
2018-10-19,BTCUSDT,3765.96,3868.21,3744.43,3824.08,66438.13
2018-10-20,BTCUSDT,3824.08,4398.35,3824.08,4220.68,120878.43
2018-10-21,BTCUSDT,4220.68,4220.68,3905.05,3983.53,103343.54
2018-10-22,BTCUSDT,3983.53,3983.53,3582.93,3791.14,173564.05
2018-10-23,BTCUSDT,3791.14,4183.01,3791.14,3927.9,96766.76
2018-10-24,BTCUSDT,3927.9,4112.43,3863.52,3970.89,71712.66
2018-10-25,BTCUSDT,3970.89,4485.21,3970.89,4224.35,101231.04
2018-10-26,BTCUSDT,4224.35,4224.35,4039.64,4087.2,76005.62
2018-10-27,BTCUSDT,4087.2,4405.37,4087.2,4255.21,33759.33
2018-10-28,BTCUSDT,4255.21,4351.32,4255.21,4320.93,138543.72
2018-10-29,BTCUSDT,4320.93,4320.93,4020.75,4141.56,137240.64
2018-10-30,BTCUSDT,4141.56,4141.56,3988.33,4027.45,38728.17
2018-10-31,BTCUSDT,4027.45,4051.59,4005.28,4031.2,87689.73
2018-11-01,BTCUSDT,4031.2,4031.2,3869.94,3879.37,91782.35
2018-11-02,BTCUSDT,3879.37,4159.59,3879.37,4081.91,121550.92
2018-11-03,BTCUSDT,4081.91,4224.03,4081.91,4218.98,77124.53
2018-11-04,BTCUSDT,4218.98,4218.98,4095.57,4128.3,67636.97
2018-11-05,BTCUSDT,4128.3,4176.68,3963.22,4099.73,80285.67
2018-11-06,BTCUSDT,4099.73,4350.8,4080.09,4278.85,117744.58
2018-11-07,BTCUSDT,4278.85,4380.27,4243.27,4267.27,102642.93
2018-11-08,BTCUSDT,4267.27,4860.99,4267.27,4666.41,141331.51
2018-11-09,BTCUSDT,4666.41,4859.72,4633.14,4778.52,87554.59
2018-11-10,BTCUSDT,4778.52,4801.07,4518.48,4607.25,86097.77
2018-11-11,BTCUSDT,4607.25,4607.25,4352.57,4394.61,93460.68
2018-11-12,BTCUSDT,4394.61,4793.1,4394.61,4610.1,146573.77
2018-11-13,BTCUSDT,4610.1,4658.73,4509.92,4521.19,65936.75
2018-11-14,BTCUSDT,4521.19,4666.93,4474.01,4550.8,59550.16
2018-11-15,BTCUSDT,6200.45,6525.42,5993.72,6200.0,42745.51
2018-11-16,BTCUSDT,6200.0,6200.0,5761.69,5846.23,157132.81
2018-11-17,BTCUSDT,5846.23,5988.8,5664.77,5770.39,101823.43
2018-11-18,BTCUSDT,5770.39,6235.94,5770.39,6033.43,253917.06
2018-11-19,BTCUSDT,6033.43,6033.43,5540.31,5608.25,166502.33
2018-11-20,BTCUSDT,5608.25,6139.93,5608.25,6103.85,223002.88
2018-11-21,BTCUSDT,6103.85,6103.85,5733.22,5766.64,115235.34
2018-11-22,BTCUSDT,5766.64,6089.14,5766.64,6010.82,75268.71
2018-11-23,BTCUSDT,6010.82,6032.43,5944.07,5993.39,94214.65
2018-11-24,BTCUSDT,5993.39,6195.38,5993.39,6126.03,87001.0
2018-11-25,BTCUSDT,6126.03,6324.36,6126.03,6279.53,78002.78
2018-11-26,BTCUSDT,6279.53,6279.53,5781.42,5821.62,88444.4
2018-11-27,BTCUSDT,5821.62,6488.97,5821.62,6065.63,103808.42
2018-11-28,BTCUSDT,6065.63,6065.63,5298.52,5520.41,106235.19
2018-11-29,BTCUSDT,5520.41,5520.41,5085.86,5202.24,86689.72
2018-11-30,BTCUSDT,5202.24,5406.74,5202.24,5327.32,74839.89
2018-12-01,BTCUSDT,5327.32,5327.32,4890.85,4919.57,148023.15
2018-12-02,BTCUSDT,4919.57,4919.57,4096.45,4269.85,171061.06
2018-12-03,BTCUSDT,4269.85,4553.34,4177.69,4306.96,72214.91
2018-12-04,BTCUSDT,4306.96,4306.96,3777.6,3836.07,76892.22
2018-12-05,BTCUSDT,3836.07,4037.61,3708.08,3953.18,116250.81
2018-12-06,BTCUSDT,3953.18,3953.18,3703.9,3822.16,103316.35
2018-12-07,BTCUSDT,3822.16,4033.81,3777.44,3851.73,88548.56
2018-12-08,BTCUSDT,3851.73,4413.49,3660.91,3876.76,84991.38
2018-12-09,BTCUSDT,3876.76,4058.32,3853.55,4015.32,45573.77
2018-12-10,BTCUSDT,4015.32,4199.76,4015.32,4120.01,47790.27
2018-12-11,BTCUSDT,4120.01,4120.01,3424.64,3802.66,161156.02
2018-12-12,BTCUSDT,3802.66,4004.96,3568.25,3690.5,99120.63
2018-12-13,BTCUSDT,3690.5,3910.87,3676.82,3718.76,59223.67
2018-12-14,BTCUSDT,3718.76,4094.3,3718.76,4024.32,99103.26
2018-12-15,BTCUSDT,4024.32,4142.72,4024.32,4131.83,53570.35
2018-12-16,BTCUSDT,4131.83,4534.83,4131.83,4441.66,71059.36
2018-12-17,BTCUSDT,4441.66,4561.99,4409.82,4491.1,50058.08
2018-12-18,BTCUSDT,4491.1,4881.99,4491.1,4753.78,106587.31
2018-12-19,BTCUSDT,4753.78,4819.27,4694.72,4763.93,96799.48
2018-12-20,BTCUSDT,4763.93,5055.42,4763.93,5027.54,92325.69
2018-12-21,BTCUSDT,5027.54,5027.54,4840.17,4845.34,69026.37
2018-12-22,BTCUSDT,4845.34,5303.04,4845.34,5288.67,147303.41
2018-12-23,BTCUSDT,5288.67,5396.39,5137.88,5386.98,69158.57
2018-12-24,BTCUSDT,5386.98,5386.98,4781.29,4849.9,88727.94
2018-12-25,BTCUSDT,4849.9,5380.46,4849.9,4897.78,72289.34
2018-12-26,BTCUSDT,4897.78,4897.78,4212.84,4213.14,105134.46
2018-12-27,BTCUSDT,4213.14,4533.89,4213.14,4326.65,94003.8
2018-12-28,BTCUSDT,4326.65,4563.0,4326.65,4518.87,81270.99
2018-12-29,BTCUSDT,4518.87,5306.0,4518.87,5059.21,143477.65
2018-12-30,BTCUSDT,5059.21,5059.21,4743.9,4827.19,67873.39
2018-12-31,BTCUSDT,4827.19,5566.3,4827.19,5407.35,131550.94
2019-01-01,BTCUSDT,3189.58,3246.4,3111.67,3200.0,101080.77
2019-01-02,BTCUSDT,3200.0,3473.96,3200.0,3411.76,91998.21
2019-01-03,BTCUSDT,3411.76,3572.82,3312.96,3439.98,37648.94
2019-01-04,BTCUSDT,3439.98,3550.54,3439.98,3519.8,69735.26
2019-01-05,BTCUSDT,3519.8,3642.75,3511.51,3557.16,53520.57
2019-01-06,BTCUSDT,3557.16,3557.16,3344.97,3403.47,98318.22
2019-01-07,BTCUSDT,3403.47,3598.94,3403.47,3572.96,125164.95
2019-01-08,BTCUSDT,3572.96,3760.72,3503.37,3630.5,31573.31
2019-01-09,BTCUSDT,3630.5,3842.92,3630.5,3718.91,75290.21
2019-01-10,BTCUSDT,3718.91,4139.97,3718.91,3879.88,154613.88
2019-01-11,BTCUSDT,3879.88,4081.84,3879.88,4055.46,145158.0
2019-01-12,BTCUSDT,4055.46,4055.46,3839.54,3893.29,92337.22
2019-01-13,BTCUSDT,3893.29,3893.29,3698.55,3709.15,62282.76
2019-01-14,BTCUSDT,3709.15,3709.15,3585.58,3599.23,74591.11
2019-01-15,BTCUSDT,3599.23,3599.23,3343.47,3432.84,72391.44
2019-01-16,BTCUSDT,3432.84,3494.79,3368.57,3378.3,59336.58
2019-01-17,BTCUSDT,3378.3,3378.3,3115.43,3234.61,83975.12
2019-01-18,BTCUSDT,3234.61,3234.61,3019.01,3104.39,63870.39
2019-01-19,BTCUSDT,3104.39,3231.98,3104.39,3150.23,65060.69
2019-01-20,BTCUSDT,3150.23,3150.23,2886.53,2957.19,161191.14
2019-01-21,BTCUSDT,2957.19,3056.89,2940.68,2966.42,60052.19
2019-01-22,BTCUSDT,2966.42,3207.52,2966.42,3074.28,97424.3
2019-01-23,BTCUSDT,3074.28,3233.77,3074.28,3184.94,124543.16
2019-01-24,BTCUSDT,3184.94,3293.67,3184.94,3266.77,104035.51
2019-01-25,BTCUSDT,3266.77,3534.78,3266.77,3527.22,184373.58
2019-01-26,BTCUSDT,3527.22,3530.11,3374.96,3481.4,67649.0
2019-01-27,BTCUSDT,3481.4,3603.75,3481.4,3572.17,90535.43
2019-01-28,BTCUSDT,3572.17,3801.62,3572.17,3768.73,129458.78
2019-01-29,BTCUSDT,3768.73,3861.78,3652.01,3673.62,198187.9
2019-01-30,BTCUSDT,3673.62,3724.71,3468.58,3662.42,32529.83
2019-01-31,BTCUSDT,3662.42,3715.51,3407.61,3535.89,189210.08
2019-02-01,BTCUSDT,3535.89,3693.94,3535.89,3692.97,68345.01
2019-02-02,BTCUSDT,3692.97,3781.87,3692.97,3746.42,46397.8
2019-02-03,BTCUSDT,3746.42,3746.42,3530.81,3604.98,186635.41
2019-02-04,BTCUSDT,3604.98,3706.57,3552.43,3609.3,69148.81
2019-02-05,BTCUSDT,3609.3,3906.97,3609.3,3679.73,81742.59
2019-02-06,BTCUSDT,3679.73,3679.73,3497.15,3595.93,63562.36
2019-02-07,BTCUSDT,3595.93,3595.93,3288.6,3381.83,110849.7
2019-02-08,BTCUSDT,3381.83,3381.83,3201.77,3230.11,80159.54
2019-02-09,BTCUSDT,3230.11,3263.03,3230.11,3244.51,66698.84
2019-02-10,BTCUSDT,3244.51,3250.3,3104.09,3220.14,79855.08
2019-02-11,BTCUSDT,3220.14,3561.22,3220.14,3483.39,84185.82
2019-02-12,BTCUSDT,3483.39,3631.72,3483.39,3523.73,104639.27
2019-02-13,BTCUSDT,3523.73,3839.62,3523.73,3650.3,79533.66
2019-02-14,BTCUSDT,3650.3,3650.3,3423.63,3556.99,94790.15
2019-02-15,BTCUSDT,3556.99,3556.99,3338.24,3463.83,70734.55
2019-02-16,BTCUSDT,3463.83,3463.83,3420.57,3438.94,62134.37
2019-02-17,BTCUSDT,3438.94,3563.57,3438.94,3474.73,58451.36
2019-02-18,BTCUSDT,3474.73,3801.5,3464.28,3521.5,42624.0
2019-02-19,BTCUSDT,3521.5,3558.02,3427.36,3480.11,44725.89
2019-02-20,BTCUSDT,3480.11,3572.1,3480.11,3556.87,73173.89
2019-02-21,BTCUSDT,3556.87,3728.42,3556.87,3623.02,64949.41
2019-02-22,BTCUSDT,3623.02,3877.34,3623.02,3871.54,92801.52
2019-02-23,BTCUSDT,3871.54,3871.54,3751.64,3775.22,108289.74
2019-02-24,BTCUSDT,3775.22,4094.47,3775.22,3901.94,70686.6
2019-02-25,BTCUSDT,3901.94,4051.86,3837.81,3916.23,81342.0
2019-02-26,BTCUSDT,3916.23,3947.08,3782.6,3854.15,75005.42
2019-02-27,BTCUSDT,3854.15,3854.15,3603.19,3701.78,87995.19
2019-02-28,BTCUSDT,3701.78,3924.45,3688.22,3744.88,77817.27
2019-03-01,BTCUSDT,3744.88,3853.79,3559.5,3717.23,42158.15
2019-03-02,BTCUSDT,3717.23,3836.75,3689.26,3749.3,64212.7
2019-03-03,BTCUSDT,3749.3,3749.3,3579.19,3585.58,77489.51
2019-03-04,BTCUSDT,3585.58,3690.24,3565.7,3623.85,147930.06
2019-03-05,BTCUSDT,3623.85,3749.87,3557.61,3653.1,77145.96
2019-03-06,BTCUSDT,3653.1,3856.25,3653.1,3787.55,122665.85
2019-03-07,BTCUSDT,3787.55,4053.22,3787.55,4031.8,114142.37
2019-03-08,BTCUSDT,4031.8,4148.65,4031.8,4113.97,53797.69
2019-03-09,BTCUSDT,4113.97,4181.24,3901.5,4038.12,82075.89
2019-03-10,BTCUSDT,4038.12,4262.12,3982.59,4085.86,53055.69
2019-03-11,BTCUSDT,4085.86,4085.86,3973.92,4068.29,50093.99
2019-03-12,BTCUSDT,4068.29,4253.44,3998.65,4146.56,48133.75
2019-03-13,BTCUSDT,4146.56,4146.56,3702.37,3910.13,95454.85
2019-03-14,BTCUSDT,3910.13,4136.2,3910.13,4095.64,93177.78
2019-03-15,BTCUSDT,4095.64,4157.25,3910.65,3990.16,71092.32
2019-03-16,BTCUSDT,3990.16,3990.16,3743.6,3880.88,68938.44
2019-03-17,BTCUSDT,3880.88,3927.91,3872.61,3903.35,69206.08
2019-03-18,BTCUSDT,3903.35,4063.33,3804.67,3885.95,80797.65
2019-03-19,BTCUSDT,3885.95,3988.49,3885.95,3960.89,76178.32
2019-03-20,BTCUSDT,3960.89,4089.22,3951.98,3998.58,96486.7
2019-03-21,BTCUSDT,3998.58,4360.5,3998.58,4158.53,95739.92
2019-03-22,BTCUSDT,4158.53,4211.82,4123.46,4146.37,49076.77
2019-03-23,BTCUSDT,4146.37,4254.37,4076.55,4192.41,129794.66
2019-03-24,BTCUSDT,4192.41,4662.71,4192.41,4489.27,150438.33
2019-03-25,BTCUSDT,4489.27,4489.27,4216.82,4376.24,101899.78
2019-03-26,BTCUSDT,4376.24,4377.95,4106.92,4225.89,103130.4
2019-03-27,BTCUSDT,4225.89,4281.34,4092.17,4254.24,54428.13
2019-03-28,BTCUSDT,4254.24,4254.24,3953.41,4014.64,82438.63
2019-03-29,BTCUSDT,4014.64,4014.64,3666.26,3886.83,102274.82
2019-03-30,BTCUSDT,3886.83,3886.83,3706.63,3727.46,63376.23
2019-03-31,BTCUSDT,3727.46,3727.46,3379.69,3415.09,87509.95
2019-04-01,BTCUSDT,3415.09,3415.09,3322.21,3334.76,141720.14
2019-04-02,BTCUSDT,4288.38,4343.52,3903.51,4100.0,54460.2
2019-04-03,BTCUSDT,4100.0,5204.0,4100.0,5003.55,136491.66
2019-04-04,BTCUSDT,5003.55,5046.47,4529.91,4906.91,75454.88
2019-04-05,BTCUSDT,4906.91,4952.89,4658.59,4802.45,57961.4
2019-04-06,BTCUSDT,4802.45,5043.17,4802.45,4962.16,65955.76
2019-04-07,BTCUSDT,4962.16,4962.16,4164.23,4278.28,114462.32
2019-04-08,BTCUSDT,4278.28,4331.4,4088.65,4283.67,45539.48
2019-04-09,BTCUSDT,4283.67,4458.99,4071.71,4398.28,114097.21
2019-04-10,BTCUSDT,4398.28,4667.01,4353.64,4497.63,50375.89
2019-04-11,BTCUSDT,4497.63,4497.63,4248.88,4348.87,77717.51
2019-04-12,BTCUSDT,4348.87,4704.9,4348.87,4570.31,75434.67
2019-04-13,BTCUSDT,4570.31,4723.75,4570.31,4656.06,60524.38
2019-04-14,BTCUSDT,4656.06,5452.87,4656.06,5414.18,104474.41
2019-04-15,BTCUSDT,5414.18,5961.65,5414.18,5708.18,105878.4
2019-04-16,BTCUSDT,5708.18,5708.18,5520.0,5608.55,81894.73
2019-04-17,BTCUSDT,5608.55,6196.4,5608.55,6000.05,97478.17
2019-04-18,BTCUSDT,6000.05,6000.05,5436.73,5470.86,159216.8
2019-04-19,BTCUSDT,5470.86,5752.98,5470.86,5591.92,98246.7
2019-04-20,BTCUSDT,5591.92,6081.42,5591.92,5790.28,80237.87
2019-04-21,BTCUSDT,5790.28,6001.55,5689.72,5922.8,58822.26
2019-04-22,BTCUSDT,5922.8,6711.24,5922.8,6499.97,103857.51
2019-04-23,BTCUSDT,6499.97,6675.23,6334.86,6636.23,44675.36
2019-04-24,BTCUSDT,6636.23,7363.94,6636.23,7251.78,172278.36
2019-04-25,BTCUSDT,7251.78,7251.78,6366.71,7014.68,107575.31
2019-04-26,BTCUSDT,7014.68,7014.68,6810.5,6953.65,104630.81
2019-04-27,BTCUSDT,6953.65,7377.42,6842.62,7079.38,56003.43
2019-04-28,BTCUSDT,7079.38,7298.52,6946.99,7204.46,88200.14
2019-04-29,BTCUSDT,7204.46,7983.43,7204.46,7543.73,94118.41
2019-04-30,BTCUSDT,7543.73,7543.73,6895.04,7037.55,146206.06
2019-05-01,BTCUSDT,7037.55,7131.24,6732.5,7120.28,92789.71
2019-05-02,BTCUSDT,7120.28,8056.63,7120.28,7413.65,198604.92
2019-05-03,BTCUSDT,7413.65,7537.8,6840.4,6888.97,120002.6
2019-05-04,BTCUSDT,6888.97,7311.4,6418.14,6841.53,76032.56
2019-05-05,BTCUSDT,6841.53,7798.32,6841.53,7623.09,106723.07
2019-05-06,BTCUSDT,7623.09,8211.84,7255.68,7502.58,42071.84
2019-05-07,BTCUSDT,7502.58,8117.42,7502.58,8071.63,80381.02
2019-05-08,BTCUSDT,8071.63,8196.07,8028.41,8145.28,67776.94
2019-05-09,BTCUSDT,8145.28,9451.55,8145.28,9261.34,93832.24
2019-05-10,BTCUSDT,9261.34,9355.56,8533.39,9289.57,84746.05
2019-05-11,BTCUSDT,9289.57,10004.82,9232.45,9445.85,96259.17
2019-05-12,BTCUSDT,9445.85,10362.15,9445.85,10182.59,164103.62
2019-05-13,BTCUSDT,10182.59,10533.41,9622.4,9727.05,80420.28
2019-05-14,BTCUSDT,9727.05,9727.05,9221.39,9518.46,86375.06
2019-05-15,BTCUSDT,9518.46,11057.2,9518.46,11049.61,242228.79
2019-05-16,BTCUSDT,11049.61,11049.61,10319.77,10730.95,61088.42
2019-05-17,BTCUSDT,10730.95,11286.63,10225.85,10957.13,41542.84
2019-05-18,BTCUSDT,10957.13,12050.05,10593.19,11486.35,73320.43
2019-05-19,BTCUSDT,11486.35,13118.21,11486.35,12952.12,192155.91
2019-05-20,BTCUSDT,12952.12,12952.12,11576.98,11720.7,139447.94
2019-05-21,BTCUSDT,11720.7,11720.7,10820.33,11070.54,97823.6
2019-05-22,BTCUSDT,11070.54,11888.78,11070.54,11777.72,88156.57
2019-05-23,BTCUSDT,11777.72,13415.29,11777.72,13304.78,106471.36
2019-05-24,BTCUSDT,13304.78,15073.85,13304.78,14161.84,66904.07
2019-05-25,BTCUSDT,14161.84,14161.84,13248.88,13266.83,177519.41
2019-05-26,BTCUSDT,13266.83,13411.51,12500.04,12994.06,54456.95
2019-05-27,BTCUSDT,12994.06,13859.36,12994.06,13806.67,124416.56
2019-05-28,BTCUSDT,13806.67,13806.67,12884.11,13085.5,99486.03
2019-05-29,BTCUSDT,13085.5,14524.5,13085.5,14372.76,87045.1
2019-05-30,BTCUSDT,14372.76,15319.16,13978.73,14634.88,100713.51
2019-05-31,BTCUSDT,14634.88,14634.88,13439.08,13545.64,144155.96
2019-06-01,BTCUSDT,13545.64,15089.23,13545.64,14274.65,129217.9
2019-06-02,BTCUSDT,14274.65,14446.04,13706.3,14233.66,48088.52
2019-06-03,BTCUSDT,14233.66,14314.98,13402.59,13924.15,152753.88
2019-06-04,BTCUSDT,13924.15,13924.15,12703.89,13256.02,83835.97
2019-06-05,BTCUSDT,13256.02,13929.41,12905.42,13172.21,93911.3
2019-06-06,BTCUSDT,13172.21,13770.34,13001.74,13188.41,35313.48
2019-06-07,BTCUSDT,13188.41,13872.1,13178.43,13555.83,60186.77
2019-06-08,BTCUSDT,13555.83,13555.83,12851.18,12854.71,73704.46
2019-06-09,BTCUSDT,12854.71,12854.71,12152.73,12305.12,123672.09
2019-06-10,BTCUSDT,12305.12,14190.39,12305.12,13649.68,80034.3
2019-06-11,BTCUSDT,13649.68,13649.68,12325.15,12685.72,167528.74
2019-06-12,BTCUSDT,12685.72,13726.95,12685.72,13597.47,101463.1
2019-06-13,BTCUSDT,13597.47,13597.47,11485.17,12341.46,127956.15
2019-06-14,BTCUSDT,12341.46,13479.54,12117.0,13200.54,94264.14
2019-06-15,BTCUSDT,13200.54,13200.54,11794.2,12117.24,88297.12
2019-06-16,BTCUSDT,12117.24,13980.64,12117.24,12978.08,181950.99
2019-06-17,BTCUSDT,12978.08,13199.26,12625.33,12838.51,53984.91
2019-06-18,BTCUSDT,12838.51,12838.51,11884.67,12684.02,125211.84
2019-06-19,BTCUSDT,12684.02,14846.78,12684.02,14661.49,238376.56
2019-06-20,BTCUSDT,14661.49,14661.49,12873.2,13603.71,126702.47
2019-06-21,BTCUSDT,13603.71,13903.51,12688.89,13452.82,56095.76
2019-06-22,BTCUSDT,13452.82,14305.54,13452.82,14002.87,125832.54
2019-06-23,BTCUSDT,14002.87,14002.87,12078.03,12242.32,171553.81
2019-06-24,BTCUSDT,12242.32,14012.81,12242.32,13830.18,95541.59
2019-06-25,BTCUSDT,13830.18,15136.79,13830.18,15035.44,196760.6
2019-06-26,BTCUSDT,15035.44,16337.51,15035.44,15859.85,130115.06
2019-06-27,BTCUSDT,13593.2,14044.9,13263.83,13800.0,100868.73
2019-06-28,BTCUSDT,13800.0,13800.0,12568.56,12865.76,152099.47
2019-06-29,BTCUSDT,12865.76,14117.12,12865.76,13484.07,96187.32
2019-06-30,BTCUSDT,13484.07,13484.07,12753.93,13073.25,79668.44
2019-07-01,BTCUSDT,13073.25,14317.6,13073.25,13809.22,74931.85
2019-07-02,BTCUSDT,13809.22,14169.88,13370.9,13701.61,90073.23
2019-07-03,BTCUSDT,13701.61,14003.62,13417.25,13720.64,105769.07
2019-07-04,BTCUSDT,13720.64,13870.73,13338.68,13574.95,90370.84
2019-07-05,BTCUSDT,13574.95,13574.95,12307.9,12735.03,173975.75
2019-07-06,BTCUSDT,12735.03,12735.03,12494.22,12532.4,91786.18
2019-07-07,BTCUSDT,12532.4,12532.4,11641.64,11780.9,50950.27
2019-07-08,BTCUSDT,11780.9,12385.56,11677.3,12049.79,106083.27
2019-07-09,BTCUSDT,12049.79,12613.48,12049.79,12392.53,145688.42
2019-07-10,BTCUSDT,12392.53,12392.53,10883.84,11243.58,179537.0
2019-07-11,BTCUSDT,11243.58,12091.17,11243.58,11539.42,139553.79
2019-07-12,BTCUSDT,11539.42,12088.19,11393.08,11451.4,81976.61
2019-07-13,BTCUSDT,11451.4,11451.4,9886.8,10487.45,95640.84
2019-07-14,BTCUSDT,10487.45,10986.94,10193.73,10552.73,51097.22
2019-07-15,BTCUSDT,10552.73,10552.73,10139.93,10325.02,83257.75
2019-07-16,BTCUSDT,10325.02,10325.02,9811.59,9933.06,104809.15
2019-07-17,BTCUSDT,9933.06,9933.06,8838.61,9345.54,185596.6
2019-07-18,BTCUSDT,9345.54,10211.77,9345.54,9476.08,61998.82
2019-07-19,BTCUSDT,9476.08,9711.47,9367.75,9479.76,97631.37
2019-07-20,BTCUSDT,9479.76,9728.44,9364.17,9505.8,61828.43
2019-07-21,BTCUSDT,9505.8,10338.47,9505.8,10016.7,103602.44
2019-07-22,BTCUSDT,10016.7,10881.15,10016.7,10763.88,111531.97
2019-07-23,BTCUSDT,10763.88,10763.88,9512.05,9677.82,149062.56
2019-07-24,BTCUSDT,9677.82,9927.22,9635.81,9817.7,49558.69
2019-07-25,BTCUSDT,9817.7,9817.7,9140.51,9531.78,105834.05
2019-07-26,BTCUSDT,9531.78,9790.88,9522.09,9742.66,109628.6
2019-07-27,BTCUSDT,9742.66,9742.66,9248.59,9346.85,80612.76
2019-07-28,BTCUSDT,9346.85,10281.55,9346.85,10259.48,104490.35
2019-07-29,BTCUSDT,10259.48,11108.73,10259.48,10509.51,98432.3
2019-07-30,BTCUSDT,10509.51,10509.51,9948.27,10371.76,64018.75
2019-07-31,BTCUSDT,10371.76,10980.21,10371.76,10965.86,44505.57
2019-08-01,BTCUSDT,10965.86,10965.86,10121.29,10468.66,81298.27
2019-08-02,BTCUSDT,10468.66,10468.66,9579.13,9800.46,85513.6
2019-08-03,BTCUSDT,9800.46,9800.46,9368.12,9653.82,61204.51
2019-08-04,BTCUSDT,9653.82,9813.62,9306.12,9532.93,78191.68
2019-08-05,BTCUSDT,9532.93,9532.93,9157.12,9286.12,110914.49
2019-08-06,BTCUSDT,9286.12,9431.16,8937.75,8994.91,115602.19
2019-08-07,BTCUSDT,8994.91,9136.61,8546.88,8598.43,55436.7
2019-08-08,BTCUSDT,8598.43,8964.25,8598.43,8874.61,81880.4
2019-08-09,BTCUSDT,8874.61,9376.35,8874.61,9201.94,72053.04
2019-08-10,BTCUSDT,9201.94,9296.53,8732.17,9023.69,125719.84
2019-08-11,BTCUSDT,9023.69,9142.78,8366.92,8767.11,56494.62
2019-08-12,BTCUSDT,8767.11,8891.72,8500.65,8725.25,66829.76
2019-08-13,BTCUSDT,8725.25,9077.57,8561.47,8861.04,120022.77
2019-08-14,BTCUSDT,8861.04,8861.04,7859.72,8028.25,163440.35
2019-08-15,BTCUSDT,8028.25,8028.25,7326.67,7526.87,133435.55
2019-08-16,BTCUSDT,7526.87,7526.87,7399.38,7416.92,79350.71
2019-08-17,BTCUSDT,7416.92,7416.92,6973.86,7086.45,118160.8
2019-08-18,BTCUSDT,7086.45,7535.21,7086.45,7532.56,93755.42
2019-08-19,BTCUSDT,7532.56,7532.56,6781.25,7037.53,121253.47
2019-08-20,BTCUSDT,7037.53,7098.45,6615.27,6912.89,61441.83
2019-08-21,BTCUSDT,6912.89,7436.11,6912.89,7032.67,43831.1
2019-08-22,BTCUSDT,7032.67,7298.83,6891.93,7073.86,103660.47
2019-08-23,BTCUSDT,7073.86,7475.26,7073.86,7433.34,92038.11
2019-08-24,BTCUSDT,7433.34,8042.82,7433.34,7865.58,98921.91
2019-08-25,BTCUSDT,7865.58,7951.89,7645.85,7861.68,52303.58
2019-08-26,BTCUSDT,7861.68,7861.68,7281.72,7584.64,54780.3
2019-08-27,BTCUSDT,7584.64,7584.64,6966.05,7253.24,195356.97
2019-08-28,BTCUSDT,7253.24,7253.24,6682.31,6892.82,159006.35
2019-08-29,BTCUSDT,6892.82,6892.82,6557.14,6801.11,86579.89
2019-08-30,BTCUSDT,6801.11,6801.11,6219.67,6426.58,96742.78
2019-08-31,BTCUSDT,6426.58,6426.58,6162.27,6185.81,112333.88
2019-09-01,BTCUSDT,6185.81,6539.45,5960.7,6276.79,140166.89
2019-09-02,BTCUSDT,6276.79,6474.01,6276.79,6325.52,43195.69
2019-09-03,BTCUSDT,6325.52,6325.52,6028.26,6051.36,84165.56
2019-09-04,BTCUSDT,6051.36,6408.62,6051.36,6271.53,142133.99
2019-09-05,BTCUSDT,6271.53,6271.53,5889.83,5939.2,105855.81
2019-09-06,BTCUSDT,5939.2,6202.38,5694.86,5980.07,81606.21
2019-09-07,BTCUSDT,5980.07,6335.07,5980.07,6253.06,104107.98
2019-09-08,BTCUSDT,6253.06,6253.06,6156.95,6158.05,68744.26
2019-09-09,BTCUSDT,6158.05,6158.05,5763.57,5851.83,92084.74
2019-09-10,BTCUSDT,5851.83,6014.56,5845.99,5925.23,76446.3
2019-09-11,BTCUSDT,5925.23,6080.66,5925.23,5960.92,38679.07
2019-09-12,BTCUSDT,5960.92,6083.5,5960.92,6029.28,74056.58
2019-09-13,BTCUSDT,6029.28,6208.18,5959.16,6182.77,107372.77
2019-09-14,BTCUSDT,6182.77,6182.77,5812.34,5948.09,126594.82
2019-09-15,BTCUSDT,5948.09,6041.65,5762.68,5796.84,81453.33
2019-09-16,BTCUSDT,5796.84,5811.33,5579.77,5809.58,80532.17
2019-09-17,BTCUSDT,5809.58,5809.58,5522.53,5678.18,112439.46
2019-09-18,BTCUSDT,5678.18,5825.24,5381.53,5572.75,82434.4
2019-09-19,BTCUSDT,5572.75,6162.34,5572.75,6039.75,92081.4
2019-09-20,BTCUSDT,6039.75,6039.75,5426.81,5470.23,116045.38
2019-09-21,BTCUSDT,5470.23,5893.65,5470.23,5820.68,145784.26
2019-09-22,BTCUSDT,5820.68,5820.68,5458.09,5735.88,116635.16
2019-09-23,BTCUSDT,5735.88,6041.21,5735.88,5967.09,57406.39
2019-09-24,BTCUSDT,5967.09,6044.97,5856.73,5970.25,69970.24
2019-09-25,BTCUSDT,5970.25,5970.25,5531.14,5631.62,75854.83
2019-09-26,BTCUSDT,5631.62,6387.93,5631.62,6025.27,56039.33
2019-09-27,BTCUSDT,6025.27,6643.8,6025.27,6386.84,196682.87
2019-09-28,BTCUSDT,6386.84,6386.84,5735.78,6044.69,82779.05
2019-09-29,BTCUSDT,6044.69,6716.99,6044.69,6205.87,106810.16
2019-09-30,BTCUSDT,6205.87,6205.87,5938.92,6004.68,135577.23
2019-10-01,BTCUSDT,6004.68,6004.68,5375.33,5551.5,72461.79
2019-10-02,BTCUSDT,5551.5,5551.5,5177.66,5321.02,105970.65
2019-10-03,BTCUSDT,5321.02,5791.47,5321.02,5673.23,129027.8
2019-10-04,BTCUSDT,5673.23,5981.24,5673.23,5909.77,100220.37
2019-10-05,BTCUSDT,5909.77,5972.48,5644.75,5803.35,43739.58
2019-10-06,BTCUSDT,5803.35,6326.53,5803.35,6189.19,146688.34
2019-10-07,BTCUSDT,6189.19,6845.29,6189.19,6531.55,133723.65
2019-10-08,BTCUSDT,6531.55,6531.55,6135.46,6260.85,75458.78
2019-10-09,BTCUSDT,6260.85,7102.8,6260.85,6768.89,124296.42
2019-10-10,BTCUSDT,6768.89,6768.89,6535.43,6620.97,63410.91
2019-10-11,BTCUSDT,6620.97,6620.97,6232.43,6518.52,117487.8
2019-10-12,BTCUSDT,6518.52,6518.52,5840.01,5910.24,139482.98
2019-10-13,BTCUSDT,5910.24,5910.24,5697.76,5713.56,125246.76
2019-10-14,BTCUSDT,5713.56,5748.54,5559.61,5654.87,58637.02
2019-10-15,BTCUSDT,5654.87,5856.3,5654.87,5722.7,144489.62
2019-10-16,BTCUSDT,5722.7,5722.7,5392.85,5398.95,92185.16
2019-10-17,BTCUSDT,5398.95,5398.95,4879.26,5186.11,101478.12
2019-10-18,BTCUSDT,5186.11,6324.4,5186.11,6324.04,279780.73
2019-10-19,BTCUSDT,6324.04,6706.58,6316.92,6394.47,80122.82
2019-10-20,BTCUSDT,6394.47,6394.47,6058.23,6258.49,69769.78
2019-10-21,BTCUSDT,6258.49,6389.67,6247.55,6283.89,82580.29
2019-10-22,BTCUSDT,6283.89,6283.89,5172.82,5676.91,87527.17
2019-10-23,BTCUSDT,5676.91,5883.72,5478.1,5816.66,107392.2
2019-10-24,BTCUSDT,5816.66,5816.66,5113.81,5204.3,132534.32
2019-10-25,BTCUSDT,5204.3,5250.47,5108.84,5147.4,104826.19
2019-10-26,BTCUSDT,5147.4,5306.07,5110.62,5212.99,107306.67
2019-10-27,BTCUSDT,5212.99,5563.54,5212.99,5404.56,90748.54
2019-10-28,BTCUSDT,5404.56,5670.22,5404.56,5497.83,69402.03
2019-10-29,BTCUSDT,5497.83,5697.99,5426.69,5652.79,65219.86
2019-10-30,BTCUSDT,5652.79,5869.54,5652.79,5741.1,100206.97
2019-10-31,BTCUSDT,5741.1,5741.1,4968.96,5481.95,138406.92
2019-11-01,BTCUSDT,5481.95,5481.95,4982.05,5032.99,129401.78
2019-11-02,BTCUSDT,5032.99,5669.14,5032.99,5324.2,90316.49
2019-11-03,BTCUSDT,5324.2,5993.71,5324.2,5737.77,76568.58
2019-11-04,BTCUSDT,5737.77,5751.25,5349.71,5662.13,64313.12
2019-11-05,BTCUSDT,5662.13,5662.13,4839.3,5161.65,130345.04
2019-11-06,BTCUSDT,5161.65,5161.65,4798.77,4813.07,74452.82
2019-11-07,BTCUSDT,4813.07,4899.56,4560.08,4781.79,71644.32
2019-11-08,BTCUSDT,4781.79,4781.79,4531.44,4539.19,69825.07
2019-11-09,BTCUSDT,4539.19,4918.79,4539.19,4751.23,73858.27
2019-11-10,BTCUSDT,4751.23,4770.71,4663.68,4711.71,55025.46
2019-11-11,BTCUSDT,4711.71,4711.71,4438.56,4442.39,147578.27
2019-11-12,BTCUSDT,4442.39,4442.39,4172.44,4391.79,85347.89
2019-11-13,BTCUSDT,4391.79,4766.28,4391.79,4586.43,77520.14
2019-11-14,BTCUSDT,4586.43,4997.8,4586.43,4779.34,65573.61
2019-11-15,BTCUSDT,4779.34,4911.33,4667.56,4702.39,89728.24
2019-11-16,BTCUSDT,4702.39,4977.49,4702.39,4847.53,77146.57
2019-11-17,BTCUSDT,4847.53,5084.73,4757.7,4875.07,64376.43
2019-11-18,BTCUSDT,4875.07,4875.07,4446.75,4453.05,284309.74
2019-11-19,BTCUSDT,4453.05,4453.05,4341.66,4356.05,62718.1
2019-11-20,BTCUSDT,4356.05,4356.05,3917.47,3997.87,97813.24
2019-11-21,BTCUSDT,3997.87,4139.57,3979.41,4106.33,56198.01
2019-11-22,BTCUSDT,4106.33,4106.33,3640.7,3932.91,68026.88
2019-11-23,BTCUSDT,3932.91,3966.62,3932.91,3948.71,170210.33
2019-11-24,BTCUSDT,3948.71,3948.71,3564.74,3613.52,143637.7
2019-11-25,BTCUSDT,3613.52,3801.59,3580.36,3614.38,65405.97
2019-11-26,BTCUSDT,3614.38,3639.66,3494.32,3573.25,74194.65
2019-11-27,BTCUSDT,3573.25,3726.56,3509.01,3638.3,77385.95
2019-11-28,BTCUSDT,3638.3,3638.3,3518.47,3568.1,65666.79
2019-11-29,BTCUSDT,3568.1,3613.98,3538.78,3560.18,74819.31
2019-11-30,BTCUSDT,3560.18,3766.58,3560.18,3746.97,61977.94
2019-12-01,BTCUSDT,3746.97,4109.4,3746.97,3906.57,83434.93
2019-12-02,BTCUSDT,3906.57,4426.54,3906.57,4300.0,111482.93
2019-12-03,BTCUSDT,4300.0,4857.47,4300.0,4802.71,192130.96
2019-12-04,BTCUSDT,4802.71,5499.43,4802.71,5426.51,111838.64
2019-12-05,BTCUSDT,5426.51,5441.44,5253.66,5396.81,88189.41
2019-12-06,BTCUSDT,5396.81,5729.87,5396.81,5418.73,61561.19
2019-12-07,BTCUSDT,5418.73,6152.94,5418.73,5947.67,180775.69
2019-12-08,BTCUSDT,5947.67,6390.72,5947.67,6320.95,143438.52
2019-12-09,BTCUSDT,6320.95,6320.95,5904.81,6109.9,92950.81
2019-12-10,BTCUSDT,6109.9,6109.9,5821.99,5835.1,83739.58
2019-12-11,BTCUSDT,5835.1,5835.1,5277.16,5285.25,203077.93
2019-12-12,BTCUSDT,5285.25,5507.28,5207.73,5361.43,60898.39
2019-12-13,BTCUSDT,5361.43,5768.11,5361.43,5720.65,100906.43
2019-12-14,BTCUSDT,5720.65,5720.65,5440.81,5488.45,57289.17
2019-12-15,BTCUSDT,5488.45,5488.45,4938.0,5275.78,70362.68
2019-12-16,BTCUSDT,5275.78,5275.78,4409.36,4546.89,160143.73
2019-12-17,BTCUSDT,4546.89,4731.5,4457.93,4667.17,55036.27
2019-12-18,BTCUSDT,4667.17,5003.0,4667.17,4903.47,93857.95
2019-12-19,BTCUSDT,4903.47,4945.68,4770.23,4935.34,66077.91
2019-12-20,BTCUSDT,4935.34,4935.34,4623.18,4735.59,73672.2
2019-12-21,BTCUSDT,4735.59,4781.21,4632.53,4663.47,91502.79
2019-12-22,BTCUSDT,4663.47,4663.47,4461.3,4559.66,110361.4
2019-12-23,BTCUSDT,4559.66,4856.72,4388.26,4669.73,97770.43
2019-12-24,BTCUSDT,4669.73,4794.5,4414.09,4482.24,188369.68
2019-12-25,BTCUSDT,4482.24,4482.24,4081.87,4196.91,118287.14
2019-12-26,BTCUSDT,4196.91,4196.91,3599.43,3805.75,137541.31
2019-12-27,BTCUSDT,3805.75,3805.75,3362.85,3681.17,67912.9
2019-12-28,BTCUSDT,3681.17,3870.9,3681.17,3844.91,155657.22
2019-12-29,BTCUSDT,3844.91,3864.22,3488.14,3663.01,60896.1
2019-12-30,BTCUSDT,3663.01,3663.01,3356.78,3374.18,102869.71
2019-12-31,BTCUSDT,3374.18,3374.18,3038.33,3163.37,112271.77
2020-01-01,BTCUSDT,7203.95,7483.95,7087.61,7200.0,51643.63
2020-01-02,BTCUSDT,7200.0,7664.35,7200.0,7549.73,81686.07
2020-01-03,BTCUSDT,7549.73,9118.79,7549.73,8861.98,257332.69
2020-01-04,BTCUSDT,8861.98,8861.98,8298.22,8321.13,77897.2
2020-01-05,BTCUSDT,8321.13,8651.56,8321.13,8554.07,112897.89
2020-01-06,BTCUSDT,8554.07,8732.29,8272.11,8537.05,28677.6
2020-01-07,BTCUSDT,8537.05,8888.89,8147.53,8728.53,59212.8
2020-01-08,BTCUSDT,8728.53,8969.87,8407.91,8636.16,47847.41
2020-01-09,BTCUSDT,8636.16,8636.16,7686.43,7975.78,66556.02
2020-01-10,BTCUSDT,7975.78,8073.44,7517.03,7839.1,120892.73
2020-01-11,BTCUSDT,7839.1,7839.1,7013.68,7164.4,195142.03
2020-01-12,BTCUSDT,7164.4,7487.76,7164.4,7451.65,68765.03
2020-01-13,BTCUSDT,7451.65,8076.81,7451.65,7558.8,68985.17
2020-01-14,BTCUSDT,7558.8,8170.14,7558.8,7841.11,71892.81
2020-01-15,BTCUSDT,7841.11,7936.23,7806.03,7861.85,73591.19
2020-01-16,BTCUSDT,7861.85,8676.12,7757.2,8123.56,102616.6
2020-01-17,BTCUSDT,8123.56,8271.83,7813.22,7967.53,76699.42
2020-01-18,BTCUSDT,7967.53,7967.53,7199.73,7351.83,91119.96
2020-01-19,BTCUSDT,7351.83,7351.83,7007.48,7013.3,118736.99
2020-01-20,BTCUSDT,7013.3,7332.74,7013.3,7266.74,204219.11
2020-01-21,BTCUSDT,7266.74,7751.77,7266.74,7716.4,112902.14
2020-01-22,BTCUSDT,7716.4,7858.91,7332.09,7479.06,122814.57
2020-01-23,BTCUSDT,7479.06,7592.04,6985.88,7415.9,76828.82
2020-01-24,BTCUSDT,7415.9,7415.9,6640.83,6785.16,158681.47
2020-01-25,BTCUSDT,6785.16,6921.21,6785.16,6863.58,80667.04
2020-01-26,BTCUSDT,6863.58,7167.88,6863.58,7069.8,76973.12
2020-01-27,BTCUSDT,7069.8,7069.8,6838.23,6912.66,68788.85
2020-01-28,BTCUSDT,6912.66,7221.66,6804.8,7091.22,59182.33
2020-01-29,BTCUSDT,7091.22,7419.86,7091.22,7339.98,63130.52
2020-01-30,BTCUSDT,7339.98,7339.98,7067.68,7156.25,55436.83
2020-01-31,BTCUSDT,7156.25,7156.25,6403.18,6518.03,100530.57
2020-02-01,BTCUSDT,6518.03,6518.03,6014.48,6113.54,116808.49
2020-02-02,BTCUSDT,6113.54,6313.02,6090.49,6150.14,164335.34
2020-02-03,BTCUSDT,6150.14,6165.25,6018.89,6103.11,86493.03
2020-02-04,BTCUSDT,6103.11,6115.45,5840.63,5937.59,142662.16
2020-02-05,BTCUSDT,5937.59,5937.59,5434.92,5475.72,175554.77
2020-02-06,BTCUSDT,5475.72,5475.72,5091.03,5247.46,102549.54
2020-02-07,BTCUSDT,5247.46,5677.58,5247.46,5419.22,92063.76
2020-02-08,BTCUSDT,5419.22,6061.96,5419.22,5763.8,126013.71
2020-02-09,BTCUSDT,5763.8,5894.93,5697.06,5740.92,44816.4
2020-02-10,BTCUSDT,5740.92,5740.92,5059.56,5268.75,138967.78
2020-02-11,BTCUSDT,5268.75,5387.62,5015.04,5280.07,74375.59
2020-02-12,BTCUSDT,5280.07,5353.4,5233.83,5259.35,59890.49
2020-02-13,BTCUSDT,5259.35,5259.35,5030.05,5119.73,69172.45
2020-02-14,BTCUSDT,5119.73,5119.73,4904.99,4914.48,62781.45
2020-02-15,BTCUSDT,4914.48,4962.93,4637.38,4870.36,95603.2
2020-02-16,BTCUSDT,4870.36,4995.38,4837.57,4970.7,76699.12
2020-02-17,BTCUSDT,4970.7,4970.7,4752.42,4870.87,86717.15
2020-02-18,BTCUSDT,4870.87,4870.87,4631.38,4725.46,81315.77
2020-02-19,BTCUSDT,4725.46,4783.76,4635.39,4667.03,112349.52
2020-02-20,BTCUSDT,4667.03,4811.67,4663.43,4696.38,51178.9
2020-02-21,BTCUSDT,4696.38,4749.14,4609.27,4687.1,174441.27
2020-02-22,BTCUSDT,4687.1,4778.96,4611.58,4662.66,88070.89
2020-02-23,BTCUSDT,4662.66,4662.66,4389.19,4488.56,101547.36
2020-02-24,BTCUSDT,4488.56,4846.98,4488.56,4597.38,56419.84
2020-02-25,BTCUSDT,4597.38,4818.09,4597.38,4812.65,40126.01
2020-02-26,BTCUSDT,4812.65,4952.28,4699.89,4782.15,40478.22
2020-02-27,BTCUSDT,4782.15,5029.49,4779.7,4920.06,80194.14
2020-02-28,BTCUSDT,4920.06,5132.19,4888.28,4936.24,59213.39
2020-02-29,BTCUSDT,4936.24,4936.24,4627.18,4683.26,65109.94
2020-03-01,BTCUSDT,4683.26,4853.73,4683.26,4783.63,106629.88
2020-03-02,BTCUSDT,4783.63,4783.63,4740.54,4743.72,65041.52
2020-03-03,BTCUSDT,4743.72,5005.41,4728.43,4868.11,65291.06
2020-03-04,BTCUSDT,4868.11,5363.92,4868.11,5178.96,164833.71
2020-03-05,BTCUSDT,5178.96,5269.93,5001.94,5063.98,55663.93
2020-03-06,BTCUSDT,5063.98,5063.98,4808.96,4817.05,76193.87
2020-03-07,BTCUSDT,4817.05,4843.18,4603.54,4641.68,102530.29
2020-03-08,BTCUSDT,4641.68,4810.11,4641.68,4733.77,101465.55
2020-03-09,BTCUSDT,4733.77,4876.36,4652.3,4822.94,78897.14
2020-03-10,BTCUSDT,4822.94,5021.77,4815.6,4931.15,66206.61
2020-03-11,BTCUSDT,4931.15,4957.14,4730.94,4819.09,46709.75
2020-03-12,BTCUSDT,4819.09,4863.06,4428.45,4811.31,63290.59
2020-03-13,BTCUSDT,3548.81,4883.14,3548.81,4100.0,96781.93
2020-03-14,BTCUSDT,3766.5,3916.21,3754.88,3800.0,71653.01
2020-03-15,BTCUSDT,3800.0,3895.03,3729.02,3888.64,51014.47
2020-03-16,BTCUSDT,3888.64,4136.38,3888.64,3969.96,56078.81
2020-03-17,BTCUSDT,3969.96,3969.96,3828.45,3885.17,57431.47
2020-03-18,BTCUSDT,3885.17,3885.17,3709.25,3763.4,39948.12
2020-03-19,BTCUSDT,3763.4,3910.31,3763.4,3819.98,133123.63
2020-03-20,BTCUSDT,3819.98,3972.17,3819.98,3963.88,104147.21
2020-03-21,BTCUSDT,3963.88,4362.21,3963.88,4321.1,103715.25
2020-03-22,BTCUSDT,4321.1,4612.48,4321.1,4551.35,150782.32
2020-03-23,BTCUSDT,4551.35,4921.78,4551.35,4832.0,66204.59
2020-03-24,BTCUSDT,4832.0,5338.15,4832.0,5062.6,76658.21
2020-03-25,BTCUSDT,5062.6,5080.95,5058.08,5063.31,66637.89
2020-03-26,BTCUSDT,5063.31,5063.31,4889.81,4922.91,120156.93
2020-03-27,BTCUSDT,4922.91,4922.91,4566.16,4577.02,71761.84
2020-03-28,BTCUSDT,4577.02,4577.02,4399.23,4556.73,99534.53
2020-03-29,BTCUSDT,4556.73,4808.69,4556.73,4764.59,54709.12
2020-03-30,BTCUSDT,4764.59,4764.59,4547.68,4684.28,60544.16
2020-03-31,BTCUSDT,4684.28,4752.47,4613.34,4730.19,61045.77
2020-04-01,BTCUSDT,4730.19,4730.19,4555.42,4649.67,69125.76
2020-04-02,BTCUSDT,4649.67,4870.43,4599.35,4757.06,58332.89
2020-04-03,BTCUSDT,4757.06,4803.1,4722.37,4731.43,35034.2
2020-04-04,BTCUSDT,4731.43,4731.43,3684.59,3699.15,158338.69
2020-04-05,BTCUSDT,3699.15,3699.15,3426.46,3535.29,76564.24
2020-04-06,BTCUSDT,3535.29,3535.29,3348.44,3405.01,83197.29
2020-04-07,BTCUSDT,3405.01,3722.13,3405.01,3681.5,114156.41
2020-04-08,BTCUSDT,3681.5,3681.5,3262.58,3418.26,149877.71
2020-04-09,BTCUSDT,3418.26,3591.03,3251.99,3453.63,64376.82
2020-04-10,BTCUSDT,3453.63,3469.05,3436.65,3445.42,106085.48
2020-04-11,BTCUSDT,3445.42,3657.72,3445.42,3613.22,77397.71
2020-04-12,BTCUSDT,3613.22,3632.47,3443.22,3596.85,80093.52
2020-04-13,BTCUSDT,3596.85,3999.12,3596.85,3783.97,147619.06
2020-04-14,BTCUSDT,3783.97,4213.37,3783.97,4103.28,77888.83
2020-04-15,BTCUSDT,4103.28,4558.11,4103.28,4299.34,103288.38
2020-04-16,BTCUSDT,4299.34,4387.19,4230.53,4257.54,60265.68
2020-04-17,BTCUSDT,4257.54,4257.54,3983.18,4099.26,51413.57
2020-04-18,BTCUSDT,4099.26,4153.27,4099.26,4142.42,88502.33
2020-04-19,BTCUSDT,4142.42,4552.58,4142.42,4526.82,177714.0
2020-04-20,BTCUSDT,4526.82,4526.82,4452.93,4498.05,144507.13
2020-04-21,BTCUSDT,4498.05,4498.05,4116.95,4175.79,68529.07
2020-04-22,BTCUSDT,4175.79,4268.38,3913.44,4118.1,62258.11
2020-04-23,BTCUSDT,4118.1,4660.06,4118.1,4343.91,89421.75
2020-04-24,BTCUSDT,4343.91,4636.99,4343.91,4610.01,74841.26
2020-04-25,BTCUSDT,4610.01,4610.01,4262.84,4450.84,108796.18
2020-04-26,BTCUSDT,4450.84,4450.84,4229.92,4294.51,146225.49
2020-04-27,BTCUSDT,4294.51,4294.51,3781.24,3947.59,92621.25
2020-04-28,BTCUSDT,3947.59,4154.33,3947.59,4089.32,76328.69
2020-04-29,BTCUSDT,4089.32,4089.32,3905.46,3925.03,61020.73
2020-04-30,BTCUSDT,3925.03,3925.03,3718.3,3806.8,120133.47
2020-05-01,BTCUSDT,3806.8,4157.36,3806.8,4076.59,254474.94
2020-05-02,BTCUSDT,4076.59,4219.36,4004.97,4151.82,155670.45
2020-05-03,BTCUSDT,4151.82,4451.72,4151.82,4373.64,131638.52
2020-05-04,BTCUSDT,4373.64,4373.64,4180.72,4253.13,63037.94
2020-05-05,BTCUSDT,4253.13,4253.13,4076.93,4176.64,132888.12
2020-05-06,BTCUSDT,4176.64,4176.83,4065.14,4173.07,24325.95
2020-05-07,BTCUSDT,4173.07,4196.35,4076.03,4181.07,61575.81
2020-05-08,BTCUSDT,4181.07,4453.68,4136.77,4434.9,102306.58
2020-05-09,BTCUSDT,4434.9,4555.69,4434.9,4500.73,97489.54
2020-05-10,BTCUSDT,4500.73,4525.72,4404.8,4500.27,37636.74
2020-05-11,BTCUSDT,4500.27,5083.46,4500.27,5005.26,167152.61
2020-05-12,BTCUSDT,5005.26,5005.26,4819.22,4828.72,88864.66
2020-05-13,BTCUSDT,4828.72,4868.99,4771.92,4791.05,89569.43
2020-05-14,BTCUSDT,4791.05,5279.51,4791.05,5158.43,45939.64
2020-05-15,BTCUSDT,5158.43,5777.13,5158.43,5549.7,81584.14
2020-05-16,BTCUSDT,5549.7,5670.74,5216.86,5503.87,104271.19
2020-05-17,BTCUSDT,5503.87,5503.87,4992.08,5180.59,122012.02
2020-05-18,BTCUSDT,5180.59,5186.11,4970.77,5111.83,60284.89
2020-05-19,BTCUSDT,5111.83,5442.69,5111.83,5424.88,132244.28
2020-05-20,BTCUSDT,5424.88,5491.2,5311.16,5421.68,63228.32
2020-05-21,BTCUSDT,5421.68,5657.4,5328.0,5597.21,164928.77
2020-05-22,BTCUSDT,5597.21,5623.07,5435.92,5618.37,83376.21
2020-05-23,BTCUSDT,5618.37,5618.37,5180.74,5335.17,71472.73
2020-05-24,BTCUSDT,5335.17,5489.76,5335.17,5362.7,35115.79
2020-05-25,BTCUSDT,5362.7,5626.65,5362.7,5566.62,138218.0
2020-05-26,BTCUSDT,5566.62,5566.62,5400.28,5463.68,134922.21
2020-05-27,BTCUSDT,5463.68,5942.38,5463.68,5665.06,94387.16
2020-05-28,BTCUSDT,5665.06,5818.39,5665.06,5708.14,56121.15
2020-05-29,BTCUSDT,5708.14,5981.78,5708.14,5905.07,109952.32
2020-05-30,BTCUSDT,5905.07,6133.57,5905.07,6007.76,59518.94
2020-05-31,BTCUSDT,6007.76,6007.76,5648.29,5809.18,79589.05
2020-06-01,BTCUSDT,5809.18,5897.93,5690.74,5766.08,74957.85
2020-06-02,BTCUSDT,5766.08,5766.08,5502.88,5716.33,61520.37
2020-06-03,BTCUSDT,5716.33,5716.33,5541.14,5600.84,90116.78
2020-06-04,BTCUSDT,5600.84,5745.77,5563.88,5680.09,113223.88
2020-06-05,BTCUSDT,5680.09,6189.35,5680.09,6167.5,115175.57
2020-06-06,BTCUSDT,6167.5,6864.37,6167.5,6465.84,86591.13
2020-06-07,BTCUSDT,6465.84,6995.48,6465.84,6817.88,115661.74
2020-06-08,BTCUSDT,6817.88,6931.8,6597.62,6665.24,56259.92
2020-06-09,BTCUSDT,6665.24,7278.4,6665.24,7033.38,62783.65
2020-06-10,BTCUSDT,7033.38,7677.4,7033.38,7527.75,169552.17
2020-06-11,BTCUSDT,7527.75,7749.32,7287.87,7350.42,56912.67
2020-06-12,BTCUSDT,7350.42,7511.43,7239.77,7511.08,72376.05
2020-06-13,BTCUSDT,7511.08,7511.08,6925.19,7096.81,114802.81
2020-06-14,BTCUSDT,7096.81,7121.25,6813.38,7063.17,73360.87
2020-06-15,BTCUSDT,7063.17,7528.79,6965.52,7066.23,63599.51
2020-06-16,BTCUSDT,7066.23,7066.23,6205.15,6571.17,83988.08
2020-06-17,BTCUSDT,6571.17,6681.27,6378.4,6548.6,60001.53
2020-06-18,BTCUSDT,6548.6,6634.53,6310.71,6543.38,62002.52
2020-06-19,BTCUSDT,6543.38,6678.58,6292.95,6410.45,69500.25
2020-06-20,BTCUSDT,6410.45,6410.45,5517.42,5697.29,188302.76
2020-06-21,BTCUSDT,5697.29,6109.82,5697.29,5933.33,66426.18
2020-06-22,BTCUSDT,5933.33,6052.07,5788.09,6007.15,61415.58
2020-06-23,BTCUSDT,6007.15,6097.96,5976.41,5989.84,42187.35
2020-06-24,BTCUSDT,5989.84,6277.15,5989.84,6266.29,109328.8
2020-06-25,BTCUSDT,6266.29,6266.29,5970.37,6074.15,86473.48
2020-06-26,BTCUSDT,6074.15,6074.15,5781.17,5829.93,130967.41
2020-06-27,BTCUSDT,5829.93,6720.64,5829.93,6353.94,92656.34
2020-06-28,BTCUSDT,6353.94,6437.6,6090.96,6278.76,51304.81
2020-06-29,BTCUSDT,6278.76,6507.43,6278.76,6475.19,67864.22
2020-06-30,BTCUSDT,6475.19,6709.1,6475.19,6620.81,66951.58
2020-07-01,BTCUSDT,6620.81,6881.75,6620.81,6757.07,76961.41
2020-07-02,BTCUSDT,6757.07,6863.55,6437.55,6673.22,48182.7
2020-07-03,BTCUSDT,6673.22,7027.29,6673.22,6976.54,128420.54
2020-07-04,BTCUSDT,6976.54,7397.72,6976.54,7256.65,84778.87
2020-07-05,BTCUSDT,7256.65,7710.8,7256.65,7702.69,95052.65
2020-07-06,BTCUSDT,7702.69,7937.18,7702.69,7934.02,75243.31
2020-07-07,BTCUSDT,7934.02,7934.02,7812.88,7882.91,91481.24
2020-07-08,BTCUSDT,7882.91,8483.64,7882.91,8106.99,64742.78
2020-07-09,BTCUSDT,8106.99,8106.99,7471.44,7552.3,67993.08
2020-07-10,BTCUSDT,7552.3,7552.3,7204.67,7480.35,75208.15
2020-07-11,BTCUSDT,7480.35,8327.21,7480.35,8080.87,122425.54
2020-07-12,BTCUSDT,8080.87,8080.87,7715.62,7744.19,86021.98
2020-07-13,BTCUSDT,7744.19,7744.19,7263.12,7286.26,61710.94
2020-07-14,BTCUSDT,7286.26,7305.19,7200.61,7246.26,38990.96
2020-07-15,BTCUSDT,7246.26,7493.31,7062.34,7212.51,66160.96
2020-07-16,BTCUSDT,7212.51,7834.68,7172.04,7516.2,58144.24
2020-07-17,BTCUSDT,7516.2,7716.45,7428.62,7639.64,86214.78
2020-07-18,BTCUSDT,7639.64,7886.66,7488.34,7684.31,89545.3
2020-07-19,BTCUSDT,7684.31,7745.54,7231.37,7257.35,106005.77
2020-07-20,BTCUSDT,7257.35,7358.43,7243.3,7305.84,46859.29
2020-07-21,BTCUSDT,7305.84,7545.14,6828.32,7141.32,144242.54
2020-07-22,BTCUSDT,7141.32,7469.45,7141.32,7398.18,57187.96
2020-07-23,BTCUSDT,7398.18,7634.69,7398.18,7456.52,43424.83
2020-07-24,BTCUSDT,7456.52,7456.52,6556.65,6820.09,65039.01
2020-07-25,BTCUSDT,6820.09,7271.22,6820.09,7225.03,116777.55
2020-07-26,BTCUSDT,7225.03,7225.03,6032.7,6311.11,124019.55
2020-07-27,BTCUSDT,6311.11,6311.11,6024.32,6081.54,75132.34
2020-07-28,BTCUSDT,6081.54,6193.32,6081.54,6150.19,28322.58
2020-07-29,BTCUSDT,6150.19,6185.23,6010.91,6152.39,63850.46
2020-07-30,BTCUSDT,6152.39,6434.32,6152.39,6318.63,52064.96
2020-07-31,BTCUSDT,6318.63,6415.62,6076.69,6213.69,84074.86
2020-08-01,BTCUSDT,9247.36,9516.98,9038.88,9200.0,73497.11
2020-08-02,BTCUSDT,9200.0,9726.59,9200.0,9547.36,41607.56
2020-08-03,BTCUSDT,9547.36,10549.19,9547.36,9965.16,108808.03
2020-08-04,BTCUSDT,9965.16,9965.16,9422.11,9730.51,77732.41
2020-08-05,BTCUSDT,9730.51,9741.13,9113.96,9612.74,62079.88
2020-08-06,BTCUSDT,9612.74,9798.39,9251.46,9481.53,72768.43
2020-08-07,BTCUSDT,9481.53,9481.53,8201.68,8461.77,96420.59
2020-08-08,BTCUSDT,8461.77,8461.77,7920.84,8067.73,100465.61
2020-08-09,BTCUSDT,8067.73,8163.42,7669.56,7981.71,101880.52
2020-08-10,BTCUSDT,7981.71,8006.52,7706.17,7972.32,30007.53
2020-08-11,BTCUSDT,7972.32,8528.02,7952.37,8169.72,103982.04
2020-08-12,BTCUSDT,8169.72,8399.74,7657.36,7963.89,81017.05
2020-08-13,BTCUSDT,7963.89,8104.9,7963.89,8085.74,105177.12
2020-08-14,BTCUSDT,8085.74,8735.02,8085.74,8591.74,174775.81
2020-08-15,BTCUSDT,8591.74,9598.65,8477.05,8894.86,99166.06
2020-08-16,BTCUSDT,8894.86,8894.86,8740.04,8785.02,80005.64
2020-08-17,BTCUSDT,8785.02,9443.94,8785.02,9219.79,68504.79
2020-08-18,BTCUSDT,9219.79,9820.38,8779.89,9085.46,54578.17
2020-08-19,BTCUSDT,9085.46,9196.81,8816.26,9196.55,66786.99
2020-08-20,BTCUSDT,9196.55,9786.1,9196.55,9741.49,171729.14
2020-08-21,BTCUSDT,9741.49,10050.44,9632.77,9716.29,50928.56
2020-08-22,BTCUSDT,9716.29,9716.29,8908.07,9159.6,63639.96
2020-08-23,BTCUSDT,9159.6,9582.92,9159.6,9257.43,81004.86
2020-08-24,BTCUSDT,9257.43,9958.09,9257.43,9811.19,61252.8
2020-08-25,BTCUSDT,9811.19,10564.97,9811.19,10454.87,124100.57
2020-08-26,BTCUSDT,10454.87,10454.87,9782.73,9947.9,178594.38
2020-08-27,BTCUSDT,9947.9,10498.29,9945.79,10415.55,112153.56
2020-08-28,BTCUSDT,10415.55,10727.74,9471.31,10355.58,46298.6
2020-08-29,BTCUSDT,10355.58,11709.25,10355.58,11310.17,147110.94
2020-08-30,BTCUSDT,11310.17,11310.17,10650.81,10672.87,116716.55
2020-08-31,BTCUSDT,10672.87,11743.95,10672.87,11162.27,112938.86
2020-09-01,BTCUSDT,11162.27,11162.27,10549.49,11033.88,57927.99
2020-09-02,BTCUSDT,11033.88,11033.88,10620.49,10764.53,95518.81
2020-09-03,BTCUSDT,10764.53,11861.29,10764.53,11432.9,151733.54
2020-09-04,BTCUSDT,11432.9,12310.81,11432.9,12256.07,122177.67
2020-09-05,BTCUSDT,12256.07,12256.07,10999.11,11094.19,125423.03
2020-09-06,BTCUSDT,11094.19,12606.08,11094.19,11795.76,89411.45
2020-09-07,BTCUSDT,11795.76,12841.84,11764.6,11839.95,69889.58
2020-09-08,BTCUSDT,11839.95,11958.44,11797.05,11948.03,58567.32
2020-09-09,BTCUSDT,11948.03,11948.03,10948.41,11244.65,144498.98
2020-09-10,BTCUSDT,11244.65,12135.88,11244.65,11714.51,110409.28
2020-09-11,BTCUSDT,11714.51,13900.11,11714.51,13412.54,146857.08
2020-09-12,BTCUSDT,13412.54,13412.54,12643.86,13126.09,55400.06
2020-09-13,BTCUSDT,13126.09,15416.9,13126.09,14153.24,134382.7
2020-09-14,BTCUSDT,14153.24,14855.88,13970.36,14253.81,76578.01
2020-09-15,BTCUSDT,14253.81,14439.46,13846.62,13978.11,168582.37
2020-09-16,BTCUSDT,13978.11,13978.11,12424.51,13030.54,100198.11
2020-09-17,BTCUSDT,13030.54,14291.5,13030.54,14173.33,171180.09
2020-09-18,BTCUSDT,14173.33,14621.18,13581.7,14367.64,92161.62
2020-09-19,BTCUSDT,14367.64,14375.64,13863.74,14127.21,34715.36
2020-09-20,BTCUSDT,14127.21,14416.1,13555.2,14009.49,56015.45
2020-09-21,BTCUSDT,14009.49,15559.2,14009.49,14661.7,100172.6
2020-09-22,BTCUSDT,14661.7,14814.98,13942.41,14415.13,71486.16
2020-09-23,BTCUSDT,14415.13,14415.13,13589.74,13802.62,65818.84
2020-09-24,BTCUSDT,13802.62,14375.33,13249.32,13819.91,60272.1
2020-09-25,BTCUSDT,13819.91,14016.6,13513.85,13814.42,63221.31
2020-09-26,BTCUSDT,13814.42,14016.07,13710.65,13792.67,62245.62
2020-09-27,BTCUSDT,13792.67,13792.67,13285.99,13570.05,63962.02
2020-09-28,BTCUSDT,13570.05,15510.15,13570.05,14663.6,116026.62
2020-09-29,BTCUSDT,14663.6,17528.7,14663.6,17214.81,158546.46
2020-09-30,BTCUSDT,17214.81,17214.81,15737.81,16382.02,48665.78
2020-10-01,BTCUSDT,16382.02,16382.02,13915.94,14723.53,163099.95
2020-10-02,BTCUSDT,14723.53,15048.96,13608.65,14643.7,60553.0
2020-10-03,BTCUSDT,14643.7,14643.7,12776.63,13230.26,96969.53
2020-10-04,BTCUSDT,13230.26,13230.26,12089.09,12274.88,87470.9
2020-10-05,BTCUSDT,12274.88,12274.88,11982.73,12023.54,100913.32
2020-10-06,BTCUSDT,12023.54,12611.16,12023.54,12577.98,49857.23
2020-10-07,BTCUSDT,12577.98,13140.27,11985.6,12502.18,94742.94
2020-10-08,BTCUSDT,12502.18,12502.18,10931.75,11098.67,69369.64
2020-10-09,BTCUSDT,11098.67,11628.53,10591.29,11024.15,67961.78
2020-10-10,BTCUSDT,11024.15,11202.49,10939.23,10993.01,95161.85
2020-10-11,BTCUSDT,10993.01,10993.01,10784.36,10971.72,61378.46
2020-10-12,BTCUSDT,10971.72,11748.44,10971.72,11742.82,209449.75
2020-10-13,BTCUSDT,11742.82,12769.83,11418.85,12436.13,72713.95
2020-10-14,BTCUSDT,12436.13,13033.62,11931.44,12579.69,130731.74
2020-10-15,BTCUSDT,12579.69,14677.29,12579.69,14193.26,163577.34
2020-10-16,BTCUSDT,14193.26,14193.26,12954.47,13212.43,85930.97
2020-10-17,BTCUSDT,13212.43,13289.26,12078.96,12940.06,107654.37
2020-10-18,BTCUSDT,12940.06,13189.68,12415.19,12947.11,47345.58
2020-10-19,BTCUSDT,12947.11,13314.38,12947.11,13027.14,128804.56
2020-10-20,BTCUSDT,13027.14,13027.14,11872.5,12137.7,114077.92
2020-10-21,BTCUSDT,12137.7,12137.7,10797.85,10990.35,184410.39
2020-10-22,BTCUSDT,10990.35,11419.28,10533.35,11070.82,93898.78
2020-10-23,BTCUSDT,11070.82,11070.82,9841.72,10220.12,98569.53
2020-10-24,BTCUSDT,10220.12,10396.2,9057.35,9927.48,85753.13
2020-10-25,BTCUSDT,9927.48,10403.4,9805.06,10066.73,51500.04
2020-10-26,BTCUSDT,10066.73,10066.73,9034.46,9450.17,126304.69
2020-10-27,BTCUSDT,9450.17,9706.72,9377.62,9695.8,100952.11
2020-10-28,BTCUSDT,9695.8,10874.78,9695.8,10642.54,120451.67
2020-10-29,BTCUSDT,10642.54,11635.08,10642.54,11150.71,102166.41
2020-10-30,BTCUSDT,11150.71,11150.71,10710.63,10930.47,91816.91
2020-10-31,BTCUSDT,10930.47,12743.47,10930.47,12131.55,148684.36
2020-11-01,BTCUSDT,12131.55,13597.69,12131.55,13592.56,98693.02
2020-11-02,BTCUSDT,13592.56,13592.56,12992.56,13394.91,103577.8
2020-11-03,BTCUSDT,13394.91,13394.91,12544.97,12929.67,49629.12
2020-11-04,BTCUSDT,12929.67,14769.37,12929.67,13747.55,90529.24
2020-11-05,BTCUSDT,13747.55,13747.55,12651.21,13662.0,37511.36
2020-11-06,BTCUSDT,13662.0,14328.48,13662.0,13808.61,44969.03
2020-11-07,BTCUSDT,13808.61,13808.61,13498.65,13518.36,75310.55
2020-11-08,BTCUSDT,13518.36,14600.99,13518.36,14401.1,70916.73
2020-11-09,BTCUSDT,14401.1,14401.1,13412.32,13960.62,91713.96
2020-11-10,BTCUSDT,13960.62,14015.25,12645.22,13280.89,105252.57
2020-11-11,BTCUSDT,13280.89,13944.43,13280.89,13824.41,150888.24
2020-11-12,BTCUSDT,13824.41,14544.84,13585.78,13925.39,36311.5
2020-11-13,BTCUSDT,13925.39,16252.24,13925.39,15559.09,93430.82
2020-11-14,BTCUSDT,15559.09,16390.7,15559.09,16322.69,77408.03
2020-11-15,BTCUSDT,16322.69,18795.96,16322.69,18170.92,89487.44
2020-11-16,BTCUSDT,18170.92,19168.57,18170.92,18554.1,62074.37
2020-11-17,BTCUSDT,18554.1,18724.75,17878.66,17903.36,61254.91
2020-11-18,BTCUSDT,17903.36,17903.36,17360.09,17424.94,64631.55
2020-11-19,BTCUSDT,17424.94,19565.75,17424.94,19414.49,136602.07
2020-11-20,BTCUSDT,19414.49,19848.11,19138.74,19492.39,60134.46
2020-11-21,BTCUSDT,19492.39,21578.39,19492.39,21228.26,169736.8
2020-11-22,BTCUSDT,21228.26,21228.26,20094.83,20272.22,80636.96
2020-11-23,BTCUSDT,20272.22,20272.22,19306.98,19565.22,42971.55
2020-11-24,BTCUSDT,19565.22,19673.17,18052.81,19241.59,79860.37
2020-11-25,BTCUSDT,19241.59,19528.88,18566.36,18761.93,88422.77
2020-11-26,BTCUSDT,18761.93,20947.82,18761.93,19865.4,80566.95
2020-11-27,BTCUSDT,19865.4,20113.94,19074.04,19658.5,76317.94
2020-11-28,BTCUSDT,19658.5,20696.79,19005.4,19248.36,52881.81
2020-11-29,BTCUSDT,19248.36,19248.36,17239.36,18109.8,115010.94
2020-11-30,BTCUSDT,18109.8,19503.56,17784.82,18876.08,63441.08
2020-12-01,BTCUSDT,18876.08,18876.08,17231.0,17337.92,105816.91
2020-12-02,BTCUSDT,17337.92,18299.11,17337.92,18111.48,61099.12
2020-12-03,BTCUSDT,18111.48,18987.05,17905.06,18108.65,53650.71
2020-12-04,BTCUSDT,18108.65,18162.35,17356.24,17687.66,74715.27
2020-12-05,BTCUSDT,17687.66,17687.66,17060.45,17461.48,106375.71
2020-12-06,BTCUSDT,17461.48,17653.64,17030.44,17279.73,63344.71
2020-12-07,BTCUSDT,17279.73,17279.73,16447.98,16795.69,77463.55
2020-12-08,BTCUSDT,16795.69,16795.69,15473.36,16203.84,105982.97
2020-12-09,BTCUSDT,16203.84,18437.75,16203.84,17606.87,251731.21
2020-12-10,BTCUSDT,17606.87,17606.87,16407.2,17259.51,77766.73
2020-12-11,BTCUSDT,17259.51,17259.51,16204.94,16760.44,73744.52
2020-12-12,BTCUSDT,16760.44,18094.07,16746.54,17236.71,78721.3
2020-12-13,BTCUSDT,17236.71,18321.98,16553.05,17427.84,111144.18
2020-12-14,BTCUSDT,17427.84,17427.84,15652.67,15720.85,334070.84
2020-12-15,BTCUSDT,15720.85,16438.59,15720.85,16108.21,86163.13
2020-12-16,BTCUSDT,16108.21,16691.53,16018.59,16558.14,148117.79
2020-12-17,BTCUSDT,16558.14,17085.22,16378.16,16482.44,37220.45
2020-12-18,BTCUSDT,16482.44,18252.86,16482.44,17785.59,129147.78
2020-12-19,BTCUSDT,17785.59,19642.6,17785.59,18795.85,138878.09
2020-12-20,BTCUSDT,18795.85,20884.87,18795.85,20449.34,199768.05
2020-12-21,BTCUSDT,20449.34,20449.34,18755.82,19323.7,97595.44
2020-12-22,BTCUSDT,19323.7,21189.16,19323.7,20125.16,123224.7
2020-12-23,BTCUSDT,20125.16,22268.01,20125.16,20932.01,63249.31
2020-12-24,BTCUSDT,20932.01,21857.05,19470.92,20652.92,195274.2
2020-12-25,BTCUSDT,20652.92,21115.97,19783.04,19894.37,64825.91
2020-12-26,BTCUSDT,19894.37,21422.47,19894.37,21097.67,63162.29
2020-12-27,BTCUSDT,21097.67,21937.19,20756.96,21191.65,65322.07
2020-12-28,BTCUSDT,21191.65,23976.23,21191.65,23375.48,105293.25
2020-12-29,BTCUSDT,23375.48,26290.22,23375.48,25603.52,106720.52
2020-12-30,BTCUSDT,25603.52,25603.52,23490.01,24261.1,103763.92
2020-12-31,BTCUSDT,24261.1,24801.82,24261.1,24422.37,124788.5
2021-01-01,BTCUSDT,28765.37,30082.41,28154.24,29000.0,57819.82
2021-01-02,BTCUSDT,29000.0,32373.5,29000.0,30760.75,72600.71
2021-01-03,BTCUSDT,30760.75,31610.74,28900.41,30297.27,84865.83
2021-01-04,BTCUSDT,30297.27,33882.09,30297.27,33601.42,147927.06
2021-01-05,BTCUSDT,33601.42,35405.72,33276.05,34569.86,107475.59
2021-01-06,BTCUSDT,34569.86,36688.14,33539.88,35692.55,53492.73
2021-01-07,BTCUSDT,35692.55,38833.03,35692.55,38132.76,76553.37
2021-01-08,BTCUSDT,38132.76,41816.53,38132.76,39038.97,127247.44
2021-01-09,BTCUSDT,39038.97,44141.82,39038.97,43184.38,157990.34
2021-01-10,BTCUSDT,43184.38,44437.39,43184.38,43809.37,70029.2
2021-01-11,BTCUSDT,43809.37,44111.15,43121.64,43615.12,67060.1
2021-01-12,BTCUSDT,43615.12,44633.87,41360.16,43314.98,37224.51
2021-01-13,BTCUSDT,43314.98,43388.91,42785.27,42853.19,145552.15
2021-01-14,BTCUSDT,42853.19,47099.45,42853.19,46858.66,123808.64
2021-01-15,BTCUSDT,46858.66,50965.24,46858.66,49922.82,70425.93
2021-01-16,BTCUSDT,49922.82,55460.3,49922.82,52232.54,53328.35
2021-01-17,BTCUSDT,52232.54,58381.53,52232.54,55953.44,83100.75
2021-01-18,BTCUSDT,55953.44,64574.9,55953.44,63651.68,256137.78
2021-01-19,BTCUSDT,63651.68,63651.68,58187.93,58229.67,89500.01
2021-01-20,BTCUSDT,58229.67,59859.15,57442.67,59836.6,52575.88
2021-01-21,BTCUSDT,59836.6,62654.47,59836.6,61448.75,99033.22
2021-01-22,BTCUSDT,61448.75,67754.3,61448.75,64061.12,128406.65
2021-01-23,BTCUSDT,64061.12,74880.95,64061.12,72430.15,102219.19
2021-01-24,BTCUSDT,72430.15,74712.99,70602.77,74557.25,137552.71
2021-01-25,BTCUSDT,74557.25,89995.26,74557.25,81388.79,73867.44
2021-01-26,BTCUSDT,81388.79,88624.86,81388.79,83957.77,113801.43
2021-01-27,BTCUSDT,83957.77,88220.6,83957.77,87416.09,61070.37
2021-01-28,BTCUSDT,87416.09,90433.01,83915.91,87167.44,55580.69
2021-01-29,BTCUSDT,87167.44,87167.44,80337.46,82141.22,101176.03
2021-01-30,BTCUSDT,82141.22,92606.63,82141.22,92499.87,311111.23
2021-01-31,BTCUSDT,92499.87,98879.02,92499.87,95862.67,68907.4
2021-02-01,BTCUSDT,95862.67,102094.22,95862.67,99835.88,54777.87
2021-02-02,BTCUSDT,99835.88,108444.76,99835.88,103581.75,59319.35
2021-02-03,BTCUSDT,103581.75,112285.62,103581.75,111498.52,94094.81
2021-02-04,BTCUSDT,111498.52,111498.52,105865.23,108016.45,66692.23
2021-02-05,BTCUSDT,108016.45,108016.45,97805.89,102229.84,98049.3
2021-02-06,BTCUSDT,102229.84,102229.84,95388.09,96300.21,86354.71
2021-02-07,BTCUSDT,96300.21,96300.21,89751.27,93239.72,67732.47
2021-02-08,BTCUSDT,93239.72,93239.72,74928.79,82797.3,190663.38
2021-02-09,BTCUSDT,82797.3,86272.77,82797.3,85895.17,58487.48
2021-02-10,BTCUSDT,85895.17,91268.26,83571.1,84191.51,61748.73
2021-02-11,BTCUSDT,84191.51,86060.1,79381.66,84527.96,108885.94
2021-02-12,BTCUSDT,84527.96,92043.36,84527.96,90516.14,173165.26
2021-02-13,BTCUSDT,90516.14,105208.61,90516.14,104275.96,214737.96
2021-02-14,BTCUSDT,104275.96,108236.73,101583.07,102230.53,69070.9
2021-02-15,BTCUSDT,102230.53,103325.23,96818.69,100425.27,43757.81
2021-02-16,BTCUSDT,100425.27,110448.01,98039.77,102592.4,77811.24
2021-02-17,BTCUSDT,102592.4,104908.99,101311.45,103259.3,66916.59
2021-02-18,BTCUSDT,103259.3,130668.15,103259.3,121066.24,183918.83
2021-02-19,BTCUSDT,121066.24,121066.24,109020.69,112185.63,183312.62
2021-02-20,BTCUSDT,112185.63,118682.06,112185.63,116688.71,121807.54
2021-02-21,BTCUSDT,116688.71,121410.82,112887.67,114286.57,67408.57
2021-02-22,BTCUSDT,114286.57,114286.57,95312.63,98292.68,196741.83
2021-02-23,BTCUSDT,98292.68,100114.04,96980.11,100058.3,40423.06
2021-02-24,BTCUSDT,100058.3,105223.14,97557.9,101033.69,82548.97
2021-02-25,BTCUSDT,101033.69,115495.5,101033.69,108556.71,184987.38
2021-02-26,BTCUSDT,108556.71,114676.17,107987.05,112291.51,56120.74
2021-02-27,BTCUSDT,112291.51,120838.93,111563.12,114553.7,49115.37
2021-02-28,BTCUSDT,114553.7,114553.7,89281.92,91106.44,342052.62
2021-03-01,BTCUSDT,91106.44,95508.98,91106.44,93242.11,116382.0
2021-03-02,BTCUSDT,93242.11,99329.4,92889.15,96430.14,100292.61
2021-03-03,BTCUSDT,96430.14,96430.14,83564.75,86150.49,102377.75
2021-03-04,BTCUSDT,86150.49,91813.06,86150.49,91476.59,63816.09
2021-03-05,BTCUSDT,91476.59,110736.97,91476.59,106619.46,140748.92
2021-03-06,BTCUSDT,106619.46,108367.77,104556.79,106399.76,74927.53
2021-03-07,BTCUSDT,106399.76,114846.04,106399.76,111862.15,84849.59
2021-03-08,BTCUSDT,111862.15,111862.15,110603.73,111545.24,99887.47
2021-03-09,BTCUSDT,111545.24,126341.58,111545.24,124573.1,162994.09
2021-03-10,BTCUSDT,124573.1,146572.61,124573.1,138892.45,97798.06
2021-03-11,BTCUSDT,138892.45,145818.63,138892.45,143193.49,191547.51
2021-03-12,BTCUSDT,143193.49,143193.49,131912.19,137249.31,52300.5
2021-03-13,BTCUSDT,137249.31,137249.31,127509.84,132531.32,120394.21
2021-03-14,BTCUSDT,132531.32,146101.25,132531.32,142443.26,73382.43
2021-03-15,BTCUSDT,142443.26,154842.79,142443.26,152840.02,80517.57
2021-03-16,BTCUSDT,152840.02,152840.02,126952.75,128991.72,170518.62
2021-03-17,BTCUSDT,128991.72,128991.72,116912.73,125067.8,87888.3
2021-03-18,BTCUSDT,125067.8,131884.61,122005.74,126951.1,65126.49
2021-03-19,BTCUSDT,126951.1,126951.1,119972.99,124745.49,104942.16
2021-03-20,BTCUSDT,124745.49,130040.38,117167.43,120416.46,135794.75
2021-03-21,BTCUSDT,120416.46,130447.55,120416.46,129782.19,147013.44
2021-03-22,BTCUSDT,129782.19,130213.49,122608.72,127239.0,71288.08
2021-03-23,BTCUSDT,127239.0,131040.12,127239.0,130845.63,128120.08
2021-03-24,BTCUSDT,130845.63,141651.11,130845.63,140180.06,104186.97
2021-03-25,BTCUSDT,140180.06,175275.72,140180.06,153964.37,157115.43
2021-03-26,BTCUSDT,153964.37,153964.37,144543.05,145666.75,167659.34
2021-03-27,BTCUSDT,145666.75,145666.75,135992.48,138461.87,84799.12
2021-03-28,BTCUSDT,138461.87,142408.74,138461.87,141406.96,117556.02
2021-03-29,BTCUSDT,141406.96,141406.96,123990.0,126781.09,219316.93
2021-03-30,BTCUSDT,126781.09,127116.15,118909.64,120829.46,128682.57
2021-03-31,BTCUSDT,120829.46,136547.95,120829.46,131183.52,103268.01
2021-04-01,BTCUSDT,131183.52,138811.58,129748.36,137321.98,60146.48
2021-04-02,BTCUSDT,137321.98,141808.0,135761.8,137397.72,71573.01
2021-04-03,BTCUSDT,137397.72,144166.01,135938.12,142446.89,69926.47
2021-04-04,BTCUSDT,142446.89,156250.3,142446.89,149760.32,107385.41
2021-04-05,BTCUSDT,149760.32,149760.32,138125.25,138949.35,141401.31
2021-04-06,BTCUSDT,138949.35,143284.33,129933.22,136088.06,111009.61
2021-04-07,BTCUSDT,136088.06,159025.5,136088.06,158075.2,127131.89
2021-04-08,BTCUSDT,158075.2,173204.49,158075.2,173193.3,368068.61
2021-04-09,BTCUSDT,173193.3,180412.01,173193.3,177066.94,94319.09
2021-04-10,BTCUSDT,177066.94,182597.38,177066.94,181675.78,87707.8
2021-04-11,BTCUSDT,181675.78,188066.63,173565.49,182662.52,73318.27
2021-04-12,BTCUSDT,182662.52,182662.52,165702.74,165833.36,138021.72
2021-04-13,BTCUSDT,165833.36,165833.36,160881.91,161195.26,50441.68
2021-04-14,BTCUSDT,161195.26,180978.81,158266.84,166491.63,149695.65
2021-04-15,BTCUSDT,62179.79,64748.98,61876.7,64000.0,48389.27
2021-04-16,BTCUSDT,64000.0,67331.2,61805.23,66492.2,102003.12
2021-04-17,BTCUSDT,66492.2,68616.03,64455.94,65830.41,101361.64
2021-04-18,BTCUSDT,65830.41,65830.41,57390.93,59532.72,197763.11
2021-04-19,BTCUSDT,59532.72,66544.88,59532.72,65261.45,125055.29
2021-04-20,BTCUSDT,65261.45,67795.18,64674.66,65611.63,112696.78
2021-04-21,BTCUSDT,65611.63,72977.04,65611.63,68645.27,84799.21
2021-04-22,BTCUSDT,68645.27,68645.27,60633.43,64170.49,80233.11
2021-04-23,BTCUSDT,64170.49,64334.58,58570.96,61068.19,41586.58
2021-04-24,BTCUSDT,61068.19,65877.05,60615.8,61958.04,62198.64
2021-04-25,BTCUSDT,61958.04,72840.8,61958.04,66475.54,159786.57
2021-04-26,BTCUSDT,66475.54,66475.54,55532.86,58825.5,70751.06
2021-04-27,BTCUSDT,58825.5,65296.73,58825.5,62562.19,98960.42
2021-04-28,BTCUSDT,62562.19,66398.54,61264.21,62941.77,99580.19
2021-04-29,BTCUSDT,62941.77,62941.77,52260.33,55143.22,113532.2
2021-04-30,BTCUSDT,55143.22,60332.88,55143.22,57197.96,54607.78
2021-05-01,BTCUSDT,57197.96,59666.68,57159.76,59577.8,116279.41
2021-05-02,BTCUSDT,59577.8,60309.27,58803.22,59237.89,56399.28
2021-05-03,BTCUSDT,59237.89,59237.89,56273.04,56695.84,78852.26
2021-05-04,BTCUSDT,56695.84,56695.84,53095.39,53262.82,38315.95
2021-05-05,BTCUSDT,53262.82,61338.76,52736.97,54405.44,52599.16
2021-05-06,BTCUSDT,54405.44,54405.44,49151.64,49514.64,138002.9
2021-05-07,BTCUSDT,49514.64,54546.38,49514.64,53862.39,114323.8
2021-05-08,BTCUSDT,53862.39,53862.39,47422.64,50643.96,108290.95
2021-05-09,BTCUSDT,50643.96,50643.96,44131.4,44186.23,75481.41
2021-05-10,BTCUSDT,44186.23,48674.15,44186.23,46661.72,155764.31
2021-05-11,BTCUSDT,46661.72,53514.82,46138.74,48503.51,87902.12
2021-05-12,BTCUSDT,48503.51,52350.27,48503.51,49119.03,79258.45
2021-05-13,BTCUSDT,49119.03,52233.46,49119.03,52155.9,155823.71
2021-05-14,BTCUSDT,52155.9,52155.9,46932.71,48521.11,157195.87
2021-05-15,BTCUSDT,48521.11,52721.31,48231.44,51280.09,83059.07
2021-05-16,BTCUSDT,51280.09,55123.61,51280.09,54035.91,154419.0
2021-05-17,BTCUSDT,54035.91,57332.43,53184.01,56956.78,114245.71
2021-05-18,BTCUSDT,56956.78,59939.24,56956.78,58391.62,112101.18
2021-05-19,BTCUSDT,58391.62,58391.62,52466.59,54215.91,90000.04
2021-05-20,BTCUSDT,54215.91,54215.91,51811.73,52506.42,98707.76
2021-05-21,BTCUSDT,52506.42,66428.48,52506.42,61375.21,359898.07
2021-05-22,BTCUSDT,61375.21,63020.82,56164.09,59539.4,152637.42
2021-05-23,BTCUSDT,59539.4,59825.09,58590.32,58704.5,51386.66
2021-05-24,BTCUSDT,58704.5,58779.11,58026.44,58133.84,66475.77
2021-05-25,BTCUSDT,58133.84,58133.84,53227.36,53389.38,159659.98
2021-05-26,BTCUSDT,53389.38,53401.64,51496.26,52625.18,71445.66
2021-05-27,BTCUSDT,52625.18,55277.18,52625.18,54788.66,75269.87
2021-05-28,BTCUSDT,54788.66,54788.66,52276.12,53492.03,61233.4
2021-05-29,BTCUSDT,53492.03,57069.41,52863.04,53120.78,48941.45
2021-05-30,BTCUSDT,53120.78,53120.78,48971.6,51325.28,113724.83
2021-05-31,BTCUSDT,51325.28,58724.93,51325.28,57396.87,138559.75
2021-06-01,BTCUSDT,57396.87,63803.46,57396.87,60714.13,119436.38
2021-06-02,BTCUSDT,60714.13,64813.02,60714.13,62805.02,77572.83
2021-06-03,BTCUSDT,62805.02,62805.02,54381.19,55418.38,157112.11
2021-06-04,BTCUSDT,55418.38,56849.19,53481.86,54512.7,98978.61
2021-06-05,BTCUSDT,54512.7,56916.45,54489.51,55887.27,99336.31
2021-06-06,BTCUSDT,55887.27,55887.27,49081.94,51835.23,82510.43
2021-06-07,BTCUSDT,51835.23,57114.67,51835.23,53483.97,78157.33
2021-06-08,BTCUSDT,53483.97,53483.97,45631.19,49501.04,120794.57
2021-06-09,BTCUSDT,49501.04,49501.04,45584.87,48427.73,41714.74
2021-06-10,BTCUSDT,48427.73,52051.42,47527.69,50417.27,76103.82
2021-06-11,BTCUSDT,50417.27,51827.28,48582.02,50400.17,66861.48
2021-06-12,BTCUSDT,50400.17,50400.17,48198.51,49128.28,81127.44
2021-06-13,BTCUSDT,49128.28,53351.43,49128.28,53342.94,152311.84
2021-06-14,BTCUSDT,53342.94,57042.63,53307.09,54949.92,105656.96
2021-06-15,BTCUSDT,54949.92,60115.44,54061.36,56677.98,92842.68
2021-06-16,BTCUSDT,56677.98,61985.76,56677.98,60520.15,98640.74
2021-06-17,BTCUSDT,60520.15,66630.93,59999.15,61607.79,71137.95
2021-06-18,BTCUSDT,61607.79,61876.27,58281.14,58798.56,59072.34
2021-06-19,BTCUSDT,58798.56,60761.25,58798.56,59573.83,60481.94
2021-06-20,BTCUSDT,59573.83,59573.83,50333.01,54230.89,113415.99
2021-06-21,BTCUSDT,54230.89,54318.09,49396.65,52961.81,37938.42
2021-06-22,BTCUSDT,52961.81,53288.18,50252.6,53017.08,42884.63
2021-06-23,BTCUSDT,53017.08,58379.51,51863.23,54236.02,159864.3
2021-06-24,BTCUSDT,54236.02,58524.82,52406.31,55878.44,106248.44
2021-06-25,BTCUSDT,55878.44,55878.44,52220.78,54466.67,71243.27
2021-06-26,BTCUSDT,54466.67,54466.67,48130.04,49989.16,78644.78
2021-06-27,BTCUSDT,49989.16,49989.16,45916.88,46424.32,137277.44
2021-06-28,BTCUSDT,46424.32,46424.32,39146.62,40603.73,133773.69
2021-06-29,BTCUSDT,40603.73,40603.73,37314.28,38861.49,81151.08
2021-06-30,BTCUSDT,38861.49,38861.49,33367.34,35330.09,129612.28
2021-07-01,BTCUSDT,35330.09,36007.76,32415.59,33953.95,67020.66
2021-07-02,BTCUSDT,33953.95,35442.89,32672.14,34539.99,65992.56
2021-07-03,BTCUSDT,34539.99,34539.99,30539.93,31742.46,100888.22
2021-07-04,BTCUSDT,31742.46,33175.14,31298.56,31660.13,37592.09
2021-07-05,BTCUSDT,31660.13,33237.16,30602.57,30839.72,83033.33
2021-07-06,BTCUSDT,30839.72,31853.05,30190.62,31262.56,39653.74
2021-07-07,BTCUSDT,31262.56,32501.51,31262.56,32167.99,79613.76
2021-07-08,BTCUSDT,32167.99,32167.99,28861.59,29834.48,66124.72
2021-07-09,BTCUSDT,29834.48,29834.48,28746.91,29596.3,85489.9
2021-07-10,BTCUSDT,29596.3,30042.9,28078.67,29534.65,99347.37
2021-07-11,BTCUSDT,29534.65,32136.37,29534.65,30102.29,88898.81
2021-07-12,BTCUSDT,30102.29,30283.0,28798.54,29537.84,48548.49
2021-07-13,BTCUSDT,29537.84,30074.51,28952.8,29357.05,69325.77
2021-07-14,BTCUSDT,29357.05,31162.01,29357.05,30253.07,60718.43
2021-07-15,BTCUSDT,30253.07,30253.07,25834.3,26978.9,73623.37
2021-07-16,BTCUSDT,26978.9,27954.28,26978.9,27549.26,76963.21
2021-07-17,BTCUSDT,27549.26,27549.26,27192.12,27333.11,79689.19
2021-07-18,BTCUSDT,27333.11,29839.97,27333.11,29042.09,71375.3
2021-07-19,BTCUSDT,29042.09,29042.09,26336.23,27452.79,88405.47
2021-07-20,BTCUSDT,27452.79,29000.41,27452.79,28887.62,101486.07
2021-07-21,BTCUSDT,29059.68,29565.52,28510.73,29000.0,46062.52
2021-07-22,BTCUSDT,29000.0,29000.0,26147.63,27484.11,59338.23
2021-07-23,BTCUSDT,27484.11,27484.11,25235.22,25962.49,108952.53
2021-07-24,BTCUSDT,25962.49,25962.49,23728.04,24110.46,146798.64
2021-07-25,BTCUSDT,24110.46,25257.27,24047.15,24254.33,77143.08
2021-07-26,BTCUSDT,24254.33,24737.5,22244.93,23035.53,92517.05
2021-07-27,BTCUSDT,23035.53,23507.47,21626.5,23091.01,114866.22
2021-07-28,BTCUSDT,23091.01,25580.1,23068.73,25224.01,204001.84
2021-07-29,BTCUSDT,25224.01,25224.01,23339.13,24248.84,67445.36
2021-07-30,BTCUSDT,24248.84,25393.25,24150.19,24614.74,65983.94
2021-07-31,BTCUSDT,24614.74,26150.93,23144.53,24807.37,61207.72
2021-08-01,BTCUSDT,24807.37,24807.37,22370.89,22912.11,132221.89
2021-08-02,BTCUSDT,22912.11,22912.11,21557.35,21969.05,100372.65
2021-08-03,BTCUSDT,21969.05,21969.05,19946.12,20529.26,99792.83
2021-08-04,BTCUSDT,20529.26,21283.2,19333.71,20481.4,61753.63
2021-08-05,BTCUSDT,20481.4,23396.6,20481.4,23060.47,94320.97
2021-08-06,BTCUSDT,23060.47,23060.47,21726.76,22391.87,102215.41
2021-08-07,BTCUSDT,22391.87,22689.74,21964.75,22012.61,49381.37
2021-08-08,BTCUSDT,22012.61,22012.61,18421.13,19106.45,133950.28
2021-08-09,BTCUSDT,19106.45,19106.45,17239.23,17254.2,121385.35
2021-08-10,BTCUSDT,17254.2,17995.98,17254.2,17704.39,61741.09
2021-08-11,BTCUSDT,17704.39,17704.39,16719.69,17471.76,46451.76
2021-08-12,BTCUSDT,17471.76,18424.05,17471.76,17911.55,101755.27
2021-08-13,BTCUSDT,17911.55,17911.55,16604.39,16610.33,73047.63
2021-08-14,BTCUSDT,16610.33,16610.33,15830.35,16230.33,49949.89
2021-08-15,BTCUSDT,16230.33,19555.95,16230.33,18448.77,125651.51
2021-08-16,BTCUSDT,18448.77,19593.97,18448.77,19590.37,145901.16
2021-08-17,BTCUSDT,19590.37,19590.37,18929.64,19134.22,93365.96
2021-08-18,BTCUSDT,19134.22,19383.4,18363.82,18659.51,135188.76
2021-08-19,BTCUSDT,18659.51,18659.51,16840.91,17479.55,77251.75
2021-08-20,BTCUSDT,17479.55,17479.55,16415.76,17193.54,89236.79
2021-08-21,BTCUSDT,17193.54,18306.57,17193.54,17872.9,104273.07
2021-08-22,BTCUSDT,17872.9,19353.37,17872.9,18390.28,126735.13
2021-08-23,BTCUSDT,18390.28,18390.28,18018.25,18139.06,101764.41
2021-08-24,BTCUSDT,18139.06,18139.06,17262.03,17377.52,93469.0
2021-08-25,BTCUSDT,17377.52,18028.56,17047.93,17331.37,67124.41
2021-08-26,BTCUSDT,17331.37,18227.32,17147.23,17264.86,72994.91
2021-08-27,BTCUSDT,17264.86,18691.16,17264.86,18186.52,55412.58
2021-08-28,BTCUSDT,18186.52,18643.18,18186.52,18556.99,92231.27
2021-08-29,BTCUSDT,18556.99,19001.79,18330.17,18791.74,111379.33
2021-08-30,BTCUSDT,18791.74,21047.89,18791.74,20272.21,96474.93
2021-08-31,BTCUSDT,20272.21,22627.79,20272.21,22340.13,89624.03
2021-09-01,BTCUSDT,22340.13,23028.08,22340.13,22970.93,88117.92
2021-09-02,BTCUSDT,22970.93,23777.57,22970.93,23652.8,89175.96
2021-09-03,BTCUSDT,23652.8,25492.03,23427.86,23677.22,34335.81
2021-09-04,BTCUSDT,23677.22,23677.22,21641.46,22781.16,81894.95
2021-09-05,BTCUSDT,22781.16,24611.89,22781.16,24111.26,92436.52
2021-09-06,BTCUSDT,24111.26,27099.38,23958.87,25212.88,67696.14
2021-09-07,BTCUSDT,25212.88,25578.44,24649.21,25349.49,50576.81
2021-09-08,BTCUSDT,25349.49,26426.08,25349.49,25870.35,78706.81
2021-09-09,BTCUSDT,25870.35,29194.24,25870.35,27789.22,88660.18
2021-09-10,BTCUSDT,27789.22,30680.8,27789.22,30159.64,98530.52
2021-09-11,BTCUSDT,30159.64,30159.64,24655.92,26679.99,77573.71
2021-09-12,BTCUSDT,26679.99,28239.71,25669.96,25968.92,86753.09
2021-09-13,BTCUSDT,25968.92,27035.41,25361.38,26104.98,46104.62
2021-09-14,BTCUSDT,26104.98,26104.98,22561.17,22997.02,106486.34
2021-09-15,BTCUSDT,22997.02,23526.09,22997.02,23504.3,48801.55
2021-09-16,BTCUSDT,23504.3,23653.23,22210.69,22360.73,77105.64
2021-09-17,BTCUSDT,22360.73,22360.73,19060.85,19785.45,108851.98
2021-09-18,BTCUSDT,19785.45,19871.58,19226.73,19499.28,82088.86
2021-09-19,BTCUSDT,19499.28,21538.38,19499.28,21434.59,106805.55
2021-09-20,BTCUSDT,21434.59,21434.59,20489.71,20691.89,111809.18
2021-09-21,BTCUSDT,20691.89,21684.18,19720.94,21493.93,85786.33
2021-09-22,BTCUSDT,21493.93,21567.89,20487.73,21144.4,136879.48
2021-09-23,BTCUSDT,21144.4,24302.62,21144.4,23340.15,92227.99
2021-09-24,BTCUSDT,23340.15,24878.02,23340.15,24592.64,109191.03
2021-09-25,BTCUSDT,24592.64,24592.64,22387.94,23544.93,58442.98
2021-09-26,BTCUSDT,23544.93,24348.11,23320.44,24003.04,63836.28
2021-09-27,BTCUSDT,24003.04,24202.16,23192.89,23955.49,61508.67
2021-09-28,BTCUSDT,23955.49,28243.06,23955.49,26590.81,158801.49
2021-09-29,BTCUSDT,26590.81,28280.93,25062.93,26539.16,57326.21
2021-09-30,BTCUSDT,26539.16,26539.16,24565.09,24990.99,128695.94
2021-10-01,BTCUSDT,24990.99,25880.49,23327.01,24890.4,54151.61
2021-10-02,BTCUSDT,24890.4,28335.45,24890.4,27640.91,151074.75
2021-10-03,BTCUSDT,27640.91,30671.34,27640.91,29827.75,132679.12
2021-10-04,BTCUSDT,29827.75,30893.1,29827.75,30289.04,112975.87
2021-10-05,BTCUSDT,30289.04,30289.04,28771.47,28885.98,182809.68
2021-10-06,BTCUSDT,28885.98,30817.45,28885.98,30376.13,69184.34
2021-10-07,BTCUSDT,30376.13,30376.13,28051.03,28772.19,84909.82
2021-10-08,BTCUSDT,28772.19,29656.02,28772.19,29531.41,74887.28
2021-10-09,BTCUSDT,29531.41,31231.48,29531.41,30879.65,138588.76
2021-10-10,BTCUSDT,30879.65,30879.65,28094.98,28970.98,78542.75
2021-10-11,BTCUSDT,28970.98,30499.08,27958.94,28904.63,82661.71
2021-10-12,BTCUSDT,28904.63,31058.92,28904.63,29828.57,154652.73
2021-10-13,BTCUSDT,29828.57,33074.63,28474.67,31059.05,106510.29
2021-10-14,BTCUSDT,31059.05,33741.05,31059.05,32430.36,100130.12
2021-10-15,BTCUSDT,32430.36,32430.36,30381.62,31470.24,114426.31
2021-10-16,BTCUSDT,31470.24,31829.61,29819.21,30903.37,61039.51
2021-10-17,BTCUSDT,30903.37,30903.37,30229.88,30416.05,61240.83
2021-10-18,BTCUSDT,30416.05,30416.05,25418.54,26560.24,184775.28
2021-10-19,BTCUSDT,26560.24,30338.87,26560.24,28949.06,169634.9
2021-10-20,BTCUSDT,28949.06,29663.51,27803.2,28916.63,62534.04
2021-10-21,BTCUSDT,28916.63,32033.31,28916.63,30921.79,122087.61
2021-10-22,BTCUSDT,30921.79,34127.12,30921.79,33217.65,61349.28
2021-10-23,BTCUSDT,33217.65,33217.65,31743.33,31802.32,113844.16
2021-10-24,BTCUSDT,31802.32,31802.32,30122.78,30975.98,77388.95
2021-10-25,BTCUSDT,30975.98,32132.28,29448.12,31205.27,98274.06
2021-10-26,BTCUSDT,31205.27,31352.15,29048.97,30006.9,149743.89
2021-10-27,BTCUSDT,30006.9,30006.9,27969.88,28807.85,115397.9
2021-10-28,BTCUSDT,28807.85,29737.51,28227.57,29023.32,89813.92
2021-10-29,BTCUSDT,29023.32,29023.32,27434.91,28280.48,111464.22
2021-10-30,BTCUSDT,28280.48,30751.8,28280.48,30183.62,112859.49
2021-10-31,BTCUSDT,30183.62,30183.62,26114.81,29040.06,83044.81
2021-11-01,BTCUSDT,29040.06,30380.68,28949.92,29262.91,58520.89
2021-11-02,BTCUSDT,29262.91,31664.71,29262.91,30445.91,64857.76
2021-11-03,BTCUSDT,30445.91,30445.91,28805.46,29953.66,100539.02
2021-11-04,BTCUSDT,29953.66,29953.66,26914.95,28477.02,101689.4
2021-11-05,BTCUSDT,28477.02,28792.55,28166.37,28735.48,43617.78
2021-11-06,BTCUSDT,28735.48,31197.61,28735.48,30810.66,83118.8
2021-11-07,BTCUSDT,30810.66,32938.69,30810.66,32804.3,69214.48
2021-11-08,BTCUSDT,32804.3,36046.64,32804.3,35329.24,101754.11
2021-11-09,BTCUSDT,35329.24,38805.07,35329.24,37585.28,88227.54
2021-11-10,BTCUSDT,37585.28,42286.0,37585.28,40811.65,105547.05
2021-11-11,BTCUSDT,68197.28,69508.3,66127.86,67500.0,100792.43
2021-11-12,BTCUSDT,67500.0,76065.45,67500.0,70746.72,52026.52
2021-11-13,BTCUSDT,70746.72,80847.22,70746.72,79315.25,130710.44
2021-11-14,BTCUSDT,79315.25,79315.25,74703.59,74707.95,91208.15
2021-11-15,BTCUSDT,74707.95,74707.95,71257.82,72366.96,102529.66
2021-11-16,BTCUSDT,72366.96,72366.96,63595.48,64787.82,145527.61
2021-11-17,BTCUSDT,64787.82,69548.39,64787.82,68969.46,92638.79
2021-11-18,BTCUSDT,68969.46,68969.46,66483.66,67236.6,116995.1
2021-11-19,BTCUSDT,67236.6,68698.91,64544.71,65815.22,77099.49
2021-11-20,BTCUSDT,65815.22,77849.77,65815.22,74913.41,83859.94
2021-11-21,BTCUSDT,74913.41,81499.27,74913.41,78620.49,61113.99
2021-11-22,BTCUSDT,78620.49,78620.49,73152.0,74833.35,150729.15
2021-11-23,BTCUSDT,74833.35,74833.35,68313.48,71477.39,64582.63
2021-11-24,BTCUSDT,71477.39,73126.81,71477.39,71930.62,57578.12
2021-11-25,BTCUSDT,71930.62,71930.62,64314.59,64712.15,61575.76
2021-11-26,BTCUSDT,64712.15,67925.0,64712.15,66973.9,83688.22
2021-11-27,BTCUSDT,66973.9,69305.13,63508.25,64937.18,54861.99
2021-11-28,BTCUSDT,64937.18,64937.18,55201.33,58342.64,74810.86
2021-11-29,BTCUSDT,58342.64,64664.3,58342.64,63606.34,97725.57
2021-11-30,BTCUSDT,63606.34,70443.25,63606.34,69729.82,226341.69
2021-12-01,BTCUSDT,69729.82,69729.82,60916.16,61460.84,95793.43
2021-12-02,BTCUSDT,61460.84,61460.84,56281.33,58793.85,72275.41
2021-12-03,BTCUSDT,58793.85,61218.03,56133.09,58624.97,43489.01
2021-12-04,BTCUSDT,58624.97,60263.08,58624.97,59372.76,80357.81
2021-12-05,BTCUSDT,59372.76,64789.95,58106.94,61318.31,61426.86
2021-12-06,BTCUSDT,61318.31,61318.31,56024.42,59706.31,62639.02
2021-12-07,BTCUSDT,59706.31,63703.49,59706.31,62222.34,106532.47
2021-12-08,BTCUSDT,62222.34,73171.21,62222.34,69794.36,143816.39
2021-12-09,BTCUSDT,69794.36,69794.36,64918.17,66771.58,73232.41
2021-12-10,BTCUSDT,66771.58,74923.86,66771.58,71997.4,130536.69
2021-12-11,BTCUSDT,71997.4,74725.4,68735.67,72106.26,66555.53
2021-12-12,BTCUSDT,72106.26,72106.26,63186.66,64184.27,170999.21
2021-12-13,BTCUSDT,64184.27,64184.27,57181.12,58927.93,300151.63
2021-12-14,BTCUSDT,58927.93,58927.93,52423.83,56186.79,140575.38
2021-12-15,BTCUSDT,56186.79,57841.24,54408.31,56267.05,59779.77
2021-12-16,BTCUSDT,56267.05,56267.05,48867.46,52114.97,159725.77
2021-12-17,BTCUSDT,52114.97,55098.3,50757.48,52619.95,63751.02
2021-12-18,BTCUSDT,52619.95,55221.71,50849.46,51632.69,59904.94
2021-12-19,BTCUSDT,51632.69,54853.44,51632.69,54250.44,60999.54
2021-12-20,BTCUSDT,54250.44,56489.24,54250.44,55079.47,131656.36
2021-12-21,BTCUSDT,55079.47,56427.59,55079.47,55637.22,61056.72
2021-12-22,BTCUSDT,55637.22,55637.22,51032.66,53994.18,135308.19
2021-12-23,BTCUSDT,53994.18,55977.21,52550.63,54007.88,66922.83
2021-12-24,BTCUSDT,54007.88,55496.52,52608.95,53412.84,87232.06
2021-12-25,BTCUSDT,53412.84,55711.23,50435.37,52275.03,106975.62
2021-12-26,BTCUSDT,52275.03,52275.03,48516.05,48902.16,206982.17
2021-12-27,BTCUSDT,48902.16,53190.47,48902.16,51396.48,75126.9
2021-12-28,BTCUSDT,51396.48,54164.05,50726.58,51249.32,62601.37
2021-12-29,BTCUSDT,51249.32,54909.02,51249.32,52780.56,77711.34
2021-12-30,BTCUSDT,52780.56,55780.98,49962.03,52630.82,46338.17
2021-12-31,BTCUSDT,52630.82,52988.32,50565.96,50977.71,124670.06
2022-01-01,BTCUSDT,50977.71,50977.71,46872.45,47851.94,126748.09
2022-01-02,BTCUSDT,47851.94,47851.94,44809.97,47111.79,63254.11
2022-01-03,BTCUSDT,47111.79,47111.79,42534.06,43989.49,130331.59
2022-01-04,BTCUSDT,43989.49,44721.87,43962.0,44011.19,59080.67
2022-01-05,BTCUSDT,44011.19,44011.19,37759.39,38596.7,139242.55
2022-01-06,BTCUSDT,38596.7,41079.27,38596.7,40375.61,40764.34
2022-01-07,BTCUSDT,40375.61,40375.61,21918.23,22445.52,313891.65
2022-01-08,BTCUSDT,22445.52,22445.52,20699.22,21787.98,100324.32
2022-01-09,BTCUSDT,21787.98,23067.5,21787.98,22952.09,111427.36
2022-01-10,BTCUSDT,22952.09,22952.09,20688.9,21428.13,60779.18
2022-01-11,BTCUSDT,21428.13,21428.13,20360.75,20797.78,57480.37
2022-01-12,BTCUSDT,20797.78,23440.09,20797.78,22590.33,122928.71
2022-01-13,BTCUSDT,22590.33,23084.1,22590.33,22953.88,56774.23
2022-01-14,BTCUSDT,22953.88,26345.5,22953.88,25409.07,93457.93
2022-01-15,BTCUSDT,25409.07,27691.18,25059.74,26003.74,78773.55
2022-01-16,BTCUSDT,26003.74,28997.72,26003.74,27459.25,83092.73
2022-01-17,BTCUSDT,27459.25,27459.25,26078.11,26682.96,65045.89
2022-01-18,BTCUSDT,26682.96,29801.93,26682.96,29123.25,68818.55
2022-01-19,BTCUSDT,29123.25,30370.97,29123.25,30145.14,81205.26
2022-01-20,BTCUSDT,30145.14,30178.29,29304.7,29718.4,87114.89
2022-01-21,BTCUSDT,29718.4,33042.78,29718.4,31980.91,70865.78
2022-01-22,BTCUSDT,31980.91,34086.8,31011.09,33008.67,78726.23
2022-01-23,BTCUSDT,33008.67,33027.67,32389.43,32731.88,65788.21
2022-01-24,BTCUSDT,33771.62,35763.86,33589.07,34000.0,78839.9
2022-01-25,BTCUSDT,34000.0,35289.14,33255.0,34190.09,74113.36
2022-01-26,BTCUSDT,34190.09,34190.09,33332.18,33496.53,56469.95
2022-01-27,BTCUSDT,33496.53,35457.96,33496.53,34812.98,105404.02
2022-01-28,BTCUSDT,34812.98,38556.26,34567.55,36489.88,70382.52
2022-01-29,BTCUSDT,36489.88,36978.15,36226.83,36293.6,80475.35
2022-01-30,BTCUSDT,36293.6,37182.68,35125.53,35709.88,38196.75
2022-01-31,BTCUSDT,35709.88,36461.9,35709.88,36095.5,53233.19
2022-02-01,BTCUSDT,36095.5,36095.5,33957.96,34421.27,81372.3
2022-02-02,BTCUSDT,34421.27,35235.84,33985.25,35031.9,79268.11
2022-02-03,BTCUSDT,35031.9,36406.33,34549.68,34943.95,93589.44
2022-02-04,BTCUSDT,34943.95,38160.37,34943.95,36309.0,72158.17
2022-02-05,BTCUSDT,36309.0,36616.47,36002.45,36339.37,46049.16
2022-02-06,BTCUSDT,36339.37,37378.67,36003.93,36114.52,46385.06
2022-02-07,BTCUSDT,36114.52,36114.52,33471.69,33641.22,71517.67
2022-02-08,BTCUSDT,33641.22,36153.97,33641.22,34624.27,75689.1
2022-02-09,BTCUSDT,34624.27,36779.0,34624.27,35234.02,52341.32
2022-02-10,BTCUSDT,35234.02,36317.92,34064.66,34985.34,55506.03
2022-02-11,BTCUSDT,34985.34,35745.2,33075.52,34800.57,84262.35
2022-02-12,BTCUSDT,34800.57,34800.57,34044.17,34492.66,130306.11
2022-02-13,BTCUSDT,34492.66,34526.93,34101.98,34315.14,71959.22
2022-02-14,BTCUSDT,34315.14,36090.83,34315.14,35496.52,99623.8
2022-02-15,BTCUSDT,35496.52,37180.38,35496.52,36734.64,79565.57
2022-02-16,BTCUSDT,36734.64,37001.94,34711.29,36202.51,53420.27
2022-02-17,BTCUSDT,36202.51,36202.51,34184.61,35164.69,55623.99
2022-02-18,BTCUSDT,35164.69,35800.64,35049.14,35482.09,60474.99
2022-02-19,BTCUSDT,35482.09,36269.11,34678.8,35240.28,60336.13
2022-02-20,BTCUSDT,35240.28,35240.28,34077.85,34172.83,52508.69
2022-02-21,BTCUSDT,34172.83,34381.36,34102.4,34104.41,68810.94
2022-02-22,BTCUSDT,34104.41,35135.11,33590.48,34769.25,127899.39
2022-02-23,BTCUSDT,34769.25,34769.25,31102.29,32263.52,103145.15
2022-02-24,BTCUSDT,32263.52,35938.62,32263.52,35459.92,90630.37
2022-02-25,BTCUSDT,35459.92,38634.28,35459.92,37437.75,99434.76
2022-02-26,BTCUSDT,37437.75,37437.75,36092.63,36207.79,79188.27
2022-02-27,BTCUSDT,36207.79,36207.79,33312.34,33751.1,64264.63
2022-02-28,BTCUSDT,33751.1,34476.04,33744.57,34164.15,100411.35
2022-03-01,BTCUSDT,34164.15,35462.14,34164.15,34990.68,49505.0
2022-03-02,BTCUSDT,34990.68,34990.68,32929.32,33106.03,90901.73
2022-03-03,BTCUSDT,33106.03,36077.93,33106.03,35785.21,114551.33
2022-03-04,BTCUSDT,35785.21,36961.2,31692.24,35232.78,41916.25
2022-03-05,BTCUSDT,35232.78,35232.78,34185.12,34465.1,112253.33
2022-03-06,BTCUSDT,34465.1,34465.1,32571.03,33315.48,66691.0
2022-03-07,BTCUSDT,33315.48,35572.23,33315.48,34557.88,48729.67
2022-03-08,BTCUSDT,34557.88,36083.62,34557.88,35885.47,72298.27
2022-03-09,BTCUSDT,35885.47,35885.47,33526.16,34279.19,86651.39
2022-03-10,BTCUSDT,34279.19,34919.04,33490.59,34029.12,79132.59
2022-03-11,BTCUSDT,34029.12,34961.99,34029.12,34609.45,114101.67
2022-03-12,BTCUSDT,34609.45,37321.11,34595.36,36817.45,147403.02
2022-03-13,BTCUSDT,36817.45,36817.45,33755.2,33898.91,66943.26
2022-03-14,BTCUSDT,33898.91,33898.91,32243.3,32737.36,96515.63
2022-03-15,BTCUSDT,32737.36,33147.67,32044.17,32159.69,65878.54
2022-03-16,BTCUSDT,32159.69,32159.69,28580.9,29434.02,145681.8
2022-03-17,BTCUSDT,29434.02,29620.38,28674.99,29306.26,58575.0
2022-03-18,BTCUSDT,29306.26,31261.62,28656.86,29993.17,89542.25
2022-03-19,BTCUSDT,29993.17,29993.17,28647.57,29446.54,68368.54
2022-03-20,BTCUSDT,29446.54,29797.62,27838.09,29514.28,98904.77
2022-03-21,BTCUSDT,29514.28,29775.16,28082.72,28850.37,65426.57
2022-03-22,BTCUSDT,28850.37,30115.8,28623.96,29049.99,70488.88
2022-03-23,BTCUSDT,29049.99,30416.3,29049.99,30220.97,60213.92
2022-03-24,BTCUSDT,30220.97,30220.97,27851.97,28336.81,105980.0
2022-03-25,BTCUSDT,28336.81,28336.81,25846.61,26247.01,83059.97
2022-03-26,BTCUSDT,26247.01,26979.06,26247.01,26700.21,128080.86
2022-03-27,BTCUSDT,26700.21,27484.24,26700.21,27135.73,86053.7
2022-03-28,BTCUSDT,27135.73,28483.65,27135.73,28460.77,87279.65
2022-03-29,BTCUSDT,28460.77,29197.73,28460.77,28953.22,79453.68
2022-03-30,BTCUSDT,28953.22,30857.48,28953.22,29720.2,112638.94
2022-03-31,BTCUSDT,29720.2,29964.92,28031.52,28883.92,109460.93
2022-04-01,BTCUSDT,28883.92,30375.98,28883.92,30177.68,100506.34
2022-04-02,BTCUSDT,30177.68,30234.49,29243.13,29354.09,77949.14
2022-04-03,BTCUSDT,29354.09,29354.09,26270.94,27174.15,106761.61
2022-04-04,BTCUSDT,27174.15,27174.15,25942.41,26038.14,81394.84
2022-04-05,BTCUSDT,26038.14,27346.11,25990.46,27147.29,130109.27
2022-04-06,BTCUSDT,27147.29,27367.43,26290.24,27095.44,69307.07
2022-04-07,BTCUSDT,27095.44,27095.44,25691.95,26137.33,179534.06
2022-04-08,BTCUSDT,26137.33,26303.84,25169.7,25318.52,73439.09
2022-04-09,BTCUSDT,25318.52,27355.96,25318.52,26774.4,130427.16
2022-04-10,BTCUSDT,26774.4,26954.07,26430.97,26564.8,41098.93
2022-04-11,BTCUSDT,26564.8,27147.56,25758.09,26981.73,83229.07
2022-04-12,BTCUSDT,26981.73,30333.2,26981.73,29909.58,140192.48
2022-04-13,BTCUSDT,29909.58,29909.58,28403.62,28949.88,107648.06
2022-04-14,BTCUSDT,28949.88,31200.71,28949.88,30598.09,90432.73
2022-04-15,BTCUSDT,30598.09,30598.09,28656.85,29650.9,97448.67
2022-04-16,BTCUSDT,29650.9,31576.43,28479.11,30077.27,93506.43
2022-04-17,BTCUSDT,30077.27,33131.68,29639.58,31575.23,87916.38
2022-04-18,BTCUSDT,31575.23,32562.45,30710.73,31438.81,43572.56
2022-04-19,BTCUSDT,31438.81,31438.81,29455.92,29658.73,112638.13
2022-04-20,BTCUSDT,29658.73,29907.99,28577.61,29084.1,50664.97
2022-04-21,BTCUSDT,29084.1,29084.1,26618.57,27118.02,147648.81
2022-04-22,BTCUSDT,27118.02,28677.42,27118.02,28292.02,73319.52
2022-04-23,BTCUSDT,28292.02,28292.02,22820.62,23389.91,225469.2
2022-04-24,BTCUSDT,23389.91,24373.33,23017.94,23979.22,125858.38
2022-04-25,BTCUSDT,23979.22,25087.14,23823.87,24484.26,90231.87
2022-04-26,BTCUSDT,24484.26,25346.9,24484.26,25004.51,46520.27
2022-04-27,BTCUSDT,25004.51,29081.74,25004.51,28775.0,159799.17
2022-04-28,BTCUSDT,28775.0,28775.0,25242.88,26239.14,123521.12
2022-04-29,BTCUSDT,26239.14,28333.79,26239.14,27210.2,57190.65
2022-04-30,BTCUSDT,27210.2,29353.1,27210.2,28799.41,81270.81
2022-05-01,BTCUSDT,28799.41,30574.03,28799.41,30322.88,114320.61
2022-05-02,BTCUSDT,30322.88,30322.88,28261.78,29035.89,72498.69
2022-05-03,BTCUSDT,29035.89,29646.72,28285.72,28998.66,45746.5
2022-05-04,BTCUSDT,28998.66,28998.66,25701.48,26278.98,71377.43
2022-05-05,BTCUSDT,26278.98,28180.87,26278.98,27834.29,217330.72
2022-05-06,BTCUSDT,27834.29,29416.59,27834.29,28940.67,90190.04
2022-05-07,BTCUSDT,28940.67,32270.79,28940.67,31008.58,56654.55
2022-05-08,BTCUSDT,31008.58,31008.58,28452.6,29092.26,129714.93
2022-05-09,BTCUSDT,29092.26,30203.4,28218.14,29765.18,67324.3
2022-05-10,BTCUSDT,37278.53,37278.53,32609.75,35500.0,93234.23
2022-05-11,BTCUSDT,35500.0,35500.0,33157.11,34015.46,83988.61
2022-05-12,BTCUSDT,34015.46,34015.46,28511.63,30770.42,77049.44
2022-05-13,BTCUSDT,30770.42,31684.69,30383.54,30566.06,55577.52
2022-05-14,BTCUSDT,30566.06,32993.27,30419.25,32188.04,55292.63
2022-05-15,BTCUSDT,32188.04,34522.01,32188.04,34251.9,105034.78
2022-05-16,BTCUSDT,34251.9,35577.47,34251.9,34401.9,52184.25
2022-05-17,BTCUSDT,34401.9,36750.45,34401.9,35364.89,55631.15
2022-05-18,BTCUSDT,35364.89,36694.23,34430.37,35480.57,38734.34
2022-05-19,BTCUSDT,35480.57,39233.22,35480.57,38476.03,71077.52
2022-05-20,BTCUSDT,38476.03,45986.42,38476.03,41263.57,133017.69
2022-05-21,BTCUSDT,41263.57,41263.57,33463.8,36033.72,157978.0
2022-05-22,BTCUSDT,36033.72,36033.72,28296.72,31238.01,158750.79
2022-05-23,BTCUSDT,31238.01,31238.01,29405.61,30234.4,103199.55
2022-05-24,BTCUSDT,30234.4,33418.7,30234.4,31666.69,106326.21
2022-05-25,BTCUSDT,31666.69,38528.79,31666.69,34224.39,145664.95
2022-05-26,BTCUSDT,34224.39,34706.95,30814.53,32708.07,91486.77
2022-05-27,BTCUSDT,32708.07,32955.25,28701.46,31593.02,112606.14
2022-05-28,BTCUSDT,31593.02,33359.35,29390.37,30326.22,97961.78
2022-05-29,BTCUSDT,30326.22,31619.45,28198.28,29607.21,58189.65
2022-05-30,BTCUSDT,29607.21,30365.44,29119.35,29458.94,66246.95
2022-05-31,BTCUSDT,29458.94,29490.34,26264.03,27918.69,76962.71
2022-06-01,BTCUSDT,27918.69,27918.69,26772.86,26792.75,151139.26
2022-06-02,BTCUSDT,26792.75,29707.77,26440.09,27143.35,72879.91
2022-06-03,BTCUSDT,27143.35,27143.35,21489.68,24163.52,88470.94
2022-06-04,BTCUSDT,24163.52,27729.99,24163.52,27536.58,108335.46
2022-06-05,BTCUSDT,27536.58,34373.2,27536.58,32134.18,131603.92
2022-06-06,BTCUSDT,32134.18,36966.8,30105.15,33577.62,76889.58
2022-06-07,BTCUSDT,33577.62,39322.91,33577.62,36783.14,217728.91
2022-06-08,BTCUSDT,36783.14,36783.14,32945.38,33680.9,115448.88
2022-06-09,BTCUSDT,33680.9,33680.9,30358.42,31572.92,120066.31
2022-06-10,BTCUSDT,31572.92,31572.92,25468.92,25889.16,149013.6
2022-06-11,BTCUSDT,25889.16,26580.37,25110.34,25533.62,66613.19
2022-06-12,BTCUSDT,25533.62,27366.19,24878.42,25243.03,63930.27
2022-06-13,BTCUSDT,25243.03,27248.52,24446.36,25358.58,82384.43
2022-06-14,BTCUSDT,25358.58,25358.58,21544.2,21875.39,98726.63
2022-06-15,BTCUSDT,21875.39,22047.3,20524.72,21438.5,56588.94
2022-06-16,BTCUSDT,21438.5,22282.51,21438.5,21633.45,46240.75
2022-06-17,BTCUSDT,21633.45,22139.42,21633.45,22102.51,86046.67
2022-06-18,BTCUSDT,22102.51,22102.51,20451.54,20786.46,118520.48
2022-06-19,BTCUSDT,17249.9,17891.43,17236.09,17500.0,56484.04
2022-06-20,BTCUSDT,17500.0,17500.0,16128.24,16537.72,148660.3
2022-06-21,BTCUSDT,16537.72,16537.72,15689.76,16000.72,77052.57
2022-06-22,BTCUSDT,16000.72,16801.19,16000.72,16437.12,52444.95
2022-06-23,BTCUSDT,16437.12,16775.18,15477.01,16559.16,71931.69
2022-06-24,BTCUSDT,16559.16,17852.61,16559.16,17491.06,207908.07
2022-06-25,BTCUSDT,17491.06,18448.38,17491.06,18353.22,98160.09
2022-06-26,BTCUSDT,18353.22,18872.42,18339.25,18569.48,63099.65
2022-06-27,BTCUSDT,18569.48,18747.96,17497.47,18513.93,59418.2
2022-06-28,BTCUSDT,18513.93,18965.34,18100.83,18544.17,64481.7
2022-06-29,BTCUSDT,18544.17,18544.17,17476.2,18082.97,57828.42
2022-06-30,BTCUSDT,18082.97,18333.85,17174.83,17503.22,76813.4
2022-07-01,BTCUSDT,17503.22,17644.91,16566.23,16844.33,87005.45
2022-07-02,BTCUSDT,16844.33,17455.43,16397.43,16733.1,75382.12
2022-07-03,BTCUSDT,16733.1,16733.1,14357.37,15068.38,137736.42
2022-07-04,BTCUSDT,15068.38,16299.66,15068.38,16194.5,132716.24
2022-07-05,BTCUSDT,16194.5,17945.28,16194.5,17667.47,126606.28
2022-07-06,BTCUSDT,17667.47,17667.47,16081.99,16927.85,41072.33
2022-07-07,BTCUSDT,16927.85,18571.65,16927.85,18451.02,173619.55
2022-07-08,BTCUSDT,18451.02,18451.02,17061.28,17688.27,78155.57
2022-07-09,BTCUSDT,17688.27,17926.49,17437.94,17721.52,88910.17
2022-07-10,BTCUSDT,17721.52,18059.43,17721.52,18054.12,85056.17
2022-07-11,BTCUSDT,18054.12,18784.63,17254.77,18156.81,46288.92
2022-07-12,BTCUSDT,18156.81,18428.92,17351.04,17756.54,94071.02
2022-07-13,BTCUSDT,17756.54,17967.53,17244.44,17330.43,112068.07
2022-07-14,BTCUSDT,17330.43,18558.58,16869.87,17996.39,76443.85
2022-07-15,BTCUSDT,17996.39,19224.38,17996.39,19037.49,200860.29
2022-07-16,BTCUSDT,19037.49,19037.49,17265.16,17681.78,88900.09
2022-07-17,BTCUSDT,17681.78,18197.89,17600.54,17905.2,62703.67
2022-07-18,BTCUSDT,17905.2,19380.77,17672.78,18416.86,67969.66
2022-07-19,BTCUSDT,18416.86,18599.19,18416.86,18591.15,90845.16
2022-07-20,BTCUSDT,18591.15,18591.15,17436.32,17544.9,103763.5
2022-07-21,BTCUSDT,17544.9,18130.37,17526.14,17979.05,101280.17
2022-07-22,BTCUSDT,17979.05,18886.95,17912.37,18885.0,120066.44
2022-07-23,BTCUSDT,18885.0,18885.0,18216.09,18260.1,93549.84
2022-07-24,BTCUSDT,18260.1,18260.1,17752.28,17849.36,72463.33
2022-07-25,BTCUSDT,17849.36,18849.71,17849.36,18032.68,109474.88
2022-07-26,BTCUSDT,18032.68,18310.75,17902.6,18000.27,44378.49
2022-07-27,BTCUSDT,18000.27,18000.27,17440.89,17599.26,62000.65
2022-07-28,BTCUSDT,17599.26,17599.26,16273.1,16749.12,78712.02
2022-07-29,BTCUSDT,16749.12,16749.12,16126.86,16432.79,49960.27
2022-07-30,BTCUSDT,16432.79,16432.79,14913.64,15035.57,63896.97
2022-07-31,BTCUSDT,15035.57,16092.78,15035.57,15478.0,88259.27
2022-08-01,BTCUSDT,15478.0,15478.0,14920.82,15034.27,92176.83
2022-08-02,BTCUSDT,15034.27,15862.65,15034.27,15591.12,126568.42
2022-08-03,BTCUSDT,15591.12,16046.13,15421.05,15459.53,101016.34
2022-08-04,BTCUSDT,15459.53,15810.66,15459.53,15576.96,77009.9
2022-08-05,BTCUSDT,15576.96,15576.96,14504.12,14561.56,129848.51
2022-08-06,BTCUSDT,14561.56,15663.72,14561.56,15042.0,137688.18
2022-08-07,BTCUSDT,15042.0,17718.98,15042.0,16908.84,157144.78
2022-08-08,BTCUSDT,16908.84,17094.28,16143.58,16656.45,106701.88
2022-08-09,BTCUSDT,16656.45,17077.59,16046.28,16768.91,83649.7
2022-08-10,BTCUSDT,16768.91,17216.01,16539.67,16975.67,70134.6
2022-08-11,BTCUSDT,16975.67,16975.67,15426.31,16072.1,112357.32
2022-08-12,BTCUSDT,16072.1,16072.1,14947.25,15372.76,141697.86
2022-08-13,BTCUSDT,15372.76,15825.23,15372.76,15768.79,95672.23
2022-08-14,BTCUSDT,15768.79,15768.79,14984.11,15247.37,81246.75
2022-08-15,BTCUSDT,15247.37,15247.37,15021.74,15113.05,68241.17
2022-08-16,BTCUSDT,15113.05,15249.1,14314.09,15229.41,59764.6
2022-08-17,BTCUSDT,15229.41,16033.65,15229.41,15647.89,88819.18
2022-08-18,BTCUSDT,15647.89,15949.21,14573.74,15546.28,48417.41
2022-08-19,BTCUSDT,15546.28,15929.36,15458.84,15462.84,98585.6
2022-08-20,BTCUSDT,15462.84,17215.01,15462.84,17207.86,331872.36
2022-08-21,BTCUSDT,17207.86,18854.17,17207.86,17981.22,148442.38
2022-08-22,BTCUSDT,17981.22,17981.22,17445.43,17733.63,161033.32
2022-08-23,BTCUSDT,17733.63,18307.53,17551.06,17647.41,70756.61
2022-08-24,BTCUSDT,17647.41,19590.1,17647.41,19169.6,88292.84
2022-08-25,BTCUSDT,19169.6,19780.77,19169.6,19699.65,82861.09
2022-08-26,BTCUSDT,19699.65,20781.13,19690.62,20714.85,67751.45
2022-08-27,BTCUSDT,20714.85,21260.74,19794.68,20407.44,31306.17
2022-08-28,BTCUSDT,20407.44,20432.21,20001.74,20004.44,52259.37
2022-08-29,BTCUSDT,20004.44,23464.03,20004.44,21426.01,186077.72
2022-08-30,BTCUSDT,21426.01,21744.83,20330.53,21391.07,65629.56
2022-08-31,BTCUSDT,21391.07,21861.43,20922.69,21341.5,36709.42
2022-09-01,BTCUSDT,21341.5,21610.68,20559.14,20965.94,87526.72
2022-09-02,BTCUSDT,20965.94,22057.1,20965.94,22002.21,38535.06
2022-09-03,BTCUSDT,22002.21,23417.73,22002.21,23204.23,83340.73
2022-09-04,BTCUSDT,23204.23,23599.58,23204.23,23435.83,57031.71
2022-09-05,BTCUSDT,23435.83,26829.71,23435.83,26355.44,148937.22
2022-09-06,BTCUSDT,26355.44,26509.17,25479.45,25768.35,90632.85
2022-09-07,BTCUSDT,25768.35,26845.11,25513.13,25809.82,36121.5
2022-09-08,BTCUSDT,25809.82,25809.82,22969.77,23672.26,86554.9
2022-09-09,BTCUSDT,23672.26,24930.54,23238.33,24388.61,68144.61
2022-09-10,BTCUSDT,24388.61,24388.61,22326.78,23148.82,68592.4
2022-09-11,BTCUSDT,23148.82,24372.72,23148.82,23727.89,63591.12
2022-09-12,BTCUSDT,23727.89,23727.89,22793.01,23302.02,127046.86
2022-09-13,BTCUSDT,23302.02,23302.02,21339.06,21835.19,83486.11
2022-09-14,BTCUSDT,21835.19,22530.13,21604.73,21793.78,51917.39
2022-09-15,BTCUSDT,21793.78,23104.3,21793.78,22602.09,130738.1
2022-09-16,BTCUSDT,22602.09,23901.57,22602.09,23716.62,115710.54
2022-09-17,BTCUSDT,23716.62,23716.62,22165.78,22203.66,95016.4
2022-09-18,BTCUSDT,22203.66,22203.66,20986.68,21492.23,60580.76
2022-09-19,BTCUSDT,21492.23,23440.45,21314.77,22349.54,74248.82
2022-09-20,BTCUSDT,22349.54,22455.67,21265.04,21924.01,86871.92
2022-09-21,BTCUSDT,21924.01,21924.01,21024.6,21109.86,117977.84
2022-09-22,BTCUSDT,21109.86,22549.51,21109.86,21784.4,77108.98
2022-09-23,BTCUSDT,21784.4,21784.4,21053.98,21094.98,179210.36
2022-09-24,BTCUSDT,21094.98,21094.98,19262.01,19778.02,93953.62
2022-09-25,BTCUSDT,19778.02,19778.58,19416.66,19562.46,71894.59
2022-09-26,BTCUSDT,19562.46,19883.11,19280.25,19600.51,105783.28
2022-09-27,BTCUSDT,19600.51,19756.13,18742.74,18965.36,81732.85
2022-09-28,BTCUSDT,18965.36,18965.36,16791.67,17420.23,101082.11
2022-09-29,BTCUSDT,17420.23,17574.63,17246.12,17488.33,66578.25
2022-09-30,BTCUSDT,17488.33,17488.33,16119.18,16166.32,120221.4
2022-10-01,BTCUSDT,16166.32,18252.56,16166.32,16968.64,112528.54
2022-10-02,BTCUSDT,16968.64,17126.47,16729.51,16841.2,51900.72
2022-10-03,BTCUSDT,16841.2,16841.2,15894.17,15904.07,158490.34
2022-10-04,BTCUSDT,15904.07,15939.18,15346.52,15664.48,57706.88
2022-10-05,BTCUSDT,15664.48,16290.6,15664.48,16267.66,100780.48
2022-10-06,BTCUSDT,16267.66,16267.66,15273.4,15496.45,54251.26
2022-10-07,BTCUSDT,15496.45,15825.4,15038.78,15489.57,58425.55
2022-10-08,BTCUSDT,15489.57,16093.16,15289.42,15694.77,116699.44
2022-10-09,BTCUSDT,15694.77,16729.54,14749.19,15545.77,59217.62
2022-10-10,BTCUSDT,15545.77,15545.77,14316.99,14836.95,135059.38
2022-10-11,BTCUSDT,14836.95,14836.95,13747.61,14167.81,106951.63
2022-10-12,BTCUSDT,14167.81,14668.84,14106.94,14377.1,102285.4
2022-10-13,BTCUSDT,14377.1,14377.1,13551.69,13600.27,55928.24
2022-10-14,BTCUSDT,13600.27,13600.27,12367.13,12733.35,106197.57
2022-10-15,BTCUSDT,12733.35,13416.01,12606.83,13118.41,130294.76
2022-10-16,BTCUSDT,13118.41,14141.91,13118.41,13660.93,89927.56
2022-10-17,BTCUSDT,13660.93,13660.93,13271.76,13457.9,70305.38
2022-10-18,BTCUSDT,13457.9,14732.92,13457.9,14485.44,135199.27
2022-10-19,BTCUSDT,14485.44,15037.55,13685.57,14142.93,78138.65
2022-10-20,BTCUSDT,14142.93,14418.21,13712.54,14273.01,90433.04
2022-10-21,BTCUSDT,14273.01,15452.91,14273.01,15005.01,125471.16
2022-10-22,BTCUSDT,15005.01,15085.12,14314.32,14764.17,83630.82
2022-10-23,BTCUSDT,14764.17,15752.25,14764.17,15705.81,68993.72
2022-10-24,BTCUSDT,15705.81,16640.97,15705.81,16540.13,158847.24
2022-10-25,BTCUSDT,16540.13,17783.6,16540.13,17237.78,113298.23
2022-10-26,BTCUSDT,17237.78,17237.78,16383.09,16471.33,48094.68
2022-10-27,BTCUSDT,16471.33,17482.76,16471.33,17358.23,50078.69
2022-10-28,BTCUSDT,17358.23,18045.32,17358.23,18034.88,84333.56
2022-10-29,BTCUSDT,18034.88,18041.78,17429.65,17936.2,83504.9
2022-10-30,BTCUSDT,17936.2,17936.2,16979.57,17247.39,124767.03
2022-10-31,BTCUSDT,17247.39,18251.19,17247.39,17980.76,107718.79
2022-11-01,BTCUSDT,17980.76,20174.13,17277.04,18947.67,119665.68
2022-11-02,BTCUSDT,18947.67,19435.69,18668.51,18793.62,84172.11
2022-11-03,BTCUSDT,18793.62,19329.64,18793.62,19318.18,153460.67
2022-11-04,BTCUSDT,19318.18,20845.65,19318.18,19997.06,69258.38
2022-11-05,BTCUSDT,19997.06,19997.06,18124.56,18932.02,161139.04
2022-11-06,BTCUSDT,18932.02,20197.35,18932.02,19936.75,146378.04
2022-11-07,BTCUSDT,19936.75,21859.63,19936.75,21188.47,79314.38
2022-11-08,BTCUSDT,20866.33,21051.29,19385.38,20800.0,32913.45
2022-11-09,BTCUSDT,20800.0,21141.7,19940.22,20390.21,100969.38
2022-11-10,BTCUSDT,20390.21,20390.21,15942.67,17327.45,315388.51
2022-11-11,BTCUSDT,17327.45,21882.71,17327.45,20728.26,149436.55
2022-11-12,BTCUSDT,20728.26,20728.26,19383.58,19573.07,127174.21
2022-11-13,BTCUSDT,19573.07,19926.37,18730.13,19115.61,76930.62
2022-11-14,BTCUSDT,19115.61,22258.08,18543.99,19981.96,91781.01
2022-11-15,BTCUSDT,16047.48,16047.48,15674.53,15700.0,73545.71
2022-11-16,BTCUSDT,15700.0,15867.95,15004.97,15409.42,35117.0
2022-11-17,BTCUSDT,15409.42,15409.42,13537.37,13860.39,185899.4
2022-11-18,BTCUSDT,13860.39,14667.46,13860.39,14334.49,119123.06
2022-11-19,BTCUSDT,14334.49,14677.58,13367.65,13984.75,120633.96
2022-11-20,BTCUSDT,13984.75,13984.75,12854.99,13247.43,54585.03
2022-11-21,BTCUSDT,13247.43,13565.64,13247.43,13503.92,114470.29
2022-11-22,BTCUSDT,13503.92,13503.92,12828.16,12846.67,150295.56
2022-11-23,BTCUSDT,12846.67,12846.67,11725.26,12104.29,153729.96
2022-11-24,BTCUSDT,12104.29,12193.2,11854.41,12149.78,82560.28
2022-11-25,BTCUSDT,12149.78,12241.65,12038.04,12068.56,55241.92
2022-11-26,BTCUSDT,12068.56,13112.08,12068.56,12852.5,76505.46
2022-11-27,BTCUSDT,12852.5,12937.42,12197.54,12224.01,102162.38
2022-11-28,BTCUSDT,12224.01,12596.9,12061.66,12415.24,214979.57
2022-11-29,BTCUSDT,12415.24,12415.24,11718.36,11993.79,144257.23
2022-11-30,BTCUSDT,11993.79,11993.79,10586.27,11211.21,83592.5
2022-12-01,BTCUSDT,11211.21,11211.21,10227.71,10279.39,200405.81
2022-12-02,BTCUSDT,10279.39,10279.39,9768.36,9791.25,85135.71
2022-12-03,BTCUSDT,9791.25,9791.25,9290.79,9310.14,163710.17
2022-12-04,BTCUSDT,9310.14,9310.14,8355.95,8548.82,136465.76
2022-12-05,BTCUSDT,8548.82,9029.75,8548.82,8897.36,163552.54
2022-12-06,BTCUSDT,8897.36,9422.65,8897.36,9375.95,88090.02
2022-12-07,BTCUSDT,9375.95,9375.95,8148.5,8164.45,154199.34
2022-12-08,BTCUSDT,8164.45,8277.19,7484.29,7906.69,69680.87
2022-12-09,BTCUSDT,7906.69,8111.3,7740.8,7762.47,58312.32
2022-12-10,BTCUSDT,7762.47,7996.98,7684.33,7686.27,90640.86
2022-12-11,BTCUSDT,7686.27,8309.79,7686.27,8048.57,130058.42
2022-12-12,BTCUSDT,8048.57,8048.57,6959.41,7154.85,160469.55
2022-12-13,BTCUSDT,7154.85,7572.48,7154.85,7260.72,68553.2
2022-12-14,BTCUSDT,7260.72,8320.11,7260.72,7797.91,99725.3
2022-12-15,BTCUSDT,7797.91,7797.91,7368.85,7473.89,103181.73
2022-12-16,BTCUSDT,7473.89,7473.89,7091.38,7189.52,180052.23
2022-12-17,BTCUSDT,7189.52,7284.45,6814.41,7080.43,86198.2
2022-12-18,BTCUSDT,7080.43,7442.28,6919.0,7109.01,86030.36
2022-12-19,BTCUSDT,7109.01,7109.01,6721.42,6759.02,67045.61
2022-12-20,BTCUSDT,6759.02,6802.92,6708.39,6754.69,45858.08
2022-12-21,BTCUSDT,6754.69,6990.49,6754.69,6802.74,59038.87
2022-12-22,BTCUSDT,6802.74,6802.74,6435.32,6613.55,73474.86
2022-12-23,BTCUSDT,6613.55,6937.52,6553.57,6836.4,90528.96
2022-12-24,BTCUSDT,6836.4,6836.4,5825.71,5932.55,93565.24
2022-12-25,BTCUSDT,5932.55,5932.55,5785.44,5854.62,58807.85
2022-12-26,BTCUSDT,5854.62,6227.04,5854.62,6198.88,98429.32
2022-12-27,BTCUSDT,6198.88,6739.98,6198.88,6654.1,47222.77
2022-12-28,BTCUSDT,6654.1,6654.1,6157.73,6508.79,66341.7
2022-12-29,BTCUSDT,6508.79,6508.79,6354.65,6398.13,60677.33
2022-12-30,BTCUSDT,6398.13,6486.16,6175.03,6209.56,84273.44
2022-12-31,BTCUSDT,6209.56,6209.56,5606.89,5875.69,86889.2
2023-01-01,BTCUSDT,16731.28,16731.28,15924.94,16500.0,28613.24
2023-01-02,BTCUSDT,16500.0,16500.0,15753.16,15841.71,142767.6
2023-01-03,BTCUSDT,15841.71,16443.42,15682.79,16082.72,60550.02
2023-01-04,BTCUSDT,16082.72,16467.3,15617.06,16041.9,37814.96
2023-01-05,BTCUSDT,16041.9,17296.79,16041.9,17244.65,111630.17
2023-01-06,BTCUSDT,17244.65,19350.11,17244.65,18239.81,80493.79
2023-01-07,BTCUSDT,18239.81,18567.46,17911.49,17942.27,88524.99
2023-01-08,BTCUSDT,17942.27,18042.51,17721.79,17923.4,98633.18
2023-01-09,BTCUSDT,17923.4,18471.38,17923.4,18282.61,52491.44
2023-01-10,BTCUSDT,18282.61,18872.53,18282.61,18622.75,47305.56
2023-01-11,BTCUSDT,18622.75,18683.52,18453.02,18463.7,77346.42
2023-01-12,BTCUSDT,18463.7,18739.87,17340.85,18674.53,38715.81
2023-01-13,BTCUSDT,18674.53,18674.53,18357.7,18413.41,72543.3
2023-01-14,BTCUSDT,18413.41,18981.12,18413.41,18690.27,142969.76
2023-01-15,BTCUSDT,18690.27,20303.32,18690.27,19548.64,103415.43
2023-01-16,BTCUSDT,19548.64,19586.77,19383.4,19500.82,93178.75
2023-01-17,BTCUSDT,19500.82,19735.53,19500.82,19718.34,126204.77
2023-01-18,BTCUSDT,19718.34,19718.34,18974.11,19565.04,46687.84
2023-01-19,BTCUSDT,19565.04,19565.04,18572.36,19240.33,83936.19
2023-01-20,BTCUSDT,19240.33,19653.88,19240.33,19596.15,45409.85
2023-01-21,BTCUSDT,19596.15,19596.15,18708.49,18751.32,181979.07
2023-01-22,BTCUSDT,18751.32,18751.32,18327.93,18353.97,87130.5
2023-01-23,BTCUSDT,18353.97,19407.14,18353.97,19332.83,137529.51
2023-01-24,BTCUSDT,19332.83,19332.83,17998.69,18550.98,54933.26
2023-01-25,BTCUSDT,18550.98,19708.5,18550.98,19286.09,51705.5
2023-01-26,BTCUSDT,19286.09,19286.09,17192.67,17500.07,99505.16
2023-01-27,BTCUSDT,17500.07,17500.07,17210.29,17243.98,113148.22
2023-01-28,BTCUSDT,17243.98,17972.17,16921.94,17364.08,57783.14
2023-01-29,BTCUSDT,17364.08,18237.69,17364.08,17884.48,57483.16
2023-01-30,BTCUSDT,17884.48,18062.86,17637.57,17854.2,77874.7
2023-01-31,BTCUSDT,17854.2,19343.83,17463.5,17675.78,49713.1
2023-02-01,BTCUSDT,17675.78,18842.42,17089.61,17964.45,51921.62
2023-02-02,BTCUSDT,17964.45,18726.39,17964.45,18055.95,101729.17
2023-02-03,BTCUSDT,18055.95,18055.95,17159.54,17249.39,169496.15
2023-02-04,BTCUSDT,17249.39,18404.86,17249.39,18367.53,57237.98
2023-02-05,BTCUSDT,18367.53,18926.36,17943.47,18233.32,46052.73
2023-02-06,BTCUSDT,18233.32,18625.75,17784.7,18326.09,99136.23
2023-02-07,BTCUSDT,18326.09,18326.09,17142.64,17381.68,113626.85
2023-02-08,BTCUSDT,17381.68,18312.8,17381.68,18254.15,112403.47
2023-02-09,BTCUSDT,18254.15,18396.58,17964.42,18027.28,87942.65
2023-02-10,BTCUSDT,18027.28,19825.71,18027.28,19291.9,123673.59
2023-02-11,BTCUSDT,19291.9,19718.23,18891.08,19352.87,77657.36
2023-02-12,BTCUSDT,19352.87,20319.12,19352.87,19881.87,52304.09
2023-02-13,BTCUSDT,19881.87,19881.87,19092.26,19702.15,36065.35
2023-02-14,BTCUSDT,19702.15,19702.15,18488.01,18870.31,84545.66
2023-02-15,BTCUSDT,18870.31,19302.41,18870.31,19272.43,79854.2
2023-02-16,BTCUSDT,19272.43,20315.94,18554.07,19674.5,81165.85
2023-02-17,BTCUSDT,19674.5,19674.5,18041.34,18143.1,82464.69
2023-02-18,BTCUSDT,18143.1,18143.1,17289.47,17316.67,68759.83
2023-02-19,BTCUSDT,17316.67,18266.77,17316.67,18167.67,95415.74
2023-02-20,BTCUSDT,18167.67,18539.51,17724.01,17946.31,54499.41
2023-02-21,BTCUSDT,17946.31,18614.61,17803.52,18530.9,46447.57
2023-02-22,BTCUSDT,18530.9,21008.32,18530.9,20251.65,166152.76
2023-02-23,BTCUSDT,20251.65,21118.05,19890.9,20727.05,86590.92
2023-02-24,BTCUSDT,20727.05,22395.39,20716.13,20805.87,39143.67
2023-02-25,BTCUSDT,20805.87,20805.87,19836.15,20335.62,157011.74
2023-02-26,BTCUSDT,20335.62,20730.07,20335.62,20670.65,55785.95
2023-02-27,BTCUSDT,20670.65,21644.85,20670.65,21107.03,90521.77
2023-02-28,BTCUSDT,21107.03,21403.66,20821.81,21274.82,37007.43
2023-03-01,BTCUSDT,21274.82,23158.88,21274.82,22004.85,128815.35
2023-03-02,BTCUSDT,22004.85,22004.85,20672.74,21144.18,140606.16
2023-03-03,BTCUSDT,21144.18,21498.44,21143.27,21328.03,80458.8
2023-03-04,BTCUSDT,21328.03,22708.47,21183.26,21412.82,54486.43
2023-03-05,BTCUSDT,21412.82,21472.31,20861.38,21042.87,70448.61
2023-03-06,BTCUSDT,21042.87,22381.67,20722.8,21466.05,100538.33
2023-03-07,BTCUSDT,21466.05,21672.05,20236.77,20555.06,76274.39
2023-03-08,BTCUSDT,20555.06,20555.06,19413.58,20044.04,120295.96
2023-03-09,BTCUSDT,20044.04,22707.0,20044.04,22582.24,105936.43
2023-03-10,BTCUSDT,22582.24,22640.41,21641.53,22396.43,48253.04
2023-03-11,BTCUSDT,22396.43,22605.08,22266.81,22338.24,57976.95
2023-03-12,BTCUSDT,22338.24,23769.28,22338.24,22835.28,80754.57
2023-03-13,BTCUSDT,22835.28,23914.33,22835.28,23443.56,188327.25
2023-03-14,BTCUSDT,23443.56,23443.56,22813.46,22835.15,70928.45
2023-03-15,BTCUSDT,22835.15,24788.08,22835.15,24426.8,106430.91
2023-03-16,BTCUSDT,24426.8,25028.7,24426.8,24908.43,72677.43
2023-03-17,BTCUSDT,24908.43,28445.92,24908.43,27010.17,148579.39
2023-03-18,BTCUSDT,27010.17,29135.35,27010.17,28625.8,164790.91
2023-03-19,BTCUSDT,28625.8,28625.8,27502.63,28157.98,171706.59
2023-03-20,BTCUSDT,28157.98,28157.98,26264.21,26958.85,42730.21
2023-03-21,BTCUSDT,26958.85,26958.85,24923.94,25588.01,74276.42
2023-03-22,BTCUSDT,25588.01,25588.01,23644.42,23684.99,101011.84
2023-03-23,BTCUSDT,23684.99,24259.29,23365.59,24016.36,67099.93
2023-03-24,BTCUSDT,24016.36,24016.36,23349.15,23552.99,48284.28
2023-03-25,BTCUSDT,23552.99,24432.78,23552.99,24240.47,82760.21
2023-03-26,BTCUSDT,24240.47,24240.47,23478.34,23818.1,103840.14
2023-03-27,BTCUSDT,23818.1,23818.1,21937.69,23189.48,70987.36
2023-03-28,BTCUSDT,23189.48,24085.89,23189.48,23804.3,62744.83
2023-03-29,BTCUSDT,23804.3,26555.97,23804.3,26129.55,291060.89
2023-03-30,BTCUSDT,26129.55,28793.06,26129.55,27662.17,145588.73
2023-03-31,BTCUSDT,27662.17,28873.45,27662.17,28415.55,103918.7
2023-04-01,BTCUSDT,28168.76,28684.18,27408.88,28000.0,46746.73
2023-04-02,BTCUSDT,28000.0,28506.73,26547.41,28226.57,121549.95
2023-04-03,BTCUSDT,28226.57,28320.23,27938.65,28100.97,112831.36
2023-04-04,BTCUSDT,28100.97,28100.97,26531.67,27331.46,108005.46
2023-04-05,BTCUSDT,27331.46,28265.34,27331.46,28217.24,76912.66
2023-04-06,BTCUSDT,28217.24,30796.82,28217.24,30765.28,101995.15
2023-04-07,BTCUSDT,30765.28,30765.28,30569.11,30611.01,52808.59
2023-04-08,BTCUSDT,30611.01,32216.71,30023.7,31591.92,60703.75
2023-04-09,BTCUSDT,31591.92,31591.92,29822.36,30437.88,77807.75
2023-04-10,BTCUSDT,30437.88,30437.88,28936.44,29822.92,189485.73
2023-04-11,BTCUSDT,29822.92,29822.92,27394.73,27563.64,97615.32
2023-04-12,BTCUSDT,27563.64,27563.64,26234.79,26716.18,109098.02
2023-04-13,BTCUSDT,26716.18,28166.78,26716.18,27832.08,107933.11
2023-04-14,BTCUSDT,27832.08,29393.95,27832.08,28848.66,165482.85
2023-04-15,BTCUSDT,28848.66,29287.84,28674.3,28766.95,48461.51
2023-04-16,BTCUSDT,28766.95,29475.67,28766.95,29164.48,117362.11
2023-04-17,BTCUSDT,29164.48,29164.48,26418.64,27314.07,158188.43
2023-04-18,BTCUSDT,27314.07,27314.07,25690.0,26400.14,73313.7
2023-04-19,BTCUSDT,26400.14,26400.14,25048.45,25334.11,110260.82
2023-04-20,BTCUSDT,25334.11,26107.64,25334.11,26105.93,113424.81
2023-04-21,BTCUSDT,26105.93,26105.93,24528.53,25430.03,76452.94
2023-04-22,BTCUSDT,25430.03,26589.72,24957.61,25247.7,62436.22
2023-04-23,BTCUSDT,25247.7,26887.83,25247.7,26701.58,70638.79
2023-04-24,BTCUSDT,26701.58,26701.58,25428.09,25971.1,112100.22
2023-04-25,BTCUSDT,25971.1,25971.1,24471.83,24540.54,125277.39
2023-04-26,BTCUSDT,24540.54,24540.54,22412.28,22725.87,116482.5
2023-04-27,BTCUSDT,22725.87,24733.73,22725.87,23797.74,92202.42
2023-04-28,BTCUSDT,23797.74,23797.74,22470.99,22985.34,143810.53
2023-04-29,BTCUSDT,22985.34,25106.7,22985.34,24573.2,82709.75
2023-04-30,BTCUSDT,24573.2,24573.2,24307.38,24437.81,84655.66
2023-05-01,BTCUSDT,24437.81,24437.81,22766.35,22962.28,80999.97
2023-05-02,BTCUSDT,22962.28,22962.28,21666.01,21915.61,134254.16
2023-05-03,BTCUSDT,21915.61,23134.93,21582.26,22417.62,83411.47
2023-05-04,BTCUSDT,22417.62,23136.48,21787.49,22931.51,62697.43
2023-05-05,BTCUSDT,22931.51,24453.45,22906.23,23794.6,134394.41
2023-05-06,BTCUSDT,23794.6,23794.6,22671.0,23095.37,41854.45
2023-05-07,BTCUSDT,23095.37,23095.37,22197.19,22640.73,124431.48
2023-05-08,BTCUSDT,22640.73,22640.73,21239.52,21953.65,95720.86
2023-05-09,BTCUSDT,21953.65,22876.31,21585.51,22375.6,77874.67
2023-05-10,BTCUSDT,22375.6,22382.71,21769.68,21883.6,64758.17
2023-05-11,BTCUSDT,21883.6,22328.99,21364.07,22153.33,72365.99
2023-05-12,BTCUSDT,22153.33,22153.33,20585.85,20976.76,89090.69
2023-05-13,BTCUSDT,20976.76,21385.77,20277.86,21240.41,63687.04
2023-05-14,BTCUSDT,21240.41,21740.06,20991.13,21439.85,85235.87
2023-05-15,BTCUSDT,21439.85,21439.85,19541.48,19868.92,127647.94
2023-05-16,BTCUSDT,19868.92,20278.56,19859.25,20049.35,74323.6
2023-05-17,BTCUSDT,20049.35,20413.94,19258.99,20025.57,89163.89
2023-05-18,BTCUSDT,20025.57,20025.57,18890.09,18960.39,137685.03
2023-05-19,BTCUSDT,18960.39,18960.39,18359.25,18586.85,78901.4
2023-05-20,BTCUSDT,18586.85,18936.38,18582.14,18885.64,98043.41
2023-05-21,BTCUSDT,18885.64,20284.34,18885.64,19787.59,108757.96
2023-05-22,BTCUSDT,19787.59,19921.11,18990.86,19896.25,78557.39
2023-05-23,BTCUSDT,19896.25,21282.27,19896.25,20832.23,106658.7
2023-05-24,BTCUSDT,20832.23,21280.91,20832.23,20954.7,88348.08
2023-05-25,BTCUSDT,20954.7,21956.61,20954.7,21853.82,110128.98
2023-05-26,BTCUSDT,21853.82,21853.82,21457.76,21646.05,70351.22
2023-05-27,BTCUSDT,21646.05,22586.24,21646.05,22577.15,63408.29
2023-05-28,BTCUSDT,22577.15,22728.73,22067.22,22176.1,43275.94
2023-05-29,BTCUSDT,22176.1,23121.94,21740.76,22847.63,73428.44
2023-05-30,BTCUSDT,22847.63,24099.73,22847.63,23059.34,47271.56
2023-05-31,BTCUSDT,23059.34,23059.34,21137.14,21144.65,183920.61
2023-06-01,BTCUSDT,21144.65,21144.65,20356.38,20543.92,57650.48
2023-06-02,BTCUSDT,20543.92,20543.92,18192.07,19314.64,85794.22
2023-06-03,BTCUSDT,19314.64,22082.54,19314.64,21439.5,169983.17
2023-06-04,BTCUSDT,21439.5,22516.72,21131.99,21905.68,115938.44
2023-06-05,BTCUSDT,21905.68,22210.06,21445.03,21475.89,83569.16
2023-06-06,BTCUSDT,21475.89,21475.89,20111.61,20317.63,97366.8
2023-06-07,BTCUSDT,20317.63,20636.66,19927.6,20401.15,40129.47
2023-06-08,BTCUSDT,20401.15,22033.65,20225.61,20830.96,145007.98
2023-06-09,BTCUSDT,20830.96,20830.96,19675.57,20413.7,80953.84
2023-06-10,BTCUSDT,20413.7,20798.34,19575.37,20653.96,44938.28
2023-06-11,BTCUSDT,20653.96,21920.32,20653.96,21699.25,106057.41
2023-06-12,BTCUSDT,21699.25,21699.25,20450.7,20951.93,85198.59
2023-06-13,BTCUSDT,20951.93,21240.78,19699.14,20496.68,133443.92
2023-06-14,BTCUSDT,20496.68,20496.68,18799.67,19236.44,63101.59
2023-06-15,BTCUSDT,19236.44,21431.12,19236.44,20253.89,72037.66
2023-06-16,BTCUSDT,20253.89,20253.89,17376.37,18301.9,163159.74
2023-06-17,BTCUSDT,18301.9,18613.35,17628.46,18039.02,150586.2
2023-06-18,BTCUSDT,18039.02,19371.95,18039.02,19310.29,77670.27
2023-06-19,BTCUSDT,19310.29,19310.29,17511.5,17598.52,119742.81
2023-06-20,BTCUSDT,17598.52,18154.64,17598.52,17846.05,99436.6
2023-06-21,BTCUSDT,17846.05,18522.88,17846.05,18288.06,101677.89
2023-06-22,BTCUSDT,18288.06,18776.28,18288.06,18687.04,106945.9
2023-06-23,BTCUSDT,18687.04,19414.09,18687.04,19366.61,98323.65
2023-06-24,BTCUSDT,19366.61,19757.73,18845.47,19547.83,48447.63
2023-06-25,BTCUSDT,19547.83,19918.09,19166.76,19683.43,31825.28
2023-06-26,BTCUSDT,19683.43,19683.43,17675.2,18514.97,96238.03
2023-06-27,BTCUSDT,18514.97,18515.61,17870.74,18442.87,104251.36
2023-06-28,BTCUSDT,18442.87,19060.3,18442.87,18590.0,85258.98
2023-06-29,BTCUSDT,18590.0,18590.0,18057.43,18081.63,74836.77
2023-06-30,BTCUSDT,18081.63,19758.78,18081.63,19641.5,213207.18
2023-07-01,BTCUSDT,30516.01,30851.98,30271.22,30500.0,74379.29
2023-07-02,BTCUSDT,30500.0,31000.92,30175.76,30847.74,101530.82
2023-07-03,BTCUSDT,30847.74,32371.57,30847.74,31567.66,160556.13
2023-07-04,BTCUSDT,31567.66,33909.65,31567.66,32955.32,129453.45
2023-07-05,BTCUSDT,32955.32,34277.98,32955.32,34162.51,127732.63
2023-07-06,BTCUSDT,34162.51,36018.11,34162.51,35661.95,82090.35
2023-07-07,BTCUSDT,35661.95,37353.21,35661.95,36652.08,60539.55
2023-07-08,BTCUSDT,36652.08,37357.64,36652.08,37250.52,42932.62
2023-07-09,BTCUSDT,37250.52,37653.58,37250.52,37564.06,57872.26
2023-07-10,BTCUSDT,37564.06,39299.46,37564.06,38012.71,81716.97
2023-07-11,BTCUSDT,38012.71,38012.71,35888.74,36040.95,94812.62
2023-07-12,BTCUSDT,36040.95,36912.67,35198.18,36383.53,119640.46
2023-07-13,BTCUSDT,36383.53,37163.65,35188.46,35292.2,92841.32
2023-07-14,BTCUSDT,35292.2,35292.2,34045.03,34137.69,76433.33
2023-07-15,BTCUSDT,34137.69,36082.54,34137.69,35568.42,106982.51
2023-07-16,BTCUSDT,35568.42,37302.88,35568.42,36232.42,74132.99
2023-07-17,BTCUSDT,36232.42,36543.33,35204.64,35777.9,89814.68
2023-07-18,BTCUSDT,35777.9,36462.93,34996.4,35990.06,155003.29
2023-07-19,BTCUSDT,35990.06,36704.32,35839.04,36499.09,77714.42
2023-07-20,BTCUSDT,36499.09,37112.61,36499.09,36988.59,38401.25
2023-07-21,BTCUSDT,36988.59,39521.94,36988.59,37945.69,91165.09
2023-07-22,BTCUSDT,37945.69,40298.13,37945.69,39492.63,120974.49
2023-07-23,BTCUSDT,39492.63,40763.44,39492.63,40071.93,66082.62
2023-07-24,BTCUSDT,40071.93,42676.38,40071.93,41129.76,184502.99
2023-07-25,BTCUSDT,41129.76,41129.76,38554.4,38704.38,86054.58
2023-07-26,BTCUSDT,38704.38,41598.62,38704.38,39658.73,158525.59
2023-07-27,BTCUSDT,39658.73,41063.91,39658.73,40047.71,61363.94
2023-07-28,BTCUSDT,40047.71,42844.63,40047.71,41106.09,58841.26
2023-07-29,BTCUSDT,41106.09,42022.18,38942.24,40776.41,84966.39
2023-07-30,BTCUSDT,40776.41,44415.42,40776.41,42821.14,68511.43
2023-07-31,BTCUSDT,42821.14,42821.14,40702.82,40933.43,158692.73
2023-08-01,BTCUSDT,40933.43,42140.33,40933.43,41624.28,75535.01
2023-08-02,BTCUSDT,41624.28,42341.85,41624.28,42329.06,66415.24
2023-08-03,BTCUSDT,42329.06,42840.13,41126.43,41688.22,91576.09
2023-08-04,BTCUSDT,41688.22,41688.22,40805.6,41079.72,120232.59
2023-08-05,BTCUSDT,41079.72,44779.15,41079.72,42237.16,61993.62
2023-08-06,BTCUSDT,42237.16,42237.16,40067.36,40644.28,104942.16
2023-08-07,BTCUSDT,40644.28,40644.28,38605.44,40290.46,101271.89
2023-08-08,BTCUSDT,40290.46,40290.46,35994.36,37340.3,130765.86
2023-08-09,BTCUSDT,37340.3,39068.72,37048.95,37068.01,61440.29
2023-08-10,BTCUSDT,37068.01,37068.01,34007.61,35174.86,91229.35
2023-08-11,BTCUSDT,35174.86,38586.82,35174.86,38402.6,78387.28
2023-08-12,BTCUSDT,38402.6,40441.25,38402.6,40263.0,91679.11
2023-08-13,BTCUSDT,40263.0,40624.5,39172.95,39423.08,80278.93
2023-08-14,BTCUSDT,39423.08,39423.08,36948.46,37428.29,92163.65
2023-08-15,BTCUSDT,37428.29,38937.19,37029.69,38025.4,73402.78
2023-08-16,BTCUSDT,38025.4,38025.4,37257.62,37763.55,75227.35
2023-08-17,BTCUSDT,37763.55,37763.55,35829.21,36950.89,51702.19
2023-08-18,BTCUSDT,36950.89,37680.68,36427.68,36944.78,80469.64
2023-08-19,BTCUSDT,36944.78,37161.05,35951.41,36775.7,61418.16
2023-08-20,BTCUSDT,36775.7,38470.04,36775.7,38152.54,64746.35
2023-08-21,BTCUSDT,38152.54,38152.54,36919.06,37060.32,121132.17
2023-08-22,BTCUSDT,37060.32,37060.32,33972.25,34817.57,93444.17
2023-08-23,BTCUSDT,34817.57,36778.56,34572.73,35871.51,74478.56
2023-08-24,BTCUSDT,35871.51,37120.02,34867.79,36219.87,75505.77
2023-08-25,BTCUSDT,36219.87,36219.87,33932.57,34945.03,96252.42
2023-08-26,BTCUSDT,34945.03,34945.03,32713.88,33728.57,79168.88
2023-08-27,BTCUSDT,33728.57,33728.57,32403.73,32509.14,58089.19
2023-08-28,BTCUSDT,32509.14,32509.14,32150.3,32227.2,60674.23
2023-08-29,BTCUSDT,32227.2,35528.84,32227.2,34591.48,208888.91
2023-08-30,BTCUSDT,34591.48,36901.78,34591.48,36265.94,43931.22
2023-08-31,BTCUSDT,36265.94,36411.95,35507.98,35635.28,57876.9
2023-09-01,BTCUSDT,35635.28,37966.31,35635.28,37673.31,68018.21
2023-09-02,BTCUSDT,37673.31,37673.31,36045.33,36372.88,81777.26
2023-09-03,BTCUSDT,36372.88,36372.88,35203.73,35946.3,53723.03
2023-09-04,BTCUSDT,35946.3,36648.78,35116.22,35700.27,65362.48
2023-09-05,BTCUSDT,35700.27,39952.29,35700.27,38729.52,89758.28
2023-09-06,BTCUSDT,38729.52,38729.52,35993.3,36921.74,93542.47
2023-09-07,BTCUSDT,36921.74,37916.11,36921.74,37784.65,245532.54
2023-09-08,BTCUSDT,37784.65,37784.65,36867.71,37142.05,56227.55
2023-09-09,BTCUSDT,37142.05,37728.79,36240.08,37075.26,83588.04
2023-09-10,BTCUSDT,37075.26,37075.26,33962.53,35852.1,77434.19
2023-09-11,BTCUSDT,35852.1,36692.11,35390.59,35668.99,42845.04
2023-09-12,BTCUSDT,35668.99,37850.86,35668.99,37283.27,99763.02
2023-09-13,BTCUSDT,37283.27,37283.27,33565.96,34512.92,149973.25
2023-09-14,BTCUSDT,34512.92,35921.69,33487.87,34431.03,59727.27
2023-09-15,BTCUSDT,34431.03,34431.03,31402.26,32254.58,154430.11
2023-09-16,BTCUSDT,32254.58,34085.66,32254.58,33503.3,133328.38
2023-09-17,BTCUSDT,33503.3,33503.3,30244.93,31230.59,107348.7
2023-09-18,BTCUSDT,31230.59,31230.59,29422.57,30043.67,109069.56
2023-09-19,BTCUSDT,30043.67,32071.15,30043.67,31386.51,142163.2
2023-09-20,BTCUSDT,31386.51,31528.19,29892.68,30913.26,75504.51
2023-09-21,BTCUSDT,30913.26,30913.26,29996.15,30538.67,66622.58
2023-09-22,BTCUSDT,30538.67,30538.67,29741.47,30265.94,63716.19
2023-09-23,BTCUSDT,30265.94,30751.0,29525.14,30019.48,50347.04
2023-09-24,BTCUSDT,30019.48,30019.48,28874.23,29411.86,89000.76
2023-09-25,BTCUSDT,29411.86,31769.01,29411.86,31171.41,59869.49
2023-09-26,BTCUSDT,31171.41,33432.37,31171.41,32855.87,104626.36
2023-09-27,BTCUSDT,32855.87,32855.87,32073.58,32473.28,42498.59
2023-09-28,BTCUSDT,32473.28,32473.28,30533.96,30884.97,65546.54
2023-09-29,BTCUSDT,30884.97,32497.7,30658.75,31461.63,69834.29
2023-09-30,BTCUSDT,31461.63,32426.01,30747.6,31347.35,42067.87
2023-10-01,BTCUSDT,31347.35,31390.87,30631.92,30857.81,65713.03
2023-10-02,BTCUSDT,30857.81,31036.07,29711.97,30341.09,156135.74
2023-10-03,BTCUSDT,30341.09,30543.92,29306.8,30124.8,125483.35
2023-10-04,BTCUSDT,30124.8,30124.8,28669.38,28822.54,103225.36
2023-10-05,BTCUSDT,28822.54,28822.54,26754.93,28104.9,90469.29
2023-10-06,BTCUSDT,28104.9,28104.9,26374.21,26394.41,109714.69
2023-10-07,BTCUSDT,26394.41,27247.33,26394.41,26957.01,93739.76
2023-10-08,BTCUSDT,26957.01,30506.5,26957.01,29208.82,132588.7
2023-10-09,BTCUSDT,29208.82,32268.58,29208.82,31796.44,110737.09
2023-10-10,BTCUSDT,31796.44,33281.15,31438.02,32088.42,132654.05
2023-10-11,BTCUSDT,32088.42,32088.42,30884.12,31165.65,57474.47
2023-10-12,BTCUSDT,31165.65,31599.29,30387.7,31412.75,113244.93
2023-10-13,BTCUSDT,31412.75,34028.52,31412.75,33392.87,67651.15
2023-10-14,BTCUSDT,33392.87,34506.84,33392.87,34396.09,150840.02
2023-10-15,BTCUSDT,34396.09,34396.09,33068.38,33876.8,97723.34
2023-10-16,BTCUSDT,33876.8,35151.17,33053.84,33424.55,67159.15
2023-10-17,BTCUSDT,33424.55,33424.55,31058.01,31357.18,118861.66
2023-10-18,BTCUSDT,31357.18,31795.11,31357.18,31790.45,115209.69
2023-10-19,BTCUSDT,31790.45,33741.27,31790.45,33026.26,87705.47
2023-10-20,BTCUSDT,33026.26,33113.11,32251.1,32761.55,49969.95
2023-10-21,BTCUSDT,32761.55,36361.59,32761.55,35450.57,215404.93
2023-10-22,BTCUSDT,35450.57,38231.29,35450.57,37870.61,70622.52
2023-10-23,BTCUSDT,28461.93,29826.83,27538.18,29000.0,67589.37
2023-10-24,BTCUSDT,29000.0,31433.23,29000.0,30820.61,132067.11
2023-10-25,BTCUSDT,30820.61,32008.82,30629.18,31885.3,69873.0
2023-10-26,BTCUSDT,31885.3,33186.02,31885.3,32197.76,77281.79
2023-10-27,BTCUSDT,32197.76,32756.16,30955.81,32425.94,60353.78
2023-10-28,BTCUSDT,32425.94,32912.31,32029.3,32760.96,47458.85
2023-10-29,BTCUSDT,32760.96,32760.96,30791.18,30887.07,147761.34
2023-10-30,BTCUSDT,30887.07,30887.07,27697.64,28568.58,130617.36
2023-10-31,BTCUSDT,28568.58,29878.33,28568.58,29797.76,145727.7
2023-11-01,BTCUSDT,29797.76,31798.65,29797.76,31718.88,130366.89
2023-11-02,BTCUSDT,31718.88,32635.32,31718.88,32360.76,71241.62
2023-11-03,BTCUSDT,32360.76,36906.53,32360.76,36701.62,158405.91
2023-11-04,BTCUSDT,36701.62,37098.37,34193.22,35906.15,49655.51
2023-11-05,BTCUSDT,35906.15,35906.15,33004.16,33506.75,136677.62
2023-11-06,BTCUSDT,33506.75,34452.72,33462.23,34424.42,53889.29
2023-11-07,BTCUSDT,34424.42,35229.69,32140.09,33200.24,61148.13
2023-11-08,BTCUSDT,33200.24,33796.13,32655.56,33339.3,42328.75
2023-11-09,BTCUSDT,33339.3,35342.18,33339.3,35142.75,94469.14
2023-11-10,BTCUSDT,35142.75,35240.27,33322.43,34551.71,97966.36
2023-11-11,BTCUSDT,34551.71,35896.63,33604.3,34698.11,64077.86
2023-11-12,BTCUSDT,34698.11,36874.0,34698.11,36844.41,56290.66
2023-11-13,BTCUSDT,36844.41,37912.04,35896.73,36786.17,64996.74
2023-11-14,BTCUSDT,36786.17,38976.06,36786.17,37793.43,71931.79
2023-11-15,BTCUSDT,37793.43,40368.92,37793.43,39051.14,97446.77
2023-11-16,BTCUSDT,39051.14,39818.86,38765.18,39003.88,72119.66
2023-11-17,BTCUSDT,39003.88,39039.97,37275.31,39010.38,77838.54
2023-11-18,BTCUSDT,39010.38,40330.0,36846.87,39243.88,60648.6
2023-11-19,BTCUSDT,39243.88,40099.28,37997.47,38401.72,49480.04
2023-11-20,BTCUSDT,38401.72,39617.02,38401.72,39361.04,97905.67
2023-11-21,BTCUSDT,39361.04,39361.04,38342.93,38551.96,70177.83
2023-11-22,BTCUSDT,38551.96,38551.96,37242.72,37966.19,43078.28
2023-11-23,BTCUSDT,37966.19,38026.36,35583.34,36642.45,77074.49
2023-11-24,BTCUSDT,36642.45,39550.72,36642.45,39067.6,146507.08
2023-11-25,BTCUSDT,39067.6,39067.6,36992.1,37101.22,123020.92
2023-11-26,BTCUSDT,37101.22,41160.62,37101.22,40601.35,192668.06
2023-11-27,BTCUSDT,40601.35,40864.22,40562.46,40667.08,88664.2
2023-11-28,BTCUSDT,40667.08,41204.48,39678.83,40213.91,83464.85
2023-11-29,BTCUSDT,40213.91,40213.91,38435.11,38814.97,118907.65
2023-11-30,BTCUSDT,38814.97,38814.97,37258.45,37614.38,98372.59
2023-12-01,BTCUSDT,37614.38,37614.38,36715.51,36832.74,53949.14
2023-12-02,BTCUSDT,36832.74,43908.89,36832.74,42457.74,130723.05
2023-12-03,BTCUSDT,42457.74,42457.74,40709.57,41572.23,102312.41
2023-12-04,BTCUSDT,41572.23,43937.77,41572.23,42761.18,131589.72
2023-12-05,BTCUSDT,42761.18,43513.36,41641.23,42602.38,84185.18
2023-12-06,BTCUSDT,42602.38,47635.06,42602.38,46838.29,186182.75
2023-12-07,BTCUSDT,46838.29,49090.53,46833.26,47609.37,65261.83
2023-12-08,BTCUSDT,47609.37,47609.37,44550.45,45505.45,80606.37
2023-12-09,BTCUSDT,45505.45,48053.48,43073.72,44865.88,49447.08
2023-12-10,BTCUSDT,44865.88,50865.41,44865.88,50340.52,226298.55
2023-12-11,BTCUSDT,50340.52,52977.15,50340.52,52596.1,102802.27
2023-12-12,BTCUSDT,52596.1,54218.04,52596.1,52842.16,77566.88
2023-12-13,BTCUSDT,52842.16,52842.16,50854.45,51093.94,80684.23
2023-12-14,BTCUSDT,51093.94,51093.94,47947.68,49619.58,60531.54
2023-12-15,BTCUSDT,49619.58,49619.58,46994.65,47680.41,127825.17
2023-12-16,BTCUSDT,47680.41,47680.41,42634.45,44839.98,93672.22
2023-12-17,BTCUSDT,44839.98,47435.06,44839.98,46700.75,41330.99
2023-12-18,BTCUSDT,46700.75,50834.12,46700.75,48209.14,96974.57
2023-12-19,BTCUSDT,48209.14,49216.02,45498.84,48830.41,93455.47
2023-12-20,BTCUSDT,48830.41,53058.9,48830.41,52424.54,254456.23
2023-12-21,BTCUSDT,52424.54,54584.72,52424.54,54504.52,54942.69
2023-12-22,BTCUSDT,54504.52,54504.52,50931.53,51630.89,60621.41
2023-12-23,BTCUSDT,51630.89,59916.19,51630.89,59665.73,179772.75
2023-12-24,BTCUSDT,59665.73,62769.47,56607.69,60059.41,82840.83
2023-12-25,BTCUSDT,60059.41,66612.52,60059.41,62915.86,54970.27
2023-12-26,BTCUSDT,62915.86,64320.02,62657.04,63358.11,66831.01
2023-12-27,BTCUSDT,63358.11,64216.16,62631.12,64068.31,79220.4
2023-12-28,BTCUSDT,64068.31,64068.31,58784.15,60192.88,122386.26
2023-12-29,BTCUSDT,60192.88,60192.88,56404.75,59015.74,64173.51
2023-12-30,BTCUSDT,59015.74,61995.79,59015.74,60725.87,67025.95
2023-12-31,BTCUSDT,60725.87,61897.34,58856.35,60717.88,78104.47
2024-01-01,BTCUSDT,42263.12,42355.15,41143.54,42000.0,86280.26
2024-01-02,BTCUSDT,42000.0,42000.0,40243.91,41022.64,150244.97
2024-01-03,BTCUSDT,41022.64,42462.61,40810.04,40892.05,96187.33
2024-01-04,BTCUSDT,40892.05,43081.77,40892.05,41687.73,77585.24
2024-01-05,BTCUSDT,41687.73,43371.33,41243.31,42889.06,101145.23
2024-01-06,BTCUSDT,42889.06,42889.06,40708.35,40966.14,90460.64
2024-01-07,BTCUSDT,40966.14,45991.77,40966.14,45436.07,100492.16
2024-01-08,BTCUSDT,45436.07,45436.07,41874.85,44076.03,83406.07
2024-01-09,BTCUSDT,44076.03,44435.74,44002.25,44005.78,43383.56
2024-01-10,BTCUSDT,44005.78,44005.78,40415.33,42392.18,50030.15
2024-01-11,BTCUSDT,42392.18,42392.18,40944.1,41198.41,37597.2
2024-01-12,BTCUSDT,41198.41,43478.45,40750.75,41363.36,107409.82
2024-01-13,BTCUSDT,41363.36,45843.7,41363.36,44758.47,117697.32
2024-01-14,BTCUSDT,44758.47,44758.47,42506.29,43162.68,60792.14
2024-01-15,BTCUSDT,43162.68,43162.68,38536.39,39917.67,81296.74
2024-01-16,BTCUSDT,39917.67,42463.08,39917.67,41352.18,90808.61
2024-01-17,BTCUSDT,41352.18,41352.18,38514.75,39017.11,135379.27
2024-01-18,BTCUSDT,39017.11,41156.28,39017.11,39483.37,64891.13
2024-01-19,BTCUSDT,39483.37,41876.56,39483.37,40994.89,105023.76
2024-01-20,BTCUSDT,40994.89,44390.26,40994.89,43354.22,135602.25
2024-01-21,BTCUSDT,43354.22,47275.12,43354.22,46084.33,61299.41
2024-01-22,BTCUSDT,46084.33,49228.78,44875.69,48820.82,132627.94
2024-01-23,BTCUSDT,48820.82,53616.61,47508.94,50167.28,54521.94
2024-01-24,BTCUSDT,50167.28,50167.28,48807.76,48981.39,125045.14
2024-01-25,BTCUSDT,48981.39,49099.94,46029.59,46239.78,66817.65
2024-01-26,BTCUSDT,46239.78,47404.01,45349.87,46791.27,66958.84
2024-01-27,BTCUSDT,46791.27,47513.42,46209.9,47135.5,51537.57
2024-01-28,BTCUSDT,47135.5,50067.01,47135.5,49880.15,77601.15
2024-01-29,BTCUSDT,49880.15,50011.13,48158.27,49050.16,56166.81
2024-01-30,BTCUSDT,49050.16,51856.29,47874.09,50497.07,54746.49
2024-01-31,BTCUSDT,50497.07,50497.07,44867.23,46492.33,69276.16
2024-02-01,BTCUSDT,46492.33,47214.29,46414.73,46878.14,62517.45
2024-02-02,BTCUSDT,46878.14,50058.28,46597.22,47315.55,149637.19
2024-02-03,BTCUSDT,47315.55,47315.55,45155.33,46465.26,146238.54
2024-02-04,BTCUSDT,46465.26,46465.26,36879.3,38628.41,204738.29
2024-02-05,BTCUSDT,38628.41,43615.14,38628.41,42321.8,149633.74
2024-02-06,BTCUSDT,42321.8,42321.8,39196.94,40563.6,103066.35
2024-02-07,BTCUSDT,40563.6,40563.6,38791.11,39011.07,124087.66
2024-02-08,BTCUSDT,39011.07,43175.52,39011.07,42291.17,143531.75
2024-02-09,BTCUSDT,42291.17,42291.17,37513.36,37690.61,159886.71
2024-02-10,BTCUSDT,37690.61,41756.65,37690.61,39326.68,125436.13
2024-02-11,BTCUSDT,39326.68,43635.13,39229.7,40836.74,179567.35
2024-02-12,BTCUSDT,40836.74,40836.74,37776.46,39419.34,133468.11
2024-02-13,BTCUSDT,39419.34,40267.36,38715.35,39144.13,50325.87
2024-02-14,BTCUSDT,39144.13,39144.13,37234.62,37358.43,74861.75
2024-02-15,BTCUSDT,37358.43,38653.9,37358.43,37844.5,83484.18
2024-02-16,BTCUSDT,37844.5,38589.06,36744.0,37862.12,112410.11
2024-02-17,BTCUSDT,37862.12,37862.12,33362.98,34801.81,125095.03
2024-02-18,BTCUSDT,34801.81,34801.81,31089.85,32921.46,94169.01
2024-02-19,BTCUSDT,32921.46,32921.46,27521.86,28599.99,256935.39
2024-02-20,BTCUSDT,28599.99,30943.97,28599.99,30832.94,113253.08
2024-02-21,BTCUSDT,30832.94,30832.94,29048.01,30141.93,174037.13
2024-02-22,BTCUSDT,30141.93,31864.44,30141.93,31031.45,125697.54
2024-02-23,BTCUSDT,31031.45,31031.45,28546.97,29864.54,56188.66
2024-02-24,BTCUSDT,29864.54,34031.88,29864.54,32465.77,88305.06
2024-02-25,BTCUSDT,32465.77,32465.77,29653.13,30246.32,81995.7
2024-02-26,BTCUSDT,30246.32,33086.51,30246.32,32417.18,73549.41
2024-02-27,BTCUSDT,32417.18,34077.28,31268.93,32941.68,101114.02
2024-02-28,BTCUSDT,32941.68,34509.83,32941.68,34436.12,58071.45
2024-02-29,BTCUSDT,34436.12,37414.41,34436.12,37156.67,69211.65
2024-03-01,BTCUSDT,37156.67,38781.72,37156.67,38034.76,55433.56
2024-03-02,BTCUSDT,38034.76,43844.33,38034.76,41973.57,232278.04
2024-03-03,BTCUSDT,41973.57,45641.36,41973.57,45246.44,138523.76
2024-03-04,BTCUSDT,45246.44,49934.41,45246.44,47219.0,110289.2
2024-03-05,BTCUSDT,47219.0,51321.49,47219.0,50422.33,74825.81
2024-03-06,BTCUSDT,50422.33,52393.78,50422.33,50987.69,100169.6
2024-03-07,BTCUSDT,50987.69,50987.69,49069.35,49323.72,131906.91
2024-03-08,BTCUSDT,49323.72,49323.72,35381.28,35463.04,258022.91
2024-03-09,BTCUSDT,35463.04,35989.44,34755.76,35981.22,91586.44
2024-03-10,BTCUSDT,35981.22,35981.22,35448.27,35740.05,73520.39
2024-03-11,BTCUSDT,71789.37,72242.65,71454.02,72000.0,77894.39
2024-03-12,BTCUSDT,72000.0,72000.0,67698.82,70715.99,131172.77
2024-03-13,BTCUSDT,70715.99,71763.05,68849.81,71635.56,45808.53
2024-03-14,BTCUSDT,71635.56,71635.56,67709.54,68764.42,55253.37
2024-03-15,BTCUSDT,68764.42,74559.85,68764.42,71536.22,76191.85
2024-03-16,BTCUSDT,71536.22,77723.13,68798.54,71479.43,56312.79
2024-03-17,BTCUSDT,71479.43,73040.34,70901.6,72208.17,94056.69
2024-03-18,BTCUSDT,72208.17,74028.79,71074.53,73122.1,84165.13
2024-03-19,BTCUSDT,73122.1,83133.35,73122.1,80226.9,78134.16
2024-03-20,BTCUSDT,80226.9,87738.82,80226.9,87463.86,115926.69
2024-03-21,BTCUSDT,87463.86,87463.86,78124.08,78333.99,172503.68
2024-03-22,BTCUSDT,78333.99,81772.7,77074.95,78501.52,84457.7
2024-03-23,BTCUSDT,78501.52,79014.53,74256.17,76568.83,68118.97
2024-03-24,BTCUSDT,76568.83,76568.83,63354.61,65046.1,75072.16
2024-03-25,BTCUSDT,65046.1,65046.1,57443.99,59901.2,152273.49
2024-03-26,BTCUSDT,59901.2,63441.87,59901.2,62765.1,129293.37
2024-03-27,BTCUSDT,62765.1,65060.14,62765.1,63704.45,62594.32
2024-03-28,BTCUSDT,63704.45,76488.34,63704.45,71483.24,79346.51
2024-03-29,BTCUSDT,71483.24,71483.24,67269.42,69009.35,152212.71
2024-03-30,BTCUSDT,69009.35,79167.82,69009.35,73995.25,139609.05
2024-03-31,BTCUSDT,73995.25,75334.19,72493.28,73586.98,53063.69
2024-04-01,BTCUSDT,73586.98,73586.98,70295.31,70393.31,72161.31
2024-04-02,BTCUSDT,70393.31,70393.31,66405.51,69054.92,70075.87
2024-04-03,BTCUSDT,69054.92,72646.01,69054.92,69643.45,80990.29
2024-04-04,BTCUSDT,69643.45,72948.41,67662.56,67932.97,95723.11
2024-04-05,BTCUSDT,67932.97,67932.97,62029.22,63977.02,100881.71
2024-04-06,BTCUSDT,63977.02,63977.02,60183.78,61094.89,121198.97
2024-04-07,BTCUSDT,61094.89,63213.5,59475.75,63001.11,148741.01
2024-04-08,BTCUSDT,63001.11,63001.11,58502.28,59785.89,91394.88
2024-04-09,BTCUSDT,59785.89,59785.89,49505.07,50671.56,147802.04
2024-04-10,BTCUSDT,50671.56,50671.56,47822.76,49089.71,47671.29
2024-04-11,BTCUSDT,49089.71,49089.71,45710.12,46667.29,186131.89
2024-04-12,BTCUSDT,46667.29,47639.62,46593.09,47431.88,86695.13
2024-04-13,BTCUSDT,47431.88,47431.88,32147.83,32801.08,303385.68
2024-04-14,BTCUSDT,32801.08,33818.63,32801.08,33743.89,99879.49
2024-04-15,BTCUSDT,33743.89,36314.73,33743.89,35261.93,90647.9
2024-04-16,BTCUSDT,35261.93,36490.49,34733.64,35813.41,82807.67
2024-04-17,BTCUSDT,35813.41,36455.18,33129.81,35093.71,135902.32
2024-04-18,BTCUSDT,35093.71,36934.32,35093.71,35788.67,42819.35
2024-04-19,BTCUSDT,35788.67,35788.67,31769.75,32565.37,110071.99
2024-04-20,BTCUSDT,63229.13,65381.12,62058.37,64000.0,49864.29
2024-04-21,BTCUSDT,64000.0,64000.0,58161.43,62019.85,115960.86
2024-04-22,BTCUSDT,62019.85,65781.86,62019.85,65174.43,86782.68
2024-04-23,BTCUSDT,65174.43,66426.8,65174.43,65816.58,75355.11
2024-04-24,BTCUSDT,65816.58,65816.58,58582.75,61048.02,143152.84
2024-04-25,BTCUSDT,61048.02,62888.61,58486.89,60566.25,157629.53
2024-04-26,BTCUSDT,60566.25,63628.53,59512.18,62544.56,132256.17
2024-04-27,BTCUSDT,62544.56,68756.41,62544.56,67734.31,94134.68
2024-04-28,BTCUSDT,67734.31,73224.12,67734.31,72000.38,57298.01
2024-04-29,BTCUSDT,72000.38,72000.38,67831.19,71185.22,95433.53
2024-04-30,BTCUSDT,71185.22,71185.22,68200.82,69152.45,82747.14
2024-05-01,BTCUSDT,69152.45,69152.45,64288.4,66077.61,237438.91
2024-05-02,BTCUSDT,66077.61,66077.61,61840.19,63744.52,71073.63
2024-05-03,BTCUSDT,63744.52,63744.52,61009.65,61860.09,97818.38
2024-05-04,BTCUSDT,61860.09,69699.19,61860.09,66949.3,94394.45
2024-05-05,BTCUSDT,66949.3,69128.24,66949.3,68218.37,67675.5
2024-05-06,BTCUSDT,68218.37,70302.12,67431.26,69875.55,53226.41
2024-05-07,BTCUSDT,69875.55,76149.09,69875.55,73272.53,125424.89
2024-05-08,BTCUSDT,73272.53,73272.53,66942.34,68964.97,97640.41
2024-05-09,BTCUSDT,68964.97,71264.72,68964.97,69664.71,68580.18
2024-05-10,BTCUSDT,69664.71,70077.19,67395.7,68886.28,97921.18
2024-05-11,BTCUSDT,68886.28,72592.39,68886.28,72460.22,122555.64
2024-05-12,BTCUSDT,72460.22,77256.96,72460.22,74909.48,160656.1
2024-05-13,BTCUSDT,74909.48,77093.75,74909.48,75986.21,39677.12
2024-05-14,BTCUSDT,75986.21,75986.21,70754.56,73835.65,50129.91
2024-05-15,BTCUSDT,73835.65,75664.52,73835.65,75318.19,108151.62
2024-05-16,BTCUSDT,75318.19,76463.48,72543.72,76317.43,85246.71
2024-05-17,BTCUSDT,76317.43,78474.16,75230.97,76653.27,75632.97
2024-05-18,BTCUSDT,76653.27,78943.57,75210.01,78173.72,70802.39
2024-05-19,BTCUSDT,78173.72,85804.89,78173.72,84537.8,161373.51
2024-05-20,BTCUSDT,84537.8,86907.79,84537.8,86853.08,117791.13
2024-05-21,BTCUSDT,86853.08,86853.08,80729.86,85534.45,62989.34
2024-05-22,BTCUSDT,85534.45,85534.45,80606.4,82798.31,114215.51
2024-05-23,BTCUSDT,82798.31,82798.31,70807.88,71705.61,162732.13
2024-05-24,BTCUSDT,71705.61,71705.61,66377.97,69058.57,132675.4
2024-05-25,BTCUSDT,69058.57,72722.95,69047.59,70502.82,73368.86
2024-05-26,BTCUSDT,70502.82,70502.82,66507.32,68007.79,105904.78
2024-05-27,BTCUSDT,68007.79,71016.99,68007.79,69476.4,65260.21
2024-05-28,BTCUSDT,69476.4,69476.4,64624.26,66765.4,179389.93
2024-05-29,BTCUSDT,66765.4,66765.4,63774.0,64174.93,95393.63
2024-05-30,BTCUSDT,64174.93,67137.08,64174.93,65292.58,100953.94
2024-05-31,BTCUSDT,65292.58,65374.98,60846.03,63535.23,70352.6
2024-06-01,BTCUSDT,63535.23,63587.93,59620.18,62787.87,74856.13
2024-06-02,BTCUSDT,62787.87,67225.16,62787.87,66948.31,197695.57
2024-06-03,BTCUSDT,66948.31,66948.31,62745.43,64246.45,61392.05
2024-06-04,BTCUSDT,64246.45,65704.78,64246.45,65512.95,56525.76
2024-06-05,BTCUSDT,65512.95,65512.95,61832.34,62026.91,72886.66
2024-06-06,BTCUSDT,62026.91,62655.72,58935.07,62067.62,57872.87
2024-06-07,BTCUSDT,62067.62,64764.36,61778.49,61795.98,63687.03
2024-06-08,BTCUSDT,61795.98,62765.92,61200.44,61563.29,63401.83
2024-06-09,BTCUSDT,61563.29,63509.77,61563.29,62366.16,113277.87
2024-06-10,BTCUSDT,62366.16,69678.25,62366.16,69246.07,92467.55
2024-06-11,BTCUSDT,69246.07,71022.53,67734.91,68955.93,139995.73
2024-06-12,BTCUSDT,68955.93,73212.05,68955.93,70853.71,61862.34
2024-06-13,BTCUSDT,70853.71,71870.0,68571.35,69884.93,67077.14
2024-06-14,BTCUSDT,69884.93,69884.93,64598.1,67326.0,66794.67
2024-06-15,BTCUSDT,67326.0,67326.0,63246.36,64591.73,128558.72
2024-06-16,BTCUSDT,64591.73,70515.2,64591.73,70003.41,96314.83
2024-06-17,BTCUSDT,70003.41,74272.49,70003.41,72579.56,113126.89
2024-06-18,BTCUSDT,72579.56,72579.56,70375.02,70652.41,71276.66
2024-06-19,BTCUSDT,70652.41,70652.41,64704.99,65932.85,131016.96
2024-06-20,BTCUSDT,65932.85,69661.74,65932.85,69427.48,118362.36
2024-06-21,BTCUSDT,69427.48,71163.59,68801.95,69267.52,63455.93
2024-06-22,BTCUSDT,69267.52,72978.61,69267.52,71145.3,105352.18
2024-06-23,BTCUSDT,71145.3,71145.3,68810.65,69264.89,68750.98
2024-06-24,BTCUSDT,69264.89,69264.89,68242.77,68504.47,80804.85
2024-06-25,BTCUSDT,68504.47,68504.47,65932.57,66633.26,50763.38
2024-06-26,BTCUSDT,66633.26,69164.39,65817.73,67087.24,102933.11
2024-06-27,BTCUSDT,67087.24,72064.89,67087.24,69670.16,80066.46
2024-06-28,BTCUSDT,69670.16,71699.62,69670.16,71244.22,203403.21
2024-06-29,BTCUSDT,71244.22,74061.44,71244.22,73478.61,62605.96
2024-06-30,BTCUSDT,73478.61,81762.74,73478.61,79916.4,141048.22
2024-07-01,BTCUSDT,79916.4,83502.58,79916.4,82037.14,43204.1
2024-07-02,BTCUSDT,82037.14,82037.14,78703.97,79934.78,73161.19
2024-07-03,BTCUSDT,79934.78,79934.78,77134.48,77691.25,75144.22
2024-07-04,BTCUSDT,77691.25,82680.03,77691.25,80640.23,111410.21
2024-07-05,BTCUSDT,80640.23,86362.08,80640.23,83102.35,91165.26
2024-07-06,BTCUSDT,83102.35,92125.59,83102.35,89466.59,209887.99
2024-07-07,BTCUSDT,89466.59,89466.59,86147.25,86980.26,101531.91
2024-07-08,BTCUSDT,86980.26,89639.25,86980.26,88366.13,91874.91
2024-07-09,BTCUSDT,88366.13,88498.4,86127.34,87608.25,65844.92
2024-07-10,BTCUSDT,87608.25,87608.25,79878.53,82129.46,117871.11
2024-07-11,BTCUSDT,82129.46,82129.46,77859.75,79127.83,77574.78
2024-07-12,BTCUSDT,79127.83,79127.83,76795.62,78231.11,37206.61
2024-07-13,BTCUSDT,78231.11,78231.11,73859.54,74394.02,114826.97
2024-07-14,BTCUSDT,74394.02,74394.02,69925.32,72542.3,55479.68
2024-07-15,BTCUSDT,72542.3,79345.04,72542.3,77146.27,124496.6
2024-07-16,BTCUSDT,77146.27,81152.15,77146.27,80989.02,279856.21
2024-07-17,BTCUSDT,80989.02,80989.02,76745.52,79735.24,102910.79
2024-07-18,BTCUSDT,79735.24,79735.24,75674.16,77642.62,96973.75
2024-07-19,BTCUSDT,77642.62,77642.62,67219.5,68570.71,145729.85
2024-07-20,BTCUSDT,68570.71,68570.71,63984.84,64304.05,111774.64
2024-07-21,BTCUSDT,64304.05,65782.0,60926.94,64209.69,60662.26
2024-07-22,BTCUSDT,64209.69,64529.28,63184.03,64411.79,62020.34
2024-07-23,BTCUSDT,64411.79,64411.79,56189.64,58787.98,118131.19
2024-07-24,BTCUSDT,58787.98,62573.25,58210.62,58581.81,80980.23
2024-07-25,BTCUSDT,58581.81,63840.1,58381.86,60893.85,57024.38
2024-07-26,BTCUSDT,60893.85,63132.96,60893.85,61581.04,81068.76
2024-07-27,BTCUSDT,61581.04,62777.92,61581.04,62347.34,98255.84
2024-07-28,BTCUSDT,62347.34,64068.91,62161.36,62196.45,43797.44
2024-07-29,BTCUSDT,62196.45,63121.88,62196.45,63033.59,60276.64
2024-07-30,BTCUSDT,63033.59,68422.4,63033.59,66585.56,95793.66
2024-07-31,BTCUSDT,66585.56,69960.51,66376.09,67908.42,151878.18
2024-08-01,BTCUSDT,64883.13,66763.56,63001.6,65000.0,49260.39
2024-08-02,BTCUSDT,65000.0,68574.08,64786.36,65680.75,72708.75
2024-08-03,BTCUSDT,65680.75,70507.9,65680.75,69519.49,95934.86
2024-08-04,BTCUSDT,69519.49,69519.49,66899.03,67785.35,59466.85
2024-08-05,BTCUSDT,67785.35,67785.35,62267.39,64495.2,125771.67
2024-08-06,BTCUSDT,64495.2,64495.2,61085.18,63006.6,73509.7
2024-08-07,BTCUSDT,63006.6,67768.83,60054.72,64756.0,92460.15
2024-08-08,BTCUSDT,64756.0,64756.0,60977.34,62453.09,116028.11
2024-08-09,BTCUSDT,62453.09,69346.69,62453.09,67684.5,171759.77
2024-08-10,BTCUSDT,67684.5,67684.5,64775.44,64831.05,92731.79
2024-08-11,BTCUSDT,64831.05,66214.65,62712.91,65261.68,114668.14
2024-08-12,BTCUSDT,65261.68,65261.68,62132.63,62260.14,180624.01
2024-08-13,BTCUSDT,62260.14,62260.14,58103.16,58391.32,64827.67
2024-08-14,BTCUSDT,58391.32,60922.11,58391.32,60813.64,59064.98
2024-08-15,BTCUSDT,60813.64,63995.38,60813.64,62064.37,104178.21
2024-08-16,BTCUSDT,62064.37,63557.37,61922.69,63053.57,107956.01
2024-08-17,BTCUSDT,63053.57,63053.57,59008.94,60009.38,112242.13
2024-08-18,BTCUSDT,60009.38,62708.16,60009.38,62295.51,68463.56
2024-08-19,BTCUSDT,62295.51,62295.51,60554.47,61475.44,64811.66
2024-08-20,BTCUSDT,61475.44,65472.98,61475.44,65413.43,89084.85
2024-08-21,BTCUSDT,65413.43,72080.86,65413.43,67561.31,95296.16
2024-08-22,BTCUSDT,67561.31,67561.31,64919.35,66967.1,83346.25
2024-08-23,BTCUSDT,66967.1,68347.08,66256.83,67801.07,46265.97
2024-08-24,BTCUSDT,67801.07,67801.07,64675.08,66555.47,43434.55
2024-08-25,BTCUSDT,66555.47,66555.47,56935.62,59241.14,148470.28
2024-08-26,BTCUSDT,59241.14,63963.09,59241.14,62391.74,129447.31
2024-08-27,BTCUSDT,62391.74,62391.74,59232.52,59535.09,72944.11
2024-08-28,BTCUSDT,59535.09,59535.09,55933.83,57619.5,77298.22
2024-08-29,BTCUSDT,57619.5,57619.5,56444.78,56639.4,60423.4
2024-08-30,BTCUSDT,56639.4,60126.34,56639.4,58775.4,133564.3
2024-08-31,BTCUSDT,58775.4,58775.4,53589.88,55239.21,86607.83
2024-09-01,BTCUSDT,55239.21,55239.21,51645.34,52804.47,134416.82
2024-09-02,BTCUSDT,52804.47,56930.72,52804.47,55652.4,61734.48
2024-09-03,BTCUSDT,55652.4,55652.4,54450.03,55351.39,82316.91
2024-09-04,BTCUSDT,55351.39,58743.21,55351.39,57155.84,102253.41
2024-09-05,BTCUSDT,57155.84,62590.24,57155.84,61487.96,80436.75
2024-09-06,BTCUSDT,61487.96,63190.64,59910.92,60717.23,70846.67
2024-09-07,BTCUSDT,60717.23,66591.12,60717.23,64666.19,90164.81
2024-09-08,BTCUSDT,64666.19,67918.74,64666.19,67893.02,68766.05
2024-09-09,BTCUSDT,67893.02,70126.77,67893.02,68716.09,48358.18
2024-09-10,BTCUSDT,68716.09,68716.09,61834.57,63397.43,99014.16
2024-09-11,BTCUSDT,63397.43,67016.77,63397.43,65540.56,68652.37
2024-09-12,BTCUSDT,65540.56,69397.84,65540.56,67367.91,207662.92
2024-09-13,BTCUSDT,67367.91,69457.62,65375.8,67912.42,64996.01
2024-09-14,BTCUSDT,67912.42,67912.42,63085.96,63401.56,127997.44
2024-09-15,BTCUSDT,63401.56,63723.33,61998.87,62549.37,41914.74
2024-09-16,BTCUSDT,62549.37,62549.37,56147.02,57624.67,161238.48
2024-09-17,BTCUSDT,57624.67,58838.65,55460.61,57766.18,42338.94
2024-09-18,BTCUSDT,57766.18,59497.27,57766.18,59012.89,63154.66
2024-09-19,BTCUSDT,59012.89,59012.89,54278.77,57518.23,32290.0
2024-09-20,BTCUSDT,57518.23,57518.23,55169.02,55908.96,93367.43
2024-09-21,BTCUSDT,55908.96,55908.96,53496.52,55047.33,69020.49
2024-09-22,BTCUSDT,55047.33,55047.33,53372.37,53495.67,102427.83
2024-09-23,BTCUSDT,53495.67,53495.67,49846.0,51639.65,139066.42
2024-09-24,BTCUSDT,51639.65,51639.65,47285.57,47972.83,139950.56
2024-09-25,BTCUSDT,47972.83,47972.83,45887.79,46565.02,126292.43
2024-09-26,BTCUSDT,46565.02,46565.02,43569.24,43905.32,72213.46
2024-09-27,BTCUSDT,43905.32,46723.62,43905.32,46024.95,72724.41
2024-09-28,BTCUSDT,46024.95,51143.25,46024.95,48630.86,99030.29
2024-09-29,BTCUSDT,48630.86,50313.73,48630.86,49558.58,74739.54
2024-09-30,BTCUSDT,49558.58,52164.71,49558.58,51832.1,102985.05
2024-10-01,BTCUSDT,51832.1,51832.1,49360.13,50156.84,74657.1
2024-10-02,BTCUSDT,50156.84,53455.92,50156.84,51219.82,87002.71
2024-10-03,BTCUSDT,51219.82,53898.39,51219.82,52247.74,50244.26
2024-10-04,BTCUSDT,52247.74,53243.87,52181.58,52847.61,53051.72
2024-10-05,BTCUSDT,52847.61,52847.61,50128.08,51975.18,80907.17
2024-10-06,BTCUSDT,51975.18,52081.12,50370.37,51953.45,46780.56
2024-10-07,BTCUSDT,51953.45,52491.79,51953.45,52464.55,54263.77
2024-10-08,BTCUSDT,52464.55,53429.18,51874.17,52930.31,22032.84
2024-10-09,BTCUSDT,52930.31,53606.42,50312.08,50981.28,63804.83
2024-10-10,BTCUSDT,50981.28,54353.51,50981.28,53710.77,129262.64
2024-10-11,BTCUSDT,53710.77,56192.86,52409.07,53854.95,102632.28
2024-10-12,BTCUSDT,53854.95,56356.56,53854.95,55507.99,69685.08
2024-10-13,BTCUSDT,55507.99,56020.4,53782.11,54300.03,96563.83
2024-10-14,BTCUSDT,54300.03,56599.64,54300.03,55301.56,93609.35
2024-10-15,BTCUSDT,55301.56,56535.17,55249.4,55599.59,38399.1
2024-10-16,BTCUSDT,55599.59,56639.92,53605.41,53751.19,84991.21
2024-10-17,BTCUSDT,53751.19,54455.11,53164.57,53760.57,85822.26
2024-10-18,BTCUSDT,53760.57,54706.65,51902.74,53111.84,49582.65
2024-10-19,BTCUSDT,53111.84,53519.68,52201.21,52674.82,77949.34
2024-10-20,BTCUSDT,52674.82,55295.77,51265.05,54698.16,94443.97
2024-10-21,BTCUSDT,54698.16,55077.85,53435.14,54458.77,80091.38
2024-10-22,BTCUSDT,54458.77,58704.08,54458.77,56398.76,86357.84
2024-10-23,BTCUSDT,56398.76,58895.86,56398.76,57663.91,76009.52
2024-10-24,BTCUSDT,57663.91,59524.34,57490.31,57917.03,63322.88
2024-10-25,BTCUSDT,57917.03,60331.68,57917.03,60292.02,73247.94
2024-10-26,BTCUSDT,60292.02,63001.52,60292.02,62542.06,103112.21
2024-10-27,BTCUSDT,62542.06,63115.13,59509.86,62821.92,47126.75
2024-10-28,BTCUSDT,62821.92,67481.03,62666.27,63291.45,89602.22
2024-10-29,BTCUSDT,63291.45,66911.22,63291.45,65918.18,113823.42
2024-10-30,BTCUSDT,65918.18,69755.92,65918.18,67572.81,89841.76
2024-10-31,BTCUSDT,67572.81,71729.21,67572.81,71156.31,71110.29
2024-11-01,BTCUSDT,70111.92,71694.19,65981.0,70000.0,49108.57
2024-11-02,BTCUSDT,70000.0,72562.27,67066.56,69614.21,111354.36
2024-11-03,BTCUSDT,69614.21,73095.49,69614.21,72010.01,90668.05
2024-11-04,BTCUSDT,72010.01,78568.59,71799.74,75478.56,85448.34
2024-11-05,BTCUSDT,75478.56,78204.13,75478.56,78058.81,111120.28
2024-11-06,BTCUSDT,78058.81,80072.36,75740.58,78240.99,112097.71
2024-11-07,BTCUSDT,78240.99,79612.17,77568.54,78527.71,79207.59
2024-11-08,BTCUSDT,78527.71,81973.59,77596.84,79055.07,50704.99
2024-11-09,BTCUSDT,79055.07,84484.68,79055.07,84094.76,72508.94
2024-11-10,BTCUSDT,84094.76,93436.09,84094.76,89787.07,194720.75
2024-11-11,BTCUSDT,89787.07,89787.07,82152.7,82698.72,127766.82
2024-11-12,BTCUSDT,82698.72,90275.89,82698.72,86368.3,83866.1
2024-11-13,BTCUSDT,86368.3,94403.29,86368.3,92477.36,91646.5
2024-11-14,BTCUSDT,92477.36,97784.56,92477.36,93987.48,73520.9
2024-11-15,BTCUSDT,93987.48,93987.48,80242.18,81938.43,102391.5
2024-11-16,BTCUSDT,81938.43,88324.29,81938.43,83769.9,80575.54
2024-11-17,BTCUSDT,83769.9,85380.49,82273.6,82754.93,59724.32
2024-11-18,BTCUSDT,82754.93,86345.79,82754.93,84853.7,61844.6
2024-11-19,BTCUSDT,84853.7,97500.13,84853.7,92201.53,89958.7
2024-11-20,BTCUSDT,92201.53,96620.01,92201.53,95355.57,58207.58
2024-11-21,BTCUSDT,95355.57,104392.52,95355.57,103967.87,138411.03
2024-11-22,BTCUSDT,103967.87,103967.87,96188.18,100334.28,74569.48
2024-11-23,BTCUSDT,100334.28,113147.39,100334.28,106644.34,78873.34
2024-11-24,BTCUSDT,106644.34,115742.86,106644.34,111982.03,146105.69
2024-11-25,BTCUSDT,111982.03,114757.11,111982.03,113396.55,60513.65
2024-11-26,BTCUSDT,113396.55,113396.55,101303.91,103220.36,186822.3
2024-11-27,BTCUSDT,103220.36,108450.06,101368.05,104219.73,59337.29
2024-11-28,BTCUSDT,104219.73,106329.9,93709.02,101330.33,70763.71
2024-11-29,BTCUSDT,101330.33,101330.33,92547.02,93297.51,61776.78
2024-11-30,BTCUSDT,93297.51,93297.51,84952.49,91085.65,57719.44
2024-12-01,BTCUSDT,91085.65,94610.93,91085.65,94553.45,50579.49
2024-12-02,BTCUSDT,94553.45,96936.25,94553.45,96561.66,36520.83
2024-12-03,BTCUSDT,96561.66,97811.2,94836.83,97322.93,57567.44
2024-12-04,BTCUSDT,97322.93,97322.93,85299.58,85863.94,65015.05
2024-12-05,BTCUSDT,85863.94,88377.57,79409.2,85359.66,101402.9
2024-12-06,BTCUSDT,85359.66,85359.66,74801.98,78162.46,94213.12
2024-12-07,BTCUSDT,78162.46,80412.78,77375.49,79394.92,66066.46
2024-12-08,BTCUSDT,79394.92,83470.09,79394.92,82628.17,100257.01
2024-12-09,BTCUSDT,82628.17,91369.72,82628.17,87595.15,113387.39
2024-12-10,BTCUSDT,87595.15,92611.69,83245.27,86787.94,67381.13
2024-12-11,BTCUSDT,86787.94,93901.07,86787.94,90468.12,70933.52
2024-12-12,BTCUSDT,90468.12,90468.12,85796.02,90223.42,74187.86
2024-12-13,BTCUSDT,90223.42,90223.42,80994.42,85178.96,68715.57
2024-12-14,BTCUSDT,85178.96,85178.96,81917.0,83894.08,55619.84
2024-12-15,BTCUSDT,83894.08,85626.78,83791.6,84557.91,54988.66
2024-12-16,BTCUSDT,84557.91,90538.57,84296.34,90024.35,100366.38
2024-12-17,BTCUSDT,90024.35,90024.35,89464.86,89548.79,53984.95
2024-12-18,BTCUSDT,108348.7,108348.7,102826.96,106000.0,33744.12
2024-12-19,BTCUSDT,106000.0,108076.33,102424.76,105564.83,51829.75
2024-12-20,BTCUSDT,105564.83,109553.11,100711.76,103014.84,32931.84
2024-12-21,BTCUSDT,103014.84,103014.84,90118.64,91961.21,83811.96
2024-12-22,BTCUSDT,91961.21,95169.76,91961.21,94985.64,77039.38
2024-12-23,BTCUSDT,94985.64,94985.64,82445.83,87588.43,156010.76
2024-12-24,BTCUSDT,87588.43,89243.41,81517.0,84697.67,89374.67
2024-12-25,BTCUSDT,84697.67,96601.12,84697.67,92539.42,71801.2
2024-12-26,BTCUSDT,92539.42,100179.83,92539.42,100169.64,121094.86
2024-12-27,BTCUSDT,100169.64,105385.67,99809.62,100814.13,54574.12
2024-12-28,BTCUSDT,100814.13,101574.96,94599.71,99739.66,75105.52
2024-12-29,BTCUSDT,99739.66,102118.95,91112.52,98651.73,94510.64
2024-12-30,BTCUSDT,98651.73,98651.73,79298.98,80966.33,317160.71
2024-12-31,BTCUSDT,80966.33,80966.33,72547.05,75013.28,124200.05
2025-01-01,BTCUSDT,92744.53,94369.78,91082.42,93000.0,43812.26
2025-01-02,BTCUSDT,93000.0,94125.21,88391.86,93542.29,49759.36
2025-01-03,BTCUSDT,93542.29,93542.29,85343.73,88724.2,74719.42
2025-01-04,BTCUSDT,88724.2,88724.2,84504.97,85530.38,78335.97
2025-01-05,BTCUSDT,85530.38,91613.58,85530.38,89737.79,76104.7
2025-01-06,BTCUSDT,89737.79,90974.56,85329.98,90097.79,66597.09
2025-01-07,BTCUSDT,90097.79,97882.41,90097.79,97347.67,86039.8
2025-01-08,BTCUSDT,97347.67,103999.93,97347.67,102106.99,123665.19
2025-01-09,BTCUSDT,102106.99,102106.99,99608.96,100289.44,105931.77
2025-01-10,BTCUSDT,100289.44,100289.44,97526.5,97911.59,92645.96
2025-01-11,BTCUSDT,97911.59,106559.13,97911.59,106345.89,169151.56
2025-01-12,BTCUSDT,106345.89,107573.54,101787.42,103112.69,147324.99
2025-01-13,BTCUSDT,103112.69,103112.69,88282.04,89402.96,163614.03
2025-01-14,BTCUSDT,89402.96,92325.33,85358.4,89639.17,141964.05
2025-01-15,BTCUSDT,89639.17,93045.66,89639.17,92780.93,113753.25
2025-01-16,BTCUSDT,92780.93,92780.93,89379.56,89440.49,93220.16
2025-01-17,BTCUSDT,89440.49,89440.49,83330.82,85023.49,124835.57
2025-01-18,BTCUSDT,85023.49,86459.47,82836.31,83116.1,48852.21
2025-01-19,BTCUSDT,83116.1,90728.26,83116.1,86240.9,122331.6
2025-01-20,BTCUSDT,86240.9,87003.51,80298.17,82963.53,197100.76
2025-01-21,BTCUSDT,82963.53,82963.53,81058.59,81335.5,57394.81
2025-01-22,BTCUSDT,81335.5,83503.19,78464.91,81584.01,83617.32
2025-01-23,BTCUSDT,81584.01,84103.49,81584.01,82432.54,81267.06
2025-01-24,BTCUSDT,82432.54,83478.59,78373.7,82177.24,114829.35
2025-01-25,BTCUSDT,82177.24,84338.46,82177.24,82511.17,59719.85
2025-01-26,BTCUSDT,82511.17,82511.17,75320.47,77602.9,74260.72
2025-01-27,BTCUSDT,77602.9,77602.9,75002.88,75732.15,128619.96
2025-01-28,BTCUSDT,75732.15,84736.88,75732.15,83816.77,101791.67
2025-01-29,BTCUSDT,83816.77,83816.77,80161.86,81520.94,74965.06
2025-01-30,BTCUSDT,81520.94,81520.94,75508.95,78220.3,149375.56
2025-01-31,BTCUSDT,78220.3,80691.85,78220.3,79147.18,35505.6
2025-02-01,BTCUSDT,79147.18,85111.22,79147.18,82054.27,48760.0
2025-02-02,BTCUSDT,82054.27,89331.57,82054.27,86005.46,63100.33
2025-02-03,BTCUSDT,86005.46,86005.46,84308.59,85196.19,97875.62
2025-02-04,BTCUSDT,85196.19,90830.19,85196.19,89988.64,126936.58
2025-02-05,BTCUSDT,89988.64,89988.64,83227.5,85613.55,100476.47
2025-02-06,BTCUSDT,85613.55,90336.99,85613.55,90329.84,82690.13
2025-02-07,BTCUSDT,90329.84,91827.34,87722.16,90041.17,122807.25
2025-02-08,BTCUSDT,90041.17,90041.17,78184.32,81362.62,157820.54
2025-02-09,BTCUSDT,81362.62,84727.5,81362.62,84422.81,36711.79
2025-02-10,BTCUSDT,84422.81,90288.83,84422.81,88056.79,163551.18
2025-02-11,BTCUSDT,88056.79,91099.81,88056.79,89690.21,72285.04
2025-02-12,BTCUSDT,89690.21,93205.81,88286.05,89949.14,73935.89
2025-02-13,BTCUSDT,89949.14,89949.14,86255.09,88573.26,95746.49
2025-02-14,BTCUSDT,88573.26,93053.6,88488.23,89466.48,44854.59
2025-02-15,BTCUSDT,89466.48,91089.9,87514.55,88733.35,93636.63
2025-02-16,BTCUSDT,88733.35,90675.79,85811.39,88152.04,95937.84
2025-02-17,BTCUSDT,88152.04,89982.85,85766.29,89590.9,62027.68
2025-02-18,BTCUSDT,89590.9,103352.64,89590.9,100271.98,140944.32
2025-02-19,BTCUSDT,100271.98,100271.98,88600.8,93308.86,112922.14
2025-02-20,BTCUSDT,93308.86,93308.86,87683.4,89143.44,109247.09
2025-02-21,BTCUSDT,89143.44,89143.44,85745.2,88360.76,45042.96
2025-02-22,BTCUSDT,88360.76,88360.76,82079.0,86937.5,48062.6
2025-02-23,BTCUSDT,86937.5,88002.09,84366.65,87172.03,53891.87
2025-02-24,BTCUSDT,87172.03,87172.03,82840.9,83855.56,95119.46
2025-02-25,BTCUSDT,83855.56,87322.45,83855.56,85668.86,45886.39
2025-02-26,BTCUSDT,85668.86,85668.86,80300.4,81613.78,114301.43
2025-02-27,BTCUSDT,81613.78,81716.19,79800.14,81141.96,49703.72
2025-02-28,BTCUSDT,81141.96,86758.21,81141.96,84094.71,64153.72
2025-03-01,BTCUSDT,84094.71,89228.11,84094.71,88964.09,161545.93
2025-03-02,BTCUSDT,88964.09,88964.09,84235.29,87662.32,91078.68
2025-03-03,BTCUSDT,87662.32,93334.9,87662.32,91210.17,85610.24
2025-03-04,BTCUSDT,91210.17,91210.17,87961.28,88894.14,66624.96
2025-03-05,BTCUSDT,88894.14,95274.88,88894.14,89285.41,64570.87
2025-03-06,BTCUSDT,89285.41,89285.41,84797.25,85650.81,131702.87
2025-03-07,BTCUSDT,85650.81,87849.18,83596.61,84762.9,101138.09
2025-03-08,BTCUSDT,84762.9,86809.05,82923.4,84149.28,64489.86
2025-03-09,BTCUSDT,84149.28,87292.28,84149.28,87162.45,48005.91
2025-03-10,BTCUSDT,87162.45,89093.01,81832.03,84473.84,121279.55
2025-03-11,BTCUSDT,84473.84,84763.93,79988.68,81842.45,87684.88
2025-03-12,BTCUSDT,81842.45,83821.56,80992.11,83534.31,97373.78
2025-03-13,BTCUSDT,83534.31,87335.79,82167.6,84850.03,61134.04
2025-03-14,BTCUSDT,84850.03,97576.37,84850.03,95340.9,153574.14
2025-03-15,BTCUSDT,95340.9,103216.8,93454.97,97959.06,180673.31
2025-03-16,BTCUSDT,97959.06,97959.06,92066.95,94104.14,112629.29
2025-03-17,BTCUSDT,94104.14,94104.14,84975.22,87402.15,83564.38
2025-03-18,BTCUSDT,87402.15,89240.2,87402.15,89072.17,81588.84
2025-03-19,BTCUSDT,89072.17,89072.17,82909.05,83765.3,106118.09
2025-03-20,BTCUSDT,83765.3,83765.3,79606.71,80223.67,138413.19
2025-03-21,BTCUSDT,80223.67,80374.37,79000.84,79346.77,114946.79
2025-03-22,BTCUSDT,79346.77,79346.77,75012.42,75295.24,153213.31
2025-03-23,BTCUSDT,75295.24,77870.36,74082.24,74940.31,106234.54
2025-03-24,BTCUSDT,74940.31,79049.05,74115.38,74166.56,57233.9
2025-03-25,BTCUSDT,74166.56,74166.56,68373.8,71557.91,114174.19
2025-03-26,BTCUSDT,71557.91,76660.09,71557.91,75070.86,269091.6
2025-03-27,BTCUSDT,75070.86,75070.86,64818.36,69201.71,140157.41
2025-03-28,BTCUSDT,69201.71,69462.92,65139.48,66620.68,86189.45
2025-03-29,BTCUSDT,66620.68,69687.62,66203.57,67979.7,106043.41
2025-03-30,BTCUSDT,67979.7,71677.09,67979.7,70478.97,48560.43
2025-03-31,BTCUSDT,70478.97,70478.97,69882.06,70330.68,113904.0
2025-04-01,BTCUSDT,110949.91,112243.07,109320.53,110000.0,102861.42
2025-04-02,BTCUSDT,110000.0,110000.0,103857.89,104237.63,119648.82
2025-04-03,BTCUSDT,104237.63,106950.37,99543.74,105803.25,46491.0
2025-04-04,BTCUSDT,105803.25,113027.56,105803.25,111454.12,125051.1
2025-04-05,BTCUSDT,111454.12,111454.12,93209.85,97241.15,160796.27
2025-04-06,BTCUSDT,97241.15,99781.98,89643.9,95323.06,70918.02
2025-04-07,BTCUSDT,95323.06,95323.06,89439.96,92521.58,51967.35
2025-04-08,BTCUSDT,92521.58,92521.58,87804.28,90823.82,102148.92
2025-04-09,BTCUSDT,90823.82,90823.82,85958.24,86203.96,88632.71
2025-04-10,BTCUSDT,86203.96,86722.23,84506.44,85588.68,54897.19
2025-04-11,BTCUSDT,85588.68,85588.68,81503.24,82708.38,118315.08
2025-04-12,BTCUSDT,82708.38,82708.38,76527.25,77403.97,138123.31
2025-04-13,BTCUSDT,77403.97,79538.56,77403.97,78944.14,103756.96
2025-04-14,BTCUSDT,78944.14,83814.41,78944.14,83807.06,195557.44
2025-04-15,BTCUSDT,83807.06,89854.31,80140.01,83317.21,62184.73
2025-04-16,BTCUSDT,83317.21,90415.97,83317.21,86406.45,81495.4
2025-04-17,BTCUSDT,86406.45,95689.63,86406.45,89199.19,129414.16
2025-04-18,BTCUSDT,89199.19,100008.32,89199.19,96183.05,143041.88
2025-04-19,BTCUSDT,96183.05,99461.83,96183.05,99181.92,66129.4
2025-04-20,BTCUSDT,99181.92,103426.66,97105.07,99258.43,47204.23
2025-04-21,BTCUSDT,99258.43,103449.11,94714.75,97345.34,41932.63
2025-04-22,BTCUSDT,97345.34,101303.83,89847.51,93533.93,98044.21
2025-04-23,BTCUSDT,93533.93,94774.7,92483.07,93177.71,55866.46
2025-04-24,BTCUSDT,93177.71,100199.36,93177.71,97290.75,53741.38
2025-04-25,BTCUSDT,97290.75,105095.25,97290.75,103754.97,90649.8
2025-04-26,BTCUSDT,103754.97,103754.97,98852.27,99803.15,69371.75
2025-04-27,BTCUSDT,99803.15,99803.15,95846.61,96780.63,112739.29
2025-04-28,BTCUSDT,96780.63,105149.58,96780.63,102181.03,85025.19
2025-04-29,BTCUSDT,102181.03,112597.66,102181.03,110539.53,135359.13
2025-04-30,BTCUSDT,110539.53,110539.53,99711.05,100420.49,36280.64
2025-05-01,BTCUSDT,100420.49,103817.23,96569.5,99993.1,63042.18
2025-05-02,BTCUSDT,99993.1,103433.44,99993.1,103072.11,69028.7
2025-05-03,BTCUSDT,103072.11,106263.94,103008.26,105658.13,83279.69
2025-05-04,BTCUSDT,105658.13,105658.13,96610.81,97035.65,175928.4
2025-05-05,BTCUSDT,97035.65,98037.78,92069.03,96636.84,108272.61
2025-05-06,BTCUSDT,96636.84,97877.86,93413.59,94669.59,91250.75
2025-05-07,BTCUSDT,94669.59,94669.59,85233.57,88167.32,112034.49
2025-05-08,BTCUSDT,88167.32,93041.52,88167.32,91200.97,83607.68
2025-05-09,BTCUSDT,91200.97,98724.72,91200.97,97052.08,154097.33
2025-05-10,BTCUSDT,97052.08,99513.92,94996.93,97082.39,65610.37
2025-05-11,BTCUSDT,97082.39,97082.39,91901.09,95205.25,80763.43
2025-05-12,BTCUSDT,95205.25,96768.53,93569.18,95501.38,78234.97
2025-05-13,BTCUSDT,95501.38,99365.21,95501.38,99165.34,63219.58
2025-05-14,BTCUSDT,99165.34,99165.34,87841.23,89327.25,132471.5
2025-05-15,BTCUSDT,89327.25,99424.05,89327.25,95484.76,78897.03
2025-05-16,BTCUSDT,95484.76,95484.76,89309.7,92141.36,68813.32
2025-05-17,BTCUSDT,92141.36,95014.14,92141.36,93279.63,77167.38
2025-05-18,BTCUSDT,93279.63,93837.22,91467.62,93270.67,68462.62
2025-05-19,BTCUSDT,93270.67,93270.67,89515.39,90249.02,142949.09
2025-05-20,BTCUSDT,90249.02,101701.14,90249.02,98418.51,108697.91
2025-05-21,BTCUSDT,98418.51,101909.72,95844.08,101853.12,93092.1
2025-05-22,BTCUSDT,101853.12,107763.36,101853.12,107516.61,161136.81
2025-05-23,BTCUSDT,107516.61,107516.61,92043.82,94245.27,294120.31
2025-05-24,BTCUSDT,94245.27,107691.29,94245.27,103758.12,206821.55
2025-05-25,BTCUSDT,103758.12,105756.29,103608.35,104625.95,62383.5
2025-05-26,BTCUSDT,104625.95,104625.95,89381.01,96101.36,119026.85
2025-05-27,BTCUSDT,96101.36,96101.36,85466.63,85477.61,129076.68
2025-05-28,BTCUSDT,85477.61,85477.61,78749.92,81718.95,72562.56
2025-05-29,BTCUSDT,81718.95,89525.59,81718.95,88440.05,86170.36
2025-05-30,BTCUSDT,88440.05,90942.02,88440.05,90265.24,67330.9
2025-05-31,BTCUSDT,90265.24,90265.24,85942.32,87329.06,60492.3
2025-06-01,BTCUSDT,87329.06,88360.95,82676.27,83759.66,151569.61
2025-06-02,BTCUSDT,83759.66,87470.37,83759.66,86120.3,47946.78
2025-06-03,BTCUSDT,86120.3,88208.24,82211.88,85246.94,50117.99
2025-06-04,BTCUSDT,85246.94,93007.94,85246.94,91250.88,247880.19
2025-06-05,BTCUSDT,91250.88,91250.88,82454.91,84712.5,60251.99
2025-06-06,BTCUSDT,84712.5,85352.64,79816.61,82426.28,109171.02
2025-06-07,BTCUSDT,82426.28,87199.24,82426.28,84964.41,111107.46
2025-06-08,BTCUSDT,84964.41,89904.55,84964.41,85601.28,78837.7
2025-06-09,BTCUSDT,85601.28,85903.5,83226.58,83412.95,52647.25
2025-06-10,BTCUSDT,83412.95,83412.95,79832.35,80527.1,115988.47
2025-06-11,BTCUSDT,80527.1,80828.33,76557.36,78092.96,75692.27
2025-06-12,BTCUSDT,78092.96,83329.16,78092.96,82525.2,112038.3
2025-06-13,BTCUSDT,82525.2,82525.2,77890.09,81198.35,94282.51
2025-06-14,BTCUSDT,81198.35,85477.51,80802.76,83151.95,41657.16
2025-06-15,BTCUSDT,83151.95,90611.22,83151.95,85618.86,79757.0
2025-06-16,BTCUSDT,85618.86,85618.86,77125.71,79383.13,171553.19
2025-06-17,BTCUSDT,79383.13,79383.13,74041.71,75781.98,115084.14
2025-06-18,BTCUSDT,75781.98,75781.98,72781.05,73103.59,104479.09
2025-06-19,BTCUSDT,73103.59,73264.97,71823.14,72161.7,78678.14
2025-06-20,BTCUSDT,72161.7,72161.7,68884.22,69465.53,94563.54
2025-06-21,BTCUSDT,69465.53,70308.73,66007.89,67362.54,94800.79
2025-06-22,BTCUSDT,67362.54,73663.72,67362.54,68177.74,87021.72
2025-06-23,BTCUSDT,68177.74,68177.74,61252.16,65293.57,76747.32
2025-06-24,BTCUSDT,65293.57,69394.4,65293.57,68397.99,85456.15
2025-06-25,BTCUSDT,68397.99,73672.42,68397.99,71830.18,63115.65
2025-06-26,BTCUSDT,71830.18,74632.96,71830.18,72178.61,54462.73
2025-06-27,BTCUSDT,72178.61,81055.22,72178.61,77414.45,119065.11
2025-06-28,BTCUSDT,77414.45,77414.45,73501.69,75422.09,87250.56
2025-06-29,BTCUSDT,75422.09,84941.57,75422.09,79867.86,108230.38
2025-06-30,BTCUSDT,79867.86,79867.86,76092.93,76179.94,192442.76
2025-07-01,BTCUSDT,83633.77,85518.22,83633.77,85000.0,43607.63
2025-07-02,BTCUSDT,85000.0,85367.88,82815.04,83726.67,60039.07
2025-07-03,BTCUSDT,83726.67,83726.67,76806.47,77101.55,88554.18
2025-07-04,BTCUSDT,77101.55,79540.31,76402.61,77106.47,102616.14
2025-07-05,BTCUSDT,77106.47,80737.64,75670.02,76965.63,79453.95
2025-07-06,BTCUSDT,76965.63,79022.12,75384.76,75577.01,54268.08
2025-07-07,BTCUSDT,75577.01,75577.01,73086.57,74444.16,79933.41
2025-07-08,BTCUSDT,74444.16,74444.16,67582.93,70338.83,197171.5
2025-07-09,BTCUSDT,70338.83,74796.01,70338.83,74170.43,102249.57
2025-07-10,BTCUSDT,74170.43,74170.43,68533.22,69063.79,107092.67
2025-07-11,BTCUSDT,69063.79,69063.79,63351.43,63728.4,131960.66
2025-07-12,BTCUSDT,63728.4,63956.71,60810.59,63559.27,60313.14
2025-07-13,BTCUSDT,63559.27,63559.27,61538.41,62626.61,90710.93
2025-07-14,BTCUSDT,62626.61,63138.82,59710.14,61814.67,59983.82
2025-07-15,BTCUSDT,61814.67,63574.51,59812.61,61426.99,48868.42
2025-07-16,BTCUSDT,61426.99,64024.98,61426.99,62514.1,116091.21
2025-07-17,BTCUSDT,62514.1,63708.27,62514.1,63460.43,53722.07
2025-07-18,BTCUSDT,63460.43,67020.39,63460.43,65235.62,89570.92
2025-07-19,BTCUSDT,65235.62,65569.11,63880.37,64047.29,96950.83
2025-07-20,BTCUSDT,64047.29,66533.04,64047.29,65889.66,185328.66
2025-07-21,BTCUSDT,65889.66,67311.69,65429.38,66855.31,54786.83
2025-07-22,BTCUSDT,66855.31,67304.75,66011.93,66822.78,105531.02
2025-07-23,BTCUSDT,66822.78,70604.81,66822.78,68620.96,125274.16
2025-07-24,BTCUSDT,68620.96,74096.95,68620.96,72845.34,146403.23
2025-07-25,BTCUSDT,72845.34,74930.62,72812.35,73500.7,59083.86
2025-07-26,BTCUSDT,73500.7,73500.7,70332.54,70429.27,46750.8
2025-07-27,BTCUSDT,70429.27,70429.27,68562.33,69194.76,117122.71
2025-07-28,BTCUSDT,69194.76,69194.76,68123.28,68393.47,76436.47
2025-07-29,BTCUSDT,68393.47,73936.31,68393.47,72638.45,79432.64
2025-07-30,BTCUSDT,72638.45,72842.15,70835.3,71318.97,76996.47
2025-07-31,BTCUSDT,71318.97,71318.97,65815.26,66672.51,129397.64
2025-08-01,BTCUSDT,66672.51,69271.08,66355.34,67232.31,51684.22
2025-08-02,BTCUSDT,67232.31,67232.31,61953.07,63931.9,81202.98
2025-08-03,BTCUSDT,63931.9,63931.9,60216.15,60485.45,111830.83
2025-08-04,BTCUSDT,60485.45,67535.9,60485.45,66345.53,133916.09
2025-08-05,BTCUSDT,66345.53,66345.53,62583.91,62782.13,109017.75
2025-08-06,BTCUSDT,62782.13,65834.97,62782.13,64958.81,125783.85
2025-08-07,BTCUSDT,64958.81,69557.81,64958.81,69498.3,118064.94
2025-08-08,BTCUSDT,69498.3,69498.3,65073.63,66098.93,171904.62
2025-08-09,BTCUSDT,66098.93,72394.67,66098.93,69123.29,99104.26
2025-08-10,BTCUSDT,69123.29,71047.66,68964.29,70417.24,106046.9
2025-08-11,BTCUSDT,70417.24,72512.96,70417.24,71358.79,130790.97
2025-08-12,BTCUSDT,71358.79,71358.79,66793.86,67005.99,120415.94
2025-08-13,BTCUSDT,67005.99,68034.47,66633.41,67656.46,184037.04
2025-08-14,BTCUSDT,67656.46,72405.44,67533.14,69429.36,54144.65
2025-08-15,BTCUSDT,69429.36,71695.79,69429.36,71381.75,88337.82
2025-08-16,BTCUSDT,71381.75,73990.99,70179.73,70850.03,83290.72
2025-08-17,BTCUSDT,70850.03,73505.61,69098.12,72482.28,88661.32
2025-08-18,BTCUSDT,72482.28,76297.37,72482.28,75117.08,86213.92
2025-08-19,BTCUSDT,75117.08,75117.08,67267.52,69887.41,124407.39
2025-08-20,BTCUSDT,69887.41,72198.58,69660.59,71480.39,72186.84
2025-08-21,BTCUSDT,71480.39,71480.39,68910.95,69607.19,129262.92
2025-08-22,BTCUSDT,69607.19,71368.04,68879.43,69631.84,60061.69
2025-08-23,BTCUSDT,69631.84,73782.26,69631.84,71857.22,82140.56
2025-08-24,BTCUSDT,71857.22,71857.22,66380.31,68693.69,55316.7
2025-08-25,BTCUSDT,68693.69,68846.44,68130.16,68820.82,78670.89
2025-08-26,BTCUSDT,68820.82,72209.38,68732.7,69901.16,75029.05
2025-08-27,BTCUSDT,69901.16,69901.16,67036.83,68097.69,56021.19
2025-08-28,BTCUSDT,68097.69,68235.29,65784.31,67495.18,61705.94
2025-08-29,BTCUSDT,67495.18,69297.17,63181.04,65707.41,48554.69
2025-08-30,BTCUSDT,65707.41,72862.12,65707.41,71588.39,106473.76
2025-08-31,BTCUSDT,71588.39,71588.39,68987.44,69853.36,61412.62
2025-09-01,BTCUSDT,69853.36,69853.36,68450.9,68618.1,74743.48
2025-09-02,BTCUSDT,68618.1,71280.41,68618.1,70951.82,64749.59
2025-09-03,BTCUSDT,70951.82,70951.82,68719.82,68749.2,71677.64
2025-09-04,BTCUSDT,68749.2,69494.94,66231.83,68250.19,75340.21
2025-09-05,BTCUSDT,68250.19,68250.19,64867.04,65400.09,138929.74
2025-09-06,BTCUSDT,65400.09,65400.09,60747.99,62354.06,68036.09
2025-09-07,BTCUSDT,62354.06,62354.06,56007.04,60185.67,179550.44
2025-09-08,BTCUSDT,60185.67,60185.67,56061.57,57412.55,75329.85
2025-09-09,BTCUSDT,57412.55,59708.51,54735.96,57737.67,59233.92
2025-09-10,BTCUSDT,57737.67,57737.67,52020.67,52040.47,112150.61
2025-09-11,BTCUSDT,52040.47,52496.0,49462.96,51897.25,42931.82
2025-09-12,BTCUSDT,51897.25,52984.65,51140.95,52114.33,49530.21
2025-09-13,BTCUSDT,52114.33,53195.66,51464.98,52625.02,93146.19
2025-09-14,BTCUSDT,52625.02,56006.37,52625.02,55504.34,129570.81
2025-09-15,BTCUSDT,55504.34,59268.72,55504.34,59085.37,226038.52
2025-09-16,BTCUSDT,59085.37,65456.6,59085.37,62820.41,64971.6
2025-09-17,BTCUSDT,62820.41,64316.41,62820.41,64182.56,68482.15
2025-09-18,BTCUSDT,64182.56,64182.56,60631.97,62613.59,64290.53
2025-09-19,BTCUSDT,62613.59,62613.59,57150.71,60084.74,186405.02
2025-09-20,BTCUSDT,60084.74,60084.74,54518.8,56905.6,92148.16
2025-09-21,BTCUSDT,56905.6,58934.19,56905.6,58119.31,65557.66
2025-09-22,BTCUSDT,58119.31,58871.67,55876.53,58265.85,57483.23
2025-09-23,BTCUSDT,58265.85,61374.61,56723.17,57881.06,50906.13
2025-09-24,BTCUSDT,57881.06,61568.39,57881.06,59908.23,59781.49
2025-09-25,BTCUSDT,59908.23,60232.24,59194.33,60014.27,70859.85
2025-09-26,BTCUSDT,60014.27,65959.65,60014.27,65407.96,246251.34
2025-09-27,BTCUSDT,65407.96,65407.96,60821.4,61990.14,81656.92
2025-09-28,BTCUSDT,61990.14,64574.99,59935.37,62426.41,38145.28
2025-09-29,BTCUSDT,62426.41,62426.41,58239.91,58431.1,166761.46
2025-09-30,BTCUSDT,58431.1,61308.07,58431.1,60237.53,82463.57
2025-10-01,BTCUSDT,95873.12,96569.72,91349.1,95000.0,46395.13
2025-10-02,BTCUSDT,95000.0,96151.24,93940.85,95975.47,54012.23
2025-10-03,BTCUSDT,95975.47,95975.47,88966.5,89768.42,264378.4
2025-10-04,BTCUSDT,89768.42,96586.51,88264.4,93655.32,87129.08
2025-10-05,BTCUSDT,93655.32,95821.51,93655.32,95714.15,71688.71
2025-10-06,BTCUSDT,95714.15,95714.15,91437.23,93042.76,85201.57
2025-10-07,BTCUSDT,93042.76,102921.54,93042.76,98283.18,81209.72
2025-10-08,BTCUSDT,98283.18,107650.77,98283.18,105927.59,91801.11
2025-10-09,BTCUSDT,105927.59,108451.36,105927.59,107494.03,64997.2
2025-10-10,BTCUSDT,107494.03,110592.95,106702.26,107823.57,75503.33
2025-10-11,BTCUSDT,107823.57,107823.57,101579.24,101795.75,110729.02
2025-10-12,BTCUSDT,101795.75,102104.74,100225.77,101486.34,49063.65
2025-10-13,BTCUSDT,101486.34,101486.34,92293.56,97604.45,68830.15
2025-10-14,BTCUSDT,97604.45,97901.01,95375.42,97534.2,63252.94
2025-10-15,BTCUSDT,97534.2,104837.51,97484.2,102472.27,79966.8
2025-10-16,BTCUSDT,102472.27,105912.09,102472.27,105796.44,72777.62
2025-10-17,BTCUSDT,105796.44,118655.97,105796.44,118610.22,156199.95
2025-10-18,BTCUSDT,118610.22,130753.98,118610.22,125467.08,78948.49
2025-10-19,BTCUSDT,125467.08,129141.83,119075.7,124645.39,56138.65
2025-10-20,BTCUSDT,124645.39,124645.39,116362.48,118780.16,63563.54
2025-10-21,BTCUSDT,118780.16,118780.16,115806.64,117797.41,81697.92
2025-10-22,BTCUSDT,117797.41,122561.33,114367.25,119561.71,76564.6
2025-10-23,BTCUSDT,119561.71,129504.23,119561.71,126749.69,156267.59
2025-10-24,BTCUSDT,126749.69,132899.42,126749.69,132004.93,104327.6
2025-10-25,BTCUSDT,132004.93,132004.93,120223.79,123907.96,86381.98
2025-10-26,BTCUSDT,123907.96,128582.03,121907.06,125592.34,101955.18
2025-10-27,BTCUSDT,125592.34,132128.92,125592.34,131891.21,154269.84
2025-10-28,BTCUSDT,131891.21,145782.21,131891.21,140309.98,198792.6
2025-10-29,BTCUSDT,140309.98,150501.04,140309.98,147898.63,116542.7
2025-10-30,BTCUSDT,147898.63,147898.63,143450.23,144379.08,65261.28
2025-10-31,BTCUSDT,144379.08,146639.83,135523.74,141225.34,79121.52
2025-11-01,BTCUSDT,141225.34,156296.15,141225.34,153459.5,216345.3
2025-11-02,BTCUSDT,153459.5,153459.5,150326.25,151314.43,94120.18
2025-11-03,BTCUSDT,151314.43,163469.59,151314.43,162957.08,132891.98
2025-11-04,BTCUSDT,162957.08,162957.08,150759.4,157636.6,95504.95
2025-11-05,BTCUSDT,157636.6,160569.07,154479.69,157515.74,110668.31
2025-11-06,BTCUSDT,157515.74,157515.74,143082.46,145574.69,114449.25
2025-11-07,BTCUSDT,145574.69,148992.44,141981.66,145031.43,90127.32
2025-11-08,BTCUSDT,145031.43,145031.43,140595.65,140781.92,94585.49
2025-11-09,BTCUSDT,140781.92,145888.49,140781.92,145396.27,78920.26
2025-11-10,BTCUSDT,145396.27,151518.97,145396.27,150105.01,105861.23
2025-11-11,BTCUSDT,150105.01,156412.75,147352.07,153654.33,37574.24
2025-11-12,BTCUSDT,153654.33,153654.33,148411.28,149435.97,149585.39
2025-11-13,BTCUSDT,149435.97,173293.87,149435.97,172075.68,111114.63
2025-11-14,BTCUSDT,172075.68,173334.45,169683.28,169876.25,75210.6
2025-11-15,BTCUSDT,169876.25,169876.25,156408.12,163030.28,141770.67
2025-11-16,BTCUSDT,163030.28,166634.8,160093.28,162543.33,76514.44
2025-11-17,BTCUSDT,162543.33,162543.33,152916.57,158198.86,71842.19
2025-11-18,BTCUSDT,158198.86,171881.62,158198.86,165566.59,106712.3
2025-11-19,BTCUSDT,165566.59,165566.59,156298.44,157805.88,158034.42
2025-11-20,BTCUSDT,157805.88,161313.49,153915.43,159429.54,100447.72
2025-11-21,BTCUSDT,159429.54,159429.54,150076.7,151263.96,113778.97
2025-11-22,BTCUSDT,151263.96,164535.29,151263.96,162077.08,169061.81
2025-11-23,BTCUSDT,162077.08,165257.67,153592.07,159335.81,68452.57
2025-11-24,BTCUSDT,159335.81,171128.14,159335.81,170025.83,91925.04
2025-11-25,BTCUSDT,170025.83,188061.62,170025.83,181791.14,83172.77
2025-11-26,BTCUSDT,181791.14,181791.14,176354.17,176816.53,108921.88
2025-11-27,BTCUSDT,176816.53,181438.89,175003.94,180112.84,83932.63
2025-11-28,BTCUSDT,180112.84,184325.65,178368.55,182582.79,134270.16
2025-11-29,BTCUSDT,182582.79,182582.79,172864.58,176654.53,114382.91
2025-11-30,BTCUSDT,176654.53,191284.62,176654.53,186769.45,220416.48
2025-12-01,BTCUSDT,186769.45,189105.38,184977.0,185539.02,42388.14
2025-12-02,BTCUSDT,185539.02,185539.02,165126.22,173110.85,131177.54
2025-12-03,BTCUSDT,173110.85,178303.26,173110.85,177014.43,59709.1
2025-12-04,BTCUSDT,177014.43,177014.43,158896.99,162753.45,202113.72
2025-12-05,BTCUSDT,162753.45,173667.35,160141.0,162607.31,45639.41
2025-12-06,BTCUSDT,162607.31,166667.35,162607.31,165031.74,30315.92
2025-12-07,BTCUSDT,165031.74,180453.01,165031.74,168400.41,48360.64
2025-12-08,BTCUSDT,168400.41,170648.77,163561.94,166043.51,101976.72
2025-12-09,BTCUSDT,166043.51,174399.9,165974.28,169433.32,69890.89
2025-12-10,BTCUSDT,169433.32,169433.32,150508.6,152314.18,126400.62
2025-12-11,BTCUSDT,152314.18,152314.18,139147.73,141412.62,151288.77
2025-12-12,BTCUSDT,141412.62,145455.38,141412.62,145348.83,73793.34
2025-12-13,BTCUSDT,145348.83,150571.74,145348.83,148816.73,72530.58
2025-12-14,BTCUSDT,148816.73,156311.93,148816.73,153055.63,98259.05
2025-12-15,BTCUSDT,153055.63,158327.31,153055.63,153445.33,89683.27
2025-12-16,BTCUSDT,153445.33,156577.66,145053.97,152916.36,55358.7
2025-12-17,BTCUSDT,152916.36,156314.26,152314.64,152976.48,62218.1
2025-12-18,BTCUSDT,152976.48,159080.15,152976.48,153118.1,74434.29
2025-12-19,BTCUSDT,153118.1,168964.03,153118.1,163663.48,112757.91
2025-12-20,BTCUSDT,163663.48,177942.02,163663.48,171341.07,135415.98
2025-12-21,BTCUSDT,171341.07,173458.99,158221.41,165757.0,150350.75
2025-12-22,BTCUSDT,165757.0,165757.0,150347.54,154453.61,110863.61
2025-12-23,BTCUSDT,154453.61,154607.48,147675.62,150686.06,121118.64
2025-12-24,BTCUSDT,150686.06,157948.31,150686.06,154948.97,63410.06
2025-12-25,BTCUSDT,154948.97,156098.25,146014.76,152158.5,83992.88
2025-12-26,BTCUSDT,152158.5,176769.84,152158.5,171659.76,100925.4
2025-12-27,BTCUSDT,171659.76,171659.76,162598.81,163053.61,89898.61
2025-12-28,BTCUSDT,163053.61,173780.87,163053.61,168257.31,66007.13
2025-12-29,BTCUSDT,168257.31,168257.31,160885.68,165695.31,79954.28
2025-12-30,BTCUSDT,165695.31,174271.03,165695.31,168882.8,95927.88
2025-12-31,BTCUSDT,168882.8,170863.35,166371.39,169756.96,101170.38
2026-01-01,BTCUSDT,118540.11,123096.17,118540.11,120000.0,106830.49
2026-01-02,BTCUSDT,120000.0,120000.0,106995.33,113686.53,120221.96
2026-01-03,BTCUSDT,113686.53,119852.56,113686.53,117916.03,60159.18
2026-01-04,BTCUSDT,117916.03,117916.03,108075.02,112070.1,49834.97
2026-01-05,BTCUSDT,112070.1,112070.1,104436.83,108422.96,58522.97
2026-01-06,BTCUSDT,108422.96,112000.43,107483.56,111028.32,47517.16
2026-01-07,BTCUSDT,111028.32,111028.32,105208.06,106169.04,51880.53
2026-01-08,BTCUSDT,106169.04,113962.86,106169.04,110654.18,82358.6
2026-01-09,BTCUSDT,110654.18,110654.18,104145.61,105208.89,81739.53
2026-01-10,BTCUSDT,105208.89,105662.53,96846.55,103576.18,48229.31
2026-01-11,BTCUSDT,103576.18,103576.18,95280.29,95930.68,44904.17
2026-01-12,BTCUSDT,95930.68,102229.04,95930.68,102142.82,93412.73
2026-01-13,BTCUSDT,102142.82,105339.4,102142.82,104392.98,51803.57
2026-01-14,BTCUSDT,104392.98,104392.98,95773.18,97029.4,104020.63
2026-01-15,BTCUSDT,97029.4,103642.83,97029.4,102979.53,64638.03
2026-01-16,BTCUSDT,102979.53,108239.35,102979.53,105500.5,51367.39
2026-01-17,BTCUSDT,105500.5,106318.19,97482.93,103448.68,65815.97
2026-01-18,BTCUSDT,103448.68,103833.33,95710.51,101220.7,82442.93
2026-01-19,BTCUSDT,101220.7,109014.49,101220.7,106931.26,82505.27
2026-01-20,BTCUSDT,106931.26,111428.41,101823.19,108431.95,48059.88
2026-01-21,BTCUSDT,108431.95,108676.2,105459.64,108371.39,58569.37
2026-01-22,BTCUSDT,108371.39,112477.15,104791.66,109574.51,93157.7
2026-01-23,BTCUSDT,109574.51,110611.5,106732.18,109406.39,59107.3
2026-01-24,BTCUSDT,109406.39,113889.22,104380.15,109380.41,78802.72
2026-01-25,BTCUSDT,109380.41,112006.9,108280.08,110568.16,86947.04
2026-01-26,BTCUSDT,110568.16,112611.42,110036.03,111095.84,56707.93
2026-01-27,BTCUSDT,111095.84,111095.84,99758.03,104026.07,190273.97
2026-01-28,BTCUSDT,104026.07,113841.78,104026.07,108705.02,63125.31
2026-01-29,BTCUSDT,108705.02,118277.55,108705.02,115836.06,79580.39
2026-01-30,BTCUSDT,115836.06,115836.06,99341.01,102995.06,155491.79
2026-01-31,BTCUSDT,102995.06,106262.38,101914.99,103227.49,78046.81
2026-02-01,BTCUSDT,103227.49,109213.8,102397.27,108788.21,162228.8
2026-02-02,BTCUSDT,108788.21,115938.63,108788.21,112273.21,108921.4
2026-02-03,BTCUSDT,112273.21,115431.28,109765.94,113430.18,111655.77
2026-02-04,BTCUSDT,113430.18,122774.07,113430.18,122610.27,129204.7
2026-02-05,BTCUSDT,122610.27,128357.22,122610.27,124472.72,43798.79
2026-02-06,BTCUSDT,124472.72,127248.23,120673.92,123543.25,50018.94
2026-02-07,BTCUSDT,123543.25,123543.25,117289.75,118427.68,114190.63
2026-02-08,BTCUSDT,118427.68,133187.96,118427.68,130849.85,67834.03
2026-02-09,BTCUSDT,130849.85,138170.42,130849.85,134157.61,127006.12
2026-02-10,BTCUSDT,134157.61,149758.17,134157.61,142637.43,93613.06
2026-02-11,BTCUSDT,142637.43,142637.43,132545.5,135242.75,131262.65
2026-02-12,BTCUSDT,135242.75,150717.24,135242.75,145015.19,136487.61
2026-02-13,BTCUSDT,145015.19,149256.14,144404.91,148386.55,74818.42
2026-02-14,BTCUSDT,148386.55,164657.36,148386.55,162876.88,176294.93
2026-02-15,BTCUSDT,162876.88,177546.0,162876.88,168508.3,140244.56
2026-02-16,BTCUSDT,168508.3,171588.95,163617.47,169777.25,87502.63
2026-02-17,BTCUSDT,169777.25,171779.82,165911.22,169536.99,65307.64
2026-02-18,BTCUSDT,169536.99,171020.62,163416.44,164516.66,91691.28
2026-02-19,BTCUSDT,164516.66,168985.99,163552.65,164368.98,61125.06
2026-02-20,BTCUSDT,164368.98,170567.55,163408.83,170212.46,90953.77
2026-02-21,BTCUSDT,170212.46,189667.03,170212.46,183151.81,190216.36
2026-02-22,BTCUSDT,183151.81,192187.7,183151.81,191406.08,75550.7
2026-02-23,BTCUSDT,191406.08,191406.08,179006.65,184373.32,113927.15
2026-02-24,BTCUSDT,184373.32,184373.32,171579.71,172258.05,127484.31
2026-02-25,BTCUSDT,172258.05,177461.61,172258.05,175483.09,64373.13
2026-02-26,BTCUSDT,175483.09,175483.09,157961.74,161817.8,78295.47
2026-02-27,BTCUSDT,161817.8,162324.72,161200.13,161842.21,75645.37
2026-02-28,BTCUSDT,161842.21,161842.21,150161.57,152105.4,106129.77
2026-03-01,BTCUSDT,152105.4,159121.95,152105.4,158600.97,103714.24
2026-03-02,BTCUSDT,158600.97,158974.24,153525.39,155784.03,67555.17
2026-03-03,BTCUSDT,155784.03,160658.88,151307.56,153929.75,67869.86
2026-03-04,BTCUSDT,153929.75,153929.75,139567.85,143415.52,162530.99
2026-03-05,BTCUSDT,143415.52,154426.73,143415.52,151611.07,94714.79
2026-03-06,BTCUSDT,151611.07,157735.39,151611.07,153579.76,84090.89
2026-03-07,BTCUSDT,153579.76,156824.61,153579.76,155860.05,114389.14
2026-03-08,BTCUSDT,155860.05,155860.05,138368.94,146775.62,156226.98
2026-03-09,BTCUSDT,146775.62,147535.1,132035.26,134794.37,74864.4
2026-03-10,BTCUSDT,134794.37,134794.37,123309.72,129799.43,80317.11
2026-03-11,BTCUSDT,129799.43,130998.5,126791.36,127342.69,71436.62
2026-03-12,BTCUSDT,127342.69,127342.69,112517.36,122457.92,139831.75
2026-03-13,BTCUSDT,122457.92,140476.99,122457.92,134455.75,75496.62
2026-03-14,BTCUSDT,134455.75,149354.54,134455.75,142353.16,164467.51
2026-03-15,BTCUSDT,142353.16,142570.63,131897.92,142552.45,63754.82
2026-03-16,BTCUSDT,142552.45,143658.52,132570.29,137750.21,77162.09
2026-03-17,BTCUSDT,137750.21,137750.21,127576.9,130739.25,57381.76
2026-03-18,BTCUSDT,130739.25,137800.01,130433.58,130631.05,100157.08
2026-03-19,BTCUSDT,130631.05,133112.16,126005.43,132785.46,40221.8
2026-03-20,BTCUSDT,132785.46,138732.6,125417.68,129941.63,66572.9
2026-03-21,BTCUSDT,129941.63,134898.45,126634.5,133045.81,102972.21
2026-03-22,BTCUSDT,133045.81,133045.81,126410.66,129717.36,88399.67
2026-03-23,BTCUSDT,129717.36,129717.36,115496.89,123050.15,120811.8
2026-03-24,BTCUSDT,123050.15,131233.25,123050.15,126006.0,80010.43
2026-03-25,BTCUSDT,126006.0,126006.0,114601.84,115540.81,146273.74
2026-03-26,BTCUSDT,115540.81,115540.81,106346.69,107925.5,96989.79
2026-03-27,BTCUSDT,107925.5,107925.5,103003.33,103153.88,96077.89
2026-03-28,BTCUSDT,103153.88,103153.88,97685.12,100199.44,57547.18
2026-03-29,BTCUSDT,100199.44,108452.16,100199.44,103779.51,72654.96
2026-03-30,BTCUSDT,103779.51,103779.51,95331.93,96707.12,133051.01
2026-03-31,BTCUSDT,96707.12,96707.12,94825.98,95576.68,42103.9
2026-04-01,BTCUSDT,95576.68,100536.45,94934.2,97214.38,25462.73
2026-04-02,BTCUSDT,97214.38,102315.72,95464.42,98449.79,64415.78
2026-04-03,BTCUSDT,98449.79,103223.73,98449.79,101969.75,117663.57
2026-04-04,BTCUSDT,101969.75,101969.75,99670.49,100921.93,63218.74
2026-04-05,BTCUSDT,100921.93,100921.93,95453.91,97881.71,71900.92
2026-04-06,BTCUSDT,97881.71,107406.9,97881.71,104512.81,110983.0
2026-04-07,BTCUSDT,104512.81,106425.5,96667.46,101181.92,100888.15
2026-04-08,BTCUSDT,101181.92,101181.92,96757.75,97324.97,86419.74
2017-08-17,ETHUSDT,300.6105,317.2989,295.9223,300.0,24354.37
2017-08-18,ETHUSDT,300.0,314.4413,300.0,308.3404,32739.53
2017-08-19,ETHUSDT,308.3404,331.5065,291.6888,315.6906,13390.8
2017-08-20,ETHUSDT,315.6906,333.8111,315.6906,331.5369,17512.06
2017-08-21,ETHUSDT,331.5369,340.9477,318.8597,327.5051,8487.3
2017-08-22,ETHUSDT,327.5051,366.1539,327.5051,354.2238,38846.95
2017-08-23,ETHUSDT,354.2238,415.4695,354.2238,390.6042,48158.62
2017-08-24,ETHUSDT,390.6042,404.1159,378.4859,395.2704,29939.77
2017-08-25,ETHUSDT,395.2704,421.8231,395.2704,402.5416,9984.01
2017-08-26,ETHUSDT,402.5416,442.408,396.5306,418.2551,17383.61
2017-08-27,ETHUSDT,418.2551,418.2551,347.1313,377.0729,50150.57
2017-08-28,ETHUSDT,377.0729,377.0729,320.163,355.3511,28777.62
2017-08-29,ETHUSDT,355.3511,391.1596,336.8057,366.7279,32680.05
2017-08-30,ETHUSDT,366.7279,402.9763,366.5103,372.5299,32417.87
2017-08-31,ETHUSDT,372.5299,372.5299,342.0109,348.4447,15452.59
2017-09-01,ETHUSDT,348.4447,353.4974,321.067,334.909,14500.25
2017-09-02,ETHUSDT,334.909,338.2709,315.503,327.2956,20910.69
2017-09-03,ETHUSDT,327.2956,330.2214,307.2432,323.8788,10060.13
2017-09-04,ETHUSDT,323.8788,333.8086,290.7062,311.2848,42869.14
2017-09-05,ETHUSDT,311.2848,320.9027,276.4525,297.8685,11304.02
2017-09-06,ETHUSDT,297.8685,310.0902,291.0912,300.5006,7889.76
2017-09-07,ETHUSDT,300.5006,323.2665,294.361,312.9772,33584.0
2017-09-08,ETHUSDT,312.9772,312.9772,285.0785,297.8484,24591.64
2017-09-09,ETHUSDT,297.8484,297.8484,257.2041,266.2082,84546.97
2017-09-10,ETHUSDT,266.2082,270.548,242.3656,265.7285,15915.71
2017-09-11,ETHUSDT,265.7285,301.8999,263.2821,278.7741,24335.7
2017-09-12,ETHUSDT,278.7741,283.8028,257.1045,271.9139,14443.83
2017-09-13,ETHUSDT,271.9139,287.3115,271.9139,276.0738,33555.78
2017-09-14,ETHUSDT,276.0738,287.6474,255.8989,268.2234,23723.81
2017-09-15,ETHUSDT,268.2234,270.2206,256.4536,261.4613,10951.26
2017-09-16,ETHUSDT,261.4613,274.7526,250.1128,272.0489,26864.37
2017-09-17,ETHUSDT,272.0489,300.2765,272.0489,296.4405,30370.21
2017-09-18,ETHUSDT,296.4405,297.6515,291.0942,292.9772,16686.07
2017-09-19,ETHUSDT,292.9772,311.4759,286.5754,302.1368,27016.5
2017-09-20,ETHUSDT,302.1368,325.9543,302.1368,322.6203,19633.34
2017-09-21,ETHUSDT,322.6203,343.0618,317.0189,326.4464,51750.27
2017-09-22,ETHUSDT,326.4464,355.6409,326.4464,342.5819,15244.29
2017-09-23,ETHUSDT,342.5819,342.5819,329.7622,332.8779,20417.42
2017-09-24,ETHUSDT,332.8779,336.1443,313.6267,323.7595,13027.05
2017-09-25,ETHUSDT,323.7595,343.6851,308.1058,324.5907,13210.13
2017-09-26,ETHUSDT,324.5907,324.5928,315.697,323.4753,10235.75
2017-09-27,ETHUSDT,323.4753,323.4753,275.4352,303.8156,34568.32
2017-09-28,ETHUSDT,303.8156,336.0367,294.1749,314.7092,24781.01
2017-09-29,ETHUSDT,314.7092,314.7092,291.4211,299.5829,12326.46
2017-09-30,ETHUSDT,299.5829,316.4582,265.9188,298.1055,26727.71
2017-10-01,ETHUSDT,298.1055,298.1055,268.9816,283.851,8349.13
2017-10-02,ETHUSDT,283.851,306.9468,274.388,286.1293,21009.19
2017-10-03,ETHUSDT,286.1293,312.9346,286.1293,298.2149,9738.41
2017-10-04,ETHUSDT,298.2149,321.7837,298.2149,318.7866,27710.6
2017-10-05,ETHUSDT,318.7866,320.1413,298.9776,306.0438,16357.94
2017-10-06,ETHUSDT,306.0438,319.4565,296.7685,296.7725,11909.04
2017-10-07,ETHUSDT,296.7725,302.7998,270.1168,297.0061,6112.24
2017-10-08,ETHUSDT,297.0061,306.0091,295.8375,301.2828,13027.45
2017-10-09,ETHUSDT,301.2828,301.4689,275.0642,289.1422,70947.09
2017-10-10,ETHUSDT,289.1422,317.7836,289.1422,315.1014,18343.81
2017-10-11,ETHUSDT,315.1014,325.1309,306.127,321.531,15252.66
2017-10-12,ETHUSDT,321.531,321.531,285.5249,293.0187,22172.42
2017-10-13,ETHUSDT,293.0187,297.748,275.9431,287.3383,8318.45
2017-10-14,ETHUSDT,287.3383,300.336,273.9509,280.9507,24944.2
2017-10-15,ETHUSDT,280.9507,290.7683,258.4767,274.7638,31757.29
2017-10-16,ETHUSDT,274.7638,274.7638,238.5535,258.7242,26762.65
2017-10-17,ETHUSDT,258.7242,288.5057,258.7242,285.4987,119652.19
2017-10-18,ETHUSDT,285.4987,285.8074,254.9342,274.322,26621.47
2017-10-19,ETHUSDT,274.322,276.1346,250.6925,258.3036,25145.37
2017-10-20,ETHUSDT,258.3036,266.4291,256.7007,260.5557,14049.08
2017-10-21,ETHUSDT,260.5557,275.8191,260.5557,274.8986,12520.96
2017-10-22,ETHUSDT,274.8986,276.877,250.4431,275.936,13467.54
2017-10-23,ETHUSDT,275.936,289.541,263.8301,277.7319,12191.77
2017-10-24,ETHUSDT,277.7319,312.3871,272.7737,289.8229,29883.92
2017-10-25,ETHUSDT,289.8229,308.6083,277.9985,284.4915,6827.08
2017-10-26,ETHUSDT,284.4915,300.379,284.4915,295.2473,17738.25
2017-10-27,ETHUSDT,295.2473,352.9729,295.2473,335.5652,75723.31
2017-10-28,ETHUSDT,335.5652,382.0478,335.5652,356.0467,31112.09
2017-10-29,ETHUSDT,356.0467,436.8282,356.0467,419.2769,34367.63
2017-10-30,ETHUSDT,419.2769,448.659,388.9315,410.1225,15570.59
2017-10-31,ETHUSDT,410.1225,460.007,410.1225,440.3788,13172.19
2017-11-01,ETHUSDT,440.3788,447.1403,430.3782,431.8428,15596.33
2017-11-02,ETHUSDT,431.8428,460.424,426.3388,457.6619,15068.23
2017-11-03,ETHUSDT,457.6619,457.6619,452.4367,453.9274,20193.94
2017-11-04,ETHUSDT,453.9274,499.9589,453.9274,471.5917,31471.02
2017-11-05,ETHUSDT,471.5917,520.1126,465.1311,473.4404,5611.33
2017-11-06,ETHUSDT,473.4404,512.6926,473.4404,500.3209,16251.47
2017-11-07,ETHUSDT,500.3209,517.0447,451.6755,507.4432,9082.59
2017-11-08,ETHUSDT,507.4432,515.7385,507.4432,512.9296,21513.57
2017-11-09,ETHUSDT,512.9296,512.9296,435.9632,443.7255,52953.98
2017-11-10,ETHUSDT,443.7255,443.7255,411.1898,421.247,6117.98
2017-11-11,ETHUSDT,421.247,469.1322,421.247,452.6172,4548.55
2017-11-12,ETHUSDT,452.6172,457.9222,435.7867,447.5847,11266.93
2017-11-13,ETHUSDT,447.5847,447.5847,423.3598,431.1859,17984.0
2017-11-14,ETHUSDT,431.1859,464.1888,431.1859,443.7009,10506.93
2017-11-15,ETHUSDT,443.7009,468.7179,437.8729,459.8527,11571.04
2017-11-16,ETHUSDT,459.8527,531.1843,459.8527,501.8624,11189.57
2017-11-17,ETHUSDT,501.8624,513.6348,449.4866,467.5257,46353.31
2017-11-18,ETHUSDT,467.5257,514.6574,460.3804,487.6459,18328.61
2017-11-19,ETHUSDT,487.6459,487.6459,466.3883,479.1593,8018.03
2017-11-20,ETHUSDT,479.1593,506.4609,459.4952,473.7945,5849.08
2017-11-21,ETHUSDT,473.7945,511.6842,473.7945,509.2199,16832.99
2017-11-22,ETHUSDT,509.2199,509.2199,483.4379,493.6716,4638.6
2017-11-23,ETHUSDT,493.6716,493.6716,460.141,471.6156,8637.73
2017-11-24,ETHUSDT,471.6156,513.1847,448.9357,471.2011,5821.12
2017-11-25,ETHUSDT,471.2011,471.2011,419.8042,442.2948,31129.47
2017-11-26,ETHUSDT,442.2948,496.3968,442.2948,458.632,36187.82
2017-11-27,ETHUSDT,458.632,482.6771,451.2423,479.0329,12896.62
2017-11-28,ETHUSDT,479.0329,529.998,479.0329,526.9807,30242.65
2017-11-29,ETHUSDT,526.9807,533.9859,526.9807,531.8761,4237.4
2017-11-30,ETHUSDT,531.8761,568.2966,526.3825,543.2889,3595.47
2017-12-01,ETHUSDT,543.2889,543.2889,410.5717,451.8655,40052.8
2017-12-02,ETHUSDT,451.8655,451.8655,401.5619,406.8982,10320.86
2017-12-03,ETHUSDT,406.8982,451.0034,406.8982,444.0404,14277.75
2017-12-04,ETHUSDT,444.0404,580.6225,444.0404,567.9235,63767.18
2017-12-05,ETHUSDT,567.9235,578.3937,517.524,556.0803,4479.29
2017-12-06,ETHUSDT,556.0803,634.0096,556.0803,628.1901,16106.61
2017-12-07,ETHUSDT,628.1901,760.9146,628.1901,744.3898,54644.17
2017-12-08,ETHUSDT,744.3898,779.736,744.3898,778.112,5980.46
2017-12-09,ETHUSDT,778.112,803.7712,743.7772,764.5936,8335.57
2017-12-10,ETHUSDT,764.5936,842.2132,764.5936,840.346,7426.12
2017-12-11,ETHUSDT,840.346,893.1262,840.346,880.7802,11731.39
2017-12-12,ETHUSDT,880.7802,950.407,879.6791,928.8954,7389.8
2017-12-13,ETHUSDT,928.8954,1011.4802,870.1106,941.5227,3157.11
2017-12-14,ETHUSDT,941.5227,981.2975,928.2626,961.4591,4107.44
2017-12-15,ETHUSDT,961.4591,1173.6906,961.4591,1111.9432,19518.82
2017-12-16,ETHUSDT,1111.9432,1183.7239,1023.3767,1068.1424,5845.41
2017-12-17,ETHUSDT,1068.1424,1151.2755,1065.7136,1122.9225,4514.02
2017-12-18,ETHUSDT,1122.9225,1122.9225,789.7053,857.9045,10633.4
2017-12-19,ETHUSDT,857.9045,954.8093,824.261,896.5442,4311.7
2017-12-20,ETHUSDT,896.5442,1079.4087,896.5442,1024.3257,13522.72
2017-12-21,ETHUSDT,1024.3257,1029.5294,964.8008,1000.0613,4530.18
2017-12-22,ETHUSDT,1000.0613,1000.0613,935.5275,949.1564,7885.28
2017-12-23,ETHUSDT,949.1564,949.1564,839.4719,880.6494,14872.76
2017-12-24,ETHUSDT,880.6494,941.2446,880.6494,928.6247,7356.38
2017-12-25,ETHUSDT,928.6247,952.5038,907.2545,908.6673,6326.06
2017-12-26,ETHUSDT,908.6673,978.5582,902.4278,916.2143,11149.45
2017-12-27,ETHUSDT,916.2143,991.6244,916.2143,918.2904,4400.44
2017-12-28,ETHUSDT,918.2904,918.2904,837.8373,841.9712,4697.39
2017-12-29,ETHUSDT,841.9712,871.6208,834.5621,862.9029,7223.48
2017-12-30,ETHUSDT,862.9029,1012.494,862.9029,962.5883,10745.39
2017-12-31,ETHUSDT,962.5883,962.5883,842.8437,884.0635,7031.1
2018-01-01,ETHUSDT,884.0635,884.0635,831.7169,842.5954,9674.17
2018-01-02,ETHUSDT,842.5954,880.1647,842.5954,868.0792,1586.68
2018-01-03,ETHUSDT,868.0792,868.0792,724.0523,751.1748,20424.31
2018-01-04,ETHUSDT,751.1748,767.2177,706.7066,740.9959,7392.49
2018-01-05,ETHUSDT,740.9959,851.4787,737.8784,804.9676,6229.66
2018-01-06,ETHUSDT,804.9676,804.9676,756.0283,800.9947,8012.03
2018-01-07,ETHUSDT,800.9947,800.9947,707.8926,748.141,4201.04
2018-01-08,ETHUSDT,748.141,872.8603,748.141,834.1812,13662.39
2018-01-09,ETHUSDT,834.1812,961.2991,834.1812,903.3001,14523.87
2018-01-10,ETHUSDT,903.3001,955.0162,876.2557,916.3071,3333.99
2018-01-11,ETHUSDT,916.3071,916.3071,829.0459,859.791,4906.54
2018-01-12,ETHUSDT,859.791,1021.1053,859.791,937.687,14799.28
2018-01-13,ETHUSDT,937.687,1079.8,937.687,1043.9658,15800.12
2018-01-14,ETHUSDT,1043.9658,1097.7177,1018.2935,1036.9801,1618.49
2018-01-15,ETHUSDT,1036.9801,1036.9801,972.8319,980.4526,9393.61
2018-01-16,ETHUSDT,980.4526,980.4526,862.2947,890.6929,4144.01
2018-01-17,ETHUSDT,890.6929,890.8317,834.3502,879.9795,5815.23
2018-01-18,ETHUSDT,879.9795,1069.9512,879.9795,1009.786,7660.63
2018-01-19,ETHUSDT,1009.786,1062.1549,972.6912,1059.9957,5651.18
2018-01-20,ETHUSDT,1059.9957,1123.1091,1047.9232,1083.8629,2681.73
2018-01-21,ETHUSDT,1083.8629,1126.3564,1067.8745,1096.2516,2364.05
2018-01-22,ETHUSDT,1096.2516,1096.2516,986.6667,1019.5973,6163.64
2018-01-23,ETHUSDT,1019.5973,1093.6272,1019.5973,1081.1081,5151.92
2018-01-24,ETHUSDT,1081.1081,1081.1081,999.8648,1020.1336,4316.59
2018-01-25,ETHUSDT,1020.1336,1034.3186,982.0983,1026.1876,2216.68
2018-01-26,ETHUSDT,1026.1876,1127.1299,1026.1876,1088.8067,3576.66
2018-01-27,ETHUSDT,1088.8067,1088.8067,901.6887,933.4026,19404.72
2018-01-28,ETHUSDT,933.4026,961.729,922.4039,944.9936,4253.04
2018-01-29,ETHUSDT,944.9936,993.248,944.9936,958.8878,3790.38
2018-01-30,ETHUSDT,958.8878,987.0244,897.3667,986.717,6380.35
2018-01-31,ETHUSDT,986.717,1107.9751,986.717,1010.9042,5798.41
2018-02-01,ETHUSDT,1010.9042,1159.2276,1010.9042,1140.7438,12617.33
2018-02-02,ETHUSDT,1140.7438,1281.6117,1140.7438,1215.2684,21994.44
2018-02-03,ETHUSDT,1215.2684,1215.2684,1092.8582,1109.1618,10195.21
2018-02-04,ETHUSDT,1109.1618,1172.4534,1073.6449,1129.6853,3903.39
2018-02-05,ETHUSDT,1129.6853,1129.6853,1067.3679,1070.7544,6022.45
2018-02-06,ETHUSDT,1070.7544,1070.7544,457.6182,482.5771,46900.44
2018-02-07,ETHUSDT,482.5771,501.822,470.3956,478.5692,11785.75
2018-02-08,ETHUSDT,478.5692,546.1086,478.5692,518.4504,12862.72
2018-02-09,ETHUSDT,518.4504,557.2524,497.22,503.0001,27256.25
2018-02-10,ETHUSDT,503.0001,555.8778,503.0001,552.2416,35573.07
2018-02-11,ETHUSDT,552.2416,577.7657,523.5711,548.7533,11243.73
2018-02-12,ETHUSDT,548.7533,575.967,548.7533,568.197,11960.47
2018-02-13,ETHUSDT,568.197,575.1217,547.3943,552.7371,25613.08
2018-02-14,ETHUSDT,552.7371,594.0276,536.5764,558.7989,10150.75
2018-02-15,ETHUSDT,558.7989,558.7989,543.7256,551.0828,7744.01
2018-02-16,ETHUSDT,551.0828,598.357,551.0828,565.1886,9985.69
2018-02-17,ETHUSDT,565.1886,619.3893,549.7581,583.0542,14975.33
2018-02-18,ETHUSDT,583.0542,663.2603,580.393,607.0729,9221.61
2018-02-19,ETHUSDT,607.0729,698.0827,550.6553,611.9505,10087.39
2018-02-20,ETHUSDT,611.9505,627.0771,597.226,624.1964,14698.86
2018-02-21,ETHUSDT,624.1964,688.585,593.0404,642.8822,18798.12
2018-02-22,ETHUSDT,642.8822,690.9192,642.8822,673.8763,22668.51
2018-02-23,ETHUSDT,673.8763,735.6186,628.9275,699.2128,17426.51
2018-02-24,ETHUSDT,699.2128,803.1784,699.2128,775.3109,13348.35
2018-02-25,ETHUSDT,775.3109,790.8377,760.4702,764.52,6756.88
2018-02-26,ETHUSDT,764.52,822.6175,764.52,816.9671,7780.45
2018-02-27,ETHUSDT,816.9671,830.7024,787.4835,805.7115,8396.98
2018-02-28,ETHUSDT,805.7115,843.0241,800.7737,836.9198,6123.44
2018-03-01,ETHUSDT,836.9198,901.9293,817.6844,824.0675,6353.49
2018-03-02,ETHUSDT,824.0675,830.72,760.9141,780.7685,21444.8
2018-03-03,ETHUSDT,780.7685,869.9545,780.7685,825.0915,9248.23
2018-03-04,ETHUSDT,825.0915,851.2792,780.7422,784.2629,8658.07
2018-03-05,ETHUSDT,784.2629,784.2629,766.3875,767.1292,11304.36
2018-03-06,ETHUSDT,767.1292,798.8436,767.1292,798.4593,8779.91
2018-03-07,ETHUSDT,798.4593,821.3542,798.4593,813.3846,2864.27
2018-03-08,ETHUSDT,813.3846,935.7777,813.3846,885.6732,28080.35
2018-03-09,ETHUSDT,885.6732,885.6732,812.6311,830.5669,5654.28
2018-03-10,ETHUSDT,830.5669,830.5669,741.386,803.1171,3493.07
2018-03-11,ETHUSDT,803.1171,946.2927,803.1171,876.6258,6169.04
2018-03-12,ETHUSDT,876.6258,878.9773,869.9931,875.7062,4866.78
2018-03-13,ETHUSDT,875.7062,934.255,848.3393,893.8119,6258.63
2018-03-14,ETHUSDT,893.8119,1095.5838,893.8119,1070.0169,17277.83
2018-03-15,ETHUSDT,1070.0169,1120.7166,1049.0825,1111.9785,6494.35
2018-03-16,ETHUSDT,1111.9785,1132.1322,1099.8097,1112.2248,8155.44
2018-03-17,ETHUSDT,1112.2248,1112.2248,1067.6572,1082.9611,12201.82
2018-03-18,ETHUSDT,1082.9611,1093.2765,1036.6017,1083.3049,2851.33
2018-03-19,ETHUSDT,1083.3049,1167.2659,1024.4604,1100.9213,6369.19
2018-03-20,ETHUSDT,1100.9213,1223.9484,1100.9213,1215.536,11456.32
2018-03-21,ETHUSDT,1215.536,1255.1024,1146.1484,1253.2144,9354.73
2018-03-22,ETHUSDT,1253.2144,1253.2144,1150.5567,1202.4215,9932.77
2018-03-23,ETHUSDT,1202.4215,1216.377,1167.811,1172.7823,3116.34
2018-03-24,ETHUSDT,1172.7823,1362.1694,1172.7823,1263.818,8190.37
2018-03-25,ETHUSDT,1263.818,1298.8187,1211.1724,1276.7823,5806.11
2018-03-26,ETHUSDT,1276.7823,1276.7823,1204.0069,1206.3574,10761.56
2018-03-27,ETHUSDT,1206.3574,1231.2588,1135.6189,1196.4621,3350.8
2018-03-28,ETHUSDT,1196.4621,1249.5759,1160.915,1223.6826,12904.87
2018-03-29,ETHUSDT,1223.6826,1301.6104,1223.6826,1290.2695,11270.39
2018-03-30,ETHUSDT,1290.2695,1448.4726,1290.2695,1364.2222,6621.84
2018-03-31,ETHUSDT,1364.2222,1420.0386,1325.4388,1347.6507,3707.66
2018-04-01,ETHUSDT,1347.6507,1438.7327,1347.6507,1419.6142,10654.23
2018-04-02,ETHUSDT,1419.6142,1419.6142,1264.9131,1344.9849,11472.73
2018-04-03,ETHUSDT,1344.9849,1462.9232,1344.9849,1412.1628,4236.85
2018-04-04,ETHUSDT,1412.1628,1412.1628,1295.4893,1381.4114,3274.18
2018-04-05,ETHUSDT,1381.4114,1513.0931,1381.4114,1481.3556,9176.0
2018-04-06,ETHUSDT,1481.3556,1481.3556,1370.6629,1379.7227,8150.04
2018-04-07,ETHUSDT,1379.7227,1426.8481,1347.4336,1391.145,2869.53
2018-04-08,ETHUSDT,1391.145,1588.4792,1391.145,1557.9212,9624.34
2018-04-09,ETHUSDT,1557.9212,1723.3534,1557.9212,1707.3767,7656.97
2018-04-10,ETHUSDT,1707.3767,1796.5441,1644.8024,1771.9715,4758.93
2018-04-11,ETHUSDT,1771.9715,1832.3277,1650.4228,1756.3961,2021.69
2018-04-12,ETHUSDT,1756.3961,1757.9942,1570.5124,1678.0746,5747.84
2018-04-13,ETHUSDT,1678.0746,1767.6811,1611.4411,1680.7391,4073.75
2018-04-14,ETHUSDT,1680.7391,1697.5587,1578.1225,1591.6813,7084.35
2018-04-15,ETHUSDT,1591.6813,1725.4712,1575.3961,1712.4255,4143.28
2018-04-16,ETHUSDT,1712.4255,1807.0889,1712.4255,1802.0774,1472.66
2018-04-17,ETHUSDT,1802.0774,1802.0774,1724.6601,1735.4342,7455.49
2018-04-18,ETHUSDT,1735.4342,1750.6585,1656.5821,1699.5529,2829.78
2018-04-19,ETHUSDT,1699.5529,1730.771,1571.1444,1598.4109,10759.23
2018-04-20,ETHUSDT,1598.4109,1671.7367,1527.7894,1576.4023,3830.17
2018-04-21,ETHUSDT,1576.4023,1576.4023,1505.4916,1542.7262,2966.86
2018-04-22,ETHUSDT,1542.7262,1765.3911,1542.7262,1646.1481,8670.55
2018-04-23,ETHUSDT,1646.1481,1646.1481,1522.762,1615.7033,2059.59
2018-04-24,ETHUSDT,1615.7033,1617.4736,1526.9265,1577.364,3302.44
2018-04-25,ETHUSDT,1577.364,1701.5117,1577.364,1685.5255,3330.18
2018-04-26,ETHUSDT,1685.5255,1833.2077,1685.5255,1721.2292,4089.09
2018-04-27,ETHUSDT,1721.2292,1839.5401,1721.2292,1796.782,3000.36
2018-04-28,ETHUSDT,1796.782,1849.3835,1694.8975,1711.554,3303.04
2018-04-29,ETHUSDT,1711.554,1849.6768,1709.0567,1728.7636,3077.98
2018-04-30,ETHUSDT,1728.7636,1891.3467,1728.7636,1815.6745,2725.76
2018-05-01,ETHUSDT,1815.6745,1815.6745,1576.9953,1624.3357,13619.05
2018-05-02,ETHUSDT,1624.3357,1785.2127,1624.3357,1719.0007,15067.44
2018-05-03,ETHUSDT,1719.0007,1858.7222,1719.0007,1827.9168,3534.87
2018-05-04,ETHUSDT,1827.9168,1827.9168,1675.3203,1733.4417,4415.47
2018-05-05,ETHUSDT,1733.4417,1798.8282,1663.4107,1707.6538,1488.9
2018-05-06,ETHUSDT,1707.6538,1707.6538,1412.6339,1470.9494,5878.4
2018-05-07,ETHUSDT,1470.9494,1504.5613,1459.1623,1477.1117,4362.54
2018-05-08,ETHUSDT,1477.1117,1485.6108,1400.4996,1453.1137,6232.99
2018-05-09,ETHUSDT,1453.1137,1453.1137,1332.0794,1366.5158,3871.07
2018-05-10,ETHUSDT,1366.5158,1510.166,1366.5158,1504.0988,8783.63
2018-05-11,ETHUSDT,1504.0988,1515.7742,1455.8654,1503.6093,8174.26
2018-05-12,ETHUSDT,1503.6093,1503.6093,1337.3021,1383.465,5757.77
2018-05-13,ETHUSDT,1383.465,1466.9889,1383.465,1444.229,2968.38
2018-05-14,ETHUSDT,1444.229,1505.4294,1306.8071,1384.3501,9145.94
2018-05-15,ETHUSDT,1384.3501,1384.3501,1274.1098,1293.623,7810.26
2018-05-16,ETHUSDT,1293.623,1364.3731,1293.623,1343.6327,6152.0
2018-05-17,ETHUSDT,1343.6327,1511.5319,1343.6327,1422.1992,6001.11
2018-05-18,ETHUSDT,1422.1992,1500.4689,1315.8202,1416.6925,8200.87
2018-05-19,ETHUSDT,1416.6925,1416.6925,1324.8563,1338.9705,3395.27
2018-05-20,ETHUSDT,1338.9705,1389.9515,1325.0714,1357.3657,3440.26
2018-05-21,ETHUSDT,1357.3657,1478.9327,1325.9357,1430.8306,5633.67
2018-05-22,ETHUSDT,1430.8306,1578.649,1406.5928,1453.9895,1481.81
2018-05-23,ETHUSDT,1453.9895,1453.9895,1287.3929,1414.9928,3498.73
2018-05-24,ETHUSDT,1414.9928,1609.5716,1414.9928,1502.4154,6926.3
2018-05-25,ETHUSDT,1502.4154,1546.9962,1502.4154,1544.9041,3341.2
2018-05-26,ETHUSDT,1544.9041,1755.2185,1544.9041,1656.9268,989.14
2018-05-27,ETHUSDT,1656.9268,1656.9268,1450.665,1482.0718,4347.63
2018-05-28,ETHUSDT,1482.0718,1587.9095,1482.0718,1586.3514,2436.6
2018-05-29,ETHUSDT,1586.3514,1643.7156,1586.3514,1629.6635,2709.15
2018-05-30,ETHUSDT,1629.6635,1673.9366,1590.1767,1639.7186,4024.49
2018-05-31,ETHUSDT,1639.7186,1639.7186,1460.5632,1612.4125,2067.08
2018-06-01,ETHUSDT,1612.4125,1770.4062,1582.9749,1638.7036,1867.28
2018-06-02,ETHUSDT,1638.7036,1638.7036,1473.2074,1524.905,6981.78
2018-06-03,ETHUSDT,1524.905,1621.5743,1463.5849,1516.3735,4724.45
2018-06-04,ETHUSDT,1516.3735,1538.2711,1376.7953,1449.1973,2472.07
2018-06-05,ETHUSDT,1449.1973,1449.1973,1303.8742,1360.3575,7657.92
2018-06-06,ETHUSDT,1360.3575,1404.5344,1360.3575,1391.1602,1890.61
2018-06-07,ETHUSDT,1391.1602,1471.2366,1391.1602,1458.2776,2742.0
2018-06-08,ETHUSDT,1458.2776,1471.4929,1393.8188,1452.6022,2684.05
2018-06-09,ETHUSDT,1452.6022,1452.6022,1031.7364,1175.3072,32543.43
2018-06-10,ETHUSDT,1175.3072,1209.7728,1151.3684,1189.4691,3501.73
2018-06-11,ETHUSDT,1189.4691,1249.1621,1189.4691,1224.6978,3503.94
2018-06-12,ETHUSDT,1224.6978,1224.6978,1101.7053,1176.356,16475.94
2018-06-13,ETHUSDT,1176.356,1289.4232,1176.356,1237.747,14949.02
2018-06-14,ETHUSDT,1237.747,1237.747,1097.6049,1144.8525,9505.12
2018-06-15,ETHUSDT,1144.8525,1187.9892,1107.6843,1138.9684,5822.03
2018-06-16,ETHUSDT,1138.9684,1162.237,1088.2125,1147.4347,6823.95
2018-06-17,ETHUSDT,1147.4347,1242.1648,1147.4347,1212.0749,6389.7
2018-06-18,ETHUSDT,1212.0749,1212.0749,1148.6283,1171.2975,8454.57
2018-06-19,ETHUSDT,1171.2975,1364.3692,1171.2975,1343.2013,31503.7
2018-06-20,ETHUSDT,1343.2013,1370.5164,1315.3789,1352.576,4005.45
2018-06-21,ETHUSDT,1352.576,1505.0929,1286.4956,1402.8864,7277.74
2018-06-22,ETHUSDT,1402.8864,1407.6792,1342.0985,1394.107,5237.95
2018-06-23,ETHUSDT,1394.107,1440.5645,1349.5997,1372.6765,1354.07
2018-06-24,ETHUSDT,1372.6765,1476.57,1372.6765,1390.8257,3289.0
2018-06-25,ETHUSDT,1390.8257,1419.702,1287.1423,1347.4922,8097.01
2018-06-26,ETHUSDT,1347.4922,1371.522,1329.6147,1337.2856,12340.26
2018-06-27,ETHUSDT,1337.2856,1598.8031,1337.2856,1501.0691,20774.69
2018-06-28,ETHUSDT,1501.0691,1598.8672,1501.0691,1539.6512,2428.44
2018-06-29,ETHUSDT,1539.6512,1714.9643,1539.6512,1693.3401,8003.84
2018-06-30,ETHUSDT,1693.3401,1693.3401,1548.2361,1629.2724,4429.09
2018-07-01,ETHUSDT,1629.2724,1629.2724,692.9472,742.2488,56040.63
2018-07-02,ETHUSDT,742.2488,773.2171,742.2488,760.9101,6981.11
2018-07-03,ETHUSDT,760.9101,824.5933,760.9101,808.6324,26681.84
2018-07-04,ETHUSDT,808.6324,835.6173,796.1379,830.6672,12749.99
2018-07-05,ETHUSDT,830.6672,830.6672,751.0979,788.5919,18535.38
2018-07-06,ETHUSDT,788.5919,888.2959,788.5919,823.9728,32171.61
2018-07-07,ETHUSDT,823.9728,823.9728,731.1604,731.2331,41783.89
2018-07-08,ETHUSDT,731.2331,783.7861,731.2331,742.7843,17726.85
2018-07-09,ETHUSDT,742.7843,762.4123,742.7843,760.5665,28515.3
2018-07-10,ETHUSDT,760.5665,797.1984,760.5665,797.0521,41035.37
2018-07-11,ETHUSDT,797.0521,823.792,797.0521,810.3811,7884.66
2018-07-12,ETHUSDT,810.3811,1028.8015,810.3811,923.3762,52959.69
2018-07-13,ETHUSDT,923.3762,923.3762,857.6699,866.8316,28850.73
2018-07-14,ETHUSDT,866.8316,896.3151,851.298,854.4914,4877.9
2018-07-15,ETHUSDT,854.4914,859.7734,816.5802,824.3485,14428.89
2018-07-16,ETHUSDT,824.3485,839.4257,799.1928,822.3861,7871.73
2018-07-17,ETHUSDT,822.3861,880.3952,822.3861,879.9053,14475.69
2018-07-18,ETHUSDT,879.9053,939.3018,853.6271,869.9671,14265.15
2018-07-19,ETHUSDT,869.9671,869.9671,812.1091,820.8869,34225.71
2018-07-20,ETHUSDT,820.8869,831.8137,752.8545,806.8814,9791.43
2018-07-21,ETHUSDT,806.8814,806.8814,743.977,776.5413,16488.66
2018-07-22,ETHUSDT,776.5413,809.2568,776.5413,792.3548,12778.58
2018-07-23,ETHUSDT,792.3548,819.9276,748.7948,760.1059,15934.31
2018-07-24,ETHUSDT,760.1059,817.0958,760.1059,799.4286,18951.12
2018-07-25,ETHUSDT,799.4286,827.7268,798.2275,810.8782,25316.08
2018-07-26,ETHUSDT,810.8782,810.8782,755.7636,769.6806,25740.45
2018-07-27,ETHUSDT,769.6806,769.6806,691.0353,699.0309,43118.33
2018-07-28,ETHUSDT,699.0309,777.3665,630.4475,703.3047,8433.58
2018-07-29,ETHUSDT,703.3047,703.3047,614.0345,658.7994,7701.75
2018-07-30,ETHUSDT,658.7994,658.7994,630.6812,637.4217,10292.38
2018-07-31,ETHUSDT,637.4217,637.4217,572.8188,597.9861,31889.09
2018-08-01,ETHUSDT,597.9861,606.5685,577.8549,590.517,8367.7
2018-08-02,ETHUSDT,590.517,629.5302,577.2965,606.959,14283.33
2018-08-03,ETHUSDT,606.959,664.2307,606.959,649.074,11531.97
2018-08-04,ETHUSDT,649.074,703.453,649.074,702.0669,36660.1
2018-08-05,ETHUSDT,702.0669,746.4617,702.0669,731.1738,10087.56
2018-08-06,ETHUSDT,731.1738,810.4691,707.3265,734.2463,8556.81
2018-08-07,ETHUSDT,734.2463,745.7301,667.157,709.4439,15837.1
2018-08-08,ETHUSDT,709.4439,779.0163,707.4476,720.573,12712.74
2018-08-09,ETHUSDT,720.573,720.573,622.9814,668.5614,37335.05
2018-08-10,ETHUSDT,668.5614,668.5614,628.0108,642.0686,24372.29
2018-08-11,ETHUSDT,642.0686,642.0686,561.0972,598.3651,33275.67
2018-08-12,ETHUSDT,598.3651,647.4703,598.3651,609.0558,6105.67
2018-08-13,ETHUSDT,609.0558,656.5609,609.0558,632.0891,23177.74
2018-08-14,ETHUSDT,632.0891,632.0891,540.6311,579.4367,43311.15
2018-08-15,ETHUSDT,579.4367,624.3921,557.8598,570.0565,15668.0
2018-08-16,ETHUSDT,570.0565,613.8261,570.0565,586.4562,13919.41
2018-08-17,ETHUSDT,586.4562,669.3357,586.4562,639.0593,61979.18
2018-08-18,ETHUSDT,639.0593,639.0593,566.4007,603.7249,41901.3
2018-08-19,ETHUSDT,603.7249,617.8162,569.1381,594.8954,22951.11
2018-08-20,ETHUSDT,594.8954,640.7763,594.8954,620.3284,20387.14
2018-08-21,ETHUSDT,620.3284,620.3284,596.8534,604.485,7018.55
2018-08-22,ETHUSDT,604.485,604.9049,553.5676,576.835,30818.16
2018-08-23,ETHUSDT,576.835,604.5577,556.2678,591.1216,12746.32
2018-08-24,ETHUSDT,591.1216,707.3644,591.1216,650.3029,15924.2
2018-08-25,ETHUSDT,650.3029,688.2656,650.3029,660.5554,20126.09
2018-08-26,ETHUSDT,660.5554,791.3861,660.5554,725.48,48142.95
2018-08-27,ETHUSDT,725.48,725.48,655.9017,678.8556,35250.74
2018-08-28,ETHUSDT,678.8556,684.4233,665.6863,671.0946,29577.0
2018-08-29,ETHUSDT,671.0946,676.3747,644.505,659.0526,29216.41
2018-08-30,ETHUSDT,659.0526,768.4508,659.0526,721.9513,17736.01
2018-08-31,ETHUSDT,721.9513,797.4161,713.6046,747.8493,23629.19
2018-09-01,ETHUSDT,747.8493,803.7375,744.2862,770.7982,26552.09
2018-09-02,ETHUSDT,770.7982,779.6008,704.8658,735.9808,56569.65
2018-09-03,ETHUSDT,735.9808,735.9808,635.7582,683.1318,16129.46
2018-09-04,ETHUSDT,683.1318,692.709,665.6434,671.3813,7518.14
2018-09-05,ETHUSDT,671.3813,671.5387,619.4679,670.2484,14889.13
2018-09-06,ETHUSDT,670.2484,670.2484,617.5565,628.7252,70378.61
2018-09-07,ETHUSDT,628.7252,666.082,603.9244,635.0089,24295.97
2018-09-08,ETHUSDT,635.0089,646.2301,635.0089,636.9269,20606.08
2018-09-09,ETHUSDT,636.9269,743.8731,636.9269,706.4589,72897.62
2018-09-10,ETHUSDT,706.4589,761.9738,706.4589,729.1786,32295.6
2018-09-11,ETHUSDT,729.1786,735.0112,672.5871,684.5238,26076.29
2018-09-12,ETHUSDT,684.5238,790.6279,684.5238,752.9285,39972.51
2018-09-13,ETHUSDT,752.9285,752.9285,667.3573,686.5942,17485.78
2018-09-14,ETHUSDT,686.5942,751.9622,669.9894,735.8896,15506.98
2018-09-15,ETHUSDT,735.8896,798.6123,735.8896,767.2714,29920.9
2018-09-16,ETHUSDT,767.2714,806.4689,750.2055,772.1176,16670.94
2018-09-17,ETHUSDT,772.1176,772.1176,602.8336,647.28,49770.49
2018-09-18,ETHUSDT,647.28,694.9376,618.4728,678.4267,31345.79
2018-09-19,ETHUSDT,678.4267,678.4267,618.1503,666.5437,13825.76
2018-09-20,ETHUSDT,666.5437,698.6976,666.5437,677.6439,22565.97
2018-09-21,ETHUSDT,677.6439,677.6439,630.9037,650.0955,18809.57
2018-09-22,ETHUSDT,650.0955,650.0955,614.4706,621.9366,27756.43
2018-09-23,ETHUSDT,621.9366,659.3549,584.1934,642.7127,17368.35
2018-09-24,ETHUSDT,642.7127,668.3156,642.7127,667.377,24207.76
2018-09-25,ETHUSDT,667.377,673.4353,611.2574,626.0948,36820.11
2018-09-26,ETHUSDT,626.0948,673.0604,626.0948,669.1301,51986.12
2018-09-27,ETHUSDT,669.1301,669.1301,512.5571,562.4003,125965.92
2018-09-28,ETHUSDT,562.4003,594.0555,562.4003,574.6885,42631.34
2018-09-29,ETHUSDT,574.6885,620.8022,574.6885,603.3408,32388.53
2018-09-30,ETHUSDT,603.3408,608.5216,580.2147,598.0266,17180.34
2018-10-01,ETHUSDT,598.0266,622.1965,598.0266,618.2832,29676.81
2018-10-02,ETHUSDT,618.2832,618.2832,550.1422,557.9967,26230.65
2018-10-03,ETHUSDT,557.9967,557.9967,466.428,495.6286,53520.06
2018-10-04,ETHUSDT,495.6286,542.2161,495.6286,520.4377,43637.98
2018-10-05,ETHUSDT,520.4377,535.4811,499.9952,524.3907,23453.37
2018-10-06,ETHUSDT,524.3907,524.3907,508.6703,511.4488,28500.43
2018-10-07,ETHUSDT,511.4488,554.3978,511.4488,551.6392,35661.31
2018-10-08,ETHUSDT,551.6392,607.1836,551.6392,584.9408,34510.26
2018-10-09,ETHUSDT,584.9408,637.952,543.8074,609.9339,25650.74
2018-10-10,ETHUSDT,609.9339,624.3152,601.3236,608.2415,5902.96
2018-10-11,ETHUSDT,608.2415,647.2159,576.1317,637.5086,30458.3
2018-10-12,ETHUSDT,637.5086,731.5863,637.5086,698.6554,40512.03
2018-10-13,ETHUSDT,698.6554,703.4622,643.7178,677.0012,41730.32
2018-10-14,ETHUSDT,677.0012,719.3771,677.0012,693.9483,17607.27
2018-10-15,ETHUSDT,693.9483,783.0121,656.4682,726.8267,33229.26
2018-10-16,ETHUSDT,726.8267,783.4422,726.8267,764.8027,26355.04
2018-10-17,ETHUSDT,764.8027,777.5299,731.0999,739.8512,12404.87
2018-10-18,ETHUSDT,739.8512,751.4995,692.2175,735.5339,29015.58
2018-10-19,ETHUSDT,735.5339,791.3983,735.5339,772.8863,13187.06
2018-10-20,ETHUSDT,772.8863,816.9476,760.6735,790.8168,32721.39
2018-10-21,ETHUSDT,790.8168,790.8168,674.749,721.6237,37736.45
2018-10-22,ETHUSDT,721.6237,721.6237,609.2395,641.2344,95209.21
2018-10-23,ETHUSDT,641.2344,690.4406,641.2344,654.4361,18895.27
2018-10-24,ETHUSDT,654.4361,716.5347,631.7356,677.345,26764.55
2018-10-25,ETHUSDT,677.345,787.946,677.345,749.2936,57276.57
2018-10-26,ETHUSDT,749.2936,768.67,713.3212,731.7411,14601.56
2018-10-27,ETHUSDT,731.7411,828.5938,731.7411,799.1118,14163.52
2018-10-28,ETHUSDT,799.1118,799.1118,759.7415,770.5494,57575.11
2018-10-29,ETHUSDT,770.5494,770.5494,681.6897,698.1801,74538.4
2018-10-30,ETHUSDT,698.1801,698.1801,667.7878,681.4263,13465.42
2018-10-31,ETHUSDT,681.4263,733.4785,659.9868,691.6208,15727.98
2018-11-01,ETHUSDT,691.6208,691.6208,645.281,669.8509,33051.35
2018-11-02,ETHUSDT,669.8509,669.8509,604.7925,649.7643,39522.89
2018-11-03,ETHUSDT,649.7643,682.6736,640.502,665.9699,20563.85
2018-11-04,ETHUSDT,665.9699,665.9699,597.8587,623.7821,20183.0
2018-11-05,ETHUSDT,623.7821,648.0682,611.7948,635.4202,34590.96
2018-11-06,ETHUSDT,635.4202,690.1136,635.4202,666.8122,19298.94
2018-11-07,ETHUSDT,666.8122,676.8205,616.6954,643.4708,19478.41
2018-11-08,ETHUSDT,643.4708,728.2907,643.4708,681.4558,40652.83
2018-11-09,ETHUSDT,681.4558,681.4558,649.5861,669.6532,20951.03
2018-11-10,ETHUSDT,669.6532,669.6532,646.9047,648.8628,15437.14
2018-11-11,ETHUSDT,648.8628,676.3555,630.1339,646.6675,14945.27
2018-11-12,ETHUSDT,646.6675,655.4383,624.6491,650.416,26709.99
2018-11-13,ETHUSDT,650.416,661.8708,642.2743,652.1332,10291.01
2018-11-14,ETHUSDT,652.1332,657.36,613.7197,643.7345,15428.56
2018-11-15,ETHUSDT,643.7345,890.8866,643.7345,817.2838,32326.5
2018-11-16,ETHUSDT,817.2838,823.1694,750.6649,776.4039,35715.87
2018-11-17,ETHUSDT,776.4039,776.4039,734.6665,740.063,30958.59
2018-11-18,ETHUSDT,740.063,769.9865,724.8743,753.6061,55987.16
2018-11-19,ETHUSDT,753.6061,753.6061,672.0713,678.4514,48724.63
2018-11-20,ETHUSDT,678.4514,782.6664,678.4514,775.302,58423.49
2018-11-21,ETHUSDT,775.302,804.1964,682.9786,741.5903,21569.19
2018-11-22,ETHUSDT,741.5903,761.3862,730.3435,749.3463,12079.04
2018-11-23,ETHUSDT,749.3463,755.5573,740.2511,753.6801,13963.69
2018-11-24,ETHUSDT,753.6801,811.0229,736.9219,764.7812,19053.74
2018-11-25,ETHUSDT,764.7812,807.426,764.7812,774.9322,11571.91
2018-11-26,ETHUSDT,774.9322,778.4788,734.2647,745.9243,15992.28
2018-11-27,ETHUSDT,745.9243,814.5657,745.9243,792.0366,41744.54
2018-11-28,ETHUSDT,792.0366,792.0366,712.3519,719.197,42163.01
2018-11-29,ETHUSDT,719.197,719.197,646.0974,670.9195,17334.75
2018-11-30,ETHUSDT,670.9195,720.7071,670.9195,677.9795,11684.59
2018-12-01,ETHUSDT,677.9795,677.9795,560.0534,580.4307,55421.28
2018-12-02,ETHUSDT,580.4307,580.4307,482.0133,486.6927,66237.46
2018-12-03,ETHUSDT,486.6927,554.6605,486.6927,514.045,30250.33
2018-12-04,ETHUSDT,514.045,514.045,476.9684,498.2584,23538.19
2018-12-05,ETHUSDT,498.2584,523.849,498.2584,506.6112,44202.73
2018-12-06,ETHUSDT,506.6112,525.8177,483.4159,503.4958,22497.39
2018-12-07,ETHUSDT,503.4958,536.5572,498.8883,512.537,25885.67
2018-12-08,ETHUSDT,512.537,585.097,512.537,571.5584,42349.03
2018-12-09,ETHUSDT,571.5584,615.5364,571.5584,611.342,25522.02
2018-12-10,ETHUSDT,611.342,633.3698,586.6168,621.9842,11488.0
2018-12-11,ETHUSDT,621.9842,621.9842,522.0832,561.961,111088.35
2018-12-12,ETHUSDT,561.961,561.961,510.9646,516.6527,39366.72
2018-12-13,ETHUSDT,516.6527,535.0453,508.3141,523.9206,12711.67
2018-12-14,ETHUSDT,523.9206,547.062,497.6388,545.4561,48200.09
2018-12-15,ETHUSDT,545.4561,545.4561,528.8997,530.1852,13610.67
2018-12-16,ETHUSDT,530.1852,578.3232,483.0769,550.9217,19930.51
2018-12-17,ETHUSDT,550.9217,550.9217,524.5831,535.1184,21667.05
2018-12-18,ETHUSDT,535.1184,615.9663,535.1184,593.125,46797.37
2018-12-19,ETHUSDT,593.125,646.6218,593.125,613.057,19609.91
2018-12-20,ETHUSDT,613.057,671.543,613.057,641.0487,15144.69
2018-12-21,ETHUSDT,641.0487,671.3841,641.0487,656.0292,20337.12
2018-12-22,ETHUSDT,656.0292,728.2765,617.9488,707.4227,52303.17
2018-12-23,ETHUSDT,707.4227,733.8995,635.963,696.9858,5668.78
2018-12-24,ETHUSDT,696.9858,702.0269,674.2878,678.0728,19563.05
2018-12-25,ETHUSDT,678.0728,738.9271,677.638,696.9145,27567.03
2018-12-26,ETHUSDT,696.9145,696.9145,590.8873,591.7747,34688.26
2018-12-27,ETHUSDT,591.7747,607.1722,591.7747,601.1873,27351.52
2018-12-28,ETHUSDT,601.1873,605.9453,588.3874,604.7495,21173.76
2018-12-29,ETHUSDT,604.7495,694.0744,604.7495,634.7135,28781.93
2018-12-30,ETHUSDT,634.7135,638.8164,610.0581,632.0659,20562.6
2018-12-31,ETHUSDT,632.0659,746.61,632.0659,737.5443,50729.33
2019-01-01,ETHUSDT,737.5443,737.5443,451.3655,454.477,113454.73
2019-01-02,ETHUSDT,454.477,523.7812,454.477,488.476,42878.68
2019-01-03,ETHUSDT,488.476,494.3992,446.7483,480.788,13167.1
2019-01-04,ETHUSDT,480.788,503.9648,464.6899,481.8979,13666.77
2019-01-05,ETHUSDT,481.8979,490.5539,453.3793,476.2353,19594.97
2019-01-06,ETHUSDT,476.2353,476.2353,440.5645,445.0319,36199.86
2019-01-07,ETHUSDT,445.0319,493.8613,445.0319,464.2239,33059.4
2019-01-08,ETHUSDT,464.2239,470.1238,441.1411,456.929,6810.84
2019-01-09,ETHUSDT,456.929,500.1885,456.929,470.6982,23130.21
2019-01-10,ETHUSDT,470.6982,491.969,466.7331,486.8328,56406.15
2019-01-11,ETHUSDT,486.8328,505.1973,486.8328,501.0467,48502.28
2019-01-12,ETHUSDT,501.0467,501.0467,466.1951,468.7649,30490.03
2019-01-13,ETHUSDT,468.7649,468.7649,413.5799,441.2563,29286.93
2019-01-14,ETHUSDT,441.2563,453.7151,431.5217,442.6125,18497.12
2019-01-15,ETHUSDT,442.6125,460.4506,424.8354,433.953,30223.07
2019-01-16,ETHUSDT,433.953,433.953,402.5749,413.4921,27786.08
2019-01-17,ETHUSDT,413.4921,413.4921,394.5541,400.7629,31312.45
2019-01-18,ETHUSDT,400.7629,400.7629,357.1455,398.4466,27942.4
2019-01-19,ETHUSDT,398.4466,398.4466,378.0495,379.8928,36852.84
2019-01-20,ETHUSDT,379.8928,379.8928,367.9258,368.3447,58401.66
2019-01-21,ETHUSDT,368.3447,368.3447,311.1856,360.8353,23364.54
2019-01-22,ETHUSDT,360.8353,387.142,352.9006,379.105,43211.92
2019-01-23,ETHUSDT,379.105,399.8627,379.105,380.2418,26484.71
2019-01-24,ETHUSDT,380.2418,380.2418,359.5169,364.1146,54406.51
2019-01-25,ETHUSDT,364.1146,379.6963,364.1146,367.096,33794.19
2019-01-26,ETHUSDT,367.096,375.1031,355.8231,364.0205,21993.2
2019-01-27,ETHUSDT,364.0205,375.3913,364.0205,375.3649,48414.0
2019-01-28,ETHUSDT,375.3649,385.1766,375.3649,380.469,25353.53
2019-01-29,ETHUSDT,380.469,395.8069,379.8143,381.4336,69331.12
2019-01-30,ETHUSDT,381.4336,381.4336,354.539,358.2066,11383.69
2019-01-31,ETHUSDT,358.2066,358.2066,342.9746,347.4222,39986.4
2019-02-01,ETHUSDT,347.4222,364.5437,335.3717,345.345,21920.4
2019-02-02,ETHUSDT,345.345,360.4826,331.7341,341.6514,15093.83
2019-02-03,ETHUSDT,341.6514,341.6514,317.5216,331.8433,64632.69
2019-02-04,ETHUSDT,331.8433,338.7702,318.6909,322.2256,30286.98
2019-02-05,ETHUSDT,322.2256,334.3414,322.2256,323.1673,15359.55
2019-02-06,ETHUSDT,323.1673,338.0702,323.1673,328.8562,9326.99
2019-02-07,ETHUSDT,328.8562,328.8562,305.9329,306.255,71396.01
2019-02-08,ETHUSDT,306.255,318.7069,262.2988,304.2447,25879.35
2019-02-09,ETHUSDT,304.2447,304.2447,271.8093,293.3327,18742.83
2019-02-10,ETHUSDT,293.3327,332.7465,293.2655,297.2075,31462.19
2019-02-11,ETHUSDT,297.2075,341.8933,297.2075,332.5038,45213.13
2019-02-12,ETHUSDT,332.5038,332.5038,301.3637,306.6862,45872.67
2019-02-13,ETHUSDT,306.6862,310.7442,305.2191,307.2206,13654.71
2019-02-14,ETHUSDT,307.2206,313.7298,281.2528,307.2468,12976.41
2019-02-15,ETHUSDT,307.2468,308.1884,292.0381,298.6088,23143.87
2019-02-16,ETHUSDT,298.6088,319.1782,291.7056,300.9518,16207.72
2019-02-17,ETHUSDT,300.9518,317.828,287.707,297.2406,20682.78
2019-02-18,ETHUSDT,297.2406,320.2863,296.1132,301.6034,15675.09
2019-02-19,ETHUSDT,301.6034,321.8903,288.6957,297.2017,10414.23
2019-02-20,ETHUSDT,297.2017,319.2646,297.2017,315.062,44049.68
2019-02-21,ETHUSDT,315.062,335.1441,314.0953,322.8902,18522.81
2019-02-22,ETHUSDT,322.8902,347.4747,322.8902,345.1037,28254.93
2019-02-23,ETHUSDT,345.1037,345.1037,332.3092,333.2152,37314.36
2019-02-24,ETHUSDT,333.2152,338.0454,325.1454,336.8102,23829.61
2019-02-25,ETHUSDT,336.8102,348.0195,320.2931,332.8429,14638.08
2019-02-26,ETHUSDT,332.8429,341.8695,324.398,333.3644,10026.21
2019-02-27,ETHUSDT,333.3644,333.3644,311.3054,317.7665,25010.77
2019-02-28,ETHUSDT,317.7665,343.2581,315.0495,324.2484,17678.25
2019-03-01,ETHUSDT,324.2484,347.4877,324.2484,346.3499,16450.45
2019-03-02,ETHUSDT,346.3499,377.9119,346.3499,359.7035,11110.7
2019-03-03,ETHUSDT,359.7035,359.7035,334.5059,342.8664,32971.0
2019-03-04,ETHUSDT,342.8664,401.7645,320.7766,360.6772,65464.67
2019-03-05,ETHUSDT,360.6772,360.6772,339.6856,358.0462,41192.98
2019-03-06,ETHUSDT,358.0462,358.0462,329.0284,343.1591,42917.34
2019-03-07,ETHUSDT,343.1591,351.3692,342.0129,349.2242,23401.23
2019-03-08,ETHUSDT,349.2242,349.2242,312.6102,332.0744,17153.83
2019-03-09,ETHUSDT,332.0744,346.7236,320.4231,323.1002,22984.42
2019-03-10,ETHUSDT,323.1002,328.71,319.2256,326.6271,32625.95
2019-03-11,ETHUSDT,326.6271,365.4627,326.4527,345.0922,18602.06
2019-03-12,ETHUSDT,345.0922,364.0965,339.1175,354.7359,8941.97
2019-03-13,ETHUSDT,354.7359,354.7359,325.6694,335.5935,45223.09
2019-03-14,ETHUSDT,335.5935,374.1889,335.5935,358.7173,26780.42
2019-03-15,ETHUSDT,358.7173,358.7173,314.3272,323.1985,27681.1
2019-03-16,ETHUSDT,323.1985,329.5051,296.555,318.8261,19432.08
2019-03-17,ETHUSDT,318.8261,338.3298,317.4957,329.2424,14684.74
2019-03-18,ETHUSDT,329.2424,329.2424,309.2768,310.9505,21153.36
2019-03-19,ETHUSDT,310.9505,328.8056,304.5802,328.6652,19416.31
2019-03-20,ETHUSDT,328.6652,345.1292,326.5762,335.3642,23244.01
2019-03-21,ETHUSDT,335.3642,356.7021,326.3805,341.6128,21976.85
2019-03-22,ETHUSDT,341.6128,358.4113,334.6126,348.6586,11071.25
2019-03-23,ETHUSDT,348.6586,399.1554,348.6586,380.1257,41406.4
2019-03-24,ETHUSDT,380.1257,413.9725,380.1257,404.8662,63811.1
2019-03-25,ETHUSDT,404.8662,404.8662,378.2063,400.3035,24844.67
2019-03-26,ETHUSDT,400.3035,400.3793,376.4887,382.7281,47404.76
2019-03-27,ETHUSDT,382.7281,394.4643,346.539,373.5085,15658.4
2019-03-28,ETHUSDT,373.5085,376.8447,344.9226,367.4767,24548.93
2019-03-29,ETHUSDT,367.4767,367.4767,340.1749,346.9285,39663.45
2019-03-30,ETHUSDT,346.9285,355.1807,334.2509,336.3421,27751.25
2019-03-31,ETHUSDT,336.3421,336.9834,287.2262,307.7192,59777.5
2019-04-01,ETHUSDT,307.7192,313.3186,299.9445,307.189,38943.82
2019-04-02,ETHUSDT,307.189,388.4914,307.189,368.804,23609.16
2019-04-03,ETHUSDT,368.804,460.6887,368.804,449.2389,80061.08
2019-04-04,ETHUSDT,449.2389,449.2389,401.3024,434.2484,25216.41
2019-04-05,ETHUSDT,434.2484,436.3288,398.2689,422.7558,12236.07
2019-04-06,ETHUSDT,422.7558,427.7579,415.464,419.8408,18623.08
2019-04-07,ETHUSDT,419.8408,419.8408,350.6113,366.0129,60611.68
2019-04-08,ETHUSDT,366.0129,393.8992,366.0129,371.4994,15121.4
2019-04-09,ETHUSDT,371.4994,390.7121,371.4994,389.8403,31693.38
2019-04-10,ETHUSDT,389.8403,401.7111,382.4668,384.5252,12567.7
2019-04-11,ETHUSDT,384.5252,397.1702,382.2302,386.1807,12655.84
2019-04-12,ETHUSDT,386.1807,441.5575,386.1807,421.1024,43739.76
2019-04-13,ETHUSDT,421.1024,462.7932,421.1024,433.9984,11292.48
2019-04-14,ETHUSDT,433.9984,568.269,433.9984,521.0953,34580.92
2019-04-15,ETHUSDT,521.0953,562.0101,521.0953,530.2854,22072.64
2019-04-16,ETHUSDT,530.2854,547.7173,473.6013,499.5751,27079.56
2019-04-17,ETHUSDT,499.5751,503.1053,493.746,496.9206,18241.94
2019-04-18,ETHUSDT,496.9206,522.2655,482.9676,487.6457,31734.8
2019-04-19,ETHUSDT,487.6457,512.3417,455.3455,508.0947,11955.41
2019-04-20,ETHUSDT,508.0947,537.6432,508.0947,522.1602,18875.51
2019-04-21,ETHUSDT,522.1602,552.7771,522.1602,537.4438,14303.53
2019-04-22,ETHUSDT,537.4438,634.7818,537.4438,559.2297,15669.82
2019-04-23,ETHUSDT,559.2297,629.0567,559.2297,617.6966,7231.61
2019-04-24,ETHUSDT,617.6966,677.4295,617.6966,667.8618,26436.33
2019-04-25,ETHUSDT,667.8618,682.6391,639.106,652.9281,13549.59
2019-04-26,ETHUSDT,652.9281,669.5443,619.296,665.4568,20113.9
2019-04-27,ETHUSDT,665.4568,687.322,665.4568,687.0601,9650.28
2019-04-28,ETHUSDT,687.0601,718.4738,638.6591,702.8629,25008.62
2019-04-29,ETHUSDT,702.8629,715.4778,698.4066,710.687,12263.79
2019-04-30,ETHUSDT,710.687,710.687,678.3595,683.8778,15937.13
2019-05-01,ETHUSDT,683.8778,809.3204,683.8778,736.5322,15231.77
2019-05-02,ETHUSDT,736.5322,812.2283,736.5322,796.9998,44095.62
2019-05-03,ETHUSDT,796.9998,838.9777,752.9127,796.2597,19703.09
2019-05-04,ETHUSDT,796.2597,796.2597,753.6105,777.7703,25277.17
2019-05-05,ETHUSDT,777.7703,901.8753,777.7703,823.756,32634.84
2019-05-06,ETHUSDT,823.756,823.756,792.326,809.8684,3549.79
2019-05-07,ETHUSDT,809.8684,868.6757,809.8684,862.2993,18928.68
2019-05-08,ETHUSDT,862.2993,944.686,821.4484,902.723,10927.16
2019-05-09,ETHUSDT,902.723,996.7204,902.723,950.4445,17346.59
2019-05-10,ETHUSDT,950.4445,1020.2644,950.4445,1004.9484,11908.92
2019-05-11,ETHUSDT,1004.9484,1067.2729,964.4038,1013.7474,12340.02
2019-05-12,ETHUSDT,1013.7474,1064.7007,1013.7474,1063.8023,19079.0
2019-05-13,ETHUSDT,1063.8023,1063.8023,942.3206,987.1738,11576.03
2019-05-14,ETHUSDT,987.1738,987.1738,882.9562,912.4036,13497.27
2019-05-15,ETHUSDT,912.4036,1061.3702,912.4036,1059.9259,51312.36
2019-05-16,ETHUSDT,1059.9259,1059.9259,985.0995,1038.2204,5778.99
2019-05-17,ETHUSDT,1038.2204,1038.2204,941.1019,1009.2281,4636.23
2019-05-18,ETHUSDT,1009.2281,1009.2281,1001.592,1003.3899,8295.42
2019-05-19,ETHUSDT,1003.3899,1112.9207,1003.3899,1096.9981,19156.5
2019-05-20,ETHUSDT,1096.9981,1096.9981,1073.122,1077.0704,9180.81
2019-05-21,ETHUSDT,1077.0704,1077.0704,915.9837,1018.7681,12195.23
2019-05-22,ETHUSDT,1018.7681,1040.6888,1014.6329,1018.3683,5459.65
2019-05-23,ETHUSDT,1018.3683,1206.7093,1018.3683,1118.3372,9400.27
2019-05-24,ETHUSDT,1118.3372,1253.5475,1118.3372,1167.2221,5508.07
2019-05-25,ETHUSDT,1167.2221,1167.2221,947.215,995.6891,23628.24
2019-05-26,ETHUSDT,995.6891,995.6891,933.9031,977.5493,5183.22
2019-05-27,ETHUSDT,977.5493,1031.2176,977.5493,1020.2224,13136.9
2019-05-28,ETHUSDT,1020.2224,1020.2224,957.5056,1002.3097,8155.84
2019-05-29,ETHUSDT,1002.3097,1203.0599,1002.3097,1149.4956,11648.0
2019-05-30,ETHUSDT,1149.4956,1347.0089,1149.4956,1213.2929,6319.99
2019-05-31,ETHUSDT,1213.2929,1213.2929,1102.9232,1128.3566,26900.27
2019-06-01,ETHUSDT,1128.3566,1163.509,1056.5728,1134.4863,10974.84
2019-06-02,ETHUSDT,1134.4863,1310.1223,1134.4863,1236.0601,5334.41
2019-06-03,ETHUSDT,1236.0601,1236.0601,1180.9097,1217.3195,9261.98
2019-06-04,ETHUSDT,1217.3195,1217.3195,1169.9901,1170.7151,8232.35
2019-06-05,ETHUSDT,1170.7151,1170.7151,1142.2764,1164.3082,8717.34
2019-06-06,ETHUSDT,1164.3082,1194.3387,1151.2105,1174.3278,1628.16
2019-06-07,ETHUSDT,1174.3278,1198.4125,1170.9203,1195.8058,5882.16
2019-06-08,ETHUSDT,1195.8058,1195.8058,1089.3506,1121.426,7045.76
2019-06-09,ETHUSDT,1121.426,1121.426,1013.3781,1060.9849,12318.85
2019-06-10,ETHUSDT,1060.9849,1200.9484,1060.9849,1155.4185,9608.99
2019-06-11,ETHUSDT,1155.4185,1155.4185,1032.3132,1066.8834,23146.77
2019-06-12,ETHUSDT,1066.8834,1212.3593,1062.5676,1103.3778,10528.56
2019-06-13,ETHUSDT,1103.3778,1103.3778,985.9422,1024.5972,15941.55
2019-06-14,ETHUSDT,1024.5972,1080.7963,938.3214,1074.3918,9036.94
2019-06-15,ETHUSDT,1074.3918,1112.0395,1047.4844,1060.0445,3989.52
2019-06-16,ETHUSDT,1060.0445,1060.0445,1021.9656,1022.6769,21659.79
2019-06-17,ETHUSDT,1022.6769,1098.382,1022.6769,1053.8513,4719.88
2019-06-18,ETHUSDT,1053.8513,1126.9153,1037.2555,1090.6515,13154.74
2019-06-19,ETHUSDT,1090.6515,1214.042,1090.6515,1150.4524,16808.33
2019-06-20,ETHUSDT,1150.4524,1150.4524,985.4731,1069.054,9686.3
2019-06-21,ETHUSDT,1069.054,1129.9543,1040.1777,1045.8463,4589.08
2019-06-22,ETHUSDT,1045.8463,1045.8463,1009.33,1029.2672,8822.3
2019-06-23,ETHUSDT,1029.2672,1029.2672,854.8994,895.3277,16144.86
2019-06-24,ETHUSDT,895.3277,971.0781,895.3277,955.7743,7907.79
2019-06-25,ETHUSDT,955.7743,1165.4968,955.7743,1084.0492,27245.25
2019-06-26,ETHUSDT,1084.0492,1197.6192,1084.0492,1169.4,7583.85
2019-06-27,ETHUSDT,1169.4,1169.4,1049.2205,1098.2896,9561.75
2019-06-28,ETHUSDT,1098.2896,1105.2333,1023.2424,1066.0709,12461.09
2019-06-29,ETHUSDT,1066.0709,1089.5764,1059.0603,1065.9746,8097.5
2019-06-30,ETHUSDT,1065.9746,1125.5521,983.4833,1020.1073,11109.17
2019-07-01,ETHUSDT,1020.1073,1109.329,1020.1073,1085.4927,8165.08
2019-07-02,ETHUSDT,1085.4927,1085.4927,983.7862,1032.096,8374.73
2019-07-03,ETHUSDT,1032.096,1078.3412,1032.096,1059.9714,10250.91
2019-07-04,ETHUSDT,1059.9714,1059.9714,1019.3693,1042.3044,5991.39
2019-07-05,ETHUSDT,1042.3044,1042.3044,900.5385,976.1504,20179.9
2019-07-06,ETHUSDT,976.1504,998.2438,948.7465,988.5964,17930.18
2019-07-07,ETHUSDT,988.5964,1000.6721,938.3376,956.1331,5857.48
2019-07-08,ETHUSDT,956.1331,987.3912,922.3155,962.3234,14509.91
2019-07-09,ETHUSDT,962.3234,1047.4197,962.3234,1024.9054,16165.88
2019-07-10,ETHUSDT,1024.9054,1024.9054,826.725,908.2505,20203.32
2019-07-11,ETHUSDT,908.2505,997.7035,908.2505,948.2145,20152.33
2019-07-12,ETHUSDT,948.2145,967.041,927.5785,962.7792,9310.22
2019-07-13,ETHUSDT,962.7792,962.7792,848.9034,886.2937,14669.24
2019-07-14,ETHUSDT,886.2937,925.0482,840.5851,901.5781,6533.19
2019-07-15,ETHUSDT,901.5781,901.5781,810.6447,846.1093,9973.41
2019-07-16,ETHUSDT,846.1093,865.1737,793.4173,847.9956,7596.26
2019-07-17,ETHUSDT,847.9956,847.9956,787.4309,801.7841,22124.78
2019-07-18,ETHUSDT,801.7841,852.7961,726.6286,796.5501,9133.81
2019-07-19,ETHUSDT,796.5501,854.8655,796.5501,826.9082,14509.64
2019-07-20,ETHUSDT,826.9082,850.3696,779.8455,808.572,9924.56
2019-07-21,ETHUSDT,808.572,823.3772,757.6251,804.2528,12185.26
2019-07-22,ETHUSDT,804.2528,854.8224,718.5599,809.4764,6929.35
2019-07-23,ETHUSDT,809.4764,809.4764,746.847,760.3705,28171.77
2019-07-24,ETHUSDT,760.3705,782.1885,694.9689,735.2645,4788.24
2019-07-25,ETHUSDT,735.2645,766.5273,735.2645,763.9093,16921.8
2019-07-26,ETHUSDT,763.9093,763.9093,702.9822,721.7636,25539.28
2019-07-27,ETHUSDT,721.7636,754.9632,702.4147,741.58,14892.64
2019-07-28,ETHUSDT,741.58,828.1219,741.58,806.9289,27648.42
2019-07-29,ETHUSDT,806.9289,837.0107,767.4498,820.7433,7495.41
2019-07-30,ETHUSDT,820.7433,842.2429,790.6708,796.5172,7368.73
2019-07-31,ETHUSDT,796.5172,873.514,796.5172,845.6637,6421.75
2019-08-01,ETHUSDT,845.6637,845.6637,802.5332,813.5732,12471.52
2019-08-02,ETHUSDT,813.5732,822.6059,794.3362,803.3065,12235.75
2019-08-03,ETHUSDT,803.3065,803.3065,767.6981,797.1629,4891.56
2019-08-04,ETHUSDT,797.1629,827.3952,784.2984,793.6817,11155.26
2019-08-05,ETHUSDT,793.6817,793.8427,760.7671,767.0414,11790.49
2019-08-06,ETHUSDT,767.0414,767.0414,697.2995,746.2025,13767.52
2019-08-07,ETHUSDT,746.2025,746.2025,710.74,727.8059,7734.21
2019-08-08,ETHUSDT,727.8059,739.7939,670.1298,703.2193,11832.34
2019-08-09,ETHUSDT,703.2193,703.2193,690.9681,691.2436,7060.81
2019-08-10,ETHUSDT,691.2436,705.4947,684.463,698.8884,8245.52
2019-08-11,ETHUSDT,698.8884,703.2966,679.6237,687.2277,7307.74
2019-08-12,ETHUSDT,687.2277,715.6802,657.65,680.4404,6523.19
2019-08-13,ETHUSDT,680.4404,705.3027,665.9544,689.9553,12520.72
2019-08-14,ETHUSDT,689.9553,689.9553,616.1537,645.685,34197.8
2019-08-15,ETHUSDT,645.685,645.685,585.9859,600.6182,24541.5
2019-08-16,ETHUSDT,600.6182,619.1304,570.2925,577.1761,6916.42
2019-08-17,ETHUSDT,577.1761,609.0455,559.5997,560.4274,23275.88
2019-08-18,ETHUSDT,560.4274,579.5096,560.4274,570.218,18648.83
2019-08-19,ETHUSDT,570.218,570.218,526.7874,548.0741,13194.1
2019-08-20,ETHUSDT,548.0741,548.0741,467.5255,507.3118,12844.56
2019-08-21,ETHUSDT,507.3118,534.4062,507.3118,533.3354,8645.66
2019-08-22,ETHUSDT,533.3354,567.0894,533.3354,545.1442,10279.27
2019-08-23,ETHUSDT,545.1442,607.0317,545.1442,573.1233,14562.59
2019-08-24,ETHUSDT,573.1233,663.5704,573.1233,620.7626,14787.48
2019-08-25,ETHUSDT,620.7626,688.8345,620.7626,657.5509,10854.52
2019-08-26,ETHUSDT,657.5509,683.8636,588.6314,662.5931,3564.05
2019-08-27,ETHUSDT,662.5931,662.5931,581.5351,595.9447,40779.27
2019-08-28,ETHUSDT,595.9447,595.9447,523.4472,544.9399,63867.56
2019-08-29,ETHUSDT,544.9399,546.4941,526.6904,527.2212,22770.18
2019-08-30,ETHUSDT,527.2212,537.2989,475.0823,504.2012,10126.56
2019-08-31,ETHUSDT,504.2012,513.3845,494.7634,498.26,18842.35
2019-09-01,ETHUSDT,498.26,498.26,461.6071,491.7199,28930.37
2019-09-02,ETHUSDT,491.7199,503.5716,482.5324,498.3885,3955.61
2019-09-03,ETHUSDT,498.3885,498.3885,443.4945,467.5988,17975.38
2019-09-04,ETHUSDT,467.5988,482.6063,467.5988,471.6677,17173.45
2019-09-05,ETHUSDT,471.6677,471.6677,399.4544,427.8961,43672.35
2019-09-06,ETHUSDT,427.8961,427.8961,396.314,416.5347,13271.71
2019-09-07,ETHUSDT,416.5347,421.7543,398.7066,412.3836,21431.22
2019-09-08,ETHUSDT,412.3836,412.3836,382.1989,393.1988,13125.29
2019-09-09,ETHUSDT,393.1988,425.7152,382.3859,392.0907,10223.13
2019-09-10,ETHUSDT,392.0907,392.0907,363.342,383.1363,18830.82
2019-09-11,ETHUSDT,383.1363,422.7008,383.1363,421.0365,14142.99
2019-09-12,ETHUSDT,421.0365,450.7031,421.0365,432.6057,11181.41
2019-09-13,ETHUSDT,432.6057,478.9586,431.4782,444.7196,16624.75
2019-09-14,ETHUSDT,444.7196,444.7196,411.3289,417.584,37912.52
2019-09-15,ETHUSDT,417.584,430.6516,417.584,419.4916,18863.37
2019-09-16,ETHUSDT,419.4916,419.4916,410.8434,411.9167,12295.16
2019-09-17,ETHUSDT,411.9167,417.4603,391.2954,406.2944,17219.92
2019-09-18,ETHUSDT,406.2944,451.5904,406.2944,437.2504,15646.07
2019-09-19,ETHUSDT,437.2504,501.8188,437.2504,466.0545,14923.46
2019-09-20,ETHUSDT,466.0545,466.0545,447.128,449.2902,43291.06
2019-09-21,ETHUSDT,449.2902,484.1522,442.369,461.9367,43956.92
2019-09-22,ETHUSDT,461.9367,468.5512,450.6136,456.107,15103.2
2019-09-23,ETHUSDT,456.107,504.5196,456.107,500.1036,20732.97
2019-09-24,ETHUSDT,500.1036,512.6371,473.5859,489.478,7087.84
2019-09-25,ETHUSDT,489.478,498.9319,489.478,498.4723,15464.99
2019-09-26,ETHUSDT,498.4723,547.5,498.4723,539.8462,24135.61
2019-09-27,ETHUSDT,539.8462,565.1523,539.8462,555.9418,30965.52
2019-09-28,ETHUSDT,555.9418,555.9418,505.6474,544.3123,14105.87
2019-09-29,ETHUSDT,544.3123,575.8027,544.3123,575.3085,33805.39
2019-09-30,ETHUSDT,575.3085,621.7766,561.8293,573.0359,21654.53
2019-10-01,ETHUSDT,573.0359,573.0359,453.6106,505.9676,31883.51
2019-10-02,ETHUSDT,505.9676,505.9676,467.1257,475.9741,23062.04
2019-10-03,ETHUSDT,475.9741,506.206,475.9741,497.8984,40619.8
2019-10-04,ETHUSDT,497.8984,522.336,467.4396,513.8887,22946.6
2019-10-05,ETHUSDT,513.8887,546.5849,513.8887,517.911,6015.35
2019-10-06,ETHUSDT,517.911,602.0586,511.5476,549.7066,42510.66
2019-10-07,ETHUSDT,549.7066,561.6064,544.9637,548.9041,12350.04
2019-10-08,ETHUSDT,548.9041,549.2584,518.3134,537.9671,9490.03
2019-10-09,ETHUSDT,537.9671,650.0837,537.9671,585.7249,29899.1
2019-10-10,ETHUSDT,585.7249,590.6519,568.6313,587.1971,10698.88
2019-10-11,ETHUSDT,587.1971,609.3685,571.3343,602.6009,12982.37
2019-10-12,ETHUSDT,602.6009,602.6009,559.0393,574.6655,21432.59
2019-10-13,ETHUSDT,574.6655,605.766,550.2642,568.6744,17864.04
2019-10-14,ETHUSDT,568.6744,581.1938,547.7812,562.7914,7964.77
2019-10-15,ETHUSDT,562.7914,562.7914,509.478,535.4746,33885.61
2019-10-16,ETHUSDT,535.4746,535.4746,516.6234,519.1017,29566.44
2019-10-17,ETHUSDT,519.1017,522.9081,477.5273,506.4416,23333.43
2019-10-18,ETHUSDT,506.4416,606.927,506.4416,602.7307,84162.53
2019-10-19,ETHUSDT,602.7307,602.7307,550.1784,581.269,20350.36
2019-10-20,ETHUSDT,581.269,589.4237,509.3636,549.164,22484.83
2019-10-21,ETHUSDT,549.164,576.7316,549.164,571.8272,10120.5
2019-10-22,ETHUSDT,571.8272,572.5377,515.3498,526.0569,21555.16
2019-10-23,ETHUSDT,526.0569,581.3802,526.0569,549.6969,27208.35
2019-10-24,ETHUSDT,549.6969,549.6969,489.1623,503.1077,41545.14
2019-10-25,ETHUSDT,503.1077,530.8624,497.7761,499.4142,26949.26
2019-10-26,ETHUSDT,499.4142,522.206,499.4142,521.5447,19537.43
2019-10-27,ETHUSDT,521.5447,528.6079,513.6952,528.0061,21250.47
2019-10-28,ETHUSDT,528.0061,538.3137,521.4789,537.5789,18599.44
2019-10-29,ETHUSDT,537.5789,557.7436,535.0716,541.4901,8256.67
2019-10-30,ETHUSDT,541.4901,541.4901,527.8827,540.3851,14457.42
2019-10-31,ETHUSDT,540.3851,540.3851,492.869,514.7612,18620.75
2019-11-01,ETHUSDT,514.7612,514.7612,480.4752,484.5418,24507.41
2019-11-02,ETHUSDT,484.5418,499.9142,458.3735,499.5742,27189.34
2019-11-03,ETHUSDT,499.5742,593.4532,499.5742,553.9408,35599.74
2019-11-04,ETHUSDT,553.9408,553.9408,515.8414,530.6816,6381.72
2019-11-05,ETHUSDT,530.6816,530.6816,456.31,488.9997,34373.3
2019-11-06,ETHUSDT,488.9997,488.9997,439.6951,454.5675,26610.97
2019-11-07,ETHUSDT,454.5675,498.9712,439.7608,475.7444,22349.82
2019-11-08,ETHUSDT,475.7444,475.7444,457.2794,459.541,21299.7
2019-11-09,ETHUSDT,459.541,498.2682,459.541,494.2313,23026.11
2019-11-10,ETHUSDT,494.2313,494.2313,456.6339,465.0864,17851.83
2019-11-11,ETHUSDT,465.0864,472.668,440.5988,447.9589,53567.88
2019-11-12,ETHUSDT,447.9589,458.921,445.0568,458.1714,36487.15
2019-11-13,ETHUSDT,458.1714,497.895,458.1714,476.4201,18247.57
2019-11-14,ETHUSDT,476.4201,567.7821,476.4201,511.1359,19357.21
2019-11-15,ETHUSDT,511.1359,511.1359,491.9868,495.2951,20434.0
2019-11-16,ETHUSDT,495.2951,574.0355,495.2951,532.8831,29065.79
2019-11-17,ETHUSDT,532.8831,622.2696,532.8831,579.1407,24495.72
2019-11-18,ETHUSDT,579.1407,579.1407,512.2184,530.9024,117574.76
2019-11-19,ETHUSDT,530.9024,530.9024,494.0608,513.3277,18049.2
2019-11-20,ETHUSDT,513.3277,513.3277,488.3145,505.4831,31382.7
2019-11-21,ETHUSDT,505.4831,594.6906,505.4831,545.3493,19896.4
2019-11-22,ETHUSDT,545.3493,545.3493,499.0211,516.6545,20086.77
2019-11-23,ETHUSDT,516.6545,573.7687,480.806,510.9461,54121.84
2019-11-24,ETHUSDT,510.9461,510.9461,458.1538,470.5618,102527.92
2019-11-25,ETHUSDT,470.5618,476.6497,430.2011,448.4704,22700.8
2019-11-26,ETHUSDT,448.4704,448.4704,427.4773,429.9202,37058.22
2019-11-27,ETHUSDT,429.9202,437.2754,406.5303,421.2626,31139.58
2019-11-28,ETHUSDT,421.2626,421.2626,379.2276,403.3588,19296.43
2019-11-29,ETHUSDT,403.3588,403.3588,386.2497,402.3572,19426.56
2019-11-30,ETHUSDT,402.3572,450.3991,402.3572,423.2402,14697.22
2019-12-01,ETHUSDT,423.2402,475.4509,423.2402,461.5507,21791.93
2019-12-02,ETHUSDT,461.5507,511.5713,431.1629,483.5767,34947.89
2019-12-03,ETHUSDT,483.5767,562.3239,480.0397,547.1011,56079.28
2019-12-04,ETHUSDT,547.1011,602.0516,547.1011,601.5266,55394.9
2019-12-05,ETHUSDT,601.5266,607.4509,585.1691,598.1127,11683.36
2019-12-06,ETHUSDT,598.1127,623.8875,587.9017,614.7674,13260.75
2019-12-07,ETHUSDT,614.7674,655.4979,598.3435,639.831,56114.38
2019-12-08,ETHUSDT,639.831,696.5315,639.831,681.8052,32156.54
2019-12-09,ETHUSDT,681.8052,681.8052,616.9542,667.5525,18285.77
2019-12-10,ETHUSDT,667.5525,684.7442,606.3399,654.9776,17961.54
2019-12-11,ETHUSDT,654.9776,654.9776,591.6859,611.4607,55772.79
2019-12-12,ETHUSDT,611.4607,690.1917,611.4607,672.3115,19109.74
2019-12-13,ETHUSDT,672.3115,696.1744,672.3115,694.4153,19030.53
2019-12-14,ETHUSDT,694.4153,718.2316,630.7791,658.6119,15573.17
2019-12-15,ETHUSDT,658.6119,658.6119,572.116,623.4952,18890.0
2019-12-16,ETHUSDT,623.4952,623.4952,520.8107,540.9236,83022.88
2019-12-17,ETHUSDT,540.9236,549.9891,530.7378,540.7293,12192.4
2019-12-18,ETHUSDT,540.7293,592.9618,540.7293,586.3012,17926.4
2019-12-19,ETHUSDT,586.3012,630.9754,573.0252,619.3136,14962.97
2019-12-20,ETHUSDT,619.3136,619.3136,575.1642,586.5679,14867.27
2019-12-21,ETHUSDT,586.5679,616.1359,556.6235,562.2502,26019.27
2019-12-22,ETHUSDT,562.2502,562.9923,558.1804,561.7123,22277.68
2019-12-23,ETHUSDT,561.7123,587.0969,557.4963,562.1426,15983.67
2019-12-24,ETHUSDT,562.1426,563.3712,542.5859,556.5804,63490.06
2019-12-25,ETHUSDT,556.5804,556.5804,529.5676,531.8512,40550.27
2019-12-26,ETHUSDT,531.8512,531.8512,462.4885,462.8987,48120.99
2019-12-27,ETHUSDT,462.8987,512.7143,462.8987,476.1565,19035.92
2019-12-28,ETHUSDT,476.1565,528.7408,476.1565,524.1394,54577.49
2019-12-29,ETHUSDT,524.1394,524.1394,466.338,492.706,36329.89
2019-12-30,ETHUSDT,492.706,492.706,450.4893,454.3499,35695.57
2019-12-31,ETHUSDT,454.3499,454.3499,429.6694,435.94,38416.94
2020-01-01,ETHUSDT,435.94,930.7475,435.94,897.5135,87347.05
2020-01-02,ETHUSDT,897.5135,995.408,896.5359,954.7459,16468.54
2020-01-03,ETHUSDT,954.7459,1175.5173,954.7459,1159.4726,80226.97
2020-01-04,ETHUSDT,1159.4726,1159.4726,1017.689,1094.8247,23124.33
2020-01-05,ETHUSDT,1094.8247,1097.3294,1056.576,1089.5629,9687.44
2020-01-06,ETHUSDT,1089.5629,1089.5629,976.5461,1035.0727,5193.97
2020-01-07,ETHUSDT,1035.0727,1043.7292,1026.5475,1027.8497,8052.87
2020-01-08,ETHUSDT,1027.8497,1072.7771,988.0549,1018.3056,6250.67
2020-01-09,ETHUSDT,1018.3056,1112.7549,1013.7697,1019.8816,9106.36
2020-01-10,ETHUSDT,1019.8816,1019.8816,904.1647,987.3957,10834.85
2020-01-11,ETHUSDT,987.3957,987.3957,860.7752,926.1111,18729.7
2020-01-12,ETHUSDT,926.1111,968.8939,926.1111,956.5451,10130.9
2020-01-13,ETHUSDT,956.5451,1013.3553,873.0694,1008.7063,11746.9
2020-01-14,ETHUSDT,1008.7063,1155.6556,1008.7063,1130.6243,19913.34
2020-01-15,ETHUSDT,1130.6243,1130.6243,1092.5996,1112.419,16879.69
2020-01-16,ETHUSDT,1112.419,1181.5248,1112.419,1124.095,6292.86
2020-01-17,ETHUSDT,1124.095,1166.6781,1013.9274,1148.6808,9852.83
2020-01-18,ETHUSDT,1148.6808,1157.2164,1035.231,1104.3409,16510.27
2020-01-19,ETHUSDT,1104.3409,1177.1314,1015.612,1135.6407,24011.27
2020-01-20,ETHUSDT,1135.6407,1235.6712,1135.6407,1193.4696,26237.0
2020-01-21,ETHUSDT,1193.4696,1253.7564,1193.4696,1239.4883,19776.91
2020-01-22,ETHUSDT,1239.4883,1294.6594,1170.7618,1234.9104,12812.32
2020-01-23,ETHUSDT,1234.9104,1368.3502,1234.9104,1275.6465,12528.26
2020-01-24,ETHUSDT,1275.6465,1275.6465,1152.1544,1224.5453,27460.81
2020-01-25,ETHUSDT,1224.5453,1265.4249,1198.616,1258.8894,17324.63
2020-01-26,ETHUSDT,1258.8894,1348.977,1258.8894,1338.2721,9023.17
2020-01-27,ETHUSDT,1338.2721,1456.0638,1297.1666,1370.1712,9288.07
2020-01-28,ETHUSDT,1370.1712,1489.9931,1370.1712,1467.1754,8196.1
2020-01-29,ETHUSDT,1467.1754,1686.3115,1467.1754,1543.9877,10014.04
2020-01-30,ETHUSDT,1543.9877,1695.092,1439.1106,1504.0164,6657.12
2020-01-31,ETHUSDT,1504.0164,1504.0164,1387.9099,1402.7114,20174.58
2020-02-01,ETHUSDT,1402.7114,1429.1828,1333.058,1392.1852,12213.61
2020-02-02,ETHUSDT,1392.1852,1465.5452,1228.2591,1359.4503,25427.51
2020-02-03,ETHUSDT,1359.4503,1387.3723,1331.9535,1369.4834,19888.32
2020-02-04,ETHUSDT,1369.4834,1391.0778,1301.4994,1320.6896,17122.52
2020-02-05,ETHUSDT,1320.6896,1320.6896,1206.3035,1238.5456,38427.48
2020-02-06,ETHUSDT,1238.5456,1291.0477,1217.5642,1253.1025,17503.52
2020-02-07,ETHUSDT,1253.1025,1331.6909,1253.1025,1295.9455,22859.4
2020-02-08,ETHUSDT,1295.9455,1420.3893,1291.0113,1366.3869,22635.08
2020-02-09,ETHUSDT,1366.3869,1387.828,1275.3477,1296.7779,8298.79
2020-02-10,ETHUSDT,1296.7779,1296.7779,1114.5835,1244.3981,50607.28
2020-02-11,ETHUSDT,1244.3981,1313.026,1192.7202,1275.8013,10188.11
2020-02-12,ETHUSDT,1275.8013,1469.8147,1275.8013,1370.3591,13893.88
2020-02-13,ETHUSDT,1370.3591,1456.7805,1306.1475,1326.3394,15005.03
2020-02-14,ETHUSDT,1326.3394,1333.9813,1215.2457,1293.8055,9073.85
2020-02-15,ETHUSDT,1293.8055,1321.8397,1239.8203,1296.4656,11253.55
2020-02-16,ETHUSDT,1296.4656,1457.0001,1296.4656,1391.678,33420.58
2020-02-17,ETHUSDT,1391.678,1391.678,1215.4378,1364.8429,18260.73
2020-02-18,ETHUSDT,1364.8429,1407.6383,1293.5227,1345.7213,15716.99
2020-02-19,ETHUSDT,1345.7213,1372.2813,1190.4946,1361.8709,40063.7
2020-02-20,ETHUSDT,1361.8709,1432.6194,1348.4249,1378.6856,10735.8
2020-02-21,ETHUSDT,1378.6856,1429.3711,1331.507,1355.3929,36490.1
2020-02-22,ETHUSDT,1355.3929,1412.4299,1312.6205,1359.7026,9998.8
2020-02-23,ETHUSDT,1359.7026,1409.0685,1305.2692,1370.647,32031.95
2020-02-24,ETHUSDT,1370.647,1370.647,1311.0404,1348.7445,13128.89
2020-02-25,ETHUSDT,1348.7445,1514.7182,1348.7445,1407.6611,13191.46
2020-02-26,ETHUSDT,1407.6611,1407.6611,1296.1489,1366.172,11131.78
2020-02-27,ETHUSDT,1366.172,1518.3274,1366.172,1457.1911,25209.24
2020-02-28,ETHUSDT,1457.1911,1522.0954,1282.7261,1383.183,18586.08
2020-02-29,ETHUSDT,1383.183,1383.183,1209.338,1298.4064,29315.95
2020-03-01,ETHUSDT,1298.4064,1469.0535,1262.5629,1339.3422,33257.21
2020-03-02,ETHUSDT,1339.3422,1405.4147,1311.1488,1405.347,21356.86
2020-03-03,ETHUSDT,1405.347,1484.9305,1395.6963,1433.0839,20505.4
2020-03-04,ETHUSDT,1433.0839,1587.8101,1384.6433,1480.6999,39758.77
2020-03-05,ETHUSDT,1480.6999,1555.141,1480.6999,1553.4296,18807.73
2020-03-06,ETHUSDT,1553.4296,1553.4296,1359.7736,1412.375,26177.08
2020-03-07,ETHUSDT,1412.375,1412.375,1236.423,1260.8085,76319.42
2020-03-08,ETHUSDT,1260.8085,1347.6277,1182.7848,1301.7231,25819.92
2020-03-09,ETHUSDT,1301.7231,1376.9465,1222.2273,1299.3774,15565.09
2020-03-10,ETHUSDT,1299.3774,1324.0999,1209.1069,1276.9316,15683.03
2020-03-11,ETHUSDT,1276.9316,1319.0135,1231.5049,1285.9602,9342.29
2020-03-12,ETHUSDT,1285.9602,1334.6941,1174.9634,1296.1136,14606.92
2020-03-13,ETHUSDT,1296.1136,1296.1136,1033.8598,1113.7774,61641.4
2020-03-14,ETHUSDT,1113.7774,1113.7774,975.9382,996.9803,25767.81
2020-03-15,ETHUSDT,996.9803,1121.2777,956.954,1047.4832,20013.19
2020-03-16,ETHUSDT,1047.4832,1165.4593,1047.4832,1090.2093,14091.91
2020-03-17,ETHUSDT,1090.2093,1090.2093,1047.7399,1067.8981,14240.05
2020-03-18,ETHUSDT,1067.8981,1136.9696,1067.8981,1111.0389,9941.49
2020-03-19,ETHUSDT,1111.0389,1111.0389,1042.5823,1083.1766,41300.64
2020-03-20,ETHUSDT,1083.1766,1111.5693,1002.6801,1058.6123,33381.45
2020-03-21,ETHUSDT,1058.6123,1167.9002,1057.7097,1111.4495,26799.31
2020-03-22,ETHUSDT,1111.4495,1206.2259,1111.4495,1158.846,39884.53
2020-03-23,ETHUSDT,1158.846,1272.7267,1158.846,1228.1065,12243.39
2020-03-24,ETHUSDT,1228.1065,1329.008,1220.3442,1266.3503,17559.56
2020-03-25,ETHUSDT,1266.3503,1307.9006,1266.3503,1283.0358,18614.12
2020-03-26,ETHUSDT,1283.0358,1283.0358,1152.8403,1197.6078,70346.18
2020-03-27,ETHUSDT,1197.6078,1200.6891,1183.0334,1190.6471,19937.81
2020-03-28,ETHUSDT,1190.6471,1196.337,1163.0177,1183.524,44004.77
2020-03-29,ETHUSDT,1183.524,1290.62,1183.524,1275.3914,19009.13
2020-03-30,ETHUSDT,1275.3914,1333.245,1190.7006,1273.9992,6520.76
2020-03-31,ETHUSDT,1273.9992,1338.8791,1213.0272,1305.6111,12762.31
2020-04-01,ETHUSDT,1305.6111,1343.1941,1263.7087,1314.5263,9316.4
2020-04-02,ETHUSDT,1314.5263,1365.1489,1310.1029,1361.0531,8986.34
2020-04-03,ETHUSDT,1361.0531,1436.2252,1337.6625,1386.8558,10554.59
2020-04-04,ETHUSDT,1386.8558,1386.8558,1089.7904,1204.9437,80031.69
2020-04-05,ETHUSDT,1204.9437,1204.9437,1149.1128,1170.2635,25116.25
2020-04-06,ETHUSDT,1170.2635,1242.513,1097.0031,1165.0088,17746.96
2020-04-07,ETHUSDT,1165.0088,1313.6188,1165.0088,1239.5323,41036.07
2020-04-08,ETHUSDT,1239.5323,1276.5481,1212.6767,1230.9049,66201.09
2020-04-09,ETHUSDT,1230.9049,1230.9049,1158.5312,1212.5027,42601.92
2020-04-10,ETHUSDT,1212.5027,1321.7591,1212.5027,1288.3176,55938.39
2020-04-11,ETHUSDT,1288.3176,1359.8854,1199.9272,1338.6634,28300.75
2020-04-12,ETHUSDT,1338.6634,1338.6634,1220.548,1266.4819,42871.54
2020-04-13,ETHUSDT,1266.4819,1376.9278,1266.4819,1326.9855,61678.95
2020-04-14,ETHUSDT,1326.9855,1478.3305,1326.9855,1387.4897,28491.99
2020-04-15,ETHUSDT,1387.4897,1593.9952,1387.4897,1484.0313,24986.9
2020-04-16,ETHUSDT,1484.0313,1494.5826,1355.2202,1438.6735,24838.65
2020-04-17,ETHUSDT,1438.6735,1465.1245,1353.7746,1372.8537,23732.57
2020-04-18,ETHUSDT,1372.8537,1372.8537,1288.0924,1293.4315,27466.41
2020-04-19,ETHUSDT,1293.4315,1390.3059,1279.6742,1371.8261,61428.82
2020-04-20,ETHUSDT,1371.8261,1371.8261,1207.1045,1247.4581,56695.59
2020-04-21,ETHUSDT,1247.4581,1247.4581,1062.9932,1104.7641,32357.84
2020-04-22,ETHUSDT,1104.7641,1158.6578,1066.9787,1122.6875,16234.28
2020-04-23,ETHUSDT,1122.6875,1217.3,1122.6875,1205.1114,26934.25
2020-04-24,ETHUSDT,1205.1114,1297.3815,1205.1114,1284.5253,26922.33
2020-04-25,ETHUSDT,1284.5253,1284.5253,1149.2337,1204.8089,71891.74
2020-04-26,ETHUSDT,1204.8089,1212.4139,1141.6559,1168.753,32015.81
2020-04-27,ETHUSDT,1168.753,1168.753,1031.8916,1091.8473,40441.22
2020-04-28,ETHUSDT,1091.8473,1120.6384,1070.0305,1079.7299,13697.95
2020-04-29,ETHUSDT,1079.7299,1141.7204,1062.3328,1102.3766,19974.92
2020-04-30,ETHUSDT,1102.3766,1126.6737,1102.3766,1110.0957,31768.04
2020-05-01,ETHUSDT,1110.0957,1205.1028,1110.0957,1166.5334,134119.82
2020-05-02,ETHUSDT,1166.5334,1226.0103,1125.6473,1185.9612,61701.49
2020-05-03,ETHUSDT,1185.9612,1291.5448,1168.5918,1247.3619,45011.0
2020-05-04,ETHUSDT,1247.3619,1247.3619,1037.9104,1129.5107,26214.8
2020-05-05,ETHUSDT,1129.5107,1142.0094,1048.6435,1103.5875,48824.2
2020-05-06,ETHUSDT,1103.5875,1103.5875,1074.6843,1076.7324,8689.16
2020-05-07,ETHUSDT,1076.7324,1076.7324,1038.6904,1040.765,17594.47
2020-05-08,ETHUSDT,1040.765,1114.8964,1040.765,1082.7851,27281.69
2020-05-09,ETHUSDT,1082.7851,1168.8741,1082.7851,1165.6541,22091.67
2020-05-10,ETHUSDT,1165.6541,1206.0614,1094.7788,1192.7268,7115.04
2020-05-11,ETHUSDT,1192.7268,1321.8861,1192.7268,1278.9771,64365.67
2020-05-12,ETHUSDT,1278.9771,1293.3944,1259.9708,1268.7001,13586.21
2020-05-13,ETHUSDT,1268.7001,1329.6154,1234.3796,1324.3061,25264.18
2020-05-14,ETHUSDT,1324.3061,1506.6933,1324.3061,1451.7809,9932.77
2020-05-15,ETHUSDT,1451.7809,1651.9474,1451.7809,1545.9745,30672.64
2020-05-16,ETHUSDT,1545.9745,1545.9745,1490.3422,1500.8918,25118.37
2020-05-17,ETHUSDT,1500.8918,1522.9117,1458.2094,1466.6431,23218.14
2020-05-18,ETHUSDT,1466.6431,1556.3521,1450.4331,1471.993,10165.49
2020-05-19,ETHUSDT,1471.993,1604.3688,1471.993,1593.5092,64559.06
2020-05-20,ETHUSDT,1593.5092,1691.5649,1561.3731,1629.561,11743.58
2020-05-21,ETHUSDT,1629.561,1864.6047,1587.4355,1734.4409,42796.2
2020-05-22,ETHUSDT,1734.4409,1763.3609,1676.9653,1707.8591,21860.66
2020-05-23,ETHUSDT,1707.8591,1719.7987,1622.7434,1718.0799,17683.96
2020-05-24,ETHUSDT,1718.0799,1819.5805,1687.5382,1738.3726,8782.19
2020-05-25,ETHUSDT,1738.3726,2147.8074,1738.3726,1921.5843,29879.95
2020-05-26,ETHUSDT,1921.5843,1921.5843,1822.5936,1846.541,27755.27
2020-05-27,ETHUSDT,1846.541,2065.4989,1846.541,2017.1516,57379.04
2020-05-28,ETHUSDT,2017.1516,2210.7883,1941.9031,2045.0421,16190.11
2020-05-29,ETHUSDT,2045.0421,2092.441,2045.0421,2056.7829,17386.89
2020-05-30,ETHUSDT,2056.7829,2110.7165,1964.3453,2051.9625,9476.5
2020-05-31,ETHUSDT,2051.9625,2051.9625,1862.4074,1974.184,13005.71
2020-06-01,ETHUSDT,1974.184,2134.9841,1974.184,1993.0102,8950.04
2020-06-02,ETHUSDT,1993.0102,2040.2657,1897.0821,2017.0189,15552.38
2020-06-03,ETHUSDT,2017.0189,2017.0189,1936.3386,1943.6847,34705.67
2020-06-04,ETHUSDT,1943.6847,2010.0861,1937.6955,1965.6606,13018.22
2020-06-05,ETHUSDT,1965.6606,2293.0613,1965.6606,2254.5223,34341.0
2020-06-06,ETHUSDT,2254.5223,2514.8285,2254.5223,2483.4423,22986.4
2020-06-07,ETHUSDT,2483.4423,2918.5968,2483.4423,2634.1804,32816.25
2020-06-08,ETHUSDT,2634.1804,2661.8668,2584.9633,2590.8696,7050.88
2020-06-09,ETHUSDT,2590.8696,2763.28,2590.8696,2720.7194,9098.84
2020-06-10,ETHUSDT,2720.7194,3108.2437,2720.7194,2938.313,30428.76
2020-06-11,ETHUSDT,2938.313,2938.313,2711.8161,2776.5761,13100.23
2020-06-12,ETHUSDT,2776.5761,3008.6315,2680.1229,2802.5575,7993.89
2020-06-13,ETHUSDT,2802.5575,2802.5575,2223.9313,2511.4526,32495.13
2020-06-14,ETHUSDT,2511.4526,2581.2615,2295.7186,2538.6967,15721.9
2020-06-15,ETHUSDT,2538.6967,2751.1009,2486.1461,2599.3457,9086.0
2020-06-16,ETHUSDT,2599.3457,2599.3457,2326.1484,2406.9214,19092.91
2020-06-17,ETHUSDT,2406.9214,2569.8792,2406.9214,2535.9485,13208.75
2020-06-18,ETHUSDT,2535.9485,2535.9485,2323.4458,2425.4217,16366.95
2020-06-19,ETHUSDT,2425.4217,2425.4217,2224.8106,2260.3567,20485.46
2020-06-20,ETHUSDT,2260.3567,2260.3567,1976.0849,2073.4436,48151.11
2020-06-21,ETHUSDT,2073.4436,2230.2582,2073.4436,2222.1064,16373.37
2020-06-22,ETHUSDT,2222.1064,2503.6631,2222.1064,2378.8242,16234.05
2020-06-23,ETHUSDT,2378.8242,2378.8242,2242.5653,2335.8168,10161.01
2020-06-24,ETHUSDT,2335.8168,2579.8129,2335.8168,2514.9554,20307.57
2020-06-25,ETHUSDT,2514.9554,2524.0089,2295.6776,2449.7126,14681.11
2020-06-26,ETHUSDT,2449.7126,2449.7126,2205.3949,2355.3315,32594.66
2020-06-27,ETHUSDT,2355.3315,2653.4273,2355.3315,2604.1244,33081.92
2020-06-28,ETHUSDT,2604.1244,2747.1009,2510.6572,2640.6192,7556.24
2020-06-29,ETHUSDT,2640.6192,2640.6192,2537.5006,2562.1418,7941.31
2020-06-30,ETHUSDT,2562.1418,2859.3248,2562.1418,2745.0942,8697.66
2020-07-01,ETHUSDT,2745.0942,3051.7325,2745.0942,2927.4194,22060.37
2020-07-02,ETHUSDT,2927.4194,2927.4194,2830.7679,2834.3076,8102.52
2020-07-03,ETHUSDT,2834.3076,3138.2053,2820.9744,2981.3663,30195.83
2020-07-04,ETHUSDT,2981.3663,3283.2563,2981.3663,3133.483,31894.57
2020-07-05,ETHUSDT,3133.483,3398.4484,3133.483,3322.1834,17236.95
2020-07-06,ETHUSDT,3322.1834,3519.8501,3322.1834,3341.0066,8028.17
2020-07-07,ETHUSDT,3341.0066,3429.6008,3176.3857,3245.6272,8788.04
2020-07-08,ETHUSDT,3245.6272,3394.6559,3230.9804,3320.1804,13419.65
2020-07-09,ETHUSDT,3320.1804,3320.1804,3086.6563,3273.9586,6141.57
2020-07-10,ETHUSDT,3273.9586,3377.1395,3271.9001,3313.3976,9796.19
2020-07-11,ETHUSDT,3313.3976,3502.5573,3313.3976,3489.8205,18284.81
2020-07-12,ETHUSDT,3489.8205,3489.8205,3461.3513,3468.1431,8042.95
2020-07-13,ETHUSDT,3468.1431,3468.1431,2932.9698,2951.3711,18063.45
2020-07-14,ETHUSDT,2951.3711,3064.2936,2951.3711,3060.0757,5820.45
2020-07-15,ETHUSDT,3060.0757,3060.0757,2715.9862,2861.2081,10971.75
2020-07-16,ETHUSDT,2861.2081,3277.7022,2793.0615,2924.8213,5669.71
2020-07-17,ETHUSDT,2924.8213,2940.4947,2592.77,2849.6581,11896.73
2020-07-18,ETHUSDT,2849.6581,2988.6309,2550.699,2734.0153,8135.44
2020-07-19,ETHUSDT,2734.0153,2900.838,2617.4358,2723.6267,19122.1
2020-07-20,ETHUSDT,2723.6267,2754.8428,2614.9839,2694.8913,9684.17
2020-07-21,ETHUSDT,2694.8913,2887.6698,2651.1462,2679.7958,9624.38
2020-07-22,ETHUSDT,2679.7958,2854.0748,2679.7958,2755.893,8264.93
2020-07-23,ETHUSDT,2755.893,2844.939,2684.8984,2821.9315,9523.1
2020-07-24,ETHUSDT,2821.9315,2821.9315,2508.1626,2633.7233,15927.5
2020-07-25,ETHUSDT,2633.7233,2650.9374,2539.5293,2643.5367,15419.26
2020-07-26,ETHUSDT,2643.5367,2684.3812,2310.4585,2464.2973,25427.61
2020-07-27,ETHUSDT,2464.2973,2464.2973,2304.212,2349.013,23874.19
2020-07-28,ETHUSDT,2349.013,2349.013,2103.9284,2242.336,7759.99
2020-07-29,ETHUSDT,2242.336,2282.6184,2023.9324,2210.2007,10666.74
2020-07-30,ETHUSDT,2210.2007,2542.2549,2210.2007,2378.1347,9954.2
2020-07-31,ETHUSDT,2378.1347,2503.805,2378.1347,2418.8499,9698.29
2020-08-01,ETHUSDT,2418.8499,3471.2554,2418.8499,3343.549,38286.18
2020-08-02,ETHUSDT,3343.549,3527.9065,3343.549,3407.5253,5435.86
2020-08-03,ETHUSDT,3407.5253,3571.8889,3290.1724,3492.8427,11987.93
2020-08-04,ETHUSDT,3492.8427,3733.8025,3492.8427,3684.7948,11765.98
2020-08-05,ETHUSDT,3684.7948,3770.8368,3684.4715,3700.2592,3525.27
2020-08-06,ETHUSDT,3700.2592,3770.8911,3658.5962,3717.413,5893.44
2020-08-07,ETHUSDT,3717.413,3724.2238,3301.6345,3527.5876,17953.17
2020-08-08,ETHUSDT,3527.5876,3527.5876,3255.7782,3424.7817,11311.18
2020-08-09,ETHUSDT,3424.7817,3555.5497,3345.195,3365.3011,11430.13
2020-08-10,ETHUSDT,3365.3011,3414.4108,3222.4467,3340.5169,5705.47
2020-08-11,ETHUSDT,3340.5169,3601.4729,3332.8677,3401.7508,11224.9
2020-08-12,ETHUSDT,3401.7508,3707.1655,3114.8603,3328.9113,7437.71
2020-08-13,ETHUSDT,3328.9113,3478.815,3328.9113,3458.5229,10863.62
2020-08-14,ETHUSDT,3458.5229,3688.8064,3458.5229,3644.3364,32973.27
2020-08-15,ETHUSDT,3644.3364,4163.719,3644.3364,3846.5847,10302.77
2020-08-16,ETHUSDT,3846.5847,3947.4667,3669.52,3798.8006,7038.35
2020-08-17,ETHUSDT,3798.8006,4097.5658,3798.8006,3965.7201,4896.79
2020-08-18,ETHUSDT,3965.7201,3965.7201,3596.2909,3639.3865,13184.89
2020-08-19,ETHUSDT,3639.3865,3977.2583,3639.3865,3796.2857,5952.52
2020-08-20,ETHUSDT,3796.2857,4205.2108,3796.2857,4029.5768,34535.8
2020-08-21,ETHUSDT,4029.5768,4292.2781,4029.5768,4166.0284,5633.18
2020-08-22,ETHUSDT,4166.0284,4166.0284,3518.6015,3544.4914,18650.3
2020-08-23,ETHUSDT,3544.4914,4041.5186,3544.4914,3840.2263,11195.33
2020-08-24,ETHUSDT,3840.2263,4095.8421,3840.2263,4011.7498,6661.5
2020-08-25,ETHUSDT,4011.7498,4394.7694,4011.7498,4387.6143,21511.07
2020-08-26,ETHUSDT,4387.6143,4472.5746,3731.8279,4053.727,34228.34
2020-08-27,ETHUSDT,4053.727,4494.0203,4053.727,4300.4416,14488.74
2020-08-28,ETHUSDT,4300.4416,4300.4416,3997.8126,4121.8202,3099.69
2020-08-29,ETHUSDT,4121.8202,4511.5486,4121.8202,4344.4851,22264.31
2020-08-30,ETHUSDT,4344.4851,4922.8817,4344.4851,4441.3029,7891.41
2020-08-31,ETHUSDT,4441.3029,4660.7414,4318.1473,4580.7683,12359.7
2020-09-01,ETHUSDT,4580.7683,4755.5493,4385.274,4575.5096,5831.93
2020-09-02,ETHUSDT,4575.5096,4833.8754,4551.1831,4627.791,12002.07
2020-09-03,ETHUSDT,4627.791,5201.2144,4627.791,4947.4403,18137.82
2020-09-04,ETHUSDT,4947.4403,5549.3889,4947.4403,5268.7555,16879.75
2020-09-05,ETHUSDT,5268.7555,5268.7555,4702.4414,4930.4104,15464.03
2020-09-06,ETHUSDT,4930.4104,5918.218,4930.4104,5609.3849,11235.4
2020-09-07,ETHUSDT,5609.3849,5965.7072,5240.0833,5618.3322,7032.82
2020-09-08,ETHUSDT,5618.3322,5892.1944,5618.3322,5703.6715,5308.38
2020-09-09,ETHUSDT,5703.6715,5816.6115,5229.6743,5644.2309,13335.79
2020-09-10,ETHUSDT,5644.2309,6773.5159,5644.2309,6062.2594,13300.55
2020-09-11,ETHUSDT,6062.2594,7064.523,6062.2594,7041.625,32834.61
2020-09-12,ETHUSDT,7041.625,7426.0554,6994.9158,7081.9137,3627.21
2020-09-13,ETHUSDT,7081.9137,7266.1215,7081.9137,7253.1092,8340.88
2020-09-14,ETHUSDT,7253.1092,7913.8817,7253.1092,7719.915,12615.71
2020-09-15,ETHUSDT,7719.915,7719.915,7070.9384,7287.8112,21653.59
2020-09-16,ETHUSDT,7287.8112,7287.8112,6754.7356,6965.1059,8551.4
2020-09-17,ETHUSDT,6965.1059,7606.9774,6965.1059,7283.5221,7100.12
2020-09-18,ETHUSDT,7283.5221,7911.729,7283.5221,7352.9603,6481.8
2020-09-19,ETHUSDT,7352.9603,7459.7037,6838.745,7342.0226,1756.14
2020-09-20,ETHUSDT,7342.0226,7505.0483,7193.4175,7379.7513,3765.1
2020-09-21,ETHUSDT,7379.7513,8166.5713,7379.7513,7776.157,7553.35
2020-09-22,ETHUSDT,7776.157,8217.4743,7624.3413,8118.6397,6223.69
2020-09-23,ETHUSDT,8118.6397,8355.7644,7733.9694,7971.0408,7723.99
2020-09-24,ETHUSDT,7971.0408,8018.7317,7452.3093,7914.6914,3965.82
2020-09-25,ETHUSDT,7914.6914,8710.2877,7914.6914,8187.3857,6846.86
2020-09-26,ETHUSDT,8187.3857,9072.9565,8187.3857,8527.0555,6135.82
2020-09-27,ETHUSDT,8527.0555,8527.0555,8001.1181,8047.5714,4459.16
2020-09-28,ETHUSDT,8047.5714,9568.7599,8047.5714,8754.5315,14029.73
2020-09-29,ETHUSDT,8754.5315,10739.3663,8754.5315,10226.3055,16425.01
2020-09-30,ETHUSDT,10226.3055,10226.3055,8962.178,9718.4641,3670.24
2020-10-01,ETHUSDT,9718.4641,9718.4641,9281.6139,9391.6456,8384.75
2020-10-02,ETHUSDT,9391.6456,9949.016,9263.3997,9305.2132,6243.45
2020-10-03,ETHUSDT,9305.2132,9305.2132,8286.427,8615.4736,12452.0
2020-10-04,ETHUSDT,8615.4736,8615.4736,7645.4509,8057.2985,16425.13
2020-10-05,ETHUSDT,8057.2985,8145.2336,7297.6105,7931.0436,13014.35
2020-10-06,ETHUSDT,7931.0436,8100.391,7717.7906,7926.8986,2111.61
2020-10-07,ETHUSDT,7926.8986,8052.8491,7068.1376,7487.144,10791.53
2020-10-08,ETHUSDT,7487.144,7512.0192,7093.5702,7225.8209,7454.01
2020-10-09,ETHUSDT,7225.8209,7487.9324,6727.9188,6972.963,7923.99
2020-10-10,ETHUSDT,6972.963,6972.963,6656.1856,6715.4549,13089.08
2020-10-11,ETHUSDT,6715.4549,6715.4549,5865.7354,6195.4327,17267.3
2020-10-12,ETHUSDT,6195.4327,6629.2077,6195.4327,6415.5158,30166.04
2020-10-13,ETHUSDT,6415.5158,7088.4828,6027.1367,6428.5375,5018.25
2020-10-14,ETHUSDT,6428.5375,7576.5304,6428.5375,6867.6269,17565.18
2020-10-15,ETHUSDT,6867.6269,7853.287,6867.6269,7839.9619,13549.43
2020-10-16,ETHUSDT,7839.9619,7839.9619,6753.3553,7208.6989,8849.7
2020-10-17,ETHUSDT,7208.6989,7813.5672,7145.3298,7667.1356,14050.03
2020-10-18,ETHUSDT,7667.1356,8077.6261,7667.1356,7942.0334,3559.22
2020-10-19,ETHUSDT,7942.0334,8030.1221,7764.2074,7895.2496,6356.57
2020-10-20,ETHUSDT,7895.2496,7895.2496,6745.2735,6757.436,14849.36
2020-10-21,ETHUSDT,6757.436,7316.0552,6535.4524,6786.8488,12891.4
2020-10-22,ETHUSDT,6786.8488,6786.8488,5989.6831,6496.7833,12861.85
2020-10-23,ETHUSDT,6496.7833,6496.7833,5437.5406,5711.765,20358.21
2020-10-24,ETHUSDT,5711.765,5852.7873,5701.6288,5788.1637,7039.36
2020-10-25,ETHUSDT,5788.1637,6452.3742,5788.1637,6359.155,15774.23
2020-10-26,ETHUSDT,6359.155,6705.8944,5932.0382,6355.7725,11695.61
2020-10-27,ETHUSDT,6355.7725,6707.9881,6355.7725,6622.032,11005.75
2020-10-28,ETHUSDT,6622.032,7569.423,6438.4634,7295.7705,16557.7
2020-10-29,ETHUSDT,7295.7705,8119.5987,7295.7705,7806.5234,13143.41
2020-10-30,ETHUSDT,7806.5234,8026.9356,7654.0107,7894.765,9045.22
2020-10-31,ETHUSDT,7894.765,8940.4262,7894.765,8689.3805,22973.42
2020-11-01,ETHUSDT,8689.3805,9973.9195,8689.3805,9584.5488,13388.58
2020-11-02,ETHUSDT,9584.5488,9822.5814,9186.4992,9454.4189,6702.38
2020-11-03,ETHUSDT,9454.4189,9454.4189,8833.5859,8937.56,6621.74
2020-11-04,ETHUSDT,8937.56,9337.8768,8937.56,9317.2061,8815.03
2020-11-05,ETHUSDT,9317.2061,9317.2061,8365.1812,8715.2014,2402.37
2020-11-06,ETHUSDT,8715.2014,9030.9052,8586.4123,8766.4266,2513.21
2020-11-07,ETHUSDT,8766.4266,8766.4266,8144.4892,8312.7655,8894.93
2020-11-08,ETHUSDT,8312.7655,8832.3375,8071.9562,8437.0473,7144.76
2020-11-09,ETHUSDT,8437.0473,8690.3036,7987.8956,8284.0892,9984.27
2020-11-10,ETHUSDT,8284.0892,8420.5906,7561.174,8367.2623,5157.47
2020-11-11,ETHUSDT,8367.2623,9022.0746,8367.2623,8925.4773,14466.37
2020-11-12,ETHUSDT,8925.4773,8925.4773,7948.0009,8486.5746,3208.71
2020-11-13,ETHUSDT,8486.5746,9429.1631,8451.0936,9009.7734,13433.79
2020-11-14,ETHUSDT,9009.7734,9797.87,8853.6094,9678.2627,8537.19
2020-11-15,ETHUSDT,9678.2627,10711.0944,9678.2627,10244.9437,11860.37
2020-11-16,ETHUSDT,10244.9437,10732.3359,10091.0771,10346.2473,4583.62
2020-11-17,ETHUSDT,10346.2473,10404.9161,9146.8897,10256.5221,2880.95
2020-11-18,ETHUSDT,10256.5221,10256.5221,9345.6953,9685.1548,4860.83
2020-11-19,ETHUSDT,9685.1548,11115.8479,9685.1548,10633.6553,20757.35
2020-11-20,ETHUSDT,10633.6553,10633.6553,10106.2614,10171.2837,3248.16
2020-11-21,ETHUSDT,10171.2837,10988.3891,10171.2837,10702.7478,13977.23
2020-11-22,ETHUSDT,10702.7478,10702.7478,9105.6426,10435.0303,3287.81
2020-11-23,ETHUSDT,10435.0303,10435.0303,9389.6773,9552.6465,2279.21
2020-11-24,ETHUSDT,9552.6465,10198.201,9161.5945,9577.8183,2907.22
2020-11-25,ETHUSDT,9577.8183,9769.4506,9169.8193,9380.8001,4393.58
2020-11-26,ETHUSDT,9380.8001,10100.5453,9380.8001,10022.461,4884.33
2020-11-27,ETHUSDT,10022.461,10137.262,9863.1021,10022.1942,1951.96
2020-11-28,ETHUSDT,10022.1942,11411.9923,10022.1942,10341.5874,3779.2
2020-11-29,ETHUSDT,10341.5874,10777.9877,9823.9379,9891.8087,10488.15
2020-11-30,ETHUSDT,9891.8087,10175.5036,9891.8087,10089.9057,5986.9
2020-12-01,ETHUSDT,10089.9057,10337.7376,9295.3117,9465.2213,16878.01
2020-12-02,ETHUSDT,9465.2213,10121.7697,9283.0706,9999.3745,3932.54
2020-12-03,ETHUSDT,9999.3745,10035.0468,9999.3745,10021.1088,1400.7
2020-12-04,ETHUSDT,10021.1088,10349.5923,9381.2854,9850.1979,5694.79
2020-12-05,ETHUSDT,9850.1979,9866.9824,9373.4236,9507.124,9465.83
2020-12-06,ETHUSDT,9507.124,9507.124,8727.4216,9207.7322,4349.69
2020-12-07,ETHUSDT,9207.7322,9207.7322,8444.6837,8543.1583,8775.86
2020-12-08,ETHUSDT,8543.1583,8993.0073,8457.3097,8831.566,5606.32
2020-12-09,ETHUSDT,8831.566,9506.556,8803.089,9073.7996,15967.12
2020-12-10,ETHUSDT,9073.7996,9073.7996,8372.6291,8709.0466,4738.4
2020-12-11,ETHUSDT,8709.0466,8709.0466,7782.3191,8285.4664,9339.97
2020-12-12,ETHUSDT,8285.4664,9343.2318,8285.4664,8746.3618,9253.62
2020-12-13,ETHUSDT,8746.3618,9099.234,8395.3339,8739.3095,2858.49
2020-12-14,ETHUSDT,8739.3095,9041.3163,8113.2542,8429.3263,24943.79
2020-12-15,ETHUSDT,8429.3263,8734.9501,8149.4462,8402.9651,4435.57
2020-12-16,ETHUSDT,8402.9651,9175.1242,8402.9651,8683.392,6984.02
2020-12-17,ETHUSDT,8683.392,8703.5882,7630.4252,8398.363,1760.99
2020-12-18,ETHUSDT,8398.363,9661.2085,8398.363,9586.9274,10121.49
2020-12-19,ETHUSDT,9586.9274,9635.8703,9407.5684,9634.8797,12692.59
2020-12-20,ETHUSDT,9634.8797,11272.3399,9634.8797,10441.3048,19089.01
2020-12-21,ETHUSDT,10441.3048,10542.8164,9946.0023,10210.7736,3542.99
2020-12-22,ETHUSDT,10210.7736,10719.4955,10210.7736,10713.777,7217.31
2020-12-23,ETHUSDT,10713.777,11212.8252,10643.1803,11001.6318,2442.01
2020-12-24,ETHUSDT,11001.6318,11001.6318,10655.3822,10836.9124,6873.78
2020-12-25,ETHUSDT,10836.9124,10957.8169,9724.1502,10533.5352,3155.96
2020-12-26,ETHUSDT,10533.5352,11130.2533,10533.5352,11007.0016,3296.54
2020-12-27,ETHUSDT,11007.0016,12358.1133,11007.0016,11429.9485,7987.59
2020-12-28,ETHUSDT,11429.9485,13551.2004,11429.9485,13298.9029,12323.51
2020-12-29,ETHUSDT,13298.9029,15629.0517,13298.9029,14082.7786,4260.44
2020-12-30,ETHUSDT,14082.7786,14082.7786,12782.8925,12800.7497,4381.71
2020-12-31,ETHUSDT,12800.7497,12850.1359,11894.12,12837.6895,4951.21
2021-01-01,ETHUSDT,12837.6895,16196.4812,12837.6895,15993.3252,8125.03
2021-01-02,ETHUSDT,15993.3252,16928.2733,15032.952,16342.5381,4622.24
2021-01-03,ETHUSDT,16342.5381,17291.0434,16342.5381,17100.4928,5027.29
2021-01-04,ETHUSDT,17100.4928,20591.5588,17100.4928,19657.5451,8442.15
2021-01-05,ETHUSDT,19657.5451,20880.398,19396.5348,19747.1136,3573.22
2021-01-06,ETHUSDT,19747.1136,21894.662,19747.1136,20682.9167,1327.07
2021-01-07,ETHUSDT,20682.9167,23948.4666,20682.9167,23049.3592,3108.85
2021-01-08,ETHUSDT,23049.3592,23504.4203,21562.891,23201.505,3307.63
2021-01-09,ETHUSDT,23201.505,25115.4513,23201.505,25067.2854,5613.01
2021-01-10,ETHUSDT,25067.2854,25067.2854,23982.3345,24861.5709,999.7
2021-01-11,ETHUSDT,24861.5709,25762.0927,23233.43,23890.0243,1869.49
2021-01-12,ETHUSDT,23890.0243,24236.9391,19662.1961,23218.3402,682.17
2021-01-13,ETHUSDT,23218.3402,23218.3402,21343.9055,22020.0934,3942.77
2021-01-14,ETHUSDT,22020.0934,24489.2253,22020.0934,23746.9617,4190.57
2021-01-15,ETHUSDT,23746.9617,25945.4035,23382.9165,24384.9286,1637.51
2021-01-16,ETHUSDT,24384.9286,25994.182,24384.9286,25526.193,1208.23
2021-01-17,ETHUSDT,25526.193,25942.1752,24327.9622,25622.4007,1245.79
2021-01-18,ETHUSDT,25622.4007,29903.9816,25622.4007,28828.4713,4329.6
2021-01-19,ETHUSDT,28828.4713,29293.0766,26859.0373,27683.9008,2739.69
2021-01-20,ETHUSDT,27683.9008,27683.9008,24895.7946,26367.4234,841.79
2021-01-21,ETHUSDT,26367.4234,30350.3223,25239.2618,27314.9283,1953.14
2021-01-22,ETHUSDT,27314.9283,29801.8583,27314.9283,29472.649,3676.25
2021-01-23,ETHUSDT,29472.649,32358.2977,28613.545,31381.5259,1407.81
2021-01-24,ETHUSDT,31381.5259,34048.8107,31381.5259,34017.6701,2994.2
2021-01-25,ETHUSDT,34017.6701,38829.0279,34017.6701,37098.7323,2010.71
2021-01-26,ETHUSDT,37098.7323,37550.8973,37098.7323,37151.862,1610.73
2021-01-27,ETHUSDT,37151.862,39154.312,35946.3865,38354.3021,725.01
2021-01-28,ETHUSDT,38354.3021,39774.6064,36841.653,39046.5385,595.64
2021-01-29,ETHUSDT,39046.5385,39046.5385,35221.7901,37327.8044,2129.57
2021-01-30,ETHUSDT,37327.8044,45187.0945,37327.8044,41922.6636,3890.17
2021-01-31,ETHUSDT,41922.6636,43456.8667,41158.9108,41826.5397,817.03
2021-02-01,ETHUSDT,41826.5397,46040.0752,41310.9773,43523.2041,447.27
2021-02-02,ETHUSDT,43523.2041,43942.3841,40853.7136,42703.5149,361.85
2021-02-03,ETHUSDT,42703.5149,45421.1356,41689.8009,45235.5569,2692.8
2021-02-04,ETHUSDT,45235.5569,45235.5569,40584.7551,42651.8321,936.03
2021-02-05,ETHUSDT,42651.8321,42651.8321,39099.785,39689.139,1550.95
2021-02-06,ETHUSDT,39689.139,40487.8295,38571.6322,39564.9155,813.18
2021-02-07,ETHUSDT,39564.9155,40190.1945,38650.7238,40088.5353,537.68
2021-02-08,ETHUSDT,40088.5353,40088.5353,34201.3964,37296.2804,4985.59
2021-02-09,ETHUSDT,37296.2804,39183.4794,36976.7795,37016.0291,725.48
2021-02-10,ETHUSDT,37016.0291,37586.1304,33580.3366,36019.3931,466.53
2021-02-11,ETHUSDT,36019.3931,39861.2462,35565.4969,37708.4642,1567.26
2021-02-12,ETHUSDT,37708.4642,41279.348,37708.4642,40110.033,2386.06
2021-02-13,ETHUSDT,40110.033,51381.6973,40110.033,48433.8748,5661.41
2021-02-14,ETHUSDT,48433.8748,48479.9689,47124.1179,48358.3451,824.25
2021-02-15,ETHUSDT,48358.3451,49986.2334,45777.8632,48015.1378,347.57
2021-02-16,ETHUSDT,48015.1378,48990.5781,46751.0988,48365.3391,625.22
2021-02-17,ETHUSDT,48365.3391,48890.6402,48033.8761,48879.807,816.67
2021-02-18,ETHUSDT,48879.807,59841.2374,48879.807,55555.0872,3015.4
2021-02-19,ETHUSDT,55555.0872,55555.0872,51832.3035,53641.0161,3203.04
2021-02-20,ETHUSDT,53641.0161,60621.4907,53641.0161,57258.1532,2425.61
2021-02-21,ETHUSDT,57258.1532,57258.1532,54650.6321,54727.0767,994.63
2021-02-22,ETHUSDT,54727.0767,54727.0767,45276.9972,45892.5761,5317.59
2021-02-23,ETHUSDT,45892.5761,45892.5761,41988.2234,43604.226,802.5
2021-02-24,ETHUSDT,43604.226,44870.8222,40783.4779,44763.5845,571.61
2021-02-25,ETHUSDT,44763.5845,46875.4392,44763.5845,45769.457,2642.09
2021-02-26,ETHUSDT,45769.457,45769.457,43002.5885,43589.942,473.47
2021-02-27,ETHUSDT,43589.942,47192.1366,43589.942,44935.851,335.42
2021-02-28,ETHUSDT,44935.851,44935.851,40494.7783,41394.6911,4499.66
2021-03-01,ETHUSDT,41394.6911,45145.4908,39963.0886,42204.9674,838.33
2021-03-02,ETHUSDT,42204.9674,46475.5151,40236.8369,44668.0273,1172.14
2021-03-03,ETHUSDT,44668.0273,44668.0273,40183.4824,40918.5031,2258.96
2021-03-04,ETHUSDT,40918.5031,45705.0661,40918.5031,42872.5091,785.37
2021-03-05,ETHUSDT,42872.5091,50141.173,42872.5091,50114.7043,2181.79
2021-03-06,ETHUSDT,50114.7043,52021.5444,47461.3707,49542.2586,795.98
2021-03-07,ETHUSDT,49542.2586,54501.5879,49542.2586,52126.091,1084.23
2021-03-08,ETHUSDT,52126.091,56572.0921,52012.1119,52629.6639,876.57
2021-03-09,ETHUSDT,52629.6639,61237.3731,52629.6639,56452.2098,3222.85
2021-03-10,ETHUSDT,56452.2098,65446.9664,56452.2098,63792.6236,1509.86
2021-03-11,ETHUSDT,63792.6236,65719.569,62401.1388,65052.6424,1284.68
2021-03-12,ETHUSDT,65052.6424,65052.6424,56870.7739,61130.592,294.48
2021-03-13,ETHUSDT,61130.592,63777.6921,58141.9721,60606.0261,588.19
2021-03-14,ETHUSDT,60606.0261,65621.6591,60442.0229,62424.9113,878.26
2021-03-15,ETHUSDT,62424.9113,68561.4964,60335.5956,66258.9666,904.99
2021-03-16,ETHUSDT,66258.9666,66258.9666,56937.2331,57797.4325,3933.98
2021-03-17,ETHUSDT,57797.4325,60598.4079,56957.3827,58615.7371,658.08
2021-03-18,ETHUSDT,58615.7371,65873.4319,58615.7371,60360.1982,340.23
2021-03-19,ETHUSDT,60360.1982,60360.1982,57247.2252,59480.9474,751.79
2021-03-20,ETHUSDT,59480.9474,63882.5554,55773.7202,59548.2287,1467.34
2021-03-21,ETHUSDT,59548.2287,68260.7984,59548.2287,66317.629,4912.83
2021-03-22,ETHUSDT,66317.629,66786.6551,64065.9904,66602.3966,344.8
2021-03-23,ETHUSDT,66602.3966,68864.0819,66602.3966,68212.7333,1128.55
2021-03-24,ETHUSDT,68212.7333,69958.9498,67168.2334,69066.3123,669.99
2021-03-25,ETHUSDT,69066.3123,78115.792,69066.3123,72064.0384,647.36
2021-03-26,ETHUSDT,72064.0384,72064.0384,65243.6766,68139.726,1680.34
2021-03-27,ETHUSDT,68139.726,68139.726,61308.143,63940.9563,1224.81
2021-03-28,ETHUSDT,63940.9563,65884.5912,59747.7201,64668.2394,746.84
2021-03-29,ETHUSDT,64668.2394,64668.2394,57580.0368,59350.2255,2489.51
2021-03-30,ETHUSDT,59350.2255,60340.8346,57007.6154,58214.8903,1126.67
2021-03-31,ETHUSDT,58214.8903,65815.6693,56972.46,62192.8948,1200.9
2021-04-01,ETHUSDT,62192.8948,67469.7966,62192.8948,65688.2769,912.14
2021-04-02,ETHUSDT,65688.2769,66118.2282,65377.7052,65905.5781,578.52
2021-04-03,ETHUSDT,65905.5781,65905.5781,62236.1557,63308.8443,719.03
2021-04-04,ETHUSDT,63308.8443,65709.3963,62204.825,63899.7721,602.22
2021-04-05,ETHUSDT,63899.7721,63899.7721,51463.4914,59826.8069,1688.64
2021-04-06,ETHUSDT,59826.8069,59826.8069,52176.5392,56282.3221,1282.94
2021-04-07,ETHUSDT,56282.3221,66310.4453,56282.3221,64968.9893,830.9
2021-04-08,ETHUSDT,64968.9893,77996.5371,64968.9893,73630.1721,5483.15
2021-04-09,ETHUSDT,73630.1721,80722.1806,73630.1721,78206.8449,947.75
2021-04-10,ETHUSDT,78206.8449,80655.2948,72196.6838,79328.1034,705.2
2021-04-11,ETHUSDT,79328.1034,86745.8756,79328.1034,83922.963,505.51
2021-04-12,ETHUSDT,83922.963,83922.963,77879.046,78073.0994,1498.37
2021-04-13,ETHUSDT,78073.0994,79775.8651,72963.8524,75392.9817,365.37
2021-04-14,ETHUSDT,75392.9817,82071.6125,75392.9817,75825.9567,1184.96
2021-04-15,ETHUSDT,75825.9567,75825.9567,36007.0004,36779.0209,3886.06
2021-04-16,ETHUSDT,36779.0209,37741.5411,36486.0877,37467.6743,2475.82
2021-04-17,ETHUSDT,37467.6743,37993.7182,35482.4274,37409.7465,1053.54
2021-04-18,ETHUSDT,37409.7465,37409.7465,33618.4428,34709.5274,5656.95
2021-04-19,ETHUSDT,34709.5274,38055.5845,34709.5274,37471.8188,2342.37
2021-04-20,ETHUSDT,37471.8188,38310.3998,37099.0967,38238.9868,1002.26
2021-04-21,ETHUSDT,38238.9868,45131.4173,38238.9868,41326.1546,1094.52
2021-04-22,ETHUSDT,41326.1546,41326.1546,40474.3096,40533.1413,1308.66
2021-04-23,ETHUSDT,40533.1413,40533.1413,35619.2721,36813.4683,1285.19
2021-04-24,ETHUSDT,36813.4683,36813.4683,33784.1319,33937.8417,2741.25
2021-04-25,ETHUSDT,33937.8417,39493.8713,33937.8417,37111.4251,4268.74
2021-04-26,ETHUSDT,37111.4251,37111.4251,30664.5907,31830.3208,1554.5
2021-04-27,ETHUSDT,31830.3208,33478.8004,31830.3208,33252.4801,3220.15
2021-04-28,ETHUSDT,33252.4801,33823.4147,30449.5985,32056.0458,3939.12
2021-04-29,ETHUSDT,32056.0458,32056.0458,25267.8316,26767.5333,4345.64
2021-04-30,ETHUSDT,26767.5333,28132.0247,26767.5333,28114.936,1081.76
2021-05-01,ETHUSDT,28114.936,31862.108,28114.936,29847.5306,1684.89
2021-05-02,ETHUSDT,29847.5306,30512.6011,26240.0971,29114.2097,1003.99
2021-05-03,ETHUSDT,29114.2097,29114.2097,25416.0023,25429.2939,2026.19
2021-05-04,ETHUSDT,25429.2939,25429.2939,23635.9551,23688.1817,1144.59
2021-05-05,ETHUSDT,23688.1817,25150.3677,23345.1593,24447.6871,1906.46
2021-05-06,ETHUSDT,24447.6871,24447.6871,20702.104,21376.376,4687.59
2021-05-07,ETHUSDT,21376.376,24354.5418,21376.376,23066.7486,3717.87
2021-05-08,ETHUSDT,23066.7486,23066.7486,20987.9565,21937.1056,3524.35
2021-05-09,ETHUSDT,21937.1056,21937.1056,19361.7025,20106.7777,2325.3
2021-05-10,ETHUSDT,20106.7777,21768.1018,20106.7777,21127.2169,4372.01
2021-05-11,ETHUSDT,21127.2169,21127.2169,19338.232,21093.4827,1065.8
2021-05-12,ETHUSDT,21093.4827,22544.9318,21093.4827,22220.6336,3059.46
2021-05-13,ETHUSDT,22220.6336,24209.7037,22220.6336,23234.7854,6760.03
2021-05-14,ETHUSDT,23234.7854,23234.7854,21281.0075,21897.6784,3855.0
2021-05-15,ETHUSDT,21897.6784,24569.3424,20294.205,22205.9046,1668.87
2021-05-16,ETHUSDT,22205.9046,23231.0916,21499.8861,22847.7556,3172.18
2021-05-17,ETHUSDT,22847.7556,23815.9459,22277.7206,23156.0566,2097.63
2021-05-18,ETHUSDT,23156.0566,23692.1093,22654.3602,23505.4302,1187.79
2021-05-19,ETHUSDT,23505.4302,23809.7413,22642.5513,23568.2007,1433.45
2021-05-20,ETHUSDT,23568.2007,23568.2007,21158.0723,21824.8198,2145.08
2021-05-21,ETHUSDT,21824.8198,23679.269,21824.8198,23610.3788,12088.5
2021-05-22,ETHUSDT,23610.3788,25093.837,22835.8367,24277.3089,5338.43
2021-05-23,ETHUSDT,24277.3089,24277.3089,22539.0387,23831.6037,679.16
2021-05-24,ETHUSDT,23831.6037,24166.7903,22039.8836,23089.3354,1748.76
2021-05-25,ETHUSDT,23089.3354,23089.3354,19536.1126,22409.3087,2873.97
2021-05-26,ETHUSDT,22409.3087,22409.3087,20757.0651,21677.4068,1681.49
2021-05-27,ETHUSDT,21677.4068,24258.3676,21677.4068,23825.1545,1791.62
2021-05-28,ETHUSDT,23825.1545,24693.2061,22783.8007,23949.4961,889.02
2021-05-29,ETHUSDT,23949.4961,23949.4961,22948.085,23412.1292,1123.92
2021-05-30,ETHUSDT,23412.1292,25055.3445,21322.37,24568.8511,4048.04
2021-05-31,ETHUSDT,24568.8511,28086.0512,24568.8511,26437.9522,2857.67
2021-06-01,ETHUSDT,26437.9522,28957.1457,26437.9522,28402.1395,3300.25
2021-06-02,ETHUSDT,28402.1395,32015.9742,28089.6318,29521.981,2459.5
2021-06-03,ETHUSDT,29521.981,29521.981,26541.3309,28055.3308,4248.72
2021-06-04,ETHUSDT,28055.3308,31546.6815,28055.3308,29249.9134,2249.12
2021-06-05,ETHUSDT,29249.9134,30495.667,29249.9134,29904.5359,2257.3
2021-06-06,ETHUSDT,29904.5359,29904.5359,25945.794,27344.0648,3005.59
2021-06-07,ETHUSDT,27344.0648,30221.7745,27344.0648,28519.1117,4546.6
2021-06-08,ETHUSDT,28519.1117,28519.1117,23423.3062,26107.9056,6160.15
2021-06-09,ETHUSDT,26107.9056,27812.7422,26107.9056,27523.9006,1182.66
2021-06-10,ETHUSDT,27523.9006,30757.1469,27523.9006,28600.1063,2717.29
2021-06-11,ETHUSDT,28600.1063,28972.4865,27732.7664,28237.6201,1736.86
2021-06-12,ETHUSDT,28237.6201,28954.0768,27308.811,27854.3821,1243.73
2021-06-13,ETHUSDT,27854.3821,29514.9613,26905.5604,28498.0928,2414.76
2021-06-14,ETHUSDT,28498.0928,29975.1079,27113.8161,28235.6672,1962.94
2021-06-15,ETHUSDT,28235.6672,30841.3399,28235.6672,30182.6192,3691.24
2021-06-16,ETHUSDT,30182.6192,32342.9884,30182.6192,31173.9456,1818.18
2021-06-17,ETHUSDT,31173.9456,32070.2127,27920.8457,30492.8957,1008.2
2021-06-18,ETHUSDT,30492.8957,30813.4089,28573.4695,29950.7595,901.53
2021-06-19,ETHUSDT,29950.7595,32973.2148,29950.7595,31551.8136,2354.67
2021-06-20,ETHUSDT,31551.8136,31551.8136,28377.0894,30054.3155,2385.01
2021-06-21,ETHUSDT,30054.3155,30833.9479,30054.3155,30556.9721,668.75
2021-06-22,ETHUSDT,30556.9721,32247.3647,29171.7592,29779.8325,1650.11
2021-06-23,ETHUSDT,29779.8325,29779.8325,28092.7941,28855.6356,4127.38
2021-06-24,ETHUSDT,28855.6356,31662.263,28855.6356,31125.9068,3442.72
2021-06-25,ETHUSDT,31125.9068,31125.9068,29101.0251,30142.3192,1437.72
2021-06-26,ETHUSDT,30142.3192,30142.3192,27477.087,27859.2604,2734.44
2021-06-27,ETHUSDT,27859.2604,28084.3222,26562.535,27559.0707,4331.84
2021-06-28,ETHUSDT,27559.0707,27559.0707,23850.2178,25285.3512,4879.28
2021-06-29,ETHUSDT,25285.3512,25285.3512,22841.7132,24819.1104,3376.29
2021-06-30,ETHUSDT,24819.1104,25044.4351,24478.6732,24890.6309,5116.75
2021-07-01,ETHUSDT,24890.6309,24890.6309,22954.8594,23541.3551,2650.66
2021-07-02,ETHUSDT,23541.3551,24860.0657,23541.3551,24663.0237,4184.54
2021-07-03,ETHUSDT,24663.0237,24663.0237,22388.0256,23088.9305,2670.11
2021-07-04,ETHUSDT,23088.9305,24464.8504,22210.2207,23273.0049,1188.05
2021-07-05,ETHUSDT,23273.0049,24290.9434,23273.0049,24054.028,6430.74
2021-07-06,ETHUSDT,24054.028,26667.2441,23930.8616,24771.6098,1127.49
2021-07-07,ETHUSDT,24771.6098,25869.5127,24771.6098,25847.1689,2809.37
2021-07-08,ETHUSDT,25847.1689,25847.1689,24062.346,25308.0867,3282.83
2021-07-09,ETHUSDT,25308.0867,26762.3503,24247.3791,24829.0183,2803.27
2021-07-10,ETHUSDT,24829.0183,25284.032,23849.9416,24061.2824,2484.41
2021-07-11,ETHUSDT,24061.2824,24061.2824,22107.0145,23562.0377,3685.7
2021-07-12,ETHUSDT,23562.0377,23562.0377,21146.817,21568.9899,2982.22
2021-07-13,ETHUSDT,21568.9899,23819.5448,21568.9899,23046.8234,2274.22
2021-07-14,ETHUSDT,23046.8234,23356.9247,20993.0583,22734.4553,4740.09
2021-07-15,ETHUSDT,22734.4553,22734.4553,19848.2673,20551.287,2822.02
2021-07-16,ETHUSDT,20551.287,22068.5047,20019.4143,20717.3469,2350.23
2021-07-17,ETHUSDT,20717.3469,21939.8229,20591.8616,20821.8233,2402.4
2021-07-18,ETHUSDT,20821.8233,22968.1666,20821.8233,22503.9212,5432.9
2021-07-19,ETHUSDT,22503.9212,23211.1788,21182.5929,22194.0275,2509.82
2021-07-20,ETHUSDT,22194.0275,23446.7846,22090.99,22698.5869,2589.85
2021-07-21,ETHUSDT,22698.5869,23244.6389,22617.7717,22649.2686,1024.85
2021-07-22,ETHUSDT,22649.2686,23013.9817,19910.0417,21918.4335,1985.3
2021-07-23,ETHUSDT,21918.4335,21918.4335,20411.7942,20742.3881,5114.27
2021-07-24,ETHUSDT,20742.3881,21282.8289,19871.1976,20723.9769,5043.53
2021-07-25,ETHUSDT,20723.9769,22335.785,20025.7329,21198.2215,3418.4
2021-07-26,ETHUSDT,21198.2215,22458.3077,18853.7182,20889.5842,4390.93
2021-07-27,ETHUSDT,20889.5842,23218.8583,20889.5842,21434.0945,5274.86
2021-07-28,ETHUSDT,21434.0945,24269.7123,21434.0945,23962.3897,14446.86
2021-07-29,ETHUSDT,23962.3897,23962.3897,22733.908,23370.2822,4513.47
2021-07-30,ETHUSDT,23370.2822,23370.2822,22351.4216,22597.2175,4092.06
2021-07-31,ETHUSDT,22597.2175,23340.3141,22300.2178,23075.5671,2245.65
2021-08-01,ETHUSDT,23075.5671,23075.5671,20139.2643,21109.6715,8278.07
2021-08-02,ETHUSDT,21109.6715,21109.6715,18167.8603,20013.1915,2718.5
2021-08-03,ETHUSDT,20013.1915,20013.1915,17915.0924,19365.4715,6006.42
2021-08-04,ETHUSDT,19365.4715,20850.6046,19365.4715,20190.4121,3167.49
2021-08-05,ETHUSDT,20190.4121,24471.8652,20190.4121,22301.9085,5967.49
2021-08-06,ETHUSDT,22301.9085,22793.9298,21551.7142,22028.7703,7783.58
2021-08-07,ETHUSDT,22028.7703,25473.3885,22028.7703,23065.9921,2583.14
2021-08-08,ETHUSDT,23065.9921,23065.9921,20356.5301,20779.0649,21452.21
2021-08-09,ETHUSDT,20779.0649,21283.5207,18883.3262,21057.4776,8778.53
2021-08-10,ETHUSDT,21057.4776,22880.9454,20432.3321,21942.543,4700.16
2021-08-11,ETHUSDT,21942.543,21942.543,20282.9777,20347.5375,3259.47
2021-08-12,ETHUSDT,20347.5375,22263.206,20347.5375,21323.0375,4844.57
2021-08-13,ETHUSDT,21323.0375,22163.708,19239.5837,20353.3359,6928.0
2021-08-14,ETHUSDT,20353.3359,20994.4785,20353.3359,20914.6254,3015.09
2021-08-15,ETHUSDT,20914.6254,24880.034,20914.6254,23770.272,7675.76
2021-08-16,ETHUSDT,23770.272,25667.6849,23770.272,24873.1094,11782.76
2021-08-17,ETHUSDT,24873.1094,24873.1094,22526.7504,23331.6857,10661.92
2021-08-18,ETHUSDT,23331.6857,23739.5765,22233.7363,22697.2163,8323.26
2021-08-19,ETHUSDT,22697.2163,22697.2163,20178.611,20848.1185,11947.37
2021-08-20,ETHUSDT,20848.1185,20848.1185,18474.0198,20150.744,3944.36
2021-08-21,ETHUSDT,20150.744,22299.6799,20150.744,21235.9562,8745.09
2021-08-22,ETHUSDT,21235.9562,24322.5368,21235.9562,23010.5196,8775.1
2021-08-23,ETHUSDT,23010.5196,23302.131,21552.3197,23088.1055,3720.35
2021-08-24,ETHUSDT,23088.1055,23088.1055,20518.739,21326.5674,9516.14
2021-08-25,ETHUSDT,21326.5674,23244.2638,21292.2838,21628.7123,2755.68
2021-08-26,ETHUSDT,21628.7123,23639.8254,21628.7123,22491.3808,3843.12
2021-08-27,ETHUSDT,22491.3808,23031.7538,22362.9507,23002.0087,5251.36
2021-08-28,ETHUSDT,23002.0087,24032.6327,21875.5852,23289.8994,2638.32
2021-08-29,ETHUSDT,23289.8994,23588.3288,22982.3546,23556.8537,3872.92
2021-08-30,ETHUSDT,23556.8537,25697.1116,23556.8537,24435.9147,5831.8
2021-08-31,ETHUSDT,24435.9147,28657.9448,24435.9147,27055.9164,5845.25
2021-09-01,ETHUSDT,27055.9164,28825.5878,26602.4405,27581.5983,4643.89
2021-09-02,ETHUSDT,27581.5983,28890.5305,27581.5983,28679.249,5692.62
2021-09-03,ETHUSDT,28679.249,28728.6569,27693.4661,27816.5885,2620.52
2021-09-04,ETHUSDT,27816.5885,27816.5885,24725.6929,26537.3367,3444.36
2021-09-05,ETHUSDT,26537.3367,29733.1857,26537.3367,28503.1994,5778.59
2021-09-06,ETHUSDT,28503.1994,29855.5318,28503.1994,29210.1433,2337.64
2021-09-07,ETHUSDT,29210.1433,31559.8104,29210.1433,31146.6229,2281.12
2021-09-08,ETHUSDT,31146.6229,32111.8953,30738.272,31247.3756,2785.59
2021-09-09,ETHUSDT,31247.3756,33756.2331,28065.9029,33414.7748,3816.67
2021-09-10,ETHUSDT,33414.7748,37503.5101,33414.7748,36876.8204,4329.83
2021-09-11,ETHUSDT,36876.8204,36876.8204,29505.5533,31552.8376,4312.79
2021-09-12,ETHUSDT,31552.8376,31552.8376,27903.0118,28909.6037,4749.02
2021-09-13,ETHUSDT,28909.6037,28909.6037,26612.052,27485.0488,5368.93
2021-09-14,ETHUSDT,27485.0488,27485.0488,24803.3207,26048.8579,7354.16
2021-09-15,ETHUSDT,26048.8579,27838.9129,25578.5976,26024.6914,2602.13
2021-09-16,ETHUSDT,26024.6914,28377.2379,26024.6914,27363.752,5806.16
2021-09-17,ETHUSDT,27363.752,27363.752,23807.5245,24247.1689,7619.51
2021-09-18,ETHUSDT,24247.1689,24510.9035,22628.6329,24132.1575,2293.05
2021-09-19,ETHUSDT,24132.1575,29892.8394,24132.1575,27430.4741,9294.23
2021-09-20,ETHUSDT,27430.4741,28629.0313,27430.4741,28619.4327,5906.19
2021-09-21,ETHUSDT,28619.4327,34210.8836,28619.4327,31638.9984,5473.25
2021-09-22,ETHUSDT,31638.9984,34089.7612,31030.5783,32591.7713,6754.83
2021-09-23,ETHUSDT,32591.7713,36670.5813,32591.7713,36569.9729,10930.83
2021-09-24,ETHUSDT,36569.9729,39532.847,36398.2637,38968.8817,3486.66
2021-09-25,ETHUSDT,38968.8817,39982.3608,37295.7646,38706.0383,3599.28
2021-09-26,ETHUSDT,38706.0383,38826.3663,37461.5373,38588.4787,3008.84
2021-09-27,ETHUSDT,38588.4787,38878.1333,36384.6309,37427.2879,2207.32
2021-09-28,ETHUSDT,37427.2879,41677.7611,37427.2879,40820.2763,10121.37
2021-09-29,ETHUSDT,40820.2763,41850.7794,36987.5307,40531.9133,2300.97
2021-09-30,ETHUSDT,40531.9133,40531.9133,36582.6392,37964.1913,6059.09
2021-10-01,ETHUSDT,37964.1913,39159.8828,32734.906,38798.6313,1935.26
2021-10-02,ETHUSDT,38798.6313,45310.8676,38798.6313,43651.6524,8695.06
2021-10-03,ETHUSDT,43651.6524,47080.7711,43523.0999,46645.2935,9094.6
2021-10-04,ETHUSDT,46645.2935,51655.5687,46645.2935,49709.0336,6545.88
2021-10-05,ETHUSDT,49709.0336,49709.0336,45445.0757,45835.1532,11459.98
2021-10-06,ETHUSDT,45835.1532,48715.4022,44408.2268,47485.0863,2656.96
2021-10-07,ETHUSDT,47485.0863,47485.0863,41452.8385,44248.1282,6086.72
2021-10-08,ETHUSDT,44248.1282,44886.3261,41483.0703,42299.8155,4242.9
2021-10-09,ETHUSDT,42299.8155,45478.0008,41667.8105,43783.2874,4479.76
2021-10-10,ETHUSDT,43783.2874,43783.2874,40031.1715,41399.8677,3444.21
2021-10-11,ETHUSDT,41399.8677,46548.9152,41399.8677,43569.0937,3154.03
2021-10-12,ETHUSDT,43569.0937,47452.2216,43569.0937,45711.1483,4665.95
2021-10-13,ETHUSDT,45711.1483,46111.7075,44962.1892,45621.9837,4646.22
2021-10-14,ETHUSDT,45621.9837,51758.6276,45621.9837,50301.3186,8016.04
2021-10-15,ETHUSDT,50301.3186,51954.9999,48537.7389,51288.3057,3717.6
2021-10-16,ETHUSDT,51288.3057,54841.2136,51249.1307,51619.3144,1899.51
2021-10-17,ETHUSDT,51619.3144,54159.2655,47425.0615,50566.2793,1483.57
2021-10-18,ETHUSDT,50566.2793,50566.2793,42911.5477,43616.9618,15627.22
2021-10-19,ETHUSDT,43616.9618,49381.2229,43616.9618,46282.3963,7526.43
2021-10-20,ETHUSDT,46282.3963,48058.0676,46282.3963,48054.3243,1629.96
2021-10-21,ETHUSDT,48054.3243,60382.9836,48054.3243,54027.7824,8488.92
2021-10-22,ETHUSDT,54027.7824,61916.6939,54027.7824,60306.6207,3445.53
2021-10-23,ETHUSDT,60306.6207,60306.6207,55699.8717,57187.6754,5487.64
2021-10-24,ETHUSDT,57187.6754,57187.6754,50420.5357,53729.5304,3940.13
2021-10-25,ETHUSDT,53729.5304,56076.4329,51071.2521,54354.7906,3185.03
2021-10-26,ETHUSDT,54354.7906,54354.7906,47531.0805,49262.9277,6998.59
2021-10-27,ETHUSDT,49262.9277,49262.9277,47978.8193,48241.679,3267.26
2021-10-28,ETHUSDT,48241.679,53171.7741,45361.5183,48312.264,1914.34
2021-10-29,ETHUSDT,48312.264,49180.5171,45086.4799,46526.7506,3571.14
2021-10-30,ETHUSDT,46526.7506,47712.8834,43526.1577,46487.6392,3362.81
2021-10-31,ETHUSDT,46487.6392,51096.0129,42481.3635,45917.0758,3558.21
2021-11-01,ETHUSDT,45917.0758,47660.7448,43609.2035,45364.0824,1896.69
2021-11-02,ETHUSDT,45364.0824,45577.6653,44142.6891,45010.3032,2639.81
2021-11-03,ETHUSDT,45010.3032,45010.3032,38052.5436,39851.3754,4775.77
2021-11-04,ETHUSDT,39851.3754,39851.3754,36664.7247,38224.1432,4031.07
2021-11-05,ETHUSDT,38224.1432,42737.8729,38224.1432,40934.2843,5103.6
2021-11-06,ETHUSDT,40934.2843,46179.125,40934.2843,45794.7315,5482.76
2021-11-07,ETHUSDT,45794.7315,48822.7916,45794.7315,47507.7348,3659.76
2021-11-08,ETHUSDT,47507.7348,49762.8436,47507.7348,49517.9118,2794.96
2021-11-09,ETHUSDT,49517.9118,53997.511,49517.9118,52962.6857,5124.82
2021-11-10,ETHUSDT,52962.6857,58035.0604,52962.6857,54844.3683,3294.1
2021-11-11,ETHUSDT,54844.3683,91626.4463,54844.3683,84872.0855,7096.27
2021-11-12,ETHUSDT,84872.0855,93703.9907,84872.0855,90575.0648,1054.55
2021-11-13,ETHUSDT,90575.0648,106061.4098,90575.0648,103565.5407,6054.15
2021-11-14,ETHUSDT,103565.5407,105318.2518,90118.2729,98323.1741,1967.77
2021-11-15,ETHUSDT,98323.1741,98323.1741,94501.2925,95141.9539,1497.61
2021-11-16,ETHUSDT,95141.9539,95141.9539,83508.4928,84060.8636,3678.41
2021-11-17,ETHUSDT,84060.8636,89440.1136,84060.8636,86090.9723,1610.08
2021-11-18,ETHUSDT,86090.9723,86090.9723,80575.3509,83674.2559,1729.3
2021-11-19,ETHUSDT,83674.2559,84389.0409,79879.8618,83362.1151,1551.45
2021-11-20,ETHUSDT,83362.1151,95805.6003,83362.1151,95561.5985,2628.33
2021-11-21,ETHUSDT,95561.5985,101598.3723,95561.5985,96769.8191,985.29
2021-11-22,ETHUSDT,96769.8191,100862.2632,96769.8191,98128.3576,2206.8
2021-11-23,ETHUSDT,98128.3576,98128.3576,90772.7199,93631.4335,1158.48
2021-11-24,ETHUSDT,93631.4335,95227.4169,92623.177,94100.4424,742.37
2021-11-25,ETHUSDT,94100.4424,94100.4424,81518.3145,83915.2191,1583.89
2021-11-26,ETHUSDT,83915.2191,84620.7333,74115.7252,79148.8087,1349.55
2021-11-27,ETHUSDT,79148.8087,79944.1867,77452.3768,79703.0718,737.66
2021-11-28,ETHUSDT,79703.0718,81730.1555,74191.5312,75195.2829,2012.93
2021-11-29,ETHUSDT,75195.2829,81930.9348,75195.2829,80050.2859,1760.68
2021-11-30,ETHUSDT,80050.2859,91138.4702,80050.2859,86605.4236,2259.78
2021-12-01,ETHUSDT,86605.4236,86605.4236,72702.6965,79818.6937,2615.45
2021-12-02,ETHUSDT,79818.6937,79818.6937,70572.7428,72597.9717,1836.23
2021-12-03,ETHUSDT,72597.9717,74245.4594,68450.7315,71105.2266,1026.4
2021-12-04,ETHUSDT,71105.2266,77598.9847,71105.2266,73893.4775,2680.95
2021-12-05,ETHUSDT,73893.4775,78629.2253,63600.1367,72631.9322,805.28
2021-12-06,ETHUSDT,72631.9322,80672.5427,70759.3441,71864.0787,874.02
2021-12-07,ETHUSDT,71864.0787,71935.4015,69136.8151,70928.5746,1962.98
2021-12-08,ETHUSDT,70928.5746,83759.3546,70928.5746,79220.6941,5915.65
2021-12-09,ETHUSDT,79220.6941,79220.6941,75882.8298,76352.0327,1550.55
2021-12-10,ETHUSDT,76352.0327,80827.2645,71393.6209,76919.2501,2088.99
2021-12-11,ETHUSDT,76919.2501,81171.3077,76919.2501,80237.5641,1634.24
2021-12-12,ETHUSDT,80237.5641,80237.5641,67844.1719,70962.9042,2892.5
2021-12-13,ETHUSDT,70962.9042,70962.9042,60490.584,64197.3904,8636.53
2021-12-14,ETHUSDT,64197.3904,65862.1216,60930.0702,62242.0363,1879.92
2021-12-15,ETHUSDT,62242.0363,68055.9909,62242.0363,64887.3423,958.11
2021-12-16,ETHUSDT,64887.3423,64887.3423,58477.7529,58658.8104,5546.78
2021-12-17,ETHUSDT,58658.8104,60002.8532,57298.0221,59286.589,1526.76
2021-12-18,ETHUSDT,59286.589,60172.7635,57856.5057,59310.311,983.74
2021-12-19,ETHUSDT,59310.311,64757.3315,59310.311,63268.5213,1688.45
2021-12-20,ETHUSDT,63268.5213,65262.1301,63213.6377,64493.3985,2088.19
2021-12-21,ETHUSDT,64493.3985,65529.18,60572.3778,64225.5459,1461.72
2021-12-22,ETHUSDT,64225.5459,64225.5459,57417.5579,60820.5538,3136.93
2021-12-23,ETHUSDT,60820.5538,62645.4483,58652.4433,61053.6685,1208.35
2021-12-24,ETHUSDT,61053.6685,61053.6685,54463.0425,58213.8697,2584.64
2021-12-25,ETHUSDT,58213.8697,58213.8697,50807.0613,51195.1059,6109.29
2021-12-26,ETHUSDT,51195.1059,51195.1059,47490.5651,49308.6729,2679.36
2021-12-27,ETHUSDT,49308.6729,58542.3645,49308.6729,52980.7161,2107.38
2021-12-28,ETHUSDT,52980.7161,52980.7161,47838.2854,48443.8545,1323.32
2021-12-29,ETHUSDT,48443.8545,48847.6324,47066.4237,47922.4115,1106.62
2021-12-30,ETHUSDT,47922.4115,51269.6211,47181.7451,48891.0719,1276.53
2021-12-31,ETHUSDT,48891.0719,51249.0002,48082.0983,51229.3064,4362.93
2022-01-01,ETHUSDT,51229.3064,51229.3064,45781.773,48720.4159,5327.81
2022-01-02,ETHUSDT,48720.4159,51142.1459,46787.5763,46871.4841,3185.89
2022-01-03,ETHUSDT,46871.4841,46871.4841,43319.3702,44046.6593,3537.1
2022-01-04,ETHUSDT,44046.6593,49523.7231,44046.6593,46238.5061,2255.92
2022-01-05,ETHUSDT,46238.5061,46238.5061,39730.3739,40540.2594,9873.2
2022-01-06,ETHUSDT,40540.2594,41621.0367,40226.356,40945.6948,1404.08
2022-01-07,ETHUSDT,40945.6948,40945.6948,24647.7556,25357.2395,49712.7
2022-01-08,ETHUSDT,25357.2395,25357.2395,23821.7573,23904.6663,7176.8
2022-01-09,ETHUSDT,23904.6663,26144.4252,23904.6663,25069.6064,6667.46
2022-01-10,ETHUSDT,25069.6064,27038.0482,24149.7647,25164.2726,2277.34
2022-01-11,ETHUSDT,25164.2726,25164.2726,22821.666,24860.0591,2994.6
2022-01-12,ETHUSDT,24860.0591,27372.1782,24860.0591,26408.5437,7151.33
2022-01-13,ETHUSDT,26408.5437,26872.0506,25830.8916,26498.5664,3308.6
2022-01-14,ETHUSDT,26498.5664,27396.6806,25421.1357,27367.834,5772.81
2022-01-15,ETHUSDT,27367.834,29649.4684,26007.3545,28766.2615,4544.1
2022-01-16,ETHUSDT,28766.2615,31111.6325,27869.6754,30023.4504,7299.53
2022-01-17,ETHUSDT,30023.4504,30023.4504,28514.9878,29152.2091,2687.96
2022-01-18,ETHUSDT,29152.2091,35733.3592,29152.2091,34658.2816,7290.27
2022-01-19,ETHUSDT,34658.2816,36201.7254,33699.3415,36042.605,3088.86
2022-01-20,ETHUSDT,36042.605,36234.9133,34249.5186,34683.1245,4134.85
2022-01-21,ETHUSDT,34683.1245,36522.3818,34683.1245,36343.2598,2633.22
2022-01-22,ETHUSDT,36343.2598,41067.5507,36343.2598,38802.7628,2882.42
2022-01-23,ETHUSDT,38802.7628,42277.6217,37070.9929,38713.9585,904.68
2022-01-24,ETHUSDT,38713.9585,38921.8796,35002.3639,37989.9026,1862.54
2022-01-25,ETHUSDT,37989.9026,44795.0034,37989.9026,39424.8799,1908.18
2022-01-26,ETHUSDT,39424.8799,39424.8799,35186.6595,37856.7027,2174.18
2022-01-27,ETHUSDT,37856.7027,42364.1697,37856.7027,41614.7968,8292.53
2022-01-28,ETHUSDT,41614.7968,46406.7147,41614.7968,44877.1229,5618.05
2022-01-29,ETHUSDT,44877.1229,46957.442,41312.5201,43992.2858,2329.78
2022-01-30,ETHUSDT,43992.2858,49881.799,43992.2858,45436.9207,1210.4
2022-01-31,ETHUSDT,45436.9207,48851.5039,44087.0658,45974.4716,1975.7
2022-02-01,ETHUSDT,45974.4716,47206.3393,44396.813,45643.2469,1845.14
2022-02-02,ETHUSDT,45643.2469,49762.6029,45643.2469,47118.2555,1948.61
2022-02-03,ETHUSDT,47118.2555,47964.6799,44793.7422,45632.8471,2737.63
2022-02-04,ETHUSDT,45632.8471,47154.2074,45145.5614,46078.3576,2010.34
2022-02-05,ETHUSDT,46078.3576,48418.317,46078.3576,47820.278,1167.25
2022-02-06,ETHUSDT,47820.278,47820.278,46729.2585,47036.6973,857.06
2022-02-07,ETHUSDT,47036.6973,47036.6973,42074.6258,43748.1783,3340.25
2022-02-08,ETHUSDT,43748.1783,45528.6314,41597.403,43338.4999,2173.93
2022-02-09,ETHUSDT,43338.4999,45342.7125,42804.7056,44640.4092,2128.67
2022-02-10,ETHUSDT,44640.4092,48954.163,44640.4092,47674.7147,1288.04
2022-02-11,ETHUSDT,47674.7147,47674.7147,45525.274,45689.2565,4340.37
2022-02-12,ETHUSDT,45689.2565,46130.8079,42792.7394,45422.982,2918.92
2022-02-13,ETHUSDT,45422.982,49881.3928,45422.982,47533.4439,3490.45
2022-02-14,ETHUSDT,47533.4439,51855.4925,47533.4439,48767.9857,1754.33
2022-02-15,ETHUSDT,48767.9857,51564.3727,48767.9857,50973.399,2421.31
2022-02-16,ETHUSDT,50973.399,50973.399,46695.0505,48475.1321,1918.44
2022-02-17,ETHUSDT,48475.1321,49121.9293,48012.4732,48099.9325,3383.0
2022-02-18,ETHUSDT,48099.9325,50574.993,45733.6761,48163.815,1771.27
2022-02-19,ETHUSDT,48163.815,49965.2192,44448.1789,49606.7873,1633.53
2022-02-20,ETHUSDT,49606.7873,51546.1788,46384.4135,50493.0488,1151.81
2022-02-21,ETHUSDT,50493.0488,59813.8985,50493.0488,55078.8622,4429.87
2022-02-22,ETHUSDT,55078.8622,59867.3871,55078.8622,57123.5153,3400.2
2022-02-23,ETHUSDT,57123.5153,59005.5849,50289.6519,54440.6479,2889.77
2022-02-24,ETHUSDT,54440.6479,61556.205,54440.6479,59269.7836,3202.04
2022-02-25,ETHUSDT,59269.7836,62172.8346,59269.7836,61271.4366,3207.82
2022-02-26,ETHUSDT,61271.4366,63380.1432,57298.1743,60391.554,2552.29
2022-02-27,ETHUSDT,60391.554,60391.554,55616.0125,56432.7814,3699.98
2022-02-28,ETHUSDT,56432.7814,59557.0666,55011.9371,57368.5033,2919.78
2022-03-01,ETHUSDT,57368.5033,61968.7264,57368.5033,61221.5428,2536.88
2022-03-02,ETHUSDT,61221.5428,61221.5428,51882.6794,56365.6148,2799.96
2022-03-03,ETHUSDT,56365.6148,62749.7428,56365.6148,62418.0706,7161.62
2022-03-04,ETHUSDT,62418.0706,69113.4155,62418.0706,64580.7956,1193.42
2022-03-05,ETHUSDT,64580.7956,65206.5251,59225.8959,63193.0293,3097.45
2022-03-06,ETHUSDT,63193.0293,63193.0293,56680.1643,56742.1942,4395.11
2022-03-07,ETHUSDT,56742.1942,61424.2846,56629.9078,57285.6563,1176.0
2022-03-08,ETHUSDT,57285.6563,63011.79,57285.6563,61759.3871,2775.77
2022-03-09,ETHUSDT,61759.3871,63400.8399,57086.5341,59477.5046,2774.93
2022-03-10,ETHUSDT,59477.5046,59477.5046,54481.4614,57046.3059,3360.34
2022-03-11,ETHUSDT,57046.3059,58734.6736,56504.927,56854.5918,3990.85
2022-03-12,ETHUSDT,56854.5918,63669.7581,56854.5918,61557.1801,3873.44
2022-03-13,ETHUSDT,61557.1801,66420.5948,54330.9505,58785.115,3201.73
2022-03-14,ETHUSDT,58785.115,58785.115,56388.9851,56668.3544,3065.92
2022-03-15,ETHUSDT,56668.3544,58167.5679,54514.6827,55142.9052,1849.41
2022-03-16,ETHUSDT,55142.9052,55142.9052,48114.2939,50575.2643,13162.14
2022-03-17,ETHUSDT,50575.2643,52003.2778,47166.1864,48768.4843,2263.28
2022-03-18,ETHUSDT,48768.4843,59919.0004,48768.4843,52529.1152,4756.17
2022-03-19,ETHUSDT,52529.1152,52529.1152,51053.3832,51173.0845,1766.04
2022-03-20,ETHUSDT,51173.0845,54803.4425,51173.0845,53508.9784,5390.51
2022-03-21,ETHUSDT,53508.9784,57718.7104,53508.9784,55441.1096,2456.45
2022-03-22,ETHUSDT,55441.1096,57928.7822,55441.1096,57751.2365,3195.37
2022-03-23,ETHUSDT,57751.2365,61356.0832,57165.5255,58808.3499,3956.27
2022-03-24,ETHUSDT,58808.3499,62105.2888,56481.8584,56677.7817,1450.49
2022-03-25,ETHUSDT,56677.7817,56677.7817,51985.32,53233.7763,3600.15
2022-03-26,ETHUSDT,53233.7763,53233.7763,51296.5542,52310.5582,6087.51
2022-03-27,ETHUSDT,52310.5582,57272.5194,51133.0475,53642.0515,3968.84
2022-03-28,ETHUSDT,53642.0515,55024.4568,52084.2773,53575.9886,2206.39
2022-03-29,ETHUSDT,53575.9886,59028.7037,53575.9886,56624.608,4164.31
2022-03-30,ETHUSDT,56624.608,60624.9105,51892.3689,56953.1566,3377.66
2022-03-31,ETHUSDT,56953.1566,59321.3936,52056.7441,56077.9438,5259.1
2022-04-01,ETHUSDT,56077.9438,60121.4904,56077.9438,58733.2302,5822.36
2022-04-02,ETHUSDT,58733.2302,58733.2302,55843.9571,56912.5742,6031.53
2022-04-03,ETHUSDT,56912.5742,56912.5742,52919.9972,54664.0388,4942.36
2022-04-04,ETHUSDT,54664.0388,56063.0877,47294.5207,51899.9624,3560.56
2022-04-05,ETHUSDT,51899.9624,57883.8093,51899.9624,55346.9913,9443.11
2022-04-06,ETHUSDT,55346.9913,55346.9913,48955.9798,52648.1337,2563.91
2022-04-07,ETHUSDT,52648.1337,52648.1337,51364.4881,51387.576,7272.72
2022-04-08,ETHUSDT,51387.576,56748.2339,51387.576,53632.4615,2502.11
2022-04-09,ETHUSDT,53632.4615,54335.0491,53345.9074,54287.9378,13551.93
2022-04-10,ETHUSDT,54287.9378,54287.9378,51728.9986,52664.6053,1317.6
2022-04-11,ETHUSDT,52664.6053,58766.5204,51915.2168,54332.7247,3783.77
2022-04-12,ETHUSDT,54332.7247,63232.8936,54332.7247,59544.3552,8852.9
2022-04-13,ETHUSDT,59544.3552,59576.4078,58066.9456,58752.3777,3245.35
2022-04-14,ETHUSDT,58752.3777,67213.2039,58752.3777,62548.5228,4266.66
2022-04-15,ETHUSDT,62548.5228,68406.4657,61875.8545,62405.1672,3888.71
2022-04-16,ETHUSDT,62405.1672,68675.3409,62405.1672,65633.9202,5385.46
2022-04-17,ETHUSDT,65633.9202,73747.7495,65633.9202,69306.1326,3331.34
2022-04-18,ETHUSDT,69306.1326,69661.8772,65165.092,68506.5916,1558.34
2022-04-19,ETHUSDT,68506.5916,74152.685,64727.4482,66999.8818,3217.41
2022-04-20,ETHUSDT,66999.8818,73964.8238,66999.8818,70490.6274,3601.68
2022-04-21,ETHUSDT,70490.6274,70490.6274,57823.8861,66291.4481,5785.59
2022-04-22,ETHUSDT,66291.4481,69110.9538,65952.9039,66389.8771,1741.07
2022-04-23,ETHUSDT,66389.8771,66389.8771,54672.1179,59603.1242,17085.34
2022-04-24,ETHUSDT,59603.1242,66429.2673,58496.2588,60613.746,10658.53
2022-04-25,ETHUSDT,60613.746,60613.746,54478.8978,57021.6413,9550.53
2022-04-26,ETHUSDT,57021.6413,60740.804,57021.6413,59762.3024,3379.54
2022-04-27,ETHUSDT,59762.3024,70218.0985,59762.3024,66050.5302,8260.58
2022-04-28,ETHUSDT,66050.5302,66050.5302,58897.7208,61102.7385,9415.18
2022-04-29,ETHUSDT,61102.7385,67649.4749,58425.7916,63711.5366,2226.94
2022-04-30,ETHUSDT,63711.5366,68003.0887,63711.5366,67229.6904,8857.32
2022-05-01,ETHUSDT,67229.6904,72631.8193,67229.6904,71876.6923,7436.25
2022-05-02,ETHUSDT,71876.6923,71876.6923,67748.6879,68305.1945,4328.62
2022-05-03,ETHUSDT,68305.1945,72005.7849,68028.7584,69515.8877,914.5
2022-05-04,ETHUSDT,69515.8877,69515.8877,58581.9199,63568.9813,7421.79
2022-05-05,ETHUSDT,63568.9813,68551.9799,63423.4113,68356.8057,11742.26
2022-05-06,ETHUSDT,68356.8057,72878.2069,68356.8057,72116.3691,4187.41
2022-05-07,ETHUSDT,72116.3691,74679.8292,70317.2272,73988.8092,2166.72
2022-05-08,ETHUSDT,73988.8092,75394.1362,69859.1849,73132.7467,5030.13
2022-05-09,ETHUSDT,73132.7467,76251.629,68874.2814,73170.4382,2139.55
2022-05-10,ETHUSDT,73170.4382,87515.9047,73170.4382,86870.2396,6756.62
2022-05-11,ETHUSDT,86870.2396,94611.9476,80161.5463,85072.9632,1476.35
2022-05-12,ETHUSDT,85072.9632,85227.567,82643.0872,84015.6286,2785.71
2022-05-13,ETHUSDT,84015.6286,85041.2712,78317.3074,82939.5399,1174.54
2022-05-14,ETHUSDT,82939.5399,87634.9111,82939.5399,85567.4678,2565.27
2022-05-15,ETHUSDT,85567.4678,98628.9525,85567.4678,90056.007,4136.54
2022-05-16,ETHUSDT,90056.007,92918.8802,87270.7112,89461.6429,1218.24
2022-05-17,ETHUSDT,89461.6429,96781.5726,89461.6429,94105.4819,1445.82
2022-05-18,ETHUSDT,94105.4819,94105.4819,85623.5615,89013.6984,1682.63
2022-05-19,ETHUSDT,89013.6984,94166.1659,89013.6984,91898.1941,3585.87
2022-05-20,ETHUSDT,91898.1941,94889.8163,91898.1941,93927.5967,2691.09
2022-05-21,ETHUSDT,93927.5967,93927.5967,78130.1031,87386.6722,6333.48
2022-05-22,ETHUSDT,87386.6722,87386.6722,78276.998,83204.1864,5119.04
2022-05-23,ETHUSDT,83204.1864,83588.5528,79942.4801,80751.0312,4101.05
2022-05-24,ETHUSDT,80751.0312,84559.4535,80751.0312,83449.9461,5853.83
2022-05-25,ETHUSDT,83449.9461,89709.7454,83449.9461,89231.7464,10574.66
2022-05-26,ETHUSDT,89231.7464,91161.7595,87425.2582,89719.7154,1822.91
2022-05-27,ETHUSDT,89719.7154,89719.7154,83881.2966,84310.0355,8245.7
2022-05-28,ETHUSDT,84310.0355,84310.0355,79308.0344,82298.9705,4710.86
2022-05-29,ETHUSDT,82298.9705,86950.6475,82298.9705,83593.7535,2507.66
2022-05-30,ETHUSDT,83593.7535,84923.0912,83593.7535,84784.4161,3279.5
2022-05-31,ETHUSDT,84784.4161,84784.4161,81167.2481,81767.9572,5046.78
2022-06-01,ETHUSDT,81767.9572,90432.6071,74710.7624,82015.0184,3135.19
2022-06-02,ETHUSDT,82015.0184,82015.0184,74940.7431,75074.0612,4269.78
2022-06-03,ETHUSDT,75074.0612,75074.0612,66943.1621,70164.4182,5893.68
2022-06-04,ETHUSDT,70164.4182,78529.5544,70164.4182,76607.1437,6661.4
2022-06-05,ETHUSDT,76607.1437,82493.7013,76607.1437,82162.3072,5456.52
2022-06-06,ETHUSDT,82162.3072,87807.0583,82162.3072,86725.7935,2678.92
2022-06-07,ETHUSDT,86725.7935,101478.8716,86725.7935,97791.6839,12007.16
2022-06-08,ETHUSDT,97791.6839,97791.6839,87045.2666,90607.1797,3137.81
2022-06-09,ETHUSDT,90607.1797,91132.8275,86109.8512,89072.3718,3908.8
2022-06-10,ETHUSDT,89072.3718,89072.3718,78463.3599,81070.6015,9019.51
2022-06-11,ETHUSDT,81070.6015,84535.0628,81070.6015,83986.5806,3384.77
2022-06-12,ETHUSDT,83986.5806,88230.5313,83986.5806,88138.2326,2682.8
2022-06-13,ETHUSDT,88138.2326,96357.4388,88138.2326,90840.2783,2577.6
2022-06-14,ETHUSDT,90840.2783,90840.2783,77914.7329,80903.4044,10383.86
2022-06-15,ETHUSDT,80903.4044,82219.8676,72464.0342,75025.1862,4531.78
2022-06-16,ETHUSDT,75025.1862,80684.1551,73495.1973,74972.1094,1485.27
2022-06-17,ETHUSDT,74972.1094,76113.7232,70562.3082,74104.1792,4869.67
2022-06-18,ETHUSDT,74104.1792,79569.8853,74104.1792,76237.0304,5099.0
2022-06-19,ETHUSDT,76237.0304,76237.0304,63773.7072,65920.5959,3573.57
2022-06-20,ETHUSDT,65920.5959,65920.5959,60240.0923,63273.8999,15253.11
2022-06-21,ETHUSDT,63273.8999,63903.2079,61216.2688,62863.3614,7027.34
2022-06-22,ETHUSDT,62863.3614,67781.0616,62820.4058,64402.2323,3494.3
2022-06-23,ETHUSDT,64402.2323,73289.4383,64402.2323,68704.7866,5456.11
2022-06-24,ETHUSDT,68704.7866,71857.064,68632.7026,70396.2503,13955.82
2022-06-25,ETHUSDT,70396.2503,78734.9983,66678.5019,73767.7216,4751.4
2022-06-26,ETHUSDT,73767.7216,73767.7216,72476.4466,72578.7592,6303.31
2022-06-27,ETHUSDT,72578.7592,73011.9314,63098.0989,69042.126,5391.48
2022-06-28,ETHUSDT,69042.126,69042.126,64782.9676,67674.9271,4449.9
2022-06-29,ETHUSDT,67674.9271,68324.2923,62602.6148,66244.2674,2605.46
2022-06-30,ETHUSDT,66244.2674,66244.2674,62000.1208,63531.1485,4139.84
2022-07-01,ETHUSDT,63531.1485,63531.1485,58649.6963,60045.0784,10347.31
2022-07-02,ETHUSDT,60045.0784,61141.792,54136.1272,56757.4715,13304.62
2022-07-03,ETHUSDT,56757.4715,56757.4715,47715.7728,51992.0939,13984.99
2022-07-04,ETHUSDT,51992.0939,55554.5087,51736.0746,52431.5501,10954.86
2022-07-05,ETHUSDT,52431.5501,59888.0715,52431.5501,57785.9983,15576.49
2022-07-06,ETHUSDT,57785.9983,57785.9983,54583.2135,56004.1874,3068.31
2022-07-07,ETHUSDT,56004.1874,58463.6013,56004.1874,57271.4537,11132.75
2022-07-08,ETHUSDT,57271.4537,57271.4537,51673.5274,54734.1528,4744.1
2022-07-09,ETHUSDT,54734.1528,56004.2841,52847.3842,53388.6675,5976.78
2022-07-10,ETHUSDT,53388.6675,56023.4868,52426.968,54845.329,3197.6
2022-07-11,ETHUSDT,54845.329,60385.7603,54845.329,57741.1538,3736.01
2022-07-12,ETHUSDT,57741.1538,57741.1538,51864.6978,52887.8597,6735.55
2022-07-13,ETHUSDT,52887.8597,55354.7991,51007.7076,52093.0539,10137.56
2022-07-14,ETHUSDT,52093.0539,56406.6178,51820.6705,53468.0798,5852.3
2022-07-15,ETHUSDT,53468.0798,61530.9459,53468.0798,57308.6256,19806.42
2022-07-16,ETHUSDT,57308.6256,57308.6256,51210.8411,54428.2404,5538.18
2022-07-17,ETHUSDT,54428.2404,54428.2404,53429.3575,53570.6815,6502.37
2022-07-18,ETHUSDT,53570.6815,54441.2167,51474.3337,54249.8542,3284.7
2022-07-19,ETHUSDT,54249.8542,54249.8542,50102.4434,53169.1852,4220.98
2022-07-20,ETHUSDT,53169.1852,53983.0186,52758.6631,52775.9795,7585.35
2022-07-21,ETHUSDT,52775.9795,54340.8675,52775.9795,53916.7358,11745.88
2022-07-22,ETHUSDT,53916.7358,60056.489,53916.7358,59812.7273,10620.74
2022-07-23,ETHUSDT,59812.7273,59884.1298,55755.1731,58095.0003,6318.11
2022-07-24,ETHUSDT,58095.0003,61277.0343,55551.9426,55595.9833,7558.53
2022-07-25,ETHUSDT,55595.9833,55595.9833,52081.7109,53109.3452,4716.89
2022-07-26,ETHUSDT,53109.3452,53109.3452,48776.2848,49662.9128,4138.16
2022-07-27,ETHUSDT,49662.9128,49662.9128,45702.8849,45992.0469,6228.12
2022-07-28,ETHUSDT,45992.0469,45992.0469,42720.6205,44632.373,2785.29
2022-07-29,ETHUSDT,44632.373,45609.7476,44434.2465,44772.246,2344.32
2022-07-30,ETHUSDT,44772.246,44772.246,38093.4857,39163.8612,7955.18
2022-07-31,ETHUSDT,39163.8612,42374.9635,38027.7724,41374.9975,4223.61
2022-08-01,ETHUSDT,41374.9975,41374.9975,39355.6852,39716.5859,11959.49
2022-08-02,ETHUSDT,39716.5859,44074.9217,37694.8245,41152.2905,10361.07
2022-08-03,ETHUSDT,41152.2905,43425.4372,41152.2905,43245.2589,7783.4
2022-08-04,ETHUSDT,43245.2589,46958.6151,42832.5855,44915.4874,6841.36
2022-08-05,ETHUSDT,44915.4874,44915.4874,40719.2091,42112.135,28315.05
2022-08-06,ETHUSDT,42112.135,42706.394,40827.2159,41943.5745,12053.61
2022-08-07,ETHUSDT,41943.5745,45687.6797,39760.4683,43033.1137,4963.98
2022-08-08,ETHUSDT,43033.1137,43033.1137,40607.1988,41432.6184,9417.88
2022-08-09,ETHUSDT,41432.6184,41767.8564,41075.5626,41375.1085,4535.51
2022-08-10,ETHUSDT,41375.1085,42080.939,37744.4173,40367.4924,5749.91
2022-08-11,ETHUSDT,40367.4924,40367.4924,35797.0516,38440.491,7333.8
2022-08-12,ETHUSDT,38440.491,38440.491,36737.5974,37195.5818,15696.36
2022-08-13,ETHUSDT,37195.5818,39378.0156,37195.5818,37705.6499,5607.95
2022-08-14,ETHUSDT,37705.6499,37705.6499,34828.8652,35834.9551,5843.17
2022-08-15,ETHUSDT,35834.9551,37874.5694,35362.4772,35810.9132,6445.87
2022-08-16,ETHUSDT,35810.9132,38441.027,34851.177,36618.9576,3049.45
2022-08-17,ETHUSDT,36618.9576,38042.1244,34271.2293,36047.908,6879.95
2022-08-18,ETHUSDT,36047.908,38688.8232,35036.8537,37681.3193,3232.53
2022-08-19,ETHUSDT,37681.3193,39261.1552,37104.9504,37405.0461,6642.83
2022-08-20,ETHUSDT,37405.0461,44411.2379,37001.2124,40912.7331,31481.04
2022-08-21,ETHUSDT,40912.7331,43937.7619,40912.7331,43471.9288,8712.26
2022-08-22,ETHUSDT,43471.9288,44422.2798,42306.2231,43365.5518,8033.67
2022-08-23,ETHUSDT,43365.5518,46197.0976,42406.9449,44684.0616,4229.09
2022-08-24,ETHUSDT,44684.0616,51781.3288,44684.0616,48325.2117,7813.69
2022-08-25,ETHUSDT,48325.2117,53241.6732,45458.7997,48398.0856,4879.78
2022-08-26,ETHUSDT,48398.0856,54781.3244,48398.0856,51091.6393,5929.8
2022-08-27,ETHUSDT,51091.6393,51091.6393,46981.9967,48425.2725,2358.42
2022-08-28,ETHUSDT,48425.2725,49513.7219,45527.0783,47855.1674,4208.44
2022-08-29,ETHUSDT,47855.1674,50762.6559,47855.1674,50614.4981,11120.36
2022-08-30,ETHUSDT,50614.4981,52167.1878,49749.6834,50201.7509,3413.67
2022-08-31,ETHUSDT,50201.7509,50823.1572,46430.2205,49905.8751,1170.05
2022-09-01,ETHUSDT,49905.8751,49905.8751,42521.5435,45881.338,8709.36
2022-09-02,ETHUSDT,45881.338,48646.5418,45881.338,46873.5259,1369.57
2022-09-03,ETHUSDT,46873.5259,52098.6741,44808.4358,49154.4211,5022.17
2022-09-04,ETHUSDT,49154.4211,50968.3074,49154.4211,49863.4707,2938.33
2022-09-05,ETHUSDT,49863.4707,53442.9958,49863.4707,53167.1195,11095.62
2022-09-06,ETHUSDT,53167.1195,60173.9085,51295.6537,54614.1801,3903.57
2022-09-07,ETHUSDT,54614.1801,55755.8279,49373.9175,53038.5573,1360.61
2022-09-08,ETHUSDT,53038.5573,54504.0135,49870.7485,51291.3822,7382.76
2022-09-09,ETHUSDT,51291.3822,54907.9053,51291.3822,53370.8179,3995.75
2022-09-10,ETHUSDT,53370.8179,53370.8179,48057.257,49952.466,4230.49
2022-09-11,ETHUSDT,49952.466,55216.3813,49952.466,54152.4613,4023.49
2022-09-12,ETHUSDT,54152.4613,54152.4613,49836.0433,51092.4334,9317.4
2022-09-13,ETHUSDT,51092.4334,51092.4334,49011.6401,50150.6748,3205.26
2022-09-14,ETHUSDT,50150.6748,52578.7867,50150.6748,51881.8716,3134.49
2022-09-15,ETHUSDT,51881.8716,52980.6672,51881.8716,52254.5303,4982.5
2022-09-16,ETHUSDT,52254.5303,64788.0495,52254.5303,56979.2048,9464.46
2022-09-17,ETHUSDT,56979.2048,56979.2048,52477.1763,53525.3579,5947.9
2022-09-18,ETHUSDT,53525.3579,53525.3579,48397.0795,52697.7941,1829.19
2022-09-19,ETHUSDT,52697.7941,56456.7702,52697.7941,54938.2391,3965.97
2022-09-20,ETHUSDT,54938.2391,57304.3544,50385.3752,53849.861,3410.41
2022-09-21,ETHUSDT,53849.861,57338.7165,53483.9817,53790.0784,6631.89
2022-09-22,ETHUSDT,53790.0784,61796.3087,53790.0784,56744.665,4790.63
2022-09-23,ETHUSDT,56744.665,56744.665,47390.5957,51783.3423,13056.6
2022-09-24,ETHUSDT,51783.3423,53530.1983,50349.0432,51558.6919,5371.26
2022-09-25,ETHUSDT,51558.6919,51558.6919,46716.205,48085.4191,8101.22
2022-09-26,ETHUSDT,48085.4191,51029.4658,48085.4191,49951.3379,7080.69
2022-09-27,ETHUSDT,49951.3379,53862.7318,48514.2451,50649.5964,2997.4
2022-09-28,ETHUSDT,50649.5964,50649.5964,44194.7648,45333.7613,10498.69
2022-09-29,ETHUSDT,45333.7613,45729.7987,42867.2893,44843.9313,4016.15
2022-09-30,ETHUSDT,44843.9313,44843.9313,38965.1324,40330.0865,12000.37
2022-10-01,ETHUSDT,40330.0865,44524.4315,40260.9282,41686.665,9713.48
2022-10-02,ETHUSDT,41686.665,43549.1631,38547.2939,40997.9298,2915.53
2022-10-03,ETHUSDT,40997.9298,42281.8156,38261.5426,40284.8243,10000.87
2022-10-04,ETHUSDT,40284.8243,43012.2935,39953.897,41683.235,6370.4
2022-10-05,ETHUSDT,41683.235,47366.5554,41683.235,45087.5429,10837.46
2022-10-06,ETHUSDT,45087.5429,45087.5429,41909.8074,42460.9333,6113.41
2022-10-07,ETHUSDT,42460.9333,43453.525,38285.5038,42154.3315,3205.2
2022-10-08,ETHUSDT,42154.3315,42154.3315,39637.6483,40117.9181,7010.84
2022-10-09,ETHUSDT,40117.9181,41729.1555,37818.0839,38681.1158,6095.11
2022-10-10,ETHUSDT,38681.1158,40684.6754,36592.5254,38581.2646,6579.42
2022-10-11,ETHUSDT,38581.2646,41360.4983,38539.3198,39388.2928,9939.46
2022-10-12,ETHUSDT,39388.2928,39388.2928,34826.6671,38162.4611,6473.13
2022-10-13,ETHUSDT,38162.4611,38162.4611,34936.2398,35690.9343,7676.4
2022-10-14,ETHUSDT,35690.9343,35690.9343,33326.8129,33812.2218,11752.63
2022-10-15,ETHUSDT,33812.2218,36047.658,33812.2218,35006.023,12335.95
2022-10-16,ETHUSDT,35006.023,35617.3533,35006.023,35207.2868,7245.52
2022-10-17,ETHUSDT,35207.2868,35738.1283,34744.1285,35328.0254,7275.09
2022-10-18,ETHUSDT,35328.0254,37391.3,35328.0254,36965.8923,16026.41
2022-10-19,ETHUSDT,36965.8923,38400.6345,34549.8027,36251.1923,6562.82
2022-10-20,ETHUSDT,36251.1923,38082.7245,35235.2374,37247.9381,6481.45
2022-10-21,ETHUSDT,37247.9381,39865.7637,37247.9381,38844.0094,14268.22
2022-10-22,ETHUSDT,38844.0094,38910.892,37721.9564,37753.2879,5543.03
2022-10-23,ETHUSDT,37753.2879,41922.0174,37161.39,39602.3196,7034.86
2022-10-24,ETHUSDT,39602.3196,42490.0651,39602.3196,41225.6961,11932.41
2022-10-25,ETHUSDT,41225.6961,42658.6754,41225.6961,42133.6666,5778.6
2022-10-26,ETHUSDT,42133.6666,42133.6666,40022.3601,40234.4524,3281.96
2022-10-27,ETHUSDT,40234.4524,45603.1569,40234.4524,44316.2874,4171.42
2022-10-28,ETHUSDT,44316.2874,50010.65,42588.2477,46640.1337,6132.22
2022-10-29,ETHUSDT,46640.1337,47291.3364,45553.62,45968.3068,4988.19
2022-10-30,ETHUSDT,45968.3068,48862.4008,42085.4198,45683.7437,7555.46
2022-10-31,ETHUSDT,45683.7437,47036.2064,45683.7437,46761.3613,4053.2
2022-11-01,ETHUSDT,46761.3613,51835.7643,46761.3613,50796.5492,11509.89
2022-11-02,ETHUSDT,50796.5492,53034.4831,50796.5492,51153.055,2863.32
2022-11-03,ETHUSDT,51153.055,54552.9516,51153.055,52158.0872,5032.77
2022-11-04,ETHUSDT,52158.0872,55230.8372,52158.0872,54519.399,4097.69
2022-11-05,ETHUSDT,54519.399,54519.399,46519.4161,49130.1457,18054.52
2022-11-06,ETHUSDT,49130.1457,50719.9698,44714.6714,49331.6027,6153.84
2022-11-07,ETHUSDT,49331.6027,51930.2488,48972.8412,49809.2753,6224.05
2022-11-08,ETHUSDT,49809.2753,50259.9895,48615.9683,49341.3906,1499.05
2022-11-09,ETHUSDT,49341.3906,51758.7847,49341.3906,51605.8445,5938.33
2022-11-10,ETHUSDT,51605.8445,51605.8445,47360.0957,49365.0614,17013.37
2022-11-11,ETHUSDT,49365.0614,61305.1106,49365.0614,58455.5952,21616.25
2022-11-12,ETHUSDT,58455.5952,58455.5952,54246.896,56856.3844,8978.88
2022-11-13,ETHUSDT,56856.3844,56856.3844,51680.2672,52165.1386,4931.73
2022-11-14,ETHUSDT,52165.1386,53498.3796,52151.5614,53128.8331,3892.51
2022-11-15,ETHUSDT,53128.8331,53128.8331,39512.5169,42338.0082,15138.39
2022-11-16,ETHUSDT,42338.0082,42338.0082,39229.6184,40786.7139,2191.16
2022-11-17,ETHUSDT,40786.7139,40786.7139,36749.0444,37204.4405,21656.76
2022-11-18,ETHUSDT,37204.4405,38354.1774,34765.405,37645.8109,7184.47
2022-11-19,ETHUSDT,37645.8109,37645.8109,33041.4258,34269.8308,24399.97
2022-11-20,ETHUSDT,34269.8308,34291.9991,32125.5161,33717.2499,4149.22
2022-11-21,ETHUSDT,33717.2499,34589.5329,32067.7912,32988.1584,6186.37
2022-11-22,ETHUSDT,32988.1584,32988.1584,30576.8607,31970.3946,14312.11
2022-11-23,ETHUSDT,31970.3946,33348.6051,31970.3946,32826.6861,14589.41
2022-11-24,ETHUSDT,32826.6861,33240.4322,31008.2723,31875.4917,7773.23
2022-11-25,ETHUSDT,31875.4917,31875.4917,26050.2295,28856.7253,9253.5
2022-11-26,ETHUSDT,28856.7253,30317.6115,28267.4861,30117.2861,13375.84
2022-11-27,ETHUSDT,30117.2861,30293.296,29649.5283,30103.3988,5618.14
2022-11-28,ETHUSDT,30103.3988,32806.9368,30103.3988,32598.6909,30127.08
2022-11-29,ETHUSDT,32598.6909,32598.6909,29551.5471,30287.4272,19866.85
2022-11-30,ETHUSDT,30287.4272,30753.2717,28027.9444,29217.9772,7707.2
2022-12-01,ETHUSDT,29217.9772,29217.9772,25540.3935,26760.7816,22788.67
2022-12-02,ETHUSDT,26760.7816,26760.7816,24573.1012,25633.3106,10165.67
2022-12-03,ETHUSDT,25633.3106,27560.3626,25633.3106,27020.4392,26342.73
2022-12-04,ETHUSDT,27020.4392,27020.4392,23094.284,23782.8117,19866.77
2022-12-05,ETHUSDT,23782.8117,25196.6956,23782.8117,24805.5679,27766.5
2022-12-06,ETHUSDT,24805.5679,28031.2038,24805.5679,26325.4676,21255.61
2022-12-07,ETHUSDT,26325.4676,26325.4676,23148.9156,24565.4387,36244.97
2022-12-08,ETHUSDT,24565.4387,24981.4498,23708.6512,24028.8477,9516.73
2022-12-09,ETHUSDT,24028.8477,24595.9036,23713.7329,23945.7671,6378.73
2022-12-10,ETHUSDT,23945.7671,24826.2148,23333.4064,23433.8083,16507.11
2022-12-11,ETHUSDT,23433.8083,24817.0346,22798.9599,24576.6686,17652.15
2022-12-12,ETHUSDT,24576.6686,24576.6686,20594.3701,22053.5202,35796.51
2022-12-13,ETHUSDT,22053.5202,24405.7631,21936.8022,22820.0732,10931.97
2022-12-14,ETHUSDT,22820.0732,25800.4614,22820.0732,23918.1744,17576.18
2022-12-15,ETHUSDT,23918.1744,24624.1172,21821.1647,23436.8698,12152.87
2022-12-16,ETHUSDT,23436.8698,23483.737,21940.7359,22694.6159,40952.68
2022-12-17,ETHUSDT,22694.6159,23836.9765,21365.0085,23331.9987,13394.62
2022-12-18,ETHUSDT,23331.9987,24552.6047,23174.3396,23379.9214,14914.13
2022-12-19,ETHUSDT,23379.9214,23379.9214,19933.0206,20978.3098,20051.86
2022-12-20,ETHUSDT,20978.3098,23153.693,19520.6329,21918.636,9252.96
2022-12-21,ETHUSDT,21918.636,21918.636,20449.0261,21354.4426,5896.57
2022-12-22,ETHUSDT,21354.4426,21354.4426,20212.0999,20384.1612,17757.33
2022-12-23,ETHUSDT,20384.1612,20696.1398,19095.4273,20528.0848,9352.01
2022-12-24,ETHUSDT,20528.0848,20528.0848,19275.8104,19315.4606,27810.91
2022-12-25,ETHUSDT,19315.4606,19315.4606,16833.3703,17654.4973,18371.15
2022-12-26,ETHUSDT,17654.4973,21085.5203,17654.4973,20481.5618,34596.93
2022-12-27,ETHUSDT,20481.5618,22971.6583,20481.5618,22494.1009,12552.14
2022-12-28,ETHUSDT,22494.1009,22664.5541,22250.3368,22282.272,15035.05
2022-12-29,ETHUSDT,22282.272,22677.9247,21933.7505,21940.8739,10504.09
2022-12-30,ETHUSDT,21940.8739,21940.8739,21266.5444,21645.4083,8014.53
2022-12-31,ETHUSDT,21645.4083,21645.4083,19744.0632,21103.6591,24417.61
2023-01-01,ETHUSDT,21103.6591,53029.0856,21103.6591,52889.4116,32806.51
2023-01-02,ETHUSDT,52889.4116,53189.3124,49673.4939,52231.9582,8927.23
2023-01-03,ETHUSDT,52231.9582,53851.3644,49060.4848,53079.2604,3201.48
2023-01-04,ETHUSDT,53079.2604,53079.2604,52364.671,52627.2214,1475.8
2023-01-05,ETHUSDT,52627.2214,58389.6314,52627.2214,55610.1109,9231.56
2023-01-06,ETHUSDT,55610.1109,58895.1278,55610.1109,57888.5702,6420.6
2023-01-07,ETHUSDT,57888.5702,60423.6818,57161.8393,59476.1647,6720.46
2023-01-08,ETHUSDT,59476.1647,64641.7813,58801.5722,60711.407,7889.56
2023-01-09,ETHUSDT,60711.407,60711.407,51566.8663,55408.7242,7569.66
2023-01-10,ETHUSDT,55408.7242,62708.9054,53720.0547,57575.1617,2875.32
2023-01-11,ETHUSDT,57575.1617,60489.0379,54938.3586,57602.5109,2285.87
2023-01-12,ETHUSDT,57602.5109,58407.2526,54085.0114,58136.3239,1953.95
2023-01-13,ETHUSDT,58136.3239,58136.3239,53316.1055,56701.2198,3916.26
2023-01-14,ETHUSDT,56701.2198,64967.8891,54533.3759,59694.3655,10112.96
2023-01-15,ETHUSDT,59694.3655,65587.2471,59694.3655,63983.5015,7372.02
2023-01-16,ETHUSDT,63983.5015,65255.546,58681.4748,62136.6291,7982.33
2023-01-17,ETHUSDT,62136.6291,64067.3116,60149.9251,63637.8071,4945.77
2023-01-18,ETHUSDT,63637.8071,63637.8071,59749.0043,61073.9676,2719.85
2023-01-19,ETHUSDT,61073.9676,61073.9676,55464.5494,57287.4346,9617.18
2023-01-20,ETHUSDT,57287.4346,59361.5656,56066.9163,56914.6321,2789.26
2023-01-21,ETHUSDT,56914.6321,57778.8584,52907.3888,56676.6895,10323.11
2023-01-22,ETHUSDT,56676.6895,62264.2949,56290.1075,57641.0271,6875.61
2023-01-23,ETHUSDT,57641.0271,62103.95,57641.0271,61244.05,13674.24
2023-01-24,ETHUSDT,61244.05,65081.5828,58898.7213,60823.7243,2777.81
2023-01-25,ETHUSDT,60823.7243,67771.4052,57865.2138,63948.7811,2383.96
2023-01-26,ETHUSDT,63948.7811,63948.7811,57637.9445,57673.258,12159.0
2023-01-27,ETHUSDT,57673.258,58059.7746,56463.2779,57897.9333,4805.55
2023-01-28,ETHUSDT,57897.9333,61389.2069,57320.5906,59905.9888,5817.38
2023-01-29,ETHUSDT,59905.9888,68522.5636,59905.9888,63015.729,4770.69
2023-01-30,ETHUSDT,63015.729,69960.7164,63015.729,65622.6839,5237.2
2023-01-31,ETHUSDT,65622.6839,69815.3603,65001.0364,66771.6502,3777.1
2023-02-01,ETHUSDT,66771.6502,68541.3314,66771.6502,68536.5076,3543.72
2023-02-02,ETHUSDT,68536.5076,72677.603,68536.5076,71464.4099,4339.5
2023-02-03,ETHUSDT,71464.4099,71464.4099,67386.4658,68820.0295,10378.43
2023-02-04,ETHUSDT,68820.0295,71636.5053,68352.1555,70363.469,3681.34
2023-02-05,ETHUSDT,70363.469,72580.3532,67836.7247,69574.6571,2313.85
2023-02-06,ETHUSDT,69574.6571,69574.6571,67141.2109,68065.2984,7037.68
2023-02-07,ETHUSDT,68065.2984,68065.2984,60309.0854,63596.8458,8284.65
2023-02-08,ETHUSDT,63596.8458,66216.2848,63596.8458,65924.4326,10429.32
2023-02-09,ETHUSDT,65924.4326,66021.3058,63260.3357,63436.1998,4151.44
2023-02-10,ETHUSDT,63436.1998,69307.9266,63436.1998,66428.0171,9408.71
2023-02-11,ETHUSDT,66428.0171,66428.0171,62053.8029,62174.0675,7159.24
2023-02-12,ETHUSDT,62174.0675,67274.8773,61000.7874,64073.5551,2760.03
2023-02-13,ETHUSDT,64073.5551,67111.12,62164.4152,63637.7458,1293.12
2023-02-14,ETHUSDT,63637.7458,63637.7458,59379.2395,59625.4585,5851.38
2023-02-15,ETHUSDT,59625.4585,62678.2222,59625.4585,62096.1046,5010.27
2023-02-16,ETHUSDT,62096.1046,65446.9098,60418.6722,65259.6617,6303.3
2023-02-17,ETHUSDT,65259.6617,65259.6617,53396.4946,57408.5926,6798.44
2023-02-18,ETHUSDT,57408.5926,57960.799,52301.4312,53743.0439,6496.93
2023-02-19,ETHUSDT,53743.0439,56856.4407,50855.919,54472.4019,8514.05
2023-02-20,ETHUSDT,54472.4019,55342.3183,46513.1788,52142.2253,3401.08
2023-02-21,ETHUSDT,52142.2253,59079.0269,52142.2253,55099.4198,3051.38
2023-02-22,ETHUSDT,55099.4198,59670.5909,55099.4198,58947.2053,7519.7
2023-02-23,ETHUSDT,58947.2053,62282.8695,54798.0641,59562.0424,4471.8
2023-02-24,ETHUSDT,59562.0424,59562.0424,52047.654,55546.128,2148.4
2023-02-25,ETHUSDT,55546.128,58738.7208,54510.1727,55800.7035,6038.84
2023-02-26,ETHUSDT,55800.7035,56956.7753,51297.7185,54132.2824,3420.39
2023-02-27,ETHUSDT,54132.2824,57372.3287,54132.2824,55215.2375,5047.58
2023-02-28,ETHUSDT,55215.2375,56609.5951,53861.852,56150.0064,1156.85
2023-03-01,ETHUSDT,56150.0064,64394.7671,56150.0064,60473.0285,8046.36
2023-03-02,ETHUSDT,60473.0285,60473.0285,51480.5443,55759.1479,10712.75
2023-03-03,ETHUSDT,55759.1479,55759.1479,48789.554,50213.6631,6913.31
2023-03-04,ETHUSDT,50213.6631,51025.4435,48141.913,50733.4715,1704.66
2023-03-05,ETHUSDT,50733.4715,54525.5284,49420.4397,53285.0893,3521.47
2023-03-06,ETHUSDT,53285.0893,59512.2634,53285.0893,56536.7716,6655.66
2023-03-07,ETHUSDT,56536.7716,56536.7716,52379.2202,55022.051,3870.32
2023-03-08,ETHUSDT,55022.051,55022.051,52090.1194,52971.6712,5507.31
2023-03-09,ETHUSDT,52971.6712,63483.317,52971.6712,60019.4121,7724.76
2023-03-10,ETHUSDT,60019.4121,61765.9119,56487.6937,57574.9988,1839.3
2023-03-11,ETHUSDT,57574.9988,59014.0957,57252.1786,58458.2914,2096.67
2023-03-12,ETHUSDT,58458.2914,63489.1777,53324.9407,60606.6761,4036.07
2023-03-13,ETHUSDT,60606.6761,69614.0752,60080.3141,64245.1336,13898.23
2023-03-14,ETHUSDT,64245.1336,71508.1189,64245.1336,69206.0058,6063.34
2023-03-15,ETHUSDT,69206.0058,74959.2952,67965.3062,74164.5291,11506.44
2023-03-16,ETHUSDT,74164.5291,75461.2851,69258.7565,74066.2338,3904.62
2023-03-17,ETHUSDT,74066.2338,82605.014,74066.2338,79165.7518,6875.46
2023-03-18,ETHUSDT,79165.7518,84452.9755,76684.1608,78123.7917,6605.8
2023-03-19,ETHUSDT,78123.7917,78123.7917,74193.1933,75195.2374,10633.59
2023-03-20,ETHUSDT,75195.2374,75195.2374,68902.3844,71519.9537,2621.61
2023-03-21,ETHUSDT,71519.9537,71519.9537,59888.8049,67248.3008,4745.08
2023-03-22,ETHUSDT,67248.3008,67248.3008,63493.4568,63548.9513,7774.64
2023-03-23,ETHUSDT,63548.9513,64282.1119,61547.2651,62459.4282,1840.87
2023-03-24,ETHUSDT,62459.4282,65122.0347,58567.3575,63991.4515,1704.72
2023-03-25,ETHUSDT,63991.4515,67721.7371,63539.6673,65559.8732,3977.99
2023-03-26,ETHUSDT,65559.8732,67620.9139,63457.0204,64638.7549,5769.38
2023-03-27,ETHUSDT,64638.7549,64638.7549,57725.7257,62524.4274,4928.27
2023-03-28,ETHUSDT,62524.4274,66877.9343,61948.227,64263.5797,3390.98
2023-03-29,ETHUSDT,64263.5797,72010.797,64263.5797,71329.1602,37481.35
2023-03-30,ETHUSDT,71329.1602,75608.571,69208.2104,72605.4668,5441.76
2023-03-31,ETHUSDT,72605.4668,72980.9479,67732.9934,72572.5235,3035.58
2023-04-01,ETHUSDT,72572.5235,74032.5587,69532.7218,70961.263,1320.79
2023-04-02,ETHUSDT,70961.263,70961.263,66883.2912,68083.2718,5607.88
2023-04-03,ETHUSDT,68083.2718,70512.0235,61760.2501,65894.1519,5323.33
2023-04-04,ETHUSDT,65894.1519,65894.1519,60384.6037,63338.3625,5281.07
2023-04-05,ETHUSDT,63338.3625,68787.8329,62919.4748,67022.8872,3535.93
2023-04-06,ETHUSDT,67022.8872,74459.5633,67022.8872,72648.2447,6394.43
2023-04-07,ETHUSDT,72648.2447,73482.4651,68488.0948,72889.8607,1505.31
2023-04-08,ETHUSDT,72889.8607,77157.0606,72889.8607,77047.4701,2051.75
2023-04-09,ETHUSDT,77047.4701,77047.4701,69897.1731,74407.724,3530.01
2023-04-10,ETHUSDT,74407.724,74407.724,73726.9915,74248.2663,6450.39
2023-04-11,ETHUSDT,74248.2663,74248.2663,67570.9641,69406.1292,4766.91
2023-04-12,ETHUSDT,69406.1292,69406.1292,66925.6248,68349.2987,3130.49
2023-04-13,ETHUSDT,68349.2987,69821.7131,62813.779,69315.6255,4604.16
2023-04-14,ETHUSDT,69315.6255,69315.6255,63309.2689,65432.1159,7154.81
2023-04-15,ETHUSDT,65432.1159,65877.4051,60988.1958,65005.5101,2468.16
2023-04-16,ETHUSDT,65005.5101,69148.4983,65005.5101,69061.0604,8207.45
2023-04-17,ETHUSDT,69061.0604,72191.8082,66826.8196,67777.1562,9227.65
2023-04-18,ETHUSDT,67777.1562,71167.7518,67183.749,68277.9751,1708.4
2023-04-19,ETHUSDT,68277.9751,69200.6214,67283.182,69051.0496,4815.83
2023-04-20,ETHUSDT,69051.0496,73527.5881,67870.4128,71032.5248,2708.62
2023-04-21,ETHUSDT,71032.5248,73777.3268,68846.6049,70062.1867,3223.84
2023-04-22,ETHUSDT,70062.1867,70062.1867,64997.0432,68154.4073,1940.91
2023-04-23,ETHUSDT,68154.4073,73729.2466,68154.4073,70646.8756,3629.71
2023-04-24,ETHUSDT,70646.8756,73085.6198,65291.1251,70645.9231,5287.41
2023-04-25,ETHUSDT,70645.9231,72987.0267,70147.036,70513.225,7372.35
2023-04-26,ETHUSDT,70513.225,70513.225,65839.2742,65928.7227,8010.41
2023-04-27,ETHUSDT,65928.7227,69517.5824,65597.9351,67462.7271,3727.3
2023-04-28,ETHUSDT,67462.7271,67462.7271,63791.6066,65613.8197,8891.2
2023-04-29,ETHUSDT,65613.8197,71975.8487,65613.8197,70767.7416,5082.59
2023-04-30,ETHUSDT,70767.7416,70767.7416,61623.2487,66862.2461,3377.64
2023-05-01,ETHUSDT,66862.2461,66862.2461,57159.04,58141.6404,10987.28
2023-05-02,ETHUSDT,58141.6404,58141.6404,52705.0854,54865.5807,10192.85
2023-05-03,ETHUSDT,54865.5807,54865.5807,50704.9862,53550.5787,3175.92
2023-05-04,ETHUSDT,53550.5787,57657.4089,52727.8296,53621.9586,2575.43
2023-05-05,ETHUSDT,53621.9586,55622.9123,53621.9586,55026.1326,6977.02
2023-05-06,ETHUSDT,55026.1326,55026.1326,52582.9824,52846.3834,2955.15
2023-05-07,ETHUSDT,52846.3834,54802.106,52423.5985,54747.2094,5596.68
2023-05-08,ETHUSDT,54747.2094,58693.1149,49296.2186,54050.7295,5730.03
2023-05-09,ETHUSDT,54050.7295,57509.3525,54050.7295,55509.6153,3285.94
2023-05-10,ETHUSDT,55509.6153,59499.2643,52329.4826,55765.9279,2883.62
2023-05-11,ETHUSDT,55765.9279,55765.9279,52165.9017,54107.5398,3697.05
2023-05-12,ETHUSDT,54107.5398,57880.5684,53190.9532,53777.0431,3029.87
2023-05-13,ETHUSDT,53777.0431,54404.489,50842.5773,54217.2361,1732.5
2023-05-14,ETHUSDT,54217.2361,57898.7752,54217.2361,55955.4607,4213.99
2023-05-15,ETHUSDT,55955.4607,55955.4607,50116.5978,50496.932,12940.06
2023-05-16,ETHUSDT,50496.932,50496.932,47637.2023,48117.3517,6198.52
2023-05-17,ETHUSDT,48117.3517,51067.4596,47816.0343,49494.4373,5235.72
2023-05-18,ETHUSDT,49494.4373,50203.9137,47605.0665,48024.8819,9503.09
2023-05-19,ETHUSDT,48024.8819,48024.8819,45548.0175,45739.0058,6094.48
2023-05-20,ETHUSDT,45739.0058,46003.7,42518.3002,44956.3324,8412.31
2023-05-21,ETHUSDT,44956.3324,52455.3579,44956.3324,48537.8947,8639.69
2023-05-22,ETHUSDT,48537.8947,48537.8947,43538.3519,46735.3231,2790.62
2023-05-23,ETHUSDT,46735.3231,52419.1192,46554.8096,51289.0208,9184.36
2023-05-24,ETHUSDT,51289.0208,51289.0208,46479.2674,49926.1988,4979.79
2023-05-25,ETHUSDT,49926.1988,55236.5323,49926.1988,52842.215,6304.96
2023-05-26,ETHUSDT,52842.215,55014.2493,51225.2794,51844.0432,2222.68
2023-05-27,ETHUSDT,51844.0432,57892.9372,51844.0432,54811.854,5688.71
2023-05-28,ETHUSDT,54811.854,54811.854,52367.9856,52986.2356,2493.06
2023-05-29,ETHUSDT,52986.2356,54131.54,52986.2356,54025.924,3892.32
2023-05-30,ETHUSDT,54025.924,56738.0389,51682.4854,54545.5539,2936.32
2023-05-31,ETHUSDT,54545.5539,54545.5539,48782.9009,48922.8052,26199.67
2023-06-01,ETHUSDT,48922.8052,49667.5525,46278.5664,49096.9951,2756.97
2023-06-02,ETHUSDT,49096.9951,49096.9951,42146.5854,45821.7134,8971.29
2023-06-03,ETHUSDT,45821.7134,49870.1855,45821.7134,49609.6203,11547.66
2023-06-04,ETHUSDT,49609.6203,50526.8631,43710.6189,48771.8063,4100.3
2023-06-05,ETHUSDT,48771.8063,48771.8063,43107.9061,43580.0987,7694.68
2023-06-06,ETHUSDT,43580.0987,43800.8882,38063.348,41382.0848,9273.52
2023-06-07,ETHUSDT,41382.0848,45480.7199,41382.0848,45088.015,4570.14
2023-06-08,ETHUSDT,45088.015,51204.4953,45088.015,47147.9247,17510.75
2023-06-09,ETHUSDT,47147.9247,48224.1717,44719.1437,46368.0562,2911.6
2023-06-10,ETHUSDT,46368.0562,47299.0913,46055.6185,46409.3128,1887.58
2023-06-11,ETHUSDT,46409.3128,50098.496,45810.1394,48398.6472,3976.39
2023-06-12,ETHUSDT,48398.6472,49242.5798,46290.5065,47998.9938,3443.25
2023-06-13,ETHUSDT,47998.9938,47998.9938,43163.4756,45159.7404,6333.8
2023-06-14,ETHUSDT,45159.7404,45279.2847,44056.8189,44694.3005,2741.56
2023-06-15,ETHUSDT,44694.3005,49417.1813,44694.3005,47792.7555,8270.71
2023-06-16,ETHUSDT,47792.7555,47792.7555,43942.3595,45260.9525,15352.42
2023-06-17,ETHUSDT,45260.9525,46695.879,41406.5633,45457.8244,8735.91
2023-06-18,ETHUSDT,45457.8244,48293.241,45457.8244,48142.2038,5379.4
2023-06-19,ETHUSDT,48142.2038,48142.2038,41825.6399,45819.6333,5836.63
2023-06-20,ETHUSDT,45819.6333,48844.2223,45819.6333,47336.3948,6035.12
2023-06-21,ETHUSDT,47336.3948,48386.8148,46065.6452,47729.9428,6432.94
2023-06-22,ETHUSDT,47729.9428,50514.5809,46667.5824,47639.3583,5413.78
2023-06-23,ETHUSDT,47639.3583,51368.0694,47639.3583,49259.208,11692.48
2023-06-24,ETHUSDT,49259.208,53238.2052,49259.208,52372.8926,3076.52
2023-06-25,ETHUSDT,52372.8926,52372.8926,44392.9431,50397.6176,2262.92
2023-06-26,ETHUSDT,50397.6176,50397.6176,42179.2411,45348.4356,11739.07
2023-06-27,ETHUSDT,45348.4356,47630.9248,44825.8323,45494.5216,8153.16
2023-06-28,ETHUSDT,45494.5216,48707.368,42847.0829,45900.1184,4873.93
2023-06-29,ETHUSDT,45900.1184,47433.151,42092.3218,45179.2593,4870.67
2023-06-30,ETHUSDT,45179.2593,50022.3195,44431.5872,48792.0104,22340.49
2023-07-01,ETHUSDT,48792.0104,73235.9795,48792.0104,70551.8557,17447.4
2023-07-02,ETHUSDT,70551.8557,78679.8496,70551.8557,74981.5945,4211.32
2023-07-03,ETHUSDT,74981.5945,75247.6608,72081.648,72199.3514,7445.87
2023-07-04,ETHUSDT,72199.3514,73743.2535,65784.7024,72720.1339,5545.97
2023-07-05,ETHUSDT,72720.1339,75295.829,72720.1339,74679.3,5524.27
2023-07-06,ETHUSDT,74679.3,77888.8412,64171.1653,73054.8517,2873.34
2023-07-07,ETHUSDT,73054.8517,78904.2871,72694.138,74303.6589,1808.78
2023-07-08,ETHUSDT,74303.6589,81921.1657,74303.6589,79721.6043,1022.52
2023-07-09,ETHUSDT,79721.6043,81947.2301,78956.981,80376.1986,2034.72
2023-07-10,ETHUSDT,80376.1986,86030.5957,78217.868,81867.0442,1888.47
2023-07-11,ETHUSDT,81867.0442,81867.0442,73115.7482,74770.3714,4668.28
2023-07-12,ETHUSDT,74770.3714,76615.2683,69832.288,73760.1963,2739.48
2023-07-13,ETHUSDT,73760.1963,73760.1963,63604.9522,71005.7962,2509.85
2023-07-14,ETHUSDT,71005.7962,74391.8748,62395.7466,68340.852,2691.62
2023-07-15,ETHUSDT,68340.852,74791.9531,68340.852,73836.5219,4784.97
2023-07-16,ETHUSDT,73836.5219,81138.6155,73836.5219,76469.998,3914.31
2023-07-17,ETHUSDT,76469.998,76469.998,71951.053,72710.6932,2022.97
2023-07-18,ETHUSDT,72710.6932,74938.7247,72710.6932,73741.5821,4511.1
2023-07-19,ETHUSDT,73741.5821,76657.0965,73741.5821,75942.4557,2892.55
2023-07-20,ETHUSDT,75942.4557,79993.2817,75942.4557,79893.3638,1515.11
2023-07-21,ETHUSDT,79893.3638,90313.6394,79893.3638,86114.9546,4075.19
2023-07-22,ETHUSDT,86114.9546,91603.9915,84373.0249,85940.5508,4160.54
2023-07-23,ETHUSDT,85940.5508,86777.3248,77791.283,84550.1628,2550.47
2023-07-24,ETHUSDT,84550.1628,84550.1628,82468.7935,82655.1675,5377.4
2023-07-25,ETHUSDT,82655.1675,82655.1675,77250.2073,78018.9319,2615.29
2023-07-26,ETHUSDT,78018.9319,85407.6828,78018.9319,80931.8738,4404.96
2023-07-27,ETHUSDT,80931.8738,87854.9066,80931.8738,84464.3569,2095.34
2023-07-28,ETHUSDT,84464.3569,87566.7842,82275.8422,86115.0881,952.64
2023-07-29,ETHUSDT,86115.0881,86917.7074,79167.8398,84620.2126,1617.62
2023-07-30,ETHUSDT,84620.2126,94715.479,84620.2126,88603.4573,2113.28
2023-07-31,ETHUSDT,88603.4573,88603.4573,77848.2048,82825.0002,7752.93
2023-08-01,ETHUSDT,82825.0002,93194.6964,82825.0002,90159.7989,4146.91
2023-08-02,ETHUSDT,90159.7989,93373.2723,80611.3644,86319.144,2002.73
2023-08-03,ETHUSDT,86319.144,86955.355,84056.121,85862.451,1901.43
2023-08-04,ETHUSDT,85862.451,101048.2223,85862.451,91049.3597,3942.74
2023-08-05,ETHUSDT,91049.3597,96451.2595,91049.3597,93226.6231,1968.49
2023-08-06,ETHUSDT,93226.6231,94456.922,83965.7307,89767.8714,2959.25
2023-08-07,ETHUSDT,89767.8714,89767.8714,85796.2962,88039.3899,2703.08
2023-08-08,ETHUSDT,88039.3899,88039.3899,79352.3557,82239.7125,8342.95
2023-08-09,ETHUSDT,82239.7125,89497.4989,80792.9757,85801.179,1548.41
2023-08-10,ETHUSDT,85801.179,85801.179,73299.8056,75521.9558,3489.74
2023-08-11,ETHUSDT,75521.9558,86583.4209,75521.9558,85357.1413,4146.37
2023-08-12,ETHUSDT,85357.1413,85432.4083,80575.3389,84483.1791,2700.5
2023-08-13,ETHUSDT,84483.1791,84483.1791,81127.269,82286.5628,2479.93
2023-08-14,ETHUSDT,82286.5628,82286.5628,77584.8324,77665.6616,2762.89
2023-08-15,ETHUSDT,77665.6616,81392.4312,77665.6616,80347.8732,1547.25
2023-08-16,ETHUSDT,80347.8732,80347.8732,74114.7735,75383.1176,1977.26
2023-08-17,ETHUSDT,75383.1176,79113.3924,71181.164,75332.0516,872.63
2023-08-18,ETHUSDT,75332.0516,85535.5326,75332.0516,80776.1461,3828.72
2023-08-19,ETHUSDT,80776.1461,80776.1461,73542.3226,76611.3858,2573.18
2023-08-20,ETHUSDT,76611.3858,82332.4665,75501.156,79522.5951,1360.04
2023-08-21,ETHUSDT,79522.5951,79522.5951,73948.7896,75832.8771,5235.31
2023-08-22,ETHUSDT,75832.8771,75832.8771,69580.3434,73258.9419,2636.62
2023-08-23,ETHUSDT,73258.9419,78928.0623,73258.9419,75168.729,2459.34
2023-08-24,ETHUSDT,75168.729,77558.0232,73016.4354,74098.8495,1868.26
2023-08-25,ETHUSDT,74098.8495,76614.3174,70824.8085,73285.1678,2371.01
2023-08-26,ETHUSDT,73285.1678,76344.7172,73285.1678,75927.328,1877.47
2023-08-27,ETHUSDT,75927.328,75929.2754,72575.3376,73205.0941,2408.68
2023-08-28,ETHUSDT,73205.0941,75076.7605,73205.0941,74595.8427,2667.67
2023-08-29,ETHUSDT,74595.8427,75910.9836,73391.6944,75702.2182,3665.62
2023-08-30,ETHUSDT,75702.2182,89149.1179,75242.4381,76180.7102,755.97
2023-08-31,ETHUSDT,76180.7102,77119.3267,75412.8772,76414.7518,2425.65
2023-09-01,ETHUSDT,76414.7518,85525.6048,76414.7518,84066.2277,4180.21
2023-09-02,ETHUSDT,84066.2277,84119.4476,81150.7406,82795.319,3212.49
2023-09-03,ETHUSDT,82795.319,85033.5912,79988.178,81126.2929,1015.95
2023-09-04,ETHUSDT,81126.2929,81429.4276,80038.9572,80715.0059,2862.86
2023-09-05,ETHUSDT,80715.0059,88418.8095,80636.1806,82795.3597,3357.78
2023-09-06,ETHUSDT,82795.3597,82795.3597,80812.1419,81449.5038,1989.79
2023-09-07,ETHUSDT,81449.5038,87802.0435,80981.1987,85606.9515,8698.14
2023-09-08,ETHUSDT,85606.9515,85606.9515,82672.9396,83088.3125,1236.48
2023-09-09,ETHUSDT,83088.3125,84935.1766,79844.2889,81627.0469,4764.96
2023-09-10,ETHUSDT,81627.0469,83771.7821,77370.9382,80235.3119,1535.16
2023-09-11,ETHUSDT,80235.3119,80235.3119,75365.9867,78701.3816,691.6
2023-09-12,ETHUSDT,78701.3816,82206.7611,78701.3816,81482.054,2640.23
2023-09-13,ETHUSDT,81482.054,84016.4712,78615.7816,82634.961,4289.26
2023-09-14,ETHUSDT,82634.961,82634.961,81390.926,81796.7195,1720.52
2023-09-15,ETHUSDT,81796.7195,81796.7195,72880.0013,76563.188,7720.41
2023-09-16,ETHUSDT,76563.188,78602.2593,74572.9616,77277.882,3411.96
2023-09-17,ETHUSDT,77277.882,77277.882,70066.1565,75063.9931,2398.46
2023-09-18,ETHUSDT,75063.9931,75063.9931,70645.3472,72284.5735,3680.48
2023-09-19,ETHUSDT,72284.5735,76550.6399,70717.1708,73309.1901,4060.05
2023-09-20,ETHUSDT,73309.1901,77047.1278,68750.1303,75881.775,4074.8
2023-09-21,ETHUSDT,75881.775,82506.812,74987.2901,78993.558,2051.75
2023-09-22,ETHUSDT,78993.558,80849.8784,73088.6022,76776.8202,3621.01
2023-09-23,ETHUSDT,76776.8202,76776.8202,67354.2776,71222.2782,2285.93
2023-09-24,ETHUSDT,71222.2782,73379.1179,71222.2782,72627.0302,3515.52
2023-09-25,ETHUSDT,72627.0302,77143.1389,72250.6453,74466.5838,1788.39
2023-09-26,ETHUSDT,74466.5838,80439.7815,74466.5838,79897.8827,4088.22
2023-09-27,ETHUSDT,79897.8827,79897.8827,71704.7238,73594.5126,1629.04
2023-09-28,ETHUSDT,73594.5126,74235.1083,71254.6651,73015.7472,3815.46
2023-09-29,ETHUSDT,73015.7472,73015.7472,69579.7202,71036.8686,2977.42
2023-09-30,ETHUSDT,71036.8686,76094.2379,71036.8686,72707.7676,1478.62
2023-10-01,ETHUSDT,72707.7676,72857.6709,71491.4797,71854.8099,2399.8
2023-10-02,ETHUSDT,71854.8099,71854.8099,68302.3596,68476.5384,4710.9
2023-10-03,ETHUSDT,68476.5384,68476.5384,63074.1729,67126.0472,4938.73
2023-10-04,ETHUSDT,67126.0472,67126.0472,60953.7798,66419.5618,2368.4
2023-10-05,ETHUSDT,66419.5618,68497.4578,60493.1589,65350.7928,3409.96
2023-10-06,ETHUSDT,65350.7928,65350.7928,60177.8633,63481.8034,5502.55
2023-10-07,ETHUSDT,63481.8034,70712.1614,63481.8034,69079.8354,5646.76
2023-10-08,ETHUSDT,69079.8354,71035.7925,69079.8354,70016.2587,3316.03
2023-10-09,ETHUSDT,70016.2587,83461.6117,70016.2587,79160.4658,6481.88
2023-10-10,ETHUSDT,79160.4658,80846.9282,79160.4658,80094.6336,3293.48
2023-10-11,ETHUSDT,80094.6336,80094.6336,74808.9149,75696.8184,4171.12
2023-10-12,ETHUSDT,75696.8184,75696.8184,69711.11,72658.4275,5080.56
2023-10-13,ETHUSDT,72658.4275,79651.5353,72658.4275,75967.7097,3550.64
2023-10-14,ETHUSDT,75967.7097,84755.6722,75967.7097,80366.9393,12510.26
2023-10-15,ETHUSDT,80366.9393,82696.9087,74202.4342,79053.8811,3224.84
2023-10-16,ETHUSDT,79053.8811,85937.2264,79053.8811,82472.6932,3288.96
2023-10-17,ETHUSDT,82472.6932,82472.6932,73157.3128,74089.5178,10209.43
2023-10-18,ETHUSDT,74089.5178,76691.5724,74089.5178,74939.2484,3741.33
2023-10-19,ETHUSDT,74939.2484,77348.5473,73310.8495,74040.0587,1598.33
2023-10-20,ETHUSDT,74040.0587,77938.3246,74040.0587,74550.894,1255.15
2023-10-21,ETHUSDT,74550.894,84924.953,74550.894,81957.1363,13401.46
2023-10-22,ETHUSDT,81957.1363,87397.0422,81957.1363,85367.6924,1844.0
2023-10-23,ETHUSDT,85367.6924,85367.6924,59213.7467,61130.17,8199.14
2023-10-24,ETHUSDT,61130.17,65091.1319,61130.17,64743.3983,7937.95
2023-10-25,ETHUSDT,64743.3983,71323.8348,62009.0514,67617.5421,2402.01
2023-10-26,ETHUSDT,67617.5421,74577.4952,63098.925,69169.3939,4600.5
2023-10-27,ETHUSDT,69169.3939,73252.3776,67025.3968,72643.956,1246.09
2023-10-28,ETHUSDT,72643.956,72643.956,69933.2161,70539.6024,2483.94
2023-10-29,ETHUSDT,70539.6024,71571.5987,68293.124,68973.8532,4028.56
2023-10-30,ETHUSDT,68973.8532,70508.7454,66939.8479,67686.3704,6018.66
2023-10-31,ETHUSDT,67686.3704,67686.3704,62884.4064,65840.7586,6809.13
2023-11-01,ETHUSDT,65840.7586,71401.6754,65840.7586,70105.8021,4817.3
2023-11-02,ETHUSDT,70105.8021,72147.9207,69341.6473,70054.6373,3214.87
2023-11-03,ETHUSDT,70054.6373,79285.0407,70054.6373,77597.3746,8042.14
2023-11-04,ETHUSDT,77597.3746,77597.3746,74778.6277,77219.7079,992.61
2023-11-05,ETHUSDT,77219.7079,77219.7079,69066.9041,71697.1024,7547.15
2023-11-06,ETHUSDT,71697.1024,76339.437,69944.5794,71628.784,2350.36
2023-11-07,ETHUSDT,71628.784,72391.5471,66605.6203,69667.5476,1245.33
2023-11-08,ETHUSDT,69667.5476,69667.5476,65788.0575,67258.431,1800.64
2023-11-09,ETHUSDT,67258.431,68404.8582,64183.8165,67688.3856,2287.92
2023-11-10,ETHUSDT,67688.3856,69528.3179,63151.1517,68425.2043,2108.23
2023-11-11,ETHUSDT,68425.2043,68425.2043,61811.3053,65912.3257,2406.77
2023-11-12,ETHUSDT,65912.3257,72887.6169,65912.3257,70851.4783,3441.73
2023-11-13,ETHUSDT,70851.4783,76026.5463,65721.739,71962.9545,1488.82
2023-11-14,ETHUSDT,71962.9545,71962.9545,67276.7424,69212.3672,1931.64
2023-11-15,ETHUSDT,69212.3672,70397.353,67674.9274,69476.1906,2409.96
2023-11-16,ETHUSDT,69476.1906,76151.98,69476.1906,72390.7349,3189.48
2023-11-17,ETHUSDT,72390.7349,72390.7349,67349.0261,69921.2195,3078.81
2023-11-18,ETHUSDT,69921.2195,71918.704,66596.5582,69151.7995,1040.39
2023-11-19,ETHUSDT,69151.7995,70505.6076,66639.7029,69108.0851,1181.6
2023-11-20,ETHUSDT,69108.0851,75861.8038,69108.0851,72484.1671,2689.11
2023-11-21,ETHUSDT,72484.1671,76159.4663,65919.3165,70656.565,2458.98
2023-11-22,ETHUSDT,70656.565,72353.578,68126.0739,68318.1808,1709.99
2023-11-23,ETHUSDT,68318.1808,74331.9198,68318.1808,69852.0914,2147.28
2023-11-24,ETHUSDT,69852.0914,83763.0745,69852.0914,77993.0988,9356.59
2023-11-25,ETHUSDT,77993.0988,80709.3469,75830.5415,77527.5771,2688.35
2023-11-26,ETHUSDT,77527.5771,90993.6318,77527.5771,83803.7667,7053.88
2023-11-27,ETHUSDT,83803.7667,83803.7667,79369.4197,81558.8965,4513.71
2023-11-28,ETHUSDT,81558.8965,81558.8965,77718.4733,78456.4471,2385.61
2023-11-29,ETHUSDT,78456.4471,78456.4471,74923.9332,77717.726,3127.47
2023-11-30,ETHUSDT,77717.726,78450.0162,76244.3514,76944.5759,2968.68
2023-12-01,ETHUSDT,76944.5759,81000.8384,73390.3019,79504.2,2126.61
2023-12-02,ETHUSDT,79504.2,94000.677,79504.2,91340.6505,4951.4
2023-12-03,ETHUSDT,91340.6505,91340.6505,84137.6887,84958.3655,2271.71
2023-12-04,ETHUSDT,84958.3655,92041.2712,84536.7547,90170.5178,4660.15
2023-12-05,ETHUSDT,90170.5178,90170.5178,83419.2102,86753.4981,4185.29
2023-12-06,ETHUSDT,86753.4981,98183.8089,86753.4981,92693.8355,5547.66
2023-12-07,ETHUSDT,92693.8355,96605.7543,92693.8355,94820.7782,1364.55
2023-12-08,ETHUSDT,94820.7782,100031.9429,93397.8167,98153.7556,2897.83
2023-12-09,ETHUSDT,98153.7556,110061.1451,98153.7556,107910.546,1802.01
2023-12-10,ETHUSDT,107910.546,124544.4801,107910.546,121092.5365,10009.88
2023-12-11,ETHUSDT,121092.5365,130456.0653,114808.3575,124823.167,1554.37
2023-12-12,ETHUSDT,124823.167,129257.6609,119053.9609,127740.5062,1950.78
2023-12-13,ETHUSDT,127740.5062,129350.1399,122975.6743,128371.4056,985.3
2023-12-14,ETHUSDT,128371.4056,128371.4056,115844.0572,123946.01,1294.29
2023-12-15,ETHUSDT,123946.01,134265.2456,114291.2015,127940.4738,2377.16
2023-12-16,ETHUSDT,127940.4738,127940.4738,114284.7767,122807.8831,3223.89
2023-12-17,ETHUSDT,122807.8831,130936.7858,122807.8831,129225.7456,1018.12
2023-12-18,ETHUSDT,129225.7456,144058.471,129225.7456,135775.4738,1451.76
2023-12-19,ETHUSDT,135775.4738,143391.1518,134129.4997,139318.6421,1843.68
2023-12-20,ETHUSDT,139318.6421,155666.3598,139318.6421,151954.0728,8140.37
2023-12-21,ETHUSDT,151954.0728,162414.708,149011.1529,153655.6106,1764.82
2023-12-22,ETHUSDT,153655.6106,153655.6106,143497.9916,144055.6601,1578.02
2023-12-23,ETHUSDT,144055.6601,157736.6325,144055.6601,156896.235,5841.71
2023-12-24,ETHUSDT,156896.235,165520.0521,152469.9895,160281.2138,3198.03
2023-12-25,ETHUSDT,160281.2138,174646.539,160281.2138,171053.5724,811.73
2023-12-26,ETHUSDT,171053.5724,177038.0058,171053.5724,174915.3742,1341.0
2023-12-27,ETHUSDT,174915.3742,209113.077,174915.3742,187016.2622,1333.49
2023-12-28,ETHUSDT,187016.2622,187016.2622,169811.8558,177809.121,2112.67
2023-12-29,ETHUSDT,177809.121,181407.388,171090.5381,179278.3787,918.66
2023-12-30,ETHUSDT,179278.3787,185846.2092,162636.9823,176694.7451,1542.44
2023-12-31,ETHUSDT,176694.7451,184155.6469,172996.7555,174348.7869,1643.75
2024-01-01,ETHUSDT,174348.7869,174348.7869,129854.9607,134678.079,6480.98
2024-01-02,ETHUSDT,134678.079,142853.0015,129328.6473,136242.7319,3517.14
2024-01-03,ETHUSDT,136242.7319,144659.5224,132247.2155,134543.1846,2405.65
2024-01-04,ETHUSDT,134543.1846,141484.5307,133718.6841,136424.451,1251.34
2024-01-05,ETHUSDT,136424.451,136424.451,126312.1315,132377.2785,1980.26
2024-01-06,ETHUSDT,132377.2785,132377.2785,123162.3498,125908.4776,4255.94
2024-01-07,ETHUSDT,125908.4776,150375.5139,125908.4776,141223.598,4802.91
2024-01-08,ETHUSDT,141223.598,141343.3858,125593.7073,140720.1017,2049.92
2024-01-09,ETHUSDT,140720.1017,152553.2217,140720.1017,143116.2509,762.09
2024-01-10,ETHUSDT,143116.2509,143116.2509,128458.6474,139147.1264,1782.59
2024-01-11,ETHUSDT,139147.1264,139826.9473,133943.4921,136047.923,823.59
2024-01-12,ETHUSDT,136047.923,136047.923,132932.8061,133383.89,3295.63
2024-01-13,ETHUSDT,133383.89,155289.3212,133383.89,145744.9125,2978.68
2024-01-14,ETHUSDT,145744.9125,145744.9125,139147.6816,143743.9712,1735.73
2024-01-15,ETHUSDT,143743.9712,143743.9712,120087.1572,137473.789,1794.64
2024-01-16,ETHUSDT,137473.789,145572.8651,137473.789,139036.6973,4153.64
2024-01-17,ETHUSDT,139036.6973,139036.6973,120645.1685,122053.2913,9583.98
2024-01-18,ETHUSDT,122053.2913,128169.9341,122053.2913,128070.6515,2616.81
2024-01-19,ETHUSDT,128070.6515,131524.902,124174.3266,129987.5033,3905.15
2024-01-20,ETHUSDT,129987.5033,133977.5643,129987.5033,132215.9282,3516.35
2024-01-21,ETHUSDT,132215.9282,145394.2966,132215.9282,142371.9862,2116.33
2024-01-22,ETHUSDT,142371.9862,155059.8466,137705.453,147404.593,2105.27
2024-01-23,ETHUSDT,147404.593,156434.2958,147404.593,156366.2893,1432.7
2024-01-24,ETHUSDT,156366.2893,159587.8226,152290.8185,156847.8162,2290.03
2024-01-25,ETHUSDT,156847.8162,166292.7304,147111.8768,153542.7024,2060.47
2024-01-26,ETHUSDT,153542.7024,165254.1422,140077.7958,147688.8425,2080.03
2024-01-27,ETHUSDT,147688.8425,163870.1899,147688.8425,155015.3941,793.22
2024-01-28,ETHUSDT,155015.3941,167004.2456,154872.9042,163942.1765,2911.94
2024-01-29,ETHUSDT,163942.1765,164241.655,159048.8409,159649.9919,1108.29
2024-01-30,ETHUSDT,159649.9919,170260.7062,157597.4776,164414.7484,884.57
2024-01-31,ETHUSDT,164414.7484,164414.7484,136579.0621,143452.5498,1951.0
2024-02-01,ETHUSDT,143452.5498,147521.9436,139200.9399,146590.4521,1383.88
2024-02-02,ETHUSDT,146590.4521,151748.9207,137248.0426,142440.511,6055.71
2024-02-03,ETHUSDT,142440.511,142440.511,130810.5688,133585.0304,5362.04
2024-02-04,ETHUSDT,133585.0304,133585.0304,105533.2978,107969.1689,9331.54
2024-02-05,ETHUSDT,107969.1689,124068.0069,107969.1689,120758.7853,6964.2
2024-02-06,ETHUSDT,120758.7853,120758.7853,109096.5032,114017.0262,4175.09
2024-02-07,ETHUSDT,114017.0262,120601.2068,114017.0262,116708.9514,2358.98
2024-02-08,ETHUSDT,116708.9514,126252.4349,116708.9514,122602.8371,4033.77
2024-02-09,ETHUSDT,122602.8371,122602.8371,104125.2695,104307.7407,12445.37
2024-02-10,ETHUSDT,104307.7407,106613.4939,103241.3011,103946.9096,3734.6
2024-02-11,ETHUSDT,103946.9096,113782.4635,103946.9096,111837.388,6705.9
2024-02-12,ETHUSDT,111837.388,111837.388,105728.6993,108099.1342,3641.93
2024-02-13,ETHUSDT,108099.1342,108099.1342,96429.307,105438.392,1911.48
2024-02-14,ETHUSDT,105438.392,105524.9058,99621.6051,102152.8337,2450.97
2024-02-15,ETHUSDT,102152.8337,106906.0281,102152.8337,105119.6954,3660.8
2024-02-16,ETHUSDT,105119.6954,111028.5968,105119.6954,109387.7884,5135.95
2024-02-17,ETHUSDT,109387.7884,109387.7884,107254.1311,107822.5901,4063.25
2024-02-18,ETHUSDT,107822.5901,107822.5901,101689.4535,101730.1915,3378.76
2024-02-19,ETHUSDT,101730.1915,101730.1915,82321.538,86050.8038,13532.95
2024-02-20,ETHUSDT,86050.8038,93795.5992,86050.8038,90346.2052,5111.68
2024-02-21,ETHUSDT,90346.2052,90626.3,80414.0737,89571.659,9048.69
2024-02-22,ETHUSDT,89571.659,92910.4271,87010.1728,88726.6771,7070.36
2024-02-23,ETHUSDT,88726.6771,88726.6771,76225.5982,83027.4503,2081.81
2024-02-24,ETHUSDT,83027.4503,90950.2608,83027.4503,90017.5684,4528.81
2024-02-25,ETHUSDT,90017.5684,90017.5684,84297.3488,84867.1093,4751.91
2024-02-26,ETHUSDT,84867.1093,90395.5956,84867.1093,90008.8073,2766.32
2024-02-27,ETHUSDT,90008.8073,91957.685,86311.0237,88831.3837,4111.17
2024-02-28,ETHUSDT,88831.3837,96313.4754,84836.3441,91460.0828,2762.97
2024-02-29,ETHUSDT,91460.0828,102882.1239,91460.0828,94437.3175,2659.66
2024-03-01,ETHUSDT,94437.3175,103773.5485,94437.3175,99304.2579,2099.42
2024-03-02,ETHUSDT,99304.2579,117797.7228,99304.2579,111441.5156,12851.74
2024-03-03,ETHUSDT,111441.5156,113823.1354,106181.3982,111329.1971,2205.92
2024-03-04,ETHUSDT,111329.1971,114282.0357,102511.0649,111700.0736,2076.37
2024-03-05,ETHUSDT,111700.0736,113017.9276,111700.0736,112045.2109,1076.05
2024-03-06,ETHUSDT,112045.2109,118344.2408,108022.5009,110554.4455,1428.53
2024-03-07,ETHUSDT,110554.4455,110554.4455,98007.0752,107331.3865,2556.85
2024-03-08,ETHUSDT,107331.3865,107331.3865,75071.2919,77138.3214,20401.47
2024-03-09,ETHUSDT,77138.3214,78495.1586,70995.4534,75582.8973,3479.77
2024-03-10,ETHUSDT,75582.8973,75582.8973,72073.483,72517.6076,1646.85
2024-03-11,ETHUSDT,72517.6076,134196.2653,72517.6076,133421.6161,11270.37
2024-03-12,ETHUSDT,133421.6161,146599.398,129013.9561,131874.6144,1025.16
2024-03-13,ETHUSDT,131874.6144,132015.8291,129287.134,129978.1115,675.77
2024-03-14,ETHUSDT,129978.1115,130610.9811,125248.0133,126595.7084,627.77
2024-03-15,ETHUSDT,126595.7084,133661.4392,124797.4059,128396.041,807.31
2024-03-16,ETHUSDT,128396.041,130117.5774,119590.6308,127147.6147,1321.0
2024-03-17,ETHUSDT,127147.6147,140397.8808,127147.6147,135833.4274,2178.9
2024-03-18,ETHUSDT,135833.4274,147309.5456,135833.4274,143781.691,1951.45
2024-03-19,ETHUSDT,143781.691,154887.0347,143580.5505,148688.135,1116.57
2024-03-20,ETHUSDT,148688.135,165193.5192,147413.7091,164148.9053,3235.54
2024-03-21,ETHUSDT,164148.9053,164148.9053,154245.9229,154918.1883,2800.27
2024-03-22,ETHUSDT,154918.1883,154918.1883,141016.4466,148965.2455,1184.55
2024-03-23,ETHUSDT,148965.2455,162193.1383,146591.6558,150370.7604,415.0
2024-03-24,ETHUSDT,150370.7604,150370.7604,133481.2753,140106.9205,1569.14
2024-03-25,ETHUSDT,140106.9205,140106.9205,120836.5402,125518.1052,4055.66
2024-03-26,ETHUSDT,125518.1052,134645.7054,124932.5876,126423.5106,1134.34
2024-03-27,ETHUSDT,126423.5106,132976.6953,126423.5106,132612.3614,1887.08
2024-03-28,ETHUSDT,132612.3614,147335.1494,132612.3614,147243.5343,2874.93
2024-03-29,ETHUSDT,147243.5343,147243.5343,141276.715,146030.1398,3038.5
2024-03-30,ETHUSDT,146030.1398,157845.1572,146030.1398,156529.5388,3078.96
2024-03-31,ETHUSDT,156529.5388,165425.9423,154460.3493,158080.4184,714.06
2024-04-01,ETHUSDT,158080.4184,158080.4184,137090.1812,145103.2762,1793.21
2024-04-02,ETHUSDT,145103.2762,153819.2251,145103.2762,148316.2716,1531.46
2024-04-03,ETHUSDT,148316.2716,158277.2257,148316.2716,155592.8285,1553.92
2024-04-04,ETHUSDT,155592.8285,157547.4839,147952.821,151281.0251,1600.19
2024-04-05,ETHUSDT,151281.0251,151281.0251,136999.0697,143909.6758,1450.54
2024-04-06,ETHUSDT,143909.6758,143909.6758,125019.566,130856.1416,3742.92
2024-04-07,ETHUSDT,130856.1416,136950.2486,130856.1416,136666.382,3237.97
2024-04-08,ETHUSDT,136666.382,142606.2017,131770.9989,133799.1215,2703.29
2024-04-09,ETHUSDT,133799.1215,133799.1215,115239.5182,116853.767,5057.58
2024-04-10,ETHUSDT,116853.767,119039.0867,115589.9803,118591.2315,1161.79
2024-04-11,ETHUSDT,118591.2315,118591.2315,108678.6228,112453.9221,3974.29
2024-04-12,ETHUSDT,112453.9221,117999.2546,112453.9221,116281.6838,2527.91
2024-04-13,ETHUSDT,116281.6838,116281.6838,79440.6765,82728.2452,46171.71
2024-04-14,ETHUSDT,82728.2452,88289.1223,82728.2452,84655.9383,2800.19
2024-04-15,ETHUSDT,84655.9383,97277.1264,84655.9383,87303.1312,5023.83
2024-04-16,ETHUSDT,87303.1312,94072.1951,85340.3966,89170.3386,2055.82
2024-04-17,ETHUSDT,89170.3386,89760.0813,85575.5848,86582.2598,3635.51
2024-04-18,ETHUSDT,86582.2598,90749.6285,83227.4278,87633.434,1743.2
2024-04-19,ETHUSDT,87633.434,87633.434,81874.7481,83780.0364,4503.23
2024-04-20,ETHUSDT,83780.0364,152054.0297,83780.0364,148843.311,6854.03
2024-04-21,ETHUSDT,148843.311,148843.311,130770.5022,136665.7385,4323.78
2024-04-22,ETHUSDT,136665.7385,163378.4088,136665.7385,150928.5861,3413.18
2024-04-23,ETHUSDT,150928.5861,161335.9089,150365.1742,159632.6576,1952.22
2024-04-24,ETHUSDT,159632.6576,159632.6576,142474.4274,142918.9648,4017.09
2024-04-25,ETHUSDT,142918.9648,151652.3868,139345.5142,145573.2565,2202.0
2024-04-26,ETHUSDT,145573.2565,153386.2775,145573.2565,146956.656,1503.68
2024-04-27,ETHUSDT,146956.656,163117.5194,146956.656,158413.2616,2058.49
2024-04-28,ETHUSDT,158413.2616,179205.1468,158413.2616,168338.5482,1693.64
2024-04-29,ETHUSDT,168338.5482,168338.5482,154402.123,165471.0327,2107.03
2024-04-30,ETHUSDT,165471.0327,165471.0327,156578.8777,157088.0575,1633.51
2024-05-01,ETHUSDT,157088.0575,157088.0575,145091.2525,147600.2358,2948.96
2024-05-02,ETHUSDT,147600.2358,147600.2358,131807.526,138611.7521,1209.77
2024-05-03,ETHUSDT,138611.7521,138611.7521,130696.9492,131238.7579,1427.28
2024-05-04,ETHUSDT,131238.7579,140858.4085,131238.7579,139853.9309,1498.34
2024-05-05,ETHUSDT,139853.9309,146206.7202,129173.168,138554.9173,1841.66
2024-05-06,ETHUSDT,138554.9173,147330.6452,138554.9173,144747.0973,562.31
2024-05-07,ETHUSDT,144747.0973,158665.5683,144747.0973,158238.8448,2900.59
2024-05-08,ETHUSDT,158238.8448,158238.8448,141386.2752,147443.3821,3009.0
2024-05-09,ETHUSDT,147443.3821,150207.0173,139975.7246,150006.4542,888.06
2024-05-10,ETHUSDT,150006.4542,154233.6042,146018.841,151377.1046,858.03
2024-05-11,ETHUSDT,151377.1046,168888.0144,151377.1046,160438.625,1712.1
2024-05-12,ETHUSDT,160438.625,178467.5964,151995.3798,165409.0767,1664.22
2024-05-13,ETHUSDT,165409.0767,173184.8952,165409.0767,171811.9831,280.52
2024-05-14,ETHUSDT,171811.9831,172844.743,167537.2943,170862.472,717.13
2024-05-15,ETHUSDT,170862.472,172788.1997,163472.1971,166268.3525,2030.61
2024-05-16,ETHUSDT,166268.3525,178484.4372,162691.4199,173299.8462,969.15
2024-05-17,ETHUSDT,173299.8462,190869.2944,171616.1545,179480.2675,764.81
2024-05-18,ETHUSDT,179480.2675,179752.6869,175589.8017,177639.964,871.46
2024-05-19,ETHUSDT,177639.964,201073.2216,177639.964,189838.475,3481.34
2024-05-20,ETHUSDT,189838.475,199137.1204,189838.475,198813.0056,3583.91
2024-05-21,ETHUSDT,198813.0056,207170.4778,184065.5578,194974.0274,962.87
2024-05-22,ETHUSDT,194974.0274,201502.3519,183436.0735,197394.3031,801.64
2024-05-23,ETHUSDT,197394.3031,197394.3031,182289.7412,192379.696,2898.44
2024-05-24,ETHUSDT,192379.696,192379.696,177892.1198,181299.6421,2576.72
2024-05-25,ETHUSDT,181299.6421,181299.6421,172664.1295,175626.4722,1134.45
2024-05-26,ETHUSDT,175626.4722,180674.3561,151547.8965,172523.1954,1424.93
2024-05-27,ETHUSDT,172523.1954,197426.7132,172523.1954,180093.7301,831.66
2024-05-28,ETHUSDT,180093.7301,180093.7301,170543.6818,172958.1298,3805.3
2024-05-29,ETHUSDT,172958.1298,179307.1973,172958.1298,176473.2183,1440.19
2024-05-30,ETHUSDT,176473.2183,176473.2183,164521.8404,170710.6957,2041.78
2024-05-31,ETHUSDT,170710.6957,174954.3412,167525.0669,171237.6457,1339.5
2024-06-01,ETHUSDT,171237.6457,171237.6457,163416.2861,166001.596,2001.48
2024-06-02,ETHUSDT,166001.596,190590.7509,166001.596,185244.0532,4020.46
2024-06-03,ETHUSDT,185244.0532,193843.7904,176844.7928,192317.0827,1365.12
2024-06-04,ETHUSDT,192317.0827,192317.0827,180931.7188,190302.8722,701.26
2024-06-05,ETHUSDT,190302.8722,190302.8722,169707.5679,178396.1049,2603.46
2024-06-06,ETHUSDT,178396.1049,189467.6345,178396.1049,184035.1715,1206.42
2024-06-07,ETHUSDT,184035.1715,184035.1715,178888.8759,180950.9538,1590.64
2024-06-08,ETHUSDT,180950.9538,194982.4278,176909.7973,180203.384,1103.99
2024-06-09,ETHUSDT,180203.384,186014.5114,171686.7712,182395.143,2626.65
2024-06-10,ETHUSDT,182395.143,188884.7135,176047.227,186572.6112,1192.26
2024-06-11,ETHUSDT,186572.6112,193458.22,171334.8985,185945.9099,2719.11
2024-06-12,ETHUSDT,185945.9099,186549.0799,183022.7686,185696.6516,503.42
2024-06-13,ETHUSDT,185696.6516,185696.6516,171735.6965,180470.5482,872.56
2024-06-14,ETHUSDT,180470.5482,193929.2177,180470.5482,184399.7401,1078.21
2024-06-15,ETHUSDT,184399.7401,184399.7401,165707.1002,170141.3212,4377.72
2024-06-16,ETHUSDT,170141.3212,188525.1598,170141.3212,186836.8816,2625.7
2024-06-17,ETHUSDT,186836.8816,206985.2248,186836.8816,190731.4365,1520.36
2024-06-18,ETHUSDT,190731.4365,197043.7391,183033.7502,184793.4448,1277.56
2024-06-19,ETHUSDT,184793.4448,184793.4448,166952.145,179959.1794,1748.12
2024-06-20,ETHUSDT,179959.1794,202051.9838,178226.2646,190054.424,1835.7
2024-06-21,ETHUSDT,190054.424,199305.8778,183746.4081,193651.7042,1494.29
2024-06-22,ETHUSDT,193651.7042,206898.7107,193651.7042,204719.8293,1252.02
2024-06-23,ETHUSDT,204719.8293,204719.8293,197926.3381,197992.2803,1532.52
2024-06-24,ETHUSDT,197992.2803,199644.9354,191472.4733,192020.703,1153.88
2024-06-25,ETHUSDT,192020.703,192020.703,179963.3357,180434.3967,846.11
2024-06-26,ETHUSDT,180434.3967,183298.6622,164959.9685,176259.7965,1459.01
2024-06-27,ETHUSDT,176259.7965,209959.784,176259.7965,200370.6776,2089.25
2024-06-28,ETHUSDT,200370.6776,220488.7077,200370.6776,213046.8229,4316.81
2024-06-29,ETHUSDT,213046.8229,213046.8229,201384.2535,208432.2372,581.23
2024-06-30,ETHUSDT,208432.2372,221630.3912,198546.4197,213743.557,1843.89
2024-07-01,ETHUSDT,213743.557,233851.8705,213743.557,222171.0174,566.98
2024-07-02,ETHUSDT,222171.0174,230339.8693,211650.5064,221943.1304,810.36
2024-07-03,ETHUSDT,221943.1304,227859.9688,210941.3678,221284.1508,1355.21
2024-07-04,ETHUSDT,221284.1508,247398.1742,221176.2963,226295.2685,816.03
2024-07-05,ETHUSDT,226295.2685,236680.3891,224935.9249,231081.9227,1054.09
2024-07-06,ETHUSDT,231081.9227,262129.1221,231081.9227,248413.371,2989.27
2024-07-07,ETHUSDT,248413.371,248413.371,234198.8991,243650.6846,1185.25
2024-07-08,ETHUSDT,243650.6846,243650.6846,216170.127,227783.5967,2915.08
2024-07-09,ETHUSDT,227783.5967,238395.0576,205718.8636,224453.4516,720.34
2024-07-10,ETHUSDT,224453.4516,224453.4516,205875.5353,206289.2656,2925.7
2024-07-11,ETHUSDT,206289.2656,214573.6131,199745.4802,201506.7548,1025.7
2024-07-12,ETHUSDT,201506.7548,240079.2424,201506.7548,221095.5566,862.39
2024-07-13,ETHUSDT,221095.5566,221179.9679,208594.5628,215211.9834,1543.61
2024-07-14,ETHUSDT,215211.9834,221924.4797,187808.7908,208547.16,646.44
2024-07-15,ETHUSDT,208547.16,241766.3184,208547.16,226340.7143,2304.11
2024-07-16,ETHUSDT,226340.7143,245187.8672,226340.7143,239591.14,1869.52
2024-07-17,ETHUSDT,239591.14,255984.9142,229827.4977,240257.4937,1054.95
2024-07-18,ETHUSDT,240257.4937,255576.6374,230256.9996,240397.3886,1180.33
2024-07-19,ETHUSDT,240397.3886,243475.172,231044.3193,235045.4427,3868.96
2024-07-20,ETHUSDT,235045.4427,235045.4427,212067.651,213753.5758,2247.96
2024-07-21,ETHUSDT,213753.5758,235070.511,213753.5758,217210.4227,1089.1
2024-07-22,ETHUSDT,217210.4227,220811.3649,190187.4254,210753.7802,802.14
2024-07-23,ETHUSDT,210753.7802,210753.7802,199909.089,199939.2936,2619.99
2024-07-24,ETHUSDT,199939.2936,199939.2936,189542.0475,192959.6266,1280.0
2024-07-25,ETHUSDT,192959.6266,204420.6731,192760.307,196456.0051,904.44
2024-07-26,ETHUSDT,196456.0051,209969.0497,183066.6054,196328.2774,1577.64
2024-07-27,ETHUSDT,196328.2774,232129.3438,191177.1641,205241.5941,2617.55
2024-07-28,ETHUSDT,205241.5941,230069.4551,200273.8777,211640.2195,1334.81
2024-07-29,ETHUSDT,211640.2195,212547.9257,192756.3018,204740.4318,2075.77
2024-07-30,ETHUSDT,204740.4318,216734.3329,200065.1999,214716.3267,1756.0
2024-07-31,ETHUSDT,214716.3267,216533.0611,212237.4721,212929.5188,1500.09
2024-08-01,ETHUSDT,212929.5188,212929.5188,189756.3809,196063.0346,1557.51
2024-08-02,ETHUSDT,196063.0346,209815.1056,188537.6775,196348.2201,1388.14
2024-08-03,ETHUSDT,196348.2201,204434.8561,188317.772,203720.3283,1490.22
2024-08-04,ETHUSDT,203720.3283,219651.8934,203720.3283,217212.5153,1334.18
2024-08-05,ETHUSDT,217212.5153,217212.5153,204178.4351,212027.8897,1999.97
2024-08-06,ETHUSDT,212027.8897,214110.3933,193625.3655,197770.0105,1779.3
2024-08-07,ETHUSDT,197770.0105,208951.567,193531.7017,198421.3719,1547.99
2024-08-08,ETHUSDT,198421.3719,202456.8185,198421.3719,199939.6158,2379.63
2024-08-09,ETHUSDT,199939.6158,235160.864,199939.6158,228604.3744,5538.42
2024-08-10,ETHUSDT,228604.3744,228604.3744,203380.1495,207965.3132,1977.73
2024-08-11,ETHUSDT,207965.3132,207965.3132,194493.0949,195342.3454,2710.43
2024-08-12,ETHUSDT,195342.3454,205067.3674,195342.3454,201055.747,3473.29
2024-08-13,ETHUSDT,201055.747,201055.747,193669.7056,193705.0302,2275.98
2024-08-14,ETHUSDT,193705.0302,202796.0684,193705.0302,194435.7245,565.75
2024-08-15,ETHUSDT,194435.7245,204768.1907,191760.45,201514.0737,1895.59
2024-08-16,ETHUSDT,201514.0737,201514.0737,183153.5163,185413.8361,2348.44
2024-08-17,ETHUSDT,185413.8361,185413.8361,167096.1547,178200.9558,2546.61
2024-08-18,ETHUSDT,178200.9558,190469.6114,178200.9558,185941.9969,2324.27
2024-08-19,ETHUSDT,185941.9969,192079.731,184451.2039,190139.1413,946.98
2024-08-20,ETHUSDT,190139.1413,198002.472,188403.7162,193393.5008,977.85
2024-08-21,ETHUSDT,193393.5008,209022.3388,192125.2556,199298.508,1978.87
2024-08-22,ETHUSDT,199298.508,199298.508,189708.2404,191429.3467,2287.02
2024-08-23,ETHUSDT,191429.3467,206200.1944,191429.3467,195227.7487,609.09
2024-08-24,ETHUSDT,195227.7487,195227.7487,180596.4498,186194.6658,807.94
2024-08-25,ETHUSDT,186194.6658,186194.6658,160933.5924,166824.6794,3653.22
2024-08-26,ETHUSDT,166824.6794,170637.0993,158691.1207,168299.3331,2739.14
2024-08-27,ETHUSDT,168299.3331,169810.2605,164887.23,165965.0401,840.77
2024-08-28,ETHUSDT,165965.0401,166825.7825,164360.4512,166736.2982,1244.64
2024-08-29,ETHUSDT,166736.2982,173535.7388,161859.122,163117.0965,920.68
2024-08-30,ETHUSDT,163117.0965,173676.3481,163117.0965,168475.2993,4011.43
2024-08-31,ETHUSDT,168475.2993,168475.2993,147067.3972,151598.7026,3391.55
2024-09-01,ETHUSDT,151598.7026,153498.5766,132359.0717,144593.443,4091.96
2024-09-02,ETHUSDT,144593.443,157251.4707,142050.3465,150812.6535,1094.63
2024-09-03,ETHUSDT,150812.6535,170320.38,150812.6535,164255.4176,2190.86
2024-09-04,ETHUSDT,164255.4176,164255.4176,156161.9719,162258.0524,2497.94
2024-09-05,ETHUSDT,162258.0524,187442.0595,162258.0524,180865.5143,3750.86
2024-09-06,ETHUSDT,180865.5143,190714.2802,180865.5143,185507.3329,1521.01
2024-09-07,ETHUSDT,185507.3329,197608.7781,185507.3329,197353.5044,1859.02
2024-09-08,ETHUSDT,197353.5044,220398.705,197353.5044,217857.1542,1512.11
2024-09-09,ETHUSDT,217857.1542,229576.2334,217857.1542,223023.2992,593.41
2024-09-10,ETHUSDT,223023.2992,223023.2992,198136.1879,212074.9339,2470.63
2024-09-11,ETHUSDT,212074.9339,218453.7724,201565.0583,217674.262,927.63
2024-09-12,ETHUSDT,217674.262,235618.3976,217674.262,232225.9247,3755.54
2024-09-13,ETHUSDT,232225.9247,243719.2634,232225.9247,242932.8116,817.91
2024-09-14,ETHUSDT,242932.8116,242932.8116,216649.7546,224445.3541,3182.51
2024-09-15,ETHUSDT,224445.3541,224445.3541,206751.409,211591.4945,697.69
2024-09-16,ETHUSDT,211591.4945,211591.4945,182664.0766,196526.9576,2865.41
2024-09-17,ETHUSDT,196526.9576,205516.4372,189296.7171,191454.776,838.74
2024-09-18,ETHUSDT,191454.776,203694.3206,188008.9297,194520.1197,960.9
2024-09-19,ETHUSDT,194520.1197,208169.748,194520.1197,199132.4862,553.2
2024-09-20,ETHUSDT,199132.4862,206823.1116,181757.6965,191445.4649,2148.36
2024-09-21,ETHUSDT,191445.4649,191445.4649,180071.733,188843.8929,1575.09
2024-09-22,ETHUSDT,188843.8929,188843.8929,164966.3333,184975.0287,2530.77
2024-09-23,ETHUSDT,184975.0287,194373.4478,176956.6069,185386.7802,3045.57
2024-09-24,ETHUSDT,185386.7802,185386.7802,153546.285,159915.9469,8961.08
2024-09-25,ETHUSDT,159915.9469,159915.9469,147458.0067,152715.6385,2822.13
2024-09-26,ETHUSDT,152715.6385,161021.6032,142379.9183,146794.6702,2794.67
2024-09-27,ETHUSDT,146794.6702,164761.2197,146794.6702,158940.7327,2125.22
2024-09-28,ETHUSDT,158940.7327,164711.0203,148341.4853,163635.8263,2539.46
2024-09-29,ETHUSDT,163635.8263,163635.8263,154491.275,155391.5945,836.53
2024-09-30,ETHUSDT,155391.5945,173791.6893,155391.5945,164742.605,3126.21
2024-10-01,ETHUSDT,164742.605,164742.605,155597.4683,156755.5331,2406.7
2024-10-02,ETHUSDT,156755.5331,159763.193,148900.1414,152950.9242,2190.59
2024-10-03,ETHUSDT,152950.9242,154659.4111,150963.8413,152166.0374,1575.87
2024-10-04,ETHUSDT,152166.0374,155956.8727,146271.7619,152688.6197,1006.78
2024-10-05,ETHUSDT,152688.6197,152688.6197,143668.6142,147431.6467,2611.24
2024-10-06,ETHUSDT,147431.6467,147431.6467,122106.966,135925.6516,1578.56
2024-10-07,ETHUSDT,135925.6516,143918.5227,135925.6516,141426.3548,1735.74
2024-10-08,ETHUSDT,141426.3548,150195.9286,138170.6663,148934.4489,543.58
2024-10-09,ETHUSDT,148934.4489,151977.8101,142796.3189,147965.418,1165.14
2024-10-10,ETHUSDT,147965.418,153593.226,144737.2228,148571.6807,1986.27
2024-10-11,ETHUSDT,148571.6807,156346.6179,146370.9658,147920.7546,1973.78
2024-10-12,ETHUSDT,147920.7546,159457.2618,146485.1098,151693.5811,1301.92
2024-10-13,ETHUSDT,151693.5811,160083.4954,149435.1466,152296.1373,2322.16
2024-10-14,ETHUSDT,152296.1373,163486.2431,150847.515,158298.021,1993.01
2024-10-15,ETHUSDT,158298.021,158298.021,150007.3008,154963.2612,740.0
2024-10-16,ETHUSDT,154963.2612,154963.2612,149920.8039,151277.7363,1694.51
2024-10-17,ETHUSDT,151277.7363,154732.2983,148654.3885,153840.1113,2228.52
2024-10-18,ETHUSDT,153840.1113,160885.4393,153840.1113,160352.9258,955.68
2024-10-19,ETHUSDT,160352.9258,172814.6091,154097.0895,163370.9468,1869.0
2024-10-20,ETHUSDT,163370.9468,185389.7353,163370.9468,173184.063,3280.45
2024-10-21,ETHUSDT,173184.063,174110.8452,161164.9071,173176.0541,1413.18
2024-10-22,ETHUSDT,173176.0541,198499.595,173176.0541,187000.8842,2667.15
2024-10-23,ETHUSDT,187000.8842,198326.3341,187000.8842,193266.0334,960.33
2024-10-24,ETHUSDT,193266.0334,196255.1499,180994.7007,188165.7897,925.51
2024-10-25,ETHUSDT,188165.7897,204978.2215,188165.7897,203970.6077,2113.19
2024-10-26,ETHUSDT,203970.6077,222321.8212,203970.6077,215379.8262,1647.04
2024-10-27,ETHUSDT,215379.8262,215379.8262,202972.8579,212906.1924,751.73
2024-10-28,ETHUSDT,212906.1924,218568.3547,197399.877,210709.201,1178.3
2024-10-29,ETHUSDT,210709.201,222000.405,199466.2242,220217.2445,3478.48
2024-10-30,ETHUSDT,220217.2445,245079.3852,220217.2445,228494.7014,1646.65
2024-10-31,ETHUSDT,228494.7014,248774.596,228494.7014,240160.5035,1056.1
2024-11-01,ETHUSDT,240160.5035,246784.4061,233798.7977,239749.7949,820.15
2024-11-02,ETHUSDT,239749.7949,266248.9257,239749.7949,253265.4904,1316.22
2024-11-03,ETHUSDT,253265.4904,281996.7046,253265.4904,270187.1191,1713.65
2024-11-04,ETHUSDT,270187.1191,286497.4569,270187.1191,282840.0515,2328.34
2024-11-05,ETHUSDT,282840.0515,305703.9366,282840.0515,300377.1366,1277.1
2024-11-06,ETHUSDT,300377.1366,304157.1439,289194.6151,290116.5254,1421.16
2024-11-07,ETHUSDT,290116.5254,297748.082,288164.7162,295249.7968,777.81
2024-11-08,ETHUSDT,295249.7968,332142.4266,294573.373,316000.137,1283.37
2024-11-09,ETHUSDT,316000.137,355056.6209,316000.137,330253.1315,989.74
2024-11-10,ETHUSDT,330253.1315,358297.9879,330253.1315,338837.5332,2627.62
2024-11-11,ETHUSDT,338837.5332,338837.5332,269701.892,309254.1504,4215.0
2024-11-12,ETHUSDT,309254.1504,315302.9534,304304.9968,308724.1737,872.58
2024-11-13,ETHUSDT,308724.1737,320465.195,308724.1737,318208.2181,1402.81
2024-11-14,ETHUSDT,318208.2181,336531.9454,315894.2546,318465.9853,839.95
2024-11-15,ETHUSDT,318465.9853,318465.9853,264949.8232,269284.1295,2125.37
2024-11-16,ETHUSDT,269284.1295,286028.9467,269284.1295,274521.8469,1267.51
2024-11-17,ETHUSDT,274521.8469,303583.7019,274379.7496,280740.1122,676.86
2024-11-18,ETHUSDT,280740.1122,280740.1122,261550.5625,277694.3449,563.18
2024-11-19,ETHUSDT,277694.3449,325646.7959,277694.3449,312541.9617,1765.23
2024-11-20,ETHUSDT,312541.9617,328805.5922,312541.9617,327151.6461,920.09
2024-11-21,ETHUSDT,327151.6461,364714.664,327151.6461,363530.9448,3385.7
2024-11-22,ETHUSDT,363530.9448,363530.9448,344015.5106,344832.8166,1233.73
2024-11-23,ETHUSDT,344832.8166,378359.5285,344832.8166,373268.4433,1590.78
2024-11-24,ETHUSDT,373268.4433,390879.0993,356693.5734,374336.3454,978.69
2024-11-25,ETHUSDT,374336.3454,406785.0342,363554.3641,390252.2254,770.54
2024-11-26,ETHUSDT,390252.2254,390252.2254,345762.2825,364136.2042,2870.2
2024-11-27,ETHUSDT,364136.2042,396207.7444,358795.1691,374382.9809,460.58
2024-11-28,ETHUSDT,374382.9809,374382.9809,347684.0227,350465.9966,726.12
2024-11-29,ETHUSDT,350465.9966,350465.9966,298532.7019,316751.3567,1750.96
2024-11-30,ETHUSDT,316751.3567,333816.8485,305108.9476,317486.5845,473.9
2024-12-01,ETHUSDT,317486.5845,321603.6806,299325.9531,316893.887,644.54
2024-12-02,ETHUSDT,316893.887,328854.3369,316893.887,327801.7852,316.96
2024-12-03,ETHUSDT,327801.7852,347988.1268,300041.7526,314203.7558,1051.7
2024-12-04,ETHUSDT,314203.7558,314203.7558,291346.528,293503.4474,1376.12
2024-12-05,ETHUSDT,293503.4474,301316.368,263351.3127,279419.3806,1181.89
2024-12-06,ETHUSDT,279419.3806,288139.1106,238522.3372,265735.5907,3192.16
2024-12-07,ETHUSDT,265735.5907,277473.0949,260046.5621,275222.0849,1356.77
2024-12-08,ETHUSDT,275222.0849,279065.5495,275222.0849,277763.8116,1560.02
2024-12-09,ETHUSDT,277763.8116,301665.1865,277763.8116,297350.0825,1802.09
2024-12-10,ETHUSDT,297350.0825,306571.5691,291420.5267,298020.1674,772.93
2024-12-11,ETHUSDT,298020.1674,315122.1267,298020.1674,302853.3683,865.27
2024-12-12,ETHUSDT,302853.3683,334221.3713,285825.6118,291514.4636,1279.08
2024-12-13,ETHUSDT,291514.4636,291514.4636,252791.2496,258011.9324,1141.73
2024-12-14,ETHUSDT,258011.9324,269410.6176,252023.1347,258168.396,768.97
2024-12-15,ETHUSDT,258168.396,264057.992,243943.5309,245654.1514,798.94
2024-12-16,ETHUSDT,245654.1514,262808.7864,245654.1514,259647.1123,1419.62
2024-12-17,ETHUSDT,259647.1123,265691.2567,234969.7549,256242.424,1045.99
2024-12-18,ETHUSDT,256242.424,307488.9437,256242.424,301164.8714,1035.41
2024-12-19,ETHUSDT,301164.8714,315813.7658,288523.4114,297093.9844,483.71
2024-12-20,ETHUSDT,297093.9844,304967.391,287323.6533,287904.6309,431.16
2024-12-21,ETHUSDT,287904.6309,287904.6309,264504.2212,270213.5486,2190.28
2024-12-22,ETHUSDT,270213.5486,293002.1203,270213.5486,280867.0197,1246.38
2024-12-23,ETHUSDT,280867.0197,280867.0197,260388.1051,266241.6691,3403.1
2024-12-24,ETHUSDT,266241.6691,276257.6361,262166.2916,263621.1331,1264.7
2024-12-25,ETHUSDT,263621.1331,273899.0787,258626.3104,269419.622,785.74
2024-12-26,ETHUSDT,269419.622,296000.7698,269419.622,295024.1009,2746.87
2024-12-27,ETHUSDT,295024.1009,339570.4362,267441.0281,303160.301,975.35
2024-12-28,ETHUSDT,303160.301,303160.301,289626.8468,289745.3828,1070.62
2024-12-29,ETHUSDT,289745.3828,292091.116,282427.7762,284808.6831,966.46
2024-12-30,ETHUSDT,284808.6831,284808.6831,240794.2012,242705.6074,5891.59
2024-12-31,ETHUSDT,242705.6074,242705.6074,225441.5607,227052.1854,2547.81
2025-01-01,ETHUSDT,227052.1854,277085.5063,227052.1854,274514.1175,1178.38
2025-01-02,ETHUSDT,274514.1175,292786.7128,273602.6778,289926.3159,729.95
2025-01-03,ETHUSDT,289926.3159,291665.106,287766.5969,288975.4079,1134.66
2025-01-04,ETHUSDT,288975.4079,288975.4079,252273.3623,267153.1485,1402.5
2025-01-05,ETHUSDT,267153.1485,294571.1086,267153.1485,283978.5519,1135.32
2025-01-06,ETHUSDT,283978.5519,306503.8022,263111.0304,298466.1857,1006.21
2025-01-07,ETHUSDT,298466.1857,328857.5741,298466.1857,322426.181,1214.72
2025-01-08,ETHUSDT,322426.181,356683.2114,322426.181,348018.0097,1297.31
2025-01-09,ETHUSDT,348018.0097,373038.3687,346167.9368,367987.2717,1627.66
2025-01-10,ETHUSDT,367987.2717,387555.5603,356624.0102,374409.9861,1449.44
2025-01-11,ETHUSDT,374409.9861,437203.2837,374409.9861,404382.0141,2077.71
2025-01-12,ETHUSDT,404382.0141,423452.3701,396939.0866,409527.4501,1829.3
2025-01-13,ETHUSDT,409527.4501,409527.4501,367035.1999,367216.4043,3805.46
2025-01-14,ETHUSDT,367216.4043,384212.5929,334379.0399,368531.9809,1334.63
2025-01-15,ETHUSDT,368531.9809,379749.8348,368531.9809,374737.1368,1062.45
2025-01-16,ETHUSDT,374737.1368,396855.0032,374737.1368,384677.063,787.86
2025-01-17,ETHUSDT,384677.063,384677.063,327851.7965,358145.5364,2784.2
2025-01-18,ETHUSDT,358145.5364,386153.8165,352269.2143,371235.9803,1252.28
2025-01-19,ETHUSDT,371235.9803,419419.3897,368687.4747,389476.5354,1496.0
2025-01-20,ETHUSDT,389476.5354,389476.5354,353547.8599,358220.7462,3370.43
2025-01-21,ETHUSDT,358220.7462,360734.6076,356786.1343,357333.5049,523.94
2025-01-22,ETHUSDT,357333.5049,363130.5969,317504.6992,331802.2235,1341.25
2025-01-23,ETHUSDT,331802.2235,345854.8163,325408.955,342185.4767,1005.44
2025-01-24,ETHUSDT,342185.4767,369550.7431,342185.4767,352260.1076,1179.8
2025-01-25,ETHUSDT,352260.1076,358985.0871,326564.4131,346229.1527,728.59
2025-01-26,ETHUSDT,346229.1527,346229.1527,318026.6441,331055.1325,1399.07
2025-01-27,ETHUSDT,331055.1325,348710.3695,331055.1325,347656.4244,2572.55
2025-01-28,ETHUSDT,347656.4244,383199.9235,347656.4244,372047.2785,3008.98
2025-01-29,ETHUSDT,372047.2785,372047.2785,336047.1082,349921.6971,1373.77
2025-01-30,ETHUSDT,349921.6971,367367.1518,344559.6717,356901.4323,1796.66
2025-01-31,ETHUSDT,356901.4323,391272.5507,356901.4323,385428.5374,845.95
2025-02-01,ETHUSDT,385428.5374,416280.7537,372735.6363,397306.5636,522.29
2025-02-02,ETHUSDT,397306.5636,431739.9538,397306.5636,427480.7694,3200.47
2025-02-03,ETHUSDT,427480.7694,454730.1407,427480.7694,444775.0818,1244.17
2025-02-04,ETHUSDT,444775.0818,463281.8376,444775.0818,453824.5678,1580.03
2025-02-05,ETHUSDT,453824.5678,453824.5678,423098.0448,428173.9647,2474.47
2025-02-06,ETHUSDT,428173.9647,494489.5801,428173.9647,466461.092,1043.61
2025-02-07,ETHUSDT,466461.092,504926.9601,460113.3526,493395.7889,2920.39
2025-02-08,ETHUSDT,493395.7889,493395.7889,435858.5422,464535.8036,2811.55
2025-02-09,ETHUSDT,464535.8036,477288.5543,450895.4874,464623.0829,428.04
2025-02-10,ETHUSDT,464623.0829,543710.6044,464623.0829,514049.0557,2664.17
2025-02-11,ETHUSDT,514049.0557,514642.3954,507432.8279,512474.1073,908.3
2025-02-12,ETHUSDT,512474.1073,517874.2933,470005.39,507883.4819,547.43
2025-02-13,ETHUSDT,507883.4819,535611.3006,491109.6711,507971.5093,568.62
2025-02-14,ETHUSDT,507971.5093,546055.8101,507971.5093,540476.0533,530.44
2025-02-15,ETHUSDT,540476.0533,593922.2466,540476.0533,553530.177,1580.15
2025-02-16,ETHUSDT,553530.177,573211.9088,553530.177,559020.0764,1242.96
2025-02-17,ETHUSDT,559020.0764,576690.5621,540268.7864,576010.2403,530.51
2025-02-18,ETHUSDT,576010.2403,639124.2784,576010.2403,633538.0477,3263.91
2025-02-19,ETHUSDT,633538.0477,633538.0477,594340.5197,610370.5426,1367.51
2025-02-20,ETHUSDT,610370.5426,610370.5426,524041.3606,533583.9153,2915.52
2025-02-21,ETHUSDT,533583.9153,578792.5267,505439.3054,524429.0258,436.86
2025-02-22,ETHUSDT,524429.0258,524973.8617,504081.0443,522291.166,511.95
2025-02-23,ETHUSDT,522291.166,522291.166,498939.6599,502409.8485,619.64
2025-02-24,ETHUSDT,502409.8485,507606.1895,470752.8925,493909.1256,1337.79
2025-02-25,ETHUSDT,493909.1256,511740.8138,482662.5318,499363.6591,844.73
2025-02-26,ETHUSDT,499363.6591,518355.195,477412.7457,511373.0593,1289.63
2025-02-27,ETHUSDT,511373.0593,585084.6437,511373.0593,537784.6175,900.75
2025-02-28,ETHUSDT,537784.6175,546061.7358,530050.2163,545247.8494,773.8
2025-03-01,ETHUSDT,545247.8494,581142.6218,545247.8494,568527.7525,3001.86
2025-03-02,ETHUSDT,568527.7525,568527.7525,545698.6189,560537.0953,994.83
2025-03-03,ETHUSDT,560537.0953,578941.507,541915.0889,570473.6512,890.0
2025-03-04,ETHUSDT,570473.6512,643997.1767,548449.2903,562867.4978,745.93
2025-03-05,ETHUSDT,562867.4978,563529.2094,543658.3577,550072.5446,886.65
2025-03-06,ETHUSDT,550072.5446,558196.5515,508695.5954,509953.5076,1446.0
2025-03-07,ETHUSDT,509953.5076,544297.9818,509953.5076,517177.0258,1797.91
2025-03-08,ETHUSDT,517177.0258,534427.5948,517177.0258,525954.275,802.08
2025-03-09,ETHUSDT,525954.275,542996.248,514249.6352,526684.056,571.31
2025-03-10,ETHUSDT,526684.056,562285.5543,516744.0863,530395.7003,1231.02
2025-03-11,ETHUSDT,530395.7003,530395.7003,484186.136,505261.3214,860.33
2025-03-12,ETHUSDT,505261.3214,531743.3321,499394.7293,518652.2358,770.45
2025-03-13,ETHUSDT,518652.2358,564975.7713,483451.8849,540743.9821,1110.17
2025-03-14,ETHUSDT,540743.9821,644758.5254,540743.9821,595229.3167,2329.73
2025-03-15,ETHUSDT,595229.3167,628825.133,595229.3167,618576.0273,2635.15
2025-03-16,ETHUSDT,618576.0273,618576.0273,549120.681,587630.2689,4333.24
2025-03-17,ETHUSDT,587630.2689,587630.2689,541780.7095,549549.7315,1467.15
2025-03-18,ETHUSDT,549549.7315,560298.4164,549549.7315,554457.5275,1321.16
2025-03-19,ETHUSDT,554457.5275,554457.5275,487108.1968,512994.7496,1898.46
2025-03-20,ETHUSDT,512994.7496,512994.7496,461860.795,492282.4807,3097.36
2025-03-21,ETHUSDT,492282.4807,492282.4807,435506.649,461096.1657,1474.39
2025-03-22,ETHUSDT,461096.1657,461096.1657,427680.1859,434015.2535,2597.92
2025-03-23,ETHUSDT,434015.2535,437119.8494,417180.0882,428196.5082,1436.76
2025-03-24,ETHUSDT,428196.5082,464449.959,400802.6218,420921.6566,673.19
2025-03-25,ETHUSDT,420921.6566,426659.232,391094.2901,405413.2897,2074.39
2025-03-26,ETHUSDT,405413.2897,425215.1253,397356.1495,421075.1334,6531.81
2025-03-27,ETHUSDT,421075.1334,421075.1334,393198.6281,401483.6601,2188.62
2025-03-28,ETHUSDT,401483.6601,406096.9049,394321.7869,401892.2503,1388.72
2025-03-29,ETHUSDT,401892.2503,406865.1504,389313.5145,399576.3008,2166.45
2025-03-30,ETHUSDT,399576.3008,426706.4958,392652.4752,394788.4351,965.74
2025-03-31,ETHUSDT,394788.4351,394788.4351,360203.3782,379732.7699,2768.51
2025-04-01,ETHUSDT,379732.7699,573042.1711,379732.7699,549014.4162,3758.81
2025-04-02,ETHUSDT,549014.4162,550290.7496,517984.8032,518886.428,2534.23
2025-04-03,ETHUSDT,518886.428,518886.428,493967.9738,511393.4466,582.97
2025-04-04,ETHUSDT,511393.4466,516845.2037,481391.2841,510559.208,428.84
2025-04-05,ETHUSDT,510559.208,510559.208,431346.1396,449196.5088,2562.48
2025-04-06,ETHUSDT,449196.5088,451573.4149,439475.5474,445078.0297,822.68
2025-04-07,ETHUSDT,445078.0297,455489.0955,425694.5225,444002.7718,359.24
2025-04-08,ETHUSDT,444002.7718,444002.7718,417062.8666,428791.1942,848.42
2025-04-09,ETHUSDT,428791.1942,428791.1942,380351.8184,404865.3734,2300.13
2025-04-10,ETHUSDT,404865.3734,404865.3734,378833.0246,389411.5662,1203.01
2025-04-11,ETHUSDT,389411.5662,389411.5662,360209.6045,378452.2963,1791.88
2025-04-12,ETHUSDT,378452.2963,378452.2963,344564.5863,347370.099,4315.33
2025-04-13,ETHUSDT,347370.099,363795.2772,337095.0191,360300.0314,2509.19
2025-04-14,ETHUSDT,360300.0314,370504.6048,336517.0207,355870.2131,2295.29
2025-04-15,ETHUSDT,355870.2131,367679.6974,332596.5035,349825.0212,894.07
2025-04-16,ETHUSDT,349825.0212,372440.1261,349825.0212,364397.7109,657.19
2025-04-17,ETHUSDT,364397.7109,378573.7738,358396.171,376639.5297,1836.35
2025-04-18,ETHUSDT,376639.5297,458706.7328,376639.5297,437028.4994,5639.57
2025-04-19,ETHUSDT,437028.4994,474941.0614,437028.4994,453874.9041,878.77
2025-04-20,ETHUSDT,453874.9041,453874.9041,427408.9441,438247.9711,469.75
2025-04-21,ETHUSDT,438247.9711,448634.743,425361.8095,430085.8592,405.46
2025-04-22,ETHUSDT,430085.8592,430085.8592,379421.5904,389412.2627,2025.8
2025-04-23,ETHUSDT,389412.2627,396335.9826,379428.0711,387303.4706,819.25
2025-04-24,ETHUSDT,387303.4706,402270.9244,387303.4706,390092.7888,612.05
2025-04-25,ETHUSDT,390092.7888,432264.3781,390092.7888,424239.3773,1741.98
2025-04-26,ETHUSDT,424239.3773,424239.3773,392359.3831,402957.1431,707.98
2025-04-27,ETHUSDT,402957.1431,402957.1431,375065.8229,391509.3942,1594.68
2025-04-28,ETHUSDT,391509.3942,421024.8687,360231.9759,400815.7367,1367.35
2025-04-29,ETHUSDT,400815.7367,452908.4588,400815.7367,452661.4014,1546.88
2025-04-30,ETHUSDT,452661.4014,459094.1028,403180.222,413779.309,583.0
2025-05-01,ETHUSDT,413779.309,474877.6445,413779.309,439478.7295,660.04
2025-05-02,ETHUSDT,439478.7295,465567.1101,439478.7295,463522.1154,674.88
2025-05-03,ETHUSDT,463522.1154,498051.0504,463522.1154,481250.9228,667.69
2025-05-04,ETHUSDT,481250.9228,481250.9228,442501.6023,455617.0235,5459.63
2025-05-05,ETHUSDT,455617.0235,470256.5012,442366.8916,460707.2584,1004.12
2025-05-06,ETHUSDT,460707.2584,460707.2584,415366.9457,421762.9997,2098.92
2025-05-07,ETHUSDT,421762.9997,421762.9997,378547.6124,394074.4588,1723.89
2025-05-08,ETHUSDT,394074.4588,441237.9965,394074.4588,417235.7942,978.89
2025-05-09,ETHUSDT,417235.7942,480153.8534,403952.0021,438698.7097,1733.91
2025-05-10,ETHUSDT,438698.7097,438698.7097,371769.4171,417184.306,1558.81
2025-05-11,ETHUSDT,417184.306,436615.8171,404146.6759,410030.8589,1851.95
2025-05-12,ETHUSDT,410030.8589,443076.9932,410030.8589,436105.2074,1272.93
2025-05-13,ETHUSDT,436105.2074,470376.9791,436105.2074,469369.3139,949.76
2025-05-14,ETHUSDT,469369.3139,469369.3139,423559.8857,430419.2497,2419.32
2025-05-15,ETHUSDT,430419.2497,500285.4805,409070.5995,469525.3087,1653.89
2025-05-16,ETHUSDT,469525.3087,469525.3087,427793.7384,450204.082,930.45
2025-05-17,ETHUSDT,450204.082,450204.082,409493.2845,427798.8664,1744.16
2025-05-18,ETHUSDT,427798.8664,427798.8664,409177.0634,413973.6724,1446.32
2025-05-19,ETHUSDT,413973.6724,465456.6825,413408.7009,426171.0522,2864.92
2025-05-20,ETHUSDT,426171.0522,475425.4031,426171.0522,453903.0707,1434.22
2025-05-21,ETHUSDT,453903.0707,480957.7913,451343.6729,463229.5682,1577.71
2025-05-22,ETHUSDT,463229.5682,492768.127,463229.5682,479685.0004,1458.06
2025-05-23,ETHUSDT,479685.0004,480782.8328,452973.6418,463818.0419,3629.93
2025-05-24,ETHUSDT,463818.0419,567898.1824,463818.0419,529233.0584,4334.09
2025-05-25,ETHUSDT,529233.0584,607893.14,522316.2048,574833.4233,538.24
2025-05-26,ETHUSDT,574833.4233,574833.4233,533123.5961,533510.2938,1717.23
2025-05-27,ETHUSDT,533510.2938,533510.2938,470633.179,491048.0439,1813.22
2025-05-28,ETHUSDT,491048.0439,491048.0439,409309.2059,447192.5516,1548.67
2025-05-29,ETHUSDT,447192.5516,526766.584,447192.5516,501044.0443,2699.78
2025-05-30,ETHUSDT,501044.0443,548472.0235,482582.1635,489044.1375,1231.65
2025-05-31,ETHUSDT,489044.1375,491950.8366,443320.5978,480039.4569,1152.17
2025-06-01,ETHUSDT,480039.4569,480039.4569,435801.4356,445530.62,2065.39
2025-06-02,ETHUSDT,445530.62,458977.5507,422870.1686,446769.8376,585.71
2025-06-03,ETHUSDT,446769.8376,457208.9655,418766.3143,430034.0727,878.14
2025-06-04,ETHUSDT,430034.0727,477980.6146,415849.4284,445837.4005,3900.22
2025-06-05,ETHUSDT,445837.4005,445837.4005,397821.0152,411365.67,1368.08
2025-06-06,ETHUSDT,411365.67,413777.0033,392803.8007,394492.0707,3064.7
2025-06-07,ETHUSDT,394492.0707,417139.2004,394492.0707,416342.984,1996.86
2025-06-08,ETHUSDT,416342.984,416342.984,373596.0834,402814.5686,1227.54
2025-06-09,ETHUSDT,402814.5686,410439.2118,383140.8699,397751.7583,1079.04
2025-06-10,ETHUSDT,397751.7583,407631.9115,386298.3405,403884.8181,1343.39
2025-06-11,ETHUSDT,403884.8181,408575.7084,362680.2938,386747.8384,1008.43
2025-06-12,ETHUSDT,386747.8384,404190.0747,371859.2469,395113.6746,1279.1
2025-06-13,ETHUSDT,395113.6746,395829.9459,369600.0948,386896.5912,2629.28
2025-06-14,ETHUSDT,386896.5912,427646.9054,386896.5912,410946.4929,579.85
2025-06-15,ETHUSDT,410946.4929,426105.5164,410946.4929,424007.759,1984.94
2025-06-16,ETHUSDT,424007.759,424007.759,388646.0216,390933.1297,3443.15
2025-06-17,ETHUSDT,390933.1297,390933.1297,381518.7079,383325.6909,1576.85
2025-06-18,ETHUSDT,383325.6909,383325.6909,347992.502,357439.6039,2443.46
2025-06-19,ETHUSDT,357439.6039,410242.1171,357439.6039,362508.7299,681.83
2025-06-20,ETHUSDT,362508.7299,366874.7368,334027.6786,356864.58,1072.41
2025-06-21,ETHUSDT,356864.58,356864.58,335353.9452,344310.1538,2480.33
2025-06-22,ETHUSDT,344310.1538,344310.1538,312347.3012,337676.2243,1551.16
2025-06-23,ETHUSDT,337676.2243,337676.2243,314595.2207,315529.2423,2238.9
2025-06-24,ETHUSDT,315529.2423,359187.1181,315529.2423,333998.4323,1745.58
2025-06-25,ETHUSDT,333998.4323,373910.2386,333998.4323,362497.6606,1073.19
2025-06-26,ETHUSDT,362497.6606,362497.6606,339219.3413,355947.1783,450.02
2025-06-27,ETHUSDT,355947.1783,395201.9894,355947.1783,383112.0772,2807.74
2025-06-28,ETHUSDT,383112.0772,383112.0772,336859.196,346870.7117,1318.84
2025-06-29,ETHUSDT,346870.7117,357721.4147,346870.7117,356637.4891,1214.0
2025-06-30,ETHUSDT,356637.4891,356637.4891,333840.3248,342943.2962,1813.94
2025-07-01,ETHUSDT,342943.2962,371607.5183,342943.2962,364625.9994,807.89
2025-07-02,ETHUSDT,364625.9994,364625.9994,331435.6746,348236.2657,1513.54
2025-07-03,ETHUSDT,348236.2657,348236.2657,296208.3117,317586.4997,3052.73
2025-07-04,ETHUSDT,317586.4997,343033.697,317586.4997,321076.4753,1977.01
2025-07-05,ETHUSDT,321076.4753,326272.665,292834.9274,318643.4794,795.66
2025-07-06,ETHUSDT,318643.4794,318643.4794,270112.1569,288801.3187,1251.3
2025-07-07,ETHUSDT,288801.3187,288801.3187,257811.0902,263681.4521,1581.79
2025-07-08,ETHUSDT,263681.4521,263681.4521,240221.5008,246228.9569,2736.61
2025-07-09,ETHUSDT,246228.9569,263805.7396,246228.9569,261366.5659,2600.65
2025-07-10,ETHUSDT,261366.5659,261366.5659,209259.884,221275.8933,3247.23
2025-07-11,ETHUSDT,221275.8933,221275.8933,197759.4773,203460.2204,4155.1
2025-07-12,ETHUSDT,203460.2204,207031.6299,195693.3339,199333.4149,1065.11
2025-07-13,ETHUSDT,199333.4149,212814.9868,199333.4149,206868.7274,1175.2
2025-07-14,ETHUSDT,206868.7274,208297.6094,191111.6004,201960.4799,772.6
2025-07-15,ETHUSDT,201960.4799,211050.5246,188916.4812,203781.3598,780.03
2025-07-16,ETHUSDT,203781.3598,215255.7142,203781.3598,207875.8522,1701.58
2025-07-17,ETHUSDT,207875.8522,207875.8522,191194.1529,194857.5108,765.83
2025-07-18,ETHUSDT,194857.5108,217580.7687,194857.5108,204749.8115,1850.65
2025-07-19,ETHUSDT,204749.8115,206405.0891,186821.3002,203372.7468,1500.3
2025-07-20,ETHUSDT,203372.7468,217455.9978,202979.8251,211953.5416,4532.08
2025-07-21,ETHUSDT,211953.5416,249729.9916,211953.5416,244152.2448,1798.26
2025-07-22,ETHUSDT,244152.2448,244152.2448,213279.9324,226136.4649,1245.21
2025-07-23,ETHUSDT,226136.4649,247365.4414,226136.4649,245095.1303,3161.69
2025-07-24,ETHUSDT,245095.1303,268749.1316,245095.1303,255106.6253,2151.18
2025-07-25,ETHUSDT,255106.6253,285947.8565,255106.6253,259734.6005,1163.46
2025-07-26,ETHUSDT,259734.6005,259734.6005,250254.5695,250562.5358,917.31
2025-07-27,ETHUSDT,250562.5358,254053.3449,236749.5407,243331.2715,3207.94
2025-07-28,ETHUSDT,243331.2715,243331.2715,224662.3152,236238.3228,1273.34
2025-07-29,ETHUSDT,236238.3228,275404.5456,236238.3228,251158.1703,1839.09
2025-07-30,ETHUSDT,251158.1703,251158.1703,232067.0845,234037.534,1847.01
2025-07-31,ETHUSDT,234037.534,236419.976,224375.6694,227901.0564,1395.2
2025-08-01,ETHUSDT,227901.0564,228146.1584,223235.9193,226233.609,812.22
2025-08-02,ETHUSDT,226233.609,226233.609,207429.86,208182.8967,1859.61
2025-08-03,ETHUSDT,208182.8967,208182.8967,195091.0885,195773.8939,2688.33
2025-08-04,ETHUSDT,195773.8939,227445.5293,195773.8939,220172.1526,3673.97
2025-08-05,ETHUSDT,220172.1526,220172.1526,200015.3643,206417.7031,2279.23
2025-08-06,ETHUSDT,206417.7031,233984.295,206417.7031,215028.9969,2271.68
2025-08-07,ETHUSDT,215028.9969,225627.0137,215028.9969,221895.3971,1826.35
2025-08-08,ETHUSDT,221895.3971,221895.3971,202828.393,219089.5714,3598.97
2025-08-09,ETHUSDT,219089.5714,239153.9814,219089.5714,232763.6659,1060.96
2025-08-10,ETHUSDT,232763.6659,262413.1519,232763.6659,251738.2105,5335.37
2025-08-11,ETHUSDT,251738.2105,259039.6894,233219.4856,253072.9005,1412.39
2025-08-12,ETHUSDT,253072.9005,253072.9005,243848.4934,246563.1204,1370.66
2025-08-13,ETHUSDT,246563.1204,250985.7451,241752.3345,249523.8905,1969.16
2025-08-14,ETHUSDT,249523.8905,269504.3929,249523.8905,266501.8627,1517.92
2025-08-15,ETHUSDT,266501.8627,272631.1989,260258.4088,266000.247,1406.04
2025-08-16,ETHUSDT,266000.247,275201.3521,266000.247,271558.9422,1064.68
2025-08-17,ETHUSDT,271558.9422,280896.4923,271558.9422,274966.9876,2576.19
2025-08-18,ETHUSDT,274966.9876,286388.8575,274966.9876,282692.9514,1030.79
2025-08-19,ETHUSDT,282692.9514,282692.9514,242345.2863,267635.3659,2178.28
2025-08-20,ETHUSDT,267635.3659,286016.056,267635.3659,275185.2645,1260.27
2025-08-21,ETHUSDT,275185.2645,277512.1337,261633.9224,268293.1141,1724.25
2025-08-22,ETHUSDT,268293.1141,290047.1051,259005.8912,270567.6053,1067.55
2025-08-23,ETHUSDT,270567.6053,302974.14,270567.6053,292964.2004,3444.63
2025-08-24,ETHUSDT,292964.2004,293357.3249,285463.8034,292799.3605,471.61
2025-08-25,ETHUSDT,292799.3605,313269.2315,286678.983,302440.8528,2004.25
2025-08-26,ETHUSDT,302440.8528,335029.7217,296350.2633,301616.5654,404.22
2025-08-27,ETHUSDT,301616.5654,301616.5654,279797.4345,285888.9225,1706.68
2025-08-28,ETHUSDT,285888.9225,298723.9283,283050.2379,293668.8154,1441.16
2025-08-29,ETHUSDT,293668.8154,296816.2558,293668.8154,296586.7214,509.69
2025-08-30,ETHUSDT,296586.7214,348373.6461,296586.7214,334021.8639,3070.62
2025-08-31,ETHUSDT,334021.8639,334021.8639,298942.0228,320414.1343,1249.96
2025-09-01,ETHUSDT,320414.1343,350159.8754,309768.1739,313339.8287,774.63
2025-09-02,ETHUSDT,313339.8287,316772.0481,293309.9445,304026.3111,873.19
2025-09-03,ETHUSDT,304026.3111,309665.7883,289644.6694,292225.3461,853.07
2025-09-04,ETHUSDT,292225.3461,305645.5668,271765.3486,300986.4844,866.65
2025-09-05,ETHUSDT,300986.4844,300986.4844,254560.4091,285868.129,2624.25
2025-09-06,ETHUSDT,285868.129,289465.1793,272802.411,281609.972,1154.78
2025-09-07,ETHUSDT,281609.972,282326.9962,241798.242,271835.7581,6045.38
2025-09-08,ETHUSDT,271835.7581,271835.7581,248166.1086,264845.5271,1314.23
2025-09-09,ETHUSDT,264845.5271,265937.5255,250435.5489,255439.2158,877.91
2025-09-10,ETHUSDT,255439.2158,255439.2158,227116.4645,235688.407,3336.9
2025-09-11,ETHUSDT,235688.407,235688.407,199552.0097,210273.1944,880.61
2025-09-12,ETHUSDT,210273.1944,212702.7564,209340.0448,209719.2266,882.11
2025-09-13,ETHUSDT,209719.2266,209719.2266,194106.7542,199389.1896,2352.53
2025-09-14,ETHUSDT,199389.1896,220447.2554,199389.1896,216981.2556,3291.83
2025-09-15,ETHUSDT,216981.2556,242587.2256,216981.2556,234569.776,8036.97
2025-09-16,ETHUSDT,234569.776,250953.4206,234569.776,250746.6649,1893.35
2025-09-17,ETHUSDT,250746.6649,277370.4892,250746.6649,268881.4969,1763.85
2025-09-18,ETHUSDT,268881.4969,268881.4969,248749.1274,254590.1253,1667.46
2025-09-19,ETHUSDT,254590.1253,275256.1101,251100.0561,262089.6809,4188.61
2025-09-20,ETHUSDT,262089.6809,272238.3053,231956.5403,259537.2165,1049.69
2025-09-21,ETHUSDT,259537.2165,272840.7699,257140.148,262045.033,782.76
2025-09-22,ETHUSDT,262045.033,274770.1615,262045.033,273295.8233,1877.63
2025-09-23,ETHUSDT,273295.8233,273295.8233,258271.9274,261241.8325,565.97
2025-09-24,ETHUSDT,261241.8325,280918.1312,249111.8385,261249.03,990.91
2025-09-25,ETHUSDT,261249.03,261249.03,255045.0284,256134.4301,1620.14
2025-09-26,ETHUSDT,256134.4301,289957.0543,256134.4301,270347.9621,6412.82
2025-09-27,ETHUSDT,270347.9621,270347.9621,237794.8461,248781.2406,1854.93
2025-09-28,ETHUSDT,248781.2406,273344.716,248569.4564,261156.0537,1139.46
2025-09-29,ETHUSDT,261156.0537,261156.0537,243408.4724,245199.8667,4446.16
2025-09-30,ETHUSDT,245199.8667,269770.9887,236997.507,254622.348,1699.27
2025-10-01,ETHUSDT,254622.348,374664.8092,254622.348,370104.211,1634.05
2025-10-02,ETHUSDT,370104.211,370104.211,346194.1571,349519.2956,964.67
2025-10-03,ETHUSDT,349519.2956,349519.2956,329497.6281,334531.6002,3423.01
2025-10-04,ETHUSDT,334531.6002,334531.6002,303053.6814,323898.1281,1363.23
2025-10-05,ETHUSDT,323898.1281,340695.5394,323898.1281,329131.7844,498.8
2025-10-06,ETHUSDT,329131.7844,329131.7844,299767.4263,305804.4994,1403.66
2025-10-07,ETHUSDT,305804.4994,348189.563,305804.4994,341667.4118,2008.97
2025-10-08,ETHUSDT,341667.4118,395174.6952,341667.4118,374702.5724,1204.17
2025-10-09,ETHUSDT,374702.5724,381821.6886,367563.0025,380865.1871,1011.36
2025-10-10,ETHUSDT,380865.1871,412809.5773,380865.1871,399118.6221,1350.73
2025-10-11,ETHUSDT,399118.6221,401418.1865,359641.9419,369062.3268,1158.27
2025-10-12,ETHUSDT,369062.3268,375588.0804,369062.3268,375469.846,622.78
2025-10-13,ETHUSDT,375469.846,375469.846,345169.0452,366568.6194,655.43
2025-10-14,ETHUSDT,366568.6194,381381.6605,366568.6194,369994.8598,390.76
2025-10-15,ETHUSDT,369994.8598,418309.1417,369994.8598,402271.4038,1835.91
2025-10-16,ETHUSDT,402271.4038,432183.2928,402190.4497,423656.9507,909.16
2025-10-17,ETHUSDT,423656.9507,511500.9455,423656.9507,470314.213,2257.58
2025-10-18,ETHUSDT,470314.213,475185.6367,449841.8382,465256.3677,546.99
2025-10-19,ETHUSDT,465256.3677,465256.3677,440788.4963,447171.3323,698.49
2025-10-20,ETHUSDT,447171.3323,447171.3323,419266.4302,428223.7595,546.03
2025-10-21,ETHUSDT,428223.7595,442199.7878,409459.5961,426980.5655,627.19
2025-10-22,ETHUSDT,426980.5655,426980.5655,409819.0118,415342.0483,960.41
2025-10-23,ETHUSDT,415342.0483,484039.5075,415342.0483,471599.2139,3307.23
2025-10-24,ETHUSDT,471599.2139,539407.4983,471599.2139,513278.1511,2412.16
2025-10-25,ETHUSDT,513278.1511,513278.1511,476146.6477,498720.2663,899.68
2025-10-26,ETHUSDT,498720.2663,514245.6564,496308.2838,505837.5409,824.22
2025-10-27,ETHUSDT,505837.5409,524804.7111,502422.2352,523118.4502,1900.79
2025-10-28,ETHUSDT,523118.4502,559875.282,507471.0317,533125.229,1696.03
2025-10-29,ETHUSDT,533125.229,597391.4838,533125.229,558537.6811,1292.34
2025-10-30,ETHUSDT,558537.6811,578827.9522,533509.6933,553064.5656,406.86
2025-10-31,ETHUSDT,553064.5656,553064.5656,469367.2765,519101.0874,752.16
2025-11-01,ETHUSDT,519101.0874,591182.633,519101.0874,562426.3413,2871.92
2025-11-02,ETHUSDT,562426.3413,576012.5182,550653.7178,553200.4034,805.8
2025-11-03,ETHUSDT,553200.4034,566735.2301,546888.8284,550965.4411,674.2
2025-11-04,ETHUSDT,550965.4411,550965.4411,514397.7306,519705.3594,869.25
2025-11-05,ETHUSDT,519705.3594,546676.6643,497327.4966,512045.785,589.8
2025-11-06,ETHUSDT,512045.785,516725.292,512045.785,514806.8677,763.91
2025-11-07,ETHUSDT,514806.8677,581068.8963,514806.8677,523691.3346,356.06
2025-11-08,ETHUSDT,523691.3346,523691.3346,445779.9982,486587.6461,935.77
2025-11-09,ETHUSDT,486587.6461,552177.8654,486587.6461,508334.3977,447.91
2025-11-10,ETHUSDT,508334.3977,508334.3977,494199.0222,494210.5908,888.25
2025-11-11,ETHUSDT,494210.5908,525435.101,491409.9104,523061.6928,406.62
2025-11-12,ETHUSDT,523061.6928,544787.8127,493908.3926,502838.7207,1099.37
2025-11-13,ETHUSDT,502838.7207,598872.2872,502838.7207,563921.4957,1474.51
2025-11-14,ETHUSDT,563921.4957,612101.5501,563921.4957,584862.5577,694.63
2025-11-15,ETHUSDT,584862.5577,584862.5577,527300.1407,539152.6529,1144.37
2025-11-16,ETHUSDT,539152.6529,539152.6529,492577.871,511407.6961,645.04
2025-11-17,ETHUSDT,511407.6961,511407.6961,454204.7296,489898.3391,391.96
2025-11-18,ETHUSDT,489898.3391,537949.1411,489898.3391,526937.5009,1279.06
2025-11-19,ETHUSDT,526937.5009,526937.5009,466366.1408,478572.5936,2551.78
2025-11-20,ETHUSDT,478572.5936,478572.5936,408631.9521,434783.861,1083.81
2025-11-21,ETHUSDT,434783.861,448247.4849,387921.6794,409809.6228,1537.2
2025-11-22,ETHUSDT,409809.6228,450402.8057,409809.6228,442088.2686,1642.19
2025-11-23,ETHUSDT,442088.2686,456065.2512,442088.2686,455037.9138,591.05
2025-11-24,ETHUSDT,455037.9138,476393.6738,453495.1164,472851.0812,773.99
2025-11-25,ETHUSDT,472851.0812,506034.2032,464477.2541,493046.273,390.97
2025-11-26,ETHUSDT,493046.273,504461.8912,481367.0774,502452.0848,531.44
2025-11-27,ETHUSDT,502452.0848,502452.0848,465830.2869,477080.2879,487.57
2025-11-28,ETHUSDT,477080.2879,477636.0057,472904.2389,476138.297,571.96
2025-11-29,ETHUSDT,476138.297,513594.0302,451484.4123,466949.2174,939.83
2025-11-30,ETHUSDT,466949.2174,505047.6862,466949.2174,496582.1698,1790.56
2025-12-01,ETHUSDT,496582.1698,498866.0713,465814.0288,485197.7344,403.87
2025-12-02,ETHUSDT,485197.7344,518140.0166,454420.881,459415.7949,855.98
2025-12-03,ETHUSDT,459415.7949,459415.7949,422663.7906,427604.1762,678.31
2025-12-04,ETHUSDT,427604.1762,427604.1762,349563.6736,389610.0196,2728.77
2025-12-05,ETHUSDT,389610.0196,424742.9638,383634.6032,395814.5509,374.06
2025-12-06,ETHUSDT,395814.5509,406842.9136,365708.4036,387081.1321,249.94
2025-12-07,ETHUSDT,387081.1321,427938.7322,387081.1321,394590.1252,430.8
2025-12-08,ETHUSDT,394590.1252,406034.6047,370608.9525,396543.0368,606.11
2025-12-09,ETHUSDT,396543.0368,409046.9962,387695.6784,398586.1821,299.32
2025-12-10,ETHUSDT,398586.1821,398586.1821,335905.0071,368200.4184,1385.1
2025-12-11,ETHUSDT,368200.4184,368200.4184,316982.9574,334220.6885,1962.27
2025-12-12,ETHUSDT,334220.6885,354725.5587,334220.6885,339588.454,574.74
2025-12-13,ETHUSDT,339588.454,357975.1845,335287.4858,353778.764,1152.65
2025-12-14,ETHUSDT,353778.764,371656.1828,353778.764,364213.5222,942.41
2025-12-15,ETHUSDT,364213.5222,364213.5222,348182.6564,357600.0186,669.1
2025-12-16,ETHUSDT,357600.0186,381764.4217,354451.3184,359637.5199,286.57
2025-12-17,ETHUSDT,359637.5199,376473.9501,348190.2419,369077.7302,647.92
2025-12-18,ETHUSDT,369077.7302,369077.7302,328171.987,342718.7993,1097.95
2025-12-19,ETHUSDT,342718.7993,381994.0397,342718.7993,376364.6958,972.84
2025-12-20,ETHUSDT,376364.6958,397370.4283,376364.6958,386565.0019,883.37
2025-12-21,ETHUSDT,386565.0019,403779.0542,375572.1544,382290.7051,704.95
2025-12-22,ETHUSDT,382290.7051,388524.8677,366203.2755,377372.9523,996.58
2025-12-23,ETHUSDT,377372.9523,377372.9523,322718.7839,351670.0072,1986.08
2025-12-24,ETHUSDT,351670.0072,357895.9695,338393.3876,351174.1606,252.13
2025-12-25,ETHUSDT,351174.1606,351174.1606,331392.6313,342591.7726,1069.39
2025-12-26,ETHUSDT,342591.7726,375952.4408,342591.7726,369262.4389,874.31
2025-12-27,ETHUSDT,369262.4389,387216.1612,363553.3158,377025.8389,331.6
2025-12-28,ETHUSDT,377025.8389,382383.7212,360160.5637,375643.4589,397.43
2025-12-29,ETHUSDT,375643.4589,382650.573,325396.0355,363760.9219,512.25
2025-12-30,ETHUSDT,363760.9219,373500.763,358060.0034,372343.9577,659.55
2025-12-31,ETHUSDT,372343.9577,372343.9577,347823.6081,358251.5303,364.69
2026-01-01,ETHUSDT,358251.5303,358251.5303,263785.5322,267319.6647,3365.8
2026-01-02,ETHUSDT,267319.6647,267319.6647,253647.0972,258950.1782,1113.93
2026-01-03,ETHUSDT,258950.1782,267691.184,255595.2192,263938.1703,689.54
2026-01-04,ETHUSDT,263938.1703,263938.1703,243168.9144,252483.4268,610.82
2026-01-05,ETHUSDT,252483.4268,252483.4268,234273.4668,241146.4372,468.72
2026-01-06,ETHUSDT,241146.4372,241146.4372,229736.8029,233074.9721,252.58
2026-01-07,ETHUSDT,233074.9721,233074.9721,218375.8288,227502.5745,646.03
2026-01-08,ETHUSDT,227502.5745,255057.7229,227502.5745,249680.764,1119.58
2026-01-09,ETHUSDT,249680.764,249680.764,223874.6426,239910.418,1300.86
2026-01-10,ETHUSDT,239910.418,244311.4921,233800.8964,238911.5014,546.66
2026-01-11,ETHUSDT,238911.5014,247331.234,227935.1876,230459.2094,679.47
2026-01-12,ETHUSDT,230459.2094,239916.2081,225688.7807,232446.7006,976.74
2026-01-13,ETHUSDT,232446.7006,252951.8325,232446.7006,250821.2405,600.83
2026-01-14,ETHUSDT,250821.2405,250821.2405,237618.5773,238256.9355,1525.4
2026-01-15,ETHUSDT,238256.9355,285100.7901,238256.9355,264170.1411,1486.99
2026-01-16,ETHUSDT,264170.1411,264170.1411,235674.249,262751.2476,376.2
2026-01-17,ETHUSDT,262751.2476,279981.9596,262751.2476,275662.0098,834.66
2026-01-18,ETHUSDT,275662.0098,282506.7704,261527.0398,278533.0352,686.98
2026-01-19,ETHUSDT,278533.0352,298301.4895,278533.0352,297042.9961,2237.91
2026-01-20,ETHUSDT,297042.9961,320664.2596,292897.2448,303096.8948,389.73
2026-01-21,ETHUSDT,303096.8948,303096.8948,277186.6944,300457.0496,503.17
2026-01-22,ETHUSDT,300457.0496,334378.5184,300457.0496,316163.15,1462.22
2026-01-23,ETHUSDT,316163.15,327027.2951,314760.6174,317519.6739,622.48
2026-01-24,ETHUSDT,317519.6739,324624.0114,294142.3797,295473.8406,1422.25
2026-01-25,ETHUSDT,295473.8406,296916.5382,276157.2768,286558.5178,526.27
2026-01-26,ETHUSDT,286558.5178,305683.953,277015.4267,285952.7904,504.29
2026-01-27,ETHUSDT,285952.7904,285952.7904,256336.0868,274339.2574,2210.32
2026-01-28,ETHUSDT,274339.2574,290712.6927,274339.2574,284062.4352,1040.52
2026-01-29,ETHUSDT,284062.4352,314094.4362,284062.4352,311791.7023,769.64
2026-01-30,ETHUSDT,311791.7023,311791.7023,252208.4853,262038.7623,3203.44
2026-01-31,ETHUSDT,262038.7623,270968.5927,255804.1551,264007.6592,750.49
2026-02-01,ETHUSDT,264007.6592,264007.6592,255719.5986,258787.2458,2409.64
2026-02-02,ETHUSDT,258787.2458,290912.2215,253653.4062,272708.9262,1481.51
2026-02-03,ETHUSDT,272708.9262,283500.7582,271299.2189,274254.0591,1027.13
2026-02-04,ETHUSDT,274254.0591,299433.2416,274254.0591,296694.1481,2110.19
2026-02-05,ETHUSDT,296694.1481,296694.1481,283280.5179,291462.6604,308.45
2026-02-06,ETHUSDT,291462.6604,322014.2192,291462.6604,303076.9957,918.02
2026-02-07,ETHUSDT,303076.9957,314617.3303,288408.9984,304162.3708,989.43
2026-02-08,ETHUSDT,304162.3708,338408.4138,304162.3708,336795.2217,1475.95
2026-02-09,ETHUSDT,336795.2217,350580.4623,334543.6413,342419.8783,875.43
2026-02-10,ETHUSDT,342419.8783,375422.1128,342419.8783,367408.1134,931.5
2026-02-11,ETHUSDT,367408.1134,369457.6417,342062.5732,342781.4112,920.03
2026-02-12,ETHUSDT,342781.4112,409118.1272,342781.4112,373693.6138,1534.61
2026-02-13,ETHUSDT,373693.6138,407418.617,373693.6138,402903.6789,741.13
2026-02-14,ETHUSDT,402903.6789,458953.3813,402903.6789,450702.2383,2681.27
2026-02-15,ETHUSDT,450702.2383,481074.9788,431532.6107,452066.9704,848.81
2026-02-16,ETHUSDT,452066.9704,464018.6244,452066.9704,460913.1398,838.12
2026-02-17,ETHUSDT,460913.1398,460913.1398,431754.6042,439489.1054,596.07
2026-02-18,ETHUSDT,439489.1054,471795.7697,433491.7134,437994.0199,498.2
2026-02-19,ETHUSDT,437994.0199,462695.8533,424512.5087,444924.003,281.86
2026-02-20,ETHUSDT,444924.003,444924.003,423171.3976,428624.8011,986.21
2026-02-21,ETHUSDT,428624.8011,438116.1164,420123.3886,437915.4857,1403.34
2026-02-22,ETHUSDT,437915.4857,452358.4492,428671.8846,449947.6039,294.47
2026-02-23,ETHUSDT,449947.6039,449947.6039,421671.5821,431842.7946,1027.56
2026-02-24,ETHUSDT,431842.7946,431842.7946,387157.4119,390284.4164,923.55
2026-02-25,ETHUSDT,390284.4164,410793.1829,384130.1492,401885.0304,341.12
2026-02-26,ETHUSDT,401885.0304,401885.0304,377752.7226,380037.1045,954.91
2026-02-27,ETHUSDT,380037.1045,380037.1045,370415.0189,377679.9539,282.68
2026-02-28,ETHUSDT,377679.9539,377679.9539,337307.7624,349132.7344,1142.18
2026-03-01,ETHUSDT,349132.7344,380307.7286,349132.7344,374549.7425,970.14
2026-03-02,ETHUSDT,374549.7425,392310.9537,374549.7425,391310.2155,1062.92
2026-03-03,ETHUSDT,391310.2155,395688.9812,379533.0937,380998.2243,501.88
2026-03-04,ETHUSDT,380998.2243,380998.2243,337101.6902,351598.0106,1530.9
2026-03-05,ETHUSDT,351598.0106,386948.7761,351598.0106,374402.0884,672.17
2026-03-06,ETHUSDT,374402.0884,395475.5181,361642.5449,373844.3818,503.21
2026-03-07,ETHUSDT,373844.3818,376764.1288,367646.6245,376758.9191,772.12
2026-03-08,ETHUSDT,376758.9191,386273.479,357598.6192,368854.9626,731.6
2026-03-09,ETHUSDT,368854.9626,368854.9626,314886.2021,319382.3011,836.27
2026-03-10,ETHUSDT,319382.3011,335138.3946,312690.0479,324800.2666,524.12
2026-03-11,ETHUSDT,324800.2666,325287.6974,317070.5656,320781.4141,466.73
2026-03-12,ETHUSDT,320781.4141,320781.4141,303149.087,306189.3143,1572.32
2026-03-13,ETHUSDT,306189.3143,334522.6194,306189.3143,329992.7203,1046.11
2026-03-14,ETHUSDT,329992.7203,369497.2717,329992.7203,345633.7789,1837.99
2026-03-15,ETHUSDT,345633.7789,345633.7789,303903.7224,324993.0322,644.45
2026-03-16,ETHUSDT,324993.0322,333552.5299,317209.2532,333440.9754,410.99
2026-03-17,ETHUSDT,333440.9754,333440.9754,316964.1552,320203.1866,486.9
2026-03-18,ETHUSDT,320203.1866,326378.7321,309637.1899,325201.4942,700.2
2026-03-19,ETHUSDT,325201.4942,348652.6832,325201.4942,340765.2269,244.1
2026-03-20,ETHUSDT,340765.2269,340765.2269,307641.495,322625.8113,765.5
2026-03-21,ETHUSDT,322625.8113,339178.9894,310465.1414,334549.6442,1197.96
2026-03-22,ETHUSDT,334549.6442,340372.0173,302727.243,324699.1512,782.39
2026-03-23,ETHUSDT,324699.1512,338317.1137,305048.2538,320955.5137,1093.99
2026-03-24,ETHUSDT,320955.5137,320955.5137,301959.5644,303231.554,1439.06
2026-03-25,ETHUSDT,303231.554,303231.554,280953.2153,281686.2723,2983.95
2026-03-26,ETHUSDT,281686.2723,281686.2723,242425.797,260596.2788,1645.91
2026-03-27,ETHUSDT,260596.2788,268179.8136,239706.93,255294.0205,788.14
2026-03-28,ETHUSDT,255294.0205,286397.8163,237544.8276,253701.5895,432.4
2026-03-29,ETHUSDT,253701.5895,255129.2948,246570.3138,254907.882,834.97
2026-03-30,ETHUSDT,254907.882,254907.882,221629.4906,234365.7956,2155.09
2026-03-31,ETHUSDT,234365.7956,235013.8121,227849.5875,231332.0362,579.31
2026-04-01,ETHUSDT,231332.0362,231332.0362,224478.9326,227353.0644,350.72
2026-04-02,ETHUSDT,227353.0644,257709.4902,227353.0644,236644.4269,885.74
2026-04-03,ETHUSDT,236644.4269,258043.2314,224653.6332,240616.2908,1935.0
2026-04-04,ETHUSDT,240616.2908,240616.2908,209364.2292,213903.7252,1966.86
2026-04-05,ETHUSDT,213903.7252,213903.7252,202318.5087,205896.157,977.11
2026-04-06,ETHUSDT,205896.157,214266.3416,205896.157,209862.8007,919.65
2026-04-07,ETHUSDT,209862.8007,209862.8007,172848.613,192348.8194,1872.44
2026-04-08,ETHUSDT,192348.8194,192348.8194,175402.0367,177999.2671,1490.43
2017-11-01,BNBUSDT,0.1032,0.1032,0.0993,0.1,4.54
2017-11-02,BNBUSDT,0.1,0.1202,0.1,0.1152,12.81
2017-11-03,BNBUSDT,0.1152,0.1183,0.1101,0.1136,4.94
2017-11-04,BNBUSDT,0.1136,0.1292,0.1136,0.1241,6.8
2017-11-05,BNBUSDT,0.1241,0.1241,0.1192,0.1201,1.6
2017-11-06,BNBUSDT,0.1201,0.1332,0.1107,0.125,3.99
2017-11-07,BNBUSDT,0.125,0.1319,0.1113,0.1288,1.84
2017-11-08,BNBUSDT,0.1288,0.1425,0.1288,0.1383,9.79
2017-11-09,BNBUSDT,0.1383,0.1402,0.1279,0.1306,7.09
2017-11-10,BNBUSDT,0.1306,0.1306,0.1136,0.1301,0.97
2017-11-11,BNBUSDT,0.1301,0.1336,0.129,0.1329,1.71
2017-11-12,BNBUSDT,0.1329,0.1329,0.1161,0.1215,10.05
2017-11-13,BNBUSDT,0.1215,0.1238,0.1129,0.1185,7.88
2017-11-14,BNBUSDT,0.1185,0.1245,0.1176,0.1185,2.1
2017-11-15,BNBUSDT,0.1185,0.13,0.1185,0.1277,3.39
2017-11-16,BNBUSDT,0.1277,0.1367,0.1277,0.1362,2.92
2017-11-17,BNBUSDT,0.1362,0.147,0.136,0.141,9.54
2017-11-18,BNBUSDT,0.141,0.1661,0.141,0.1558,12.6
2017-11-19,BNBUSDT,0.1558,0.1558,0.152,0.1521,2.06
2017-11-20,BNBUSDT,0.1521,0.1521,0.1439,0.1453,2.45
2017-11-21,BNBUSDT,0.1453,0.1648,0.1453,0.1631,9.55
2017-11-22,BNBUSDT,0.1631,0.1779,0.1577,0.1675,3.66
2017-11-23,BNBUSDT,0.1675,0.1675,0.1434,0.1503,12.17
2017-11-24,BNBUSDT,0.1503,0.1653,0.1503,0.1618,3.37
2017-11-25,BNBUSDT,0.1618,0.1695,0.1575,0.1632,3.84
2017-11-26,BNBUSDT,0.1632,0.1839,0.1632,0.1721,6.99
2017-11-27,BNBUSDT,0.1721,0.2044,0.1721,0.1937,5.31
2017-11-28,BNBUSDT,0.1937,0.2534,0.1937,0.2282,13.66
2017-11-29,BNBUSDT,0.2282,0.2408,0.2282,0.2383,1.96
2017-11-30,BNBUSDT,0.2383,0.2539,0.2279,0.2452,1.2
2017-12-01,BNBUSDT,0.2452,0.2452,0.1941,0.2002,7.94
2017-12-02,BNBUSDT,0.2002,0.2002,0.169,0.1776,5.96
2017-12-03,BNBUSDT,0.1776,0.1959,0.1776,0.1904,5.87
2017-12-04,BNBUSDT,0.1904,0.2508,0.1904,0.2311,12.29
2017-12-05,BNBUSDT,0.2311,0.2421,0.2311,0.2376,2.11
2017-12-06,BNBUSDT,0.2376,0.2862,0.2376,0.2617,7.1
2017-12-07,BNBUSDT,0.2617,0.308,0.2617,0.2975,15.0
2017-12-08,BNBUSDT,0.2975,0.3011,0.2693,0.2883,3.38
2017-12-09,BNBUSDT,0.2883,0.3023,0.2662,0.2815,2.67
2017-12-10,BNBUSDT,0.2815,0.339,0.2815,0.3106,3.78
2017-12-11,BNBUSDT,0.3106,0.3221,0.2972,0.3016,2.06
2017-12-12,BNBUSDT,0.3016,0.3328,0.3016,0.3264,3.86
2017-12-13,BNBUSDT,0.3264,0.3501,0.3093,0.3206,0.79
2017-12-14,BNBUSDT,0.3206,0.3206,0.3019,0.3147,0.96
2017-12-15,BNBUSDT,0.3147,0.4233,0.3147,0.3489,5.89
2017-12-16,BNBUSDT,0.3489,0.3489,0.2976,0.3216,2.13
2017-12-17,BNBUSDT,0.3216,0.3568,0.2989,0.3275,0.8
2017-12-18,BNBUSDT,0.3275,0.3275,0.2689,0.2824,2.59
2017-12-19,BNBUSDT,0.2824,0.2997,0.2824,0.2951,2.76
2017-12-20,BNBUSDT,0.2951,0.3562,0.2951,0.3266,4.28
2017-12-21,BNBUSDT,0.3266,0.3568,0.3261,0.3332,0.82
2017-12-22,BNBUSDT,0.3332,0.3349,0.3213,0.3315,1.26
2017-12-23,BNBUSDT,0.3315,0.3315,0.3105,0.3114,3.58
2017-12-24,BNBUSDT,0.3114,0.3615,0.3114,0.3417,1.77
2017-12-25,BNBUSDT,0.3417,0.3417,0.3127,0.3277,1.99
2017-12-26,BNBUSDT,0.3277,0.3277,0.3145,0.3162,1.87
2017-12-27,BNBUSDT,0.3162,0.3658,0.3162,0.3508,2.1
2017-12-28,BNBUSDT,0.3508,0.3508,0.2654,0.2799,3.29
2017-12-29,BNBUSDT,0.2799,0.2993,0.2653,0.2929,5.32
2017-12-30,BNBUSDT,0.2929,0.342,0.2929,0.3248,4.65
2017-12-31,BNBUSDT,0.3248,0.3248,0.2984,0.3078,1.25
2018-01-01,BNBUSDT,0.3078,0.3078,0.2841,0.2925,4.35
2018-01-02,BNBUSDT,0.2925,0.3062,0.2832,0.2948,0.47
2018-01-03,BNBUSDT,0.2948,0.2948,0.2642,0.266,9.62
2018-01-04,BNBUSDT,0.266,0.2697,0.2442,0.2614,1.06
2018-01-05,BNBUSDT,0.2614,0.2799,0.2603,0.2628,2.42
2018-01-06,BNBUSDT,0.2628,0.2908,0.2628,0.2887,5.68
2018-01-07,BNBUSDT,0.2887,0.3021,0.281,0.2888,1.01
2018-01-08,BNBUSDT,0.2888,0.3225,0.2888,0.3148,2.01
2018-01-09,BNBUSDT,0.3148,0.3194,0.3011,0.3107,2.21
2018-01-10,BNBUSDT,0.3107,0.3282,0.2988,0.3198,1.62
2018-01-11,BNBUSDT,0.3198,0.3307,0.3057,0.3131,1.14
2018-01-12,BNBUSDT,0.3131,0.3422,0.3131,0.3409,3.22
2018-01-13,BNBUSDT,0.3409,0.377,0.3409,0.357,2.33
2018-01-14,BNBUSDT,0.357,0.357,0.3289,0.3397,1.03
2018-01-15,BNBUSDT,0.3397,0.347,0.3211,0.3274,1.97
2018-01-16,BNBUSDT,0.3274,0.3404,0.3152,0.3218,1.57
2018-01-17,BNBUSDT,0.3218,0.3218,0.2841,0.3069,2.28
2018-01-18,BNBUSDT,0.3069,0.3325,0.3069,0.3264,3.49
2018-01-19,BNBUSDT,0.3264,0.4154,0.3264,0.3978,5.76
2018-01-20,BNBUSDT,0.3978,0.3978,0.3805,0.3966,1.7
2018-01-21,BNBUSDT,0.3966,0.3997,0.3784,0.3901,0.85
2018-01-22,BNBUSDT,0.3901,0.4119,0.379,0.3962,1.01
2018-01-23,BNBUSDT,0.3962,0.4349,0.3962,0.4074,0.77
2018-01-24,BNBUSDT,0.4074,0.4189,0.407,0.4159,1.86
2018-01-25,BNBUSDT,0.4159,0.4186,0.3893,0.4109,0.68
2018-01-26,BNBUSDT,0.4109,0.4403,0.3791,0.4203,0.61
2018-01-27,BNBUSDT,0.4203,0.4203,0.3262,0.3753,6.41
2018-01-28,BNBUSDT,0.3753,0.3753,0.3305,0.3434,2.07
2018-01-29,BNBUSDT,0.3434,0.4044,0.3434,0.374,1.03
2018-01-30,BNBUSDT,0.374,0.374,0.3376,0.3581,2.01
2018-01-31,BNBUSDT,0.3581,0.3581,0.3088,0.3223,2.99
2018-02-01,BNBUSDT,0.3223,0.3801,0.3223,0.3592,2.62
2018-02-02,BNBUSDT,0.3592,0.3957,0.3592,0.3735,5.97
2018-02-03,BNBUSDT,0.3735,0.3735,0.3492,0.3541,2.33
2018-02-04,BNBUSDT,0.3541,0.4022,0.3541,0.3807,1.83
2018-02-05,BNBUSDT,0.3807,0.3915,0.3653,0.3813,1.33
2018-02-06,BNBUSDT,0.3813,0.3813,0.1981,0.2026,15.56
2018-02-07,BNBUSDT,0.2026,0.2136,0.192,0.1966,5.67
2018-02-08,BNBUSDT,0.1966,0.21,0.1966,0.2067,7.21
2018-02-09,BNBUSDT,0.2067,0.2125,0.193,0.2051,4.34
2018-02-10,BNBUSDT,0.2051,0.2091,0.196,0.1973,4.55
2018-02-11,BNBUSDT,0.1973,0.2111,0.1963,0.2031,4.74
2018-02-12,BNBUSDT,0.2031,0.2031,0.1575,0.1785,7.54
2018-02-13,BNBUSDT,0.1785,0.1895,0.1785,0.1874,5.44
2018-02-14,BNBUSDT,0.1874,0.1941,0.1866,0.191,7.74
2018-02-15,BNBUSDT,0.191,0.2072,0.1879,0.1937,2.13
2018-02-16,BNBUSDT,0.1937,0.1945,0.1772,0.1885,2.81
2018-02-17,BNBUSDT,0.1885,0.2001,0.1856,0.1899,3.81
2018-02-18,BNBUSDT,0.1899,0.2196,0.1899,0.2125,5.29
2018-02-19,BNBUSDT,0.2125,0.231,0.2109,0.2201,4.12
2018-02-20,BNBUSDT,0.2201,0.2201,0.2026,0.2092,2.79
2018-02-21,BNBUSDT,0.2092,0.2498,0.2092,0.235,8.24
2018-02-22,BNBUSDT,0.235,0.2862,0.235,0.2697,5.75
2018-02-23,BNBUSDT,0.2697,0.2858,0.2697,0.2794,3.78
2018-02-24,BNBUSDT,0.2794,0.3036,0.2794,0.3033,3.56
2018-02-25,BNBUSDT,0.3033,0.3107,0.2932,0.2974,4.14
2018-02-26,BNBUSDT,0.2974,0.3832,0.2974,0.3547,9.36
2018-02-27,BNBUSDT,0.3547,0.3547,0.3209,0.3357,2.91
2018-02-28,BNBUSDT,0.3357,0.3748,0.3357,0.3457,1.52
2018-03-01,BNBUSDT,0.3457,0.3669,0.3226,0.3442,1.5
2018-03-02,BNBUSDT,0.3442,0.3442,0.2925,0.3038,11.27
2018-03-03,BNBUSDT,0.3038,0.3565,0.3038,0.3495,5.2
2018-03-04,BNBUSDT,0.3495,0.3495,0.3129,0.328,1.9
2018-03-05,BNBUSDT,0.328,0.3378,0.3089,0.3213,4.97
2018-03-06,BNBUSDT,0.3213,0.3213,0.2986,0.3021,1.56
2018-03-07,BNBUSDT,0.3021,0.3164,0.2894,0.2914,1.85
2018-03-08,BNBUSDT,0.2914,0.3207,0.286,0.3107,12.14
2018-03-09,BNBUSDT,0.3107,0.3107,0.2951,0.2955,4.6
2018-03-10,BNBUSDT,0.2955,0.3216,0.2955,0.3037,0.88
2018-03-11,BNBUSDT,0.3037,0.331,0.3009,0.3202,2.75
2018-03-12,BNBUSDT,0.3202,0.3495,0.2968,0.3319,2.46
2018-03-13,BNBUSDT,0.3319,0.3667,0.3319,0.3535,2.5
2018-03-14,BNBUSDT,0.3535,0.3666,0.3497,0.3635,4.66
2018-03-15,BNBUSDT,0.3635,0.3732,0.3442,0.3713,2.5
2018-03-16,BNBUSDT,0.3713,0.3758,0.3523,0.3612,3.08
2018-03-17,BNBUSDT,0.3612,0.3657,0.3362,0.3521,2.95
2018-03-18,BNBUSDT,0.3521,0.3564,0.3275,0.3453,1.96
2018-03-19,BNBUSDT,0.3453,0.3574,0.3344,0.3571,4.97
2018-03-20,BNBUSDT,0.3571,0.4041,0.3519,0.3782,2.67
2018-03-21,BNBUSDT,0.3782,0.4225,0.3782,0.4004,1.66
2018-03-22,BNBUSDT,0.4004,0.4342,0.4004,0.4129,2.3
2018-03-23,BNBUSDT,0.4129,0.4262,0.4127,0.4226,1.37
2018-03-24,BNBUSDT,0.4226,0.4898,0.4226,0.4649,2.44
2018-03-25,BNBUSDT,0.4649,0.4649,0.4217,0.4505,2.39
2018-03-26,BNBUSDT,0.4505,0.4902,0.4213,0.4521,1.91
2018-03-27,BNBUSDT,0.4521,0.4693,0.4446,0.4457,2.37
2018-03-28,BNBUSDT,0.4457,0.4667,0.4364,0.4561,5.37
2018-03-29,BNBUSDT,0.4561,0.531,0.4561,0.5122,4.92
2018-03-30,BNBUSDT,0.5122,0.5122,0.4411,0.456,2.98
2018-03-31,BNBUSDT,0.456,0.456,0.4151,0.4485,2.16
2018-04-01,BNBUSDT,0.4485,0.5209,0.4418,0.5093,6.7
2018-04-02,BNBUSDT,0.5093,0.5093,0.428,0.4654,2.42
2018-04-03,BNBUSDT,0.4654,0.5104,0.4654,0.4851,1.26
2018-04-04,BNBUSDT,0.4851,0.4897,0.4607,0.4721,0.97
2018-04-05,BNBUSDT,0.4721,0.5262,0.4516,0.4921,4.19
2018-04-06,BNBUSDT,0.4921,0.4921,0.4824,0.4825,3.4
2018-04-07,BNBUSDT,0.4825,0.5241,0.4825,0.5009,1.44
2018-04-08,BNBUSDT,0.5009,0.5009,0.4701,0.4744,2.34
2018-04-09,BNBUSDT,0.4744,0.4851,0.468,0.485,2.29
2018-04-10,BNBUSDT,0.485,0.5948,0.485,0.555,2.41
2018-04-11,BNBUSDT,0.555,0.6077,0.5364,0.559,0.6
2018-04-12,BNBUSDT,0.559,0.6086,0.559,0.5935,2.82
2018-04-13,BNBUSDT,0.5935,0.6658,0.5935,0.6242,1.48
2018-04-14,BNBUSDT,0.6242,0.6796,0.5986,0.6009,1.63
2018-04-15,BNBUSDT,0.6009,0.7614,0.6009,0.7134,4.85
2018-04-16,BNBUSDT,0.7134,0.7674,0.6867,0.7369,0.88
2018-04-17,BNBUSDT,0.7369,0.7369,0.6002,0.6599,2.05
2018-04-18,BNBUSDT,0.6599,0.694,0.6104,0.6543,0.79
2018-04-19,BNBUSDT,0.6543,0.6543,0.5457,0.5591,4.13
2018-04-20,BNBUSDT,0.5591,0.6069,0.5591,0.6021,2.08
2018-04-21,BNBUSDT,0.6021,0.668,0.6021,0.6474,2.56
2018-04-22,BNBUSDT,0.6474,0.6474,0.605,0.6204,1.82
2018-04-23,BNBUSDT,0.6204,0.6284,0.5767,0.5959,1.66
2018-04-24,BNBUSDT,0.5959,0.6139,0.5752,0.6102,1.08
2018-04-25,BNBUSDT,0.6102,0.6102,0.5709,0.6037,1.32
2018-04-26,BNBUSDT,0.6037,0.6037,0.4758,0.5262,2.56
2018-04-27,BNBUSDT,0.5262,0.5284,0.4608,0.5249,0.63
2018-04-28,BNBUSDT,0.5249,0.5417,0.4819,0.5206,0.7
2018-04-29,BNBUSDT,0.5206,0.5361,0.4984,0.5245,1.11
2018-04-30,BNBUSDT,0.5245,0.5907,0.5245,0.5328,1.25
2018-05-01,BNBUSDT,0.5328,0.5532,0.523,0.5294,1.05
2018-05-02,BNBUSDT,0.5294,0.6091,0.5162,0.5427,3.9
2018-05-03,BNBUSDT,0.5427,0.6078,0.5418,0.5649,1.36
2018-05-04,BNBUSDT,0.5649,0.5767,0.559,0.5745,1.35
2018-05-05,BNBUSDT,0.5745,0.5918,0.5521,0.5828,0.93
2018-05-06,BNBUSDT,0.5828,0.5828,0.5527,0.5544,1.11
2018-05-07,BNBUSDT,0.5544,0.6106,0.5408,0.5775,3.32
2018-05-08,BNBUSDT,0.5775,0.6,0.5775,0.5886,0.99
2018-05-09,BNBUSDT,0.5886,0.5903,0.5174,0.5505,1.1
2018-05-10,BNBUSDT,0.5505,0.6192,0.5505,0.6039,2.46
2018-05-11,BNBUSDT,0.6039,0.6727,0.6039,0.6714,2.66
2018-05-12,BNBUSDT,0.6714,0.6714,0.6026,0.6107,4.06
2018-05-13,BNBUSDT,0.6107,0.659,0.607,0.6382,1.7
2018-05-14,BNBUSDT,0.6382,0.6382,0.5624,0.604,5.76
2018-05-15,BNBUSDT,0.604,0.604,0.5611,0.5814,1.3
2018-05-16,BNBUSDT,0.5814,0.6132,0.5814,0.5932,1.61
2018-05-17,BNBUSDT,0.5932,0.6562,0.5932,0.6292,2.4
2018-05-18,BNBUSDT,0.6292,0.6292,0.5857,0.605,0.89
2018-05-19,BNBUSDT,0.605,0.6544,0.5416,0.5792,2.06
2018-05-20,BNBUSDT,0.5792,0.6006,0.5013,0.5539,0.84
2018-05-21,BNBUSDT,0.5539,0.6209,0.5539,0.6158,3.35
2018-05-22,BNBUSDT,0.6158,0.6158,0.5776,0.6049,1.46
2018-05-23,BNBUSDT,0.6049,0.62,0.5585,0.5937,1.21
2018-05-24,BNBUSDT,0.5937,0.6669,0.5937,0.6623,5.02
2018-05-25,BNBUSDT,0.6623,0.7076,0.6623,0.6807,0.88
2018-05-26,BNBUSDT,0.6807,0.7044,0.6283,0.6575,0.59
2018-05-27,BNBUSDT,0.6575,0.6575,0.5812,0.5909,1.45
2018-05-28,BNBUSDT,0.5909,0.6473,0.5654,0.5723,0.74
2018-05-29,BNBUSDT,0.5723,0.6395,0.5723,0.6329,1.66
2018-05-30,BNBUSDT,0.6329,0.6933,0.6329,0.6503,2.51
2018-05-31,BNBUSDT,0.6503,0.6503,0.5818,0.6036,1.56
2018-06-01,BNBUSDT,0.6036,0.6036,0.5751,0.5753,1.17
2018-06-02,BNBUSDT,0.5753,0.6267,0.5207,0.5585,2.17
2018-06-03,BNBUSDT,0.5585,0.6091,0.5411,0.5551,1.2
2018-06-04,BNBUSDT,0.5551,0.6204,0.5551,0.5968,2.54
2018-06-05,BNBUSDT,0.5968,0.6042,0.5502,0.5765,1.53
2018-06-06,BNBUSDT,0.5765,0.6424,0.5493,0.6208,1.17
2018-06-07,BNBUSDT,0.6208,0.635,0.5785,0.608,0.93
2018-06-08,BNBUSDT,0.608,0.6103,0.5754,0.576,1.91
2018-06-09,BNBUSDT,0.576,0.576,0.4251,0.4311,19.06
2018-06-10,BNBUSDT,0.4311,0.4713,0.4311,0.4552,2.51
2018-06-11,BNBUSDT,0.4552,0.4971,0.4552,0.4924,1.82
2018-06-12,BNBUSDT,0.4924,0.4924,0.4401,0.4477,5.02
2018-06-13,BNBUSDT,0.4477,0.4776,0.4477,0.4715,2.12
2018-06-14,BNBUSDT,0.4715,0.4715,0.4202,0.4232,3.89
2018-06-15,BNBUSDT,0.4232,0.4232,0.3623,0.3763,4.15
2018-06-16,BNBUSDT,0.3763,0.4119,0.3763,0.3841,2.12
2018-06-17,BNBUSDT,0.3841,0.4143,0.3781,0.4081,4.69
2018-06-18,BNBUSDT,0.4081,0.4117,0.3813,0.3946,2.57
2018-06-19,BNBUSDT,0.3946,0.4173,0.3885,0.4057,9.96
2018-06-20,BNBUSDT,0.4057,0.4677,0.4057,0.4467,2.09
2018-06-21,BNBUSDT,0.4467,0.4472,0.4385,0.4439,1.57
2018-06-22,BNBUSDT,0.4439,0.4847,0.4439,0.4554,3.79
2018-06-23,BNBUSDT,0.4554,0.4576,0.4138,0.4223,0.74
2018-06-24,BNBUSDT,0.4223,0.4462,0.4051,0.4091,0.77
2018-06-25,BNBUSDT,0.4091,0.4091,0.3918,0.3925,3.38
2018-06-26,BNBUSDT,0.3925,0.4134,0.369,0.3857,4.52
2018-06-27,BNBUSDT,0.3857,0.4356,0.3857,0.4152,2.46
2018-06-28,BNBUSDT,0.4152,0.4594,0.4075,0.4342,1.01
2018-06-29,BNBUSDT,0.4342,0.4728,0.4298,0.4417,2.01
2018-06-30,BNBUSDT,0.4417,0.4669,0.4316,0.4353,1.89
2018-07-01,BNBUSDT,0.4353,0.4353,0.2174,0.2195,13.13
2018-07-02,BNBUSDT,0.2195,0.2597,0.2134,0.2279,5.04
2018-07-03,BNBUSDT,0.2279,0.2492,0.2279,0.241,6.16
2018-07-04,BNBUSDT,0.241,0.241,0.2275,0.2284,4.82
2018-07-05,BNBUSDT,0.2284,0.2284,0.2027,0.2104,17.02
2018-07-06,BNBUSDT,0.2104,0.2104,0.1776,0.1836,9.67
2018-07-07,BNBUSDT,0.1836,0.1836,0.1693,0.1779,4.02
2018-07-08,BNBUSDT,0.1779,0.1943,0.1779,0.1942,10.23
2018-07-09,BNBUSDT,0.1942,0.2076,0.1941,0.1988,9.68
2018-07-10,BNBUSDT,0.1988,0.2132,0.1974,0.2053,7.55
2018-07-11,BNBUSDT,0.2053,0.2053,0.182,0.1844,7.73
2018-07-12,BNBUSDT,0.1844,0.212,0.1844,0.1954,14.59
2018-07-13,BNBUSDT,0.1954,0.1966,0.1778,0.1863,8.46
2018-07-14,BNBUSDT,0.1863,0.2125,0.1863,0.1905,3.06
2018-07-15,BNBUSDT,0.1905,0.1906,0.1694,0.1822,4.79
2018-07-16,BNBUSDT,0.1822,0.1903,0.1822,0.189,2.73
2018-07-17,BNBUSDT,0.189,0.2056,0.189,0.1952,3.98
2018-07-18,BNBUSDT,0.1952,0.2064,0.1785,0.1954,5.16
2018-07-19,BNBUSDT,0.1954,0.1954,0.1762,0.185,7.34
2018-07-20,BNBUSDT,0.185,0.1944,0.185,0.1925,4.89
2018-07-21,BNBUSDT,0.1925,0.1925,0.1752,0.1798,9.51
2018-07-22,BNBUSDT,0.1798,0.1831,0.1677,0.1755,3.24
2018-07-23,BNBUSDT,0.1755,0.1755,0.1634,0.1676,7.25
2018-07-24,BNBUSDT,0.1676,0.1756,0.1676,0.1716,6.73
2018-07-25,BNBUSDT,0.1716,0.1815,0.1707,0.1804,3.8
2018-07-26,BNBUSDT,0.1804,0.1804,0.1741,0.1748,7.61
2018-07-27,BNBUSDT,0.1748,0.1748,0.1599,0.1616,10.6
2018-07-28,BNBUSDT,0.1616,0.1616,0.1389,0.1522,4.99
2018-07-29,BNBUSDT,0.1522,0.1735,0.1522,0.1561,4.58
2018-07-30,BNBUSDT,0.1561,0.1606,0.1434,0.154,3.02
2018-07-31,BNBUSDT,0.154,0.1546,0.1456,0.1484,7.42
2018-08-01,BNBUSDT,0.1484,0.1592,0.1482,0.1578,9.32
2018-08-02,BNBUSDT,0.1578,0.1803,0.1548,0.164,5.35
2018-08-03,BNBUSDT,0.164,0.164,0.1476,0.1544,3.21
2018-08-04,BNBUSDT,0.1544,0.1594,0.1484,0.1492,8.23
2018-08-05,BNBUSDT,0.1492,0.1569,0.1452,0.1552,4.0
2018-08-06,BNBUSDT,0.1552,0.1591,0.143,0.1474,3.11
2018-08-07,BNBUSDT,0.1474,0.1628,0.1448,0.1521,6.53
2018-08-08,BNBUSDT,0.1521,0.1617,0.1435,0.1547,4.12
2018-08-09,BNBUSDT,0.1547,0.1547,0.1448,0.1474,11.07
2018-08-10,BNBUSDT,0.1474,0.1474,0.1303,0.1359,11.89
2018-08-11,BNBUSDT,0.1359,0.1479,0.1359,0.1421,8.34
2018-08-12,BNBUSDT,0.1421,0.1652,0.1421,0.1606,6.99
2018-08-13,BNBUSDT,0.1606,0.162,0.1504,0.1562,7.0
2018-08-14,BNBUSDT,0.1562,0.1595,0.1451,0.1477,13.57
2018-08-15,BNBUSDT,0.1477,0.154,0.1401,0.1444,3.58
2018-08-16,BNBUSDT,0.1444,0.1447,0.1336,0.1433,7.58
2018-08-17,BNBUSDT,0.1433,0.1619,0.1358,0.1514,12.72
2018-08-18,BNBUSDT,0.1514,0.1514,0.1324,0.1353,24.82
2018-08-19,BNBUSDT,0.1353,0.1353,0.1112,0.1266,9.46
2018-08-20,BNBUSDT,0.1266,0.1427,0.1241,0.1335,12.93
2018-08-21,BNBUSDT,0.1335,0.1394,0.1226,0.1306,5.48
2018-08-22,BNBUSDT,0.1306,0.1306,0.1078,0.1098,15.98
2018-08-23,BNBUSDT,0.1098,0.1169,0.1062,0.1128,5.82
2018-08-24,BNBUSDT,0.1128,0.1215,0.1128,0.1177,4.25
2018-08-25,BNBUSDT,0.1177,0.1262,0.1177,0.1231,13.95
2018-08-26,BNBUSDT,0.1231,0.1302,0.1213,0.1277,9.36
2018-08-27,BNBUSDT,0.1277,0.1277,0.1071,0.1149,26.34
2018-08-28,BNBUSDT,0.1149,0.1149,0.0971,0.0988,14.14
2018-08-29,BNBUSDT,0.0988,0.1012,0.086,0.0935,15.75
2018-08-30,BNBUSDT,0.0935,0.1015,0.0918,0.0924,1.63
2018-08-31,BNBUSDT,0.0924,0.1048,0.0924,0.1018,16.81
2018-09-01,BNBUSDT,0.1018,0.1091,0.1018,0.1074,7.74
2018-09-02,BNBUSDT,0.1074,0.1183,0.1074,0.1107,21.21
2018-09-03,BNBUSDT,0.1107,0.1107,0.103,0.1044,6.44
2018-09-04,BNBUSDT,0.1044,0.115,0.1044,0.1092,4.42
2018-09-05,BNBUSDT,0.1092,0.12,0.1045,0.1154,5.18
2018-09-06,BNBUSDT,0.1154,0.1154,0.0953,0.0978,27.69
2018-09-07,BNBUSDT,0.0978,0.1052,0.0978,0.1036,8.07
2018-09-08,BNBUSDT,0.1036,0.1057,0.094,0.0982,15.77
2018-09-09,BNBUSDT,0.0982,0.1094,0.0982,0.1067,28.93
2018-09-10,BNBUSDT,0.1067,0.1134,0.1017,0.1076,7.16
2018-09-11,BNBUSDT,0.1076,0.1192,0.1017,0.1111,6.88
2018-09-12,BNBUSDT,0.1111,0.1167,0.1111,0.1134,4.82
2018-09-13,BNBUSDT,0.1134,0.1193,0.1057,0.1136,4.85
2018-09-14,BNBUSDT,0.1136,0.12,0.1128,0.1187,4.93
2018-09-15,BNBUSDT,0.1187,0.1187,0.1134,0.1135,5.53
2018-09-16,BNBUSDT,0.1135,0.1268,0.1135,0.1263,6.63
2018-09-17,BNBUSDT,0.1263,0.1263,0.1148,0.1162,14.02
2018-09-18,BNBUSDT,0.1162,0.1206,0.1162,0.1198,7.01
2018-09-19,BNBUSDT,0.1198,0.1198,0.1084,0.11,6.31
2018-09-20,BNBUSDT,0.11,0.1203,0.11,0.118,9.02
2018-09-21,BNBUSDT,0.118,0.1207,0.0992,0.1132,4.08
2018-09-22,BNBUSDT,0.1132,0.1192,0.1132,0.1163,6.42
2018-09-23,BNBUSDT,0.1163,0.1175,0.1122,0.1146,6.27
2018-09-24,BNBUSDT,0.1146,0.1156,0.1135,0.1152,6.19
2018-09-25,BNBUSDT,0.1152,0.1205,0.1146,0.1147,10.96
2018-09-26,BNBUSDT,0.1147,0.1314,0.1147,0.125,25.82
2018-09-27,BNBUSDT,0.125,0.125,0.0996,0.1041,47.4
2018-09-28,BNBUSDT,0.1041,0.1166,0.1041,0.1119,26.51
2018-09-29,BNBUSDT,0.1119,0.1267,0.1119,0.1219,21.29
2018-09-30,BNBUSDT,0.1219,0.1219,0.113,0.1138,14.75
2018-10-01,BNBUSDT,0.1138,0.1278,0.1138,0.1231,11.04
2018-10-02,BNBUSDT,0.1231,0.1231,0.1052,0.1086,8.74
2018-10-03,BNBUSDT,0.1086,0.1086,0.096,0.0999,12.23
2018-10-04,BNBUSDT,0.0999,0.1044,0.0971,0.1026,11.28
2018-10-05,BNBUSDT,0.1026,0.1026,0.0963,0.0983,11.96
2018-10-06,BNBUSDT,0.0983,0.1002,0.0946,0.0997,6.09
2018-10-07,BNBUSDT,0.0997,0.1041,0.0964,0.103,5.85
2018-10-08,BNBUSDT,0.103,0.1095,0.103,0.1074,9.52
2018-10-09,BNBUSDT,0.1074,0.1165,0.1033,0.1117,6.12
2018-10-10,BNBUSDT,0.1117,0.1117,0.1075,0.1101,3.97
2018-10-11,BNBUSDT,0.1101,0.1112,0.1017,0.1088,5.05
2018-10-12,BNBUSDT,0.1088,0.1246,0.108,0.1179,9.16
2018-10-13,BNBUSDT,0.1179,0.1201,0.1073,0.1199,15.7
2018-10-14,BNBUSDT,0.1199,0.1269,0.1196,0.1232,9.26
2018-10-15,BNBUSDT,0.1232,0.1253,0.1134,0.1196,10.07
2018-10-16,BNBUSDT,0.1196,0.126,0.1196,0.1229,4.96
2018-10-17,BNBUSDT,0.1229,0.1265,0.1169,0.1183,4.21
2018-10-18,BNBUSDT,0.1183,0.1183,0.1072,0.1082,11.62
2018-10-19,BNBUSDT,0.1082,0.1121,0.106,0.1092,7.34
2018-10-20,BNBUSDT,0.1092,0.118,0.1037,0.1132,6.5
2018-10-21,BNBUSDT,0.1132,0.1206,0.1054,0.1127,8.15
2018-10-22,BNBUSDT,0.1127,0.1157,0.1101,0.113,14.35
2018-10-23,BNBUSDT,0.113,0.113,0.101,0.1063,12.29
2018-10-24,BNBUSDT,0.1063,0.1102,0.1002,0.1033,5.79
2018-10-25,BNBUSDT,0.1033,0.1038,0.0979,0.1014,12.26
2018-10-26,BNBUSDT,0.1014,0.1014,0.0933,0.0969,8.84
2018-10-27,BNBUSDT,0.0969,0.1025,0.0969,0.102,6.4
2018-10-28,BNBUSDT,0.102,0.1066,0.102,0.1022,6.4
2018-10-29,BNBUSDT,0.1022,0.1022,0.0931,0.0964,10.95
2018-10-30,BNBUSDT,0.0964,0.1105,0.0964,0.1003,4.11
2018-10-31,BNBUSDT,0.1003,0.1003,0.0878,0.0899,9.38
2018-11-01,BNBUSDT,0.0899,0.1021,0.0868,0.0926,12.39
2018-11-02,BNBUSDT,0.0926,0.1002,0.0926,0.094,14.76
2018-11-03,BNBUSDT,0.094,0.0988,0.0915,0.0961,5.53
2018-11-04,BNBUSDT,0.0961,0.0961,0.0897,0.0924,10.79
2018-11-05,BNBUSDT,0.0924,0.1075,0.0924,0.0985,6.64
2018-11-06,BNBUSDT,0.0985,0.1007,0.0871,0.0963,8.6
2018-11-07,BNBUSDT,0.0963,0.1032,0.095,0.0963,5.05
2018-11-08,BNBUSDT,0.0963,0.1105,0.0963,0.1054,18.24
2018-11-09,BNBUSDT,0.1054,0.1092,0.0957,0.0996,10.44
2018-11-10,BNBUSDT,0.0996,0.0996,0.0901,0.0929,10.02
2018-11-11,BNBUSDT,0.0929,0.0929,0.0863,0.0892,9.26
2018-11-12,BNBUSDT,0.0892,0.0924,0.0798,0.0889,13.26
2018-11-13,BNBUSDT,0.0889,0.0905,0.084,0.0844,7.27
2018-11-14,BNBUSDT,0.0844,0.0849,0.0825,0.0836,4.68
2018-11-15,BNBUSDT,0.0836,0.111,0.0836,0.1086,13.88
2018-11-16,BNBUSDT,0.1086,0.1086,0.1021,0.1024,9.63
2018-11-17,BNBUSDT,0.1024,0.1088,0.1024,0.1066,7.04
2018-11-18,BNBUSDT,0.1066,0.1082,0.104,0.1055,17.09
2018-11-19,BNBUSDT,0.1055,0.1055,0.0901,0.0941,19.21
2018-11-20,BNBUSDT,0.0941,0.114,0.0941,0.1086,33.37
2018-11-21,BNBUSDT,0.1086,0.1128,0.0994,0.101,11.67
2018-11-22,BNBUSDT,0.101,0.101,0.0937,0.0983,3.91
2018-11-23,BNBUSDT,0.0983,0.0993,0.0845,0.0904,4.36
2018-11-24,BNBUSDT,0.0904,0.0976,0.0904,0.0964,5.45
2018-11-25,BNBUSDT,0.0964,0.1031,0.0959,0.0968,2.9
2018-11-26,BNBUSDT,0.0968,0.0968,0.0873,0.0906,7.39
2018-11-27,BNBUSDT,0.0906,0.0936,0.0844,0.0928,3.61
2018-11-28,BNBUSDT,0.0928,0.0928,0.0897,0.0911,9.13
2018-11-29,BNBUSDT,0.0911,0.0911,0.0841,0.0865,8.3
2018-11-30,BNBUSDT,0.0865,0.1018,0.0865,0.0974,12.11
2018-12-01,BNBUSDT,0.0974,0.0974,0.0871,0.0926,15.28
2018-12-02,BNBUSDT,0.0926,0.0944,0.0866,0.0882,16.65
2018-12-03,BNBUSDT,0.0882,0.0921,0.0882,0.0921,6.22
2018-12-04,BNBUSDT,0.0921,0.0921,0.0834,0.0846,11.22
2018-12-05,BNBUSDT,0.0846,0.0859,0.0724,0.0844,6.47
2018-12-06,BNBUSDT,0.0844,0.087,0.0782,0.0837,8.18
2018-12-07,BNBUSDT,0.0837,0.0872,0.0837,0.0862,7.64
2018-12-08,BNBUSDT,0.0862,0.0862,0.0825,0.0845,8.67
2018-12-09,BNBUSDT,0.0845,0.0921,0.0845,0.0874,6.0
2018-12-10,BNBUSDT,0.0874,0.0991,0.0874,0.0942,5.87
2018-12-11,BNBUSDT,0.0942,0.1014,0.0942,0.0978,15.09
2018-12-12,BNBUSDT,0.0978,0.1031,0.0978,0.0997,11.76
2018-12-13,BNBUSDT,0.0997,0.1148,0.0997,0.1088,8.07
2018-12-14,BNBUSDT,0.1088,0.1183,0.1088,0.1124,20.73
2018-12-15,BNBUSDT,0.1124,0.1206,0.1124,0.1184,5.62
2018-12-16,BNBUSDT,0.1184,0.1333,0.1184,0.1324,10.92
2018-12-17,BNBUSDT,0.1324,0.1348,0.1263,0.1282,3.15
2018-12-18,BNBUSDT,0.1282,0.1332,0.1276,0.1311,8.36
2018-12-19,BNBUSDT,0.1311,0.1508,0.1311,0.1418,10.82
2018-12-20,BNBUSDT,0.1418,0.1535,0.1356,0.1415,6.7
2018-12-21,BNBUSDT,0.1415,0.1415,0.1262,0.1292,4.4
2018-12-22,BNBUSDT,0.1292,0.1529,0.1292,0.1471,22.85
2018-12-23,BNBUSDT,0.1471,0.1702,0.1471,0.1574,5.86
2018-12-24,BNBUSDT,0.1574,0.1574,0.1466,0.1491,11.43
2018-12-25,BNBUSDT,0.1491,0.1551,0.1461,0.15,3.53
2018-12-26,BNBUSDT,0.15,0.15,0.1296,0.1317,12.34
2018-12-27,BNBUSDT,0.1317,0.1446,0.1317,0.1361,12.24
2018-12-28,BNBUSDT,0.1361,0.1512,0.1361,0.1506,11.66
2018-12-29,BNBUSDT,0.1506,0.1662,0.1506,0.1658,7.99
2018-12-30,BNBUSDT,0.1658,0.1858,0.1658,0.1768,7.34
2018-12-31,BNBUSDT,0.1768,0.1871,0.1768,0.1855,11.75
2019-01-01,BNBUSDT,0.1855,0.1855,0.1206,0.1295,55.76
2019-01-02,BNBUSDT,0.1295,0.1418,0.1295,0.1338,9.01
2019-01-03,BNBUSDT,0.1338,0.1338,0.1217,0.1281,8.85
2019-01-04,BNBUSDT,0.1281,0.1342,0.1278,0.1296,5.98
2019-01-05,BNBUSDT,0.1296,0.1344,0.1246,0.1332,5.71
2019-01-06,BNBUSDT,0.1332,0.1379,0.1221,0.1323,10.8
2019-01-07,BNBUSDT,0.1323,0.1523,0.1323,0.1505,33.93
2019-01-08,BNBUSDT,0.1505,0.1588,0.1505,0.1557,3.49
2019-01-09,BNBUSDT,0.1557,0.1696,0.1557,0.1668,14.74
2019-01-10,BNBUSDT,0.1668,0.1823,0.1668,0.1729,17.15
2019-01-11,BNBUSDT,0.1729,0.1936,0.1729,0.1921,23.04
2019-01-12,BNBUSDT,0.1921,0.2125,0.1921,0.2078,11.09
2019-01-13,BNBUSDT,0.2078,0.2087,0.2033,0.2058,5.3
2019-01-14,BNBUSDT,0.2058,0.2058,0.1879,0.1922,10.58
2019-01-15,BNBUSDT,0.1922,0.1922,0.1809,0.181,6.18
2019-01-16,BNBUSDT,0.181,0.1817,0.1809,0.1814,5.8
2019-01-17,BNBUSDT,0.1814,0.1848,0.1695,0.1797,10.28
2019-01-18,BNBUSDT,0.1797,0.1827,0.1789,0.1803,5.86
2019-01-19,BNBUSDT,0.1803,0.1864,0.1803,0.1863,6.17
2019-01-20,BNBUSDT,0.1863,0.1863,0.173,0.1782,24.7
2019-01-21,BNBUSDT,0.1782,0.1782,0.1687,0.1736,5.32
2019-01-22,BNBUSDT,0.1736,0.2026,0.1736,0.1817,16.79
2019-01-23,BNBUSDT,0.1817,0.2208,0.1817,0.2021,22.8
2019-01-24,BNBUSDT,0.2021,0.2163,0.2021,0.2156,20.77
2019-01-25,BNBUSDT,0.2156,0.2402,0.2156,0.2339,21.18
2019-01-26,BNBUSDT,0.2339,0.2582,0.2315,0.2429,8.38
2019-01-27,BNBUSDT,0.2429,0.2463,0.2343,0.2438,5.07
2019-01-28,BNBUSDT,0.2438,0.2597,0.2438,0.2484,16.06
2019-01-29,BNBUSDT,0.2484,0.2484,0.2329,0.2355,30.41
2019-01-30,BNBUSDT,0.2355,0.2421,0.225,0.2339,2.6
2019-01-31,BNBUSDT,0.2339,0.2339,0.2119,0.2237,22.35
2019-02-01,BNBUSDT,0.2237,0.2497,0.2237,0.2437,8.64
2019-02-02,BNBUSDT,0.2437,0.2485,0.2406,0.2413,2.35
2019-02-03,BNBUSDT,0.2413,0.2413,0.1963,0.226,14.0
2019-02-04,BNBUSDT,0.226,0.2527,0.226,0.2465,9.06
2019-02-05,BNBUSDT,0.2465,0.247,0.2157,0.2453,8.65
2019-02-06,BNBUSDT,0.2453,0.2461,0.2427,0.2432,5.8
2019-02-07,BNBUSDT,0.2432,0.2434,0.2375,0.2378,6.85
2019-02-08,BNBUSDT,0.2378,0.2406,0.2054,0.2178,9.32
2019-02-09,BNBUSDT,0.2178,0.2349,0.2178,0.2311,13.72
2019-02-10,BNBUSDT,0.2311,0.2612,0.2311,0.2368,5.47
2019-02-11,BNBUSDT,0.2368,0.272,0.2368,0.2683,17.3
2019-02-12,BNBUSDT,0.2683,0.2702,0.2532,0.2626,13.01
2019-02-13,BNBUSDT,0.2626,0.277,0.2626,0.2711,8.2
2019-02-14,BNBUSDT,0.2711,0.274,0.2653,0.2668,10.77
2019-02-15,BNBUSDT,0.2668,0.2926,0.2602,0.2652,7.13
2019-02-16,BNBUSDT,0.2652,0.2652,0.2447,0.2464,4.28
2019-02-17,BNBUSDT,0.2464,0.2551,0.2286,0.2499,5.77
2019-02-18,BNBUSDT,0.2499,0.2499,0.2362,0.2364,6.22
2019-02-19,BNBUSDT,0.2364,0.2459,0.2359,0.2385,4.77
2019-02-20,BNBUSDT,0.2385,0.2385,0.2089,0.2194,22.4
2019-02-21,BNBUSDT,0.2194,0.2194,0.1878,0.2041,7.2
2019-02-22,BNBUSDT,0.2041,0.2261,0.2041,0.2224,11.68
2019-02-23,BNBUSDT,0.2224,0.2224,0.2037,0.213,9.89
2019-02-24,BNBUSDT,0.213,0.2255,0.1951,0.2089,11.59
2019-02-25,BNBUSDT,0.2089,0.2324,0.2089,0.2219,8.95
2019-02-26,BNBUSDT,0.2219,0.2282,0.2214,0.2228,6.01
2019-02-27,BNBUSDT,0.2228,0.239,0.2044,0.2255,8.47
2019-02-28,BNBUSDT,0.2255,0.2351,0.2201,0.226,6.03
2019-03-01,BNBUSDT,0.226,0.2651,0.226,0.2527,13.93
2019-03-02,BNBUSDT,0.2527,0.2527,0.2378,0.2476,7.88
2019-03-03,BNBUSDT,0.2476,0.2743,0.2462,0.2597,7.58
2019-03-04,BNBUSDT,0.2597,0.2819,0.2582,0.2613,6.26
2019-03-05,BNBUSDT,0.2613,0.2613,0.2399,0.2434,6.13
2019-03-06,BNBUSDT,0.2434,0.2596,0.2434,0.2557,16.51
2019-03-07,BNBUSDT,0.2557,0.2952,0.2557,0.2719,14.07
2019-03-08,BNBUSDT,0.2719,0.272,0.244,0.2633,6.74
2019-03-09,BNBUSDT,0.2633,0.2633,0.2455,0.2489,10.72
2019-03-10,BNBUSDT,0.2489,0.2593,0.2391,0.2511,4.29
2019-03-11,BNBUSDT,0.2511,0.2687,0.2351,0.2546,5.35
2019-03-12,BNBUSDT,0.2546,0.2546,0.2268,0.2298,6.9
2019-03-13,BNBUSDT,0.2298,0.2427,0.2298,0.2314,5.26
2019-03-14,BNBUSDT,0.2314,0.236,0.2163,0.2346,9.93
2019-03-15,BNBUSDT,0.2346,0.2346,0.2154,0.2161,7.44
2019-03-16,BNBUSDT,0.2161,0.2219,0.2103,0.2213,8.04
2019-03-17,BNBUSDT,0.2213,0.2485,0.2096,0.2223,5.9
2019-03-18,BNBUSDT,0.2223,0.2417,0.2223,0.2342,6.83
2019-03-19,BNBUSDT,0.2342,0.2575,0.2308,0.2425,7.27
2019-03-20,BNBUSDT,0.2425,0.2476,0.23,0.2445,10.09
2019-03-21,BNBUSDT,0.2445,0.2677,0.2445,0.2503,8.13
2019-03-22,BNBUSDT,0.2503,0.2691,0.243,0.2556,6.39
2019-03-23,BNBUSDT,0.2556,0.2666,0.2437,0.2531,14.21
2019-03-24,BNBUSDT,0.2531,0.2641,0.2382,0.2568,13.52
2019-03-25,BNBUSDT,0.2568,0.2663,0.2374,0.2595,8.43
2019-03-26,BNBUSDT,0.2595,0.2595,0.2471,0.2515,15.44
2019-03-27,BNBUSDT,0.2515,0.2578,0.2485,0.2535,3.26
2019-03-28,BNBUSDT,0.2535,0.2567,0.2439,0.2558,9.17
2019-03-29,BNBUSDT,0.2558,0.2702,0.2471,0.2488,12.09
2019-03-30,BNBUSDT,0.2488,0.2488,0.2334,0.2417,7.99
2019-03-31,BNBUSDT,0.2417,0.2417,0.2201,0.2204,17.6
2019-04-01,BNBUSDT,0.2204,0.226,0.214,0.2211,18.9
2019-04-02,BNBUSDT,0.2211,0.2636,0.2211,0.2625,18.09
2019-04-03,BNBUSDT,0.2625,0.3333,0.2625,0.3164,26.49
2019-04-04,BNBUSDT,0.3164,0.3164,0.3008,0.3039,4.48
2019-04-05,BNBUSDT,0.3039,0.3039,0.2895,0.2931,5.84
2019-04-06,BNBUSDT,0.2931,0.3132,0.2931,0.3113,7.87
2019-04-07,BNBUSDT,0.3113,0.3113,0.2638,0.2835,14.17
2019-04-08,BNBUSDT,0.2835,0.2835,0.2651,0.2724,5.3
2019-04-09,BNBUSDT,0.2724,0.3141,0.2724,0.2944,15.41
2019-04-10,BNBUSDT,0.2944,0.2944,0.2669,0.2768,4.86
2019-04-11,BNBUSDT,0.2768,0.2976,0.2573,0.2803,9.43
2019-04-12,BNBUSDT,0.2803,0.2809,0.272,0.2749,5.55
2019-04-13,BNBUSDT,0.2749,0.3137,0.2749,0.3028,6.62
2019-04-14,BNBUSDT,0.3028,0.3352,0.2948,0.3183,5.12
2019-04-15,BNBUSDT,0.3183,0.3649,0.3183,0.3482,6.76
2019-04-16,BNBUSDT,0.3482,0.361,0.3288,0.3428,4.26
2019-04-17,BNBUSDT,0.3428,0.3768,0.3307,0.3552,6.41
2019-04-18,BNBUSDT,0.3552,0.3552,0.2994,0.3355,16.86
2019-04-19,BNBUSDT,0.3355,0.3553,0.3283,0.3511,8.45
2019-04-20,BNBUSDT,0.3511,0.3545,0.3448,0.3462,6.47
2019-04-21,BNBUSDT,0.3462,0.3717,0.3349,0.3395,5.38
2019-04-22,BNBUSDT,0.3395,0.3836,0.3395,0.3745,14.88
2019-04-23,BNBUSDT,0.3745,0.3745,0.342,0.3515,2.99
2019-04-24,BNBUSDT,0.3515,0.4132,0.334,0.3667,10.59
2019-04-25,BNBUSDT,0.3667,0.4211,0.3667,0.4092,10.7
2019-04-26,BNBUSDT,0.4092,0.412,0.3875,0.389,10.04
2019-04-27,BNBUSDT,0.389,0.4506,0.389,0.4151,5.99
2019-04-28,BNBUSDT,0.4151,0.4208,0.3768,0.4099,3.36
2019-04-29,BNBUSDT,0.4099,0.4433,0.4099,0.4342,5.44
2019-04-30,BNBUSDT,0.4342,0.4387,0.412,0.4262,9.53
2019-05-01,BNBUSDT,0.4262,0.4538,0.4231,0.4524,7.13
2019-05-02,BNBUSDT,0.4524,0.4719,0.4524,0.4626,17.24
2019-05-03,BNBUSDT,0.4626,0.5168,0.4302,0.481,5.87
2019-05-04,BNBUSDT,0.481,0.4819,0.4427,0.4661,3.25
2019-05-05,BNBUSDT,0.4661,0.5342,0.4661,0.5111,9.24
2019-05-06,BNBUSDT,0.5111,0.5305,0.5011,0.5115,1.51
2019-05-07,BNBUSDT,0.5115,0.5344,0.4816,0.5145,1.67
2019-05-08,BNBUSDT,0.5145,0.5225,0.4892,0.5119,2.83
2019-05-09,BNBUSDT,0.5119,0.5914,0.5119,0.5682,7.02
2019-05-10,BNBUSDT,0.5682,0.5763,0.523,0.5589,4.12
2019-05-11,BNBUSDT,0.5589,0.6323,0.537,0.629,3.58
2019-05-12,BNBUSDT,0.629,0.6837,0.629,0.6419,3.59
2019-05-13,BNBUSDT,0.6419,0.6725,0.6419,0.656,4.13
2019-05-14,BNBUSDT,0.656,0.7272,0.6266,0.6721,2.54
2019-05-15,BNBUSDT,0.6721,0.793,0.6721,0.7525,11.87
2019-05-16,BNBUSDT,0.7525,0.7525,0.6837,0.7076,2.76
2019-05-17,BNBUSDT,0.7076,0.7187,0.6606,0.6946,1.55
2019-05-18,BNBUSDT,0.6946,0.7249,0.6946,0.7038,3.27
2019-05-19,BNBUSDT,0.7038,0.7225,0.7033,0.7136,6.18
2019-05-20,BNBUSDT,0.7136,0.7136,0.629,0.6315,3.6
2019-05-21,BNBUSDT,0.6315,0.6315,0.5145,0.5635,3.82
2019-05-22,BNBUSDT,0.5635,0.6653,0.5635,0.6255,4.0
2019-05-23,BNBUSDT,0.6255,0.7203,0.6255,0.704,5.79
2019-05-24,BNBUSDT,0.704,0.8328,0.704,0.7637,2.88
2019-05-25,BNBUSDT,0.7637,0.7637,0.7473,0.7495,5.04
2019-05-26,BNBUSDT,0.7495,0.7718,0.6889,0.7447,1.24
2019-05-27,BNBUSDT,0.7447,0.8894,0.7447,0.8298,7.48
2019-05-28,BNBUSDT,0.8298,0.8298,0.7145,0.7756,6.71
2019-05-29,BNBUSDT,0.7756,0.8419,0.7756,0.8367,3.0
2019-05-30,BNBUSDT,0.8367,1.007,0.8121,0.8776,2.67
2019-05-31,BNBUSDT,0.8776,0.8776,0.7727,0.7773,4.77
2019-06-01,BNBUSDT,0.7773,0.9241,0.7773,0.9193,9.24
2019-06-02,BNBUSDT,0.9193,0.9732,0.9028,0.9196,0.98
2019-06-03,BNBUSDT,0.9196,0.9196,0.9041,0.9119,3.53
2019-06-04,BNBUSDT,0.9119,0.9672,0.8783,0.9331,1.83
2019-06-05,BNBUSDT,0.9331,0.9831,0.9273,0.9689,1.93
2019-06-06,BNBUSDT,0.9689,1.0638,0.9621,0.9726,0.97
2019-06-07,BNBUSDT,0.9726,1.034,0.9721,0.9996,1.35
2019-06-08,BNBUSDT,0.9996,0.9996,0.8643,0.8938,2.49
2019-06-09,BNBUSDT,0.8938,0.8938,0.8075,0.8438,3.04
2019-06-10,BNBUSDT,0.8438,0.9717,0.8438,0.933,3.83
2019-06-11,BNBUSDT,0.933,0.9693,0.8724,0.9043,6.5
2019-06-12,BNBUSDT,0.9043,1.1277,0.9043,1.004,4.43
2019-06-13,BNBUSDT,1.004,1.004,0.9038,0.9311,6.93
2019-06-14,BNBUSDT,0.9311,0.9591,0.9143,0.9211,2.03
2019-06-15,BNBUSDT,0.9211,0.9636,0.8814,0.9108,2.19
2019-06-16,BNBUSDT,0.9108,1.0655,0.9108,1.0196,9.42
2019-06-17,BNBUSDT,1.0196,1.146,0.9999,1.0546,1.9
2019-06-18,BNBUSDT,1.0546,1.0875,1.0116,1.0385,3.96
2019-06-19,BNBUSDT,1.0385,1.2425,1.0385,1.2092,13.76
2019-06-20,BNBUSDT,1.2092,1.3634,1.2092,1.3357,6.29
2019-06-21,BNBUSDT,1.3357,1.4311,1.2756,1.3334,1.09
2019-06-22,BNBUSDT,1.3334,1.3751,1.2791,1.2954,3.08
2019-06-23,BNBUSDT,1.2954,1.2954,1.0812,1.1417,10.54
2019-06-24,BNBUSDT,1.1417,1.3968,1.1417,1.2853,5.47
2019-06-25,BNBUSDT,1.2853,1.3377,1.2645,1.2754,4.32
2019-06-26,BNBUSDT,1.2754,1.3829,1.2754,1.3385,3.87
2019-06-27,BNBUSDT,1.3385,1.3385,1.1924,1.2348,3.01
2019-06-28,BNBUSDT,1.2348,1.3629,1.1382,1.2611,6.66
2019-06-29,BNBUSDT,1.2611,1.386,1.2611,1.383,4.69
2019-06-30,BNBUSDT,1.383,1.4314,1.371,1.4082,2.75
2019-07-01,BNBUSDT,1.4082,1.4082,1.2638,1.3293,1.83
2019-07-02,BNBUSDT,1.3293,1.3795,1.3243,1.3792,3.66
2019-07-03,BNBUSDT,1.3792,1.4581,1.3792,1.4268,4.07
2019-07-04,BNBUSDT,1.4268,1.4797,1.3144,1.434,2.05
2019-07-05,BNBUSDT,1.434,1.434,1.1851,1.2566,9.29
2019-07-06,BNBUSDT,1.2566,1.2566,1.0863,1.1986,2.35
2019-07-07,BNBUSDT,1.1986,1.1986,1.0283,1.0829,2.2
2019-07-08,BNBUSDT,1.0829,1.0831,0.9485,1.0027,5.48
2019-07-09,BNBUSDT,1.0027,1.044,1.0027,1.0249,5.03
2019-07-10,BNBUSDT,1.0249,1.0249,0.846,0.9184,17.4
2019-07-11,BNBUSDT,0.9184,1.05,0.9184,1.0477,7.75
2019-07-12,BNBUSDT,1.0477,1.0546,0.9644,1.0349,2.1
2019-07-13,BNBUSDT,1.0349,1.1009,0.9537,1.0329,5.17
2019-07-14,BNBUSDT,1.0329,1.0329,0.9563,0.9648,1.73
2019-07-15,BNBUSDT,0.9648,0.969,0.8927,0.9272,2.9
2019-07-16,BNBUSDT,0.9272,0.9272,0.8604,0.9063,3.67
2019-07-17,BNBUSDT,0.9063,0.9063,0.8132,0.8301,11.41
2019-07-18,BNBUSDT,0.8301,0.8321,0.8084,0.8237,3.85
2019-07-19,BNBUSDT,0.8237,0.8482,0.8085,0.8167,3.47
2019-07-20,BNBUSDT,0.8167,0.8495,0.768,0.8106,2.08
2019-07-21,BNBUSDT,0.8106,0.9252,0.8106,0.9126,3.54
2019-07-22,BNBUSDT,0.9126,1.0539,0.9126,0.9798,4.56
2019-07-23,BNBUSDT,0.9798,0.9824,0.8962,0.9293,7.01
2019-07-24,BNBUSDT,0.9293,0.9732,0.9057,0.9633,2.04
2019-07-25,BNBUSDT,0.9633,1.0921,0.9632,0.9707,3.66
2019-07-26,BNBUSDT,0.9707,0.9954,0.9108,0.9841,4.11
2019-07-27,BNBUSDT,0.9841,0.9879,0.9048,0.9413,4.61
2019-07-28,BNBUSDT,0.9413,1.1151,0.9413,1.0176,4.33
2019-07-29,BNBUSDT,1.0176,1.1008,1.0176,1.091,5.83
2019-07-30,BNBUSDT,1.091,1.2865,1.091,1.1379,2.86
2019-07-31,BNBUSDT,1.1379,1.2616,1.0919,1.175,0.9
2019-08-01,BNBUSDT,1.175,1.1784,1.095,1.1783,5.7
2019-08-02,BNBUSDT,1.1783,1.1783,1.094,1.1135,3.0
2019-08-03,BNBUSDT,1.1135,1.2209,1.066,1.1043,1.6
2019-08-04,BNBUSDT,1.1043,1.1043,1.0556,1.0714,3.76
2019-08-05,BNBUSDT,1.0714,1.088,1.0128,1.0433,2.76
2019-08-06,BNBUSDT,1.0433,1.138,1.0433,1.0843,6.18
2019-08-07,BNBUSDT,1.0843,1.1263,1.0438,1.0549,2.38
2019-08-08,BNBUSDT,1.0549,1.0978,1.0549,1.0877,5.28
2019-08-09,BNBUSDT,1.0877,1.0877,1.0196,1.0467,4.43
2019-08-10,BNBUSDT,1.0467,1.0778,0.9533,1.0182,8.43
2019-08-11,BNBUSDT,1.0182,1.0182,0.9734,0.9867,3.42
2019-08-12,BNBUSDT,0.9867,0.9867,0.904,0.947,2.88
2019-08-13,BNBUSDT,0.947,1.0274,0.9144,0.96,5.48
2019-08-14,BNBUSDT,0.96,0.96,0.8084,0.8755,16.4
2019-08-15,BNBUSDT,0.8755,0.8926,0.8343,0.8393,8.12
2019-08-16,BNBUSDT,0.8393,0.8834,0.7963,0.8359,3.74
2019-08-17,BNBUSDT,0.8359,0.8359,0.7107,0.7728,7.32
2019-08-18,BNBUSDT,0.7728,0.8004,0.7728,0.7957,3.65
2019-08-19,BNBUSDT,0.7957,0.7957,0.7429,0.7607,6.75
2019-08-20,BNBUSDT,0.7607,0.8423,0.7359,0.7929,5.31
2019-08-21,BNBUSDT,0.7929,0.8389,0.7913,0.8133,1.78
2019-08-22,BNBUSDT,0.8133,0.8717,0.7632,0.7932,7.51
2019-08-23,BNBUSDT,0.7932,0.8407,0.792,0.8385,4.84
2019-08-24,BNBUSDT,0.8385,0.9727,0.8385,0.941,6.28
2019-08-25,BNBUSDT,0.941,0.9863,0.941,0.9813,1.79
2019-08-26,BNBUSDT,0.9813,0.9899,0.9765,0.9814,3.18
2019-08-27,BNBUSDT,0.9814,1.0273,0.9263,0.9834,10.24
2019-08-28,BNBUSDT,0.9834,1.0293,0.954,1.0132,9.43
2019-08-29,BNBUSDT,1.0132,1.0843,0.9812,1.0543,6.59
2019-08-30,BNBUSDT,1.0543,1.1014,0.9889,1.04,4.65
2019-08-31,BNBUSDT,1.04,1.0849,1.0044,1.0632,6.38
2019-09-01,BNBUSDT,1.0632,1.0632,0.99,1.0235,6.57
2019-09-02,BNBUSDT,1.0235,1.0337,0.9201,0.9602,1.86
2019-09-03,BNBUSDT,0.9602,0.9602,0.8617,0.9375,6.15
2019-09-04,BNBUSDT,0.9375,1.0014,0.9375,0.9668,8.53
2019-09-05,BNBUSDT,0.9668,0.9726,0.8086,0.906,9.24
2019-09-06,BNBUSDT,0.906,1.005,0.906,0.9459,7.11
2019-09-07,BNBUSDT,0.9459,0.9662,0.8844,0.8984,7.23
2019-09-08,BNBUSDT,0.8984,0.9012,0.7839,0.8674,5.28
2019-09-09,BNBUSDT,0.8674,0.8674,0.7717,0.8173,10.85
2019-09-10,BNBUSDT,0.8173,0.8173,0.6972,0.7647,2.78
2019-09-11,BNBUSDT,0.7647,0.8769,0.7647,0.8213,3.51
2019-09-12,BNBUSDT,0.8213,0.8213,0.7082,0.7782,6.95
2019-09-13,BNBUSDT,0.7782,0.8061,0.7096,0.7729,5.87
2019-09-14,BNBUSDT,0.7729,0.7842,0.7275,0.7842,7.2
2019-09-15,BNBUSDT,0.7842,0.8152,0.7842,0.7935,5.87
2019-09-16,BNBUSDT,0.7935,0.8092,0.7229,0.7556,4.95
2019-09-17,BNBUSDT,0.7556,0.7809,0.7556,0.7674,4.61
2019-09-18,BNBUSDT,0.7674,0.7825,0.7001,0.768,4.51
2019-09-19,BNBUSDT,0.768,0.9666,0.768,0.8985,8.58
2019-09-20,BNBUSDT,0.8985,0.8985,0.8321,0.8534,9.08
2019-09-21,BNBUSDT,0.8534,0.9034,0.8534,0.8894,10.71
2019-09-22,BNBUSDT,0.8894,0.8894,0.7902,0.846,12.77
2019-09-23,BNBUSDT,0.846,0.859,0.8368,0.8435,3.24
2019-09-24,BNBUSDT,0.8435,0.8435,0.7676,0.813,2.9
2019-09-25,BNBUSDT,0.813,0.8541,0.813,0.8308,3.96
2019-09-26,BNBUSDT,0.8308,0.8903,0.7868,0.8755,2.47
2019-09-27,BNBUSDT,0.8755,0.9718,0.8534,0.938,15.63
2019-09-28,BNBUSDT,0.938,0.9994,0.9132,0.9669,5.46
2019-09-29,BNBUSDT,0.9669,0.9669,0.8748,0.8829,7.92
2019-09-30,BNBUSDT,0.8829,0.9587,0.8829,0.9144,6.79
2019-10-01,BNBUSDT,0.9144,0.9144,0.8521,0.8668,7.69
2019-10-02,BNBUSDT,0.8668,0.9045,0.8418,0.8584,7.61
2019-10-03,BNBUSDT,0.8584,0.8893,0.8554,0.869,6.64
2019-10-04,BNBUSDT,0.869,0.9092,0.8461,0.8668,3.12
2019-10-05,BNBUSDT,0.8668,0.8868,0.7692,0.8757,1.67
2019-10-06,BNBUSDT,0.8757,1.0577,0.8757,1.0153,22.68
2019-10-07,BNBUSDT,1.0153,1.1338,1.0153,1.1047,15.07
2019-10-08,BNBUSDT,1.1047,1.1448,1.0612,1.1361,4.36
2019-10-09,BNBUSDT,1.1361,1.2013,1.1255,1.1957,9.38
2019-10-10,BNBUSDT,1.1957,1.1957,1.1207,1.145,4.45
2019-10-11,BNBUSDT,1.145,1.145,1.083,1.0923,8.38
2019-10-12,BNBUSDT,1.0923,1.0923,0.9662,0.9938,20.12
2019-10-13,BNBUSDT,0.9938,0.9938,0.8406,0.8772,11.86
2019-10-14,BNBUSDT,0.8772,0.8772,0.832,0.8425,2.78
2019-10-15,BNBUSDT,0.8425,0.8617,0.7959,0.8294,8.19
2019-10-16,BNBUSDT,0.8294,0.8294,0.7289,0.7891,13.06
2019-10-17,BNBUSDT,0.7891,0.846,0.7517,0.7717,9.26
2019-10-18,BNBUSDT,0.7717,0.9343,0.7717,0.9108,34.56
2019-10-19,BNBUSDT,0.9108,0.9515,0.9004,0.9187,2.84
2019-10-20,BNBUSDT,0.9187,0.9187,0.8179,0.881,4.44
2019-10-21,BNBUSDT,0.881,0.881,0.7976,0.8056,5.97
2019-10-22,BNBUSDT,0.8056,0.8056,0.6903,0.7277,14.65
2019-10-23,BNBUSDT,0.7277,0.7949,0.6813,0.7095,6.32
2019-10-24,BNBUSDT,0.7095,0.7095,0.6176,0.6702,8.84
2019-10-25,BNBUSDT,0.6702,0.6978,0.6702,0.6935,9.22
2019-10-26,BNBUSDT,0.6935,0.746,0.6935,0.7306,10.05
2019-10-27,BNBUSDT,0.7306,0.7787,0.7306,0.7766,4.19
2019-10-28,BNBUSDT,0.7766,0.8403,0.7006,0.7828,2.96
2019-10-29,BNBUSDT,0.7828,0.7898,0.7563,0.7813,1.43
2019-10-30,BNBUSDT,0.7813,0.7813,0.7358,0.7646,8.57
2019-10-31,BNBUSDT,0.7646,0.7646,0.6774,0.6873,12.66
2019-11-01,BNBUSDT,0.6873,0.6903,0.6443,0.6776,6.74
2019-11-02,BNBUSDT,0.6776,0.7165,0.6776,0.702,8.02
2019-11-03,BNBUSDT,0.702,0.7104,0.6796,0.7032,5.3
2019-11-04,BNBUSDT,0.7032,0.7262,0.6433,0.6706,4.65
2019-11-05,BNBUSDT,0.6706,0.6706,0.5818,0.601,20.3
2019-11-06,BNBUSDT,0.601,0.6268,0.5678,0.5728,6.99
2019-11-07,BNBUSDT,0.5728,0.6229,0.5456,0.5987,6.58
2019-11-08,BNBUSDT,0.5987,0.5987,0.5501,0.5674,4.86
2019-11-09,BNBUSDT,0.5674,0.5674,0.5278,0.5293,5.94
2019-11-10,BNBUSDT,0.5293,0.5742,0.5102,0.5221,2.82
2019-11-11,BNBUSDT,0.5221,0.5221,0.4754,0.4969,14.85
2019-11-12,BNBUSDT,0.4969,0.4995,0.4679,0.4882,10.71
2019-11-13,BNBUSDT,0.4882,0.5039,0.4663,0.4908,5.96
2019-11-14,BNBUSDT,0.4908,0.5316,0.4903,0.5115,5.05
2019-11-15,BNBUSDT,0.5115,0.5401,0.4699,0.5076,4.37
2019-11-16,BNBUSDT,0.5076,0.5254,0.5076,0.5192,4.76
2019-11-17,BNBUSDT,0.5192,0.539,0.5029,0.5318,5.64
2019-11-18,BNBUSDT,0.5318,0.5318,0.476,0.4879,31.38
2019-11-19,BNBUSDT,0.4879,0.4879,0.4386,0.4698,3.18
2019-11-20,BNBUSDT,0.4698,0.4893,0.4369,0.4714,10.98
2019-11-21,BNBUSDT,0.4714,0.5085,0.4649,0.4935,7.43
2019-11-22,BNBUSDT,0.4935,0.506,0.4737,0.4974,3.84
2019-11-23,BNBUSDT,0.4974,0.532,0.4971,0.5273,15.07
2019-11-24,BNBUSDT,0.5273,0.5273,0.4842,0.5075,18.64
2019-11-25,BNBUSDT,0.5075,0.5673,0.5075,0.5298,8.12
2019-11-26,BNBUSDT,0.5298,0.5345,0.4601,0.4877,15.98
2019-11-27,BNBUSDT,0.4877,0.5248,0.4791,0.4994,11.66
2019-11-28,BNBUSDT,0.4994,0.4994,0.4751,0.4887,9.31
2019-11-29,BNBUSDT,0.4887,0.5543,0.4887,0.526,11.26
2019-11-30,BNBUSDT,0.526,0.5887,0.526,0.5693,12.01
2019-12-01,BNBUSDT,0.5693,0.5994,0.5599,0.5715,7.32
2019-12-02,BNBUSDT,0.5715,0.6635,0.5715,0.6246,11.85
2019-12-03,BNBUSDT,0.6246,0.7097,0.6246,0.6841,31.95
2019-12-04,BNBUSDT,0.6841,0.7767,0.6841,0.7649,16.59
2019-12-05,BNBUSDT,0.7649,0.7649,0.7012,0.7271,6.75
2019-12-06,BNBUSDT,0.7271,0.8029,0.7074,0.7421,3.61
2019-12-07,BNBUSDT,0.7421,0.8403,0.7421,0.7889,24.19
2019-12-08,BNBUSDT,0.7889,0.9025,0.7889,0.8367,10.33
2019-12-09,BNBUSDT,0.8367,0.8367,0.7641,0.7893,4.11
2019-12-10,BNBUSDT,0.7893,0.7893,0.6974,0.7428,6.77
2019-12-11,BNBUSDT,0.7428,0.8055,0.7141,0.7318,14.03
2019-12-12,BNBUSDT,0.7318,0.7358,0.6959,0.7053,5.07
2019-12-13,BNBUSDT,0.7053,0.7218,0.7018,0.7096,4.21
2019-12-14,BNBUSDT,0.7096,0.7151,0.6305,0.6875,5.5
2019-12-15,BNBUSDT,0.6875,0.6875,0.6148,0.6443,5.86
2019-12-16,BNBUSDT,0.6443,0.6443,0.5379,0.5531,33.72
2019-12-17,BNBUSDT,0.5531,0.5791,0.5478,0.5673,2.24
2019-12-18,BNBUSDT,0.5673,0.5847,0.5163,0.5502,6.99
2019-12-19,BNBUSDT,0.5502,0.5749,0.5105,0.5281,4.27
2019-12-20,BNBUSDT,0.5281,0.567,0.5281,0.5625,8.14
2019-12-21,BNBUSDT,0.5625,0.5706,0.5319,0.5687,7.42
2019-12-22,BNBUSDT,0.5687,0.5687,0.5106,0.5406,9.66
2019-12-23,BNBUSDT,0.5406,0.5949,0.529,0.5612,9.04
2019-12-24,BNBUSDT,0.5612,0.5635,0.5429,0.5598,10.75
2019-12-25,BNBUSDT,0.5598,0.5821,0.5333,0.5596,10.74
2019-12-26,BNBUSDT,0.5596,0.5596,0.5043,0.5184,19.58
2019-12-27,BNBUSDT,0.5184,0.534,0.4991,0.5296,6.02
2019-12-28,BNBUSDT,0.5296,0.5296,0.4792,0.4983,15.86
2019-12-29,BNBUSDT,0.4983,0.4983,0.4399,0.4574,11.54
2019-12-30,BNBUSDT,0.4574,0.4626,0.4326,0.4347,14.24
2019-12-31,BNBUSDT,0.4347,0.458,0.4128,0.4216,14.94
2020-01-01,BNBUSDT,0.4216,0.8191,0.4216,0.8027,26.46
2020-01-02,BNBUSDT,0.8027,0.8464,0.8027,0.8421,5.22
2020-01-03,BNBUSDT,0.8421,0.9683,0.8421,0.9273,15.15
2020-01-04,BNBUSDT,0.9273,0.9273,0.861,0.8748,6.75
2020-01-05,BNBUSDT,0.8748,0.9605,0.8748,0.935,5.58
2020-01-06,BNBUSDT,0.935,0.9909,0.9316,0.9736,1.15
2020-01-07,BNBUSDT,0.9736,1.0072,0.9189,0.9466,3.46
2020-01-08,BNBUSDT,0.9466,0.948,0.8633,0.8945,1.97
2020-01-09,BNBUSDT,0.8945,0.8945,0.7852,0.8281,4.52
2020-01-10,BNBUSDT,0.8281,0.8281,0.8036,0.8176,7.93
2020-01-11,BNBUSDT,0.8176,0.8176,0.7246,0.7419,8.72
2020-01-12,BNBUSDT,0.7419,0.817,0.7345,0.8001,2.0
2020-01-13,BNBUSDT,0.8001,0.8493,0.8001,0.8223,2.71
2020-01-14,BNBUSDT,0.8223,0.8942,0.7912,0.8613,5.12
2020-01-15,BNBUSDT,0.8613,0.8613,0.7776,0.8141,4.54
2020-01-16,BNBUSDT,0.8141,0.9152,0.8141,0.8786,6.23
2020-01-17,BNBUSDT,0.8786,0.8786,0.7152,0.7539,9.87
2020-01-18,BNBUSDT,0.7539,0.7919,0.7155,0.7404,4.48
2020-01-19,BNBUSDT,0.7404,0.7834,0.6908,0.7477,8.52
2020-01-20,BNBUSDT,0.7477,0.773,0.6898,0.7538,9.11
2020-01-21,BNBUSDT,0.7538,0.9358,0.7538,0.8331,10.71
2020-01-22,BNBUSDT,0.8331,0.8669,0.7634,0.8128,7.15
2020-01-23,BNBUSDT,0.8128,0.8164,0.7912,0.811,2.49
2020-01-24,BNBUSDT,0.811,0.811,0.7327,0.7735,6.01
2020-01-25,BNBUSDT,0.7735,0.896,0.7735,0.8938,11.89
2020-01-26,BNBUSDT,0.8938,0.9735,0.8891,0.9697,5.09
2020-01-27,BNBUSDT,0.9697,1.076,0.8836,0.986,2.45
2020-01-28,BNBUSDT,0.986,1.0024,0.9357,0.9649,3.49
2020-01-29,BNBUSDT,0.9649,1.0756,0.9452,0.9974,3.98
2020-01-30,BNBUSDT,0.9974,0.9974,0.9044,0.9431,5.39
2020-01-31,BNBUSDT,0.9431,0.9431,0.9007,0.9174,11.09
2020-02-01,BNBUSDT,0.9174,0.9174,0.8434,0.8823,11.9
2020-02-02,BNBUSDT,0.8823,0.8823,0.7918,0.8419,10.05
2020-02-03,BNBUSDT,0.8419,0.8631,0.8304,0.8412,3.55
2020-02-04,BNBUSDT,0.8412,0.8412,0.7826,0.7927,9.81
2020-02-05,BNBUSDT,0.7927,0.7927,0.7436,0.7535,13.03
2020-02-06,BNBUSDT,0.7535,0.7535,0.6861,0.7016,11.13
2020-02-07,BNBUSDT,0.7016,0.7327,0.6912,0.7203,6.04
2020-02-08,BNBUSDT,0.7203,0.8041,0.7203,0.7797,16.08
2020-02-09,BNBUSDT,0.7797,0.7797,0.7687,0.7765,3.34
2020-02-10,BNBUSDT,0.7765,0.7765,0.6694,0.7163,14.35
2020-02-11,BNBUSDT,0.7163,0.7356,0.7159,0.7249,7.37
2020-02-12,BNBUSDT,0.7249,0.8352,0.707,0.7468,5.64
2020-02-13,BNBUSDT,0.7468,0.7468,0.5848,0.6952,10.07
2020-02-14,BNBUSDT,0.6952,0.7171,0.6672,0.6837,4.24
2020-02-15,BNBUSDT,0.6837,0.7352,0.6837,0.7212,11.92
2020-02-16,BNBUSDT,0.7212,0.7812,0.7212,0.752,7.48
2020-02-17,BNBUSDT,0.752,0.7823,0.7171,0.7437,7.76
2020-02-18,BNBUSDT,0.7437,0.7798,0.7241,0.7499,4.79
2020-02-19,BNBUSDT,0.7499,0.7924,0.7175,0.7595,11.25
2020-02-20,BNBUSDT,0.7595,0.7999,0.7268,0.7901,2.91
2020-02-21,BNBUSDT,0.7901,0.7901,0.7044,0.7168,19.21
2020-02-22,BNBUSDT,0.7168,0.7168,0.6419,0.6639,9.63
2020-02-23,BNBUSDT,0.6639,0.7007,0.6543,0.6769,9.39
2020-02-24,BNBUSDT,0.6769,0.6769,0.6197,0.6433,3.65
2020-02-25,BNBUSDT,0.6433,0.6944,0.6358,0.6781,2.99
2020-02-26,BNBUSDT,0.6781,0.688,0.6587,0.6649,2.72
2020-02-27,BNBUSDT,0.6649,0.7184,0.6445,0.6495,6.65
2020-02-28,BNBUSDT,0.6495,0.692,0.6331,0.6623,4.62
2020-02-29,BNBUSDT,0.6623,0.6623,0.582,0.6441,5.16
2020-03-01,BNBUSDT,0.6441,0.7323,0.6441,0.7172,8.51
2020-03-02,BNBUSDT,0.7172,0.7203,0.6157,0.6932,5.48
2020-03-03,BNBUSDT,0.6932,0.7604,0.6728,0.7531,4.33
2020-03-04,BNBUSDT,0.7531,0.8361,0.7531,0.8017,14.81
2020-03-05,BNBUSDT,0.8017,0.8017,0.7623,0.7653,3.29
2020-03-06,BNBUSDT,0.7653,0.7796,0.6819,0.7666,4.79
2020-03-07,BNBUSDT,0.7666,0.7886,0.7296,0.7667,11.24
2020-03-08,BNBUSDT,0.7667,0.7924,0.7285,0.7801,6.87
2020-03-09,BNBUSDT,0.7801,0.8383,0.7348,0.8014,7.3
2020-03-10,BNBUSDT,0.8014,0.8014,0.7678,0.7938,4.79
2020-03-11,BNBUSDT,0.7938,0.7938,0.704,0.7514,4.11
2020-03-12,BNBUSDT,0.7514,0.8006,0.7514,0.7775,6.97
2020-03-13,BNBUSDT,0.7775,0.7775,0.6568,0.6854,10.41
2020-03-14,BNBUSDT,0.6854,0.6854,0.6305,0.6466,9.8
2020-03-15,BNBUSDT,0.6466,0.6896,0.6466,0.6668,7.09
2020-03-16,BNBUSDT,0.6668,0.6909,0.6631,0.6861,5.49
2020-03-17,BNBUSDT,0.6861,0.6861,0.6224,0.6312,9.54
2020-03-18,BNBUSDT,0.6312,0.6779,0.6225,0.6544,8.74
2020-03-19,BNBUSDT,0.6544,0.6912,0.6287,0.6661,12.99
2020-03-20,BNBUSDT,0.6661,0.7076,0.6661,0.6793,6.89
2020-03-21,BNBUSDT,0.6793,0.7426,0.6793,0.7388,11.96
2020-03-22,BNBUSDT,0.7388,0.7993,0.7338,0.7768,16.18
2020-03-23,BNBUSDT,0.7768,0.8416,0.7768,0.8405,5.78
2020-03-24,BNBUSDT,0.8405,0.9324,0.8405,0.8919,6.32
2020-03-25,BNBUSDT,0.8919,0.9576,0.8419,0.9223,10.16
2020-03-26,BNBUSDT,0.9223,0.9777,0.9223,0.9615,9.86
2020-03-27,BNBUSDT,0.9615,1.0017,0.8924,0.9515,3.05
2020-03-28,BNBUSDT,0.9515,0.9639,0.8839,0.9425,12.15
2020-03-29,BNBUSDT,0.9425,0.9465,0.8907,0.9271,3.73
2020-03-30,BNBUSDT,0.9271,1.0009,0.9271,0.9873,8.75
2020-03-31,BNBUSDT,0.9873,1.0388,0.8987,0.9849,6.42
2020-04-01,BNBUSDT,0.9849,0.9921,0.9491,0.9524,9.91
2020-04-02,BNBUSDT,0.9524,0.9524,0.8798,0.8942,7.57
2020-04-03,BNBUSDT,0.8942,1.0347,0.8942,0.9055,2.07
2020-04-04,BNBUSDT,0.9055,0.9055,0.7576,0.7666,27.81
2020-04-05,BNBUSDT,0.7666,0.7666,0.6481,0.6893,10.69
2020-04-06,BNBUSDT,0.6893,0.7103,0.6283,0.6856,10.12
2020-04-07,BNBUSDT,0.6856,0.7802,0.6533,0.712,11.09
2020-04-08,BNBUSDT,0.712,0.7732,0.712,0.7628,22.93
2020-04-09,BNBUSDT,0.7628,0.7628,0.729,0.7497,5.05
2020-04-10,BNBUSDT,0.7497,0.7497,0.6924,0.7343,11.41
2020-04-11,BNBUSDT,0.7343,0.7368,0.7043,0.7323,6.94
2020-04-12,BNBUSDT,0.7323,0.7793,0.7302,0.7735,6.45
2020-04-13,BNBUSDT,0.7735,0.7939,0.7624,0.791,18.63
2020-04-14,BNBUSDT,0.791,0.8444,0.791,0.8151,6.02
2020-04-15,BNBUSDT,0.8151,0.908,0.8078,0.8713,7.23
2020-04-16,BNBUSDT,0.8713,0.8713,0.8098,0.8111,8.79
2020-04-17,BNBUSDT,0.8111,0.9281,0.7617,0.8129,4.0
2020-04-18,BNBUSDT,0.8129,0.9526,0.8129,0.8865,16.94
2020-04-19,BNBUSDT,0.8865,0.9991,0.8865,0.9714,15.3
2020-04-20,BNBUSDT,0.9714,1.016,0.9525,0.9963,20.28
2020-04-21,BNBUSDT,0.9963,1.0143,0.8509,0.9843,4.79
2020-04-22,BNBUSDT,0.9843,1.0887,0.9843,1.0524,11.6
2020-04-23,BNBUSDT,1.0524,1.1748,1.0524,1.1546,12.53
2020-04-24,BNBUSDT,1.1546,1.2339,1.1546,1.2316,7.79
2020-04-25,BNBUSDT,1.2316,1.2633,1.2316,1.2525,11.39
2020-04-26,BNBUSDT,1.2525,1.2688,1.1239,1.1707,15.01
2020-04-27,BNBUSDT,1.1707,1.1886,1.1335,1.1437,7.37
2020-04-28,BNBUSDT,1.1437,1.1437,1.0639,1.1229,3.1
2020-04-29,BNBUSDT,1.1229,1.1229,1.0485,1.072,7.78
2020-04-30,BNBUSDT,1.072,1.072,0.8471,0.8982,32.63
2020-05-01,BNBUSDT,0.8982,0.989,0.8982,0.9629,25.76
2020-05-02,BNBUSDT,0.9629,0.9768,0.9149,0.9489,10.24
2020-05-03,BNBUSDT,0.9489,1.107,0.9489,1.0357,20.11
2020-05-04,BNBUSDT,1.0357,1.1377,0.9996,1.0343,4.6
2020-05-05,BNBUSDT,1.0343,1.1289,1.0263,1.075,12.05
2020-05-06,BNBUSDT,1.075,1.075,1.011,1.0223,4.02
2020-05-07,BNBUSDT,1.0223,1.0878,1.0223,1.0736,5.84
2020-05-08,BNBUSDT,1.0736,1.2677,1.0736,1.2265,12.42
2020-05-09,BNBUSDT,1.2265,1.3435,1.1621,1.2843,7.45
2020-05-10,BNBUSDT,1.2843,1.3825,1.2482,1.3322,4.23
2020-05-11,BNBUSDT,1.3322,1.4931,1.3322,1.4547,24.27
2020-05-12,BNBUSDT,1.4547,1.4547,1.2648,1.3836,7.98
2020-05-13,BNBUSDT,1.3836,1.5166,1.3661,1.4254,9.11
2020-05-14,BNBUSDT,1.4254,1.5448,1.3475,1.4098,2.85
2020-05-15,BNBUSDT,1.4098,1.4947,1.3604,1.4637,6.09
2020-05-16,BNBUSDT,1.4637,1.4637,1.255,1.338,6.79
2020-05-17,BNBUSDT,1.338,1.338,1.187,1.2384,13.05
2020-05-18,BNBUSDT,1.2384,1.3333,1.2384,1.2641,4.2
2020-05-19,BNBUSDT,1.2641,1.4111,1.2517,1.3521,21.64
2020-05-20,BNBUSDT,1.3521,1.4293,1.2664,1.3563,3.78
2020-05-21,BNBUSDT,1.3563,1.4076,1.3563,1.401,10.4
2020-05-22,BNBUSDT,1.401,1.401,1.2357,1.2857,9.16
2020-05-23,BNBUSDT,1.2857,1.2857,1.2083,1.2174,8.15
2020-05-24,BNBUSDT,1.2174,1.2174,1.1815,1.1856,2.45
2020-05-25,BNBUSDT,1.1856,1.2041,1.1582,1.1846,9.61
2020-05-26,BNBUSDT,1.1846,1.2639,1.1788,1.2023,10.23
2020-05-27,BNBUSDT,1.2023,1.2534,1.1002,1.1892,5.65
2020-05-28,BNBUSDT,1.1892,1.2585,1.0925,1.1645,4.47
2020-05-29,BNBUSDT,1.1645,1.1645,1.0181,1.0844,6.57
2020-05-30,BNBUSDT,1.0844,1.09,1.0645,1.0851,2.1
2020-05-31,BNBUSDT,1.0851,1.0851,0.9814,1.0059,4.39
2020-06-01,BNBUSDT,1.0059,1.007,0.9867,1.0052,3.29
2020-06-02,BNBUSDT,1.0052,1.0236,0.9436,0.9563,9.32
2020-06-03,BNBUSDT,0.9563,0.9652,0.8769,0.9477,4.2
2020-06-04,BNBUSDT,0.9477,0.9623,0.9175,0.9525,6.27
2020-06-05,BNBUSDT,0.9525,1.1024,0.9525,1.087,23.83
2020-06-06,BNBUSDT,1.087,1.1684,1.087,1.1519,6.06
2020-06-07,BNBUSDT,1.1519,1.235,1.0957,1.1028,6.07
2020-06-08,BNBUSDT,1.1028,1.1028,0.9332,1.022,4.89
2020-06-09,BNBUSDT,1.022,1.1009,1.022,1.0676,3.85
2020-06-10,BNBUSDT,1.0676,1.1391,1.0676,1.079,8.64
2020-06-11,BNBUSDT,1.079,1.079,0.8414,0.915,4.55
2020-06-12,BNBUSDT,0.915,1.0007,0.915,0.9874,5.06
2020-06-13,BNBUSDT,0.9874,0.9896,0.9141,0.9808,7.78
2020-06-14,BNBUSDT,0.9808,1.01,0.9763,1.0019,4.63
2020-06-15,BNBUSDT,1.0019,1.0048,0.9664,0.9756,5.09
2020-06-16,BNBUSDT,0.9756,0.9955,0.8495,0.9453,4.02
2020-06-17,BNBUSDT,0.9453,0.9648,0.9078,0.9135,7.12
2020-06-18,BNBUSDT,0.9135,1.0066,0.9135,0.9227,3.61
2020-06-19,BNBUSDT,0.9227,0.9227,0.8552,0.8711,4.09
2020-06-20,BNBUSDT,0.8711,0.8854,0.8547,0.8608,7.9
2020-06-21,BNBUSDT,0.8608,0.8608,0.8111,0.8264,4.08
2020-06-22,BNBUSDT,0.8264,0.895,0.8052,0.8816,4.78
2020-06-23,BNBUSDT,0.8816,0.9797,0.8367,0.8823,3.13
2020-06-24,BNBUSDT,0.8823,0.8961,0.8681,0.8938,3.98
2020-06-25,BNBUSDT,0.8938,0.8938,0.8204,0.8814,4.33
2020-06-26,BNBUSDT,0.8814,0.8892,0.8432,0.8858,7.84
2020-06-27,BNBUSDT,0.8858,1.0761,0.8858,1.0011,15.85
2020-06-28,BNBUSDT,1.0011,1.0097,0.8764,1.0079,2.94
2020-06-29,BNBUSDT,1.0079,1.0079,0.9051,0.9914,2.21
2020-06-30,BNBUSDT,0.9914,1.0586,0.9763,1.0116,2.78
2020-07-01,BNBUSDT,1.0116,1.1142,1.0116,1.1123,7.03
2020-07-02,BNBUSDT,1.1123,1.1833,1.105,1.172,2.86
2020-07-03,BNBUSDT,1.172,1.2881,1.172,1.2615,9.5
2020-07-04,BNBUSDT,1.2615,1.4706,1.2615,1.3464,7.57
2020-07-05,BNBUSDT,1.3464,1.4638,1.3464,1.4524,5.81
2020-07-06,BNBUSDT,1.4524,1.6212,1.4524,1.5634,5.37
2020-07-07,BNBUSDT,1.5634,1.5634,1.5238,1.5251,10.46
2020-07-08,BNBUSDT,1.5251,1.5251,1.4174,1.4645,4.12
2020-07-09,BNBUSDT,1.4645,1.4645,1.3774,1.3967,2.85
2020-07-10,BNBUSDT,1.3967,1.3967,1.3043,1.3363,3.93
2020-07-11,BNBUSDT,1.3363,1.3989,1.2332,1.3529,4.13
2020-07-12,BNBUSDT,1.3529,1.3529,1.1974,1.2682,3.21
2020-07-13,BNBUSDT,1.2682,1.3783,1.2682,1.3584,6.39
2020-07-14,BNBUSDT,1.3584,1.3985,1.3154,1.363,2.02
2020-07-15,BNBUSDT,1.363,1.4627,1.3594,1.3825,1.83
2020-07-16,BNBUSDT,1.3825,1.3825,1.2848,1.3499,2.31
2020-07-17,BNBUSDT,1.3499,1.3499,1.2339,1.2541,6.04
2020-07-18,BNBUSDT,1.2541,1.2547,1.1928,1.2141,5.19
2020-07-19,BNBUSDT,1.2141,1.2463,1.19,1.2455,5.21
2020-07-20,BNBUSDT,1.2455,1.2769,1.2455,1.2721,2.23
2020-07-21,BNBUSDT,1.2721,1.3353,1.2332,1.2873,8.56
2020-07-22,BNBUSDT,1.2873,1.4371,1.2873,1.3666,5.08
2020-07-23,BNBUSDT,1.3666,1.3666,1.2864,1.3393,1.76
2020-07-24,BNBUSDT,1.3393,1.4084,1.2395,1.3413,4.31
2020-07-25,BNBUSDT,1.3413,1.4368,1.3145,1.363,4.17
2020-07-26,BNBUSDT,1.363,1.4078,1.1856,1.3247,4.55
2020-07-27,BNBUSDT,1.3247,1.3855,1.269,1.3175,4.56
2020-07-28,BNBUSDT,1.3175,1.3175,1.1889,1.2222,4.32
2020-07-29,BNBUSDT,1.2222,1.2222,1.1137,1.1822,3.83
2020-07-30,BNBUSDT,1.1822,1.1822,1.0267,1.1108,3.25
2020-07-31,BNBUSDT,1.1108,1.1847,1.1108,1.1576,4.8
2020-08-01,BNBUSDT,1.1576,1.712,1.1576,1.5693,16.13
2020-08-02,BNBUSDT,1.5693,1.5693,1.3481,1.4551,2.87
2020-08-03,BNBUSDT,1.4551,1.6488,1.4402,1.529,3.77
2020-08-04,BNBUSDT,1.529,1.5436,1.4493,1.4666,2.47
2020-08-05,BNBUSDT,1.4666,1.4666,1.3329,1.3557,1.64
2020-08-06,BNBUSDT,1.3557,1.5609,1.3557,1.4477,2.62
2020-08-07,BNBUSDT,1.4477,1.4477,1.278,1.3413,7.1
2020-08-08,BNBUSDT,1.3413,1.3631,1.2371,1.2787,5.99
2020-08-09,BNBUSDT,1.2787,1.2787,1.2055,1.2468,6.71
2020-08-10,BNBUSDT,1.2468,1.2468,1.1546,1.1609,1.59
2020-08-11,BNBUSDT,1.1609,1.1609,1.0772,1.1143,3.26
2020-08-12,BNBUSDT,1.1143,1.2216,1.0974,1.1603,3.93
2020-08-13,BNBUSDT,1.1603,1.2178,1.1318,1.1497,4.72
2020-08-14,BNBUSDT,1.1497,1.2733,1.1456,1.2055,12.02
2020-08-15,BNBUSDT,1.2055,1.2055,1.0992,1.1257,7.42
2020-08-16,BNBUSDT,1.1257,1.1257,1.0355,1.0489,4.66
2020-08-17,BNBUSDT,1.0489,1.118,1.0489,1.1178,3.1
2020-08-18,BNBUSDT,1.1178,1.1843,1.1006,1.1264,1.59
2020-08-19,BNBUSDT,1.1264,1.285,1.1264,1.2283,3.02
2020-08-20,BNBUSDT,1.2283,1.3745,1.2283,1.3591,14.78
2020-08-21,BNBUSDT,1.3591,1.3674,1.3261,1.3438,2.67
2020-08-22,BNBUSDT,1.3438,1.3494,1.2132,1.3175,3.64
2020-08-23,BNBUSDT,1.3175,1.3658,1.2487,1.3104,4.37
2020-08-24,BNBUSDT,1.3104,1.6021,1.3104,1.4932,6.0
2020-08-25,BNBUSDT,1.4932,1.6696,1.4932,1.6459,6.48
2020-08-26,BNBUSDT,1.6459,1.7285,1.4992,1.6016,6.28
2020-08-27,BNBUSDT,1.6016,1.7768,1.5758,1.6739,6.49
2020-08-28,BNBUSDT,1.6739,1.8213,1.6706,1.7794,3.56
2020-08-29,BNBUSDT,1.7794,2.0529,1.7794,1.9501,7.72
2020-08-30,BNBUSDT,1.9501,2.0522,1.9501,2.0101,3.38
2020-08-31,BNBUSDT,2.0101,2.0101,1.7037,1.8791,11.18
2020-09-01,BNBUSDT,1.8791,2.0467,1.8616,1.905,1.62
2020-09-02,BNBUSDT,1.905,1.905,1.7642,1.828,3.17
2020-09-03,BNBUSDT,1.828,2.272,1.828,2.061,11.33
2020-09-04,BNBUSDT,2.061,2.4251,2.061,2.319,6.27
2020-09-05,BNBUSDT,2.319,2.3843,2.1331,2.1626,4.41
2020-09-06,BNBUSDT,2.1626,2.5113,2.1626,2.4183,4.27
2020-09-07,BNBUSDT,2.4183,2.6294,2.4183,2.6252,1.87
2020-09-08,BNBUSDT,2.6252,2.8471,2.5307,2.655,1.23
2020-09-09,BNBUSDT,2.655,2.8871,2.655,2.8427,10.19
2020-09-10,BNBUSDT,2.8427,2.9675,2.8427,2.9299,4.01
2020-09-11,BNBUSDT,2.9299,3.2544,2.9299,3.219,3.65
2020-09-12,BNBUSDT,3.219,3.3387,3.1169,3.2994,5.16
2020-09-13,BNBUSDT,3.2994,3.6383,3.2994,3.4411,3.43
2020-09-14,BNBUSDT,3.4411,3.8156,3.2527,3.4767,2.15
2020-09-15,BNBUSDT,3.4767,3.9001,3.4767,3.6553,5.42
2020-09-16,BNBUSDT,3.6553,3.6567,3.3011,3.4795,4.17
2020-09-17,BNBUSDT,3.4795,3.4795,3.3951,3.4397,5.38
2020-09-18,BNBUSDT,3.4397,3.7525,3.4001,3.5366,2.08
2020-09-19,BNBUSDT,3.5366,3.5609,3.3305,3.3844,0.99
2020-09-20,BNBUSDT,3.3844,3.5999,3.3643,3.5015,2.36
2020-09-21,BNBUSDT,3.5015,3.8326,3.5015,3.7378,4.23
2020-09-22,BNBUSDT,3.7378,4.2195,3.7021,3.9474,1.69
2020-09-23,BNBUSDT,3.9474,4.0708,3.7379,3.9918,0.89
2020-09-24,BNBUSDT,3.9918,4.4263,3.9918,4.1994,1.36
2020-09-25,BNBUSDT,4.1994,4.1994,3.6971,4.0747,1.75
2020-09-26,BNBUSDT,4.0747,4.2935,4.0344,4.2247,3.54
2020-09-27,BNBUSDT,4.2247,4.6771,4.2247,4.5596,3.76
2020-09-28,BNBUSDT,4.5596,4.734,4.5596,4.6934,2.82
2020-09-29,BNBUSDT,4.6934,5.7641,4.6934,5.6896,10.18
2020-09-30,BNBUSDT,5.6896,5.6896,5.1547,5.3498,1.19
2020-10-01,BNBUSDT,5.3498,5.3498,4.3876,4.747,7.73
2020-10-02,BNBUSDT,4.747,5.0123,4.599,4.798,0.67
2020-10-03,BNBUSDT,4.798,4.798,4.3759,4.6181,3.16
2020-10-04,BNBUSDT,4.6181,4.6604,4.4407,4.5695,2.35
2020-10-05,BNBUSDT,4.5695,4.6932,4.1066,4.3047,3.98
2020-10-06,BNBUSDT,4.3047,4.5618,4.2384,4.5423,1.16
2020-10-07,BNBUSDT,4.5423,4.5423,4.0921,4.3851,1.86
2020-10-08,BNBUSDT,4.3851,4.3851,3.6408,3.7275,3.6
2020-10-09,BNBUSDT,3.7275,3.7275,3.5528,3.5551,2.18
2020-10-10,BNBUSDT,3.5551,3.5551,3.3677,3.4298,3.69
2020-10-11,BNBUSDT,3.4298,3.6576,3.3706,3.5109,3.05
2020-10-12,BNBUSDT,3.5109,4.0376,3.5109,3.8827,9.67
2020-10-13,BNBUSDT,3.8827,3.8827,3.6368,3.7954,2.15
2020-10-14,BNBUSDT,3.7954,4.0227,3.759,3.8935,3.88
2020-10-15,BNBUSDT,3.8935,4.189,3.8935,4.0581,4.17
2020-10-16,BNBUSDT,4.0581,4.1121,3.8437,3.9723,2.75
2020-10-17,BNBUSDT,3.9723,3.9723,3.7257,3.8033,3.85
2020-10-18,BNBUSDT,3.8033,3.8033,3.4321,3.6265,1.2
2020-10-19,BNBUSDT,3.6265,3.8137,3.5273,3.7801,3.81
2020-10-20,BNBUSDT,3.7801,3.7801,3.3681,3.4922,6.25
2020-10-21,BNBUSDT,3.4922,3.4922,3.1972,3.2016,7.08
2020-10-22,BNBUSDT,3.2016,3.2016,2.6867,2.8977,7.63
2020-10-23,BNBUSDT,2.8977,2.8977,2.7917,2.8619,4.9
2020-10-24,BNBUSDT,2.8619,3.0084,2.8619,2.9121,4.57
2020-10-25,BNBUSDT,2.9121,3.0639,2.8303,2.9466,2.01
2020-10-26,BNBUSDT,2.9466,2.9466,2.4873,2.6107,6.9
2020-10-27,BNBUSDT,2.6107,2.8472,2.6107,2.8085,5.71
2020-10-28,BNBUSDT,2.8085,3.0046,2.7918,2.9292,3.19
2020-10-29,BNBUSDT,2.9292,3.1619,2.7354,2.9755,3.6
2020-10-30,BNBUSDT,2.9755,3.4108,2.9755,3.2502,4.78
2020-10-31,BNBUSDT,3.2502,3.4577,3.2502,3.4138,6.01
2020-11-01,BNBUSDT,3.4138,3.8546,3.4138,3.838,4.25
2020-11-02,BNBUSDT,3.838,3.9628,3.7931,3.9,4.79
2020-11-03,BNBUSDT,3.9,4.144,3.7716,3.874,1.83
2020-11-04,BNBUSDT,3.874,4.2662,3.874,4.11,2.02
2020-11-05,BNBUSDT,4.11,4.2188,4.1003,4.1668,0.67
2020-11-06,BNBUSDT,4.1668,4.5578,4.1569,4.2567,1.31
2020-11-07,BNBUSDT,4.2567,4.4181,4.0369,4.1855,2.76
2020-11-08,BNBUSDT,4.1855,4.8777,4.1855,4.6821,3.05
2020-11-09,BNBUSDT,4.6821,4.6821,4.1254,4.3006,3.67
2020-11-10,BNBUSDT,4.3006,4.3867,4.3006,4.3518,2.72
2020-11-11,BNBUSDT,4.3518,4.7288,4.1671,4.6524,11.94
2020-11-12,BNBUSDT,4.6524,4.9788,4.2986,4.8318,1.3
2020-11-13,BNBUSDT,4.8318,5.5527,4.8318,5.5039,4.69
2020-11-14,BNBUSDT,5.5039,5.703,5.3815,5.6871,2.77
2020-11-15,BNBUSDT,5.6871,6.0595,5.4634,5.6843,1.44
2020-11-16,BNBUSDT,5.6843,5.788,5.6843,5.7611,1.3
2020-11-17,BNBUSDT,5.7611,5.7611,4.918,5.3573,2.08
2020-11-18,BNBUSDT,5.3573,5.3573,5.0428,5.0784,1.65
2020-11-19,BNBUSDT,5.0784,5.353,5.0784,5.2251,5.03
2020-11-20,BNBUSDT,5.2251,5.2455,5.0388,5.1328,2.21
2020-11-21,BNBUSDT,5.1328,5.4858,5.1328,5.3371,2.53
2020-11-22,BNBUSDT,5.3371,5.3371,4.415,4.5853,3.93
2020-11-23,BNBUSDT,4.5853,4.6517,4.4136,4.6193,0.91
2020-11-24,BNBUSDT,4.6193,5.0805,4.6193,5.0374,1.68
2020-11-25,BNBUSDT,5.0374,5.1796,4.9028,5.0902,1.38
2020-11-26,BNBUSDT,5.0902,5.5865,5.0902,5.2706,2.38
2020-11-27,BNBUSDT,5.2706,5.5031,5.1166,5.2231,0.86
2020-11-28,BNBUSDT,5.2231,5.2231,4.9356,5.0482,1.26
2020-11-29,BNBUSDT,5.0482,5.0482,4.68,4.8541,3.67
2020-11-30,BNBUSDT,4.8541,5.0371,4.8541,5.0037,0.79
2020-12-01,BNBUSDT,5.0037,5.0366,4.2065,4.5155,3.13
2020-12-02,BNBUSDT,4.5155,5.1552,4.4581,5.0176,3.45
2020-12-03,BNBUSDT,5.0176,5.0176,4.3786,4.6817,1.14
2020-12-04,BNBUSDT,4.6817,4.8748,4.6817,4.7606,1.89
2020-12-05,BNBUSDT,4.7606,4.7606,4.5934,4.6992,2.87
2020-12-06,BNBUSDT,4.6992,5.2346,4.6992,5.0772,1.13
2020-12-07,BNBUSDT,5.0772,5.2264,4.5867,5.0573,0.99
2020-12-08,BNBUSDT,5.0573,5.0573,4.645,4.8482,2.8
2020-12-09,BNBUSDT,4.8482,5.1499,4.8482,5.1097,5.81
2020-12-10,BNBUSDT,5.1097,5.1097,5.0406,5.0506,1.06
2020-12-11,BNBUSDT,5.0506,5.0506,4.3349,4.6846,2.01
2020-12-12,BNBUSDT,4.6846,4.8968,4.5911,4.6244,1.25
2020-12-13,BNBUSDT,4.6244,4.6244,4.262,4.2904,2.66
2020-12-14,BNBUSDT,4.2904,4.2904,3.7757,3.8035,8.59
2020-12-15,BNBUSDT,3.8035,4.2165,3.7694,3.8937,1.11
2020-12-16,BNBUSDT,3.8937,4.2198,3.6869,4.0323,3.15
2020-12-17,BNBUSDT,4.0323,4.0323,3.6389,3.6585,2.68
2020-12-18,BNBUSDT,3.6585,4.0534,3.6585,3.854,2.33
2020-12-19,BNBUSDT,3.854,4.6507,3.854,4.1199,4.47
2020-12-20,BNBUSDT,4.1199,4.3779,4.1199,4.3624,2.98
2020-12-21,BNBUSDT,4.3624,4.3624,4.0497,4.0635,1.95
2020-12-22,BNBUSDT,4.0635,4.222,3.8196,4.1165,2.0
2020-12-23,BNBUSDT,4.1165,4.55,3.7985,4.1417,0.82
2020-12-24,BNBUSDT,4.1417,4.2787,3.7558,3.9852,3.05
2020-12-25,BNBUSDT,3.9852,3.9852,3.8637,3.9134,0.94
2020-12-26,BNBUSDT,3.9134,4.9841,3.9134,4.5063,2.07
2020-12-27,BNBUSDT,4.5063,4.6056,4.316,4.3733,1.27
2020-12-28,BNBUSDT,4.3733,4.7198,4.3733,4.6484,1.56
2020-12-29,BNBUSDT,4.6484,5.1506,4.6484,4.9708,1.77
2020-12-30,BNBUSDT,4.9708,4.9708,4.3625,4.6277,3.49
2020-12-31,BNBUSDT,4.6277,5.1341,4.6277,4.8884,1.51
2021-01-01,BNBUSDT,4.8884,5.3795,4.7133,5.0422,0.64
2021-01-02,BNBUSDT,5.0422,5.3783,5.0422,5.1524,1.35
2021-01-03,BNBUSDT,5.1524,5.4237,4.7954,5.294,1.36
2021-01-04,BNBUSDT,5.294,6.1403,5.294,5.6563,2.51
2021-01-05,BNBUSDT,5.6563,5.8285,5.3476,5.5714,1.4
2021-01-06,BNBUSDT,5.5714,6.4889,5.5714,5.8243,0.81
2021-01-07,BNBUSDT,5.8243,6.5101,5.8243,6.3674,1.04
2021-01-08,BNBUSDT,6.3674,6.5845,6.3674,6.5484,1.13
2021-01-09,BNBUSDT,6.5484,6.8513,6.5484,6.8308,1.4
2021-01-10,BNBUSDT,6.8308,7.4163,6.8308,7.0547,0.71
2021-01-11,BNBUSDT,7.0547,7.3897,6.771,6.9103,0.65
2021-01-12,BNBUSDT,6.9103,7.2539,6.4124,7.119,0.17
2021-01-13,BNBUSDT,7.119,7.8363,7.119,7.5543,1.93
2021-01-14,BNBUSDT,7.5543,7.5543,6.9973,7.1856,1.53
2021-01-15,BNBUSDT,7.1856,7.8403,7.1856,7.5785,0.62
2021-01-16,BNBUSDT,7.5785,7.6226,6.9981,7.2454,0.37
2021-01-17,BNBUSDT,7.2454,9.0473,7.2454,8.4452,0.93
2021-01-18,BNBUSDT,8.4452,9.5815,8.4452,9.1344,3.32
2021-01-19,BNBUSDT,9.1344,9.1632,8.5118,8.8814,1.38
2021-01-20,BNBUSDT,8.8814,9.2126,8.6875,9.0591,0.39
2021-01-21,BNBUSDT,9.0591,9.5215,8.6691,8.9178,0.61
2021-01-22,BNBUSDT,8.9178,8.9422,8.4613,8.833,0.81
2021-01-23,BNBUSDT,8.833,10.8166,8.833,10.3381,1.18
2021-01-24,BNBUSDT,10.3381,11.6693,10.3381,11.0272,0.85
2021-01-25,BNBUSDT,11.0272,14.2346,11.0272,12.7684,0.68
2021-01-26,BNBUSDT,12.7684,13.4501,12.7684,13.1144,0.44
2021-01-27,BNBUSDT,13.1144,14.4455,13.1144,13.7026,0.28
2021-01-28,BNBUSDT,13.7026,13.9039,13.1759,13.5227,0.31
2021-01-29,BNBUSDT,13.5227,13.5227,12.0942,12.7844,0.5
2021-01-30,BNBUSDT,12.7844,13.4182,12.5323,13.3836,2.41
2021-01-31,BNBUSDT,13.3836,14.3815,12.8709,13.8111,0.32
2021-02-01,BNBUSDT,13.8111,15.1234,12.7477,13.7528,0.13
2021-02-02,BNBUSDT,13.7528,14.9663,13.7528,14.4291,0.39
2021-02-03,BNBUSDT,14.4291,16.1455,14.4291,15.3747,0.38
2021-02-04,BNBUSDT,15.3747,15.4778,14.9892,15.2402,0.19
2021-02-05,BNBUSDT,15.2402,16.4917,15.1968,15.8219,0.47
2021-02-06,BNBUSDT,15.8219,16.9542,15.0423,15.1345,0.37
2021-02-07,BNBUSDT,15.1345,15.4431,14.7705,15.3206,0.16
2021-02-08,BNBUSDT,15.3206,15.8487,15.2438,15.5068,0.92
2021-02-09,BNBUSDT,15.5068,17.4206,15.5068,16.8815,0.52
2021-02-10,BNBUSDT,16.8815,17.7923,16.8815,17.5444,0.4
2021-02-11,BNBUSDT,17.5444,17.6958,17.174,17.3712,0.58
2021-02-12,BNBUSDT,17.3712,19.7404,17.3712,18.4852,0.69
2021-02-13,BNBUSDT,18.4852,20.1955,18.0797,19.4723,0.93
2021-02-14,BNBUSDT,19.4723,20.2189,19.4723,19.6574,0.19
2021-02-15,BNBUSDT,19.6574,20.7256,19.5392,19.6709,0.15
2021-02-16,BNBUSDT,19.6709,21.1301,19.6709,20.0296,0.5
2021-02-17,BNBUSDT,20.0296,21.5406,19.0853,21.0911,0.22
2021-02-18,BNBUSDT,21.0911,23.2005,21.0911,22.6428,1.11
2021-02-19,BNBUSDT,22.6428,23.6606,22.6428,23.134,0.49
2021-02-20,BNBUSDT,23.134,25.9096,23.134,24.8031,0.89
2021-02-21,BNBUSDT,24.8031,25.5305,22.8136,24.3749,0.28
2021-02-22,BNBUSDT,24.3749,24.3749,21.7066,21.7141,1.14
2021-02-23,BNBUSDT,21.7141,23.9123,21.7141,22.5061,0.24
2021-02-24,BNBUSDT,22.5061,25.4195,22.5061,24.2611,0.61
2021-02-25,BNBUSDT,24.2611,27.0379,24.2611,25.7397,0.93
2021-02-26,BNBUSDT,25.7397,26.7606,25.7397,26.5955,0.14
2021-02-27,BNBUSDT,26.5955,29.7255,25.9931,27.046,0.16
2021-02-28,BNBUSDT,27.046,27.046,24.6621,25.1863,1.53
2021-03-01,BNBUSDT,25.1863,25.2364,24.2027,25.2285,0.36
2021-03-02,BNBUSDT,25.2285,26.8502,24.6242,25.8631,0.37
2021-03-03,BNBUSDT,25.8631,25.8631,24.0915,25.585,0.42
2021-03-04,BNBUSDT,25.585,29.1989,25.2289,26.9583,0.33
2021-03-05,BNBUSDT,26.9583,31.9657,26.9583,31.695,0.86
2021-03-06,BNBUSDT,31.695,32.7983,30.345,30.3637,0.22
2021-03-07,BNBUSDT,30.3637,31.2925,30.3637,31.2686,0.68
2021-03-08,BNBUSDT,31.2686,35.031,31.2686,33.3636,0.43
2021-03-09,BNBUSDT,33.3636,36.8511,33.3636,35.2551,0.26
2021-03-10,BNBUSDT,35.2551,39.217,35.2551,38.0523,0.26
2021-03-11,BNBUSDT,38.0523,41.0683,35.2024,39.4168,0.64
2021-03-12,BNBUSDT,39.4168,39.4168,33.3381,36.47,0.16
2021-03-13,BNBUSDT,36.47,37.9814,33.8048,34.8959,0.36
2021-03-14,BNBUSDT,34.8959,39.4722,34.8959,37.0488,0.31
2021-03-15,BNBUSDT,37.0488,39.4513,37.0488,39.1735,0.23
2021-03-16,BNBUSDT,39.1735,39.1735,33.5939,36.9914,0.59
2021-03-17,BNBUSDT,36.9914,41.2946,36.9914,38.811,0.2
2021-03-18,BNBUSDT,38.811,39.5912,37.0349,37.7705,0.17
2021-03-19,BNBUSDT,37.7705,38.0484,35.9757,37.5225,0.29
2021-03-20,BNBUSDT,37.5225,39.077,36.7604,37.7611,0.41
2021-03-21,BNBUSDT,37.7611,44.9074,37.7611,42.5987,0.84
2021-03-22,BNBUSDT,42.5987,43.4876,42.5987,43.432,0.22
2021-03-23,BNBUSDT,43.432,45.0959,43.432,44.973,0.41
2021-03-24,BNBUSDT,44.973,53.4324,44.7145,48.7723,0.73
2021-03-25,BNBUSDT,48.7723,53.883,48.7723,53.8828,0.57
2021-03-26,BNBUSDT,53.8828,53.8828,48.4439,49.5123,1.31
2021-03-27,BNBUSDT,49.5123,49.5123,46.9691,48.1962,0.14
2021-03-28,BNBUSDT,48.1962,57.1361,48.1962,52.2292,0.57
2021-03-29,BNBUSDT,52.2292,52.2292,46.746,47.799,1.17
2021-03-30,BNBUSDT,47.799,47.8155,44.2877,46.4789,0.58
2021-03-31,BNBUSDT,46.4789,49.3352,46.4789,48.9665,0.41
2021-04-01,BNBUSDT,48.9665,48.9665,42.1648,45.5388,0.19
2021-04-02,BNBUSDT,45.5388,46.3601,43.848,45.655,0.18
2021-04-03,BNBUSDT,45.655,50.2697,44.5348,47.5815,0.19
2021-04-04,BNBUSDT,47.5815,49.0028,47.3059,48.3311,0.3
2021-04-05,BNBUSDT,48.3311,48.3311,39.5065,43.255,0.83
2021-04-06,BNBUSDT,43.255,43.255,38.5624,40.9056,0.44
2021-04-07,BNBUSDT,40.9056,49.5869,40.9056,47.2751,0.38
2021-04-08,BNBUSDT,47.2751,56.0283,47.2751,54.9427,1.65
2021-04-09,BNBUSDT,54.9427,62.7958,54.9427,59.392,0.27
2021-04-10,BNBUSDT,59.392,59.392,51.9671,56.9555,0.19
2021-04-11,BNBUSDT,56.9555,66.5169,56.9555,59.4791,0.22
2021-04-12,BNBUSDT,59.4791,59.4791,52.1711,53.6913,0.5
2021-04-13,BNBUSDT,53.6913,53.8353,51.209,51.2147,0.33
2021-04-14,BNBUSDT,51.2147,55.9588,51.2147,51.4393,0.3
2021-04-15,BNBUSDT,51.4393,51.4393,28.5949,29.7295,1.32
2021-04-16,BNBUSDT,29.7295,32.7239,29.7295,31.9263,1.28
2021-04-17,BNBUSDT,31.9263,32.0864,31.4334,31.5863,0.31
2021-04-18,BNBUSDT,31.5863,31.5863,27.6776,29.2711,1.52
2021-04-19,BNBUSDT,29.2711,33.4743,29.2711,32.0121,0.97
2021-04-20,BNBUSDT,32.0121,33.6518,31.9105,33.0093,0.47
2021-04-21,BNBUSDT,33.0093,37.0406,33.0093,35.9542,0.86
2021-04-22,BNBUSDT,35.9542,35.9542,31.2931,32.1509,0.58
2021-04-23,BNBUSDT,32.1509,32.8361,30.9896,31.0688,0.28
2021-04-24,BNBUSDT,31.0688,31.0688,29.5111,29.9234,0.69
2021-04-25,BNBUSDT,29.9234,32.1431,28.549,31.5042,1.61
2021-04-26,BNBUSDT,31.5042,31.5042,27.0739,28.5332,0.84
2021-04-27,BNBUSDT,28.5332,30.4612,27.4845,29.8477,1.09
2021-04-28,BNBUSDT,29.8477,29.8477,27.4731,28.9258,0.55
2021-04-29,BNBUSDT,28.9258,28.9258,23.5371,24.3408,1.49
2021-04-30,BNBUSDT,24.3408,24.5805,21.9892,22.7095,0.79
2021-05-01,BNBUSDT,22.7095,24.2411,22.7095,23.2997,0.92
2021-05-02,BNBUSDT,23.2997,23.2997,21.3761,22.77,0.42
2021-05-03,BNBUSDT,22.77,23.0637,21.069,21.3704,0.85
2021-05-04,BNBUSDT,21.3704,22.0301,21.3704,21.7312,0.21
2021-05-05,BNBUSDT,21.7312,22.6414,19.68,21.248,0.22
2021-05-06,BNBUSDT,21.248,21.9133,18.7196,21.237,0.69
2021-05-07,BNBUSDT,21.237,25.1024,21.237,24.2197,0.88
2021-05-08,BNBUSDT,24.2197,24.2197,19.7431,21.0168,2.09
2021-05-09,BNBUSDT,21.0168,21.0168,19.0605,19.1477,0.97
2021-05-10,BNBUSDT,19.1477,19.8425,19.1477,19.6145,1.1
2021-05-11,BNBUSDT,19.6145,19.6145,17.2082,17.5987,0.88
2021-05-12,BNBUSDT,17.5987,17.5987,15.6794,16.6223,0.93
2021-05-13,BNBUSDT,16.6223,18.7904,16.6223,17.9919,1.23
2021-05-14,BNBUSDT,17.9919,19.4698,17.9919,18.7473,1.83
2021-05-15,BNBUSDT,18.7473,23.0289,18.7473,20.3326,0.63
2021-05-16,BNBUSDT,20.3326,22.2506,19.1384,21.4666,1.25
2021-05-17,BNBUSDT,21.4666,22.3806,21.3093,22.3301,1.35
2021-05-18,BNBUSDT,22.3301,25.075,22.3301,24.4917,0.84
2021-05-19,BNBUSDT,24.4917,26.0063,24.4917,25.6315,0.94
2021-05-20,BNBUSDT,25.6315,25.6315,24.0694,24.3763,0.71
2021-05-21,BNBUSDT,24.3763,25.4146,24.3763,25.2226,2.28
2021-05-22,BNBUSDT,25.2226,25.2226,21.3221,22.2741,2.02
2021-05-23,BNBUSDT,22.2741,23.8293,22.2741,23.4164,0.36
2021-05-24,BNBUSDT,23.4164,23.4935,23.1339,23.2257,0.42
2021-05-25,BNBUSDT,23.2257,23.2257,20.6762,22.0455,1.47
2021-05-26,BNBUSDT,22.0455,22.0455,19.7764,20.033,0.58
2021-05-27,BNBUSDT,20.033,21.5899,18.0866,19.9764,0.52
2021-05-28,BNBUSDT,19.9764,20.1725,19.1491,19.3806,0.5
2021-05-29,BNBUSDT,19.3806,20.9704,19.3806,19.4885,0.22
2021-05-30,BNBUSDT,19.4885,19.4885,18.6162,18.6692,1.69
2021-05-31,BNBUSDT,18.6692,20.2884,18.6692,19.4402,0.94
2021-06-01,BNBUSDT,19.4402,21.1608,19.4402,19.5974,0.7
2021-06-02,BNBUSDT,19.5974,21.246,19.5974,21.2034,0.68
2021-06-03,BNBUSDT,21.2034,21.4532,18.1754,19.6208,1.65
2021-06-04,BNBUSDT,19.6208,21.4462,19.6208,19.9565,0.51
2021-06-05,BNBUSDT,19.9565,20.8739,18.803,19.5324,0.55
2021-06-06,BNBUSDT,19.5324,19.5324,15.5746,15.869,1.59
2021-06-07,BNBUSDT,15.869,15.9074,15.5919,15.8819,0.43
2021-06-08,BNBUSDT,15.8819,15.8819,13.7361,14.3963,0.69
2021-06-09,BNBUSDT,14.3963,14.5367,13.3701,14.4124,0.33
2021-06-10,BNBUSDT,14.4124,17.2184,14.4124,17.0338,1.72
2021-06-11,BNBUSDT,17.0338,17.6915,16.2728,17.5916,0.39
2021-06-12,BNBUSDT,17.5916,20.1811,17.5916,19.4855,0.66
2021-06-13,BNBUSDT,19.4855,22.2008,19.4855,21.2528,1.32
2021-06-14,BNBUSDT,21.2528,25.0204,20.0589,21.1399,0.37
2021-06-15,BNBUSDT,21.1399,22.6105,21.1399,21.9936,1.3
2021-06-16,BNBUSDT,21.9936,26.0968,21.9936,24.9145,0.92
2021-06-17,BNBUSDT,24.9145,29.3177,24.9145,27.3606,0.73
2021-06-18,BNBUSDT,27.3606,27.3606,25.3296,25.7503,0.53
2021-06-19,BNBUSDT,25.7503,26.5682,25.7503,26.3306,0.39
2021-06-20,BNBUSDT,26.3306,26.3306,22.7918,22.8935,1.19
2021-06-21,BNBUSDT,22.8935,23.3925,22.5927,23.388,0.21
2021-06-22,BNBUSDT,23.388,25.4974,23.388,25.0958,0.42
2021-06-23,BNBUSDT,25.0958,26.7152,24.9912,25.5986,1.13
2021-06-24,BNBUSDT,25.5986,25.5986,24.6852,25.4216,0.62
2021-06-25,BNBUSDT,25.4216,26.6077,25.1702,25.3956,0.42
2021-06-26,BNBUSDT,25.3956,25.3956,22.0826,24.3661,0.55
2021-06-27,BNBUSDT,24.3661,25.0418,22.2501,23.2,1.27
2021-06-28,BNBUSDT,23.2,23.2,20.7128,21.265,3.18
2021-06-29,BNBUSDT,21.265,21.265,19.9112,20.4463,0.91
2021-06-30,BNBUSDT,20.4463,20.4463,18.694,20.0273,1.23
2021-07-01,BNBUSDT,20.0273,21.5458,19.316,20.1485,0.73
2021-07-02,BNBUSDT,20.1485,20.1485,19.0866,19.5241,0.67
2021-07-03,BNBUSDT,19.5241,19.5241,17.3653,17.4749,1.64
2021-07-04,BNBUSDT,17.4749,18.236,16.0988,17.259,0.81
2021-07-05,BNBUSDT,17.259,18.2626,16.0468,17.5304,0.87
2021-07-06,BNBUSDT,17.5304,17.9913,17.5151,17.8481,0.33
2021-07-07,BNBUSDT,17.8481,17.8481,17.6248,17.727,0.64
2021-07-08,BNBUSDT,17.727,17.727,16.2649,17.0087,0.56
2021-07-09,BNBUSDT,17.0087,17.0506,16.0385,16.6713,0.97
2021-07-10,BNBUSDT,16.6713,17.3803,16.3769,17.337,1.14
2021-07-11,BNBUSDT,17.337,18.3803,17.337,17.8685,1.64
2021-07-12,BNBUSDT,17.8685,18.4538,16.2293,17.3844,0.85
2021-07-13,BNBUSDT,17.3844,18.1932,16.2157,17.5106,0.85
2021-07-14,BNBUSDT,17.5106,19.0203,17.5106,18.9804,1.37
2021-07-15,BNBUSDT,18.9804,18.9804,16.2133,16.9886,1.76
2021-07-16,BNBUSDT,16.9886,18.5705,16.9886,17.5876,0.74
2021-07-17,BNBUSDT,17.5876,17.6286,16.6807,17.4499,0.94
2021-07-18,BNBUSDT,17.4499,19.5246,17.4499,18.6191,1.09
2021-07-19,BNBUSDT,18.6191,18.6191,16.9406,17.33,1.7
2021-07-20,BNBUSDT,17.33,18.2384,17.33,18.1085,1.34
2021-07-21,BNBUSDT,18.1085,21.1533,17.9831,19.1,0.47
2021-07-22,BNBUSDT,19.1,19.5446,17.5018,17.5655,1.53
2021-07-23,BNBUSDT,17.5655,17.5655,15.0306,15.7989,2.57
2021-07-24,BNBUSDT,15.7989,15.7989,13.545,14.0507,3.28
2021-07-25,BNBUSDT,14.0507,14.0507,12.9506,13.3773,1.4
2021-07-26,BNBUSDT,13.3773,14.465,12.8223,13.2602,1.58
2021-07-27,BNBUSDT,13.2602,13.2602,11.9288,12.4471,2.19
2021-07-28,BNBUSDT,12.4471,13.32,12.4471,13.1433,5.17
2021-07-29,BNBUSDT,13.1433,13.3367,11.9134,13.1548,1.73
2021-07-30,BNBUSDT,13.1548,14.0611,13.1548,13.5681,0.8
2021-07-31,BNBUSDT,13.5681,14.0019,13.2894,13.4238,0.96
2021-08-01,BNBUSDT,13.4238,13.852,12.2959,12.7982,1.92
2021-08-02,BNBUSDT,12.7982,12.7982,11.9984,12.4865,2.01
2021-08-03,BNBUSDT,12.4865,12.4865,11.344,11.7678,1.6
2021-08-04,BNBUSDT,11.7678,12.1127,11.5842,11.6482,0.84
2021-08-05,BNBUSDT,11.6482,14.5289,11.6482,13.9385,6.18
2021-08-06,BNBUSDT,13.9385,14.3389,13.9385,14.1722,2.3
2021-08-07,BNBUSDT,14.1722,15.6871,14.1722,15.6195,1.6
2021-08-08,BNBUSDT,15.6195,15.6195,12.9861,13.7573,6.06
2021-08-09,BNBUSDT,13.7573,13.7573,11.5751,12.7334,3.02
2021-08-10,BNBUSDT,12.7334,12.7334,11.7295,12.2187,2.48
2021-08-11,BNBUSDT,12.2187,12.2187,11.6419,11.6622,1.37
2021-08-12,BNBUSDT,11.6622,13.2577,10.8589,12.9079,2.9
2021-08-13,BNBUSDT,12.9079,12.9079,11.6941,11.9213,2.13
2021-08-14,BNBUSDT,11.9213,12.7896,11.5158,12.7803,1.45
2021-08-15,BNBUSDT,12.7803,14.0707,12.4651,13.3615,3.69
2021-08-16,BNBUSDT,13.3615,14.1939,12.5456,13.3456,2.81
2021-08-17,BNBUSDT,13.3456,13.3456,11.6777,12.9234,2.57
2021-08-18,BNBUSDT,12.9234,13.0209,12.4553,12.664,2.66
2021-08-19,BNBUSDT,12.664,13.5455,12.5459,12.6212,1.36
2021-08-20,BNBUSDT,12.6212,13.7014,12.3445,12.7438,2.18
2021-08-21,BNBUSDT,12.7438,13.0109,12.274,12.8891,1.95
2021-08-22,BNBUSDT,12.8891,13.5334,12.2578,13.102,3.75
2021-08-23,BNBUSDT,13.102,13.102,12.1929,12.7941,1.89
2021-08-24,BNBUSDT,12.7941,12.7941,11.7539,11.8768,2.5
2021-08-25,BNBUSDT,11.8768,11.8768,10.1899,11.3854,1.32
2021-08-26,BNBUSDT,11.3854,12.313,11.2294,11.902,1.32
2021-08-27,BNBUSDT,11.902,11.902,11.3218,11.3912,1.79
2021-08-28,BNBUSDT,11.3912,12.7715,11.3912,12.4193,2.4
2021-08-29,BNBUSDT,12.4193,13.4451,12.2103,12.3556,2.19
2021-08-30,BNBUSDT,12.3556,13.6029,11.9111,12.6542,1.91
2021-08-31,BNBUSDT,12.6542,14.2797,12.6542,14.0528,2.13
2021-09-01,BNBUSDT,14.0528,16.657,14.0528,15.3179,1.48
2021-09-02,BNBUSDT,15.3179,16.8806,15.3179,16.4558,2.9
2021-09-03,BNBUSDT,16.4558,17.5019,16.4558,16.8659,0.33
2021-09-04,BNBUSDT,16.8659,18.8441,16.7625,17.2522,0.78
2021-09-05,BNBUSDT,17.2522,17.2522,15.8617,16.6639,1.93
2021-09-06,BNBUSDT,16.6639,17.3826,15.5755,16.8496,1.04
2021-09-07,BNBUSDT,16.8496,17.2725,15.7234,16.2352,0.64
2021-09-08,BNBUSDT,16.2352,17.8459,16.2352,17.4109,2.27
2021-09-09,BNBUSDT,17.4109,19.149,16.7925,18.0821,2.68
2021-09-10,BNBUSDT,18.0821,20.1127,18.0821,19.9443,1.62
2021-09-11,BNBUSDT,19.9443,19.9443,17.8973,18.7543,1.52
2021-09-12,BNBUSDT,18.7543,19.1313,17.3925,17.6673,1.46
2021-09-13,BNBUSDT,17.6673,17.6673,16.9002,17.2827,0.69
2021-09-14,BNBUSDT,17.2827,17.8309,16.5536,16.8036,1.59
2021-09-15,BNBUSDT,16.8036,16.9584,16.4765,16.502,0.55
2021-09-16,BNBUSDT,16.502,16.8879,14.0273,16.022,2.26
2021-09-17,BNBUSDT,16.022,16.022,14.0239,14.1023,2.97
2021-09-18,BNBUSDT,14.1023,15.6503,13.2884,13.7658,1.94
2021-09-19,BNBUSDT,13.7658,15.4264,13.7658,14.7643,2.7
2021-09-20,BNBUSDT,14.7643,14.7643,13.6578,13.8748,3.6
2021-09-21,BNBUSDT,13.8748,13.9304,13.1062,13.6799,1.01
2021-09-22,BNBUSDT,13.6799,14.4056,13.2807,13.7109,1.59
2021-09-23,BNBUSDT,13.7109,14.952,13.7109,14.2512,1.82
2021-09-24,BNBUSDT,14.2512,14.9613,13.9568,14.3059,1.1
2021-09-25,BNBUSDT,14.3059,14.3059,13.1786,13.2576,0.98
2021-09-26,BNBUSDT,13.2576,14.1226,12.9824,13.4172,1.65
2021-09-27,BNBUSDT,13.4172,14.2676,13.1716,13.9927,0.96
2021-09-28,BNBUSDT,13.9927,16.7945,13.9927,16.1128,6.0
2021-09-29,BNBUSDT,16.1128,16.1128,14.553,15.574,0.97
2021-09-30,BNBUSDT,15.574,17.794,15.1835,16.4521,2.68
2021-10-01,BNBUSDT,16.4521,16.4521,14.9685,15.6669,1.15
2021-10-02,BNBUSDT,15.6669,19.0017,15.6669,17.7432,2.09
2021-10-03,BNBUSDT,17.7432,19.5693,17.7432,18.2177,3.24
2021-10-04,BNBUSDT,18.2177,18.3997,17.3444,17.7224,1.19
2021-10-05,BNBUSDT,17.7224,17.7224,16.1209,16.5325,3.11
2021-10-06,BNBUSDT,16.5325,18.2367,15.906,17.1438,0.7
2021-10-07,BNBUSDT,17.1438,18.4184,15.1636,16.9493,1.05
2021-10-08,BNBUSDT,16.9493,17.9462,16.9493,17.8199,0.87
2021-10-09,BNBUSDT,17.8199,18.8309,16.0977,17.6739,1.11
2021-10-10,BNBUSDT,17.6739,17.6739,15.7423,16.0868,1.36
2021-10-11,BNBUSDT,16.0868,16.274,14.4424,15.4044,1.41
2021-10-12,BNBUSDT,15.4044,16.2534,15.4044,15.7088,2.44
2021-10-13,BNBUSDT,15.7088,16.1691,15.126,16.0562,0.8
2021-10-14,BNBUSDT,16.0562,16.1663,15.848,15.9023,0.46
2021-10-15,BNBUSDT,15.9023,16.5843,15.1584,15.7691,1.57
2021-10-16,BNBUSDT,15.7691,17.7888,15.7691,17.2097,1.45
2021-10-17,BNBUSDT,17.2097,17.9132,14.9925,16.6323,0.72
2021-10-18,BNBUSDT,16.6323,16.6323,13.7717,14.7622,5.27
2021-10-19,BNBUSDT,14.7622,16.8133,14.7622,16.1404,4.74
2021-10-20,BNBUSDT,16.1404,16.6634,14.1397,15.7338,0.93
2021-10-21,BNBUSDT,15.7338,17.4711,15.7338,17.0415,2.57
2021-10-22,BNBUSDT,17.0415,18.8745,15.9847,17.4382,0.83
2021-10-23,BNBUSDT,17.4382,18.7971,17.4382,18.3706,1.27
2021-10-24,BNBUSDT,18.3706,18.9781,17.7356,18.3291,0.79
2021-10-25,BNBUSDT,18.3291,18.9367,17.5688,17.9318,1.48
2021-10-26,BNBUSDT,17.9318,18.0324,16.6973,16.9609,2.14
2021-10-27,BNBUSDT,16.9609,16.9609,15.8707,16.0812,1.53
2021-10-28,BNBUSDT,16.0812,19.5686,16.0812,17.1991,2.7
2021-10-29,BNBUSDT,17.1991,17.1991,15.0889,15.896,1.99
2021-10-30,BNBUSDT,15.896,16.3658,15.4524,16.2211,1.37
2021-10-31,BNBUSDT,16.2211,16.2211,14.4046,15.3691,1.7
2021-11-01,BNBUSDT,15.3691,15.9051,14.6831,15.4638,0.48
2021-11-02,BNBUSDT,15.4638,17.1318,14.4457,15.7532,0.94
2021-11-03,BNBUSDT,15.7532,15.828,13.9634,14.5092,2.88
2021-11-04,BNBUSDT,14.5092,14.5092,13.375,13.732,1.41
2021-11-05,BNBUSDT,13.732,13.8442,13.441,13.7782,0.69
2021-11-06,BNBUSDT,13.7782,14.4422,13.0508,14.1353,1.07
2021-11-07,BNBUSDT,14.1353,15.6056,14.1353,15.2731,1.25
2021-11-08,BNBUSDT,15.2731,16.9741,15.2731,16.8036,1.32
2021-11-09,BNBUSDT,16.8036,17.9643,16.4568,17.5576,0.8
2021-11-10,BNBUSDT,17.5576,19.0974,17.3138,18.8791,1.72
2021-11-11,BNBUSDT,18.8791,27.5136,18.8791,26.1716,6.42
2021-11-12,BNBUSDT,26.1716,26.6833,24.83,26.6305,0.35
2021-11-13,BNBUSDT,26.6305,31.7085,26.6305,30.2732,1.03
2021-11-14,BNBUSDT,30.2732,30.2732,27.9893,28.4219,0.56
2021-11-15,BNBUSDT,28.4219,28.4219,24.8422,26.8386,0.57
2021-11-16,BNBUSDT,26.8386,27.9868,26.8386,27.5868,0.8
2021-11-17,BNBUSDT,27.5868,34.0782,27.5868,31.2327,1.15
2021-11-18,BNBUSDT,31.2327,33.5032,29.634,31.3575,0.38
2021-11-19,BNBUSDT,31.3575,32.5848,29.3233,32.538,0.42
2021-11-20,BNBUSDT,32.538,35.2863,30.469,32.593,0.27
2021-11-21,BNBUSDT,32.593,35.2205,30.921,32.6516,0.2
2021-11-22,BNBUSDT,32.6516,32.6516,30.5411,30.8251,0.91
2021-11-23,BNBUSDT,30.8251,30.8251,28.4158,29.5065,0.48
2021-11-24,BNBUSDT,29.5065,29.5065,28.549,29.0192,0.23
2021-11-25,BNBUSDT,29.0192,29.0192,22.6001,23.5145,0.84
2021-11-26,BNBUSDT,23.5145,24.666,23.5145,24.5661,0.92
2021-11-27,BNBUSDT,24.5661,24.809,23.4747,24.6536,0.28
2021-11-28,BNBUSDT,24.6536,24.9162,24.497,24.6368,0.38
2021-11-29,BNBUSDT,24.6368,25.7615,24.262,25.4229,0.39
2021-11-30,BNBUSDT,25.4229,27.0704,25.1305,26.2528,1.62
2021-12-01,BNBUSDT,26.2528,26.2528,20.0044,20.7626,1.79
2021-12-02,BNBUSDT,20.7626,20.7626,19.0302,19.8421,0.38
2021-12-03,BNBUSDT,19.8421,21.0233,19.8421,20.6415,0.29
2021-12-04,BNBUSDT,20.6415,22.0955,18.6213,20.2836,0.44
2021-12-05,BNBUSDT,20.2836,22.9756,20.2836,22.7883,0.33
2021-12-06,BNBUSDT,22.7883,22.7883,21.6976,22.1049,0.37
2021-12-07,BNBUSDT,22.1049,23.159,21.3871,22.9694,0.87
2021-12-08,BNBUSDT,22.9694,24.7111,22.9694,23.6334,0.52
2021-12-09,BNBUSDT,23.6334,25.5129,21.5248,23.2148,0.43
2021-12-10,BNBUSDT,23.2148,23.2148,22.2606,22.4856,0.64
2021-12-11,BNBUSDT,22.4856,25.4776,22.3404,23.2512,0.49
2021-12-12,BNBUSDT,23.2512,23.2512,22.0949,22.1591,1.67
2021-12-13,BNBUSDT,22.1591,23.7674,21.9671,22.2205,2.0
2021-12-14,BNBUSDT,22.2205,22.2205,20.4385,20.4457,1.44
2021-12-15,BNBUSDT,20.4457,21.318,20.3413,20.642,0.29
2021-12-16,BNBUSDT,20.642,20.9331,19.981,20.0719,0.8
2021-12-17,BNBUSDT,20.0719,21.357,17.5019,20.646,0.4
2021-12-18,BNBUSDT,20.646,20.646,19.4403,19.5671,0.96
2021-12-19,BNBUSDT,19.5671,19.5671,17.7248,18.184,0.35
2021-12-20,BNBUSDT,18.184,19.0246,18.184,18.7,0.73
2021-12-21,BNBUSDT,18.7,19.4454,17.12,18.7322,0.23
2021-12-22,BNBUSDT,18.7322,18.7322,17.7383,17.8598,0.95
2021-12-23,BNBUSDT,17.8598,18.5134,17.4802,18.5087,0.51
2021-12-24,BNBUSDT,18.5087,18.8137,17.6028,18.342,0.44
2021-12-25,BNBUSDT,18.342,18.342,15.4395,16.9682,1.65
2021-12-26,BNBUSDT,16.9682,16.9682,14.5736,14.6794,4.54
2021-12-27,BNBUSDT,14.6794,15.0414,12.9108,14.4931,0.36
2021-12-28,BNBUSDT,14.4931,16.3247,14.4931,16.0661,0.58
2021-12-29,BNBUSDT,16.0661,17.5371,16.0661,16.9717,0.63
2021-12-30,BNBUSDT,16.9717,17.3383,16.431,17.1029,0.26
2021-12-31,BNBUSDT,17.1029,17.1029,15.5188,16.5838,1.3
2022-01-01,BNBUSDT,16.5838,16.5838,14.8531,15.6636,1.32
2022-01-02,BNBUSDT,15.6636,16.9358,15.6636,16.3393,0.62
2022-01-03,BNBUSDT,16.3393,16.3393,13.5195,15.191,1.48
2022-01-04,BNBUSDT,15.191,16.0749,14.1724,15.6156,0.4
2022-01-05,BNBUSDT,15.6156,15.6156,13.3296,13.9639,2.52
2022-01-06,BNBUSDT,13.9639,16.4698,13.9639,15.6961,0.63
2022-01-07,BNBUSDT,15.6961,15.6961,10.5019,11.0897,30.73
2022-01-08,BNBUSDT,11.0897,11.5683,10.9805,11.4944,2.09
2022-01-09,BNBUSDT,11.4944,12.0746,11.0094,11.6555,1.43
2022-01-10,BNBUSDT,11.6555,11.8804,10.9879,11.6609,0.67
2022-01-11,BNBUSDT,11.6609,12.3436,10.9874,11.2543,1.51
2022-01-12,BNBUSDT,11.2543,12.9502,11.2543,12.0423,2.91
2022-01-13,BNBUSDT,12.0423,13.173,12.0423,13.1007,0.96
2022-01-14,BNBUSDT,13.1007,13.7378,12.7589,13.5286,1.02
2022-01-15,BNBUSDT,13.5286,14.8824,13.1984,13.9049,1.5
2022-01-16,BNBUSDT,13.9049,15.0384,13.9049,14.7761,1.27
2022-01-17,BNBUSDT,14.7761,15.2209,14.7761,14.8361,1.06
2022-01-18,BNBUSDT,14.8361,16.615,14.6763,15.5521,0.72
2022-01-19,BNBUSDT,15.5521,18.5429,15.5521,17.4586,2.51
2022-01-20,BNBUSDT,17.4586,17.4586,15.8408,16.2627,1.48
2022-01-21,BNBUSDT,16.2627,19.5057,16.2627,18.2835,1.61
2022-01-22,BNBUSDT,18.2835,22.2572,18.2835,19.7564,1.71
2022-01-23,BNBUSDT,19.7564,21.6037,19.7564,21.3752,1.22
2022-01-24,BNBUSDT,21.3752,21.6634,19.5978,20.4609,0.9
2022-01-25,BNBUSDT,20.4609,20.759,19.0368,19.7571,1.0
2022-01-26,BNBUSDT,19.7571,21.1335,19.2595,20.8324,0.77
2022-01-27,BNBUSDT,20.8324,21.3182,19.069,19.6748,2.68
2022-01-28,BNBUSDT,19.6748,19.6748,18.2435,18.9541,0.57
2022-01-29,BNBUSDT,18.9541,19.3163,16.7161,18.4781,0.75
2022-01-30,BNBUSDT,18.4781,19.0244,18.3036,18.4427,0.3
2022-01-31,BNBUSDT,18.4427,21.4443,18.4427,19.9553,1.15
2022-02-01,BNBUSDT,19.9553,19.9553,18.0264,19.1252,1.61
2022-02-02,BNBUSDT,19.1252,19.1252,18.5842,18.8672,0.79
2022-02-03,BNBUSDT,18.8672,19.2098,17.6152,19.1235,1.45
2022-02-04,BNBUSDT,19.1235,20.3453,18.9967,20.11,0.49
2022-02-05,BNBUSDT,20.11,22.8296,19.7987,20.5525,0.39
2022-02-06,BNBUSDT,20.5525,20.7557,19.8437,20.3157,0.37
2022-02-07,BNBUSDT,20.3157,20.3157,17.4146,17.4939,1.49
2022-02-08,BNBUSDT,17.4939,18.4436,16.4895,17.159,0.94
2022-02-09,BNBUSDT,17.159,19.1191,17.159,18.5179,1.61
2022-02-10,BNBUSDT,18.5179,19.183,17.28,18.6018,0.62
2022-02-11,BNBUSDT,18.6018,18.7419,18.103,18.2771,1.56
2022-02-12,BNBUSDT,18.2771,19.5904,18.1685,19.1141,1.18
2022-02-13,BNBUSDT,19.1141,19.1141,17.2129,18.0763,1.6
2022-02-14,BNBUSDT,18.0763,18.5614,17.5224,18.3722,0.9
2022-02-15,BNBUSDT,18.3722,20.0146,17.801,18.9842,0.66
2022-02-16,BNBUSDT,18.9842,18.9842,17.9645,18.4203,0.69
2022-02-17,BNBUSDT,18.4203,19.4217,18.1362,18.1365,0.4
2022-02-18,BNBUSDT,18.1365,18.4701,17.7105,18.1238,0.36
2022-02-19,BNBUSDT,18.1238,18.1238,15.0134,16.8942,1.11
2022-02-20,BNBUSDT,16.8942,16.8942,16.4248,16.676,0.49
2022-02-21,BNBUSDT,16.676,16.676,15.4701,15.6582,0.69
2022-02-22,BNBUSDT,15.6582,17.4626,15.6582,16.0215,1.37
2022-02-23,BNBUSDT,16.0215,16.6335,15.2045,16.1932,1.16
2022-02-24,BNBUSDT,16.1932,18.002,16.1932,17.1917,2.1
2022-02-25,BNBUSDT,17.1917,17.5278,15.8929,17.0008,0.6
2022-02-26,BNBUSDT,17.0008,17.0008,15.4284,16.5092,0.46
2022-02-27,BNBUSDT,16.5092,16.5092,14.8416,15.0719,1.22
2022-02-28,BNBUSDT,15.0719,15.8321,15.0719,15.6363,0.99
2022-03-01,BNBUSDT,15.6363,16.2181,14.6765,15.8292,0.41
2022-03-02,BNBUSDT,15.8292,17.2546,15.566,16.4551,0.89
2022-03-03,BNBUSDT,16.4551,18.5124,16.4551,18.3356,2.35
2022-03-04,BNBUSDT,18.3356,18.5721,16.4775,18.0198,0.31
2022-03-05,BNBUSDT,18.0198,18.4102,18.0198,18.3407,1.35
2022-03-06,BNBUSDT,18.3407,18.3407,16.5218,17.5801,0.77
2022-03-07,BNBUSDT,17.5801,18.9613,17.1968,18.1137,0.69
2022-03-08,BNBUSDT,18.1137,18.3768,17.7974,18.351,0.82
2022-03-09,BNBUSDT,18.351,20.1783,17.4095,18.4085,0.58
2022-03-10,BNBUSDT,18.4085,20.2966,18.4085,19.5377,1.52
2022-03-11,BNBUSDT,19.5377,21.6921,19.5377,20.5214,1.38
2022-03-12,BNBUSDT,20.5214,23.1317,20.5214,22.3802,2.43
2022-03-13,BNBUSDT,22.3802,22.8851,21.2015,22.0391,0.34
2022-03-14,BNBUSDT,22.0391,22.2226,20.6088,22.0624,0.78
2022-03-15,BNBUSDT,22.0624,22.0624,20.3499,20.6512,1.06
2022-03-16,BNBUSDT,20.6512,22.1231,19.8892,20.9874,2.15
2022-03-17,BNBUSDT,20.9874,23.6291,20.9874,22.6772,0.75
2022-03-18,BNBUSDT,22.6772,22.9029,21.4875,22.8552,1.63
2022-03-19,BNBUSDT,22.8552,22.8552,20.434,22.1869,1.16
2022-03-20,BNBUSDT,22.1869,23.1733,21.8461,22.8728,1.43
2022-03-21,BNBUSDT,22.8728,24.067,22.8728,23.0958,1.11
2022-03-22,BNBUSDT,23.0958,23.1919,21.8941,23.0285,0.47
2022-03-23,BNBUSDT,23.0285,23.2507,21.9886,22.4264,0.96
2022-03-24,BNBUSDT,22.4264,22.8917,20.125,21.7323,0.98
2022-03-25,BNBUSDT,21.7323,23.4644,19.3857,21.1205,1.27
2022-03-26,BNBUSDT,21.1205,23.8514,21.1205,22.1168,1.89
2022-03-27,BNBUSDT,22.1168,24.1444,22.1168,22.7637,0.96
2022-03-28,BNBUSDT,22.7637,24.1253,22.7637,23.3313,0.97
2022-03-29,BNBUSDT,23.3313,27.164,23.3313,24.7188,1.5
2022-03-30,BNBUSDT,24.7188,25.4828,24.7188,25.3075,1.6
2022-03-31,BNBUSDT,25.3075,25.3075,23.9649,24.2727,1.71
2022-04-01,BNBUSDT,24.2727,24.9752,24.2727,24.9059,0.96
2022-04-02,BNBUSDT,24.9059,24.9059,22.1862,22.4439,1.79
2022-04-03,BNBUSDT,22.4439,22.4439,20.817,21.0504,1.88
2022-04-04,BNBUSDT,21.0504,21.643,20.7729,21.0873,0.89
2022-04-05,BNBUSDT,21.0873,22.295,21.052,22.1051,1.72
2022-04-06,BNBUSDT,22.1051,24.3092,22.1051,23.6378,2.38
2022-04-07,BNBUSDT,23.6378,23.6378,22.0101,22.7633,2.84
2022-04-08,BNBUSDT,22.7633,24.2751,22.206,22.7703,1.14
2022-04-09,BNBUSDT,22.7703,25.0987,21.9932,24.5922,2.61
2022-04-10,BNBUSDT,24.5922,28.5243,24.5922,27.1145,1.5
2022-04-11,BNBUSDT,27.1145,28.6539,25.6197,27.6415,0.93
2022-04-12,BNBUSDT,27.6415,28.7689,27.1536,28.5742,1.53
2022-04-13,BNBUSDT,28.5742,30.3193,27.232,29.0382,1.95
2022-04-14,BNBUSDT,29.0382,36.038,29.0382,32.7744,2.95
2022-04-15,BNBUSDT,32.7744,32.7744,29.9042,31.5795,0.84
2022-04-16,BNBUSDT,31.5795,34.0341,31.5795,33.1683,1.4
2022-04-17,BNBUSDT,33.1683,38.0973,33.1683,36.2945,2.69
2022-04-18,BNBUSDT,36.2945,38.3193,36.2945,37.9104,0.38
2022-04-19,BNBUSDT,37.9104,37.9104,35.6963,36.5852,1.71
2022-04-20,BNBUSDT,36.5852,36.5852,34.4798,34.9359,0.66
2022-04-21,BNBUSDT,34.9359,34.9359,32.4335,33.1003,1.38
2022-04-22,BNBUSDT,33.1003,35.0183,33.1003,34.8948,1.01
2022-04-23,BNBUSDT,34.8948,34.8948,31.2279,31.9121,4.65
2022-04-24,BNBUSDT,31.9121,33.042,31.9121,33.0328,1.13
2022-04-25,BNBUSDT,33.0328,34.0393,32.5576,33.0133,1.99
2022-04-26,BNBUSDT,33.0133,36.3625,32.99,34.4107,0.75
2022-04-27,BNBUSDT,34.4107,40.4252,34.4107,39.6454,3.28
2022-04-28,BNBUSDT,39.6454,39.6454,36.0901,37.7959,3.12
2022-04-29,BNBUSDT,37.7959,38.2396,35.8285,37.4309,0.83
2022-04-30,BNBUSDT,37.4309,41.7508,37.4309,38.783,1.68
2022-05-01,BNBUSDT,38.783,45.3833,38.783,42.0291,2.75
2022-05-02,BNBUSDT,42.0291,42.0291,37.3303,38.1009,1.42
2022-05-03,BNBUSDT,38.1009,38.1009,32.5399,34.4629,1.1
2022-05-04,BNBUSDT,34.4629,34.9795,33.655,34.4896,0.84
2022-05-05,BNBUSDT,34.4896,36.9556,34.318,36.8483,6.3
2022-05-06,BNBUSDT,36.8483,39.2619,36.8483,38.999,1.52
2022-05-07,BNBUSDT,38.999,42.1935,38.5596,39.1872,0.93
2022-05-08,BNBUSDT,39.1872,40.1475,34.8623,38.764,2.11
2022-05-09,BNBUSDT,38.764,40.7258,38.764,39.9621,0.67
2022-05-10,BNBUSDT,39.9621,43.3524,39.8746,42.8119,1.12
2022-05-11,BNBUSDT,42.8119,46.5664,41.4219,44.3274,0.7
2022-05-12,BNBUSDT,44.3274,45.3356,41.5496,41.573,1.04
2022-05-13,BNBUSDT,41.573,43.3034,38.254,40.6655,0.88
2022-05-14,BNBUSDT,40.6655,42.7369,40.6655,41.6082,0.7
2022-05-15,BNBUSDT,41.6082,41.6082,38.8341,39.7973,1.39
2022-05-16,BNBUSDT,39.7973,41.5766,38.5395,41.0541,0.75
2022-05-17,BNBUSDT,41.0541,45.4899,41.0541,42.4455,0.48
2022-05-18,BNBUSDT,42.4455,43.3642,40.3671,42.2225,0.36
2022-05-19,BNBUSDT,42.2225,47.9846,42.2225,47.3799,1.31
2022-05-20,BNBUSDT,47.3799,48.4095,44.2529,46.9781,0.57
2022-05-21,BNBUSDT,46.9781,46.9781,40.3693,41.3462,3.22
2022-05-22,BNBUSDT,41.3462,41.3462,33.582,35.7164,2.14
2022-05-23,BNBUSDT,35.7164,35.7164,33.9738,34.4548,0.82
2022-05-24,BNBUSDT,34.4548,36.4231,34.4548,35.8103,1.1
2022-05-25,BNBUSDT,35.8103,39.3122,34.2006,38.698,1.93
2022-05-26,BNBUSDT,38.698,38.698,35.8841,36.8616,1.18
2022-05-27,BNBUSDT,36.8616,36.8616,30.3103,34.4968,1.36
2022-05-28,BNBUSDT,34.4968,37.1322,34.4968,36.1748,1.86
2022-05-29,BNBUSDT,36.1748,42.973,36.1748,39.5737,0.94
2022-05-30,BNBUSDT,39.5737,41.1263,37.8595,39.7339,0.99
2022-05-31,BNBUSDT,39.7339,39.7339,33.2913,36.869,2.08
2022-06-01,BNBUSDT,36.869,39.7512,36.869,38.301,2.11
2022-06-02,BNBUSDT,38.301,39.6783,34.2805,36.1835,1.18
2022-06-03,BNBUSDT,36.1835,36.1835,30.8135,32.7334,2.31
2022-06-04,BNBUSDT,32.7334,36.6795,32.2897,35.1119,2.58
2022-06-05,BNBUSDT,35.1119,39.2576,35.1119,37.6301,2.0
2022-06-06,BNBUSDT,37.6301,40.7616,36.319,38.4442,0.62
2022-06-07,BNBUSDT,38.4442,40.1282,37.6538,39.6868,3.23
2022-06-08,BNBUSDT,39.6868,40.206,36.0504,37.2805,1.33
2022-06-09,BNBUSDT,37.2805,39.9404,34.6845,35.645,1.52
2022-06-10,BNBUSDT,35.645,35.645,28.0092,29.9264,4.62
2022-06-11,BNBUSDT,29.9264,29.9264,28.3573,29.1511,1.35
2022-06-12,BNBUSDT,29.1511,29.1511,27.6935,28.6328,0.86
2022-06-13,BNBUSDT,28.6328,29.941,28.6328,29.8248,1.1
2022-06-14,BNBUSDT,29.8248,29.8248,24.8802,26.6266,5.12
2022-06-15,BNBUSDT,26.6266,29.3361,25.5518,27.2694,0.64
2022-06-16,BNBUSDT,27.2694,29.8155,27.2694,28.2163,0.37
2022-06-17,BNBUSDT,28.2163,30.2656,27.4686,29.4405,2.25
2022-06-18,BNBUSDT,29.4405,30.7756,29.4276,30.0474,2.45
2022-06-19,BNBUSDT,30.0474,30.0474,24.3945,25.0297,2.41
2022-06-20,BNBUSDT,25.0297,25.0297,22.0103,23.4996,4.07
2022-06-21,BNBUSDT,23.4996,25.2085,23.3667,24.8583,2.77
2022-06-22,BNBUSDT,24.8583,25.6747,24.2662,25.0973,0.83
2022-06-23,BNBUSDT,25.0973,25.0973,21.5438,22.0339,2.37
2022-06-24,BNBUSDT,22.0339,23.7389,21.4108,22.7734,4.39
2022-06-25,BNBUSDT,22.7734,25.5568,22.7734,23.772,1.66
2022-06-26,BNBUSDT,23.772,23.772,20.9883,21.1624,1.13
2022-06-27,BNBUSDT,21.1624,23.1393,20.1594,22.4321,0.71
2022-06-28,BNBUSDT,22.4321,23.0334,18.8043,21.7539,1.33
2022-06-29,BNBUSDT,21.7539,22.7298,21.5975,21.7065,1.49
2022-06-30,BNBUSDT,21.7065,21.8232,19.2923,20.9933,2.48
2022-07-01,BNBUSDT,20.9933,20.9933,19.1357,19.1966,2.22
2022-07-02,BNBUSDT,19.1966,19.1966,18.1325,18.186,2.01
2022-07-03,BNBUSDT,18.186,18.186,15.8383,16.0912,4.46
2022-07-04,BNBUSDT,16.0912,18.5362,16.0912,17.7994,3.33
2022-07-05,BNBUSDT,17.7994,19.0797,17.7045,18.8987,3.8
2022-07-06,BNBUSDT,18.8987,18.8987,17.8543,17.8849,0.82
2022-07-07,BNBUSDT,17.8849,19.0807,17.8849,18.3327,3.83
2022-07-08,BNBUSDT,18.3327,19.6452,18.3327,18.7969,2.49
2022-07-09,BNBUSDT,18.7969,21.6405,18.7969,20.1044,3.69
2022-07-10,BNBUSDT,20.1044,22.5109,20.1044,21.4972,2.79
2022-07-11,BNBUSDT,21.4972,23.5084,21.4972,22.0976,1.23
2022-07-12,BNBUSDT,22.0976,23.5405,21.7897,22.0566,1.33
2022-07-13,BNBUSDT,22.0566,22.0566,19.419,20.4648,3.17
2022-07-14,BNBUSDT,20.4648,20.8491,20.4648,20.8412,1.55
2022-07-15,BNBUSDT,20.8412,21.945,20.3762,21.1066,2.85
2022-07-16,BNBUSDT,21.1066,21.1066,17.9603,18.2574,4.64
2022-07-17,BNBUSDT,18.2574,20.0655,18.2574,19.3327,1.31
2022-07-18,BNBUSDT,19.3327,19.8279,18.5671,19.1495,1.29
2022-07-19,BNBUSDT,19.1495,22.044,19.1495,20.354,2.21
2022-07-20,BNBUSDT,20.354,20.739,18.8396,20.3517,2.17
2022-07-21,BNBUSDT,20.3517,21.3738,20.3517,21.267,4.26
2022-07-22,BNBUSDT,21.267,23.1036,20.1575,22.6817,3.67
2022-07-23,BNBUSDT,22.6817,22.6817,20.7651,21.5152,2.62
2022-07-24,BNBUSDT,21.5152,23.8722,21.5152,23.0112,1.89
2022-07-25,BNBUSDT,23.0112,24.894,22.4601,23.2591,2.06
2022-07-26,BNBUSDT,23.2591,26.5226,21.9142,23.5773,0.88
2022-07-27,BNBUSDT,23.5773,23.8331,21.0571,22.517,1.57
2022-07-28,BNBUSDT,22.517,22.517,19.8374,20.7801,1.73
2022-07-29,BNBUSDT,20.7801,21.3976,20.3159,20.9683,1.06
2022-07-30,BNBUSDT,20.9683,20.9683,19.6445,19.8828,2.23
2022-07-31,BNBUSDT,19.8828,19.8828,19.4977,19.6218,1.74
2022-08-01,BNBUSDT,19.6218,19.6218,17.7486,17.9382,2.54
2022-08-02,BNBUSDT,17.9382,17.9382,16.5351,17.4095,3.12
2022-08-03,BNBUSDT,17.4095,18.7893,17.4095,18.2741,3.59
2022-08-04,BNBUSDT,18.2741,18.6718,17.8842,17.8862,2.18
2022-08-05,BNBUSDT,17.8862,17.8862,16.1864,16.7676,3.13
2022-08-06,BNBUSDT,16.7676,19.054,16.7676,18.3094,4.95
2022-08-07,BNBUSDT,18.3094,19.7688,16.3812,19.0733,5.88
2022-08-08,BNBUSDT,19.0733,19.0733,18.1281,18.2513,2.5
2022-08-09,BNBUSDT,18.2513,18.9001,16.8278,17.7227,3.0
2022-08-10,BNBUSDT,17.7227,19.5797,17.7227,19.2172,2.07
2022-08-11,BNBUSDT,19.2172,21.4955,19.2172,20.2355,3.52
2022-08-12,BNBUSDT,20.2355,21.6197,20.1165,20.3038,2.52
2022-08-13,BNBUSDT,20.3038,22.8595,19.4913,21.4427,2.85
2022-08-14,BNBUSDT,21.4427,21.4427,19.5885,20.3746,2.22
2022-08-15,BNBUSDT,20.3746,22.7108,20.3746,22.0809,3.98
2022-08-16,BNBUSDT,22.0809,23.2529,21.9889,22.5036,1.21
2022-08-17,BNBUSDT,22.5036,24.1861,22.5036,23.8663,3.41
2022-08-18,BNBUSDT,23.8663,24.6996,23.0368,23.6651,0.98
2022-08-19,BNBUSDT,23.6651,23.6651,22.3134,23.3094,2.91
2022-08-20,BNBUSDT,23.3094,30.5218,23.3094,27.057,14.11
2022-08-21,BNBUSDT,27.057,29.5702,27.057,28.6572,4.89
2022-08-22,BNBUSDT,28.6572,31.8578,28.6572,30.302,5.62
2022-08-23,BNBUSDT,30.302,32.7296,26.924,30.5832,1.88
2022-08-24,BNBUSDT,30.5832,31.3874,30.1478,31.3854,1.65
2022-08-25,BNBUSDT,31.3854,31.3854,30.5729,31.2279,2.08
2022-08-26,BNBUSDT,31.2279,33.3422,31.2279,32.6033,0.96
2022-08-27,BNBUSDT,32.6033,32.6033,30.7881,31.3502,0.78
2022-08-28,BNBUSDT,31.3502,31.3502,28.7261,29.3418,1.99
2022-08-29,BNBUSDT,29.3418,34.3316,29.3418,32.5323,2.78
2022-08-30,BNBUSDT,32.5323,35.5131,31.6913,31.7214,1.05
2022-08-31,BNBUSDT,31.7214,32.6989,31.334,31.9056,0.61
2022-09-01,BNBUSDT,31.9056,33.4068,30.5517,31.9606,1.16
2022-09-02,BNBUSDT,31.9606,35.4309,31.9606,32.3082,0.55
2022-09-03,BNBUSDT,32.3082,37.4014,32.3082,35.797,3.05
2022-09-04,BNBUSDT,35.797,35.797,33.8531,34.2753,1.16
2022-09-05,BNBUSDT,34.2753,40.901,34.2753,37.8864,2.75
2022-09-06,BNBUSDT,37.8864,42.3068,37.2008,37.7338,1.39
2022-09-07,BNBUSDT,37.7338,39.6867,37.7147,37.7305,0.39
2022-09-08,BNBUSDT,37.7305,37.7305,32.3639,33.2254,3.54
2022-09-09,BNBUSDT,33.2254,35.5815,33.2254,35.3326,1.8
2022-09-10,BNBUSDT,35.3326,37.3685,33.0923,35.2474,1.23
2022-09-11,BNBUSDT,35.2474,37.1588,34.5906,34.8531,0.77
2022-09-12,BNBUSDT,34.8531,35.7021,34.8531,35.5599,1.62
2022-09-13,BNBUSDT,35.5599,35.5599,33.9533,34.5559,1.04
2022-09-14,BNBUSDT,34.5559,34.5559,32.444,32.5249,1.03
2022-09-15,BNBUSDT,32.5249,33.8875,30.4086,32.1864,3.42
2022-09-16,BNBUSDT,32.1864,36.1224,32.1864,35.0752,2.92
2022-09-17,BNBUSDT,35.0752,38.4437,31.0606,33.9579,2.08
2022-09-18,BNBUSDT,33.9579,33.9579,32.2734,32.3171,0.89
2022-09-19,BNBUSDT,32.3171,34.8262,30.6566,32.0409,0.92
2022-09-20,BNBUSDT,32.0409,32.0409,30.7546,30.8727,2.45
2022-09-21,BNBUSDT,30.8727,31.9408,28.8748,29.4338,2.75
2022-09-22,BNBUSDT,29.4338,29.4338,27.67,29.0263,2.5
2022-09-23,BNBUSDT,29.0263,29.0263,25.8343,26.069,8.27
2022-09-24,BNBUSDT,26.069,27.7701,26.069,26.2552,1.68
2022-09-25,BNBUSDT,26.2552,29.2013,26.0138,27.2406,2.51
2022-09-26,BNBUSDT,27.2406,27.2406,23.8591,25.7262,2.52
2022-09-27,BNBUSDT,25.7262,25.7262,25.2592,25.3006,1.28
2022-09-28,BNBUSDT,25.3006,25.3006,21.2674,22.7616,1.74
2022-09-29,BNBUSDT,22.7616,23.9142,21.8026,22.5824,0.89
2022-09-30,BNBUSDT,22.5824,22.5824,19.7336,20.9902,4.54
2022-10-01,BNBUSDT,20.9902,22.0245,20.0172,21.3756,1.46
2022-10-02,BNBUSDT,21.3756,25.6102,21.3756,23.2406,1.6
2022-10-03,BNBUSDT,23.2406,23.2406,20.7278,21.8435,8.53
2022-10-04,BNBUSDT,21.8435,21.8435,19.6142,20.8187,1.12
2022-10-05,BNBUSDT,20.8187,20.8892,20.1972,20.7108,2.12
2022-10-06,BNBUSDT,20.7108,22.1577,19.9229,20.9979,1.24
2022-10-07,BNBUSDT,20.9979,20.9979,17.7137,19.4295,2.37
2022-10-08,BNBUSDT,19.4295,21.1778,18.0491,18.9656,2.91
2022-10-09,BNBUSDT,18.9656,21.1732,18.8948,20.1102,1.59
2022-10-10,BNBUSDT,20.1102,20.486,18.7578,19.6802,4.93
2022-10-11,BNBUSDT,19.6802,19.6802,18.4498,19.2198,2.45
2022-10-12,BNBUSDT,19.2198,21.9674,19.2198,21.3273,4.34
2022-10-13,BNBUSDT,21.3273,21.3273,20.2565,20.7405,1.57
2022-10-14,BNBUSDT,20.7405,20.7405,19.0411,19.1153,3.02
2022-10-15,BNBUSDT,19.1153,19.4666,18.7827,19.3194,2.2
2022-10-16,BNBUSDT,19.3194,19.3194,18.3793,18.9305,2.54
2022-10-17,BNBUSDT,18.9305,20.6327,18.9305,19.8325,2.38
2022-10-18,BNBUSDT,19.8325,23.3507,19.8325,21.498,3.43
2022-10-19,BNBUSDT,21.498,22.7986,20.8356,22.2533,2.09
2022-10-20,BNBUSDT,22.2533,25.0149,22.2533,23.6661,3.82
2022-10-21,BNBUSDT,23.6661,24.872,23.541,24.1443,2.65
2022-10-22,BNBUSDT,24.1443,24.1443,20.7849,22.8432,2.48
2022-10-23,BNBUSDT,22.8432,25.9238,22.8432,23.8948,1.62
2022-10-24,BNBUSDT,23.8948,25.256,23.2123,23.9089,4.16
2022-10-25,BNBUSDT,23.9089,26.2613,23.3872,24.8643,3.21
2022-10-26,BNBUSDT,24.8643,27.0945,24.7482,25.3635,1.21
2022-10-27,BNBUSDT,25.3635,26.7979,25.3635,26.2095,1.67
2022-10-28,BNBUSDT,26.2095,27.6015,25.5621,27.1769,1.68
2022-10-29,BNBUSDT,27.1769,28.536,26.5657,26.9828,1.55
2022-10-30,BNBUSDT,26.9828,27.9574,25.698,27.2391,3.91
2022-10-31,BNBUSDT,27.2391,28.9382,25.4225,27.2969,1.65
2022-11-01,BNBUSDT,27.2969,27.2969,25.4827,25.6737,3.06
2022-11-02,BNBUSDT,25.6737,27.8811,24.6544,26.103,1.84
2022-11-03,BNBUSDT,26.103,29.7503,25.6149,27.8529,4.28
2022-11-04,BNBUSDT,27.8529,30.4019,27.8529,29.1793,2.72
2022-11-05,BNBUSDT,29.1793,29.1793,25.6448,27.2099,3.5
2022-11-06,BNBUSDT,27.2099,27.7978,26.2248,26.8986,2.16
2022-11-07,BNBUSDT,26.8986,30.9101,26.8986,28.789,1.13
2022-11-08,BNBUSDT,28.789,30.0786,26.4087,28.6193,0.53
2022-11-09,BNBUSDT,28.6193,28.6193,25.511,28.0718,2.33
2022-11-10,BNBUSDT,28.0718,29.2002,26.9497,27.3251,5.16
2022-11-11,BNBUSDT,27.3251,30.3271,27.3251,30.1433,5.43
2022-11-12,BNBUSDT,30.1433,32.0893,30.1433,31.3836,2.08
2022-11-13,BNBUSDT,31.3836,32.4598,29.2817,30.9241,1.39
2022-11-14,BNBUSDT,30.9241,31.0506,28.8077,29.4022,2.7
2022-11-15,BNBUSDT,29.4022,29.4022,23.9451,24.534,3.81
2022-11-16,BNBUSDT,24.534,25.6015,24.534,25.3041,1.14
2022-11-17,BNBUSDT,25.3041,25.3041,21.7802,23.0297,7.46
2022-11-18,BNBUSDT,23.0297,23.0297,21.3692,22.0869,3.85
2022-11-19,BNBUSDT,22.0869,22.0869,20.9646,21.5484,2.81
2022-11-20,BNBUSDT,21.5484,21.5484,19.7004,19.8888,1.43
2022-11-21,BNBUSDT,19.8888,20.9428,19.8888,20.645,2.95
2022-11-22,BNBUSDT,20.645,22.5464,20.6392,20.6566,2.21
2022-11-23,BNBUSDT,20.6566,20.6566,18.744,18.8001,8.28
2022-11-24,BNBUSDT,18.8001,18.8001,17.3884,18.2681,1.88
2022-11-25,BNBUSDT,18.2681,19.4177,18.2681,18.8318,1.28
2022-11-26,BNBUSDT,18.8318,19.6834,18.4229,19.0199,3.22
2022-11-27,BNBUSDT,19.0199,19.0199,16.3307,17.4131,6.2
2022-11-28,BNBUSDT,17.4131,17.4131,16.4284,16.6969,7.65
2022-11-29,BNBUSDT,16.6969,16.898,16.3936,16.5663,3.97
2022-11-30,BNBUSDT,16.5663,16.5663,15.6978,16.0206,2.83
2022-12-01,BNBUSDT,16.0206,16.0206,14.253,14.5533,13.69
2022-12-02,BNBUSDT,14.5533,15.0795,13.3415,14.0627,4.86
2022-12-03,BNBUSDT,14.0627,14.5927,14.0627,14.5505,6.56
2022-12-04,BNBUSDT,14.5505,14.5505,12.693,13.0393,7.0
2022-12-05,BNBUSDT,13.0393,13.0393,12.1404,12.2843,9.81
2022-12-06,BNBUSDT,12.2843,13.1821,12.2843,13.0438,3.84
2022-12-07,BNBUSDT,13.0438,13.0438,10.3726,11.7463,10.33
2022-12-08,BNBUSDT,11.7463,11.7463,10.7463,11.1046,6.6
2022-12-09,BNBUSDT,11.1046,11.5921,10.762,11.2992,1.82
2022-12-10,BNBUSDT,11.2992,12.5489,11.088,11.6644,4.64
2022-12-11,BNBUSDT,11.6644,11.6644,10.1552,10.9072,7.32
2022-12-12,BNBUSDT,10.9072,10.9072,9.3792,9.6985,25.89
2022-12-13,BNBUSDT,9.6985,11.0636,9.6985,10.8443,7.91
2022-12-14,BNBUSDT,10.8443,11.7968,10.8443,11.7404,7.55
2022-12-15,BNBUSDT,11.7404,11.8508,11.4383,11.7566,4.37
2022-12-16,BNBUSDT,11.7566,12.4762,11.7566,12.0704,8.61
2022-12-17,BNBUSDT,12.0704,12.681,10.6204,11.9587,3.01
2022-12-18,BNBUSDT,11.9587,13.5133,11.9587,12.4446,6.44
2022-12-19,BNBUSDT,12.4446,13.6703,11.819,12.4149,2.03
2022-12-20,BNBUSDT,12.4149,12.8526,11.2624,12.73,2.93
2022-12-21,BNBUSDT,12.73,13.6437,12.4719,12.6248,4.25
2022-12-22,BNBUSDT,12.6248,13.711,12.4145,12.4795,3.16
2022-12-23,BNBUSDT,12.4795,13.252,12.2864,12.4698,4.1
2022-12-24,BNBUSDT,12.4698,12.4698,10.5773,11.2721,9.44
2022-12-25,BNBUSDT,11.2721,11.4868,10.3589,10.5736,5.36
2022-12-26,BNBUSDT,10.5736,10.9243,10.3651,10.6641,5.83
2022-12-27,BNBUSDT,10.6641,11.4259,10.6641,11.1187,2.22
2022-12-28,BNBUSDT,11.1187,11.3955,10.2,10.4725,4.64
2022-12-29,BNBUSDT,10.4725,10.7149,10.063,10.1114,3.61
2022-12-30,BNBUSDT,10.1114,10.1114,9.7009,9.8272,6.65
2022-12-31,BNBUSDT,9.8272,10.536,8.6247,9.6288,5.49
2023-01-01,BNBUSDT,9.6288,23.3102,9.6288,22.9423,7.37
2023-01-02,BNBUSDT,22.9423,22.9423,20.6276,21.8059,3.68
2023-01-03,BNBUSDT,21.8059,24.6973,21.8059,23.4091,1.89
2023-01-04,BNBUSDT,23.4091,26.2264,22.0688,24.3982,1.47
2023-01-05,BNBUSDT,24.3982,26.5796,24.3982,26.3437,3.93
2023-01-06,BNBUSDT,26.3437,29.5097,26.3437,27.6854,2.49
2023-01-07,BNBUSDT,27.6854,29.2137,26.181,27.7886,0.78
2023-01-08,BNBUSDT,27.7886,30.1451,27.7886,29.309,2.67
2023-01-09,BNBUSDT,29.309,34.4342,28.3598,31.4192,2.84
2023-01-10,BNBUSDT,31.4192,34.8018,31.4192,33.8078,1.5
2023-01-11,BNBUSDT,33.8078,33.9334,32.0988,33.6986,1.07
2023-01-12,BNBUSDT,33.6986,35.1891,33.6986,34.8792,0.61
2023-01-13,BNBUSDT,34.8792,38.9346,34.8792,36.7035,2.44
2023-01-14,BNBUSDT,36.7035,36.7035,33.3012,36.109,1.95
2023-01-15,BNBUSDT,36.109,38.7566,35.2648,36.8536,1.99
2023-01-16,BNBUSDT,36.8536,39.5627,34.0632,36.8582,0.72
2023-01-17,BNBUSDT,36.8582,39.1835,32.8011,38.7233,3.67
2023-01-18,BNBUSDT,38.7233,42.3058,38.7233,40.1679,1.01
2023-01-19,BNBUSDT,40.1679,40.1679,37.8313,39.2986,1.81
2023-01-20,BNBUSDT,39.2986,39.2986,35.526,37.1721,1.04
2023-01-21,BNBUSDT,37.1721,37.9432,33.7847,36.4494,1.99
2023-01-22,BNBUSDT,36.4494,36.5392,33.6413,34.3907,2.47
2023-01-23,BNBUSDT,34.3907,36.2846,32.5497,33.4457,2.25
2023-01-24,BNBUSDT,33.4457,33.4457,30.5087,30.5515,2.92
2023-01-25,BNBUSDT,30.5515,34.3208,30.5515,31.9402,1.81
2023-01-26,BNBUSDT,31.9402,32.0476,31.3255,31.778,1.64
2023-01-27,BNBUSDT,31.778,33.4651,29.7219,31.5286,2.49
2023-01-28,BNBUSDT,31.5286,32.0613,31.5286,32.0338,0.74
2023-01-29,BNBUSDT,32.0338,36.1217,32.0338,34.5158,1.46
2023-01-30,BNBUSDT,34.5158,34.5158,31.916,32.0758,1.82
2023-01-31,BNBUSDT,32.0758,34.1441,30.1352,32.6403,0.95
2023-02-01,BNBUSDT,32.6403,34.03,30.4704,33.0566,0.97
2023-02-02,BNBUSDT,33.0566,34.5328,32.4716,34.0768,3.39
2023-02-03,BNBUSDT,34.0768,34.0768,32.0823,32.2377,4.32
2023-02-04,BNBUSDT,32.2377,35.366,31.0507,32.6168,0.78
2023-02-05,BNBUSDT,32.6168,33.0573,31.7593,32.6892,1.2
2023-02-06,BNBUSDT,32.6892,37.1328,32.6892,35.3173,4.43
2023-02-07,BNBUSDT,35.3173,36.185,34.2725,35.4036,1.47
2023-02-08,BNBUSDT,35.4036,36.5877,35.4036,35.939,1.64
2023-02-09,BNBUSDT,35.939,36.1135,32.6347,33.4474,3.72
2023-02-10,BNBUSDT,33.4474,33.4474,30.5148,32.6507,2.51
2023-02-11,BNBUSDT,32.6507,35.9959,32.6195,34.7317,2.1
2023-02-12,BNBUSDT,34.7317,35.5135,32.2318,33.9587,1.32
2023-02-13,BNBUSDT,33.9587,34.9594,32.8079,33.2668,0.52
2023-02-14,BNBUSDT,33.2668,34.3527,33.2668,34.2776,1.88
2023-02-15,BNBUSDT,34.2776,34.2776,30.7714,32.3291,1.6
2023-02-16,BNBUSDT,32.3291,37.002,32.3291,35.0736,2.07
2023-02-17,BNBUSDT,35.0736,35.0736,31.0167,32.6886,3.11
2023-02-18,BNBUSDT,32.6886,32.6886,29.9084,29.9088,2.24
2023-02-19,BNBUSDT,29.9088,31.8154,29.9012,30.694,1.76
2023-02-20,BNBUSDT,30.694,31.4617,29.339,29.4397,0.86
2023-02-21,BNBUSDT,29.4397,31.1524,29.4397,30.7783,1.09
2023-02-22,BNBUSDT,30.7783,34.2569,30.7783,32.0178,2.52
2023-02-23,BNBUSDT,32.0178,32.0178,29.492,29.813,1.28
2023-02-24,BNBUSDT,29.813,30.1064,27.1473,29.632,0.81
2023-02-25,BNBUSDT,29.632,29.632,26.6767,27.3335,3.36
2023-02-26,BNBUSDT,27.3335,28.1814,27.2718,27.9549,0.73
2023-02-27,BNBUSDT,27.9549,27.9549,26.0131,26.9074,1.79
2023-02-28,BNBUSDT,26.9074,28.3272,25.5316,26.4974,0.73
2023-03-01,BNBUSDT,26.4974,29.5236,26.4974,27.4234,1.72
2023-03-02,BNBUSDT,27.4234,27.4234,25.525,26.3961,2.45
2023-03-03,BNBUSDT,26.3961,28.2587,26.2915,26.9,1.82
2023-03-04,BNBUSDT,26.9,29.9702,26.9,27.8484,1.38
2023-03-05,BNBUSDT,27.8484,27.9188,24.1313,26.0509,1.49
2023-03-06,BNBUSDT,26.0509,27.6925,26.0509,26.3932,1.21
2023-03-07,BNBUSDT,26.3932,26.3932,20.6024,21.5768,1.89
2023-03-08,BNBUSDT,21.5768,21.5768,20.5347,21.4498,1.31
2023-03-09,BNBUSDT,21.4498,23.475,21.4498,23.1905,2.55
2023-03-10,BNBUSDT,23.1905,23.7234,21.629,22.034,0.95
2023-03-11,BNBUSDT,22.034,22.5027,21.7549,22.3363,0.91
2023-03-12,BNBUSDT,22.3363,24.5096,21.206,23.9289,1.88
2023-03-13,BNBUSDT,23.9289,25.6281,23.5013,23.9084,2.36
2023-03-14,BNBUSDT,23.9084,23.9084,21.1395,22.4448,1.65
2023-03-15,BNBUSDT,22.4448,26.0555,22.4448,23.7989,2.17
2023-03-16,BNBUSDT,23.7989,24.0122,21.1736,22.7209,1.18
2023-03-17,BNBUSDT,22.7209,23.6546,22.3804,23.4806,1.48
2023-03-18,BNBUSDT,23.4806,26.3592,23.4806,25.8609,3.3
2023-03-19,BNBUSDT,25.8609,26.2133,25.1212,25.6528,2.33
2023-03-20,BNBUSDT,25.6528,25.6528,22.2943,22.67,1.08
2023-03-21,BNBUSDT,22.67,22.67,18.5312,19.981,3.17
2023-03-22,BNBUSDT,19.981,19.981,18.5357,19.0535,1.7
2023-03-23,BNBUSDT,19.0535,20.6948,19.0535,20.0251,1.73
2023-03-24,BNBUSDT,20.0251,20.0251,17.81,18.2817,3.4
2023-03-25,BNBUSDT,18.2817,20.1628,18.2271,19.0746,1.32
2023-03-26,BNBUSDT,19.0746,20.6077,19.0746,20.0122,2.7
2023-03-27,BNBUSDT,20.0122,22.3811,20.0122,21.3733,1.81
2023-03-28,BNBUSDT,21.3733,22.4785,21.3302,22.1421,0.78
2023-03-29,BNBUSDT,22.1421,25.9445,22.1421,24.2825,4.37
2023-03-30,BNBUSDT,24.2825,24.4125,22.6007,22.9965,3.01
2023-03-31,BNBUSDT,22.9965,26.4238,22.9965,25.6961,1.53
2023-04-01,BNBUSDT,25.6961,25.6961,23.0911,24.7725,1.02
2023-04-02,BNBUSDT,24.7725,24.7725,21.2225,23.8929,2.1
2023-04-03,BNBUSDT,23.8929,24.7337,23.5142,23.5641,1.08
2023-04-04,BNBUSDT,23.5641,25.7749,23.5641,24.7441,1.67
2023-04-05,BNBUSDT,24.7441,30.212,24.7441,27.8661,1.68
2023-04-06,BNBUSDT,27.8661,30.9574,27.8661,29.9215,1.69
2023-04-07,BNBUSDT,29.9215,32.6786,29.9215,31.2123,1.1
2023-04-08,BNBUSDT,31.2123,32.289,29.752,32.0516,0.5
2023-04-09,BNBUSDT,32.0516,32.0516,29.3852,29.7024,1.3
2023-04-10,BNBUSDT,29.7024,32.213,29.7024,31.3001,2.68
2023-04-11,BNBUSDT,31.3001,31.3001,27.5298,28.6924,2.57
2023-04-12,BNBUSDT,28.6924,30.4059,28.6924,30.0892,1.27
2023-04-13,BNBUSDT,30.0892,35.553,30.0892,32.8424,1.26
2023-04-14,BNBUSDT,32.8424,36.0161,32.8424,34.6919,1.81
2023-04-15,BNBUSDT,34.6919,37.7982,34.6919,37.5629,0.87
2023-04-16,BNBUSDT,37.5629,42.9002,37.5629,41.8273,1.31
2023-04-17,BNBUSDT,41.8273,41.8273,37.7401,39.5785,5.66
2023-04-18,BNBUSDT,39.5785,41.0884,35.8531,37.182,0.74
2023-04-19,BNBUSDT,37.182,37.182,32.1801,32.9452,2.1
2023-04-20,BNBUSDT,32.9452,38.4881,32.9452,37.1098,3.23
2023-04-21,BNBUSDT,37.1098,37.1098,32.7335,35.6972,2.15
2023-04-22,BNBUSDT,35.6972,38.4672,35.5199,37.4038,1.22
2023-04-23,BNBUSDT,37.4038,40.3146,36.5226,37.7745,1.76
2023-04-24,BNBUSDT,37.7745,40.3893,37.7745,39.7128,1.84
2023-04-25,BNBUSDT,39.7128,39.7128,36.8223,36.8701,2.43
2023-04-26,BNBUSDT,36.8701,36.8701,31.3166,32.8872,3.96
2023-04-27,BNBUSDT,32.8872,34.3727,32.8872,33.7609,1.58
2023-04-28,BNBUSDT,33.7609,33.7609,30.3741,32.1275,2.0
2023-04-29,BNBUSDT,32.1275,35.6261,32.1275,34.6847,2.44
2023-04-30,BNBUSDT,34.6847,36.8239,34.0849,34.5034,1.83
2023-05-01,BNBUSDT,34.5034,34.5034,33.2114,33.9937,1.53
2023-05-02,BNBUSDT,33.9937,34.0187,29.6042,32.4355,3.11
2023-05-03,BNBUSDT,32.4355,32.8298,29.503,32.0375,1.59
2023-05-04,BNBUSDT,32.0375,32.5301,29.3086,31.7644,0.81
2023-05-05,BNBUSDT,31.7644,37.3345,31.7644,35.6582,3.24
2023-05-06,BNBUSDT,35.6582,37.1724,33.1254,35.2928,0.89
2023-05-07,BNBUSDT,35.2928,35.2928,31.0278,31.6189,1.95
2023-05-08,BNBUSDT,31.6189,31.6189,27.8181,30.1945,1.57
2023-05-09,BNBUSDT,30.1945,30.9652,30.1574,30.794,2.1
2023-05-10,BNBUSDT,30.794,33.2422,30.794,32.9291,1.59
2023-05-11,BNBUSDT,32.9291,37.18,32.4204,34.8183,1.21
2023-05-12,BNBUSDT,34.8183,34.8183,31.5126,32.0238,1.96
2023-05-13,BNBUSDT,32.0238,36.8374,32.0238,35.9023,3.31
2023-05-14,BNBUSDT,35.9023,36.4038,34.7909,36.1437,1.28
2023-05-15,BNBUSDT,36.1437,39.3192,35.4192,36.2877,1.41
2023-05-16,BNBUSDT,36.2877,36.2877,34.4457,34.6581,1.98
2023-05-17,BNBUSDT,34.6581,34.6581,29.3314,30.8679,2.1
2023-05-18,BNBUSDT,30.8679,30.8679,26.7989,27.7015,3.02
2023-05-19,BNBUSDT,27.7015,27.7015,22.5578,23.2128,4.43
2023-05-20,BNBUSDT,23.2128,26.4069,23.2128,25.7592,4.88
2023-05-21,BNBUSDT,25.7592,27.3454,25.4298,26.9532,1.69
2023-05-22,BNBUSDT,26.9532,28.2262,25.3885,25.9552,1.45
2023-05-23,BNBUSDT,25.9552,28.4555,25.9552,27.4273,2.08
2023-05-24,BNBUSDT,27.4273,27.9707,26.4414,27.8171,1.96
2023-05-25,BNBUSDT,27.8171,30.6282,27.8171,29.5237,3.12
2023-05-26,BNBUSDT,29.5237,31.8316,28.4425,30.9847,1.88
2023-05-27,BNBUSDT,30.9847,32.7127,30.9847,31.5974,1.07
2023-05-28,BNBUSDT,31.5974,31.5974,29.3134,29.9484,0.88
2023-05-29,BNBUSDT,29.9484,32.4319,29.9484,31.7894,1.5
2023-05-30,BNBUSDT,31.7894,36.0662,31.7894,33.2121,0.67
2023-05-31,BNBUSDT,33.2121,33.2121,31.2923,31.3643,6.0
2023-06-01,BNBUSDT,31.3643,36.1411,31.3643,33.8663,1.14
2023-06-02,BNBUSDT,33.8663,33.8663,31.348,31.7292,4.34
2023-06-03,BNBUSDT,31.7292,33.8925,30.5374,33.0445,2.71
2023-06-04,BNBUSDT,33.0445,35.2649,32.9078,34.2478,1.93
2023-06-05,BNBUSDT,34.2478,34.2478,31.6719,32.7345,2.34
2023-06-06,BNBUSDT,32.7345,33.0129,29.2132,32.2092,1.21
2023-06-07,BNBUSDT,32.2092,32.2092,30.9006,31.1187,1.02
2023-06-08,BNBUSDT,31.1187,31.1355,30.9966,31.0716,2.28
2023-06-09,BNBUSDT,31.0716,33.7402,31.0716,33.3355,2.88
2023-06-10,BNBUSDT,33.3355,33.3355,33.0,33.0475,0.7
2023-06-11,BNBUSDT,33.0475,35.1632,31.3707,33.1174,2.55
2023-06-12,BNBUSDT,33.1174,35.9951,33.0249,34.0864,1.97
2023-06-13,BNBUSDT,34.0864,34.0864,29.8068,31.9406,2.29
2023-06-14,BNBUSDT,31.9406,31.9406,26.2199,29.5134,2.52
2023-06-15,BNBUSDT,29.5134,31.8541,27.8571,31.4823,1.82
2023-06-16,BNBUSDT,31.4823,31.4823,30.0682,30.6261,2.64
2023-06-17,BNBUSDT,30.6261,32.2897,30.6096,32.0469,6.43
2023-06-18,BNBUSDT,32.0469,35.0195,31.6386,32.6615,1.48
2023-06-19,BNBUSDT,32.6615,32.6615,31.4174,31.4485,4.58
2023-06-20,BNBUSDT,31.4485,32.4309,30.8412,31.1432,2.42
2023-06-21,BNBUSDT,31.1432,31.6909,30.306,30.8887,2.42
2023-06-22,BNBUSDT,30.8887,33.9395,30.8887,33.1243,3.11
2023-06-23,BNBUSDT,33.1243,33.6248,32.356,33.2229,1.28
2023-06-24,BNBUSDT,33.2229,36.507,32.4434,33.9156,0.68
2023-06-25,BNBUSDT,33.9156,35.2018,31.8158,34.3718,0.52
2023-06-26,BNBUSDT,34.3718,34.3718,30.8137,31.2199,4.81
2023-06-27,BNBUSDT,31.2199,33.4386,31.2199,32.5469,2.34
2023-06-28,BNBUSDT,32.5469,35.4305,31.4617,33.6122,2.11
2023-06-29,BNBUSDT,33.6122,33.6122,29.6657,29.9188,2.47
2023-06-30,BNBUSDT,29.9188,34.0534,29.9188,32.2443,4.64
2023-07-01,BNBUSDT,32.2443,46.439,32.2443,44.3341,3.15
2023-07-02,BNBUSDT,44.3341,48.9832,44.3341,46.986,1.77
2023-07-03,BNBUSDT,46.986,46.986,43.08,44.7477,2.53
2023-07-04,BNBUSDT,44.7477,48.4519,43.4547,45.5275,1.58
2023-07-05,BNBUSDT,45.5275,49.4483,45.2573,47.5701,2.2
2023-07-06,BNBUSDT,47.5701,50.1218,44.1062,49.2905,1.31
2023-07-07,BNBUSDT,49.2905,53.835,49.2905,52.0824,1.04
2023-07-08,BNBUSDT,52.0824,52.0824,48.7019,49.1572,0.61
2023-07-09,BNBUSDT,49.1572,54.2505,49.1572,53.2365,1.22
2023-07-10,BNBUSDT,53.2365,56.1548,53.2365,55.0496,0.68
2023-07-11,BNBUSDT,55.0496,61.2259,54.3341,56.4262,0.98
2023-07-12,BNBUSDT,56.4262,59.2811,56.3689,59.1471,1.38
2023-07-13,BNBUSDT,59.1471,60.8948,57.8716,57.8739,0.97
2023-07-14,BNBUSDT,57.8739,57.8739,50.0156,53.1431,1.47
2023-07-15,BNBUSDT,53.1431,56.681,51.0932,53.4854,0.7
2023-07-16,BNBUSDT,53.4854,58.6622,53.4854,58.177,1.15
2023-07-17,BNBUSDT,58.177,64.0387,58.177,61.3933,1.5
2023-07-18,BNBUSDT,61.3933,61.3933,58.6304,59.9966,1.33
2023-07-19,BNBUSDT,59.9966,59.9966,49.4329,52.9629,1.04
2023-07-20,BNBUSDT,52.9629,55.2084,52.275,53.037,0.52
2023-07-21,BNBUSDT,53.037,54.1791,52.4991,53.4183,0.68
2023-07-22,BNBUSDT,53.4183,55.3115,52.7722,54.4837,1.2
2023-07-23,BNBUSDT,54.4837,56.5359,54.4837,56.4577,0.98
2023-07-24,BNBUSDT,56.4577,65.2977,56.4577,59.8909,2.56
2023-07-25,BNBUSDT,59.8909,62.2399,54.7547,60.0621,0.86
2023-07-26,BNBUSDT,60.0621,64.1942,60.0621,62.4545,2.02
2023-07-27,BNBUSDT,62.4545,62.4545,57.0545,57.8389,1.11
2023-07-28,BNBUSDT,57.8389,63.1831,54.6766,58.1369,0.43
2023-07-29,BNBUSDT,58.1369,65.0656,58.1369,63.9884,1.21
2023-07-30,BNBUSDT,63.9884,71.2438,63.9884,67.5348,0.99
2023-07-31,BNBUSDT,67.5348,68.4246,63.9834,66.549,1.72
2023-08-01,BNBUSDT,66.549,69.7592,64.6854,68.5543,0.56
2023-08-02,BNBUSDT,68.5543,76.0706,67.6822,70.798,0.83
2023-08-03,BNBUSDT,70.798,70.798,62.3636,62.3731,1.58
2023-08-04,BNBUSDT,62.3731,67.2005,56.8375,61.091,1.09
2023-08-05,BNBUSDT,61.091,64.4812,59.3753,62.3322,0.33
2023-08-06,BNBUSDT,62.3322,66.0516,60.1074,64.321,0.92
2023-08-07,BNBUSDT,64.321,67.3729,58.3173,64.1241,0.52
2023-08-08,BNBUSDT,64.1241,64.1241,51.303,55.8976,3.88
2023-08-09,BNBUSDT,55.8976,57.8469,55.8976,56.7627,0.89
2023-08-10,BNBUSDT,56.7627,56.7627,52.049,52.5987,1.4
2023-08-11,BNBUSDT,52.5987,54.7365,52.0568,53.3063,0.65
2023-08-12,BNBUSDT,53.3063,55.3015,52.5446,53.2476,0.67
2023-08-13,BNBUSDT,53.2476,57.3981,49.9737,53.8108,0.55
2023-08-14,BNBUSDT,53.8108,57.5412,53.8108,54.9585,0.61
2023-08-15,BNBUSDT,54.9585,60.2782,54.9585,56.8873,1.17
2023-08-16,BNBUSDT,56.8873,58.8165,56.356,58.3102,0.44
2023-08-17,BNBUSDT,58.3102,60.1112,55.1555,58.7132,0.4
2023-08-18,BNBUSDT,58.7132,60.3748,57.3494,59.0487,0.9
2023-08-19,BNBUSDT,59.0487,63.281,58.2398,60.8018,0.96
2023-08-20,BNBUSDT,60.8018,60.8018,54.9182,55.833,0.49
2023-08-21,BNBUSDT,55.833,56.5251,54.673,55.0009,0.84
2023-08-22,BNBUSDT,55.0009,55.0009,46.5631,49.9753,1.1
2023-08-23,BNBUSDT,49.9753,55.0124,49.9753,53.8129,0.99
2023-08-24,BNBUSDT,53.8129,55.5557,49.7141,53.902,0.58
2023-08-25,BNBUSDT,53.902,53.902,51.0805,52.6392,1.34
2023-08-26,BNBUSDT,52.6392,52.6392,47.0291,47.7228,0.7
2023-08-27,BNBUSDT,47.7228,50.5272,46.0805,48.7228,0.8
2023-08-28,BNBUSDT,48.7228,50.4456,48.7228,49.8666,0.7
2023-08-29,BNBUSDT,49.8666,56.1367,49.8666,53.904,4.84
2023-08-30,BNBUSDT,53.904,58.0463,52.1419,53.8952,0.36
2023-08-31,BNBUSDT,53.8952,55.3068,49.6945,51.3593,0.55
2023-09-01,BNBUSDT,51.3593,55.6694,51.3593,54.1198,0.66
2023-09-02,BNBUSDT,54.1198,54.1198,47.1883,51.0833,1.22
2023-09-03,BNBUSDT,51.0833,55.4522,49.4227,51.7174,0.73
2023-09-04,BNBUSDT,51.7174,51.7174,45.5793,46.4062,1.21
2023-09-05,BNBUSDT,46.4062,49.5627,46.4062,48.341,0.88
2023-09-06,BNBUSDT,48.341,54.3549,48.341,50.7019,1.15
2023-09-07,BNBUSDT,50.7019,54.9985,48.7268,52.6588,3.24
2023-09-08,BNBUSDT,52.6588,54.1887,51.2441,52.461,0.47
2023-09-09,BNBUSDT,52.461,58.9263,52.461,57.2176,2.09
2023-09-10,BNBUSDT,57.2176,57.2176,48.5809,49.7763,1.8
2023-09-11,BNBUSDT,49.7763,50.6688,45.6892,47.7918,0.34
2023-09-12,BNBUSDT,47.7918,50.0493,47.074,48.5729,1.08
2023-09-13,BNBUSDT,48.5729,49.9347,47.5177,47.8673,1.04
2023-09-14,BNBUSDT,47.8673,51.8818,47.8673,49.7578,0.41
2023-09-15,BNBUSDT,49.7578,49.7578,45.2807,45.5193,1.89
2023-09-16,BNBUSDT,45.5193,52.3478,45.5193,48.9557,2.26
2023-09-17,BNBUSDT,48.9557,48.9557,41.268,45.6539,1.15
2023-09-18,BNBUSDT,45.6539,47.9572,44.9471,46.9548,1.55
2023-09-19,BNBUSDT,46.9548,46.9548,41.9122,46.3465,2.25
2023-09-20,BNBUSDT,46.3465,46.3465,45.3644,45.6237,1.19
2023-09-21,BNBUSDT,45.6237,46.874,41.8148,44.2466,0.79
2023-09-22,BNBUSDT,44.2466,48.3485,43.9722,46.1444,0.6
2023-09-23,BNBUSDT,46.1444,48.9726,44.7587,44.8184,0.47
2023-09-24,BNBUSDT,44.8184,46.7006,41.4312,44.1139,1.1
2023-09-25,BNBUSDT,44.1139,47.1568,44.1139,47.1424,0.87
2023-09-26,BNBUSDT,47.1424,53.5325,47.1424,50.2599,1.56
2023-09-27,BNBUSDT,50.2599,52.8613,48.7422,51.926,0.48
2023-09-28,BNBUSDT,51.926,51.926,49.8449,50.6104,0.84
2023-09-29,BNBUSDT,50.6104,52.3025,49.2397,50.4023,0.4
2023-09-30,BNBUSDT,50.4023,51.8574,47.3148,49.5212,0.34
2023-10-01,BNBUSDT,49.5212,49.5212,48.3606,49.0665,0.59
2023-10-02,BNBUSDT,49.0665,50.336,48.1641,49.0776,2.37
2023-10-03,BNBUSDT,49.0776,49.0776,46.3105,48.5473,1.04
2023-10-04,BNBUSDT,48.5473,48.5473,46.562,47.0952,1.61
2023-10-05,BNBUSDT,47.0952,47.0952,41.2921,43.0159,1.59
2023-10-06,BNBUSDT,43.0159,43.9259,40.1278,42.4432,1.23
2023-10-07,BNBUSDT,42.4432,44.7528,41.7023,43.5153,1.23
2023-10-08,BNBUSDT,43.5153,49.1958,43.5153,48.2514,3.33
2023-10-09,BNBUSDT,48.2514,54.7041,45.188,51.4729,1.96
2023-10-10,BNBUSDT,51.4729,51.4729,45.6994,47.7919,1.21
2023-10-11,BNBUSDT,47.7919,47.7919,40.897,46.0488,1.11
2023-10-12,BNBUSDT,46.0488,48.3955,45.416,45.9532,1.23
2023-10-13,BNBUSDT,45.9532,55.4488,45.9532,49.7133,0.93
2023-10-14,BNBUSDT,49.7133,49.7133,45.4605,46.171,2.02
2023-10-15,BNBUSDT,46.171,47.362,45.7673,45.7976,0.79
2023-10-16,BNBUSDT,45.7976,46.6981,43.1861,46.4761,0.65
2023-10-17,BNBUSDT,46.4761,46.4761,41.6857,42.9986,2.08
2023-10-18,BNBUSDT,42.9986,46.9683,41.9284,43.6367,1.48
2023-10-19,BNBUSDT,43.6367,46.632,39.9953,43.6929,1.16
2023-10-20,BNBUSDT,43.6929,43.6929,40.4534,42.0282,0.67
2023-10-21,BNBUSDT,42.0282,46.8673,39.6677,43.8463,2.28
2023-10-22,BNBUSDT,43.8463,44.9739,43.8463,44.6887,0.55
2023-10-23,BNBUSDT,44.6887,44.6887,35.6612,38.3936,1.2
2023-10-24,BNBUSDT,38.3936,39.8346,36.78,38.9328,1.02
2023-10-25,BNBUSDT,38.9328,38.9328,36.443,38.367,0.72
2023-10-26,BNBUSDT,38.367,43.186,38.367,41.7937,0.73
2023-10-27,BNBUSDT,41.7937,44.1912,41.2934,43.8995,0.8
2023-10-28,BNBUSDT,43.8995,43.8995,40.1517,40.5503,0.73
2023-10-29,BNBUSDT,40.5503,40.5503,36.1664,37.4642,3.67
2023-10-30,BNBUSDT,37.4642,38.9956,35.457,35.8436,2.53
2023-10-31,BNBUSDT,35.8436,38.4111,35.8159,37.5587,1.7
2023-11-01,BNBUSDT,37.5587,38.6005,35.7846,36.8353,1.18
2023-11-02,BNBUSDT,36.8353,39.8613,36.8353,39.383,2.27
2023-11-03,BNBUSDT,39.383,45.4944,39.383,44.8261,1.99
2023-11-04,BNBUSDT,44.8261,45.7418,44.8261,45.1489,0.23
2023-11-05,BNBUSDT,45.1489,47.3275,45.1243,45.7722,1.19
2023-11-06,BNBUSDT,45.7722,49.9011,44.1633,47.7017,0.82
2023-11-07,BNBUSDT,47.7017,49.5479,45.3205,47.4824,0.36
2023-11-08,BNBUSDT,47.4824,51.8341,47.4824,51.0694,0.44
2023-11-09,BNBUSDT,51.0694,56.8455,51.0694,55.7472,2.04
2023-11-10,BNBUSDT,55.7472,55.7472,50.0688,52.9748,1.02
2023-11-11,BNBUSDT,52.9748,55.7306,52.9748,54.7387,1.0
2023-11-12,BNBUSDT,54.7387,57.4767,54.7387,55.647,0.49
2023-11-13,BNBUSDT,55.647,61.7376,53.4306,56.9319,0.57
2023-11-14,BNBUSDT,56.9319,63.7907,56.9319,59.3949,1.5
2023-11-15,BNBUSDT,59.3949,59.3949,53.2736,57.1706,0.86
2023-11-16,BNBUSDT,57.1706,57.3273,54.5041,56.8695,0.52
2023-11-17,BNBUSDT,56.8695,61.3848,56.8695,57.6347,0.73
2023-11-18,BNBUSDT,57.6347,59.5244,51.5625,56.8092,0.54
2023-11-19,BNBUSDT,56.8092,59.0009,52.3878,56.793,0.39
2023-11-20,BNBUSDT,56.793,60.7484,56.793,60.0044,1.12
2023-11-21,BNBUSDT,60.0044,62.4368,54.3814,59.0798,0.72
2023-11-22,BNBUSDT,59.0798,59.8081,58.6303,59.0934,0.39
2023-11-23,BNBUSDT,59.0934,65.5534,59.0934,61.3788,0.76
2023-11-24,BNBUSDT,61.3788,67.3756,61.3788,65.787,1.61
2023-11-25,BNBUSDT,65.787,69.0873,60.2689,64.02,0.47
2023-11-26,BNBUSDT,64.02,69.3817,64.02,65.7608,1.46
2023-11-27,BNBUSDT,65.7608,71.1939,64.8676,67.9369,0.71
2023-11-28,BNBUSDT,67.9369,72.1584,64.0683,68.4841,0.49
2023-11-29,BNBUSDT,68.4841,71.9146,68.4841,70.8244,1.46
2023-11-30,BNBUSDT,70.8244,70.8244,65.1212,69.4402,1.09
2023-12-01,BNBUSDT,69.4402,69.4402,60.7579,62.6873,0.61
2023-12-02,BNBUSDT,62.6873,67.0986,62.6873,64.9725,1.54
2023-12-03,BNBUSDT,64.9725,66.7888,64.9725,66.234,1.55
2023-12-04,BNBUSDT,66.234,71.758,62.7264,65.9879,0.69
2023-12-05,BNBUSDT,65.9879,72.8682,64.9024,67.2041,0.86
2023-12-06,BNBUSDT,67.2041,74.6247,67.2041,72.5806,1.28
2023-12-07,BNBUSDT,72.5806,75.7658,71.3939,72.9981,0.53
2023-12-08,BNBUSDT,72.9981,75.9878,68.8527,70.3769,1.0
2023-12-09,BNBUSDT,70.3769,70.3769,60.2027,66.944,0.72
2023-12-10,BNBUSDT,66.944,75.5752,66.944,73.0209,1.52
2023-12-11,BNBUSDT,73.0209,78.8747,70.8694,73.5776,0.54
2023-12-12,BNBUSDT,73.5776,75.0989,69.3925,72.668,0.47
2023-12-13,BNBUSDT,72.668,72.668,69.648,69.9005,0.64
2023-12-14,BNBUSDT,69.9005,70.8212,61.9217,67.7671,0.31
2023-12-15,BNBUSDT,67.7671,70.096,67.5144,68.747,1.3
2023-12-16,BNBUSDT,68.747,69.7114,64.9632,65.3908,1.09
2023-12-17,BNBUSDT,65.3908,76.465,65.3908,70.5391,0.34
2023-12-18,BNBUSDT,70.5391,78.6855,70.5391,77.2713,1.32
2023-12-19,BNBUSDT,77.2713,85.2329,77.2713,81.1226,0.53
2023-12-20,BNBUSDT,81.1226,91.8827,80.213,87.6216,1.65
2023-12-21,BNBUSDT,87.6216,92.3868,87.6216,91.6092,0.5
2023-12-22,BNBUSDT,91.6092,92.0598,84.0825,91.7709,0.37
2023-12-23,BNBUSDT,91.7709,107.8886,91.7709,102.8245,1.35
2023-12-24,BNBUSDT,102.8245,108.9536,97.1567,108.0804,0.54
2023-12-25,BNBUSDT,108.0804,118.7442,108.0804,115.0498,0.37
2023-12-26,BNBUSDT,115.0498,118.1958,111.2729,113.8929,0.54
2023-12-27,BNBUSDT,113.8929,120.4191,112.0778,119.641,0.35
2023-12-28,BNBUSDT,119.641,127.0026,113.7082,114.93,0.97
2023-12-29,BNBUSDT,114.93,116.9904,111.1227,112.8469,0.6
2023-12-30,BNBUSDT,112.8469,116.4511,110.479,112.9444,0.22
2023-12-31,BNBUSDT,112.9444,124.8965,112.4705,113.9267,0.37
2024-01-01,BNBUSDT,113.9267,113.9267,91.002,93.2663,1.51
2024-01-02,BNBUSDT,93.2663,106.6976,93.2663,95.5643,1.31
2024-01-03,BNBUSDT,95.5643,99.2548,94.5832,96.9986,0.64
2024-01-04,BNBUSDT,96.9986,101.2095,93.4072,101.1721,0.83
2024-01-05,BNBUSDT,101.1721,119.0252,101.1721,109.3356,1.57
2024-01-06,BNBUSDT,109.3356,109.7225,101.7823,105.0895,0.95
2024-01-07,BNBUSDT,105.0895,113.5432,97.9078,108.3397,0.96
2024-01-08,BNBUSDT,108.3397,116.7714,106.6529,112.5174,0.79
2024-01-09,BNBUSDT,112.5174,113.4496,100.3977,109.7935,0.44
2024-01-10,BNBUSDT,109.7935,121.4831,101.0838,103.4795,0.37
2024-01-11,BNBUSDT,103.4795,103.4795,92.306,92.9463,0.61
2024-01-12,BNBUSDT,92.9463,96.9533,90.8487,95.7619,1.23
2024-01-13,BNBUSDT,95.7619,97.1795,93.6844,94.5916,1.3
2024-01-14,BNBUSDT,94.5916,94.5916,87.7344,88.9637,0.38
2024-01-15,BNBUSDT,88.9637,90.8641,86.1979,86.5147,1.88
2024-01-16,BNBUSDT,86.5147,93.5475,86.5147,91.7759,1.25
2024-01-17,BNBUSDT,91.7759,91.7759,83.8595,85.3156,1.79
2024-01-18,BNBUSDT,85.3156,86.8871,80.8684,85.649,0.39
2024-01-19,BNBUSDT,85.649,85.8691,78.891,84.76,0.69
2024-01-20,BNBUSDT,84.76,87.5658,76.7063,86.3456,1.28
2024-01-21,BNBUSDT,86.3456,93.7296,86.3456,91.5243,0.54
2024-01-22,BNBUSDT,91.5243,100.525,87.4445,93.556,0.72
2024-01-23,BNBUSDT,93.556,105.5649,92.3309,94.5328,0.68
2024-01-24,BNBUSDT,94.5328,94.5328,82.4296,86.6598,1.63
2024-01-25,BNBUSDT,86.6598,91.1608,83.6256,87.665,0.42
2024-01-26,BNBUSDT,87.665,96.2329,87.665,90.5891,0.61
2024-01-27,BNBUSDT,90.5891,96.5983,90.5891,94.4764,0.52
2024-01-28,BNBUSDT,94.4764,108.7521,94.4764,104.2368,0.88
2024-01-29,BNBUSDT,104.2368,104.2368,95.4285,99.1443,0.41
2024-01-30,BNBUSDT,99.1443,101.9719,99.1443,99.8024,0.52
2024-01-31,BNBUSDT,99.8024,99.8024,83.268,85.4159,1.0
2024-02-01,BNBUSDT,85.4159,98.6789,85.4159,98.3116,1.1
2024-02-02,BNBUSDT,98.3116,99.8227,92.1573,98.4359,0.86
2024-02-03,BNBUSDT,98.4359,110.2043,88.6151,101.9217,1.16
2024-02-04,BNBUSDT,101.9217,101.9217,77.9646,83.5516,5.92
2024-02-05,BNBUSDT,83.5516,94.2512,83.5516,93.3711,1.57
2024-02-06,BNBUSDT,93.3711,107.8811,93.3711,98.5457,1.1
2024-02-07,BNBUSDT,98.5457,98.5457,95.1124,95.6013,1.02
2024-02-08,BNBUSDT,95.6013,103.6985,92.8457,97.2443,1.31
2024-02-09,BNBUSDT,97.2443,97.2443,84.4113,88.9157,2.06
2024-02-10,BNBUSDT,88.9157,89.014,82.3845,82.8229,2.33
2024-02-11,BNBUSDT,82.8229,85.5935,82.8229,85.1323,2.44
2024-02-12,BNBUSDT,85.1323,95.2511,79.8389,86.2445,1.49
2024-02-13,BNBUSDT,86.2445,88.1671,83.692,85.7615,0.45
2024-02-14,BNBUSDT,85.7615,85.7615,80.3907,81.8549,1.0
2024-02-15,BNBUSDT,81.8549,92.6235,81.8549,84.7164,1.01
2024-02-16,BNBUSDT,84.7164,87.5352,84.7164,87.1877,0.77
2024-02-17,BNBUSDT,87.1877,87.1877,71.741,75.4583,2.53
2024-02-18,BNBUSDT,75.4583,75.4583,70.9436,72.8385,1.16
2024-02-19,BNBUSDT,72.8385,82.0709,70.9874,73.966,5.35
2024-02-20,BNBUSDT,73.966,77.5538,70.5081,73.8119,1.28
2024-02-21,BNBUSDT,73.8119,77.4665,72.3808,72.388,1.43
2024-02-22,BNBUSDT,72.388,81.2838,72.388,80.4846,2.11
2024-02-23,BNBUSDT,80.4846,83.5989,78.7609,82.4063,0.55
2024-02-24,BNBUSDT,82.4063,86.1864,82.4063,85.8817,0.76
2024-02-25,BNBUSDT,85.8817,85.8817,80.951,82.4499,1.41
2024-02-26,BNBUSDT,82.4499,90.1493,82.4499,86.92,1.26
2024-02-27,BNBUSDT,86.92,88.4811,79.7295,85.0912,0.88
2024-02-28,BNBUSDT,85.0912,89.2346,85.0912,87.761,0.49
2024-02-29,BNBUSDT,87.761,95.8132,87.761,91.8733,0.49
2024-03-01,BNBUSDT,91.8733,106.9682,90.1461,94.0641,0.82
2024-03-02,BNBUSDT,94.0641,104.0428,94.0641,98.1658,2.13
2024-03-03,BNBUSDT,98.1658,100.3897,91.9823,98.2162,0.69
2024-03-04,BNBUSDT,98.2162,106.049,98.2162,101.3173,1.0
2024-03-05,BNBUSDT,101.3173,121.7481,101.3173,114.473,0.51
2024-03-06,BNBUSDT,114.473,120.644,114.473,115.9907,0.45
2024-03-07,BNBUSDT,115.9907,120.1541,102.0308,111.5698,1.3
2024-03-08,BNBUSDT,111.5698,111.5698,86.9013,92.3508,5.88
2024-03-09,BNBUSDT,92.3508,100.0212,80.2195,92.7915,0.58
2024-03-10,BNBUSDT,92.7915,103.3168,92.7915,100.3707,1.14
2024-03-11,BNBUSDT,100.3707,176.611,100.3707,175.8281,2.36
2024-03-12,BNBUSDT,175.8281,187.2912,168.8945,179.3523,0.56
2024-03-13,BNBUSDT,179.3523,179.3523,170.3306,175.1035,0.22
2024-03-14,BNBUSDT,175.1035,179.91,169.9985,174.1495,0.17
2024-03-15,BNBUSDT,174.1495,186.6189,174.1495,181.7444,0.51
2024-03-16,BNBUSDT,181.7444,186.7897,177.4436,181.3862,0.24
2024-03-17,BNBUSDT,181.3862,199.1644,167.8731,178.8099,0.37
2024-03-18,BNBUSDT,178.8099,183.5615,174.2904,175.4814,0.51
2024-03-19,BNBUSDT,175.4814,192.1156,175.4814,190.5757,0.4
2024-03-20,BNBUSDT,190.5757,222.3639,190.5757,209.0081,0.54
2024-03-21,BNBUSDT,209.0081,209.0081,191.5056,191.8988,1.0
2024-03-22,BNBUSDT,191.8988,212.4803,185.5741,194.9543,0.46
2024-03-23,BNBUSDT,194.9543,198.7092,189.3799,191.2986,0.4
2024-03-24,BNBUSDT,191.2986,191.2986,169.8277,171.0871,0.57
2024-03-25,BNBUSDT,171.0871,171.0871,156.008,159.7101,1.55
2024-03-26,BNBUSDT,159.7101,172.5088,154.941,165.6837,0.73
2024-03-27,BNBUSDT,165.6837,205.1684,165.6837,188.1632,0.65
2024-03-28,BNBUSDT,188.1632,212.3404,188.1632,208.0735,1.04
2024-03-29,BNBUSDT,208.0735,221.0253,201.4251,209.1358,0.72
2024-03-30,BNBUSDT,209.1358,226.7849,209.1358,224.7582,0.82
2024-03-31,BNBUSDT,224.7582,235.0589,221.2758,221.4088,0.17
2024-04-01,BNBUSDT,221.4088,231.8287,221.4088,227.6677,0.52
2024-04-02,BNBUSDT,227.6677,228.0868,216.0308,221.7061,0.39
2024-04-03,BNBUSDT,221.7061,243.8005,218.8189,234.0691,0.63
2024-04-04,BNBUSDT,234.0691,234.0691,223.0201,226.5182,1.02
2024-04-05,BNBUSDT,226.5182,226.5182,199.6442,207.0834,1.09
2024-04-06,BNBUSDT,207.0834,215.3418,185.9797,203.8895,0.88
2024-04-07,BNBUSDT,203.8895,208.7806,182.8131,198.5405,1.22
2024-04-08,BNBUSDT,198.5405,205.6629,188.9324,196.145,0.93
2024-04-09,BNBUSDT,196.145,196.145,153.7604,163.54,2.03
2024-04-10,BNBUSDT,163.54,163.54,150.8688,157.5723,0.28
2024-04-11,BNBUSDT,157.5723,157.5723,139.9155,141.6892,2.86
2024-04-12,BNBUSDT,141.6892,162.9365,141.6892,161.8792,1.76
2024-04-13,BNBUSDT,161.8792,161.8792,111.4544,112.8773,13.77
2024-04-14,BNBUSDT,112.8773,123.9548,104.7586,115.4645,1.11
2024-04-15,BNBUSDT,115.4645,132.286,109.5357,125.4848,2.29
2024-04-16,BNBUSDT,125.4848,137.6326,125.4848,133.036,1.27
2024-04-17,BNBUSDT,133.036,137.3938,133.036,136.3976,2.34
2024-04-18,BNBUSDT,136.3976,139.0791,129.5148,136.5812,0.63
2024-04-19,BNBUSDT,136.5812,139.4945,123.6311,136.0824,1.36
2024-04-20,BNBUSDT,136.0824,254.2015,136.0824,239.1352,1.49
2024-04-21,BNBUSDT,239.1352,239.1352,235.4178,236.2694,0.39
2024-04-22,BNBUSDT,236.2694,257.6428,222.0093,248.046,0.64
2024-04-23,BNBUSDT,248.046,248.7665,225.4154,246.7044,0.32
2024-04-24,BNBUSDT,246.7044,246.7044,212.9684,223.5096,1.21
2024-04-25,BNBUSDT,223.5096,243.4747,209.8965,235.1199,0.9
2024-04-26,BNBUSDT,235.1199,266.6882,235.1199,255.1965,0.98
2024-04-27,BNBUSDT,255.1965,287.6488,247.7213,260.8535,0.78
2024-04-28,BNBUSDT,260.8535,274.3295,260.8535,271.4896,0.42
2024-04-29,BNBUSDT,271.4896,296.0325,267.613,267.7603,0.42
2024-04-30,BNBUSDT,267.7603,276.1546,256.2912,262.0238,0.73
2024-05-01,BNBUSDT,262.0238,286.8671,248.0131,254.4874,0.96
2024-05-02,BNBUSDT,254.4874,260.0503,254.4874,259.1648,0.33
2024-05-03,BNBUSDT,259.1648,259.1648,225.8723,244.9495,1.63
2024-05-04,BNBUSDT,244.9495,259.4995,228.9473,250.6742,0.62
2024-05-05,BNBUSDT,250.6742,289.2655,250.6742,268.6696,0.83
2024-05-06,BNBUSDT,268.6696,271.0148,260.3567,268.1369,0.24
2024-05-07,BNBUSDT,268.1369,268.1369,254.3264,262.6154,0.83
2024-05-08,BNBUSDT,262.6154,262.6154,239.7082,245.6792,0.75
2024-05-09,BNBUSDT,245.6792,253.3412,221.3009,244.1102,0.33
2024-05-10,BNBUSDT,244.1102,260.3948,244.1102,259.746,0.68
2024-05-11,BNBUSDT,259.746,286.7939,259.746,281.0172,1.3
2024-05-12,BNBUSDT,281.0172,309.9673,281.0172,303.1329,0.93
2024-05-13,BNBUSDT,303.1329,330.4346,303.1329,318.0898,0.19
2024-05-14,BNBUSDT,318.0898,326.4545,315.8273,325.5764,0.3
2024-05-15,BNBUSDT,325.5764,327.9899,319.1469,320.5588,0.68
2024-05-16,BNBUSDT,320.5588,340.1027,309.9068,321.1791,0.29
2024-05-17,BNBUSDT,321.1791,323.5846,300.0927,308.0691,0.75
2024-05-18,BNBUSDT,308.0691,314.1518,278.6179,309.9951,0.28
2024-05-19,BNBUSDT,309.9951,342.9151,309.9951,338.742,1.07
2024-05-20,BNBUSDT,338.742,360.9182,329.0633,348.0992,0.6
2024-05-21,BNBUSDT,348.0992,383.8389,322.9509,365.4866,0.29
2024-05-22,BNBUSDT,365.4866,365.4866,325.7783,338.1936,1.01
2024-05-23,BNBUSDT,338.1936,338.1936,299.7518,312.8091,0.91
2024-05-24,BNBUSDT,312.8091,312.8091,281.5493,286.7802,1.33
2024-05-25,BNBUSDT,286.7802,305.1014,266.6279,292.7981,0.29
2024-05-26,BNBUSDT,292.7981,305.067,265.7131,295.3964,0.45
2024-05-27,BNBUSDT,295.3964,329.8099,285.8196,297.5736,0.2
2024-05-28,BNBUSDT,297.5736,299.8636,284.6319,296.8394,0.4
2024-05-29,BNBUSDT,296.8394,296.8394,260.2565,275.6433,0.86
2024-05-30,BNBUSDT,275.6433,275.6433,256.4241,258.5523,0.7
2024-05-31,BNBUSDT,258.5523,274.8711,251.7818,260.3004,0.31
2024-06-01,BNBUSDT,260.3004,280.6183,260.3004,279.1104,0.47
2024-06-02,BNBUSDT,279.1104,290.5575,275.4693,280.4162,0.79
2024-06-03,BNBUSDT,280.4162,294.9955,280.4162,288.0538,0.37
2024-06-04,BNBUSDT,288.0538,306.7807,284.7486,293.1739,0.21
2024-06-05,BNBUSDT,293.1739,293.1739,246.9331,264.0716,0.65
2024-06-06,BNBUSDT,264.0716,264.0716,221.4332,250.8508,0.49
2024-06-07,BNBUSDT,250.8508,252.6993,236.4269,250.5208,0.33
2024-06-08,BNBUSDT,250.5208,254.085,231.5833,245.4892,0.36
2024-06-09,BNBUSDT,245.4892,245.4892,215.9291,233.4118,1.18
2024-06-10,BNBUSDT,233.4118,236.2888,223.4275,234.6613,0.53
2024-06-11,BNBUSDT,234.6613,248.4867,220.5278,225.128,1.12
2024-06-12,BNBUSDT,225.128,236.8123,224.0515,231.9789,0.3
2024-06-13,BNBUSDT,231.9789,251.8321,222.0148,229.8425,0.3
2024-06-14,BNBUSDT,229.8425,229.8425,215.8256,218.6215,0.44
2024-06-15,BNBUSDT,218.6215,220.999,213.8014,214.3325,0.47
2024-06-16,BNBUSDT,214.3325,244.5957,214.3325,238.0738,0.93
2024-06-17,BNBUSDT,238.0738,261.8857,238.0738,249.1346,0.96
2024-06-18,BNBUSDT,249.1346,259.4438,236.4166,243.1564,0.3
2024-06-19,BNBUSDT,243.1564,243.2552,227.4943,241.7502,0.4
2024-06-20,BNBUSDT,241.7502,245.4041,236.9765,240.9094,0.41
2024-06-21,BNBUSDT,240.9094,248.2113,234.0353,238.3098,0.25
2024-06-22,BNBUSDT,238.3098,248.1364,238.3098,241.1849,0.38
2024-06-23,BNBUSDT,241.1849,241.1849,218.4814,223.1123,0.69
2024-06-24,BNBUSDT,223.1123,223.1123,211.6521,217.2831,0.72
2024-06-25,BNBUSDT,217.2831,217.2831,189.2717,192.5313,0.63
2024-06-26,BNBUSDT,192.5313,211.5253,192.5313,210.5715,1.72
2024-06-27,BNBUSDT,210.5715,211.1917,205.4851,207.7956,0.52
2024-06-28,BNBUSDT,207.7956,235.6761,199.4259,226.5937,1.63
2024-06-29,BNBUSDT,226.5937,236.8868,226.5937,232.5194,0.3
2024-06-30,BNBUSDT,232.5194,254.9105,232.5194,253.8812,1.27
2024-07-01,BNBUSDT,253.8812,273.4662,243.2675,253.4958,0.11
2024-07-02,BNBUSDT,253.4958,253.4958,251.0609,251.4038,0.42
2024-07-03,BNBUSDT,251.4038,268.8232,247.4607,253.9639,0.17
2024-07-04,BNBUSDT,253.9639,286.7354,253.9639,269.1216,0.58
2024-07-05,BNBUSDT,269.1216,303.0038,268.3657,285.0619,0.59
2024-07-06,BNBUSDT,285.0619,312.4,285.0619,296.7569,1.83
2024-07-07,BNBUSDT,296.7569,296.7569,271.471,284.4907,0.56
2024-07-08,BNBUSDT,284.4907,284.4907,245.5476,267.4435,0.76
2024-07-09,BNBUSDT,267.4435,274.5967,260.83,272.4674,0.24
2024-07-10,BNBUSDT,272.4674,277.5257,268.6774,273.6741,0.61
2024-07-11,BNBUSDT,273.6741,300.9802,273.0266,286.8286,0.52
2024-07-12,BNBUSDT,286.8286,295.7511,273.8338,288.7712,0.16
2024-07-13,BNBUSDT,288.7712,288.7712,255.4297,268.5136,0.56
2024-07-14,BNBUSDT,268.5136,268.5136,242.1155,243.0481,0.38
2024-07-15,BNBUSDT,243.0481,267.6379,243.0481,266.3343,0.66
2024-07-16,BNBUSDT,266.3343,266.3343,245.4802,254.5902,1.48
2024-07-17,BNBUSDT,254.5902,256.0963,227.1404,248.0133,0.36
2024-07-18,BNBUSDT,248.0133,259.7339,238.1204,240.9501,0.51
2024-07-19,BNBUSDT,240.9501,240.9501,219.1011,219.6409,1.06
2024-07-20,BNBUSDT,219.6409,219.6409,209.1426,210.151,0.53
2024-07-21,BNBUSDT,210.151,214.0574,186.7495,211.503,0.34
2024-07-22,BNBUSDT,211.503,211.503,188.0209,188.8845,0.42
2024-07-23,BNBUSDT,188.8845,188.8845,172.1612,177.0342,1.54
2024-07-24,BNBUSDT,177.0342,177.0342,151.364,158.7344,0.88
2024-07-25,BNBUSDT,158.7344,172.4997,158.7344,168.8769,0.43
2024-07-26,BNBUSDT,168.8769,171.8788,158.3522,166.2023,0.38
2024-07-27,BNBUSDT,166.2023,166.2023,140.821,151.5354,0.88
2024-07-28,BNBUSDT,151.5354,165.1473,144.4214,145.8029,0.29
2024-07-29,BNBUSDT,145.8029,145.8029,141.3291,143.6286,0.29
2024-07-30,BNBUSDT,143.6286,163.9057,143.6286,157.6122,1.23
2024-07-31,BNBUSDT,157.6122,173.455,154.5156,161.5362,0.64
2024-08-01,BNBUSDT,161.5362,162.2668,150.1613,159.1555,0.23
2024-08-02,BNBUSDT,159.1555,178.0572,159.1555,169.1786,0.98
2024-08-03,BNBUSDT,169.1786,177.3852,169.1786,175.9548,0.59
2024-08-04,BNBUSDT,175.9548,180.2706,175.9548,178.9876,0.31
2024-08-05,BNBUSDT,178.9876,186.2833,175.9759,178.3721,0.4
2024-08-06,BNBUSDT,178.3721,178.3721,164.1105,165.0444,0.31
2024-08-07,BNBUSDT,165.0444,186.3325,162.1856,179.7528,0.99
2024-08-08,BNBUSDT,179.7528,179.7528,160.4089,163.5614,1.24
2024-08-09,BNBUSDT,163.5614,199.6722,163.5614,180.7591,0.86
2024-08-10,BNBUSDT,180.7591,180.7591,160.9976,162.7948,0.87
2024-08-11,BNBUSDT,162.7948,172.7354,150.443,168.2672,0.71
2024-08-12,BNBUSDT,168.2672,180.525,166.7735,177.0719,1.65
2024-08-13,BNBUSDT,177.0719,180.383,157.3554,167.4173,0.59
2024-08-14,BNBUSDT,167.4173,183.3737,167.4173,170.7949,0.48
2024-08-15,BNBUSDT,170.7949,188.6756,166.6719,178.3679,0.46
2024-08-16,BNBUSDT,178.3679,184.7025,170.01,177.9987,0.79
2024-08-17,BNBUSDT,177.9987,191.0187,176.3246,186.6561,0.95
2024-08-18,BNBUSDT,186.6561,199.8819,186.6561,193.7831,0.42
2024-08-19,BNBUSDT,193.7831,193.7831,183.4317,189.2904,0.64
2024-08-20,BNBUSDT,189.2904,204.3689,183.8223,193.8131,0.64
2024-08-21,BNBUSDT,193.8131,195.1975,179.2023,190.4851,0.6
2024-08-22,BNBUSDT,190.4851,190.4851,172.9396,184.0049,0.64
2024-08-23,BNBUSDT,184.0049,187.7639,168.3019,182.9704,0.21
2024-08-24,BNBUSDT,182.9704,182.9704,174.5002,176.6219,0.23
2024-08-25,BNBUSDT,176.6219,176.6219,153.7196,157.1534,1.39
2024-08-26,BNBUSDT,157.1534,179.6467,157.1534,178.613,1.15
2024-08-27,BNBUSDT,178.613,178.613,154.7362,164.3607,0.96
2024-08-28,BNBUSDT,164.3607,169.249,159.6818,161.747,1.15
2024-08-29,BNBUSDT,161.747,174.0099,156.8652,164.2887,0.46
2024-08-30,BNBUSDT,164.2887,174.3504,164.2887,173.8055,0.78
2024-08-31,BNBUSDT,173.8055,173.8055,161.091,165.8103,0.67
2024-09-01,BNBUSDT,165.8103,165.8103,153.1215,158.7759,1.05
2024-09-02,BNBUSDT,158.7759,171.6976,147.8122,168.5826,0.54
2024-09-03,BNBUSDT,168.5826,176.2088,158.8064,170.1653,1.18
2024-09-04,BNBUSDT,170.1653,175.4087,158.3214,172.4593,0.63
2024-09-05,BNBUSDT,172.4593,172.4593,154.0656,170.0196,0.74
2024-09-06,BNBUSDT,170.0196,171.805,160.3999,165.0081,0.56
2024-09-07,BNBUSDT,165.0081,166.5698,162.6053,164.4948,0.27
2024-09-08,BNBUSDT,164.4948,174.1242,164.4948,165.7471,0.32
2024-09-09,BNBUSDT,165.7471,172.4753,161.3505,167.6849,0.26
2024-09-10,BNBUSDT,167.6849,174.4409,154.9816,161.0333,0.48
2024-09-11,BNBUSDT,161.0333,195.8473,161.0333,178.3684,0.5
2024-09-12,BNBUSDT,178.3684,183.9931,168.2724,177.8786,1.66
2024-09-13,BNBUSDT,177.8786,198.9913,177.0174,185.4582,0.31
2024-09-14,BNBUSDT,185.4582,187.1326,165.182,179.1606,0.59
2024-09-15,BNBUSDT,179.1606,200.8882,179.1606,188.2136,0.33
2024-09-16,BNBUSDT,188.2136,193.4754,181.3754,182.4343,1.06
2024-09-17,BNBUSDT,182.4343,182.4343,171.3712,174.5701,0.23
2024-09-18,BNBUSDT,174.5701,174.5701,160.3961,163.8104,0.78
2024-09-19,BNBUSDT,163.8104,163.8104,159.3546,163.2689,0.22
2024-09-20,BNBUSDT,163.2689,163.2689,149.0517,156.1385,0.57
2024-09-21,BNBUSDT,156.1385,156.1385,133.9996,147.5446,0.68
2024-09-22,BNBUSDT,147.5446,147.5446,133.7178,136.0902,0.69
2024-09-23,BNBUSDT,136.0902,146.1022,130.7107,133.7617,1.18
2024-09-24,BNBUSDT,133.7617,147.5569,131.0662,136.1177,0.93
2024-09-25,BNBUSDT,136.1177,139.0156,124.8437,130.781,0.77
2024-09-26,BNBUSDT,130.781,136.8081,128.5695,128.9411,0.5
2024-09-27,BNBUSDT,128.9411,135.2158,122.4811,133.0993,0.6
2024-09-28,BNBUSDT,133.0993,144.9833,129.478,130.9866,1.01
2024-09-29,BNBUSDT,130.9866,137.9573,127.3934,137.3952,0.77
2024-09-30,BNBUSDT,137.3952,147.1883,134.6394,135.3454,0.75
2024-10-01,BNBUSDT,135.3454,139.2136,120.9365,132.4047,0.71
2024-10-02,BNBUSDT,132.4047,135.3516,128.305,132.572,0.49
2024-10-03,BNBUSDT,132.572,149.8719,132.572,140.1152,0.51
2024-10-04,BNBUSDT,140.1152,142.4099,126.1873,134.6928,0.56
2024-10-05,BNBUSDT,134.6928,144.4723,126.8001,135.6171,0.45
2024-10-06,BNBUSDT,135.6171,135.6171,123.8232,130.529,0.37
2024-10-07,BNBUSDT,130.529,140.2089,123.3644,128.5847,0.21
2024-10-08,BNBUSDT,128.5847,128.5847,104.1399,108.2048,0.24
2024-10-09,BNBUSDT,108.2048,123.0679,108.2048,115.7401,0.41
2024-10-10,BNBUSDT,115.7401,125.1802,115.7401,123.3791,1.39
2024-10-11,BNBUSDT,123.3791,127.3099,112.0616,119.4422,0.71
2024-10-12,BNBUSDT,119.4422,120.3762,110.8476,116.1547,0.34
2024-10-13,BNBUSDT,116.1547,116.4852,104.2074,111.7905,0.49
2024-10-14,BNBUSDT,111.7905,128.0647,110.9177,117.116,1.4
2024-10-15,BNBUSDT,117.116,117.116,107.0641,107.5886,0.44
2024-10-16,BNBUSDT,107.5886,107.5886,100.6673,104.3743,0.47
2024-10-17,BNBUSDT,104.3743,114.1158,104.3743,112.9658,0.63
2024-10-18,BNBUSDT,112.9658,112.9658,105.7528,106.234,0.59
2024-10-19,BNBUSDT,106.234,108.2514,103.1696,106.1053,0.51
2024-10-20,BNBUSDT,106.1053,124.5774,106.1053,119.9413,0.99
2024-10-21,BNBUSDT,119.9413,124.3942,112.7736,123.1648,0.37
2024-10-22,BNBUSDT,123.1648,135.117,122.7993,127.2688,0.98
2024-10-23,BNBUSDT,127.2688,152.2641,123.4564,132.4834,0.74
2024-10-24,BNBUSDT,132.4834,138.8059,123.2672,130.6439,0.42
2024-10-25,BNBUSDT,130.6439,154.0514,130.6439,142.5309,0.37
2024-10-26,BNBUSDT,142.5309,151.9348,141.8294,144.035,0.57
2024-10-27,BNBUSDT,144.035,144.035,119.8695,131.7783,0.6
2024-10-28,BNBUSDT,131.7783,138.5918,128.1268,130.307,0.58
2024-10-29,BNBUSDT,130.307,131.0985,126.9364,128.7038,0.73
2024-10-30,BNBUSDT,128.7038,133.0179,121.3218,129.5938,0.5
2024-10-31,BNBUSDT,129.5938,133.4777,128.4682,133.2995,0.33
2024-11-01,BNBUSDT,133.2995,144.5227,129.2091,139.157,0.42
2024-11-02,BNBUSDT,139.157,145.098,137.6027,143.1819,0.44
2024-11-03,BNBUSDT,143.1819,153.4985,143.1819,148.7244,0.84
2024-11-04,BNBUSDT,148.7244,163.4541,148.7244,154.1842,0.45
2024-11-05,BNBUSDT,154.1842,156.1997,150.7588,150.8027,0.57
2024-11-06,BNBUSDT,150.8027,150.8027,126.4354,136.2001,0.57
2024-11-07,BNBUSDT,136.2001,139.6476,133.2056,137.4379,0.38
2024-11-08,BNBUSDT,137.4379,146.2229,136.5502,143.2811,0.21
2024-11-09,BNBUSDT,143.2811,153.1435,143.2811,149.5025,0.35
2024-11-10,BNBUSDT,149.5025,158.3214,148.1665,153.5134,0.7
2024-11-11,BNBUSDT,153.5134,153.9931,139.1015,147.9909,0.64
2024-11-12,BNBUSDT,147.9909,162.7923,147.9909,152.464,0.55
2024-11-13,BNBUSDT,152.464,175.2829,152.464,172.3826,1.25
2024-11-14,BNBUSDT,172.3826,197.6426,172.3826,184.3919,0.42
2024-11-15,BNBUSDT,184.3919,184.3919,173.5142,175.2128,0.97
2024-11-16,BNBUSDT,175.2128,185.1592,175.2128,184.3936,0.54
2024-11-17,BNBUSDT,184.3936,184.3936,164.4068,172.081,0.42
2024-11-18,BNBUSDT,172.081,194.1448,172.081,180.7353,0.42
2024-11-19,BNBUSDT,180.7353,197.9765,180.7353,195.6446,0.94
2024-11-20,BNBUSDT,195.6446,217.8139,195.0867,206.2586,0.26
2024-11-21,BNBUSDT,206.2586,234.9537,206.2586,224.9388,1.44
2024-11-22,BNBUSDT,224.9388,225.4369,217.2186,224.0496,0.26
2024-11-23,BNBUSDT,224.0496,266.4691,224.0496,262.4226,0.69
2024-11-24,BNBUSDT,262.4226,303.5343,262.4226,271.543,0.51
2024-11-25,BNBUSDT,271.543,294.2584,271.543,286.0363,0.26
2024-11-26,BNBUSDT,286.0363,286.0363,260.3877,261.2232,0.84
2024-11-27,BNBUSDT,261.2232,284.3057,261.2232,272.8548,0.35
2024-11-28,BNBUSDT,272.8548,297.3457,272.8548,279.307,0.2
2024-11-29,BNBUSDT,279.307,279.307,241.2388,267.9131,0.38
2024-11-30,BNBUSDT,267.9131,291.4339,267.9131,283.989,0.48
2024-12-01,BNBUSDT,283.989,296.257,275.6044,280.8452,0.15
2024-12-02,BNBUSDT,280.8452,287.1447,277.2092,279.3381,0.15
2024-12-03,BNBUSDT,279.3381,290.8694,265.469,284.0167,0.2
2024-12-04,BNBUSDT,284.0167,284.0167,255.6302,271.0535,0.46
2024-12-05,BNBUSDT,271.0535,277.1046,261.8007,272.4255,0.63
2024-12-06,BNBUSDT,272.4255,278.4198,262.3365,271.7756,0.44
2024-12-07,BNBUSDT,271.7756,271.7756,237.2016,267.0482,0.34
2024-12-08,BNBUSDT,267.0482,267.0482,247.0919,261.4855,0.35
2024-12-09,BNBUSDT,261.4855,296.9778,261.4855,277.1163,0.7
2024-12-10,BNBUSDT,277.1163,277.1163,274.3106,274.5812,0.18
2024-12-11,BNBUSDT,274.5812,292.2646,274.5812,290.3447,0.51
2024-12-12,BNBUSDT,290.3447,294.9801,285.9143,289.7484,0.42
2024-12-13,BNBUSDT,289.7484,289.7484,266.338,273.6024,0.36
2024-12-14,BNBUSDT,273.6024,290.898,268.8231,269.9391,0.23
2024-12-15,BNBUSDT,269.9391,274.0124,269.654,272.2001,0.3
2024-12-16,BNBUSDT,272.2001,293.0959,272.2001,281.7519,0.75
2024-12-17,BNBUSDT,281.7519,289.9387,272.5652,278.3713,0.13
2024-12-18,BNBUSDT,278.3713,317.5627,278.3713,311.4109,0.25
2024-12-19,BNBUSDT,311.4109,343.9395,306.2098,323.0404,0.18
2024-12-20,BNBUSDT,323.0404,338.4877,300.0949,320.5206,0.09
2024-12-21,BNBUSDT,320.5206,334.2719,316.4753,328.5387,0.26
2024-12-22,BNBUSDT,328.5387,352.4159,310.5948,339.3438,0.34
2024-12-23,BNBUSDT,339.3438,339.3438,286.9757,311.6457,1.1
2024-12-24,BNBUSDT,311.6457,345.2709,311.6457,342.476,0.4
2024-12-25,BNBUSDT,342.476,397.1057,342.476,372.8304,0.36
2024-12-26,BNBUSDT,372.8304,432.5489,372.8304,412.9106,0.88
2024-12-27,BNBUSDT,412.9106,435.8667,387.2633,426.5546,0.13
2024-12-28,BNBUSDT,426.5546,437.0641,426.5546,435.8573,0.23
2024-12-29,BNBUSDT,435.8573,458.2704,435.8573,443.541,0.32
2024-12-30,BNBUSDT,443.541,443.541,340.4434,362.876,2.04
2024-12-31,BNBUSDT,362.876,362.876,342.9756,349.6682,0.64
2025-01-01,BNBUSDT,349.6682,392.9654,349.6682,390.9441,0.29
2025-01-02,BNBUSDT,390.9441,405.827,361.6936,389.9828,0.13
2025-01-03,BNBUSDT,389.9828,389.9828,350.1504,362.6443,0.34
2025-01-04,BNBUSDT,362.6443,362.6443,357.6002,359.3489,0.26
2025-01-05,BNBUSDT,359.3489,383.4584,359.3489,378.3531,0.44
2025-01-06,BNBUSDT,378.3531,426.239,372.089,388.2569,0.31
2025-01-07,BNBUSDT,388.2569,417.836,388.2569,416.9439,0.57
2025-01-08,BNBUSDT,416.9439,425.073,416.9439,420.9571,0.35
2025-01-09,BNBUSDT,420.9571,425.8539,408.9983,410.8925,0.27
2025-01-10,BNBUSDT,410.8925,433.3879,399.268,421.4738,0.37
2025-01-11,BNBUSDT,421.4738,489.3787,421.4738,469.4321,0.97
2025-01-12,BNBUSDT,469.4321,469.4321,428.5653,434.8126,0.58
2025-01-13,BNBUSDT,434.8126,434.8126,347.5753,362.1081,1.56
2025-01-14,BNBUSDT,362.1081,382.0833,334.9619,351.2124,0.5
2025-01-15,BNBUSDT,351.2124,392.6344,351.2124,377.533,0.93
2025-01-16,BNBUSDT,377.533,397.9088,369.4234,388.9058,0.32
2025-01-17,BNBUSDT,388.9058,388.9058,344.3651,358.7121,0.66
2025-01-18,BNBUSDT,358.7121,372.838,327.6042,358.2299,0.12
2025-01-19,BNBUSDT,358.2299,422.6606,358.2299,398.6826,1.01
2025-01-20,BNBUSDT,398.6826,426.6652,385.6568,395.5228,0.42
2025-01-21,BNBUSDT,395.5228,422.1855,395.5228,415.9695,0.34
2025-01-22,BNBUSDT,415.9695,451.6771,415.9695,436.4107,0.52
2025-01-23,BNBUSDT,436.4107,436.4107,408.6263,422.1259,0.38
2025-01-24,BNBUSDT,422.1259,428.5184,415.4929,417.9975,0.49
2025-01-25,BNBUSDT,417.9975,431.9223,412.4579,420.4209,0.16
2025-01-26,BNBUSDT,420.4209,420.4209,381.5251,404.4215,0.43
2025-01-27,BNBUSDT,404.4215,420.9214,404.4215,414.6422,0.8
2025-01-28,BNBUSDT,414.6422,459.679,414.6422,455.6463,1.01
2025-01-29,BNBUSDT,455.6463,455.6463,369.4345,385.7674,0.97
2025-01-30,BNBUSDT,385.7674,385.7674,330.607,351.509,1.09
2025-01-31,BNBUSDT,351.509,351.509,312.2953,319.8468,0.27
2025-02-01,BNBUSDT,319.8468,343.6271,319.8468,331.4899,0.23
2025-02-02,BNBUSDT,331.4899,351.3319,328.1033,347.3463,0.3
2025-02-03,BNBUSDT,347.3463,370.4005,323.6427,349.8444,0.41
2025-02-04,BNBUSDT,349.8444,362.1379,338.3591,349.4837,0.29
2025-02-05,BNBUSDT,349.4837,357.0354,326.0584,348.1057,0.42
2025-02-06,BNBUSDT,348.1057,385.673,348.1057,374.1183,0.35
2025-02-07,BNBUSDT,374.1183,374.1183,348.2776,352.2059,0.39
2025-02-08,BNBUSDT,352.2059,352.2059,281.9493,303.8917,1.31
2025-02-09,BNBUSDT,303.8917,334.8702,303.6716,312.713,0.14
2025-02-10,BNBUSDT,312.713,384.1995,312.713,348.6768,1.49
2025-02-11,BNBUSDT,348.6768,387.2101,348.6768,380.9884,0.33
2025-02-12,BNBUSDT,380.9884,412.1695,374.7588,392.0775,0.3
2025-02-13,BNBUSDT,392.0775,395.3552,367.0364,375.0197,0.32
2025-02-14,BNBUSDT,375.0197,411.7971,375.0197,393.4802,0.27
2025-02-15,BNBUSDT,393.4802,416.6576,370.2428,383.4246,0.38
2025-02-16,BNBUSDT,383.4246,396.104,356.8347,368.5667,0.37
2025-02-17,BNBUSDT,368.5667,368.5667,328.8408,337.3198,0.31
2025-02-18,BNBUSDT,337.3198,373.2336,337.3198,369.064,0.89
2025-02-19,BNBUSDT,369.064,369.064,338.7638,339.9099,0.35
2025-02-20,BNBUSDT,339.9099,339.9099,312.0918,330.5886,0.31
2025-02-21,BNBUSDT,330.5886,330.5886,285.5181,294.071,0.41
2025-02-22,BNBUSDT,294.071,295.4173,287.5549,293.2032,0.17
2025-02-23,BNBUSDT,293.2032,293.2032,257.2136,261.5386,0.31
2025-02-24,BNBUSDT,261.5386,268.7604,261.5386,267.5035,0.44
2025-02-25,BNBUSDT,267.5035,284.0551,267.5035,278.4906,0.24
2025-02-26,BNBUSDT,278.4906,278.4906,252.0737,265.5208,0.54
2025-02-27,BNBUSDT,265.5208,297.1405,265.5208,271.5376,0.14
2025-02-28,BNBUSDT,271.5376,272.3122,245.7526,267.0288,0.2
2025-03-01,BNBUSDT,267.0288,284.4988,259.1213,279.6752,0.58
2025-03-02,BNBUSDT,279.6752,287.3188,279.2219,287.1492,0.62
2025-03-03,BNBUSDT,287.1492,287.1492,242.1538,255.4554,0.77
2025-03-04,BNBUSDT,255.4554,259.88,241.5295,245.7368,0.4
2025-03-05,BNBUSDT,245.7368,257.8044,239.7732,246.5779,0.18
2025-03-06,BNBUSDT,246.5779,246.5779,236.4501,237.2325,0.58
2025-03-07,BNBUSDT,237.2325,266.8514,237.2325,251.5076,0.48
2025-03-08,BNBUSDT,251.5076,251.5076,224.6107,237.5338,0.38
2025-03-09,BNBUSDT,237.5338,242.3243,223.2495,237.3648,0.11
2025-03-10,BNBUSDT,237.3648,237.3648,209.3551,211.4323,0.93
2025-03-11,BNBUSDT,211.4323,224.2613,211.4323,221.4175,0.38
2025-03-12,BNBUSDT,221.4175,233.7897,217.8911,222.5763,0.42
2025-03-13,BNBUSDT,222.5763,222.7015,217.0239,220.9749,0.22
2025-03-14,BNBUSDT,220.9749,245.4419,220.9749,240.9277,1.17
2025-03-15,BNBUSDT,240.9277,262.988,231.799,253.1239,0.62
2025-03-16,BNBUSDT,253.1239,262.8024,248.2384,250.0783,0.41
2025-03-17,BNBUSDT,250.0783,280.9004,250.0783,267.4852,0.36
2025-03-18,BNBUSDT,267.4852,288.6953,267.4852,277.1421,0.43
2025-03-19,BNBUSDT,277.1421,277.1421,252.2102,259.3587,0.39
2025-03-20,BNBUSDT,259.3587,259.3587,242.6027,244.8966,0.51
2025-03-21,BNBUSDT,244.8966,244.8966,235.9638,238.8105,0.63
2025-03-22,BNBUSDT,238.8105,238.8105,208.083,213.67,1.65
2025-03-23,BNBUSDT,213.67,236.1519,212.9176,213.5709,0.25
2025-03-24,BNBUSDT,213.5709,229.3946,213.5709,219.8487,0.2
2025-03-25,BNBUSDT,219.8487,222.334,184.6145,208.223,0.49
2025-03-26,BNBUSDT,208.223,224.7172,206.6406,208.3484,0.92
2025-03-27,BNBUSDT,208.3484,216.6829,197.567,210.9906,0.49
2025-03-28,BNBUSDT,210.9906,210.9906,183.9292,191.655,0.81
2025-03-29,BNBUSDT,191.655,191.655,172.3209,176.6523,1.44
2025-03-30,BNBUSDT,176.6523,176.6523,170.5357,172.3555,0.28
2025-03-31,BNBUSDT,172.3555,172.3555,153.6857,160.1508,0.89
2025-04-01,BNBUSDT,160.1508,238.6471,160.1508,230.0175,1.71
2025-04-02,BNBUSDT,230.0175,230.0175,207.1185,217.5824,0.45
2025-04-03,BNBUSDT,217.5824,226.8305,203.2979,218.0758,0.08
2025-04-04,BNBUSDT,218.0758,244.9018,218.0758,238.4563,0.5
2025-04-05,BNBUSDT,238.4563,238.4563,203.9824,208.7003,1.79
2025-04-06,BNBUSDT,208.7003,233.9328,208.7003,213.3032,0.31
2025-04-07,BNBUSDT,213.3032,231.9713,213.3032,223.6648,0.42
2025-04-08,BNBUSDT,223.6648,223.6648,202.7309,216.235,0.37
2025-04-09,BNBUSDT,216.235,216.2397,203.1964,215.6445,0.42
2025-04-10,BNBUSDT,215.6445,215.6445,208.7622,212.3795,0.2
2025-04-11,BNBUSDT,212.3795,222.3605,212.2297,216.3221,0.38
2025-04-12,BNBUSDT,216.3221,216.3221,190.515,190.7672,1.42
2025-04-13,BNBUSDT,190.7672,195.3602,176.8598,179.4479,0.85
2025-04-14,BNBUSDT,179.4479,198.8065,166.9411,184.632,1.08
2025-04-15,BNBUSDT,184.632,184.632,175.1645,176.5486,0.23
2025-04-16,BNBUSDT,176.5486,184.3688,161.2972,177.4324,0.22
2025-04-17,BNBUSDT,177.4324,188.7517,174.0875,180.1077,0.35
2025-04-18,BNBUSDT,180.1077,196.8337,180.1077,196.6904,0.71
2025-04-19,BNBUSDT,196.6904,210.7274,195.0494,197.7974,0.21
2025-04-20,BNBUSDT,197.7974,199.7964,186.569,190.6946,0.18
2025-04-21,BNBUSDT,190.6946,190.6946,184.3536,185.138,0.15
2025-04-22,BNBUSDT,185.138,185.138,158.2033,173.4834,0.43
2025-04-23,BNBUSDT,173.4834,173.4834,159.0819,165.7918,0.23
2025-04-24,BNBUSDT,165.7918,169.0211,158.9577,159.1752,0.16
2025-04-25,BNBUSDT,159.1752,180.8885,157.9738,167.6984,0.36
2025-04-26,BNBUSDT,167.6984,167.9889,141.7324,158.8112,0.28
2025-04-27,BNBUSDT,158.8112,165.5916,157.0662,162.4616,0.31
2025-04-28,BNBUSDT,162.4616,162.7579,149.2243,158.6102,0.2
2025-04-29,BNBUSDT,158.6102,169.493,154.9906,164.4693,0.58
2025-04-30,BNBUSDT,164.4693,168.5881,162.0032,167.1628,0.13
2025-05-01,BNBUSDT,167.1628,167.1628,153.1224,159.6533,0.2
2025-05-02,BNBUSDT,159.6533,167.7929,159.6533,161.7557,0.25
2025-05-03,BNBUSDT,161.7557,161.7557,152.6849,155.9581,0.3
2025-05-04,BNBUSDT,155.9581,155.9581,131.7879,137.1087,0.79
2025-05-05,BNBUSDT,137.1087,154.3871,137.1087,146.5595,0.35
2025-05-06,BNBUSDT,146.5595,155.2592,138.448,145.6743,0.33
2025-05-07,BNBUSDT,145.6743,145.6743,124.2699,139.3359,0.33
2025-05-08,BNBUSDT,139.3359,139.3359,131.539,132.2406,0.53
2025-05-09,BNBUSDT,132.2406,141.5779,128.2953,140.8474,0.81
2025-05-10,BNBUSDT,140.8474,150.8772,133.0104,148.5052,0.56
2025-05-11,BNBUSDT,148.5052,156.653,148.5052,154.3663,0.25
2025-05-12,BNBUSDT,154.3663,164.873,151.3473,159.6256,0.36
2025-05-13,BNBUSDT,159.6256,159.6256,149.4632,156.103,0.22
2025-05-14,BNBUSDT,156.103,156.103,143.0617,147.0658,0.54
2025-05-15,BNBUSDT,147.0658,163.5145,147.0658,159.2347,0.42
2025-05-16,BNBUSDT,159.2347,159.2347,137.4663,142.2311,0.56
2025-05-17,BNBUSDT,142.2311,142.2311,134.6487,136.408,0.5
2025-05-18,BNBUSDT,136.408,142.6294,134.6473,142.1033,0.53
2025-05-19,BNBUSDT,142.1033,146.2214,140.123,144.561,0.46
2025-05-20,BNBUSDT,144.561,151.2674,142.8378,144.1793,0.23
2025-05-21,BNBUSDT,144.1793,160.1611,144.1793,153.3185,0.38
2025-05-22,BNBUSDT,153.3185,165.907,153.3185,160.4796,1.15
2025-05-23,BNBUSDT,160.4796,160.4796,143.6982,151.7463,1.63
2025-05-24,BNBUSDT,151.7463,161.2138,150.0518,158.8591,1.07
2025-05-25,BNBUSDT,158.8591,166.368,158.8591,164.7209,0.29
2025-05-26,BNBUSDT,164.7209,166.5007,155.8626,161.3446,0.69
2025-05-27,BNBUSDT,161.3446,161.3446,139.3027,145.7469,0.73
2025-05-28,BNBUSDT,145.7469,148.9821,137.7094,141.2978,0.43
2025-05-29,BNBUSDT,141.2978,152.1018,141.2978,145.8761,0.43
2025-05-30,BNBUSDT,145.8761,161.2111,145.8761,159.2988,0.47
2025-05-31,BNBUSDT,159.2988,163.8982,152.3176,154.7793,0.28
2025-06-01,BNBUSDT,154.7793,154.7793,141.8087,143.7566,1.14
2025-06-02,BNBUSDT,143.7566,146.8247,133.1992,142.2208,0.22
2025-06-03,BNBUSDT,142.2208,148.4874,130.6598,142.149,0.19
2025-06-04,BNBUSDT,142.149,159.9471,142.149,154.6261,1.78
2025-06-05,BNBUSDT,154.6261,154.6261,133.7337,137.1658,0.49
2025-06-06,BNBUSDT,137.1658,161.2096,137.1658,146.1827,0.69
2025-06-07,BNBUSDT,146.1827,160.302,146.1827,151.7531,0.54
2025-06-08,BNBUSDT,151.7531,164.8616,149.1857,156.0147,0.46
2025-06-09,BNBUSDT,156.0147,156.0147,151.1151,152.5571,0.29
2025-06-10,BNBUSDT,152.5571,152.5571,135.2771,148.969,0.62
2025-06-11,BNBUSDT,148.969,150.411,142.1183,144.8054,0.58
2025-06-12,BNBUSDT,144.8054,158.8083,144.8054,157.8019,0.9
2025-06-13,BNBUSDT,157.8019,159.8105,149.2287,156.0567,0.38
2025-06-14,BNBUSDT,156.0567,164.7806,156.0567,164.4975,0.25
2025-06-15,BNBUSDT,164.4975,185.3693,155.8048,165.0423,0.39
2025-06-16,BNBUSDT,165.0423,166.7123,154.1204,157.8224,0.77
2025-06-17,BNBUSDT,157.8224,158.5519,131.5825,146.911,0.63
2025-06-18,BNBUSDT,146.911,159.8643,146.911,151.4193,0.9
2025-06-19,BNBUSDT,151.4193,154.7735,136.7403,144.3834,0.41
2025-06-20,BNBUSDT,144.3834,144.3834,136.9559,138.4187,0.5
2025-06-21,BNBUSDT,138.4187,142.5154,123.8734,133.49,0.51
2025-06-22,BNBUSDT,133.49,143.4833,119.0586,132.6848,0.44
2025-06-23,BNBUSDT,132.6848,137.2301,132.676,133.075,0.36
2025-06-24,BNBUSDT,133.075,141.1975,131.7499,135.9896,0.76
2025-06-25,BNBUSDT,135.9896,165.6876,135.9896,149.8726,0.4
2025-06-26,BNBUSDT,149.8726,155.2659,137.1821,144.9801,0.34
2025-06-27,BNBUSDT,144.9801,157.0296,143.3512,154.0599,0.75
2025-06-28,BNBUSDT,154.0599,158.0504,144.191,145.8445,0.35
2025-06-29,BNBUSDT,145.8445,164.104,145.8445,155.1894,0.71
2025-06-30,BNBUSDT,155.1894,155.1894,147.408,149.9598,1.28
2025-07-01,BNBUSDT,149.9598,165.1108,149.9598,161.9244,0.31
2025-07-02,BNBUSDT,161.9244,170.7921,161.9244,169.1257,0.31
2025-07-03,BNBUSDT,169.1257,169.1257,152.5608,154.3642,0.64
2025-07-04,BNBUSDT,154.3642,160.4994,152.3284,158.6978,0.63
2025-07-05,BNBUSDT,158.6978,158.6978,144.6711,153.0925,0.32
2025-07-06,BNBUSDT,153.0925,153.3541,142.2603,152.0214,0.21
2025-07-07,BNBUSDT,152.0214,152.0214,130.2867,142.2049,0.83
2025-07-08,BNBUSDT,142.2049,142.2049,127.252,132.2635,1.91
2025-07-09,BNBUSDT,132.2635,138.3333,132.2635,137.257,0.89
2025-07-10,BNBUSDT,137.257,143.033,137.257,141.8207,0.8
2025-07-11,BNBUSDT,141.8207,141.8207,133.7166,134.5374,0.93
2025-07-12,BNBUSDT,134.5374,149.9697,134.5374,144.6166,0.71
2025-07-13,BNBUSDT,144.6166,148.4724,140.5686,144.6772,0.38
2025-07-14,BNBUSDT,144.6772,144.7993,135.666,140.9016,0.31
2025-07-15,BNBUSDT,140.9016,150.4853,140.4688,150.3372,0.57
2025-07-16,BNBUSDT,150.3372,157.7252,150.3372,155.4916,0.72
2025-07-17,BNBUSDT,155.4916,159.162,152.5837,152.8493,0.25
2025-07-18,BNBUSDT,152.8493,168.7162,152.8493,159.4866,0.5
2025-07-19,BNBUSDT,159.4866,159.4866,148.2101,155.3939,0.42
2025-07-20,BNBUSDT,155.3939,155.3939,143.0521,144.7518,1.63
2025-07-21,BNBUSDT,144.7518,157.2856,144.7518,152.6921,0.24
2025-07-22,BNBUSDT,152.6921,168.3484,151.9128,160.4672,0.78
2025-07-23,BNBUSDT,160.4672,178.4588,160.4672,177.3447,1.84
2025-07-24,BNBUSDT,177.3447,216.4031,174.361,189.0608,1.35
2025-07-25,BNBUSDT,189.0608,189.7969,178.999,188.3958,0.33
2025-07-26,BNBUSDT,188.3958,202.7403,187.414,189.9911,0.17
2025-07-27,BNBUSDT,189.9911,203.7562,189.9911,195.1396,0.6
2025-07-28,BNBUSDT,195.1396,213.046,195.1396,208.3237,0.91
2025-07-29,BNBUSDT,208.3237,230.1048,208.3237,217.7169,0.43
2025-07-30,BNBUSDT,217.7169,228.3076,211.9027,213.403,0.3
2025-07-31,BNBUSDT,213.403,213.403,189.0791,196.3869,0.77
2025-08-01,BNBUSDT,196.3869,208.9092,189.8796,202.6705,0.27
2025-08-02,BNBUSDT,202.6705,202.6705,177.9602,181.1999,0.94
2025-08-03,BNBUSDT,181.1999,182.8577,178.5968,180.621,0.53
2025-08-04,BNBUSDT,180.621,206.5585,180.621,198.6436,1.49
2025-08-05,BNBUSDT,198.6436,212.7454,195.5484,196.3027,0.53
2025-08-06,BNBUSDT,196.3027,208.5999,189.0587,202.8159,0.78
2025-08-07,BNBUSDT,202.8159,231.4865,202.8159,227.768,0.82
2025-08-08,BNBUSDT,227.768,229.8813,223.2798,228.8813,0.86
2025-08-09,BNBUSDT,228.8813,236.7013,218.7055,230.5507,0.29
2025-08-10,BNBUSDT,230.5507,230.5507,214.4778,227.8086,0.39
2025-08-11,BNBUSDT,227.8086,230.9854,219.1798,221.1706,0.6
2025-08-12,BNBUSDT,221.1706,224.2405,210.615,217.0295,0.68
2025-08-13,BNBUSDT,217.0295,220.9998,189.551,208.9215,1.97
2025-08-14,BNBUSDT,208.9215,236.5859,208.9215,223.576,0.63
2025-08-15,BNBUSDT,223.576,243.7258,223.576,242.0254,0.44
2025-08-16,BNBUSDT,242.0254,247.1027,227.1051,231.2516,0.79
2025-08-17,BNBUSDT,231.2516,237.9049,227.3324,233.5093,0.5
2025-08-18,BNBUSDT,233.5093,248.093,233.5093,240.2486,0.45
2025-08-19,BNBUSDT,240.2486,242.5096,237.6974,237.8733,1.0
2025-08-20,BNBUSDT,237.8733,267.1529,237.8733,259.6804,0.44
2025-08-21,BNBUSDT,259.6804,259.6804,227.7916,234.9378,0.69
2025-08-22,BNBUSDT,234.9378,237.82,226.1977,231.8625,0.18
2025-08-23,BNBUSDT,231.8625,236.254,228.7788,234.8035,0.4
2025-08-24,BNBUSDT,234.8035,234.8035,209.0516,212.3938,0.99
2025-08-25,BNBUSDT,212.3938,219.9484,199.5752,208.2272,0.41
2025-08-26,BNBUSDT,208.2272,223.7135,208.2272,214.9701,0.28
2025-08-27,BNBUSDT,214.9701,214.9701,207.9185,208.3841,0.2
2025-08-28,BNBUSDT,208.3841,208.3841,183.7152,192.5483,0.31
2025-08-29,BNBUSDT,192.5483,225.3384,192.1186,214.3165,0.26
2025-08-30,BNBUSDT,214.3165,236.1809,214.3165,231.3777,0.72
2025-08-31,BNBUSDT,231.3777,235.262,222.6484,228.6879,0.24
2025-09-01,BNBUSDT,228.6879,228.6879,208.1344,214.4861,0.63
2025-09-02,BNBUSDT,214.4861,225.7202,214.4861,222.6994,0.33
2025-09-03,BNBUSDT,222.6994,224.6886,216.1375,216.1783,0.47
2025-09-04,BNBUSDT,216.1783,216.1783,191.8393,196.6042,0.5
2025-09-05,BNBUSDT,196.6042,196.6042,178.1889,181.141,1.1
2025-09-06,BNBUSDT,181.141,193.1063,180.0246,181.7013,0.4
2025-09-07,BNBUSDT,181.7013,200.419,179.0205,193.3994,1.72
2025-09-08,BNBUSDT,193.3994,193.3994,186.2429,190.2853,0.37
2025-09-09,BNBUSDT,190.2853,210.1904,190.2853,200.9115,0.35
2025-09-10,BNBUSDT,200.9115,200.9115,179.3224,185.0513,0.83
2025-09-11,BNBUSDT,185.0513,188.9019,174.9636,184.1642,0.13
2025-09-12,BNBUSDT,184.1642,195.6245,184.1642,194.1449,0.42
2025-09-13,BNBUSDT,194.1449,239.2856,194.1449,210.5508,1.02
2025-09-14,BNBUSDT,210.5508,236.5993,210.5508,231.8582,1.86
2025-09-15,BNBUSDT,231.8582,235.8829,228.419,231.898,0.95
2025-09-16,BNBUSDT,231.898,260.3574,231.898,242.3142,0.49
2025-09-17,BNBUSDT,242.3142,254.8519,242.3142,249.5691,0.39
2025-09-18,BNBUSDT,249.5691,249.5691,231.1197,242.3901,0.42
2025-09-19,BNBUSDT,242.3901,247.051,222.1827,239.7367,0.98
2025-09-20,BNBUSDT,239.7367,257.1598,222.9981,239.6356,0.51
2025-09-21,BNBUSDT,239.6356,264.3661,226.8121,254.6966,0.48
2025-09-22,BNBUSDT,254.6966,283.3931,254.6966,275.1167,0.75
2025-09-23,BNBUSDT,275.1167,281.1035,265.1951,269.9572,0.18
2025-09-24,BNBUSDT,269.9572,271.3945,246.0775,260.4361,0.52
2025-09-25,BNBUSDT,260.4361,285.6341,257.6883,265.3572,0.25
2025-09-26,BNBUSDT,265.3572,307.033,265.3572,306.1871,3.15
2025-09-27,BNBUSDT,306.1871,306.1871,287.9255,288.0356,0.35
2025-09-28,BNBUSDT,288.0356,306.5444,288.0356,298.9302,0.19
2025-09-29,BNBUSDT,298.9302,316.6551,273.0453,294.6442,1.42
2025-09-30,BNBUSDT,294.6442,314.5449,294.5222,304.3187,0.26
2025-10-01,BNBUSDT,304.3187,450.5628,304.3187,434.7389,0.69
2025-10-02,BNBUSDT,434.7389,442.7011,403.2418,420.2031,0.24
2025-10-03,BNBUSDT,420.2031,420.2031,355.881,356.7465,2.72
2025-10-04,BNBUSDT,356.7465,364.7685,343.3577,350.464,0.25
2025-10-05,BNBUSDT,350.464,372.6178,341.4562,350.3298,0.18
2025-10-06,BNBUSDT,350.3298,362.4845,346.4241,361.0992,0.56
2025-10-07,BNBUSDT,361.0992,403.8389,361.0992,374.8799,0.55
2025-10-08,BNBUSDT,374.8799,390.8114,373.9064,388.0078,0.51
2025-10-09,BNBUSDT,388.0078,388.0078,375.6324,376.908,0.31
2025-10-10,BNBUSDT,376.908,401.5256,375.5305,389.5383,0.15
2025-10-11,BNBUSDT,389.5383,401.4184,358.3574,398.0923,0.3
2025-10-12,BNBUSDT,398.0923,434.3931,398.0923,417.0377,0.27
2025-10-13,BNBUSDT,417.0377,437.9077,407.1907,417.296,0.26
2025-10-14,BNBUSDT,417.296,417.296,343.1302,389.4114,0.33
2025-10-15,BNBUSDT,389.4114,432.2562,388.5546,398.2051,0.15
2025-10-16,BNBUSDT,398.2051,447.5193,398.2051,443.7084,0.32
2025-10-17,BNBUSDT,443.7084,529.9775,443.7084,506.7783,1.07
2025-10-18,BNBUSDT,506.7783,509.8236,484.9928,493.4294,0.25
2025-10-19,BNBUSDT,493.4294,493.4294,490.0833,490.3762,0.12
2025-10-20,BNBUSDT,490.3762,510.5432,474.3044,482.0336,0.17
2025-10-21,BNBUSDT,482.0336,482.0336,444.0856,462.858,0.2
2025-10-22,BNBUSDT,462.858,462.858,396.3599,419.6584,0.49
2025-10-23,BNBUSDT,419.6584,466.2455,419.6584,440.7292,0.7
2025-10-24,BNBUSDT,440.7292,461.1087,433.1379,438.9014,0.23
2025-10-25,BNBUSDT,438.9014,438.9014,396.8178,403.7717,0.32
2025-10-26,BNBUSDT,403.7717,420.5558,385.3901,401.7683,0.24
2025-10-27,BNBUSDT,401.7683,418.6818,401.7683,414.7055,0.47
2025-10-28,BNBUSDT,414.7055,436.5399,414.7055,434.6199,0.96
2025-10-29,BNBUSDT,434.6199,450.7151,434.5838,434.9644,0.21
2025-10-30,BNBUSDT,434.9644,434.9644,415.0288,423.4464,0.27
2025-10-31,BNBUSDT,423.4464,423.4464,371.0432,383.0738,0.46
2025-11-01,BNBUSDT,383.0738,442.8059,383.0738,413.5405,0.55
2025-11-02,BNBUSDT,413.5405,413.5405,349.6675,355.7355,0.43
2025-11-03,BNBUSDT,355.7355,378.9805,355.7355,371.7075,0.38
2025-11-04,BNBUSDT,371.7075,382.9641,371.7075,378.8003,0.26
2025-11-05,BNBUSDT,378.8003,378.8003,331.4868,360.6869,0.22
2025-11-06,BNBUSDT,360.6869,381.681,322.3395,352.705,0.15
2025-11-07,BNBUSDT,352.705,382.6801,352.705,370.7986,0.41
2025-11-08,BNBUSDT,370.7986,370.7986,296.2072,307.1045,0.56
2025-11-09,BNBUSDT,307.1045,315.2763,303.481,312.796,0.15
2025-11-10,BNBUSDT,312.796,313.9503,261.8046,279.5259,0.37
2025-11-11,BNBUSDT,279.5259,297.947,279.5259,283.2414,0.09
2025-11-12,BNBUSDT,283.2414,291.8221,262.2838,277.7345,0.39
2025-11-13,BNBUSDT,277.7345,297.8789,271.9024,277.6698,0.19
2025-11-14,BNBUSDT,277.6698,327.4615,277.6698,299.8221,0.36
2025-11-15,BNBUSDT,299.8221,319.1016,276.5161,295.1631,0.18
2025-11-16,BNBUSDT,295.1631,295.1631,267.5703,283.4035,0.13
2025-11-17,BNBUSDT,283.4035,300.0007,283.4035,297.1329,0.2
2025-11-18,BNBUSDT,297.1329,297.1329,258.6622,283.3276,0.3
2025-11-19,BNBUSDT,283.3276,283.3276,256.1573,257.9119,0.41
2025-11-20,BNBUSDT,257.9119,257.9119,225.7854,233.0606,0.36
2025-11-21,BNBUSDT,233.0606,247.2484,221.1844,243.7056,0.2
2025-11-22,BNBUSDT,243.7056,271.8758,243.7056,260.5946,0.44
2025-11-23,BNBUSDT,260.5946,267.6088,260.5946,265.5053,0.17
2025-11-24,BNBUSDT,265.5053,283.3489,265.5053,282.6611,0.22
2025-11-25,BNBUSDT,282.6611,307.7019,282.6611,304.8923,0.21
2025-11-26,BNBUSDT,304.8923,313.2516,299.4366,300.1733,0.27
2025-11-27,BNBUSDT,300.1733,310.2847,300.1733,308.3944,0.2
2025-11-28,BNBUSDT,308.3944,331.517,308.3944,313.4121,0.3
2025-11-29,BNBUSDT,313.4121,313.4121,275.2863,297.5342,0.35
2025-11-30,BNBUSDT,297.5342,311.0101,297.5342,309.864,0.67
2025-12-01,BNBUSDT,309.864,321.6232,286.074,312.603,0.08
2025-12-02,BNBUSDT,312.603,316.0041,276.4109,299.0638,0.32
2025-12-03,BNBUSDT,299.0638,299.0638,277.1718,284.1999,0.14
2025-12-04,BNBUSDT,284.1999,284.1999,249.0984,250.1152,1.11
2025-12-05,BNBUSDT,250.1152,271.675,250.1152,262.6367,0.12
2025-12-06,BNBUSDT,262.6367,286.1956,256.1234,262.1621,0.06
2025-12-07,BNBUSDT,262.1621,283.3527,262.1621,273.4482,0.13
2025-12-08,BNBUSDT,273.4482,273.4482,253.7057,257.2857,0.28
2025-12-09,BNBUSDT,257.2857,257.2857,223.6612,244.1462,0.18
2025-12-10,BNBUSDT,244.1462,244.1462,216.5496,216.7651,0.72
2025-12-11,BNBUSDT,216.7651,223.2031,196.7722,203.3382,0.36
2025-12-12,BNBUSDT,203.3382,204.8992,195.8663,201.5848,0.19
2025-12-13,BNBUSDT,201.5848,227.5292,201.5848,217.3161,0.23
2025-12-14,BNBUSDT,217.3161,242.6223,217.3161,223.9421,0.19
2025-12-15,BNBUSDT,223.9421,260.6734,223.9421,243.5707,0.12
2025-12-16,BNBUSDT,243.5707,256.8204,237.0075,247.7472,0.14
2025-12-17,BNBUSDT,247.7472,247.7472,220.1608,220.7795,0.23
2025-12-18,BNBUSDT,220.7795,237.7895,216.2754,231.8597,0.16
2025-12-19,BNBUSDT,231.8597,231.8597,214.9908,227.9465,0.27
2025-12-20,BNBUSDT,227.9465,252.6288,227.9465,238.5367,0.39
2025-12-21,BNBUSDT,238.5367,238.5367,218.0598,224.6187,0.38
2025-12-22,BNBUSDT,224.6187,250.1645,224.6187,235.5666,0.45
2025-12-23,BNBUSDT,235.5666,250.0718,235.5666,247.1079,0.23
2025-12-24,BNBUSDT,247.1079,247.1079,228.5141,244.1937,0.09
2025-12-25,BNBUSDT,244.1937,244.1937,231.0919,239.8103,0.22
2025-12-26,BNBUSDT,239.8103,267.5385,239.8103,265.5251,0.22
2025-12-27,BNBUSDT,265.5251,277.2971,256.1266,266.4788,0.12
2025-12-28,BNBUSDT,266.4788,277.7303,258.5147,273.4474,0.14
2025-12-29,BNBUSDT,273.4474,273.4474,247.7354,257.8766,0.26
2025-12-30,BNBUSDT,257.8766,269.8141,239.9794,253.394,0.19
2025-12-31,BNBUSDT,253.394,262.9438,244.1043,254.617,0.3
2026-01-01,BNBUSDT,254.617,254.617,212.7732,214.0725,0.51
2026-01-02,BNBUSDT,214.0725,222.7277,207.8973,210.1841,0.3
2026-01-03,BNBUSDT,210.1841,221.0357,194.2543,208.7879,0.19
2026-01-04,BNBUSDT,208.7879,217.5075,199.4641,207.5705,0.17
2026-01-05,BNBUSDT,207.5705,207.5705,194.2578,199.1471,0.18
2026-01-06,BNBUSDT,199.1471,228.9691,199.1471,211.0378,0.21
2026-01-07,BNBUSDT,211.0378,231.0473,211.0378,228.8478,0.22
2026-01-08,BNBUSDT,228.8478,234.7437,228.1607,232.521,0.2
2026-01-09,BNBUSDT,232.521,244.932,219.718,232.8579,0.28
2026-01-10,BNBUSDT,232.8579,232.8579,190.8478,222.5248,0.23
2026-01-11,BNBUSDT,222.5248,222.5248,207.0387,209.4945,0.13
2026-01-12,BNBUSDT,209.4945,225.2388,204.8941,220.0683,0.43
2026-01-13,BNBUSDT,220.0683,231.5291,217.0118,221.9707,0.23
2026-01-14,BNBUSDT,221.9707,244.0355,221.9707,235.6563,0.35
2026-01-15,BNBUSDT,235.6563,255.2716,233.1825,243.3286,0.29
2026-01-16,BNBUSDT,243.3286,259.3255,237.572,254.5601,0.19
2026-01-17,BNBUSDT,254.5601,254.5601,227.3155,228.7305,0.24
2026-01-18,BNBUSDT,228.7305,242.1862,216.1669,229.8791,0.3
2026-01-19,BNBUSDT,229.8791,266.548,229.8791,251.76,0.37
2026-01-20,BNBUSDT,251.76,270.5097,246.7577,248.6018,0.31
2026-01-21,BNBUSDT,248.6018,248.6018,218.3052,220.2555,0.51
2026-01-22,BNBUSDT,220.2555,229.8537,220.2555,221.9401,0.26
2026-01-23,BNBUSDT,221.9401,234.351,219.2991,222.1291,0.18
2026-01-24,BNBUSDT,222.1291,241.7969,222.1291,229.7132,0.27
2026-01-25,BNBUSDT,229.7132,264.3919,229.7132,252.9624,0.6
2026-01-26,BNBUSDT,252.9624,257.2482,235.8505,249.7625,0.18
2026-01-27,BNBUSDT,249.7625,249.7625,217.5214,228.5191,0.97
2026-01-28,BNBUSDT,228.5191,240.4196,221.8575,224.2032,0.24
2026-01-29,BNBUSDT,224.2032,240.1446,224.2032,237.3874,0.27
2026-01-30,BNBUSDT,237.3874,237.3874,219.2058,223.4036,0.56
2026-01-31,BNBUSDT,223.4036,228.5576,209.0985,218.4695,0.29
2026-02-01,BNBUSDT,218.4695,235.8295,218.4695,235.2215,1.1
2026-02-02,BNBUSDT,235.2215,254.2393,235.2215,246.0869,0.31
2026-02-03,BNBUSDT,246.0869,261.4013,238.7324,248.7456,0.41
2026-02-04,BNBUSDT,248.7456,254.5603,243.1859,253.6749,0.51
2026-02-05,BNBUSDT,253.6749,259.9219,250.8567,251.2402,0.12
2026-02-06,BNBUSDT,251.2402,251.2402,216.5755,222.2333,0.37
2026-02-07,BNBUSDT,222.2333,222.2333,217.9509,218.0873,0.27
2026-02-08,BNBUSDT,218.0873,243.1103,218.0873,235.54,0.32
2026-02-09,BNBUSDT,235.54,247.8204,235.54,242.2595,0.4
2026-02-10,BNBUSDT,242.2595,261.7631,242.2595,259.4699,0.34
2026-02-11,BNBUSDT,259.4699,259.4699,252.8329,254.4061,0.35
2026-02-12,BNBUSDT,254.4061,281.0616,254.4061,267.0307,0.46
2026-02-13,BNBUSDT,267.0307,273.8019,260.1669,272.5398,0.22
2026-02-14,BNBUSDT,272.5398,286.4525,272.5398,275.0565,0.32
2026-02-15,BNBUSDT,275.0565,275.1378,275.0418,275.0809,0.3
2026-02-16,BNBUSDT,275.0809,279.9222,261.3203,277.5792,0.18
2026-02-17,BNBUSDT,277.5792,278.8864,262.3125,268.2797,0.18
2026-02-18,BNBUSDT,268.2797,294.2746,255.7703,273.2775,0.2
2026-02-19,BNBUSDT,273.2775,277.1956,248.6931,265.192,0.14
2026-02-20,BNBUSDT,265.192,289.0026,265.192,275.1107,0.14
2026-02-21,BNBUSDT,275.1107,292.4963,275.1107,292.3839,0.67
2026-02-22,BNBUSDT,292.3839,312.8479,292.3839,312.466,0.13
2026-02-23,BNBUSDT,312.466,317.5358,280.6747,317.219,0.18
2026-02-24,BNBUSDT,317.219,317.219,296.5343,312.2446,0.35
2026-02-25,BNBUSDT,312.2446,312.2446,272.9862,286.8692,0.18
2026-02-26,BNBUSDT,286.8692,299.9087,286.3329,286.3507,0.1
2026-02-27,BNBUSDT,286.3507,308.8222,286.3507,306.7296,0.33
2026-02-28,BNBUSDT,306.7296,306.7296,282.3972,286.6787,0.36
2026-03-01,BNBUSDT,286.6787,317.8145,286.6787,299.1853,0.45
2026-03-02,BNBUSDT,299.1853,299.1853,270.8746,283.4223,0.21
2026-03-03,BNBUSDT,283.4223,283.4223,231.6516,256.0095,0.25
2026-03-04,BNBUSDT,256.0095,256.0095,224.0437,234.727,0.93
2026-03-05,BNBUSDT,234.727,239.2132,233.0224,239.1362,0.16
2026-03-06,BNBUSDT,239.1362,250.2587,228.7032,237.8401,0.2
2026-03-07,BNBUSDT,237.8401,237.8401,224.7367,230.3078,0.3
2026-03-08,BNBUSDT,230.3078,230.3078,203.2695,212.9252,0.41
2026-03-09,BNBUSDT,212.9252,212.9252,184.3074,200.2118,0.28
2026-03-10,BNBUSDT,200.2118,200.2118,176.1586,187.9091,0.26
2026-03-11,BNBUSDT,187.9091,190.2605,187.9091,190.1742,0.17
2026-03-12,BNBUSDT,190.1742,201.5878,190.1742,190.9335,0.22
2026-03-13,BNBUSDT,190.9335,228.2936,190.9335,225.7932,0.46
2026-03-14,BNBUSDT,225.7932,254.093,225.7932,247.5035,0.61
2026-03-15,BNBUSDT,247.5035,261.9218,235.7492,250.8092,0.32
2026-03-16,BNBUSDT,250.8092,256.8865,224.1976,237.7428,0.23
2026-03-17,BNBUSDT,237.7428,237.7428,231.3224,232.2683,0.17
2026-03-18,BNBUSDT,232.2683,262.9061,223.7257,235.8746,0.21
2026-03-19,BNBUSDT,235.8746,251.7692,226.6525,233.4988,0.11
2026-03-20,BNBUSDT,233.4988,250.1922,232.9268,238.4486,0.2
2026-03-21,BNBUSDT,238.4486,238.4486,218.023,227.7027,0.29
2026-03-22,BNBUSDT,227.7027,227.7027,199.4245,221.2154,0.4
2026-03-23,BNBUSDT,221.2154,221.8496,217.0983,218.6914,0.2
2026-03-24,BNBUSDT,218.6914,233.4362,215.7916,219.965,0.26
2026-03-25,BNBUSDT,219.965,224.8572,196.9512,204.6302,0.58
2026-03-26,BNBUSDT,204.6302,204.6302,191.2688,193.6059,0.45
2026-03-27,BNBUSDT,193.6059,193.6059,174.7476,180.1049,0.24
2026-03-28,BNBUSDT,180.1049,190.1656,180.1049,186.1741,0.21
2026-03-29,BNBUSDT,186.1741,198.5349,176.0609,182.6514,0.17
2026-03-30,BNBUSDT,182.6514,182.6514,175.0332,176.3176,0.56
2026-03-31,BNBUSDT,176.3176,188.2637,176.3176,178.34,0.17
2026-04-01,BNBUSDT,178.34,178.34,168.028,173.0778,0.15
2026-04-02,BNBUSDT,173.0778,176.641,168.9609,175.492,0.35
2026-04-03,BNBUSDT,175.492,184.2238,169.8712,173.0448,0.54
2026-04-04,BNBUSDT,173.0448,185.1127,173.0448,182.9463,0.35
2026-04-05,BNBUSDT,182.9463,182.9463,166.0564,169.559,0.41
2026-04-06,BNBUSDT,169.559,175.6184,169.559,173.192,0.36
2026-04-07,BNBUSDT,173.192,173.192,155.9897,159.6179,0.45
2026-04-08,BNBUSDT,159.6179,159.6179,138.0851,145.3952,0.4
2020-04-10,SOLUSDT,0.5261,0.5289,0.4632,0.52,66.43
2020-04-11,SOLUSDT,0.52,0.52,0.4836,0.5039,39.42
2020-04-12,SOLUSDT,0.5039,0.5039,0.4453,0.4592,59.15
2020-04-13,SOLUSDT,0.4592,0.4673,0.413,0.4487,58.16
2020-04-14,SOLUSDT,0.4487,0.471,0.4487,0.4524,28.89
2020-04-15,SOLUSDT,0.4524,0.5101,0.4524,0.5013,56.56
2020-04-16,SOLUSDT,0.5013,0.514,0.4876,0.497,28.82
2020-04-17,SOLUSDT,0.497,0.5039,0.4567,0.4743,26.68
2020-04-18,SOLUSDT,0.4743,0.4743,0.4259,0.4447,47.62
2020-04-19,SOLUSDT,0.4447,0.4942,0.4447,0.4743,98.87
2020-04-20,SOLUSDT,0.4743,0.4743,0.4131,0.4314,72.29
2020-04-21,SOLUSDT,0.4314,0.4314,0.3988,0.4,41.59
2020-04-22,SOLUSDT,0.4,0.4471,0.4,0.4376,28.18
2020-04-23,SOLUSDT,0.4376,0.5086,0.4376,0.4715,54.85
2020-04-24,SOLUSDT,0.4715,0.4935,0.4597,0.4898,62.77
2020-04-25,SOLUSDT,0.4898,0.4989,0.4898,0.4945,29.81
2020-04-26,SOLUSDT,0.4945,0.5066,0.4222,0.4687,63.6
2020-04-27,SOLUSDT,0.4687,0.4704,0.3957,0.4211,83.78
2020-04-28,SOLUSDT,0.4211,0.4761,0.4211,0.4695,45.36
2020-04-29,SOLUSDT,0.4695,0.4695,0.3822,0.4286,57.22
2020-04-30,SOLUSDT,0.4286,0.4302,0.4112,0.4116,92.93
2020-05-01,SOLUSDT,0.4116,0.4751,0.4116,0.4412,188.06
2020-05-02,SOLUSDT,0.4412,0.4492,0.3873,0.4276,72.89
2020-05-03,SOLUSDT,0.4276,0.462,0.4276,0.4599,118.24
2020-05-04,SOLUSDT,0.4599,0.4599,0.4248,0.4437,34.8
2020-05-05,SOLUSDT,0.4437,0.4585,0.4293,0.4529,66.45
2020-05-06,SOLUSDT,0.4529,0.4916,0.4407,0.4665,12.38
2020-05-07,SOLUSDT,0.4665,0.4857,0.4198,0.4622,14.72
2020-05-08,SOLUSDT,0.4622,0.5252,0.4622,0.5244,92.21
2020-05-09,SOLUSDT,0.5244,0.5428,0.4949,0.5138,30.23
2020-05-10,SOLUSDT,0.5138,0.5804,0.5138,0.5492,29.67
2020-05-11,SOLUSDT,0.5492,0.6355,0.5492,0.6304,94.31
2020-05-12,SOLUSDT,0.6304,0.6958,0.6304,0.6699,48.37
2020-05-13,SOLUSDT,0.6699,0.7128,0.6274,0.6727,26.82
2020-05-14,SOLUSDT,0.6727,0.7075,0.6727,0.6873,21.34
2020-05-15,SOLUSDT,0.6873,0.8668,0.6873,0.8005,78.77
2020-05-16,SOLUSDT,0.8005,0.8644,0.7803,0.7831,24.98
2020-05-17,SOLUSDT,0.7831,0.7831,0.616,0.7165,103.25
2020-05-18,SOLUSDT,0.7165,0.7174,0.6715,0.7033,24.03
2020-05-19,SOLUSDT,0.7033,0.7445,0.6586,0.7034,59.89
2020-05-20,SOLUSDT,0.7034,0.7959,0.6987,0.7227,31.92
2020-05-21,SOLUSDT,0.7227,0.7344,0.6631,0.7201,36.04
2020-05-22,SOLUSDT,0.7201,0.7748,0.656,0.7129,50.46
2020-05-23,SOLUSDT,0.7129,0.7435,0.6567,0.7205,21.09
2020-05-24,SOLUSDT,0.7205,0.7804,0.6886,0.747,21.19
2020-05-25,SOLUSDT,0.747,0.796,0.7338,0.7708,49.87
2020-05-26,SOLUSDT,0.7708,0.8233,0.7572,0.7674,31.43
2020-05-27,SOLUSDT,0.7674,0.8391,0.7659,0.7911,20.17
2020-05-28,SOLUSDT,0.7911,0.8411,0.7719,0.7799,17.66
2020-05-29,SOLUSDT,0.7799,0.8511,0.7628,0.802,29.65
2020-05-30,SOLUSDT,0.802,0.8547,0.7818,0.8337,13.91
2020-05-31,SOLUSDT,0.8337,0.8344,0.7905,0.8082,35.07
2020-06-01,SOLUSDT,0.8082,0.8807,0.7861,0.8217,30.67
2020-06-02,SOLUSDT,0.8217,0.8741,0.7695,0.783,32.99
2020-06-03,SOLUSDT,0.783,0.7971,0.7443,0.7482,42.39
2020-06-04,SOLUSDT,0.7482,0.7482,0.715,0.73,46.24
2020-06-05,SOLUSDT,0.73,0.767,0.6971,0.7593,47.53
2020-06-06,SOLUSDT,0.7593,0.8514,0.7593,0.838,64.36
2020-06-07,SOLUSDT,0.838,0.9324,0.8354,0.9053,37.34
2020-06-08,SOLUSDT,0.9053,0.9053,0.8154,0.8421,24.43
2020-06-09,SOLUSDT,0.8421,0.9471,0.8413,0.898,31.73
2020-06-10,SOLUSDT,0.898,0.9633,0.898,0.9311,63.66
2020-06-11,SOLUSDT,0.9311,0.9311,0.8477,0.8835,26.07
2020-06-12,SOLUSDT,0.8835,0.8835,0.8022,0.8342,20.67
2020-06-13,SOLUSDT,0.8342,0.8748,0.745,0.8401,27.07
2020-06-14,SOLUSDT,0.8401,0.8401,0.7494,0.7809,19.18
2020-06-15,SOLUSDT,0.7809,0.8282,0.7538,0.7803,24.5
2020-06-16,SOLUSDT,0.7803,0.7803,0.6611,0.7019,18.91
2020-06-17,SOLUSDT,0.7019,0.7762,0.7019,0.7283,10.7
2020-06-18,SOLUSDT,0.7283,0.7409,0.7042,0.7167,12.72
2020-06-19,SOLUSDT,0.7167,0.7167,0.6699,0.7016,10.9
2020-06-20,SOLUSDT,0.7016,0.7016,0.6263,0.6382,98.83
2020-06-21,SOLUSDT,0.6382,0.6717,0.6361,0.6695,30.02
2020-06-22,SOLUSDT,0.6695,0.7038,0.6247,0.6774,18.63
2020-06-23,SOLUSDT,0.6774,0.6871,0.6201,0.6754,11.92
2020-06-24,SOLUSDT,0.6754,0.7088,0.6506,0.6832,35.95
2020-06-25,SOLUSDT,0.6832,0.6832,0.6021,0.614,40.47
2020-06-26,SOLUSDT,0.614,0.614,0.5549,0.5613,81.01
2020-06-27,SOLUSDT,0.5613,0.6389,0.5613,0.6217,69.81
2020-06-28,SOLUSDT,0.6217,0.6217,0.6035,0.6074,10.42
2020-06-29,SOLUSDT,0.6074,0.6288,0.5916,0.6029,12.77
2020-06-30,SOLUSDT,0.6029,0.6143,0.5451,0.572,30.23
2020-07-01,SOLUSDT,0.572,0.572,0.5318,0.5327,46.77
2020-07-02,SOLUSDT,0.5327,0.5741,0.504,0.5096,11.68
2020-07-03,SOLUSDT,0.5096,0.6116,0.5096,0.5511,52.36
2020-07-04,SOLUSDT,0.5511,0.5763,0.526,0.5538,17.93
2020-07-05,SOLUSDT,0.5538,0.6031,0.5538,0.5923,31.68
2020-07-06,SOLUSDT,0.5923,0.603,0.5611,0.5892,20.96
2020-07-07,SOLUSDT,0.5892,0.6271,0.5892,0.6059,26.45
2020-07-08,SOLUSDT,0.6059,0.6205,0.5791,0.6096,16.57
2020-07-09,SOLUSDT,0.6096,0.6096,0.535,0.5404,26.35
2020-07-10,SOLUSDT,0.5404,0.542,0.5239,0.5299,12.94
2020-07-11,SOLUSDT,0.5299,0.6139,0.5299,0.6125,78.67
2020-07-12,SOLUSDT,0.6125,0.6622,0.6098,0.6484,48.68
2020-07-13,SOLUSDT,0.6484,0.6484,0.6107,0.6353,8.06
2020-07-14,SOLUSDT,0.6353,0.6735,0.6259,0.6291,6.81
2020-07-15,SOLUSDT,0.6291,0.7101,0.616,0.6374,21.62
2020-07-16,SOLUSDT,0.6374,0.6704,0.6317,0.6694,15.51
2020-07-17,SOLUSDT,0.6694,0.6872,0.6534,0.6776,24.18
2020-07-18,SOLUSDT,0.6776,0.7244,0.6776,0.6966,13.47
2020-07-19,SOLUSDT,0.6966,0.7395,0.6667,0.6748,67.51
2020-07-20,SOLUSDT,0.6748,0.693,0.6607,0.6686,12.49
2020-07-21,SOLUSDT,0.6686,0.6877,0.5823,0.6178,119.72
2020-07-22,SOLUSDT,0.6178,0.6946,0.6119,0.6219,12.44
2020-07-23,SOLUSDT,0.6219,0.6834,0.5747,0.6515,15.05
2020-07-24,SOLUSDT,0.6515,0.681,0.6023,0.6081,28.39
2020-07-25,SOLUSDT,0.6081,0.6582,0.6021,0.6463,36.17
2020-07-26,SOLUSDT,0.6463,0.6463,0.5347,0.5743,59.49
2020-07-27,SOLUSDT,0.5743,0.5743,0.5258,0.5284,31.54
2020-07-28,SOLUSDT,0.5284,0.561,0.5016,0.5276,4.34
2020-07-29,SOLUSDT,0.5276,0.5396,0.4736,0.5015,18.09
2020-07-30,SOLUSDT,0.5015,0.5015,0.4775,0.4855,21.7
2020-07-31,SOLUSDT,0.4855,0.5158,0.4304,0.5093,55.54
2020-08-01,SOLUSDT,0.5093,0.7024,0.5093,0.6902,145.22
2020-08-02,SOLUSDT,0.6902,0.7274,0.6838,0.686,7.27
2020-08-03,SOLUSDT,0.686,0.7661,0.686,0.766,42.83
2020-08-04,SOLUSDT,0.766,0.8269,0.7212,0.7843,9.98
2020-08-05,SOLUSDT,0.7843,0.7843,0.6687,0.7635,6.68
2020-08-06,SOLUSDT,0.7635,0.8091,0.7426,0.7728,20.86
2020-08-07,SOLUSDT,0.7728,0.7728,0.6493,0.7,30.8
2020-08-08,SOLUSDT,0.7,0.7,0.6249,0.6514,25.95
2020-08-09,SOLUSDT,0.6514,0.7299,0.6499,0.6624,25.19
2020-08-10,SOLUSDT,0.6624,0.6804,0.6442,0.652,12.47
2020-08-11,SOLUSDT,0.652,0.6746,0.6309,0.668,22.44
2020-08-12,SOLUSDT,0.668,0.7252,0.6623,0.6901,20.55
2020-08-13,SOLUSDT,0.6901,0.7649,0.6901,0.7308,25.44
2020-08-14,SOLUSDT,0.7308,0.7924,0.711,0.7474,47.0
2020-08-15,SOLUSDT,0.7474,0.8438,0.7474,0.7873,37.72
2020-08-16,SOLUSDT,0.7873,0.7873,0.7013,0.7364,18.19
2020-08-17,SOLUSDT,0.7364,0.792,0.7209,0.7826,31.5
2020-08-18,SOLUSDT,0.7826,0.8687,0.7652,0.7807,7.26
2020-08-19,SOLUSDT,0.7807,0.8345,0.7175,0.8041,17.93
2020-08-20,SOLUSDT,0.8041,0.9682,0.7664,0.8305,24.72
2020-08-21,SOLUSDT,0.8305,0.9625,0.8305,0.9167,12.25
2020-08-22,SOLUSDT,0.9167,0.9167,0.8067,0.8357,14.07
2020-08-23,SOLUSDT,0.8357,0.9407,0.8357,0.8846,19.74
2020-08-24,SOLUSDT,0.8846,0.9313,0.837,0.8815,8.12
2020-08-25,SOLUSDT,0.8815,0.9811,0.8815,0.9502,50.57
2020-08-26,SOLUSDT,0.9502,0.9678,0.9361,0.943,35.78
2020-08-27,SOLUSDT,0.943,0.9963,0.943,0.9816,13.9
2020-08-28,SOLUSDT,0.9816,1.0021,0.943,0.9543,11.25
2020-08-29,SOLUSDT,0.9543,1.1937,0.9543,1.0311,28.32
2020-08-30,SOLUSDT,1.0311,1.0853,0.9667,1.0011,23.63
2020-08-31,SOLUSDT,1.0011,1.1554,1.0011,1.1281,27.11
2020-09-01,SOLUSDT,1.1281,1.1281,1.0357,1.0704,24.43
2020-09-02,SOLUSDT,1.0704,1.1059,0.961,1.0218,12.87
2020-09-03,SOLUSDT,1.0218,1.14,1.0218,1.0874,49.06
2020-09-04,SOLUSDT,1.0874,1.1567,1.0874,1.1361,24.16
2020-09-05,SOLUSDT,1.1361,1.1541,1.0031,1.0481,35.01
2020-09-06,SOLUSDT,1.0481,1.2314,1.0481,1.1576,23.88
2020-09-07,SOLUSDT,1.1576,1.1576,0.9176,0.9992,30.45
2020-09-08,SOLUSDT,0.9992,1.0136,0.9556,0.9779,14.78
2020-09-09,SOLUSDT,0.9779,0.9779,0.8058,0.8492,63.85
2020-09-10,SOLUSDT,0.8492,0.8733,0.772,0.8273,15.77
2020-09-11,SOLUSDT,0.8273,1.1183,0.8273,1.0216,72.45
2020-09-12,SOLUSDT,1.0216,1.104,0.9986,1.0367,4.94
2020-09-13,SOLUSDT,1.0367,1.2786,1.0367,1.1509,47.87
2020-09-14,SOLUSDT,1.1509,1.1708,1.1191,1.1544,14.42
2020-09-15,SOLUSDT,1.1544,1.1955,1.1544,1.1826,38.9
2020-09-16,SOLUSDT,1.1826,1.1826,0.9799,1.0172,36.74
2020-09-17,SOLUSDT,1.0172,1.1867,1.0172,1.1412,28.14
2020-09-18,SOLUSDT,1.1412,1.1412,1.104,1.1082,17.24
2020-09-19,SOLUSDT,1.1082,1.1171,1.033,1.0659,5.96
2020-09-20,SOLUSDT,1.0659,1.092,1.0504,1.0876,5.37
2020-09-21,SOLUSDT,1.0876,1.2966,1.0713,1.1459,20.05
2020-09-22,SOLUSDT,1.1459,1.1459,1.069,1.1374,6.67
2020-09-23,SOLUSDT,1.1374,1.1374,0.9754,1.0238,17.63
2020-09-24,SOLUSDT,1.0238,1.1229,0.9872,1.0315,7.98
2020-09-25,SOLUSDT,1.0315,1.1553,1.0315,1.0823,5.49
2020-09-26,SOLUSDT,1.0823,1.0895,1.0131,1.0537,6.4
2020-09-27,SOLUSDT,1.0537,1.192,1.0537,1.1114,7.08
2020-09-28,SOLUSDT,1.1114,1.2577,0.9829,1.1343,13.01
2020-09-29,SOLUSDT,1.1343,1.2981,1.1343,1.2903,36.37
2020-09-30,SOLUSDT,1.2903,1.4029,1.2277,1.3427,4.66
2020-10-01,SOLUSDT,1.3427,1.35,1.1062,1.1929,41.06
2020-10-02,SOLUSDT,1.1929,1.2609,1.1929,1.2526,11.25
2020-10-03,SOLUSDT,1.2526,1.3297,1.2488,1.284,12.74
2020-10-04,SOLUSDT,1.284,1.3538,1.1772,1.2246,28.68
2020-10-05,SOLUSDT,1.2246,1.2298,1.1703,1.1745,13.58
2020-10-06,SOLUSDT,1.1745,1.1863,1.1691,1.1731,6.09
2020-10-07,SOLUSDT,1.1731,1.2605,1.1027,1.2459,27.97
2020-10-08,SOLUSDT,1.2459,1.2459,1.1218,1.2183,13.76
2020-10-09,SOLUSDT,1.2183,1.3646,1.2183,1.3022,21.15
2020-10-10,SOLUSDT,1.3022,1.3733,1.2874,1.2991,12.21
2020-10-11,SOLUSDT,1.2991,1.4144,1.2991,1.3665,13.19
2020-10-12,SOLUSDT,1.3665,1.457,1.3665,1.4402,30.38
2020-10-13,SOLUSDT,1.4402,1.4538,1.4098,1.445,6.69
2020-10-14,SOLUSDT,1.445,1.6131,1.3885,1.5414,36.09
2020-10-15,SOLUSDT,1.5414,1.8976,1.5414,1.824,80.87
2020-10-16,SOLUSDT,1.824,1.824,1.5636,1.6352,13.37
2020-10-17,SOLUSDT,1.6352,1.6702,1.4895,1.5263,42.21
2020-10-18,SOLUSDT,1.5263,1.6806,1.5231,1.5323,4.78
2020-10-19,SOLUSDT,1.5323,1.6329,1.5323,1.6153,21.08
2020-10-20,SOLUSDT,1.6153,1.6153,1.3985,1.44,21.91
2020-10-21,SOLUSDT,1.44,1.44,1.2773,1.3523,52.59
2020-10-22,SOLUSDT,1.3523,1.3523,1.2589,1.3221,17.22
2020-10-23,SOLUSDT,1.3221,1.3485,1.2488,1.2912,19.24
2020-10-24,SOLUSDT,1.2912,1.2912,1.0998,1.2127,27.97
2020-10-25,SOLUSDT,1.2127,1.3181,1.1521,1.2746,12.7
2020-10-26,SOLUSDT,1.2746,1.2746,1.1945,1.2056,20.11
2020-10-27,SOLUSDT,1.2056,1.2468,1.1708,1.1752,28.4
2020-10-28,SOLUSDT,1.1752,1.3122,1.1752,1.2702,54.48
2020-10-29,SOLUSDT,1.2702,1.2702,1.1876,1.1962,21.86
2020-10-30,SOLUSDT,1.1962,1.2324,1.1094,1.1461,15.29
2020-10-31,SOLUSDT,1.1461,1.2675,1.1461,1.2654,69.89
2020-11-01,SOLUSDT,1.2654,1.3679,1.2122,1.2739,15.69
2020-11-02,SOLUSDT,1.2739,1.2739,1.0605,1.0974,47.12
2020-11-03,SOLUSDT,1.0974,1.0974,0.928,0.9408,16.41
2020-11-04,SOLUSDT,0.9408,1.0825,0.9408,1.0511,23.46
2020-11-05,SOLUSDT,1.0511,1.0735,0.9902,1.0435,4.82
2020-11-06,SOLUSDT,1.0435,1.0533,0.9553,1.026,5.09
2020-11-07,SOLUSDT,1.026,1.0752,1.026,1.0592,7.87
2020-11-08,SOLUSDT,1.0592,1.1507,1.0489,1.0933,11.83
2020-11-09,SOLUSDT,1.0933,1.1374,1.0005,1.0835,13.12
2020-11-10,SOLUSDT,1.0835,1.0835,1.0387,1.0454,27.5
2020-11-11,SOLUSDT,1.0454,1.2191,1.0283,1.0557,21.96
2020-11-12,SOLUSDT,1.0557,1.1227,1.0557,1.0788,7.03
2020-11-13,SOLUSDT,1.0788,1.2898,1.0788,1.2209,19.73
2020-11-14,SOLUSDT,1.2209,1.3653,1.2066,1.2582,10.29
2020-11-15,SOLUSDT,1.2582,1.3976,1.2572,1.3421,15.62
2020-11-16,SOLUSDT,1.3421,1.4637,1.3207,1.3432,6.78
2020-11-17,SOLUSDT,1.3432,1.3432,1.1287,1.1539,8.84
2020-11-18,SOLUSDT,1.1539,1.1857,1.0708,1.148,5.13
2020-11-19,SOLUSDT,1.148,1.216,1.0777,1.1824,15.8
2020-11-20,SOLUSDT,1.1824,1.2524,1.1537,1.2252,5.25
2020-11-21,SOLUSDT,1.2252,1.4015,1.2252,1.3065,18.38
2020-11-22,SOLUSDT,1.3065,1.3065,1.2249,1.2695,6.91
2020-11-23,SOLUSDT,1.2695,1.382,1.162,1.2813,6.42
2020-11-24,SOLUSDT,1.2813,1.2813,1.1758,1.2073,6.65
2020-11-25,SOLUSDT,1.2073,1.2206,1.062,1.2079,6.49
2020-11-26,SOLUSDT,1.2079,1.39,1.2079,1.2813,4.55
2020-11-27,SOLUSDT,1.2813,1.3062,1.1715,1.261,6.92
2020-11-28,SOLUSDT,1.261,1.2655,1.0732,1.1837,4.56
2020-11-29,SOLUSDT,1.1837,1.1837,1.135,1.1662,17.09
2020-11-30,SOLUSDT,1.1662,1.2921,1.1641,1.2474,9.49
2020-12-01,SOLUSDT,1.2474,1.2474,1.0536,1.1771,14.7
2020-12-02,SOLUSDT,1.1771,1.1785,1.1143,1.1568,7.17
2020-12-03,SOLUSDT,1.1568,1.2004,1.1015,1.1278,6.84
2020-12-04,SOLUSDT,1.1278,1.1727,1.0361,1.1056,5.02
2020-12-05,SOLUSDT,1.1056,1.1521,1.1056,1.1343,28.6
2020-12-06,SOLUSDT,1.1343,1.1343,1.0335,1.0369,10.09
2020-12-07,SOLUSDT,1.0369,1.0538,0.9554,0.9865,10.44
2020-12-08,SOLUSDT,0.9865,0.9865,0.936,0.941,15.94
2020-12-09,SOLUSDT,0.941,1.0996,0.941,1.002,28.52
2020-12-10,SOLUSDT,1.002,1.002,0.8564,0.9228,21.46
2020-12-11,SOLUSDT,0.9228,0.9784,0.8918,0.8933,9.83
2020-12-12,SOLUSDT,0.8933,0.9766,0.8601,0.9006,7.98
2020-12-13,SOLUSDT,0.9006,0.9006,0.8186,0.8629,15.97
2020-12-14,SOLUSDT,0.8629,0.8629,0.7875,0.7932,51.38
2020-12-15,SOLUSDT,0.7932,0.8074,0.7784,0.7881,9.01
2020-12-16,SOLUSDT,0.7881,0.8679,0.7881,0.826,14.34
2020-12-17,SOLUSDT,0.826,0.826,0.7666,0.7877,6.52
2020-12-18,SOLUSDT,0.7877,0.8414,0.7877,0.841,14.01
2020-12-19,SOLUSDT,0.841,0.8523,0.8124,0.8455,8.42
2020-12-20,SOLUSDT,0.8455,0.9218,0.8455,0.8794,31.01
2020-12-21,SOLUSDT,0.8794,0.8834,0.7951,0.856,10.37
2020-12-22,SOLUSDT,0.856,0.8965,0.856,0.895,13.25
2020-12-23,SOLUSDT,0.895,0.9552,0.8717,0.9057,6.28
2020-12-24,SOLUSDT,0.9057,0.9441,0.7423,0.8854,24.75
2020-12-25,SOLUSDT,0.8854,0.8854,0.7449,0.7969,13.51
2020-12-26,SOLUSDT,0.7969,0.9167,0.7969,0.8917,6.17
2020-12-27,SOLUSDT,0.8917,0.9912,0.8917,0.9268,9.06
2020-12-28,SOLUSDT,0.9268,1.0725,0.9268,1.0329,14.78
2020-12-29,SOLUSDT,1.0329,1.0522,1.0121,1.0287,8.65
2020-12-30,SOLUSDT,1.0287,1.0287,0.8926,0.9575,10.58
2020-12-31,SOLUSDT,0.9575,0.9999,0.9473,0.9479,9.06
2021-01-01,SOLUSDT,0.9479,1.0008,0.9248,0.9962,5.98
2021-01-02,SOLUSDT,0.9962,1.1766,0.9957,1.0893,3.13
2021-01-03,SOLUSDT,1.0893,1.2968,1.0893,1.1574,6.71
2021-01-04,SOLUSDT,1.1574,1.3817,1.1574,1.377,19.9
2021-01-05,SOLUSDT,1.377,1.377,1.2399,1.3379,7.38
2021-01-06,SOLUSDT,1.3379,1.4559,1.3244,1.3817,3.63
2021-01-07,SOLUSDT,1.3817,1.5962,1.3817,1.5489,6.6
2021-01-08,SOLUSDT,1.5489,1.5796,1.5385,1.5603,2.63
2021-01-09,SOLUSDT,1.5603,1.6961,1.5603,1.6475,8.84
2021-01-10,SOLUSDT,1.6475,1.6475,1.4329,1.5147,4.12
2021-01-11,SOLUSDT,1.5147,1.7069,1.4002,1.5976,2.71
2021-01-12,SOLUSDT,1.5976,1.6682,1.5214,1.5899,1.46
2021-01-13,SOLUSDT,1.5899,1.5978,1.4154,1.5209,8.88
2021-01-14,SOLUSDT,1.5209,1.6933,1.5209,1.6557,7.69
2021-01-15,SOLUSDT,1.6557,1.9736,1.6557,1.7553,4.18
2021-01-16,SOLUSDT,1.7553,1.9757,1.7553,1.8361,2.72
2021-01-17,SOLUSDT,1.8361,1.9299,1.8361,1.9209,2.65
2021-01-18,SOLUSDT,1.9209,2.3015,1.9209,2.2859,12.78
2021-01-19,SOLUSDT,2.2859,2.2859,1.9201,2.1221,4.35
2021-01-20,SOLUSDT,2.1221,2.5746,2.1221,2.343,3.42
2021-01-21,SOLUSDT,2.343,2.5856,2.218,2.4619,5.73
2021-01-22,SOLUSDT,2.4619,2.7128,2.4619,2.5905,6.94
2021-01-23,SOLUSDT,2.5905,3.1296,2.5905,2.8436,3.22
2021-01-24,SOLUSDT,2.8436,3.0762,2.6806,3.0516,5.01
2021-01-25,SOLUSDT,3.0516,3.5101,3.0264,3.2915,2.63
2021-01-26,SOLUSDT,3.2915,3.3289,2.9278,3.2239,2.15
2021-01-27,SOLUSDT,3.2239,3.4466,3.0702,3.1764,1.58
2021-01-28,SOLUSDT,3.1764,3.287,3.1764,3.2413,0.94
2021-01-29,SOLUSDT,3.2413,3.2413,2.8803,2.9531,2.95
2021-01-30,SOLUSDT,2.9531,3.5059,2.9531,3.2388,12.52
2021-01-31,SOLUSDT,3.2388,3.5838,3.2388,3.5069,1.9
2021-02-01,SOLUSDT,3.5069,3.7483,3.5069,3.6788,1.26
2021-02-02,SOLUSDT,3.6788,3.8214,3.5031,3.659,0.95
2021-02-03,SOLUSDT,3.659,4.475,3.6457,4.1408,3.34
2021-02-04,SOLUSDT,4.1408,4.3529,4.0593,4.1597,0.8
2021-02-05,SOLUSDT,4.1597,4.2354,4.115,4.2041,2.8
2021-02-06,SOLUSDT,4.2041,4.2041,3.2756,3.5429,3.63
2021-02-07,SOLUSDT,3.5429,3.6811,3.501,3.519,1.88
2021-02-08,SOLUSDT,3.519,3.519,3.1018,3.3652,2.83
2021-02-09,SOLUSDT,3.3652,4.1057,3.3652,3.7549,2.7
2021-02-10,SOLUSDT,3.7549,3.7549,3.1102,3.4272,1.92
2021-02-11,SOLUSDT,3.4272,3.6982,3.4272,3.6499,2.69
2021-02-12,SOLUSDT,3.6499,4.4372,3.6499,4.1575,10.07
2021-02-13,SOLUSDT,4.1575,4.413,4.1059,4.2368,4.63
2021-02-14,SOLUSDT,4.2368,4.4473,3.8712,4.2798,0.72
2021-02-15,SOLUSDT,4.2798,4.3735,4.2382,4.3596,0.76
2021-02-16,SOLUSDT,4.3596,4.4734,3.9736,4.3681,0.76
2021-02-17,SOLUSDT,4.3681,4.831,3.9934,4.2896,1.5
2021-02-18,SOLUSDT,4.2896,5.2017,4.2896,5.0164,6.38
2021-02-19,SOLUSDT,5.0164,5.0164,4.479,4.5824,5.57
2021-02-20,SOLUSDT,4.5824,4.7268,4.475,4.6829,2.17
2021-02-21,SOLUSDT,4.6829,4.817,4.6052,4.8051,1.12
2021-02-22,SOLUSDT,4.8051,4.9944,4.6991,4.7097,3.84
2021-02-23,SOLUSDT,4.7097,5.5706,4.7097,4.9095,0.63
2021-02-24,SOLUSDT,4.9095,5.1263,4.8091,4.987,1.3
2021-02-25,SOLUSDT,4.987,5.3136,4.9845,5.1551,3.32
2021-02-26,SOLUSDT,5.1551,5.4734,4.8357,5.0404,1.48
2021-02-27,SOLUSDT,5.0404,5.4752,5.0404,5.407,1.04
2021-02-28,SOLUSDT,5.407,5.407,4.3122,4.5103,9.63
2021-03-01,SOLUSDT,4.5103,5.2375,4.5103,4.8593,4.44
2021-03-02,SOLUSDT,4.8593,4.9227,4.8414,4.916,1.52
2021-03-03,SOLUSDT,4.916,4.916,4.3218,4.3548,2.56
2021-03-04,SOLUSDT,4.3548,4.9143,4.3548,4.663,1.48
2021-03-05,SOLUSDT,4.663,5.6228,4.663,5.2541,3.7
2021-03-06,SOLUSDT,5.2541,5.2541,4.797,4.9364,1.62
2021-03-07,SOLUSDT,4.9364,5.9272,4.9364,5.5906,3.46
2021-03-08,SOLUSDT,5.5906,5.5906,5.3649,5.4111,1.85
2021-03-09,SOLUSDT,5.4111,6.1791,5.4111,6.1634,5.7
2021-03-10,SOLUSDT,6.1634,7.1583,6.1634,6.9849,2.46
2021-03-11,SOLUSDT,6.9849,7.2906,6.4843,6.7236,3.61
2021-03-12,SOLUSDT,6.7236,6.7236,6.1381,6.1785,0.57
2021-03-13,SOLUSDT,6.1785,6.2518,5.6932,5.9288,2.81
2021-03-14,SOLUSDT,5.9288,6.5283,5.6135,6.0266,1.22
2021-03-15,SOLUSDT,6.0266,7.4711,6.0266,6.8995,1.91
2021-03-16,SOLUSDT,6.8995,6.8995,5.7135,6.001,2.32
2021-03-17,SOLUSDT,6.001,6.7587,6.001,6.1348,1.76
2021-03-18,SOLUSDT,6.1348,6.3953,6.1348,6.3738,0.55
2021-03-19,SOLUSDT,6.3738,6.5187,6.0782,6.3811,1.45
2021-03-20,SOLUSDT,6.3811,6.8019,6.2094,6.2308,1.7
2021-03-21,SOLUSDT,6.2308,7.3591,6.2308,7.004,4.77
2021-03-22,SOLUSDT,7.004,7.0305,5.8323,6.618,0.87
2021-03-23,SOLUSDT,6.618,7.6619,6.618,7.3462,2.7
2021-03-24,SOLUSDT,7.3462,7.6672,6.8491,7.2925,1.06
2021-03-25,SOLUSDT,7.2925,8.2405,7.2925,8.148,4.82
2021-03-26,SOLUSDT,8.148,8.148,6.9244,7.2445,5.59
2021-03-27,SOLUSDT,7.2445,7.2445,6.8394,6.8613,0.88
2021-03-28,SOLUSDT,6.8613,7.4705,6.2657,7.0174,0.97
2021-03-29,SOLUSDT,7.0174,7.0174,5.6143,6.2907,5.03
2021-03-30,SOLUSDT,6.2907,6.2907,5.7067,6.0125,2.61
2021-03-31,SOLUSDT,6.0125,6.1314,5.8426,6.0059,0.78
2021-04-01,SOLUSDT,6.0059,6.0146,5.9066,5.9371,0.67
2021-04-02,SOLUSDT,5.9371,6.4387,5.7892,6.0966,1.24
2021-04-03,SOLUSDT,6.0966,6.6001,6.0966,6.2895,0.89
2021-04-04,SOLUSDT,6.2895,6.6361,6.0011,6.3334,1.21
2021-04-05,SOLUSDT,6.3334,6.538,6.2775,6.4061,1.61
2021-04-06,SOLUSDT,6.4061,6.4061,5.5911,5.9215,3.14
2021-04-07,SOLUSDT,5.9215,6.8363,5.9215,6.5693,1.87
2021-04-08,SOLUSDT,6.5693,7.373,6.5693,6.9029,8.3
2021-04-09,SOLUSDT,6.9029,7.5132,6.9029,7.2461,1.72
2021-04-10,SOLUSDT,7.2461,7.4848,6.8586,7.4215,1.82
2021-04-11,SOLUSDT,7.4215,7.8513,7.3845,7.4238,0.77
2021-04-12,SOLUSDT,7.4238,7.4238,5.5769,6.216,2.8
2021-04-13,SOLUSDT,6.216,6.6977,6.1178,6.3588,1.03
2021-04-14,SOLUSDT,6.3588,6.868,6.3024,6.4619,2.08
2021-04-15,SOLUSDT,6.4619,6.4619,3.2673,3.4062,8.96
2021-04-16,SOLUSDT,3.4062,3.8119,3.2419,3.3871,1.65
2021-04-17,SOLUSDT,3.3871,3.5666,2.9736,3.2122,2.69
2021-04-18,SOLUSDT,3.2122,3.3474,3.0401,3.2184,4.82
2021-04-19,SOLUSDT,3.2184,3.2184,3.1431,3.1791,3.72
2021-04-20,SOLUSDT,3.1791,3.1791,3.01,3.0293,3.39
2021-04-21,SOLUSDT,3.0293,3.434,3.0293,3.3676,7.21
2021-04-22,SOLUSDT,3.3676,3.3801,3.2753,3.3094,2.46
2021-04-23,SOLUSDT,3.3094,3.3094,2.944,3.1356,1.67
2021-04-24,SOLUSDT,3.1356,3.8452,3.1356,3.3716,3.79
2021-04-25,SOLUSDT,3.3716,3.792,3.3716,3.6438,5.78
2021-04-26,SOLUSDT,3.6438,3.6438,3.1816,3.3646,2.42
2021-04-27,SOLUSDT,3.3646,3.633,3.3646,3.5744,3.1
2021-04-28,SOLUSDT,3.5744,3.7119,3.4872,3.6798,3.74
2021-04-29,SOLUSDT,3.6798,3.6798,3.3578,3.4229,5.06
2021-04-30,SOLUSDT,3.4229,4.147,3.4229,3.9037,4.77
2021-05-01,SOLUSDT,3.9037,4.1223,3.8754,3.9982,3.42
2021-05-02,SOLUSDT,3.9982,4.1795,3.8746,3.9535,0.98
2021-05-03,SOLUSDT,3.9535,3.9535,3.4913,3.5822,2.6
2021-05-04,SOLUSDT,3.5822,3.5822,3.1741,3.4091,2.11
2021-05-05,SOLUSDT,3.4091,4.1441,3.4091,3.7891,3.74
2021-05-06,SOLUSDT,3.7891,3.821,3.3925,3.7158,4.27
2021-05-07,SOLUSDT,3.7158,3.9224,3.7158,3.8747,4.84
2021-05-08,SOLUSDT,3.8747,4.2254,3.6994,3.7057,3.71
2021-05-09,SOLUSDT,3.7057,3.7057,2.8846,3.1022,5.41
2021-05-10,SOLUSDT,3.1022,3.2068,2.9742,3.0919,3.68
2021-05-11,SOLUSDT,3.0919,3.3237,3.0919,3.2148,4.49
2021-05-12,SOLUSDT,3.2148,3.2605,3.0748,3.1718,2.63
2021-05-13,SOLUSDT,3.1718,3.2852,3.0002,3.1636,2.29
2021-05-14,SOLUSDT,3.1636,3.1956,3.0455,3.074,5.4
2021-05-15,SOLUSDT,3.074,3.466,2.837,3.2022,3.64
2021-05-16,SOLUSDT,3.2022,3.3752,3.0659,3.0899,5.4
2021-05-17,SOLUSDT,3.0899,3.0899,2.5494,2.9038,6.28
2021-05-18,SOLUSDT,2.9038,3.033,2.8778,2.8823,3.55
2021-05-19,SOLUSDT,2.8823,2.8823,2.3905,2.4967,4.74
2021-05-20,SOLUSDT,2.4967,2.4967,2.196,2.2054,6.2
2021-05-21,SOLUSDT,2.2054,2.624,2.2054,2.6239,21.97
2021-05-22,SOLUSDT,2.6239,2.7151,2.4907,2.5537,3.8
2021-05-23,SOLUSDT,2.5537,2.7683,2.3679,2.4957,1.76
2021-05-24,SOLUSDT,2.4957,2.5439,2.3593,2.4569,1.73
2021-05-25,SOLUSDT,2.4569,2.4569,2.0691,2.1642,10.22
2021-05-26,SOLUSDT,2.1642,2.1954,2.1603,2.1878,2.02
2021-05-27,SOLUSDT,2.1878,2.3594,2.1535,2.2469,5.03
2021-05-28,SOLUSDT,2.2469,2.2469,2.0643,2.1236,2.11
2021-05-29,SOLUSDT,2.1236,2.1601,1.9571,2.0507,2.46
2021-05-30,SOLUSDT,2.0507,2.0507,1.837,1.8736,4.69
2021-05-31,SOLUSDT,1.8736,2.099,1.8723,2.0112,7.09
2021-06-01,SOLUSDT,2.0112,2.1038,2.0112,2.0807,3.67
2021-06-02,SOLUSDT,2.0807,2.1439,2.0766,2.0947,1.52
2021-06-03,SOLUSDT,2.0947,2.0947,1.8731,1.9115,7.36
2021-06-04,SOLUSDT,1.9115,1.9884,1.785,1.8824,2.95
2021-06-05,SOLUSDT,1.8824,1.9687,1.7995,1.944,6.85
2021-06-06,SOLUSDT,1.944,2.1909,1.8444,1.9287,3.87
2021-06-07,SOLUSDT,1.9287,2.0472,1.8538,2.0367,3.93
2021-06-08,SOLUSDT,2.0367,2.0367,1.7362,2.0188,3.18
2021-06-09,SOLUSDT,2.0188,2.0188,1.8808,1.902,1.47
2021-06-10,SOLUSDT,1.902,1.9956,1.8579,1.9173,1.68
2021-06-11,SOLUSDT,1.9173,1.9973,1.845,1.9824,3.11
2021-06-12,SOLUSDT,1.9824,2.0508,1.7853,2.013,2.32
2021-06-13,SOLUSDT,2.013,2.3218,2.0124,2.0823,8.75
2021-06-14,SOLUSDT,2.0823,2.2733,2.0823,2.1981,5.45
2021-06-15,SOLUSDT,2.1981,2.1981,2.1055,2.1514,2.42
2021-06-16,SOLUSDT,2.1514,2.4679,2.1514,2.3202,3.87
2021-06-17,SOLUSDT,2.3202,2.3834,2.2165,2.3532,2.11
2021-06-18,SOLUSDT,2.3532,2.3532,2.0931,2.1099,2.28
2021-06-19,SOLUSDT,2.1099,2.1099,2.0736,2.0889,2.19
2021-06-20,SOLUSDT,2.0889,2.3042,1.9256,2.1741,4.84
2021-06-21,SOLUSDT,2.1741,2.2025,2.138,2.1597,1.2
2021-06-22,SOLUSDT,2.1597,2.5321,2.1597,2.4134,2.52
2021-06-23,SOLUSDT,2.4134,2.4134,2.1297,2.2858,6.72
2021-06-24,SOLUSDT,2.2858,2.4378,2.2064,2.4291,4.41
2021-06-25,SOLUSDT,2.4291,2.4291,1.9698,2.0767,3.89
2021-06-26,SOLUSDT,2.0767,2.0965,1.7543,1.9466,3.96
2021-06-27,SOLUSDT,1.9466,1.9602,1.7293,1.9027,7.18
2021-06-28,SOLUSDT,1.9027,1.9027,1.6555,1.7993,11.79
2021-06-29,SOLUSDT,1.7993,1.7993,1.6465,1.6698,6.66
2021-06-30,SOLUSDT,1.6698,1.6698,1.513,1.6407,5.07
2021-07-01,SOLUSDT,1.6407,1.6674,1.5067,1.5495,3.36
2021-07-02,SOLUSDT,1.5495,1.5768,1.3999,1.5599,4.88
2021-07-03,SOLUSDT,1.5599,1.577,1.3275,1.4299,7.2
2021-07-04,SOLUSDT,1.4299,1.436,1.2229,1.3478,2.91
2021-07-05,SOLUSDT,1.3478,1.4849,1.3478,1.4285,5.82
2021-07-06,SOLUSDT,1.4285,1.4714,1.4204,1.4493,2.19
2021-07-07,SOLUSDT,1.4493,1.634,1.4493,1.5631,6.16
2021-07-08,SOLUSDT,1.5631,1.7208,1.4279,1.5587,2.89
2021-07-09,SOLUSDT,1.5587,1.5587,1.3174,1.4758,6.88
2021-07-10,SOLUSDT,1.4758,1.5742,1.4758,1.5655,20.83
2021-07-11,SOLUSDT,1.5655,1.6883,1.5558,1.6307,7.64
2021-07-12,SOLUSDT,1.6307,1.6307,1.4555,1.5243,4.03
2021-07-13,SOLUSDT,1.5243,1.6297,1.383,1.5536,4.59
2021-07-14,SOLUSDT,1.5536,1.5536,1.4242,1.5133,5.99
2021-07-15,SOLUSDT,1.5133,1.5842,1.4712,1.5095,5.34
2021-07-16,SOLUSDT,1.5095,1.61,1.5095,1.5981,8.14
2021-07-17,SOLUSDT,1.5981,1.6447,1.5554,1.5851,5.01
2021-07-18,SOLUSDT,1.5851,1.8221,1.5851,1.7651,7.05
2021-07-19,SOLUSDT,1.7651,1.7651,1.4243,1.5526,9.75
2021-07-20,SOLUSDT,1.5526,1.5676,1.4556,1.5599,5.23
2021-07-21,SOLUSDT,1.5599,1.6552,1.5291,1.5473,2.26
2021-07-22,SOLUSDT,1.5473,1.711,1.5473,1.6597,2.58
2021-07-23,SOLUSDT,1.6597,1.812,1.4896,1.5015,13.13
2021-07-24,SOLUSDT,1.5015,1.5015,1.1859,1.2919,22.14
2021-07-25,SOLUSDT,1.2919,1.2919,1.159,1.2064,8.85
2021-07-26,SOLUSDT,1.2064,1.2964,1.0452,1.2157,6.55
2021-07-27,SOLUSDT,1.2157,1.219,1.0999,1.1836,12.57
2021-07-28,SOLUSDT,1.1836,1.3725,1.1836,1.2612,13.68
2021-07-29,SOLUSDT,1.2612,1.2828,1.2066,1.2732,4.29
2021-07-30,SOLUSDT,1.2732,1.4012,1.1425,1.28,4.73
2021-07-31,SOLUSDT,1.28,1.3423,1.2254,1.3028,5.34
2021-08-01,SOLUSDT,1.3028,1.3028,1.225,1.262,7.13
2021-08-02,SOLUSDT,1.262,1.2893,1.0366,1.1962,11.95
2021-08-03,SOLUSDT,1.1962,1.1962,1.0471,1.1269,9.57
2021-08-04,SOLUSDT,1.1269,1.1774,1.1269,1.1401,6.04
2021-08-05,SOLUSDT,1.1401,1.3279,1.1401,1.3034,12.12
2021-08-06,SOLUSDT,1.3034,1.3034,1.2239,1.2241,7.18
2021-08-07,SOLUSDT,1.2241,1.2241,1.0169,1.0247,8.86
2021-08-08,SOLUSDT,1.0247,1.0247,0.9531,0.9556,38.99
2021-08-09,SOLUSDT,0.9556,0.9556,0.9094,0.9291,14.44
2021-08-10,SOLUSDT,0.9291,1.0135,0.9291,0.9587,8.81
2021-08-11,SOLUSDT,0.9587,0.9845,0.9475,0.9632,4.49
2021-08-12,SOLUSDT,0.9632,1.0419,0.9433,0.9563,7.06
2021-08-13,SOLUSDT,0.9563,0.9563,0.8177,0.9275,9.3
2021-08-14,SOLUSDT,0.9275,1.0219,0.8804,0.9519,6.35
2021-08-15,SOLUSDT,0.9519,1.1159,0.9519,1.0575,32.9
2021-08-16,SOLUSDT,1.0575,1.372,1.0575,1.2421,20.3
2021-08-17,SOLUSDT,1.2421,1.2421,1.0724,1.1241,15.56
2021-08-18,SOLUSDT,1.1241,1.1585,1.0553,1.1132,19.29
2021-08-19,SOLUSDT,1.1132,1.1132,0.945,0.9945,10.3
2021-08-20,SOLUSDT,0.9945,1.0945,0.9945,1.0271,8.95
2021-08-21,SOLUSDT,1.0271,1.0271,0.947,0.979,10.37
2021-08-22,SOLUSDT,0.979,1.0451,0.8419,0.9372,18.4
2021-08-23,SOLUSDT,0.9372,0.9372,0.8823,0.8989,7.74
2021-08-24,SOLUSDT,0.8989,0.8989,0.8778,0.8827,8.33
2021-08-25,SOLUSDT,0.8827,0.8827,0.7418,0.8559,5.67
2021-08-26,SOLUSDT,0.8559,0.8724,0.7491,0.8295,6.5
2021-08-27,SOLUSDT,0.8295,0.8666,0.805,0.8578,5.45
2021-08-28,SOLUSDT,0.8578,0.895,0.8578,0.8623,11.66
2021-08-29,SOLUSDT,0.8623,1.0035,0.8623,0.9363,18.68
2021-08-30,SOLUSDT,0.9363,1.0329,0.9363,1.0274,17.41
2021-08-31,SOLUSDT,1.0274,1.151,1.0101,1.094,8.88
2021-09-01,SOLUSDT,1.094,1.2614,1.094,1.2345,20.01
2021-09-02,SOLUSDT,1.2345,1.3512,1.2345,1.2954,9.38
2021-09-03,SOLUSDT,1.2954,1.2954,1.1764,1.2355,2.31
2021-09-04,SOLUSDT,1.2355,1.264,1.2138,1.2167,4.57
2021-09-05,SOLUSDT,1.2167,1.319,1.2167,1.3066,9.23
2021-09-06,SOLUSDT,1.3066,1.3953,1.1296,1.3101,3.83
2021-09-07,SOLUSDT,1.3101,1.413,1.2319,1.2486,5.75
2021-09-08,SOLUSDT,1.2486,1.3724,1.1884,1.2758,3.47
2021-09-09,SOLUSDT,1.2758,1.3333,1.2758,1.3285,6.47
2021-09-10,SOLUSDT,1.3285,1.5486,1.3285,1.5173,17.33
2021-09-11,SOLUSDT,1.5173,1.5173,1.3438,1.4393,5.57
2021-09-12,SOLUSDT,1.4393,1.4393,1.2579,1.3654,9.77
2021-09-13,SOLUSDT,1.3654,1.412,1.268,1.4021,5.4
2021-09-14,SOLUSDT,1.4021,1.4021,1.3316,1.3629,8.29
2021-09-15,SOLUSDT,1.3629,1.3629,1.1677,1.2933,3.62
2021-09-16,SOLUSDT,1.2933,1.2933,1.1343,1.1799,9.21
2021-09-17,SOLUSDT,1.1799,1.184,0.9812,1.075,15.83
2021-09-18,SOLUSDT,1.075,1.0956,1.009,1.0664,7.89
2021-09-19,SOLUSDT,1.0664,1.2588,1.0664,1.1478,15.85
2021-09-20,SOLUSDT,1.1478,1.1644,1.0791,1.1006,8.05
2021-09-21,SOLUSDT,1.1006,1.1282,1.1006,1.1176,6.5
2021-09-22,SOLUSDT,1.1176,1.155,1.0248,1.1265,12.07
2021-09-23,SOLUSDT,1.1265,1.4217,1.1265,1.2834,8.6
2021-09-24,SOLUSDT,1.2834,1.3118,1.2834,1.3081,9.32
2021-09-25,SOLUSDT,1.3081,1.4952,1.3081,1.4263,4.55
2021-09-26,SOLUSDT,1.4263,1.5953,1.411,1.5901,9.24
2021-09-27,SOLUSDT,1.5901,1.7748,1.5901,1.6958,5.94
2021-09-28,SOLUSDT,1.6958,2.0217,1.6958,1.8967,24.25
2021-09-29,SOLUSDT,1.8967,2.2433,1.8967,2.0873,5.7
2021-09-30,SOLUSDT,2.0873,2.1414,1.8094,1.9651,8.71
2021-10-01,SOLUSDT,1.9651,1.9651,1.8318,1.88,3.65
2021-10-02,SOLUSDT,1.88,2.0391,1.88,1.9953,15.31
2021-10-03,SOLUSDT,1.9953,2.1346,1.9953,2.0212,12.68
2021-10-04,SOLUSDT,2.0212,2.1011,2.0045,2.061,7.16
2021-10-05,SOLUSDT,2.061,2.1617,1.9859,2.0205,13.44
2021-10-06,SOLUSDT,2.0205,2.1979,2.0205,2.1251,12.25
2021-10-07,SOLUSDT,2.1251,2.1251,1.8478,2.0395,9.3
2021-10-08,SOLUSDT,2.0395,2.1694,2.0395,2.0981,4.43
2021-10-09,SOLUSDT,2.0981,2.4102,2.0981,2.3583,16.66
2021-10-10,SOLUSDT,2.3583,2.5124,1.8724,2.3213,5.49
2021-10-11,SOLUSDT,2.3213,2.5619,2.3213,2.4278,5.11
2021-10-12,SOLUSDT,2.4278,2.6392,2.4074,2.5151,8.98
2021-10-13,SOLUSDT,2.5151,2.5151,2.3194,2.3964,5.48
2021-10-14,SOLUSDT,2.3964,2.4008,2.2168,2.2649,10.23
2021-10-15,SOLUSDT,2.2649,2.5945,2.2649,2.4521,13.94
2021-10-16,SOLUSDT,2.4521,2.5904,2.3293,2.356,4.96
2021-10-17,SOLUSDT,2.356,2.5207,1.9932,2.2578,6.63
2021-10-18,SOLUSDT,2.2578,2.2578,1.9541,2.0657,19.68
2021-10-19,SOLUSDT,2.0657,2.3711,2.0657,2.2706,17.25
2021-10-20,SOLUSDT,2.2706,2.4687,2.1524,2.349,5.01
2021-10-21,SOLUSDT,2.349,2.9523,2.349,2.6882,12.94
2021-10-22,SOLUSDT,2.6882,3.1375,2.6882,3.0498,7.02
2021-10-23,SOLUSDT,3.0498,3.0498,2.7451,2.8292,14.01
2021-10-24,SOLUSDT,2.8292,3.1009,2.7894,2.9133,5.05
2021-10-25,SOLUSDT,2.9133,2.9712,2.6822,2.8784,3.9
2021-10-26,SOLUSDT,2.8784,2.8915,2.7533,2.7767,12.63
2021-10-27,SOLUSDT,2.7767,2.7767,2.509,2.5422,11.24
2021-10-28,SOLUSDT,2.5422,2.5422,2.2606,2.3453,5.65
2021-10-29,SOLUSDT,2.3453,2.3453,2.1403,2.2983,4.97
2021-10-30,SOLUSDT,2.2983,2.322,2.2902,2.3124,5.22
2021-10-31,SOLUSDT,2.3124,2.5647,2.3124,2.3549,8.31
2021-11-01,SOLUSDT,2.3549,2.3549,2.2791,2.3393,2.8
2021-11-02,SOLUSDT,2.3393,2.5305,2.3393,2.4527,5.61
2021-11-03,SOLUSDT,2.4527,2.6802,2.4527,2.5934,5.52
2021-11-04,SOLUSDT,2.5934,2.5934,2.195,2.3047,6.54
2021-11-05,SOLUSDT,2.3047,2.3047,2.2268,2.2408,3.9
2021-11-06,SOLUSDT,2.2408,2.4465,2.2408,2.3907,5.68
2021-11-07,SOLUSDT,2.3907,2.627,2.3907,2.5523,2.77
2021-11-08,SOLUSDT,2.5523,2.8755,2.5523,2.8503,10.31
2021-11-09,SOLUSDT,2.8503,3.1805,2.8298,3.1203,6.66
2021-11-10,SOLUSDT,3.1203,3.3782,3.1203,3.349,6.74
2021-11-11,SOLUSDT,3.349,5.4627,3.349,5.1131,9.66
2021-11-12,SOLUSDT,5.1131,5.5648,5.1131,5.3973,1.76
2021-11-13,SOLUSDT,5.3973,6.0452,5.3973,5.5181,3.8
2021-11-14,SOLUSDT,5.5181,5.7729,5.0762,5.2331,1.8
2021-11-15,SOLUSDT,5.2331,5.3,4.9169,5.1781,2.74
2021-11-16,SOLUSDT,5.1781,5.1781,4.5286,4.8817,5.42
2021-11-17,SOLUSDT,4.8817,5.0019,4.7555,4.9088,1.59
2021-11-18,SOLUSDT,4.9088,4.9088,4.1943,4.5081,6.09
2021-11-19,SOLUSDT,4.5081,4.5081,4.1483,4.3876,3.26
2021-11-20,SOLUSDT,4.3876,5.4713,4.3876,5.2994,3.8
2021-11-21,SOLUSDT,5.2994,5.5502,5.1317,5.2945,1.1
2021-11-22,SOLUSDT,5.2945,5.8281,5.2926,5.4146,2.91
2021-11-23,SOLUSDT,5.4146,5.7003,5.3619,5.6628,1.79
2021-11-24,SOLUSDT,5.6628,5.9373,5.3957,5.7121,1.45
2021-11-25,SOLUSDT,5.7121,5.7121,4.9706,5.0791,3.89
2021-11-26,SOLUSDT,5.0791,5.947,5.0791,5.3556,2.84
2021-11-27,SOLUSDT,5.3556,5.5712,5.1745,5.2888,1.71
2021-11-28,SOLUSDT,5.2888,5.2888,4.6498,4.6503,5.86
2021-11-29,SOLUSDT,4.6503,4.8486,4.6503,4.8311,2.1
2021-11-30,SOLUSDT,4.8311,5.3311,4.7124,5.3107,8.64
2021-12-01,SOLUSDT,5.3107,5.3107,4.8576,5.0756,2.6
2021-12-02,SOLUSDT,5.0756,5.0756,4.4322,4.8293,2.35
2021-12-03,SOLUSDT,4.8293,5.2256,4.731,4.809,0.84
2021-12-04,SOLUSDT,4.809,5.2555,4.7652,5.025,5.37
2021-12-05,SOLUSDT,5.025,5.4043,4.9062,5.1175,1.62
2021-12-06,SOLUSDT,5.1175,5.1175,4.4083,4.9435,1.87
2021-12-07,SOLUSDT,4.9435,5.0334,4.4806,4.9264,3.29
2021-12-08,SOLUSDT,4.9264,5.4985,4.9264,5.2108,4.32
2021-12-09,SOLUSDT,5.2108,6.0729,5.2108,5.7388,4.97
2021-12-10,SOLUSDT,5.7388,6.2442,5.7388,6.0413,3.92
2021-12-11,SOLUSDT,6.0413,7.0309,6.0413,6.4703,3.11
2021-12-12,SOLUSDT,6.4703,6.7882,6.4372,6.4709,2.81
2021-12-13,SOLUSDT,6.4709,6.4709,5.8182,6.0078,9.45
2021-12-14,SOLUSDT,6.0078,6.1711,5.6294,5.9095,3.4
2021-12-15,SOLUSDT,5.9095,6.0273,5.9095,5.9552,1.04
2021-12-16,SOLUSDT,5.9552,5.9552,4.7704,5.1407,8.22
2021-12-17,SOLUSDT,5.1407,5.1407,4.4271,4.7878,3.88
2021-12-18,SOLUSDT,4.7878,4.8191,4.6913,4.7366,3.5
2021-12-19,SOLUSDT,4.7366,5.1694,4.6693,4.8302,2.48
2021-12-20,SOLUSDT,4.8302,6.3578,4.8302,5.3524,6.43
2021-12-21,SOLUSDT,5.3524,5.5832,5.2793,5.3392,1.53
2021-12-22,SOLUSDT,5.3392,6.0538,5.3392,5.7457,5.27
2021-12-23,SOLUSDT,5.7457,5.8468,5.5003,5.6183,2.15
2021-12-24,SOLUSDT,5.6183,6.2397,5.6183,6.1163,5.97
2021-12-25,SOLUSDT,6.1163,6.3034,5.9124,6.1788,2.39
2021-12-26,SOLUSDT,6.1788,6.1842,5.879,6.0513,4.35
2021-12-27,SOLUSDT,6.0513,6.5602,6.0513,6.146,2.48
2021-12-28,SOLUSDT,6.146,6.4051,6.146,6.319,1.57
2021-12-29,SOLUSDT,6.319,7.3545,6.319,7.0111,6.57
2021-12-30,SOLUSDT,7.0111,7.1803,6.7646,6.9552,1.95
2021-12-31,SOLUSDT,6.9552,7.0961,6.6647,6.677,3.82
2022-01-01,SOLUSDT,6.677,6.677,6.1556,6.2851,8.71
2022-01-02,SOLUSDT,6.2851,6.8015,6.1071,6.7284,3.81
2022-01-03,SOLUSDT,6.7284,6.9693,6.2723,6.6788,6.74
2022-01-04,SOLUSDT,6.6788,7.2269,6.6788,7.1753,1.64
2022-01-05,SOLUSDT,7.1753,7.1753,6.4207,6.6101,6.62
2022-01-06,SOLUSDT,6.6101,6.8947,6.4505,6.8706,4.33
2022-01-07,SOLUSDT,6.8706,6.8706,4.4623,4.6468,73.37
2022-01-08,SOLUSDT,4.6468,5.0552,4.5287,4.7965,11.45
2022-01-09,SOLUSDT,4.7965,5.0255,4.7965,4.9442,6.19
2022-01-10,SOLUSDT,4.9442,5.1349,4.6232,5.0343,4.38
2022-01-11,SOLUSDT,5.0343,5.2762,4.6725,5.0185,4.74
2022-01-12,SOLUSDT,5.0185,5.0185,4.3356,4.7588,10.81
2022-01-13,SOLUSDT,4.7588,5.3564,4.7588,5.0361,7.01
2022-01-14,SOLUSDT,5.0361,5.2992,5.0361,5.143,7.94
2022-01-15,SOLUSDT,5.143,5.5281,5.143,5.4657,6.61
2022-01-16,SOLUSDT,5.4657,6.1348,5.4657,5.9592,7.8
2022-01-17,SOLUSDT,5.9592,6.0168,5.9025,5.9351,2.56
2022-01-18,SOLUSDT,5.9351,6.7616,5.9351,6.5288,4.92
2022-01-19,SOLUSDT,6.5288,7.3221,6.1314,7.0764,5.51
2022-01-20,SOLUSDT,7.0764,7.0764,6.5142,6.8332,5.93
2022-01-21,SOLUSDT,6.8332,7.8638,6.8332,7.5206,5.59
2022-01-22,SOLUSDT,7.5206,8.6403,7.5206,8.1582,5.09
2022-01-23,SOLUSDT,8.1582,9.2519,8.1582,8.8359,3.59
2022-01-24,SOLUSDT,8.8359,8.8359,7.7055,8.6269,2.58
2022-01-25,SOLUSDT,8.6269,9.5137,8.4807,8.8538,3.52
2022-01-26,SOLUSDT,8.8538,8.8538,7.9115,8.3008,4.46
2022-01-27,SOLUSDT,8.3008,8.9466,7.6052,8.1504,7.58
2022-01-28,SOLUSDT,8.1504,8.9432,7.8968,8.6153,5.59
2022-01-29,SOLUSDT,8.6153,8.6605,8.5813,8.6253,3.87
2022-01-30,SOLUSDT,8.6253,9.2015,8.6253,9.0244,2.62
2022-01-31,SOLUSDT,9.0244,9.3317,8.1914,8.9575,3.64
2022-02-01,SOLUSDT,8.9575,9.1422,8.2204,8.5866,5.34
2022-02-02,SOLUSDT,8.5866,9.4412,8.5486,8.8092,3.35
2022-02-03,SOLUSDT,8.8092,8.9292,8.0896,8.425,3.83
2022-02-04,SOLUSDT,8.425,9.1099,8.3041,8.3893,4.19
2022-02-05,SOLUSDT,8.3893,9.2992,7.9356,8.876,5.16
2022-02-06,SOLUSDT,8.876,8.876,8.3657,8.6024,3.19
2022-02-07,SOLUSDT,8.6024,8.8277,8.5552,8.665,5.74
2022-02-08,SOLUSDT,8.665,9.1554,8.6567,9.1388,2.9
2022-02-09,SOLUSDT,9.1388,9.1388,7.8395,8.57,5.09
2022-02-10,SOLUSDT,8.57,8.9548,8.57,8.7631,2.94
2022-02-11,SOLUSDT,8.7631,9.0962,8.5571,8.9693,4.39
2022-02-12,SOLUSDT,8.9693,10.2372,8.4462,9.1106,5.25
2022-02-13,SOLUSDT,9.1106,9.1582,8.9744,9.0229,3.44
2022-02-14,SOLUSDT,9.0229,9.3512,8.6329,8.854,6.7
2022-02-15,SOLUSDT,8.854,10.158,8.642,9.7048,10.46
2022-02-16,SOLUSDT,9.7048,9.8537,8.9008,9.5603,2.98
2022-02-17,SOLUSDT,9.5603,9.5603,8.6811,8.9379,6.57
2022-02-18,SOLUSDT,8.9379,9.3097,8.1617,9.2189,3.95
2022-02-19,SOLUSDT,9.2189,9.2189,7.6529,8.8408,4.83
2022-02-20,SOLUSDT,8.8408,8.8408,8.1862,8.225,4.92
2022-02-21,SOLUSDT,8.225,8.225,8.0093,8.0698,2.93
2022-02-22,SOLUSDT,8.0698,8.6847,7.8885,7.9358,6.98
2022-02-23,SOLUSDT,7.9358,7.9358,6.9087,7.1391,6.68
2022-02-24,SOLUSDT,7.1391,8.4215,7.1391,7.9896,7.15
2022-02-25,SOLUSDT,7.9896,8.5091,7.9896,8.3036,4.79
2022-02-26,SOLUSDT,8.3036,8.9585,8.203,8.6237,7.2
2022-02-27,SOLUSDT,8.6237,8.6237,7.2654,7.8113,8.91
2022-02-28,SOLUSDT,7.8113,8.1723,7.083,7.2219,6.75
2022-03-01,SOLUSDT,7.2219,7.887,7.1145,7.4227,2.06
2022-03-02,SOLUSDT,7.4227,8.439,7.4227,7.8116,8.59
2022-03-03,SOLUSDT,7.8116,8.6463,7.8116,8.524,18.21
2022-03-04,SOLUSDT,8.524,10.1629,8.524,9.8062,6.83
2022-03-05,SOLUSDT,9.8062,10.7189,9.3161,9.8171,6.58
2022-03-06,SOLUSDT,9.8171,10.1322,9.5429,9.6921,3.44
2022-03-07,SOLUSDT,9.6921,9.6921,8.762,8.9427,5.13
2022-03-08,SOLUSDT,8.9427,9.8002,8.8287,9.4156,6.51
2022-03-09,SOLUSDT,9.4156,9.4156,9.0124,9.1804,5.32
2022-03-10,SOLUSDT,9.1804,9.269,8.4381,8.9546,3.68
2022-03-11,SOLUSDT,8.9546,9.1905,8.6942,9.0257,6.29
2022-03-12,SOLUSDT,9.0257,9.5644,9.0257,9.4575,10.26
2022-03-13,SOLUSDT,9.4575,9.4575,8.7974,8.8016,7.06
2022-03-14,SOLUSDT,8.8016,9.7751,8.8016,9.5003,13.39
2022-03-15,SOLUSDT,9.5003,9.5046,9.1538,9.2073,4.31
2022-03-16,SOLUSDT,9.2073,9.2073,8.4452,8.6904,15.8
2022-03-17,SOLUSDT,8.6904,8.9568,7.7297,8.4982,3.64
2022-03-18,SOLUSDT,8.4982,10.4419,8.4982,8.9995,7.98
2022-03-19,SOLUSDT,8.9995,9.1413,8.5665,8.9646,5.18
2022-03-20,SOLUSDT,8.9646,9.4175,8.5327,8.8685,6.9
2022-03-21,SOLUSDT,8.8685,8.8685,7.2575,7.871,8.95
2022-03-22,SOLUSDT,7.871,8.079,7.6089,8.0211,3.56
2022-03-23,SOLUSDT,8.0211,9.0902,7.376,8.1609,4.95
2022-03-24,SOLUSDT,8.1609,8.311,7.4046,7.7514,7.38
2022-03-25,SOLUSDT,7.7514,7.7514,6.6677,6.8582,9.53
2022-03-26,SOLUSDT,6.8582,7.5732,6.8582,7.4529,21.26
2022-03-27,SOLUSDT,7.4529,8.2749,7.4529,7.8785,10.57
2022-03-28,SOLUSDT,7.8785,9.5522,7.8785,8.7546,11.65
2022-03-29,SOLUSDT,8.7546,9.7752,8.7546,9.3884,4.2
2022-03-30,SOLUSDT,9.3884,10.4623,9.3884,9.8748,18.59
2022-03-31,SOLUSDT,9.8748,9.8748,8.3036,9.1081,11.63
2022-04-01,SOLUSDT,9.1081,10.4718,9.1081,10.2804,15.81
2022-04-02,SOLUSDT,10.2804,10.2804,9.2271,9.5995,6.95
2022-04-03,SOLUSDT,9.5995,9.5995,8.8849,8.9287,11.14
2022-04-04,SOLUSDT,8.9287,9.4691,8.331,8.9669,3.25
2022-04-05,SOLUSDT,8.9669,9.8471,8.8419,9.6178,21.44
2022-04-06,SOLUSDT,9.6178,10.5717,9.6178,9.8933,3.29
2022-04-07,SOLUSDT,9.8933,9.8933,8.8435,9.4369,15.6
2022-04-08,SOLUSDT,9.4369,9.4369,8.661,8.9337,5.47
2022-04-09,SOLUSDT,8.9337,11.4162,8.9337,10.4812,18.41
2022-04-10,SOLUSDT,10.4812,10.7544,9.8645,10.4122,4.15
2022-04-11,SOLUSDT,10.4122,10.594,9.834,10.4708,5.24
2022-04-12,SOLUSDT,10.4708,11.3752,10.4708,10.9986,7.91
2022-04-13,SOLUSDT,10.9986,11.3262,10.1951,10.8745,7.98
2022-04-14,SOLUSDT,10.8745,12.2795,10.3585,11.4814,5.15
2022-04-15,SOLUSDT,11.4814,11.6997,11.0216,11.212,9.0
2022-04-16,SOLUSDT,11.212,11.9235,10.48,11.5687,3.86
2022-04-17,SOLUSDT,11.5687,13.3116,11.5687,13.0567,12.8
2022-04-18,SOLUSDT,13.0567,13.0567,11.9339,12.6432,3.63
2022-04-19,SOLUSDT,12.6432,12.6432,11.917,12.1309,10.28
2022-04-20,SOLUSDT,12.1309,12.1309,10.4742,11.5722,3.09
2022-04-21,SOLUSDT,11.5722,11.5722,10.3697,11.15,11.96
2022-04-22,SOLUSDT,11.15,11.8966,11.0409,11.2258,2.68
2022-04-23,SOLUSDT,11.2258,11.2258,9.242,9.4301,54.17
2022-04-24,SOLUSDT,9.4301,9.4301,8.3728,8.9404,12.59
2022-04-25,SOLUSDT,8.9404,9.2024,8.0618,9.1444,6.11
2022-04-26,SOLUSDT,9.1444,10.1598,9.1444,9.5063,3.41
2022-04-27,SOLUSDT,9.5063,12.3731,9.5063,11.524,37.97
2022-04-28,SOLUSDT,11.524,12.0902,10.9635,11.0199,11.02
2022-04-29,SOLUSDT,11.0199,11.5893,11.0199,11.1064,4.92
2022-04-30,SOLUSDT,11.1064,11.1064,10.7903,10.8729,4.32
2022-05-01,SOLUSDT,10.8729,11.2379,8.7848,10.6729,10.08
2022-05-02,SOLUSDT,10.6729,10.6729,9.427,9.6432,4.26
2022-05-03,SOLUSDT,9.6432,10.9329,9.6432,10.5546,3.77
2022-05-04,SOLUSDT,10.5546,10.5546,9.8822,9.9503,4.43
2022-05-05,SOLUSDT,9.9503,10.8706,9.3965,10.1341,24.84
2022-05-06,SOLUSDT,10.1341,10.8103,9.5002,9.9764,3.1
2022-05-07,SOLUSDT,9.9764,10.1923,9.9764,10.1197,3.58
2022-05-08,SOLUSDT,10.1197,10.1197,9.1021,9.3383,8.82
2022-05-09,SOLUSDT,9.3383,10.3029,9.3383,10.136,5.27
2022-05-10,SOLUSDT,10.136,11.855,10.136,11.6592,18.66
2022-05-11,SOLUSDT,11.6592,11.6592,9.7749,10.4514,4.75
2022-05-12,SOLUSDT,10.4514,11.9925,10.2015,10.8982,5.9
2022-05-13,SOLUSDT,10.8982,11.1697,9.4621,10.2359,5.97
2022-05-14,SOLUSDT,10.2359,10.9692,10.233,10.372,3.79
2022-05-15,SOLUSDT,10.372,12.2645,10.372,11.5865,6.83
2022-05-16,SOLUSDT,11.5865,11.8933,11.5,11.8842,3.34
2022-05-17,SOLUSDT,11.8842,12.2464,11.4282,11.8818,3.04
2022-05-18,SOLUSDT,11.8818,11.8818,10.7438,11.1973,2.38
2022-05-19,SOLUSDT,11.1973,11.9078,11.0772,11.4095,4.15
2022-05-20,SOLUSDT,11.4095,12.639,11.3414,11.5535,4.72
2022-05-21,SOLUSDT,11.5535,11.5535,9.7736,10.4326,15.0
2022-05-22,SOLUSDT,10.4326,10.4326,8.3892,9.4649,20.08
2022-05-23,SOLUSDT,9.4649,9.4649,8.9898,9.1714,5.55
2022-05-24,SOLUSDT,9.1714,9.9848,9.1714,9.5059,5.07
2022-05-25,SOLUSDT,9.5059,9.7078,9.2386,9.6189,7.84
2022-05-26,SOLUSDT,9.6189,10.0278,9.2887,9.442,2.63
2022-05-27,SOLUSDT,9.442,9.9129,9.442,9.8103,8.49
2022-05-28,SOLUSDT,9.8103,10.0232,8.4062,9.4381,6.47
2022-05-29,SOLUSDT,9.4381,9.6664,8.5697,9.1915,3.78
2022-05-30,SOLUSDT,9.1915,9.5694,9.0523,9.2075,2.9
2022-05-31,SOLUSDT,9.2075,9.4374,8.8737,9.3612,6.16
2022-06-01,SOLUSDT,9.3612,9.3612,8.3618,8.6613,9.19
2022-06-02,SOLUSDT,8.6613,9.6176,8.4788,9.3917,14.35
2022-06-03,SOLUSDT,9.3917,9.3917,8.2531,8.7996,16.07
2022-06-04,SOLUSDT,8.7996,9.9019,8.7996,9.7834,8.74
2022-06-05,SOLUSDT,9.7834,11.996,9.7834,11.6664,20.76
2022-06-06,SOLUSDT,11.6664,11.6664,10.5643,11.4021,5.4
2022-06-07,SOLUSDT,11.4021,12.6702,11.4021,12.5661,14.82
2022-06-08,SOLUSDT,12.5661,12.5661,11.8899,12.0289,9.02
2022-06-09,SOLUSDT,12.0289,12.0289,10.8498,10.8963,10.25
2022-06-10,SOLUSDT,10.8963,10.8963,9.4264,9.6338,9.66
2022-06-11,SOLUSDT,9.6338,10.0923,9.0855,9.6816,3.93
2022-06-12,SOLUSDT,9.6816,10.7393,9.4216,9.5234,6.04
2022-06-13,SOLUSDT,9.5234,10.0486,9.5234,9.983,6.44
2022-06-14,SOLUSDT,9.983,9.983,8.6417,8.6425,20.23
2022-06-15,SOLUSDT,8.6425,9.2784,8.4127,8.6377,3.84
2022-06-16,SOLUSDT,8.6377,10.037,8.5467,8.6549,1.92
2022-06-17,SOLUSDT,8.6549,9.5784,8.1982,8.5479,14.38
2022-06-18,SOLUSDT,8.5479,8.5479,8.2189,8.3788,12.12
2022-06-19,SOLUSDT,8.3788,8.3788,6.235,7.2709,15.96
2022-06-20,SOLUSDT,7.2709,7.2709,6.0553,6.4337,24.01
2022-06-21,SOLUSDT,6.4337,6.4337,5.4273,5.7002,22.16
2022-06-22,SOLUSDT,5.7002,6.1342,5.7002,6.0551,9.73
2022-06-23,SOLUSDT,6.0551,6.0551,5.315,5.7292,7.12
2022-06-24,SOLUSDT,5.7292,6.7862,5.7292,6.0694,26.24
2022-06-25,SOLUSDT,6.0694,6.6192,6.0694,6.3285,8.81
2022-06-26,SOLUSDT,6.3285,6.3285,6.1194,6.2793,4.76
2022-06-27,SOLUSDT,6.2793,7.2422,5.9205,6.8891,13.79
2022-06-28,SOLUSDT,6.8891,6.9806,6.4785,6.9701,10.13
2022-06-29,SOLUSDT,6.9701,7.6633,6.6213,7.109,7.54
2022-06-30,SOLUSDT,7.109,7.5118,6.7224,7.0431,6.99
2022-07-01,SOLUSDT,7.0431,7.5354,6.6365,6.7652,9.86
2022-07-02,SOLUSDT,6.7652,6.9248,6.3673,6.734,7.56
2022-07-03,SOLUSDT,6.734,6.8609,6.6799,6.7131,12.06
2022-07-04,SOLUSDT,6.7131,7.8244,6.7131,7.4802,43.19
2022-07-05,SOLUSDT,7.4802,8.8625,7.0729,8.753,34.02
2022-07-06,SOLUSDT,8.753,8.7578,7.6807,8.5773,3.54
2022-07-07,SOLUSDT,8.5773,9.2481,8.4491,8.8155,26.99
2022-07-08,SOLUSDT,8.8155,8.8155,8.1502,8.35,14.75
2022-07-09,SOLUSDT,8.35,8.35,7.1101,7.8782,10.18
2022-07-10,SOLUSDT,7.8782,8.4575,7.8733,8.3078,20.88
2022-07-11,SOLUSDT,8.3078,8.3078,7.771,8.1133,3.5
2022-07-12,SOLUSDT,8.1133,8.1133,6.5002,6.7449,24.88
2022-07-13,SOLUSDT,6.7449,7.9417,6.7449,7.4606,17.18
2022-07-14,SOLUSDT,7.4606,7.6144,7.1486,7.4822,9.27
2022-07-15,SOLUSDT,7.4822,7.8244,7.4822,7.615,18.84
2022-07-16,SOLUSDT,7.615,8.5486,7.4498,7.8407,12.89
2022-07-17,SOLUSDT,7.8407,8.1141,7.1813,7.4554,11.64
2022-07-18,SOLUSDT,7.4554,8.5852,7.4554,8.0569,7.56
2022-07-19,SOLUSDT,8.0569,8.3178,7.1486,7.8914,11.4
2022-07-20,SOLUSDT,7.8914,7.8914,6.7251,7.0338,18.46
2022-07-21,SOLUSDT,7.0338,8.082,7.0338,7.7806,17.11
2022-07-22,SOLUSDT,7.7806,9.2989,7.7806,8.4576,15.71
2022-07-23,SOLUSDT,8.4576,9.0833,8.1301,8.6414,16.97
2022-07-24,SOLUSDT,8.6414,8.8115,8.4721,8.6618,6.66
2022-07-25,SOLUSDT,8.6618,9.2244,8.614,9.0038,15.01
2022-07-26,SOLUSDT,9.0038,9.0038,8.0823,8.4492,3.65
2022-07-27,SOLUSDT,8.4492,8.4492,8.2193,8.3622,6.87
2022-07-28,SOLUSDT,8.3622,8.3622,7.6017,7.6708,10.79
2022-07-29,SOLUSDT,7.6708,7.7351,6.6485,7.0358,6.17
2022-07-30,SOLUSDT,7.0358,7.0358,6.4424,6.7245,15.4
2022-07-31,SOLUSDT,6.7245,7.3112,6.7245,7.2787,20.31
2022-08-01,SOLUSDT,7.2787,7.8309,6.8283,6.9871,11.96
2022-08-02,SOLUSDT,6.9871,7.4031,6.4977,7.1252,15.38
2022-08-03,SOLUSDT,7.1252,7.4291,6.6239,6.6829,17.06
2022-08-04,SOLUSDT,6.6829,6.7427,6.5857,6.7349,9.13
2022-08-05,SOLUSDT,6.7349,6.9478,6.535,6.6588,7.33
2022-08-06,SOLUSDT,6.6588,7.2891,6.2553,7.1039,21.28
2022-08-07,SOLUSDT,7.1039,8.6548,7.1039,7.9961,55.19
2022-08-08,SOLUSDT,7.9961,7.9961,6.9268,7.6673,17.89
2022-08-09,SOLUSDT,7.6673,7.7652,7.2529,7.4696,10.66
2022-08-10,SOLUSDT,7.4696,7.8629,7.4696,7.85,9.01
2022-08-11,SOLUSDT,7.85,7.9541,7.2846,7.8549,14.0
2022-08-12,SOLUSDT,7.8549,7.9026,7.4268,7.5323,22.4
2022-08-13,SOLUSDT,7.5323,7.9254,6.7045,7.5342,8.46
2022-08-14,SOLUSDT,7.5342,8.4158,7.4806,7.7914,7.89
2022-08-15,SOLUSDT,7.7914,8.2419,7.6066,7.6091,8.85
2022-08-16,SOLUSDT,7.6091,8.832,7.6091,7.9502,8.66
2022-08-17,SOLUSDT,7.9502,8.6657,7.9502,8.078,9.12
2022-08-18,SOLUSDT,8.078,8.078,7.6145,7.6255,6.58
2022-08-19,SOLUSDT,7.6255,8.3339,7.6255,8.2204,20.4
2022-08-20,SOLUSDT,8.2204,9.2723,8.2204,9.0057,47.56
2022-08-21,SOLUSDT,9.0057,9.7426,8.5318,9.0144,18.71
2022-08-22,SOLUSDT,9.0144,9.0144,8.0865,8.3034,27.69
2022-08-23,SOLUSDT,8.3034,8.3034,7.4618,7.748,9.57
2022-08-24,SOLUSDT,7.748,8.1785,7.748,8.1362,12.65
2022-08-25,SOLUSDT,8.1362,9.4424,8.1362,9.1079,14.94
2022-08-26,SOLUSDT,9.1079,9.3377,8.3708,9.221,3.41
2022-08-27,SOLUSDT,9.221,10.3282,9.221,9.7962,4.21
2022-08-28,SOLUSDT,9.7962,9.7962,9.2371,9.5958,5.23
2022-08-29,SOLUSDT,9.5958,9.8744,9.2374,9.5745,13.93
2022-08-30,SOLUSDT,9.5745,9.5842,8.9883,9.3498,7.18
2022-08-31,SOLUSDT,9.3498,9.3498,7.9061,8.7472,6.57
2022-09-01,SOLUSDT,8.7472,8.7472,7.0775,8.2654,9.67
2022-09-02,SOLUSDT,8.2654,8.444,7.8333,8.2298,2.64
2022-09-03,SOLUSDT,8.2298,8.2298,7.3773,7.8084,10.16
2022-09-04,SOLUSDT,7.8084,9.1701,7.8084,8.4722,6.99
2022-09-05,SOLUSDT,8.4722,9.6271,8.4722,9.3976,10.86
2022-09-06,SOLUSDT,9.3976,9.3976,8.656,8.9254,8.99
2022-09-07,SOLUSDT,8.9254,9.0573,8.6008,9.049,2.75
2022-09-08,SOLUSDT,9.049,9.049,7.0125,8.0995,10.87
2022-09-09,SOLUSDT,8.0995,8.0995,6.81,7.2196,9.54
2022-09-10,SOLUSDT,7.2196,8.7535,7.2196,8.0128,11.23
2022-09-11,SOLUSDT,8.0128,8.3738,7.6182,8.2571,5.13
2022-09-12,SOLUSDT,8.2571,8.2888,7.433,7.9103,10.66
2022-09-13,SOLUSDT,7.9103,7.9103,6.289,6.7679,7.54
2022-09-14,SOLUSDT,6.7679,6.7679,6.1332,6.2617,3.48
2022-09-15,SOLUSDT,6.2617,7.152,6.2617,6.9708,9.56
2022-09-16,SOLUSDT,6.9708,7.8877,6.9708,7.7735,15.21
2022-09-17,SOLUSDT,7.7735,7.8003,7.3126,7.6914,12.63
2022-09-18,SOLUSDT,7.6914,7.6914,6.5711,7.0813,4.76
2022-09-19,SOLUSDT,7.0813,8.2142,7.0813,7.8474,10.08
2022-09-20,SOLUSDT,7.8474,8.3952,7.1039,7.9193,8.41
2022-09-21,SOLUSDT,7.9193,8.2518,7.8529,7.9613,7.91
2022-09-22,SOLUSDT,7.9613,8.8699,7.9613,8.3495,5.54
2022-09-23,SOLUSDT,8.3495,8.3495,6.9943,7.5259,15.11
2022-09-24,SOLUSDT,7.5259,7.5259,6.157,6.7192,19.61
2022-09-25,SOLUSDT,6.7192,6.7192,6.3317,6.5005,6.26
2022-09-26,SOLUSDT,6.5005,7.5767,6.5005,6.7295,10.09
2022-09-27,SOLUSDT,6.7295,6.7295,6.0975,6.1043,13.21
2022-09-28,SOLUSDT,6.1043,6.1043,5.1596,5.6719,19.25
2022-09-29,SOLUSDT,5.6719,5.931,5.6149,5.6475,7.22
2022-09-30,SOLUSDT,5.6475,5.8253,5.3401,5.5471,12.85
2022-10-01,SOLUSDT,5.5471,6.2984,5.5471,5.9574,16.49
2022-10-02,SOLUSDT,5.9574,6.3626,5.4928,5.6301,11.97
2022-10-03,SOLUSDT,5.6301,6.1695,5.6301,5.8019,17.76
2022-10-04,SOLUSDT,5.8019,5.9312,5.1409,5.4045,11.81
2022-10-05,SOLUSDT,5.4045,5.9697,5.4045,5.8704,9.79
2022-10-06,SOLUSDT,5.8704,5.8704,5.1626,5.5004,5.23
2022-10-07,SOLUSDT,5.5004,5.6673,5.1341,5.5518,10.65
2022-10-08,SOLUSDT,5.5518,5.8404,5.4322,5.6803,21.93
2022-10-09,SOLUSDT,5.6803,5.8311,5.2925,5.7029,6.11
2022-10-10,SOLUSDT,5.7029,5.827,5.5027,5.7011,13.56
2022-10-11,SOLUSDT,5.7011,5.7573,5.4015,5.6208,12.56
2022-10-12,SOLUSDT,5.6208,6.1665,5.2346,5.9145,9.14
2022-10-13,SOLUSDT,5.9145,6.4548,5.727,5.8116,10.06
2022-10-14,SOLUSDT,5.8116,5.8116,4.711,5.1634,22.12
2022-10-15,SOLUSDT,5.1634,5.4303,5.1634,5.3626,19.29
2022-10-16,SOLUSDT,5.3626,5.7904,5.3626,5.3922,6.67
2022-10-17,SOLUSDT,5.3922,5.3922,4.593,5.0383,12.6
2022-10-18,SOLUSDT,5.0383,5.4713,5.0383,5.2728,18.91
2022-10-19,SOLUSDT,5.2728,5.3122,5.1905,5.2317,10.84
2022-10-20,SOLUSDT,5.2317,5.584,4.6677,5.3425,12.43
2022-10-21,SOLUSDT,5.3425,6.0875,5.3268,5.8466,22.63
2022-10-22,SOLUSDT,5.8466,6.2581,5.8135,6.1647,11.62
2022-10-23,SOLUSDT,6.1647,6.624,6.1647,6.5844,25.14
2022-10-24,SOLUSDT,6.5844,7.2393,6.2489,7.0375,39.58
2022-10-25,SOLUSDT,7.0375,7.5748,7.0375,7.3131,12.52
2022-10-26,SOLUSDT,7.3131,7.4178,6.9492,7.3512,4.2
2022-10-27,SOLUSDT,7.3512,8.0082,7.3512,7.8501,8.15
2022-10-28,SOLUSDT,7.8501,8.1061,7.6897,8.0791,8.72
2022-10-29,SOLUSDT,8.0791,9.6227,8.0034,8.927,18.13
2022-10-30,SOLUSDT,8.927,8.927,8.1104,8.4288,15.81
2022-10-31,SOLUSDT,8.4288,9.5777,8.4288,9.3347,11.47
2022-11-01,SOLUSDT,9.3347,9.4277,8.8738,9.1072,17.17
2022-11-02,SOLUSDT,9.1072,10.4057,8.1422,9.434,7.28
2022-11-03,SOLUSDT,9.434,11.1593,9.434,10.3319,18.92
2022-11-04,SOLUSDT,10.3319,10.3319,9.0882,9.644,5.65
2022-11-05,SOLUSDT,9.644,9.6912,9.3185,9.3249,21.01
2022-11-06,SOLUSDT,9.3249,10.0649,9.3249,10.0587,14.66
2022-11-07,SOLUSDT,10.0587,11.096,10.0587,10.6932,11.62
2022-11-08,SOLUSDT,10.6932,11.0163,10.1895,10.7586,3.99
2022-11-09,SOLUSDT,10.7586,11.8052,9.2818,10.6827,13.85
2022-11-10,SOLUSDT,10.6827,10.6827,8.3228,8.8618,70.45
2022-11-11,SOLUSDT,8.8618,12.3272,8.8618,11.2822,31.58
2022-11-12,SOLUSDT,11.2822,11.2822,10.3593,10.5242,15.29
2022-11-13,SOLUSDT,10.5242,10.8102,10.424,10.5768,9.02
2022-11-14,SOLUSDT,10.5768,11.5776,10.4939,10.6239,12.94
2022-11-15,SOLUSDT,10.6239,10.6239,7.1255,7.6536,19.0
2022-11-16,SOLUSDT,7.6536,7.6536,6.6178,7.2002,4.87
2022-11-17,SOLUSDT,7.2002,7.2002,6.0461,6.1246,28.8
2022-11-18,SOLUSDT,6.1246,7.0236,6.1246,6.6318,24.79
2022-11-19,SOLUSDT,6.6318,6.6761,6.0686,6.314,13.97
2022-11-20,SOLUSDT,6.314,6.314,5.876,5.9013,9.83
2022-11-21,SOLUSDT,5.9013,5.9013,5.1363,5.6847,12.79
2022-11-22,SOLUSDT,5.6847,5.6847,4.5507,5.5041,29.14
2022-11-23,SOLUSDT,5.5041,5.5041,4.8719,5.0668,42.55
2022-11-24,SOLUSDT,5.0668,5.5036,5.0417,5.341,20.42
2022-11-25,SOLUSDT,5.341,5.4953,5.2742,5.4018,11.06
2022-11-26,SOLUSDT,5.4018,5.6008,5.2055,5.5289,5.6
2022-11-27,SOLUSDT,5.5289,5.5923,5.0703,5.5616,13.7
2022-11-28,SOLUSDT,5.5616,5.8654,5.0907,5.64,23.26
2022-11-29,SOLUSDT,5.64,5.6672,5.4757,5.5051,17.36
2022-11-30,SOLUSDT,5.5051,5.5051,4.8111,4.83,26.86
2022-12-01,SOLUSDT,4.83,4.83,4.4888,4.5069,39.72
2022-12-02,SOLUSDT,4.5069,4.5069,4.2074,4.4192,16.74
2022-12-03,SOLUSDT,4.4192,4.8056,4.252,4.5515,22.51
2022-12-04,SOLUSDT,4.5515,4.5515,3.9205,4.0966,50.27
2022-12-05,SOLUSDT,4.0966,4.7846,4.0966,4.7002,87.24
2022-12-06,SOLUSDT,4.7002,5.3653,4.7002,5.0355,20.6
2022-12-07,SOLUSDT,5.0355,5.0355,3.7585,4.1524,89.29
2022-12-08,SOLUSDT,4.1524,4.1524,3.8479,3.8807,27.4
2022-12-09,SOLUSDT,3.8807,4.2033,3.8807,4.1073,25.88
2022-12-10,SOLUSDT,4.1073,4.3756,3.7825,4.3376,38.3
2022-12-11,SOLUSDT,4.3376,4.7951,4.3376,4.5075,39.52
2022-12-12,SOLUSDT,4.5075,4.5075,3.9977,4.1576,78.93
2022-12-13,SOLUSDT,4.1576,4.2716,3.6846,3.9694,18.43
2022-12-14,SOLUSDT,3.9694,4.616,3.9694,4.467,57.3
2022-12-15,SOLUSDT,4.467,4.467,3.9553,4.108,34.21
2022-12-16,SOLUSDT,4.108,4.5846,3.9694,4.1659,30.73
2022-12-17,SOLUSDT,4.1659,4.4712,4.1659,4.4048,35.28
2022-12-18,SOLUSDT,4.4048,4.748,4.179,4.4358,17.25
2022-12-19,SOLUSDT,4.4358,4.4918,4.4358,4.487,9.05
2022-12-20,SOLUSDT,4.487,5.2409,4.487,4.9064,19.46
2022-12-21,SOLUSDT,4.9064,5.1504,4.8768,5.0068,9.59
2022-12-22,SOLUSDT,5.0068,5.0068,4.8131,4.8617,26.95
2022-12-23,SOLUSDT,4.8617,5.278,4.8617,4.9805,37.35
2022-12-24,SOLUSDT,4.9805,4.9805,4.0619,4.289,66.83
2022-12-25,SOLUSDT,4.289,4.289,4.0272,4.0871,41.91
2022-12-26,SOLUSDT,4.0871,4.4675,4.0871,4.3711,32.35
2022-12-27,SOLUSDT,4.3711,5.0293,4.3711,4.5922,22.96
2022-12-28,SOLUSDT,4.5922,4.6792,4.4928,4.5961,24.6
2022-12-29,SOLUSDT,4.5961,4.5961,4.0983,4.1992,29.01
2022-12-30,SOLUSDT,4.1992,4.4372,3.9451,4.0894,24.55
2022-12-31,SOLUSDT,4.0894,4.3323,4.0774,4.1349,45.49
2023-01-01,SOLUSDT,4.1349,10.5692,4.1349,9.7412,49.76
2023-01-02,SOLUSDT,9.7412,9.8467,8.685,9.4607,11.33
2023-01-03,SOLUSDT,9.4607,9.4607,8.4669,8.7086,8.4
2023-01-04,SOLUSDT,8.7086,8.7086,7.6185,8.1352,4.4
2023-01-05,SOLUSDT,8.1352,9.7496,8.1352,8.952,29.05
2023-01-06,SOLUSDT,8.952,10.3471,8.2796,9.2297,8.99
2023-01-07,SOLUSDT,9.2297,10.1297,9.146,9.9679,20.59
2023-01-08,SOLUSDT,9.9679,10.3047,9.5405,10.1904,15.15
2023-01-09,SOLUSDT,10.1904,11.4306,10.1904,10.6356,6.05
2023-01-10,SOLUSDT,10.6356,10.6356,9.7197,10.2326,6.04
2023-01-11,SOLUSDT,10.2326,10.5801,9.3604,9.9824,4.84
2023-01-12,SOLUSDT,9.9824,10.4553,9.2025,9.7201,3.66
2023-01-13,SOLUSDT,9.7201,9.7201,9.047,9.1101,12.03
2023-01-14,SOLUSDT,9.1101,9.7315,9.1101,9.5333,17.83
2023-01-15,SOLUSDT,9.5333,10.5509,9.5333,10.3016,33.57
2023-01-16,SOLUSDT,10.3016,10.9062,10.3016,10.503,7.29
2023-01-17,SOLUSDT,10.503,10.503,9.7098,10.1746,16.25
2023-01-18,SOLUSDT,10.1746,10.2999,9.7048,10.2966,5.29
2023-01-19,SOLUSDT,10.2966,10.2966,8.4031,9.1927,18.09
2023-01-20,SOLUSDT,9.1927,10.0424,9.1927,9.9478,5.73
2023-01-21,SOLUSDT,9.9478,9.9478,8.8064,8.9816,27.8
2023-01-22,SOLUSDT,8.9816,8.9816,7.8438,8.3428,15.2
2023-01-23,SOLUSDT,8.3428,8.8756,7.4485,8.7504,16.33
2023-01-24,SOLUSDT,8.7504,8.7504,8.2798,8.5768,6.94
2023-01-25,SOLUSDT,8.5768,9.1767,8.5768,8.8235,7.35
2023-01-26,SOLUSDT,8.8235,8.8235,7.5131,7.7089,20.53
2023-01-27,SOLUSDT,7.7089,8.3509,7.7089,8.0698,12.85
2023-01-28,SOLUSDT,8.0698,8.0698,7.0564,7.4446,17.47
2023-01-29,SOLUSDT,7.4446,7.8811,7.0393,7.0769,10.56
2023-01-30,SOLUSDT,7.0769,7.198,6.6407,7.0402,6.79
2023-01-31,SOLUSDT,7.0402,7.0402,5.2543,6.5502,6.86
2023-02-01,SOLUSDT,6.5502,7.1544,6.5195,7.0443,8.0
2023-02-02,SOLUSDT,7.0443,7.0443,6.4978,6.6673,12.19
2023-02-03,SOLUSDT,6.6673,7.3757,6.0034,6.9646,22.25
2023-02-04,SOLUSDT,6.9646,7.8603,6.9646,7.6881,8.46
2023-02-05,SOLUSDT,7.6881,8.3663,7.6881,8.1311,3.97
2023-02-06,SOLUSDT,8.1311,9.0134,8.1311,8.9436,22.41
2023-02-07,SOLUSDT,8.9436,8.9602,8.521,8.6338,10.03
2023-02-08,SOLUSDT,8.6338,9.0437,8.5145,8.5469,6.51
2023-02-09,SOLUSDT,8.5469,9.1563,8.226,8.4327,5.88
2023-02-10,SOLUSDT,8.4327,9.57,8.2126,8.6674,12.78
2023-02-11,SOLUSDT,8.6674,8.6674,8.0511,8.394,4.21
2023-02-12,SOLUSDT,8.394,8.7413,8.284,8.6488,5.54
2023-02-13,SOLUSDT,8.6488,8.6488,8.341,8.4658,5.53
2023-02-14,SOLUSDT,8.4658,8.4658,7.6739,7.8808,7.17
2023-02-15,SOLUSDT,7.8808,8.0133,7.7448,7.9267,5.92
2023-02-16,SOLUSDT,7.9267,8.4786,7.9267,8.2854,6.32
2023-02-17,SOLUSDT,8.2854,8.3345,8.097,8.1914,8.19
2023-02-18,SOLUSDT,8.1914,8.1914,6.9889,7.2552,13.92
2023-02-19,SOLUSDT,7.2552,7.53,6.7162,7.434,12.98
2023-02-20,SOLUSDT,7.434,7.5453,7.2491,7.3218,2.97
2023-02-21,SOLUSDT,7.3218,7.4058,6.8285,7.0853,4.76
2023-02-22,SOLUSDT,7.0853,7.5807,7.0853,7.5666,23.33
2023-02-23,SOLUSDT,7.5666,8.277,7.5666,7.7725,8.96
2023-02-24,SOLUSDT,7.7725,8.1632,7.7725,8.009,5.62
2023-02-25,SOLUSDT,8.009,8.2668,7.3262,7.9107,13.07
2023-02-26,SOLUSDT,7.9107,7.9107,6.7505,7.6752,4.95
2023-02-27,SOLUSDT,7.6752,9.0586,7.6752,8.5862,16.98
2023-02-28,SOLUSDT,8.5862,9.0458,8.5862,9.0086,5.38
2023-03-01,SOLUSDT,9.0086,9.9671,9.0086,9.5124,12.17
2023-03-02,SOLUSDT,9.5124,10.31,9.5124,9.7149,9.14
2023-03-03,SOLUSDT,9.7149,10.4497,8.8741,9.9142,9.82
2023-03-04,SOLUSDT,9.9142,11.0976,9.9142,10.5982,10.55
2023-03-05,SOLUSDT,10.5982,11.1502,10.0585,10.5013,4.99
2023-03-06,SOLUSDT,10.5013,10.8315,10.2484,10.6826,8.21
2023-03-07,SOLUSDT,10.6826,10.9447,10.3883,10.6846,3.2
2023-03-08,SOLUSDT,10.6846,11.8211,10.6846,11.3365,26.33
2023-03-09,SOLUSDT,11.3365,13.546,11.3365,13.3313,11.74
2023-03-10,SOLUSDT,13.3313,14.2209,12.905,13.6613,6.2
2023-03-11,SOLUSDT,13.6613,15.2059,13.456,14.0073,6.03
2023-03-12,SOLUSDT,14.0073,14.882,14.0073,14.7593,7.61
2023-03-13,SOLUSDT,14.7593,17.1898,13.5059,15.8162,22.19
2023-03-14,SOLUSDT,15.8162,16.9682,15.8162,16.548,10.42
2023-03-15,SOLUSDT,16.548,18.0785,16.2446,17.2763,8.15
2023-03-16,SOLUSDT,17.2763,19.7651,15.8845,18.7077,10.07
2023-03-17,SOLUSDT,18.7077,20.9649,18.7077,20.2881,20.16
2023-03-18,SOLUSDT,20.2881,23.0371,20.2881,21.926,14.29
2023-03-19,SOLUSDT,21.926,23.5934,21.926,23.1961,11.34
2023-03-20,SOLUSDT,23.1961,24.538,22.7895,23.3277,2.77
2023-03-21,SOLUSDT,23.3277,24.2354,22.4657,23.507,7.65
2023-03-22,SOLUSDT,23.507,23.507,20.9535,21.7201,14.66
2023-03-23,SOLUSDT,21.7201,24.0315,21.7201,23.6187,7.5
2023-03-24,SOLUSDT,23.6187,26.9692,23.6187,24.121,4.44
2023-03-25,SOLUSDT,24.121,25.2258,24.121,24.8583,4.71
2023-03-26,SOLUSDT,24.8583,27.5247,24.812,25.9278,8.89
2023-03-27,SOLUSDT,25.9278,30.2434,25.9278,28.7917,8.66
2023-03-28,SOLUSDT,28.7917,28.7917,25.7819,27.7451,5.98
2023-03-29,SOLUSDT,27.7451,29.1661,27.0194,28.784,22.83
2023-03-30,SOLUSDT,28.784,34.6487,28.784,34.0133,32.18
2023-03-31,SOLUSDT,34.0133,37.2887,34.0133,35.5131,5.52
2023-04-01,SOLUSDT,35.5131,37.9148,34.4126,35.5003,3.49
2023-04-02,SOLUSDT,35.5003,36.1505,32.5973,35.5722,7.74
2023-04-03,SOLUSDT,35.5722,39.4232,35.5722,37.6537,13.29
2023-04-04,SOLUSDT,37.6537,43.621,37.6537,41.8279,12.91
2023-04-05,SOLUSDT,41.8279,43.6095,40.1907,41.5546,4.19
2023-04-06,SOLUSDT,41.5546,45.1521,41.5546,44.3419,5.87
2023-04-07,SOLUSDT,44.3419,44.3419,39.9233,43.456,2.33
2023-04-08,SOLUSDT,43.456,49.6406,42.9706,46.2012,10.87
2023-04-09,SOLUSDT,46.2012,49.0248,46.2012,47.781,5.46
2023-04-10,SOLUSDT,47.781,51.6264,47.781,50.9765,14.16
2023-04-11,SOLUSDT,50.9765,50.9765,47.9678,49.9969,5.85
2023-04-12,SOLUSDT,49.9969,56.2693,49.9969,55.1782,28.38
2023-04-13,SOLUSDT,55.1782,57.81,51.5251,55.4705,3.03
2023-04-14,SOLUSDT,55.4705,56.9264,52.7152,54.816,11.59
2023-04-15,SOLUSDT,54.816,59.1738,54.816,58.8087,3.46
2023-04-16,SOLUSDT,58.8087,61.2421,56.4964,59.8919,6.6
2023-04-17,SOLUSDT,59.8919,59.8919,50.6072,52.8916,23.54
2023-04-18,SOLUSDT,52.8916,52.9229,47.6847,50.7531,4.72
2023-04-19,SOLUSDT,50.7531,52.8656,47.2939,49.8798,7.82
2023-04-20,SOLUSDT,49.8798,55.1834,46.8081,49.5256,7.45
2023-04-21,SOLUSDT,49.5256,49.5256,45.9392,46.0836,10.79
2023-04-22,SOLUSDT,46.0836,50.6197,45.0613,45.4155,2.36
2023-04-23,SOLUSDT,45.4155,45.5102,44.5062,45.1027,6.64
2023-04-24,SOLUSDT,45.1027,47.4609,44.2969,45.6416,6.67
2023-04-25,SOLUSDT,45.6416,45.6416,38.0468,39.3072,18.83
2023-04-26,SOLUSDT,39.3072,40.0251,35.5457,37.2765,10.6
2023-04-27,SOLUSDT,37.2765,40.3559,32.6567,39.6729,11.92
2023-04-28,SOLUSDT,39.6729,40.9363,36.8399,38.4958,16.26
2023-04-29,SOLUSDT,38.4958,43.8676,38.4958,42.7343,7.14
2023-04-30,SOLUSDT,42.7343,42.7343,39.4414,39.6822,10.91
2023-05-01,SOLUSDT,39.6822,39.6822,34.9206,36.4797,13.18
2023-05-02,SOLUSDT,36.4797,40.2825,33.7927,34.6343,8.24
2023-05-03,SOLUSDT,34.6343,37.0294,34.6343,36.5405,13.52
2023-05-04,SOLUSDT,36.5405,38.0849,36.5405,37.648,7.37
2023-05-05,SOLUSDT,37.648,43.6126,37.648,42.849,23.61
2023-05-06,SOLUSDT,42.849,43.8335,38.2806,40.2022,5.42
2023-05-07,SOLUSDT,40.2022,42.5121,35.3264,36.8372,12.56
2023-05-08,SOLUSDT,36.8372,39.6401,35.9836,39.3195,8.58
2023-05-09,SOLUSDT,39.3195,40.8014,34.157,37.151,8.12
2023-05-10,SOLUSDT,37.151,38.2072,35.9693,37.8396,4.54
2023-05-11,SOLUSDT,37.8396,38.03,33.4669,36.4059,3.73
2023-05-12,SOLUSDT,36.4059,36.4059,30.9826,31.1805,16.66
2023-05-13,SOLUSDT,31.1805,31.4966,28.7111,30.9476,7.98
2023-05-14,SOLUSDT,30.9476,34.7314,30.9476,32.614,8.24
2023-05-15,SOLUSDT,32.614,32.614,24.6331,28.8038,24.16
2023-05-16,SOLUSDT,28.8038,31.1872,28.8038,29.8815,7.74
2023-05-17,SOLUSDT,29.8815,31.2714,29.5564,31.0395,8.3
2023-05-18,SOLUSDT,31.0395,31.0395,26.7364,27.8219,34.89
2023-05-19,SOLUSDT,27.8219,27.8219,25.5319,27.1186,8.39
2023-05-20,SOLUSDT,27.1186,32.9788,27.1186,29.6401,20.39
2023-05-21,SOLUSDT,29.6401,34.1294,29.6401,31.7538,11.9
2023-05-22,SOLUSDT,31.7538,32.5363,30.8979,31.5214,8.14
2023-05-23,SOLUSDT,31.5214,37.2567,31.5214,33.3803,8.88
2023-05-24,SOLUSDT,33.3803,33.3803,31.9992,32.438,12.33
2023-05-25,SOLUSDT,32.438,35.7704,32.438,35.3805,9.94
2023-05-26,SOLUSDT,35.3805,38.2813,30.1785,37.1427,7.1
2023-05-27,SOLUSDT,37.1427,39.6478,37.1427,38.6691,4.21
2023-05-28,SOLUSDT,38.6691,39.5771,38.5765,38.6375,1.5
2023-05-29,SOLUSDT,38.6375,41.0726,36.7981,37.6757,6.4
2023-05-30,SOLUSDT,37.6757,37.6757,34.6494,35.4541,5.82
2023-05-31,SOLUSDT,35.4541,35.4541,30.596,32.5422,36.45
2023-06-01,SOLUSDT,32.5422,35.2906,30.2403,31.7272,4.61
2023-06-02,SOLUSDT,31.7272,32.6283,30.5862,31.9815,6.22
2023-06-03,SOLUSDT,31.9815,37.2151,31.9815,36.2503,42.34
2023-06-04,SOLUSDT,36.2503,37.6564,36.2503,37.2546,11.34
2023-06-05,SOLUSDT,37.2546,38.9989,37.18,38.9604,6.67
2023-06-06,SOLUSDT,38.9604,38.9604,33.8818,35.5392,8.24
2023-06-07,SOLUSDT,35.5392,37.6898,34.5569,37.6229,2.1
2023-06-08,SOLUSDT,37.6229,37.6229,35.4167,36.8085,7.64
2023-06-09,SOLUSDT,36.8085,39.0334,36.1113,38.5726,6.76
2023-06-10,SOLUSDT,38.5726,39.8364,36.5081,38.9584,2.6
2023-06-11,SOLUSDT,38.9584,38.9584,32.0852,36.657,15.22
2023-06-12,SOLUSDT,36.657,39.1644,35.4119,37.0668,5.72
2023-06-13,SOLUSDT,37.0668,38.6575,35.6604,37.9961,16.29
2023-06-14,SOLUSDT,37.9961,37.9961,34.3321,35.362,18.14
2023-06-15,SOLUSDT,35.362,37.9188,35.362,36.2163,6.74
2023-06-16,SOLUSDT,36.2163,36.2163,28.8872,33.2585,40.88
2023-06-17,SOLUSDT,33.2585,33.2585,26.0993,29.7301,32.45
2023-06-18,SOLUSDT,29.7301,29.7301,26.4734,27.889,11.45
2023-06-19,SOLUSDT,27.889,29.1249,25.6867,27.8196,8.53
2023-06-20,SOLUSDT,27.8196,29.2706,24.4568,27.0185,17.12
2023-06-21,SOLUSDT,27.0185,33.8287,27.0185,30.0902,21.58
2023-06-22,SOLUSDT,30.0902,34.3843,30.0902,32.7114,9.2
2023-06-23,SOLUSDT,32.7114,36.9072,32.0752,36.2545,22.82
2023-06-24,SOLUSDT,36.2545,36.2545,31.377,35.3929,4.52
2023-06-25,SOLUSDT,35.3929,36.4,32.5565,32.7872,3.25
2023-06-26,SOLUSDT,32.7872,32.7872,26.6303,29.5339,18.97
2023-06-27,SOLUSDT,29.5339,29.5339,28.2615,28.8281,9.6
2023-06-28,SOLUSDT,28.8281,28.8281,23.8644,25.6254,16.61
2023-06-29,SOLUSDT,25.6254,26.4596,23.4698,24.5071,12.56
2023-06-30,SOLUSDT,24.5071,26.4918,24.5071,25.9452,51.22
2023-07-01,SOLUSDT,25.9452,35.609,25.9452,35.4905,16.44
2023-07-02,SOLUSDT,35.4905,35.4905,32.0855,34.0103,7.46
2023-07-03,SOLUSDT,34.0103,34.9865,33.5154,34.3045,8.79
2023-07-04,SOLUSDT,34.3045,38.0183,34.3045,36.1437,8.33
2023-07-05,SOLUSDT,36.1437,37.4673,32.5287,35.6183,10.35
2023-07-06,SOLUSDT,35.6183,38.8765,35.4726,37.4119,4.76
2023-07-07,SOLUSDT,37.4119,39.1349,34.9984,38.5342,3.04
2023-07-08,SOLUSDT,38.5342,44.9496,38.5342,39.1728,3.88
2023-07-09,SOLUSDT,39.1728,40.1225,37.4372,38.2097,4.81
2023-07-10,SOLUSDT,38.2097,38.3389,34.7899,36.072,10.48
2023-07-11,SOLUSDT,36.072,38.7829,35.6277,37.7298,4.89
2023-07-12,SOLUSDT,37.7298,43.1085,36.0671,39.2563,6.15
2023-07-13,SOLUSDT,39.2563,45.6965,39.2563,40.3729,3.89
2023-07-14,SOLUSDT,40.3729,40.3729,36.9172,39.2339,2.76
2023-07-15,SOLUSDT,39.2339,44.4978,38.7116,40.2527,9.03
2023-07-16,SOLUSDT,40.2527,42.4069,39.235,41.8876,5.23
2023-07-17,SOLUSDT,41.8876,41.8876,37.2557,37.6928,8.19
2023-07-18,SOLUSDT,37.6928,37.6928,32.5681,35.82,9.9
2023-07-19,SOLUSDT,35.82,36.7185,33.079,34.8379,4.43
2023-07-20,SOLUSDT,34.8379,37.3669,34.2882,34.4615,1.84
2023-07-21,SOLUSDT,34.4615,34.4615,32.4033,33.6907,3.4
2023-07-22,SOLUSDT,33.6907,37.3332,33.6907,35.3735,8.99
2023-07-23,SOLUSDT,35.3735,37.5971,35.2126,35.9752,4.18
2023-07-24,SOLUSDT,35.9752,39.9541,35.9752,39.2781,4.93
2023-07-25,SOLUSDT,39.2781,44.3349,38.7831,42.3943,7.51
2023-07-26,SOLUSDT,42.3943,42.3943,38.1557,40.5926,9.74
2023-07-27,SOLUSDT,40.5926,44.5522,38.8511,41.2629,2.25
2023-07-28,SOLUSDT,41.2629,43.7604,39.1469,42.4756,2.42
2023-07-29,SOLUSDT,42.4756,45.3714,42.1309,42.243,3.68
2023-07-30,SOLUSDT,42.243,42.243,41.2037,41.664,3.24
2023-07-31,SOLUSDT,41.664,41.664,36.4791,38.3804,10.22
2023-08-01,SOLUSDT,38.3804,43.0883,38.3804,39.4047,3.91
2023-08-02,SOLUSDT,39.4047,40.6107,37.049,38.119,3.21
2023-08-03,SOLUSDT,38.119,39.7692,35.3911,38.0296,1.73
2023-08-04,SOLUSDT,38.0296,38.719,35.1061,37.185,5.38
2023-08-05,SOLUSDT,37.185,40.3014,36.8962,38.3213,3.15
2023-08-06,SOLUSDT,38.3213,38.3213,33.5319,35.4223,8.67
2023-08-07,SOLUSDT,35.4223,36.1816,35.3064,35.5138,3.5
2023-08-08,SOLUSDT,35.5138,35.5138,30.2645,31.9722,10.64
2023-08-09,SOLUSDT,31.9722,34.7958,31.1301,32.0952,2.51
2023-08-10,SOLUSDT,32.0952,36.8249,30.4766,33.0165,4.22
2023-08-11,SOLUSDT,33.0165,36.283,33.0165,35.8602,7.43
2023-08-12,SOLUSDT,35.8602,39.1242,35.8602,37.8465,9.25
2023-08-13,SOLUSDT,37.8465,40.3575,37.8465,38.8355,4.75
2023-08-14,SOLUSDT,38.8355,38.8355,34.5208,34.6318,4.28
2023-08-15,SOLUSDT,34.6318,38.9196,34.3402,38.0945,6.3
2023-08-16,SOLUSDT,38.0945,38.0945,33.9241,35.9335,5.42
2023-08-17,SOLUSDT,35.9335,38.5945,35.9335,36.9664,2.0
2023-08-18,SOLUSDT,36.9664,38.7937,36.5975,38.3989,6.23
2023-08-19,SOLUSDT,38.3989,38.3989,34.8952,36.5848,3.71
2023-08-20,SOLUSDT,36.5848,40.3648,36.5848,39.5555,4.1
2023-08-21,SOLUSDT,39.5555,39.9508,36.7402,39.7169,2.49
2023-08-22,SOLUSDT,39.7169,43.0944,39.7169,41.6592,5.37
2023-08-23,SOLUSDT,41.6592,44.7525,41.6592,43.1082,5.26
2023-08-24,SOLUSDT,43.1082,44.5653,39.2463,43.2647,4.06
2023-08-25,SOLUSDT,43.2647,43.2647,40.645,41.0265,9.32
2023-08-26,SOLUSDT,41.0265,41.0265,34.0261,36.393,6.32
2023-08-27,SOLUSDT,36.393,36.393,33.0136,34.8411,3.63
2023-08-28,SOLUSDT,34.8411,35.5971,34.0257,34.1761,5.45
2023-08-29,SOLUSDT,34.1761,36.7153,34.0383,36.6311,16.73
2023-08-30,SOLUSDT,36.6311,37.0133,35.2577,35.459,3.64
2023-08-31,SOLUSDT,35.459,36.2846,34.4869,34.6066,3.18
2023-09-01,SOLUSDT,34.6066,41.0371,34.6066,37.2003,4.46
2023-09-02,SOLUSDT,37.2003,38.3523,36.3571,37.5121,4.36
2023-09-03,SOLUSDT,37.5121,37.5121,31.8731,33.7322,4.61
2023-09-04,SOLUSDT,33.7322,36.0161,33.7322,34.7953,3.15
2023-09-05,SOLUSDT,34.7953,40.0005,34.7953,36.7206,6.89
2023-09-06,SOLUSDT,36.7206,36.7206,30.3699,35.0982,5.0
2023-09-07,SOLUSDT,35.0982,35.0982,30.3836,31.6357,21.35
2023-09-08,SOLUSDT,31.6357,35.1698,29.4934,33.6286,5.16
2023-09-09,SOLUSDT,33.6286,33.9368,29.367,33.9292,4.89
2023-09-10,SOLUSDT,33.9292,33.9292,26.608,30.5053,8.25
2023-09-11,SOLUSDT,30.5053,32.0704,30.3315,31.0023,2.21
2023-09-12,SOLUSDT,31.0023,33.429,30.0429,32.6775,3.97
2023-09-13,SOLUSDT,32.6775,35.3435,31.2191,32.8322,6.98
2023-09-14,SOLUSDT,32.8322,32.8455,31.3702,32.3114,3.86
2023-09-15,SOLUSDT,32.3114,32.3114,29.6347,30.7858,11.52
2023-09-16,SOLUSDT,30.7858,31.9701,29.8439,30.7706,3.98
2023-09-17,SOLUSDT,30.7706,30.8687,29.2761,30.1094,6.59
2023-09-18,SOLUSDT,30.1094,30.935,23.972,28.0807,8.25
2023-09-19,SOLUSDT,28.0807,29.1457,26.0844,27.8462,8.47
2023-09-20,SOLUSDT,27.8462,29.2128,26.8523,27.4657,4.09
2023-09-21,SOLUSDT,27.4657,27.4657,24.942,25.5615,5.41
2023-09-22,SOLUSDT,25.5615,29.3478,25.4681,27.4717,8.26
2023-09-23,SOLUSDT,27.4717,33.1348,27.4717,29.9887,4.54
2023-09-24,SOLUSDT,29.9887,31.3312,25.5474,28.8789,4.65
2023-09-25,SOLUSDT,28.8789,28.8789,27.3117,28.2649,2.66
2023-09-26,SOLUSDT,28.2649,32.2445,27.9063,29.9746,9.77
2023-09-27,SOLUSDT,29.9746,30.4685,27.1987,29.0236,2.24
2023-09-28,SOLUSDT,29.0236,30.6962,27.3879,29.6664,4.41
2023-09-29,SOLUSDT,29.6664,30.5324,27.7068,28.9736,4.82
2023-09-30,SOLUSDT,28.9736,33.3424,28.208,29.7245,3.27
2023-10-01,SOLUSDT,29.7245,30.0942,28.79,29.5763,4.81
2023-10-02,SOLUSDT,29.5763,29.5763,26.4081,28.2328,13.4
2023-10-03,SOLUSDT,28.2328,30.9986,27.2619,28.4571,4.6
2023-10-04,SOLUSDT,28.4571,29.7837,27.2121,28.7916,10.03
2023-10-05,SOLUSDT,28.7916,28.7916,27.4794,28.4005,9.35
2023-10-06,SOLUSDT,28.4005,28.4005,26.309,27.2329,7.25
2023-10-07,SOLUSDT,27.2329,28.3122,22.3256,26.5364,10.43
2023-10-08,SOLUSDT,26.5364,30.9211,26.5364,29.8249,18.61
2023-10-09,SOLUSDT,29.8249,34.3791,29.8249,33.4899,10.38
2023-10-10,SOLUSDT,33.4899,33.4899,29.449,33.0914,6.24
2023-10-11,SOLUSDT,33.0914,33.0914,29.8317,32.1925,3.04
2023-10-12,SOLUSDT,32.1925,36.2978,30.7126,34.7188,14.24
2023-10-13,SOLUSDT,34.7188,36.2471,34.2555,34.5073,3.79
2023-10-14,SOLUSDT,34.5073,36.8398,34.5073,36.4112,7.31
2023-10-15,SOLUSDT,36.4112,36.7629,33.0644,35.0184,5.2
2023-10-16,SOLUSDT,35.0184,38.0419,34.6628,37.8231,7.3
2023-10-17,SOLUSDT,37.8231,38.8479,34.3193,36.1749,6.17
2023-10-18,SOLUSDT,36.1749,41.1113,36.1749,38.9012,8.38
2023-10-19,SOLUSDT,38.9012,42.1205,38.507,38.656,3.95
2023-10-20,SOLUSDT,38.656,38.656,33.0666,36.0558,1.86
2023-10-21,SOLUSDT,36.0558,40.4588,36.0558,37.995,18.89
2023-10-22,SOLUSDT,37.995,40.6793,37.9296,40.5744,5.86
2023-10-23,SOLUSDT,40.5744,40.5744,30.2426,32.1843,8.14
2023-10-24,SOLUSDT,32.1843,38.4294,32.1843,35.0301,9.51
2023-10-25,SOLUSDT,35.0301,35.7273,35.0301,35.658,3.04
2023-10-26,SOLUSDT,35.658,35.658,27.6896,32.268,7.2
2023-10-27,SOLUSDT,32.268,36.7967,31.2094,33.3875,3.55
2023-10-28,SOLUSDT,33.3875,33.3875,31.957,32.2312,5.29
2023-10-29,SOLUSDT,32.2312,32.2312,28.8899,30.2578,13.37
2023-10-30,SOLUSDT,30.2578,32.275,28.8512,30.8839,9.98
2023-10-31,SOLUSDT,30.8839,37.3225,30.8839,34.7074,13.76
2023-11-01,SOLUSDT,34.7074,37.8118,34.7074,35.5045,5.87
2023-11-02,SOLUSDT,35.5045,38.98,35.5045,37.1448,5.17
2023-11-03,SOLUSDT,37.1448,42.5824,37.1448,40.0596,11.72
2023-11-04,SOLUSDT,40.0596,43.1639,35.4204,38.8667,1.54
2023-11-05,SOLUSDT,38.8667,38.8667,31.2088,35.7201,10.45
2023-11-06,SOLUSDT,35.7201,35.7219,31.9273,33.4529,5.54
2023-11-07,SOLUSDT,33.4529,35.9508,32.4962,32.734,3.62
2023-11-08,SOLUSDT,32.734,33.5159,32.734,33.3619,1.21
2023-11-09,SOLUSDT,33.3619,35.2263,30.7868,33.6986,3.22
2023-11-10,SOLUSDT,33.6986,38.4217,32.3733,35.1419,4.0
2023-11-11,SOLUSDT,35.1419,36.3843,32.3591,34.5432,2.86
2023-11-12,SOLUSDT,34.5432,35.8394,34.5432,35.1593,2.76
2023-11-13,SOLUSDT,35.1593,38.6705,34.5356,36.0951,2.48
2023-11-14,SOLUSDT,36.0951,36.0951,30.7997,34.1322,5.05
2023-11-15,SOLUSDT,34.1322,39.7103,33.6714,36.6183,8.79
2023-11-16,SOLUSDT,36.6183,37.3132,34.0486,35.901,4.32
2023-11-17,SOLUSDT,35.901,41.1172,34.6563,37.7372,7.61
2023-11-18,SOLUSDT,37.7372,41.66,37.7372,40.4032,3.65
2023-11-19,SOLUSDT,40.4032,41.1219,39.0665,41.0819,2.11
2023-11-20,SOLUSDT,41.0819,43.1495,36.6447,40.2737,2.93
2023-11-21,SOLUSDT,40.2737,40.2737,36.4372,37.166,2.82
2023-11-22,SOLUSDT,37.166,37.166,33.7227,34.1127,2.83
2023-11-23,SOLUSDT,34.1127,36.4678,32.4973,35.1193,4.27
2023-11-24,SOLUSDT,35.1193,37.1817,35.1193,36.7476,5.09
2023-11-25,SOLUSDT,36.7476,36.7476,34.2194,34.2573,10.21
2023-11-26,SOLUSDT,34.2573,40.3873,34.2573,36.6026,14.32
2023-11-27,SOLUSDT,36.6026,41.4379,36.6026,38.6835,8.5
2023-11-28,SOLUSDT,38.6835,42.4148,38.6835,39.913,7.6
2023-11-29,SOLUSDT,39.913,40.761,34.8822,39.7657,5.43
2023-11-30,SOLUSDT,39.7657,41.3984,38.4103,40.1354,4.01
2023-12-01,SOLUSDT,40.1354,41.1834,37.0654,39.9067,2.39
2023-12-02,SOLUSDT,39.9067,49.42,39.9067,45.3234,11.76
2023-12-03,SOLUSDT,45.3234,46.3401,44.4785,45.1551,3.93
2023-12-04,SOLUSDT,45.1551,47.8703,44.741,46.2296,6.63
2023-12-05,SOLUSDT,46.2296,51.3927,42.2231,47.9081,2.63
2023-12-06,SOLUSDT,47.9081,52.9403,47.9081,52.5615,13.77
2023-12-07,SOLUSDT,52.5615,52.5615,50.5153,50.9972,4.38
2023-12-08,SOLUSDT,50.9972,53.8107,49.7375,50.6656,3.75
2023-12-09,SOLUSDT,50.6656,55.2651,47.6789,50.8128,1.7
2023-12-10,SOLUSDT,50.8128,62.3813,50.8128,57.2801,19.48
2023-12-11,SOLUSDT,57.2801,61.6143,57.2801,59.0685,3.9
2023-12-12,SOLUSDT,59.0685,66.5729,55.3596,61.7724,4.75
2023-12-13,SOLUSDT,61.7724,61.7724,56.219,60.0805,3.81
2023-12-14,SOLUSDT,60.0805,61.2509,53.848,60.995,1.76
2023-12-15,SOLUSDT,60.995,60.995,55.1137,57.8327,5.83
2023-12-16,SOLUSDT,57.8327,57.8327,51.2454,54.1104,5.76
2023-12-17,SOLUSDT,54.1104,59.0968,54.1104,57.5734,2.88
2023-12-18,SOLUSDT,57.5734,58.8991,57.138,58.1534,3.48
2023-12-19,SOLUSDT,58.1534,69.5712,58.1534,65.2463,5.04
2023-12-20,SOLUSDT,65.2463,79.9804,65.2463,70.9396,12.55
2023-12-21,SOLUSDT,70.9396,76.5932,70.1055,73.3292,1.12
2023-12-22,SOLUSDT,73.3292,74.8918,70.4276,73.4328,1.91
2023-12-23,SOLUSDT,73.4328,82.1771,73.4328,80.6887,5.6
2023-12-24,SOLUSDT,80.6887,85.0777,80.6887,84.9526,2.16
2023-12-25,SOLUSDT,84.9526,99.8681,84.9526,92.0381,3.13
2023-12-26,SOLUSDT,92.0381,109.4734,92.0381,98.4557,3.14
2023-12-27,SOLUSDT,98.4557,98.6934,89.2236,97.2905,1.7
2023-12-28,SOLUSDT,97.2905,97.2905,80.7747,86.8897,4.82
2023-12-29,SOLUSDT,86.8897,88.3496,79.8502,83.0397,2.44
2023-12-30,SOLUSDT,83.0397,87.335,81.1389,83.8695,3.27
2023-12-31,SOLUSDT,83.8695,91.8952,83.8695,90.986,3.99
2024-01-01,SOLUSDT,90.986,90.986,76.6498,79.2417,14.03
2024-01-02,SOLUSDT,79.2417,82.1487,75.231,79.2887,6.09
2024-01-03,SOLUSDT,79.2887,85.68,72.7153,79.2473,3.22
2024-01-04,SOLUSDT,79.2473,80.7207,75.2851,79.1799,1.83
2024-01-05,SOLUSDT,79.1799,87.4296,79.1799,84.3467,6.09
2024-01-06,SOLUSDT,84.3467,93.7559,81.889,90.7641,6.64
2024-01-07,SOLUSDT,90.7641,114.8485,90.7641,106.7388,12.3
2024-01-08,SOLUSDT,106.7388,115.9626,106.367,110.4866,3.42
2024-01-09,SOLUSDT,110.4866,125.6682,110.4866,116.7271,1.67
2024-01-10,SOLUSDT,116.7271,123.0222,113.8284,118.4262,1.83
2024-01-11,SOLUSDT,118.4262,118.4262,114.4336,115.7211,1.45
2024-01-12,SOLUSDT,115.7211,120.6528,111.7419,111.9879,5.46
2024-01-13,SOLUSDT,111.9879,128.2936,111.9879,119.2078,9.3
2024-01-14,SOLUSDT,119.2078,126.2085,109.6611,118.5907,2.11
2024-01-15,SOLUSDT,118.5907,118.5907,95.3326,103.183,13.09
2024-01-16,SOLUSDT,103.183,108.1057,91.7917,105.4389,3.1
2024-01-17,SOLUSDT,105.4389,105.8341,89.6075,96.5923,8.0
2024-01-18,SOLUSDT,96.5923,103.3365,94.7548,102.5391,4.1
2024-01-19,SOLUSDT,102.5391,110.8382,102.5059,102.9319,3.6
2024-01-20,SOLUSDT,102.9319,110.8079,102.9319,109.3972,8.54
2024-01-21,SOLUSDT,109.3972,113.9061,109.3972,111.0998,2.1
2024-01-22,SOLUSDT,111.0998,128.5961,111.0998,125.2974,9.44
2024-01-23,SOLUSDT,125.2974,125.2974,110.712,117.5112,4.22
2024-01-24,SOLUSDT,117.5112,119.9711,117.4961,118.3189,4.2
2024-01-25,SOLUSDT,118.3189,118.3189,103.755,105.7639,4.58
2024-01-26,SOLUSDT,105.7639,112.6631,85.5149,104.2086,3.72
2024-01-27,SOLUSDT,104.2086,111.5019,95.1363,106.0375,2.65
2024-01-28,SOLUSDT,106.0375,119.0276,106.0375,112.3672,2.43
2024-01-29,SOLUSDT,112.3672,116.6615,106.0281,112.3659,1.5
2024-01-30,SOLUSDT,112.3659,118.8373,112.3659,115.9723,2.91
2024-01-31,SOLUSDT,115.9723,115.9723,101.8257,105.2448,4.42
2024-02-01,SOLUSDT,105.2448,113.1237,104.4019,105.2184,2.32
2024-02-02,SOLUSDT,105.2184,111.4867,104.8255,106.3076,3.54
2024-02-03,SOLUSDT,106.3076,114.0438,97.4893,106.0156,5.22
2024-02-04,SOLUSDT,106.0156,106.0156,89.1428,91.8781,18.15
2024-02-05,SOLUSDT,91.8781,103.8181,91.8781,102.2229,9.06
2024-02-06,SOLUSDT,102.2229,105.2432,98.1065,99.5407,3.65
2024-02-07,SOLUSDT,99.5407,99.5407,96.8348,97.7206,4.73
2024-02-08,SOLUSDT,97.7206,109.2562,97.7206,102.4031,7.34
2024-02-09,SOLUSDT,102.4031,102.4031,86.2719,88.4713,15.29
2024-02-10,SOLUSDT,88.4713,92.697,86.7722,92.2808,4.65
2024-02-11,SOLUSDT,92.2808,107.8223,92.2808,100.7603,27.17
2024-02-12,SOLUSDT,100.7603,105.3505,89.9379,100.4215,4.79
2024-02-13,SOLUSDT,100.4215,100.4215,93.4623,95.9144,3.87
2024-02-14,SOLUSDT,95.9144,103.6484,95.4037,96.5566,3.31
2024-02-15,SOLUSDT,96.5566,99.7124,93.0361,96.0605,4.66
2024-02-16,SOLUSDT,96.0605,102.297,95.2185,99.6753,7.05
2024-02-17,SOLUSDT,99.6753,99.6753,89.5267,91.6994,7.59
2024-02-18,SOLUSDT,91.6994,91.6994,84.3943,89.5934,4.57
2024-02-19,SOLUSDT,89.5934,89.5934,76.2239,78.2281,24.39
2024-02-20,SOLUSDT,78.2281,86.35,78.2281,81.1777,6.73
2024-02-21,SOLUSDT,81.1777,81.1777,65.8077,73.5143,16.38
2024-02-22,SOLUSDT,73.5143,83.159,73.5143,77.2007,9.57
2024-02-23,SOLUSDT,77.2007,83.1564,75.5265,76.4819,2.58
2024-02-24,SOLUSDT,76.4819,92.2078,76.4819,83.4248,5.48
2024-02-25,SOLUSDT,83.4248,83.4248,72.7271,80.2505,7.01
2024-02-26,SOLUSDT,80.2505,83.5863,77.4746,81.8004,5.54
2024-02-27,SOLUSDT,81.8004,94.6045,81.8004,86.9101,6.95
2024-02-28,SOLUSDT,86.9101,99.3123,86.9101,94.4344,4.72
2024-02-29,SOLUSDT,94.4344,106.1682,93.1281,96.6679,5.53
2024-03-01,SOLUSDT,96.6679,102.5525,96.6679,101.169,3.21
2024-03-02,SOLUSDT,101.169,125.9624,101.169,113.9233,26.68
2024-03-03,SOLUSDT,113.9233,126.1984,113.3901,118.3408,3.98
2024-03-04,SOLUSDT,118.3408,120.924,117.1042,120.7874,4.0
2024-03-05,SOLUSDT,120.7874,148.6697,120.7874,130.5886,3.53
2024-03-06,SOLUSDT,130.5886,130.5886,116.8912,122.0514,3.29
2024-03-07,SOLUSDT,122.0514,122.0514,107.7011,112.4754,6.79
2024-03-08,SOLUSDT,112.4754,112.4754,80.3797,82.4161,51.59
2024-03-09,SOLUSDT,82.4161,82.4161,74.1236,76.0667,5.4
2024-03-10,SOLUSDT,76.0667,87.664,76.0667,79.9139,6.92
2024-03-11,SOLUSDT,79.9139,147.3669,79.9139,135.3187,10.96
2024-03-12,SOLUSDT,135.3187,140.1604,133.46,135.9624,4.51
2024-03-13,SOLUSDT,135.9624,146.1485,133.1631,143.0688,1.32
2024-03-14,SOLUSDT,143.0688,143.0688,132.6789,136.7065,1.62
2024-03-15,SOLUSDT,136.7065,140.0015,130.5857,136.6341,1.53
2024-03-16,SOLUSDT,136.6341,144.4277,131.7865,138.3458,2.03
2024-03-17,SOLUSDT,138.3458,145.2579,136.9461,139.6647,3.04
2024-03-18,SOLUSDT,139.6647,154.4954,134.6411,148.2681,3.35
2024-03-19,SOLUSDT,148.2681,148.2681,124.0625,140.2153,2.79
2024-03-20,SOLUSDT,140.2153,145.0871,140.2153,143.841,2.75
2024-03-21,SOLUSDT,143.841,143.841,125.8793,136.3877,8.5
2024-03-22,SOLUSDT,136.3877,137.3306,135.7534,137.1629,3.31
2024-03-23,SOLUSDT,137.1629,145.2503,134.762,139.8973,1.31
2024-03-24,SOLUSDT,139.8973,139.8973,124.1031,125.5195,4.63
2024-03-25,SOLUSDT,125.5195,125.5195,113.3151,117.1159,10.13
2024-03-26,SOLUSDT,117.1159,129.8719,117.1159,119.8856,3.97
2024-03-27,SOLUSDT,119.8856,139.167,119.8856,135.4181,2.45
2024-03-28,SOLUSDT,135.4181,165.8434,135.4181,158.9235,3.84
2024-03-29,SOLUSDT,158.9235,159.2231,147.2528,158.8126,2.94
2024-03-30,SOLUSDT,158.8126,172.663,158.8126,168.6229,6.32
2024-03-31,SOLUSDT,168.6229,176.3233,164.6625,172.6912,1.18
2024-04-01,SOLUSDT,172.6912,184.1457,170.6683,174.2508,1.51
2024-04-02,SOLUSDT,174.2508,175.878,172.4602,175.5798,2.47
2024-04-03,SOLUSDT,175.5798,177.91,163.9054,170.4041,1.67
2024-04-04,SOLUSDT,170.4041,200.0774,166.4317,182.6168,3.29
2024-04-05,SOLUSDT,182.6168,183.2351,160.6158,176.845,3.06
2024-04-06,SOLUSDT,176.845,189.0133,176.845,188.7243,5.37
2024-04-07,SOLUSDT,188.7243,207.9499,187.1581,195.3666,6.26
2024-04-08,SOLUSDT,195.3666,195.3666,175.9509,185.4782,3.43
2024-04-09,SOLUSDT,185.4782,190.0852,165.0001,176.5516,4.54
2024-04-10,SOLUSDT,176.5516,181.0812,173.2187,175.1777,2.21
2024-04-11,SOLUSDT,175.1777,175.1777,161.0507,169.8661,8.51
2024-04-12,SOLUSDT,169.8661,169.8661,157.8399,162.0822,4.44
2024-04-13,SOLUSDT,162.0822,162.0822,116.2761,128.6842,83.88
2024-04-14,SOLUSDT,128.6842,129.3332,127.3288,128.583,3.68
2024-04-15,SOLUSDT,128.583,136.9596,126.5082,130.404,1.98
2024-04-16,SOLUSDT,130.404,133.0824,126.9539,128.9866,3.8
2024-04-17,SOLUSDT,128.9866,131.4407,125.2973,129.992,5.21
2024-04-18,SOLUSDT,129.992,129.992,110.9413,122.2018,1.66
2024-04-19,SOLUSDT,122.2018,122.2018,111.7863,112.5092,12.31
2024-04-20,SOLUSDT,112.5092,205.8123,112.5092,202.9083,6.14
2024-04-21,SOLUSDT,202.9083,202.9083,181.2673,185.6603,8.32
2024-04-22,SOLUSDT,185.6603,195.4999,181.6633,194.9096,2.39
2024-04-23,SOLUSDT,194.9096,199.5927,186.205,190.537,3.06
2024-04-24,SOLUSDT,190.537,190.537,174.5027,176.2024,6.77
2024-04-25,SOLUSDT,176.2024,198.4657,171.789,189.9806,12.37
2024-04-26,SOLUSDT,189.9806,202.7397,160.962,179.4063,8.8
2024-04-27,SOLUSDT,179.4063,198.346,179.4063,198.1616,5.44
2024-04-28,SOLUSDT,198.1616,212.2581,188.2669,203.4505,1.34
2024-04-29,SOLUSDT,203.4505,206.2289,187.5896,196.5827,3.04
2024-04-30,SOLUSDT,196.5827,196.5827,157.2327,181.5576,2.97
2024-05-01,SOLUSDT,181.5576,185.0558,164.0805,182.3836,5.0
2024-05-02,SOLUSDT,182.3836,186.1726,168.9476,175.8848,1.51
2024-05-03,SOLUSDT,175.8848,180.0149,165.08,169.2941,3.32
2024-05-04,SOLUSDT,169.2941,182.34,169.2941,181.3408,4.11
2024-05-05,SOLUSDT,181.3408,189.3534,175.6587,182.7463,0.94
2024-05-06,SOLUSDT,182.7463,182.7463,157.8091,168.1776,2.0
2024-05-07,SOLUSDT,168.1776,179.1578,167.469,170.6729,2.98
2024-05-08,SOLUSDT,170.6729,187.5089,167.9644,170.7519,2.0
2024-05-09,SOLUSDT,170.7519,176.1792,153.3159,159.4788,2.06
2024-05-10,SOLUSDT,159.4788,159.4788,146.9848,149.6245,3.14
2024-05-11,SOLUSDT,149.6245,153.7122,149.6245,152.7055,4.53
2024-05-12,SOLUSDT,152.7055,164.3018,145.8944,151.4119,5.31
2024-05-13,SOLUSDT,151.4119,160.4479,148.8824,153.1236,1.4
2024-05-14,SOLUSDT,153.1236,153.1236,136.1651,141.5923,1.45
2024-05-15,SOLUSDT,141.5923,143.6558,135.8452,141.2715,1.64
2024-05-16,SOLUSDT,141.2715,146.6197,137.9163,142.6045,1.72
2024-05-17,SOLUSDT,142.6045,149.5996,134.0108,147.9393,1.71
2024-05-18,SOLUSDT,147.9393,160.3839,147.9393,159.6677,2.04
2024-05-19,SOLUSDT,159.6677,178.1807,159.6677,167.9538,5.14
2024-05-20,SOLUSDT,167.9538,194.8874,167.9538,187.667,5.36
2024-05-21,SOLUSDT,187.667,187.667,183.4014,183.9964,0.95
2024-05-22,SOLUSDT,183.9964,188.9222,183.9964,187.3147,2.62
2024-05-23,SOLUSDT,187.3147,190.3021,178.8921,186.1322,2.71
2024-05-24,SOLUSDT,186.1322,186.1322,177.0814,182.3481,3.33
2024-05-25,SOLUSDT,182.3481,182.3536,172.1818,173.0557,1.36
2024-05-26,SOLUSDT,173.0557,177.2838,168.2138,169.3242,1.74
2024-05-27,SOLUSDT,169.3242,169.6067,155.3647,167.2438,2.06
2024-05-28,SOLUSDT,167.2438,167.2438,151.8229,160.105,7.63
2024-05-29,SOLUSDT,160.105,175.8096,160.105,171.4083,2.72
2024-05-30,SOLUSDT,171.4083,171.4083,155.6486,163.4995,4.41
2024-05-31,SOLUSDT,163.4995,178.0916,162.3394,162.77,1.67
2024-06-01,SOLUSDT,162.77,163.3186,152.3549,154.3668,3.31
2024-06-02,SOLUSDT,154.3668,164.9106,149.1542,160.1976,5.76
2024-06-03,SOLUSDT,160.1976,168.3899,154.3647,161.367,1.41
2024-06-04,SOLUSDT,161.367,174.6921,156.797,166.6589,1.72
2024-06-05,SOLUSDT,166.6589,166.6589,145.0684,158.1125,2.88
2024-06-06,SOLUSDT,158.1125,158.5541,146.586,153.2856,1.92
2024-06-07,SOLUSDT,153.2856,156.6354,153.2856,155.4162,1.82
2024-06-08,SOLUSDT,155.4162,169.6688,155.4162,168.478,4.2
2024-06-09,SOLUSDT,168.478,183.5001,152.6842,162.8404,2.26
2024-06-10,SOLUSDT,162.8404,196.0105,162.8404,192.679,5.83
2024-06-11,SOLUSDT,192.679,205.9623,192.679,203.9067,6.12
2024-06-12,SOLUSDT,203.9067,227.0806,203.9067,222.5661,2.52
2024-06-13,SOLUSDT,222.5661,237.9879,222.469,223.9607,1.4
2024-06-14,SOLUSDT,223.9607,232.7951,221.844,231.0286,1.91
2024-06-15,SOLUSDT,231.0286,231.0286,211.4538,212.3864,6.09
2024-06-16,SOLUSDT,212.3864,221.6201,209.8103,219.4794,2.93
2024-06-17,SOLUSDT,219.4794,236.8699,219.4794,234.5209,5.79
2024-06-18,SOLUSDT,234.5209,251.427,225.4172,233.4867,2.1
2024-06-19,SOLUSDT,233.4867,236.5104,212.7977,219.9346,6.41
2024-06-20,SOLUSDT,219.9346,219.9346,199.1292,201.8001,5.13
2024-06-21,SOLUSDT,201.8001,203.6428,186.4155,197.3387,2.47
2024-06-22,SOLUSDT,197.3387,211.8224,176.1067,190.2067,3.71
2024-06-23,SOLUSDT,190.2067,197.9282,182.0097,191.2684,1.19
2024-06-24,SOLUSDT,191.2684,191.2684,185.5728,188.085,2.3
2024-06-25,SOLUSDT,188.085,188.085,173.4847,178.4418,1.87
2024-06-26,SOLUSDT,178.4418,211.5381,178.4418,203.2657,4.76
2024-06-27,SOLUSDT,203.2657,232.5705,200.9641,220.2372,3.01
2024-06-28,SOLUSDT,220.2372,248.2548,220.2372,236.0881,5.78
2024-06-29,SOLUSDT,236.0881,274.6384,236.0881,268.2434,1.84
2024-06-30,SOLUSDT,268.2434,308.1793,268.2434,297.7472,7.81
2024-07-01,SOLUSDT,297.7472,302.8357,290.8949,292.8621,0.86
2024-07-02,SOLUSDT,292.8621,297.8298,241.0803,274.4267,2.1
2024-07-03,SOLUSDT,274.4267,298.5488,270.9197,282.084,1.62
2024-07-04,SOLUSDT,282.084,282.084,251.7372,261.7742,2.69
2024-07-05,SOLUSDT,261.7742,290.587,253.3361,267.3791,2.53
2024-07-06,SOLUSDT,267.3791,267.3791,242.8569,254.6874,2.25
2024-07-07,SOLUSDT,254.6874,256.9989,248.5575,250.8064,1.19
2024-07-08,SOLUSDT,250.8064,271.05,250.8064,265.0208,1.46
2024-07-09,SOLUSDT,265.0208,285.1177,236.4427,267.3499,1.21
2024-07-10,SOLUSDT,267.3499,281.8648,250.3984,267.2629,2.53
2024-07-11,SOLUSDT,267.2629,302.6423,252.452,286.3313,2.45
2024-07-12,SOLUSDT,286.3313,330.8474,254.5785,282.1693,0.72
2024-07-13,SOLUSDT,282.1693,323.061,282.1693,311.4557,4.88
2024-07-14,SOLUSDT,311.4557,311.5046,306.1639,309.1889,1.41
2024-07-15,SOLUSDT,309.1889,357.8887,309.1889,339.6474,4.94
2024-07-16,SOLUSDT,339.6474,343.3694,322.1802,342.9595,8.18
2024-07-17,SOLUSDT,342.9595,382.0332,342.9595,367.1318,3.22
2024-07-18,SOLUSDT,367.1318,421.9947,367.1318,379.3094,2.92
2024-07-19,SOLUSDT,379.3094,385.975,366.7025,373.2471,6.05
2024-07-20,SOLUSDT,373.2471,373.2471,355.2898,356.7066,3.92
2024-07-21,SOLUSDT,356.7066,382.0785,333.6656,334.4111,1.87
2024-07-22,SOLUSDT,334.4111,356.0421,328.4221,343.438,1.24
2024-07-23,SOLUSDT,343.438,343.438,279.5726,291.3835,4.52
2024-07-24,SOLUSDT,291.3835,301.8198,285.6754,286.1165,3.87
2024-07-25,SOLUSDT,286.1165,313.3338,286.1165,298.0877,2.77
2024-07-26,SOLUSDT,298.0877,343.3567,298.0877,336.6309,4.74
2024-07-27,SOLUSDT,336.6309,374.9277,330.4442,345.7682,3.98
2024-07-28,SOLUSDT,345.7682,365.1972,345.2083,348.0461,1.22
2024-07-29,SOLUSDT,348.0461,368.2655,326.6389,351.1203,1.94
2024-07-30,SOLUSDT,351.1203,368.8135,328.5359,343.4852,3.76
2024-07-31,SOLUSDT,343.4852,363.9494,326.8464,350.7956,2.64
2024-08-01,SOLUSDT,350.7956,362.429,313.9048,341.4063,1.66
2024-08-02,SOLUSDT,341.4063,341.4063,322.4077,328.1488,2.0
2024-08-03,SOLUSDT,328.1488,371.7376,313.4561,324.1015,3.59
2024-08-04,SOLUSDT,324.1015,324.1015,282.7026,310.4648,3.56
2024-08-05,SOLUSDT,310.4648,310.4648,295.3638,300.1826,3.04
2024-08-06,SOLUSDT,300.1826,305.719,283.539,288.3496,3.93
2024-08-07,SOLUSDT,288.3496,288.4454,245.2518,279.8541,2.4
2024-08-08,SOLUSDT,279.8541,280.1136,272.9676,276.5609,3.14
2024-08-09,SOLUSDT,276.5609,337.1263,276.5609,302.5034,8.15
2024-08-10,SOLUSDT,302.5034,302.5034,284.3393,294.8438,3.51
2024-08-11,SOLUSDT,294.8438,294.8438,272.9517,288.5007,5.3
2024-08-12,SOLUSDT,288.5007,308.9702,277.5987,287.1722,3.67
2024-08-13,SOLUSDT,287.1722,287.1722,250.959,270.9419,2.57
2024-08-14,SOLUSDT,270.9419,270.9419,257.6453,263.9839,3.27
2024-08-15,SOLUSDT,263.9839,310.3454,263.9839,282.3067,4.97
2024-08-16,SOLUSDT,282.3067,297.2811,282.3067,291.233,4.39
2024-08-17,SOLUSDT,291.233,291.233,245.2408,278.9605,4.31
2024-08-18,SOLUSDT,278.9605,278.9605,263.0272,265.725,2.98
2024-08-19,SOLUSDT,265.725,265.725,253.2962,253.4837,2.42
2024-08-20,SOLUSDT,253.4837,294.3445,253.4837,292.1424,6.08
2024-08-21,SOLUSDT,292.1424,292.1424,268.4461,277.9999,3.38
2024-08-22,SOLUSDT,277.9999,278.919,249.0849,273.0088,2.22
2024-08-23,SOLUSDT,273.0088,285.4652,265.0314,275.8443,0.64
2024-08-24,SOLUSDT,275.8443,285.5147,243.6045,276.7281,0.98
2024-08-25,SOLUSDT,276.7281,276.7281,220.882,232.6778,5.39
2024-08-26,SOLUSDT,232.6778,265.2642,232.6778,244.7054,4.89
2024-08-27,SOLUSDT,244.7054,244.7054,209.3564,215.6752,5.23
2024-08-28,SOLUSDT,215.6752,222.3072,190.9414,211.6357,1.63
2024-08-29,SOLUSDT,211.6357,215.4943,193.3778,202.2309,1.96
2024-08-30,SOLUSDT,202.2309,213.8384,195.1858,199.7148,3.59
2024-08-31,SOLUSDT,199.7148,209.4331,187.252,198.9867,2.79
2024-09-01,SOLUSDT,198.9867,198.9867,183.6407,190.0951,2.98
2024-09-02,SOLUSDT,190.0951,224.9042,190.0951,202.8834,2.5
2024-09-03,SOLUSDT,202.8834,217.9237,202.8834,207.4775,2.83
2024-09-04,SOLUSDT,207.4775,242.4198,193.9374,226.2531,4.54
2024-09-05,SOLUSDT,226.2531,246.0913,224.109,226.2807,2.16
2024-09-06,SOLUSDT,226.2807,247.6137,226.2807,234.8162,4.25
2024-09-07,SOLUSDT,234.8162,258.0052,234.8162,247.2718,6.62
2024-09-08,SOLUSDT,247.2718,269.514,241.0884,252.5837,1.86
2024-09-09,SOLUSDT,252.5837,261.463,216.6727,240.8163,1.7
2024-09-10,SOLUSDT,240.8163,244.2986,228.0828,233.9494,3.27
2024-09-11,SOLUSDT,233.9494,233.9494,214.1225,229.6655,1.26
2024-09-12,SOLUSDT,229.6655,270.4635,222.7027,240.9558,11.94
2024-09-13,SOLUSDT,240.9558,278.6768,240.9558,266.089,3.51
2024-09-14,SOLUSDT,266.089,275.6569,254.86,265.754,1.97
2024-09-15,SOLUSDT,265.754,292.5519,260.2811,281.8758,1.78
2024-09-16,SOLUSDT,281.8758,281.8758,226.5676,254.8391,7.96
2024-09-17,SOLUSDT,254.8391,298.2747,254.8391,265.4378,1.11
2024-09-18,SOLUSDT,265.4378,267.1049,222.5201,255.0968,3.81
2024-09-19,SOLUSDT,255.0968,267.7279,242.4114,247.4556,0.66
2024-09-20,SOLUSDT,247.4556,276.3495,238.0968,263.9953,4.75
2024-09-21,SOLUSDT,263.9953,263.9953,252.6973,253.1818,2.33
2024-09-22,SOLUSDT,253.1818,263.4351,251.1614,262.0787,3.65
2024-09-23,SOLUSDT,262.0787,272.0127,262.0787,268.7024,4.77
2024-09-24,SOLUSDT,268.7024,279.7504,260.7758,268.6777,5.62
2024-09-25,SOLUSDT,268.6777,268.6777,230.219,245.886,7.23
2024-09-26,SOLUSDT,245.886,251.9563,230.9324,241.7627,2.6
2024-09-27,SOLUSDT,241.7627,280.062,241.7627,249.3315,4.61
2024-09-28,SOLUSDT,249.3315,289.8863,249.3315,274.301,7.65
2024-09-29,SOLUSDT,274.301,274.301,255.7728,256.0645,5.37
2024-09-30,SOLUSDT,256.0645,275.2805,256.0645,270.3235,8.29
2024-10-01,SOLUSDT,270.3235,284.4932,264.6442,266.9749,2.11
2024-10-02,SOLUSDT,266.9749,266.9749,235.0039,245.1872,4.52
2024-10-03,SOLUSDT,245.1872,245.1872,208.3998,238.5224,2.22
2024-10-04,SOLUSDT,238.5224,238.5224,196.1009,219.16,4.99
2024-10-05,SOLUSDT,219.16,219.16,206.039,208.6952,5.22
2024-10-06,SOLUSDT,208.6952,217.6524,205.0753,214.6762,1.71
2024-10-07,SOLUSDT,214.6762,227.0527,212.6138,218.7429,1.32
2024-10-08,SOLUSDT,218.7429,234.5217,211.2952,222.4386,0.84
2024-10-09,SOLUSDT,222.4386,222.4386,193.0124,204.8028,3.1
2024-10-10,SOLUSDT,204.8028,246.379,204.8028,225.1485,9.94
2024-10-11,SOLUSDT,225.1485,255.6656,211.7963,225.7433,4.0
2024-10-12,SOLUSDT,225.7433,241.0479,217.2128,231.8651,1.77
2024-10-13,SOLUSDT,231.8651,241.0759,226.7231,239.1908,3.04
2024-10-14,SOLUSDT,239.1908,239.1908,221.5404,231.1175,2.77
2024-10-15,SOLUSDT,231.1175,267.056,231.1175,235.0777,1.29
2024-10-16,SOLUSDT,235.0777,244.7782,229.5868,234.3157,3.87
2024-10-17,SOLUSDT,234.3157,234.3157,211.2901,228.297,6.13
2024-10-18,SOLUSDT,228.297,267.0965,218.3774,233.9444,1.27
2024-10-19,SOLUSDT,233.9444,244.3122,233.9444,238.3794,4.42
2024-10-20,SOLUSDT,238.3794,253.2635,228.1825,244.6693,2.83
2024-10-21,SOLUSDT,244.6693,244.6693,222.3505,242.58,2.5
2024-10-22,SOLUSDT,242.58,273.0798,232.3713,256.0398,2.8
2024-10-23,SOLUSDT,256.0398,277.2456,256.0398,271.0078,3.35
2024-10-24,SOLUSDT,271.0078,288.3634,259.6445,273.1929,1.96
2024-10-25,SOLUSDT,273.1929,298.765,273.1929,297.6585,3.44
2024-10-26,SOLUSDT,297.6585,355.1273,296.4491,316.5795,4.74
2024-10-27,SOLUSDT,316.5795,316.5795,266.6387,289.8113,1.81
2024-10-28,SOLUSDT,289.8113,289.8113,255.9842,271.5495,3.85
2024-10-29,SOLUSDT,271.5495,319.0126,271.5495,296.8164,8.64
2024-10-30,SOLUSDT,296.8164,312.4442,277.3111,299.4031,1.14
2024-10-31,SOLUSDT,299.4031,334.0833,299.4031,314.6947,2.09
2024-11-01,SOLUSDT,314.6947,330.5013,314.6947,329.1236,1.12
2024-11-02,SOLUSDT,329.1236,348.5967,323.8287,328.0935,2.11
2024-11-03,SOLUSDT,328.0935,363.385,328.0935,338.0018,3.17
2024-11-04,SOLUSDT,338.0018,344.8497,325.176,336.5045,1.02
2024-11-05,SOLUSDT,336.5045,375.5832,332.9037,352.2116,2.89
2024-11-06,SOLUSDT,352.2116,366.7916,352.2116,363.7192,3.96
2024-11-07,SOLUSDT,363.7192,363.7192,352.2481,354.7783,2.66
2024-11-08,SOLUSDT,354.7783,354.7783,326.7515,340.7893,0.99
2024-11-09,SOLUSDT,340.7893,421.6404,340.7893,403.0489,2.62
2024-11-10,SOLUSDT,403.0489,425.2048,403.0489,423.0548,2.36
2024-11-11,SOLUSDT,423.0548,423.0548,321.2357,383.1542,4.22
2024-11-12,SOLUSDT,383.1542,435.2317,367.0732,410.5399,1.75
2024-11-13,SOLUSDT,410.5399,436.7258,406.9782,432.7577,1.73
2024-11-14,SOLUSDT,432.7577,432.7577,403.8793,415.3916,1.09
2024-11-15,SOLUSDT,415.3916,429.4737,336.9651,384.5188,4.77
2024-11-16,SOLUSDT,384.5188,384.8668,373.5262,375.3731,1.6
2024-11-17,SOLUSDT,375.3731,413.5014,375.3731,402.0097,1.64
2024-11-18,SOLUSDT,402.0097,431.2375,386.2768,420.5134,2.07
2024-11-19,SOLUSDT,420.5134,474.3742,420.5134,443.714,1.96
2024-11-20,SOLUSDT,443.714,508.4288,443.714,458.6434,1.43
2024-11-21,SOLUSDT,458.6434,520.9854,458.6434,512.3773,6.55
2024-11-22,SOLUSDT,512.3773,521.7733,466.8942,503.9432,1.01
2024-11-23,SOLUSDT,503.9432,606.0731,503.9432,582.9526,2.92
2024-11-24,SOLUSDT,582.9526,660.1168,582.9526,639.7288,4.0
2024-11-25,SOLUSDT,639.7288,699.8165,639.7288,662.6013,1.43
2024-11-26,SOLUSDT,662.6013,662.6013,557.2974,586.1273,4.67
2024-11-27,SOLUSDT,586.1273,601.9209,543.1635,587.1168,0.77
2024-11-28,SOLUSDT,587.1168,639.3211,587.1168,589.3706,0.9
2024-11-29,SOLUSDT,589.3706,589.3706,501.9311,529.5272,1.56
2024-11-30,SOLUSDT,529.5272,593.0116,529.5272,554.8121,1.4
2024-12-01,SOLUSDT,554.8121,570.4496,535.8818,545.0571,0.69
2024-12-02,SOLUSDT,545.0571,609.6797,520.4335,537.5109,0.93
2024-12-03,SOLUSDT,537.5109,539.1188,512.921,526.4861,1.18
2024-12-04,SOLUSDT,526.4861,545.8019,487.1784,498.5239,2.01
2024-12-05,SOLUSDT,498.5239,498.5239,467.2119,476.8939,2.99
2024-12-06,SOLUSDT,476.8939,476.8939,379.625,403.2673,5.37
2024-12-07,SOLUSDT,403.2673,453.8532,403.2673,430.7938,2.2
2024-12-08,SOLUSDT,430.7938,468.1797,423.9865,435.5357,1.25
2024-12-09,SOLUSDT,435.5357,443.9987,414.9735,433.3083,1.44
2024-12-10,SOLUSDT,433.3083,433.3083,391.8843,414.4646,1.46
2024-12-11,SOLUSDT,414.4646,477.3263,414.4646,464.4119,3.42
2024-12-12,SOLUSDT,464.4119,467.2541,420.6691,448.8481,1.27
2024-12-13,SOLUSDT,448.8481,448.8481,411.2052,427.1703,1.4
2024-12-14,SOLUSDT,427.1703,462.5737,388.3157,413.2233,1.85
2024-12-15,SOLUSDT,413.2233,424.1545,388.4868,390.8893,1.24
2024-12-16,SOLUSDT,390.8893,413.2602,390.8265,396.6482,2.76
2024-12-17,SOLUSDT,396.6482,396.6482,331.6931,369.7685,1.76
2024-12-18,SOLUSDT,369.7685,455.3639,369.7685,441.0004,0.96
2024-12-19,SOLUSDT,441.0004,445.8127,413.6839,442.4724,0.82
2024-12-20,SOLUSDT,442.4724,495.1498,442.4724,489.7892,0.86
2024-12-21,SOLUSDT,489.7892,489.7892,401.8073,432.1436,1.96
2024-12-22,SOLUSDT,432.1436,432.1436,364.2441,425.2924,1.5
2024-12-23,SOLUSDT,425.2924,474.7342,425.2924,432.7475,3.45
2024-12-24,SOLUSDT,432.7475,446.8667,432.7475,445.1725,2.25
2024-12-25,SOLUSDT,445.1725,494.543,436.6695,486.5595,2.63
2024-12-26,SOLUSDT,486.5595,512.6932,461.917,491.4494,2.54
2024-12-27,SOLUSDT,491.4494,599.6809,491.4494,537.5803,1.63
2024-12-28,SOLUSDT,537.5803,551.3228,524.3373,531.9718,1.04
2024-12-29,SOLUSDT,531.9718,536.3666,490.3672,516.7688,1.96
2024-12-30,SOLUSDT,516.7688,516.7688,470.85,474.8473,8.46
2024-12-31,SOLUSDT,474.8473,474.8473,445.6526,447.7926,1.71
2025-01-01,SOLUSDT,447.7926,533.947,447.7926,506.0784,2.64
2025-01-02,SOLUSDT,506.0784,525.1856,487.7554,510.1553,0.71
2025-01-03,SOLUSDT,510.1553,510.1553,437.9173,470.4643,2.65
2025-01-04,SOLUSDT,470.4643,470.4643,383.0287,387.078,5.63
2025-01-05,SOLUSDT,387.078,409.6385,371.3988,385.421,1.41
2025-01-06,SOLUSDT,385.421,385.421,362.387,377.0186,1.01
2025-01-07,SOLUSDT,377.0186,398.4394,348.5984,379.4314,2.13
2025-01-08,SOLUSDT,379.4314,421.7535,379.4314,405.393,3.06
2025-01-09,SOLUSDT,405.393,446.9946,375.0728,384.5901,1.43
2025-01-10,SOLUSDT,384.5901,412.7533,378.866,387.262,1.49
2025-01-11,SOLUSDT,387.262,404.6345,385.6772,389.9488,2.8
2025-01-12,SOLUSDT,389.9488,413.4557,387.6772,399.032,2.83
2025-01-13,SOLUSDT,399.032,399.032,305.8838,332.7442,12.54
2025-01-14,SOLUSDT,332.7442,332.7442,286.2514,294.9206,3.17
2025-01-15,SOLUSDT,294.9206,322.7046,294.9206,321.6901,8.05
2025-01-16,SOLUSDT,321.6901,331.0695,284.4833,299.3516,2.37
2025-01-17,SOLUSDT,299.3516,340.5204,299.3516,314.5964,3.24
2025-01-18,SOLUSDT,314.5964,324.9995,281.8124,318.4522,0.69
2025-01-19,SOLUSDT,318.4522,341.7247,301.4758,340.8639,4.16
2025-01-20,SOLUSDT,340.8639,375.3388,327.5519,349.1083,4.22
2025-01-21,SOLUSDT,349.1083,373.4391,305.4824,346.2542,0.89
2025-01-22,SOLUSDT,346.2542,354.4342,341.4901,349.7458,1.52
2025-01-23,SOLUSDT,349.7458,395.009,349.7458,375.5393,1.11
2025-01-24,SOLUSDT,375.5393,383.255,350.0281,377.2852,3.37
2025-01-25,SOLUSDT,377.2852,391.8787,354.1472,365.2895,1.85
2025-01-26,SOLUSDT,365.2895,372.2249,357.4744,359.5966,1.39
2025-01-27,SOLUSDT,359.5966,359.5966,299.4923,315.3204,7.87
2025-01-28,SOLUSDT,315.3204,363.1563,315.3204,362.8762,5.55
2025-01-29,SOLUSDT,362.8762,414.202,362.6059,380.015,2.65
2025-01-30,SOLUSDT,380.015,394.0153,325.4218,391.3745,4.0
2025-01-31,SOLUSDT,391.3745,464.5255,391.3745,418.2986,0.88
2025-02-01,SOLUSDT,418.2986,453.5842,411.7003,429.1432,1.1
2025-02-02,SOLUSDT,429.1432,465.6662,429.1432,443.6091,1.26
2025-02-03,SOLUSDT,443.6091,443.6091,400.8247,413.7062,7.24
2025-02-04,SOLUSDT,413.7062,480.3609,413.7062,468.6785,4.89
2025-02-05,SOLUSDT,468.6785,468.6785,414.9033,440.2234,2.71
2025-02-06,SOLUSDT,440.2234,518.899,440.2234,467.2857,1.99
2025-02-07,SOLUSDT,467.2857,492.3843,445.2035,472.7602,2.4
2025-02-08,SOLUSDT,472.7602,472.7602,392.5845,406.1982,7.15
2025-02-09,SOLUSDT,406.1982,406.1982,354.0173,383.2418,1.32
2025-02-10,SOLUSDT,383.2418,400.6707,383.2418,396.7873,4.03
2025-02-11,SOLUSDT,396.7873,396.7873,372.9865,394.1061,0.76
2025-02-12,SOLUSDT,394.1061,411.4084,390.9818,393.8161,1.04
2025-02-13,SOLUSDT,393.8161,429.5539,393.8161,410.7093,4.23
2025-02-14,SOLUSDT,410.7093,432.3574,410.7093,419.177,0.87
2025-02-15,SOLUSDT,419.177,443.7046,407.1952,433.0399,2.63
2025-02-16,SOLUSDT,433.0399,491.2935,428.7784,441.1265,1.49
2025-02-17,SOLUSDT,441.1265,448.054,423.4131,440.4141,0.78
2025-02-18,SOLUSDT,440.4141,489.7106,440.4141,459.9374,6.07
2025-02-19,SOLUSDT,459.9374,459.9374,399.6134,441.8055,3.77
2025-02-20,SOLUSDT,441.8055,443.6145,397.6684,428.9355,2.55
2025-02-21,SOLUSDT,428.9355,460.8502,406.8081,446.2887,1.04
2025-02-22,SOLUSDT,446.2887,446.2887,403.7385,437.9752,1.16
2025-02-23,SOLUSDT,437.9752,461.5043,422.3008,433.0298,1.28
2025-02-24,SOLUSDT,433.0298,433.3076,393.5731,415.8495,2.28
2025-02-25,SOLUSDT,415.8495,437.6716,369.3653,404.3567,0.81
2025-02-26,SOLUSDT,404.3567,431.2269,404.3567,419.3199,3.36
2025-02-27,SOLUSDT,419.3199,451.181,417.9643,441.9771,2.44
2025-02-28,SOLUSDT,441.9771,451.2784,416.9455,428.3408,1.04
2025-03-01,SOLUSDT,428.3408,491.0722,428.3408,465.5645,2.9
2025-03-02,SOLUSDT,465.5645,465.5645,386.7866,417.9425,2.53
2025-03-03,SOLUSDT,417.9425,488.1208,417.9425,452.3742,3.73
2025-03-04,SOLUSDT,452.3742,452.3742,417.3369,428.3184,1.88
2025-03-05,SOLUSDT,428.3184,454.8949,426.6838,438.1443,0.61
2025-03-06,SOLUSDT,438.1443,438.1443,365.3988,382.5622,4.88
2025-03-07,SOLUSDT,382.5622,396.5586,352.2326,357.0813,3.42
2025-03-08,SOLUSDT,357.0813,372.9539,357.0813,363.9757,1.97
2025-03-09,SOLUSDT,363.9757,410.503,358.9349,361.9122,1.0
2025-03-10,SOLUSDT,361.9122,361.9122,329.0202,338.5253,3.54
2025-03-11,SOLUSDT,338.5253,377.8381,338.2045,354.4606,4.39
2025-03-12,SOLUSDT,354.4606,433.3138,354.4606,399.9379,5.78
2025-03-13,SOLUSDT,399.9379,458.6266,399.9379,424.208,0.47
2025-03-14,SOLUSDT,424.208,460.9895,424.208,442.5623,2.75
2025-03-15,SOLUSDT,442.5623,496.8715,439.4883,491.7732,9.32
2025-03-16,SOLUSDT,491.7732,491.7732,437.3853,438.9696,3.34
2025-03-17,SOLUSDT,438.9696,438.9696,407.9661,408.5471,2.57
2025-03-18,SOLUSDT,408.5471,452.5339,399.7048,416.3651,2.13
2025-03-19,SOLUSDT,416.3651,464.7322,416.3651,437.7412,3.38
2025-03-20,SOLUSDT,437.7412,455.6646,430.0285,443.9576,3.71
2025-03-21,SOLUSDT,443.9576,445.566,395.1422,430.5266,2.26
2025-03-22,SOLUSDT,430.5266,430.5266,367.1822,393.6544,4.31
2025-03-23,SOLUSDT,393.6544,436.7126,369.8975,412.5441,2.32
2025-03-24,SOLUSDT,412.5441,421.1638,382.8127,398.8209,0.95
2025-03-25,SOLUSDT,398.8209,404.0555,381.5705,392.801,1.65
2025-03-26,SOLUSDT,392.801,401.8574,350.7069,381.4914,6.4
2025-03-27,SOLUSDT,381.4914,381.4914,358.0451,369.6677,4.06
2025-03-28,SOLUSDT,369.6677,384.5749,367.6662,368.5082,1.74
2025-03-29,SOLUSDT,368.5082,368.5082,347.9291,352.0149,2.88
2025-03-30,SOLUSDT,352.0149,381.7161,352.0149,380.814,1.51
2025-03-31,SOLUSDT,380.814,408.9911,380.814,391.3323,4.06
2025-04-01,SOLUSDT,391.3323,599.1588,391.3323,578.5804,11.4
2025-04-02,SOLUSDT,578.5804,578.5804,516.4819,544.8329,2.73
2025-04-03,SOLUSDT,544.8329,566.6753,544.8329,556.9088,1.07
2025-04-04,SOLUSDT,556.9088,636.0436,531.2656,582.7059,3.13
2025-04-05,SOLUSDT,582.7059,582.7059,498.6483,521.2912,5.91
2025-04-06,SOLUSDT,521.2912,559.3784,423.7157,518.4971,1.81
2025-04-07,SOLUSDT,518.4971,558.8159,518.4971,539.9975,1.03
2025-04-08,SOLUSDT,539.9975,603.3768,539.9975,562.1329,1.91
2025-04-09,SOLUSDT,562.1329,562.1329,467.151,507.4079,3.41
2025-04-10,SOLUSDT,507.4079,541.5673,507.4079,530.3703,1.67
2025-04-11,SOLUSDT,530.3703,555.9184,467.1237,548.8655,3.85
2025-04-12,SOLUSDT,548.8655,554.6442,504.7637,518.0726,4.28
2025-04-13,SOLUSDT,518.0726,580.6455,497.0763,540.0722,3.35
2025-04-14,SOLUSDT,540.0722,602.846,540.0722,580.1825,8.49
2025-04-15,SOLUSDT,580.1825,580.1825,516.6331,553.7143,2.35
2025-04-16,SOLUSDT,553.7143,564.9336,508.6761,559.9653,1.17
2025-04-17,SOLUSDT,559.9653,675.7378,559.9653,595.9641,3.67
2025-04-18,SOLUSDT,595.9641,638.0984,595.9641,618.4547,7.68
2025-04-19,SOLUSDT,618.4547,681.8412,618.4547,664.6194,1.69
2025-04-20,SOLUSDT,664.6194,746.6364,664.6194,709.4291,1.34
2025-04-21,SOLUSDT,709.4291,766.5079,709.4291,740.4392,2.21
2025-04-22,SOLUSDT,740.4392,822.5304,740.4392,792.3172,2.26
2025-04-23,SOLUSDT,792.3172,792.3172,733.9166,787.5452,1.69
2025-04-24,SOLUSDT,787.5452,842.692,787.5452,822.8207,1.71
2025-04-25,SOLUSDT,822.8207,915.4503,822.8207,879.8982,2.22
2025-04-26,SOLUSDT,879.8982,879.8982,827.0806,852.4081,0.91
2025-04-27,SOLUSDT,852.4081,878.5705,708.7529,856.6791,1.34
2025-04-28,SOLUSDT,856.6791,856.6791,777.6228,821.8529,1.3
2025-04-29,SOLUSDT,821.8529,900.0143,821.8529,883.9461,4.63
2025-04-30,SOLUSDT,883.9461,883.9461,754.6664,761.1918,1.25
2025-05-01,SOLUSDT,761.1918,781.578,718.7401,723.1163,2.75
2025-05-02,SOLUSDT,723.1163,823.588,723.1163,768.0927,1.86
2025-05-03,SOLUSDT,768.0927,806.5558,761.0801,776.612,1.43
2025-05-04,SOLUSDT,776.612,776.612,712.6971,755.4575,4.8
2025-05-05,SOLUSDT,755.4575,767.5532,704.0817,745.8115,1.48
2025-05-06,SOLUSDT,745.8115,814.9939,745.8115,776.3903,1.15
2025-05-07,SOLUSDT,776.3903,776.3903,669.3387,726.6606,3.97
2025-05-08,SOLUSDT,726.6606,726.6606,649.6906,676.1288,3.09
2025-05-09,SOLUSDT,676.1288,730.9164,676.1288,718.6002,3.38
2025-05-10,SOLUSDT,718.6002,718.6002,630.9298,641.8216,2.76
2025-05-11,SOLUSDT,641.8216,641.8216,541.5207,586.4206,1.71
2025-05-12,SOLUSDT,586.4206,605.282,557.5698,562.7958,1.28
2025-05-13,SOLUSDT,562.7958,582.4829,541.5202,552.084,2.29
2025-05-14,SOLUSDT,552.084,552.084,464.3795,495.1202,3.04
2025-05-15,SOLUSDT,495.1202,535.4763,470.3901,496.6494,2.15
2025-05-16,SOLUSDT,496.6494,496.6494,446.3785,448.8682,1.61
2025-05-17,SOLUSDT,448.8682,504.9795,440.3305,488.5094,1.84
2025-05-18,SOLUSDT,488.5094,488.5094,471.3522,472.616,1.42
2025-05-19,SOLUSDT,472.616,472.616,368.0419,408.5969,6.14
2025-05-20,SOLUSDT,408.5969,439.8172,406.7586,430.6728,2.26
2025-05-21,SOLUSDT,430.6728,454.9541,391.5951,418.7878,1.17
2025-05-22,SOLUSDT,418.7878,421.0075,384.8806,419.0214,2.2
2025-05-23,SOLUSDT,419.0214,419.0214,370.081,394.2036,10.42
2025-05-24,SOLUSDT,394.2036,438.823,394.2036,416.9827,5.99
2025-05-25,SOLUSDT,416.9827,429.4333,395.157,396.2637,1.23
2025-05-26,SOLUSDT,396.2637,406.7355,336.9366,380.5235,5.09
2025-05-27,SOLUSDT,380.5235,380.5235,364.5044,370.1854,2.2
2025-05-28,SOLUSDT,370.1854,370.4224,345.8548,367.9896,1.25
2025-05-29,SOLUSDT,367.9896,367.9896,339.368,346.9449,1.39
2025-05-30,SOLUSDT,346.9449,363.0232,313.3688,333.6805,1.21
2025-05-31,SOLUSDT,333.6805,349.1569,314.4131,326.5042,1.0
2025-06-01,SOLUSDT,326.5042,327.8601,269.4512,312.5882,4.19
2025-06-02,SOLUSDT,312.5882,318.8952,275.2374,314.8041,1.08
2025-06-03,SOLUSDT,314.8041,314.8041,277.3048,297.2949,1.39
2025-06-04,SOLUSDT,297.2949,300.5166,284.887,293.1501,4.92
2025-06-05,SOLUSDT,293.1501,339.2529,293.1501,306.6688,0.92
2025-06-06,SOLUSDT,306.6688,315.8141,295.7866,301.0864,1.46
2025-06-07,SOLUSDT,301.0864,326.0715,300.6505,318.4453,3.67
2025-06-08,SOLUSDT,318.4453,355.1536,317.7013,320.8813,2.14
2025-06-09,SOLUSDT,320.8813,337.4246,288.8429,315.7055,2.09
2025-06-10,SOLUSDT,315.7055,315.7055,295.7408,306.6748,4.08
2025-06-11,SOLUSDT,306.6748,306.6748,269.6365,282.6991,3.3
2025-06-12,SOLUSDT,282.6991,294.0834,250.969,274.2013,4.08
2025-06-13,SOLUSDT,274.2013,296.348,273.372,276.4729,1.83
2025-06-14,SOLUSDT,276.4729,307.2834,262.1856,284.6732,2.99
2025-06-15,SOLUSDT,284.6732,308.0374,284.6732,305.0567,3.78
2025-06-16,SOLUSDT,305.0567,305.0567,297.4845,299.4117,3.44
2025-06-17,SOLUSDT,299.4117,299.4117,272.9252,277.1444,3.97
2025-06-18,SOLUSDT,277.1444,293.7789,277.1444,285.6312,3.46
2025-06-19,SOLUSDT,285.6312,307.2624,285.6312,294.1257,2.89
2025-06-20,SOLUSDT,294.1257,300.2649,278.7574,296.1646,2.25
2025-06-21,SOLUSDT,296.1646,330.8664,296.1646,322.9624,3.33
2025-06-22,SOLUSDT,322.9624,370.785,322.9624,359.5395,3.5
2025-06-23,SOLUSDT,359.5395,368.8087,348.6236,360.6295,2.59
2025-06-24,SOLUSDT,360.6295,386.7094,354.4663,384.745,3.98
2025-06-25,SOLUSDT,384.745,424.9651,384.745,421.2113,1.82
2025-06-26,SOLUSDT,421.2113,421.2113,383.6377,411.1188,1.69
2025-06-27,SOLUSDT,411.1188,433.4547,410.9505,423.265,1.96
2025-06-28,SOLUSDT,423.265,454.3818,423.265,429.6684,2.13
2025-06-29,SOLUSDT,429.6684,449.4188,391.7431,431.6406,1.89
2025-06-30,SOLUSDT,431.6406,438.4839,422.5044,429.5466,3.71
2025-07-01,SOLUSDT,429.5466,491.352,429.5466,472.3505,1.62
2025-07-02,SOLUSDT,472.3505,472.3505,414.205,447.2888,1.79
2025-07-03,SOLUSDT,447.2888,447.2888,415.0634,420.9278,3.02
2025-07-04,SOLUSDT,420.9278,471.4775,419.4472,449.0775,3.48
2025-07-05,SOLUSDT,449.0775,465.3631,401.8197,450.9586,1.44
2025-07-06,SOLUSDT,450.9586,493.3747,435.2357,447.2381,1.92
2025-07-07,SOLUSDT,447.2381,466.0209,438.5012,450.0415,2.38
2025-07-08,SOLUSDT,450.0415,457.1223,439.3648,441.6994,3.55
2025-07-09,SOLUSDT,441.6994,483.2087,390.0161,453.8093,1.71
2025-07-10,SOLUSDT,453.8093,472.5056,426.5836,438.072,2.95
2025-07-11,SOLUSDT,438.072,438.072,363.0378,389.3205,6.75
2025-07-12,SOLUSDT,389.3205,407.2234,363.5623,373.5206,4.07
2025-07-13,SOLUSDT,373.5206,373.5206,353.876,357.2519,3.13
2025-07-14,SOLUSDT,357.2519,382.6024,354.3383,362.5731,2.29
2025-07-15,SOLUSDT,362.5731,374.5742,355.4042,364.2481,0.47
2025-07-16,SOLUSDT,364.2481,381.1003,342.3156,367.3688,2.85
2025-07-17,SOLUSDT,367.3688,401.024,351.8436,384.9581,2.71
2025-07-18,SOLUSDT,384.9581,404.0255,368.5824,401.2325,2.32
2025-07-19,SOLUSDT,401.2325,429.927,389.6721,390.3048,3.58
2025-07-20,SOLUSDT,390.3048,393.6713,355.2897,379.4157,3.45
2025-07-21,SOLUSDT,379.4157,379.4157,358.0838,368.7484,1.88
2025-07-22,SOLUSDT,368.7484,372.1963,334.9258,342.0799,2.44
2025-07-23,SOLUSDT,342.0799,375.7775,342.0799,352.177,4.01
2025-07-24,SOLUSDT,352.177,369.6367,329.3326,354.4122,3.31
2025-07-25,SOLUSDT,354.4122,371.6097,337.8592,348.6389,1.2
2025-07-26,SOLUSDT,348.6389,348.6389,323.978,335.5678,1.15
2025-07-27,SOLUSDT,335.5678,366.3441,335.5678,349.0182,4.15
2025-07-28,SOLUSDT,349.0182,391.8656,349.0182,362.6142,2.48
2025-07-29,SOLUSDT,362.6142,381.4725,362.6142,379.7163,2.76
2025-07-30,SOLUSDT,379.7163,429.4175,379.7163,398.9585,2.06
2025-07-31,SOLUSDT,398.9585,398.9585,328.3362,339.0867,8.08
2025-08-01,SOLUSDT,339.0867,386.0634,338.5344,373.6794,2.57
2025-08-02,SOLUSDT,373.6794,396.1691,371.587,372.8828,1.3
2025-08-03,SOLUSDT,372.8828,372.8828,344.4519,359.6783,1.78
2025-08-04,SOLUSDT,359.6783,373.0268,359.6783,371.3448,5.94
2025-08-05,SOLUSDT,371.3448,382.4543,335.5047,348.1973,5.82
2025-08-06,SOLUSDT,348.1973,395.2809,335.2632,368.7543,7.03
2025-08-07,SOLUSDT,368.7543,409.318,368.7543,401.0726,5.92
2025-08-08,SOLUSDT,401.0726,432.7042,396.4058,399.7888,3.35
2025-08-09,SOLUSDT,399.7888,411.0501,379.9803,400.0721,1.27
2025-08-10,SOLUSDT,400.0721,452.9875,368.4617,387.8862,3.33
2025-08-11,SOLUSDT,387.8862,396.7099,367.3264,396.3002,2.08
2025-08-12,SOLUSDT,396.3002,407.2844,385.3423,393.3087,2.53
2025-08-13,SOLUSDT,393.3087,416.9434,375.7284,396.9356,3.97
2025-08-14,SOLUSDT,396.9356,452.2126,396.9356,435.0795,2.16
2025-08-15,SOLUSDT,435.0795,462.0641,425.2893,445.9926,2.69
2025-08-16,SOLUSDT,445.9926,456.0782,438.4015,444.0499,1.59
2025-08-17,SOLUSDT,444.0499,472.8738,425.8074,467.5977,1.91
2025-08-18,SOLUSDT,467.5977,563.9645,467.5977,510.0935,3.24
2025-08-19,SOLUSDT,510.0935,510.0935,396.7539,448.6983,9.26
2025-08-20,SOLUSDT,448.6983,477.1965,405.8962,432.2304,1.15
2025-08-21,SOLUSDT,432.2304,435.1169,378.7995,417.2609,6.2
2025-08-22,SOLUSDT,417.2609,522.1489,417.2609,483.9852,5.99
2025-08-23,SOLUSDT,483.9852,491.2452,450.5384,490.436,2.59
2025-08-24,SOLUSDT,490.436,499.1516,467.6609,471.3352,1.22
2025-08-25,SOLUSDT,471.3352,514.1032,466.3284,487.3086,2.69
2025-08-26,SOLUSDT,487.3086,563.0193,469.7314,517.8344,3.58
2025-08-27,SOLUSDT,517.8344,518.5164,507.4009,512.5865,1.65
2025-08-28,SOLUSDT,512.5865,563.0047,504.1791,539.6914,1.28
2025-08-29,SOLUSDT,539.6914,539.6914,486.7402,497.0864,2.45
2025-08-30,SOLUSDT,497.0864,527.4119,480.06,513.4653,3.75
2025-08-31,SOLUSDT,513.4653,544.2206,513.4653,534.4057,2.11
2025-09-01,SOLUSDT,534.4057,556.5298,496.7564,528.1235,2.8
2025-09-02,SOLUSDT,528.1235,531.2087,498.928,509.5424,1.96
2025-09-03,SOLUSDT,509.5424,509.5424,430.9208,464.2269,5.59
2025-09-04,SOLUSDT,464.2269,464.2269,421.834,443.4439,2.6
2025-09-05,SOLUSDT,443.4439,443.4439,426.2837,429.7077,3.86
2025-09-06,SOLUSDT,429.7077,454.9408,422.6332,424.7916,1.32
2025-09-07,SOLUSDT,424.7916,431.9625,401.2745,406.9043,16.28
2025-09-08,SOLUSDT,406.9043,422.6303,393.6633,400.7293,4.85
2025-09-09,SOLUSDT,400.7293,405.0223,384.2706,394.3282,3.26
2025-09-10,SOLUSDT,394.3282,409.4399,381.9952,388.7274,3.32
2025-09-11,SOLUSDT,388.7274,475.3748,388.7274,438.1326,2.46
2025-09-12,SOLUSDT,438.1326,452.7819,420.8614,431.6033,2.25
2025-09-13,SOLUSDT,431.6033,448.7344,426.1464,445.9153,4.16
2025-09-14,SOLUSDT,445.9153,496.0963,445.9153,474.5039,5.57
2025-09-15,SOLUSDT,474.5039,530.9647,474.5039,502.3845,15.35
2025-09-16,SOLUSDT,502.3845,567.4285,502.3845,544.3338,2.26
2025-09-17,SOLUSDT,544.3338,574.9885,544.3338,567.3993,1.59
2025-09-18,SOLUSDT,567.3993,567.3993,526.821,544.0454,1.46
2025-09-19,SOLUSDT,544.0454,580.023,544.0454,563.5747,4.74
2025-09-20,SOLUSDT,563.5747,563.5747,513.5214,546.8452,5.61
2025-09-21,SOLUSDT,546.8452,559.6793,541.0458,546.223,1.53
2025-09-22,SOLUSDT,546.223,646.2833,546.223,614.9209,2.46
2025-09-23,SOLUSDT,614.9209,640.1459,588.3862,609.092,1.16
2025-09-24,SOLUSDT,609.092,639.8711,599.1834,634.4126,2.42
2025-09-25,SOLUSDT,634.4126,651.9531,629.1386,641.8058,2.37
2025-09-26,SOLUSDT,641.8058,687.9496,641.8058,683.5799,7.96
2025-09-27,SOLUSDT,683.5799,696.5931,639.8366,672.091,2.96
2025-09-28,SOLUSDT,672.091,675.6186,631.4724,648.3506,1.83
2025-09-29,SOLUSDT,648.3506,717.259,605.8913,636.3133,9.55
2025-09-30,SOLUSDT,636.3133,636.3133,572.0793,596.5926,5.1
2025-10-01,SOLUSDT,596.5926,870.189,596.5926,827.2565,3.9
2025-10-02,SOLUSDT,827.2565,951.473,827.2565,910.726,1.39
2025-10-03,SOLUSDT,910.726,910.726,795.982,808.8681,16.03
2025-10-04,SOLUSDT,808.8681,808.8681,735.547,758.0252,1.62
2025-10-05,SOLUSDT,758.0252,759.4632,698.8788,725.4219,1.51
2025-10-06,SOLUSDT,725.4219,819.8343,725.4219,773.9029,1.96
2025-10-07,SOLUSDT,773.9029,773.9029,738.8242,739.632,1.97
2025-10-08,SOLUSDT,739.632,778.0111,739.632,750.2143,1.24
2025-10-09,SOLUSDT,750.2143,778.6571,701.1663,705.2194,1.44
2025-10-10,SOLUSDT,705.2194,726.0604,695.8324,698.2784,1.55
2025-10-11,SOLUSDT,698.2784,698.2784,597.4369,653.6278,2.5
2025-10-12,SOLUSDT,653.6278,671.6196,580.358,637.3207,0.74
2025-10-13,SOLUSDT,637.3207,730.846,627.1805,678.477,2.56
2025-10-14,SOLUSDT,678.477,678.477,582.5093,638.379,1.4
2025-10-15,SOLUSDT,638.379,672.7501,638.379,661.2744,1.04
2025-10-16,SOLUSDT,661.2744,758.3231,661.2744,690.2013,2.08
2025-10-17,SOLUSDT,690.2013,747.1495,671.8243,722.5647,3.49
2025-10-18,SOLUSDT,722.5647,816.7343,722.5647,773.8246,2.36
2025-10-19,SOLUSDT,773.8246,773.8246,693.4025,755.5362,0.83
2025-10-20,SOLUSDT,755.5362,755.5362,740.2865,743.0892,0.65
2025-10-21,SOLUSDT,743.0892,751.9773,722.4056,735.3832,1.1
2025-10-22,SOLUSDT,735.3832,735.3832,614.0725,669.5796,1.34
2025-10-23,SOLUSDT,669.5796,793.0352,661.9298,745.7573,4.95
2025-10-24,SOLUSDT,745.7573,866.0311,745.7573,848.2855,4.67
2025-10-25,SOLUSDT,848.2855,848.2855,773.3894,801.4578,1.72
2025-10-26,SOLUSDT,801.4578,801.4578,765.0001,775.1215,2.08
2025-10-27,SOLUSDT,775.1215,900.4792,775.1215,865.0388,4.03
2025-10-28,SOLUSDT,865.0388,1001.9627,865.0388,991.2612,5.42
2025-10-29,SOLUSDT,991.2612,1096.683,990.157,1026.1792,0.97
2025-10-30,SOLUSDT,1026.1792,1104.9531,978.5359,997.4263,0.7
2025-10-31,SOLUSDT,997.4263,997.4263,947.4645,977.9281,1.36
2025-11-01,SOLUSDT,977.9281,978.283,885.858,963.4826,1.75
2025-11-02,SOLUSDT,963.4826,963.4826,888.3777,940.3711,1.68
2025-11-03,SOLUSDT,940.3711,1089.1004,940.3711,1078.9441,5.59
2025-11-04,SOLUSDT,1078.9441,1113.5529,990.0588,1043.9629,0.98
2025-11-05,SOLUSDT,1043.9629,1043.9629,964.9538,990.5384,2.01
2025-11-06,SOLUSDT,990.5384,1025.734,938.8357,958.073,1.58
2025-11-07,SOLUSDT,958.073,980.1123,909.3559,924.7106,1.39
2025-11-08,SOLUSDT,924.7106,924.7106,889.5613,901.8783,1.74
2025-11-09,SOLUSDT,901.8783,911.1022,865.9691,868.9905,0.9
2025-11-10,SOLUSDT,868.9905,868.9905,740.5738,847.1396,1.52
2025-11-11,SOLUSDT,847.1396,910.1469,847.1396,895.3101,0.72
2025-11-12,SOLUSDT,895.3101,911.5642,814.8049,882.6654,2.0
2025-11-13,SOLUSDT,882.6654,1024.8015,882.6654,953.9931,2.87
2025-11-14,SOLUSDT,953.9931,1015.9196,902.4894,951.6124,0.9
2025-11-15,SOLUSDT,951.6124,1009.441,840.2815,894.193,1.69
2025-11-16,SOLUSDT,894.193,894.193,845.6323,858.3567,1.91
2025-11-17,SOLUSDT,858.3567,954.2558,790.288,891.7608,0.78
2025-11-18,SOLUSDT,891.7608,1019.6875,887.0443,960.4346,1.1
2025-11-19,SOLUSDT,960.4346,960.4346,847.3252,925.7279,1.58
2025-11-20,SOLUSDT,925.7279,942.1119,878.5634,941.2257,1.48
2025-11-21,SOLUSDT,941.2257,1016.9013,904.46,904.6308,1.43
2025-11-22,SOLUSDT,904.6308,1038.4467,904.6308,978.475,2.12
2025-11-23,SOLUSDT,978.475,1021.2047,825.8427,927.861,1.03
2025-11-24,SOLUSDT,927.861,1165.5782,927.861,1017.8636,1.46
2025-11-25,SOLUSDT,1017.8636,1139.7646,1017.8636,1092.3347,1.61
2025-11-26,SOLUSDT,1092.3347,1092.3347,1004.4809,1056.262,1.91
2025-11-27,SOLUSDT,1056.262,1112.3532,988.2494,1047.4018,0.67
2025-11-28,SOLUSDT,1047.4018,1111.7833,873.7448,1104.2709,2.23
2025-11-29,SOLUSDT,1104.2709,1104.2709,1029.3018,1069.6305,1.11
2025-11-30,SOLUSDT,1069.6305,1097.4655,1023.7489,1081.5709,2.03
2025-12-01,SOLUSDT,1081.5709,1101.5752,1052.193,1056.8017,0.4
2025-12-02,SOLUSDT,1056.8017,1123.1886,1010.4458,1043.8564,0.87
2025-12-03,SOLUSDT,1043.8564,1047.4558,917.0177,979.6076,1.13
2025-12-04,SOLUSDT,979.6076,979.6076,824.4818,902.079,5.58
2025-12-05,SOLUSDT,902.079,1011.1457,902.079,951.139,0.73
2025-12-06,SOLUSDT,951.139,989.6346,893.224,955.6076,0.17
2025-12-07,SOLUSDT,955.6076,1029.5996,955.6076,985.2978,1.06
2025-12-08,SOLUSDT,985.2978,1088.9882,985.2978,1029.6159,1.11
2025-12-09,SOLUSDT,1029.6159,1094.5955,975.3026,1093.5406,1.63
2025-12-10,SOLUSDT,1093.5406,1093.5406,934.312,984.8976,2.41
2025-12-11,SOLUSDT,984.8976,984.8976,866.4795,924.9521,2.79
2025-12-12,SOLUSDT,924.9521,997.5892,924.9521,988.3074,1.14
2025-12-13,SOLUSDT,988.3074,1114.4722,988.3074,1054.6546,1.85
2025-12-14,SOLUSDT,1054.6546,1183.8881,999.9224,1075.0089,1.35
2025-12-15,SOLUSDT,1075.0089,1095.0043,991.6988,1075.8639,0.96
2025-12-16,SOLUSDT,1075.8639,1089.4474,1043.5729,1088.9915,0.4
2025-12-17,SOLUSDT,1088.9915,1215.1316,1088.9915,1165.468,1.21
2025-12-18,SOLUSDT,1165.468,1271.6273,1165.468,1230.3344,1.5
2025-12-19,SOLUSDT,1230.3344,1414.7193,1230.3344,1340.9683,1.69
2025-12-20,SOLUSDT,1340.9683,1422.3302,1304.7465,1319.6196,1.86
2025-12-21,SOLUSDT,1319.6196,1319.6196,1222.746,1269.884,1.76
2025-12-22,SOLUSDT,1269.884,1343.8048,1110.6625,1190.0992,2.27
2025-12-23,SOLUSDT,1190.0992,1276.2132,1190.0992,1253.7413,1.47
2025-12-24,SOLUSDT,1253.7413,1343.6876,1227.9471,1268.2823,0.54
2025-12-25,SOLUSDT,1268.2823,1377.2775,1268.2823,1331.9415,1.28
2025-12-26,SOLUSDT,1331.9415,1478.6695,1331.9415,1429.0233,1.5
2025-12-27,SOLUSDT,1429.0233,1429.0233,1284.2718,1340.1522,1.72
2025-12-28,SOLUSDT,1340.1522,1449.9765,1280.9964,1407.8107,0.86
2025-12-29,SOLUSDT,1407.8107,1511.6814,1407.8107,1503.7083,1.61
2025-12-30,SOLUSDT,1503.7083,1590.4625,1362.1701,1512.5693,1.14
2025-12-31,SOLUSDT,1512.5693,1512.5693,1287.5147,1326.8699,1.99
2026-01-01,SOLUSDT,1326.8699,1326.8699,850.0104,921.5904,4.4
2026-01-02,SOLUSDT,921.5904,921.5904,856.9938,898.8907,1.82
2026-01-03,SOLUSDT,898.8907,946.9308,845.5925,859.9478,1.29
2026-01-04,SOLUSDT,859.9478,864.1361,741.8957,790.7114,1.66
2026-01-05,SOLUSDT,790.7114,844.4477,762.731,772.3068,0.95
2026-01-06,SOLUSDT,772.3068,772.3068,592.3969,693.2318,1.45
2026-01-07,SOLUSDT,693.2318,695.9343,628.1861,657.4211,0.6
2026-01-08,SOLUSDT,657.4211,664.3091,640.2548,641.7273,1.14
2026-01-09,SOLUSDT,641.7273,641.7273,541.0244,569.8883,2.55
2026-01-10,SOLUSDT,569.8883,569.8883,512.465,540.9528,1.18
2026-01-11,SOLUSDT,540.9528,540.9528,457.5838,481.6573,0.71
2026-01-12,SOLUSDT,481.6573,544.3104,481.6573,518.0241,2.08
2026-01-13,SOLUSDT,518.0241,585.0679,518.0241,558.7273,1.8
2026-01-14,SOLUSDT,558.7273,558.7273,494.3105,518.6257,2.19
2026-01-15,SOLUSDT,518.6257,530.4717,482.3851,528.7277,0.73
2026-01-16,SOLUSDT,528.7277,568.561,499.1587,528.6476,0.83
2026-01-17,SOLUSDT,528.6476,528.6476,486.8538,492.0872,3.28
2026-01-18,SOLUSDT,492.0872,492.0872,411.233,452.8057,2.54
2026-01-19,SOLUSDT,452.8057,452.8057,422.5546,436.1039,2.15
2026-01-20,SOLUSDT,436.1039,436.1039,402.4221,412.5009,1.11
2026-01-21,SOLUSDT,412.5009,491.4558,412.5009,446.6377,1.25
2026-01-22,SOLUSDT,446.6377,457.2239,413.0602,435.7331,1.86
2026-01-23,SOLUSDT,435.7331,435.7331,369.5837,371.6927,4.32
2026-01-24,SOLUSDT,371.6927,386.2196,340.587,361.2538,1.69
2026-01-25,SOLUSDT,361.2538,361.2538,331.1675,336.0889,2.48
2026-01-26,SOLUSDT,336.0889,342.6173,336.0889,338.8416,0.76
2026-01-27,SOLUSDT,338.8416,338.8416,312.2388,321.7072,5.31
2026-01-28,SOLUSDT,321.7072,372.1183,308.9309,334.3732,0.85
2026-01-29,SOLUSDT,334.3732,372.2947,334.3732,351.2989,1.9
2026-01-30,SOLUSDT,351.2989,351.54,309.6671,314.8918,4.74
2026-01-31,SOLUSDT,314.8918,314.8918,266.8706,292.9641,4.14
2026-02-01,SOLUSDT,292.9641,307.7678,292.9641,304.6154,3.18
2026-02-02,SOLUSDT,304.6154,329.9517,293.6816,328.219,2.03
2026-02-03,SOLUSDT,328.219,408.3566,328.219,361.1475,4.41
2026-02-04,SOLUSDT,361.1475,384.8624,361.1475,380.1807,3.15
2026-02-05,SOLUSDT,380.1807,385.1623,370.8598,382.7848,0.69
2026-02-06,SOLUSDT,382.7848,433.5698,382.7848,390.7154,0.48
2026-02-07,SOLUSDT,390.7154,408.7583,390.7154,407.8864,2.95
2026-02-08,SOLUSDT,407.8864,437.8477,407.8864,431.9357,1.21
2026-02-09,SOLUSDT,431.9357,482.9466,415.2778,456.0737,1.76
2026-02-10,SOLUSDT,456.0737,493.6198,449.2186,460.452,0.59
2026-02-11,SOLUSDT,460.452,486.7386,422.976,450.1221,2.29
2026-02-12,SOLUSDT,450.1221,500.6671,450.1221,498.0342,4.42
2026-02-13,SOLUSDT,498.0342,516.8496,457.0981,475.6227,1.18
2026-02-14,SOLUSDT,475.6227,511.2328,464.5212,500.0549,2.97
2026-02-15,SOLUSDT,500.0549,555.8294,500.0549,538.1876,2.75
2026-02-16,SOLUSDT,538.1876,569.1457,531.6099,558.7518,0.85
2026-02-17,SOLUSDT,558.7518,622.685,558.7518,587.9455,1.17
2026-02-18,SOLUSDT,587.9455,639.1636,564.9324,600.2145,0.64
2026-02-19,SOLUSDT,600.2145,600.2145,543.7162,590.439,0.31
2026-02-20,SOLUSDT,590.439,686.5014,590.439,672.6968,1.31
2026-02-21,SOLUSDT,672.6968,738.9748,672.6968,718.1971,2.43
2026-02-22,SOLUSDT,718.1971,718.1971,620.4858,634.647,1.12
2026-02-23,SOLUSDT,634.647,634.647,587.1486,608.4334,1.09
2026-02-24,SOLUSDT,608.4334,608.4334,551.8745,563.8644,1.65
2026-02-25,SOLUSDT,563.8644,631.1197,563.8644,595.3874,1.29
2026-02-26,SOLUSDT,595.3874,595.3874,544.6272,546.6621,1.12
2026-02-27,SOLUSDT,546.6621,612.1315,521.3926,577.6167,1.09
2026-02-28,SOLUSDT,577.6167,584.082,556.6579,567.5102,1.33
2026-03-01,SOLUSDT,567.5102,574.4983,544.0995,558.8457,1.56
2026-03-02,SOLUSDT,558.8457,572.1246,469.9978,548.009,0.51
2026-03-03,SOLUSDT,548.009,548.009,515.6158,522.4612,1.98
2026-03-04,SOLUSDT,522.4612,522.4612,470.3813,500.2363,2.97
2026-03-05,SOLUSDT,500.2363,510.7203,484.9428,503.7081,1.02
2026-03-06,SOLUSDT,503.7081,535.987,444.1644,511.4373,0.41
2026-03-07,SOLUSDT,511.4373,563.2536,484.4362,511.1503,0.92
2026-03-08,SOLUSDT,511.1503,535.6099,447.5475,484.7782,3.41
2026-03-09,SOLUSDT,484.7782,563.2369,472.0412,504.4087,0.86
2026-03-10,SOLUSDT,504.4087,504.4087,481.1658,481.478,1.1
2026-03-11,SOLUSDT,481.478,481.478,417.3399,428.4598,1.87
2026-03-12,SOLUSDT,428.4598,448.0995,428.4598,438.0678,2.9
2026-03-13,SOLUSDT,438.0678,496.3925,438.0678,494.303,1.59
2026-03-14,SOLUSDT,494.303,494.303,432.5965,468.7148,4.11
2026-03-15,SOLUSDT,468.7148,468.7148,430.8997,453.4784,0.69
2026-03-16,SOLUSDT,453.4784,485.758,419.9091,452.1322,0.88
2026-03-17,SOLUSDT,452.1322,505.3075,435.2418,446.7219,0.55
2026-03-18,SOLUSDT,446.7219,453.893,446.7219,446.9935,1.23
2026-03-19,SOLUSDT,446.9935,485.5752,429.5061,453.8085,0.37
2026-03-20,SOLUSDT,453.8085,453.8085,413.4975,425.5802,2.68
2026-03-21,SOLUSDT,425.5802,425.5802,371.7451,383.0142,3.47
2026-03-22,SOLUSDT,383.0142,432.4009,383.0142,415.4094,1.89
2026-03-23,SOLUSDT,415.4094,415.4094,334.5694,379.2297,4.25
2026-03-24,SOLUSDT,379.2297,465.3432,379.2297,390.2512,0.79
2026-03-25,SOLUSDT,390.2512,390.2512,360.9439,362.4483,2.36
2026-03-26,SOLUSDT,362.4483,416.6666,356.4527,360.6345,2.75
2026-03-27,SOLUSDT,360.6345,360.6345,331.9632,350.8096,2.9
2026-03-28,SOLUSDT,350.8096,383.0253,337.3249,346.1899,0.69
2026-03-29,SOLUSDT,346.1899,346.1899,281.0846,310.6981,2.37
2026-03-30,SOLUSDT,310.6981,310.6981,280.9912,281.6837,2.89
2026-03-31,SOLUSDT,281.6837,301.0497,269.6914,290.0357,0.98
2026-04-01,SOLUSDT,290.0357,312.1727,282.8391,303.85,0.75
2026-04-02,SOLUSDT,303.85,314.9117,286.2037,292.8385,0.81
2026-04-03,SOLUSDT,292.8385,303.799,263.582,278.3073,3.03
2026-04-04,SOLUSDT,278.3073,293.1045,261.432,278.2549,0.57
2026-04-05,SOLUSDT,278.2549,278.2549,230.9778,231.6397,4.72
2026-04-06,SOLUSDT,231.6397,236.8362,212.1795,230.9046,2.01
2026-04-07,SOLUSDT,230.9046,246.8765,230.9046,245.8553,4.05
2026-04-08,SOLUSDT,245.8553,275.3412,243.6746,256.6977,1.65
