date,symbol,open,high,low,close,volume
2017-11-01,BNBUSDT,0.1032,0.1032,0.0993,0.1,4.54
2017-11-02,BNBUSDT,0.1,0.1202,0.1,0.1152,12.81
2017-11-03,BNBUSDT,0.1152,0.1183,0.1101,0.1136,4.94
2017-11-04,BNBUSDT,0.1136,0.1292,0.1136,0.1241,6.8
2017-11-05,BNBUSDT,0.1241,0.1241,0.1192,0.1201,1.6
2017-11-06,BNBUSDT,0.1201,0.1332,0.1107,0.125,3.99
2017-11-07,BNBUSDT,0.125,0.1319,0.1113,0.1288,1.84
2017-11-08,BNBUSDT,0.1288,0.1425,0.1288,0.1383,9.79
2017-11-09,BNBUSDT,0.1383,0.1402,0.1279,0.1306,7.09
2017-11-10,BNBUSDT,0.1306,0.1306,0.1136,0.1301,0.97
2017-11-11,BNBUSDT,0.1301,0.1336,0.129,0.1329,1.71
2017-11-12,BNBUSDT,0.1329,0.1329,0.1161,0.1215,10.05
2017-11-13,BNBUSDT,0.1215,0.1238,0.1129,0.1185,7.88
2017-11-14,BNBUSDT,0.1185,0.1245,0.1176,0.1185,2.1
2017-11-15,BNBUSDT,0.1185,0.13,0.1185,0.1277,3.39
2017-11-16,BNBUSDT,0.1277,0.1367,0.1277,0.1362,2.92
2017-11-17,BNBUSDT,0.1362,0.147,0.136,0.141,9.54
2017-11-18,BNBUSDT,0.141,0.1661,0.141,0.1558,12.6
2017-11-19,BNBUSDT,0.1558,0.1558,0.152,0.1521,2.06
2017-11-20,BNBUSDT,0.1521,0.1521,0.1439,0.1453,2.45
2017-11-21,BNBUSDT,0.1453,0.1648,0.1453,0.1631,9.55
2017-11-22,BNBUSDT,0.1631,0.1779,0.1577,0.1675,3.66
2017-11-23,BNBUSDT,0.1675,0.1675,0.1434,0.1503,12.17
2017-11-24,BNBUSDT,0.1503,0.1653,0.1503,0.1618,3.37
2017-11-25,BNBUSDT,0.1618,0.1695,0.1575,0.1632,3.84
2017-11-26,BNBUSDT,0.1632,0.1839,0.1632,0.1721,6.99
2017-11-27,BNBUSDT,0.1721,0.2044,0.1721,0.1937,5.31
2017-11-28,BNBUSDT,0.1937,0.2534,0.1937,0.2282,13.66
2017-11-29,BNBUSDT,0.2282,0.2408,0.2282,0.2383,1.96
2017-11-30,BNBUSDT,0.2383,0.2539,0.2279,0.2452,1.2
2017-12-01,BNBUSDT,0.2452,0.2452,0.1941,0.2002,7.94
2017-12-02,BNBUSDT,0.2002,0.2002,0.169,0.1776,5.96
2017-12-03,BNBUSDT,0.1776,0.1959,0.1776,0.1904,5.87
2017-12-04,BNBUSDT,0.1904,0.2508,0.1904,0.2311,12.29
2017-12-05,BNBUSDT,0.2311,0.2421,0.2311,0.2376,2.11
2017-12-06,BNBUSDT,0.2376,0.2862,0.2376,0.2617,7.1
2017-12-07,BNBUSDT,0.2617,0.308,0.2617,0.2975,15.0
2017-12-08,BNBUSDT,0.2975,0.3011,0.2693,0.2883,3.38
2017-12-09,BNBUSDT,0.2883,0.3023,0.2662,0.2815,2.67
2017-12-10,BNBUSDT,0.2815,0.339,0.2815,0.3106,3.78
2017-12-11,BNBUSDT,0.3106,0.3221,0.2972,0.3016,2.06
2017-12-12,BNBUSDT,0.3016,0.3328,0.3016,0.3264,3.86
2017-12-13,BNBUSDT,0.3264,0.3501,0.3093,0.3206,0.79
2017-12-14,BNBUSDT,0.3206,0.3206,0.3019,0.3147,0.96
2017-12-15,BNBUSDT,0.3147,0.4233,0.3147,0.3489,5.89
2017-12-16,BNBUSDT,0.3489,0.3489,0.2976,0.3216,2.13
2017-12-17,BNBUSDT,0.3216,0.3568,0.2989,0.3275,0.8
2017-12-18,BNBUSDT,0.3275,0.3275,0.2689,0.2824,2.59
2017-12-19,BNBUSDT,0.2824,0.2997,0.2824,0.2951,2.76
2017-12-20,BNBUSDT,0.2951,0.3562,0.2951,0.3266,4.28
2017-12-21,BNBUSDT,0.3266,0.3568,0.3261,0.3332,0.82
2017-12-22,BNBUSDT,0.3332,0.3349,0.3213,0.3315,1.26
2017-12-23,BNBUSDT,0.3315,0.3315,0.3105,0.3114,3.58
2017-12-24,BNBUSDT,0.3114,0.3615,0.3114,0.3417,1.77
2017-12-25,BNBUSDT,0.3417,0.3417,0.3127,0.3277,1.99
2017-12-26,BNBUSDT,0.3277,0.3277,0.3145,0.3162,1.87
2017-12-27,BNBUSDT,0.3162,0.3658,0.3162,0.3508,2.1
2017-12-28,BNBUSDT,0.3508,0.3508,0.2654,0.2799,3.29
2017-12-29,BNBUSDT,0.2799,0.2993,0.2653,0.2929,5.32
2017-12-30,BNBUSDT,0.2929,0.342,0.2929,0.3248,4.65
2017-12-31,BNBUSDT,0.3248,0.3248,0.2984,0.3078,1.25
2018-01-01,BNBUSDT,0.3078,0.3078,0.2841,0.2925,4.35
2018-01-02,BNBUSDT,0.2925,0.3062,0.2832,0.2948,0.47
2018-01-03,BNBUSDT,0.2948,0.2948,0.2642,0.266,9.62
2018-01-04,BNBUSDT,0.266,0.2697,0.2442,0.2614,1.06
2018-01-05,BNBUSDT,0.2614,0.2799,0.2603,0.2628,2.42
2018-01-06,BNBUSDT,0.2628,0.2908,0.2628,0.2887,5.68
2018-01-07,BNBUSDT,0.2887,0.3021,0.281,0.2888,1.01
2018-01-08,BNBUSDT,0.2888,0.3225,0.2888,0.3148,2.01
2018-01-09,BNBUSDT,0.3148,0.3194,0.3011,0.3107,2.21
2018-01-10,BNBUSDT,0.3107,0.3282,0.2988,0.3198,1.62
2018-01-11,BNBUSDT,0.3198,0.3307,0.3057,0.3131,1.14
2018-01-12,BNBUSDT,0.3131,0.3422,0.3131,0.3409,3.22
2018-01-13,BNBUSDT,0.3409,0.377,0.3409,0.357,2.33
2018-01-14,BNBUSDT,0.357,0.357,0.3289,0.3397,1.03
2018-01-15,BNBUSDT,0.3397,0.347,0.3211,0.3274,1.97
2018-01-16,BNBUSDT,0.3274,0.3404,0.3152,0.3218,1.57
2018-01-17,BNBUSDT,0.3218,0.3218,0.2841,0.3069,2.28
2018-01-18,BNBUSDT,0.3069,0.3325,0.3069,0.3264,3.49
2018-01-19,BNBUSDT,0.3264,0.4154,0.3264,0.3978,5.76
2018-01-20,BNBUSDT,0.3978,0.3978,0.3805,0.3966,1.7
2018-01-21,BNBUSDT,0.3966,0.3997,0.3784,0.3901,0.85
2018-01-22,BNBUSDT,0.3901,0.4119,0.379,0.3962,1.01
2018-01-23,BNBUSDT,0.3962,0.4349,0.3962,0.4074,0.77
2018-01-24,BNBUSDT,0.4074,0.4189,0.407,0.4159,1.86
2018-01-25,BNBUSDT,0.4159,0.4186,0.3893,0.4109,0.68
2018-01-26,BNBUSDT,0.4109,0.4403,0.3791,0.4203,0.61
2018-01-27,BNBUSDT,0.4203,0.4203,0.3262,0.3753,6.41
2018-01-28,BNBUSDT,0.3753,0.3753,0.3305,0.3434,2.07
2018-01-29,BNBUSDT,0.3434,0.4044,0.3434,0.374,1.03
2018-01-30,BNBUSDT,0.374,0.374,0.3376,0.3581,2.01
2018-01-31,BNBUSDT,0.3581,0.3581,0.3088,0.3223,2.99
2018-02-01,BNBUSDT,0.3223,0.3801,0.3223,0.3592,2.62
2018-02-02,BNBUSDT,0.3592,0.3957,0.3592,0.3735,5.97
2018-02-03,BNBUSDT,0.3735,0.3735,0.3492,0.3541,2.33
2018-02-04,BNBUSDT,0.3541,0.4022,0.3541,0.3807,1.83
2018-02-05,BNBUSDT,0.3807,0.3915,0.3653,0.3813,1.33
2018-02-06,BNBUSDT,0.3813,0.3813,0.1981,0.2026,15.56
2018-02-07,BNBUSDT,0.2026,0.2136,0.192,0.1966,5.67
2018-02-08,BNBUSDT,0.1966,0.21,0.1966,0.2067,7.21
2018-02-09,BNBUSDT,0.2067,0.2125,0.193,0.2051,4.34
2018-02-10,BNBUSDT,0.2051,0.2091,0.196,0.1973,4.55
2018-02-11,BNBUSDT,0.1973,0.2111,0.1963,0.2031,4.74
2018-02-12,BNBUSDT,0.2031,0.2031,0.1575,0.1785,7.54
2018-02-13,BNBUSDT,0.1785,0.1895,0.1785,0.1874,5.44
2018-02-14,BNBUSDT,0.1874,0.1941,0.1866,0.191,7.74
2018-02-15,BNBUSDT,0.191,0.2072,0.1879,0.1937,2.13
2018-02-16,BNBUSDT,0.1937,0.1945,0.1772,0.1885,2.81
2018-02-17,BNBUSDT,0.1885,0.2001,0.1856,0.1899,3.81
2018-02-18,BNBUSDT,0.1899,0.2196,0.1899,0.2125,5.29
2018-02-19,BNBUSDT,0.2125,0.231,0.2109,0.2201,4.12
2018-02-20,BNBUSDT,0.2201,0.2201,0.2026,0.2092,2.79
2018-02-21,BNBUSDT,0.2092,0.2498,0.2092,0.235,8.24
2018-02-22,BNBUSDT,0.235,0.2862,0.235,0.2697,5.75
2018-02-23,BNBUSDT,0.2697,0.2858,0.2697,0.2794,3.78
2018-02-24,BNBUSDT,0.2794,0.3036,0.2794,0.3033,3.56
2018-02-25,BNBUSDT,0.3033,0.3107,0.2932,0.2974,4.14
2018-02-26,BNBUSDT,0.2974,0.3832,0.2974,0.3547,9.36
2018-02-27,BNBUSDT,0.3547,0.3547,0.3209,0.3357,2.91
2018-02-28,BNBUSDT,0.3357,0.3748,0.3357,0.3457,1.52
2018-03-01,BNBUSDT,0.3457,0.3669,0.3226,0.3442,1.5
2018-03-02,BNBUSDT,0.3442,0.3442,0.2925,0.3038,11.27
2018-03-03,BNBUSDT,0.3038,0.3565,0.3038,0.3495,5.2
2018-03-04,BNBUSDT,0.3495,0.3495,0.3129,0.328,1.9
2018-03-05,BNBUSDT,0.328,0.3378,0.3089,0.3213,4.97
2018-03-06,BNBUSDT,0.3213,0.3213,0.2986,0.3021,1.56
2018-03-07,BNBUSDT,0.3021,0.3164,0.2894,0.2914,1.85
2018-03-08,BNBUSDT,0.2914,0.3207,0.286,0.3107,12.14
2018-03-09,BNBUSDT,0.3107,0.3107,0.2951,0.2955,4.6
2018-03-10,BNBUSDT,0.2955,0.3216,0.2955,0.3037,0.88
2018-03-11,BNBUSDT,0.3037,0.331,0.3009,0.3202,2.75
2018-03-12,BNBUSDT,0.3202,0.3495,0.2968,0.3319,2.46
2018-03-13,BNBUSDT,0.3319,0.3667,0.3319,0.3535,2.5
2018-03-14,BNBUSDT,0.3535,0.3666,0.3497,0.3635,4.66
2018-03-15,BNBUSDT,0.3635,0.3732,0.3442,0.3713,2.5
2018-03-16,BNBUSDT,0.3713,0.3758,0.3523,0.3612,3.08
2018-03-17,BNBUSDT,0.3612,0.3657,0.3362,0.3521,2.95
2018-03-18,BNBUSDT,0.3521,0.3564,0.3275,0.3453,1.96
2018-03-19,BNBUSDT,0.3453,0.3574,0.3344,0.3571,4.97
2018-03-20,BNBUSDT,0.3571,0.4041,0.3519,0.3782,2.67
2018-03-21,BNBUSDT,0.3782,0.4225,0.3782,0.4004,1.66
2018-03-22,BNBUSDT,0.4004,0.4342,0.4004,0.4129,2.3
2018-03-23,BNBUSDT,0.4129,0.4262,0.4127,0.4226,1.37
2018-03-24,BNBUSDT,0.4226,0.4898,0.4226,0.4649,2.44
2018-03-25,BNBUSDT,0.4649,0.4649,0.4217,0.4505,2.39
2018-03-26,BNBUSDT,0.4505,0.4902,0.4213,0.4521,1.91
2018-03-27,BNBUSDT,0.4521,0.4693,0.4446,0.4457,2.37
2018-03-28,BNBUSDT,0.4457,0.4667,0.4364,0.4561,5.37
2018-03-29,BNBUSDT,0.4561,0.531,0.4561,0.5122,4.92
2018-03-30,BNBUSDT,0.5122,0.5122,0.4411,0.456,2.98
2018-03-31,BNBUSDT,0.456,0.456,0.4151,0.4485,2.16
2018-04-01,BNBUSDT,0.4485,0.5209,0.4418,0.5093,6.7
2018-04-02,BNBUSDT,0.5093,0.5093,0.428,0.4654,2.42
2018-04-03,BNBUSDT,0.4654,0.5104,0.4654,0.4851,1.26
2018-04-04,BNBUSDT,0.4851,0.4897,0.4607,0.4721,0.97
2018-04-05,BNBUSDT,0.4721,0.5262,0.4516,0.4921,4.19
2018-04-06,BNBUSDT,0.4921,0.4921,0.4824,0.4825,3.4
2018-04-07,BNBUSDT,0.4825,0.5241,0.4825,0.5009,1.44
2018-04-08,BNBUSDT,0.5009,0.5009,0.4701,0.4744,2.34
2018-04-09,BNBUSDT,0.4744,0.4851,0.468,0.485,2.29
2018-04-10,BNBUSDT,0.485,0.5948,0.485,0.555,2.41
2018-04-11,BNBUSDT,0.555,0.6077,0.5364,0.559,0.6
2018-04-12,BNBUSDT,0.559,0.6086,0.559,0.5935,2.82
2018-04-13,BNBUSDT,0.5935,0.6658,0.5935,0.6242,1.48
2018-04-14,BNBUSDT,0.6242,0.6796,0.5986,0.6009,1.63
2018-04-15,BNBUSDT,0.6009,0.7614,0.6009,0.7134,4.85
2018-04-16,BNBUSDT,0.7134,0.7674,0.6867,0.7369,0.88
2018-04-17,BNBUSDT,0.7369,0.7369,0.6002,0.6599,2.05
2018-04-18,BNBUSDT,0.6599,0.694,0.6104,0.6543,0.79
2018-04-19,BNBUSDT,0.6543,0.6543,0.5457,0.5591,4.13
2018-04-20,BNBUSDT,0.5591,0.6069,0.5591,0.6021,2.08
2018-04-21,BNBUSDT,0.6021,0.668,0.6021,0.6474,2.56
2018-04-22,BNBUSDT,0.6474,0.6474,0.605,0.6204,1.82
2018-04-23,BNBUSDT,0.6204,0.6284,0.5767,0.5959,1.66
2018-04-24,BNBUSDT,0.5959,0.6139,0.5752,0.6102,1.08
2018-04-25,BNBUSDT,0.6102,0.6102,0.5709,0.6037,1.32
2018-04-26,BNBUSDT,0.6037,0.6037,0.4758,0.5262,2.56
2018-04-27,BNBUSDT,0.5262,0.5284,0.4608,0.5249,0.63
2018-04-28,BNBUSDT,0.5249,0.5417,0.4819,0.5206,0.7
2018-04-29,BNBUSDT,0.5206,0.5361,0.4984,0.5245,1.11
2018-04-30,BNBUSDT,0.5245,0.5907,0.5245,0.5328,1.25
2018-05-01,BNBUSDT,0.5328,0.5532,0.523,0.5294,1.05
2018-05-02,BNBUSDT,0.5294,0.6091,0.5162,0.5427,3.9
2018-05-03,BNBUSDT,0.5427,0.6078,0.5418,0.5649,1.36
2018-05-04,BNBUSDT,0.5649,0.5767,0.559,0.5745,1.35
2018-05-05,BNBUSDT,0.5745,0.5918,0.5521,0.5828,0.93
2018-05-06,BNBUSDT,0.5828,0.5828,0.5527,0.5544,1.11
2018-05-07,BNBUSDT,0.5544,0.6106,0.5408,0.5775,3.32
2018-05-08,BNBUSDT,0.5775,0.6,0.5775,0.5886,0.99
2018-05-09,BNBUSDT,0.5886,0.5903,0.5174,0.5505,1.1
2018-05-10,BNBUSDT,0.5505,0.6192,0.5505,0.6039,2.46
2018-05-11,BNBUSDT,0.6039,0.6727,0.6039,0.6714,2.66
2018-05-12,BNBUSDT,0.6714,0.6714,0.6026,0.6107,4.06
2018-05-13,BNBUSDT,0.6107,0.659,0.607,0.6382,1.7
2018-05-14,BNBUSDT,0.6382,0.6382,0.5624,0.604,5.76
2018-05-15,BNBUSDT,0.604,0.604,0.5611,0.5814,1.3
2018-05-16,BNBUSDT,0.5814,0.6132,0.5814,0.5932,1.61
2018-05-17,BNBUSDT,0.5932,0.6562,0.5932,0.6292,2.4
2018-05-18,BNBUSDT,0.6292,0.6292,0.5857,0.605,0.89
2018-05-19,BNBUSDT,0.605,0.6544,0.5416,0.5792,2.06
2018-05-20,BNBUSDT,0.5792,0.6006,0.5013,0.5539,0.84
2018-05-21,BNBUSDT,0.5539,0.6209,0.5539,0.6158,3.35
2018-05-22,BNBUSDT,0.6158,0.6158,0.5776,0.6049,1.46
2018-05-23,BNBUSDT,0.6049,0.62,0.5585,0.5937,1.21
2018-05-24,BNBUSDT,0.5937,0.6669,0.5937,0.6623,5.02
2018-05-25,BNBUSDT,0.6623,0.7076,0.6623,0.6807,0.88
2018-05-26,BNBUSDT,0.6807,0.7044,0.6283,0.6575,0.59
2018-05-27,BNBUSDT,0.6575,0.6575,0.5812,0.5909,1.45
2018-05-28,BNBUSDT,0.5909,0.6473,0.5654,0.5723,0.74
2018-05-29,BNBUSDT,0.5723,0.6395,0.5723,0.6329,1.66
2018-05-30,BNBUSDT,0.6329,0.6933,0.6329,0.6503,2.51
2018-05-31,BNBUSDT,0.6503,0.6503,0.5818,0.6036,1.56
2018-06-01,BNBUSDT,0.6036,0.6036,0.5751,0.5753,1.17
2018-06-02,BNBUSDT,0.5753,0.6267,0.5207,0.5585,2.17
2018-06-03,BNBUSDT,0.5585,0.6091,0.5411,0.5551,1.2
2018-06-04,BNBUSDT,0.5551,0.6204,0.5551,0.5968,2.54
2018-06-05,BNBUSDT,0.5968,0.6042,0.5502,0.5765,1.53
2018-06-06,BNBUSDT,0.5765,0.6424,0.5493,0.6208,1.17
2018-06-07,BNBUSDT,0.6208,0.635,0.5785,0.608,0.93
2018-06-08,BNBUSDT,0.608,0.6103,0.5754,0.576,1.91
2018-06-09,BNBUSDT,0.576,0.576,0.4251,0.4311,19.06
2018-06-10,BNBUSDT,0.4311,0.4713,0.4311,0.4552,2.51
2018-06-11,BNBUSDT,0.4552,0.4971,0.4552,0.4924,1.82
2018-06-12,BNBUSDT,0.4924,0.4924,0.4401,0.4477,5.02
2018-06-13,BNBUSDT,0.4477,0.4776,0.4477,0.4715,2.12
2018-06-14,BNBUSDT,0.4715,0.4715,0.4202,0.4232,3.89
2018-06-15,BNBUSDT,0.4232,0.4232,0.3623,0.3763,4.15
2018-06-16,BNBUSDT,0.3763,0.4119,0.3763,0.3841,2.12
2018-06-17,BNBUSDT,0.3841,0.4143,0.3781,0.4081,4.69
2018-06-18,BNBUSDT,0.4081,0.4117,0.3813,0.3946,2.57
2018-06-19,BNBUSDT,0.3946,0.4173,0.3885,0.4057,9.96
2018-06-20,BNBUSDT,0.4057,0.4677,0.4057,0.4467,2.09
2018-06-21,BNBUSDT,0.4467,0.4472,0.4385,0.4439,1.57
2018-06-22,BNBUSDT,0.4439,0.4847,0.4439,0.4554,3.79
2018-06-23,BNBUSDT,0.4554,0.4576,0.4138,0.4223,0.74
2018-06-24,BNBUSDT,0.4223,0.4462,0.4051,0.4091,0.77
2018-06-25,BNBUSDT,0.4091,0.4091,0.3918,0.3925,3.38
2018-06-26,BNBUSDT,0.3925,0.4134,0.369,0.3857,4.52
2018-06-27,BNBUSDT,0.3857,0.4356,0.3857,0.4152,2.46
2018-06-28,BNBUSDT,0.4152,0.4594,0.4075,0.4342,1.01
2018-06-29,BNBUSDT,0.4342,0.4728,0.4298,0.4417,2.01
2018-06-30,BNBUSDT,0.4417,0.4669,0.4316,0.4353,1.89
2018-07-01,BNBUSDT,0.4353,0.4353,0.2174,0.2195,13.13
2018-07-02,BNBUSDT,0.2195,0.2597,0.2134,0.2279,5.04
2018-07-03,BNBUSDT,0.2279,0.2492,0.2279,0.241,6.16
2018-07-04,BNBUSDT,0.241,0.241,0.2275,0.2284,4.82
2018-07-05,BNBUSDT,0.2284,0.2284,0.2027,0.2104,17.02
2018-07-06,BNBUSDT,0.2104,0.2104,0.1776,0.1836,9.67
2018-07-07,BNBUSDT,0.1836,0.1836,0.1693,0.1779,4.02
2018-07-08,BNBUSDT,0.1779,0.1943,0.1779,0.1942,10.23
2018-07-09,BNBUSDT,0.1942,0.2076,0.1941,0.1988,9.68
2018-07-10,BNBUSDT,0.1988,0.2132,0.1974,0.2053,7.55
2018-07-11,BNBUSDT,0.2053,0.2053,0.182,0.1844,7.73
2018-07-12,BNBUSDT,0.1844,0.212,0.1844,0.1954,14.59
2018-07-13,BNBUSDT,0.1954,0.1966,0.1778,0.1863,8.46
2018-07-14,BNBUSDT,0.1863,0.2125,0.1863,0.1905,3.06
2018-07-15,BNBUSDT,0.1905,0.1906,0.1694,0.1822,4.79
2018-07-16,BNBUSDT,0.1822,0.1903,0.1822,0.189,2.73
2018-07-17,BNBUSDT,0.189,0.2056,0.189,0.1952,3.98
2018-07-18,BNBUSDT,0.1952,0.2064,0.1785,0.1954,5.16
2018-07-19,BNBUSDT,0.1954,0.1954,0.1762,0.185,7.34
2018-07-20,BNBUSDT,0.185,0.1944,0.185,0.1925,4.89
2018-07-21,BNBUSDT,0.1925,0.1925,0.1752,0.1798,9.51
2018-07-22,BNBUSDT,0.1798,0.1831,0.1677,0.1755,3.24
2018-07-23,BNBUSDT,0.1755,0.1755,0.1634,0.1676,7.25
2018-07-24,BNBUSDT,0.1676,0.1756,0.1676,0.1716,6.73
2018-07-25,BNBUSDT,0.1716,0.1815,0.1707,0.1804,3.8
2018-07-26,BNBUSDT,0.1804,0.1804,0.1741,0.1748,7.61
2018-07-27,BNBUSDT,0.1748,0.1748,0.1599,0.1616,10.6
2018-07-28,BNBUSDT,0.1616,0.1616,0.1389,0.1522,4.99
2018-07-29,BNBUSDT,0.1522,0.1735,0.1522,0.1561,4.58
2018-07-30,BNBUSDT,0.1561,0.1606,0.1434,0.154,3.02
2018-07-31,BNBUSDT,0.154,0.1546,0.1456,0.1484,7.42
2018-08-01,BNBUSDT,0.1484,0.1592,0.1482,0.1578,9.32
2018-08-02,BNBUSDT,0.1578,0.1803,0.1548,0.164,5.35
2018-08-03,BNBUSDT,0.164,0.164,0.1476,0.1544,3.21
2018-08-04,BNBUSDT,0.1544,0.1594,0.1484,0.1492,8.23
2018-08-05,BNBUSDT,0.1492,0.1569,0.1452,0.1552,4.0
2018-08-06,BNBUSDT,0.1552,0.1591,0.143,0.1474,3.11
2018-08-07,BNBUSDT,0.1474,0.1628,0.1448,0.1521,6.53
2018-08-08,BNBUSDT,0.1521,0.1617,0.1435,0.1547,4.12
2018-08-09,BNBUSDT,0.1547,0.1547,0.1448,0.1474,11.07
2018-08-10,BNBUSDT,0.1474,0.1474,0.1303,0.1359,11.89
2018-08-11,BNBUSDT,0.1359,0.1479,0.1359,0.1421,8.34
2018-08-12,BNBUSDT,0.1421,0.1652,0.1421,0.1606,6.99
2018-08-13,BNBUSDT,0.1606,0.162,0.1504,0.1562,7.0
2018-08-14,BNBUSDT,0.1562,0.1595,0.1451,0.1477,13.57
2018-08-15,BNBUSDT,0.1477,0.154,0.1401,0.1444,3.58
2018-08-16,BNBUSDT,0.1444,0.1447,0.1336,0.1433,7.58
2018-08-17,BNBUSDT,0.1433,0.1619,0.1358,0.1514,12.72
2018-08-18,BNBUSDT,0.1514,0.1514,0.1324,0.1353,24.82
2018-08-19,BNBUSDT,0.1353,0.1353,0.1112,0.1266,9.46
2018-08-20,BNBUSDT,0.1266,0.1427,0.1241,0.1335,12.93
2018-08-21,BNBUSDT,0.1335,0.1394,0.1226,0.1306,5.48
2018-08-22,BNBUSDT,0.1306,0.1306,0.1078,0.1098,15.98
2018-08-23,BNBUSDT,0.1098,0.1169,0.1062,0.1128,5.82
2018-08-24,BNBUSDT,0.1128,0.1215,0.1128,0.1177,4.25
2018-08-25,BNBUSDT,0.1177,0.1262,0.1177,0.1231,13.95
2018-08-26,BNBUSDT,0.1231,0.1302,0.1213,0.1277,9.36
2018-08-27,BNBUSDT,0.1277,0.1277,0.1071,0.1149,26.34
2018-08-28,BNBUSDT,0.1149,0.1149,0.0971,0.0988,14.14
2018-08-29,BNBUSDT,0.0988,0.1012,0.086,0.0935,15.75
2018-08-30,BNBUSDT,0.0935,0.1015,0.0918,0.0924,1.63
2018-08-31,BNBUSDT,0.0924,0.1048,0.0924,0.1018,16.81
2018-09-01,BNBUSDT,0.1018,0.1091,0.1018,0.1074,7.74
2018-09-02,BNBUSDT,0.1074,0.1183,0.1074,0.1107,21.21
2018-09-03,BNBUSDT,0.1107,0.1107,0.103,0.1044,6.44
2018-09-04,BNBUSDT,0.1044,0.115,0.1044,0.1092,4.42
2018-09-05,BNBUSDT,0.1092,0.12,0.1045,0.1154,5.18
2018-09-06,BNBUSDT,0.1154,0.1154,0.0953,0.0978,27.69
2018-09-07,BNBUSDT,0.0978,0.1052,0.0978,0.1036,8.07
2018-09-08,BNBUSDT,0.1036,0.1057,0.094,0.0982,15.77
2018-09-09,BNBUSDT,0.0982,0.1094,0.0982,0.1067,28.93
2018-09-10,BNBUSDT,0.1067,0.1134,0.1017,0.1076,7.16
2018-09-11,BNBUSDT,0.1076,0.1192,0.1017,0.1111,6.88
2018-09-12,BNBUSDT,0.1111,0.1167,0.1111,0.1134,4.82
2018-09-13,BNBUSDT,0.1134,0.1193,0.1057,0.1136,4.85
2018-09-14,BNBUSDT,0.1136,0.12,0.1128,0.1187,4.93
2018-09-15,BNBUSDT,0.1187,0.1187,0.1134,0.1135,5.53
2018-09-16,BNBUSDT,0.1135,0.1268,0.1135,0.1263,6.63
2018-09-17,BNBUSDT,0.1263,0.1263,0.1148,0.1162,14.02
2018-09-18,BNBUSDT,0.1162,0.1206,0.1162,0.1198,7.01
2018-09-19,BNBUSDT,0.1198,0.1198,0.1084,0.11,6.31
2018-09-20,BNBUSDT,0.11,0.1203,0.11,0.118,9.02
2018-09-21,BNBUSDT,0.118,0.1207,0.0992,0.1132,4.08
2018-09-22,BNBUSDT,0.1132,0.1192,0.1132,0.1163,6.42
2018-09-23,BNBUSDT,0.1163,0.1175,0.1122,0.1146,6.27
2018-09-24,BNBUSDT,0.1146,0.1156,0.1135,0.1152,6.19
2018-09-25,BNBUSDT,0.1152,0.1205,0.1146,0.1147,10.96
2018-09-26,BNBUSDT,0.1147,0.1314,0.1147,0.125,25.82
2018-09-27,BNBUSDT,0.125,0.125,0.0996,0.1041,47.4
2018-09-28,BNBUSDT,0.1041,0.1166,0.1041,0.1119,26.51
2018-09-29,BNBUSDT,0.1119,0.1267,0.1119,0.1219,21.29
2018-09-30,BNBUSDT,0.1219,0.1219,0.113,0.1138,14.75
2018-10-01,BNBUSDT,0.1138,0.1278,0.1138,0.1231,11.04
2018-10-02,BNBUSDT,0.1231,0.1231,0.1052,0.1086,8.74
2018-10-03,BNBUSDT,0.1086,0.1086,0.096,0.0999,12.23
2018-10-04,BNBUSDT,0.0999,0.1044,0.0971,0.1026,11.28
2018-10-05,BNBUSDT,0.1026,0.1026,0.0963,0.0983,11.96
2018-10-06,BNBUSDT,0.0983,0.1002,0.0946,0.0997,6.09
2018-10-07,BNBUSDT,0.0997,0.1041,0.0964,0.103,5.85
2018-10-08,BNBUSDT,0.103,0.1095,0.103,0.1074,9.52
2018-10-09,BNBUSDT,0.1074,0.1165,0.1033,0.1117,6.12
2018-10-10,BNBUSDT,0.1117,0.1117,0.1075,0.1101,3.97
2018-10-11,BNBUSDT,0.1101,0.1112,0.1017,0.1088,5.05
2018-10-12,BNBUSDT,0.1088,0.1246,0.108,0.1179,9.16
2018-10-13,BNBUSDT,0.1179,0.1201,0.1073,0.1199,15.7
2018-10-14,BNBUSDT,0.1199,0.1269,0.1196,0.1232,9.26
2018-10-15,BNBUSDT,0.1232,0.1253,0.1134,0.1196,10.07
2018-10-16,BNBUSDT,0.1196,0.126,0.1196,0.1229,4.96
2018-10-17,BNBUSDT,0.1229,0.1265,0.1169,0.1183,4.21
2018-10-18,BNBUSDT,0.1183,0.1183,0.1072,0.1082,11.62
2018-10-19,BNBUSDT,0.1082,0.1121,0.106,0.1092,7.34
2018-10-20,BNBUSDT,0.1092,0.118,0.1037,0.1132,6.5
2018-10-21,BNBUSDT,0.1132,0.1206,0.1054,0.1127,8.15
2018-10-22,BNBUSDT,0.1127,0.1157,0.1101,0.113,14.35
2018-10-23,BNBUSDT,0.113,0.113,0.101,0.1063,12.29
2018-10-24,BNBUSDT,0.1063,0.1102,0.1002,0.1033,5.79
2018-10-25,BNBUSDT,0.1033,0.1038,0.0979,0.1014,12.26
2018-10-26,BNBUSDT,0.1014,0.1014,0.0933,0.0969,8.84
2018-10-27,BNBUSDT,0.0969,0.1025,0.0969,0.102,6.4
2018-10-28,BNBUSDT,0.102,0.1066,0.102,0.1022,6.4
2018-10-29,BNBUSDT,0.1022,0.1022,0.0931,0.0964,10.95
2018-10-30,BNBUSDT,0.0964,0.1105,0.0964,0.1003,4.11
2018-10-31,BNBUSDT,0.1003,0.1003,0.0878,0.0899,9.38
2018-11-01,BNBUSDT,0.0899,0.1021,0.0868,0.0926,12.39
2018-11-02,BNBUSDT,0.0926,0.1002,0.0926,0.094,14.76
2018-11-03,BNBUSDT,0.094,0.0988,0.0915,0.0961,5.53
2018-11-04,BNBUSDT,0.0961,0.0961,0.0897,0.0924,10.79
2018-11-05,BNBUSDT,0.0924,0.1075,0.0924,0.0985,6.64
2018-11-06,BNBUSDT,0.0985,0.1007,0.0871,0.0963,8.6
2018-11-07,BNBUSDT,0.0963,0.1032,0.095,0.0963,5.05
2018-11-08,BNBUSDT,0.0963,0.1105,0.0963,0.1054,18.24
2018-11-09,BNBUSDT,0.1054,0.1092,0.0957,0.0996,10.44
2018-11-10,BNBUSDT,0.0996,0.0996,0.0901,0.0929,10.02
2018-11-11,BNBUSDT,0.0929,0.0929,0.0863,0.0892,9.26
2018-11-12,BNBUSDT,0.0892,0.0924,0.0798,0.0889,13.26
2018-11-13,BNBUSDT,0.0889,0.0905,0.084,0.0844,7.27
2018-11-14,BNBUSDT,0.0844,0.0849,0.0825,0.0836,4.68
2018-11-15,BNBUSDT,0.0836,0.111,0.0836,0.1086,13.88
2018-11-16,BNBUSDT,0.1086,0.1086,0.1021,0.1024,9.63
2018-11-17,BNBUSDT,0.1024,0.1088,0.1024,0.1066,7.04
2018-11-18,BNBUSDT,0.1066,0.1082,0.104,0.1055,17.09
2018-11-19,BNBUSDT,0.1055,0.1055,0.0901,0.0941,19.21
2018-11-20,BNBUSDT,0.0941,0.114,0.0941,0.1086,33.37
2018-11-21,BNBUSDT,0.1086,0.1128,0.0994,0.101,11.67
2018-11-22,BNBUSDT,0.101,0.101,0.0937,0.0983,3.91
2018-11-23,BNBUSDT,0.0983,0.0993,0.0845,0.0904,4.36
2018-11-24,BNBUSDT,0.0904,0.0976,0.0904,0.0964,5.45
2018-11-25,BNBUSDT,0.0964,0.1031,0.0959,0.0968,2.9
2018-11-26,BNBUSDT,0.0968,0.0968,0.0873,0.0906,7.39
2018-11-27,BNBUSDT,0.0906,0.0936,0.0844,0.0928,3.61
2018-11-28,BNBUSDT,0.0928,0.0928,0.0897,0.0911,9.13
2018-11-29,BNBUSDT,0.0911,0.0911,0.0841,0.0865,8.3
2018-11-30,BNBUSDT,0.0865,0.1018,0.0865,0.0974,12.11
2018-12-01,BNBUSDT,0.0974,0.0974,0.0871,0.0926,15.28
2018-12-02,BNBUSDT,0.0926,0.0944,0.0866,0.0882,16.65
2018-12-03,BNBUSDT,0.0882,0.0921,0.0882,0.0921,6.22
2018-12-04,BNBUSDT,0.0921,0.0921,0.0834,0.0846,11.22
2018-12-05,BNBUSDT,0.0846,0.0859,0.0724,0.0844,6.47
2018-12-06,BNBUSDT,0.0844,0.087,0.0782,0.0837,8.18
2018-12-07,BNBUSDT,0.0837,0.0872,0.0837,0.0862,7.64
2018-12-08,BNBUSDT,0.0862,0.0862,0.0825,0.0845,8.67
2018-12-09,BNBUSDT,0.0845,0.0921,0.0845,0.0874,6.0
2018-12-10,BNBUSDT,0.0874,0.0991,0.0874,0.0942,5.87
2018-12-11,BNBUSDT,0.0942,0.1014,0.0942,0.0978,15.09
2018-12-12,BNBUSDT,0.0978,0.1031,0.0978,0.0997,11.76
2018-12-13,BNBUSDT,0.0997,0.1148,0.0997,0.1088,8.07
2018-12-14,BNBUSDT,0.1088,0.1183,0.1088,0.1124,20.73
2018-12-15,BNBUSDT,0.1124,0.1206,0.1124,0.1184,5.62
2018-12-16,BNBUSDT,0.1184,0.1333,0.1184,0.1324,10.92
2018-12-17,BNBUSDT,0.1324,0.1348,0.1263,0.1282,3.15
2018-12-18,BNBUSDT,0.1282,0.1332,0.1276,0.1311,8.36
2018-12-19,BNBUSDT,0.1311,0.1508,0.1311,0.1418,10.82
2018-12-20,BNBUSDT,0.1418,0.1535,0.1356,0.1415,6.7
2018-12-21,BNBUSDT,0.1415,0.1415,0.1262,0.1292,4.4
2018-12-22,BNBUSDT,0.1292,0.1529,0.1292,0.1471,22.85
2018-12-23,BNBUSDT,0.1471,0.1702,0.1471,0.1574,5.86
2018-12-24,BNBUSDT,0.1574,0.1574,0.1466,0.1491,11.43
2018-12-25,BNBUSDT,0.1491,0.1551,0.1461,0.15,3.53
2018-12-26,BNBUSDT,0.15,0.15,0.1296,0.1317,12.34
2018-12-27,BNBUSDT,0.1317,0.1446,0.1317,0.1361,12.24
2018-12-28,BNBUSDT,0.1361,0.1512,0.1361,0.1506,11.66
2018-12-29,BNBUSDT,0.1506,0.1662,0.1506,0.1658,7.99
2018-12-30,BNBUSDT,0.1658,0.1858,0.1658,0.1768,7.34
2018-12-31,BNBUSDT,0.1768,0.1871,0.1768,0.1855,11.75
2019-01-01,BNBUSDT,0.1855,0.1855,0.1206,0.1295,55.76
2019-01-02,BNBUSDT,0.1295,0.1418,0.1295,0.1338,9.01
2019-01-03,BNBUSDT,0.1338,0.1338,0.1217,0.1281,8.85
2019-01-04,BNBUSDT,0.1281,0.1342,0.1278,0.1296,5.98
2019-01-05,BNBUSDT,0.1296,0.1344,0.1246,0.1332,5.71
2019-01-06,BNBUSDT,0.1332,0.1379,0.1221,0.1323,10.8
2019-01-07,BNBUSDT,0.1323,0.1523,0.1323,0.1505,33.93
2019-01-08,BNBUSDT,0.1505,0.1588,0.1505,0.1557,3.49
2019-01-09,BNBUSDT,0.1557,0.1696,0.1557,0.1668,14.74
2019-01-10,BNBUSDT,0.1668,0.1823,0.1668,0.1729,17.15
2019-01-11,BNBUSDT,0.1729,0.1936,0.1729,0.1921,23.04
2019-01-12,BNBUSDT,0.1921,0.2125,0.1921,0.2078,11.09
2019-01-13,BNBUSDT,0.2078,0.2087,0.2033,0.2058,5.3
2019-01-14,BNBUSDT,0.2058,0.2058,0.1879,0.1922,10.58
2019-01-15,BNBUSDT,0.1922,0.1922,0.1809,0.181,6.18
2019-01-16,BNBUSDT,0.181,0.1817,0.1809,0.1814,5.8
2019-01-17,BNBUSDT,0.1814,0.1848,0.1695,0.1797,10.28
2019-01-18,BNBUSDT,0.1797,0.1827,0.1789,0.1803,5.86
2019-01-19,BNBUSDT,0.1803,0.1864,0.1803,0.1863,6.17
2019-01-20,BNBUSDT,0.1863,0.1863,0.173,0.1782,24.7
2019-01-21,BNBUSDT,0.1782,0.1782,0.1687,0.1736,5.32
2019-01-22,BNBUSDT,0.1736,0.2026,0.1736,0.1817,16.79
2019-01-23,BNBUSDT,0.1817,0.2208,0.1817,0.2021,22.8
2019-01-24,BNBUSDT,0.2021,0.2163,0.2021,0.2156,20.77
2019-01-25,BNBUSDT,0.2156,0.2402,0.2156,0.2339,21.18
2019-01-26,BNBUSDT,0.2339,0.2582,0.2315,0.2429,8.38
2019-01-27,BNBUSDT,0.2429,0.2463,0.2343,0.2438,5.07
2019-01-28,BNBUSDT,0.2438,0.2597,0.2438,0.2484,16.06
2019-01-29,BNBUSDT,0.2484,0.2484,0.2329,0.2355,30.41
2019-01-30,BNBUSDT,0.2355,0.2421,0.225,0.2339,2.6
2019-01-31,BNBUSDT,0.2339,0.2339,0.2119,0.2237,22.35
2019-02-01,BNBUSDT,0.2237,0.2497,0.2237,0.2437,8.64
2019-02-02,BNBUSDT,0.2437,0.2485,0.2406,0.2413,2.35
2019-02-03,BNBUSDT,0.2413,0.2413,0.1963,0.226,14.0
2019-02-04,BNBUSDT,0.226,0.2527,0.226,0.2465,9.06
2019-02-05,BNBUSDT,0.2465,0.247,0.2157,0.2453,8.65
2019-02-06,BNBUSDT,0.2453,0.2461,0.2427,0.2432,5.8
2019-02-07,BNBUSDT,0.2432,0.2434,0.2375,0.2378,6.85
2019-02-08,BNBUSDT,0.2378,0.2406,0.2054,0.2178,9.32
2019-02-09,BNBUSDT,0.2178,0.2349,0.2178,0.2311,13.72
2019-02-10,BNBUSDT,0.2311,0.2612,0.2311,0.2368,5.47
2019-02-11,BNBUSDT,0.2368,0.272,0.2368,0.2683,17.3
2019-02-12,BNBUSDT,0.2683,0.2702,0.2532,0.2626,13.01
2019-02-13,BNBUSDT,0.2626,0.277,0.2626,0.2711,8.2
2019-02-14,BNBUSDT,0.2711,0.274,0.2653,0.2668,10.77
2019-02-15,BNBUSDT,0.2668,0.2926,0.2602,0.2652,7.13
2019-02-16,BNBUSDT,0.2652,0.2652,0.2447,0.2464,4.28
2019-02-17,BNBUSDT,0.2464,0.2551,0.2286,0.2499,5.77
2019-02-18,BNBUSDT,0.2499,0.2499,0.2362,0.2364,6.22
2019-02-19,BNBUSDT,0.2364,0.2459,0.2359,0.2385,4.77
2019-02-20,BNBUSDT,0.2385,0.2385,0.2089,0.2194,22.4
2019-02-21,BNBUSDT,0.2194,0.2194,0.1878,0.2041,7.2
2019-02-22,BNBUSDT,0.2041,0.2261,0.2041,0.2224,11.68
2019-02-23,BNBUSDT,0.2224,0.2224,0.2037,0.213,9.89
2019-02-24,BNBUSDT,0.213,0.2255,0.1951,0.2089,11.59
2019-02-25,BNBUSDT,0.2089,0.2324,0.2089,0.2219,8.95
2019-02-26,BNBUSDT,0.2219,0.2282,0.2214,0.2228,6.01
2019-02-27,BNBUSDT,0.2228,0.239,0.2044,0.2255,8.47
2019-02-28,BNBUSDT,0.2255,0.2351,0.2201,0.226,6.03
2019-03-01,BNBUSDT,0.226,0.2651,0.226,0.2527,13.93
2019-03-02,BNBUSDT,0.2527,0.2527,0.2378,0.2476,7.88
2019-03-03,BNBUSDT,0.2476,0.2743,0.2462,0.2597,7.58
2019-03-04,BNBUSDT,0.2597,0.2819,0.2582,0.2613,6.26
2019-03-05,BNBUSDT,0.2613,0.2613,0.2399,0.2434,6.13
2019-03-06,BNBUSDT,0.2434,0.2596,0.2434,0.2557,16.51
2019-03-07,BNBUSDT,0.2557,0.2952,0.2557,0.2719,14.07
2019-03-08,BNBUSDT,0.2719,0.272,0.244,0.2633,6.74
2019-03-09,BNBUSDT,0.2633,0.2633,0.2455,0.2489,10.72
2019-03-10,BNBUSDT,0.2489,0.2593,0.2391,0.2511,4.29
2019-03-11,BNBUSDT,0.2511,0.2687,0.2351,0.2546,5.35
2019-03-12,BNBUSDT,0.2546,0.2546,0.2268,0.2298,6.9
2019-03-13,BNBUSDT,0.2298,0.2427,0.2298,0.2314,5.26
2019-03-14,BNBUSDT,0.2314,0.236,0.2163,0.2346,9.93
2019-03-15,BNBUSDT,0.2346,0.2346,0.2154,0.2161,7.44
2019-03-16,BNBUSDT,0.2161,0.2219,0.2103,0.2213,8.04
2019-03-17,BNBUSDT,0.2213,0.2485,0.2096,0.2223,5.9
2019-03-18,BNBUSDT,0.2223,0.2417,0.2223,0.2342,6.83
2019-03-19,BNBUSDT,0.2342,0.2575,0.2308,0.2425,7.27
2019-03-20,BNBUSDT,0.2425,0.2476,0.23,0.2445,10.09
2019-03-21,BNBUSDT,0.2445,0.2677,0.2445,0.2503,8.13
2019-03-22,BNBUSDT,0.2503,0.2691,0.243,0.2556,6.39
2019-03-23,BNBUSDT,0.2556,0.2666,0.2437,0.2531,14.21
2019-03-24,BNBUSDT,0.2531,0.2641,0.2382,0.2568,13.52
2019-03-25,BNBUSDT,0.2568,0.2663,0.2374,0.2595,8.43
2019-03-26,BNBUSDT,0.2595,0.2595,0.2471,0.2515,15.44
2019-03-27,BNBUSDT,0.2515,0.2578,0.2485,0.2535,3.26
2019-03-28,BNBUSDT,0.2535,0.2567,0.2439,0.2558,9.17
2019-03-29,BNBUSDT,0.2558,0.2702,0.2471,0.2488,12.09
2019-03-30,BNBUSDT,0.2488,0.2488,0.2334,0.2417,7.99
2019-03-31,BNBUSDT,0.2417,0.2417,0.2201,0.2204,17.6
2019-04-01,BNBUSDT,0.2204,0.226,0.214,0.2211,18.9
2019-04-02,BNBUSDT,0.2211,0.2636,0.2211,0.2625,18.09
2019-04-03,BNBUSDT,0.2625,0.3333,0.2625,0.3164,26.49
2019-04-04,BNBUSDT,0.3164,0.3164,0.3008,0.3039,4.48
2019-04-05,BNBUSDT,0.3039,0.3039,0.2895,0.2931,5.84
2019-04-06,BNBUSDT,0.2931,0.3132,0.2931,0.3113,7.87
2019-04-07,BNBUSDT,0.3113,0.3113,0.2638,0.2835,14.17
2019-04-08,BNBUSDT,0.2835,0.2835,0.2651,0.2724,5.3
2019-04-09,BNBUSDT,0.2724,0.3141,0.2724,0.2944,15.41
2019-04-10,BNBUSDT,0.2944,0.2944,0.2669,0.2768,4.86
2019-04-11,BNBUSDT,0.2768,0.2976,0.2573,0.2803,9.43
2019-04-12,BNBUSDT,0.2803,0.2809,0.272,0.2749,5.55
2019-04-13,BNBUSDT,0.2749,0.3137,0.2749,0.3028,6.62
2019-04-14,BNBUSDT,0.3028,0.3352,0.2948,0.3183,5.12
2019-04-15,BNBUSDT,0.3183,0.3649,0.3183,0.3482,6.76
2019-04-16,BNBUSDT,0.3482,0.361,0.3288,0.3428,4.26
2019-04-17,BNBUSDT,0.3428,0.3768,0.3307,0.3552,6.41
2019-04-18,BNBUSDT,0.3552,0.3552,0.2994,0.3355,16.86
2019-04-19,BNBUSDT,0.3355,0.3553,0.3283,0.3511,8.45
2019-04-20,BNBUSDT,0.3511,0.3545,0.3448,0.3462,6.47
2019-04-21,BNBUSDT,0.3462,0.3717,0.3349,0.3395,5.38
2019-04-22,BNBUSDT,0.3395,0.3836,0.3395,0.3745,14.88
2019-04-23,BNBUSDT,0.3745,0.3745,0.342,0.3515,2.99
2019-04-24,BNBUSDT,0.3515,0.4132,0.334,0.3667,10.59
2019-04-25,BNBUSDT,0.3667,0.4211,0.3667,0.4092,10.7
2019-04-26,BNBUSDT,0.4092,0.412,0.3875,0.389,10.04
2019-04-27,BNBUSDT,0.389,0.4506,0.389,0.4151,5.99
2019-04-28,BNBUSDT,0.4151,0.4208,0.3768,0.4099,3.36
2019-04-29,BNBUSDT,0.4099,0.4433,0.4099,0.4342,5.44
2019-04-30,BNBUSDT,0.4342,0.4387,0.412,0.4262,9.53
2019-05-01,BNBUSDT,0.4262,0.4538,0.4231,0.4524,7.13
2019-05-02,BNBUSDT,0.4524,0.4719,0.4524,0.4626,17.24
2019-05-03,BNBUSDT,0.4626,0.5168,0.4302,0.481,5.87
2019-05-04,BNBUSDT,0.481,0.4819,0.4427,0.4661,3.25
2019-05-05,BNBUSDT,0.4661,0.5342,0.4661,0.5111,9.24
2019-05-06,BNBUSDT,0.5111,0.5305,0.5011,0.5115,1.51
2019-05-07,BNBUSDT,0.5115,0.5344,0.4816,0.5145,1.67
2019-05-08,BNBUSDT,0.5145,0.5225,0.4892,0.5119,2.83
2019-05-09,BNBUSDT,0.5119,0.5914,0.5119,0.5682,7.02
2019-05-10,BNBUSDT,0.5682,0.5763,0.523,0.5589,4.12
2019-05-11,BNBUSDT,0.5589,0.6323,0.537,0.629,3.58
2019-05-12,BNBUSDT,0.629,0.6837,0.629,0.6419,3.59
2019-05-13,BNBUSDT,0.6419,0.6725,0.6419,0.656,4.13
2019-05-14,BNBUSDT,0.656,0.7272,0.6266,0.6721,2.54
2019-05-15,BNBUSDT,0.6721,0.793,0.6721,0.7525,11.87
2019-05-16,BNBUSDT,0.7525,0.7525,0.6837,0.7076,2.76
2019-05-17,BNBUSDT,0.7076,0.7187,0.6606,0.6946,1.55
2019-05-18,BNBUSDT,0.6946,0.7249,0.6946,0.7038,3.27
2019-05-19,BNBUSDT,0.7038,0.7225,0.7033,0.7136,6.18
2019-05-20,BNBUSDT,0.7136,0.7136,0.629,0.6315,3.6
2019-05-21,BNBUSDT,0.6315,0.6315,0.5145,0.5635,3.82
2019-05-22,BNBUSDT,0.5635,0.6653,0.5635,0.6255,4.0
2019-05-23,BNBUSDT,0.6255,0.7203,0.6255,0.704,5.79
2019-05-24,BNBUSDT,0.704,0.8328,0.704,0.7637,2.88
2019-05-25,BNBUSDT,0.7637,0.7637,0.7473,0.7495,5.04
2019-05-26,BNBUSDT,0.7495,0.7718,0.6889,0.7447,1.24
2019-05-27,BNBUSDT,0.7447,0.8894,0.7447,0.8298,7.48
2019-05-28,BNBUSDT,0.8298,0.8298,0.7145,0.7756,6.71
2019-05-29,BNBUSDT,0.7756,0.8419,0.7756,0.8367,3.0
2019-05-30,BNBUSDT,0.8367,1.007,0.8121,0.8776,2.67
2019-05-31,BNBUSDT,0.8776,0.8776,0.7727,0.7773,4.77
2019-06-01,BNBUSDT,0.7773,0.9241,0.7773,0.9193,9.24
2019-06-02,BNBUSDT,0.9193,0.9732,0.9028,0.9196,0.98
2019-06-03,BNBUSDT,0.9196,0.9196,0.9041,0.9119,3.53
2019-06-04,BNBUSDT,0.9119,0.9672,0.8783,0.9331,1.83
2019-06-05,BNBUSDT,0.9331,0.9831,0.9273,0.9689,1.93
2019-06-06,BNBUSDT,0.9689,1.0638,0.9621,0.9726,0.97
2019-06-07,BNBUSDT,0.9726,1.034,0.9721,0.9996,1.35
2019-06-08,BNBUSDT,0.9996,0.9996,0.8643,0.8938,2.49
2019-06-09,BNBUSDT,0.8938,0.8938,0.8075,0.8438,3.04
2019-06-10,BNBUSDT,0.8438,0.9717,0.8438,0.933,3.83
2019-06-11,BNBUSDT,0.933,0.9693,0.8724,0.9043,6.5
2019-06-12,BNBUSDT,0.9043,1.1277,0.9043,1.004,4.43
2019-06-13,BNBUSDT,1.004,1.004,0.9038,0.9311,6.93
2019-06-14,BNBUSDT,0.9311,0.9591,0.9143,0.9211,2.03
2019-06-15,BNBUSDT,0.9211,0.9636,0.8814,0.9108,2.19
2019-06-16,BNBUSDT,0.9108,1.0655,0.9108,1.0196,9.42
2019-06-17,BNBUSDT,1.0196,1.146,0.9999,1.0546,1.9
2019-06-18,BNBUSDT,1.0546,1.0875,1.0116,1.0385,3.96
2019-06-19,BNBUSDT,1.0385,1.2425,1.0385,1.2092,13.76
2019-06-20,BNBUSDT,1.2092,1.3634,1.2092,1.3357,6.29
2019-06-21,BNBUSDT,1.3357,1.4311,1.2756,1.3334,1.09
2019-06-22,BNBUSDT,1.3334,1.3751,1.2791,1.2954,3.08
2019-06-23,BNBUSDT,1.2954,1.2954,1.0812,1.1417,10.54
2019-06-24,BNBUSDT,1.1417,1.3968,1.1417,1.2853,5.47
2019-06-25,BNBUSDT,1.2853,1.3377,1.2645,1.2754,4.32
2019-06-26,BNBUSDT,1.2754,1.3829,1.2754,1.3385,3.87
2019-06-27,BNBUSDT,1.3385,1.3385,1.1924,1.2348,3.01
2019-06-28,BNBUSDT,1.2348,1.3629,1.1382,1.2611,6.66
2019-06-29,BNBUSDT,1.2611,1.386,1.2611,1.383,4.69
2019-06-30,BNBUSDT,1.383,1.4314,1.371,1.4082,2.75
2019-07-01,BNBUSDT,1.4082,1.4082,1.2638,1.3293,1.83
2019-07-02,BNBUSDT,1.3293,1.3795,1.3243,1.3792,3.66
2019-07-03,BNBUSDT,1.3792,1.4581,1.3792,1.4268,4.07
2019-07-04,BNBUSDT,1.4268,1.4797,1.3144,1.434,2.05
2019-07-05,BNBUSDT,1.434,1.434,1.1851,1.2566,9.29
2019-07-06,BNBUSDT,1.2566,1.2566,1.0863,1.1986,2.35
2019-07-07,BNBUSDT,1.1986,1.1986,1.0283,1.0829,2.2
2019-07-08,BNBUSDT,1.0829,1.0831,0.9485,1.0027,5.48
2019-07-09,BNBUSDT,1.0027,1.044,1.0027,1.0249,5.03
2019-07-10,BNBUSDT,1.0249,1.0249,0.846,0.9184,17.4
2019-07-11,BNBUSDT,0.9184,1.05,0.9184,1.0477,7.75
2019-07-12,BNBUSDT,1.0477,1.0546,0.9644,1.0349,2.1
2019-07-13,BNBUSDT,1.0349,1.1009,0.9537,1.0329,5.17
2019-07-14,BNBUSDT,1.0329,1.0329,0.9563,0.9648,1.73
2019-07-15,BNBUSDT,0.9648,0.969,0.8927,0.9272,2.9
2019-07-16,BNBUSDT,0.9272,0.9272,0.8604,0.9063,3.67
2019-07-17,BNBUSDT,0.9063,0.9063,0.8132,0.8301,11.41
2019-07-18,BNBUSDT,0.8301,0.8321,0.8084,0.8237,3.85
2019-07-19,BNBUSDT,0.8237,0.8482,0.8085,0.8167,3.47
2019-07-20,BNBUSDT,0.8167,0.8495,0.768,0.8106,2.08
2019-07-21,BNBUSDT,0.8106,0.9252,0.8106,0.9126,3.54
2019-07-22,BNBUSDT,0.9126,1.0539,0.9126,0.9798,4.56
2019-07-23,BNBUSDT,0.9798,0.9824,0.8962,0.9293,7.01
2019-07-24,BNBUSDT,0.9293,0.9732,0.9057,0.9633,2.04
2019-07-25,BNBUSDT,0.9633,1.0921,0.9632,0.9707,3.66
2019-07-26,BNBUSDT,0.9707,0.9954,0.9108,0.9841,4.11
2019-07-27,BNBUSDT,0.9841,0.9879,0.9048,0.9413,4.61
2019-07-28,BNBUSDT,0.9413,1.1151,0.9413,1.0176,4.33
2019-07-29,BNBUSDT,1.0176,1.1008,1.0176,1.091,5.83
2019-07-30,BNBUSDT,1.091,1.2865,1.091,1.1379,2.86
2019-07-31,BNBUSDT,1.1379,1.2616,1.0919,1.175,0.9
2019-08-01,BNBUSDT,1.175,1.1784,1.095,1.1783,5.7
2019-08-02,BNBUSDT,1.1783,1.1783,1.094,1.1135,3.0
2019-08-03,BNBUSDT,1.1135,1.2209,1.066,1.1043,1.6
2019-08-04,BNBUSDT,1.1043,1.1043,1.0556,1.0714,3.76
2019-08-05,BNBUSDT,1.0714,1.088,1.0128,1.0433,2.76
2019-08-06,BNBUSDT,1.0433,1.138,1.0433,1.0843,6.18
2019-08-07,BNBUSDT,1.0843,1.1263,1.0438,1.0549,2.38
2019-08-08,BNBUSDT,1.0549,1.0978,1.0549,1.0877,5.28
2019-08-09,BNBUSDT,1.0877,1.0877,1.0196,1.0467,4.43
2019-08-10,BNBUSDT,1.0467,1.0778,0.9533,1.0182,8.43
2019-08-11,BNBUSDT,1.0182,1.0182,0.9734,0.9867,3.42
2019-08-12,BNBUSDT,0.9867,0.9867,0.904,0.947,2.88
2019-08-13,BNBUSDT,0.947,1.0274,0.9144,0.96,5.48
2019-08-14,BNBUSDT,0.96,0.96,0.8084,0.8755,16.4
2019-08-15,BNBUSDT,0.8755,0.8926,0.8343,0.8393,8.12
2019-08-16,BNBUSDT,0.8393,0.8834,0.7963,0.8359,3.74
2019-08-17,BNBUSDT,0.8359,0.8359,0.7107,0.7728,7.32
2019-08-18,BNBUSDT,0.7728,0.8004,0.7728,0.7957,3.65
2019-08-19,BNBUSDT,0.7957,0.7957,0.7429,0.7607,6.75
2019-08-20,BNBUSDT,0.7607,0.8423,0.7359,0.7929,5.31
2019-08-21,BNBUSDT,0.7929,0.8389,0.7913,0.8133,1.78
2019-08-22,BNBUSDT,0.8133,0.8717,0.7632,0.7932,7.51
2019-08-23,BNBUSDT,0.7932,0.8407,0.792,0.8385,4.84
2019-08-24,BNBUSDT,0.8385,0.9727,0.8385,0.941,6.28
2019-08-25,BNBUSDT,0.941,0.9863,0.941,0.9813,1.79
2019-08-26,BNBUSDT,0.9813,0.9899,0.9765,0.9814,3.18
2019-08-27,BNBUSDT,0.9814,1.0273,0.9263,0.9834,10.24
2019-08-28,BNBUSDT,0.9834,1.0293,0.954,1.0132,9.43
2019-08-29,BNBUSDT,1.0132,1.0843,0.9812,1.0543,6.59
2019-08-30,BNBUSDT,1.0543,1.1014,0.9889,1.04,4.65
2019-08-31,BNBUSDT,1.04,1.0849,1.0044,1.0632,6.38
2019-09-01,BNBUSDT,1.0632,1.0632,0.99,1.0235,6.57
2019-09-02,BNBUSDT,1.0235,1.0337,0.9201,0.9602,1.86
2019-09-03,BNBUSDT,0.9602,0.9602,0.8617,0.9375,6.15
2019-09-04,BNBUSDT,0.9375,1.0014,0.9375,0.9668,8.53
2019-09-05,BNBUSDT,0.9668,0.9726,0.8086,0.906,9.24
2019-09-06,BNBUSDT,0.906,1.005,0.906,0.9459,7.11
2019-09-07,BNBUSDT,0.9459,0.9662,0.8844,0.8984,7.23
2019-09-08,BNBUSDT,0.8984,0.9012,0.7839,0.8674,5.28
2019-09-09,BNBUSDT,0.8674,0.8674,0.7717,0.8173,10.85
2019-09-10,BNBUSDT,0.8173,0.8173,0.6972,0.7647,2.78
2019-09-11,BNBUSDT,0.7647,0.8769,0.7647,0.8213,3.51
2019-09-12,BNBUSDT,0.8213,0.8213,0.7082,0.7782,6.95
2019-09-13,BNBUSDT,0.7782,0.8061,0.7096,0.7729,5.87
2019-09-14,BNBUSDT,0.7729,0.7842,0.7275,0.7842,7.2
2019-09-15,BNBUSDT,0.7842,0.8152,0.7842,0.7935,5.87
2019-09-16,BNBUSDT,0.7935,0.8092,0.7229,0.7556,4.95
2019-09-17,BNBUSDT,0.7556,0.7809,0.7556,0.7674,4.61
2019-09-18,BNBUSDT,0.7674,0.7825,0.7001,0.768,4.51
2019-09-19,BNBUSDT,0.768,0.9666,0.768,0.8985,8.58
2019-09-20,BNBUSDT,0.8985,0.8985,0.8321,0.8534,9.08
2019-09-21,BNBUSDT,0.8534,0.9034,0.8534,0.8894,10.71
2019-09-22,BNBUSDT,0.8894,0.8894,0.7902,0.846,12.77
2019-09-23,BNBUSDT,0.846,0.859,0.8368,0.8435,3.24
2019-09-24,BNBUSDT,0.8435,0.8435,0.7676,0.813,2.9
2019-09-25,BNBUSDT,0.813,0.8541,0.813,0.8308,3.96
2019-09-26,BNBUSDT,0.8308,0.8903,0.7868,0.8755,2.47
2019-09-27,BNBUSDT,0.8755,0.9718,0.8534,0.938,15.63
2019-09-28,BNBUSDT,0.938,0.9994,0.9132,0.9669,5.46
2019-09-29,BNBUSDT,0.9669,0.9669,0.8748,0.8829,7.92
2019-09-30,BNBUSDT,0.8829,0.9587,0.8829,0.9144,6.79
2019-10-01,BNBUSDT,0.9144,0.9144,0.8521,0.8668,7.69
2019-10-02,BNBUSDT,0.8668,0.9045,0.8418,0.8584,7.61
2019-10-03,BNBUSDT,0.8584,0.8893,0.8554,0.869,6.64
2019-10-04,BNBUSDT,0.869,0.9092,0.8461,0.8668,3.12
2019-10-05,BNBUSDT,0.8668,0.8868,0.7692,0.8757,1.67
2019-10-06,BNBUSDT,0.8757,1.0577,0.8757,1.0153,22.68
2019-10-07,BNBUSDT,1.0153,1.1338,1.0153,1.1047,15.07
2019-10-08,BNBUSDT,1.1047,1.1448,1.0612,1.1361,4.36
2019-10-09,BNBUSDT,1.1361,1.2013,1.1255,1.1957,9.38
2019-10-10,BNBUSDT,1.1957,1.1957,1.1207,1.145,4.45
2019-10-11,BNBUSDT,1.145,1.145,1.083,1.0923,8.38
2019-10-12,BNBUSDT,1.0923,1.0923,0.9662,0.9938,20.12
2019-10-13,BNBUSDT,0.9938,0.9938,0.8406,0.8772,11.86
2019-10-14,BNBUSDT,0.8772,0.8772,0.832,0.8425,2.78
2019-10-15,BNBUSDT,0.8425,0.8617,0.7959,0.8294,8.19
2019-10-16,BNBUSDT,0.8294,0.8294,0.7289,0.7891,13.06
2019-10-17,BNBUSDT,0.7891,0.846,0.7517,0.7717,9.26
2019-10-18,BNBUSDT,0.7717,0.9343,0.7717,0.9108,34.56
2019-10-19,BNBUSDT,0.9108,0.9515,0.9004,0.9187,2.84
2019-10-20,BNBUSDT,0.9187,0.9187,0.8179,0.881,4.44
2019-10-21,BNBUSDT,0.881,0.881,0.7976,0.8056,5.97
2019-10-22,BNBUSDT,0.8056,0.8056,0.6903,0.7277,14.65
2019-10-23,BNBUSDT,0.7277,0.7949,0.6813,0.7095,6.32
2019-10-24,BNBUSDT,0.7095,0.7095,0.6176,0.6702,8.84
2019-10-25,BNBUSDT,0.6702,0.6978,0.6702,0.6935,9.22
2019-10-26,BNBUSDT,0.6935,0.746,0.6935,0.7306,10.05
2019-10-27,BNBUSDT,0.7306,0.7787,0.7306,0.7766,4.19
2019-10-28,BNBUSDT,0.7766,0.8403,0.7006,0.7828,2.96
2019-10-29,BNBUSDT,0.7828,0.7898,0.7563,0.7813,1.43
2019-10-30,BNBUSDT,0.7813,0.7813,0.7358,0.7646,8.57
2019-10-31,BNBUSDT,0.7646,0.7646,0.6774,0.6873,12.66
2019-11-01,BNBUSDT,0.6873,0.6903,0.6443,0.6776,6.74
2019-11-02,BNBUSDT,0.6776,0.7165,0.6776,0.702,8.02
2019-11-03,BNBUSDT,0.702,0.7104,0.6796,0.7032,5.3
2019-11-04,BNBUSDT,0.7032,0.7262,0.6433,0.6706,4.65
2019-11-05,BNBUSDT,0.6706,0.6706,0.5818,0.601,20.3
2019-11-06,BNBUSDT,0.601,0.6268,0.5678,0.5728,6.99
2019-11-07,BNBUSDT,0.5728,0.6229,0.5456,0.5987,6.58
2019-11-08,BNBUSDT,0.5987,0.5987,0.5501,0.5674,4.86
2019-11-09,BNBUSDT,0.5674,0.5674,0.5278,0.5293,5.94
2019-11-10,BNBUSDT,0.5293,0.5742,0.5102,0.5221,2.82
2019-11-11,BNBUSDT,0.5221,0.5221,0.4754,0.4969,14.85
2019-11-12,BNBUSDT,0.4969,0.4995,0.4679,0.4882,10.71
2019-11-13,BNBUSDT,0.4882,0.5039,0.4663,0.4908,5.96
2019-11-14,BNBUSDT,0.4908,0.5316,0.4903,0.5115,5.05
2019-11-15,BNBUSDT,0.5115,0.5401,0.4699,0.5076,4.37
2019-11-16,BNBUSDT,0.5076,0.5254,0.5076,0.5192,4.76
2019-11-17,BNBUSDT,0.5192,0.539,0.5029,0.5318,5.64
2019-11-18,BNBUSDT,0.5318,0.5318,0.476,0.4879,31.38
2019-11-19,BNBUSDT,0.4879,0.4879,0.4386,0.4698,3.18
2019-11-20,BNBUSDT,0.4698,0.4893,0.4369,0.4714,10.98
2019-11-21,BNBUSDT,0.4714,0.5085,0.4649,0.4935,7.43
2019-11-22,BNBUSDT,0.4935,0.506,0.4737,0.4974,3.84
2019-11-23,BNBUSDT,0.4974,0.532,0.4971,0.5273,15.07
2019-11-24,BNBUSDT,0.5273,0.5273,0.4842,0.5075,18.64
2019-11-25,BNBUSDT,0.5075,0.5673,0.5075,0.5298,8.12
2019-11-26,BNBUSDT,0.5298,0.5345,0.4601,0.4877,15.98
2019-11-27,BNBUSDT,0.4877,0.5248,0.4791,0.4994,11.66
2019-11-28,BNBUSDT,0.4994,0.4994,0.4751,0.4887,9.31
2019-11-29,BNBUSDT,0.4887,0.5543,0.4887,0.526,11.26
2019-11-30,BNBUSDT,0.526,0.5887,0.526,0.5693,12.01
2019-12-01,BNBUSDT,0.5693,0.5994,0.5599,0.5715,7.32
2019-12-02,BNBUSDT,0.5715,0.6635,0.5715,0.6246,11.85
2019-12-03,BNBUSDT,0.6246,0.7097,0.6246,0.6841,31.95
2019-12-04,BNBUSDT,0.6841,0.7767,0.6841,0.7649,16.59
2019-12-05,BNBUSDT,0.7649,0.7649,0.7012,0.7271,6.75
2019-12-06,BNBUSDT,0.7271,0.8029,0.7074,0.7421,3.61
2019-12-07,BNBUSDT,0.7421,0.8403,0.7421,0.7889,24.19
2019-12-08,BNBUSDT,0.7889,0.9025,0.7889,0.8367,10.33
2019-12-09,BNBUSDT,0.8367,0.8367,0.7641,0.7893,4.11
2019-12-10,BNBUSDT,0.7893,0.7893,0.6974,0.7428,6.77
2019-12-11,BNBUSDT,0.7428,0.8055,0.7141,0.7318,14.03
2019-12-12,BNBUSDT,0.7318,0.7358,0.6959,0.7053,5.07
2019-12-13,BNBUSDT,0.7053,0.7218,0.7018,0.7096,4.21
2019-12-14,BNBUSDT,0.7096,0.7151,0.6305,0.6875,5.5
2019-12-15,BNBUSDT,0.6875,0.6875,0.6148,0.6443,5.86
2019-12-16,BNBUSDT,0.6443,0.6443,0.5379,0.5531,33.72
2019-12-17,BNBUSDT,0.5531,0.5791,0.5478,0.5673,2.24
2019-12-18,BNBUSDT,0.5673,0.5847,0.5163,0.5502,6.99
2019-12-19,BNBUSDT,0.5502,0.5749,0.5105,0.5281,4.27
2019-12-20,BNBUSDT,0.5281,0.567,0.5281,0.5625,8.14
2019-12-21,BNBUSDT,0.5625,0.5706,0.5319,0.5687,7.42
2019-12-22,BNBUSDT,0.5687,0.5687,0.5106,0.5406,9.66
2019-12-23,BNBUSDT,0.5406,0.5949,0.529,0.5612,9.04
2019-12-24,BNBUSDT,0.5612,0.5635,0.5429,0.5598,10.75
2019-12-25,BNBUSDT,0.5598,0.5821,0.5333,0.5596,10.74
2019-12-26,BNBUSDT,0.5596,0.5596,0.5043,0.5184,19.58
2019-12-27,BNBUSDT,0.5184,0.534,0.4991,0.5296,6.02
2019-12-28,BNBUSDT,0.5296,0.5296,0.4792,0.4983,15.86
2019-12-29,BNBUSDT,0.4983,0.4983,0.4399,0.4574,11.54
2019-12-30,BNBUSDT,0.4574,0.4626,0.4326,0.4347,14.24
2019-12-31,BNBUSDT,0.4347,0.458,0.4128,0.4216,14.94
2020-01-01,BNBUSDT,0.4216,0.8191,0.4216,0.8027,26.46
2020-01-02,BNBUSDT,0.8027,0.8464,0.8027,0.8421,5.22
2020-01-03,BNBUSDT,0.8421,0.9683,0.8421,0.9273,15.15
2020-01-04,BNBUSDT,0.9273,0.9273,0.861,0.8748,6.75
2020-01-05,BNBUSDT,0.8748,0.9605,0.8748,0.935,5.58
2020-01-06,BNBUSDT,0.935,0.9909,0.9316,0.9736,1.15
2020-01-07,BNBUSDT,0.9736,1.0072,0.9189,0.9466,3.46
2020-01-08,BNBUSDT,0.9466,0.948,0.8633,0.8945,1.97
2020-01-09,BNBUSDT,0.8945,0.8945,0.7852,0.8281,4.52
2020-01-10,BNBUSDT,0.8281,0.8281,0.8036,0.8176,7.93
2020-01-11,BNBUSDT,0.8176,0.8176,0.7246,0.7419,8.72
2020-01-12,BNBUSDT,0.7419,0.817,0.7345,0.8001,2.0
2020-01-13,BNBUSDT,0.8001,0.8493,0.8001,0.8223,2.71
2020-01-14,BNBUSDT,0.8223,0.8942,0.7912,0.8613,5.12
2020-01-15,BNBUSDT,0.8613,0.8613,0.7776,0.8141,4.54
2020-01-16,BNBUSDT,0.8141,0.9152,0.8141,0.8786,6.23
2020-01-17,BNBUSDT,0.8786,0.8786,0.7152,0.7539,9.87
2020-01-18,BNBUSDT,0.7539,0.7919,0.7155,0.7404,4.48
2020-01-19,BNBUSDT,0.7404,0.7834,0.6908,0.7477,8.52
2020-01-20,BNBUSDT,0.7477,0.773,0.6898,0.7538,9.11
2020-01-21,BNBUSDT,0.7538,0.9358,0.7538,0.8331,10.71
2020-01-22,BNBUSDT,0.8331,0.8669,0.7634,0.8128,7.15
2020-01-23,BNBUSDT,0.8128,0.8164,0.7912,0.811,2.49
2020-01-24,BNBUSDT,0.811,0.811,0.7327,0.7735,6.01
2020-01-25,BNBUSDT,0.7735,0.896,0.7735,0.8938,11.89
2020-01-26,BNBUSDT,0.8938,0.9735,0.8891,0.9697,5.09
2020-01-27,BNBUSDT,0.9697,1.076,0.8836,0.986,2.45
2020-01-28,BNBUSDT,0.986,1.0024,0.9357,0.9649,3.49
2020-01-29,BNBUSDT,0.9649,1.0756,0.9452,0.9974,3.98
2020-01-30,BNBUSDT,0.9974,0.9974,0.9044,0.9431,5.39
2020-01-31,BNBUSDT,0.9431,0.9431,0.9007,0.9174,11.09
2020-02-01,BNBUSDT,0.9174,0.9174,0.8434,0.8823,11.9
2020-02-02,BNBUSDT,0.8823,0.8823,0.7918,0.8419,10.05
2020-02-03,BNBUSDT,0.8419,0.8631,0.8304,0.8412,3.55
2020-02-04,BNBUSDT,0.8412,0.8412,0.7826,0.7927,9.81
2020-02-05,BNBUSDT,0.7927,0.7927,0.7436,0.7535,13.03
2020-02-06,BNBUSDT,0.7535,0.7535,0.6861,0.7016,11.13
2020-02-07,BNBUSDT,0.7016,0.7327,0.6912,0.7203,6.04
2020-02-08,BNBUSDT,0.7203,0.8041,0.7203,0.7797,16.08
2020-02-09,BNBUSDT,0.7797,0.7797,0.7687,0.7765,3.34
2020-02-10,BNBUSDT,0.7765,0.7765,0.6694,0.7163,14.35
2020-02-11,BNBUSDT,0.7163,0.7356,0.7159,0.7249,7.37
2020-02-12,BNBUSDT,0.7249,0.8352,0.707,0.7468,5.64
2020-02-13,BNBUSDT,0.7468,0.7468,0.5848,0.6952,10.07
2020-02-14,BNBUSDT,0.6952,0.7171,0.6672,0.6837,4.24
2020-02-15,BNBUSDT,0.6837,0.7352,0.6837,0.7212,11.92
2020-02-16,BNBUSDT,0.7212,0.7812,0.7212,0.752,7.48
2020-02-17,BNBUSDT,0.752,0.7823,0.7171,0.7437,7.76
2020-02-18,BNBUSDT,0.7437,0.7798,0.7241,0.7499,4.79
2020-02-19,BNBUSDT,0.7499,0.7924,0.7175,0.7595,11.25
2020-02-20,BNBUSDT,0.7595,0.7999,0.7268,0.7901,2.91
2020-02-21,BNBUSDT,0.7901,0.7901,0.7044,0.7168,19.21
2020-02-22,BNBUSDT,0.7168,0.7168,0.6419,0.6639,9.63
2020-02-23,BNBUSDT,0.6639,0.7007,0.6543,0.6769,9.39
2020-02-24,BNBUSDT,0.6769,0.6769,0.6197,0.6433,3.65
2020-02-25,BNBUSDT,0.6433,0.6944,0.6358,0.6781,2.99
2020-02-26,BNBUSDT,0.6781,0.688,0.6587,0.6649,2.72
2020-02-27,BNBUSDT,0.6649,0.7184,0.6445,0.6495,6.65
2020-02-28,BNBUSDT,0.6495,0.692,0.6331,0.6623,4.62
2020-02-29,BNBUSDT,0.6623,0.6623,0.582,0.6441,5.16
2020-03-01,BNBUSDT,0.6441,0.7323,0.6441,0.7172,8.51
2020-03-02,BNBUSDT,0.7172,0.7203,0.6157,0.6932,5.48
2020-03-03,BNBUSDT,0.6932,0.7604,0.6728,0.7531,4.33
2020-03-04,BNBUSDT,0.7531,0.8361,0.7531,0.8017,14.81
2020-03-05,BNBUSDT,0.8017,0.8017,0.7623,0.7653,3.29
2020-03-06,BNBUSDT,0.7653,0.7796,0.6819,0.7666,4.79
2020-03-07,BNBUSDT,0.7666,0.7886,0.7296,0.7667,11.24
2020-03-08,BNBUSDT,0.7667,0.7924,0.7285,0.7801,6.87
2020-03-09,BNBUSDT,0.7801,0.8383,0.7348,0.8014,7.3
2020-03-10,BNBUSDT,0.8014,0.8014,0.7678,0.7938,4.79
2020-03-11,BNBUSDT,0.7938,0.7938,0.704,0.7514,4.11
2020-03-12,BNBUSDT,0.7514,0.8006,0.7514,0.7775,6.97
2020-03-13,BNBUSDT,0.7775,0.7775,0.6568,0.6854,10.41
2020-03-14,BNBUSDT,0.6854,0.6854,0.6305,0.6466,9.8
2020-03-15,BNBUSDT,0.6466,0.6896,0.6466,0.6668,7.09
2020-03-16,BNBUSDT,0.6668,0.6909,0.6631,0.6861,5.49
2020-03-17,BNBUSDT,0.6861,0.6861,0.6224,0.6312,9.54
2020-03-18,BNBUSDT,0.6312,0.6779,0.6225,0.6544,8.74
2020-03-19,BNBUSDT,0.6544,0.6912,0.6287,0.6661,12.99
2020-03-20,BNBUSDT,0.6661,0.7076,0.6661,0.6793,6.89
2020-03-21,BNBUSDT,0.6793,0.7426,0.6793,0.7388,11.96
2020-03-22,BNBUSDT,0.7388,0.7993,0.7338,0.7768,16.18
2020-03-23,BNBUSDT,0.7768,0.8416,0.7768,0.8405,5.78
2020-03-24,BNBUSDT,0.8405,0.9324,0.8405,0.8919,6.32
2020-03-25,BNBUSDT,0.8919,0.9576,0.8419,0.9223,10.16
2020-03-26,BNBUSDT,0.9223,0.9777,0.9223,0.9615,9.86
2020-03-27,BNBUSDT,0.9615,1.0017,0.8924,0.9515,3.05
2020-03-28,BNBUSDT,0.9515,0.9639,0.8839,0.9425,12.15
2020-03-29,BNBUSDT,0.9425,0.9465,0.8907,0.9271,3.73
2020-03-30,BNBUSDT,0.9271,1.0009,0.9271,0.9873,8.75
2020-03-31,BNBUSDT,0.9873,1.0388,0.8987,0.9849,6.42
2020-04-01,BNBUSDT,0.9849,0.9921,0.9491,0.9524,9.91
2020-04-02,BNBUSDT,0.9524,0.9524,0.8798,0.8942,7.57
2020-04-03,BNBUSDT,0.8942,1.0347,0.8942,0.9055,2.07
2020-04-04,BNBUSDT,0.9055,0.9055,0.7576,0.7666,27.81
2020-04-05,BNBUSDT,0.7666,0.7666,0.6481,0.6893,10.69
2020-04-06,BNBUSDT,0.6893,0.7103,0.6283,0.6856,10.12
2020-04-07,BNBUSDT,0.6856,0.7802,0.6533,0.712,11.09
2020-04-08,BNBUSDT,0.712,0.7732,0.712,0.7628,22.93
2020-04-09,BNBUSDT,0.7628,0.7628,0.729,0.7497,5.05
2020-04-10,BNBUSDT,0.7497,0.7497,0.6924,0.7343,11.41
2020-04-11,BNBUSDT,0.7343,0.7368,0.7043,0.7323,6.94
2020-04-12,BNBUSDT,0.7323,0.7793,0.7302,0.7735,6.45
2020-04-13,BNBUSDT,0.7735,0.7939,0.7624,0.791,18.63
2020-04-14,BNBUSDT,0.791,0.8444,0.791,0.8151,6.02
2020-04-15,BNBUSDT,0.8151,0.908,0.8078,0.8713,7.23
2020-04-16,BNBUSDT,0.8713,0.8713,0.8098,0.8111,8.79
2020-04-17,BNBUSDT,0.8111,0.9281,0.7617,0.8129,4.0
2020-04-18,BNBUSDT,0.8129,0.9526,0.8129,0.8865,16.94
2020-04-19,BNBUSDT,0.8865,0.9991,0.8865,0.9714,15.3
2020-04-20,BNBUSDT,0.9714,1.016,0.9525,0.9963,20.28
2020-04-21,BNBUSDT,0.9963,1.0143,0.8509,0.9843,4.79
2020-04-22,BNBUSDT,0.9843,1.0887,0.9843,1.0524,11.6
2020-04-23,BNBUSDT,1.0524,1.1748,1.0524,1.1546,12.53
2020-04-24,BNBUSDT,1.1546,1.2339,1.1546,1.2316,7.79
2020-04-25,BNBUSDT,1.2316,1.2633,1.2316,1.2525,11.39
2020-04-26,BNBUSDT,1.2525,1.2688,1.1239,1.1707,15.01
2020-04-27,BNBUSDT,1.1707,1.1886,1.1335,1.1437,7.37
2020-04-28,BNBUSDT,1.1437,1.1437,1.0639,1.1229,3.1
2020-04-29,BNBUSDT,1.1229,1.1229,1.0485,1.072,7.78
2020-04-30,BNBUSDT,1.072,1.072,0.8471,0.8982,32.63
2020-05-01,BNBUSDT,0.8982,0.989,0.8982,0.9629,25.76
2020-05-02,BNBUSDT,0.9629,0.9768,0.9149,0.9489,10.24
2020-05-03,BNBUSDT,0.9489,1.107,0.9489,1.0357,20.11
2020-05-04,BNBUSDT,1.0357,1.1377,0.9996,1.0343,4.6
2020-05-05,BNBUSDT,1.0343,1.1289,1.0263,1.075,12.05
2020-05-06,BNBUSDT,1.075,1.075,1.011,1.0223,4.02
2020-05-07,BNBUSDT,1.0223,1.0878,1.0223,1.0736,5.84
2020-05-08,BNBUSDT,1.0736,1.2677,1.0736,1.2265,12.42
2020-05-09,BNBUSDT,1.2265,1.3435,1.1621,1.2843,7.45
2020-05-10,BNBUSDT,1.2843,1.3825,1.2482,1.3322,4.23
2020-05-11,BNBUSDT,1.3322,1.4931,1.3322,1.4547,24.27
2020-05-12,BNBUSDT,1.4547,1.4547,1.2648,1.3836,7.98
2020-05-13,BNBUSDT,1.3836,1.5166,1.3661,1.4254,9.11
2020-05-14,BNBUSDT,1.4254,1.5448,1.3475,1.4098,2.85
2020-05-15,BNBUSDT,1.4098,1.4947,1.3604,1.4637,6.09
2020-05-16,BNBUSDT,1.4637,1.4637,1.255,1.338,6.79
2020-05-17,BNBUSDT,1.338,1.338,1.187,1.2384,13.05
2020-05-18,BNBUSDT,1.2384,1.3333,1.2384,1.2641,4.2
2020-05-19,BNBUSDT,1.2641,1.4111,1.2517,1.3521,21.64
2020-05-20,BNBUSDT,1.3521,1.4293,1.2664,1.3563,3.78
2020-05-21,BNBUSDT,1.3563,1.4076,1.3563,1.401,10.4
2020-05-22,BNBUSDT,1.401,1.401,1.2357,1.2857,9.16
2020-05-23,BNBUSDT,1.2857,1.2857,1.2083,1.2174,8.15
2020-05-24,BNBUSDT,1.2174,1.2174,1.1815,1.1856,2.45
2020-05-25,BNBUSDT,1.1856,1.2041,1.1582,1.1846,9.61
2020-05-26,BNBUSDT,1.1846,1.2639,1.1788,1.2023,10.23
2020-05-27,BNBUSDT,1.2023,1.2534,1.1002,1.1892,5.65
2020-05-28,BNBUSDT,1.1892,1.2585,1.0925,1.1645,4.47
2020-05-29,BNBUSDT,1.1645,1.1645,1.0181,1.0844,6.57
2020-05-30,BNBUSDT,1.0844,1.09,1.0645,1.0851,2.1
2020-05-31,BNBUSDT,1.0851,1.0851,0.9814,1.0059,4.39
2020-06-01,BNBUSDT,1.0059,1.007,0.9867,1.0052,3.29
2020-06-02,BNBUSDT,1.0052,1.0236,0.9436,0.9563,9.32
2020-06-03,BNBUSDT,0.9563,0.9652,0.8769,0.9477,4.2
2020-06-04,BNBUSDT,0.9477,0.9623,0.9175,0.9525,6.27
2020-06-05,BNBUSDT,0.9525,1.1024,0.9525,1.087,23.83
2020-06-06,BNBUSDT,1.087,1.1684,1.087,1.1519,6.06
2020-06-07,BNBUSDT,1.1519,1.235,1.0957,1.1028,6.07
2020-06-08,BNBUSDT,1.1028,1.1028,0.9332,1.022,4.89
2020-06-09,BNBUSDT,1.022,1.1009,1.022,1.0676,3.85
2020-06-10,BNBUSDT,1.0676,1.1391,1.0676,1.079,8.64
2020-06-11,BNBUSDT,1.079,1.079,0.8414,0.915,4.55
2020-06-12,BNBUSDT,0.915,1.0007,0.915,0.9874,5.06
2020-06-13,BNBUSDT,0.9874,0.9896,0.9141,0.9808,7.78
2020-06-14,BNBUSDT,0.9808,1.01,0.9763,1.0019,4.63
2020-06-15,BNBUSDT,1.0019,1.0048,0.9664,0.9756,5.09
2020-06-16,BNBUSDT,0.9756,0.9955,0.8495,0.9453,4.02
2020-06-17,BNBUSDT,0.9453,0.9648,0.9078,0.9135,7.12
2020-06-18,BNBUSDT,0.9135,1.0066,0.9135,0.9227,3.61
2020-06-19,BNBUSDT,0.9227,0.9227,0.8552,0.8711,4.09
2020-06-20,BNBUSDT,0.8711,0.8854,0.8547,0.8608,7.9
2020-06-21,BNBUSDT,0.8608,0.8608,0.8111,0.8264,4.08
2020-06-22,BNBUSDT,0.8264,0.895,0.8052,0.8816,4.78
2020-06-23,BNBUSDT,0.8816,0.9797,0.8367,0.8823,3.13
2020-06-24,BNBUSDT,0.8823,0.8961,0.8681,0.8938,3.98
2020-06-25,BNBUSDT,0.8938,0.8938,0.8204,0.8814,4.33
2020-06-26,BNBUSDT,0.8814,0.8892,0.8432,0.8858,7.84
2020-06-27,BNBUSDT,0.8858,1.0761,0.8858,1.0011,15.85
2020-06-28,BNBUSDT,1.0011,1.0097,0.8764,1.0079,2.94
2020-06-29,BNBUSDT,1.0079,1.0079,0.9051,0.9914,2.21
2020-06-30,BNBUSDT,0.9914,1.0586,0.9763,1.0116,2.78
2020-07-01,BNBUSDT,1.0116,1.1142,1.0116,1.1123,7.03
2020-07-02,BNBUSDT,1.1123,1.1833,1.105,1.172,2.86
2020-07-03,BNBUSDT,1.172,1.2881,1.172,1.2615,9.5
2020-07-04,BNBUSDT,1.2615,1.4706,1.2615,1.3464,7.57
2020-07-05,BNBUSDT,1.3464,1.4638,1.3464,1.4524,5.81
2020-07-06,BNBUSDT,1.4524,1.6212,1.4524,1.5634,5.37
2020-07-07,BNBUSDT,1.5634,1.5634,1.5238,1.5251,10.46
2020-07-08,BNBUSDT,1.5251,1.5251,1.4174,1.4645,4.12
2020-07-09,BNBUSDT,1.4645,1.4645,1.3774,1.3967,2.85
2020-07-10,BNBUSDT,1.3967,1.3967,1.3043,1.3363,3.93
2020-07-11,BNBUSDT,1.3363,1.3989,1.2332,1.3529,4.13
2020-07-12,BNBUSDT,1.3529,1.3529,1.1974,1.2682,3.21
2020-07-13,BNBUSDT,1.2682,1.3783,1.2682,1.3584,6.39
2020-07-14,BNBUSDT,1.3584,1.3985,1.3154,1.363,2.02
2020-07-15,BNBUSDT,1.363,1.4627,1.3594,1.3825,1.83
2020-07-16,BNBUSDT,1.3825,1.3825,1.2848,1.3499,2.31
2020-07-17,BNBUSDT,1.3499,1.3499,1.2339,1.2541,6.04
2020-07-18,BNBUSDT,1.2541,1.2547,1.1928,1.2141,5.19
2020-07-19,BNBUSDT,1.2141,1.2463,1.19,1.2455,5.21
2020-07-20,BNBUSDT,1.2455,1.2769,1.2455,1.2721,2.23
2020-07-21,BNBUSDT,1.2721,1.3353,1.2332,1.2873,8.56
2020-07-22,BNBUSDT,1.2873,1.4371,1.2873,1.3666,5.08
2020-07-23,BNBUSDT,1.3666,1.3666,1.2864,1.3393,1.76
2020-07-24,BNBUSDT,1.3393,1.4084,1.2395,1.3413,4.31
2020-07-25,BNBUSDT,1.3413,1.4368,1.3145,1.363,4.17
2020-07-26,BNBUSDT,1.363,1.4078,1.1856,1.3247,4.55
2020-07-27,BNBUSDT,1.3247,1.3855,1.269,1.3175,4.56
2020-07-28,BNBUSDT,1.3175,1.3175,1.1889,1.2222,4.32
2020-07-29,BNBUSDT,1.2222,1.2222,1.1137,1.1822,3.83
2020-07-30,BNBUSDT,1.1822,1.1822,1.0267,1.1108,3.25
2020-07-31,BNBUSDT,1.1108,1.1847,1.1108,1.1576,4.8
2020-08-01,BNBUSDT,1.1576,1.712,1.1576,1.5693,16.13
2020-08-02,BNBUSDT,1.5693,1.5693,1.3481,1.4551,2.87
2020-08-03,BNBUSDT,1.4551,1.6488,1.4402,1.529,3.77
2020-08-04,BNBUSDT,1.529,1.5436,1.4493,1.4666,2.47
2020-08-05,BNBUSDT,1.4666,1.4666,1.3329,1.3557,1.64
2020-08-06,BNBUSDT,1.3557,1.5609,1.3557,1.4477,2.62
2020-08-07,BNBUSDT,1.4477,1.4477,1.278,1.3413,7.1
2020-08-08,BNBUSDT,1.3413,1.3631,1.2371,1.2787,5.99
2020-08-09,BNBUSDT,1.2787,1.2787,1.2055,1.2468,6.71
2020-08-10,BNBUSDT,1.2468,1.2468,1.1546,1.1609,1.59
2020-08-11,BNBUSDT,1.1609,1.1609,1.0772,1.1143,3.26
2020-08-12,BNBUSDT,1.1143,1.2216,1.0974,1.1603,3.93
2020-08-13,BNBUSDT,1.1603,1.2178,1.1318,1.1497,4.72
2020-08-14,BNBUSDT,1.1497,1.2733,1.1456,1.2055,12.02
2020-08-15,BNBUSDT,1.2055,1.2055,1.0992,1.1257,7.42
2020-08-16,BNBUSDT,1.1257,1.1257,1.0355,1.0489,4.66
2020-08-17,BNBUSDT,1.0489,1.118,1.0489,1.1178,3.1
2020-08-18,BNBUSDT,1.1178,1.1843,1.1006,1.1264,1.59
2020-08-19,BNBUSDT,1.1264,1.285,1.1264,1.2283,3.02
2020-08-20,BNBUSDT,1.2283,1.3745,1.2283,1.3591,14.78
2020-08-21,BNBUSDT,1.3591,1.3674,1.3261,1.3438,2.67
2020-08-22,BNBUSDT,1.3438,1.3494,1.2132,1.3175,3.64
2020-08-23,BNBUSDT,1.3175,1.3658,1.2487,1.3104,4.37
2020-08-24,BNBUSDT,1.3104,1.6021,1.3104,1.4932,6.0
2020-08-25,BNBUSDT,1.4932,1.6696,1.4932,1.6459,6.48
2020-08-26,BNBUSDT,1.6459,1.7285,1.4992,1.6016,6.28
2020-08-27,BNBUSDT,1.6016,1.7768,1.5758,1.6739,6.49
2020-08-28,BNBUSDT,1.6739,1.8213,1.6706,1.7794,3.56
2020-08-29,BNBUSDT,1.7794,2.0529,1.7794,1.9501,7.72
2020-08-30,BNBUSDT,1.9501,2.0522,1.9501,2.0101,3.38
2020-08-31,BNBUSDT,2.0101,2.0101,1.7037,1.8791,11.18
2020-09-01,BNBUSDT,1.8791,2.0467,1.8616,1.905,1.62
2020-09-02,BNBUSDT,1.905,1.905,1.7642,1.828,3.17
2020-09-03,BNBUSDT,1.828,2.272,1.828,2.061,11.33
2020-09-04,BNBUSDT,2.061,2.4251,2.061,2.319,6.27
2020-09-05,BNBUSDT,2.319,2.3843,2.1331,2.1626,4.41
2020-09-06,BNBUSDT,2.1626,2.5113,2.1626,2.4183,4.27
2020-09-07,BNBUSDT,2.4183,2.6294,2.4183,2.6252,1.87
2020-09-08,BNBUSDT,2.6252,2.8471,2.5307,2.655,1.23
2020-09-09,BNBUSDT,2.655,2.8871,2.655,2.8427,10.19
2020-09-10,BNBUSDT,2.8427,2.9675,2.8427,2.9299,4.01
2020-09-11,BNBUSDT,2.9299,3.2544,2.9299,3.219,3.65
2020-09-12,BNBUSDT,3.219,3.3387,3.1169,3.2994,5.16
2020-09-13,BNBUSDT,3.2994,3.6383,3.2994,3.4411,3.43
2020-09-14,BNBUSDT,3.4411,3.8156,3.2527,3.4767,2.15
2020-09-15,BNBUSDT,3.4767,3.9001,3.4767,3.6553,5.42
2020-09-16,BNBUSDT,3.6553,3.6567,3.3011,3.4795,4.17
2020-09-17,BNBUSDT,3.4795,3.4795,3.3951,3.4397,5.38
2020-09-18,BNBUSDT,3.4397,3.7525,3.4001,3.5366,2.08
2020-09-19,BNBUSDT,3.5366,3.5609,3.3305,3.3844,0.99
2020-09-20,BNBUSDT,3.3844,3.5999,3.3643,3.5015,2.36
2020-09-21,BNBUSDT,3.5015,3.8326,3.5015,3.7378,4.23
2020-09-22,BNBUSDT,3.7378,4.2195,3.7021,3.9474,1.69
2020-09-23,BNBUSDT,3.9474,4.0708,3.7379,3.9918,0.89
2020-09-24,BNBUSDT,3.9918,4.4263,3.9918,4.1994,1.36
2020-09-25,BNBUSDT,4.1994,4.1994,3.6971,4.0747,1.75
2020-09-26,BNBUSDT,4.0747,4.2935,4.0344,4.2247,3.54
2020-09-27,BNBUSDT,4.2247,4.6771,4.2247,4.5596,3.76
2020-09-28,BNBUSDT,4.5596,4.734,4.5596,4.6934,2.82
2020-09-29,BNBUSDT,4.6934,5.7641,4.6934,5.6896,10.18
2020-09-30,BNBUSDT,5.6896,5.6896,5.1547,5.3498,1.19
2020-10-01,BNBUSDT,5.3498,5.3498,4.3876,4.747,7.73
2020-10-02,BNBUSDT,4.747,5.0123,4.599,4.798,0.67
2020-10-03,BNBUSDT,4.798,4.798,4.3759,4.6181,3.16
2020-10-04,BNBUSDT,4.6181,4.6604,4.4407,4.5695,2.35
2020-10-05,BNBUSDT,4.5695,4.6932,4.1066,4.3047,3.98
2020-10-06,BNBUSDT,4.3047,4.5618,4.2384,4.5423,1.16
2020-10-07,BNBUSDT,4.5423,4.5423,4.0921,4.3851,1.86
2020-10-08,BNBUSDT,4.3851,4.3851,3.6408,3.7275,3.6
2020-10-09,BNBUSDT,3.7275,3.7275,3.5528,3.5551,2.18
2020-10-10,BNBUSDT,3.5551,3.5551,3.3677,3.4298,3.69
2020-10-11,BNBUSDT,3.4298,3.6576,3.3706,3.5109,3.05
2020-10-12,BNBUSDT,3.5109,4.0376,3.5109,3.8827,9.67
2020-10-13,BNBUSDT,3.8827,3.8827,3.6368,3.7954,2.15
2020-10-14,BNBUSDT,3.7954,4.0227,3.759,3.8935,3.88
2020-10-15,BNBUSDT,3.8935,4.189,3.8935,4.0581,4.17
2020-10-16,BNBUSDT,4.0581,4.1121,3.8437,3.9723,2.75
2020-10-17,BNBUSDT,3.9723,3.9723,3.7257,3.8033,3.85
2020-10-18,BNBUSDT,3.8033,3.8033,3.4321,3.6265,1.2
2020-10-19,BNBUSDT,3.6265,3.8137,3.5273,3.7801,3.81
2020-10-20,BNBUSDT,3.7801,3.7801,3.3681,3.4922,6.25
2020-10-21,BNBUSDT,3.4922,3.4922,3.1972,3.2016,7.08
2020-10-22,BNBUSDT,3.2016,3.2016,2.6867,2.8977,7.63
2020-10-23,BNBUSDT,2.8977,2.8977,2.7917,2.8619,4.9
2020-10-24,BNBUSDT,2.8619,3.0084,2.8619,2.9121,4.57
2020-10-25,BNBUSDT,2.9121,3.0639,2.8303,2.9466,2.01
2020-10-26,BNBUSDT,2.9466,2.9466,2.4873,2.6107,6.9
2020-10-27,BNBUSDT,2.6107,2.8472,2.6107,2.8085,5.71
2020-10-28,BNBUSDT,2.8085,3.0046,2.7918,2.9292,3.19
2020-10-29,BNBUSDT,2.9292,3.1619,2.7354,2.9755,3.6
2020-10-30,BNBUSDT,2.9755,3.4108,2.9755,3.2502,4.78
2020-10-31,BNBUSDT,3.2502,3.4577,3.2502,3.4138,6.01
2020-11-01,BNBUSDT,3.4138,3.8546,3.4138,3.838,4.25
2020-11-02,BNBUSDT,3.838,3.9628,3.7931,3.9,4.79
2020-11-03,BNBUSDT,3.9,4.144,3.7716,3.874,1.83
2020-11-04,BNBUSDT,3.874,4.2662,3.874,4.11,2.02
2020-11-05,BNBUSDT,4.11,4.2188,4.1003,4.1668,0.67
2020-11-06,BNBUSDT,4.1668,4.5578,4.1569,4.2567,1.31
2020-11-07,BNBUSDT,4.2567,4.4181,4.0369,4.1855,2.76
2020-11-08,BNBUSDT,4.1855,4.8777,4.1855,4.6821,3.05
2020-11-09,BNBUSDT,4.6821,4.6821,4.1254,4.3006,3.67
2020-11-10,BNBUSDT,4.3006,4.3867,4.3006,4.3518,2.72
2020-11-11,BNBUSDT,4.3518,4.7288,4.1671,4.6524,11.94
2020-11-12,BNBUSDT,4.6524,4.9788,4.2986,4.8318,1.3
2020-11-13,BNBUSDT,4.8318,5.5527,4.8318,5.5039,4.69
2020-11-14,BNBUSDT,5.5039,5.703,5.3815,5.6871,2.77
2020-11-15,BNBUSDT,5.6871,6.0595,5.4634,5.6843,1.44
2020-11-16,BNBUSDT,5.6843,5.788,5.6843,5.7611,1.3
2020-11-17,BNBUSDT,5.7611,5.7611,4.918,5.3573,2.08
2020-11-18,BNBUSDT,5.3573,5.3573,5.0428,5.0784,1.65
2020-11-19,BNBUSDT,5.0784,5.353,5.0784,5.2251,5.03
2020-11-20,BNBUSDT,5.2251,5.2455,5.0388,5.1328,2.21
2020-11-21,BNBUSDT,5.1328,5.4858,5.1328,5.3371,2.53
2020-11-22,BNBUSDT,5.3371,5.3371,4.415,4.5853,3.93
2020-11-23,BNBUSDT,4.5853,4.6517,4.4136,4.6193,0.91
2020-11-24,BNBUSDT,4.6193,5.0805,4.6193,5.0374,1.68
2020-11-25,BNBUSDT,5.0374,5.1796,4.9028,5.0902,1.38
2020-11-26,BNBUSDT,5.0902,5.5865,5.0902,5.2706,2.38
2020-11-27,BNBUSDT,5.2706,5.5031,5.1166,5.2231,0.86
2020-11-28,BNBUSDT,5.2231,5.2231,4.9356,5.0482,1.26
2020-11-29,BNBUSDT,5.0482,5.0482,4.68,4.8541,3.67
2020-11-30,BNBUSDT,4.8541,5.0371,4.8541,5.0037,0.79
2020-12-01,BNBUSDT,5.0037,5.0366,4.2065,4.5155,3.13
2020-12-02,BNBUSDT,4.5155,5.1552,4.4581,5.0176,3.45
2020-12-03,BNBUSDT,5.0176,5.0176,4.3786,4.6817,1.14
2020-12-04,BNBUSDT,4.6817,4.8748,4.6817,4.7606,1.89
2020-12-05,BNBUSDT,4.7606,4.7606,4.5934,4.6992,2.87
2020-12-06,BNBUSDT,4.6992,5.2346,4.6992,5.0772,1.13
2020-12-07,BNBUSDT,5.0772,5.2264,4.5867,5.0573,0.99
2020-12-08,BNBUSDT,5.0573,5.0573,4.645,4.8482,2.8
2020-12-09,BNBUSDT,4.8482,5.1499,4.8482,5.1097,5.81
2020-12-10,BNBUSDT,5.1097,5.1097,5.0406,5.0506,1.06
2020-12-11,BNBUSDT,5.0506,5.0506,4.3349,4.6846,2.01
2020-12-12,BNBUSDT,4.6846,4.8968,4.5911,4.6244,1.25
2020-12-13,BNBUSDT,4.6244,4.6244,4.262,4.2904,2.66
2020-12-14,BNBUSDT,4.2904,4.2904,3.7757,3.8035,8.59
2020-12-15,BNBUSDT,3.8035,4.2165,3.7694,3.8937,1.11
2020-12-16,BNBUSDT,3.8937,4.2198,3.6869,4.0323,3.15
2020-12-17,BNBUSDT,4.0323,4.0323,3.6389,3.6585,2.68
2020-12-18,BNBUSDT,3.6585,4.0534,3.6585,3.854,2.33
2020-12-19,BNBUSDT,3.854,4.6507,3.854,4.1199,4.47
2020-12-20,BNBUSDT,4.1199,4.3779,4.1199,4.3624,2.98
2020-12-21,BNBUSDT,4.3624,4.3624,4.0497,4.0635,1.95
2020-12-22,BNBUSDT,4.0635,4.222,3.8196,4.1165,2.0
2020-12-23,BNBUSDT,4.1165,4.55,3.7985,4.1417,0.82
2020-12-24,BNBUSDT,4.1417,4.2787,3.7558,3.9852,3.05
2020-12-25,BNBUSDT,3.9852,3.9852,3.8637,3.9134,0.94
2020-12-26,BNBUSDT,3.9134,4.9841,3.9134,4.5063,2.07
2020-12-27,BNBUSDT,4.5063,4.6056,4.316,4.3733,1.27
2020-12-28,BNBUSDT,4.3733,4.7198,4.3733,4.6484,1.56
2020-12-29,BNBUSDT,4.6484,5.1506,4.6484,4.9708,1.77
2020-12-30,BNBUSDT,4.9708,4.9708,4.3625,4.6277,3.49
2020-12-31,BNBUSDT,4.6277,5.1341,4.6277,4.8884,1.51
2021-01-01,BNBUSDT,4.8884,5.3795,4.7133,5.0422,0.64
2021-01-02,BNBUSDT,5.0422,5.3783,5.0422,5.1524,1.35
2021-01-03,BNBUSDT,5.1524,5.4237,4.7954,5.294,1.36
2021-01-04,BNBUSDT,5.294,6.1403,5.294,5.6563,2.51
2021-01-05,BNBUSDT,5.6563,5.8285,5.3476,5.5714,1.4
2021-01-06,BNBUSDT,5.5714,6.4889,5.5714,5.8243,0.81
2021-01-07,BNBUSDT,5.8243,6.5101,5.8243,6.3674,1.04
2021-01-08,BNBUSDT,6.3674,6.5845,6.3674,6.5484,1.13
2021-01-09,BNBUSDT,6.5484,6.8513,6.5484,6.8308,1.4
2021-01-10,BNBUSDT,6.8308,7.4163,6.8308,7.0547,0.71
2021-01-11,BNBUSDT,7.0547,7.3897,6.771,6.9103,0.65
2021-01-12,BNBUSDT,6.9103,7.2539,6.4124,7.119,0.17
2021-01-13,BNBUSDT,7.119,7.8363,7.119,7.5543,1.93
2021-01-14,BNBUSDT,7.5543,7.5543,6.9973,7.1856,1.53
2021-01-15,BNBUSDT,7.1856,7.8403,7.1856,7.5785,0.62
2021-01-16,BNBUSDT,7.5785,7.6226,6.9981,7.2454,0.37
2021-01-17,BNBUSDT,7.2454,9.0473,7.2454,8.4452,0.93
2021-01-18,BNBUSDT,8.4452,9.5815,8.4452,9.1344,3.32
2021-01-19,BNBUSDT,9.1344,9.1632,8.5118,8.8814,1.38
2021-01-20,BNBUSDT,8.8814,9.2126,8.6875,9.0591,0.39
2021-01-21,BNBUSDT,9.0591,9.5215,8.6691,8.9178,0.61
2021-01-22,BNBUSDT,8.9178,8.9422,8.4613,8.833,0.81
2021-01-23,BNBUSDT,8.833,10.8166,8.833,10.3381,1.18
2021-01-24,BNBUSDT,10.3381,11.6693,10.3381,11.0272,0.85
2021-01-25,BNBUSDT,11.0272,14.2346,11.0272,12.7684,0.68
2021-01-26,BNBUSDT,12.7684,13.4501,12.7684,13.1144,0.44
2021-01-27,BNBUSDT,13.1144,14.4455,13.1144,13.7026,0.28
2021-01-28,BNBUSDT,13.7026,13.9039,13.1759,13.5227,0.31
2021-01-29,BNBUSDT,13.5227,13.5227,12.0942,12.7844,0.5
2021-01-30,BNBUSDT,12.7844,13.4182,12.5323,13.3836,2.41
2021-01-31,BNBUSDT,13.3836,14.3815,12.8709,13.8111,0.32
2021-02-01,BNBUSDT,13.8111,15.1234,12.7477,13.7528,0.13
2021-02-02,BNBUSDT,13.7528,14.9663,13.7528,14.4291,0.39
2021-02-03,BNBUSDT,14.4291,16.1455,14.4291,15.3747,0.38
2021-02-04,BNBUSDT,15.3747,15.4778,14.9892,15.2402,0.19
2021-02-05,BNBUSDT,15.2402,16.4917,15.1968,15.8219,0.47
2021-02-06,BNBUSDT,15.8219,16.9542,15.0423,15.1345,0.37
2021-02-07,BNBUSDT,15.1345,15.4431,14.7705,15.3206,0.16
2021-02-08,BNBUSDT,15.3206,15.8487,15.2438,15.5068,0.92
2021-02-09,BNBUSDT,15.5068,17.4206,15.5068,16.8815,0.52
2021-02-10,BNBUSDT,16.8815,17.7923,16.8815,17.5444,0.4
2021-02-11,BNBUSDT,17.5444,17.6958,17.174,17.3712,0.58
2021-02-12,BNBUSDT,17.3712,19.7404,17.3712,18.4852,0.69
2021-02-13,BNBUSDT,18.4852,20.1955,18.0797,19.4723,0.93
2021-02-14,BNBUSDT,19.4723,20.2189,19.4723,19.6574,0.19
2021-02-15,BNBUSDT,19.6574,20.7256,19.5392,19.6709,0.15
2021-02-16,BNBUSDT,19.6709,21.1301,19.6709,20.0296,0.5
2021-02-17,BNBUSDT,20.0296,21.5406,19.0853,21.0911,0.22
2021-02-18,BNBUSDT,21.0911,23.2005,21.0911,22.6428,1.11
2021-02-19,BNBUSDT,22.6428,23.6606,22.6428,23.134,0.49
2021-02-20,BNBUSDT,23.134,25.9096,23.134,24.8031,0.89
2021-02-21,BNBUSDT,24.8031,25.5305,22.8136,24.3749,0.28
2021-02-22,BNBUSDT,24.3749,24.3749,21.7066,21.7141,1.14
2021-02-23,BNBUSDT,21.7141,23.9123,21.7141,22.5061,0.24
2021-02-24,BNBUSDT,22.5061,25.4195,22.5061,24.2611,0.61
2021-02-25,BNBUSDT,24.2611,27.0379,24.2611,25.7397,0.93
2021-02-26,BNBUSDT,25.7397,26.7606,25.7397,26.5955,0.14
2021-02-27,BNBUSDT,26.5955,29.7255,25.9931,27.046,0.16
2021-02-28,BNBUSDT,27.046,27.046,24.6621,25.1863,1.53
2021-03-01,BNBUSDT,25.1863,25.2364,24.2027,25.2285,0.36
2021-03-02,BNBUSDT,25.2285,26.8502,24.6242,25.8631,0.37
2021-03-03,BNBUSDT,25.8631,25.8631,24.0915,25.585,0.42
2021-03-04,BNBUSDT,25.585,29.1989,25.2289,26.9583,0.33
2021-03-05,BNBUSDT,26.9583,31.9657,26.9583,31.695,0.86
2021-03-06,BNBUSDT,31.695,32.7983,30.345,30.3637,0.22
2021-03-07,BNBUSDT,30.3637,31.2925,30.3637,31.2686,0.68
2021-03-08,BNBUSDT,31.2686,35.031,31.2686,33.3636,0.43
2021-03-09,BNBUSDT,33.3636,36.8511,33.3636,35.2551,0.26
2021-03-10,BNBUSDT,35.2551,39.217,35.2551,38.0523,0.26
2021-03-11,BNBUSDT,38.0523,41.0683,35.2024,39.4168,0.64
2021-03-12,BNBUSDT,39.4168,39.4168,33.3381,36.47,0.16
2021-03-13,BNBUSDT,36.47,37.9814,33.8048,34.8959,0.36
2021-03-14,BNBUSDT,34.8959,39.4722,34.8959,37.0488,0.31
2021-03-15,BNBUSDT,37.0488,39.4513,37.0488,39.1735,0.23
2021-03-16,BNBUSDT,39.1735,39.1735,33.5939,36.9914,0.59
2021-03-17,BNBUSDT,36.9914,41.2946,36.9914,38.811,0.2
2021-03-18,BNBUSDT,38.811,39.5912,37.0349,37.7705,0.17
2021-03-19,BNBUSDT,37.7705,38.0484,35.9757,37.5225,0.29
2021-03-20,BNBUSDT,37.5225,39.077,36.7604,37.7611,0.41
2021-03-21,BNBUSDT,37.7611,44.9074,37.7611,42.5987,0.84
2021-03-22,BNBUSDT,42.5987,43.4876,42.5987,43.432,0.22
2021-03-23,BNBUSDT,43.432,45.0959,43.432,44.973,0.41
2021-03-24,BNBUSDT,44.973,53.4324,44.7145,48.7723,0.73
2021-03-25,BNBUSDT,48.7723,53.883,48.7723,53.8828,0.57
2021-03-26,BNBUSDT,53.8828,53.8828,48.4439,49.5123,1.31
2021-03-27,BNBUSDT,49.5123,49.5123,46.9691,48.1962,0.14
2021-03-28,BNBUSDT,48.1962,57.1361,48.1962,52.2292,0.57
2021-03-29,BNBUSDT,52.2292,52.2292,46.746,47.799,1.17
2021-03-30,BNBUSDT,47.799,47.8155,44.2877,46.4789,0.58
2021-03-31,BNBUSDT,46.4789,49.3352,46.4789,48.9665,0.41
2021-04-01,BNBUSDT,48.9665,48.9665,42.1648,45.5388,0.19
2021-04-02,BNBUSDT,45.5388,46.3601,43.848,45.655,0.18
2021-04-03,BNBUSDT,45.655,50.2697,44.5348,47.5815,0.19
2021-04-04,BNBUSDT,47.5815,49.0028,47.3059,48.3311,0.3
2021-04-05,BNBUSDT,48.3311,48.3311,39.5065,43.255,0.83
2021-04-06,BNBUSDT,43.255,43.255,38.5624,40.9056,0.44
2021-04-07,BNBUSDT,40.9056,49.5869,40.9056,47.2751,0.38
2021-04-08,BNBUSDT,47.2751,56.0283,47.2751,54.9427,1.65
2021-04-09,BNBUSDT,54.9427,62.7958,54.9427,59.392,0.27
2021-04-10,BNBUSDT,59.392,59.392,51.9671,56.9555,0.19
2021-04-11,BNBUSDT,56.9555,66.5169,56.9555,59.4791,0.22
2021-04-12,BNBUSDT,59.4791,59.4791,52.1711,53.6913,0.5
2021-04-13,BNBUSDT,53.6913,53.8353,51.209,51.2147,0.33
2021-04-14,BNBUSDT,51.2147,55.9588,51.2147,51.4393,0.3
2021-04-15,BNBUSDT,51.4393,51.4393,28.5949,29.7295,1.32
2021-04-16,BNBUSDT,29.7295,32.7239,29.7295,31.9263,1.28
2021-04-17,BNBUSDT,31.9263,32.0864,31.4334,31.5863,0.31
2021-04-18,BNBUSDT,31.5863,31.5863,27.6776,29.2711,1.52
2021-04-19,BNBUSDT,29.2711,33.4743,29.2711,32.0121,0.97
2021-04-20,BNBUSDT,32.0121,33.6518,31.9105,33.0093,0.47
2021-04-21,BNBUSDT,33.0093,37.0406,33.0093,35.9542,0.86
2021-04-22,BNBUSDT,35.9542,35.9542,31.2931,32.1509,0.58
2021-04-23,BNBUSDT,32.1509,32.8361,30.9896,31.0688,0.28
2021-04-24,BNBUSDT,31.0688,31.0688,29.5111,29.9234,0.69
2021-04-25,BNBUSDT,29.9234,32.1431,28.549,31.5042,1.61
2021-04-26,BNBUSDT,31.5042,31.5042,27.0739,28.5332,0.84
2021-04-27,BNBUSDT,28.5332,30.4612,27.4845,29.8477,1.09
2021-04-28,BNBUSDT,29.8477,29.8477,27.4731,28.9258,0.55
2021-04-29,BNBUSDT,28.9258,28.9258,23.5371,24.3408,1.49
2021-04-30,BNBUSDT,24.3408,24.5805,21.9892,22.7095,0.79
2021-05-01,BNBUSDT,22.7095,24.2411,22.7095,23.2997,0.92
2021-05-02,BNBUSDT,23.2997,23.2997,21.3761,22.77,0.42
2021-05-03,BNBUSDT,22.77,23.0637,21.069,21.3704,0.85
2021-05-04,BNBUSDT,21.3704,22.0301,21.3704,21.7312,0.21
2021-05-05,BNBUSDT,21.7312,22.6414,19.68,21.248,0.22
2021-05-06,BNBUSDT,21.248,21.9133,18.7196,21.237,0.69
2021-05-07,BNBUSDT,21.237,25.1024,21.237,24.2197,0.88
2021-05-08,BNBUSDT,24.2197,24.2197,19.7431,21.0168,2.09
2021-05-09,BNBUSDT,21.0168,21.0168,19.0605,19.1477,0.97
2021-05-10,BNBUSDT,19.1477,19.8425,19.1477,19.6145,1.1
2021-05-11,BNBUSDT,19.6145,19.6145,17.2082,17.5987,0.88
2021-05-12,BNBUSDT,17.5987,17.5987,15.6794,16.6223,0.93
2021-05-13,BNBUSDT,16.6223,18.7904,16.6223,17.9919,1.23
2021-05-14,BNBUSDT,17.9919,19.4698,17.9919,18.7473,1.83
2021-05-15,BNBUSDT,18.7473,23.0289,18.7473,20.3326,0.63
2021-05-16,BNBUSDT,20.3326,22.2506,19.1384,21.4666,1.25
2021-05-17,BNBUSDT,21.4666,22.3806,21.3093,22.3301,1.35
2021-05-18,BNBUSDT,22.3301,25.075,22.3301,24.4917,0.84
2021-05-19,BNBUSDT,24.4917,26.0063,24.4917,25.6315,0.94
2021-05-20,BNBUSDT,25.6315,25.6315,24.0694,24.3763,0.71
2021-05-21,BNBUSDT,24.3763,25.4146,24.3763,25.2226,2.28
2021-05-22,BNBUSDT,25.2226,25.2226,21.3221,22.2741,2.02
2021-05-23,BNBUSDT,22.2741,23.8293,22.2741,23.4164,0.36
2021-05-24,BNBUSDT,23.4164,23.4935,23.1339,23.2257,0.42
2021-05-25,BNBUSDT,23.2257,23.2257,20.6762,22.0455,1.47
2021-05-26,BNBUSDT,22.0455,22.0455,19.7764,20.033,0.58
2021-05-27,BNBUSDT,20.033,21.5899,18.0866,19.9764,0.52
2021-05-28,BNBUSDT,19.9764,20.1725,19.1491,19.3806,0.5
2021-05-29,BNBUSDT,19.3806,20.9704,19.3806,19.4885,0.22
2021-05-30,BNBUSDT,19.4885,19.4885,18.6162,18.6692,1.69
2021-05-31,BNBUSDT,18.6692,20.2884,18.6692,19.4402,0.94
2021-06-01,BNBUSDT,19.4402,21.1608,19.4402,19.5974,0.7
2021-06-02,BNBUSDT,19.5974,21.246,19.5974,21.2034,0.68
2021-06-03,BNBUSDT,21.2034,21.4532,18.1754,19.6208,1.65
2021-06-04,BNBUSDT,19.6208,21.4462,19.6208,19.9565,0.51
2021-06-05,BNBUSDT,19.9565,20.8739,18.803,19.5324,0.55
2021-06-06,BNBUSDT,19.5324,19.5324,15.5746,15.869,1.59
2021-06-07,BNBUSDT,15.869,15.9074,15.5919,15.8819,0.43
2021-06-08,BNBUSDT,15.8819,15.8819,13.7361,14.3963,0.69
2021-06-09,BNBUSDT,14.3963,14.5367,13.3701,14.4124,0.33
2021-06-10,BNBUSDT,14.4124,17.2184,14.4124,17.0338,1.72
2021-06-11,BNBUSDT,17.0338,17.6915,16.2728,17.5916,0.39
2021-06-12,BNBUSDT,17.5916,20.1811,17.5916,19.4855,0.66
2021-06-13,BNBUSDT,19.4855,22.2008,19.4855,21.2528,1.32
2021-06-14,BNBUSDT,21.2528,25.0204,20.0589,21.1399,0.37
2021-06-15,BNBUSDT,21.1399,22.6105,21.1399,21.9936,1.3
2021-06-16,BNBUSDT,21.9936,26.0968,21.9936,24.9145,0.92
2021-06-17,BNBUSDT,24.9145,29.3177,24.9145,27.3606,0.73
2021-06-18,BNBUSDT,27.3606,27.3606,25.3296,25.7503,0.53
2021-06-19,BNBUSDT,25.7503,26.5682,25.7503,26.3306,0.39
2021-06-20,BNBUSDT,26.3306,26.3306,22.7918,22.8935,1.19
2021-06-21,BNBUSDT,22.8935,23.3925,22.5927,23.388,0.21
2021-06-22,BNBUSDT,23.388,25.4974,23.388,25.0958,0.42
2021-06-23,BNBUSDT,25.0958,26.7152,24.9912,25.5986,1.13
2021-06-24,BNBUSDT,25.5986,25.5986,24.6852,25.4216,0.62
2021-06-25,BNBUSDT,25.4216,26.6077,25.1702,25.3956,0.42
2021-06-26,BNBUSDT,25.3956,25.3956,22.0826,24.3661,0.55
2021-06-27,BNBUSDT,24.3661,25.0418,22.2501,23.2,1.27
2021-06-28,BNBUSDT,23.2,23.2,20.7128,21.265,3.18
2021-06-29,BNBUSDT,21.265,21.265,19.9112,20.4463,0.91
2021-06-30,BNBUSDT,20.4463,20.4463,18.694,20.0273,1.23
2021-07-01,BNBUSDT,20.0273,21.5458,19.316,20.1485,0.73
2021-07-02,BNBUSDT,20.1485,20.1485,19.0866,19.5241,0.67
2021-07-03,BNBUSDT,19.5241,19.5241,17.3653,17.4749,1.64
2021-07-04,BNBUSDT,17.4749,18.236,16.0988,17.259,0.81
2021-07-05,BNBUSDT,17.259,18.2626,16.0468,17.5304,0.87
2021-07-06,BNBUSDT,17.5304,17.9913,17.5151,17.8481,0.33
2021-07-07,BNBUSDT,17.8481,17.8481,17.6248,17.727,0.64
2021-07-08,BNBUSDT,17.727,17.727,16.2649,17.0087,0.56
2021-07-09,BNBUSDT,17.0087,17.0506,16.0385,16.6713,0.97
2021-07-10,BNBUSDT,16.6713,17.3803,16.3769,17.337,1.14
2021-07-11,BNBUSDT,17.337,18.3803,17.337,17.8685,1.64
2021-07-12,BNBUSDT,17.8685,18.4538,16.2293,17.3844,0.85
2021-07-13,BNBUSDT,17.3844,18.1932,16.2157,17.5106,0.85
2021-07-14,BNBUSDT,17.5106,19.0203,17.5106,18.9804,1.37
2021-07-15,BNBUSDT,18.9804,18.9804,16.2133,16.9886,1.76
2021-07-16,BNBUSDT,16.9886,18.5705,16.9886,17.5876,0.74
2021-07-17,BNBUSDT,17.5876,17.6286,16.6807,17.4499,0.94
2021-07-18,BNBUSDT,17.4499,19.5246,17.4499,18.6191,1.09
2021-07-19,BNBUSDT,18.6191,18.6191,16.9406,17.33,1.7
2021-07-20,BNBUSDT,17.33,18.2384,17.33,18.1085,1.34
2021-07-21,BNBUSDT,18.1085,21.1533,17.9831,19.1,0.47
2021-07-22,BNBUSDT,19.1,19.5446,17.5018,17.5655,1.53
2021-07-23,BNBUSDT,17.5655,17.5655,15.0306,15.7989,2.57
2021-07-24,BNBUSDT,15.7989,15.7989,13.545,14.0507,3.28
2021-07-25,BNBUSDT,14.0507,14.0507,12.9506,13.3773,1.4
2021-07-26,BNBUSDT,13.3773,14.465,12.8223,13.2602,1.58
2021-07-27,BNBUSDT,13.2602,13.2602,11.9288,12.4471,2.19
2021-07-28,BNBUSDT,12.4471,13.32,12.4471,13.1433,5.17
2021-07-29,BNBUSDT,13.1433,13.3367,11.9134,13.1548,1.73
2021-07-30,BNBUSDT,13.1548,14.0611,13.1548,13.5681,0.8
2021-07-31,BNBUSDT,13.5681,14.0019,13.2894,13.4238,0.96
2021-08-01,BNBUSDT,13.4238,13.852,12.2959,12.7982,1.92
2021-08-02,BNBUSDT,12.7982,12.7982,11.9984,12.4865,2.01
2021-08-03,BNBUSDT,12.4865,12.4865,11.344,11.7678,1.6
2021-08-04,BNBUSDT,11.7678,12.1127,11.5842,11.6482,0.84
2021-08-05,BNBUSDT,11.6482,14.5289,11.6482,13.9385,6.18
2021-08-06,BNBUSDT,13.9385,14.3389,13.9385,14.1722,2.3
2021-08-07,BNBUSDT,14.1722,15.6871,14.1722,15.6195,1.6
2021-08-08,BNBUSDT,15.6195,15.6195,12.9861,13.7573,6.06
2021-08-09,BNBUSDT,13.7573,13.7573,11.5751,12.7334,3.02
2021-08-10,BNBUSDT,12.7334,12.7334,11.7295,12.2187,2.48
2021-08-11,BNBUSDT,12.2187,12.2187,11.6419,11.6622,1.37
2021-08-12,BNBUSDT,11.6622,13.2577,10.8589,12.9079,2.9
2021-08-13,BNBUSDT,12.9079,12.9079,11.6941,11.9213,2.13
2021-08-14,BNBUSDT,11.9213,12.7896,11.5158,12.7803,1.45
2021-08-15,BNBUSDT,12.7803,14.0707,12.4651,13.3615,3.69
2021-08-16,BNBUSDT,13.3615,14.1939,12.5456,13.3456,2.81
2021-08-17,BNBUSDT,13.3456,13.3456,11.6777,12.9234,2.57
2021-08-18,BNBUSDT,12.9234,13.0209,12.4553,12.664,2.66
2021-08-19,BNBUSDT,12.664,13.5455,12.5459,12.6212,1.36
2021-08-20,BNBUSDT,12.6212,13.7014,12.3445,12.7438,2.18
2021-08-21,BNBUSDT,12.7438,13.0109,12.274,12.8891,1.95
2021-08-22,BNBUSDT,12.8891,13.5334,12.2578,13.102,3.75
2021-08-23,BNBUSDT,13.102,13.102,12.1929,12.7941,1.89
2021-08-24,BNBUSDT,12.7941,12.7941,11.7539,11.8768,2.5
2021-08-25,BNBUSDT,11.8768,11.8768,10.1899,11.3854,1.32
2021-08-26,BNBUSDT,11.3854,12.313,11.2294,11.902,1.32
2021-08-27,BNBUSDT,11.902,11.902,11.3218,11.3912,1.79
2021-08-28,BNBUSDT,11.3912,12.7715,11.3912,12.4193,2.4
2021-08-29,BNBUSDT,12.4193,13.4451,12.2103,12.3556,2.19
2021-08-30,BNBUSDT,12.3556,13.6029,11.9111,12.6542,1.91
2021-08-31,BNBUSDT,12.6542,14.2797,12.6542,14.0528,2.13
2021-09-01,BNBUSDT,14.0528,16.657,14.0528,15.3179,1.48
2021-09-02,BNBUSDT,15.3179,16.8806,15.3179,16.4558,2.9
2021-09-03,BNBUSDT,16.4558,17.5019,16.4558,16.8659,0.33
2021-09-04,BNBUSDT,16.8659,18.8441,16.7625,17.2522,0.78
2021-09-05,BNBUSDT,17.2522,17.2522,15.8617,16.6639,1.93
2021-09-06,BNBUSDT,16.6639,17.3826,15.5755,16.8496,1.04
2021-09-07,BNBUSDT,16.8496,17.2725,15.7234,16.2352,0.64
2021-09-08,BNBUSDT,16.2352,17.8459,16.2352,17.4109,2.27
2021-09-09,BNBUSDT,17.4109,19.149,16.7925,18.0821,2.68
2021-09-10,BNBUSDT,18.0821,20.1127,18.0821,19.9443,1.62
2021-09-11,BNBUSDT,19.9443,19.9443,17.8973,18.7543,1.52
2021-09-12,BNBUSDT,18.7543,19.1313,17.3925,17.6673,1.46
2021-09-13,BNBUSDT,17.6673,17.6673,16.9002,17.2827,0.69
2021-09-14,BNBUSDT,17.2827,17.8309,16.5536,16.8036,1.59
2021-09-15,BNBUSDT,16.8036,16.9584,16.4765,16.502,0.55
2021-09-16,BNBUSDT,16.502,16.8879,14.0273,16.022,2.26
2021-09-17,BNBUSDT,16.022,16.022,14.0239,14.1023,2.97
2021-09-18,BNBUSDT,14.1023,15.6503,13.2884,13.7658,1.94
2021-09-19,BNBUSDT,13.7658,15.4264,13.7658,14.7643,2.7
2021-09-20,BNBUSDT,14.7643,14.7643,13.6578,13.8748,3.6
2021-09-21,BNBUSDT,13.8748,13.9304,13.1062,13.6799,1.01
2021-09-22,BNBUSDT,13.6799,14.4056,13.2807,13.7109,1.59
2021-09-23,BNBUSDT,13.7109,14.952,13.7109,14.2512,1.82
2021-09-24,BNBUSDT,14.2512,14.9613,13.9568,14.3059,1.1
2021-09-25,BNBUSDT,14.3059,14.3059,13.1786,13.2576,0.98
2021-09-26,BNBUSDT,13.2576,14.1226,12.9824,13.4172,1.65
2021-09-27,BNBUSDT,13.4172,14.2676,13.1716,13.9927,0.96
2021-09-28,BNBUSDT,13.9927,16.7945,13.9927,16.1128,6.0
2021-09-29,BNBUSDT,16.1128,16.1128,14.553,15.574,0.97
2021-09-30,BNBUSDT,15.574,17.794,15.1835,16.4521,2.68
2021-10-01,BNBUSDT,16.4521,16.4521,14.9685,15.6669,1.15
2021-10-02,BNBUSDT,15.6669,19.0017,15.6669,17.7432,2.09
2021-10-03,BNBUSDT,17.7432,19.5693,17.7432,18.2177,3.24
2021-10-04,BNBUSDT,18.2177,18.3997,17.3444,17.7224,1.19
2021-10-05,BNBUSDT,17.7224,17.7224,16.1209,16.5325,3.11
2021-10-06,BNBUSDT,16.5325,18.2367,15.906,17.1438,0.7
2021-10-07,BNBUSDT,17.1438,18.4184,15.1636,16.9493,1.05
2021-10-08,BNBUSDT,16.9493,17.9462,16.9493,17.8199,0.87
2021-10-09,BNBUSDT,17.8199,18.8309,16.0977,17.6739,1.11
2021-10-10,BNBUSDT,17.6739,17.6739,15.7423,16.0868,1.36
2021-10-11,BNBUSDT,16.0868,16.274,14.4424,15.4044,1.41
2021-10-12,BNBUSDT,15.4044,16.2534,15.4044,15.7088,2.44
2021-10-13,BNBUSDT,15.7088,16.1691,15.126,16.0562,0.8
2021-10-14,BNBUSDT,16.0562,16.1663,15.848,15.9023,0.46
2021-10-15,BNBUSDT,15.9023,16.5843,15.1584,15.7691,1.57
2021-10-16,BNBUSDT,15.7691,17.7888,15.7691,17.2097,1.45
2021-10-17,BNBUSDT,17.2097,17.9132,14.9925,16.6323,0.72
2021-10-18,BNBUSDT,16.6323,16.6323,13.7717,14.7622,5.27
2021-10-19,BNBUSDT,14.7622,16.8133,14.7622,16.1404,4.74
2021-10-20,BNBUSDT,16.1404,16.6634,14.1397,15.7338,0.93
2021-10-21,BNBUSDT,15.7338,17.4711,15.7338,17.0415,2.57
2021-10-22,BNBUSDT,17.0415,18.8745,15.9847,17.4382,0.83
2021-10-23,BNBUSDT,17.4382,18.7971,17.4382,18.3706,1.27
2021-10-24,BNBUSDT,18.3706,18.9781,17.7356,18.3291,0.79
2021-10-25,BNBUSDT,18.3291,18.9367,17.5688,17.9318,1.48
2021-10-26,BNBUSDT,17.9318,18.0324,16.6973,16.9609,2.14
2021-10-27,BNBUSDT,16.9609,16.9609,15.8707,16.0812,1.53
2021-10-28,BNBUSDT,16.0812,19.5686,16.0812,17.1991,2.7
2021-10-29,BNBUSDT,17.1991,17.1991,15.0889,15.896,1.99
2021-10-30,BNBUSDT,15.896,16.3658,15.4524,16.2211,1.37
2021-10-31,BNBUSDT,16.2211,16.2211,14.4046,15.3691,1.7
2021-11-01,BNBUSDT,15.3691,15.9051,14.6831,15.4638,0.48
2021-11-02,BNBUSDT,15.4638,17.1318,14.4457,15.7532,0.94
2021-11-03,BNBUSDT,15.7532,15.828,13.9634,14.5092,2.88
2021-11-04,BNBUSDT,14.5092,14.5092,13.375,13.732,1.41
2021-11-05,BNBUSDT,13.732,13.8442,13.441,13.7782,0.69
2021-11-06,BNBUSDT,13.7782,14.4422,13.0508,14.1353,1.07
2021-11-07,BNBUSDT,14.1353,15.6056,14.1353,15.2731,1.25
2021-11-08,BNBUSDT,15.2731,16.9741,15.2731,16.8036,1.32
2021-11-09,BNBUSDT,16.8036,17.9643,16.4568,17.5576,0.8
2021-11-10,BNBUSDT,17.5576,19.0974,17.3138,18.8791,1.72
2021-11-11,BNBUSDT,18.8791,27.5136,18.8791,26.1716,6.42
2021-11-12,BNBUSDT,26.1716,26.6833,24.83,26.6305,0.35
2021-11-13,BNBUSDT,26.6305,31.7085,26.6305,30.2732,1.03
2021-11-14,BNBUSDT,30.2732,30.2732,27.9893,28.4219,0.56
2021-11-15,BNBUSDT,28.4219,28.4219,24.8422,26.8386,0.57
2021-11-16,BNBUSDT,26.8386,27.9868,26.8386,27.5868,0.8
2021-11-17,BNBUSDT,27.5868,34.0782,27.5868,31.2327,1.15
2021-11-18,BNBUSDT,31.2327,33.5032,29.634,31.3575,0.38
2021-11-19,BNBUSDT,31.3575,32.5848,29.3233,32.538,0.42
2021-11-20,BNBUSDT,32.538,35.2863,30.469,32.593,0.27
2021-11-21,BNBUSDT,32.593,35.2205,30.921,32.6516,0.2
2021-11-22,BNBUSDT,32.6516,32.6516,30.5411,30.8251,0.91
2021-11-23,BNBUSDT,30.8251,30.8251,28.4158,29.5065,0.48
2021-11-24,BNBUSDT,29.5065,29.5065,28.549,29.0192,0.23
2021-11-25,BNBUSDT,29.0192,29.0192,22.6001,23.5145,0.84
2021-11-26,BNBUSDT,23.5145,24.666,23.5145,24.5661,0.92
2021-11-27,BNBUSDT,24.5661,24.809,23.4747,24.6536,0.28
2021-11-28,BNBUSDT,24.6536,24.9162,24.497,24.6368,0.38
2021-11-29,BNBUSDT,24.6368,25.7615,24.262,25.4229,0.39
2021-11-30,BNBUSDT,25.4229,27.0704,25.1305,26.2528,1.62
2021-12-01,BNBUSDT,26.2528,26.2528,20.0044,20.7626,1.79
2021-12-02,BNBUSDT,20.7626,20.7626,19.0302,19.8421,0.38
2021-12-03,BNBUSDT,19.8421,21.0233,19.8421,20.6415,0.29
2021-12-04,BNBUSDT,20.6415,22.0955,18.6213,20.2836,0.44
2021-12-05,BNBUSDT,20.2836,22.9756,20.2836,22.7883,0.33
2021-12-06,BNBUSDT,22.7883,22.7883,21.6976,22.1049,0.37
2021-12-07,BNBUSDT,22.1049,23.159,21.3871,22.9694,0.87
2021-12-08,BNBUSDT,22.9694,24.7111,22.9694,23.6334,0.52
2021-12-09,BNBUSDT,23.6334,25.5129,21.5248,23.2148,0.43
2021-12-10,BNBUSDT,23.2148,23.2148,22.2606,22.4856,0.64
2021-12-11,BNBUSDT,22.4856,25.4776,22.3404,23.2512,0.49
2021-12-12,BNBUSDT,23.2512,23.2512,22.0949,22.1591,1.67
2021-12-13,BNBUSDT,22.1591,23.7674,21.9671,22.2205,2.0
2021-12-14,BNBUSDT,22.2205,22.2205,20.4385,20.4457,1.44
2021-12-15,BNBUSDT,20.4457,21.318,20.3413,20.642,0.29
2021-12-16,BNBUSDT,20.642,20.9331,19.981,20.0719,0.8
2021-12-17,BNBUSDT,20.0719,21.357,17.5019,20.646,0.4
2021-12-18,BNBUSDT,20.646,20.646,19.4403,19.5671,0.96
2021-12-19,BNBUSDT,19.5671,19.5671,17.7248,18.184,0.35
2021-12-20,BNBUSDT,18.184,19.0246,18.184,18.7,0.73
2021-12-21,BNBUSDT,18.7,19.4454,17.12,18.7322,0.23
2021-12-22,BNBUSDT,18.7322,18.7322,17.7383,17.8598,0.95
2021-12-23,BNBUSDT,17.8598,18.5134,17.4802,18.5087,0.51
2021-12-24,BNBUSDT,18.5087,18.8137,17.6028,18.342,0.44
2021-12-25,BNBUSDT,18.342,18.342,15.4395,16.9682,1.65
2021-12-26,BNBUSDT,16.9682,16.9682,14.5736,14.6794,4.54
2021-12-27,BNBUSDT,14.6794,15.0414,12.9108,14.4931,0.36
2021-12-28,BNBUSDT,14.4931,16.3247,14.4931,16.0661,0.58
2021-12-29,BNBUSDT,16.0661,17.5371,16.0661,16.9717,0.63
2021-12-30,BNBUSDT,16.9717,17.3383,16.431,17.1029,0.26
2021-12-31,BNBUSDT,17.1029,17.1029,15.5188,16.5838,1.3
2022-01-01,BNBUSDT,16.5838,16.5838,14.8531,15.6636,1.32
2022-01-02,BNBUSDT,15.6636,16.9358,15.6636,16.3393,0.62
2022-01-03,BNBUSDT,16.3393,16.3393,13.5195,15.191,1.48
2022-01-04,BNBUSDT,15.191,16.0749,14.1724,15.6156,0.4
2022-01-05,BNBUSDT,15.6156,15.6156,13.3296,13.9639,2.52
2022-01-06,BNBUSDT,13.9639,16.4698,13.9639,15.6961,0.63
2022-01-07,BNBUSDT,15.6961,15.6961,10.5019,11.0897,30.73
2022-01-08,BNBUSDT,11.0897,11.5683,10.9805,11.4944,2.09
2022-01-09,BNBUSDT,11.4944,12.0746,11.0094,11.6555,1.43
2022-01-10,BNBUSDT,11.6555,11.8804,10.9879,11.6609,0.67
2022-01-11,BNBUSDT,11.6609,12.3436,10.9874,11.2543,1.51
2022-01-12,BNBUSDT,11.2543,12.9502,11.2543,12.0423,2.91
2022-01-13,BNBUSDT,12.0423,13.173,12.0423,13.1007,0.96
2022-01-14,BNBUSDT,13.1007,13.7378,12.7589,13.5286,1.02
2022-01-15,BNBUSDT,13.5286,14.8824,13.1984,13.9049,1.5
2022-01-16,BNBUSDT,13.9049,15.0384,13.9049,14.7761,1.27
2022-01-17,BNBUSDT,14.7761,15.2209,14.7761,14.8361,1.06
2022-01-18,BNBUSDT,14.8361,16.615,14.6763,15.5521,0.72
2022-01-19,BNBUSDT,15.5521,18.5429,15.5521,17.4586,2.51
2022-01-20,BNBUSDT,17.4586,17.4586,15.8408,16.2627,1.48
2022-01-21,BNBUSDT,16.2627,19.5057,16.2627,18.2835,1.61
2022-01-22,BNBUSDT,18.2835,22.2572,18.2835,19.7564,1.71
2022-01-23,BNBUSDT,19.7564,21.6037,19.7564,21.3752,1.22
2022-01-24,BNBUSDT,21.3752,21.6634,19.5978,20.4609,0.9
2022-01-25,BNBUSDT,20.4609,20.759,19.0368,19.7571,1.0
2022-01-26,BNBUSDT,19.7571,21.1335,19.2595,20.8324,0.77
2022-01-27,BNBUSDT,20.8324,21.3182,19.069,19.6748,2.68
2022-01-28,BNBUSDT,19.6748,19.6748,18.2435,18.9541,0.57
2022-01-29,BNBUSDT,18.9541,19.3163,16.7161,18.4781,0.75
2022-01-30,BNBUSDT,18.4781,19.0244,18.3036,18.4427,0.3
2022-01-31,BNBUSDT,18.4427,21.4443,18.4427,19.9553,1.15
2022-02-01,BNBUSDT,19.9553,19.9553,18.0264,19.1252,1.61
2022-02-02,BNBUSDT,19.1252,19.1252,18.5842,18.8672,0.79
2022-02-03,BNBUSDT,18.8672,19.2098,17.6152,19.1235,1.45
2022-02-04,BNBUSDT,19.1235,20.3453,18.9967,20.11,0.49
2022-02-05,BNBUSDT,20.11,22.8296,19.7987,20.5525,0.39
2022-02-06,BNBUSDT,20.5525,20.7557,19.8437,20.3157,0.37
2022-02-07,BNBUSDT,20.3157,20.3157,17.4146,17.4939,1.49
2022-02-08,BNBUSDT,17.4939,18.4436,16.4895,17.159,0.94
2022-02-09,BNBUSDT,17.159,19.1191,17.159,18.5179,1.61
2022-02-10,BNBUSDT,18.5179,19.183,17.28,18.6018,0.62
2022-02-11,BNBUSDT,18.6018,18.7419,18.103,18.2771,1.56
2022-02-12,BNBUSDT,18.2771,19.5904,18.1685,19.1141,1.18
2022-02-13,BNBUSDT,19.1141,19.1141,17.2129,18.0763,1.6
2022-02-14,BNBUSDT,18.0763,18.5614,17.5224,18.3722,0.9
2022-02-15,BNBUSDT,18.3722,20.0146,17.801,18.9842,0.66
2022-02-16,BNBUSDT,18.9842,18.9842,17.9645,18.4203,0.69
2022-02-17,BNBUSDT,18.4203,19.4217,18.1362,18.1365,0.4
2022-02-18,BNBUSDT,18.1365,18.4701,17.7105,18.1238,0.36
2022-02-19,BNBUSDT,18.1238,18.1238,15.0134,16.8942,1.11
2022-02-20,BNBUSDT,16.8942,16.8942,16.4248,16.676,0.49
2022-02-21,BNBUSDT,16.676,16.676,15.4701,15.6582,0.69
2022-02-22,BNBUSDT,15.6582,17.4626,15.6582,16.0215,1.37
2022-02-23,BNBUSDT,16.0215,16.6335,15.2045,16.1932,1.16
2022-02-24,BNBUSDT,16.1932,18.002,16.1932,17.1917,2.1
2022-02-25,BNBUSDT,17.1917,17.5278,15.8929,17.0008,0.6
2022-02-26,BNBUSDT,17.0008,17.0008,15.4284,16.5092,0.46
2022-02-27,BNBUSDT,16.5092,16.5092,14.8416,15.0719,1.22
2022-02-28,BNBUSDT,15.0719,15.8321,15.0719,15.6363,0.99
2022-03-01,BNBUSDT,15.6363,16.2181,14.6765,15.8292,0.41
2022-03-02,BNBUSDT,15.8292,17.2546,15.566,16.4551,0.89
2022-03-03,BNBUSDT,16.4551,18.5124,16.4551,18.3356,2.35
2022-03-04,BNBUSDT,18.3356,18.5721,16.4775,18.0198,0.31
2022-03-05,BNBUSDT,18.0198,18.4102,18.0198,18.3407,1.35
2022-03-06,BNBUSDT,18.3407,18.3407,16.5218,17.5801,0.77
2022-03-07,BNBUSDT,17.5801,18.9613,17.1968,18.1137,0.69
2022-03-08,BNBUSDT,18.1137,18.3768,17.7974,18.351,0.82
2022-03-09,BNBUSDT,18.351,20.1783,17.4095,18.4085,0.58
2022-03-10,BNBUSDT,18.4085,20.2966,18.4085,19.5377,1.52
2022-03-11,BNBUSDT,19.5377,21.6921,19.5377,20.5214,1.38
2022-03-12,BNBUSDT,20.5214,23.1317,20.5214,22.3802,2.43
2022-03-13,BNBUSDT,22.3802,22.8851,21.2015,22.0391,0.34
2022-03-14,BNBUSDT,22.0391,22.2226,20.6088,22.0624,0.78
2022-03-15,BNBUSDT,22.0624,22.0624,20.3499,20.6512,1.06
2022-03-16,BNBUSDT,20.6512,22.1231,19.8892,20.9874,2.15
2022-03-17,BNBUSDT,20.9874,23.6291,20.9874,22.6772,0.75
2022-03-18,BNBUSDT,22.6772,22.9029,21.4875,22.8552,1.63
2022-03-19,BNBUSDT,22.8552,22.8552,20.434,22.1869,1.16
2022-03-20,BNBUSDT,22.1869,23.1733,21.8461,22.8728,1.43
2022-03-21,BNBUSDT,22.8728,24.067,22.8728,23.0958,1.11
2022-03-22,BNBUSDT,23.0958,23.1919,21.8941,23.0285,0.47
2022-03-23,BNBUSDT,23.0285,23.2507,21.9886,22.4264,0.96
2022-03-24,BNBUSDT,22.4264,22.8917,20.125,21.7323,0.98
2022-03-25,BNBUSDT,21.7323,23.4644,19.3857,21.1205,1.27
2022-03-26,BNBUSDT,21.1205,23.8514,21.1205,22.1168,1.89
2022-03-27,BNBUSDT,22.1168,24.1444,22.1168,22.7637,0.96
2022-03-28,BNBUSDT,22.7637,24.1253,22.7637,23.3313,0.97
2022-03-29,BNBUSDT,23.3313,27.164,23.3313,24.7188,1.5
2022-03-30,BNBUSDT,24.7188,25.4828,24.7188,25.3075,1.6
2022-03-31,BNBUSDT,25.3075,25.3075,23.9649,24.2727,1.71
2022-04-01,BNBUSDT,24.2727,24.9752,24.2727,24.9059,0.96
2022-04-02,BNBUSDT,24.9059,24.9059,22.1862,22.4439,1.79
2022-04-03,BNBUSDT,22.4439,22.4439,20.817,21.0504,1.88
2022-04-04,BNBUSDT,21.0504,21.643,20.7729,21.0873,0.89
2022-04-05,BNBUSDT,21.0873,22.295,21.052,22.1051,1.72
2022-04-06,BNBUSDT,22.1051,24.3092,22.1051,23.6378,2.38
2022-04-07,BNBUSDT,23.6378,23.6378,22.0101,22.7633,2.84
2022-04-08,BNBUSDT,22.7633,24.2751,22.206,22.7703,1.14
2022-04-09,BNBUSDT,22.7703,25.0987,21.9932,24.5922,2.61
2022-04-10,BNBUSDT,24.5922,28.5243,24.5922,27.1145,1.5
2022-04-11,BNBUSDT,27.1145,28.6539,25.6197,27.6415,0.93
2022-04-12,BNBUSDT,27.6415,28.7689,27.1536,28.5742,1.53
2022-04-13,BNBUSDT,28.5742,30.3193,27.232,29.0382,1.95
2022-04-14,BNBUSDT,29.0382,36.038,29.0382,32.7744,2.95
2022-04-15,BNBUSDT,32.7744,32.7744,29.9042,31.5795,0.84
2022-04-16,BNBUSDT,31.5795,34.0341,31.5795,33.1683,1.4
2022-04-17,BNBUSDT,33.1683,38.0973,33.1683,36.2945,2.69
2022-04-18,BNBUSDT,36.2945,38.3193,36.2945,37.9104,0.38
2022-04-19,BNBUSDT,37.9104,37.9104,35.6963,36.5852,1.71
2022-04-20,BNBUSDT,36.5852,36.5852,34.4798,34.9359,0.66
2022-04-21,BNBUSDT,34.9359,34.9359,32.4335,33.1003,1.38
2022-04-22,BNBUSDT,33.1003,35.0183,33.1003,34.8948,1.01
2022-04-23,BNBUSDT,34.8948,34.8948,31.2279,31.9121,4.65
2022-04-24,BNBUSDT,31.9121,33.042,31.9121,33.0328,1.13
2022-04-25,BNBUSDT,33.0328,34.0393,32.5576,33.0133,1.99
2022-04-26,BNBUSDT,33.0133,36.3625,32.99,34.4107,0.75
2022-04-27,BNBUSDT,34.4107,40.4252,34.4107,39.6454,3.28
2022-04-28,BNBUSDT,39.6454,39.6454,36.0901,37.7959,3.12
2022-04-29,BNBUSDT,37.7959,38.2396,35.8285,37.4309,0.83
2022-04-30,BNBUSDT,37.4309,41.7508,37.4309,38.783,1.68
2022-05-01,BNBUSDT,38.783,45.3833,38.783,42.0291,2.75
2022-05-02,BNBUSDT,42.0291,42.0291,37.3303,38.1009,1.42
2022-05-03,BNBUSDT,38.1009,38.1009,32.5399,34.4629,1.1
2022-05-04,BNBUSDT,34.4629,34.9795,33.655,34.4896,0.84
2022-05-05,BNBUSDT,34.4896,36.9556,34.318,36.8483,6.3
2022-05-06,BNBUSDT,36.8483,39.2619,36.8483,38.999,1.52
2022-05-07,BNBUSDT,38.999,42.1935,38.5596,39.1872,0.93
2022-05-08,BNBUSDT,39.1872,40.1475,34.8623,38.764,2.11
2022-05-09,BNBUSDT,38.764,40.7258,38.764,39.9621,0.67
2022-05-10,BNBUSDT,39.9621,43.3524,39.8746,42.8119,1.12
2022-05-11,BNBUSDT,42.8119,46.5664,41.4219,44.3274,0.7
2022-05-12,BNBUSDT,44.3274,45.3356,41.5496,41.573,1.04
2022-05-13,BNBUSDT,41.573,43.3034,38.254,40.6655,0.88
2022-05-14,BNBUSDT,40.6655,42.7369,40.6655,41.6082,0.7
2022-05-15,BNBUSDT,41.6082,41.6082,38.8341,39.7973,1.39
2022-05-16,BNBUSDT,39.7973,41.5766,38.5395,41.0541,0.75
2022-05-17,BNBUSDT,41.0541,45.4899,41.0541,42.4455,0.48
2022-05-18,BNBUSDT,42.4455,43.3642,40.3671,42.2225,0.36
2022-05-19,BNBUSDT,42.2225,47.9846,42.2225,47.3799,1.31
2022-05-20,BNBUSDT,47.3799,48.4095,44.2529,46.9781,0.57
2022-05-21,BNBUSDT,46.9781,46.9781,40.3693,41.3462,3.22
2022-05-22,BNBUSDT,41.3462,41.3462,33.582,35.7164,2.14
2022-05-23,BNBUSDT,35.7164,35.7164,33.9738,34.4548,0.82
2022-05-24,BNBUSDT,34.4548,36.4231,34.4548,35.8103,1.1
2022-05-25,BNBUSDT,35.8103,39.3122,34.2006,38.698,1.93
2022-05-26,BNBUSDT,38.698,38.698,35.8841,36.8616,1.18
2022-05-27,BNBUSDT,36.8616,36.8616,30.3103,34.4968,1.36
2022-05-28,BNBUSDT,34.4968,37.1322,34.4968,36.1748,1.86
2022-05-29,BNBUSDT,36.1748,42.973,36.1748,39.5737,0.94
2022-05-30,BNBUSDT,39.5737,41.1263,37.8595,39.7339,0.99
2022-05-31,BNBUSDT,39.7339,39.7339,33.2913,36.869,2.08
2022-06-01,BNBUSDT,36.869,39.7512,36.869,38.301,2.11
2022-06-02,BNBUSDT,38.301,39.6783,34.2805,36.1835,1.18
2022-06-03,BNBUSDT,36.1835,36.1835,30.8135,32.7334,2.31
2022-06-04,BNBUSDT,32.7334,36.6795,32.2897,35.1119,2.58
2022-06-05,BNBUSDT,35.1119,39.2576,35.1119,37.6301,2.0
2022-06-06,BNBUSDT,37.6301,40.7616,36.319,38.4442,0.62
2022-06-07,BNBUSDT,38.4442,40.1282,37.6538,39.6868,3.23
2022-06-08,BNBUSDT,39.6868,40.206,36.0504,37.2805,1.33
2022-06-09,BNBUSDT,37.2805,39.9404,34.6845,35.645,1.52
2022-06-10,BNBUSDT,35.645,35.645,28.0092,29.9264,4.62
2022-06-11,BNBUSDT,29.9264,29.9264,28.3573,29.1511,1.35
2022-06-12,BNBUSDT,29.1511,29.1511,27.6935,28.6328,0.86
2022-06-13,BNBUSDT,28.6328,29.941,28.6328,29.8248,1.1
2022-06-14,BNBUSDT,29.8248,29.8248,24.8802,26.6266,5.12
2022-06-15,BNBUSDT,26.6266,29.3361,25.5518,27.2694,0.64
2022-06-16,BNBUSDT,27.2694,29.8155,27.2694,28.2163,0.37
2022-06-17,BNBUSDT,28.2163,30.2656,27.4686,29.4405,2.25
2022-06-18,BNBUSDT,29.4405,30.7756,29.4276,30.0474,2.45
2022-06-19,BNBUSDT,30.0474,30.0474,24.3945,25.0297,2.41
2022-06-20,BNBUSDT,25.0297,25.0297,22.0103,23.4996,4.07
2022-06-21,BNBUSDT,23.4996,25.2085,23.3667,24.8583,2.77
2022-06-22,BNBUSDT,24.8583,25.6747,24.2662,25.0973,0.83
2022-06-23,BNBUSDT,25.0973,25.0973,21.5438,22.0339,2.37
2022-06-24,BNBUSDT,22.0339,23.7389,21.4108,22.7734,4.39
2022-06-25,BNBUSDT,22.7734,25.5568,22.7734,23.772,1.66
2022-06-26,BNBUSDT,23.772,23.772,20.9883,21.1624,1.13
2022-06-27,BNBUSDT,21.1624,23.1393,20.1594,22.4321,0.71
2022-06-28,BNBUSDT,22.4321,23.0334,18.8043,21.7539,1.33
2022-06-29,BNBUSDT,21.7539,22.7298,21.5975,21.7065,1.49
2022-06-30,BNBUSDT,21.7065,21.8232,19.2923,20.9933,2.48
2022-07-01,BNBUSDT,20.9933,20.9933,19.1357,19.1966,2.22
2022-07-02,BNBUSDT,19.1966,19.1966,18.1325,18.186,2.01
2022-07-03,BNBUSDT,18.186,18.186,15.8383,16.0912,4.46
2022-07-04,BNBUSDT,16.0912,18.5362,16.0912,17.7994,3.33
2022-07-05,BNBUSDT,17.7994,19.0797,17.7045,18.8987,3.8
2022-07-06,BNBUSDT,18.8987,18.8987,17.8543,17.8849,0.82
2022-07-07,BNBUSDT,17.8849,19.0807,17.8849,18.3327,3.83
2022-07-08,BNBUSDT,18.3327,19.6452,18.3327,18.7969,2.49
2022-07-09,BNBUSDT,18.7969,21.6405,18.7969,20.1044,3.69
2022-07-10,BNBUSDT,20.1044,22.5109,20.1044,21.4972,2.79
2022-07-11,BNBUSDT,21.4972,23.5084,21.4972,22.0976,1.23
2022-07-12,BNBUSDT,22.0976,23.5405,21.7897,22.0566,1.33
2022-07-13,BNBUSDT,22.0566,22.0566,19.419,20.4648,3.17
2022-07-14,BNBUSDT,20.4648,20.8491,20.4648,20.8412,1.55
2022-07-15,BNBUSDT,20.8412,21.945,20.3762,21.1066,2.85
2022-07-16,BNBUSDT,21.1066,21.1066,17.9603,18.2574,4.64
2022-07-17,BNBUSDT,18.2574,20.0655,18.2574,19.3327,1.31
2022-07-18,BNBUSDT,19.3327,19.8279,18.5671,19.1495,1.29
2022-07-19,BNBUSDT,19.1495,22.044,19.1495,20.354,2.21
2022-07-20,BNBUSDT,20.354,20.739,18.8396,20.3517,2.17
2022-07-21,BNBUSDT,20.3517,21.3738,20.3517,21.267,4.26
2022-07-22,BNBUSDT,21.267,23.1036,20.1575,22.6817,3.67
2022-07-23,BNBUSDT,22.6817,22.6817,20.7651,21.5152,2.62
2022-07-24,BNBUSDT,21.5152,23.8722,21.5152,23.0112,1.89
2022-07-25,BNBUSDT,23.0112,24.894,22.4601,23.2591,2.06
2022-07-26,BNBUSDT,23.2591,26.5226,21.9142,23.5773,0.88
2022-07-27,BNBUSDT,23.5773,23.8331,21.0571,22.517,1.57
2022-07-28,BNBUSDT,22.517,22.517,19.8374,20.7801,1.73
2022-07-29,BNBUSDT,20.7801,21.3976,20.3159,20.9683,1.06
2022-07-30,BNBUSDT,20.9683,20.9683,19.6445,19.8828,2.23
2022-07-31,BNBUSDT,19.8828,19.8828,19.4977,19.6218,1.74
2022-08-01,BNBUSDT,19.6218,19.6218,17.7486,17.9382,2.54
2022-08-02,BNBUSDT,17.9382,17.9382,16.5351,17.4095,3.12
2022-08-03,BNBUSDT,17.4095,18.7893,17.4095,18.2741,3.59
2022-08-04,BNBUSDT,18.2741,18.6718,17.8842,17.8862,2.18
2022-08-05,BNBUSDT,17.8862,17.8862,16.1864,16.7676,3.13
2022-08-06,BNBUSDT,16.7676,19.054,16.7676,18.3094,4.95
2022-08-07,BNBUSDT,18.3094,19.7688,16.3812,19.0733,5.88
2022-08-08,BNBUSDT,19.0733,19.0733,18.1281,18.2513,2.5
2022-08-09,BNBUSDT,18.2513,18.9001,16.8278,17.7227,3.0
2022-08-10,BNBUSDT,17.7227,19.5797,17.7227,19.2172,2.07
2022-08-11,BNBUSDT,19.2172,21.4955,19.2172,20.2355,3.52
2022-08-12,BNBUSDT,20.2355,21.6197,20.1165,20.3038,2.52
2022-08-13,BNBUSDT,20.3038,22.8595,19.4913,21.4427,2.85
2022-08-14,BNBUSDT,21.4427,21.4427,19.5885,20.3746,2.22
2022-08-15,BNBUSDT,20.3746,22.7108,20.3746,22.0809,3.98
2022-08-16,BNBUSDT,22.0809,23.2529,21.9889,22.5036,1.21
2022-08-17,BNBUSDT,22.5036,24.1861,22.5036,23.8663,3.41
2022-08-18,BNBUSDT,23.8663,24.6996,23.0368,23.6651,0.98
2022-08-19,BNBUSDT,23.6651,23.6651,22.3134,23.3094,2.91
2022-08-20,BNBUSDT,23.3094,30.5218,23.3094,27.057,14.11
2022-08-21,BNBUSDT,27.057,29.5702,27.057,28.6572,4.89
2022-08-22,BNBUSDT,28.6572,31.8578,28.6572,30.302,5.62
2022-08-23,BNBUSDT,30.302,32.7296,26.924,30.5832,1.88
2022-08-24,BNBUSDT,30.5832,31.3874,30.1478,31.3854,1.65
2022-08-25,BNBUSDT,31.3854,31.3854,30.5729,31.2279,2.08
2022-08-26,BNBUSDT,31.2279,33.3422,31.2279,32.6033,0.96
2022-08-27,BNBUSDT,32.6033,32.6033,30.7881,31.3502,0.78
2022-08-28,BNBUSDT,31.3502,31.3502,28.7261,29.3418,1.99
2022-08-29,BNBUSDT,29.3418,34.3316,29.3418,32.5323,2.78
2022-08-30,BNBUSDT,32.5323,35.5131,31.6913,31.7214,1.05
2022-08-31,BNBUSDT,31.7214,32.6989,31.334,31.9056,0.61
2022-09-01,BNBUSDT,31.9056,33.4068,30.5517,31.9606,1.16
2022-09-02,BNBUSDT,31.9606,35.4309,31.9606,32.3082,0.55
2022-09-03,BNBUSDT,32.3082,37.4014,32.3082,35.797,3.05
2022-09-04,BNBUSDT,35.797,35.797,33.8531,34.2753,1.16
2022-09-05,BNBUSDT,34.2753,40.901,34.2753,37.8864,2.75
2022-09-06,BNBUSDT,37.8864,42.3068,37.2008,37.7338,1.39
2022-09-07,BNBUSDT,37.7338,39.6867,37.7147,37.7305,0.39
2022-09-08,BNBUSDT,37.7305,37.7305,32.3639,33.2254,3.54
2022-09-09,BNBUSDT,33.2254,35.5815,33.2254,35.3326,1.8
2022-09-10,BNBUSDT,35.3326,37.3685,33.0923,35.2474,1.23
2022-09-11,BNBUSDT,35.2474,37.1588,34.5906,34.8531,0.77
2022-09-12,BNBUSDT,34.8531,35.7021,34.8531,35.5599,1.62
2022-09-13,BNBUSDT,35.5599,35.5599,33.9533,34.5559,1.04
2022-09-14,BNBUSDT,34.5559,34.5559,32.444,32.5249,1.03
2022-09-15,BNBUSDT,32.5249,33.8875,30.4086,32.1864,3.42
2022-09-16,BNBUSDT,32.1864,36.1224,32.1864,35.0752,2.92
2022-09-17,BNBUSDT,35.0752,38.4437,31.0606,33.9579,2.08
2022-09-18,BNBUSDT,33.9579,33.9579,32.2734,32.3171,0.89
2022-09-19,BNBUSDT,32.3171,34.8262,30.6566,32.0409,0.92
2022-09-20,BNBUSDT,32.0409,32.0409,30.7546,30.8727,2.45
2022-09-21,BNBUSDT,30.8727,31.9408,28.8748,29.4338,2.75
2022-09-22,BNBUSDT,29.4338,29.4338,27.67,29.0263,2.5
2022-09-23,BNBUSDT,29.0263,29.0263,25.8343,26.069,8.27
2022-09-24,BNBUSDT,26.069,27.7701,26.069,26.2552,1.68
2022-09-25,BNBUSDT,26.2552,29.2013,26.0138,27.2406,2.51
2022-09-26,BNBUSDT,27.2406,27.2406,23.8591,25.7262,2.52
2022-09-27,BNBUSDT,25.7262,25.7262,25.2592,25.3006,1.28
2022-09-28,BNBUSDT,25.3006,25.3006,21.2674,22.7616,1.74
2022-09-29,BNBUSDT,22.7616,23.9142,21.8026,22.5824,0.89
2022-09-30,BNBUSDT,22.5824,22.5824,19.7336,20.9902,4.54
2022-10-01,BNBUSDT,20.9902,22.0245,20.0172,21.3756,1.46
2022-10-02,BNBUSDT,21.3756,25.6102,21.3756,23.2406,1.6
2022-10-03,BNBUSDT,23.2406,23.2406,20.7278,21.8435,8.53
2022-10-04,BNBUSDT,21.8435,21.8435,19.6142,20.8187,1.12
2022-10-05,BNBUSDT,20.8187,20.8892,20.1972,20.7108,2.12
2022-10-06,BNBUSDT,20.7108,22.1577,19.9229,20.9979,1.24
2022-10-07,BNBUSDT,20.9979,20.9979,17.7137,19.4295,2.37
2022-10-08,BNBUSDT,19.4295,21.1778,18.0491,18.9656,2.91
2022-10-09,BNBUSDT,18.9656,21.1732,18.8948,20.1102,1.59
2022-10-10,BNBUSDT,20.1102,20.486,18.7578,19.6802,4.93
2022-10-11,BNBUSDT,19.6802,19.6802,18.4498,19.2198,2.45
2022-10-12,BNBUSDT,19.2198,21.9674,19.2198,21.3273,4.34
2022-10-13,BNBUSDT,21.3273,21.3273,20.2565,20.7405,1.57
2022-10-14,BNBUSDT,20.7405,20.7405,19.0411,19.1153,3.02
2022-10-15,BNBUSDT,19.1153,19.4666,18.7827,19.3194,2.2
2022-10-16,BNBUSDT,19.3194,19.3194,18.3793,18.9305,2.54
2022-10-17,BNBUSDT,18.9305,20.6327,18.9305,19.8325,2.38
2022-10-18,BNBUSDT,19.8325,23.3507,19.8325,21.498,3.43
2022-10-19,BNBUSDT,21.498,22.7986,20.8356,22.2533,2.09
2022-10-20,BNBUSDT,22.2533,25.0149,22.2533,23.6661,3.82
2022-10-21,BNBUSDT,23.6661,24.872,23.541,24.1443,2.65
2022-10-22,BNBUSDT,24.1443,24.1443,20.7849,22.8432,2.48
2022-10-23,BNBUSDT,22.8432,25.9238,22.8432,23.8948,1.62
2022-10-24,BNBUSDT,23.8948,25.256,23.2123,23.9089,4.16
2022-10-25,BNBUSDT,23.9089,26.2613,23.3872,24.8643,3.21
2022-10-26,BNBUSDT,24.8643,27.0945,24.7482,25.3635,1.21
2022-10-27,BNBUSDT,25.3635,26.7979,25.3635,26.2095,1.67
2022-10-28,BNBUSDT,26.2095,27.6015,25.5621,27.1769,1.68
2022-10-29,BNBUSDT,27.1769,28.536,26.5657,26.9828,1.55
2022-10-30,BNBUSDT,26.9828,27.9574,25.698,27.2391,3.91
2022-10-31,BNBUSDT,27.2391,28.9382,25.4225,27.2969,1.65
2022-11-01,BNBUSDT,27.2969,27.2969,25.4827,25.6737,3.06
2022-11-02,BNBUSDT,25.6737,27.8811,24.6544,26.103,1.84
2022-11-03,BNBUSDT,26.103,29.7503,25.6149,27.8529,4.28
2022-11-04,BNBUSDT,27.8529,30.4019,27.8529,29.1793,2.72
2022-11-05,BNBUSDT,29.1793,29.1793,25.6448,27.2099,3.5
2022-11-06,BNBUSDT,27.2099,27.7978,26.2248,26.8986,2.16
2022-11-07,BNBUSDT,26.8986,30.9101,26.8986,28.789,1.13
2022-11-08,BNBUSDT,28.789,30.0786,26.4087,28.6193,0.53
2022-11-09,BNBUSDT,28.6193,28.6193,25.511,28.0718,2.33
2022-11-10,BNBUSDT,28.0718,29.2002,26.9497,27.3251,5.16
2022-11-11,BNBUSDT,27.3251,30.3271,27.3251,30.1433,5.43
2022-11-12,BNBUSDT,30.1433,32.0893,30.1433,31.3836,2.08
2022-11-13,BNBUSDT,31.3836,32.4598,29.2817,30.9241,1.39
2022-11-14,BNBUSDT,30.9241,31.0506,28.8077,29.4022,2.7
2022-11-15,BNBUSDT,29.4022,29.4022,23.9451,24.534,3.81
2022-11-16,BNBUSDT,24.534,25.6015,24.534,25.3041,1.14
2022-11-17,BNBUSDT,25.3041,25.3041,21.7802,23.0297,7.46
2022-11-18,BNBUSDT,23.0297,23.0297,21.3692,22.0869,3.85
2022-11-19,BNBUSDT,22.0869,22.0869,20.9646,21.5484,2.81
2022-11-20,BNBUSDT,21.5484,21.5484,19.7004,19.8888,1.43
2022-11-21,BNBUSDT,19.8888,20.9428,19.8888,20.645,2.95
2022-11-22,BNBUSDT,20.645,22.5464,20.6392,20.6566,2.21
2022-11-23,BNBUSDT,20.6566,20.6566,18.744,18.8001,8.28
2022-11-24,BNBUSDT,18.8001,18.8001,17.3884,18.2681,1.88
2022-11-25,BNBUSDT,18.2681,19.4177,18.2681,18.8318,1.28
2022-11-26,BNBUSDT,18.8318,19.6834,18.4229,19.0199,3.22
2022-11-27,BNBUSDT,19.0199,19.0199,16.3307,17.4131,6.2
2022-11-28,BNBUSDT,17.4131,17.4131,16.4284,16.6969,7.65
2022-11-29,BNBUSDT,16.6969,16.898,16.3936,16.5663,3.97
2022-11-30,BNBUSDT,16.5663,16.5663,15.6978,16.0206,2.83
2022-12-01,BNBUSDT,16.0206,16.0206,14.253,14.5533,13.69
2022-12-02,BNBUSDT,14.5533,15.0795,13.3415,14.0627,4.86
2022-12-03,BNBUSDT,14.0627,14.5927,14.0627,14.5505,6.56
2022-12-04,BNBUSDT,14.5505,14.5505,12.693,13.0393,7.0
2022-12-05,BNBUSDT,13.0393,13.0393,12.1404,12.2843,9.81
2022-12-06,BNBUSDT,12.2843,13.1821,12.2843,13.0438,3.84
2022-12-07,BNBUSDT,13.0438,13.0438,10.3726,11.7463,10.33
2022-12-08,BNBUSDT,11.7463,11.7463,10.7463,11.1046,6.6
2022-12-09,BNBUSDT,11.1046,11.5921,10.762,11.2992,1.82
2022-12-10,BNBUSDT,11.2992,12.5489,11.088,11.6644,4.64
2022-12-11,BNBUSDT,11.6644,11.6644,10.1552,10.9072,7.32
2022-12-12,BNBUSDT,10.9072,10.9072,9.3792,9.6985,25.89
2022-12-13,BNBUSDT,9.6985,11.0636,9.6985,10.8443,7.91
2022-12-14,BNBUSDT,10.8443,11.7968,10.8443,11.7404,7.55
2022-12-15,BNBUSDT,11.7404,11.8508,11.4383,11.7566,4.37
2022-12-16,BNBUSDT,11.7566,12.4762,11.7566,12.0704,8.61
2022-12-17,BNBUSDT,12.0704,12.681,10.6204,11.9587,3.01
2022-12-18,BNBUSDT,11.9587,13.5133,11.9587,12.4446,6.44
2022-12-19,BNBUSDT,12.4446,13.6703,11.819,12.4149,2.03
2022-12-20,BNBUSDT,12.4149,12.8526,11.2624,12.73,2.93
2022-12-21,BNBUSDT,12.73,13.6437,12.4719,12.6248,4.25
2022-12-22,BNBUSDT,12.6248,13.711,12.4145,12.4795,3.16
2022-12-23,BNBUSDT,12.4795,13.252,12.2864,12.4698,4.1
2022-12-24,BNBUSDT,12.4698,12.4698,10.5773,11.2721,9.44
2022-12-25,BNBUSDT,11.2721,11.4868,10.3589,10.5736,5.36
2022-12-26,BNBUSDT,10.5736,10.9243,10.3651,10.6641,5.83
2022-12-27,BNBUSDT,10.6641,11.4259,10.6641,11.1187,2.22
2022-12-28,BNBUSDT,11.1187,11.3955,10.2,10.4725,4.64
2022-12-29,BNBUSDT,10.4725,10.7149,10.063,10.1114,3.61
2022-12-30,BNBUSDT,10.1114,10.1114,9.7009,9.8272,6.65
2022-12-31,BNBUSDT,9.8272,10.536,8.6247,9.6288,5.49
2023-01-01,BNBUSDT,9.6288,23.3102,9.6288,22.9423,7.37
2023-01-02,BNBUSDT,22.9423,22.9423,20.6276,21.8059,3.68
2023-01-03,BNBUSDT,21.8059,24.6973,21.8059,23.4091,1.89
2023-01-04,BNBUSDT,23.4091,26.2264,22.0688,24.3982,1.47
2023-01-05,BNBUSDT,24.3982,26.5796,24.3982,26.3437,3.93
2023-01-06,BNBUSDT,26.3437,29.5097,26.3437,27.6854,2.49
2023-01-07,BNBUSDT,27.6854,29.2137,26.181,27.7886,0.78
2023-01-08,BNBUSDT,27.7886,30.1451,27.7886,29.309,2.67
2023-01-09,BNBUSDT,29.309,34.4342,28.3598,31.4192,2.84
2023-01-10,BNBUSDT,31.4192,34.8018,31.4192,33.8078,1.5
2023-01-11,BNBUSDT,33.8078,33.9334,32.0988,33.6986,1.07
2023-01-12,BNBUSDT,33.6986,35.1891,33.6986,34.8792,0.61
2023-01-13,BNBUSDT,34.8792,38.9346,34.8792,36.7035,2.44
2023-01-14,BNBUSDT,36.7035,36.7035,33.3012,36.109,1.95
2023-01-15,BNBUSDT,36.109,38.7566,35.2648,36.8536,1.99
2023-01-16,BNBUSDT,36.8536,39.5627,34.0632,36.8582,0.72
2023-01-17,BNBUSDT,36.8582,39.1835,32.8011,38.7233,3.67
2023-01-18,BNBUSDT,38.7233,42.3058,38.7233,40.1679,1.01
2023-01-19,BNBUSDT,40.1679,40.1679,37.8313,39.2986,1.81
2023-01-20,BNBUSDT,39.2986,39.2986,35.526,37.1721,1.04
2023-01-21,BNBUSDT,37.1721,37.9432,33.7847,36.4494,1.99
2023-01-22,BNBUSDT,36.4494,36.5392,33.6413,34.3907,2.47
2023-01-23,BNBUSDT,34.3907,36.2846,32.5497,33.4457,2.25
2023-01-24,BNBUSDT,33.4457,33.4457,30.5087,30.5515,2.92
2023-01-25,BNBUSDT,30.5515,34.3208,30.5515,31.9402,1.81
2023-01-26,BNBUSDT,31.9402,32.0476,31.3255,31.778,1.64
2023-01-27,BNBUSDT,31.778,33.4651,29.7219,31.5286,2.49
2023-01-28,BNBUSDT,31.5286,32.0613,31.5286,32.0338,0.74
2023-01-29,BNBUSDT,32.0338,36.1217,32.0338,34.5158,1.46
2023-01-30,BNBUSDT,34.5158,34.5158,31.916,32.0758,1.82
2023-01-31,BNBUSDT,32.0758,34.1441,30.1352,32.6403,0.95
2023-02-01,BNBUSDT,32.6403,34.03,30.4704,33.0566,0.97
2023-02-02,BNBUSDT,33.0566,34.5328,32.4716,34.0768,3.39
2023-02-03,BNBUSDT,34.0768,34.0768,32.0823,32.2377,4.32
2023-02-04,BNBUSDT,32.2377,35.366,31.0507,32.6168,0.78
2023-02-05,BNBUSDT,32.6168,33.0573,31.7593,32.6892,1.2
2023-02-06,BNBUSDT,32.6892,37.1328,32.6892,35.3173,4.43
2023-02-07,BNBUSDT,35.3173,36.185,34.2725,35.4036,1.47
2023-02-08,BNBUSDT,35.4036,36.5877,35.4036,35.939,1.64
2023-02-09,BNBUSDT,35.939,36.1135,32.6347,33.4474,3.72
2023-02-10,BNBUSDT,33.4474,33.4474,30.5148,32.6507,2.51
2023-02-11,BNBUSDT,32.6507,35.9959,32.6195,34.7317,2.1
2023-02-12,BNBUSDT,34.7317,35.5135,32.2318,33.9587,1.32
2023-02-13,BNBUSDT,33.9587,34.9594,32.8079,33.2668,0.52
2023-02-14,BNBUSDT,33.2668,34.3527,33.2668,34.2776,1.88
2023-02-15,BNBUSDT,34.2776,34.2776,30.7714,32.3291,1.6
2023-02-16,BNBUSDT,32.3291,37.002,32.3291,35.0736,2.07
2023-02-17,BNBUSDT,35.0736,35.0736,31.0167,32.6886,3.11
2023-02-18,BNBUSDT,32.6886,32.6886,29.9084,29.9088,2.24
2023-02-19,BNBUSDT,29.9088,31.8154,29.9012,30.694,1.76
2023-02-20,BNBUSDT,30.694,31.4617,29.339,29.4397,0.86
2023-02-21,BNBUSDT,29.4397,31.1524,29.4397,30.7783,1.09
2023-02-22,BNBUSDT,30.7783,34.2569,30.7783,32.0178,2.52
2023-02-23,BNBUSDT,32.0178,32.0178,29.492,29.813,1.28
2023-02-24,BNBUSDT,29.813,30.1064,27.1473,29.632,0.81
2023-02-25,BNBUSDT,29.632,29.632,26.6767,27.3335,3.36
2023-02-26,BNBUSDT,27.3335,28.1814,27.2718,27.9549,0.73
2023-02-27,BNBUSDT,27.9549,27.9549,26.0131,26.9074,1.79
2023-02-28,BNBUSDT,26.9074,28.3272,25.5316,26.4974,0.73
2023-03-01,BNBUSDT,26.4974,29.5236,26.4974,27.4234,1.72
2023-03-02,BNBUSDT,27.4234,27.4234,25.525,26.3961,2.45
2023-03-03,BNBUSDT,26.3961,28.2587,26.2915,26.9,1.82
2023-03-04,BNBUSDT,26.9,29.9702,26.9,27.8484,1.38
2023-03-05,BNBUSDT,27.8484,27.9188,24.1313,26.0509,1.49
2023-03-06,BNBUSDT,26.0509,27.6925,26.0509,26.3932,1.21
2023-03-07,BNBUSDT,26.3932,26.3932,20.6024,21.5768,1.89
2023-03-08,BNBUSDT,21.5768,21.5768,20.5347,21.4498,1.31
2023-03-09,BNBUSDT,21.4498,23.475,21.4498,23.1905,2.55
2023-03-10,BNBUSDT,23.1905,23.7234,21.629,22.034,0.95
2023-03-11,BNBUSDT,22.034,22.5027,21.7549,22.3363,0.91
2023-03-12,BNBUSDT,22.3363,24.5096,21.206,23.9289,1.88
2023-03-13,BNBUSDT,23.9289,25.6281,23.5013,23.9084,2.36
2023-03-14,BNBUSDT,23.9084,23.9084,21.1395,22.4448,1.65
2023-03-15,BNBUSDT,22.4448,26.0555,22.4448,23.7989,2.17
2023-03-16,BNBUSDT,23.7989,24.0122,21.1736,22.7209,1.18
2023-03-17,BNBUSDT,22.7209,23.6546,22.3804,23.4806,1.48
2023-03-18,BNBUSDT,23.4806,26.3592,23.4806,25.8609,3.3
2023-03-19,BNBUSDT,25.8609,26.2133,25.1212,25.6528,2.33
2023-03-20,BNBUSDT,25.6528,25.6528,22.2943,22.67,1.08
2023-03-21,BNBUSDT,22.67,22.67,18.5312,19.981,3.17
2023-03-22,BNBUSDT,19.981,19.981,18.5357,19.0535,1.7
2023-03-23,BNBUSDT,19.0535,20.6948,19.0535,20.0251,1.73
2023-03-24,BNBUSDT,20.0251,20.0251,17.81,18.2817,3.4
2023-03-25,BNBUSDT,18.2817,20.1628,18.2271,19.0746,1.32
2023-03-26,BNBUSDT,19.0746,20.6077,19.0746,20.0122,2.7
2023-03-27,BNBUSDT,20.0122,22.3811,20.0122,21.3733,1.81
2023-03-28,BNBUSDT,21.3733,22.4785,21.3302,22.1421,0.78
2023-03-29,BNBUSDT,22.1421,25.9445,22.1421,24.2825,4.37
2023-03-30,BNBUSDT,24.2825,24.4125,22.6007,22.9965,3.01
2023-03-31,BNBUSDT,22.9965,26.4238,22.9965,25.6961,1.53
2023-04-01,BNBUSDT,25.6961,25.6961,23.0911,24.7725,1.02
2023-04-02,BNBUSDT,24.7725,24.7725,21.2225,23.8929,2.1
2023-04-03,BNBUSDT,23.8929,24.7337,23.5142,23.5641,1.08
2023-04-04,BNBUSDT,23.5641,25.7749,23.5641,24.7441,1.67
2023-04-05,BNBUSDT,24.7441,30.212,24.7441,27.8661,1.68
2023-04-06,BNBUSDT,27.8661,30.9574,27.8661,29.9215,1.69
2023-04-07,BNBUSDT,29.9215,32.6786,29.9215,31.2123,1.1
2023-04-08,BNBUSDT,31.2123,32.289,29.752,32.0516,0.5
2023-04-09,BNBUSDT,32.0516,32.0516,29.3852,29.7024,1.3
2023-04-10,BNBUSDT,29.7024,32.213,29.7024,31.3001,2.68
2023-04-11,BNBUSDT,31.3001,31.3001,27.5298,28.6924,2.57
2023-04-12,BNBUSDT,28.6924,30.4059,28.6924,30.0892,1.27
2023-04-13,BNBUSDT,30.0892,35.553,30.0892,32.8424,1.26
2023-04-14,BNBUSDT,32.8424,36.0161,32.8424,34.6919,1.81
2023-04-15,BNBUSDT,34.6919,37.7982,34.6919,37.5629,0.87
2023-04-16,BNBUSDT,37.5629,42.9002,37.5629,41.8273,1.31
2023-04-17,BNBUSDT,41.8273,41.8273,37.7401,39.5785,5.66
2023-04-18,BNBUSDT,39.5785,41.0884,35.8531,37.182,0.74
2023-04-19,BNBUSDT,37.182,37.182,32.1801,32.9452,2.1
2023-04-20,BNBUSDT,32.9452,38.4881,32.9452,37.1098,3.23
2023-04-21,BNBUSDT,37.1098,37.1098,32.7335,35.6972,2.15
2023-04-22,BNBUSDT,35.6972,38.4672,35.5199,37.4038,1.22
2023-04-23,BNBUSDT,37.4038,40.3146,36.5226,37.7745,1.76
2023-04-24,BNBUSDT,37.7745,40.3893,37.7745,39.7128,1.84
2023-04-25,BNBUSDT,39.7128,39.7128,36.8223,36.8701,2.43
2023-04-26,BNBUSDT,36.8701,36.8701,31.3166,32.8872,3.96
2023-04-27,BNBUSDT,32.8872,34.3727,32.8872,33.7609,1.58
2023-04-28,BNBUSDT,33.7609,33.7609,30.3741,32.1275,2.0
2023-04-29,BNBUSDT,32.1275,35.6261,32.1275,34.6847,2.44
2023-04-30,BNBUSDT,34.6847,36.8239,34.0849,34.5034,1.83
2023-05-01,BNBUSDT,34.5034,34.5034,33.2114,33.9937,1.53
2023-05-02,BNBUSDT,33.9937,34.0187,29.6042,32.4355,3.11
2023-05-03,BNBUSDT,32.4355,32.8298,29.503,32.0375,1.59
2023-05-04,BNBUSDT,32.0375,32.5301,29.3086,31.7644,0.81
2023-05-05,BNBUSDT,31.7644,37.3345,31.7644,35.6582,3.24
2023-05-06,BNBUSDT,35.6582,37.1724,33.1254,35.2928,0.89
2023-05-07,BNBUSDT,35.2928,35.2928,31.0278,31.6189,1.95
2023-05-08,BNBUSDT,31.6189,31.6189,27.8181,30.1945,1.57
2023-05-09,BNBUSDT,30.1945,30.9652,30.1574,30.794,2.1
2023-05-10,BNBUSDT,30.794,33.2422,30.794,32.9291,1.59
2023-05-11,BNBUSDT,32.9291,37.18,32.4204,34.8183,1.21
2023-05-12,BNBUSDT,34.8183,34.8183,31.5126,32.0238,1.96
2023-05-13,BNBUSDT,32.0238,36.8374,32.0238,35.9023,3.31
2023-05-14,BNBUSDT,35.9023,36.4038,34.7909,36.1437,1.28
2023-05-15,BNBUSDT,36.1437,39.3192,35.4192,36.2877,1.41
2023-05-16,BNBUSDT,36.2877,36.2877,34.4457,34.6581,1.98
2023-05-17,BNBUSDT,34.6581,34.6581,29.3314,30.8679,2.1
2023-05-18,BNBUSDT,30.8679,30.8679,26.7989,27.7015,3.02
2023-05-19,BNBUSDT,27.7015,27.7015,22.5578,23.2128,4.43
2023-05-20,BNBUSDT,23.2128,26.4069,23.2128,25.7592,4.88
2023-05-21,BNBUSDT,25.7592,27.3454,25.4298,26.9532,1.69
2023-05-22,BNBUSDT,26.9532,28.2262,25.3885,25.9552,1.45
2023-05-23,BNBUSDT,25.9552,28.4555,25.9552,27.4273,2.08
2023-05-24,BNBUSDT,27.4273,27.9707,26.4414,27.8171,1.96
2023-05-25,BNBUSDT,27.8171,30.6282,27.8171,29.5237,3.12
2023-05-26,BNBUSDT,29.5237,31.8316,28.4425,30.9847,1.88
2023-05-27,BNBUSDT,30.9847,32.7127,30.9847,31.5974,1.07
2023-05-28,BNBUSDT,31.5974,31.5974,29.3134,29.9484,0.88
2023-05-29,BNBUSDT,29.9484,32.4319,29.9484,31.7894,1.5
2023-05-30,BNBUSDT,31.7894,36.0662,31.7894,33.2121,0.67
2023-05-31,BNBUSDT,33.2121,33.2121,31.2923,31.3643,6.0
2023-06-01,BNBUSDT,31.3643,36.1411,31.3643,33.8663,1.14
2023-06-02,BNBUSDT,33.8663,33.8663,31.348,31.7292,4.34
2023-06-03,BNBUSDT,31.7292,33.8925,30.5374,33.0445,2.71
2023-06-04,BNBUSDT,33.0445,35.2649,32.9078,34.2478,1.93
2023-06-05,BNBUSDT,34.2478,34.2478,31.6719,32.7345,2.34
2023-06-06,BNBUSDT,32.7345,33.0129,29.2132,32.2092,1.21
2023-06-07,BNBUSDT,32.2092,32.2092,30.9006,31.1187,1.02
2023-06-08,BNBUSDT,31.1187,31.1355,30.9966,31.0716,2.28
2023-06-09,BNBUSDT,31.0716,33.7402,31.0716,33.3355,2.88
2023-06-10,BNBUSDT,33.3355,33.3355,33.0,33.0475,0.7
2023-06-11,BNBUSDT,33.0475,35.1632,31.3707,33.1174,2.55
2023-06-12,BNBUSDT,33.1174,35.9951,33.0249,34.0864,1.97
2023-06-13,BNBUSDT,34.0864,34.0864,29.8068,31.9406,2.29
2023-06-14,BNBUSDT,31.9406,31.9406,26.2199,29.5134,2.52
2023-06-15,BNBUSDT,29.5134,31.8541,27.8571,31.4823,1.82
2023-06-16,BNBUSDT,31.4823,31.4823,30.0682,30.6261,2.64
2023-06-17,BNBUSDT,30.6261,32.2897,30.6096,32.0469,6.43
2023-06-18,BNBUSDT,32.0469,35.0195,31.6386,32.6615,1.48
2023-06-19,BNBUSDT,32.6615,32.6615,31.4174,31.4485,4.58
2023-06-20,BNBUSDT,31.4485,32.4309,30.8412,31.1432,2.42
2023-06-21,BNBUSDT,31.1432,31.6909,30.306,30.8887,2.42
2023-06-22,BNBUSDT,30.8887,33.9395,30.8887,33.1243,3.11
2023-06-23,BNBUSDT,33.1243,33.6248,32.356,33.2229,1.28
2023-06-24,BNBUSDT,33.2229,36.507,32.4434,33.9156,0.68
2023-06-25,BNBUSDT,33.9156,35.2018,31.8158,34.3718,0.52
2023-06-26,BNBUSDT,34.3718,34.3718,30.8137,31.2199,4.81
2023-06-27,BNBUSDT,31.2199,33.4386,31.2199,32.5469,2.34
2023-06-28,BNBUSDT,32.5469,35.4305,31.4617,33.6122,2.11
2023-06-29,BNBUSDT,33.6122,33.6122,29.6657,29.9188,2.47
2023-06-30,BNBUSDT,29.9188,34.0534,29.9188,32.2443,4.64
2023-07-01,BNBUSDT,32.2443,46.439,32.2443,44.3341,3.15
2023-07-02,BNBUSDT,44.3341,48.9832,44.3341,46.986,1.77
2023-07-03,BNBUSDT,46.986,46.986,43.08,44.7477,2.53
2023-07-04,BNBUSDT,44.7477,48.4519,43.4547,45.5275,1.58
2023-07-05,BNBUSDT,45.5275,49.4483,45.2573,47.5701,2.2
2023-07-06,BNBUSDT,47.5701,50.1218,44.1062,49.2905,1.31
2023-07-07,BNBUSDT,49.2905,53.835,49.2905,52.0824,1.04
2023-07-08,BNBUSDT,52.0824,52.0824,48.7019,49.1572,0.61
2023-07-09,BNBUSDT,49.1572,54.2505,49.1572,53.2365,1.22
2023-07-10,BNBUSDT,53.2365,56.1548,53.2365,55.0496,0.68
2023-07-11,BNBUSDT,55.0496,61.2259,54.3341,56.4262,0.98
2023-07-12,BNBUSDT,56.4262,59.2811,56.3689,59.1471,1.38
2023-07-13,BNBUSDT,59.1471,60.8948,57.8716,57.8739,0.97
2023-07-14,BNBUSDT,57.8739,57.8739,50.0156,53.1431,1.47
2023-07-15,BNBUSDT,53.1431,56.681,51.0932,53.4854,0.7
2023-07-16,BNBUSDT,53.4854,58.6622,53.4854,58.177,1.15
2023-07-17,BNBUSDT,58.177,64.0387,58.177,61.3933,1.5
2023-07-18,BNBUSDT,61.3933,61.3933,58.6304,59.9966,1.33
2023-07-19,BNBUSDT,59.9966,59.9966,49.4329,52.9629,1.04
2023-07-20,BNBUSDT,52.9629,55.2084,52.275,53.037,0.52
2023-07-21,BNBUSDT,53.037,54.1791,52.4991,53.4183,0.68
2023-07-22,BNBUSDT,53.4183,55.3115,52.7722,54.4837,1.2
2023-07-23,BNBUSDT,54.4837,56.5359,54.4837,56.4577,0.98
2023-07-24,BNBUSDT,56.4577,65.2977,56.4577,59.8909,2.56
2023-07-25,BNBUSDT,59.8909,62.2399,54.7547,60.0621,0.86
2023-07-26,BNBUSDT,60.0621,64.1942,60.0621,62.4545,2.02
2023-07-27,BNBUSDT,62.4545,62.4545,57.0545,57.8389,1.11
2023-07-28,BNBUSDT,57.8389,63.1831,54.6766,58.1369,0.43
2023-07-29,BNBUSDT,58.1369,65.0656,58.1369,63.9884,1.21
2023-07-30,BNBUSDT,63.9884,71.2438,63.9884,67.5348,0.99
2023-07-31,BNBUSDT,67.5348,68.4246,63.9834,66.549,1.72
2023-08-01,BNBUSDT,66.549,69.7592,64.6854,68.5543,0.56
2023-08-02,BNBUSDT,68.5543,76.0706,67.6822,70.798,0.83
2023-08-03,BNBUSDT,70.798,70.798,62.3636,62.3731,1.58
2023-08-04,BNBUSDT,62.3731,67.2005,56.8375,61.091,1.09
2023-08-05,BNBUSDT,61.091,64.4812,59.3753,62.3322,0.33
2023-08-06,BNBUSDT,62.3322,66.0516,60.1074,64.321,0.92
2023-08-07,BNBUSDT,64.321,67.3729,58.3173,64.1241,0.52
2023-08-08,BNBUSDT,64.1241,64.1241,51.303,55.8976,3.88
2023-08-09,BNBUSDT,55.8976,57.8469,55.8976,56.7627,0.89
2023-08-10,BNBUSDT,56.7627,56.7627,52.049,52.5987,1.4
2023-08-11,BNBUSDT,52.5987,54.7365,52.0568,53.3063,0.65
2023-08-12,BNBUSDT,53.3063,55.3015,52.5446,53.2476,0.67
2023-08-13,BNBUSDT,53.2476,57.3981,49.9737,53.8108,0.55
2023-08-14,BNBUSDT,53.8108,57.5412,53.8108,54.9585,0.61
2023-08-15,BNBUSDT,54.9585,60.2782,54.9585,56.8873,1.17
2023-08-16,BNBUSDT,56.8873,58.8165,56.356,58.3102,0.44
2023-08-17,BNBUSDT,58.3102,60.1112,55.1555,58.7132,0.4
2023-08-18,BNBUSDT,58.7132,60.3748,57.3494,59.0487,0.9
2023-08-19,BNBUSDT,59.0487,63.281,58.2398,60.8018,0.96
2023-08-20,BNBUSDT,60.8018,60.8018,54.9182,55.833,0.49
2023-08-21,BNBUSDT,55.833,56.5251,54.673,55.0009,0.84
2023-08-22,BNBUSDT,55.0009,55.0009,46.5631,49.9753,1.1
2023-08-23,BNBUSDT,49.9753,55.0124,49.9753,53.8129,0.99
2023-08-24,BNBUSDT,53.8129,55.5557,49.7141,53.902,0.58
2023-08-25,BNBUSDT,53.902,53.902,51.0805,52.6392,1.34
2023-08-26,BNBUSDT,52.6392,52.6392,47.0291,47.7228,0.7
2023-08-27,BNBUSDT,47.7228,50.5272,46.0805,48.7228,0.8
2023-08-28,BNBUSDT,48.7228,50.4456,48.7228,49.8666,0.7
2023-08-29,BNBUSDT,49.8666,56.1367,49.8666,53.904,4.84
2023-08-30,BNBUSDT,53.904,58.0463,52.1419,53.8952,0.36
2023-08-31,BNBUSDT,53.8952,55.3068,49.6945,51.3593,0.55
2023-09-01,BNBUSDT,51.3593,55.6694,51.3593,54.1198,0.66
2023-09-02,BNBUSDT,54.1198,54.1198,47.1883,51.0833,1.22
2023-09-03,BNBUSDT,51.0833,55.4522,49.4227,51.7174,0.73
2023-09-04,BNBUSDT,51.7174,51.7174,45.5793,46.4062,1.21
2023-09-05,BNBUSDT,46.4062,49.5627,46.4062,48.341,0.88
2023-09-06,BNBUSDT,48.341,54.3549,48.341,50.7019,1.15
2023-09-07,BNBUSDT,50.7019,54.9985,48.7268,52.6588,3.24
2023-09-08,BNBUSDT,52.6588,54.1887,51.2441,52.461,0.47
2023-09-09,BNBUSDT,52.461,58.9263,52.461,57.2176,2.09
2023-09-10,BNBUSDT,57.2176,57.2176,48.5809,49.7763,1.8
2023-09-11,BNBUSDT,49.7763,50.6688,45.6892,47.7918,0.34
2023-09-12,BNBUSDT,47.7918,50.0493,47.074,48.5729,1.08
2023-09-13,BNBUSDT,48.5729,49.9347,47.5177,47.8673,1.04
2023-09-14,BNBUSDT,47.8673,51.8818,47.8673,49.7578,0.41
2023-09-15,BNBUSDT,49.7578,49.7578,45.2807,45.5193,1.89
2023-09-16,BNBUSDT,45.5193,52.3478,45.5193,48.9557,2.26
2023-09-17,BNBUSDT,48.9557,48.9557,41.268,45.6539,1.15
2023-09-18,BNBUSDT,45.6539,47.9572,44.9471,46.9548,1.55
2023-09-19,BNBUSDT,46.9548,46.9548,41.9122,46.3465,2.25
2023-09-20,BNBUSDT,46.3465,46.3465,45.3644,45.6237,1.19
2023-09-21,BNBUSDT,45.6237,46.874,41.8148,44.2466,0.79
2023-09-22,BNBUSDT,44.2466,48.3485,43.9722,46.1444,0.6
2023-09-23,BNBUSDT,46.1444,48.9726,44.7587,44.8184,0.47
2023-09-24,BNBUSDT,44.8184,46.7006,41.4312,44.1139,1.1
2023-09-25,BNBUSDT,44.1139,47.1568,44.1139,47.1424,0.87
2023-09-26,BNBUSDT,47.1424,53.5325,47.1424,50.2599,1.56
2023-09-27,BNBUSDT,50.2599,52.8613,48.7422,51.926,0.48
2023-09-28,BNBUSDT,51.926,51.926,49.8449,50.6104,0.84
2023-09-29,BNBUSDT,50.6104,52.3025,49.2397,50.4023,0.4
2023-09-30,BNBUSDT,50.4023,51.8574,47.3148,49.5212,0.34
2023-10-01,BNBUSDT,49.5212,49.5212,48.3606,49.0665,0.59
2023-10-02,BNBUSDT,49.0665,50.336,48.1641,49.0776,2.37
2023-10-03,BNBUSDT,49.0776,49.0776,46.3105,48.5473,1.04
2023-10-04,BNBUSDT,48.5473,48.5473,46.562,47.0952,1.61
2023-10-05,BNBUSDT,47.0952,47.0952,41.2921,43.0159,1.59
2023-10-06,BNBUSDT,43.0159,43.9259,40.1278,42.4432,1.23
2023-10-07,BNBUSDT,42.4432,44.7528,41.7023,43.5153,1.23
2023-10-08,BNBUSDT,43.5153,49.1958,43.5153,48.2514,3.33
2023-10-09,BNBUSDT,48.2514,54.7041,45.188,51.4729,1.96
2023-10-10,BNBUSDT,51.4729,51.4729,45.6994,47.7919,1.21
2023-10-11,BNBUSDT,47.7919,47.7919,40.897,46.0488,1.11
2023-10-12,BNBUSDT,46.0488,48.3955,45.416,45.9532,1.23
2023-10-13,BNBUSDT,45.9532,55.4488,45.9532,49.7133,0.93
2023-10-14,BNBUSDT,49.7133,49.7133,45.4605,46.171,2.02
2023-10-15,BNBUSDT,46.171,47.362,45.7673,45.7976,0.79
2023-10-16,BNBUSDT,45.7976,46.6981,43.1861,46.4761,0.65
2023-10-17,BNBUSDT,46.4761,46.4761,41.6857,42.9986,2.08
2023-10-18,BNBUSDT,42.9986,46.9683,41.9284,43.6367,1.48
2023-10-19,BNBUSDT,43.6367,46.632,39.9953,43.6929,1.16
2023-10-20,BNBUSDT,43.6929,43.6929,40.4534,42.0282,0.67
2023-10-21,BNBUSDT,42.0282,46.8673,39.6677,43.8463,2.28
2023-10-22,BNBUSDT,43.8463,44.9739,43.8463,44.6887,0.55
2023-10-23,BNBUSDT,44.6887,44.6887,35.6612,38.3936,1.2
2023-10-24,BNBUSDT,38.3936,39.8346,36.78,38.9328,1.02
2023-10-25,BNBUSDT,38.9328,38.9328,36.443,38.367,0.72
2023-10-26,BNBUSDT,38.367,43.186,38.367,41.7937,0.73
2023-10-27,BNBUSDT,41.7937,44.1912,41.2934,43.8995,0.8
2023-10-28,BNBUSDT,43.8995,43.8995,40.1517,40.5503,0.73
2023-10-29,BNBUSDT,40.5503,40.5503,36.1664,37.4642,3.67
2023-10-30,BNBUSDT,37.4642,38.9956,35.457,35.8436,2.53
2023-10-31,BNBUSDT,35.8436,38.4111,35.8159,37.5587,1.7
2023-11-01,BNBUSDT,37.5587,38.6005,35.7846,36.8353,1.18
2023-11-02,BNBUSDT,36.8353,39.8613,36.8353,39.383,2.27
2023-11-03,BNBUSDT,39.383,45.4944,39.383,44.8261,1.99
2023-11-04,BNBUSDT,44.8261,45.7418,44.8261,45.1489,0.23
2023-11-05,BNBUSDT,45.1489,47.3275,45.1243,45.7722,1.19
2023-11-06,BNBUSDT,45.7722,49.9011,44.1633,47.7017,0.82
2023-11-07,BNBUSDT,47.7017,49.5479,45.3205,47.4824,0.36
2023-11-08,BNBUSDT,47.4824,51.8341,47.4824,51.0694,0.44
2023-11-09,BNBUSDT,51.0694,56.8455,51.0694,55.7472,2.04
2023-11-10,BNBUSDT,55.7472,55.7472,50.0688,52.9748,1.02
2023-11-11,BNBUSDT,52.9748,55.7306,52.9748,54.7387,1.0
2023-11-12,BNBUSDT,54.7387,57.4767,54.7387,55.647,0.49
2023-11-13,BNBUSDT,55.647,61.7376,53.4306,56.9319,0.57
2023-11-14,BNBUSDT,56.9319,63.7907,56.9319,59.3949,1.5
2023-11-15,BNBUSDT,59.3949,59.3949,53.2736,57.1706,0.86
2023-11-16,BNBUSDT,57.1706,57.3273,54.5041,56.8695,0.52
2023-11-17,BNBUSDT,56.8695,61.3848,56.8695,57.6347,0.73
2023-11-18,BNBUSDT,57.6347,59.5244,51.5625,56.8092,0.54
2023-11-19,BNBUSDT,56.8092,59.0009,52.3878,56.793,0.39
2023-11-20,BNBUSDT,56.793,60.7484,56.793,60.0044,1.12
2023-11-21,BNBUSDT,60.0044,62.4368,54.3814,59.0798,0.72
2023-11-22,BNBUSDT,59.0798,59.8081,58.6303,59.0934,0.39
2023-11-23,BNBUSDT,59.0934,65.5534,59.0934,61.3788,0.76
2023-11-24,BNBUSDT,61.3788,67.3756,61.3788,65.787,1.61
2023-11-25,BNBUSDT,65.787,69.0873,60.2689,64.02,0.47
2023-11-26,BNBUSDT,64.02,69.3817,64.02,65.7608,1.46
2023-11-27,BNBUSDT,65.7608,71.1939,64.8676,67.9369,0.71
2023-11-28,BNBUSDT,67.9369,72.1584,64.0683,68.4841,0.49
2023-11-29,BNBUSDT,68.4841,71.9146,68.4841,70.8244,1.46
2023-11-30,BNBUSDT,70.8244,70.8244,65.1212,69.4402,1.09
2023-12-01,BNBUSDT,69.4402,69.4402,60.7579,62.6873,0.61
2023-12-02,BNBUSDT,62.6873,67.0986,62.6873,64.9725,1.54
2023-12-03,BNBUSDT,64.9725,66.7888,64.9725,66.234,1.55
2023-12-04,BNBUSDT,66.234,71.758,62.7264,65.9879,0.69
2023-12-05,BNBUSDT,65.9879,72.8682,64.9024,67.2041,0.86
2023-12-06,BNBUSDT,67.2041,74.6247,67.2041,72.5806,1.28
2023-12-07,BNBUSDT,72.5806,75.7658,71.3939,72.9981,0.53
2023-12-08,BNBUSDT,72.9981,75.9878,68.8527,70.3769,1.0
2023-12-09,BNBUSDT,70.3769,70.3769,60.2027,66.944,0.72
2023-12-10,BNBUSDT,66.944,75.5752,66.944,73.0209,1.52
2023-12-11,BNBUSDT,73.0209,78.8747,70.8694,73.5776,0.54
2023-12-12,BNBUSDT,73.5776,75.0989,69.3925,72.668,0.47
2023-12-13,BNBUSDT,72.668,72.668,69.648,69.9005,0.64
2023-12-14,BNBUSDT,69.9005,70.8212,61.9217,67.7671,0.31
2023-12-15,BNBUSDT,67.7671,70.096,67.5144,68.747,1.3
2023-12-16,BNBUSDT,68.747,69.7114,64.9632,65.3908,1.09
2023-12-17,BNBUSDT,65.3908,76.465,65.3908,70.5391,0.34
2023-12-18,BNBUSDT,70.5391,78.6855,70.5391,77.2713,1.32
2023-12-19,BNBUSDT,77.2713,85.2329,77.2713,81.1226,0.53
2023-12-20,BNBUSDT,81.1226,91.8827,80.213,87.6216,1.65
2023-12-21,BNBUSDT,87.6216,92.3868,87.6216,91.6092,0.5
2023-12-22,BNBUSDT,91.6092,92.0598,84.0825,91.7709,0.37
2023-12-23,BNBUSDT,91.7709,107.8886,91.7709,102.8245,1.35
2023-12-24,BNBUSDT,102.8245,108.9536,97.1567,108.0804,0.54
2023-12-25,BNBUSDT,108.0804,118.7442,108.0804,115.0498,0.37
2023-12-26,BNBUSDT,115.0498,118.1958,111.2729,113.8929,0.54
2023-12-27,BNBUSDT,113.8929,120.4191,112.0778,119.641,0.35
2023-12-28,BNBUSDT,119.641,127.0026,113.7082,114.93,0.97
2023-12-29,BNBUSDT,114.93,116.9904,111.1227,112.8469,0.6
2023-12-30,BNBUSDT,112.8469,116.4511,110.479,112.9444,0.22
2023-12-31,BNBUSDT,112.9444,124.8965,112.4705,113.9267,0.37
2024-01-01,BNBUSDT,113.9267,113.9267,91.002,93.2663,1.51
2024-01-02,BNBUSDT,93.2663,106.6976,93.2663,95.5643,1.31
2024-01-03,BNBUSDT,95.5643,99.2548,94.5832,96.9986,0.64
2024-01-04,BNBUSDT,96.9986,101.2095,93.4072,101.1721,0.83
2024-01-05,BNBUSDT,101.1721,119.0252,101.1721,109.3356,1.57
2024-01-06,BNBUSDT,109.3356,109.7225,101.7823,105.0895,0.95
2024-01-07,BNBUSDT,105.0895,113.5432,97.9078,108.3397,0.96
2024-01-08,BNBUSDT,108.3397,116.7714,106.6529,112.5174,0.79
2024-01-09,BNBUSDT,112.5174,113.4496,100.3977,109.7935,0.44
2024-01-10,BNBUSDT,109.7935,121.4831,101.0838,103.4795,0.37
2024-01-11,BNBUSDT,103.4795,103.4795,92.306,92.9463,0.61
2024-01-12,BNBUSDT,92.9463,96.9533,90.8487,95.7619,1.23
2024-01-13,BNBUSDT,95.7619,97.1795,93.6844,94.5916,1.3
2024-01-14,BNBUSDT,94.5916,94.5916,87.7344,88.9637,0.38
2024-01-15,BNBUSDT,88.9637,90.8641,86.1979,86.5147,1.88
2024-01-16,BNBUSDT,86.5147,93.5475,86.5147,91.7759,1.25
2024-01-17,BNBUSDT,91.7759,91.7759,83.8595,85.3156,1.79
2024-01-18,BNBUSDT,85.3156,86.8871,80.8684,85.649,0.39
2024-01-19,BNBUSDT,85.649,85.8691,78.891,84.76,0.69
2024-01-20,BNBUSDT,84.76,87.5658,76.7063,86.3456,1.28
2024-01-21,BNBUSDT,86.3456,93.7296,86.3456,91.5243,0.54
2024-01-22,BNBUSDT,91.5243,100.525,87.4445,93.556,0.72
2024-01-23,BNBUSDT,93.556,105.5649,92.3309,94.5328,0.68
2024-01-24,BNBUSDT,94.5328,94.5328,82.4296,86.6598,1.63
2024-01-25,BNBUSDT,86.6598,91.1608,83.6256,87.665,0.42
2024-01-26,BNBUSDT,87.665,96.2329,87.665,90.5891,0.61
2024-01-27,BNBUSDT,90.5891,96.5983,90.5891,94.4764,0.52
2024-01-28,BNBUSDT,94.4764,108.7521,94.4764,104.2368,0.88
2024-01-29,BNBUSDT,104.2368,104.2368,95.4285,99.1443,0.41
2024-01-30,BNBUSDT,99.1443,101.9719,99.1443,99.8024,0.52
2024-01-31,BNBUSDT,99.8024,99.8024,83.268,85.4159,1.0
2024-02-01,BNBUSDT,85.4159,98.6789,85.4159,98.3116,1.1
2024-02-02,BNBUSDT,98.3116,99.8227,92.1573,98.4359,0.86
2024-02-03,BNBUSDT,98.4359,110.2043,88.6151,101.9217,1.16
2024-02-04,BNBUSDT,101.9217,101.9217,77.9646,83.5516,5.92
2024-02-05,BNBUSDT,83.5516,94.2512,83.5516,93.3711,1.57
2024-02-06,BNBUSDT,93.3711,107.8811,93.3711,98.5457,1.1
2024-02-07,BNBUSDT,98.5457,98.5457,95.1124,95.6013,1.02
2024-02-08,BNBUSDT,95.6013,103.6985,92.8457,97.2443,1.31
2024-02-09,BNBUSDT,97.2443,97.2443,84.4113,88.9157,2.06
2024-02-10,BNBUSDT,88.9157,89.014,82.3845,82.8229,2.33
2024-02-11,BNBUSDT,82.8229,85.5935,82.8229,85.1323,2.44
2024-02-12,BNBUSDT,85.1323,95.2511,79.8389,86.2445,1.49
2024-02-13,BNBUSDT,86.2445,88.1671,83.692,85.7615,0.45
2024-02-14,BNBUSDT,85.7615,85.7615,80.3907,81.8549,1.0
2024-02-15,BNBUSDT,81.8549,92.6235,81.8549,84.7164,1.01
2024-02-16,BNBUSDT,84.7164,87.5352,84.7164,87.1877,0.77
2024-02-17,BNBUSDT,87.1877,87.1877,71.741,75.4583,2.53
2024-02-18,BNBUSDT,75.4583,75.4583,70.9436,72.8385,1.16
2024-02-19,BNBUSDT,72.8385,82.0709,70.9874,73.966,5.35
2024-02-20,BNBUSDT,73.966,77.5538,70.5081,73.8119,1.28
2024-02-21,BNBUSDT,73.8119,77.4665,72.3808,72.388,1.43
2024-02-22,BNBUSDT,72.388,81.2838,72.388,80.4846,2.11
2024-02-23,BNBUSDT,80.4846,83.5989,78.7609,82.4063,0.55
2024-02-24,BNBUSDT,82.4063,86.1864,82.4063,85.8817,0.76
2024-02-25,BNBUSDT,85.8817,85.8817,80.951,82.4499,1.41
2024-02-26,BNBUSDT,82.4499,90.1493,82.4499,86.92,1.26
2024-02-27,BNBUSDT,86.92,88.4811,79.7295,85.0912,0.88
2024-02-28,BNBUSDT,85.0912,89.2346,85.0912,87.761,0.49
2024-02-29,BNBUSDT,87.761,95.8132,87.761,91.8733,0.49
2024-03-01,BNBUSDT,91.8733,106.9682,90.1461,94.0641,0.82
2024-03-02,BNBUSDT,94.0641,104.0428,94.0641,98.1658,2.13
2024-03-03,BNBUSDT,98.1658,100.3897,91.9823,98.2162,0.69
2024-03-04,BNBUSDT,98.2162,106.049,98.2162,101.3173,1.0
2024-03-05,BNBUSDT,101.3173,121.7481,101.3173,114.473,0.51
2024-03-06,BNBUSDT,114.473,120.644,114.473,115.9907,0.45
2024-03-07,BNBUSDT,115.9907,120.1541,102.0308,111.5698,1.3
2024-03-08,BNBUSDT,111.5698,111.5698,86.9013,92.3508,5.88
2024-03-09,BNBUSDT,92.3508,100.0212,80.2195,92.7915,0.58
2024-03-10,BNBUSDT,92.7915,103.3168,92.7915,100.3707,1.14
2024-03-11,BNBUSDT,100.3707,176.611,100.3707,175.8281,2.36
2024-03-12,BNBUSDT,175.8281,187.2912,168.8945,179.3523,0.56
2024-03-13,BNBUSDT,179.3523,179.3523,170.3306,175.1035,0.22
2024-03-14,BNBUSDT,175.1035,179.91,169.9985,174.1495,0.17
2024-03-15,BNBUSDT,174.1495,186.6189,174.1495,181.7444,0.51
2024-03-16,BNBUSDT,181.7444,186.7897,177.4436,181.3862,0.24
2024-03-17,BNBUSDT,181.3862,199.1644,167.8731,178.8099,0.37
2024-03-18,BNBUSDT,178.8099,183.5615,174.2904,175.4814,0.51
2024-03-19,BNBUSDT,175.4814,192.1156,175.4814,190.5757,0.4
2024-03-20,BNBUSDT,190.5757,222.3639,190.5757,209.0081,0.54
2024-03-21,BNBUSDT,209.0081,209.0081,191.5056,191.8988,1.0
2024-03-22,BNBUSDT,191.8988,212.4803,185.5741,194.9543,0.46
2024-03-23,BNBUSDT,194.9543,198.7092,189.3799,191.2986,0.4
2024-03-24,BNBUSDT,191.2986,191.2986,169.8277,171.0871,0.57
2024-03-25,BNBUSDT,171.0871,171.0871,156.008,159.7101,1.55
2024-03-26,BNBUSDT,159.7101,172.5088,154.941,165.6837,0.73
2024-03-27,BNBUSDT,165.6837,205.1684,165.6837,188.1632,0.65
2024-03-28,BNBUSDT,188.1632,212.3404,188.1632,208.0735,1.04
2024-03-29,BNBUSDT,208.0735,221.0253,201.4251,209.1358,0.72
2024-03-30,BNBUSDT,209.1358,226.7849,209.1358,224.7582,0.82
2024-03-31,BNBUSDT,224.7582,235.0589,221.2758,221.4088,0.17
2024-04-01,BNBUSDT,221.4088,231.8287,221.4088,227.6677,0.52
2024-04-02,BNBUSDT,227.6677,228.0868,216.0308,221.7061,0.39
2024-04-03,BNBUSDT,221.7061,243.8005,218.8189,234.0691,0.63
2024-04-04,BNBUSDT,234.0691,234.0691,223.0201,226.5182,1.02
2024-04-05,BNBUSDT,226.5182,226.5182,199.6442,207.0834,1.09
2024-04-06,BNBUSDT,207.0834,215.3418,185.9797,203.8895,0.88
2024-04-07,BNBUSDT,203.8895,208.7806,182.8131,198.5405,1.22
2024-04-08,BNBUSDT,198.5405,205.6629,188.9324,196.145,0.93
2024-04-09,BNBUSDT,196.145,196.145,153.7604,163.54,2.03
2024-04-10,BNBUSDT,163.54,163.54,150.8688,157.5723,0.28
2024-04-11,BNBUSDT,157.5723,157.5723,139.9155,141.6892,2.86
2024-04-12,BNBUSDT,141.6892,162.9365,141.6892,161.8792,1.76
2024-04-13,BNBUSDT,161.8792,161.8792,111.4544,112.8773,13.77
2024-04-14,BNBUSDT,112.8773,123.9548,104.7586,115.4645,1.11
2024-04-15,BNBUSDT,115.4645,132.286,109.5357,125.4848,2.29
2024-04-16,BNBUSDT,125.4848,137.6326,125.4848,133.036,1.27
2024-04-17,BNBUSDT,133.036,137.3938,133.036,136.3976,2.34
2024-04-18,BNBUSDT,136.3976,139.0791,129.5148,136.5812,0.63
2024-04-19,BNBUSDT,136.5812,139.4945,123.6311,136.0824,1.36
2024-04-20,BNBUSDT,136.0824,254.2015,136.0824,239.1352,1.49
2024-04-21,BNBUSDT,239.1352,239.1352,235.4178,236.2694,0.39
2024-04-22,BNBUSDT,236.2694,257.6428,222.0093,248.046,0.64
2024-04-23,BNBUSDT,248.046,248.7665,225.4154,246.7044,0.32
2024-04-24,BNBUSDT,246.7044,246.7044,212.9684,223.5096,1.21
2024-04-25,BNBUSDT,223.5096,243.4747,209.8965,235.1199,0.9
2024-04-26,BNBUSDT,235.1199,266.6882,235.1199,255.1965,0.98
2024-04-27,BNBUSDT,255.1965,287.6488,247.7213,260.8535,0.78
2024-04-28,BNBUSDT,260.8535,274.3295,260.8535,271.4896,0.42
2024-04-29,BNBUSDT,271.4896,296.0325,267.613,267.7603,0.42
2024-04-30,BNBUSDT,267.7603,276.1546,256.2912,262.0238,0.73
2024-05-01,BNBUSDT,262.0238,286.8671,248.0131,254.4874,0.96
2024-05-02,BNBUSDT,254.4874,260.0503,254.4874,259.1648,0.33
2024-05-03,BNBUSDT,259.1648,259.1648,225.8723,244.9495,1.63
2024-05-04,BNBUSDT,244.9495,259.4995,228.9473,250.6742,0.62
2024-05-05,BNBUSDT,250.6742,289.2655,250.6742,268.6696,0.83
2024-05-06,BNBUSDT,268.6696,271.0148,260.3567,268.1369,0.24
2024-05-07,BNBUSDT,268.1369,268.1369,254.3264,262.6154,0.83
2024-05-08,BNBUSDT,262.6154,262.6154,239.7082,245.6792,0.75
2024-05-09,BNBUSDT,245.6792,253.3412,221.3009,244.1102,0.33
2024-05-10,BNBUSDT,244.1102,260.3948,244.1102,259.746,0.68
2024-05-11,BNBUSDT,259.746,286.7939,259.746,281.0172,1.3
2024-05-12,BNBUSDT,281.0172,309.9673,281.0172,303.1329,0.93
2024-05-13,BNBUSDT,303.1329,330.4346,303.1329,318.0898,0.19
2024-05-14,BNBUSDT,318.0898,326.4545,315.8273,325.5764,0.3
2024-05-15,BNBUSDT,325.5764,327.9899,319.1469,320.5588,0.68
2024-05-16,BNBUSDT,320.5588,340.1027,309.9068,321.1791,0.29
2024-05-17,BNBUSDT,321.1791,323.5846,300.0927,308.0691,0.75
2024-05-18,BNBUSDT,308.0691,314.1518,278.6179,309.9951,0.28
2024-05-19,BNBUSDT,309.9951,342.9151,309.9951,338.742,1.07
2024-05-20,BNBUSDT,338.742,360.9182,329.0633,348.0992,0.6
2024-05-21,BNBUSDT,348.0992,383.8389,322.9509,365.4866,0.29
2024-05-22,BNBUSDT,365.4866,365.4866,325.7783,338.1936,1.01
2024-05-23,BNBUSDT,338.1936,338.1936,299.7518,312.8091,0.91
2024-05-24,BNBUSDT,312.8091,312.8091,281.5493,286.7802,1.33
2024-05-25,BNBUSDT,286.7802,305.1014,266.6279,292.7981,0.29
2024-05-26,BNBUSDT,292.7981,305.067,265.7131,295.3964,0.45
2024-05-27,BNBUSDT,295.3964,329.8099,285.8196,297.5736,0.2
2024-05-28,BNBUSDT,297.5736,299.8636,284.6319,296.8394,0.4
2024-05-29,BNBUSDT,296.8394,296.8394,260.2565,275.6433,0.86
2024-05-30,BNBUSDT,275.6433,275.6433,256.4241,258.5523,0.7
2024-05-31,BNBUSDT,258.5523,274.8711,251.7818,260.3004,0.31
2024-06-01,BNBUSDT,260.3004,280.6183,260.3004,279.1104,0.47
2024-06-02,BNBUSDT,279.1104,290.5575,275.4693,280.4162,0.79
2024-06-03,BNBUSDT,280.4162,294.9955,280.4162,288.0538,0.37
2024-06-04,BNBUSDT,288.0538,306.7807,284.7486,293.1739,0.21
2024-06-05,BNBUSDT,293.1739,293.1739,246.9331,264.0716,0.65
2024-06-06,BNBUSDT,264.0716,264.0716,221.4332,250.8508,0.49
2024-06-07,BNBUSDT,250.8508,252.6993,236.4269,250.5208,0.33
2024-06-08,BNBUSDT,250.5208,254.085,231.5833,245.4892,0.36
2024-06-09,BNBUSDT,245.4892,245.4892,215.9291,233.4118,1.18
2024-06-10,BNBUSDT,233.4118,236.2888,223.4275,234.6613,0.53
2024-06-11,BNBUSDT,234.6613,248.4867,220.5278,225.128,1.12
2024-06-12,BNBUSDT,225.128,236.8123,224.0515,231.9789,0.3
2024-06-13,BNBUSDT,231.9789,251.8321,222.0148,229.8425,0.3
2024-06-14,BNBUSDT,229.8425,229.8425,215.8256,218.6215,0.44
2024-06-15,BNBUSDT,218.6215,220.999,213.8014,214.3325,0.47
2024-06-16,BNBUSDT,214.3325,244.5957,214.3325,238.0738,0.93
2024-06-17,BNBUSDT,238.0738,261.8857,238.0738,249.1346,0.96
2024-06-18,BNBUSDT,249.1346,259.4438,236.4166,243.1564,0.3
2024-06-19,BNBUSDT,243.1564,243.2552,227.4943,241.7502,0.4
2024-06-20,BNBUSDT,241.7502,245.4041,236.9765,240.9094,0.41
2024-06-21,BNBUSDT,240.9094,248.2113,234.0353,238.3098,0.25
2024-06-22,BNBUSDT,238.3098,248.1364,238.3098,241.1849,0.38
2024-06-23,BNBUSDT,241.1849,241.1849,218.4814,223.1123,0.69
2024-06-24,BNBUSDT,223.1123,223.1123,211.6521,217.2831,0.72
2024-06-25,BNBUSDT,217.2831,217.2831,189.2717,192.5313,0.63
2024-06-26,BNBUSDT,192.5313,211.5253,192.5313,210.5715,1.72
2024-06-27,BNBUSDT,210.5715,211.1917,205.4851,207.7956,0.52
2024-06-28,BNBUSDT,207.7956,235.6761,199.4259,226.5937,1.63
2024-06-29,BNBUSDT,226.5937,236.8868,226.5937,232.5194,0.3
2024-06-30,BNBUSDT,232.5194,254.9105,232.5194,253.8812,1.27
2024-07-01,BNBUSDT,253.8812,273.4662,243.2675,253.4958,0.11
2024-07-02,BNBUSDT,253.4958,253.4958,251.0609,251.4038,0.42
2024-07-03,BNBUSDT,251.4038,268.8232,247.4607,253.9639,0.17
2024-07-04,BNBUSDT,253.9639,286.7354,253.9639,269.1216,0.58
2024-07-05,BNBUSDT,269.1216,303.0038,268.3657,285.0619,0.59
2024-07-06,BNBUSDT,285.0619,312.4,285.0619,296.7569,1.83
2024-07-07,BNBUSDT,296.7569,296.7569,271.471,284.4907,0.56
2024-07-08,BNBUSDT,284.4907,284.4907,245.5476,267.4435,0.76
2024-07-09,BNBUSDT,267.4435,274.5967,260.83,272.4674,0.24
2024-07-10,BNBUSDT,272.4674,277.5257,268.6774,273.6741,0.61
2024-07-11,BNBUSDT,273.6741,300.9802,273.0266,286.8286,0.52
2024-07-12,BNBUSDT,286.8286,295.7511,273.8338,288.7712,0.16
2024-07-13,BNBUSDT,288.7712,288.7712,255.4297,268.5136,0.56
2024-07-14,BNBUSDT,268.5136,268.5136,242.1155,243.0481,0.38
2024-07-15,BNBUSDT,243.0481,267.6379,243.0481,266.3343,0.66
2024-07-16,BNBUSDT,266.3343,266.3343,245.4802,254.5902,1.48
2024-07-17,BNBUSDT,254.5902,256.0963,227.1404,248.0133,0.36
2024-07-18,BNBUSDT,248.0133,259.7339,238.1204,240.9501,0.51
2024-07-19,BNBUSDT,240.9501,240.9501,219.1011,219.6409,1.06
2024-07-20,BNBUSDT,219.6409,219.6409,209.1426,210.151,0.53
2024-07-21,BNBUSDT,210.151,214.0574,186.7495,211.503,0.34
2024-07-22,BNBUSDT,211.503,211.503,188.0209,188.8845,0.42
2024-07-23,BNBUSDT,188.8845,188.8845,172.1612,177.0342,1.54
2024-07-24,BNBUSDT,177.0342,177.0342,151.364,158.7344,0.88
2024-07-25,BNBUSDT,158.7344,172.4997,158.7344,168.8769,0.43
2024-07-26,BNBUSDT,168.8769,171.8788,158.3522,166.2023,0.38
2024-07-27,BNBUSDT,166.2023,166.2023,140.821,151.5354,0.88
2024-07-28,BNBUSDT,151.5354,165.1473,144.4214,145.8029,0.29
2024-07-29,BNBUSDT,145.8029,145.8029,141.3291,143.6286,0.29
2024-07-30,BNBUSDT,143.6286,163.9057,143.6286,157.6122,1.23
2024-07-31,BNBUSDT,157.6122,173.455,154.5156,161.5362,0.64
2024-08-01,BNBUSDT,161.5362,162.2668,150.1613,159.1555,0.23
2024-08-02,BNBUSDT,159.1555,178.0572,159.1555,169.1786,0.98
2024-08-03,BNBUSDT,169.1786,177.3852,169.1786,175.9548,0.59
2024-08-04,BNBUSDT,175.9548,180.2706,175.9548,178.9876,0.31
2024-08-05,BNBUSDT,178.9876,186.2833,175.9759,178.3721,0.4
2024-08-06,BNBUSDT,178.3721,178.3721,164.1105,165.0444,0.31
2024-08-07,BNBUSDT,165.0444,186.3325,162.1856,179.7528,0.99
2024-08-08,BNBUSDT,179.7528,179.7528,160.4089,163.5614,1.24
2024-08-09,BNBUSDT,163.5614,199.6722,163.5614,180.7591,0.86
2024-08-10,BNBUSDT,180.7591,180.7591,160.9976,162.7948,0.87
2024-08-11,BNBUSDT,162.7948,172.7354,150.443,168.2672,0.71
2024-08-12,BNBUSDT,168.2672,180.525,166.7735,177.0719,1.65
2024-08-13,BNBUSDT,177.0719,180.383,157.3554,167.4173,0.59
2024-08-14,BNBUSDT,167.4173,183.3737,167.4173,170.7949,0.48
2024-08-15,BNBUSDT,170.7949,188.6756,166.6719,178.3679,0.46
2024-08-16,BNBUSDT,178.3679,184.7025,170.01,177.9987,0.79
2024-08-17,BNBUSDT,177.9987,191.0187,176.3246,186.6561,0.95
2024-08-18,BNBUSDT,186.6561,199.8819,186.6561,193.7831,0.42
2024-08-19,BNBUSDT,193.7831,193.7831,183.4317,189.2904,0.64
2024-08-20,BNBUSDT,189.2904,204.3689,183.8223,193.8131,0.64
2024-08-21,BNBUSDT,193.8131,195.1975,179.2023,190.4851,0.6
2024-08-22,BNBUSDT,190.4851,190.4851,172.9396,184.0049,0.64
2024-08-23,BNBUSDT,184.0049,187.7639,168.3019,182.9704,0.21
2024-08-24,BNBUSDT,182.9704,182.9704,174.5002,176.6219,0.23
2024-08-25,BNBUSDT,176.6219,176.6219,153.7196,157.1534,1.39
2024-08-26,BNBUSDT,157.1534,179.6467,157.1534,178.613,1.15
2024-08-27,BNBUSDT,178.613,178.613,154.7362,164.3607,0.96
2024-08-28,BNBUSDT,164.3607,169.249,159.6818,161.747,1.15
2024-08-29,BNBUSDT,161.747,174.0099,156.8652,164.2887,0.46
2024-08-30,BNBUSDT,164.2887,174.3504,164.2887,173.8055,0.78
2024-08-31,BNBUSDT,173.8055,173.8055,161.091,165.8103,0.67
2024-09-01,BNBUSDT,165.8103,165.8103,153.1215,158.7759,1.05
2024-09-02,BNBUSDT,158.7759,171.6976,147.8122,168.5826,0.54
2024-09-03,BNBUSDT,168.5826,176.2088,158.8064,170.1653,1.18
2024-09-04,BNBUSDT,170.1653,175.4087,158.3214,172.4593,0.63
2024-09-05,BNBUSDT,172.4593,172.4593,154.0656,170.0196,0.74
2024-09-06,BNBUSDT,170.0196,171.805,160.3999,165.0081,0.56
2024-09-07,BNBUSDT,165.0081,166.5698,162.6053,164.4948,0.27
2024-09-08,BNBUSDT,164.4948,174.1242,164.4948,165.7471,0.32
2024-09-09,BNBUSDT,165.7471,172.4753,161.3505,167.6849,0.26
2024-09-10,BNBUSDT,167.6849,174.4409,154.9816,161.0333,0.48
2024-09-11,BNBUSDT,161.0333,195.8473,161.0333,178.3684,0.5
2024-09-12,BNBUSDT,178.3684,183.9931,168.2724,177.8786,1.66
2024-09-13,BNBUSDT,177.8786,198.9913,177.0174,185.4582,0.31
2024-09-14,BNBUSDT,185.4582,187.1326,165.182,179.1606,0.59
2024-09-15,BNBUSDT,179.1606,200.8882,179.1606,188.2136,0.33
2024-09-16,BNBUSDT,188.2136,193.4754,181.3754,182.4343,1.06
2024-09-17,BNBUSDT,182.4343,182.4343,171.3712,174.5701,0.23
2024-09-18,BNBUSDT,174.5701,174.5701,160.3961,163.8104,0.78
2024-09-19,BNBUSDT,163.8104,163.8104,159.3546,163.2689,0.22
2024-09-20,BNBUSDT,163.2689,163.2689,149.0517,156.1385,0.57
2024-09-21,BNBUSDT,156.1385,156.1385,133.9996,147.5446,0.68
2024-09-22,BNBUSDT,147.5446,147.5446,133.7178,136.0902,0.69
2024-09-23,BNBUSDT,136.0902,146.1022,130.7107,133.7617,1.18
2024-09-24,BNBUSDT,133.7617,147.5569,131.0662,136.1177,0.93
2024-09-25,BNBUSDT,136.1177,139.0156,124.8437,130.781,0.77
2024-09-26,BNBUSDT,130.781,136.8081,128.5695,128.9411,0.5
2024-09-27,BNBUSDT,128.9411,135.2158,122.4811,133.0993,0.6
2024-09-28,BNBUSDT,133.0993,144.9833,129.478,130.9866,1.01
2024-09-29,BNBUSDT,130.9866,137.9573,127.3934,137.3952,0.77
2024-09-30,BNBUSDT,137.3952,147.1883,134.6394,135.3454,0.75
2024-10-01,BNBUSDT,135.3454,139.2136,120.9365,132.4047,0.71
2024-10-02,BNBUSDT,132.4047,135.3516,128.305,132.572,0.49
2024-10-03,BNBUSDT,132.572,149.8719,132.572,140.1152,0.51
2024-10-04,BNBUSDT,140.1152,142.4099,126.1873,134.6928,0.56
2024-10-05,BNBUSDT,134.6928,144.4723,126.8001,135.6171,0.45
2024-10-06,BNBUSDT,135.6171,135.6171,123.8232,130.529,0.37
2024-10-07,BNBUSDT,130.529,140.2089,123.3644,128.5847,0.21
2024-10-08,BNBUSDT,128.5847,128.5847,104.1399,108.2048,0.24
2024-10-09,BNBUSDT,108.2048,123.0679,108.2048,115.7401,0.41
2024-10-10,BNBUSDT,115.7401,125.1802,115.7401,123.3791,1.39
2024-10-11,BNBUSDT,123.3791,127.3099,112.0616,119.4422,0.71
2024-10-12,BNBUSDT,119.4422,120.3762,110.8476,116.1547,0.34
2024-10-13,BNBUSDT,116.1547,116.4852,104.2074,111.7905,0.49
2024-10-14,BNBUSDT,111.7905,128.0647,110.9177,117.116,1.4
2024-10-15,BNBUSDT,117.116,117.116,107.0641,107.5886,0.44
2024-10-16,BNBUSDT,107.5886,107.5886,100.6673,104.3743,0.47
2024-10-17,BNBUSDT,104.3743,114.1158,104.3743,112.9658,0.63
2024-10-18,BNBUSDT,112.9658,112.9658,105.7528,106.234,0.59
2024-10-19,BNBUSDT,106.234,108.2514,103.1696,106.1053,0.51
2024-10-20,BNBUSDT,106.1053,124.5774,106.1053,119.9413,0.99
2024-10-21,BNBUSDT,119.9413,124.3942,112.7736,123.1648,0.37
2024-10-22,BNBUSDT,123.1648,135.117,122.7993,127.2688,0.98
2024-10-23,BNBUSDT,127.2688,152.2641,123.4564,132.4834,0.74
2024-10-24,BNBUSDT,132.4834,138.8059,123.2672,130.6439,0.42
2024-10-25,BNBUSDT,130.6439,154.0514,130.6439,142.5309,0.37
2024-10-26,BNBUSDT,142.5309,151.9348,141.8294,144.035,0.57
2024-10-27,BNBUSDT,144.035,144.035,119.8695,131.7783,0.6
2024-10-28,BNBUSDT,131.7783,138.5918,128.1268,130.307,0.58
2024-10-29,BNBUSDT,130.307,131.0985,126.9364,128.7038,0.73
2024-10-30,BNBUSDT,128.7038,133.0179,121.3218,129.5938,0.5
2024-10-31,BNBUSDT,129.5938,133.4777,128.4682,133.2995,0.33
2024-11-01,BNBUSDT,133.2995,144.5227,129.2091,139.157,0.42
2024-11-02,BNBUSDT,139.157,145.098,137.6027,143.1819,0.44
2024-11-03,BNBUSDT,143.1819,153.4985,143.1819,148.7244,0.84
2024-11-04,BNBUSDT,148.7244,163.4541,148.7244,154.1842,0.45
2024-11-05,BNBUSDT,154.1842,156.1997,150.7588,150.8027,0.57
2024-11-06,BNBUSDT,150.8027,150.8027,126.4354,136.2001,0.57
2024-11-07,BNBUSDT,136.2001,139.6476,133.2056,137.4379,0.38
2024-11-08,BNBUSDT,137.4379,146.2229,136.5502,143.2811,0.21
2024-11-09,BNBUSDT,143.2811,153.1435,143.2811,149.5025,0.35
2024-11-10,BNBUSDT,149.5025,158.3214,148.1665,153.5134,0.7
2024-11-11,BNBUSDT,153.5134,153.9931,139.1015,147.9909,0.64
2024-11-12,BNBUSDT,147.9909,162.7923,147.9909,152.464,0.55
2024-11-13,BNBUSDT,152.464,175.2829,152.464,172.3826,1.25
2024-11-14,BNBUSDT,172.3826,197.6426,172.3826,184.3919,0.42
2024-11-15,BNBUSDT,184.3919,184.3919,173.5142,175.2128,0.97
2024-11-16,BNBUSDT,175.2128,185.1592,175.2128,184.3936,0.54
2024-11-17,BNBUSDT,184.3936,184.3936,164.4068,172.081,0.42
2024-11-18,BNBUSDT,172.081,194.1448,172.081,180.7353,0.42
2024-11-19,BNBUSDT,180.7353,197.9765,180.7353,195.6446,0.94
2024-11-20,BNBUSDT,195.6446,217.8139,195.0867,206.2586,0.26
2024-11-21,BNBUSDT,206.2586,234.9537,206.2586,224.9388,1.44
2024-11-22,BNBUSDT,224.9388,225.4369,217.2186,224.0496,0.26
2024-11-23,BNBUSDT,224.0496,266.4691,224.0496,262.4226,0.69
2024-11-24,BNBUSDT,262.4226,303.5343,262.4226,271.543,0.51
2024-11-25,BNBUSDT,271.543,294.2584,271.543,286.0363,0.26
2024-11-26,BNBUSDT,286.0363,286.0363,260.3877,261.2232,0.84
2024-11-27,BNBUSDT,261.2232,284.3057,261.2232,272.8548,0.35
2024-11-28,BNBUSDT,272.8548,297.3457,272.8548,279.307,0.2
2024-11-29,BNBUSDT,279.307,279.307,241.2388,267.9131,0.38
2024-11-30,BNBUSDT,267.9131,291.4339,267.9131,283.989,0.48
2024-12-01,BNBUSDT,283.989,296.257,275.6044,280.8452,0.15
2024-12-02,BNBUSDT,280.8452,287.1447,277.2092,279.3381,0.15
2024-12-03,BNBUSDT,279.3381,290.8694,265.469,284.0167,0.2
2024-12-04,BNBUSDT,284.0167,284.0167,255.6302,271.0535,0.46
2024-12-05,BNBUSDT,271.0535,277.1046,261.8007,272.4255,0.63
2024-12-06,BNBUSDT,272.4255,278.4198,262.3365,271.7756,0.44
2024-12-07,BNBUSDT,271.7756,271.7756,237.2016,267.0482,0.34
2024-12-08,BNBUSDT,267.0482,267.0482,247.0919,261.4855,0.35
2024-12-09,BNBUSDT,261.4855,296.9778,261.4855,277.1163,0.7
2024-12-10,BNBUSDT,277.1163,277.1163,274.3106,274.5812,0.18
2024-12-11,BNBUSDT,274.5812,292.2646,274.5812,290.3447,0.51
2024-12-12,BNBUSDT,290.3447,294.9801,285.9143,289.7484,0.42
2024-12-13,BNBUSDT,289.7484,289.7484,266.338,273.6024,0.36
2024-12-14,BNBUSDT,273.6024,290.898,268.8231,269.9391,0.23
2024-12-15,BNBUSDT,269.9391,274.0124,269.654,272.2001,0.3
2024-12-16,BNBUSDT,272.2001,293.0959,272.2001,281.7519,0.75
2024-12-17,BNBUSDT,281.7519,289.9387,272.5652,278.3713,0.13
2024-12-18,BNBUSDT,278.3713,317.5627,278.3713,311.4109,0.25
2024-12-19,BNBUSDT,311.4109,343.9395,306.2098,323.0404,0.18
2024-12-20,BNBUSDT,323.0404,338.4877,300.0949,320.5206,0.09
2024-12-21,BNBUSDT,320.5206,334.2719,316.4753,328.5387,0.26
2024-12-22,BNBUSDT,328.5387,352.4159,310.5948,339.3438,0.34
2024-12-23,BNBUSDT,339.3438,339.3438,286.9757,311.6457,1.1
2024-12-24,BNBUSDT,311.6457,345.2709,311.6457,342.476,0.4
2024-12-25,BNBUSDT,342.476,397.1057,342.476,372.8304,0.36
2024-12-26,BNBUSDT,372.8304,432.5489,372.8304,412.9106,0.88
2024-12-27,BNBUSDT,412.9106,435.8667,387.2633,426.5546,0.13
2024-12-28,BNBUSDT,426.5546,437.0641,426.5546,435.8573,0.23
2024-12-29,BNBUSDT,435.8573,458.2704,435.8573,443.541,0.32
2024-12-30,BNBUSDT,443.541,443.541,340.4434,362.876,2.04
2024-12-31,BNBUSDT,362.876,362.876,342.9756,349.6682,0.64
2025-01-01,BNBUSDT,349.6682,392.9654,349.6682,390.9441,0.29
2025-01-02,BNBUSDT,390.9441,405.827,361.6936,389.9828,0.13
2025-01-03,BNBUSDT,389.9828,389.9828,350.1504,362.6443,0.34
2025-01-04,BNBUSDT,362.6443,362.6443,357.6002,359.3489,0.26
2025-01-05,BNBUSDT,359.3489,383.4584,359.3489,378.3531,0.44
2025-01-06,BNBUSDT,378.3531,426.239,372.089,388.2569,0.31
2025-01-07,BNBUSDT,388.2569,417.836,388.2569,416.9439,0.57
2025-01-08,BNBUSDT,416.9439,425.073,416.9439,420.9571,0.35
2025-01-09,BNBUSDT,420.9571,425.8539,408.9983,410.8925,0.27
2025-01-10,BNBUSDT,410.8925,433.3879,399.268,421.4738,0.37
2025-01-11,BNBUSDT,421.4738,489.3787,421.4738,469.4321,0.97
2025-01-12,BNBUSDT,469.4321,469.4321,428.5653,434.8126,0.58
2025-01-13,BNBUSDT,434.8126,434.8126,347.5753,362.1081,1.56
2025-01-14,BNBUSDT,362.1081,382.0833,334.9619,351.2124,0.5
2025-01-15,BNBUSDT,351.2124,392.6344,351.2124,377.533,0.93
2025-01-16,BNBUSDT,377.533,397.9088,369.4234,388.9058,0.32
2025-01-17,BNBUSDT,388.9058,388.9058,344.3651,358.7121,0.66
2025-01-18,BNBUSDT,358.7121,372.838,327.6042,358.2299,0.12
2025-01-19,BNBUSDT,358.2299,422.6606,358.2299,398.6826,1.01
2025-01-20,BNBUSDT,398.6826,426.6652,385.6568,395.5228,0.42
2025-01-21,BNBUSDT,395.5228,422.1855,395.5228,415.9695,0.34
2025-01-22,BNBUSDT,415.9695,451.6771,415.9695,436.4107,0.52
2025-01-23,BNBUSDT,436.4107,436.4107,408.6263,422.1259,0.38
2025-01-24,BNBUSDT,422.1259,428.5184,415.4929,417.9975,0.49
2025-01-25,BNBUSDT,417.9975,431.9223,412.4579,420.4209,0.16
2025-01-26,BNBUSDT,420.4209,420.4209,381.5251,404.4215,0.43
2025-01-27,BNBUSDT,404.4215,420.9214,404.4215,414.6422,0.8
2025-01-28,BNBUSDT,414.6422,459.679,414.6422,455.6463,1.01
2025-01-29,BNBUSDT,455.6463,455.6463,369.4345,385.7674,0.97
2025-01-30,BNBUSDT,385.7674,385.7674,330.607,351.509,1.09
2025-01-31,BNBUSDT,351.509,351.509,312.2953,319.8468,0.27
2025-02-01,BNBUSDT,319.8468,343.6271,319.8468,331.4899,0.23
2025-02-02,BNBUSDT,331.4899,351.3319,328.1033,347.3463,0.3
2025-02-03,BNBUSDT,347.3463,370.4005,323.6427,349.8444,0.41
2025-02-04,BNBUSDT,349.8444,362.1379,338.3591,349.4837,0.29
2025-02-05,BNBUSDT,349.4837,357.0354,326.0584,348.1057,0.42
2025-02-06,BNBUSDT,348.1057,385.673,348.1057,374.1183,0.35
2025-02-07,BNBUSDT,374.1183,374.1183,348.2776,352.2059,0.39
2025-02-08,BNBUSDT,352.2059,352.2059,281.9493,303.8917,1.31
2025-02-09,BNBUSDT,303.8917,334.8702,303.6716,312.713,0.14
2025-02-10,BNBUSDT,312.713,384.1995,312.713,348.6768,1.49
2025-02-11,BNBUSDT,348.6768,387.2101,348.6768,380.9884,0.33
2025-02-12,BNBUSDT,380.9884,412.1695,374.7588,392.0775,0.3
2025-02-13,BNBUSDT,392.0775,395.3552,367.0364,375.0197,0.32
2025-02-14,BNBUSDT,375.0197,411.7971,375.0197,393.4802,0.27
2025-02-15,BNBUSDT,393.4802,416.6576,370.2428,383.4246,0.38
2025-02-16,BNBUSDT,383.4246,396.104,356.8347,368.5667,0.37
2025-02-17,BNBUSDT,368.5667,368.5667,328.8408,337.3198,0.31
2025-02-18,BNBUSDT,337.3198,373.2336,337.3198,369.064,0.89
2025-02-19,BNBUSDT,369.064,369.064,338.7638,339.9099,0.35
2025-02-20,BNBUSDT,339.9099,339.9099,312.0918,330.5886,0.31
2025-02-21,BNBUSDT,330.5886,330.5886,285.5181,294.071,0.41
2025-02-22,BNBUSDT,294.071,295.4173,287.5549,293.2032,0.17
2025-02-23,BNBUSDT,293.2032,293.2032,257.2136,261.5386,0.31
2025-02-24,BNBUSDT,261.5386,268.7604,261.5386,267.5035,0.44
2025-02-25,BNBUSDT,267.5035,284.0551,267.5035,278.4906,0.24
2025-02-26,BNBUSDT,278.4906,278.4906,252.0737,265.5208,0.54
2025-02-27,BNBUSDT,265.5208,297.1405,265.5208,271.5376,0.14
2025-02-28,BNBUSDT,271.5376,272.3122,245.7526,267.0288,0.2
2025-03-01,BNBUSDT,267.0288,284.4988,259.1213,279.6752,0.58
2025-03-02,BNBUSDT,279.6752,287.3188,279.2219,287.1492,0.62
2025-03-03,BNBUSDT,287.1492,287.1492,242.1538,255.4554,0.77
2025-03-04,BNBUSDT,255.4554,259.88,241.5295,245.7368,0.4
2025-03-05,BNBUSDT,245.7368,257.8044,239.7732,246.5779,0.18
2025-03-06,BNBUSDT,246.5779,246.5779,236.4501,237.2325,0.58
2025-03-07,BNBUSDT,237.2325,266.8514,237.2325,251.5076,0.48
2025-03-08,BNBUSDT,251.5076,251.5076,224.6107,237.5338,0.38
2025-03-09,BNBUSDT,237.5338,242.3243,223.2495,237.3648,0.11
2025-03-10,BNBUSDT,237.3648,237.3648,209.3551,211.4323,0.93
2025-03-11,BNBUSDT,211.4323,224.2613,211.4323,221.4175,0.38
2025-03-12,BNBUSDT,221.4175,233.7897,217.8911,222.5763,0.42
2025-03-13,BNBUSDT,222.5763,222.7015,217.0239,220.9749,0.22
2025-03-14,BNBUSDT,220.9749,245.4419,220.9749,240.9277,1.17
2025-03-15,BNBUSDT,240.9277,262.988,231.799,253.1239,0.62
2025-03-16,BNBUSDT,253.1239,262.8024,248.2384,250.0783,0.41
2025-03-17,BNBUSDT,250.0783,280.9004,250.0783,267.4852,0.36
2025-03-18,BNBUSDT,267.4852,288.6953,267.4852,277.1421,0.43
2025-03-19,BNBUSDT,277.1421,277.1421,252.2102,259.3587,0.39
2025-03-20,BNBUSDT,259.3587,259.3587,242.6027,244.8966,0.51
2025-03-21,BNBUSDT,244.8966,244.8966,235.9638,238.8105,0.63
2025-03-22,BNBUSDT,238.8105,238.8105,208.083,213.67,1.65
2025-03-23,BNBUSDT,213.67,236.1519,212.9176,213.5709,0.25
2025-03-24,BNBUSDT,213.5709,229.3946,213.5709,219.8487,0.2
2025-03-25,BNBUSDT,219.8487,222.334,184.6145,208.223,0.49
2025-03-26,BNBUSDT,208.223,224.7172,206.6406,208.3484,0.92
2025-03-27,BNBUSDT,208.3484,216.6829,197.567,210.9906,0.49
2025-03-28,BNBUSDT,210.9906,210.9906,183.9292,191.655,0.81
2025-03-29,BNBUSDT,191.655,191.655,172.3209,176.6523,1.44
2025-03-30,BNBUSDT,176.6523,176.6523,170.5357,172.3555,0.28
2025-03-31,BNBUSDT,172.3555,172.3555,153.6857,160.1508,0.89
2025-04-01,BNBUSDT,160.1508,238.6471,160.1508,230.0175,1.71
2025-04-02,BNBUSDT,230.0175,230.0175,207.1185,217.5824,0.45
2025-04-03,BNBUSDT,217.5824,226.8305,203.2979,218.0758,0.08
2025-04-04,BNBUSDT,218.0758,244.9018,218.0758,238.4563,0.5
2025-04-05,BNBUSDT,238.4563,238.4563,203.9824,208.7003,1.79
2025-04-06,BNBUSDT,208.7003,233.9328,208.7003,213.3032,0.31
2025-04-07,BNBUSDT,213.3032,231.9713,213.3032,223.6648,0.42
2025-04-08,BNBUSDT,223.6648,223.6648,202.7309,216.235,0.37
2025-04-09,BNBUSDT,216.235,216.2397,203.1964,215.6445,0.42
2025-04-10,BNBUSDT,215.6445,215.6445,208.7622,212.3795,0.2
2025-04-11,BNBUSDT,212.3795,222.3605,212.2297,216.3221,0.38
2025-04-12,BNBUSDT,216.3221,216.3221,190.515,190.7672,1.42
2025-04-13,BNBUSDT,190.7672,195.3602,176.8598,179.4479,0.85
2025-04-14,BNBUSDT,179.4479,198.8065,166.9411,184.632,1.08
2025-04-15,BNBUSDT,184.632,184.632,175.1645,176.5486,0.23
2025-04-16,BNBUSDT,176.5486,184.3688,161.2972,177.4324,0.22
2025-04-17,BNBUSDT,177.4324,188.7517,174.0875,180.1077,0.35
2025-04-18,BNBUSDT,180.1077,196.8337,180.1077,196.6904,0.71
2025-04-19,BNBUSDT,196.6904,210.7274,195.0494,197.7974,0.21
2025-04-20,BNBUSDT,197.7974,199.7964,186.569,190.6946,0.18
2025-04-21,BNBUSDT,190.6946,190.6946,184.3536,185.138,0.15
2025-04-22,BNBUSDT,185.138,185.138,158.2033,173.4834,0.43
2025-04-23,BNBUSDT,173.4834,173.4834,159.0819,165.7918,0.23
2025-04-24,BNBUSDT,165.7918,169.0211,158.9577,159.1752,0.16
2025-04-25,BNBUSDT,159.1752,180.8885,157.9738,167.6984,0.36
2025-04-26,BNBUSDT,167.6984,167.9889,141.7324,158.8112,0.28
2025-04-27,BNBUSDT,158.8112,165.5916,157.0662,162.4616,0.31
2025-04-28,BNBUSDT,162.4616,162.7579,149.2243,158.6102,0.2
2025-04-29,BNBUSDT,158.6102,169.493,154.9906,164.4693,0.58
2025-04-30,BNBUSDT,164.4693,168.5881,162.0032,167.1628,0.13
2025-05-01,BNBUSDT,167.1628,167.1628,153.1224,159.6533,0.2
2025-05-02,BNBUSDT,159.6533,167.7929,159.6533,161.7557,0.25
2025-05-03,BNBUSDT,161.7557,161.7557,152.6849,155.9581,0.3
2025-05-04,BNBUSDT,155.9581,155.9581,131.7879,137.1087,0.79
2025-05-05,BNBUSDT,137.1087,154.3871,137.1087,146.5595,0.35
2025-05-06,BNBUSDT,146.5595,155.2592,138.448,145.6743,0.33
2025-05-07,BNBUSDT,145.6743,145.6743,124.2699,139.3359,0.33
2025-05-08,BNBUSDT,139.3359,139.3359,131.539,132.2406,0.53
2025-05-09,BNBUSDT,132.2406,141.5779,128.2953,140.8474,0.81
2025-05-10,BNBUSDT,140.8474,150.8772,133.0104,148.5052,0.56
2025-05-11,BNBUSDT,148.5052,156.653,148.5052,154.3663,0.25
2025-05-12,BNBUSDT,154.3663,164.873,151.3473,159.6256,0.36
2025-05-13,BNBUSDT,159.6256,159.6256,149.4632,156.103,0.22
2025-05-14,BNBUSDT,156.103,156.103,143.0617,147.0658,0.54
2025-05-15,BNBUSDT,147.0658,163.5145,147.0658,159.2347,0.42
2025-05-16,BNBUSDT,159.2347,159.2347,137.4663,142.2311,0.56
2025-05-17,BNBUSDT,142.2311,142.2311,134.6487,136.408,0.5
2025-05-18,BNBUSDT,136.408,142.6294,134.6473,142.1033,0.53
2025-05-19,BNBUSDT,142.1033,146.2214,140.123,144.561,0.46
2025-05-20,BNBUSDT,144.561,151.2674,142.8378,144.1793,0.23
2025-05-21,BNBUSDT,144.1793,160.1611,144.1793,153.3185,0.38
2025-05-22,BNBUSDT,153.3185,165.907,153.3185,160.4796,1.15
2025-05-23,BNBUSDT,160.4796,160.4796,143.6982,151.7463,1.63
2025-05-24,BNBUSDT,151.7463,161.2138,150.0518,158.8591,1.07
2025-05-25,BNBUSDT,158.8591,166.368,158.8591,164.7209,0.29
2025-05-26,BNBUSDT,164.7209,166.5007,155.8626,161.3446,0.69
2025-05-27,BNBUSDT,161.3446,161.3446,139.3027,145.7469,0.73
2025-05-28,BNBUSDT,145.7469,148.9821,137.7094,141.2978,0.43
2025-05-29,BNBUSDT,141.2978,152.1018,141.2978,145.8761,0.43
2025-05-30,BNBUSDT,145.8761,161.2111,145.8761,159.2988,0.47
2025-05-31,BNBUSDT,159.2988,163.8982,152.3176,154.7793,0.28
2025-06-01,BNBUSDT,154.7793,154.7793,141.8087,143.7566,1.14
2025-06-02,BNBUSDT,143.7566,146.8247,133.1992,142.2208,0.22
2025-06-03,BNBUSDT,142.2208,148.4874,130.6598,142.149,0.19
2025-06-04,BNBUSDT,142.149,159.9471,142.149,154.6261,1.78
2025-06-05,BNBUSDT,154.6261,154.6261,133.7337,137.1658,0.49
2025-06-06,BNBUSDT,137.1658,161.2096,137.1658,146.1827,0.69
2025-06-07,BNBUSDT,146.1827,160.302,146.1827,151.7531,0.54
2025-06-08,BNBUSDT,151.7531,164.8616,149.1857,156.0147,0.46
2025-06-09,BNBUSDT,156.0147,156.0147,151.1151,152.5571,0.29
2025-06-10,BNBUSDT,152.5571,152.5571,135.2771,148.969,0.62
2025-06-11,BNBUSDT,148.969,150.411,142.1183,144.8054,0.58
2025-06-12,BNBUSDT,144.8054,158.8083,144.8054,157.8019,0.9
2025-06-13,BNBUSDT,157.8019,159.8105,149.2287,156.0567,0.38
2025-06-14,BNBUSDT,156.0567,164.7806,156.0567,164.4975,0.25
2025-06-15,BNBUSDT,164.4975,185.3693,155.8048,165.0423,0.39
2025-06-16,BNBUSDT,165.0423,166.7123,154.1204,157.8224,0.77
2025-06-17,BNBUSDT,157.8224,158.5519,131.5825,146.911,0.63
2025-06-18,BNBUSDT,146.911,159.8643,146.911,151.4193,0.9
2025-06-19,BNBUSDT,151.4193,154.7735,136.7403,144.3834,0.41
2025-06-20,BNBUSDT,144.3834,144.3834,136.9559,138.4187,0.5
2025-06-21,BNBUSDT,138.4187,142.5154,123.8734,133.49,0.51
2025-06-22,BNBUSDT,133.49,143.4833,119.0586,132.6848,0.44
2025-06-23,BNBUSDT,132.6848,137.2301,132.676,133.075,0.36
2025-06-24,BNBUSDT,133.075,141.1975,131.7499,135.9896,0.76
2025-06-25,BNBUSDT,135.9896,165.6876,135.9896,149.8726,0.4
2025-06-26,BNBUSDT,149.8726,155.2659,137.1821,144.9801,0.34
2025-06-27,BNBUSDT,144.9801,157.0296,143.3512,154.0599,0.75
2025-06-28,BNBUSDT,154.0599,158.0504,144.191,145.8445,0.35
2025-06-29,BNBUSDT,145.8445,164.104,145.8445,155.1894,0.71
2025-06-30,BNBUSDT,155.1894,155.1894,147.408,149.9598,1.28
2025-07-01,BNBUSDT,149.9598,165.1108,149.9598,161.9244,0.31
2025-07-02,BNBUSDT,161.9244,170.7921,161.9244,169.1257,0.31
2025-07-03,BNBUSDT,169.1257,169.1257,152.5608,154.3642,0.64
2025-07-04,BNBUSDT,154.3642,160.4994,152.3284,158.6978,0.63
2025-07-05,BNBUSDT,158.6978,158.6978,144.6711,153.0925,0.32
2025-07-06,BNBUSDT,153.0925,153.3541,142.2603,152.0214,0.21
2025-07-07,BNBUSDT,152.0214,152.0214,130.2867,142.2049,0.83
2025-07-08,BNBUSDT,142.2049,142.2049,127.252,132.2635,1.91
2025-07-09,BNBUSDT,132.2635,138.3333,132.2635,137.257,0.89
2025-07-10,BNBUSDT,137.257,143.033,137.257,141.8207,0.8
2025-07-11,BNBUSDT,141.8207,141.8207,133.7166,134.5374,0.93
2025-07-12,BNBUSDT,134.5374,149.9697,134.5374,144.6166,0.71
2025-07-13,BNBUSDT,144.6166,148.4724,140.5686,144.6772,0.38
2025-07-14,BNBUSDT,144.6772,144.7993,135.666,140.9016,0.31
2025-07-15,BNBUSDT,140.9016,150.4853,140.4688,150.3372,0.57
2025-07-16,BNBUSDT,150.3372,157.7252,150.3372,155.4916,0.72
2025-07-17,BNBUSDT,155.4916,159.162,152.5837,152.8493,0.25
2025-07-18,BNBUSDT,152.8493,168.7162,152.8493,159.4866,0.5
2025-07-19,BNBUSDT,159.4866,159.4866,148.2101,155.3939,0.42
2025-07-20,BNBUSDT,155.3939,155.3939,143.0521,144.7518,1.63
2025-07-21,BNBUSDT,144.7518,157.2856,144.7518,152.6921,0.24
2025-07-22,BNBUSDT,152.6921,168.3484,151.9128,160.4672,0.78
2025-07-23,BNBUSDT,160.4672,178.4588,160.4672,177.3447,1.84
2025-07-24,BNBUSDT,177.3447,216.4031,174.361,189.0608,1.35
2025-07-25,BNBUSDT,189.0608,189.7969,178.999,188.3958,0.33
2025-07-26,BNBUSDT,188.3958,202.7403,187.414,189.9911,0.17
2025-07-27,BNBUSDT,189.9911,203.7562,189.9911,195.1396,0.6
2025-07-28,BNBUSDT,195.1396,213.046,195.1396,208.3237,0.91
2025-07-29,BNBUSDT,208.3237,230.1048,208.3237,217.7169,0.43
2025-07-30,BNBUSDT,217.7169,228.3076,211.9027,213.403,0.3
2025-07-31,BNBUSDT,213.403,213.403,189.0791,196.3869,0.77
2025-08-01,BNBUSDT,196.3869,208.9092,189.8796,202.6705,0.27
2025-08-02,BNBUSDT,202.6705,202.6705,177.9602,181.1999,0.94
2025-08-03,BNBUSDT,181.1999,182.8577,178.5968,180.621,0.53
2025-08-04,BNBUSDT,180.621,206.5585,180.621,198.6436,1.49
2025-08-05,BNBUSDT,198.6436,212.7454,195.5484,196.3027,0.53
2025-08-06,BNBUSDT,196.3027,208.5999,189.0587,202.8159,0.78
2025-08-07,BNBUSDT,202.8159,231.4865,202.8159,227.768,0.82
2025-08-08,BNBUSDT,227.768,229.8813,223.2798,228.8813,0.86
2025-08-09,BNBUSDT,228.8813,236.7013,218.7055,230.5507,0.29
2025-08-10,BNBUSDT,230.5507,230.5507,214.4778,227.8086,0.39
2025-08-11,BNBUSDT,227.8086,230.9854,219.1798,221.1706,0.6
2025-08-12,BNBUSDT,221.1706,224.2405,210.615,217.0295,0.68
2025-08-13,BNBUSDT,217.0295,220.9998,189.551,208.9215,1.97
2025-08-14,BNBUSDT,208.9215,236.5859,208.9215,223.576,0.63
2025-08-15,BNBUSDT,223.576,243.7258,223.576,242.0254,0.44
2025-08-16,BNBUSDT,242.0254,247.1027,227.1051,231.2516,0.79
2025-08-17,BNBUSDT,231.2516,237.9049,227.3324,233.5093,0.5
2025-08-18,BNBUSDT,233.5093,248.093,233.5093,240.2486,0.45
2025-08-19,BNBUSDT,240.2486,242.5096,237.6974,237.8733,1.0
2025-08-20,BNBUSDT,237.8733,267.1529,237.8733,259.6804,0.44
2025-08-21,BNBUSDT,259.6804,259.6804,227.7916,234.9378,0.69
2025-08-22,BNBUSDT,234.9378,237.82,226.1977,231.8625,0.18
2025-08-23,BNBUSDT,231.8625,236.254,228.7788,234.8035,0.4
2025-08-24,BNBUSDT,234.8035,234.8035,209.0516,212.3938,0.99
2025-08-25,BNBUSDT,212.3938,219.9484,199.5752,208.2272,0.41
2025-08-26,BNBUSDT,208.2272,223.7135,208.2272,214.9701,0.28
2025-08-27,BNBUSDT,214.9701,214.9701,207.9185,208.3841,0.2
2025-08-28,BNBUSDT,208.3841,208.3841,183.7152,192.5483,0.31
2025-08-29,BNBUSDT,192.5483,225.3384,192.1186,214.3165,0.26
2025-08-30,BNBUSDT,214.3165,236.1809,214.3165,231.3777,0.72
2025-08-31,BNBUSDT,231.3777,235.262,222.6484,228.6879,0.24
2025-09-01,BNBUSDT,228.6879,228.6879,208.1344,214.4861,0.63
2025-09-02,BNBUSDT,214.4861,225.7202,214.4861,222.6994,0.33
2025-09-03,BNBUSDT,222.6994,224.6886,216.1375,216.1783,0.47
2025-09-04,BNBUSDT,216.1783,216.1783,191.8393,196.6042,0.5
2025-09-05,BNBUSDT,196.6042,196.6042,178.1889,181.141,1.1
2025-09-06,BNBUSDT,181.141,193.1063,180.0246,181.7013,0.4
2025-09-07,BNBUSDT,181.7013,200.419,179.0205,193.3994,1.72
2025-09-08,BNBUSDT,193.3994,193.3994,186.2429,190.2853,0.37
2025-09-09,BNBUSDT,190.2853,210.1904,190.2853,200.9115,0.35
2025-09-10,BNBUSDT,200.9115,200.9115,179.3224,185.0513,0.83
2025-09-11,BNBUSDT,185.0513,188.9019,174.9636,184.1642,0.13
2025-09-12,BNBUSDT,184.1642,195.6245,184.1642,194.1449,0.42
2025-09-13,BNBUSDT,194.1449,239.2856,194.1449,210.5508,1.02
2025-09-14,BNBUSDT,210.5508,236.5993,210.5508,231.8582,1.86
2025-09-15,BNBUSDT,231.8582,235.8829,228.419,231.898,0.95
2025-09-16,BNBUSDT,231.898,260.3574,231.898,242.3142,0.49
2025-09-17,BNBUSDT,242.3142,254.8519,242.3142,249.5691,0.39
2025-09-18,BNBUSDT,249.5691,249.5691,231.1197,242.3901,0.42
2025-09-19,BNBUSDT,242.3901,247.051,222.1827,239.7367,0.98
2025-09-20,BNBUSDT,239.7367,257.1598,222.9981,239.6356,0.51
2025-09-21,BNBUSDT,239.6356,264.3661,226.8121,254.6966,0.48
2025-09-22,BNBUSDT,254.6966,283.3931,254.6966,275.1167,0.75
2025-09-23,BNBUSDT,275.1167,281.1035,265.1951,269.9572,0.18
2025-09-24,BNBUSDT,269.9572,271.3945,246.0775,260.4361,0.52
2025-09-25,BNBUSDT,260.4361,285.6341,257.6883,265.3572,0.25
2025-09-26,BNBUSDT,265.3572,307.033,265.3572,306.1871,3.15
2025-09-27,BNBUSDT,306.1871,306.1871,287.9255,288.0356,0.35
2025-09-28,BNBUSDT,288.0356,306.5444,288.0356,298.9302,0.19
2025-09-29,BNBUSDT,298.9302,316.6551,273.0453,294.6442,1.42
2025-09-30,BNBUSDT,294.6442,314.5449,294.5222,304.3187,0.26
2025-10-01,BNBUSDT,304.3187,450.5628,304.3187,434.7389,0.69
2025-10-02,BNBUSDT,434.7389,442.7011,403.2418,420.2031,0.24
2025-10-03,BNBUSDT,420.2031,420.2031,355.881,356.7465,2.72
2025-10-04,BNBUSDT,356.7465,364.7685,343.3577,350.464,0.25
2025-10-05,BNBUSDT,350.464,372.6178,341.4562,350.3298,0.18
2025-10-06,BNBUSDT,350.3298,362.4845,346.4241,361.0992,0.56
2025-10-07,BNBUSDT,361.0992,403.8389,361.0992,374.8799,0.55
2025-10-08,BNBUSDT,374.8799,390.8114,373.9064,388.0078,0.51
2025-10-09,BNBUSDT,388.0078,388.0078,375.6324,376.908,0.31
2025-10-10,BNBUSDT,376.908,401.5256,375.5305,389.5383,0.15
2025-10-11,BNBUSDT,389.5383,401.4184,358.3574,398.0923,0.3
2025-10-12,BNBUSDT,398.0923,434.3931,398.0923,417.0377,0.27
2025-10-13,BNBUSDT,417.0377,437.9077,407.1907,417.296,0.26
2025-10-14,BNBUSDT,417.296,417.296,343.1302,389.4114,0.33
2025-10-15,BNBUSDT,389.4114,432.2562,388.5546,398.2051,0.15
2025-10-16,BNBUSDT,398.2051,447.5193,398.2051,443.7084,0.32
2025-10-17,BNBUSDT,443.7084,529.9775,443.7084,506.7783,1.07
2025-10-18,BNBUSDT,506.7783,509.8236,484.9928,493.4294,0.25
2025-10-19,BNBUSDT,493.4294,493.4294,490.0833,490.3762,0.12
2025-10-20,BNBUSDT,490.3762,510.5432,474.3044,482.0336,0.17
2025-10-21,BNBUSDT,482.0336,482.0336,444.0856,462.858,0.2
2025-10-22,BNBUSDT,462.858,462.858,396.3599,419.6584,0.49
2025-10-23,BNBUSDT,419.6584,466.2455,419.6584,440.7292,0.7
2025-10-24,BNBUSDT,440.7292,461.1087,433.1379,438.9014,0.23
2025-10-25,BNBUSDT,438.9014,438.9014,396.8178,403.7717,0.32
2025-10-26,BNBUSDT,403.7717,420.5558,385.3901,401.7683,0.24
2025-10-27,BNBUSDT,401.7683,418.6818,401.7683,414.7055,0.47
2025-10-28,BNBUSDT,414.7055,436.5399,414.7055,434.6199,0.96
2025-10-29,BNBUSDT,434.6199,450.7151,434.5838,434.9644,0.21
2025-10-30,BNBUSDT,434.9644,434.9644,415.0288,423.4464,0.27
2025-10-31,BNBUSDT,423.4464,423.4464,371.0432,383.0738,0.46
2025-11-01,BNBUSDT,383.0738,442.8059,383.0738,413.5405,0.55
2025-11-02,BNBUSDT,413.5405,413.5405,349.6675,355.7355,0.43
2025-11-03,BNBUSDT,355.7355,378.9805,355.7355,371.7075,0.38
2025-11-04,BNBUSDT,371.7075,382.9641,371.7075,378.8003,0.26
2025-11-05,BNBUSDT,378.8003,378.8003,331.4868,360.6869,0.22
2025-11-06,BNBUSDT,360.6869,381.681,322.3395,352.705,0.15
2025-11-07,BNBUSDT,352.705,382.6801,352.705,370.7986,0.41
2025-11-08,BNBUSDT,370.7986,370.7986,296.2072,307.1045,0.56
2025-11-09,BNBUSDT,307.1045,315.2763,303.481,312.796,0.15
2025-11-10,BNBUSDT,312.796,313.9503,261.8046,279.5259,0.37
2025-11-11,BNBUSDT,279.5259,297.947,279.5259,283.2414,0.09
2025-11-12,BNBUSDT,283.2414,291.8221,262.2838,277.7345,0.39
2025-11-13,BNBUSDT,277.7345,297.8789,271.9024,277.6698,0.19
2025-11-14,BNBUSDT,277.6698,327.4615,277.6698,299.8221,0.36
2025-11-15,BNBUSDT,299.8221,319.1016,276.5161,295.1631,0.18
2025-11-16,BNBUSDT,295.1631,295.1631,267.5703,283.4035,0.13
2025-11-17,BNBUSDT,283.4035,300.0007,283.4035,297.1329,0.2
2025-11-18,BNBUSDT,297.1329,297.1329,258.6622,283.3276,0.3
2025-11-19,BNBUSDT,283.3276,283.3276,256.1573,257.9119,0.41
2025-11-20,BNBUSDT,257.9119,257.9119,225.7854,233.0606,0.36
2025-11-21,BNBUSDT,233.0606,247.2484,221.1844,243.7056,0.2
2025-11-22,BNBUSDT,243.7056,271.8758,243.7056,260.5946,0.44
2025-11-23,BNBUSDT,260.5946,267.6088,260.5946,265.5053,0.17
2025-11-24,BNBUSDT,265.5053,283.3489,265.5053,282.6611,0.22
2025-11-25,BNBUSDT,282.6611,307.7019,282.6611,304.8923,0.21
2025-11-26,BNBUSDT,304.8923,313.2516,299.4366,300.1733,0.27
2025-11-27,BNBUSDT,300.1733,310.2847,300.1733,308.3944,0.2
2025-11-28,BNBUSDT,308.3944,331.517,308.3944,313.4121,0.3
2025-11-29,BNBUSDT,313.4121,313.4121,275.2863,297.5342,0.35
2025-11-30,BNBUSDT,297.5342,311.0101,297.5342,309.864,0.67
2025-12-01,BNBUSDT,309.864,321.6232,286.074,312.603,0.08
2025-12-02,BNBUSDT,312.603,316.0041,276.4109,299.0638,0.32
2025-12-03,BNBUSDT,299.0638,299.0638,277.1718,284.1999,0.14
2025-12-04,BNBUSDT,284.1999,284.1999,249.0984,250.1152,1.11
2025-12-05,BNBUSDT,250.1152,271.675,250.1152,262.6367,0.12
2025-12-06,BNBUSDT,262.6367,286.1956,256.1234,262.1621,0.06
2025-12-07,BNBUSDT,262.1621,283.3527,262.1621,273.4482,0.13
2025-12-08,BNBUSDT,273.4482,273.4482,253.7057,257.2857,0.28
2025-12-09,BNBUSDT,257.2857,257.2857,223.6612,244.1462,0.18
2025-12-10,BNBUSDT,244.1462,244.1462,216.5496,216.7651,0.72
2025-12-11,BNBUSDT,216.7651,223.2031,196.7722,203.3382,0.36
2025-12-12,BNBUSDT,203.3382,204.8992,195.8663,201.5848,0.19
2025-12-13,BNBUSDT,201.5848,227.5292,201.5848,217.3161,0.23
2025-12-14,BNBUSDT,217.3161,242.6223,217.3161,223.9421,0.19
2025-12-15,BNBUSDT,223.9421,260.6734,223.9421,243.5707,0.12
2025-12-16,BNBUSDT,243.5707,256.8204,237.0075,247.7472,0.14
2025-12-17,BNBUSDT,247.7472,247.7472,220.1608,220.7795,0.23
2025-12-18,BNBUSDT,220.7795,237.7895,216.2754,231.8597,0.16
2025-12-19,BNBUSDT,231.8597,231.8597,214.9908,227.9465,0.27
2025-12-20,BNBUSDT,227.9465,252.6288,227.9465,238.5367,0.39
2025-12-21,BNBUSDT,238.5367,238.5367,218.0598,224.6187,0.38
2025-12-22,BNBUSDT,224.6187,250.1645,224.6187,235.5666,0.45
2025-12-23,BNBUSDT,235.5666,250.0718,235.5666,247.1079,0.23
2025-12-24,BNBUSDT,247.1079,247.1079,228.5141,244.1937,0.09
2025-12-25,BNBUSDT,244.1937,244.1937,231.0919,239.8103,0.22
2025-12-26,BNBUSDT,239.8103,267.5385,239.8103,265.5251,0.22
2025-12-27,BNBUSDT,265.5251,277.2971,256.1266,266.4788,0.12
2025-12-28,BNBUSDT,266.4788,277.7303,258.5147,273.4474,0.14
2025-12-29,BNBUSDT,273.4474,273.4474,247.7354,257.8766,0.26
2025-12-30,BNBUSDT,257.8766,269.8141,239.9794,253.394,0.19
2025-12-31,BNBUSDT,253.394,262.9438,244.1043,254.617,0.3
2026-01-01,BNBUSDT,254.617,254.617,212.7732,214.0725,0.51
2026-01-02,BNBUSDT,214.0725,222.7277,207.8973,210.1841,0.3
2026-01-03,BNBUSDT,210.1841,221.0357,194.2543,208.7879,0.19
2026-01-04,BNBUSDT,208.7879,217.5075,199.4641,207.5705,0.17
2026-01-05,BNBUSDT,207.5705,207.5705,194.2578,199.1471,0.18
2026-01-06,BNBUSDT,199.1471,228.9691,199.1471,211.0378,0.21
2026-01-07,BNBUSDT,211.0378,231.0473,211.0378,228.8478,0.22
2026-01-08,BNBUSDT,228.8478,234.7437,228.1607,232.521,0.2
2026-01-09,BNBUSDT,232.521,244.932,219.718,232.8579,0.28
2026-01-10,BNBUSDT,232.8579,232.8579,190.8478,222.5248,0.23
2026-01-11,BNBUSDT,222.5248,222.5248,207.0387,209.4945,0.13
2026-01-12,BNBUSDT,209.4945,225.2388,204.8941,220.0683,0.43
2026-01-13,BNBUSDT,220.0683,231.5291,217.0118,221.9707,0.23
2026-01-14,BNBUSDT,221.9707,244.0355,221.9707,235.6563,0.35
2026-01-15,BNBUSDT,235.6563,255.2716,233.1825,243.3286,0.29
2026-01-16,BNBUSDT,243.3286,259.3255,237.572,254.5601,0.19
2026-01-17,BNBUSDT,254.5601,254.5601,227.3155,228.7305,0.24
2026-01-18,BNBUSDT,228.7305,242.1862,216.1669,229.8791,0.3
2026-01-19,BNBUSDT,229.8791,266.548,229.8791,251.76,0.37
2026-01-20,BNBUSDT,251.76,270.5097,246.7577,248.6018,0.31
2026-01-21,BNBUSDT,248.6018,248.6018,218.3052,220.2555,0.51
2026-01-22,BNBUSDT,220.2555,229.8537,220.2555,221.9401,0.26
2026-01-23,BNBUSDT,221.9401,234.351,219.2991,222.1291,0.18
2026-01-24,BNBUSDT,222.1291,241.7969,222.1291,229.7132,0.27
2026-01-25,BNBUSDT,229.7132,264.3919,229.7132,252.9624,0.6
2026-01-26,BNBUSDT,252.9624,257.2482,235.8505,249.7625,0.18
2026-01-27,BNBUSDT,249.7625,249.7625,217.5214,228.5191,0.97
2026-01-28,BNBUSDT,228.5191,240.4196,221.8575,224.2032,0.24
2026-01-29,BNBUSDT,224.2032,240.1446,224.2032,237.3874,0.27
2026-01-30,BNBUSDT,237.3874,237.3874,219.2058,223.4036,0.56
2026-01-31,BNBUSDT,223.4036,228.5576,209.0985,218.4695,0.29
2026-02-01,BNBUSDT,218.4695,235.8295,218.4695,235.2215,1.1
2026-02-02,BNBUSDT,235.2215,254.2393,235.2215,246.0869,0.31
2026-02-03,BNBUSDT,246.0869,261.4013,238.7324,248.7456,0.41
2026-02-04,BNBUSDT,248.7456,254.5603,243.1859,253.6749,0.51
2026-02-05,BNBUSDT,253.6749,259.9219,250.8567,251.2402,0.12
2026-02-06,BNBUSDT,251.2402,251.2402,216.5755,222.2333,0.37
2026-02-07,BNBUSDT,222.2333,222.2333,217.9509,218.0873,0.27
2026-02-08,BNBUSDT,218.0873,243.1103,218.0873,235.54,0.32
2026-02-09,BNBUSDT,235.54,247.8204,235.54,242.2595,0.4
2026-02-10,BNBUSDT,242.2595,261.7631,242.2595,259.4699,0.34
2026-02-11,BNBUSDT,259.4699,259.4699,252.8329,254.4061,0.35
2026-02-12,BNBUSDT,254.4061,281.0616,254.4061,267.0307,0.46
2026-02-13,BNBUSDT,267.0307,273.8019,260.1669,272.5398,0.22
2026-02-14,BNBUSDT,272.5398,286.4525,272.5398,275.0565,0.32
2026-02-15,BNBUSDT,275.0565,275.1378,275.0418,275.0809,0.3
2026-02-16,BNBUSDT,275.0809,279.9222,261.3203,277.5792,0.18
2026-02-17,BNBUSDT,277.5792,278.8864,262.3125,268.2797,0.18
2026-02-18,BNBUSDT,268.2797,294.2746,255.7703,273.2775,0.2
2026-02-19,BNBUSDT,273.2775,277.1956,248.6931,265.192,0.14
2026-02-20,BNBUSDT,265.192,289.0026,265.192,275.1107,0.14
2026-02-21,BNBUSDT,275.1107,292.4963,275.1107,292.3839,0.67
2026-02-22,BNBUSDT,292.3839,312.8479,292.3839,312.466,0.13
2026-02-23,BNBUSDT,312.466,317.5358,280.6747,317.219,0.18
2026-02-24,BNBUSDT,317.219,317.219,296.5343,312.2446,0.35
2026-02-25,BNBUSDT,312.2446,312.2446,272.9862,286.8692,0.18
2026-02-26,BNBUSDT,286.8692,299.9087,286.3329,286.3507,0.1
2026-02-27,BNBUSDT,286.3507,308.8222,286.3507,306.7296,0.33
2026-02-28,BNBUSDT,306.7296,306.7296,282.3972,286.6787,0.36
2026-03-01,BNBUSDT,286.6787,317.8145,286.6787,299.1853,0.45
2026-03-02,BNBUSDT,299.1853,299.1853,270.8746,283.4223,0.21
2026-03-03,BNBUSDT,283.4223,283.4223,231.6516,256.0095,0.25
2026-03-04,BNBUSDT,256.0095,256.0095,224.0437,234.727,0.93
2026-03-05,BNBUSDT,234.727,239.2132,233.0224,239.1362,0.16
2026-03-06,BNBUSDT,239.1362,250.2587,228.7032,237.8401,0.2
2026-03-07,BNBUSDT,237.8401,237.8401,224.7367,230.3078,0.3
2026-03-08,BNBUSDT,230.3078,230.3078,203.2695,212.9252,0.41
2026-03-09,BNBUSDT,212.9252,212.9252,184.3074,200.2118,0.28
2026-03-10,BNBUSDT,200.2118,200.2118,176.1586,187.9091,0.26
2026-03-11,BNBUSDT,187.9091,190.2605,187.9091,190.1742,0.17
2026-03-12,BNBUSDT,190.1742,201.5878,190.1742,190.9335,0.22
2026-03-13,BNBUSDT,190.9335,228.2936,190.9335,225.7932,0.46
2026-03-14,BNBUSDT,225.7932,254.093,225.7932,247.5035,0.61
2026-03-15,BNBUSDT,247.5035,261.9218,235.7492,250.8092,0.32
2026-03-16,BNBUSDT,250.8092,256.8865,224.1976,237.7428,0.23
2026-03-17,BNBUSDT,237.7428,237.7428,231.3224,232.2683,0.17
2026-03-18,BNBUSDT,232.2683,262.9061,223.7257,235.8746,0.21
2026-03-19,BNBUSDT,235.8746,251.7692,226.6525,233.4988,0.11
2026-03-20,BNBUSDT,233.4988,250.1922,232.9268,238.4486,0.2
2026-03-21,BNBUSDT,238.4486,238.4486,218.023,227.7027,0.29
2026-03-22,BNBUSDT,227.7027,227.7027,199.4245,221.2154,0.4
2026-03-23,BNBUSDT,221.2154,221.8496,217.0983,218.6914,0.2
2026-03-24,BNBUSDT,218.6914,233.4362,215.7916,219.965,0.26
2026-03-25,BNBUSDT,219.965,224.8572,196.9512,204.6302,0.58
2026-03-26,BNBUSDT,204.6302,204.6302,191.2688,193.6059,0.45
2026-03-27,BNBUSDT,193.6059,193.6059,174.7476,180.1049,0.24
2026-03-28,BNBUSDT,180.1049,190.1656,180.1049,186.1741,0.21
2026-03-29,BNBUSDT,186.1741,198.5349,176.0609,182.6514,0.17
2026-03-30,BNBUSDT,182.6514,182.6514,175.0332,176.3176,0.56
2026-03-31,BNBUSDT,176.3176,188.2637,176.3176,178.34,0.17
2026-04-01,BNBUSDT,178.34,178.34,168.028,173.0778,0.15
2026-04-02,BNBUSDT,173.0778,176.641,168.9609,175.492,0.35
2026-04-03,BNBUSDT,175.492,184.2238,169.8712,173.0448,0.54
2026-04-04,BNBUSDT,173.0448,185.1127,173.0448,182.9463,0.35
2026-04-05,BNBUSDT,182.9463,182.9463,166.0564,169.559,0.41
2026-04-06,BNBUSDT,169.559,175.6184,169.559,173.192,0.36
2026-04-07,BNBUSDT,173.192,173.192,155.9897,159.6179,0.45
2026-04-08,BNBUSDT,159.6179,159.6179,138.0851,145.3952,0.4
