date,open,high,low,close,volume,quote_volume,trades
2017-08-17,4029.87,4288.79,3879.82,4000.0,109854.42,439417678.18,38644
2017-08-18,4000.0,4212.99,4000.0,4156.78,145730.49,605770028.59,52839
2017-08-19,4156.78,4159.97,4129.8,4158.23,56159.18,233522884.54,31069
2017-08-20,4158.23,4227.06,3856.24,4135.82,60700.84,251047561.16,28363
2017-08-21,4135.82,4145.86,4043.75,4113.53,51346.1,211213587.86,31093
2017-08-22,4113.53,4958.62,4113.53,4561.62,135891.87,619887151.28,35963
2017-08-23,4561.62,4929.47,4561.62,4818.05,94922.09,457338925.5,38056
2017-08-24,4818.05,4902.58,4527.88,4724.89,120049.16,567218980.51,29497
2017-08-25,4724.89,5043.26,4632.68,4923.61,58299.13,287042147.24,31567
2017-08-26,4923.61,5258.27,4923.61,5038.98,53539.66,269785340.06,26653
2017-08-27,5038.98,5038.98,4465.19,4531.49,143871.52,651952725.15,43895
2017-08-28,4531.49,4531.49,4231.45,4301.34,105030.15,451770002.69,29127
2017-08-29,4301.34,4749.88,4301.34,4421.26,98198.1,434159405.08,30412
2017-08-30,4421.26,4877.94,4421.26,4869.58,132821.91,646787123.75,28914
2017-08-31,4869.58,5144.88,4718.51,4845.77,47270.52,229061985.96,26071
2017-09-01,4845.77,5009.99,4657.44,4730.77,67256.71,318175695.46,32326
2017-09-02,4730.77,4827.23,4668.42,4803.7,69411.2,333430628.89,28684
2017-09-03,4803.7,4803.7,4536.02,4673.89,67359.75,314832303.66,28193
2017-09-04,4673.89,4678.11,4273.03,4632.68,127419.78,590294832.08,32876
2017-09-05,4632.68,4872.36,4630.79,4669.12,47964.01,223949482.25,28393
2017-09-06,4669.12,4669.12,4325.62,4420.05,48785.98,215636489.73,29812
2017-09-07,4420.05,4755.35,4420.05,4683.98,100256.24,469598179.54,25018
2017-09-08,4683.98,4707.46,4326.0,4390.93,104275.49,457866686.65,30677
2017-09-09,4390.93,4390.93,4012.3,4089.79,188490.96,770889359.8,32491
2017-09-10,4089.79,4208.57,4089.79,4174.32,99984.24,417365903.5,29462
2017-09-11,4174.32,4481.48,4174.32,4401.31,75411.33,331908885.53,31689
2017-09-12,4401.31,4574.29,4285.36,4485.41,54654.87,245149349.22,26102
2017-09-13,4485.41,4696.52,4288.99,4493.06,61450.25,276099852.31,40549
2017-09-14,4493.06,4653.82,4320.73,4450.93,96210.21,428224776.01,44512
2017-09-15,4450.93,4451.22,4338.37,4367.19,52881.44,230943052.06,25900
2017-09-16,4367.19,4702.14,4367.19,4693.55,83211.22,390556412.48,41783
2017-09-17,4693.55,5115.47,4693.55,4827.26,62527.66,301837421.07,28677
2017-09-18,4827.26,4940.13,4718.9,4757.96,102881.67,489506783.83,40340
2017-09-19,4757.96,5370.62,4757.96,5153.86,76601.34,394792803.63,31268
2017-09-20,5153.86,5456.6,4796.79,5392.94,91972.33,496001573.72,40449
2017-09-21,5392.94,5833.89,5392.94,5752.13,165161.35,950029996.48,27002
2017-09-22,5752.13,6231.38,5752.13,6042.88,63903.21,386159537.34,27019
2017-09-23,6042.88,6680.05,6042.88,6342.43,145692.04,924041883.14,43136
2017-09-24,6342.43,6511.8,6342.43,6490.72,97080.34,630121580.31,27584
2017-09-25,6490.72,6569.71,6143.71,6451.25,88675.16,572065263.11,40816
2017-09-26,6451.25,6455.43,6160.69,6213.58,88474.18,549741547.85,28173
2017-09-27,6213.58,6213.58,5535.54,5702.66,104736.65,597277307.75,38265
2017-09-28,5702.66,6501.8,5702.66,5976.61,133740.81,799316880.3,35193
2017-09-29,5976.61,5976.61,5327.83,5700.03,57484.42,327663173.58,30742
2017-09-30,5700.03,6381.57,5700.03,6026.52,116280.53,700766460.8,31475
2017-10-01,6026.52,6038.57,5624.43,5858.66,50766.1,297421279.44,30397
2017-10-02,5858.66,6215.39,5858.66,6028.74,184133.03,1110090723.66,50643
2017-10-03,6028.74,6487.5,5930.01,6059.3,61073.51,370062540.19,26680
2017-10-04,6059.3,6585.68,6059.3,6474.74,84792.81,549011387.23,29718
2017-10-05,6474.74,6866.9,6293.28,6648.64,77456.08,514977274.42,28669
2017-10-06,6648.64,6648.64,6252.08,6305.16,91283.02,575554470.82,34872
2017-10-07,6305.16,6697.18,6055.39,6411.92,58580.51,375613436.97,32569
2017-10-08,6411.92,7035.79,6411.92,6707.91,86258.84,578616926.72,29948
2017-10-09,6707.91,6707.91,5849.13,6196.06,173574.93,1075481433.86,40145
2017-10-10,6196.06,6622.92,6196.06,6593.71,112703.49,743134256.37,32802
2017-10-11,6593.71,6781.63,6443.36,6487.48,79181.97,513691733.04,38995
2017-10-12,6487.48,6487.48,6014.05,6017.03,109026.12,656013914.42,38723
2017-10-13,6017.03,6203.47,5871.33,5951.13,73254.89,435949456.83,31941
2017-10-14,5951.13,5951.13,5321.28,5700.36,84937.64,484175241.46,28195
2017-10-15,5700.36,5700.36,5189.16,5302.67,160349.82,850282194.12,31442
2017-10-16,5302.67,5302.67,4915.22,5031.46,76435.87,384584090.04,33485
2017-10-17,5031.46,5772.21,5031.46,5703.39,257643.96,1469445172.44,59781
2017-10-18,5703.39,5807.5,5519.92,5700.22,131964.28,752226070.85,30632
2017-10-19,5700.22,5873.48,5507.58,5585.44,102656.36,573380544.88,36496
2017-10-20,5585.44,5585.44,5289.49,5444.56,68747.72,374301103.24,25540
2017-10-21,5444.56,5651.79,5095.94,5486.73,51739.76,283882075.06,27511
2017-10-22,5486.73,5944.02,5148.61,5525.28,69441.41,383683258.08,27632
2017-10-23,5525.28,5703.56,5281.89,5325.35,112364.75,598381726.31,26946
2017-10-24,5325.35,5613.39,5325.35,5521.05,157992.35,872283438.77,40231
2017-10-25,5521.05,5623.03,5280.24,5547.51,33697.47,186937097.25,29850
2017-10-26,5547.51,6215.21,5490.51,5712.68,83623.23,477712506.46,41117
2017-10-27,5712.68,6407.77,5712.68,6279.83,129880.45,815627180.45,34971
2017-10-28,6279.83,6867.33,6279.83,6752.65,157650.2,1064556397.95,38656
2017-10-29,6752.65,7894.92,6752.65,7753.18,132699.37,1028841751.64,27358
2017-10-30,7753.18,8946.29,7728.5,8420.37,112183.78,944628906.88,32860
2017-10-31,8420.37,8993.08,8420.37,8872.6,88503.01,785251906.37,31252
2017-11-01,8872.6,9255.16,8562.29,8623.3,96660.4,833531787.13,37260
2017-11-02,8623.3,9417.86,8623.3,9357.66,124750.03,1167368483.7,32996
2017-11-03,9357.66,9479.64,8965.46,9220.9,105848.77,976020406.23,42807
2017-11-04,9220.9,10596.83,9220.9,10445.24,168199.64,1756886253.7,29718
2017-11-05,10445.24,11042.6,9973.4,10587.24,54812.44,580312310.03,27936
2017-11-06,10587.24,11254.17,10587.24,11149.35,132280.52,1474841841.63,40605
2017-11-07,11149.35,11149.35,9844.88,10622.1,76473.41,812308530.08,38430
2017-11-08,10622.1,12060.09,10622.1,10993.04,128327.34,1410707377.61,29015
2017-11-09,10993.04,10993.04,8901.53,9561.31,131758.47,1259783207.46,40230
2017-11-10,9561.31,9561.31,8898.5,9171.62,43248.78,396661359.44,25112
2017-11-11,9171.62,9808.66,9171.62,9634.87,41131.07,396292744.85,27062
2017-11-12,9634.87,9634.87,9311.68,9360.48,107928.36,1010261191.52,42951
2017-11-13,9360.48,9360.48,8880.41,9150.36,227983.01,2086126365.76,42461
2017-11-14,9150.36,9409.46,9101.17,9264.66,55335.19,512661568.68,31405
2017-11-15,9264.66,10292.73,9264.66,9630.61,78918.04,760029095.41,27134
2017-11-16,9630.61,10580.29,9630.61,10293.16,68871.23,708902705.2,33819
2017-11-17,10293.16,10293.16,9018.13,9739.93,250756.51,2442351329.37,44970
2017-11-18,9739.93,10619.34,9739.93,10382.47,135396.33,1405747748.0,48898
2017-11-19,10382.47,10410.71,10271.94,10331.11,75149.2,776374360.49,29515
2017-11-20,10331.11,11107.37,10331.11,10837.22,89193.38,966608186.43,31681
2017-11-21,10837.22,11925.12,10837.22,11679.0,140401.43,1639747626.67,32628
2017-11-22,11679.0,11679.0,10922.23,11104.09,63890.22,709442656.13,31533
2017-11-23,11104.09,11104.09,10261.81,10488.94,167556.36,1757488134.62,42092
2017-11-24,10488.94,11273.78,10426.31,10576.92,75919.12,802990208.53,27501
2017-11-25,10576.92,11336.95,9874.25,10426.17,134388.74,1401159596.5,43609
2017-11-26,10426.17,11355.73,10183.53,11078.4,239288.08,2650927931.06,47890
2017-11-27,11078.4,12365.07,11078.4,11836.0,132825.19,1572119208.78,33818
2017-11-28,11836.0,13689.78,11836.0,13683.5,245375.33,3357593793.63,29795
2017-11-29,13683.5,14419.43,13567.89,13924.55,59054.21,822303429.01,28521
2017-11-30,13924.55,14061.98,13135.75,14035.8,67872.16,952640057.92,29062
2017-12-01,9707.96,10541.86,9707.96,10000.0,117356.34,1173563373.94,38587
2017-12-02,10000.0,10000.0,8450.25,8703.93,109237.59,950795954.55,31304
2017-12-03,8703.93,9683.52,8703.93,9569.8,107477.35,1028536703.49,27473
2017-12-04,9569.8,13357.75,9569.8,12849.96,196786.77,2528702890.5,25384
2017-12-05,12849.96,13635.29,12849.96,13581.3,61695.83,837909336.93,28129
2017-12-06,13581.3,15945.98,13581.3,15735.23,143968.16,2265371975.95,34058
2017-12-07,15735.23,19847.26,15735.23,19232.87,320839.38,6170662288.49,25142
2017-12-08,19232.87,19714.96,18135.99,18231.87,92794.58,1691818991.5,36296
2017-12-09,18231.87,18788.23,17248.45,17984.74,140002.41,2517907273.19,41119
2017-12-10,17984.74,20228.09,17984.74,19910.57,124566.69,2480193506.05,46240
2017-12-11,19910.57,22632.23,19910.57,21095.01,159775.0,3370455201.94,36665
2017-12-12,21095.01,24711.47,20959.77,23552.64,162695.37,3831904970.68,44497
2017-12-13,23552.64,27014.23,22375.72,22761.94,61695.92,1404318987.9,27382
2017-12-14,22761.94,22834.78,21712.24,22593.26,74920.82,1692705420.43,34216
2017-12-15,22593.26,27337.12,22593.26,26116.64,189894.09,4959396497.72,46743
2017-12-16,26116.64,26658.45,22867.73,25871.78,73943.79,1913057315.92,26490
2017-12-17,25871.78,28348.33,25723.9,25901.35,91124.56,2360248830.13,34782
2017-12-18,20098.12,21830.25,19387.13,20000.0,96401.57,1928031405.78,37861
2017-12-19,20000.0,21456.4,20000.0,20576.74,70108.63,1442607257.72,25113
2017-12-20,20576.74,22934.02,20576.74,22188.43,85202.28,1890504790.0,26220
2017-12-21,22188.43,22600.57,21252.5,22483.23,92852.08,2087614301.67,51059
2017-12-22,22483.23,22483.23,20840.35,21623.01,81235.85,1756563605.44,31157
2017-12-23,21623.01,21623.01,19040.3,19611.52,124550.2,2442619220.43,32916
2017-12-24,19611.52,21974.69,19325.59,21328.15,72683.72,1550209506.94,28400
2017-12-25,21328.15,23643.26,21328.15,22185.66,150542.81,3339891779.81,52418
2017-12-26,22185.66,23370.94,20333.98,22329.18,120228.28,2684598653.13,37841
2017-12-27,22329.18,23739.04,21347.0,23401.95,92324.94,2160583401.08,29851
2017-12-28,23401.95,23401.95,19621.73,20534.24,86427.78,1774729136.92,26962
2017-12-29,20534.24,24432.83,20534.24,21959.61,272285.93,5979293345.36,36863
2017-12-30,21959.61,24265.04,21959.61,23565.17,128536.17,3028977028.07,40212
2017-12-31,23565.17,23565.17,20348.22,22003.27,88507.21,1947448206.31,26684
2018-01-01,22003.27,22003.27,20304.86,21036.06,103838.65,2184355684.55,29523
2018-01-02,21036.06,22643.01,20625.31,21056.78,41720.86,878506855.81,27497
2018-01-03,21056.78,21056.78,18237.62,18705.64,219068.74,4097821250.03,40325
2018-01-04,18705.64,18705.64,18077.67,18199.44,69595.9,1266606454.97,31594
2018-01-05,18199.44,19593.04,18199.44,19073.42,102256.59,1950382557.55,30011
2018-01-06,19073.42,20741.21,19073.42,20272.27,211894.97,4295592733.25,30714
2018-01-07,20272.27,20272.27,17105.83,18464.95,58481.3,1079854535.85,26773
2018-01-08,18464.95,24025.79,18464.95,20834.21,73701.2,1535505836.24,31659
2018-01-09,20834.21,23115.97,20834.21,22220.1,139028.33,3089223211.81,42618
2018-01-10,22220.1,23985.98,22220.1,23784.36,69629.53,1656093885.98,27296
2018-01-11,23784.36,24251.74,23290.21,23338.04,97642.16,2278776770.64,31309
2018-01-12,23338.04,25414.27,23330.71,25373.26,173121.8,4392663871.91,33204
2018-01-13,25373.26,28707.45,25373.26,28536.71,169736.98,4843734146.1,42313
2018-01-14,28536.71,28671.59,27641.58,27974.73,46673.57,1305680574.01,27686
2018-01-15,27974.73,27974.73,24625.78,25676.24,154024.46,3954768487.96,30943
2018-01-16,25676.24,25676.24,23305.38,23547.45,76081.78,1791531862.58,26524
2018-01-17,23547.45,23857.03,22284.98,22949.06,101204.5,2322548308.62,43925
2018-01-18,22949.06,27854.36,22949.06,26770.44,166656.72,4461473024.16,31704
2018-01-19,26770.44,29639.58,26770.44,29202.8,162754.13,4752876476.49,36073
2018-01-20,29202.8,29202.8,26944.42,27626.51,106736.9,2948767980.29,29917
2018-01-21,27626.51,28181.36,27138.71,27425.97,78201.06,2144740212.75,43468
2018-01-22,27425.97,28860.11,25199.12,26482.23,94052.81,2490728512.01,42254
2018-01-23,26482.23,27870.38,26482.23,27659.78,88379.14,2444547798.25,36267
2018-01-24,27659.78,27804.9,26096.05,26904.88,95771.76,2576727460.7,25480
2018-01-25,26904.88,26904.88,25200.67,26164.53,61474.86,1608460758.29,29947
2018-01-26,26164.53,27677.4,26164.53,26781.59,61162.86,1638038539.56,27433
2018-01-27,26781.59,26781.59,21922.94,23052.63,233042.25,5372236815.31,36713
2018-01-28,23052.63,23309.62,22070.52,22424.68,82489.5,1849800281.71,27879
2018-01-29,22424.68,24215.03,20012.09,22410.65,73769.53,1653222825.44,41564
2018-01-30,22410.65,22881.78,20810.71,22391.04,117246.87,2625279939.02,49812
2018-01-31,22391.04,22391.04,19699.85,21206.89,136517.9,2895119802.15,40010
2018-02-01,21206.89,26561.77,21206.89,24739.11,106154.66,2626171893.17,29643
2018-02-02,24739.11,28966.48,24739.11,27499.92,340506.47,9363899672.6,44653
2018-02-03,27499.92,27499.92,25235.56,25611.37,113735.56,2912922955.46,25722
2018-02-04,25611.37,28674.27,25611.37,27075.78,77480.49,2097844849.5,29691
2018-02-05,27075.78,27075.78,25239.36,25424.9,109379.53,2780963365.35,34117
2018-02-06,7867.17,8156.36,7867.17,8000.0,65838.36,526706916.01,32590
2018-02-07,8000.0,8000.0,7638.77,7817.64,89589.84,700380977.76,35310
2018-02-08,7817.64,8454.96,7764.77,8326.86,83780.48,697628193.06,36726
2018-02-09,8326.86,8326.86,7515.2,8013.79,127530.95,1022005769.4,27604
2018-02-10,8013.79,8487.84,8013.79,8460.87,131366.55,1111475386.63,34906
2018-02-11,8460.87,8746.9,8460.87,8486.74,76766.21,651495060.17,40834
2018-02-12,8486.74,8486.74,7540.18,7848.53,69700.53,547046445.96,30339
2018-02-13,7848.53,7848.53,7182.85,7370.16,119784.37,882829857.82,25751
2018-02-14,7370.16,7930.69,7370.16,7737.02,101082.68,782078966.13,30274
2018-02-15,7737.02,8093.37,7737.02,7959.94,70437.44,560677890.09,35705
2018-02-16,7959.94,8225.68,7959.94,8036.7,70161.05,563863508.42,25871
2018-02-17,8036.7,8657.61,7985.42,8418.66,97830.84,823605021.25,46557
2018-02-18,8418.66,8815.61,8418.66,8575.63,65255.63,559608454.29,27513
2018-02-19,8575.63,8586.44,8349.27,8478.09,92877.86,787426507.2,29385
2018-02-20,8478.09,8870.69,8478.09,8705.84,71076.48,618780687.86,30071
2018-02-21,8705.84,9709.95,8705.84,9336.67,180875.34,1688773335.46,35365
2018-02-22,9336.67,10508.74,9336.67,10491.23,129344.21,1356979389.07,27251
2018-02-23,10491.23,12114.09,10491.23,11167.73,121487.36,1356738137.6,31504
2018-02-24,11167.73,13291.22,11167.73,12228.33,83147.88,1016759369.84,28717
2018-02-25,12228.33,12228.33,11877.82,11899.01,89965.1,1070495175.92,43024
2018-02-26,11899.01,14880.54,11899.01,13527.73,103934.8,1406001813.14,27832
2018-02-27,13527.73,13527.73,12643.12,13189.69,98208.45,1295338972.56,34665
2018-02-28,13189.69,13895.89,13189.69,13583.65,70345.3,955546180.68,30636
2018-03-01,13583.65,14008.16,13520.39,13839.43,55167.3,763484139.43,28024
2018-03-02,13839.43,13839.43,12545.63,12850.99,181863.24,2337122325.86,40342
2018-03-03,12850.99,13927.09,12702.83,13699.39,110522.61,1514092123.89,35439
2018-03-04,13699.39,13699.39,13105.87,13540.82,47224.91,639464197.74,30071
2018-03-05,13540.82,13540.82,12826.28,12961.02,121301.1,1572185386.0,33786
2018-03-06,12961.02,13296.13,12961.02,13283.03,71870.89,954662878.2,28915
2018-03-07,13283.03,13328.32,12618.02,12954.05,46540.63,602889613.79,26088
2018-03-08,12954.05,14217.15,12954.05,13758.31,268282.59,3691116344.54,44601
2018-03-09,13758.31,14068.23,13507.23,13525.11,66230.53,895775393.74,36682
2018-03-10,13525.11,14586.93,13322.49,13519.55,34235.56,462849529.35,33748
2018-03-11,13519.55,14856.94,13519.55,14717.92,98177.39,1444966985.55,36423
2018-03-12,14717.92,15139.89,14170.18,14361.65,84768.87,1217421195.19,25883
2018-03-13,14361.65,15079.56,13828.25,14393.71,72158.64,1038630846.1,27765
2018-03-14,14393.71,15774.2,14393.71,15444.29,130134.65,2009837632.02,36912
2018-03-15,15444.29,15836.9,14918.27,15790.64,68648.94,1084010467.35,27289
2018-03-16,15790.64,15790.64,14784.4,15007.97,145855.26,2188991734.64,33024
2018-03-17,15007.97,15007.97,13300.6,13896.41,156694.76,2177494307.91,31802
2018-03-18,13896.41,13896.41,13307.55,13500.43,57827.26,780693041.71,27825
2018-03-19,13500.43,14307.37,13500.43,13943.01,122281.01,1704965301.99,31071
2018-03-20,13943.01,15889.0,13943.01,15245.61,81502.22,1242550769.68,27811
2018-03-21,15245.61,16670.55,15245.61,16321.25,106400.67,1736591720.47,30833
2018-03-22,16321.25,16441.62,14767.14,15670.51,108491.51,1700116972.32,32458
2018-03-23,15670.51,15961.15,15334.89,15517.75,62992.53,977502051.53,30568
2018-03-24,15517.75,17256.37,15517.75,16920.98,89971.73,1522409471.07,42377
2018-03-25,16920.98,16920.98,15350.96,15425.97,101762.44,1569783998.85,29838
2018-03-26,15425.97,15733.08,15425.97,15624.19,113992.88,1781046127.97,38405
2018-03-27,15624.19,15624.19,14862.07,14993.06,73417.69,1100755704.16,33375
2018-03-28,14993.06,17117.11,14993.06,16445.06,166289.64,2734643731.57,33885
2018-03-29,16445.06,18483.72,16445.06,17860.83,106149.51,1895918193.76,28262
2018-03-30,17860.83,18312.12,17860.83,18255.18,96193.84,1756035923.04,33126
2018-03-31,18255.18,18255.18,17060.37,17921.33,88016.53,1577373613.76,29944
2018-04-01,17921.33,21482.28,17921.33,19911.84,190127.46,3785788437.34,43991
2018-04-02,19911.84,20422.91,18846.08,19237.89,99198.87,1908377323.61,28286
2018-04-03,19237.89,20242.07,19237.89,19830.57,71534.27,1418565626.58,27504
2018-04-04,19830.57,20469.03,19317.14,19917.01,69643.34,1387087185.78,37879
2018-04-05,19917.01,21659.45,19917.01,21473.94,177077.33,3802547929.36,32198
2018-04-06,21473.94,21473.94,18914.22,19620.03,160174.66,3142632154.64,27779
2018-04-07,19620.03,21355.49,19620.03,20357.79,63564.26,1294028071.9,29541
2018-04-08,20357.79,22016.97,20000.16,21431.17,104447.61,2238434193.5,30890
2018-04-09,21431.17,24681.26,21431.17,23335.65,126077.56,2942102241.41,41810
2018-04-10,23335.65,27479.03,23335.65,26441.29,97268.24,2571898088.25,26811
2018-04-11,26441.29,27891.55,25674.16,25926.19,51058.46,1323751320.23,26264
2018-04-12,25926.19,26839.85,23717.33,25240.87,139172.5,3512834395.35,41309
2018-04-13,25240.87,25240.87,23685.15,24341.13,100830.15,2454319737.96,25070
2018-04-14,24341.13,24470.97,23086.25,23586.22,110854.32,2614634862.43,34478
2018-04-15,23586.22,28348.47,23586.22,25869.0,88453.13,2288194326.6,29317
2018-04-16,25869.0,27697.51,25869.0,26937.38,55910.31,1506077332.64,29800
2018-04-17,26937.38,26937.38,24229.05,24694.62,115739.04,2858131426.02,43618
2018-04-18,24694.62,25631.63,24694.62,25337.61,83922.51,2126396074.83,36474
2018-04-19,25337.61,25337.61,22371.03,23847.99,132342.37,3156099576.79,37533
2018-04-20,23847.99,25061.24,23011.81,23921.2,78667.56,1881822644.16,30277
2018-04-21,23921.2,25504.63,23823.52,23957.78,67664.56,1621093063.1,35329
2018-04-22,23957.78,24364.16,23752.39,24069.41,85519.77,2058410338.2,26921
2018-04-23,24069.41,24069.41,23048.71,23088.03,68001.51,1570020783.65,27056
2018-04-24,23088.03,26015.61,23088.03,23663.75,107299.4,2539106069.7,34001
2018-04-25,23663.75,24976.95,23663.75,24686.24,69820.53,1723606288.67,28953
2018-04-26,24686.24,24686.24,22947.49,23039.69,88677.41,2043100148.63,34763
2018-04-27,23039.69,23501.34,23039.69,23227.61,54781.21,1272436664.28,33402
2018-04-28,23227.61,23630.93,22215.33,23395.18,64615.38,1511688556.48,30260
2018-04-29,23395.18,24237.28,23271.14,24156.12,83036.26,2005833713.63,42628
2018-04-30,24156.12,24494.88,24156.12,24295.97,69751.77,1694687176.96,32024
2018-05-01,24295.97,24295.97,21468.62,21900.84,102027.85,2234495418.46,33846
2018-05-02,21900.84,23880.8,21900.84,23021.57,239154.98,5505722185.93,38331
2018-05-03,23021.57,24076.18,23021.57,24012.71,86113.63,2067821787.95,33084
2018-05-04,24012.71,24012.71,23030.31,23445.81,67679.78,1586807143.64,31329
2018-05-05,23445.81,23852.21,21124.1,23064.61,68040.22,1569321332.68,27955
2018-05-06,23064.61,23064.61,21086.09,22385.04,52147.29,1167319343.3,25826
2018-05-07,22385.04,24478.11,22385.04,23476.27,160304.41,3763349708.66,29483
2018-05-08,23476.27,24649.93,22471.2,23251.48,71938.6,1672678799.16,32107
2018-05-09,23251.48,23877.05,22758.25,22801.11,73821.36,1683208656.77,31472
2018-05-10,22801.11,24476.53,22801.11,23974.12,83398.12,1999396281.74,32090
2018-05-11,23974.12,26425.88,23974.12,25431.79,130577.81,3320827966.71,39461
2018-05-12,25431.79,25431.79,23028.38,23420.32,99956.05,2341002817.43,28174
2018-05-13,23420.32,24575.51,23420.32,24526.05,99078.31,2430000024.89,25833
2018-05-14,24526.05,24526.05,21735.35,21739.22,175931.46,3824612744.89,35383
2018-05-15,21739.22,22279.79,20941.2,21337.53,108987.06,2325514047.68,43307
2018-05-16,21337.53,21510.46,20316.16,21254.63,90016.66,1913270463.97,36881
2018-05-17,21254.63,23327.97,21254.63,22746.14,131129.09,2982680152.78,37191
2018-05-18,22746.14,24366.56,22746.14,23589.15,80381.36,1896127960.28,33338
2018-05-19,23589.15,23589.15,21182.23,21522.86,97917.66,2107468393.34,30465
2018-05-20,21522.86,21897.41,21145.46,21683.14,40922.5,887328391.38,26995
2018-05-21,21683.14,24244.11,21683.14,23662.52,110698.55,2619406057.25,26915
2018-05-22,23662.52,24458.88,23662.52,24041.72,63302.45,1521899457.8,27650
2018-05-23,24041.72,24552.94,22548.22,23639.61,79771.83,1885774692.33,36890
2018-05-24,23639.61,25315.57,23639.61,25288.24,155864.54,3941540508.07,42929
2018-05-25,25288.24,26102.86,24922.85,25418.25,63836.28,1622606684.73,27709
2018-05-26,25418.25,27496.15,25418.25,25903.71,37146.07,962220787.9,28036
2018-05-27,25903.71,25903.71,22929.9,23939.71,46530.7,1113931400.36,25911
2018-05-28,23939.71,24161.54,23001.45,23767.43,50756.03,1206340252.1,30458
2018-05-29,23767.43,27050.12,23767.43,26550.19,74691.79,1983081146.77,31627
2018-05-30,26550.19,27592.59,25812.68,26905.98,132362.26,3561336703.89,40184
2018-05-31,26905.98,26905.98,24639.34,25655.9,77427.51,1986472684.4,25379
2018-06-01,25655.9,26155.81,25171.41,25836.31,56495.83,1459643718.22,36946
2018-06-02,25836.31,25836.31,23909.38,24326.63,120400.35,2928934930.33,30091
2018-06-03,24326.63,25494.57,23562.3,24362.91,93509.9,2278173052.01,44361
2018-06-04,24362.91,24362.91,22548.24,23549.62,105058.77,2474094548.9,32236
2018-06-05,23549.62,23549.62,21765.87,22373.4,101066.25,2261195904.88,27726
2018-06-06,22373.4,22870.91,22043.61,22153.1,46655.75,1033569347.46,42048
2018-06-07,22153.1,23206.49,22153.1,23098.89,77084.1,1780557411.79,27529
2018-06-08,23098.89,23812.83,22941.13,23665.92,76943.51,1820938834.91,27218
2018-06-09,23665.92,23665.92,16797.52,17218.78,220841.74,3802624411.55,26959
2018-06-10,17218.78,17743.68,16933.96,17230.89,56666.09,976407183.18,31593
2018-06-11,17230.89,17429.36,16871.77,17235.17,70294.45,1211537043.92,34107
2018-06-12,17235.17,17235.17,15769.03,15923.96,182691.48,2909171906.94,41063
2018-06-13,15923.96,18114.66,15923.96,17497.67,152499.51,2668385882.64,29283
2018-06-14,17497.67,17497.67,16193.25,16308.25,89424.67,1458359849.72,32343
2018-06-15,16308.25,16308.25,15427.67,15667.33,91073.79,1426882686.07,32337
2018-06-16,15667.33,15667.33,14805.15,15384.66,79144.44,1217610497.07,27651
2018-06-17,15384.66,16803.23,15049.19,16444.86,118452.06,1947927423.64,43100
2018-06-18,16444.86,16456.63,15494.24,15675.28,106507.07,1669527969.82,33858
2018-06-19,15675.28,18869.67,15675.28,17603.26,280561.58,4938797730.3,37218
2018-06-20,17603.26,18810.84,17603.26,18191.56,93313.91,1697525417.98,34654
2018-06-21,18191.56,18731.38,17157.61,18573.44,73871.19,1372042133.91,29242
2018-06-22,18573.44,19510.79,18210.36,18581.35,99365.8,1846350390.57,47908
2018-06-23,18581.35,18581.35,18283.62,18395.19,33353.27,613539756.82,29395
2018-06-24,18395.19,18395.19,16629.93,17804.35,53771.35,957364103.12,29520
2018-06-25,17804.35,17804.35,16119.49,16479.54,94547.79,1558104550.98,27049
2018-06-26,16479.54,16479.54,15438.67,15735.73,196264.7,3088367809.8,29801
2018-06-27,15735.73,17401.45,15735.73,17186.1,118894.04,2043325441.27,32791
2018-06-28,17186.1,18222.49,17186.1,17697.28,35315.85,624994665.35,26035
2018-06-29,17697.28,19328.9,17697.28,19317.07,91297.85,1763606724.41,28991
2018-06-30,19317.07,19540.26,17561.32,18671.77,84174.43,1571685324.97,33313
2018-07-01,5774.9,6002.74,5770.97,6000.0,35556.02,213336146.61,27094
2018-07-02,6000.0,6455.84,6000.0,6213.6,67900.09,421903697.0,28200
2018-07-03,6213.6,6745.78,6213.6,6658.46,145573.49,969295727.41,46038
2018-07-04,6658.46,6770.03,6530.16,6703.62,70124.99,470091007.51,41022
2018-07-05,6703.62,6703.62,6301.63,6522.26,116127.0,757411022.53,33100
2018-07-06,6522.26,6522.26,6026.77,6284.01,94344.49,592861406.2,32614
2018-07-07,6284.01,6284.01,5557.32,5690.71,90159.53,513071889.36,39125
2018-07-08,5690.71,6115.04,5690.71,6095.42,116487.46,710039900.39,36338
2018-07-09,6095.42,6404.06,5839.54,5963.66,116683.88,695863233.57,49098
2018-07-10,5963.66,6106.58,5963.66,6104.1,115053.51,702298081.08,25416
2018-07-11,6104.1,6104.1,5889.54,6059.49,71732.63,434663340.07,32234
2018-07-12,6059.49,7216.2,6059.49,6920.89,174997.82,1211140421.26,26922
2018-07-13,6920.89,6920.89,6039.93,6402.92,129627.74,829996140.09,27555
2018-07-14,6402.92,6778.84,6402.92,6535.95,38798.24,253583211.21,31769
2018-07-15,6535.95,6535.95,6162.6,6228.81,63033.78,392625718.87,26796
2018-07-16,6228.81,6527.92,6107.03,6388.95,53219.91,340019307.45,26075
2018-07-17,6388.95,6667.27,6388.95,6659.86,68322.4,455017765.73,25516
2018-07-18,6659.86,6722.86,6488.85,6605.9,74142.38,489776859.98,30978
2018-07-19,6605.9,6605.9,6315.41,6382.83,115432.5,736785671.71,39129
2018-07-20,6382.83,6397.9,6116.21,6334.38,61776.38,391315007.69,40781
2018-07-21,6334.38,6334.38,5825.04,5926.33,83167.72,492879314.96,27367
2018-07-22,5926.33,6529.73,5926.33,6213.98,66852.43,415419775.34,31199
2018-07-23,6213.98,6213.98,6116.11,6122.36,70867.86,433878868.25,30845
2018-07-24,6122.36,6728.88,6122.36,6439.81,106510.29,685905587.69,27246
2018-07-25,6439.81,6588.53,6107.92,6479.56,78797.28,510572077.01,43944
2018-07-26,6479.56,6479.56,6182.16,6215.76,120135.93,746736569.68,37321
2018-07-27,6215.76,6215.76,5635.06,5642.37,95884.93,541017804.03,28318
2018-07-28,5642.37,5874.9,5516.1,5623.87,57628.82,324097141.48,26570
2018-07-29,5623.87,5623.87,5456.96,5538.41,71557.9,396316969.86,30811
2018-07-30,5538.41,5740.74,5538.41,5652.75,67690.05,382634859.45,37433
2018-07-31,5652.75,5652.75,5198.92,5398.1,114308.84,617050948.32,36752
2018-08-01,5398.1,5539.04,5361.08,5362.0,104351.62,559532885.29,40622
2018-08-02,5362.0,5498.93,5362.0,5468.21,73308.16,400864396.36,37693
2018-08-03,5468.21,5743.7,5468.21,5578.0,73707.09,411137904.15,32141
2018-08-04,5578.0,6063.72,5578.0,5922.48,76091.21,450648276.17,29865
2018-08-05,5922.48,6316.35,5922.48,6258.81,85197.6,533235184.57,40663
2018-08-06,6258.81,6570.04,6249.79,6291.7,57502.29,361787215.67,26504
2018-08-07,6291.7,6401.92,6101.57,6301.13,70912.84,446830832.13,30922
2018-08-08,6301.13,6702.2,6187.69,6422.36,72172.34,463517090.82,37448
2018-08-09,6422.36,6422.36,5693.29,5932.81,95177.51,564669703.94,25325
2018-08-10,5932.81,5932.81,5332.69,5559.14,172321.05,957956281.42,44833
2018-08-11,5559.14,5683.01,5179.03,5292.85,129223.48,683960351.89,34578
2018-08-12,5292.85,5327.18,5087.96,5285.55,52864.93,279420068.36,29054
2018-08-13,5285.55,5683.57,5118.22,5175.06,78416.43,405809636.49,38255
2018-08-14,5175.06,5175.06,4624.18,4670.13,116713.31,545066799.73,29438
2018-08-15,4670.13,4670.13,4342.55,4493.51,68499.54,307803578.93,28687
2018-08-16,4493.51,4632.09,4389.21,4513.84,50911.36,229805938.43,32405
2018-08-17,4513.84,5141.18,4513.84,5082.84,135252.22,687465385.31,35525
2018-08-18,5082.84,5082.84,4600.76,4687.3,144447.16,677067519.75,50583
2018-08-19,4687.3,4726.69,4471.8,4597.9,111482.63,512586096.38,32490
2018-08-20,4597.9,4922.87,4597.9,4815.0,77789.73,374557462.61,36336
2018-08-21,4815.0,4981.35,4711.61,4822.77,54514.55,262910892.47,30796
2018-08-22,4822.77,4822.77,4369.64,4545.29,111111.39,505033892.97,42201
2018-08-23,4545.29,4609.83,4363.88,4581.47,71899.15,329403552.9,28831
2018-08-24,4581.47,4925.08,4581.47,4849.95,51314.26,248871460.2,26053
2018-08-25,4849.95,4849.95,4615.96,4738.5,82064.76,388864202.06,33033
2018-08-26,4738.5,4988.79,4567.79,4861.65,92624.03,450305458.1,26570
2018-08-27,4861.65,4861.65,4537.6,4638.7,104062.07,482712320.0,25742
2018-08-28,4638.7,4638.7,4345.82,4395.7,82433.81,362354088.88,31765
2018-08-29,4395.7,4395.7,4114.7,4261.59,133458.32,568744205.27,37222
2018-08-30,4261.59,4462.32,4261.59,4350.78,30546.72,132901993.75,25879
2018-08-31,4350.78,4699.78,4350.78,4690.29,87261.8,409282866.0,30347
2018-09-01,4690.29,5233.18,4690.29,5033.01,129015.93,649338898.63,29547
2018-09-02,5033.01,5033.01,4857.42,4882.83,171192.88,835905252.9,38196
2018-09-03,4882.83,4905.94,4869.27,4900.66,61755.31,302641517.85,27690
2018-09-04,4900.66,5093.15,4775.75,4905.97,40196.79,197204371.49,27798
2018-09-05,4905.97,5193.65,4905.97,5053.65,70877.79,358191206.32,33098
2018-09-06,5053.65,5053.65,4498.39,4635.45,165517.42,767247242.93,44347
2018-09-07,4635.45,4700.68,4496.81,4620.18,108255.9,500162038.05,36017
2018-09-08,4620.18,4620.18,4121.12,4258.87,97745.97,416287564.33,33684
2018-09-09,4258.87,4666.8,4258.87,4647.74,226237.78,1051494441.52,34319
2018-09-10,4647.74,5031.37,4647.74,4942.84,102435.04,506320390.02,26633
2018-09-11,4942.84,4942.84,4587.37,4762.45,69756.99,332214298.62,36466
2018-09-12,4762.45,5312.35,4762.45,5238.15,109606.21,574133457.05,29947
2018-09-13,5238.15,5238.15,4903.41,4971.01,84511.17,420105725.73,41684
2018-09-14,4971.01,5019.31,4808.25,5008.82,55252.46,276749465.91,31133
2018-09-15,5008.82,5245.72,4862.48,5010.18,65085.39,326089207.91,41612
2018-09-16,5010.18,5239.97,4909.83,5147.03,88943.89,457797079.35,26280
2018-09-17,5147.03,5147.03,4499.55,4510.2,126378.81,569994091.53,28959
2018-09-18,4510.2,4530.14,4483.54,4507.49,104489.3,470984099.97,33127
2018-09-19,4507.49,4582.23,4290.35,4430.43,51301.83,227288948.3,35136
2018-09-20,4430.43,4430.43,4204.92,4280.01,101386.79,433936530.27,40365
2018-09-21,4280.01,4392.88,4168.58,4360.18,59079.93,257598814.73,32247
2018-09-22,4360.18,4438.54,4234.93,4239.94,63742.94,270266267.73,27558
2018-09-23,4239.94,4606.33,4239.94,4408.77,74669.55,329201067.31,29974
2018-09-24,4408.77,4655.64,4408.77,4603.08,83678.22,385177770.3,26409
2018-09-25,4603.08,4603.08,4158.1,4342.31,152307.54,661366136.94,29390
2018-09-26,4342.31,4647.63,4342.31,4586.25,129338.38,593177815.52,25867
2018-09-27,4586.25,4586.25,3818.69,3902.86,192653.02,751897697.98,34732
2018-09-28,3902.86,4090.44,3902.86,4028.2,148531.41,598313570.2,33705
2018-09-29,4028.2,4284.01,4028.2,4249.36,122445.12,520313338.55,34970
2018-09-30,4249.36,4249.36,3953.81,4106.17,110719.96,454634708.37,27067
2018-10-01,4106.17,4223.47,4106.17,4146.49,87514.64,362878261.12,42119
2018-10-02,4146.49,4146.49,3836.4,3852.37,66699.34,256950543.05,32664
2018-10-03,3852.37,3852.37,3502.87,3580.36,131728.64,471635708.87,27696
2018-10-04,3580.36,3661.3,3396.31,3598.47,87630.0,315333575.77,32506
2018-10-05,3598.47,3677.19,3424.88,3577.56,112801.6,403555020.2,45355
2018-10-06,3577.56,3601.16,3537.24,3583.29,70591.94,252951116.8,42735
2018-10-07,3583.29,3684.07,3583.29,3683.66,69490.23,255978406.13,25165
2018-10-08,3683.66,3974.02,3683.66,3933.86,95799.51,376862284.95,35182
2018-10-09,3933.86,3988.02,3878.11,3935.35,73997.2,291205051.12,35388
2018-10-10,3935.35,3935.35,3835.23,3907.81,44759.0,174909862.07,28299
2018-10-11,3907.81,3907.81,3775.74,3785.91,57354.92,217140687.02,41597
2018-10-12,3785.91,3995.6,3785.91,3938.53,68135.25,268352730.83,29668
2018-10-13,3938.53,3938.53,3712.75,3829.37,122021.28,467265048.7,38633
2018-10-14,3829.37,3829.37,3675.4,3782.61,68410.82,258771122.6,46402
2018-10-15,3782.61,3894.4,3782.61,3892.9,91113.35,354694860.22,33469
2018-10-16,3892.9,3925.09,3866.81,3907.68,60998.97,238364293.7,40909
2018-10-17,3907.68,3950.8,3809.71,3912.68,45037.62,176218007.33,30347
2018-10-18,3912.68,3912.68,3754.58,3765.96,107289.95,404049699.44,42446
2018-10-19,3765.96,3868.21,3744.43,3824.08,66438.13,254064972.06,27878
2018-10-20,3824.08,4398.35,3824.08,4220.68,120878.43,510188649.33,30998
2018-10-21,4220.68,4220.68,3905.05,3983.53,103343.54,411671999.21,31984
2018-10-22,3983.53,3983.53,3582.93,3791.14,173564.05,658005515.77,39128
2018-10-23,3791.14,4183.01,3791.14,3927.9,96766.76,380089852.43,35552
2018-10-24,3927.9,4112.43,3863.52,3970.89,71712.66,284762918.35,27412
2018-10-25,3970.89,4485.21,3970.89,4224.35,101231.04,427635565.03,34168
2018-10-26,4224.35,4224.35,4039.64,4087.2,76005.62,310649848.23,33060
2018-10-27,4087.2,4405.37,4087.2,4255.21,33759.33,143653110.39,26767
2018-10-28,4255.21,4351.32,4255.21,4320.93,138543.72,598637200.86,32649
2018-10-29,4320.93,4320.93,4020.75,4141.56,137240.64,568390042.24,33382
2018-10-30,4141.56,4141.56,3988.33,4027.45,38728.17,155975668.95,28383
2018-10-31,4027.45,4051.59,4005.28,4031.2,87689.73,353494873.15,39301
2018-11-01,4031.2,4031.2,3869.94,3879.37,91782.35,356057863.48,35233
2018-11-02,3879.37,4159.59,3879.37,4081.91,121550.92,496159421.73,34406
2018-11-03,4081.91,4224.03,4081.91,4218.98,77124.53,325387109.7,30597
2018-11-04,4218.98,4218.98,4095.57,4128.3,67636.97,279225437.81,38461
2018-11-05,4128.3,4176.68,3963.22,4099.73,80285.67,329149948.81,39709
2018-11-06,4099.73,4350.8,4080.09,4278.85,117744.58,503811945.49,27828
2018-11-07,4278.85,4380.27,4243.27,4267.27,102642.93,438005416.44,46101
2018-11-08,4267.27,4860.99,4267.27,4666.41,141331.51,659511065.69,29146
2018-11-09,4666.41,4859.72,4633.14,4778.52,87554.59,418381316.75,25572
2018-11-10,4778.52,4801.07,4518.48,4607.25,86097.77,396674275.58,30288
2018-11-11,4607.25,4607.25,4352.57,4394.61,93460.68,410723269.29,27179
2018-11-12,4394.61,4793.1,4394.61,4610.1,146573.77,675720074.4,28105
2018-11-13,4610.1,4658.73,4509.92,4521.19,65936.75,298112358.0,37171
2018-11-14,4521.19,4666.93,4474.01,4550.8,59550.16,271001070.01,35080
2018-11-15,6200.45,6525.42,5993.72,6200.0,42745.51,265022157.05,29041
2018-11-16,6200.0,6200.0,5761.69,5846.23,157132.81,918634530.54,28977
2018-11-17,5846.23,5988.8,5664.77,5770.39,101823.43,587561030.27,30230
2018-11-18,5770.39,6235.94,5770.39,6033.43,253917.06,1531990680.63,34802
2018-11-19,6033.43,6033.43,5540.31,5608.25,166502.33,933787094.38,41547
2018-11-20,5608.25,6139.93,5608.25,6103.85,223002.88,1361176882.48,42390
2018-11-21,6103.85,6103.85,5733.22,5766.64,115235.34,664520155.4,34315
2018-11-22,5766.64,6089.14,5766.64,6010.82,75268.71,452426411.77,29287
2018-11-23,6010.82,6032.43,5944.07,5993.39,94214.65,564665496.74,33955
2018-11-24,5993.39,6195.38,5993.39,6126.03,87001.0,532970721.24,36924
2018-11-25,6126.03,6324.36,6126.03,6279.53,78002.78,489820411.63,28430
2018-11-26,6279.53,6279.53,5781.42,5821.62,88444.4,514890148.16,31596
2018-11-27,5821.62,6488.97,5821.62,6065.63,103808.42,629663501.39,42022
2018-11-28,6065.63,6065.63,5298.52,5520.41,106235.19,586461796.68,35149
2018-11-29,5520.41,5520.41,5085.86,5202.24,86689.72,450980863.64,38692
2018-11-30,5202.24,5406.74,5202.24,5327.32,74839.89,398696369.69,33811
2018-12-01,5327.32,5327.32,4890.85,4919.57,148023.15,728209914.67,38520
2018-12-02,4919.57,4919.57,4096.45,4269.85,171061.06,730404360.49,36656
2018-12-03,4269.85,4553.34,4177.69,4306.96,72214.91,311026822.92,33466
2018-12-04,4306.96,4306.96,3777.6,3836.07,76892.22,294963885.28,36858
2018-12-05,3836.07,4037.61,3708.08,3953.18,116250.81,459560316.15,36294
2018-12-06,3953.18,3953.18,3703.9,3822.16,103316.35,394891281.6,37238
2018-12-07,3822.16,4033.81,3777.44,3851.73,88548.56,341064802.96,42026
2018-12-08,3851.73,4413.49,3660.91,3876.76,84991.38,329491007.31,29244
2018-12-09,3876.76,4058.32,3853.55,4015.32,45573.77,182993467.58,30261
2018-12-10,4015.32,4199.76,4015.32,4120.01,47790.27,196896516.68,27619
2018-12-11,4120.01,4120.01,3424.64,3802.66,161156.02,612820786.71,37332
2018-12-12,3802.66,4004.96,3568.25,3690.5,99120.63,365804720.17,33923
2018-12-13,3690.5,3910.87,3676.82,3718.76,59223.67,220238708.15,34086
2018-12-14,3718.76,4094.3,3718.76,4024.32,99103.26,398823715.75,28803
2018-12-15,4024.32,4142.72,4024.32,4131.83,53570.35,221343353.32,28500
2018-12-16,4131.83,4534.83,4131.83,4441.66,71059.36,315621371.85,26161
2018-12-17,4441.66,4561.99,4409.82,4491.1,50058.08,224815907.76,30199
2018-12-18,4491.1,4881.99,4491.1,4753.78,106587.31,506692307.13,28606
2018-12-19,4753.78,4819.27,4694.72,4763.93,96799.48,461145593.99,38540
2018-12-20,4763.93,5055.42,4763.93,5027.54,92325.69,464170996.93,32145
2018-12-21,5027.54,5027.54,4840.17,4845.34,69026.37,334455896.83,31561
2018-12-22,4845.34,5303.04,4845.34,5288.67,147303.41,779038454.79,40910
2018-12-23,5288.67,5396.39,5137.88,5386.98,69158.57,372555785.59,44391
2018-12-24,5386.98,5386.98,4781.29,4849.9,88727.94,430321440.72,30993
2018-12-25,4849.9,5380.46,4849.9,4897.78,72289.34,354057465.2,25212
2018-12-26,4897.78,4897.78,4212.84,4213.14,105134.46,442946326.21,25563
2018-12-27,4213.14,4533.89,4213.14,4326.65,94003.8,406721782.83,40531
2018-12-28,4326.65,4563.0,4326.65,4518.87,81270.99,367253010.31,33145
2018-12-29,4518.87,5306.0,4518.87,5059.21,143477.65,725883216.75,39291
2018-12-30,5059.21,5059.21,4743.9,4827.19,67873.39,327637578.15,32540
2018-12-31,4827.19,5566.3,4827.19,5407.35,131550.94,711342492.3,31399
2019-01-01,3189.58,3246.4,3111.67,3200.0,101080.77,323458454.47,46158
2019-01-02,3200.0,3473.96,3200.0,3411.76,91998.21,313875860.6,27657
2019-01-03,3411.76,3572.82,3312.96,3439.98,37648.94,129511614.26,29144
2019-01-04,3439.98,3550.54,3439.98,3519.8,69735.26,245454466.15,27029
2019-01-05,3519.8,3642.75,3511.51,3557.16,53520.57,190381259.51,33305
2019-01-06,3557.16,3557.16,3344.97,3403.47,98318.22,334623186.54,31648
2019-01-07,3403.47,3598.94,3403.47,3572.96,125164.95,447209352.44,26732
2019-01-08,3572.96,3760.72,3503.37,3630.5,31573.31,114627029.37,27416
2019-01-09,3630.5,3842.92,3630.5,3718.91,75290.21,279997629.06,31239
2019-01-10,3718.91,4139.97,3718.91,3879.88,154613.88,599883656.79,35550
2019-01-11,3879.88,4081.84,3879.88,4055.46,145158.0,588682048.16,36103
2019-01-12,4055.46,4055.46,3839.54,3893.29,92337.22,359495422.52,27249
2019-01-13,3893.29,3893.29,3698.55,3709.15,62282.76,231016103.71,27735
2019-01-14,3709.15,3709.15,3585.58,3599.23,74591.11,268470358.23,25258
2019-01-15,3599.23,3599.23,3343.47,3432.84,72391.44,248508121.2,33120
2019-01-16,3432.84,3494.79,3368.57,3378.3,59336.58,200456973.3,25161
2019-01-17,3378.3,3378.3,3115.43,3234.61,83975.12,271627025.06,29110
2019-01-18,3234.61,3234.61,3019.01,3104.39,63870.39,198278518.28,28089
2019-01-19,3104.39,3231.98,3104.39,3150.23,65060.69,204956229.19,27164
2019-01-20,3150.23,3150.23,2886.53,2957.19,161191.14,476672144.6,34729
2019-01-21,2957.19,3056.89,2940.68,2966.42,60052.19,178140172.28,30195
2019-01-22,2966.42,3207.52,2966.42,3074.28,97424.3,299509421.4,43429
2019-01-23,3074.28,3233.77,3074.28,3184.94,124543.16,396662668.54,27614
2019-01-24,3184.94,3293.67,3184.94,3266.77,104035.51,339859776.54,42368
2019-01-25,3266.77,3534.78,3266.77,3527.22,184373.58,650326731.29,37106
2019-01-26,3527.22,3530.11,3374.96,3481.4,67649.0,235513543.54,37341
2019-01-27,3481.4,3603.75,3481.4,3572.17,90535.43,323407821.27,33009
2019-01-28,3572.17,3801.62,3572.17,3768.73,129458.78,487895744.1,36286
2019-01-29,3768.73,3861.78,3652.01,3673.62,198187.9,728067391.4,54530
2019-01-30,3673.62,3724.71,3468.58,3662.42,32529.83,119137724.22,26163
2019-01-31,3662.42,3715.51,3407.61,3535.89,189210.08,669025620.9,36059
2019-02-01,3535.89,3693.94,3535.89,3692.97,68345.01,252396032.81,28827
2019-02-02,3692.97,3781.87,3692.97,3746.42,46397.8,173825547.16,33439
2019-02-03,3746.42,3746.42,3530.81,3604.98,186635.41,672816633.36,57394
2019-02-04,3604.98,3706.57,3552.43,3609.3,69148.81,249578760.6,31378
2019-02-05,3609.3,3906.97,3609.3,3679.73,81742.59,300790747.32,27856
2019-02-06,3679.73,3679.73,3497.15,3595.93,63562.36,228565494.53,37688
2019-02-07,3595.93,3595.93,3288.6,3381.83,110849.7,374875121.63,31090
2019-02-08,3381.83,3381.83,3201.77,3230.11,80159.54,258924439.6,37345
2019-02-09,3230.11,3263.03,3230.11,3244.51,66698.84,216404997.58,28036
2019-02-10,3244.51,3250.3,3104.09,3220.14,79855.08,257144726.28,25952
2019-02-11,3220.14,3561.22,3220.14,3483.39,84185.82,293251928.36,26272
2019-02-12,3483.39,3631.72,3483.39,3523.73,104639.27,368720649.78,37816
2019-02-13,3523.73,3839.62,3523.73,3650.3,79533.66,290322069.12,28112
2019-02-14,3650.3,3650.3,3423.63,3556.99,94790.15,337167202.77,33741
2019-02-15,3556.99,3556.99,3338.24,3463.83,70734.55,245012530.44,30071
2019-02-16,3463.83,3463.83,3420.57,3438.94,62134.37,213676590.76,30436
2019-02-17,3438.94,3563.57,3438.94,3474.73,58451.36,203102613.02,27141
2019-02-18,3474.73,3801.5,3464.28,3521.5,42624.0,150100512.97,28146
2019-02-19,3521.5,3558.02,3427.36,3480.11,44725.89,155650815.26,28273
2019-02-20,3480.11,3572.1,3480.11,3556.87,73173.89,260269795.02,34243
2019-02-21,3556.87,3728.42,3556.87,3623.02,64949.41,235312892.75,38458
2019-02-22,3623.02,3877.34,3623.02,3871.54,92801.52,359284333.67,28278
2019-02-23,3871.54,3871.54,3751.64,3775.22,108289.74,408818001.75,44962
2019-02-24,3775.22,4094.47,3775.22,3901.94,70686.6,275814839.15,35571
2019-02-25,3901.94,4051.86,3837.81,3916.23,81342.0,318554309.8,37064
2019-02-26,3916.23,3947.08,3782.6,3854.15,75005.42,289081977.48,31246
2019-02-27,3854.15,3854.15,3603.19,3701.78,87995.19,325738730.63,32303
2019-02-28,3701.78,3924.45,3688.22,3744.88,77817.27,291416011.61,32042
2019-03-01,3744.88,3853.79,3559.5,3717.23,42158.15,156711513.6,26955
2019-03-02,3717.23,3836.75,3689.26,3749.3,64212.7,240752370.53,37022
2019-03-03,3749.3,3749.3,3579.19,3585.58,77489.51,277844531.02,26642
2019-03-04,3585.58,3690.24,3565.7,3623.85,147930.06,536075615.86,40252
2019-03-05,3623.85,3749.87,3557.61,3653.1,77145.96,281821837.75,26356
2019-03-06,3653.1,3856.25,3653.1,3787.55,122665.85,464602625.63,26702
2019-03-07,3787.55,4053.22,3787.55,4031.8,114142.37,460198804.17,33710
2019-03-08,4031.8,4148.65,4031.8,4113.97,53797.69,221322179.76,29967
2019-03-09,4113.97,4181.24,3901.5,4038.12,82075.89,331432589.83,27495
2019-03-10,4038.12,4262.12,3982.59,4085.86,53055.69,216777988.35,30214
2019-03-11,4085.86,4085.86,3973.92,4068.29,50093.99,203797097.2,25017
2019-03-12,4068.29,4253.44,3998.65,4146.56,48133.75,199589288.74,39815
2019-03-13,4146.56,4146.56,3702.37,3910.13,95454.85,373240631.45,36935
2019-03-14,3910.13,4136.2,3910.13,4095.64,93177.78,381622794.07,29920
2019-03-15,4095.64,4157.25,3910.65,3990.16,71092.32,283669425.32,30035
2019-03-16,3990.16,3990.16,3743.6,3880.88,68938.44,267541965.36,34083
2019-03-17,3880.88,3927.91,3872.61,3903.35,69206.08,270135635.37,30141
2019-03-18,3903.35,4063.33,3804.67,3885.95,80797.65,313975491.28,41935
2019-03-19,3885.95,3988.49,3885.95,3960.89,76178.32,301733864.79,35193
2019-03-20,3960.89,4089.22,3951.98,3998.58,96486.7,385809918.43,48616
2019-03-21,3998.58,4360.5,3998.58,4158.53,95739.92,398137657.16,25119
2019-03-22,4158.53,4211.82,4123.46,4146.37,49076.77,203490619.19,31848
2019-03-23,4146.37,4254.37,4076.55,4192.41,129794.66,544152611.11,36782
2019-03-24,4192.41,4662.71,4192.41,4489.27,150438.33,675358603.03,39072
2019-03-25,4489.27,4489.27,4216.82,4376.24,101899.78,445937879.43,36529
2019-03-26,4376.24,4377.95,4106.92,4225.89,103130.4,435817724.44,41004
2019-03-27,4225.89,4281.34,4092.17,4254.24,54428.13,231550310.16,27610
2019-03-28,4254.24,4254.24,3953.41,4014.64,82438.63,330961305.82,33172
2019-03-29,4014.64,4014.64,3666.26,3886.83,102274.82,397524706.71,40102
2019-03-30,3886.83,3886.83,3706.63,3727.46,63376.23,236232036.54,25407
2019-03-31,3727.46,3727.46,3379.69,3415.09,87509.95,298854379.93,29271
2019-04-01,3415.09,3415.09,3322.21,3334.76,141720.14,472602119.43,37322
2019-04-02,4288.38,4343.52,3903.51,4100.0,54460.2,223286831.24,36464
2019-04-03,4100.0,5204.0,4100.0,5003.55,136491.66,682943524.69,27274
2019-04-04,5003.55,5046.47,4529.91,4906.91,75454.88,370250259.75,25006
2019-04-05,4906.91,4952.89,4658.59,4802.45,57961.4,278356673.49,35819
2019-04-06,4802.45,5043.17,4802.45,4962.16,65955.76,327283069.93,26113
2019-04-07,4962.16,4962.16,4164.23,4278.28,114462.32,489702231.17,32346
2019-04-08,4278.28,4331.4,4088.65,4283.67,45539.48,195075943.97,33946
2019-04-09,4283.67,4458.99,4071.71,4398.28,114097.21,501831775.19,25469
2019-04-10,4398.28,4667.01,4353.64,4497.63,50375.89,226572144.14,32640
2019-04-11,4497.63,4497.63,4248.88,4348.87,77717.51,337983708.66,31342
2019-04-12,4348.87,4704.9,4348.87,4570.31,75434.67,344760186.05,27668
2019-04-13,4570.31,4723.75,4570.31,4656.06,60524.38,281805188.58,29578
2019-04-14,4656.06,5452.87,4656.06,5414.18,104474.41,565643028.52,25350
2019-04-15,5414.18,5961.65,5414.18,5708.18,105878.4,604372463.58,27127
2019-04-16,5708.18,5708.18,5520.0,5608.55,81894.73,459310757.52,30507
2019-04-17,5608.55,6196.4,5608.55,6000.05,97478.17,584873935.35,28641
2019-04-18,6000.05,6000.05,5436.73,5470.86,159216.8,871053027.92,47125
2019-04-19,5470.86,5752.98,5470.86,5591.92,98246.7,549387666.81,28123
2019-04-20,5591.92,6081.42,5591.92,5790.28,80237.87,464599755.52,30904
2019-04-21,5790.28,6001.55,5689.72,5922.8,58822.26,348392563.37,33723
2019-04-22,5922.8,6711.24,5922.8,6499.97,103857.51,675070331.38,25728
2019-04-23,6499.97,6675.23,6334.86,6636.23,44675.36,296476087.39,25837
2019-04-24,6636.23,7363.94,6636.23,7251.78,172278.36,1249324939.35,37292
2019-04-25,7251.78,7251.78,6366.71,7014.68,107575.31,754606935.73,27647
2019-04-26,7014.68,7014.68,6810.5,6953.65,104630.81,727565629.83,33394
2019-04-27,6953.65,7377.42,6842.62,7079.38,56003.43,396469830.68,28150
2019-04-28,7079.38,7298.52,6946.99,7204.46,88200.14,635434303.47,27227
2019-04-29,7204.46,7983.43,7204.46,7543.73,94118.41,710003756.78,33369
2019-04-30,7543.73,7543.73,6895.04,7037.55,146206.06,1028932196.83,38522
2019-05-01,7037.55,7131.24,6732.5,7120.28,92789.71,660688788.14,38158
2019-05-02,7120.28,8056.63,7120.28,7413.65,198604.92,1472388276.52,26581
2019-05-03,7413.65,7537.8,6840.4,6888.97,120002.6,826694702.88,26063
2019-05-04,6888.97,7311.4,6418.14,6841.53,76032.56,520179175.75,42863
2019-05-05,6841.53,7798.32,6841.53,7623.09,106723.07,813559335.83,35697
2019-05-06,7623.09,8211.84,7255.68,7502.58,42071.84,315647503.03,33281
2019-05-07,7502.58,8117.42,7502.58,8071.63,80381.02,648805604.49,26220
2019-05-08,8071.63,8196.07,8028.41,8145.28,67776.94,552062481.19,38480
2019-05-09,8145.28,9451.55,8145.28,9261.34,93832.24,869012435.34,26680
2019-05-10,9261.34,9355.56,8533.39,9289.57,84746.05,787254102.45,26784
2019-05-11,9289.57,10004.82,9232.45,9445.85,96259.17,909250168.55,28291
2019-05-12,9445.85,10362.15,9445.85,10182.59,164103.62,1670999348.86,44689
2019-05-13,10182.59,10533.41,9622.4,9727.05,80420.28,782252164.93,25222
2019-05-14,9727.05,9727.05,9221.39,9518.46,86375.06,822157553.55,33232
2019-05-15,9518.46,11057.2,9518.46,11049.61,242228.79,2676532480.7,38035
2019-05-16,11049.61,11049.61,10319.77,10730.95,61088.42,655536921.97,29975
2019-05-17,10730.95,11286.63,10225.85,10957.13,41542.84,455190201.14,29715
2019-05-18,10957.13,12050.05,10593.19,11486.35,73320.43,842184167.79,25860
2019-05-19,11486.35,13118.21,11486.35,12952.12,192155.91,2488827352.08,36722
2019-05-20,12952.12,12952.12,11576.98,11720.7,139447.94,1634428017.53,33852
2019-05-21,11720.7,11720.7,10820.33,11070.54,97823.6,1082960060.02,29124
2019-05-22,11070.54,11888.78,11070.54,11777.72,88156.57,1038282987.85,28256
2019-05-23,11777.72,13415.29,11777.72,13304.78,106471.36,1416577900.65,35158
2019-05-24,13304.78,15073.85,13304.78,14161.84,66904.07,947484921.41,26594
2019-05-25,14161.84,14161.84,13248.88,13266.83,177519.41,2355118986.22,44685
2019-05-26,13266.83,13411.51,12500.04,12994.06,54456.95,707616685.69,29201
2019-05-27,12994.06,13859.36,12994.06,13806.67,124416.56,1717778621.48,42931
2019-05-28,13806.67,13806.67,12884.11,13085.5,99486.03,1301824133.1,36840
2019-05-29,13085.5,14524.5,13085.5,14372.76,87045.1,1251077969.91,26825
2019-05-30,14372.76,15319.16,13978.73,14634.88,100713.51,1473929691.24,29875
2019-05-31,14634.88,14634.88,13439.08,13545.64,144155.96,1952685430.13,30282
2019-06-01,13545.64,15089.23,13545.64,14274.65,129217.9,1844540547.98,28975
2019-06-02,14274.65,14446.04,13706.3,14233.66,48088.52,684475419.56,28103
2019-06-03,14233.66,14314.98,13402.59,13924.15,152753.88,2126967778.11,38717
2019-06-04,13924.15,13924.15,12703.89,13256.02,83835.97,1111331313.24,29629
2019-06-05,13256.02,13929.41,12905.42,13172.21,93911.3,1237019555.57,29936
2019-06-06,13172.21,13770.34,13001.74,13188.41,35313.48,465728478.82,26512
2019-06-07,13188.41,13872.1,13178.43,13555.83,60186.77,815881600.4,26953
2019-06-08,13555.83,13555.83,12851.18,12854.71,73704.46,947449523.51,27156
2019-06-09,12854.71,12854.71,12152.73,12305.12,123672.09,1521799333.76,41536
2019-06-10,12305.12,14190.39,12305.12,13649.68,80034.3,1092442568.42,26577
2019-06-11,13649.68,13649.68,12325.15,12685.72,167528.74,2125222783.01,36918
2019-06-12,12685.72,13726.95,12685.72,13597.47,101463.1,1379641349.65,26962
2019-06-13,13597.47,13597.47,11485.17,12341.46,127956.15,1579165548.02,33903
2019-06-14,12341.46,13479.54,12117.0,13200.54,94264.14,1244337928.95,26621
2019-06-15,13200.54,13200.54,11794.2,12117.24,88297.12,1069917512.28,30825
2019-06-16,12117.24,13980.64,12117.24,12978.08,181950.99,2361373818.49,35016
2019-06-17,12978.08,13199.26,12625.33,12838.51,53984.91,693085644.46,28796
2019-06-18,12838.51,12838.51,11884.67,12684.02,125211.84,1588189171.49,34425
2019-06-19,12684.02,14846.78,12684.02,14661.49,238376.56,3494954565.76,39068
2019-06-20,14661.49,14661.49,12873.2,13603.71,126702.47,1723623980.42,27185
2019-06-21,13603.71,13903.51,12688.89,13452.82,56095.76,754646166.86,25918
2019-06-22,13452.82,14305.54,13452.82,14002.87,125832.54,1762016539.09,25594
2019-06-23,14002.87,14002.87,12078.03,12242.32,171553.81,2100217263.03,41115
2019-06-24,12242.32,14012.81,12242.32,13830.18,95541.59,1321357052.99,29624
2019-06-25,13830.18,15136.79,13830.18,15035.44,196760.6,2958382307.33,40280
2019-06-26,15035.44,16337.51,15035.44,15859.85,130115.06,2063604876.28,28883
2019-06-27,13593.2,14044.9,13263.83,13800.0,100868.73,1391988462.72,46236
2019-06-28,13800.0,13800.0,12568.56,12865.76,152099.47,1956874505.71,36104
2019-06-29,12865.76,14117.12,12865.76,13484.07,96187.32,1296996320.9,31099
2019-06-30,13484.07,13484.07,12753.93,13073.25,79668.44,1041525244.1,31832
2019-07-01,13073.25,14317.6,13073.25,13809.22,74931.85,1034750479.06,28411
2019-07-02,13809.22,14169.88,13370.9,13701.61,90073.23,1234148153.75,46857
2019-07-03,13701.61,14003.62,13417.25,13720.64,105769.07,1451219126.14,31797
2019-07-04,13720.64,13870.73,13338.68,13574.95,90370.84,1226779592.83,37403
2019-07-05,13574.95,13574.95,12307.9,12735.03,173975.75,2215586866.02,33928
2019-07-06,12735.03,12735.03,12494.22,12532.4,91786.18,1150300816.3,26056
2019-07-07,12532.4,12532.4,11641.64,11780.9,50950.27,600240112.85,26689
2019-07-08,11780.9,12385.56,11677.3,12049.79,106083.27,1278280649.39,32602
2019-07-09,12049.79,12613.48,12049.79,12392.53,145688.42,1805447854.95,42880
2019-07-10,12392.53,12392.53,10883.84,11243.58,179537.0,2018638425.77,41040
2019-07-11,11243.58,12091.17,11243.58,11539.42,139553.79,1610370248.16,42670
2019-07-12,11539.42,12088.19,11393.08,11451.4,81976.61,938747211.75,34553
2019-07-13,11451.4,11451.4,9886.8,10487.45,95640.84,1003028075.31,25828
2019-07-14,10487.45,10986.94,10193.73,10552.73,51097.22,539215007.05,33451
2019-07-15,10552.73,10552.73,10139.93,10325.02,83257.75,859638079.76,28179
2019-07-16,10325.02,10325.02,9811.59,9933.06,104809.15,1041075547.96,27844
2019-07-17,9933.06,9933.06,8838.61,9345.54,185596.6,1734500770.89,34821
2019-07-18,9345.54,10211.77,9345.54,9476.08,61998.82,587505699.76,28239
2019-07-19,9476.08,9711.47,9367.75,9479.76,97631.37,925522186.43,43083
2019-07-20,9479.76,9728.44,9364.17,9505.8,61828.43,587728746.51,29385
2019-07-21,9505.8,10338.47,9505.8,10016.7,103602.44,1037754940.08,25807
2019-07-22,10016.7,10881.15,10016.7,10763.88,111531.97,1200516448.23,36080
2019-07-23,10763.88,10763.88,9512.05,9677.82,149062.56,1442600986.5,26494
2019-07-24,9677.82,9927.22,9635.81,9817.7,49558.69,486552508.17,28383
2019-07-25,9817.7,9817.7,9140.51,9531.78,105834.05,1008786683.03,37220
2019-07-26,9531.78,9790.88,9522.09,9742.66,109628.6,1068074610.43,30113
2019-07-27,9742.66,9742.66,9248.59,9346.85,80612.76,753475431.36,33717
2019-07-28,9346.85,10281.55,9346.85,10259.48,104490.35,1072016371.5,29563
2019-07-29,10259.48,11108.73,10259.48,10509.51,98432.3,1034475331.24,31347
2019-07-30,10509.51,10509.51,9948.27,10371.76,64018.75,663986810.84,35409
2019-07-31,10371.76,10980.21,10371.76,10965.86,44505.57,488041967.83,27301
2019-08-01,10965.86,10965.86,10121.29,10468.66,81298.27,851083815.48,37654
2019-08-02,10468.66,10468.66,9579.13,9800.46,85513.6,838072793.68,28745
2019-08-03,9800.46,9800.46,9368.12,9653.82,61204.51,590857328.28,27645
2019-08-04,9653.82,9813.62,9306.12,9532.93,78191.68,745395522.18,25772
2019-08-05,9532.93,9532.93,9157.12,9286.12,110914.49,1029964756.26,40129
2019-08-06,9286.12,9431.16,8937.75,8994.91,115602.19,1039830922.66,36789
2019-08-07,8994.91,9136.61,8546.88,8598.43,55436.7,476668722.37,28191
2019-08-08,8598.43,8964.25,8598.43,8874.61,81880.4,726656459.18,29855
2019-08-09,8874.61,9376.35,8874.61,9201.94,72053.04,663027559.37,30933
2019-08-10,9201.94,9296.53,8732.17,9023.69,125719.84,1134457452.59,42086
2019-08-11,9023.69,9142.78,8366.92,8767.11,56494.62,495294475.91,30203
2019-08-12,8767.11,8891.72,8500.65,8725.25,66829.76,583106191.95,28429
2019-08-13,8725.25,9077.57,8561.47,8861.04,120022.77,1063526171.86,29657
2019-08-14,8861.04,8861.04,7859.72,8028.25,163440.35,1312139542.57,34791
2019-08-15,8028.25,8028.25,7326.67,7526.87,133435.55,1004352183.18,38683
2019-08-16,7526.87,7526.87,7399.38,7416.92,79350.71,588537851.92,29613
2019-08-17,7416.92,7416.92,6973.86,7086.45,118160.8,837340785.94,31538
2019-08-18,7086.45,7535.21,7086.45,7532.56,93755.42,706218232.08,28734
2019-08-19,7532.56,7532.56,6781.25,7037.53,121253.47,853324514.18,31755
2019-08-20,7037.53,7098.45,6615.27,6912.89,61441.83,424740520.86,30392
2019-08-21,6912.89,7436.11,6912.89,7032.67,43831.1,308249535.21,25447
2019-08-22,7032.67,7298.83,6891.93,7073.86,103660.47,733279570.47,44556
2019-08-23,7073.86,7475.26,7073.86,7433.34,92038.11,684150575.31,27943
2019-08-24,7433.34,8042.82,7433.34,7865.58,98921.91,778078585.08,29890
2019-08-25,7865.58,7951.89,7645.85,7861.68,52303.58,411194265.44,30906
2019-08-26,7861.68,7861.68,7281.72,7584.64,54780.3,415488719.7,28541
2019-08-27,7584.64,7584.64,6966.05,7253.24,195356.97,1416970795.22,37612
2019-08-28,7253.24,7253.24,6682.31,6892.82,159006.35,1096002693.68,39670
2019-08-29,6892.82,6892.82,6557.14,6801.11,86579.89,588839390.27,27545
2019-08-30,6801.11,6801.11,6219.67,6426.58,96742.78,621725543.25,32943
2019-08-31,6426.58,6426.58,6162.27,6185.81,112333.88,694876296.22,25869
2019-09-01,6185.81,6539.45,5960.7,6276.79,140166.89,879798273.29,44332
2019-09-02,6276.79,6474.01,6276.79,6325.52,43195.69,273235132.88,26147
2019-09-03,6325.52,6325.52,6028.26,6051.36,84165.56,509316079.9,27377
2019-09-04,6051.36,6408.62,6051.36,6271.53,142133.99,891397847.58,33729
2019-09-05,6271.53,6271.53,5889.83,5939.2,105855.81,628699323.17,28049
2019-09-06,5939.2,6202.38,5694.86,5980.07,81606.21,488011086.05,41078
2019-09-07,5980.07,6335.07,5980.07,6253.06,104107.98,650993834.02,33434
2019-09-08,6253.06,6253.06,6156.95,6158.05,68744.26,423330714.07,33586
2019-09-09,6158.05,6158.05,5763.57,5851.83,92084.74,538864152.23,33493
2019-09-10,5851.83,6014.56,5845.99,5925.23,76446.3,452962016.4,36653
2019-09-11,5925.23,6080.66,5925.23,5960.92,38679.07,230563028.86,26042
2019-09-12,5960.92,6083.5,5960.92,6029.28,74056.58,446507718.49,26721
2019-09-13,6029.28,6208.18,5959.16,6182.77,107372.77,663861546.27,25116
2019-09-14,6182.77,6182.77,5812.34,5948.09,126594.82,752997245.2,30473
2019-09-15,5948.09,6041.65,5762.68,5796.84,81453.33,472171603.15,31107
2019-09-16,5796.84,5811.33,5579.77,5809.58,80532.17,467858280.79,26084
2019-09-17,5809.58,5809.58,5522.53,5678.18,112439.46,638451516.63,27286
2019-09-18,5678.18,5825.24,5381.53,5572.75,82434.4,459386602.31,43316
2019-09-19,5572.75,6162.34,5572.75,6039.75,92081.4,556148546.37,36484
2019-09-20,6039.75,6039.75,5426.81,5470.23,116045.38,634794406.96,35365
2019-09-21,5470.23,5893.65,5470.23,5820.68,145784.26,848563958.97,47739
2019-09-22,5820.68,5820.68,5458.09,5735.88,116635.16,669005248.25,30866
2019-09-23,5735.88,6041.21,5735.88,5967.09,57406.39,342549205.41,30726
2019-09-24,5967.09,6044.97,5856.73,5970.25,69970.24,417740032.38,38158
2019-09-25,5970.25,5970.25,5531.14,5631.62,75854.83,427185805.54,28952
2019-09-26,5631.62,6387.93,5631.62,6025.27,56039.33,337652108.94,25591
2019-09-27,6025.27,6643.8,6025.27,6386.84,196682.87,1256181639.42,26781
2019-09-28,6386.84,6386.84,5735.78,6044.69,82779.05,500374084.11,28907
2019-09-29,6044.69,6716.99,6044.69,6205.87,106810.16,662849566.26,38743
2019-09-30,6205.87,6205.87,5938.92,6004.68,135577.23,814098312.68,26335
2019-10-01,6004.68,6004.68,5375.33,5551.5,72461.79,402271570.86,26245
2019-10-02,5551.5,5551.5,5177.66,5321.02,105970.65,563872287.04,46071
2019-10-03,5321.02,5791.47,5321.02,5673.23,129027.8,732004404.8,36584
2019-10-04,5673.23,5981.24,5673.23,5909.77,100220.37,592279782.85,51222
2019-10-05,5909.77,5972.48,5644.75,5803.35,43739.58,253836012.57,27029
2019-10-06,5803.35,6326.53,5803.35,6189.19,146688.34,907881383.67,32319
2019-10-07,6189.19,6845.29,6189.19,6531.55,133723.65,873422908.36,32886
2019-10-08,6531.55,6531.55,6135.46,6260.85,75458.78,472435779.41,32438
2019-10-09,6260.85,7102.8,6260.85,6768.89,124296.42,841348561.59,37472
2019-10-10,6768.89,6768.89,6535.43,6620.97,63410.91,419842000.69,30085
2019-10-11,6620.97,6620.97,6232.43,6518.52,117487.8,765846330.21,34594
2019-10-12,6518.52,6518.52,5840.01,5910.24,139482.98,824377491.07,37433
2019-10-13,5910.24,5910.24,5697.76,5713.56,125246.76,715605411.86,40563
2019-10-14,5713.56,5748.54,5559.61,5654.87,58637.02,331584637.11,30551
2019-10-15,5654.87,5856.3,5654.87,5722.7,144489.62,826870287.47,36776
2019-10-16,5722.7,5722.7,5392.85,5398.95,92185.16,497702630.58,27735
2019-10-17,5398.95,5398.95,4879.26,5186.11,101478.12,526276214.01,46123
2019-10-18,5186.11,6324.4,5186.11,6324.04,279780.73,1769343392.29,44968
2019-10-19,6324.04,6706.58,6316.92,6394.47,80122.82,512343233.36,34618
2019-10-20,6394.47,6394.47,6058.23,6258.49,69769.78,436653560.78,28577
2019-10-21,6258.49,6389.67,6247.55,6283.89,82580.29,518925729.05,31511
2019-10-22,6283.89,6283.89,5172.82,5676.91,87527.17,496883924.44,26286
2019-10-23,5676.91,5883.72,5478.1,5816.66,107392.2,624663375.34,45277
2019-10-24,5816.66,5816.66,5113.81,5204.3,132534.32,689748410.72,28702
2019-10-25,5204.3,5250.47,5108.84,5147.4,104826.19,539582819.23,33119
2019-10-26,5147.4,5306.07,5110.62,5212.99,107306.67,559388215.17,37647
2019-10-27,5212.99,5563.54,5212.99,5404.56,90748.54,490456286.45,35232
2019-10-28,5404.56,5670.22,5404.56,5497.83,69402.03,381560414.05,33409
2019-10-29,5497.83,5697.99,5426.69,5652.79,65219.86,368674421.22,25265
2019-10-30,5652.79,5869.54,5652.79,5741.1,100206.97,575297787.31,31355
2019-10-31,5741.1,5741.1,4968.96,5481.95,138406.92,758739686.55,33179
2019-11-01,5481.95,5481.95,4982.05,5032.99,129401.78,651278157.02,36667
2019-11-02,5032.99,5669.14,5032.99,5324.2,90316.49,480862910.98,29186
2019-11-03,5324.2,5993.71,5324.2,5737.77,76568.58,439332723.86,28095
2019-11-04,5737.77,5751.25,5349.71,5662.13,64313.12,364149246.96,28856
2019-11-05,5662.13,5662.13,4839.3,5161.65,130345.04,672795180.38,43334
2019-11-06,5161.65,5161.65,4798.77,4813.07,74452.82,358346935.3,28765
2019-11-07,4813.07,4899.56,4560.08,4781.79,71644.32,342588456.43,27575
2019-11-08,4781.79,4781.79,4531.44,4539.19,69825.07,316949011.38,28363
2019-11-09,4539.19,4918.79,4539.19,4751.23,73858.27,350917537.69,28000
2019-11-10,4751.23,4770.71,4663.68,4711.71,55025.46,259264051.77,33671
2019-11-11,4711.71,4711.71,4438.56,4442.39,147578.27,655600849.61,38285
2019-11-12,4442.39,4442.39,4172.44,4391.79,85347.89,374830093.13,28324
2019-11-13,4391.79,4766.28,4391.79,4586.43,77520.14,355540612.67,26453
2019-11-14,4586.43,4997.8,4586.43,4779.34,65573.61,313398860.76,29646
2019-11-15,4779.34,4911.33,4667.56,4702.39,89728.24,421937123.7,41012
2019-11-16,4702.39,4977.49,4702.39,4847.53,77146.57,373970300.36,30891
2019-11-17,4847.53,5084.73,4757.7,4875.07,64376.43,313839850.47,27869
2019-11-18,4875.07,4875.07,4446.75,4453.05,284309.74,1266045726.69,37784
2019-11-19,4453.05,4453.05,4341.66,4356.05,62718.1,273203021.56,31167
2019-11-20,4356.05,4356.05,3917.47,3997.87,97813.24,391044491.72,29155
2019-11-21,3997.87,4139.57,3979.41,4106.33,56198.01,230767725.86,33289
2019-11-22,4106.33,4106.33,3640.7,3932.91,68026.88,267543817.69,28071
2019-11-23,3932.91,3966.62,3932.91,3948.71,170210.33,672110439.38,37570
2019-11-24,3948.71,3948.71,3564.74,3613.52,143637.7,519038426.7,29933
2019-11-25,3613.52,3801.59,3580.36,3614.38,65405.97,236401888.73,27381
2019-11-26,3614.38,3639.66,3494.32,3573.25,74194.65,265115878.94,29143
2019-11-27,3573.25,3726.56,3509.01,3638.3,77385.95,281553626.82,31091
2019-11-28,3638.3,3638.3,3518.47,3568.1,65666.79,234305841.87,31262
2019-11-29,3568.1,3613.98,3538.78,3560.18,74819.31,266370352.04,29227
2019-11-30,3560.18,3766.58,3560.18,3746.97,61977.94,232229658.16,27543
2019-12-01,3746.97,4109.4,3746.97,3906.57,83434.93,325944384.46,31574
2019-12-02,3906.57,4426.54,3906.57,4300.0,111482.93,479376993.72,31614
2019-12-03,4300.0,4857.47,4300.0,4802.71,192130.96,922749174.02,39505
2019-12-04,4802.71,5499.43,4802.71,5426.51,111838.64,606893756.5,31033
2019-12-05,5426.51,5441.44,5253.66,5396.81,88189.41,475941700.37,28034
2019-12-06,5396.81,5729.87,5396.81,5418.73,61561.19,333583756.12,33565
2019-12-07,5418.73,6152.94,5418.73,5947.67,180775.69,1075193357.21,35016
2019-12-08,5947.67,6390.72,5947.67,6320.95,143438.52,906667768.08,33990
2019-12-09,6320.95,6320.95,5904.81,6109.9,92950.81,567919801.86,28644
2019-12-10,6109.9,6109.9,5821.99,5835.1,83739.58,488628613.18,33575
2019-12-11,5835.1,5835.1,5277.16,5285.25,203077.93,1073317540.99,27468
2019-12-12,5285.25,5507.28,5207.73,5361.43,60898.39,326502505.58,29713
2019-12-13,5361.43,5768.11,5361.43,5720.65,100906.43,577250250.57,26882
2019-12-14,5720.65,5720.65,5440.81,5488.45,57289.17,314428876.35,30941
2019-12-15,5488.45,5488.45,4938.0,5275.78,70362.68,371218045.58,36993
2019-12-16,5275.78,5275.78,4409.36,4546.89,160143.73,728155400.67,29034
2019-12-17,4546.89,4731.5,4457.93,4667.17,55036.27,256863622.27,28653
2019-12-18,4667.17,5003.0,4667.17,4903.47,93857.95,460229667.31,26981
2019-12-19,4903.47,4945.68,4770.23,4935.34,66077.91,326117191.1,26517
2019-12-20,4935.34,4935.34,4623.18,4735.59,73672.2,348881017.37,28921
2019-12-21,4735.59,4781.21,4632.53,4663.47,91502.79,426720292.48,29117
2019-12-22,4663.47,4663.47,4461.3,4559.66,110361.4,503210912.1,53294
2019-12-23,4559.66,4856.72,4388.26,4669.73,97770.43,456561874.72,34519
2019-12-24,4669.73,4794.5,4414.09,4482.24,188369.68,844318528.95,36408
2019-12-25,4482.24,4482.24,4081.87,4196.91,118287.14,496441038.58,34601
2019-12-26,4196.91,4196.91,3599.43,3805.75,137541.31,523447534.74,34708
2019-12-27,3805.75,3805.75,3362.85,3681.17,67912.9,249999033.87,31265
2019-12-28,3681.17,3870.9,3681.17,3844.91,155657.22,598487524.92,49045
2019-12-29,3844.91,3864.22,3488.14,3663.01,60896.1,223063226.7,25552
2019-12-30,3663.01,3663.01,3356.78,3374.18,102869.71,347101175.78,38600
2019-12-31,3374.18,3374.18,3038.33,3163.37,112271.77,355157395.77,37932
2020-01-01,7203.95,7483.95,7087.61,7200.0,51643.63,371834141.33,29506
2020-01-02,7200.0,7664.35,7200.0,7549.73,81686.07,616707563.41,31227
2020-01-03,7549.73,9118.79,7549.73,8861.98,257332.69,2280478358.6,36985
2020-01-04,8861.98,8861.98,8298.22,8321.13,77897.2,648193020.27,34899
2020-01-05,8321.13,8651.56,8321.13,8554.07,112897.89,965736554.51,42547
2020-01-06,8554.07,8732.29,8272.11,8537.05,28677.6,244822158.19,25091
2020-01-07,8537.05,8888.89,8147.53,8728.53,59212.8,516840611.51,31502
2020-01-08,8728.53,8969.87,8407.91,8636.16,47847.41,413218043.87,30536
2020-01-09,8636.16,8636.16,7686.43,7975.78,66556.02,530836067.28,34990
2020-01-10,7975.78,8073.44,7517.03,7839.1,120892.73,947690198.51,44950
2020-01-11,7839.1,7839.1,7013.68,7164.4,195142.03,1398076359.09,38943
2020-01-12,7164.4,7487.76,7164.4,7451.65,68765.03,512412678.8,31217
2020-01-13,7451.65,8076.81,7451.65,7558.8,68985.17,521444963.48,39388
2020-01-14,7558.8,8170.14,7558.8,7841.11,71892.81,563719663.27,31200
2020-01-15,7841.11,7936.23,7806.03,7861.85,73591.19,578562984.7,26555
2020-01-16,7861.85,8676.12,7757.2,8123.56,102616.6,833612267.3,37297
2020-01-17,8123.56,8271.83,7813.22,7967.53,76699.42,611104736.89,25611
2020-01-18,7967.53,7967.53,7199.73,7351.83,91119.96,669898795.17,33108
2020-01-19,7351.83,7351.83,7007.48,7013.3,118736.99,832737990.34,48294
2020-01-20,7013.3,7332.74,7013.3,7266.74,204219.11,1484007613.3,50467
2020-01-21,7266.74,7751.77,7266.74,7716.4,112902.14,871197992.23,29732
2020-01-22,7716.4,7858.91,7332.09,7479.06,122814.57,918537767.44,41670
2020-01-23,7479.06,7592.04,6985.88,7415.9,76828.82,569754500.44,28916
2020-01-24,7415.9,7415.9,6640.83,6785.16,158681.47,1076678614.54,26678
2020-01-25,6785.16,6921.21,6785.16,6863.58,80667.04,553664934.14,39563
2020-01-26,6863.58,7167.88,6863.58,7069.8,76973.12,544184767.97,26967
2020-01-27,7069.8,7069.8,6838.23,6912.66,68788.85,475513660.94,33157
2020-01-28,6912.66,7221.66,6804.8,7091.22,59182.33,419675078.5,30034
2020-01-29,7091.22,7419.86,7091.22,7339.98,63130.52,463376736.6,42256
2020-01-30,7339.98,7339.98,7067.68,7156.25,55436.83,396719775.87,27888
2020-01-31,7156.25,7156.25,6403.18,6518.03,100530.57,655261191.06,29624
2020-02-01,6518.03,6518.03,6014.48,6113.54,116808.49,714113564.47,32340
2020-02-02,6113.54,6313.02,6090.49,6150.14,164335.34,1010685748.37,41111
2020-02-03,6150.14,6165.25,6018.89,6103.11,86493.03,527876738.93,28768
2020-02-04,6103.11,6115.45,5840.63,5937.59,142662.16,847069878.35,45796
2020-02-05,5937.59,5937.59,5434.92,5475.72,175554.77,961288005.38,38573
2020-02-06,5475.72,5475.72,5091.03,5247.46,102549.54,538124265.22,30242
2020-02-07,5247.46,5677.58,5247.46,5419.22,92063.76,498913909.8,38926
2020-02-08,5419.22,6061.96,5419.22,5763.8,126013.71,726318422.85,30622
2020-02-09,5763.8,5894.93,5697.06,5740.92,44816.4,257287381.17,27575
2020-02-10,5740.92,5740.92,5059.56,5268.75,138967.78,732186119.6,28467
2020-02-11,5268.75,5387.62,5015.04,5280.07,74375.59,392708230.59,39360
2020-02-12,5280.07,5353.4,5233.83,5259.35,59890.49,314985114.7,38714
2020-02-13,5259.35,5259.35,5030.05,5119.73,69172.45,354144480.24,25931
2020-02-14,5119.73,5119.73,4904.99,4914.48,62781.45,308538296.05,36315
2020-02-15,4914.48,4962.93,4637.38,4870.36,95603.2,465622244.5,30369
2020-02-16,4870.36,4995.38,4837.57,4970.7,76699.12,381248259.83,34762
2020-02-17,4970.7,4970.7,4752.42,4870.87,86717.15,422387922.57,31688
2020-02-18,4870.87,4870.87,4631.38,4725.46,81315.77,384254162.4,28303
2020-02-19,4725.46,4783.76,4635.39,4667.03,112349.52,524338836.14,37039
2020-02-20,4667.03,4811.67,4663.43,4696.38,51178.9,240355738.52,25248
2020-02-21,4696.38,4749.14,4609.27,4687.1,174441.27,817623943.61,60820
2020-02-22,4687.1,4778.96,4611.58,4662.66,88070.89,410644452.26,28550
2020-02-23,4662.66,4662.66,4389.19,4488.56,101547.36,455800982.26,41047
2020-02-24,4488.56,4846.98,4488.56,4597.38,56419.84,259383266.61,27926
2020-02-25,4597.38,4818.09,4597.38,4812.65,40126.01,193112609.99,28276
2020-02-26,4812.65,4952.28,4699.89,4782.15,40478.22,193572967.55,33042
2020-02-27,4782.15,5029.49,4779.7,4920.06,80194.14,394560288.63,32180
2020-02-28,4920.06,5132.19,4888.28,4936.24,59213.39,292291327.96,30047
2020-02-29,4936.24,4936.24,4627.18,4683.26,65109.94,304926692.9,25190
2020-03-01,4683.26,4853.73,4683.26,4783.63,106629.88,510078103.37,35731
2020-03-02,4783.63,4783.63,4740.54,4743.72,65041.52,308538460.24,33842
2020-03-03,4743.72,5005.41,4728.43,4868.11,65291.06,317844021.53,28770
2020-03-04,4868.11,5363.92,4868.11,5178.96,164833.71,853667990.03,36246
2020-03-05,5178.96,5269.93,5001.94,5063.98,55663.93,281880848.8,27505
2020-03-06,5063.98,5063.98,4808.96,4817.05,76193.87,367029464.72,33124
2020-03-07,4817.05,4843.18,4603.54,4641.68,102530.29,475912698.76,37538
2020-03-08,4641.68,4810.11,4641.68,4733.77,101465.55,480314717.45,32231
2020-03-09,4733.77,4876.36,4652.3,4822.94,78897.14,380516292.91,27837
2020-03-10,4822.94,5021.77,4815.6,4931.15,66206.61,326474830.56,32703
2020-03-11,4931.15,4957.14,4730.94,4819.09,46709.75,225098258.59,25532
2020-03-12,4819.09,4863.06,4428.45,4811.31,63290.59,304510721.1,32779
2020-03-13,3548.81,4883.14,3548.81,4100.0,96781.93,396805930.93,38141
2020-03-14,3766.5,3916.21,3754.88,3800.0,71653.01,272281447.03,37681
2020-03-15,3800.0,3895.03,3729.02,3888.64,51014.47,198376953.38,28316
2020-03-16,3888.64,4136.38,3888.64,3969.96,56078.81,222630813.34,28998
2020-03-17,3969.96,3969.96,3828.45,3885.17,57431.47,223131284.25,25254
2020-03-18,3885.17,3885.17,3709.25,3763.4,39948.12,150340573.5,28432
2020-03-19,3763.4,3910.31,3763.4,3819.98,133123.63,508530035.14,32734
2020-03-20,3819.98,3972.17,3819.98,3963.88,104147.21,412827240.38,33567
2020-03-21,3963.88,4362.21,3963.88,4321.1,103715.25,448163583.08,29504
2020-03-22,4321.1,4612.48,4321.1,4551.35,150782.32,686263105.74,29338
2020-03-23,4551.35,4921.78,4551.35,4832.0,66204.59,319900669.76,29479
2020-03-24,4832.0,5338.15,4832.0,5062.6,76658.21,388089685.36,26358
2020-03-25,5062.6,5080.95,5058.08,5063.31,66637.89,337408312.78,35228
2020-03-26,5063.31,5063.31,4889.81,4922.91,120156.93,591521712.49,30793
2020-03-27,4922.91,4922.91,4566.16,4577.02,71761.84,328455101.4,28383
2020-03-28,4577.02,4577.02,4399.23,4556.73,99534.53,453552472.1,42690
2020-03-29,4556.73,4808.69,4556.73,4764.59,54709.12,260666502.73,25178
2020-03-30,4764.59,4764.59,4547.68,4684.28,60544.16,283605630.22,38909
2020-03-31,4684.28,4752.47,4613.34,4730.19,61045.77,288758186.67,30704
2020-04-01,4730.19,4730.19,4555.42,4649.67,69125.76,321411674.53,25294
2020-04-02,4649.67,4870.43,4599.35,4757.06,58332.89,277493190.09,26072
2020-04-03,4757.06,4803.1,4722.37,4731.43,35034.2,165761922.86,27050
2020-04-04,4731.43,4731.43,3684.59,3699.15,158338.69,585717889.32,31975
2020-04-05,3699.15,3699.15,3426.46,3535.29,76564.24,270677175.91,29520
2020-04-06,3535.29,3535.29,3348.44,3405.01,83197.29,283287333.14,37325
2020-04-07,3405.01,3722.13,3405.01,3681.5,114156.41,420266974.55,26380
2020-04-08,3681.5,3681.5,3262.58,3418.26,149877.71,512320904.81,42472
2020-04-09,3418.26,3591.03,3251.99,3453.63,64376.82,222333610.78,27974
2020-04-10,3453.63,3469.05,3436.65,3445.42,106085.48,365508502.88,55982
2020-04-11,3445.42,3657.72,3445.42,3613.22,77397.71,279654674.55,27952
2020-04-12,3613.22,3632.47,3443.22,3596.85,80093.52,288084660.71,36771
2020-04-13,3596.85,3999.12,3596.85,3783.97,147619.06,558586374.67,52030
2020-04-14,3783.97,4213.37,3783.97,4103.28,77888.83,319599340.88,27189
2020-04-15,4103.28,4558.11,4103.28,4299.34,103288.38,444071380.62,33147
2020-04-16,4299.34,4387.19,4230.53,4257.54,60265.68,256583831.48,25337
2020-04-17,4257.54,4257.54,3983.18,4099.26,51413.57,210757428.87,30968
2020-04-18,4099.26,4153.27,4099.26,4142.42,88502.33,366613691.35,26605
2020-04-19,4142.42,4552.58,4142.42,4526.82,177714.0,804478532.11,36031
2020-04-20,4526.82,4526.82,4452.93,4498.05,144507.13,650000369.12,44046
2020-04-21,4498.05,4498.05,4116.95,4175.79,68529.07,286163270.36,28583
2020-04-22,4175.79,4268.38,3913.44,4118.1,62258.11,256384905.12,32209
2020-04-23,4118.1,4660.06,4118.1,4343.91,89421.75,388439961.36,34214
2020-04-24,4343.91,4636.99,4343.91,4610.01,74841.26,345019177.09,31123
2020-04-25,4610.01,4610.01,4262.84,4450.84,108796.18,484234407.62,47235
2020-04-26,4450.84,4450.84,4229.92,4294.51,146225.49,627967553.29,37434
2020-04-27,4294.51,4294.51,3781.24,3947.59,92621.25,365630705.14,30667
2020-04-28,3947.59,4154.33,3947.59,4089.32,76328.69,312132725.23,31534
2020-04-29,4089.32,4089.32,3905.46,3925.03,61020.73,239508392.37,28603
2020-04-30,3925.03,3925.03,3718.3,3806.8,120133.47,457323522.66,41178
2020-05-01,3806.8,4157.36,3806.8,4076.59,254474.94,1037390972.3,49036
2020-05-02,4076.59,4219.36,4004.97,4151.82,155670.45,646316204.4,39787
2020-05-03,4151.82,4451.72,4151.82,4373.64,131638.52,575738879.94,47660
2020-05-04,4373.64,4373.64,4180.72,4253.13,63037.94,268108875.12,38990
2020-05-05,4253.13,4253.13,4076.93,4176.64,132888.12,555025613.94,40711
2020-05-06,4176.64,4176.83,4065.14,4173.07,24325.95,101513937.56,25702
2020-05-07,4173.07,4196.35,4076.03,4181.07,61575.81,257452948.99,33937
2020-05-08,4181.07,4453.68,4136.77,4434.9,102306.58,453718936.72,41713
2020-05-09,4434.9,4555.69,4434.9,4500.73,97489.54,438774080.44,37576
2020-05-10,4500.73,4525.72,4404.8,4500.27,37636.74,169375679.38,32978
2020-05-11,4500.27,5083.46,4500.27,5005.26,167152.61,836642997.7,37522
2020-05-12,5005.26,5005.26,4819.22,4828.72,88864.66,429102106.17,42523
2020-05-13,4828.72,4868.99,4771.92,4791.05,89569.43,429131255.07,36809
2020-05-14,4791.05,5279.51,4791.05,5158.43,45939.64,236976354.49,26029
2020-05-15,5158.43,5777.13,5158.43,5549.7,81584.14,452767866.69,37270
2020-05-16,5549.7,5670.74,5216.86,5503.87,104271.19,573894624.14,38208
2020-05-17,5503.87,5503.87,4992.08,5180.59,122012.02,632094718.87,29928
2020-05-18,5180.59,5186.11,4970.77,5111.83,60284.89,308166004.08,41667
2020-05-19,5111.83,5442.69,5111.83,5424.88,132244.28,717408884.61,32165
2020-05-20,5424.88,5491.2,5311.16,5421.68,63228.32,342803729.09,26231
2020-05-21,5421.68,5657.4,5328.0,5597.21,164928.77,923141213.56,33125
2020-05-22,5597.21,5623.07,5435.92,5618.37,83376.21,468438280.99,38680
2020-05-23,5618.37,5618.37,5180.74,5335.17,71472.73,381318866.42,28379
2020-05-24,5335.17,5489.76,5335.17,5362.7,35115.79,188315313.91,31858
2020-05-25,5362.7,5626.65,5362.7,5566.62,138218.0,769406529.14,41533
2020-05-26,5566.62,5566.62,5400.28,5463.68,134922.21,737171845.35,34984
2020-05-27,5463.68,5942.38,5463.68,5665.06,94387.16,534708959.53,40904
2020-05-28,5665.06,5818.39,5665.06,5708.14,56121.15,320347310.04,29349
2020-05-29,5708.14,5981.78,5708.14,5905.07,109952.32,649276379.52,34983
2020-05-30,5905.07,6133.57,5905.07,6007.76,59518.94,357575578.97,36526
2020-05-31,6007.76,6007.76,5648.29,5809.18,79589.05,462347114.03,36140
2020-06-01,5809.18,5897.93,5690.74,5766.08,74957.85,432213021.51,27141
2020-06-02,5766.08,5766.08,5502.88,5716.33,61520.37,351670725.14,36400
2020-06-03,5716.33,5716.33,5541.14,5600.84,90116.78,504729835.13,26996
2020-06-04,5600.84,5745.77,5563.88,5680.09,113223.88,643122323.51,46785
2020-06-05,5680.09,6189.35,5680.09,6167.5,115175.57,710345877.28,27494
2020-06-06,6167.5,6864.37,6167.5,6465.84,86591.13,559884028.88,28177
2020-06-07,6465.84,6995.48,6465.84,6817.88,115661.74,788567772.98,44655
2020-06-08,6817.88,6931.8,6597.62,6665.24,56259.92,374985752.02,30024
2020-06-09,6665.24,7278.4,6665.24,7033.38,62783.65,441581129.87,33625
2020-06-10,7033.38,7677.4,7033.38,7527.75,169552.17,1276345869.06,34540
2020-06-11,7527.75,7749.32,7287.87,7350.42,56912.67,418331880.36,26095
2020-06-12,7350.42,7511.43,7239.77,7511.08,72376.05,543622103.73,38450
2020-06-13,7511.08,7511.08,6925.19,7096.81,114802.81,814734041.95,28631
2020-06-14,7096.81,7121.25,6813.38,7063.17,73360.87,518160610.8,25745
2020-06-15,7063.17,7528.79,6965.52,7066.23,63599.51,449408487.74,25493
2020-06-16,7066.23,7066.23,6205.15,6571.17,83988.08,551899731.95,26800
2020-06-17,6571.17,6681.27,6378.4,6548.6,60001.53,392926038.79,33671
2020-06-18,6548.6,6634.53,6310.71,6543.38,62002.52,405705833.66,26849
2020-06-19,6543.38,6678.58,6292.95,6410.45,69500.25,445527964.47,37783
2020-06-20,6410.45,6410.45,5517.42,5697.29,188302.76,1072814903.03,40486
2020-06-21,5697.29,6109.82,5697.29,5933.33,66426.18,394128469.72,25951
2020-06-22,5933.33,6052.07,5788.09,6007.15,61415.58,368932522.85,27642
2020-06-23,6007.15,6097.96,5976.41,5989.84,42187.35,252695515.85,26627
2020-06-24,5989.84,6277.15,5989.84,6266.29,109328.8,685086100.43,36433
2020-06-25,6266.29,6266.29,5970.37,6074.15,86473.48,525253119.54,30878
2020-06-26,6074.15,6074.15,5781.17,5829.93,130967.41,763530505.13,33953
2020-06-27,5829.93,6720.64,5829.93,6353.94,92656.34,588732687.22,30342
2020-06-28,6353.94,6437.6,6090.96,6278.76,51304.81,322130454.04,29805
2020-06-29,6278.76,6507.43,6278.76,6475.19,67864.22,439433504.94,33223
2020-06-30,6475.19,6709.1,6475.19,6620.81,66951.58,443273363.73,26144
2020-07-01,6620.81,6881.75,6620.81,6757.07,76961.41,520033447.49,40303
2020-07-02,6757.07,6863.55,6437.55,6673.22,48182.7,321533549.91,33161
2020-07-03,6673.22,7027.29,6673.22,6976.54,128420.54,895931429.54,43686
2020-07-04,6976.54,7397.72,6976.54,7256.65,84778.87,615210705.15,35899
2020-07-05,7256.65,7710.8,7256.65,7702.69,95052.65,732161165.73,29842
2020-07-06,7702.69,7937.18,7702.69,7934.02,75243.31,596982254.94,30907
2020-07-07,7934.02,7934.02,7812.88,7882.91,91481.24,721137976.87,39776
2020-07-08,7882.91,8483.64,7882.91,8106.99,64742.78,524869362.32,32730
2020-07-09,8106.99,8106.99,7471.44,7552.3,67993.08,513503952.19,26585
2020-07-10,7552.3,7552.3,7204.67,7480.35,75208.15,562583411.03,26434
2020-07-11,7480.35,8327.21,7480.35,8080.87,122425.54,989305125.27,40794
2020-07-12,8080.87,8080.87,7715.62,7744.19,86021.98,666170782.41,26619
2020-07-13,7744.19,7744.19,7263.12,7286.26,61710.94,449641720.22,28814
2020-07-14,7286.26,7305.19,7200.61,7246.26,38990.96,282538620.42,26570
2020-07-15,7246.26,7493.31,7062.34,7212.51,66160.96,477186659.35,34641
2020-07-16,7212.51,7834.68,7172.04,7516.2,58144.24,437023517.96,25610
2020-07-17,7516.2,7716.45,7428.62,7639.64,86214.78,658650078.87,25230
2020-07-18,7639.64,7886.66,7488.34,7684.31,89545.3,688093905.15,31737
2020-07-19,7684.31,7745.54,7231.37,7257.35,106005.77,769321254.46,39308
2020-07-20,7257.35,7358.43,7243.3,7305.84,46859.29,342346584.57,30522
2020-07-21,7305.84,7545.14,6828.32,7141.32,144242.54,1030081724.92,36620
2020-07-22,7141.32,7469.45,7141.32,7398.18,57187.96,423086622.61,25632
2020-07-23,7398.18,7634.69,7398.18,7456.52,43424.83,323798265.02,29765
2020-07-24,7456.52,7456.52,6556.65,6820.09,65039.01,443572202.36,25122
2020-07-25,6820.09,7271.22,6820.09,7225.03,116777.55,843720741.69,36992
2020-07-26,7225.03,7225.03,6032.7,6311.11,124019.55,782701444.71,30207
2020-07-27,6311.11,6311.11,6024.32,6081.54,75132.34,456920370.23,33293
2020-07-28,6081.54,6193.32,6081.54,6150.19,28322.58,174189294.28,26840
2020-07-29,6150.19,6185.23,6010.91,6152.39,63850.46,392833082.89,31314
2020-07-30,6152.39,6434.32,6152.39,6318.63,52064.96,328979412.72,27165
2020-07-31,6318.63,6415.62,6076.69,6213.69,84074.86,522414972.11,31049
2020-08-01,9247.36,9516.98,9038.88,9200.0,73497.11,676173418.78,31261
2020-08-02,9200.0,9726.59,9200.0,9547.36,41607.56,397242487.79,28010
2020-08-03,9547.36,10549.19,9547.36,9965.16,108808.03,1084289948.59,25980
2020-08-04,9965.16,9965.16,9422.11,9730.51,77732.41,756375668.68,31621
2020-08-05,9730.51,9741.13,9113.96,9612.74,62079.88,596757657.29,25851
2020-08-06,9612.74,9798.39,9251.46,9481.53,72768.43,689955791.53,31547
2020-08-07,9481.53,9481.53,8201.68,8461.77,96420.59,815888579.34,28675
2020-08-08,8461.77,8461.77,7920.84,8067.73,100465.61,810529946.94,45323
2020-08-09,8067.73,8163.42,7669.56,7981.71,101880.52,813180407.51,35210
2020-08-10,7981.71,8006.52,7706.17,7972.32,30007.53,239229499.63,26966
2020-08-11,7972.32,8528.02,7952.37,8169.72,103982.04,849504477.76,30333
2020-08-12,8169.72,8399.74,7657.36,7963.89,81017.05,645210935.95,27679
2020-08-13,7963.89,8104.9,7963.89,8085.74,105177.12,850435238.3,37683
2020-08-14,8085.74,8735.02,8085.74,8591.74,174775.81,1501628107.87,28005
2020-08-15,8591.74,9598.65,8477.05,8894.86,99166.06,882068355.42,34021
2020-08-16,8894.86,8894.86,8740.04,8785.02,80005.64,702851556.43,36034
2020-08-17,8785.02,9443.94,8785.02,9219.79,68504.79,631600040.97,40847
2020-08-18,9219.79,9820.38,8779.89,9085.46,54578.17,495867957.07,34602
2020-08-19,9085.46,9196.81,8816.26,9196.55,66786.99,614209989.92,36582
2020-08-20,9196.55,9786.1,9196.55,9741.49,171729.14,1672898063.98,37411
2020-08-21,9741.49,10050.44,9632.77,9716.29,50928.56,494836795.82,43411
2020-08-22,9716.29,9716.29,8908.07,9159.6,63639.96,582916261.41,31167
2020-08-23,9159.6,9582.92,9159.6,9257.43,81004.86,749897022.25,26765
2020-08-24,9257.43,9958.09,9257.43,9811.19,61252.8,600962854.8,36253
2020-08-25,9811.19,10564.97,9811.19,10454.87,124100.57,1297455655.08,32127
2020-08-26,10454.87,10454.87,9782.73,9947.9,178594.38,1776638351.06,48019
2020-08-27,9947.9,10498.29,9945.79,10415.55,112153.56,1168140946.59,28994
2020-08-28,10415.55,10727.74,9471.31,10355.58,46298.6,479448664.3,25945
2020-08-29,10355.58,11709.25,10355.58,11310.17,147110.94,1663849059.55,37082
2020-08-30,11310.17,11310.17,10650.81,10672.87,116716.55,1245701092.24,31529
2020-08-31,10672.87,11743.95,10672.87,11162.27,112938.86,1260654073.13,32912
2020-09-01,11162.27,11162.27,10549.49,11033.88,57927.99,639170664.93,33033
2020-09-02,11033.88,11033.88,10620.49,10764.53,95518.81,1028214627.04,29731
2020-09-03,10764.53,11861.29,10764.53,11432.9,151733.54,1734753732.77,41001
2020-09-04,11432.9,12310.81,11432.9,12256.07,122177.67,1497418173.44,31313
2020-09-05,12256.07,12256.07,10999.11,11094.19,125423.03,1391466769.48,29807
2020-09-06,11094.19,12606.08,11094.19,11795.76,89411.45,1054676368.93,29322
2020-09-07,11795.76,12841.84,11764.6,11839.95,69889.58,827489526.46,34364
2020-09-08,11839.95,11958.44,11797.05,11948.03,58567.32,699764102.55,30301
2020-09-09,11948.03,11948.03,10948.41,11244.65,144498.98,1624841122.8,43384
2020-09-10,11244.65,12135.88,11244.65,11714.51,110409.28,1293390299.56,26754
2020-09-11,11714.51,13900.11,11714.51,13412.54,146857.08,1969726798.36,27475
2020-09-12,13412.54,13412.54,12643.86,13126.09,55400.06,727186397.63,26521
2020-09-13,13126.09,15416.9,13126.09,14153.24,134382.7,1901950022.25,38154
2020-09-14,14153.24,14855.88,13970.36,14253.81,76578.01,1091528390.44,36084
2020-09-15,14253.81,14439.46,13846.62,13978.11,168582.37,2356462135.55,43934
2020-09-16,13978.11,13978.11,12424.51,13030.54,100198.11,1305635967.99,41995
2020-09-17,13030.54,14291.5,13030.54,14173.33,171180.09,2426192196.65,33386
2020-09-18,14173.33,14621.18,13581.7,14367.64,92161.62,1324144577.33,34817
2020-09-19,14367.64,14375.64,13863.74,14127.21,34715.36,490431072.06,26873
2020-09-20,14127.21,14416.1,13555.2,14009.49,56015.45,784747709.49,33706
2020-09-21,14009.49,15559.2,14009.49,14661.7,100172.6,1468700725.72,34422
2020-09-22,14661.7,14814.98,13942.41,14415.13,71486.16,1030482222.27,31288
2020-09-23,14415.13,14415.13,13589.74,13802.62,65818.84,908472184.35,30084
2020-09-24,13802.62,14375.33,13249.32,13819.91,60272.1,832955117.1,34880
2020-09-25,13819.91,14016.6,13513.85,13814.42,63221.31,873365678.58,28168
2020-09-26,13814.42,14016.07,13710.65,13792.67,62245.62,858533390.55,39182
2020-09-27,13792.67,13792.67,13285.99,13570.05,63962.02,867967684.01,39972
2020-09-28,13570.05,15510.15,13570.05,14663.6,116026.62,1701367913.39,26038
2020-09-29,14663.6,17528.7,14663.6,17214.81,158546.46,2729347337.16,35492
2020-09-30,17214.81,17214.81,15737.81,16382.02,48665.78,797243914.25,25421
2020-10-01,16382.02,16382.02,13915.94,14723.53,163099.95,2401406664.31,43245
2020-10-02,14723.53,15048.96,13608.65,14643.7,60553.0,886720243.84,26770
2020-10-03,14643.7,14643.7,12776.63,13230.26,96969.53,1282931788.78,29317
2020-10-04,13230.26,13230.26,12089.09,12274.88,87470.9,1073695154.76,40984
2020-10-05,12274.88,12274.88,11982.73,12023.54,100913.32,1213335781.24,34556
2020-10-06,12023.54,12611.16,12023.54,12577.98,49857.23,627103035.01,25127
2020-10-07,12577.98,13140.27,11985.6,12502.18,94742.94,1184492895.29,47452
2020-10-08,12502.18,12502.18,10931.75,11098.67,69369.64,769911019.59,27085
2020-10-09,11098.67,11628.53,10591.29,11024.15,67961.78,749220554.31,31847
2020-10-10,11024.15,11202.49,10939.23,10993.01,95161.85,1046115075.16,34732
2020-10-11,10993.01,10993.01,10784.36,10971.72,61378.46,673427480.81,26211
2020-10-12,10971.72,11748.44,10971.72,11742.82,209449.75,2459530438.38,25299
2020-10-13,11742.82,12769.83,11418.85,12436.13,72713.95,904279944.07,25081
2020-10-14,12436.13,13033.62,11931.44,12579.69,130731.74,1644564375.96,34051
2020-10-15,12579.69,14677.29,12579.69,14193.26,163577.34,2321694990.57,40910
2020-10-16,14193.26,14193.26,12954.47,13212.43,85930.97,1135357099.53,26693
2020-10-17,13212.43,13289.26,12078.96,12940.06,107654.37,1393053645.4,30629
2020-10-18,12940.06,13189.68,12415.19,12947.11,47345.58,612988667.94,32587
2020-10-19,12947.11,13314.38,12947.11,13027.14,128804.56,1677955064.24,47680
2020-10-20,13027.14,13027.14,11872.5,12137.7,114077.92,1384643334.62,29688
2020-10-21,12137.7,12137.7,10797.85,10990.35,184410.39,2026735108.65,34484
2020-10-22,10990.35,11419.28,10533.35,11070.82,93898.78,1039536080.02,36228
2020-10-23,11070.82,11070.82,9841.72,10220.12,98569.53,1007392623.83,27481
2020-10-24,10220.12,10396.2,9057.35,9927.48,85753.13,851312440.74,35332
2020-10-25,9927.48,10403.4,9805.06,10066.73,51500.04,518437061.35,29991
2020-10-26,10066.73,10066.73,9034.46,9450.17,126304.69,1193600435.47,31143
2020-10-27,9450.17,9706.72,9377.62,9695.8,100952.11,978811280.47,33477
2020-10-28,9695.8,10874.78,9695.8,10642.54,120451.67,1281911955.43,35581
2020-10-29,10642.54,11635.08,10642.54,11150.71,102166.41,1139228335.79,40594
2020-10-30,11150.71,11150.71,10710.63,10930.47,91816.91,1003602228.58,32634
2020-10-31,10930.47,12743.47,10930.47,12131.55,148684.36,1803772328.19,41825
2020-11-01,12131.55,13597.69,12131.55,13592.56,98693.02,1341490913.22,28179
2020-11-02,13592.56,13592.56,12992.56,13394.91,103577.8,1387415740.59,32535
2020-11-03,13394.91,13394.91,12544.97,12929.67,49629.12,641688295.67,29910
2020-11-04,12929.67,14769.37,12929.67,13747.55,90529.24,1244555404.27,25672
2020-11-05,13747.55,13747.55,12651.21,13662.0,37511.36,512480356.12,26684
2020-11-06,13662.0,14328.48,13662.0,13808.61,44969.03,620959749.49,29354
2020-11-07,13808.61,13808.61,13498.65,13518.36,75310.55,1018075435.37,40956
2020-11-08,13518.36,14600.99,13518.36,14401.1,70916.73,1021278589.52,28285
2020-11-09,14401.1,14401.1,13412.32,13960.62,91713.96,1280383877.26,25772
2020-11-10,13960.62,14015.25,12645.22,13280.89,105252.57,1397848316.48,33691
2020-11-11,13280.89,13944.43,13280.89,13824.41,150888.24,2085941519.86,44209
2020-11-12,13824.41,14544.84,13585.78,13925.39,36311.5,505651984.2,29179
2020-11-13,13925.39,16252.24,13925.39,15559.09,93430.82,1453698161.09,26220
2020-11-14,15559.09,16390.7,15559.09,16322.69,77408.03,1263507558.21,36247
2020-11-15,16322.69,18795.96,16322.69,18170.92,89487.44,1626068892.18,31404
2020-11-16,18170.92,19168.57,18170.92,18554.1,62074.37,1151734038.74,25235
2020-11-17,18554.1,18724.75,17878.66,17903.36,61254.91,1096668615.77,32173
2020-11-18,17903.36,17903.36,17360.09,17424.94,64631.55,1126201178.14,33016
2020-11-19,17424.94,19565.75,17424.94,19414.49,136602.07,2652059743.27,27748
2020-11-20,19414.49,19848.11,19138.74,19492.39,60134.46,1172164436.93,33043
2020-11-21,19492.39,21578.39,19492.39,21228.26,169736.8,3603217291.94,29671
2020-11-22,21228.26,21228.26,20094.83,20272.22,80636.96,1634689840.66,26828
2020-11-23,20272.22,20272.22,19306.98,19565.22,42971.55,840747871.3,29749
2020-11-24,19565.22,19673.17,18052.81,19241.59,79860.37,1536640261.07,38659
2020-11-25,19241.59,19528.88,18566.36,18761.93,88422.77,1658981400.5,27961
2020-11-26,18761.93,20947.82,18761.93,19865.4,80566.95,1600494960.34,25041
2020-11-27,19865.4,20113.94,19074.04,19658.5,76317.94,1500296179.5,29680
2020-11-28,19658.5,20696.79,19005.4,19248.36,52881.81,1017888373.19,32639
2020-11-29,19248.36,19248.36,17239.36,18109.8,115010.94,2082824704.09,31598
2020-11-30,18109.8,19503.56,17784.82,18876.08,63441.08,1197518779.52,25185
2020-12-01,18876.08,18876.08,17231.0,17337.92,105816.91,1834644714.35,34280
2020-12-02,17337.92,18299.11,17337.92,18111.48,61099.12,1106595274.79,28749
2020-12-03,18111.48,18987.05,17905.06,18108.65,53650.71,971542016.7,32115
2020-12-04,18108.65,18162.35,17356.24,17687.66,74715.27,1321538481.25,30018
2020-12-05,17687.66,17687.66,17060.45,17461.48,106375.71,1857477653.07,40406
2020-12-06,17461.48,17653.64,17030.44,17279.73,63344.71,1094579318.24,28210
2020-12-07,17279.73,17279.73,16447.98,16795.69,77463.55,1301054106.28,36384
2020-12-08,16795.69,16795.69,15473.36,16203.84,105982.97,1717330850.59,37510
2020-12-09,16203.84,18437.75,16203.84,17606.87,251731.21,4432199479.29,37910
2020-12-10,17606.87,17606.87,16407.2,17259.51,77766.73,1342215551.25,40590
2020-12-11,17259.51,17259.51,16204.94,16760.44,73744.52,1235990773.55,38617
2020-12-12,16760.44,18094.07,16746.54,17236.71,78721.3,1356896471.25,32997
2020-12-13,17236.71,18321.98,16553.05,17427.84,111144.18,1937002587.75,38807
2020-12-14,17427.84,17427.84,15652.67,15720.85,334070.84,5251877106.69,44701
2020-12-15,15720.85,16438.59,15720.85,16108.21,86163.13,1387933937.02,43743
2020-12-16,16108.21,16691.53,16018.59,16558.14,148117.79,2452555538.36,45148
2020-12-17,16558.14,17085.22,16378.16,16482.44,37220.45,613483941.8,36443
2020-12-18,16482.44,18252.86,16482.44,17785.59,129147.78,2296969564.7,30333
2020-12-19,17785.59,19642.6,17785.59,18795.85,138878.09,2610331684.43,32573
2020-12-20,18795.85,20884.87,18795.85,20449.34,199768.05,4085124203.02,35004
2020-12-21,20449.34,20449.34,18755.82,19323.7,97595.44,1885904921.43,28180
2020-12-22,19323.7,21189.16,19323.7,20125.16,123224.7,2479916606.62,29168
2020-12-23,20125.16,22268.01,20125.16,20932.01,63249.31,1323935286.69,39170
2020-12-24,20932.01,21857.05,19470.92,20652.92,195274.2,4032982317.34,34043
2020-12-25,20652.92,21115.97,19783.04,19894.37,64825.91,1289670504.67,25233
2020-12-26,19894.37,21422.47,19894.37,21097.67,63162.29,1332577014.0,26676
2020-12-27,21097.67,21937.19,20756.96,21191.65,65322.07,1384282291.01,26145
2020-12-28,21191.65,23976.23,21191.65,23375.48,105293.25,2461280673.92,30606
2020-12-29,23375.48,26290.22,23375.48,25603.52,106720.52,2732421252.52,31117
2020-12-30,25603.52,25603.52,23490.01,24261.1,103763.92,2517427403.68,25361
2020-12-31,24261.1,24801.82,24261.1,24422.37,124788.5,3047630712.27,43035
2021-01-01,28765.37,30082.41,28154.24,29000.0,57819.82,1676774913.77,37876
2021-01-02,29000.0,32373.5,29000.0,30760.75,72600.71,2233252526.91,26264
2021-01-03,30760.75,31610.74,28900.41,30297.27,84865.83,2571202930.39,33640
2021-01-04,30297.27,33882.09,30297.27,33601.42,147927.06,4970559439.4,44435
2021-01-05,33601.42,35405.72,33276.05,34569.86,107475.59,3715416052.41,30552
2021-01-06,34569.86,36688.14,33539.88,35692.55,53492.73,1909291952.5,29693
2021-01-07,35692.55,38833.03,35692.55,38132.76,76553.37,2919191084.43,25582
2021-01-08,38132.76,41816.53,38132.76,39038.97,127247.44,4967609627.36,44723
2021-01-09,39038.97,44141.82,39038.97,43184.38,157990.34,6822714928.97,28970
2021-01-10,43184.38,44437.39,43184.38,43809.37,70029.2,3067935504.71,32959
2021-01-11,43809.37,44111.15,43121.64,43615.12,67060.1,2924834673.35,28143
2021-01-12,43615.12,44633.87,41360.16,43314.98,37224.51,1612378999.66,25780
2021-01-13,43314.98,43388.91,42785.27,42853.19,145552.15,6237373974.65,43357
2021-01-14,42853.19,47099.45,42853.19,46858.66,123808.64,5801506814.22,38655
2021-01-15,46858.66,50965.24,46858.66,49922.82,70425.93,3515861538.92,26840
2021-01-16,49922.82,55460.3,49922.82,52232.54,53328.35,2785475421.71,31994
2021-01-17,52232.54,58381.53,52232.54,55953.44,83100.75,4649773158.4,25974
2021-01-18,55953.44,64574.9,55953.44,63651.68,256137.78,16303599898.33,42632
2021-01-19,63651.68,63651.68,58187.93,58229.67,89500.01,5211555383.31,27478
2021-01-20,58229.67,59859.15,57442.67,59836.6,52575.88,3145961948.76,35291
2021-01-21,59836.6,62654.47,59836.6,61448.75,99033.22,6085467523.85,36709
2021-01-22,61448.75,67754.3,61448.75,64061.12,128406.65,8225873597.94,39228
2021-01-23,64061.12,74880.95,64061.12,72430.15,102219.19,7403751187.59,27939
2021-01-24,72430.15,74712.99,70602.77,74557.25,137552.71,10255551895.31,31308
2021-01-25,74557.25,89995.26,74557.25,81388.79,73867.44,6011981614.41,32882
2021-01-26,81388.79,88624.86,81388.79,83957.77,113801.43,9554515264.99,29839
2021-01-27,83957.77,88220.6,83957.77,87416.09,61070.37,5338532712.89,29753
2021-01-28,87416.09,90433.01,83915.91,87167.44,55580.69,4844826651.3,35500
2021-01-29,87167.44,87167.44,80337.46,82141.22,101176.03,8310722231.19,38479
2021-01-30,82141.22,92606.63,82141.22,92499.87,311111.23,28777748098.47,36516
2021-01-31,92499.87,98879.02,92499.87,95862.67,68907.4,6605647112.34,28672
2021-02-01,95862.67,102094.22,95862.67,99835.88,54777.87,5468796686.5,28059
2021-02-02,99835.88,108444.76,99835.88,103581.75,59319.35,6144401990.01,42303
2021-02-03,103581.75,112285.62,103581.75,111498.52,94094.81,10491431748.57,28532
2021-02-04,111498.52,111498.52,105865.23,108016.45,66692.23,7203857755.76,28120
2021-02-05,108016.45,108016.45,97805.89,102229.84,98049.3,10023564460.15,29610
2021-02-06,102229.84,102229.84,95388.09,96300.21,86354.71,8315976388.31,32742
2021-02-07,96300.21,96300.21,89751.27,93239.72,67732.47,6315356511.93,30002
2021-02-08,93239.72,93239.72,74928.79,82797.3,190663.38,15786413787.16,26796
2021-02-09,82797.3,86272.77,82797.3,85895.17,58487.48,5023792094.24,25998
2021-02-10,85895.17,91268.26,83571.1,84191.51,61748.73,5198718719.95,32756
2021-02-11,84191.51,86060.1,79381.66,84527.96,108885.94,9203906547.39,49048
2021-02-12,84527.96,92043.36,84527.96,90516.14,173165.26,15674250471.4,29685
2021-02-13,90516.14,105208.61,90516.14,104275.96,214737.96,22392006347.17,31700
2021-02-14,104275.96,108236.73,101583.07,102230.53,69070.9,7061154324.15,29512
2021-02-15,102230.53,103325.23,96818.69,100425.27,43757.81,4394389987.09,29033
2021-02-16,100425.27,110448.01,98039.77,102592.4,77811.24,7982841759.86,31166
2021-02-17,102592.4,104908.99,101311.45,103259.3,66916.59,6909759965.88,35757
2021-02-18,103259.3,130668.15,103259.3,121066.24,183918.83,22266359979.04,28109
2021-02-19,121066.24,121066.24,109020.69,112185.63,183312.62,20565042706.59,38491
2021-02-20,112185.63,118682.06,112185.63,116688.71,121807.54,14213564835.8,34807
2021-02-21,116688.71,121410.82,112887.67,114286.57,67408.57,7703893933.52,44172
2021-02-22,114286.57,114286.57,95312.63,98292.68,196741.83,19338282027.93,27642
2021-02-23,98292.68,100114.04,96980.11,100058.3,40423.06,4044662722.99,27135
2021-02-24,100058.3,105223.14,97557.9,101033.69,82548.97,8340227126.78,33727
2021-02-25,101033.69,115495.5,101033.69,108556.71,184987.38,20081621609.03,37249
2021-02-26,108556.71,114676.17,107987.05,112291.51,56120.74,6301882584.25,25297
2021-02-27,112291.51,120838.93,111563.12,114553.7,49115.37,5626347605.41,38992
2021-02-28,114553.7,114553.7,89281.92,91106.44,342052.62,31163195812.54,39289
2021-03-01,91106.44,95508.98,91106.44,93242.11,116382.0,10851703188.21,38643
2021-03-02,93242.11,99329.4,92889.15,96430.14,100292.61,9671230455.62,33179
2021-03-03,96430.14,96430.14,83564.75,86150.49,102377.75,8819893561.84,31079
2021-03-04,86150.49,91813.06,86150.49,91476.59,63816.09,5837678341.16,31608
2021-03-05,91476.59,110736.97,91476.59,106619.46,140748.92,15006573199.64,27547
2021-03-06,106619.46,108367.77,104556.79,106399.76,74927.53,7972271113.69,33491
2021-03-07,106399.76,114846.04,106399.76,111862.15,84849.59,9491456924.33,31374
2021-03-08,111862.15,111862.15,110603.73,111545.24,99887.47,11141972083.31,61883
2021-03-09,111545.24,126341.58,111545.24,124573.1,162994.09,20304679449.01,35800
2021-03-10,124573.1,146572.61,124573.1,138892.45,97798.06,13583411599.26,28939
2021-03-11,138892.45,145818.63,138892.45,143193.49,191547.51,27428355625.71,32318
2021-03-12,143193.49,143193.49,131912.19,137249.31,52300.5,7178207364.34,29919
2021-03-13,137249.31,137249.31,127509.84,132531.32,120394.21,15956003775.2,33533
2021-03-14,132531.32,146101.25,132531.32,142443.26,73382.43,10452832475.57,29177
2021-03-15,142443.26,154842.79,142443.26,152840.02,80517.57,12306306398.38,43284
2021-03-16,152840.02,152840.02,126952.75,128991.72,170518.62,21995489598.13,25077
2021-03-17,128991.72,128991.72,116912.73,125067.8,87888.3,10991996425.61,45444
2021-03-18,125067.8,131884.61,122005.74,126951.1,65126.49,8267880145.51,28844
2021-03-19,126951.1,126951.1,119972.99,124745.49,104942.16,13091061663.76,28334
2021-03-20,124745.49,130040.38,117167.43,120416.46,135794.75,16351923078.95,33395
2021-03-21,120416.46,130447.55,120416.46,129782.19,147013.44,19079726464.65,31628
2021-03-22,129782.19,130213.49,122608.72,127239.0,71288.08,9070624157.48,29840
2021-03-23,127239.0,131040.12,127239.0,130845.63,128120.08,16763952478.19,45149
2021-03-24,130845.63,141651.11,130845.63,140180.06,104186.97,14604934915.09,32424
2021-03-25,140180.06,175275.72,140180.06,153964.37,157115.43,24190179125.33,33758
2021-03-26,153964.37,153964.37,144543.05,145666.75,167659.34,24422390599.4,40422
2021-03-27,145666.75,145666.75,135992.48,138461.87,84799.12,11741445137.52,30430
2021-03-28,138461.87,142408.74,138461.87,141406.96,117556.02,16623239553.71,30969
2021-03-29,141406.96,141406.96,123990.0,126781.09,219316.93,27805239806.49,39556
2021-03-30,126781.09,127116.15,118909.64,120829.46,128682.57,15548645752.91,33507
2021-03-31,120829.46,136547.95,120829.46,131183.52,103268.01,13547060677.52,34945
2021-04-01,131183.52,138811.58,129748.36,137321.98,60146.48,8259434149.69,25477
2021-04-02,137321.98,141808.0,135761.8,137397.72,71573.01,9833968106.94,38331
2021-04-03,137397.72,144166.01,135938.12,142446.89,69926.47,9960807584.29,31675
2021-04-04,142446.89,156250.3,142446.89,149760.32,107385.41,16082072312.25,37357
2021-04-05,149760.32,149760.32,138125.25,138949.35,141401.31,19647620663.61,25125
2021-04-06,138949.35,143284.33,129933.22,136088.06,111009.61,15107082531.72,41158
2021-04-07,136088.06,159025.5,136088.06,158075.2,127131.89,20096397650.04,27434
2021-04-08,158075.2,173204.49,158075.2,173193.3,368068.61,63747017252.37,41717
2021-04-09,173193.3,180412.01,173193.3,177066.94,94319.09,16700793235.42,31151
2021-04-10,177066.94,182597.38,177066.94,181675.78,87707.8,15934383886.64,30994
2021-04-11,181675.78,188066.63,173565.49,182662.52,73318.27,13392500447.54,27933
2021-04-12,182662.52,182662.52,165702.74,165833.36,138021.72,22888605737.49,28169
2021-04-13,165833.36,165833.36,160881.91,161195.26,50441.68,8130960462.83,26255
2021-04-14,161195.26,180978.81,158266.84,166491.63,149695.65,24923072187.54,37981
2021-04-15,62179.79,64748.98,61876.7,64000.0,48389.27,3096912985.26,25544
2021-04-16,64000.0,67331.2,61805.23,66492.2,102003.12,6782412388.18,36297
2021-04-17,66492.2,68616.03,64455.94,65830.41,101361.64,6672678336.8,42361
2021-04-18,65830.41,65830.41,57390.93,59532.72,197763.11,11773375047.37,29246
2021-04-19,59532.72,66544.88,59532.72,65261.45,125055.29,8161288963.57,29406
2021-04-20,65261.45,67795.18,64674.66,65611.63,112696.78,7394219345.07,47545
2021-04-21,65611.63,72977.04,65611.63,68645.27,84799.21,5821064812.22,38030
2021-04-22,68645.27,68645.27,60633.43,64170.49,80233.11,5148598051.47,25349
2021-04-23,64170.49,64334.58,58570.96,61068.19,41586.58,2539617334.35,26884
2021-04-24,61068.19,65877.05,60615.8,61958.04,62198.64,3853705576.92,35728
2021-04-25,61958.04,72840.8,61958.04,66475.54,159786.57,10621898886.06,50773
2021-04-26,66475.54,66475.54,55532.86,58825.5,70751.06,4161965905.43,30343
2021-04-27,58825.5,65296.73,58825.5,62562.19,98960.42,6191180425.49,48525
2021-04-28,62562.19,66398.54,61264.21,62941.77,99580.19,6267753946.05,36826
2021-04-29,62941.77,62941.77,52260.33,55143.22,113532.2,6260531062.75,27022
2021-04-30,55143.22,60332.88,55143.22,57197.96,54607.78,3123453749.96,26448
2021-05-01,57197.96,59666.68,57159.76,59577.8,116279.41,6927671115.98,36133
2021-05-02,59577.8,60309.27,58803.22,59237.89,56399.28,3340974172.16,36050
2021-05-03,59237.89,59237.89,56273.04,56695.84,78852.26,4470595181.83,26412
2021-05-04,56695.84,56695.84,53095.39,53262.82,38315.95,2040815243.47,33180
2021-05-05,53262.82,61338.76,52736.97,54405.44,52599.16,2861680411.44,32431
2021-05-06,54405.44,54405.44,49151.64,49514.64,138002.9,6833163861.43,38518
2021-05-07,49514.64,54546.38,49514.64,53862.39,114323.8,6157752764.05,30243
2021-05-08,53862.39,53862.39,47422.64,50643.96,108290.95,5484282101.66,35485
2021-05-09,50643.96,50643.96,44131.4,44186.23,75481.41,3335238837.52,26383
2021-05-10,44186.23,48674.15,44186.23,46661.72,155764.31,7268230685.77,43983
2021-05-11,46661.72,53514.82,46138.74,48503.51,87902.12,4263561687.6,46460
2021-05-12,48503.51,52350.27,48503.51,49119.03,79258.45,3893098048.08,28160
2021-05-13,49119.03,52233.46,49119.03,52155.9,155823.71,8127126425.48,45032
2021-05-14,52155.9,52155.9,46932.71,48521.11,157195.87,7627318122.31,36759
2021-05-15,48521.11,52721.31,48231.44,51280.09,83059.07,4259276493.02,29789
2021-05-16,51280.09,55123.61,51280.09,54035.91,154419.0,8344170690.78,33653
2021-05-17,54035.91,57332.43,53184.01,56956.78,114245.71,6507067880.01,36883
2021-05-18,56956.78,59939.24,56956.78,58391.62,112101.18,6545769774.0,25219
2021-05-19,58391.62,58391.62,52466.59,54215.91,90000.04,4879433898.86,35279
2021-05-20,54215.91,54215.91,51811.73,52506.42,98707.76,5182791435.61,28332
2021-05-21,52506.42,66428.48,52506.42,61375.21,359898.07,22088819592.83,39085
2021-05-22,61375.21,63020.82,56164.09,59539.4,152637.42,9087940613.99,42664
2021-05-23,59539.4,59825.09,58590.32,58704.5,51386.66,3016628489.01,27392
2021-05-24,58704.5,58779.11,58026.44,58133.84,66475.77,3864491765.46,38744
2021-05-25,58133.84,58133.84,53227.36,53389.38,159659.98,8524146864.27,25781
2021-05-26,53389.38,53401.64,51496.26,52625.18,71445.66,3759840861.47,27003
2021-05-27,52625.18,55277.18,52625.18,54788.66,75269.87,4123935751.61,28770
2021-05-28,54788.66,54788.66,52276.12,53492.03,61233.4,3275498553.08,34252
2021-05-29,53492.03,57069.41,52863.04,53120.78,48941.45,2599808209.95,26553
2021-05-30,53120.78,53120.78,48971.6,51325.28,113724.83,5836959017.32,32232
2021-05-31,51325.28,58724.93,51325.28,57396.87,138559.75,7952895719.29,30733
2021-06-01,57396.87,63803.46,57396.87,60714.13,119436.38,7251475230.71,41267
2021-06-02,60714.13,64813.02,60714.13,62805.02,77572.83,4871963058.53,26188
2021-06-03,62805.02,62805.02,54381.19,55418.38,157112.11,8706898387.66,26957
2021-06-04,55418.38,56849.19,53481.86,54512.7,98978.61,5395591744.4,27310
2021-06-05,54512.7,56916.45,54489.51,55887.27,99336.31,5551634767.79,32944
2021-06-06,55887.27,55887.27,49081.94,51835.23,82510.43,4276947094.93,27115
2021-06-07,51835.23,57114.67,51835.23,53483.97,78157.33,4180164266.17,31026
2021-06-08,53483.97,53483.97,45631.19,49501.04,120794.57,5979456566.48,38379
2021-06-09,49501.04,49501.04,45584.87,48427.73,41714.74,2020149903.77,29650
2021-06-10,48427.73,52051.42,47527.69,50417.27,76103.82,3836946653.13,38557
2021-06-11,50417.27,51827.28,48582.02,50400.17,66861.48,3369829803.12,40039
2021-06-12,50400.17,50400.17,48198.51,49128.28,81127.44,3985651996.77,28293
2021-06-13,49128.28,53351.43,49128.28,53342.94,152311.84,8124761052.79,39198
2021-06-14,53342.94,57042.63,53307.09,54949.92,105656.96,5805841710.79,44682
2021-06-15,54949.92,60115.44,54061.36,56677.98,92842.68,5262135258.47,30804
2021-06-16,56677.98,61985.76,56677.98,60520.15,98640.74,5969751853.72,40505
2021-06-17,60520.15,66630.93,59999.15,61607.79,71137.95,4382652199.3,35663
2021-06-18,61607.79,61876.27,58281.14,58798.56,59072.34,3473368662.13,27523
2021-06-19,58798.56,60761.25,58798.56,59573.83,60481.94,3603141370.83,32459
2021-06-20,59573.83,59573.83,50333.01,54230.89,113415.99,6150650356.47,27740
2021-06-21,54230.89,54318.09,49396.65,52961.81,37938.42,2009287364.24,25185
2021-06-22,52961.81,53288.18,50252.6,53017.08,42884.63,2273617895.98,34984
2021-06-23,53017.08,58379.51,51863.23,54236.02,159864.3,8670403600.31,39985
2021-06-24,54236.02,58524.82,52406.31,55878.44,106248.44,5936997038.08,27740
2021-06-25,55878.44,55878.44,52220.78,54466.67,71243.27,3880383680.6,34184
2021-06-26,54466.67,54466.67,48130.04,49989.16,78644.78,3931386339.89,29195
2021-06-27,49989.16,49989.16,45916.88,46424.32,137277.44,6373012133.08,41759
2021-06-28,46424.32,46424.32,39146.62,40603.73,133773.69,5431710366.12,37493
2021-06-29,40603.73,40603.73,37314.28,38861.49,81151.08,3153651989.59,31374
2021-06-30,38861.49,38861.49,33367.34,35330.09,129612.28,4579213647.53,36163
2021-07-01,35330.09,36007.76,32415.59,33953.95,67020.66,2275616097.07,29748
2021-07-02,33953.95,35442.89,32672.14,34539.99,65992.56,2279382290.84,31353
2021-07-03,34539.99,34539.99,30539.93,31742.46,100888.22,3202440388.13,31842
2021-07-04,31742.46,33175.14,31298.56,31660.13,37592.09,1190170723.84,37247
2021-07-05,31660.13,33237.16,30602.57,30839.72,83033.33,2560724168.1,45094
2021-07-06,30839.72,31853.05,30190.62,31262.56,39653.74,1239677322.45,26893
2021-07-07,31262.56,32501.51,31262.56,32167.99,79613.76,2561014223.98,30882
2021-07-08,32167.99,32167.99,28861.59,29834.48,66124.72,1972796732.87,30236
2021-07-09,29834.48,29834.48,28746.91,29596.3,85489.9,2530184431.94,26437
2021-07-10,29596.3,30042.9,28078.67,29534.65,99347.37,2934189728.68,35114
2021-07-11,29534.65,32136.37,29534.65,30102.29,88898.81,2676057672.07,48220
2021-07-12,30102.29,30283.0,28798.54,29537.84,48548.49,1434017285.97,25544
2021-07-13,29537.84,30074.51,28952.8,29357.05,69325.77,2035200509.07,30862
2021-07-14,29357.05,31162.01,29357.05,30253.07,60718.43,1836918857.83,30169
2021-07-15,30253.07,30253.07,25834.3,26978.9,73623.37,1986277113.67,31137
2021-07-16,26978.9,27954.28,26978.9,27549.26,76963.21,2120279213.06,26388
2021-07-17,27549.26,27549.26,27192.12,27333.11,79689.19,2178152901.94,26631
2021-07-18,27333.11,29839.97,27333.11,29042.09,71375.3,2072887881.81,25888
2021-07-19,29042.09,29042.09,26336.23,27452.79,88405.47,2426976417.19,34705
2021-07-20,27452.79,29000.41,27452.79,28887.62,101486.07,2931691167.0,29331
2021-07-21,29059.68,29565.52,28510.73,29000.0,46062.52,1335813089.02,26866
2021-07-22,29000.0,29000.0,26147.63,27484.11,59338.23,1630858553.08,27150
2021-07-23,27484.11,27484.11,25235.22,25962.49,108952.53,2828679217.4,33555
2021-07-24,25962.49,25962.49,23728.04,24110.46,146798.64,3539381997.71,32501
2021-07-25,24110.46,25257.27,24047.15,24254.33,77143.08,1871053693.41,35320
2021-07-26,24254.33,24737.5,22244.93,23035.53,92517.05,2131179601.71,30261
2021-07-27,23035.53,23507.47,21626.5,23091.01,114866.22,2652377418.21,38058
2021-07-28,23091.01,25580.1,23068.73,25224.01,204001.84,5145744900.79,37277
2021-07-29,25224.01,25224.01,23339.13,24248.84,67445.36,1635471929.47,25219
2021-07-30,24248.84,25393.25,24150.19,24614.74,65983.94,1624177475.87,28108
2021-07-31,24614.74,26150.93,23144.53,24807.37,61207.72,1518402554.11,38449
2021-08-01,24807.37,24807.37,22370.89,22912.11,132221.89,3029483023.99,43542
2021-08-02,22912.11,22912.11,21557.35,21969.05,100372.65,2205091904.23,36600
2021-08-03,21969.05,21969.05,19946.12,20529.26,99792.83,2048672848.82,33289
2021-08-04,20529.26,21283.2,19333.71,20481.4,61753.63,1264801054.17,45078
2021-08-05,20481.4,23396.6,20481.4,23060.47,94320.97,2175085862.59,30324
2021-08-06,23060.47,23060.47,21726.76,22391.87,102215.41,2288794106.68,33705
2021-08-07,22391.87,22689.74,21964.75,22012.61,49381.37,1087012686.49,37246
2021-08-08,22012.61,22012.61,18421.13,19106.45,133950.28,2559314814.16,25161
2021-08-09,19106.45,19106.45,17239.23,17254.2,121385.35,2094406937.83,39655
2021-08-10,17254.2,17995.98,17254.2,17704.39,61741.09,1093088210.62,27017
2021-08-11,17704.39,17704.39,16719.69,17471.76,46451.76,811593827.86,27884
2021-08-12,17471.76,18424.05,17471.76,17911.55,101755.27,1822594726.63,47565
2021-08-13,17911.55,17911.55,16604.39,16610.33,73047.63,1213345217.09,27798
2021-08-14,16610.33,16610.33,15830.35,16230.33,49949.89,810703242.88,33363
2021-08-15,16230.33,19555.95,16230.33,18448.77,125651.51,2318116074.7,27716
2021-08-16,18448.77,19593.97,18448.77,19590.37,145901.16,2858257180.74,36338
2021-08-17,19590.37,19590.37,18929.64,19134.22,93365.96,1786484947.23,41624
2021-08-18,19134.22,19383.4,18363.82,18659.51,135188.76,2522556409.94,34952
2021-08-19,18659.51,18659.51,16840.91,17479.55,77251.75,1350326110.97,29185
2021-08-20,17479.55,17479.55,16415.76,17193.54,89236.79,1534296187.24,42543
2021-08-21,17193.54,18306.57,17193.54,17872.9,104273.07,1863661871.03,33491
2021-08-22,17872.9,19353.37,17872.9,18390.28,126735.13,2330695190.29,41064
2021-08-23,18390.28,18390.28,18018.25,18139.06,101764.41,1845910852.67,35478
2021-08-24,18139.06,18139.06,17262.03,17377.52,93469.0,1624259580.01,29595
2021-08-25,17377.52,18028.56,17047.93,17331.37,67124.41,1163357761.66,31575
2021-08-26,17331.37,18227.32,17147.23,17264.86,72994.91,1260246793.41,34187
2021-08-27,17264.86,18691.16,17264.86,18186.52,55412.58,1007762102.33,25329
2021-08-28,18186.52,18643.18,18186.52,18556.99,92231.27,1711534300.68,33074
2021-08-29,18556.99,19001.79,18330.17,18791.74,111379.33,2093010854.88,48425
2021-08-30,18791.74,21047.89,18791.74,20272.21,96474.93,1955760052.95,25847
2021-08-31,20272.21,22627.79,20272.21,22340.13,89624.03,2002212360.07,29049
2021-09-01,22340.13,23028.08,22340.13,22970.93,88117.92,2024150887.58,43751
2021-09-02,22970.93,23777.57,22970.93,23652.8,89175.96,2109260699.42,29476
2021-09-03,23652.8,25492.03,23427.86,23677.22,34335.81,812976378.44,30158
2021-09-04,23677.22,23677.22,21641.46,22781.16,81894.95,1865661696.37,25549
2021-09-05,22781.16,24611.89,22781.16,24111.26,92436.52,2228760872.45,41327
2021-09-06,24111.26,27099.38,23958.87,25212.88,67696.14,1706814570.67,29855
2021-09-07,25212.88,25578.44,24649.21,25349.49,50576.81,1282096256.14,34247
2021-09-08,25349.49,26426.08,25349.49,25870.35,78706.81,2036172702.3,29995
2021-09-09,25870.35,29194.24,25870.35,27789.22,88660.18,2463797739.11,25937
2021-09-10,27789.22,30680.8,27789.22,30159.64,98530.52,2971645286.96,28229
2021-09-11,30159.64,30159.64,24655.92,26679.99,77573.71,2069666074.78,26278
2021-09-12,26679.99,28239.71,25669.96,25968.92,86753.09,2252883724.1,27394
2021-09-13,25968.92,27035.41,25361.38,26104.98,46104.62,1203560449.66,34025
2021-09-14,26104.98,26104.98,22561.17,22997.02,106486.34,2448868571.56,25463
2021-09-15,22997.02,23526.09,22997.02,23504.3,48801.55,1147045983.76,25768
2021-09-16,23504.3,23653.23,22210.69,22360.73,77105.64,1724138686.63,25574
2021-09-17,22360.73,22360.73,19060.85,19785.45,108851.98,2153684945.0,26040
2021-09-18,19785.45,19871.58,19226.73,19499.28,82088.86,1600673513.33,29425
2021-09-19,19499.28,21538.38,19499.28,21434.59,106805.55,2289333273.1,29336
2021-09-20,21434.59,21434.59,20489.71,20691.89,111809.18,2313543525.57,33171
2021-09-21,20691.89,21684.18,19720.94,21493.93,85786.33,1843885309.18,27433
2021-09-22,21493.93,21567.89,20487.73,21144.4,136879.48,2894234566.59,46220
2021-09-23,21144.4,24302.62,21144.4,23340.15,92227.99,2152614906.69,30786
2021-09-24,23340.15,24878.02,23340.15,24592.64,109191.03,2685295213.82,30565
2021-09-25,24592.64,24592.64,22387.94,23544.93,58442.98,1376035613.88,28896
2021-09-26,23544.93,24348.11,23320.44,24003.04,63836.28,1532264622.22,26726
2021-09-27,24003.04,24202.16,23192.89,23955.49,61508.67,1473470243.97,43304
2021-09-28,23955.49,28243.06,23955.49,26590.81,158801.49,4222660361.99,30310
2021-09-29,26590.81,28280.93,25062.93,26539.16,57326.21,1521389759.33,37647
2021-09-30,26539.16,26539.16,24565.09,24990.99,128695.94,3216238367.36,34704
2021-10-01,24990.99,25880.49,23327.01,24890.4,54151.61,1347855087.81,36563
2021-10-02,24890.4,28335.45,24890.4,27640.91,151074.75,4175843402.33,25702
2021-10-03,27640.91,30671.34,27640.91,29827.75,132679.12,3957519122.7,35219
2021-10-04,29827.75,30893.1,29827.75,30289.04,112975.87,3421930727.78,38094
2021-10-05,30289.04,30289.04,28771.47,28885.98,182809.68,5280636002.81,44182
2021-10-06,28885.98,30817.45,28885.98,30376.13,69184.34,2101552513.12,26806
2021-10-07,30376.13,30376.13,28051.03,28772.19,84909.82,2443041812.7,30167
2021-10-08,28772.19,29656.02,28772.19,29531.41,74887.28,2211527180.05,31178
2021-10-09,29531.41,31231.48,29531.41,30879.65,138588.76,4279571914.7,26655
2021-10-10,30879.65,30879.65,28094.98,28970.98,78542.75,2275460667.79,35474
2021-10-11,28970.98,30499.08,27958.94,28904.63,82661.71,2389306100.3,37896
2021-10-12,28904.63,31058.92,28904.63,29828.57,154652.73,4613069420.78,29916
2021-10-13,29828.57,33074.63,28474.67,31059.05,106510.29,3308108173.85,25599
2021-10-14,31059.05,33741.05,31059.05,32430.36,100130.12,3247255968.57,35799
2021-10-15,32430.36,32430.36,30381.62,31470.24,114426.31,3601023938.05,42114
2021-10-16,31470.24,31829.61,29819.21,30903.37,61039.51,1886326175.2,29405
2021-10-17,30903.37,30903.37,30229.88,30416.05,61240.83,1862704320.87,38025
2021-10-18,30416.05,30416.05,25418.54,26560.24,184775.28,4907675183.36,29277
2021-10-19,26560.24,30338.87,26560.24,28949.06,169634.9,4910770668.71,35290
2021-10-20,28949.06,29663.51,27803.2,28916.63,62534.04,1808273734.96,32694
2021-10-21,28916.63,32033.31,28916.63,30921.79,122087.61,3775167213.16,33155
2021-10-22,30921.79,34127.12,30921.79,33217.65,61349.28,2037879005.32,26288
2021-10-23,33217.65,33217.65,31743.33,31802.32,113844.16,3620508263.03,34140
2021-10-24,31802.32,31802.32,30122.78,30975.98,77388.95,2397198596.8,35764
2021-10-25,30975.98,32132.28,29448.12,31205.27,98274.06,3066668181.61,35357
2021-10-26,31205.27,31352.15,29048.97,30006.9,149743.89,4493349819.67,35468
2021-10-27,30006.9,30006.9,27969.88,28807.85,115397.9,3324365782.24,35446
2021-10-28,28807.85,29737.51,28227.57,29023.32,89813.92,2606698377.61,28748
2021-10-29,29023.32,29023.32,27434.91,28280.48,111464.22,3152262089.34,39031
2021-10-30,28280.48,30751.8,28280.48,30183.62,112859.49,3406508523.16,36057
2021-10-31,30183.62,30183.62,26114.81,29040.06,83044.81,2411626145.9,27524
2021-11-01,29040.06,30380.68,28949.92,29262.91,58520.89,1712491525.87,26899
2021-11-02,29262.91,31664.71,29262.91,30445.91,64857.76,1974653436.77,31399
2021-11-03,30445.91,30445.91,28805.46,29953.66,100539.02,3011511228.35,27146
2021-11-04,29953.66,29953.66,26914.95,28477.02,101689.4,2895810923.57,35673
2021-11-05,28477.02,28792.55,28166.37,28735.48,43617.78,1253377652.34,32385
2021-11-06,28735.48,31197.61,28735.48,30810.66,83118.8,2560945418.95,29706
2021-11-07,30810.66,32938.69,30810.66,32804.3,69214.48,2270532448.91,26941
2021-11-08,32804.3,36046.64,32804.3,35329.24,101754.11,3594895048.76,31514
2021-11-09,35329.24,38805.07,35329.24,37585.28,88227.54,3316056693.66,40198
2021-11-10,37585.28,42286.0,37585.28,40811.65,105547.05,4307549339.7,45211
2021-11-11,68197.28,69508.3,66127.86,67500.0,100792.43,6803489336.67,34944
2021-11-12,67500.0,76065.45,67500.0,70746.72,52026.52,3680705743.52,27739
2021-11-13,70746.72,80847.22,70746.72,79315.25,130710.44,10367331097.31,35503
2021-11-14,79315.25,79315.25,74703.59,74707.95,91208.15,6813974032.96,26771
2021-11-15,74707.95,74707.95,71257.82,72366.96,102529.66,7419759664.29,42047
2021-11-16,72366.96,72366.96,63595.48,64787.82,145527.61,9428416806.03,29168
2021-11-17,64787.82,69548.39,64787.82,68969.46,92638.79,6389246734.26,30755
2021-11-18,68969.46,68969.46,66483.66,67236.6,116995.1,7866352952.48,30737
2021-11-19,67236.6,68698.91,64544.71,65815.22,77099.49,5074320364.99,26020
2021-11-20,65815.22,77849.77,65815.22,74913.41,83859.94,6282234095.21,25638
2021-11-21,74913.41,81499.27,74913.41,78620.49,61113.99,4804812214.68,28422
2021-11-22,78620.49,78620.49,73152.0,74833.35,150729.15,11279566495.5,36512
2021-11-23,74833.35,74833.35,68313.48,71477.39,64582.63,4616197694.82,30334
2021-11-24,71477.39,73126.81,71477.39,71930.62,57578.12,4141630154.51,28884
2021-11-25,71930.62,71930.62,64314.59,64712.15,61575.76,3984699783.26,25661
2021-11-26,64712.15,67925.0,64712.15,66973.9,83688.22,5604926780.62,41102
2021-11-27,66973.9,69305.13,63508.25,64937.18,54861.99,3562582529.27,28465
2021-11-28,64937.18,64937.18,55201.33,58342.64,74810.86,4364663578.82,39141
2021-11-29,58342.64,64664.3,58342.64,63606.34,97725.57,6215966153.14,29760
2021-11-30,63606.34,70443.25,63606.34,69729.82,226341.69,15782764519.72,42047
2021-12-01,69729.82,69729.82,60916.16,61460.84,95793.43,5887544565.25,33865
2021-12-02,61460.84,61460.84,56281.33,58793.85,72275.41,4249349550.64,30328
2021-12-03,58793.85,61218.03,56133.09,58624.97,43489.01,2549542331.55,27690
2021-12-04,58624.97,60263.08,58624.97,59372.76,80357.81,4771065048.11,26885
2021-12-05,59372.76,64789.95,58106.94,61318.31,61426.86,3766591574.53,26808
2021-12-06,61318.31,61318.31,56024.42,59706.31,62639.02,3739944569.68,25195
2021-12-07,59706.31,63703.49,59706.31,62222.34,106532.47,6628699851.48,26326
2021-12-08,62222.34,73171.21,62222.34,69794.36,143816.39,10037572296.03,41711
2021-12-09,69794.36,69794.36,64918.17,66771.58,73232.41,4889843830.65,25654
2021-12-10,66771.58,74923.86,66771.58,71997.4,130536.69,9398302190.03,32634
2021-12-11,71997.4,74725.4,68735.67,72106.26,66555.53,4799069979.11,41755
2021-12-12,72106.26,72106.26,63186.66,64184.27,170999.21,10975460035.6,38148
2021-12-13,64184.27,64184.27,57181.12,58927.93,300151.63,17687313009.15,35958
2021-12-14,58927.93,58927.93,52423.83,56186.79,140575.38,7898479355.74,39937
2021-12-15,56186.79,57841.24,54408.31,56267.05,59779.77,3363631416.96,31734
2021-12-16,56267.05,56267.05,48867.46,52114.97,159725.77,8324104360.45,29339
2021-12-17,52114.97,55098.3,50757.48,52619.95,63751.02,3354575020.56,35331
2021-12-18,52619.95,55221.71,50849.46,51632.69,59904.94,3093052976.53,28976
2021-12-19,51632.69,54853.44,51632.69,54250.44,60999.54,3309251738.77,26064
2021-12-20,54250.44,56489.24,54250.44,55079.47,131656.36,7251562623.59,50216
2021-12-21,55079.47,56427.59,55079.47,55637.22,61056.72,3397026079.93,33917
2021-12-22,55637.22,55637.22,51032.66,53994.18,135308.19,7305855184.86,29070
2021-12-23,53994.18,55977.21,52550.63,54007.88,66922.83,3614359690.58,32100
2021-12-24,54007.88,55496.52,52608.95,53412.84,87232.06,4659311782.42,33468
2021-12-25,53412.84,55711.23,50435.37,52275.03,106975.62,5592153610.52,34373
2021-12-26,52275.03,52275.03,48516.05,48902.16,206982.17,10121874961.77,35323
2021-12-27,48902.16,53190.47,48902.16,51396.48,75126.9,3861258355.8,25862
2021-12-28,51396.48,54164.05,50726.58,51249.32,62601.37,3208277914.46,34972
2021-12-29,51249.32,54909.02,51249.32,52780.56,77711.34,4101648136.42,29061
2021-12-30,52780.56,55780.98,49962.03,52630.82,46338.17,2438816093.89,28619
2021-12-31,52630.82,52988.32,50565.96,50977.71,124670.06,6355393466.07,31067
2022-01-01,50977.71,50977.71,46872.45,47851.94,126748.09,6065141584.03,33717
2022-01-02,47851.94,47851.94,44809.97,47111.79,63254.11,2980014177.77,27122
2022-01-03,47111.79,47111.79,42534.06,43989.49,130331.59,5733219508.69,25775
2022-01-04,43989.49,44721.87,43962.0,44011.19,59080.67,2600210188.92,26617
2022-01-05,44011.19,44011.19,37759.39,38596.7,139242.55,5374302228.49,28318
2022-01-06,38596.7,41079.27,38596.7,40375.61,40764.34,1645885104.31,26682
2022-01-07,40375.61,40375.61,21918.23,22445.52,313891.65,7045462416.2,32475
2022-01-08,22445.52,22445.52,20699.22,21787.98,100324.32,2185864442.4,39137
2022-01-09,21787.98,23067.5,21787.98,22952.09,111427.36,2557491204.22,40008
2022-01-10,22952.09,22952.09,20688.9,21428.13,60779.18,1302384357.54,28692
2022-01-11,21428.13,21428.13,20360.75,20797.78,57480.37,1195463880.92,28310
2022-01-12,20797.78,23440.09,20797.78,22590.33,122928.71,2776999586.95,37218
2022-01-13,22590.33,23084.1,22590.33,22953.88,56774.23,1303188629.14,35674
2022-01-14,22953.88,26345.5,22953.88,25409.07,93457.93,2374679122.26,28666
2022-01-15,25409.07,27691.18,25059.74,26003.74,78773.55,2048406488.2,33083
2022-01-16,26003.74,28997.72,26003.74,27459.25,83092.73,2281664110.99,25312
2022-01-17,27459.25,27459.25,26078.11,26682.96,65045.89,1735616843.47,29751
2022-01-18,26682.96,29801.93,26682.96,29123.25,68818.55,2004219414.26,28933
2022-01-19,29123.25,30370.97,29123.25,30145.14,81205.26,2447944080.67,43054
2022-01-20,30145.14,30178.29,29304.7,29718.4,87114.89,2588915113.11,38558
2022-01-21,29718.4,33042.78,29718.4,31980.91,70865.78,2266352423.03,29046
2022-01-22,31980.91,34086.8,31011.09,33008.67,78726.23,2598648107.79,28842
2022-01-23,33008.67,33027.67,32389.43,32731.88,65788.21,2153372127.86,27802
2022-01-24,33771.62,35763.86,33589.07,34000.0,78839.9,2680556507.19,29068
2022-01-25,34000.0,35289.14,33255.0,34190.09,74113.36,2533942577.16,31478
2022-01-26,34190.09,34190.09,33332.18,33496.53,56469.95,1891547335.8,33918
2022-01-27,33496.53,35457.96,33496.53,34812.98,105404.02,3669427996.84,49015
2022-01-28,34812.98,38556.26,34567.55,36489.88,70382.52,2568249679.98,25973
2022-01-29,36489.88,36978.15,36226.83,36293.6,80475.35,2920740144.71,39067
2022-01-30,36293.6,37182.68,35125.53,35709.88,38196.75,1364001483.73,27407
2022-01-31,35709.88,36461.9,35709.88,36095.5,53233.19,1921478660.15,25637
2022-02-01,36095.5,36095.5,33957.96,34421.27,81372.3,2800937566.96,25288
2022-02-02,34421.27,35235.84,33985.25,35031.9,79268.11,2776912665.96,31769
2022-02-03,35031.9,36406.33,34549.68,34943.95,93589.44,3270384917.26,38049
2022-02-04,34943.95,38160.37,34943.95,36309.0,72158.17,2619991233.15,26351
2022-02-05,36309.0,36616.47,36002.45,36339.37,46049.16,1673397429.94,27270
2022-02-06,36339.37,37378.67,36003.93,36114.52,46385.06,1675174086.27,28825
2022-02-07,36114.52,36114.52,33471.69,33641.22,71517.67,2405941447.04,28884
2022-02-08,33641.22,36153.97,33641.22,34624.27,75689.1,2620680022.18,39846
2022-02-09,34624.27,36779.0,34624.27,35234.02,52341.32,1844195134.08,25070
2022-02-10,35234.02,36317.92,34064.66,34985.34,55506.03,1941897493.5,32756
2022-02-11,34985.34,35745.2,33075.52,34800.57,84262.35,2932377958.6,40235
2022-02-12,34800.57,34800.57,34044.17,34492.66,130306.11,4494604454.13,28017
2022-02-13,34492.66,34526.93,34101.98,34315.14,71959.22,2469290407.97,32969
2022-02-14,34315.14,36090.83,34315.14,35496.52,99623.8,3536298668.1,39892
2022-02-15,35496.52,37180.38,35496.52,36734.64,79565.57,2922812581.33,25065
2022-02-16,36734.64,37001.94,34711.29,36202.51,53420.27,1933947741.21,34926
2022-02-17,36202.51,36202.51,34184.61,35164.69,55623.99,1956000077.03,31779
2022-02-18,35164.69,35800.64,35049.14,35482.09,60474.99,2145779178.21,25661
2022-02-19,35482.09,36269.11,34678.8,35240.28,60336.13,2126261972.22,31132
2022-02-20,35240.28,35240.28,34077.85,34172.83,52508.69,1794370176.97,25239
2022-02-21,34172.83,34381.36,34102.4,34104.41,68810.94,2346756537.23,38750
2022-02-22,34104.41,35135.11,33590.48,34769.25,127899.39,4446966393.14,36565
2022-02-23,34769.25,34769.25,31102.29,32263.52,103145.15,3327826000.77,26435
2022-02-24,32263.52,35938.62,32263.52,35459.92,90630.37,3213745259.59,29060
2022-02-25,35459.92,38634.28,35459.92,37437.75,99434.76,3722613207.64,26879
2022-02-26,37437.75,37437.75,36092.63,36207.79,79188.27,2867232006.29,36569
2022-02-27,36207.79,36207.79,33312.34,33751.1,64264.63,2169001808.27,26434
2022-02-28,33751.1,34476.04,33744.57,34164.15,100411.35,3430468789.35,35467
2022-03-01,34164.15,35462.14,34164.15,34990.68,49505.0,1732213491.24,30511
2022-03-02,34990.68,34990.68,32929.32,33106.03,90901.73,3009395237.44,28252
2022-03-03,33106.03,36077.93,33106.03,35785.21,114551.33,4099243033.36,25635
2022-03-04,35785.21,36961.2,31692.24,35232.78,41916.25,1476825699.14,27837
2022-03-05,35232.78,35232.78,34185.12,34465.1,112253.33,3868822116.63,40874
2022-03-06,34465.1,34465.1,32571.03,33315.48,66691.0,2221842462.69,28684
2022-03-07,33315.48,35572.23,33315.48,34557.88,48729.67,1683993931.59,28232
2022-03-08,34557.88,36083.62,34557.88,35885.47,72298.27,2594457387.97,41764
2022-03-09,35885.47,35885.47,33526.16,34279.19,86651.39,2970339587.33,28353
2022-03-10,34279.19,34919.04,33490.59,34029.12,79132.59,2692812496.14,37450
2022-03-11,34029.12,34961.99,34029.12,34609.45,114101.67,3948995837.28,36830
2022-03-12,34609.45,37321.11,34595.36,36817.45,147403.02,5427003242.09,35155
2022-03-13,36817.45,36817.45,33755.2,33898.91,66943.26,2269303500.5,34765
2022-03-14,33898.91,33898.91,32243.3,32737.36,96515.63,3159666738.27,32019
2022-03-15,32737.36,33147.67,32044.17,32159.69,65878.54,2118633523.52,27054
2022-03-16,32159.69,32159.69,28580.9,29434.02,145681.8,4288000286.17,36084
2022-03-17,29434.02,29620.38,28674.99,29306.26,58575.0,1716613965.4,29592
2022-03-18,29306.26,31261.62,28656.86,29993.17,89542.25,2685656104.11,31007
2022-03-19,29993.17,29993.17,28647.57,29446.54,68368.54,2013216997.09,33146
2022-03-20,29446.54,29797.62,27838.09,29514.28,98904.77,2919103430.11,35546
2022-03-21,29514.28,29775.16,28082.72,28850.37,65426.57,1887580655.8,37223
2022-03-22,28850.37,30115.8,28623.96,29049.99,70488.88,2047701485.5,37513
2022-03-23,29049.99,30416.3,29049.99,30220.97,60213.92,1819723278.45,27509
2022-03-24,30220.97,30220.97,27851.97,28336.81,105980.0,3003135389.6,26562
2022-03-25,28336.81,28336.81,25846.61,26247.01,83059.97,2180075939.26,30916
2022-03-26,26247.01,26979.06,26247.01,26700.21,128080.86,3419786274.1,45540
2022-03-27,26700.21,27484.24,26700.21,27135.73,86053.7,2335130134.47,35731
2022-03-28,27135.73,28483.65,27135.73,28460.77,87279.65,2484046230.52,26165
2022-03-29,28460.77,29197.73,28460.77,28953.22,79453.68,2300440059.6,37278
2022-03-30,28953.22,30857.48,28953.22,29720.2,112638.94,3347651304.78,25209
2022-03-31,29720.2,29964.92,28031.52,28883.92,109460.93,3161660421.37,42127
2022-04-01,28883.92,30375.98,28883.92,30177.68,100506.34,3033048036.74,29476
2022-04-02,30177.68,30234.49,29243.13,29354.09,77949.14,2288126303.4,28355
2022-04-03,29354.09,29354.09,26270.94,27174.15,106761.61,2901155678.52,34158
2022-04-04,27174.15,27174.15,25942.41,26038.14,81394.84,2119370208.65,32783
2022-04-05,26038.14,27346.11,25990.46,27147.29,130109.27,3532113456.1,34466
2022-04-06,27147.29,27367.43,26290.24,27095.44,69307.07,1877905584.37,25414
2022-04-07,27095.44,27095.44,25691.95,26137.33,179534.06,4692540939.78,48226
2022-04-08,26137.33,26303.84,25169.7,25318.52,73439.09,1859369094.85,34679
2022-04-09,25318.52,27355.96,25318.52,26774.4,130427.16,3492108546.29,27899
2022-04-10,26774.4,26954.07,26430.97,26564.8,41098.93,1091784937.68,25954
2022-04-11,26564.8,27147.56,25758.09,26981.73,83229.07,2245664175.53,35469
2022-04-12,26981.73,30333.2,26981.73,29909.58,140192.48,4193098353.75,27345
2022-04-13,29909.58,29909.58,28403.62,28949.88,107648.06,3116398731.58,33460
2022-04-14,28949.88,31200.71,28949.88,30598.09,90432.73,2767068596.36,26237
2022-04-15,30598.09,30598.09,28656.85,29650.9,97448.67,2889440660.07,44111
2022-04-16,29650.9,31576.43,28479.11,30077.27,93506.43,2812417935.46,43311
2022-04-17,30077.27,33131.68,29639.58,31575.23,87916.38,2775979765.6,31140
2022-04-18,31575.23,32562.45,30710.73,31438.81,43572.56,1369869087.58,27274
2022-04-19,31438.81,31438.81,29455.92,29658.73,112638.13,3340703616.47,31970
2022-04-20,29658.73,29907.99,28577.61,29084.1,50664.97,1473545013.14,29259
2022-04-21,29084.1,29084.1,26618.57,27118.02,147648.81,4003943702.29,27345
2022-04-22,27118.02,28677.42,27118.02,28292.02,73319.52,2074357020.74,25102
2022-04-23,28292.02,28292.02,22820.62,23389.91,225469.2,5273703167.12,32013
2022-04-24,23389.91,24373.33,23017.94,23979.22,125858.38,3017985364.51,30417
2022-04-25,23979.22,25087.14,23823.87,24484.26,90231.87,2209260360.11,42599
2022-04-26,24484.26,25346.9,24484.26,25004.51,46520.27,1163216376.81,27438
2022-04-27,25004.51,29081.74,25004.51,28775.0,159799.17,4598221094.0,42759
2022-04-28,28775.0,28775.0,25242.88,26239.14,123521.12,3241087532.16,26914
2022-04-29,26239.14,28333.79,26239.14,27210.2,57190.65,1556169051.88,38011
2022-04-30,27210.2,29353.1,27210.2,28799.41,81270.81,2340550929.54,31443
2022-05-01,28799.41,30574.03,28799.41,30322.88,114320.61,3466530028.12,26104
2022-05-02,30322.88,30322.88,28261.78,29035.89,72498.69,2105063827.72,32816
2022-05-03,29035.89,29646.72,28285.72,28998.66,45746.5,1326586864.6,33514
2022-05-04,28998.66,28998.66,25701.48,26278.98,71377.43,1875725868.79,25415
2022-05-05,26278.98,28180.87,26278.98,27834.29,217330.72,6049245880.23,42945
2022-05-06,27834.29,29416.59,27834.29,28940.67,90190.04,2610160556.18,25647
2022-05-07,28940.67,32270.79,28940.67,31008.58,56654.55,1756777256.65,27551
2022-05-08,31008.58,31008.58,28452.6,29092.26,129714.93,3773700335.71,34456
2022-05-09,29092.26,30203.4,28218.14,29765.18,67324.3,2003920113.54,29952
2022-05-10,37278.53,37278.53,32609.75,35500.0,93234.23,3309815054.47,44587
2022-05-11,35500.0,35500.0,33157.11,34015.46,83988.61,2856911207.91,31580
2022-05-12,34015.46,34015.46,28511.63,30770.42,77049.44,2370843813.15,32220
2022-05-13,30770.42,31684.69,30383.54,30566.06,55577.52,1698785671.93,26702
2022-05-14,30566.06,32993.27,30419.25,32188.04,55292.63,1779761794.53,25422
2022-05-15,32188.04,34522.01,32188.04,34251.9,105034.78,3597640668.99,26659
2022-05-16,34251.9,35577.47,34251.9,34401.9,52184.25,1795237406.09,27379
2022-05-17,34401.9,36750.45,34401.9,35364.89,55631.15,1967389456.47,36127
2022-05-18,35364.89,36694.23,34430.37,35480.57,38734.34,1374316385.67,27340
2022-05-19,35480.57,39233.22,35480.57,38476.03,71077.52,2734780679.0,29484
2022-05-20,38476.03,45986.42,38476.03,41263.57,133017.69,5488784727.19,36635
2022-05-21,41263.57,41263.57,33463.8,36033.72,157978.0,5692535128.73,25933
2022-05-22,36033.72,36033.72,28296.72,31238.01,158750.79,4959058074.53,28419
2022-05-23,31238.01,31238.01,29405.61,30234.4,103199.55,3120176180.52,47578
2022-05-24,30234.4,33418.7,30234.4,31666.69,106326.21,3366998871.89,30748
2022-05-25,31666.69,38528.79,31666.69,34224.39,145664.95,4985293790.58,36528
2022-05-26,34224.39,34706.95,30814.53,32708.07,91486.77,2992355892.67,34648
2022-05-27,32708.07,32955.25,28701.46,31593.02,112606.14,3557567816.24,35543
2022-05-28,31593.02,33359.35,29390.37,30326.22,97961.78,2970810168.07,32543
2022-05-29,30326.22,31619.45,28198.28,29607.21,58189.65,1722833256.08,25300
2022-05-30,29607.21,30365.44,29119.35,29458.94,66246.95,1951564952.25,26007
2022-05-31,29458.94,29490.34,26264.03,27918.69,76962.71,2148698090.18,25675
2022-06-01,27918.69,27918.69,26772.86,26792.75,151139.26,4049435995.84,34806
2022-06-02,26792.75,29707.77,26440.09,27143.35,72879.91,1978205074.56,30981
2022-06-03,27143.35,27143.35,21489.68,24163.52,88470.94,2137769132.14,25038
2022-06-04,24163.52,27729.99,24163.52,27536.58,108335.46,2983188354.09,25190
2022-06-05,27536.58,34373.2,27536.58,32134.18,131603.92,4228984075.81,31722
2022-06-06,32134.18,36966.8,30105.15,33577.62,76889.58,2581769452.74,28351
2022-06-07,33577.62,39322.91,33577.62,36783.14,217728.91,8008752451.34,38320
2022-06-08,36783.14,36783.14,32945.38,33680.9,115448.88,3888422128.72,42252
2022-06-09,33680.9,33680.9,30358.42,31572.92,120066.31,3790843302.69,33904
2022-06-10,31572.92,31572.92,25468.92,25889.16,149013.6,3857836538.4,27519
2022-06-11,25889.16,26580.37,25110.34,25533.62,66613.19,1700876050.35,35504
2022-06-12,25533.62,27366.19,24878.42,25243.03,63930.27,1613793916.83,32562
2022-06-13,25243.03,27248.52,24446.36,25358.58,82384.43,2089151863.48,39153
2022-06-14,25358.58,25358.58,21544.2,21875.39,98726.63,2159683806.67,26515
2022-06-15,21875.39,22047.3,20524.72,21438.5,56588.94,1213181709.6,25256
2022-06-16,21438.5,22282.51,21438.5,21633.45,46240.75,1000347016.72,26964
2022-06-17,21633.45,22139.42,21633.45,22102.51,86046.67,1901847023.45,33705
2022-06-18,22102.51,22102.51,20451.54,20786.46,118520.48,2463620815.49,34315
2022-06-19,17249.9,17891.43,17236.09,17500.0,56484.04,988470755.26,26464
2022-06-20,17500.0,17500.0,16128.24,16537.72,148660.3,2458502823.36,31288
2022-06-21,16537.72,16537.72,15689.76,16000.72,77052.57,1232896353.29,25886
2022-06-22,16000.72,16801.19,16000.72,16437.12,52444.95,862044108.39,31542
2022-06-23,16437.12,16775.18,15477.01,16559.16,71931.69,1191128249.91,30680
2022-06-24,16559.16,17852.61,16559.16,17491.06,207908.07,3636532379.12,42775
2022-06-25,17491.06,18448.38,17491.06,18353.22,98160.09,1801553679.57,26761
2022-06-26,18353.22,18872.42,18339.25,18569.48,63099.65,1171727650.05,29732
2022-06-27,18569.48,18747.96,17497.47,18513.93,59418.2,1100064568.66,28947
2022-06-28,18513.93,18965.34,18100.83,18544.17,64481.7,1195759443.82,28354
2022-06-29,18544.17,18544.17,17476.2,18082.97,57828.42,1045709653.65,33423
2022-06-30,18082.97,18333.85,17174.83,17503.22,76813.4,1344481531.04,25860
2022-07-01,17503.22,17644.91,16566.23,16844.33,87005.45,1465548253.76,37914
2022-07-02,16844.33,17455.43,16397.43,16733.1,75382.12,1261376181.58,40071
2022-07-03,16733.1,16733.1,14357.37,15068.38,137736.42,2075464543.36,31042
2022-07-04,15068.38,16299.66,15068.38,16194.5,132716.24,2149272435.95,26408
2022-07-05,16194.5,17945.28,16194.5,17667.47,126606.28,2236812425.2,31549
2022-07-06,17667.47,17667.47,16081.99,16927.85,41072.33,695266272.19,26037
2022-07-07,16927.85,18571.65,16927.85,18451.02,173619.55,3203458623.64,34264
2022-07-08,18451.02,18451.02,17061.28,17688.27,78155.57,1382437048.63,30725
2022-07-09,17688.27,17926.49,17437.94,17721.52,88910.17,1575623244.23,43441
2022-07-10,17721.52,18059.43,17721.52,18054.12,85056.17,1535613998.97,41273
2022-07-11,18054.12,18784.63,17254.77,18156.81,46288.92,840459203.75,25769
2022-07-12,18156.81,18428.92,17351.04,17756.54,94071.02,1670375622.16,31703
2022-07-13,17756.54,17967.53,17244.44,17330.43,112068.07,1942187554.14,38190
2022-07-14,17330.43,18558.58,16869.87,17996.39,76443.85,1375713778.2,26232
2022-07-15,17996.39,19224.38,17996.39,19037.49,200860.29,3823875150.84,51046
2022-07-16,19037.49,19037.49,17265.16,17681.78,88900.09,1571911369.95,36595
2022-07-17,17681.78,18197.89,17600.54,17905.2,62703.67,1122721749.24,25771
2022-07-18,17905.2,19380.77,17672.78,18416.86,67969.66,1251787771.51,40035
2022-07-19,18416.86,18599.19,18416.86,18591.15,90845.16,1688916061.86,35131
2022-07-20,18591.15,18591.15,17436.32,17544.9,103763.5,1820520193.64,35542
2022-07-21,17544.9,18130.37,17526.14,17979.05,101280.17,1820921235.44,33048
2022-07-22,17979.05,18886.95,17912.37,18885.0,120066.44,2267454534.87,31767
2022-07-23,18885.0,18885.0,18216.09,18260.1,93549.84,1708229488.35,29355
2022-07-24,18260.1,18260.1,17752.28,17849.36,72463.33,1293424029.37,29256
2022-07-25,17849.36,18849.71,17849.36,18032.68,109474.88,1974125628.32,27685
2022-07-26,18032.68,18310.75,17902.6,18000.27,44378.49,798824826.19,29628
2022-07-27,18000.27,18000.27,17440.89,17599.26,62000.65,1091165469.17,28884
2022-07-28,17599.26,17599.26,16273.1,16749.12,78712.02,1318356788.89,25251
2022-07-29,16749.12,16749.12,16126.86,16432.79,49960.27,820986756.04,28707
2022-07-30,16432.79,16432.79,14913.64,15035.57,63896.97,960727229.63,27587
2022-07-31,15035.57,16092.78,15035.57,15478.0,88259.27,1366076667.82,30796
2022-08-01,15478.0,15478.0,14920.82,15034.27,92176.83,1385811496.23,32384
2022-08-02,15034.27,15862.65,15034.27,15591.12,126568.42,1973343985.01,27960
2022-08-03,15591.12,16046.13,15421.05,15459.53,101016.34,1561665571.76,29176
2022-08-04,15459.53,15810.66,15459.53,15576.96,77009.9,1199579837.39,44890
2022-08-05,15576.96,15576.96,14504.12,14561.56,129848.51,1890796324.78,31185
2022-08-06,14561.56,15663.72,14561.56,15042.0,137688.18,2071105227.62,38004
2022-08-07,15042.0,17718.98,15042.0,16908.84,157144.78,2657135853.8,37128
2022-08-08,16908.84,17094.28,16143.58,16656.45,106701.88,1777274913.36,42249
2022-08-09,16656.45,17077.59,16046.28,16768.91,83649.7,1402713959.47,37295
2022-08-10,16768.91,17216.01,16539.67,16975.67,70134.6,1190581682.32,26745
2022-08-11,16975.67,16975.67,15426.31,16072.1,112357.32,1805818559.25,29768
2022-08-12,16072.1,16072.1,14947.25,15372.76,141697.86,2178286529.37,33519
2022-08-13,15372.76,15825.23,15372.76,15768.79,95672.23,1508635671.94,28184
2022-08-14,15768.79,15768.79,14984.11,15247.37,81246.75,1238799661.84,35746
2022-08-15,15247.37,15247.37,15021.74,15113.05,68241.17,1031332494.84,35170
2022-08-16,15113.05,15249.1,14314.09,15229.41,59764.6,910179905.15,37851
2022-08-17,15229.41,16033.65,15229.41,15647.89,88819.18,1389833203.09,36006
2022-08-18,15647.89,15949.21,14573.74,15546.28,48417.41,752710670.82,26459
2022-08-19,15546.28,15929.36,15458.84,15462.84,98585.6,1524413148.91,46206
2022-08-20,15462.84,17215.01,15462.84,17207.86,331872.36,5710811790.57,41031
2022-08-21,17207.86,18854.17,17207.86,17981.22,148442.38,2669174268.32,39597
2022-08-22,17981.22,17981.22,17445.43,17733.63,161033.32,2855704995.53,30312
2022-08-23,17733.63,18307.53,17551.06,17647.41,70756.61,1248671255.24,26164
2022-08-24,17647.41,19590.1,17647.41,19169.6,88292.84,1692538703.19,27975
2022-08-25,19169.6,19780.77,19169.6,19699.65,82861.09,1632334407.69,35176
2022-08-26,19699.65,20781.13,19690.62,20714.85,67751.45,1403461022.67,28236
2022-08-27,20714.85,21260.74,19794.68,20407.44,31306.17,638878696.57,25417
2022-08-28,20407.44,20432.21,20001.74,20004.44,52259.37,1045419719.92,25347
2022-08-29,20004.44,23464.03,20004.44,21426.01,186077.72,3986903262.88,35710
2022-08-30,21426.01,21744.83,20330.53,21391.07,65629.56,1403886553.35,41170
2022-08-31,21391.07,21861.43,20922.69,21341.5,36709.42,783434148.19,25096
2022-09-01,21341.5,21610.68,20559.14,20965.94,87526.72,1835079489.19,35783
2022-09-02,20965.94,22057.1,20965.94,22002.21,38535.06,847856640.09,28548
2022-09-03,22002.21,23417.73,22002.21,23204.23,83340.73,1933857422.47,34118
2022-09-04,23204.23,23599.58,23204.23,23435.83,57031.71,1336585168.98,32731
2022-09-05,23435.83,26829.71,23435.83,26355.44,148937.22,3925305845.93,35661
2022-09-06,26355.44,26509.17,25479.45,25768.35,90632.85,2335458482.31,34353
2022-09-07,25768.35,26845.11,25513.13,25809.82,36121.5,932289406.48,26758
2022-09-08,25809.82,25809.82,22969.77,23672.26,86554.9,2048949913.1,26563
2022-09-09,23672.26,24930.54,23238.33,24388.61,68144.61,1661952145.2,32839
2022-09-10,24388.61,24388.61,22326.78,23148.82,68592.4,1587833246.99,25212
2022-09-11,23148.82,24372.72,23148.82,23727.89,63591.12,1508883284.15,29270
2022-09-12,23727.89,23727.89,22793.01,23302.02,127046.86,2960448791.73,40284
2022-09-13,23302.02,23302.02,21339.06,21835.19,83486.11,1822935421.91,32972
2022-09-14,21835.19,22530.13,21604.73,21793.78,51917.39,1131476261.72,31424
2022-09-15,21793.78,23104.3,21793.78,22602.09,130738.1,2954954672.47,32585
2022-09-16,22602.09,23901.57,22602.09,23716.62,115710.54,2744263452.18,29692
2022-09-17,23716.62,23716.62,22165.78,22203.66,95016.4,2109711851.05,28184
2022-09-18,22203.66,22203.66,20986.68,21492.23,60580.76,1302015970.15,27511
2022-09-19,21492.23,23440.45,21314.77,22349.54,74248.82,1659426902.78,27159
2022-09-20,22349.54,22455.67,21265.04,21924.01,86871.92,1904580516.2,27451
2022-09-21,21924.01,21924.01,21024.6,21109.86,117977.84,2490495879.97,26784
2022-09-22,21109.86,22549.51,21109.86,21784.4,77108.98,1679772966.04,31960
2022-09-23,21784.4,21784.4,21053.98,21094.98,179210.36,3780439688.11,38469
2022-09-24,21094.98,21094.98,19262.01,19778.02,93953.62,1858216439.16,26746
2022-09-25,19778.02,19778.58,19416.66,19562.46,71894.59,1406435200.39,25711
2022-09-26,19562.46,19883.11,19280.25,19600.51,105783.28,2073406673.83,30928
2022-09-27,19600.51,19756.13,18742.74,18965.36,81732.85,1550092894.09,30133
2022-09-28,18965.36,18965.36,16791.67,17420.23,101082.11,1760873750.43,25467
2022-09-29,17420.23,17574.63,17246.12,17488.33,66578.25,1164342371.12,31986
2022-09-30,17488.33,17488.33,16119.18,16166.32,120221.4,1943537640.02,27775
2022-10-01,16166.32,18252.56,16166.32,16968.64,112528.54,1909456851.67,46197
2022-10-02,16968.64,17126.47,16729.51,16841.2,51900.72,874070168.82,29251
2022-10-03,16841.2,16841.2,15894.17,15904.07,158490.34,2520641596.52,36429
2022-10-04,15904.07,15939.18,15346.52,15664.48,57706.88,903948272.59,29557
2022-10-05,15664.48,16290.6,15664.48,16267.66,100780.48,1639462366.92,28356
2022-10-06,16267.66,16267.66,15273.4,15496.45,54251.26,840701864.21,28045
2022-10-07,15496.45,15825.4,15038.78,15489.57,58425.55,904986757.03,28664
2022-10-08,15489.57,16093.16,15289.42,15694.77,116699.44,1831571122.46,35577
2022-10-09,15694.77,16729.54,14749.19,15545.77,59217.62,920583552.16,26660
2022-10-10,15545.77,15545.77,14316.99,14836.95,135059.38,2003869650.93,28597
2022-10-11,14836.95,14836.95,13747.61,14167.81,106951.63,1515270566.68,40253
2022-10-12,14167.81,14668.84,14106.94,14377.1,102285.4,1470567147.01,38704
2022-10-13,14377.1,14377.1,13551.69,13600.27,55928.24,760639236.58,25710
2022-10-14,13600.27,13600.27,12367.13,12733.35,106197.57,1352250607.59,36161
2022-10-15,12733.35,13416.01,12606.83,13118.41,130294.76,1709260065.34,33237
2022-10-16,13118.41,14141.91,13118.41,13660.93,89927.56,1228494348.45,28348
2022-10-17,13660.93,13660.93,13271.76,13457.9,70305.38,946162852.87,27532
2022-10-18,13457.9,14732.92,13457.9,14485.44,135199.27,1958421457.73,37113
2022-10-19,14485.44,15037.55,13685.57,14142.93,78138.65,1105109105.24,30971
2022-10-20,14142.93,14418.21,13712.54,14273.01,90433.04,1290751979.13,27888
2022-10-21,14273.01,15452.91,14273.01,15005.01,125471.16,1882696330.32,32158
2022-10-22,15005.01,15085.12,14314.32,14764.17,83630.82,1234739561.82,41411
2022-10-23,14764.17,15752.25,14764.17,15705.81,68993.72,1083602498.76,27297
2022-10-24,15705.81,16640.97,15705.81,16540.13,158847.24,2627353185.36,37246
2022-10-25,16540.13,17783.6,16540.13,17237.78,113298.23,1953010568.92,43466
2022-10-26,17237.78,17237.78,16383.09,16471.33,48094.68,792183507.44,25611
2022-10-27,16471.33,17482.76,16471.33,17358.23,50078.69,869277474.03,27574
2022-10-28,17358.23,18045.32,17358.23,18034.88,84333.56,1520945365.05,29273
2022-10-29,18034.88,18041.78,17429.65,17936.2,83504.9,1497760627.15,37615
2022-10-30,17936.2,17936.2,16979.57,17247.39,124767.03,2151906048.16,25977
2022-10-31,17247.39,18251.19,17247.39,17980.76,107718.79,1936866095.84,27893
2022-11-01,17980.76,20174.13,17277.04,18947.67,119665.68,2267386357.6,40520
2022-11-02,18947.67,19435.69,18668.51,18793.62,84172.11,1581898733.32,49772
2022-11-03,18793.62,19329.64,18793.62,19318.18,153460.67,2964581356.78,35032
2022-11-04,19318.18,20845.65,19318.18,19997.06,69258.38,1384964284.94,25879
2022-11-05,19997.06,19997.06,18124.56,18932.02,161139.04,3050688329.33,46118
2022-11-06,18932.02,20197.35,18932.02,19936.75,146378.04,2918302006.04,33308
2022-11-07,19936.75,21859.63,19936.75,21188.47,79314.38,1680550235.02,36978
2022-11-08,20866.33,21051.29,19385.38,20800.0,32913.45,684599792.26,26765
2022-11-09,20800.0,21141.7,19940.22,20390.21,100969.38,2058786855.98,30814
2022-11-10,20390.21,20390.21,15942.67,17327.45,315388.51,5464879912.7,34104
2022-11-11,17327.45,21882.71,17327.45,20728.26,149436.55,3097559446.89,33433
2022-11-12,20728.26,20728.26,19383.58,19573.07,127174.21,2489189920.31,27253
2022-11-13,19573.07,19926.37,18730.13,19115.61,76930.62,1470575742.73,53383
2022-11-14,19115.61,22258.08,18543.99,19981.96,91781.01,1833964360.63,36016
2022-11-15,16047.48,16047.48,15674.53,15700.0,73545.71,1154667615.83,34684
2022-11-16,15700.0,15867.95,15004.97,15409.42,35117.0,541132632.62,28541
2022-11-17,15409.42,15409.42,13537.37,13860.39,185899.4,2576638104.48,28385
2022-11-18,13860.39,14667.46,13860.39,14334.49,119123.06,1707568347.78,35364
2022-11-19,14334.49,14677.58,13367.65,13984.75,120633.96,1687035338.3,33508
2022-11-20,13984.75,13984.75,12854.99,13247.43,54585.03,723111588.88,27626
2022-11-21,13247.43,13565.64,13247.43,13503.92,114470.29,1545797753.38,27244
2022-11-22,13503.92,13503.92,12828.16,12846.67,150295.56,1930798136.53,38121
2022-11-23,12846.67,12846.67,11725.26,12104.29,153729.96,1860792068.87,49571
2022-11-24,12104.29,12193.2,11854.41,12149.78,82560.28,1003088949.37,31419
2022-11-25,12149.78,12241.65,12038.04,12068.56,55241.92,666690242.52,34219
2022-11-26,12068.56,13112.08,12068.56,12852.5,76505.46,983286421.99,28336
2022-11-27,12852.5,12937.42,12197.54,12224.01,102162.38,1248833590.45,28320
2022-11-28,12224.01,12596.9,12061.66,12415.24,214979.57,2669023173.91,36067
2022-11-29,12415.24,12415.24,11718.36,11993.79,144257.23,1730191488.45,33261
2022-11-30,11993.79,11993.79,10586.27,11211.21,83592.5,937172778.61,30553
2022-12-01,11211.21,11211.21,10227.71,10279.39,200405.81,2060050341.96,40258
2022-12-02,10279.39,10279.39,9768.36,9791.25,85135.71,833584669.1,30500
2022-12-03,9791.25,9791.25,9290.79,9310.14,163710.17,1524164315.8,53444
2022-12-04,9310.14,9310.14,8355.95,8548.82,136465.76,1166621163.67,27998
2022-12-05,8548.82,9029.75,8548.82,8897.36,163552.54,1455186454.62,51214
2022-12-06,8897.36,9422.65,8897.36,9375.95,88090.02,825927714.77,29682
2022-12-07,9375.95,9375.95,8148.5,8164.45,154199.34,1258952195.02,25679
2022-12-08,8164.45,8277.19,7484.29,7906.69,69680.87,550945219.15,29859
2022-12-09,7906.69,8111.3,7740.8,7762.47,58312.32,452647864.5,26298
2022-12-10,7762.47,7996.98,7684.33,7686.27,90640.86,696690213.82,30584
2022-12-11,7686.27,8309.79,7686.27,8048.57,130058.42,1046784733.61,31335
2022-12-12,8048.57,8048.57,6959.41,7154.85,160469.55,1148135817.88,32425
2022-12-13,7154.85,7572.48,7154.85,7260.72,68553.2,497745327.61,25457
2022-12-14,7260.72,8320.11,7260.72,7797.91,99725.3,777649071.82,33100
2022-12-15,7797.91,7797.91,7368.85,7473.89,103181.73,771168801.6,35187
2022-12-16,7473.89,7473.89,7091.38,7189.52,180052.23,1294488741.21,55464
2022-12-17,7189.52,7284.45,6814.41,7080.43,86198.2,610320594.17,27477
2022-12-18,7080.43,7442.28,6919.0,7109.01,86030.36,611590901.79,34032
2022-12-19,7109.01,7109.01,6721.42,6759.02,67045.61,453162743.71,25298
2022-12-20,6759.02,6802.92,6708.39,6754.69,45858.08,309756956.27,34238
2022-12-21,6754.69,6990.49,6754.69,6802.74,59038.87,401625974.45,33698
2022-12-22,6802.74,6802.74,6435.32,6613.55,73474.86,485929749.33,26807
2022-12-23,6613.55,6937.52,6553.57,6836.4,90528.96,618891833.6,31421
2022-12-24,6836.4,6836.4,5825.71,5932.55,93565.24,555080627.77,25863
2022-12-25,5932.55,5932.55,5785.44,5854.62,58807.85,344297626.59,35933
2022-12-26,5854.62,6227.04,5854.62,6198.88,98429.32,610151626.41,43481
2022-12-27,6198.88,6739.98,6198.88,6654.1,47222.77,314225269.4,25734
2022-12-28,6654.1,6654.1,6157.73,6508.79,66341.7,431803890.87,31045
2022-12-29,6508.79,6508.79,6354.65,6398.13,60677.33,388221387.36,37359
2022-12-30,6398.13,6486.16,6175.03,6209.56,84273.44,523300752.39,26623
2022-12-31,6209.56,6209.56,5606.89,5875.69,86889.2,510533670.04,28159
2023-01-01,16731.28,16731.28,15924.94,16500.0,28613.24,472118490.84,27429
2023-01-02,16500.0,16500.0,15753.16,15841.71,142767.6,2261683286.56,44055
2023-01-03,15841.71,16443.42,15682.79,16082.72,60550.02,973808958.52,31845
2023-01-04,16082.72,16467.3,15617.06,16041.9,37814.96,606624036.23,26098
2023-01-05,16041.9,17296.79,16041.9,17244.65,111630.17,1925022789.0,32212
2023-01-06,17244.65,19350.11,17244.65,18239.81,80493.79,1468191079.81,29746
2023-01-07,18239.81,18567.46,17911.49,17942.27,88524.99,1588338929.48,35785
2023-01-08,17942.27,18042.51,17721.79,17923.4,98633.18,1767841593.43,35121
2023-01-09,17923.4,18471.38,17923.4,18282.61,52491.44,959680669.02,30257
2023-01-10,18282.61,18872.53,18282.61,18622.75,47305.56,880959627.87,29004
2023-01-11,18622.75,18683.52,18453.02,18463.7,77346.42,1428101420.24,27874
2023-01-12,18463.7,18739.87,17340.85,18674.53,38715.81,722999675.08,29242
2023-01-13,18674.53,18674.53,18357.7,18413.41,72543.3,1335769355.85,31136
2023-01-14,18413.41,18981.12,18413.41,18690.27,142969.76,2672144088.48,44086
2023-01-15,18690.27,20303.32,18690.27,19548.64,103415.43,2021630589.34,32327
2023-01-16,19548.64,19586.77,19383.4,19500.82,93178.75,1817062092.61,36111
2023-01-17,19500.82,19735.53,19500.82,19718.34,126204.77,2488549039.33,44600
2023-01-18,19718.34,19718.34,18974.11,19565.04,46687.84,913449356.45,28913
2023-01-19,19565.04,19565.04,18572.36,19240.33,83936.19,1614960148.31,47850
2023-01-20,19240.33,19653.88,19240.33,19596.15,45409.85,889858030.88,39115
2023-01-21,19596.15,19596.15,18708.49,18751.32,181979.07,3412348075.85,40557
2023-01-22,18751.32,18751.32,18327.93,18353.97,87130.5,1599190339.15,28976
2023-01-23,18353.97,19407.14,18353.97,19332.83,137529.51,2658834149.65,45979
2023-01-24,19332.83,19332.83,17998.69,18550.98,54933.26,1019065513.35,25532
2023-01-25,18550.98,19708.5,18550.98,19286.09,51705.5,997197002.37,28656
2023-01-26,19286.09,19286.09,17192.67,17500.07,99505.16,1741347194.4,33462
2023-01-27,17500.07,17500.07,17210.29,17243.98,113148.22,1951126080.62,32820
2023-01-28,17243.98,17972.17,16921.94,17364.08,57783.14,1003350764.31,31457
2023-01-29,17364.08,18237.69,17364.08,17884.48,57483.16,1028056597.0,37487
2023-01-30,17884.48,18062.86,17637.57,17854.2,77874.7,1390390431.86,34702
2023-01-31,17854.2,19343.83,17463.5,17675.78,49713.1,878717630.49,39574
2023-02-01,17675.78,18842.42,17089.61,17964.45,51921.62,932743438.82,27789
2023-02-02,17964.45,18726.39,17964.45,18055.95,101729.17,1836817043.62,36059
2023-02-03,18055.95,18055.95,17159.54,17249.39,169496.15,2923704391.3,38772
2023-02-04,17249.39,18404.86,17249.39,18367.53,57237.98,1051320131.67,31216
2023-02-05,18367.53,18926.36,17943.47,18233.32,46052.73,839694179.5,30343
2023-02-06,18233.32,18625.75,17784.7,18326.09,99136.23,1816779507.59,31529
2023-02-07,18326.09,18326.09,17142.64,17381.68,113626.85,1975025567.5,37204
2023-02-08,17381.68,18312.8,17381.68,18254.15,112403.47,2051830004.24,28426
2023-02-09,18254.15,18396.58,17964.42,18027.28,87942.65,1585367146.71,38961
2023-02-10,18027.28,19825.71,18027.28,19291.9,123673.59,2385898924.88,42102
2023-02-11,19291.9,19718.23,18891.08,19352.87,77657.36,1502892593.69,27015
2023-02-12,19352.87,20319.12,19352.87,19881.87,52304.09,1039903146.86,27680
2023-02-13,19881.87,19881.87,19092.26,19702.15,36065.35,710564948.27,28431
2023-02-14,19702.15,19702.15,18488.01,18870.31,84545.66,1595402801.7,32413
2023-02-15,18870.31,19302.41,18870.31,19272.43,79854.2,1538984132.86,29603
2023-02-16,19272.43,20315.94,18554.07,19674.5,81165.85,1596897543.64,35168
2023-02-17,19674.5,19674.5,18041.34,18143.1,82464.69,1496165065.26,30343
2023-02-18,18143.1,18143.1,17289.47,17316.67,68759.83,1190691025.56,32556
2023-02-19,17316.67,18266.77,17316.67,18167.67,95415.74,1733481334.68,34049
2023-02-20,18167.67,18539.51,17724.01,17946.31,54499.41,978063375.6,25072
2023-02-21,17946.31,18614.61,17803.52,18530.9,46447.57,860715375.06,28057
2023-02-22,18530.9,21008.32,18530.9,20251.65,166152.76,3364867899.33,28735
2023-02-23,20251.65,21118.05,19890.9,20727.05,86590.92,1794773960.52,25933
2023-02-24,20727.05,22395.39,20716.13,20805.87,39143.67,814417898.06,25968
2023-02-25,20805.87,20805.87,19836.15,20335.62,157011.74,3192931459.97,26869
2023-02-26,20335.62,20730.07,20335.62,20670.65,55785.95,1153132046.73,27097
2023-02-27,20670.65,21644.85,20670.65,21107.03,90521.77,1910645317.48,41088
2023-02-28,21107.03,21403.66,20821.81,21274.82,37007.43,787326328.0,28833
2023-03-01,21274.82,23158.88,21274.82,22004.85,128815.35,2834561998.13,42454
2023-03-02,22004.85,22004.85,20672.74,21144.18,140606.16,2973001882.7,42234
2023-03-03,21144.18,21498.44,21143.27,21328.03,80458.8,1716027680.67,36238
2023-03-04,21328.03,22708.47,21183.26,21412.82,54486.43,1166708127.4,28196
2023-03-05,21412.82,21472.31,20861.38,21042.87,70448.61,1482440966.77,39580
2023-03-06,21042.87,22381.67,20722.8,21466.05,100538.33,2158160744.47,25352
2023-03-07,21466.05,21672.05,20236.77,20555.06,76274.39,1567824340.05,34812
2023-03-08,20555.06,20555.06,19413.58,20044.04,120295.96,2411217352.37,31419
2023-03-09,20044.04,22707.0,20044.04,22582.24,105936.43,2392281783.99,36454
2023-03-10,22582.24,22640.41,21641.53,22396.43,48253.04,1080696111.79,30606
2023-03-11,22396.43,22605.08,22266.81,22338.24,57976.95,1295102815.06,28273
2023-03-12,22338.24,23769.28,22338.24,22835.28,80754.57,1844053459.11,40925
2023-03-13,22835.28,23914.33,22835.28,23443.56,188327.25,4415060497.45,53458
2023-03-14,23443.56,23443.56,22813.46,22835.15,70928.45,1619661781.57,36988
2023-03-15,22835.15,24788.08,22835.15,24426.8,106430.91,2599766964.47,34249
2023-03-16,24426.8,25028.7,24426.8,24908.43,72677.43,1810280920.28,31986
2023-03-17,24908.43,28445.92,24908.43,27010.17,148579.39,4013155046.1,38042
2023-03-18,27010.17,29135.35,27010.17,28625.8,164790.91,4717272166.49,37124
2023-03-19,28625.8,28625.8,27502.63,28157.98,171706.59,4834911188.05,49106
2023-03-20,28157.98,28157.98,26264.21,26958.85,42730.21,1151957397.2,27518
2023-03-21,26958.85,26958.85,24923.94,25588.01,74276.42,1900586202.02,25128
2023-03-22,25588.01,25588.01,23644.42,23684.99,101011.84,2392463935.61,34874
2023-03-23,23684.99,24259.29,23365.59,24016.36,67099.93,1611496161.55,32410
2023-03-24,24016.36,24016.36,23349.15,23552.99,48284.28,1137239151.48,27356
2023-03-25,23552.99,24432.78,23552.99,24240.47,82760.21,2006146219.84,38306
2023-03-26,24240.47,24240.47,23478.34,23818.1,103840.14,2473275146.96,27228
2023-03-27,23818.1,23818.1,21937.69,23189.48,70987.36,1646160117.21,30987
2023-03-28,23189.48,24085.89,23189.48,23804.3,62744.83,1493596862.83,35280
2023-03-29,23804.3,26555.97,23804.3,26129.55,291060.89,7605290944.87,46208
2023-03-30,26129.55,28793.06,26129.55,27662.17,145588.73,4027299708.68,25857
2023-03-31,27662.17,28873.45,27662.17,28415.55,103918.7,2952906768.61,29560
2023-04-01,28168.76,28684.18,27408.88,28000.0,46746.73,1308908390.97,25849
2023-04-02,28000.0,28506.73,26547.41,28226.57,121549.95,3430938772.68,36268
2023-04-03,28226.57,28320.23,27938.65,28100.97,112831.36,3170670746.56,45207
2023-04-04,28100.97,28100.97,26531.67,27331.46,108005.46,2951946740.47,36372
2023-04-05,27331.46,28265.34,27331.46,28217.24,76912.66,2170263129.26,36257
2023-04-06,28217.24,30796.82,28217.24,30765.28,101995.15,3137909564.85,38617
2023-04-07,30765.28,30765.28,30569.11,30611.01,52808.59,1616524015.39,25548
2023-04-08,30611.01,32216.71,30023.7,31591.92,60703.75,1917748263.02,27318
2023-04-09,31591.92,31591.92,29822.36,30437.88,77807.75,2368302922.02,25267
2023-04-10,30437.88,30437.88,28936.44,29822.92,189485.73,5651018646.14,55290
2023-04-11,29822.92,29822.92,27394.73,27563.64,97615.32,2690633180.57,27467
2023-04-12,27563.64,27563.64,26234.79,26716.18,109098.02,2914681740.93,33836
2023-04-13,26716.18,28166.78,26716.18,27832.08,107933.11,3004002713.29,39616
2023-04-14,27832.08,29393.95,27832.08,28848.66,165482.85,4773958265.66,36813
2023-04-15,28848.66,29287.84,28674.3,28766.95,48461.51,1394090029.87,31964
2023-04-16,28766.95,29475.67,28766.95,29164.48,117362.11,3422804708.52,31505
2023-04-17,29164.48,29164.48,26418.64,27314.07,158188.43,4320769421.01,44952
2023-04-18,27314.07,27314.07,25690.0,26400.14,73313.7,1935492232.19,34607
2023-04-19,26400.14,26400.14,25048.45,25334.11,110260.82,2793359688.48,40038
2023-04-20,25334.11,26107.64,25334.11,26105.93,113424.81,2961060024.95,30903
2023-04-21,26105.93,26105.93,24528.53,25430.03,76452.94,1944200630.97,27737
2023-04-22,25430.03,26589.72,24957.61,25247.7,62436.22,1576370748.21,28749
2023-04-23,25247.7,26887.83,25247.7,26701.58,70638.79,1886167376.38,26109
2023-04-24,26701.58,26701.58,25428.09,25971.1,112100.22,2911366213.88,30367
2023-04-25,25971.1,25971.1,24471.83,24540.54,125277.39,3074374109.98,35951
2023-04-26,24540.54,24540.54,22412.28,22725.87,116482.5,2647166538.67,25827
2023-04-27,22725.87,24733.73,22725.87,23797.74,92202.42,2194209601.68,30818
2023-04-28,23797.74,23797.74,22470.99,22985.34,143810.53,3305534083.43,32044
2023-04-29,22985.34,25106.7,22985.34,24573.2,82709.75,2032442887.24,25539
2023-04-30,24573.2,24573.2,24307.38,24437.81,84655.66,2068798826.67,37067
2023-05-01,24437.81,24437.81,22766.35,22962.28,80999.97,1859943970.52,30776
2023-05-02,22962.28,22962.28,21666.01,21915.61,134254.16,2942261738.19,31039
2023-05-03,21915.61,23134.93,21582.26,22417.62,83411.47,1869886800.09,32770
2023-05-04,22417.62,23136.48,21787.49,22931.51,62697.43,1437746953.79,26408
2023-05-05,22931.51,24453.45,22906.23,23794.6,134394.41,3197860699.67,26336
2023-05-06,23794.6,23794.6,22671.0,23095.37,41854.45,966643966.57,29520
2023-05-07,23095.37,23095.37,22197.19,22640.73,124431.48,2817219769.67,34475
2023-05-08,22640.73,22640.73,21239.52,21953.65,95720.86,2101422694.61,38763
2023-05-09,21953.65,22876.31,21585.51,22375.6,77874.67,1742492064.26,34470
2023-05-10,22375.6,22382.71,21769.68,21883.6,64758.17,1417142126.13,39108
2023-05-11,21883.6,22328.99,21364.07,22153.33,72365.99,1603148060.97,29195
2023-05-12,22153.33,22153.33,20585.85,20976.76,89090.69,1868834198.01,28253
2023-05-13,20976.76,21385.77,20277.86,21240.41,63687.04,1352738883.27,33734
2023-05-14,21240.41,21740.06,20991.13,21439.85,85235.87,1827444637.25,31559
2023-05-15,21439.85,21439.85,19541.48,19868.92,127647.94,2536226827.87,39242
2023-05-16,19868.92,20278.56,19859.25,20049.35,74323.6,1490139803.38,33154
2023-05-17,20049.35,20413.94,19258.99,20025.57,89163.89,1785558082.58,45946
2023-05-18,20025.57,20025.57,18890.09,18960.39,137685.03,2610561258.74,35141
2023-05-19,18960.39,18960.39,18359.25,18586.85,78901.4,1466528543.99,38860
2023-05-20,18586.85,18936.38,18582.14,18885.64,98043.41,1851612347.33,26655
2023-05-21,18885.64,20284.34,18885.64,19787.59,108757.96,2152057551.04,30855
2023-05-22,19787.59,19921.11,18990.86,19896.25,78557.39,1562997360.55,34708
2023-05-23,19896.25,21282.27,19896.25,20832.23,106658.7,2221938560.72,44628
2023-05-24,20832.23,21280.91,20832.23,20954.7,88348.08,1851307765.88,41759
2023-05-25,20954.7,21956.61,20954.7,21853.82,110128.98,2406739351.81,34615
2023-05-26,21853.82,21853.82,21457.76,21646.05,70351.22,1522825855.48,32928
2023-05-27,21646.05,22586.24,21646.05,22577.15,63408.29,1431578744.05,26710
2023-05-28,22577.15,22728.73,22067.22,22176.1,43275.94,959691838.62,30943
2023-05-29,22176.1,23121.94,21740.76,22847.63,73428.44,1677665826.87,26929
2023-05-30,22847.63,24099.73,22847.63,23059.34,47271.56,1090051053.99,28422
2023-05-31,23059.34,23059.34,21137.14,21144.65,183920.61,3888936047.89,34249
2023-06-01,21144.65,21144.65,20356.38,20543.92,57650.48,1184366680.77,43898
2023-06-02,20543.92,20543.92,18192.07,19314.64,85794.22,1657084637.8,28273
2023-06-03,19314.64,22082.54,19314.64,21439.5,169983.17,3644353745.45,43022
2023-06-04,21439.5,22516.72,21131.99,21905.68,115938.44,2539710251.85,48020
2023-06-05,21905.68,22210.06,21445.03,21475.89,83569.16,1794722286.29,29131
2023-06-06,21475.89,21475.89,20111.61,20317.63,97366.8,1978262469.51,33639
2023-06-07,20317.63,20636.66,19927.6,20401.15,40129.47,818687436.52,28826
2023-06-08,20401.15,22033.65,20225.61,20830.96,145007.98,3020655935.06,41601
2023-06-09,20830.96,20830.96,19675.57,20413.7,80953.84,1652567750.73,29240
2023-06-10,20413.7,20798.34,19575.37,20653.96,44938.28,928153303.56,32470
2023-06-11,20653.96,21920.32,20653.96,21699.25,106057.41,2301366779.04,25490
2023-06-12,21699.25,21699.25,20450.7,20951.93,85198.59,1785074663.12,32293
2023-06-13,20951.93,21240.78,19699.14,20496.68,133443.92,2735157134.82,28832
2023-06-14,20496.68,20496.68,18799.67,19236.44,63101.59,1213850056.62,28977
2023-06-15,19236.44,21431.12,19236.44,20253.89,72037.66,1459042941.34,29989
2023-06-16,20253.89,20253.89,17376.37,18301.9,163159.74,2986133959.45,32032
2023-06-17,18301.9,18613.35,17628.46,18039.02,150586.2,2716428142.4,42583
2023-06-18,18039.02,19371.95,18039.02,19310.29,77670.27,1499835675.72,25007
2023-06-19,19310.29,19310.29,17511.5,17598.52,119742.81,2107296360.16,25665
2023-06-20,17598.52,18154.64,17598.52,17846.05,99436.6,1774550316.55,29322
2023-06-21,17846.05,18522.88,17846.05,18288.06,101677.89,1859491458.44,35283
2023-06-22,18288.06,18776.28,18288.06,18687.04,106945.9,1998502627.72,34888
2023-06-23,18687.04,19414.09,18687.04,19366.61,98323.65,1904195912.05,29377
2023-06-24,19366.61,19757.73,18845.47,19547.83,48447.63,947045900.0,26163
2023-06-25,19547.83,19918.09,19166.76,19683.43,31825.28,626430816.0,30030
2023-06-26,19683.43,19683.43,17675.2,18514.97,96238.03,1781844072.38,26475
2023-06-27,18514.97,18515.61,17870.74,18442.87,104251.36,1922694641.08,35262
2023-06-28,18442.87,19060.3,18442.87,18590.0,85258.98,1584964749.47,27627
2023-06-29,18590.0,18590.0,18057.43,18081.63,74836.77,1353170609.05,43208
2023-06-30,18081.63,19758.78,18081.63,19641.5,213207.18,4187709312.86,31036
2023-07-01,30516.01,30851.98,30271.22,30500.0,74379.29,2268568311.63,39501
2023-07-02,30500.0,31000.92,30175.76,30847.74,101530.82,3131996350.64,28093
2023-07-03,30847.74,32371.57,30847.74,31567.66,160556.13,5068381377.91,42951
2023-07-04,31567.66,33909.65,31567.66,32955.32,129453.45,4266179288.49,40092
2023-07-05,32955.32,34277.98,32955.32,34162.51,127732.63,4363667321.02,38446
2023-07-06,34162.51,36018.11,34162.51,35661.95,82090.35,2927501880.4,29000
2023-07-07,35661.95,37353.21,35661.95,36652.08,60539.55,2218900483.26,28666
2023-07-08,36652.08,37357.64,36652.08,37250.52,42932.62,1599262218.16,30022
2023-07-09,37250.52,37653.58,37250.52,37564.06,57872.26,2173916920.21,28106
2023-07-10,37564.06,39299.46,37564.06,38012.71,81716.97,3106283538.86,31476
2023-07-11,38012.71,38012.71,35888.74,36040.95,94812.62,3417136715.04,29786
2023-07-12,36040.95,36912.67,35198.18,36383.53,119640.46,4352942116.71,33935
2023-07-13,36383.53,37163.65,35188.46,35292.2,92841.32,3276574714.01,36722
2023-07-14,35292.2,35292.2,34045.03,34137.69,76433.33,2609257381.79,28531
2023-07-15,34137.69,36082.54,34137.69,35568.42,106982.51,3805198528.3,39232
2023-07-16,35568.42,37302.88,35568.42,36232.42,74132.99,2686017557.64,26839
2023-07-17,36232.42,36543.33,35204.64,35777.9,89814.68,3213380680.64,30106
2023-07-18,35777.9,36462.93,34996.4,35990.06,155003.29,5578577428.56,57841
2023-07-19,35990.06,36704.32,35839.04,36499.09,77714.42,2836505697.62,26244
2023-07-20,36499.09,37112.61,36499.09,36988.59,38401.25,1420408216.67,26135
2023-07-21,36988.59,39521.94,36988.59,37945.69,91165.09,3459322359.71,38600
2023-07-22,37945.69,40298.13,37945.69,39492.63,120974.49,4777600926.78,31877
2023-07-23,39492.63,40763.44,39492.63,40071.93,66082.62,2648058336.05,25495
2023-07-24,40071.93,42676.38,40071.93,41129.76,184502.99,7588564482.28,39572
2023-07-25,41129.76,41129.76,38554.4,38704.38,86054.58,3330688762.14,32697
2023-07-26,38704.38,41598.62,38704.38,39658.73,158525.59,6286923599.3,40492
2023-07-27,39658.73,41063.91,39658.73,40047.71,61363.94,2457485306.89,28066
2023-07-28,40047.71,42844.63,40047.71,41106.09,58841.26,2418733722.34,26460
2023-07-29,41106.09,42022.18,38942.24,40776.41,84966.39,3464624762.09,36815
2023-07-30,40776.41,44415.42,40776.41,42821.14,68511.43,2933737996.82,29219
2023-07-31,42821.14,42821.14,40702.82,40933.43,158692.73,6495838321.91,36600
2023-08-01,40933.43,42140.33,40933.43,41624.28,75535.01,3144090299.3,26834
2023-08-02,41624.28,42341.85,41624.28,42329.06,66415.24,2811294471.37,27434
2023-08-03,42329.06,42840.13,41126.43,41688.22,91576.09,3817644149.16,32012
2023-08-04,41688.22,41688.22,40805.6,41079.72,120232.59,4939121118.65,35851
2023-08-05,41079.72,44779.15,41079.72,42237.16,61993.62,2618434535.34,36408
2023-08-06,42237.16,42237.16,40067.36,40644.28,104942.16,4265298479.99,28688
2023-08-07,40644.28,40644.28,38605.44,40290.46,101271.89,4080290798.03,34764
2023-08-08,40290.46,40290.46,35994.36,37340.3,130765.86,4882836202.29,41826
2023-08-09,37340.3,39068.72,37048.95,37068.01,61440.29,2277468948.53,34626
2023-08-10,37068.01,37068.01,34007.61,35174.86,91229.35,3208979463.39,40947
2023-08-11,35174.86,38586.82,35174.86,38402.6,78387.28,3010275606.57,34603
2023-08-12,38402.6,40441.25,38402.6,40263.0,91679.11,3691275774.48,28884
2023-08-13,40263.0,40624.5,39172.95,39423.08,80278.93,3164842610.62,26704
2023-08-14,39423.08,39423.08,36948.46,37428.29,92163.65,3449527588.2,25963
2023-08-15,37428.29,38937.19,37029.69,38025.4,73402.78,2791170272.34,39315
2023-08-16,38025.4,38025.4,37257.62,37763.55,75227.35,2840851514.63,30456
2023-08-17,37763.55,37763.55,35829.21,36950.89,51702.19,1910442207.4,29591
2023-08-18,36950.89,37680.68,36427.68,36944.78,80469.64,2972932800.06,26612
2023-08-19,36944.78,37161.05,35951.41,36775.7,61418.16,2258695659.17,35149
2023-08-20,36775.7,38470.04,36775.7,38152.54,64746.35,2470237610.57,33431
2023-08-21,38152.54,38152.54,36919.06,37060.32,121132.17,4489197310.75,46572
2023-08-22,37060.32,37060.32,33972.25,34817.57,93444.17,3253498811.39,40732
2023-08-23,34817.57,36778.56,34572.73,35871.51,74478.56,2671658297.69,32821
2023-08-24,35871.51,37120.02,34867.79,36219.87,75505.77,2734809150.66,32184
2023-08-25,36219.87,36219.87,33932.57,34945.03,96252.42,3363544099.62,41399
2023-08-26,34945.03,34945.03,32713.88,33728.57,79168.88,2670253119.24,26905
2023-08-27,33728.57,33728.57,32403.73,32509.14,58089.19,1888429301.0,29945
2023-08-28,32509.14,32509.14,32150.3,32227.2,60674.23,1955360435.55,27316
2023-08-29,32227.2,35528.84,32227.2,34591.48,208888.91,7225775782.79,47142
2023-08-30,34591.48,36901.78,34591.48,36265.94,43931.22,1593207150.27,28067
2023-08-31,36265.94,36411.95,35507.98,35635.28,57876.9,2062459367.26,26355
2023-09-01,35635.28,37966.31,35635.28,37673.31,68018.21,2562471473.86,26207
2023-09-02,37673.31,37673.31,36045.33,36372.88,81777.26,2974474740.09,38306
2023-09-03,36372.88,36372.88,35203.73,35946.3,53723.03,1931144293.77,25422
2023-09-04,35946.3,36648.78,35116.22,35700.27,65362.48,2333458513.03,31519
2023-09-05,35700.27,39952.29,35700.27,38729.52,89758.28,3476295003.45,41282
2023-09-06,38729.52,38729.52,35993.3,36921.74,93542.47,3453750727.02,31485
2023-09-07,36921.74,37916.11,36921.74,37784.65,245532.54,9277361613.73,42413
2023-09-08,37784.65,37784.65,36867.71,37142.05,56227.55,2088406699.9,25974
2023-09-09,37142.05,37728.79,36240.08,37075.26,83588.04,3099048256.95,36355
2023-09-10,37075.26,37075.26,33962.53,35852.1,77434.19,2776178228.67,29448
2023-09-11,35852.1,36692.11,35390.59,35668.99,42845.04,1528239345.06,39786
2023-09-12,35668.99,37850.86,35668.99,37283.27,99763.02,3719492092.33,34431
2023-09-13,37283.27,37283.27,33565.96,34512.92,149973.25,5176015308.07,34652
2023-09-14,34512.92,35921.69,33487.87,34431.03,59727.27,2056471545.33,25934
2023-09-15,34431.03,34431.03,31402.26,32254.58,154430.11,4981077756.7,36858
2023-09-16,32254.58,34085.66,32254.58,33503.3,133328.38,4466940847.55,44833
2023-09-17,33503.3,33503.3,30244.93,31230.59,107348.7,3352562920.41,46177
2023-09-18,31230.59,31230.59,29422.57,30043.67,109069.56,3276850413.3,31189
2023-09-19,30043.67,32071.15,30043.67,31386.51,142163.2,4462006610.19,35904
2023-09-20,31386.51,31528.19,29892.68,30913.26,75504.51,2334090534.19,39568
2023-09-21,30913.26,30913.26,29996.15,30538.67,66622.58,2034565302.44,27638
2023-09-22,30538.67,30538.67,29741.47,30265.94,63716.19,1928430141.84,27283
2023-09-23,30265.94,30751.0,29525.14,30019.48,50347.04,1511392019.92,32860
2023-09-24,30019.48,30019.48,28874.23,29411.86,89000.76,2617678039.57,37814
2023-09-25,29411.86,31769.01,29411.86,31171.41,59869.49,1866216293.11,33145
2023-09-26,31171.41,33432.37,31171.41,32855.87,104626.36,3437589916.45,29626
2023-09-27,32855.87,32855.87,32073.58,32473.28,42498.59,1380068701.02,38001
2023-09-28,32473.28,32473.28,30533.96,30884.97,65546.54,2024402789.07,25781
2023-09-29,30884.97,32497.7,30658.75,31461.63,69834.29,2197100766.54,25117
2023-09-30,31461.63,32426.01,30747.6,31347.35,42067.87,1318716310.85,26481
2023-10-01,31347.35,31390.87,30631.92,30857.81,65713.03,2027759889.79,31495
2023-10-02,30857.81,31036.07,29711.97,30341.09,156135.74,4737329266.03,37519
2023-10-03,30341.09,30543.92,29306.8,30124.8,125483.35,3780160411.9,42420
2023-10-04,30124.8,30124.8,28669.38,28822.54,103225.36,2975216844.7,26592
2023-10-05,28822.54,28822.54,26754.93,28104.9,90469.29,2542630804.91,26337
2023-10-06,28104.9,28104.9,26374.21,26394.41,109714.69,2895854168.47,30869
2023-10-07,26394.41,27247.33,26394.41,26957.01,93739.76,2526943537.15,26663
2023-10-08,26957.01,30506.5,26957.01,29208.82,132588.7,3872759742.93,43627
2023-10-09,29208.82,32268.58,29208.82,31796.44,110737.09,3521045785.54,33963
2023-10-10,31796.44,33281.15,31438.02,32088.42,132654.05,4256658361.44,38411
2023-10-11,32088.42,32088.42,30884.12,31165.65,57474.47,1791229384.12,25457
2023-10-12,31165.65,31599.29,30387.7,31412.75,113244.93,3557334608.4,27385
2023-10-13,31412.75,34028.52,31412.75,33392.87,67651.15,2259065718.36,28730
2023-10-14,33392.87,34506.84,33392.87,34396.09,150840.02,5188306649.98,30242
2023-10-15,34396.09,34396.09,33068.38,33876.8,97723.34,3310554510.48,25660
2023-10-16,33876.8,35151.17,33053.84,33424.55,67159.15,2244764143.96,34926
2023-10-17,33424.55,33424.55,31058.01,31357.18,118861.66,3727166621.15,31984
2023-10-18,31357.18,31795.11,31357.18,31790.45,115209.69,3662567327.08,29011
2023-10-19,31790.45,33741.27,31790.45,33026.26,87705.47,2896584013.81,35295
2023-10-20,33026.26,33113.11,32251.1,32761.55,49969.95,1637093276.8,26252
2023-10-21,32761.55,36361.59,32761.55,35450.57,215404.93,7636227679.46,33027
2023-10-22,35450.57,38231.29,35450.57,37870.61,70622.52,2674518233.17,29513
2023-10-23,28461.93,29826.83,27538.18,29000.0,67589.37,1960091681.63,25455
2023-10-24,29000.0,31433.23,29000.0,30820.61,132067.11,4070389034.98,39005
2023-10-25,30820.61,32008.82,30629.18,31885.3,69873.0,2227921481.79,32870
2023-10-26,31885.3,33186.02,31885.3,32197.76,77281.79,2488300185.67,27912
2023-10-27,32197.76,32756.16,30955.81,32425.94,60353.78,1957028195.87,40600
2023-10-28,32425.94,32912.31,32029.3,32760.96,47458.85,1554797392.39,34426
2023-10-29,32760.96,32760.96,30791.18,30887.07,147761.34,4563915179.79,65646
2023-10-30,30887.07,30887.07,27697.64,28568.58,130617.36,3731551886.35,34314
2023-10-31,28568.58,29878.33,28568.58,29797.76,145727.7,4342358494.35,34983
2023-11-01,29797.76,31798.65,29797.76,31718.88,130366.89,4135092251.04,33764
2023-11-02,31718.88,32635.32,31718.88,32360.76,71241.62,2305432761.4,25629
2023-11-03,32360.76,36906.53,32360.76,36701.62,158405.91,5813753078.26,31097
2023-11-04,36701.62,37098.37,34193.22,35906.15,49655.51,1782938587.15,25362
2023-11-05,35906.15,35906.15,33004.16,33506.75,136677.62,4579622527.34,39360
2023-11-06,33506.75,34452.72,33462.23,34424.42,53889.29,1855107278.78,26580
2023-11-07,34424.42,35229.69,32140.09,33200.24,61148.13,2030132848.24,25672
2023-11-08,33200.24,33796.13,32655.56,33339.3,42328.75,1411210838.51,27545
2023-11-09,33339.3,35342.18,33339.3,35142.75,94469.14,3319905729.04,27902
2023-11-10,35142.75,35240.27,33322.43,34551.71,97966.36,3384905250.03,35125
2023-11-11,34551.71,35896.63,33604.3,34698.11,64077.86,2223380893.72,33188
2023-11-12,34698.11,36874.0,34698.11,36844.41,56290.66,2073996031.09,29378
2023-11-13,36844.41,37912.04,35896.73,36786.17,64996.74,2390981214.32,44678
2023-11-14,36786.17,38976.06,36786.17,37793.43,71931.79,2718548653.95,34709
2023-11-15,37793.43,40368.92,37793.43,39051.14,97446.77,3805407545.1,25698
2023-11-16,39051.14,39818.86,38765.18,39003.88,72119.66,2812946808.82,39743
2023-11-17,39003.88,39039.97,37275.31,39010.38,77838.54,3036511045.84,30931
2023-11-18,39010.38,40330.0,36846.87,39243.88,60648.6,2380086136.36,29167
2023-11-19,39243.88,40099.28,37997.47,38401.72,49480.04,1900118715.4,30594
2023-11-20,38401.72,39617.02,38401.72,39361.04,97905.67,3853669440.95,30295
2023-11-21,39361.04,39361.04,38342.93,38551.96,70177.83,2705492649.69,30737
2023-11-22,38551.96,38551.96,37242.72,37966.19,43078.28,1635518511.65,26777
2023-11-23,37966.19,38026.36,35583.34,36642.45,77074.49,2824197903.88,25945
2023-11-24,36642.45,39550.72,36642.45,39067.6,146507.08,5723679523.17,54421
2023-11-25,39067.6,39067.6,36992.1,37101.22,123020.92,4564226396.15,30116
2023-11-26,37101.22,41160.62,37101.22,40601.35,192668.06,7822583956.52,30385
2023-11-27,40601.35,40864.22,40562.46,40667.08,88664.2,3605714047.03,30098
2023-11-28,40667.08,41204.48,39678.83,40213.91,83464.85,3356447475.49,41039
2023-11-29,40213.91,40213.91,38435.11,38814.97,118907.65,4615396307.23,42598
2023-11-30,38814.97,38814.97,37258.45,37614.38,98372.59,3700224366.85,38598
2023-12-01,37614.38,37614.38,36715.51,36832.74,53949.14,1987094936.33,27311
2023-12-02,36832.74,43908.89,36832.74,42457.74,130723.05,5550205238.79,27206
2023-12-03,42457.74,42457.74,40709.57,41572.23,102312.41,4253355232.17,32728
2023-12-04,41572.23,43937.77,41572.23,42761.18,131589.72,5626931076.3,28563
2023-12-05,42761.18,43513.36,41641.23,42602.38,84185.18,3586489105.27,43630
2023-12-06,42602.38,47635.06,42602.38,46838.29,186182.75,8720481907.92,37504
2023-12-07,46838.29,49090.53,46833.26,47609.37,65261.83,3107074734.06,29157
2023-12-08,47609.37,47609.37,44550.45,45505.45,80606.37,3668029021.39,30833
2023-12-09,45505.45,48053.48,43073.72,44865.88,49447.08,2218486869.49,27321
2023-12-10,44865.88,50865.41,44865.88,50340.52,226298.55,11391986286.97,37692
2023-12-11,50340.52,52977.15,50340.52,52596.1,102802.27,5406998671.04,32163
2023-12-12,52596.1,54218.04,52596.1,52842.16,77566.88,4098801547.34,26814
2023-12-13,52842.16,52842.16,50854.45,51093.94,80684.23,4122475537.21,28678
2023-12-14,51093.94,51093.94,47947.68,49619.58,60531.54,3003549710.79,28498
2023-12-15,49619.58,49619.58,46994.65,47680.41,127825.17,6094756769.97,34109
2023-12-16,47680.41,47680.41,42634.45,44839.98,93672.22,4200260856.79,33474
2023-12-17,44839.98,47435.06,44839.98,46700.75,41330.99,1930188228.81,26896
2023-12-18,46700.75,50834.12,46700.75,48209.14,96974.57,4675060530.42,25568
2023-12-19,48209.14,49216.02,45498.84,48830.41,93455.47,4563468608.48,39914
2023-12-20,48830.41,53058.9,48830.41,52424.54,254456.23,13339751808.01,42516
2023-12-21,52424.54,54584.72,52424.54,54504.52,54942.69,2994625048.11,27155
2023-12-22,54504.52,54504.52,50931.53,51630.89,60621.41,3129937426.88,25627
2023-12-23,51630.89,59916.19,51630.89,59665.73,179772.75,10726272254.77,32042
2023-12-24,59665.73,62769.47,56607.69,60059.41,82840.83,4975371911.21,29045
2023-12-25,60059.41,66612.52,60059.41,62915.86,54970.27,3458501996.86,32173
2023-12-26,62915.86,64320.02,62657.04,63358.11,66831.01,4234286487.03,38871
2023-12-27,63358.11,64216.16,62631.12,64068.31,79220.4,5075516681.0,32756
2023-12-28,64068.31,64068.31,58784.15,60192.88,122386.26,7366782337.79,31588
2023-12-29,60192.88,60192.88,56404.75,59015.74,64173.51,3787247148.73,26396
2023-12-30,59015.74,61995.79,59015.74,60725.87,67025.95,4070209024.63,25417
2023-12-31,60725.87,61897.34,58856.35,60717.88,78104.47,4742338199.62,28825
2024-01-01,42263.12,42355.15,41143.54,42000.0,86280.26,3623770934.61,42476
2024-01-02,42000.0,42000.0,40243.91,41022.64,150244.97,6163445007.0,38598
2024-01-03,41022.64,42462.61,40810.04,40892.05,96187.33,3933297168.71,46793
2024-01-04,40892.05,43081.77,40892.05,41687.73,77585.24,3234352597.5,30744
2024-01-05,41687.73,43371.33,41243.31,42889.06,101145.23,4338024346.43,27879
2024-01-06,42889.06,42889.06,40708.35,40966.14,90460.64,3705823137.71,36096
2024-01-07,40966.14,45991.77,40966.14,45436.07,100492.16,4565969044.43,28171
2024-01-08,45436.07,45436.07,41874.85,44076.03,83406.07,3676208597.98,48587
2024-01-09,44076.03,44435.74,44002.25,44005.78,43383.56,1909127451.09,33691
2024-01-10,44005.78,44005.78,40415.33,42392.18,50030.15,2120887297.84,27673
2024-01-11,42392.18,42392.18,40944.1,41198.41,37597.2,1548944765.05,28911
2024-01-12,41198.41,43478.45,40750.75,41363.36,107409.82,4442830763.87,41095
2024-01-13,41363.36,45843.7,41363.36,44758.47,117697.32,5267952305.85,40362
2024-01-14,44758.47,44758.47,42506.29,43162.68,60792.14,2623951596.56,40139
2024-01-15,43162.68,43162.68,38536.39,39917.67,81296.74,3245176687.65,29494
2024-01-16,39917.67,42463.08,39917.67,41352.18,90808.61,3755133602.2,29937
2024-01-17,41352.18,41352.18,38514.75,39017.11,135379.27,5282107277.82,46856
2024-01-18,39017.11,41156.28,39017.11,39483.37,64891.13,2562120175.42,38064
2024-01-19,39483.37,41876.56,39483.37,40994.89,105023.76,4305437516.73,32159
2024-01-20,40994.89,44390.26,40994.89,43354.22,135602.25,5878930198.49,35051
2024-01-21,43354.22,47275.12,43354.22,46084.33,61299.41,2824942544.4,34304
2024-01-22,46084.33,49228.78,44875.69,48820.82,132627.94,6475004900.71,35952
2024-01-23,48820.82,53616.61,47508.94,50167.28,54521.94,2735217563.5,43782
2024-01-24,50167.28,50167.28,48807.76,48981.39,125045.14,6124885146.54,39192
2024-01-25,48981.39,49099.94,46029.59,46239.78,66817.65,3089633363.92,31970
2024-01-26,46239.78,47404.01,45349.87,46791.27,66958.84,3133089281.03,33052
2024-01-27,46791.27,47513.42,46209.9,47135.5,51537.57,2429249237.42,29273
2024-01-28,47135.5,50067.01,47135.5,49880.15,77601.15,3870757195.73,29270
2024-01-29,49880.15,50011.13,48158.27,49050.16,56166.81,2754991065.52,31057
2024-01-30,49050.16,51856.29,47874.09,50497.07,54746.49,2764537032.75,25058
2024-01-31,50497.07,50497.07,44867.23,46492.33,69276.16,3220810037.55,26945
2024-02-01,46492.33,47214.29,46414.73,46878.14,62517.45,2930701773.82,28299
2024-02-02,46878.14,50058.28,46597.22,47315.55,149637.19,7080165592.4,26326
2024-02-03,47315.55,47315.55,45155.33,46465.26,146238.54,6795012264.34,30765
2024-02-04,46465.26,46465.26,36879.3,38628.41,204738.29,7908714053.12,36178
2024-02-05,38628.41,43615.14,38628.41,42321.8,149633.74,6332768397.51,34243
2024-02-06,42321.8,42321.8,39196.94,40563.6,103066.35,4180742006.61,36253
2024-02-07,40563.6,40563.6,38791.11,39011.07,124087.66,4840792801.16,27888
2024-02-08,39011.07,43175.52,39011.07,42291.17,143531.75,6070125458.43,31128
2024-02-09,42291.17,42291.17,37513.36,37690.61,159886.71,6026228113.15,25829
2024-02-10,37690.61,41756.65,37690.61,39326.68,125436.13,4932986406.88,31943
2024-02-11,39326.68,43635.13,39229.7,40836.74,179567.35,7332944170.4,49926
2024-02-12,40836.74,40836.74,37776.46,39419.34,133468.11,5261225166.88,25291
2024-02-13,39419.34,40267.36,38715.35,39144.13,50325.87,1969962235.6,29128
2024-02-14,39144.13,39144.13,37234.62,37358.43,74861.75,2796717066.81,26689
2024-02-15,37358.43,38653.9,37358.43,37844.5,83484.18,3159416566.47,36199
2024-02-16,37844.5,38589.06,36744.0,37862.12,112410.11,4256085606.95,42309
2024-02-17,37862.12,37862.12,33362.98,34801.81,125095.03,4353532972.36,25027
2024-02-18,34801.81,34801.81,31089.85,32921.46,94169.01,3100181577.28,32516
2024-02-19,32921.46,32921.46,27521.86,28599.99,256935.39,7348349259.28,28220
2024-02-20,28599.99,30943.97,28599.99,30832.94,113253.08,3491925384.22,28382
2024-02-21,30832.94,30832.94,29048.01,30141.93,174037.13,5245815836.81,33521
2024-02-22,30141.93,31864.44,30141.93,31031.45,125697.54,3900576808.78,38727
2024-02-23,31031.45,31031.45,28546.97,29864.54,56188.66,1678048608.68,38124
2024-02-24,29864.54,34031.88,29864.54,32465.77,88305.06,2866891740.47,26342
2024-02-25,32465.77,32465.77,29653.13,30246.32,81995.7,2480067964.45,31068
2024-02-26,30246.32,33086.51,30246.32,32417.18,73549.41,2384264614.75,31516
2024-02-27,32417.18,34077.28,31268.93,32941.68,101114.02,3330865663.27,44439
2024-02-28,32941.68,34509.83,32941.68,34436.12,58071.45,1999755364.33,30790
2024-02-29,34436.12,37414.41,34436.12,37156.67,69211.65,2571674518.18,25202
2024-03-01,37156.67,38781.72,37156.67,38034.76,55433.56,2108401992.54,31173
2024-03-02,38034.76,43844.33,38034.76,41973.57,232278.04,9749537728.72,48104
2024-03-03,41973.57,45641.36,41973.57,45246.44,138523.76,6267706348.46,26581
2024-03-04,45246.44,49934.41,45246.44,47219.0,110289.2,5207745591.25,36757
2024-03-05,47219.0,51321.49,47219.0,50422.33,74825.81,3772891101.32,26372
2024-03-06,50422.33,52393.78,50422.33,50987.69,100169.6,5107416138.21,40010
2024-03-07,50987.69,50987.69,49069.35,49323.72,131906.91,6506139253.81,32176
2024-03-08,49323.72,49323.72,35381.28,35463.04,258022.91,9150275596.97,28696
2024-03-09,35463.04,35989.44,34755.76,35981.22,91586.44,3295391541.97,36340
2024-03-10,35981.22,35981.22,35448.27,35740.05,73520.39,2627622096.12,29803
2024-03-11,71789.37,72242.65,71454.02,72000.0,77894.39,5608395893.46,38473
2024-03-12,72000.0,72000.0,67698.82,70715.99,131172.77,9276012326.03,29765
2024-03-13,70715.99,71763.05,68849.81,71635.56,45808.53,3281519569.0,28301
2024-03-14,71635.56,71635.56,67709.54,68764.42,55253.37,3799465975.04,27681
2024-03-15,68764.42,74559.85,68764.42,71536.22,76191.85,5450476771.5,31440
2024-03-16,71536.22,77723.13,68798.54,71479.43,56312.79,4025206010.9,34863
2024-03-17,71479.43,73040.34,70901.6,72208.17,94056.69,6791661592.32,28062
2024-03-18,72208.17,74028.79,71074.53,73122.1,84165.13,6154331442.52,36822
2024-03-19,73122.1,83133.35,73122.1,80226.9,78134.16,6268461485.33,27943
2024-03-20,80226.9,87738.82,80226.9,87463.86,115926.69,10139395960.59,41874
2024-03-21,87463.86,87463.86,78124.08,78333.99,172503.68,13512901410.45,38466
2024-03-22,78333.99,81772.7,77074.95,78501.52,84457.7,6630057620.97,34463
2024-03-23,78501.52,79014.53,74256.17,76568.83,68118.97,5215789860.76,27177
2024-03-24,76568.83,76568.83,63354.61,65046.1,75072.16,4883151575.66,26576
2024-03-25,65046.1,65046.1,57443.99,59901.2,152273.49,9121363899.26,32841
2024-03-26,59901.2,63441.87,59901.2,62765.1,129293.37,8115111072.66,39461
2024-03-27,62765.1,65060.14,62765.1,63704.45,62594.32,3987536508.6,29610
2024-03-28,63704.45,76488.34,63704.45,71483.24,79346.51,5671945232.19,28143
2024-03-29,71483.24,71483.24,67269.42,69009.35,152212.71,10504100527.27,43099
2024-03-30,69009.35,79167.82,69009.35,73995.25,139609.05,10330407030.44,37619
2024-03-31,73995.25,75334.19,72493.28,73586.98,53063.69,3904796841.79,30100
2024-04-01,73586.98,73586.98,70295.31,70393.31,72161.31,5079672908.14,26417
2024-04-02,70393.31,70393.31,66405.51,69054.92,70075.87,4839083635.89,26821
2024-04-03,69054.92,72646.01,69054.92,69643.45,80990.29,5640443650.63,33976
2024-04-04,69643.45,72948.41,67662.56,67932.97,95723.11,6502755572.78,35786
2024-04-05,67932.97,67932.97,62029.22,63977.02,100881.71,6454111298.1,42184
2024-04-06,63977.02,63977.02,60183.78,61094.89,121198.97,7404637694.39,35774
2024-04-07,61094.89,63213.5,59475.75,63001.11,148741.01,9370848244.94,31304
2024-04-08,63001.11,63001.11,58502.28,59785.89,91394.88,5464123988.92,26363
2024-04-09,59785.89,59785.89,49505.07,50671.56,147802.04,7489359982.18,29655
2024-04-10,50671.56,50671.56,47822.76,49089.71,47671.29,2340169948.08,27622
2024-04-11,49089.71,49089.71,45710.12,46667.29,186131.89,8686271111.6,47149
2024-04-12,46667.29,47639.62,46593.09,47431.88,86695.13,4112113032.51,34026
2024-04-13,47431.88,47431.88,32147.83,32801.08,303385.68,9951379079.11,38729
2024-04-14,32801.08,33818.63,32801.08,33743.89,99879.49,3370322296.18,37178
2024-04-15,33743.89,36314.73,33743.89,35261.93,90647.9,3196419833.76,26658
2024-04-16,35261.93,36490.49,34733.64,35813.41,82807.67,2965625030.95,26876
2024-04-17,35813.41,36455.18,33129.81,35093.71,135902.32,4769316874.74,34724
2024-04-18,35093.71,36934.32,35093.71,35788.67,42819.35,1532447687.59,26929
2024-04-19,35788.67,35788.67,31769.75,32565.37,110071.99,3584534786.9,31197
2024-04-20,63229.13,65381.12,62058.37,64000.0,49864.29,3191314677.57,27084
2024-04-21,64000.0,64000.0,58161.43,62019.85,115960.86,7191875481.08,25726
2024-04-22,62019.85,65781.86,62019.85,65174.43,86782.68,5656011317.82,29095
2024-04-23,65174.43,66426.8,65174.43,65816.58,75355.11,4959616157.22,30737
2024-04-24,65816.58,65816.58,58582.75,61048.02,143152.84,8739197365.79,29714
2024-04-25,61048.02,62888.61,58486.89,60566.25,157629.53,9547029976.48,42599
2024-04-26,60566.25,63628.53,59512.18,62544.56,132256.17,8271903703.95,42731
2024-04-27,62544.56,68756.41,62544.56,67734.31,94134.68,6376148124.36,26820
2024-04-28,67734.31,73224.12,67734.31,72000.38,57298.01,4125478787.57,26131
2024-04-29,72000.38,72000.38,67831.19,71185.22,95433.53,6793457026.46,44203
2024-04-30,71185.22,71185.22,68200.82,69152.45,82747.14,5722167513.31,32466
2024-05-01,69152.45,69152.45,64288.4,66077.61,237438.91,15689394619.82,44497
2024-05-02,66077.61,66077.61,61840.19,63744.52,71073.63,4530555006.47,30300
2024-05-03,63744.52,63744.52,61009.65,61860.09,97818.38,6051054199.72,36616
2024-05-04,61860.09,69699.19,61860.09,66949.3,94394.45,6319642313.45,30999
2024-05-05,66949.3,69128.24,66949.3,68218.37,67675.5,4616712855.33,36030
2024-05-06,68218.37,70302.12,67431.26,69875.55,53226.41,3719224854.35,29543
2024-05-07,69875.55,76149.09,69875.55,73272.53,125424.89,9190198876.99,34468
2024-05-08,73272.53,73272.53,66942.34,68964.97,97640.41,6733767993.26,33875
2024-05-09,68964.97,71264.72,68964.97,69664.71,68580.18,4777618173.46,26291
2024-05-10,69664.71,70077.19,67395.7,68886.28,97921.18,6745425448.5,37018
2024-05-11,68886.28,72592.39,68886.28,72460.22,122555.64,8880408451.46,30401
2024-05-12,72460.22,77256.96,72460.22,74909.48,160656.1,12034665194.16,36298
2024-05-13,74909.48,77093.75,74909.48,75986.21,39677.12,3014914258.47,25193
2024-05-14,75986.21,75986.21,70754.56,73835.65,50129.91,3701374763.0,26673
2024-05-15,73835.65,75664.52,73835.65,75318.19,108151.62,8145784391.23,28258
2024-05-16,75318.19,76463.48,72543.72,76317.43,85246.71,6505809899.5,29463
2024-05-17,76317.43,78474.16,75230.97,76653.27,75632.97,5797514203.81,25172
2024-05-18,76653.27,78943.57,75210.01,78173.72,70802.39,5534886122.27,28979
2024-05-19,78173.72,85804.89,78173.72,84537.8,161373.51,13642161103.94,33710
2024-05-20,84537.8,86907.79,84537.8,86853.08,117791.13,10230522608.61,30964
2024-05-21,86853.08,86853.08,80729.86,85534.45,62989.34,5387758457.21,29599
2024-05-22,85534.45,85534.45,80606.4,82798.31,114215.51,9456851209.23,25885
2024-05-23,82798.31,82798.31,70807.88,71705.61,162732.13,11668806690.95,43132
2024-05-24,71705.61,71705.61,66377.97,69058.57,132675.4,9162373075.48,29605
2024-05-25,69058.57,72722.95,69047.59,70502.82,73368.86,5172711129.46,36269
2024-05-26,70502.82,70502.82,66507.32,68007.79,105904.78,7202349507.3,32260
2024-05-27,68007.79,71016.99,68007.79,69476.4,65260.21,4534044285.82,28947
2024-05-28,69476.4,69476.4,64624.26,66765.4,179389.93,11977040955.9,39493
2024-05-29,66765.4,66765.4,63774.0,64174.93,95393.63,6121880014.65,26771
2024-05-30,64174.93,67137.08,64174.93,65292.58,100953.94,6591543337.42,35746
2024-05-31,65292.58,65374.98,60846.03,63535.23,70352.6,4469868827.71,29192
2024-06-01,63535.23,63587.93,59620.18,62787.87,74856.13,4700056735.88,29098
2024-06-02,62787.87,67225.16,62787.87,66948.31,197695.57,13235384728.05,32086
2024-06-03,66948.31,66948.31,62745.43,64246.45,61392.05,3944221392.62,25096
2024-06-04,64246.45,65704.78,64246.45,65512.95,56525.76,3703169396.43,29695
2024-06-05,65512.95,65512.95,61832.34,62026.91,72886.66,4520934547.59,31520
2024-06-06,62026.91,62655.72,58935.07,62067.62,57872.87,3592031867.23,27605
2024-06-07,62067.62,64764.36,61778.49,61795.98,63687.03,3935602129.82,28011
2024-06-08,61795.98,62765.92,61200.44,61563.29,63401.83,3903225103.38,25293
2024-06-09,61563.29,63509.77,61563.29,62366.16,113277.87,7064705523.97,42910
2024-06-10,62366.16,69678.25,62366.16,69246.07,92467.55,6403014709.32,28513
2024-06-11,69246.07,71022.53,67734.91,68955.93,139995.73,9653536048.59,42964
2024-06-12,68955.93,73212.05,68955.93,70853.71,61862.34,4383176733.35,36270
2024-06-13,70853.71,71870.0,68571.35,69884.93,67077.14,4687681656.3,27154
2024-06-14,69884.93,69884.93,64598.1,67326.0,66794.67,4497017814.41,28229
2024-06-15,67326.0,67326.0,63246.36,64591.73,128558.72,8303830424.67,34955
2024-06-16,64591.73,70515.2,64591.73,70003.41,96314.83,6742366997.09,27303
2024-06-17,70003.41,74272.49,70003.41,72579.56,113126.89,8210700207.18,29731
2024-06-18,72579.56,72579.56,70375.02,70652.41,71276.66,5035867380.56,37400
2024-06-19,70652.41,70652.41,64704.99,65932.85,131016.96,8638321900.67,27291
2024-06-20,65932.85,69661.74,65932.85,69427.48,118362.36,8217600754.3,32807
2024-06-21,69427.48,71163.59,68801.95,69267.52,63455.93,4395434782.08,30894
2024-06-22,69267.52,72978.61,69267.52,71145.3,105352.18,7495312249.29,28084
2024-06-23,71145.3,71145.3,68810.65,69264.89,68750.98,4762029348.45,26457
2024-06-24,69264.89,69264.89,68242.77,68504.47,80804.85,5535493021.95,28725
2024-06-25,68504.47,68504.47,65932.57,66633.26,50763.38,3382529741.59,26006
2024-06-26,66633.26,69164.39,65817.73,67087.24,102933.11,6905497422.05,29180
2024-06-27,67087.24,72064.89,67087.24,69670.16,80066.46,5578243184.62,29497
2024-06-28,69670.16,71699.62,69670.16,71244.22,203403.21,14491302653.76,47417
2024-06-29,71244.22,74061.44,71244.22,73478.61,62605.96,4600198910.17,34254
2024-06-30,73478.61,81762.74,73478.61,79916.4,141048.22,11272065407.01,39340
2024-07-01,79916.4,83502.58,79916.4,82037.14,43204.1,3544341254.34,25575
2024-07-02,82037.14,82037.14,78703.97,79934.78,73161.19,5848123433.2,32469
2024-07-03,79934.78,79934.78,77134.48,77691.25,75144.22,5838047875.13,25526
2024-07-04,77691.25,82680.03,77691.25,80640.23,111410.21,8984144941.74,41039
2024-07-05,80640.23,86362.08,80640.23,83102.35,91165.26,7576047218.71,38250
2024-07-06,83102.35,92125.59,83102.35,89466.59,209887.99,18777962774.07,29639
2024-07-07,89466.59,89466.59,86147.25,86980.26,101531.91,8831272693.47,28920
2024-07-08,86980.26,89639.25,86980.26,88366.13,91874.91,8118630149.23,35710
2024-07-09,88366.13,88498.4,86127.34,87608.25,65844.92,5768558259.7,27894
2024-07-10,87608.25,87608.25,79878.53,82129.46,117871.11,9680690253.85,34355
2024-07-11,82129.46,82129.46,77859.75,79127.83,77574.78,6138324310.13,32254
2024-07-12,79127.83,79127.83,76795.62,78231.11,37206.61,2910714524.6,27491
2024-07-13,78231.11,78231.11,73859.54,74394.02,114826.97,8542439931.35,29791
2024-07-14,74394.02,74394.02,69925.32,72542.3,55479.68,4024623617.03,25284
2024-07-15,72542.3,79345.04,72542.3,77146.27,124496.6,9604448418.27,27328
2024-07-16,77146.27,81152.15,77146.27,80989.02,279856.21,22665279655.18,42292
2024-07-17,80989.02,80989.02,76745.52,79735.24,102910.79,8205616885.48,33538
2024-07-18,79735.24,79735.24,75674.16,77642.62,96973.75,7529296547.38,38740
2024-07-19,77642.62,77642.62,67219.5,68570.71,145729.85,9992799914.98,39355
2024-07-20,68570.71,68570.71,63984.84,64304.05,111774.64,7187561441.59,25124
2024-07-21,64304.05,65782.0,60926.94,64209.69,60662.26,3895105069.34,30314
2024-07-22,64209.69,64529.28,63184.03,64411.79,62020.34,3994841157.24,34091
2024-07-23,64411.79,64411.79,56189.64,58787.98,118131.19,6944693531.87,31915
2024-07-24,58787.98,62573.25,58210.62,58581.81,80980.23,4743968835.55,25216
2024-07-25,58581.81,63840.1,58381.86,60893.85,57024.38,3472433883.44,29369
2024-07-26,60893.85,63132.96,60893.85,61581.04,81068.76,4992298552.01,41618
2024-07-27,61581.04,62777.92,61581.04,62347.34,98255.84,6125990517.03,31434
2024-07-28,62347.34,64068.91,62161.36,62196.45,43797.44,2724045186.44,31099
2024-07-29,62196.45,63121.88,62196.45,63033.59,60276.64,3799453096.42,29906
2024-07-30,63033.59,68422.4,63033.59,66585.56,95793.66,6378474462.42,43768
2024-07-31,66585.56,69960.51,66376.09,67908.42,151878.18,10313807830.28,33444
2024-08-01,64883.13,66763.56,63001.6,65000.0,49260.39,3201925220.04,30297
2024-08-02,65000.0,68574.08,64786.36,65680.75,72708.75,4775565406.58,41214
2024-08-03,65680.75,70507.9,65680.75,69519.49,95934.86,6669342215.84,31517
2024-08-04,69519.49,69519.49,66899.03,67785.35,59466.85,4030980863.76,27662
2024-08-05,67785.35,67785.35,62267.39,64495.2,125771.67,8111668487.77,36329
2024-08-06,64495.2,64495.2,61085.18,63006.6,73509.7,4631596690.67,33252
2024-08-07,63006.6,67768.83,60054.72,64756.0,92460.15,5987349272.04,26495
2024-08-08,64756.0,64756.0,60977.34,62453.09,116028.11,7246314059.0,43575
2024-08-09,62453.09,69346.69,62453.09,67684.5,171759.77,11625474231.24,47267
2024-08-10,67684.5,67684.5,64775.44,64831.05,92731.79,6011899429.98,27841
2024-08-11,64831.05,66214.65,62712.91,65261.68,114668.14,7483436265.84,25888
2024-08-12,65261.68,65261.68,62132.63,62260.14,180624.01,11245675077.15,44417
2024-08-13,62260.14,62260.14,58103.16,58391.32,64827.67,3785373564.4,25021
2024-08-14,58391.32,60922.11,58391.32,60813.64,59064.98,3591956360.87,26127
2024-08-15,60813.64,63995.38,60813.64,62064.37,104178.21,6465754843.89,42151
2024-08-16,62064.37,63557.37,61922.69,63053.57,107956.01,6807011821.38,26583
2024-08-17,63053.57,63053.57,59008.94,60009.38,112242.13,6735580095.84,32546
2024-08-18,60009.38,62708.16,60009.38,62295.51,68463.56,4264972321.73,30017
2024-08-19,62295.51,62295.51,60554.47,61475.44,64811.66,3984325507.51,26271
2024-08-20,61475.44,65472.98,61475.44,65413.43,89084.85,5827345150.03,27004
2024-08-21,65413.43,72080.86,65413.43,67561.31,95296.16,6438333727.39,31452
2024-08-22,67561.31,67561.31,64919.35,66967.1,83346.25,5581456901.11,27911
2024-08-23,66967.1,68347.08,66256.83,67801.07,46265.97,3136882253.22,28653
2024-08-24,67801.07,67801.07,64675.08,66555.47,43434.55,2890807122.54,28190
2024-08-25,66555.47,66555.47,56935.62,59241.14,148470.28,8795548173.33,25098
2024-08-26,59241.14,63963.09,59241.14,62391.74,129447.31,8076443539.72,28172
2024-08-27,62391.74,62391.74,59232.52,59535.09,72944.11,4342734276.54,27405
2024-08-28,59535.09,59535.09,55933.83,57619.5,77298.22,4453884601.17,38122
2024-08-29,57619.5,57619.5,56444.78,56639.4,60423.4,3422345261.97,25326
2024-08-30,56639.4,60126.34,56639.4,58775.4,133564.3,7850295201.0,33463
2024-08-31,58775.4,58775.4,53589.88,55239.21,86607.83,4784148581.13,29851
2024-09-01,55239.21,55239.21,51645.34,52804.47,134416.82,7097808391.69,36475
2024-09-02,52804.47,56930.72,52804.47,55652.4,61734.48,3435671874.02,26986
2024-09-03,55652.4,55652.4,54450.03,55351.39,82316.91,4556355572.29,26345
2024-09-04,55351.39,58743.21,55351.39,57155.84,102253.41,5844379542.89,37483
2024-09-05,57155.84,62590.24,57155.84,61487.96,80436.75,4945891552.26,30511
2024-09-06,61487.96,63190.64,59910.92,60717.23,70846.67,4301614011.77,42440
2024-09-07,60717.23,66591.12,60717.23,64666.19,90164.81,5830615391.4,38356
2024-09-08,64666.19,67918.74,64666.19,67893.02,68766.05,4668735005.34,38129
2024-09-09,67893.02,70126.77,67893.02,68716.09,48358.18,3322984657.52,25064
2024-09-10,68716.09,68716.09,61834.57,63397.43,99014.16,6277242927.98,28941
2024-09-11,63397.43,67016.77,63397.43,65540.56,68652.37,4499514271.7,27249
2024-09-12,65540.56,69397.84,65540.56,67367.91,207662.92,13989817771.97,45749
2024-09-13,67367.91,69457.62,65375.8,67912.42,64996.01,4414035772.15,25380
2024-09-14,67912.42,67912.42,63085.96,63401.56,127997.44,8115237655.42,31504
2024-09-15,63401.56,63723.33,61998.87,62549.37,41914.74,2621740685.03,29803
2024-09-16,62549.37,62549.37,56147.02,57624.67,161238.48,9291313822.72,41159
2024-09-17,57624.67,58838.65,55460.61,57766.18,42338.94,2445758622.49,35416
2024-09-18,57766.18,59497.27,57766.18,59012.89,63154.66,3726939527.03,25694
2024-09-19,59012.89,59012.89,54278.77,57518.23,32290.0,1857263564.73,25146
2024-09-20,57518.23,57518.23,55169.02,55908.96,93367.43,5220075779.06,46570
2024-09-21,55908.96,55908.96,53496.52,55047.33,69020.49,3799393483.91,26966
2024-09-22,55047.33,55047.33,53372.37,53495.67,102427.83,5479445474.92,32541
2024-09-23,53495.67,53495.67,49846.0,51639.65,139066.42,7181341604.1,39203
2024-09-24,51639.65,51639.65,47285.57,47972.83,139950.56,6713824828.82,43619
2024-09-25,47972.83,47972.83,45887.79,46565.02,126292.43,5880809899.98,28293
2024-09-26,46565.02,46565.02,43569.24,43905.32,72213.46,3170554868.91,30402
2024-09-27,43905.32,46723.62,43905.32,46024.95,72724.41,3347137138.46,29876
2024-09-28,46024.95,51143.25,46024.95,48630.86,99030.29,4815928083.25,26466
2024-09-29,48630.86,50313.73,48630.86,49558.58,74739.54,3703985534.89,27407
2024-09-30,49558.58,52164.71,49558.58,51832.1,102985.05,5337931682.59,40618
2024-10-01,51832.1,51832.1,49360.13,50156.84,74657.1,3744564229.22,25332
2024-10-02,50156.84,53455.92,50156.84,51219.82,87002.71,4456263221.39,32746
2024-10-03,51219.82,53898.39,51219.82,52247.74,50244.26,2625149278.14,35084
2024-10-04,52247.74,53243.87,52181.58,52847.61,53051.72,2803656573.94,34803
2024-10-05,52847.61,52847.61,50128.08,51975.18,80907.17,4205165246.69,29086
2024-10-06,51975.18,52081.12,50370.37,51953.45,46780.56,2430411526.89,32348
2024-10-07,51953.45,52491.79,51953.45,52464.55,54263.77,2846924196.04,33930
2024-10-08,52464.55,53429.18,51874.17,52930.31,22032.84,1166205188.56,30111
2024-10-09,52930.31,53606.42,50312.08,50981.28,63804.83,3252852198.51,32673
2024-10-10,50981.28,54353.51,50981.28,53710.77,129262.64,6942796283.65,43920
2024-10-11,53710.77,56192.86,52409.07,53854.95,102632.28,5527256081.22,25803
2024-10-12,53854.95,56356.56,53854.95,55507.99,69685.08,3868079127.36,30066
2024-10-13,55507.99,56020.4,53782.11,54300.03,96563.83,5243418998.99,44591
2024-10-14,54300.03,56599.64,54300.03,55301.56,93609.35,5176742934.56,27590
2024-10-15,55301.56,56535.17,55249.4,55599.59,38399.1,2134974223.13,25029
2024-10-16,55599.59,56639.92,53605.41,53751.19,84991.21,4568378897.84,32946
2024-10-17,53751.19,54455.11,53164.57,53760.57,85822.26,4613853323.81,25833
2024-10-18,53760.57,54706.65,51902.74,53111.84,49582.65,2633425728.46,32577
2024-10-19,53111.84,53519.68,52201.21,52674.82,77949.34,4105967440.77,31064
2024-10-20,52674.82,55295.77,51265.05,54698.16,94443.97,5165910986.02,25761
2024-10-21,54698.16,55077.85,53435.14,54458.77,80091.38,4361678345.65,34393
2024-10-22,54458.77,58704.08,54458.77,56398.76,86357.84,4870475353.34,29872
2024-10-23,56398.76,58895.86,56398.76,57663.91,76009.52,4383006300.57,37857
2024-10-24,57663.91,59524.34,57490.31,57917.03,63322.88,3667473116.86,25771
2024-10-25,57917.03,60331.68,57917.03,60292.02,73247.94,4416266252.31,25749
2024-10-26,60292.02,63001.52,60292.02,62542.06,103112.21,6448850071.29,29035
2024-10-27,62542.06,63115.13,59509.86,62821.92,47126.75,2960592853.56,26607
2024-10-28,62821.92,67481.03,62666.27,63291.45,89602.22,5671054628.5,34901
2024-10-29,63291.45,66911.22,63291.45,65918.18,113823.42,7503033123.62,36020
2024-10-30,65918.18,69755.92,65918.18,67572.81,89841.76,6070860053.09,32256
2024-10-31,67572.81,71729.21,67572.81,71156.31,71110.29,5059946149.93,27872
2024-11-01,70111.92,71694.19,65981.0,70000.0,49108.57,3437599601.11,25935
2024-11-02,70000.0,72562.27,67066.56,69614.21,111354.36,7751845438.25,25626
2024-11-03,69614.21,73095.49,69614.21,72010.01,90668.05,6529007176.41,28286
2024-11-04,72010.01,78568.59,71799.74,75478.56,85448.34,6449517515.33,25962
2024-11-05,75478.56,78204.13,75478.56,78058.81,111120.28,8673917554.0,38951
2024-11-06,78058.81,80072.36,75740.58,78240.99,112097.71,8770635265.71,38897
2024-11-07,78240.99,79612.17,77568.54,78527.71,79207.59,6219990551.56,35400
2024-11-08,78527.71,81973.59,77596.84,79055.07,50704.99,4008486900.55,42520
2024-11-09,79055.07,84484.68,79055.07,84094.76,72508.94,6097622373.52,31088
2024-11-10,84094.76,93436.09,84094.76,89787.07,194720.75,17483405492.63,37321
2024-11-11,89787.07,89787.07,82152.7,82698.72,127766.82,10566153377.3,25804
2024-11-12,82698.72,90275.89,82698.72,86368.3,83866.1,7243372278.51,32331
2024-11-13,86368.3,94403.29,86368.3,92477.36,91646.5,8475226826.9,33148
2024-11-14,92477.36,97784.56,92477.36,93987.48,73520.9,6910044643.88,26258
2024-11-15,93987.48,93987.48,80242.18,81938.43,102391.5,8389798626.74,26447
2024-11-16,81938.43,88324.29,81938.43,83769.9,80575.54,6749804465.3,30265
2024-11-17,83769.9,85380.49,82273.6,82754.93,59724.32,4942482299.68,45290
2024-11-18,82754.93,86345.79,82754.93,84853.7,61844.6,5247743084.95,28664
2024-11-19,84853.7,97500.13,84853.7,92201.53,89958.7,8294329941.54,28968
2024-11-20,92201.53,96620.01,92201.53,95355.57,58207.58,5550417038.91,25743
2024-11-21,95355.57,104392.52,95355.57,103967.87,138411.03,14390299938.95,33664
2024-11-22,103967.87,103967.87,96188.18,100334.28,74569.48,7481874460.3,31266
2024-11-23,100334.28,113147.39,100334.28,106644.34,78873.34,8411395097.37,31590
2024-11-24,106644.34,115742.86,106644.34,111982.03,146105.69,16361211617.99,37249
2024-11-25,111982.03,114757.11,111982.03,113396.55,60513.65,6862038525.65,29305
2024-11-26,113396.55,113396.55,101303.91,103220.36,186822.3,19283865481.41,34748
2024-11-27,103220.36,108450.06,101368.05,104219.73,59337.29,6184116771.75,29354
2024-11-28,104219.73,106329.9,93709.02,101330.33,70763.71,7170510240.37,32317
2024-11-29,101330.33,101330.33,92547.02,93297.51,61776.78,5763619309.66,26559
2024-11-30,93297.51,93297.51,84952.49,91085.65,57719.44,5257412556.25,33057
2024-12-01,91085.65,94610.93,91085.65,94553.45,50579.49,4782465149.36,29924
2024-12-02,94553.45,96936.25,94553.45,96561.66,36520.83,3526511779.77,26865
2024-12-03,96561.66,97811.2,94836.83,97322.93,57567.44,5602631997.38,30719
2024-12-04,97322.93,97322.93,85299.58,85863.94,65015.05,5582448274.2,26119
2024-12-05,85863.94,88377.57,79409.2,85359.66,101402.9,8655716903.53,41555
2024-12-06,85359.66,85359.66,74801.98,78162.46,94213.12,7363929444.89,38584
2024-12-07,78162.46,80412.78,77375.49,79394.92,66066.46,5245340775.17,31319
2024-12-08,79394.92,83470.09,79394.92,82628.17,100257.01,8284053362.04,33932
2024-12-09,82628.17,91369.72,82628.17,87595.15,113387.39,9932185949.84,42469
2024-12-10,87595.15,92611.69,83245.27,86787.94,67381.13,5847869162.2,38517
2024-12-11,86787.94,93901.07,86787.94,90468.12,70933.52,6417222377.17,38549
2024-12-12,90468.12,90468.12,85796.02,90223.42,74187.86,6693482057.38,27210
2024-12-13,90223.42,90223.42,80994.42,85178.96,68715.57,5853121263.83,31013
2024-12-14,85178.96,85178.96,81917.0,83894.08,55619.84,4666175264.72,26036
2024-12-15,83894.08,85626.78,83791.6,84557.91,54988.66,4649725697.24,27677
2024-12-16,84557.91,90538.57,84296.34,90024.35,100366.38,9035418650.96,35395
2024-12-17,90024.35,90024.35,89464.86,89548.79,53984.95,4834286546.75,25799
2024-12-18,108348.7,108348.7,102826.96,106000.0,33744.12,3576876502.49,27246
2024-12-19,106000.0,108076.33,102424.76,105564.83,51829.75,5471398564.21,30298
2024-12-20,105564.83,109553.11,100711.76,103014.84,32931.84,3392468312.79,29623
2024-12-21,103014.84,103014.84,90118.64,91961.21,83811.96,7707449245.44,28419
2024-12-22,91961.21,95169.76,91961.21,94985.64,77039.38,7317634679.1,31427
2024-12-23,94985.64,94985.64,82445.83,87588.43,156010.76,13664736688.59,44711
2024-12-24,87588.43,89243.41,81517.0,84697.67,89374.67,7569826566.06,43588
2024-12-25,84697.67,96601.12,84697.67,92539.42,71801.2,6644441607.9,33419
2024-12-26,92539.42,100179.83,92539.42,100169.64,121094.86,12130029011.82,27635
2024-12-27,100169.64,105385.67,99809.62,100814.13,54574.12,5501842239.06,27656
2024-12-28,100814.13,101574.96,94599.71,99739.66,75105.52,7490998261.48,31173
2024-12-29,99739.66,102118.95,91112.52,98651.73,94510.64,9323637880.67,38594
2024-12-30,98651.73,98651.73,79298.98,80966.33,317160.71,25679338246.17,44996
2024-12-31,80966.33,80966.33,72547.05,75013.28,124200.05,9316652995.91,30904
2025-01-01,92744.53,94369.78,91082.42,93000.0,43812.26,4074540341.74,30205
2025-01-02,93000.0,94125.21,88391.86,93542.29,49759.36,4654604769.47,28520
2025-01-03,93542.29,93542.29,85343.73,88724.2,74719.42,6629421505.58,36306
2025-01-04,88724.2,88724.2,84504.97,85530.38,78335.97,6700105404.19,25775
2025-01-05,85530.38,91613.58,85530.38,89737.79,76104.7,6829467474.19,36546
2025-01-06,89737.79,90974.56,85329.98,90097.79,66597.09,6000251216.42,35472
2025-01-07,90097.79,97882.41,90097.79,97347.67,86039.8,8375773517.12,28329
2025-01-08,97347.67,103999.93,97347.67,102106.99,123665.19,12627079906.45,28265
2025-01-09,102106.99,102106.99,99608.96,100289.44,105931.77,10623837726.35,33307
2025-01-10,100289.44,100289.44,97526.5,97911.59,92645.96,9071112987.58,29271
2025-01-11,97911.59,106559.13,97911.59,106345.89,169151.56,17988574388.28,29061
2025-01-12,106345.89,107573.54,101787.42,103112.69,147324.99,15191075742.34,31966
2025-01-13,103112.69,103112.69,88282.04,89402.96,163614.03,14627579113.66,42121
2025-01-14,89402.96,92325.33,85358.4,89639.17,141964.05,12725539890.6,40255
2025-01-15,89639.17,93045.66,89639.17,92780.93,113753.25,10554132379.55,34867
2025-01-16,92780.93,92780.93,89379.56,89440.49,93220.16,8337657420.74,38755
2025-01-17,89440.49,89440.49,83330.82,85023.49,124835.57,10613955777.51,41220
2025-01-18,85023.49,86459.47,82836.31,83116.1,48852.21,4060404898.12,25051
2025-01-19,83116.1,90728.26,83116.1,86240.9,122331.6,10549986560.83,33643
2025-01-20,86240.9,87003.51,80298.17,82963.53,197100.76,16352175544.26,42574
2025-01-21,82963.53,82963.53,81058.59,81335.5,57394.81,4668235604.79,26332
2025-01-22,81335.5,83503.19,78464.91,81584.01,83617.32,6821836218.43,29773
2025-01-23,81584.01,84103.49,81584.01,82432.54,81267.06,6699050008.14,25026
2025-01-24,82432.54,83478.59,78373.7,82177.24,114829.35,9436358197.2,42426
2025-01-25,82177.24,84338.46,82177.24,82511.17,59719.85,4927554872.67,38760
2025-01-26,82511.17,82511.17,75320.47,77602.9,74260.72,5762847091.41,30792
2025-01-27,77602.9,77602.9,75002.88,75732.15,128619.96,9740665562.45,37323
2025-01-28,75732.15,84736.88,75732.15,83816.77,101791.67,8531848269.52,26250
2025-01-29,83816.77,83816.77,80161.86,81520.94,74965.06,6111222623.06,35183
2025-01-30,81520.94,81520.94,75508.95,78220.3,149375.56,11684201842.4,35716
2025-01-31,78220.3,80691.85,78220.3,79147.18,35505.6,2810168320.65,25361
2025-02-01,79147.18,85111.22,79147.18,82054.27,48760.0,4000965809.44,26807
2025-02-02,82054.27,89331.57,82054.27,86005.46,63100.33,5426972487.61,33739
2025-02-03,86005.46,86005.46,84308.59,85196.19,97875.62,8338629953.39,30836
2025-02-04,85196.19,90830.19,85196.19,89988.64,126936.58,11422849629.92,26946
2025-02-05,89988.64,89988.64,83227.5,85613.55,100476.47,8602147394.26,31282
2025-02-06,85613.55,90336.99,85613.55,90329.84,82690.13,7469385849.15,31916
2025-02-07,90329.84,91827.34,87722.16,90041.17,122807.25,11057708846.23,41149
2025-02-08,90041.17,90041.17,78184.32,81362.62,157820.54,12840692936.09,26521
2025-02-09,81362.62,84727.5,81362.62,84422.81,36711.79,3099312330.01,27814
2025-02-10,84422.81,90288.83,84422.81,88056.79,163551.18,14401791959.05,34598
2025-02-11,88056.79,91099.81,88056.79,89690.21,72285.04,6483260523.1,35077
2025-02-12,89690.21,93205.81,88286.05,89949.14,73935.89,6650469830.68,39382
2025-02-13,89949.14,89949.14,86255.09,88573.26,95746.49,8480578685.04,30115
2025-02-14,88573.26,93053.6,88488.23,89466.48,44854.59,4012982342.11,25632
2025-02-15,89466.48,91089.9,87514.55,88733.35,93636.63,8308691262.53,32634
2025-02-16,88733.35,90675.79,85811.39,88152.04,95937.84,8457116943.97,30082
2025-02-17,88152.04,89982.85,85766.29,89590.9,62027.68,5557116104.88,31849
2025-02-18,89590.9,103352.64,89590.9,100271.98,140944.32,14132766343.25,36439
2025-02-19,100271.98,100271.98,88600.8,93308.86,112922.14,10536636385.78,31595
2025-02-20,93308.86,93308.86,87683.4,89143.44,109247.09,9738662135.13,37441
2025-02-21,89143.44,89143.44,85745.2,88360.76,45042.96,3980029828.44,27310
2025-02-22,88360.76,88360.76,82079.0,86937.5,48062.6,4178441908.23,34367
2025-02-23,86937.5,88002.09,84366.65,87172.03,53891.87,4697863114.41,34408
2025-02-24,87172.03,87172.03,82840.9,83855.56,95119.46,7976295515.33,27567
2025-02-25,83855.56,87322.45,83855.56,85668.86,45886.39,3931035227.43,30063
2025-02-26,85668.86,85668.86,80300.4,81613.78,114301.43,9328571229.29,25796
2025-02-27,81613.78,81716.19,79800.14,81141.96,49703.72,4033056836.43,29858
2025-02-28,81141.96,86758.21,81141.96,84094.71,64153.72,5394988285.66,34746
2025-03-01,84094.71,89228.11,84094.71,88964.09,161545.93,14371786503.28,33514
2025-03-02,88964.09,88964.09,84235.29,87662.32,91078.68,7984168235.05,29973
2025-03-03,87662.32,93334.9,87662.32,91210.17,85610.24,7808525114.75,26470
2025-03-04,91210.17,91210.17,87961.28,88894.14,66624.96,5922567989.93,25348
2025-03-05,88894.14,95274.88,88894.14,89285.41,64570.87,5765237003.23,27506
2025-03-06,89285.41,89285.41,84797.25,85650.81,131702.87,11280457029.03,30331
2025-03-07,85650.81,87849.18,83596.61,84762.9,101138.09,8572757614.25,37199
2025-03-08,84762.9,86809.05,82923.4,84149.28,64489.86,5426775357.03,37367
2025-03-09,84149.28,87292.28,84149.28,87162.45,48005.91,4184312572.54,29621
2025-03-10,87162.45,89093.01,81832.03,84473.84,121279.55,10244948861.14,42990
2025-03-11,84473.84,84763.93,79988.68,81842.45,87684.88,7176346081.27,31843
2025-03-12,81842.45,83821.56,80992.11,83534.31,97373.78,8134050836.86,27896
2025-03-13,83534.31,87335.79,82167.6,84850.03,61134.04,5187225117.45,26381
2025-03-14,84850.03,97576.37,84850.03,95340.9,153574.14,14641897092.04,38647
2025-03-15,95340.9,103216.8,93454.97,97959.06,180673.31,17698588379.19,45866
2025-03-16,97959.06,97959.06,92066.95,94104.14,112629.29,10598882551.7,27604
2025-03-17,94104.14,94104.14,84975.22,87402.15,83564.38,7303706421.64,38193
2025-03-18,87402.15,89240.2,87402.15,89072.17,81588.84,7267294718.08,32842
2025-03-19,89072.17,89072.17,82909.05,83765.3,106118.09,8889013466.6,34948
2025-03-20,83765.3,83765.3,79606.71,80223.67,138413.19,11104014231.37,39062
2025-03-21,80223.67,80374.37,79000.84,79346.77,114946.79,9120656114.71,31284
2025-03-22,79346.77,79346.77,75012.42,75295.24,153213.31,11536233143.81,41991
2025-03-23,75295.24,77870.36,74082.24,74940.31,106234.54,7961249554.93,32271
2025-03-24,74940.31,79049.05,74115.38,74166.56,57233.9,4244841568.84,31162
2025-03-25,74166.56,74166.56,68373.8,71557.91,114174.19,8170066141.83,28899
2025-03-26,71557.91,76660.09,71557.91,75070.86,269091.6,20200937495.66,37236
2025-03-27,75070.86,75070.86,64818.36,69201.71,140157.41,9699132673.81,28423
2025-03-28,69201.71,69462.92,65139.48,66620.68,86189.45,5741999662.06,28371
2025-03-29,66620.68,69687.62,66203.57,67979.7,106043.41,7208799025.86,36046
2025-03-30,67979.7,71677.09,67979.7,70478.97,48560.43,3422489109.59,25295
2025-03-31,70478.97,70478.97,69882.06,70330.68,113904.0,8010945101.48,35626
2025-04-01,110949.91,112243.07,109320.53,110000.0,102861.42,11314755905.32,39669
2025-04-02,110000.0,110000.0,103857.89,104237.63,119648.82,12471909303.65,38469
2025-04-03,104237.63,106950.37,99543.74,105803.25,46491.0,4918898614.03,27660
2025-04-04,105803.25,113027.56,105803.25,111454.12,125051.1,13937460559.28,42085
2025-04-05,111454.12,111454.12,93209.85,97241.15,160796.27,15636014570.64,31033
2025-04-06,97241.15,99781.98,89643.9,95323.06,70918.02,6760122202.51,28566
2025-04-07,95323.06,95323.06,89439.96,92521.58,51967.35,4808101341.98,27667
2025-04-08,92521.58,92521.58,87804.28,90823.82,102148.92,9277555015.62,33946
2025-04-09,90823.82,90823.82,85958.24,86203.96,88632.71,7640489950.47,31399
2025-04-10,86203.96,86722.23,84506.44,85588.68,54897.19,4698578543.32,34792
2025-04-11,85588.68,85588.68,81503.24,82708.38,118315.08,9785649310.12,25676
2025-04-12,82708.38,82708.38,76527.25,77403.97,138123.31,10691292336.56,43407
2025-04-13,77403.97,79538.56,77403.97,78944.14,103756.96,8191004093.7,44521
2025-04-14,78944.14,83814.41,78944.14,83807.06,195557.44,16389094248.32,39270
2025-04-15,83807.06,89854.31,80140.01,83317.21,62184.73,5181058351.58,26761
2025-04-16,83317.21,90415.97,83317.21,86406.45,81495.4,7041727824.36,26015
2025-04-17,86406.45,95689.63,86406.45,89199.19,129414.16,11543637961.66,36753
2025-04-18,89199.19,100008.32,89199.19,96183.05,143041.88,13758204110.24,30695
2025-04-19,96183.05,99461.83,96183.05,99181.92,66129.4,6558841271.49,35796
2025-04-20,99181.92,103426.66,97105.07,99258.43,47204.23,4685417556.46,29099
2025-04-21,99258.43,103449.11,94714.75,97345.34,41932.63,4081946758.05,27871
2025-04-22,97345.34,101303.83,89847.51,93533.93,98044.21,9170460612.25,36525
2025-04-23,93533.93,94774.7,92483.07,93177.71,55866.46,5205509017.58,25140
2025-04-24,93177.71,100199.36,93177.71,97290.75,53741.38,5228538788.04,27793
2025-04-25,97290.75,105095.25,97290.75,103754.97,90649.8,9405367522.76,27194
2025-04-26,103754.97,103754.97,98852.27,99803.15,69371.75,6923518644.78,27201
2025-04-27,99803.15,99803.15,95846.61,96780.63,112739.29,10910979359.87,36929
2025-04-28,96780.63,105149.58,96780.63,102181.03,85025.19,8687961711.37,25252
2025-04-29,102181.03,112597.66,102181.03,110539.53,135359.13,14962533868.35,32892
2025-04-30,110539.53,110539.53,99711.05,100420.49,36280.64,3643319119.45,26980
2025-05-01,100420.49,103817.23,96569.5,99993.1,63042.18,6303783069.67,31023
2025-05-02,99993.1,103433.44,99993.1,103072.11,69028.7,7114934079.48,29066
2025-05-03,103072.11,106263.94,103008.26,105658.13,83279.69,8799176157.36,36630
2025-05-04,105658.13,105658.13,96610.81,97035.65,175928.4,17071326591.4,38350
2025-05-05,97035.65,98037.78,92069.03,96636.84,108272.61,10463123343.21,36069
2025-05-06,96636.84,97877.86,93413.59,94669.59,91250.75,8638671221.88,33765
2025-05-07,94669.59,94669.59,85233.57,88167.32,112034.49,9877780874.34,30816
2025-05-08,88167.32,93041.52,88167.32,91200.97,83607.68,7625102157.62,27417
2025-05-09,91200.97,98724.72,91200.97,97052.08,154097.33,14955466734.67,28134
2025-05-10,97052.08,99513.92,94996.93,97082.39,65610.37,6369611251.0,26155
2025-05-11,97082.39,97082.39,91901.09,95205.25,80763.43,7689102321.85,32425
2025-05-12,95205.25,96768.53,93569.18,95501.38,78234.97,7471547226.58,28046
2025-05-13,95501.38,99365.21,95501.38,99165.34,63219.58,6269191223.34,31743
2025-05-14,99165.34,99165.34,87841.23,89327.25,132471.5,11833314753.94,41767
2025-05-15,89327.25,99424.05,89327.25,95484.76,78897.03,7533464692.18,36204
2025-05-16,95484.76,95484.76,89309.7,92141.36,68813.32,6340552989.72,26957
2025-05-17,92141.36,95014.14,92141.36,93279.63,77167.38,7198144385.57,33474
2025-05-18,93279.63,93837.22,91467.62,93270.67,68462.62,6385554586.72,25715
2025-05-19,93270.67,93270.67,89515.39,90249.02,142949.09,12901014897.32,33875
2025-05-20,90249.02,101701.14,90249.02,98418.51,108697.91,10697886902.84,38159
2025-05-21,98418.51,101909.72,95844.08,101853.12,93092.1,9481721686.21,29193
2025-05-22,101853.12,107763.36,101853.12,107516.61,161136.81,17324882997.29,27439
2025-05-23,107516.61,107516.61,92043.82,94245.27,294120.31,27719448625.9,48121
2025-05-24,94245.27,107691.29,94245.27,103758.12,206821.55,21459415446.34,46066
2025-05-25,103758.12,105756.29,103608.35,104625.95,62383.5,6526932588.5,28138
2025-05-26,104625.95,104625.95,89381.01,96101.36,119026.85,11438641792.5,28795
2025-05-27,96101.36,96101.36,85466.63,85477.61,129076.68,11033166299.63,27216
2025-05-28,85477.61,85477.61,78749.92,81718.95,72562.56,5929736703.47,33183
2025-05-29,81718.95,89525.59,81718.95,88440.05,86170.36,7620910633.84,27224
2025-05-30,88440.05,90942.02,88440.05,90265.24,67330.9,6077639889.24,28723
2025-05-31,90265.24,90265.24,85942.32,87329.06,60492.3,5282735672.96,29297
2025-06-01,87329.06,88360.95,82676.27,83759.66,151569.61,12695419114.66,31971
2025-06-02,83759.66,87470.37,83759.66,86120.3,47946.78,4129191159.69,26312
2025-06-03,86120.3,88208.24,82211.88,85246.94,50117.99,4272405603.09,33984
2025-06-04,85246.94,93007.94,85246.94,91250.88,247880.19,22619284175.97,36572
2025-06-05,91250.88,91250.88,82454.91,84712.5,60251.99,5104096424.37,28114
2025-06-06,84712.5,85352.64,79816.61,82426.28,109171.02,8998561506.44,27768
2025-06-07,82426.28,87199.24,82426.28,84964.41,111107.46,9440179850.27,30935
2025-06-08,84964.41,89904.55,84964.41,85601.28,78837.7,6748608293.54,28993
2025-06-09,85601.28,85903.5,83226.58,83412.95,52647.25,4391462474.09,37354
2025-06-10,83412.95,83412.95,79832.35,80527.1,115988.47,9340214530.8,32960
2025-06-11,80527.1,80828.33,76557.36,78092.96,75692.27,5911033246.0,36668
2025-06-12,78092.96,83329.16,78092.96,82525.2,112038.3,9245983527.19,27432
2025-06-13,82525.2,82525.2,77890.09,81198.35,94282.51,7655584519.11,37173
2025-06-14,81198.35,85477.51,80802.76,83151.95,41657.16,3463873876.94,28091
2025-06-15,83151.95,90611.22,83151.95,85618.86,79757.0,6828703245.29,27092
2025-06-16,85618.86,85618.86,77125.71,79383.13,171553.19,13618430000.09,35180
2025-06-17,79383.13,79383.13,74041.71,75781.98,115084.14,8721303730.27,27516
2025-06-18,75781.98,75781.98,72781.05,73103.59,104479.09,7637796638.97,31224
2025-06-19,73103.59,73264.97,71823.14,72161.7,78678.14,5677548124.86,33486
2025-06-20,72161.7,72161.7,68884.22,69465.53,94563.54,6568906955.33,28904
2025-06-21,69465.53,70308.73,66007.89,67362.54,94800.79,6386021655.5,33236
2025-06-22,67362.54,73663.72,67362.54,68177.74,87021.72,5932944279.79,34401
2025-06-23,68177.74,68177.74,61252.16,65293.57,76747.32,5011106331.38,42048
2025-06-24,65293.57,69394.4,65293.57,68397.99,85456.15,5845028504.83,34388
2025-06-25,68397.99,73672.42,68397.99,71830.18,63115.65,4533608909.89,28222
2025-06-26,71830.18,74632.96,71830.18,72178.61,54462.73,3931043629.83,32037
2025-06-27,72178.61,81055.22,72178.61,77414.45,119065.11,9217360025.69,30527
2025-06-28,77414.45,77414.45,73501.69,75422.09,87250.56,6580619346.51,37252
2025-06-29,75422.09,84941.57,75422.09,79867.86,108230.38,8644129628.73,36155
2025-06-30,79867.86,79867.86,76092.93,76179.94,192442.76,14660277438.96,38852
2025-07-01,83633.77,85518.22,83633.77,85000.0,43607.63,3706648520.9,26777
2025-07-02,85000.0,85367.88,82815.04,83726.67,60039.07,5026871525.26,31763
2025-07-03,83726.67,83726.67,76806.47,77101.55,88554.18,6827664080.96,35387
2025-07-04,77101.55,79540.31,76402.61,77106.47,102616.14,7912367997.93,43001
2025-07-05,77106.47,80737.64,75670.02,76965.63,79453.95,6115223545.13,36090
2025-07-06,76965.63,79022.12,75384.76,75577.01,54268.08,4101419505.53,32967
2025-07-07,75577.01,75577.01,73086.57,74444.16,79933.41,5950575367.49,37856
2025-07-08,74444.16,74444.16,67582.93,70338.83,197171.5,13868812519.31,45952
2025-07-09,70338.83,74796.01,70338.83,74170.43,102249.57,7583894500.0,26781
2025-07-10,74170.43,74170.43,68533.22,69063.79,107092.67,7396225330.45,28263
2025-07-11,69063.79,69063.79,63351.43,63728.4,131960.66,8409642007.31,42692
2025-07-12,63728.4,63956.71,60810.59,63559.27,60313.14,3833458807.02,27528
2025-07-13,63559.27,63559.27,61538.41,62626.61,90710.93,5680918248.38,27790
2025-07-14,62626.61,63138.82,59710.14,61814.67,59983.82,3707880061.49,27126
2025-07-15,61814.67,63574.51,59812.61,61426.99,48868.42,3001840073.08,28508
2025-07-16,61426.99,64024.98,61426.99,62514.1,116091.21,7257337003.51,39250
2025-07-17,62514.1,63708.27,62514.1,63460.43,53722.07,3409225618.55,35445
2025-07-18,63460.43,67020.39,63460.43,65235.62,89570.92,5843214667.7,41987
2025-07-19,65235.62,65569.11,63880.37,64047.29,96950.83,6209437743.54,38744
2025-07-20,64047.29,66533.04,64047.29,65889.66,185328.66,12211241902.42,60564
2025-07-21,65889.66,67311.69,65429.38,66855.31,54786.83,3662790873.19,27909
2025-07-22,66855.31,67304.75,66011.93,66822.78,105531.02,7051876450.78,34257
2025-07-23,66822.78,70604.81,66822.78,68620.96,125274.16,8596433573.43,34592
2025-07-24,68620.96,74096.95,68620.96,72845.34,146403.23,10664792756.77,29976
2025-07-25,72845.34,74930.62,72812.35,73500.7,59083.86,4342705042.0,25601
2025-07-26,73500.7,73500.7,70332.54,70429.27,46750.8,3292624295.88,30132
2025-07-27,70429.27,70429.27,68562.33,69194.76,117122.71,8104278015.12,42068
2025-07-28,69194.76,69194.76,68123.28,68393.47,76436.47,5227755236.38,31104
2025-07-29,68393.47,73936.31,68393.47,72638.45,79432.64,5769864055.53,33942
2025-07-30,72638.45,72842.15,70835.3,71318.97,76996.47,5491308998.18,31128
2025-07-31,71318.97,71318.97,65815.26,66672.51,129397.64,8627265918.23,28331
2025-08-01,66672.51,69271.08,66355.34,67232.31,51684.22,3474849551.01,26672
2025-08-02,67232.31,67232.31,61953.07,63931.9,81202.98,5191461066.88,41675
2025-08-03,63931.9,63931.9,60216.15,60485.45,111830.83,6764138349.76,34412
2025-08-04,60485.45,67535.9,60485.45,66345.53,133916.09,8884733445.77,37696
2025-08-05,66345.53,66345.53,62583.91,62782.13,109017.75,6844367081.76,35922
2025-08-06,62782.13,65834.97,62782.13,64958.81,125783.85,8170769846.54,33127
2025-08-07,64958.81,69557.81,64958.81,69498.3,118064.94,8205312575.81,32903
2025-08-08,69498.3,69498.3,65073.63,66098.93,171904.62,11362712414.13,43828
2025-08-09,66098.93,72394.67,66098.93,69123.29,99104.26,6850412292.98,41178
2025-08-10,69123.29,71047.66,68964.29,70417.24,106046.9,7467530164.75,29396
2025-08-11,70417.24,72512.96,70417.24,71358.79,130790.97,9333086092.07,37397
2025-08-12,71358.79,71358.79,66793.86,67005.99,120415.94,8068589573.58,39806
2025-08-13,67005.99,68034.47,66633.41,67656.46,184037.04,12451294140.68,48508
2025-08-14,67656.46,72405.44,67533.14,69429.36,54144.65,3759228392.84,29587
2025-08-15,69429.36,71695.79,69429.36,71381.75,88337.82,6305708967.57,25395
2025-08-16,71381.75,73990.99,70179.73,70850.03,83290.72,5901149691.22,37120
2025-08-17,70850.03,73505.61,69098.12,72482.28,88661.32,6426374124.19,31931
2025-08-18,72482.28,76297.37,72482.28,75117.08,86213.92,6476138374.73,37520
2025-08-19,75117.08,75117.08,67267.52,69887.41,124407.39,8694510751.78,33139
2025-08-20,69887.41,72198.58,69660.59,71480.39,72186.84,5159943171.24,38689
2025-08-21,71480.39,71480.39,68910.95,69607.19,129262.92,8997628486.41,28696
2025-08-22,69607.19,71368.04,68879.43,69631.84,60061.69,4182206284.78,29304
2025-08-23,69631.84,73782.26,69631.84,71857.22,82140.56,5902391609.04,34091
2025-08-24,71857.22,71857.22,66380.31,68693.69,55316.7,3799908404.15,30285
2025-08-25,68693.69,68846.44,68130.16,68820.82,78670.89,5414195144.92,27224
2025-08-26,68820.82,72209.38,68732.7,69901.16,75029.05,5244618108.28,32642
2025-08-27,69901.16,69901.16,67036.83,68097.69,56021.19,3814913278.43,29824
2025-08-28,68097.69,68235.29,65784.31,67495.18,61705.94,4164853339.04,31582
2025-08-29,67495.18,69297.17,63181.04,65707.41,48554.69,3190402799.14,35133
2025-08-30,65707.41,72862.12,65707.41,71588.39,106473.76,7622285583.5,26864
2025-08-31,71588.39,71588.39,68987.44,69853.36,61412.62,4289877895.66,35331
2025-09-01,69853.36,69853.36,68450.9,68618.1,74743.48,5128754985.02,28102
2025-09-02,68618.1,71280.41,68618.1,70951.82,64749.59,4594101366.49,34852
2025-09-03,70951.82,70951.82,68719.82,68749.2,71677.64,4927780663.63,29851
2025-09-04,68749.2,69494.94,66231.83,68250.19,75340.21,5141983328.47,31228
2025-09-05,68250.19,68250.19,64867.04,65400.09,138929.74,9086017652.87,44062
2025-09-06,65400.09,65400.09,60747.99,62354.06,68036.09,4242326069.65,28350
2025-09-07,62354.06,62354.06,56007.04,60185.67,179550.44,10806364664.42,29047
2025-09-08,60185.67,60185.67,56061.57,57412.55,75329.85,4324879145.38,30146
2025-09-09,57412.55,59708.51,54735.96,57737.67,59233.92,3420028278.82,25897
2025-09-10,57737.67,57737.67,52020.67,52040.47,112150.61,5836370558.35,27819
2025-09-11,52040.47,52496.0,49462.96,51897.25,42931.82,2228043174.49,29794
2025-09-12,51897.25,52984.65,51140.95,52114.33,49530.21,2581234111.1,40648
2025-09-13,52114.33,53195.66,51464.98,52625.02,93146.19,4901820372.9,26381
2025-09-14,52625.02,56006.37,52625.02,55504.34,129570.81,7191741857.86,36751
2025-09-15,55504.34,59268.72,55504.34,59085.37,226038.52,13355568248.64,48836
2025-09-16,59085.37,65456.6,59085.37,62820.41,64971.6,4081542748.02,38899
2025-09-17,62820.41,64316.41,62820.41,64182.56,68482.15,4395359553.03,25287
2025-09-18,64182.56,64182.56,60631.97,62613.59,64290.53,4025460892.44,25973
2025-09-19,62613.59,62613.59,57150.71,60084.74,186405.02,11200098116.89,38374
2025-09-20,60084.74,60084.74,54518.8,56905.6,92148.16,5243745875.85,33560
2025-09-21,56905.6,58934.19,56905.6,58119.31,65557.66,3810165895.92,25413
2025-09-22,58119.31,58871.67,55876.53,58265.85,57483.23,3349309513.92,40246
2025-09-23,58265.85,61374.61,56723.17,57881.06,50906.13,2946500868.67,29441
2025-09-24,57881.06,61568.39,57881.06,59908.23,59781.49,3581403064.7,28866
2025-09-25,59908.23,60232.24,59194.33,60014.27,70859.85,4252601979.91,36565
2025-09-26,60014.27,65959.65,60014.27,65407.96,246251.34,16106798431.86,45058
2025-09-27,65407.96,65407.96,60821.4,61990.14,81656.92,5061924043.19,36306
2025-09-28,61990.14,64574.99,59935.37,62426.41,38145.28,2381272776.35,39424
2025-09-29,62426.41,62426.41,58239.91,58431.1,166761.46,9744055992.86,37810
2025-09-30,58431.1,61308.07,58431.1,60237.53,82463.57,4967402384.61,36030
2025-10-01,95873.12,96569.72,91349.1,95000.0,46395.13,4407537773.18,37012
2025-10-02,95000.0,96151.24,93940.85,95975.47,54012.23,5183849323.01,33739
2025-10-03,95975.47,95975.47,88966.5,89768.42,264378.4,23732831001.24,42655
2025-10-04,89768.42,96586.51,88264.4,93655.32,87129.08,8160102274.65,30739
2025-10-05,93655.32,95821.51,93655.32,95714.15,71688.71,6861623534.57,33159
2025-10-06,95714.15,95714.15,91437.23,93042.76,85201.57,7927389108.16,27194
2025-10-07,93042.76,102921.54,93042.76,98283.18,81209.72,7981549937.91,27297
2025-10-08,98283.18,107650.77,98283.18,105927.59,91801.11,9724269546.66,26229
2025-10-09,105927.59,108451.36,105927.59,107494.03,64997.2,6986810491.6,32653
2025-10-10,107494.03,110592.95,106702.26,107823.57,75503.33,8141038616.18,28643
2025-10-11,107823.57,107823.57,101579.24,101795.75,110729.02,11271743972.25,26439
2025-10-12,101795.75,102104.74,100225.77,101486.34,49063.65,4979289888.43,28705
2025-10-13,101486.34,101486.34,92293.56,97604.45,68830.15,6718128739.33,35617
2025-10-14,97604.45,97901.01,95375.42,97534.2,63252.94,6169325018.94,29270
2025-10-15,97534.2,104837.51,97484.2,102472.27,79966.8,8194380074.58,25150
2025-10-16,102472.27,105912.09,102472.27,105796.44,72777.62,7699613169.13,38457
2025-10-17,105796.44,118655.97,105796.44,118610.22,156199.95,18526910930.1,37614
2025-10-18,118610.22,130753.98,118610.22,125467.08,78948.49,9905436904.2,27101
2025-10-19,125467.08,129141.83,119075.7,124645.39,56138.65,6997423641.47,29346
2025-10-20,124645.39,124645.39,116362.48,118780.16,63563.54,7550087326.95,29056
2025-10-21,118780.16,118780.16,115806.64,117797.41,81697.92,9623803027.2,41469
2025-10-22,117797.41,122561.33,114367.25,119561.71,76564.6,9154194496.58,32250
2025-10-23,119561.71,129504.23,119561.71,126749.69,156267.59,19806869095.55,39634
2025-10-24,126749.69,132899.42,126749.69,132004.93,104327.6,13771758416.88,48604
2025-10-25,132004.93,132004.93,120223.79,123907.96,86381.98,10703414760.32,29250
2025-10-26,123907.96,128582.03,121907.06,125592.34,101955.18,12804789035.71,34611
2025-10-27,125592.34,132128.92,125592.34,131891.21,154269.84,20346836509.62,51646
2025-10-28,131891.21,145782.21,131891.21,140309.98,198792.6,27892584487.86,43790
2025-10-29,140309.98,150501.04,140309.98,147898.63,116542.7,17236506006.82,32750
2025-10-30,147898.63,147898.63,143450.23,144379.08,65261.28,9422363225.13,28885
2025-10-31,144379.08,146639.83,135523.74,141225.34,79121.52,11173963112.71,40232
2025-11-01,141225.34,156296.15,141225.34,153459.5,216345.3,33200240547.6,42065
2025-11-02,153459.5,153459.5,150326.25,151314.43,94120.18,14241741443.93,25562
2025-11-03,151314.43,163469.59,151314.43,162957.08,132891.98,21655689782.17,31375
2025-11-04,162957.08,162957.08,150759.4,157636.6,95504.95,15055075398.19,26607
2025-11-05,157636.6,160569.07,154479.69,157515.74,110668.31,17432000025.11,43267
2025-11-06,157515.74,157515.74,143082.46,145574.69,114449.25,16660914245.84,41961
2025-11-07,145574.69,148992.44,141981.66,145031.43,90127.32,13071294368.89,46034
2025-11-08,145031.43,145031.43,140595.65,140781.92,94585.49,13315926932.93,40709
2025-11-09,140781.92,145888.49,140781.92,145396.27,78920.26,11474712065.35,32964
2025-11-10,145396.27,151518.97,145396.27,150105.01,105861.23,15890300816.84,30933
2025-11-11,150105.01,156412.75,147352.07,153654.33,37574.24,5773445308.01,27352
2025-11-12,153654.33,153654.33,148411.28,149435.97,149585.39,22353437550.11,29861
2025-11-13,149435.97,173293.87,149435.97,172075.68,111114.63,19120125847.68,37675
2025-11-14,172075.68,173334.45,169683.28,169876.25,75210.6,12776494064.17,33987
2025-11-15,169876.25,169876.25,156408.12,163030.28,141770.67,23112911159.06,49217
2025-11-16,163030.28,166634.8,160093.28,162543.33,76514.44,12436912316.91,31800
2025-11-17,162543.33,162543.33,152916.57,158198.86,71842.19,11365352568.44,36861
2025-11-18,158198.86,171881.62,158198.86,165566.59,106712.3,17667991832.53,35308
2025-11-19,165566.59,165566.59,156298.44,157805.88,158034.42,24938760553.99,42023
2025-11-20,157805.88,161313.49,153915.43,159429.54,100447.72,16014332992.69,27818
2025-11-21,159429.54,159429.54,150076.7,151263.96,113778.97,17210658399.54,34881
2025-11-22,151263.96,164535.29,151263.96,162077.08,169061.81,27401045375.63,36712
2025-11-23,162077.08,165257.67,153592.07,159335.81,68452.57,10906946115.96,36627
2025-11-24,159335.81,171128.14,159335.81,170025.83,91925.04,15629631675.27,31372
2025-11-25,170025.83,188061.62,170025.83,181791.14,83172.77,15120072127.12,30940
2025-11-26,181791.14,181791.14,176354.17,176816.53,108921.88,19259189777.86,28696
2025-11-27,176816.53,181438.89,175003.94,180112.84,83932.63,15117345413.93,37304
2025-11-28,180112.84,184325.65,178368.55,182582.79,134270.16,24515420736.54,38924
2025-11-29,182582.79,182582.79,172864.58,176654.53,114382.91,20206260074.77,43134
2025-11-30,176654.53,191284.62,176654.53,186769.45,220416.48,41167063707.43,39801
2025-12-01,186769.45,189105.38,184977.0,185539.02,42388.14,7864653759.81,29664
2025-12-02,185539.02,185539.02,165126.22,173110.85,131177.54,22708255116.11,36243
2025-12-03,173110.85,178303.26,173110.85,177014.43,59709.1,10569371729.56,29542
2025-12-04,177014.43,177014.43,158896.99,162753.45,202113.72,32894706070.95,46510
2025-12-05,162753.45,173667.35,160141.0,162607.31,45639.41,7421301860.18,25474
2025-12-06,162607.31,166667.35,162607.31,165031.74,30315.92,5003089156.3,26989
2025-12-07,165031.74,180453.01,165031.74,168400.41,48360.64,8143952089.18,26991
2025-12-08,168400.41,170648.77,163561.94,166043.51,101976.72,16932572375.1,29183
2025-12-09,166043.51,174399.9,165974.28,169433.32,69890.89,11841846531.86,30902
2025-12-10,169433.32,169433.32,150508.6,152314.18,126400.62,19252606051.55,37561
2025-12-11,152314.18,152314.18,139147.73,141412.62,151288.77,21394141453.16,31107
2025-12-12,141412.62,145455.38,141412.62,145348.83,73793.34,10725775080.14,32196
2025-12-13,145348.83,150571.74,145348.83,148816.73,72530.58,10793763835.58,30864
2025-12-14,148816.73,156311.93,148816.73,153055.63,98259.05,15039100795.28,29442
2025-12-15,153055.63,158327.31,153055.63,153445.33,89683.27,13761478539.1,41607
2025-12-16,153445.33,156577.66,145053.97,152916.36,55358.7,8465250498.73,31286
2025-12-17,152916.36,156314.26,152314.64,152976.48,62218.1,9517906701.35,34409
2025-12-18,152976.48,159080.15,152976.48,153118.1,74434.29,11397237015.29,26630
2025-12-19,153118.1,168964.03,153118.1,163663.48,112757.91,18454352576.56,46075
2025-12-20,163663.48,177942.02,163663.48,171341.07,135415.98,23202317828.07,36712
2025-12-21,171341.07,173458.99,158221.41,165757.0,150350.75,24921690287.69,43845
2025-12-22,165757.0,165757.0,150347.54,154453.61,110863.61,17123284530.4,31333
2025-12-23,154453.61,154607.48,147675.62,150686.06,121118.64,18250890945.25,39635
2025-12-24,150686.06,157948.31,150686.06,154948.97,63410.06,9825323668.8,27534
2025-12-25,154948.97,156098.25,146014.76,152158.5,83992.88,12780229946.94,33649
2025-12-26,152158.5,176769.84,152158.5,171659.76,100925.4,17324829070.86,32268
2025-12-27,171659.76,171659.76,162598.81,163053.61,89898.61,14658293030.45,30466
2025-12-28,163053.61,173780.87,163053.61,168257.31,66007.13,11106181509.01,30583
2025-12-29,168257.31,168257.31,160885.68,165695.31,79954.28,13248049884.7,25872
2025-12-30,165695.31,174271.03,165695.31,168882.8,95927.88,16200568981.66,33326
2025-12-31,168882.8,170863.35,166371.39,169756.96,101170.38,17174375762.47,37262
2026-01-01,118540.11,123096.17,118540.11,120000.0,106830.49,12819659242.72,33041
2026-01-02,120000.0,120000.0,106995.33,113686.53,120221.96,13667618148.81,30443
2026-01-03,113686.53,119852.56,113686.53,117916.03,60159.18,7093731887.88,27440
2026-01-04,117916.03,117916.03,108075.02,112070.1,49834.97,5585009966.06,26147
2026-01-05,112070.1,112070.1,104436.83,108422.96,58522.97,6345233949.03,27068
2026-01-06,108422.96,112000.43,107483.56,111028.32,47517.16,5275749964.23,40894
2026-01-07,111028.32,111028.32,105208.06,106169.04,51880.53,5508106488.15,29603
2026-01-08,106169.04,113962.86,106169.04,110654.18,82358.6,9113324017.51,25848
2026-01-09,110654.18,110654.18,104145.61,105208.89,81739.53,8599725567.37,26936
2026-01-10,105208.89,105662.53,96846.55,103576.18,48229.31,4995407947.31,40443
2026-01-11,103576.18,103576.18,95280.29,95930.68,44904.17,4307687504.49,31726
2026-01-12,95930.68,102229.04,95930.68,102142.82,93412.73,9541440052.24,34945
2026-01-13,102142.82,105339.4,102142.82,104392.98,51803.57,5407929056.91,28926
2026-01-14,104392.98,104392.98,95773.18,97029.4,104020.63,10093058518.8,26316
2026-01-15,97029.4,103642.83,97029.4,102979.53,64638.03,6656393563.13,33782
2026-01-16,102979.53,108239.35,102979.53,105500.5,51367.39,5419286065.31,25226
2026-01-17,105500.5,106318.19,97482.93,103448.68,65815.97,6808575876.01,26861
2026-01-18,103448.68,103833.33,95710.51,101220.7,82442.93,8344931075.29,25284
2026-01-19,101220.7,109014.49,101220.7,106931.26,82505.27,8822391978.01,26858
2026-01-20,106931.26,111428.41,101823.19,108431.95,48059.88,5211226773.45,29786
2026-01-21,108431.95,108676.2,105459.64,108371.39,58569.37,6347243928.33,25174
2026-01-22,108371.39,112477.15,104791.66,109574.51,93157.7,10207709283.14,30617
2026-01-23,109574.51,110611.5,106732.18,109406.39,59107.3,6466715997.48,33730
2026-01-24,109406.39,113889.22,104380.15,109380.41,78802.72,8619473356.32,36470
2026-01-25,109380.41,112006.9,108280.08,110568.16,86947.04,9613573704.78,27848
2026-01-26,110568.16,112611.42,110036.03,111095.84,56707.93,6300014969.56,30148
2026-01-27,111095.84,111095.84,99758.03,104026.07,190273.97,19793453353.67,45771
2026-01-28,104026.07,113841.78,104026.07,108705.02,63125.31,6862038317.2,31370
2026-01-29,108705.02,118277.55,108705.02,115836.06,79580.39,9218279246.47,34991
2026-01-30,115836.06,115836.06,99341.01,102995.06,155491.79,16014886129.77,35614
2026-01-31,102995.06,106262.38,101914.99,103227.49,78046.81,8056575933.13,39901
2026-02-01,103227.49,109213.8,102397.27,108788.21,162228.8,17648580050.27,36876
2026-02-02,108788.21,115938.63,108788.21,112273.21,108921.4,12228955003.03,37917
2026-02-03,112273.21,115431.28,109765.94,113430.18,111655.77,12665134522.31,36328
2026-02-04,113430.18,122774.07,113430.18,122610.27,129204.7,15841822775.85,26913
2026-02-05,122610.27,128357.22,122610.27,124472.72,43798.79,5451754424.5,28153
2026-02-06,124472.72,127248.23,120673.92,123543.25,50018.94,6179502069.32,32852
2026-02-07,123543.25,123543.25,117289.75,118427.68,114190.63,13523331508.34,32813
2026-02-08,118427.68,133187.96,118427.68,130849.85,67834.03,8876073102.68,27741
2026-02-09,130849.85,138170.42,130849.85,134157.61,127006.12,17038838687.52,38681
2026-02-10,134157.61,149758.17,134157.61,142637.43,93613.06,13352726930.22,30347
2026-02-11,142637.43,142637.43,132545.5,135242.75,131262.65,17752321352.15,43414
2026-02-12,135242.75,150717.24,135242.75,145015.19,136487.61,19792776756.07,46157
2026-02-13,145015.19,149256.14,144404.91,148386.55,74818.42,11102046622.7,27802
2026-02-14,148386.55,164657.36,148386.55,162876.88,176294.93,28714368646.19,34600
2026-02-15,162876.88,177546.0,162876.88,168508.3,140244.56,23632371842.93,39036
2026-02-16,168508.3,171588.95,163617.47,169777.25,87502.63,14855955266.43,30792
2026-02-17,169777.25,171779.82,165911.22,169536.99,65307.64,11072061499.22,47850
2026-02-18,169536.99,171020.62,163416.44,164516.66,91691.28,15084742943.69,43622
2026-02-19,164516.66,168985.99,163552.65,164368.98,61125.06,10047064608.01,28707
2026-02-20,164368.98,170567.55,163408.83,170212.46,90953.77,15481465334.81,29245
2026-02-21,170212.46,189667.03,170212.46,183151.81,190216.36,34838468918.28,37618
2026-02-22,183151.81,192187.7,183151.81,191406.08,75550.7,14460862464.65,31333
2026-02-23,191406.08,191406.08,179006.65,184373.32,113927.15,21005127846.76,32838
2026-02-24,184373.32,184373.32,171579.71,172258.05,127484.31,21960198145.73,26753
2026-02-25,172258.05,177461.61,172258.05,175483.09,64373.13,11296395521.25,33040
2026-02-26,175483.09,175483.09,157961.74,161817.8,78295.47,12669599848.06,32978
2026-02-27,161817.8,162324.72,161200.13,161842.21,75645.37,12242613487.24,43107
2026-02-28,161842.21,161842.21,150161.57,152105.4,106129.77,16142910363.32,27043
2026-03-01,152105.4,159121.95,152105.4,158600.97,103714.24,16449177873.87,27516
2026-03-02,158600.97,158974.24,153525.39,155784.03,67555.17,10524017267.22,31688
2026-03-03,155784.03,160658.88,151307.56,153929.75,67869.86,10447191262.46,36310
2026-03-04,153929.75,153929.75,139567.85,143415.52,162530.99,23309465015.11,32253
2026-03-05,143415.52,154426.73,143415.52,151611.07,94714.79,14359810525.99,37553
2026-03-06,151611.07,157735.39,151611.07,153579.76,84090.89,12914658436.31,35886
2026-03-07,153579.76,156824.61,153579.76,155860.05,114389.14,17828697724.31,38969
2026-03-08,155860.05,155860.05,138368.94,146775.62,156226.98,22930312249.43,29433
2026-03-09,146775.62,147535.1,132035.26,134794.37,74864.4,10091299520.97,26593
2026-03-10,134794.37,134794.37,123309.72,129799.43,80317.11,10425115071.6,32752
2026-03-11,129799.43,130998.5,126791.36,127342.69,71436.62,9096931149.82,33731
2026-03-12,127342.69,127342.69,112517.36,122457.92,139831.75,17123505972.76,35786
2026-03-13,122457.92,140476.99,122457.92,134455.75,75496.62,10150953917.46,25746
2026-03-14,134455.75,149354.54,134455.75,142353.16,164467.51,23412469805.56,30335
2026-03-15,142353.16,142570.63,131897.92,142552.45,63754.82,9088405272.2,26446
2026-03-16,142552.45,143658.52,132570.29,137750.21,77162.09,10629094249.63,30107
2026-03-17,137750.21,137750.21,127576.9,130739.25,57381.76,7502048663.0,26521
2026-03-18,130739.25,137800.01,130433.58,130631.05,100157.08,13083624986.64,37622
2026-03-19,130631.05,133112.16,126005.43,132785.46,40221.8,5340869880.05,30690
2026-03-20,132785.46,138732.6,125417.68,129941.63,66572.9,8650590448.45,33166
2026-03-21,129941.63,134898.45,126634.5,133045.81,102972.21,13700020808.66,36000
2026-03-22,133045.81,133045.81,126410.66,129717.36,88399.67,11466972463.14,38542
2026-03-23,129717.36,129717.36,115496.89,123050.15,120811.8,14865909567.63,30227
2026-03-24,123050.15,131233.25,123050.15,126006.0,80010.43,10081794001.14,37498
2026-03-25,126006.0,126006.0,114601.84,115540.81,146273.74,16900586517.74,31220
2026-03-26,115540.81,115540.81,106346.69,107925.5,96989.79,10467670947.13,31745
2026-03-27,107925.5,107925.5,103003.33,103153.88,96077.89,9910807290.57,29634
2026-03-28,103153.88,103153.88,97685.12,100199.44,57547.18,5766194867.71,27223
2026-03-29,100199.44,108452.16,100199.44,103779.51,72654.96,7540095385.67,25123
2026-03-30,103779.51,103779.51,95331.93,96707.12,133051.01,12866979611.52,38743
2026-03-31,96707.12,96707.12,94825.98,95576.68,42103.9,4024150848.3,39737
2026-04-01,95576.68,100536.45,94934.2,97214.38,25462.73,2475343408.47,29567
2026-04-02,97214.38,102315.72,95464.42,98449.79,64415.78,6341719434.66,30076
2026-04-03,98449.79,103223.73,98449.79,101969.75,117663.57,11998125515.48,33928
2026-04-04,101969.75,101969.75,99670.49,100921.93,63218.74,6380157140.45,35907
2026-04-05,100921.93,100921.93,95453.91,97881.71,71900.92,7037785224.65,32237
2026-04-06,97881.71,107406.9,97881.71,104512.81,110983.0,11599145279.12,35773
2026-04-07,104512.81,106425.5,96667.46,101181.92,100888.15,10208056391.41,42634
2026-04-08,101181.92,101181.92,96757.75,97324.97,86419.74,8410798719.39,31970
